# script: /drop/kc_php.sh
# started: 2026-08-19T19:10:08+00:00
# timeout: 3600s
# work free before: 2281 MB
------------------------------------------------------------
=== layer-3 CONSTRUCTS -- php ===
2026-08-19T19:10:08Z
free /work: 2282 MB

CONSTRUCTS php: 19 holders, 91 values, 11 constructs, 33680 probes
PHP Warning:  Attempt to read property "f" on null in /work/kc_php/drv.php(171) : eval()'d code on line 2
PHP Warning:  Attempt to read property "f" on false in /work/kc_php/drv.php(171) : eval()'d code on line 2
PHP Warning:  Attempt to read property "f" on true in /work/kc_php/drv.php(171) : eval()'d code on line 2
PHP Warning:  Attempt to read property "f" on int in /work/kc_php/drv.php(171) : eval()'d code on line 2
PHP Warning:  Attempt to read property "f" on int in /work/kc_php/drv.php(171) : eval()'d code on line 2
PHP Warning:  Attempt to read property "f" on int in /work/kc_php/drv.php(171) : eval()'d code on line 2
PHP Warning:  Attempt to read property "f" on float in /work/kc_php/drv.php(171) : eval()'d code on line 2
PHP Warning:  Attempt to read property "f" on int in /work/kc_php/drv.php(171) : eval()'d code on line 2
PHP Warning:  Attempt to read property "f" on float in /work/kc_php/drv.php(171) : eval()'d code on line 2
PHP Warning:  Attempt to read property "f" on string in /work/kc_php/drv.php(171) : eval()'d code on line 2
PHP Warning:  Attempt to read property "f" on string in /work/kc_php/drv.php(171) : eval()'d code on line 2
PHP Warning:  Attempt to read property "f" on string in /work/kc_php/drv.php(171) : eval()'d code on line 2
PHP Warning:  Attempt to read property "f" on string in /work/kc_php/drv.php(171) : eval()'d code on line 2
PHP Warning:  Attempt to read property "f" on string in /work/kc_php/drv.php(171) : eval()'d code on line 2
PHP Warning:  Attempt to read property "f" on string in /work/kc_php/drv.php(171) : eval()'d code on line 2
PHP Warning:  Attempt to read property "f" on float in /work/kc_php/drv.php(171) : eval()'d code on line 2
PHP Warning:  Attempt to read property "f" on float in /work/kc_php/drv.php(171) : eval()'d code on line 2
PHP Warning:  Attempt to read property "f" on float in /work/kc_php/drv.php(171) : eval()'d code on line 2
PHP Warning:  Attempt to read property "f" on float in /work/kc_php/drv.php(171) : eval()'d code on line 2
PHP Warning:  Attempt to read property "f" on float in /work/kc_php/drv.php(171) : eval()'d code on line 2
PHP Warning:  Attempt to read property "f" on float in /work/kc_php/drv.php(171) : eval()'d code on line 2
PHP Warning:  Attempt to read property "f" on string in /work/kc_php/drv.php(171) : eval()'d code on line 2
PHP Warning:  Attempt to read property "f" on string in /work/kc_php/drv.php(171) : eval()'d code on line 2
PHP Warning:  Attempt to read property "f" on string in /work/kc_php/drv.php(171) : eval()'d code on line 2
PHP Warning:  Attempt to read property "f" on string in /work/kc_php/drv.php(171) : eval()'d code on line 2
PHP Warning:  Attempt to read property "f" on string in /work/kc_php/drv.php(171) : eval()'d code on line 2
PHP Warning:  Attempt to read property "f" on string in /work/kc_php/drv.php(171) : eval()'d code on line 2
PHP Warning:  Attempt to read property "f" on array in /work/kc_php/drv.php(171) : eval()'d code on line 2
PHP Warning:  Attempt to read property "f" on array in /work/kc_php/drv.php(171) : eval()'d code on line 2
PHP Warning:  Attempt to read property "f" on array in /work/kc_php/drv.php(171) : eval()'d code on line 2
PHP Warning:  Attempt to read property "f" on array in /work/kc_php/drv.php(171) : eval()'d code on line 2
PHP Warning:  Attempt to read property "f" on array in /work/kc_php/drv.php(171) : eval()'d code on line 2
PHP Warning:  Attempt to read property "f" on array in /work/kc_php/drv.php(171) : eval()'d code on line 2
PHP Warning:  Attempt to read property "f" on array in /work/kc_php/drv.php(171) : eval()'d code on line 2
PHP Warning:  Attempt to read property "f" on array in /work/kc_php/drv.php(171) : eval()'d code on line 2
PHP Warning:  Attempt to read property "f" on array in /work/kc_php/drv.php(171) : eval()'d code on line 2
PHP Warning:  Attempt to read property "f" on array in /work/kc_php/drv.php(171) : eval()'d code on line 2
PHP Warning:  Attempt to read property "f" on array in /work/kc_php/drv.php(171) : eval()'d code on line 2
PHP Warning:  Undefined property: SplFixedArray::$f in /work/kc_php/drv.php(171) : eval()'d code on line 2
PHP Warning:  Undefined property: SplFixedArray::$f in /work/kc_php/drv.php(171) : eval()'d code on line 2
PHP Warning:  Undefined property: SplFixedArray::$f in /work/kc_php/drv.php(171) : eval()'d code on line 2
PHP Warning:  Undefined property: SplFixedArray::$f in /work/kc_php/drv.php(171) : eval()'d code on line 2
PHP Warning:  Undefined property: SplFixedArray::$f in /work/kc_php/drv.php(171) : eval()'d code on line 2
PHP Warning:  Undefined property: ArrayObject::$f in /work/kc_php/drv.php(171) : eval()'d code on line 2
PHP Warning:  Undefined property: ArrayObject::$f in /work/kc_php/drv.php(171) : eval()'d code on line 2
PHP Warning:  Undefined property: ArrayObject::$f in /work/kc_php/drv.php(171) : eval()'d code on line 2
PHP Warning:  Undefined property: ArrayObject::$f in /work/kc_php/drv.php(171) : eval()'d code on line 2
PHP Warning:  Undefined property: ArrayObject::$f in /work/kc_php/drv.php(171) : eval()'d code on line 2
PHP Warning:  Undefined property: SplDoublyLinkedList::$f in /work/kc_php/drv.php(171) : eval()'d code on line 5
PHP Warning:  Undefined property: SplDoublyLinkedList::$f in /work/kc_php/drv.php(171) : eval()'d code on line 3
PHP Warning:  Undefined property: SplDoublyLinkedList::$f in /work/kc_php/drv.php(171) : eval()'d code on line 2
PHP Warning:  Undefined property: SplDoublyLinkedList::$f in /work/kc_php/drv.php(171) : eval()'d code on line 7
PHP Warning:  Undefined property: SplDoublyLinkedList::$f in /work/kc_php/drv.php(171) : eval()'d code on line 4
PHP Warning:  Attempt to read property "f" on array in /work/kc_php/drv.php(171) : eval()'d code on line 2
PHP Warning:  Attempt to read property "f" on array in /work/kc_php/drv.php(171) : eval()'d code on line 2
PHP Warning:  Attempt to read property "f" on array in /work/kc_php/drv.php(171) : eval()'d code on line 2
PHP Warning:  Attempt to read property "f" on array in /work/kc_php/drv.php(171) : eval()'d code on line 2
PHP Warning:  Attempt to read property "f" on array in /work/kc_php/drv.php(171) : eval()'d code on line 2
PHP Warning:  Undefined property: stdClass::$f in /work/kc_php/drv.php(171) : eval()'d code on line 2
PHP Warning:  Undefined property: stdClass::$f in /work/kc_php/drv.php(171) : eval()'d code on line 3
PHP Warning:  Undefined property: stdClass::$f in /work/kc_php/drv.php(171) : eval()'d code on line 5
PHP Warning:  Undefined property: stdClass::$f in /work/kc_php/drv.php(171) : eval()'d code on line 4
PHP Warning:  Undefined property: stdClass::$f in /work/kc_php/drv.php(171) : eval()'d code on line 3
PHP Warning:  Undefined property: ArrayObject::$f in /work/kc_php/drv.php(171) : eval()'d code on line 2
PHP Warning:  Undefined property: ArrayObject::$f in /work/kc_php/drv.php(171) : eval()'d code on line 2
PHP Warning:  Undefined property: ArrayObject::$f in /work/kc_php/drv.php(171) : eval()'d code on line 2
PHP Warning:  Undefined property: ArrayObject::$f in /work/kc_php/drv.php(171) : eval()'d code on line 2
PHP Warning:  Undefined property: ArrayObject::$f in /work/kc_php/drv.php(171) : eval()'d code on line 2
PHP Warning:  Undefined property: R0_80::$f in /work/kc_php/drv.php(171) : eval()'d code on line 3
PHP Warning:  Undefined property: RE_81::$f in /work/kc_php/drv.php(171) : eval()'d code on line 4
PHP Warning:  Undefined property: R3_82::$f in /work/kc_php/drv.php(171) : eval()'d code on line 6
PHP Warning:  Undefined property: RI_83::$f in /work/kc_php/drv.php(171) : eval()'d code on line 5
PHP Warning:  Undefined property: RN_84::$f in /work/kc_php/drv.php(171) : eval()'d code on line 4
PHP Warning:  Attempt to read property "f" on array in /work/kc_php/drv.php(171) : eval()'d code on line 2
PHP Warning:  Attempt to read property "f" on array in /work/kc_php/drv.php(171) : eval()'d code on line 2
PHP Warning:  Attempt to read property "f" on array in /work/kc_php/drv.php(171) : eval()'d code on line 2
PHP Warning:  Undefined property: ArrayObject::$f in /work/kc_php/drv.php(171) : eval()'d code on line 2
PHP Warning:  Undefined property: ArrayObject::$f in /work/kc_php/drv.php(171) : eval()'d code on line 2
PHP Warning:  Undefined property: ArrayObject::$f in /work/kc_php/drv.php(171) : eval()'d code on line 2
PHP Warning:  Trying to access array offset on null in /work/kc_php/drv.php(171) : eval()'d code on line 3
PHP Warning:  Trying to access array offset on null in /work/kc_php/drv.php(171) : eval()'d code on line 3
PHP Warning:  Trying to access array offset on null in /work/kc_php/drv.php(171) : eval()'d code on line 3
PHP Warning:  Trying to access array offset on null in /work/kc_php/drv.php(171) : eval()'d code on line 3
PHP Warning:  Trying to access array offset on null in /work/kc_php/drv.php(171) : eval()'d code on line 3
PHP Warning:  Trying to access array offset on null in /work/kc_php/drv.php(171) : eval()'d code on line 3
PHP Warning:  Trying to access array offset on null in /work/kc_php/drv.php(171) : eval()'d code on line 3
PHP Warning:  Trying to access array offset on null in /work/kc_php/drv.php(171) : eval()'d code on line 3
PHP Warning:  Trying to access array offset on null in /work/kc_php/drv.php(171) : eval()'d code on line 3
PHP Warning:  Trying to access array offset on null in /work/kc_php/drv.php(171) : eval()'d code on line 3
PHP Warning:  Trying to access array offset on null in /work/kc_php/drv.php(171) : eval()'d code on line 3
PHP Warning:  Trying to access array offset on null in /work/kc_php/drv.php(171) : eval()'d code on line 3
PHP Warning:  Trying to access array offset on null in /work/kc_php/drv.php(171) : eval()'d code on line 3
PHP Warning:  Trying to access array offset on null in /work/kc_php/drv.php(171) : eval()'d code on line 3
PHP Warning:  Trying to access array offset on null in /work/kc_php/drv.php(171) : eval()'d code on line 3
PHP Warning:  Trying to access array offset on null in /work/kc_php/drv.php(171) : eval()'d code on line 3
PHP Warning:  Trying to access array offset on null in /work/kc_php/drv.php(171) : eval()'d code on line 3
PHP Warning:  Trying to access array offset on null in /work/kc_php/drv.php(171) : eval()'d code on line 3
PHP Warning:  Trying to access array offset on null in /work/kc_php/drv.php(171) : eval()'d code on line 3
PHP Warning:  Trying to access array offset on null in /work/kc_php/drv.php(171) : eval()'d code on line 3
PHP Warning:  Trying to access array offset on null in /work/kc_php/drv.php(171) : eval()'d code on line 3
PHP Warning:  Trying to access array offset on null in /work/kc_php/drv.php(171) : eval()'d code on line 3
PHP Warning:  Trying to access array offset on null in /work/kc_php/drv.php(171) : eval()'d code on line 3
PHP Warning:  Trying to access array offset on null in /work/kc_php/drv.php(171) : eval()'d code on line 3
PHP Warning:  Trying to access array offset on null in /work/kc_php/drv.php(171) : eval()'d code on line 3
PHP Warning:  Trying to access array offset on null in /work/kc_php/drv.php(171) : eval()'d code on line 3
PHP Warning:  Trying to access array offset on null in /work/kc_php/drv.php(171) : eval()'d code on line 3
PHP Warning:  Trying to access array offset on null in /work/kc_php/drv.php(171) : eval()'d code on line 3
PHP Warning:  Trying to access array offset on null in /work/kc_php/drv.php(171) : eval()'d code on line 3
PHP Warning:  Trying to access array offset on null in /work/kc_php/drv.php(171) : eval()'d code on line 3
PHP Warning:  Trying to access array offset on null in /work/kc_php/drv.php(171) : eval()'d code on line 3
PHP Warning:  Trying to access array offset on null in /work/kc_php/drv.php(171) : eval()'d code on line 3
PHP Warning:  Trying to access array offset on null in /work/kc_php/drv.php(171) : eval()'d code on line 3
PHP Warning:  Trying to access array offset on null in /work/kc_php/drv.php(171) : eval()'d code on line 3
PHP Warning:  Trying to access array offset on null in /work/kc_php/drv.php(171) : eval()'d code on line 3
PHP Warning:  Trying to access array offset on null in /work/kc_php/drv.php(171) : eval()'d code on line 3
PHP Warning:  Trying to access array offset on null in /work/kc_php/drv.php(171) : eval()'d code on line 3
PHP Warning:  Trying to access array offset on null in /work/kc_php/drv.php(171) : eval()'d code on line 3
PHP Warning:  Trying to access array offset on null in /work/kc_php/drv.php(171) : eval()'d code on line 3
PHP Warning:  Trying to access array offset on null in /work/kc_php/drv.php(171) : eval()'d code on line 3
PHP Warning:  Trying to access array offset on null in /work/kc_php/drv.php(171) : eval()'d code on line 3
PHP Warning:  Trying to access array offset on null in /work/kc_php/drv.php(171) : eval()'d code on line 3
PHP Warning:  Trying to access array offset on null in /work/kc_php/drv.php(171) : eval()'d code on line 3
PHP Warning:  Trying to access array offset on null in /work/kc_php/drv.php(171) : eval()'d code on line 3
PHP Warning:  Trying to access array offset on null in /work/kc_php/drv.php(171) : eval()'d code on line 3
PHP Warning:  Trying to access array offset on null in /work/kc_php/drv.php(171) : eval()'d code on line 3
PHP Warning:  Trying to access array offset on null in /work/kc_php/drv.php(171) : eval()'d code on line 3
PHP Warning:  Trying to access array offset on null in /work/kc_php/drv.php(171) : eval()'d code on line 3
PHP Warning:  Trying to access array offset on null in /work/kc_php/drv.php(171) : eval()'d code on line 6
PHP Warning:  Trying to access array offset on null in /work/kc_php/drv.php(171) : eval()'d code on line 4
PHP Warning:  Trying to access array offset on null in /work/kc_php/drv.php(171) : eval()'d code on line 3
PHP Warning:  Trying to access array offset on null in /work/kc_php/drv.php(171) : eval()'d code on line 8
PHP Warning:  Trying to access array offset on null in /work/kc_php/drv.php(171) : eval()'d code on line 5
PHP Warning:  Trying to access array offset on null in /work/kc_php/drv.php(171) : eval()'d code on line 3
PHP Warning:  Trying to access array offset on null in /work/kc_php/drv.php(171) : eval()'d code on line 3
PHP Warning:  Trying to access array offset on null in /work/kc_php/drv.php(171) : eval()'d code on line 3
PHP Warning:  Trying to access array offset on null in /work/kc_php/drv.php(171) : eval()'d code on line 3
PHP Warning:  Trying to access array offset on null in /work/kc_php/drv.php(171) : eval()'d code on line 3
PHP Warning:  Trying to access array offset on null in /work/kc_php/drv.php(171) : eval()'d code on line 3
PHP Warning:  Trying to access array offset on null in /work/kc_php/drv.php(171) : eval()'d code on line 4
PHP Warning:  Trying to access array offset on null in /work/kc_php/drv.php(171) : eval()'d code on line 6
PHP Warning:  Trying to access array offset on null in /work/kc_php/drv.php(171) : eval()'d code on line 5
PHP Warning:  Trying to access array offset on null in /work/kc_php/drv.php(171) : eval()'d code on line 4
PHP Warning:  Trying to access array offset on null in /work/kc_php/drv.php(171) : eval()'d code on line 3
PHP Warning:  Trying to access array offset on null in /work/kc_php/drv.php(171) : eval()'d code on line 3
PHP Warning:  Trying to access array offset on null in /work/kc_php/drv.php(171) : eval()'d code on line 3
PHP Warning:  Trying to access array offset on null in /work/kc_php/drv.php(171) : eval()'d code on line 3
PHP Warning:  Trying to access array offset on null in /work/kc_php/drv.php(171) : eval()'d code on line 3
PHP Warning:  Trying to access array offset on null in /work/kc_php/drv.php(171) : eval()'d code on line 4
PHP Warning:  Trying to access array offset on null in /work/kc_php/drv.php(171) : eval()'d code on line 5
PHP Warning:  Trying to access array offset on null in /work/kc_php/drv.php(171) : eval()'d code on line 7
PHP Warning:  Trying to access array offset on null in /work/kc_php/drv.php(171) : eval()'d code on line 6
PHP Warning:  Trying to access array offset on null in /work/kc_php/drv.php(171) : eval()'d code on line 5
PHP Warning:  Trying to access array offset on null in /work/kc_php/drv.php(171) : eval()'d code on line 3
PHP Warning:  Trying to access array offset on null in /work/kc_php/drv.php(171) : eval()'d code on line 3
PHP Warning:  Trying to access array offset on null in /work/kc_php/drv.php(171) : eval()'d code on line 3
PHP Warning:  Trying to access array offset on null in /work/kc_php/drv.php(171) : eval()'d code on line 3
PHP Warning:  Trying to access array offset on null in /work/kc_php/drv.php(171) : eval()'d code on line 3
PHP Warning:  Trying to access array offset on null in /work/kc_php/drv.php(171) : eval()'d code on line 3
PHP Warning:  Trying to access array offset on false in /work/kc_php/drv.php(171) : eval()'d code on line 3
PHP Warning:  Trying to access array offset on true in /work/kc_php/drv.php(171) : eval()'d code on line 3
PHP Warning:  Trying to access array offset on false in /work/kc_php/drv.php(171) : eval()'d code on line 3
PHP Warning:  Trying to access array offset on false in /work/kc_php/drv.php(171) : eval()'d code on line 3
PHP Warning:  Trying to access array offset on true in /work/kc_php/drv.php(171) : eval()'d code on line 3
PHP Warning:  Trying to access array offset on true in /work/kc_php/drv.php(171) : eval()'d code on line 3
PHP Warning:  Trying to access array offset on false in /work/kc_php/drv.php(171) : eval()'d code on line 3
PHP Warning:  Trying to access array offset on false in /work/kc_php/drv.php(171) : eval()'d code on line 3
PHP Warning:  Trying to access array offset on false in /work/kc_php/drv.php(171) : eval()'d code on line 3
PHP Warning:  Trying to access array offset on false in /work/kc_php/drv.php(171) : eval()'d code on line 3
PHP Warning:  Trying to access array offset on false in /work/kc_php/drv.php(171) : eval()'d code on line 3
PHP Warning:  Trying to access array offset on false in /work/kc_php/drv.php(171) : eval()'d code on line 3
PHP Warning:  Trying to access array offset on true in /work/kc_php/drv.php(171) : eval()'d code on line 3
PHP Warning:  Trying to access array offset on true in /work/kc_php/drv.php(171) : eval()'d code on line 3
PHP Warning:  Trying to access array offset on true in /work/kc_php/drv.php(171) : eval()'d code on line 3
PHP Warning:  Trying to access array offset on true in /work/kc_php/drv.php(171) : eval()'d code on line 3
PHP Warning:  Trying to access array offset on true in /work/kc_php/drv.php(171) : eval()'d code on line 3
PHP Warning:  Trying to access array offset on true in /work/kc_php/drv.php(171) : eval()'d code on line 3
PHP Warning:  Trying to access array offset on false in /work/kc_php/drv.php(171) : eval()'d code on line 3
PHP Warning:  Trying to access array offset on false in /work/kc_php/drv.php(171) : eval()'d code on line 3
PHP Warning:  Trying to access array offset on false in /work/kc_php/drv.php(171) : eval()'d code on line 3
PHP Warning:  Trying to access array offset on false in /work/kc_php/drv.php(171) : eval()'d code on line 3
PHP Warning:  Trying to access array offset on false in /work/kc_php/drv.php(171) : eval()'d code on line 3
PHP Warning:  Trying to access array offset on false in /work/kc_php/drv.php(171) : eval()'d code on line 3
PHP Warning:  Trying to access array offset on true in /work/kc_php/drv.php(171) : eval()'d code on line 3
PHP Warning:  Trying to access array offset on true in /work/kc_php/drv.php(171) : eval()'d code on line 3
PHP Warning:  Trying to access array offset on true in /work/kc_php/drv.php(171) : eval()'d code on line 3
PHP Warning:  Trying to access array offset on true in /work/kc_php/drv.php(171) : eval()'d code on line 3
PHP Warning:  Trying to access array offset on true in /work/kc_php/drv.php(171) : eval()'d code on line 3
PHP Warning:  Trying to access array offset on true in /work/kc_php/drv.php(171) : eval()'d code on line 3
PHP Warning:  Trying to access array offset on false in /work/kc_php/drv.php(171) : eval()'d code on line 3
PHP Warning:  Trying to access array offset on false in /work/kc_php/drv.php(171) : eval()'d code on line 3
PHP Warning:  Trying to access array offset on false in /work/kc_php/drv.php(171) : eval()'d code on line 3
PHP Warning:  Trying to access array offset on false in /work/kc_php/drv.php(171) : eval()'d code on line 3
PHP Warning:  Trying to access array offset on false in /work/kc_php/drv.php(171) : eval()'d code on line 3
PHP Warning:  Trying to access array offset on false in /work/kc_php/drv.php(171) : eval()'d code on line 3
PHP Warning:  Trying to access array offset on true in /work/kc_php/drv.php(171) : eval()'d code on line 3
PHP Warning:  Trying to access array offset on true in /work/kc_php/drv.php(171) : eval()'d code on line 3
PHP Warning:  Trying to access array offset on true in /work/kc_php/drv.php(171) : eval()'d code on line 3
PHP Warning:  Trying to access array offset on true in /work/kc_php/drv.php(171) : eval()'d code on line 3
PHP Warning:  Trying to access array offset on true in /work/kc_php/drv.php(171) : eval()'d code on line 3
PHP Warning:  Trying to access array offset on true in /work/kc_php/drv.php(171) : eval()'d code on line 3
PHP Warning:  Trying to access array offset on false in /work/kc_php/drv.php(171) : eval()'d code on line 3
PHP Warning:  Trying to access array offset on false in /work/kc_php/drv.php(171) : eval()'d code on line 3
PHP Warning:  Trying to access array offset on false in /work/kc_php/drv.php(171) : eval()'d code on line 3
PHP Warning:  Trying to access array offset on false in /work/kc_php/drv.php(171) : eval()'d code on line 3
PHP Warning:  Trying to access array offset on false in /work/kc_php/drv.php(171) : eval()'d code on line 3
PHP Warning:  Trying to access array offset on false in /work/kc_php/drv.php(171) : eval()'d code on line 3
PHP Warning:  Trying to access array offset on true in /work/kc_php/drv.php(171) : eval()'d code on line 3
PHP Warning:  Trying to access array offset on true in /work/kc_php/drv.php(171) : eval()'d code on line 3
PHP Warning:  Trying to access array offset on true in /work/kc_php/drv.php(171) : eval()'d code on line 3
PHP Warning:  Trying to access array offset on true in /work/kc_php/drv.php(171) : eval()'d code on line 3
PHP Warning:  Trying to access array offset on true in /work/kc_php/drv.php(171) : eval()'d code on line 3
PHP Warning:  Trying to access array offset on true in /work/kc_php/drv.php(171) : eval()'d code on line 3
PHP Warning:  Trying to access array offset on false in /work/kc_php/drv.php(171) : eval()'d code on line 3
PHP Warning:  Trying to access array offset on false in /work/kc_php/drv.php(171) : eval()'d code on line 3
PHP Warning:  Trying to access array offset on false in /work/kc_php/drv.php(171) : eval()'d code on line 3
PHP Warning:  Trying to access array offset on false in /work/kc_php/drv.php(171) : eval()'d code on line 3
PHP Warning:  Trying to access array offset on false in /work/kc_php/drv.php(171) : eval()'d code on line 3
PHP Warning:  Trying to access array offset on false in /work/kc_php/drv.php(171) : eval()'d code on line 3
PHP Warning:  Trying to access array offset on true in /work/kc_php/drv.php(171) : eval()'d code on line 3
PHP Warning:  Trying to access array offset on true in /work/kc_php/drv.php(171) : eval()'d code on line 3
PHP Warning:  Trying to access array offset on true in /work/kc_php/drv.php(171) : eval()'d code on line 3
PHP Warning:  Trying to access array offset on true in /work/kc_php/drv.php(171) : eval()'d code on line 3
PHP Warning:  Trying to access array offset on true in /work/kc_php/drv.php(171) : eval()'d code on line 3
PHP Warning:  Trying to access array offset on true in /work/kc_php/drv.php(171) : eval()'d code on line 3
PHP Warning:  Trying to access array offset on false in /work/kc_php/drv.php(171) : eval()'d code on line 3
PHP Warning:  Trying to access array offset on false in /work/kc_php/drv.php(171) : eval()'d code on line 3
PHP Warning:  Trying to access array offset on false in /work/kc_php/drv.php(171) : eval()'d code on line 3
PHP Warning:  Trying to access array offset on false in /work/kc_php/drv.php(171) : eval()'d code on line 3
PHP Warning:  Trying to access array offset on false in /work/kc_php/drv.php(171) : eval()'d code on line 3
PHP Warning:  Trying to access array offset on true in /work/kc_php/drv.php(171) : eval()'d code on line 3
PHP Warning:  Trying to access array offset on true in /work/kc_php/drv.php(171) : eval()'d code on line 3
PHP Warning:  Trying to access array offset on true in /work/kc_php/drv.php(171) : eval()'d code on line 3
PHP Warning:  Trying to access array offset on true in /work/kc_php/drv.php(171) : eval()'d code on line 3
PHP Warning:  Trying to access array offset on true in /work/kc_php/drv.php(171) : eval()'d code on line 3
PHP Warning:  Trying to access array offset on false in /work/kc_php/drv.php(171) : eval()'d code on line 3
PHP Warning:  Trying to access array offset on false in /work/kc_php/drv.php(171) : eval()'d code on line 3
PHP Warning:  Trying to access array offset on false in /work/kc_php/drv.php(171) : eval()'d code on line 3
PHP Warning:  Trying to access array offset on false in /work/kc_php/drv.php(171) : eval()'d code on line 3
PHP Warning:  Trying to access array offset on false in /work/kc_php/drv.php(171) : eval()'d code on line 3
PHP Warning:  Trying to access array offset on true in /work/kc_php/drv.php(171) : eval()'d code on line 3
PHP Warning:  Trying to access array offset on true in /work/kc_php/drv.php(171) : eval()'d code on line 3
PHP Warning:  Trying to access array offset on true in /work/kc_php/drv.php(171) : eval()'d code on line 3
PHP Warning:  Trying to access array offset on true in /work/kc_php/drv.php(171) : eval()'d code on line 3
PHP Warning:  Trying to access array offset on true in /work/kc_php/drv.php(171) : eval()'d code on line 3
PHP Warning:  Trying to access array offset on false in /work/kc_php/drv.php(171) : eval()'d code on line 3
PHP Warning:  Trying to access array offset on false in /work/kc_php/drv.php(171) : eval()'d code on line 3
PHP Warning:  Trying to access array offset on false in /work/kc_php/drv.php(171) : eval()'d code on line 3
PHP Warning:  Trying to access array offset on false in /work/kc_php/drv.php(171) : eval()'d code on line 3
PHP Warning:  Trying to access array offset on false in /work/kc_php/drv.php(171) : eval()'d code on line 3
PHP Warning:  Trying to access array offset on true in /work/kc_php/drv.php(171) : eval()'d code on line 3
PHP Warning:  Trying to access array offset on true in /work/kc_php/drv.php(171) : eval()'d code on line 3
PHP Warning:  Trying to access array offset on true in /work/kc_php/drv.php(171) : eval()'d code on line 3
PHP Warning:  Trying to access array offset on true in /work/kc_php/drv.php(171) : eval()'d code on line 3
PHP Warning:  Trying to access array offset on true in /work/kc_php/drv.php(171) : eval()'d code on line 3
PHP Warning:  Trying to access array offset on false in /work/kc_php/drv.php(171) : eval()'d code on line 6
PHP Warning:  Trying to access array offset on false in /work/kc_php/drv.php(171) : eval()'d code on line 4
PHP Warning:  Trying to access array offset on false in /work/kc_php/drv.php(171) : eval()'d code on line 3
PHP Warning:  Trying to access array offset on false in /work/kc_php/drv.php(171) : eval()'d code on line 8
PHP Warning:  Trying to access array offset on false in /work/kc_php/drv.php(171) : eval()'d code on line 5
PHP Warning:  Trying to access array offset on true in /work/kc_php/drv.php(171) : eval()'d code on line 6
PHP Warning:  Trying to access array offset on true in /work/kc_php/drv.php(171) : eval()'d code on line 4
PHP Warning:  Trying to access array offset on true in /work/kc_php/drv.php(171) : eval()'d code on line 3
PHP Warning:  Trying to access array offset on true in /work/kc_php/drv.php(171) : eval()'d code on line 8
PHP Warning:  Trying to access array offset on true in /work/kc_php/drv.php(171) : eval()'d code on line 5
PHP Warning:  Trying to access array offset on false in /work/kc_php/drv.php(171) : eval()'d code on line 3
PHP Warning:  Trying to access array offset on false in /work/kc_php/drv.php(171) : eval()'d code on line 3
PHP Warning:  Trying to access array offset on false in /work/kc_php/drv.php(171) : eval()'d code on line 3
PHP Warning:  Trying to access array offset on false in /work/kc_php/drv.php(171) : eval()'d code on line 3
PHP Warning:  Trying to access array offset on false in /work/kc_php/drv.php(171) : eval()'d code on line 3
PHP Warning:  Trying to access array offset on true in /work/kc_php/drv.php(171) : eval()'d code on line 3
PHP Warning:  Trying to access array offset on true in /work/kc_php/drv.php(171) : eval()'d code on line 3
PHP Warning:  Trying to access array offset on true in /work/kc_php/drv.php(171) : eval()'d code on line 3
PHP Warning:  Trying to access array offset on true in /work/kc_php/drv.php(171) : eval()'d code on line 3
PHP Warning:  Trying to access array offset on true in /work/kc_php/drv.php(171) : eval()'d code on line 3
PHP Warning:  Trying to access array offset on false in /work/kc_php/drv.php(171) : eval()'d code on line 3
PHP Warning:  Trying to access array offset on false in /work/kc_php/drv.php(171) : eval()'d code on line 4
PHP Warning:  Trying to access array offset on false in /work/kc_php/drv.php(171) : eval()'d code on line 6
PHP Warning:  Trying to access array offset on false in /work/kc_php/drv.php(171) : eval()'d code on line 5
PHP Warning:  Trying to access array offset on false in /work/kc_php/drv.php(171) : eval()'d code on line 4
PHP Warning:  Trying to access array offset on true in /work/kc_php/drv.php(171) : eval()'d code on line 3
PHP Warning:  Trying to access array offset on true in /work/kc_php/drv.php(171) : eval()'d code on line 4
PHP Warning:  Trying to access array offset on true in /work/kc_php/drv.php(171) : eval()'d code on line 6
PHP Warning:  Trying to access array offset on true in /work/kc_php/drv.php(171) : eval()'d code on line 5
PHP Warning:  Trying to access array offset on true in /work/kc_php/drv.php(171) : eval()'d code on line 4
PHP Warning:  Trying to access array offset on false in /work/kc_php/drv.php(171) : eval()'d code on line 3
PHP Warning:  Trying to access array offset on false in /work/kc_php/drv.php(171) : eval()'d code on line 3
PHP Warning:  Trying to access array offset on false in /work/kc_php/drv.php(171) : eval()'d code on line 3
PHP Warning:  Trying to access array offset on false in /work/kc_php/drv.php(171) : eval()'d code on line 3
PHP Warning:  Trying to access array offset on false in /work/kc_php/drv.php(171) : eval()'d code on line 3
PHP Warning:  Trying to access array offset on true in /work/kc_php/drv.php(171) : eval()'d code on line 3
PHP Warning:  Trying to access array offset on true in /work/kc_php/drv.php(171) : eval()'d code on line 3
PHP Warning:  Trying to access array offset on true in /work/kc_php/drv.php(171) : eval()'d code on line 3
PHP Warning:  Trying to access array offset on true in /work/kc_php/drv.php(171) : eval()'d code on line 3
PHP Warning:  Trying to access array offset on true in /work/kc_php/drv.php(171) : eval()'d code on line 3
PHP Warning:  Trying to access array offset on false in /work/kc_php/drv.php(171) : eval()'d code on line 4
PHP Warning:  Trying to access array offset on false in /work/kc_php/drv.php(171) : eval()'d code on line 5
PHP Warning:  Trying to access array offset on false in /work/kc_php/drv.php(171) : eval()'d code on line 7
PHP Warning:  Trying to access array offset on false in /work/kc_php/drv.php(171) : eval()'d code on line 6
PHP Warning:  Trying to access array offset on false in /work/kc_php/drv.php(171) : eval()'d code on line 5
PHP Warning:  Trying to access array offset on true in /work/kc_php/drv.php(171) : eval()'d code on line 4
PHP Warning:  Trying to access array offset on true in /work/kc_php/drv.php(171) : eval()'d code on line 5
PHP Warning:  Trying to access array offset on true in /work/kc_php/drv.php(171) : eval()'d code on line 7
PHP Warning:  Trying to access array offset on true in /work/kc_php/drv.php(171) : eval()'d code on line 6
PHP Warning:  Trying to access array offset on true in /work/kc_php/drv.php(171) : eval()'d code on line 5
PHP Warning:  Trying to access array offset on false in /work/kc_php/drv.php(171) : eval()'d code on line 3
PHP Warning:  Trying to access array offset on false in /work/kc_php/drv.php(171) : eval()'d code on line 3
PHP Warning:  Trying to access array offset on false in /work/kc_php/drv.php(171) : eval()'d code on line 3
PHP Warning:  Trying to access array offset on true in /work/kc_php/drv.php(171) : eval()'d code on line 3
PHP Warning:  Trying to access array offset on true in /work/kc_php/drv.php(171) : eval()'d code on line 3
PHP Warning:  Trying to access array offset on true in /work/kc_php/drv.php(171) : eval()'d code on line 3
PHP Warning:  Trying to access array offset on false in /work/kc_php/drv.php(171) : eval()'d code on line 3
PHP Warning:  Trying to access array offset on false in /work/kc_php/drv.php(171) : eval()'d code on line 3
PHP Warning:  Trying to access array offset on false in /work/kc_php/drv.php(171) : eval()'d code on line 3
PHP Warning:  Trying to access array offset on true in /work/kc_php/drv.php(171) : eval()'d code on line 3
PHP Warning:  Trying to access array offset on true in /work/kc_php/drv.php(171) : eval()'d code on line 3
PHP Warning:  Trying to access array offset on true in /work/kc_php/drv.php(171) : eval()'d code on line 3
PHP Warning:  Trying to access array offset on int in /work/kc_php/drv.php(171) : eval()'d code on line 3
PHP Warning:  Trying to access array offset on int in /work/kc_php/drv.php(171) : eval()'d code on line 3
PHP Warning:  Trying to access array offset on int in /work/kc_php/drv.php(171) : eval()'d code on line 3
PHP Warning:  Trying to access array offset on float in /work/kc_php/drv.php(171) : eval()'d code on line 3
PHP Warning:  Trying to access array offset on int in /work/kc_php/drv.php(171) : eval()'d code on line 3
PHP Warning:  Trying to access array offset on float in /work/kc_php/drv.php(171) : eval()'d code on line 3
PHP Warning:  Trying to access array offset on int in /work/kc_php/drv.php(171) : eval()'d code on line 3
PHP Warning:  Trying to access array offset on int in /work/kc_php/drv.php(171) : eval()'d code on line 3
PHP Warning:  Trying to access array offset on int in /work/kc_php/drv.php(171) : eval()'d code on line 3
PHP Warning:  Trying to access array offset on int in /work/kc_php/drv.php(171) : eval()'d code on line 3
PHP Warning:  Trying to access array offset on int in /work/kc_php/drv.php(171) : eval()'d code on line 3
PHP Warning:  Trying to access array offset on int in /work/kc_php/drv.php(171) : eval()'d code on line 3
PHP Warning:  Trying to access array offset on float in /work/kc_php/drv.php(171) : eval()'d code on line 3
PHP Warning:  Trying to access array offset on float in /work/kc_php/drv.php(171) : eval()'d code on line 3
PHP Warning:  Trying to access array offset on int in /work/kc_php/drv.php(171) : eval()'d code on line 3
PHP Warning:  Trying to access array offset on int in /work/kc_php/drv.php(171) : eval()'d code on line 3
PHP Warning:  Trying to access array offset on float in /work/kc_php/drv.php(171) : eval()'d code on line 3
PHP Warning:  Trying to access array offset on float in /work/kc_php/drv.php(171) : eval()'d code on line 3
PHP Warning:  Trying to access array offset on int in /work/kc_php/drv.php(171) : eval()'d code on line 3
PHP Warning:  Trying to access array offset on int in /work/kc_php/drv.php(171) : eval()'d code on line 3
PHP Warning:  Trying to access array offset on int in /work/kc_php/drv.php(171) : eval()'d code on line 3
PHP Warning:  Trying to access array offset on int in /work/kc_php/drv.php(171) : eval()'d code on line 3
PHP Warning:  Trying to access array offset on int in /work/kc_php/drv.php(171) : eval()'d code on line 3
PHP Warning:  Trying to access array offset on int in /work/kc_php/drv.php(171) : eval()'d code on line 3
PHP Warning:  Trying to access array offset on int in /work/kc_php/drv.php(171) : eval()'d code on line 3
PHP Warning:  Trying to access array offset on int in /work/kc_php/drv.php(171) : eval()'d code on line 3
PHP Warning:  Trying to access array offset on int in /work/kc_php/drv.php(171) : eval()'d code on line 3
PHP Warning:  Trying to access array offset on int in /work/kc_php/drv.php(171) : eval()'d code on line 3
PHP Warning:  Trying to access array offset on int in /work/kc_php/drv.php(171) : eval()'d code on line 3
PHP Warning:  Trying to access array offset on int in /work/kc_php/drv.php(171) : eval()'d code on line 3
PHP Warning:  Trying to access array offset on int in /work/kc_php/drv.php(171) : eval()'d code on line 3
PHP Warning:  Trying to access array offset on int in /work/kc_php/drv.php(171) : eval()'d code on line 3
PHP Warning:  Trying to access array offset on int in /work/kc_php/drv.php(171) : eval()'d code on line 3
PHP Warning:  Trying to access array offset on int in /work/kc_php/drv.php(171) : eval()'d code on line 3
PHP Warning:  Trying to access array offset on int in /work/kc_php/drv.php(171) : eval()'d code on line 3
PHP Warning:  Trying to access array offset on int in /work/kc_php/drv.php(171) : eval()'d code on line 3
PHP Warning:  Trying to access array offset on float in /work/kc_php/drv.php(171) : eval()'d code on line 3
PHP Warning:  Trying to access array offset on float in /work/kc_php/drv.php(171) : eval()'d code on line 3
PHP Warning:  Trying to access array offset on float in /work/kc_php/drv.php(171) : eval()'d code on line 3
PHP Warning:  Trying to access array offset on float in /work/kc_php/drv.php(171) : eval()'d code on line 3
PHP Warning:  Trying to access array offset on float in /work/kc_php/drv.php(171) : eval()'d code on line 3
PHP Warning:  Trying to access array offset on float in /work/kc_php/drv.php(171) : eval()'d code on line 3
PHP Warning:  Trying to access array offset on int in /work/kc_php/drv.php(171) : eval()'d code on line 3
PHP Warning:  Trying to access array offset on int in /work/kc_php/drv.php(171) : eval()'d code on line 3
PHP Warning:  Trying to access array offset on int in /work/kc_php/drv.php(171) : eval()'d code on line 3
PHP Warning:  Trying to access array offset on int in /work/kc_php/drv.php(171) : eval()'d code on line 3
PHP Warning:  Trying to access array offset on int in /work/kc_php/drv.php(171) : eval()'d code on line 3
PHP Warning:  Trying to access array offset on int in /work/kc_php/drv.php(171) : eval()'d code on line 3
PHP Warning:  Trying to access array offset on float in /work/kc_php/drv.php(171) : eval()'d code on line 3
PHP Warning:  Trying to access array offset on float in /work/kc_php/drv.php(171) : eval()'d code on line 3
PHP Warning:  Trying to access array offset on float in /work/kc_php/drv.php(171) : eval()'d code on line 3
PHP Warning:  Trying to access array offset on float in /work/kc_php/drv.php(171) : eval()'d code on line 3
PHP Warning:  Trying to access array offset on float in /work/kc_php/drv.php(171) : eval()'d code on line 3
PHP Warning:  Trying to access array offset on float in /work/kc_php/drv.php(171) : eval()'d code on line 3
PHP Warning:  Trying to access array offset on int in /work/kc_php/drv.php(171) : eval()'d code on line 3
PHP Warning:  Trying to access array offset on int in /work/kc_php/drv.php(171) : eval()'d code on line 3
PHP Warning:  Trying to access array offset on int in /work/kc_php/drv.php(171) : eval()'d code on line 3
PHP Warning:  Trying to access array offset on int in /work/kc_php/drv.php(171) : eval()'d code on line 3
PHP Warning:  Trying to access array offset on int in /work/kc_php/drv.php(171) : eval()'d code on line 3
PHP Warning:  Trying to access array offset on int in /work/kc_php/drv.php(171) : eval()'d code on line 3
PHP Warning:  Trying to access array offset on int in /work/kc_php/drv.php(171) : eval()'d code on line 3
PHP Warning:  Trying to access array offset on int in /work/kc_php/drv.php(171) : eval()'d code on line 3
PHP Warning:  Trying to access array offset on int in /work/kc_php/drv.php(171) : eval()'d code on line 3
PHP Warning:  Trying to access array offset on int in /work/kc_php/drv.php(171) : eval()'d code on line 3
PHP Warning:  Trying to access array offset on int in /work/kc_php/drv.php(171) : eval()'d code on line 3
PHP Warning:  Trying to access array offset on int in /work/kc_php/drv.php(171) : eval()'d code on line 3
PHP Warning:  Trying to access array offset on int in /work/kc_php/drv.php(171) : eval()'d code on line 3
PHP Warning:  Trying to access array offset on int in /work/kc_php/drv.php(171) : eval()'d code on line 3
PHP Warning:  Trying to access array offset on int in /work/kc_php/drv.php(171) : eval()'d code on line 3
PHP Warning:  Trying to access array offset on int in /work/kc_php/drv.php(171) : eval()'d code on line 3
PHP Warning:  Trying to access array offset on int in /work/kc_php/drv.php(171) : eval()'d code on line 3
PHP Warning:  Trying to access array offset on int in /work/kc_php/drv.php(171) : eval()'d code on line 3
PHP Warning:  Trying to access array offset on float in /work/kc_php/drv.php(171) : eval()'d code on line 3
PHP Warning:  Trying to access array offset on float in /work/kc_php/drv.php(171) : eval()'d code on line 3
PHP Warning:  Trying to access array offset on float in /work/kc_php/drv.php(171) : eval()'d code on line 3
PHP Warning:  Trying to access array offset on float in /work/kc_php/drv.php(171) : eval()'d code on line 3
PHP Warning:  Trying to access array offset on float in /work/kc_php/drv.php(171) : eval()'d code on line 3
PHP Warning:  Trying to access array offset on float in /work/kc_php/drv.php(171) : eval()'d code on line 3
PHP Warning:  Trying to access array offset on int in /work/kc_php/drv.php(171) : eval()'d code on line 3
PHP Warning:  Trying to access array offset on int in /work/kc_php/drv.php(171) : eval()'d code on line 3
PHP Warning:  Trying to access array offset on int in /work/kc_php/drv.php(171) : eval()'d code on line 3
PHP Warning:  Trying to access array offset on int in /work/kc_php/drv.php(171) : eval()'d code on line 3
PHP Warning:  Trying to access array offset on int in /work/kc_php/drv.php(171) : eval()'d code on line 3
PHP Warning:  Trying to access array offset on int in /work/kc_php/drv.php(171) : eval()'d code on line 3
PHP Warning:  Trying to access array offset on float in /work/kc_php/drv.php(171) : eval()'d code on line 3
PHP Warning:  Trying to access array offset on float in /work/kc_php/drv.php(171) : eval()'d code on line 3
PHP Warning:  Trying to access array offset on float in /work/kc_php/drv.php(171) : eval()'d code on line 3
PHP Warning:  Trying to access array offset on float in /work/kc_php/drv.php(171) : eval()'d code on line 3
PHP Warning:  Trying to access array offset on float in /work/kc_php/drv.php(171) : eval()'d code on line 3
PHP Warning:  Trying to access array offset on float in /work/kc_php/drv.php(171) : eval()'d code on line 3
PHP Warning:  Trying to access array offset on int in /work/kc_php/drv.php(171) : eval()'d code on line 3
PHP Warning:  Trying to access array offset on int in /work/kc_php/drv.php(171) : eval()'d code on line 3
PHP Warning:  Trying to access array offset on int in /work/kc_php/drv.php(171) : eval()'d code on line 3
PHP Warning:  Trying to access array offset on int in /work/kc_php/drv.php(171) : eval()'d code on line 3
PHP Warning:  Trying to access array offset on int in /work/kc_php/drv.php(171) : eval()'d code on line 3
PHP Warning:  Trying to access array offset on int in /work/kc_php/drv.php(171) : eval()'d code on line 3
PHP Warning:  Trying to access array offset on int in /work/kc_php/drv.php(171) : eval()'d code on line 3
PHP Warning:  Trying to access array offset on int in /work/kc_php/drv.php(171) : eval()'d code on line 3
PHP Warning:  Trying to access array offset on int in /work/kc_php/drv.php(171) : eval()'d code on line 3
PHP Warning:  Trying to access array offset on int in /work/kc_php/drv.php(171) : eval()'d code on line 3
PHP Warning:  Trying to access array offset on int in /work/kc_php/drv.php(171) : eval()'d code on line 3
PHP Warning:  Trying to access array offset on int in /work/kc_php/drv.php(171) : eval()'d code on line 3
PHP Warning:  Trying to access array offset on int in /work/kc_php/drv.php(171) : eval()'d code on line 3
PHP Warning:  Trying to access array offset on int in /work/kc_php/drv.php(171) : eval()'d code on line 3
PHP Warning:  Trying to access array offset on int in /work/kc_php/drv.php(171) : eval()'d code on line 3
PHP Warning:  Trying to access array offset on int in /work/kc_php/drv.php(171) : eval()'d code on line 3
PHP Warning:  Trying to access array offset on int in /work/kc_php/drv.php(171) : eval()'d code on line 3
PHP Warning:  Trying to access array offset on int in /work/kc_php/drv.php(171) : eval()'d code on line 3
PHP Warning:  Trying to access array offset on float in /work/kc_php/drv.php(171) : eval()'d code on line 3
PHP Warning:  Trying to access array offset on float in /work/kc_php/drv.php(171) : eval()'d code on line 3
PHP Warning:  Trying to access array offset on float in /work/kc_php/drv.php(171) : eval()'d code on line 3
PHP Warning:  Trying to access array offset on float in /work/kc_php/drv.php(171) : eval()'d code on line 3
PHP Warning:  Trying to access array offset on float in /work/kc_php/drv.php(171) : eval()'d code on line 3
PHP Warning:  Trying to access array offset on float in /work/kc_php/drv.php(171) : eval()'d code on line 3
PHP Warning:  Trying to access array offset on int in /work/kc_php/drv.php(171) : eval()'d code on line 3
PHP Warning:  Trying to access array offset on int in /work/kc_php/drv.php(171) : eval()'d code on line 3
PHP Warning:  Trying to access array offset on int in /work/kc_php/drv.php(171) : eval()'d code on line 3
PHP Warning:  Trying to access array offset on int in /work/kc_php/drv.php(171) : eval()'d code on line 3
PHP Warning:  Trying to access array offset on int in /work/kc_php/drv.php(171) : eval()'d code on line 3
PHP Warning:  Trying to access array offset on int in /work/kc_php/drv.php(171) : eval()'d code on line 3
PHP Warning:  Trying to access array offset on float in /work/kc_php/drv.php(171) : eval()'d code on line 3
PHP Warning:  Trying to access array offset on float in /work/kc_php/drv.php(171) : eval()'d code on line 3
PHP Warning:  Trying to access array offset on float in /work/kc_php/drv.php(171) : eval()'d code on line 3
PHP Warning:  Trying to access array offset on float in /work/kc_php/drv.php(171) : eval()'d code on line 3
PHP Warning:  Trying to access array offset on float in /work/kc_php/drv.php(171) : eval()'d code on line 3
PHP Warning:  Trying to access array offset on float in /work/kc_php/drv.php(171) : eval()'d code on line 3
PHP Warning:  Trying to access array offset on int in /work/kc_php/drv.php(171) : eval()'d code on line 3
PHP Warning:  Trying to access array offset on int in /work/kc_php/drv.php(171) : eval()'d code on line 3
PHP Warning:  Trying to access array offset on int in /work/kc_php/drv.php(171) : eval()'d code on line 3
PHP Warning:  Trying to access array offset on int in /work/kc_php/drv.php(171) : eval()'d code on line 3
PHP Warning:  Trying to access array offset on int in /work/kc_php/drv.php(171) : eval()'d code on line 3
PHP Warning:  Trying to access array offset on int in /work/kc_php/drv.php(171) : eval()'d code on line 3
PHP Warning:  Trying to access array offset on int in /work/kc_php/drv.php(171) : eval()'d code on line 3
PHP Warning:  Trying to access array offset on int in /work/kc_php/drv.php(171) : eval()'d code on line 3
PHP Warning:  Trying to access array offset on int in /work/kc_php/drv.php(171) : eval()'d code on line 3
PHP Warning:  Trying to access array offset on int in /work/kc_php/drv.php(171) : eval()'d code on line 3
PHP Warning:  Trying to access array offset on int in /work/kc_php/drv.php(171) : eval()'d code on line 3
PHP Warning:  Trying to access array offset on int in /work/kc_php/drv.php(171) : eval()'d code on line 3
PHP Warning:  Trying to access array offset on int in /work/kc_php/drv.php(171) : eval()'d code on line 3
PHP Warning:  Trying to access array offset on int in /work/kc_php/drv.php(171) : eval()'d code on line 3
PHP Warning:  Trying to access array offset on int in /work/kc_php/drv.php(171) : eval()'d code on line 3
PHP Warning:  Trying to access array offset on int in /work/kc_php/drv.php(171) : eval()'d code on line 3
PHP Warning:  Trying to access array offset on int in /work/kc_php/drv.php(171) : eval()'d code on line 3
PHP Warning:  Trying to access array offset on int in /work/kc_php/drv.php(171) : eval()'d code on line 3
PHP Warning:  Trying to access array offset on float in /work/kc_php/drv.php(171) : eval()'d code on line 3
PHP Warning:  Trying to access array offset on float in /work/kc_php/drv.php(171) : eval()'d code on line 3
PHP Warning:  Trying to access array offset on float in /work/kc_php/drv.php(171) : eval()'d code on line 3
PHP Warning:  Trying to access array offset on float in /work/kc_php/drv.php(171) : eval()'d code on line 3
PHP Warning:  Trying to access array offset on float in /work/kc_php/drv.php(171) : eval()'d code on line 3
PHP Warning:  Trying to access array offset on float in /work/kc_php/drv.php(171) : eval()'d code on line 3
PHP Warning:  Trying to access array offset on int in /work/kc_php/drv.php(171) : eval()'d code on line 3
PHP Warning:  Trying to access array offset on int in /work/kc_php/drv.php(171) : eval()'d code on line 3
PHP Warning:  Trying to access array offset on int in /work/kc_php/drv.php(171) : eval()'d code on line 3
PHP Warning:  Trying to access array offset on int in /work/kc_php/drv.php(171) : eval()'d code on line 3
PHP Warning:  Trying to access array offset on int in /work/kc_php/drv.php(171) : eval()'d code on line 3
PHP Warning:  Trying to access array offset on int in /work/kc_php/drv.php(171) : eval()'d code on line 3
PHP Warning:  Trying to access array offset on float in /work/kc_php/drv.php(171) : eval()'d code on line 3
PHP Warning:  Trying to access array offset on float in /work/kc_php/drv.php(171) : eval()'d code on line 3
PHP Warning:  Trying to access array offset on float in /work/kc_php/drv.php(171) : eval()'d code on line 3
PHP Warning:  Trying to access array offset on float in /work/kc_php/drv.php(171) : eval()'d code on line 3
PHP Warning:  Trying to access array offset on float in /work/kc_php/drv.php(171) : eval()'d code on line 3
PHP Warning:  Trying to access array offset on float in /work/kc_php/drv.php(171) : eval()'d code on line 3
PHP Warning:  Trying to access array offset on int in /work/kc_php/drv.php(171) : eval()'d code on line 3
PHP Warning:  Trying to access array offset on int in /work/kc_php/drv.php(171) : eval()'d code on line 3
PHP Warning:  Trying to access array offset on int in /work/kc_php/drv.php(171) : eval()'d code on line 3
PHP Warning:  Trying to access array offset on int in /work/kc_php/drv.php(171) : eval()'d code on line 3
PHP Warning:  Trying to access array offset on int in /work/kc_php/drv.php(171) : eval()'d code on line 3
PHP Warning:  Trying to access array offset on int in /work/kc_php/drv.php(171) : eval()'d code on line 3
PHP Warning:  Trying to access array offset on int in /work/kc_php/drv.php(171) : eval()'d code on line 3
PHP Warning:  Trying to access array offset on int in /work/kc_php/drv.php(171) : eval()'d code on line 3
PHP Warning:  Trying to access array offset on int in /work/kc_php/drv.php(171) : eval()'d code on line 3
PHP Warning:  Trying to access array offset on int in /work/kc_php/drv.php(171) : eval()'d code on line 3
PHP Warning:  Trying to access array offset on int in /work/kc_php/drv.php(171) : eval()'d code on line 3
PHP Warning:  Trying to access array offset on int in /work/kc_php/drv.php(171) : eval()'d code on line 3
PHP Warning:  Trying to access array offset on int in /work/kc_php/drv.php(171) : eval()'d code on line 3
PHP Warning:  Trying to access array offset on int in /work/kc_php/drv.php(171) : eval()'d code on line 3
PHP Warning:  Trying to access array offset on int in /work/kc_php/drv.php(171) : eval()'d code on line 3
PHP Warning:  Trying to access array offset on int in /work/kc_php/drv.php(171) : eval()'d code on line 3
PHP Warning:  Trying to access array offset on int in /work/kc_php/drv.php(171) : eval()'d code on line 3
PHP Warning:  Trying to access array offset on int in /work/kc_php/drv.php(171) : eval()'d code on line 3
PHP Warning:  Trying to access array offset on float in /work/kc_php/drv.php(171) : eval()'d code on line 3
PHP Warning:  Trying to access array offset on float in /work/kc_php/drv.php(171) : eval()'d code on line 3
PHP Warning:  Trying to access array offset on float in /work/kc_php/drv.php(171) : eval()'d code on line 3
PHP Warning:  Trying to access array offset on float in /work/kc_php/drv.php(171) : eval()'d code on line 3
PHP Warning:  Trying to access array offset on float in /work/kc_php/drv.php(171) : eval()'d code on line 3
PHP Warning:  Trying to access array offset on float in /work/kc_php/drv.php(171) : eval()'d code on line 3
PHP Warning:  Trying to access array offset on int in /work/kc_php/drv.php(171) : eval()'d code on line 3
PHP Warning:  Trying to access array offset on int in /work/kc_php/drv.php(171) : eval()'d code on line 3
PHP Warning:  Trying to access array offset on int in /work/kc_php/drv.php(171) : eval()'d code on line 3
PHP Warning:  Trying to access array offset on int in /work/kc_php/drv.php(171) : eval()'d code on line 3
PHP Warning:  Trying to access array offset on int in /work/kc_php/drv.php(171) : eval()'d code on line 3
PHP Warning:  Trying to access array offset on int in /work/kc_php/drv.php(171) : eval()'d code on line 3
PHP Warning:  Trying to access array offset on float in /work/kc_php/drv.php(171) : eval()'d code on line 3
PHP Warning:  Trying to access array offset on float in /work/kc_php/drv.php(171) : eval()'d code on line 3
PHP Warning:  Trying to access array offset on float in /work/kc_php/drv.php(171) : eval()'d code on line 3
PHP Warning:  Trying to access array offset on float in /work/kc_php/drv.php(171) : eval()'d code on line 3
PHP Warning:  Trying to access array offset on float in /work/kc_php/drv.php(171) : eval()'d code on line 3
PHP Warning:  Trying to access array offset on float in /work/kc_php/drv.php(171) : eval()'d code on line 3
PHP Warning:  Trying to access array offset on int in /work/kc_php/drv.php(171) : eval()'d code on line 3
PHP Warning:  Trying to access array offset on int in /work/kc_php/drv.php(171) : eval()'d code on line 3
PHP Warning:  Trying to access array offset on int in /work/kc_php/drv.php(171) : eval()'d code on line 3
PHP Warning:  Trying to access array offset on int in /work/kc_php/drv.php(171) : eval()'d code on line 3
PHP Warning:  Trying to access array offset on int in /work/kc_php/drv.php(171) : eval()'d code on line 3
PHP Warning:  Trying to access array offset on int in /work/kc_php/drv.php(171) : eval()'d code on line 3
PHP Warning:  Trying to access array offset on int in /work/kc_php/drv.php(171) : eval()'d code on line 3
PHP Warning:  Trying to access array offset on int in /work/kc_php/drv.php(171) : eval()'d code on line 3
PHP Warning:  Trying to access array offset on int in /work/kc_php/drv.php(171) : eval()'d code on line 3
PHP Warning:  Trying to access array offset on int in /work/kc_php/drv.php(171) : eval()'d code on line 3
PHP Warning:  Trying to access array offset on int in /work/kc_php/drv.php(171) : eval()'d code on line 3
PHP Warning:  Trying to access array offset on int in /work/kc_php/drv.php(171) : eval()'d code on line 3
PHP Warning:  Trying to access array offset on int in /work/kc_php/drv.php(171) : eval()'d code on line 3
PHP Warning:  Trying to access array offset on int in /work/kc_php/drv.php(171) : eval()'d code on line 3
PHP Warning:  Trying to access array offset on int in /work/kc_php/drv.php(171) : eval()'d code on line 3
PHP Warning:  Trying to access array offset on float in /work/kc_php/drv.php(171) : eval()'d code on line 3
PHP Warning:  Trying to access array offset on float in /work/kc_php/drv.php(171) : eval()'d code on line 3
PHP Warning:  Trying to access array offset on float in /work/kc_php/drv.php(171) : eval()'d code on line 3
PHP Warning:  Trying to access array offset on float in /work/kc_php/drv.php(171) : eval()'d code on line 3
PHP Warning:  Trying to access array offset on float in /work/kc_php/drv.php(171) : eval()'d code on line 3
PHP Warning:  Trying to access array offset on int in /work/kc_php/drv.php(171) : eval()'d code on line 3
PHP Warning:  Trying to access array offset on int in /work/kc_php/drv.php(171) : eval()'d code on line 3
PHP Warning:  Trying to access array offset on int in /work/kc_php/drv.php(171) : eval()'d code on line 3
PHP Warning:  Trying to access array offset on int in /work/kc_php/drv.php(171) : eval()'d code on line 3
PHP Warning:  Trying to access array offset on int in /work/kc_php/drv.php(171) : eval()'d code on line 3
PHP Warning:  Trying to access array offset on float in /work/kc_php/drv.php(171) : eval()'d code on line 3
PHP Warning:  Trying to access array offset on float in /work/kc_php/drv.php(171) : eval()'d code on line 3
PHP Warning:  Trying to access array offset on float in /work/kc_php/drv.php(171) : eval()'d code on line 3
PHP Warning:  Trying to access array offset on float in /work/kc_php/drv.php(171) : eval()'d code on line 3
PHP Warning:  Trying to access array offset on float in /work/kc_php/drv.php(171) : eval()'d code on line 3
PHP Warning:  Trying to access array offset on int in /work/kc_php/drv.php(171) : eval()'d code on line 3
PHP Warning:  Trying to access array offset on int in /work/kc_php/drv.php(171) : eval()'d code on line 3
PHP Warning:  Trying to access array offset on int in /work/kc_php/drv.php(171) : eval()'d code on line 3
PHP Warning:  Trying to access array offset on int in /work/kc_php/drv.php(171) : eval()'d code on line 3
PHP Warning:  Trying to access array offset on int in /work/kc_php/drv.php(171) : eval()'d code on line 3
PHP Warning:  Trying to access array offset on int in /work/kc_php/drv.php(171) : eval()'d code on line 3
PHP Warning:  Trying to access array offset on int in /work/kc_php/drv.php(171) : eval()'d code on line 3
PHP Warning:  Trying to access array offset on int in /work/kc_php/drv.php(171) : eval()'d code on line 3
PHP Warning:  Trying to access array offset on int in /work/kc_php/drv.php(171) : eval()'d code on line 3
PHP Warning:  Trying to access array offset on int in /work/kc_php/drv.php(171) : eval()'d code on line 3
PHP Warning:  Trying to access array offset on int in /work/kc_php/drv.php(171) : eval()'d code on line 3
PHP Warning:  Trying to access array offset on int in /work/kc_php/drv.php(171) : eval()'d code on line 3
PHP Warning:  Trying to access array offset on int in /work/kc_php/drv.php(171) : eval()'d code on line 3
PHP Warning:  Trying to access array offset on int in /work/kc_php/drv.php(171) : eval()'d code on line 3
PHP Warning:  Trying to access array offset on int in /work/kc_php/drv.php(171) : eval()'d code on line 3
PHP Warning:  Trying to access array offset on float in /work/kc_php/drv.php(171) : eval()'d code on line 3
PHP Warning:  Trying to access array offset on float in /work/kc_php/drv.php(171) : eval()'d code on line 3
PHP Warning:  Trying to access array offset on float in /work/kc_php/drv.php(171) : eval()'d code on line 3
PHP Warning:  Trying to access array offset on float in /work/kc_php/drv.php(171) : eval()'d code on line 3
PHP Warning:  Trying to access array offset on float in /work/kc_php/drv.php(171) : eval()'d code on line 3
PHP Warning:  Trying to access array offset on int in /work/kc_php/drv.php(171) : eval()'d code on line 3
PHP Warning:  Trying to access array offset on int in /work/kc_php/drv.php(171) : eval()'d code on line 3
PHP Warning:  Trying to access array offset on int in /work/kc_php/drv.php(171) : eval()'d code on line 3
PHP Warning:  Trying to access array offset on int in /work/kc_php/drv.php(171) : eval()'d code on line 3
PHP Warning:  Trying to access array offset on int in /work/kc_php/drv.php(171) : eval()'d code on line 3
PHP Warning:  Trying to access array offset on float in /work/kc_php/drv.php(171) : eval()'d code on line 3
PHP Warning:  Trying to access array offset on float in /work/kc_php/drv.php(171) : eval()'d code on line 3
PHP Warning:  Trying to access array offset on float in /work/kc_php/drv.php(171) : eval()'d code on line 3
PHP Warning:  Trying to access array offset on float in /work/kc_php/drv.php(171) : eval()'d code on line 3
PHP Warning:  Trying to access array offset on float in /work/kc_php/drv.php(171) : eval()'d code on line 3
PHP Warning:  Trying to access array offset on int in /work/kc_php/drv.php(171) : eval()'d code on line 3
PHP Warning:  Trying to access array offset on int in /work/kc_php/drv.php(171) : eval()'d code on line 3
PHP Warning:  Trying to access array offset on int in /work/kc_php/drv.php(171) : eval()'d code on line 3
PHP Warning:  Trying to access array offset on int in /work/kc_php/drv.php(171) : eval()'d code on line 3
PHP Warning:  Trying to access array offset on int in /work/kc_php/drv.php(171) : eval()'d code on line 3
PHP Warning:  Trying to access array offset on int in /work/kc_php/drv.php(171) : eval()'d code on line 3
PHP Warning:  Trying to access array offset on int in /work/kc_php/drv.php(171) : eval()'d code on line 3
PHP Warning:  Trying to access array offset on int in /work/kc_php/drv.php(171) : eval()'d code on line 3
PHP Warning:  Trying to access array offset on int in /work/kc_php/drv.php(171) : eval()'d code on line 3
PHP Warning:  Trying to access array offset on int in /work/kc_php/drv.php(171) : eval()'d code on line 3
PHP Warning:  Trying to access array offset on int in /work/kc_php/drv.php(171) : eval()'d code on line 3
PHP Warning:  Trying to access array offset on int in /work/kc_php/drv.php(171) : eval()'d code on line 3
PHP Warning:  Trying to access array offset on int in /work/kc_php/drv.php(171) : eval()'d code on line 3
PHP Warning:  Trying to access array offset on int in /work/kc_php/drv.php(171) : eval()'d code on line 3
PHP Warning:  Trying to access array offset on int in /work/kc_php/drv.php(171) : eval()'d code on line 3
PHP Warning:  Trying to access array offset on float in /work/kc_php/drv.php(171) : eval()'d code on line 3
PHP Warning:  Trying to access array offset on float in /work/kc_php/drv.php(171) : eval()'d code on line 3
PHP Warning:  Trying to access array offset on float in /work/kc_php/drv.php(171) : eval()'d code on line 3
PHP Warning:  Trying to access array offset on float in /work/kc_php/drv.php(171) : eval()'d code on line 3
PHP Warning:  Trying to access array offset on float in /work/kc_php/drv.php(171) : eval()'d code on line 3
PHP Warning:  Trying to access array offset on int in /work/kc_php/drv.php(171) : eval()'d code on line 3
PHP Warning:  Trying to access array offset on int in /work/kc_php/drv.php(171) : eval()'d code on line 3
PHP Warning:  Trying to access array offset on int in /work/kc_php/drv.php(171) : eval()'d code on line 3
PHP Warning:  Trying to access array offset on int in /work/kc_php/drv.php(171) : eval()'d code on line 3
PHP Warning:  Trying to access array offset on int in /work/kc_php/drv.php(171) : eval()'d code on line 3
PHP Warning:  Trying to access array offset on float in /work/kc_php/drv.php(171) : eval()'d code on line 3
PHP Warning:  Trying to access array offset on float in /work/kc_php/drv.php(171) : eval()'d code on line 3
PHP Warning:  Trying to access array offset on float in /work/kc_php/drv.php(171) : eval()'d code on line 3
PHP Warning:  Trying to access array offset on float in /work/kc_php/drv.php(171) : eval()'d code on line 3
PHP Warning:  Trying to access array offset on float in /work/kc_php/drv.php(171) : eval()'d code on line 3
PHP Warning:  Trying to access array offset on int in /work/kc_php/drv.php(171) : eval()'d code on line 6
PHP Warning:  Trying to access array offset on int in /work/kc_php/drv.php(171) : eval()'d code on line 4
PHP Warning:  Trying to access array offset on int in /work/kc_php/drv.php(171) : eval()'d code on line 3
PHP Warning:  Trying to access array offset on int in /work/kc_php/drv.php(171) : eval()'d code on line 8
PHP Warning:  Trying to access array offset on int in /work/kc_php/drv.php(171) : eval()'d code on line 5
PHP Warning:  Trying to access array offset on int in /work/kc_php/drv.php(171) : eval()'d code on line 6
PHP Warning:  Trying to access array offset on int in /work/kc_php/drv.php(171) : eval()'d code on line 4
PHP Warning:  Trying to access array offset on int in /work/kc_php/drv.php(171) : eval()'d code on line 3
PHP Warning:  Trying to access array offset on int in /work/kc_php/drv.php(171) : eval()'d code on line 8
PHP Warning:  Trying to access array offset on int in /work/kc_php/drv.php(171) : eval()'d code on line 5
PHP Warning:  Trying to access array offset on int in /work/kc_php/drv.php(171) : eval()'d code on line 6
PHP Warning:  Trying to access array offset on int in /work/kc_php/drv.php(171) : eval()'d code on line 4
PHP Warning:  Trying to access array offset on int in /work/kc_php/drv.php(171) : eval()'d code on line 3
PHP Warning:  Trying to access array offset on int in /work/kc_php/drv.php(171) : eval()'d code on line 8
PHP Warning:  Trying to access array offset on int in /work/kc_php/drv.php(171) : eval()'d code on line 5
PHP Warning:  Trying to access array offset on float in /work/kc_php/drv.php(171) : eval()'d code on line 6
PHP Warning:  Trying to access array offset on float in /work/kc_php/drv.php(171) : eval()'d code on line 4
PHP Warning:  Trying to access array offset on float in /work/kc_php/drv.php(171) : eval()'d code on line 3
PHP Warning:  Trying to access array offset on float in /work/kc_php/drv.php(171) : eval()'d code on line 8
PHP Warning:  Trying to access array offset on float in /work/kc_php/drv.php(171) : eval()'d code on line 5
PHP Warning:  Trying to access array offset on int in /work/kc_php/drv.php(171) : eval()'d code on line 6
PHP Warning:  Trying to access array offset on int in /work/kc_php/drv.php(171) : eval()'d code on line 4
PHP Warning:  Trying to access array offset on int in /work/kc_php/drv.php(171) : eval()'d code on line 3
PHP Warning:  Trying to access array offset on int in /work/kc_php/drv.php(171) : eval()'d code on line 8
PHP Warning:  Trying to access array offset on int in /work/kc_php/drv.php(171) : eval()'d code on line 5
PHP Warning:  Trying to access array offset on float in /work/kc_php/drv.php(171) : eval()'d code on line 6
PHP Warning:  Trying to access array offset on float in /work/kc_php/drv.php(171) : eval()'d code on line 4
PHP Warning:  Trying to access array offset on float in /work/kc_php/drv.php(171) : eval()'d code on line 3
PHP Warning:  Trying to access array offset on float in /work/kc_php/drv.php(171) : eval()'d code on line 8
PHP Warning:  Trying to access array offset on float in /work/kc_php/drv.php(171) : eval()'d code on line 5
PHP Warning:  Trying to access array offset on int in /work/kc_php/drv.php(171) : eval()'d code on line 3
PHP Warning:  Trying to access array offset on int in /work/kc_php/drv.php(171) : eval()'d code on line 3
PHP Warning:  Trying to access array offset on int in /work/kc_php/drv.php(171) : eval()'d code on line 3
PHP Warning:  Trying to access array offset on int in /work/kc_php/drv.php(171) : eval()'d code on line 3
PHP Warning:  Trying to access array offset on int in /work/kc_php/drv.php(171) : eval()'d code on line 3
PHP Warning:  Trying to access array offset on int in /work/kc_php/drv.php(171) : eval()'d code on line 3
PHP Warning:  Trying to access array offset on int in /work/kc_php/drv.php(171) : eval()'d code on line 3
PHP Warning:  Trying to access array offset on int in /work/kc_php/drv.php(171) : eval()'d code on line 3
PHP Warning:  Trying to access array offset on int in /work/kc_php/drv.php(171) : eval()'d code on line 3
PHP Warning:  Trying to access array offset on int in /work/kc_php/drv.php(171) : eval()'d code on line 3
PHP Warning:  Trying to access array offset on int in /work/kc_php/drv.php(171) : eval()'d code on line 3
PHP Warning:  Trying to access array offset on int in /work/kc_php/drv.php(171) : eval()'d code on line 3
PHP Warning:  Trying to access array offset on int in /work/kc_php/drv.php(171) : eval()'d code on line 3
PHP Warning:  Trying to access array offset on int in /work/kc_php/drv.php(171) : eval()'d code on line 3
PHP Warning:  Trying to access array offset on int in /work/kc_php/drv.php(171) : eval()'d code on line 3
PHP Warning:  Trying to access array offset on float in /work/kc_php/drv.php(171) : eval()'d code on line 3
PHP Warning:  Trying to access array offset on float in /work/kc_php/drv.php(171) : eval()'d code on line 3
PHP Warning:  Trying to access array offset on float in /work/kc_php/drv.php(171) : eval()'d code on line 3
PHP Warning:  Trying to access array offset on float in /work/kc_php/drv.php(171) : eval()'d code on line 3
PHP Warning:  Trying to access array offset on float in /work/kc_php/drv.php(171) : eval()'d code on line 3
PHP Warning:  Trying to access array offset on int in /work/kc_php/drv.php(171) : eval()'d code on line 3
PHP Warning:  Trying to access array offset on int in /work/kc_php/drv.php(171) : eval()'d code on line 3
PHP Warning:  Trying to access array offset on int in /work/kc_php/drv.php(171) : eval()'d code on line 3
PHP Warning:  Trying to access array offset on int in /work/kc_php/drv.php(171) : eval()'d code on line 3
PHP Warning:  Trying to access array offset on int in /work/kc_php/drv.php(171) : eval()'d code on line 3
PHP Warning:  Trying to access array offset on float in /work/kc_php/drv.php(171) : eval()'d code on line 3
PHP Warning:  Trying to access array offset on float in /work/kc_php/drv.php(171) : eval()'d code on line 3
PHP Warning:  Trying to access array offset on float in /work/kc_php/drv.php(171) : eval()'d code on line 3
PHP Warning:  Trying to access array offset on float in /work/kc_php/drv.php(171) : eval()'d code on line 3
PHP Warning:  Trying to access array offset on float in /work/kc_php/drv.php(171) : eval()'d code on line 3
PHP Warning:  Trying to access array offset on int in /work/kc_php/drv.php(171) : eval()'d code on line 3
PHP Warning:  Trying to access array offset on int in /work/kc_php/drv.php(171) : eval()'d code on line 4
PHP Warning:  Trying to access array offset on int in /work/kc_php/drv.php(171) : eval()'d code on line 6
PHP Warning:  Trying to access array offset on int in /work/kc_php/drv.php(171) : eval()'d code on line 5
PHP Warning:  Trying to access array offset on int in /work/kc_php/drv.php(171) : eval()'d code on line 4
PHP Warning:  Trying to access array offset on int in /work/kc_php/drv.php(171) : eval()'d code on line 3
PHP Warning:  Trying to access array offset on int in /work/kc_php/drv.php(171) : eval()'d code on line 4
PHP Warning:  Trying to access array offset on int in /work/kc_php/drv.php(171) : eval()'d code on line 6
PHP Warning:  Trying to access array offset on int in /work/kc_php/drv.php(171) : eval()'d code on line 5
PHP Warning:  Trying to access array offset on int in /work/kc_php/drv.php(171) : eval()'d code on line 4
PHP Warning:  Trying to access array offset on int in /work/kc_php/drv.php(171) : eval()'d code on line 3
PHP Warning:  Trying to access array offset on int in /work/kc_php/drv.php(171) : eval()'d code on line 4
PHP Warning:  Trying to access array offset on int in /work/kc_php/drv.php(171) : eval()'d code on line 6
PHP Warning:  Trying to access array offset on int in /work/kc_php/drv.php(171) : eval()'d code on line 5
PHP Warning:  Trying to access array offset on int in /work/kc_php/drv.php(171) : eval()'d code on line 4
PHP Warning:  Trying to access array offset on float in /work/kc_php/drv.php(171) : eval()'d code on line 3
PHP Warning:  Trying to access array offset on float in /work/kc_php/drv.php(171) : eval()'d code on line 4
PHP Warning:  Trying to access array offset on float in /work/kc_php/drv.php(171) : eval()'d code on line 6
PHP Warning:  Trying to access array offset on float in /work/kc_php/drv.php(171) : eval()'d code on line 5
PHP Warning:  Trying to access array offset on float in /work/kc_php/drv.php(171) : eval()'d code on line 4
PHP Warning:  Trying to access array offset on int in /work/kc_php/drv.php(171) : eval()'d code on line 3
PHP Warning:  Trying to access array offset on int in /work/kc_php/drv.php(171) : eval()'d code on line 4
PHP Warning:  Trying to access array offset on int in /work/kc_php/drv.php(171) : eval()'d code on line 6
PHP Warning:  Trying to access array offset on int in /work/kc_php/drv.php(171) : eval()'d code on line 5
PHP Warning:  Trying to access array offset on int in /work/kc_php/drv.php(171) : eval()'d code on line 4
PHP Warning:  Trying to access array offset on float in /work/kc_php/drv.php(171) : eval()'d code on line 3
PHP Warning:  Trying to access array offset on float in /work/kc_php/drv.php(171) : eval()'d code on line 4
PHP Warning:  Trying to access array offset on float in /work/kc_php/drv.php(171) : eval()'d code on line 6
PHP Warning:  Trying to access array offset on float in /work/kc_php/drv.php(171) : eval()'d code on line 5
PHP Warning:  Trying to access array offset on float in /work/kc_php/drv.php(171) : eval()'d code on line 4
PHP Warning:  Trying to access array offset on int in /work/kc_php/drv.php(171) : eval()'d code on line 3
PHP Warning:  Trying to access array offset on int in /work/kc_php/drv.php(171) : eval()'d code on line 3
PHP Warning:  Trying to access array offset on int in /work/kc_php/drv.php(171) : eval()'d code on line 3
PHP Warning:  Trying to access array offset on int in /work/kc_php/drv.php(171) : eval()'d code on line 3
PHP Warning:  Trying to access array offset on int in /work/kc_php/drv.php(171) : eval()'d code on line 3
PHP Warning:  Trying to access array offset on int in /work/kc_php/drv.php(171) : eval()'d code on line 3
PHP Warning:  Trying to access array offset on int in /work/kc_php/drv.php(171) : eval()'d code on line 3
PHP Warning:  Trying to access array offset on int in /work/kc_php/drv.php(171) : eval()'d code on line 3
PHP Warning:  Trying to access array offset on int in /work/kc_php/drv.php(171) : eval()'d code on line 3
PHP Warning:  Trying to access array offset on int in /work/kc_php/drv.php(171) : eval()'d code on line 3
PHP Warning:  Trying to access array offset on int in /work/kc_php/drv.php(171) : eval()'d code on line 3
PHP Warning:  Trying to access array offset on int in /work/kc_php/drv.php(171) : eval()'d code on line 3
PHP Warning:  Trying to access array offset on int in /work/kc_php/drv.php(171) : eval()'d code on line 3
PHP Warning:  Trying to access array offset on int in /work/kc_php/drv.php(171) : eval()'d code on line 3
PHP Warning:  Trying to access array offset on int in /work/kc_php/drv.php(171) : eval()'d code on line 3
PHP Warning:  Trying to access array offset on float in /work/kc_php/drv.php(171) : eval()'d code on line 3
PHP Warning:  Trying to access array offset on float in /work/kc_php/drv.php(171) : eval()'d code on line 3
PHP Warning:  Trying to access array offset on float in /work/kc_php/drv.php(171) : eval()'d code on line 3
PHP Warning:  Trying to access array offset on float in /work/kc_php/drv.php(171) : eval()'d code on line 3
PHP Warning:  Trying to access array offset on float in /work/kc_php/drv.php(171) : eval()'d code on line 3
PHP Warning:  Trying to access array offset on int in /work/kc_php/drv.php(171) : eval()'d code on line 3
PHP Warning:  Trying to access array offset on int in /work/kc_php/drv.php(171) : eval()'d code on line 3
PHP Warning:  Trying to access array offset on int in /work/kc_php/drv.php(171) : eval()'d code on line 3
PHP Warning:  Trying to access array offset on int in /work/kc_php/drv.php(171) : eval()'d code on line 3
PHP Warning:  Trying to access array offset on int in /work/kc_php/drv.php(171) : eval()'d code on line 3
PHP Warning:  Trying to access array offset on float in /work/kc_php/drv.php(171) : eval()'d code on line 3
PHP Warning:  Trying to access array offset on float in /work/kc_php/drv.php(171) : eval()'d code on line 3
PHP Warning:  Trying to access array offset on float in /work/kc_php/drv.php(171) : eval()'d code on line 3
PHP Warning:  Trying to access array offset on float in /work/kc_php/drv.php(171) : eval()'d code on line 3
PHP Warning:  Trying to access array offset on float in /work/kc_php/drv.php(171) : eval()'d code on line 3
PHP Warning:  Trying to access array offset on int in /work/kc_php/drv.php(171) : eval()'d code on line 4
PHP Warning:  Trying to access array offset on int in /work/kc_php/drv.php(171) : eval()'d code on line 5
PHP Warning:  Trying to access array offset on int in /work/kc_php/drv.php(171) : eval()'d code on line 7
PHP Warning:  Trying to access array offset on int in /work/kc_php/drv.php(171) : eval()'d code on line 6
PHP Warning:  Trying to access array offset on int in /work/kc_php/drv.php(171) : eval()'d code on line 5
PHP Warning:  Trying to access array offset on int in /work/kc_php/drv.php(171) : eval()'d code on line 4
PHP Warning:  Trying to access array offset on int in /work/kc_php/drv.php(171) : eval()'d code on line 5
PHP Warning:  Trying to access array offset on int in /work/kc_php/drv.php(171) : eval()'d code on line 7
PHP Warning:  Trying to access array offset on int in /work/kc_php/drv.php(171) : eval()'d code on line 6
PHP Warning:  Trying to access array offset on int in /work/kc_php/drv.php(171) : eval()'d code on line 5
PHP Warning:  Trying to access array offset on int in /work/kc_php/drv.php(171) : eval()'d code on line 4
PHP Warning:  Trying to access array offset on int in /work/kc_php/drv.php(171) : eval()'d code on line 5
PHP Warning:  Trying to access array offset on int in /work/kc_php/drv.php(171) : eval()'d code on line 7
PHP Warning:  Trying to access array offset on int in /work/kc_php/drv.php(171) : eval()'d code on line 6
PHP Warning:  Trying to access array offset on int in /work/kc_php/drv.php(171) : eval()'d code on line 5
PHP Warning:  Trying to access array offset on float in /work/kc_php/drv.php(171) : eval()'d code on line 4
PHP Warning:  Trying to access array offset on float in /work/kc_php/drv.php(171) : eval()'d code on line 5
PHP Warning:  Trying to access array offset on float in /work/kc_php/drv.php(171) : eval()'d code on line 7
PHP Warning:  Trying to access array offset on float in /work/kc_php/drv.php(171) : eval()'d code on line 6
PHP Warning:  Trying to access array offset on float in /work/kc_php/drv.php(171) : eval()'d code on line 5
PHP Warning:  Trying to access array offset on int in /work/kc_php/drv.php(171) : eval()'d code on line 4
PHP Warning:  Trying to access array offset on int in /work/kc_php/drv.php(171) : eval()'d code on line 5
PHP Warning:  Trying to access array offset on int in /work/kc_php/drv.php(171) : eval()'d code on line 7
PHP Warning:  Trying to access array offset on int in /work/kc_php/drv.php(171) : eval()'d code on line 6
PHP Warning:  Trying to access array offset on int in /work/kc_php/drv.php(171) : eval()'d code on line 5
PHP Warning:  Trying to access array offset on float in /work/kc_php/drv.php(171) : eval()'d code on line 4
PHP Warning:  Trying to access array offset on float in /work/kc_php/drv.php(171) : eval()'d code on line 5
PHP Warning:  Trying to access array offset on float in /work/kc_php/drv.php(171) : eval()'d code on line 7
PHP Warning:  Trying to access array offset on float in /work/kc_php/drv.php(171) : eval()'d code on line 6
PHP Warning:  Trying to access array offset on float in /work/kc_php/drv.php(171) : eval()'d code on line 5
PHP Warning:  Trying to access array offset on int in /work/kc_php/drv.php(171) : eval()'d code on line 3
PHP Warning:  Trying to access array offset on int in /work/kc_php/drv.php(171) : eval()'d code on line 3
PHP Warning:  Trying to access array offset on int in /work/kc_php/drv.php(171) : eval()'d code on line 3
PHP Warning:  Trying to access array offset on int in /work/kc_php/drv.php(171) : eval()'d code on line 3
PHP Warning:  Trying to access array offset on int in /work/kc_php/drv.php(171) : eval()'d code on line 3
PHP Warning:  Trying to access array offset on int in /work/kc_php/drv.php(171) : eval()'d code on line 3
PHP Warning:  Trying to access array offset on int in /work/kc_php/drv.php(171) : eval()'d code on line 3
PHP Warning:  Trying to access array offset on int in /work/kc_php/drv.php(171) : eval()'d code on line 3
PHP Warning:  Trying to access array offset on int in /work/kc_php/drv.php(171) : eval()'d code on line 3
PHP Warning:  Trying to access array offset on float in /work/kc_php/drv.php(171) : eval()'d code on line 3
PHP Warning:  Trying to access array offset on float in /work/kc_php/drv.php(171) : eval()'d code on line 3
PHP Warning:  Trying to access array offset on float in /work/kc_php/drv.php(171) : eval()'d code on line 3
PHP Warning:  Trying to access array offset on int in /work/kc_php/drv.php(171) : eval()'d code on line 3
PHP Warning:  Trying to access array offset on int in /work/kc_php/drv.php(171) : eval()'d code on line 3
PHP Warning:  Trying to access array offset on int in /work/kc_php/drv.php(171) : eval()'d code on line 3
PHP Warning:  Trying to access array offset on float in /work/kc_php/drv.php(171) : eval()'d code on line 3
PHP Warning:  Trying to access array offset on float in /work/kc_php/drv.php(171) : eval()'d code on line 3
PHP Warning:  Trying to access array offset on float in /work/kc_php/drv.php(171) : eval()'d code on line 3
PHP Warning:  Trying to access array offset on int in /work/kc_php/drv.php(171) : eval()'d code on line 3
PHP Warning:  Trying to access array offset on int in /work/kc_php/drv.php(171) : eval()'d code on line 3
PHP Warning:  Trying to access array offset on int in /work/kc_php/drv.php(171) : eval()'d code on line 3
PHP Warning:  Trying to access array offset on int in /work/kc_php/drv.php(171) : eval()'d code on line 3
PHP Warning:  Trying to access array offset on int in /work/kc_php/drv.php(171) : eval()'d code on line 3
PHP Warning:  Trying to access array offset on int in /work/kc_php/drv.php(171) : eval()'d code on line 3
PHP Warning:  Trying to access array offset on int in /work/kc_php/drv.php(171) : eval()'d code on line 3
PHP Warning:  Trying to access array offset on int in /work/kc_php/drv.php(171) : eval()'d code on line 3
PHP Warning:  Trying to access array offset on int in /work/kc_php/drv.php(171) : eval()'d code on line 3
PHP Warning:  Trying to access array offset on float in /work/kc_php/drv.php(171) : eval()'d code on line 3
PHP Warning:  Trying to access array offset on float in /work/kc_php/drv.php(171) : eval()'d code on line 3
PHP Warning:  Trying to access array offset on float in /work/kc_php/drv.php(171) : eval()'d code on line 3
PHP Warning:  Trying to access array offset on int in /work/kc_php/drv.php(171) : eval()'d code on line 3
PHP Warning:  Trying to access array offset on int in /work/kc_php/drv.php(171) : eval()'d code on line 3
PHP Warning:  Trying to access array offset on int in /work/kc_php/drv.php(171) : eval()'d code on line 3
PHP Warning:  Trying to access array offset on float in /work/kc_php/drv.php(171) : eval()'d code on line 3
PHP Warning:  Trying to access array offset on float in /work/kc_php/drv.php(171) : eval()'d code on line 3
PHP Warning:  Trying to access array offset on float in /work/kc_php/drv.php(171) : eval()'d code on line 3
PHP Warning:  String offset cast occurred in /work/kc_php/drv.php(171) : eval()'d code on line 3
PHP Warning:  String offset cast occurred in /work/kc_php/drv.php(171) : eval()'d code on line 3
PHP Warning:  String offset cast occurred in /work/kc_php/drv.php(171) : eval()'d code on line 3
PHP Warning:  String offset cast occurred in /work/kc_php/drv.php(171) : eval()'d code on line 3
PHP Warning:  String offset cast occurred in /work/kc_php/drv.php(171) : eval()'d code on line 3
PHP Warning:  String offset cast occurred in /work/kc_php/drv.php(171) : eval()'d code on line 3
PHP Warning:  String offset cast occurred in /work/kc_php/drv.php(171) : eval()'d code on line 3
PHP Warning:  String offset cast occurred in /work/kc_php/drv.php(171) : eval()'d code on line 3
PHP Warning:  String offset cast occurred in /work/kc_php/drv.php(171) : eval()'d code on line 3
PHP Warning:  String offset cast occurred in /work/kc_php/drv.php(171) : eval()'d code on line 3
PHP Warning:  Uninitialized string offset 1 in /work/kc_php/drv.php(171) : eval()'d code on line 3
PHP Warning:  String offset cast occurred in /work/kc_php/drv.php(171) : eval()'d code on line 3
PHP Warning:  String offset cast occurred in /work/kc_php/drv.php(171) : eval()'d code on line 3
PHP Warning:  String offset cast occurred in /work/kc_php/drv.php(171) : eval()'d code on line 3
PHP Warning:  String offset cast occurred in /work/kc_php/drv.php(171) : eval()'d code on line 3
PHP Warning:  String offset cast occurred in /work/kc_php/drv.php(171) : eval()'d code on line 3
PHP Warning:  String offset cast occurred in /work/kc_php/drv.php(171) : eval()'d code on line 3
PHP Warning:  String offset cast occurred in /work/kc_php/drv.php(171) : eval()'d code on line 3
PHP Warning:  String offset cast occurred in /work/kc_php/drv.php(171) : eval()'d code on line 3
PHP Warning:  Uninitialized string offset 42 in /work/kc_php/drv.php(171) : eval()'d code on line 3
PHP Warning:  Uninitialized string offset 9223372036854775807 in /work/kc_php/drv.php(171) : eval()'d code on line 3
PHP Warning:  String offset cast occurred in /work/kc_php/drv.php(171) : eval()'d code on line 3
PHP Warning:  Uninitialized string offset -9223372036854775808 in /work/kc_php/drv.php(171) : eval()'d code on line 3
PHP Warning:  Uninitialized string offset 9007199254740993 in /work/kc_php/drv.php(171) : eval()'d code on line 3
PHP Warning:  String offset cast occurred in /work/kc_php/drv.php(171) : eval()'d code on line 3
PHP Warning:  Uninitialized string offset 42 in /work/kc_php/drv.php(171) : eval()'d code on line 3
PHP Warning:  Uninitialized string offset 9223372036854775807 in /work/kc_php/drv.php(171) : eval()'d code on line 3
PHP Warning:  String offset cast occurred in /work/kc_php/drv.php(171) : eval()'d code on line 3
PHP Warning:  Uninitialized string offset -9223372036854775808 in /work/kc_php/drv.php(171) : eval()'d code on line 3
PHP Warning:  Uninitialized string offset 9007199254740993 in /work/kc_php/drv.php(171) : eval()'d code on line 3
PHP Warning:  String offset cast occurred in /work/kc_php/drv.php(171) : eval()'d code on line 3
PHP Warning:  Uninitialized string offset 42 in /work/kc_php/drv.php(171) : eval()'d code on line 3
PHP Warning:  Uninitialized string offset 9223372036854775807 in /work/kc_php/drv.php(171) : eval()'d code on line 3
PHP Warning:  String offset cast occurred in /work/kc_php/drv.php(171) : eval()'d code on line 3
PHP Warning:  Uninitialized string offset -9223372036854775808 in /work/kc_php/drv.php(171) : eval()'d code on line 3
PHP Warning:  Uninitialized string offset 9007199254740993 in /work/kc_php/drv.php(171) : eval()'d code on line 3
PHP Warning:  String offset cast occurred in /work/kc_php/drv.php(171) : eval()'d code on line 3
PHP Warning:  Uninitialized string offset 42 in /work/kc_php/drv.php(171) : eval()'d code on line 3
PHP Warning:  Uninitialized string offset 9223372036854775807 in /work/kc_php/drv.php(171) : eval()'d code on line 3
PHP Warning:  String offset cast occurred in /work/kc_php/drv.php(171) : eval()'d code on line 3
PHP Warning:  Uninitialized string offset -9223372036854775808 in /work/kc_php/drv.php(171) : eval()'d code on line 3
PHP Warning:  Uninitialized string offset 9007199254740993 in /work/kc_php/drv.php(171) : eval()'d code on line 3
PHP Warning:  String offset cast occurred in /work/kc_php/drv.php(171) : eval()'d code on line 3
PHP Warning:  Uninitialized string offset 42 in /work/kc_php/drv.php(171) : eval()'d code on line 3
PHP Warning:  Uninitialized string offset 9223372036854775807 in /work/kc_php/drv.php(171) : eval()'d code on line 3
PHP Warning:  String offset cast occurred in /work/kc_php/drv.php(171) : eval()'d code on line 3
PHP Warning:  Uninitialized string offset -9223372036854775808 in /work/kc_php/drv.php(171) : eval()'d code on line 3
PHP Warning:  Uninitialized string offset 9007199254740993 in /work/kc_php/drv.php(171) : eval()'d code on line 3
PHP Warning:  String offset cast occurred in /work/kc_php/drv.php(171) : eval()'d code on line 3
PHP Warning:  Uninitialized string offset 42 in /work/kc_php/drv.php(171) : eval()'d code on line 3
PHP Warning:  Uninitialized string offset 9223372036854775807 in /work/kc_php/drv.php(171) : eval()'d code on line 3
PHP Warning:  String offset cast occurred in /work/kc_php/drv.php(171) : eval()'d code on line 3
PHP Warning:  Uninitialized string offset -9223372036854775808 in /work/kc_php/drv.php(171) : eval()'d code on line 3
PHP Warning:  Uninitialized string offset 9007199254740993 in /work/kc_php/drv.php(171) : eval()'d code on line 3
PHP Warning:  String offset cast occurred in /work/kc_php/drv.php(171) : eval()'d code on line 3
PHP Warning:  Uninitialized string offset 42 in /work/kc_php/drv.php(171) : eval()'d code on line 3
PHP Warning:  Uninitialized string offset 9223372036854775807 in /work/kc_php/drv.php(171) : eval()'d code on line 3
PHP Warning:  Uninitialized string offset 9007199254740993 in /work/kc_php/drv.php(171) : eval()'d code on line 3
PHP Warning:  Uninitialized string offset 42 in /work/kc_php/drv.php(171) : eval()'d code on line 3
PHP Warning:  Uninitialized string offset 9223372036854775807 in /work/kc_php/drv.php(171) : eval()'d code on line 3
PHP Warning:  Uninitialized string offset 9007199254740993 in /work/kc_php/drv.php(171) : eval()'d code on line 3
PHP Warning:  Uninitialized string offset 42 in /work/kc_php/drv.php(171) : eval()'d code on line 3
PHP Warning:  Uninitialized string offset 9223372036854775807 in /work/kc_php/drv.php(171) : eval()'d code on line 3
PHP Warning:  Uninitialized string offset 9007199254740993 in /work/kc_php/drv.php(171) : eval()'d code on line 3
PHP Warning:  Uninitialized string offset 42 in /work/kc_php/drv.php(171) : eval()'d code on line 3
PHP Warning:  Uninitialized string offset 9223372036854775807 in /work/kc_php/drv.php(171) : eval()'d code on line 3
PHP Warning:  Uninitialized string offset 9007199254740993 in /work/kc_php/drv.php(171) : eval()'d code on line 3
PHP Warning:  Uninitialized string offset 42 in /work/kc_php/drv.php(171) : eval()'d code on line 3
PHP Warning:  Uninitialized string offset 9223372036854775807 in /work/kc_php/drv.php(171) : eval()'d code on line 3
PHP Warning:  Uninitialized string offset 9007199254740993 in /work/kc_php/drv.php(171) : eval()'d code on line 3
PHP Warning:  Uninitialized string offset 42 in /work/kc_php/drv.php(171) : eval()'d code on line 3
PHP Warning:  Uninitialized string offset 9223372036854775807 in /work/kc_php/drv.php(171) : eval()'d code on line 3
PHP Warning:  Uninitialized string offset 9007199254740993 in /work/kc_php/drv.php(171) : eval()'d code on line 3
PHP Warning:  String offset cast occurred in /work/kc_php/drv.php(171) : eval()'d code on line 3
PHP Warning:  String offset cast occurred in /work/kc_php/drv.php(171) : eval()'d code on line 3
PHP Warning:  Uninitialized string offset 3 in /work/kc_php/drv.php(171) : eval()'d code on line 3
PHP Warning:  String offset cast occurred in /work/kc_php/drv.php(171) : eval()'d code on line 3
PHP Warning:  String offset cast occurred in /work/kc_php/drv.php(171) : eval()'d code on line 3
PHP Warning:  String offset cast occurred in /work/kc_php/drv.php(171) : eval()'d code on line 3
PHP Warning:  String offset cast occurred in /work/kc_php/drv.php(171) : eval()'d code on line 3
PHP Warning:  String offset cast occurred in /work/kc_php/drv.php(171) : eval()'d code on line 3
PHP Warning:  Uninitialized string offset 1 in /work/kc_php/drv.php(171) : eval()'d code on line 3
PHP Warning:  String offset cast occurred in /work/kc_php/drv.php(171) : eval()'d code on line 3
PHP Warning:  Uninitialized string offset 3 in /work/kc_php/drv.php(171) : eval()'d code on line 3
PHP Warning:  String offset cast occurred in /work/kc_php/drv.php(171) : eval()'d code on line 3
PHP Warning:  String offset cast occurred in /work/kc_php/drv.php(171) : eval()'d code on line 3
PHP Warning:  String offset cast occurred in /work/kc_php/drv.php(171) : eval()'d code on line 3
PHP Warning:  String offset cast occurred in /work/kc_php/drv.php(171) : eval()'d code on line 3
PHP Warning:  String offset cast occurred in /work/kc_php/drv.php(171) : eval()'d code on line 3
PHP Warning:  String offset cast occurred in /work/kc_php/drv.php(171) : eval()'d code on line 3
PHP Warning:  String offset cast occurred in /work/kc_php/drv.php(171) : eval()'d code on line 3
PHP Warning:  String offset cast occurred in /work/kc_php/drv.php(171) : eval()'d code on line 3
PHP Warning:  String offset cast occurred in /work/kc_php/drv.php(171) : eval()'d code on line 3
PHP Warning:  String offset cast occurred in /work/kc_php/drv.php(171) : eval()'d code on line 3
PHP Warning:  String offset cast occurred in /work/kc_php/drv.php(171) : eval()'d code on line 3
PHP Warning:  String offset cast occurred in /work/kc_php/drv.php(171) : eval()'d code on line 3
PHP Warning:  String offset cast occurred in /work/kc_php/drv.php(171) : eval()'d code on line 3
PHP Warning:  String offset cast occurred in /work/kc_php/drv.php(171) : eval()'d code on line 3
PHP Warning:  String offset cast occurred in /work/kc_php/drv.php(171) : eval()'d code on line 3
PHP Warning:  String offset cast occurred in /work/kc_php/drv.php(171) : eval()'d code on line 3
PHP Warning:  String offset cast occurred in /work/kc_php/drv.php(171) : eval()'d code on line 3
PHP Warning:  String offset cast occurred in /work/kc_php/drv.php(171) : eval()'d code on line 3
PHP Warning:  String offset cast occurred in /work/kc_php/drv.php(171) : eval()'d code on line 3
PHP Warning:  String offset cast occurred in /work/kc_php/drv.php(171) : eval()'d code on line 3
PHP Warning:  String offset cast occurred in /work/kc_php/drv.php(171) : eval()'d code on line 3
PHP Warning:  String offset cast occurred in /work/kc_php/drv.php(171) : eval()'d code on line 3
PHP Warning:  String offset cast occurred in /work/kc_php/drv.php(171) : eval()'d code on line 3
PHP Warning:  String offset cast occurred in /work/kc_php/drv.php(171) : eval()'d code on line 3
PHP Warning:  String offset cast occurred in /work/kc_php/drv.php(171) : eval()'d code on line 3
PHP Warning:  String offset cast occurred in /work/kc_php/drv.php(171) : eval()'d code on line 3
PHP Warning:  String offset cast occurred in /work/kc_php/drv.php(171) : eval()'d code on line 3
PHP Warning:  String offset cast occurred in /work/kc_php/drv.php(171) : eval()'d code on line 3
PHP Warning:  Trying to access array offset on float in /work/kc_php/drv.php(171) : eval()'d code on line 3
PHP Warning:  Trying to access array offset on float in /work/kc_php/drv.php(171) : eval()'d code on line 3
PHP Warning:  Trying to access array offset on float in /work/kc_php/drv.php(171) : eval()'d code on line 3
PHP Warning:  Trying to access array offset on float in /work/kc_php/drv.php(171) : eval()'d code on line 3
PHP Warning:  Trying to access array offset on float in /work/kc_php/drv.php(171) : eval()'d code on line 3
PHP Warning:  Trying to access array offset on float in /work/kc_php/drv.php(171) : eval()'d code on line 3
PHP Warning:  Trying to access array offset on float in /work/kc_php/drv.php(171) : eval()'d code on line 3
PHP Warning:  Trying to access array offset on float in /work/kc_php/drv.php(171) : eval()'d code on line 3
PHP Warning:  Trying to access array offset on float in /work/kc_php/drv.php(171) : eval()'d code on line 3
PHP Warning:  Trying to access array offset on float in /work/kc_php/drv.php(171) : eval()'d code on line 3
PHP Warning:  Trying to access array offset on float in /work/kc_php/drv.php(171) : eval()'d code on line 3
PHP Warning:  Trying to access array offset on float in /work/kc_php/drv.php(171) : eval()'d code on line 3
PHP Warning:  Trying to access array offset on float in /work/kc_php/drv.php(171) : eval()'d code on line 3
PHP Warning:  Trying to access array offset on float in /work/kc_php/drv.php(171) : eval()'d code on line 3
PHP Warning:  Trying to access array offset on float in /work/kc_php/drv.php(171) : eval()'d code on line 3
PHP Warning:  Trying to access array offset on float in /work/kc_php/drv.php(171) : eval()'d code on line 3
PHP Warning:  Trying to access array offset on float in /work/kc_php/drv.php(171) : eval()'d code on line 3
PHP Warning:  Trying to access array offset on float in /work/kc_php/drv.php(171) : eval()'d code on line 3
PHP Warning:  Trying to access array offset on float in /work/kc_php/drv.php(171) : eval()'d code on line 3
PHP Warning:  Trying to access array offset on float in /work/kc_php/drv.php(171) : eval()'d code on line 3
PHP Warning:  Trying to access array offset on float in /work/kc_php/drv.php(171) : eval()'d code on line 3
PHP Warning:  Trying to access array offset on float in /work/kc_php/drv.php(171) : eval()'d code on line 3
PHP Warning:  Trying to access array offset on float in /work/kc_php/drv.php(171) : eval()'d code on line 3
PHP Warning:  Trying to access array offset on float in /work/kc_php/drv.php(171) : eval()'d code on line 3
PHP Warning:  Trying to access array offset on float in /work/kc_php/drv.php(171) : eval()'d code on line 3
PHP Warning:  Trying to access array offset on float in /work/kc_php/drv.php(171) : eval()'d code on line 3
PHP Warning:  Trying to access array offset on float in /work/kc_php/drv.php(171) : eval()'d code on line 3
PHP Warning:  Trying to access array offset on float in /work/kc_php/drv.php(171) : eval()'d code on line 3
PHP Warning:  Trying to access array offset on float in /work/kc_php/drv.php(171) : eval()'d code on line 3
PHP Warning:  Trying to access array offset on float in /work/kc_php/drv.php(171) : eval()'d code on line 3
PHP Warning:  Trying to access array offset on float in /work/kc_php/drv.php(171) : eval()'d code on line 3
PHP Warning:  Trying to access array offset on float in /work/kc_php/drv.php(171) : eval()'d code on line 3
PHP Warning:  Trying to access array offset on float in /work/kc_php/drv.php(171) : eval()'d code on line 3
PHP Warning:  Trying to access array offset on float in /work/kc_php/drv.php(171) : eval()'d code on line 3
PHP Warning:  Trying to access array offset on float in /work/kc_php/drv.php(171) : eval()'d code on line 3
PHP Warning:  Trying to access array offset on float in /work/kc_php/drv.php(171) : eval()'d code on line 3
PHP Warning:  Trying to access array offset on float in /work/kc_php/drv.php(171) : eval()'d code on line 3
PHP Warning:  Trying to access array offset on float in /work/kc_php/drv.php(171) : eval()'d code on line 3
PHP Warning:  Trying to access array offset on float in /work/kc_php/drv.php(171) : eval()'d code on line 3
PHP Warning:  Trying to access array offset on float in /work/kc_php/drv.php(171) : eval()'d code on line 3
PHP Warning:  Trying to access array offset on float in /work/kc_php/drv.php(171) : eval()'d code on line 3
PHP Warning:  Trying to access array offset on float in /work/kc_php/drv.php(171) : eval()'d code on line 3
PHP Warning:  Trying to access array offset on float in /work/kc_php/drv.php(171) : eval()'d code on line 3
PHP Warning:  Trying to access array offset on float in /work/kc_php/drv.php(171) : eval()'d code on line 3
PHP Warning:  Trying to access array offset on float in /work/kc_php/drv.php(171) : eval()'d code on line 3
PHP Warning:  Trying to access array offset on float in /work/kc_php/drv.php(171) : eval()'d code on line 3
PHP Warning:  Trying to access array offset on float in /work/kc_php/drv.php(171) : eval()'d code on line 3
PHP Warning:  Trying to access array offset on float in /work/kc_php/drv.php(171) : eval()'d code on line 3
PHP Warning:  Trying to access array offset on float in /work/kc_php/drv.php(171) : eval()'d code on line 3
PHP Warning:  Trying to access array offset on float in /work/kc_php/drv.php(171) : eval()'d code on line 3
PHP Warning:  Trying to access array offset on float in /work/kc_php/drv.php(171) : eval()'d code on line 3
PHP Warning:  Trying to access array offset on float in /work/kc_php/drv.php(171) : eval()'d code on line 3
PHP Warning:  Trying to access array offset on float in /work/kc_php/drv.php(171) : eval()'d code on line 3
PHP Warning:  Trying to access array offset on float in /work/kc_php/drv.php(171) : eval()'d code on line 3
PHP Warning:  Trying to access array offset on float in /work/kc_php/drv.php(171) : eval()'d code on line 3
PHP Warning:  Trying to access array offset on float in /work/kc_php/drv.php(171) : eval()'d code on line 3
PHP Warning:  Trying to access array offset on float in /work/kc_php/drv.php(171) : eval()'d code on line 3
PHP Warning:  Trying to access array offset on float in /work/kc_php/drv.php(171) : eval()'d code on line 3
PHP Warning:  Trying to access array offset on float in /work/kc_php/drv.php(171) : eval()'d code on line 3
PHP Warning:  Trying to access array offset on float in /work/kc_php/drv.php(171) : eval()'d code on line 3
PHP Warning:  Trying to access array offset on float in /work/kc_php/drv.php(171) : eval()'d code on line 3
PHP Warning:  Trying to access array offset on float in /work/kc_php/drv.php(171) : eval()'d code on line 3
PHP Warning:  Trying to access array offset on float in /work/kc_php/drv.php(171) : eval()'d code on line 3
PHP Warning:  Trying to access array offset on float in /work/kc_php/drv.php(171) : eval()'d code on line 3
PHP Warning:  Trying to access array offset on float in /work/kc_php/drv.php(171) : eval()'d code on line 3
PHP Warning:  Trying to access array offset on float in /work/kc_php/drv.php(171) : eval()'d code on line 3
PHP Warning:  Trying to access array offset on float in /work/kc_php/drv.php(171) : eval()'d code on line 3
PHP Warning:  Trying to access array offset on float in /work/kc_php/drv.php(171) : eval()'d code on line 3
PHP Warning:  Trying to access array offset on float in /work/kc_php/drv.php(171) : eval()'d code on line 3
PHP Warning:  Trying to access array offset on float in /work/kc_php/drv.php(171) : eval()'d code on line 3
PHP Warning:  Trying to access array offset on float in /work/kc_php/drv.php(171) : eval()'d code on line 3
PHP Warning:  Trying to access array offset on float in /work/kc_php/drv.php(171) : eval()'d code on line 3
PHP Warning:  Trying to access array offset on float in /work/kc_php/drv.php(171) : eval()'d code on line 3
PHP Warning:  Trying to access array offset on float in /work/kc_php/drv.php(171) : eval()'d code on line 3
PHP Warning:  Trying to access array offset on float in /work/kc_php/drv.php(171) : eval()'d code on line 3
PHP Warning:  Trying to access array offset on float in /work/kc_php/drv.php(171) : eval()'d code on line 3
PHP Warning:  Trying to access array offset on float in /work/kc_php/drv.php(171) : eval()'d code on line 3
PHP Warning:  Trying to access array offset on float in /work/kc_php/drv.php(171) : eval()'d code on line 3
PHP Warning:  Trying to access array offset on float in /work/kc_php/drv.php(171) : eval()'d code on line 3
PHP Warning:  Trying to access array offset on float in /work/kc_php/drv.php(171) : eval()'d code on line 3
PHP Warning:  Trying to access array offset on float in /work/kc_php/drv.php(171) : eval()'d code on line 3
PHP Warning:  Trying to access array offset on float in /work/kc_php/drv.php(171) : eval()'d code on line 3
PHP Warning:  Trying to access array offset on float in /work/kc_php/drv.php(171) : eval()'d code on line 3
PHP Warning:  Trying to access array offset on float in /work/kc_php/drv.php(171) : eval()'d code on line 3
PHP Warning:  Trying to access array offset on float in /work/kc_php/drv.php(171) : eval()'d code on line 3
PHP Warning:  Trying to access array offset on float in /work/kc_php/drv.php(171) : eval()'d code on line 3
PHP Warning:  Trying to access array offset on float in /work/kc_php/drv.php(171) : eval()'d code on line 3
PHP Warning:  Trying to access array offset on float in /work/kc_php/drv.php(171) : eval()'d code on line 3
PHP Warning:  Trying to access array offset on float in /work/kc_php/drv.php(171) : eval()'d code on line 3
PHP Warning:  Trying to access array offset on float in /work/kc_php/drv.php(171) : eval()'d code on line 3
PHP Warning:  Trying to access array offset on float in /work/kc_php/drv.php(171) : eval()'d code on line 3
PHP Warning:  Trying to access array offset on float in /work/kc_php/drv.php(171) : eval()'d code on line 3
PHP Warning:  Trying to access array offset on float in /work/kc_php/drv.php(171) : eval()'d code on line 3
PHP Warning:  Trying to access array offset on float in /work/kc_php/drv.php(171) : eval()'d code on line 3
PHP Warning:  Trying to access array offset on float in /work/kc_php/drv.php(171) : eval()'d code on line 3
PHP Warning:  Trying to access array offset on float in /work/kc_php/drv.php(171) : eval()'d code on line 3
PHP Warning:  Trying to access array offset on float in /work/kc_php/drv.php(171) : eval()'d code on line 3
PHP Warning:  Trying to access array offset on float in /work/kc_php/drv.php(171) : eval()'d code on line 3
PHP Warning:  Trying to access array offset on float in /work/kc_php/drv.php(171) : eval()'d code on line 3
PHP Warning:  Trying to access array offset on float in /work/kc_php/drv.php(171) : eval()'d code on line 3
PHP Warning:  Trying to access array offset on float in /work/kc_php/drv.php(171) : eval()'d code on line 3
PHP Warning:  Trying to access array offset on float in /work/kc_php/drv.php(171) : eval()'d code on line 3
PHP Warning:  Trying to access array offset on float in /work/kc_php/drv.php(171) : eval()'d code on line 3
PHP Warning:  Trying to access array offset on float in /work/kc_php/drv.php(171) : eval()'d code on line 3
PHP Warning:  Trying to access array offset on float in /work/kc_php/drv.php(171) : eval()'d code on line 3
PHP Warning:  Trying to access array offset on float in /work/kc_php/drv.php(171) : eval()'d code on line 3
PHP Warning:  Trying to access array offset on float in /work/kc_php/drv.php(171) : eval()'d code on line 3
PHP Warning:  Trying to access array offset on float in /work/kc_php/drv.php(171) : eval()'d code on line 3
PHP Warning:  Trying to access array offset on float in /work/kc_php/drv.php(171) : eval()'d code on line 3
PHP Warning:  Trying to access array offset on float in /work/kc_php/drv.php(171) : eval()'d code on line 3
PHP Warning:  Trying to access array offset on float in /work/kc_php/drv.php(171) : eval()'d code on line 3
PHP Warning:  Trying to access array offset on float in /work/kc_php/drv.php(171) : eval()'d code on line 3
PHP Warning:  Trying to access array offset on float in /work/kc_php/drv.php(171) : eval()'d code on line 3
PHP Warning:  Trying to access array offset on float in /work/kc_php/drv.php(171) : eval()'d code on line 3
PHP Warning:  Trying to access array offset on float in /work/kc_php/drv.php(171) : eval()'d code on line 3
PHP Warning:  Trying to access array offset on float in /work/kc_php/drv.php(171) : eval()'d code on line 3
PHP Warning:  Trying to access array offset on float in /work/kc_php/drv.php(171) : eval()'d code on line 3
PHP Warning:  Trying to access array offset on float in /work/kc_php/drv.php(171) : eval()'d code on line 3
PHP Warning:  Trying to access array offset on float in /work/kc_php/drv.php(171) : eval()'d code on line 3
PHP Warning:  Trying to access array offset on float in /work/kc_php/drv.php(171) : eval()'d code on line 3
PHP Warning:  Trying to access array offset on float in /work/kc_php/drv.php(171) : eval()'d code on line 3
PHP Warning:  Trying to access array offset on float in /work/kc_php/drv.php(171) : eval()'d code on line 3
PHP Warning:  Trying to access array offset on float in /work/kc_php/drv.php(171) : eval()'d code on line 3
PHP Warning:  Trying to access array offset on float in /work/kc_php/drv.php(171) : eval()'d code on line 3
PHP Warning:  Trying to access array offset on float in /work/kc_php/drv.php(171) : eval()'d code on line 3
PHP Warning:  Trying to access array offset on float in /work/kc_php/drv.php(171) : eval()'d code on line 3
PHP Warning:  Trying to access array offset on float in /work/kc_php/drv.php(171) : eval()'d code on line 3
PHP Warning:  Trying to access array offset on float in /work/kc_php/drv.php(171) : eval()'d code on line 3
PHP Warning:  Trying to access array offset on float in /work/kc_php/drv.php(171) : eval()'d code on line 3
PHP Warning:  Trying to access array offset on float in /work/kc_php/drv.php(171) : eval()'d code on line 3
PHP Warning:  Trying to access array offset on float in /work/kc_php/drv.php(171) : eval()'d code on line 3
PHP Warning:  Trying to access array offset on float in /work/kc_php/drv.php(171) : eval()'d code on line 3
PHP Warning:  Trying to access array offset on float in /work/kc_php/drv.php(171) : eval()'d code on line 3
PHP Warning:  Trying to access array offset on float in /work/kc_php/drv.php(171) : eval()'d code on line 3
PHP Warning:  Trying to access array offset on float in /work/kc_php/drv.php(171) : eval()'d code on line 3
PHP Warning:  Trying to access array offset on float in /work/kc_php/drv.php(171) : eval()'d code on line 3
PHP Warning:  Trying to access array offset on float in /work/kc_php/drv.php(171) : eval()'d code on line 3
PHP Warning:  Trying to access array offset on float in /work/kc_php/drv.php(171) : eval()'d code on line 3
PHP Warning:  Trying to access array offset on float in /work/kc_php/drv.php(171) : eval()'d code on line 3
PHP Warning:  Trying to access array offset on float in /work/kc_php/drv.php(171) : eval()'d code on line 3
PHP Warning:  Trying to access array offset on float in /work/kc_php/drv.php(171) : eval()'d code on line 3
PHP Warning:  Trying to access array offset on float in /work/kc_php/drv.php(171) : eval()'d code on line 3
PHP Warning:  Trying to access array offset on float in /work/kc_php/drv.php(171) : eval()'d code on line 3
PHP Warning:  Trying to access array offset on float in /work/kc_php/drv.php(171) : eval()'d code on line 3
PHP Warning:  Trying to access array offset on float in /work/kc_php/drv.php(171) : eval()'d code on line 3
PHP Warning:  Trying to access array offset on float in /work/kc_php/drv.php(171) : eval()'d code on line 3
PHP Warning:  Trying to access array offset on float in /work/kc_php/drv.php(171) : eval()'d code on line 3
PHP Warning:  Trying to access array offset on float in /work/kc_php/drv.php(171) : eval()'d code on line 3
PHP Warning:  Trying to access array offset on float in /work/kc_php/drv.php(171) : eval()'d code on line 3
PHP Warning:  Trying to access array offset on float in /work/kc_php/drv.php(171) : eval()'d code on line 3
PHP Warning:  Trying to access array offset on float in /work/kc_php/drv.php(171) : eval()'d code on line 3
PHP Warning:  Trying to access array offset on float in /work/kc_php/drv.php(171) : eval()'d code on line 3
PHP Warning:  Trying to access array offset on float in /work/kc_php/drv.php(171) : eval()'d code on line 3
PHP Warning:  Trying to access array offset on float in /work/kc_php/drv.php(171) : eval()'d code on line 3
PHP Warning:  Trying to access array offset on float in /work/kc_php/drv.php(171) : eval()'d code on line 3
PHP Warning:  Trying to access array offset on float in /work/kc_php/drv.php(171) : eval()'d code on line 3
PHP Warning:  Trying to access array offset on float in /work/kc_php/drv.php(171) : eval()'d code on line 3
PHP Warning:  Trying to access array offset on float in /work/kc_php/drv.php(171) : eval()'d code on line 3
PHP Warning:  Trying to access array offset on float in /work/kc_php/drv.php(171) : eval()'d code on line 3
PHP Warning:  Trying to access array offset on float in /work/kc_php/drv.php(171) : eval()'d code on line 3
PHP Warning:  Trying to access array offset on float in /work/kc_php/drv.php(171) : eval()'d code on line 3
PHP Warning:  Trying to access array offset on float in /work/kc_php/drv.php(171) : eval()'d code on line 3
PHP Warning:  Trying to access array offset on float in /work/kc_php/drv.php(171) : eval()'d code on line 3
PHP Warning:  Trying to access array offset on float in /work/kc_php/drv.php(171) : eval()'d code on line 3
PHP Warning:  Trying to access array offset on float in /work/kc_php/drv.php(171) : eval()'d code on line 3
PHP Warning:  Trying to access array offset on float in /work/kc_php/drv.php(171) : eval()'d code on line 3
PHP Warning:  Trying to access array offset on float in /work/kc_php/drv.php(171) : eval()'d code on line 3
PHP Warning:  Trying to access array offset on float in /work/kc_php/drv.php(171) : eval()'d code on line 3
PHP Warning:  Trying to access array offset on float in /work/kc_php/drv.php(171) : eval()'d code on line 3
PHP Warning:  Trying to access array offset on float in /work/kc_php/drv.php(171) : eval()'d code on line 3
PHP Warning:  Trying to access array offset on float in /work/kc_php/drv.php(171) : eval()'d code on line 3
PHP Warning:  Trying to access array offset on float in /work/kc_php/drv.php(171) : eval()'d code on line 3
PHP Warning:  Trying to access array offset on float in /work/kc_php/drv.php(171) : eval()'d code on line 3
PHP Warning:  Trying to access array offset on float in /work/kc_php/drv.php(171) : eval()'d code on line 3
PHP Warning:  Trying to access array offset on float in /work/kc_php/drv.php(171) : eval()'d code on line 3
PHP Warning:  Trying to access array offset on float in /work/kc_php/drv.php(171) : eval()'d code on line 3
PHP Warning:  Trying to access array offset on float in /work/kc_php/drv.php(171) : eval()'d code on line 3
PHP Warning:  Trying to access array offset on float in /work/kc_php/drv.php(171) : eval()'d code on line 3
PHP Warning:  Trying to access array offset on float in /work/kc_php/drv.php(171) : eval()'d code on line 3
PHP Warning:  Trying to access array offset on float in /work/kc_php/drv.php(171) : eval()'d code on line 3
PHP Warning:  Trying to access array offset on float in /work/kc_php/drv.php(171) : eval()'d code on line 3
PHP Warning:  Trying to access array offset on float in /work/kc_php/drv.php(171) : eval()'d code on line 3
PHP Warning:  Trying to access array offset on float in /work/kc_php/drv.php(171) : eval()'d code on line 3
PHP Warning:  Trying to access array offset on float in /work/kc_php/drv.php(171) : eval()'d code on line 3
PHP Warning:  Trying to access array offset on float in /work/kc_php/drv.php(171) : eval()'d code on line 3
PHP Warning:  Trying to access array offset on float in /work/kc_php/drv.php(171) : eval()'d code on line 3
PHP Warning:  Trying to access array offset on float in /work/kc_php/drv.php(171) : eval()'d code on line 3
PHP Warning:  Trying to access array offset on float in /work/kc_php/drv.php(171) : eval()'d code on line 3
PHP Warning:  Trying to access array offset on float in /work/kc_php/drv.php(171) : eval()'d code on line 3
PHP Warning:  Trying to access array offset on float in /work/kc_php/drv.php(171) : eval()'d code on line 3
PHP Warning:  Trying to access array offset on float in /work/kc_php/drv.php(171) : eval()'d code on line 3
PHP Warning:  Trying to access array offset on float in /work/kc_php/drv.php(171) : eval()'d code on line 3
PHP Warning:  Trying to access array offset on float in /work/kc_php/drv.php(171) : eval()'d code on line 3
PHP Warning:  Trying to access array offset on float in /work/kc_php/drv.php(171) : eval()'d code on line 3
PHP Warning:  Trying to access array offset on float in /work/kc_php/drv.php(171) : eval()'d code on line 3
PHP Warning:  Trying to access array offset on float in /work/kc_php/drv.php(171) : eval()'d code on line 3
PHP Warning:  Trying to access array offset on float in /work/kc_php/drv.php(171) : eval()'d code on line 3
PHP Warning:  Trying to access array offset on float in /work/kc_php/drv.php(171) : eval()'d code on line 3
PHP Warning:  Trying to access array offset on float in /work/kc_php/drv.php(171) : eval()'d code on line 3
PHP Warning:  Trying to access array offset on float in /work/kc_php/drv.php(171) : eval()'d code on line 3
PHP Warning:  Trying to access array offset on float in /work/kc_php/drv.php(171) : eval()'d code on line 3
PHP Warning:  Trying to access array offset on float in /work/kc_php/drv.php(171) : eval()'d code on line 3
PHP Warning:  Trying to access array offset on float in /work/kc_php/drv.php(171) : eval()'d code on line 3
PHP Warning:  Trying to access array offset on float in /work/kc_php/drv.php(171) : eval()'d code on line 3
PHP Warning:  Trying to access array offset on float in /work/kc_php/drv.php(171) : eval()'d code on line 3
PHP Warning:  Trying to access array offset on float in /work/kc_php/drv.php(171) : eval()'d code on line 3
PHP Warning:  Trying to access array offset on float in /work/kc_php/drv.php(171) : eval()'d code on line 3
PHP Warning:  Trying to access array offset on float in /work/kc_php/drv.php(171) : eval()'d code on line 3
PHP Warning:  Trying to access array offset on float in /work/kc_php/drv.php(171) : eval()'d code on line 3
PHP Warning:  Trying to access array offset on float in /work/kc_php/drv.php(171) : eval()'d code on line 3
PHP Warning:  Trying to access array offset on float in /work/kc_php/drv.php(171) : eval()'d code on line 3
PHP Warning:  Trying to access array offset on float in /work/kc_php/drv.php(171) : eval()'d code on line 3
PHP Warning:  Trying to access array offset on float in /work/kc_php/drv.php(171) : eval()'d code on line 3
PHP Warning:  Trying to access array offset on float in /work/kc_php/drv.php(171) : eval()'d code on line 3
PHP Warning:  Trying to access array offset on float in /work/kc_php/drv.php(171) : eval()'d code on line 3
PHP Warning:  Trying to access array offset on float in /work/kc_php/drv.php(171) : eval()'d code on line 3
PHP Warning:  Trying to access array offset on float in /work/kc_php/drv.php(171) : eval()'d code on line 3
PHP Warning:  Trying to access array offset on float in /work/kc_php/drv.php(171) : eval()'d code on line 3
PHP Warning:  Trying to access array offset on float in /work/kc_php/drv.php(171) : eval()'d code on line 3
PHP Warning:  Trying to access array offset on float in /work/kc_php/drv.php(171) : eval()'d code on line 3
PHP Warning:  Trying to access array offset on float in /work/kc_php/drv.php(171) : eval()'d code on line 3
PHP Warning:  Trying to access array offset on float in /work/kc_php/drv.php(171) : eval()'d code on line 3
PHP Warning:  Trying to access array offset on float in /work/kc_php/drv.php(171) : eval()'d code on line 3
PHP Warning:  Trying to access array offset on float in /work/kc_php/drv.php(171) : eval()'d code on line 3
PHP Warning:  Trying to access array offset on float in /work/kc_php/drv.php(171) : eval()'d code on line 3
PHP Warning:  Trying to access array offset on float in /work/kc_php/drv.php(171) : eval()'d code on line 3
PHP Warning:  Trying to access array offset on float in /work/kc_php/drv.php(171) : eval()'d code on line 3
PHP Warning:  Trying to access array offset on float in /work/kc_php/drv.php(171) : eval()'d code on line 3
PHP Warning:  Trying to access array offset on float in /work/kc_php/drv.php(171) : eval()'d code on line 3
PHP Warning:  Trying to access array offset on float in /work/kc_php/drv.php(171) : eval()'d code on line 3
PHP Warning:  Trying to access array offset on float in /work/kc_php/drv.php(171) : eval()'d code on line 3
PHP Warning:  Trying to access array offset on float in /work/kc_php/drv.php(171) : eval()'d code on line 3
PHP Warning:  Trying to access array offset on float in /work/kc_php/drv.php(171) : eval()'d code on line 3
PHP Warning:  Trying to access array offset on float in /work/kc_php/drv.php(171) : eval()'d code on line 3
PHP Warning:  Trying to access array offset on float in /work/kc_php/drv.php(171) : eval()'d code on line 3
PHP Warning:  Trying to access array offset on float in /work/kc_php/drv.php(171) : eval()'d code on line 3
PHP Warning:  Trying to access array offset on float in /work/kc_php/drv.php(171) : eval()'d code on line 3
PHP Warning:  Trying to access array offset on float in /work/kc_php/drv.php(171) : eval()'d code on line 3
PHP Warning:  Trying to access array offset on float in /work/kc_php/drv.php(171) : eval()'d code on line 3
PHP Warning:  Trying to access array offset on float in /work/kc_php/drv.php(171) : eval()'d code on line 3
PHP Warning:  Trying to access array offset on float in /work/kc_php/drv.php(171) : eval()'d code on line 3
PHP Warning:  Trying to access array offset on float in /work/kc_php/drv.php(171) : eval()'d code on line 3
PHP Warning:  Trying to access array offset on float in /work/kc_php/drv.php(171) : eval()'d code on line 3
PHP Warning:  Trying to access array offset on float in /work/kc_php/drv.php(171) : eval()'d code on line 3
PHP Warning:  Trying to access array offset on float in /work/kc_php/drv.php(171) : eval()'d code on line 3
PHP Warning:  Trying to access array offset on float in /work/kc_php/drv.php(171) : eval()'d code on line 3
PHP Warning:  Trying to access array offset on float in /work/kc_php/drv.php(171) : eval()'d code on line 3
PHP Warning:  Trying to access array offset on float in /work/kc_php/drv.php(171) : eval()'d code on line 3
PHP Warning:  Trying to access array offset on float in /work/kc_php/drv.php(171) : eval()'d code on line 3
PHP Warning:  Trying to access array offset on float in /work/kc_php/drv.php(171) : eval()'d code on line 3
PHP Warning:  Trying to access array offset on float in /work/kc_php/drv.php(171) : eval()'d code on line 3
PHP Warning:  Trying to access array offset on float in /work/kc_php/drv.php(171) : eval()'d code on line 3
PHP Warning:  Trying to access array offset on float in /work/kc_php/drv.php(171) : eval()'d code on line 3
PHP Warning:  Trying to access array offset on float in /work/kc_php/drv.php(171) : eval()'d code on line 3
PHP Warning:  Trying to access array offset on float in /work/kc_php/drv.php(171) : eval()'d code on line 3
PHP Warning:  Trying to access array offset on float in /work/kc_php/drv.php(171) : eval()'d code on line 3
PHP Warning:  Trying to access array offset on float in /work/kc_php/drv.php(171) : eval()'d code on line 3
PHP Warning:  Trying to access array offset on float in /work/kc_php/drv.php(171) : eval()'d code on line 3
PHP Warning:  Trying to access array offset on float in /work/kc_php/drv.php(171) : eval()'d code on line 3
PHP Warning:  Trying to access array offset on float in /work/kc_php/drv.php(171) : eval()'d code on line 3
PHP Warning:  Trying to access array offset on float in /work/kc_php/drv.php(171) : eval()'d code on line 3
PHP Warning:  Trying to access array offset on float in /work/kc_php/drv.php(171) : eval()'d code on line 3
PHP Warning:  Trying to access array offset on float in /work/kc_php/drv.php(171) : eval()'d code on line 3
PHP Warning:  Trying to access array offset on float in /work/kc_php/drv.php(171) : eval()'d code on line 3
PHP Warning:  Trying to access array offset on float in /work/kc_php/drv.php(171) : eval()'d code on line 3
PHP Warning:  Trying to access array offset on float in /work/kc_php/drv.php(171) : eval()'d code on line 3
PHP Warning:  Trying to access array offset on float in /work/kc_php/drv.php(171) : eval()'d code on line 3
PHP Warning:  Trying to access array offset on float in /work/kc_php/drv.php(171) : eval()'d code on line 3
PHP Warning:  Trying to access array offset on float in /work/kc_php/drv.php(171) : eval()'d code on line 3
PHP Warning:  Trying to access array offset on float in /work/kc_php/drv.php(171) : eval()'d code on line 3
PHP Warning:  Trying to access array offset on float in /work/kc_php/drv.php(171) : eval()'d code on line 3
PHP Warning:  Trying to access array offset on float in /work/kc_php/drv.php(171) : eval()'d code on line 3
PHP Warning:  Trying to access array offset on float in /work/kc_php/drv.php(171) : eval()'d code on line 3
PHP Warning:  Trying to access array offset on float in /work/kc_php/drv.php(171) : eval()'d code on line 3
PHP Warning:  Trying to access array offset on float in /work/kc_php/drv.php(171) : eval()'d code on line 3
PHP Warning:  Trying to access array offset on float in /work/kc_php/drv.php(171) : eval()'d code on line 3
PHP Warning:  Trying to access array offset on float in /work/kc_php/drv.php(171) : eval()'d code on line 3
PHP Warning:  Trying to access array offset on float in /work/kc_php/drv.php(171) : eval()'d code on line 3
PHP Warning:  Trying to access array offset on float in /work/kc_php/drv.php(171) : eval()'d code on line 3
PHP Warning:  Trying to access array offset on float in /work/kc_php/drv.php(171) : eval()'d code on line 3
PHP Warning:  Trying to access array offset on float in /work/kc_php/drv.php(171) : eval()'d code on line 3
PHP Warning:  Trying to access array offset on float in /work/kc_php/drv.php(171) : eval()'d code on line 3
PHP Warning:  Trying to access array offset on float in /work/kc_php/drv.php(171) : eval()'d code on line 3
PHP Warning:  Trying to access array offset on float in /work/kc_php/drv.php(171) : eval()'d code on line 3
PHP Warning:  Trying to access array offset on float in /work/kc_php/drv.php(171) : eval()'d code on line 3
PHP Warning:  Trying to access array offset on float in /work/kc_php/drv.php(171) : eval()'d code on line 3
PHP Warning:  Trying to access array offset on float in /work/kc_php/drv.php(171) : eval()'d code on line 3
PHP Warning:  Trying to access array offset on float in /work/kc_php/drv.php(171) : eval()'d code on line 3
PHP Warning:  Trying to access array offset on float in /work/kc_php/drv.php(171) : eval()'d code on line 6
PHP Warning:  Trying to access array offset on float in /work/kc_php/drv.php(171) : eval()'d code on line 4
PHP Warning:  Trying to access array offset on float in /work/kc_php/drv.php(171) : eval()'d code on line 3
PHP Warning:  Trying to access array offset on float in /work/kc_php/drv.php(171) : eval()'d code on line 8
PHP Warning:  Trying to access array offset on float in /work/kc_php/drv.php(171) : eval()'d code on line 5
PHP Warning:  Trying to access array offset on float in /work/kc_php/drv.php(171) : eval()'d code on line 6
PHP Warning:  Trying to access array offset on float in /work/kc_php/drv.php(171) : eval()'d code on line 4
PHP Warning:  Trying to access array offset on float in /work/kc_php/drv.php(171) : eval()'d code on line 3
PHP Warning:  Trying to access array offset on float in /work/kc_php/drv.php(171) : eval()'d code on line 8
PHP Warning:  Trying to access array offset on float in /work/kc_php/drv.php(171) : eval()'d code on line 5
PHP Warning:  Trying to access array offset on float in /work/kc_php/drv.php(171) : eval()'d code on line 6
PHP Warning:  Trying to access array offset on float in /work/kc_php/drv.php(171) : eval()'d code on line 4
PHP Warning:  Trying to access array offset on float in /work/kc_php/drv.php(171) : eval()'d code on line 3
PHP Warning:  Trying to access array offset on float in /work/kc_php/drv.php(171) : eval()'d code on line 8
PHP Warning:  Trying to access array offset on float in /work/kc_php/drv.php(171) : eval()'d code on line 5
PHP Warning:  Trying to access array offset on float in /work/kc_php/drv.php(171) : eval()'d code on line 6
PHP Warning:  Trying to access array offset on float in /work/kc_php/drv.php(171) : eval()'d code on line 4
PHP Warning:  Trying to access array offset on float in /work/kc_php/drv.php(171) : eval()'d code on line 3
PHP Warning:  Trying to access array offset on float in /work/kc_php/drv.php(171) : eval()'d code on line 8
PHP Warning:  Trying to access array offset on float in /work/kc_php/drv.php(171) : eval()'d code on line 5
PHP Warning:  Trying to access array offset on float in /work/kc_php/drv.php(171) : eval()'d code on line 6
PHP Warning:  Trying to access array offset on float in /work/kc_php/drv.php(171) : eval()'d code on line 4
PHP Warning:  Trying to access array offset on float in /work/kc_php/drv.php(171) : eval()'d code on line 3
PHP Warning:  Trying to access array offset on float in /work/kc_php/drv.php(171) : eval()'d code on line 8
PHP Warning:  Trying to access array offset on float in /work/kc_php/drv.php(171) : eval()'d code on line 5
PHP Warning:  Trying to access array offset on float in /work/kc_php/drv.php(171) : eval()'d code on line 6
PHP Warning:  Trying to access array offset on float in /work/kc_php/drv.php(171) : eval()'d code on line 4
PHP Warning:  Trying to access array offset on float in /work/kc_php/drv.php(171) : eval()'d code on line 3
PHP Warning:  Trying to access array offset on float in /work/kc_php/drv.php(171) : eval()'d code on line 8
PHP Warning:  Trying to access array offset on float in /work/kc_php/drv.php(171) : eval()'d code on line 5
PHP Warning:  Trying to access array offset on float in /work/kc_php/drv.php(171) : eval()'d code on line 3
PHP Warning:  Trying to access array offset on float in /work/kc_php/drv.php(171) : eval()'d code on line 3
PHP Warning:  Trying to access array offset on float in /work/kc_php/drv.php(171) : eval()'d code on line 3
PHP Warning:  Trying to access array offset on float in /work/kc_php/drv.php(171) : eval()'d code on line 3
PHP Warning:  Trying to access array offset on float in /work/kc_php/drv.php(171) : eval()'d code on line 3
PHP Warning:  Trying to access array offset on float in /work/kc_php/drv.php(171) : eval()'d code on line 3
PHP Warning:  Trying to access array offset on float in /work/kc_php/drv.php(171) : eval()'d code on line 3
PHP Warning:  Trying to access array offset on float in /work/kc_php/drv.php(171) : eval()'d code on line 3
PHP Warning:  Trying to access array offset on float in /work/kc_php/drv.php(171) : eval()'d code on line 3
PHP Warning:  Trying to access array offset on float in /work/kc_php/drv.php(171) : eval()'d code on line 3
PHP Warning:  Trying to access array offset on float in /work/kc_php/drv.php(171) : eval()'d code on line 3
PHP Warning:  Trying to access array offset on float in /work/kc_php/drv.php(171) : eval()'d code on line 3
PHP Warning:  Trying to access array offset on float in /work/kc_php/drv.php(171) : eval()'d code on line 3
PHP Warning:  Trying to access array offset on float in /work/kc_php/drv.php(171) : eval()'d code on line 3
PHP Warning:  Trying to access array offset on float in /work/kc_php/drv.php(171) : eval()'d code on line 3
PHP Warning:  Trying to access array offset on float in /work/kc_php/drv.php(171) : eval()'d code on line 3
PHP Warning:  Trying to access array offset on float in /work/kc_php/drv.php(171) : eval()'d code on line 3
PHP Warning:  Trying to access array offset on float in /work/kc_php/drv.php(171) : eval()'d code on line 3
PHP Warning:  Trying to access array offset on float in /work/kc_php/drv.php(171) : eval()'d code on line 3
PHP Warning:  Trying to access array offset on float in /work/kc_php/drv.php(171) : eval()'d code on line 3
PHP Warning:  Trying to access array offset on float in /work/kc_php/drv.php(171) : eval()'d code on line 3
PHP Warning:  Trying to access array offset on float in /work/kc_php/drv.php(171) : eval()'d code on line 3
PHP Warning:  Trying to access array offset on float in /work/kc_php/drv.php(171) : eval()'d code on line 3
PHP Warning:  Trying to access array offset on float in /work/kc_php/drv.php(171) : eval()'d code on line 3
PHP Warning:  Trying to access array offset on float in /work/kc_php/drv.php(171) : eval()'d code on line 3
PHP Warning:  Trying to access array offset on float in /work/kc_php/drv.php(171) : eval()'d code on line 3
PHP Warning:  Trying to access array offset on float in /work/kc_php/drv.php(171) : eval()'d code on line 3
PHP Warning:  Trying to access array offset on float in /work/kc_php/drv.php(171) : eval()'d code on line 3
PHP Warning:  Trying to access array offset on float in /work/kc_php/drv.php(171) : eval()'d code on line 3
PHP Warning:  Trying to access array offset on float in /work/kc_php/drv.php(171) : eval()'d code on line 3
PHP Warning:  Trying to access array offset on float in /work/kc_php/drv.php(171) : eval()'d code on line 3
PHP Warning:  Trying to access array offset on float in /work/kc_php/drv.php(171) : eval()'d code on line 4
PHP Warning:  Trying to access array offset on float in /work/kc_php/drv.php(171) : eval()'d code on line 6
PHP Warning:  Trying to access array offset on float in /work/kc_php/drv.php(171) : eval()'d code on line 5
PHP Warning:  Trying to access array offset on float in /work/kc_php/drv.php(171) : eval()'d code on line 4
PHP Warning:  Trying to access array offset on float in /work/kc_php/drv.php(171) : eval()'d code on line 3
PHP Warning:  Trying to access array offset on float in /work/kc_php/drv.php(171) : eval()'d code on line 4
PHP Warning:  Trying to access array offset on float in /work/kc_php/drv.php(171) : eval()'d code on line 6
PHP Warning:  Trying to access array offset on float in /work/kc_php/drv.php(171) : eval()'d code on line 5
PHP Warning:  Trying to access array offset on float in /work/kc_php/drv.php(171) : eval()'d code on line 4
PHP Warning:  Trying to access array offset on float in /work/kc_php/drv.php(171) : eval()'d code on line 3
PHP Warning:  Trying to access array offset on float in /work/kc_php/drv.php(171) : eval()'d code on line 4
PHP Warning:  Trying to access array offset on float in /work/kc_php/drv.php(171) : eval()'d code on line 6
PHP Warning:  Trying to access array offset on float in /work/kc_php/drv.php(171) : eval()'d code on line 5
PHP Warning:  Trying to access array offset on float in /work/kc_php/drv.php(171) : eval()'d code on line 4
PHP Warning:  Trying to access array offset on float in /work/kc_php/drv.php(171) : eval()'d code on line 3
PHP Warning:  Trying to access array offset on float in /work/kc_php/drv.php(171) : eval()'d code on line 4
PHP Warning:  Trying to access array offset on float in /work/kc_php/drv.php(171) : eval()'d code on line 6
PHP Warning:  Trying to access array offset on float in /work/kc_php/drv.php(171) : eval()'d code on line 5
PHP Warning:  Trying to access array offset on float in /work/kc_php/drv.php(171) : eval()'d code on line 4
PHP Warning:  Trying to access array offset on float in /work/kc_php/drv.php(171) : eval()'d code on line 3
PHP Warning:  Trying to access array offset on float in /work/kc_php/drv.php(171) : eval()'d code on line 4
PHP Warning:  Trying to access array offset on float in /work/kc_php/drv.php(171) : eval()'d code on line 6
PHP Warning:  Trying to access array offset on float in /work/kc_php/drv.php(171) : eval()'d code on line 5
PHP Warning:  Trying to access array offset on float in /work/kc_php/drv.php(171) : eval()'d code on line 4
PHP Warning:  Trying to access array offset on float in /work/kc_php/drv.php(171) : eval()'d code on line 3
PHP Warning:  Trying to access array offset on float in /work/kc_php/drv.php(171) : eval()'d code on line 4
PHP Warning:  Trying to access array offset on float in /work/kc_php/drv.php(171) : eval()'d code on line 6
PHP Warning:  Trying to access array offset on float in /work/kc_php/drv.php(171) : eval()'d code on line 5
PHP Warning:  Trying to access array offset on float in /work/kc_php/drv.php(171) : eval()'d code on line 4
PHP Warning:  Trying to access array offset on float in /work/kc_php/drv.php(171) : eval()'d code on line 3
PHP Warning:  Trying to access array offset on float in /work/kc_php/drv.php(171) : eval()'d code on line 3
PHP Warning:  Trying to access array offset on float in /work/kc_php/drv.php(171) : eval()'d code on line 3
PHP Warning:  Trying to access array offset on float in /work/kc_php/drv.php(171) : eval()'d code on line 3
PHP Warning:  Trying to access array offset on float in /work/kc_php/drv.php(171) : eval()'d code on line 3
PHP Warning:  Trying to access array offset on float in /work/kc_php/drv.php(171) : eval()'d code on line 3
PHP Warning:  Trying to access array offset on float in /work/kc_php/drv.php(171) : eval()'d code on line 3
PHP Warning:  Trying to access array offset on float in /work/kc_php/drv.php(171) : eval()'d code on line 3
PHP Warning:  Trying to access array offset on float in /work/kc_php/drv.php(171) : eval()'d code on line 3
PHP Warning:  Trying to access array offset on float in /work/kc_php/drv.php(171) : eval()'d code on line 3
PHP Warning:  Trying to access array offset on float in /work/kc_php/drv.php(171) : eval()'d code on line 3
PHP Warning:  Trying to access array offset on float in /work/kc_php/drv.php(171) : eval()'d code on line 3
PHP Warning:  Trying to access array offset on float in /work/kc_php/drv.php(171) : eval()'d code on line 3
PHP Warning:  Trying to access array offset on float in /work/kc_php/drv.php(171) : eval()'d code on line 3
PHP Warning:  Trying to access array offset on float in /work/kc_php/drv.php(171) : eval()'d code on line 3
PHP Warning:  Trying to access array offset on float in /work/kc_php/drv.php(171) : eval()'d code on line 3
PHP Warning:  Trying to access array offset on float in /work/kc_php/drv.php(171) : eval()'d code on line 3
PHP Warning:  Trying to access array offset on float in /work/kc_php/drv.php(171) : eval()'d code on line 3
PHP Warning:  Trying to access array offset on float in /work/kc_php/drv.php(171) : eval()'d code on line 3
PHP Warning:  Trying to access array offset on float in /work/kc_php/drv.php(171) : eval()'d code on line 3
PHP Warning:  Trying to access array offset on float in /work/kc_php/drv.php(171) : eval()'d code on line 3
PHP Warning:  Trying to access array offset on float in /work/kc_php/drv.php(171) : eval()'d code on line 3
PHP Warning:  Trying to access array offset on float in /work/kc_php/drv.php(171) : eval()'d code on line 3
PHP Warning:  Trying to access array offset on float in /work/kc_php/drv.php(171) : eval()'d code on line 3
PHP Warning:  Trying to access array offset on float in /work/kc_php/drv.php(171) : eval()'d code on line 3
PHP Warning:  Trying to access array offset on float in /work/kc_php/drv.php(171) : eval()'d code on line 3
PHP Warning:  Trying to access array offset on float in /work/kc_php/drv.php(171) : eval()'d code on line 3
PHP Warning:  Trying to access array offset on float in /work/kc_php/drv.php(171) : eval()'d code on line 3
PHP Warning:  Trying to access array offset on float in /work/kc_php/drv.php(171) : eval()'d code on line 3
PHP Warning:  Trying to access array offset on float in /work/kc_php/drv.php(171) : eval()'d code on line 3
PHP Warning:  Trying to access array offset on float in /work/kc_php/drv.php(171) : eval()'d code on line 4
PHP Warning:  Trying to access array offset on float in /work/kc_php/drv.php(171) : eval()'d code on line 5
PHP Warning:  Trying to access array offset on float in /work/kc_php/drv.php(171) : eval()'d code on line 7
PHP Warning:  Trying to access array offset on float in /work/kc_php/drv.php(171) : eval()'d code on line 6
PHP Warning:  Trying to access array offset on float in /work/kc_php/drv.php(171) : eval()'d code on line 5
PHP Warning:  Trying to access array offset on float in /work/kc_php/drv.php(171) : eval()'d code on line 4
PHP Warning:  Trying to access array offset on float in /work/kc_php/drv.php(171) : eval()'d code on line 5
PHP Warning:  Trying to access array offset on float in /work/kc_php/drv.php(171) : eval()'d code on line 7
PHP Warning:  Trying to access array offset on float in /work/kc_php/drv.php(171) : eval()'d code on line 6
PHP Warning:  Trying to access array offset on float in /work/kc_php/drv.php(171) : eval()'d code on line 5
PHP Warning:  Trying to access array offset on float in /work/kc_php/drv.php(171) : eval()'d code on line 4
PHP Warning:  Trying to access array offset on float in /work/kc_php/drv.php(171) : eval()'d code on line 5
PHP Warning:  Trying to access array offset on float in /work/kc_php/drv.php(171) : eval()'d code on line 7
PHP Warning:  Trying to access array offset on float in /work/kc_php/drv.php(171) : eval()'d code on line 6
PHP Warning:  Trying to access array offset on float in /work/kc_php/drv.php(171) : eval()'d code on line 5
PHP Warning:  Trying to access array offset on float in /work/kc_php/drv.php(171) : eval()'d code on line 4
PHP Warning:  Trying to access array offset on float in /work/kc_php/drv.php(171) : eval()'d code on line 5
PHP Warning:  Trying to access array offset on float in /work/kc_php/drv.php(171) : eval()'d code on line 7
PHP Warning:  Trying to access array offset on float in /work/kc_php/drv.php(171) : eval()'d code on line 6
PHP Warning:  Trying to access array offset on float in /work/kc_php/drv.php(171) : eval()'d code on line 5
PHP Warning:  Trying to access array offset on float in /work/kc_php/drv.php(171) : eval()'d code on line 4
PHP Warning:  Trying to access array offset on float in /work/kc_php/drv.php(171) : eval()'d code on line 5
PHP Warning:  Trying to access array offset on float in /work/kc_php/drv.php(171) : eval()'d code on line 7
PHP Warning:  Trying to access array offset on float in /work/kc_php/drv.php(171) : eval()'d code on line 6
PHP Warning:  Trying to access array offset on float in /work/kc_php/drv.php(171) : eval()'d code on line 5
PHP Warning:  Trying to access array offset on float in /work/kc_php/drv.php(171) : eval()'d code on line 4
PHP Warning:  Trying to access array offset on float in /work/kc_php/drv.php(171) : eval()'d code on line 5
PHP Warning:  Trying to access array offset on float in /work/kc_php/drv.php(171) : eval()'d code on line 7
PHP Warning:  Trying to access array offset on float in /work/kc_php/drv.php(171) : eval()'d code on line 6
PHP Warning:  Trying to access array offset on float in /work/kc_php/drv.php(171) : eval()'d code on line 5
PHP Warning:  Trying to access array offset on float in /work/kc_php/drv.php(171) : eval()'d code on line 3
PHP Warning:  Trying to access array offset on float in /work/kc_php/drv.php(171) : eval()'d code on line 3
PHP Warning:  Trying to access array offset on float in /work/kc_php/drv.php(171) : eval()'d code on line 3
PHP Warning:  Trying to access array offset on float in /work/kc_php/drv.php(171) : eval()'d code on line 3
PHP Warning:  Trying to access array offset on float in /work/kc_php/drv.php(171) : eval()'d code on line 3
PHP Warning:  Trying to access array offset on float in /work/kc_php/drv.php(171) : eval()'d code on line 3
PHP Warning:  Trying to access array offset on float in /work/kc_php/drv.php(171) : eval()'d code on line 3
PHP Warning:  Trying to access array offset on float in /work/kc_php/drv.php(171) : eval()'d code on line 3
PHP Warning:  Trying to access array offset on float in /work/kc_php/drv.php(171) : eval()'d code on line 3
PHP Warning:  Trying to access array offset on float in /work/kc_php/drv.php(171) : eval()'d code on line 3
PHP Warning:  Trying to access array offset on float in /work/kc_php/drv.php(171) : eval()'d code on line 3
PHP Warning:  Trying to access array offset on float in /work/kc_php/drv.php(171) : eval()'d code on line 3
PHP Warning:  Trying to access array offset on float in /work/kc_php/drv.php(171) : eval()'d code on line 3
PHP Warning:  Trying to access array offset on float in /work/kc_php/drv.php(171) : eval()'d code on line 3
PHP Warning:  Trying to access array offset on float in /work/kc_php/drv.php(171) : eval()'d code on line 3
PHP Warning:  Trying to access array offset on float in /work/kc_php/drv.php(171) : eval()'d code on line 3
PHP Warning:  Trying to access array offset on float in /work/kc_php/drv.php(171) : eval()'d code on line 3
PHP Warning:  Trying to access array offset on float in /work/kc_php/drv.php(171) : eval()'d code on line 3
PHP Warning:  Trying to access array offset on float in /work/kc_php/drv.php(171) : eval()'d code on line 3
PHP Warning:  Trying to access array offset on float in /work/kc_php/drv.php(171) : eval()'d code on line 3
PHP Warning:  Trying to access array offset on float in /work/kc_php/drv.php(171) : eval()'d code on line 3
PHP Warning:  Trying to access array offset on float in /work/kc_php/drv.php(171) : eval()'d code on line 3
PHP Warning:  Trying to access array offset on float in /work/kc_php/drv.php(171) : eval()'d code on line 3
PHP Warning:  Trying to access array offset on float in /work/kc_php/drv.php(171) : eval()'d code on line 3
PHP Warning:  Trying to access array offset on float in /work/kc_php/drv.php(171) : eval()'d code on line 3
PHP Warning:  Trying to access array offset on float in /work/kc_php/drv.php(171) : eval()'d code on line 3
PHP Warning:  Trying to access array offset on float in /work/kc_php/drv.php(171) : eval()'d code on line 3
PHP Warning:  Trying to access array offset on float in /work/kc_php/drv.php(171) : eval()'d code on line 3
PHP Warning:  Trying to access array offset on float in /work/kc_php/drv.php(171) : eval()'d code on line 3
PHP Warning:  Trying to access array offset on float in /work/kc_php/drv.php(171) : eval()'d code on line 3
PHP Warning:  Trying to access array offset on float in /work/kc_php/drv.php(171) : eval()'d code on line 3
PHP Warning:  Trying to access array offset on float in /work/kc_php/drv.php(171) : eval()'d code on line 3
PHP Warning:  Trying to access array offset on float in /work/kc_php/drv.php(171) : eval()'d code on line 3
PHP Warning:  Trying to access array offset on float in /work/kc_php/drv.php(171) : eval()'d code on line 3
PHP Warning:  Trying to access array offset on float in /work/kc_php/drv.php(171) : eval()'d code on line 3
PHP Warning:  Trying to access array offset on float in /work/kc_php/drv.php(171) : eval()'d code on line 3
PHP Warning:  String offset cast occurred in /work/kc_php/drv.php(171) : eval()'d code on line 3
PHP Warning:  Uninitialized string offset 0 in /work/kc_php/drv.php(171) : eval()'d code on line 3
PHP Warning:  String offset cast occurred in /work/kc_php/drv.php(171) : eval()'d code on line 3
PHP Warning:  String offset cast occurred in /work/kc_php/drv.php(171) : eval()'d code on line 3
PHP Warning:  String offset cast occurred in /work/kc_php/drv.php(171) : eval()'d code on line 3
PHP Warning:  String offset cast occurred in /work/kc_php/drv.php(171) : eval()'d code on line 3
PHP Warning:  String offset cast occurred in /work/kc_php/drv.php(171) : eval()'d code on line 3
PHP Warning:  String offset cast occurred in /work/kc_php/drv.php(171) : eval()'d code on line 3
PHP Warning:  Uninitialized string offset 0 in /work/kc_php/drv.php(171) : eval()'d code on line 3
PHP Warning:  String offset cast occurred in /work/kc_php/drv.php(171) : eval()'d code on line 3
PHP Warning:  Uninitialized string offset 1 in /work/kc_php/drv.php(171) : eval()'d code on line 3
PHP Warning:  String offset cast occurred in /work/kc_php/drv.php(171) : eval()'d code on line 3
PHP Warning:  String offset cast occurred in /work/kc_php/drv.php(171) : eval()'d code on line 3
PHP Warning:  String offset cast occurred in /work/kc_php/drv.php(171) : eval()'d code on line 3
PHP Warning:  String offset cast occurred in /work/kc_php/drv.php(171) : eval()'d code on line 3
PHP Warning:  String offset cast occurred in /work/kc_php/drv.php(171) : eval()'d code on line 3
PHP Warning:  String offset cast occurred in /work/kc_php/drv.php(171) : eval()'d code on line 3
PHP Warning:  String offset cast occurred in /work/kc_php/drv.php(171) : eval()'d code on line 3
PHP Warning:  String offset cast occurred in /work/kc_php/drv.php(171) : eval()'d code on line 3
PHP Warning:  String offset cast occurred in /work/kc_php/drv.php(171) : eval()'d code on line 3
PHP Warning:  String offset cast occurred in /work/kc_php/drv.php(171) : eval()'d code on line 3
PHP Warning:  Uninitialized string offset 42 in /work/kc_php/drv.php(171) : eval()'d code on line 3
PHP Warning:  Uninitialized string offset 0 in /work/kc_php/drv.php(171) : eval()'d code on line 3
PHP Warning:  Uninitialized string offset 9223372036854775807 in /work/kc_php/drv.php(171) : eval()'d code on line 3
PHP Warning:  String offset cast occurred in /work/kc_php/drv.php(171) : eval()'d code on line 3
PHP Warning:  Uninitialized string offset -9223372036854775808 in /work/kc_php/drv.php(171) : eval()'d code on line 3
PHP Warning:  Uninitialized string offset 9007199254740993 in /work/kc_php/drv.php(171) : eval()'d code on line 3
PHP Warning:  String offset cast occurred in /work/kc_php/drv.php(171) : eval()'d code on line 3
PHP Warning:  Uninitialized string offset 0 in /work/kc_php/drv.php(171) : eval()'d code on line 3
PHP Warning:  Uninitialized string offset 42 in /work/kc_php/drv.php(171) : eval()'d code on line 3
PHP Warning:  Uninitialized string offset 9223372036854775807 in /work/kc_php/drv.php(171) : eval()'d code on line 3
PHP Warning:  String offset cast occurred in /work/kc_php/drv.php(171) : eval()'d code on line 3
PHP Warning:  Uninitialized string offset -9223372036854775808 in /work/kc_php/drv.php(171) : eval()'d code on line 3
PHP Warning:  Uninitialized string offset 9007199254740993 in /work/kc_php/drv.php(171) : eval()'d code on line 3
PHP Warning:  String offset cast occurred in /work/kc_php/drv.php(171) : eval()'d code on line 3
PHP Warning:  Uninitialized string offset 42 in /work/kc_php/drv.php(171) : eval()'d code on line 3
PHP Warning:  Uninitialized string offset 9223372036854775807 in /work/kc_php/drv.php(171) : eval()'d code on line 3
PHP Warning:  String offset cast occurred in /work/kc_php/drv.php(171) : eval()'d code on line 3
PHP Warning:  Uninitialized string offset -9223372036854775808 in /work/kc_php/drv.php(171) : eval()'d code on line 3
PHP Warning:  Uninitialized string offset 9007199254740993 in /work/kc_php/drv.php(171) : eval()'d code on line 3
PHP Warning:  String offset cast occurred in /work/kc_php/drv.php(171) : eval()'d code on line 3
PHP Warning:  Uninitialized string offset 42 in /work/kc_php/drv.php(171) : eval()'d code on line 3
PHP Warning:  Uninitialized string offset 9223372036854775807 in /work/kc_php/drv.php(171) : eval()'d code on line 3
PHP Warning:  String offset cast occurred in /work/kc_php/drv.php(171) : eval()'d code on line 3
PHP Warning:  Uninitialized string offset -9223372036854775808 in /work/kc_php/drv.php(171) : eval()'d code on line 3
PHP Warning:  Uninitialized string offset 9007199254740993 in /work/kc_php/drv.php(171) : eval()'d code on line 3
PHP Warning:  String offset cast occurred in /work/kc_php/drv.php(171) : eval()'d code on line 3
PHP Warning:  Uninitialized string offset 42 in /work/kc_php/drv.php(171) : eval()'d code on line 3
PHP Warning:  Uninitialized string offset 9223372036854775807 in /work/kc_php/drv.php(171) : eval()'d code on line 3
PHP Warning:  String offset cast occurred in /work/kc_php/drv.php(171) : eval()'d code on line 3
PHP Warning:  Uninitialized string offset -9223372036854775808 in /work/kc_php/drv.php(171) : eval()'d code on line 3
PHP Warning:  Uninitialized string offset 9007199254740993 in /work/kc_php/drv.php(171) : eval()'d code on line 3
PHP Warning:  String offset cast occurred in /work/kc_php/drv.php(171) : eval()'d code on line 3
PHP Warning:  Uninitialized string offset 42 in /work/kc_php/drv.php(171) : eval()'d code on line 3
PHP Warning:  Uninitialized string offset 9223372036854775807 in /work/kc_php/drv.php(171) : eval()'d code on line 3
PHP Warning:  String offset cast occurred in /work/kc_php/drv.php(171) : eval()'d code on line 3
PHP Warning:  Uninitialized string offset -9223372036854775808 in /work/kc_php/drv.php(171) : eval()'d code on line 3
PHP Warning:  Uninitialized string offset 9007199254740993 in /work/kc_php/drv.php(171) : eval()'d code on line 3
PHP Warning:  String offset cast occurred in /work/kc_php/drv.php(171) : eval()'d code on line 3
PHP Warning:  Uninitialized string offset 42 in /work/kc_php/drv.php(171) : eval()'d code on line 3
PHP Warning:  Uninitialized string offset 0 in /work/kc_php/drv.php(171) : eval()'d code on line 3
PHP Warning:  Uninitialized string offset 9223372036854775807 in /work/kc_php/drv.php(171) : eval()'d code on line 3
PHP Warning:  Uninitialized string offset 9007199254740993 in /work/kc_php/drv.php(171) : eval()'d code on line 3
PHP Warning:  Uninitialized string offset 42 in /work/kc_php/drv.php(171) : eval()'d code on line 3
PHP Warning:  Uninitialized string offset 9223372036854775807 in /work/kc_php/drv.php(171) : eval()'d code on line 3
PHP Warning:  Uninitialized string offset 9007199254740993 in /work/kc_php/drv.php(171) : eval()'d code on line 3
PHP Warning:  Uninitialized string offset 42 in /work/kc_php/drv.php(171) : eval()'d code on line 3
PHP Warning:  Uninitialized string offset 9223372036854775807 in /work/kc_php/drv.php(171) : eval()'d code on line 3
PHP Warning:  Uninitialized string offset 9007199254740993 in /work/kc_php/drv.php(171) : eval()'d code on line 3
PHP Warning:  Uninitialized string offset 42 in /work/kc_php/drv.php(171) : eval()'d code on line 3
PHP Warning:  Uninitialized string offset 9223372036854775807 in /work/kc_php/drv.php(171) : eval()'d code on line 3
PHP Warning:  Uninitialized string offset 9007199254740993 in /work/kc_php/drv.php(171) : eval()'d code on line 3
PHP Warning:  Uninitialized string offset 42 in /work/kc_php/drv.php(171) : eval()'d code on line 3
PHP Warning:  Uninitialized string offset 9223372036854775807 in /work/kc_php/drv.php(171) : eval()'d code on line 3
PHP Warning:  Uninitialized string offset 9007199254740993 in /work/kc_php/drv.php(171) : eval()'d code on line 3
PHP Warning:  Uninitialized string offset 42 in /work/kc_php/drv.php(171) : eval()'d code on line 3
PHP Warning:  Uninitialized string offset 9223372036854775807 in /work/kc_php/drv.php(171) : eval()'d code on line 3
PHP Warning:  Uninitialized string offset 9007199254740993 in /work/kc_php/drv.php(171) : eval()'d code on line 3
PHP Warning:  String offset cast occurred in /work/kc_php/drv.php(171) : eval()'d code on line 3
PHP Warning:  Uninitialized string offset 1 in /work/kc_php/drv.php(171) : eval()'d code on line 3
PHP Warning:  String offset cast occurred in /work/kc_php/drv.php(171) : eval()'d code on line 3
PHP Warning:  Uninitialized string offset 3 in /work/kc_php/drv.php(171) : eval()'d code on line 3
PHP Warning:  String offset cast occurred in /work/kc_php/drv.php(171) : eval()'d code on line 3
PHP Warning:  Uninitialized string offset 0 in /work/kc_php/drv.php(171) : eval()'d code on line 3
PHP Warning:  String offset cast occurred in /work/kc_php/drv.php(171) : eval()'d code on line 3
PHP Warning:  Uninitialized string offset 0 in /work/kc_php/drv.php(171) : eval()'d code on line 3
PHP Warning:  String offset cast occurred in /work/kc_php/drv.php(171) : eval()'d code on line 3
PHP Warning:  Uninitialized string offset 0 in /work/kc_php/drv.php(171) : eval()'d code on line 3
PHP Warning:  String offset cast occurred in /work/kc_php/drv.php(171) : eval()'d code on line 3
PHP Warning:  Uninitialized string offset 0 in /work/kc_php/drv.php(171) : eval()'d code on line 3
PHP Warning:  String offset cast occurred in /work/kc_php/drv.php(171) : eval()'d code on line 3
PHP Warning:  String offset cast occurred in /work/kc_php/drv.php(171) : eval()'d code on line 3
PHP Warning:  String offset cast occurred in /work/kc_php/drv.php(171) : eval()'d code on line 3
PHP Warning:  String offset cast occurred in /work/kc_php/drv.php(171) : eval()'d code on line 3
PHP Warning:  String offset cast occurred in /work/kc_php/drv.php(171) : eval()'d code on line 3
PHP Warning:  String offset cast occurred in /work/kc_php/drv.php(171) : eval()'d code on line 3
PHP Warning:  String offset cast occurred in /work/kc_php/drv.php(171) : eval()'d code on line 3
PHP Warning:  String offset cast occurred in /work/kc_php/drv.php(171) : eval()'d code on line 3
PHP Warning:  String offset cast occurred in /work/kc_php/drv.php(171) : eval()'d code on line 3
PHP Warning:  String offset cast occurred in /work/kc_php/drv.php(171) : eval()'d code on line 3
PHP Warning:  String offset cast occurred in /work/kc_php/drv.php(171) : eval()'d code on line 3
PHP Warning:  String offset cast occurred in /work/kc_php/drv.php(171) : eval()'d code on line 3
PHP Warning:  String offset cast occurred in /work/kc_php/drv.php(171) : eval()'d code on line 3
PHP Warning:  String offset cast occurred in /work/kc_php/drv.php(171) : eval()'d code on line 3
PHP Warning:  String offset cast occurred in /work/kc_php/drv.php(171) : eval()'d code on line 3
PHP Warning:  String offset cast occurred in /work/kc_php/drv.php(171) : eval()'d code on line 3
PHP Warning:  String offset cast occurred in /work/kc_php/drv.php(171) : eval()'d code on line 3
PHP Warning:  String offset cast occurred in /work/kc_php/drv.php(171) : eval()'d code on line 3
PHP Warning:  String offset cast occurred in /work/kc_php/drv.php(171) : eval()'d code on line 3
PHP Warning:  String offset cast occurred in /work/kc_php/drv.php(171) : eval()'d code on line 3
PHP Warning:  Uninitialized string offset 3 in /work/kc_php/drv.php(171) : eval()'d code on line 3
PHP Warning:  String offset cast occurred in /work/kc_php/drv.php(171) : eval()'d code on line 3
PHP Warning:  String offset cast occurred in /work/kc_php/drv.php(171) : eval()'d code on line 3
PHP Warning:  String offset cast occurred in /work/kc_php/drv.php(171) : eval()'d code on line 3
PHP Warning:  String offset cast occurred in /work/kc_php/drv.php(171) : eval()'d code on line 3
PHP Warning:  String offset cast occurred in /work/kc_php/drv.php(171) : eval()'d code on line 3
PHP Warning:  String offset cast occurred in /work/kc_php/drv.php(171) : eval()'d code on line 3
PHP Warning:  String offset cast occurred in /work/kc_php/drv.php(171) : eval()'d code on line 3
PHP Warning:  String offset cast occurred in /work/kc_php/drv.php(171) : eval()'d code on line 3
PHP Warning:  String offset cast occurred in /work/kc_php/drv.php(171) : eval()'d code on line 3
PHP Warning:  String offset cast occurred in /work/kc_php/drv.php(171) : eval()'d code on line 3
PHP Warning:  Undefined array key "" in /work/kc_php/drv.php(171) : eval()'d code on line 3
PHP Warning:  Undefined array key "" in /work/kc_php/drv.php(171) : eval()'d code on line 3
PHP Warning:  Undefined array key "" in /work/kc_php/drv.php(171) : eval()'d code on line 3
PHP Warning:  Undefined array key "" in /work/kc_php/drv.php(171) : eval()'d code on line 3
PHP Warning:  Undefined array key "" in /work/kc_php/drv.php(171) : eval()'d code on line 3
PHP Warning:  Undefined array key "" in /work/kc_php/drv.php(171) : eval()'d code on line 3
PHP Warning:  Undefined array key 0 in /work/kc_php/drv.php(171) : eval()'d code on line 3
PHP Warning:  Undefined array key 1 in /work/kc_php/drv.php(171) : eval()'d code on line 3
PHP Warning:  Undefined array key 42 in /work/kc_php/drv.php(171) : eval()'d code on line 3
PHP Warning:  Undefined array key 0 in /work/kc_php/drv.php(171) : eval()'d code on line 3
PHP Warning:  Undefined array key 9223372036854775807 in /work/kc_php/drv.php(171) : eval()'d code on line 3
PHP Warning:  The float 9.223372036854776E+18 is not representable as an int, cast occurred in /work/kc_php/drv.php(171) : eval()'d code on line 3
PHP Warning:  Undefined array key -9223372036854775808 in /work/kc_php/drv.php(171) : eval()'d code on line 3
PHP Warning:  Undefined array key 9007199254740993 in /work/kc_php/drv.php(171) : eval()'d code on line 3
PHP Warning:  The float 1.8446744073709552E+19 is not representable as an int, cast occurred in /work/kc_php/drv.php(171) : eval()'d code on line 3
PHP Warning:  Undefined array key 0 in /work/kc_php/drv.php(171) : eval()'d code on line 3
PHP Warning:  Undefined array key 42 in /work/kc_php/drv.php(171) : eval()'d code on line 3
PHP Warning:  Undefined array key 9223372036854775807 in /work/kc_php/drv.php(171) : eval()'d code on line 3
PHP Warning:  The float 9.223372036854776E+18 is not representable as an int, cast occurred in /work/kc_php/drv.php(171) : eval()'d code on line 3
PHP Warning:  Undefined array key -9223372036854775808 in /work/kc_php/drv.php(171) : eval()'d code on line 3
PHP Warning:  Undefined array key 9007199254740993 in /work/kc_php/drv.php(171) : eval()'d code on line 3
PHP Warning:  The float 1.8446744073709552E+19 is not representable as an int, cast occurred in /work/kc_php/drv.php(171) : eval()'d code on line 3
PHP Warning:  Undefined array key 42 in /work/kc_php/drv.php(171) : eval()'d code on line 3
PHP Warning:  Undefined array key 9223372036854775807 in /work/kc_php/drv.php(171) : eval()'d code on line 3
PHP Warning:  The float 9.223372036854776E+18 is not representable as an int, cast occurred in /work/kc_php/drv.php(171) : eval()'d code on line 3
PHP Warning:  Undefined array key -9223372036854775808 in /work/kc_php/drv.php(171) : eval()'d code on line 3
PHP Warning:  Undefined array key 9007199254740993 in /work/kc_php/drv.php(171) : eval()'d code on line 3
PHP Warning:  The float 1.8446744073709552E+19 is not representable as an int, cast occurred in /work/kc_php/drv.php(171) : eval()'d code on line 3
PHP Warning:  Undefined array key 42 in /work/kc_php/drv.php(171) : eval()'d code on line 3
PHP Warning:  Undefined array key 9223372036854775807 in /work/kc_php/drv.php(171) : eval()'d code on line 3
PHP Warning:  The float 9.223372036854776E+18 is not representable as an int, cast occurred in /work/kc_php/drv.php(171) : eval()'d code on line 3
PHP Warning:  Undefined array key -9223372036854775808 in /work/kc_php/drv.php(171) : eval()'d code on line 3
PHP Warning:  Undefined array key 9007199254740993 in /work/kc_php/drv.php(171) : eval()'d code on line 3
PHP Warning:  The float 1.8446744073709552E+19 is not representable as an int, cast occurred in /work/kc_php/drv.php(171) : eval()'d code on line 3
PHP Warning:  Undefined array key 42 in /work/kc_php/drv.php(171) : eval()'d code on line 3
PHP Warning:  Undefined array key 9223372036854775807 in /work/kc_php/drv.php(171) : eval()'d code on line 3
PHP Warning:  The float 9.223372036854776E+18 is not representable as an int, cast occurred in /work/kc_php/drv.php(171) : eval()'d code on line 3
PHP Warning:  Undefined array key -9223372036854775808 in /work/kc_php/drv.php(171) : eval()'d code on line 3
PHP Warning:  Undefined array key 9007199254740993 in /work/kc_php/drv.php(171) : eval()'d code on line 3
PHP Warning:  The float 1.8446744073709552E+19 is not representable as an int, cast occurred in /work/kc_php/drv.php(171) : eval()'d code on line 3
PHP Warning:  Undefined array key 42 in /work/kc_php/drv.php(171) : eval()'d code on line 3
PHP Warning:  Undefined array key 9223372036854775807 in /work/kc_php/drv.php(171) : eval()'d code on line 3
PHP Warning:  The float 9.223372036854776E+18 is not representable as an int, cast occurred in /work/kc_php/drv.php(171) : eval()'d code on line 3
PHP Warning:  Undefined array key -9223372036854775808 in /work/kc_php/drv.php(171) : eval()'d code on line 3
PHP Warning:  Undefined array key 9007199254740993 in /work/kc_php/drv.php(171) : eval()'d code on line 3
PHP Warning:  The float 1.8446744073709552E+19 is not representable as an int, cast occurred in /work/kc_php/drv.php(171) : eval()'d code on line 3
PHP Warning:  Undefined array key 42 in /work/kc_php/drv.php(171) : eval()'d code on line 3
PHP Warning:  Undefined array key 0 in /work/kc_php/drv.php(171) : eval()'d code on line 3
PHP Warning:  Undefined array key 9223372036854775807 in /work/kc_php/drv.php(171) : eval()'d code on line 3
PHP Warning:  Undefined array key "9223372036854775808" in /work/kc_php/drv.php(171) : eval()'d code on line 3
PHP Warning:  Undefined array key 9007199254740993 in /work/kc_php/drv.php(171) : eval()'d code on line 3
PHP Warning:  Undefined array key "18446744073709551615" in /work/kc_php/drv.php(171) : eval()'d code on line 3
PHP Warning:  Undefined array key 42 in /work/kc_php/drv.php(171) : eval()'d code on line 3
PHP Warning:  Undefined array key 9223372036854775807 in /work/kc_php/drv.php(171) : eval()'d code on line 3
PHP Warning:  Undefined array key "9223372036854775808" in /work/kc_php/drv.php(171) : eval()'d code on line 3
PHP Warning:  Undefined array key 9007199254740993 in /work/kc_php/drv.php(171) : eval()'d code on line 3
PHP Warning:  Undefined array key "18446744073709551615" in /work/kc_php/drv.php(171) : eval()'d code on line 3
PHP Warning:  Undefined array key 42 in /work/kc_php/drv.php(171) : eval()'d code on line 3
PHP Warning:  Undefined array key 9223372036854775807 in /work/kc_php/drv.php(171) : eval()'d code on line 3
PHP Warning:  Undefined array key "9223372036854775808" in /work/kc_php/drv.php(171) : eval()'d code on line 3
PHP Warning:  Undefined array key 9007199254740993 in /work/kc_php/drv.php(171) : eval()'d code on line 3
PHP Warning:  Undefined array key "18446744073709551615" in /work/kc_php/drv.php(171) : eval()'d code on line 3
PHP Warning:  Undefined array key 42 in /work/kc_php/drv.php(171) : eval()'d code on line 3
PHP Warning:  Undefined array key 9223372036854775807 in /work/kc_php/drv.php(171) : eval()'d code on line 3
PHP Warning:  Undefined array key "9223372036854775808" in /work/kc_php/drv.php(171) : eval()'d code on line 3
PHP Warning:  Undefined array key 9007199254740993 in /work/kc_php/drv.php(171) : eval()'d code on line 3
PHP Warning:  Undefined array key "18446744073709551615" in /work/kc_php/drv.php(171) : eval()'d code on line 3
PHP Warning:  Undefined array key 42 in /work/kc_php/drv.php(171) : eval()'d code on line 3
PHP Warning:  Undefined array key 9223372036854775807 in /work/kc_php/drv.php(171) : eval()'d code on line 3
PHP Warning:  Undefined array key "9223372036854775808" in /work/kc_php/drv.php(171) : eval()'d code on line 3
PHP Warning:  Undefined array key 9007199254740993 in /work/kc_php/drv.php(171) : eval()'d code on line 3
PHP Warning:  Undefined array key "18446744073709551615" in /work/kc_php/drv.php(171) : eval()'d code on line 3
PHP Warning:  Undefined array key 42 in /work/kc_php/drv.php(171) : eval()'d code on line 3
PHP Warning:  Undefined array key 9223372036854775807 in /work/kc_php/drv.php(171) : eval()'d code on line 3
PHP Warning:  Undefined array key "9223372036854775808" in /work/kc_php/drv.php(171) : eval()'d code on line 3
PHP Warning:  Undefined array key 9007199254740993 in /work/kc_php/drv.php(171) : eval()'d code on line 3
PHP Warning:  Undefined array key "18446744073709551615" in /work/kc_php/drv.php(171) : eval()'d code on line 3
PHP Warning:  Undefined array key 1 in /work/kc_php/drv.php(171) : eval()'d code on line 3
PHP Warning:  Undefined array key 3 in /work/kc_php/drv.php(171) : eval()'d code on line 3
PHP Warning:  The float INF is not representable as an int, cast occurred in /work/kc_php/drv.php(171) : eval()'d code on line 3
PHP Warning:  Undefined array key 0 in /work/kc_php/drv.php(171) : eval()'d code on line 3
PHP Warning:  The float NAN is not representable as an int, cast occurred in /work/kc_php/drv.php(171) : eval()'d code on line 3
PHP Warning:  Undefined array key 0 in /work/kc_php/drv.php(171) : eval()'d code on line 3
PHP Warning:  Undefined array key 0 in /work/kc_php/drv.php(171) : eval()'d code on line 3
PHP Warning:  Undefined array key 0 in /work/kc_php/drv.php(171) : eval()'d code on line 3
PHP Warning:  The float INF is not representable as an int, cast occurred in /work/kc_php/drv.php(171) : eval()'d code on line 3
PHP Warning:  The float NAN is not representable as an int, cast occurred in /work/kc_php/drv.php(171) : eval()'d code on line 3
PHP Warning:  The float INF is not representable as an int, cast occurred in /work/kc_php/drv.php(171) : eval()'d code on line 3
PHP Warning:  The float NAN is not representable as an int, cast occurred in /work/kc_php/drv.php(171) : eval()'d code on line 3
PHP Warning:  The float INF is not representable as an int, cast occurred in /work/kc_php/drv.php(171) : eval()'d code on line 3
PHP Warning:  The float NAN is not representable as an int, cast occurred in /work/kc_php/drv.php(171) : eval()'d code on line 3
PHP Warning:  Undefined array key 3 in /work/kc_php/drv.php(171) : eval()'d code on line 3
PHP Warning:  The float INF is not representable as an int, cast occurred in /work/kc_php/drv.php(171) : eval()'d code on line 3
PHP Warning:  The float NAN is not representable as an int, cast occurred in /work/kc_php/drv.php(171) : eval()'d code on line 3
PHP Warning:  The float INF is not representable as an int, cast occurred in /work/kc_php/drv.php(171) : eval()'d code on line 3
PHP Warning:  The float NAN is not representable as an int, cast occurred in /work/kc_php/drv.php(171) : eval()'d code on line 3
PHP Warning:  Undefined array key "" in /work/kc_php/drv.php(171) : eval()'d code on line 3
PHP Warning:  Undefined array key "hello" in /work/kc_php/drv.php(171) : eval()'d code on line 3
PHP Warning:  Undefined array key "line one
line two" in /work/kc_php/drv.php(171) : eval()'d code on line 3
PHP Warning:  Undefined array key "𝄞" in /work/kc_php/drv.php(171) : eval()'d code on line 3
PHP Warning:  Undefined array key "é" in /work/kc_php/drv.php(171) : eval()'d code on line 3
PHP Warning:  Undefined array key "quote " backslash \ tab	here" in /work/kc_php/drv.php(171) : eval()'d code on line 3
PHP Warning:  Undefined array key "" in /work/kc_php/drv.php(171) : eval()'d code on line 3
PHP Warning:  Undefined array key "hello" in /work/kc_php/drv.php(171) : eval()'d code on line 3
PHP Warning:  Undefined array key "line one
line two" in /work/kc_php/drv.php(171) : eval()'d code on line 3
PHP Warning:  Undefined array key "𝄞" in /work/kc_php/drv.php(171) : eval()'d code on line 3
PHP Warning:  Undefined array key "é" in /work/kc_php/drv.php(171) : eval()'d code on line 3
PHP Warning:  Undefined array key "quote " backslash \ tab	here" in /work/kc_php/drv.php(171) : eval()'d code on line 3
PHP Warning:  Undefined array key "" in /work/kc_php/drv.php(171) : eval()'d code on line 3
PHP Warning:  Undefined array key "hello" in /work/kc_php/drv.php(171) : eval()'d code on line 3
PHP Warning:  Undefined array key "line one
line two" in /work/kc_php/drv.php(171) : eval()'d code on line 3
PHP Warning:  Undefined array key "𝄞" in /work/kc_php/drv.php(171) : eval()'d code on line 3
PHP Warning:  Undefined array key "é" in /work/kc_php/drv.php(171) : eval()'d code on line 3
PHP Warning:  Undefined array key "quote " backslash \ tab	here" in /work/kc_php/drv.php(171) : eval()'d code on line 3
PHP Warning:  Undefined array key "" in /work/kc_php/drv.php(171) : eval()'d code on line 3
PHP Warning:  Undefined array key "hello" in /work/kc_php/drv.php(171) : eval()'d code on line 3
PHP Warning:  Undefined array key "line one
line two" in /work/kc_php/drv.php(171) : eval()'d code on line 3
PHP Warning:  Undefined array key "𝄞" in /work/kc_php/drv.php(171) : eval()'d code on line 3
PHP Warning:  Undefined array key "é" in /work/kc_php/drv.php(171) : eval()'d code on line 3
PHP Warning:  Undefined array key "quote " backslash \ tab	here" in /work/kc_php/drv.php(171) : eval()'d code on line 3
PHP Warning:  Undefined array key "" in /work/kc_php/drv.php(171) : eval()'d code on line 3
PHP Warning:  Undefined array key "hello" in /work/kc_php/drv.php(171) : eval()'d code on line 3
PHP Warning:  Undefined array key "line one
line two" in /work/kc_php/drv.php(171) : eval()'d code on line 3
PHP Warning:  Undefined array key "𝄞" in /work/kc_php/drv.php(171) : eval()'d code on line 3
PHP Warning:  Undefined array key "é" in /work/kc_php/drv.php(171) : eval()'d code on line 3
PHP Warning:  Undefined array key "quote " backslash \ tab	here" in /work/kc_php/drv.php(171) : eval()'d code on line 3
PHP Warning:  Undefined array key "" in /work/kc_php/drv.php(171) : eval()'d code on line 3
PHP Warning:  Undefined array key "hello" in /work/kc_php/drv.php(171) : eval()'d code on line 3
PHP Warning:  Undefined array key "line one
line two" in /work/kc_php/drv.php(171) : eval()'d code on line 3
PHP Warning:  Undefined array key "𝄞" in /work/kc_php/drv.php(171) : eval()'d code on line 3
PHP Warning:  Undefined array key "é" in /work/kc_php/drv.php(171) : eval()'d code on line 3
PHP Warning:  Undefined array key "quote " backslash \ tab	here" in /work/kc_php/drv.php(171) : eval()'d code on line 3
PHP Warning:  Undefined array key "" in /work/kc_php/drv.php(171) : eval()'d code on line 3
PHP Warning:  Undefined array key "" in /work/kc_php/drv.php(171) : eval()'d code on line 3
PHP Warning:  Undefined array key "" in /work/kc_php/drv.php(171) : eval()'d code on line 3
PHP Warning:  Undefined array key "" in /work/kc_php/drv.php(171) : eval()'d code on line 3
PHP Warning:  Undefined array key "" in /work/kc_php/drv.php(171) : eval()'d code on line 3
PHP Warning:  Undefined array key 1 in /work/kc_php/drv.php(171) : eval()'d code on line 3
PHP Warning:  Undefined array key 0 in /work/kc_php/drv.php(171) : eval()'d code on line 3
PHP Warning:  Undefined array key 1 in /work/kc_php/drv.php(171) : eval()'d code on line 3
PHP Warning:  Undefined array key 42 in /work/kc_php/drv.php(171) : eval()'d code on line 3
PHP Warning:  Undefined array key 9223372036854775807 in /work/kc_php/drv.php(171) : eval()'d code on line 3
PHP Warning:  The float 9.223372036854776E+18 is not representable as an int, cast occurred in /work/kc_php/drv.php(171) : eval()'d code on line 3
PHP Warning:  Undefined array key -9223372036854775808 in /work/kc_php/drv.php(171) : eval()'d code on line 3
PHP Warning:  Undefined array key 9007199254740993 in /work/kc_php/drv.php(171) : eval()'d code on line 3
PHP Warning:  The float 1.8446744073709552E+19 is not representable as an int, cast occurred in /work/kc_php/drv.php(171) : eval()'d code on line 3
PHP Warning:  Undefined array key 42 in /work/kc_php/drv.php(171) : eval()'d code on line 3
PHP Warning:  Undefined array key 9223372036854775807 in /work/kc_php/drv.php(171) : eval()'d code on line 3
PHP Warning:  The float 9.223372036854776E+18 is not representable as an int, cast occurred in /work/kc_php/drv.php(171) : eval()'d code on line 3
PHP Warning:  Undefined array key -9223372036854775808 in /work/kc_php/drv.php(171) : eval()'d code on line 3
PHP Warning:  Undefined array key 9007199254740993 in /work/kc_php/drv.php(171) : eval()'d code on line 3
PHP Warning:  The float 1.8446744073709552E+19 is not representable as an int, cast occurred in /work/kc_php/drv.php(171) : eval()'d code on line 3
PHP Warning:  Undefined array key 42 in /work/kc_php/drv.php(171) : eval()'d code on line 3
PHP Warning:  Undefined array key 0 in /work/kc_php/drv.php(171) : eval()'d code on line 3
PHP Warning:  Undefined array key 9223372036854775807 in /work/kc_php/drv.php(171) : eval()'d code on line 3
PHP Warning:  The float 9.223372036854776E+18 is not representable as an int, cast occurred in /work/kc_php/drv.php(171) : eval()'d code on line 3
PHP Warning:  Undefined array key -9223372036854775808 in /work/kc_php/drv.php(171) : eval()'d code on line 3
PHP Warning:  Undefined array key 9007199254740993 in /work/kc_php/drv.php(171) : eval()'d code on line 3
PHP Warning:  The float 1.8446744073709552E+19 is not representable as an int, cast occurred in /work/kc_php/drv.php(171) : eval()'d code on line 3
PHP Warning:  Undefined array key 0 in /work/kc_php/drv.php(171) : eval()'d code on line 3
PHP Warning:  Undefined array key 42 in /work/kc_php/drv.php(171) : eval()'d code on line 3
PHP Warning:  Undefined array key 9223372036854775807 in /work/kc_php/drv.php(171) : eval()'d code on line 3
PHP Warning:  The float 9.223372036854776E+18 is not representable as an int, cast occurred in /work/kc_php/drv.php(171) : eval()'d code on line 3
PHP Warning:  Undefined array key -9223372036854775808 in /work/kc_php/drv.php(171) : eval()'d code on line 3
PHP Warning:  Undefined array key 9007199254740993 in /work/kc_php/drv.php(171) : eval()'d code on line 3
PHP Warning:  The float 1.8446744073709552E+19 is not representable as an int, cast occurred in /work/kc_php/drv.php(171) : eval()'d code on line 3
PHP Warning:  Undefined array key 42 in /work/kc_php/drv.php(171) : eval()'d code on line 3
PHP Warning:  Undefined array key 9223372036854775807 in /work/kc_php/drv.php(171) : eval()'d code on line 3
PHP Warning:  The float 9.223372036854776E+18 is not representable as an int, cast occurred in /work/kc_php/drv.php(171) : eval()'d code on line 3
PHP Warning:  Undefined array key -9223372036854775808 in /work/kc_php/drv.php(171) : eval()'d code on line 3
PHP Warning:  Undefined array key 9007199254740993 in /work/kc_php/drv.php(171) : eval()'d code on line 3
PHP Warning:  The float 1.8446744073709552E+19 is not representable as an int, cast occurred in /work/kc_php/drv.php(171) : eval()'d code on line 3
PHP Warning:  Undefined array key 42 in /work/kc_php/drv.php(171) : eval()'d code on line 3
PHP Warning:  Undefined array key 9223372036854775807 in /work/kc_php/drv.php(171) : eval()'d code on line 3
PHP Warning:  Undefined array key "9223372036854775808" in /work/kc_php/drv.php(171) : eval()'d code on line 3
PHP Warning:  Undefined array key 9007199254740993 in /work/kc_php/drv.php(171) : eval()'d code on line 3
PHP Warning:  Undefined array key "18446744073709551615" in /work/kc_php/drv.php(171) : eval()'d code on line 3
PHP Warning:  Undefined array key 42 in /work/kc_php/drv.php(171) : eval()'d code on line 3
PHP Warning:  Undefined array key 9223372036854775807 in /work/kc_php/drv.php(171) : eval()'d code on line 3
PHP Warning:  Undefined array key "9223372036854775808" in /work/kc_php/drv.php(171) : eval()'d code on line 3
PHP Warning:  Undefined array key 9007199254740993 in /work/kc_php/drv.php(171) : eval()'d code on line 3
PHP Warning:  Undefined array key "18446744073709551615" in /work/kc_php/drv.php(171) : eval()'d code on line 3
PHP Warning:  Undefined array key 42 in /work/kc_php/drv.php(171) : eval()'d code on line 3
PHP Warning:  Undefined array key 0 in /work/kc_php/drv.php(171) : eval()'d code on line 3
PHP Warning:  Undefined array key 9223372036854775807 in /work/kc_php/drv.php(171) : eval()'d code on line 3
PHP Warning:  Undefined array key "9223372036854775808" in /work/kc_php/drv.php(171) : eval()'d code on line 3
PHP Warning:  Undefined array key 9007199254740993 in /work/kc_php/drv.php(171) : eval()'d code on line 3
PHP Warning:  Undefined array key "18446744073709551615" in /work/kc_php/drv.php(171) : eval()'d code on line 3
PHP Warning:  Undefined array key 42 in /work/kc_php/drv.php(171) : eval()'d code on line 3
PHP Warning:  Undefined array key 9223372036854775807 in /work/kc_php/drv.php(171) : eval()'d code on line 3
PHP Warning:  Undefined array key "9223372036854775808" in /work/kc_php/drv.php(171) : eval()'d code on line 3
PHP Warning:  Undefined array key 9007199254740993 in /work/kc_php/drv.php(171) : eval()'d code on line 3
PHP Warning:  Undefined array key "18446744073709551615" in /work/kc_php/drv.php(171) : eval()'d code on line 3
PHP Warning:  Undefined array key 42 in /work/kc_php/drv.php(171) : eval()'d code on line 3
PHP Warning:  Undefined array key 9223372036854775807 in /work/kc_php/drv.php(171) : eval()'d code on line 3
PHP Warning:  Undefined array key "9223372036854775808" in /work/kc_php/drv.php(171) : eval()'d code on line 3
PHP Warning:  Undefined array key 9007199254740993 in /work/kc_php/drv.php(171) : eval()'d code on line 3
PHP Warning:  Undefined array key "18446744073709551615" in /work/kc_php/drv.php(171) : eval()'d code on line 3
PHP Warning:  Undefined array key 3 in /work/kc_php/drv.php(171) : eval()'d code on line 3
PHP Warning:  The float INF is not representable as an int, cast occurred in /work/kc_php/drv.php(171) : eval()'d code on line 3
PHP Warning:  The float NAN is not representable as an int, cast occurred in /work/kc_php/drv.php(171) : eval()'d code on line 3
PHP Warning:  Undefined array key 1 in /work/kc_php/drv.php(171) : eval()'d code on line 3
PHP Warning:  Undefined array key 3 in /work/kc_php/drv.php(171) : eval()'d code on line 3
PHP Warning:  The float INF is not representable as an int, cast occurred in /work/kc_php/drv.php(171) : eval()'d code on line 3
PHP Warning:  The float NAN is not representable as an int, cast occurred in /work/kc_php/drv.php(171) : eval()'d code on line 3
PHP Warning:  Undefined array key 1 in /work/kc_php/drv.php(171) : eval()'d code on line 3
PHP Warning:  Undefined array key 3 in /work/kc_php/drv.php(171) : eval()'d code on line 3
PHP Warning:  The float INF is not representable as an int, cast occurred in /work/kc_php/drv.php(171) : eval()'d code on line 3
PHP Warning:  Undefined array key 0 in /work/kc_php/drv.php(171) : eval()'d code on line 3
PHP Warning:  The float NAN is not representable as an int, cast occurred in /work/kc_php/drv.php(171) : eval()'d code on line 3
PHP Warning:  Undefined array key 0 in /work/kc_php/drv.php(171) : eval()'d code on line 3
PHP Warning:  Undefined array key 0 in /work/kc_php/drv.php(171) : eval()'d code on line 3
PHP Warning:  Undefined array key 0 in /work/kc_php/drv.php(171) : eval()'d code on line 3
PHP Warning:  The float INF is not representable as an int, cast occurred in /work/kc_php/drv.php(171) : eval()'d code on line 3
PHP Warning:  The float NAN is not representable as an int, cast occurred in /work/kc_php/drv.php(171) : eval()'d code on line 3
PHP Warning:  Undefined array key 3 in /work/kc_php/drv.php(171) : eval()'d code on line 3
PHP Warning:  The float INF is not representable as an int, cast occurred in /work/kc_php/drv.php(171) : eval()'d code on line 3
PHP Warning:  The float NAN is not representable as an int, cast occurred in /work/kc_php/drv.php(171) : eval()'d code on line 3
PHP Warning:  Undefined array key "" in /work/kc_php/drv.php(171) : eval()'d code on line 3
PHP Warning:  Undefined array key "hello" in /work/kc_php/drv.php(171) : eval()'d code on line 3
PHP Warning:  Undefined array key "line one
line two" in /work/kc_php/drv.php(171) : eval()'d code on line 3
PHP Warning:  Undefined array key "𝄞" in /work/kc_php/drv.php(171) : eval()'d code on line 3
PHP Warning:  Undefined array key "é" in /work/kc_php/drv.php(171) : eval()'d code on line 3
PHP Warning:  Undefined array key "quote " backslash \ tab	here" in /work/kc_php/drv.php(171) : eval()'d code on line 3
PHP Warning:  Undefined array key "" in /work/kc_php/drv.php(171) : eval()'d code on line 3
PHP Warning:  Undefined array key "hello" in /work/kc_php/drv.php(171) : eval()'d code on line 3
PHP Warning:  Undefined array key "line one
line two" in /work/kc_php/drv.php(171) : eval()'d code on line 3
PHP Warning:  Undefined array key "𝄞" in /work/kc_php/drv.php(171) : eval()'d code on line 3
PHP Warning:  Undefined array key "é" in /work/kc_php/drv.php(171) : eval()'d code on line 3
PHP Warning:  Undefined array key "quote " backslash \ tab	here" in /work/kc_php/drv.php(171) : eval()'d code on line 3
PHP Warning:  Undefined array key "" in /work/kc_php/drv.php(171) : eval()'d code on line 3
PHP Warning:  Undefined array key "hello" in /work/kc_php/drv.php(171) : eval()'d code on line 3
PHP Warning:  Undefined array key "line one
line two" in /work/kc_php/drv.php(171) : eval()'d code on line 3
PHP Warning:  Undefined array key "𝄞" in /work/kc_php/drv.php(171) : eval()'d code on line 3
PHP Warning:  Undefined array key "é" in /work/kc_php/drv.php(171) : eval()'d code on line 3
PHP Warning:  Undefined array key "quote " backslash \ tab	here" in /work/kc_php/drv.php(171) : eval()'d code on line 3
PHP Warning:  Undefined array key "" in /work/kc_php/drv.php(171) : eval()'d code on line 3
PHP Warning:  Undefined array key "hello" in /work/kc_php/drv.php(171) : eval()'d code on line 3
PHP Warning:  Undefined array key "line one
line two" in /work/kc_php/drv.php(171) : eval()'d code on line 3
PHP Warning:  Undefined array key "𝄞" in /work/kc_php/drv.php(171) : eval()'d code on line 3
PHP Warning:  Undefined array key "é" in /work/kc_php/drv.php(171) : eval()'d code on line 3
PHP Warning:  Undefined array key "quote " backslash \ tab	here" in /work/kc_php/drv.php(171) : eval()'d code on line 3
PHP Warning:  Undefined array key "" in /work/kc_php/drv.php(171) : eval()'d code on line 3
PHP Warning:  Undefined array key "hello" in /work/kc_php/drv.php(171) : eval()'d code on line 3
PHP Warning:  Undefined array key "line one
line two" in /work/kc_php/drv.php(171) : eval()'d code on line 3
PHP Warning:  Undefined array key "𝄞" in /work/kc_php/drv.php(171) : eval()'d code on line 3
PHP Warning:  Undefined array key "é" in /work/kc_php/drv.php(171) : eval()'d code on line 3
PHP Warning:  Undefined array key "quote " backslash \ tab	here" in /work/kc_php/drv.php(171) : eval()'d code on line 3
PHP Warning:  The float 9.223372036854776E+18 is not representable as an int, cast occurred in /work/kc_php/drv.php(171) : eval()'d code on line 3
PHP Warning:  The float 1.8446744073709552E+19 is not representable as an int, cast occurred in /work/kc_php/drv.php(171) : eval()'d code on line 3
PHP Warning:  The float 9.223372036854776E+18 is not representable as an int, cast occurred in /work/kc_php/drv.php(171) : eval()'d code on line 3
PHP Warning:  The float 1.8446744073709552E+19 is not representable as an int, cast occurred in /work/kc_php/drv.php(171) : eval()'d code on line 3
PHP Warning:  The float 9.223372036854776E+18 is not representable as an int, cast occurred in /work/kc_php/drv.php(171) : eval()'d code on line 3
PHP Warning:  The float 1.8446744073709552E+19 is not representable as an int, cast occurred in /work/kc_php/drv.php(171) : eval()'d code on line 3
PHP Warning:  The float 9.223372036854776E+18 is not representable as an int, cast occurred in /work/kc_php/drv.php(171) : eval()'d code on line 3
PHP Warning:  The float 1.8446744073709552E+19 is not representable as an int, cast occurred in /work/kc_php/drv.php(171) : eval()'d code on line 3
PHP Warning:  The float 9.223372036854776E+18 is not representable as an int, cast occurred in /work/kc_php/drv.php(171) : eval()'d code on line 3
PHP Warning:  The float 1.8446744073709552E+19 is not representable as an int, cast occurred in /work/kc_php/drv.php(171) : eval()'d code on line 3
PHP Warning:  The float INF is not representable as an int, cast occurred in /work/kc_php/drv.php(171) : eval()'d code on line 3
PHP Warning:  The float NAN is not representable as an int, cast occurred in /work/kc_php/drv.php(171) : eval()'d code on line 3
PHP Warning:  The float INF is not representable as an int, cast occurred in /work/kc_php/drv.php(171) : eval()'d code on line 3
PHP Warning:  The float NAN is not representable as an int, cast occurred in /work/kc_php/drv.php(171) : eval()'d code on line 3
PHP Warning:  The float INF is not representable as an int, cast occurred in /work/kc_php/drv.php(171) : eval()'d code on line 3
PHP Warning:  The float NAN is not representable as an int, cast occurred in /work/kc_php/drv.php(171) : eval()'d code on line 3
PHP Warning:  The float INF is not representable as an int, cast occurred in /work/kc_php/drv.php(171) : eval()'d code on line 3
PHP Warning:  The float NAN is not representable as an int, cast occurred in /work/kc_php/drv.php(171) : eval()'d code on line 3
PHP Warning:  The float INF is not representable as an int, cast occurred in /work/kc_php/drv.php(171) : eval()'d code on line 3
PHP Warning:  The float NAN is not representable as an int, cast occurred in /work/kc_php/drv.php(171) : eval()'d code on line 3
[progress] php constructs [5000/33680]  14.8%  elapsed 00:00:00  ETA 00:00:00  mean 0.01 ms
PHP Warning:  Undefined array key "" in /work/kc_php/drv.php(171) : eval()'d code on line 3
PHP Warning:  Undefined array key "" in /work/kc_php/drv.php(171) : eval()'d code on line 3
PHP Warning:  Undefined array key "" in /work/kc_php/drv.php(171) : eval()'d code on line 3
PHP Warning:  Undefined array key "" in /work/kc_php/drv.php(171) : eval()'d code on line 3
PHP Warning:  Undefined array key "" in /work/kc_php/drv.php(171) : eval()'d code on line 3
PHP Warning:  Undefined array key 1 in /work/kc_php/drv.php(171) : eval()'d code on line 3
PHP Warning:  Undefined array key 0 in /work/kc_php/drv.php(171) : eval()'d code on line 3
PHP Warning:  Undefined array key 1 in /work/kc_php/drv.php(171) : eval()'d code on line 3
PHP Warning:  Undefined array key 42 in /work/kc_php/drv.php(171) : eval()'d code on line 3
PHP Warning:  Undefined array key 9223372036854775807 in /work/kc_php/drv.php(171) : eval()'d code on line 3
PHP Warning:  The float 9.223372036854776E+18 is not representable as an int, cast occurred in /work/kc_php/drv.php(171) : eval()'d code on line 3
PHP Warning:  Undefined array key -9223372036854775808 in /work/kc_php/drv.php(171) : eval()'d code on line 3
PHP Warning:  Undefined array key 9007199254740993 in /work/kc_php/drv.php(171) : eval()'d code on line 3
PHP Warning:  The float 1.8446744073709552E+19 is not representable as an int, cast occurred in /work/kc_php/drv.php(171) : eval()'d code on line 3
PHP Warning:  Undefined array key 42 in /work/kc_php/drv.php(171) : eval()'d code on line 3
PHP Warning:  Undefined array key 9223372036854775807 in /work/kc_php/drv.php(171) : eval()'d code on line 3
PHP Warning:  The float 9.223372036854776E+18 is not representable as an int, cast occurred in /work/kc_php/drv.php(171) : eval()'d code on line 3
PHP Warning:  Undefined array key -9223372036854775808 in /work/kc_php/drv.php(171) : eval()'d code on line 3
PHP Warning:  Undefined array key 9007199254740993 in /work/kc_php/drv.php(171) : eval()'d code on line 3
PHP Warning:  The float 1.8446744073709552E+19 is not representable as an int, cast occurred in /work/kc_php/drv.php(171) : eval()'d code on line 3
PHP Warning:  Undefined array key 42 in /work/kc_php/drv.php(171) : eval()'d code on line 3
PHP Warning:  Undefined array key 0 in /work/kc_php/drv.php(171) : eval()'d code on line 3
PHP Warning:  Undefined array key 9223372036854775807 in /work/kc_php/drv.php(171) : eval()'d code on line 3
PHP Warning:  The float 9.223372036854776E+18 is not representable as an int, cast occurred in /work/kc_php/drv.php(171) : eval()'d code on line 3
PHP Warning:  Undefined array key -9223372036854775808 in /work/kc_php/drv.php(171) : eval()'d code on line 3
PHP Warning:  Undefined array key 9007199254740993 in /work/kc_php/drv.php(171) : eval()'d code on line 3
PHP Warning:  The float 1.8446744073709552E+19 is not representable as an int, cast occurred in /work/kc_php/drv.php(171) : eval()'d code on line 3
PHP Warning:  Undefined array key 0 in /work/kc_php/drv.php(171) : eval()'d code on line 3
PHP Warning:  Undefined array key 42 in /work/kc_php/drv.php(171) : eval()'d code on line 3
PHP Warning:  Undefined array key 9223372036854775807 in /work/kc_php/drv.php(171) : eval()'d code on line 3
PHP Warning:  The float 9.223372036854776E+18 is not representable as an int, cast occurred in /work/kc_php/drv.php(171) : eval()'d code on line 3
PHP Warning:  Undefined array key -9223372036854775808 in /work/kc_php/drv.php(171) : eval()'d code on line 3
PHP Warning:  Undefined array key 9007199254740993 in /work/kc_php/drv.php(171) : eval()'d code on line 3
PHP Warning:  The float 1.8446744073709552E+19 is not representable as an int, cast occurred in /work/kc_php/drv.php(171) : eval()'d code on line 3
PHP Warning:  Undefined array key 42 in /work/kc_php/drv.php(171) : eval()'d code on line 3
PHP Warning:  Undefined array key 9223372036854775807 in /work/kc_php/drv.php(171) : eval()'d code on line 3
PHP Warning:  The float 9.223372036854776E+18 is not representable as an int, cast occurred in /work/kc_php/drv.php(171) : eval()'d code on line 3
PHP Warning:  Undefined array key -9223372036854775808 in /work/kc_php/drv.php(171) : eval()'d code on line 3
PHP Warning:  Undefined array key 9007199254740993 in /work/kc_php/drv.php(171) : eval()'d code on line 3
PHP Warning:  The float 1.8446744073709552E+19 is not representable as an int, cast occurred in /work/kc_php/drv.php(171) : eval()'d code on line 3
PHP Warning:  Undefined array key 42 in /work/kc_php/drv.php(171) : eval()'d code on line 3
PHP Warning:  Undefined array key 9223372036854775807 in /work/kc_php/drv.php(171) : eval()'d code on line 3
PHP Warning:  Undefined array key "9223372036854775808" in /work/kc_php/drv.php(171) : eval()'d code on line 3
PHP Warning:  Undefined array key 9007199254740993 in /work/kc_php/drv.php(171) : eval()'d code on line 3
PHP Warning:  Undefined array key "18446744073709551615" in /work/kc_php/drv.php(171) : eval()'d code on line 3
PHP Warning:  Undefined array key 42 in /work/kc_php/drv.php(171) : eval()'d code on line 3
PHP Warning:  Undefined array key 9223372036854775807 in /work/kc_php/drv.php(171) : eval()'d code on line 3
PHP Warning:  Undefined array key "9223372036854775808" in /work/kc_php/drv.php(171) : eval()'d code on line 3
PHP Warning:  Undefined array key 9007199254740993 in /work/kc_php/drv.php(171) : eval()'d code on line 3
PHP Warning:  Undefined array key "18446744073709551615" in /work/kc_php/drv.php(171) : eval()'d code on line 3
PHP Warning:  Undefined array key 42 in /work/kc_php/drv.php(171) : eval()'d code on line 3
PHP Warning:  Undefined array key 0 in /work/kc_php/drv.php(171) : eval()'d code on line 3
PHP Warning:  Undefined array key 9223372036854775807 in /work/kc_php/drv.php(171) : eval()'d code on line 3
PHP Warning:  Undefined array key "9223372036854775808" in /work/kc_php/drv.php(171) : eval()'d code on line 3
PHP Warning:  Undefined array key 9007199254740993 in /work/kc_php/drv.php(171) : eval()'d code on line 3
PHP Warning:  Undefined array key "18446744073709551615" in /work/kc_php/drv.php(171) : eval()'d code on line 3
PHP Warning:  Undefined array key 42 in /work/kc_php/drv.php(171) : eval()'d code on line 3
PHP Warning:  Undefined array key 9223372036854775807 in /work/kc_php/drv.php(171) : eval()'d code on line 3
PHP Warning:  Undefined array key "9223372036854775808" in /work/kc_php/drv.php(171) : eval()'d code on line 3
PHP Warning:  Undefined array key 9007199254740993 in /work/kc_php/drv.php(171) : eval()'d code on line 3
PHP Warning:  Undefined array key "18446744073709551615" in /work/kc_php/drv.php(171) : eval()'d code on line 3
PHP Warning:  Undefined array key 42 in /work/kc_php/drv.php(171) : eval()'d code on line 3
PHP Warning:  Undefined array key 9223372036854775807 in /work/kc_php/drv.php(171) : eval()'d code on line 3
PHP Warning:  Undefined array key "9223372036854775808" in /work/kc_php/drv.php(171) : eval()'d code on line 3
PHP Warning:  Undefined array key 9007199254740993 in /work/kc_php/drv.php(171) : eval()'d code on line 3
PHP Warning:  Undefined array key "18446744073709551615" in /work/kc_php/drv.php(171) : eval()'d code on line 3
PHP Warning:  Undefined array key 3 in /work/kc_php/drv.php(171) : eval()'d code on line 3
PHP Warning:  The float INF is not representable as an int, cast occurred in /work/kc_php/drv.php(171) : eval()'d code on line 3
PHP Warning:  The float NAN is not representable as an int, cast occurred in /work/kc_php/drv.php(171) : eval()'d code on line 3
PHP Warning:  Undefined array key 1 in /work/kc_php/drv.php(171) : eval()'d code on line 3
PHP Warning:  Undefined array key 3 in /work/kc_php/drv.php(171) : eval()'d code on line 3
PHP Warning:  The float INF is not representable as an int, cast occurred in /work/kc_php/drv.php(171) : eval()'d code on line 3
PHP Warning:  The float NAN is not representable as an int, cast occurred in /work/kc_php/drv.php(171) : eval()'d code on line 3
PHP Warning:  Undefined array key 1 in /work/kc_php/drv.php(171) : eval()'d code on line 3
PHP Warning:  Undefined array key 3 in /work/kc_php/drv.php(171) : eval()'d code on line 3
PHP Warning:  The float INF is not representable as an int, cast occurred in /work/kc_php/drv.php(171) : eval()'d code on line 3
PHP Warning:  Undefined array key 0 in /work/kc_php/drv.php(171) : eval()'d code on line 3
PHP Warning:  The float NAN is not representable as an int, cast occurred in /work/kc_php/drv.php(171) : eval()'d code on line 3
PHP Warning:  Undefined array key 0 in /work/kc_php/drv.php(171) : eval()'d code on line 3
PHP Warning:  Undefined array key 0 in /work/kc_php/drv.php(171) : eval()'d code on line 3
PHP Warning:  Undefined array key 0 in /work/kc_php/drv.php(171) : eval()'d code on line 3
PHP Warning:  The float INF is not representable as an int, cast occurred in /work/kc_php/drv.php(171) : eval()'d code on line 3
PHP Warning:  The float NAN is not representable as an int, cast occurred in /work/kc_php/drv.php(171) : eval()'d code on line 3
PHP Warning:  Undefined array key 3 in /work/kc_php/drv.php(171) : eval()'d code on line 3
PHP Warning:  The float INF is not representable as an int, cast occurred in /work/kc_php/drv.php(171) : eval()'d code on line 3
PHP Warning:  The float NAN is not representable as an int, cast occurred in /work/kc_php/drv.php(171) : eval()'d code on line 3
PHP Warning:  Undefined array key "" in /work/kc_php/drv.php(171) : eval()'d code on line 3
PHP Warning:  Undefined array key "hello" in /work/kc_php/drv.php(171) : eval()'d code on line 3
PHP Warning:  Undefined array key "line one
line two" in /work/kc_php/drv.php(171) : eval()'d code on line 3
PHP Warning:  Undefined array key "𝄞" in /work/kc_php/drv.php(171) : eval()'d code on line 3
PHP Warning:  Undefined array key "é" in /work/kc_php/drv.php(171) : eval()'d code on line 3
PHP Warning:  Undefined array key "quote " backslash \ tab	here" in /work/kc_php/drv.php(171) : eval()'d code on line 3
PHP Warning:  Undefined array key "" in /work/kc_php/drv.php(171) : eval()'d code on line 3
PHP Warning:  Undefined array key "hello" in /work/kc_php/drv.php(171) : eval()'d code on line 3
PHP Warning:  Undefined array key "line one
line two" in /work/kc_php/drv.php(171) : eval()'d code on line 3
PHP Warning:  Undefined array key "𝄞" in /work/kc_php/drv.php(171) : eval()'d code on line 3
PHP Warning:  Undefined array key "é" in /work/kc_php/drv.php(171) : eval()'d code on line 3
PHP Warning:  Undefined array key "quote " backslash \ tab	here" in /work/kc_php/drv.php(171) : eval()'d code on line 3
PHP Warning:  Undefined array key "" in /work/kc_php/drv.php(171) : eval()'d code on line 3
PHP Warning:  Undefined array key "hello" in /work/kc_php/drv.php(171) : eval()'d code on line 3
PHP Warning:  Undefined array key "line one
line two" in /work/kc_php/drv.php(171) : eval()'d code on line 3
PHP Warning:  Undefined array key "𝄞" in /work/kc_php/drv.php(171) : eval()'d code on line 3
PHP Warning:  Undefined array key "é" in /work/kc_php/drv.php(171) : eval()'d code on line 3
PHP Warning:  Undefined array key "quote " backslash \ tab	here" in /work/kc_php/drv.php(171) : eval()'d code on line 3
PHP Warning:  Undefined array key "" in /work/kc_php/drv.php(171) : eval()'d code on line 3
PHP Warning:  Undefined array key "hello" in /work/kc_php/drv.php(171) : eval()'d code on line 3
PHP Warning:  Undefined array key "line one
line two" in /work/kc_php/drv.php(171) : eval()'d code on line 3
PHP Warning:  Undefined array key "𝄞" in /work/kc_php/drv.php(171) : eval()'d code on line 3
PHP Warning:  Undefined array key "é" in /work/kc_php/drv.php(171) : eval()'d code on line 3
PHP Warning:  Undefined array key "quote " backslash \ tab	here" in /work/kc_php/drv.php(171) : eval()'d code on line 3
PHP Warning:  Undefined array key "" in /work/kc_php/drv.php(171) : eval()'d code on line 3
PHP Warning:  Undefined array key "hello" in /work/kc_php/drv.php(171) : eval()'d code on line 3
PHP Warning:  Undefined array key "line one
line two" in /work/kc_php/drv.php(171) : eval()'d code on line 3
PHP Warning:  Undefined array key "𝄞" in /work/kc_php/drv.php(171) : eval()'d code on line 3
PHP Warning:  Undefined array key "é" in /work/kc_php/drv.php(171) : eval()'d code on line 3
PHP Warning:  Undefined array key "quote " backslash \ tab	here" in /work/kc_php/drv.php(171) : eval()'d code on line 3
PHP Warning:  Undefined array key "" in /work/kc_php/drv.php(171) : eval()'d code on line 3
PHP Warning:  Undefined array key "" in /work/kc_php/drv.php(171) : eval()'d code on line 3
PHP Warning:  Undefined array key "" in /work/kc_php/drv.php(171) : eval()'d code on line 3
PHP Warning:  Undefined array key "" in /work/kc_php/drv.php(171) : eval()'d code on line 3
PHP Warning:  Undefined array key 0 in /work/kc_php/drv.php(171) : eval()'d code on line 3
PHP Warning:  Undefined array key 1 in /work/kc_php/drv.php(171) : eval()'d code on line 3
PHP Warning:  Undefined array key 0 in /work/kc_php/drv.php(171) : eval()'d code on line 3
PHP Warning:  Undefined array key 1 in /work/kc_php/drv.php(171) : eval()'d code on line 3
PHP Warning:  Undefined array key 0 in /work/kc_php/drv.php(171) : eval()'d code on line 3
PHP Warning:  Undefined array key 1 in /work/kc_php/drv.php(171) : eval()'d code on line 3
PHP Warning:  Undefined array key 0 in /work/kc_php/drv.php(171) : eval()'d code on line 3
PHP Warning:  Undefined array key 0 in /work/kc_php/drv.php(171) : eval()'d code on line 3
PHP Warning:  Undefined array key 1 in /work/kc_php/drv.php(171) : eval()'d code on line 3
PHP Warning:  Undefined array key 42 in /work/kc_php/drv.php(171) : eval()'d code on line 3
PHP Warning:  Undefined array key 0 in /work/kc_php/drv.php(171) : eval()'d code on line 3
PHP Warning:  Undefined array key 9223372036854775807 in /work/kc_php/drv.php(171) : eval()'d code on line 3
PHP Warning:  The float 9.223372036854776E+18 is not representable as an int, cast occurred in /work/kc_php/drv.php(171) : eval()'d code on line 3
PHP Warning:  Undefined array key -9223372036854775808 in /work/kc_php/drv.php(171) : eval()'d code on line 3
PHP Warning:  Undefined array key 9007199254740993 in /work/kc_php/drv.php(171) : eval()'d code on line 3
PHP Warning:  The float 1.8446744073709552E+19 is not representable as an int, cast occurred in /work/kc_php/drv.php(171) : eval()'d code on line 3
PHP Warning:  Undefined array key 0 in /work/kc_php/drv.php(171) : eval()'d code on line 3
PHP Warning:  Undefined array key 42 in /work/kc_php/drv.php(171) : eval()'d code on line 3
PHP Warning:  Undefined array key 0 in /work/kc_php/drv.php(171) : eval()'d code on line 3
PHP Warning:  Undefined array key 9223372036854775807 in /work/kc_php/drv.php(171) : eval()'d code on line 3
PHP Warning:  The float 9.223372036854776E+18 is not representable as an int, cast occurred in /work/kc_php/drv.php(171) : eval()'d code on line 3
PHP Warning:  Undefined array key -9223372036854775808 in /work/kc_php/drv.php(171) : eval()'d code on line 3
PHP Warning:  Undefined array key 9007199254740993 in /work/kc_php/drv.php(171) : eval()'d code on line 3
PHP Warning:  The float 1.8446744073709552E+19 is not representable as an int, cast occurred in /work/kc_php/drv.php(171) : eval()'d code on line 3
PHP Warning:  Undefined array key 0 in /work/kc_php/drv.php(171) : eval()'d code on line 3
PHP Warning:  Undefined array key 42 in /work/kc_php/drv.php(171) : eval()'d code on line 3
PHP Warning:  Undefined array key 0 in /work/kc_php/drv.php(171) : eval()'d code on line 3
PHP Warning:  Undefined array key 9223372036854775807 in /work/kc_php/drv.php(171) : eval()'d code on line 3
PHP Warning:  The float 9.223372036854776E+18 is not representable as an int, cast occurred in /work/kc_php/drv.php(171) : eval()'d code on line 3
PHP Warning:  Undefined array key -9223372036854775808 in /work/kc_php/drv.php(171) : eval()'d code on line 3
PHP Warning:  Undefined array key 9007199254740993 in /work/kc_php/drv.php(171) : eval()'d code on line 3
PHP Warning:  The float 1.8446744073709552E+19 is not representable as an int, cast occurred in /work/kc_php/drv.php(171) : eval()'d code on line 3
PHP Warning:  Undefined array key 0 in /work/kc_php/drv.php(171) : eval()'d code on line 3
PHP Warning:  Undefined array key 42 in /work/kc_php/drv.php(171) : eval()'d code on line 3
PHP Warning:  Undefined array key 0 in /work/kc_php/drv.php(171) : eval()'d code on line 3
PHP Warning:  Undefined array key 9223372036854775807 in /work/kc_php/drv.php(171) : eval()'d code on line 3
PHP Warning:  The float 9.223372036854776E+18 is not representable as an int, cast occurred in /work/kc_php/drv.php(171) : eval()'d code on line 3
PHP Warning:  Undefined array key -9223372036854775808 in /work/kc_php/drv.php(171) : eval()'d code on line 3
PHP Warning:  Undefined array key 9007199254740993 in /work/kc_php/drv.php(171) : eval()'d code on line 3
PHP Warning:  The float 1.8446744073709552E+19 is not representable as an int, cast occurred in /work/kc_php/drv.php(171) : eval()'d code on line 3
PHP Warning:  Undefined array key 0 in /work/kc_php/drv.php(171) : eval()'d code on line 3
PHP Warning:  Undefined array key 42 in /work/kc_php/drv.php(171) : eval()'d code on line 3
PHP Warning:  Undefined array key 0 in /work/kc_php/drv.php(171) : eval()'d code on line 3
PHP Warning:  Undefined array key 9223372036854775807 in /work/kc_php/drv.php(171) : eval()'d code on line 3
PHP Warning:  The float 9.223372036854776E+18 is not representable as an int, cast occurred in /work/kc_php/drv.php(171) : eval()'d code on line 3
PHP Warning:  Undefined array key -9223372036854775808 in /work/kc_php/drv.php(171) : eval()'d code on line 3
PHP Warning:  Undefined array key 9007199254740993 in /work/kc_php/drv.php(171) : eval()'d code on line 3
PHP Warning:  The float 1.8446744073709552E+19 is not representable as an int, cast occurred in /work/kc_php/drv.php(171) : eval()'d code on line 3
PHP Warning:  Undefined array key 0 in /work/kc_php/drv.php(171) : eval()'d code on line 3
PHP Warning:  Undefined array key 42 in /work/kc_php/drv.php(171) : eval()'d code on line 3
PHP Warning:  Undefined array key 0 in /work/kc_php/drv.php(171) : eval()'d code on line 3
PHP Warning:  Undefined array key 9223372036854775807 in /work/kc_php/drv.php(171) : eval()'d code on line 3
PHP Warning:  Undefined array key "9223372036854775808" in /work/kc_php/drv.php(171) : eval()'d code on line 3
PHP Warning:  Undefined array key 9007199254740993 in /work/kc_php/drv.php(171) : eval()'d code on line 3
PHP Warning:  Undefined array key "18446744073709551615" in /work/kc_php/drv.php(171) : eval()'d code on line 3
PHP Warning:  Undefined array key 42 in /work/kc_php/drv.php(171) : eval()'d code on line 3
PHP Warning:  Undefined array key 0 in /work/kc_php/drv.php(171) : eval()'d code on line 3
PHP Warning:  Undefined array key 9223372036854775807 in /work/kc_php/drv.php(171) : eval()'d code on line 3
PHP Warning:  Undefined array key "9223372036854775808" in /work/kc_php/drv.php(171) : eval()'d code on line 3
PHP Warning:  Undefined array key 9007199254740993 in /work/kc_php/drv.php(171) : eval()'d code on line 3
PHP Warning:  Undefined array key "18446744073709551615" in /work/kc_php/drv.php(171) : eval()'d code on line 3
PHP Warning:  Undefined array key 42 in /work/kc_php/drv.php(171) : eval()'d code on line 3
PHP Warning:  Undefined array key 0 in /work/kc_php/drv.php(171) : eval()'d code on line 3
PHP Warning:  Undefined array key 9223372036854775807 in /work/kc_php/drv.php(171) : eval()'d code on line 3
PHP Warning:  Undefined array key "9223372036854775808" in /work/kc_php/drv.php(171) : eval()'d code on line 3
PHP Warning:  Undefined array key 9007199254740993 in /work/kc_php/drv.php(171) : eval()'d code on line 3
PHP Warning:  Undefined array key "18446744073709551615" in /work/kc_php/drv.php(171) : eval()'d code on line 3
PHP Warning:  Undefined array key 42 in /work/kc_php/drv.php(171) : eval()'d code on line 3
PHP Warning:  Undefined array key 0 in /work/kc_php/drv.php(171) : eval()'d code on line 3
PHP Warning:  Undefined array key 9223372036854775807 in /work/kc_php/drv.php(171) : eval()'d code on line 3
PHP Warning:  Undefined array key "9223372036854775808" in /work/kc_php/drv.php(171) : eval()'d code on line 3
PHP Warning:  Undefined array key 9007199254740993 in /work/kc_php/drv.php(171) : eval()'d code on line 3
PHP Warning:  Undefined array key "18446744073709551615" in /work/kc_php/drv.php(171) : eval()'d code on line 3
PHP Warning:  Undefined array key 42 in /work/kc_php/drv.php(171) : eval()'d code on line 3
PHP Warning:  Undefined array key 0 in /work/kc_php/drv.php(171) : eval()'d code on line 3
PHP Warning:  Undefined array key 9223372036854775807 in /work/kc_php/drv.php(171) : eval()'d code on line 3
PHP Warning:  Undefined array key "9223372036854775808" in /work/kc_php/drv.php(171) : eval()'d code on line 3
PHP Warning:  Undefined array key 9007199254740993 in /work/kc_php/drv.php(171) : eval()'d code on line 3
PHP Warning:  Undefined array key "18446744073709551615" in /work/kc_php/drv.php(171) : eval()'d code on line 3
PHP Warning:  Undefined array key 1 in /work/kc_php/drv.php(171) : eval()'d code on line 3
PHP Warning:  Undefined array key 3 in /work/kc_php/drv.php(171) : eval()'d code on line 3
PHP Warning:  The float INF is not representable as an int, cast occurred in /work/kc_php/drv.php(171) : eval()'d code on line 3
PHP Warning:  Undefined array key 0 in /work/kc_php/drv.php(171) : eval()'d code on line 3
PHP Warning:  The float NAN is not representable as an int, cast occurred in /work/kc_php/drv.php(171) : eval()'d code on line 3
PHP Warning:  Undefined array key 0 in /work/kc_php/drv.php(171) : eval()'d code on line 3
PHP Warning:  Undefined array key 0 in /work/kc_php/drv.php(171) : eval()'d code on line 3
PHP Warning:  Undefined array key 0 in /work/kc_php/drv.php(171) : eval()'d code on line 3
PHP Warning:  Undefined array key 1 in /work/kc_php/drv.php(171) : eval()'d code on line 3
PHP Warning:  Undefined array key 3 in /work/kc_php/drv.php(171) : eval()'d code on line 3
PHP Warning:  The float INF is not representable as an int, cast occurred in /work/kc_php/drv.php(171) : eval()'d code on line 3
PHP Warning:  Undefined array key 0 in /work/kc_php/drv.php(171) : eval()'d code on line 3
PHP Warning:  The float NAN is not representable as an int, cast occurred in /work/kc_php/drv.php(171) : eval()'d code on line 3
PHP Warning:  Undefined array key 0 in /work/kc_php/drv.php(171) : eval()'d code on line 3
PHP Warning:  Undefined array key 0 in /work/kc_php/drv.php(171) : eval()'d code on line 3
PHP Warning:  Undefined array key 0 in /work/kc_php/drv.php(171) : eval()'d code on line 3
PHP Warning:  Undefined array key 1 in /work/kc_php/drv.php(171) : eval()'d code on line 3
PHP Warning:  Undefined array key 3 in /work/kc_php/drv.php(171) : eval()'d code on line 3
PHP Warning:  The float INF is not representable as an int, cast occurred in /work/kc_php/drv.php(171) : eval()'d code on line 3
PHP Warning:  Undefined array key 0 in /work/kc_php/drv.php(171) : eval()'d code on line 3
PHP Warning:  The float NAN is not representable as an int, cast occurred in /work/kc_php/drv.php(171) : eval()'d code on line 3
PHP Warning:  Undefined array key 0 in /work/kc_php/drv.php(171) : eval()'d code on line 3
PHP Warning:  Undefined array key 0 in /work/kc_php/drv.php(171) : eval()'d code on line 3
PHP Warning:  Undefined array key 0 in /work/kc_php/drv.php(171) : eval()'d code on line 3
PHP Warning:  Undefined array key 3 in /work/kc_php/drv.php(171) : eval()'d code on line 3
PHP Warning:  The float INF is not representable as an int, cast occurred in /work/kc_php/drv.php(171) : eval()'d code on line 3
PHP Warning:  Undefined array key 0 in /work/kc_php/drv.php(171) : eval()'d code on line 3
PHP Warning:  The float NAN is not representable as an int, cast occurred in /work/kc_php/drv.php(171) : eval()'d code on line 3
PHP Warning:  Undefined array key 0 in /work/kc_php/drv.php(171) : eval()'d code on line 3
PHP Warning:  Undefined array key 0 in /work/kc_php/drv.php(171) : eval()'d code on line 3
PHP Warning:  Undefined array key 0 in /work/kc_php/drv.php(171) : eval()'d code on line 3
PHP Warning:  Undefined array key 1 in /work/kc_php/drv.php(171) : eval()'d code on line 3
PHP Warning:  Undefined array key 3 in /work/kc_php/drv.php(171) : eval()'d code on line 3
PHP Warning:  The float INF is not representable as an int, cast occurred in /work/kc_php/drv.php(171) : eval()'d code on line 3
PHP Warning:  Undefined array key 0 in /work/kc_php/drv.php(171) : eval()'d code on line 3
PHP Warning:  The float NAN is not representable as an int, cast occurred in /work/kc_php/drv.php(171) : eval()'d code on line 3
PHP Warning:  Undefined array key 0 in /work/kc_php/drv.php(171) : eval()'d code on line 3
PHP Warning:  Undefined array key 0 in /work/kc_php/drv.php(171) : eval()'d code on line 3
PHP Warning:  Undefined array key 0 in /work/kc_php/drv.php(171) : eval()'d code on line 3
PHP Warning:  Undefined array key "" in /work/kc_php/drv.php(171) : eval()'d code on line 3
PHP Warning:  Undefined array key "hello" in /work/kc_php/drv.php(171) : eval()'d code on line 3
PHP Warning:  Undefined array key "line one
line two" in /work/kc_php/drv.php(171) : eval()'d code on line 3
PHP Warning:  Undefined array key "𝄞" in /work/kc_php/drv.php(171) : eval()'d code on line 3
PHP Warning:  Undefined array key "é" in /work/kc_php/drv.php(171) : eval()'d code on line 3
PHP Warning:  Undefined array key "quote " backslash \ tab	here" in /work/kc_php/drv.php(171) : eval()'d code on line 3
PHP Warning:  Undefined array key "hello" in /work/kc_php/drv.php(171) : eval()'d code on line 3
PHP Warning:  Undefined array key "line one
line two" in /work/kc_php/drv.php(171) : eval()'d code on line 3
PHP Warning:  Undefined array key "𝄞" in /work/kc_php/drv.php(171) : eval()'d code on line 3
PHP Warning:  Undefined array key "é" in /work/kc_php/drv.php(171) : eval()'d code on line 3
PHP Warning:  Undefined array key "quote " backslash \ tab	here" in /work/kc_php/drv.php(171) : eval()'d code on line 3
PHP Warning:  Undefined array key "" in /work/kc_php/drv.php(171) : eval()'d code on line 3
PHP Warning:  Undefined array key "hello" in /work/kc_php/drv.php(171) : eval()'d code on line 3
PHP Warning:  Undefined array key "line one
line two" in /work/kc_php/drv.php(171) : eval()'d code on line 3
PHP Warning:  Undefined array key "𝄞" in /work/kc_php/drv.php(171) : eval()'d code on line 3
PHP Warning:  Undefined array key "é" in /work/kc_php/drv.php(171) : eval()'d code on line 3
PHP Warning:  Undefined array key "quote " backslash \ tab	here" in /work/kc_php/drv.php(171) : eval()'d code on line 3
PHP Warning:  Undefined array key "" in /work/kc_php/drv.php(171) : eval()'d code on line 3
PHP Warning:  Undefined array key "hello" in /work/kc_php/drv.php(171) : eval()'d code on line 3
PHP Warning:  Undefined array key "line one
line two" in /work/kc_php/drv.php(171) : eval()'d code on line 3
PHP Warning:  Undefined array key "𝄞" in /work/kc_php/drv.php(171) : eval()'d code on line 3
PHP Warning:  Undefined array key "é" in /work/kc_php/drv.php(171) : eval()'d code on line 3
PHP Warning:  Undefined array key "quote " backslash \ tab	here" in /work/kc_php/drv.php(171) : eval()'d code on line 3
PHP Warning:  Undefined array key "" in /work/kc_php/drv.php(171) : eval()'d code on line 3
PHP Warning:  Undefined array key "hello" in /work/kc_php/drv.php(171) : eval()'d code on line 3
PHP Warning:  Undefined array key "line one
line two" in /work/kc_php/drv.php(171) : eval()'d code on line 3
PHP Warning:  Undefined array key "𝄞" in /work/kc_php/drv.php(171) : eval()'d code on line 3
PHP Warning:  Undefined array key "é" in /work/kc_php/drv.php(171) : eval()'d code on line 3
PHP Warning:  Undefined array key "quote " backslash \ tab	here" in /work/kc_php/drv.php(171) : eval()'d code on line 3
PHP Warning:  Undefined array key "" in /work/kc_php/drv.php(171) : eval()'d code on line 3
PHP Warning:  Undefined array key "" in /work/kc_php/drv.php(171) : eval()'d code on line 3
PHP Warning:  Undefined array key "" in /work/kc_php/drv.php(171) : eval()'d code on line 3
PHP Warning:  Undefined array key "" in /work/kc_php/drv.php(171) : eval()'d code on line 3
PHP Warning:  Undefined array key 0 in /work/kc_php/drv.php(171) : eval()'d code on line 3
PHP Warning:  Undefined array key 1 in /work/kc_php/drv.php(171) : eval()'d code on line 3
PHP Warning:  Undefined array key 0 in /work/kc_php/drv.php(171) : eval()'d code on line 3
PHP Warning:  Undefined array key 1 in /work/kc_php/drv.php(171) : eval()'d code on line 3
PHP Warning:  Undefined array key 0 in /work/kc_php/drv.php(171) : eval()'d code on line 3
PHP Warning:  Undefined array key 1 in /work/kc_php/drv.php(171) : eval()'d code on line 3
PHP Warning:  Undefined array key 0 in /work/kc_php/drv.php(171) : eval()'d code on line 3
PHP Warning:  Undefined array key 0 in /work/kc_php/drv.php(171) : eval()'d code on line 3
PHP Warning:  Undefined array key 1 in /work/kc_php/drv.php(171) : eval()'d code on line 3
PHP Warning:  Undefined array key 42 in /work/kc_php/drv.php(171) : eval()'d code on line 3
PHP Warning:  Undefined array key 0 in /work/kc_php/drv.php(171) : eval()'d code on line 3
PHP Warning:  Undefined array key 9223372036854775807 in /work/kc_php/drv.php(171) : eval()'d code on line 3
PHP Warning:  The float 9.223372036854776E+18 is not representable as an int, cast occurred in /work/kc_php/drv.php(171) : eval()'d code on line 3
PHP Warning:  Undefined array key -9223372036854775808 in /work/kc_php/drv.php(171) : eval()'d code on line 3
PHP Warning:  Undefined array key 9007199254740993 in /work/kc_php/drv.php(171) : eval()'d code on line 3
PHP Warning:  The float 1.8446744073709552E+19 is not representable as an int, cast occurred in /work/kc_php/drv.php(171) : eval()'d code on line 3
PHP Warning:  Undefined array key 0 in /work/kc_php/drv.php(171) : eval()'d code on line 3
PHP Warning:  Undefined array key 42 in /work/kc_php/drv.php(171) : eval()'d code on line 3
PHP Warning:  Undefined array key 0 in /work/kc_php/drv.php(171) : eval()'d code on line 3
PHP Warning:  Undefined array key 9223372036854775807 in /work/kc_php/drv.php(171) : eval()'d code on line 3
PHP Warning:  The float 9.223372036854776E+18 is not representable as an int, cast occurred in /work/kc_php/drv.php(171) : eval()'d code on line 3
PHP Warning:  Undefined array key -9223372036854775808 in /work/kc_php/drv.php(171) : eval()'d code on line 3
PHP Warning:  Undefined array key 9007199254740993 in /work/kc_php/drv.php(171) : eval()'d code on line 3
PHP Warning:  The float 1.8446744073709552E+19 is not representable as an int, cast occurred in /work/kc_php/drv.php(171) : eval()'d code on line 3
PHP Warning:  Undefined array key 0 in /work/kc_php/drv.php(171) : eval()'d code on line 3
PHP Warning:  Undefined array key 42 in /work/kc_php/drv.php(171) : eval()'d code on line 3
PHP Warning:  Undefined array key 0 in /work/kc_php/drv.php(171) : eval()'d code on line 3
PHP Warning:  Undefined array key 9223372036854775807 in /work/kc_php/drv.php(171) : eval()'d code on line 3
PHP Warning:  The float 9.223372036854776E+18 is not representable as an int, cast occurred in /work/kc_php/drv.php(171) : eval()'d code on line 3
PHP Warning:  Undefined array key -9223372036854775808 in /work/kc_php/drv.php(171) : eval()'d code on line 3
PHP Warning:  Undefined array key 9007199254740993 in /work/kc_php/drv.php(171) : eval()'d code on line 3
PHP Warning:  The float 1.8446744073709552E+19 is not representable as an int, cast occurred in /work/kc_php/drv.php(171) : eval()'d code on line 3
PHP Warning:  Undefined array key 0 in /work/kc_php/drv.php(171) : eval()'d code on line 3
PHP Warning:  Undefined array key 42 in /work/kc_php/drv.php(171) : eval()'d code on line 3
PHP Warning:  Undefined array key 0 in /work/kc_php/drv.php(171) : eval()'d code on line 3
PHP Warning:  Undefined array key 9223372036854775807 in /work/kc_php/drv.php(171) : eval()'d code on line 3
PHP Warning:  The float 9.223372036854776E+18 is not representable as an int, cast occurred in /work/kc_php/drv.php(171) : eval()'d code on line 3
PHP Warning:  Undefined array key -9223372036854775808 in /work/kc_php/drv.php(171) : eval()'d code on line 3
PHP Warning:  Undefined array key 9007199254740993 in /work/kc_php/drv.php(171) : eval()'d code on line 3
PHP Warning:  The float 1.8446744073709552E+19 is not representable as an int, cast occurred in /work/kc_php/drv.php(171) : eval()'d code on line 3
PHP Warning:  Undefined array key 0 in /work/kc_php/drv.php(171) : eval()'d code on line 3
PHP Warning:  Undefined array key 42 in /work/kc_php/drv.php(171) : eval()'d code on line 3
PHP Warning:  Undefined array key 0 in /work/kc_php/drv.php(171) : eval()'d code on line 3
PHP Warning:  Undefined array key 9223372036854775807 in /work/kc_php/drv.php(171) : eval()'d code on line 3
PHP Warning:  The float 9.223372036854776E+18 is not representable as an int, cast occurred in /work/kc_php/drv.php(171) : eval()'d code on line 3
PHP Warning:  Undefined array key -9223372036854775808 in /work/kc_php/drv.php(171) : eval()'d code on line 3
PHP Warning:  Undefined array key 9007199254740993 in /work/kc_php/drv.php(171) : eval()'d code on line 3
PHP Warning:  The float 1.8446744073709552E+19 is not representable as an int, cast occurred in /work/kc_php/drv.php(171) : eval()'d code on line 3
PHP Warning:  Undefined array key 0 in /work/kc_php/drv.php(171) : eval()'d code on line 3
PHP Warning:  Undefined array key 42 in /work/kc_php/drv.php(171) : eval()'d code on line 3
PHP Warning:  Undefined array key 0 in /work/kc_php/drv.php(171) : eval()'d code on line 3
PHP Warning:  Undefined array key 9223372036854775807 in /work/kc_php/drv.php(171) : eval()'d code on line 3
PHP Warning:  Undefined array key "9223372036854775808" in /work/kc_php/drv.php(171) : eval()'d code on line 3
PHP Warning:  Undefined array key 9007199254740993 in /work/kc_php/drv.php(171) : eval()'d code on line 3
PHP Warning:  Undefined array key "18446744073709551615" in /work/kc_php/drv.php(171) : eval()'d code on line 3
PHP Warning:  Undefined array key 42 in /work/kc_php/drv.php(171) : eval()'d code on line 3
PHP Warning:  Undefined array key 0 in /work/kc_php/drv.php(171) : eval()'d code on line 3
PHP Warning:  Undefined array key 9223372036854775807 in /work/kc_php/drv.php(171) : eval()'d code on line 3
PHP Warning:  Undefined array key "9223372036854775808" in /work/kc_php/drv.php(171) : eval()'d code on line 3
PHP Warning:  Undefined array key 9007199254740993 in /work/kc_php/drv.php(171) : eval()'d code on line 3
PHP Warning:  Undefined array key "18446744073709551615" in /work/kc_php/drv.php(171) : eval()'d code on line 3
PHP Warning:  Undefined array key 42 in /work/kc_php/drv.php(171) : eval()'d code on line 3
PHP Warning:  Undefined array key 0 in /work/kc_php/drv.php(171) : eval()'d code on line 3
PHP Warning:  Undefined array key 9223372036854775807 in /work/kc_php/drv.php(171) : eval()'d code on line 3
PHP Warning:  Undefined array key "9223372036854775808" in /work/kc_php/drv.php(171) : eval()'d code on line 3
PHP Warning:  Undefined array key 9007199254740993 in /work/kc_php/drv.php(171) : eval()'d code on line 3
PHP Warning:  Undefined array key "18446744073709551615" in /work/kc_php/drv.php(171) : eval()'d code on line 3
PHP Warning:  Undefined array key 42 in /work/kc_php/drv.php(171) : eval()'d code on line 3
PHP Warning:  Undefined array key 0 in /work/kc_php/drv.php(171) : eval()'d code on line 3
PHP Warning:  Undefined array key 9223372036854775807 in /work/kc_php/drv.php(171) : eval()'d code on line 3
PHP Warning:  Undefined array key "9223372036854775808" in /work/kc_php/drv.php(171) : eval()'d code on line 3
PHP Warning:  Undefined array key 9007199254740993 in /work/kc_php/drv.php(171) : eval()'d code on line 3
PHP Warning:  Undefined array key "18446744073709551615" in /work/kc_php/drv.php(171) : eval()'d code on line 3
PHP Warning:  Undefined array key 42 in /work/kc_php/drv.php(171) : eval()'d code on line 3
PHP Warning:  Undefined array key 0 in /work/kc_php/drv.php(171) : eval()'d code on line 3
PHP Warning:  Undefined array key 9223372036854775807 in /work/kc_php/drv.php(171) : eval()'d code on line 3
PHP Warning:  Undefined array key "9223372036854775808" in /work/kc_php/drv.php(171) : eval()'d code on line 3
PHP Warning:  Undefined array key 9007199254740993 in /work/kc_php/drv.php(171) : eval()'d code on line 3
PHP Warning:  Undefined array key "18446744073709551615" in /work/kc_php/drv.php(171) : eval()'d code on line 3
PHP Warning:  Undefined array key 1 in /work/kc_php/drv.php(171) : eval()'d code on line 3
PHP Warning:  Undefined array key 3 in /work/kc_php/drv.php(171) : eval()'d code on line 3
PHP Warning:  The float INF is not representable as an int, cast occurred in /work/kc_php/drv.php(171) : eval()'d code on line 3
PHP Warning:  Undefined array key 0 in /work/kc_php/drv.php(171) : eval()'d code on line 3
PHP Warning:  The float NAN is not representable as an int, cast occurred in /work/kc_php/drv.php(171) : eval()'d code on line 3
PHP Warning:  Undefined array key 0 in /work/kc_php/drv.php(171) : eval()'d code on line 3
PHP Warning:  Undefined array key 0 in /work/kc_php/drv.php(171) : eval()'d code on line 3
PHP Warning:  Undefined array key 0 in /work/kc_php/drv.php(171) : eval()'d code on line 3
PHP Warning:  Undefined array key 1 in /work/kc_php/drv.php(171) : eval()'d code on line 3
PHP Warning:  Undefined array key 3 in /work/kc_php/drv.php(171) : eval()'d code on line 3
PHP Warning:  The float INF is not representable as an int, cast occurred in /work/kc_php/drv.php(171) : eval()'d code on line 3
PHP Warning:  Undefined array key 0 in /work/kc_php/drv.php(171) : eval()'d code on line 3
PHP Warning:  The float NAN is not representable as an int, cast occurred in /work/kc_php/drv.php(171) : eval()'d code on line 3
PHP Warning:  Undefined array key 0 in /work/kc_php/drv.php(171) : eval()'d code on line 3
PHP Warning:  Undefined array key 0 in /work/kc_php/drv.php(171) : eval()'d code on line 3
PHP Warning:  Undefined array key 0 in /work/kc_php/drv.php(171) : eval()'d code on line 3
PHP Warning:  Undefined array key 1 in /work/kc_php/drv.php(171) : eval()'d code on line 3
PHP Warning:  Undefined array key 3 in /work/kc_php/drv.php(171) : eval()'d code on line 3
PHP Warning:  The float INF is not representable as an int, cast occurred in /work/kc_php/drv.php(171) : eval()'d code on line 3
PHP Warning:  Undefined array key 0 in /work/kc_php/drv.php(171) : eval()'d code on line 3
PHP Warning:  The float NAN is not representable as an int, cast occurred in /work/kc_php/drv.php(171) : eval()'d code on line 3
PHP Warning:  Undefined array key 0 in /work/kc_php/drv.php(171) : eval()'d code on line 3
PHP Warning:  Undefined array key 0 in /work/kc_php/drv.php(171) : eval()'d code on line 3
PHP Warning:  Undefined array key 0 in /work/kc_php/drv.php(171) : eval()'d code on line 3
PHP Warning:  Undefined array key 3 in /work/kc_php/drv.php(171) : eval()'d code on line 3
PHP Warning:  The float INF is not representable as an int, cast occurred in /work/kc_php/drv.php(171) : eval()'d code on line 3
PHP Warning:  Undefined array key 0 in /work/kc_php/drv.php(171) : eval()'d code on line 3
PHP Warning:  The float NAN is not representable as an int, cast occurred in /work/kc_php/drv.php(171) : eval()'d code on line 3
PHP Warning:  Undefined array key 0 in /work/kc_php/drv.php(171) : eval()'d code on line 3
PHP Warning:  Undefined array key 0 in /work/kc_php/drv.php(171) : eval()'d code on line 3
PHP Warning:  Undefined array key 0 in /work/kc_php/drv.php(171) : eval()'d code on line 3
PHP Warning:  Undefined array key 1 in /work/kc_php/drv.php(171) : eval()'d code on line 3
PHP Warning:  Undefined array key 3 in /work/kc_php/drv.php(171) : eval()'d code on line 3
PHP Warning:  The float INF is not representable as an int, cast occurred in /work/kc_php/drv.php(171) : eval()'d code on line 3
PHP Warning:  Undefined array key 0 in /work/kc_php/drv.php(171) : eval()'d code on line 3
PHP Warning:  The float NAN is not representable as an int, cast occurred in /work/kc_php/drv.php(171) : eval()'d code on line 3
PHP Warning:  Undefined array key 0 in /work/kc_php/drv.php(171) : eval()'d code on line 3
PHP Warning:  Undefined array key 0 in /work/kc_php/drv.php(171) : eval()'d code on line 3
PHP Warning:  Undefined array key 0 in /work/kc_php/drv.php(171) : eval()'d code on line 3
PHP Warning:  Undefined array key "" in /work/kc_php/drv.php(171) : eval()'d code on line 3
PHP Warning:  Undefined array key "hello" in /work/kc_php/drv.php(171) : eval()'d code on line 3
PHP Warning:  Undefined array key "line one
line two" in /work/kc_php/drv.php(171) : eval()'d code on line 3
PHP Warning:  Undefined array key "𝄞" in /work/kc_php/drv.php(171) : eval()'d code on line 3
PHP Warning:  Undefined array key "é" in /work/kc_php/drv.php(171) : eval()'d code on line 3
PHP Warning:  Undefined array key "quote " backslash \ tab	here" in /work/kc_php/drv.php(171) : eval()'d code on line 3
PHP Warning:  Undefined array key "hello" in /work/kc_php/drv.php(171) : eval()'d code on line 3
PHP Warning:  Undefined array key "line one
line two" in /work/kc_php/drv.php(171) : eval()'d code on line 3
PHP Warning:  Undefined array key "𝄞" in /work/kc_php/drv.php(171) : eval()'d code on line 3
PHP Warning:  Undefined array key "é" in /work/kc_php/drv.php(171) : eval()'d code on line 3
PHP Warning:  Undefined array key "quote " backslash \ tab	here" in /work/kc_php/drv.php(171) : eval()'d code on line 3
PHP Warning:  Undefined array key "" in /work/kc_php/drv.php(171) : eval()'d code on line 3
PHP Warning:  Undefined array key "hello" in /work/kc_php/drv.php(171) : eval()'d code on line 3
PHP Warning:  Undefined array key "line one
line two" in /work/kc_php/drv.php(171) : eval()'d code on line 3
PHP Warning:  Undefined array key "𝄞" in /work/kc_php/drv.php(171) : eval()'d code on line 3
PHP Warning:  Undefined array key "é" in /work/kc_php/drv.php(171) : eval()'d code on line 3
PHP Warning:  Undefined array key "quote " backslash \ tab	here" in /work/kc_php/drv.php(171) : eval()'d code on line 3
PHP Warning:  Undefined array key "" in /work/kc_php/drv.php(171) : eval()'d code on line 3
PHP Warning:  Undefined array key "hello" in /work/kc_php/drv.php(171) : eval()'d code on line 3
PHP Warning:  Undefined array key "line one
line two" in /work/kc_php/drv.php(171) : eval()'d code on line 3
PHP Warning:  Undefined array key "𝄞" in /work/kc_php/drv.php(171) : eval()'d code on line 3
PHP Warning:  Undefined array key "é" in /work/kc_php/drv.php(171) : eval()'d code on line 3
PHP Warning:  Undefined array key "quote " backslash \ tab	here" in /work/kc_php/drv.php(171) : eval()'d code on line 3
PHP Warning:  Undefined array key "" in /work/kc_php/drv.php(171) : eval()'d code on line 3
PHP Warning:  Undefined array key "hello" in /work/kc_php/drv.php(171) : eval()'d code on line 3
PHP Warning:  Undefined array key "line one
line two" in /work/kc_php/drv.php(171) : eval()'d code on line 3
PHP Warning:  Undefined array key "𝄞" in /work/kc_php/drv.php(171) : eval()'d code on line 3
PHP Warning:  Undefined array key "é" in /work/kc_php/drv.php(171) : eval()'d code on line 3
PHP Warning:  Undefined array key "quote " backslash \ tab	here" in /work/kc_php/drv.php(171) : eval()'d code on line 3
PHP Fatal error:  Cannot redeclare class R0_7771 (previously declared in /work/kc_php/drv.php(171) : eval()'d code:1) in /work/kc_php/drv.php(171) : eval()'d code on line 3
Stack trace:
#0 /work/kc_php/drv.php(171): eval()
#1 {main}
[restart] php resuming at probe 7772 (fatal at 7771)

PHP Fatal error:  Cannot redeclare class RE_7777 (previously declared in /work/kc_php/drv.php(171) : eval()'d code:1) in /work/kc_php/drv.php(171) : eval()'d code on line 4
Stack trace:
#0 /work/kc_php/drv.php(171): eval()
#1 {main}
[restart] php resuming at probe 7778 (fatal at 7777)

PHP Fatal error:  Cannot redeclare class R3_7783 (previously declared in /work/kc_php/drv.php(171) : eval()'d code:1) in /work/kc_php/drv.php(171) : eval()'d code on line 6
Stack trace:
#0 /work/kc_php/drv.php(171): eval()
#1 {main}
[restart] php resuming at probe 7784 (fatal at 7783)

PHP Fatal error:  Cannot redeclare class RI_7789 (previously declared in /work/kc_php/drv.php(171) : eval()'d code:1) in /work/kc_php/drv.php(171) : eval()'d code on line 5
Stack trace:
#0 /work/kc_php/drv.php(171): eval()
#1 {main}
[restart] php resuming at probe 7790 (fatal at 7789)

PHP Fatal error:  Cannot redeclare class RN_7795 (previously declared in /work/kc_php/drv.php(171) : eval()'d code:1) in /work/kc_php/drv.php(171) : eval()'d code on line 4
Stack trace:
#0 /work/kc_php/drv.php(171): eval()
#1 {main}
[restart] php resuming at probe 7796 (fatal at 7795)

PHP Warning:  Undefined array key "" in /work/kc_php/drv.php(171) : eval()'d code on line 3
PHP Warning:  Undefined array key "" in /work/kc_php/drv.php(171) : eval()'d code on line 3
PHP Warning:  Undefined array key "" in /work/kc_php/drv.php(171) : eval()'d code on line 3
PHP Warning:  Undefined array key 0 in /work/kc_php/drv.php(171) : eval()'d code on line 3
PHP Warning:  Undefined array key 1 in /work/kc_php/drv.php(171) : eval()'d code on line 3
PHP Warning:  Undefined array key 42 in /work/kc_php/drv.php(171) : eval()'d code on line 3
PHP Warning:  Undefined array key 9223372036854775807 in /work/kc_php/drv.php(171) : eval()'d code on line 3
PHP Warning:  The float 9.223372036854776E+18 is not representable as an int, cast occurred in /work/kc_php/drv.php(171) : eval()'d code on line 3
PHP Warning:  Undefined array key -9223372036854775808 in /work/kc_php/drv.php(171) : eval()'d code on line 3
PHP Warning:  Undefined array key 9007199254740993 in /work/kc_php/drv.php(171) : eval()'d code on line 3
PHP Warning:  The float 1.8446744073709552E+19 is not representable as an int, cast occurred in /work/kc_php/drv.php(171) : eval()'d code on line 3
PHP Warning:  Undefined array key 42 in /work/kc_php/drv.php(171) : eval()'d code on line 3
PHP Warning:  Undefined array key 0 in /work/kc_php/drv.php(171) : eval()'d code on line 3
PHP Warning:  Undefined array key 9223372036854775807 in /work/kc_php/drv.php(171) : eval()'d code on line 3
PHP Warning:  The float 9.223372036854776E+18 is not representable as an int, cast occurred in /work/kc_php/drv.php(171) : eval()'d code on line 3
PHP Warning:  Undefined array key -9223372036854775808 in /work/kc_php/drv.php(171) : eval()'d code on line 3
PHP Warning:  Undefined array key 9007199254740993 in /work/kc_php/drv.php(171) : eval()'d code on line 3
PHP Warning:  The float 1.8446744073709552E+19 is not representable as an int, cast occurred in /work/kc_php/drv.php(171) : eval()'d code on line 3
PHP Warning:  Undefined array key 0 in /work/kc_php/drv.php(171) : eval()'d code on line 3
PHP Warning:  Undefined array key 42 in /work/kc_php/drv.php(171) : eval()'d code on line 3
PHP Warning:  Undefined array key 9223372036854775807 in /work/kc_php/drv.php(171) : eval()'d code on line 3
PHP Warning:  The float 9.223372036854776E+18 is not representable as an int, cast occurred in /work/kc_php/drv.php(171) : eval()'d code on line 3
PHP Warning:  Undefined array key -9223372036854775808 in /work/kc_php/drv.php(171) : eval()'d code on line 3
PHP Warning:  Undefined array key 9007199254740993 in /work/kc_php/drv.php(171) : eval()'d code on line 3
PHP Warning:  The float 1.8446744073709552E+19 is not representable as an int, cast occurred in /work/kc_php/drv.php(171) : eval()'d code on line 3
PHP Warning:  Undefined array key 42 in /work/kc_php/drv.php(171) : eval()'d code on line 3
PHP Warning:  Undefined array key 9223372036854775807 in /work/kc_php/drv.php(171) : eval()'d code on line 3
PHP Warning:  Undefined array key "9223372036854775808" in /work/kc_php/drv.php(171) : eval()'d code on line 3
PHP Warning:  Undefined array key 9007199254740993 in /work/kc_php/drv.php(171) : eval()'d code on line 3
PHP Warning:  Undefined array key "18446744073709551615" in /work/kc_php/drv.php(171) : eval()'d code on line 3
PHP Warning:  Undefined array key 42 in /work/kc_php/drv.php(171) : eval()'d code on line 3
PHP Warning:  Undefined array key 0 in /work/kc_php/drv.php(171) : eval()'d code on line 3
PHP Warning:  Undefined array key 9223372036854775807 in /work/kc_php/drv.php(171) : eval()'d code on line 3
PHP Warning:  Undefined array key "9223372036854775808" in /work/kc_php/drv.php(171) : eval()'d code on line 3
PHP Warning:  Undefined array key 9007199254740993 in /work/kc_php/drv.php(171) : eval()'d code on line 3
PHP Warning:  Undefined array key "18446744073709551615" in /work/kc_php/drv.php(171) : eval()'d code on line 3
PHP Warning:  Undefined array key 42 in /work/kc_php/drv.php(171) : eval()'d code on line 3
PHP Warning:  Undefined array key 9223372036854775807 in /work/kc_php/drv.php(171) : eval()'d code on line 3
PHP Warning:  Undefined array key "9223372036854775808" in /work/kc_php/drv.php(171) : eval()'d code on line 3
PHP Warning:  Undefined array key 9007199254740993 in /work/kc_php/drv.php(171) : eval()'d code on line 3
PHP Warning:  Undefined array key "18446744073709551615" in /work/kc_php/drv.php(171) : eval()'d code on line 3
PHP Warning:  Undefined array key 3 in /work/kc_php/drv.php(171) : eval()'d code on line 3
PHP Warning:  The float INF is not representable as an int, cast occurred in /work/kc_php/drv.php(171) : eval()'d code on line 3
PHP Warning:  The float NAN is not representable as an int, cast occurred in /work/kc_php/drv.php(171) : eval()'d code on line 3
PHP Warning:  Undefined array key 1 in /work/kc_php/drv.php(171) : eval()'d code on line 3
PHP Warning:  Undefined array key 3 in /work/kc_php/drv.php(171) : eval()'d code on line 3
PHP Warning:  The float INF is not representable as an int, cast occurred in /work/kc_php/drv.php(171) : eval()'d code on line 3
PHP Warning:  Undefined array key 0 in /work/kc_php/drv.php(171) : eval()'d code on line 3
PHP Warning:  The float NAN is not representable as an int, cast occurred in /work/kc_php/drv.php(171) : eval()'d code on line 3
PHP Warning:  Undefined array key 0 in /work/kc_php/drv.php(171) : eval()'d code on line 3
PHP Warning:  Undefined array key 0 in /work/kc_php/drv.php(171) : eval()'d code on line 3
PHP Warning:  Undefined array key 0 in /work/kc_php/drv.php(171) : eval()'d code on line 3
PHP Warning:  Undefined array key 3 in /work/kc_php/drv.php(171) : eval()'d code on line 3
PHP Warning:  The float INF is not representable as an int, cast occurred in /work/kc_php/drv.php(171) : eval()'d code on line 3
PHP Warning:  The float NAN is not representable as an int, cast occurred in /work/kc_php/drv.php(171) : eval()'d code on line 3
PHP Warning:  Undefined array key "" in /work/kc_php/drv.php(171) : eval()'d code on line 3
PHP Warning:  Undefined array key "hello" in /work/kc_php/drv.php(171) : eval()'d code on line 3
PHP Warning:  Undefined array key "line one
line two" in /work/kc_php/drv.php(171) : eval()'d code on line 3
PHP Warning:  Undefined array key "𝄞" in /work/kc_php/drv.php(171) : eval()'d code on line 3
PHP Warning:  Undefined array key "é" in /work/kc_php/drv.php(171) : eval()'d code on line 3
PHP Warning:  Undefined array key "quote " backslash \ tab	here" in /work/kc_php/drv.php(171) : eval()'d code on line 3
PHP Warning:  Undefined array key "" in /work/kc_php/drv.php(171) : eval()'d code on line 3
PHP Warning:  Undefined array key "hello" in /work/kc_php/drv.php(171) : eval()'d code on line 3
PHP Warning:  Undefined array key "line one
line two" in /work/kc_php/drv.php(171) : eval()'d code on line 3
PHP Warning:  Undefined array key "𝄞" in /work/kc_php/drv.php(171) : eval()'d code on line 3
PHP Warning:  Undefined array key "é" in /work/kc_php/drv.php(171) : eval()'d code on line 3
PHP Warning:  Undefined array key "quote " backslash \ tab	here" in /work/kc_php/drv.php(171) : eval()'d code on line 3
PHP Warning:  Undefined array key "" in /work/kc_php/drv.php(171) : eval()'d code on line 3
PHP Warning:  Undefined array key "hello" in /work/kc_php/drv.php(171) : eval()'d code on line 3
PHP Warning:  Undefined array key "line one
line two" in /work/kc_php/drv.php(171) : eval()'d code on line 3
PHP Warning:  Undefined array key "𝄞" in /work/kc_php/drv.php(171) : eval()'d code on line 3
PHP Warning:  Undefined array key "é" in /work/kc_php/drv.php(171) : eval()'d code on line 3
PHP Warning:  Undefined array key "quote " backslash \ tab	here" in /work/kc_php/drv.php(171) : eval()'d code on line 3
PHP Warning:  Undefined array key "" in /work/kc_php/drv.php(171) : eval()'d code on line 3
PHP Warning:  Undefined array key "" in /work/kc_php/drv.php(171) : eval()'d code on line 3
PHP Warning:  Undefined array key "" in /work/kc_php/drv.php(171) : eval()'d code on line 3
PHP Warning:  Undefined array key 0 in /work/kc_php/drv.php(171) : eval()'d code on line 3
PHP Warning:  Undefined array key 1 in /work/kc_php/drv.php(171) : eval()'d code on line 3
PHP Warning:  Undefined array key 42 in /work/kc_php/drv.php(171) : eval()'d code on line 3
PHP Warning:  Undefined array key 9223372036854775807 in /work/kc_php/drv.php(171) : eval()'d code on line 3
PHP Warning:  The float 9.223372036854776E+18 is not representable as an int, cast occurred in /work/kc_php/drv.php(171) : eval()'d code on line 3
PHP Warning:  Undefined array key -9223372036854775808 in /work/kc_php/drv.php(171) : eval()'d code on line 3
PHP Warning:  Undefined array key 9007199254740993 in /work/kc_php/drv.php(171) : eval()'d code on line 3
PHP Warning:  The float 1.8446744073709552E+19 is not representable as an int, cast occurred in /work/kc_php/drv.php(171) : eval()'d code on line 3
PHP Warning:  Undefined array key 42 in /work/kc_php/drv.php(171) : eval()'d code on line 3
PHP Warning:  Undefined array key 0 in /work/kc_php/drv.php(171) : eval()'d code on line 3
PHP Warning:  Undefined array key 9223372036854775807 in /work/kc_php/drv.php(171) : eval()'d code on line 3
PHP Warning:  The float 9.223372036854776E+18 is not representable as an int, cast occurred in /work/kc_php/drv.php(171) : eval()'d code on line 3
PHP Warning:  Undefined array key -9223372036854775808 in /work/kc_php/drv.php(171) : eval()'d code on line 3
PHP Warning:  Undefined array key 9007199254740993 in /work/kc_php/drv.php(171) : eval()'d code on line 3
PHP Warning:  The float 1.8446744073709552E+19 is not representable as an int, cast occurred in /work/kc_php/drv.php(171) : eval()'d code on line 3
PHP Warning:  Undefined array key 0 in /work/kc_php/drv.php(171) : eval()'d code on line 3
PHP Warning:  Undefined array key 42 in /work/kc_php/drv.php(171) : eval()'d code on line 3
PHP Warning:  Undefined array key 9223372036854775807 in /work/kc_php/drv.php(171) : eval()'d code on line 3
PHP Warning:  The float 9.223372036854776E+18 is not representable as an int, cast occurred in /work/kc_php/drv.php(171) : eval()'d code on line 3
PHP Warning:  Undefined array key -9223372036854775808 in /work/kc_php/drv.php(171) : eval()'d code on line 3
PHP Warning:  Undefined array key 9007199254740993 in /work/kc_php/drv.php(171) : eval()'d code on line 3
PHP Warning:  The float 1.8446744073709552E+19 is not representable as an int, cast occurred in /work/kc_php/drv.php(171) : eval()'d code on line 3
PHP Warning:  Undefined array key 42 in /work/kc_php/drv.php(171) : eval()'d code on line 3
PHP Warning:  Undefined array key 9223372036854775807 in /work/kc_php/drv.php(171) : eval()'d code on line 3
PHP Warning:  Undefined array key "9223372036854775808" in /work/kc_php/drv.php(171) : eval()'d code on line 3
PHP Warning:  Undefined array key 9007199254740993 in /work/kc_php/drv.php(171) : eval()'d code on line 3
PHP Warning:  Undefined array key "18446744073709551615" in /work/kc_php/drv.php(171) : eval()'d code on line 3
PHP Warning:  Undefined array key 42 in /work/kc_php/drv.php(171) : eval()'d code on line 3
PHP Warning:  Undefined array key 0 in /work/kc_php/drv.php(171) : eval()'d code on line 3
PHP Warning:  Undefined array key 9223372036854775807 in /work/kc_php/drv.php(171) : eval()'d code on line 3
PHP Warning:  Undefined array key "9223372036854775808" in /work/kc_php/drv.php(171) : eval()'d code on line 3
PHP Warning:  Undefined array key 9007199254740993 in /work/kc_php/drv.php(171) : eval()'d code on line 3
PHP Warning:  Undefined array key "18446744073709551615" in /work/kc_php/drv.php(171) : eval()'d code on line 3
PHP Warning:  Undefined array key 42 in /work/kc_php/drv.php(171) : eval()'d code on line 3
PHP Warning:  Undefined array key 9223372036854775807 in /work/kc_php/drv.php(171) : eval()'d code on line 3
PHP Warning:  Undefined array key "9223372036854775808" in /work/kc_php/drv.php(171) : eval()'d code on line 3
PHP Warning:  Undefined array key 9007199254740993 in /work/kc_php/drv.php(171) : eval()'d code on line 3
PHP Warning:  Undefined array key "18446744073709551615" in /work/kc_php/drv.php(171) : eval()'d code on line 3
PHP Warning:  Undefined array key 3 in /work/kc_php/drv.php(171) : eval()'d code on line 3
PHP Warning:  The float INF is not representable as an int, cast occurred in /work/kc_php/drv.php(171) : eval()'d code on line 3
PHP Warning:  The float NAN is not representable as an int, cast occurred in /work/kc_php/drv.php(171) : eval()'d code on line 3
PHP Warning:  Undefined array key 1 in /work/kc_php/drv.php(171) : eval()'d code on line 3
PHP Warning:  Undefined array key 3 in /work/kc_php/drv.php(171) : eval()'d code on line 3
PHP Warning:  The float INF is not representable as an int, cast occurred in /work/kc_php/drv.php(171) : eval()'d code on line 3
PHP Warning:  Undefined array key 0 in /work/kc_php/drv.php(171) : eval()'d code on line 3
PHP Warning:  The float NAN is not representable as an int, cast occurred in /work/kc_php/drv.php(171) : eval()'d code on line 3
PHP Warning:  Undefined array key 0 in /work/kc_php/drv.php(171) : eval()'d code on line 3
PHP Warning:  Undefined array key 0 in /work/kc_php/drv.php(171) : eval()'d code on line 3
PHP Warning:  Undefined array key 0 in /work/kc_php/drv.php(171) : eval()'d code on line 3
PHP Warning:  Undefined array key 3 in /work/kc_php/drv.php(171) : eval()'d code on line 3
PHP Warning:  The float INF is not representable as an int, cast occurred in /work/kc_php/drv.php(171) : eval()'d code on line 3
PHP Warning:  The float NAN is not representable as an int, cast occurred in /work/kc_php/drv.php(171) : eval()'d code on line 3
PHP Warning:  Undefined array key "" in /work/kc_php/drv.php(171) : eval()'d code on line 3
PHP Warning:  Undefined array key "hello" in /work/kc_php/drv.php(171) : eval()'d code on line 3
PHP Warning:  Undefined array key "line one
line two" in /work/kc_php/drv.php(171) : eval()'d code on line 3
PHP Warning:  Undefined array key "𝄞" in /work/kc_php/drv.php(171) : eval()'d code on line 3
PHP Warning:  Undefined array key "é" in /work/kc_php/drv.php(171) : eval()'d code on line 3
PHP Warning:  Undefined array key "quote " backslash \ tab	here" in /work/kc_php/drv.php(171) : eval()'d code on line 3
PHP Warning:  Undefined array key "" in /work/kc_php/drv.php(171) : eval()'d code on line 3
PHP Warning:  Undefined array key "hello" in /work/kc_php/drv.php(171) : eval()'d code on line 3
PHP Warning:  Undefined array key "line one
line two" in /work/kc_php/drv.php(171) : eval()'d code on line 3
PHP Warning:  Undefined array key "𝄞" in /work/kc_php/drv.php(171) : eval()'d code on line 3
PHP Warning:  Undefined array key "é" in /work/kc_php/drv.php(171) : eval()'d code on line 3
PHP Warning:  Undefined array key "quote " backslash \ tab	here" in /work/kc_php/drv.php(171) : eval()'d code on line 3
PHP Warning:  Undefined array key "" in /work/kc_php/drv.php(171) : eval()'d code on line 3
PHP Warning:  Undefined array key "hello" in /work/kc_php/drv.php(171) : eval()'d code on line 3
PHP Warning:  Undefined array key "line one
line two" in /work/kc_php/drv.php(171) : eval()'d code on line 3
PHP Warning:  Undefined array key "𝄞" in /work/kc_php/drv.php(171) : eval()'d code on line 3
PHP Warning:  Undefined array key "é" in /work/kc_php/drv.php(171) : eval()'d code on line 3
PHP Warning:  Undefined array key "quote " backslash \ tab	here" in /work/kc_php/drv.php(171) : eval()'d code on line 3
[progress] php constructs [10000/33680]  29.7%  elapsed 00:00:00  ETA 00:00:00  mean 0.01 ms
[progress] php constructs [15000/33680]  44.5%  elapsed 00:00:00  ETA 00:00:00  mean 0.01 ms
[progress] php constructs [20000/33680]  59.4%  elapsed 00:00:00  ETA 00:00:00  mean 0.01 ms
[progress] php constructs [25000/33680]  74.2%  elapsed 00:00:00  ETA 00:00:00  mean 0.01 ms
[progress] php constructs [30000/33680]  89.1%  elapsed 00:00:00  ETA 00:00:00  mean 0.01 ms
PHP Fatal error:  Cannot redeclare class R0_31503 (previously declared in /work/kc_php/drv.php(171) : eval()'d code:1) in /work/kc_php/drv.php(171) : eval()'d code on line 3
Stack trace:
#0 /work/kc_php/drv.php(171): eval()
#1 {main}
[restart] php resuming at probe 31504 (fatal at 31503)

PHP Fatal error:  Cannot redeclare class R0_31504 (previously declared in /work/kc_php/drv.php(171) : eval()'d code:1) in /work/kc_php/drv.php(171) : eval()'d code on line 3
Stack trace:
#0 /work/kc_php/drv.php(171): eval()
#1 {main}
[restart] php resuming at probe 31505 (fatal at 31504)

PHP Fatal error:  Cannot redeclare class R0_31505 (previously declared in /work/kc_php/drv.php(171) : eval()'d code:1) in /work/kc_php/drv.php(171) : eval()'d code on line 3
Stack trace:
#0 /work/kc_php/drv.php(171): eval()
#1 {main}
[restart] php resuming at probe 31506 (fatal at 31505)

PHP Fatal error:  Cannot redeclare class RE_31521 (previously declared in /work/kc_php/drv.php(171) : eval()'d code:1) in /work/kc_php/drv.php(171) : eval()'d code on line 4
Stack trace:
#0 /work/kc_php/drv.php(171): eval()
#1 {main}
[restart] php resuming at probe 31522 (fatal at 31521)

PHP Fatal error:  Cannot redeclare class RE_31522 (previously declared in /work/kc_php/drv.php(171) : eval()'d code:1) in /work/kc_php/drv.php(171) : eval()'d code on line 4
Stack trace:
#0 /work/kc_php/drv.php(171): eval()
#1 {main}
[restart] php resuming at probe 31523 (fatal at 31522)

PHP Fatal error:  Cannot redeclare class RE_31523 (previously declared in /work/kc_php/drv.php(171) : eval()'d code:1) in /work/kc_php/drv.php(171) : eval()'d code on line 4
Stack trace:
#0 /work/kc_php/drv.php(171): eval()
#1 {main}
[restart] php resuming at probe 31524 (fatal at 31523)

PHP Fatal error:  Cannot redeclare class R3_31539 (previously declared in /work/kc_php/drv.php(171) : eval()'d code:1) in /work/kc_php/drv.php(171) : eval()'d code on line 6
Stack trace:
#0 /work/kc_php/drv.php(171): eval()
#1 {main}
[restart] php resuming at probe 31540 (fatal at 31539)

PHP Fatal error:  Cannot redeclare class R3_31540 (previously declared in /work/kc_php/drv.php(171) : eval()'d code:1) in /work/kc_php/drv.php(171) : eval()'d code on line 6
Stack trace:
#0 /work/kc_php/drv.php(171): eval()
#1 {main}
[restart] php resuming at probe 31541 (fatal at 31540)

PHP Fatal error:  Cannot redeclare class R3_31541 (previously declared in /work/kc_php/drv.php(171) : eval()'d code:1) in /work/kc_php/drv.php(171) : eval()'d code on line 6
Stack trace:
#0 /work/kc_php/drv.php(171): eval()
#1 {main}
[restart] php resuming at probe 31542 (fatal at 31541)

PHP Fatal error:  Cannot redeclare class RI_31557 (previously declared in /work/kc_php/drv.php(171) : eval()'d code:1) in /work/kc_php/drv.php(171) : eval()'d code on line 5
Stack trace:
#0 /work/kc_php/drv.php(171): eval()
#1 {main}
[restart] php resuming at probe 31558 (fatal at 31557)

PHP Fatal error:  Cannot redeclare class RI_31558 (previously declared in /work/kc_php/drv.php(171) : eval()'d code:1) in /work/kc_php/drv.php(171) : eval()'d code on line 5
Stack trace:
#0 /work/kc_php/drv.php(171): eval()
#1 {main}
[restart] php resuming at probe 31559 (fatal at 31558)

PHP Fatal error:  Cannot redeclare class RI_31559 (previously declared in /work/kc_php/drv.php(171) : eval()'d code:1) in /work/kc_php/drv.php(171) : eval()'d code on line 5
Stack trace:
#0 /work/kc_php/drv.php(171): eval()
#1 {main}
[restart] php resuming at probe 31560 (fatal at 31559)

PHP Fatal error:  Cannot redeclare class RN_31575 (previously declared in /work/kc_php/drv.php(171) : eval()'d code:1) in /work/kc_php/drv.php(171) : eval()'d code on line 4
Stack trace:
#0 /work/kc_php/drv.php(171): eval()
#1 {main}
[restart] php resuming at probe 31576 (fatal at 31575)

PHP Fatal error:  Cannot redeclare class RN_31576 (previously declared in /work/kc_php/drv.php(171) : eval()'d code:1) in /work/kc_php/drv.php(171) : eval()'d code on line 4
Stack trace:
#0 /work/kc_php/drv.php(171): eval()
#1 {main}
[restart] php resuming at probe 31577 (fatal at 31576)

PHP Fatal error:  Cannot redeclare class RN_31577 (previously declared in /work/kc_php/drv.php(171) : eval()'d code:1) in /work/kc_php/drv.php(171) : eval()'d code on line 4
Stack trace:
#0 /work/kc_php/drv.php(171): eval()
#1 {main}
[restart] php resuming at probe 31578 (fatal at 31577)

PHP Warning:  foreach() argument must be of type array|object, null given in /work/kc_php/drv.php(171) : eval()'d code on line 3
PHP Warning:  foreach() argument must be of type array|object, false given in /work/kc_php/drv.php(171) : eval()'d code on line 3
PHP Warning:  foreach() argument must be of type array|object, true given in /work/kc_php/drv.php(171) : eval()'d code on line 3
PHP Warning:  foreach() argument must be of type array|object, int given in /work/kc_php/drv.php(171) : eval()'d code on line 3
PHP Warning:  foreach() argument must be of type array|object, int given in /work/kc_php/drv.php(171) : eval()'d code on line 3
PHP Warning:  foreach() argument must be of type array|object, int given in /work/kc_php/drv.php(171) : eval()'d code on line 3
PHP Warning:  foreach() argument must be of type array|object, float given in /work/kc_php/drv.php(171) : eval()'d code on line 3
PHP Warning:  foreach() argument must be of type array|object, int given in /work/kc_php/drv.php(171) : eval()'d code on line 3
PHP Warning:  foreach() argument must be of type array|object, float given in /work/kc_php/drv.php(171) : eval()'d code on line 3
PHP Warning:  foreach() argument must be of type array|object, string given in /work/kc_php/drv.php(171) : eval()'d code on line 3
PHP Warning:  foreach() argument must be of type array|object, string given in /work/kc_php/drv.php(171) : eval()'d code on line 3
PHP Warning:  foreach() argument must be of type array|object, string given in /work/kc_php/drv.php(171) : eval()'d code on line 3
PHP Warning:  foreach() argument must be of type array|object, string given in /work/kc_php/drv.php(171) : eval()'d code on line 3
PHP Warning:  foreach() argument must be of type array|object, string given in /work/kc_php/drv.php(171) : eval()'d code on line 3
PHP Warning:  foreach() argument must be of type array|object, string given in /work/kc_php/drv.php(171) : eval()'d code on line 3
PHP Warning:  foreach() argument must be of type array|object, float given in /work/kc_php/drv.php(171) : eval()'d code on line 3
PHP Warning:  foreach() argument must be of type array|object, float given in /work/kc_php/drv.php(171) : eval()'d code on line 3
PHP Warning:  foreach() argument must be of type array|object, float given in /work/kc_php/drv.php(171) : eval()'d code on line 3
PHP Warning:  foreach() argument must be of type array|object, float given in /work/kc_php/drv.php(171) : eval()'d code on line 3
PHP Warning:  foreach() argument must be of type array|object, float given in /work/kc_php/drv.php(171) : eval()'d code on line 3
PHP Warning:  foreach() argument must be of type array|object, float given in /work/kc_php/drv.php(171) : eval()'d code on line 3
PHP Warning:  foreach() argument must be of type array|object, string given in /work/kc_php/drv.php(171) : eval()'d code on line 3
PHP Warning:  foreach() argument must be of type array|object, string given in /work/kc_php/drv.php(171) : eval()'d code on line 3
PHP Warning:  foreach() argument must be of type array|object, string given in /work/kc_php/drv.php(171) : eval()'d code on line 3
PHP Warning:  foreach() argument must be of type array|object, string given in /work/kc_php/drv.php(171) : eval()'d code on line 3
PHP Warning:  foreach() argument must be of type array|object, string given in /work/kc_php/drv.php(171) : eval()'d code on line 3
PHP Warning:  foreach() argument must be of type array|object, string given in /work/kc_php/drv.php(171) : eval()'d code on line 3
PHP Warning:  unexpected NAN value was coerced to bool in /work/kc_php/drv.php(171) : eval()'d code on line 2
PHP Warning:  Trying to access array offset on null in /work/kc_php/drv.php(171) : eval()'d code on line 4
PHP Warning:  Trying to access array offset on false in /work/kc_php/drv.php(171) : eval()'d code on line 4
PHP Warning:  Trying to access array offset on true in /work/kc_php/drv.php(171) : eval()'d code on line 4
PHP Warning:  Trying to access array offset on int in /work/kc_php/drv.php(171) : eval()'d code on line 4
PHP Warning:  Trying to access array offset on int in /work/kc_php/drv.php(171) : eval()'d code on line 4
PHP Warning:  Trying to access array offset on int in /work/kc_php/drv.php(171) : eval()'d code on line 4
PHP Warning:  Trying to access array offset on float in /work/kc_php/drv.php(171) : eval()'d code on line 4
PHP Warning:  Trying to access array offset on int in /work/kc_php/drv.php(171) : eval()'d code on line 4
PHP Warning:  Trying to access array offset on float in /work/kc_php/drv.php(171) : eval()'d code on line 4
PHP Warning:  Trying to access array offset on float in /work/kc_php/drv.php(171) : eval()'d code on line 4
PHP Warning:  Trying to access array offset on float in /work/kc_php/drv.php(171) : eval()'d code on line 4
PHP Warning:  Trying to access array offset on float in /work/kc_php/drv.php(171) : eval()'d code on line 4
PHP Warning:  Trying to access array offset on float in /work/kc_php/drv.php(171) : eval()'d code on line 4
PHP Warning:  Trying to access array offset on float in /work/kc_php/drv.php(171) : eval()'d code on line 4
PHP Warning:  Trying to access array offset on float in /work/kc_php/drv.php(171) : eval()'d code on line 4
PHP Warning:  Uninitialized string offset 0 in /work/kc_php/drv.php(171) : eval()'d code on line 4
PHP Warning:  Undefined array key 0 in /work/kc_php/drv.php(171) : eval()'d code on line 4
PHP Warning:  Undefined array key 0 in /work/kc_php/drv.php(171) : eval()'d code on line 4
PHP Warning:  Undefined array key 0 in /work/kc_php/drv.php(171) : eval()'d code on line 4
PHP Warning:  Undefined array key 0 in /work/kc_php/drv.php(171) : eval()'d code on line 4
PHP Warning:  Undefined array key 0 in /work/kc_php/drv.php(171) : eval()'d code on line 4
PHP Warning:  Undefined array key 0 in /work/kc_php/drv.php(171) : eval()'d code on line 4
PHP Warning:  Undefined array key 0 in /work/kc_php/drv.php(171) : eval()'d code on line 4
PHP Warning:  Undefined array key 0 in /work/kc_php/drv.php(171) : eval()'d code on line 4
PHP Warning:  Undefined array key 0 in /work/kc_php/drv.php(171) : eval()'d code on line 4
PHP Warning:  Undefined array key 0 in /work/kc_php/drv.php(171) : eval()'d code on line 4
PHP Warning:  Undefined array key 0 in /work/kc_php/drv.php(171) : eval()'d code on line 4
PHP Warning:  Undefined array key 0 in /work/kc_php/drv.php(171) : eval()'d code on line 4
PHP Warning:  Undefined array key 0 in /work/kc_php/drv.php(171) : eval()'d code on line 4
PHP Warning:  Undefined array key 0 in /work/kc_php/drv.php(171) : eval()'d code on line 4
PHP Warning:  Undefined array key 0 in /work/kc_php/drv.php(171) : eval()'d code on line 4
PHP Warning:  unexpected NAN value was coerced to bool in /work/kc_php/drv.php(171) : eval()'d code on line 3
PHP Warning:  unexpected NAN value was coerced to bool in /work/kc_php/drv.php(171) : eval()'d code on line 3
PHP Warning:  unexpected NAN value was coerced to bool in /work/kc_php/drv.php(171) : eval()'d code on line 3
PHP Warning:  unexpected NAN value was coerced to bool in /work/kc_php/drv.php(171) : eval()'d code on line 3
PHP Warning:  unexpected NAN value was coerced to bool in /work/kc_php/drv.php(171) : eval()'d code on line 3
PHP Warning:  unexpected NAN value was coerced to bool in /work/kc_php/drv.php(171) : eval()'d code on line 3
PHP Warning:  unexpected NAN value was coerced to bool in /work/kc_php/drv.php(171) : eval()'d code on line 3
PHP Warning:  unexpected NAN value was coerced to bool in /work/kc_php/drv.php(171) : eval()'d code on line 3
== php constructs: 2102 probes, 0 answers, 383 traces, 1719 raises, 0.0 s
=== constructs php done ===
2026-08-19T19:10:09Z
------------------------------------------------------------
# exit 0 in 0.9s
# work free after: 2281 MB (consumed 0 MB)
