psABI arrival promises ARE assumed (see abi_assumptions)
[1/507] c/op_0
      EQUAL_BY_Z3                answer width 8
      x86   : If(Extract(31, 0, v0) == 0, 1, 0)
      riscv : Concat(0, If(1 <= Concat(0, v0), 0, 1))
[2/507] c/op_1
      EQUAL_BY_Z3                answer width 8
      x86   : If(v0 == 0, 1, 0)
      riscv : Concat(0, If(1 <= Concat(0, v0), 0, 1))
[3/507] c/op_2
      EQUAL_BY_Z3                answer width 8
      x86   : If(v0 == 0, 1, 0)
      riscv : Concat(0, If(1 <= Concat(0, v0), 0, 1))
[4/507] c/op_3
      DIFFER                     answer width 32
      x86   : Concat(0, If(And(fpEQ(fpToFP(Extract(31, 0, v0)), +0.0), Not(fpIsNaN(fpToFP(Extract(31, 0, v0))))), 1, 0))
      riscv : Concat(0, If(fpEQ(fpToFP(If(Extract(63, 32, v0) == 4294967295, Extract(31, 0, v0), 2143289344)), +0.0), 1, 0))
      counterexample: {'arg0': '0'}
[5/507] c/op_4
      EQUAL_BY_Z3                answer width 32
      x86   : Concat(0, If(And(fpEQ(fpToFP(Extract(63, 0, v0)), +0.0), Not(fpIsNaN(fpToFP(Extract(63, 0, v0))))), 1, 0))
      riscv : Concat(0, If(fpEQ(fpToFP(Extract(63, 0, v0)), +0.0), 1, 0))
[6/507] c/op_5
      EQUAL_BY_Z3                answer width 32
      x86   : Concat(0, Extract(7, 1, v0), ~Extract(0, 0, v0))
      riscv : Concat(Extract(31, 1, v0), ~Extract(0, 0, v0))
[7/507] c/op_6
      NotModeled: ASSEMBLY_REFUSED: /tmp/sl1_lifter/body.S:3:5: error: instruction requires the following: 'Zcb' (Compressed basic bit manipulation instructions)
    c.not a0
    ^
 (line 'c.not a0')
[8/507] c/op_7
      NotModeled: ASSEMBLY_REFUSED: /tmp/sl1_lifter/body.S:3:5: error: instruction requires the following: 'Zcb' (Compressed basic bit manipulation instructions)
    c.not a0
    ^
 (line 'c.not a0')
[9/507] c/op_8
      NotModeled: ASSEMBLY_REFUSED: /tmp/sl1_lifter/body.S:3:5: error: instruction requires the following: 'Zcb' (Compressed basic bit manipulation instructions)
    c.not a0
    ^
 (line 'c.not a0')
[10/507] c/op_11
      NotModeled: ASSEMBLY_REFUSED: /tmp/sl1_lifter/body.S:3:5: error: instruction requires the following: 'Zcb' (Compressed basic bit manipulation instructions)
    c.not a0
    ^
 (line 'c.not a0')
[11/507] c/op_12
      IDENTICAL_AFTER_NORMALIZE  answer width 32
      x86   : Extract(31, 0, v0)*4294967295
      riscv : Extract(31, 0, v0)*4294967295
[12/507] c/op_13
      IDENTICAL_AFTER_NORMALIZE  answer width 64
      x86   : v0*18446744073709551615
      riscv : v0*18446744073709551615
[13/507] c/op_14
      IDENTICAL_AFTER_NORMALIZE  answer width 64
      x86   : v0*18446744073709551615
      riscv : v0*18446744073709551615
[14/507] c/op_15
      DIFFER                     answer width 32
      x86   : Extract(31, 0, v0) ^ Extract(31, 0, v1)
      riscv : Concat(If(Extract(63, 32, v0) == 4294967295, ~Extract(31, 31, v0), 1), If(Extract(63, 32, v0) == 4294967295, Extract(30, 23, v0), 255), If(Extract(63, 32, v0) == 4294967295, Extract(22, 0, v0), 4194304))
      counterexample: {'arg0': '18446744071566262271', 'ripconst_0': '2151677951'}
[15/507] c/op_16
      DIFFER                     answer width 32
      x86   : Extract(31, 0, v0) ^ Extract(31, 0, v1)
      riscv : Extract(31, 0, v0)
      counterexample: {'arg0': '2147483647', 'ripconst_0': '2147483648'}
[16/507] c/op_17
      IDENTICAL_AFTER_NORMALIZE  answer width 32
      x86   : Extract(31, 0, v0)*4294967295
      riscv : Extract(31, 0, v0)*4294967295
[17/507] c/op_18
      IDENTICAL_AFTER_NORMALIZE  answer width 32
      x86   : Extract(31, 0, v0)
      riscv : Extract(31, 0, v0)
[18/507] c/op_19
      IDENTICAL_AFTER_NORMALIZE  answer width 64
      x86   : v0
      riscv : v0
[19/507] c/op_20
      IDENTICAL_AFTER_NORMALIZE  answer width 64
      x86   : v0
      riscv : v0
[20/507] c/op_21
      IDENTICAL_AFTER_NORMALIZE  answer width 64
      x86   : Extract(63, 0, v0)
      riscv : Extract(63, 0, v0)
[21/507] c/op_22
      IDENTICAL_AFTER_NORMALIZE  answer width 64
      x86   : Extract(63, 0, v0)
      riscv : Extract(63, 0, v0)
[22/507] c/op_23
      IDENTICAL_AFTER_NORMALIZE  answer width 32
      x86   : Extract(31, 0, v0)
      riscv : Extract(31, 0, v0)
[23/507] c/op_30
      NotModeled: EXECUTE_REFUSED for C_SWSP: not a bit-vector: Ctor(subInt, [Ctor(addInt, [Extract(63, 0, seed_x2 + SignExt(52, SignExt(6, Concat(Extract(12, 12, 4417), Extract(6, 2, 4417)))) + SignExt(52, ZeroExt(4, Concat(Concat(Extract(8, 7, 50734), Extract(12, 9, 50734)), 0)))), LInt(4)]), LInt(1)]) [in execute > execute_STORE > vmem_write (line 'c.swsp a1, 0xc(sp)')
[24/507] c/op_31
      NotModeled: EXECUTE_REFUSED for C_SDSP: not a bit-vector: Ctor(subInt, [Ctor(addInt, [Extract(63, 0, seed_x2 + SignExt(52, SignExt(6, Concat(Extract(12, 12, 4417), Extract(6, 2, 4417)))) + SignExt(52, ZeroExt(3, Concat(Concat(Extract(9, 7, 58414), Extract(12, 10, 58414)), 0)))), LInt(8)]), LInt(1)]) [in execute > execute_STORE > vmem_writ (line 'c.sdsp a1, 0x8(sp)')
[25/507] c/op_32
      NotModeled: EXECUTE_REFUSED for C_SDSP: not a bit-vector: Ctor(subInt, [Ctor(addInt, [Extract(63, 0, seed_x2 + SignExt(52, SignExt(6, Concat(Extract(12, 12, 4417), Extract(6, 2, 4417)))) + SignExt(52, ZeroExt(3, Concat(Concat(Extract(9, 7, 58414), Extract(12, 10, 58414)), 0)))), LInt(8)]), LInt(1)]) [in execute > execute_STORE > vmem_writ (line 'c.sdsp a1, 0x8(sp)')
[26/507] c/op_33
      NotModeled: EXECUTE_REFUSED for STORE_FP: not a bit-vector: Ctor(subInt, [Ctor(addInt, [Extract(63, 0, seed_x2 + SignExt(52, SignExt(6, Concat(Extract(12, 12, 4417), Extract(6, 2, 4417)))) + SignExt(52, Concat(Extract(31, 25, 10561063), Extract(11, 7, 10561063)))), LInt(4)]), LInt(1)]) [in execute > execute_STORE_FP > vmem_write > vmem_writ (line 'fsw fa0, 0xc(sp)')
[27/507] c/op_34
      NotModeled: EXECUTE_REFUSED for C_FSDSP: not a bit-vector: Ctor(subInt, [Ctor(addInt, [Extract(63, 0, seed_x2 + SignExt(52, SignExt(6, Concat(Extract(12, 12, 4417), Extract(6, 2, 4417)))) + SignExt(52, ZeroExt(3, Concat(Concat(Extract(9, 7, 42026), Extract(12, 10, 42026)), 0)))), LInt(8)]), LInt(1)]) [in execute > execute_STORE_FP > vmem_w (line 'c.fsdsp fa0, 0x8(sp)')
[28/507] c/op_35
      NotModeled: EXECUTE_REFUSED for STORE: not a bit-vector: Ctor(subInt, [Ctor(addInt, [Extract(63, 0, seed_x2 + SignExt(52, SignExt(6, Concat(Extract(12, 12, 4417), Extract(6, 2, 4417)))) + SignExt(52, Concat(Extract(31, 25, 11601827), Extract(11, 7, 11601827)))), LInt(1)]), LInt(1)]) [in execute > execute_STORE > vmem_write > vmem_write_a (line 'sb a1, 0xf(sp)')
[29/507] c/op_36
      IDENTICAL_AFTER_NORMALIZE  answer width 32
      x86   : Extract(31, 0, v0) + 1
      riscv : Extract(31, 0, v0) + 1
[30/507] c/op_37
      IDENTICAL_AFTER_NORMALIZE  answer width 64
      x86   : v0 + 1
      riscv : v0 + 1
[31/507] c/op_38
      IDENTICAL_AFTER_NORMALIZE  answer width 64
      x86   : v0 + 1
      riscv : v0 + 1
[32/507] c/op_39
      NotModeled: ASSEMBLY_REFUSED: /tmp/sl1_lifter/body.S:3:5: error: instruction requires the following: 'Zfa' (Additional Floating-Point)
    fli.s fa5, 1.0
    ^
 (line 'fli.s fa5, 1.0')
[33/507] c/op_40
      NotModeled: ASSEMBLY_REFUSED: /tmp/sl1_lifter/body.S:3:5: error: instruction requires the following: 'Zfa' (Additional Floating-Point)
    fli.d fa5, 1.0
    ^
 (line 'fli.d fa5, 1.0')
[34/507] c/op_41
      IDENTICAL_AFTER_NORMALIZE  answer width 8
      x86   : 1
      riscv : 1
[35/507] c/op_42
      IDENTICAL_AFTER_NORMALIZE  answer width 32
      x86   : Extract(31, 0, v0) + 4294967295
      riscv : Extract(31, 0, v0) + 4294967295
[36/507] c/op_43
      IDENTICAL_AFTER_NORMALIZE  answer width 64
      x86   : v0 + 18446744073709551615
      riscv : v0 + 18446744073709551615
[37/507] c/op_44
      IDENTICAL_AFTER_NORMALIZE  answer width 64
      x86   : v0 + 18446744073709551615
      riscv : v0 + 18446744073709551615
[38/507] c/op_45
      NotModeled: ASSEMBLY_REFUSED: /tmp/sl1_lifter/body.S:3:5: error: instruction requires the following: 'Zfa' (Additional Floating-Point)
    fli.s fa5, -1.0
    ^
 (line 'fli.s fa5, -1.0')
[39/507] c/op_46
      NotModeled: ASSEMBLY_REFUSED: /tmp/sl1_lifter/body.S:3:5: error: instruction requires the following: 'Zfa' (Additional Floating-Point)
    fli.d fa5, -1.0
    ^
 (line 'fli.d fa5, -1.0')
[40/507] c/op_47
      IDENTICAL_AFTER_NORMALIZE  answer width 8
      x86   : Concat(Extract(7, 1, v0), ~Extract(0, 0, v0))
      riscv : Concat(Extract(7, 1, v0), ~Extract(0, 0, v0))
[41/507] c/op_48
      IDENTICAL_AFTER_NORMALIZE  answer width 32
      x86   : 4
      riscv : 4
[42/507] c/op_49
      IDENTICAL_AFTER_NORMALIZE  answer width 32
      x86   : 8
      riscv : 8
[43/507] c/op_50
      IDENTICAL_AFTER_NORMALIZE  answer width 32
      x86   : 8
      riscv : 8
[44/507] c/op_51
      IDENTICAL_AFTER_NORMALIZE  answer width 32
      x86   : 4
      riscv : 4
[45/507] c/op_52
      IDENTICAL_AFTER_NORMALIZE  answer width 32
      x86   : 8
      riscv : 8
[46/507] c/op_53
      IDENTICAL_AFTER_NORMALIZE  answer width 32
      x86   : 1
      riscv : 1
[47/507] c/op_54
      IDENTICAL_AFTER_NORMALIZE  answer width 32
      x86   : 4
      riscv : 4
[48/507] c/op_55
      IDENTICAL_AFTER_NORMALIZE  answer width 32
      x86   : 8
      riscv : 8
[49/507] c/op_56
      IDENTICAL_AFTER_NORMALIZE  answer width 32
      x86   : 8
      riscv : 8
[50/507] c/op_57
      IDENTICAL_AFTER_NORMALIZE  answer width 32
      x86   : 4
      riscv : 4
[51/507] c/op_58
      IDENTICAL_AFTER_NORMALIZE  answer width 32
      x86   : 8
      riscv : 8
[52/507] c/op_59
      IDENTICAL_AFTER_NORMALIZE  answer width 32
      x86   : 1
      riscv : 1
[53/507] c/op_60
      IDENTICAL_AFTER_NORMALIZE  answer width 32
      x86   : 4
      riscv : 4
[54/507] c/op_61
      IDENTICAL_AFTER_NORMALIZE  answer width 32
      x86   : 8
      riscv : 8
[55/507] c/op_62
      IDENTICAL_AFTER_NORMALIZE  answer width 32
      x86   : 8
      riscv : 8
[56/507] c/op_63
      IDENTICAL_AFTER_NORMALIZE  answer width 32
      x86   : 4
      riscv : 4
[57/507] c/op_64
      IDENTICAL_AFTER_NORMALIZE  answer width 32
      x86   : 8
      riscv : 8
[58/507] c/op_65
      IDENTICAL_AFTER_NORMALIZE  answer width 32
      x86   : 1
      riscv : 1
[59/507] c/op_78
      IDENTICAL_AFTER_NORMALIZE  answer width 32
      x86   : 4
      riscv : 4
[60/507] c/op_79
      IDENTICAL_AFTER_NORMALIZE  answer width 32
      x86   : 8
      riscv : 8
[61/507] c/op_80
      IDENTICAL_AFTER_NORMALIZE  answer width 32
      x86   : 8
      riscv : 8
[62/507] c/op_81
      IDENTICAL_AFTER_NORMALIZE  answer width 32
      x86   : 4
      riscv : 4
[63/507] c/op_82
      IDENTICAL_AFTER_NORMALIZE  answer width 32
      x86   : 8
      riscv : 8
[64/507] c/op_83
      IDENTICAL_AFTER_NORMALIZE  answer width 32
      x86   : 1
      riscv : 1
[65/507] c/op_84
      IDENTICAL_AFTER_NORMALIZE  answer width 32
      x86   : Extract(31, 0, v0)
      riscv : Extract(31, 0, v0)
[66/507] c/op_85
      IDENTICAL_AFTER_NORMALIZE  answer width 64
      x86   : v0
      riscv : v0
[67/507] c/op_86
      IDENTICAL_AFTER_NORMALIZE  answer width 64
      x86   : v0
      riscv : v0
[68/507] c/op_87
      IDENTICAL_AFTER_NORMALIZE  answer width 64
      x86   : Extract(63, 0, v0)
      riscv : Extract(63, 0, v0)
[69/507] c/op_88
      IDENTICAL_AFTER_NORMALIZE  answer width 64
      x86   : Extract(63, 0, v0)
      riscv : Extract(63, 0, v0)
[70/507] c/op_89
      IDENTICAL_AFTER_NORMALIZE  answer width 32
      x86   : Extract(31, 0, v0)
      riscv : Extract(31, 0, v0)
[71/507] c/op_90
      IDENTICAL_AFTER_NORMALIZE  answer width 32
      x86   : Extract(31, 0, v0)
      riscv : Extract(31, 0, v0)
[72/507] c/op_91
      IDENTICAL_AFTER_NORMALIZE  answer width 64
      x86   : v0
      riscv : v0
[73/507] c/op_92
      IDENTICAL_AFTER_NORMALIZE  answer width 64
      x86   : v0
      riscv : v0
[74/507] c/op_93
      IDENTICAL_AFTER_NORMALIZE  answer width 64
      x86   : Extract(63, 0, v0)
      riscv : Extract(63, 0, v0)
[75/507] c/op_94
      IDENTICAL_AFTER_NORMALIZE  answer width 64
      x86   : Extract(63, 0, v0)
      riscv : Extract(63, 0, v0)
[76/507] c/op_95
      IDENTICAL_AFTER_NORMALIZE  answer width 32
      x86   : Extract(31, 0, v0)
      riscv : Extract(31, 0, v0)
[77/507] c/op_96
      IDENTICAL_AFTER_NORMALIZE  answer width 32
      x86   : Extract(31, 0, v0)
      riscv : Extract(31, 0, v0)
[78/507] c/op_97
      IDENTICAL_AFTER_NORMALIZE  answer width 64
      x86   : v0
      riscv : v0
[79/507] c/op_98
      IDENTICAL_AFTER_NORMALIZE  answer width 64
      x86   : v0
      riscv : v0
[80/507] c/op_99
      IDENTICAL_AFTER_NORMALIZE  answer width 64
      x86   : Extract(63, 0, v0)
      riscv : Extract(63, 0, v0)
[81/507] c/op_100
      IDENTICAL_AFTER_NORMALIZE  answer width 64
      x86   : Extract(63, 0, v0)
      riscv : Extract(63, 0, v0)
[82/507] c/op_101
      IDENTICAL_AFTER_NORMALIZE  answer width 32
      x86   : Extract(31, 0, v0)
      riscv : Extract(31, 0, v0)
[83/507] c/op_102
      IDENTICAL_AFTER_NORMALIZE  answer width 32
      x86   : Extract(31, 0, v0) + Extract(31, 0, v1)
      riscv : Extract(31, 0, v0) + Extract(31, 0, v1)
[84/507] c/op_103
      EQUAL_BY_Z3                answer width 64
      x86   : Concat(Extract(31, 31, v0), Extract(31, 31, v0), Extract(31, 31, v0), Extract(31, 31, v0), Extract(31, 31, v0), Extract(31, 31, v0), Extract(31, 31, v0), Extract(31, 31, v0), Extract(31, 31, v0), Extract(31, 31, v0), Extract(31, 31, v0), Extract(31, 31, v0), Extract(31, 31, v0), Extract(31, 31, v0), Extract(31, 31, v0), Extract(31, 31, v0), Extract(31, 31, v0), Extract(31, 31, v0), Extract(31, 31, v0), Extract(31, 31, v0), Extract(31, 31, v0), Extract(31, 31, v0), Extract(31, 31, v0), Extract(31, 31, v0), Extract(31, 31, v0), Extract(31, 31, v0), Extract(31, 31, v0), Extract(31, 31, v0), Extract(31, 31, v0), Extract(31, 31, v0), Extract(31, 31, v0), Extract(31, 31, v0), Extract(31, 0, v0)) + v1
      riscv : v0 + v1
[85/507] c/op_104
      EQUAL_BY_Z3                answer width 64
      x86   : Concat(Extract(31, 31, v0), Extract(31, 31, v0), Extract(31, 31, v0), Extract(31, 31, v0), Extract(31, 31, v0), Extract(31, 31, v0), Extract(31, 31, v0), Extract(31, 31, v0), Extract(31, 31, v0), Extract(31, 31, v0), Extract(31, 31, v0), Extract(31, 31, v0), Extract(31, 31, v0), Extract(31, 31, v0), Extract(31, 31, v0), Extract(31, 31, v0), Extract(31, 31, v0), Extract(31, 31, v0), Extract(31, 31, v0), Extract(31, 31, v0), Extract(31, 31, v0), Extract(31, 31, v0), Extract(31, 31, v0), Extract(31, 31, v0), Extract(31, 31, v0), Extract(31, 31, v0), Extract(31, 31, v0), Extract(31, 31, v0), Extract(31, 31, v0), Extract(31, 31, v0), Extract(31, 31, v0), Extract(31, 31, v0), Extract(31, 0, v0)) + v1
      riscv : v0 + v1
[86/507] c/op_105
      DIFFER                     answer width 32
      x86   : fp.to_ieee_bv(fpToFP(Extract(31, 0, v1)) + fpToFP(fp.to_ieee_bv(fpToFP(RNE(), Extract(31, 0, v0)))))
      riscv : fp.to_ieee_bv(fpToFP(fp.to_ieee_bv(fpToFP(RNE(), Extract(31, 0, v0)))) + fpToFP(If(Extract(63, 32, v1) == 4294967295, Extract(31, 0, v1), 2143289344)))
      counterexample: {'arg0': '18446744073703673617', 'arg1': '13835058054961747937', 'fp.to_ieee_bv': '[NaN -> 2140741642, else -> fp.to_ieee_bv(Var(0))]'}
[87/507] c/op_106
      IDENTICAL_AFTER_NORMALIZE  answer width 64
      x86   : fp.to_ieee_bv(fpToFP(Extract(63, 0, v1)) + fpToFP(fp.to_ieee_bv(fpToFP(RNE(), Extract(31, 0, v0)))))
      riscv : fp.to_ieee_bv(fpToFP(Extract(63, 0, v1)) + fpToFP(fp.to_ieee_bv(fpToFP(RNE(), Extract(31, 0, v0)))))
[88/507] c/op_107
      IDENTICAL_AFTER_NORMALIZE  answer width 32
      x86   : Extract(31, 0, v0) + Extract(31, 0, v1)
      riscv : Extract(31, 0, v0) + Extract(31, 0, v1)
[89/507] c/op_108
      EQUAL_BY_Z3                answer width 64
      x86   : Concat(Extract(31, 31, v0), Extract(31, 31, v0), Extract(31, 31, v0), Extract(31, 31, v0), Extract(31, 31, v0), Extract(31, 31, v0), Extract(31, 31, v0), Extract(31, 31, v0), Extract(31, 31, v0), Extract(31, 31, v0), Extract(31, 31, v0), Extract(31, 31, v0), Extract(31, 31, v0), Extract(31, 31, v0), Extract(31, 31, v0), Extract(31, 31, v0), Extract(31, 31, v0), Extract(31, 31, v0), Extract(31, 31, v0), Extract(31, 31, v0), Extract(31, 31, v0), Extract(31, 31, v0), Extract(31, 31, v0), Extract(31, 31, v0), Extract(31, 31, v0), Extract(31, 31, v0), Extract(31, 31, v0), Extract(31, 31, v0), Extract(31, 31, v0), Extract(31, 31, v0), Extract(31, 31, v0), Extract(31, 31, v0), Extract(31, 0, v0)) + v1
      riscv : v0 + v1
[90/507] c/op_109
      IDENTICAL_AFTER_NORMALIZE  answer width 64
      x86   : v0 + v1
      riscv : v0 + v1
[91/507] c/op_110
      IDENTICAL_AFTER_NORMALIZE  answer width 64
      x86   : v0 + v1
      riscv : v0 + v1
[92/507] c/op_111
      DIFFER                     answer width 32
      x86   : fp.to_ieee_bv(fpToFP(Extract(31, 0, v0)) + fpToFP(fp.to_ieee_bv(fpToFP(RNE(), v1))))
      riscv : fp.to_ieee_bv(fpToFP(fp.to_ieee_bv(fpToFP(RNE(), v1))) + fpToFP(If(Extract(63, 32, v0) == 4294967295, Extract(31, 0, v0), 2143289344)))
      counterexample: {'arg0': '1', 'arg1': '10492841775054454780', 'fp.to_ieee_bv': '[NaN -> 4292820991, else -> fp.to_ieee_bv(Var(0))]'}
[93/507] c/op_112
      IDENTICAL_AFTER_NORMALIZE  answer width 64
      x86   : fp.to_ieee_bv(fpToFP(Extract(63, 0, v0)) + fpToFP(fp.to_ieee_bv(fpToFP(RNE(), v1))))
      riscv : fp.to_ieee_bv(fpToFP(Extract(63, 0, v0)) + fpToFP(fp.to_ieee_bv(fpToFP(RNE(), v1))))
[94/507] c/op_113
      EQUAL_BY_Z3                answer width 64
      x86   : Concat(0, Extract(31, 0, v0)) + v1
      riscv : v0 + v1
[95/507] c/op_114
      EQUAL_BY_Z3                answer width 64
      x86   : Concat(Extract(31, 31, v0), Extract(31, 31, v0), Extract(31, 31, v0), Extract(31, 31, v0), Extract(31, 31, v0), Extract(31, 31, v0), Extract(31, 31, v0), Extract(31, 31, v0), Extract(31, 31, v0), Extract(31, 31, v0), Extract(31, 31, v0), Extract(31, 31, v0), Extract(31, 31, v0), Extract(31, 31, v0), Extract(31, 31, v0), Extract(31, 31, v0), Extract(31, 31, v0), Extract(31, 31, v0), Extract(31, 31, v0), Extract(31, 31, v0), Extract(31, 31, v0), Extract(31, 31, v0), Extract(31, 31, v0), Extract(31, 31, v0), Extract(31, 31, v0), Extract(31, 31, v0), Extract(31, 31, v0), Extract(31, 31, v0), Extract(31, 31, v0), Extract(31, 31, v0), Extract(31, 31, v0), Extract(31, 31, v0), Extract(31, 0, v0)) + v1
      riscv : v0 + v1
[96/507] c/op_115
      IDENTICAL_AFTER_NORMALIZE  answer width 64
      x86   : v0 + v1
      riscv : v0 + v1
[97/507] c/op_116
      IDENTICAL_AFTER_NORMALIZE  answer width 64
      x86   : v0 + v1
      riscv : v0 + v1
[98/507] c/op_117
      DIFFER                     answer width 32
      x86   : fp.to_ieee_bv(fpToFP(Extract(31, 0, v0)) + fpToFP(fp.to_ieee_bv(fpToFP(RNE(), v1))))
      riscv : fp.to_ieee_bv(fpToFP(fp.to_ieee_bv(fpToFPUnsigned(RNE(), v1))) + fpToFP(If(Extract(63, 32, v0) == 4294967295, Extract(31, 0, v0), 2143289344)))
      counterexample: {'arg0': '10255537519614222149', 'arg1': '18446744069938154024', 'fp.to_ieee_bv': '[else -> fp.to_ieee_bv(Var(0))]'}
[99/507] c/op_118
      DIFFER                     answer width 64
      x86   : fp.to_ieee_bv(fpToFP(Extract(63, 0, v3)) + fpToFP(fp.to_ieee_bv(fpToFP(fp.to_ieee_bv(-fpToFP(Extract(127, 64, v0)) + fpToFP(Concat(Extract(63, 32, v1), Extract(63, 32, v2))))) + fpToFP(fp.to_ieee_bv(-fpToFP(Extract(63, 0, v0)) + fpToFP(Concat(Extract(31, 0, v1), Extract(31, 0, v2))))))))
      riscv : fp.to_ieee_bv(fpToFP(Extract(63, 0, v0)) + fpToFP(fp.to_ieee_bv(fpToFPUnsigned(RNE(), v1))))
      counterexample: {'arg0': '542494733', 'arg1': '9457506633931292669', 'ripconst_0': '9417584387044663295', 'ripconst_1': '3582360323738897600029114407636172801', 'fp.to_ieee_bv': '[else -> fp.to_ieee_bv(Var(0))]'}
[100/507] c/op_119
      EQUAL_BY_Z3                answer width 64
      x86   : Concat(0, Extract(31, 0, v0)) + v1
      riscv : v0 + v1
[101/507] c/op_120
      DIFFER                     answer width 32
      x86   : fp.to_ieee_bv(fpToFP(Extract(31, 0, v1)) + fpToFP(fp.to_ieee_bv(fpToFP(RNE(), Extract(31, 0, v0)))))
      riscv : fp.to_ieee_bv(fpToFP(fp.to_ieee_bv(fpToFP(RNE(), Extract(31, 0, v0)))) + fpToFP(If(Extract(63, 32, v1) == 4294967295, Extract(31, 0, v1), 2143289344)))
      counterexample: {'arg1': '18446744071562067968', 'arg0': '7556688143263105536', 'fp.to_ieee_bv': '[NaN -> 2141076294, else -> fp.to_ieee_bv(Var(0))]'}
[102/507] c/op_121
      DIFFER                     answer width 32
      x86   : fp.to_ieee_bv(fpToFP(Extract(31, 0, v0)) + fpToFP(fp.to_ieee_bv(fpToFP(RNE(), v1))))
      riscv : fp.to_ieee_bv(fpToFP(fp.to_ieee_bv(fpToFP(RNE(), v1))) + fpToFP(If(Extract(63, 32, v0) == 4294967295, Extract(31, 0, v0), 2143289344)))
      counterexample: {'arg1': '18446744073709500691', 'arg0': '18446462598267351900', 'fp.to_ieee_bv': '[NaN -> 2142653603, else -> fp.to_ieee_bv(Var(0))]'}
[103/507] c/op_122
      UNDECIDED                  answer width 32
      x86   : fp.to_ieee_bv(fpToFP(Extract(31, 0, v0)) + fpToFP(fp.to_ieee_bv(fpToFP(RNE(), v1))))
      riscv : fp.to_ieee_bv(fpToFP(fp.to_ieee_bv(fpToFPUnsigned(RNE(), v1))) + fpToFP(If(Extract(63, 32, v0) == 4294967295, Extract(31, 0, v0), 2143289344)))
[104/507] c/op_123
      DIFFER                     answer width 32
      x86   : fp.to_ieee_bv(fpToFP(Extract(31, 0, v0)) + fpToFP(Extract(31, 0, v1)))
      riscv : fp.to_ieee_bv(fpToFP(If(Extract(63, 32, v0) == 4294967295, Extract(31, 0, v0), 2143289344)) + fpToFP(If(Extract(63, 32, v1) == 4294967295, Extract(31, 0, v1), 2143289344)))
      counterexample: {'arg1': '18446744069433643935', 'arg0': '18446181119480465377', 'fp.to_ieee_bv': '[NaN -> 4292563519, else -> fp.to_ieee_bv(Var(0))]'}
[105/507] c/op_124
      DIFFER                     answer width 64
      x86   : fp.to_ieee_bv(fpToFP(Extract(63, 0, v1)) + fpToFP(fp.to_ieee_bv(fpToFP(RNE(), fpToFP(Extract(31, 0, v0))))))
      riscv : fp.to_ieee_bv(fpToFP(Extract(63, 0, v1)) + fpToFP(fp.to_ieee_bv(fpToFP(RNE(), fpToFP(If(Extract(63, 32, v0) == 4294967295, Extract(31, 0, v0), 2143289344))))))
      counterexample: {'arg1': '16021161146821880443', 'arg0': '4662801143615717376', 'fp.to_ieee_bv': '[NaN -> 9223149166064791987, else -> fp.to_ieee_bv(Var(0))]'}
[106/507] c/op_125
      DIFFER                     answer width 32
      x86   : fp.to_ieee_bv(fpToFP(Extract(31, 0, v1)) + fpToFP(fp.to_ieee_bv(fpToFP(RNE(), Extract(31, 0, v0)))))
      riscv : fp.to_ieee_bv(fpToFP(fp.to_ieee_bv(fpToFPUnsigned(RNE(), Extract(31, 0, v0)))) + fpToFP(If(Extract(63, 32, v1) == 4294967295, Extract(31, 0, v1), 2143289344)))
      counterexample: {'arg1': '1', 'arg0': '18446735274387578874', 'fp.to_ieee_bv': '[NaN -> 2139426813, else -> fp.to_ieee_bv(Var(0))]'}
[107/507] c/op_126
      IDENTICAL_AFTER_NORMALIZE  answer width 64
      x86   : fp.to_ieee_bv(fpToFP(Extract(63, 0, v1)) + fpToFP(fp.to_ieee_bv(fpToFP(RNE(), Extract(31, 0, v0)))))
      riscv : fp.to_ieee_bv(fpToFP(Extract(63, 0, v1)) + fpToFP(fp.to_ieee_bv(fpToFP(RNE(), Extract(31, 0, v0)))))
[108/507] c/op_127
      IDENTICAL_AFTER_NORMALIZE  answer width 64
      x86   : fp.to_ieee_bv(fpToFP(Extract(63, 0, v0)) + fpToFP(fp.to_ieee_bv(fpToFP(RNE(), v1))))
      riscv : fp.to_ieee_bv(fpToFP(Extract(63, 0, v0)) + fpToFP(fp.to_ieee_bv(fpToFP(RNE(), v1))))
[109/507] c/op_128
      DIFFER                     answer width 64
      x86   : fp.to_ieee_bv(fpToFP(Extract(63, 0, v3)) + fpToFP(fp.to_ieee_bv(fpToFP(fp.to_ieee_bv(-fpToFP(Extract(127, 64, v0)) + fpToFP(Concat(Extract(63, 32, v1), Extract(63, 32, v2))))) + fpToFP(fp.to_ieee_bv(-fpToFP(Extract(63, 0, v0)) + fpToFP(Concat(Extract(31, 0, v1), Extract(31, 0, v2))))))))
      riscv : fp.to_ieee_bv(fpToFP(Extract(63, 0, v0)) + fpToFP(fp.to_ieee_bv(fpToFPUnsigned(RNE(), v1))))
      counterexample: {'ripconst_0': '8489285293300498430', 'arg1': '59268031297024630', 'ripconst_1': '326678549152560676240104579919689809920', 'arg0': '17681132137056567296', 'fp.to_ieee_bv': '[else -> fp.to_ieee_bv(Var(0))]'}
[110/507] c/op_129
      UNDECIDED                  answer width 64
      x86   : fp.to_ieee_bv(fpToFP(Extract(63, 0, v1)) + fpToFP(fp.to_ieee_bv(fpToFP(RNE(), fpToFP(Extract(31, 0, v0))))))
      riscv : fp.to_ieee_bv(fpToFP(Extract(63, 0, v1)) + fpToFP(fp.to_ieee_bv(fpToFP(RNE(), fpToFP(If(Extract(63, 32, v0) == 4294967295, Extract(31, 0, v0), 2143289344))))))
[111/507] c/op_130
      IDENTICAL_AFTER_NORMALIZE  answer width 64
      x86   : fp.to_ieee_bv(fpToFP(Extract(63, 0, v0)) + fpToFP(Extract(63, 0, v1)))
      riscv : fp.to_ieee_bv(fpToFP(Extract(63, 0, v0)) + fpToFP(Extract(63, 0, v1)))
[112/507] c/op_131
      UNDECIDED                  answer width 64
      x86   : fp.to_ieee_bv(fpToFP(Extract(63, 0, v1)) + fpToFP(fp.to_ieee_bv(fpToFP(RNE(), Extract(31, 0, v0)))))
      riscv : fp.to_ieee_bv(fpToFP(Extract(63, 0, v1)) + fpToFP(fp.to_ieee_bv(fpToFPUnsigned(RNE(), Extract(31, 0, v0)))))
[113/507] c/op_132
      IDENTICAL_AFTER_NORMALIZE  answer width 32
      x86   : Extract(31, 0, v0) + Extract(31, 0, v1)
      riscv : Extract(31, 0, v0) + Extract(31, 0, v1)
[114/507] c/op_133
      EQUAL_BY_Z3                answer width 64
      x86   : Concat(0, Extract(31, 0, v0)) + v1
      riscv : v0 + v1
[115/507] c/op_134
      EQUAL_BY_Z3                answer width 64
      x86   : Concat(0, Extract(31, 0, v0)) + v1
      riscv : v0 + v1
[116/507] c/op_135
      DIFFER                     answer width 32
      x86   : fp.to_ieee_bv(fpToFP(Extract(31, 0, v1)) + fpToFP(fp.to_ieee_bv(fpToFP(RNE(), Extract(31, 0, v0)))))
      riscv : fp.to_ieee_bv(fpToFP(fp.to_ieee_bv(fpToFPUnsigned(RNE(), Extract(31, 0, v0)))) + fpToFP(If(Extract(63, 32, v1) == 4294967295, Extract(31, 0, v1), 2143289344)))
      counterexample: {'arg0': '1', 'arg1': '10752452250132086127', 'fp.to_ieee_bv': '[NaN -> 2145600578, else -> fp.to_ieee_bv(Var(0))]'}
[117/507] c/op_136
      UNDECIDED                  answer width 64
      x86   : fp.to_ieee_bv(fpToFP(Extract(63, 0, v1)) + fpToFP(fp.to_ieee_bv(fpToFP(RNE(), Extract(31, 0, v0)))))
      riscv : fp.to_ieee_bv(fpToFP(Extract(63, 0, v1)) + fpToFP(fp.to_ieee_bv(fpToFPUnsigned(RNE(), Extract(31, 0, v0)))))
[118/507] c/op_137
      IDENTICAL_AFTER_NORMALIZE  answer width 32
      x86   : Extract(31, 0, v0) + Extract(31, 0, v1)
      riscv : Extract(31, 0, v0) + Extract(31, 0, v1)
[119/507] c/op_138
      IDENTICAL_AFTER_NORMALIZE  answer width 32
      x86   : Extract(31, 0, v0)*4294967295 + Extract(31, 0, v1)
      riscv : Extract(31, 0, v0)*4294967295 + Extract(31, 0, v1)
[120/507] c/op_139
      EQUAL_BY_Z3                answer width 64
      x86   : v0*18446744073709551615 + Concat(Extract(31, 31, v1), Extract(31, 31, v1), Extract(31, 31, v1), Extract(31, 31, v1), Extract(31, 31, v1), Extract(31, 31, v1), Extract(31, 31, v1), Extract(31, 31, v1), Extract(31, 31, v1), Extract(31, 31, v1), Extract(31, 31, v1), Extract(31, 31, v1), Extract(31, 31, v1), Extract(31, 31, v1), Extract(31, 31, v1), Extract(31, 31, v1), Extract(31, 31, v1), Extract(31, 31, v1), Extract(31, 31, v1), Extract(31, 31, v1), Extract(31, 31, v1), Extract(31, 31, v1), Extract(31, 31, v1), Extract(31, 31, v1), Extract(31, 31, v1), Extract(31, 31, v1), Extract(31, 31, v1), Extract(31, 31, v1), Extract(31, 31, v1), Extract(31, 31, v1), Extract(31, 31, v1), Extract(31, 31, v1), Extract(31, 0, v1))
      riscv : v0*18446744073709551615 + v1
[121/507] c/op_140
      EQUAL_BY_Z3                answer width 64
      x86   : v0*18446744073709551615 + Concat(Extract(31, 31, v1), Extract(31, 31, v1), Extract(31, 31, v1), Extract(31, 31, v1), Extract(31, 31, v1), Extract(31, 31, v1), Extract(31, 31, v1), Extract(31, 31, v1), Extract(31, 31, v1), Extract(31, 31, v1), Extract(31, 31, v1), Extract(31, 31, v1), Extract(31, 31, v1), Extract(31, 31, v1), Extract(31, 31, v1), Extract(31, 31, v1), Extract(31, 31, v1), Extract(31, 31, v1), Extract(31, 31, v1), Extract(31, 31, v1), Extract(31, 31, v1), Extract(31, 31, v1), Extract(31, 31, v1), Extract(31, 31, v1), Extract(31, 31, v1), Extract(31, 31, v1), Extract(31, 31, v1), Extract(31, 31, v1), Extract(31, 31, v1), Extract(31, 31, v1), Extract(31, 31, v1), Extract(31, 31, v1), Extract(31, 0, v1))
      riscv : v0*18446744073709551615 + v1
[122/507] c/op_141
      DIFFER                     answer width 32
      x86   : fp.to_ieee_bv(-fpToFP(Extract(31, 0, v1)) + fpToFP(fp.to_ieee_bv(fpToFP(RNE(), Extract(31, 0, v0)))))
      riscv : fp.to_ieee_bv(-fpToFP(If(Extract(63, 32, v0) == 4294967295, Extract(31, 0, v0), 2143289344)) + fpToFP(fp.to_ieee_bv(fpToFP(RNE(), Extract(31, 0, v1)))))
      counterexample: {'arg0': '0', 'arg1': '12005357618018123776', 'fp.to_ieee_bv': '[NaN -> 2143816098, else -> fp.to_ieee_bv(Var(0))]'}
[123/507] c/op_142
      IDENTICAL_AFTER_NORMALIZE  answer width 64
      x86   : fp.to_ieee_bv(-fpToFP(Extract(63, 0, v1)) + fpToFP(fp.to_ieee_bv(fpToFP(RNE(), Extract(31, 0, v0)))))
      riscv : fp.to_ieee_bv(-fpToFP(Extract(63, 0, v1)) + fpToFP(fp.to_ieee_bv(fpToFP(RNE(), Extract(31, 0, v0)))))
[124/507] c/op_143
      IDENTICAL_AFTER_NORMALIZE  answer width 32
      x86   : Extract(31, 0, v0)*4294967295 + Extract(31, 0, v1)
      riscv : Extract(31, 0, v0)*4294967295 + Extract(31, 0, v1)
[125/507] c/op_144
      EQUAL_BY_Z3                answer width 64
      x86   : Concat(Extract(31, 31, v0), Extract(31, 31, v0), Extract(31, 31, v0), Extract(31, 31, v0), Extract(31, 31, v0), Extract(31, 31, v0), Extract(31, 31, v0), Extract(31, 31, v0), Extract(31, 31, v0), Extract(31, 31, v0), Extract(31, 31, v0), Extract(31, 31, v0), Extract(31, 31, v0), Extract(31, 31, v0), Extract(31, 31, v0), Extract(31, 31, v0), Extract(31, 31, v0), Extract(31, 31, v0), Extract(31, 31, v0), Extract(31, 31, v0), Extract(31, 31, v0), Extract(31, 31, v0), Extract(31, 31, v0), Extract(31, 31, v0), Extract(31, 31, v0), Extract(31, 31, v0), Extract(31, 31, v0), Extract(31, 31, v0), Extract(31, 31, v0), Extract(31, 31, v0), Extract(31, 31, v0), Extract(31, 31, v0), Extract(31, 0, v0))*18446744073709551615 + v1
      riscv : v0*18446744073709551615 + v1
[126/507] c/op_145
      IDENTICAL_AFTER_NORMALIZE  answer width 64
      x86   : v0*18446744073709551615 + v1
      riscv : v0*18446744073709551615 + v1
[127/507] c/op_146
      IDENTICAL_AFTER_NORMALIZE  answer width 64
      x86   : v0*18446744073709551615 + v1
      riscv : v0*18446744073709551615 + v1
[128/507] c/op_147
      DIFFER                     answer width 32
      x86   : fp.to_ieee_bv(-fpToFP(Extract(31, 0, v0)) + fpToFP(fp.to_ieee_bv(fpToFP(RNE(), v1))))
      riscv : fp.to_ieee_bv(-fpToFP(If(Extract(63, 32, v0) == 4294967295, Extract(31, 0, v0), 2143289344)) + fpToFP(fp.to_ieee_bv(fpToFP(RNE(), v1))))
      counterexample: {'arg0': '18446744073705562919', 'arg1': '10891755659795348813', 'fp.to_ieee_bv': '[NaN -> 4293668319, else -> fp.to_ieee_bv(Var(0))]'}
[129/507] c/op_148
      IDENTICAL_AFTER_NORMALIZE  answer width 64
      x86   : fp.to_ieee_bv(-fpToFP(Extract(63, 0, v0)) + fpToFP(fp.to_ieee_bv(fpToFP(RNE(), v1))))
      riscv : fp.to_ieee_bv(-fpToFP(Extract(63, 0, v0)) + fpToFP(fp.to_ieee_bv(fpToFP(RNE(), v1))))
[130/507] c/op_149
      EQUAL_BY_Z3                answer width 64
      x86   : Concat(0, Extract(31, 0, v0))*18446744073709551615 + v1
      riscv : v0*18446744073709551615 + v1
[131/507] c/op_150
      EQUAL_BY_Z3                answer width 64
      x86   : Concat(Extract(31, 31, v0), Extract(31, 31, v0), Extract(31, 31, v0), Extract(31, 31, v0), Extract(31, 31, v0), Extract(31, 31, v0), Extract(31, 31, v0), Extract(31, 31, v0), Extract(31, 31, v0), Extract(31, 31, v0), Extract(31, 31, v0), Extract(31, 31, v0), Extract(31, 31, v0), Extract(31, 31, v0), Extract(31, 31, v0), Extract(31, 31, v0), Extract(31, 31, v0), Extract(31, 31, v0), Extract(31, 31, v0), Extract(31, 31, v0), Extract(31, 31, v0), Extract(31, 31, v0), Extract(31, 31, v0), Extract(31, 31, v0), Extract(31, 31, v0), Extract(31, 31, v0), Extract(31, 31, v0), Extract(31, 31, v0), Extract(31, 31, v0), Extract(31, 31, v0), Extract(31, 31, v0), Extract(31, 31, v0), Extract(31, 0, v0))*18446744073709551615 + v1
      riscv : v0*18446744073709551615 + v1
[132/507] c/op_151
      IDENTICAL_AFTER_NORMALIZE  answer width 64
      x86   : v0*18446744073709551615 + v1
      riscv : v0*18446744073709551615 + v1
[133/507] c/op_152
      IDENTICAL_AFTER_NORMALIZE  answer width 64
      x86   : v0*18446744073709551615 + v1
      riscv : v0*18446744073709551615 + v1
[134/507] c/op_153
      NotModeled: every path through this body leaves the unit or is unreachable, so the body leaves no answer to read
[135/507] c/op_154
      DIFFER                     answer width 64
      x86   : fp.to_ieee_bv(-fpToFP(Extract(63, 0, v3)) + fpToFP(fp.to_ieee_bv(fpToFP(fp.to_ieee_bv(-fpToFP(Extract(127, 64, v0)) + fpToFP(Concat(Extract(63, 32, v1), Extract(63, 32, v2))))) + fpToFP(fp.to_ieee_bv(-fpToFP(Extract(63, 0, v0)) + fpToFP(Concat(Extract(31, 0, v1), Extract(31, 0, v2))))))))
      riscv : fp.to_ieee_bv(-fpToFP(Extract(63, 0, v0)) + fpToFP(fp.to_ieee_bv(fpToFPUnsigned(RNE(), v1))))
      counterexample: {'arg0': '5727063182380367872', 'arg1': '11552517751910170624', 'ripconst_0': '9239304787122454528', 'ripconst_1': '170432232853748233520719110217983328256', 'fp.to_ieee_bv': '[else -> fp.to_ieee_bv(Var(0))]'}
[136/507] c/op_155
      EQUAL_BY_Z3                answer width 64
      x86   : Concat(0, Extract(31, 0, v0))*18446744073709551615 + v1
      riscv : v0*18446744073709551615 + v1
[137/507] c/op_156
      DIFFER                     answer width 32
      x86   : fp.to_ieee_bv(-fpToFP(fp.to_ieee_bv(fpToFP(RNE(), Extract(31, 0, v0)))) + fpToFP(Extract(31, 0, v1)))
      riscv : fp.to_ieee_bv(-fpToFP(fp.to_ieee_bv(fpToFP(RNE(), Extract(31, 0, v0)))) + fpToFP(If(Extract(63, 32, v1) == 4294967295, Extract(31, 0, v1), 2143289344)))
      counterexample: {'arg1': '18446744071562067968', 'arg0': '17870283320597723391', 'fp.to_ieee_bv': '[NaN -> 2143199616, else -> fp.to_ieee_bv(Var(0))]'}
[138/507] c/op_157
      DIFFER                     answer width 32
      x86   : fp.to_ieee_bv(-fpToFP(fp.to_ieee_bv(fpToFP(RNE(), v0))) + fpToFP(Extract(31, 0, v1)))
      riscv : fp.to_ieee_bv(-fpToFP(fp.to_ieee_bv(fpToFP(RNE(), v0))) + fpToFP(If(Extract(63, 32, v1) == 4294967295, Extract(31, 0, v1), 2143289344)))
      counterexample: {'arg1': '0', 'arg0': '10454180819166756869', 'fp.to_ieee_bv': '[NaN -> 2139291653, else -> fp.to_ieee_bv(Var(0))]'}
[139/507] c/op_158
      DIFFER                     answer width 32
      x86   : fp.to_ieee_bv(-fpToFP(fp.to_ieee_bv(fpToFP(RNE(), v0))) + fpToFP(Extract(31, 0, v1)))
      riscv : fp.to_ieee_bv(-fpToFP(fp.to_ieee_bv(fpToFPUnsigned(RNE(), v0))) + fpToFP(If(Extract(63, 32, v1) == 4294967295, Extract(31, 0, v1), 2143289344)))
      counterexample: {'arg1': '0', 'arg0': '3109996511077859393', 'fp.to_ieee_bv': '[NaN -> 2139095041, else -> fp.to_ieee_bv(Var(0))]'}
[140/507] c/op_159
      DIFFER                     answer width 32
      x86   : fp.to_ieee_bv(-fpToFP(Extract(31, 0, v0)) + fpToFP(Extract(31, 0, v1)))
      riscv : fp.to_ieee_bv(-fpToFP(If(Extract(63, 32, v0) == 4294967295, Extract(31, 0, v0), 2143289344)) + fpToFP(If(Extract(63, 32, v1) == 4294967295, Extract(31, 0, v1), 2143289344)))
      counterexample: {'arg1': '18446744073701163008', 'arg0': '2933716547417895390', 'fp.to_ieee_bv': '[NaN -> 2143144605, else -> fp.to_ieee_bv(Var(0))]'}
[141/507] c/op_160
      UNDECIDED                  answer width 64
      x86   : fp.to_ieee_bv(-fpToFP(Extract(63, 0, v1)) + fpToFP(fp.to_ieee_bv(fpToFP(RNE(), fpToFP(Extract(31, 0, v0))))))
      riscv : fp.to_ieee_bv(-fpToFP(Extract(63, 0, v1)) + fpToFP(fp.to_ieee_bv(fpToFP(RNE(), fpToFP(If(Extract(63, 32, v0) == 4294967295, Extract(31, 0, v0), 2143289344))))))
[142/507] c/op_161
      DIFFER                     answer width 32
      x86   : fp.to_ieee_bv(-fpToFP(fp.to_ieee_bv(fpToFP(RNE(), Extract(31, 0, v0)))) + fpToFP(Extract(31, 0, v1)))
      riscv : fp.to_ieee_bv(-fpToFP(fp.to_ieee_bv(fpToFPUnsigned(RNE(), Extract(31, 0, v0)))) + fpToFP(If(Extract(63, 32, v1) == 4294967295, Extract(31, 0, v1), 2143289344)))
      counterexample: {'arg1': '0', 'arg0': '13472599792269058923', 'fp.to_ieee_bv': '[NaN -> 4292773445, else -> fp.to_ieee_bv(Var(0))]'}
[143/507] c/op_162
      IDENTICAL_AFTER_NORMALIZE  answer width 64
      x86   : fp.to_ieee_bv(-fpToFP(fp.to_ieee_bv(fpToFP(RNE(), Extract(31, 0, v0)))) + fpToFP(Extract(63, 0, v1)))
      riscv : fp.to_ieee_bv(-fpToFP(fp.to_ieee_bv(fpToFP(RNE(), Extract(31, 0, v0)))) + fpToFP(Extract(63, 0, v1)))
[144/507] c/op_163
      IDENTICAL_AFTER_NORMALIZE  answer width 64
      x86   : fp.to_ieee_bv(-fpToFP(fp.to_ieee_bv(fpToFP(RNE(), v0))) + fpToFP(Extract(63, 0, v1)))
      riscv : fp.to_ieee_bv(-fpToFP(fp.to_ieee_bv(fpToFP(RNE(), v0))) + fpToFP(Extract(63, 0, v1)))
[145/507] c/op_164
      DIFFER                     answer width 64
      x86   : fp.to_ieee_bv(-fpToFP(fp.to_ieee_bv(fpToFP(fp.to_ieee_bv(-fpToFP(Extract(127, 64, v0)) + fpToFP(Concat(Extract(63, 32, v1), Extract(63, 32, v2))))) + fpToFP(fp.to_ieee_bv(-fpToFP(Extract(63, 0, v0)) + fpToFP(Concat(Extract(31, 0, v1), Extract(31, 0, v2))))))) + fpToFP(Extract(63, 0, v3)))
      riscv : fp.to_ieee_bv(-fpToFP(fp.to_ieee_bv(fpToFPUnsigned(RNE(), v0))) + fpToFP(Extract(63, 0, v1)))
      counterexample: {'ripconst_0': '2301339416597102592', 'arg1': '68154260335231592', 'ripconst_1': '40790991060145223786990598968410406912', 'arg0': '14080508670675552257', 'fp.to_ieee_bv': '[else -> fp.to_ieee_bv(Var(0))]'}
[146/507] c/op_165
      DIFFER                     answer width 64
      x86   : fp.to_ieee_bv(-fpToFP(fp.to_ieee_bv(fpToFP(RNE(), fpToFP(Extract(31, 0, v0))))) + fpToFP(Extract(63, 0, v1)))
      riscv : fp.to_ieee_bv(-fpToFP(fp.to_ieee_bv(fpToFP(RNE(), fpToFP(If(Extract(63, 32, v0) == 4294967295, Extract(31, 0, v0), 2143289344))))) + fpToFP(Extract(63, 0, v1)))
      counterexample: {'arg1': '16559925534511857664', 'arg0': '4176215400421176276', 'fp.to_ieee_bv': '[NaN -> 18442763593579275360, else -> fp.to_ieee_bv(Var(0))]'}
[147/507] c/op_166
      IDENTICAL_AFTER_NORMALIZE  answer width 64
      x86   : fp.to_ieee_bv(-fpToFP(Extract(63, 0, v0)) + fpToFP(Extract(63, 0, v1)))
      riscv : fp.to_ieee_bv(-fpToFP(Extract(63, 0, v0)) + fpToFP(Extract(63, 0, v1)))
[148/507] c/op_167
      UNDECIDED                  answer width 64
      x86   : fp.to_ieee_bv(-fpToFP(fp.to_ieee_bv(fpToFP(RNE(), Extract(31, 0, v0)))) + fpToFP(Extract(63, 0, v1)))
      riscv : fp.to_ieee_bv(-fpToFP(fp.to_ieee_bv(fpToFPUnsigned(RNE(), Extract(31, 0, v0)))) + fpToFP(Extract(63, 0, v1)))
[149/507] c/op_168
      IDENTICAL_AFTER_NORMALIZE  answer width 32
      x86   : Extract(31, 0, v0)*4294967295 + Extract(31, 0, v1)
      riscv : Extract(31, 0, v0)*4294967295 + Extract(31, 0, v1)
[150/507] c/op_169
      EQUAL_BY_Z3                answer width 64
      x86   : v0*18446744073709551615 + Concat(0, Extract(31, 0, v1))
      riscv : v0*18446744073709551615 + v1
[151/507] c/op_170
      EQUAL_BY_Z3                answer width 64
      x86   : v0*18446744073709551615 + Concat(0, Extract(31, 0, v1))
      riscv : v0*18446744073709551615 + v1
[152/507] c/op_171
      DIFFER                     answer width 32
      x86   : fp.to_ieee_bv(-fpToFP(Extract(31, 0, v1)) + fpToFP(fp.to_ieee_bv(fpToFP(RNE(), Extract(31, 0, v0)))))
      riscv : fp.to_ieee_bv(-fpToFP(If(Extract(63, 32, v0) == 4294967295, Extract(31, 0, v0), 2143289344)) + fpToFP(fp.to_ieee_bv(fpToFPUnsigned(RNE(), Extract(31, 0, v1)))))
      counterexample: {'arg0': '1', 'arg1': '18446603332993158400', 'fp.to_ieee_bv': '[NaN -> 4290803712, else -> fp.to_ieee_bv(Var(0))]'}
[153/507] c/op_172
      UNDECIDED                  answer width 64
      x86   : fp.to_ieee_bv(-fpToFP(Extract(63, 0, v1)) + fpToFP(fp.to_ieee_bv(fpToFP(RNE(), Extract(31, 0, v0)))))
      riscv : fp.to_ieee_bv(-fpToFP(Extract(63, 0, v1)) + fpToFP(fp.to_ieee_bv(fpToFPUnsigned(RNE(), Extract(31, 0, v0)))))
[154/507] c/op_173
      IDENTICAL_AFTER_NORMALIZE  answer width 32
      x86   : Extract(31, 0, v0)*4294967295 + Extract(31, 0, v1)
      riscv : Extract(31, 0, v0)*4294967295 + Extract(31, 0, v1)
[155/507] c/op_174
      IDENTICAL_AFTER_NORMALIZE  answer width 32
      x86   : Extract(31, 0, v0)*Extract(31, 0, v1)
      riscv : Extract(31, 0, v0)*Extract(31, 0, v1)
[156/507] c/op_175
      NotModeled: ASSEMBLY_REFUSED: /tmp/sl1_lifter/body.S:3:5: error: instruction requires the following: 'Zcb' (Compressed basic bit manipulation instructions)
    c.mul a0, a1
    ^
 (line 'c.mul a0, a1')
[157/507] c/op_176
      NotModeled: ASSEMBLY_REFUSED: /tmp/sl1_lifter/body.S:3:5: error: instruction requires the following: 'Zcb' (Compressed basic bit manipulation instructions)
    c.mul a0, a1
    ^
 (line 'c.mul a0, a1')
[158/507] c/op_177
      DIFFER                     answer width 32
      x86   : fp.to_ieee_bv(fpToFP(Extract(31, 0, v1)) * fpToFP(fp.to_ieee_bv(fpToFP(RNE(), Extract(31, 0, v0)))))
      riscv : fp.to_ieee_bv(fpToFP(fp.to_ieee_bv(fpToFP(RNE(), Extract(31, 0, v0)))) * fpToFP(If(Extract(63, 32, v1) == 4294967295, Extract(31, 0, v1), 2143289344)))
      counterexample: {'arg0': '0', 'arg1': '11080670224500934173', 'fp.to_ieee_bv': '[NaN -> 2143047829, else -> fp.to_ieee_bv(Var(0))]'}
[159/507] c/op_178
      IDENTICAL_AFTER_NORMALIZE  answer width 64
      x86   : fp.to_ieee_bv(fpToFP(Extract(63, 0, v1)) * fpToFP(fp.to_ieee_bv(fpToFP(RNE(), Extract(31, 0, v0)))))
      riscv : fp.to_ieee_bv(fpToFP(Extract(63, 0, v1)) * fpToFP(fp.to_ieee_bv(fpToFP(RNE(), Extract(31, 0, v0)))))
[160/507] c/op_179
      EQUAL_BY_Z3                answer width 32
      x86   : If(Extract(31, 0, v0) == 0, Extract(31, 0, v0), Extract(31, 0, v1))
      riscv : If(v0 == 0, 0, Extract(31, 0, v1))
[161/507] c/op_180
      NotModeled: ASSEMBLY_REFUSED: /tmp/sl1_lifter/body.S:3:5: error: instruction requires the following: 'Zcb' (Compressed basic bit manipulation instructions)
    c.mul a0, a1
    ^
 (line 'c.mul a0, a1')
[162/507] c/op_181
      NotModeled: ASSEMBLY_REFUSED: /tmp/sl1_lifter/body.S:3:5: error: instruction requires the following: 'Zcb' (Compressed basic bit manipulation instructions)
    c.mul a0, a1
    ^
 (line 'c.mul a0, a1')
[163/507] c/op_182
      NotModeled: ASSEMBLY_REFUSED: /tmp/sl1_lifter/body.S:3:5: error: instruction requires the following: 'Zcb' (Compressed basic bit manipulation instructions)
    c.mul a0, a1
    ^
 (line 'c.mul a0, a1')
[164/507] c/op_183
      DIFFER                     answer width 32
      x86   : fp.to_ieee_bv(fpToFP(Extract(31, 0, v0)) * fpToFP(fp.to_ieee_bv(fpToFP(RNE(), v1))))
      riscv : fp.to_ieee_bv(fpToFP(fp.to_ieee_bv(fpToFP(RNE(), v1))) * fpToFP(If(Extract(63, 32, v0) == 4294967295, Extract(31, 0, v0), 2143289344)))
      counterexample: {'arg0': '0', 'arg1': '18446744036120334770', 'fp.to_ieee_bv': '[NaN -> 2139096064, else -> fp.to_ieee_bv(Var(0))]'}
[165/507] c/op_184
      IDENTICAL_AFTER_NORMALIZE  answer width 64
      x86   : fp.to_ieee_bv(fpToFP(Extract(63, 0, v0)) * fpToFP(fp.to_ieee_bv(fpToFP(RNE(), v1))))
      riscv : fp.to_ieee_bv(fpToFP(Extract(63, 0, v0)) * fpToFP(fp.to_ieee_bv(fpToFP(RNE(), v1))))
[166/507] c/op_185
      EQUAL_BY_Z3                answer width 64
      x86   : If(Extract(31, 0, v0) == 0, 0, v1)
      riscv : If(v0 == 0, 0, v1)
[167/507] c/op_186
      NotModeled: ASSEMBLY_REFUSED: /tmp/sl1_lifter/body.S:3:5: error: instruction requires the following: 'Zcb' (Compressed basic bit manipulation instructions)
    c.mul a0, a1
    ^
 (line 'c.mul a0, a1')
[168/507] c/op_187
      NotModeled: ASSEMBLY_REFUSED: /tmp/sl1_lifter/body.S:3:5: error: instruction requires the following: 'Zcb' (Compressed basic bit manipulation instructions)
    c.mul a0, a1
    ^
 (line 'c.mul a0, a1')
[169/507] c/op_188
      NotModeled: ASSEMBLY_REFUSED: /tmp/sl1_lifter/body.S:3:5: error: instruction requires the following: 'Zcb' (Compressed basic bit manipulation instructions)
    c.mul a0, a1
    ^
 (line 'c.mul a0, a1')
[170/507] c/op_189
      UNDECIDED                  answer width 32
      x86   : fp.to_ieee_bv(fpToFP(Extract(31, 0, v0)) * fpToFP(fp.to_ieee_bv(fpToFP(RNE(), v1))))
      riscv : fp.to_ieee_bv(fpToFP(fp.to_ieee_bv(fpToFPUnsigned(RNE(), v1))) * fpToFP(If(Extract(63, 32, v0) == 4294967295, Extract(31, 0, v0), 2143289344)))
[171/507] c/op_190
      UNDECIDED                  answer width 64
      x86   : fp.to_ieee_bv(fpToFP(Extract(63, 0, v3)) * fpToFP(fp.to_ieee_bv(fpToFP(fp.to_ieee_bv(-fpToFP(Extract(127, 64, v0)) + fpToFP(Concat(Extract(63, 32, v1), Extract(63, 32, v2))))) + fpToFP(fp.to_ieee_bv(-fpToFP(Extract(63, 0, v0)) + fpToFP(Concat(Extract(31, 0, v1), Extract(31, 0, v2))))))))
      riscv : fp.to_ieee_bv(fpToFP(Extract(63, 0, v0)) * fpToFP(fp.to_ieee_bv(fpToFPUnsigned(RNE(), v1))))
[172/507] c/op_191
      EQUAL_BY_Z3                answer width 64
      x86   : If(Extract(31, 0, v0) == 0, 0, v1)
      riscv : If(v0 == 0, 0, v1)
[173/507] c/op_192
      UNDECIDED                  answer width 32
      x86   : fp.to_ieee_bv(fpToFP(Extract(31, 0, v1)) * fpToFP(fp.to_ieee_bv(fpToFP(RNE(), Extract(31, 0, v0)))))
      riscv : fp.to_ieee_bv(fpToFP(fp.to_ieee_bv(fpToFP(RNE(), Extract(31, 0, v0)))) * fpToFP(If(Extract(63, 32, v1) == 4294967295, Extract(31, 0, v1), 2143289344)))
[174/507] c/op_193
      DIFFER                     answer width 32
      x86   : fp.to_ieee_bv(fpToFP(Extract(31, 0, v0)) * fpToFP(fp.to_ieee_bv(fpToFP(RNE(), v1))))
      riscv : fp.to_ieee_bv(fpToFP(fp.to_ieee_bv(fpToFP(RNE(), v1))) * fpToFP(If(Extract(63, 32, v0) == 4294967295, Extract(31, 0, v0), 2143289344)))
      counterexample: {'arg1': '0', 'arg0': '16825788202424991744', 'fp.to_ieee_bv': '[NaN -> 4289349440, else -> fp.to_ieee_bv(Var(0))]'}
[175/507] c/op_194
      DIFFER                     answer width 32
      x86   : fp.to_ieee_bv(fpToFP(Extract(31, 0, v0)) * fpToFP(fp.to_ieee_bv(fpToFP(RNE(), v1))))
      riscv : fp.to_ieee_bv(fpToFP(fp.to_ieee_bv(fpToFPUnsigned(RNE(), v1))) * fpToFP(If(Extract(63, 32, v0) == 4294967295, Extract(31, 0, v0), 2143289344)))
      counterexample: {'arg1': '18443173684844691456', 'arg0': '1604538228', 'fp.to_ieee_bv': '[NaN -> 2147386786, else -> fp.to_ieee_bv(Var(0))]'}
[176/507] c/op_195
      DIFFER                     answer width 32
      x86   : fp.to_ieee_bv(fpToFP(Extract(31, 0, v0)) * fpToFP(Extract(31, 0, v1)))
      riscv : fp.to_ieee_bv(fpToFP(If(Extract(63, 32, v0) == 4294967295, Extract(31, 0, v0), 2143289344)) * fpToFP(If(Extract(63, 32, v1) == 4294967295, Extract(31, 0, v1), 2143289344)))
      counterexample: {'arg0': '6899003147918770176', 'arg1': '3925075356914127946', 'fp.to_ieee_bv': '[NaN -> 2143315987, else -> fp.to_ieee_bv(Var(0))]'}
[177/507] c/op_196
      DIFFER                     answer width 64
      x86   : fp.to_ieee_bv(fpToFP(Extract(63, 0, v1)) * fpToFP(fp.to_ieee_bv(fpToFP(RNE(), fpToFP(Extract(31, 0, v0))))))
      riscv : fp.to_ieee_bv(fpToFP(Extract(63, 0, v1)) * fpToFP(fp.to_ieee_bv(fpToFP(RNE(), fpToFP(If(Extract(63, 32, v0) == 4294967295, Extract(31, 0, v0), 2143289344))))))
      counterexample: {'arg0': '18428729675160223745', 'arg1': '9223407221321950656', 'fp.to_ieee_bv': '[NaN -> 18442240474082190682, else -> fp.to_ieee_bv(Var(0))]'}
[178/507] c/op_197
      DIFFER                     answer width 32
      x86   : fp.to_ieee_bv(fpToFP(Extract(31, 0, v1)) * fpToFP(fp.to_ieee_bv(fpToFP(RNE(), Extract(31, 0, v0)))))
      riscv : fp.to_ieee_bv(fpToFP(fp.to_ieee_bv(fpToFPUnsigned(RNE(), Extract(31, 0, v0)))) * fpToFP(If(Extract(63, 32, v1) == 4294967295, Extract(31, 0, v1), 2143289344)))
      counterexample: {'arg1': '1', 'arg0': '2960447835062075372', 'fp.to_ieee_bv': '[NaN -> 2139947027, else -> fp.to_ieee_bv(Var(0))]'}
[179/507] c/op_198
      IDENTICAL_AFTER_NORMALIZE  answer width 64
      x86   : fp.to_ieee_bv(fpToFP(Extract(63, 0, v1)) * fpToFP(fp.to_ieee_bv(fpToFP(RNE(), Extract(31, 0, v0)))))
      riscv : fp.to_ieee_bv(fpToFP(Extract(63, 0, v1)) * fpToFP(fp.to_ieee_bv(fpToFP(RNE(), Extract(31, 0, v0)))))
[180/507] c/op_199
      IDENTICAL_AFTER_NORMALIZE  answer width 64
      x86   : fp.to_ieee_bv(fpToFP(Extract(63, 0, v0)) * fpToFP(fp.to_ieee_bv(fpToFP(RNE(), v1))))
      riscv : fp.to_ieee_bv(fpToFP(Extract(63, 0, v0)) * fpToFP(fp.to_ieee_bv(fpToFP(RNE(), v1))))
[181/507] c/op_200
      UNDECIDED                  answer width 64
      x86   : fp.to_ieee_bv(fpToFP(Extract(63, 0, v3)) * fpToFP(fp.to_ieee_bv(fpToFP(fp.to_ieee_bv(-fpToFP(Extract(127, 64, v0)) + fpToFP(Concat(Extract(63, 32, v1), Extract(63, 32, v2))))) + fpToFP(fp.to_ieee_bv(-fpToFP(Extract(63, 0, v0)) + fpToFP(Concat(Extract(31, 0, v1), Extract(31, 0, v2))))))))
      riscv : fp.to_ieee_bv(fpToFP(Extract(63, 0, v0)) * fpToFP(fp.to_ieee_bv(fpToFPUnsigned(RNE(), v1))))
[182/507] c/op_201
      UNDECIDED                  answer width 64
      x86   : fp.to_ieee_bv(fpToFP(Extract(63, 0, v1)) * fpToFP(fp.to_ieee_bv(fpToFP(RNE(), fpToFP(Extract(31, 0, v0))))))
      riscv : fp.to_ieee_bv(fpToFP(Extract(63, 0, v1)) * fpToFP(fp.to_ieee_bv(fpToFP(RNE(), fpToFP(If(Extract(63, 32, v0) == 4294967295, Extract(31, 0, v0), 2143289344))))))
[183/507] c/op_202
      IDENTICAL_AFTER_NORMALIZE  answer width 64
      x86   : fp.to_ieee_bv(fpToFP(Extract(63, 0, v0)) * fpToFP(Extract(63, 0, v1)))
      riscv : fp.to_ieee_bv(fpToFP(Extract(63, 0, v0)) * fpToFP(Extract(63, 0, v1)))
[184/507] c/op_203
      EQUAL_BY_Z3                answer width 64
      x86   : fp.to_ieee_bv(fpToFP(Extract(63, 0, v1)) * fpToFP(fp.to_ieee_bv(fpToFP(RNE(), Extract(31, 0, v0)))))
      riscv : fp.to_ieee_bv(fpToFP(Extract(63, 0, v1)) * fpToFP(fp.to_ieee_bv(fpToFPUnsigned(RNE(), Extract(31, 0, v0)))))
[185/507] c/op_204
      EQUAL_BY_Z3                answer width 32
      x86   : If(Extract(31, 0, v0) == 0, Extract(31, 0, v0), Extract(31, 0, v1))
      riscv : If(v0 == 0, 0, Extract(31, 0, v1))
[186/507] c/op_205
      EQUAL_BY_Z3                answer width 64
      x86   : If(Extract(31, 0, v0) == 0, 0, v1)
      riscv : If(v0 == 0, 0, v1)
[187/507] c/op_206
      EQUAL_BY_Z3                answer width 64
      x86   : If(Extract(31, 0, v0) == 0, 0, v1)
      riscv : If(v0 == 0, 0, v1)
[188/507] c/op_207
      DIFFER                     answer width 32
      x86   : fp.to_ieee_bv(fpToFP(Extract(31, 0, v1)) * fpToFP(fp.to_ieee_bv(fpToFP(RNE(), Extract(31, 0, v0)))))
      riscv : fp.to_ieee_bv(fpToFP(fp.to_ieee_bv(fpToFPUnsigned(RNE(), Extract(31, 0, v0)))) * fpToFP(If(Extract(63, 32, v1) == 4294967295, Extract(31, 0, v1), 2143289344)))
      counterexample: {'arg0': '1', 'arg1': '18446743794536677376', 'fp.to_ieee_bv': '[NaN -> 4292111475, else -> fp.to_ieee_bv(Var(0))]'}
[189/507] c/op_208
      EQUAL_BY_Z3                answer width 64
      x86   : fp.to_ieee_bv(fpToFP(Extract(63, 0, v1)) * fpToFP(fp.to_ieee_bv(fpToFP(RNE(), Extract(31, 0, v0)))))
      riscv : fp.to_ieee_bv(fpToFP(Extract(63, 0, v1)) * fpToFP(fp.to_ieee_bv(fpToFPUnsigned(RNE(), Extract(31, 0, v0)))))
[190/507] c/op_209
      IDENTICAL_AFTER_NORMALIZE  answer width 32
      x86   : ~(~Extract(31, 0, v0) | ~Extract(31, 0, v1))
      riscv : ~(~Extract(31, 0, v0) | ~Extract(31, 0, v1))
[191/507] c/op_210
      DIFFER                     answer width 32
      x86   : Extract(31, 0, bvsdiv_i(Concat(Extract(31, 0, v0) >> 31, Extract(31, 0, v0)), Concat(Extract(31, 31, v1), Extract(31, 31, v1), Extract(31, 31, v1), Extract(31, 31, v1), Extract(31, 31, v1), Extract(31, 31, v1), Extract(31, 31, v1), Extract(31, 31, v1), Extract(31, 31, v1), Extract(31, 31, v1), Extract(31, 31, v1), Extract(31, 31, v1), Extract(31, 31, v1), Extract(31, 31, v1), Extract(31, 31, v1), Extract(31, 31, v1), Extract(31, 31, v1), Extract(31, 31, v1), Extract(31, 31, v1), Extract(31, 31, v1), Extract(31, 31, v1), Extract(31, 31, v1), Extract(31, 31, v1), Extract(31, 31, v1), Extract(31, 31, v1), Extract(31, 31, v1), Extract(31, 31, v1), Extract(31, 31, v1), Extract(31, 31, v1), Extract(31, 31, v1), Extract(31, 31, v1), Extract(31, 31, v1), Extract(31, 0, v1))))
      riscv : If(2147483648 <= If(And(Extract(31, 0, v1) == 0, Extract(31, 31, v1) == 0), 5444517870735015415413993718908291383295, bvsdiv_i(Concat(Extract(31, 31, v0), Extract(31, 31, v0), Extract(31, 31, v0), Extract(31, 31, v0), Extract(31, 31, v0), Extract(31, 31, v0), Extract(31, 31, v0), Extract(31, 31, v0), Extract(31, 31, v0), Extract(31, 31, v0), Extract(31, 31, v0), Extract(31, 31, v0), Extract(31, 31, v0), Extract(31, 31, v0), Extract(31, 31, v0), Extract(31, 31, v0), Extract(31, 31, v0), Extract(31, 31, v0), Extract(31, 31, v0), Extract(31, 31, v0), Extract(31, 31, v0), Extract(31, 31, v0), Extract(31, 31, v0), Extract(31, 31, v0), Extract(31, 31, v0), Extract(31, 31, v0), Extract(31, 31, v0), Extract(31, 31, v0), Extract(31, 31, v0), Extract(31, 31, v0), Extract(31, 31, v0), Extract(31, 31, v0), Extract(31, 31, v0), Extract(31, 31, v0), Extract(31, 31, v0), Extract(31, 31, v0), Extract(31, 31, v0), Extract(31, 31, v0), Extract(31, 31, v0), Extract(31, 31, v0), Extract(31, 31, v0), Extract(31, 31, v0), Extract(31, 31, v0), Extract(31, 31, v0), Extract(31, 31, v0), Extract(31, 31, v0), Extract(31, 31, v0), Extract(31, 31, v0), Extract(31, 31, v0), Extract(31, 31, v0), Extract(31, 31, v0), Extract(31, 31, v0), Extract(31, 31, v0), Extract(31, 31, v0), Extract(31, 31, v0), Extract(31, 31, v0), Extract(31, 31, v0), Extract(31, 31, v0), Extract(31, 31, v0), Extract(31, 31, v0), Extract(31, 31, v0), Extract(31, 31, v0), Extract(31, 31, v0), Extract(31, 31, v0), Extract(31, 31, v0), Extract(31, 31, v0), Extract(31, 31, v0), Extract(31, 31, v0), Extract(31, 31, v0), Extract(31, 31, v0), Extract(31, 31, v0), Extract(31, 31, v0), Extract(31, 31, v0), Extract(31, 31, v0), Extract(31, 31, v0), Extract(31, 31, v0), Extract(31, 31, v0), Extract(31, 31, v0), Extract(31, 31, v0), Extract(31, 31, v0), Extract(31, 31, v0), Extract(31, 31, v0), Extract(31, 31, v0), Extract(31, 31, v0), Extract(31, 31, v0), Extract(31, 31, v0), Extract(31, 31, v0), Extract(31, 31, v0), Extract(31, 31, v0), Extract(31, 31, v0), Extract(31, 31, v0), Extract(31, 31, v0), Extract(31, 31, v0), Extract(31, 31, v0), Extract(31, 31, v0), Extract(31, 31, v0), Extract(31, 31, v0), Extract(31, 31, v0), Extract(31, 31, v0), Extract(31, 31, v0), Extract(31, 0, v0)), Concat(Extract(31, 31, v1), Extract(31, 31, v1), Extract(31, 31, v1), Extract(31, 31, v1), Extract(31, 31, v1), Extract(31, 31, v1), Extract(31, 31, v1), Extract(31, 31, v1), Extract(31, 31, v1), Extract(31, 31, v1), Extract(31, 31, v1), Extract(31, 31, v1), Extract(31, 31, v1), Extract(31, 31, v1), Extract(31, 31, v1), Extract(31, 31, v1), Extract(31, 31, v1), Extract(31, 31, v1), Extract(31, 31, v1), Extract(31, 31, v1), Extract(31, 31, v1), Extract(31, 31, v1), Extract(31, 31, v1), Extract(31, 31, v1), Extract(31, 31, v1), Extract(31, 31, v1), Extract(31, 31, v1), Extract(31, 31, v1), Extract(31, 31, v1), Extract(31, 31, v1), Extract(31, 31, v1), Extract(31, 31, v1), Extract(31, 31, v1), Extract(31, 31, v1), Extract(31, 31, v1), Extract(31, 31, v1), Extract(31, 31, v1), Extract(31, 31, v1), Extract(31, 31, v1), Extract(31, 31, v1), Extract(31, 31, v1), Extract(31, 31, v1), Extract(31, 31, v1), Extract(31, 31, v1), Extract(31, 31, v1), Extract(31, 31, v1), Extract(31, 31, v1), Extract(31, 31, v1), Extract(31, 31, v1), Extract(31, 31, v1), Extract(31, 31, v1), Extract(31, 31, v1), Extract(31, 31, v1), Extract(31, 31, v1), Extract(31, 31, v1), Extract(31, 31, v1), Extract(31, 31, v1), Extract(31, 31, v1), Extract(31, 31, v1), Extract(31, 31, v1), Extract(31, 31, v1), Extract(31, 31, v1), Extract(31, 31, v1), Extract(31, 31, v1), Extract(31, 31, v1), Extract(31, 31, v1), Extract(31, 31, v1), Extract(31, 31, v1), Extract(31, 31, v1), Extract(31, 31, v1), Extract(31, 31, v1), Extract(31, 31, v1), Extract(31, 31, v1), Extract(31, 31, v1), Extract(31, 31, v1), Extract(31, 31, v1), Extract(31, 31, v1), Extract(31, 31, v1), Extract(31, 31, v1), Extract(31, 31, v1), Extract(31, 31, v1), Extract(31, 31, v1), Extract(31, 31, v1), Extract(31, 31, v1), Extract(31, 31, v1), Extract(31, 31, v1), Extract(31, 31, v1), Extract(31, 31, v1), Extract(31, 31, v1), Extract(31, 31, v1), Extract(31, 31, v1), Extract(31, 31, v1), Extract(31, 31, v1), Extract(31, 31, v1), Extract(31, 31, v1), Extract(31, 31, v1), Extract(31, 31, v1), Extract(31, 31, v1), Extract(31, 31, v1), Extract(31, 31, v1), Extract(31, 0, v1)))), 2147483648, If(And(Extract(31, 0, v1) == 0, Extract(31, 31, v1) == 0), 4294967295, Extract(31, 0, bvsdiv_i(Concat(Extract(31, 31, v0), Extract(31, 31, v0), Extract(31, 31, v0), Extract(31, 31, v0), Extract(31, 31, v0), Extract(31, 31, v0), Extract(31, 31, v0), Extract(31, 31, v0), Extract(31, 31, v0), Extract(31, 31, v0), Extract(31, 31, v0), Extract(31, 31, v0), Extract(31, 31, v0), Extract(31, 31, v0), Extract(31, 31, v0), Extract(31, 31, v0), Extract(31, 31, v0), Extract(31, 31, v0), Extract(31, 31, v0), Extract(31, 31, v0), Extract(31, 31, v0), Extract(31, 31, v0), Extract(31, 31, v0), Extract(31, 31, v0), Extract(31, 31, v0), Extract(31, 31, v0), Extract(31, 31, v0), Extract(31, 31, v0), Extract(31, 31, v0), Extract(31, 31, v0), Extract(31, 31, v0), Extract(31, 31, v0), Extract(31, 31, v0), Extract(31, 31, v0), Extract(31, 31, v0), Extract(31, 31, v0), Extract(31, 31, v0), Extract(31, 31, v0), Extract(31, 31, v0), Extract(31, 31, v0), Extract(31, 31, v0), Extract(31, 31, v0), Extract(31, 31, v0), Extract(31, 31, v0), Extract(31, 31, v0), Extract(31, 31, v0), Extract(31, 31, v0), Extract(31, 31, v0), Extract(31, 31, v0), Extract(31, 31, v0), Extract(31, 31, v0), Extract(31, 31, v0), Extract(31, 31, v0), Extract(31, 31, v0), Extract(31, 31, v0), Extract(31, 31, v0), Extract(31, 31, v0), Extract(31, 31, v0), Extract(31, 31, v0), Extract(31, 31, v0), Extract(31, 31, v0), Extract(31, 31, v0), Extract(31, 31, v0), Extract(31, 31, v0), Extract(31, 31, v0), Extract(31, 31, v0), Extract(31, 31, v0), Extract(31, 31, v0), Extract(31, 31, v0), Extract(31, 31, v0), Extract(31, 31, v0), Extract(31, 31, v0), Extract(31, 31, v0), Extract(31, 31, v0), Extract(31, 31, v0), Extract(31, 31, v0), Extract(31, 31, v0), Extract(31, 31, v0), Extract(31, 31, v0), Extract(31, 31, v0), Extract(31, 31, v0), Extract(31, 31, v0), Extract(31, 31, v0), Extract(31, 31, v0), Extract(31, 31, v0), Extract(31, 31, v0), Extract(31, 31, v0), Extract(31, 31, v0), Extract(31, 31, v0), Extract(31, 31, v0), Extract(31, 31, v0), Extract(31, 31, v0), Extract(31, 31, v0), Extract(31, 31, v0), Extract(31, 31, v0), Extract(31, 31, v0), Extract(31, 31, v0), Extract(31, 31, v0), Extract(31, 31, v0), Extract(31, 31, v0), Extract(31, 0, v0)), Concat(Extract(31, 31, v1), Extract(31, 31, v1), Extract(31, 31, v1), Extract(31, 31, v1), Extract(31, 31, v1), Extract(31, 31, v1), Extract(31, 31, v1), Extract(31, 31, v1), Extract(31, 31, v1), Extract(31, 31, v1), Extract(31, 31, v1), Extract(31, 31, v1), Extract(31, 31, v1), Extract(31, 31, v1), Extract(31, 31, v1), Extract(31, 31, v1), Extract(31, 31, v1), Extract(31, 31, v1), Extract(31, 31, v1), Extract(31, 31, v1), Extract(31, 31, v1), Extract(31, 31, v1), Extract(31, 31, v1), Extract(31, 31, v1), Extract(31, 31, v1), Extract(31, 31, v1), Extract(31, 31, v1), Extract(31, 31, v1), Extract(31, 31, v1), Extract(31, 31, v1), Extract(31, 31, v1), Extract(31, 31, v1), Extract(31, 31, v1), Extract(31, 31, v1), Extract(31, 31, v1), Extract(31, 31, v1), Extract(31, 31, v1), Extract(31, 31, v1), Extract(31, 31, v1), Extract(31, 31, v1), Extract(31, 31, v1), Extract(31, 31, v1), Extract(31, 31, v1), Extract(31, 31, v1), Extract(31, 31, v1), Extract(31, 31, v1), Extract(31, 31, v1), Extract(31, 31, v1), Extract(31, 31, v1), Extract(31, 31, v1), Extract(31, 31, v1), Extract(31, 31, v1), Extract(31, 31, v1), Extract(31, 31, v1), Extract(31, 31, v1), Extract(31, 31, v1), Extract(31, 31, v1), Extract(31, 31, v1), Extract(31, 31, v1), Extract(31, 31, v1), Extract(31, 31, v1), Extract(31, 31, v1), Extract(31, 31, v1), Extract(31, 31, v1), Extract(31, 31, v1), Extract(31, 31, v1), Extract(31, 31, v1), Extract(31, 31, v1), Extract(31, 31, v1), Extract(31, 31, v1), Extract(31, 31, v1), Extract(31, 31, v1), Extract(31, 31, v1), Extract(31, 31, v1), Extract(31, 31, v1), Extract(31, 31, v1), Extract(31, 31, v1), Extract(31, 31, v1), Extract(31, 31, v1), Extract(31, 31, v1), Extract(31, 31, v1), Extract(31, 31, v1), Extract(31, 31, v1), Extract(31, 31, v1), Extract(31, 31, v1), Extract(31, 31, v1), Extract(31, 31, v1), Extract(31, 31, v1), Extract(31, 31, v1), Extract(31, 31, v1), Extract(31, 31, v1), Extract(31, 31, v1), Extract(31, 31, v1), Extract(31, 31, v1), Extract(31, 31, v1), Extract(31, 31, v1), Extract(31, 31, v1), Extract(31, 31, v1), Extract(31, 31, v1), Extract(31, 31, v1), Extract(31, 0, v1))))))
      counterexample: {'arg1': '0', 'arg0': '18446744071562067968'}
[192/507] c/op_211
      UNDECIDED                  answer width 64
      x86   : Extract(63, 0, bvsdiv_i(Concat(Concat(Extract(31, 31, v0), Extract(31, 31, v0), Extract(31, 31, v0), Extract(31, 31, v0), Extract(31, 31, v0), Extract(31, 31, v0), Extract(31, 31, v0), Extract(31, 31, v0), Extract(31, 31, v0), Extract(31, 31, v0), Extract(31, 31, v0), Extract(31, 31, v0), Extract(31, 31, v0), Extract(31, 31, v0), Extract(31, 31, v0), Extract(31, 31, v0), Extract(31, 31, v0), Extract(31, 31, v0), Extract(31, 31, v0), Extract(31, 31, v0), Extract(31, 31, v0), Extract(31, 31, v0), Extract(31, 31, v0), Extract(31, 31, v0), Extract(31, 31, v0), Extract(31, 31, v0), Extract(31, 31, v0), Extract(31, 31, v0), Extract(31, 31, v0), Extract(31, 31, v0), Extract(31, 31, v0), Extract(31, 31, v0), Extract(31, 0, v0)) >> 63, Extract(31, 31, v0), Extract(31, 31, v0), Extract(31, 31, v0), Extract(31, 31, v0), Extract(31, 31, v0), Extract(31, 31, v0), Extract(31, 31, v0), Extract(31, 31, v0), Extract(31, 31, v0), Extract(31, 31, v0), Extract(31, 31, v0), Extract(31, 31, v0), Extract(31, 31, v0), Extract(31, 31, v0), Extract(31, 31, v0), Extract(31, 31, v0), Extract(31, 31, v0), Extract(31, 31, v0), Extract(31, 31, v0), Extract(31, 31, v0), Extract(31, 31, v0), Extract(31, 31, v0), Extract(31, 31, v0), Extract(31, 31, v0), Extract(31, 31, v0), Extract(31, 31, v0), Extract(31, 31, v0), Extract(31, 31, v0), Extract(31, 31, v0), Extract(31, 31, v0), Extract(31, 31, v0), Extract(31, 31, v0), Extract(31, 0, v0)), Concat(Extract(63, 63, v1), Extract(63, 63, v1), Extract(63, 63, v1), Extract(63, 63, v1), Extract(63, 63, v1), Extract(63, 63, v1), Extract(63, 63, v1), Extract(63, 63, v1), Extract(63, 63, v1), Extract(63, 63, v1), Extract(63, 63, v1), Extract(63, 63, v1), Extract(63, 63, v1), Extract(63, 63, v1), Extract(63, 63, v1), Extract(63, 63, v1), Extract(63, 63, v1), Extract(63, 63, v1), Extract(63, 63, v1), Extract(63, 63, v1), Extract(63, 63, v1), Extract(63, 63, v1), Extract(63, 63, v1), Extract(63, 63, v1), Extract(63, 63, v1), Extract(63, 63, v1), Extract(63, 63, v1), Extract(63, 63, v1), Extract(63, 63, v1), Extract(63, 63, v1), Extract(63, 63, v1), Extract(63, 63, v1), Extract(63, 63, v1), Extract(63, 63, v1), Extract(63, 63, v1), Extract(63, 63, v1), Extract(63, 63, v1), Extract(63, 63, v1), Extract(63, 63, v1), Extract(63, 63, v1), Extract(63, 63, v1), Extract(63, 63, v1), Extract(63, 63, v1), Extract(63, 63, v1), Extract(63, 63, v1), Extract(63, 63, v1), Extract(63, 63, v1), Extract(63, 63, v1), Extract(63, 63, v1), Extract(63, 63, v1), Extract(63, 63, v1), Extract(63, 63, v1), Extract(63, 63, v1), Extract(63, 63, v1), Extract(63, 63, v1), Extract(63, 63, v1), Extract(63, 63, v1), Extract(63, 63, v1), Extract(63, 63, v1), Extract(63, 63, v1), Extract(63, 63, v1), Extract(63, 63, v1), Extract(63, 63, v1), Extract(63, 63, v1), v1)))
      riscv : If(9223372036854775808 <= If(And(Extract(63, 63, v1) == 0, v1 == 0), 5444517870735015415413993718908291383295, bvsdiv_i(Concat(Extract(63, 63, v0), Extract(63, 63, v0), Extract(63, 63, v0), Extract(63, 63, v0), Extract(63, 63, v0), Extract(63, 63, v0), Extract(63, 63, v0), Extract(63, 63, v0), Extract(63, 63, v0), Extract(63, 63, v0), Extract(63, 63, v0), Extract(63, 63, v0), Extract(63, 63, v0), Extract(63, 63, v0), Extract(63, 63, v0), Extract(63, 63, v0), Extract(63, 63, v0), Extract(63, 63, v0), Extract(63, 63, v0), Extract(63, 63, v0), Extract(63, 63, v0), Extract(63, 63, v0), Extract(63, 63, v0), Extract(63, 63, v0), Extract(63, 63, v0), Extract(63, 63, v0), Extract(63, 63, v0), Extract(63, 63, v0), Extract(63, 63, v0), Extract(63, 63, v0), Extract(63, 63, v0), Extract(63, 63, v0), Extract(63, 63, v0), Extract(63, 63, v0), Extract(63, 63, v0), Extract(63, 63, v0), Extract(63, 63, v0), Extract(63, 63, v0), Extract(63, 63, v0), Extract(63, 63, v0), Extract(63, 63, v0), Extract(63, 63, v0), Extract(63, 63, v0), Extract(63, 63, v0), Extract(63, 63, v0), Extract(63, 63, v0), Extract(63, 63, v0), Extract(63, 63, v0), Extract(63, 63, v0), Extract(63, 63, v0), Extract(63, 63, v0), Extract(63, 63, v0), Extract(63, 63, v0), Extract(63, 63, v0), Extract(63, 63, v0), Extract(63, 63, v0), Extract(63, 63, v0), Extract(63, 63, v0), Extract(63, 63, v0), Extract(63, 63, v0), Extract(63, 63, v0), Extract(63, 63, v0), Extract(63, 63, v0), Extract(63, 63, v0), Extract(63, 63, v0), Extract(63, 63, v0), Extract(63, 63, v0), Extract(63, 63, v0), v0), Concat(Extract(63, 63, v1), Extract(63, 63, v1), Extract(63, 63, v1), Extract(63, 63, v1), Extract(63, 63, v1), Extract(63, 63, v1), Extract(63, 63, v1), Extract(63, 63, v1), Extract(63, 63, v1), Extract(63, 63, v1), Extract(63, 63, v1), Extract(63, 63, v1), Extract(63, 63, v1), Extract(63, 63, v1), Extract(63, 63, v1), Extract(63, 63, v1), Extract(63, 63, v1), Extract(63, 63, v1), Extract(63, 63, v1), Extract(63, 63, v1), Extract(63, 63, v1), Extract(63, 63, v1), Extract(63, 63, v1), Extract(63, 63, v1), Extract(63, 63, v1), Extract(63, 63, v1), Extract(63, 63, v1), Extract(63, 63, v1), Extract(63, 63, v1), Extract(63, 63, v1), Extract(63, 63, v1), Extract(63, 63, v1), Extract(63, 63, v1), Extract(63, 63, v1), Extract(63, 63, v1), Extract(63, 63, v1), Extract(63, 63, v1), Extract(63, 63, v1), Extract(63, 63, v1), Extract(63, 63, v1), Extract(63, 63, v1), Extract(63, 63, v1), Extract(63, 63, v1), Extract(63, 63, v1), Extract(63, 63, v1), Extract(63, 63, v1), Extract(63, 63, v1), Extract(63, 63, v1), Extract(63, 63, v1), Extract(63, 63, v1), Extract(63, 63, v1), Extract(63, 63, v1), Extract(63, 63, v1), Extract(63, 63, v1), Extract(63, 63, v1), Extract(63, 63, v1), Extract(63, 63, v1), Extract(63, 63, v1), Extract(63, 63, v1), Extract(63, 63, v1), Extract(63, 63, v1), Extract(63, 63, v1), Extract(63, 63, v1), Extract(63, 63, v1), Extract(63, 63, v1), Extract(63, 63, v1), Extract(63, 63, v1), Extract(63, 63, v1), v1))), 9223372036854775808, If(And(Extract(63, 63, v1) == 0, v1 == 0), 18446744073709551615, Extract(63, 0, bvsdiv_i(Concat(Extract(63, 63, v0), Extract(63, 63, v0), Extract(63, 63, v0), Extract(63, 63, v0), Extract(63, 63, v0), Extract(63, 63, v0), Extract(63, 63, v0), Extract(63, 63, v0), Extract(63, 63, v0), Extract(63, 63, v0), Extract(63, 63, v0), Extract(63, 63, v0), Extract(63, 63, v0), Extract(63, 63, v0), Extract(63, 63, v0), Extract(63, 63, v0), Extract(63, 63, v0), Extract(63, 63, v0), Extract(63, 63, v0), Extract(63, 63, v0), Extract(63, 63, v0), Extract(63, 63, v0), Extract(63, 63, v0), Extract(63, 63, v0), Extract(63, 63, v0), Extract(63, 63, v0), Extract(63, 63, v0), Extract(63, 63, v0), Extract(63, 63, v0), Extract(63, 63, v0), Extract(63, 63, v0), Extract(63, 63, v0), Extract(63, 63, v0), Extract(63, 63, v0), Extract(63, 63, v0), Extract(63, 63, v0), Extract(63, 63, v0), Extract(63, 63, v0), Extract(63, 63, v0), Extract(63, 63, v0), Extract(63, 63, v0), Extract(63, 63, v0), Extract(63, 63, v0), Extract(63, 63, v0), Extract(63, 63, v0), Extract(63, 63, v0), Extract(63, 63, v0), Extract(63, 63, v0), Extract(63, 63, v0), Extract(63, 63, v0), Extract(63, 63, v0), Extract(63, 63, v0), Extract(63, 63, v0), Extract(63, 63, v0), Extract(63, 63, v0), Extract(63, 63, v0), Extract(63, 63, v0), Extract(63, 63, v0), Extract(63, 63, v0), Extract(63, 63, v0), Extract(63, 63, v0), Extract(63, 63, v0), Extract(63, 63, v0), Extract(63, 63, v0), Extract(63, 63, v0), Extract(63, 63, v0), Extract(63, 63, v0), Extract(63, 63, v0), v0), Concat(Extract(63, 63, v1), Extract(63, 63, v1), Extract(63, 63, v1), Extract(63, 63, v1), Extract(63, 63, v1), Extract(63, 63, v1), Extract(63, 63, v1), Extract(63, 63, v1), Extract(63, 63, v1), Extract(63, 63, v1), Extract(63, 63, v1), Extract(63, 63, v1), Extract(63, 63, v1), Extract(63, 63, v1), Extract(63, 63, v1), Extract(63, 63, v1), Extract(63, 63, v1), Extract(63, 63, v1), Extract(63, 63, v1), Extract(63, 63, v1), Extract(63, 63, v1), Extract(63, 63, v1), Extract(63, 63, v1), Extract(63, 63, v1), Extract(63, 63, v1), Extract(63, 63, v1), Extract(63, 63, v1), Extract(63, 63, v1), Extract(63, 63, v1), Extract(63, 63, v1), Extract(63, 63, v1), Extract(63, 63, v1), Extract(63, 63, v1), Extract(63, 63, v1), Extract(63, 63, v1), Extract(63, 63, v1), Extract(63, 63, v1), Extract(63, 63, v1), Extract(63, 63, v1), Extract(63, 63, v1), Extract(63, 63, v1), Extract(63, 63, v1), Extract(63, 63, v1), Extract(63, 63, v1), Extract(63, 63, v1), Extract(63, 63, v1), Extract(63, 63, v1), Extract(63, 63, v1), Extract(63, 63, v1), Extract(63, 63, v1), Extract(63, 63, v1), Extract(63, 63, v1), Extract(63, 63, v1), Extract(63, 63, v1), Extract(63, 63, v1), Extract(63, 63, v1), Extract(63, 63, v1), Extract(63, 63, v1), Extract(63, 63, v1), Extract(63, 63, v1), Extract(63, 63, v1), Extract(63, 63, v1), Extract(63, 63, v1), Extract(63, 63, v1), Extract(63, 63, v1), Extract(63, 63, v1), Extract(63, 63, v1), Extract(63, 63, v1), v1)))))
[193/507] c/op_212
      UNDECIDED                  answer width 64
      x86   : Extract(63, 0, bvudiv_i(Concat(0, Extract(31, 31, v0), Extract(31, 31, v0), Extract(31, 31, v0), Extract(31, 31, v0), Extract(31, 31, v0), Extract(31, 31, v0), Extract(31, 31, v0), Extract(31, 31, v0), Extract(31, 31, v0), Extract(31, 31, v0), Extract(31, 31, v0), Extract(31, 31, v0), Extract(31, 31, v0), Extract(31, 31, v0), Extract(31, 31, v0), Extract(31, 31, v0), Extract(31, 31, v0), Extract(31, 31, v0), Extract(31, 31, v0), Extract(31, 31, v0), Extract(31, 31, v0), Extract(31, 31, v0), Extract(31, 31, v0), Extract(31, 31, v0), Extract(31, 31, v0), Extract(31, 31, v0), Extract(31, 31, v0), Extract(31, 31, v0), Extract(31, 31, v0), Extract(31, 31, v0), Extract(31, 31, v0), Extract(31, 31, v0), Extract(31, 0, v0)), Concat(0, v1)))
      riscv : If(v0 == 0, 18446744073709551615, Extract(63, 0, bvsdiv_i(Concat(0, v1), Concat(0, v0))))
[194/507] c/op_213
      UNDECIDED                  answer width 32
      x86   : fp.to_ieee_bv(fpToFP(fp.to_ieee_bv(fpToFP(RNE(), Extract(31, 0, v0)))) / fpToFP(Extract(31, 0, v1)))
      riscv : fp.to_ieee_bv(fpToFP(fp.to_ieee_bv(fpToFP(RNE(), Extract(31, 0, v0)))) / fpToFP(If(Extract(63, 32, v1) == 4294967295, Extract(31, 0, v1), 2143289344)))
[195/507] c/op_214
      IDENTICAL_AFTER_NORMALIZE  answer width 64
      x86   : fp.to_ieee_bv(fpToFP(fp.to_ieee_bv(fpToFP(RNE(), Extract(31, 0, v0)))) / fpToFP(Extract(63, 0, v1)))
      riscv : fp.to_ieee_bv(fpToFP(fp.to_ieee_bv(fpToFP(RNE(), Extract(31, 0, v0)))) / fpToFP(Extract(63, 0, v1)))
[196/507] c/op_215
      IDENTICAL_AFTER_NORMALIZE  answer width 32
      x86   : Extract(31, 0, v0)
      riscv : Extract(31, 0, v0)
[197/507] c/op_216
      UNDECIDED                  answer width 64
      x86   : Extract(63, 0, bvsdiv_i(Concat(v0 >> 63, v0), Concat(Extract(31, 31, v1), Extract(31, 31, v1), Extract(31, 31, v1), Extract(31, 31, v1), Extract(31, 31, v1), Extract(31, 31, v1), Extract(31, 31, v1), Extract(31, 31, v1), Extract(31, 31, v1), Extract(31, 31, v1), Extract(31, 31, v1), Extract(31, 31, v1), Extract(31, 31, v1), Extract(31, 31, v1), Extract(31, 31, v1), Extract(31, 31, v1), Extract(31, 31, v1), Extract(31, 31, v1), Extract(31, 31, v1), Extract(31, 31, v1), Extract(31, 31, v1), Extract(31, 31, v1), Extract(31, 31, v1), Extract(31, 31, v1), Extract(31, 31, v1), Extract(31, 31, v1), Extract(31, 31, v1), Extract(31, 31, v1), Extract(31, 31, v1), Extract(31, 31, v1), Extract(31, 31, v1), Extract(31, 31, v1), Extract(31, 31, v1), Extract(31, 31, v1), Extract(31, 31, v1), Extract(31, 31, v1), Extract(31, 31, v1), Extract(31, 31, v1), Extract(31, 31, v1), Extract(31, 31, v1), Extract(31, 31, v1), Extract(31, 31, v1), Extract(31, 31, v1), Extract(31, 31, v1), Extract(31, 31, v1), Extract(31, 31, v1), Extract(31, 31, v1), Extract(31, 31, v1), Extract(31, 31, v1), Extract(31, 31, v1), Extract(31, 31, v1), Extract(31, 31, v1), Extract(31, 31, v1), Extract(31, 31, v1), Extract(31, 31, v1), Extract(31, 31, v1), Extract(31, 31, v1), Extract(31, 31, v1), Extract(31, 31, v1), Extract(31, 31, v1), Extract(31, 31, v1), Extract(31, 31, v1), Extract(31, 31, v1), Extract(31, 31, v1), Extract(31, 31, v1), Extract(31, 31, v1), Extract(31, 31, v1), Extract(31, 31, v1), Extract(31, 31, v1), Extract(31, 31, v1), Extract(31, 31, v1), Extract(31, 31, v1), Extract(31, 31, v1), Extract(31, 31, v1), Extract(31, 31, v1), Extract(31, 31, v1), Extract(31, 31, v1), Extract(31, 31, v1), Extract(31, 31, v1), Extract(31, 31, v1), Extract(31, 31, v1), Extract(31, 31, v1), Extract(31, 31, v1), Extract(31, 31, v1), Extract(31, 31, v1), Extract(31, 31, v1), Extract(31, 31, v1), Extract(31, 31, v1), Extract(31, 31, v1), Extract(31, 31, v1), Extract(31, 31, v1), Extract(31, 31, v1), Extract(31, 31, v1), Extract(31, 31, v1), Extract(31, 31, v1), Extract(31, 31, v1), Extract(31, 0, v1))))
      riscv : If(9223372036854775808 <= If(And(Extract(63, 63, v1) == 0, v1 == 0), 5444517870735015415413993718908291383295, bvsdiv_i(Concat(Extract(63, 63, v0), Extract(63, 63, v0), Extract(63, 63, v0), Extract(63, 63, v0), Extract(63, 63, v0), Extract(63, 63, v0), Extract(63, 63, v0), Extract(63, 63, v0), Extract(63, 63, v0), Extract(63, 63, v0), Extract(63, 63, v0), Extract(63, 63, v0), Extract(63, 63, v0), Extract(63, 63, v0), Extract(63, 63, v0), Extract(63, 63, v0), Extract(63, 63, v0), Extract(63, 63, v0), Extract(63, 63, v0), Extract(63, 63, v0), Extract(63, 63, v0), Extract(63, 63, v0), Extract(63, 63, v0), Extract(63, 63, v0), Extract(63, 63, v0), Extract(63, 63, v0), Extract(63, 63, v0), Extract(63, 63, v0), Extract(63, 63, v0), Extract(63, 63, v0), Extract(63, 63, v0), Extract(63, 63, v0), Extract(63, 63, v0), Extract(63, 63, v0), Extract(63, 63, v0), Extract(63, 63, v0), Extract(63, 63, v0), Extract(63, 63, v0), Extract(63, 63, v0), Extract(63, 63, v0), Extract(63, 63, v0), Extract(63, 63, v0), Extract(63, 63, v0), Extract(63, 63, v0), Extract(63, 63, v0), Extract(63, 63, v0), Extract(63, 63, v0), Extract(63, 63, v0), Extract(63, 63, v0), Extract(63, 63, v0), Extract(63, 63, v0), Extract(63, 63, v0), Extract(63, 63, v0), Extract(63, 63, v0), Extract(63, 63, v0), Extract(63, 63, v0), Extract(63, 63, v0), Extract(63, 63, v0), Extract(63, 63, v0), Extract(63, 63, v0), Extract(63, 63, v0), Extract(63, 63, v0), Extract(63, 63, v0), Extract(63, 63, v0), Extract(63, 63, v0), Extract(63, 63, v0), Extract(63, 63, v0), Extract(63, 63, v0), v0), Concat(Extract(63, 63, v1), Extract(63, 63, v1), Extract(63, 63, v1), Extract(63, 63, v1), Extract(63, 63, v1), Extract(63, 63, v1), Extract(63, 63, v1), Extract(63, 63, v1), Extract(63, 63, v1), Extract(63, 63, v1), Extract(63, 63, v1), Extract(63, 63, v1), Extract(63, 63, v1), Extract(63, 63, v1), Extract(63, 63, v1), Extract(63, 63, v1), Extract(63, 63, v1), Extract(63, 63, v1), Extract(63, 63, v1), Extract(63, 63, v1), Extract(63, 63, v1), Extract(63, 63, v1), Extract(63, 63, v1), Extract(63, 63, v1), Extract(63, 63, v1), Extract(63, 63, v1), Extract(63, 63, v1), Extract(63, 63, v1), Extract(63, 63, v1), Extract(63, 63, v1), Extract(63, 63, v1), Extract(63, 63, v1), Extract(63, 63, v1), Extract(63, 63, v1), Extract(63, 63, v1), Extract(63, 63, v1), Extract(63, 63, v1), Extract(63, 63, v1), Extract(63, 63, v1), Extract(63, 63, v1), Extract(63, 63, v1), Extract(63, 63, v1), Extract(63, 63, v1), Extract(63, 63, v1), Extract(63, 63, v1), Extract(63, 63, v1), Extract(63, 63, v1), Extract(63, 63, v1), Extract(63, 63, v1), Extract(63, 63, v1), Extract(63, 63, v1), Extract(63, 63, v1), Extract(63, 63, v1), Extract(63, 63, v1), Extract(63, 63, v1), Extract(63, 63, v1), Extract(63, 63, v1), Extract(63, 63, v1), Extract(63, 63, v1), Extract(63, 63, v1), Extract(63, 63, v1), Extract(63, 63, v1), Extract(63, 63, v1), Extract(63, 63, v1), Extract(63, 63, v1), Extract(63, 63, v1), Extract(63, 63, v1), Extract(63, 63, v1), v1))), 9223372036854775808, If(And(Extract(63, 63, v1) == 0, v1 == 0), 18446744073709551615, Extract(63, 0, bvsdiv_i(Concat(Extract(63, 63, v0), Extract(63, 63, v0), Extract(63, 63, v0), Extract(63, 63, v0), Extract(63, 63, v0), Extract(63, 63, v0), Extract(63, 63, v0), Extract(63, 63, v0), Extract(63, 63, v0), Extract(63, 63, v0), Extract(63, 63, v0), Extract(63, 63, v0), Extract(63, 63, v0), Extract(63, 63, v0), Extract(63, 63, v0), Extract(63, 63, v0), Extract(63, 63, v0), Extract(63, 63, v0), Extract(63, 63, v0), Extract(63, 63, v0), Extract(63, 63, v0), Extract(63, 63, v0), Extract(63, 63, v0), Extract(63, 63, v0), Extract(63, 63, v0), Extract(63, 63, v0), Extract(63, 63, v0), Extract(63, 63, v0), Extract(63, 63, v0), Extract(63, 63, v0), Extract(63, 63, v0), Extract(63, 63, v0), Extract(63, 63, v0), Extract(63, 63, v0), Extract(63, 63, v0), Extract(63, 63, v0), Extract(63, 63, v0), Extract(63, 63, v0), Extract(63, 63, v0), Extract(63, 63, v0), Extract(63, 63, v0), Extract(63, 63, v0), Extract(63, 63, v0), Extract(63, 63, v0), Extract(63, 63, v0), Extract(63, 63, v0), Extract(63, 63, v0), Extract(63, 63, v0), Extract(63, 63, v0), Extract(63, 63, v0), Extract(63, 63, v0), Extract(63, 63, v0), Extract(63, 63, v0), Extract(63, 63, v0), Extract(63, 63, v0), Extract(63, 63, v0), Extract(63, 63, v0), Extract(63, 63, v0), Extract(63, 63, v0), Extract(63, 63, v0), Extract(63, 63, v0), Extract(63, 63, v0), Extract(63, 63, v0), Extract(63, 63, v0), Extract(63, 63, v0), Extract(63, 63, v0), Extract(63, 63, v0), Extract(63, 63, v0), v0), Concat(Extract(63, 63, v1), Extract(63, 63, v1), Extract(63, 63, v1), Extract(63, 63, v1), Extract(63, 63, v1), Extract(63, 63, v1), Extract(63, 63, v1), Extract(63, 63, v1), Extract(63, 63, v1), Extract(63, 63, v1), Extract(63, 63, v1), Extract(63, 63, v1), Extract(63, 63, v1), Extract(63, 63, v1), Extract(63, 63, v1), Extract(63, 63, v1), Extract(63, 63, v1), Extract(63, 63, v1), Extract(63, 63, v1), Extract(63, 63, v1), Extract(63, 63, v1), Extract(63, 63, v1), Extract(63, 63, v1), Extract(63, 63, v1), Extract(63, 63, v1), Extract(63, 63, v1), Extract(63, 63, v1), Extract(63, 63, v1), Extract(63, 63, v1), Extract(63, 63, v1), Extract(63, 63, v1), Extract(63, 63, v1), Extract(63, 63, v1), Extract(63, 63, v1), Extract(63, 63, v1), Extract(63, 63, v1), Extract(63, 63, v1), Extract(63, 63, v1), Extract(63, 63, v1), Extract(63, 63, v1), Extract(63, 63, v1), Extract(63, 63, v1), Extract(63, 63, v1), Extract(63, 63, v1), Extract(63, 63, v1), Extract(63, 63, v1), Extract(63, 63, v1), Extract(63, 63, v1), Extract(63, 63, v1), Extract(63, 63, v1), Extract(63, 63, v1), Extract(63, 63, v1), Extract(63, 63, v1), Extract(63, 63, v1), Extract(63, 63, v1), Extract(63, 63, v1), Extract(63, 63, v1), Extract(63, 63, v1), Extract(63, 63, v1), Extract(63, 63, v1), Extract(63, 63, v1), Extract(63, 63, v1), Extract(63, 63, v1), Extract(63, 63, v1), Extract(63, 63, v1), Extract(63, 63, v1), Extract(63, 63, v1), Extract(63, 63, v1), v1)))))
[198/507] c/op_217
      UNDECIDED                  answer width 64
      x86   : Extract(63, 0, bvsdiv_i(Concat(v0 >> 63, v0), Concat(Extract(63, 63, v1), Extract(63, 63, v1), Extract(63, 63, v1), Extract(63, 63, v1), Extract(63, 63, v1), Extract(63, 63, v1), Extract(63, 63, v1), Extract(63, 63, v1), Extract(63, 63, v1), Extract(63, 63, v1), Extract(63, 63, v1), Extract(63, 63, v1), Extract(63, 63, v1), Extract(63, 63, v1), Extract(63, 63, v1), Extract(63, 63, v1), Extract(63, 63, v1), Extract(63, 63, v1), Extract(63, 63, v1), Extract(63, 63, v1), Extract(63, 63, v1), Extract(63, 63, v1), Extract(63, 63, v1), Extract(63, 63, v1), Extract(63, 63, v1), Extract(63, 63, v1), Extract(63, 63, v1), Extract(63, 63, v1), Extract(63, 63, v1), Extract(63, 63, v1), Extract(63, 63, v1), Extract(63, 63, v1), Extract(63, 63, v1), Extract(63, 63, v1), Extract(63, 63, v1), Extract(63, 63, v1), Extract(63, 63, v1), Extract(63, 63, v1), Extract(63, 63, v1), Extract(63, 63, v1), Extract(63, 63, v1), Extract(63, 63, v1), Extract(63, 63, v1), Extract(63, 63, v1), Extract(63, 63, v1), Extract(63, 63, v1), Extract(63, 63, v1), Extract(63, 63, v1), Extract(63, 63, v1), Extract(63, 63, v1), Extract(63, 63, v1), Extract(63, 63, v1), Extract(63, 63, v1), Extract(63, 63, v1), Extract(63, 63, v1), Extract(63, 63, v1), Extract(63, 63, v1), Extract(63, 63, v1), Extract(63, 63, v1), Extract(63, 63, v1), Extract(63, 63, v1), Extract(63, 63, v1), Extract(63, 63, v1), Extract(63, 63, v1), v1)))
      riscv : If(9223372036854775808 <= If(And(Extract(63, 63, v1) == 0, v1 == 0), 5444517870735015415413993718908291383295, bvsdiv_i(Concat(Extract(63, 63, v0), Extract(63, 63, v0), Extract(63, 63, v0), Extract(63, 63, v0), Extract(63, 63, v0), Extract(63, 63, v0), Extract(63, 63, v0), Extract(63, 63, v0), Extract(63, 63, v0), Extract(63, 63, v0), Extract(63, 63, v0), Extract(63, 63, v0), Extract(63, 63, v0), Extract(63, 63, v0), Extract(63, 63, v0), Extract(63, 63, v0), Extract(63, 63, v0), Extract(63, 63, v0), Extract(63, 63, v0), Extract(63, 63, v0), Extract(63, 63, v0), Extract(63, 63, v0), Extract(63, 63, v0), Extract(63, 63, v0), Extract(63, 63, v0), Extract(63, 63, v0), Extract(63, 63, v0), Extract(63, 63, v0), Extract(63, 63, v0), Extract(63, 63, v0), Extract(63, 63, v0), Extract(63, 63, v0), Extract(63, 63, v0), Extract(63, 63, v0), Extract(63, 63, v0), Extract(63, 63, v0), Extract(63, 63, v0), Extract(63, 63, v0), Extract(63, 63, v0), Extract(63, 63, v0), Extract(63, 63, v0), Extract(63, 63, v0), Extract(63, 63, v0), Extract(63, 63, v0), Extract(63, 63, v0), Extract(63, 63, v0), Extract(63, 63, v0), Extract(63, 63, v0), Extract(63, 63, v0), Extract(63, 63, v0), Extract(63, 63, v0), Extract(63, 63, v0), Extract(63, 63, v0), Extract(63, 63, v0), Extract(63, 63, v0), Extract(63, 63, v0), Extract(63, 63, v0), Extract(63, 63, v0), Extract(63, 63, v0), Extract(63, 63, v0), Extract(63, 63, v0), Extract(63, 63, v0), Extract(63, 63, v0), Extract(63, 63, v0), Extract(63, 63, v0), Extract(63, 63, v0), Extract(63, 63, v0), Extract(63, 63, v0), v0), Concat(Extract(63, 63, v1), Extract(63, 63, v1), Extract(63, 63, v1), Extract(63, 63, v1), Extract(63, 63, v1), Extract(63, 63, v1), Extract(63, 63, v1), Extract(63, 63, v1), Extract(63, 63, v1), Extract(63, 63, v1), Extract(63, 63, v1), Extract(63, 63, v1), Extract(63, 63, v1), Extract(63, 63, v1), Extract(63, 63, v1), Extract(63, 63, v1), Extract(63, 63, v1), Extract(63, 63, v1), Extract(63, 63, v1), Extract(63, 63, v1), Extract(63, 63, v1), Extract(63, 63, v1), Extract(63, 63, v1), Extract(63, 63, v1), Extract(63, 63, v1), Extract(63, 63, v1), Extract(63, 63, v1), Extract(63, 63, v1), Extract(63, 63, v1), Extract(63, 63, v1), Extract(63, 63, v1), Extract(63, 63, v1), Extract(63, 63, v1), Extract(63, 63, v1), Extract(63, 63, v1), Extract(63, 63, v1), Extract(63, 63, v1), Extract(63, 63, v1), Extract(63, 63, v1), Extract(63, 63, v1), Extract(63, 63, v1), Extract(63, 63, v1), Extract(63, 63, v1), Extract(63, 63, v1), Extract(63, 63, v1), Extract(63, 63, v1), Extract(63, 63, v1), Extract(63, 63, v1), Extract(63, 63, v1), Extract(63, 63, v1), Extract(63, 63, v1), Extract(63, 63, v1), Extract(63, 63, v1), Extract(63, 63, v1), Extract(63, 63, v1), Extract(63, 63, v1), Extract(63, 63, v1), Extract(63, 63, v1), Extract(63, 63, v1), Extract(63, 63, v1), Extract(63, 63, v1), Extract(63, 63, v1), Extract(63, 63, v1), Extract(63, 63, v1), Extract(63, 63, v1), Extract(63, 63, v1), Extract(63, 63, v1), Extract(63, 63, v1), v1))), 9223372036854775808, If(And(Extract(63, 63, v1) == 0, v1 == 0), 18446744073709551615, Extract(63, 0, bvsdiv_i(Concat(Extract(63, 63, v0), Extract(63, 63, v0), Extract(63, 63, v0), Extract(63, 63, v0), Extract(63, 63, v0), Extract(63, 63, v0), Extract(63, 63, v0), Extract(63, 63, v0), Extract(63, 63, v0), Extract(63, 63, v0), Extract(63, 63, v0), Extract(63, 63, v0), Extract(63, 63, v0), Extract(63, 63, v0), Extract(63, 63, v0), Extract(63, 63, v0), Extract(63, 63, v0), Extract(63, 63, v0), Extract(63, 63, v0), Extract(63, 63, v0), Extract(63, 63, v0), Extract(63, 63, v0), Extract(63, 63, v0), Extract(63, 63, v0), Extract(63, 63, v0), Extract(63, 63, v0), Extract(63, 63, v0), Extract(63, 63, v0), Extract(63, 63, v0), Extract(63, 63, v0), Extract(63, 63, v0), Extract(63, 63, v0), Extract(63, 63, v0), Extract(63, 63, v0), Extract(63, 63, v0), Extract(63, 63, v0), Extract(63, 63, v0), Extract(63, 63, v0), Extract(63, 63, v0), Extract(63, 63, v0), Extract(63, 63, v0), Extract(63, 63, v0), Extract(63, 63, v0), Extract(63, 63, v0), Extract(63, 63, v0), Extract(63, 63, v0), Extract(63, 63, v0), Extract(63, 63, v0), Extract(63, 63, v0), Extract(63, 63, v0), Extract(63, 63, v0), Extract(63, 63, v0), Extract(63, 63, v0), Extract(63, 63, v0), Extract(63, 63, v0), Extract(63, 63, v0), Extract(63, 63, v0), Extract(63, 63, v0), Extract(63, 63, v0), Extract(63, 63, v0), Extract(63, 63, v0), Extract(63, 63, v0), Extract(63, 63, v0), Extract(63, 63, v0), Extract(63, 63, v0), Extract(63, 63, v0), Extract(63, 63, v0), Extract(63, 63, v0), v0), Concat(Extract(63, 63, v1), Extract(63, 63, v1), Extract(63, 63, v1), Extract(63, 63, v1), Extract(63, 63, v1), Extract(63, 63, v1), Extract(63, 63, v1), Extract(63, 63, v1), Extract(63, 63, v1), Extract(63, 63, v1), Extract(63, 63, v1), Extract(63, 63, v1), Extract(63, 63, v1), Extract(63, 63, v1), Extract(63, 63, v1), Extract(63, 63, v1), Extract(63, 63, v1), Extract(63, 63, v1), Extract(63, 63, v1), Extract(63, 63, v1), Extract(63, 63, v1), Extract(63, 63, v1), Extract(63, 63, v1), Extract(63, 63, v1), Extract(63, 63, v1), Extract(63, 63, v1), Extract(63, 63, v1), Extract(63, 63, v1), Extract(63, 63, v1), Extract(63, 63, v1), Extract(63, 63, v1), Extract(63, 63, v1), Extract(63, 63, v1), Extract(63, 63, v1), Extract(63, 63, v1), Extract(63, 63, v1), Extract(63, 63, v1), Extract(63, 63, v1), Extract(63, 63, v1), Extract(63, 63, v1), Extract(63, 63, v1), Extract(63, 63, v1), Extract(63, 63, v1), Extract(63, 63, v1), Extract(63, 63, v1), Extract(63, 63, v1), Extract(63, 63, v1), Extract(63, 63, v1), Extract(63, 63, v1), Extract(63, 63, v1), Extract(63, 63, v1), Extract(63, 63, v1), Extract(63, 63, v1), Extract(63, 63, v1), Extract(63, 63, v1), Extract(63, 63, v1), Extract(63, 63, v1), Extract(63, 63, v1), Extract(63, 63, v1), Extract(63, 63, v1), Extract(63, 63, v1), Extract(63, 63, v1), Extract(63, 63, v1), Extract(63, 63, v1), Extract(63, 63, v1), Extract(63, 63, v1), Extract(63, 63, v1), Extract(63, 63, v1), v1)))))
[199/507] c/op_218
      UNDECIDED                  answer width 64
      x86   : Extract(63, 0, bvudiv_i(Concat(0, v0), Concat(0, v1)))
      riscv : If(v0 == 0, 18446744073709551615, Extract(63, 0, bvsdiv_i(Concat(0, v1), Concat(0, v0))))
[200/507] c/op_219
      DIFFER                     answer width 32
      x86   : fp.to_ieee_bv(fpToFP(fp.to_ieee_bv(fpToFP(RNE(), v0))) / fpToFP(Extract(31, 0, v1)))
      riscv : fp.to_ieee_bv(fpToFP(fp.to_ieee_bv(fpToFP(RNE(), v1))) / fpToFP(If(Extract(63, 32, v0) == 4294967295, Extract(31, 0, v0), 2143289344)))
      counterexample: {'arg0': '6918012263607566337', 'arg1': '16461817723240841728', 'fp.to_ieee_bv': '[NaN -> 4289716112, else -> fp.to_ieee_bv(Var(0))]'}
[201/507] c/op_220
      IDENTICAL_AFTER_NORMALIZE  answer width 64
      x86   : fp.to_ieee_bv(fpToFP(fp.to_ieee_bv(fpToFP(RNE(), v0))) / fpToFP(Extract(63, 0, v1)))
      riscv : fp.to_ieee_bv(fpToFP(fp.to_ieee_bv(fpToFP(RNE(), v0))) / fpToFP(Extract(63, 0, v1)))
[202/507] c/op_221
      IDENTICAL_AFTER_NORMALIZE  answer width 64
      x86   : v0
      riscv : v0
[203/507] c/op_222
      UNDECIDED                  answer width 64
      x86   : Extract(63, 0, bvudiv_i(Concat(0, v0), Concat(0, Extract(31, 31, v1), Extract(31, 31, v1), Extract(31, 31, v1), Extract(31, 31, v1), Extract(31, 31, v1), Extract(31, 31, v1), Extract(31, 31, v1), Extract(31, 31, v1), Extract(31, 31, v1), Extract(31, 31, v1), Extract(31, 31, v1), Extract(31, 31, v1), Extract(31, 31, v1), Extract(31, 31, v1), Extract(31, 31, v1), Extract(31, 31, v1), Extract(31, 31, v1), Extract(31, 31, v1), Extract(31, 31, v1), Extract(31, 31, v1), Extract(31, 31, v1), Extract(31, 31, v1), Extract(31, 31, v1), Extract(31, 31, v1), Extract(31, 31, v1), Extract(31, 31, v1), Extract(31, 31, v1), Extract(31, 31, v1), Extract(31, 31, v1), Extract(31, 31, v1), Extract(31, 31, v1), Extract(31, 31, v1), Extract(31, 0, v1))))
      riscv : If(v0 == 0, 18446744073709551615, Extract(63, 0, bvsdiv_i(Concat(0, v1), Concat(0, v0))))
[204/507] c/op_223
      UNDECIDED                  answer width 64
      x86   : Extract(63, 0, bvudiv_i(Concat(0, v0), Concat(0, v1)))
      riscv : If(v0 == 0, 18446744073709551615, Extract(63, 0, bvsdiv_i(Concat(0, v1), Concat(0, v0))))
[205/507] c/op_224
      UNDECIDED                  answer width 64
      x86   : Extract(63, 0, bvudiv_i(Concat(0, v0), Concat(0, v1)))
      riscv : If(v0 == 0, 18446744073709551615, Extract(63, 0, bvsdiv_i(Concat(0, v1), Concat(0, v0))))
[206/507] c/op_225
      NotModeled: every path through this body leaves the unit or is unreachable, so the body leaves no answer to read
[207/507] c/op_226
      UNDECIDED                  answer width 64
      x86   : fp.to_ieee_bv(fpToFP(fp.to_ieee_bv(fpToFP(fp.to_ieee_bv(-fpToFP(Extract(127, 64, v0)) + fpToFP(Concat(Extract(63, 32, v1), Extract(63, 32, v2))))) + fpToFP(fp.to_ieee_bv(-fpToFP(Extract(63, 0, v0)) + fpToFP(Concat(Extract(31, 0, v1), Extract(31, 0, v2))))))) / fpToFP(Extract(63, 0, v3)))
      riscv : fp.to_ieee_bv(fpToFP(fp.to_ieee_bv(fpToFPUnsigned(RNE(), v0))) / fpToFP(Extract(63, 0, v1)))
[208/507] c/op_227
      IDENTICAL_AFTER_NORMALIZE  answer width 64
      x86   : v0
      riscv : v0
[209/507] c/op_228
      UNDECIDED                  answer width 32
      x86   : fp.to_ieee_bv(fpToFP(Extract(31, 0, v1)) / fpToFP(fp.to_ieee_bv(fpToFP(RNE(), Extract(31, 0, v0)))))
      riscv : fp.to_ieee_bv(fpToFP(If(Extract(63, 32, v0) == 4294967295, Extract(31, 0, v0), 2143289344)) / fpToFP(fp.to_ieee_bv(fpToFP(RNE(), Extract(31, 0, v1)))))
[210/507] c/op_229
      DIFFER                     answer width 32
      x86   : fp.to_ieee_bv(fpToFP(Extract(31, 0, v0)) / fpToFP(fp.to_ieee_bv(fpToFP(RNE(), v1))))
      riscv : fp.to_ieee_bv(fpToFP(If(Extract(63, 32, v0) == 4294967295, Extract(31, 0, v0), 2143289344)) / fpToFP(fp.to_ieee_bv(fpToFP(RNE(), v1))))
      counterexample: {'arg1': '0', 'arg0': '10645797455414419175', 'fp.to_ieee_bv': '[NaN -> 2142616797, else -> fp.to_ieee_bv(Var(0))]'}
[211/507] c/op_230
      DIFFER                     answer width 32
      x86   : fp.to_ieee_bv(fpToFP(Extract(31, 0, v0)) / fpToFP(fp.to_ieee_bv(fpToFP(RNE(), v1))))
      riscv : fp.to_ieee_bv(fpToFP(If(Extract(63, 32, v0) == 4294967295, Extract(31, 0, v0), 2143289344)) / fpToFP(fp.to_ieee_bv(fpToFPUnsigned(RNE(), v1))))
      counterexample: {'arg1': '0', 'arg0': '10143602872956504625', 'fp.to_ieee_bv': '[NaN -> 2145528228, else -> fp.to_ieee_bv(Var(0))]'}
[212/507] c/op_231
      DIFFER                     answer width 32
      x86   : fp.to_ieee_bv(fpToFP(Extract(31, 0, v0)) / fpToFP(Extract(31, 0, v1)))
      riscv : fp.to_ieee_bv(fpToFP(If(Extract(63, 32, v0) == 4294967295, Extract(31, 0, v0), 2143289344)) / fpToFP(If(Extract(63, 32, v1) == 4294967295, Extract(31, 0, v1), 2143289344)))
      counterexample: {'arg1': '18446744071567327232', 'arg0': '18444492271754357328', 'fp.to_ieee_bv': '[NaN -> 2139103425, else -> fp.to_ieee_bv(Var(0))]'}
[213/507] c/op_232
      UNDECIDED                  answer width 64
      x86   : fp.to_ieee_bv(fpToFP(fp.to_ieee_bv(fpToFP(RNE(), fpToFP(Extract(31, 0, v0))))) / fpToFP(Extract(63, 0, v1)))
      riscv : fp.to_ieee_bv(fpToFP(fp.to_ieee_bv(fpToFP(RNE(), fpToFP(If(Extract(63, 32, v0) == 4294967295, Extract(31, 0, v0), 2143289344))))) / fpToFP(Extract(63, 0, v1)))
[214/507] c/op_233
      DIFFER                     answer width 32
      x86   : fp.to_ieee_bv(fpToFP(Extract(31, 0, v1)) / fpToFP(fp.to_ieee_bv(fpToFP(RNE(), Extract(31, 0, v0)))))
      riscv : fp.to_ieee_bv(fpToFP(If(Extract(63, 32, v0) == 4294967295, Extract(31, 0, v0), 2143289344)) / fpToFP(fp.to_ieee_bv(fpToFPUnsigned(RNE(), Extract(31, 0, v1)))))
      counterexample: {'arg1': '0', 'arg0': '1592388135008903849', 'fp.to_ieee_bv': '[NaN -> 2141406451, else -> fp.to_ieee_bv(Var(0))]'}
[215/507] c/op_234
      IDENTICAL_AFTER_NORMALIZE  answer width 64
      x86   : fp.to_ieee_bv(fpToFP(Extract(63, 0, v1)) / fpToFP(fp.to_ieee_bv(fpToFP(RNE(), Extract(31, 0, v0)))))
      riscv : fp.to_ieee_bv(fpToFP(Extract(63, 0, v1)) / fpToFP(fp.to_ieee_bv(fpToFP(RNE(), Extract(31, 0, v0)))))
[216/507] c/op_235
      IDENTICAL_AFTER_NORMALIZE  answer width 64
      x86   : fp.to_ieee_bv(fpToFP(Extract(63, 0, v0)) / fpToFP(fp.to_ieee_bv(fpToFP(RNE(), v1))))
      riscv : fp.to_ieee_bv(fpToFP(Extract(63, 0, v0)) / fpToFP(fp.to_ieee_bv(fpToFP(RNE(), v1))))
[217/507] c/op_236
      UNDECIDED                  answer width 64
      x86   : fp.to_ieee_bv(fpToFP(Extract(63, 0, v3)) / fpToFP(fp.to_ieee_bv(fpToFP(fp.to_ieee_bv(-fpToFP(Extract(127, 64, v0)) + fpToFP(Concat(Extract(63, 32, v1), Extract(63, 32, v2))))) + fpToFP(fp.to_ieee_bv(-fpToFP(Extract(63, 0, v0)) + fpToFP(Concat(Extract(31, 0, v1), Extract(31, 0, v2))))))))
      riscv : fp.to_ieee_bv(fpToFP(Extract(63, 0, v0)) / fpToFP(fp.to_ieee_bv(fpToFPUnsigned(RNE(), v1))))
[218/507] c/op_237
      UNDECIDED                  answer width 64
      x86   : fp.to_ieee_bv(fpToFP(Extract(63, 0, v1)) / fpToFP(fp.to_ieee_bv(fpToFP(RNE(), fpToFP(Extract(31, 0, v0))))))
      riscv : fp.to_ieee_bv(fpToFP(Extract(63, 0, v1)) / fpToFP(fp.to_ieee_bv(fpToFP(RNE(), fpToFP(If(Extract(63, 32, v0) == 4294967295, Extract(31, 0, v0), 2143289344))))))
[219/507] c/op_238
      IDENTICAL_AFTER_NORMALIZE  answer width 64
      x86   : fp.to_ieee_bv(fpToFP(Extract(63, 0, v0)) / fpToFP(Extract(63, 0, v1)))
      riscv : fp.to_ieee_bv(fpToFP(Extract(63, 0, v0)) / fpToFP(Extract(63, 0, v1)))
[220/507] c/op_239
      UNDECIDED                  answer width 64
      x86   : fp.to_ieee_bv(fpToFP(Extract(63, 0, v1)) / fpToFP(fp.to_ieee_bv(fpToFP(RNE(), Extract(31, 0, v0)))))
      riscv : fp.to_ieee_bv(fpToFP(Extract(63, 0, v1)) / fpToFP(fp.to_ieee_bv(fpToFPUnsigned(RNE(), Extract(31, 0, v0)))))
[221/507] c/op_240
      EQUAL_BY_Z3                answer width 32
      x86   : Extract(31, 0, bvsdiv_i(Concat(0, Extract(31, 0, v0)), Concat(Extract(31, 31, v1), Extract(31, 31, v1), Extract(31, 31, v1), Extract(31, 31, v1), Extract(31, 31, v1), Extract(31, 31, v1), Extract(31, 31, v1), Extract(31, 31, v1), Extract(31, 31, v1), Extract(31, 31, v1), Extract(31, 31, v1), Extract(31, 31, v1), Extract(31, 31, v1), Extract(31, 31, v1), Extract(31, 31, v1), Extract(31, 31, v1), Extract(31, 31, v1), Extract(31, 31, v1), Extract(31, 31, v1), Extract(31, 31, v1), Extract(31, 31, v1), Extract(31, 31, v1), Extract(31, 31, v1), Extract(31, 31, v1), Extract(31, 31, v1), Extract(31, 31, v1), Extract(31, 31, v1), Extract(31, 31, v1), Extract(31, 31, v1), Extract(31, 31, v1), Extract(31, 31, v1), Extract(31, 31, v1), Extract(31, 0, v1))))
      riscv : If(2147483648 <= If(And(Extract(31, 0, v1) == 0, Extract(31, 31, v1) == 0), 5444517870735015415413993718908291383295, bvsdiv_i(Concat(Extract(31, 31, v0), Extract(31, 31, v0), Extract(31, 31, v0), Extract(31, 31, v0), Extract(31, 31, v0), Extract(31, 31, v0), Extract(31, 31, v0), Extract(31, 31, v0), Extract(31, 31, v0), Extract(31, 31, v0), Extract(31, 31, v0), Extract(31, 31, v0), Extract(31, 31, v0), Extract(31, 31, v0), Extract(31, 31, v0), Extract(31, 31, v0), Extract(31, 31, v0), Extract(31, 31, v0), Extract(31, 31, v0), Extract(31, 31, v0), Extract(31, 31, v0), Extract(31, 31, v0), Extract(31, 31, v0), Extract(31, 31, v0), Extract(31, 31, v0), Extract(31, 31, v0), Extract(31, 31, v0), Extract(31, 31, v0), Extract(31, 31, v0), Extract(31, 31, v0), Extract(31, 31, v0), Extract(31, 31, v0), Extract(31, 31, v0), Extract(31, 31, v0), Extract(31, 31, v0), Extract(31, 31, v0), Extract(31, 31, v0), Extract(31, 31, v0), Extract(31, 31, v0), Extract(31, 31, v0), Extract(31, 31, v0), Extract(31, 31, v0), Extract(31, 31, v0), Extract(31, 31, v0), Extract(31, 31, v0), Extract(31, 31, v0), Extract(31, 31, v0), Extract(31, 31, v0), Extract(31, 31, v0), Extract(31, 31, v0), Extract(31, 31, v0), Extract(31, 31, v0), Extract(31, 31, v0), Extract(31, 31, v0), Extract(31, 31, v0), Extract(31, 31, v0), Extract(31, 31, v0), Extract(31, 31, v0), Extract(31, 31, v0), Extract(31, 31, v0), Extract(31, 31, v0), Extract(31, 31, v0), Extract(31, 31, v0), Extract(31, 31, v0), Extract(31, 31, v0), Extract(31, 31, v0), Extract(31, 31, v0), Extract(31, 31, v0), Extract(31, 31, v0), Extract(31, 31, v0), Extract(31, 31, v0), Extract(31, 31, v0), Extract(31, 31, v0), Extract(31, 31, v0), Extract(31, 31, v0), Extract(31, 31, v0), Extract(31, 31, v0), Extract(31, 31, v0), Extract(31, 31, v0), Extract(31, 31, v0), Extract(31, 31, v0), Extract(31, 31, v0), Extract(31, 31, v0), Extract(31, 31, v0), Extract(31, 31, v0), Extract(31, 31, v0), Extract(31, 31, v0), Extract(31, 31, v0), Extract(31, 31, v0), Extract(31, 31, v0), Extract(31, 31, v0), Extract(31, 31, v0), Extract(31, 31, v0), Extract(31, 31, v0), Extract(31, 31, v0), Extract(31, 31, v0), Extract(31, 31, v0), Extract(31, 31, v0), Extract(31, 31, v0), Extract(31, 31, v0), Extract(31, 0, v0)), Concat(Extract(31, 31, v1), Extract(31, 31, v1), Extract(31, 31, v1), Extract(31, 31, v1), Extract(31, 31, v1), Extract(31, 31, v1), Extract(31, 31, v1), Extract(31, 31, v1), Extract(31, 31, v1), Extract(31, 31, v1), Extract(31, 31, v1), Extract(31, 31, v1), Extract(31, 31, v1), Extract(31, 31, v1), Extract(31, 31, v1), Extract(31, 31, v1), Extract(31, 31, v1), Extract(31, 31, v1), Extract(31, 31, v1), Extract(31, 31, v1), Extract(31, 31, v1), Extract(31, 31, v1), Extract(31, 31, v1), Extract(31, 31, v1), Extract(31, 31, v1), Extract(31, 31, v1), Extract(31, 31, v1), Extract(31, 31, v1), Extract(31, 31, v1), Extract(31, 31, v1), Extract(31, 31, v1), Extract(31, 31, v1), Extract(31, 31, v1), Extract(31, 31, v1), Extract(31, 31, v1), Extract(31, 31, v1), Extract(31, 31, v1), Extract(31, 31, v1), Extract(31, 31, v1), Extract(31, 31, v1), Extract(31, 31, v1), Extract(31, 31, v1), Extract(31, 31, v1), Extract(31, 31, v1), Extract(31, 31, v1), Extract(31, 31, v1), Extract(31, 31, v1), Extract(31, 31, v1), Extract(31, 31, v1), Extract(31, 31, v1), Extract(31, 31, v1), Extract(31, 31, v1), Extract(31, 31, v1), Extract(31, 31, v1), Extract(31, 31, v1), Extract(31, 31, v1), Extract(31, 31, v1), Extract(31, 31, v1), Extract(31, 31, v1), Extract(31, 31, v1), Extract(31, 31, v1), Extract(31, 31, v1), Extract(31, 31, v1), Extract(31, 31, v1), Extract(31, 31, v1), Extract(31, 31, v1), Extract(31, 31, v1), Extract(31, 31, v1), Extract(31, 31, v1), Extract(31, 31, v1), Extract(31, 31, v1), Extract(31, 31, v1), Extract(31, 31, v1), Extract(31, 31, v1), Extract(31, 31, v1), Extract(31, 31, v1), Extract(31, 31, v1), Extract(31, 31, v1), Extract(31, 31, v1), Extract(31, 31, v1), Extract(31, 31, v1), Extract(31, 31, v1), Extract(31, 31, v1), Extract(31, 31, v1), Extract(31, 31, v1), Extract(31, 31, v1), Extract(31, 31, v1), Extract(31, 31, v1), Extract(31, 31, v1), Extract(31, 31, v1), Extract(31, 31, v1), Extract(31, 31, v1), Extract(31, 31, v1), Extract(31, 31, v1), Extract(31, 31, v1), Extract(31, 31, v1), Extract(31, 31, v1), Extract(31, 31, v1), Extract(31, 31, v1), Extract(31, 31, v1), Extract(31, 0, v1)))), 2147483648, If(And(Extract(31, 0, v1) == 0, Extract(31, 31, v1) == 0), 4294967295, Extract(31, 0, bvsdiv_i(Concat(Extract(31, 31, v0), Extract(31, 31, v0), Extract(31, 31, v0), Extract(31, 31, v0), Extract(31, 31, v0), Extract(31, 31, v0), Extract(31, 31, v0), Extract(31, 31, v0), Extract(31, 31, v0), Extract(31, 31, v0), Extract(31, 31, v0), Extract(31, 31, v0), Extract(31, 31, v0), Extract(31, 31, v0), Extract(31, 31, v0), Extract(31, 31, v0), Extract(31, 31, v0), Extract(31, 31, v0), Extract(31, 31, v0), Extract(31, 31, v0), Extract(31, 31, v0), Extract(31, 31, v0), Extract(31, 31, v0), Extract(31, 31, v0), Extract(31, 31, v0), Extract(31, 31, v0), Extract(31, 31, v0), Extract(31, 31, v0), Extract(31, 31, v0), Extract(31, 31, v0), Extract(31, 31, v0), Extract(31, 31, v0), Extract(31, 31, v0), Extract(31, 31, v0), Extract(31, 31, v0), Extract(31, 31, v0), Extract(31, 31, v0), Extract(31, 31, v0), Extract(31, 31, v0), Extract(31, 31, v0), Extract(31, 31, v0), Extract(31, 31, v0), Extract(31, 31, v0), Extract(31, 31, v0), Extract(31, 31, v0), Extract(31, 31, v0), Extract(31, 31, v0), Extract(31, 31, v0), Extract(31, 31, v0), Extract(31, 31, v0), Extract(31, 31, v0), Extract(31, 31, v0), Extract(31, 31, v0), Extract(31, 31, v0), Extract(31, 31, v0), Extract(31, 31, v0), Extract(31, 31, v0), Extract(31, 31, v0), Extract(31, 31, v0), Extract(31, 31, v0), Extract(31, 31, v0), Extract(31, 31, v0), Extract(31, 31, v0), Extract(31, 31, v0), Extract(31, 31, v0), Extract(31, 31, v0), Extract(31, 31, v0), Extract(31, 31, v0), Extract(31, 31, v0), Extract(31, 31, v0), Extract(31, 31, v0), Extract(31, 31, v0), Extract(31, 31, v0), Extract(31, 31, v0), Extract(31, 31, v0), Extract(31, 31, v0), Extract(31, 31, v0), Extract(31, 31, v0), Extract(31, 31, v0), Extract(31, 31, v0), Extract(31, 31, v0), Extract(31, 31, v0), Extract(31, 31, v0), Extract(31, 31, v0), Extract(31, 31, v0), Extract(31, 31, v0), Extract(31, 31, v0), Extract(31, 31, v0), Extract(31, 31, v0), Extract(31, 31, v0), Extract(31, 31, v0), Extract(31, 31, v0), Extract(31, 31, v0), Extract(31, 31, v0), Extract(31, 31, v0), Extract(31, 31, v0), Extract(31, 31, v0), Extract(31, 31, v0), Extract(31, 31, v0), Extract(31, 31, v0), Extract(31, 0, v0)), Concat(Extract(31, 31, v1), Extract(31, 31, v1), Extract(31, 31, v1), Extract(31, 31, v1), Extract(31, 31, v1), Extract(31, 31, v1), Extract(31, 31, v1), Extract(31, 31, v1), Extract(31, 31, v1), Extract(31, 31, v1), Extract(31, 31, v1), Extract(31, 31, v1), Extract(31, 31, v1), Extract(31, 31, v1), Extract(31, 31, v1), Extract(31, 31, v1), Extract(31, 31, v1), Extract(31, 31, v1), Extract(31, 31, v1), Extract(31, 31, v1), Extract(31, 31, v1), Extract(31, 31, v1), Extract(31, 31, v1), Extract(31, 31, v1), Extract(31, 31, v1), Extract(31, 31, v1), Extract(31, 31, v1), Extract(31, 31, v1), Extract(31, 31, v1), Extract(31, 31, v1), Extract(31, 31, v1), Extract(31, 31, v1), Extract(31, 31, v1), Extract(31, 31, v1), Extract(31, 31, v1), Extract(31, 31, v1), Extract(31, 31, v1), Extract(31, 31, v1), Extract(31, 31, v1), Extract(31, 31, v1), Extract(31, 31, v1), Extract(31, 31, v1), Extract(31, 31, v1), Extract(31, 31, v1), Extract(31, 31, v1), Extract(31, 31, v1), Extract(31, 31, v1), Extract(31, 31, v1), Extract(31, 31, v1), Extract(31, 31, v1), Extract(31, 31, v1), Extract(31, 31, v1), Extract(31, 31, v1), Extract(31, 31, v1), Extract(31, 31, v1), Extract(31, 31, v1), Extract(31, 31, v1), Extract(31, 31, v1), Extract(31, 31, v1), Extract(31, 31, v1), Extract(31, 31, v1), Extract(31, 31, v1), Extract(31, 31, v1), Extract(31, 31, v1), Extract(31, 31, v1), Extract(31, 31, v1), Extract(31, 31, v1), Extract(31, 31, v1), Extract(31, 31, v1), Extract(31, 31, v1), Extract(31, 31, v1), Extract(31, 31, v1), Extract(31, 31, v1), Extract(31, 31, v1), Extract(31, 31, v1), Extract(31, 31, v1), Extract(31, 31, v1), Extract(31, 31, v1), Extract(31, 31, v1), Extract(31, 31, v1), Extract(31, 31, v1), Extract(31, 31, v1), Extract(31, 31, v1), Extract(31, 31, v1), Extract(31, 31, v1), Extract(31, 31, v1), Extract(31, 31, v1), Extract(31, 31, v1), Extract(31, 31, v1), Extract(31, 31, v1), Extract(31, 31, v1), Extract(31, 31, v1), Extract(31, 31, v1), Extract(31, 31, v1), Extract(31, 31, v1), Extract(31, 31, v1), Extract(31, 31, v1), Extract(31, 31, v1), Extract(31, 31, v1), Extract(31, 31, v1), Extract(31, 0, v1))))))
[222/507] c/op_241
      EQUAL_BY_Z3                answer width 32
      x86   : Extract(31, 0, bvsdiv_i(Concat(0, Extract(31, 0, v0)), Concat(Extract(63, 63, v1), Extract(63, 63, v1), Extract(63, 63, v1), Extract(63, 63, v1), Extract(63, 63, v1), Extract(63, 63, v1), Extract(63, 63, v1), Extract(63, 63, v1), Extract(63, 63, v1), Extract(63, 63, v1), Extract(63, 63, v1), Extract(63, 63, v1), Extract(63, 63, v1), Extract(63, 63, v1), Extract(63, 63, v1), Extract(63, 63, v1), Extract(63, 63, v1), Extract(63, 63, v1), Extract(63, 63, v1), Extract(63, 63, v1), Extract(63, 63, v1), Extract(63, 63, v1), Extract(63, 63, v1), Extract(63, 63, v1), Extract(63, 63, v1), Extract(63, 63, v1), Extract(63, 63, v1), Extract(63, 63, v1), Extract(63, 63, v1), Extract(63, 63, v1), Extract(63, 63, v1), Extract(63, 63, v1), Extract(63, 63, v1), Extract(63, 63, v1), Extract(63, 63, v1), Extract(63, 63, v1), Extract(63, 63, v1), Extract(63, 63, v1), Extract(63, 63, v1), Extract(63, 63, v1), Extract(63, 63, v1), Extract(63, 63, v1), Extract(63, 63, v1), Extract(63, 63, v1), Extract(63, 63, v1), Extract(63, 63, v1), Extract(63, 63, v1), Extract(63, 63, v1), Extract(63, 63, v1), Extract(63, 63, v1), Extract(63, 63, v1), Extract(63, 63, v1), Extract(63, 63, v1), Extract(63, 63, v1), Extract(63, 63, v1), Extract(63, 63, v1), Extract(63, 63, v1), Extract(63, 63, v1), Extract(63, 63, v1), Extract(63, 63, v1), Extract(63, 63, v1), Extract(63, 63, v1), Extract(63, 63, v1), Extract(63, 63, v1), v1)))
      riscv : If(9223372036854775808 <= If(And(Extract(63, 63, v1) == 0, v1 == 0), 5444517870735015415413993718908291383295, bvsdiv_i(Concat(Extract(63, 63, v0), Extract(63, 63, v0), Extract(63, 63, v0), Extract(63, 63, v0), Extract(63, 63, v0), Extract(63, 63, v0), Extract(63, 63, v0), Extract(63, 63, v0), Extract(63, 63, v0), Extract(63, 63, v0), Extract(63, 63, v0), Extract(63, 63, v0), Extract(63, 63, v0), Extract(63, 63, v0), Extract(63, 63, v0), Extract(63, 63, v0), Extract(63, 63, v0), Extract(63, 63, v0), Extract(63, 63, v0), Extract(63, 63, v0), Extract(63, 63, v0), Extract(63, 63, v0), Extract(63, 63, v0), Extract(63, 63, v0), Extract(63, 63, v0), Extract(63, 63, v0), Extract(63, 63, v0), Extract(63, 63, v0), Extract(63, 63, v0), Extract(63, 63, v0), Extract(63, 63, v0), Extract(63, 63, v0), Extract(63, 63, v0), Extract(63, 63, v0), Extract(63, 63, v0), Extract(63, 63, v0), Extract(63, 63, v0), Extract(63, 63, v0), Extract(63, 63, v0), Extract(63, 63, v0), Extract(63, 63, v0), Extract(63, 63, v0), Extract(63, 63, v0), Extract(63, 63, v0), Extract(63, 63, v0), Extract(63, 63, v0), Extract(63, 63, v0), Extract(63, 63, v0), Extract(63, 63, v0), Extract(63, 63, v0), Extract(63, 63, v0), Extract(63, 63, v0), Extract(63, 63, v0), Extract(63, 63, v0), Extract(63, 63, v0), Extract(63, 63, v0), Extract(63, 63, v0), Extract(63, 63, v0), Extract(63, 63, v0), Extract(63, 63, v0), Extract(63, 63, v0), Extract(63, 63, v0), Extract(63, 63, v0), Extract(63, 63, v0), Extract(63, 63, v0), Extract(63, 63, v0), Extract(63, 63, v0), Extract(63, 63, v0), v0), Concat(Extract(63, 63, v1), Extract(63, 63, v1), Extract(63, 63, v1), Extract(63, 63, v1), Extract(63, 63, v1), Extract(63, 63, v1), Extract(63, 63, v1), Extract(63, 63, v1), Extract(63, 63, v1), Extract(63, 63, v1), Extract(63, 63, v1), Extract(63, 63, v1), Extract(63, 63, v1), Extract(63, 63, v1), Extract(63, 63, v1), Extract(63, 63, v1), Extract(63, 63, v1), Extract(63, 63, v1), Extract(63, 63, v1), Extract(63, 63, v1), Extract(63, 63, v1), Extract(63, 63, v1), Extract(63, 63, v1), Extract(63, 63, v1), Extract(63, 63, v1), Extract(63, 63, v1), Extract(63, 63, v1), Extract(63, 63, v1), Extract(63, 63, v1), Extract(63, 63, v1), Extract(63, 63, v1), Extract(63, 63, v1), Extract(63, 63, v1), Extract(63, 63, v1), Extract(63, 63, v1), Extract(63, 63, v1), Extract(63, 63, v1), Extract(63, 63, v1), Extract(63, 63, v1), Extract(63, 63, v1), Extract(63, 63, v1), Extract(63, 63, v1), Extract(63, 63, v1), Extract(63, 63, v1), Extract(63, 63, v1), Extract(63, 63, v1), Extract(63, 63, v1), Extract(63, 63, v1), Extract(63, 63, v1), Extract(63, 63, v1), Extract(63, 63, v1), Extract(63, 63, v1), Extract(63, 63, v1), Extract(63, 63, v1), Extract(63, 63, v1), Extract(63, 63, v1), Extract(63, 63, v1), Extract(63, 63, v1), Extract(63, 63, v1), Extract(63, 63, v1), Extract(63, 63, v1), Extract(63, 63, v1), Extract(63, 63, v1), Extract(63, 63, v1), Extract(63, 63, v1), Extract(63, 63, v1), Extract(63, 63, v1), Extract(63, 63, v1), v1))), 0, If(And(Extract(63, 63, v1) == 0, v1 == 0), 4294967295, Extract(31, 0, bvsdiv_i(Concat(Extract(63, 63, v0), Extract(63, 63, v0), Extract(63, 63, v0), Extract(63, 63, v0), Extract(63, 63, v0), Extract(63, 63, v0), Extract(63, 63, v0), Extract(63, 63, v0), Extract(63, 63, v0), Extract(63, 63, v0), Extract(63, 63, v0), Extract(63, 63, v0), Extract(63, 63, v0), Extract(63, 63, v0), Extract(63, 63, v0), Extract(63, 63, v0), Extract(63, 63, v0), Extract(63, 63, v0), Extract(63, 63, v0), Extract(63, 63, v0), Extract(63, 63, v0), Extract(63, 63, v0), Extract(63, 63, v0), Extract(63, 63, v0), Extract(63, 63, v0), Extract(63, 63, v0), Extract(63, 63, v0), Extract(63, 63, v0), Extract(63, 63, v0), Extract(63, 63, v0), Extract(63, 63, v0), Extract(63, 63, v0), Extract(63, 63, v0), Extract(63, 63, v0), Extract(63, 63, v0), Extract(63, 63, v0), Extract(63, 63, v0), Extract(63, 63, v0), Extract(63, 63, v0), Extract(63, 63, v0), Extract(63, 63, v0), Extract(63, 63, v0), Extract(63, 63, v0), Extract(63, 63, v0), Extract(63, 63, v0), Extract(63, 63, v0), Extract(63, 63, v0), Extract(63, 63, v0), Extract(63, 63, v0), Extract(63, 63, v0), Extract(63, 63, v0), Extract(63, 63, v0), Extract(63, 63, v0), Extract(63, 63, v0), Extract(63, 63, v0), Extract(63, 63, v0), Extract(63, 63, v0), Extract(63, 63, v0), Extract(63, 63, v0), Extract(63, 63, v0), Extract(63, 63, v0), Extract(63, 63, v0), Extract(63, 63, v0), Extract(63, 63, v0), Extract(63, 63, v0), Extract(63, 63, v0), Extract(63, 63, v0), Extract(63, 63, v0), v0), Concat(Extract(63, 63, v1), Extract(63, 63, v1), Extract(63, 63, v1), Extract(63, 63, v1), Extract(63, 63, v1), Extract(63, 63, v1), Extract(63, 63, v1), Extract(63, 63, v1), Extract(63, 63, v1), Extract(63, 63, v1), Extract(63, 63, v1), Extract(63, 63, v1), Extract(63, 63, v1), Extract(63, 63, v1), Extract(63, 63, v1), Extract(63, 63, v1), Extract(63, 63, v1), Extract(63, 63, v1), Extract(63, 63, v1), Extract(63, 63, v1), Extract(63, 63, v1), Extract(63, 63, v1), Extract(63, 63, v1), Extract(63, 63, v1), Extract(63, 63, v1), Extract(63, 63, v1), Extract(63, 63, v1), Extract(63, 63, v1), Extract(63, 63, v1), Extract(63, 63, v1), Extract(63, 63, v1), Extract(63, 63, v1), Extract(63, 63, v1), Extract(63, 63, v1), Extract(63, 63, v1), Extract(63, 63, v1), Extract(63, 63, v1), Extract(63, 63, v1), Extract(63, 63, v1), Extract(63, 63, v1), Extract(63, 63, v1), Extract(63, 63, v1), Extract(63, 63, v1), Extract(63, 63, v1), Extract(63, 63, v1), Extract(63, 63, v1), Extract(63, 63, v1), Extract(63, 63, v1), Extract(63, 63, v1), Extract(63, 63, v1), Extract(63, 63, v1), Extract(63, 63, v1), Extract(63, 63, v1), Extract(63, 63, v1), Extract(63, 63, v1), Extract(63, 63, v1), Extract(63, 63, v1), Extract(63, 63, v1), Extract(63, 63, v1), Extract(63, 63, v1), Extract(63, 63, v1), Extract(63, 63, v1), Extract(63, 63, v1), Extract(63, 63, v1), Extract(63, 63, v1), Extract(63, 63, v1), Extract(63, 63, v1), Extract(63, 63, v1), v1)))))
[223/507] c/op_242
      EQUAL_BY_Z3                answer width 32
      x86   : Extract(31, 0, bvudiv_i(Concat(0, Extract(31, 0, v0)), Concat(0, v1)))
      riscv : If(v0 == 0, 4294967295, Extract(31, 0, bvsdiv_i(Concat(0, v1), Concat(0, v0))))
[224/507] c/op_243
      DIFFER                     answer width 32
      x86   : fp.to_ieee_bv(fpToFP(fp.to_ieee_bv(fpToFP(RNE(), Extract(31, 0, v0)))) / fpToFP(Extract(31, 0, v1)))
      riscv : fp.to_ieee_bv(fpToFP(fp.to_ieee_bv(fpToFPUnsigned(RNE(), Extract(31, 0, v0)))) / fpToFP(If(Extract(63, 32, v1) == 4294967295, Extract(31, 0, v1), 2143289344)))
      counterexample: {'arg0': '1', 'arg1': '18446735273321562112', 'fp.to_ieee_bv': '[NaN -> 2143322176, else -> fp.to_ieee_bv(Var(0))]'}
[225/507] c/op_244
      UNDECIDED                  answer width 64
      x86   : fp.to_ieee_bv(fpToFP(fp.to_ieee_bv(fpToFP(RNE(), Extract(31, 0, v0)))) / fpToFP(Extract(63, 0, v1)))
      riscv : fp.to_ieee_bv(fpToFP(fp.to_ieee_bv(fpToFPUnsigned(RNE(), Extract(31, 0, v0)))) / fpToFP(Extract(63, 0, v1)))
[226/507] c/op_245
      IDENTICAL_AFTER_NORMALIZE  answer width 32
      x86   : Extract(31, 0, v0)
      riscv : Extract(31, 0, v0)
[227/507] c/op_246
      UNDECIDED                  answer width 32
      x86   : Extract(31, 0, bvsrem_i(Concat(Extract(31, 0, v0) >> 31, Extract(31, 0, v0)), Concat(Extract(31, 31, v1), Extract(31, 31, v1), Extract(31, 31, v1), Extract(31, 31, v1), Extract(31, 31, v1), Extract(31, 31, v1), Extract(31, 31, v1), Extract(31, 31, v1), Extract(31, 31, v1), Extract(31, 31, v1), Extract(31, 31, v1), Extract(31, 31, v1), Extract(31, 31, v1), Extract(31, 31, v1), Extract(31, 31, v1), Extract(31, 31, v1), Extract(31, 31, v1), Extract(31, 31, v1), Extract(31, 31, v1), Extract(31, 31, v1), Extract(31, 31, v1), Extract(31, 31, v1), Extract(31, 31, v1), Extract(31, 31, v1), Extract(31, 31, v1), Extract(31, 31, v1), Extract(31, 31, v1), Extract(31, 31, v1), Extract(31, 31, v1), Extract(31, 31, v1), Extract(31, 31, v1), Extract(31, 31, v1), Extract(31, 0, v1))))
      riscv : If(And(Extract(31, 0, v1) == 0, Extract(31, 31, v1) == 0), Extract(31, 0, v0), Extract(31, 0, bvsrem_i(Concat(Extract(31, 31, v0), Extract(31, 31, v0), Extract(31, 31, v0), Extract(31, 31, v0), Extract(31, 31, v0), Extract(31, 31, v0), Extract(31, 31, v0), Extract(31, 31, v0), Extract(31, 31, v0), Extract(31, 31, v0), Extract(31, 31, v0), Extract(31, 31, v0), Extract(31, 31, v0), Extract(31, 31, v0), Extract(31, 31, v0), Extract(31, 31, v0), Extract(31, 31, v0), Extract(31, 31, v0), Extract(31, 31, v0), Extract(31, 31, v0), Extract(31, 31, v0), Extract(31, 31, v0), Extract(31, 31, v0), Extract(31, 31, v0), Extract(31, 31, v0), Extract(31, 31, v0), Extract(31, 31, v0), Extract(31, 31, v0), Extract(31, 31, v0), Extract(31, 31, v0), Extract(31, 31, v0), Extract(31, 31, v0), Extract(31, 31, v0), Extract(31, 31, v0), Extract(31, 31, v0), Extract(31, 31, v0), Extract(31, 31, v0), Extract(31, 31, v0), Extract(31, 31, v0), Extract(31, 31, v0), Extract(31, 31, v0), Extract(31, 31, v0), Extract(31, 31, v0), Extract(31, 31, v0), Extract(31, 31, v0), Extract(31, 31, v0), Extract(31, 31, v0), Extract(31, 31, v0), Extract(31, 31, v0), Extract(31, 31, v0), Extract(31, 31, v0), Extract(31, 31, v0), Extract(31, 31, v0), Extract(31, 31, v0), Extract(31, 31, v0), Extract(31, 31, v0), Extract(31, 31, v0), Extract(31, 31, v0), Extract(31, 31, v0), Extract(31, 31, v0), Extract(31, 31, v0), Extract(31, 31, v0), Extract(31, 31, v0), Extract(31, 31, v0), Extract(31, 31, v0), Extract(31, 31, v0), Extract(31, 31, v0), Extract(31, 31, v0), Extract(31, 31, v0), Extract(31, 31, v0), Extract(31, 31, v0), Extract(31, 31, v0), Extract(31, 31, v0), Extract(31, 31, v0), Extract(31, 31, v0), Extract(31, 31, v0), Extract(31, 31, v0), Extract(31, 31, v0), Extract(31, 31, v0), Extract(31, 31, v0), Extract(31, 31, v0), Extract(31, 31, v0), Extract(31, 31, v0), Extract(31, 31, v0), Extract(31, 31, v0), Extract(31, 31, v0), Extract(31, 31, v0), Extract(31, 31, v0), Extract(31, 31, v0), Extract(31, 31, v0), Extract(31, 31, v0), Extract(31, 31, v0), Extract(31, 31, v0), Extract(31, 31, v0), Extract(31, 31, v0), Extract(31, 31, v0), Extract(31, 31, v0), Extract(31, 31, v0), Extract(31, 31, v0), Extract(31, 31, v0), Extract(31, 0, v0)), Concat(Extract(31, 31, v1), Extract(31, 31, v1), Extract(31, 31, v1), Extract(31, 31, v1), Extract(31, 31, v1), Extract(31, 31, v1), Extract(31, 31, v1), Extract(31, 31, v1), Extract(31, 31, v1), Extract(31, 31, v1), Extract(31, 31, v1), Extract(31, 31, v1), Extract(31, 31, v1), Extract(31, 31, v1), Extract(31, 31, v1), Extract(31, 31, v1), Extract(31, 31, v1), Extract(31, 31, v1), Extract(31, 31, v1), Extract(31, 31, v1), Extract(31, 31, v1), Extract(31, 31, v1), Extract(31, 31, v1), Extract(31, 31, v1), Extract(31, 31, v1), Extract(31, 31, v1), Extract(31, 31, v1), Extract(31, 31, v1), Extract(31, 31, v1), Extract(31, 31, v1), Extract(31, 31, v1), Extract(31, 31, v1), Extract(31, 31, v1), Extract(31, 31, v1), Extract(31, 31, v1), Extract(31, 31, v1), Extract(31, 31, v1), Extract(31, 31, v1), Extract(31, 31, v1), Extract(31, 31, v1), Extract(31, 31, v1), Extract(31, 31, v1), Extract(31, 31, v1), Extract(31, 31, v1), Extract(31, 31, v1), Extract(31, 31, v1), Extract(31, 31, v1), Extract(31, 31, v1), Extract(31, 31, v1), Extract(31, 31, v1), Extract(31, 31, v1), Extract(31, 31, v1), Extract(31, 31, v1), Extract(31, 31, v1), Extract(31, 31, v1), Extract(31, 31, v1), Extract(31, 31, v1), Extract(31, 31, v1), Extract(31, 31, v1), Extract(31, 31, v1), Extract(31, 31, v1), Extract(31, 31, v1), Extract(31, 31, v1), Extract(31, 31, v1), Extract(31, 31, v1), Extract(31, 31, v1), Extract(31, 31, v1), Extract(31, 31, v1), Extract(31, 31, v1), Extract(31, 31, v1), Extract(31, 31, v1), Extract(31, 31, v1), Extract(31, 31, v1), Extract(31, 31, v1), Extract(31, 31, v1), Extract(31, 31, v1), Extract(31, 31, v1), Extract(31, 31, v1), Extract(31, 31, v1), Extract(31, 31, v1), Extract(31, 31, v1), Extract(31, 31, v1), Extract(31, 31, v1), Extract(31, 31, v1), Extract(31, 31, v1), Extract(31, 31, v1), Extract(31, 31, v1), Extract(31, 31, v1), Extract(31, 31, v1), Extract(31, 31, v1), Extract(31, 31, v1), Extract(31, 31, v1), Extract(31, 31, v1), Extract(31, 31, v1), Extract(31, 31, v1), Extract(31, 31, v1), Extract(31, 31, v1), Extract(31, 31, v1), Extract(31, 31, v1), Extract(31, 31, v1), Extract(31, 0, v1)))))
[228/507] c/op_247
      UNDECIDED                  answer width 64
      x86   : Extract(63, 0, bvsrem_i(Concat(Concat(Extract(31, 31, v0), Extract(31, 31, v0), Extract(31, 31, v0), Extract(31, 31, v0), Extract(31, 31, v0), Extract(31, 31, v0), Extract(31, 31, v0), Extract(31, 31, v0), Extract(31, 31, v0), Extract(31, 31, v0), Extract(31, 31, v0), Extract(31, 31, v0), Extract(31, 31, v0), Extract(31, 31, v0), Extract(31, 31, v0), Extract(31, 31, v0), Extract(31, 31, v0), Extract(31, 31, v0), Extract(31, 31, v0), Extract(31, 31, v0), Extract(31, 31, v0), Extract(31, 31, v0), Extract(31, 31, v0), Extract(31, 31, v0), Extract(31, 31, v0), Extract(31, 31, v0), Extract(31, 31, v0), Extract(31, 31, v0), Extract(31, 31, v0), Extract(31, 31, v0), Extract(31, 31, v0), Extract(31, 31, v0), Extract(31, 0, v0)) >> 63, Extract(31, 31, v0), Extract(31, 31, v0), Extract(31, 31, v0), Extract(31, 31, v0), Extract(31, 31, v0), Extract(31, 31, v0), Extract(31, 31, v0), Extract(31, 31, v0), Extract(31, 31, v0), Extract(31, 31, v0), Extract(31, 31, v0), Extract(31, 31, v0), Extract(31, 31, v0), Extract(31, 31, v0), Extract(31, 31, v0), Extract(31, 31, v0), Extract(31, 31, v0), Extract(31, 31, v0), Extract(31, 31, v0), Extract(31, 31, v0), Extract(31, 31, v0), Extract(31, 31, v0), Extract(31, 31, v0), Extract(31, 31, v0), Extract(31, 31, v0), Extract(31, 31, v0), Extract(31, 31, v0), Extract(31, 31, v0), Extract(31, 31, v0), Extract(31, 31, v0), Extract(31, 31, v0), Extract(31, 31, v0), Extract(31, 0, v0)), Concat(Extract(63, 63, v1), Extract(63, 63, v1), Extract(63, 63, v1), Extract(63, 63, v1), Extract(63, 63, v1), Extract(63, 63, v1), Extract(63, 63, v1), Extract(63, 63, v1), Extract(63, 63, v1), Extract(63, 63, v1), Extract(63, 63, v1), Extract(63, 63, v1), Extract(63, 63, v1), Extract(63, 63, v1), Extract(63, 63, v1), Extract(63, 63, v1), Extract(63, 63, v1), Extract(63, 63, v1), Extract(63, 63, v1), Extract(63, 63, v1), Extract(63, 63, v1), Extract(63, 63, v1), Extract(63, 63, v1), Extract(63, 63, v1), Extract(63, 63, v1), Extract(63, 63, v1), Extract(63, 63, v1), Extract(63, 63, v1), Extract(63, 63, v1), Extract(63, 63, v1), Extract(63, 63, v1), Extract(63, 63, v1), Extract(63, 63, v1), Extract(63, 63, v1), Extract(63, 63, v1), Extract(63, 63, v1), Extract(63, 63, v1), Extract(63, 63, v1), Extract(63, 63, v1), Extract(63, 63, v1), Extract(63, 63, v1), Extract(63, 63, v1), Extract(63, 63, v1), Extract(63, 63, v1), Extract(63, 63, v1), Extract(63, 63, v1), Extract(63, 63, v1), Extract(63, 63, v1), Extract(63, 63, v1), Extract(63, 63, v1), Extract(63, 63, v1), Extract(63, 63, v1), Extract(63, 63, v1), Extract(63, 63, v1), Extract(63, 63, v1), Extract(63, 63, v1), Extract(63, 63, v1), Extract(63, 63, v1), Extract(63, 63, v1), Extract(63, 63, v1), Extract(63, 63, v1), Extract(63, 63, v1), Extract(63, 63, v1), Extract(63, 63, v1), v1)))
      riscv : If(And(Extract(63, 63, v1) == 0, v1 == 0), v0, Extract(63, 0, bvsrem_i(Concat(Extract(63, 63, v0), Extract(63, 63, v0), Extract(63, 63, v0), Extract(63, 63, v0), Extract(63, 63, v0), Extract(63, 63, v0), Extract(63, 63, v0), Extract(63, 63, v0), Extract(63, 63, v0), Extract(63, 63, v0), Extract(63, 63, v0), Extract(63, 63, v0), Extract(63, 63, v0), Extract(63, 63, v0), Extract(63, 63, v0), Extract(63, 63, v0), Extract(63, 63, v0), Extract(63, 63, v0), Extract(63, 63, v0), Extract(63, 63, v0), Extract(63, 63, v0), Extract(63, 63, v0), Extract(63, 63, v0), Extract(63, 63, v0), Extract(63, 63, v0), Extract(63, 63, v0), Extract(63, 63, v0), Extract(63, 63, v0), Extract(63, 63, v0), Extract(63, 63, v0), Extract(63, 63, v0), Extract(63, 63, v0), Extract(63, 63, v0), Extract(63, 63, v0), Extract(63, 63, v0), Extract(63, 63, v0), Extract(63, 63, v0), Extract(63, 63, v0), Extract(63, 63, v0), Extract(63, 63, v0), Extract(63, 63, v0), Extract(63, 63, v0), Extract(63, 63, v0), Extract(63, 63, v0), Extract(63, 63, v0), Extract(63, 63, v0), Extract(63, 63, v0), Extract(63, 63, v0), Extract(63, 63, v0), Extract(63, 63, v0), Extract(63, 63, v0), Extract(63, 63, v0), Extract(63, 63, v0), Extract(63, 63, v0), Extract(63, 63, v0), Extract(63, 63, v0), Extract(63, 63, v0), Extract(63, 63, v0), Extract(63, 63, v0), Extract(63, 63, v0), Extract(63, 63, v0), Extract(63, 63, v0), Extract(63, 63, v0), Extract(63, 63, v0), Extract(63, 63, v0), Extract(63, 63, v0), Extract(63, 63, v0), Extract(63, 63, v0), v0), Concat(Extract(63, 63, v1), Extract(63, 63, v1), Extract(63, 63, v1), Extract(63, 63, v1), Extract(63, 63, v1), Extract(63, 63, v1), Extract(63, 63, v1), Extract(63, 63, v1), Extract(63, 63, v1), Extract(63, 63, v1), Extract(63, 63, v1), Extract(63, 63, v1), Extract(63, 63, v1), Extract(63, 63, v1), Extract(63, 63, v1), Extract(63, 63, v1), Extract(63, 63, v1), Extract(63, 63, v1), Extract(63, 63, v1), Extract(63, 63, v1), Extract(63, 63, v1), Extract(63, 63, v1), Extract(63, 63, v1), Extract(63, 63, v1), Extract(63, 63, v1), Extract(63, 63, v1), Extract(63, 63, v1), Extract(63, 63, v1), Extract(63, 63, v1), Extract(63, 63, v1), Extract(63, 63, v1), Extract(63, 63, v1), Extract(63, 63, v1), Extract(63, 63, v1), Extract(63, 63, v1), Extract(63, 63, v1), Extract(63, 63, v1), Extract(63, 63, v1), Extract(63, 63, v1), Extract(63, 63, v1), Extract(63, 63, v1), Extract(63, 63, v1), Extract(63, 63, v1), Extract(63, 63, v1), Extract(63, 63, v1), Extract(63, 63, v1), Extract(63, 63, v1), Extract(63, 63, v1), Extract(63, 63, v1), Extract(63, 63, v1), Extract(63, 63, v1), Extract(63, 63, v1), Extract(63, 63, v1), Extract(63, 63, v1), Extract(63, 63, v1), Extract(63, 63, v1), Extract(63, 63, v1), Extract(63, 63, v1), Extract(63, 63, v1), Extract(63, 63, v1), Extract(63, 63, v1), Extract(63, 63, v1), Extract(63, 63, v1), Extract(63, 63, v1), Extract(63, 63, v1), Extract(63, 63, v1), Extract(63, 63, v1), Extract(63, 63, v1), v1))))
[229/507] c/op_248
      UNDECIDED                  answer width 64
      x86   : Extract(63, 0, bvurem_i(Concat(0, Extract(31, 31, v0), Extract(31, 31, v0), Extract(31, 31, v0), Extract(31, 31, v0), Extract(31, 31, v0), Extract(31, 31, v0), Extract(31, 31, v0), Extract(31, 31, v0), Extract(31, 31, v0), Extract(31, 31, v0), Extract(31, 31, v0), Extract(31, 31, v0), Extract(31, 31, v0), Extract(31, 31, v0), Extract(31, 31, v0), Extract(31, 31, v0), Extract(31, 31, v0), Extract(31, 31, v0), Extract(31, 31, v0), Extract(31, 31, v0), Extract(31, 31, v0), Extract(31, 31, v0), Extract(31, 31, v0), Extract(31, 31, v0), Extract(31, 31, v0), Extract(31, 31, v0), Extract(31, 31, v0), Extract(31, 31, v0), Extract(31, 31, v0), Extract(31, 31, v0), Extract(31, 31, v0), Extract(31, 31, v0), Extract(31, 0, v0)), Concat(0, v1)))
      riscv : If(v0 == 0, v1, Extract(63, 0, bvsrem_i(Concat(0, v1), Concat(0, v0))))
[230/507] c/op_251
      IDENTICAL_AFTER_NORMALIZE  answer width 32
      x86   : 0
      riscv : 0
[231/507] c/op_252
      UNDECIDED                  answer width 64
      x86   : Extract(63, 0, bvsrem_i(Concat(v0 >> 63, v0), Concat(Extract(31, 31, v1), Extract(31, 31, v1), Extract(31, 31, v1), Extract(31, 31, v1), Extract(31, 31, v1), Extract(31, 31, v1), Extract(31, 31, v1), Extract(31, 31, v1), Extract(31, 31, v1), Extract(31, 31, v1), Extract(31, 31, v1), Extract(31, 31, v1), Extract(31, 31, v1), Extract(31, 31, v1), Extract(31, 31, v1), Extract(31, 31, v1), Extract(31, 31, v1), Extract(31, 31, v1), Extract(31, 31, v1), Extract(31, 31, v1), Extract(31, 31, v1), Extract(31, 31, v1), Extract(31, 31, v1), Extract(31, 31, v1), Extract(31, 31, v1), Extract(31, 31, v1), Extract(31, 31, v1), Extract(31, 31, v1), Extract(31, 31, v1), Extract(31, 31, v1), Extract(31, 31, v1), Extract(31, 31, v1), Extract(31, 31, v1), Extract(31, 31, v1), Extract(31, 31, v1), Extract(31, 31, v1), Extract(31, 31, v1), Extract(31, 31, v1), Extract(31, 31, v1), Extract(31, 31, v1), Extract(31, 31, v1), Extract(31, 31, v1), Extract(31, 31, v1), Extract(31, 31, v1), Extract(31, 31, v1), Extract(31, 31, v1), Extract(31, 31, v1), Extract(31, 31, v1), Extract(31, 31, v1), Extract(31, 31, v1), Extract(31, 31, v1), Extract(31, 31, v1), Extract(31, 31, v1), Extract(31, 31, v1), Extract(31, 31, v1), Extract(31, 31, v1), Extract(31, 31, v1), Extract(31, 31, v1), Extract(31, 31, v1), Extract(31, 31, v1), Extract(31, 31, v1), Extract(31, 31, v1), Extract(31, 31, v1), Extract(31, 31, v1), Extract(31, 31, v1), Extract(31, 31, v1), Extract(31, 31, v1), Extract(31, 31, v1), Extract(31, 31, v1), Extract(31, 31, v1), Extract(31, 31, v1), Extract(31, 31, v1), Extract(31, 31, v1), Extract(31, 31, v1), Extract(31, 31, v1), Extract(31, 31, v1), Extract(31, 31, v1), Extract(31, 31, v1), Extract(31, 31, v1), Extract(31, 31, v1), Extract(31, 31, v1), Extract(31, 31, v1), Extract(31, 31, v1), Extract(31, 31, v1), Extract(31, 31, v1), Extract(31, 31, v1), Extract(31, 31, v1), Extract(31, 31, v1), Extract(31, 31, v1), Extract(31, 31, v1), Extract(31, 31, v1), Extract(31, 31, v1), Extract(31, 31, v1), Extract(31, 31, v1), Extract(31, 31, v1), Extract(31, 31, v1), Extract(31, 0, v1))))
      riscv : If(And(Extract(63, 63, v1) == 0, v1 == 0), v0, Extract(63, 0, bvsrem_i(Concat(Extract(63, 63, v0), Extract(63, 63, v0), Extract(63, 63, v0), Extract(63, 63, v0), Extract(63, 63, v0), Extract(63, 63, v0), Extract(63, 63, v0), Extract(63, 63, v0), Extract(63, 63, v0), Extract(63, 63, v0), Extract(63, 63, v0), Extract(63, 63, v0), Extract(63, 63, v0), Extract(63, 63, v0), Extract(63, 63, v0), Extract(63, 63, v0), Extract(63, 63, v0), Extract(63, 63, v0), Extract(63, 63, v0), Extract(63, 63, v0), Extract(63, 63, v0), Extract(63, 63, v0), Extract(63, 63, v0), Extract(63, 63, v0), Extract(63, 63, v0), Extract(63, 63, v0), Extract(63, 63, v0), Extract(63, 63, v0), Extract(63, 63, v0), Extract(63, 63, v0), Extract(63, 63, v0), Extract(63, 63, v0), Extract(63, 63, v0), Extract(63, 63, v0), Extract(63, 63, v0), Extract(63, 63, v0), Extract(63, 63, v0), Extract(63, 63, v0), Extract(63, 63, v0), Extract(63, 63, v0), Extract(63, 63, v0), Extract(63, 63, v0), Extract(63, 63, v0), Extract(63, 63, v0), Extract(63, 63, v0), Extract(63, 63, v0), Extract(63, 63, v0), Extract(63, 63, v0), Extract(63, 63, v0), Extract(63, 63, v0), Extract(63, 63, v0), Extract(63, 63, v0), Extract(63, 63, v0), Extract(63, 63, v0), Extract(63, 63, v0), Extract(63, 63, v0), Extract(63, 63, v0), Extract(63, 63, v0), Extract(63, 63, v0), Extract(63, 63, v0), Extract(63, 63, v0), Extract(63, 63, v0), Extract(63, 63, v0), Extract(63, 63, v0), Extract(63, 63, v0), Extract(63, 63, v0), Extract(63, 63, v0), Extract(63, 63, v0), v0), Concat(Extract(63, 63, v1), Extract(63, 63, v1), Extract(63, 63, v1), Extract(63, 63, v1), Extract(63, 63, v1), Extract(63, 63, v1), Extract(63, 63, v1), Extract(63, 63, v1), Extract(63, 63, v1), Extract(63, 63, v1), Extract(63, 63, v1), Extract(63, 63, v1), Extract(63, 63, v1), Extract(63, 63, v1), Extract(63, 63, v1), Extract(63, 63, v1), Extract(63, 63, v1), Extract(63, 63, v1), Extract(63, 63, v1), Extract(63, 63, v1), Extract(63, 63, v1), Extract(63, 63, v1), Extract(63, 63, v1), Extract(63, 63, v1), Extract(63, 63, v1), Extract(63, 63, v1), Extract(63, 63, v1), Extract(63, 63, v1), Extract(63, 63, v1), Extract(63, 63, v1), Extract(63, 63, v1), Extract(63, 63, v1), Extract(63, 63, v1), Extract(63, 63, v1), Extract(63, 63, v1), Extract(63, 63, v1), Extract(63, 63, v1), Extract(63, 63, v1), Extract(63, 63, v1), Extract(63, 63, v1), Extract(63, 63, v1), Extract(63, 63, v1), Extract(63, 63, v1), Extract(63, 63, v1), Extract(63, 63, v1), Extract(63, 63, v1), Extract(63, 63, v1), Extract(63, 63, v1), Extract(63, 63, v1), Extract(63, 63, v1), Extract(63, 63, v1), Extract(63, 63, v1), Extract(63, 63, v1), Extract(63, 63, v1), Extract(63, 63, v1), Extract(63, 63, v1), Extract(63, 63, v1), Extract(63, 63, v1), Extract(63, 63, v1), Extract(63, 63, v1), Extract(63, 63, v1), Extract(63, 63, v1), Extract(63, 63, v1), Extract(63, 63, v1), Extract(63, 63, v1), Extract(63, 63, v1), Extract(63, 63, v1), Extract(63, 63, v1), v1))))
[232/507] c/op_253
      UNDECIDED                  answer width 64
      x86   : Extract(63, 0, bvsrem_i(Concat(v0 >> 63, v0), Concat(Extract(63, 63, v1), Extract(63, 63, v1), Extract(63, 63, v1), Extract(63, 63, v1), Extract(63, 63, v1), Extract(63, 63, v1), Extract(63, 63, v1), Extract(63, 63, v1), Extract(63, 63, v1), Extract(63, 63, v1), Extract(63, 63, v1), Extract(63, 63, v1), Extract(63, 63, v1), Extract(63, 63, v1), Extract(63, 63, v1), Extract(63, 63, v1), Extract(63, 63, v1), Extract(63, 63, v1), Extract(63, 63, v1), Extract(63, 63, v1), Extract(63, 63, v1), Extract(63, 63, v1), Extract(63, 63, v1), Extract(63, 63, v1), Extract(63, 63, v1), Extract(63, 63, v1), Extract(63, 63, v1), Extract(63, 63, v1), Extract(63, 63, v1), Extract(63, 63, v1), Extract(63, 63, v1), Extract(63, 63, v1), Extract(63, 63, v1), Extract(63, 63, v1), Extract(63, 63, v1), Extract(63, 63, v1), Extract(63, 63, v1), Extract(63, 63, v1), Extract(63, 63, v1), Extract(63, 63, v1), Extract(63, 63, v1), Extract(63, 63, v1), Extract(63, 63, v1), Extract(63, 63, v1), Extract(63, 63, v1), Extract(63, 63, v1), Extract(63, 63, v1), Extract(63, 63, v1), Extract(63, 63, v1), Extract(63, 63, v1), Extract(63, 63, v1), Extract(63, 63, v1), Extract(63, 63, v1), Extract(63, 63, v1), Extract(63, 63, v1), Extract(63, 63, v1), Extract(63, 63, v1), Extract(63, 63, v1), Extract(63, 63, v1), Extract(63, 63, v1), Extract(63, 63, v1), Extract(63, 63, v1), Extract(63, 63, v1), Extract(63, 63, v1), v1)))
      riscv : If(And(Extract(63, 63, v1) == 0, v1 == 0), v0, Extract(63, 0, bvsrem_i(Concat(Extract(63, 63, v0), Extract(63, 63, v0), Extract(63, 63, v0), Extract(63, 63, v0), Extract(63, 63, v0), Extract(63, 63, v0), Extract(63, 63, v0), Extract(63, 63, v0), Extract(63, 63, v0), Extract(63, 63, v0), Extract(63, 63, v0), Extract(63, 63, v0), Extract(63, 63, v0), Extract(63, 63, v0), Extract(63, 63, v0), Extract(63, 63, v0), Extract(63, 63, v0), Extract(63, 63, v0), Extract(63, 63, v0), Extract(63, 63, v0), Extract(63, 63, v0), Extract(63, 63, v0), Extract(63, 63, v0), Extract(63, 63, v0), Extract(63, 63, v0), Extract(63, 63, v0), Extract(63, 63, v0), Extract(63, 63, v0), Extract(63, 63, v0), Extract(63, 63, v0), Extract(63, 63, v0), Extract(63, 63, v0), Extract(63, 63, v0), Extract(63, 63, v0), Extract(63, 63, v0), Extract(63, 63, v0), Extract(63, 63, v0), Extract(63, 63, v0), Extract(63, 63, v0), Extract(63, 63, v0), Extract(63, 63, v0), Extract(63, 63, v0), Extract(63, 63, v0), Extract(63, 63, v0), Extract(63, 63, v0), Extract(63, 63, v0), Extract(63, 63, v0), Extract(63, 63, v0), Extract(63, 63, v0), Extract(63, 63, v0), Extract(63, 63, v0), Extract(63, 63, v0), Extract(63, 63, v0), Extract(63, 63, v0), Extract(63, 63, v0), Extract(63, 63, v0), Extract(63, 63, v0), Extract(63, 63, v0), Extract(63, 63, v0), Extract(63, 63, v0), Extract(63, 63, v0), Extract(63, 63, v0), Extract(63, 63, v0), Extract(63, 63, v0), Extract(63, 63, v0), Extract(63, 63, v0), Extract(63, 63, v0), Extract(63, 63, v0), v0), Concat(Extract(63, 63, v1), Extract(63, 63, v1), Extract(63, 63, v1), Extract(63, 63, v1), Extract(63, 63, v1), Extract(63, 63, v1), Extract(63, 63, v1), Extract(63, 63, v1), Extract(63, 63, v1), Extract(63, 63, v1), Extract(63, 63, v1), Extract(63, 63, v1), Extract(63, 63, v1), Extract(63, 63, v1), Extract(63, 63, v1), Extract(63, 63, v1), Extract(63, 63, v1), Extract(63, 63, v1), Extract(63, 63, v1), Extract(63, 63, v1), Extract(63, 63, v1), Extract(63, 63, v1), Extract(63, 63, v1), Extract(63, 63, v1), Extract(63, 63, v1), Extract(63, 63, v1), Extract(63, 63, v1), Extract(63, 63, v1), Extract(63, 63, v1), Extract(63, 63, v1), Extract(63, 63, v1), Extract(63, 63, v1), Extract(63, 63, v1), Extract(63, 63, v1), Extract(63, 63, v1), Extract(63, 63, v1), Extract(63, 63, v1), Extract(63, 63, v1), Extract(63, 63, v1), Extract(63, 63, v1), Extract(63, 63, v1), Extract(63, 63, v1), Extract(63, 63, v1), Extract(63, 63, v1), Extract(63, 63, v1), Extract(63, 63, v1), Extract(63, 63, v1), Extract(63, 63, v1), Extract(63, 63, v1), Extract(63, 63, v1), Extract(63, 63, v1), Extract(63, 63, v1), Extract(63, 63, v1), Extract(63, 63, v1), Extract(63, 63, v1), Extract(63, 63, v1), Extract(63, 63, v1), Extract(63, 63, v1), Extract(63, 63, v1), Extract(63, 63, v1), Extract(63, 63, v1), Extract(63, 63, v1), Extract(63, 63, v1), Extract(63, 63, v1), Extract(63, 63, v1), Extract(63, 63, v1), Extract(63, 63, v1), Extract(63, 63, v1), v1))))
[233/507] c/op_254
      UNDECIDED                  answer width 64
      x86   : Extract(63, 0, bvurem_i(Concat(0, v0), Concat(0, v1)))
      riscv : If(v0 == 0, v1, Extract(63, 0, bvsrem_i(Concat(0, v1), Concat(0, v0))))
[234/507] c/op_257
      IDENTICAL_AFTER_NORMALIZE  answer width 32
      x86   : 0
      riscv : 0
[235/507] c/op_258
      UNDECIDED                  answer width 64
      x86   : Extract(63, 0, bvurem_i(Concat(0, v0), Concat(0, Extract(31, 31, v1), Extract(31, 31, v1), Extract(31, 31, v1), Extract(31, 31, v1), Extract(31, 31, v1), Extract(31, 31, v1), Extract(31, 31, v1), Extract(31, 31, v1), Extract(31, 31, v1), Extract(31, 31, v1), Extract(31, 31, v1), Extract(31, 31, v1), Extract(31, 31, v1), Extract(31, 31, v1), Extract(31, 31, v1), Extract(31, 31, v1), Extract(31, 31, v1), Extract(31, 31, v1), Extract(31, 31, v1), Extract(31, 31, v1), Extract(31, 31, v1), Extract(31, 31, v1), Extract(31, 31, v1), Extract(31, 31, v1), Extract(31, 31, v1), Extract(31, 31, v1), Extract(31, 31, v1), Extract(31, 31, v1), Extract(31, 31, v1), Extract(31, 31, v1), Extract(31, 31, v1), Extract(31, 31, v1), Extract(31, 0, v1))))
      riscv : If(v0 == 0, v1, Extract(63, 0, bvsrem_i(Concat(0, v1), Concat(0, v0))))
[236/507] c/op_259
      UNDECIDED                  answer width 64
      x86   : Extract(63, 0, bvurem_i(Concat(0, v0), Concat(0, v1)))
      riscv : If(v0 == 0, v1, Extract(63, 0, bvsrem_i(Concat(0, v1), Concat(0, v0))))
[237/507] c/op_260
      UNDECIDED                  answer width 64
      x86   : Extract(63, 0, bvurem_i(Concat(0, v0), Concat(0, v1)))
      riscv : If(v0 == 0, v1, Extract(63, 0, bvsrem_i(Concat(0, v1), Concat(0, v0))))
[238/507] c/op_263
      IDENTICAL_AFTER_NORMALIZE  answer width 32
      x86   : 0
      riscv : 0
[239/507] c/op_276
      UNDECIDED                  answer width 32
      x86   : Extract(31, 0, bvsrem_i(Concat(0, Extract(31, 0, v0)), Concat(Extract(31, 31, v1), Extract(31, 31, v1), Extract(31, 31, v1), Extract(31, 31, v1), Extract(31, 31, v1), Extract(31, 31, v1), Extract(31, 31, v1), Extract(31, 31, v1), Extract(31, 31, v1), Extract(31, 31, v1), Extract(31, 31, v1), Extract(31, 31, v1), Extract(31, 31, v1), Extract(31, 31, v1), Extract(31, 31, v1), Extract(31, 31, v1), Extract(31, 31, v1), Extract(31, 31, v1), Extract(31, 31, v1), Extract(31, 31, v1), Extract(31, 31, v1), Extract(31, 31, v1), Extract(31, 31, v1), Extract(31, 31, v1), Extract(31, 31, v1), Extract(31, 31, v1), Extract(31, 31, v1), Extract(31, 31, v1), Extract(31, 31, v1), Extract(31, 31, v1), Extract(31, 31, v1), Extract(31, 31, v1), Extract(31, 0, v1))))
      riscv : If(And(Extract(31, 0, v1) == 0, Extract(31, 31, v1) == 0), Extract(31, 0, v0), Extract(31, 0, bvsrem_i(Concat(Extract(31, 31, v0), Extract(31, 31, v0), Extract(31, 31, v0), Extract(31, 31, v0), Extract(31, 31, v0), Extract(31, 31, v0), Extract(31, 31, v0), Extract(31, 31, v0), Extract(31, 31, v0), Extract(31, 31, v0), Extract(31, 31, v0), Extract(31, 31, v0), Extract(31, 31, v0), Extract(31, 31, v0), Extract(31, 31, v0), Extract(31, 31, v0), Extract(31, 31, v0), Extract(31, 31, v0), Extract(31, 31, v0), Extract(31, 31, v0), Extract(31, 31, v0), Extract(31, 31, v0), Extract(31, 31, v0), Extract(31, 31, v0), Extract(31, 31, v0), Extract(31, 31, v0), Extract(31, 31, v0), Extract(31, 31, v0), Extract(31, 31, v0), Extract(31, 31, v0), Extract(31, 31, v0), Extract(31, 31, v0), Extract(31, 31, v0), Extract(31, 31, v0), Extract(31, 31, v0), Extract(31, 31, v0), Extract(31, 31, v0), Extract(31, 31, v0), Extract(31, 31, v0), Extract(31, 31, v0), Extract(31, 31, v0), Extract(31, 31, v0), Extract(31, 31, v0), Extract(31, 31, v0), Extract(31, 31, v0), Extract(31, 31, v0), Extract(31, 31, v0), Extract(31, 31, v0), Extract(31, 31, v0), Extract(31, 31, v0), Extract(31, 31, v0), Extract(31, 31, v0), Extract(31, 31, v0), Extract(31, 31, v0), Extract(31, 31, v0), Extract(31, 31, v0), Extract(31, 31, v0), Extract(31, 31, v0), Extract(31, 31, v0), Extract(31, 31, v0), Extract(31, 31, v0), Extract(31, 31, v0), Extract(31, 31, v0), Extract(31, 31, v0), Extract(31, 31, v0), Extract(31, 31, v0), Extract(31, 31, v0), Extract(31, 31, v0), Extract(31, 31, v0), Extract(31, 31, v0), Extract(31, 31, v0), Extract(31, 31, v0), Extract(31, 31, v0), Extract(31, 31, v0), Extract(31, 31, v0), Extract(31, 31, v0), Extract(31, 31, v0), Extract(31, 31, v0), Extract(31, 31, v0), Extract(31, 31, v0), Extract(31, 31, v0), Extract(31, 31, v0), Extract(31, 31, v0), Extract(31, 31, v0), Extract(31, 31, v0), Extract(31, 31, v0), Extract(31, 31, v0), Extract(31, 31, v0), Extract(31, 31, v0), Extract(31, 31, v0), Extract(31, 31, v0), Extract(31, 31, v0), Extract(31, 31, v0), Extract(31, 31, v0), Extract(31, 31, v0), Extract(31, 31, v0), Extract(31, 31, v0), Extract(31, 31, v0), Extract(31, 31, v0), Extract(31, 31, v0), Extract(31, 0, v0)), Concat(Extract(31, 31, v1), Extract(31, 31, v1), Extract(31, 31, v1), Extract(31, 31, v1), Extract(31, 31, v1), Extract(31, 31, v1), Extract(31, 31, v1), Extract(31, 31, v1), Extract(31, 31, v1), Extract(31, 31, v1), Extract(31, 31, v1), Extract(31, 31, v1), Extract(31, 31, v1), Extract(31, 31, v1), Extract(31, 31, v1), Extract(31, 31, v1), Extract(31, 31, v1), Extract(31, 31, v1), Extract(31, 31, v1), Extract(31, 31, v1), Extract(31, 31, v1), Extract(31, 31, v1), Extract(31, 31, v1), Extract(31, 31, v1), Extract(31, 31, v1), Extract(31, 31, v1), Extract(31, 31, v1), Extract(31, 31, v1), Extract(31, 31, v1), Extract(31, 31, v1), Extract(31, 31, v1), Extract(31, 31, v1), Extract(31, 31, v1), Extract(31, 31, v1), Extract(31, 31, v1), Extract(31, 31, v1), Extract(31, 31, v1), Extract(31, 31, v1), Extract(31, 31, v1), Extract(31, 31, v1), Extract(31, 31, v1), Extract(31, 31, v1), Extract(31, 31, v1), Extract(31, 31, v1), Extract(31, 31, v1), Extract(31, 31, v1), Extract(31, 31, v1), Extract(31, 31, v1), Extract(31, 31, v1), Extract(31, 31, v1), Extract(31, 31, v1), Extract(31, 31, v1), Extract(31, 31, v1), Extract(31, 31, v1), Extract(31, 31, v1), Extract(31, 31, v1), Extract(31, 31, v1), Extract(31, 31, v1), Extract(31, 31, v1), Extract(31, 31, v1), Extract(31, 31, v1), Extract(31, 31, v1), Extract(31, 31, v1), Extract(31, 31, v1), Extract(31, 31, v1), Extract(31, 31, v1), Extract(31, 31, v1), Extract(31, 31, v1), Extract(31, 31, v1), Extract(31, 31, v1), Extract(31, 31, v1), Extract(31, 31, v1), Extract(31, 31, v1), Extract(31, 31, v1), Extract(31, 31, v1), Extract(31, 31, v1), Extract(31, 31, v1), Extract(31, 31, v1), Extract(31, 31, v1), Extract(31, 31, v1), Extract(31, 31, v1), Extract(31, 31, v1), Extract(31, 31, v1), Extract(31, 31, v1), Extract(31, 31, v1), Extract(31, 31, v1), Extract(31, 31, v1), Extract(31, 31, v1), Extract(31, 31, v1), Extract(31, 31, v1), Extract(31, 31, v1), Extract(31, 31, v1), Extract(31, 31, v1), Extract(31, 31, v1), Extract(31, 31, v1), Extract(31, 31, v1), Extract(31, 31, v1), Extract(31, 31, v1), Extract(31, 31, v1), Extract(31, 31, v1), Extract(31, 0, v1)))))
[240/507] c/op_277
      UNDECIDED                  answer width 64
      x86   : Extract(63, 0, bvsrem_i(Concat(0, Extract(31, 0, v0)), Concat(Extract(63, 63, v1), Extract(63, 63, v1), Extract(63, 63, v1), Extract(63, 63, v1), Extract(63, 63, v1), Extract(63, 63, v1), Extract(63, 63, v1), Extract(63, 63, v1), Extract(63, 63, v1), Extract(63, 63, v1), Extract(63, 63, v1), Extract(63, 63, v1), Extract(63, 63, v1), Extract(63, 63, v1), Extract(63, 63, v1), Extract(63, 63, v1), Extract(63, 63, v1), Extract(63, 63, v1), Extract(63, 63, v1), Extract(63, 63, v1), Extract(63, 63, v1), Extract(63, 63, v1), Extract(63, 63, v1), Extract(63, 63, v1), Extract(63, 63, v1), Extract(63, 63, v1), Extract(63, 63, v1), Extract(63, 63, v1), Extract(63, 63, v1), Extract(63, 63, v1), Extract(63, 63, v1), Extract(63, 63, v1), Extract(63, 63, v1), Extract(63, 63, v1), Extract(63, 63, v1), Extract(63, 63, v1), Extract(63, 63, v1), Extract(63, 63, v1), Extract(63, 63, v1), Extract(63, 63, v1), Extract(63, 63, v1), Extract(63, 63, v1), Extract(63, 63, v1), Extract(63, 63, v1), Extract(63, 63, v1), Extract(63, 63, v1), Extract(63, 63, v1), Extract(63, 63, v1), Extract(63, 63, v1), Extract(63, 63, v1), Extract(63, 63, v1), Extract(63, 63, v1), Extract(63, 63, v1), Extract(63, 63, v1), Extract(63, 63, v1), Extract(63, 63, v1), Extract(63, 63, v1), Extract(63, 63, v1), Extract(63, 63, v1), Extract(63, 63, v1), Extract(63, 63, v1), Extract(63, 63, v1), Extract(63, 63, v1), Extract(63, 63, v1), v1)))
      riscv : If(And(Extract(63, 63, v1) == 0, v1 == 0), v0, Extract(63, 0, bvsrem_i(Concat(Extract(63, 63, v0), Extract(63, 63, v0), Extract(63, 63, v0), Extract(63, 63, v0), Extract(63, 63, v0), Extract(63, 63, v0), Extract(63, 63, v0), Extract(63, 63, v0), Extract(63, 63, v0), Extract(63, 63, v0), Extract(63, 63, v0), Extract(63, 63, v0), Extract(63, 63, v0), Extract(63, 63, v0), Extract(63, 63, v0), Extract(63, 63, v0), Extract(63, 63, v0), Extract(63, 63, v0), Extract(63, 63, v0), Extract(63, 63, v0), Extract(63, 63, v0), Extract(63, 63, v0), Extract(63, 63, v0), Extract(63, 63, v0), Extract(63, 63, v0), Extract(63, 63, v0), Extract(63, 63, v0), Extract(63, 63, v0), Extract(63, 63, v0), Extract(63, 63, v0), Extract(63, 63, v0), Extract(63, 63, v0), Extract(63, 63, v0), Extract(63, 63, v0), Extract(63, 63, v0), Extract(63, 63, v0), Extract(63, 63, v0), Extract(63, 63, v0), Extract(63, 63, v0), Extract(63, 63, v0), Extract(63, 63, v0), Extract(63, 63, v0), Extract(63, 63, v0), Extract(63, 63, v0), Extract(63, 63, v0), Extract(63, 63, v0), Extract(63, 63, v0), Extract(63, 63, v0), Extract(63, 63, v0), Extract(63, 63, v0), Extract(63, 63, v0), Extract(63, 63, v0), Extract(63, 63, v0), Extract(63, 63, v0), Extract(63, 63, v0), Extract(63, 63, v0), Extract(63, 63, v0), Extract(63, 63, v0), Extract(63, 63, v0), Extract(63, 63, v0), Extract(63, 63, v0), Extract(63, 63, v0), Extract(63, 63, v0), Extract(63, 63, v0), Extract(63, 63, v0), Extract(63, 63, v0), Extract(63, 63, v0), Extract(63, 63, v0), v0), Concat(Extract(63, 63, v1), Extract(63, 63, v1), Extract(63, 63, v1), Extract(63, 63, v1), Extract(63, 63, v1), Extract(63, 63, v1), Extract(63, 63, v1), Extract(63, 63, v1), Extract(63, 63, v1), Extract(63, 63, v1), Extract(63, 63, v1), Extract(63, 63, v1), Extract(63, 63, v1), Extract(63, 63, v1), Extract(63, 63, v1), Extract(63, 63, v1), Extract(63, 63, v1), Extract(63, 63, v1), Extract(63, 63, v1), Extract(63, 63, v1), Extract(63, 63, v1), Extract(63, 63, v1), Extract(63, 63, v1), Extract(63, 63, v1), Extract(63, 63, v1), Extract(63, 63, v1), Extract(63, 63, v1), Extract(63, 63, v1), Extract(63, 63, v1), Extract(63, 63, v1), Extract(63, 63, v1), Extract(63, 63, v1), Extract(63, 63, v1), Extract(63, 63, v1), Extract(63, 63, v1), Extract(63, 63, v1), Extract(63, 63, v1), Extract(63, 63, v1), Extract(63, 63, v1), Extract(63, 63, v1), Extract(63, 63, v1), Extract(63, 63, v1), Extract(63, 63, v1), Extract(63, 63, v1), Extract(63, 63, v1), Extract(63, 63, v1), Extract(63, 63, v1), Extract(63, 63, v1), Extract(63, 63, v1), Extract(63, 63, v1), Extract(63, 63, v1), Extract(63, 63, v1), Extract(63, 63, v1), Extract(63, 63, v1), Extract(63, 63, v1), Extract(63, 63, v1), Extract(63, 63, v1), Extract(63, 63, v1), Extract(63, 63, v1), Extract(63, 63, v1), Extract(63, 63, v1), Extract(63, 63, v1), Extract(63, 63, v1), Extract(63, 63, v1), Extract(63, 63, v1), Extract(63, 63, v1), Extract(63, 63, v1), Extract(63, 63, v1), v1))))
[241/507] c/op_278
      EQUAL_BY_Z3                answer width 64
      x86   : Extract(63, 0, bvurem_i(Concat(0, Extract(31, 0, v0)), Concat(0, v1)))
      riscv : If(v0 == 0, v1, Extract(63, 0, bvsrem_i(Concat(0, v1), Concat(0, v0))))
[242/507] c/op_281
      IDENTICAL_AFTER_NORMALIZE  answer width 32
      x86   : 0
      riscv : 0
[243/507] c/op_282
      EQUAL_BY_Z3                answer width 8
      x86   : If(Extract(31, 0, v0) | Extract(31, 0, v1) == 0, 0, 1)
      riscv : Concat(0, If(Concat(0, v0 | v1) <= 0, 0, 1))
[244/507] c/op_283
      EQUAL_BY_Z3                answer width 32
      x86   : Concat(0, If(Extract(31, 0, v0) == 0, 0, 1) | If(v1 == 0, 0, 1))
      riscv : Concat(0, If(Concat(0, v0 | v1) <= 0, 0, 1))
[245/507] c/op_284
      EQUAL_BY_Z3                answer width 32
      x86   : Concat(0, If(Extract(31, 0, v0) == 0, 0, 1) | If(v1 == 0, 0, 1))
      riscv : Concat(0, If(Concat(0, v0 | v1) <= 0, 0, 1))
[246/507] c/op_285
      DIFFER                     answer width 32
      x86   : Concat(0, If(Extract(31, 0, v1) == 0, 0, 1) | If(fpIsNaN(fpToFP(Extract(31, 0, v0))), 1, 0) | If(Or(fpIsNaN(fpToFP(Extract(31, 0, v0))), Not(fpEQ(fpToFP(Extract(31, 0, v0)), +0.0))), 1, 0))
      riscv : Concat(0, If(Concat(0, v1) <= 0, 0, 1) | If(fpEQ(fpToFP(If(Extract(63, 32, v0) == 4294967295, Extract(31, 0, v0), 2143289344)), +0.0), 0, 1))
      counterexample: {'arg0': '0', 'arg1': '0'}
[247/507] c/op_286
      EQUAL_BY_Z3                answer width 32
      x86   : Concat(0, If(Extract(31, 0, v1) == 0, 0, 1) | If(fpIsNaN(fpToFP(Extract(63, 0, v0))), 1, 0) | If(Or(fpIsNaN(fpToFP(Extract(63, 0, v0))), Not(fpEQ(fpToFP(Extract(63, 0, v0)), +0.0))), 1, 0))
      riscv : Concat(0, If(Concat(0, v1) <= 0, 0, 1) | If(fpEQ(fpToFP(Extract(63, 0, v0)), +0.0), 0, 1))
[248/507] c/op_287
      EQUAL_BY_Z3                answer width 32
      x86   : Concat(0, Extract(7, 0, v0) | If(Extract(31, 0, v1) == 0, 0, 1))
      riscv : Concat(Extract(31, 1, v0), Extract(0, 0, v0) | If(Concat(0, v1) <= 0, 0, 1))
[249/507] c/op_288
      EQUAL_BY_Z3                answer width 32
      x86   : Concat(0, If(Extract(31, 0, v0) == 0, 0, 1) | If(v1 == 0, 0, 1))
      riscv : Concat(0, If(Concat(0, v0 | v1) <= 0, 0, 1))
[250/507] c/op_289
      EQUAL_BY_Z3                answer width 8
      x86   : If(v0 | v1 == 0, 0, 1)
      riscv : Concat(0, If(Concat(0, v0 | v1) <= 0, 0, 1))
[251/507] c/op_290
      EQUAL_BY_Z3                answer width 8
      x86   : If(v0 | v1 == 0, 0, 1)
      riscv : Concat(0, If(Concat(0, v0 | v1) <= 0, 0, 1))
[252/507] c/op_291
      DIFFER                     answer width 32
      x86   : Concat(0, If(v1 == 0, 0, 1) | If(fpIsNaN(fpToFP(Extract(31, 0, v0))), 1, 0) | If(Or(fpIsNaN(fpToFP(Extract(31, 0, v0))), Not(fpEQ(fpToFP(Extract(31, 0, v0)), +0.0))), 1, 0))
      riscv : Concat(0, If(Concat(0, v1) <= 0, 0, 1) | If(fpEQ(fpToFP(If(Extract(63, 32, v0) == 4294967295, Extract(31, 0, v0), 2143289344)), +0.0), 0, 1))
      counterexample: {'arg0': '0', 'arg1': '9254118322599886848'}
[253/507] c/op_292
      EQUAL_BY_Z3                answer width 32
      x86   : Concat(0, If(v1 == 0, 0, 1) | If(fpIsNaN(fpToFP(Extract(63, 0, v0))), 1, 0) | If(Or(fpIsNaN(fpToFP(Extract(63, 0, v0))), Not(fpEQ(fpToFP(Extract(63, 0, v0)), +0.0))), 1, 0))
      riscv : Concat(0, If(Concat(0, v1) <= 0, 0, 1) | If(fpEQ(fpToFP(Extract(63, 0, v0)), +0.0), 0, 1))
[254/507] c/op_293
      EQUAL_BY_Z3                answer width 32
      x86   : Concat(0, Extract(7, 0, v0) | If(v1 == 0, 0, 1))
      riscv : Concat(Extract(31, 1, v0), Extract(0, 0, v0) | If(Concat(0, v1) <= 0, 0, 1))
[255/507] c/op_294
      EQUAL_BY_Z3                answer width 32
      x86   : Concat(0, If(Extract(31, 0, v0) == 0, 0, 1) | If(v1 == 0, 0, 1))
      riscv : Concat(0, If(Concat(0, v0 | v1) <= 0, 0, 1))
[256/507] c/op_295
      EQUAL_BY_Z3                answer width 8
      x86   : If(v0 | v1 == 0, 0, 1)
      riscv : Concat(0, If(Concat(0, v0 | v1) <= 0, 0, 1))
[257/507] c/op_296
      EQUAL_BY_Z3                answer width 8
      x86   : If(v0 | v1 == 0, 0, 1)
      riscv : Concat(0, If(Concat(0, v0 | v1) <= 0, 0, 1))
[258/507] c/op_297
      DIFFER                     answer width 32
      x86   : Concat(0, If(v1 == 0, 0, 1) | If(fpIsNaN(fpToFP(Extract(31, 0, v0))), 1, 0) | If(Or(fpIsNaN(fpToFP(Extract(31, 0, v0))), Not(fpEQ(fpToFP(Extract(31, 0, v0)), +0.0))), 1, 0))
      riscv : Concat(0, If(Concat(0, v1) <= 0, 0, 1) | If(fpEQ(fpToFP(If(Extract(63, 32, v0) == 4294967295, Extract(31, 0, v0), 2143289344)), +0.0), 0, 1))
      counterexample: {'arg0': '0', 'arg1': '11913796674134212608'}
[259/507] c/op_298
      EQUAL_BY_Z3                answer width 32
      x86   : Concat(0, If(v1 == 0, 0, 1) | If(fpIsNaN(fpToFP(Extract(63, 0, v0))), 1, 0) | If(Or(fpIsNaN(fpToFP(Extract(63, 0, v0))), Not(fpEQ(fpToFP(Extract(63, 0, v0)), +0.0))), 1, 0))
      riscv : Concat(0, If(Concat(0, v1) <= 0, 0, 1) | If(fpEQ(fpToFP(Extract(63, 0, v0)), +0.0), 0, 1))
[260/507] c/op_299
      EQUAL_BY_Z3                answer width 32
      x86   : Concat(0, Extract(7, 0, v0) | If(v1 == 0, 0, 1))
      riscv : Concat(Extract(31, 1, v0), Extract(0, 0, v0) | If(Concat(0, v1) <= 0, 0, 1))
[261/507] c/op_300
      DIFFER                     answer width 32
      x86   : Concat(0, If(Extract(31, 0, v1) == 0, 0, 1) | If(fpIsNaN(fpToFP(Extract(31, 0, v0))), 1, 0) | If(Or(fpIsNaN(fpToFP(Extract(31, 0, v0))), Not(fpEQ(fpToFP(Extract(31, 0, v0)), +0.0))), 1, 0))
      riscv : Concat(0, If(Concat(0, v1) <= 0, 0, 1) | If(fpEQ(fpToFP(If(Extract(63, 32, v0) == 4294967295, Extract(31, 0, v0), 2143289344)), +0.0), 0, 1))
      counterexample: {'arg1': '0', 'arg0': '0'}
[262/507] c/op_301
      DIFFER                     answer width 32
      x86   : Concat(0, If(v1 == 0, 0, 1) | If(fpIsNaN(fpToFP(Extract(31, 0, v0))), 1, 0) | If(Or(fpIsNaN(fpToFP(Extract(31, 0, v0))), Not(fpEQ(fpToFP(Extract(31, 0, v0)), +0.0))), 1, 0))
      riscv : Concat(0, If(Concat(0, v1) <= 0, 0, 1) | If(fpEQ(fpToFP(If(Extract(63, 32, v0) == 4294967295, Extract(31, 0, v0), 2143289344)), +0.0), 0, 1))
      counterexample: {'arg1': '0', 'arg0': '7729045652063125504'}
[263/507] c/op_302
      DIFFER                     answer width 32
      x86   : Concat(0, If(v1 == 0, 0, 1) | If(fpIsNaN(fpToFP(Extract(31, 0, v0))), 1, 0) | If(Or(fpIsNaN(fpToFP(Extract(31, 0, v0))), Not(fpEQ(fpToFP(Extract(31, 0, v0)), +0.0))), 1, 0))
      riscv : Concat(0, If(Concat(0, v1) <= 0, 0, 1) | If(fpEQ(fpToFP(If(Extract(63, 32, v0) == 4294967295, Extract(31, 0, v0), 2143289344)), +0.0), 0, 1))
      counterexample: {'arg1': '0', 'arg0': '6733355920840982528'}
[264/507] c/op_303
      DIFFER                     answer width 32
      x86   : Concat(0, If(And(fpEQ(fpToFP(Extract(31, 0, v0)), +0.0), Not(fpIsNaN(fpToFP(Extract(31, 0, v0))))), 0, 1) | If(And(fpEQ(fpToFP(Extract(31, 0, v1)), +0.0), Not(fpIsNaN(fpToFP(Extract(31, 0, v1))))), 0, 1))
      riscv : Concat(0, If(fpEQ(fpToFP(If(Extract(63, 32, v0) == 4294967295, Extract(31, 0, v0), 2143289344)), +0.0), 0, 1) | If(fpEQ(fpToFP(If(Extract(63, 32, v1) == 4294967295, Extract(31, 0, v1), 2143289344)), +0.0), 0, 1))
      counterexample: {'arg0': '18446744069414584320', 'arg1': '18446603334073712640'}
[265/507] c/op_304
      DIFFER                     answer width 32
      x86   : Concat(0, If(fpIsNaN(fpToFP(Extract(63, 0, v0))), 1, 0) | If(fpIsNaN(fpToFP(Extract(31, 0, v1))), 1, 0) | If(Or(fpIsNaN(fpToFP(Extract(63, 0, v0))), Not(fpEQ(fpToFP(Extract(63, 0, v0)), +0.0))), 1, 0) | If(Or(fpIsNaN(fpToFP(Extract(31, 0, v1))), Not(fpEQ(fpToFP(Extract(31, 0, v1)), +0.0))), 1, 0))
      riscv : Concat(0, If(fpEQ(fpToFP(Extract(63, 0, v0)), +0.0), 0, 1) | If(fpEQ(fpToFP(If(Extract(63, 32, v1) == 4294967295, Extract(31, 0, v1), 2143289344)), +0.0), 0, 1))
      counterexample: {'arg0': '0', 'arg1': '0'}
[266/507] c/op_305
      DIFFER                     answer width 32
      x86   : Concat(0, Extract(7, 0, v1) | If(fpIsNaN(fpToFP(Extract(31, 0, v0))), 1, 0) | If(Or(fpIsNaN(fpToFP(Extract(31, 0, v0))), Not(fpEQ(fpToFP(Extract(31, 0, v0)), +0.0))), 1, 0))
      riscv : Concat(Extract(31, 1, v1), Extract(0, 0, v1) | If(fpEQ(fpToFP(If(Extract(63, 32, v0) == 4294967295, Extract(31, 0, v0), 2143289344)), +0.0), 0, 1))
      counterexample: {'arg1': '0', 'arg0': '12108216097581301760'}
[267/507] c/op_306
      EQUAL_BY_Z3                answer width 32
      x86   : Concat(0, If(Extract(31, 0, v1) == 0, 0, 1) | If(fpIsNaN(fpToFP(Extract(63, 0, v0))), 1, 0) | If(Or(fpIsNaN(fpToFP(Extract(63, 0, v0))), Not(fpEQ(fpToFP(Extract(63, 0, v0)), +0.0))), 1, 0))
      riscv : Concat(0, If(Concat(0, v1) <= 0, 0, 1) | If(fpEQ(fpToFP(Extract(63, 0, v0)), +0.0), 0, 1))
[268/507] c/op_307
      EQUAL_BY_Z3                answer width 32
      x86   : Concat(0, If(v1 == 0, 0, 1) | If(fpIsNaN(fpToFP(Extract(63, 0, v0))), 1, 0) | If(Or(fpIsNaN(fpToFP(Extract(63, 0, v0))), Not(fpEQ(fpToFP(Extract(63, 0, v0)), +0.0))), 1, 0))
      riscv : Concat(0, If(Concat(0, v1) <= 0, 0, 1) | If(fpEQ(fpToFP(Extract(63, 0, v0)), +0.0), 0, 1))
[269/507] c/op_308
      EQUAL_BY_Z3                answer width 32
      x86   : Concat(0, If(v1 == 0, 0, 1) | If(fpIsNaN(fpToFP(Extract(63, 0, v0))), 1, 0) | If(Or(fpIsNaN(fpToFP(Extract(63, 0, v0))), Not(fpEQ(fpToFP(Extract(63, 0, v0)), +0.0))), 1, 0))
      riscv : Concat(0, If(Concat(0, v1) <= 0, 0, 1) | If(fpEQ(fpToFP(Extract(63, 0, v0)), +0.0), 0, 1))
[270/507] c/op_309
      DIFFER                     answer width 32
      x86   : Concat(0, If(fpIsNaN(fpToFP(Extract(63, 0, v0))), 1, 0) | If(fpIsNaN(fpToFP(Extract(31, 0, v1))), 1, 0) | If(Or(fpIsNaN(fpToFP(Extract(63, 0, v0))), Not(fpEQ(fpToFP(Extract(63, 0, v0)), +0.0))), 1, 0) | If(Or(fpIsNaN(fpToFP(Extract(31, 0, v1))), Not(fpEQ(fpToFP(Extract(31, 0, v1)), +0.0))), 1, 0))
      riscv : Concat(0, If(fpEQ(fpToFP(Extract(63, 0, v0)), +0.0), 0, 1) | If(fpEQ(fpToFP(If(Extract(63, 32, v1) == 4294967295, Extract(31, 0, v1), 2143289344)), +0.0), 0, 1))
      counterexample: {'arg1': '2147483648', 'arg0': '0'}
[271/507] c/op_310
      EQUAL_BY_Z3                answer width 32
      x86   : Concat(0, If(And(fpEQ(fpToFP(Extract(63, 0, v0)), +0.0), Not(fpIsNaN(fpToFP(Extract(63, 0, v0))))), 0, 1) | If(And(fpEQ(fpToFP(Extract(63, 0, v1)), +0.0), Not(fpIsNaN(fpToFP(Extract(63, 0, v1))))), 0, 1))
      riscv : Concat(0, If(fpEQ(fpToFP(Extract(63, 0, v0)), +0.0), 0, 1) | If(fpEQ(fpToFP(Extract(63, 0, v1)), +0.0), 0, 1))
[272/507] c/op_311
      EQUAL_BY_Z3                answer width 32
      x86   : Concat(0, Extract(7, 0, v1) | If(fpIsNaN(fpToFP(Extract(63, 0, v0))), 1, 0) | If(Or(fpIsNaN(fpToFP(Extract(63, 0, v0))), Not(fpEQ(fpToFP(Extract(63, 0, v0)), +0.0))), 1, 0))
      riscv : Concat(Extract(31, 1, v1), Extract(0, 0, v1) | If(fpEQ(fpToFP(Extract(63, 0, v0)), +0.0), 0, 1))
[273/507] c/op_312
      EQUAL_BY_Z3                answer width 32
      x86   : Concat(0, Extract(7, 0, v0) | If(Extract(31, 0, v1) == 0, 0, 1))
      riscv : Concat(Extract(31, 1, v0), Extract(0, 0, v0) | If(Concat(0, v1) <= 0, 0, 1))
[274/507] c/op_313
      EQUAL_BY_Z3                answer width 32
      x86   : Concat(0, Extract(7, 0, v0) | If(v1 == 0, 0, 1))
      riscv : Concat(Extract(31, 1, v0), Extract(0, 0, v0) | If(Concat(0, v1) <= 0, 0, 1))
[275/507] c/op_314
      EQUAL_BY_Z3                answer width 32
      x86   : Concat(0, Extract(7, 0, v0) | If(v1 == 0, 0, 1))
      riscv : Concat(Extract(31, 1, v0), Extract(0, 0, v0) | If(Concat(0, v1) <= 0, 0, 1))
[276/507] c/op_315
      DIFFER                     answer width 32
      x86   : Concat(0, Extract(7, 0, v1) | If(fpIsNaN(fpToFP(Extract(31, 0, v0))), 1, 0) | If(Or(fpIsNaN(fpToFP(Extract(31, 0, v0))), Not(fpEQ(fpToFP(Extract(31, 0, v0)), +0.0))), 1, 0))
      riscv : Concat(Extract(31, 1, v1), Extract(0, 0, v1) | If(fpEQ(fpToFP(If(Extract(63, 32, v0) == 4294967295, Extract(31, 0, v0), 2143289344)), +0.0), 0, 1))
      counterexample: {'arg0': '0', 'arg1': '3586670602695475200'}
[277/507] c/op_316
      EQUAL_BY_Z3                answer width 32
      x86   : Concat(0, Extract(7, 0, v1) | If(fpIsNaN(fpToFP(Extract(63, 0, v0))), 1, 0) | If(Or(fpIsNaN(fpToFP(Extract(63, 0, v0))), Not(fpEQ(fpToFP(Extract(63, 0, v0)), +0.0))), 1, 0))
      riscv : Concat(Extract(31, 1, v1), Extract(0, 0, v1) | If(fpEQ(fpToFP(Extract(63, 0, v0)), +0.0), 0, 1))
[278/507] c/op_317
      IDENTICAL_AFTER_NORMALIZE  answer width 32
      x86   : Extract(31, 0, v0) | Extract(31, 0, v1)
      riscv : Extract(31, 0, v0) | Extract(31, 0, v1)
[279/507] c/op_318
      EQUAL_BY_Z3                answer width 32
      x86   : Concat(0, ~(If(Extract(31, 0, v0) == 0, 255, 254) | If(Extract(31, 0, v1) == 0, 255, 254)))
      riscv : ~(Concat(2147483647, If(Concat(0, v0) <= 0, 1, 0)) | Concat(2147483647, If(Concat(0, v1) <= 0, 1, 0)))
[280/507] c/op_319
      EQUAL_BY_Z3                answer width 32
      x86   : Concat(0, ~(If(Extract(31, 0, v0) == 0, 255, 254) | If(v1 == 0, 255, 254)))
      riscv : ~(Concat(2147483647, If(Concat(0, v0) <= 0, 1, 0)) | Concat(2147483647, If(Concat(0, v1) <= 0, 1, 0)))
[281/507] c/op_320
      EQUAL_BY_Z3                answer width 32
      x86   : Concat(0, ~(If(Extract(31, 0, v0) == 0, 255, 254) | If(v1 == 0, 255, 254)))
      riscv : ~(Concat(2147483647, If(Concat(0, v0) <= 0, 1, 0)) | Concat(2147483647, If(Concat(0, v1) <= 0, 1, 0)))
[282/507] c/op_321
      DIFFER                     answer width 32
      x86   : Concat(0, ~(~(If(fpIsNaN(fpToFP(Extract(31, 0, v0))), 1, 0) | If(Or(fpIsNaN(fpToFP(Extract(31, 0, v0))), Not(fpEQ(fpToFP(Extract(31, 0, v0)), +0.0))), 1, 0)) | If(Extract(31, 0, v1) == 0, 255, 254)))
      riscv : Concat(0, ~(If(Concat(0, v1) <= 0, 1, 0) | If(fpEQ(fpToFP(If(Extract(63, 32, v0) == 4294967295, Extract(31, 0, v0), 2143289344)), +0.0), 1, 0)))
      counterexample: {'arg0': '381829608', 'arg1': '16099710891460657152'}
[283/507] c/op_322
      EQUAL_BY_Z3                answer width 32
      x86   : Concat(0, ~(~(If(fpIsNaN(fpToFP(Extract(63, 0, v0))), 1, 0) | If(Or(fpIsNaN(fpToFP(Extract(63, 0, v0))), Not(fpEQ(fpToFP(Extract(63, 0, v0)), +0.0))), 1, 0)) | If(Extract(31, 0, v1) == 0, 255, 254)))
      riscv : Concat(0, ~(If(Concat(0, v1) <= 0, 1, 0) | If(fpEQ(fpToFP(Extract(63, 0, v0)), +0.0), 1, 0)))
[284/507] c/op_323
      EQUAL_BY_Z3                answer width 32
      x86   : Concat(0, ~(~Extract(7, 0, v0) | If(Extract(31, 0, v1) == 0, 255, 254)))
      riscv : Concat(0, ~(~Extract(0, 0, v0) | If(Concat(0, v1) <= 0, 1, 0)))
[285/507] c/op_324
      EQUAL_BY_Z3                answer width 32
      x86   : Concat(0, ~(If(Extract(31, 0, v0) == 0, 255, 254) | If(v1 == 0, 255, 254)))
      riscv : ~(Concat(2147483647, If(Concat(0, v0) <= 0, 1, 0)) | Concat(2147483647, If(Concat(0, v1) <= 0, 1, 0)))
[286/507] c/op_325
      EQUAL_BY_Z3                answer width 32
      x86   : Concat(0, ~(If(v0 == 0, 255, 254) | If(v1 == 0, 255, 254)))
      riscv : ~(Concat(2147483647, If(Concat(0, v0) <= 0, 1, 0)) | Concat(2147483647, If(Concat(0, v1) <= 0, 1, 0)))
[287/507] c/op_326
      EQUAL_BY_Z3                answer width 32
      x86   : Concat(0, ~(If(v0 == 0, 255, 254) | If(v1 == 0, 255, 254)))
      riscv : ~(Concat(2147483647, If(Concat(0, v0) <= 0, 1, 0)) | Concat(2147483647, If(Concat(0, v1) <= 0, 1, 0)))
[288/507] c/op_327
      DIFFER                     answer width 32
      x86   : Concat(0, ~(~(If(fpIsNaN(fpToFP(Extract(31, 0, v0))), 1, 0) | If(Or(fpIsNaN(fpToFP(Extract(31, 0, v0))), Not(fpEQ(fpToFP(Extract(31, 0, v0)), +0.0))), 1, 0)) | If(v1 == 0, 255, 254)))
      riscv : Concat(0, ~(If(Concat(0, v1) <= 0, 1, 0) | If(fpEQ(fpToFP(If(Extract(63, 32, v0) == 4294967295, Extract(31, 0, v0), 2143289344)), +0.0), 1, 0)))
      counterexample: {'arg0': '12263565570099938257', 'arg1': '6965838753214496768'}
[289/507] c/op_328
      EQUAL_BY_Z3                answer width 32
      x86   : Concat(0, ~(~(If(fpIsNaN(fpToFP(Extract(63, 0, v0))), 1, 0) | If(Or(fpIsNaN(fpToFP(Extract(63, 0, v0))), Not(fpEQ(fpToFP(Extract(63, 0, v0)), +0.0))), 1, 0)) | If(v1 == 0, 255, 254)))
      riscv : Concat(0, ~(If(Concat(0, v1) <= 0, 1, 0) | If(fpEQ(fpToFP(Extract(63, 0, v0)), +0.0), 1, 0)))
[290/507] c/op_329
      EQUAL_BY_Z3                answer width 32
      x86   : Concat(0, ~(~Extract(7, 0, v0) | If(v1 == 0, 255, 254)))
      riscv : Concat(0, ~(~Extract(0, 0, v0) | If(Concat(0, v1) <= 0, 1, 0)))
[291/507] c/op_330
      EQUAL_BY_Z3                answer width 32
      x86   : Concat(0, ~(If(Extract(31, 0, v0) == 0, 255, 254) | If(v1 == 0, 255, 254)))
      riscv : ~(Concat(2147483647, If(Concat(0, v0) <= 0, 1, 0)) | Concat(2147483647, If(Concat(0, v1) <= 0, 1, 0)))
[292/507] c/op_331
      EQUAL_BY_Z3                answer width 32
      x86   : Concat(0, ~(If(v0 == 0, 255, 254) | If(v1 == 0, 255, 254)))
      riscv : ~(Concat(2147483647, If(Concat(0, v0) <= 0, 1, 0)) | Concat(2147483647, If(Concat(0, v1) <= 0, 1, 0)))
[293/507] c/op_332
      EQUAL_BY_Z3                answer width 32
      x86   : Concat(0, ~(If(v0 == 0, 255, 254) | If(v1 == 0, 255, 254)))
      riscv : ~(Concat(2147483647, If(Concat(0, v0) <= 0, 1, 0)) | Concat(2147483647, If(Concat(0, v1) <= 0, 1, 0)))
[294/507] c/op_333
      DIFFER                     answer width 32
      x86   : Concat(0, ~(~(If(fpIsNaN(fpToFP(Extract(31, 0, v0))), 1, 0) | If(Or(fpIsNaN(fpToFP(Extract(31, 0, v0))), Not(fpEQ(fpToFP(Extract(31, 0, v0)), +0.0))), 1, 0)) | If(v1 == 0, 255, 254)))
      riscv : Concat(0, ~(If(Concat(0, v1) <= 0, 1, 0) | If(fpEQ(fpToFP(If(Extract(63, 32, v0) == 4294967295, Extract(31, 0, v0), 2143289344)), +0.0), 1, 0)))
      counterexample: {'arg0': '12263565570099938257', 'arg1': '6406612643812999168'}
[295/507] c/op_334
      EQUAL_BY_Z3                answer width 32
      x86   : Concat(0, ~(~(If(fpIsNaN(fpToFP(Extract(63, 0, v0))), 1, 0) | If(Or(fpIsNaN(fpToFP(Extract(63, 0, v0))), Not(fpEQ(fpToFP(Extract(63, 0, v0)), +0.0))), 1, 0)) | If(v1 == 0, 255, 254)))
      riscv : Concat(0, ~(If(Concat(0, v1) <= 0, 1, 0) | If(fpEQ(fpToFP(Extract(63, 0, v0)), +0.0), 1, 0)))
[296/507] c/op_335
      EQUAL_BY_Z3                answer width 32
      x86   : Concat(0, ~(~Extract(7, 0, v0) | If(v1 == 0, 255, 254)))
      riscv : Concat(0, ~(~Extract(0, 0, v0) | If(Concat(0, v1) <= 0, 1, 0)))
[297/507] c/op_336
      DIFFER                     answer width 32
      x86   : Concat(0, ~(~(If(fpIsNaN(fpToFP(Extract(31, 0, v0))), 1, 0) | If(Or(fpIsNaN(fpToFP(Extract(31, 0, v0))), Not(fpEQ(fpToFP(Extract(31, 0, v0)), +0.0))), 1, 0)) | If(Extract(31, 0, v1) == 0, 255, 254)))
      riscv : Concat(0, ~(If(Concat(0, v1) <= 0, 1, 0) | If(fpEQ(fpToFP(If(Extract(63, 32, v0) == 4294967295, Extract(31, 0, v0), 2143289344)), +0.0), 1, 0)))
      counterexample: {'arg1': '1264730600', 'arg0': '1655852002338406400'}
[298/507] c/op_337
      DIFFER                     answer width 32
      x86   : Concat(0, ~(~(If(fpIsNaN(fpToFP(Extract(31, 0, v0))), 1, 0) | If(Or(fpIsNaN(fpToFP(Extract(31, 0, v0))), Not(fpEQ(fpToFP(Extract(31, 0, v0)), +0.0))), 1, 0)) | If(v1 == 0, 255, 254)))
      riscv : Concat(0, ~(If(Concat(0, v1) <= 0, 1, 0) | If(fpEQ(fpToFP(If(Extract(63, 32, v0) == 4294967295, Extract(31, 0, v0), 2143289344)), +0.0), 1, 0)))
      counterexample: {'arg1': '12263565570099938257', 'arg0': '5282797097484025856'}
[299/507] c/op_338
      DIFFER                     answer width 32
      x86   : Concat(0, ~(~(If(fpIsNaN(fpToFP(Extract(31, 0, v0))), 1, 0) | If(Or(fpIsNaN(fpToFP(Extract(31, 0, v0))), Not(fpEQ(fpToFP(Extract(31, 0, v0)), +0.0))), 1, 0)) | If(v1 == 0, 255, 254)))
      riscv : Concat(0, ~(If(Concat(0, v1) <= 0, 1, 0) | If(fpEQ(fpToFP(If(Extract(63, 32, v0) == 4294967295, Extract(31, 0, v0), 2143289344)), +0.0), 1, 0)))
      counterexample: {'arg1': '12263565570099938257', 'arg0': '0'}
[300/507] c/op_339
      DIFFER                     answer width 32
      x86   : ~(If(And(fpEQ(fpToFP(Extract(31, 0, v0)), +0.0), Not(fpIsNaN(fpToFP(Extract(31, 0, v0))))), 4294967295, 0) | If(And(fpEQ(fpToFP(Extract(31, 0, v1)), +0.0), Not(fpIsNaN(fpToFP(Extract(31, 0, v1))))), 4294967295, 0) | 4294967294)
      riscv : Concat(0, ~(If(fpEQ(fpToFP(If(Extract(63, 32, v0) == 4294967295, Extract(31, 0, v0), 2143289344)), +0.0), 1, 0) | If(fpEQ(fpToFP(If(Extract(63, 32, v1) == 4294967295, Extract(31, 0, v1), 2143289344)), +0.0), 1, 0)))
      counterexample: {'arg0': '18446744073332064256', 'arg1': '17846545395790905344'}
[301/507] c/op_340
      DIFFER                     answer width 32
      x86   : Concat(0, ~(~(If(fpIsNaN(fpToFP(Extract(63, 0, v0))), 1, 0) | If(Or(fpIsNaN(fpToFP(Extract(63, 0, v0))), Not(fpEQ(fpToFP(Extract(63, 0, v0)), +0.0))), 1, 0)) | ~(If(fpIsNaN(fpToFP(Extract(31, 0, v1))), 1, 0) | If(Or(fpIsNaN(fpToFP(Extract(31, 0, v1))), Not(fpEQ(fpToFP(Extract(31, 0, v1)), +0.0))), 1, 0))))
      riscv : Concat(0, ~(If(fpEQ(fpToFP(Extract(63, 0, v0)), +0.0), 1, 0) | If(fpEQ(fpToFP(If(Extract(63, 32, v1) == 4294967295, Extract(31, 0, v1), 2143289344)), +0.0), 1, 0)))
      counterexample: {'arg0': '0', 'arg1': '9218868437361623040'}
[302/507] c/op_341
      DIFFER                     answer width 32
      x86   : Concat(0, ~(~(If(fpIsNaN(fpToFP(Extract(31, 0, v0))), 1, 0) | If(Or(fpIsNaN(fpToFP(Extract(31, 0, v0))), Not(fpEQ(fpToFP(Extract(31, 0, v0)), +0.0))), 1, 0)) | ~Extract(7, 0, v1)))
      riscv : Concat(Extract(31, 1, v1), ~(~Extract(0, 0, v1) | If(fpEQ(fpToFP(If(Extract(63, 32, v0) == 4294967295, Extract(31, 0, v0), 2143289344)), +0.0), 1, 0)))
      counterexample: {'arg1': '1', 'arg0': '0'}
[303/507] c/op_342
      EQUAL_BY_Z3                answer width 32
      x86   : Concat(0, ~(~(If(fpIsNaN(fpToFP(Extract(63, 0, v0))), 1, 0) | If(Or(fpIsNaN(fpToFP(Extract(63, 0, v0))), Not(fpEQ(fpToFP(Extract(63, 0, v0)), +0.0))), 1, 0)) | If(Extract(31, 0, v1) == 0, 255, 254)))
      riscv : Concat(0, ~(If(Concat(0, v1) <= 0, 1, 0) | If(fpEQ(fpToFP(Extract(63, 0, v0)), +0.0), 1, 0)))
[304/507] c/op_343
      EQUAL_BY_Z3                answer width 32
      x86   : Concat(0, ~(~(If(fpIsNaN(fpToFP(Extract(63, 0, v0))), 1, 0) | If(Or(fpIsNaN(fpToFP(Extract(63, 0, v0))), Not(fpEQ(fpToFP(Extract(63, 0, v0)), +0.0))), 1, 0)) | If(v1 == 0, 255, 254)))
      riscv : Concat(0, ~(If(Concat(0, v1) <= 0, 1, 0) | If(fpEQ(fpToFP(Extract(63, 0, v0)), +0.0), 1, 0)))
[305/507] c/op_344
      EQUAL_BY_Z3                answer width 32
      x86   : Concat(0, ~(~(If(fpIsNaN(fpToFP(Extract(63, 0, v0))), 1, 0) | If(Or(fpIsNaN(fpToFP(Extract(63, 0, v0))), Not(fpEQ(fpToFP(Extract(63, 0, v0)), +0.0))), 1, 0)) | If(v1 == 0, 255, 254)))
      riscv : Concat(0, ~(If(Concat(0, v1) <= 0, 1, 0) | If(fpEQ(fpToFP(Extract(63, 0, v0)), +0.0), 1, 0)))
[306/507] c/op_345
      DIFFER                     answer width 32
      x86   : Concat(0, ~(~(If(fpIsNaN(fpToFP(Extract(63, 0, v0))), 1, 0) | If(Or(fpIsNaN(fpToFP(Extract(63, 0, v0))), Not(fpEQ(fpToFP(Extract(63, 0, v0)), +0.0))), 1, 0)) | ~(If(fpIsNaN(fpToFP(Extract(31, 0, v1))), 1, 0) | If(Or(fpIsNaN(fpToFP(Extract(31, 0, v1))), Not(fpEQ(fpToFP(Extract(31, 0, v1)), +0.0))), 1, 0))))
      riscv : Concat(0, ~(If(fpEQ(fpToFP(Extract(63, 0, v0)), +0.0), 1, 0) | If(fpEQ(fpToFP(If(Extract(63, 32, v1) == 4294967295, Extract(31, 0, v1), 2143289344)), +0.0), 1, 0)))
      counterexample: {'arg1': '0', 'arg0': '9218868438301147136'}
[307/507] c/op_346
      EQUAL_BY_Z3                answer width 32
      x86   : ~(If(And(fpEQ(fpToFP(Extract(63, 0, v0)), +0.0), Not(fpIsNaN(fpToFP(Extract(63, 0, v0))))), 4294967295, 0) | If(And(fpEQ(fpToFP(Extract(63, 0, v1)), +0.0), Not(fpIsNaN(fpToFP(Extract(63, 0, v1))))), 4294967295, 0) | 4294967294)
      riscv : Concat(0, ~(If(fpEQ(fpToFP(Extract(63, 0, v0)), +0.0), 1, 0) | If(fpEQ(fpToFP(Extract(63, 0, v1)), +0.0), 1, 0)))
[308/507] c/op_347
      EQUAL_BY_Z3                answer width 32
      x86   : Concat(0, ~(~(If(fpIsNaN(fpToFP(Extract(63, 0, v0))), 1, 0) | If(Or(fpIsNaN(fpToFP(Extract(63, 0, v0))), Not(fpEQ(fpToFP(Extract(63, 0, v0)), +0.0))), 1, 0)) | ~Extract(7, 0, v1)))
      riscv : Concat(Extract(31, 1, v1), ~(~Extract(0, 0, v1) | If(fpEQ(fpToFP(Extract(63, 0, v0)), +0.0), 1, 0)))
[309/507] c/op_348
      EQUAL_BY_Z3                answer width 32
      x86   : Concat(0, ~(~Extract(7, 0, v0) | If(Extract(31, 0, v1) == 0, 255, 254)))
      riscv : Concat(0, ~(~Extract(0, 0, v0) | If(Concat(0, v1) <= 0, 1, 0)))
[310/507] c/op_349
      EQUAL_BY_Z3                answer width 32
      x86   : Concat(0, ~(~Extract(7, 0, v0) | If(v1 == 0, 255, 254)))
      riscv : Concat(0, ~(~Extract(0, 0, v0) | If(Concat(0, v1) <= 0, 1, 0)))
[311/507] c/op_350
      EQUAL_BY_Z3                answer width 32
      x86   : Concat(0, ~(~Extract(7, 0, v0) | If(v1 == 0, 255, 254)))
      riscv : Concat(0, ~(~Extract(0, 0, v0) | If(Concat(0, v1) <= 0, 1, 0)))
[312/507] c/op_351
      DIFFER                     answer width 32
      x86   : Concat(0, ~(~(If(fpIsNaN(fpToFP(Extract(31, 0, v0))), 1, 0) | If(Or(fpIsNaN(fpToFP(Extract(31, 0, v0))), Not(fpEQ(fpToFP(Extract(31, 0, v0)), +0.0))), 1, 0)) | ~Extract(7, 0, v1)))
      riscv : Concat(0, ~(~Extract(0, 0, v1) | If(fpEQ(fpToFP(If(Extract(63, 32, v0) == 4294967295, Extract(31, 0, v0), 2143289344)), +0.0), 1, 0)))
      counterexample: {'arg0': '1', 'arg1': '616924008566226944'}
[313/507] c/op_352
      EQUAL_BY_Z3                answer width 32
      x86   : Concat(0, ~(~(If(fpIsNaN(fpToFP(Extract(63, 0, v0))), 1, 0) | If(Or(fpIsNaN(fpToFP(Extract(63, 0, v0))), Not(fpEQ(fpToFP(Extract(63, 0, v0)), +0.0))), 1, 0)) | ~Extract(7, 0, v1)))
      riscv : Concat(0, ~(~Extract(0, 0, v1) | If(fpEQ(fpToFP(Extract(63, 0, v0)), +0.0), 1, 0)))
[314/507] c/op_353
      IDENTICAL_AFTER_NORMALIZE  answer width 32
      x86   : ~(~Extract(31, 0, v0) | ~Extract(31, 0, v1))
      riscv : ~(~Extract(31, 0, v0) | ~Extract(31, 0, v1))
[315/507] c/op_354
      IDENTICAL_AFTER_NORMALIZE  answer width 32
      x86   : Extract(31, 0, v0) | Extract(31, 0, v1)
      riscv : Extract(31, 0, v0) | Extract(31, 0, v1)
[316/507] c/op_355
      EQUAL_BY_Z3                answer width 64
      x86   : Concat(Extract(31, 31, v0) | Extract(63, 63, v1), Extract(31, 31, v0) | Extract(62, 62, v1), Concat(Extract(31, 31, v0), Extract(31, 31, v0), Extract(31, 31, v0), Extract(31, 31, v0), Extract(31, 31, v0), Extract(31, 31, v0), Extract(31, 31, v0), Extract(31, 31, v0), Extract(31, 31, v0), Extract(31, 31, v0), Extract(31, 31, v0), Extract(31, 31, v0), Extract(31, 31, v0), Extract(31, 31, v0), Extract(31, 31, v0), Extract(31, 31, v0), Extract(31, 31, v0), Extract(31, 31, v0), Extract(31, 31, v0), Extract(31, 31, v0), Extract(31, 31, v0), Extract(31, 31, v0), Extract(31, 31, v0), Extract(31, 31, v0), Extract(31, 31, v0), Extract(31, 31, v0), Extract(31, 31, v0), Extract(31, 31, v0), Extract(31, 31, v0), Extract(31, 31, v0), Extract(31, 0, v0)) | Extract(61, 0, v1))
      riscv : v0 | v1
[317/507] c/op_356
      EQUAL_BY_Z3                answer width 64
      x86   : Concat(Extract(31, 31, v0) | Extract(63, 63, v1), Extract(31, 31, v0) | Extract(62, 62, v1), Concat(Extract(31, 31, v0), Extract(31, 31, v0), Extract(31, 31, v0), Extract(31, 31, v0), Extract(31, 31, v0), Extract(31, 31, v0), Extract(31, 31, v0), Extract(31, 31, v0), Extract(31, 31, v0), Extract(31, 31, v0), Extract(31, 31, v0), Extract(31, 31, v0), Extract(31, 31, v0), Extract(31, 31, v0), Extract(31, 31, v0), Extract(31, 31, v0), Extract(31, 31, v0), Extract(31, 31, v0), Extract(31, 31, v0), Extract(31, 31, v0), Extract(31, 31, v0), Extract(31, 31, v0), Extract(31, 31, v0), Extract(31, 31, v0), Extract(31, 31, v0), Extract(31, 31, v0), Extract(31, 31, v0), Extract(31, 31, v0), Extract(31, 31, v0), Extract(31, 31, v0), Extract(31, 0, v0)) | Extract(61, 0, v1))
      riscv : v0 | v1
[318/507] c/op_359
      IDENTICAL_AFTER_NORMALIZE  answer width 32
      x86   : Extract(31, 0, v0) | Extract(31, 0, v1)
      riscv : Extract(31, 0, v0) | Extract(31, 0, v1)
[319/507] c/op_360
      EQUAL_BY_Z3                answer width 64
      x86   : Concat(Extract(31, 31, v0) | Extract(63, 63, v1), Extract(31, 31, v0) | Extract(62, 62, v1), Concat(Extract(31, 31, v0), Extract(31, 31, v0), Extract(31, 31, v0), Extract(31, 31, v0), Extract(31, 31, v0), Extract(31, 31, v0), Extract(31, 31, v0), Extract(31, 31, v0), Extract(31, 31, v0), Extract(31, 31, v0), Extract(31, 31, v0), Extract(31, 31, v0), Extract(31, 31, v0), Extract(31, 31, v0), Extract(31, 31, v0), Extract(31, 31, v0), Extract(31, 31, v0), Extract(31, 31, v0), Extract(31, 31, v0), Extract(31, 31, v0), Extract(31, 31, v0), Extract(31, 31, v0), Extract(31, 31, v0), Extract(31, 31, v0), Extract(31, 31, v0), Extract(31, 31, v0), Extract(31, 31, v0), Extract(31, 31, v0), Extract(31, 31, v0), Extract(31, 31, v0), Extract(31, 0, v0)) | Extract(61, 0, v1))
      riscv : v0 | v1
[320/507] c/op_361
      IDENTICAL_AFTER_NORMALIZE  answer width 64
      x86   : v0 | v1
      riscv : v0 | v1
[321/507] c/op_362
      IDENTICAL_AFTER_NORMALIZE  answer width 64
      x86   : v0 | v1
      riscv : v0 | v1
[322/507] c/op_365
      EQUAL_BY_Z3                answer width 64
      x86   : Concat(Extract(63, 32, v0), Extract(31, 0, v0) | Extract(31, 0, v1))
      riscv : v0 | v1
[323/507] c/op_366
      EQUAL_BY_Z3                answer width 64
      x86   : Concat(Extract(31, 31, v0) | Extract(63, 63, v1), Extract(31, 31, v0) | Extract(62, 62, v1), Concat(Extract(31, 31, v0), Extract(31, 31, v0), Extract(31, 31, v0), Extract(31, 31, v0), Extract(31, 31, v0), Extract(31, 31, v0), Extract(31, 31, v0), Extract(31, 31, v0), Extract(31, 31, v0), Extract(31, 31, v0), Extract(31, 31, v0), Extract(31, 31, v0), Extract(31, 31, v0), Extract(31, 31, v0), Extract(31, 31, v0), Extract(31, 31, v0), Extract(31, 31, v0), Extract(31, 31, v0), Extract(31, 31, v0), Extract(31, 31, v0), Extract(31, 31, v0), Extract(31, 31, v0), Extract(31, 31, v0), Extract(31, 31, v0), Extract(31, 31, v0), Extract(31, 31, v0), Extract(31, 31, v0), Extract(31, 31, v0), Extract(31, 31, v0), Extract(31, 31, v0), Extract(31, 0, v0)) | Extract(61, 0, v1))
      riscv : v0 | v1
[324/507] c/op_367
      IDENTICAL_AFTER_NORMALIZE  answer width 64
      x86   : v0 | v1
      riscv : v0 | v1
[325/507] c/op_368
      IDENTICAL_AFTER_NORMALIZE  answer width 64
      x86   : v0 | v1
      riscv : v0 | v1
[326/507] c/op_371
      EQUAL_BY_Z3                answer width 64
      x86   : Concat(Extract(63, 32, v0), Extract(31, 0, v0) | Extract(31, 0, v1))
      riscv : v0 | v1
[327/507] c/op_384
      IDENTICAL_AFTER_NORMALIZE  answer width 32
      x86   : Extract(31, 0, v0) | Extract(31, 0, v1)
      riscv : Extract(31, 0, v0) | Extract(31, 0, v1)
[328/507] c/op_385
      EQUAL_BY_Z3                answer width 64
      x86   : Concat(Extract(63, 32, v0), Extract(31, 0, v0) | Extract(31, 0, v1))
      riscv : v0 | v1
[329/507] c/op_386
      EQUAL_BY_Z3                answer width 64
      x86   : Concat(Extract(63, 32, v0), Extract(31, 0, v0) | Extract(31, 0, v1))
      riscv : v0 | v1
[330/507] c/op_389
      IDENTICAL_AFTER_NORMALIZE  answer width 32
      x86   : Extract(31, 0, v0) | Extract(31, 0, v1)
      riscv : Extract(31, 0, v0) | Extract(31, 0, v1)
[331/507] c/op_390
      IDENTICAL_AFTER_NORMALIZE  answer width 32
      x86   : Extract(31, 0, v0) ^ Extract(31, 0, v1)
      riscv : Extract(31, 0, v0) ^ Extract(31, 0, v1)
[332/507] c/op_391
      EQUAL_BY_Z3                answer width 64
      x86   : Concat(Extract(31, 31, v0) ^ Extract(63, 63, v1), Extract(31, 31, v0) ^ Extract(62, 62, v1), Extract(31, 31, v0) ^ Extract(61, 61, v1), Extract(31, 31, v0) ^ Extract(60, 60, v1), Extract(31, 31, v0) ^ Extract(59, 59, v1), Extract(31, 31, v0) ^ Extract(58, 58, v1), Extract(31, 31, v0) ^ Extract(57, 57, v1), Extract(31, 31, v0) ^ Extract(56, 56, v1), Extract(31, 31, v0) ^ Extract(55, 55, v1), Extract(31, 31, v0) ^ Extract(54, 54, v1), Extract(31, 31, v0) ^ Extract(53, 53, v1), Extract(31, 31, v0) ^ Extract(52, 52, v1), Extract(31, 31, v0) ^ Extract(51, 51, v1), Extract(31, 31, v0) ^ Extract(50, 50, v1), Extract(31, 31, v0) ^ Extract(49, 49, v1), Extract(31, 31, v0) ^ Extract(48, 48, v1), Extract(31, 31, v0) ^ Extract(47, 47, v1), Extract(31, 31, v0) ^ Extract(46, 46, v1), Extract(31, 31, v0) ^ Extract(45, 45, v1), Extract(31, 31, v0) ^ Extract(44, 44, v1), Extract(31, 31, v0) ^ Extract(43, 43, v1), Extract(31, 31, v0) ^ Extract(42, 42, v1), Extract(31, 31, v0) ^ Extract(41, 41, v1), Extract(31, 31, v0) ^ Extract(40, 40, v1), Extract(31, 31, v0) ^ Extract(39, 39, v1), Extract(31, 31, v0) ^ Extract(38, 38, v1), Extract(31, 31, v0) ^ Extract(37, 37, v1), Extract(31, 31, v0) ^ Extract(36, 36, v1), Extract(31, 31, v0) ^ Extract(35, 35, v1), Extract(31, 31, v0) ^ Extract(34, 34, v1), Extract(31, 31, v0) ^ Extract(33, 33, v1), Extract(31, 31, v0) ^ Extract(32, 32, v1), Extract(31, 0, v0) ^ Extract(31, 0, v1))
      riscv : v0 ^ v1
[333/507] c/op_392
      EQUAL_BY_Z3                answer width 64
      x86   : Concat(Extract(31, 31, v0) ^ Extract(63, 63, v1), Extract(31, 31, v0) ^ Extract(62, 62, v1), Extract(31, 31, v0) ^ Extract(61, 61, v1), Extract(31, 31, v0) ^ Extract(60, 60, v1), Extract(31, 31, v0) ^ Extract(59, 59, v1), Extract(31, 31, v0) ^ Extract(58, 58, v1), Extract(31, 31, v0) ^ Extract(57, 57, v1), Extract(31, 31, v0) ^ Extract(56, 56, v1), Extract(31, 31, v0) ^ Extract(55, 55, v1), Extract(31, 31, v0) ^ Extract(54, 54, v1), Extract(31, 31, v0) ^ Extract(53, 53, v1), Extract(31, 31, v0) ^ Extract(52, 52, v1), Extract(31, 31, v0) ^ Extract(51, 51, v1), Extract(31, 31, v0) ^ Extract(50, 50, v1), Extract(31, 31, v0) ^ Extract(49, 49, v1), Extract(31, 31, v0) ^ Extract(48, 48, v1), Extract(31, 31, v0) ^ Extract(47, 47, v1), Extract(31, 31, v0) ^ Extract(46, 46, v1), Extract(31, 31, v0) ^ Extract(45, 45, v1), Extract(31, 31, v0) ^ Extract(44, 44, v1), Extract(31, 31, v0) ^ Extract(43, 43, v1), Extract(31, 31, v0) ^ Extract(42, 42, v1), Extract(31, 31, v0) ^ Extract(41, 41, v1), Extract(31, 31, v0) ^ Extract(40, 40, v1), Extract(31, 31, v0) ^ Extract(39, 39, v1), Extract(31, 31, v0) ^ Extract(38, 38, v1), Extract(31, 31, v0) ^ Extract(37, 37, v1), Extract(31, 31, v0) ^ Extract(36, 36, v1), Extract(31, 31, v0) ^ Extract(35, 35, v1), Extract(31, 31, v0) ^ Extract(34, 34, v1), Extract(31, 31, v0) ^ Extract(33, 33, v1), Extract(31, 31, v0) ^ Extract(32, 32, v1), Extract(31, 0, v0) ^ Extract(31, 0, v1))
      riscv : v0 ^ v1
[334/507] c/op_395
      IDENTICAL_AFTER_NORMALIZE  answer width 32
      x86   : Extract(31, 0, v0) ^ Extract(31, 0, v1)
      riscv : Extract(31, 0, v0) ^ Extract(31, 0, v1)
[335/507] c/op_396
      EQUAL_BY_Z3                answer width 64
      x86   : Concat(Extract(31, 31, v0) ^ Extract(63, 63, v1), Extract(31, 31, v0) ^ Extract(62, 62, v1), Extract(31, 31, v0) ^ Extract(61, 61, v1), Extract(31, 31, v0) ^ Extract(60, 60, v1), Extract(31, 31, v0) ^ Extract(59, 59, v1), Extract(31, 31, v0) ^ Extract(58, 58, v1), Extract(31, 31, v0) ^ Extract(57, 57, v1), Extract(31, 31, v0) ^ Extract(56, 56, v1), Extract(31, 31, v0) ^ Extract(55, 55, v1), Extract(31, 31, v0) ^ Extract(54, 54, v1), Extract(31, 31, v0) ^ Extract(53, 53, v1), Extract(31, 31, v0) ^ Extract(52, 52, v1), Extract(31, 31, v0) ^ Extract(51, 51, v1), Extract(31, 31, v0) ^ Extract(50, 50, v1), Extract(31, 31, v0) ^ Extract(49, 49, v1), Extract(31, 31, v0) ^ Extract(48, 48, v1), Extract(31, 31, v0) ^ Extract(47, 47, v1), Extract(31, 31, v0) ^ Extract(46, 46, v1), Extract(31, 31, v0) ^ Extract(45, 45, v1), Extract(31, 31, v0) ^ Extract(44, 44, v1), Extract(31, 31, v0) ^ Extract(43, 43, v1), Extract(31, 31, v0) ^ Extract(42, 42, v1), Extract(31, 31, v0) ^ Extract(41, 41, v1), Extract(31, 31, v0) ^ Extract(40, 40, v1), Extract(31, 31, v0) ^ Extract(39, 39, v1), Extract(31, 31, v0) ^ Extract(38, 38, v1), Extract(31, 31, v0) ^ Extract(37, 37, v1), Extract(31, 31, v0) ^ Extract(36, 36, v1), Extract(31, 31, v0) ^ Extract(35, 35, v1), Extract(31, 31, v0) ^ Extract(34, 34, v1), Extract(31, 31, v0) ^ Extract(33, 33, v1), Extract(31, 31, v0) ^ Extract(32, 32, v1), Extract(31, 0, v0) ^ Extract(31, 0, v1))
      riscv : v0 ^ v1
[336/507] c/op_397
      IDENTICAL_AFTER_NORMALIZE  answer width 64
      x86   : v0 ^ v1
      riscv : v0 ^ v1
[337/507] c/op_398
      IDENTICAL_AFTER_NORMALIZE  answer width 64
      x86   : v0 ^ v1
      riscv : v0 ^ v1
[338/507] c/op_401
      EQUAL_BY_Z3                answer width 64
      x86   : Concat(Extract(63, 32, v0), Extract(31, 0, v0) ^ Extract(31, 0, v1))
      riscv : v0 ^ v1
[339/507] c/op_402
      EQUAL_BY_Z3                answer width 64
      x86   : Concat(Extract(31, 31, v0) ^ Extract(63, 63, v1), Extract(31, 31, v0) ^ Extract(62, 62, v1), Extract(31, 31, v0) ^ Extract(61, 61, v1), Extract(31, 31, v0) ^ Extract(60, 60, v1), Extract(31, 31, v0) ^ Extract(59, 59, v1), Extract(31, 31, v0) ^ Extract(58, 58, v1), Extract(31, 31, v0) ^ Extract(57, 57, v1), Extract(31, 31, v0) ^ Extract(56, 56, v1), Extract(31, 31, v0) ^ Extract(55, 55, v1), Extract(31, 31, v0) ^ Extract(54, 54, v1), Extract(31, 31, v0) ^ Extract(53, 53, v1), Extract(31, 31, v0) ^ Extract(52, 52, v1), Extract(31, 31, v0) ^ Extract(51, 51, v1), Extract(31, 31, v0) ^ Extract(50, 50, v1), Extract(31, 31, v0) ^ Extract(49, 49, v1), Extract(31, 31, v0) ^ Extract(48, 48, v1), Extract(31, 31, v0) ^ Extract(47, 47, v1), Extract(31, 31, v0) ^ Extract(46, 46, v1), Extract(31, 31, v0) ^ Extract(45, 45, v1), Extract(31, 31, v0) ^ Extract(44, 44, v1), Extract(31, 31, v0) ^ Extract(43, 43, v1), Extract(31, 31, v0) ^ Extract(42, 42, v1), Extract(31, 31, v0) ^ Extract(41, 41, v1), Extract(31, 31, v0) ^ Extract(40, 40, v1), Extract(31, 31, v0) ^ Extract(39, 39, v1), Extract(31, 31, v0) ^ Extract(38, 38, v1), Extract(31, 31, v0) ^ Extract(37, 37, v1), Extract(31, 31, v0) ^ Extract(36, 36, v1), Extract(31, 31, v0) ^ Extract(35, 35, v1), Extract(31, 31, v0) ^ Extract(34, 34, v1), Extract(31, 31, v0) ^ Extract(33, 33, v1), Extract(31, 31, v0) ^ Extract(32, 32, v1), Extract(31, 0, v0) ^ Extract(31, 0, v1))
      riscv : v0 ^ v1
[340/507] c/op_403
      IDENTICAL_AFTER_NORMALIZE  answer width 64
      x86   : v0 ^ v1
      riscv : v0 ^ v1
[341/507] c/op_404
      IDENTICAL_AFTER_NORMALIZE  answer width 64
      x86   : v0 ^ v1
      riscv : v0 ^ v1
[342/507] c/op_407
      EQUAL_BY_Z3                answer width 64
      x86   : Concat(Extract(63, 32, v0), Extract(31, 0, v0) ^ Extract(31, 0, v1))
      riscv : v0 ^ v1
[343/507] c/op_420
      IDENTICAL_AFTER_NORMALIZE  answer width 32
      x86   : Extract(31, 0, v0) ^ Extract(31, 0, v1)
      riscv : Extract(31, 0, v0) ^ Extract(31, 0, v1)
[344/507] c/op_421
      EQUAL_BY_Z3                answer width 64
      x86   : Concat(Extract(63, 32, v0), Extract(31, 0, v0) ^ Extract(31, 0, v1))
      riscv : v0 ^ v1
[345/507] c/op_422
      EQUAL_BY_Z3                answer width 64
      x86   : Concat(Extract(63, 32, v0), Extract(31, 0, v0) ^ Extract(31, 0, v1))
      riscv : v0 ^ v1
[346/507] c/op_425
      IDENTICAL_AFTER_NORMALIZE  answer width 32
      x86   : Extract(31, 0, v0) ^ Extract(31, 0, v1)
      riscv : Extract(31, 0, v0) ^ Extract(31, 0, v1)
[347/507] c/op_426
      IDENTICAL_AFTER_NORMALIZE  answer width 32
      x86   : ~(~Extract(31, 0, v0) | ~Extract(31, 0, v1))
      riscv : ~(~Extract(31, 0, v0) | ~Extract(31, 0, v1))
[348/507] c/op_427
      EQUAL_BY_Z3                answer width 64
      x86   : Concat(~(~Extract(31, 31, v0) | ~Extract(63, 63, v1)), ~(~Extract(62, 0, v1) | Concat(~Extract(31, 31, v0), ~Extract(31, 31, v0), ~Extract(31, 31, v0), ~Extract(31, 31, v0), ~Extract(31, 31, v0), ~Extract(31, 31, v0), ~Extract(31, 31, v0), ~Extract(31, 31, v0), ~Extract(31, 31, v0), ~Extract(31, 31, v0), ~Extract(31, 31, v0), ~Extract(31, 31, v0), ~Extract(31, 31, v0), ~Extract(31, 31, v0), ~Extract(31, 31, v0), ~Extract(31, 31, v0), ~Extract(31, 31, v0), ~Extract(31, 31, v0), ~Extract(31, 31, v0), ~Extract(31, 31, v0), ~Extract(31, 31, v0), ~Extract(31, 31, v0), ~Extract(31, 31, v0), ~Extract(31, 31, v0), ~Extract(31, 31, v0), ~Extract(31, 31, v0), ~Extract(31, 31, v0), ~Extract(31, 31, v0), ~Extract(31, 31, v0), ~Extract(31, 31, v0), ~Extract(31, 31, v0), ~Extract(31, 0, v0))))
      riscv : ~(~v0 | ~v1)
[349/507] c/op_428
      EQUAL_BY_Z3                answer width 64
      x86   : Concat(~(~Extract(31, 31, v0) | ~Extract(63, 63, v1)), ~(~Extract(62, 0, v1) | Concat(~Extract(31, 31, v0), ~Extract(31, 31, v0), ~Extract(31, 31, v0), ~Extract(31, 31, v0), ~Extract(31, 31, v0), ~Extract(31, 31, v0), ~Extract(31, 31, v0), ~Extract(31, 31, v0), ~Extract(31, 31, v0), ~Extract(31, 31, v0), ~Extract(31, 31, v0), ~Extract(31, 31, v0), ~Extract(31, 31, v0), ~Extract(31, 31, v0), ~Extract(31, 31, v0), ~Extract(31, 31, v0), ~Extract(31, 31, v0), ~Extract(31, 31, v0), ~Extract(31, 31, v0), ~Extract(31, 31, v0), ~Extract(31, 31, v0), ~Extract(31, 31, v0), ~Extract(31, 31, v0), ~Extract(31, 31, v0), ~Extract(31, 31, v0), ~Extract(31, 31, v0), ~Extract(31, 31, v0), ~Extract(31, 31, v0), ~Extract(31, 31, v0), ~Extract(31, 31, v0), ~Extract(31, 31, v0), ~Extract(31, 0, v0))))
      riscv : ~(~v0 | ~v1)
[350/507] c/op_431
      IDENTICAL_AFTER_NORMALIZE  answer width 32
      x86   : ~(~Extract(31, 0, v0) | ~Extract(31, 0, v1))
      riscv : ~(~Extract(31, 0, v0) | ~Extract(31, 0, v1))
[351/507] c/op_432
      EQUAL_BY_Z3                answer width 64
      x86   : Concat(~(~Extract(31, 31, v0) | ~Extract(63, 63, v1)), ~(~Extract(62, 0, v1) | Concat(~Extract(31, 31, v0), ~Extract(31, 31, v0), ~Extract(31, 31, v0), ~Extract(31, 31, v0), ~Extract(31, 31, v0), ~Extract(31, 31, v0), ~Extract(31, 31, v0), ~Extract(31, 31, v0), ~Extract(31, 31, v0), ~Extract(31, 31, v0), ~Extract(31, 31, v0), ~Extract(31, 31, v0), ~Extract(31, 31, v0), ~Extract(31, 31, v0), ~Extract(31, 31, v0), ~Extract(31, 31, v0), ~Extract(31, 31, v0), ~Extract(31, 31, v0), ~Extract(31, 31, v0), ~Extract(31, 31, v0), ~Extract(31, 31, v0), ~Extract(31, 31, v0), ~Extract(31, 31, v0), ~Extract(31, 31, v0), ~Extract(31, 31, v0), ~Extract(31, 31, v0), ~Extract(31, 31, v0), ~Extract(31, 31, v0), ~Extract(31, 31, v0), ~Extract(31, 31, v0), ~Extract(31, 31, v0), ~Extract(31, 0, v0))))
      riscv : ~(~v0 | ~v1)
[352/507] c/op_433
      IDENTICAL_AFTER_NORMALIZE  answer width 64
      x86   : ~(~v0 | ~v1)
      riscv : ~(~v0 | ~v1)
[353/507] c/op_434
      IDENTICAL_AFTER_NORMALIZE  answer width 64
      x86   : ~(~v0 | ~v1)
      riscv : ~(~v0 | ~v1)
[354/507] c/op_437
      IDENTICAL_AFTER_NORMALIZE  answer width 32
      x86   : ~(~Extract(31, 0, v0) | ~Extract(31, 0, v1))
      riscv : ~(~Extract(31, 0, v0) | ~Extract(31, 0, v1))
[355/507] c/op_438
      EQUAL_BY_Z3                answer width 64
      x86   : Concat(~(~Extract(31, 31, v0) | ~Extract(63, 63, v1)), ~(~Extract(62, 0, v1) | Concat(~Extract(31, 31, v0), ~Extract(31, 31, v0), ~Extract(31, 31, v0), ~Extract(31, 31, v0), ~Extract(31, 31, v0), ~Extract(31, 31, v0), ~Extract(31, 31, v0), ~Extract(31, 31, v0), ~Extract(31, 31, v0), ~Extract(31, 31, v0), ~Extract(31, 31, v0), ~Extract(31, 31, v0), ~Extract(31, 31, v0), ~Extract(31, 31, v0), ~Extract(31, 31, v0), ~Extract(31, 31, v0), ~Extract(31, 31, v0), ~Extract(31, 31, v0), ~Extract(31, 31, v0), ~Extract(31, 31, v0), ~Extract(31, 31, v0), ~Extract(31, 31, v0), ~Extract(31, 31, v0), ~Extract(31, 31, v0), ~Extract(31, 31, v0), ~Extract(31, 31, v0), ~Extract(31, 31, v0), ~Extract(31, 31, v0), ~Extract(31, 31, v0), ~Extract(31, 31, v0), ~Extract(31, 31, v0), ~Extract(31, 0, v0))))
      riscv : ~(~v0 | ~v1)
[356/507] c/op_439
      IDENTICAL_AFTER_NORMALIZE  answer width 64
      x86   : ~(~v0 | ~v1)
      riscv : ~(~v0 | ~v1)
[357/507] c/op_440
      IDENTICAL_AFTER_NORMALIZE  answer width 64
      x86   : ~(~v0 | ~v1)
      riscv : ~(~v0 | ~v1)
[358/507] c/op_443
      IDENTICAL_AFTER_NORMALIZE  answer width 32
      x86   : ~(~Extract(31, 0, v0) | ~Extract(31, 0, v1))
      riscv : ~(~Extract(31, 0, v0) | ~Extract(31, 0, v1))
[359/507] c/op_456
      IDENTICAL_AFTER_NORMALIZE  answer width 32
      x86   : ~(~Extract(31, 0, v0) | ~Extract(31, 0, v1))
      riscv : ~(~Extract(31, 0, v0) | ~Extract(31, 0, v1))
[360/507] c/op_457
      IDENTICAL_AFTER_NORMALIZE  answer width 32
      x86   : ~(~Extract(31, 0, v0) | ~Extract(31, 0, v1))
      riscv : ~(~Extract(31, 0, v0) | ~Extract(31, 0, v1))
[361/507] c/op_458
      IDENTICAL_AFTER_NORMALIZE  answer width 32
      x86   : ~(~Extract(31, 0, v0) | ~Extract(31, 0, v1))
      riscv : ~(~Extract(31, 0, v0) | ~Extract(31, 0, v1))
[362/507] c/op_461
      IDENTICAL_AFTER_NORMALIZE  answer width 32
      x86   : ~(~Extract(31, 0, v0) | ~Extract(31, 0, v1))
      riscv : ~(~Extract(31, 0, v0) | ~Extract(31, 0, v1))
[363/507] c/op_462
      EQUAL_BY_Z3                answer width 8
      x86   : If(Extract(31, 0, v0) == Extract(31, 0, v1), 1, 0)
      riscv : Concat(0, If(1 <= Concat(0, v0 ^ v1), 0, 1))
[364/507] c/op_463
      EQUAL_BY_Z3                answer width 8
      x86   : If(Concat(Extract(31, 31, v0), Extract(31, 31, v0), Extract(31, 31, v0), Extract(31, 31, v0), Extract(31, 31, v0), Extract(31, 31, v0), Extract(31, 31, v0), Extract(31, 31, v0), Extract(31, 31, v0), Extract(31, 31, v0), Extract(31, 31, v0), Extract(31, 31, v0), Extract(31, 31, v0), Extract(31, 31, v0), Extract(31, 31, v0), Extract(31, 31, v0), Extract(31, 31, v0), Extract(31, 31, v0), Extract(31, 31, v0), Extract(31, 31, v0), Extract(31, 31, v0), Extract(31, 31, v0), Extract(31, 31, v0), Extract(31, 31, v0), Extract(31, 31, v0), Extract(31, 31, v0), Extract(31, 31, v0), Extract(31, 31, v0), Extract(31, 31, v0), Extract(31, 31, v0), Extract(31, 31, v0), Extract(31, 31, v0), Extract(31, 0, v0)) == v1, 1, 0)
      riscv : Concat(0, If(1 <= Concat(0, v0 ^ v1), 0, 1))
[365/507] c/op_464
      EQUAL_BY_Z3                answer width 8
      x86   : If(Concat(Extract(31, 31, v0), Extract(31, 31, v0), Extract(31, 31, v0), Extract(31, 31, v0), Extract(31, 31, v0), Extract(31, 31, v0), Extract(31, 31, v0), Extract(31, 31, v0), Extract(31, 31, v0), Extract(31, 31, v0), Extract(31, 31, v0), Extract(31, 31, v0), Extract(31, 31, v0), Extract(31, 31, v0), Extract(31, 31, v0), Extract(31, 31, v0), Extract(31, 31, v0), Extract(31, 31, v0), Extract(31, 31, v0), Extract(31, 31, v0), Extract(31, 31, v0), Extract(31, 31, v0), Extract(31, 31, v0), Extract(31, 31, v0), Extract(31, 31, v0), Extract(31, 31, v0), Extract(31, 31, v0), Extract(31, 31, v0), Extract(31, 31, v0), Extract(31, 31, v0), Extract(31, 31, v0), Extract(31, 31, v0), Extract(31, 0, v0)) == v1, 1, 0)
      riscv : Concat(0, If(1 <= Concat(0, v0 ^ v1), 0, 1))
[366/507] c/op_465
      DIFFER                     answer width 32
      x86   : Concat(0, If(And(fpEQ(fpToFP(Extract(31, 0, v1)), fpToFP(fp.to_ieee_bv(fpToFP(RNE(), Extract(31, 0, v0))))), Not(Or(fpIsNaN(fpToFP(Extract(31, 0, v1))), fpIsNaN(fpToFP(fp.to_ieee_bv(fpToFP(RNE(), Extract(31, 0, v0)))))))), 1, 0))
      riscv : Concat(0, If(fpEQ(fpToFP(fp.to_ieee_bv(fpToFP(RNE(), Extract(31, 0, v0)))), fpToFP(If(Extract(63, 32, v1) == 4294967295, Extract(31, 0, v1), 2143289344))), 1, 0))
      counterexample: {'arg0': '0', 'arg1': '0', 'fp.to_ieee_bv': '[else -> fp.to_ieee_bv(Var(0))]'}
[367/507] c/op_466
      EQUAL_BY_Z3                answer width 32
      x86   : Concat(0, If(And(fpEQ(fpToFP(Extract(63, 0, v1)), fpToFP(fp.to_ieee_bv(fpToFP(RNE(), Extract(31, 0, v0))))), Not(Or(fpIsNaN(fpToFP(Extract(63, 0, v1))), fpIsNaN(fpToFP(fp.to_ieee_bv(fpToFP(RNE(), Extract(31, 0, v0)))))))), 1, 0))
      riscv : Concat(0, If(fpEQ(fpToFP(Extract(63, 0, v1)), fpToFP(fp.to_ieee_bv(fpToFP(RNE(), Extract(31, 0, v0))))), 1, 0))
[368/507] c/op_467
      EQUAL_BY_Z3                answer width 8
      x86   : If(Extract(31, 0, v0) == Extract(31, 0, v1), 1, 0)
      riscv : Concat(0, If(1 <= Concat(0, v0 ^ v1), 0, 1))
[369/507] c/op_468
      EQUAL_BY_Z3                answer width 8
      x86   : If(Concat(Extract(31, 31, v0), Extract(31, 31, v0), Extract(31, 31, v0), Extract(31, 31, v0), Extract(31, 31, v0), Extract(31, 31, v0), Extract(31, 31, v0), Extract(31, 31, v0), Extract(31, 31, v0), Extract(31, 31, v0), Extract(31, 31, v0), Extract(31, 31, v0), Extract(31, 31, v0), Extract(31, 31, v0), Extract(31, 31, v0), Extract(31, 31, v0), Extract(31, 31, v0), Extract(31, 31, v0), Extract(31, 31, v0), Extract(31, 31, v0), Extract(31, 31, v0), Extract(31, 31, v0), Extract(31, 31, v0), Extract(31, 31, v0), Extract(31, 31, v0), Extract(31, 31, v0), Extract(31, 31, v0), Extract(31, 31, v0), Extract(31, 31, v0), Extract(31, 31, v0), Extract(31, 31, v0), Extract(31, 31, v0), Extract(31, 0, v0)) == v1, 1, 0)
      riscv : Concat(0, If(1 <= Concat(0, v0 ^ v1), 0, 1))
[370/507] c/op_469
      EQUAL_BY_Z3                answer width 8
      x86   : If(v0 == v1, 1, 0)
      riscv : Concat(0, If(1 <= Concat(0, v0 ^ v1), 0, 1))
[371/507] c/op_470
      EQUAL_BY_Z3                answer width 8
      x86   : If(v0 == v1, 1, 0)
      riscv : Concat(0, If(1 <= Concat(0, v0 ^ v1), 0, 1))
[372/507] c/op_471
      DIFFER                     answer width 32
      x86   : Concat(0, If(And(fpEQ(fpToFP(Extract(31, 0, v0)), fpToFP(fp.to_ieee_bv(fpToFP(RNE(), v1)))), Not(Or(fpIsNaN(fpToFP(Extract(31, 0, v0))), fpIsNaN(fpToFP(fp.to_ieee_bv(fpToFP(RNE(), v1))))))), 1, 0))
      riscv : Concat(0, If(fpEQ(fpToFP(fp.to_ieee_bv(fpToFP(RNE(), v1))), fpToFP(If(Extract(63, 32, v0) == 4294967295, Extract(31, 0, v0), 2143289344))), 1, 0))
      counterexample: {'arg0': '0', 'arg1': '1278383061305655296', 'fp.to_ieee_bv': '[else -> fp.to_ieee_bv(Var(0))]'}
[373/507] c/op_472
      EQUAL_BY_Z3                answer width 32
      x86   : Concat(0, If(And(fpEQ(fpToFP(Extract(63, 0, v0)), fpToFP(fp.to_ieee_bv(fpToFP(RNE(), v1)))), Not(Or(fpIsNaN(fpToFP(Extract(63, 0, v0))), fpIsNaN(fpToFP(fp.to_ieee_bv(fpToFP(RNE(), v1))))))), 1, 0))
      riscv : Concat(0, If(fpEQ(fpToFP(Extract(63, 0, v0)), fpToFP(fp.to_ieee_bv(fpToFP(RNE(), v1)))), 1, 0))
[374/507] c/op_473
      EQUAL_BY_Z3                answer width 8
      x86   : If(Concat(0, Extract(31, 0, v0)) == v1, 1, 0)
      riscv : Concat(0, If(1 <= Concat(0, v0 ^ v1), 0, 1))
[375/507] c/op_474
      EQUAL_BY_Z3                answer width 8
      x86   : If(Concat(Extract(31, 31, v0), Extract(31, 31, v0), Extract(31, 31, v0), Extract(31, 31, v0), Extract(31, 31, v0), Extract(31, 31, v0), Extract(31, 31, v0), Extract(31, 31, v0), Extract(31, 31, v0), Extract(31, 31, v0), Extract(31, 31, v0), Extract(31, 31, v0), Extract(31, 31, v0), Extract(31, 31, v0), Extract(31, 31, v0), Extract(31, 31, v0), Extract(31, 31, v0), Extract(31, 31, v0), Extract(31, 31, v0), Extract(31, 31, v0), Extract(31, 31, v0), Extract(31, 31, v0), Extract(31, 31, v0), Extract(31, 31, v0), Extract(31, 31, v0), Extract(31, 31, v0), Extract(31, 31, v0), Extract(31, 31, v0), Extract(31, 31, v0), Extract(31, 31, v0), Extract(31, 31, v0), Extract(31, 31, v0), Extract(31, 0, v0)) == v1, 1, 0)
      riscv : Concat(0, If(1 <= Concat(0, v0 ^ v1), 0, 1))
[376/507] c/op_475
      EQUAL_BY_Z3                answer width 8
      x86   : If(v0 == v1, 1, 0)
      riscv : Concat(0, If(1 <= Concat(0, v0 ^ v1), 0, 1))
[377/507] c/op_476
      EQUAL_BY_Z3                answer width 8
      x86   : If(v0 == v1, 1, 0)
      riscv : Concat(0, If(1 <= Concat(0, v0 ^ v1), 0, 1))
[378/507] c/op_477
      NotModeled: every path through this body leaves the unit or is unreachable, so the body leaves no answer to read
[379/507] c/op_478
      DIFFER                     answer width 32
      x86   : Concat(0, If(And(fpEQ(fpToFP(Extract(63, 0, v3)), fpToFP(fp.to_ieee_bv(fpToFP(fp.to_ieee_bv(-fpToFP(Extract(127, 64, v0)) + fpToFP(Concat(Extract(63, 32, v1), Extract(63, 32, v2))))) + fpToFP(fp.to_ieee_bv(-fpToFP(Extract(63, 0, v0)) + fpToFP(Concat(Extract(31, 0, v1), Extract(31, 0, v2)))))))), Not(Or(fpIsNaN(fpToFP(Extract(63, 0, v3))), fpIsNaN(fpToFP(fp.to_ieee_bv(fpToFP(fp.to_ieee_bv(-fpToFP(Extract(127, 64, v0)) + fpToFP(Concat(Extract(63, 32, v1), Extract(63, 32, v2))))) + fpToFP(fp.to_ieee_bv(-fpToFP(Extract(63, 0, v0)) + fpToFP(Concat(Extract(31, 0, v1), Extract(31, 0, v2))))))))))), 1, 0))
      riscv : Concat(0, If(fpEQ(fpToFP(Extract(63, 0, v0)), fpToFP(fp.to_ieee_bv(fpToFPUnsigned(RNE(), v1)))), 1, 0))
      counterexample: {'arg0': '2067169826517871420', 'arg1': '4880969678949712107', 'ripconst_0': '14240382025267699712', 'ripconst_1': '91215031105711908836245854195929841664', 'fp.to_ieee_bv': '[else -> fp.to_ieee_bv(Var(0))]'}
[380/507] c/op_479
      EQUAL_BY_Z3                answer width 8
      x86   : If(Concat(0, Extract(31, 0, v0)) == v1, 1, 0)
      riscv : Concat(0, If(1 <= Concat(0, v0 ^ v1), 0, 1))
[381/507] c/op_480
      DIFFER                     answer width 32
      x86   : Concat(0, If(And(fpEQ(fpToFP(Extract(31, 0, v1)), fpToFP(fp.to_ieee_bv(fpToFP(RNE(), Extract(31, 0, v0))))), Not(Or(fpIsNaN(fpToFP(Extract(31, 0, v1))), fpIsNaN(fpToFP(fp.to_ieee_bv(fpToFP(RNE(), Extract(31, 0, v0)))))))), 1, 0))
      riscv : Concat(0, If(fpEQ(fpToFP(fp.to_ieee_bv(fpToFP(RNE(), Extract(31, 0, v0)))), fpToFP(If(Extract(63, 32, v1) == 4294967295, Extract(31, 0, v1), 2143289344))), 1, 0))
      counterexample: {'arg1': '0', 'arg0': '18446743519658770432', 'fp.to_ieee_bv': '[else -> fp.to_ieee_bv(Var(0))]'}
[382/507] c/op_481
      DIFFER                     answer width 32
      x86   : Concat(0, If(And(fpEQ(fpToFP(Extract(31, 0, v0)), fpToFP(fp.to_ieee_bv(fpToFP(RNE(), v1)))), Not(Or(fpIsNaN(fpToFP(Extract(31, 0, v0))), fpIsNaN(fpToFP(fp.to_ieee_bv(fpToFP(RNE(), v1))))))), 1, 0))
      riscv : Concat(0, If(fpEQ(fpToFP(fp.to_ieee_bv(fpToFP(RNE(), v1))), fpToFP(If(Extract(63, 32, v0) == 4294967295, Extract(31, 0, v0), 2143289344))), 1, 0))
      counterexample: {'arg1': '0', 'arg0': '18445618169507741696', 'fp.to_ieee_bv': '[else -> fp.to_ieee_bv(Var(0))]'}
[383/507] c/op_482
      NotModeled: every path through this body leaves the unit or is unreachable, so the body leaves no answer to read
[384/507] c/op_483
      DIFFER                     answer width 32
      x86   : Concat(0, If(And(fpEQ(fpToFP(Extract(31, 0, v0)), fpToFP(Extract(31, 0, v1))), Not(Or(fpIsNaN(fpToFP(Extract(31, 0, v0))), fpIsNaN(fpToFP(Extract(31, 0, v1)))))), 1, 0))
      riscv : Concat(0, If(fpEQ(fpToFP(If(Extract(63, 32, v0) == 4294967295, Extract(31, 0, v0), 2143289344)), fpToFP(If(Extract(63, 32, v1) == 4294967295, Extract(31, 0, v1), 2143289344))), 1, 0))
      counterexample: {'arg0': '17925925529089766025', 'arg1': '18446744069540442761'}
[385/507] c/op_484
      DIFFER                     answer width 32
      x86   : Concat(0, If(And(fpEQ(fpToFP(Extract(63, 0, v1)), fpToFP(fp.to_ieee_bv(fpToFP(RNE(), fpToFP(Extract(31, 0, v0)))))), Not(Or(fpIsNaN(fpToFP(Extract(63, 0, v1))), fpIsNaN(fpToFP(fp.to_ieee_bv(fpToFP(RNE(), fpToFP(Extract(31, 0, v0))))))))), 1, 0))
      riscv : Concat(0, If(fpEQ(fpToFP(Extract(63, 0, v1)), fpToFP(fp.to_ieee_bv(fpToFP(RNE(), fpToFP(If(Extract(63, 32, v0) == 4294967295, Extract(31, 0, v0), 2143289344)))))), 1, 0))
      counterexample: {'arg0': '7612963281736565706', 'arg1': '3980707081572319232', 'fp.to_ieee_bv': '[NaN -> 9219592204204544485, else -> fp.to_ieee_bv(Var(0))]'}
[386/507] c/op_485
      DIFFER                     answer width 32
      x86   : Concat(0, If(And(fpEQ(fpToFP(Extract(31, 0, v1)), fpToFP(fp.to_ieee_bv(fpToFP(RNE(), Extract(31, 0, v0))))), Not(Or(fpIsNaN(fpToFP(Extract(31, 0, v1))), fpIsNaN(fpToFP(fp.to_ieee_bv(fpToFP(RNE(), Extract(31, 0, v0)))))))), 1, 0))
      riscv : Concat(0, If(fpEQ(fpToFP(fp.to_ieee_bv(fpToFPUnsigned(RNE(), Extract(31, 0, v0)))), fpToFP(If(Extract(63, 32, v1) == 4294967295, Extract(31, 0, v1), 2143289344))), 1, 0))
      counterexample: {'arg1': '1', 'arg0': '18150114744046977024', 'fp.to_ieee_bv': '[else -> fp.to_ieee_bv(Var(0))]'}
[387/507] c/op_486
      EQUAL_BY_Z3                answer width 32
      x86   : Concat(0, If(And(fpEQ(fpToFP(Extract(63, 0, v1)), fpToFP(fp.to_ieee_bv(fpToFP(RNE(), Extract(31, 0, v0))))), Not(Or(fpIsNaN(fpToFP(Extract(63, 0, v1))), fpIsNaN(fpToFP(fp.to_ieee_bv(fpToFP(RNE(), Extract(31, 0, v0)))))))), 1, 0))
      riscv : Concat(0, If(fpEQ(fpToFP(Extract(63, 0, v1)), fpToFP(fp.to_ieee_bv(fpToFP(RNE(), Extract(31, 0, v0))))), 1, 0))
[388/507] c/op_487
      EQUAL_BY_Z3                answer width 32
      x86   : Concat(0, If(And(fpEQ(fpToFP(Extract(63, 0, v0)), fpToFP(fp.to_ieee_bv(fpToFP(RNE(), v1)))), Not(Or(fpIsNaN(fpToFP(Extract(63, 0, v0))), fpIsNaN(fpToFP(fp.to_ieee_bv(fpToFP(RNE(), v1))))))), 1, 0))
      riscv : Concat(0, If(fpEQ(fpToFP(Extract(63, 0, v0)), fpToFP(fp.to_ieee_bv(fpToFP(RNE(), v1)))), 1, 0))
[389/507] c/op_488
      DIFFER                     answer width 32
      x86   : Concat(0, If(And(fpEQ(fpToFP(Extract(63, 0, v3)), fpToFP(fp.to_ieee_bv(fpToFP(fp.to_ieee_bv(-fpToFP(Extract(127, 64, v0)) + fpToFP(Concat(Extract(63, 32, v1), Extract(63, 32, v2))))) + fpToFP(fp.to_ieee_bv(-fpToFP(Extract(63, 0, v0)) + fpToFP(Concat(Extract(31, 0, v1), Extract(31, 0, v2)))))))), Not(Or(fpIsNaN(fpToFP(Extract(63, 0, v3))), fpIsNaN(fpToFP(fp.to_ieee_bv(fpToFP(fp.to_ieee_bv(-fpToFP(Extract(127, 64, v0)) + fpToFP(Concat(Extract(63, 32, v1), Extract(63, 32, v2))))) + fpToFP(fp.to_ieee_bv(-fpToFP(Extract(63, 0, v0)) + fpToFP(Concat(Extract(31, 0, v1), Extract(31, 0, v2))))))))))), 1, 0))
      riscv : Concat(0, If(fpEQ(fpToFP(Extract(63, 0, v0)), fpToFP(fp.to_ieee_bv(fpToFPUnsigned(RNE(), v1)))), 1, 0))
      counterexample: {'ripconst_0': '9277415349035204607', 'arg1': '1229455970690598794', 'ripconst_1': '171138099861997121605482565517735752932', 'arg0': '4877697359200386824', 'fp.to_ieee_bv': '[else -> fp.to_ieee_bv(Var(0))]'}
[390/507] c/op_489
      DIFFER                     answer width 32
      x86   : Concat(0, If(And(fpEQ(fpToFP(Extract(63, 0, v1)), fpToFP(fp.to_ieee_bv(fpToFP(RNE(), fpToFP(Extract(31, 0, v0)))))), Not(Or(fpIsNaN(fpToFP(Extract(63, 0, v1))), fpIsNaN(fpToFP(fp.to_ieee_bv(fpToFP(RNE(), fpToFP(Extract(31, 0, v0))))))))), 1, 0))
      riscv : Concat(0, If(fpEQ(fpToFP(Extract(63, 0, v1)), fpToFP(fp.to_ieee_bv(fpToFP(RNE(), fpToFP(If(Extract(63, 32, v0) == 4294967295, Extract(31, 0, v0), 2143289344)))))), 1, 0))
      counterexample: {'arg0': '13826928332878381056', 'arg1': '15983590597631471740', 'fp.to_ieee_bv': '[NaN -> 9222494560003817471, else -> fp.to_ieee_bv(Var(0))]'}
[391/507] c/op_490
      EQUAL_BY_Z3                answer width 32
      x86   : Concat(0, If(And(fpEQ(fpToFP(Extract(63, 0, v0)), fpToFP(Extract(63, 0, v1))), Not(Or(fpIsNaN(fpToFP(Extract(63, 0, v0))), fpIsNaN(fpToFP(Extract(63, 0, v1)))))), 1, 0))
      riscv : Concat(0, If(fpEQ(fpToFP(Extract(63, 0, v0)), fpToFP(Extract(63, 0, v1))), 1, 0))
[392/507] c/op_491
      EQUAL_BY_Z3                answer width 32
      x86   : Concat(0, If(And(fpEQ(fpToFP(Extract(63, 0, v1)), fpToFP(fp.to_ieee_bv(fpToFP(RNE(), Extract(31, 0, v0))))), Not(Or(fpIsNaN(fpToFP(Extract(63, 0, v1))), fpIsNaN(fpToFP(fp.to_ieee_bv(fpToFP(RNE(), Extract(31, 0, v0)))))))), 1, 0))
      riscv : Concat(0, If(fpEQ(fpToFP(Extract(63, 0, v1)), fpToFP(fp.to_ieee_bv(fpToFPUnsigned(RNE(), Extract(31, 0, v0))))), 1, 0))
[393/507] c/op_492
      EQUAL_BY_Z3                answer width 8
      x86   : If(Extract(31, 0, v0) == Extract(31, 0, v1), 1, 0)
      riscv : Concat(0, If(1 <= Concat(0, v0 ^ v1), 0, 1))
[394/507] c/op_493
      EQUAL_BY_Z3                answer width 8
      x86   : If(Concat(0, Extract(31, 0, v0)) == v1, 1, 0)
      riscv : Concat(0, If(1 <= Concat(0, v0 ^ v1), 0, 1))
[395/507] c/op_494
      EQUAL_BY_Z3                answer width 8
      x86   : If(Concat(0, Extract(31, 0, v0)) == v1, 1, 0)
      riscv : Concat(0, If(1 <= Concat(0, v0 ^ v1), 0, 1))
[396/507] c/op_495
      DIFFER                     answer width 32
      x86   : Concat(0, If(And(fpEQ(fpToFP(Extract(31, 0, v1)), fpToFP(fp.to_ieee_bv(fpToFP(RNE(), Extract(31, 0, v0))))), Not(Or(fpIsNaN(fpToFP(Extract(31, 0, v1))), fpIsNaN(fpToFP(fp.to_ieee_bv(fpToFP(RNE(), Extract(31, 0, v0)))))))), 1, 0))
      riscv : Concat(0, If(fpEQ(fpToFP(fp.to_ieee_bv(fpToFPUnsigned(RNE(), Extract(31, 0, v0)))), fpToFP(If(Extract(63, 32, v1) == 4294967295, Extract(31, 0, v1), 2143289344))), 1, 0))
      counterexample: {'arg0': '0', 'arg1': '4427331956065173504', 'fp.to_ieee_bv': '[else -> fp.to_ieee_bv(Var(0))]'}
[397/507] c/op_496
      EQUAL_BY_Z3                answer width 32
      x86   : Concat(0, If(And(fpEQ(fpToFP(Extract(63, 0, v1)), fpToFP(fp.to_ieee_bv(fpToFP(RNE(), Extract(31, 0, v0))))), Not(Or(fpIsNaN(fpToFP(Extract(63, 0, v1))), fpIsNaN(fpToFP(fp.to_ieee_bv(fpToFP(RNE(), Extract(31, 0, v0)))))))), 1, 0))
      riscv : Concat(0, If(fpEQ(fpToFP(Extract(63, 0, v1)), fpToFP(fp.to_ieee_bv(fpToFPUnsigned(RNE(), Extract(31, 0, v0))))), 1, 0))
[398/507] c/op_497
      EQUAL_BY_Z3                answer width 32
      x86   : Concat(0, Extract(7, 0, v0) ^ Extract(7, 0, v1) ^ 1)
      riscv : Extract(31, 0, v0) ^ Extract(31, 0, v1) ^ 1
[399/507] c/op_498
      EQUAL_BY_Z3                answer width 8
      x86   : If(Extract(31, 0, v0) == Extract(31, 0, v1), 0, 1)
      riscv : Concat(0, If(Concat(0, v0 ^ v1) <= 0, 0, 1))
[400/507] c/op_499
      EQUAL_BY_Z3                answer width 8
      x86   : If(Concat(Extract(31, 31, v0), Extract(31, 31, v0), Extract(31, 31, v0), Extract(31, 31, v0), Extract(31, 31, v0), Extract(31, 31, v0), Extract(31, 31, v0), Extract(31, 31, v0), Extract(31, 31, v0), Extract(31, 31, v0), Extract(31, 31, v0), Extract(31, 31, v0), Extract(31, 31, v0), Extract(31, 31, v0), Extract(31, 31, v0), Extract(31, 31, v0), Extract(31, 31, v0), Extract(31, 31, v0), Extract(31, 31, v0), Extract(31, 31, v0), Extract(31, 31, v0), Extract(31, 31, v0), Extract(31, 31, v0), Extract(31, 31, v0), Extract(31, 31, v0), Extract(31, 31, v0), Extract(31, 31, v0), Extract(31, 31, v0), Extract(31, 31, v0), Extract(31, 31, v0), Extract(31, 31, v0), Extract(31, 31, v0), Extract(31, 0, v0)) == v1, 0, 1)
      riscv : Concat(0, If(Concat(0, v0 ^ v1) <= 0, 0, 1))
[401/507] go/op_0
      IDENTICAL_AFTER_NORMALIZE  answer width 32
      x86   : Extract(31, 0, v0)
      riscv : Extract(31, 0, v0)
[402/507] go/op_1
      IDENTICAL_AFTER_NORMALIZE  answer width 32
      x86   : Extract(31, 0, v0)
      riscv : Extract(31, 0, v0)
[403/507] go/op_2
      IDENTICAL_AFTER_NORMALIZE  answer width 32
      x86   : Extract(31, 0, v0)
      riscv : Extract(31, 0, v0)
[404/507] go/op_3
      IDENTICAL_AFTER_NORMALIZE  answer width 64
      x86   : Extract(63, 0, v0)
      riscv : Extract(63, 0, v0)
[405/507] go/op_4
      IDENTICAL_AFTER_NORMALIZE  answer width 64
      x86   : Extract(63, 0, v0)
      riscv : Extract(63, 0, v0)
[406/507] go/op_6
      IDENTICAL_AFTER_NORMALIZE  answer width 32
      x86   : Extract(31, 0, v0)*4294967295
      riscv : Extract(31, 0, v0)*4294967295
[407/507] go/op_7
      IDENTICAL_AFTER_NORMALIZE  answer width 64
      x86   : v0*18446744073709551615
      riscv : v0*18446744073709551615
[408/507] go/op_8
      IDENTICAL_AFTER_NORMALIZE  answer width 64
      x86   : v0*18446744073709551615
      riscv : v0*18446744073709551615
[409/507] go/op_9
      DIFFER                     answer width 64
      x86   : Concat(Extract(63, 32, v0), Extract(31, 0, v0) ^ Extract(31, 0, v1))
      riscv : Concat(4294967295, If(Extract(63, 32, v0) == 4294967295, ~Extract(31, 31, v0), 1), If(Extract(63, 32, v0) == 4294967295, Extract(30, 23, v0), 255), If(Extract(63, 32, v0) == 4294967295, Extract(22, 0, v0), 4194304))
      counterexample: {'arg0': '18446744071566262271', 'ripconst_0': '2151677951'}
[410/507] go/op_10
      DIFFER                     answer width 64
      x86   : Extract(63, 0, v0) ^ Extract(63, 0, v1)
      riscv : Concat(~Extract(63, 63, v0), Extract(62, 0, v0))
      counterexample: {'arg0': '18446744073575333887', 'ripconst_0': '0'}
[411/507] go/op_17
      EQUAL_BY_Z3                answer width 32
      x86   : Concat(Extract(31, 1, v0), ~Extract(0, 0, v0))
      riscv : Concat(0, If(1 <= Concat(0, v0), 0, 1))
[412/507] go/op_18
      IDENTICAL_AFTER_NORMALIZE  answer width 32
      x86   : ~Extract(31, 0, v0)
      riscv : ~Extract(31, 0, v0)
[413/507] go/op_19
      IDENTICAL_AFTER_NORMALIZE  answer width 64
      x86   : ~v0
      riscv : ~v0
[414/507] go/op_20
      IDENTICAL_AFTER_NORMALIZE  answer width 64
      x86   : ~v0
      riscv : ~v0
[415/507] go/op_30
      NotModeled: every path through this body leaves the unit or is unreachable, so the body leaves no answer to read
[416/507] go/op_31
      NotModeled: every path through this body leaves the unit or is unreachable, so the body leaves no answer to read
[417/507] go/op_32
      NotModeled: every path through this body leaves the unit or is unreachable, so the body leaves no answer to read
[418/507] go/op_33
      NotModeled: every path through this body leaves the unit or is unreachable, so the body leaves no answer to read
[419/507] go/op_34
      NotModeled: every path through this body leaves the unit or is unreachable, so the body leaves no answer to read
[420/507] go/op_35
      NotModeled: every path through this body leaves the unit or is unreachable, so the body leaves no answer to read
[421/507] go/op_60
      IDENTICAL_AFTER_NORMALIZE  answer width 32
      x86   : Extract(31, 0, v0)*Extract(31, 0, v1)
      riscv : Extract(31, 0, v0)*Extract(31, 0, v1)
[422/507] go/op_67
      IDENTICAL_AFTER_NORMALIZE  answer width 64
      x86   : v0*v1
      riscv : v0*v1
[423/507] go/op_74
      IDENTICAL_AFTER_NORMALIZE  answer width 64
      x86   : v0*v1
      riscv : v0*v1
[424/507] go/op_81
      DIFFER                     answer width 32
      x86   : fp.to_ieee_bv(fpToFP(Extract(31, 0, v0)) * fpToFP(Extract(31, 0, v1)))
      riscv : fp.to_ieee_bv(fpToFP(If(Extract(63, 32, v0) == 4294967295, Extract(31, 0, v0), 2143289344)) * fpToFP(If(Extract(63, 32, v1) == 4294967295, Extract(31, 0, v1), 2143289344)))
      counterexample: {'arg0': '18446744071553679360', 'arg1': '6112171703301832704', 'fp.to_ieee_bv': '[NaN -> 2142752542, else -> fp.to_ieee_bv(Var(0))]'}
[425/507] go/op_88
      IDENTICAL_AFTER_NORMALIZE  answer width 64
      x86   : fp.to_ieee_bv(fpToFP(Extract(63, 0, v0)) * fpToFP(Extract(63, 0, v1)))
      riscv : fp.to_ieee_bv(fpToFP(Extract(63, 0, v0)) * fpToFP(Extract(63, 0, v1)))
[426/507] go/op_96
      NotModeled: every path through this body leaves the unit or is unreachable, so the body leaves no answer to read
[427/507] go/op_103
      NotModeled: every path through this body leaves the unit or is unreachable, so the body leaves no answer to read
[428/507] go/op_110
      NotModeled: EXECUTE_REFUSED for LOAD: not a bit-vector: Ctor(subInt, [Ctor(addInt, [Extract(63, 0, seed_x27 + SignExt(52, Extract(31, 20, 17675011))), LInt(8)]), LInt(1)]) [in execute > execute_LOAD > vmem_read > vmem_read_addr > split_on_page_boundary] (line 'ld t1, 0x10(s11)')
[429/507] go/op_117
      UNDECIDED                  answer width 32
      x86   : fp.to_ieee_bv(fpToFP(Extract(31, 0, v0)) / fpToFP(Extract(31, 0, v1)))
      riscv : fp.to_ieee_bv(fpToFP(If(Extract(63, 32, v0) == 4294967295, Extract(31, 0, v0), 2143289344)) / fpToFP(If(Extract(63, 32, v1) == 4294967295, Extract(31, 0, v1), 2143289344)))
[430/507] go/op_124
      IDENTICAL_AFTER_NORMALIZE  answer width 64
      x86   : fp.to_ieee_bv(fpToFP(Extract(63, 0, v0)) / fpToFP(Extract(63, 0, v1)))
      riscv : fp.to_ieee_bv(fpToFP(Extract(63, 0, v0)) / fpToFP(Extract(63, 0, v1)))
[431/507] go/op_132
      NotModeled: every path through this body leaves the unit or is unreachable, so the body leaves no answer to read
[432/507] go/op_139
      NotModeled: every path through this body leaves the unit or is unreachable, so the body leaves no answer to read
[433/507] go/op_146
      NotModeled: EXECUTE_REFUSED for LOAD: not a bit-vector: Ctor(subInt, [Ctor(addInt, [Extract(63, 0, seed_x27 + SignExt(52, Extract(31, 20, 17675011))), LInt(8)]), LInt(1)]) [in execute > execute_LOAD > vmem_read > vmem_read_addr > split_on_page_boundary] (line 'ld t1, 0x10(s11)')
[434/507] go/op_168
      NotModeled: EXECUTE_REFUSED for LOAD: not a bit-vector: Ctor(subInt, [Ctor(addInt, [Extract(63, 0, seed_x27 + SignExt(52, Extract(31, 20, 17675011))), LInt(8)]), LInt(1)]) [in execute > execute_LOAD > vmem_read > vmem_read_addr > split_on_page_boundary] (line 'ld t1, 0x10(s11)')
[435/507] go/op_169
      NotModeled: EXECUTE_REFUSED for LOAD: not a bit-vector: Ctor(subInt, [Ctor(addInt, [Extract(63, 0, seed_x27 + SignExt(52, Extract(31, 20, 17675011))), LInt(8)]), LInt(1)]) [in execute > execute_LOAD > vmem_read > vmem_read_addr > split_on_page_boundary] (line 'ld t1, 0x10(s11)')
[436/507] go/op_170
      EQUAL_BY_Z3                answer width 32
      x86   : ~(~(If(Or(ULE(32, Extract(5, 0, v0)), Not(Extract(63, 6, v0) == 0)), 0, 1)*4294967295) | ~(Extract(31, 0, v1) << Concat(0, Extract(4, 0, v0))))
      riscv : ~(~(Concat(0, If(64 <= Concat(0, v0), 0, 1))*4294967295) | ~Extract(31, 0, v1 << Concat(0, Extract(5, 0, v0))))
[437/507] go/op_174
      NotModeled: EXECUTE_REFUSED for LOAD: not a bit-vector: Ctor(subInt, [Ctor(addInt, [Extract(63, 0, seed_x27 + SignExt(52, Extract(31, 20, 17675011))), LInt(8)]), LInt(1)]) [in execute > execute_LOAD > vmem_read > vmem_read_addr > split_on_page_boundary] (line 'ld t1, 0x10(s11)')
[438/507] go/op_175
      NotModeled: EXECUTE_REFUSED for LOAD: not a bit-vector: Ctor(subInt, [Ctor(addInt, [Extract(63, 0, seed_x27 + SignExt(52, Extract(31, 20, 17675011))), LInt(8)]), LInt(1)]) [in execute > execute_LOAD > vmem_read > vmem_read_addr > split_on_page_boundary] (line 'ld t1, 0x10(s11)')
[439/507] go/op_176
      EQUAL_BY_Z3                answer width 64
      x86   : ~(~(If(Or(ULE(64, Extract(6, 0, v0)), Not(Extract(63, 7, v0) == 0)), 0, 1)*18446744073709551615) | ~(v1 << Concat(0, Extract(5, 0, v0))))
      riscv : ~(~(Concat(0, If(64 <= Concat(0, v0), 0, 1))*18446744073709551615) | ~(v1 << Concat(0, Extract(5, 0, v0))))
[440/507] go/op_180
      NotModeled: EXECUTE_REFUSED for LOAD: not a bit-vector: Ctor(subInt, [Ctor(addInt, [Extract(63, 0, seed_x27 + SignExt(52, Extract(31, 20, 17675011))), LInt(8)]), LInt(1)]) [in execute > execute_LOAD > vmem_read > vmem_read_addr > split_on_page_boundary] (line 'ld t1, 0x10(s11)')
[441/507] go/op_181
      NotModeled: EXECUTE_REFUSED for LOAD: not a bit-vector: Ctor(subInt, [Ctor(addInt, [Extract(63, 0, seed_x27 + SignExt(52, Extract(31, 20, 17675011))), LInt(8)]), LInt(1)]) [in execute > execute_LOAD > vmem_read > vmem_read_addr > split_on_page_boundary] (line 'ld t1, 0x10(s11)')
[442/507] go/op_182
      EQUAL_BY_Z3                answer width 64
      x86   : ~(~(If(Or(ULE(64, Extract(6, 0, v0)), Not(Extract(63, 7, v0) == 0)), 0, 1)*18446744073709551615) | ~(v1 << Concat(0, Extract(5, 0, v0))))
      riscv : ~(~(Concat(0, If(64 <= Concat(0, v0), 0, 1))*18446744073709551615) | ~(v1 << Concat(0, Extract(5, 0, v0))))
[443/507] go/op_204
      NotModeled: EXECUTE_REFUSED for LOAD: not a bit-vector: Ctor(subInt, [Ctor(addInt, [Extract(63, 0, seed_x27 + SignExt(52, Extract(31, 20, 17675011))), LInt(8)]), LInt(1)]) [in execute > execute_LOAD > vmem_read > vmem_read_addr > split_on_page_boundary] (line 'ld t1, 0x10(s11)')
[444/507] go/op_205
      NotModeled: EXECUTE_REFUSED for LOAD: not a bit-vector: Ctor(subInt, [Ctor(addInt, [Extract(63, 0, seed_x27 + SignExt(52, Extract(31, 20, 17675011))), LInt(8)]), LInt(1)]) [in execute > execute_LOAD > vmem_read > vmem_read_addr > split_on_page_boundary] (line 'ld t1, 0x10(s11)')
[445/507] go/op_206
      EQUAL_BY_Z3                answer width 32
      x86   : Extract(31, 0, v1) >> Concat(0, ~(If(Or(ULE(32, Extract(5, 0, v0)), Not(Extract(63, 6, v0) == 0)), 0, 1)*31) | Extract(4, 0, v0))
      riscv : Extract(31, 0, v1) >> Concat(0, Concat(0, If(32 <= Concat(0, v0), 0, 1)) + 31 | Extract(4, 0, v0))
[446/507] go/op_210
      NotModeled: EXECUTE_REFUSED for LOAD: not a bit-vector: Ctor(subInt, [Ctor(addInt, [Extract(63, 0, seed_x27 + SignExt(52, Extract(31, 20, 17675011))), LInt(8)]), LInt(1)]) [in execute > execute_LOAD > vmem_read > vmem_read_addr > split_on_page_boundary] (line 'ld t1, 0x10(s11)')
[447/507] go/op_211
      NotModeled: EXECUTE_REFUSED for LOAD: not a bit-vector: Ctor(subInt, [Ctor(addInt, [Extract(63, 0, seed_x27 + SignExt(52, Extract(31, 20, 17675011))), LInt(8)]), LInt(1)]) [in execute > execute_LOAD > vmem_read > vmem_read_addr > split_on_page_boundary] (line 'ld t1, 0x10(s11)')
[448/507] go/op_212
      EQUAL_BY_Z3                answer width 64
      x86   : v1 >> Concat(0, ~(If(Or(ULE(64, Extract(6, 0, v0)), Not(Extract(63, 7, v0) == 0)), 0, 1)*63) | Extract(5, 0, v0))
      riscv : v1 >> Concat(0, Concat(0, If(64 <= Concat(0, v0), 0, 1)) + 63 | Extract(5, 0, v0))
[449/507] go/op_216
      NotModeled: EXECUTE_REFUSED for LOAD: not a bit-vector: Ctor(subInt, [Ctor(addInt, [Extract(63, 0, seed_x27 + SignExt(52, Extract(31, 20, 17675011))), LInt(8)]), LInt(1)]) [in execute > execute_LOAD > vmem_read > vmem_read_addr > split_on_page_boundary] (line 'ld t1, 0x10(s11)')
[450/507] go/op_217
      NotModeled: EXECUTE_REFUSED for LOAD: not a bit-vector: Ctor(subInt, [Ctor(addInt, [Extract(63, 0, seed_x27 + SignExt(52, Extract(31, 20, 17675011))), LInt(8)]), LInt(1)]) [in execute > execute_LOAD > vmem_read > vmem_read_addr > split_on_page_boundary] (line 'ld t1, 0x10(s11)')
[451/507] go/op_218
      EQUAL_BY_Z3                answer width 64
      x86   : ~(~LShR(v0, Concat(0, Extract(5, 0, v1))) | ~(If(Or(ULE(64, Extract(6, 0, v1)), Not(Extract(63, 7, v1) == 0)), 0, 1)*18446744073709551615))
      riscv : ~(~LShR(v0, Concat(0, Extract(5, 0, v1))) | ~(Concat(0, If(64 <= Concat(0, v1), 0, 1))*18446744073709551615))
[452/507] go/op_240
      IDENTICAL_AFTER_NORMALIZE  answer width 32
      x86   : ~(~Extract(31, 0, v0) | ~Extract(31, 0, v1))
      riscv : ~(~Extract(31, 0, v0) | ~Extract(31, 0, v1))
[453/507] go/op_247
      IDENTICAL_AFTER_NORMALIZE  answer width 64
      x86   : ~(~v0 | ~v1)
      riscv : ~(~v0 | ~v1)
[454/507] go/op_254
      IDENTICAL_AFTER_NORMALIZE  answer width 64
      x86   : ~(~v0 | ~v1)
      riscv : ~(~v0 | ~v1)
[455/507] go/op_276
      IDENTICAL_AFTER_NORMALIZE  answer width 32
      x86   : ~(~Extract(31, 0, v0) | Extract(31, 0, v1))
      riscv : ~(~Extract(31, 0, v0) | Extract(31, 0, v1))
[456/507] go/op_283
      IDENTICAL_AFTER_NORMALIZE  answer width 64
      x86   : ~(~v0 | v1)
      riscv : ~(~v0 | v1)
[457/507] go/op_290
      IDENTICAL_AFTER_NORMALIZE  answer width 64
      x86   : ~(~v0 | v1)
      riscv : ~(~v0 | v1)
[458/507] go/op_312
      IDENTICAL_AFTER_NORMALIZE  answer width 32
      x86   : Extract(31, 0, v0) + Extract(31, 0, v1)
      riscv : Extract(31, 0, v0) + Extract(31, 0, v1)
[459/507] go/op_319
      IDENTICAL_AFTER_NORMALIZE  answer width 64
      x86   : v0 + v1
      riscv : v0 + v1
[460/507] go/op_326
      IDENTICAL_AFTER_NORMALIZE  answer width 64
      x86   : v0 + v1
      riscv : v0 + v1
[461/507] go/op_333
      DIFFER                     answer width 32
      x86   : fp.to_ieee_bv(fpToFP(Extract(31, 0, v0)) + fpToFP(Extract(31, 0, v1)))
      riscv : fp.to_ieee_bv(fpToFP(If(Extract(63, 32, v0) == 4294967295, Extract(31, 0, v0), 2143289344)) + fpToFP(If(Extract(63, 32, v1) == 4294967295, Extract(31, 0, v1), 2143289344)))
      counterexample: {'arg1': '1004619557370960543', 'arg0': '18446744072304510848', 'fp.to_ieee_bv': '[NaN -> 4294953313, else -> fp.to_ieee_bv(Var(0))]'}
[462/507] go/op_340
      IDENTICAL_AFTER_NORMALIZE  answer width 64
      x86   : fp.to_ieee_bv(fpToFP(Extract(63, 0, v0)) + fpToFP(Extract(63, 0, v1)))
      riscv : fp.to_ieee_bv(fpToFP(Extract(63, 0, v0)) + fpToFP(Extract(63, 0, v1)))
[463/507] go/op_348
      IDENTICAL_AFTER_NORMALIZE  answer width 32
      x86   : Extract(31, 0, v0)*4294967295 + Extract(31, 0, v1)
      riscv : Extract(31, 0, v0)*4294967295 + Extract(31, 0, v1)
[464/507] go/op_355
      IDENTICAL_AFTER_NORMALIZE  answer width 64
      x86   : v0*18446744073709551615 + v1
      riscv : v0*18446744073709551615 + v1
[465/507] go/op_362
      IDENTICAL_AFTER_NORMALIZE  answer width 64
      x86   : v0*18446744073709551615 + v1
      riscv : v0*18446744073709551615 + v1
[466/507] go/op_369
      DIFFER                     answer width 32
      x86   : fp.to_ieee_bv(-fpToFP(Extract(31, 0, v0)) + fpToFP(Extract(31, 0, v1)))
      riscv : fp.to_ieee_bv(-fpToFP(If(Extract(63, 32, v0) == 4294967295, Extract(31, 0, v0), 2143289344)) + fpToFP(If(Extract(63, 32, v1) == 4294967295, Extract(31, 0, v1), 2143289344)))
      counterexample: {'arg1': '18442240470687288144', 'arg0': '18446744070482562571', 'fp.to_ieee_bv': '[NaN -> 2141720069, else -> fp.to_ieee_bv(Var(0))]'}
[467/507] go/op_376
      IDENTICAL_AFTER_NORMALIZE  answer width 64
      x86   : fp.to_ieee_bv(-fpToFP(Extract(63, 0, v0)) + fpToFP(Extract(63, 0, v1)))
      riscv : fp.to_ieee_bv(-fpToFP(Extract(63, 0, v0)) + fpToFP(Extract(63, 0, v1)))
[468/507] go/op_384
      IDENTICAL_AFTER_NORMALIZE  answer width 32
      x86   : Extract(31, 0, v0) | Extract(31, 0, v1)
      riscv : Extract(31, 0, v0) | Extract(31, 0, v1)
[469/507] go/op_391
      IDENTICAL_AFTER_NORMALIZE  answer width 64
      x86   : v0 | v1
      riscv : v0 | v1
[470/507] go/op_398
      IDENTICAL_AFTER_NORMALIZE  answer width 64
      x86   : v0 | v1
      riscv : v0 | v1
[471/507] go/op_420
      IDENTICAL_AFTER_NORMALIZE  answer width 32
      x86   : Extract(31, 0, v0) ^ Extract(31, 0, v1)
      riscv : Extract(31, 0, v0) ^ Extract(31, 0, v1)
[472/507] go/op_427
      IDENTICAL_AFTER_NORMALIZE  answer width 64
      x86   : v0 ^ v1
      riscv : v0 ^ v1
[473/507] go/op_434
      IDENTICAL_AFTER_NORMALIZE  answer width 64
      x86   : v0 ^ v1
      riscv : v0 ^ v1
[474/507] go/op_456
      EQUAL_BY_Z3                answer width 8
      x86   : If(Extract(31, 0, v0) == Extract(31, 0, v1), 1, 0)
      riscv : Concat(0, If(1 <= Concat(0, Concat(Extract(31, 31, v0), Extract(31, 31, v0), Extract(31, 31, v0), Extract(31, 31, v0), Extract(31, 31, v0), Extract(31, 31, v0), Extract(31, 31, v0), Extract(31, 31, v0), Extract(31, 31, v0), Extract(31, 31, v0), Extract(31, 31, v0), Extract(31, 31, v0), Extract(31, 31, v0), Extract(31, 31, v0), Extract(31, 31, v0), Extract(31, 31, v0), Extract(31, 31, v0), Extract(31, 31, v0), Extract(31, 31, v0), Extract(31, 31, v0), Extract(31, 31, v0), Extract(31, 31, v0), Extract(31, 31, v0), Extract(31, 31, v0), Extract(31, 31, v0), Extract(31, 31, v0), Extract(31, 31, v0), Extract(31, 31, v0), Extract(31, 31, v0), Extract(31, 31, v0), Extract(31, 31, v0), Extract(31, 31, v0), Extract(31, 0, v0))*18446744073709551615 + Concat(Extract(31, 31, v1), Extract(31, 31, v1), Extract(31, 31, v1), Extract(31, 31, v1), Extract(31, 31, v1), Extract(31, 31, v1), Extract(31, 31, v1), Extract(31, 31, v1), Extract(31, 31, v1), Extract(31, 31, v1), Extract(31, 31, v1), Extract(31, 31, v1), Extract(31, 31, v1), Extract(31, 31, v1), Extract(31, 31, v1), Extract(31, 31, v1), Extract(31, 31, v1), Extract(31, 31, v1), Extract(31, 31, v1), Extract(31, 31, v1), Extract(31, 31, v1), Extract(31, 31, v1), Extract(31, 31, v1), Extract(31, 31, v1), Extract(31, 31, v1), Extract(31, 31, v1), Extract(31, 31, v1), Extract(31, 31, v1), Extract(31, 31, v1), Extract(31, 31, v1), Extract(31, 31, v1), Extract(31, 31, v1), Extract(31, 0, v1))), 0, 1))
[475/507] go/op_463
      EQUAL_BY_Z3                answer width 8
      x86   : If(v0 == v1, 1, 0)
      riscv : Concat(0, If(1 <= Concat(0, v0*18446744073709551615 + v1), 0, 1))
[476/507] go/op_470
      EQUAL_BY_Z3                answer width 8
      x86   : If(v0 == v1, 1, 0)
      riscv : Concat(0, If(1 <= Concat(0, v0*18446744073709551615 + v1), 0, 1))
[477/507] go/op_477
      DIFFER                     answer width 32
      x86   : Concat(~(~Extract(31, 8, v0) | ~Extract(31, 8, v1)), ~(If(And(fpEQ(fpToFP(Extract(31, 0, v2)), fpToFP(Extract(31, 0, v3))), Not(Or(fpIsNaN(fpToFP(Extract(31, 0, v2))), fpIsNaN(fpToFP(Extract(31, 0, v3)))))), 254, 255) | If(Or(fpIsNaN(fpToFP(Extract(31, 0, v2))), fpIsNaN(fpToFP(Extract(31, 0, v3)))), 255, 254)))
      riscv : Concat(0, If(fpEQ(fpToFP(If(Extract(63, 32, v0) == 4294967295, Extract(31, 0, v0), 2143289344)), fpToFP(If(Extract(63, 32, v1) == 4294967295, Extract(31, 0, v1), 2143289344))), 1, 0))
      counterexample: {'arg0': '1563294519227669296', 'arg1': '18446744069983001392', 'seed_rax': '4229889792', 'seed_rcx': '4229889792'}
[478/507] go/op_484
      DIFFER                     answer width 32
      x86   : Concat(~(~Extract(31, 8, v0) | ~Extract(31, 8, v1)), ~(If(And(fpEQ(fpToFP(Extract(63, 0, v2)), fpToFP(Extract(63, 0, v3))), Not(Or(fpIsNaN(fpToFP(Extract(63, 0, v2))), fpIsNaN(fpToFP(Extract(63, 0, v3)))))), 254, 255) | If(Or(fpIsNaN(fpToFP(Extract(63, 0, v2))), fpIsNaN(fpToFP(Extract(63, 0, v3)))), 255, 254)))
      riscv : Concat(0, If(fpEQ(fpToFP(Extract(63, 0, v0)), fpToFP(Extract(63, 0, v1))), 1, 0))
      counterexample: {'arg0': '0', 'arg1': '0', 'seed_rax': '4294967040', 'seed_rcx': '4294967040'}
[479/507] go/op_491
      EQUAL_BY_Z3                answer width 8
      x86   : If(Extract(7, 0, v0) == Extract(7, 0, v1), 1, 0)
      riscv : Concat(0, If(1 <= Concat(0, v0*18446744073709551615 + v1), 0, 1))
[480/507] go/op_492
      EQUAL_BY_Z3                answer width 8
      x86   : If(Extract(31, 0, v0) == Extract(31, 0, v1), 0, 1)
      riscv : Concat(0, If(Concat(0, Concat(Extract(31, 31, v0), Extract(31, 31, v0), Extract(31, 31, v0), Extract(31, 31, v0), Extract(31, 31, v0), Extract(31, 31, v0), Extract(31, 31, v0), Extract(31, 31, v0), Extract(31, 31, v0), Extract(31, 31, v0), Extract(31, 31, v0), Extract(31, 31, v0), Extract(31, 31, v0), Extract(31, 31, v0), Extract(31, 31, v0), Extract(31, 31, v0), Extract(31, 31, v0), Extract(31, 31, v0), Extract(31, 31, v0), Extract(31, 31, v0), Extract(31, 31, v0), Extract(31, 31, v0), Extract(31, 31, v0), Extract(31, 31, v0), Extract(31, 31, v0), Extract(31, 31, v0), Extract(31, 31, v0), Extract(31, 31, v0), Extract(31, 31, v0), Extract(31, 31, v0), Extract(31, 31, v0), Extract(31, 31, v0), Extract(31, 0, v0))*18446744073709551615 + Concat(Extract(31, 31, v1), Extract(31, 31, v1), Extract(31, 31, v1), Extract(31, 31, v1), Extract(31, 31, v1), Extract(31, 31, v1), Extract(31, 31, v1), Extract(31, 31, v1), Extract(31, 31, v1), Extract(31, 31, v1), Extract(31, 31, v1), Extract(31, 31, v1), Extract(31, 31, v1), Extract(31, 31, v1), Extract(31, 31, v1), Extract(31, 31, v1), Extract(31, 31, v1), Extract(31, 31, v1), Extract(31, 31, v1), Extract(31, 31, v1), Extract(31, 31, v1), Extract(31, 31, v1), Extract(31, 31, v1), Extract(31, 31, v1), Extract(31, 31, v1), Extract(31, 31, v1), Extract(31, 31, v1), Extract(31, 31, v1), Extract(31, 31, v1), Extract(31, 31, v1), Extract(31, 31, v1), Extract(31, 31, v1), Extract(31, 0, v1))) <= 0, 0, 1))
[481/507] go/op_499
      EQUAL_BY_Z3                answer width 8
      x86   : If(v0 == v1, 0, 1)
      riscv : Concat(0, If(Concat(0, v0*18446744073709551615 + v1) <= 0, 0, 1))
[482/507] go/op_506
      EQUAL_BY_Z3                answer width 8
      x86   : If(v0 == v1, 0, 1)
      riscv : Concat(0, If(Concat(0, v0*18446744073709551615 + v1) <= 0, 0, 1))
[483/507] go/op_513
      DIFFER                     answer width 32
      x86   : Concat(Extract(31, 8, v2) | Extract(31, 8, v3), If(Or(fpIsNaN(fpToFP(Extract(31, 0, v0))), fpIsNaN(fpToFP(Extract(31, 0, v1))), Not(fpEQ(fpToFP(Extract(31, 0, v0)), fpToFP(Extract(31, 0, v1))))), 1, 0) | If(Or(fpIsNaN(fpToFP(Extract(31, 0, v0))), fpIsNaN(fpToFP(Extract(31, 0, v1)))), 1, 0))
      riscv : Concat(0, If(fpEQ(fpToFP(If(Extract(63, 32, v0) == 4294967295, Extract(31, 0, v0), 2143289344)), fpToFP(If(Extract(63, 32, v1) == 4294967295, Extract(31, 0, v1), 2143289344))), 0, 1))
      counterexample: {'arg0': '18446744070011641257', 'arg1': '18446744070011641257', 'seed_rax': '0', 'seed_rcx': '1024'}
[484/507] go/op_520
      DIFFER                     answer width 32
      x86   : Concat(Extract(31, 8, v2) | Extract(31, 8, v3), If(Or(fpIsNaN(fpToFP(Extract(63, 0, v0))), fpIsNaN(fpToFP(Extract(63, 0, v1))), Not(fpEQ(fpToFP(Extract(63, 0, v0)), fpToFP(Extract(63, 0, v1))))), 1, 0) | If(Or(fpIsNaN(fpToFP(Extract(63, 0, v0))), fpIsNaN(fpToFP(Extract(63, 0, v1)))), 1, 0))
      riscv : Concat(0, If(fpEQ(fpToFP(Extract(63, 0, v0)), fpToFP(Extract(63, 0, v1))), 0, 1))
      counterexample: {'arg0': '0', 'arg1': '0', 'seed_rax': '0', 'seed_rcx': '2048'}
[485/507] go/op_527
      EQUAL_BY_Z3                answer width 8
      x86   : If(Extract(7, 0, v0) == Extract(7, 0, v1), 0, 1)
      riscv : Concat(0, If(Concat(0, v0*18446744073709551615 + v1) <= 0, 0, 1))
[486/507] go/op_528
      EQUAL_BY_Z3                answer width 8
      x86   : If(And(Extract(31, 31, Extract(31, 0, v0)*4294967295 + Extract(31, 0, v1)) == If(Extract(31, 31, Concat(Extract(31, 31, v0), Extract(31, 0, v0))*8589934591 + Concat(Extract(31, 31, v1), Extract(31, 0, v1))) == Extract(32, 32, Concat(Extract(31, 31, v0), Extract(31, 0, v0))*8589934591 + Concat(Extract(31, 31, v1), Extract(31, 0, v1))), 0, 1), Not(Extract(31, 0, v0) == Extract(31, 0, v1))), 1, 0)
      riscv : Concat(0, If(Concat(Extract(31, 31, v0), Extract(31, 31, v0), Extract(31, 31, v0), Extract(31, 31, v0), Extract(31, 31, v0), Extract(31, 31, v0), Extract(31, 31, v0), Extract(31, 31, v0), Extract(31, 31, v0), Extract(31, 31, v0), Extract(31, 31, v0), Extract(31, 31, v0), Extract(31, 31, v0), Extract(31, 31, v0), Extract(31, 31, v0), Extract(31, 31, v0), Extract(31, 31, v0), Extract(31, 31, v0), Extract(31, 31, v0), Extract(31, 31, v0), Extract(31, 31, v0), Extract(31, 31, v0), Extract(31, 31, v0), Extract(31, 31, v0), Extract(31, 31, v0), Extract(31, 31, v0), Extract(31, 31, v0), Extract(31, 31, v0), Extract(31, 31, v0), Extract(31, 31, v0), Extract(31, 31, v0), Extract(31, 31, v0), Extract(31, 31, v0), Extract(31, 31, v0), Extract(31, 31, v0), Extract(31, 31, v0), Extract(31, 31, v0), Extract(31, 31, v0), Extract(31, 31, v0), Extract(31, 31, v0), Extract(31, 31, v0), Extract(31, 31, v0), Extract(31, 31, v0), Extract(31, 31, v0), Extract(31, 31, v0), Extract(31, 31, v0), Extract(31, 31, v0), Extract(31, 31, v0), Extract(31, 31, v0), Extract(31, 31, v0), Extract(31, 31, v0), Extract(31, 31, v0), Extract(31, 31, v0), Extract(31, 31, v0), Extract(31, 31, v0), Extract(31, 31, v0), Extract(31, 31, v0), Extract(31, 31, v0), Extract(31, 31, v0), Extract(31, 31, v0), Extract(31, 31, v0), Extract(31, 31, v0), Extract(31, 31, v0), Extract(31, 31, v0), Extract(31, 31, v0), Extract(31, 31, v0), Extract(31, 31, v0), Extract(31, 31, v0), Extract(31, 31, v0), Extract(31, 31, v0), Extract(31, 31, v0), Extract(31, 31, v0), Extract(31, 31, v0), Extract(31, 31, v0), Extract(31, 31, v0), Extract(31, 31, v0), Extract(31, 31, v0), Extract(31, 31, v0), Extract(31, 31, v0), Extract(31, 31, v0), Extract(31, 31, v0), Extract(31, 31, v0), Extract(31, 31, v0), Extract(31, 31, v0), Extract(31, 31, v0), Extract(31, 31, v0), Extract(31, 31, v0), Extract(31, 31, v0), Extract(31, 31, v0), Extract(31, 31, v0), Extract(31, 31, v0), Extract(31, 31, v0), Extract(31, 31, v0), Extract(31, 31, v0), Extract(31, 31, v0), Extract(31, 31, v0), Extract(31, 31, v0), Extract(31, 31, v0), Extract(31, 31, v0), Extract(31, 31, v0), Extract(31, 0, v0)) <= Concat(Extract(31, 31, v1), Extract(31, 31, v1), Extract(31, 31, v1), Extract(31, 31, v1), Extract(31, 31, v1), Extract(31, 31, v1), Extract(31, 31, v1), Extract(31, 31, v1), Extract(31, 31, v1), Extract(31, 31, v1), Extract(31, 31, v1), Extract(31, 31, v1), Extract(31, 31, v1), Extract(31, 31, v1), Extract(31, 31, v1), Extract(31, 31, v1), Extract(31, 31, v1), Extract(31, 31, v1), Extract(31, 31, v1), Extract(31, 31, v1), Extract(31, 31, v1), Extract(31, 31, v1), Extract(31, 31, v1), Extract(31, 31, v1), Extract(31, 31, v1), Extract(31, 31, v1), Extract(31, 31, v1), Extract(31, 31, v1), Extract(31, 31, v1), Extract(31, 31, v1), Extract(31, 31, v1), Extract(31, 31, v1), Extract(31, 31, v1), Extract(31, 31, v1), Extract(31, 31, v1), Extract(31, 31, v1), Extract(31, 31, v1), Extract(31, 31, v1), Extract(31, 31, v1), Extract(31, 31, v1), Extract(31, 31, v1), Extract(31, 31, v1), Extract(31, 31, v1), Extract(31, 31, v1), Extract(31, 31, v1), Extract(31, 31, v1), Extract(31, 31, v1), Extract(31, 31, v1), Extract(31, 31, v1), Extract(31, 31, v1), Extract(31, 31, v1), Extract(31, 31, v1), Extract(31, 31, v1), Extract(31, 31, v1), Extract(31, 31, v1), Extract(31, 31, v1), Extract(31, 31, v1), Extract(31, 31, v1), Extract(31, 31, v1), Extract(31, 31, v1), Extract(31, 31, v1), Extract(31, 31, v1), Extract(31, 31, v1), Extract(31, 31, v1), Extract(31, 31, v1), Extract(31, 31, v1), Extract(31, 31, v1), Extract(31, 31, v1), Extract(31, 31, v1), Extract(31, 31, v1), Extract(31, 31, v1), Extract(31, 31, v1), Extract(31, 31, v1), Extract(31, 31, v1), Extract(31, 31, v1), Extract(31, 31, v1), Extract(31, 31, v1), Extract(31, 31, v1), Extract(31, 31, v1), Extract(31, 31, v1), Extract(31, 31, v1), Extract(31, 31, v1), Extract(31, 31, v1), Extract(31, 31, v1), Extract(31, 31, v1), Extract(31, 31, v1), Extract(31, 31, v1), Extract(31, 31, v1), Extract(31, 31, v1), Extract(31, 31, v1), Extract(31, 31, v1), Extract(31, 31, v1), Extract(31, 31, v1), Extract(31, 31, v1), Extract(31, 31, v1), Extract(31, 31, v1), Extract(31, 31, v1), Extract(31, 31, v1), Extract(31, 31, v1), Extract(31, 31, v1), Extract(31, 0, v1)), 0, 1))
[487/507] go/op_535
      EQUAL_BY_Z3                answer width 8
      x86   : If(And(Extract(63, 63, v0*18446744073709551615 + v1) == If(Extract(63, 63, Concat(Extract(63, 63, v0), v0)*36893488147419103231 + Concat(Extract(63, 63, v1), v1)) == Extract(64, 64, Concat(Extract(63, 63, v0), v0)*36893488147419103231 + Concat(Extract(63, 63, v1), v1)), 0, 1), Not(v0 == v1)), 1, 0)
      riscv : Concat(0, If(Concat(Extract(63, 63, v0), Extract(63, 63, v0), Extract(63, 63, v0), Extract(63, 63, v0), Extract(63, 63, v0), Extract(63, 63, v0), Extract(63, 63, v0), Extract(63, 63, v0), Extract(63, 63, v0), Extract(63, 63, v0), Extract(63, 63, v0), Extract(63, 63, v0), Extract(63, 63, v0), Extract(63, 63, v0), Extract(63, 63, v0), Extract(63, 63, v0), Extract(63, 63, v0), Extract(63, 63, v0), Extract(63, 63, v0), Extract(63, 63, v0), Extract(63, 63, v0), Extract(63, 63, v0), Extract(63, 63, v0), Extract(63, 63, v0), Extract(63, 63, v0), Extract(63, 63, v0), Extract(63, 63, v0), Extract(63, 63, v0), Extract(63, 63, v0), Extract(63, 63, v0), Extract(63, 63, v0), Extract(63, 63, v0), Extract(63, 63, v0), Extract(63, 63, v0), Extract(63, 63, v0), Extract(63, 63, v0), Extract(63, 63, v0), Extract(63, 63, v0), Extract(63, 63, v0), Extract(63, 63, v0), Extract(63, 63, v0), Extract(63, 63, v0), Extract(63, 63, v0), Extract(63, 63, v0), Extract(63, 63, v0), Extract(63, 63, v0), Extract(63, 63, v0), Extract(63, 63, v0), Extract(63, 63, v0), Extract(63, 63, v0), Extract(63, 63, v0), Extract(63, 63, v0), Extract(63, 63, v0), Extract(63, 63, v0), Extract(63, 63, v0), Extract(63, 63, v0), Extract(63, 63, v0), Extract(63, 63, v0), Extract(63, 63, v0), Extract(63, 63, v0), Extract(63, 63, v0), Extract(63, 63, v0), Extract(63, 63, v0), Extract(63, 63, v0), Extract(63, 63, v0), Extract(63, 63, v0), Extract(63, 63, v0), Extract(63, 63, v0), v0) <= Concat(Extract(63, 63, v1), Extract(63, 63, v1), Extract(63, 63, v1), Extract(63, 63, v1), Extract(63, 63, v1), Extract(63, 63, v1), Extract(63, 63, v1), Extract(63, 63, v1), Extract(63, 63, v1), Extract(63, 63, v1), Extract(63, 63, v1), Extract(63, 63, v1), Extract(63, 63, v1), Extract(63, 63, v1), Extract(63, 63, v1), Extract(63, 63, v1), Extract(63, 63, v1), Extract(63, 63, v1), Extract(63, 63, v1), Extract(63, 63, v1), Extract(63, 63, v1), Extract(63, 63, v1), Extract(63, 63, v1), Extract(63, 63, v1), Extract(63, 63, v1), Extract(63, 63, v1), Extract(63, 63, v1), Extract(63, 63, v1), Extract(63, 63, v1), Extract(63, 63, v1), Extract(63, 63, v1), Extract(63, 63, v1), Extract(63, 63, v1), Extract(63, 63, v1), Extract(63, 63, v1), Extract(63, 63, v1), Extract(63, 63, v1), Extract(63, 63, v1), Extract(63, 63, v1), Extract(63, 63, v1), Extract(63, 63, v1), Extract(63, 63, v1), Extract(63, 63, v1), Extract(63, 63, v1), Extract(63, 63, v1), Extract(63, 63, v1), Extract(63, 63, v1), Extract(63, 63, v1), Extract(63, 63, v1), Extract(63, 63, v1), Extract(63, 63, v1), Extract(63, 63, v1), Extract(63, 63, v1), Extract(63, 63, v1), Extract(63, 63, v1), Extract(63, 63, v1), Extract(63, 63, v1), Extract(63, 63, v1), Extract(63, 63, v1), Extract(63, 63, v1), Extract(63, 63, v1), Extract(63, 63, v1), Extract(63, 63, v1), Extract(63, 63, v1), Extract(63, 63, v1), Extract(63, 63, v1), Extract(63, 63, v1), Extract(63, 63, v1), v1), 0, 1))
[488/507] go/op_542
      EQUAL_BY_Z3                answer width 8
      x86   : If(And(ULE(v0, v1), Not(v0 == v1)), 1, 0)
      riscv : Concat(0, If(Concat(0, v0) <= Concat(0, v1), 0, 1))
[489/507] go/op_549
      DIFFER                     answer width 8
      x86   : If(And(Not(fpEQ(fpToFP(Extract(31, 0, v0)), fpToFP(Extract(31, 0, v1)))), Not(fpToFP(Extract(31, 0, v1)) < fpToFP(Extract(31, 0, v0))), Not(Or(fpIsNaN(fpToFP(Extract(31, 0, v0))), fpIsNaN(fpToFP(Extract(31, 0, v1)))))), 1, 0)
      riscv : Concat(0, If(fpToFP(If(Extract(63, 32, v0) == 4294967295, Extract(31, 0, v0), 2143289344)) < fpToFP(If(Extract(63, 32, v1) == 4294967295, Extract(31, 0, v1), 2143289344)), 1, 0))
      counterexample: {'arg1': '18446744071201205504', 'arg0': '18446181122404215815'}
[490/507] go/op_556
      EQUAL_BY_Z3                answer width 8
      x86   : If(And(Not(fpEQ(fpToFP(Extract(63, 0, v0)), fpToFP(Extract(63, 0, v1)))), Not(fpToFP(Extract(63, 0, v1)) < fpToFP(Extract(63, 0, v0))), Not(Or(fpIsNaN(fpToFP(Extract(63, 0, v0))), fpIsNaN(fpToFP(Extract(63, 0, v1)))))), 1, 0)
      riscv : Concat(0, If(fpToFP(Extract(63, 0, v0)) < fpToFP(Extract(63, 0, v1)), 1, 0))
[491/507] go/op_564
      EQUAL_BY_Z3                answer width 8
      x86   : If(Extract(31, 31, Extract(31, 0, v0)*4294967295 + Extract(31, 0, v1)) == If(Extract(31, 31, Concat(Extract(31, 31, v0), Extract(31, 0, v0))*8589934591 + Concat(Extract(31, 31, v1), Extract(31, 0, v1))) == Extract(32, 32, Concat(Extract(31, 31, v0), Extract(31, 0, v0))*8589934591 + Concat(Extract(31, 31, v1), Extract(31, 0, v1))), 0, 1), 1, 0)
      riscv : Concat(0, If(1 <= Concat(0, If(Concat(Extract(31, 31, v0), Extract(31, 31, v0), Extract(31, 31, v0), Extract(31, 31, v0), Extract(31, 31, v0), Extract(31, 31, v0), Extract(31, 31, v0), Extract(31, 31, v0), Extract(31, 31, v0), Extract(31, 31, v0), Extract(31, 31, v0), Extract(31, 31, v0), Extract(31, 31, v0), Extract(31, 31, v0), Extract(31, 31, v0), Extract(31, 31, v0), Extract(31, 31, v0), Extract(31, 31, v0), Extract(31, 31, v0), Extract(31, 31, v0), Extract(31, 31, v0), Extract(31, 31, v0), Extract(31, 31, v0), Extract(31, 31, v0), Extract(31, 31, v0), Extract(31, 31, v0), Extract(31, 31, v0), Extract(31, 31, v0), Extract(31, 31, v0), Extract(31, 31, v0), Extract(31, 31, v0), Extract(31, 31, v0), Extract(31, 31, v0), Extract(31, 31, v0), Extract(31, 31, v0), Extract(31, 31, v0), Extract(31, 31, v0), Extract(31, 31, v0), Extract(31, 31, v0), Extract(31, 31, v0), Extract(31, 31, v0), Extract(31, 31, v0), Extract(31, 31, v0), Extract(31, 31, v0), Extract(31, 31, v0), Extract(31, 31, v0), Extract(31, 31, v0), Extract(31, 31, v0), Extract(31, 31, v0), Extract(31, 31, v0), Extract(31, 31, v0), Extract(31, 31, v0), Extract(31, 31, v0), Extract(31, 31, v0), Extract(31, 31, v0), Extract(31, 31, v0), Extract(31, 31, v0), Extract(31, 31, v0), Extract(31, 31, v0), Extract(31, 31, v0), Extract(31, 31, v0), Extract(31, 31, v0), Extract(31, 31, v0), Extract(31, 31, v0), Extract(31, 31, v0), Extract(31, 31, v0), Extract(31, 31, v0), Extract(31, 31, v0), Extract(31, 31, v0), Extract(31, 31, v0), Extract(31, 31, v0), Extract(31, 31, v0), Extract(31, 31, v0), Extract(31, 31, v0), Extract(31, 31, v0), Extract(31, 31, v0), Extract(31, 31, v0), Extract(31, 31, v0), Extract(31, 31, v0), Extract(31, 31, v0), Extract(31, 31, v0), Extract(31, 31, v0), Extract(31, 31, v0), Extract(31, 31, v0), Extract(31, 31, v0), Extract(31, 31, v0), Extract(31, 31, v0), Extract(31, 31, v0), Extract(31, 31, v0), Extract(31, 31, v0), Extract(31, 31, v0), Extract(31, 31, v0), Extract(31, 31, v0), Extract(31, 31, v0), Extract(31, 31, v0), Extract(31, 31, v0), Extract(31, 31, v0), Extract(31, 31, v0), Extract(31, 31, v0), Extract(31, 31, v0), Extract(31, 0, v0)) <= Concat(Extract(31, 31, v1), Extract(31, 31, v1), Extract(31, 31, v1), Extract(31, 31, v1), Extract(31, 31, v1), Extract(31, 31, v1), Extract(31, 31, v1), Extract(31, 31, v1), Extract(31, 31, v1), Extract(31, 31, v1), Extract(31, 31, v1), Extract(31, 31, v1), Extract(31, 31, v1), Extract(31, 31, v1), Extract(31, 31, v1), Extract(31, 31, v1), Extract(31, 31, v1), Extract(31, 31, v1), Extract(31, 31, v1), Extract(31, 31, v1), Extract(31, 31, v1), Extract(31, 31, v1), Extract(31, 31, v1), Extract(31, 31, v1), Extract(31, 31, v1), Extract(31, 31, v1), Extract(31, 31, v1), Extract(31, 31, v1), Extract(31, 31, v1), Extract(31, 31, v1), Extract(31, 31, v1), Extract(31, 31, v1), Extract(31, 31, v1), Extract(31, 31, v1), Extract(31, 31, v1), Extract(31, 31, v1), Extract(31, 31, v1), Extract(31, 31, v1), Extract(31, 31, v1), Extract(31, 31, v1), Extract(31, 31, v1), Extract(31, 31, v1), Extract(31, 31, v1), Extract(31, 31, v1), Extract(31, 31, v1), Extract(31, 31, v1), Extract(31, 31, v1), Extract(31, 31, v1), Extract(31, 31, v1), Extract(31, 31, v1), Extract(31, 31, v1), Extract(31, 31, v1), Extract(31, 31, v1), Extract(31, 31, v1), Extract(31, 31, v1), Extract(31, 31, v1), Extract(31, 31, v1), Extract(31, 31, v1), Extract(31, 31, v1), Extract(31, 31, v1), Extract(31, 31, v1), Extract(31, 31, v1), Extract(31, 31, v1), Extract(31, 31, v1), Extract(31, 31, v1), Extract(31, 31, v1), Extract(31, 31, v1), Extract(31, 31, v1), Extract(31, 31, v1), Extract(31, 31, v1), Extract(31, 31, v1), Extract(31, 31, v1), Extract(31, 31, v1), Extract(31, 31, v1), Extract(31, 31, v1), Extract(31, 31, v1), Extract(31, 31, v1), Extract(31, 31, v1), Extract(31, 31, v1), Extract(31, 31, v1), Extract(31, 31, v1), Extract(31, 31, v1), Extract(31, 31, v1), Extract(31, 31, v1), Extract(31, 31, v1), Extract(31, 31, v1), Extract(31, 31, v1), Extract(31, 31, v1), Extract(31, 31, v1), Extract(31, 31, v1), Extract(31, 31, v1), Extract(31, 31, v1), Extract(31, 31, v1), Extract(31, 31, v1), Extract(31, 31, v1), Extract(31, 31, v1), Extract(31, 31, v1), Extract(31, 31, v1), Extract(31, 31, v1), Extract(31, 31, v1), Extract(31, 0, v1)), 0, 1)), 0, 1))
[492/507] go/op_571
      EQUAL_BY_Z3                answer width 8
      x86   : If(Extract(63, 63, v0*18446744073709551615 + v1) == If(Extract(63, 63, Concat(Extract(63, 63, v0), v0)*36893488147419103231 + Concat(Extract(63, 63, v1), v1)) == Extract(64, 64, Concat(Extract(63, 63, v0), v0)*36893488147419103231 + Concat(Extract(63, 63, v1), v1)), 0, 1), 1, 0)
      riscv : Concat(0, If(1 <= Concat(0, If(Concat(Extract(63, 63, v0), Extract(63, 63, v0), Extract(63, 63, v0), Extract(63, 63, v0), Extract(63, 63, v0), Extract(63, 63, v0), Extract(63, 63, v0), Extract(63, 63, v0), Extract(63, 63, v0), Extract(63, 63, v0), Extract(63, 63, v0), Extract(63, 63, v0), Extract(63, 63, v0), Extract(63, 63, v0), Extract(63, 63, v0), Extract(63, 63, v0), Extract(63, 63, v0), Extract(63, 63, v0), Extract(63, 63, v0), Extract(63, 63, v0), Extract(63, 63, v0), Extract(63, 63, v0), Extract(63, 63, v0), Extract(63, 63, v0), Extract(63, 63, v0), Extract(63, 63, v0), Extract(63, 63, v0), Extract(63, 63, v0), Extract(63, 63, v0), Extract(63, 63, v0), Extract(63, 63, v0), Extract(63, 63, v0), Extract(63, 63, v0), Extract(63, 63, v0), Extract(63, 63, v0), Extract(63, 63, v0), Extract(63, 63, v0), Extract(63, 63, v0), Extract(63, 63, v0), Extract(63, 63, v0), Extract(63, 63, v0), Extract(63, 63, v0), Extract(63, 63, v0), Extract(63, 63, v0), Extract(63, 63, v0), Extract(63, 63, v0), Extract(63, 63, v0), Extract(63, 63, v0), Extract(63, 63, v0), Extract(63, 63, v0), Extract(63, 63, v0), Extract(63, 63, v0), Extract(63, 63, v0), Extract(63, 63, v0), Extract(63, 63, v0), Extract(63, 63, v0), Extract(63, 63, v0), Extract(63, 63, v0), Extract(63, 63, v0), Extract(63, 63, v0), Extract(63, 63, v0), Extract(63, 63, v0), Extract(63, 63, v0), Extract(63, 63, v0), Extract(63, 63, v0), Extract(63, 63, v0), Extract(63, 63, v0), Extract(63, 63, v0), v0) <= Concat(Extract(63, 63, v1), Extract(63, 63, v1), Extract(63, 63, v1), Extract(63, 63, v1), Extract(63, 63, v1), Extract(63, 63, v1), Extract(63, 63, v1), Extract(63, 63, v1), Extract(63, 63, v1), Extract(63, 63, v1), Extract(63, 63, v1), Extract(63, 63, v1), Extract(63, 63, v1), Extract(63, 63, v1), Extract(63, 63, v1), Extract(63, 63, v1), Extract(63, 63, v1), Extract(63, 63, v1), Extract(63, 63, v1), Extract(63, 63, v1), Extract(63, 63, v1), Extract(63, 63, v1), Extract(63, 63, v1), Extract(63, 63, v1), Extract(63, 63, v1), Extract(63, 63, v1), Extract(63, 63, v1), Extract(63, 63, v1), Extract(63, 63, v1), Extract(63, 63, v1), Extract(63, 63, v1), Extract(63, 63, v1), Extract(63, 63, v1), Extract(63, 63, v1), Extract(63, 63, v1), Extract(63, 63, v1), Extract(63, 63, v1), Extract(63, 63, v1), Extract(63, 63, v1), Extract(63, 63, v1), Extract(63, 63, v1), Extract(63, 63, v1), Extract(63, 63, v1), Extract(63, 63, v1), Extract(63, 63, v1), Extract(63, 63, v1), Extract(63, 63, v1), Extract(63, 63, v1), Extract(63, 63, v1), Extract(63, 63, v1), Extract(63, 63, v1), Extract(63, 63, v1), Extract(63, 63, v1), Extract(63, 63, v1), Extract(63, 63, v1), Extract(63, 63, v1), Extract(63, 63, v1), Extract(63, 63, v1), Extract(63, 63, v1), Extract(63, 63, v1), Extract(63, 63, v1), Extract(63, 63, v1), Extract(63, 63, v1), Extract(63, 63, v1), Extract(63, 63, v1), Extract(63, 63, v1), Extract(63, 63, v1), Extract(63, 63, v1), v1), 0, 1)), 0, 1))
[493/507] go/op_578
      EQUAL_BY_Z3                answer width 8
      x86   : If(ULE(v0, v1), 1, 0)
      riscv : Concat(0, If(1 <= Concat(0, If(Concat(0, v0) <= Concat(0, v1), 0, 1)), 0, 1))
[494/507] go/op_585
      DIFFER                     answer width 8
      x86   : If(And(Not(fpToFP(Extract(31, 0, v0)) < fpToFP(Extract(31, 0, v1))), Not(Or(fpIsNaN(fpToFP(Extract(31, 0, v0))), fpIsNaN(fpToFP(Extract(31, 0, v1)))))), 1, 0)
      riscv : Concat(0, If(fpToFP(If(Extract(63, 32, v0) == 4294967295, Extract(31, 0, v0), 2143289344)) <= fpToFP(If(Extract(63, 32, v1) == 4294967295, Extract(31, 0, v1), 2143289344)), 1, 0))
      counterexample: {'arg0': '18446744073150655903', 'arg1': '18275605536462321069'}
[495/507] go/op_592
      EQUAL_BY_Z3                answer width 8
      x86   : If(And(Not(fpToFP(Extract(63, 0, v0)) < fpToFP(Extract(63, 0, v1))), Not(Or(fpIsNaN(fpToFP(Extract(63, 0, v0))), fpIsNaN(fpToFP(Extract(63, 0, v1)))))), 1, 0)
      riscv : Concat(0, If(fpToFP(Extract(63, 0, v0)) <= fpToFP(Extract(63, 0, v1)), 1, 0))
[496/507] go/op_600
      EQUAL_BY_Z3                answer width 8
      x86   : If(Extract(31, 31, Extract(31, 0, v0)*4294967295 + Extract(31, 0, v1)) == If(Extract(31, 31, Concat(Extract(31, 31, v0), Extract(31, 0, v0))*8589934591 + Concat(Extract(31, 31, v1), Extract(31, 0, v1))) == Extract(32, 32, Concat(Extract(31, 31, v0), Extract(31, 0, v0))*8589934591 + Concat(Extract(31, 31, v1), Extract(31, 0, v1))), 1, 0), 1, 0)
      riscv : Concat(0, If(Concat(Extract(31, 31, v0), Extract(31, 31, v0), Extract(31, 31, v0), Extract(31, 31, v0), Extract(31, 31, v0), Extract(31, 31, v0), Extract(31, 31, v0), Extract(31, 31, v0), Extract(31, 31, v0), Extract(31, 31, v0), Extract(31, 31, v0), Extract(31, 31, v0), Extract(31, 31, v0), Extract(31, 31, v0), Extract(31, 31, v0), Extract(31, 31, v0), Extract(31, 31, v0), Extract(31, 31, v0), Extract(31, 31, v0), Extract(31, 31, v0), Extract(31, 31, v0), Extract(31, 31, v0), Extract(31, 31, v0), Extract(31, 31, v0), Extract(31, 31, v0), Extract(31, 31, v0), Extract(31, 31, v0), Extract(31, 31, v0), Extract(31, 31, v0), Extract(31, 31, v0), Extract(31, 31, v0), Extract(31, 31, v0), Extract(31, 31, v0), Extract(31, 31, v0), Extract(31, 31, v0), Extract(31, 31, v0), Extract(31, 31, v0), Extract(31, 31, v0), Extract(31, 31, v0), Extract(31, 31, v0), Extract(31, 31, v0), Extract(31, 31, v0), Extract(31, 31, v0), Extract(31, 31, v0), Extract(31, 31, v0), Extract(31, 31, v0), Extract(31, 31, v0), Extract(31, 31, v0), Extract(31, 31, v0), Extract(31, 31, v0), Extract(31, 31, v0), Extract(31, 31, v0), Extract(31, 31, v0), Extract(31, 31, v0), Extract(31, 31, v0), Extract(31, 31, v0), Extract(31, 31, v0), Extract(31, 31, v0), Extract(31, 31, v0), Extract(31, 31, v0), Extract(31, 31, v0), Extract(31, 31, v0), Extract(31, 31, v0), Extract(31, 31, v0), Extract(31, 31, v0), Extract(31, 31, v0), Extract(31, 31, v0), Extract(31, 31, v0), Extract(31, 31, v0), Extract(31, 31, v0), Extract(31, 31, v0), Extract(31, 31, v0), Extract(31, 31, v0), Extract(31, 31, v0), Extract(31, 31, v0), Extract(31, 31, v0), Extract(31, 31, v0), Extract(31, 31, v0), Extract(31, 31, v0), Extract(31, 31, v0), Extract(31, 31, v0), Extract(31, 31, v0), Extract(31, 31, v0), Extract(31, 31, v0), Extract(31, 31, v0), Extract(31, 31, v0), Extract(31, 31, v0), Extract(31, 31, v0), Extract(31, 31, v0), Extract(31, 31, v0), Extract(31, 31, v0), Extract(31, 31, v0), Extract(31, 31, v0), Extract(31, 31, v0), Extract(31, 31, v0), Extract(31, 31, v0), Extract(31, 31, v0), Extract(31, 31, v0), Extract(31, 31, v0), Extract(31, 31, v0), Extract(31, 0, v0)) <= Concat(Extract(31, 31, v1), Extract(31, 31, v1), Extract(31, 31, v1), Extract(31, 31, v1), Extract(31, 31, v1), Extract(31, 31, v1), Extract(31, 31, v1), Extract(31, 31, v1), Extract(31, 31, v1), Extract(31, 31, v1), Extract(31, 31, v1), Extract(31, 31, v1), Extract(31, 31, v1), Extract(31, 31, v1), Extract(31, 31, v1), Extract(31, 31, v1), Extract(31, 31, v1), Extract(31, 31, v1), Extract(31, 31, v1), Extract(31, 31, v1), Extract(31, 31, v1), Extract(31, 31, v1), Extract(31, 31, v1), Extract(31, 31, v1), Extract(31, 31, v1), Extract(31, 31, v1), Extract(31, 31, v1), Extract(31, 31, v1), Extract(31, 31, v1), Extract(31, 31, v1), Extract(31, 31, v1), Extract(31, 31, v1), Extract(31, 31, v1), Extract(31, 31, v1), Extract(31, 31, v1), Extract(31, 31, v1), Extract(31, 31, v1), Extract(31, 31, v1), Extract(31, 31, v1), Extract(31, 31, v1), Extract(31, 31, v1), Extract(31, 31, v1), Extract(31, 31, v1), Extract(31, 31, v1), Extract(31, 31, v1), Extract(31, 31, v1), Extract(31, 31, v1), Extract(31, 31, v1), Extract(31, 31, v1), Extract(31, 31, v1), Extract(31, 31, v1), Extract(31, 31, v1), Extract(31, 31, v1), Extract(31, 31, v1), Extract(31, 31, v1), Extract(31, 31, v1), Extract(31, 31, v1), Extract(31, 31, v1), Extract(31, 31, v1), Extract(31, 31, v1), Extract(31, 31, v1), Extract(31, 31, v1), Extract(31, 31, v1), Extract(31, 31, v1), Extract(31, 31, v1), Extract(31, 31, v1), Extract(31, 31, v1), Extract(31, 31, v1), Extract(31, 31, v1), Extract(31, 31, v1), Extract(31, 31, v1), Extract(31, 31, v1), Extract(31, 31, v1), Extract(31, 31, v1), Extract(31, 31, v1), Extract(31, 31, v1), Extract(31, 31, v1), Extract(31, 31, v1), Extract(31, 31, v1), Extract(31, 31, v1), Extract(31, 31, v1), Extract(31, 31, v1), Extract(31, 31, v1), Extract(31, 31, v1), Extract(31, 31, v1), Extract(31, 31, v1), Extract(31, 31, v1), Extract(31, 31, v1), Extract(31, 31, v1), Extract(31, 31, v1), Extract(31, 31, v1), Extract(31, 31, v1), Extract(31, 31, v1), Extract(31, 31, v1), Extract(31, 31, v1), Extract(31, 31, v1), Extract(31, 31, v1), Extract(31, 31, v1), Extract(31, 31, v1), Extract(31, 31, v1), Extract(31, 0, v1)), 0, 1))
[497/507] go/op_607
      EQUAL_BY_Z3                answer width 8
      x86   : If(Extract(63, 63, v0*18446744073709551615 + v1) == If(Extract(63, 63, Concat(Extract(63, 63, v0), v0)*36893488147419103231 + Concat(Extract(63, 63, v1), v1)) == Extract(64, 64, Concat(Extract(63, 63, v0), v0)*36893488147419103231 + Concat(Extract(63, 63, v1), v1)), 1, 0), 1, 0)
      riscv : Concat(0, If(Concat(Extract(63, 63, v0), Extract(63, 63, v0), Extract(63, 63, v0), Extract(63, 63, v0), Extract(63, 63, v0), Extract(63, 63, v0), Extract(63, 63, v0), Extract(63, 63, v0), Extract(63, 63, v0), Extract(63, 63, v0), Extract(63, 63, v0), Extract(63, 63, v0), Extract(63, 63, v0), Extract(63, 63, v0), Extract(63, 63, v0), Extract(63, 63, v0), Extract(63, 63, v0), Extract(63, 63, v0), Extract(63, 63, v0), Extract(63, 63, v0), Extract(63, 63, v0), Extract(63, 63, v0), Extract(63, 63, v0), Extract(63, 63, v0), Extract(63, 63, v0), Extract(63, 63, v0), Extract(63, 63, v0), Extract(63, 63, v0), Extract(63, 63, v0), Extract(63, 63, v0), Extract(63, 63, v0), Extract(63, 63, v0), Extract(63, 63, v0), Extract(63, 63, v0), Extract(63, 63, v0), Extract(63, 63, v0), Extract(63, 63, v0), Extract(63, 63, v0), Extract(63, 63, v0), Extract(63, 63, v0), Extract(63, 63, v0), Extract(63, 63, v0), Extract(63, 63, v0), Extract(63, 63, v0), Extract(63, 63, v0), Extract(63, 63, v0), Extract(63, 63, v0), Extract(63, 63, v0), Extract(63, 63, v0), Extract(63, 63, v0), Extract(63, 63, v0), Extract(63, 63, v0), Extract(63, 63, v0), Extract(63, 63, v0), Extract(63, 63, v0), Extract(63, 63, v0), Extract(63, 63, v0), Extract(63, 63, v0), Extract(63, 63, v0), Extract(63, 63, v0), Extract(63, 63, v0), Extract(63, 63, v0), Extract(63, 63, v0), Extract(63, 63, v0), Extract(63, 63, v0), Extract(63, 63, v0), Extract(63, 63, v0), Extract(63, 63, v0), v0) <= Concat(Extract(63, 63, v1), Extract(63, 63, v1), Extract(63, 63, v1), Extract(63, 63, v1), Extract(63, 63, v1), Extract(63, 63, v1), Extract(63, 63, v1), Extract(63, 63, v1), Extract(63, 63, v1), Extract(63, 63, v1), Extract(63, 63, v1), Extract(63, 63, v1), Extract(63, 63, v1), Extract(63, 63, v1), Extract(63, 63, v1), Extract(63, 63, v1), Extract(63, 63, v1), Extract(63, 63, v1), Extract(63, 63, v1), Extract(63, 63, v1), Extract(63, 63, v1), Extract(63, 63, v1), Extract(63, 63, v1), Extract(63, 63, v1), Extract(63, 63, v1), Extract(63, 63, v1), Extract(63, 63, v1), Extract(63, 63, v1), Extract(63, 63, v1), Extract(63, 63, v1), Extract(63, 63, v1), Extract(63, 63, v1), Extract(63, 63, v1), Extract(63, 63, v1), Extract(63, 63, v1), Extract(63, 63, v1), Extract(63, 63, v1), Extract(63, 63, v1), Extract(63, 63, v1), Extract(63, 63, v1), Extract(63, 63, v1), Extract(63, 63, v1), Extract(63, 63, v1), Extract(63, 63, v1), Extract(63, 63, v1), Extract(63, 63, v1), Extract(63, 63, v1), Extract(63, 63, v1), Extract(63, 63, v1), Extract(63, 63, v1), Extract(63, 63, v1), Extract(63, 63, v1), Extract(63, 63, v1), Extract(63, 63, v1), Extract(63, 63, v1), Extract(63, 63, v1), Extract(63, 63, v1), Extract(63, 63, v1), Extract(63, 63, v1), Extract(63, 63, v1), Extract(63, 63, v1), Extract(63, 63, v1), Extract(63, 63, v1), Extract(63, 63, v1), Extract(63, 63, v1), Extract(63, 63, v1), Extract(63, 63, v1), Extract(63, 63, v1), v1), 0, 1))
[498/507] go/op_614
      EQUAL_BY_Z3                answer width 8
      x86   : If(ULE(v0, v1), 0, 1)
      riscv : Concat(0, If(Concat(0, v0) <= Concat(0, v1), 0, 1))
[499/507] go/op_621
      DIFFER                     answer width 8
      x86   : If(And(Not(fpEQ(fpToFP(Extract(31, 0, v0)), fpToFP(Extract(31, 0, v1)))), Not(fpToFP(Extract(31, 0, v0)) < fpToFP(Extract(31, 0, v1))), Not(Or(fpIsNaN(fpToFP(Extract(31, 0, v0))), fpIsNaN(fpToFP(Extract(31, 0, v1)))))), 1, 0)
      riscv : Concat(0, If(fpToFP(If(Extract(63, 32, v0) == 4294967295, Extract(31, 0, v0), 2143289344)) < fpToFP(If(Extract(63, 32, v1) == 4294967295, Extract(31, 0, v1), 2143289344)), 1, 0))
      counterexample: {'arg0': '18446744064050741250', 'arg1': '18446744072640675906'}
[500/507] go/op_628
      EQUAL_BY_Z3                answer width 8
      x86   : If(And(Not(fpEQ(fpToFP(Extract(63, 0, v0)), fpToFP(Extract(63, 0, v1)))), Not(fpToFP(Extract(63, 0, v0)) < fpToFP(Extract(63, 0, v1))), Not(Or(fpIsNaN(fpToFP(Extract(63, 0, v0))), fpIsNaN(fpToFP(Extract(63, 0, v1)))))), 1, 0)
      riscv : Concat(0, If(fpToFP(Extract(63, 0, v0)) < fpToFP(Extract(63, 0, v1)), 1, 0))
[501/507] go/op_636
      EQUAL_BY_Z3                answer width 8
      x86   : If(Or(Extract(31, 0, v0) == Extract(31, 0, v1), Extract(31, 31, Extract(31, 0, v0)*4294967295 + Extract(31, 0, v1)) == If(Extract(31, 31, Concat(Extract(31, 31, v0), Extract(31, 0, v0))*8589934591 + Concat(Extract(31, 31, v1), Extract(31, 0, v1))) == Extract(32, 32, Concat(Extract(31, 31, v0), Extract(31, 0, v0))*8589934591 + Concat(Extract(31, 31, v1), Extract(31, 0, v1))), 1, 0)), 1, 0)
      riscv : Concat(0, If(1 <= Concat(0, If(Concat(Extract(31, 31, v0), Extract(31, 31, v0), Extract(31, 31, v0), Extract(31, 31, v0), Extract(31, 31, v0), Extract(31, 31, v0), Extract(31, 31, v0), Extract(31, 31, v0), Extract(31, 31, v0), Extract(31, 31, v0), Extract(31, 31, v0), Extract(31, 31, v0), Extract(31, 31, v0), Extract(31, 31, v0), Extract(31, 31, v0), Extract(31, 31, v0), Extract(31, 31, v0), Extract(31, 31, v0), Extract(31, 31, v0), Extract(31, 31, v0), Extract(31, 31, v0), Extract(31, 31, v0), Extract(31, 31, v0), Extract(31, 31, v0), Extract(31, 31, v0), Extract(31, 31, v0), Extract(31, 31, v0), Extract(31, 31, v0), Extract(31, 31, v0), Extract(31, 31, v0), Extract(31, 31, v0), Extract(31, 31, v0), Extract(31, 31, v0), Extract(31, 31, v0), Extract(31, 31, v0), Extract(31, 31, v0), Extract(31, 31, v0), Extract(31, 31, v0), Extract(31, 31, v0), Extract(31, 31, v0), Extract(31, 31, v0), Extract(31, 31, v0), Extract(31, 31, v0), Extract(31, 31, v0), Extract(31, 31, v0), Extract(31, 31, v0), Extract(31, 31, v0), Extract(31, 31, v0), Extract(31, 31, v0), Extract(31, 31, v0), Extract(31, 31, v0), Extract(31, 31, v0), Extract(31, 31, v0), Extract(31, 31, v0), Extract(31, 31, v0), Extract(31, 31, v0), Extract(31, 31, v0), Extract(31, 31, v0), Extract(31, 31, v0), Extract(31, 31, v0), Extract(31, 31, v0), Extract(31, 31, v0), Extract(31, 31, v0), Extract(31, 31, v0), Extract(31, 31, v0), Extract(31, 31, v0), Extract(31, 31, v0), Extract(31, 31, v0), Extract(31, 31, v0), Extract(31, 31, v0), Extract(31, 31, v0), Extract(31, 31, v0), Extract(31, 31, v0), Extract(31, 31, v0), Extract(31, 31, v0), Extract(31, 31, v0), Extract(31, 31, v0), Extract(31, 31, v0), Extract(31, 31, v0), Extract(31, 31, v0), Extract(31, 31, v0), Extract(31, 31, v0), Extract(31, 31, v0), Extract(31, 31, v0), Extract(31, 31, v0), Extract(31, 31, v0), Extract(31, 31, v0), Extract(31, 31, v0), Extract(31, 31, v0), Extract(31, 31, v0), Extract(31, 31, v0), Extract(31, 31, v0), Extract(31, 31, v0), Extract(31, 31, v0), Extract(31, 31, v0), Extract(31, 31, v0), Extract(31, 31, v0), Extract(31, 31, v0), Extract(31, 31, v0), Extract(31, 31, v0), Extract(31, 0, v0)) <= Concat(Extract(31, 31, v1), Extract(31, 31, v1), Extract(31, 31, v1), Extract(31, 31, v1), Extract(31, 31, v1), Extract(31, 31, v1), Extract(31, 31, v1), Extract(31, 31, v1), Extract(31, 31, v1), Extract(31, 31, v1), Extract(31, 31, v1), Extract(31, 31, v1), Extract(31, 31, v1), Extract(31, 31, v1), Extract(31, 31, v1), Extract(31, 31, v1), Extract(31, 31, v1), Extract(31, 31, v1), Extract(31, 31, v1), Extract(31, 31, v1), Extract(31, 31, v1), Extract(31, 31, v1), Extract(31, 31, v1), Extract(31, 31, v1), Extract(31, 31, v1), Extract(31, 31, v1), Extract(31, 31, v1), Extract(31, 31, v1), Extract(31, 31, v1), Extract(31, 31, v1), Extract(31, 31, v1), Extract(31, 31, v1), Extract(31, 31, v1), Extract(31, 31, v1), Extract(31, 31, v1), Extract(31, 31, v1), Extract(31, 31, v1), Extract(31, 31, v1), Extract(31, 31, v1), Extract(31, 31, v1), Extract(31, 31, v1), Extract(31, 31, v1), Extract(31, 31, v1), Extract(31, 31, v1), Extract(31, 31, v1), Extract(31, 31, v1), Extract(31, 31, v1), Extract(31, 31, v1), Extract(31, 31, v1), Extract(31, 31, v1), Extract(31, 31, v1), Extract(31, 31, v1), Extract(31, 31, v1), Extract(31, 31, v1), Extract(31, 31, v1), Extract(31, 31, v1), Extract(31, 31, v1), Extract(31, 31, v1), Extract(31, 31, v1), Extract(31, 31, v1), Extract(31, 31, v1), Extract(31, 31, v1), Extract(31, 31, v1), Extract(31, 31, v1), Extract(31, 31, v1), Extract(31, 31, v1), Extract(31, 31, v1), Extract(31, 31, v1), Extract(31, 31, v1), Extract(31, 31, v1), Extract(31, 31, v1), Extract(31, 31, v1), Extract(31, 31, v1), Extract(31, 31, v1), Extract(31, 31, v1), Extract(31, 31, v1), Extract(31, 31, v1), Extract(31, 31, v1), Extract(31, 31, v1), Extract(31, 31, v1), Extract(31, 31, v1), Extract(31, 31, v1), Extract(31, 31, v1), Extract(31, 31, v1), Extract(31, 31, v1), Extract(31, 31, v1), Extract(31, 31, v1), Extract(31, 31, v1), Extract(31, 31, v1), Extract(31, 31, v1), Extract(31, 31, v1), Extract(31, 31, v1), Extract(31, 31, v1), Extract(31, 31, v1), Extract(31, 31, v1), Extract(31, 31, v1), Extract(31, 31, v1), Extract(31, 31, v1), Extract(31, 31, v1), Extract(31, 31, v1), Extract(31, 0, v1)), 0, 1)), 0, 1))
[502/507] go/op_643
      EQUAL_BY_Z3                answer width 8
      x86   : If(Or(Extract(63, 63, v0*18446744073709551615 + v1) == If(Extract(63, 63, Concat(Extract(63, 63, v0), v0)*36893488147419103231 + Concat(Extract(63, 63, v1), v1)) == Extract(64, 64, Concat(Extract(63, 63, v0), v0)*36893488147419103231 + Concat(Extract(63, 63, v1), v1)), 1, 0), v0 == v1), 1, 0)
      riscv : Concat(0, If(1 <= Concat(0, If(Concat(Extract(63, 63, v0), Extract(63, 63, v0), Extract(63, 63, v0), Extract(63, 63, v0), Extract(63, 63, v0), Extract(63, 63, v0), Extract(63, 63, v0), Extract(63, 63, v0), Extract(63, 63, v0), Extract(63, 63, v0), Extract(63, 63, v0), Extract(63, 63, v0), Extract(63, 63, v0), Extract(63, 63, v0), Extract(63, 63, v0), Extract(63, 63, v0), Extract(63, 63, v0), Extract(63, 63, v0), Extract(63, 63, v0), Extract(63, 63, v0), Extract(63, 63, v0), Extract(63, 63, v0), Extract(63, 63, v0), Extract(63, 63, v0), Extract(63, 63, v0), Extract(63, 63, v0), Extract(63, 63, v0), Extract(63, 63, v0), Extract(63, 63, v0), Extract(63, 63, v0), Extract(63, 63, v0), Extract(63, 63, v0), Extract(63, 63, v0), Extract(63, 63, v0), Extract(63, 63, v0), Extract(63, 63, v0), Extract(63, 63, v0), Extract(63, 63, v0), Extract(63, 63, v0), Extract(63, 63, v0), Extract(63, 63, v0), Extract(63, 63, v0), Extract(63, 63, v0), Extract(63, 63, v0), Extract(63, 63, v0), Extract(63, 63, v0), Extract(63, 63, v0), Extract(63, 63, v0), Extract(63, 63, v0), Extract(63, 63, v0), Extract(63, 63, v0), Extract(63, 63, v0), Extract(63, 63, v0), Extract(63, 63, v0), Extract(63, 63, v0), Extract(63, 63, v0), Extract(63, 63, v0), Extract(63, 63, v0), Extract(63, 63, v0), Extract(63, 63, v0), Extract(63, 63, v0), Extract(63, 63, v0), Extract(63, 63, v0), Extract(63, 63, v0), Extract(63, 63, v0), Extract(63, 63, v0), Extract(63, 63, v0), Extract(63, 63, v0), v0) <= Concat(Extract(63, 63, v1), Extract(63, 63, v1), Extract(63, 63, v1), Extract(63, 63, v1), Extract(63, 63, v1), Extract(63, 63, v1), Extract(63, 63, v1), Extract(63, 63, v1), Extract(63, 63, v1), Extract(63, 63, v1), Extract(63, 63, v1), Extract(63, 63, v1), Extract(63, 63, v1), Extract(63, 63, v1), Extract(63, 63, v1), Extract(63, 63, v1), Extract(63, 63, v1), Extract(63, 63, v1), Extract(63, 63, v1), Extract(63, 63, v1), Extract(63, 63, v1), Extract(63, 63, v1), Extract(63, 63, v1), Extract(63, 63, v1), Extract(63, 63, v1), Extract(63, 63, v1), Extract(63, 63, v1), Extract(63, 63, v1), Extract(63, 63, v1), Extract(63, 63, v1), Extract(63, 63, v1), Extract(63, 63, v1), Extract(63, 63, v1), Extract(63, 63, v1), Extract(63, 63, v1), Extract(63, 63, v1), Extract(63, 63, v1), Extract(63, 63, v1), Extract(63, 63, v1), Extract(63, 63, v1), Extract(63, 63, v1), Extract(63, 63, v1), Extract(63, 63, v1), Extract(63, 63, v1), Extract(63, 63, v1), Extract(63, 63, v1), Extract(63, 63, v1), Extract(63, 63, v1), Extract(63, 63, v1), Extract(63, 63, v1), Extract(63, 63, v1), Extract(63, 63, v1), Extract(63, 63, v1), Extract(63, 63, v1), Extract(63, 63, v1), Extract(63, 63, v1), Extract(63, 63, v1), Extract(63, 63, v1), Extract(63, 63, v1), Extract(63, 63, v1), Extract(63, 63, v1), Extract(63, 63, v1), Extract(63, 63, v1), Extract(63, 63, v1), Extract(63, 63, v1), Extract(63, 63, v1), Extract(63, 63, v1), Extract(63, 63, v1), v1), 0, 1)), 0, 1))
[503/507] go/op_650
      EQUAL_BY_Z3                answer width 8
      x86   : If(Or(v0 == v1, Not(ULE(v0, v1))), 1, 0)
      riscv : Concat(0, If(1 <= Concat(0, If(Concat(0, v0) <= Concat(0, v1), 0, 1)), 0, 1))
[504/507] go/op_657
      DIFFER                     answer width 8
      x86   : If(And(Not(fpToFP(Extract(31, 0, v0)) < fpToFP(Extract(31, 0, v1))), Not(Or(fpIsNaN(fpToFP(Extract(31, 0, v0))), fpIsNaN(fpToFP(Extract(31, 0, v1)))))), 1, 0)
      riscv : Concat(0, If(fpToFP(If(Extract(63, 32, v0) == 4294967295, Extract(31, 0, v0), 2143289344)) <= fpToFP(If(Extract(63, 32, v1) == 4294967295, Extract(31, 0, v1), 2143289344)), 1, 0))
      counterexample: {'arg1': '18446744072668584977', 'arg0': '5354323422346215422'}
[505/507] go/op_664
      EQUAL_BY_Z3                answer width 8
      x86   : If(And(Not(fpToFP(Extract(63, 0, v0)) < fpToFP(Extract(63, 0, v1))), Not(Or(fpIsNaN(fpToFP(Extract(63, 0, v0))), fpIsNaN(fpToFP(Extract(63, 0, v1)))))), 1, 0)
      riscv : Concat(0, If(fpToFP(Extract(63, 0, v0)) <= fpToFP(Extract(63, 0, v1)), 1, 0))
[506/507] go/op_707
      IDENTICAL_AFTER_NORMALIZE  answer width 32
      x86   : ~(~Extract(31, 0, v0) | ~Extract(31, 0, v1))
      riscv : ~(~Extract(31, 0, v0) | ~Extract(31, 0, v1))
[507/507] go/op_743
      IDENTICAL_AFTER_NORMALIZE  answer width 32
      x86   : Extract(31, 0, v0) | Extract(31, 0, v1)
      riscv : Extract(31, 0, v0) | Extract(31, 0, v1)
outcomes: {"DIFFER": 86, "EQUAL_BY_Z3": 157, "IDENTICAL_AFTER_NORMALIZE": 174, "RISCV_WALK_REFUSED": 36, "UNDECIDED": 40, "X86_WALK_REFUSED": 14}
