[1/507] c/op_0
      DIFFER                     answer width 8
      x86   : If(Extract(31, 0, v0) == 0, 1, 0)
      riscv : Concat(0, If(1 <= Concat(0, v0), 0, 1))
      counterexample: {'arg0': '1946437878141681664'}
[2/507] c/op_1
      EQUAL_BY_Z3                answer width 8
      x86   : If(v0 == 0, 1, 0)
      riscv : Concat(0, If(1 <= Concat(0, v0), 0, 1))
[3/507] c/op_2
      EQUAL_BY_Z3                answer width 8
      x86   : If(v0 == 0, 1, 0)
      riscv : Concat(0, If(1 <= Concat(0, v0), 0, 1))
[4/507] c/op_3
      DIFFER                     answer width 32
      x86   : Concat(0, If(And(fpEQ(fpToFP(Extract(31, 0, v0)), +0.0), Not(fpIsNaN(fpToFP(Extract(31, 0, v0))))), 1, 0))
      riscv : Concat(0, If(fpEQ(fpToFP(If(Extract(63, 32, v0) == 4294967295, Extract(31, 0, v0), 2143289344)), +0.0), 1, 0))
      counterexample: {'arg0': '1050371051516592128'}
[5/507] c/op_4
      EQUAL_BY_Z3                answer width 32
      x86   : Concat(0, If(And(fpEQ(fpToFP(Extract(63, 0, v0)), +0.0), Not(fpIsNaN(fpToFP(Extract(63, 0, v0))))), 1, 0))
      riscv : Concat(0, If(fpEQ(fpToFP(Extract(63, 0, v0)), +0.0), 1, 0))
[6/507] c/op_5
      DIFFER                     answer width 32
      x86   : Concat(0, Extract(7, 1, v0), ~Extract(0, 0, v0))
      riscv : Concat(Extract(31, 1, v0), ~Extract(0, 0, v0))
      counterexample: {'arg0': '4294967040'}
[7/507] c/op_6
      NotModeled: ASSEMBLY_REFUSED: /tmp/sl1_lifter/body.S:3:5: error: instruction requires the following: 'Zcb' (Compressed basic bit manipulation instructions)
    c.not a0
    ^
 (line 'c.not a0')
[8/507] c/op_7
      NotModeled: ASSEMBLY_REFUSED: /tmp/sl1_lifter/body.S:3:5: error: instruction requires the following: 'Zcb' (Compressed basic bit manipulation instructions)
    c.not a0
    ^
 (line 'c.not a0')
[9/507] c/op_8
      NotModeled: ASSEMBLY_REFUSED: /tmp/sl1_lifter/body.S:3:5: error: instruction requires the following: 'Zcb' (Compressed basic bit manipulation instructions)
    c.not a0
    ^
 (line 'c.not a0')
[10/507] c/op_11
      NotModeled: ASSEMBLY_REFUSED: /tmp/sl1_lifter/body.S:3:5: error: instruction requires the following: 'Zcb' (Compressed basic bit manipulation instructions)
    c.not a0
    ^
 (line 'c.not a0')
[11/507] c/op_12
      IDENTICAL_AFTER_NORMALIZE  answer width 32
      x86   : Extract(31, 0, v0)*4294967295
      riscv : Extract(31, 0, v0)*4294967295
[12/507] c/op_13
      IDENTICAL_AFTER_NORMALIZE  answer width 64
      x86   : v0*18446744073709551615
      riscv : v0*18446744073709551615
[13/507] c/op_14
      IDENTICAL_AFTER_NORMALIZE  answer width 64
      x86   : v0*18446744073709551615
      riscv : v0*18446744073709551615
[14/507] c/op_15
      DIFFER                     answer width 32
      x86   : Extract(31, 0, v0) ^ Extract(31, 0, v1)
      riscv : Concat(If(Extract(63, 32, v0) == 4294967295, ~Extract(31, 31, v0), 1), If(Extract(63, 32, v0) == 4294967295, Extract(30, 23, v0), 255), If(Extract(63, 32, v0) == 4294967295, Extract(22, 0, v0), 4194304))
      counterexample: {'ripconst_0': '2151677951', 'arg0': '18446744071566262271'}
[15/507] c/op_16
      DIFFER                     answer width 32
      x86   : Extract(31, 0, v0) ^ Extract(31, 0, v1)
      riscv : Extract(31, 0, v0)
      counterexample: {'arg0': '2147483647', 'ripconst_0': '2147483648'}
[16/507] c/op_17
      IDENTICAL_AFTER_NORMALIZE  answer width 32
      x86   : Extract(31, 0, v0)*4294967295
      riscv : Extract(31, 0, v0)*4294967295
[17/507] c/op_18
      IDENTICAL_AFTER_NORMALIZE  answer width 32
      x86   : Extract(31, 0, v0)
      riscv : Extract(31, 0, v0)
[18/507] c/op_19
      IDENTICAL_AFTER_NORMALIZE  answer width 64
      x86   : v0
      riscv : v0
[19/507] c/op_20
      IDENTICAL_AFTER_NORMALIZE  answer width 64
      x86   : v0
      riscv : v0
[20/507] c/op_21
      IDENTICAL_AFTER_NORMALIZE  answer width 64
      x86   : Extract(63, 0, v0)
      riscv : Extract(63, 0, v0)
[21/507] c/op_22
      IDENTICAL_AFTER_NORMALIZE  answer width 64
      x86   : Extract(63, 0, v0)
      riscv : Extract(63, 0, v0)
[22/507] c/op_23
      IDENTICAL_AFTER_NORMALIZE  answer width 32
      x86   : Extract(31, 0, v0)
      riscv : Extract(31, 0, v0)
[23/507] c/op_30
      NotModeled: EXECUTE_REFUSED for C_SWSP: not a bit-vector: Ctor(subInt, [Ctor(addInt, [Extract(63, 0, seed_x2 + SignExt(52, SignExt(6, Concat(Extract(12, 12, 4417), Extract(6, 2, 4417)))) + SignExt(52, ZeroExt(4, Concat(Concat(Extract(8, 7, 50734), Extract(12, 9, 50734)), 0)))), LInt(4)]), LInt(1)]) [in execute > execute_STORE > vmem_write (line 'c.swsp a1, 0xc(sp)')
[24/507] c/op_31
      NotModeled: EXECUTE_REFUSED for C_SDSP: not a bit-vector: Ctor(subInt, [Ctor(addInt, [Extract(63, 0, seed_x2 + SignExt(52, SignExt(6, Concat(Extract(12, 12, 4417), Extract(6, 2, 4417)))) + SignExt(52, ZeroExt(3, Concat(Concat(Extract(9, 7, 58414), Extract(12, 10, 58414)), 0)))), LInt(8)]), LInt(1)]) [in execute > execute_STORE > vmem_writ (line 'c.sdsp a1, 0x8(sp)')
[25/507] c/op_32
      NotModeled: EXECUTE_REFUSED for C_SDSP: not a bit-vector: Ctor(subInt, [Ctor(addInt, [Extract(63, 0, seed_x2 + SignExt(52, SignExt(6, Concat(Extract(12, 12, 4417), Extract(6, 2, 4417)))) + SignExt(52, ZeroExt(3, Concat(Concat(Extract(9, 7, 58414), Extract(12, 10, 58414)), 0)))), LInt(8)]), LInt(1)]) [in execute > execute_STORE > vmem_writ (line 'c.sdsp a1, 0x8(sp)')
[26/507] c/op_33
      NotModeled: EXECUTE_REFUSED for STORE_FP: not a bit-vector: Ctor(subInt, [Ctor(addInt, [Extract(63, 0, seed_x2 + SignExt(52, SignExt(6, Concat(Extract(12, 12, 4417), Extract(6, 2, 4417)))) + SignExt(52, Concat(Extract(31, 25, 10561063), Extract(11, 7, 10561063)))), LInt(4)]), LInt(1)]) [in execute > execute_STORE_FP > vmem_write > vmem_writ (line 'fsw fa0, 0xc(sp)')
[27/507] c/op_34
      NotModeled: EXECUTE_REFUSED for C_FSDSP: not a bit-vector: Ctor(subInt, [Ctor(addInt, [Extract(63, 0, seed_x2 + SignExt(52, SignExt(6, Concat(Extract(12, 12, 4417), Extract(6, 2, 4417)))) + SignExt(52, ZeroExt(3, Concat(Concat(Extract(9, 7, 42026), Extract(12, 10, 42026)), 0)))), LInt(8)]), LInt(1)]) [in execute > execute_STORE_FP > vmem_w (line 'c.fsdsp fa0, 0x8(sp)')
[28/507] c/op_35
      NotModeled: EXECUTE_REFUSED for STORE: not a bit-vector: Ctor(subInt, [Ctor(addInt, [Extract(63, 0, seed_x2 + SignExt(52, SignExt(6, Concat(Extract(12, 12, 4417), Extract(6, 2, 4417)))) + SignExt(52, Concat(Extract(31, 25, 11601827), Extract(11, 7, 11601827)))), LInt(1)]), LInt(1)]) [in execute > execute_STORE > vmem_write > vmem_write_a (line 'sb a1, 0xf(sp)')
[29/507] c/op_36
      IDENTICAL_AFTER_NORMALIZE  answer width 32
      x86   : Extract(31, 0, v0) + 1
      riscv : Extract(31, 0, v0) + 1
[30/507] c/op_37
      IDENTICAL_AFTER_NORMALIZE  answer width 64
      x86   : v0 + 1
      riscv : v0 + 1
[31/507] c/op_38
      IDENTICAL_AFTER_NORMALIZE  answer width 64
      x86   : v0 + 1
      riscv : v0 + 1
[32/507] c/op_39
      NotModeled: ASSEMBLY_REFUSED: /tmp/sl1_lifter/body.S:3:5: error: instruction requires the following: 'Zfa' (Additional Floating-Point)
    fli.s fa5, 1.0
    ^
 (line 'fli.s fa5, 1.0')
[33/507] c/op_40
      NotModeled: ASSEMBLY_REFUSED: /tmp/sl1_lifter/body.S:3:5: error: instruction requires the following: 'Zfa' (Additional Floating-Point)
    fli.d fa5, 1.0
    ^
 (line 'fli.d fa5, 1.0')
[34/507] c/op_41
      IDENTICAL_AFTER_NORMALIZE  answer width 8
      x86   : 1
      riscv : 1
[35/507] c/op_42
      IDENTICAL_AFTER_NORMALIZE  answer width 32
      x86   : Extract(31, 0, v0) + 4294967295
      riscv : Extract(31, 0, v0) + 4294967295
[36/507] c/op_43
      IDENTICAL_AFTER_NORMALIZE  answer width 64
      x86   : v0 + 18446744073709551615
      riscv : v0 + 18446744073709551615
[37/507] c/op_44
      IDENTICAL_AFTER_NORMALIZE  answer width 64
      x86   : v0 + 18446744073709551615
      riscv : v0 + 18446744073709551615
[38/507] c/op_45
      NotModeled: ASSEMBLY_REFUSED: /tmp/sl1_lifter/body.S:3:5: error: instruction requires the following: 'Zfa' (Additional Floating-Point)
    fli.s fa5, -1.0
    ^
 (line 'fli.s fa5, -1.0')
[39/507] c/op_46
      NotModeled: ASSEMBLY_REFUSED: /tmp/sl1_lifter/body.S:3:5: error: instruction requires the following: 'Zfa' (Additional Floating-Point)
    fli.d fa5, -1.0
    ^
 (line 'fli.d fa5, -1.0')
[40/507] c/op_47
      IDENTICAL_AFTER_NORMALIZE  answer width 8
      x86   : Concat(Extract(7, 1, v0), ~Extract(0, 0, v0))
      riscv : Concat(Extract(7, 1, v0), ~Extract(0, 0, v0))
[41/507] c/op_48
      IDENTICAL_AFTER_NORMALIZE  answer width 32
      x86   : 4
      riscv : 4
[42/507] c/op_49
      IDENTICAL_AFTER_NORMALIZE  answer width 32
      x86   : 8
      riscv : 8
[43/507] c/op_50
      IDENTICAL_AFTER_NORMALIZE  answer width 32
      x86   : 8
      riscv : 8
[44/507] c/op_51
      IDENTICAL_AFTER_NORMALIZE  answer width 32
      x86   : 4
      riscv : 4
[45/507] c/op_52
      IDENTICAL_AFTER_NORMALIZE  answer width 32
      x86   : 8
      riscv : 8
[46/507] c/op_53
      IDENTICAL_AFTER_NORMALIZE  answer width 32
      x86   : 1
      riscv : 1
[47/507] c/op_54
      IDENTICAL_AFTER_NORMALIZE  answer width 32
      x86   : 4
      riscv : 4
[48/507] c/op_55
      IDENTICAL_AFTER_NORMALIZE  answer width 32
      x86   : 8
      riscv : 8
[49/507] c/op_56
      IDENTICAL_AFTER_NORMALIZE  answer width 32
      x86   : 8
      riscv : 8
[50/507] c/op_57
      IDENTICAL_AFTER_NORMALIZE  answer width 32
      x86   : 4
      riscv : 4
[51/507] c/op_58
      IDENTICAL_AFTER_NORMALIZE  answer width 32
      x86   : 8
      riscv : 8
[52/507] c/op_59
      IDENTICAL_AFTER_NORMALIZE  answer width 32
      x86   : 1
      riscv : 1
[53/507] c/op_60
      IDENTICAL_AFTER_NORMALIZE  answer width 32
      x86   : 4
      riscv : 4
[54/507] c/op_61
      IDENTICAL_AFTER_NORMALIZE  answer width 32
      x86   : 8
      riscv : 8
[55/507] c/op_62
      IDENTICAL_AFTER_NORMALIZE  answer width 32
      x86   : 8
      riscv : 8
[56/507] c/op_63
      IDENTICAL_AFTER_NORMALIZE  answer width 32
      x86   : 4
      riscv : 4
[57/507] c/op_64
      IDENTICAL_AFTER_NORMALIZE  answer width 32
      x86   : 8
      riscv : 8
[58/507] c/op_65
      IDENTICAL_AFTER_NORMALIZE  answer width 32
      x86   : 1
      riscv : 1
[59/507] c/op_78
      IDENTICAL_AFTER_NORMALIZE  answer width 32
      x86   : 4
      riscv : 4
[60/507] c/op_79
      IDENTICAL_AFTER_NORMALIZE  answer width 32
      x86   : 8
      riscv : 8
[61/507] c/op_80
      IDENTICAL_AFTER_NORMALIZE  answer width 32
      x86   : 8
      riscv : 8
[62/507] c/op_81
      IDENTICAL_AFTER_NORMALIZE  answer width 32
      x86   : 4
      riscv : 4
[63/507] c/op_82
      IDENTICAL_AFTER_NORMALIZE  answer width 32
      x86   : 8
      riscv : 8
[64/507] c/op_83
      IDENTICAL_AFTER_NORMALIZE  answer width 32
      x86   : 1
      riscv : 1
[65/507] c/op_84
      IDENTICAL_AFTER_NORMALIZE  answer width 32
      x86   : Extract(31, 0, v0)
      riscv : Extract(31, 0, v0)
[66/507] c/op_85
      IDENTICAL_AFTER_NORMALIZE  answer width 64
      x86   : v0
      riscv : v0
[67/507] c/op_86
      IDENTICAL_AFTER_NORMALIZE  answer width 64
      x86   : v0
      riscv : v0
[68/507] c/op_87
      IDENTICAL_AFTER_NORMALIZE  answer width 64
      x86   : Extract(63, 0, v0)
      riscv : Extract(63, 0, v0)
[69/507] c/op_88
      IDENTICAL_AFTER_NORMALIZE  answer width 64
      x86   : Extract(63, 0, v0)
      riscv : Extract(63, 0, v0)
[70/507] c/op_89
      IDENTICAL_AFTER_NORMALIZE  answer width 32
      x86   : Extract(31, 0, v0)
      riscv : Extract(31, 0, v0)
[71/507] c/op_90
      IDENTICAL_AFTER_NORMALIZE  answer width 32
      x86   : Extract(31, 0, v0)
      riscv : Extract(31, 0, v0)
[72/507] c/op_91
      IDENTICAL_AFTER_NORMALIZE  answer width 64
      x86   : v0
      riscv : v0
[73/507] c/op_92
      IDENTICAL_AFTER_NORMALIZE  answer width 64
      x86   : v0
      riscv : v0
[74/507] c/op_93
      IDENTICAL_AFTER_NORMALIZE  answer width 64
      x86   : Extract(63, 0, v0)
      riscv : Extract(63, 0, v0)
[75/507] c/op_94
      IDENTICAL_AFTER_NORMALIZE  answer width 64
      x86   : Extract(63, 0, v0)
      riscv : Extract(63, 0, v0)
[76/507] c/op_95
      IDENTICAL_AFTER_NORMALIZE  answer width 32
      x86   : Extract(31, 0, v0)
      riscv : Extract(31, 0, v0)
[77/507] c/op_96
      IDENTICAL_AFTER_NORMALIZE  answer width 32
      x86   : Extract(31, 0, v0)
      riscv : Extract(31, 0, v0)
[78/507] c/op_97
      IDENTICAL_AFTER_NORMALIZE  answer width 64
      x86   : v0
      riscv : v0
[79/507] c/op_98
      IDENTICAL_AFTER_NORMALIZE  answer width 64
      x86   : v0
      riscv : v0
[80/507] c/op_99
      IDENTICAL_AFTER_NORMALIZE  answer width 64
      x86   : Extract(63, 0, v0)
      riscv : Extract(63, 0, v0)
[81/507] c/op_100
      IDENTICAL_AFTER_NORMALIZE  answer width 64
      x86   : Extract(63, 0, v0)
      riscv : Extract(63, 0, v0)
[82/507] c/op_101
      IDENTICAL_AFTER_NORMALIZE  answer width 32
      x86   : Extract(31, 0, v0)
      riscv : Extract(31, 0, v0)
[83/507] c/op_102
      IDENTICAL_AFTER_NORMALIZE  answer width 32
      x86   : Extract(31, 0, v0) + Extract(31, 0, v1)
      riscv : Extract(31, 0, v0) + Extract(31, 0, v1)
[84/507] c/op_103
      DIFFER                     answer width 64
      x86   : Concat(Extract(31, 31, v0), Extract(31, 31, v0), Extract(31, 31, v0), Extract(31, 31, v0), Extract(31, 31, v0), Extract(31, 31, v0), Extract(31, 31, v0), Extract(31, 31, v0), Extract(31, 31, v0), Extract(31, 31, v0), Extract(31, 31, v0), Extract(31, 31, v0), Extract(31, 31, v0), Extract(31, 31, v0), Extract(31, 31, v0), Extract(31, 31, v0), Extract(31, 31, v0), Extract(31, 31, v0), Extract(31, 31, v0), Extract(31, 31, v0), Extract(31, 31, v0), Extract(31, 31, v0), Extract(31, 31, v0), Extract(31, 31, v0), Extract(31, 31, v0), Extract(31, 31, v0), Extract(31, 31, v0), Extract(31, 31, v0), Extract(31, 31, v0), Extract(31, 31, v0), Extract(31, 31, v0), Extract(31, 31, v0), Extract(31, 0, v0)) + v1
      riscv : v0 + v1
      counterexample: {'arg0': '2147483648'}
[85/507] c/op_104
      DIFFER                     answer width 64
      x86   : Concat(Extract(31, 31, v0), Extract(31, 31, v0), Extract(31, 31, v0), Extract(31, 31, v0), Extract(31, 31, v0), Extract(31, 31, v0), Extract(31, 31, v0), Extract(31, 31, v0), Extract(31, 31, v0), Extract(31, 31, v0), Extract(31, 31, v0), Extract(31, 31, v0), Extract(31, 31, v0), Extract(31, 31, v0), Extract(31, 31, v0), Extract(31, 31, v0), Extract(31, 31, v0), Extract(31, 31, v0), Extract(31, 31, v0), Extract(31, 31, v0), Extract(31, 31, v0), Extract(31, 31, v0), Extract(31, 31, v0), Extract(31, 31, v0), Extract(31, 31, v0), Extract(31, 31, v0), Extract(31, 31, v0), Extract(31, 31, v0), Extract(31, 31, v0), Extract(31, 31, v0), Extract(31, 31, v0), Extract(31, 31, v0), Extract(31, 0, v0)) + v1
      riscv : v0 + v1
      counterexample: {'arg0': '2147483648'}
[86/507] c/op_105
      DIFFER                     answer width 32
      x86   : fp.to_ieee_bv(fpToFP(Extract(31, 0, v1)) + fpToFP(fp.to_ieee_bv(fpToFP(RNE(), Extract(31, 0, v0)))))
      riscv : fp.to_ieee_bv(fpToFP(fp.to_ieee_bv(fpToFP(RNE(), Extract(31, 0, v0)))) + fpToFP(If(Extract(63, 32, v1) == 4294967295, Extract(31, 0, v1), 2143289344)))
      counterexample: {'arg0': '8248', 'arg1': '3443524099', 'fp.to_ieee_bv': '[NaN -> 2142610620, else -> fp.to_ieee_bv(Var(0))]'}
[87/507] c/op_106
      IDENTICAL_AFTER_NORMALIZE  answer width 64
      x86   : fp.to_ieee_bv(fpToFP(Extract(63, 0, v1)) + fpToFP(fp.to_ieee_bv(fpToFP(RNE(), Extract(31, 0, v0)))))
      riscv : fp.to_ieee_bv(fpToFP(Extract(63, 0, v1)) + fpToFP(fp.to_ieee_bv(fpToFP(RNE(), Extract(31, 0, v0)))))
[88/507] c/op_107
      IDENTICAL_AFTER_NORMALIZE  answer width 32
      x86   : Extract(31, 0, v0) + Extract(31, 0, v1)
      riscv : Extract(31, 0, v0) + Extract(31, 0, v1)
[89/507] c/op_108
      DIFFER                     answer width 64
      x86   : Concat(Extract(31, 31, v0), Extract(31, 31, v0), Extract(31, 31, v0), Extract(31, 31, v0), Extract(31, 31, v0), Extract(31, 31, v0), Extract(31, 31, v0), Extract(31, 31, v0), Extract(31, 31, v0), Extract(31, 31, v0), Extract(31, 31, v0), Extract(31, 31, v0), Extract(31, 31, v0), Extract(31, 31, v0), Extract(31, 31, v0), Extract(31, 31, v0), Extract(31, 31, v0), Extract(31, 31, v0), Extract(31, 31, v0), Extract(31, 31, v0), Extract(31, 31, v0), Extract(31, 31, v0), Extract(31, 31, v0), Extract(31, 31, v0), Extract(31, 31, v0), Extract(31, 31, v0), Extract(31, 31, v0), Extract(31, 31, v0), Extract(31, 31, v0), Extract(31, 31, v0), Extract(31, 31, v0), Extract(31, 31, v0), Extract(31, 0, v0)) + v1
      riscv : v0 + v1
      counterexample: {'arg1': '2147483648'}
[90/507] c/op_109
      IDENTICAL_AFTER_NORMALIZE  answer width 64
      x86   : v0 + v1
      riscv : v0 + v1
[91/507] c/op_110
      IDENTICAL_AFTER_NORMALIZE  answer width 64
      x86   : v0 + v1
      riscv : v0 + v1
[92/507] c/op_111
      DIFFER                     answer width 32
      x86   : fp.to_ieee_bv(fpToFP(Extract(31, 0, v0)) + fpToFP(fp.to_ieee_bv(fpToFP(RNE(), v1))))
      riscv : fp.to_ieee_bv(fpToFP(fp.to_ieee_bv(fpToFP(RNE(), v1))) + fpToFP(If(Extract(63, 32, v0) == 4294967295, Extract(31, 0, v0), 2143289344)))
      counterexample: {'arg0': '18422319172672272651', 'arg1': '17438651391336775679', 'fp.to_ieee_bv': '[NaN -> 4290431398, else -> fp.to_ieee_bv(Var(0))]'}
[93/507] c/op_112
      IDENTICAL_AFTER_NORMALIZE  answer width 64
      x86   : fp.to_ieee_bv(fpToFP(Extract(63, 0, v0)) + fpToFP(fp.to_ieee_bv(fpToFP(RNE(), v1))))
      riscv : fp.to_ieee_bv(fpToFP(Extract(63, 0, v0)) + fpToFP(fp.to_ieee_bv(fpToFP(RNE(), v1))))
[94/507] c/op_113
      DIFFER                     answer width 64
      x86   : Concat(0, Extract(31, 0, v0)) + v1
      riscv : v0 + v1
      counterexample: {'arg1': '18446603331926228992'}
[95/507] c/op_114
      DIFFER                     answer width 64
      x86   : Concat(Extract(31, 31, v0), Extract(31, 31, v0), Extract(31, 31, v0), Extract(31, 31, v0), Extract(31, 31, v0), Extract(31, 31, v0), Extract(31, 31, v0), Extract(31, 31, v0), Extract(31, 31, v0), Extract(31, 31, v0), Extract(31, 31, v0), Extract(31, 31, v0), Extract(31, 31, v0), Extract(31, 31, v0), Extract(31, 31, v0), Extract(31, 31, v0), Extract(31, 31, v0), Extract(31, 31, v0), Extract(31, 31, v0), Extract(31, 31, v0), Extract(31, 31, v0), Extract(31, 31, v0), Extract(31, 31, v0), Extract(31, 31, v0), Extract(31, 31, v0), Extract(31, 31, v0), Extract(31, 31, v0), Extract(31, 31, v0), Extract(31, 31, v0), Extract(31, 31, v0), Extract(31, 31, v0), Extract(31, 31, v0), Extract(31, 0, v0)) + v1
      riscv : v0 + v1
      counterexample: {'arg1': '2147483648'}
[96/507] c/op_115
      IDENTICAL_AFTER_NORMALIZE  answer width 64
      x86   : v0 + v1
      riscv : v0 + v1
[97/507] c/op_116
      IDENTICAL_AFTER_NORMALIZE  answer width 64
      x86   : v0 + v1
      riscv : v0 + v1
[98/507] c/op_117
      DIFFER                     answer width 32
      x86   : fp.to_ieee_bv(fpToFP(Extract(31, 0, v0)) + fpToFP(fp.to_ieee_bv(fpToFP(RNE(), v1))))
      riscv : fp.to_ieee_bv(fpToFP(fp.to_ieee_bv(fpToFPUnsigned(RNE(), v1))) + fpToFP(If(Extract(63, 32, v0) == 4294967295, Extract(31, 0, v0), 2143289344)))
      counterexample: {'arg0': '18446744073280409955', 'arg1': '18446744071562067968', 'fp.to_ieee_bv': '[else -> fp.to_ieee_bv(Var(0))]'}
[99/507] c/op_118
      DIFFER                     answer width 64
      x86   : fp.to_ieee_bv(fpToFP(Extract(63, 0, v3)) + fpToFP(fp.to_ieee_bv(fpToFP(fp.to_ieee_bv(-fpToFP(Extract(127, 64, v0)) + fpToFP(Concat(Extract(63, 32, v1), Extract(63, 32, v2))))) + fpToFP(fp.to_ieee_bv(-fpToFP(Extract(63, 0, v0)) + fpToFP(Concat(Extract(31, 0, v1), Extract(31, 0, v2))))))))
      riscv : fp.to_ieee_bv(fpToFP(Extract(63, 0, v0)) + fpToFP(fp.to_ieee_bv(fpToFPUnsigned(RNE(), v1))))
      counterexample: {'arg0': '8935141955780759071', 'arg1': '4606619125316320846', 'ripconst_0': '13830695196314059080', 'ripconst_1': '13621686850295136256', 'fp.to_ieee_bv': '[else -> fp.to_ieee_bv(Var(0))]'}
[100/507] c/op_119
      DIFFER                     answer width 64
      x86   : Concat(0, Extract(31, 0, v0)) + v1
      riscv : v0 + v1
      counterexample: {'arg1': '18446673700670406656'}
[101/507] c/op_120
      DIFFER                     answer width 32
      x86   : fp.to_ieee_bv(fpToFP(Extract(31, 0, v1)) + fpToFP(fp.to_ieee_bv(fpToFP(RNE(), Extract(31, 0, v0)))))
      riscv : fp.to_ieee_bv(fpToFP(fp.to_ieee_bv(fpToFP(RNE(), Extract(31, 0, v0)))) + fpToFP(If(Extract(63, 32, v1) == 4294967295, Extract(31, 0, v1), 2143289344)))
      counterexample: {'arg1': '33554434', 'arg0': '3125245201639604459', 'fp.to_ieee_bv': '[NaN -> 2143743252, else -> fp.to_ieee_bv(Var(0))]'}
[102/507] c/op_121
      DIFFER                     answer width 32
      x86   : fp.to_ieee_bv(fpToFP(Extract(31, 0, v0)) + fpToFP(fp.to_ieee_bv(fpToFP(RNE(), v1))))
      riscv : fp.to_ieee_bv(fpToFP(fp.to_ieee_bv(fpToFP(RNE(), v1))) + fpToFP(If(Extract(63, 32, v0) == 4294967295, Extract(31, 0, v0), 2143289344)))
      counterexample: {'arg1': '1237386306177404', 'arg0': '18446743798169775278', 'fp.to_ieee_bv': '[NaN -> 4286760028, else -> fp.to_ieee_bv(Var(0))]'}
[103/507] c/op_122
      DIFFER                     answer width 32
      x86   : fp.to_ieee_bv(fpToFP(Extract(31, 0, v0)) + fpToFP(fp.to_ieee_bv(fpToFP(RNE(), v1))))
      riscv : fp.to_ieee_bv(fpToFP(fp.to_ieee_bv(fpToFPUnsigned(RNE(), v1))) + fpToFP(If(Extract(63, 32, v0) == 4294967295, Extract(31, 0, v0), 2143289344)))
      counterexample: {'arg1': '1099511595008', 'arg0': '3548380998', 'fp.to_ieee_bv': '[NaN -> 4289593327, else -> fp.to_ieee_bv(Var(0))]'}
[104/507] c/op_123
      DIFFER                     answer width 32
      x86   : fp.to_ieee_bv(fpToFP(Extract(31, 0, v0)) + fpToFP(Extract(31, 0, v1)))
      riscv : fp.to_ieee_bv(fpToFP(If(Extract(63, 32, v0) == 4294967295, Extract(31, 0, v0), 2143289344)) + fpToFP(If(Extract(63, 32, v1) == 4294967295, Extract(31, 0, v1), 2143289344)))
      counterexample: {'arg1': '18442240469790105456', 'arg0': '18446744071644393545', 'fp.to_ieee_bv': '[NaN -> 4294444074, else -> fp.to_ieee_bv(Var(0))]'}
[105/507] c/op_124
      UNDECIDED                  answer width 64
      x86   : fp.to_ieee_bv(fpToFP(Extract(63, 0, v1)) + fpToFP(fp.to_ieee_bv(fpToFP(RNE(), fpToFP(Extract(31, 0, v0))))))
      riscv : fp.to_ieee_bv(fpToFP(Extract(63, 0, v1)) + fpToFP(fp.to_ieee_bv(fpToFP(RNE(), fpToFP(If(Extract(63, 32, v0) == 4294967295, Extract(31, 0, v0), 2143289344))))))
[106/507] c/op_125
      DIFFER                     answer width 32
      x86   : fp.to_ieee_bv(fpToFP(Extract(31, 0, v1)) + fpToFP(fp.to_ieee_bv(fpToFP(RNE(), Extract(31, 0, v0)))))
      riscv : fp.to_ieee_bv(fpToFP(fp.to_ieee_bv(fpToFPUnsigned(RNE(), Extract(31, 0, v0)))) + fpToFP(If(Extract(63, 32, v1) == 4294967295, Extract(31, 0, v1), 2143289344)))
      counterexample: {'arg1': '0', 'arg0': '18446673702675939328', 'fp.to_ieee_bv': '[NaN -> 2140012544, else -> fp.to_ieee_bv(Var(0))]'}
[107/507] c/op_126
      IDENTICAL_AFTER_NORMALIZE  answer width 64
      x86   : fp.to_ieee_bv(fpToFP(Extract(63, 0, v1)) + fpToFP(fp.to_ieee_bv(fpToFP(RNE(), Extract(31, 0, v0)))))
      riscv : fp.to_ieee_bv(fpToFP(Extract(63, 0, v1)) + fpToFP(fp.to_ieee_bv(fpToFP(RNE(), Extract(31, 0, v0)))))
[108/507] c/op_127
      IDENTICAL_AFTER_NORMALIZE  answer width 64
      x86   : fp.to_ieee_bv(fpToFP(Extract(63, 0, v0)) + fpToFP(fp.to_ieee_bv(fpToFP(RNE(), v1))))
      riscv : fp.to_ieee_bv(fpToFP(Extract(63, 0, v0)) + fpToFP(fp.to_ieee_bv(fpToFP(RNE(), v1))))
[109/507] c/op_128
      DIFFER                     answer width 64
      x86   : fp.to_ieee_bv(fpToFP(Extract(63, 0, v3)) + fpToFP(fp.to_ieee_bv(fpToFP(fp.to_ieee_bv(-fpToFP(Extract(127, 64, v0)) + fpToFP(Concat(Extract(63, 32, v1), Extract(63, 32, v2))))) + fpToFP(fp.to_ieee_bv(-fpToFP(Extract(63, 0, v0)) + fpToFP(Concat(Extract(31, 0, v1), Extract(31, 0, v2))))))))
      riscv : fp.to_ieee_bv(fpToFP(Extract(63, 0, v0)) + fpToFP(fp.to_ieee_bv(fpToFPUnsigned(RNE(), v1))))
      counterexample: {'ripconst_0': '10949668376945460520', 'arg1': '684547163104895040', 'ripconst_1': '9237043846445060065', 'arg0': '1732908074156425214', 'fp.to_ieee_bv': '[else -> fp.to_ieee_bv(Var(0))]'}
[110/507] c/op_129
      UNDECIDED                  answer width 64
      x86   : fp.to_ieee_bv(fpToFP(Extract(63, 0, v1)) + fpToFP(fp.to_ieee_bv(fpToFP(RNE(), fpToFP(Extract(31, 0, v0))))))
      riscv : fp.to_ieee_bv(fpToFP(Extract(63, 0, v1)) + fpToFP(fp.to_ieee_bv(fpToFP(RNE(), fpToFP(If(Extract(63, 32, v0) == 4294967295, Extract(31, 0, v0), 2143289344))))))
[111/507] c/op_130
      IDENTICAL_AFTER_NORMALIZE  answer width 64
      x86   : fp.to_ieee_bv(fpToFP(Extract(63, 0, v0)) + fpToFP(Extract(63, 0, v1)))
      riscv : fp.to_ieee_bv(fpToFP(Extract(63, 0, v0)) + fpToFP(Extract(63, 0, v1)))
[112/507] c/op_131
      UNDECIDED                  answer width 64
      x86   : fp.to_ieee_bv(fpToFP(Extract(63, 0, v1)) + fpToFP(fp.to_ieee_bv(fpToFP(RNE(), Extract(31, 0, v0)))))
      riscv : fp.to_ieee_bv(fpToFP(Extract(63, 0, v1)) + fpToFP(fp.to_ieee_bv(fpToFPUnsigned(RNE(), Extract(31, 0, v0)))))
[113/507] c/op_132
      IDENTICAL_AFTER_NORMALIZE  answer width 32
      x86   : Extract(31, 0, v0) + Extract(31, 0, v1)
      riscv : Extract(31, 0, v0) + Extract(31, 0, v1)
[114/507] c/op_133
      DIFFER                     answer width 64
      x86   : Concat(0, Extract(31, 0, v0)) + v1
      riscv : v0 + v1
      counterexample: {'arg0': '18446743794536677376'}
[115/507] c/op_134
      DIFFER                     answer width 64
      x86   : Concat(0, Extract(31, 0, v0)) + v1
      riscv : v0 + v1
      counterexample: {'arg0': '18446726477228539904'}
[116/507] c/op_135
      DIFFER                     answer width 32
      x86   : fp.to_ieee_bv(fpToFP(Extract(31, 0, v1)) + fpToFP(fp.to_ieee_bv(fpToFP(RNE(), Extract(31, 0, v0)))))
      riscv : fp.to_ieee_bv(fpToFP(fp.to_ieee_bv(fpToFPUnsigned(RNE(), Extract(31, 0, v0)))) + fpToFP(If(Extract(63, 32, v1) == 4294967295, Extract(31, 0, v1), 2143289344)))
      counterexample: {'arg0': '4294965012', 'arg1': '18446744070220157962', 'fp.to_ieee_bv': '[else -> fp.to_ieee_bv(Var(0))]'}
[117/507] c/op_136
      DIFFER                     answer width 64
      x86   : fp.to_ieee_bv(fpToFP(Extract(63, 0, v1)) + fpToFP(fp.to_ieee_bv(fpToFP(RNE(), Extract(31, 0, v0)))))
      riscv : fp.to_ieee_bv(fpToFP(Extract(63, 0, v1)) + fpToFP(fp.to_ieee_bv(fpToFPUnsigned(RNE(), Extract(31, 0, v0)))))
      counterexample: {'arg0': '2147483648', 'arg1': '11647434584304390155', 'fp.to_ieee_bv': '[else -> fp.to_ieee_bv(Var(0))]'}
[118/507] c/op_137
      IDENTICAL_AFTER_NORMALIZE  answer width 32
      x86   : Extract(31, 0, v0) + Extract(31, 0, v1)
      riscv : Extract(31, 0, v0) + Extract(31, 0, v1)
[119/507] c/op_138
      IDENTICAL_AFTER_NORMALIZE  answer width 32
      x86   : Extract(31, 0, v0)*4294967295 + Extract(31, 0, v1)
      riscv : Extract(31, 0, v0)*4294967295 + Extract(31, 0, v1)
[120/507] c/op_139
      DIFFER                     answer width 64
      x86   : v0*18446744073709551615 + Concat(Extract(31, 31, v1), Extract(31, 31, v1), Extract(31, 31, v1), Extract(31, 31, v1), Extract(31, 31, v1), Extract(31, 31, v1), Extract(31, 31, v1), Extract(31, 31, v1), Extract(31, 31, v1), Extract(31, 31, v1), Extract(31, 31, v1), Extract(31, 31, v1), Extract(31, 31, v1), Extract(31, 31, v1), Extract(31, 31, v1), Extract(31, 31, v1), Extract(31, 31, v1), Extract(31, 31, v1), Extract(31, 31, v1), Extract(31, 31, v1), Extract(31, 31, v1), Extract(31, 31, v1), Extract(31, 31, v1), Extract(31, 31, v1), Extract(31, 31, v1), Extract(31, 31, v1), Extract(31, 31, v1), Extract(31, 31, v1), Extract(31, 31, v1), Extract(31, 31, v1), Extract(31, 31, v1), Extract(31, 31, v1), Extract(31, 0, v1))
      riscv : v0*18446744073709551615 + v1
      counterexample: {'arg0': '2147483648'}
[121/507] c/op_140
      DIFFER                     answer width 64
      x86   : v0*18446744073709551615 + Concat(Extract(31, 31, v1), Extract(31, 31, v1), Extract(31, 31, v1), Extract(31, 31, v1), Extract(31, 31, v1), Extract(31, 31, v1), Extract(31, 31, v1), Extract(31, 31, v1), Extract(31, 31, v1), Extract(31, 31, v1), Extract(31, 31, v1), Extract(31, 31, v1), Extract(31, 31, v1), Extract(31, 31, v1), Extract(31, 31, v1), Extract(31, 31, v1), Extract(31, 31, v1), Extract(31, 31, v1), Extract(31, 31, v1), Extract(31, 31, v1), Extract(31, 31, v1), Extract(31, 31, v1), Extract(31, 31, v1), Extract(31, 31, v1), Extract(31, 31, v1), Extract(31, 31, v1), Extract(31, 31, v1), Extract(31, 31, v1), Extract(31, 31, v1), Extract(31, 31, v1), Extract(31, 31, v1), Extract(31, 31, v1), Extract(31, 0, v1))
      riscv : v0*18446744073709551615 + v1
      counterexample: {'arg0': '2147483648'}
[122/507] c/op_141
      DIFFER                     answer width 32
      x86   : fp.to_ieee_bv(-fpToFP(Extract(31, 0, v1)) + fpToFP(fp.to_ieee_bv(fpToFP(RNE(), Extract(31, 0, v0)))))
      riscv : fp.to_ieee_bv(-fpToFP(If(Extract(63, 32, v0) == 4294967295, Extract(31, 0, v0), 2143289344)) + fpToFP(fp.to_ieee_bv(fpToFP(RNE(), Extract(31, 0, v1)))))
      counterexample: {'arg0': '196622', 'arg1': '11782816577282436060', 'fp.to_ieee_bv': '[NaN -> 2144180521, else -> fp.to_ieee_bv(Var(0))]'}
[123/507] c/op_142
      IDENTICAL_AFTER_NORMALIZE  answer width 64
      x86   : fp.to_ieee_bv(-fpToFP(Extract(63, 0, v1)) + fpToFP(fp.to_ieee_bv(fpToFP(RNE(), Extract(31, 0, v0)))))
      riscv : fp.to_ieee_bv(-fpToFP(Extract(63, 0, v1)) + fpToFP(fp.to_ieee_bv(fpToFP(RNE(), Extract(31, 0, v0)))))
[124/507] c/op_143
      IDENTICAL_AFTER_NORMALIZE  answer width 32
      x86   : Extract(31, 0, v0)*4294967295 + Extract(31, 0, v1)
      riscv : Extract(31, 0, v0)*4294967295 + Extract(31, 0, v1)
[125/507] c/op_144
      DIFFER                     answer width 64
      x86   : Concat(Extract(31, 31, v0), Extract(31, 31, v0), Extract(31, 31, v0), Extract(31, 31, v0), Extract(31, 31, v0), Extract(31, 31, v0), Extract(31, 31, v0), Extract(31, 31, v0), Extract(31, 31, v0), Extract(31, 31, v0), Extract(31, 31, v0), Extract(31, 31, v0), Extract(31, 31, v0), Extract(31, 31, v0), Extract(31, 31, v0), Extract(31, 31, v0), Extract(31, 31, v0), Extract(31, 31, v0), Extract(31, 31, v0), Extract(31, 31, v0), Extract(31, 31, v0), Extract(31, 31, v0), Extract(31, 31, v0), Extract(31, 31, v0), Extract(31, 31, v0), Extract(31, 31, v0), Extract(31, 31, v0), Extract(31, 31, v0), Extract(31, 31, v0), Extract(31, 31, v0), Extract(31, 31, v0), Extract(31, 31, v0), Extract(31, 0, v0))*18446744073709551615 + v1
      riscv : v0*18446744073709551615 + v1
      counterexample: {'arg1': '2147483648'}
[126/507] c/op_145
      IDENTICAL_AFTER_NORMALIZE  answer width 64
      x86   : v0*18446744073709551615 + v1
      riscv : v0*18446744073709551615 + v1
[127/507] c/op_146
      IDENTICAL_AFTER_NORMALIZE  answer width 64
      x86   : v0*18446744073709551615 + v1
      riscv : v0*18446744073709551615 + v1
[128/507] c/op_147
      DIFFER                     answer width 32
      x86   : fp.to_ieee_bv(-fpToFP(Extract(31, 0, v0)) + fpToFP(fp.to_ieee_bv(fpToFP(RNE(), v1))))
      riscv : fp.to_ieee_bv(-fpToFP(If(Extract(63, 32, v0) == 4294967295, Extract(31, 0, v0), 2143289344)) + fpToFP(fp.to_ieee_bv(fpToFP(RNE(), v1))))
      counterexample: {'arg0': '36020007079529482', 'arg1': '18446743798303163451', 'fp.to_ieee_bv': '[NaN -> 2147354818, else -> fp.to_ieee_bv(Var(0))]'}
[129/507] c/op_148
      IDENTICAL_AFTER_NORMALIZE  answer width 64
      x86   : fp.to_ieee_bv(-fpToFP(Extract(63, 0, v0)) + fpToFP(fp.to_ieee_bv(fpToFP(RNE(), v1))))
      riscv : fp.to_ieee_bv(-fpToFP(Extract(63, 0, v0)) + fpToFP(fp.to_ieee_bv(fpToFP(RNE(), v1))))
[130/507] c/op_149
      DIFFER                     answer width 64
      x86   : Concat(0, Extract(31, 0, v0))*18446744073709551615 + v1
      riscv : v0*18446744073709551615 + v1
      counterexample: {'arg1': '18446708885042495488'}
[131/507] c/op_150
      DIFFER                     answer width 64
      x86   : Concat(Extract(31, 31, v0), Extract(31, 31, v0), Extract(31, 31, v0), Extract(31, 31, v0), Extract(31, 31, v0), Extract(31, 31, v0), Extract(31, 31, v0), Extract(31, 31, v0), Extract(31, 31, v0), Extract(31, 31, v0), Extract(31, 31, v0), Extract(31, 31, v0), Extract(31, 31, v0), Extract(31, 31, v0), Extract(31, 31, v0), Extract(31, 31, v0), Extract(31, 31, v0), Extract(31, 31, v0), Extract(31, 31, v0), Extract(31, 31, v0), Extract(31, 31, v0), Extract(31, 31, v0), Extract(31, 31, v0), Extract(31, 31, v0), Extract(31, 31, v0), Extract(31, 31, v0), Extract(31, 31, v0), Extract(31, 31, v0), Extract(31, 31, v0), Extract(31, 31, v0), Extract(31, 31, v0), Extract(31, 31, v0), Extract(31, 0, v0))*18446744073709551615 + v1
      riscv : v0*18446744073709551615 + v1
      counterexample: {'arg1': '2147483648'}
[132/507] c/op_151
      IDENTICAL_AFTER_NORMALIZE  answer width 64
      x86   : v0*18446744073709551615 + v1
      riscv : v0*18446744073709551615 + v1
[133/507] c/op_152
      IDENTICAL_AFTER_NORMALIZE  answer width 64
      x86   : v0*18446744073709551615 + v1
      riscv : v0*18446744073709551615 + v1
[134/507] c/op_153
      NotModeled: every path through this body leaves the unit or is unreachable, so the body leaves no answer to read
[135/507] c/op_154
      DIFFER                     answer width 64
      x86   : fp.to_ieee_bv(-fpToFP(Extract(63, 0, v3)) + fpToFP(fp.to_ieee_bv(fpToFP(fp.to_ieee_bv(-fpToFP(Extract(127, 64, v0)) + fpToFP(Concat(Extract(63, 32, v1), Extract(63, 32, v2))))) + fpToFP(fp.to_ieee_bv(-fpToFP(Extract(63, 0, v0)) + fpToFP(Concat(Extract(31, 0, v1), Extract(31, 0, v2))))))))
      riscv : fp.to_ieee_bv(-fpToFP(Extract(63, 0, v0)) + fpToFP(fp.to_ieee_bv(fpToFPUnsigned(RNE(), v1))))
      counterexample: {'arg0': '177618968', 'ripconst_0': '6309429279270504084', 'arg1': '15527285615266627584', 'ripconst_1': '114604996064463205175107890025865074691', 'fp.to_ieee_bv': '[else -> fp.to_ieee_bv(Var(0))]'}
[136/507] c/op_155
      DIFFER                     answer width 64
      x86   : Concat(0, Extract(31, 0, v0))*18446744073709551615 + v1
      riscv : v0*18446744073709551615 + v1
      counterexample: {'arg1': '18446743931975630848'}
[137/507] c/op_156
      UNDECIDED                  answer width 32
      x86   : fp.to_ieee_bv(-fpToFP(fp.to_ieee_bv(fpToFP(RNE(), Extract(31, 0, v0)))) + fpToFP(Extract(31, 0, v1)))
      riscv : fp.to_ieee_bv(-fpToFP(fp.to_ieee_bv(fpToFP(RNE(), Extract(31, 0, v0)))) + fpToFP(If(Extract(63, 32, v1) == 4294967295, Extract(31, 0, v1), 2143289344)))
[138/507] c/op_157
      DIFFER                     answer width 32
      x86   : fp.to_ieee_bv(-fpToFP(fp.to_ieee_bv(fpToFP(RNE(), v0))) + fpToFP(Extract(31, 0, v1)))
      riscv : fp.to_ieee_bv(-fpToFP(fp.to_ieee_bv(fpToFP(RNE(), v0))) + fpToFP(If(Extract(63, 32, v1) == 4294967295, Extract(31, 0, v1), 2143289344)))
      counterexample: {'arg1': '21664193', 'arg0': '295805208636688111', 'fp.to_ieee_bv': '[NaN -> 4289022160, else -> fp.to_ieee_bv(Var(0))]'}
[139/507] c/op_158
      DIFFER                     answer width 32
      x86   : fp.to_ieee_bv(-fpToFP(fp.to_ieee_bv(fpToFP(RNE(), v0))) + fpToFP(Extract(31, 0, v1)))
      riscv : fp.to_ieee_bv(-fpToFP(fp.to_ieee_bv(fpToFPUnsigned(RNE(), v0))) + fpToFP(If(Extract(63, 32, v1) == 4294967295, Extract(31, 0, v1), 2143289344)))
      counterexample: {'arg1': '18444492273895866368', 'arg0': '2147483648', 'fp.to_ieee_bv': '[NaN -> 4290772991, else -> fp.to_ieee_bv(Var(0))]'}
[140/507] c/op_159
      UNDECIDED                  answer width 32
      x86   : fp.to_ieee_bv(-fpToFP(Extract(31, 0, v0)) + fpToFP(Extract(31, 0, v1)))
      riscv : fp.to_ieee_bv(-fpToFP(If(Extract(63, 32, v0) == 4294967295, Extract(31, 0, v0), 2143289344)) + fpToFP(If(Extract(63, 32, v1) == 4294967295, Extract(31, 0, v1), 2143289344)))
[141/507] c/op_160
      DIFFER                     answer width 64
      x86   : fp.to_ieee_bv(-fpToFP(Extract(63, 0, v1)) + fpToFP(fp.to_ieee_bv(fpToFP(RNE(), fpToFP(Extract(31, 0, v0))))))
      riscv : fp.to_ieee_bv(-fpToFP(Extract(63, 0, v1)) + fpToFP(fp.to_ieee_bv(fpToFP(RNE(), fpToFP(If(Extract(63, 32, v0) == 4294967295, Extract(31, 0, v0), 2143289344))))))
      counterexample: {'arg0': '7721904431406514176', 'arg1': '17780897137209145174', 'fp.to_ieee_bv': '[NaN -> 18444047784291891054, else -> fp.to_ieee_bv(Var(0))]'}
[142/507] c/op_161
      UNDECIDED                  answer width 32
      x86   : fp.to_ieee_bv(-fpToFP(fp.to_ieee_bv(fpToFP(RNE(), Extract(31, 0, v0)))) + fpToFP(Extract(31, 0, v1)))
      riscv : fp.to_ieee_bv(-fpToFP(fp.to_ieee_bv(fpToFPUnsigned(RNE(), Extract(31, 0, v0)))) + fpToFP(If(Extract(63, 32, v1) == 4294967295, Extract(31, 0, v1), 2143289344)))
[143/507] c/op_162
      IDENTICAL_AFTER_NORMALIZE  answer width 64
      x86   : fp.to_ieee_bv(-fpToFP(fp.to_ieee_bv(fpToFP(RNE(), Extract(31, 0, v0)))) + fpToFP(Extract(63, 0, v1)))
      riscv : fp.to_ieee_bv(-fpToFP(fp.to_ieee_bv(fpToFP(RNE(), Extract(31, 0, v0)))) + fpToFP(Extract(63, 0, v1)))
[144/507] c/op_163
      IDENTICAL_AFTER_NORMALIZE  answer width 64
      x86   : fp.to_ieee_bv(-fpToFP(fp.to_ieee_bv(fpToFP(RNE(), v0))) + fpToFP(Extract(63, 0, v1)))
      riscv : fp.to_ieee_bv(-fpToFP(fp.to_ieee_bv(fpToFP(RNE(), v0))) + fpToFP(Extract(63, 0, v1)))
[145/507] c/op_164
      DIFFER                     answer width 64
      x86   : fp.to_ieee_bv(-fpToFP(fp.to_ieee_bv(fpToFP(fp.to_ieee_bv(-fpToFP(Extract(127, 64, v0)) + fpToFP(Concat(Extract(63, 32, v1), Extract(63, 32, v2))))) + fpToFP(fp.to_ieee_bv(-fpToFP(Extract(63, 0, v0)) + fpToFP(Concat(Extract(31, 0, v1), Extract(31, 0, v2))))))) + fpToFP(Extract(63, 0, v3)))
      riscv : fp.to_ieee_bv(-fpToFP(fp.to_ieee_bv(fpToFPUnsigned(RNE(), v0))) + fpToFP(Extract(63, 0, v1)))
      counterexample: {'ripconst_0': '16667822254799396865', 'arg1': '0', 'ripconst_1': '307467034108611001949722920919386564582', 'arg0': '16676829359757861992', 'fp.to_ieee_bv': '[else -> fp.to_ieee_bv(Var(0))]'}
[146/507] c/op_165
      UNDECIDED                  answer width 64
      x86   : fp.to_ieee_bv(-fpToFP(fp.to_ieee_bv(fpToFP(RNE(), fpToFP(Extract(31, 0, v0))))) + fpToFP(Extract(63, 0, v1)))
      riscv : fp.to_ieee_bv(-fpToFP(fp.to_ieee_bv(fpToFP(RNE(), fpToFP(If(Extract(63, 32, v0) == 4294967295, Extract(31, 0, v0), 2143289344))))) + fpToFP(Extract(63, 0, v1)))
[147/507] c/op_166
      IDENTICAL_AFTER_NORMALIZE  answer width 64
      x86   : fp.to_ieee_bv(-fpToFP(Extract(63, 0, v0)) + fpToFP(Extract(63, 0, v1)))
      riscv : fp.to_ieee_bv(-fpToFP(Extract(63, 0, v0)) + fpToFP(Extract(63, 0, v1)))
[148/507] c/op_167
      UNDECIDED                  answer width 64
      x86   : fp.to_ieee_bv(-fpToFP(fp.to_ieee_bv(fpToFP(RNE(), Extract(31, 0, v0)))) + fpToFP(Extract(63, 0, v1)))
      riscv : fp.to_ieee_bv(-fpToFP(fp.to_ieee_bv(fpToFPUnsigned(RNE(), Extract(31, 0, v0)))) + fpToFP(Extract(63, 0, v1)))
[149/507] c/op_168
      IDENTICAL_AFTER_NORMALIZE  answer width 32
      x86   : Extract(31, 0, v0)*4294967295 + Extract(31, 0, v1)
      riscv : Extract(31, 0, v0)*4294967295 + Extract(31, 0, v1)
[150/507] c/op_169
      DIFFER                     answer width 64
      x86   : v0*18446744073709551615 + Concat(0, Extract(31, 0, v1))
      riscv : v0*18446744073709551615 + v1
      counterexample: {'arg0': '18446726477228539904'}
[151/507] c/op_170
      DIFFER                     answer width 64
      x86   : v0*18446744073709551615 + Concat(0, Extract(31, 0, v1))
      riscv : v0*18446744073709551615 + v1
      counterexample: {'arg0': '18446743794536677376'}
[152/507] c/op_171
      DIFFER                     answer width 32
      x86   : fp.to_ieee_bv(-fpToFP(Extract(31, 0, v1)) + fpToFP(fp.to_ieee_bv(fpToFP(RNE(), Extract(31, 0, v0)))))
      riscv : fp.to_ieee_bv(-fpToFP(If(Extract(63, 32, v0) == 4294967295, Extract(31, 0, v0), 2143289344)) + fpToFP(fp.to_ieee_bv(fpToFPUnsigned(RNE(), Extract(31, 0, v1)))))
      counterexample: {'arg0': '4294967288', 'arg1': '9766327752522546887', 'fp.to_ieee_bv': '[NaN -> 4288675840, else -> fp.to_ieee_bv(Var(0))]'}
[153/507] c/op_172
      DIFFER                     answer width 64
      x86   : fp.to_ieee_bv(-fpToFP(Extract(63, 0, v1)) + fpToFP(fp.to_ieee_bv(fpToFP(RNE(), Extract(31, 0, v0)))))
      riscv : fp.to_ieee_bv(-fpToFP(Extract(63, 0, v1)) + fpToFP(fp.to_ieee_bv(fpToFPUnsigned(RNE(), Extract(31, 0, v0)))))
      counterexample: {'arg0': '3996133887', 'arg1': '13957110228825768256', 'fp.to_ieee_bv': '[else -> fp.to_ieee_bv(Var(0))]'}
[154/507] c/op_173
      IDENTICAL_AFTER_NORMALIZE  answer width 32
      x86   : Extract(31, 0, v0)*4294967295 + Extract(31, 0, v1)
      riscv : Extract(31, 0, v0)*4294967295 + Extract(31, 0, v1)
[155/507] c/op_174
      IDENTICAL_AFTER_NORMALIZE  answer width 32
      x86   : Extract(31, 0, v0)*Extract(31, 0, v1)
      riscv : Extract(31, 0, v0)*Extract(31, 0, v1)
[156/507] c/op_175
      NotModeled: ASSEMBLY_REFUSED: /tmp/sl1_lifter/body.S:3:5: error: instruction requires the following: 'Zcb' (Compressed basic bit manipulation instructions)
    c.mul a0, a1
    ^
 (line 'c.mul a0, a1')
[157/507] c/op_176
      NotModeled: ASSEMBLY_REFUSED: /tmp/sl1_lifter/body.S:3:5: error: instruction requires the following: 'Zcb' (Compressed basic bit manipulation instructions)
    c.mul a0, a1
    ^
 (line 'c.mul a0, a1')
[158/507] c/op_177
      UNDECIDED                  answer width 32
      x86   : fp.to_ieee_bv(fpToFP(Extract(31, 0, v1)) * fpToFP(fp.to_ieee_bv(fpToFP(RNE(), Extract(31, 0, v0)))))
      riscv : fp.to_ieee_bv(fpToFP(fp.to_ieee_bv(fpToFP(RNE(), Extract(31, 0, v0)))) * fpToFP(If(Extract(63, 32, v1) == 4294967295, Extract(31, 0, v1), 2143289344)))
[159/507] c/op_178
      IDENTICAL_AFTER_NORMALIZE  answer width 64
      x86   : fp.to_ieee_bv(fpToFP(Extract(63, 0, v1)) * fpToFP(fp.to_ieee_bv(fpToFP(RNE(), Extract(31, 0, v0)))))
      riscv : fp.to_ieee_bv(fpToFP(Extract(63, 0, v1)) * fpToFP(fp.to_ieee_bv(fpToFP(RNE(), Extract(31, 0, v0)))))
[160/507] c/op_179
      DIFFER                     answer width 32
      x86   : If(Extract(31, 0, v0) == 0, Extract(31, 0, v0), Extract(31, 0, v1))
      riscv : If(v0 == 0, 0, Extract(31, 0, v1))
      counterexample: {'arg0': '4294967295', 'arg1': '10129710264883347456'}
[161/507] c/op_180
      NotModeled: ASSEMBLY_REFUSED: /tmp/sl1_lifter/body.S:3:5: error: instruction requires the following: 'Zcb' (Compressed basic bit manipulation instructions)
    c.mul a0, a1
    ^
 (line 'c.mul a0, a1')
[162/507] c/op_181
      NotModeled: ASSEMBLY_REFUSED: /tmp/sl1_lifter/body.S:3:5: error: instruction requires the following: 'Zcb' (Compressed basic bit manipulation instructions)
    c.mul a0, a1
    ^
 (line 'c.mul a0, a1')
[163/507] c/op_182
      NotModeled: ASSEMBLY_REFUSED: /tmp/sl1_lifter/body.S:3:5: error: instruction requires the following: 'Zcb' (Compressed basic bit manipulation instructions)
    c.mul a0, a1
    ^
 (line 'c.mul a0, a1')
[164/507] c/op_183
      DIFFER                     answer width 32
      x86   : fp.to_ieee_bv(fpToFP(Extract(31, 0, v0)) * fpToFP(fp.to_ieee_bv(fpToFP(RNE(), v1))))
      riscv : fp.to_ieee_bv(fpToFP(fp.to_ieee_bv(fpToFP(RNE(), v1))) * fpToFP(If(Extract(63, 32, v0) == 4294967295, Extract(31, 0, v0), 2143289344)))
      counterexample: {'arg0': '18446744060285419776', 'arg1': '18446744036669815330', 'fp.to_ieee_bv': '[NaN -> 2140665409, else -> fp.to_ieee_bv(Var(0))]'}
[165/507] c/op_184
      IDENTICAL_AFTER_NORMALIZE  answer width 64
      x86   : fp.to_ieee_bv(fpToFP(Extract(63, 0, v0)) * fpToFP(fp.to_ieee_bv(fpToFP(RNE(), v1))))
      riscv : fp.to_ieee_bv(fpToFP(Extract(63, 0, v0)) * fpToFP(fp.to_ieee_bv(fpToFP(RNE(), v1))))
[166/507] c/op_185
      DIFFER                     answer width 64
      x86   : If(Extract(31, 0, v0) == 0, 0, v1)
      riscv : If(v0 == 0, 0, v1)
      counterexample: {'arg0': '18158513697557839871', 'arg1': '16783445802818207744'}
[167/507] c/op_186
      NotModeled: ASSEMBLY_REFUSED: /tmp/sl1_lifter/body.S:3:5: error: instruction requires the following: 'Zcb' (Compressed basic bit manipulation instructions)
    c.mul a0, a1
    ^
 (line 'c.mul a0, a1')
[168/507] c/op_187
      NotModeled: ASSEMBLY_REFUSED: /tmp/sl1_lifter/body.S:3:5: error: instruction requires the following: 'Zcb' (Compressed basic bit manipulation instructions)
    c.mul a0, a1
    ^
 (line 'c.mul a0, a1')
[169/507] c/op_188
      NotModeled: ASSEMBLY_REFUSED: /tmp/sl1_lifter/body.S:3:5: error: instruction requires the following: 'Zcb' (Compressed basic bit manipulation instructions)
    c.mul a0, a1
    ^
 (line 'c.mul a0, a1')
[170/507] c/op_189
      DIFFER                     answer width 32
      x86   : fp.to_ieee_bv(fpToFP(Extract(31, 0, v0)) * fpToFP(fp.to_ieee_bv(fpToFP(RNE(), v1))))
      riscv : fp.to_ieee_bv(fpToFP(fp.to_ieee_bv(fpToFPUnsigned(RNE(), v1))) * fpToFP(If(Extract(63, 32, v0) == 4294967295, Extract(31, 0, v0), 2143289344)))
      counterexample: {'arg0': '16333054577014210558', 'arg1': '18446744070361254082', 'fp.to_ieee_bv': '[else -> fp.to_ieee_bv(Var(0))]'}
[171/507] c/op_190
      DIFFER                     answer width 64
      x86   : fp.to_ieee_bv(fpToFP(Extract(63, 0, v3)) * fpToFP(fp.to_ieee_bv(fpToFP(fp.to_ieee_bv(-fpToFP(Extract(127, 64, v0)) + fpToFP(Concat(Extract(63, 32, v1), Extract(63, 32, v2))))) + fpToFP(fp.to_ieee_bv(-fpToFP(Extract(63, 0, v0)) + fpToFP(Concat(Extract(31, 0, v1), Extract(31, 0, v2))))))))
      riscv : fp.to_ieee_bv(fpToFP(Extract(63, 0, v0)) * fpToFP(fp.to_ieee_bv(fpToFPUnsigned(RNE(), v1))))
      counterexample: {'arg0': '1896189754', 'arg1': '4414937784737891232', 'ripconst_0': '13830554459949097346', 'ripconst_1': '9372835249488314206', 'fp.to_ieee_bv': '[NaN -> 9218880158462552337, else -> fp.to_ieee_bv(Var(0))]'}
[172/507] c/op_191
      DIFFER                     answer width 64
      x86   : If(Extract(31, 0, v0) == 0, 0, v1)
      riscv : If(v0 == 0, 0, v1)
      counterexample: {'arg1': '170005538698952704', 'arg0': '18446744073709551103'}
[173/507] c/op_192
      UNDECIDED                  answer width 32
      x86   : fp.to_ieee_bv(fpToFP(Extract(31, 0, v1)) * fpToFP(fp.to_ieee_bv(fpToFP(RNE(), Extract(31, 0, v0)))))
      riscv : fp.to_ieee_bv(fpToFP(fp.to_ieee_bv(fpToFP(RNE(), Extract(31, 0, v0)))) * fpToFP(If(Extract(63, 32, v1) == 4294967295, Extract(31, 0, v1), 2143289344)))
[174/507] c/op_193
      UNDECIDED                  answer width 32
      x86   : fp.to_ieee_bv(fpToFP(Extract(31, 0, v0)) * fpToFP(fp.to_ieee_bv(fpToFP(RNE(), v1))))
      riscv : fp.to_ieee_bv(fpToFP(fp.to_ieee_bv(fpToFP(RNE(), v1))) * fpToFP(If(Extract(63, 32, v0) == 4294967295, Extract(31, 0, v0), 2143289344)))
[175/507] c/op_194
      DIFFER                     answer width 32
      x86   : fp.to_ieee_bv(fpToFP(Extract(31, 0, v0)) * fpToFP(fp.to_ieee_bv(fpToFP(RNE(), v1))))
      riscv : fp.to_ieee_bv(fpToFP(fp.to_ieee_bv(fpToFPUnsigned(RNE(), v1))) * fpToFP(If(Extract(63, 32, v0) == 4294967295, Extract(31, 0, v0), 2143289344)))
      counterexample: {'arg1': '17150532186546852437', 'arg0': '18446744070215060742', 'fp.to_ieee_bv': '[else -> fp.to_ieee_bv(Var(0))]'}
[176/507] c/op_195
      DIFFER                     answer width 32
      x86   : fp.to_ieee_bv(fpToFP(Extract(31, 0, v0)) * fpToFP(Extract(31, 0, v1)))
      riscv : fp.to_ieee_bv(fpToFP(If(Extract(63, 32, v0) == 4294967295, Extract(31, 0, v0), 2143289344)) * fpToFP(If(Extract(63, 32, v1) == 4294967295, Extract(31, 0, v1), 2143289344)))
      counterexample: {'arg0': '18446744070510526536', 'arg1': '18444492272991116213', 'fp.to_ieee_bv': '[NaN -> 2141065750, else -> fp.to_ieee_bv(Var(0))]'}
[177/507] c/op_196
      DIFFER                     answer width 64
      x86   : fp.to_ieee_bv(fpToFP(Extract(63, 0, v1)) * fpToFP(fp.to_ieee_bv(fpToFP(RNE(), fpToFP(Extract(31, 0, v0))))))
      riscv : fp.to_ieee_bv(fpToFP(Extract(63, 0, v1)) * fpToFP(fp.to_ieee_bv(fpToFP(RNE(), fpToFP(If(Extract(63, 32, v0) == 4294967295, Extract(31, 0, v0), 2143289344))))))
      counterexample: {'arg0': '2147562047', 'arg1': '4964940277186792256', 'fp.to_ieee_bv': '[NaN -> 9218892901361664140, else -> fp.to_ieee_bv(Var(0))]'}
[178/507] c/op_197
      DIFFER                     answer width 32
      x86   : fp.to_ieee_bv(fpToFP(Extract(31, 0, v1)) * fpToFP(fp.to_ieee_bv(fpToFP(RNE(), Extract(31, 0, v0)))))
      riscv : fp.to_ieee_bv(fpToFP(fp.to_ieee_bv(fpToFPUnsigned(RNE(), Extract(31, 0, v0)))) * fpToFP(If(Extract(63, 32, v1) == 4294967295, Extract(31, 0, v1), 2143289344)))
      counterexample: {'arg1': '4294965759', 'arg0': '18446744069419113214', 'fp.to_ieee_bv': '[else -> fp.to_ieee_bv(Var(0))]'}
[179/507] c/op_198
      IDENTICAL_AFTER_NORMALIZE  answer width 64
      x86   : fp.to_ieee_bv(fpToFP(Extract(63, 0, v1)) * fpToFP(fp.to_ieee_bv(fpToFP(RNE(), Extract(31, 0, v0)))))
      riscv : fp.to_ieee_bv(fpToFP(Extract(63, 0, v1)) * fpToFP(fp.to_ieee_bv(fpToFP(RNE(), Extract(31, 0, v0)))))
[180/507] c/op_199
      IDENTICAL_AFTER_NORMALIZE  answer width 64
      x86   : fp.to_ieee_bv(fpToFP(Extract(63, 0, v0)) * fpToFP(fp.to_ieee_bv(fpToFP(RNE(), v1))))
      riscv : fp.to_ieee_bv(fpToFP(Extract(63, 0, v0)) * fpToFP(fp.to_ieee_bv(fpToFP(RNE(), v1))))
[181/507] c/op_200
      UNDECIDED                  answer width 64
      x86   : fp.to_ieee_bv(fpToFP(Extract(63, 0, v3)) * fpToFP(fp.to_ieee_bv(fpToFP(fp.to_ieee_bv(-fpToFP(Extract(127, 64, v0)) + fpToFP(Concat(Extract(63, 32, v1), Extract(63, 32, v2))))) + fpToFP(fp.to_ieee_bv(-fpToFP(Extract(63, 0, v0)) + fpToFP(Concat(Extract(31, 0, v1), Extract(31, 0, v2))))))))
      riscv : fp.to_ieee_bv(fpToFP(Extract(63, 0, v0)) * fpToFP(fp.to_ieee_bv(fpToFPUnsigned(RNE(), v1))))
[182/507] c/op_201
      DIFFER                     answer width 64
      x86   : fp.to_ieee_bv(fpToFP(Extract(63, 0, v1)) * fpToFP(fp.to_ieee_bv(fpToFP(RNE(), fpToFP(Extract(31, 0, v0))))))
      riscv : fp.to_ieee_bv(fpToFP(Extract(63, 0, v1)) * fpToFP(fp.to_ieee_bv(fpToFP(RNE(), fpToFP(If(Extract(63, 32, v0) == 4294967295, Extract(31, 0, v0), 2143289344))))))
      counterexample: {'arg1': '18445618171655225347', 'arg0': '556899694743126016', 'fp.to_ieee_bv': '[NaN -> 9218868586282483712, else -> fp.to_ieee_bv(Var(0))]'}
[183/507] c/op_202
      IDENTICAL_AFTER_NORMALIZE  answer width 64
      x86   : fp.to_ieee_bv(fpToFP(Extract(63, 0, v0)) * fpToFP(Extract(63, 0, v1)))
      riscv : fp.to_ieee_bv(fpToFP(Extract(63, 0, v0)) * fpToFP(Extract(63, 0, v1)))
[184/507] c/op_203
      UNDECIDED                  answer width 64
      x86   : fp.to_ieee_bv(fpToFP(Extract(63, 0, v1)) * fpToFP(fp.to_ieee_bv(fpToFP(RNE(), Extract(31, 0, v0)))))
      riscv : fp.to_ieee_bv(fpToFP(Extract(63, 0, v1)) * fpToFP(fp.to_ieee_bv(fpToFPUnsigned(RNE(), Extract(31, 0, v0)))))
[185/507] c/op_204
      DIFFER                     answer width 32
      x86   : If(Extract(31, 0, v0) == 0, Extract(31, 0, v0), Extract(31, 0, v1))
      riscv : If(v0 == 0, 0, Extract(31, 0, v1))
      counterexample: {'arg1': '4294967295', 'arg0': '6363193704873721856'}
[186/507] c/op_205
      DIFFER                     answer width 64
      x86   : If(Extract(31, 0, v0) == 0, 0, v1)
      riscv : If(v0 == 0, 0, v1)
      counterexample: {'arg1': '18446744073709551599', 'arg0': '6302873096814592000'}
[187/507] c/op_206
      DIFFER                     answer width 64
      x86   : If(Extract(31, 0, v0) == 0, 0, v1)
      riscv : If(v0 == 0, 0, v1)
      counterexample: {'arg1': '18446744069414584319', 'arg0': '9354945070022787072'}
[188/507] c/op_207
      DIFFER                     answer width 32
      x86   : fp.to_ieee_bv(fpToFP(Extract(31, 0, v1)) * fpToFP(fp.to_ieee_bv(fpToFP(RNE(), Extract(31, 0, v0)))))
      riscv : fp.to_ieee_bv(fpToFP(fp.to_ieee_bv(fpToFPUnsigned(RNE(), Extract(31, 0, v0)))) * fpToFP(If(Extract(63, 32, v1) == 4294967295, Extract(31, 0, v1), 2143289344)))
      counterexample: {'arg0': '2214592384', 'arg1': '18446744071570322850', 'fp.to_ieee_bv': '[else -> fp.to_ieee_bv(Var(0))]'}
[189/507] c/op_208
      UNDECIDED                  answer width 64
      x86   : fp.to_ieee_bv(fpToFP(Extract(63, 0, v1)) * fpToFP(fp.to_ieee_bv(fpToFP(RNE(), Extract(31, 0, v0)))))
      riscv : fp.to_ieee_bv(fpToFP(Extract(63, 0, v1)) * fpToFP(fp.to_ieee_bv(fpToFPUnsigned(RNE(), Extract(31, 0, v0)))))
[190/507] c/op_209
      IDENTICAL_AFTER_NORMALIZE  answer width 32
      x86   : ~(~Extract(31, 0, v0) | ~Extract(31, 0, v1))
      riscv : ~(~Extract(31, 0, v0) | ~Extract(31, 0, v1))
[191/507] c/op_210
      UNDECIDED                  answer width 32
      x86   : Extract(31, 0, bvsdiv_i(Concat(Extract(31, 0, v0) >> 31, Extract(31, 0, v0)), Concat(Extract(31, 31, v1), Extract(31, 31, v1), Extract(31, 31, v1), Extract(31, 31, v1), Extract(31, 31, v1), Extract(31, 31, v1), Extract(31, 31, v1), Extract(31, 31, v1), Extract(31, 31, v1), Extract(31, 31, v1), Extract(31, 31, v1), Extract(31, 31, v1), Extract(31, 31, v1), Extract(31, 31, v1), Extract(31, 31, v1), Extract(31, 31, v1), Extract(31, 31, v1), Extract(31, 31, v1), Extract(31, 31, v1), Extract(31, 31, v1), Extract(31, 31, v1), Extract(31, 31, v1), Extract(31, 31, v1), Extract(31, 31, v1), Extract(31, 31, v1), Extract(31, 31, v1), Extract(31, 31, v1), Extract(31, 31, v1), Extract(31, 31, v1), Extract(31, 31, v1), Extract(31, 31, v1), Extract(31, 31, v1), Extract(31, 0, v1))))
      riscv : If(2147483648 <= If(And(Extract(31, 0, v1) == 0, Extract(31, 31, v1) == 0), 5444517870735015415413993718908291383295, bvsdiv_i(Concat(Extract(31, 31, v0), Extract(31, 31, v0), Extract(31, 31, v0), Extract(31, 31, v0), Extract(31, 31, v0), Extract(31, 31, v0), Extract(31, 31, v0), Extract(31, 31, v0), Extract(31, 31, v0), Extract(31, 31, v0), Extract(31, 31, v0), Extract(31, 31, v0), Extract(31, 31, v0), Extract(31, 31, v0), Extract(31, 31, v0), Extract(31, 31, v0), Extract(31, 31, v0), Extract(31, 31, v0), Extract(31, 31, v0), Extract(31, 31, v0), Extract(31, 31, v0), Extract(31, 31, v0), Extract(31, 31, v0), Extract(31, 31, v0), Extract(31, 31, v0), Extract(31, 31, v0), Extract(31, 31, v0), Extract(31, 31, v0), Extract(31, 31, v0), Extract(31, 31, v0), Extract(31, 31, v0), Extract(31, 31, v0), Extract(31, 31, v0), Extract(31, 31, v0), Extract(31, 31, v0), Extract(31, 31, v0), Extract(31, 31, v0), Extract(31, 31, v0), Extract(31, 31, v0), Extract(31, 31, v0), Extract(31, 31, v0), Extract(31, 31, v0), Extract(31, 31, v0), Extract(31, 31, v0), Extract(31, 31, v0), Extract(31, 31, v0), Extract(31, 31, v0), Extract(31, 31, v0), Extract(31, 31, v0), Extract(31, 31, v0), Extract(31, 31, v0), Extract(31, 31, v0), Extract(31, 31, v0), Extract(31, 31, v0), Extract(31, 31, v0), Extract(31, 31, v0), Extract(31, 31, v0), Extract(31, 31, v0), Extract(31, 31, v0), Extract(31, 31, v0), Extract(31, 31, v0), Extract(31, 31, v0), Extract(31, 31, v0), Extract(31, 31, v0), Extract(31, 31, v0), Extract(31, 31, v0), Extract(31, 31, v0), Extract(31, 31, v0), Extract(31, 31, v0), Extract(31, 31, v0), Extract(31, 31, v0), Extract(31, 31, v0), Extract(31, 31, v0), Extract(31, 31, v0), Extract(31, 31, v0), Extract(31, 31, v0), Extract(31, 31, v0), Extract(31, 31, v0), Extract(31, 31, v0), Extract(31, 31, v0), Extract(31, 31, v0), Extract(31, 31, v0), Extract(31, 31, v0), Extract(31, 31, v0), Extract(31, 31, v0), Extract(31, 31, v0), Extract(31, 31, v0), Extract(31, 31, v0), Extract(31, 31, v0), Extract(31, 31, v0), Extract(31, 31, v0), Extract(31, 31, v0), Extract(31, 31, v0), Extract(31, 31, v0), Extract(31, 31, v0), Extract(31, 31, v0), Extract(31, 31, v0), Extract(31, 31, v0), Extract(31, 31, v0), Extract(31, 31, v0), Extract(31, 0, v0)), Concat(Extract(31, 31, v1), Extract(31, 31, v1), Extract(31, 31, v1), Extract(31, 31, v1), Extract(31, 31, v1), Extract(31, 31, v1), Extract(31, 31, v1), Extract(31, 31, v1), Extract(31, 31, v1), Extract(31, 31, v1), Extract(31, 31, v1), Extract(31, 31, v1), Extract(31, 31, v1), Extract(31, 31, v1), Extract(31, 31, v1), Extract(31, 31, v1), Extract(31, 31, v1), Extract(31, 31, v1), Extract(31, 31, v1), Extract(31, 31, v1), Extract(31, 31, v1), Extract(31, 31, v1), Extract(31, 31, v1), Extract(31, 31, v1), Extract(31, 31, v1), Extract(31, 31, v1), Extract(31, 31, v1), Extract(31, 31, v1), Extract(31, 31, v1), Extract(31, 31, v1), Extract(31, 31, v1), Extract(31, 31, v1), Extract(31, 31, v1), Extract(31, 31, v1), Extract(31, 31, v1), Extract(31, 31, v1), Extract(31, 31, v1), Extract(31, 31, v1), Extract(31, 31, v1), Extract(31, 31, v1), Extract(31, 31, v1), Extract(31, 31, v1), Extract(31, 31, v1), Extract(31, 31, v1), Extract(31, 31, v1), Extract(31, 31, v1), Extract(31, 31, v1), Extract(31, 31, v1), Extract(31, 31, v1), Extract(31, 31, v1), Extract(31, 31, v1), Extract(31, 31, v1), Extract(31, 31, v1), Extract(31, 31, v1), Extract(31, 31, v1), Extract(31, 31, v1), Extract(31, 31, v1), Extract(31, 31, v1), Extract(31, 31, v1), Extract(31, 31, v1), Extract(31, 31, v1), Extract(31, 31, v1), Extract(31, 31, v1), Extract(31, 31, v1), Extract(31, 31, v1), Extract(31, 31, v1), Extract(31, 31, v1), Extract(31, 31, v1), Extract(31, 31, v1), Extract(31, 31, v1), Extract(31, 31, v1), Extract(31, 31, v1), Extract(31, 31, v1), Extract(31, 31, v1), Extract(31, 31, v1), Extract(31, 31, v1), Extract(31, 31, v1), Extract(31, 31, v1), Extract(31, 31, v1), Extract(31, 31, v1), Extract(31, 31, v1), Extract(31, 31, v1), Extract(31, 31, v1), Extract(31, 31, v1), Extract(31, 31, v1), Extract(31, 31, v1), Extract(31, 31, v1), Extract(31, 31, v1), Extract(31, 31, v1), Extract(31, 31, v1), Extract(31, 31, v1), Extract(31, 31, v1), Extract(31, 31, v1), Extract(31, 31, v1), Extract(31, 31, v1), Extract(31, 31, v1), Extract(31, 31, v1), Extract(31, 31, v1), Extract(31, 31, v1), Extract(31, 31, v1), Extract(31, 0, v1)))), 2147483648, If(And(Extract(31, 0, v1) == 0, Extract(31, 31, v1) == 0), 4294967295, Extract(31, 0, bvsdiv_i(Concat(Extract(31, 31, v0), Extract(31, 31, v0), Extract(31, 31, v0), Extract(31, 31, v0), Extract(31, 31, v0), Extract(31, 31, v0), Extract(31, 31, v0), Extract(31, 31, v0), Extract(31, 31, v0), Extract(31, 31, v0), Extract(31, 31, v0), Extract(31, 31, v0), Extract(31, 31, v0), Extract(31, 31, v0), Extract(31, 31, v0), Extract(31, 31, v0), Extract(31, 31, v0), Extract(31, 31, v0), Extract(31, 31, v0), Extract(31, 31, v0), Extract(31, 31, v0), Extract(31, 31, v0), Extract(31, 31, v0), Extract(31, 31, v0), Extract(31, 31, v0), Extract(31, 31, v0), Extract(31, 31, v0), Extract(31, 31, v0), Extract(31, 31, v0), Extract(31, 31, v0), Extract(31, 31, v0), Extract(31, 31, v0), Extract(31, 31, v0), Extract(31, 31, v0), Extract(31, 31, v0), Extract(31, 31, v0), Extract(31, 31, v0), Extract(31, 31, v0), Extract(31, 31, v0), Extract(31, 31, v0), Extract(31, 31, v0), Extract(31, 31, v0), Extract(31, 31, v0), Extract(31, 31, v0), Extract(31, 31, v0), Extract(31, 31, v0), Extract(31, 31, v0), Extract(31, 31, v0), Extract(31, 31, v0), Extract(31, 31, v0), Extract(31, 31, v0), Extract(31, 31, v0), Extract(31, 31, v0), Extract(31, 31, v0), Extract(31, 31, v0), Extract(31, 31, v0), Extract(31, 31, v0), Extract(31, 31, v0), Extract(31, 31, v0), Extract(31, 31, v0), Extract(31, 31, v0), Extract(31, 31, v0), Extract(31, 31, v0), Extract(31, 31, v0), Extract(31, 31, v0), Extract(31, 31, v0), Extract(31, 31, v0), Extract(31, 31, v0), Extract(31, 31, v0), Extract(31, 31, v0), Extract(31, 31, v0), Extract(31, 31, v0), Extract(31, 31, v0), Extract(31, 31, v0), Extract(31, 31, v0), Extract(31, 31, v0), Extract(31, 31, v0), Extract(31, 31, v0), Extract(31, 31, v0), Extract(31, 31, v0), Extract(31, 31, v0), Extract(31, 31, v0), Extract(31, 31, v0), Extract(31, 31, v0), Extract(31, 31, v0), Extract(31, 31, v0), Extract(31, 31, v0), Extract(31, 31, v0), Extract(31, 31, v0), Extract(31, 31, v0), Extract(31, 31, v0), Extract(31, 31, v0), Extract(31, 31, v0), Extract(31, 31, v0), Extract(31, 31, v0), Extract(31, 31, v0), Extract(31, 31, v0), Extract(31, 31, v0), Extract(31, 31, v0), Extract(31, 31, v0), Extract(31, 0, v0)), Concat(Extract(31, 31, v1), Extract(31, 31, v1), Extract(31, 31, v1), Extract(31, 31, v1), Extract(31, 31, v1), Extract(31, 31, v1), Extract(31, 31, v1), Extract(31, 31, v1), Extract(31, 31, v1), Extract(31, 31, v1), Extract(31, 31, v1), Extract(31, 31, v1), Extract(31, 31, v1), Extract(31, 31, v1), Extract(31, 31, v1), Extract(31, 31, v1), Extract(31, 31, v1), Extract(31, 31, v1), Extract(31, 31, v1), Extract(31, 31, v1), Extract(31, 31, v1), Extract(31, 31, v1), Extract(31, 31, v1), Extract(31, 31, v1), Extract(31, 31, v1), Extract(31, 31, v1), Extract(31, 31, v1), Extract(31, 31, v1), Extract(31, 31, v1), Extract(31, 31, v1), Extract(31, 31, v1), Extract(31, 31, v1), Extract(31, 31, v1), Extract(31, 31, v1), Extract(31, 31, v1), Extract(31, 31, v1), Extract(31, 31, v1), Extract(31, 31, v1), Extract(31, 31, v1), Extract(31, 31, v1), Extract(31, 31, v1), Extract(31, 31, v1), Extract(31, 31, v1), Extract(31, 31, v1), Extract(31, 31, v1), Extract(31, 31, v1), Extract(31, 31, v1), Extract(31, 31, v1), Extract(31, 31, v1), Extract(31, 31, v1), Extract(31, 31, v1), Extract(31, 31, v1), Extract(31, 31, v1), Extract(31, 31, v1), Extract(31, 31, v1), Extract(31, 31, v1), Extract(31, 31, v1), Extract(31, 31, v1), Extract(31, 31, v1), Extract(31, 31, v1), Extract(31, 31, v1), Extract(31, 31, v1), Extract(31, 31, v1), Extract(31, 31, v1), Extract(31, 31, v1), Extract(31, 31, v1), Extract(31, 31, v1), Extract(31, 31, v1), Extract(31, 31, v1), Extract(31, 31, v1), Extract(31, 31, v1), Extract(31, 31, v1), Extract(31, 31, v1), Extract(31, 31, v1), Extract(31, 31, v1), Extract(31, 31, v1), Extract(31, 31, v1), Extract(31, 31, v1), Extract(31, 31, v1), Extract(31, 31, v1), Extract(31, 31, v1), Extract(31, 31, v1), Extract(31, 31, v1), Extract(31, 31, v1), Extract(31, 31, v1), Extract(31, 31, v1), Extract(31, 31, v1), Extract(31, 31, v1), Extract(31, 31, v1), Extract(31, 31, v1), Extract(31, 31, v1), Extract(31, 31, v1), Extract(31, 31, v1), Extract(31, 31, v1), Extract(31, 31, v1), Extract(31, 31, v1), Extract(31, 31, v1), Extract(31, 31, v1), Extract(31, 31, v1), Extract(31, 31, v1), Extract(31, 0, v1))))))
[192/507] c/op_211
      DIFFER                     answer width 64
      x86   : Extract(63, 0, bvsdiv_i(Concat(Concat(Extract(31, 31, v0), Extract(31, 31, v0), Extract(31, 31, v0), Extract(31, 31, v0), Extract(31, 31, v0), Extract(31, 31, v0), Extract(31, 31, v0), Extract(31, 31, v0), Extract(31, 31, v0), Extract(31, 31, v0), Extract(31, 31, v0), Extract(31, 31, v0), Extract(31, 31, v0), Extract(31, 31, v0), Extract(31, 31, v0), Extract(31, 31, v0), Extract(31, 31, v0), Extract(31, 31, v0), Extract(31, 31, v0), Extract(31, 31, v0), Extract(31, 31, v0), Extract(31, 31, v0), Extract(31, 31, v0), Extract(31, 31, v0), Extract(31, 31, v0), Extract(31, 31, v0), Extract(31, 31, v0), Extract(31, 31, v0), Extract(31, 31, v0), Extract(31, 31, v0), Extract(31, 31, v0), Extract(31, 31, v0), Extract(31, 0, v0)) >> 63, Extract(31, 31, v0), Extract(31, 31, v0), Extract(31, 31, v0), Extract(31, 31, v0), Extract(31, 31, v0), Extract(31, 31, v0), Extract(31, 31, v0), Extract(31, 31, v0), Extract(31, 31, v0), Extract(31, 31, v0), Extract(31, 31, v0), Extract(31, 31, v0), Extract(31, 31, v0), Extract(31, 31, v0), Extract(31, 31, v0), Extract(31, 31, v0), Extract(31, 31, v0), Extract(31, 31, v0), Extract(31, 31, v0), Extract(31, 31, v0), Extract(31, 31, v0), Extract(31, 31, v0), Extract(31, 31, v0), Extract(31, 31, v0), Extract(31, 31, v0), Extract(31, 31, v0), Extract(31, 31, v0), Extract(31, 31, v0), Extract(31, 31, v0), Extract(31, 31, v0), Extract(31, 31, v0), Extract(31, 31, v0), Extract(31, 0, v0)), Concat(Extract(63, 63, v1), Extract(63, 63, v1), Extract(63, 63, v1), Extract(63, 63, v1), Extract(63, 63, v1), Extract(63, 63, v1), Extract(63, 63, v1), Extract(63, 63, v1), Extract(63, 63, v1), Extract(63, 63, v1), Extract(63, 63, v1), Extract(63, 63, v1), Extract(63, 63, v1), Extract(63, 63, v1), Extract(63, 63, v1), Extract(63, 63, v1), Extract(63, 63, v1), Extract(63, 63, v1), Extract(63, 63, v1), Extract(63, 63, v1), Extract(63, 63, v1), Extract(63, 63, v1), Extract(63, 63, v1), Extract(63, 63, v1), Extract(63, 63, v1), Extract(63, 63, v1), Extract(63, 63, v1), Extract(63, 63, v1), Extract(63, 63, v1), Extract(63, 63, v1), Extract(63, 63, v1), Extract(63, 63, v1), Extract(63, 63, v1), Extract(63, 63, v1), Extract(63, 63, v1), Extract(63, 63, v1), Extract(63, 63, v1), Extract(63, 63, v1), Extract(63, 63, v1), Extract(63, 63, v1), Extract(63, 63, v1), Extract(63, 63, v1), Extract(63, 63, v1), Extract(63, 63, v1), Extract(63, 63, v1), Extract(63, 63, v1), Extract(63, 63, v1), Extract(63, 63, v1), Extract(63, 63, v1), Extract(63, 63, v1), Extract(63, 63, v1), Extract(63, 63, v1), Extract(63, 63, v1), Extract(63, 63, v1), Extract(63, 63, v1), Extract(63, 63, v1), Extract(63, 63, v1), Extract(63, 63, v1), Extract(63, 63, v1), Extract(63, 63, v1), Extract(63, 63, v1), Extract(63, 63, v1), Extract(63, 63, v1), Extract(63, 63, v1), v1)))
      riscv : If(9223372036854775808 <= If(And(Extract(63, 63, v1) == 0, v1 == 0), 5444517870735015415413993718908291383295, bvsdiv_i(Concat(Extract(63, 63, v0), Extract(63, 63, v0), Extract(63, 63, v0), Extract(63, 63, v0), Extract(63, 63, v0), Extract(63, 63, v0), Extract(63, 63, v0), Extract(63, 63, v0), Extract(63, 63, v0), Extract(63, 63, v0), Extract(63, 63, v0), Extract(63, 63, v0), Extract(63, 63, v0), Extract(63, 63, v0), Extract(63, 63, v0), Extract(63, 63, v0), Extract(63, 63, v0), Extract(63, 63, v0), Extract(63, 63, v0), Extract(63, 63, v0), Extract(63, 63, v0), Extract(63, 63, v0), Extract(63, 63, v0), Extract(63, 63, v0), Extract(63, 63, v0), Extract(63, 63, v0), Extract(63, 63, v0), Extract(63, 63, v0), Extract(63, 63, v0), Extract(63, 63, v0), Extract(63, 63, v0), Extract(63, 63, v0), Extract(63, 63, v0), Extract(63, 63, v0), Extract(63, 63, v0), Extract(63, 63, v0), Extract(63, 63, v0), Extract(63, 63, v0), Extract(63, 63, v0), Extract(63, 63, v0), Extract(63, 63, v0), Extract(63, 63, v0), Extract(63, 63, v0), Extract(63, 63, v0), Extract(63, 63, v0), Extract(63, 63, v0), Extract(63, 63, v0), Extract(63, 63, v0), Extract(63, 63, v0), Extract(63, 63, v0), Extract(63, 63, v0), Extract(63, 63, v0), Extract(63, 63, v0), Extract(63, 63, v0), Extract(63, 63, v0), Extract(63, 63, v0), Extract(63, 63, v0), Extract(63, 63, v0), Extract(63, 63, v0), Extract(63, 63, v0), Extract(63, 63, v0), Extract(63, 63, v0), Extract(63, 63, v0), Extract(63, 63, v0), Extract(63, 63, v0), Extract(63, 63, v0), Extract(63, 63, v0), Extract(63, 63, v0), v0), Concat(Extract(63, 63, v1), Extract(63, 63, v1), Extract(63, 63, v1), Extract(63, 63, v1), Extract(63, 63, v1), Extract(63, 63, v1), Extract(63, 63, v1), Extract(63, 63, v1), Extract(63, 63, v1), Extract(63, 63, v1), Extract(63, 63, v1), Extract(63, 63, v1), Extract(63, 63, v1), Extract(63, 63, v1), Extract(63, 63, v1), Extract(63, 63, v1), Extract(63, 63, v1), Extract(63, 63, v1), Extract(63, 63, v1), Extract(63, 63, v1), Extract(63, 63, v1), Extract(63, 63, v1), Extract(63, 63, v1), Extract(63, 63, v1), Extract(63, 63, v1), Extract(63, 63, v1), Extract(63, 63, v1), Extract(63, 63, v1), Extract(63, 63, v1), Extract(63, 63, v1), Extract(63, 63, v1), Extract(63, 63, v1), Extract(63, 63, v1), Extract(63, 63, v1), Extract(63, 63, v1), Extract(63, 63, v1), Extract(63, 63, v1), Extract(63, 63, v1), Extract(63, 63, v1), Extract(63, 63, v1), Extract(63, 63, v1), Extract(63, 63, v1), Extract(63, 63, v1), Extract(63, 63, v1), Extract(63, 63, v1), Extract(63, 63, v1), Extract(63, 63, v1), Extract(63, 63, v1), Extract(63, 63, v1), Extract(63, 63, v1), Extract(63, 63, v1), Extract(63, 63, v1), Extract(63, 63, v1), Extract(63, 63, v1), Extract(63, 63, v1), Extract(63, 63, v1), Extract(63, 63, v1), Extract(63, 63, v1), Extract(63, 63, v1), Extract(63, 63, v1), Extract(63, 63, v1), Extract(63, 63, v1), Extract(63, 63, v1), Extract(63, 63, v1), Extract(63, 63, v1), Extract(63, 63, v1), Extract(63, 63, v1), Extract(63, 63, v1), v1))), 9223372036854775808, If(And(Extract(63, 63, v1) == 0, v1 == 0), 18446744073709551615, Extract(63, 0, bvsdiv_i(Concat(Extract(63, 63, v0), Extract(63, 63, v0), Extract(63, 63, v0), Extract(63, 63, v0), Extract(63, 63, v0), Extract(63, 63, v0), Extract(63, 63, v0), Extract(63, 63, v0), Extract(63, 63, v0), Extract(63, 63, v0), Extract(63, 63, v0), Extract(63, 63, v0), Extract(63, 63, v0), Extract(63, 63, v0), Extract(63, 63, v0), Extract(63, 63, v0), Extract(63, 63, v0), Extract(63, 63, v0), Extract(63, 63, v0), Extract(63, 63, v0), Extract(63, 63, v0), Extract(63, 63, v0), Extract(63, 63, v0), Extract(63, 63, v0), Extract(63, 63, v0), Extract(63, 63, v0), Extract(63, 63, v0), Extract(63, 63, v0), Extract(63, 63, v0), Extract(63, 63, v0), Extract(63, 63, v0), Extract(63, 63, v0), Extract(63, 63, v0), Extract(63, 63, v0), Extract(63, 63, v0), Extract(63, 63, v0), Extract(63, 63, v0), Extract(63, 63, v0), Extract(63, 63, v0), Extract(63, 63, v0), Extract(63, 63, v0), Extract(63, 63, v0), Extract(63, 63, v0), Extract(63, 63, v0), Extract(63, 63, v0), Extract(63, 63, v0), Extract(63, 63, v0), Extract(63, 63, v0), Extract(63, 63, v0), Extract(63, 63, v0), Extract(63, 63, v0), Extract(63, 63, v0), Extract(63, 63, v0), Extract(63, 63, v0), Extract(63, 63, v0), Extract(63, 63, v0), Extract(63, 63, v0), Extract(63, 63, v0), Extract(63, 63, v0), Extract(63, 63, v0), Extract(63, 63, v0), Extract(63, 63, v0), Extract(63, 63, v0), Extract(63, 63, v0), Extract(63, 63, v0), Extract(63, 63, v0), Extract(63, 63, v0), Extract(63, 63, v0), v0), Concat(Extract(63, 63, v1), Extract(63, 63, v1), Extract(63, 63, v1), Extract(63, 63, v1), Extract(63, 63, v1), Extract(63, 63, v1), Extract(63, 63, v1), Extract(63, 63, v1), Extract(63, 63, v1), Extract(63, 63, v1), Extract(63, 63, v1), Extract(63, 63, v1), Extract(63, 63, v1), Extract(63, 63, v1), Extract(63, 63, v1), Extract(63, 63, v1), Extract(63, 63, v1), Extract(63, 63, v1), Extract(63, 63, v1), Extract(63, 63, v1), Extract(63, 63, v1), Extract(63, 63, v1), Extract(63, 63, v1), Extract(63, 63, v1), Extract(63, 63, v1), Extract(63, 63, v1), Extract(63, 63, v1), Extract(63, 63, v1), Extract(63, 63, v1), Extract(63, 63, v1), Extract(63, 63, v1), Extract(63, 63, v1), Extract(63, 63, v1), Extract(63, 63, v1), Extract(63, 63, v1), Extract(63, 63, v1), Extract(63, 63, v1), Extract(63, 63, v1), Extract(63, 63, v1), Extract(63, 63, v1), Extract(63, 63, v1), Extract(63, 63, v1), Extract(63, 63, v1), Extract(63, 63, v1), Extract(63, 63, v1), Extract(63, 63, v1), Extract(63, 63, v1), Extract(63, 63, v1), Extract(63, 63, v1), Extract(63, 63, v1), Extract(63, 63, v1), Extract(63, 63, v1), Extract(63, 63, v1), Extract(63, 63, v1), Extract(63, 63, v1), Extract(63, 63, v1), Extract(63, 63, v1), Extract(63, 63, v1), Extract(63, 63, v1), Extract(63, 63, v1), Extract(63, 63, v1), Extract(63, 63, v1), Extract(63, 63, v1), Extract(63, 63, v1), Extract(63, 63, v1), Extract(63, 63, v1), Extract(63, 63, v1), Extract(63, 63, v1), v1)))))
      counterexample: {'arg1': '9223372036854775808', 'arg0': '9223372036854775808'}
[193/507] c/op_212
      DIFFER                     answer width 64
      x86   : Extract(63, 0, bvudiv_i(Concat(0, Extract(31, 31, v0), Extract(31, 31, v0), Extract(31, 31, v0), Extract(31, 31, v0), Extract(31, 31, v0), Extract(31, 31, v0), Extract(31, 31, v0), Extract(31, 31, v0), Extract(31, 31, v0), Extract(31, 31, v0), Extract(31, 31, v0), Extract(31, 31, v0), Extract(31, 31, v0), Extract(31, 31, v0), Extract(31, 31, v0), Extract(31, 31, v0), Extract(31, 31, v0), Extract(31, 31, v0), Extract(31, 31, v0), Extract(31, 31, v0), Extract(31, 31, v0), Extract(31, 31, v0), Extract(31, 31, v0), Extract(31, 31, v0), Extract(31, 31, v0), Extract(31, 31, v0), Extract(31, 31, v0), Extract(31, 31, v0), Extract(31, 31, v0), Extract(31, 31, v0), Extract(31, 31, v0), Extract(31, 31, v0), Extract(31, 0, v0)), Concat(0, v1)))
      riscv : If(v0 == 0, 18446744073709551615, Extract(63, 0, bvsdiv_i(Concat(0, v1), Concat(0, v0))))
      counterexample: {'arg1': '9223372036854775808', 'arg0': '9223372036854775807'}
[194/507] c/op_213
      UNDECIDED                  answer width 32
      x86   : fp.to_ieee_bv(fpToFP(fp.to_ieee_bv(fpToFP(RNE(), Extract(31, 0, v0)))) / fpToFP(Extract(31, 0, v1)))
      riscv : fp.to_ieee_bv(fpToFP(fp.to_ieee_bv(fpToFP(RNE(), Extract(31, 0, v0)))) / fpToFP(If(Extract(63, 32, v1) == 4294967295, Extract(31, 0, v1), 2143289344)))
[195/507] c/op_214
      IDENTICAL_AFTER_NORMALIZE  answer width 64
      x86   : fp.to_ieee_bv(fpToFP(fp.to_ieee_bv(fpToFP(RNE(), Extract(31, 0, v0)))) / fpToFP(Extract(63, 0, v1)))
      riscv : fp.to_ieee_bv(fpToFP(fp.to_ieee_bv(fpToFP(RNE(), Extract(31, 0, v0)))) / fpToFP(Extract(63, 0, v1)))
[196/507] c/op_215
      IDENTICAL_AFTER_NORMALIZE  answer width 32
      x86   : Extract(31, 0, v0)
      riscv : Extract(31, 0, v0)
[197/507] c/op_216
      DIFFER                     answer width 64
      x86   : Extract(63, 0, bvsdiv_i(Concat(v0 >> 63, v0), Concat(Extract(31, 31, v1), Extract(31, 31, v1), Extract(31, 31, v1), Extract(31, 31, v1), Extract(31, 31, v1), Extract(31, 31, v1), Extract(31, 31, v1), Extract(31, 31, v1), Extract(31, 31, v1), Extract(31, 31, v1), Extract(31, 31, v1), Extract(31, 31, v1), Extract(31, 31, v1), Extract(31, 31, v1), Extract(31, 31, v1), Extract(31, 31, v1), Extract(31, 31, v1), Extract(31, 31, v1), Extract(31, 31, v1), Extract(31, 31, v1), Extract(31, 31, v1), Extract(31, 31, v1), Extract(31, 31, v1), Extract(31, 31, v1), Extract(31, 31, v1), Extract(31, 31, v1), Extract(31, 31, v1), Extract(31, 31, v1), Extract(31, 31, v1), Extract(31, 31, v1), Extract(31, 31, v1), Extract(31, 31, v1), Extract(31, 31, v1), Extract(31, 31, v1), Extract(31, 31, v1), Extract(31, 31, v1), Extract(31, 31, v1), Extract(31, 31, v1), Extract(31, 31, v1), Extract(31, 31, v1), Extract(31, 31, v1), Extract(31, 31, v1), Extract(31, 31, v1), Extract(31, 31, v1), Extract(31, 31, v1), Extract(31, 31, v1), Extract(31, 31, v1), Extract(31, 31, v1), Extract(31, 31, v1), Extract(31, 31, v1), Extract(31, 31, v1), Extract(31, 31, v1), Extract(31, 31, v1), Extract(31, 31, v1), Extract(31, 31, v1), Extract(31, 31, v1), Extract(31, 31, v1), Extract(31, 31, v1), Extract(31, 31, v1), Extract(31, 31, v1), Extract(31, 31, v1), Extract(31, 31, v1), Extract(31, 31, v1), Extract(31, 31, v1), Extract(31, 31, v1), Extract(31, 31, v1), Extract(31, 31, v1), Extract(31, 31, v1), Extract(31, 31, v1), Extract(31, 31, v1), Extract(31, 31, v1), Extract(31, 31, v1), Extract(31, 31, v1), Extract(31, 31, v1), Extract(31, 31, v1), Extract(31, 31, v1), Extract(31, 31, v1), Extract(31, 31, v1), Extract(31, 31, v1), Extract(31, 31, v1), Extract(31, 31, v1), Extract(31, 31, v1), Extract(31, 31, v1), Extract(31, 31, v1), Extract(31, 31, v1), Extract(31, 31, v1), Extract(31, 31, v1), Extract(31, 31, v1), Extract(31, 31, v1), Extract(31, 31, v1), Extract(31, 31, v1), Extract(31, 31, v1), Extract(31, 31, v1), Extract(31, 31, v1), Extract(31, 31, v1), Extract(31, 31, v1), Extract(31, 0, v1))))
      riscv : If(9223372036854775808 <= If(And(Extract(63, 63, v1) == 0, v1 == 0), 5444517870735015415413993718908291383295, bvsdiv_i(Concat(Extract(63, 63, v0), Extract(63, 63, v0), Extract(63, 63, v0), Extract(63, 63, v0), Extract(63, 63, v0), Extract(63, 63, v0), Extract(63, 63, v0), Extract(63, 63, v0), Extract(63, 63, v0), Extract(63, 63, v0), Extract(63, 63, v0), Extract(63, 63, v0), Extract(63, 63, v0), Extract(63, 63, v0), Extract(63, 63, v0), Extract(63, 63, v0), Extract(63, 63, v0), Extract(63, 63, v0), Extract(63, 63, v0), Extract(63, 63, v0), Extract(63, 63, v0), Extract(63, 63, v0), Extract(63, 63, v0), Extract(63, 63, v0), Extract(63, 63, v0), Extract(63, 63, v0), Extract(63, 63, v0), Extract(63, 63, v0), Extract(63, 63, v0), Extract(63, 63, v0), Extract(63, 63, v0), Extract(63, 63, v0), Extract(63, 63, v0), Extract(63, 63, v0), Extract(63, 63, v0), Extract(63, 63, v0), Extract(63, 63, v0), Extract(63, 63, v0), Extract(63, 63, v0), Extract(63, 63, v0), Extract(63, 63, v0), Extract(63, 63, v0), Extract(63, 63, v0), Extract(63, 63, v0), Extract(63, 63, v0), Extract(63, 63, v0), Extract(63, 63, v0), Extract(63, 63, v0), Extract(63, 63, v0), Extract(63, 63, v0), Extract(63, 63, v0), Extract(63, 63, v0), Extract(63, 63, v0), Extract(63, 63, v0), Extract(63, 63, v0), Extract(63, 63, v0), Extract(63, 63, v0), Extract(63, 63, v0), Extract(63, 63, v0), Extract(63, 63, v0), Extract(63, 63, v0), Extract(63, 63, v0), Extract(63, 63, v0), Extract(63, 63, v0), Extract(63, 63, v0), Extract(63, 63, v0), Extract(63, 63, v0), Extract(63, 63, v0), v0), Concat(Extract(63, 63, v1), Extract(63, 63, v1), Extract(63, 63, v1), Extract(63, 63, v1), Extract(63, 63, v1), Extract(63, 63, v1), Extract(63, 63, v1), Extract(63, 63, v1), Extract(63, 63, v1), Extract(63, 63, v1), Extract(63, 63, v1), Extract(63, 63, v1), Extract(63, 63, v1), Extract(63, 63, v1), Extract(63, 63, v1), Extract(63, 63, v1), Extract(63, 63, v1), Extract(63, 63, v1), Extract(63, 63, v1), Extract(63, 63, v1), Extract(63, 63, v1), Extract(63, 63, v1), Extract(63, 63, v1), Extract(63, 63, v1), Extract(63, 63, v1), Extract(63, 63, v1), Extract(63, 63, v1), Extract(63, 63, v1), Extract(63, 63, v1), Extract(63, 63, v1), Extract(63, 63, v1), Extract(63, 63, v1), Extract(63, 63, v1), Extract(63, 63, v1), Extract(63, 63, v1), Extract(63, 63, v1), Extract(63, 63, v1), Extract(63, 63, v1), Extract(63, 63, v1), Extract(63, 63, v1), Extract(63, 63, v1), Extract(63, 63, v1), Extract(63, 63, v1), Extract(63, 63, v1), Extract(63, 63, v1), Extract(63, 63, v1), Extract(63, 63, v1), Extract(63, 63, v1), Extract(63, 63, v1), Extract(63, 63, v1), Extract(63, 63, v1), Extract(63, 63, v1), Extract(63, 63, v1), Extract(63, 63, v1), Extract(63, 63, v1), Extract(63, 63, v1), Extract(63, 63, v1), Extract(63, 63, v1), Extract(63, 63, v1), Extract(63, 63, v1), Extract(63, 63, v1), Extract(63, 63, v1), Extract(63, 63, v1), Extract(63, 63, v1), Extract(63, 63, v1), Extract(63, 63, v1), Extract(63, 63, v1), Extract(63, 63, v1), v1))), 9223372036854775808, If(And(Extract(63, 63, v1) == 0, v1 == 0), 18446744073709551615, Extract(63, 0, bvsdiv_i(Concat(Extract(63, 63, v0), Extract(63, 63, v0), Extract(63, 63, v0), Extract(63, 63, v0), Extract(63, 63, v0), Extract(63, 63, v0), Extract(63, 63, v0), Extract(63, 63, v0), Extract(63, 63, v0), Extract(63, 63, v0), Extract(63, 63, v0), Extract(63, 63, v0), Extract(63, 63, v0), Extract(63, 63, v0), Extract(63, 63, v0), Extract(63, 63, v0), Extract(63, 63, v0), Extract(63, 63, v0), Extract(63, 63, v0), Extract(63, 63, v0), Extract(63, 63, v0), Extract(63, 63, v0), Extract(63, 63, v0), Extract(63, 63, v0), Extract(63, 63, v0), Extract(63, 63, v0), Extract(63, 63, v0), Extract(63, 63, v0), Extract(63, 63, v0), Extract(63, 63, v0), Extract(63, 63, v0), Extract(63, 63, v0), Extract(63, 63, v0), Extract(63, 63, v0), Extract(63, 63, v0), Extract(63, 63, v0), Extract(63, 63, v0), Extract(63, 63, v0), Extract(63, 63, v0), Extract(63, 63, v0), Extract(63, 63, v0), Extract(63, 63, v0), Extract(63, 63, v0), Extract(63, 63, v0), Extract(63, 63, v0), Extract(63, 63, v0), Extract(63, 63, v0), Extract(63, 63, v0), Extract(63, 63, v0), Extract(63, 63, v0), Extract(63, 63, v0), Extract(63, 63, v0), Extract(63, 63, v0), Extract(63, 63, v0), Extract(63, 63, v0), Extract(63, 63, v0), Extract(63, 63, v0), Extract(63, 63, v0), Extract(63, 63, v0), Extract(63, 63, v0), Extract(63, 63, v0), Extract(63, 63, v0), Extract(63, 63, v0), Extract(63, 63, v0), Extract(63, 63, v0), Extract(63, 63, v0), Extract(63, 63, v0), Extract(63, 63, v0), v0), Concat(Extract(63, 63, v1), Extract(63, 63, v1), Extract(63, 63, v1), Extract(63, 63, v1), Extract(63, 63, v1), Extract(63, 63, v1), Extract(63, 63, v1), Extract(63, 63, v1), Extract(63, 63, v1), Extract(63, 63, v1), Extract(63, 63, v1), Extract(63, 63, v1), Extract(63, 63, v1), Extract(63, 63, v1), Extract(63, 63, v1), Extract(63, 63, v1), Extract(63, 63, v1), Extract(63, 63, v1), Extract(63, 63, v1), Extract(63, 63, v1), Extract(63, 63, v1), Extract(63, 63, v1), Extract(63, 63, v1), Extract(63, 63, v1), Extract(63, 63, v1), Extract(63, 63, v1), Extract(63, 63, v1), Extract(63, 63, v1), Extract(63, 63, v1), Extract(63, 63, v1), Extract(63, 63, v1), Extract(63, 63, v1), Extract(63, 63, v1), Extract(63, 63, v1), Extract(63, 63, v1), Extract(63, 63, v1), Extract(63, 63, v1), Extract(63, 63, v1), Extract(63, 63, v1), Extract(63, 63, v1), Extract(63, 63, v1), Extract(63, 63, v1), Extract(63, 63, v1), Extract(63, 63, v1), Extract(63, 63, v1), Extract(63, 63, v1), Extract(63, 63, v1), Extract(63, 63, v1), Extract(63, 63, v1), Extract(63, 63, v1), Extract(63, 63, v1), Extract(63, 63, v1), Extract(63, 63, v1), Extract(63, 63, v1), Extract(63, 63, v1), Extract(63, 63, v1), Extract(63, 63, v1), Extract(63, 63, v1), Extract(63, 63, v1), Extract(63, 63, v1), Extract(63, 63, v1), Extract(63, 63, v1), Extract(63, 63, v1), Extract(63, 63, v1), Extract(63, 63, v1), Extract(63, 63, v1), Extract(63, 63, v1), Extract(63, 63, v1), v1)))))
      counterexample: {'arg1': '18302628885633695744', 'arg0': '0'}
[198/507] c/op_217
      UNDECIDED                  answer width 64
      x86   : Extract(63, 0, bvsdiv_i(Concat(v0 >> 63, v0), Concat(Extract(63, 63, v1), Extract(63, 63, v1), Extract(63, 63, v1), Extract(63, 63, v1), Extract(63, 63, v1), Extract(63, 63, v1), Extract(63, 63, v1), Extract(63, 63, v1), Extract(63, 63, v1), Extract(63, 63, v1), Extract(63, 63, v1), Extract(63, 63, v1), Extract(63, 63, v1), Extract(63, 63, v1), Extract(63, 63, v1), Extract(63, 63, v1), Extract(63, 63, v1), Extract(63, 63, v1), Extract(63, 63, v1), Extract(63, 63, v1), Extract(63, 63, v1), Extract(63, 63, v1), Extract(63, 63, v1), Extract(63, 63, v1), Extract(63, 63, v1), Extract(63, 63, v1), Extract(63, 63, v1), Extract(63, 63, v1), Extract(63, 63, v1), Extract(63, 63, v1), Extract(63, 63, v1), Extract(63, 63, v1), Extract(63, 63, v1), Extract(63, 63, v1), Extract(63, 63, v1), Extract(63, 63, v1), Extract(63, 63, v1), Extract(63, 63, v1), Extract(63, 63, v1), Extract(63, 63, v1), Extract(63, 63, v1), Extract(63, 63, v1), Extract(63, 63, v1), Extract(63, 63, v1), Extract(63, 63, v1), Extract(63, 63, v1), Extract(63, 63, v1), Extract(63, 63, v1), Extract(63, 63, v1), Extract(63, 63, v1), Extract(63, 63, v1), Extract(63, 63, v1), Extract(63, 63, v1), Extract(63, 63, v1), Extract(63, 63, v1), Extract(63, 63, v1), Extract(63, 63, v1), Extract(63, 63, v1), Extract(63, 63, v1), Extract(63, 63, v1), Extract(63, 63, v1), Extract(63, 63, v1), Extract(63, 63, v1), Extract(63, 63, v1), v1)))
      riscv : If(9223372036854775808 <= If(And(Extract(63, 63, v1) == 0, v1 == 0), 5444517870735015415413993718908291383295, bvsdiv_i(Concat(Extract(63, 63, v0), Extract(63, 63, v0), Extract(63, 63, v0), Extract(63, 63, v0), Extract(63, 63, v0), Extract(63, 63, v0), Extract(63, 63, v0), Extract(63, 63, v0), Extract(63, 63, v0), Extract(63, 63, v0), Extract(63, 63, v0), Extract(63, 63, v0), Extract(63, 63, v0), Extract(63, 63, v0), Extract(63, 63, v0), Extract(63, 63, v0), Extract(63, 63, v0), Extract(63, 63, v0), Extract(63, 63, v0), Extract(63, 63, v0), Extract(63, 63, v0), Extract(63, 63, v0), Extract(63, 63, v0), Extract(63, 63, v0), Extract(63, 63, v0), Extract(63, 63, v0), Extract(63, 63, v0), Extract(63, 63, v0), Extract(63, 63, v0), Extract(63, 63, v0), Extract(63, 63, v0), Extract(63, 63, v0), Extract(63, 63, v0), Extract(63, 63, v0), Extract(63, 63, v0), Extract(63, 63, v0), Extract(63, 63, v0), Extract(63, 63, v0), Extract(63, 63, v0), Extract(63, 63, v0), Extract(63, 63, v0), Extract(63, 63, v0), Extract(63, 63, v0), Extract(63, 63, v0), Extract(63, 63, v0), Extract(63, 63, v0), Extract(63, 63, v0), Extract(63, 63, v0), Extract(63, 63, v0), Extract(63, 63, v0), Extract(63, 63, v0), Extract(63, 63, v0), Extract(63, 63, v0), Extract(63, 63, v0), Extract(63, 63, v0), Extract(63, 63, v0), Extract(63, 63, v0), Extract(63, 63, v0), Extract(63, 63, v0), Extract(63, 63, v0), Extract(63, 63, v0), Extract(63, 63, v0), Extract(63, 63, v0), Extract(63, 63, v0), Extract(63, 63, v0), Extract(63, 63, v0), Extract(63, 63, v0), Extract(63, 63, v0), v0), Concat(Extract(63, 63, v1), Extract(63, 63, v1), Extract(63, 63, v1), Extract(63, 63, v1), Extract(63, 63, v1), Extract(63, 63, v1), Extract(63, 63, v1), Extract(63, 63, v1), Extract(63, 63, v1), Extract(63, 63, v1), Extract(63, 63, v1), Extract(63, 63, v1), Extract(63, 63, v1), Extract(63, 63, v1), Extract(63, 63, v1), Extract(63, 63, v1), Extract(63, 63, v1), Extract(63, 63, v1), Extract(63, 63, v1), Extract(63, 63, v1), Extract(63, 63, v1), Extract(63, 63, v1), Extract(63, 63, v1), Extract(63, 63, v1), Extract(63, 63, v1), Extract(63, 63, v1), Extract(63, 63, v1), Extract(63, 63, v1), Extract(63, 63, v1), Extract(63, 63, v1), Extract(63, 63, v1), Extract(63, 63, v1), Extract(63, 63, v1), Extract(63, 63, v1), Extract(63, 63, v1), Extract(63, 63, v1), Extract(63, 63, v1), Extract(63, 63, v1), Extract(63, 63, v1), Extract(63, 63, v1), Extract(63, 63, v1), Extract(63, 63, v1), Extract(63, 63, v1), Extract(63, 63, v1), Extract(63, 63, v1), Extract(63, 63, v1), Extract(63, 63, v1), Extract(63, 63, v1), Extract(63, 63, v1), Extract(63, 63, v1), Extract(63, 63, v1), Extract(63, 63, v1), Extract(63, 63, v1), Extract(63, 63, v1), Extract(63, 63, v1), Extract(63, 63, v1), Extract(63, 63, v1), Extract(63, 63, v1), Extract(63, 63, v1), Extract(63, 63, v1), Extract(63, 63, v1), Extract(63, 63, v1), Extract(63, 63, v1), Extract(63, 63, v1), Extract(63, 63, v1), Extract(63, 63, v1), Extract(63, 63, v1), Extract(63, 63, v1), v1))), 9223372036854775808, If(And(Extract(63, 63, v1) == 0, v1 == 0), 18446744073709551615, Extract(63, 0, bvsdiv_i(Concat(Extract(63, 63, v0), Extract(63, 63, v0), Extract(63, 63, v0), Extract(63, 63, v0), Extract(63, 63, v0), Extract(63, 63, v0), Extract(63, 63, v0), Extract(63, 63, v0), Extract(63, 63, v0), Extract(63, 63, v0), Extract(63, 63, v0), Extract(63, 63, v0), Extract(63, 63, v0), Extract(63, 63, v0), Extract(63, 63, v0), Extract(63, 63, v0), Extract(63, 63, v0), Extract(63, 63, v0), Extract(63, 63, v0), Extract(63, 63, v0), Extract(63, 63, v0), Extract(63, 63, v0), Extract(63, 63, v0), Extract(63, 63, v0), Extract(63, 63, v0), Extract(63, 63, v0), Extract(63, 63, v0), Extract(63, 63, v0), Extract(63, 63, v0), Extract(63, 63, v0), Extract(63, 63, v0), Extract(63, 63, v0), Extract(63, 63, v0), Extract(63, 63, v0), Extract(63, 63, v0), Extract(63, 63, v0), Extract(63, 63, v0), Extract(63, 63, v0), Extract(63, 63, v0), Extract(63, 63, v0), Extract(63, 63, v0), Extract(63, 63, v0), Extract(63, 63, v0), Extract(63, 63, v0), Extract(63, 63, v0), Extract(63, 63, v0), Extract(63, 63, v0), Extract(63, 63, v0), Extract(63, 63, v0), Extract(63, 63, v0), Extract(63, 63, v0), Extract(63, 63, v0), Extract(63, 63, v0), Extract(63, 63, v0), Extract(63, 63, v0), Extract(63, 63, v0), Extract(63, 63, v0), Extract(63, 63, v0), Extract(63, 63, v0), Extract(63, 63, v0), Extract(63, 63, v0), Extract(63, 63, v0), Extract(63, 63, v0), Extract(63, 63, v0), Extract(63, 63, v0), Extract(63, 63, v0), Extract(63, 63, v0), Extract(63, 63, v0), v0), Concat(Extract(63, 63, v1), Extract(63, 63, v1), Extract(63, 63, v1), Extract(63, 63, v1), Extract(63, 63, v1), Extract(63, 63, v1), Extract(63, 63, v1), Extract(63, 63, v1), Extract(63, 63, v1), Extract(63, 63, v1), Extract(63, 63, v1), Extract(63, 63, v1), Extract(63, 63, v1), Extract(63, 63, v1), Extract(63, 63, v1), Extract(63, 63, v1), Extract(63, 63, v1), Extract(63, 63, v1), Extract(63, 63, v1), Extract(63, 63, v1), Extract(63, 63, v1), Extract(63, 63, v1), Extract(63, 63, v1), Extract(63, 63, v1), Extract(63, 63, v1), Extract(63, 63, v1), Extract(63, 63, v1), Extract(63, 63, v1), Extract(63, 63, v1), Extract(63, 63, v1), Extract(63, 63, v1), Extract(63, 63, v1), Extract(63, 63, v1), Extract(63, 63, v1), Extract(63, 63, v1), Extract(63, 63, v1), Extract(63, 63, v1), Extract(63, 63, v1), Extract(63, 63, v1), Extract(63, 63, v1), Extract(63, 63, v1), Extract(63, 63, v1), Extract(63, 63, v1), Extract(63, 63, v1), Extract(63, 63, v1), Extract(63, 63, v1), Extract(63, 63, v1), Extract(63, 63, v1), Extract(63, 63, v1), Extract(63, 63, v1), Extract(63, 63, v1), Extract(63, 63, v1), Extract(63, 63, v1), Extract(63, 63, v1), Extract(63, 63, v1), Extract(63, 63, v1), Extract(63, 63, v1), Extract(63, 63, v1), Extract(63, 63, v1), Extract(63, 63, v1), Extract(63, 63, v1), Extract(63, 63, v1), Extract(63, 63, v1), Extract(63, 63, v1), Extract(63, 63, v1), Extract(63, 63, v1), Extract(63, 63, v1), Extract(63, 63, v1), v1)))))
[199/507] c/op_218
      UNDECIDED                  answer width 64
      x86   : Extract(63, 0, bvudiv_i(Concat(0, v0), Concat(0, v1)))
      riscv : If(v0 == 0, 18446744073709551615, Extract(63, 0, bvsdiv_i(Concat(0, v1), Concat(0, v0))))
[200/507] c/op_219
      DIFFER                     answer width 32
      x86   : fp.to_ieee_bv(fpToFP(fp.to_ieee_bv(fpToFP(RNE(), v0))) / fpToFP(Extract(31, 0, v1)))
      riscv : fp.to_ieee_bv(fpToFP(fp.to_ieee_bv(fpToFP(RNE(), v1))) / fpToFP(If(Extract(63, 32, v0) == 4294967295, Extract(31, 0, v0), 2143289344)))
      counterexample: {'arg0': '18446744073709551608', 'arg1': '18446181121608646656', 'fp.to_ieee_bv': '[NaN -> 2139095041, else -> fp.to_ieee_bv(Var(0))]'}
[201/507] c/op_220
      IDENTICAL_AFTER_NORMALIZE  answer width 64
      x86   : fp.to_ieee_bv(fpToFP(fp.to_ieee_bv(fpToFP(RNE(), v0))) / fpToFP(Extract(63, 0, v1)))
      riscv : fp.to_ieee_bv(fpToFP(fp.to_ieee_bv(fpToFP(RNE(), v0))) / fpToFP(Extract(63, 0, v1)))
[202/507] c/op_221
      IDENTICAL_AFTER_NORMALIZE  answer width 64
      x86   : v0
      riscv : v0
[203/507] c/op_222
      DIFFER                     answer width 64
      x86   : Extract(63, 0, bvudiv_i(Concat(0, v0), Concat(0, Extract(31, 31, v1), Extract(31, 31, v1), Extract(31, 31, v1), Extract(31, 31, v1), Extract(31, 31, v1), Extract(31, 31, v1), Extract(31, 31, v1), Extract(31, 31, v1), Extract(31, 31, v1), Extract(31, 31, v1), Extract(31, 31, v1), Extract(31, 31, v1), Extract(31, 31, v1), Extract(31, 31, v1), Extract(31, 31, v1), Extract(31, 31, v1), Extract(31, 31, v1), Extract(31, 31, v1), Extract(31, 31, v1), Extract(31, 31, v1), Extract(31, 31, v1), Extract(31, 31, v1), Extract(31, 31, v1), Extract(31, 31, v1), Extract(31, 31, v1), Extract(31, 31, v1), Extract(31, 31, v1), Extract(31, 31, v1), Extract(31, 31, v1), Extract(31, 31, v1), Extract(31, 31, v1), Extract(31, 31, v1), Extract(31, 0, v1))))
      riscv : If(v0 == 0, 18446744073709551615, Extract(63, 0, bvsdiv_i(Concat(0, v1), Concat(0, v0))))
      counterexample: {'arg1': '552086696424', 'arg0': '2351947730892149252'}
[204/507] c/op_223
      UNDECIDED                  answer width 64
      x86   : Extract(63, 0, bvudiv_i(Concat(0, v0), Concat(0, v1)))
      riscv : If(v0 == 0, 18446744073709551615, Extract(63, 0, bvsdiv_i(Concat(0, v1), Concat(0, v0))))
[205/507] c/op_224
      UNDECIDED                  answer width 64
      x86   : Extract(63, 0, bvudiv_i(Concat(0, v0), Concat(0, v1)))
      riscv : If(v0 == 0, 18446744073709551615, Extract(63, 0, bvsdiv_i(Concat(0, v1), Concat(0, v0))))
[206/507] c/op_225
      NotModeled: every path through this body leaves the unit or is unreachable, so the body leaves no answer to read
[207/507] c/op_226
      UNDECIDED                  answer width 64
      x86   : fp.to_ieee_bv(fpToFP(fp.to_ieee_bv(fpToFP(fp.to_ieee_bv(-fpToFP(Extract(127, 64, v0)) + fpToFP(Concat(Extract(63, 32, v1), Extract(63, 32, v2))))) + fpToFP(fp.to_ieee_bv(-fpToFP(Extract(63, 0, v0)) + fpToFP(Concat(Extract(31, 0, v1), Extract(31, 0, v2))))))) / fpToFP(Extract(63, 0, v3)))
      riscv : fp.to_ieee_bv(fpToFP(fp.to_ieee_bv(fpToFPUnsigned(RNE(), v0))) / fpToFP(Extract(63, 0, v1)))
[208/507] c/op_227
      IDENTICAL_AFTER_NORMALIZE  answer width 64
      x86   : v0
      riscv : v0
[209/507] c/op_228
      DIFFER                     answer width 32
      x86   : fp.to_ieee_bv(fpToFP(Extract(31, 0, v1)) / fpToFP(fp.to_ieee_bv(fpToFP(RNE(), Extract(31, 0, v0)))))
      riscv : fp.to_ieee_bv(fpToFP(If(Extract(63, 32, v0) == 4294967295, Extract(31, 0, v0), 2143289344)) / fpToFP(fp.to_ieee_bv(fpToFP(RNE(), Extract(31, 0, v1)))))
      counterexample: {'arg1': '0', 'arg0': '18446741874677907456', 'fp.to_ieee_bv': '[NaN -> 4287455488, else -> fp.to_ieee_bv(Var(0))]'}
[210/507] c/op_229
      UNDECIDED                  answer width 32
      x86   : fp.to_ieee_bv(fpToFP(Extract(31, 0, v0)) / fpToFP(fp.to_ieee_bv(fpToFP(RNE(), v1))))
      riscv : fp.to_ieee_bv(fpToFP(If(Extract(63, 32, v0) == 4294967295, Extract(31, 0, v0), 2143289344)) / fpToFP(fp.to_ieee_bv(fpToFP(RNE(), v1))))
[211/507] c/op_230
      UNDECIDED                  answer width 32
      x86   : fp.to_ieee_bv(fpToFP(Extract(31, 0, v0)) / fpToFP(fp.to_ieee_bv(fpToFP(RNE(), v1))))
      riscv : fp.to_ieee_bv(fpToFP(If(Extract(63, 32, v0) == 4294967295, Extract(31, 0, v0), 2143289344)) / fpToFP(fp.to_ieee_bv(fpToFPUnsigned(RNE(), v1))))
[212/507] c/op_231
      DIFFER                     answer width 32
      x86   : fp.to_ieee_bv(fpToFP(Extract(31, 0, v0)) / fpToFP(Extract(31, 0, v1)))
      riscv : fp.to_ieee_bv(fpToFP(If(Extract(63, 32, v0) == 4294967295, Extract(31, 0, v0), 2143289344)) / fpToFP(If(Extract(63, 32, v1) == 4294967295, Extract(31, 0, v1), 2143289344)))
      counterexample: {'arg0': '18446744071562067978', 'arg1': '2805076027582210202', 'fp.to_ieee_bv': '[NaN -> 2139147457, else -> fp.to_ieee_bv(Var(0))]'}
[213/507] c/op_232
      UNDECIDED                  answer width 64
      x86   : fp.to_ieee_bv(fpToFP(fp.to_ieee_bv(fpToFP(RNE(), fpToFP(Extract(31, 0, v0))))) / fpToFP(Extract(63, 0, v1)))
      riscv : fp.to_ieee_bv(fpToFP(fp.to_ieee_bv(fpToFP(RNE(), fpToFP(If(Extract(63, 32, v0) == 4294967295, Extract(31, 0, v0), 2143289344))))) / fpToFP(Extract(63, 0, v1)))
[214/507] c/op_233
      UNDECIDED                  answer width 32
      x86   : fp.to_ieee_bv(fpToFP(Extract(31, 0, v1)) / fpToFP(fp.to_ieee_bv(fpToFP(RNE(), Extract(31, 0, v0)))))
      riscv : fp.to_ieee_bv(fpToFP(If(Extract(63, 32, v0) == 4294967295, Extract(31, 0, v0), 2143289344)) / fpToFP(fp.to_ieee_bv(fpToFPUnsigned(RNE(), Extract(31, 0, v1)))))
[215/507] c/op_234
      IDENTICAL_AFTER_NORMALIZE  answer width 64
      x86   : fp.to_ieee_bv(fpToFP(Extract(63, 0, v1)) / fpToFP(fp.to_ieee_bv(fpToFP(RNE(), Extract(31, 0, v0)))))
      riscv : fp.to_ieee_bv(fpToFP(Extract(63, 0, v1)) / fpToFP(fp.to_ieee_bv(fpToFP(RNE(), Extract(31, 0, v0)))))
[216/507] c/op_235
      IDENTICAL_AFTER_NORMALIZE  answer width 64
      x86   : fp.to_ieee_bv(fpToFP(Extract(63, 0, v0)) / fpToFP(fp.to_ieee_bv(fpToFP(RNE(), v1))))
      riscv : fp.to_ieee_bv(fpToFP(Extract(63, 0, v0)) / fpToFP(fp.to_ieee_bv(fpToFP(RNE(), v1))))
[217/507] c/op_236
      UNDECIDED                  answer width 64
      x86   : fp.to_ieee_bv(fpToFP(Extract(63, 0, v3)) / fpToFP(fp.to_ieee_bv(fpToFP(fp.to_ieee_bv(-fpToFP(Extract(127, 64, v0)) + fpToFP(Concat(Extract(63, 32, v1), Extract(63, 32, v2))))) + fpToFP(fp.to_ieee_bv(-fpToFP(Extract(63, 0, v0)) + fpToFP(Concat(Extract(31, 0, v1), Extract(31, 0, v2))))))))
      riscv : fp.to_ieee_bv(fpToFP(Extract(63, 0, v0)) / fpToFP(fp.to_ieee_bv(fpToFPUnsigned(RNE(), v1))))
[218/507] c/op_237
      UNDECIDED                  answer width 64
      x86   : fp.to_ieee_bv(fpToFP(Extract(63, 0, v1)) / fpToFP(fp.to_ieee_bv(fpToFP(RNE(), fpToFP(Extract(31, 0, v0))))))
      riscv : fp.to_ieee_bv(fpToFP(Extract(63, 0, v1)) / fpToFP(fp.to_ieee_bv(fpToFP(RNE(), fpToFP(If(Extract(63, 32, v0) == 4294967295, Extract(31, 0, v0), 2143289344))))))
[219/507] c/op_238
      IDENTICAL_AFTER_NORMALIZE  answer width 64
      x86   : fp.to_ieee_bv(fpToFP(Extract(63, 0, v0)) / fpToFP(Extract(63, 0, v1)))
      riscv : fp.to_ieee_bv(fpToFP(Extract(63, 0, v0)) / fpToFP(Extract(63, 0, v1)))
[220/507] c/op_239
      UNDECIDED                  answer width 64
      x86   : fp.to_ieee_bv(fpToFP(Extract(63, 0, v1)) / fpToFP(fp.to_ieee_bv(fpToFP(RNE(), Extract(31, 0, v0)))))
      riscv : fp.to_ieee_bv(fpToFP(Extract(63, 0, v1)) / fpToFP(fp.to_ieee_bv(fpToFPUnsigned(RNE(), Extract(31, 0, v0)))))
[221/507] c/op_240
      DIFFER                     answer width 32
      x86   : Extract(31, 0, bvsdiv_i(Concat(0, Extract(31, 0, v0)), Concat(Extract(31, 31, v1), Extract(31, 31, v1), Extract(31, 31, v1), Extract(31, 31, v1), Extract(31, 31, v1), Extract(31, 31, v1), Extract(31, 31, v1), Extract(31, 31, v1), Extract(31, 31, v1), Extract(31, 31, v1), Extract(31, 31, v1), Extract(31, 31, v1), Extract(31, 31, v1), Extract(31, 31, v1), Extract(31, 31, v1), Extract(31, 31, v1), Extract(31, 31, v1), Extract(31, 31, v1), Extract(31, 31, v1), Extract(31, 31, v1), Extract(31, 31, v1), Extract(31, 31, v1), Extract(31, 31, v1), Extract(31, 31, v1), Extract(31, 31, v1), Extract(31, 31, v1), Extract(31, 31, v1), Extract(31, 31, v1), Extract(31, 31, v1), Extract(31, 31, v1), Extract(31, 31, v1), Extract(31, 31, v1), Extract(31, 0, v1))))
      riscv : If(2147483648 <= If(And(Extract(31, 0, v1) == 0, Extract(31, 31, v1) == 0), 5444517870735015415413993718908291383295, bvsdiv_i(Concat(Extract(31, 31, v0), Extract(31, 31, v0), Extract(31, 31, v0), Extract(31, 31, v0), Extract(31, 31, v0), Extract(31, 31, v0), Extract(31, 31, v0), Extract(31, 31, v0), Extract(31, 31, v0), Extract(31, 31, v0), Extract(31, 31, v0), Extract(31, 31, v0), Extract(31, 31, v0), Extract(31, 31, v0), Extract(31, 31, v0), Extract(31, 31, v0), Extract(31, 31, v0), Extract(31, 31, v0), Extract(31, 31, v0), Extract(31, 31, v0), Extract(31, 31, v0), Extract(31, 31, v0), Extract(31, 31, v0), Extract(31, 31, v0), Extract(31, 31, v0), Extract(31, 31, v0), Extract(31, 31, v0), Extract(31, 31, v0), Extract(31, 31, v0), Extract(31, 31, v0), Extract(31, 31, v0), Extract(31, 31, v0), Extract(31, 31, v0), Extract(31, 31, v0), Extract(31, 31, v0), Extract(31, 31, v0), Extract(31, 31, v0), Extract(31, 31, v0), Extract(31, 31, v0), Extract(31, 31, v0), Extract(31, 31, v0), Extract(31, 31, v0), Extract(31, 31, v0), Extract(31, 31, v0), Extract(31, 31, v0), Extract(31, 31, v0), Extract(31, 31, v0), Extract(31, 31, v0), Extract(31, 31, v0), Extract(31, 31, v0), Extract(31, 31, v0), Extract(31, 31, v0), Extract(31, 31, v0), Extract(31, 31, v0), Extract(31, 31, v0), Extract(31, 31, v0), Extract(31, 31, v0), Extract(31, 31, v0), Extract(31, 31, v0), Extract(31, 31, v0), Extract(31, 31, v0), Extract(31, 31, v0), Extract(31, 31, v0), Extract(31, 31, v0), Extract(31, 31, v0), Extract(31, 31, v0), Extract(31, 31, v0), Extract(31, 31, v0), Extract(31, 31, v0), Extract(31, 31, v0), Extract(31, 31, v0), Extract(31, 31, v0), Extract(31, 31, v0), Extract(31, 31, v0), Extract(31, 31, v0), Extract(31, 31, v0), Extract(31, 31, v0), Extract(31, 31, v0), Extract(31, 31, v0), Extract(31, 31, v0), Extract(31, 31, v0), Extract(31, 31, v0), Extract(31, 31, v0), Extract(31, 31, v0), Extract(31, 31, v0), Extract(31, 31, v0), Extract(31, 31, v0), Extract(31, 31, v0), Extract(31, 31, v0), Extract(31, 31, v0), Extract(31, 31, v0), Extract(31, 31, v0), Extract(31, 31, v0), Extract(31, 31, v0), Extract(31, 31, v0), Extract(31, 31, v0), Extract(31, 31, v0), Extract(31, 31, v0), Extract(31, 31, v0), Extract(31, 31, v0), Extract(31, 0, v0)), Concat(Extract(31, 31, v1), Extract(31, 31, v1), Extract(31, 31, v1), Extract(31, 31, v1), Extract(31, 31, v1), Extract(31, 31, v1), Extract(31, 31, v1), Extract(31, 31, v1), Extract(31, 31, v1), Extract(31, 31, v1), Extract(31, 31, v1), Extract(31, 31, v1), Extract(31, 31, v1), Extract(31, 31, v1), Extract(31, 31, v1), Extract(31, 31, v1), Extract(31, 31, v1), Extract(31, 31, v1), Extract(31, 31, v1), Extract(31, 31, v1), Extract(31, 31, v1), Extract(31, 31, v1), Extract(31, 31, v1), Extract(31, 31, v1), Extract(31, 31, v1), Extract(31, 31, v1), Extract(31, 31, v1), Extract(31, 31, v1), Extract(31, 31, v1), Extract(31, 31, v1), Extract(31, 31, v1), Extract(31, 31, v1), Extract(31, 31, v1), Extract(31, 31, v1), Extract(31, 31, v1), Extract(31, 31, v1), Extract(31, 31, v1), Extract(31, 31, v1), Extract(31, 31, v1), Extract(31, 31, v1), Extract(31, 31, v1), Extract(31, 31, v1), Extract(31, 31, v1), Extract(31, 31, v1), Extract(31, 31, v1), Extract(31, 31, v1), Extract(31, 31, v1), Extract(31, 31, v1), Extract(31, 31, v1), Extract(31, 31, v1), Extract(31, 31, v1), Extract(31, 31, v1), Extract(31, 31, v1), Extract(31, 31, v1), Extract(31, 31, v1), Extract(31, 31, v1), Extract(31, 31, v1), Extract(31, 31, v1), Extract(31, 31, v1), Extract(31, 31, v1), Extract(31, 31, v1), Extract(31, 31, v1), Extract(31, 31, v1), Extract(31, 31, v1), Extract(31, 31, v1), Extract(31, 31, v1), Extract(31, 31, v1), Extract(31, 31, v1), Extract(31, 31, v1), Extract(31, 31, v1), Extract(31, 31, v1), Extract(31, 31, v1), Extract(31, 31, v1), Extract(31, 31, v1), Extract(31, 31, v1), Extract(31, 31, v1), Extract(31, 31, v1), Extract(31, 31, v1), Extract(31, 31, v1), Extract(31, 31, v1), Extract(31, 31, v1), Extract(31, 31, v1), Extract(31, 31, v1), Extract(31, 31, v1), Extract(31, 31, v1), Extract(31, 31, v1), Extract(31, 31, v1), Extract(31, 31, v1), Extract(31, 31, v1), Extract(31, 31, v1), Extract(31, 31, v1), Extract(31, 31, v1), Extract(31, 31, v1), Extract(31, 31, v1), Extract(31, 31, v1), Extract(31, 31, v1), Extract(31, 31, v1), Extract(31, 31, v1), Extract(31, 31, v1), Extract(31, 31, v1), Extract(31, 0, v1)))), 2147483648, If(And(Extract(31, 0, v1) == 0, Extract(31, 31, v1) == 0), 4294967295, Extract(31, 0, bvsdiv_i(Concat(Extract(31, 31, v0), Extract(31, 31, v0), Extract(31, 31, v0), Extract(31, 31, v0), Extract(31, 31, v0), Extract(31, 31, v0), Extract(31, 31, v0), Extract(31, 31, v0), Extract(31, 31, v0), Extract(31, 31, v0), Extract(31, 31, v0), Extract(31, 31, v0), Extract(31, 31, v0), Extract(31, 31, v0), Extract(31, 31, v0), Extract(31, 31, v0), Extract(31, 31, v0), Extract(31, 31, v0), Extract(31, 31, v0), Extract(31, 31, v0), Extract(31, 31, v0), Extract(31, 31, v0), Extract(31, 31, v0), Extract(31, 31, v0), Extract(31, 31, v0), Extract(31, 31, v0), Extract(31, 31, v0), Extract(31, 31, v0), Extract(31, 31, v0), Extract(31, 31, v0), Extract(31, 31, v0), Extract(31, 31, v0), Extract(31, 31, v0), Extract(31, 31, v0), Extract(31, 31, v0), Extract(31, 31, v0), Extract(31, 31, v0), Extract(31, 31, v0), Extract(31, 31, v0), Extract(31, 31, v0), Extract(31, 31, v0), Extract(31, 31, v0), Extract(31, 31, v0), Extract(31, 31, v0), Extract(31, 31, v0), Extract(31, 31, v0), Extract(31, 31, v0), Extract(31, 31, v0), Extract(31, 31, v0), Extract(31, 31, v0), Extract(31, 31, v0), Extract(31, 31, v0), Extract(31, 31, v0), Extract(31, 31, v0), Extract(31, 31, v0), Extract(31, 31, v0), Extract(31, 31, v0), Extract(31, 31, v0), Extract(31, 31, v0), Extract(31, 31, v0), Extract(31, 31, v0), Extract(31, 31, v0), Extract(31, 31, v0), Extract(31, 31, v0), Extract(31, 31, v0), Extract(31, 31, v0), Extract(31, 31, v0), Extract(31, 31, v0), Extract(31, 31, v0), Extract(31, 31, v0), Extract(31, 31, v0), Extract(31, 31, v0), Extract(31, 31, v0), Extract(31, 31, v0), Extract(31, 31, v0), Extract(31, 31, v0), Extract(31, 31, v0), Extract(31, 31, v0), Extract(31, 31, v0), Extract(31, 31, v0), Extract(31, 31, v0), Extract(31, 31, v0), Extract(31, 31, v0), Extract(31, 31, v0), Extract(31, 31, v0), Extract(31, 31, v0), Extract(31, 31, v0), Extract(31, 31, v0), Extract(31, 31, v0), Extract(31, 31, v0), Extract(31, 31, v0), Extract(31, 31, v0), Extract(31, 31, v0), Extract(31, 31, v0), Extract(31, 31, v0), Extract(31, 31, v0), Extract(31, 31, v0), Extract(31, 31, v0), Extract(31, 31, v0), Extract(31, 31, v0), Extract(31, 0, v0)), Concat(Extract(31, 31, v1), Extract(31, 31, v1), Extract(31, 31, v1), Extract(31, 31, v1), Extract(31, 31, v1), Extract(31, 31, v1), Extract(31, 31, v1), Extract(31, 31, v1), Extract(31, 31, v1), Extract(31, 31, v1), Extract(31, 31, v1), Extract(31, 31, v1), Extract(31, 31, v1), Extract(31, 31, v1), Extract(31, 31, v1), Extract(31, 31, v1), Extract(31, 31, v1), Extract(31, 31, v1), Extract(31, 31, v1), Extract(31, 31, v1), Extract(31, 31, v1), Extract(31, 31, v1), Extract(31, 31, v1), Extract(31, 31, v1), Extract(31, 31, v1), Extract(31, 31, v1), Extract(31, 31, v1), Extract(31, 31, v1), Extract(31, 31, v1), Extract(31, 31, v1), Extract(31, 31, v1), Extract(31, 31, v1), Extract(31, 31, v1), Extract(31, 31, v1), Extract(31, 31, v1), Extract(31, 31, v1), Extract(31, 31, v1), Extract(31, 31, v1), Extract(31, 31, v1), Extract(31, 31, v1), Extract(31, 31, v1), Extract(31, 31, v1), Extract(31, 31, v1), Extract(31, 31, v1), Extract(31, 31, v1), Extract(31, 31, v1), Extract(31, 31, v1), Extract(31, 31, v1), Extract(31, 31, v1), Extract(31, 31, v1), Extract(31, 31, v1), Extract(31, 31, v1), Extract(31, 31, v1), Extract(31, 31, v1), Extract(31, 31, v1), Extract(31, 31, v1), Extract(31, 31, v1), Extract(31, 31, v1), Extract(31, 31, v1), Extract(31, 31, v1), Extract(31, 31, v1), Extract(31, 31, v1), Extract(31, 31, v1), Extract(31, 31, v1), Extract(31, 31, v1), Extract(31, 31, v1), Extract(31, 31, v1), Extract(31, 31, v1), Extract(31, 31, v1), Extract(31, 31, v1), Extract(31, 31, v1), Extract(31, 31, v1), Extract(31, 31, v1), Extract(31, 31, v1), Extract(31, 31, v1), Extract(31, 31, v1), Extract(31, 31, v1), Extract(31, 31, v1), Extract(31, 31, v1), Extract(31, 31, v1), Extract(31, 31, v1), Extract(31, 31, v1), Extract(31, 31, v1), Extract(31, 31, v1), Extract(31, 31, v1), Extract(31, 31, v1), Extract(31, 31, v1), Extract(31, 31, v1), Extract(31, 31, v1), Extract(31, 31, v1), Extract(31, 31, v1), Extract(31, 31, v1), Extract(31, 31, v1), Extract(31, 31, v1), Extract(31, 31, v1), Extract(31, 31, v1), Extract(31, 31, v1), Extract(31, 31, v1), Extract(31, 31, v1), Extract(31, 31, v1), Extract(31, 0, v1))))))
      counterexample: {'arg1': '1073741824', 'arg0': '4261795763'}
[222/507] c/op_241
      DIFFER                     answer width 32
      x86   : Extract(31, 0, bvsdiv_i(Concat(0, Extract(31, 0, v0)), Concat(Extract(63, 63, v1), Extract(63, 63, v1), Extract(63, 63, v1), Extract(63, 63, v1), Extract(63, 63, v1), Extract(63, 63, v1), Extract(63, 63, v1), Extract(63, 63, v1), Extract(63, 63, v1), Extract(63, 63, v1), Extract(63, 63, v1), Extract(63, 63, v1), Extract(63, 63, v1), Extract(63, 63, v1), Extract(63, 63, v1), Extract(63, 63, v1), Extract(63, 63, v1), Extract(63, 63, v1), Extract(63, 63, v1), Extract(63, 63, v1), Extract(63, 63, v1), Extract(63, 63, v1), Extract(63, 63, v1), Extract(63, 63, v1), Extract(63, 63, v1), Extract(63, 63, v1), Extract(63, 63, v1), Extract(63, 63, v1), Extract(63, 63, v1), Extract(63, 63, v1), Extract(63, 63, v1), Extract(63, 63, v1), Extract(63, 63, v1), Extract(63, 63, v1), Extract(63, 63, v1), Extract(63, 63, v1), Extract(63, 63, v1), Extract(63, 63, v1), Extract(63, 63, v1), Extract(63, 63, v1), Extract(63, 63, v1), Extract(63, 63, v1), Extract(63, 63, v1), Extract(63, 63, v1), Extract(63, 63, v1), Extract(63, 63, v1), Extract(63, 63, v1), Extract(63, 63, v1), Extract(63, 63, v1), Extract(63, 63, v1), Extract(63, 63, v1), Extract(63, 63, v1), Extract(63, 63, v1), Extract(63, 63, v1), Extract(63, 63, v1), Extract(63, 63, v1), Extract(63, 63, v1), Extract(63, 63, v1), Extract(63, 63, v1), Extract(63, 63, v1), Extract(63, 63, v1), Extract(63, 63, v1), Extract(63, 63, v1), Extract(63, 63, v1), v1)))
      riscv : If(9223372036854775808 <= If(And(Extract(63, 63, v1) == 0, v1 == 0), 5444517870735015415413993718908291383295, bvsdiv_i(Concat(Extract(63, 63, v0), Extract(63, 63, v0), Extract(63, 63, v0), Extract(63, 63, v0), Extract(63, 63, v0), Extract(63, 63, v0), Extract(63, 63, v0), Extract(63, 63, v0), Extract(63, 63, v0), Extract(63, 63, v0), Extract(63, 63, v0), Extract(63, 63, v0), Extract(63, 63, v0), Extract(63, 63, v0), Extract(63, 63, v0), Extract(63, 63, v0), Extract(63, 63, v0), Extract(63, 63, v0), Extract(63, 63, v0), Extract(63, 63, v0), Extract(63, 63, v0), Extract(63, 63, v0), Extract(63, 63, v0), Extract(63, 63, v0), Extract(63, 63, v0), Extract(63, 63, v0), Extract(63, 63, v0), Extract(63, 63, v0), Extract(63, 63, v0), Extract(63, 63, v0), Extract(63, 63, v0), Extract(63, 63, v0), Extract(63, 63, v0), Extract(63, 63, v0), Extract(63, 63, v0), Extract(63, 63, v0), Extract(63, 63, v0), Extract(63, 63, v0), Extract(63, 63, v0), Extract(63, 63, v0), Extract(63, 63, v0), Extract(63, 63, v0), Extract(63, 63, v0), Extract(63, 63, v0), Extract(63, 63, v0), Extract(63, 63, v0), Extract(63, 63, v0), Extract(63, 63, v0), Extract(63, 63, v0), Extract(63, 63, v0), Extract(63, 63, v0), Extract(63, 63, v0), Extract(63, 63, v0), Extract(63, 63, v0), Extract(63, 63, v0), Extract(63, 63, v0), Extract(63, 63, v0), Extract(63, 63, v0), Extract(63, 63, v0), Extract(63, 63, v0), Extract(63, 63, v0), Extract(63, 63, v0), Extract(63, 63, v0), Extract(63, 63, v0), Extract(63, 63, v0), Extract(63, 63, v0), Extract(63, 63, v0), Extract(63, 63, v0), v0), Concat(Extract(63, 63, v1), Extract(63, 63, v1), Extract(63, 63, v1), Extract(63, 63, v1), Extract(63, 63, v1), Extract(63, 63, v1), Extract(63, 63, v1), Extract(63, 63, v1), Extract(63, 63, v1), Extract(63, 63, v1), Extract(63, 63, v1), Extract(63, 63, v1), Extract(63, 63, v1), Extract(63, 63, v1), Extract(63, 63, v1), Extract(63, 63, v1), Extract(63, 63, v1), Extract(63, 63, v1), Extract(63, 63, v1), Extract(63, 63, v1), Extract(63, 63, v1), Extract(63, 63, v1), Extract(63, 63, v1), Extract(63, 63, v1), Extract(63, 63, v1), Extract(63, 63, v1), Extract(63, 63, v1), Extract(63, 63, v1), Extract(63, 63, v1), Extract(63, 63, v1), Extract(63, 63, v1), Extract(63, 63, v1), Extract(63, 63, v1), Extract(63, 63, v1), Extract(63, 63, v1), Extract(63, 63, v1), Extract(63, 63, v1), Extract(63, 63, v1), Extract(63, 63, v1), Extract(63, 63, v1), Extract(63, 63, v1), Extract(63, 63, v1), Extract(63, 63, v1), Extract(63, 63, v1), Extract(63, 63, v1), Extract(63, 63, v1), Extract(63, 63, v1), Extract(63, 63, v1), Extract(63, 63, v1), Extract(63, 63, v1), Extract(63, 63, v1), Extract(63, 63, v1), Extract(63, 63, v1), Extract(63, 63, v1), Extract(63, 63, v1), Extract(63, 63, v1), Extract(63, 63, v1), Extract(63, 63, v1), Extract(63, 63, v1), Extract(63, 63, v1), Extract(63, 63, v1), Extract(63, 63, v1), Extract(63, 63, v1), Extract(63, 63, v1), Extract(63, 63, v1), Extract(63, 63, v1), Extract(63, 63, v1), Extract(63, 63, v1), v1))), 0, If(And(Extract(63, 63, v1) == 0, v1 == 0), 4294967295, Extract(31, 0, bvsdiv_i(Concat(Extract(63, 63, v0), Extract(63, 63, v0), Extract(63, 63, v0), Extract(63, 63, v0), Extract(63, 63, v0), Extract(63, 63, v0), Extract(63, 63, v0), Extract(63, 63, v0), Extract(63, 63, v0), Extract(63, 63, v0), Extract(63, 63, v0), Extract(63, 63, v0), Extract(63, 63, v0), Extract(63, 63, v0), Extract(63, 63, v0), Extract(63, 63, v0), Extract(63, 63, v0), Extract(63, 63, v0), Extract(63, 63, v0), Extract(63, 63, v0), Extract(63, 63, v0), Extract(63, 63, v0), Extract(63, 63, v0), Extract(63, 63, v0), Extract(63, 63, v0), Extract(63, 63, v0), Extract(63, 63, v0), Extract(63, 63, v0), Extract(63, 63, v0), Extract(63, 63, v0), Extract(63, 63, v0), Extract(63, 63, v0), Extract(63, 63, v0), Extract(63, 63, v0), Extract(63, 63, v0), Extract(63, 63, v0), Extract(63, 63, v0), Extract(63, 63, v0), Extract(63, 63, v0), Extract(63, 63, v0), Extract(63, 63, v0), Extract(63, 63, v0), Extract(63, 63, v0), Extract(63, 63, v0), Extract(63, 63, v0), Extract(63, 63, v0), Extract(63, 63, v0), Extract(63, 63, v0), Extract(63, 63, v0), Extract(63, 63, v0), Extract(63, 63, v0), Extract(63, 63, v0), Extract(63, 63, v0), Extract(63, 63, v0), Extract(63, 63, v0), Extract(63, 63, v0), Extract(63, 63, v0), Extract(63, 63, v0), Extract(63, 63, v0), Extract(63, 63, v0), Extract(63, 63, v0), Extract(63, 63, v0), Extract(63, 63, v0), Extract(63, 63, v0), Extract(63, 63, v0), Extract(63, 63, v0), Extract(63, 63, v0), Extract(63, 63, v0), v0), Concat(Extract(63, 63, v1), Extract(63, 63, v1), Extract(63, 63, v1), Extract(63, 63, v1), Extract(63, 63, v1), Extract(63, 63, v1), Extract(63, 63, v1), Extract(63, 63, v1), Extract(63, 63, v1), Extract(63, 63, v1), Extract(63, 63, v1), Extract(63, 63, v1), Extract(63, 63, v1), Extract(63, 63, v1), Extract(63, 63, v1), Extract(63, 63, v1), Extract(63, 63, v1), Extract(63, 63, v1), Extract(63, 63, v1), Extract(63, 63, v1), Extract(63, 63, v1), Extract(63, 63, v1), Extract(63, 63, v1), Extract(63, 63, v1), Extract(63, 63, v1), Extract(63, 63, v1), Extract(63, 63, v1), Extract(63, 63, v1), Extract(63, 63, v1), Extract(63, 63, v1), Extract(63, 63, v1), Extract(63, 63, v1), Extract(63, 63, v1), Extract(63, 63, v1), Extract(63, 63, v1), Extract(63, 63, v1), Extract(63, 63, v1), Extract(63, 63, v1), Extract(63, 63, v1), Extract(63, 63, v1), Extract(63, 63, v1), Extract(63, 63, v1), Extract(63, 63, v1), Extract(63, 63, v1), Extract(63, 63, v1), Extract(63, 63, v1), Extract(63, 63, v1), Extract(63, 63, v1), Extract(63, 63, v1), Extract(63, 63, v1), Extract(63, 63, v1), Extract(63, 63, v1), Extract(63, 63, v1), Extract(63, 63, v1), Extract(63, 63, v1), Extract(63, 63, v1), Extract(63, 63, v1), Extract(63, 63, v1), Extract(63, 63, v1), Extract(63, 63, v1), Extract(63, 63, v1), Extract(63, 63, v1), Extract(63, 63, v1), Extract(63, 63, v1), Extract(63, 63, v1), Extract(63, 63, v1), Extract(63, 63, v1), Extract(63, 63, v1), v1)))))
      counterexample: {'arg1': '2147483649', 'arg0': '1152921508901814271'}
[223/507] c/op_242
      DIFFER                     answer width 32
      x86   : Extract(31, 0, bvudiv_i(Concat(0, Extract(31, 0, v0)), Concat(0, v1)))
      riscv : If(v0 == 0, 4294967295, Extract(31, 0, bvsdiv_i(Concat(0, v1), Concat(0, v0))))
      counterexample: {'arg1': '2147483649', 'arg0': '9223372036854775807'}
[224/507] c/op_243
      DIFFER                     answer width 32
      x86   : fp.to_ieee_bv(fpToFP(fp.to_ieee_bv(fpToFP(RNE(), Extract(31, 0, v0)))) / fpToFP(Extract(31, 0, v1)))
      riscv : fp.to_ieee_bv(fpToFP(fp.to_ieee_bv(fpToFPUnsigned(RNE(), Extract(31, 0, v0)))) / fpToFP(If(Extract(63, 32, v1) == 4294967295, Extract(31, 0, v1), 2143289344)))
      counterexample: {'arg0': '0', 'arg1': '17920132842138894336', 'fp.to_ieee_bv': '[NaN -> 4287188639, else -> fp.to_ieee_bv(Var(0))]'}
[225/507] c/op_244
      UNDECIDED                  answer width 64
      x86   : fp.to_ieee_bv(fpToFP(fp.to_ieee_bv(fpToFP(RNE(), Extract(31, 0, v0)))) / fpToFP(Extract(63, 0, v1)))
      riscv : fp.to_ieee_bv(fpToFP(fp.to_ieee_bv(fpToFPUnsigned(RNE(), Extract(31, 0, v0)))) / fpToFP(Extract(63, 0, v1)))
[226/507] c/op_245
      IDENTICAL_AFTER_NORMALIZE  answer width 32
      x86   : Extract(31, 0, v0)
      riscv : Extract(31, 0, v0)
[227/507] c/op_246
      UNDECIDED                  answer width 32
      x86   : Extract(31, 0, bvsrem_i(Concat(Extract(31, 0, v0) >> 31, Extract(31, 0, v0)), Concat(Extract(31, 31, v1), Extract(31, 31, v1), Extract(31, 31, v1), Extract(31, 31, v1), Extract(31, 31, v1), Extract(31, 31, v1), Extract(31, 31, v1), Extract(31, 31, v1), Extract(31, 31, v1), Extract(31, 31, v1), Extract(31, 31, v1), Extract(31, 31, v1), Extract(31, 31, v1), Extract(31, 31, v1), Extract(31, 31, v1), Extract(31, 31, v1), Extract(31, 31, v1), Extract(31, 31, v1), Extract(31, 31, v1), Extract(31, 31, v1), Extract(31, 31, v1), Extract(31, 31, v1), Extract(31, 31, v1), Extract(31, 31, v1), Extract(31, 31, v1), Extract(31, 31, v1), Extract(31, 31, v1), Extract(31, 31, v1), Extract(31, 31, v1), Extract(31, 31, v1), Extract(31, 31, v1), Extract(31, 31, v1), Extract(31, 0, v1))))
      riscv : If(And(Extract(31, 0, v1) == 0, Extract(31, 31, v1) == 0), Extract(31, 0, v0), Extract(31, 0, bvsrem_i(Concat(Extract(31, 31, v0), Extract(31, 31, v0), Extract(31, 31, v0), Extract(31, 31, v0), Extract(31, 31, v0), Extract(31, 31, v0), Extract(31, 31, v0), Extract(31, 31, v0), Extract(31, 31, v0), Extract(31, 31, v0), Extract(31, 31, v0), Extract(31, 31, v0), Extract(31, 31, v0), Extract(31, 31, v0), Extract(31, 31, v0), Extract(31, 31, v0), Extract(31, 31, v0), Extract(31, 31, v0), Extract(31, 31, v0), Extract(31, 31, v0), Extract(31, 31, v0), Extract(31, 31, v0), Extract(31, 31, v0), Extract(31, 31, v0), Extract(31, 31, v0), Extract(31, 31, v0), Extract(31, 31, v0), Extract(31, 31, v0), Extract(31, 31, v0), Extract(31, 31, v0), Extract(31, 31, v0), Extract(31, 31, v0), Extract(31, 31, v0), Extract(31, 31, v0), Extract(31, 31, v0), Extract(31, 31, v0), Extract(31, 31, v0), Extract(31, 31, v0), Extract(31, 31, v0), Extract(31, 31, v0), Extract(31, 31, v0), Extract(31, 31, v0), Extract(31, 31, v0), Extract(31, 31, v0), Extract(31, 31, v0), Extract(31, 31, v0), Extract(31, 31, v0), Extract(31, 31, v0), Extract(31, 31, v0), Extract(31, 31, v0), Extract(31, 31, v0), Extract(31, 31, v0), Extract(31, 31, v0), Extract(31, 31, v0), Extract(31, 31, v0), Extract(31, 31, v0), Extract(31, 31, v0), Extract(31, 31, v0), Extract(31, 31, v0), Extract(31, 31, v0), Extract(31, 31, v0), Extract(31, 31, v0), Extract(31, 31, v0), Extract(31, 31, v0), Extract(31, 31, v0), Extract(31, 31, v0), Extract(31, 31, v0), Extract(31, 31, v0), Extract(31, 31, v0), Extract(31, 31, v0), Extract(31, 31, v0), Extract(31, 31, v0), Extract(31, 31, v0), Extract(31, 31, v0), Extract(31, 31, v0), Extract(31, 31, v0), Extract(31, 31, v0), Extract(31, 31, v0), Extract(31, 31, v0), Extract(31, 31, v0), Extract(31, 31, v0), Extract(31, 31, v0), Extract(31, 31, v0), Extract(31, 31, v0), Extract(31, 31, v0), Extract(31, 31, v0), Extract(31, 31, v0), Extract(31, 31, v0), Extract(31, 31, v0), Extract(31, 31, v0), Extract(31, 31, v0), Extract(31, 31, v0), Extract(31, 31, v0), Extract(31, 31, v0), Extract(31, 31, v0), Extract(31, 31, v0), Extract(31, 31, v0), Extract(31, 31, v0), Extract(31, 31, v0), Extract(31, 31, v0), Extract(31, 0, v0)), Concat(Extract(31, 31, v1), Extract(31, 31, v1), Extract(31, 31, v1), Extract(31, 31, v1), Extract(31, 31, v1), Extract(31, 31, v1), Extract(31, 31, v1), Extract(31, 31, v1), Extract(31, 31, v1), Extract(31, 31, v1), Extract(31, 31, v1), Extract(31, 31, v1), Extract(31, 31, v1), Extract(31, 31, v1), Extract(31, 31, v1), Extract(31, 31, v1), Extract(31, 31, v1), Extract(31, 31, v1), Extract(31, 31, v1), Extract(31, 31, v1), Extract(31, 31, v1), Extract(31, 31, v1), Extract(31, 31, v1), Extract(31, 31, v1), Extract(31, 31, v1), Extract(31, 31, v1), Extract(31, 31, v1), Extract(31, 31, v1), Extract(31, 31, v1), Extract(31, 31, v1), Extract(31, 31, v1), Extract(31, 31, v1), Extract(31, 31, v1), Extract(31, 31, v1), Extract(31, 31, v1), Extract(31, 31, v1), Extract(31, 31, v1), Extract(31, 31, v1), Extract(31, 31, v1), Extract(31, 31, v1), Extract(31, 31, v1), Extract(31, 31, v1), Extract(31, 31, v1), Extract(31, 31, v1), Extract(31, 31, v1), Extract(31, 31, v1), Extract(31, 31, v1), Extract(31, 31, v1), Extract(31, 31, v1), Extract(31, 31, v1), Extract(31, 31, v1), Extract(31, 31, v1), Extract(31, 31, v1), Extract(31, 31, v1), Extract(31, 31, v1), Extract(31, 31, v1), Extract(31, 31, v1), Extract(31, 31, v1), Extract(31, 31, v1), Extract(31, 31, v1), Extract(31, 31, v1), Extract(31, 31, v1), Extract(31, 31, v1), Extract(31, 31, v1), Extract(31, 31, v1), Extract(31, 31, v1), Extract(31, 31, v1), Extract(31, 31, v1), Extract(31, 31, v1), Extract(31, 31, v1), Extract(31, 31, v1), Extract(31, 31, v1), Extract(31, 31, v1), Extract(31, 31, v1), Extract(31, 31, v1), Extract(31, 31, v1), Extract(31, 31, v1), Extract(31, 31, v1), Extract(31, 31, v1), Extract(31, 31, v1), Extract(31, 31, v1), Extract(31, 31, v1), Extract(31, 31, v1), Extract(31, 31, v1), Extract(31, 31, v1), Extract(31, 31, v1), Extract(31, 31, v1), Extract(31, 31, v1), Extract(31, 31, v1), Extract(31, 31, v1), Extract(31, 31, v1), Extract(31, 31, v1), Extract(31, 31, v1), Extract(31, 31, v1), Extract(31, 31, v1), Extract(31, 31, v1), Extract(31, 31, v1), Extract(31, 31, v1), Extract(31, 31, v1), Extract(31, 31, v1), Extract(31, 0, v1)))))
[228/507] c/op_247
      DIFFER                     answer width 64
      x86   : Extract(63, 0, bvsrem_i(Concat(Concat(Extract(31, 31, v0), Extract(31, 31, v0), Extract(31, 31, v0), Extract(31, 31, v0), Extract(31, 31, v0), Extract(31, 31, v0), Extract(31, 31, v0), Extract(31, 31, v0), Extract(31, 31, v0), Extract(31, 31, v0), Extract(31, 31, v0), Extract(31, 31, v0), Extract(31, 31, v0), Extract(31, 31, v0), Extract(31, 31, v0), Extract(31, 31, v0), Extract(31, 31, v0), Extract(31, 31, v0), Extract(31, 31, v0), Extract(31, 31, v0), Extract(31, 31, v0), Extract(31, 31, v0), Extract(31, 31, v0), Extract(31, 31, v0), Extract(31, 31, v0), Extract(31, 31, v0), Extract(31, 31, v0), Extract(31, 31, v0), Extract(31, 31, v0), Extract(31, 31, v0), Extract(31, 31, v0), Extract(31, 31, v0), Extract(31, 0, v0)) >> 63, Extract(31, 31, v0), Extract(31, 31, v0), Extract(31, 31, v0), Extract(31, 31, v0), Extract(31, 31, v0), Extract(31, 31, v0), Extract(31, 31, v0), Extract(31, 31, v0), Extract(31, 31, v0), Extract(31, 31, v0), Extract(31, 31, v0), Extract(31, 31, v0), Extract(31, 31, v0), Extract(31, 31, v0), Extract(31, 31, v0), Extract(31, 31, v0), Extract(31, 31, v0), Extract(31, 31, v0), Extract(31, 31, v0), Extract(31, 31, v0), Extract(31, 31, v0), Extract(31, 31, v0), Extract(31, 31, v0), Extract(31, 31, v0), Extract(31, 31, v0), Extract(31, 31, v0), Extract(31, 31, v0), Extract(31, 31, v0), Extract(31, 31, v0), Extract(31, 31, v0), Extract(31, 31, v0), Extract(31, 31, v0), Extract(31, 0, v0)), Concat(Extract(63, 63, v1), Extract(63, 63, v1), Extract(63, 63, v1), Extract(63, 63, v1), Extract(63, 63, v1), Extract(63, 63, v1), Extract(63, 63, v1), Extract(63, 63, v1), Extract(63, 63, v1), Extract(63, 63, v1), Extract(63, 63, v1), Extract(63, 63, v1), Extract(63, 63, v1), Extract(63, 63, v1), Extract(63, 63, v1), Extract(63, 63, v1), Extract(63, 63, v1), Extract(63, 63, v1), Extract(63, 63, v1), Extract(63, 63, v1), Extract(63, 63, v1), Extract(63, 63, v1), Extract(63, 63, v1), Extract(63, 63, v1), Extract(63, 63, v1), Extract(63, 63, v1), Extract(63, 63, v1), Extract(63, 63, v1), Extract(63, 63, v1), Extract(63, 63, v1), Extract(63, 63, v1), Extract(63, 63, v1), Extract(63, 63, v1), Extract(63, 63, v1), Extract(63, 63, v1), Extract(63, 63, v1), Extract(63, 63, v1), Extract(63, 63, v1), Extract(63, 63, v1), Extract(63, 63, v1), Extract(63, 63, v1), Extract(63, 63, v1), Extract(63, 63, v1), Extract(63, 63, v1), Extract(63, 63, v1), Extract(63, 63, v1), Extract(63, 63, v1), Extract(63, 63, v1), Extract(63, 63, v1), Extract(63, 63, v1), Extract(63, 63, v1), Extract(63, 63, v1), Extract(63, 63, v1), Extract(63, 63, v1), Extract(63, 63, v1), Extract(63, 63, v1), Extract(63, 63, v1), Extract(63, 63, v1), Extract(63, 63, v1), Extract(63, 63, v1), Extract(63, 63, v1), Extract(63, 63, v1), Extract(63, 63, v1), Extract(63, 63, v1), v1)))
      riscv : If(And(Extract(63, 63, v1) == 0, v1 == 0), v0, Extract(63, 0, bvsrem_i(Concat(Extract(63, 63, v0), Extract(63, 63, v0), Extract(63, 63, v0), Extract(63, 63, v0), Extract(63, 63, v0), Extract(63, 63, v0), Extract(63, 63, v0), Extract(63, 63, v0), Extract(63, 63, v0), Extract(63, 63, v0), Extract(63, 63, v0), Extract(63, 63, v0), Extract(63, 63, v0), Extract(63, 63, v0), Extract(63, 63, v0), Extract(63, 63, v0), Extract(63, 63, v0), Extract(63, 63, v0), Extract(63, 63, v0), Extract(63, 63, v0), Extract(63, 63, v0), Extract(63, 63, v0), Extract(63, 63, v0), Extract(63, 63, v0), Extract(63, 63, v0), Extract(63, 63, v0), Extract(63, 63, v0), Extract(63, 63, v0), Extract(63, 63, v0), Extract(63, 63, v0), Extract(63, 63, v0), Extract(63, 63, v0), Extract(63, 63, v0), Extract(63, 63, v0), Extract(63, 63, v0), Extract(63, 63, v0), Extract(63, 63, v0), Extract(63, 63, v0), Extract(63, 63, v0), Extract(63, 63, v0), Extract(63, 63, v0), Extract(63, 63, v0), Extract(63, 63, v0), Extract(63, 63, v0), Extract(63, 63, v0), Extract(63, 63, v0), Extract(63, 63, v0), Extract(63, 63, v0), Extract(63, 63, v0), Extract(63, 63, v0), Extract(63, 63, v0), Extract(63, 63, v0), Extract(63, 63, v0), Extract(63, 63, v0), Extract(63, 63, v0), Extract(63, 63, v0), Extract(63, 63, v0), Extract(63, 63, v0), Extract(63, 63, v0), Extract(63, 63, v0), Extract(63, 63, v0), Extract(63, 63, v0), Extract(63, 63, v0), Extract(63, 63, v0), Extract(63, 63, v0), Extract(63, 63, v0), Extract(63, 63, v0), Extract(63, 63, v0), v0), Concat(Extract(63, 63, v1), Extract(63, 63, v1), Extract(63, 63, v1), Extract(63, 63, v1), Extract(63, 63, v1), Extract(63, 63, v1), Extract(63, 63, v1), Extract(63, 63, v1), Extract(63, 63, v1), Extract(63, 63, v1), Extract(63, 63, v1), Extract(63, 63, v1), Extract(63, 63, v1), Extract(63, 63, v1), Extract(63, 63, v1), Extract(63, 63, v1), Extract(63, 63, v1), Extract(63, 63, v1), Extract(63, 63, v1), Extract(63, 63, v1), Extract(63, 63, v1), Extract(63, 63, v1), Extract(63, 63, v1), Extract(63, 63, v1), Extract(63, 63, v1), Extract(63, 63, v1), Extract(63, 63, v1), Extract(63, 63, v1), Extract(63, 63, v1), Extract(63, 63, v1), Extract(63, 63, v1), Extract(63, 63, v1), Extract(63, 63, v1), Extract(63, 63, v1), Extract(63, 63, v1), Extract(63, 63, v1), Extract(63, 63, v1), Extract(63, 63, v1), Extract(63, 63, v1), Extract(63, 63, v1), Extract(63, 63, v1), Extract(63, 63, v1), Extract(63, 63, v1), Extract(63, 63, v1), Extract(63, 63, v1), Extract(63, 63, v1), Extract(63, 63, v1), Extract(63, 63, v1), Extract(63, 63, v1), Extract(63, 63, v1), Extract(63, 63, v1), Extract(63, 63, v1), Extract(63, 63, v1), Extract(63, 63, v1), Extract(63, 63, v1), Extract(63, 63, v1), Extract(63, 63, v1), Extract(63, 63, v1), Extract(63, 63, v1), Extract(63, 63, v1), Extract(63, 63, v1), Extract(63, 63, v1), Extract(63, 63, v1), Extract(63, 63, v1), Extract(63, 63, v1), Extract(63, 63, v1), Extract(63, 63, v1), Extract(63, 63, v1), v1))))
      counterexample: {'arg1': '4823448869797260804', 'arg0': '4034485842403032662'}
[229/507] c/op_248
      DIFFER                     answer width 64
      x86   : Extract(63, 0, bvurem_i(Concat(0, Extract(31, 31, v0), Extract(31, 31, v0), Extract(31, 31, v0), Extract(31, 31, v0), Extract(31, 31, v0), Extract(31, 31, v0), Extract(31, 31, v0), Extract(31, 31, v0), Extract(31, 31, v0), Extract(31, 31, v0), Extract(31, 31, v0), Extract(31, 31, v0), Extract(31, 31, v0), Extract(31, 31, v0), Extract(31, 31, v0), Extract(31, 31, v0), Extract(31, 31, v0), Extract(31, 31, v0), Extract(31, 31, v0), Extract(31, 31, v0), Extract(31, 31, v0), Extract(31, 31, v0), Extract(31, 31, v0), Extract(31, 31, v0), Extract(31, 31, v0), Extract(31, 31, v0), Extract(31, 31, v0), Extract(31, 31, v0), Extract(31, 31, v0), Extract(31, 31, v0), Extract(31, 31, v0), Extract(31, 31, v0), Extract(31, 0, v0)), Concat(0, v1)))
      riscv : If(v0 == 0, v1, Extract(63, 0, bvsrem_i(Concat(0, v1), Concat(0, v0))))
      counterexample: {'arg1': '10547632637441212416', 'arg0': '11263774382717140990'}
[230/507] c/op_251
      IDENTICAL_AFTER_NORMALIZE  answer width 32
      x86   : 0
      riscv : 0
[231/507] c/op_252
      DIFFER                     answer width 64
      x86   : Extract(63, 0, bvsrem_i(Concat(v0 >> 63, v0), Concat(Extract(31, 31, v1), Extract(31, 31, v1), Extract(31, 31, v1), Extract(31, 31, v1), Extract(31, 31, v1), Extract(31, 31, v1), Extract(31, 31, v1), Extract(31, 31, v1), Extract(31, 31, v1), Extract(31, 31, v1), Extract(31, 31, v1), Extract(31, 31, v1), Extract(31, 31, v1), Extract(31, 31, v1), Extract(31, 31, v1), Extract(31, 31, v1), Extract(31, 31, v1), Extract(31, 31, v1), Extract(31, 31, v1), Extract(31, 31, v1), Extract(31, 31, v1), Extract(31, 31, v1), Extract(31, 31, v1), Extract(31, 31, v1), Extract(31, 31, v1), Extract(31, 31, v1), Extract(31, 31, v1), Extract(31, 31, v1), Extract(31, 31, v1), Extract(31, 31, v1), Extract(31, 31, v1), Extract(31, 31, v1), Extract(31, 31, v1), Extract(31, 31, v1), Extract(31, 31, v1), Extract(31, 31, v1), Extract(31, 31, v1), Extract(31, 31, v1), Extract(31, 31, v1), Extract(31, 31, v1), Extract(31, 31, v1), Extract(31, 31, v1), Extract(31, 31, v1), Extract(31, 31, v1), Extract(31, 31, v1), Extract(31, 31, v1), Extract(31, 31, v1), Extract(31, 31, v1), Extract(31, 31, v1), Extract(31, 31, v1), Extract(31, 31, v1), Extract(31, 31, v1), Extract(31, 31, v1), Extract(31, 31, v1), Extract(31, 31, v1), Extract(31, 31, v1), Extract(31, 31, v1), Extract(31, 31, v1), Extract(31, 31, v1), Extract(31, 31, v1), Extract(31, 31, v1), Extract(31, 31, v1), Extract(31, 31, v1), Extract(31, 31, v1), Extract(31, 31, v1), Extract(31, 31, v1), Extract(31, 31, v1), Extract(31, 31, v1), Extract(31, 31, v1), Extract(31, 31, v1), Extract(31, 31, v1), Extract(31, 31, v1), Extract(31, 31, v1), Extract(31, 31, v1), Extract(31, 31, v1), Extract(31, 31, v1), Extract(31, 31, v1), Extract(31, 31, v1), Extract(31, 31, v1), Extract(31, 31, v1), Extract(31, 31, v1), Extract(31, 31, v1), Extract(31, 31, v1), Extract(31, 31, v1), Extract(31, 31, v1), Extract(31, 31, v1), Extract(31, 31, v1), Extract(31, 31, v1), Extract(31, 31, v1), Extract(31, 31, v1), Extract(31, 31, v1), Extract(31, 31, v1), Extract(31, 31, v1), Extract(31, 31, v1), Extract(31, 31, v1), Extract(31, 31, v1), Extract(31, 0, v1))))
      riscv : If(And(Extract(63, 63, v1) == 0, v1 == 0), v0, Extract(63, 0, bvsrem_i(Concat(Extract(63, 63, v0), Extract(63, 63, v0), Extract(63, 63, v0), Extract(63, 63, v0), Extract(63, 63, v0), Extract(63, 63, v0), Extract(63, 63, v0), Extract(63, 63, v0), Extract(63, 63, v0), Extract(63, 63, v0), Extract(63, 63, v0), Extract(63, 63, v0), Extract(63, 63, v0), Extract(63, 63, v0), Extract(63, 63, v0), Extract(63, 63, v0), Extract(63, 63, v0), Extract(63, 63, v0), Extract(63, 63, v0), Extract(63, 63, v0), Extract(63, 63, v0), Extract(63, 63, v0), Extract(63, 63, v0), Extract(63, 63, v0), Extract(63, 63, v0), Extract(63, 63, v0), Extract(63, 63, v0), Extract(63, 63, v0), Extract(63, 63, v0), Extract(63, 63, v0), Extract(63, 63, v0), Extract(63, 63, v0), Extract(63, 63, v0), Extract(63, 63, v0), Extract(63, 63, v0), Extract(63, 63, v0), Extract(63, 63, v0), Extract(63, 63, v0), Extract(63, 63, v0), Extract(63, 63, v0), Extract(63, 63, v0), Extract(63, 63, v0), Extract(63, 63, v0), Extract(63, 63, v0), Extract(63, 63, v0), Extract(63, 63, v0), Extract(63, 63, v0), Extract(63, 63, v0), Extract(63, 63, v0), Extract(63, 63, v0), Extract(63, 63, v0), Extract(63, 63, v0), Extract(63, 63, v0), Extract(63, 63, v0), Extract(63, 63, v0), Extract(63, 63, v0), Extract(63, 63, v0), Extract(63, 63, v0), Extract(63, 63, v0), Extract(63, 63, v0), Extract(63, 63, v0), Extract(63, 63, v0), Extract(63, 63, v0), Extract(63, 63, v0), Extract(63, 63, v0), Extract(63, 63, v0), Extract(63, 63, v0), Extract(63, 63, v0), v0), Concat(Extract(63, 63, v1), Extract(63, 63, v1), Extract(63, 63, v1), Extract(63, 63, v1), Extract(63, 63, v1), Extract(63, 63, v1), Extract(63, 63, v1), Extract(63, 63, v1), Extract(63, 63, v1), Extract(63, 63, v1), Extract(63, 63, v1), Extract(63, 63, v1), Extract(63, 63, v1), Extract(63, 63, v1), Extract(63, 63, v1), Extract(63, 63, v1), Extract(63, 63, v1), Extract(63, 63, v1), Extract(63, 63, v1), Extract(63, 63, v1), Extract(63, 63, v1), Extract(63, 63, v1), Extract(63, 63, v1), Extract(63, 63, v1), Extract(63, 63, v1), Extract(63, 63, v1), Extract(63, 63, v1), Extract(63, 63, v1), Extract(63, 63, v1), Extract(63, 63, v1), Extract(63, 63, v1), Extract(63, 63, v1), Extract(63, 63, v1), Extract(63, 63, v1), Extract(63, 63, v1), Extract(63, 63, v1), Extract(63, 63, v1), Extract(63, 63, v1), Extract(63, 63, v1), Extract(63, 63, v1), Extract(63, 63, v1), Extract(63, 63, v1), Extract(63, 63, v1), Extract(63, 63, v1), Extract(63, 63, v1), Extract(63, 63, v1), Extract(63, 63, v1), Extract(63, 63, v1), Extract(63, 63, v1), Extract(63, 63, v1), Extract(63, 63, v1), Extract(63, 63, v1), Extract(63, 63, v1), Extract(63, 63, v1), Extract(63, 63, v1), Extract(63, 63, v1), Extract(63, 63, v1), Extract(63, 63, v1), Extract(63, 63, v1), Extract(63, 63, v1), Extract(63, 63, v1), Extract(63, 63, v1), Extract(63, 63, v1), Extract(63, 63, v1), Extract(63, 63, v1), Extract(63, 63, v1), Extract(63, 63, v1), Extract(63, 63, v1), v1))))
      counterexample: {'arg1': '811199338008018944', 'arg0': '13937854319247801440'}
[232/507] c/op_253
      UNDECIDED                  answer width 64
      x86   : Extract(63, 0, bvsrem_i(Concat(v0 >> 63, v0), Concat(Extract(63, 63, v1), Extract(63, 63, v1), Extract(63, 63, v1), Extract(63, 63, v1), Extract(63, 63, v1), Extract(63, 63, v1), Extract(63, 63, v1), Extract(63, 63, v1), Extract(63, 63, v1), Extract(63, 63, v1), Extract(63, 63, v1), Extract(63, 63, v1), Extract(63, 63, v1), Extract(63, 63, v1), Extract(63, 63, v1), Extract(63, 63, v1), Extract(63, 63, v1), Extract(63, 63, v1), Extract(63, 63, v1), Extract(63, 63, v1), Extract(63, 63, v1), Extract(63, 63, v1), Extract(63, 63, v1), Extract(63, 63, v1), Extract(63, 63, v1), Extract(63, 63, v1), Extract(63, 63, v1), Extract(63, 63, v1), Extract(63, 63, v1), Extract(63, 63, v1), Extract(63, 63, v1), Extract(63, 63, v1), Extract(63, 63, v1), Extract(63, 63, v1), Extract(63, 63, v1), Extract(63, 63, v1), Extract(63, 63, v1), Extract(63, 63, v1), Extract(63, 63, v1), Extract(63, 63, v1), Extract(63, 63, v1), Extract(63, 63, v1), Extract(63, 63, v1), Extract(63, 63, v1), Extract(63, 63, v1), Extract(63, 63, v1), Extract(63, 63, v1), Extract(63, 63, v1), Extract(63, 63, v1), Extract(63, 63, v1), Extract(63, 63, v1), Extract(63, 63, v1), Extract(63, 63, v1), Extract(63, 63, v1), Extract(63, 63, v1), Extract(63, 63, v1), Extract(63, 63, v1), Extract(63, 63, v1), Extract(63, 63, v1), Extract(63, 63, v1), Extract(63, 63, v1), Extract(63, 63, v1), Extract(63, 63, v1), Extract(63, 63, v1), v1)))
      riscv : If(And(Extract(63, 63, v1) == 0, v1 == 0), v0, Extract(63, 0, bvsrem_i(Concat(Extract(63, 63, v0), Extract(63, 63, v0), Extract(63, 63, v0), Extract(63, 63, v0), Extract(63, 63, v0), Extract(63, 63, v0), Extract(63, 63, v0), Extract(63, 63, v0), Extract(63, 63, v0), Extract(63, 63, v0), Extract(63, 63, v0), Extract(63, 63, v0), Extract(63, 63, v0), Extract(63, 63, v0), Extract(63, 63, v0), Extract(63, 63, v0), Extract(63, 63, v0), Extract(63, 63, v0), Extract(63, 63, v0), Extract(63, 63, v0), Extract(63, 63, v0), Extract(63, 63, v0), Extract(63, 63, v0), Extract(63, 63, v0), Extract(63, 63, v0), Extract(63, 63, v0), Extract(63, 63, v0), Extract(63, 63, v0), Extract(63, 63, v0), Extract(63, 63, v0), Extract(63, 63, v0), Extract(63, 63, v0), Extract(63, 63, v0), Extract(63, 63, v0), Extract(63, 63, v0), Extract(63, 63, v0), Extract(63, 63, v0), Extract(63, 63, v0), Extract(63, 63, v0), Extract(63, 63, v0), Extract(63, 63, v0), Extract(63, 63, v0), Extract(63, 63, v0), Extract(63, 63, v0), Extract(63, 63, v0), Extract(63, 63, v0), Extract(63, 63, v0), Extract(63, 63, v0), Extract(63, 63, v0), Extract(63, 63, v0), Extract(63, 63, v0), Extract(63, 63, v0), Extract(63, 63, v0), Extract(63, 63, v0), Extract(63, 63, v0), Extract(63, 63, v0), Extract(63, 63, v0), Extract(63, 63, v0), Extract(63, 63, v0), Extract(63, 63, v0), Extract(63, 63, v0), Extract(63, 63, v0), Extract(63, 63, v0), Extract(63, 63, v0), Extract(63, 63, v0), Extract(63, 63, v0), Extract(63, 63, v0), Extract(63, 63, v0), v0), Concat(Extract(63, 63, v1), Extract(63, 63, v1), Extract(63, 63, v1), Extract(63, 63, v1), Extract(63, 63, v1), Extract(63, 63, v1), Extract(63, 63, v1), Extract(63, 63, v1), Extract(63, 63, v1), Extract(63, 63, v1), Extract(63, 63, v1), Extract(63, 63, v1), Extract(63, 63, v1), Extract(63, 63, v1), Extract(63, 63, v1), Extract(63, 63, v1), Extract(63, 63, v1), Extract(63, 63, v1), Extract(63, 63, v1), Extract(63, 63, v1), Extract(63, 63, v1), Extract(63, 63, v1), Extract(63, 63, v1), Extract(63, 63, v1), Extract(63, 63, v1), Extract(63, 63, v1), Extract(63, 63, v1), Extract(63, 63, v1), Extract(63, 63, v1), Extract(63, 63, v1), Extract(63, 63, v1), Extract(63, 63, v1), Extract(63, 63, v1), Extract(63, 63, v1), Extract(63, 63, v1), Extract(63, 63, v1), Extract(63, 63, v1), Extract(63, 63, v1), Extract(63, 63, v1), Extract(63, 63, v1), Extract(63, 63, v1), Extract(63, 63, v1), Extract(63, 63, v1), Extract(63, 63, v1), Extract(63, 63, v1), Extract(63, 63, v1), Extract(63, 63, v1), Extract(63, 63, v1), Extract(63, 63, v1), Extract(63, 63, v1), Extract(63, 63, v1), Extract(63, 63, v1), Extract(63, 63, v1), Extract(63, 63, v1), Extract(63, 63, v1), Extract(63, 63, v1), Extract(63, 63, v1), Extract(63, 63, v1), Extract(63, 63, v1), Extract(63, 63, v1), Extract(63, 63, v1), Extract(63, 63, v1), Extract(63, 63, v1), Extract(63, 63, v1), Extract(63, 63, v1), Extract(63, 63, v1), Extract(63, 63, v1), Extract(63, 63, v1), v1))))
[233/507] c/op_254
      UNDECIDED                  answer width 64
      x86   : Extract(63, 0, bvurem_i(Concat(0, v0), Concat(0, v1)))
      riscv : If(v0 == 0, v1, Extract(63, 0, bvsrem_i(Concat(0, v1), Concat(0, v0))))
[234/507] c/op_257
      IDENTICAL_AFTER_NORMALIZE  answer width 32
      x86   : 0
      riscv : 0
[235/507] c/op_258
      UNDECIDED                  answer width 64
      x86   : Extract(63, 0, bvurem_i(Concat(0, v0), Concat(0, Extract(31, 31, v1), Extract(31, 31, v1), Extract(31, 31, v1), Extract(31, 31, v1), Extract(31, 31, v1), Extract(31, 31, v1), Extract(31, 31, v1), Extract(31, 31, v1), Extract(31, 31, v1), Extract(31, 31, v1), Extract(31, 31, v1), Extract(31, 31, v1), Extract(31, 31, v1), Extract(31, 31, v1), Extract(31, 31, v1), Extract(31, 31, v1), Extract(31, 31, v1), Extract(31, 31, v1), Extract(31, 31, v1), Extract(31, 31, v1), Extract(31, 31, v1), Extract(31, 31, v1), Extract(31, 31, v1), Extract(31, 31, v1), Extract(31, 31, v1), Extract(31, 31, v1), Extract(31, 31, v1), Extract(31, 31, v1), Extract(31, 31, v1), Extract(31, 31, v1), Extract(31, 31, v1), Extract(31, 31, v1), Extract(31, 0, v1))))
      riscv : If(v0 == 0, v1, Extract(63, 0, bvsrem_i(Concat(0, v1), Concat(0, v0))))
[236/507] c/op_259
      UNDECIDED                  answer width 64
      x86   : Extract(63, 0, bvurem_i(Concat(0, v0), Concat(0, v1)))
      riscv : If(v0 == 0, v1, Extract(63, 0, bvsrem_i(Concat(0, v1), Concat(0, v0))))
[237/507] c/op_260
      UNDECIDED                  answer width 64
      x86   : Extract(63, 0, bvurem_i(Concat(0, v0), Concat(0, v1)))
      riscv : If(v0 == 0, v1, Extract(63, 0, bvsrem_i(Concat(0, v1), Concat(0, v0))))
[238/507] c/op_263
      IDENTICAL_AFTER_NORMALIZE  answer width 32
      x86   : 0
      riscv : 0
[239/507] c/op_276
      UNDECIDED                  answer width 32
      x86   : Extract(31, 0, bvsrem_i(Concat(0, Extract(31, 0, v0)), Concat(Extract(31, 31, v1), Extract(31, 31, v1), Extract(31, 31, v1), Extract(31, 31, v1), Extract(31, 31, v1), Extract(31, 31, v1), Extract(31, 31, v1), Extract(31, 31, v1), Extract(31, 31, v1), Extract(31, 31, v1), Extract(31, 31, v1), Extract(31, 31, v1), Extract(31, 31, v1), Extract(31, 31, v1), Extract(31, 31, v1), Extract(31, 31, v1), Extract(31, 31, v1), Extract(31, 31, v1), Extract(31, 31, v1), Extract(31, 31, v1), Extract(31, 31, v1), Extract(31, 31, v1), Extract(31, 31, v1), Extract(31, 31, v1), Extract(31, 31, v1), Extract(31, 31, v1), Extract(31, 31, v1), Extract(31, 31, v1), Extract(31, 31, v1), Extract(31, 31, v1), Extract(31, 31, v1), Extract(31, 31, v1), Extract(31, 0, v1))))
      riscv : If(And(Extract(31, 0, v1) == 0, Extract(31, 31, v1) == 0), Extract(31, 0, v0), Extract(31, 0, bvsrem_i(Concat(Extract(31, 31, v0), Extract(31, 31, v0), Extract(31, 31, v0), Extract(31, 31, v0), Extract(31, 31, v0), Extract(31, 31, v0), Extract(31, 31, v0), Extract(31, 31, v0), Extract(31, 31, v0), Extract(31, 31, v0), Extract(31, 31, v0), Extract(31, 31, v0), Extract(31, 31, v0), Extract(31, 31, v0), Extract(31, 31, v0), Extract(31, 31, v0), Extract(31, 31, v0), Extract(31, 31, v0), Extract(31, 31, v0), Extract(31, 31, v0), Extract(31, 31, v0), Extract(31, 31, v0), Extract(31, 31, v0), Extract(31, 31, v0), Extract(31, 31, v0), Extract(31, 31, v0), Extract(31, 31, v0), Extract(31, 31, v0), Extract(31, 31, v0), Extract(31, 31, v0), Extract(31, 31, v0), Extract(31, 31, v0), Extract(31, 31, v0), Extract(31, 31, v0), Extract(31, 31, v0), Extract(31, 31, v0), Extract(31, 31, v0), Extract(31, 31, v0), Extract(31, 31, v0), Extract(31, 31, v0), Extract(31, 31, v0), Extract(31, 31, v0), Extract(31, 31, v0), Extract(31, 31, v0), Extract(31, 31, v0), Extract(31, 31, v0), Extract(31, 31, v0), Extract(31, 31, v0), Extract(31, 31, v0), Extract(31, 31, v0), Extract(31, 31, v0), Extract(31, 31, v0), Extract(31, 31, v0), Extract(31, 31, v0), Extract(31, 31, v0), Extract(31, 31, v0), Extract(31, 31, v0), Extract(31, 31, v0), Extract(31, 31, v0), Extract(31, 31, v0), Extract(31, 31, v0), Extract(31, 31, v0), Extract(31, 31, v0), Extract(31, 31, v0), Extract(31, 31, v0), Extract(31, 31, v0), Extract(31, 31, v0), Extract(31, 31, v0), Extract(31, 31, v0), Extract(31, 31, v0), Extract(31, 31, v0), Extract(31, 31, v0), Extract(31, 31, v0), Extract(31, 31, v0), Extract(31, 31, v0), Extract(31, 31, v0), Extract(31, 31, v0), Extract(31, 31, v0), Extract(31, 31, v0), Extract(31, 31, v0), Extract(31, 31, v0), Extract(31, 31, v0), Extract(31, 31, v0), Extract(31, 31, v0), Extract(31, 31, v0), Extract(31, 31, v0), Extract(31, 31, v0), Extract(31, 31, v0), Extract(31, 31, v0), Extract(31, 31, v0), Extract(31, 31, v0), Extract(31, 31, v0), Extract(31, 31, v0), Extract(31, 31, v0), Extract(31, 31, v0), Extract(31, 31, v0), Extract(31, 31, v0), Extract(31, 31, v0), Extract(31, 31, v0), Extract(31, 31, v0), Extract(31, 0, v0)), Concat(Extract(31, 31, v1), Extract(31, 31, v1), Extract(31, 31, v1), Extract(31, 31, v1), Extract(31, 31, v1), Extract(31, 31, v1), Extract(31, 31, v1), Extract(31, 31, v1), Extract(31, 31, v1), Extract(31, 31, v1), Extract(31, 31, v1), Extract(31, 31, v1), Extract(31, 31, v1), Extract(31, 31, v1), Extract(31, 31, v1), Extract(31, 31, v1), Extract(31, 31, v1), Extract(31, 31, v1), Extract(31, 31, v1), Extract(31, 31, v1), Extract(31, 31, v1), Extract(31, 31, v1), Extract(31, 31, v1), Extract(31, 31, v1), Extract(31, 31, v1), Extract(31, 31, v1), Extract(31, 31, v1), Extract(31, 31, v1), Extract(31, 31, v1), Extract(31, 31, v1), Extract(31, 31, v1), Extract(31, 31, v1), Extract(31, 31, v1), Extract(31, 31, v1), Extract(31, 31, v1), Extract(31, 31, v1), Extract(31, 31, v1), Extract(31, 31, v1), Extract(31, 31, v1), Extract(31, 31, v1), Extract(31, 31, v1), Extract(31, 31, v1), Extract(31, 31, v1), Extract(31, 31, v1), Extract(31, 31, v1), Extract(31, 31, v1), Extract(31, 31, v1), Extract(31, 31, v1), Extract(31, 31, v1), Extract(31, 31, v1), Extract(31, 31, v1), Extract(31, 31, v1), Extract(31, 31, v1), Extract(31, 31, v1), Extract(31, 31, v1), Extract(31, 31, v1), Extract(31, 31, v1), Extract(31, 31, v1), Extract(31, 31, v1), Extract(31, 31, v1), Extract(31, 31, v1), Extract(31, 31, v1), Extract(31, 31, v1), Extract(31, 31, v1), Extract(31, 31, v1), Extract(31, 31, v1), Extract(31, 31, v1), Extract(31, 31, v1), Extract(31, 31, v1), Extract(31, 31, v1), Extract(31, 31, v1), Extract(31, 31, v1), Extract(31, 31, v1), Extract(31, 31, v1), Extract(31, 31, v1), Extract(31, 31, v1), Extract(31, 31, v1), Extract(31, 31, v1), Extract(31, 31, v1), Extract(31, 31, v1), Extract(31, 31, v1), Extract(31, 31, v1), Extract(31, 31, v1), Extract(31, 31, v1), Extract(31, 31, v1), Extract(31, 31, v1), Extract(31, 31, v1), Extract(31, 31, v1), Extract(31, 31, v1), Extract(31, 31, v1), Extract(31, 31, v1), Extract(31, 31, v1), Extract(31, 31, v1), Extract(31, 31, v1), Extract(31, 31, v1), Extract(31, 31, v1), Extract(31, 31, v1), Extract(31, 31, v1), Extract(31, 31, v1), Extract(31, 31, v1), Extract(31, 0, v1)))))
[240/507] c/op_277
      DIFFER                     answer width 64
      x86   : Extract(63, 0, bvsrem_i(Concat(0, Extract(31, 0, v0)), Concat(Extract(63, 63, v1), Extract(63, 63, v1), Extract(63, 63, v1), Extract(63, 63, v1), Extract(63, 63, v1), Extract(63, 63, v1), Extract(63, 63, v1), Extract(63, 63, v1), Extract(63, 63, v1), Extract(63, 63, v1), Extract(63, 63, v1), Extract(63, 63, v1), Extract(63, 63, v1), Extract(63, 63, v1), Extract(63, 63, v1), Extract(63, 63, v1), Extract(63, 63, v1), Extract(63, 63, v1), Extract(63, 63, v1), Extract(63, 63, v1), Extract(63, 63, v1), Extract(63, 63, v1), Extract(63, 63, v1), Extract(63, 63, v1), Extract(63, 63, v1), Extract(63, 63, v1), Extract(63, 63, v1), Extract(63, 63, v1), Extract(63, 63, v1), Extract(63, 63, v1), Extract(63, 63, v1), Extract(63, 63, v1), Extract(63, 63, v1), Extract(63, 63, v1), Extract(63, 63, v1), Extract(63, 63, v1), Extract(63, 63, v1), Extract(63, 63, v1), Extract(63, 63, v1), Extract(63, 63, v1), Extract(63, 63, v1), Extract(63, 63, v1), Extract(63, 63, v1), Extract(63, 63, v1), Extract(63, 63, v1), Extract(63, 63, v1), Extract(63, 63, v1), Extract(63, 63, v1), Extract(63, 63, v1), Extract(63, 63, v1), Extract(63, 63, v1), Extract(63, 63, v1), Extract(63, 63, v1), Extract(63, 63, v1), Extract(63, 63, v1), Extract(63, 63, v1), Extract(63, 63, v1), Extract(63, 63, v1), Extract(63, 63, v1), Extract(63, 63, v1), Extract(63, 63, v1), Extract(63, 63, v1), Extract(63, 63, v1), Extract(63, 63, v1), v1)))
      riscv : If(And(Extract(63, 63, v1) == 0, v1 == 0), v0, Extract(63, 0, bvsrem_i(Concat(Extract(63, 63, v0), Extract(63, 63, v0), Extract(63, 63, v0), Extract(63, 63, v0), Extract(63, 63, v0), Extract(63, 63, v0), Extract(63, 63, v0), Extract(63, 63, v0), Extract(63, 63, v0), Extract(63, 63, v0), Extract(63, 63, v0), Extract(63, 63, v0), Extract(63, 63, v0), Extract(63, 63, v0), Extract(63, 63, v0), Extract(63, 63, v0), Extract(63, 63, v0), Extract(63, 63, v0), Extract(63, 63, v0), Extract(63, 63, v0), Extract(63, 63, v0), Extract(63, 63, v0), Extract(63, 63, v0), Extract(63, 63, v0), Extract(63, 63, v0), Extract(63, 63, v0), Extract(63, 63, v0), Extract(63, 63, v0), Extract(63, 63, v0), Extract(63, 63, v0), Extract(63, 63, v0), Extract(63, 63, v0), Extract(63, 63, v0), Extract(63, 63, v0), Extract(63, 63, v0), Extract(63, 63, v0), Extract(63, 63, v0), Extract(63, 63, v0), Extract(63, 63, v0), Extract(63, 63, v0), Extract(63, 63, v0), Extract(63, 63, v0), Extract(63, 63, v0), Extract(63, 63, v0), Extract(63, 63, v0), Extract(63, 63, v0), Extract(63, 63, v0), Extract(63, 63, v0), Extract(63, 63, v0), Extract(63, 63, v0), Extract(63, 63, v0), Extract(63, 63, v0), Extract(63, 63, v0), Extract(63, 63, v0), Extract(63, 63, v0), Extract(63, 63, v0), Extract(63, 63, v0), Extract(63, 63, v0), Extract(63, 63, v0), Extract(63, 63, v0), Extract(63, 63, v0), Extract(63, 63, v0), Extract(63, 63, v0), Extract(63, 63, v0), Extract(63, 63, v0), Extract(63, 63, v0), Extract(63, 63, v0), Extract(63, 63, v0), v0), Concat(Extract(63, 63, v1), Extract(63, 63, v1), Extract(63, 63, v1), Extract(63, 63, v1), Extract(63, 63, v1), Extract(63, 63, v1), Extract(63, 63, v1), Extract(63, 63, v1), Extract(63, 63, v1), Extract(63, 63, v1), Extract(63, 63, v1), Extract(63, 63, v1), Extract(63, 63, v1), Extract(63, 63, v1), Extract(63, 63, v1), Extract(63, 63, v1), Extract(63, 63, v1), Extract(63, 63, v1), Extract(63, 63, v1), Extract(63, 63, v1), Extract(63, 63, v1), Extract(63, 63, v1), Extract(63, 63, v1), Extract(63, 63, v1), Extract(63, 63, v1), Extract(63, 63, v1), Extract(63, 63, v1), Extract(63, 63, v1), Extract(63, 63, v1), Extract(63, 63, v1), Extract(63, 63, v1), Extract(63, 63, v1), Extract(63, 63, v1), Extract(63, 63, v1), Extract(63, 63, v1), Extract(63, 63, v1), Extract(63, 63, v1), Extract(63, 63, v1), Extract(63, 63, v1), Extract(63, 63, v1), Extract(63, 63, v1), Extract(63, 63, v1), Extract(63, 63, v1), Extract(63, 63, v1), Extract(63, 63, v1), Extract(63, 63, v1), Extract(63, 63, v1), Extract(63, 63, v1), Extract(63, 63, v1), Extract(63, 63, v1), Extract(63, 63, v1), Extract(63, 63, v1), Extract(63, 63, v1), Extract(63, 63, v1), Extract(63, 63, v1), Extract(63, 63, v1), Extract(63, 63, v1), Extract(63, 63, v1), Extract(63, 63, v1), Extract(63, 63, v1), Extract(63, 63, v1), Extract(63, 63, v1), Extract(63, 63, v1), Extract(63, 63, v1), Extract(63, 63, v1), Extract(63, 63, v1), Extract(63, 63, v1), Extract(63, 63, v1), v1))))
      counterexample: {'arg1': '0', 'arg0': '9223372036854773760'}
[241/507] c/op_278
      DIFFER                     answer width 64
      x86   : Extract(63, 0, bvurem_i(Concat(0, Extract(31, 0, v0)), Concat(0, v1)))
      riscv : If(v0 == 0, v1, Extract(63, 0, bvsrem_i(Concat(0, v1), Concat(0, v0))))
      counterexample: {'arg1': '0', 'arg0': '17091222158505410558'}
[242/507] c/op_281
      IDENTICAL_AFTER_NORMALIZE  answer width 32
      x86   : 0
      riscv : 0
[243/507] c/op_282
      DIFFER                     answer width 8
      x86   : If(Extract(31, 0, v0) | Extract(31, 0, v1) == 0, 0, 1)
      riscv : Concat(0, If(Concat(0, v0 | v1) <= 0, 0, 1))
      counterexample: {'arg1': '13144350648919130112', 'arg0': '17956186558566498304'}
[244/507] c/op_283
      DIFFER                     answer width 32
      x86   : Concat(0, If(Extract(31, 0, v0) == 0, 0, 1) | If(v1 == 0, 0, 1))
      riscv : Concat(0, If(Concat(0, v0 | v1) <= 0, 0, 1))
      counterexample: {'arg1': '0', 'arg0': '12901732129666236416'}
[245/507] c/op_284
      DIFFER                     answer width 32
      x86   : Concat(0, If(Extract(31, 0, v0) == 0, 0, 1) | If(v1 == 0, 0, 1))
      riscv : Concat(0, If(Concat(0, v0 | v1) <= 0, 0, 1))
      counterexample: {'arg1': '0', 'arg0': '12901732129666236416'}
[246/507] c/op_285
      DIFFER                     answer width 32
      x86   : Concat(0, If(Extract(31, 0, v1) == 0, 0, 1) | If(fpIsNaN(fpToFP(Extract(31, 0, v0))), 1, 0) | If(Or(fpIsNaN(fpToFP(Extract(31, 0, v0))), Not(fpEQ(fpToFP(Extract(31, 0, v0)), +0.0))), 1, 0))
      riscv : Concat(0, If(Concat(0, v1) <= 0, 0, 1) | If(fpEQ(fpToFP(If(Extract(63, 32, v0) == 4294967295, Extract(31, 0, v0), 2143289344)), +0.0), 0, 1))
      counterexample: {'arg0': '0', 'arg1': '0'}
[247/507] c/op_286
      DIFFER                     answer width 32
      x86   : Concat(0, If(Extract(31, 0, v1) == 0, 0, 1) | If(fpIsNaN(fpToFP(Extract(63, 0, v0))), 1, 0) | If(Or(fpIsNaN(fpToFP(Extract(63, 0, v0))), Not(fpEQ(fpToFP(Extract(63, 0, v0)), +0.0))), 1, 0))
      riscv : Concat(0, If(Concat(0, v1) <= 0, 0, 1) | If(fpEQ(fpToFP(Extract(63, 0, v0)), +0.0), 0, 1))
      counterexample: {'arg0': '7214291674153877504', 'arg1': '0'}
[248/507] c/op_287
      DIFFER                     answer width 32
      x86   : Concat(0, Extract(7, 0, v0) | If(Extract(31, 0, v1) == 0, 0, 1))
      riscv : Concat(Extract(31, 1, v0), Extract(0, 0, v0) | If(Concat(0, v1) <= 0, 0, 1))
      counterexample: {'arg1': '0', 'arg0': '9223372036854775808'}
[249/507] c/op_288
      DIFFER                     answer width 32
      x86   : Concat(0, If(Extract(31, 0, v0) == 0, 0, 1) | If(v1 == 0, 0, 1))
      riscv : Concat(0, If(Concat(0, v0 | v1) <= 0, 0, 1))
      counterexample: {'arg1': '12901732129666236416', 'arg0': '0'}
[250/507] c/op_289
      EQUAL_BY_Z3                answer width 8
      x86   : If(v0 | v1 == 0, 0, 1)
      riscv : Concat(0, If(Concat(0, v0 | v1) <= 0, 0, 1))
[251/507] c/op_290
      EQUAL_BY_Z3                answer width 8
      x86   : If(v0 | v1 == 0, 0, 1)
      riscv : Concat(0, If(Concat(0, v0 | v1) <= 0, 0, 1))
[252/507] c/op_291
      DIFFER                     answer width 32
      x86   : Concat(0, If(v1 == 0, 0, 1) | If(fpIsNaN(fpToFP(Extract(31, 0, v0))), 1, 0) | If(Or(fpIsNaN(fpToFP(Extract(31, 0, v0))), Not(fpEQ(fpToFP(Extract(31, 0, v0)), +0.0))), 1, 0))
      riscv : Concat(0, If(Concat(0, v1) <= 0, 0, 1) | If(fpEQ(fpToFP(If(Extract(63, 32, v0) == 4294967295, Extract(31, 0, v0), 2143289344)), +0.0), 0, 1))
      counterexample: {'arg0': '0', 'arg1': '429563685992660992'}
[253/507] c/op_292
      EQUAL_BY_Z3                answer width 32
      x86   : Concat(0, If(v1 == 0, 0, 1) | If(fpIsNaN(fpToFP(Extract(63, 0, v0))), 1, 0) | If(Or(fpIsNaN(fpToFP(Extract(63, 0, v0))), Not(fpEQ(fpToFP(Extract(63, 0, v0)), +0.0))), 1, 0))
      riscv : Concat(0, If(Concat(0, v1) <= 0, 0, 1) | If(fpEQ(fpToFP(Extract(63, 0, v0)), +0.0), 0, 1))
[254/507] c/op_293
      DIFFER                     answer width 32
      x86   : Concat(0, Extract(7, 0, v0) | If(v1 == 0, 0, 1))
      riscv : Concat(Extract(31, 1, v0), Extract(0, 0, v0) | If(Concat(0, v1) <= 0, 0, 1))
      counterexample: {'arg1': '2147483648', 'arg0': '0'}
[255/507] c/op_294
      DIFFER                     answer width 32
      x86   : Concat(0, If(Extract(31, 0, v0) == 0, 0, 1) | If(v1 == 0, 0, 1))
      riscv : Concat(0, If(Concat(0, v0 | v1) <= 0, 0, 1))
      counterexample: {'arg1': '12901732129666236416', 'arg0': '0'}
[256/507] c/op_295
      EQUAL_BY_Z3                answer width 8
      x86   : If(v0 | v1 == 0, 0, 1)
      riscv : Concat(0, If(Concat(0, v0 | v1) <= 0, 0, 1))
[257/507] c/op_296
      EQUAL_BY_Z3                answer width 8
      x86   : If(v0 | v1 == 0, 0, 1)
      riscv : Concat(0, If(Concat(0, v0 | v1) <= 0, 0, 1))
[258/507] c/op_297
      DIFFER                     answer width 32
      x86   : Concat(0, If(v1 == 0, 0, 1) | If(fpIsNaN(fpToFP(Extract(31, 0, v0))), 1, 0) | If(Or(fpIsNaN(fpToFP(Extract(31, 0, v0))), Not(fpEQ(fpToFP(Extract(31, 0, v0)), +0.0))), 1, 0))
      riscv : Concat(0, If(Concat(0, v1) <= 0, 0, 1) | If(fpEQ(fpToFP(If(Extract(63, 32, v0) == 4294967295, Extract(31, 0, v0), 2143289344)), +0.0), 0, 1))
      counterexample: {'arg0': '0', 'arg1': '6454337953186447360'}
[259/507] c/op_298
      EQUAL_BY_Z3                answer width 32
      x86   : Concat(0, If(v1 == 0, 0, 1) | If(fpIsNaN(fpToFP(Extract(63, 0, v0))), 1, 0) | If(Or(fpIsNaN(fpToFP(Extract(63, 0, v0))), Not(fpEQ(fpToFP(Extract(63, 0, v0)), +0.0))), 1, 0))
      riscv : Concat(0, If(Concat(0, v1) <= 0, 0, 1) | If(fpEQ(fpToFP(Extract(63, 0, v0)), +0.0), 0, 1))
[260/507] c/op_299
      DIFFER                     answer width 32
      x86   : Concat(0, Extract(7, 0, v0) | If(v1 == 0, 0, 1))
      riscv : Concat(Extract(31, 1, v0), Extract(0, 0, v0) | If(Concat(0, v1) <= 0, 0, 1))
      counterexample: {'arg1': '2147483648', 'arg0': '0'}
[261/507] c/op_300
      DIFFER                     answer width 32
      x86   : Concat(0, If(Extract(31, 0, v1) == 0, 0, 1) | If(fpIsNaN(fpToFP(Extract(31, 0, v0))), 1, 0) | If(Or(fpIsNaN(fpToFP(Extract(31, 0, v0))), Not(fpEQ(fpToFP(Extract(31, 0, v0)), +0.0))), 1, 0))
      riscv : Concat(0, If(Concat(0, v1) <= 0, 0, 1) | If(fpEQ(fpToFP(If(Extract(63, 32, v0) == 4294967295, Extract(31, 0, v0), 2143289344)), +0.0), 0, 1))
      counterexample: {'arg1': '0', 'arg0': '0'}
[262/507] c/op_301
      DIFFER                     answer width 32
      x86   : Concat(0, If(v1 == 0, 0, 1) | If(fpIsNaN(fpToFP(Extract(31, 0, v0))), 1, 0) | If(Or(fpIsNaN(fpToFP(Extract(31, 0, v0))), Not(fpEQ(fpToFP(Extract(31, 0, v0)), +0.0))), 1, 0))
      riscv : Concat(0, If(Concat(0, v1) <= 0, 0, 1) | If(fpEQ(fpToFP(If(Extract(63, 32, v0) == 4294967295, Extract(31, 0, v0), 2143289344)), +0.0), 0, 1))
      counterexample: {'arg1': '0', 'arg0': '10730747230223859712'}
[263/507] c/op_302
      DIFFER                     answer width 32
      x86   : Concat(0, If(v1 == 0, 0, 1) | If(fpIsNaN(fpToFP(Extract(31, 0, v0))), 1, 0) | If(Or(fpIsNaN(fpToFP(Extract(31, 0, v0))), Not(fpEQ(fpToFP(Extract(31, 0, v0)), +0.0))), 1, 0))
      riscv : Concat(0, If(Concat(0, v1) <= 0, 0, 1) | If(fpEQ(fpToFP(If(Extract(63, 32, v0) == 4294967295, Extract(31, 0, v0), 2143289344)), +0.0), 0, 1))
      counterexample: {'arg1': '0', 'arg0': '10421459434726227968'}
[264/507] c/op_303
      DIFFER                     answer width 32
      x86   : Concat(0, If(And(fpEQ(fpToFP(Extract(31, 0, v0)), +0.0), Not(fpIsNaN(fpToFP(Extract(31, 0, v0))))), 0, 1) | If(And(fpEQ(fpToFP(Extract(31, 0, v1)), +0.0), Not(fpIsNaN(fpToFP(Extract(31, 0, v1))))), 0, 1))
      riscv : Concat(0, If(fpEQ(fpToFP(If(Extract(63, 32, v0) == 4294967295, Extract(31, 0, v0), 2143289344)), +0.0), 0, 1) | If(fpEQ(fpToFP(If(Extract(63, 32, v1) == 4294967295, Extract(31, 0, v1), 2143289344)), +0.0), 0, 1))
      counterexample: {'arg1': '14224682271306153984', 'arg0': '18446744071562067968'}
[265/507] c/op_304
      DIFFER                     answer width 32
      x86   : Concat(0, If(fpIsNaN(fpToFP(Extract(63, 0, v0))), 1, 0) | If(fpIsNaN(fpToFP(Extract(31, 0, v1))), 1, 0) | If(Or(fpIsNaN(fpToFP(Extract(63, 0, v0))), Not(fpEQ(fpToFP(Extract(63, 0, v0)), +0.0))), 1, 0) | If(Or(fpIsNaN(fpToFP(Extract(31, 0, v1))), Not(fpEQ(fpToFP(Extract(31, 0, v1)), +0.0))), 1, 0))
      riscv : Concat(0, If(fpEQ(fpToFP(Extract(63, 0, v0)), +0.0), 0, 1) | If(fpEQ(fpToFP(If(Extract(63, 32, v1) == 4294967295, Extract(31, 0, v1), 2143289344)), +0.0), 0, 1))
      counterexample: {'arg0': '0', 'arg1': '0'}
[266/507] c/op_305
      DIFFER                     answer width 32
      x86   : Concat(0, Extract(7, 0, v1) | If(fpIsNaN(fpToFP(Extract(31, 0, v0))), 1, 0) | If(Or(fpIsNaN(fpToFP(Extract(31, 0, v0))), Not(fpEQ(fpToFP(Extract(31, 0, v0)), +0.0))), 1, 0))
      riscv : Concat(Extract(31, 1, v1), Extract(0, 0, v1) | If(fpEQ(fpToFP(If(Extract(63, 32, v0) == 4294967295, Extract(31, 0, v0), 2143289344)), +0.0), 0, 1))
      counterexample: {'arg1': '0', 'arg0': '0'}
[267/507] c/op_306
      DIFFER                     answer width 32
      x86   : Concat(0, If(Extract(31, 0, v1) == 0, 0, 1) | If(fpIsNaN(fpToFP(Extract(63, 0, v0))), 1, 0) | If(Or(fpIsNaN(fpToFP(Extract(63, 0, v0))), Not(fpEQ(fpToFP(Extract(63, 0, v0)), +0.0))), 1, 0))
      riscv : Concat(0, If(Concat(0, v1) <= 0, 0, 1) | If(fpEQ(fpToFP(Extract(63, 0, v0)), +0.0), 0, 1))
      counterexample: {'arg1': '3299101552723099648', 'arg0': '0'}
[268/507] c/op_307
      EQUAL_BY_Z3                answer width 32
      x86   : Concat(0, If(v1 == 0, 0, 1) | If(fpIsNaN(fpToFP(Extract(63, 0, v0))), 1, 0) | If(Or(fpIsNaN(fpToFP(Extract(63, 0, v0))), Not(fpEQ(fpToFP(Extract(63, 0, v0)), +0.0))), 1, 0))
      riscv : Concat(0, If(Concat(0, v1) <= 0, 0, 1) | If(fpEQ(fpToFP(Extract(63, 0, v0)), +0.0), 0, 1))
[269/507] c/op_308
      EQUAL_BY_Z3                answer width 32
      x86   : Concat(0, If(v1 == 0, 0, 1) | If(fpIsNaN(fpToFP(Extract(63, 0, v0))), 1, 0) | If(Or(fpIsNaN(fpToFP(Extract(63, 0, v0))), Not(fpEQ(fpToFP(Extract(63, 0, v0)), +0.0))), 1, 0))
      riscv : Concat(0, If(Concat(0, v1) <= 0, 0, 1) | If(fpEQ(fpToFP(Extract(63, 0, v0)), +0.0), 0, 1))
[270/507] c/op_309
      DIFFER                     answer width 32
      x86   : Concat(0, If(fpIsNaN(fpToFP(Extract(63, 0, v0))), 1, 0) | If(fpIsNaN(fpToFP(Extract(31, 0, v1))), 1, 0) | If(Or(fpIsNaN(fpToFP(Extract(63, 0, v0))), Not(fpEQ(fpToFP(Extract(63, 0, v0)), +0.0))), 1, 0) | If(Or(fpIsNaN(fpToFP(Extract(31, 0, v1))), Not(fpEQ(fpToFP(Extract(31, 0, v1)), +0.0))), 1, 0))
      riscv : Concat(0, If(fpEQ(fpToFP(Extract(63, 0, v0)), +0.0), 0, 1) | If(fpEQ(fpToFP(If(Extract(63, 32, v1) == 4294967295, Extract(31, 0, v1), 2143289344)), +0.0), 0, 1))
      counterexample: {'arg1': '0', 'arg0': '0'}
[271/507] c/op_310
      EQUAL_BY_Z3                answer width 32
      x86   : Concat(0, If(And(fpEQ(fpToFP(Extract(63, 0, v0)), +0.0), Not(fpIsNaN(fpToFP(Extract(63, 0, v0))))), 0, 1) | If(And(fpEQ(fpToFP(Extract(63, 0, v1)), +0.0), Not(fpIsNaN(fpToFP(Extract(63, 0, v1))))), 0, 1))
      riscv : Concat(0, If(fpEQ(fpToFP(Extract(63, 0, v0)), +0.0), 0, 1) | If(fpEQ(fpToFP(Extract(63, 0, v1)), +0.0), 0, 1))
[272/507] c/op_311
      DIFFER                     answer width 32
      x86   : Concat(0, Extract(7, 0, v1) | If(fpIsNaN(fpToFP(Extract(63, 0, v0))), 1, 0) | If(Or(fpIsNaN(fpToFP(Extract(63, 0, v0))), Not(fpEQ(fpToFP(Extract(63, 0, v0)), +0.0))), 1, 0))
      riscv : Concat(Extract(31, 1, v1), Extract(0, 0, v1) | If(fpEQ(fpToFP(Extract(63, 0, v0)), +0.0), 0, 1))
      counterexample: {'arg1': '1024', 'arg0': '0'}
[273/507] c/op_312
      DIFFER                     answer width 32
      x86   : Concat(0, Extract(7, 0, v0) | If(Extract(31, 0, v1) == 0, 0, 1))
      riscv : Concat(Extract(31, 1, v0), Extract(0, 0, v0) | If(Concat(0, v1) <= 0, 0, 1))
      counterexample: {'arg1': '9223372036854775808', 'arg0': '0'}
[274/507] c/op_313
      DIFFER                     answer width 32
      x86   : Concat(0, Extract(7, 0, v0) | If(v1 == 0, 0, 1))
      riscv : Concat(Extract(31, 1, v0), Extract(0, 0, v0) | If(Concat(0, v1) <= 0, 0, 1))
      counterexample: {'arg1': '0', 'arg0': '2147483648'}
[275/507] c/op_314
      DIFFER                     answer width 32
      x86   : Concat(0, Extract(7, 0, v0) | If(v1 == 0, 0, 1))
      riscv : Concat(Extract(31, 1, v0), Extract(0, 0, v0) | If(Concat(0, v1) <= 0, 0, 1))
      counterexample: {'arg1': '0', 'arg0': '2147483648'}
[276/507] c/op_315
      DIFFER                     answer width 32
      x86   : Concat(0, Extract(7, 0, v1) | If(fpIsNaN(fpToFP(Extract(31, 0, v0))), 1, 0) | If(Or(fpIsNaN(fpToFP(Extract(31, 0, v0))), Not(fpEQ(fpToFP(Extract(31, 0, v0)), +0.0))), 1, 0))
      riscv : Concat(Extract(31, 1, v1), Extract(0, 0, v1) | If(fpEQ(fpToFP(If(Extract(63, 32, v0) == 4294967295, Extract(31, 0, v0), 2143289344)), +0.0), 0, 1))
      counterexample: {'arg0': '0', 'arg1': '12417461027157835776'}
[277/507] c/op_316
      DIFFER                     answer width 32
      x86   : Concat(0, Extract(7, 0, v1) | If(fpIsNaN(fpToFP(Extract(63, 0, v0))), 1, 0) | If(Or(fpIsNaN(fpToFP(Extract(63, 0, v0))), Not(fpEQ(fpToFP(Extract(63, 0, v0)), +0.0))), 1, 0))
      riscv : Concat(Extract(31, 1, v1), Extract(0, 0, v1) | If(fpEQ(fpToFP(Extract(63, 0, v0)), +0.0), 0, 1))
      counterexample: {'arg0': '2147483648', 'arg1': '0'}
[278/507] c/op_317
      IDENTICAL_AFTER_NORMALIZE  answer width 32
      x86   : Extract(31, 0, v0) | Extract(31, 0, v1)
      riscv : Extract(31, 0, v0) | Extract(31, 0, v1)
[279/507] c/op_318
      DIFFER                     answer width 32
      x86   : Concat(0, ~(If(Extract(31, 0, v0) == 0, 255, 254) | If(Extract(31, 0, v1) == 0, 255, 254)))
      riscv : ~(Concat(2147483647, If(Concat(0, v0) <= 0, 1, 0)) | Concat(2147483647, If(Concat(0, v1) <= 0, 1, 0)))
      counterexample: {'arg1': '2147483648', 'arg0': '9223372036854775808'}
[280/507] c/op_319
      DIFFER                     answer width 32
      x86   : Concat(0, ~(If(Extract(31, 0, v0) == 0, 255, 254) | If(v1 == 0, 255, 254)))
      riscv : ~(Concat(2147483647, If(Concat(0, v0) <= 0, 1, 0)) | Concat(2147483647, If(Concat(0, v1) <= 0, 1, 0)))
      counterexample: {'arg1': '9223372036854775808', 'arg0': '15571503033723387904'}
[281/507] c/op_320
      DIFFER                     answer width 32
      x86   : Concat(0, ~(If(Extract(31, 0, v0) == 0, 255, 254) | If(v1 == 0, 255, 254)))
      riscv : ~(Concat(2147483647, If(Concat(0, v0) <= 0, 1, 0)) | Concat(2147483647, If(Concat(0, v1) <= 0, 1, 0)))
      counterexample: {'arg1': '9223372036854775808', 'arg0': '15571503033723387904'}
[282/507] c/op_321
      DIFFER                     answer width 32
      x86   : Concat(0, ~(~(If(fpIsNaN(fpToFP(Extract(31, 0, v0))), 1, 0) | If(Or(fpIsNaN(fpToFP(Extract(31, 0, v0))), Not(fpEQ(fpToFP(Extract(31, 0, v0)), +0.0))), 1, 0)) | If(Extract(31, 0, v1) == 0, 255, 254)))
      riscv : Concat(0, ~(If(Concat(0, v1) <= 0, 1, 0) | If(fpEQ(fpToFP(If(Extract(63, 32, v0) == 4294967295, Extract(31, 0, v0), 2143289344)), +0.0), 1, 0)))
      counterexample: {'arg0': '3574348794', 'arg1': '18275438446262616064'}
[283/507] c/op_322
      DIFFER                     answer width 32
      x86   : Concat(0, ~(~(If(fpIsNaN(fpToFP(Extract(63, 0, v0))), 1, 0) | If(Or(fpIsNaN(fpToFP(Extract(63, 0, v0))), Not(fpEQ(fpToFP(Extract(63, 0, v0)), +0.0))), 1, 0)) | If(Extract(31, 0, v1) == 0, 255, 254)))
      riscv : Concat(0, ~(If(Concat(0, v1) <= 0, 1, 0) | If(fpEQ(fpToFP(Extract(63, 0, v0)), +0.0), 1, 0)))
      counterexample: {'arg0': '2305843009213693952', 'arg1': '9218868437227405313'}
[284/507] c/op_323
      DIFFER                     answer width 32
      x86   : Concat(0, ~(~Extract(7, 0, v0) | If(Extract(31, 0, v1) == 0, 255, 254)))
      riscv : Concat(0, ~(~Extract(0, 0, v0) | If(Concat(0, v1) <= 0, 1, 0)))
      counterexample: {'arg0': '15571503033723387904', 'arg1': '1'}
[285/507] c/op_324
      DIFFER                     answer width 32
      x86   : Concat(0, ~(If(Extract(31, 0, v0) == 0, 255, 254) | If(v1 == 0, 255, 254)))
      riscv : ~(Concat(2147483647, If(Concat(0, v0) <= 0, 1, 0)) | Concat(2147483647, If(Concat(0, v1) <= 0, 1, 0)))
      counterexample: {'arg1': '15571503033723387904', 'arg0': '9223372036854775808'}
[286/507] c/op_325
      EQUAL_BY_Z3                answer width 32
      x86   : Concat(0, ~(If(v0 == 0, 255, 254) | If(v1 == 0, 255, 254)))
      riscv : ~(Concat(2147483647, If(Concat(0, v0) <= 0, 1, 0)) | Concat(2147483647, If(Concat(0, v1) <= 0, 1, 0)))
[287/507] c/op_326
      EQUAL_BY_Z3                answer width 32
      x86   : Concat(0, ~(If(v0 == 0, 255, 254) | If(v1 == 0, 255, 254)))
      riscv : ~(Concat(2147483647, If(Concat(0, v0) <= 0, 1, 0)) | Concat(2147483647, If(Concat(0, v1) <= 0, 1, 0)))
[288/507] c/op_327
      DIFFER                     answer width 32
      x86   : Concat(0, ~(~(If(fpIsNaN(fpToFP(Extract(31, 0, v0))), 1, 0) | If(Or(fpIsNaN(fpToFP(Extract(31, 0, v0))), Not(fpEQ(fpToFP(Extract(31, 0, v0)), +0.0))), 1, 0)) | If(v1 == 0, 255, 254)))
      riscv : Concat(0, ~(If(Concat(0, v1) <= 0, 1, 0) | If(fpEQ(fpToFP(If(Extract(63, 32, v0) == 4294967295, Extract(31, 0, v0), 2143289344)), +0.0), 1, 0)))
      counterexample: {'arg0': '15355154821904892881', 'arg1': '18418713332576944128'}
[289/507] c/op_328
      EQUAL_BY_Z3                answer width 32
      x86   : Concat(0, ~(~(If(fpIsNaN(fpToFP(Extract(63, 0, v0))), 1, 0) | If(Or(fpIsNaN(fpToFP(Extract(63, 0, v0))), Not(fpEQ(fpToFP(Extract(63, 0, v0)), +0.0))), 1, 0)) | If(v1 == 0, 255, 254)))
      riscv : Concat(0, ~(If(Concat(0, v1) <= 0, 1, 0) | If(fpEQ(fpToFP(Extract(63, 0, v0)), +0.0), 1, 0)))
[290/507] c/op_329
      EQUAL_BY_Z3                answer width 32
      x86   : Concat(0, ~(~Extract(7, 0, v0) | If(v1 == 0, 255, 254)))
      riscv : Concat(0, ~(~Extract(0, 0, v0) | If(Concat(0, v1) <= 0, 1, 0)))
[291/507] c/op_330
      DIFFER                     answer width 32
      x86   : Concat(0, ~(If(Extract(31, 0, v0) == 0, 255, 254) | If(v1 == 0, 255, 254)))
      riscv : ~(Concat(2147483647, If(Concat(0, v0) <= 0, 1, 0)) | Concat(2147483647, If(Concat(0, v1) <= 0, 1, 0)))
      counterexample: {'arg1': '15571503033723387904', 'arg0': '9223372036854775808'}
[292/507] c/op_331
      EQUAL_BY_Z3                answer width 32
      x86   : Concat(0, ~(If(v0 == 0, 255, 254) | If(v1 == 0, 255, 254)))
      riscv : ~(Concat(2147483647, If(Concat(0, v0) <= 0, 1, 0)) | Concat(2147483647, If(Concat(0, v1) <= 0, 1, 0)))
[293/507] c/op_332
      EQUAL_BY_Z3                answer width 32
      x86   : Concat(0, ~(If(v0 == 0, 255, 254) | If(v1 == 0, 255, 254)))
      riscv : ~(Concat(2147483647, If(Concat(0, v0) <= 0, 1, 0)) | Concat(2147483647, If(Concat(0, v1) <= 0, 1, 0)))
[294/507] c/op_333
      DIFFER                     answer width 32
      x86   : Concat(0, ~(~(If(fpIsNaN(fpToFP(Extract(31, 0, v0))), 1, 0) | If(Or(fpIsNaN(fpToFP(Extract(31, 0, v0))), Not(fpEQ(fpToFP(Extract(31, 0, v0)), +0.0))), 1, 0)) | If(v1 == 0, 255, 254)))
      riscv : Concat(0, ~(If(Concat(0, v1) <= 0, 1, 0) | If(fpEQ(fpToFP(If(Extract(63, 32, v0) == 4294967295, Extract(31, 0, v0), 2143289344)), +0.0), 1, 0)))
      counterexample: {'arg0': '12263565570099938257', 'arg1': '14010855484081307648'}
[295/507] c/op_334
      EQUAL_BY_Z3                answer width 32
      x86   : Concat(0, ~(~(If(fpIsNaN(fpToFP(Extract(63, 0, v0))), 1, 0) | If(Or(fpIsNaN(fpToFP(Extract(63, 0, v0))), Not(fpEQ(fpToFP(Extract(63, 0, v0)), +0.0))), 1, 0)) | If(v1 == 0, 255, 254)))
      riscv : Concat(0, ~(If(Concat(0, v1) <= 0, 1, 0) | If(fpEQ(fpToFP(Extract(63, 0, v0)), +0.0), 1, 0)))
[296/507] c/op_335
      EQUAL_BY_Z3                answer width 32
      x86   : Concat(0, ~(~Extract(7, 0, v0) | If(v1 == 0, 255, 254)))
      riscv : Concat(0, ~(~Extract(0, 0, v0) | If(Concat(0, v1) <= 0, 1, 0)))
[297/507] c/op_336
      DIFFER                     answer width 32
      x86   : Concat(0, ~(~(If(fpIsNaN(fpToFP(Extract(31, 0, v0))), 1, 0) | If(Or(fpIsNaN(fpToFP(Extract(31, 0, v0))), Not(fpEQ(fpToFP(Extract(31, 0, v0)), +0.0))), 1, 0)) | If(Extract(31, 0, v1) == 0, 255, 254)))
      riscv : Concat(0, ~(If(Concat(0, v1) <= 0, 1, 0) | If(fpEQ(fpToFP(If(Extract(63, 32, v0) == 4294967295, Extract(31, 0, v0), 2143289344)), +0.0), 1, 0)))
      counterexample: {'arg1': '1099511627776', 'arg0': '18446744073701195776'}
[298/507] c/op_337
      DIFFER                     answer width 32
      x86   : Concat(0, ~(~(If(fpIsNaN(fpToFP(Extract(31, 0, v0))), 1, 0) | If(Or(fpIsNaN(fpToFP(Extract(31, 0, v0))), Not(fpEQ(fpToFP(Extract(31, 0, v0)), +0.0))), 1, 0)) | If(v1 == 0, 255, 254)))
      riscv : Concat(0, ~(If(Concat(0, v1) <= 0, 1, 0) | If(fpEQ(fpToFP(If(Extract(63, 32, v0) == 4294967295, Extract(31, 0, v0), 2143289344)), +0.0), 1, 0)))
      counterexample: {'arg1': '15355154821904892881', 'arg0': '3258455457555021824'}
[299/507] c/op_338
      DIFFER                     answer width 32
      x86   : Concat(0, ~(~(If(fpIsNaN(fpToFP(Extract(31, 0, v0))), 1, 0) | If(Or(fpIsNaN(fpToFP(Extract(31, 0, v0))), Not(fpEQ(fpToFP(Extract(31, 0, v0)), +0.0))), 1, 0)) | If(v1 == 0, 255, 254)))
      riscv : Concat(0, ~(If(Concat(0, v1) <= 0, 1, 0) | If(fpEQ(fpToFP(If(Extract(63, 32, v0) == 4294967295, Extract(31, 0, v0), 2143289344)), +0.0), 1, 0)))
      counterexample: {'arg1': '15355154821904892881', 'arg0': '5026789580326567936'}
[300/507] c/op_339
      DIFFER                     answer width 32
      x86   : ~(If(And(fpEQ(fpToFP(Extract(31, 0, v0)), +0.0), Not(fpIsNaN(fpToFP(Extract(31, 0, v0))))), 4294967295, 0) | If(And(fpEQ(fpToFP(Extract(31, 0, v1)), +0.0), Not(fpIsNaN(fpToFP(Extract(31, 0, v1))))), 4294967295, 0) | 4294967294)
      riscv : Concat(0, ~(If(fpEQ(fpToFP(If(Extract(63, 32, v0) == 4294967295, Extract(31, 0, v0), 2143289344)), +0.0), 1, 0) | If(fpEQ(fpToFP(If(Extract(63, 32, v1) == 4294967295, Extract(31, 0, v1), 2143289344)), +0.0), 1, 0)))
      counterexample: {'arg0': '18446744073701163040', 'arg1': '14190880206524252160'}
[301/507] c/op_340
      DIFFER                     answer width 32
      x86   : Concat(0, ~(~(If(fpIsNaN(fpToFP(Extract(63, 0, v0))), 1, 0) | If(Or(fpIsNaN(fpToFP(Extract(63, 0, v0))), Not(fpEQ(fpToFP(Extract(63, 0, v0)), +0.0))), 1, 0)) | ~(If(fpIsNaN(fpToFP(Extract(31, 0, v1))), 1, 0) | If(Or(fpIsNaN(fpToFP(Extract(31, 0, v1))), Not(fpEQ(fpToFP(Extract(31, 0, v1)), +0.0))), 1, 0))))
      riscv : Concat(0, ~(If(fpEQ(fpToFP(Extract(63, 0, v0)), +0.0), 1, 0) | If(fpEQ(fpToFP(If(Extract(63, 32, v1) == 4294967295, Extract(31, 0, v1), 2143289344)), +0.0), 1, 0)))
      counterexample: {'arg0': '0', 'arg1': '9218868437495840768'}
[302/507] c/op_341
      DIFFER                     answer width 32
      x86   : Concat(0, ~(~(If(fpIsNaN(fpToFP(Extract(31, 0, v0))), 1, 0) | If(Or(fpIsNaN(fpToFP(Extract(31, 0, v0))), Not(fpEQ(fpToFP(Extract(31, 0, v0)), +0.0))), 1, 0)) | ~Extract(7, 0, v1)))
      riscv : Concat(Extract(31, 1, v1), ~(~Extract(0, 0, v1) | If(fpEQ(fpToFP(If(Extract(63, 32, v0) == 4294967295, Extract(31, 0, v0), 2143289344)), +0.0), 1, 0)))
      counterexample: {'arg1': '1', 'arg0': '0'}
[303/507] c/op_342
      DIFFER                     answer width 32
      x86   : Concat(0, ~(~(If(fpIsNaN(fpToFP(Extract(63, 0, v0))), 1, 0) | If(Or(fpIsNaN(fpToFP(Extract(63, 0, v0))), Not(fpEQ(fpToFP(Extract(63, 0, v0)), +0.0))), 1, 0)) | If(Extract(31, 0, v1) == 0, 255, 254)))
      riscv : Concat(0, ~(If(Concat(0, v1) <= 0, 1, 0) | If(fpEQ(fpToFP(Extract(63, 0, v0)), +0.0), 1, 0)))
      counterexample: {'arg1': '35184372088832', 'arg0': '9218868437227405313'}
[304/507] c/op_343
      EQUAL_BY_Z3                answer width 32
      x86   : Concat(0, ~(~(If(fpIsNaN(fpToFP(Extract(63, 0, v0))), 1, 0) | If(Or(fpIsNaN(fpToFP(Extract(63, 0, v0))), Not(fpEQ(fpToFP(Extract(63, 0, v0)), +0.0))), 1, 0)) | If(v1 == 0, 255, 254)))
      riscv : Concat(0, ~(If(Concat(0, v1) <= 0, 1, 0) | If(fpEQ(fpToFP(Extract(63, 0, v0)), +0.0), 1, 0)))
[305/507] c/op_344
      EQUAL_BY_Z3                answer width 32
      x86   : Concat(0, ~(~(If(fpIsNaN(fpToFP(Extract(63, 0, v0))), 1, 0) | If(Or(fpIsNaN(fpToFP(Extract(63, 0, v0))), Not(fpEQ(fpToFP(Extract(63, 0, v0)), +0.0))), 1, 0)) | If(v1 == 0, 255, 254)))
      riscv : Concat(0, ~(If(Concat(0, v1) <= 0, 1, 0) | If(fpEQ(fpToFP(Extract(63, 0, v0)), +0.0), 1, 0)))
[306/507] c/op_345
      DIFFER                     answer width 32
      x86   : Concat(0, ~(~(If(fpIsNaN(fpToFP(Extract(63, 0, v0))), 1, 0) | If(Or(fpIsNaN(fpToFP(Extract(63, 0, v0))), Not(fpEQ(fpToFP(Extract(63, 0, v0)), +0.0))), 1, 0)) | ~(If(fpIsNaN(fpToFP(Extract(31, 0, v1))), 1, 0) | If(Or(fpIsNaN(fpToFP(Extract(31, 0, v1))), Not(fpEQ(fpToFP(Extract(31, 0, v1)), +0.0))), 1, 0))))
      riscv : Concat(0, ~(If(fpEQ(fpToFP(Extract(63, 0, v0)), +0.0), 1, 0) | If(fpEQ(fpToFP(If(Extract(63, 32, v1) == 4294967295, Extract(31, 0, v1), 2143289344)), +0.0), 1, 0)))
      counterexample: {'arg1': '0', 'arg0': '9218868439374888960'}
[307/507] c/op_346
      EQUAL_BY_Z3                answer width 32
      x86   : ~(If(And(fpEQ(fpToFP(Extract(63, 0, v0)), +0.0), Not(fpIsNaN(fpToFP(Extract(63, 0, v0))))), 4294967295, 0) | If(And(fpEQ(fpToFP(Extract(63, 0, v1)), +0.0), Not(fpIsNaN(fpToFP(Extract(63, 0, v1))))), 4294967295, 0) | 4294967294)
      riscv : Concat(0, ~(If(fpEQ(fpToFP(Extract(63, 0, v0)), +0.0), 1, 0) | If(fpEQ(fpToFP(Extract(63, 0, v1)), +0.0), 1, 0)))
[308/507] c/op_347
      DIFFER                     answer width 32
      x86   : Concat(0, ~(~(If(fpIsNaN(fpToFP(Extract(63, 0, v0))), 1, 0) | If(Or(fpIsNaN(fpToFP(Extract(63, 0, v0))), Not(fpEQ(fpToFP(Extract(63, 0, v0)), +0.0))), 1, 0)) | ~Extract(7, 0, v1)))
      riscv : Concat(Extract(31, 1, v1), ~(~Extract(0, 0, v1) | If(fpEQ(fpToFP(Extract(63, 0, v0)), +0.0), 1, 0)))
      counterexample: {'arg1': '134217728', 'arg0': '0'}
[309/507] c/op_348
      DIFFER                     answer width 32
      x86   : Concat(0, ~(~Extract(7, 0, v0) | If(Extract(31, 0, v1) == 0, 255, 254)))
      riscv : Concat(0, ~(~Extract(0, 0, v0) | If(Concat(0, v1) <= 0, 1, 0)))
      counterexample: {'arg1': '15571503033723387904', 'arg0': '1'}
[310/507] c/op_349
      EQUAL_BY_Z3                answer width 32
      x86   : Concat(0, ~(~Extract(7, 0, v0) | If(v1 == 0, 255, 254)))
      riscv : Concat(0, ~(~Extract(0, 0, v0) | If(Concat(0, v1) <= 0, 1, 0)))
[311/507] c/op_350
      EQUAL_BY_Z3                answer width 32
      x86   : Concat(0, ~(~Extract(7, 0, v0) | If(v1 == 0, 255, 254)))
      riscv : Concat(0, ~(~Extract(0, 0, v0) | If(Concat(0, v1) <= 0, 1, 0)))
[312/507] c/op_351
      DIFFER                     answer width 32
      x86   : Concat(0, ~(~(If(fpIsNaN(fpToFP(Extract(31, 0, v0))), 1, 0) | If(Or(fpIsNaN(fpToFP(Extract(31, 0, v0))), Not(fpEQ(fpToFP(Extract(31, 0, v0)), +0.0))), 1, 0)) | ~Extract(7, 0, v1)))
      riscv : Concat(0, ~(~Extract(0, 0, v1) | If(fpEQ(fpToFP(If(Extract(63, 32, v0) == 4294967295, Extract(31, 0, v0), 2143289344)), +0.0), 1, 0)))
      counterexample: {'arg0': '1', 'arg1': '11040048447494291456'}
[313/507] c/op_352
      EQUAL_BY_Z3                answer width 32
      x86   : Concat(0, ~(~(If(fpIsNaN(fpToFP(Extract(63, 0, v0))), 1, 0) | If(Or(fpIsNaN(fpToFP(Extract(63, 0, v0))), Not(fpEQ(fpToFP(Extract(63, 0, v0)), +0.0))), 1, 0)) | ~Extract(7, 0, v1)))
      riscv : Concat(0, ~(~Extract(0, 0, v1) | If(fpEQ(fpToFP(Extract(63, 0, v0)), +0.0), 1, 0)))
[314/507] c/op_353
      IDENTICAL_AFTER_NORMALIZE  answer width 32
      x86   : ~(~Extract(31, 0, v0) | ~Extract(31, 0, v1))
      riscv : ~(~Extract(31, 0, v0) | ~Extract(31, 0, v1))
[315/507] c/op_354
      IDENTICAL_AFTER_NORMALIZE  answer width 32
      x86   : Extract(31, 0, v0) | Extract(31, 0, v1)
      riscv : Extract(31, 0, v0) | Extract(31, 0, v1)
[316/507] c/op_355
      DIFFER                     answer width 64
      x86   : Concat(Extract(31, 31, v0) | Extract(63, 63, v1), Extract(31, 31, v0) | Extract(62, 62, v1), Concat(Extract(31, 31, v0), Extract(31, 31, v0), Extract(31, 31, v0), Extract(31, 31, v0), Extract(31, 31, v0), Extract(31, 31, v0), Extract(31, 31, v0), Extract(31, 31, v0), Extract(31, 31, v0), Extract(31, 31, v0), Extract(31, 31, v0), Extract(31, 31, v0), Extract(31, 31, v0), Extract(31, 31, v0), Extract(31, 31, v0), Extract(31, 31, v0), Extract(31, 31, v0), Extract(31, 31, v0), Extract(31, 31, v0), Extract(31, 31, v0), Extract(31, 31, v0), Extract(31, 31, v0), Extract(31, 31, v0), Extract(31, 31, v0), Extract(31, 31, v0), Extract(31, 31, v0), Extract(31, 31, v0), Extract(31, 31, v0), Extract(31, 31, v0), Extract(31, 31, v0), Extract(31, 0, v0)) | Extract(61, 0, v1))
      riscv : v0 | v1
      counterexample: {'arg1': '0', 'arg0': '18446744069414584320'}
[317/507] c/op_356
      DIFFER                     answer width 64
      x86   : Concat(Extract(31, 31, v0) | Extract(63, 63, v1), Extract(31, 31, v0) | Extract(62, 62, v1), Concat(Extract(31, 31, v0), Extract(31, 31, v0), Extract(31, 31, v0), Extract(31, 31, v0), Extract(31, 31, v0), Extract(31, 31, v0), Extract(31, 31, v0), Extract(31, 31, v0), Extract(31, 31, v0), Extract(31, 31, v0), Extract(31, 31, v0), Extract(31, 31, v0), Extract(31, 31, v0), Extract(31, 31, v0), Extract(31, 31, v0), Extract(31, 31, v0), Extract(31, 31, v0), Extract(31, 31, v0), Extract(31, 31, v0), Extract(31, 31, v0), Extract(31, 31, v0), Extract(31, 31, v0), Extract(31, 31, v0), Extract(31, 31, v0), Extract(31, 31, v0), Extract(31, 31, v0), Extract(31, 31, v0), Extract(31, 31, v0), Extract(31, 31, v0), Extract(31, 31, v0), Extract(31, 0, v0)) | Extract(61, 0, v1))
      riscv : v0 | v1
      counterexample: {'arg1': '0', 'arg0': '18446744069414584320'}
[318/507] c/op_359
      IDENTICAL_AFTER_NORMALIZE  answer width 32
      x86   : Extract(31, 0, v0) | Extract(31, 0, v1)
      riscv : Extract(31, 0, v0) | Extract(31, 0, v1)
[319/507] c/op_360
      DIFFER                     answer width 64
      x86   : Concat(Extract(31, 31, v0) | Extract(63, 63, v1), Extract(31, 31, v0) | Extract(62, 62, v1), Concat(Extract(31, 31, v0), Extract(31, 31, v0), Extract(31, 31, v0), Extract(31, 31, v0), Extract(31, 31, v0), Extract(31, 31, v0), Extract(31, 31, v0), Extract(31, 31, v0), Extract(31, 31, v0), Extract(31, 31, v0), Extract(31, 31, v0), Extract(31, 31, v0), Extract(31, 31, v0), Extract(31, 31, v0), Extract(31, 31, v0), Extract(31, 31, v0), Extract(31, 31, v0), Extract(31, 31, v0), Extract(31, 31, v0), Extract(31, 31, v0), Extract(31, 31, v0), Extract(31, 31, v0), Extract(31, 31, v0), Extract(31, 31, v0), Extract(31, 31, v0), Extract(31, 31, v0), Extract(31, 31, v0), Extract(31, 31, v0), Extract(31, 31, v0), Extract(31, 31, v0), Extract(31, 0, v0)) | Extract(61, 0, v1))
      riscv : v0 | v1
      counterexample: {'arg1': '9223372036854775808', 'arg0': '0'}
[320/507] c/op_361
      IDENTICAL_AFTER_NORMALIZE  answer width 64
      x86   : v0 | v1
      riscv : v0 | v1
[321/507] c/op_362
      IDENTICAL_AFTER_NORMALIZE  answer width 64
      x86   : v0 | v1
      riscv : v0 | v1
[322/507] c/op_365
      DIFFER                     answer width 64
      x86   : Concat(Extract(63, 32, v0), Extract(31, 0, v0) | Extract(31, 0, v1))
      riscv : v0 | v1
      counterexample: {'arg1': '18446708885042495488', 'arg0': '0'}
[323/507] c/op_366
      DIFFER                     answer width 64
      x86   : Concat(Extract(31, 31, v0) | Extract(63, 63, v1), Extract(31, 31, v0) | Extract(62, 62, v1), Concat(Extract(31, 31, v0), Extract(31, 31, v0), Extract(31, 31, v0), Extract(31, 31, v0), Extract(31, 31, v0), Extract(31, 31, v0), Extract(31, 31, v0), Extract(31, 31, v0), Extract(31, 31, v0), Extract(31, 31, v0), Extract(31, 31, v0), Extract(31, 31, v0), Extract(31, 31, v0), Extract(31, 31, v0), Extract(31, 31, v0), Extract(31, 31, v0), Extract(31, 31, v0), Extract(31, 31, v0), Extract(31, 31, v0), Extract(31, 31, v0), Extract(31, 31, v0), Extract(31, 31, v0), Extract(31, 31, v0), Extract(31, 31, v0), Extract(31, 31, v0), Extract(31, 31, v0), Extract(31, 31, v0), Extract(31, 31, v0), Extract(31, 31, v0), Extract(31, 31, v0), Extract(31, 0, v0)) | Extract(61, 0, v1))
      riscv : v0 | v1
      counterexample: {'arg1': '9223372036854775808', 'arg0': '0'}
[324/507] c/op_367
      IDENTICAL_AFTER_NORMALIZE  answer width 64
      x86   : v0 | v1
      riscv : v0 | v1
[325/507] c/op_368
      IDENTICAL_AFTER_NORMALIZE  answer width 64
      x86   : v0 | v1
      riscv : v0 | v1
[326/507] c/op_371
      DIFFER                     answer width 64
      x86   : Concat(Extract(63, 32, v0), Extract(31, 0, v0) | Extract(31, 0, v1))
      riscv : v0 | v1
      counterexample: {'arg0': '0', 'arg1': '18446708885042495488'}
[327/507] c/op_384
      IDENTICAL_AFTER_NORMALIZE  answer width 32
      x86   : Extract(31, 0, v0) | Extract(31, 0, v1)
      riscv : Extract(31, 0, v0) | Extract(31, 0, v1)
[328/507] c/op_385
      DIFFER                     answer width 64
      x86   : Concat(Extract(63, 32, v0), Extract(31, 0, v0) | Extract(31, 0, v1))
      riscv : v0 | v1
      counterexample: {'arg1': '0', 'arg0': '18446708885042495488'}
[329/507] c/op_386
      DIFFER                     answer width 64
      x86   : Concat(Extract(63, 32, v0), Extract(31, 0, v0) | Extract(31, 0, v1))
      riscv : v0 | v1
      counterexample: {'arg0': '18446708885042495488', 'arg1': '0'}
[330/507] c/op_389
      IDENTICAL_AFTER_NORMALIZE  answer width 32
      x86   : Extract(31, 0, v0) | Extract(31, 0, v1)
      riscv : Extract(31, 0, v0) | Extract(31, 0, v1)
[331/507] c/op_390
      IDENTICAL_AFTER_NORMALIZE  answer width 32
      x86   : Extract(31, 0, v0) ^ Extract(31, 0, v1)
      riscv : Extract(31, 0, v0) ^ Extract(31, 0, v1)
[332/507] c/op_391
      DIFFER                     answer width 64
      x86   : Concat(Extract(31, 31, v0) ^ Extract(63, 63, v1), Extract(31, 31, v0) ^ Extract(62, 62, v1), Extract(31, 31, v0) ^ Extract(61, 61, v1), Extract(31, 31, v0) ^ Extract(60, 60, v1), Extract(31, 31, v0) ^ Extract(59, 59, v1), Extract(31, 31, v0) ^ Extract(58, 58, v1), Extract(31, 31, v0) ^ Extract(57, 57, v1), Extract(31, 31, v0) ^ Extract(56, 56, v1), Extract(31, 31, v0) ^ Extract(55, 55, v1), Extract(31, 31, v0) ^ Extract(54, 54, v1), Extract(31, 31, v0) ^ Extract(53, 53, v1), Extract(31, 31, v0) ^ Extract(52, 52, v1), Extract(31, 31, v0) ^ Extract(51, 51, v1), Extract(31, 31, v0) ^ Extract(50, 50, v1), Extract(31, 31, v0) ^ Extract(49, 49, v1), Extract(31, 31, v0) ^ Extract(48, 48, v1), Extract(31, 31, v0) ^ Extract(47, 47, v1), Extract(31, 31, v0) ^ Extract(46, 46, v1), Extract(31, 31, v0) ^ Extract(45, 45, v1), Extract(31, 31, v0) ^ Extract(44, 44, v1), Extract(31, 31, v0) ^ Extract(43, 43, v1), Extract(31, 31, v0) ^ Extract(42, 42, v1), Extract(31, 31, v0) ^ Extract(41, 41, v1), Extract(31, 31, v0) ^ Extract(40, 40, v1), Extract(31, 31, v0) ^ Extract(39, 39, v1), Extract(31, 31, v0) ^ Extract(38, 38, v1), Extract(31, 31, v0) ^ Extract(37, 37, v1), Extract(31, 31, v0) ^ Extract(36, 36, v1), Extract(31, 31, v0) ^ Extract(35, 35, v1), Extract(31, 31, v0) ^ Extract(34, 34, v1), Extract(31, 31, v0) ^ Extract(33, 33, v1), Extract(31, 31, v0) ^ Extract(32, 32, v1), Extract(31, 0, v0) ^ Extract(31, 0, v1))
      riscv : v0 ^ v1
      counterexample: {'arg1': '18446744069414584320', 'arg0': '2147483648'}
[333/507] c/op_392
      DIFFER                     answer width 64
      x86   : Concat(Extract(31, 31, v0) ^ Extract(63, 63, v1), Extract(31, 31, v0) ^ Extract(62, 62, v1), Extract(31, 31, v0) ^ Extract(61, 61, v1), Extract(31, 31, v0) ^ Extract(60, 60, v1), Extract(31, 31, v0) ^ Extract(59, 59, v1), Extract(31, 31, v0) ^ Extract(58, 58, v1), Extract(31, 31, v0) ^ Extract(57, 57, v1), Extract(31, 31, v0) ^ Extract(56, 56, v1), Extract(31, 31, v0) ^ Extract(55, 55, v1), Extract(31, 31, v0) ^ Extract(54, 54, v1), Extract(31, 31, v0) ^ Extract(53, 53, v1), Extract(31, 31, v0) ^ Extract(52, 52, v1), Extract(31, 31, v0) ^ Extract(51, 51, v1), Extract(31, 31, v0) ^ Extract(50, 50, v1), Extract(31, 31, v0) ^ Extract(49, 49, v1), Extract(31, 31, v0) ^ Extract(48, 48, v1), Extract(31, 31, v0) ^ Extract(47, 47, v1), Extract(31, 31, v0) ^ Extract(46, 46, v1), Extract(31, 31, v0) ^ Extract(45, 45, v1), Extract(31, 31, v0) ^ Extract(44, 44, v1), Extract(31, 31, v0) ^ Extract(43, 43, v1), Extract(31, 31, v0) ^ Extract(42, 42, v1), Extract(31, 31, v0) ^ Extract(41, 41, v1), Extract(31, 31, v0) ^ Extract(40, 40, v1), Extract(31, 31, v0) ^ Extract(39, 39, v1), Extract(31, 31, v0) ^ Extract(38, 38, v1), Extract(31, 31, v0) ^ Extract(37, 37, v1), Extract(31, 31, v0) ^ Extract(36, 36, v1), Extract(31, 31, v0) ^ Extract(35, 35, v1), Extract(31, 31, v0) ^ Extract(34, 34, v1), Extract(31, 31, v0) ^ Extract(33, 33, v1), Extract(31, 31, v0) ^ Extract(32, 32, v1), Extract(31, 0, v0) ^ Extract(31, 0, v1))
      riscv : v0 ^ v1
      counterexample: {'arg1': '18446744069414584320', 'arg0': '2147483648'}
[334/507] c/op_395
      IDENTICAL_AFTER_NORMALIZE  answer width 32
      x86   : Extract(31, 0, v0) ^ Extract(31, 0, v1)
      riscv : Extract(31, 0, v0) ^ Extract(31, 0, v1)
[335/507] c/op_396
      DIFFER                     answer width 64
      x86   : Concat(Extract(31, 31, v0) ^ Extract(63, 63, v1), Extract(31, 31, v0) ^ Extract(62, 62, v1), Extract(31, 31, v0) ^ Extract(61, 61, v1), Extract(31, 31, v0) ^ Extract(60, 60, v1), Extract(31, 31, v0) ^ Extract(59, 59, v1), Extract(31, 31, v0) ^ Extract(58, 58, v1), Extract(31, 31, v0) ^ Extract(57, 57, v1), Extract(31, 31, v0) ^ Extract(56, 56, v1), Extract(31, 31, v0) ^ Extract(55, 55, v1), Extract(31, 31, v0) ^ Extract(54, 54, v1), Extract(31, 31, v0) ^ Extract(53, 53, v1), Extract(31, 31, v0) ^ Extract(52, 52, v1), Extract(31, 31, v0) ^ Extract(51, 51, v1), Extract(31, 31, v0) ^ Extract(50, 50, v1), Extract(31, 31, v0) ^ Extract(49, 49, v1), Extract(31, 31, v0) ^ Extract(48, 48, v1), Extract(31, 31, v0) ^ Extract(47, 47, v1), Extract(31, 31, v0) ^ Extract(46, 46, v1), Extract(31, 31, v0) ^ Extract(45, 45, v1), Extract(31, 31, v0) ^ Extract(44, 44, v1), Extract(31, 31, v0) ^ Extract(43, 43, v1), Extract(31, 31, v0) ^ Extract(42, 42, v1), Extract(31, 31, v0) ^ Extract(41, 41, v1), Extract(31, 31, v0) ^ Extract(40, 40, v1), Extract(31, 31, v0) ^ Extract(39, 39, v1), Extract(31, 31, v0) ^ Extract(38, 38, v1), Extract(31, 31, v0) ^ Extract(37, 37, v1), Extract(31, 31, v0) ^ Extract(36, 36, v1), Extract(31, 31, v0) ^ Extract(35, 35, v1), Extract(31, 31, v0) ^ Extract(34, 34, v1), Extract(31, 31, v0) ^ Extract(33, 33, v1), Extract(31, 31, v0) ^ Extract(32, 32, v1), Extract(31, 0, v0) ^ Extract(31, 0, v1))
      riscv : v0 ^ v1
      counterexample: {'arg1': '2147483648', 'arg0': '18446744069414584320'}
[336/507] c/op_397
      IDENTICAL_AFTER_NORMALIZE  answer width 64
      x86   : v0 ^ v1
      riscv : v0 ^ v1
[337/507] c/op_398
      IDENTICAL_AFTER_NORMALIZE  answer width 64
      x86   : v0 ^ v1
      riscv : v0 ^ v1
[338/507] c/op_401
      DIFFER                     answer width 64
      x86   : Concat(Extract(63, 32, v0), Extract(31, 0, v0) ^ Extract(31, 0, v1))
      riscv : v0 ^ v1
      counterexample: {'arg1': '68719476736', 'arg0': '18446744000695107584'}
[339/507] c/op_402
      DIFFER                     answer width 64
      x86   : Concat(Extract(31, 31, v0) ^ Extract(63, 63, v1), Extract(31, 31, v0) ^ Extract(62, 62, v1), Extract(31, 31, v0) ^ Extract(61, 61, v1), Extract(31, 31, v0) ^ Extract(60, 60, v1), Extract(31, 31, v0) ^ Extract(59, 59, v1), Extract(31, 31, v0) ^ Extract(58, 58, v1), Extract(31, 31, v0) ^ Extract(57, 57, v1), Extract(31, 31, v0) ^ Extract(56, 56, v1), Extract(31, 31, v0) ^ Extract(55, 55, v1), Extract(31, 31, v0) ^ Extract(54, 54, v1), Extract(31, 31, v0) ^ Extract(53, 53, v1), Extract(31, 31, v0) ^ Extract(52, 52, v1), Extract(31, 31, v0) ^ Extract(51, 51, v1), Extract(31, 31, v0) ^ Extract(50, 50, v1), Extract(31, 31, v0) ^ Extract(49, 49, v1), Extract(31, 31, v0) ^ Extract(48, 48, v1), Extract(31, 31, v0) ^ Extract(47, 47, v1), Extract(31, 31, v0) ^ Extract(46, 46, v1), Extract(31, 31, v0) ^ Extract(45, 45, v1), Extract(31, 31, v0) ^ Extract(44, 44, v1), Extract(31, 31, v0) ^ Extract(43, 43, v1), Extract(31, 31, v0) ^ Extract(42, 42, v1), Extract(31, 31, v0) ^ Extract(41, 41, v1), Extract(31, 31, v0) ^ Extract(40, 40, v1), Extract(31, 31, v0) ^ Extract(39, 39, v1), Extract(31, 31, v0) ^ Extract(38, 38, v1), Extract(31, 31, v0) ^ Extract(37, 37, v1), Extract(31, 31, v0) ^ Extract(36, 36, v1), Extract(31, 31, v0) ^ Extract(35, 35, v1), Extract(31, 31, v0) ^ Extract(34, 34, v1), Extract(31, 31, v0) ^ Extract(33, 33, v1), Extract(31, 31, v0) ^ Extract(32, 32, v1), Extract(31, 0, v0) ^ Extract(31, 0, v1))
      riscv : v0 ^ v1
      counterexample: {'arg1': '2147483648', 'arg0': '18446744069414584320'}
[340/507] c/op_403
      IDENTICAL_AFTER_NORMALIZE  answer width 64
      x86   : v0 ^ v1
      riscv : v0 ^ v1
[341/507] c/op_404
      IDENTICAL_AFTER_NORMALIZE  answer width 64
      x86   : v0 ^ v1
      riscv : v0 ^ v1
[342/507] c/op_407
      DIFFER                     answer width 64
      x86   : Concat(Extract(63, 32, v0), Extract(31, 0, v0) ^ Extract(31, 0, v1))
      riscv : v0 ^ v1
      counterexample: {'arg1': '18014398509481984', 'arg0': '18428729670905102336'}
[343/507] c/op_420
      IDENTICAL_AFTER_NORMALIZE  answer width 32
      x86   : Extract(31, 0, v0) ^ Extract(31, 0, v1)
      riscv : Extract(31, 0, v0) ^ Extract(31, 0, v1)
[344/507] c/op_421
      DIFFER                     answer width 64
      x86   : Concat(Extract(63, 32, v0), Extract(31, 0, v0) ^ Extract(31, 0, v1))
      riscv : v0 ^ v1
      counterexample: {'arg1': '18446708885042495488', 'arg0': '35184372088832'}
[345/507] c/op_422
      DIFFER                     answer width 64
      x86   : Concat(Extract(63, 32, v0), Extract(31, 0, v0) ^ Extract(31, 0, v1))
      riscv : v0 ^ v1
      counterexample: {'arg1': '18446742969902956544', 'arg0': '1099511627776'}
[346/507] c/op_425
      IDENTICAL_AFTER_NORMALIZE  answer width 32
      x86   : Extract(31, 0, v0) ^ Extract(31, 0, v1)
      riscv : Extract(31, 0, v0) ^ Extract(31, 0, v1)
[347/507] c/op_426
      IDENTICAL_AFTER_NORMALIZE  answer width 32
      x86   : ~(~Extract(31, 0, v0) | ~Extract(31, 0, v1))
      riscv : ~(~Extract(31, 0, v0) | ~Extract(31, 0, v1))
[348/507] c/op_427
      DIFFER                     answer width 64
      x86   : Concat(~(~Extract(31, 31, v0) | ~Extract(63, 63, v1)), ~(~Extract(62, 0, v1) | Concat(~Extract(31, 31, v0), ~Extract(31, 31, v0), ~Extract(31, 31, v0), ~Extract(31, 31, v0), ~Extract(31, 31, v0), ~Extract(31, 31, v0), ~Extract(31, 31, v0), ~Extract(31, 31, v0), ~Extract(31, 31, v0), ~Extract(31, 31, v0), ~Extract(31, 31, v0), ~Extract(31, 31, v0), ~Extract(31, 31, v0), ~Extract(31, 31, v0), ~Extract(31, 31, v0), ~Extract(31, 31, v0), ~Extract(31, 31, v0), ~Extract(31, 31, v0), ~Extract(31, 31, v0), ~Extract(31, 31, v0), ~Extract(31, 31, v0), ~Extract(31, 31, v0), ~Extract(31, 31, v0), ~Extract(31, 31, v0), ~Extract(31, 31, v0), ~Extract(31, 31, v0), ~Extract(31, 31, v0), ~Extract(31, 31, v0), ~Extract(31, 31, v0), ~Extract(31, 31, v0), ~Extract(31, 31, v0), ~Extract(31, 0, v0))))
      riscv : ~(~v0 | ~v1)
      counterexample: {'arg1': '18446744069414584320', 'arg0': '2147483648'}
[349/507] c/op_428
      DIFFER                     answer width 64
      x86   : Concat(~(~Extract(31, 31, v0) | ~Extract(63, 63, v1)), ~(~Extract(62, 0, v1) | Concat(~Extract(31, 31, v0), ~Extract(31, 31, v0), ~Extract(31, 31, v0), ~Extract(31, 31, v0), ~Extract(31, 31, v0), ~Extract(31, 31, v0), ~Extract(31, 31, v0), ~Extract(31, 31, v0), ~Extract(31, 31, v0), ~Extract(31, 31, v0), ~Extract(31, 31, v0), ~Extract(31, 31, v0), ~Extract(31, 31, v0), ~Extract(31, 31, v0), ~Extract(31, 31, v0), ~Extract(31, 31, v0), ~Extract(31, 31, v0), ~Extract(31, 31, v0), ~Extract(31, 31, v0), ~Extract(31, 31, v0), ~Extract(31, 31, v0), ~Extract(31, 31, v0), ~Extract(31, 31, v0), ~Extract(31, 31, v0), ~Extract(31, 31, v0), ~Extract(31, 31, v0), ~Extract(31, 31, v0), ~Extract(31, 31, v0), ~Extract(31, 31, v0), ~Extract(31, 31, v0), ~Extract(31, 31, v0), ~Extract(31, 0, v0))))
      riscv : ~(~v0 | ~v1)
      counterexample: {'arg1': '18446744069414584320', 'arg0': '2147483648'}
[350/507] c/op_431
      IDENTICAL_AFTER_NORMALIZE  answer width 32
      x86   : ~(~Extract(31, 0, v0) | ~Extract(31, 0, v1))
      riscv : ~(~Extract(31, 0, v0) | ~Extract(31, 0, v1))
[351/507] c/op_432
      DIFFER                     answer width 64
      x86   : Concat(~(~Extract(31, 31, v0) | ~Extract(63, 63, v1)), ~(~Extract(62, 0, v1) | Concat(~Extract(31, 31, v0), ~Extract(31, 31, v0), ~Extract(31, 31, v0), ~Extract(31, 31, v0), ~Extract(31, 31, v0), ~Extract(31, 31, v0), ~Extract(31, 31, v0), ~Extract(31, 31, v0), ~Extract(31, 31, v0), ~Extract(31, 31, v0), ~Extract(31, 31, v0), ~Extract(31, 31, v0), ~Extract(31, 31, v0), ~Extract(31, 31, v0), ~Extract(31, 31, v0), ~Extract(31, 31, v0), ~Extract(31, 31, v0), ~Extract(31, 31, v0), ~Extract(31, 31, v0), ~Extract(31, 31, v0), ~Extract(31, 31, v0), ~Extract(31, 31, v0), ~Extract(31, 31, v0), ~Extract(31, 31, v0), ~Extract(31, 31, v0), ~Extract(31, 31, v0), ~Extract(31, 31, v0), ~Extract(31, 31, v0), ~Extract(31, 31, v0), ~Extract(31, 31, v0), ~Extract(31, 31, v0), ~Extract(31, 0, v0))))
      riscv : ~(~v0 | ~v1)
      counterexample: {'arg1': '18446744069414584320', 'arg0': '18446744069414584320'}
[352/507] c/op_433
      IDENTICAL_AFTER_NORMALIZE  answer width 64
      x86   : ~(~v0 | ~v1)
      riscv : ~(~v0 | ~v1)
[353/507] c/op_434
      IDENTICAL_AFTER_NORMALIZE  answer width 64
      x86   : ~(~v0 | ~v1)
      riscv : ~(~v0 | ~v1)
[354/507] c/op_437
      IDENTICAL_AFTER_NORMALIZE  answer width 32
      x86   : ~(~Extract(31, 0, v0) | ~Extract(31, 0, v1))
      riscv : ~(~Extract(31, 0, v0) | ~Extract(31, 0, v1))
[355/507] c/op_438
      DIFFER                     answer width 64
      x86   : Concat(~(~Extract(31, 31, v0) | ~Extract(63, 63, v1)), ~(~Extract(62, 0, v1) | Concat(~Extract(31, 31, v0), ~Extract(31, 31, v0), ~Extract(31, 31, v0), ~Extract(31, 31, v0), ~Extract(31, 31, v0), ~Extract(31, 31, v0), ~Extract(31, 31, v0), ~Extract(31, 31, v0), ~Extract(31, 31, v0), ~Extract(31, 31, v0), ~Extract(31, 31, v0), ~Extract(31, 31, v0), ~Extract(31, 31, v0), ~Extract(31, 31, v0), ~Extract(31, 31, v0), ~Extract(31, 31, v0), ~Extract(31, 31, v0), ~Extract(31, 31, v0), ~Extract(31, 31, v0), ~Extract(31, 31, v0), ~Extract(31, 31, v0), ~Extract(31, 31, v0), ~Extract(31, 31, v0), ~Extract(31, 31, v0), ~Extract(31, 31, v0), ~Extract(31, 31, v0), ~Extract(31, 31, v0), ~Extract(31, 31, v0), ~Extract(31, 31, v0), ~Extract(31, 31, v0), ~Extract(31, 31, v0), ~Extract(31, 0, v0))))
      riscv : ~(~v0 | ~v1)
      counterexample: {'arg1': '18446744069414584320', 'arg0': '18446744069414584320'}
[356/507] c/op_439
      IDENTICAL_AFTER_NORMALIZE  answer width 64
      x86   : ~(~v0 | ~v1)
      riscv : ~(~v0 | ~v1)
[357/507] c/op_440
      IDENTICAL_AFTER_NORMALIZE  answer width 64
      x86   : ~(~v0 | ~v1)
      riscv : ~(~v0 | ~v1)
[358/507] c/op_443
      IDENTICAL_AFTER_NORMALIZE  answer width 32
      x86   : ~(~Extract(31, 0, v0) | ~Extract(31, 0, v1))
      riscv : ~(~Extract(31, 0, v0) | ~Extract(31, 0, v1))
[359/507] c/op_456
      IDENTICAL_AFTER_NORMALIZE  answer width 32
      x86   : ~(~Extract(31, 0, v0) | ~Extract(31, 0, v1))
      riscv : ~(~Extract(31, 0, v0) | ~Extract(31, 0, v1))
[360/507] c/op_457
      IDENTICAL_AFTER_NORMALIZE  answer width 32
      x86   : ~(~Extract(31, 0, v0) | ~Extract(31, 0, v1))
      riscv : ~(~Extract(31, 0, v0) | ~Extract(31, 0, v1))
[361/507] c/op_458
      IDENTICAL_AFTER_NORMALIZE  answer width 32
      x86   : ~(~Extract(31, 0, v0) | ~Extract(31, 0, v1))
      riscv : ~(~Extract(31, 0, v0) | ~Extract(31, 0, v1))
[362/507] c/op_461
      IDENTICAL_AFTER_NORMALIZE  answer width 32
      x86   : ~(~Extract(31, 0, v0) | ~Extract(31, 0, v1))
      riscv : ~(~Extract(31, 0, v0) | ~Extract(31, 0, v1))
[363/507] c/op_462
      DIFFER                     answer width 8
      x86   : If(Extract(31, 0, v0) == Extract(31, 0, v1), 1, 0)
      riscv : Concat(0, If(1 <= Concat(0, v0 ^ v1), 0, 1))
      counterexample: {'arg1': '0', 'arg0': '16500306186977935360'}
[364/507] c/op_463
      DIFFER                     answer width 8
      x86   : If(Concat(Extract(31, 31, v0), Extract(31, 31, v0), Extract(31, 31, v0), Extract(31, 31, v0), Extract(31, 31, v0), Extract(31, 31, v0), Extract(31, 31, v0), Extract(31, 31, v0), Extract(31, 31, v0), Extract(31, 31, v0), Extract(31, 31, v0), Extract(31, 31, v0), Extract(31, 31, v0), Extract(31, 31, v0), Extract(31, 31, v0), Extract(31, 31, v0), Extract(31, 31, v0), Extract(31, 31, v0), Extract(31, 31, v0), Extract(31, 31, v0), Extract(31, 31, v0), Extract(31, 31, v0), Extract(31, 31, v0), Extract(31, 31, v0), Extract(31, 31, v0), Extract(31, 31, v0), Extract(31, 31, v0), Extract(31, 31, v0), Extract(31, 31, v0), Extract(31, 31, v0), Extract(31, 31, v0), Extract(31, 31, v0), Extract(31, 0, v0)) == v1, 1, 0)
      riscv : Concat(0, If(1 <= Concat(0, v0 ^ v1), 0, 1))
      counterexample: {'arg1': '2147483648', 'arg0': '2147483648'}
[365/507] c/op_464
      DIFFER                     answer width 8
      x86   : If(Concat(Extract(31, 31, v0), Extract(31, 31, v0), Extract(31, 31, v0), Extract(31, 31, v0), Extract(31, 31, v0), Extract(31, 31, v0), Extract(31, 31, v0), Extract(31, 31, v0), Extract(31, 31, v0), Extract(31, 31, v0), Extract(31, 31, v0), Extract(31, 31, v0), Extract(31, 31, v0), Extract(31, 31, v0), Extract(31, 31, v0), Extract(31, 31, v0), Extract(31, 31, v0), Extract(31, 31, v0), Extract(31, 31, v0), Extract(31, 31, v0), Extract(31, 31, v0), Extract(31, 31, v0), Extract(31, 31, v0), Extract(31, 31, v0), Extract(31, 31, v0), Extract(31, 31, v0), Extract(31, 31, v0), Extract(31, 31, v0), Extract(31, 31, v0), Extract(31, 31, v0), Extract(31, 31, v0), Extract(31, 31, v0), Extract(31, 0, v0)) == v1, 1, 0)
      riscv : Concat(0, If(1 <= Concat(0, v0 ^ v1), 0, 1))
      counterexample: {'arg1': '2147483648', 'arg0': '2147483648'}
[366/507] c/op_465
      DIFFER                     answer width 32
      x86   : Concat(0, If(And(fpEQ(fpToFP(Extract(31, 0, v1)), fpToFP(fp.to_ieee_bv(fpToFP(RNE(), Extract(31, 0, v0))))), Not(Or(fpIsNaN(fpToFP(Extract(31, 0, v1))), fpIsNaN(fpToFP(fp.to_ieee_bv(fpToFP(RNE(), Extract(31, 0, v0)))))))), 1, 0))
      riscv : Concat(0, If(fpEQ(fpToFP(fp.to_ieee_bv(fpToFP(RNE(), Extract(31, 0, v0)))), fpToFP(If(Extract(63, 32, v1) == 4294967295, Extract(31, 0, v1), 2143289344))), 1, 0))
      counterexample: {'arg0': '898853040', 'arg1': '960731116813569443', 'fp.to_ieee_bv': '[else -> fp.to_ieee_bv(Var(0))]'}
[367/507] c/op_466
      EQUAL_BY_Z3                answer width 32
      x86   : Concat(0, If(And(fpEQ(fpToFP(Extract(63, 0, v1)), fpToFP(fp.to_ieee_bv(fpToFP(RNE(), Extract(31, 0, v0))))), Not(Or(fpIsNaN(fpToFP(Extract(63, 0, v1))), fpIsNaN(fpToFP(fp.to_ieee_bv(fpToFP(RNE(), Extract(31, 0, v0)))))))), 1, 0))
      riscv : Concat(0, If(fpEQ(fpToFP(Extract(63, 0, v1)), fpToFP(fp.to_ieee_bv(fpToFP(RNE(), Extract(31, 0, v0))))), 1, 0))
[368/507] c/op_467
      DIFFER                     answer width 8
      x86   : If(Extract(31, 0, v0) == Extract(31, 0, v1), 1, 0)
      riscv : Concat(0, If(1 <= Concat(0, v0 ^ v1), 0, 1))
      counterexample: {'arg1': '0', 'arg0': '16500306186977935360'}
[369/507] c/op_468
      DIFFER                     answer width 8
      x86   : If(Concat(Extract(31, 31, v0), Extract(31, 31, v0), Extract(31, 31, v0), Extract(31, 31, v0), Extract(31, 31, v0), Extract(31, 31, v0), Extract(31, 31, v0), Extract(31, 31, v0), Extract(31, 31, v0), Extract(31, 31, v0), Extract(31, 31, v0), Extract(31, 31, v0), Extract(31, 31, v0), Extract(31, 31, v0), Extract(31, 31, v0), Extract(31, 31, v0), Extract(31, 31, v0), Extract(31, 31, v0), Extract(31, 31, v0), Extract(31, 31, v0), Extract(31, 31, v0), Extract(31, 31, v0), Extract(31, 31, v0), Extract(31, 31, v0), Extract(31, 31, v0), Extract(31, 31, v0), Extract(31, 31, v0), Extract(31, 31, v0), Extract(31, 31, v0), Extract(31, 31, v0), Extract(31, 31, v0), Extract(31, 31, v0), Extract(31, 0, v0)) == v1, 1, 0)
      riscv : Concat(0, If(1 <= Concat(0, v0 ^ v1), 0, 1))
      counterexample: {'arg1': '2147483648', 'arg0': '2147483648'}
[370/507] c/op_469
      EQUAL_BY_Z3                answer width 8
      x86   : If(v0 == v1, 1, 0)
      riscv : Concat(0, If(1 <= Concat(0, v0 ^ v1), 0, 1))
[371/507] c/op_470
      EQUAL_BY_Z3                answer width 8
      x86   : If(v0 == v1, 1, 0)
      riscv : Concat(0, If(1 <= Concat(0, v0 ^ v1), 0, 1))
[372/507] c/op_471
      DIFFER                     answer width 32
      x86   : Concat(0, If(And(fpEQ(fpToFP(Extract(31, 0, v0)), fpToFP(fp.to_ieee_bv(fpToFP(RNE(), v1)))), Not(Or(fpIsNaN(fpToFP(Extract(31, 0, v0))), fpIsNaN(fpToFP(fp.to_ieee_bv(fpToFP(RNE(), v1))))))), 1, 0))
      riscv : Concat(0, If(fpEQ(fpToFP(fp.to_ieee_bv(fpToFP(RNE(), v1))), fpToFP(If(Extract(63, 32, v0) == 4294967295, Extract(31, 0, v0), 2143289344))), 1, 0))
      counterexample: {'arg0': '18446744073441115906', 'arg1': '3447717896', 'fp.to_ieee_bv': '[else -> fp.to_ieee_bv(Var(0))]'}
[373/507] c/op_472
      EQUAL_BY_Z3                answer width 32
      x86   : Concat(0, If(And(fpEQ(fpToFP(Extract(63, 0, v0)), fpToFP(fp.to_ieee_bv(fpToFP(RNE(), v1)))), Not(Or(fpIsNaN(fpToFP(Extract(63, 0, v0))), fpIsNaN(fpToFP(fp.to_ieee_bv(fpToFP(RNE(), v1))))))), 1, 0))
      riscv : Concat(0, If(fpEQ(fpToFP(Extract(63, 0, v0)), fpToFP(fp.to_ieee_bv(fpToFP(RNE(), v1)))), 1, 0))
[374/507] c/op_473
      DIFFER                     answer width 8
      x86   : If(Concat(0, Extract(31, 0, v0)) == v1, 1, 0)
      riscv : Concat(0, If(1 <= Concat(0, v0 ^ v1), 0, 1))
      counterexample: {'arg1': '9223372036854775808', 'arg0': '9223372036854775808'}
[375/507] c/op_474
      DIFFER                     answer width 8
      x86   : If(Concat(Extract(31, 31, v0), Extract(31, 31, v0), Extract(31, 31, v0), Extract(31, 31, v0), Extract(31, 31, v0), Extract(31, 31, v0), Extract(31, 31, v0), Extract(31, 31, v0), Extract(31, 31, v0), Extract(31, 31, v0), Extract(31, 31, v0), Extract(31, 31, v0), Extract(31, 31, v0), Extract(31, 31, v0), Extract(31, 31, v0), Extract(31, 31, v0), Extract(31, 31, v0), Extract(31, 31, v0), Extract(31, 31, v0), Extract(31, 31, v0), Extract(31, 31, v0), Extract(31, 31, v0), Extract(31, 31, v0), Extract(31, 31, v0), Extract(31, 31, v0), Extract(31, 31, v0), Extract(31, 31, v0), Extract(31, 31, v0), Extract(31, 31, v0), Extract(31, 31, v0), Extract(31, 31, v0), Extract(31, 31, v0), Extract(31, 0, v0)) == v1, 1, 0)
      riscv : Concat(0, If(1 <= Concat(0, v0 ^ v1), 0, 1))
      counterexample: {'arg1': '2147483648', 'arg0': '2147483648'}
[376/507] c/op_475
      EQUAL_BY_Z3                answer width 8
      x86   : If(v0 == v1, 1, 0)
      riscv : Concat(0, If(1 <= Concat(0, v0 ^ v1), 0, 1))
[377/507] c/op_476
      EQUAL_BY_Z3                answer width 8
      x86   : If(v0 == v1, 1, 0)
      riscv : Concat(0, If(1 <= Concat(0, v0 ^ v1), 0, 1))
[378/507] c/op_477
      NotModeled: every path through this body leaves the unit or is unreachable, so the body leaves no answer to read
[379/507] c/op_478
      DIFFER                     answer width 32
      x86   : Concat(0, If(And(fpEQ(fpToFP(Extract(63, 0, v3)), fpToFP(fp.to_ieee_bv(fpToFP(fp.to_ieee_bv(-fpToFP(Extract(127, 64, v0)) + fpToFP(Concat(Extract(63, 32, v1), Extract(63, 32, v2))))) + fpToFP(fp.to_ieee_bv(-fpToFP(Extract(63, 0, v0)) + fpToFP(Concat(Extract(31, 0, v1), Extract(31, 0, v2)))))))), Not(Or(fpIsNaN(fpToFP(Extract(63, 0, v3))), fpIsNaN(fpToFP(fp.to_ieee_bv(fpToFP(fp.to_ieee_bv(-fpToFP(Extract(127, 64, v0)) + fpToFP(Concat(Extract(63, 32, v1), Extract(63, 32, v2))))) + fpToFP(fp.to_ieee_bv(-fpToFP(Extract(63, 0, v0)) + fpToFP(Concat(Extract(31, 0, v1), Extract(31, 0, v2))))))))))), 1, 0))
      riscv : Concat(0, If(fpEQ(fpToFP(Extract(63, 0, v0)), fpToFP(fp.to_ieee_bv(fpToFPUnsigned(RNE(), v1)))), 1, 0))
      counterexample: {'arg0': '5180283374952543783', 'arg1': '4886960866552969758', 'ripconst_0': '9224073525276180476', 'ripconst_1': '1910765240168997469565385032498696555', 'fp.to_ieee_bv': '[else -> fp.to_ieee_bv(Var(0))]'}
[380/507] c/op_479
      DIFFER                     answer width 8
      x86   : If(Concat(0, Extract(31, 0, v0)) == v1, 1, 0)
      riscv : Concat(0, If(1 <= Concat(0, v0 ^ v1), 0, 1))
      counterexample: {'arg1': '9223372036854775808', 'arg0': '9223372036854775808'}
[381/507] c/op_480
      DIFFER                     answer width 32
      x86   : Concat(0, If(And(fpEQ(fpToFP(Extract(31, 0, v1)), fpToFP(fp.to_ieee_bv(fpToFP(RNE(), Extract(31, 0, v0))))), Not(Or(fpIsNaN(fpToFP(Extract(31, 0, v1))), fpIsNaN(fpToFP(fp.to_ieee_bv(fpToFP(RNE(), Extract(31, 0, v0)))))))), 1, 0))
      riscv : Concat(0, If(fpEQ(fpToFP(fp.to_ieee_bv(fpToFP(RNE(), Extract(31, 0, v0)))), fpToFP(If(Extract(63, 32, v1) == 4294967295, Extract(31, 0, v1), 2143289344))), 1, 0))
      counterexample: {'arg1': '4294452982', 'arg0': '4782199345891713344', 'fp.to_ieee_bv': '[else -> fp.to_ieee_bv(Var(0))]'}
[382/507] c/op_481
      DIFFER                     answer width 32
      x86   : Concat(0, If(And(fpEQ(fpToFP(Extract(31, 0, v0)), fpToFP(fp.to_ieee_bv(fpToFP(RNE(), v1)))), Not(Or(fpIsNaN(fpToFP(Extract(31, 0, v0))), fpIsNaN(fpToFP(fp.to_ieee_bv(fpToFP(RNE(), v1))))))), 1, 0))
      riscv : Concat(0, If(fpEQ(fpToFP(fp.to_ieee_bv(fpToFP(RNE(), v1))), fpToFP(If(Extract(63, 32, v0) == 4294967295, Extract(31, 0, v0), 2143289344))), 1, 0))
      counterexample: {'arg1': '0', 'arg0': '7614474564763910144', 'fp.to_ieee_bv': '[else -> fp.to_ieee_bv(Var(0))]'}
[383/507] c/op_482
      NotModeled: every path through this body leaves the unit or is unreachable, so the body leaves no answer to read
[384/507] c/op_483
      DIFFER                     answer width 32
      x86   : Concat(0, If(And(fpEQ(fpToFP(Extract(31, 0, v0)), fpToFP(Extract(31, 0, v1))), Not(Or(fpIsNaN(fpToFP(Extract(31, 0, v0))), fpIsNaN(fpToFP(Extract(31, 0, v1)))))), 1, 0))
      riscv : Concat(0, If(fpEQ(fpToFP(If(Extract(63, 32, v0) == 4294967295, Extract(31, 0, v0), 2143289344)), fpToFP(If(Extract(63, 32, v1) == 4294967295, Extract(31, 0, v1), 2143289344))), 1, 0))
      counterexample: {'arg0': '2604662527', 'arg1': '18446744072019246847'}
[385/507] c/op_484
      DIFFER                     answer width 32
      x86   : Concat(0, If(And(fpEQ(fpToFP(Extract(63, 0, v1)), fpToFP(fp.to_ieee_bv(fpToFP(RNE(), fpToFP(Extract(31, 0, v0)))))), Not(Or(fpIsNaN(fpToFP(Extract(63, 0, v1))), fpIsNaN(fpToFP(fp.to_ieee_bv(fpToFP(RNE(), fpToFP(Extract(31, 0, v0))))))))), 1, 0))
      riscv : Concat(0, If(fpEQ(fpToFP(Extract(63, 0, v1)), fpToFP(fp.to_ieee_bv(fpToFP(RNE(), fpToFP(If(Extract(63, 32, v0) == 4294967295, Extract(31, 0, v0), 2143289344)))))), 1, 0))
      counterexample: {'arg1': '4016869847211180032', 'arg0': '5122764573778368827', 'fp.to_ieee_bv': '[NaN -> 18442803424035602530, else -> fp.to_ieee_bv(Var(0))]'}
[386/507] c/op_485
      DIFFER                     answer width 32
      x86   : Concat(0, If(And(fpEQ(fpToFP(Extract(31, 0, v1)), fpToFP(fp.to_ieee_bv(fpToFP(RNE(), Extract(31, 0, v0))))), Not(Or(fpIsNaN(fpToFP(Extract(31, 0, v1))), fpIsNaN(fpToFP(fp.to_ieee_bv(fpToFP(RNE(), Extract(31, 0, v0)))))))), 1, 0))
      riscv : Concat(0, If(fpEQ(fpToFP(fp.to_ieee_bv(fpToFPUnsigned(RNE(), Extract(31, 0, v0)))), fpToFP(If(Extract(63, 32, v1) == 4294967295, Extract(31, 0, v1), 2143289344))), 1, 0))
      counterexample: {'arg1': '1100', 'arg0': '1149861888', 'fp.to_ieee_bv': '[else -> fp.to_ieee_bv(Var(0))]'}
[387/507] c/op_486
      EQUAL_BY_Z3                answer width 32
      x86   : Concat(0, If(And(fpEQ(fpToFP(Extract(63, 0, v1)), fpToFP(fp.to_ieee_bv(fpToFP(RNE(), Extract(31, 0, v0))))), Not(Or(fpIsNaN(fpToFP(Extract(63, 0, v1))), fpIsNaN(fpToFP(fp.to_ieee_bv(fpToFP(RNE(), Extract(31, 0, v0)))))))), 1, 0))
      riscv : Concat(0, If(fpEQ(fpToFP(Extract(63, 0, v1)), fpToFP(fp.to_ieee_bv(fpToFP(RNE(), Extract(31, 0, v0))))), 1, 0))
[388/507] c/op_487
      EQUAL_BY_Z3                answer width 32
      x86   : Concat(0, If(And(fpEQ(fpToFP(Extract(63, 0, v0)), fpToFP(fp.to_ieee_bv(fpToFP(RNE(), v1)))), Not(Or(fpIsNaN(fpToFP(Extract(63, 0, v0))), fpIsNaN(fpToFP(fp.to_ieee_bv(fpToFP(RNE(), v1))))))), 1, 0))
      riscv : Concat(0, If(fpEQ(fpToFP(Extract(63, 0, v0)), fpToFP(fp.to_ieee_bv(fpToFP(RNE(), v1)))), 1, 0))
[389/507] c/op_488
      DIFFER                     answer width 32
      x86   : Concat(0, If(And(fpEQ(fpToFP(Extract(63, 0, v3)), fpToFP(fp.to_ieee_bv(fpToFP(fp.to_ieee_bv(-fpToFP(Extract(127, 64, v0)) + fpToFP(Concat(Extract(63, 32, v1), Extract(63, 32, v2))))) + fpToFP(fp.to_ieee_bv(-fpToFP(Extract(63, 0, v0)) + fpToFP(Concat(Extract(31, 0, v1), Extract(31, 0, v2)))))))), Not(Or(fpIsNaN(fpToFP(Extract(63, 0, v3))), fpIsNaN(fpToFP(fp.to_ieee_bv(fpToFP(fp.to_ieee_bv(-fpToFP(Extract(127, 64, v0)) + fpToFP(Concat(Extract(63, 32, v1), Extract(63, 32, v2))))) + fpToFP(fp.to_ieee_bv(-fpToFP(Extract(63, 0, v0)) + fpToFP(Concat(Extract(31, 0, v1), Extract(31, 0, v2))))))))))), 1, 0))
      riscv : Concat(0, If(fpEQ(fpToFP(Extract(63, 0, v0)), fpToFP(fp.to_ieee_bv(fpToFPUnsigned(RNE(), v1)))), 1, 0))
      counterexample: {'ripconst_0': '9221703104939950079', 'arg1': '18340626357839087185', 'ripconst_1': '170273486254540679567606117497580451266', 'arg0': '4895360979660776777', 'fp.to_ieee_bv': '[NaN -> 18444095167526747205, else -> fp.to_ieee_bv(Var(0))]'}
[390/507] c/op_489
      DIFFER                     answer width 32
      x86   : Concat(0, If(And(fpEQ(fpToFP(Extract(63, 0, v1)), fpToFP(fp.to_ieee_bv(fpToFP(RNE(), fpToFP(Extract(31, 0, v0)))))), Not(Or(fpIsNaN(fpToFP(Extract(63, 0, v1))), fpIsNaN(fpToFP(fp.to_ieee_bv(fpToFP(RNE(), fpToFP(Extract(31, 0, v0))))))))), 1, 0))
      riscv : Concat(0, If(fpEQ(fpToFP(Extract(63, 0, v1)), fpToFP(fp.to_ieee_bv(fpToFP(RNE(), fpToFP(If(Extract(63, 32, v0) == 4294967295, Extract(31, 0, v0), 2143289344)))))), 1, 0))
      counterexample: {'arg1': '9591452656111452160', 'arg0': '9218868437227405312', 'fp.to_ieee_bv': '[NaN -> 9220464469764903450, else -> fp.to_ieee_bv(Var(0))]'}
[391/507] c/op_490
      EQUAL_BY_Z3                answer width 32
      x86   : Concat(0, If(And(fpEQ(fpToFP(Extract(63, 0, v0)), fpToFP(Extract(63, 0, v1))), Not(Or(fpIsNaN(fpToFP(Extract(63, 0, v0))), fpIsNaN(fpToFP(Extract(63, 0, v1)))))), 1, 0))
      riscv : Concat(0, If(fpEQ(fpToFP(Extract(63, 0, v0)), fpToFP(Extract(63, 0, v1))), 1, 0))
[392/507] c/op_491
      DIFFER                     answer width 32
      x86   : Concat(0, If(And(fpEQ(fpToFP(Extract(63, 0, v1)), fpToFP(fp.to_ieee_bv(fpToFP(RNE(), Extract(31, 0, v0))))), Not(Or(fpIsNaN(fpToFP(Extract(63, 0, v1))), fpIsNaN(fpToFP(fp.to_ieee_bv(fpToFP(RNE(), Extract(31, 0, v0)))))))), 1, 0))
      riscv : Concat(0, If(fpEQ(fpToFP(Extract(63, 0, v1)), fpToFP(fp.to_ieee_bv(fpToFPUnsigned(RNE(), Extract(31, 0, v0))))), 1, 0))
      counterexample: {'arg1': '2684354560', 'arg0': '4747919907155345408', 'fp.to_ieee_bv': '[else -> fp.to_ieee_bv(Var(0))]'}
[393/507] c/op_492
      DIFFER                     answer width 8
      x86   : If(Extract(31, 0, v0) == Extract(31, 0, v1), 1, 0)
      riscv : Concat(0, If(1 <= Concat(0, v0 ^ v1), 0, 1))
      counterexample: {'arg1': '0', 'arg0': '16500306186977935360'}
[394/507] c/op_493
      DIFFER                     answer width 8
      x86   : If(Concat(0, Extract(31, 0, v0)) == v1, 1, 0)
      riscv : Concat(0, If(1 <= Concat(0, v0 ^ v1), 0, 1))
      counterexample: {'arg1': '9223372036854775808', 'arg0': '9223372036854775808'}
[395/507] c/op_494
      DIFFER                     answer width 8
      x86   : If(Concat(0, Extract(31, 0, v0)) == v1, 1, 0)
      riscv : Concat(0, If(1 <= Concat(0, v0 ^ v1), 0, 1))
      counterexample: {'arg1': '9223372036854775808', 'arg0': '9223372036854775808'}
[396/507] c/op_495
      DIFFER                     answer width 32
      x86   : Concat(0, If(And(fpEQ(fpToFP(Extract(31, 0, v1)), fpToFP(fp.to_ieee_bv(fpToFP(RNE(), Extract(31, 0, v0))))), Not(Or(fpIsNaN(fpToFP(Extract(31, 0, v1))), fpIsNaN(fpToFP(fp.to_ieee_bv(fpToFP(RNE(), Extract(31, 0, v0)))))))), 1, 0))
      riscv : Concat(0, If(fpEQ(fpToFP(fp.to_ieee_bv(fpToFPUnsigned(RNE(), Extract(31, 0, v0)))), fpToFP(If(Extract(63, 32, v1) == 4294967295, Extract(31, 0, v1), 2143289344))), 1, 0))
      counterexample: {'arg0': '0', 'arg1': '2038331559592853504', 'fp.to_ieee_bv': '[else -> fp.to_ieee_bv(Var(0))]'}
[397/507] c/op_496
      DIFFER                     answer width 32
      x86   : Concat(0, If(And(fpEQ(fpToFP(Extract(63, 0, v1)), fpToFP(fp.to_ieee_bv(fpToFP(RNE(), Extract(31, 0, v0))))), Not(Or(fpIsNaN(fpToFP(Extract(63, 0, v1))), fpIsNaN(fpToFP(fp.to_ieee_bv(fpToFP(RNE(), Extract(31, 0, v0)))))))), 1, 0))
      riscv : Concat(0, If(fpEQ(fpToFP(Extract(63, 0, v1)), fpToFP(fp.to_ieee_bv(fpToFPUnsigned(RNE(), Extract(31, 0, v0))))), 1, 0))
      counterexample: {'arg0': '4294942722', 'arg1': '13895856100495851520', 'fp.to_ieee_bv': '[else -> fp.to_ieee_bv(Var(0))]'}
[398/507] c/op_497
      DIFFER                     answer width 32
      x86   : Concat(0, Extract(7, 0, v0) ^ Extract(7, 0, v1) ^ 1)
      riscv : Extract(31, 0, v0) ^ Extract(31, 0, v1) ^ 1
      counterexample: {'arg1': '0', 'arg0': '4294967040'}
[399/507] c/op_498
      DIFFER                     answer width 8
      x86   : If(Extract(31, 0, v0) == Extract(31, 0, v1), 0, 1)
      riscv : Concat(0, If(Concat(0, v0 ^ v1) <= 0, 0, 1))
      counterexample: {'arg1': '0', 'arg0': '16500306186977935360'}
[400/507] c/op_499
      DIFFER                     answer width 8
      x86   : If(Concat(Extract(31, 31, v0), Extract(31, 31, v0), Extract(31, 31, v0), Extract(31, 31, v0), Extract(31, 31, v0), Extract(31, 31, v0), Extract(31, 31, v0), Extract(31, 31, v0), Extract(31, 31, v0), Extract(31, 31, v0), Extract(31, 31, v0), Extract(31, 31, v0), Extract(31, 31, v0), Extract(31, 31, v0), Extract(31, 31, v0), Extract(31, 31, v0), Extract(31, 31, v0), Extract(31, 31, v0), Extract(31, 31, v0), Extract(31, 31, v0), Extract(31, 31, v0), Extract(31, 31, v0), Extract(31, 31, v0), Extract(31, 31, v0), Extract(31, 31, v0), Extract(31, 31, v0), Extract(31, 31, v0), Extract(31, 31, v0), Extract(31, 31, v0), Extract(31, 31, v0), Extract(31, 31, v0), Extract(31, 31, v0), Extract(31, 0, v0)) == v1, 0, 1)
      riscv : Concat(0, If(Concat(0, v0 ^ v1) <= 0, 0, 1))
      counterexample: {'arg1': '2147483648', 'arg0': '2147483648'}
[401/507] go/op_0
      IDENTICAL_AFTER_NORMALIZE  answer width 32
      x86   : Extract(31, 0, v0)
      riscv : Extract(31, 0, v0)
[402/507] go/op_1
      IDENTICAL_AFTER_NORMALIZE  answer width 32
      x86   : Extract(31, 0, v0)
      riscv : Extract(31, 0, v0)
[403/507] go/op_2
      IDENTICAL_AFTER_NORMALIZE  answer width 32
      x86   : Extract(31, 0, v0)
      riscv : Extract(31, 0, v0)
[404/507] go/op_3
      IDENTICAL_AFTER_NORMALIZE  answer width 64
      x86   : Extract(63, 0, v0)
      riscv : Extract(63, 0, v0)
[405/507] go/op_4
      IDENTICAL_AFTER_NORMALIZE  answer width 64
      x86   : Extract(63, 0, v0)
      riscv : Extract(63, 0, v0)
[406/507] go/op_6
      IDENTICAL_AFTER_NORMALIZE  answer width 32
      x86   : Extract(31, 0, v0)*4294967295
      riscv : Extract(31, 0, v0)*4294967295
[407/507] go/op_7
      IDENTICAL_AFTER_NORMALIZE  answer width 64
      x86   : v0*18446744073709551615
      riscv : v0*18446744073709551615
[408/507] go/op_8
      IDENTICAL_AFTER_NORMALIZE  answer width 64
      x86   : v0*18446744073709551615
      riscv : v0*18446744073709551615
[409/507] go/op_9
      DIFFER                     answer width 64
      x86   : Concat(Extract(63, 32, v0), Extract(31, 0, v0) ^ Extract(31, 0, v1))
      riscv : Concat(4294967295, If(Extract(63, 32, v0) == 4294967295, ~Extract(31, 31, v0), 1), If(Extract(63, 32, v0) == 4294967295, Extract(30, 23, v0), 255), If(Extract(63, 32, v0) == 4294967295, Extract(22, 0, v0), 4194304))
      counterexample: {'arg0': '18446744071566262271', 'ripconst_0': '2151677951'}
[410/507] go/op_10
      DIFFER                     answer width 64
      x86   : Extract(63, 0, v0) ^ Extract(63, 0, v1)
      riscv : Concat(~Extract(63, 63, v0), Extract(62, 0, v0))
      counterexample: {'arg0': '18446743523953737727', 'ripconst_0': '0'}
[411/507] go/op_17
      DIFFER                     answer width 32
      x86   : Concat(Extract(31, 1, v0), ~Extract(0, 0, v0))
      riscv : Concat(0, If(1 <= Concat(0, v0), 0, 1))
      counterexample: {'arg0': '3892875758579371002'}
[412/507] go/op_18
      IDENTICAL_AFTER_NORMALIZE  answer width 32
      x86   : ~Extract(31, 0, v0)
      riscv : ~Extract(31, 0, v0)
[413/507] go/op_19
      IDENTICAL_AFTER_NORMALIZE  answer width 64
      x86   : ~v0
      riscv : ~v0
[414/507] go/op_20
      IDENTICAL_AFTER_NORMALIZE  answer width 64
      x86   : ~v0
      riscv : ~v0
[415/507] go/op_30
      NotModeled: every path through this body leaves the unit or is unreachable, so the body leaves no answer to read
[416/507] go/op_31
      NotModeled: every path through this body leaves the unit or is unreachable, so the body leaves no answer to read
[417/507] go/op_32
      NotModeled: every path through this body leaves the unit or is unreachable, so the body leaves no answer to read
[418/507] go/op_33
      NotModeled: every path through this body leaves the unit or is unreachable, so the body leaves no answer to read
[419/507] go/op_34
      NotModeled: every path through this body leaves the unit or is unreachable, so the body leaves no answer to read
[420/507] go/op_35
      NotModeled: every path through this body leaves the unit or is unreachable, so the body leaves no answer to read
[421/507] go/op_60
      IDENTICAL_AFTER_NORMALIZE  answer width 32
      x86   : Extract(31, 0, v0)*Extract(31, 0, v1)
      riscv : Extract(31, 0, v0)*Extract(31, 0, v1)
[422/507] go/op_67
      IDENTICAL_AFTER_NORMALIZE  answer width 64
      x86   : v0*v1
      riscv : v0*v1
[423/507] go/op_74
      IDENTICAL_AFTER_NORMALIZE  answer width 64
      x86   : v0*v1
      riscv : v0*v1
[424/507] go/op_81
      DIFFER                     answer width 32
      x86   : fp.to_ieee_bv(fpToFP(Extract(31, 0, v0)) * fpToFP(Extract(31, 0, v1)))
      riscv : fp.to_ieee_bv(fpToFP(If(Extract(63, 32, v0) == 4294967295, Extract(31, 0, v0), 2143289344)) * fpToFP(If(Extract(63, 32, v1) == 4294967295, Extract(31, 0, v1), 2143289344)))
      counterexample: {'arg1': '18446744070488376594', 'arg0': '1373711', 'fp.to_ieee_bv': '[NaN -> 2145927510, else -> fp.to_ieee_bv(Var(0))]'}
[425/507] go/op_88
      IDENTICAL_AFTER_NORMALIZE  answer width 64
      x86   : fp.to_ieee_bv(fpToFP(Extract(63, 0, v0)) * fpToFP(Extract(63, 0, v1)))
      riscv : fp.to_ieee_bv(fpToFP(Extract(63, 0, v0)) * fpToFP(Extract(63, 0, v1)))
[426/507] go/op_96
      NotModeled: every path through this body leaves the unit or is unreachable, so the body leaves no answer to read
[427/507] go/op_103
      NotModeled: every path through this body leaves the unit or is unreachable, so the body leaves no answer to read
[428/507] go/op_110
      NotModeled: EXECUTE_REFUSED for LOAD: not a bit-vector: Ctor(subInt, [Ctor(addInt, [Extract(63, 0, seed_x27 + SignExt(52, Extract(31, 20, 17675011))), LInt(8)]), LInt(1)]) [in execute > execute_LOAD > vmem_read > vmem_read_addr > split_on_page_boundary] (line 'ld t1, 0x10(s11)')
[429/507] go/op_117
      DIFFER                     answer width 32
      x86   : fp.to_ieee_bv(fpToFP(Extract(31, 0, v0)) / fpToFP(Extract(31, 0, v1)))
      riscv : fp.to_ieee_bv(fpToFP(If(Extract(63, 32, v0) == 4294967295, Extract(31, 0, v0), 2143289344)) / fpToFP(If(Extract(63, 32, v1) == 4294967295, Extract(31, 0, v1), 2143289344)))
      counterexample: {'arg0': '18446744072098414595', 'arg1': '14048722484155383825', 'fp.to_ieee_bv': '[NaN -> 2139131018, else -> fp.to_ieee_bv(Var(0))]'}
[430/507] go/op_124
      IDENTICAL_AFTER_NORMALIZE  answer width 64
      x86   : fp.to_ieee_bv(fpToFP(Extract(63, 0, v0)) / fpToFP(Extract(63, 0, v1)))
      riscv : fp.to_ieee_bv(fpToFP(Extract(63, 0, v0)) / fpToFP(Extract(63, 0, v1)))
[431/507] go/op_132
      NotModeled: every path through this body leaves the unit or is unreachable, so the body leaves no answer to read
[432/507] go/op_139
      NotModeled: every path through this body leaves the unit or is unreachable, so the body leaves no answer to read
[433/507] go/op_146
      NotModeled: EXECUTE_REFUSED for LOAD: not a bit-vector: Ctor(subInt, [Ctor(addInt, [Extract(63, 0, seed_x27 + SignExt(52, Extract(31, 20, 17675011))), LInt(8)]), LInt(1)]) [in execute > execute_LOAD > vmem_read > vmem_read_addr > split_on_page_boundary] (line 'ld t1, 0x10(s11)')
[434/507] go/op_168
      NotModeled: EXECUTE_REFUSED for LOAD: not a bit-vector: Ctor(subInt, [Ctor(addInt, [Extract(63, 0, seed_x27 + SignExt(52, Extract(31, 20, 17675011))), LInt(8)]), LInt(1)]) [in execute > execute_LOAD > vmem_read > vmem_read_addr > split_on_page_boundary] (line 'ld t1, 0x10(s11)')
[435/507] go/op_169
      NotModeled: EXECUTE_REFUSED for LOAD: not a bit-vector: Ctor(subInt, [Ctor(addInt, [Extract(63, 0, seed_x27 + SignExt(52, Extract(31, 20, 17675011))), LInt(8)]), LInt(1)]) [in execute > execute_LOAD > vmem_read > vmem_read_addr > split_on_page_boundary] (line 'ld t1, 0x10(s11)')
[436/507] go/op_170
      EQUAL_BY_Z3                answer width 32
      x86   : ~(~(If(Or(ULE(32, Extract(5, 0, v0)), Not(Extract(63, 6, v0) == 0)), 0, 1)*4294967295) | ~(Extract(31, 0, v1) << Concat(0, Extract(4, 0, v0))))
      riscv : ~(~(Concat(0, If(64 <= Concat(0, v0), 0, 1))*4294967295) | ~Extract(31, 0, v1 << Concat(0, Extract(5, 0, v0))))
[437/507] go/op_174
      NotModeled: EXECUTE_REFUSED for LOAD: not a bit-vector: Ctor(subInt, [Ctor(addInt, [Extract(63, 0, seed_x27 + SignExt(52, Extract(31, 20, 17675011))), LInt(8)]), LInt(1)]) [in execute > execute_LOAD > vmem_read > vmem_read_addr > split_on_page_boundary] (line 'ld t1, 0x10(s11)')
[438/507] go/op_175
      NotModeled: EXECUTE_REFUSED for LOAD: not a bit-vector: Ctor(subInt, [Ctor(addInt, [Extract(63, 0, seed_x27 + SignExt(52, Extract(31, 20, 17675011))), LInt(8)]), LInt(1)]) [in execute > execute_LOAD > vmem_read > vmem_read_addr > split_on_page_boundary] (line 'ld t1, 0x10(s11)')
[439/507] go/op_176
      EQUAL_BY_Z3                answer width 64
      x86   : ~(~(If(Or(ULE(64, Extract(6, 0, v0)), Not(Extract(63, 7, v0) == 0)), 0, 1)*18446744073709551615) | ~(v1 << Concat(0, Extract(5, 0, v0))))
      riscv : ~(~(Concat(0, If(64 <= Concat(0, v0), 0, 1))*18446744073709551615) | ~(v1 << Concat(0, Extract(5, 0, v0))))
[440/507] go/op_180
      NotModeled: EXECUTE_REFUSED for LOAD: not a bit-vector: Ctor(subInt, [Ctor(addInt, [Extract(63, 0, seed_x27 + SignExt(52, Extract(31, 20, 17675011))), LInt(8)]), LInt(1)]) [in execute > execute_LOAD > vmem_read > vmem_read_addr > split_on_page_boundary] (line 'ld t1, 0x10(s11)')
[441/507] go/op_181
      NotModeled: EXECUTE_REFUSED for LOAD: not a bit-vector: Ctor(subInt, [Ctor(addInt, [Extract(63, 0, seed_x27 + SignExt(52, Extract(31, 20, 17675011))), LInt(8)]), LInt(1)]) [in execute > execute_LOAD > vmem_read > vmem_read_addr > split_on_page_boundary] (line 'ld t1, 0x10(s11)')
[442/507] go/op_182
      EQUAL_BY_Z3                answer width 64
      x86   : ~(~(If(Or(ULE(64, Extract(6, 0, v0)), Not(Extract(63, 7, v0) == 0)), 0, 1)*18446744073709551615) | ~(v1 << Concat(0, Extract(5, 0, v0))))
      riscv : ~(~(Concat(0, If(64 <= Concat(0, v0), 0, 1))*18446744073709551615) | ~(v1 << Concat(0, Extract(5, 0, v0))))
[443/507] go/op_204
      NotModeled: EXECUTE_REFUSED for LOAD: not a bit-vector: Ctor(subInt, [Ctor(addInt, [Extract(63, 0, seed_x27 + SignExt(52, Extract(31, 20, 17675011))), LInt(8)]), LInt(1)]) [in execute > execute_LOAD > vmem_read > vmem_read_addr > split_on_page_boundary] (line 'ld t1, 0x10(s11)')
[444/507] go/op_205
      NotModeled: EXECUTE_REFUSED for LOAD: not a bit-vector: Ctor(subInt, [Ctor(addInt, [Extract(63, 0, seed_x27 + SignExt(52, Extract(31, 20, 17675011))), LInt(8)]), LInt(1)]) [in execute > execute_LOAD > vmem_read > vmem_read_addr > split_on_page_boundary] (line 'ld t1, 0x10(s11)')
[445/507] go/op_206
      EQUAL_BY_Z3                answer width 32
      x86   : Extract(31, 0, v1) >> Concat(0, ~(If(Or(ULE(32, Extract(5, 0, v0)), Not(Extract(63, 6, v0) == 0)), 0, 1)*31) | Extract(4, 0, v0))
      riscv : Extract(31, 0, v1) >> Concat(0, Concat(0, If(32 <= Concat(0, v0), 0, 1)) + 31 | Extract(4, 0, v0))
[446/507] go/op_210
      NotModeled: EXECUTE_REFUSED for LOAD: not a bit-vector: Ctor(subInt, [Ctor(addInt, [Extract(63, 0, seed_x27 + SignExt(52, Extract(31, 20, 17675011))), LInt(8)]), LInt(1)]) [in execute > execute_LOAD > vmem_read > vmem_read_addr > split_on_page_boundary] (line 'ld t1, 0x10(s11)')
[447/507] go/op_211
      NotModeled: EXECUTE_REFUSED for LOAD: not a bit-vector: Ctor(subInt, [Ctor(addInt, [Extract(63, 0, seed_x27 + SignExt(52, Extract(31, 20, 17675011))), LInt(8)]), LInt(1)]) [in execute > execute_LOAD > vmem_read > vmem_read_addr > split_on_page_boundary] (line 'ld t1, 0x10(s11)')
[448/507] go/op_212
      EQUAL_BY_Z3                answer width 64
      x86   : v1 >> Concat(0, ~(If(Or(ULE(64, Extract(6, 0, v0)), Not(Extract(63, 7, v0) == 0)), 0, 1)*63) | Extract(5, 0, v0))
      riscv : v1 >> Concat(0, Concat(0, If(64 <= Concat(0, v0), 0, 1)) + 63 | Extract(5, 0, v0))
[449/507] go/op_216
      NotModeled: EXECUTE_REFUSED for LOAD: not a bit-vector: Ctor(subInt, [Ctor(addInt, [Extract(63, 0, seed_x27 + SignExt(52, Extract(31, 20, 17675011))), LInt(8)]), LInt(1)]) [in execute > execute_LOAD > vmem_read > vmem_read_addr > split_on_page_boundary] (line 'ld t1, 0x10(s11)')
[450/507] go/op_217
      NotModeled: EXECUTE_REFUSED for LOAD: not a bit-vector: Ctor(subInt, [Ctor(addInt, [Extract(63, 0, seed_x27 + SignExt(52, Extract(31, 20, 17675011))), LInt(8)]), LInt(1)]) [in execute > execute_LOAD > vmem_read > vmem_read_addr > split_on_page_boundary] (line 'ld t1, 0x10(s11)')
[451/507] go/op_218
      EQUAL_BY_Z3                answer width 64
      x86   : ~(~LShR(v0, Concat(0, Extract(5, 0, v1))) | ~(If(Or(ULE(64, Extract(6, 0, v1)), Not(Extract(63, 7, v1) == 0)), 0, 1)*18446744073709551615))
      riscv : ~(~LShR(v0, Concat(0, Extract(5, 0, v1))) | ~(Concat(0, If(64 <= Concat(0, v1), 0, 1))*18446744073709551615))
[452/507] go/op_240
      IDENTICAL_AFTER_NORMALIZE  answer width 32
      x86   : ~(~Extract(31, 0, v0) | ~Extract(31, 0, v1))
      riscv : ~(~Extract(31, 0, v0) | ~Extract(31, 0, v1))
[453/507] go/op_247
      IDENTICAL_AFTER_NORMALIZE  answer width 64
      x86   : ~(~v0 | ~v1)
      riscv : ~(~v0 | ~v1)
[454/507] go/op_254
      IDENTICAL_AFTER_NORMALIZE  answer width 64
      x86   : ~(~v0 | ~v1)
      riscv : ~(~v0 | ~v1)
[455/507] go/op_276
      IDENTICAL_AFTER_NORMALIZE  answer width 32
      x86   : ~(~Extract(31, 0, v0) | Extract(31, 0, v1))
      riscv : ~(~Extract(31, 0, v0) | Extract(31, 0, v1))
[456/507] go/op_283
      IDENTICAL_AFTER_NORMALIZE  answer width 64
      x86   : ~(~v0 | v1)
      riscv : ~(~v0 | v1)
[457/507] go/op_290
      IDENTICAL_AFTER_NORMALIZE  answer width 64
      x86   : ~(~v0 | v1)
      riscv : ~(~v0 | v1)
[458/507] go/op_312
      IDENTICAL_AFTER_NORMALIZE  answer width 32
      x86   : Extract(31, 0, v0) + Extract(31, 0, v1)
      riscv : Extract(31, 0, v0) + Extract(31, 0, v1)
[459/507] go/op_319
      IDENTICAL_AFTER_NORMALIZE  answer width 64
      x86   : v0 + v1
      riscv : v0 + v1
[460/507] go/op_326
      IDENTICAL_AFTER_NORMALIZE  answer width 64
      x86   : v0 + v1
      riscv : v0 + v1
[461/507] go/op_333
      DIFFER                     answer width 32
      x86   : fp.to_ieee_bv(fpToFP(Extract(31, 0, v0)) + fpToFP(Extract(31, 0, v1)))
      riscv : fp.to_ieee_bv(fpToFP(If(Extract(63, 32, v0) == 4294967295, Extract(31, 0, v0), 2143289344)) + fpToFP(If(Extract(63, 32, v1) == 4294967295, Extract(31, 0, v1), 2143289344)))
      counterexample: {'arg1': '18446744069418819844', 'arg0': '18446726477245984640', 'fp.to_ieee_bv': '[NaN -> 2139783170, else -> fp.to_ieee_bv(Var(0))]'}
[462/507] go/op_340
      IDENTICAL_AFTER_NORMALIZE  answer width 64
      x86   : fp.to_ieee_bv(fpToFP(Extract(63, 0, v0)) + fpToFP(Extract(63, 0, v1)))
      riscv : fp.to_ieee_bv(fpToFP(Extract(63, 0, v0)) + fpToFP(Extract(63, 0, v1)))
[463/507] go/op_348
      IDENTICAL_AFTER_NORMALIZE  answer width 32
      x86   : Extract(31, 0, v0)*4294967295 + Extract(31, 0, v1)
      riscv : Extract(31, 0, v0)*4294967295 + Extract(31, 0, v1)
[464/507] go/op_355
      IDENTICAL_AFTER_NORMALIZE  answer width 64
      x86   : v0*18446744073709551615 + v1
      riscv : v0*18446744073709551615 + v1
[465/507] go/op_362
      IDENTICAL_AFTER_NORMALIZE  answer width 64
      x86   : v0*18446744073709551615 + v1
      riscv : v0*18446744073709551615 + v1
[466/507] go/op_369
      DIFFER                     answer width 32
      x86   : fp.to_ieee_bv(-fpToFP(Extract(31, 0, v0)) + fpToFP(Extract(31, 0, v1)))
      riscv : fp.to_ieee_bv(-fpToFP(If(Extract(63, 32, v0) == 4294967295, Extract(31, 0, v0), 2143289344)) + fpToFP(If(Extract(63, 32, v1) == 4294967295, Extract(31, 0, v1), 2143289344)))
      counterexample: {'arg0': '18446744071574992874', 'arg1': '3806835881193846382', 'fp.to_ieee_bv': '[NaN -> 2146624290, else -> fp.to_ieee_bv(Var(0))]'}
[467/507] go/op_376
      IDENTICAL_AFTER_NORMALIZE  answer width 64
      x86   : fp.to_ieee_bv(-fpToFP(Extract(63, 0, v0)) + fpToFP(Extract(63, 0, v1)))
      riscv : fp.to_ieee_bv(-fpToFP(Extract(63, 0, v0)) + fpToFP(Extract(63, 0, v1)))
[468/507] go/op_384
      IDENTICAL_AFTER_NORMALIZE  answer width 32
      x86   : Extract(31, 0, v0) | Extract(31, 0, v1)
      riscv : Extract(31, 0, v0) | Extract(31, 0, v1)
[469/507] go/op_391
      IDENTICAL_AFTER_NORMALIZE  answer width 64
      x86   : v0 | v1
      riscv : v0 | v1
[470/507] go/op_398
      IDENTICAL_AFTER_NORMALIZE  answer width 64
      x86   : v0 | v1
      riscv : v0 | v1
[471/507] go/op_420
      IDENTICAL_AFTER_NORMALIZE  answer width 32
      x86   : Extract(31, 0, v0) ^ Extract(31, 0, v1)
      riscv : Extract(31, 0, v0) ^ Extract(31, 0, v1)
[472/507] go/op_427
      IDENTICAL_AFTER_NORMALIZE  answer width 64
      x86   : v0 ^ v1
      riscv : v0 ^ v1
[473/507] go/op_434
      IDENTICAL_AFTER_NORMALIZE  answer width 64
      x86   : v0 ^ v1
      riscv : v0 ^ v1
[474/507] go/op_456
      EQUAL_BY_Z3                answer width 8
      x86   : If(Extract(31, 0, v0) == Extract(31, 0, v1), 1, 0)
      riscv : Concat(0, If(1 <= Concat(0, Concat(Extract(31, 31, v0), Extract(31, 31, v0), Extract(31, 31, v0), Extract(31, 31, v0), Extract(31, 31, v0), Extract(31, 31, v0), Extract(31, 31, v0), Extract(31, 31, v0), Extract(31, 31, v0), Extract(31, 31, v0), Extract(31, 31, v0), Extract(31, 31, v0), Extract(31, 31, v0), Extract(31, 31, v0), Extract(31, 31, v0), Extract(31, 31, v0), Extract(31, 31, v0), Extract(31, 31, v0), Extract(31, 31, v0), Extract(31, 31, v0), Extract(31, 31, v0), Extract(31, 31, v0), Extract(31, 31, v0), Extract(31, 31, v0), Extract(31, 31, v0), Extract(31, 31, v0), Extract(31, 31, v0), Extract(31, 31, v0), Extract(31, 31, v0), Extract(31, 31, v0), Extract(31, 31, v0), Extract(31, 31, v0), Extract(31, 0, v0))*18446744073709551615 + Concat(Extract(31, 31, v1), Extract(31, 31, v1), Extract(31, 31, v1), Extract(31, 31, v1), Extract(31, 31, v1), Extract(31, 31, v1), Extract(31, 31, v1), Extract(31, 31, v1), Extract(31, 31, v1), Extract(31, 31, v1), Extract(31, 31, v1), Extract(31, 31, v1), Extract(31, 31, v1), Extract(31, 31, v1), Extract(31, 31, v1), Extract(31, 31, v1), Extract(31, 31, v1), Extract(31, 31, v1), Extract(31, 31, v1), Extract(31, 31, v1), Extract(31, 31, v1), Extract(31, 31, v1), Extract(31, 31, v1), Extract(31, 31, v1), Extract(31, 31, v1), Extract(31, 31, v1), Extract(31, 31, v1), Extract(31, 31, v1), Extract(31, 31, v1), Extract(31, 31, v1), Extract(31, 31, v1), Extract(31, 31, v1), Extract(31, 0, v1))), 0, 1))
[475/507] go/op_463
      EQUAL_BY_Z3                answer width 8
      x86   : If(v0 == v1, 1, 0)
      riscv : Concat(0, If(1 <= Concat(0, v0*18446744073709551615 + v1), 0, 1))
[476/507] go/op_470
      EQUAL_BY_Z3                answer width 8
      x86   : If(v0 == v1, 1, 0)
      riscv : Concat(0, If(1 <= Concat(0, v0*18446744073709551615 + v1), 0, 1))
[477/507] go/op_477
      DIFFER                     answer width 32
      x86   : Concat(~(~Extract(31, 8, v0) | ~Extract(31, 8, v1)), ~(If(And(fpEQ(fpToFP(Extract(31, 0, v2)), fpToFP(Extract(31, 0, v3))), Not(Or(fpIsNaN(fpToFP(Extract(31, 0, v2))), fpIsNaN(fpToFP(Extract(31, 0, v3)))))), 254, 255) | If(Or(fpIsNaN(fpToFP(Extract(31, 0, v2))), fpIsNaN(fpToFP(Extract(31, 0, v3)))), 255, 254)))
      riscv : Concat(0, If(fpEQ(fpToFP(If(Extract(63, 32, v0) == 4294967295, Extract(31, 0, v0), 2143289344)), fpToFP(If(Extract(63, 32, v1) == 4294967295, Extract(31, 0, v1), 2143289344))), 1, 0))
      counterexample: {'arg0': '18446744071548945473', 'arg1': '4079819428361389121', 'seed_rax': '4294950656', 'seed_rcx': '4294950656'}
[478/507] go/op_484
      DIFFER                     answer width 32
      x86   : Concat(~(~Extract(31, 8, v0) | ~Extract(31, 8, v1)), ~(If(And(fpEQ(fpToFP(Extract(63, 0, v2)), fpToFP(Extract(63, 0, v3))), Not(Or(fpIsNaN(fpToFP(Extract(63, 0, v2))), fpIsNaN(fpToFP(Extract(63, 0, v3)))))), 254, 255) | If(Or(fpIsNaN(fpToFP(Extract(63, 0, v2))), fpIsNaN(fpToFP(Extract(63, 0, v3)))), 255, 254)))
      riscv : Concat(0, If(fpEQ(fpToFP(Extract(63, 0, v0)), fpToFP(Extract(63, 0, v1))), 1, 0))
      counterexample: {'arg0': '0', 'arg1': '0', 'seed_rax': '4294967040', 'seed_rcx': '4294967040'}
[479/507] go/op_491
      DIFFER                     answer width 8
      x86   : If(Extract(7, 0, v0) == Extract(7, 0, v1), 1, 0)
      riscv : Concat(0, If(1 <= Concat(0, v0*18446744073709551615 + v1), 0, 1))
      counterexample: {'arg1': '18014396361998431', 'arg0': '887772145264885855'}
[480/507] go/op_492
      EQUAL_BY_Z3                answer width 8
      x86   : If(Extract(31, 0, v0) == Extract(31, 0, v1), 0, 1)
      riscv : Concat(0, If(Concat(0, Concat(Extract(31, 31, v0), Extract(31, 31, v0), Extract(31, 31, v0), Extract(31, 31, v0), Extract(31, 31, v0), Extract(31, 31, v0), Extract(31, 31, v0), Extract(31, 31, v0), Extract(31, 31, v0), Extract(31, 31, v0), Extract(31, 31, v0), Extract(31, 31, v0), Extract(31, 31, v0), Extract(31, 31, v0), Extract(31, 31, v0), Extract(31, 31, v0), Extract(31, 31, v0), Extract(31, 31, v0), Extract(31, 31, v0), Extract(31, 31, v0), Extract(31, 31, v0), Extract(31, 31, v0), Extract(31, 31, v0), Extract(31, 31, v0), Extract(31, 31, v0), Extract(31, 31, v0), Extract(31, 31, v0), Extract(31, 31, v0), Extract(31, 31, v0), Extract(31, 31, v0), Extract(31, 31, v0), Extract(31, 31, v0), Extract(31, 0, v0))*18446744073709551615 + Concat(Extract(31, 31, v1), Extract(31, 31, v1), Extract(31, 31, v1), Extract(31, 31, v1), Extract(31, 31, v1), Extract(31, 31, v1), Extract(31, 31, v1), Extract(31, 31, v1), Extract(31, 31, v1), Extract(31, 31, v1), Extract(31, 31, v1), Extract(31, 31, v1), Extract(31, 31, v1), Extract(31, 31, v1), Extract(31, 31, v1), Extract(31, 31, v1), Extract(31, 31, v1), Extract(31, 31, v1), Extract(31, 31, v1), Extract(31, 31, v1), Extract(31, 31, v1), Extract(31, 31, v1), Extract(31, 31, v1), Extract(31, 31, v1), Extract(31, 31, v1), Extract(31, 31, v1), Extract(31, 31, v1), Extract(31, 31, v1), Extract(31, 31, v1), Extract(31, 31, v1), Extract(31, 31, v1), Extract(31, 31, v1), Extract(31, 0, v1))) <= 0, 0, 1))
[481/507] go/op_499
      EQUAL_BY_Z3                answer width 8
      x86   : If(v0 == v1, 0, 1)
      riscv : Concat(0, If(Concat(0, v0*18446744073709551615 + v1) <= 0, 0, 1))
[482/507] go/op_506
      EQUAL_BY_Z3                answer width 8
      x86   : If(v0 == v1, 0, 1)
      riscv : Concat(0, If(Concat(0, v0*18446744073709551615 + v1) <= 0, 0, 1))
[483/507] go/op_513
      DIFFER                     answer width 32
      x86   : Concat(Extract(31, 8, v2) | Extract(31, 8, v3), If(Or(fpIsNaN(fpToFP(Extract(31, 0, v0))), fpIsNaN(fpToFP(Extract(31, 0, v1))), Not(fpEQ(fpToFP(Extract(31, 0, v0)), fpToFP(Extract(31, 0, v1))))), 1, 0) | If(Or(fpIsNaN(fpToFP(Extract(31, 0, v0))), fpIsNaN(fpToFP(Extract(31, 0, v1)))), 1, 0))
      riscv : Concat(0, If(fpEQ(fpToFP(If(Extract(63, 32, v0) == 4294967295, Extract(31, 0, v0), 2143289344)), fpToFP(If(Extract(63, 32, v1) == 4294967295, Extract(31, 0, v1), 2143289344))), 0, 1))
      counterexample: {'arg0': '15638133453160579079', 'arg1': '18446744073580674731', 'seed_rax': '0', 'seed_rcx': '256'}
[484/507] go/op_520
      DIFFER                     answer width 32
      x86   : Concat(Extract(31, 8, v2) | Extract(31, 8, v3), If(Or(fpIsNaN(fpToFP(Extract(63, 0, v0))), fpIsNaN(fpToFP(Extract(63, 0, v1))), Not(fpEQ(fpToFP(Extract(63, 0, v0)), fpToFP(Extract(63, 0, v1))))), 1, 0) | If(Or(fpIsNaN(fpToFP(Extract(63, 0, v0))), fpIsNaN(fpToFP(Extract(63, 0, v1)))), 1, 0))
      riscv : Concat(0, If(fpEQ(fpToFP(Extract(63, 0, v0)), fpToFP(Extract(63, 0, v1))), 0, 1))
      counterexample: {'arg0': '0', 'arg1': '0', 'seed_rax': '4194304', 'seed_rcx': '0'}
[485/507] go/op_527
      DIFFER                     answer width 8
      x86   : If(Extract(7, 0, v0) == Extract(7, 0, v1), 0, 1)
      riscv : Concat(0, If(Concat(0, v0*18446744073709551615 + v1) <= 0, 0, 1))
      counterexample: {'arg1': '18014396361998431', 'arg0': '887772145264885855'}
[486/507] go/op_528
      EQUAL_BY_Z3                answer width 8
      x86   : If(And(Extract(31, 31, Extract(31, 0, v0)*4294967295 + Extract(31, 0, v1)) == If(Extract(31, 31, Concat(Extract(31, 31, v0), Extract(31, 0, v0))*8589934591 + Concat(Extract(31, 31, v1), Extract(31, 0, v1))) == Extract(32, 32, Concat(Extract(31, 31, v0), Extract(31, 0, v0))*8589934591 + Concat(Extract(31, 31, v1), Extract(31, 0, v1))), 0, 1), Not(Extract(31, 0, v0) == Extract(31, 0, v1))), 1, 0)
      riscv : Concat(0, If(Concat(Extract(31, 31, v0), Extract(31, 31, v0), Extract(31, 31, v0), Extract(31, 31, v0), Extract(31, 31, v0), Extract(31, 31, v0), Extract(31, 31, v0), Extract(31, 31, v0), Extract(31, 31, v0), Extract(31, 31, v0), Extract(31, 31, v0), Extract(31, 31, v0), Extract(31, 31, v0), Extract(31, 31, v0), Extract(31, 31, v0), Extract(31, 31, v0), Extract(31, 31, v0), Extract(31, 31, v0), Extract(31, 31, v0), Extract(31, 31, v0), Extract(31, 31, v0), Extract(31, 31, v0), Extract(31, 31, v0), Extract(31, 31, v0), Extract(31, 31, v0), Extract(31, 31, v0), Extract(31, 31, v0), Extract(31, 31, v0), Extract(31, 31, v0), Extract(31, 31, v0), Extract(31, 31, v0), Extract(31, 31, v0), Extract(31, 31, v0), Extract(31, 31, v0), Extract(31, 31, v0), Extract(31, 31, v0), Extract(31, 31, v0), Extract(31, 31, v0), Extract(31, 31, v0), Extract(31, 31, v0), Extract(31, 31, v0), Extract(31, 31, v0), Extract(31, 31, v0), Extract(31, 31, v0), Extract(31, 31, v0), Extract(31, 31, v0), Extract(31, 31, v0), Extract(31, 31, v0), Extract(31, 31, v0), Extract(31, 31, v0), Extract(31, 31, v0), Extract(31, 31, v0), Extract(31, 31, v0), Extract(31, 31, v0), Extract(31, 31, v0), Extract(31, 31, v0), Extract(31, 31, v0), Extract(31, 31, v0), Extract(31, 31, v0), Extract(31, 31, v0), Extract(31, 31, v0), Extract(31, 31, v0), Extract(31, 31, v0), Extract(31, 31, v0), Extract(31, 31, v0), Extract(31, 31, v0), Extract(31, 31, v0), Extract(31, 31, v0), Extract(31, 31, v0), Extract(31, 31, v0), Extract(31, 31, v0), Extract(31, 31, v0), Extract(31, 31, v0), Extract(31, 31, v0), Extract(31, 31, v0), Extract(31, 31, v0), Extract(31, 31, v0), Extract(31, 31, v0), Extract(31, 31, v0), Extract(31, 31, v0), Extract(31, 31, v0), Extract(31, 31, v0), Extract(31, 31, v0), Extract(31, 31, v0), Extract(31, 31, v0), Extract(31, 31, v0), Extract(31, 31, v0), Extract(31, 31, v0), Extract(31, 31, v0), Extract(31, 31, v0), Extract(31, 31, v0), Extract(31, 31, v0), Extract(31, 31, v0), Extract(31, 31, v0), Extract(31, 31, v0), Extract(31, 31, v0), Extract(31, 31, v0), Extract(31, 31, v0), Extract(31, 31, v0), Extract(31, 31, v0), Extract(31, 0, v0)) <= Concat(Extract(31, 31, v1), Extract(31, 31, v1), Extract(31, 31, v1), Extract(31, 31, v1), Extract(31, 31, v1), Extract(31, 31, v1), Extract(31, 31, v1), Extract(31, 31, v1), Extract(31, 31, v1), Extract(31, 31, v1), Extract(31, 31, v1), Extract(31, 31, v1), Extract(31, 31, v1), Extract(31, 31, v1), Extract(31, 31, v1), Extract(31, 31, v1), Extract(31, 31, v1), Extract(31, 31, v1), Extract(31, 31, v1), Extract(31, 31, v1), Extract(31, 31, v1), Extract(31, 31, v1), Extract(31, 31, v1), Extract(31, 31, v1), Extract(31, 31, v1), Extract(31, 31, v1), Extract(31, 31, v1), Extract(31, 31, v1), Extract(31, 31, v1), Extract(31, 31, v1), Extract(31, 31, v1), Extract(31, 31, v1), Extract(31, 31, v1), Extract(31, 31, v1), Extract(31, 31, v1), Extract(31, 31, v1), Extract(31, 31, v1), Extract(31, 31, v1), Extract(31, 31, v1), Extract(31, 31, v1), Extract(31, 31, v1), Extract(31, 31, v1), Extract(31, 31, v1), Extract(31, 31, v1), Extract(31, 31, v1), Extract(31, 31, v1), Extract(31, 31, v1), Extract(31, 31, v1), Extract(31, 31, v1), Extract(31, 31, v1), Extract(31, 31, v1), Extract(31, 31, v1), Extract(31, 31, v1), Extract(31, 31, v1), Extract(31, 31, v1), Extract(31, 31, v1), Extract(31, 31, v1), Extract(31, 31, v1), Extract(31, 31, v1), Extract(31, 31, v1), Extract(31, 31, v1), Extract(31, 31, v1), Extract(31, 31, v1), Extract(31, 31, v1), Extract(31, 31, v1), Extract(31, 31, v1), Extract(31, 31, v1), Extract(31, 31, v1), Extract(31, 31, v1), Extract(31, 31, v1), Extract(31, 31, v1), Extract(31, 31, v1), Extract(31, 31, v1), Extract(31, 31, v1), Extract(31, 31, v1), Extract(31, 31, v1), Extract(31, 31, v1), Extract(31, 31, v1), Extract(31, 31, v1), Extract(31, 31, v1), Extract(31, 31, v1), Extract(31, 31, v1), Extract(31, 31, v1), Extract(31, 31, v1), Extract(31, 31, v1), Extract(31, 31, v1), Extract(31, 31, v1), Extract(31, 31, v1), Extract(31, 31, v1), Extract(31, 31, v1), Extract(31, 31, v1), Extract(31, 31, v1), Extract(31, 31, v1), Extract(31, 31, v1), Extract(31, 31, v1), Extract(31, 31, v1), Extract(31, 31, v1), Extract(31, 31, v1), Extract(31, 31, v1), Extract(31, 31, v1), Extract(31, 0, v1)), 0, 1))
[487/507] go/op_535
      EQUAL_BY_Z3                answer width 8
      x86   : If(And(Extract(63, 63, v0*18446744073709551615 + v1) == If(Extract(63, 63, Concat(Extract(63, 63, v0), v0)*36893488147419103231 + Concat(Extract(63, 63, v1), v1)) == Extract(64, 64, Concat(Extract(63, 63, v0), v0)*36893488147419103231 + Concat(Extract(63, 63, v1), v1)), 0, 1), Not(v0 == v1)), 1, 0)
      riscv : Concat(0, If(Concat(Extract(63, 63, v0), Extract(63, 63, v0), Extract(63, 63, v0), Extract(63, 63, v0), Extract(63, 63, v0), Extract(63, 63, v0), Extract(63, 63, v0), Extract(63, 63, v0), Extract(63, 63, v0), Extract(63, 63, v0), Extract(63, 63, v0), Extract(63, 63, v0), Extract(63, 63, v0), Extract(63, 63, v0), Extract(63, 63, v0), Extract(63, 63, v0), Extract(63, 63, v0), Extract(63, 63, v0), Extract(63, 63, v0), Extract(63, 63, v0), Extract(63, 63, v0), Extract(63, 63, v0), Extract(63, 63, v0), Extract(63, 63, v0), Extract(63, 63, v0), Extract(63, 63, v0), Extract(63, 63, v0), Extract(63, 63, v0), Extract(63, 63, v0), Extract(63, 63, v0), Extract(63, 63, v0), Extract(63, 63, v0), Extract(63, 63, v0), Extract(63, 63, v0), Extract(63, 63, v0), Extract(63, 63, v0), Extract(63, 63, v0), Extract(63, 63, v0), Extract(63, 63, v0), Extract(63, 63, v0), Extract(63, 63, v0), Extract(63, 63, v0), Extract(63, 63, v0), Extract(63, 63, v0), Extract(63, 63, v0), Extract(63, 63, v0), Extract(63, 63, v0), Extract(63, 63, v0), Extract(63, 63, v0), Extract(63, 63, v0), Extract(63, 63, v0), Extract(63, 63, v0), Extract(63, 63, v0), Extract(63, 63, v0), Extract(63, 63, v0), Extract(63, 63, v0), Extract(63, 63, v0), Extract(63, 63, v0), Extract(63, 63, v0), Extract(63, 63, v0), Extract(63, 63, v0), Extract(63, 63, v0), Extract(63, 63, v0), Extract(63, 63, v0), Extract(63, 63, v0), Extract(63, 63, v0), Extract(63, 63, v0), Extract(63, 63, v0), v0) <= Concat(Extract(63, 63, v1), Extract(63, 63, v1), Extract(63, 63, v1), Extract(63, 63, v1), Extract(63, 63, v1), Extract(63, 63, v1), Extract(63, 63, v1), Extract(63, 63, v1), Extract(63, 63, v1), Extract(63, 63, v1), Extract(63, 63, v1), Extract(63, 63, v1), Extract(63, 63, v1), Extract(63, 63, v1), Extract(63, 63, v1), Extract(63, 63, v1), Extract(63, 63, v1), Extract(63, 63, v1), Extract(63, 63, v1), Extract(63, 63, v1), Extract(63, 63, v1), Extract(63, 63, v1), Extract(63, 63, v1), Extract(63, 63, v1), Extract(63, 63, v1), Extract(63, 63, v1), Extract(63, 63, v1), Extract(63, 63, v1), Extract(63, 63, v1), Extract(63, 63, v1), Extract(63, 63, v1), Extract(63, 63, v1), Extract(63, 63, v1), Extract(63, 63, v1), Extract(63, 63, v1), Extract(63, 63, v1), Extract(63, 63, v1), Extract(63, 63, v1), Extract(63, 63, v1), Extract(63, 63, v1), Extract(63, 63, v1), Extract(63, 63, v1), Extract(63, 63, v1), Extract(63, 63, v1), Extract(63, 63, v1), Extract(63, 63, v1), Extract(63, 63, v1), Extract(63, 63, v1), Extract(63, 63, v1), Extract(63, 63, v1), Extract(63, 63, v1), Extract(63, 63, v1), Extract(63, 63, v1), Extract(63, 63, v1), Extract(63, 63, v1), Extract(63, 63, v1), Extract(63, 63, v1), Extract(63, 63, v1), Extract(63, 63, v1), Extract(63, 63, v1), Extract(63, 63, v1), Extract(63, 63, v1), Extract(63, 63, v1), Extract(63, 63, v1), Extract(63, 63, v1), Extract(63, 63, v1), Extract(63, 63, v1), Extract(63, 63, v1), v1), 0, 1))
[488/507] go/op_542
      EQUAL_BY_Z3                answer width 8
      x86   : If(And(ULE(v0, v1), Not(v0 == v1)), 1, 0)
      riscv : Concat(0, If(Concat(0, v0) <= Concat(0, v1), 0, 1))
[489/507] go/op_549
      DIFFER                     answer width 8
      x86   : If(And(Not(fpEQ(fpToFP(Extract(31, 0, v0)), fpToFP(Extract(31, 0, v1)))), Not(fpToFP(Extract(31, 0, v1)) < fpToFP(Extract(31, 0, v0))), Not(Or(fpIsNaN(fpToFP(Extract(31, 0, v0))), fpIsNaN(fpToFP(Extract(31, 0, v1)))))), 1, 0)
      riscv : Concat(0, If(fpToFP(If(Extract(63, 32, v0) == 4294967295, Extract(31, 0, v0), 2143289344)) < fpToFP(If(Extract(63, 32, v1) == 4294967295, Extract(31, 0, v1), 2143289344)), 1, 0))
      counterexample: {'arg1': '18446744072091528370', 'arg0': '11441889134398807513'}
[490/507] go/op_556
      EQUAL_BY_Z3                answer width 8
      x86   : If(And(Not(fpEQ(fpToFP(Extract(63, 0, v0)), fpToFP(Extract(63, 0, v1)))), Not(fpToFP(Extract(63, 0, v1)) < fpToFP(Extract(63, 0, v0))), Not(Or(fpIsNaN(fpToFP(Extract(63, 0, v0))), fpIsNaN(fpToFP(Extract(63, 0, v1)))))), 1, 0)
      riscv : Concat(0, If(fpToFP(Extract(63, 0, v0)) < fpToFP(Extract(63, 0, v1)), 1, 0))
[491/507] go/op_564
      EQUAL_BY_Z3                answer width 8
      x86   : If(Extract(31, 31, Extract(31, 0, v0)*4294967295 + Extract(31, 0, v1)) == If(Extract(31, 31, Concat(Extract(31, 31, v0), Extract(31, 0, v0))*8589934591 + Concat(Extract(31, 31, v1), Extract(31, 0, v1))) == Extract(32, 32, Concat(Extract(31, 31, v0), Extract(31, 0, v0))*8589934591 + Concat(Extract(31, 31, v1), Extract(31, 0, v1))), 0, 1), 1, 0)
      riscv : Concat(0, If(1 <= Concat(0, If(Concat(Extract(31, 31, v0), Extract(31, 31, v0), Extract(31, 31, v0), Extract(31, 31, v0), Extract(31, 31, v0), Extract(31, 31, v0), Extract(31, 31, v0), Extract(31, 31, v0), Extract(31, 31, v0), Extract(31, 31, v0), Extract(31, 31, v0), Extract(31, 31, v0), Extract(31, 31, v0), Extract(31, 31, v0), Extract(31, 31, v0), Extract(31, 31, v0), Extract(31, 31, v0), Extract(31, 31, v0), Extract(31, 31, v0), Extract(31, 31, v0), Extract(31, 31, v0), Extract(31, 31, v0), Extract(31, 31, v0), Extract(31, 31, v0), Extract(31, 31, v0), Extract(31, 31, v0), Extract(31, 31, v0), Extract(31, 31, v0), Extract(31, 31, v0), Extract(31, 31, v0), Extract(31, 31, v0), Extract(31, 31, v0), Extract(31, 31, v0), Extract(31, 31, v0), Extract(31, 31, v0), Extract(31, 31, v0), Extract(31, 31, v0), Extract(31, 31, v0), Extract(31, 31, v0), Extract(31, 31, v0), Extract(31, 31, v0), Extract(31, 31, v0), Extract(31, 31, v0), Extract(31, 31, v0), Extract(31, 31, v0), Extract(31, 31, v0), Extract(31, 31, v0), Extract(31, 31, v0), Extract(31, 31, v0), Extract(31, 31, v0), Extract(31, 31, v0), Extract(31, 31, v0), Extract(31, 31, v0), Extract(31, 31, v0), Extract(31, 31, v0), Extract(31, 31, v0), Extract(31, 31, v0), Extract(31, 31, v0), Extract(31, 31, v0), Extract(31, 31, v0), Extract(31, 31, v0), Extract(31, 31, v0), Extract(31, 31, v0), Extract(31, 31, v0), Extract(31, 31, v0), Extract(31, 31, v0), Extract(31, 31, v0), Extract(31, 31, v0), Extract(31, 31, v0), Extract(31, 31, v0), Extract(31, 31, v0), Extract(31, 31, v0), Extract(31, 31, v0), Extract(31, 31, v0), Extract(31, 31, v0), Extract(31, 31, v0), Extract(31, 31, v0), Extract(31, 31, v0), Extract(31, 31, v0), Extract(31, 31, v0), Extract(31, 31, v0), Extract(31, 31, v0), Extract(31, 31, v0), Extract(31, 31, v0), Extract(31, 31, v0), Extract(31, 31, v0), Extract(31, 31, v0), Extract(31, 31, v0), Extract(31, 31, v0), Extract(31, 31, v0), Extract(31, 31, v0), Extract(31, 31, v0), Extract(31, 31, v0), Extract(31, 31, v0), Extract(31, 31, v0), Extract(31, 31, v0), Extract(31, 31, v0), Extract(31, 31, v0), Extract(31, 31, v0), Extract(31, 31, v0), Extract(31, 0, v0)) <= Concat(Extract(31, 31, v1), Extract(31, 31, v1), Extract(31, 31, v1), Extract(31, 31, v1), Extract(31, 31, v1), Extract(31, 31, v1), Extract(31, 31, v1), Extract(31, 31, v1), Extract(31, 31, v1), Extract(31, 31, v1), Extract(31, 31, v1), Extract(31, 31, v1), Extract(31, 31, v1), Extract(31, 31, v1), Extract(31, 31, v1), Extract(31, 31, v1), Extract(31, 31, v1), Extract(31, 31, v1), Extract(31, 31, v1), Extract(31, 31, v1), Extract(31, 31, v1), Extract(31, 31, v1), Extract(31, 31, v1), Extract(31, 31, v1), Extract(31, 31, v1), Extract(31, 31, v1), Extract(31, 31, v1), Extract(31, 31, v1), Extract(31, 31, v1), Extract(31, 31, v1), Extract(31, 31, v1), Extract(31, 31, v1), Extract(31, 31, v1), Extract(31, 31, v1), Extract(31, 31, v1), Extract(31, 31, v1), Extract(31, 31, v1), Extract(31, 31, v1), Extract(31, 31, v1), Extract(31, 31, v1), Extract(31, 31, v1), Extract(31, 31, v1), Extract(31, 31, v1), Extract(31, 31, v1), Extract(31, 31, v1), Extract(31, 31, v1), Extract(31, 31, v1), Extract(31, 31, v1), Extract(31, 31, v1), Extract(31, 31, v1), Extract(31, 31, v1), Extract(31, 31, v1), Extract(31, 31, v1), Extract(31, 31, v1), Extract(31, 31, v1), Extract(31, 31, v1), Extract(31, 31, v1), Extract(31, 31, v1), Extract(31, 31, v1), Extract(31, 31, v1), Extract(31, 31, v1), Extract(31, 31, v1), Extract(31, 31, v1), Extract(31, 31, v1), Extract(31, 31, v1), Extract(31, 31, v1), Extract(31, 31, v1), Extract(31, 31, v1), Extract(31, 31, v1), Extract(31, 31, v1), Extract(31, 31, v1), Extract(31, 31, v1), Extract(31, 31, v1), Extract(31, 31, v1), Extract(31, 31, v1), Extract(31, 31, v1), Extract(31, 31, v1), Extract(31, 31, v1), Extract(31, 31, v1), Extract(31, 31, v1), Extract(31, 31, v1), Extract(31, 31, v1), Extract(31, 31, v1), Extract(31, 31, v1), Extract(31, 31, v1), Extract(31, 31, v1), Extract(31, 31, v1), Extract(31, 31, v1), Extract(31, 31, v1), Extract(31, 31, v1), Extract(31, 31, v1), Extract(31, 31, v1), Extract(31, 31, v1), Extract(31, 31, v1), Extract(31, 31, v1), Extract(31, 31, v1), Extract(31, 31, v1), Extract(31, 31, v1), Extract(31, 31, v1), Extract(31, 31, v1), Extract(31, 0, v1)), 0, 1)), 0, 1))
[492/507] go/op_571
      EQUAL_BY_Z3                answer width 8
      x86   : If(Extract(63, 63, v0*18446744073709551615 + v1) == If(Extract(63, 63, Concat(Extract(63, 63, v0), v0)*36893488147419103231 + Concat(Extract(63, 63, v1), v1)) == Extract(64, 64, Concat(Extract(63, 63, v0), v0)*36893488147419103231 + Concat(Extract(63, 63, v1), v1)), 0, 1), 1, 0)
      riscv : Concat(0, If(1 <= Concat(0, If(Concat(Extract(63, 63, v0), Extract(63, 63, v0), Extract(63, 63, v0), Extract(63, 63, v0), Extract(63, 63, v0), Extract(63, 63, v0), Extract(63, 63, v0), Extract(63, 63, v0), Extract(63, 63, v0), Extract(63, 63, v0), Extract(63, 63, v0), Extract(63, 63, v0), Extract(63, 63, v0), Extract(63, 63, v0), Extract(63, 63, v0), Extract(63, 63, v0), Extract(63, 63, v0), Extract(63, 63, v0), Extract(63, 63, v0), Extract(63, 63, v0), Extract(63, 63, v0), Extract(63, 63, v0), Extract(63, 63, v0), Extract(63, 63, v0), Extract(63, 63, v0), Extract(63, 63, v0), Extract(63, 63, v0), Extract(63, 63, v0), Extract(63, 63, v0), Extract(63, 63, v0), Extract(63, 63, v0), Extract(63, 63, v0), Extract(63, 63, v0), Extract(63, 63, v0), Extract(63, 63, v0), Extract(63, 63, v0), Extract(63, 63, v0), Extract(63, 63, v0), Extract(63, 63, v0), Extract(63, 63, v0), Extract(63, 63, v0), Extract(63, 63, v0), Extract(63, 63, v0), Extract(63, 63, v0), Extract(63, 63, v0), Extract(63, 63, v0), Extract(63, 63, v0), Extract(63, 63, v0), Extract(63, 63, v0), Extract(63, 63, v0), Extract(63, 63, v0), Extract(63, 63, v0), Extract(63, 63, v0), Extract(63, 63, v0), Extract(63, 63, v0), Extract(63, 63, v0), Extract(63, 63, v0), Extract(63, 63, v0), Extract(63, 63, v0), Extract(63, 63, v0), Extract(63, 63, v0), Extract(63, 63, v0), Extract(63, 63, v0), Extract(63, 63, v0), Extract(63, 63, v0), Extract(63, 63, v0), Extract(63, 63, v0), Extract(63, 63, v0), v0) <= Concat(Extract(63, 63, v1), Extract(63, 63, v1), Extract(63, 63, v1), Extract(63, 63, v1), Extract(63, 63, v1), Extract(63, 63, v1), Extract(63, 63, v1), Extract(63, 63, v1), Extract(63, 63, v1), Extract(63, 63, v1), Extract(63, 63, v1), Extract(63, 63, v1), Extract(63, 63, v1), Extract(63, 63, v1), Extract(63, 63, v1), Extract(63, 63, v1), Extract(63, 63, v1), Extract(63, 63, v1), Extract(63, 63, v1), Extract(63, 63, v1), Extract(63, 63, v1), Extract(63, 63, v1), Extract(63, 63, v1), Extract(63, 63, v1), Extract(63, 63, v1), Extract(63, 63, v1), Extract(63, 63, v1), Extract(63, 63, v1), Extract(63, 63, v1), Extract(63, 63, v1), Extract(63, 63, v1), Extract(63, 63, v1), Extract(63, 63, v1), Extract(63, 63, v1), Extract(63, 63, v1), Extract(63, 63, v1), Extract(63, 63, v1), Extract(63, 63, v1), Extract(63, 63, v1), Extract(63, 63, v1), Extract(63, 63, v1), Extract(63, 63, v1), Extract(63, 63, v1), Extract(63, 63, v1), Extract(63, 63, v1), Extract(63, 63, v1), Extract(63, 63, v1), Extract(63, 63, v1), Extract(63, 63, v1), Extract(63, 63, v1), Extract(63, 63, v1), Extract(63, 63, v1), Extract(63, 63, v1), Extract(63, 63, v1), Extract(63, 63, v1), Extract(63, 63, v1), Extract(63, 63, v1), Extract(63, 63, v1), Extract(63, 63, v1), Extract(63, 63, v1), Extract(63, 63, v1), Extract(63, 63, v1), Extract(63, 63, v1), Extract(63, 63, v1), Extract(63, 63, v1), Extract(63, 63, v1), Extract(63, 63, v1), Extract(63, 63, v1), v1), 0, 1)), 0, 1))
[493/507] go/op_578
      EQUAL_BY_Z3                answer width 8
      x86   : If(ULE(v0, v1), 1, 0)
      riscv : Concat(0, If(1 <= Concat(0, If(Concat(0, v0) <= Concat(0, v1), 0, 1)), 0, 1))
[494/507] go/op_585
      DIFFER                     answer width 8
      x86   : If(And(Not(fpToFP(Extract(31, 0, v0)) < fpToFP(Extract(31, 0, v1))), Not(Or(fpIsNaN(fpToFP(Extract(31, 0, v0))), fpIsNaN(fpToFP(Extract(31, 0, v1)))))), 1, 0)
      riscv : Concat(0, If(fpToFP(If(Extract(63, 32, v0) == 4294967295, Extract(31, 0, v0), 2143289344)) <= fpToFP(If(Extract(63, 32, v1) == 4294967295, Extract(31, 0, v1), 2143289344)), 1, 0))
      counterexample: {'arg0': '18442240473002814562', 'arg1': '18446744070447188066'}
[495/507] go/op_592
      EQUAL_BY_Z3                answer width 8
      x86   : If(And(Not(fpToFP(Extract(63, 0, v0)) < fpToFP(Extract(63, 0, v1))), Not(Or(fpIsNaN(fpToFP(Extract(63, 0, v0))), fpIsNaN(fpToFP(Extract(63, 0, v1)))))), 1, 0)
      riscv : Concat(0, If(fpToFP(Extract(63, 0, v0)) <= fpToFP(Extract(63, 0, v1)), 1, 0))
[496/507] go/op_600
      EQUAL_BY_Z3                answer width 8
      x86   : If(Extract(31, 31, Extract(31, 0, v0)*4294967295 + Extract(31, 0, v1)) == If(Extract(31, 31, Concat(Extract(31, 31, v0), Extract(31, 0, v0))*8589934591 + Concat(Extract(31, 31, v1), Extract(31, 0, v1))) == Extract(32, 32, Concat(Extract(31, 31, v0), Extract(31, 0, v0))*8589934591 + Concat(Extract(31, 31, v1), Extract(31, 0, v1))), 1, 0), 1, 0)
      riscv : Concat(0, If(Concat(Extract(31, 31, v0), Extract(31, 31, v0), Extract(31, 31, v0), Extract(31, 31, v0), Extract(31, 31, v0), Extract(31, 31, v0), Extract(31, 31, v0), Extract(31, 31, v0), Extract(31, 31, v0), Extract(31, 31, v0), Extract(31, 31, v0), Extract(31, 31, v0), Extract(31, 31, v0), Extract(31, 31, v0), Extract(31, 31, v0), Extract(31, 31, v0), Extract(31, 31, v0), Extract(31, 31, v0), Extract(31, 31, v0), Extract(31, 31, v0), Extract(31, 31, v0), Extract(31, 31, v0), Extract(31, 31, v0), Extract(31, 31, v0), Extract(31, 31, v0), Extract(31, 31, v0), Extract(31, 31, v0), Extract(31, 31, v0), Extract(31, 31, v0), Extract(31, 31, v0), Extract(31, 31, v0), Extract(31, 31, v0), Extract(31, 31, v0), Extract(31, 31, v0), Extract(31, 31, v0), Extract(31, 31, v0), Extract(31, 31, v0), Extract(31, 31, v0), Extract(31, 31, v0), Extract(31, 31, v0), Extract(31, 31, v0), Extract(31, 31, v0), Extract(31, 31, v0), Extract(31, 31, v0), Extract(31, 31, v0), Extract(31, 31, v0), Extract(31, 31, v0), Extract(31, 31, v0), Extract(31, 31, v0), Extract(31, 31, v0), Extract(31, 31, v0), Extract(31, 31, v0), Extract(31, 31, v0), Extract(31, 31, v0), Extract(31, 31, v0), Extract(31, 31, v0), Extract(31, 31, v0), Extract(31, 31, v0), Extract(31, 31, v0), Extract(31, 31, v0), Extract(31, 31, v0), Extract(31, 31, v0), Extract(31, 31, v0), Extract(31, 31, v0), Extract(31, 31, v0), Extract(31, 31, v0), Extract(31, 31, v0), Extract(31, 31, v0), Extract(31, 31, v0), Extract(31, 31, v0), Extract(31, 31, v0), Extract(31, 31, v0), Extract(31, 31, v0), Extract(31, 31, v0), Extract(31, 31, v0), Extract(31, 31, v0), Extract(31, 31, v0), Extract(31, 31, v0), Extract(31, 31, v0), Extract(31, 31, v0), Extract(31, 31, v0), Extract(31, 31, v0), Extract(31, 31, v0), Extract(31, 31, v0), Extract(31, 31, v0), Extract(31, 31, v0), Extract(31, 31, v0), Extract(31, 31, v0), Extract(31, 31, v0), Extract(31, 31, v0), Extract(31, 31, v0), Extract(31, 31, v0), Extract(31, 31, v0), Extract(31, 31, v0), Extract(31, 31, v0), Extract(31, 31, v0), Extract(31, 31, v0), Extract(31, 31, v0), Extract(31, 31, v0), Extract(31, 31, v0), Extract(31, 0, v0)) <= Concat(Extract(31, 31, v1), Extract(31, 31, v1), Extract(31, 31, v1), Extract(31, 31, v1), Extract(31, 31, v1), Extract(31, 31, v1), Extract(31, 31, v1), Extract(31, 31, v1), Extract(31, 31, v1), Extract(31, 31, v1), Extract(31, 31, v1), Extract(31, 31, v1), Extract(31, 31, v1), Extract(31, 31, v1), Extract(31, 31, v1), Extract(31, 31, v1), Extract(31, 31, v1), Extract(31, 31, v1), Extract(31, 31, v1), Extract(31, 31, v1), Extract(31, 31, v1), Extract(31, 31, v1), Extract(31, 31, v1), Extract(31, 31, v1), Extract(31, 31, v1), Extract(31, 31, v1), Extract(31, 31, v1), Extract(31, 31, v1), Extract(31, 31, v1), Extract(31, 31, v1), Extract(31, 31, v1), Extract(31, 31, v1), Extract(31, 31, v1), Extract(31, 31, v1), Extract(31, 31, v1), Extract(31, 31, v1), Extract(31, 31, v1), Extract(31, 31, v1), Extract(31, 31, v1), Extract(31, 31, v1), Extract(31, 31, v1), Extract(31, 31, v1), Extract(31, 31, v1), Extract(31, 31, v1), Extract(31, 31, v1), Extract(31, 31, v1), Extract(31, 31, v1), Extract(31, 31, v1), Extract(31, 31, v1), Extract(31, 31, v1), Extract(31, 31, v1), Extract(31, 31, v1), Extract(31, 31, v1), Extract(31, 31, v1), Extract(31, 31, v1), Extract(31, 31, v1), Extract(31, 31, v1), Extract(31, 31, v1), Extract(31, 31, v1), Extract(31, 31, v1), Extract(31, 31, v1), Extract(31, 31, v1), Extract(31, 31, v1), Extract(31, 31, v1), Extract(31, 31, v1), Extract(31, 31, v1), Extract(31, 31, v1), Extract(31, 31, v1), Extract(31, 31, v1), Extract(31, 31, v1), Extract(31, 31, v1), Extract(31, 31, v1), Extract(31, 31, v1), Extract(31, 31, v1), Extract(31, 31, v1), Extract(31, 31, v1), Extract(31, 31, v1), Extract(31, 31, v1), Extract(31, 31, v1), Extract(31, 31, v1), Extract(31, 31, v1), Extract(31, 31, v1), Extract(31, 31, v1), Extract(31, 31, v1), Extract(31, 31, v1), Extract(31, 31, v1), Extract(31, 31, v1), Extract(31, 31, v1), Extract(31, 31, v1), Extract(31, 31, v1), Extract(31, 31, v1), Extract(31, 31, v1), Extract(31, 31, v1), Extract(31, 31, v1), Extract(31, 31, v1), Extract(31, 31, v1), Extract(31, 31, v1), Extract(31, 31, v1), Extract(31, 31, v1), Extract(31, 31, v1), Extract(31, 0, v1)), 0, 1))
[497/507] go/op_607
      EQUAL_BY_Z3                answer width 8
      x86   : If(Extract(63, 63, v0*18446744073709551615 + v1) == If(Extract(63, 63, Concat(Extract(63, 63, v0), v0)*36893488147419103231 + Concat(Extract(63, 63, v1), v1)) == Extract(64, 64, Concat(Extract(63, 63, v0), v0)*36893488147419103231 + Concat(Extract(63, 63, v1), v1)), 1, 0), 1, 0)
      riscv : Concat(0, If(Concat(Extract(63, 63, v0), Extract(63, 63, v0), Extract(63, 63, v0), Extract(63, 63, v0), Extract(63, 63, v0), Extract(63, 63, v0), Extract(63, 63, v0), Extract(63, 63, v0), Extract(63, 63, v0), Extract(63, 63, v0), Extract(63, 63, v0), Extract(63, 63, v0), Extract(63, 63, v0), Extract(63, 63, v0), Extract(63, 63, v0), Extract(63, 63, v0), Extract(63, 63, v0), Extract(63, 63, v0), Extract(63, 63, v0), Extract(63, 63, v0), Extract(63, 63, v0), Extract(63, 63, v0), Extract(63, 63, v0), Extract(63, 63, v0), Extract(63, 63, v0), Extract(63, 63, v0), Extract(63, 63, v0), Extract(63, 63, v0), Extract(63, 63, v0), Extract(63, 63, v0), Extract(63, 63, v0), Extract(63, 63, v0), Extract(63, 63, v0), Extract(63, 63, v0), Extract(63, 63, v0), Extract(63, 63, v0), Extract(63, 63, v0), Extract(63, 63, v0), Extract(63, 63, v0), Extract(63, 63, v0), Extract(63, 63, v0), Extract(63, 63, v0), Extract(63, 63, v0), Extract(63, 63, v0), Extract(63, 63, v0), Extract(63, 63, v0), Extract(63, 63, v0), Extract(63, 63, v0), Extract(63, 63, v0), Extract(63, 63, v0), Extract(63, 63, v0), Extract(63, 63, v0), Extract(63, 63, v0), Extract(63, 63, v0), Extract(63, 63, v0), Extract(63, 63, v0), Extract(63, 63, v0), Extract(63, 63, v0), Extract(63, 63, v0), Extract(63, 63, v0), Extract(63, 63, v0), Extract(63, 63, v0), Extract(63, 63, v0), Extract(63, 63, v0), Extract(63, 63, v0), Extract(63, 63, v0), Extract(63, 63, v0), Extract(63, 63, v0), v0) <= Concat(Extract(63, 63, v1), Extract(63, 63, v1), Extract(63, 63, v1), Extract(63, 63, v1), Extract(63, 63, v1), Extract(63, 63, v1), Extract(63, 63, v1), Extract(63, 63, v1), Extract(63, 63, v1), Extract(63, 63, v1), Extract(63, 63, v1), Extract(63, 63, v1), Extract(63, 63, v1), Extract(63, 63, v1), Extract(63, 63, v1), Extract(63, 63, v1), Extract(63, 63, v1), Extract(63, 63, v1), Extract(63, 63, v1), Extract(63, 63, v1), Extract(63, 63, v1), Extract(63, 63, v1), Extract(63, 63, v1), Extract(63, 63, v1), Extract(63, 63, v1), Extract(63, 63, v1), Extract(63, 63, v1), Extract(63, 63, v1), Extract(63, 63, v1), Extract(63, 63, v1), Extract(63, 63, v1), Extract(63, 63, v1), Extract(63, 63, v1), Extract(63, 63, v1), Extract(63, 63, v1), Extract(63, 63, v1), Extract(63, 63, v1), Extract(63, 63, v1), Extract(63, 63, v1), Extract(63, 63, v1), Extract(63, 63, v1), Extract(63, 63, v1), Extract(63, 63, v1), Extract(63, 63, v1), Extract(63, 63, v1), Extract(63, 63, v1), Extract(63, 63, v1), Extract(63, 63, v1), Extract(63, 63, v1), Extract(63, 63, v1), Extract(63, 63, v1), Extract(63, 63, v1), Extract(63, 63, v1), Extract(63, 63, v1), Extract(63, 63, v1), Extract(63, 63, v1), Extract(63, 63, v1), Extract(63, 63, v1), Extract(63, 63, v1), Extract(63, 63, v1), Extract(63, 63, v1), Extract(63, 63, v1), Extract(63, 63, v1), Extract(63, 63, v1), Extract(63, 63, v1), Extract(63, 63, v1), Extract(63, 63, v1), Extract(63, 63, v1), v1), 0, 1))
[498/507] go/op_614
      EQUAL_BY_Z3                answer width 8
      x86   : If(ULE(v0, v1), 0, 1)
      riscv : Concat(0, If(Concat(0, v0) <= Concat(0, v1), 0, 1))
[499/507] go/op_621
      DIFFER                     answer width 8
      x86   : If(And(Not(fpEQ(fpToFP(Extract(31, 0, v0)), fpToFP(Extract(31, 0, v1)))), Not(fpToFP(Extract(31, 0, v0)) < fpToFP(Extract(31, 0, v1))), Not(Or(fpIsNaN(fpToFP(Extract(31, 0, v0))), fpIsNaN(fpToFP(Extract(31, 0, v1)))))), 1, 0)
      riscv : Concat(0, If(fpToFP(If(Extract(63, 32, v0) == 4294967295, Extract(31, 0, v0), 2143289344)) < fpToFP(If(Extract(63, 32, v1) == 4294967295, Extract(31, 0, v1), 2143289344)), 1, 0))
      counterexample: {'arg0': '3559254145720336383', 'arg1': '14077740968300298278'}
[500/507] go/op_628
      EQUAL_BY_Z3                answer width 8
      x86   : If(And(Not(fpEQ(fpToFP(Extract(63, 0, v0)), fpToFP(Extract(63, 0, v1)))), Not(fpToFP(Extract(63, 0, v0)) < fpToFP(Extract(63, 0, v1))), Not(Or(fpIsNaN(fpToFP(Extract(63, 0, v0))), fpIsNaN(fpToFP(Extract(63, 0, v1)))))), 1, 0)
      riscv : Concat(0, If(fpToFP(Extract(63, 0, v0)) < fpToFP(Extract(63, 0, v1)), 1, 0))
[501/507] go/op_636
      EQUAL_BY_Z3                answer width 8
      x86   : If(Or(Extract(31, 0, v0) == Extract(31, 0, v1), Extract(31, 31, Extract(31, 0, v0)*4294967295 + Extract(31, 0, v1)) == If(Extract(31, 31, Concat(Extract(31, 31, v0), Extract(31, 0, v0))*8589934591 + Concat(Extract(31, 31, v1), Extract(31, 0, v1))) == Extract(32, 32, Concat(Extract(31, 31, v0), Extract(31, 0, v0))*8589934591 + Concat(Extract(31, 31, v1), Extract(31, 0, v1))), 1, 0)), 1, 0)
      riscv : Concat(0, If(1 <= Concat(0, If(Concat(Extract(31, 31, v0), Extract(31, 31, v0), Extract(31, 31, v0), Extract(31, 31, v0), Extract(31, 31, v0), Extract(31, 31, v0), Extract(31, 31, v0), Extract(31, 31, v0), Extract(31, 31, v0), Extract(31, 31, v0), Extract(31, 31, v0), Extract(31, 31, v0), Extract(31, 31, v0), Extract(31, 31, v0), Extract(31, 31, v0), Extract(31, 31, v0), Extract(31, 31, v0), Extract(31, 31, v0), Extract(31, 31, v0), Extract(31, 31, v0), Extract(31, 31, v0), Extract(31, 31, v0), Extract(31, 31, v0), Extract(31, 31, v0), Extract(31, 31, v0), Extract(31, 31, v0), Extract(31, 31, v0), Extract(31, 31, v0), Extract(31, 31, v0), Extract(31, 31, v0), Extract(31, 31, v0), Extract(31, 31, v0), Extract(31, 31, v0), Extract(31, 31, v0), Extract(31, 31, v0), Extract(31, 31, v0), Extract(31, 31, v0), Extract(31, 31, v0), Extract(31, 31, v0), Extract(31, 31, v0), Extract(31, 31, v0), Extract(31, 31, v0), Extract(31, 31, v0), Extract(31, 31, v0), Extract(31, 31, v0), Extract(31, 31, v0), Extract(31, 31, v0), Extract(31, 31, v0), Extract(31, 31, v0), Extract(31, 31, v0), Extract(31, 31, v0), Extract(31, 31, v0), Extract(31, 31, v0), Extract(31, 31, v0), Extract(31, 31, v0), Extract(31, 31, v0), Extract(31, 31, v0), Extract(31, 31, v0), Extract(31, 31, v0), Extract(31, 31, v0), Extract(31, 31, v0), Extract(31, 31, v0), Extract(31, 31, v0), Extract(31, 31, v0), Extract(31, 31, v0), Extract(31, 31, v0), Extract(31, 31, v0), Extract(31, 31, v0), Extract(31, 31, v0), Extract(31, 31, v0), Extract(31, 31, v0), Extract(31, 31, v0), Extract(31, 31, v0), Extract(31, 31, v0), Extract(31, 31, v0), Extract(31, 31, v0), Extract(31, 31, v0), Extract(31, 31, v0), Extract(31, 31, v0), Extract(31, 31, v0), Extract(31, 31, v0), Extract(31, 31, v0), Extract(31, 31, v0), Extract(31, 31, v0), Extract(31, 31, v0), Extract(31, 31, v0), Extract(31, 31, v0), Extract(31, 31, v0), Extract(31, 31, v0), Extract(31, 31, v0), Extract(31, 31, v0), Extract(31, 31, v0), Extract(31, 31, v0), Extract(31, 31, v0), Extract(31, 31, v0), Extract(31, 31, v0), Extract(31, 31, v0), Extract(31, 31, v0), Extract(31, 31, v0), Extract(31, 31, v0), Extract(31, 0, v0)) <= Concat(Extract(31, 31, v1), Extract(31, 31, v1), Extract(31, 31, v1), Extract(31, 31, v1), Extract(31, 31, v1), Extract(31, 31, v1), Extract(31, 31, v1), Extract(31, 31, v1), Extract(31, 31, v1), Extract(31, 31, v1), Extract(31, 31, v1), Extract(31, 31, v1), Extract(31, 31, v1), Extract(31, 31, v1), Extract(31, 31, v1), Extract(31, 31, v1), Extract(31, 31, v1), Extract(31, 31, v1), Extract(31, 31, v1), Extract(31, 31, v1), Extract(31, 31, v1), Extract(31, 31, v1), Extract(31, 31, v1), Extract(31, 31, v1), Extract(31, 31, v1), Extract(31, 31, v1), Extract(31, 31, v1), Extract(31, 31, v1), Extract(31, 31, v1), Extract(31, 31, v1), Extract(31, 31, v1), Extract(31, 31, v1), Extract(31, 31, v1), Extract(31, 31, v1), Extract(31, 31, v1), Extract(31, 31, v1), Extract(31, 31, v1), Extract(31, 31, v1), Extract(31, 31, v1), Extract(31, 31, v1), Extract(31, 31, v1), Extract(31, 31, v1), Extract(31, 31, v1), Extract(31, 31, v1), Extract(31, 31, v1), Extract(31, 31, v1), Extract(31, 31, v1), Extract(31, 31, v1), Extract(31, 31, v1), Extract(31, 31, v1), Extract(31, 31, v1), Extract(31, 31, v1), Extract(31, 31, v1), Extract(31, 31, v1), Extract(31, 31, v1), Extract(31, 31, v1), Extract(31, 31, v1), Extract(31, 31, v1), Extract(31, 31, v1), Extract(31, 31, v1), Extract(31, 31, v1), Extract(31, 31, v1), Extract(31, 31, v1), Extract(31, 31, v1), Extract(31, 31, v1), Extract(31, 31, v1), Extract(31, 31, v1), Extract(31, 31, v1), Extract(31, 31, v1), Extract(31, 31, v1), Extract(31, 31, v1), Extract(31, 31, v1), Extract(31, 31, v1), Extract(31, 31, v1), Extract(31, 31, v1), Extract(31, 31, v1), Extract(31, 31, v1), Extract(31, 31, v1), Extract(31, 31, v1), Extract(31, 31, v1), Extract(31, 31, v1), Extract(31, 31, v1), Extract(31, 31, v1), Extract(31, 31, v1), Extract(31, 31, v1), Extract(31, 31, v1), Extract(31, 31, v1), Extract(31, 31, v1), Extract(31, 31, v1), Extract(31, 31, v1), Extract(31, 31, v1), Extract(31, 31, v1), Extract(31, 31, v1), Extract(31, 31, v1), Extract(31, 31, v1), Extract(31, 31, v1), Extract(31, 31, v1), Extract(31, 31, v1), Extract(31, 31, v1), Extract(31, 31, v1), Extract(31, 0, v1)), 0, 1)), 0, 1))
[502/507] go/op_643
      EQUAL_BY_Z3                answer width 8
      x86   : If(Or(Extract(63, 63, v0*18446744073709551615 + v1) == If(Extract(63, 63, Concat(Extract(63, 63, v0), v0)*36893488147419103231 + Concat(Extract(63, 63, v1), v1)) == Extract(64, 64, Concat(Extract(63, 63, v0), v0)*36893488147419103231 + Concat(Extract(63, 63, v1), v1)), 1, 0), v0 == v1), 1, 0)
      riscv : Concat(0, If(1 <= Concat(0, If(Concat(Extract(63, 63, v0), Extract(63, 63, v0), Extract(63, 63, v0), Extract(63, 63, v0), Extract(63, 63, v0), Extract(63, 63, v0), Extract(63, 63, v0), Extract(63, 63, v0), Extract(63, 63, v0), Extract(63, 63, v0), Extract(63, 63, v0), Extract(63, 63, v0), Extract(63, 63, v0), Extract(63, 63, v0), Extract(63, 63, v0), Extract(63, 63, v0), Extract(63, 63, v0), Extract(63, 63, v0), Extract(63, 63, v0), Extract(63, 63, v0), Extract(63, 63, v0), Extract(63, 63, v0), Extract(63, 63, v0), Extract(63, 63, v0), Extract(63, 63, v0), Extract(63, 63, v0), Extract(63, 63, v0), Extract(63, 63, v0), Extract(63, 63, v0), Extract(63, 63, v0), Extract(63, 63, v0), Extract(63, 63, v0), Extract(63, 63, v0), Extract(63, 63, v0), Extract(63, 63, v0), Extract(63, 63, v0), Extract(63, 63, v0), Extract(63, 63, v0), Extract(63, 63, v0), Extract(63, 63, v0), Extract(63, 63, v0), Extract(63, 63, v0), Extract(63, 63, v0), Extract(63, 63, v0), Extract(63, 63, v0), Extract(63, 63, v0), Extract(63, 63, v0), Extract(63, 63, v0), Extract(63, 63, v0), Extract(63, 63, v0), Extract(63, 63, v0), Extract(63, 63, v0), Extract(63, 63, v0), Extract(63, 63, v0), Extract(63, 63, v0), Extract(63, 63, v0), Extract(63, 63, v0), Extract(63, 63, v0), Extract(63, 63, v0), Extract(63, 63, v0), Extract(63, 63, v0), Extract(63, 63, v0), Extract(63, 63, v0), Extract(63, 63, v0), Extract(63, 63, v0), Extract(63, 63, v0), Extract(63, 63, v0), Extract(63, 63, v0), v0) <= Concat(Extract(63, 63, v1), Extract(63, 63, v1), Extract(63, 63, v1), Extract(63, 63, v1), Extract(63, 63, v1), Extract(63, 63, v1), Extract(63, 63, v1), Extract(63, 63, v1), Extract(63, 63, v1), Extract(63, 63, v1), Extract(63, 63, v1), Extract(63, 63, v1), Extract(63, 63, v1), Extract(63, 63, v1), Extract(63, 63, v1), Extract(63, 63, v1), Extract(63, 63, v1), Extract(63, 63, v1), Extract(63, 63, v1), Extract(63, 63, v1), Extract(63, 63, v1), Extract(63, 63, v1), Extract(63, 63, v1), Extract(63, 63, v1), Extract(63, 63, v1), Extract(63, 63, v1), Extract(63, 63, v1), Extract(63, 63, v1), Extract(63, 63, v1), Extract(63, 63, v1), Extract(63, 63, v1), Extract(63, 63, v1), Extract(63, 63, v1), Extract(63, 63, v1), Extract(63, 63, v1), Extract(63, 63, v1), Extract(63, 63, v1), Extract(63, 63, v1), Extract(63, 63, v1), Extract(63, 63, v1), Extract(63, 63, v1), Extract(63, 63, v1), Extract(63, 63, v1), Extract(63, 63, v1), Extract(63, 63, v1), Extract(63, 63, v1), Extract(63, 63, v1), Extract(63, 63, v1), Extract(63, 63, v1), Extract(63, 63, v1), Extract(63, 63, v1), Extract(63, 63, v1), Extract(63, 63, v1), Extract(63, 63, v1), Extract(63, 63, v1), Extract(63, 63, v1), Extract(63, 63, v1), Extract(63, 63, v1), Extract(63, 63, v1), Extract(63, 63, v1), Extract(63, 63, v1), Extract(63, 63, v1), Extract(63, 63, v1), Extract(63, 63, v1), Extract(63, 63, v1), Extract(63, 63, v1), Extract(63, 63, v1), Extract(63, 63, v1), v1), 0, 1)), 0, 1))
[503/507] go/op_650
      EQUAL_BY_Z3                answer width 8
      x86   : If(Or(v0 == v1, Not(ULE(v0, v1))), 1, 0)
      riscv : Concat(0, If(1 <= Concat(0, If(Concat(0, v0) <= Concat(0, v1), 0, 1)), 0, 1))
[504/507] go/op_657
      DIFFER                     answer width 8
      x86   : If(And(Not(fpToFP(Extract(31, 0, v0)) < fpToFP(Extract(31, 0, v1))), Not(Or(fpIsNaN(fpToFP(Extract(31, 0, v0))), fpIsNaN(fpToFP(Extract(31, 0, v1)))))), 1, 0)
      riscv : Concat(0, If(fpToFP(If(Extract(63, 32, v0) == 4294967295, Extract(31, 0, v0), 2143289344)) <= fpToFP(If(Extract(63, 32, v1) == 4294967295, Extract(31, 0, v1), 2143289344)), 1, 0))
      counterexample: {'arg0': '18446744072459649024', 'arg1': '18446742973792989027'}
[505/507] go/op_664
      EQUAL_BY_Z3                answer width 8
      x86   : If(And(Not(fpToFP(Extract(63, 0, v0)) < fpToFP(Extract(63, 0, v1))), Not(Or(fpIsNaN(fpToFP(Extract(63, 0, v0))), fpIsNaN(fpToFP(Extract(63, 0, v1)))))), 1, 0)
      riscv : Concat(0, If(fpToFP(Extract(63, 0, v0)) <= fpToFP(Extract(63, 0, v1)), 1, 0))
[506/507] go/op_707
      IDENTICAL_AFTER_NORMALIZE  answer width 32
      x86   : ~(~Extract(31, 0, v0) | ~Extract(31, 0, v1))
      riscv : ~(~Extract(31, 0, v0) | ~Extract(31, 0, v1))
[507/507] go/op_743
      IDENTICAL_AFTER_NORMALIZE  answer width 32
      x86   : Extract(31, 0, v0) | Extract(31, 0, v1)
      riscv : Extract(31, 0, v0) | Extract(31, 0, v1)
outcomes: {"DIFFER": 184, "EQUAL_BY_Z3": 63, "IDENTICAL_AFTER_NORMALIZE": 174, "RISCV_WALK_REFUSED": 36, "UNDECIDED": 36, "X86_WALK_REFUSED": 14}
