  proof lib LeanIM; executable lib LeanIMPrExecutable; decoder state: s0
  emitted definitions scanned: 4750
  decode: 387 words, lean rc=0, 164.4s
  register expressions evaluated: 7 of 8 (7.2s)
  certifying with 2 Lean job(s) at a time
  addiw_gpr_gpr_imm_32__reg_a0__cpp__all_constructed REFUSED  71 instructions, above the walk's bound of 64
  addiw_gpr_gpr_imm_32__reg_a0__rust__all_constructed REFUSED  68 instructions, above the walk's bound of 64
  addw_gpr_gpr_gpr_32__reg_a0__cpp__all_constructed REFUSED  71 instructions, above the walk's bound of 64
  addw_gpr_gpr_gpr_32__reg_a0__rust__all_constructed REFUSED  68 instructions, above the walk's bound of 64
  auipc_gpr_imm_32__reg_a0__cpp__all_constructed REFUSED  no certified pure form for UTYPE (an effect in an arm beyond register reads: ((← (get_arch_pc ())) + off))
  auipc_gpr_imm_32__reg_a0__rust__all_constructed REFUSED  no certified pure form for UTYPE (an effect in an arm beyond register reads: ((← (get_arch_pc ())) + off))
  blt_gpr_gpr_64__branch_condition__cpp__all_constructed REFUSED  register of read r not resolved
  blt_gpr_gpr_gpr_64__branch_condition__cpp__all_constructed REFUSED  register of read r not resolved
  blt_gpr_gpr_imm_64__branch_condition__cpp__all_constructed REFUSED  register of read r not resolved
  blt_gpr_gpr_same_64__branch_condition__cpp__all_constructed REFUSED  register of read r not resolved
  bltu_gpr_gpr_64__branch_condition__cpp__all_constructed REFUSED  register of read r not resolved
  bltu_gpr_gpr_gpr_64__branch_condition__cpp__all_constructed REFUSED  register of read r not resolved
  bltu_gpr_gpr_imm_64__branch_condition__cpp__all_constructed REFUSED  register of read r not resolved
  bltu_gpr_gpr_same_64__branch_condition__cpp__all_constructed REFUSED  register of read r not resolved
  czero_eqz_gpr_gpr_gpr_64__reg_a0__cpp__all_constructed REFUSED  no certified pure form for ZICOND_RTYPE (an element the rule does not know: let condition ← (( do)
  czero_eqz_gpr_gpr_same_64__reg_a0__cpp__all_constructed REFUSED  no certified pure form for ZICOND_RTYPE (an element the rule does not know: let condition ← (( do)
  czero_nez_gpr_gpr_gpr_64__reg_a0__cpp__all_constructed REFUSED  no certified pure form for ZICOND_RTYPE (an element the rule does not know: let condition ← (( do)
  czero_nez_gpr_gpr_same_64__reg_a0__cpp__all_constructed REFUSED  no certified pure form for ZICOND_RTYPE (an element the rule does not know: let condition ← (( do)
  div_gpr_gpr_gpr_64__reg_a0__cpp__all_constructed REFUSED  6428 instructions, above the walk's bound of 64
  div_gpr_gpr_gpr_64__reg_a0__rust__all_constructed REFUSED  5562 instructions, above the walk's bound of 64
  div_gpr_gpr_same_64__reg_a0__cpp__all_constructed REFUSED  6345 instructions, above the walk's bound of 64
  div_gpr_gpr_same_64__reg_a0__rust__all_constructed REFUSED  5485 instructions, above the walk's bound of 64
  divu_gpr_gpr_gpr_64__reg_a0__cpp__all_constructed REFUSED  6270 instructions, above the walk's bound of 64
  divu_gpr_gpr_gpr_64__reg_a0__rust__all_constructed REFUSED  5406 instructions, above the walk's bound of 64
  divu_gpr_gpr_same_64__reg_a0__cpp__all_constructed REFUSED  6266 instructions, above the walk's bound of 64
  divu_gpr_gpr_same_64__reg_a0__rust__all_constructed REFUSED  5407 instructions, above the walk's bound of 64
  divuw_gpr_gpr_gpr_32__reg_a0__cpp__all_constructed REFUSED  1459 instructions, above the walk's bound of 64
  divuw_gpr_gpr_gpr_32__reg_a0__rust__all_constructed REFUSED  1612 instructions, above the walk's bound of 64
  divuw_gpr_gpr_same_32__reg_a0__cpp__all_constructed REFUSED  1463 instructions, above the walk's bound of 64
  divuw_gpr_gpr_same_32__reg_a0__rust__all_constructed REFUSED  1615 instructions, above the walk's bound of 64
  divw_gpr_gpr_gpr_32__reg_a0__cpp__all_constructed REFUSED  1610 instructions, above the walk's bound of 64
  divw_gpr_gpr_gpr_32__reg_a0__rust__all_constructed REFUSED  1753 instructions, above the walk's bound of 64
  divw_gpr_gpr_same_32__reg_a0__cpp__all_constructed REFUSED  1543 instructions, above the walk's bound of 64
  divw_gpr_gpr_same_32__reg_a0__rust__all_constructed REFUSED  1690 instructions, above the walk's bound of 64
  fadd_d_fpr_fpr_fpr_64__freg_fa0__go__native_first REFUSED  no certified pure form for C_NOP (a pure clause that is not an ExecuteAs alias: RETIRE_SUCCESS)
  fadd_s_fpr_fpr_fpr_32__freg_fa0__go__native_first REFUSED  no certified pure form for C_NOP (a pure clause that is not an ExecuteAs alias: RETIRE_SUCCESS)
  fcvt_d_l_fpr_gpr_64__freg_fa0__go__native_first REFUSED  no certified pure form for ILLEGAL (a pure clause that is not an ExecuteAs alias: (Illegal_Instruction ()))
  fcvt_d_lu_fpr_gpr_64__freg_fa0__go__native_first REFUSED  no certified pure form for BTYPE (an element the rule does not know: let taken ← (( do)
  fcvt_d_s_fpr_fpr_64__freg_fa0__go__native_first REFUSED  no certified pure form for C_NOP (a pure clause that is not an ExecuteAs alias: RETIRE_SUCCESS)
  fcvt_d_s_fpr_fpr_fpr_64__freg_fa0__go__native_first REFUSED  no certified pure form for C_NOP (a pure clause that is not an ExecuteAs alias: RETIRE_SUCCESS)
  fcvt_d_w_fpr_gpr_64__freg_fa0__go__native_first REFUSED  no certified pure form for ILLEGAL (a pure clause that is not an ExecuteAs alias: (Illegal_Instruction ()))
  fcvt_d_wu_fpr_gpr_64__freg_fa0__go__native_first REFUSED  no certified pure form for ILLEGAL (a pure clause that is not an ExecuteAs alias: (Illegal_Instruction ()))
  fcvt_s_d_fpr_fpr_32__freg_fa0__go__native_first REFUSED  no certified pure form for C_NOP (a pure clause that is not an ExecuteAs alias: RETIRE_SUCCESS)
  fcvt_s_d_fpr_fpr_fpr_32__freg_fa0__go__native_first REFUSED  no certified pure form for C_NOP (a pure clause that is not an ExecuteAs alias: RETIRE_SUCCESS)
  fcvt_s_l_fpr_gpr_32__freg_fa0__go__native_first REFUSED  no certified pure form for ILLEGAL (a pure clause that is not an ExecuteAs alias: (Illegal_Instruction ()))
  fcvt_s_lu_fpr_gpr_32__freg_fa0__go__native_first REFUSED  no certified pure form for BTYPE (an element the rule does not know: let taken ← (( do)
  fcvt_s_w_fpr_gpr_32__freg_fa0__go__native_first REFUSED  no certified pure form for ILLEGAL (a pure clause that is not an ExecuteAs alias: (Illegal_Instruction ()))
  fcvt_s_wu_fpr_gpr_32__freg_fa0__go__native_first REFUSED  no certified pure form for ILLEGAL (a pure clause that is not an ExecuteAs alias: (Illegal_Instruction ()))
  fdiv_d_fpr_fpr_fpr_64__freg_fa0__go__native_first REFUSED  no certified pure form for C_NOP (a pure clause that is not an ExecuteAs alias: RETIRE_SUCCESS)
  fdiv_s_fpr_fpr_fpr_32__freg_fa0__go__native_first REFUSED  no certified pure form for C_NOP (a pure clause that is not an ExecuteAs alias: RETIRE_SUCCESS)
  feq_d_gpr_fpr_fpr_64__reg_a0__cpp__all_constructed REFUSED  90 instructions, above the walk's bound of 64
  feq_d_gpr_fpr_fpr_64__reg_a0__rust__all_constructed REFUSED  91 instructions, above the walk's bound of 64
  feq_s_gpr_fpr_fpr_32__reg_a0__cpp__all_constructed REFUSED  72 instructions, above the walk's bound of 64
  feq_s_gpr_fpr_fpr_32__reg_a0__rust__all_constructed REFUSED  73 instructions, above the walk's bound of 64
  fle_d_gpr_fpr_fpr_64__reg_a0__cpp__all_constructed REFUSED  147 instructions, above the walk's bound of 64
  fle_d_gpr_fpr_fpr_64__reg_a0__rust__all_constructed REFUSED  141 instructions, above the walk's bound of 64
  fle_s_gpr_fpr_fpr_32__reg_a0__cpp__all_constructed REFUSED  125 instructions, above the walk's bound of 64
  fle_s_gpr_fpr_fpr_32__reg_a0__rust__all_constructed REFUSED  119 instructions, above the walk's bound of 64
  flt_d_gpr_fpr_fpr_64__reg_a0__cpp__all_constructed REFUSED  130 instructions, above the walk's bound of 64
  flt_d_gpr_fpr_fpr_64__reg_a0__rust__all_constructed REFUSED  121 instructions, above the walk's bound of 64
  flt_s_gpr_fpr_fpr_32__reg_a0__cpp__all_constructed REFUSED  112 instructions, above the walk's bound of 64
  flt_s_gpr_fpr_fpr_32__reg_a0__rust__all_constructed REFUSED  107 instructions, above the walk's bound of 64
  fmul_d_fpr_fpr_fpr_64__freg_fa0__go__native_first REFUSED  no certified pure form for C_NOP (a pure clause that is not an ExecuteAs alias: RETIRE_SUCCESS)
  fmul_s_fpr_fpr_fpr_32__freg_fa0__go__native_first REFUSED  no certified pure form for C_NOP (a pure clause that is not an ExecuteAs alias: RETIRE_SUCCESS)
  fsub_d_fpr_fpr_fpr_64__freg_fa0__go__native_first REFUSED  no certified pure form for C_NOP (a pure clause that is not an ExecuteAs alias: RETIRE_SUCCESS)
  fsub_s_fpr_fpr_fpr_32__freg_fa0__go__native_first REFUSED  no certified pure form for C_NOP (a pure clause that is not an ExecuteAs alias: RETIRE_SUCCESS)
  lui_gpr_imm_32__reg_a0__cpp__all_constructed REFUSED  no certified pure form for UTYPE (an effect in an arm beyond register reads: ((← (get_arch_pc ())) + off))
  lui_gpr_imm_32__reg_a0__rust__all_constructed REFUSED  no certified pure form for UTYPE (an effect in an arm beyond register reads: ((← (get_arch_pc ())) + off))
  mul_gpr_gpr_gpr_64__reg_a0__cpp__all_constructed REFUSED  2255 instructions, above the walk's bound of 64
  mul_gpr_gpr_gpr_64__reg_a0__rust__all_constructed REFUSED  2323 instructions, above the walk's bound of 64
  mul_gpr_gpr_same_64__reg_a0__cpp__all_constructed REFUSED  2257 instructions, above the walk's bound of 64
  mul_gpr_gpr_same_64__reg_a0__rust__all_constructed REFUSED  2256 instructions, above the walk's bound of 64
  mulh_gpr_gpr_gpr_64__reg_a0__cpp__all_constructed REFUSED  10283 instructions, above the walk's bound of 64
  mulh_gpr_gpr_gpr_64__reg_a0__rust__all_constructed REFUSED  11270 instructions, above the walk's bound of 64
  mulh_gpr_gpr_same_64__reg_a0__cpp__all_constructed REFUSED  9855 instructions, above the walk's bound of 64
  mulh_gpr_gpr_same_64__reg_a0__rust__all_constructed REFUSED  10655 instructions, above the walk's bound of 64
  mulhsu_gpr_gpr_gpr_64__reg_a0__cpp__all_constructed REFUSED  7807 instructions, above the walk's bound of 64
  mulhsu_gpr_gpr_gpr_64__reg_a0__rust__all_constructed REFUSED  8296 instructions, above the walk's bound of 64
  mulhsu_gpr_gpr_same_64__reg_a0__cpp__all_constructed REFUSED  7780 instructions, above the walk's bound of 64
  mulhsu_gpr_gpr_same_64__reg_a0__rust__all_constructed REFUSED  8237 instructions, above the walk's bound of 64
  mulhu_gpr_gpr_gpr_64__reg_a0__cpp__all_constructed REFUSED  7086 instructions, above the walk's bound of 64
  mulhu_gpr_gpr_gpr_64__reg_a0__rust__all_constructed REFUSED  7681 instructions, above the walk's bound of 64
  mulhu_gpr_gpr_same_64__reg_a0__cpp__all_constructed REFUSED  7087 instructions, above the walk's bound of 64
  mulhu_gpr_gpr_same_64__reg_a0__rust__all_constructed REFUSED  7607 instructions, above the walk's bound of 64
  mulw_gpr_gpr_gpr_32__reg_a0__cpp__all_constructed REFUSED  971 instructions, above the walk's bound of 64
  mulw_gpr_gpr_gpr_32__reg_a0__rust__all_constructed REFUSED  1002 instructions, above the walk's bound of 64
  mulw_gpr_gpr_same_32__reg_a0__cpp__all_constructed REFUSED  971 instructions, above the walk's bound of 64
  mulw_gpr_gpr_same_32__reg_a0__rust__all_constructed REFUSED  967 instructions, above the walk's bound of 64
  rem_gpr_gpr_gpr_64__reg_a0__cpp__all_constructed REFUSED  6167 instructions, above the walk's bound of 64
  rem_gpr_gpr_gpr_64__reg_a0__rust__all_constructed REFUSED  5411 instructions, above the walk's bound of 64
  rem_gpr_gpr_same_64__reg_a0__cpp__all_constructed REFUSED  6127 instructions, above the walk's bound of 64
  rem_gpr_gpr_same_64__reg_a0__rust__all_constructed REFUSED  5371 instructions, above the walk's bound of 64
  remu_gpr_gpr_gpr_64__reg_a0__cpp__all_constructed REFUSED  6014 instructions, above the walk's bound of 64
  remu_gpr_gpr_gpr_64__reg_a0__rust__all_constructed REFUSED  5259 instructions, above the walk's bound of 64
  remu_gpr_gpr_same_64__reg_a0__cpp__all_constructed REFUSED  6014 instructions, above the walk's bound of 64
  remu_gpr_gpr_same_64__reg_a0__rust__all_constructed REFUSED  5258 instructions, above the walk's bound of 64
  remuw_gpr_gpr_gpr_32__reg_a0__cpp__all_constructed REFUSED  1401 instructions, above the walk's bound of 64
  remuw_gpr_gpr_gpr_32__reg_a0__rust__all_constructed REFUSED  1528 instructions, above the walk's bound of 64
  remuw_gpr_gpr_same_32__reg_a0__cpp__all_constructed REFUSED  1405 instructions, above the walk's bound of 64
  remuw_gpr_gpr_same_32__reg_a0__rust__all_constructed REFUSED  1527 instructions, above the walk's bound of 64
  remw_gpr_gpr_gpr_32__reg_a0__cpp__all_constructed REFUSED  1545 instructions, above the walk's bound of 64
  remw_gpr_gpr_gpr_32__reg_a0__rust__all_constructed REFUSED  1661 instructions, above the walk's bound of 64
  remw_gpr_gpr_same_32__reg_a0__cpp__all_constructed REFUSED  1512 instructions, above the walk's bound of 64
  remw_gpr_gpr_same_32__reg_a0__rust__all_constructed REFUSED  1626 instructions, above the walk's bound of 64
  sh_gpr_fpr_16__mem_MEM_fa1__cpp__all_constructed REFUSED  no certified pure form for UTYPE (an effect in an arm beyond register reads: ((← (get_arch_pc ())) + off))
  sh_gpr_fpr_16__mem_MEM_fa1__rust__all_constructed REFUSED  no certified pure form for UTYPE (an effect in an arm beyond register reads: ((← (get_arch_pc ())) + off))
  sh_gpr_fpr_fpr_16__mem_MEM_fa1__cpp__all_constructed REFUSED  no certified pure form for UTYPE (an effect in an arm beyond register reads: ((← (get_arch_pc ())) + off))
  sh_gpr_fpr_fpr_16__mem_MEM_fa1__rust__all_constructed REFUSED  no certified pure form for UTYPE (an effect in an arm beyond register reads: ((← (get_arch_pc ())) + off))
  sh_gpr_gpr_16__mem_MEM_a1__cpp__all_constructed REFUSED  no certified pure form for UTYPE (an effect in an arm beyond register reads: ((← (get_arch_pc ())) + off))
  sh_gpr_gpr_16__mem_MEM_a1__rust__all_constructed REFUSED  no certified pure form for UTYPE (an effect in an arm beyond register reads: ((← (get_arch_pc ())) + off))
  sh_gpr_gpr_gpr_16__mem_MEM_a1__cpp__all_constructed REFUSED  no certified pure form for UTYPE (an effect in an arm beyond register reads: ((← (get_arch_pc ())) + off))
  sh_gpr_gpr_gpr_16__mem_MEM_a1__rust__all_constructed REFUSED  no certified pure form for UTYPE (an effect in an arm beyond register reads: ((← (get_arch_pc ())) + off))
  sh_gpr_gpr_imm_16__mem_MEM_a1__cpp__all_constructed REFUSED  no certified pure form for UTYPE (an effect in an arm beyond register reads: ((← (get_arch_pc ())) + off))
  sh_gpr_gpr_imm_16__mem_MEM_a1__rust__all_constructed REFUSED  no certified pure form for UTYPE (an effect in an arm beyond register reads: ((← (get_arch_pc ())) + off))
  sh_gpr_gpr_same_16__mem_MEM_a1__cpp__all_constructed REFUSED  no certified pure form for UTYPE (an effect in an arm beyond register reads: ((← (get_arch_pc ())) + off))
  sh_gpr_gpr_same_16__mem_MEM_a1__rust__all_constructed REFUSED  no certified pure form for UTYPE (an effect in an arm beyond register reads: ((← (get_arch_pc ())) + off))
  sh_gpr_imm_16__mem_MEM_0x3__cpp__all_constructed REFUSED  no certified pure form for UTYPE (an effect in an arm beyond register reads: ((← (get_arch_pc ())) + off))
  sh_gpr_imm_16__mem_MEM_0x3__rust__all_constructed REFUSED  no certified pure form for UTYPE (an effect in an arm beyond register reads: ((← (get_arch_pc ())) + off))
  sh_gpr_mem_16__mem_MEM_0x0_a1___cpp__all_constructed REFUSED  no certified pure form for UTYPE (an effect in an arm beyond register reads: ((← (get_arch_pc ())) + off))
  sh_gpr_mem_16__mem_MEM_0x0_a1___rust__all_constructed REFUSED  no certified pure form for UTYPE (an effect in an arm beyond register reads: ((← (get_arch_pc ())) + off))
  slt_gpr_gpr_gpr_64__reg_a0__cpp__all_constructed REFUSED  register of read r not resolved
  slti_gpr_gpr_imm_64__reg_a0__cpp__all_constructed REFUSED  register of read r not resolved
  sltu_gpr_gpr_gpr_64__reg_a0__cpp__all_constructed REFUSED  register of read r not resolved
  sra_gpr_gpr_gpr_64__reg_a0__cpp__all_constructed REFUSED  no certified pure form for ZICOND_RTYPE (an element the rule does not know: let condition ← (( do)
  sra_gpr_gpr_gpr_64__reg_a0__rust__all_constructed REFUSED  no certified pure form for BTYPE (an element the rule does not know: let taken ← (( do)
  sra_gpr_gpr_same_64__reg_a0__cpp__all_constructed REFUSED  no certified pure form for ZICOND_RTYPE (an element the rule does not know: let condition ← (( do)
  sra_gpr_gpr_same_64__reg_a0__rust__all_constructed REFUSED  no certified pure form for BTYPE (an element the rule does not know: let taken ← (( do)
  sraw_gpr_gpr_gpr_32__reg_a0__cpp__all_constructed REFUSED  89 instructions, above the walk's bound of 64
  sraw_gpr_gpr_gpr_32__reg_a0__rust__all_constructed REFUSED  85 instructions, above the walk's bound of 64
  sraw_gpr_gpr_same_32__reg_a0__cpp__all_constructed REFUSED  88 instructions, above the walk's bound of 64
  sraw_gpr_gpr_same_32__reg_a0__rust__all_constructed REFUSED  84 instructions, above the walk's bound of 64
  srlw_gpr_gpr_same_32__reg_a0__cpp__all_constructed REFUSED  no certified pure form for ZICOND_RTYPE (an element the rule does not know: let condition ← (( do)
  sub_gpr_gpr_gpr_64__reg_a0__cpp__all_constructed REFUSED  2028 instructions, above the walk's bound of 64
  sub_gpr_gpr_gpr_64__reg_a0__rust__all_constructed REFUSED  2028 instructions, above the walk's bound of 64
  subw_gpr_gpr_gpr_32__reg_a0__cpp__all_constructed REFUSED  870 instructions, above the walk's bound of 64
  subw_gpr_gpr_gpr_32__reg_a0__rust__all_constructed REFUSED  867 instructions, above the walk's bound of 64
  add_gpr_gpr_gpr_64__reg_a0__cpp__all_constructed CERTIFIED   46.6s  (pure_RTYPE ((pure_RTYPE (a) (b) (XOR))) ((pure_SHIFTIOP ((pure_RTYPE ((pure_RTYPE ((pure_
  add_gpr_gpr_gpr_64__reg_a0__rust__all_constructed CERTIFIED   36.9s  (pure_RTYPE ((pure_RTYPE (a) (b) (XOR))) ((pure_SHIFTIOP ((pure_RTYPE ((pure_RTYPE ((pure_
  add_gpr_gpr_same_64__reg_a0__cpp__all_constructed CERTIFIED   40.2s  (pure_SHIFTIOP (a) ((0x01#6)) (SLLI))
  add_gpr_gpr_same_64__reg_a0__rust__all_constructed CERTIFIED   37.1s  (pure_SHIFTIOP (a) ((0x01#6)) (SLLI))
  addi_gpr_gpr_imm_64__reg_a0__cpp__all_constructed CERTIFIED   45.7s  (pure_RTYPE ((pure_ITYPE (a) (0x003#12) (LeanIM.iop.XORI))) ((pure_SHIFTIOP ((pure_RTYPE (
  addi_gpr_gpr_imm_64__reg_a0__rust__all_constructed CERTIFIED   48.0s  (pure_RTYPE ((pure_ITYPE (a) (0x003#12) (LeanIM.iop.XORI))) ((pure_SHIFTIOP ((pure_RTYPE (
  addw_gpr_gpr_same_32__reg_a0__cpp__all_constructed CERTIFIED   57.0s  (pure_ZBA_RTYPEUW ((pure_SHIFTIOP (a) ((0x01#6)) (SLLI))) ((pure_RTYPE ((pure_SHIFTIOP ((p
  addw_gpr_gpr_same_32__reg_a0__rust__all_constructed CERTIFIED   46.1s  (pure_RTYPE ((pure_RTYPE ((pure_SHIFTIOP ((pure_SHIFTIOP ((pure_SHIFTIOP (a) ((0x01#6)) (S
  and_gpr_gpr_gpr_64__reg_a0__cpp__all_constructed CERTIFIED   41.2s  (pure_RTYPE (a) (b) (AND))
  and_gpr_gpr_gpr_64__reg_a0__rust__all_constructed CERTIFIED   48.1s  (pure_RTYPE (a) (b) (AND))
  and_gpr_gpr_same_64__reg_a0__cpp__all_constructed FAILED      41.3s  a
      PseudoCoupHQ/Research/oracle/riscv/leanpath/walk_corpus_2/Walk_and_gpr_gpr_same_64__reg_a0__cpp__all_constructed.lean:232:65: error: unexpected token ','; expected ']'
      PseudoCoupHQ/Research/oracle/riscv/leanpath/walk_corpus_2/Walk_and_gpr_gpr_same_64__reg_a0__cpp__all_constructed.lean:231:13: error: unsolved goals
        | EStateM.Result.error a a_1 => False
  and_gpr_gpr_same_64__reg_a0__rust__all_constructed FAILED      30.2s  a
      PseudoCoupHQ/Research/oracle/riscv/leanpath/walk_corpus_2/Walk_and_gpr_gpr_same_64__reg_a0__rust__all_constructed.lean:232:65: error: unexpected token ','; expected ']'
      PseudoCoupHQ/Research/oracle/riscv/leanpath/walk_corpus_2/Walk_and_gpr_gpr_same_64__reg_a0__rust__all_constructed.lean:231:13: error: unsolved goals
        | EStateM.Result.error a a_1 => False
  andi_gpr_gpr_imm_64__reg_a0__cpp__all_constructed CERTIFIED   36.6s  (pure_ITYPE (a) ((sign_extend (m := 12) (0x03#6))) (ANDI))
  andi_gpr_gpr_imm_64__reg_a0__rust__all_constructed CERTIFIED   37.4s  (pure_ITYPE (a) ((sign_extend (m := 12) (0x03#6))) (ANDI))
  beq_gpr_gpr_64__branch_condition__cpp__all_constructed CERTIFIED   41.7s  (pure_ZBB_RTYPE ((pure_ITYPE (zero_reg) (((sign_extend (m := 12) (0x01#6)))) (ADDI))) ((pu
  beq_gpr_gpr_64__branch_condition__rust__all_constructed CERTIFIED   43.5s  (pure_ITYPE ((pure_ITYPE ((pure_RTYPE ((pure_RTYPE ((pure_RTYPE ((pure_RTYPE ((pure_RTYPE 
  beq_gpr_gpr_gpr_64__branch_condition__cpp__all_constructed CERTIFIED   52.9s  (pure_ZBB_RTYPE ((pure_ITYPE (zero_reg) (((sign_extend (m := 12) (0x01#6)))) (ADDI))) ((pu
  beq_gpr_gpr_gpr_64__branch_condition__rust__all_constructed CERTIFIED   42.8s  (pure_ITYPE ((pure_ITYPE ((pure_RTYPE ((pure_RTYPE ((pure_RTYPE ((pure_RTYPE ((pure_RTYPE 
  beq_gpr_gpr_imm_64__branch_condition__cpp__all_constructed CERTIFIED   44.3s  (pure_ZBB_RTYPE ((pure_ITYPE (zero_reg) (((sign_extend (m := 12) (0x01#6)))) (ADDI))) ((pu
  beq_gpr_gpr_imm_64__branch_condition__rust__all_constructed CERTIFIED   42.4s  (pure_ITYPE ((pure_ITYPE ((pure_RTYPE ((pure_RTYPE ((pure_RTYPE ((pure_RTYPE ((pure_RTYPE 
  beq_gpr_gpr_same_64__branch_condition__cpp__all_constructed CERTIFIED   48.0s  (pure_ZBB_RTYPE ((pure_ITYPE (zero_reg) (((sign_extend (m := 12) (0x01#6)))) (ADDI))) ((pu
  beq_gpr_gpr_same_64__branch_condition__rust__all_constructed CERTIFIED   40.3s  (pure_ITYPE ((pure_ITYPE ((pure_RTYPE ((pure_RTYPE ((pure_RTYPE ((pure_RTYPE ((pure_RTYPE 
  bge_gpr_gpr_64__branch_condition__cpp__all_constructed CERTIFIED   40.3s  (pure_SHIFTIOP ((pure_RTYPE ((pure_RTYPE ((pure_RTYPE ((pure_RTYPE ((pure_RTYPE ((pure_RTY
  bge_gpr_gpr_64__branch_condition__rust__all_constructed CERTIFIED   66.6s  (pure_SHIFTIOP ((pure_RTYPE ((pure_RTYPE ((pure_RTYPE ((pure_RTYPE ((pure_RTYPE ((pure_RTY
  bge_gpr_gpr_gpr_64__branch_condition__cpp__all_constructed CERTIFIED   41.5s  (pure_SHIFTIOP ((pure_RTYPE ((pure_RTYPE ((pure_RTYPE ((pure_RTYPE ((pure_RTYPE ((pure_RTY
  bge_gpr_gpr_gpr_64__branch_condition__rust__all_constructed CERTIFIED   53.4s  (pure_SHIFTIOP ((pure_RTYPE ((pure_RTYPE ((pure_RTYPE ((pure_RTYPE ((pure_RTYPE ((pure_RTY
  bge_gpr_gpr_imm_64__branch_condition__cpp__all_constructed CERTIFIED   45.7s  (pure_SHIFTIOP ((pure_RTYPE ((pure_RTYPE ((pure_RTYPE ((pure_RTYPE ((pure_RTYPE ((pure_RTY
  bge_gpr_gpr_imm_64__branch_condition__rust__all_constructed CERTIFIED   53.6s  (pure_SHIFTIOP ((pure_RTYPE ((pure_RTYPE ((pure_RTYPE ((pure_RTYPE ((pure_RTYPE ((pure_RTY
  bge_gpr_gpr_same_64__branch_condition__cpp__all_constructed CERTIFIED   40.6s  (pure_SHIFTIOP ((pure_RTYPE ((pure_RTYPE ((pure_RTYPE ((pure_RTYPE ((pure_RTYPE ((pure_RTY
  bge_gpr_gpr_same_64__branch_condition__rust__all_constructed CERTIFIED   47.1s  (pure_SHIFTIOP ((pure_RTYPE ((pure_RTYPE ((pure_RTYPE ((pure_RTYPE ((pure_RTYPE ((pure_RTY
  bgeu_gpr_gpr_64__branch_condition__cpp__all_constructed CERTIFIED   38.9s  (pure_SHIFTIOP ((pure_RTYPE ((pure_RTYPE ((pure_RTYPE ((pure_RTYPE ((pure_RTYPE ((pure_RTY
  bgeu_gpr_gpr_64__branch_condition__rust__all_constructed CERTIFIED   38.9s  (pure_SHIFTIOP ((pure_RTYPE ((pure_RTYPE ((pure_RTYPE ((pure_RTYPE ((pure_RTYPE ((pure_RTY
  bgeu_gpr_gpr_gpr_64__branch_condition__cpp__all_constructed CERTIFIED   36.4s  (pure_SHIFTIOP ((pure_RTYPE ((pure_RTYPE ((pure_RTYPE ((pure_RTYPE ((pure_RTYPE ((pure_RTY
  bgeu_gpr_gpr_gpr_64__branch_condition__rust__all_constructed CERTIFIED   40.0s  (pure_SHIFTIOP ((pure_RTYPE ((pure_RTYPE ((pure_RTYPE ((pure_RTYPE ((pure_RTYPE ((pure_RTY
  bgeu_gpr_gpr_imm_64__branch_condition__cpp__all_constructed CERTIFIED   41.3s  (pure_SHIFTIOP ((pure_RTYPE ((pure_RTYPE ((pure_RTYPE ((pure_RTYPE ((pure_RTYPE ((pure_RTY
  bgeu_gpr_gpr_imm_64__branch_condition__rust__all_constructed CERTIFIED   43.1s  (pure_SHIFTIOP ((pure_RTYPE ((pure_RTYPE ((pure_RTYPE ((pure_RTYPE ((pure_RTYPE ((pure_RTY
  bgeu_gpr_gpr_same_64__branch_condition__cpp__all_constructed CERTIFIED   40.7s  (pure_SHIFTIOP ((pure_RTYPE ((pure_RTYPE ((pure_RTYPE ((pure_RTYPE ((pure_RTYPE ((pure_RTY
  bgeu_gpr_gpr_same_64__branch_condition__rust__all_constructed CERTIFIED   39.8s  (pure_SHIFTIOP ((pure_RTYPE ((pure_RTYPE ((pure_RTYPE ((pure_RTYPE ((pure_RTYPE ((pure_RTY
  blt_gpr_gpr_64__branch_condition__rust__all_constructed CERTIFIED   48.2s  (pure_SHIFTIOP ((pure_ITYPE ((pure_RTYPE ((pure_RTYPE ((pure_RTYPE ((pure_RTYPE ((pure_RTY
  blt_gpr_gpr_gpr_64__branch_condition__rust__all_constructed CERTIFIED   51.7s  (pure_SHIFTIOP ((pure_ITYPE ((pure_RTYPE ((pure_RTYPE ((pure_RTYPE ((pure_RTYPE ((pure_RTY
  blt_gpr_gpr_imm_64__branch_condition__rust__all_constructed CERTIFIED   55.9s  (pure_SHIFTIOP ((pure_ITYPE ((pure_RTYPE ((pure_RTYPE ((pure_RTYPE ((pure_RTYPE ((pure_RTY
  blt_gpr_gpr_same_64__branch_condition__rust__all_constructed CERTIFIED   56.6s  (pure_SHIFTIOP ((pure_ITYPE ((pure_RTYPE ((pure_RTYPE ((pure_RTYPE ((pure_RTYPE ((pure_RTY
  bltu_gpr_gpr_64__branch_condition__rust__all_constructed CERTIFIED   38.5s  (pure_SHIFTIOP ((pure_ITYPE ((pure_RTYPE ((pure_RTYPE ((pure_RTYPE ((pure_RTYPE ((pure_RTY
  bltu_gpr_gpr_gpr_64__branch_condition__rust__all_constructed CERTIFIED   37.8s  (pure_SHIFTIOP ((pure_ITYPE ((pure_RTYPE ((pure_RTYPE ((pure_RTYPE ((pure_RTYPE ((pure_RTY
  bltu_gpr_gpr_imm_64__branch_condition__rust__all_constructed CERTIFIED   34.8s  (pure_SHIFTIOP ((pure_ITYPE ((pure_RTYPE ((pure_RTYPE ((pure_RTYPE ((pure_RTYPE ((pure_RTY
  bltu_gpr_gpr_same_64__branch_condition__rust__all_constructed CERTIFIED   40.7s  (pure_SHIFTIOP ((pure_ITYPE ((pure_RTYPE ((pure_RTYPE ((pure_RTYPE ((pure_RTYPE ((pure_RTY
  bne_gpr_gpr_64__branch_condition__cpp__all_constructed CERTIFIED   35.0s  (pure_ITYPE ((pure_RTYPE ((pure_RTYPE ((pure_RTYPE ((pure_RTYPE ((pure_RTYPE ((pure_RTYPE 
  bne_gpr_gpr_64__branch_condition__rust__all_constructed CERTIFIED   33.4s  (pure_ITYPE ((pure_RTYPE ((pure_RTYPE ((pure_RTYPE ((pure_RTYPE ((pure_RTYPE ((pure_RTYPE 
  bne_gpr_gpr_gpr_64__branch_condition__cpp__all_constructed CERTIFIED   31.5s  (pure_ITYPE ((pure_RTYPE ((pure_RTYPE ((pure_RTYPE ((pure_RTYPE ((pure_RTYPE ((pure_RTYPE 
  bne_gpr_gpr_gpr_64__branch_condition__rust__all_constructed CERTIFIED   33.2s  (pure_ITYPE ((pure_RTYPE ((pure_RTYPE ((pure_RTYPE ((pure_RTYPE ((pure_RTYPE ((pure_RTYPE 
  bne_gpr_gpr_imm_64__branch_condition__cpp__all_constructed CERTIFIED   35.6s  (pure_ITYPE ((pure_RTYPE ((pure_RTYPE ((pure_RTYPE ((pure_RTYPE ((pure_RTYPE ((pure_RTYPE 
  bne_gpr_gpr_imm_64__branch_condition__rust__all_constructed CERTIFIED   35.8s  (pure_ITYPE ((pure_RTYPE ((pure_RTYPE ((pure_RTYPE ((pure_RTYPE ((pure_RTYPE ((pure_RTYPE 
  bne_gpr_gpr_same_64__branch_condition__cpp__all_constructed CERTIFIED   34.2s  (pure_ITYPE ((pure_RTYPE ((pure_RTYPE ((pure_RTYPE ((pure_RTYPE ((pure_RTYPE ((pure_RTYPE 
  bne_gpr_gpr_same_64__branch_condition__rust__all_constructed CERTIFIED   36.5s  (pure_ITYPE ((pure_RTYPE ((pure_RTYPE ((pure_RTYPE ((pure_RTYPE ((pure_RTYPE ((pure_RTYPE 
  czero_eqz_gpr_gpr_gpr_64__reg_a0__rust__all_constructed CERTIFIED   35.9s  (pure_RTYPE ((pure_ITYPE ((pure_ITYPE ((pure_RTYPE ((pure_RTYPE ((pure_RTYPE ((pure_RTYPE 
  czero_eqz_gpr_gpr_same_64__reg_a0__rust__all_constructed CERTIFIED   38.6s  (pure_RTYPE (a) ((pure_ITYPE ((pure_ITYPE ((pure_RTYPE ((pure_RTYPE ((pure_RTYPE ((pure_RT
  czero_nez_gpr_gpr_gpr_64__reg_a0__rust__all_constructed CERTIFIED   38.6s  (pure_RTYPE ((pure_ITYPE ((pure_RTYPE (zero_reg) ((pure_RTYPE ((pure_RTYPE ((pure_RTYPE ((
  czero_nez_gpr_gpr_same_64__reg_a0__rust__all_constructed CERTIFIED   39.8s  (pure_RTYPE (a) ((pure_ITYPE ((pure_RTYPE (zero_reg) ((pure_RTYPE ((pure_RTYPE ((pure_RTYP
  fld_fpr_fpr_64__freg_fa0__cpp__all_constructed FAILED      27.5s  a
      PseudoCoupHQ/Research/oracle/riscv/leanpath/walk_corpus_2/Walk_fld_fpr_fpr_64__freg_fa0__cpp__all_constructed.lean:232:65: error: unexpected token ','; expected ']'
      PseudoCoupHQ/Research/oracle/riscv/leanpath/walk_corpus_2/Walk_fld_fpr_fpr_64__freg_fa0__cpp__all_constructed.lean:231:13: error: unsolved goals
        | EStateM.Result.error a a_1 => False
  fld_fpr_fpr_64__freg_fa0__rust__all_constructed FAILED      28.0s  a
      PseudoCoupHQ/Research/oracle/riscv/leanpath/walk_corpus_2/Walk_fld_fpr_fpr_64__freg_fa0__rust__all_constructed.lean:232:65: error: unexpected token ','; expected ']'
      PseudoCoupHQ/Research/oracle/riscv/leanpath/walk_corpus_2/Walk_fld_fpr_fpr_64__freg_fa0__rust__all_constructed.lean:231:13: error: unsolved goals
        | EStateM.Result.error a a_1 => False
  fld_fpr_fpr_fpr_64__freg_fa0__cpp__all_constructed FAILED      27.1s  a
      PseudoCoupHQ/Research/oracle/riscv/leanpath/walk_corpus_2/Walk_fld_fpr_fpr_fpr_64__freg_fa0__cpp__all_constructed.lean:232:65: error: unexpected token ','; expected ']'
      PseudoCoupHQ/Research/oracle/riscv/leanpath/walk_corpus_2/Walk_fld_fpr_fpr_fpr_64__freg_fa0__cpp__all_constructed.lean:231:13: error: unsolved goals
        | EStateM.Result.error a a_1 => False
  fld_fpr_fpr_fpr_64__freg_fa0__rust__all_constructed FAILED      28.3s  a
      PseudoCoupHQ/Research/oracle/riscv/leanpath/walk_corpus_2/Walk_fld_fpr_fpr_fpr_64__freg_fa0__rust__all_constructed.lean:232:65: error: unexpected token ','; expected ']'
      PseudoCoupHQ/Research/oracle/riscv/leanpath/walk_corpus_2/Walk_fld_fpr_fpr_fpr_64__freg_fa0__rust__all_constructed.lean:231:13: error: unsolved goals
        | EStateM.Result.error a a_1 => False
  fld_fpr_gpr_64__freg_fa0__cpp__all_constructed FAILED      37.4s  a
      PseudoCoupHQ/Research/oracle/riscv/leanpath/walk_corpus_2/Walk_fld_fpr_gpr_64__freg_fa0__cpp__all_constructed.lean:232:65: error: unexpected token ','; expected ']'
      PseudoCoupHQ/Research/oracle/riscv/leanpath/walk_corpus_2/Walk_fld_fpr_gpr_64__freg_fa0__cpp__all_constructed.lean:231:13: error: unsolved goals
        | EStateM.Result.error a a_1 => False
  fld_fpr_gpr_64__freg_fa0__rust__all_constructed FAILED      28.4s  a
      PseudoCoupHQ/Research/oracle/riscv/leanpath/walk_corpus_2/Walk_fld_fpr_gpr_64__freg_fa0__rust__all_constructed.lean:232:65: error: unexpected token ','; expected ']'
      PseudoCoupHQ/Research/oracle/riscv/leanpath/walk_corpus_2/Walk_fld_fpr_gpr_64__freg_fa0__rust__all_constructed.lean:231:13: error: unsolved goals
        | EStateM.Result.error a a_1 => False
  fld_fpr_mem_64__freg_fa0__cpp__all_constructed FAILED      24.8s  a
      PseudoCoupHQ/Research/oracle/riscv/leanpath/walk_corpus_2/Walk_fld_fpr_mem_64__freg_fa0__cpp__all_constructed.lean:232:65: error: unexpected token ','; expected ']'
      PseudoCoupHQ/Research/oracle/riscv/leanpath/walk_corpus_2/Walk_fld_fpr_mem_64__freg_fa0__cpp__all_constructed.lean:231:13: error: unsolved goals
        | EStateM.Result.error a a_1 => False
  fld_fpr_mem_64__freg_fa0__rust__all_constructed FAILED      30.0s  a
      PseudoCoupHQ/Research/oracle/riscv/leanpath/walk_corpus_2/Walk_fld_fpr_mem_64__freg_fa0__rust__all_constructed.lean:232:65: error: unexpected token ','; expected ']'
      PseudoCoupHQ/Research/oracle/riscv/leanpath/walk_corpus_2/Walk_fld_fpr_mem_64__freg_fa0__rust__all_constructed.lean:231:13: error: unsolved goals
        | EStateM.Result.error a a_1 => False
  flw_fpr_fpr_32__freg_fa0__cpp__all_constructed CERTIFIED   32.2s  (pure_RTYPE (a) ((pure_SHIFTIOP ((pure_ITYPE (zero_reg) (((sign_extend (m := 12) (0x3f#6))
  flw_fpr_fpr_32__freg_fa0__rust__all_constructed CERTIFIED   33.2s  (pure_RTYPE (a) ((pure_SHIFTIOP ((pure_ITYPE (zero_reg) (((sign_extend (m := 12) (0x3f#6))
  flw_fpr_fpr_fpr_32__freg_fa0__cpp__all_constructed CERTIFIED   29.2s  (pure_RTYPE (a) ((pure_SHIFTIOP ((pure_ITYPE (zero_reg) (((sign_extend (m := 12) (0x3f#6))
  flw_fpr_fpr_fpr_32__freg_fa0__rust__all_constructed CERTIFIED   39.6s  (pure_RTYPE (a) ((pure_SHIFTIOP ((pure_ITYPE (zero_reg) (((sign_extend (m := 12) (0x3f#6))
  flw_fpr_gpr_32__freg_fa0__cpp__all_constructed CERTIFIED   30.3s  (pure_RTYPE (a) ((pure_SHIFTIOP ((pure_ITYPE (zero_reg) (((sign_extend (m := 12) (0x3f#6))
  flw_fpr_gpr_32__freg_fa0__rust__all_constructed CERTIFIED   35.0s  (pure_RTYPE (a) ((pure_SHIFTIOP ((pure_ITYPE (zero_reg) (((sign_extend (m := 12) (0x3f#6))
  flw_fpr_mem_32__freg_fa0__cpp__all_constructed CERTIFIED   32.2s  (pure_RTYPE (a) ((pure_SHIFTIOP ((pure_ITYPE (zero_reg) (((sign_extend (m := 12) (0x3f#6))
  flw_fpr_mem_32__freg_fa0__rust__all_constructed CERTIFIED   31.5s  (pure_RTYPE (a) ((pure_SHIFTIOP ((pure_ITYPE (zero_reg) (((sign_extend (m := 12) (0x3f#6))
  fmv_d_fpr_fpr_64__freg_fa0__cpp__all_constructed FAILED      25.8s  a
      PseudoCoupHQ/Research/oracle/riscv/leanpath/walk_corpus_2/Walk_fmv_d_fpr_fpr_64__freg_fa0__cpp__all_constructed.lean:232:65: error: unexpected token ','; expected ']'
      PseudoCoupHQ/Research/oracle/riscv/leanpath/walk_corpus_2/Walk_fmv_d_fpr_fpr_64__freg_fa0__cpp__all_constructed.lean:231:13: error: unsolved goals
        | EStateM.Result.error a a_1 => False
  fmv_d_fpr_fpr_64__freg_fa0__rust__all_constructed FAILED      28.5s  a
      PseudoCoupHQ/Research/oracle/riscv/leanpath/walk_corpus_2/Walk_fmv_d_fpr_fpr_64__freg_fa0__rust__all_constructed.lean:232:65: error: unexpected token ','; expected ']'
      PseudoCoupHQ/Research/oracle/riscv/leanpath/walk_corpus_2/Walk_fmv_d_fpr_fpr_64__freg_fa0__rust__all_constructed.lean:231:13: error: unsolved goals
        | EStateM.Result.error a a_1 => False
  fmv_d_fpr_fpr_fpr_64__freg_fa0__cpp__all_constructed FAILED      25.9s  a
      PseudoCoupHQ/Research/oracle/riscv/leanpath/walk_corpus_2/Walk_fmv_d_fpr_fpr_fpr_64__freg_fa0__cpp__all_constructed.lean:232:65: error: unexpected token ','; expected ']'
      PseudoCoupHQ/Research/oracle/riscv/leanpath/walk_corpus_2/Walk_fmv_d_fpr_fpr_fpr_64__freg_fa0__cpp__all_constructed.lean:231:13: error: unsolved goals
        | EStateM.Result.error a a_1 => False
  fmv_d_fpr_fpr_fpr_64__freg_fa0__rust__all_constructed FAILED      26.9s  a
      PseudoCoupHQ/Research/oracle/riscv/leanpath/walk_corpus_2/Walk_fmv_d_fpr_fpr_fpr_64__freg_fa0__rust__all_constructed.lean:232:65: error: unexpected token ','; expected ']'
      PseudoCoupHQ/Research/oracle/riscv/leanpath/walk_corpus_2/Walk_fmv_d_fpr_fpr_fpr_64__freg_fa0__rust__all_constructed.lean:231:13: error: unsolved goals
        | EStateM.Result.error a a_1 => False
  fmv_d_x_fpr_gpr_64__freg_fa0__cpp__all_constructed FAILED      29.8s  a
      PseudoCoupHQ/Research/oracle/riscv/leanpath/walk_corpus_2/Walk_fmv_d_x_fpr_gpr_64__freg_fa0__cpp__all_constructed.lean:232:65: error: unexpected token ','; expected ']'
      PseudoCoupHQ/Research/oracle/riscv/leanpath/walk_corpus_2/Walk_fmv_d_x_fpr_gpr_64__freg_fa0__cpp__all_constructed.lean:231:13: error: unsolved goals
        | EStateM.Result.error a a_1 => False
  fmv_d_x_fpr_gpr_64__freg_fa0__rust__all_constructed FAILED      34.1s  a
      PseudoCoupHQ/Research/oracle/riscv/leanpath/walk_corpus_2/Walk_fmv_d_x_fpr_gpr_64__freg_fa0__rust__all_constructed.lean:232:65: error: unexpected token ','; expected ']'
      PseudoCoupHQ/Research/oracle/riscv/leanpath/walk_corpus_2/Walk_fmv_d_x_fpr_gpr_64__freg_fa0__rust__all_constructed.lean:231:13: error: unsolved goals
        | EStateM.Result.error a a_1 => False
  fmv_s_fpr_fpr_32__freg_fa0__cpp__all_constructed FAILED      27.4s  a
      PseudoCoupHQ/Research/oracle/riscv/leanpath/walk_corpus_2/Walk_fmv_s_fpr_fpr_32__freg_fa0__cpp__all_constructed.lean:232:65: error: unexpected token ','; expected ']'
      PseudoCoupHQ/Research/oracle/riscv/leanpath/walk_corpus_2/Walk_fmv_s_fpr_fpr_32__freg_fa0__cpp__all_constructed.lean:231:13: error: unsolved goals
        | EStateM.Result.error a a_1 => False
  fmv_s_fpr_fpr_32__freg_fa0__rust__all_constructed FAILED      27.7s  a
      PseudoCoupHQ/Research/oracle/riscv/leanpath/walk_corpus_2/Walk_fmv_s_fpr_fpr_32__freg_fa0__rust__all_constructed.lean:232:65: error: unexpected token ','; expected ']'
      PseudoCoupHQ/Research/oracle/riscv/leanpath/walk_corpus_2/Walk_fmv_s_fpr_fpr_32__freg_fa0__rust__all_constructed.lean:231:13: error: unsolved goals
        | EStateM.Result.error a a_1 => False
  fmv_s_fpr_fpr_fpr_32__freg_fa0__cpp__all_constructed FAILED      35.8s  a
      PseudoCoupHQ/Research/oracle/riscv/leanpath/walk_corpus_2/Walk_fmv_s_fpr_fpr_fpr_32__freg_fa0__cpp__all_constructed.lean:232:65: error: unexpected token ','; expected ']'
      PseudoCoupHQ/Research/oracle/riscv/leanpath/walk_corpus_2/Walk_fmv_s_fpr_fpr_fpr_32__freg_fa0__cpp__all_constructed.lean:231:13: error: unsolved goals
        | EStateM.Result.error a a_1 => False
  fmv_s_fpr_fpr_fpr_32__freg_fa0__rust__all_constructed FAILED      26.1s  a
      PseudoCoupHQ/Research/oracle/riscv/leanpath/walk_corpus_2/Walk_fmv_s_fpr_fpr_fpr_32__freg_fa0__rust__all_constructed.lean:232:65: error: unexpected token ','; expected ']'
      PseudoCoupHQ/Research/oracle/riscv/leanpath/walk_corpus_2/Walk_fmv_s_fpr_fpr_fpr_32__freg_fa0__rust__all_constructed.lean:231:13: error: unsolved goals
        | EStateM.Result.error a a_1 => False
  fmv_w_x_fpr_gpr_32__freg_fa0__cpp__all_constructed CERTIFIED   30.8s  (pure_RTYPE (a) ((pure_SHIFTIOP ((pure_ITYPE (zero_reg) (((sign_extend (m := 12) (0x3f#6))
  fmv_w_x_fpr_gpr_32__freg_fa0__rust__all_constructed CERTIFIED   33.7s  (pure_RTYPE (a) ((pure_SHIFTIOP ((pure_ITYPE (zero_reg) (((sign_extend (m := 12) (0x3f#6))
  fmv_x_d_gpr_fpr_64__reg_a0__cpp__all_constructed FAILED      30.4s  a
      PseudoCoupHQ/Research/oracle/riscv/leanpath/walk_corpus_2/Walk_fmv_x_d_gpr_fpr_64__reg_a0__cpp__all_constructed.lean:232:65: error: unexpected token ','; expected ']'
      PseudoCoupHQ/Research/oracle/riscv/leanpath/walk_corpus_2/Walk_fmv_x_d_gpr_fpr_64__reg_a0__cpp__all_constructed.lean:231:13: error: unsolved goals
        | EStateM.Result.error a a_1 => False
  fmv_x_d_gpr_fpr_64__reg_a0__rust__all_constructed FAILED      32.1s  a
      PseudoCoupHQ/Research/oracle/riscv/leanpath/walk_corpus_2/Walk_fmv_x_d_gpr_fpr_64__reg_a0__rust__all_constructed.lean:232:65: error: unexpected token ','; expected ']'
      PseudoCoupHQ/Research/oracle/riscv/leanpath/walk_corpus_2/Walk_fmv_x_d_gpr_fpr_64__reg_a0__rust__all_constructed.lean:231:13: error: unsolved goals
        | EStateM.Result.error a a_1 => False
  fmv_x_d_gpr_fpr_fpr_64__reg_a0__cpp__all_constructed FAILED      25.8s  a
      PseudoCoupHQ/Research/oracle/riscv/leanpath/walk_corpus_2/Walk_fmv_x_d_gpr_fpr_fpr_64__reg_a0__cpp__all_constructed.lean:232:65: error: unexpected token ','; expected ']'
      PseudoCoupHQ/Research/oracle/riscv/leanpath/walk_corpus_2/Walk_fmv_x_d_gpr_fpr_fpr_64__reg_a0__cpp__all_constructed.lean:231:13: error: unsolved goals
        | EStateM.Result.error a a_1 => False
  fmv_x_d_gpr_fpr_fpr_64__reg_a0__rust__all_constructed FAILED      27.9s  a
      PseudoCoupHQ/Research/oracle/riscv/leanpath/walk_corpus_2/Walk_fmv_x_d_gpr_fpr_fpr_64__reg_a0__rust__all_constructed.lean:232:65: error: unexpected token ','; expected ']'
      PseudoCoupHQ/Research/oracle/riscv/leanpath/walk_corpus_2/Walk_fmv_x_d_gpr_fpr_fpr_64__reg_a0__rust__all_constructed.lean:231:13: error: unsolved goals
        | EStateM.Result.error a a_1 => False
  fmv_x_w_gpr_fpr_32__reg_a0__cpp__all_constructed CERTIFIED   39.0s  (pure_ZBA_RTYPEUW (a) ((pure_RTYPE ((pure_SHIFTIOP ((pure_SHIFTIWOP (a) (0x1f#5) (LeanIM.s
  fmv_x_w_gpr_fpr_32__reg_a0__rust__all_constructed CERTIFIED   40.4s  (pure_RTYPE ((pure_RTYPE ((pure_SHIFTIOP ((pure_SHIFTIOP (a) ((0x20#6)) (SLLI))) ((0x20#6)
  fmv_x_w_gpr_fpr_fpr_32__reg_a0__cpp__all_constructed CERTIFIED   38.6s  (pure_ZBA_RTYPEUW (a) ((pure_RTYPE ((pure_SHIFTIOP ((pure_SHIFTIWOP (a) (0x1f#5) (LeanIM.s
  fmv_x_w_gpr_fpr_fpr_32__reg_a0__rust__all_constructed CERTIFIED   41.3s  (pure_RTYPE ((pure_RTYPE ((pure_SHIFTIOP ((pure_SHIFTIOP (a) ((0x20#6)) (SLLI))) ((0x20#6)
  fsd_fpr_fpr_64__mem_MEM_fa1__cpp__all_constructed FAILED      30.5s  a
      PseudoCoupHQ/Research/oracle/riscv/leanpath/walk_corpus_2/Walk_fsd_fpr_fpr_64__mem_MEM_fa1__cpp__all_constructed.lean:232:65: error: unexpected token ','; expected ']'
      PseudoCoupHQ/Research/oracle/riscv/leanpath/walk_corpus_2/Walk_fsd_fpr_fpr_64__mem_MEM_fa1__cpp__all_constructed.lean:231:13: error: unsolved goals
        | EStateM.Result.error a a_1 => False
  fsd_fpr_fpr_64__mem_MEM_fa1__rust__all_constructed FAILED      29.9s  a
      PseudoCoupHQ/Research/oracle/riscv/leanpath/walk_corpus_2/Walk_fsd_fpr_fpr_64__mem_MEM_fa1__rust__all_constructed.lean:232:65: error: unexpected token ','; expected ']'
      PseudoCoupHQ/Research/oracle/riscv/leanpath/walk_corpus_2/Walk_fsd_fpr_fpr_64__mem_MEM_fa1__rust__all_constructed.lean:231:13: error: unsolved goals
        | EStateM.Result.error a a_1 => False
  fsd_fpr_fpr_fpr_64__mem_MEM_fa1__cpp__all_constructed FAILED      28.9s  a
      PseudoCoupHQ/Research/oracle/riscv/leanpath/walk_corpus_2/Walk_fsd_fpr_fpr_fpr_64__mem_MEM_fa1__cpp__all_constructed.lean:232:65: error: unexpected token ','; expected ']'
      PseudoCoupHQ/Research/oracle/riscv/leanpath/walk_corpus_2/Walk_fsd_fpr_fpr_fpr_64__mem_MEM_fa1__cpp__all_constructed.lean:231:13: error: unsolved goals
        | EStateM.Result.error a a_1 => False
  fsd_fpr_fpr_fpr_64__mem_MEM_fa1__rust__all_constructed FAILED      29.8s  a
      PseudoCoupHQ/Research/oracle/riscv/leanpath/walk_corpus_2/Walk_fsd_fpr_fpr_fpr_64__mem_MEM_fa1__rust__all_constructed.lean:232:65: error: unexpected token ','; expected ']'
      PseudoCoupHQ/Research/oracle/riscv/leanpath/walk_corpus_2/Walk_fsd_fpr_fpr_fpr_64__mem_MEM_fa1__rust__all_constructed.lean:231:13: error: unsolved goals
        | EStateM.Result.error a a_1 => False
  fsd_fpr_gpr_64__mem_MEM_a1__cpp__all_constructed FAILED      24.3s  a
      PseudoCoupHQ/Research/oracle/riscv/leanpath/walk_corpus_2/Walk_fsd_fpr_gpr_64__mem_MEM_a1__cpp__all_constructed.lean:232:65: error: unexpected token ','; expected ']'
      PseudoCoupHQ/Research/oracle/riscv/leanpath/walk_corpus_2/Walk_fsd_fpr_gpr_64__mem_MEM_a1__cpp__all_constructed.lean:231:13: error: unsolved goals
        | EStateM.Result.error a a_1 => False
  fsd_fpr_gpr_64__mem_MEM_a1__rust__all_constructed FAILED      29.2s  a
      PseudoCoupHQ/Research/oracle/riscv/leanpath/walk_corpus_2/Walk_fsd_fpr_gpr_64__mem_MEM_a1__rust__all_constructed.lean:232:65: error: unexpected token ','; expected ']'
      PseudoCoupHQ/Research/oracle/riscv/leanpath/walk_corpus_2/Walk_fsd_fpr_gpr_64__mem_MEM_a1__rust__all_constructed.lean:231:13: error: unsolved goals
        | EStateM.Result.error a a_1 => False
  fsd_fpr_mem_64__mem_MEM_0x0_a1___cpp__all_constructed FAILED      27.9s  a
      PseudoCoupHQ/Research/oracle/riscv/leanpath/walk_corpus_2/Walk_fsd_fpr_mem_64__mem_MEM_0x0_a1___cpp__all_constructed.lean:232:65: error: unexpected token ','; expected ']'
      PseudoCoupHQ/Research/oracle/riscv/leanpath/walk_corpus_2/Walk_fsd_fpr_mem_64__mem_MEM_0x0_a1___cpp__all_constructed.lean:231:13: error: unsolved goals
        | EStateM.Result.error a a_1 => False
  fsd_fpr_mem_64__mem_MEM_0x0_a1___rust__all_constructed FAILED      24.2s  a
      PseudoCoupHQ/Research/oracle/riscv/leanpath/walk_corpus_2/Walk_fsd_fpr_mem_64__mem_MEM_0x0_a1___rust__all_constructed.lean:232:65: error: unexpected token ','; expected ']'
      PseudoCoupHQ/Research/oracle/riscv/leanpath/walk_corpus_2/Walk_fsd_fpr_mem_64__mem_MEM_0x0_a1___rust__all_constructed.lean:231:13: error: unsolved goals
        | EStateM.Result.error a a_1 => False
  fsw_fpr_fpr_32__mem_MEM_fa1__cpp__all_constructed CERTIFIED   29.2s  (pure_ZBA_RTYPEUW (b) ((pure_SHIFTIOP ((pure_SHIFTIOP (a) ((0x20#6)) (SRLI))) ((0x20#6)) (
  fsw_fpr_fpr_32__mem_MEM_fa1__rust__all_constructed CERTIFIED   28.6s  (pure_RTYPE ((pure_SHIFTIOP ((pure_SHIFTIOP (a) ((0x20#6)) (SRLI))) ((0x20#6)) (SLLI))) ((
  fsw_fpr_fpr_fpr_32__mem_MEM_fa1__cpp__all_constructed CERTIFIED   32.9s  (pure_ZBA_RTYPEUW (b) ((pure_SHIFTIOP ((pure_SHIFTIOP (a) ((0x20#6)) (SRLI))) ((0x20#6)) (
  fsw_fpr_fpr_fpr_32__mem_MEM_fa1__rust__all_constructed CERTIFIED   33.8s  (pure_RTYPE ((pure_SHIFTIOP ((pure_SHIFTIOP (a) ((0x20#6)) (SRLI))) ((0x20#6)) (SLLI))) ((
  fsw_fpr_gpr_32__mem_MEM_a1__cpp__all_constructed CERTIFIED   42.7s  (pure_ZBA_RTYPEUW (b) ((pure_SHIFTIOP ((pure_SHIFTIOP (a) ((0x20#6)) (SRLI))) ((0x20#6)) (
  fsw_fpr_gpr_32__mem_MEM_a1__rust__all_constructed CERTIFIED   33.3s  (pure_RTYPE ((pure_SHIFTIOP ((pure_SHIFTIOP (a) ((0x20#6)) (SRLI))) ((0x20#6)) (SLLI))) ((
  fsw_fpr_mem_32__mem_MEM_0x0_a1___cpp__all_constructed CERTIFIED   34.3s  (pure_ZBA_RTYPEUW (b) ((pure_SHIFTIOP ((pure_SHIFTIOP (a) ((0x20#6)) (SRLI))) ((0x20#6)) (
  fsw_fpr_mem_32__mem_MEM_0x0_a1___rust__all_constructed CERTIFIED   33.0s  (pure_RTYPE ((pure_SHIFTIOP ((pure_SHIFTIOP (a) ((0x20#6)) (SRLI))) ((0x20#6)) (SLLI))) ((
  jal_gpr_fpr_64__reg_a0__cpp__all_constructed CERTIFIED   38.4s  (pure_RTYPE ((pure_SHIFTIOP ((pure_RTYPE ((pure_RTYPE ((pure_RTYPE ((pure_RTYPE ((pure_RTY
  jal_gpr_fpr_64__reg_a0__rust__all_constructed CERTIFIED   40.3s  (pure_RTYPE ((pure_SHIFTIOP ((pure_RTYPE ((pure_RTYPE ((pure_RTYPE ((pure_RTYPE ((pure_RTY
  jal_gpr_fpr_fpr_64__reg_a0__cpp__all_constructed CERTIFIED   41.5s  (pure_RTYPE ((pure_SHIFTIOP ((pure_RTYPE ((pure_RTYPE ((pure_RTYPE ((pure_RTYPE ((pure_RTY
  jal_gpr_fpr_fpr_64__reg_a0__rust__all_constructed CERTIFIED   41.6s  (pure_RTYPE ((pure_SHIFTIOP ((pure_RTYPE ((pure_RTYPE ((pure_RTYPE ((pure_RTYPE ((pure_RTY
  jal_gpr_gpr_64__reg_a0__cpp__all_constructed CERTIFIED   39.7s  (pure_RTYPE ((pure_SHIFTIOP ((pure_RTYPE ((pure_RTYPE ((pure_RTYPE ((pure_RTYPE ((pure_RTY
  jal_gpr_gpr_64__reg_a0__rust__all_constructed CERTIFIED   42.2s  (pure_RTYPE ((pure_SHIFTIOP ((pure_RTYPE ((pure_RTYPE ((pure_RTYPE ((pure_RTYPE ((pure_RTY
  jal_gpr_gpr_gpr_64__reg_a0__cpp__all_constructed CERTIFIED   40.3s  (pure_RTYPE ((pure_SHIFTIOP ((pure_RTYPE ((pure_RTYPE ((pure_RTYPE ((pure_RTYPE ((pure_RTY
  jal_gpr_gpr_gpr_64__reg_a0__rust__all_constructed CERTIFIED   38.0s  (pure_RTYPE ((pure_SHIFTIOP ((pure_RTYPE ((pure_RTYPE ((pure_RTYPE ((pure_RTYPE ((pure_RTY
  jal_gpr_gpr_imm_64__reg_a0__cpp__all_constructed CERTIFIED   35.4s  (pure_RTYPE ((pure_SHIFTIOP ((pure_RTYPE ((pure_RTYPE ((pure_RTYPE ((pure_RTYPE ((pure_RTY
  jal_gpr_gpr_imm_64__reg_a0__rust__all_constructed CERTIFIED   43.3s  (pure_RTYPE ((pure_SHIFTIOP ((pure_RTYPE ((pure_RTYPE ((pure_RTYPE ((pure_RTYPE ((pure_RTY
  jal_gpr_gpr_same_64__reg_a0__cpp__all_constructed CERTIFIED   35.2s  (pure_RTYPE ((pure_SHIFTIOP ((pure_RTYPE ((pure_RTYPE ((pure_RTYPE ((pure_RTYPE ((pure_RTY
  jal_gpr_gpr_same_64__reg_a0__rust__all_constructed CERTIFIED   40.5s  (pure_RTYPE ((pure_SHIFTIOP ((pure_RTYPE ((pure_RTYPE ((pure_RTYPE ((pure_RTYPE ((pure_RTY
  jal_gpr_imm_64__reg_a0__cpp__all_constructed CERTIFIED   40.4s  (pure_RTYPE ((pure_SHIFTIOP ((pure_RTYPE ((pure_RTYPE ((pure_RTYPE ((pure_RTYPE ((pure_RTY
  jal_gpr_imm_64__reg_a0__rust__all_constructed CERTIFIED   37.7s  (pure_RTYPE ((pure_SHIFTIOP ((pure_RTYPE ((pure_RTYPE ((pure_RTYPE ((pure_RTYPE ((pure_RTY
  jal_gpr_mem_64__reg_a0__cpp__all_constructed CERTIFIED   35.9s  (pure_RTYPE ((pure_SHIFTIOP ((pure_RTYPE ((pure_RTYPE ((pure_RTYPE ((pure_RTYPE ((pure_RTY
  jal_gpr_mem_64__reg_a0__rust__all_constructed CERTIFIED   36.8s  (pure_RTYPE ((pure_SHIFTIOP ((pure_RTYPE ((pure_RTYPE ((pure_RTYPE ((pure_RTYPE ((pure_RTY
  jalr_gpr_fpr_64__reg_a0__cpp__all_constructed CERTIFIED   45.3s  (pure_RTYPE ((pure_SHIFTIOP ((pure_RTYPE ((pure_RTYPE ((pure_RTYPE ((pure_RTYPE ((pure_RTY
  jalr_gpr_fpr_64__reg_a0__rust__all_constructed CERTIFIED   35.2s  (pure_RTYPE ((pure_SHIFTIOP ((pure_RTYPE ((pure_RTYPE ((pure_RTYPE ((pure_RTYPE ((pure_RTY
  jalr_gpr_fpr_fpr_64__reg_a0__cpp__all_constructed CERTIFIED   38.5s  (pure_RTYPE ((pure_SHIFTIOP ((pure_RTYPE ((pure_RTYPE ((pure_RTYPE ((pure_RTYPE ((pure_RTY
  jalr_gpr_fpr_fpr_64__reg_a0__rust__all_constructed CERTIFIED   46.7s  (pure_RTYPE ((pure_SHIFTIOP ((pure_RTYPE ((pure_RTYPE ((pure_RTYPE ((pure_RTYPE ((pure_RTY
  jalr_gpr_gpr_64__reg_a0__cpp__all_constructed CERTIFIED   34.0s  (pure_RTYPE ((pure_SHIFTIOP ((pure_RTYPE ((pure_RTYPE ((pure_RTYPE ((pure_RTYPE ((pure_RTY
  jalr_gpr_gpr_64__reg_a0__rust__all_constructed CERTIFIED   41.2s  (pure_RTYPE ((pure_SHIFTIOP ((pure_RTYPE ((pure_RTYPE ((pure_RTYPE ((pure_RTYPE ((pure_RTY
  jalr_gpr_gpr_gpr_64__reg_a0__cpp__all_constructed CERTIFIED   42.1s  (pure_RTYPE ((pure_SHIFTIOP ((pure_RTYPE ((pure_RTYPE ((pure_RTYPE ((pure_RTYPE ((pure_RTY
  jalr_gpr_gpr_gpr_64__reg_a0__rust__all_constructed CERTIFIED   36.9s  (pure_RTYPE ((pure_SHIFTIOP ((pure_RTYPE ((pure_RTYPE ((pure_RTYPE ((pure_RTYPE ((pure_RTY
  jalr_gpr_gpr_imm_64__reg_a0__cpp__all_constructed CERTIFIED   33.6s  (pure_RTYPE ((pure_SHIFTIOP ((pure_RTYPE ((pure_RTYPE ((pure_RTYPE ((pure_RTYPE ((pure_RTY
  jalr_gpr_gpr_imm_64__reg_a0__rust__all_constructed CERTIFIED   36.1s  (pure_RTYPE ((pure_SHIFTIOP ((pure_RTYPE ((pure_RTYPE ((pure_RTYPE ((pure_RTYPE ((pure_RTY
  jalr_gpr_gpr_same_64__reg_a0__cpp__all_constructed CERTIFIED   43.7s  (pure_RTYPE ((pure_SHIFTIOP ((pure_RTYPE ((pure_RTYPE ((pure_RTYPE ((pure_RTYPE ((pure_RTY
  jalr_gpr_gpr_same_64__reg_a0__rust__all_constructed CERTIFIED   40.4s  (pure_RTYPE ((pure_SHIFTIOP ((pure_RTYPE ((pure_RTYPE ((pure_RTYPE ((pure_RTYPE ((pure_RTY
  jalr_gpr_imm_64__reg_a0__cpp__all_constructed CERTIFIED   41.1s  (pure_RTYPE ((pure_SHIFTIOP ((pure_RTYPE ((pure_RTYPE ((pure_RTYPE ((pure_RTYPE ((pure_RTY
  jalr_gpr_imm_64__reg_a0__rust__all_constructed CERTIFIED   43.6s  (pure_RTYPE ((pure_SHIFTIOP ((pure_RTYPE ((pure_RTYPE ((pure_RTYPE ((pure_RTYPE ((pure_RTY
  jalr_gpr_mem_64__reg_a0__cpp__all_constructed CERTIFIED   36.2s  (pure_RTYPE ((pure_SHIFTIOP ((pure_RTYPE ((pure_RTYPE ((pure_RTYPE ((pure_RTYPE ((pure_RTY
  jalr_gpr_mem_64__reg_a0__rust__all_constructed CERTIFIED   40.9s  (pure_RTYPE ((pure_SHIFTIOP ((pure_RTYPE ((pure_RTYPE ((pure_RTYPE ((pure_RTYPE ((pure_RTY
  lb_gpr_fpr_8__reg_a0__cpp__all_constructed CERTIFIED   34.3s  (pure_RTYPE (a) ((pure_SHIFTIOP ((pure_RTYPE ((pure_ZBA_RTYPE ((pure_RTYPE ((pure_ZBA_RTYP
  lb_gpr_fpr_8__reg_a0__rust__all_constructed CERTIFIED   35.9s  (pure_RTYPE (a) ((pure_SHIFTIOP ((pure_RTYPE ((pure_SHIFTIOP ((pure_RTYPE ((pure_SHIFTIOP 
  lb_gpr_fpr_fpr_8__reg_a0__cpp__all_constructed CERTIFIED   39.7s  (pure_RTYPE (a) ((pure_SHIFTIOP ((pure_RTYPE ((pure_ZBA_RTYPE ((pure_RTYPE ((pure_ZBA_RTYP
  lb_gpr_fpr_fpr_8__reg_a0__rust__all_constructed CERTIFIED   36.8s  (pure_RTYPE (a) ((pure_SHIFTIOP ((pure_RTYPE ((pure_SHIFTIOP ((pure_RTYPE ((pure_SHIFTIOP 
  lb_gpr_gpr_8__reg_a0__cpp__all_constructed CERTIFIED   35.1s  (pure_RTYPE (a) ((pure_SHIFTIOP ((pure_RTYPE ((pure_ZBA_RTYPE ((pure_RTYPE ((pure_ZBA_RTYP
  lb_gpr_gpr_8__reg_a0__rust__all_constructed CERTIFIED   33.6s  (pure_RTYPE (a) ((pure_SHIFTIOP ((pure_RTYPE ((pure_SHIFTIOP ((pure_RTYPE ((pure_SHIFTIOP 
  lb_gpr_gpr_gpr_8__reg_a0__cpp__all_constructed CERTIFIED   34.7s  (pure_RTYPE (a) ((pure_SHIFTIOP ((pure_RTYPE ((pure_ZBA_RTYPE ((pure_RTYPE ((pure_ZBA_RTYP
  lb_gpr_gpr_gpr_8__reg_a0__rust__all_constructed CERTIFIED   38.1s  (pure_RTYPE (a) ((pure_SHIFTIOP ((pure_RTYPE ((pure_SHIFTIOP ((pure_RTYPE ((pure_SHIFTIOP 
  lb_gpr_gpr_imm_8__reg_a0__cpp__all_constructed CERTIFIED   35.7s  (pure_RTYPE (a) ((pure_SHIFTIOP ((pure_RTYPE ((pure_ZBA_RTYPE ((pure_RTYPE ((pure_ZBA_RTYP
  lb_gpr_gpr_imm_8__reg_a0__rust__all_constructed CERTIFIED   42.4s  (pure_RTYPE (a) ((pure_SHIFTIOP ((pure_RTYPE ((pure_SHIFTIOP ((pure_RTYPE ((pure_SHIFTIOP 
  lb_gpr_gpr_same_8__reg_a0__cpp__all_constructed CERTIFIED   36.9s  (pure_RTYPE (a) ((pure_SHIFTIOP ((pure_RTYPE ((pure_ZBA_RTYPE ((pure_RTYPE ((pure_ZBA_RTYP
  lb_gpr_gpr_same_8__reg_a0__rust__all_constructed CERTIFIED   35.5s  (pure_RTYPE (a) ((pure_SHIFTIOP ((pure_RTYPE ((pure_SHIFTIOP ((pure_RTYPE ((pure_SHIFTIOP 
  lb_gpr_imm_8__reg_a0__cpp__all_constructed CERTIFIED   35.7s  (pure_RTYPE (a) ((pure_SHIFTIOP ((pure_RTYPE ((pure_ZBA_RTYPE ((pure_RTYPE ((pure_ZBA_RTYP
  lb_gpr_imm_8__reg_a0__rust__all_constructed CERTIFIED   33.5s  (pure_RTYPE (a) ((pure_SHIFTIOP ((pure_RTYPE ((pure_SHIFTIOP ((pure_RTYPE ((pure_SHIFTIOP 
  lb_gpr_mem_8__reg_a0__cpp__all_constructed CERTIFIED   42.4s  (pure_RTYPE (a) ((pure_SHIFTIOP ((pure_RTYPE ((pure_ZBA_RTYPE ((pure_RTYPE ((pure_ZBA_RTYP
  lb_gpr_mem_8__reg_a0__rust__all_constructed CERTIFIED   35.7s  (pure_RTYPE (a) ((pure_SHIFTIOP ((pure_RTYPE ((pure_SHIFTIOP ((pure_RTYPE ((pure_SHIFTIOP 
  lbu_gpr_fpr_8__reg_a0__cpp__all_constructed FAILED      28.4s  a
      PseudoCoupHQ/Research/oracle/riscv/leanpath/walk_corpus_2/Walk_lbu_gpr_fpr_8__reg_a0__cpp__all_constructed.lean:232:65: error: unexpected token ','; expected ']'
      PseudoCoupHQ/Research/oracle/riscv/leanpath/walk_corpus_2/Walk_lbu_gpr_fpr_8__reg_a0__cpp__all_constructed.lean:231:13: error: unsolved goals
        | EStateM.Result.error a a_1 => False
  lbu_gpr_fpr_8__reg_a0__rust__all_constructed FAILED      37.7s  a
      PseudoCoupHQ/Research/oracle/riscv/leanpath/walk_corpus_2/Walk_lbu_gpr_fpr_8__reg_a0__rust__all_constructed.lean:232:65: error: unexpected token ','; expected ']'
      PseudoCoupHQ/Research/oracle/riscv/leanpath/walk_corpus_2/Walk_lbu_gpr_fpr_8__reg_a0__rust__all_constructed.lean:231:13: error: unsolved goals
        | EStateM.Result.error a a_1 => False
  lbu_gpr_fpr_fpr_8__reg_a0__cpp__all_constructed FAILED      26.1s  a
      PseudoCoupHQ/Research/oracle/riscv/leanpath/walk_corpus_2/Walk_lbu_gpr_fpr_fpr_8__reg_a0__cpp__all_constructed.lean:232:65: error: unexpected token ','; expected ']'
      PseudoCoupHQ/Research/oracle/riscv/leanpath/walk_corpus_2/Walk_lbu_gpr_fpr_fpr_8__reg_a0__cpp__all_constructed.lean:231:13: error: unsolved goals
        | EStateM.Result.error a a_1 => False
  lbu_gpr_fpr_fpr_8__reg_a0__rust__all_constructed FAILED      32.4s  a
      PseudoCoupHQ/Research/oracle/riscv/leanpath/walk_corpus_2/Walk_lbu_gpr_fpr_fpr_8__reg_a0__rust__all_constructed.lean:232:65: error: unexpected token ','; expected ']'
      PseudoCoupHQ/Research/oracle/riscv/leanpath/walk_corpus_2/Walk_lbu_gpr_fpr_fpr_8__reg_a0__rust__all_constructed.lean:231:13: error: unsolved goals
        | EStateM.Result.error a a_1 => False
  lbu_gpr_gpr_8__reg_a0__cpp__all_constructed FAILED      28.2s  a
      PseudoCoupHQ/Research/oracle/riscv/leanpath/walk_corpus_2/Walk_lbu_gpr_gpr_8__reg_a0__cpp__all_constructed.lean:232:65: error: unexpected token ','; expected ']'
      PseudoCoupHQ/Research/oracle/riscv/leanpath/walk_corpus_2/Walk_lbu_gpr_gpr_8__reg_a0__cpp__all_constructed.lean:231:13: error: unsolved goals
        | EStateM.Result.error a a_1 => False
  lbu_gpr_gpr_8__reg_a0__rust__all_constructed FAILED      26.0s  a
      PseudoCoupHQ/Research/oracle/riscv/leanpath/walk_corpus_2/Walk_lbu_gpr_gpr_8__reg_a0__rust__all_constructed.lean:232:65: error: unexpected token ','; expected ']'
      PseudoCoupHQ/Research/oracle/riscv/leanpath/walk_corpus_2/Walk_lbu_gpr_gpr_8__reg_a0__rust__all_constructed.lean:231:13: error: unsolved goals
        | EStateM.Result.error a a_1 => False
  lbu_gpr_gpr_gpr_8__reg_a0__cpp__all_constructed FAILED      28.5s  a
      PseudoCoupHQ/Research/oracle/riscv/leanpath/walk_corpus_2/Walk_lbu_gpr_gpr_gpr_8__reg_a0__cpp__all_constructed.lean:232:65: error: unexpected token ','; expected ']'
      PseudoCoupHQ/Research/oracle/riscv/leanpath/walk_corpus_2/Walk_lbu_gpr_gpr_gpr_8__reg_a0__cpp__all_constructed.lean:231:13: error: unsolved goals
        | EStateM.Result.error a a_1 => False
  lbu_gpr_gpr_gpr_8__reg_a0__rust__all_constructed FAILED      28.8s  a
      PseudoCoupHQ/Research/oracle/riscv/leanpath/walk_corpus_2/Walk_lbu_gpr_gpr_gpr_8__reg_a0__rust__all_constructed.lean:232:65: error: unexpected token ','; expected ']'
      PseudoCoupHQ/Research/oracle/riscv/leanpath/walk_corpus_2/Walk_lbu_gpr_gpr_gpr_8__reg_a0__rust__all_constructed.lean:231:13: error: unsolved goals
        | EStateM.Result.error a a_1 => False
  lbu_gpr_gpr_imm_8__reg_a0__cpp__all_constructed FAILED      31.6s  a
      PseudoCoupHQ/Research/oracle/riscv/leanpath/walk_corpus_2/Walk_lbu_gpr_gpr_imm_8__reg_a0__cpp__all_constructed.lean:232:65: error: unexpected token ','; expected ']'
      PseudoCoupHQ/Research/oracle/riscv/leanpath/walk_corpus_2/Walk_lbu_gpr_gpr_imm_8__reg_a0__cpp__all_constructed.lean:231:13: error: unsolved goals
        | EStateM.Result.error a a_1 => False
  lbu_gpr_gpr_imm_8__reg_a0__rust__all_constructed FAILED      28.9s  a
      PseudoCoupHQ/Research/oracle/riscv/leanpath/walk_corpus_2/Walk_lbu_gpr_gpr_imm_8__reg_a0__rust__all_constructed.lean:232:65: error: unexpected token ','; expected ']'
      PseudoCoupHQ/Research/oracle/riscv/leanpath/walk_corpus_2/Walk_lbu_gpr_gpr_imm_8__reg_a0__rust__all_constructed.lean:231:13: error: unsolved goals
        | EStateM.Result.error a a_1 => False
  lbu_gpr_gpr_same_8__reg_a0__cpp__all_constructed FAILED      31.5s  a
      PseudoCoupHQ/Research/oracle/riscv/leanpath/walk_corpus_2/Walk_lbu_gpr_gpr_same_8__reg_a0__cpp__all_constructed.lean:232:65: error: unexpected token ','; expected ']'
      PseudoCoupHQ/Research/oracle/riscv/leanpath/walk_corpus_2/Walk_lbu_gpr_gpr_same_8__reg_a0__cpp__all_constructed.lean:231:13: error: unsolved goals
        | EStateM.Result.error a a_1 => False
  lbu_gpr_gpr_same_8__reg_a0__rust__all_constructed FAILED      31.4s  a
      PseudoCoupHQ/Research/oracle/riscv/leanpath/walk_corpus_2/Walk_lbu_gpr_gpr_same_8__reg_a0__rust__all_constructed.lean:232:65: error: unexpected token ','; expected ']'
      PseudoCoupHQ/Research/oracle/riscv/leanpath/walk_corpus_2/Walk_lbu_gpr_gpr_same_8__reg_a0__rust__all_constructed.lean:231:13: error: unsolved goals
        | EStateM.Result.error a a_1 => False
  lbu_gpr_imm_8__reg_a0__cpp__all_constructed FAILED      32.9s  a
      PseudoCoupHQ/Research/oracle/riscv/leanpath/walk_corpus_2/Walk_lbu_gpr_imm_8__reg_a0__cpp__all_constructed.lean:232:65: error: unexpected token ','; expected ']'
      PseudoCoupHQ/Research/oracle/riscv/leanpath/walk_corpus_2/Walk_lbu_gpr_imm_8__reg_a0__cpp__all_constructed.lean:231:13: error: unsolved goals
        | EStateM.Result.error a a_1 => False
  lbu_gpr_imm_8__reg_a0__rust__all_constructed FAILED      34.5s  a
      PseudoCoupHQ/Research/oracle/riscv/leanpath/walk_corpus_2/Walk_lbu_gpr_imm_8__reg_a0__rust__all_constructed.lean:232:65: error: unexpected token ','; expected ']'
      PseudoCoupHQ/Research/oracle/riscv/leanpath/walk_corpus_2/Walk_lbu_gpr_imm_8__reg_a0__rust__all_constructed.lean:231:13: error: unsolved goals
        | EStateM.Result.error a a_1 => False
  lbu_gpr_mem_8__reg_a0__cpp__all_constructed FAILED      31.0s  a
      PseudoCoupHQ/Research/oracle/riscv/leanpath/walk_corpus_2/Walk_lbu_gpr_mem_8__reg_a0__cpp__all_constructed.lean:232:65: error: unexpected token ','; expected ']'
      PseudoCoupHQ/Research/oracle/riscv/leanpath/walk_corpus_2/Walk_lbu_gpr_mem_8__reg_a0__cpp__all_constructed.lean:231:13: error: unsolved goals
        | EStateM.Result.error a a_1 => False
  lbu_gpr_mem_8__reg_a0__rust__all_constructed FAILED      30.6s  a
      PseudoCoupHQ/Research/oracle/riscv/leanpath/walk_corpus_2/Walk_lbu_gpr_mem_8__reg_a0__rust__all_constructed.lean:232:65: error: unexpected token ','; expected ']'
      PseudoCoupHQ/Research/oracle/riscv/leanpath/walk_corpus_2/Walk_lbu_gpr_mem_8__reg_a0__rust__all_constructed.lean:231:13: error: unsolved goals
        | EStateM.Result.error a a_1 => False
  ld_gpr_fpr_64__reg_a0__cpp__all_constructed FAILED      28.5s  a
      PseudoCoupHQ/Research/oracle/riscv/leanpath/walk_corpus_2/Walk_ld_gpr_fpr_64__reg_a0__cpp__all_constructed.lean:232:65: error: unexpected token ','; expected ']'
      PseudoCoupHQ/Research/oracle/riscv/leanpath/walk_corpus_2/Walk_ld_gpr_fpr_64__reg_a0__cpp__all_constructed.lean:231:13: error: unsolved goals
        | EStateM.Result.error a a_1 => False
  ld_gpr_fpr_64__reg_a0__rust__all_constructed FAILED      32.9s  a
      PseudoCoupHQ/Research/oracle/riscv/leanpath/walk_corpus_2/Walk_ld_gpr_fpr_64__reg_a0__rust__all_constructed.lean:232:65: error: unexpected token ','; expected ']'
      PseudoCoupHQ/Research/oracle/riscv/leanpath/walk_corpus_2/Walk_ld_gpr_fpr_64__reg_a0__rust__all_constructed.lean:231:13: error: unsolved goals
        | EStateM.Result.error a a_1 => False
  ld_gpr_fpr_fpr_64__reg_a0__cpp__all_constructed FAILED      31.4s  a
      PseudoCoupHQ/Research/oracle/riscv/leanpath/walk_corpus_2/Walk_ld_gpr_fpr_fpr_64__reg_a0__cpp__all_constructed.lean:232:65: error: unexpected token ','; expected ']'
      PseudoCoupHQ/Research/oracle/riscv/leanpath/walk_corpus_2/Walk_ld_gpr_fpr_fpr_64__reg_a0__cpp__all_constructed.lean:231:13: error: unsolved goals
        | EStateM.Result.error a a_1 => False
  ld_gpr_fpr_fpr_64__reg_a0__rust__all_constructed FAILED      29.8s  a
      PseudoCoupHQ/Research/oracle/riscv/leanpath/walk_corpus_2/Walk_ld_gpr_fpr_fpr_64__reg_a0__rust__all_constructed.lean:232:65: error: unexpected token ','; expected ']'
      PseudoCoupHQ/Research/oracle/riscv/leanpath/walk_corpus_2/Walk_ld_gpr_fpr_fpr_64__reg_a0__rust__all_constructed.lean:231:13: error: unsolved goals
        | EStateM.Result.error a a_1 => False
  ld_gpr_gpr_64__reg_a0__cpp__all_constructed FAILED      31.2s  a
      PseudoCoupHQ/Research/oracle/riscv/leanpath/walk_corpus_2/Walk_ld_gpr_gpr_64__reg_a0__cpp__all_constructed.lean:232:65: error: unexpected token ','; expected ']'
      PseudoCoupHQ/Research/oracle/riscv/leanpath/walk_corpus_2/Walk_ld_gpr_gpr_64__reg_a0__cpp__all_constructed.lean:231:13: error: unsolved goals
        | EStateM.Result.error a a_1 => False
  ld_gpr_gpr_64__reg_a0__rust__all_constructed FAILED      27.9s  a
      PseudoCoupHQ/Research/oracle/riscv/leanpath/walk_corpus_2/Walk_ld_gpr_gpr_64__reg_a0__rust__all_constructed.lean:232:65: error: unexpected token ','; expected ']'
      PseudoCoupHQ/Research/oracle/riscv/leanpath/walk_corpus_2/Walk_ld_gpr_gpr_64__reg_a0__rust__all_constructed.lean:231:13: error: unsolved goals
        | EStateM.Result.error a a_1 => False
  ld_gpr_gpr_gpr_64__reg_a0__cpp__all_constructed FAILED      33.0s  a
      PseudoCoupHQ/Research/oracle/riscv/leanpath/walk_corpus_2/Walk_ld_gpr_gpr_gpr_64__reg_a0__cpp__all_constructed.lean:232:65: error: unexpected token ','; expected ']'
      PseudoCoupHQ/Research/oracle/riscv/leanpath/walk_corpus_2/Walk_ld_gpr_gpr_gpr_64__reg_a0__cpp__all_constructed.lean:231:13: error: unsolved goals
        | EStateM.Result.error a a_1 => False
  ld_gpr_gpr_gpr_64__reg_a0__rust__all_constructed FAILED      29.2s  a
      PseudoCoupHQ/Research/oracle/riscv/leanpath/walk_corpus_2/Walk_ld_gpr_gpr_gpr_64__reg_a0__rust__all_constructed.lean:232:65: error: unexpected token ','; expected ']'
      PseudoCoupHQ/Research/oracle/riscv/leanpath/walk_corpus_2/Walk_ld_gpr_gpr_gpr_64__reg_a0__rust__all_constructed.lean:231:13: error: unsolved goals
        | EStateM.Result.error a a_1 => False
  ld_gpr_gpr_imm_64__reg_a0__cpp__all_constructed FAILED      34.3s  a
      PseudoCoupHQ/Research/oracle/riscv/leanpath/walk_corpus_2/Walk_ld_gpr_gpr_imm_64__reg_a0__cpp__all_constructed.lean:232:65: error: unexpected token ','; expected ']'
      PseudoCoupHQ/Research/oracle/riscv/leanpath/walk_corpus_2/Walk_ld_gpr_gpr_imm_64__reg_a0__cpp__all_constructed.lean:231:13: error: unsolved goals
        | EStateM.Result.error a a_1 => False
  ld_gpr_gpr_imm_64__reg_a0__rust__all_constructed FAILED      30.3s  a
      PseudoCoupHQ/Research/oracle/riscv/leanpath/walk_corpus_2/Walk_ld_gpr_gpr_imm_64__reg_a0__rust__all_constructed.lean:232:65: error: unexpected token ','; expected ']'
      PseudoCoupHQ/Research/oracle/riscv/leanpath/walk_corpus_2/Walk_ld_gpr_gpr_imm_64__reg_a0__rust__all_constructed.lean:231:13: error: unsolved goals
        | EStateM.Result.error a a_1 => False
  ld_gpr_gpr_same_64__reg_a0__cpp__all_constructed FAILED      31.0s  a
      PseudoCoupHQ/Research/oracle/riscv/leanpath/walk_corpus_2/Walk_ld_gpr_gpr_same_64__reg_a0__cpp__all_constructed.lean:232:65: error: unexpected token ','; expected ']'
      PseudoCoupHQ/Research/oracle/riscv/leanpath/walk_corpus_2/Walk_ld_gpr_gpr_same_64__reg_a0__cpp__all_constructed.lean:231:13: error: unsolved goals
        | EStateM.Result.error a a_1 => False
  ld_gpr_gpr_same_64__reg_a0__rust__all_constructed FAILED      30.8s  a
      PseudoCoupHQ/Research/oracle/riscv/leanpath/walk_corpus_2/Walk_ld_gpr_gpr_same_64__reg_a0__rust__all_constructed.lean:232:65: error: unexpected token ','; expected ']'
      PseudoCoupHQ/Research/oracle/riscv/leanpath/walk_corpus_2/Walk_ld_gpr_gpr_same_64__reg_a0__rust__all_constructed.lean:231:13: error: unsolved goals
        | EStateM.Result.error a a_1 => False
  ld_gpr_imm_64__reg_a0__cpp__all_constructed FAILED      29.8s  a
      PseudoCoupHQ/Research/oracle/riscv/leanpath/walk_corpus_2/Walk_ld_gpr_imm_64__reg_a0__cpp__all_constructed.lean:232:65: error: unexpected token ','; expected ']'
      PseudoCoupHQ/Research/oracle/riscv/leanpath/walk_corpus_2/Walk_ld_gpr_imm_64__reg_a0__cpp__all_constructed.lean:231:13: error: unsolved goals
        | EStateM.Result.error a a_1 => False
  ld_gpr_imm_64__reg_a0__rust__all_constructed FAILED      32.2s  a
      PseudoCoupHQ/Research/oracle/riscv/leanpath/walk_corpus_2/Walk_ld_gpr_imm_64__reg_a0__rust__all_constructed.lean:232:65: error: unexpected token ','; expected ']'
      PseudoCoupHQ/Research/oracle/riscv/leanpath/walk_corpus_2/Walk_ld_gpr_imm_64__reg_a0__rust__all_constructed.lean:231:13: error: unsolved goals
        | EStateM.Result.error a a_1 => False
  ld_gpr_mem_64__reg_a0__cpp__all_constructed FAILED      28.1s  a
      PseudoCoupHQ/Research/oracle/riscv/leanpath/walk_corpus_2/Walk_ld_gpr_mem_64__reg_a0__cpp__all_constructed.lean:232:65: error: unexpected token ','; expected ']'
      PseudoCoupHQ/Research/oracle/riscv/leanpath/walk_corpus_2/Walk_ld_gpr_mem_64__reg_a0__cpp__all_constructed.lean:231:13: error: unsolved goals
        | EStateM.Result.error a a_1 => False
  ld_gpr_mem_64__reg_a0__rust__all_constructed FAILED      28.2s  a
      PseudoCoupHQ/Research/oracle/riscv/leanpath/walk_corpus_2/Walk_ld_gpr_mem_64__reg_a0__rust__all_constructed.lean:232:65: error: unexpected token ','; expected ']'
      PseudoCoupHQ/Research/oracle/riscv/leanpath/walk_corpus_2/Walk_ld_gpr_mem_64__reg_a0__rust__all_constructed.lean:231:13: error: unsolved goals
        | EStateM.Result.error a a_1 => False
  lh_gpr_fpr_16__reg_a0__cpp__all_constructed CERTIFIED   39.3s  (pure_RTYPE (a) ((pure_SHIFTIOP ((pure_RTYPE ((pure_ZBA_RTYPE ((pure_RTYPE ((pure_ZBA_RTYP
  lh_gpr_fpr_16__reg_a0__rust__all_constructed CERTIFIED   40.4s  (pure_RTYPE (a) ((pure_SHIFTIOP ((pure_RTYPE ((pure_SHIFTIOP ((pure_RTYPE ((pure_SHIFTIOP 
  lh_gpr_fpr_fpr_16__reg_a0__cpp__all_constructed CERTIFIED   35.9s  (pure_RTYPE (a) ((pure_SHIFTIOP ((pure_RTYPE ((pure_ZBA_RTYPE ((pure_RTYPE ((pure_ZBA_RTYP
  lh_gpr_fpr_fpr_16__reg_a0__rust__all_constructed CERTIFIED   34.5s  (pure_RTYPE (a) ((pure_SHIFTIOP ((pure_RTYPE ((pure_SHIFTIOP ((pure_RTYPE ((pure_SHIFTIOP 
  lh_gpr_gpr_16__reg_a0__cpp__all_constructed CERTIFIED   34.0s  (pure_RTYPE (a) ((pure_SHIFTIOP ((pure_RTYPE ((pure_ZBA_RTYPE ((pure_RTYPE ((pure_ZBA_RTYP
  lh_gpr_gpr_16__reg_a0__rust__all_constructed CERTIFIED   32.2s  (pure_RTYPE (a) ((pure_SHIFTIOP ((pure_RTYPE ((pure_SHIFTIOP ((pure_RTYPE ((pure_SHIFTIOP 
  lh_gpr_gpr_gpr_16__reg_a0__cpp__all_constructed CERTIFIED   38.4s  (pure_RTYPE (a) ((pure_SHIFTIOP ((pure_RTYPE ((pure_ZBA_RTYPE ((pure_RTYPE ((pure_ZBA_RTYP
  lh_gpr_gpr_gpr_16__reg_a0__rust__all_constructed CERTIFIED   34.8s  (pure_RTYPE (a) ((pure_SHIFTIOP ((pure_RTYPE ((pure_SHIFTIOP ((pure_RTYPE ((pure_SHIFTIOP 
  lh_gpr_gpr_imm_16__reg_a0__cpp__all_constructed CERTIFIED   31.2s  (pure_RTYPE (a) ((pure_SHIFTIOP ((pure_RTYPE ((pure_ZBA_RTYPE ((pure_RTYPE ((pure_ZBA_RTYP
  lh_gpr_gpr_imm_16__reg_a0__rust__all_constructed CERTIFIED   33.7s  (pure_RTYPE (a) ((pure_SHIFTIOP ((pure_RTYPE ((pure_SHIFTIOP ((pure_RTYPE ((pure_SHIFTIOP 
  lh_gpr_gpr_same_16__reg_a0__cpp__all_constructed CERTIFIED   45.3s  (pure_RTYPE (a) ((pure_SHIFTIOP ((pure_RTYPE ((pure_ZBA_RTYPE ((pure_RTYPE ((pure_ZBA_RTYP
  lh_gpr_gpr_same_16__reg_a0__rust__all_constructed CERTIFIED   34.0s  (pure_RTYPE (a) ((pure_SHIFTIOP ((pure_RTYPE ((pure_SHIFTIOP ((pure_RTYPE ((pure_SHIFTIOP 
  lh_gpr_imm_16__reg_a0__cpp__all_constructed CERTIFIED   36.8s  (pure_RTYPE (a) ((pure_SHIFTIOP ((pure_RTYPE ((pure_ZBA_RTYPE ((pure_RTYPE ((pure_ZBA_RTYP
  lh_gpr_imm_16__reg_a0__rust__all_constructed CERTIFIED   35.7s  (pure_RTYPE (a) ((pure_SHIFTIOP ((pure_RTYPE ((pure_SHIFTIOP ((pure_RTYPE ((pure_SHIFTIOP 
  lh_gpr_mem_16__reg_a0__cpp__all_constructed CERTIFIED   33.8s  (pure_RTYPE (a) ((pure_SHIFTIOP ((pure_RTYPE ((pure_ZBA_RTYPE ((pure_RTYPE ((pure_ZBA_RTYP
  lh_gpr_mem_16__reg_a0__rust__all_constructed CERTIFIED   37.3s  (pure_RTYPE (a) ((pure_SHIFTIOP ((pure_RTYPE ((pure_SHIFTIOP ((pure_RTYPE ((pure_SHIFTIOP 
  lhu_gpr_fpr_16__reg_a0__cpp__all_constructed FAILED      30.3s  a
      PseudoCoupHQ/Research/oracle/riscv/leanpath/walk_corpus_2/Walk_lhu_gpr_fpr_16__reg_a0__cpp__all_constructed.lean:232:65: error: unexpected token ','; expected ']'
      PseudoCoupHQ/Research/oracle/riscv/leanpath/walk_corpus_2/Walk_lhu_gpr_fpr_16__reg_a0__cpp__all_constructed.lean:231:13: error: unsolved goals
        | EStateM.Result.error a a_1 => False
  lhu_gpr_fpr_16__reg_a0__rust__all_constructed FAILED      29.7s  a
      PseudoCoupHQ/Research/oracle/riscv/leanpath/walk_corpus_2/Walk_lhu_gpr_fpr_16__reg_a0__rust__all_constructed.lean:232:65: error: unexpected token ','; expected ']'
      PseudoCoupHQ/Research/oracle/riscv/leanpath/walk_corpus_2/Walk_lhu_gpr_fpr_16__reg_a0__rust__all_constructed.lean:231:13: error: unsolved goals
        | EStateM.Result.error a a_1 => False
  lhu_gpr_fpr_fpr_16__reg_a0__cpp__all_constructed FAILED      29.1s  a
      PseudoCoupHQ/Research/oracle/riscv/leanpath/walk_corpus_2/Walk_lhu_gpr_fpr_fpr_16__reg_a0__cpp__all_constructed.lean:232:65: error: unexpected token ','; expected ']'
      PseudoCoupHQ/Research/oracle/riscv/leanpath/walk_corpus_2/Walk_lhu_gpr_fpr_fpr_16__reg_a0__cpp__all_constructed.lean:231:13: error: unsolved goals
        | EStateM.Result.error a a_1 => False
  lhu_gpr_fpr_fpr_16__reg_a0__rust__all_constructed FAILED      30.0s  a
      PseudoCoupHQ/Research/oracle/riscv/leanpath/walk_corpus_2/Walk_lhu_gpr_fpr_fpr_16__reg_a0__rust__all_constructed.lean:232:65: error: unexpected token ','; expected ']'
      PseudoCoupHQ/Research/oracle/riscv/leanpath/walk_corpus_2/Walk_lhu_gpr_fpr_fpr_16__reg_a0__rust__all_constructed.lean:231:13: error: unsolved goals
        | EStateM.Result.error a a_1 => False
  lhu_gpr_gpr_16__reg_a0__cpp__all_constructed FAILED      25.4s  a
      PseudoCoupHQ/Research/oracle/riscv/leanpath/walk_corpus_2/Walk_lhu_gpr_gpr_16__reg_a0__cpp__all_constructed.lean:232:65: error: unexpected token ','; expected ']'
      PseudoCoupHQ/Research/oracle/riscv/leanpath/walk_corpus_2/Walk_lhu_gpr_gpr_16__reg_a0__cpp__all_constructed.lean:231:13: error: unsolved goals
        | EStateM.Result.error a a_1 => False
  lhu_gpr_gpr_16__reg_a0__rust__all_constructed FAILED      29.0s  a
      PseudoCoupHQ/Research/oracle/riscv/leanpath/walk_corpus_2/Walk_lhu_gpr_gpr_16__reg_a0__rust__all_constructed.lean:232:65: error: unexpected token ','; expected ']'
      PseudoCoupHQ/Research/oracle/riscv/leanpath/walk_corpus_2/Walk_lhu_gpr_gpr_16__reg_a0__rust__all_constructed.lean:231:13: error: unsolved goals
        | EStateM.Result.error a a_1 => False
  lhu_gpr_gpr_gpr_16__reg_a0__cpp__all_constructed FAILED      28.1s  a
      PseudoCoupHQ/Research/oracle/riscv/leanpath/walk_corpus_2/Walk_lhu_gpr_gpr_gpr_16__reg_a0__cpp__all_constructed.lean:232:65: error: unexpected token ','; expected ']'
      PseudoCoupHQ/Research/oracle/riscv/leanpath/walk_corpus_2/Walk_lhu_gpr_gpr_gpr_16__reg_a0__cpp__all_constructed.lean:231:13: error: unsolved goals
        | EStateM.Result.error a a_1 => False
  lhu_gpr_gpr_gpr_16__reg_a0__rust__all_constructed FAILED      26.8s  a
      PseudoCoupHQ/Research/oracle/riscv/leanpath/walk_corpus_2/Walk_lhu_gpr_gpr_gpr_16__reg_a0__rust__all_constructed.lean:232:65: error: unexpected token ','; expected ']'
      PseudoCoupHQ/Research/oracle/riscv/leanpath/walk_corpus_2/Walk_lhu_gpr_gpr_gpr_16__reg_a0__rust__all_constructed.lean:231:13: error: unsolved goals
        | EStateM.Result.error a a_1 => False
  lhu_gpr_gpr_imm_16__reg_a0__cpp__all_constructed FAILED      25.0s  a
      PseudoCoupHQ/Research/oracle/riscv/leanpath/walk_corpus_2/Walk_lhu_gpr_gpr_imm_16__reg_a0__cpp__all_constructed.lean:232:65: error: unexpected token ','; expected ']'
      PseudoCoupHQ/Research/oracle/riscv/leanpath/walk_corpus_2/Walk_lhu_gpr_gpr_imm_16__reg_a0__cpp__all_constructed.lean:231:13: error: unsolved goals
        | EStateM.Result.error a a_1 => False
  lhu_gpr_gpr_imm_16__reg_a0__rust__all_constructed FAILED      30.0s  a
      PseudoCoupHQ/Research/oracle/riscv/leanpath/walk_corpus_2/Walk_lhu_gpr_gpr_imm_16__reg_a0__rust__all_constructed.lean:232:65: error: unexpected token ','; expected ']'
      PseudoCoupHQ/Research/oracle/riscv/leanpath/walk_corpus_2/Walk_lhu_gpr_gpr_imm_16__reg_a0__rust__all_constructed.lean:231:13: error: unsolved goals
        | EStateM.Result.error a a_1 => False
  lhu_gpr_gpr_same_16__reg_a0__cpp__all_constructed FAILED      25.8s  a
      PseudoCoupHQ/Research/oracle/riscv/leanpath/walk_corpus_2/Walk_lhu_gpr_gpr_same_16__reg_a0__cpp__all_constructed.lean:232:65: error: unexpected token ','; expected ']'
      PseudoCoupHQ/Research/oracle/riscv/leanpath/walk_corpus_2/Walk_lhu_gpr_gpr_same_16__reg_a0__cpp__all_constructed.lean:231:13: error: unsolved goals
        | EStateM.Result.error a a_1 => False
  lhu_gpr_gpr_same_16__reg_a0__rust__all_constructed FAILED      26.4s  a
      PseudoCoupHQ/Research/oracle/riscv/leanpath/walk_corpus_2/Walk_lhu_gpr_gpr_same_16__reg_a0__rust__all_constructed.lean:232:65: error: unexpected token ','; expected ']'
      PseudoCoupHQ/Research/oracle/riscv/leanpath/walk_corpus_2/Walk_lhu_gpr_gpr_same_16__reg_a0__rust__all_constructed.lean:231:13: error: unsolved goals
        | EStateM.Result.error a a_1 => False
  lhu_gpr_imm_16__reg_a0__cpp__all_constructed FAILED      30.3s  a
      PseudoCoupHQ/Research/oracle/riscv/leanpath/walk_corpus_2/Walk_lhu_gpr_imm_16__reg_a0__cpp__all_constructed.lean:232:65: error: unexpected token ','; expected ']'
      PseudoCoupHQ/Research/oracle/riscv/leanpath/walk_corpus_2/Walk_lhu_gpr_imm_16__reg_a0__cpp__all_constructed.lean:231:13: error: unsolved goals
        | EStateM.Result.error a a_1 => False
  lhu_gpr_imm_16__reg_a0__rust__all_constructed FAILED      32.0s  a
      PseudoCoupHQ/Research/oracle/riscv/leanpath/walk_corpus_2/Walk_lhu_gpr_imm_16__reg_a0__rust__all_constructed.lean:232:65: error: unexpected token ','; expected ']'
      PseudoCoupHQ/Research/oracle/riscv/leanpath/walk_corpus_2/Walk_lhu_gpr_imm_16__reg_a0__rust__all_constructed.lean:231:13: error: unsolved goals
        | EStateM.Result.error a a_1 => False
  lhu_gpr_mem_16__reg_a0__cpp__all_constructed FAILED      33.1s  a
      PseudoCoupHQ/Research/oracle/riscv/leanpath/walk_corpus_2/Walk_lhu_gpr_mem_16__reg_a0__cpp__all_constructed.lean:232:65: error: unexpected token ','; expected ']'
      PseudoCoupHQ/Research/oracle/riscv/leanpath/walk_corpus_2/Walk_lhu_gpr_mem_16__reg_a0__cpp__all_constructed.lean:231:13: error: unsolved goals
        | EStateM.Result.error a a_1 => False
  lhu_gpr_mem_16__reg_a0__rust__all_constructed FAILED      32.3s  a
      PseudoCoupHQ/Research/oracle/riscv/leanpath/walk_corpus_2/Walk_lhu_gpr_mem_16__reg_a0__rust__all_constructed.lean:232:65: error: unexpected token ','; expected ']'
      PseudoCoupHQ/Research/oracle/riscv/leanpath/walk_corpus_2/Walk_lhu_gpr_mem_16__reg_a0__rust__all_constructed.lean:231:13: error: unsolved goals
        | EStateM.Result.error a a_1 => False
  lw_gpr_fpr_32__reg_a0__cpp__all_constructed CERTIFIED   40.5s  (pure_ZBA_RTYPEUW (a) ((pure_RTYPE ((pure_SHIFTIOP ((pure_SHIFTIWOP (a) (0x1f#5) (LeanIM.s
  lw_gpr_fpr_32__reg_a0__rust__all_constructed CERTIFIED   33.7s  (pure_RTYPE ((pure_RTYPE ((pure_SHIFTIOP ((pure_SHIFTIOP (a) ((0x20#6)) (SLLI))) ((0x20#6)
  lw_gpr_fpr_fpr_32__reg_a0__cpp__all_constructed CERTIFIED   30.6s  (pure_ZBA_RTYPEUW (a) ((pure_RTYPE ((pure_SHIFTIOP ((pure_SHIFTIWOP (a) (0x1f#5) (LeanIM.s
  lw_gpr_fpr_fpr_32__reg_a0__rust__all_constructed CERTIFIED   30.3s  (pure_RTYPE ((pure_RTYPE ((pure_SHIFTIOP ((pure_SHIFTIOP (a) ((0x20#6)) (SLLI))) ((0x20#6)
  lw_gpr_gpr_32__reg_a0__cpp__all_constructed CERTIFIED   27.3s  (pure_ZBA_RTYPEUW (a) ((pure_RTYPE ((pure_SHIFTIOP ((pure_SHIFTIWOP (a) (0x1f#5) (LeanIM.s
  lw_gpr_gpr_32__reg_a0__rust__all_constructed CERTIFIED   26.5s  (pure_RTYPE ((pure_RTYPE ((pure_SHIFTIOP ((pure_SHIFTIOP (a) ((0x20#6)) (SLLI))) ((0x20#6)
  lw_gpr_gpr_gpr_32__reg_a0__cpp__all_constructed CERTIFIED   26.3s  (pure_ZBA_RTYPEUW (a) ((pure_RTYPE ((pure_SHIFTIOP ((pure_SHIFTIWOP (a) (0x1f#5) (LeanIM.s
  lw_gpr_gpr_gpr_32__reg_a0__rust__all_constructed CERTIFIED   28.9s  (pure_RTYPE ((pure_RTYPE ((pure_SHIFTIOP ((pure_SHIFTIOP (a) ((0x20#6)) (SLLI))) ((0x20#6)
  lw_gpr_gpr_imm_32__reg_a0__cpp__all_constructed CERTIFIED   29.0s  (pure_ZBA_RTYPEUW (a) ((pure_RTYPE ((pure_SHIFTIOP ((pure_SHIFTIWOP (a) (0x1f#5) (LeanIM.s
  lw_gpr_gpr_imm_32__reg_a0__rust__all_constructed CERTIFIED   29.9s  (pure_RTYPE ((pure_RTYPE ((pure_SHIFTIOP ((pure_SHIFTIOP (a) ((0x20#6)) (SLLI))) ((0x20#6)
  lw_gpr_gpr_same_32__reg_a0__cpp__all_constructed CERTIFIED   31.3s  (pure_ZBA_RTYPEUW (a) ((pure_RTYPE ((pure_SHIFTIOP ((pure_SHIFTIWOP (a) (0x1f#5) (LeanIM.s
  lw_gpr_gpr_same_32__reg_a0__rust__all_constructed CERTIFIED   26.8s  (pure_RTYPE ((pure_RTYPE ((pure_SHIFTIOP ((pure_SHIFTIOP (a) ((0x20#6)) (SLLI))) ((0x20#6)
  lw_gpr_imm_32__reg_a0__cpp__all_constructed CERTIFIED   27.7s  (pure_ZBA_RTYPEUW (a) ((pure_RTYPE ((pure_SHIFTIOP ((pure_SHIFTIWOP (a) (0x1f#5) (LeanIM.s
  lw_gpr_imm_32__reg_a0__rust__all_constructed CERTIFIED   29.4s  (pure_RTYPE ((pure_RTYPE ((pure_SHIFTIOP ((pure_SHIFTIOP (a) ((0x20#6)) (SLLI))) ((0x20#6)
  lw_gpr_mem_32__reg_a0__cpp__all_constructed CERTIFIED   28.3s  (pure_ZBA_RTYPEUW (a) ((pure_RTYPE ((pure_SHIFTIOP ((pure_SHIFTIWOP (a) (0x1f#5) (LeanIM.s
  lw_gpr_mem_32__reg_a0__rust__all_constructed CERTIFIED   28.0s  (pure_RTYPE ((pure_RTYPE ((pure_SHIFTIOP ((pure_SHIFTIOP (a) ((0x20#6)) (SLLI))) ((0x20#6)
  lwu_gpr_fpr_32__reg_a0__cpp__all_constructed CERTIFIED   22.0s  (pure_ZBA_RTYPEUW (a) (zero_reg) (0b00#2))
  lwu_gpr_fpr_32__reg_a0__rust__all_constructed CERTIFIED   22.0s  (pure_SHIFTIOP ((pure_SHIFTIOP (a) ((0x20#6)) (SLLI))) ((0x20#6)) (SRLI))
  lwu_gpr_fpr_fpr_32__reg_a0__cpp__all_constructed CERTIFIED   23.0s  (pure_ZBA_RTYPEUW (a) (zero_reg) (0b00#2))
  lwu_gpr_fpr_fpr_32__reg_a0__rust__all_constructed CERTIFIED   23.8s  (pure_SHIFTIOP ((pure_SHIFTIOP (a) ((0x20#6)) (SLLI))) ((0x20#6)) (SRLI))
  lwu_gpr_gpr_32__reg_a0__cpp__all_constructed CERTIFIED   21.7s  (pure_ZBA_RTYPEUW (a) (zero_reg) (0b00#2))
  lwu_gpr_gpr_32__reg_a0__rust__all_constructed CERTIFIED   23.4s  (pure_SHIFTIOP ((pure_SHIFTIOP (a) ((0x20#6)) (SLLI))) ((0x20#6)) (SRLI))
  lwu_gpr_gpr_gpr_32__reg_a0__cpp__all_constructed CERTIFIED   23.2s  (pure_ZBA_RTYPEUW (a) (zero_reg) (0b00#2))
  lwu_gpr_gpr_gpr_32__reg_a0__rust__all_constructed CERTIFIED   23.2s  (pure_SHIFTIOP ((pure_SHIFTIOP (a) ((0x20#6)) (SLLI))) ((0x20#6)) (SRLI))
  lwu_gpr_gpr_imm_32__reg_a0__cpp__all_constructed CERTIFIED   20.9s  (pure_ZBA_RTYPEUW (a) (zero_reg) (0b00#2))
  lwu_gpr_gpr_imm_32__reg_a0__rust__all_constructed CERTIFIED   20.0s  (pure_SHIFTIOP ((pure_SHIFTIOP (a) ((0x20#6)) (SLLI))) ((0x20#6)) (SRLI))
  lwu_gpr_gpr_same_32__reg_a0__cpp__all_constructed CERTIFIED   17.9s  (pure_ZBA_RTYPEUW (a) (zero_reg) (0b00#2))
  lwu_gpr_gpr_same_32__reg_a0__rust__all_constructed CERTIFIED   17.3s  (pure_SHIFTIOP ((pure_SHIFTIOP (a) ((0x20#6)) (SLLI))) ((0x20#6)) (SRLI))
  lwu_gpr_imm_32__reg_a0__cpp__all_constructed CERTIFIED   16.2s  (pure_ZBA_RTYPEUW (a) (zero_reg) (0b00#2))
  lwu_gpr_imm_32__reg_a0__rust__all_constructed CERTIFIED   16.5s  (pure_SHIFTIOP ((pure_SHIFTIOP (a) ((0x20#6)) (SLLI))) ((0x20#6)) (SRLI))
  lwu_gpr_mem_32__reg_a0__cpp__all_constructed CERTIFIED   16.4s  (pure_ZBA_RTYPEUW (a) (zero_reg) (0b00#2))
  lwu_gpr_mem_32__reg_a0__rust__all_constructed CERTIFIED   16.3s  (pure_SHIFTIOP ((pure_SHIFTIOP (a) ((0x20#6)) (SLLI))) ((0x20#6)) (SRLI))
  or_gpr_gpr_gpr_64__reg_a0__cpp__all_constructed CERTIFIED   16.4s  (pure_RTYPE (a) (b) (OR))
  or_gpr_gpr_gpr_64__reg_a0__rust__all_constructed CERTIFIED   16.4s  (pure_RTYPE (a) (b) (OR))
  or_gpr_gpr_same_64__reg_a0__cpp__all_constructed FAILED      15.9s  a
      PseudoCoupHQ/Research/oracle/riscv/leanpath/walk_corpus_2/Walk_or_gpr_gpr_same_64__reg_a0__cpp__all_constructed.lean:232:65: error: unexpected token ','; expected ']'
      PseudoCoupHQ/Research/oracle/riscv/leanpath/walk_corpus_2/Walk_or_gpr_gpr_same_64__reg_a0__cpp__all_constructed.lean:231:13: error: unsolved goals
        | EStateM.Result.error a a_1 => False
  or_gpr_gpr_same_64__reg_a0__rust__all_constructed FAILED      15.7s  a
      PseudoCoupHQ/Research/oracle/riscv/leanpath/walk_corpus_2/Walk_or_gpr_gpr_same_64__reg_a0__rust__all_constructed.lean:232:65: error: unexpected token ','; expected ']'
      PseudoCoupHQ/Research/oracle/riscv/leanpath/walk_corpus_2/Walk_or_gpr_gpr_same_64__reg_a0__rust__all_constructed.lean:231:13: error: unsolved goals
        | EStateM.Result.error a a_1 => False
  ori_gpr_gpr_imm_64__reg_a0__cpp__all_constructed CERTIFIED   16.4s  (pure_ITYPE (a) (0x003#12) (LeanIM.iop.ORI))
  ori_gpr_gpr_imm_64__reg_a0__rust__all_constructed CERTIFIED   16.4s  (pure_ITYPE (a) (0x003#12) (LeanIM.iop.ORI))
  sb_gpr_fpr_8__mem_MEM_fa1__cpp__all_constructed CERTIFIED   16.5s  (pure_RTYPE ((pure_ITYPE (a) (0xf00#12) (LeanIM.iop.ANDI))) (b) (OR))
  sb_gpr_fpr_8__mem_MEM_fa1__rust__all_constructed CERTIFIED   16.8s  (pure_RTYPE ((pure_ITYPE (a) (0xf00#12) (LeanIM.iop.ANDI))) (b) (OR))
  sb_gpr_fpr_fpr_8__mem_MEM_fa1__cpp__all_constructed CERTIFIED   16.5s  (pure_RTYPE ((pure_ITYPE (a) (0xf00#12) (LeanIM.iop.ANDI))) (b) (OR))
  sb_gpr_fpr_fpr_8__mem_MEM_fa1__rust__all_constructed CERTIFIED   16.5s  (pure_RTYPE ((pure_ITYPE (a) (0xf00#12) (LeanIM.iop.ANDI))) (b) (OR))
  sb_gpr_gpr_8__mem_MEM_a1__cpp__all_constructed CERTIFIED   16.9s  (pure_RTYPE ((pure_ITYPE (a) (0xf00#12) (LeanIM.iop.ANDI))) (b) (OR))
  sb_gpr_gpr_8__mem_MEM_a1__rust__all_constructed CERTIFIED   16.5s  (pure_RTYPE ((pure_ITYPE (a) (0xf00#12) (LeanIM.iop.ANDI))) (b) (OR))
  sb_gpr_gpr_gpr_8__mem_MEM_a1__cpp__all_constructed CERTIFIED   16.3s  (pure_RTYPE ((pure_ITYPE (a) (0xf00#12) (LeanIM.iop.ANDI))) (b) (OR))
  sb_gpr_gpr_gpr_8__mem_MEM_a1__rust__all_constructed CERTIFIED   16.7s  (pure_RTYPE ((pure_ITYPE (a) (0xf00#12) (LeanIM.iop.ANDI))) (b) (OR))
  sb_gpr_gpr_imm_8__mem_MEM_a1__cpp__all_constructed CERTIFIED   16.5s  (pure_RTYPE ((pure_ITYPE (a) (0xf00#12) (LeanIM.iop.ANDI))) (b) (OR))
  sb_gpr_gpr_imm_8__mem_MEM_a1__rust__all_constructed CERTIFIED   16.6s  (pure_RTYPE ((pure_ITYPE (a) (0xf00#12) (LeanIM.iop.ANDI))) (b) (OR))
  sb_gpr_gpr_same_8__mem_MEM_a1__cpp__all_constructed CERTIFIED   16.4s  (pure_RTYPE ((pure_ITYPE (a) (0xf00#12) (LeanIM.iop.ANDI))) (b) (OR))
  sb_gpr_gpr_same_8__mem_MEM_a1__rust__all_constructed CERTIFIED   16.6s  (pure_RTYPE ((pure_ITYPE (a) (0xf00#12) (LeanIM.iop.ANDI))) (b) (OR))
  sb_gpr_imm_8__mem_MEM_0x3__cpp__all_constructed CERTIFIED   16.8s  (pure_RTYPE ((pure_ITYPE (a) (0xf00#12) (LeanIM.iop.ANDI))) (b) (OR))
  sb_gpr_imm_8__mem_MEM_0x3__rust__all_constructed CERTIFIED   16.8s  (pure_RTYPE ((pure_ITYPE (a) (0xf00#12) (LeanIM.iop.ANDI))) (b) (OR))
  sb_gpr_mem_8__mem_MEM_0x0_a1___cpp__all_constructed CERTIFIED   16.5s  (pure_RTYPE ((pure_ITYPE (a) (0xf00#12) (LeanIM.iop.ANDI))) (b) (OR))
  sb_gpr_mem_8__mem_MEM_0x0_a1___rust__all_constructed CERTIFIED   16.6s  (pure_RTYPE ((pure_ITYPE (a) (0xf00#12) (LeanIM.iop.ANDI))) (b) (OR))
  sd_gpr_fpr_64__mem_MEM_fa1__cpp__all_constructed FAILED      15.4s  a
      PseudoCoupHQ/Research/oracle/riscv/leanpath/walk_corpus_2/Walk_sd_gpr_fpr_64__mem_MEM_fa1__cpp__all_constructed.lean:232:65: error: unexpected token ','; expected ']'
      PseudoCoupHQ/Research/oracle/riscv/leanpath/walk_corpus_2/Walk_sd_gpr_fpr_64__mem_MEM_fa1__cpp__all_constructed.lean:231:13: error: unsolved goals
        | EStateM.Result.error a a_1 => False
  sd_gpr_fpr_64__mem_MEM_fa1__rust__all_constructed FAILED      15.6s  a
      PseudoCoupHQ/Research/oracle/riscv/leanpath/walk_corpus_2/Walk_sd_gpr_fpr_64__mem_MEM_fa1__rust__all_constructed.lean:232:65: error: unexpected token ','; expected ']'
      PseudoCoupHQ/Research/oracle/riscv/leanpath/walk_corpus_2/Walk_sd_gpr_fpr_64__mem_MEM_fa1__rust__all_constructed.lean:231:13: error: unsolved goals
        | EStateM.Result.error a a_1 => False
  sd_gpr_fpr_fpr_64__mem_MEM_fa1__cpp__all_constructed FAILED      15.6s  a
      PseudoCoupHQ/Research/oracle/riscv/leanpath/walk_corpus_2/Walk_sd_gpr_fpr_fpr_64__mem_MEM_fa1__cpp__all_constructed.lean:232:65: error: unexpected token ','; expected ']'
      PseudoCoupHQ/Research/oracle/riscv/leanpath/walk_corpus_2/Walk_sd_gpr_fpr_fpr_64__mem_MEM_fa1__cpp__all_constructed.lean:231:13: error: unsolved goals
        | EStateM.Result.error a a_1 => False
  sd_gpr_fpr_fpr_64__mem_MEM_fa1__rust__all_constructed FAILED      15.5s  a
      PseudoCoupHQ/Research/oracle/riscv/leanpath/walk_corpus_2/Walk_sd_gpr_fpr_fpr_64__mem_MEM_fa1__rust__all_constructed.lean:232:65: error: unexpected token ','; expected ']'
      PseudoCoupHQ/Research/oracle/riscv/leanpath/walk_corpus_2/Walk_sd_gpr_fpr_fpr_64__mem_MEM_fa1__rust__all_constructed.lean:231:13: error: unsolved goals
        | EStateM.Result.error a a_1 => False
  sd_gpr_gpr_64__mem_MEM_a1__cpp__all_constructed FAILED      15.6s  a
      PseudoCoupHQ/Research/oracle/riscv/leanpath/walk_corpus_2/Walk_sd_gpr_gpr_64__mem_MEM_a1__cpp__all_constructed.lean:232:65: error: unexpected token ','; expected ']'
      PseudoCoupHQ/Research/oracle/riscv/leanpath/walk_corpus_2/Walk_sd_gpr_gpr_64__mem_MEM_a1__cpp__all_constructed.lean:231:13: error: unsolved goals
        | EStateM.Result.error a a_1 => False
  sd_gpr_gpr_64__mem_MEM_a1__rust__all_constructed FAILED      14.8s  a
      PseudoCoupHQ/Research/oracle/riscv/leanpath/walk_corpus_2/Walk_sd_gpr_gpr_64__mem_MEM_a1__rust__all_constructed.lean:232:65: error: unexpected token ','; expected ']'
      PseudoCoupHQ/Research/oracle/riscv/leanpath/walk_corpus_2/Walk_sd_gpr_gpr_64__mem_MEM_a1__rust__all_constructed.lean:231:13: error: unsolved goals
        | EStateM.Result.error a a_1 => False
  sd_gpr_gpr_gpr_64__mem_MEM_a1__cpp__all_constructed FAILED      14.3s  a
      PseudoCoupHQ/Research/oracle/riscv/leanpath/walk_corpus_2/Walk_sd_gpr_gpr_gpr_64__mem_MEM_a1__cpp__all_constructed.lean:232:65: error: unexpected token ','; expected ']'
      PseudoCoupHQ/Research/oracle/riscv/leanpath/walk_corpus_2/Walk_sd_gpr_gpr_gpr_64__mem_MEM_a1__cpp__all_constructed.lean:231:13: error: unsolved goals
        | EStateM.Result.error a a_1 => False
  sd_gpr_gpr_gpr_64__mem_MEM_a1__rust__all_constructed FAILED      14.4s  a
      PseudoCoupHQ/Research/oracle/riscv/leanpath/walk_corpus_2/Walk_sd_gpr_gpr_gpr_64__mem_MEM_a1__rust__all_constructed.lean:232:65: error: unexpected token ','; expected ']'
      PseudoCoupHQ/Research/oracle/riscv/leanpath/walk_corpus_2/Walk_sd_gpr_gpr_gpr_64__mem_MEM_a1__rust__all_constructed.lean:231:13: error: unsolved goals
        | EStateM.Result.error a a_1 => False
  sd_gpr_gpr_imm_64__mem_MEM_a1__cpp__all_constructed FAILED      14.2s  a
      PseudoCoupHQ/Research/oracle/riscv/leanpath/walk_corpus_2/Walk_sd_gpr_gpr_imm_64__mem_MEM_a1__cpp__all_constructed.lean:232:65: error: unexpected token ','; expected ']'
      PseudoCoupHQ/Research/oracle/riscv/leanpath/walk_corpus_2/Walk_sd_gpr_gpr_imm_64__mem_MEM_a1__cpp__all_constructed.lean:231:13: error: unsolved goals
        | EStateM.Result.error a a_1 => False
  sd_gpr_gpr_imm_64__mem_MEM_a1__rust__all_constructed FAILED      14.2s  a
      PseudoCoupHQ/Research/oracle/riscv/leanpath/walk_corpus_2/Walk_sd_gpr_gpr_imm_64__mem_MEM_a1__rust__all_constructed.lean:232:65: error: unexpected token ','; expected ']'
      PseudoCoupHQ/Research/oracle/riscv/leanpath/walk_corpus_2/Walk_sd_gpr_gpr_imm_64__mem_MEM_a1__rust__all_constructed.lean:231:13: error: unsolved goals
        | EStateM.Result.error a a_1 => False
  sd_gpr_gpr_same_64__mem_MEM_a1__cpp__all_constructed FAILED      14.4s  a
      PseudoCoupHQ/Research/oracle/riscv/leanpath/walk_corpus_2/Walk_sd_gpr_gpr_same_64__mem_MEM_a1__cpp__all_constructed.lean:232:65: error: unexpected token ','; expected ']'
      PseudoCoupHQ/Research/oracle/riscv/leanpath/walk_corpus_2/Walk_sd_gpr_gpr_same_64__mem_MEM_a1__cpp__all_constructed.lean:231:13: error: unsolved goals
        | EStateM.Result.error a a_1 => False
  sd_gpr_gpr_same_64__mem_MEM_a1__rust__all_constructed FAILED      14.2s  a
      PseudoCoupHQ/Research/oracle/riscv/leanpath/walk_corpus_2/Walk_sd_gpr_gpr_same_64__mem_MEM_a1__rust__all_constructed.lean:232:65: error: unexpected token ','; expected ']'
      PseudoCoupHQ/Research/oracle/riscv/leanpath/walk_corpus_2/Walk_sd_gpr_gpr_same_64__mem_MEM_a1__rust__all_constructed.lean:231:13: error: unsolved goals
        | EStateM.Result.error a a_1 => False
  sd_gpr_imm_64__mem_MEM_0x3__cpp__all_constructed FAILED      14.2s  a
      PseudoCoupHQ/Research/oracle/riscv/leanpath/walk_corpus_2/Walk_sd_gpr_imm_64__mem_MEM_0x3__cpp__all_constructed.lean:232:65: error: unexpected token ','; expected ']'
      PseudoCoupHQ/Research/oracle/riscv/leanpath/walk_corpus_2/Walk_sd_gpr_imm_64__mem_MEM_0x3__cpp__all_constructed.lean:231:13: error: unsolved goals
        | EStateM.Result.error a a_1 => False
  sd_gpr_imm_64__mem_MEM_0x3__rust__all_constructed FAILED      14.4s  a
      PseudoCoupHQ/Research/oracle/riscv/leanpath/walk_corpus_2/Walk_sd_gpr_imm_64__mem_MEM_0x3__rust__all_constructed.lean:232:65: error: unexpected token ','; expected ']'
      PseudoCoupHQ/Research/oracle/riscv/leanpath/walk_corpus_2/Walk_sd_gpr_imm_64__mem_MEM_0x3__rust__all_constructed.lean:231:13: error: unsolved goals
        | EStateM.Result.error a a_1 => False
  sd_gpr_mem_64__mem_MEM_0x0_a1___cpp__all_constructed FAILED      14.3s  a
      PseudoCoupHQ/Research/oracle/riscv/leanpath/walk_corpus_2/Walk_sd_gpr_mem_64__mem_MEM_0x0_a1___cpp__all_constructed.lean:232:65: error: unexpected token ','; expected ']'
      PseudoCoupHQ/Research/oracle/riscv/leanpath/walk_corpus_2/Walk_sd_gpr_mem_64__mem_MEM_0x0_a1___cpp__all_constructed.lean:231:13: error: unsolved goals
        | EStateM.Result.error a a_1 => False
  sd_gpr_mem_64__mem_MEM_0x0_a1___rust__all_constructed FAILED      14.4s  a
      PseudoCoupHQ/Research/oracle/riscv/leanpath/walk_corpus_2/Walk_sd_gpr_mem_64__mem_MEM_0x0_a1___rust__all_constructed.lean:232:65: error: unexpected token ','; expected ']'
      PseudoCoupHQ/Research/oracle/riscv/leanpath/walk_corpus_2/Walk_sd_gpr_mem_64__mem_MEM_0x0_a1___rust__all_constructed.lean:231:13: error: unsolved goals
        | EStateM.Result.error a a_1 => False
  sll_gpr_gpr_gpr_64__reg_a0__cpp__all_constructed CERTIFIED   16.1s  (pure_RTYPE ((pure_RTYPE ((pure_RTYPE ((pure_RTYPE ((pure_RTYPE ((pure_RTYPE (a) ((pure_IT
  sll_gpr_gpr_gpr_64__reg_a0__rust__all_constructed CERTIFIED   16.2s  (pure_RTYPE ((pure_RTYPE ((pure_RTYPE ((pure_RTYPE ((pure_RTYPE ((pure_RTYPE (a) ((pure_IT
  sll_gpr_gpr_same_64__reg_a0__cpp__all_constructed CERTIFIED   15.8s  (pure_RTYPE ((pure_RTYPE ((pure_RTYPE ((pure_RTYPE ((pure_RTYPE ((pure_RTYPE (a) ((pure_IT
  sll_gpr_gpr_same_64__reg_a0__rust__all_constructed CERTIFIED   15.8s  (pure_RTYPE ((pure_RTYPE ((pure_RTYPE ((pure_RTYPE ((pure_RTYPE ((pure_RTYPE (a) ((pure_IT
  slli_gpr_gpr_imm_64__reg_a0__cpp__all_constructed CERTIFIED   14.8s  (pure_SHIFTIOP (a) ((0x03#6)) (SLLI))
  slli_gpr_gpr_imm_64__reg_a0__rust__all_constructed CERTIFIED   14.8s  (pure_SHIFTIOP (a) ((0x03#6)) (SLLI))
  slliw_gpr_gpr_imm_32__reg_a0__cpp__all_constructed CERTIFIED   14.9s  (pure_SHIFTIWOP (a) (0x03#5) (LeanIM.sopw.SLLIW))
  slliw_gpr_gpr_imm_32__reg_a0__rust__all_constructed CERTIFIED   14.9s  (pure_SHIFTIWOP (a) (0x03#5) (LeanIM.sopw.SLLIW))
  sllw_gpr_gpr_gpr_32__reg_a0__cpp__all_constructed CERTIFIED   20.6s  (pure_ZBA_RTYPEUW ((pure_RTYPEW ((pure_RTYPEW ((pure_RTYPEW ((pure_RTYPEW ((pure_RTYPEW (a
  sllw_gpr_gpr_gpr_32__reg_a0__rust__all_constructed CERTIFIED   20.1s  (pure_RTYPE ((pure_RTYPE ((pure_SHIFTIOP ((pure_SHIFTIOP ((pure_RTYPEW ((pure_RTYPEW ((pur
  sllw_gpr_gpr_same_32__reg_a0__cpp__all_constructed CERTIFIED   20.3s  (pure_ZBA_RTYPEUW ((pure_RTYPEW ((pure_RTYPEW ((pure_RTYPEW ((pure_RTYPEW ((pure_RTYPEW (a
  sllw_gpr_gpr_same_32__reg_a0__rust__all_constructed CERTIFIED   19.9s  (pure_RTYPE ((pure_RTYPE ((pure_SHIFTIOP ((pure_SHIFTIOP ((pure_RTYPEW ((pure_RTYPEW ((pur
  slt_gpr_gpr_gpr_64__reg_a0__rust__all_constructed CERTIFIED   26.2s  (pure_SHIFTIOP ((pure_ITYPE ((pure_RTYPE ((pure_RTYPE ((pure_RTYPE ((pure_RTYPE ((pure_RTY
  slt_gpr_gpr_same_64__reg_a0__cpp__all_constructed CERTIFIED   14.6s  (pure_ITYPE (zero_reg) (((sign_extend (m := 12) (0x00#6)))) (ADDI))
  slt_gpr_gpr_same_64__reg_a0__rust__all_constructed CERTIFIED   14.7s  (pure_ITYPE (zero_reg) (((sign_extend (m := 12) (0x00#6)))) (ADDI))
  slti_gpr_gpr_imm_64__reg_a0__rust__all_constructed CERTIFIED   20.0s  (pure_SHIFTIOP ((pure_ITYPE ((pure_RTYPE ((pure_RTYPE ((pure_RTYPE ((pure_RTYPE ((pure_RTY
  sltiu_gpr_gpr_imm_64__reg_a0__cpp__all_constructed CERTIFIED   17.7s  (pure_RTYPE ((pure_ZBB_RTYPE ((pure_SHIFTIOP ((pure_ITYPE (a) (0xfff#12) (LeanIM.iop.XORI)
  sltiu_gpr_gpr_imm_64__reg_a0__rust__all_constructed CERTIFIED   17.7s  (pure_RTYPE ((pure_RTYPE ((pure_ITYPE (a) (0xfff#12) (LeanIM.iop.XORI))) ((pure_SHIFTIOP (
  sltu_gpr_gpr_gpr_64__reg_a0__rust__all_constructed CERTIFIED   19.6s  (pure_SHIFTIOP ((pure_ITYPE ((pure_RTYPE ((pure_RTYPE ((pure_RTYPE ((pure_RTYPE ((pure_RTY
  sltu_gpr_gpr_same_64__reg_a0__cpp__all_constructed CERTIFIED   14.6s  (pure_ITYPE (zero_reg) (((sign_extend (m := 12) (0x00#6)))) (ADDI))
  sltu_gpr_gpr_same_64__reg_a0__rust__all_constructed CERTIFIED   14.9s  (pure_ITYPE (zero_reg) (((sign_extend (m := 12) (0x00#6)))) (ADDI))
  srai_gpr_gpr_imm_64__reg_a0__cpp__all_constructed CERTIFIED   15.4s  (pure_RTYPE ((pure_RTYPE ((pure_SHIFTIOP ((pure_SHIFTIOP (a) ((0x3f#6)) (SRLI))) ((0x3d#6)
  srai_gpr_gpr_imm_64__reg_a0__rust__all_constructed CERTIFIED   15.5s  (pure_RTYPE ((pure_RTYPE ((pure_SHIFTIOP ((pure_SHIFTIOP (a) ((0x3f#6)) (SRLI))) ((0x3d#6)
  sraiw_gpr_gpr_imm_32__reg_a0__cpp__all_constructed CERTIFIED   19.8s  (pure_RTYPE ((pure_SHIFTIOP ((pure_RTYPE ((pure_SHIFTIWOP (a) (0x1f#5) (LeanIM.sopw.SRLIW)
  sraiw_gpr_gpr_imm_32__reg_a0__rust__all_constructed CERTIFIED   19.1s  (pure_RTYPE ((pure_RTYPE ((pure_RTYPE ((pure_SHIFTIOP ((pure_SHIFTIWOP ((pure_SHIFTIOP (a)
  srl_gpr_gpr_gpr_64__reg_a0__cpp__all_constructed CERTIFIED   15.6s  (pure_RTYPE ((pure_RTYPE ((pure_RTYPE ((pure_RTYPE ((pure_RTYPE ((pure_RTYPE (a) ((pure_IT
  srl_gpr_gpr_gpr_64__reg_a0__rust__all_constructed CERTIFIED   15.7s  (pure_RTYPE ((pure_RTYPE ((pure_RTYPE ((pure_RTYPE ((pure_RTYPE ((pure_RTYPE (a) ((pure_IT
  srl_gpr_gpr_same_64__reg_a0__cpp__all_constructed CERTIFIED   15.8s  (pure_RTYPE ((pure_RTYPE ((pure_RTYPE ((pure_RTYPE ((pure_RTYPE ((pure_RTYPE (a) ((pure_IT
  srl_gpr_gpr_same_64__reg_a0__rust__all_constructed CERTIFIED   15.8s  (pure_RTYPE ((pure_RTYPE ((pure_RTYPE ((pure_RTYPE ((pure_RTYPE ((pure_RTYPE (a) ((pure_IT
  srli_gpr_gpr_imm_64__reg_a0__cpp__all_constructed CERTIFIED   14.7s  (pure_SHIFTIOP (a) ((0x03#6)) (SRLI))
  srli_gpr_gpr_imm_64__reg_a0__rust__all_constructed CERTIFIED   14.7s  (pure_SHIFTIOP (a) ((0x03#6)) (SRLI))
  srliw_gpr_gpr_imm_32__reg_a0__cpp__all_constructed CERTIFIED   14.7s  (pure_SHIFTIWOP (a) (0x03#5) (LeanIM.sopw.SRLIW))
  srliw_gpr_gpr_imm_32__reg_a0__rust__all_constructed CERTIFIED   14.8s  (pure_SHIFTIWOP (a) (0x03#5) (LeanIM.sopw.SRLIW))
  srlw_gpr_gpr_gpr_32__reg_a0__cpp__all_constructed CERTIFIED   20.4s  (pure_ZBA_RTYPEUW ((pure_RTYPEW ((pure_RTYPEW ((pure_RTYPEW ((pure_RTYPEW ((pure_RTYPEW (a
  srlw_gpr_gpr_gpr_32__reg_a0__rust__all_constructed CERTIFIED   20.0s  (pure_RTYPE ((pure_RTYPE ((pure_SHIFTIOP ((pure_SHIFTIOP ((pure_RTYPEW ((pure_RTYPEW ((pur
  srlw_gpr_gpr_same_32__reg_a0__rust__all_constructed CERTIFIED   20.2s  (pure_RTYPE ((pure_RTYPE ((pure_SHIFTIOP ((pure_SHIFTIOP ((pure_RTYPEW ((pure_RTYPEW ((pur
  sub_gpr_gpr_same_64__reg_a0__cpp__all_constructed CERTIFIED   14.8s  (pure_ITYPE (zero_reg) (((sign_extend (m := 12) (0x00#6)))) (ADDI))
  sub_gpr_gpr_same_64__reg_a0__rust__all_constructed CERTIFIED   14.8s  (pure_ITYPE (zero_reg) (((sign_extend (m := 12) (0x00#6)))) (ADDI))
  subw_gpr_gpr_same_32__reg_a0__cpp__all_constructed CERTIFIED   14.9s  (pure_ITYPE (zero_reg) (((sign_extend (m := 12) (0x00#6)))) (ADDI))
  subw_gpr_gpr_same_32__reg_a0__rust__all_constructed CERTIFIED   14.8s  (pure_ITYPE (zero_reg) (((sign_extend (m := 12) (0x00#6)))) (ADDI))
  sw_gpr_fpr_32__mem_MEM_fa1__cpp__all_constructed CERTIFIED   14.9s  (pure_ZBA_RTYPEUW (b) ((pure_SHIFTIOP ((pure_SHIFTIOP (a) ((0x20#6)) (SRLI))) ((0x20#6)) (
  sw_gpr_fpr_32__mem_MEM_fa1__rust__all_constructed CERTIFIED   15.4s  (pure_RTYPE ((pure_SHIFTIOP ((pure_SHIFTIOP (a) ((0x20#6)) (SRLI))) ((0x20#6)) (SLLI))) ((
  sw_gpr_fpr_fpr_32__mem_MEM_fa1__cpp__all_constructed CERTIFIED   14.9s  (pure_ZBA_RTYPEUW (b) ((pure_SHIFTIOP ((pure_SHIFTIOP (a) ((0x20#6)) (SRLI))) ((0x20#6)) (
  sw_gpr_fpr_fpr_32__mem_MEM_fa1__rust__all_constructed CERTIFIED   15.3s  (pure_RTYPE ((pure_SHIFTIOP ((pure_SHIFTIOP (a) ((0x20#6)) (SRLI))) ((0x20#6)) (SLLI))) ((
  sw_gpr_gpr_32__mem_MEM_a1__cpp__all_constructed CERTIFIED   15.1s  (pure_ZBA_RTYPEUW (b) ((pure_SHIFTIOP ((pure_SHIFTIOP (a) ((0x20#6)) (SRLI))) ((0x20#6)) (
  sw_gpr_gpr_32__mem_MEM_a1__rust__all_constructed CERTIFIED   15.2s  (pure_RTYPE ((pure_SHIFTIOP ((pure_SHIFTIOP (a) ((0x20#6)) (SRLI))) ((0x20#6)) (SLLI))) ((
  sw_gpr_gpr_gpr_32__mem_MEM_a1__cpp__all_constructed CERTIFIED   15.0s  (pure_ZBA_RTYPEUW (b) ((pure_SHIFTIOP ((pure_SHIFTIOP (a) ((0x20#6)) (SRLI))) ((0x20#6)) (
  sw_gpr_gpr_gpr_32__mem_MEM_a1__rust__all_constructed CERTIFIED   15.1s  (pure_RTYPE ((pure_SHIFTIOP ((pure_SHIFTIOP (a) ((0x20#6)) (SRLI))) ((0x20#6)) (SLLI))) ((
  sw_gpr_gpr_imm_32__mem_MEM_a1__cpp__all_constructed CERTIFIED   14.9s  (pure_ZBA_RTYPEUW (b) ((pure_SHIFTIOP ((pure_SHIFTIOP (a) ((0x20#6)) (SRLI))) ((0x20#6)) (
  sw_gpr_gpr_imm_32__mem_MEM_a1__rust__all_constructed CERTIFIED   15.2s  (pure_RTYPE ((pure_SHIFTIOP ((pure_SHIFTIOP (a) ((0x20#6)) (SRLI))) ((0x20#6)) (SLLI))) ((
  sw_gpr_gpr_same_32__mem_MEM_a1__cpp__all_constructed CERTIFIED   15.0s  (pure_ZBA_RTYPEUW (b) ((pure_SHIFTIOP ((pure_SHIFTIOP (a) ((0x20#6)) (SRLI))) ((0x20#6)) (
  sw_gpr_gpr_same_32__mem_MEM_a1__rust__all_constructed CERTIFIED   15.1s  (pure_RTYPE ((pure_SHIFTIOP ((pure_SHIFTIOP (a) ((0x20#6)) (SRLI))) ((0x20#6)) (SLLI))) ((
  sw_gpr_imm_32__mem_MEM_0x3__cpp__all_constructed CERTIFIED   15.0s  (pure_ZBA_RTYPEUW (b) ((pure_SHIFTIOP ((pure_SHIFTIOP (a) ((0x20#6)) (SRLI))) ((0x20#6)) (
  sw_gpr_imm_32__mem_MEM_0x3__rust__all_constructed CERTIFIED   15.2s  (pure_RTYPE ((pure_SHIFTIOP ((pure_SHIFTIOP (a) ((0x20#6)) (SRLI))) ((0x20#6)) (SLLI))) ((
  sw_gpr_mem_32__mem_MEM_0x0_a1___cpp__all_constructed CERTIFIED   14.9s  (pure_ZBA_RTYPEUW (b) ((pure_SHIFTIOP ((pure_SHIFTIOP (a) ((0x20#6)) (SRLI))) ((0x20#6)) (
  sw_gpr_mem_32__mem_MEM_0x0_a1___rust__all_constructed CERTIFIED   15.2s  (pure_RTYPE ((pure_SHIFTIOP ((pure_SHIFTIOP (a) ((0x20#6)) (SRLI))) ((0x20#6)) (SLLI))) ((
  xor_gpr_gpr_gpr_64__reg_a0__cpp__all_constructed CERTIFIED   14.8s  (pure_RTYPE (a) (b) (XOR))
  xor_gpr_gpr_gpr_64__reg_a0__rust__all_constructed CERTIFIED   14.8s  (pure_RTYPE (a) (b) (XOR))
  xor_gpr_gpr_same_64__reg_a0__cpp__all_constructed CERTIFIED   14.7s  (pure_ITYPE (zero_reg) (((sign_extend (m := 12) (0x00#6)))) (ADDI))
  xor_gpr_gpr_same_64__reg_a0__rust__all_constructed CERTIFIED   14.6s  (pure_ITYPE (zero_reg) (((sign_extend (m := 12) (0x00#6)))) (ADDI))
  xori_gpr_gpr_imm_64__reg_a0__cpp__all_constructed CERTIFIED   14.7s  (pure_ITYPE (a) (0x003#12) (LeanIM.iop.XORI))
  xori_gpr_gpr_imm_64__reg_a0__rust__all_constructed CERTIFIED   14.3s  (pure_ITYPE (a) (0x003#12) (LeanIM.iop.XORI))
  walk: certified 256, failed 98, refused 136, of 490
