pabsb_a|low|660f381cc1
pabsb_a|r14|66450f381cf7
vpabsb_a|low|CUT|VEX/EVEX prefix encoding not cut (SIMD path). Invariant 'no AVX instruction is reached' has been violated.
vpabsb_a|r14|CUT|VEX/EVEX prefix encoding not cut (SIMD path). Invariant 'no AVX instruction is reached' has been violated.
pabsw_a|low|660f381dc1
pabsw_a|r14|66450f381df7
vpabsw_a|low|CUT|VEX/EVEX prefix encoding not cut (SIMD path). Invariant 'no AVX instruction is reached' has been violated.
vpabsw_a|r14|CUT|VEX/EVEX prefix encoding not cut (SIMD path). Invariant 'no AVX instruction is reached' has been violated.
pabsd_a|low|660f381ec1
pabsd_a|r14|66450f381ef7
vpabsd_a|low|CUT|VEX/EVEX prefix encoding not cut (SIMD path). Invariant 'no AVX instruction is reached' has been violated.
vpabsd_a|r14|CUT|VEX/EVEX prefix encoding not cut (SIMD path). Invariant 'no AVX instruction is reached' has been violated.
vpabsd_c|low|CUT|VEX/EVEX prefix encoding not cut (SIMD path). Invariant 'no AVX instruction is reached' has been violated.
vpabsd_c|r14|CUT|VEX/EVEX prefix encoding not cut (SIMD path). Invariant 'no AVX instruction is reached' has been violated.
vpabsq_c|low|CUT|VEX/EVEX prefix encoding not cut (SIMD path). Invariant 'no AVX instruction is reached' has been violated.
vpabsq_c|r14|CUT|VEX/EVEX prefix encoding not cut (SIMD path). Invariant 'no AVX instruction is reached' has been violated.
addb_i|low|0412
addb_i|r14|0412
addw_i|low|66053412
addw_i|r14|66053412
addl_i|low|0534120000
addl_i|r14|0534120000
addq_i_sxl|low|480534120000
addq_i_sxl|r14|480534120000
addb_mi|low|80c012
addb_mi|r14|4180c612
addw_mi|low|6681c03412
addw_mi|r14|664181c63412
addl_mi|low|81c034120000
addl_mi|r14|4181c634120000
addq_mi_sxl|low|4881c034120000
addq_mi_sxl|r14|4981c634120000
addl_mi_sxb|low|83c012
addl_mi_sxb|r14|4183c612
addq_mi_sxb|low|4883c012
addq_mi_sxb|r14|4983c612
addb_mr|low|4000f0
addb_mr|r14|4500fe
addw_mr|low|6601f0
addw_mr|r14|664501fe
addl_mr|low|01f0
addl_mr|r14|4501fe
addq_mr|low|4801f0
addq_mr|r14|4d01fe
addb_rm|low|4002c6
addb_rm|r14|4502f7
addw_rm|low|6603c6
addw_rm|r14|664503f7
addl_rm|low|03c6
addl_rm|r14|4503f7
addq_rm|low|4803c6
addq_rm|r14|4d03f7
adcb_i|low|1412
adcb_i|r14|1412
adcw_i|low|66153412
adcw_i|r14|66153412
adcl_i|low|1534120000
adcl_i|r14|1534120000
adcq_i_sxl|low|481534120000
adcq_i_sxl|r14|481534120000
adcb_mi|low|80d012
adcb_mi|r14|4180d612
adcw_mi|low|6681d03412
adcw_mi|r14|664181d63412
adcl_mi|low|81d034120000
adcl_mi|r14|4181d634120000
adcq_mi_sxl|low|4881d034120000
adcq_mi_sxl|r14|4981d634120000
adcl_mi_sxb|low|83d012
adcl_mi_sxb|r14|4183d612
adcq_mi_sxb|low|4883d012
adcq_mi_sxb|r14|4983d612
adcb_mr|low|4010f0
adcb_mr|r14|4510fe
adcw_mr|low|6611f0
adcw_mr|r14|664511fe
adcl_mr|low|11f0
adcl_mr|r14|4511fe
adcq_mr|low|4811f0
adcq_mr|r14|4d11fe
adcb_rm|low|4012c6
adcb_rm|r14|4512f7
adcw_rm|low|6613c6
adcw_rm|r14|664513f7
adcl_rm|low|13c6
adcl_rm|r14|4513f7
adcq_rm|low|4813c6
adcq_rm|r14|4d13f7
addss_a|low|f30f58c1
addss_a|r14|f3450f58f7
addsd_a|low|f20f58c1
addsd_a|r14|f2450f58f7
addps_a|low|0f58c1
addps_a|r14|450f58f7
addpd_a|low|660f58c1
addpd_a|r14|66450f58f7
paddb_a|low|660ffcc1
paddb_a|r14|66450ffcf7
paddw_a|low|660ffdc1
paddw_a|r14|66450ffdf7
paddd_a|low|660ffec1
paddd_a|r14|66450ffef7
paddq_a|low|660fd4c1
paddq_a|r14|66450fd4f7
paddsb_a|low|660fecc1
paddsb_a|r14|66450fecf7
paddsw_a|low|660fedc1
paddsw_a|r14|66450fedf7
paddusb_a|low|660fdcc1
paddusb_a|r14|66450fdcf7
paddusw_a|low|660fddc1
paddusw_a|r14|66450fddf7
phaddw_a|low|660f3801c1
phaddw_a|r14|66450f3801f7
phaddd_a|low|660f3802c1
phaddd_a|r14|66450f3802f7
vaddss_b|low|CUT|VEX/EVEX prefix encoding not cut (SIMD path). Invariant 'no AVX instruction is reached' has been violated.
vaddss_b|r14|CUT|VEX/EVEX prefix encoding not cut (SIMD path). Invariant 'no AVX instruction is reached' has been violated.
vaddsd_b|low|CUT|VEX/EVEX prefix encoding not cut (SIMD path). Invariant 'no AVX instruction is reached' has been violated.
vaddsd_b|r14|CUT|VEX/EVEX prefix encoding not cut (SIMD path). Invariant 'no AVX instruction is reached' has been violated.
vaddps_b|low|CUT|VEX/EVEX prefix encoding not cut (SIMD path). Invariant 'no AVX instruction is reached' has been violated.
vaddps_b|r14|CUT|VEX/EVEX prefix encoding not cut (SIMD path). Invariant 'no AVX instruction is reached' has been violated.
vaddpd_b|low|CUT|VEX/EVEX prefix encoding not cut (SIMD path). Invariant 'no AVX instruction is reached' has been violated.
vaddpd_b|r14|CUT|VEX/EVEX prefix encoding not cut (SIMD path). Invariant 'no AVX instruction is reached' has been violated.
vpaddb_b|low|CUT|VEX/EVEX prefix encoding not cut (SIMD path). Invariant 'no AVX instruction is reached' has been violated.
vpaddb_b|r14|CUT|VEX/EVEX prefix encoding not cut (SIMD path). Invariant 'no AVX instruction is reached' has been violated.
vpaddw_b|low|CUT|VEX/EVEX prefix encoding not cut (SIMD path). Invariant 'no AVX instruction is reached' has been violated.
vpaddw_b|r14|CUT|VEX/EVEX prefix encoding not cut (SIMD path). Invariant 'no AVX instruction is reached' has been violated.
vpaddd_b|low|CUT|VEX/EVEX prefix encoding not cut (SIMD path). Invariant 'no AVX instruction is reached' has been violated.
vpaddd_b|r14|CUT|VEX/EVEX prefix encoding not cut (SIMD path). Invariant 'no AVX instruction is reached' has been violated.
vpaddq_b|low|CUT|VEX/EVEX prefix encoding not cut (SIMD path). Invariant 'no AVX instruction is reached' has been violated.
vpaddq_b|r14|CUT|VEX/EVEX prefix encoding not cut (SIMD path). Invariant 'no AVX instruction is reached' has been violated.
vpaddsb_b|low|CUT|VEX/EVEX prefix encoding not cut (SIMD path). Invariant 'no AVX instruction is reached' has been violated.
vpaddsb_b|r14|CUT|VEX/EVEX prefix encoding not cut (SIMD path). Invariant 'no AVX instruction is reached' has been violated.
vpaddsw_b|low|CUT|VEX/EVEX prefix encoding not cut (SIMD path). Invariant 'no AVX instruction is reached' has been violated.
vpaddsw_b|r14|CUT|VEX/EVEX prefix encoding not cut (SIMD path). Invariant 'no AVX instruction is reached' has been violated.
vpaddusb_b|low|CUT|VEX/EVEX prefix encoding not cut (SIMD path). Invariant 'no AVX instruction is reached' has been violated.
vpaddusb_b|r14|CUT|VEX/EVEX prefix encoding not cut (SIMD path). Invariant 'no AVX instruction is reached' has been violated.
vpaddusw_b|low|CUT|VEX/EVEX prefix encoding not cut (SIMD path). Invariant 'no AVX instruction is reached' has been violated.
vpaddusw_b|r14|CUT|VEX/EVEX prefix encoding not cut (SIMD path). Invariant 'no AVX instruction is reached' has been violated.
vphaddw_b|low|CUT|VEX/EVEX prefix encoding not cut (SIMD path). Invariant 'no AVX instruction is reached' has been violated.
vphaddw_b|r14|CUT|VEX/EVEX prefix encoding not cut (SIMD path). Invariant 'no AVX instruction is reached' has been violated.
vphaddd_b|low|CUT|VEX/EVEX prefix encoding not cut (SIMD path). Invariant 'no AVX instruction is reached' has been violated.
vphaddd_b|r14|CUT|VEX/EVEX prefix encoding not cut (SIMD path). Invariant 'no AVX instruction is reached' has been violated.
vaddpd_c|low|CUT|VEX/EVEX prefix encoding not cut (SIMD path). Invariant 'no AVX instruction is reached' has been violated.
vaddpd_c|r14|CUT|VEX/EVEX prefix encoding not cut (SIMD path). Invariant 'no AVX instruction is reached' has been violated.
palignr_a|low|660f3a0fc112
palignr_a|r14|66450f3a0ff712
vpalignr_b|low|CUT|VEX/EVEX prefix encoding not cut (SIMD path). Invariant 'no AVX instruction is reached' has been violated.
vpalignr_b|r14|CUT|VEX/EVEX prefix encoding not cut (SIMD path). Invariant 'no AVX instruction is reached' has been violated.
andb_i|low|2412
andb_i|r14|2412
andw_i|low|66253412
andw_i|r14|66253412
andl_i|low|2534120000
andl_i|r14|2534120000
andq_i_sxl|low|482534120000
andq_i_sxl|r14|482534120000
andb_mi|low|4080e012
andb_mi|r14|4180e612
andw_mi|low|6681e03412
andw_mi|r14|664181e63412
andl_mi|low|81e034120000
andl_mi|r14|4181e634120000
andq_mi_sxl|low|4881e034120000
andq_mi_sxl|r14|4981e634120000
andl_mi_sxb|low|83e012
andl_mi_sxb|r14|4183e612
andq_mi_sxb|low|4883e012
andq_mi_sxb|r14|4983e612
andb_mr|low|4020f0
andb_mr|r14|4520fe
andw_mr|low|6621f0
andw_mr|r14|664521fe
andl_mr|low|21f0
andl_mr|r14|4521fe
andq_mr|low|4821f0
andq_mr|r14|4d21fe
andb_rm|low|4022c6
andb_rm|r14|4522f7
andw_rm|low|6623c6
andw_rm|r14|664523f7
andl_rm|low|23c6
andl_rm|r14|4523f7
andq_rm|low|4823c6
andq_rm|r14|4d23f7
andnl_rvm|low|CUT|VEX/EVEX prefix encoding not cut (SIMD path). Invariant 'no AVX instruction is reached' has been violated.
andnl_rvm|r14|CUT|VEX/EVEX prefix encoding not cut (SIMD path). Invariant 'no AVX instruction is reached' has been violated.
andnq_rvm|low|CUT|VEX/EVEX prefix encoding not cut (SIMD path). Invariant 'no AVX instruction is reached' has been violated.
andnq_rvm|r14|CUT|VEX/EVEX prefix encoding not cut (SIMD path). Invariant 'no AVX instruction is reached' has been violated.
andps_a|low|0f54c1
andps_a|r14|450f54f7
andpd_a|low|660f54c1
andpd_a|r14|66450f54f7
andnps_a|low|0f55c1
andnps_a|r14|450f55f7
andnpd_a|low|660f55c1
andnpd_a|r14|66450f55f7
pand_a|low|660fdbc1
pand_a|r14|66450fdbf7
pandn_a|low|660fdfc1
pandn_a|r14|66450fdff7
vandps_b|low|CUT|VEX/EVEX prefix encoding not cut (SIMD path). Invariant 'no AVX instruction is reached' has been violated.
vandps_b|r14|CUT|VEX/EVEX prefix encoding not cut (SIMD path). Invariant 'no AVX instruction is reached' has been violated.
vandpd_b|low|CUT|VEX/EVEX prefix encoding not cut (SIMD path). Invariant 'no AVX instruction is reached' has been violated.
vandpd_b|r14|CUT|VEX/EVEX prefix encoding not cut (SIMD path). Invariant 'no AVX instruction is reached' has been violated.
vandnps_b|low|CUT|VEX/EVEX prefix encoding not cut (SIMD path). Invariant 'no AVX instruction is reached' has been violated.
vandnps_b|r14|CUT|VEX/EVEX prefix encoding not cut (SIMD path). Invariant 'no AVX instruction is reached' has been violated.
vandnpd_b|low|CUT|VEX/EVEX prefix encoding not cut (SIMD path). Invariant 'no AVX instruction is reached' has been violated.
vandnpd_b|r14|CUT|VEX/EVEX prefix encoding not cut (SIMD path). Invariant 'no AVX instruction is reached' has been violated.
vpand_b|low|CUT|VEX/EVEX prefix encoding not cut (SIMD path). Invariant 'no AVX instruction is reached' has been violated.
vpand_b|r14|CUT|VEX/EVEX prefix encoding not cut (SIMD path). Invariant 'no AVX instruction is reached' has been violated.
vpandn_b|low|CUT|VEX/EVEX prefix encoding not cut (SIMD path). Invariant 'no AVX instruction is reached' has been violated.
vpandn_b|r14|CUT|VEX/EVEX prefix encoding not cut (SIMD path). Invariant 'no AVX instruction is reached' has been violated.
cmpxchgb_mr|low|400fb0f0
cmpxchgb_mr|r14|450fb0fe
cmpxchgw_mr|low|660fb1f0
cmpxchgw_mr|r14|66450fb1fe
cmpxchgl_mr|low|0fb1f0
cmpxchgl_mr|r14|450fb1fe
cmpxchgq_mr|low|480fb1f0
cmpxchgq_mr|r14|4d0fb1fe
pavgb_a|low|660fe0c1
pavgb_a|r14|66450fe0f7
pavgw_a|low|660fe3c1
pavgw_a|r14|66450fe3f7
vpavgb_b|low|CUT|VEX/EVEX prefix encoding not cut (SIMD path). Invariant 'no AVX instruction is reached' has been violated.
vpavgb_b|r14|CUT|VEX/EVEX prefix encoding not cut (SIMD path). Invariant 'no AVX instruction is reached' has been violated.
vpavgw_b|low|CUT|VEX/EVEX prefix encoding not cut (SIMD path). Invariant 'no AVX instruction is reached' has been violated.
vpavgw_b|r14|CUT|VEX/EVEX prefix encoding not cut (SIMD path). Invariant 'no AVX instruction is reached' has been violated.
bsfw_rm|low|660fbcc6
bsfw_rm|r14|66450fbcf7
bsfl_rm|low|0fbcc6
bsfl_rm|r14|450fbcf7
bsfq_rm|low|480fbcc6
bsfq_rm|r14|4d0fbcf7
bsrw_rm|low|660fbdc6
bsrw_rm|r14|66450fbdf7
bsrl_rm|low|0fbdc6
bsrl_rm|r14|450fbdf7
bsrq_rm|low|480fbdc6
bsrq_rm|r14|4d0fbdf7
tzcntw_a|low|f3660fbcc6
tzcntw_a|r14|f366450fbcf7
tzcntl_a|low|f30fbcc6
tzcntl_a|r14|f3450fbcf7
tzcntq_a|low|f3480fbcc6
tzcntq_a|r14|f34d0fbcf7
lzcntw_rm|low|f3660fbdc6
lzcntw_rm|r14|f366450fbdf7
lzcntl_rm|low|f30fbdc6
lzcntl_rm|r14|f3450fbdf7
lzcntq_rm|low|f3480fbdc6
lzcntq_rm|r14|f34d0fbdf7
popcntw_rm|low|f3660fb8c6
popcntw_rm|r14|f366450fb8f7
popcntl_rm|low|f30fb8c6
popcntl_rm|r14|f3450fb8f7
popcntq_rm|low|f3480fb8c6
popcntq_rm|r14|f34d0fb8f7
btw_mr|low|660fa3f0
btw_mr|r14|66450fa3fe
btl_mr|low|0fa3f0
btl_mr|r14|450fa3fe
btq_mr|low|480fa3f0
btq_mr|r14|4d0fa3fe
btw_mi|low|660fbae012
btw_mi|r14|66410fbae612
btl_mi|low|0fbae012
btl_mi|r14|410fbae612
btq_mi|low|480fbae012
btq_mi|r14|490fbae612
cbtw_zo|low|6698
cbtw_zo|r14|6698
cwtl_zo|low|98
cwtl_zo|r14|98
cltq_zo|low|4898
cltq_zo|r14|4898
cwtd_zo|low|6699
cwtd_zo|r14|6699
cltd_zo|low|99
cltd_zo|r14|99
cqto_zo|low|4899
cqto_zo|r14|4899
bswapl_o|low|0fc8
bswapl_o|r14|410fce
bswapq_o|low|480fc8
bswapq_o|r14|490fce
blsrl_vm|low|CUT|VEX/EVEX prefix encoding not cut (SIMD path). Invariant 'no AVX instruction is reached' has been violated.
blsrl_vm|r14|CUT|VEX/EVEX prefix encoding not cut (SIMD path). Invariant 'no AVX instruction is reached' has been violated.
blsrq_vm|low|CUT|VEX/EVEX prefix encoding not cut (SIMD path). Invariant 'no AVX instruction is reached' has been violated.
blsrq_vm|r14|CUT|VEX/EVEX prefix encoding not cut (SIMD path). Invariant 'no AVX instruction is reached' has been violated.
blsmskl_vm|low|CUT|VEX/EVEX prefix encoding not cut (SIMD path). Invariant 'no AVX instruction is reached' has been violated.
blsmskl_vm|r14|CUT|VEX/EVEX prefix encoding not cut (SIMD path). Invariant 'no AVX instruction is reached' has been violated.
blsmskq_vm|low|CUT|VEX/EVEX prefix encoding not cut (SIMD path). Invariant 'no AVX instruction is reached' has been violated.
blsmskq_vm|r14|CUT|VEX/EVEX prefix encoding not cut (SIMD path). Invariant 'no AVX instruction is reached' has been violated.
blsil_vm|low|CUT|VEX/EVEX prefix encoding not cut (SIMD path). Invariant 'no AVX instruction is reached' has been violated.
blsil_vm|r14|CUT|VEX/EVEX prefix encoding not cut (SIMD path). Invariant 'no AVX instruction is reached' has been violated.
blsiq_vm|low|CUT|VEX/EVEX prefix encoding not cut (SIMD path). Invariant 'no AVX instruction is reached' has been violated.
blsiq_vm|r14|CUT|VEX/EVEX prefix encoding not cut (SIMD path). Invariant 'no AVX instruction is reached' has been violated.
bzhil_rmv|low|CUT|VEX/EVEX prefix encoding not cut (SIMD path). Invariant 'no AVX instruction is reached' has been violated.
bzhil_rmv|r14|CUT|VEX/EVEX prefix encoding not cut (SIMD path). Invariant 'no AVX instruction is reached' has been violated.
bzhiq_rmv|low|CUT|VEX/EVEX prefix encoding not cut (SIMD path). Invariant 'no AVX instruction is reached' has been violated.
bzhiq_rmv|r14|CUT|VEX/EVEX prefix encoding not cut (SIMD path). Invariant 'no AVX instruction is reached' has been violated.
vpopcntb_a|low|CUT|VEX/EVEX prefix encoding not cut (SIMD path). Invariant 'no AVX instruction is reached' has been violated.
vpopcntb_a|r14|CUT|VEX/EVEX prefix encoding not cut (SIMD path). Invariant 'no AVX instruction is reached' has been violated.
vpopcntw_a|low|CUT|VEX/EVEX prefix encoding not cut (SIMD path). Invariant 'no AVX instruction is reached' has been violated.
vpopcntw_a|r14|CUT|VEX/EVEX prefix encoding not cut (SIMD path). Invariant 'no AVX instruction is reached' has been violated.
cmovaw_rm|low|660f47c6
cmovaw_rm|r14|66450f47f7
cmoval_rm|low|0f47c6
cmoval_rm|r14|450f47f7
cmovaq_rm|low|480f47c6
cmovaq_rm|r14|4d0f47f7
cmovaew_rm|low|660f43c6
cmovaew_rm|r14|66450f43f7
cmovael_rm|low|0f43c6
cmovael_rm|r14|450f43f7
cmovaeq_rm|low|480f43c6
cmovaeq_rm|r14|4d0f43f7
cmovbw_rm|low|660f42c6
cmovbw_rm|r14|66450f42f7
cmovbl_rm|low|0f42c6
cmovbl_rm|r14|450f42f7
cmovbq_rm|low|480f42c6
cmovbq_rm|r14|4d0f42f7
cmovbew_rm|low|660f46c6
cmovbew_rm|r14|66450f46f7
cmovbel_rm|low|0f46c6
cmovbel_rm|r14|450f46f7
cmovbeq_rm|low|480f46c6
cmovbeq_rm|r14|4d0f46f7
cmovew_rm|low|660f44c6
cmovew_rm|r14|66450f44f7
cmovel_rm|low|0f44c6
cmovel_rm|r14|450f44f7
cmoveq_rm|low|480f44c6
cmoveq_rm|r14|4d0f44f7
cmovgw_rm|low|660f4fc6
cmovgw_rm|r14|66450f4ff7
cmovgl_rm|low|0f4fc6
cmovgl_rm|r14|450f4ff7
cmovgq_rm|low|480f4fc6
cmovgq_rm|r14|4d0f4ff7
cmovgew_rm|low|660f4dc6
cmovgew_rm|r14|66450f4df7
cmovgel_rm|low|0f4dc6
cmovgel_rm|r14|450f4df7
cmovgeq_rm|low|480f4dc6
cmovgeq_rm|r14|4d0f4df7
cmovlw_rm|low|660f4cc6
cmovlw_rm|r14|66450f4cf7
cmovll_rm|low|0f4cc6
cmovll_rm|r14|450f4cf7
cmovlq_rm|low|480f4cc6
cmovlq_rm|r14|4d0f4cf7
cmovlew_rm|low|660f4ec6
cmovlew_rm|r14|66450f4ef7
cmovlel_rm|low|0f4ec6
cmovlel_rm|r14|450f4ef7
cmovleq_rm|low|480f4ec6
cmovleq_rm|r14|4d0f4ef7
cmovnew_rm|low|660f45c6
cmovnew_rm|r14|66450f45f7
cmovnel_rm|low|0f45c6
cmovnel_rm|r14|450f45f7
cmovneq_rm|low|480f45c6
cmovneq_rm|r14|4d0f45f7
cmovnow_rm|low|660f41c6
cmovnow_rm|r14|66450f41f7
cmovnol_rm|low|0f41c6
cmovnol_rm|r14|450f41f7
cmovnoq_rm|low|480f41c6
cmovnoq_rm|r14|4d0f41f7
cmovnpw_rm|low|660f4bc6
cmovnpw_rm|r14|66450f4bf7
cmovnpl_rm|low|0f4bc6
cmovnpl_rm|r14|450f4bf7
cmovnpq_rm|low|480f4bc6
cmovnpq_rm|r14|4d0f4bf7
cmovnsw_rm|low|660f49c6
cmovnsw_rm|r14|66450f49f7
cmovnsl_rm|low|0f49c6
cmovnsl_rm|r14|450f49f7
cmovnsq_rm|low|480f49c6
cmovnsq_rm|r14|4d0f49f7
cmovow_rm|low|660f40c6
cmovow_rm|r14|66450f40f7
cmovol_rm|low|0f40c6
cmovol_rm|r14|450f40f7
cmovoq_rm|low|480f40c6
cmovoq_rm|r14|4d0f40f7
cmovpw_rm|low|660f4ac6
cmovpw_rm|r14|66450f4af7
cmovpl_rm|low|0f4ac6
cmovpl_rm|r14|450f4af7
cmovpq_rm|low|480f4ac6
cmovpq_rm|r14|4d0f4af7
cmovsw_rm|low|660f48c6
cmovsw_rm|r14|66450f48f7
cmovsl_rm|low|0f48c6
cmovsl_rm|r14|450f48f7
cmovsq_rm|low|480f48c6
cmovsq_rm|r14|4d0f48f7
cmpb_i|low|3c12
cmpb_i|r14|3c12
cmpw_i|low|663d3412
cmpw_i|r14|663d3412
cmpl_i|low|3d34120000
cmpl_i|r14|3d34120000
cmpq_i|low|483d34120000
cmpq_i|r14|483d34120000
cmpb_mi|low|4080f812
cmpb_mi|r14|4180fe12
cmpw_mi|low|6681f83412
cmpw_mi|r14|664181fe3412
cmpl_mi|low|81f834120000
cmpl_mi|r14|4181fe34120000
cmpq_mi|low|4881f834120000
cmpq_mi|r14|4981fe34120000
cmpw_mi_sxb|low|6683f812
cmpw_mi_sxb|r14|664183fe12
cmpl_mi_sxb|low|83f812
cmpl_mi_sxb|r14|4183fe12
cmpq_mi_sxb|low|4883f812
cmpq_mi_sxb|r14|4983fe12
cmpb_mr|low|4038f0
cmpb_mr|r14|4538fe
cmpw_mr|low|6639f0
cmpw_mr|r14|664539fe
cmpl_mr|low|39f0
cmpl_mr|r14|4539fe
cmpq_mr|low|4839f0
cmpq_mr|r14|4d39fe
cmpb_rm|low|403ac6
cmpb_rm|r14|453af7
cmpw_rm|low|663bc6
cmpw_rm|r14|66453bf7
cmpl_rm|low|3bc6
cmpl_rm|r14|453bf7
cmpq_rm|low|483bc6
cmpq_rm|r14|4d3bf7
testb_i|low|a812
testb_i|r14|a812
testw_i|low|66a93412
testw_i|r14|66a93412
testl_i|low|a934120000
testl_i|r14|a934120000
testq_i|low|48a934120000
testq_i|r14|48a934120000
testb_mi|low|f6c012
testb_mi|r14|41f6c612
testw_mi|low|66f7c03412
testw_mi|r14|6641f7c63412
testl_mi|low|f7c034120000
testl_mi|r14|41f7c634120000
testq_mi|low|48f7c034120000
testq_mi|r14|49f7c634120000
testb_mr|low|4084f0
testb_mr|r14|4584fe
testw_mr|low|6685f0
testw_mr|r14|664585fe
testl_mr|low|85f0
testl_mr|r14|4585fe
testq_mr|low|4885f0
testq_mr|r14|4d85fe
ptest_rm|low|660f3817c1
ptest_rm|r14|66450f3817f7
vptest_rm|low|CUT|VEX/EVEX prefix encoding not cut (SIMD path). Invariant 'no AVX instruction is reached' has been violated.
vptest_rm|r14|CUT|VEX/EVEX prefix encoding not cut (SIMD path). Invariant 'no AVX instruction is reached' has been violated.
ucomiss_a|low|0f2ec1
ucomiss_a|r14|450f2ef7
ucomisd_a|low|660f2ec1
ucomisd_a|r14|66450f2ef7
vucomiss_a|low|CUT|VEX/EVEX prefix encoding not cut (SIMD path). Invariant 'no AVX instruction is reached' has been violated.
vucomiss_a|r14|CUT|VEX/EVEX prefix encoding not cut (SIMD path). Invariant 'no AVX instruction is reached' has been violated.
vucomisd_a|low|CUT|VEX/EVEX prefix encoding not cut (SIMD path). Invariant 'no AVX instruction is reached' has been violated.
vucomisd_a|r14|CUT|VEX/EVEX prefix encoding not cut (SIMD path). Invariant 'no AVX instruction is reached' has been violated.
cmpss_a|low|f30fc2c112
cmpss_a|r14|f3450fc2f712
cmpsd_a|low|f20fc2c112
cmpsd_a|r14|f2450fc2f712
cmpps_a|low|0fc2c112
cmpps_a|r14|450fc2f712
cmppd_a|low|660fc2c112
cmppd_a|r14|66450fc2f712
vcmpss_b|low|CUT|VEX/EVEX prefix encoding not cut (SIMD path). Invariant 'no AVX instruction is reached' has been violated.
vcmpss_b|r14|CUT|VEX/EVEX prefix encoding not cut (SIMD path). Invariant 'no AVX instruction is reached' has been violated.
vcmpsd_b|low|CUT|VEX/EVEX prefix encoding not cut (SIMD path). Invariant 'no AVX instruction is reached' has been violated.
vcmpsd_b|r14|CUT|VEX/EVEX prefix encoding not cut (SIMD path). Invariant 'no AVX instruction is reached' has been violated.
vcmpps_b|low|CUT|VEX/EVEX prefix encoding not cut (SIMD path). Invariant 'no AVX instruction is reached' has been violated.
vcmpps_b|r14|CUT|VEX/EVEX prefix encoding not cut (SIMD path). Invariant 'no AVX instruction is reached' has been violated.
vcmppd_b|low|CUT|VEX/EVEX prefix encoding not cut (SIMD path). Invariant 'no AVX instruction is reached' has been violated.
vcmppd_b|r14|CUT|VEX/EVEX prefix encoding not cut (SIMD path). Invariant 'no AVX instruction is reached' has been violated.
pcmpeqb_a|low|660f74c1
pcmpeqb_a|r14|66450f74f7
pcmpeqw_a|low|660f75c1
pcmpeqw_a|r14|66450f75f7
pcmpeqd_a|low|660f76c1
pcmpeqd_a|r14|66450f76f7
pcmpeqq_a|low|660f3829c1
pcmpeqq_a|r14|66450f3829f7
pcmpgtb_a|low|660f64c1
pcmpgtb_a|r14|66450f64f7
pcmpgtw_a|low|660f65c1
pcmpgtw_a|r14|66450f65f7
pcmpgtd_a|low|660f66c1
pcmpgtd_a|r14|66450f66f7
pcmpgtq_a|low|660f3837c1
pcmpgtq_a|r14|66450f3837f7
vpcmpeqb_b|low|CUT|VEX/EVEX prefix encoding not cut (SIMD path). Invariant 'no AVX instruction is reached' has been violated.
vpcmpeqb_b|r14|CUT|VEX/EVEX prefix encoding not cut (SIMD path). Invariant 'no AVX instruction is reached' has been violated.
vpcmpeqw_b|low|CUT|VEX/EVEX prefix encoding not cut (SIMD path). Invariant 'no AVX instruction is reached' has been violated.
vpcmpeqw_b|r14|CUT|VEX/EVEX prefix encoding not cut (SIMD path). Invariant 'no AVX instruction is reached' has been violated.
vpcmpeqd_b|low|CUT|VEX/EVEX prefix encoding not cut (SIMD path). Invariant 'no AVX instruction is reached' has been violated.
vpcmpeqd_b|r14|CUT|VEX/EVEX prefix encoding not cut (SIMD path). Invariant 'no AVX instruction is reached' has been violated.
vpcmpeqq_b|low|CUT|VEX/EVEX prefix encoding not cut (SIMD path). Invariant 'no AVX instruction is reached' has been violated.
vpcmpeqq_b|r14|CUT|VEX/EVEX prefix encoding not cut (SIMD path). Invariant 'no AVX instruction is reached' has been violated.
vpcmpgtb_b|low|CUT|VEX/EVEX prefix encoding not cut (SIMD path). Invariant 'no AVX instruction is reached' has been violated.
vpcmpgtb_b|r14|CUT|VEX/EVEX prefix encoding not cut (SIMD path). Invariant 'no AVX instruction is reached' has been violated.
vpcmpgtw_b|low|CUT|VEX/EVEX prefix encoding not cut (SIMD path). Invariant 'no AVX instruction is reached' has been violated.
vpcmpgtw_b|r14|CUT|VEX/EVEX prefix encoding not cut (SIMD path). Invariant 'no AVX instruction is reached' has been violated.
vpcmpgtd_b|low|CUT|VEX/EVEX prefix encoding not cut (SIMD path). Invariant 'no AVX instruction is reached' has been violated.
vpcmpgtd_b|r14|CUT|VEX/EVEX prefix encoding not cut (SIMD path). Invariant 'no AVX instruction is reached' has been violated.
vpcmpgtq_b|low|CUT|VEX/EVEX prefix encoding not cut (SIMD path). Invariant 'no AVX instruction is reached' has been violated.
vpcmpgtq_b|r14|CUT|VEX/EVEX prefix encoding not cut (SIMD path). Invariant 'no AVX instruction is reached' has been violated.
cvtps2pd_a|low|0f5ac1
cvtps2pd_a|r14|450f5af7
cvttps2dq_a|low|f30f5bc1
cvttps2dq_a|r14|f3450f5bf7
cvtss2sd_a|low|f30f5ac1
cvtss2sd_a|r14|f3450f5af7
cvtss2si_a|low|f30f2dc0
cvtss2si_a|r14|f3450f2df6
cvtss2si_aq|low|f3480f2dc0
cvtss2si_aq|r14|f34d0f2df6
cvttss2si_a|low|f30f2cc0
cvttss2si_a|r14|f3450f2cf6
cvttss2si_aq|low|f3480f2cc0
cvttss2si_aq|r14|f34d0f2cf6
vcvtps2pd_a|low|CUT|VEX/EVEX prefix encoding not cut (SIMD path). Invariant 'no AVX instruction is reached' has been violated.
vcvtps2pd_a|r14|CUT|VEX/EVEX prefix encoding not cut (SIMD path). Invariant 'no AVX instruction is reached' has been violated.
vcvttps2dq_a|low|CUT|VEX/EVEX prefix encoding not cut (SIMD path). Invariant 'no AVX instruction is reached' has been violated.
vcvttps2dq_a|r14|CUT|VEX/EVEX prefix encoding not cut (SIMD path). Invariant 'no AVX instruction is reached' has been violated.
vcvtss2sd_b|low|CUT|VEX/EVEX prefix encoding not cut (SIMD path). Invariant 'no AVX instruction is reached' has been violated.
vcvtss2sd_b|r14|CUT|VEX/EVEX prefix encoding not cut (SIMD path). Invariant 'no AVX instruction is reached' has been violated.
vcvtss2si_a|low|CUT|VEX/EVEX prefix encoding not cut (SIMD path). Invariant 'no AVX instruction is reached' has been violated.
vcvtss2si_a|r14|CUT|VEX/EVEX prefix encoding not cut (SIMD path). Invariant 'no AVX instruction is reached' has been violated.
vcvtss2si_aq|low|CUT|VEX/EVEX prefix encoding not cut (SIMD path). Invariant 'no AVX instruction is reached' has been violated.
vcvtss2si_aq|r14|CUT|VEX/EVEX prefix encoding not cut (SIMD path). Invariant 'no AVX instruction is reached' has been violated.
vcvttss2si_a|low|CUT|VEX/EVEX prefix encoding not cut (SIMD path). Invariant 'no AVX instruction is reached' has been violated.
vcvttss2si_a|r14|CUT|VEX/EVEX prefix encoding not cut (SIMD path). Invariant 'no AVX instruction is reached' has been violated.
vcvttss2si_aq|low|CUT|VEX/EVEX prefix encoding not cut (SIMD path). Invariant 'no AVX instruction is reached' has been violated.
vcvttss2si_aq|r14|CUT|VEX/EVEX prefix encoding not cut (SIMD path). Invariant 'no AVX instruction is reached' has been violated.
cvtpd2ps_a|low|660f5ac1
cvtpd2ps_a|r14|66450f5af7
cvttpd2dq_a|low|660fe6c1
cvttpd2dq_a|r14|66450fe6f7
cvtsd2ss_a|low|f20f5ac1
cvtsd2ss_a|r14|f2450f5af7
cvtsd2si_a|low|f20f2dc0
cvtsd2si_a|r14|f2450f2df6
cvtsd2si_aq|low|f2480f2dc0
cvtsd2si_aq|r14|f24d0f2df6
cvttsd2si_a|low|f20f2cc0
cvttsd2si_a|r14|f2450f2cf6
cvttsd2si_aq|low|f2480f2cc0
cvttsd2si_aq|r14|f24d0f2cf6
vcvtpd2ps_a|low|CUT|VEX/EVEX prefix encoding not cut (SIMD path). Invariant 'no AVX instruction is reached' has been violated.
vcvtpd2ps_a|r14|CUT|VEX/EVEX prefix encoding not cut (SIMD path). Invariant 'no AVX instruction is reached' has been violated.
vcvttpd2dq_a|low|CUT|VEX/EVEX prefix encoding not cut (SIMD path). Invariant 'no AVX instruction is reached' has been violated.
vcvttpd2dq_a|r14|CUT|VEX/EVEX prefix encoding not cut (SIMD path). Invariant 'no AVX instruction is reached' has been violated.
vcvtsd2ss_b|low|CUT|VEX/EVEX prefix encoding not cut (SIMD path). Invariant 'no AVX instruction is reached' has been violated.
vcvtsd2ss_b|r14|CUT|VEX/EVEX prefix encoding not cut (SIMD path). Invariant 'no AVX instruction is reached' has been violated.
vcvtsd2si_a|low|CUT|VEX/EVEX prefix encoding not cut (SIMD path). Invariant 'no AVX instruction is reached' has been violated.
vcvtsd2si_a|r14|CUT|VEX/EVEX prefix encoding not cut (SIMD path). Invariant 'no AVX instruction is reached' has been violated.
vcvtsd2si_aq|low|CUT|VEX/EVEX prefix encoding not cut (SIMD path). Invariant 'no AVX instruction is reached' has been violated.
vcvtsd2si_aq|r14|CUT|VEX/EVEX prefix encoding not cut (SIMD path). Invariant 'no AVX instruction is reached' has been violated.
vcvttsd2si_a|low|CUT|VEX/EVEX prefix encoding not cut (SIMD path). Invariant 'no AVX instruction is reached' has been violated.
vcvttsd2si_a|r14|CUT|VEX/EVEX prefix encoding not cut (SIMD path). Invariant 'no AVX instruction is reached' has been violated.
vcvttsd2si_aq|low|CUT|VEX/EVEX prefix encoding not cut (SIMD path). Invariant 'no AVX instruction is reached' has been violated.
vcvttsd2si_aq|r14|CUT|VEX/EVEX prefix encoding not cut (SIMD path). Invariant 'no AVX instruction is reached' has been violated.
cvtdq2ps_a|low|0f5bc1
cvtdq2ps_a|r14|450f5bf7
cvtdq2pd_a|low|f30fe6c1
cvtdq2pd_a|r14|f3450fe6f7
cvtsi2ssl_a|low|f30f2ac0
cvtsi2ssl_a|r14|f3450f2af6
cvtsi2ssq_a|low|f3480f2ac0
cvtsi2ssq_a|r14|f34d0f2af6
cvtsi2sdl_a|low|f20f2ac0
cvtsi2sdl_a|r14|f2450f2af6
cvtsi2sdq_a|low|f2480f2ac0
cvtsi2sdq_a|r14|f24d0f2af6
vcvtdq2pd_a|low|CUT|VEX/EVEX prefix encoding not cut (SIMD path). Invariant 'no AVX instruction is reached' has been violated.
vcvtdq2pd_a|r14|CUT|VEX/EVEX prefix encoding not cut (SIMD path). Invariant 'no AVX instruction is reached' has been violated.
vcvtdq2ps_a|low|CUT|VEX/EVEX prefix encoding not cut (SIMD path). Invariant 'no AVX instruction is reached' has been violated.
vcvtdq2ps_a|r14|CUT|VEX/EVEX prefix encoding not cut (SIMD path). Invariant 'no AVX instruction is reached' has been violated.
vcvtsi2sdl_b|low|CUT|VEX/EVEX prefix encoding not cut (SIMD path). Invariant 'no AVX instruction is reached' has been violated.
vcvtsi2sdl_b|r14|CUT|VEX/EVEX prefix encoding not cut (SIMD path). Invariant 'no AVX instruction is reached' has been violated.
vcvtsi2sdq_b|low|CUT|VEX/EVEX prefix encoding not cut (SIMD path). Invariant 'no AVX instruction is reached' has been violated.
vcvtsi2sdq_b|r14|CUT|VEX/EVEX prefix encoding not cut (SIMD path). Invariant 'no AVX instruction is reached' has been violated.
vcvtsi2ssl_b|low|CUT|VEX/EVEX prefix encoding not cut (SIMD path). Invariant 'no AVX instruction is reached' has been violated.
vcvtsi2ssl_b|r14|CUT|VEX/EVEX prefix encoding not cut (SIMD path). Invariant 'no AVX instruction is reached' has been violated.
vcvtsi2ssq_b|low|CUT|VEX/EVEX prefix encoding not cut (SIMD path). Invariant 'no AVX instruction is reached' has been violated.
vcvtsi2ssq_b|r14|CUT|VEX/EVEX prefix encoding not cut (SIMD path). Invariant 'no AVX instruction is reached' has been violated.
vcvtudq2ps_a|low|CUT|VEX/EVEX prefix encoding not cut (SIMD path). Invariant 'no AVX instruction is reached' has been violated.
vcvtudq2ps_a|r14|CUT|VEX/EVEX prefix encoding not cut (SIMD path). Invariant 'no AVX instruction is reached' has been violated.
divb_m|low|40f6f0
divb_m|r14|41f6f6
divw_m|low|66f7f0
divw_m|r14|6641f7f6
divl_m|low|f7f0
divl_m|r14|41f7f6
divq_m|low|48f7f0
divq_m|r14|49f7f6
idivb_m|low|40f6f8
idivb_m|r14|41f6fe
idivw_m|low|66f7f8
idivw_m|r14|6641f7fe
idivl_m|low|f7f8
idivl_m|r14|41f7fe
idivq_m|low|48f7f8
idivq_m|r14|49f7fe
divss_a|low|f30f5ec1
divss_a|r14|f3450f5ef7
divsd_a|low|f20f5ec1
divsd_a|r14|f2450f5ef7
divps_a|low|0f5ec1
divps_a|r14|450f5ef7
divpd_a|low|660f5ec1
divpd_a|r14|66450f5ef7
vdivss_b|low|CUT|VEX/EVEX prefix encoding not cut (SIMD path). Invariant 'no AVX instruction is reached' has been violated.
vdivss_b|r14|CUT|VEX/EVEX prefix encoding not cut (SIMD path). Invariant 'no AVX instruction is reached' has been violated.
vdivsd_b|low|CUT|VEX/EVEX prefix encoding not cut (SIMD path). Invariant 'no AVX instruction is reached' has been violated.
vdivsd_b|r14|CUT|VEX/EVEX prefix encoding not cut (SIMD path). Invariant 'no AVX instruction is reached' has been violated.
vdivps_b|low|CUT|VEX/EVEX prefix encoding not cut (SIMD path). Invariant 'no AVX instruction is reached' has been violated.
vdivps_b|r14|CUT|VEX/EVEX prefix encoding not cut (SIMD path). Invariant 'no AVX instruction is reached' has been violated.
vdivpd_b|low|CUT|VEX/EVEX prefix encoding not cut (SIMD path). Invariant 'no AVX instruction is reached' has been violated.
vdivpd_b|r14|CUT|VEX/EVEX prefix encoding not cut (SIMD path). Invariant 'no AVX instruction is reached' has been violated.
vfmadd132ss_a|low|CUT|VEX/EVEX prefix encoding not cut (SIMD path). Invariant 'no AVX instruction is reached' has been violated.
vfmadd132ss_a|r14|CUT|VEX/EVEX prefix encoding not cut (SIMD path). Invariant 'no AVX instruction is reached' has been violated.
vfmadd213ss_a|low|CUT|VEX/EVEX prefix encoding not cut (SIMD path). Invariant 'no AVX instruction is reached' has been violated.
vfmadd213ss_a|r14|CUT|VEX/EVEX prefix encoding not cut (SIMD path). Invariant 'no AVX instruction is reached' has been violated.
vfmadd231ss_a|low|CUT|VEX/EVEX prefix encoding not cut (SIMD path). Invariant 'no AVX instruction is reached' has been violated.
vfmadd231ss_a|r14|CUT|VEX/EVEX prefix encoding not cut (SIMD path). Invariant 'no AVX instruction is reached' has been violated.
vfmadd132sd_a|low|CUT|VEX/EVEX prefix encoding not cut (SIMD path). Invariant 'no AVX instruction is reached' has been violated.
vfmadd132sd_a|r14|CUT|VEX/EVEX prefix encoding not cut (SIMD path). Invariant 'no AVX instruction is reached' has been violated.
vfmadd213sd_a|low|CUT|VEX/EVEX prefix encoding not cut (SIMD path). Invariant 'no AVX instruction is reached' has been violated.
vfmadd213sd_a|r14|CUT|VEX/EVEX prefix encoding not cut (SIMD path). Invariant 'no AVX instruction is reached' has been violated.
vfmadd231sd_a|low|CUT|VEX/EVEX prefix encoding not cut (SIMD path). Invariant 'no AVX instruction is reached' has been violated.
vfmadd231sd_a|r14|CUT|VEX/EVEX prefix encoding not cut (SIMD path). Invariant 'no AVX instruction is reached' has been violated.
vfmadd132ps_a|low|CUT|VEX/EVEX prefix encoding not cut (SIMD path). Invariant 'no AVX instruction is reached' has been violated.
vfmadd132ps_a|r14|CUT|VEX/EVEX prefix encoding not cut (SIMD path). Invariant 'no AVX instruction is reached' has been violated.
vfmadd213ps_a|low|CUT|VEX/EVEX prefix encoding not cut (SIMD path). Invariant 'no AVX instruction is reached' has been violated.
vfmadd213ps_a|r14|CUT|VEX/EVEX prefix encoding not cut (SIMD path). Invariant 'no AVX instruction is reached' has been violated.
vfmadd231ps_a|low|CUT|VEX/EVEX prefix encoding not cut (SIMD path). Invariant 'no AVX instruction is reached' has been violated.
vfmadd231ps_a|r14|CUT|VEX/EVEX prefix encoding not cut (SIMD path). Invariant 'no AVX instruction is reached' has been violated.
vfmadd132pd_a|low|CUT|VEX/EVEX prefix encoding not cut (SIMD path). Invariant 'no AVX instruction is reached' has been violated.
vfmadd132pd_a|r14|CUT|VEX/EVEX prefix encoding not cut (SIMD path). Invariant 'no AVX instruction is reached' has been violated.
vfmadd213pd_a|low|CUT|VEX/EVEX prefix encoding not cut (SIMD path). Invariant 'no AVX instruction is reached' has been violated.
vfmadd213pd_a|r14|CUT|VEX/EVEX prefix encoding not cut (SIMD path). Invariant 'no AVX instruction is reached' has been violated.
vfmadd231pd_a|low|CUT|VEX/EVEX prefix encoding not cut (SIMD path). Invariant 'no AVX instruction is reached' has been violated.
vfmadd231pd_a|r14|CUT|VEX/EVEX prefix encoding not cut (SIMD path). Invariant 'no AVX instruction is reached' has been violated.
vfnmadd132ss_a|low|CUT|VEX/EVEX prefix encoding not cut (SIMD path). Invariant 'no AVX instruction is reached' has been violated.
vfnmadd132ss_a|r14|CUT|VEX/EVEX prefix encoding not cut (SIMD path). Invariant 'no AVX instruction is reached' has been violated.
vfnmadd213ss_a|low|CUT|VEX/EVEX prefix encoding not cut (SIMD path). Invariant 'no AVX instruction is reached' has been violated.
vfnmadd213ss_a|r14|CUT|VEX/EVEX prefix encoding not cut (SIMD path). Invariant 'no AVX instruction is reached' has been violated.
vfnmadd231ss_a|low|CUT|VEX/EVEX prefix encoding not cut (SIMD path). Invariant 'no AVX instruction is reached' has been violated.
vfnmadd231ss_a|r14|CUT|VEX/EVEX prefix encoding not cut (SIMD path). Invariant 'no AVX instruction is reached' has been violated.
vfnmadd132sd_a|low|CUT|VEX/EVEX prefix encoding not cut (SIMD path). Invariant 'no AVX instruction is reached' has been violated.
vfnmadd132sd_a|r14|CUT|VEX/EVEX prefix encoding not cut (SIMD path). Invariant 'no AVX instruction is reached' has been violated.
vfnmadd213sd_a|low|CUT|VEX/EVEX prefix encoding not cut (SIMD path). Invariant 'no AVX instruction is reached' has been violated.
vfnmadd213sd_a|r14|CUT|VEX/EVEX prefix encoding not cut (SIMD path). Invariant 'no AVX instruction is reached' has been violated.
vfnmadd231sd_a|low|CUT|VEX/EVEX prefix encoding not cut (SIMD path). Invariant 'no AVX instruction is reached' has been violated.
vfnmadd231sd_a|r14|CUT|VEX/EVEX prefix encoding not cut (SIMD path). Invariant 'no AVX instruction is reached' has been violated.
vfnmadd132ps_a|low|CUT|VEX/EVEX prefix encoding not cut (SIMD path). Invariant 'no AVX instruction is reached' has been violated.
vfnmadd132ps_a|r14|CUT|VEX/EVEX prefix encoding not cut (SIMD path). Invariant 'no AVX instruction is reached' has been violated.
vfnmadd213ps_a|low|CUT|VEX/EVEX prefix encoding not cut (SIMD path). Invariant 'no AVX instruction is reached' has been violated.
vfnmadd213ps_a|r14|CUT|VEX/EVEX prefix encoding not cut (SIMD path). Invariant 'no AVX instruction is reached' has been violated.
vfnmadd231ps_a|low|CUT|VEX/EVEX prefix encoding not cut (SIMD path). Invariant 'no AVX instruction is reached' has been violated.
vfnmadd231ps_a|r14|CUT|VEX/EVEX prefix encoding not cut (SIMD path). Invariant 'no AVX instruction is reached' has been violated.
vfnmadd132pd_a|low|CUT|VEX/EVEX prefix encoding not cut (SIMD path). Invariant 'no AVX instruction is reached' has been violated.
vfnmadd132pd_a|r14|CUT|VEX/EVEX prefix encoding not cut (SIMD path). Invariant 'no AVX instruction is reached' has been violated.
vfnmadd213pd_a|low|CUT|VEX/EVEX prefix encoding not cut (SIMD path). Invariant 'no AVX instruction is reached' has been violated.
vfnmadd213pd_a|r14|CUT|VEX/EVEX prefix encoding not cut (SIMD path). Invariant 'no AVX instruction is reached' has been violated.
vfnmadd231pd_a|low|CUT|VEX/EVEX prefix encoding not cut (SIMD path). Invariant 'no AVX instruction is reached' has been violated.
vfnmadd231pd_a|r14|CUT|VEX/EVEX prefix encoding not cut (SIMD path). Invariant 'no AVX instruction is reached' has been violated.
vfmsub132ss_a|low|CUT|VEX/EVEX prefix encoding not cut (SIMD path). Invariant 'no AVX instruction is reached' has been violated.
vfmsub132ss_a|r14|CUT|VEX/EVEX prefix encoding not cut (SIMD path). Invariant 'no AVX instruction is reached' has been violated.
vfmsub213ss_a|low|CUT|VEX/EVEX prefix encoding not cut (SIMD path). Invariant 'no AVX instruction is reached' has been violated.
vfmsub213ss_a|r14|CUT|VEX/EVEX prefix encoding not cut (SIMD path). Invariant 'no AVX instruction is reached' has been violated.
vfmsub231ss_a|low|CUT|VEX/EVEX prefix encoding not cut (SIMD path). Invariant 'no AVX instruction is reached' has been violated.
vfmsub231ss_a|r14|CUT|VEX/EVEX prefix encoding not cut (SIMD path). Invariant 'no AVX instruction is reached' has been violated.
vfmsub132sd_a|low|CUT|VEX/EVEX prefix encoding not cut (SIMD path). Invariant 'no AVX instruction is reached' has been violated.
vfmsub132sd_a|r14|CUT|VEX/EVEX prefix encoding not cut (SIMD path). Invariant 'no AVX instruction is reached' has been violated.
vfmsub213sd_a|low|CUT|VEX/EVEX prefix encoding not cut (SIMD path). Invariant 'no AVX instruction is reached' has been violated.
vfmsub213sd_a|r14|CUT|VEX/EVEX prefix encoding not cut (SIMD path). Invariant 'no AVX instruction is reached' has been violated.
vfmsub231sd_a|low|CUT|VEX/EVEX prefix encoding not cut (SIMD path). Invariant 'no AVX instruction is reached' has been violated.
vfmsub231sd_a|r14|CUT|VEX/EVEX prefix encoding not cut (SIMD path). Invariant 'no AVX instruction is reached' has been violated.
vfmsub132ps_a|low|CUT|VEX/EVEX prefix encoding not cut (SIMD path). Invariant 'no AVX instruction is reached' has been violated.
vfmsub132ps_a|r14|CUT|VEX/EVEX prefix encoding not cut (SIMD path). Invariant 'no AVX instruction is reached' has been violated.
vfmsub213ps_a|low|CUT|VEX/EVEX prefix encoding not cut (SIMD path). Invariant 'no AVX instruction is reached' has been violated.
vfmsub213ps_a|r14|CUT|VEX/EVEX prefix encoding not cut (SIMD path). Invariant 'no AVX instruction is reached' has been violated.
vfmsub231ps_a|low|CUT|VEX/EVEX prefix encoding not cut (SIMD path). Invariant 'no AVX instruction is reached' has been violated.
vfmsub231ps_a|r14|CUT|VEX/EVEX prefix encoding not cut (SIMD path). Invariant 'no AVX instruction is reached' has been violated.
vfmsub132pd_a|low|CUT|VEX/EVEX prefix encoding not cut (SIMD path). Invariant 'no AVX instruction is reached' has been violated.
vfmsub132pd_a|r14|CUT|VEX/EVEX prefix encoding not cut (SIMD path). Invariant 'no AVX instruction is reached' has been violated.
vfmsub213pd_a|low|CUT|VEX/EVEX prefix encoding not cut (SIMD path). Invariant 'no AVX instruction is reached' has been violated.
vfmsub213pd_a|r14|CUT|VEX/EVEX prefix encoding not cut (SIMD path). Invariant 'no AVX instruction is reached' has been violated.
vfmsub231pd_a|low|CUT|VEX/EVEX prefix encoding not cut (SIMD path). Invariant 'no AVX instruction is reached' has been violated.
vfmsub231pd_a|r14|CUT|VEX/EVEX prefix encoding not cut (SIMD path). Invariant 'no AVX instruction is reached' has been violated.
vfnmsub132ss_a|low|CUT|VEX/EVEX prefix encoding not cut (SIMD path). Invariant 'no AVX instruction is reached' has been violated.
vfnmsub132ss_a|r14|CUT|VEX/EVEX prefix encoding not cut (SIMD path). Invariant 'no AVX instruction is reached' has been violated.
vfnmsub213ss_a|low|CUT|VEX/EVEX prefix encoding not cut (SIMD path). Invariant 'no AVX instruction is reached' has been violated.
vfnmsub213ss_a|r14|CUT|VEX/EVEX prefix encoding not cut (SIMD path). Invariant 'no AVX instruction is reached' has been violated.
vfnmsub231ss_a|low|CUT|VEX/EVEX prefix encoding not cut (SIMD path). Invariant 'no AVX instruction is reached' has been violated.
vfnmsub231ss_a|r14|CUT|VEX/EVEX prefix encoding not cut (SIMD path). Invariant 'no AVX instruction is reached' has been violated.
vfnmsub132sd_a|low|CUT|VEX/EVEX prefix encoding not cut (SIMD path). Invariant 'no AVX instruction is reached' has been violated.
vfnmsub132sd_a|r14|CUT|VEX/EVEX prefix encoding not cut (SIMD path). Invariant 'no AVX instruction is reached' has been violated.
vfnmsub213sd_a|low|CUT|VEX/EVEX prefix encoding not cut (SIMD path). Invariant 'no AVX instruction is reached' has been violated.
vfnmsub213sd_a|r14|CUT|VEX/EVEX prefix encoding not cut (SIMD path). Invariant 'no AVX instruction is reached' has been violated.
vfnmsub231sd_a|low|CUT|VEX/EVEX prefix encoding not cut (SIMD path). Invariant 'no AVX instruction is reached' has been violated.
vfnmsub231sd_a|r14|CUT|VEX/EVEX prefix encoding not cut (SIMD path). Invariant 'no AVX instruction is reached' has been violated.
vfnmsub132ps_a|low|CUT|VEX/EVEX prefix encoding not cut (SIMD path). Invariant 'no AVX instruction is reached' has been violated.
vfnmsub132ps_a|r14|CUT|VEX/EVEX prefix encoding not cut (SIMD path). Invariant 'no AVX instruction is reached' has been violated.
vfnmsub213ps_a|low|CUT|VEX/EVEX prefix encoding not cut (SIMD path). Invariant 'no AVX instruction is reached' has been violated.
vfnmsub213ps_a|r14|CUT|VEX/EVEX prefix encoding not cut (SIMD path). Invariant 'no AVX instruction is reached' has been violated.
vfnmsub231ps_a|low|CUT|VEX/EVEX prefix encoding not cut (SIMD path). Invariant 'no AVX instruction is reached' has been violated.
vfnmsub231ps_a|r14|CUT|VEX/EVEX prefix encoding not cut (SIMD path). Invariant 'no AVX instruction is reached' has been violated.
vfnmsub132pd_a|low|CUT|VEX/EVEX prefix encoding not cut (SIMD path). Invariant 'no AVX instruction is reached' has been violated.
vfnmsub132pd_a|r14|CUT|VEX/EVEX prefix encoding not cut (SIMD path). Invariant 'no AVX instruction is reached' has been violated.
vfnmsub213pd_a|low|CUT|VEX/EVEX prefix encoding not cut (SIMD path). Invariant 'no AVX instruction is reached' has been violated.
vfnmsub213pd_a|r14|CUT|VEX/EVEX prefix encoding not cut (SIMD path). Invariant 'no AVX instruction is reached' has been violated.
vfnmsub231pd_a|low|CUT|VEX/EVEX prefix encoding not cut (SIMD path). Invariant 'no AVX instruction is reached' has been violated.
vfnmsub231pd_a|r14|CUT|VEX/EVEX prefix encoding not cut (SIMD path). Invariant 'no AVX instruction is reached' has been violated.
jmpq_m|low|ffe0
jmpq_m|r14|41ffe6
jmp_d8|low|eb12
jmp_d8|r14|eb12
jmp_d32|low|e934120000
jmp_d32|r14|e934120000
ja_d8|low|7712
ja_d8|r14|7712
ja_d32|low|0f8734120000
ja_d32|r14|0f8734120000
jae_d8|low|7312
jae_d8|r14|7312
jae_d32|low|0f8334120000
jae_d32|r14|0f8334120000
jb_d8|low|7212
jb_d8|r14|7212
jb_d32|low|0f8234120000
jb_d32|r14|0f8234120000
jbe_d8|low|7612
jbe_d8|r14|7612
jbe_d32|low|0f8634120000
jbe_d32|r14|0f8634120000
je_d8|low|7412
je_d8|r14|7412
je_d32|low|0f8434120000
je_d32|r14|0f8434120000
jg_d8|low|7f12
jg_d8|r14|7f12
jg_d32|low|0f8f34120000
jg_d32|r14|0f8f34120000
jge_d8|low|7d12
jge_d8|r14|7d12
jge_d32|low|0f8d34120000
jge_d32|r14|0f8d34120000
jl_d8|low|7c12
jl_d8|r14|7c12
jl_d32|low|0f8c34120000
jl_d32|r14|0f8c34120000
jle_d8|low|7e12
jle_d8|r14|7e12
jle_d32|low|0f8e34120000
jle_d32|r14|0f8e34120000
jne_d8|low|7512
jne_d8|r14|7512
jne_d32|low|0f8534120000
jne_d32|r14|0f8534120000
jno_d8|low|7112
jno_d8|r14|7112
jno_d32|low|0f8134120000
jno_d32|r14|0f8134120000
jnp_d8|low|7b12
jnp_d8|r14|7b12
jnp_d32|low|0f8b34120000
jnp_d32|r14|0f8b34120000
jns_d8|low|7912
jns_d8|r14|7912
jns_d32|low|0f8934120000
jns_d32|r14|0f8934120000
jo_d8|low|7012
jo_d8|r14|7012
jo_d32|low|0f8034120000
jo_d32|r14|0f8034120000
jp_d8|low|7a12
jp_d8|r14|7a12
jp_d32|low|0f8a34120000
jp_d32|r14|0f8a34120000
js_d8|low|7812
js_d8|r14|7812
js_d32|low|0f8834120000
js_d32|r14|0f8834120000
extractps_a|low|660f3a17c012
extractps_a|r14|66450f3a17f612
pextrb_a|low|660f3a14c012
pextrb_a|r14|66450f3a14f612
pextrw_a|low|660fc5c012
pextrw_a|r14|66450fc5f612
pextrw_b|low|660f3a15c012
pextrw_b|r14|66450f3a15f612
pextrd_a|low|660f3a16c012
pextrd_a|r14|66450f3a16f612
pextrq_a|low|66480f3a16c012
pextrq_a|r14|664d0f3a16f612
vextractps_b|low|CUT|VEX/EVEX prefix encoding not cut (SIMD path). Invariant 'no AVX instruction is reached' has been violated.
vextractps_b|r14|CUT|VEX/EVEX prefix encoding not cut (SIMD path). Invariant 'no AVX instruction is reached' has been violated.
vpextrb_a|low|CUT|VEX/EVEX prefix encoding not cut (SIMD path). Invariant 'no AVX instruction is reached' has been violated.
vpextrb_a|r14|CUT|VEX/EVEX prefix encoding not cut (SIMD path). Invariant 'no AVX instruction is reached' has been violated.
vpextrw_a|low|CUT|VEX/EVEX prefix encoding not cut (SIMD path). Invariant 'no AVX instruction is reached' has been violated.
vpextrw_a|r14|CUT|VEX/EVEX prefix encoding not cut (SIMD path). Invariant 'no AVX instruction is reached' has been violated.
vpextrw_b|low|CUT|VEX/EVEX prefix encoding not cut (SIMD path). Invariant 'no AVX instruction is reached' has been violated.
vpextrw_b|r14|CUT|VEX/EVEX prefix encoding not cut (SIMD path). Invariant 'no AVX instruction is reached' has been violated.
vpextrd_a|low|CUT|VEX/EVEX prefix encoding not cut (SIMD path). Invariant 'no AVX instruction is reached' has been violated.
vpextrd_a|r14|CUT|VEX/EVEX prefix encoding not cut (SIMD path). Invariant 'no AVX instruction is reached' has been violated.
vpextrq_a|low|CUT|VEX/EVEX prefix encoding not cut (SIMD path). Invariant 'no AVX instruction is reached' has been violated.
vpextrq_a|r14|CUT|VEX/EVEX prefix encoding not cut (SIMD path). Invariant 'no AVX instruction is reached' has been violated.
insertps_a|low|660f3a21c112
insertps_a|r14|66450f3a21f712
pinsrb_a|low|660f3a20c012
pinsrb_a|r14|66450f3a20f612
pinsrw_a|low|660fc4c012
pinsrw_a|r14|66450fc4f612
pinsrd_a|low|660f3a22c012
pinsrd_a|r14|66450f3a22f612
pinsrq_a|low|66480f3a22c012
pinsrq_a|r14|664d0f3a22f612
vinsertps_b|low|CUT|VEX/EVEX prefix encoding not cut (SIMD path). Invariant 'no AVX instruction is reached' has been violated.
vinsertps_b|r14|CUT|VEX/EVEX prefix encoding not cut (SIMD path). Invariant 'no AVX instruction is reached' has been violated.
vpinsrb_b|low|CUT|VEX/EVEX prefix encoding not cut (SIMD path). Invariant 'no AVX instruction is reached' has been violated.
vpinsrb_b|r14|CUT|VEX/EVEX prefix encoding not cut (SIMD path). Invariant 'no AVX instruction is reached' has been violated.
vpinsrw_b|low|CUT|VEX/EVEX prefix encoding not cut (SIMD path). Invariant 'no AVX instruction is reached' has been violated.
vpinsrw_b|r14|CUT|VEX/EVEX prefix encoding not cut (SIMD path). Invariant 'no AVX instruction is reached' has been violated.
vpinsrd_b|low|CUT|VEX/EVEX prefix encoding not cut (SIMD path). Invariant 'no AVX instruction is reached' has been violated.
vpinsrd_b|r14|CUT|VEX/EVEX prefix encoding not cut (SIMD path). Invariant 'no AVX instruction is reached' has been violated.
vpinsrq_b|low|CUT|VEX/EVEX prefix encoding not cut (SIMD path). Invariant 'no AVX instruction is reached' has been violated.
vpinsrq_b|r14|CUT|VEX/EVEX prefix encoding not cut (SIMD path). Invariant 'no AVX instruction is reached' has been violated.
movmskps_rm|low|0f50c0
movmskps_rm|r14|450f50f6
movmskpd_rm|low|660f50c0
movmskpd_rm|r14|66450f50f6
pmovmskb_rm|low|660fd7c0
pmovmskb_rm|r14|66450fd7f6
vmovmskps_rm|low|CUT|VEX/EVEX prefix encoding not cut (SIMD path). Invariant 'no AVX instruction is reached' has been violated.
vmovmskps_rm|r14|CUT|VEX/EVEX prefix encoding not cut (SIMD path). Invariant 'no AVX instruction is reached' has been violated.
vmovmskpd_rm|low|CUT|VEX/EVEX prefix encoding not cut (SIMD path). Invariant 'no AVX instruction is reached' has been violated.
vmovmskpd_rm|r14|CUT|VEX/EVEX prefix encoding not cut (SIMD path). Invariant 'no AVX instruction is reached' has been violated.
vpmovmskb_rm|low|CUT|VEX/EVEX prefix encoding not cut (SIMD path). Invariant 'no AVX instruction is reached' has been violated.
vpmovmskb_rm|r14|CUT|VEX/EVEX prefix encoding not cut (SIMD path). Invariant 'no AVX instruction is reached' has been violated.
movlhps_rm|low|0f16c1
movlhps_rm|r14|450f16f7
vmovlhps_rvm|low|CUT|VEX/EVEX prefix encoding not cut (SIMD path). Invariant 'no AVX instruction is reached' has been violated.
vmovlhps_rvm|r14|CUT|VEX/EVEX prefix encoding not cut (SIMD path). Invariant 'no AVX instruction is reached' has been violated.
movddup_a|low|f20f12c1
movddup_a|r14|f2450f12f7
vmovddup_a|low|CUT|VEX/EVEX prefix encoding not cut (SIMD path). Invariant 'no AVX instruction is reached' has been violated.
vmovddup_a|r14|CUT|VEX/EVEX prefix encoding not cut (SIMD path). Invariant 'no AVX instruction is reached' has been violated.
pblendw_rmi|low|660f3a0ec112
pblendw_rmi|r14|66450f3a0ef712
pblendvb_rm|low|660f3810c1
pblendvb_rm|r14|66450f3810f7
blendvps_rm0|low|660f3814c1
blendvps_rm0|r14|66450f3814f7
blendvpd_rm0|low|660f3815c1
blendvpd_rm0|r14|66450f3815f7
vpblendw_rvmi|low|CUT|VEX/EVEX prefix encoding not cut (SIMD path). Invariant 'no AVX instruction is reached' has been violated.
vpblendw_rvmi|r14|CUT|VEX/EVEX prefix encoding not cut (SIMD path). Invariant 'no AVX instruction is reached' has been violated.
vpblendvb_rvmr|low|CUT|VEX/EVEX prefix encoding not cut (SIMD path). Invariant 'no AVX instruction is reached' has been violated.
vpblendvb_rvmr|r14|CUT|VEX/EVEX prefix encoding not cut (SIMD path). Invariant 'no AVX instruction is reached' has been violated.
vblendvps_rvmr|low|CUT|VEX/EVEX prefix encoding not cut (SIMD path). Invariant 'no AVX instruction is reached' has been violated.
vblendvps_rvmr|r14|CUT|VEX/EVEX prefix encoding not cut (SIMD path). Invariant 'no AVX instruction is reached' has been violated.
vblendvpd_rvmr|low|CUT|VEX/EVEX prefix encoding not cut (SIMD path). Invariant 'no AVX instruction is reached' has been violated.
vblendvpd_rvmr|r14|CUT|VEX/EVEX prefix encoding not cut (SIMD path). Invariant 'no AVX instruction is reached' has been violated.
shufpd_a|low|660fc6c112
shufpd_a|r14|66450fc6f712
vshufpd_b|low|CUT|VEX/EVEX prefix encoding not cut (SIMD path). Invariant 'no AVX instruction is reached' has been violated.
vshufpd_b|r14|CUT|VEX/EVEX prefix encoding not cut (SIMD path). Invariant 'no AVX instruction is reached' has been violated.
shufps_a|low|0fc6c112
shufps_a|r14|450fc6f712
vshufps_b|low|CUT|VEX/EVEX prefix encoding not cut (SIMD path). Invariant 'no AVX instruction is reached' has been violated.
vshufps_b|r14|CUT|VEX/EVEX prefix encoding not cut (SIMD path). Invariant 'no AVX instruction is reached' has been violated.
pshufb_a|low|660f3800c1
pshufb_a|r14|66450f3800f7
pshufd_a|low|660f70c112
pshufd_a|r14|66450f70f712
pshuflw_a|low|f20f70c112
pshuflw_a|r14|f2450f70f712
pshufhw_a|low|f30f70c112
pshufhw_a|r14|f3450f70f712
vpshufb_b|low|CUT|VEX/EVEX prefix encoding not cut (SIMD path). Invariant 'no AVX instruction is reached' has been violated.
vpshufb_b|r14|CUT|VEX/EVEX prefix encoding not cut (SIMD path). Invariant 'no AVX instruction is reached' has been violated.
vpshufd_a|low|CUT|VEX/EVEX prefix encoding not cut (SIMD path). Invariant 'no AVX instruction is reached' has been violated.
vpshufd_a|r14|CUT|VEX/EVEX prefix encoding not cut (SIMD path). Invariant 'no AVX instruction is reached' has been violated.
vpshuflw_a|low|CUT|VEX/EVEX prefix encoding not cut (SIMD path). Invariant 'no AVX instruction is reached' has been violated.
vpshuflw_a|r14|CUT|VEX/EVEX prefix encoding not cut (SIMD path). Invariant 'no AVX instruction is reached' has been violated.
vpshufhw_a|low|CUT|VEX/EVEX prefix encoding not cut (SIMD path). Invariant 'no AVX instruction is reached' has been violated.
vpshufhw_a|r14|CUT|VEX/EVEX prefix encoding not cut (SIMD path). Invariant 'no AVX instruction is reached' has been violated.
vbroadcastss_a_r|low|CUT|VEX/EVEX prefix encoding not cut (SIMD path). Invariant 'no AVX instruction is reached' has been violated.
vbroadcastss_a_r|r14|CUT|VEX/EVEX prefix encoding not cut (SIMD path). Invariant 'no AVX instruction is reached' has been violated.
vpbroadcastb_a|low|CUT|VEX/EVEX prefix encoding not cut (SIMD path). Invariant 'no AVX instruction is reached' has been violated.
vpbroadcastb_a|r14|CUT|VEX/EVEX prefix encoding not cut (SIMD path). Invariant 'no AVX instruction is reached' has been violated.
vpbroadcastw_a|low|CUT|VEX/EVEX prefix encoding not cut (SIMD path). Invariant 'no AVX instruction is reached' has been violated.
vpbroadcastw_a|r14|CUT|VEX/EVEX prefix encoding not cut (SIMD path). Invariant 'no AVX instruction is reached' has been violated.
vpbroadcastd_a|low|CUT|VEX/EVEX prefix encoding not cut (SIMD path). Invariant 'no AVX instruction is reached' has been violated.
vpbroadcastd_a|r14|CUT|VEX/EVEX prefix encoding not cut (SIMD path). Invariant 'no AVX instruction is reached' has been violated.
vpbroadcastq_a|low|CUT|VEX/EVEX prefix encoding not cut (SIMD path). Invariant 'no AVX instruction is reached' has been violated.
vpbroadcastq_a|r14|CUT|VEX/EVEX prefix encoding not cut (SIMD path). Invariant 'no AVX instruction is reached' has been violated.
vpermi2b_a|low|CUT|VEX/EVEX prefix encoding not cut (SIMD path). Invariant 'no AVX instruction is reached' has been violated.
vpermi2b_a|r14|CUT|VEX/EVEX prefix encoding not cut (SIMD path). Invariant 'no AVX instruction is reached' has been violated.
maxss_a|low|f30f5fc1
maxss_a|r14|f3450f5ff7
maxsd_a|low|f20f5fc1
maxsd_a|r14|f2450f5ff7
maxps_a|low|0f5fc1
maxps_a|r14|450f5ff7
maxpd_a|low|660f5fc1
maxpd_a|r14|66450f5ff7
vmaxss_b|low|CUT|VEX/EVEX prefix encoding not cut (SIMD path). Invariant 'no AVX instruction is reached' has been violated.
vmaxss_b|r14|CUT|VEX/EVEX prefix encoding not cut (SIMD path). Invariant 'no AVX instruction is reached' has been violated.
vmaxsd_b|low|CUT|VEX/EVEX prefix encoding not cut (SIMD path). Invariant 'no AVX instruction is reached' has been violated.
vmaxsd_b|r14|CUT|VEX/EVEX prefix encoding not cut (SIMD path). Invariant 'no AVX instruction is reached' has been violated.
vmaxps_b|low|CUT|VEX/EVEX prefix encoding not cut (SIMD path). Invariant 'no AVX instruction is reached' has been violated.
vmaxps_b|r14|CUT|VEX/EVEX prefix encoding not cut (SIMD path). Invariant 'no AVX instruction is reached' has been violated.
vmaxpd_b|low|CUT|VEX/EVEX prefix encoding not cut (SIMD path). Invariant 'no AVX instruction is reached' has been violated.
vmaxpd_b|r14|CUT|VEX/EVEX prefix encoding not cut (SIMD path). Invariant 'no AVX instruction is reached' has been violated.
pmaxsb_a|low|660f383cc1
pmaxsb_a|r14|66450f383cf7
pmaxsw_a|low|660feec1
pmaxsw_a|r14|66450feef7
pmaxsd_a|low|660f383dc1
pmaxsd_a|r14|66450f383df7
pmaxub_a|low|660fdec1
pmaxub_a|r14|66450fdef7
pmaxuw_a|low|660f383ec1
pmaxuw_a|r14|66450f383ef7
pmaxud_a|low|660f383fc1
pmaxud_a|r14|66450f383ff7
vpmaxsb_b|low|CUT|VEX/EVEX prefix encoding not cut (SIMD path). Invariant 'no AVX instruction is reached' has been violated.
vpmaxsb_b|r14|CUT|VEX/EVEX prefix encoding not cut (SIMD path). Invariant 'no AVX instruction is reached' has been violated.
vpmaxsw_b|low|CUT|VEX/EVEX prefix encoding not cut (SIMD path). Invariant 'no AVX instruction is reached' has been violated.
vpmaxsw_b|r14|CUT|VEX/EVEX prefix encoding not cut (SIMD path). Invariant 'no AVX instruction is reached' has been violated.
vpmaxsd_b|low|CUT|VEX/EVEX prefix encoding not cut (SIMD path). Invariant 'no AVX instruction is reached' has been violated.
vpmaxsd_b|r14|CUT|VEX/EVEX prefix encoding not cut (SIMD path). Invariant 'no AVX instruction is reached' has been violated.
vpmaxub_b|low|CUT|VEX/EVEX prefix encoding not cut (SIMD path). Invariant 'no AVX instruction is reached' has been violated.
vpmaxub_b|r14|CUT|VEX/EVEX prefix encoding not cut (SIMD path). Invariant 'no AVX instruction is reached' has been violated.
vpmaxuw_b|low|CUT|VEX/EVEX prefix encoding not cut (SIMD path). Invariant 'no AVX instruction is reached' has been violated.
vpmaxuw_b|r14|CUT|VEX/EVEX prefix encoding not cut (SIMD path). Invariant 'no AVX instruction is reached' has been violated.
vpmaxud_b|low|CUT|VEX/EVEX prefix encoding not cut (SIMD path). Invariant 'no AVX instruction is reached' has been violated.
vpmaxud_b|r14|CUT|VEX/EVEX prefix encoding not cut (SIMD path). Invariant 'no AVX instruction is reached' has been violated.
minss_a|low|f30f5dc1
minss_a|r14|f3450f5df7
minsd_a|low|f20f5dc1
minsd_a|r14|f2450f5df7
minps_a|low|0f5dc1
minps_a|r14|450f5df7
minpd_a|low|660f5dc1
minpd_a|r14|66450f5df7
vminss_b|low|CUT|VEX/EVEX prefix encoding not cut (SIMD path). Invariant 'no AVX instruction is reached' has been violated.
vminss_b|r14|CUT|VEX/EVEX prefix encoding not cut (SIMD path). Invariant 'no AVX instruction is reached' has been violated.
vminsd_b|low|CUT|VEX/EVEX prefix encoding not cut (SIMD path). Invariant 'no AVX instruction is reached' has been violated.
vminsd_b|r14|CUT|VEX/EVEX prefix encoding not cut (SIMD path). Invariant 'no AVX instruction is reached' has been violated.
vminps_b|low|CUT|VEX/EVEX prefix encoding not cut (SIMD path). Invariant 'no AVX instruction is reached' has been violated.
vminps_b|r14|CUT|VEX/EVEX prefix encoding not cut (SIMD path). Invariant 'no AVX instruction is reached' has been violated.
vminpd_b|low|CUT|VEX/EVEX prefix encoding not cut (SIMD path). Invariant 'no AVX instruction is reached' has been violated.
vminpd_b|r14|CUT|VEX/EVEX prefix encoding not cut (SIMD path). Invariant 'no AVX instruction is reached' has been violated.
pminsb_a|low|660f3838c1
pminsb_a|r14|66450f3838f7
pminsw_a|low|660feac1
pminsw_a|r14|66450feaf7
pminsd_a|low|660f3839c1
pminsd_a|r14|66450f3839f7
pminub_a|low|660fdac1
pminub_a|r14|66450fdaf7
pminuw_a|low|660f383ac1
pminuw_a|r14|66450f383af7
pminud_a|low|660f383bc1
pminud_a|r14|66450f383bf7
vpminsb_b|low|CUT|VEX/EVEX prefix encoding not cut (SIMD path). Invariant 'no AVX instruction is reached' has been violated.
vpminsb_b|r14|CUT|VEX/EVEX prefix encoding not cut (SIMD path). Invariant 'no AVX instruction is reached' has been violated.
vpminsw_b|low|CUT|VEX/EVEX prefix encoding not cut (SIMD path). Invariant 'no AVX instruction is reached' has been violated.
vpminsw_b|r14|CUT|VEX/EVEX prefix encoding not cut (SIMD path). Invariant 'no AVX instruction is reached' has been violated.
vpminsd_b|low|CUT|VEX/EVEX prefix encoding not cut (SIMD path). Invariant 'no AVX instruction is reached' has been violated.
vpminsd_b|r14|CUT|VEX/EVEX prefix encoding not cut (SIMD path). Invariant 'no AVX instruction is reached' has been violated.
vpminub_b|low|CUT|VEX/EVEX prefix encoding not cut (SIMD path). Invariant 'no AVX instruction is reached' has been violated.
vpminub_b|r14|CUT|VEX/EVEX prefix encoding not cut (SIMD path). Invariant 'no AVX instruction is reached' has been violated.
vpminuw_b|low|CUT|VEX/EVEX prefix encoding not cut (SIMD path). Invariant 'no AVX instruction is reached' has been violated.
vpminuw_b|r14|CUT|VEX/EVEX prefix encoding not cut (SIMD path). Invariant 'no AVX instruction is reached' has been violated.
vpminud_b|low|CUT|VEX/EVEX prefix encoding not cut (SIMD path). Invariant 'no AVX instruction is reached' has been violated.
vpminud_b|r14|CUT|VEX/EVEX prefix encoding not cut (SIMD path). Invariant 'no AVX instruction is reached' has been violated.
mfence_zo|low|0faef0
mfence_zo|r14|0faef0
sfence_zo|low|0faef8
sfence_zo|r14|0faef8
lfence_zo|low|0faee8
lfence_zo|r14|0faee8
hlt_zo|low|f4
hlt_zo|r14|f4
ud2_zo|low|0f0b
ud2_zo|r14|0f0b
int3_zo|low|cc
int3_zo|r14|cc
retq_zo|low|c3
retq_zo|r14|c3
retq_i|low|c23412
retq_i|r14|c23412
callq_d|low|e834120000
callq_d|r14|e834120000
callq_m|low|ffd0
callq_m|r14|41ffd6
movb_mr|low|4088f0
movb_mr|r14|4588fe
movw_mr|low|6689f0
movw_mr|r14|664589fe
movl_mr|low|89f0
movl_mr|r14|4589fe
movq_mr|low|4889f0
movq_mr|r14|4d89fe
movb_rm|low|408ac6
movb_rm|r14|458af7
movw_rm|low|668bc6
movw_rm|r14|66458bf7
movl_rm|low|8bc6
movl_rm|r14|458bf7
movq_rm|low|488bc6
movq_rm|r14|4d8bf7
movb_oi|low|b012
movb_oi|r14|41b612
movw_oi|low|66b83412
movw_oi|r14|6641be3412
movl_oi|low|b834120000
movl_oi|r14|41be34120000
movabsq_oi|low|48b89a78563412000000
movabsq_oi|r14|49be9a78563412000000
movb_mi|low|c6c012
movb_mi|r14|41c6c612
movw_mi|low|66c7c03412
movw_mi|r14|6641c7c63412
movl_mi|low|c7c034120000
movl_mi|r14|41c7c634120000
movq_mi_sxl|low|48c7c034120000
movq_mi_sxl|r14|49c7c634120000
movsbw_rm|low|66400fbec6
movsbw_rm|r14|66450fbef7
movsbl_rm|low|400fbec6
movsbl_rm|r14|450fbef7
movsbq_rm|low|480fbec6
movsbq_rm|r14|4d0fbef7
movsww_rm|low|660fbfc6
movsww_rm|r14|66450fbff7
movswl_rm|low|0fbfc6
movswl_rm|r14|450fbff7
movswq_rm|low|480fbfc6
movswq_rm|r14|4d0fbff7
movslq_rm|low|4863c6
movslq_rm|r14|4d63f7
movzbw_rm|low|66400fb6c6
movzbw_rm|r14|66450fb6f7
movzbl_rm|low|400fb6c6
movzbl_rm|r14|450fb6f7
movzbq_rm|low|480fb6c6
movzbq_rm|r14|4d0fb6f7
movzww_rm|low|660fb7c6
movzww_rm|r14|66450fb7f7
movzwl_rm|low|0fb7c6
movzwl_rm|r14|450fb7f7
movzwq_rm|low|480fb7c6
movzwq_rm|r14|4d0fb7f7
movd_a|low|660f6ec0
movd_a|r14|66450f6ef6
movq_a|low|66480f6ec0
movq_a|r14|664d0f6ef6
movd_b|low|660f7ec0
movd_b|r14|66450f7ef6
movq_b|low|66480f7ec0
movq_b|r14|664d0f7ef6
vmovd_a|low|CUT|VEX/EVEX prefix encoding not cut (SIMD path). Invariant 'no AVX instruction is reached' has been violated.
vmovd_a|r14|CUT|VEX/EVEX prefix encoding not cut (SIMD path). Invariant 'no AVX instruction is reached' has been violated.
vmovq_a|low|CUT|VEX/EVEX prefix encoding not cut (SIMD path). Invariant 'no AVX instruction is reached' has been violated.
vmovq_a|r14|CUT|VEX/EVEX prefix encoding not cut (SIMD path). Invariant 'no AVX instruction is reached' has been violated.
vmovd_b|low|CUT|VEX/EVEX prefix encoding not cut (SIMD path). Invariant 'no AVX instruction is reached' has been violated.
vmovd_b|r14|CUT|VEX/EVEX prefix encoding not cut (SIMD path). Invariant 'no AVX instruction is reached' has been violated.
vmovq_b|low|CUT|VEX/EVEX prefix encoding not cut (SIMD path). Invariant 'no AVX instruction is reached' has been violated.
vmovq_b|r14|CUT|VEX/EVEX prefix encoding not cut (SIMD path). Invariant 'no AVX instruction is reached' has been violated.
movss_a_r|low|f30f10c1
movss_a_r|r14|f3450f10f7
movsd_a_r|low|f20f10c1
movsd_a_r|r14|f2450f10f7
vmovss_b|low|CUT|VEX/EVEX prefix encoding not cut (SIMD path). Invariant 'no AVX instruction is reached' has been violated.
vmovss_b|r14|CUT|VEX/EVEX prefix encoding not cut (SIMD path). Invariant 'no AVX instruction is reached' has been violated.
vmovsd_b|low|CUT|VEX/EVEX prefix encoding not cut (SIMD path). Invariant 'no AVX instruction is reached' has been violated.
vmovsd_b|r14|CUT|VEX/EVEX prefix encoding not cut (SIMD path). Invariant 'no AVX instruction is reached' has been violated.
movapd_a|low|660f28c1
movapd_a|r14|66450f28f7
movapd_b|low|660f29c8
movapd_b|r14|66450f29fe
movaps_a|low|0f28c1
movaps_a|r14|450f28f7
movaps_b|low|0f29c8
movaps_b|r14|450f29fe
movdqa_a|low|660f6fc1
movdqa_a|r14|66450f6ff7
movdqa_b|low|660f7fc8
movdqa_b|r14|66450f7ffe
vmovapd_a|low|CUT|VEX/EVEX prefix encoding not cut (SIMD path). Invariant 'no AVX instruction is reached' has been violated.
vmovapd_a|r14|CUT|VEX/EVEX prefix encoding not cut (SIMD path). Invariant 'no AVX instruction is reached' has been violated.
vmovapd_b|low|CUT|VEX/EVEX prefix encoding not cut (SIMD path). Invariant 'no AVX instruction is reached' has been violated.
vmovapd_b|r14|CUT|VEX/EVEX prefix encoding not cut (SIMD path). Invariant 'no AVX instruction is reached' has been violated.
vmovaps_a|low|CUT|VEX/EVEX prefix encoding not cut (SIMD path). Invariant 'no AVX instruction is reached' has been violated.
vmovaps_a|r14|CUT|VEX/EVEX prefix encoding not cut (SIMD path). Invariant 'no AVX instruction is reached' has been violated.
vmovaps_b|low|CUT|VEX/EVEX prefix encoding not cut (SIMD path). Invariant 'no AVX instruction is reached' has been violated.
vmovaps_b|r14|CUT|VEX/EVEX prefix encoding not cut (SIMD path). Invariant 'no AVX instruction is reached' has been violated.
vmovdqa_a|low|CUT|VEX/EVEX prefix encoding not cut (SIMD path). Invariant 'no AVX instruction is reached' has been violated.
vmovdqa_a|r14|CUT|VEX/EVEX prefix encoding not cut (SIMD path). Invariant 'no AVX instruction is reached' has been violated.
vmovdqa_b|low|CUT|VEX/EVEX prefix encoding not cut (SIMD path). Invariant 'no AVX instruction is reached' has been violated.
vmovdqa_b|r14|CUT|VEX/EVEX prefix encoding not cut (SIMD path). Invariant 'no AVX instruction is reached' has been violated.
movupd_a|low|660f10c1
movupd_a|r14|66450f10f7
movupd_b|low|660f11c8
movupd_b|r14|66450f11fe
movups_a|low|0f10c1
movups_a|r14|450f10f7
movups_b|low|0f11c8
movups_b|r14|450f11fe
movdqu_a|low|f30f6fc1
movdqu_a|r14|f3450f6ff7
movdqu_b|low|f30f7fc8
movdqu_b|r14|f3450f7ffe
vmovupd_a|low|CUT|VEX/EVEX prefix encoding not cut (SIMD path). Invariant 'no AVX instruction is reached' has been violated.
vmovupd_a|r14|CUT|VEX/EVEX prefix encoding not cut (SIMD path). Invariant 'no AVX instruction is reached' has been violated.
vmovupd_b|low|CUT|VEX/EVEX prefix encoding not cut (SIMD path). Invariant 'no AVX instruction is reached' has been violated.
vmovupd_b|r14|CUT|VEX/EVEX prefix encoding not cut (SIMD path). Invariant 'no AVX instruction is reached' has been violated.
vmovups_a|low|CUT|VEX/EVEX prefix encoding not cut (SIMD path). Invariant 'no AVX instruction is reached' has been violated.
vmovups_a|r14|CUT|VEX/EVEX prefix encoding not cut (SIMD path). Invariant 'no AVX instruction is reached' has been violated.
vmovups_b|low|CUT|VEX/EVEX prefix encoding not cut (SIMD path). Invariant 'no AVX instruction is reached' has been violated.
vmovups_b|r14|CUT|VEX/EVEX prefix encoding not cut (SIMD path). Invariant 'no AVX instruction is reached' has been violated.
vmovdqu_a|low|CUT|VEX/EVEX prefix encoding not cut (SIMD path). Invariant 'no AVX instruction is reached' has been violated.
vmovdqu_a|r14|CUT|VEX/EVEX prefix encoding not cut (SIMD path). Invariant 'no AVX instruction is reached' has been violated.
vmovdqu_b|low|CUT|VEX/EVEX prefix encoding not cut (SIMD path). Invariant 'no AVX instruction is reached' has been violated.
vmovdqu_b|r14|CUT|VEX/EVEX prefix encoding not cut (SIMD path). Invariant 'no AVX instruction is reached' has been violated.
pmovsxbw_a|low|660f3820c1
pmovsxbw_a|r14|66450f3820f7
pmovsxbd_a|low|660f3821c1
pmovsxbd_a|r14|66450f3821f7
pmovsxbq_a|low|660f3822c1
pmovsxbq_a|r14|66450f3822f7
pmovsxwd_a|low|660f3823c1
pmovsxwd_a|r14|66450f3823f7
pmovsxwq_a|low|660f3824c1
pmovsxwq_a|r14|66450f3824f7
pmovsxdq_a|low|660f3825c1
pmovsxdq_a|r14|66450f3825f7
vpmovsxbw_a|low|CUT|VEX/EVEX prefix encoding not cut (SIMD path). Invariant 'no AVX instruction is reached' has been violated.
vpmovsxbw_a|r14|CUT|VEX/EVEX prefix encoding not cut (SIMD path). Invariant 'no AVX instruction is reached' has been violated.
vpmovsxbd_a|low|CUT|VEX/EVEX prefix encoding not cut (SIMD path). Invariant 'no AVX instruction is reached' has been violated.
vpmovsxbd_a|r14|CUT|VEX/EVEX prefix encoding not cut (SIMD path). Invariant 'no AVX instruction is reached' has been violated.
vpmovsxbq_a|low|CUT|VEX/EVEX prefix encoding not cut (SIMD path). Invariant 'no AVX instruction is reached' has been violated.
vpmovsxbq_a|r14|CUT|VEX/EVEX prefix encoding not cut (SIMD path). Invariant 'no AVX instruction is reached' has been violated.
vpmovsxwd_a|low|CUT|VEX/EVEX prefix encoding not cut (SIMD path). Invariant 'no AVX instruction is reached' has been violated.
vpmovsxwd_a|r14|CUT|VEX/EVEX prefix encoding not cut (SIMD path). Invariant 'no AVX instruction is reached' has been violated.
vpmovsxwq_a|low|CUT|VEX/EVEX prefix encoding not cut (SIMD path). Invariant 'no AVX instruction is reached' has been violated.
vpmovsxwq_a|r14|CUT|VEX/EVEX prefix encoding not cut (SIMD path). Invariant 'no AVX instruction is reached' has been violated.
vpmovsxdq_a|low|CUT|VEX/EVEX prefix encoding not cut (SIMD path). Invariant 'no AVX instruction is reached' has been violated.
vpmovsxdq_a|r14|CUT|VEX/EVEX prefix encoding not cut (SIMD path). Invariant 'no AVX instruction is reached' has been violated.
pmovzxbw_a|low|660f3830c1
pmovzxbw_a|r14|66450f3830f7
pmovzxbd_a|low|660f3831c1
pmovzxbd_a|r14|66450f3831f7
pmovzxbq_a|low|660f3832c1
pmovzxbq_a|r14|66450f3832f7
pmovzxwd_a|low|660f3833c1
pmovzxwd_a|r14|66450f3833f7
pmovzxwq_a|low|660f3834c1
pmovzxwq_a|r14|66450f3834f7
pmovzxdq_a|low|660f3835c1
pmovzxdq_a|r14|66450f3835f7
vpmovzxbw_a|low|CUT|VEX/EVEX prefix encoding not cut (SIMD path). Invariant 'no AVX instruction is reached' has been violated.
vpmovzxbw_a|r14|CUT|VEX/EVEX prefix encoding not cut (SIMD path). Invariant 'no AVX instruction is reached' has been violated.
vpmovzxbd_a|low|CUT|VEX/EVEX prefix encoding not cut (SIMD path). Invariant 'no AVX instruction is reached' has been violated.
vpmovzxbd_a|r14|CUT|VEX/EVEX prefix encoding not cut (SIMD path). Invariant 'no AVX instruction is reached' has been violated.
vpmovzxbq_a|low|CUT|VEX/EVEX prefix encoding not cut (SIMD path). Invariant 'no AVX instruction is reached' has been violated.
vpmovzxbq_a|r14|CUT|VEX/EVEX prefix encoding not cut (SIMD path). Invariant 'no AVX instruction is reached' has been violated.
vpmovzxwd_a|low|CUT|VEX/EVEX prefix encoding not cut (SIMD path). Invariant 'no AVX instruction is reached' has been violated.
vpmovzxwd_a|r14|CUT|VEX/EVEX prefix encoding not cut (SIMD path). Invariant 'no AVX instruction is reached' has been violated.
vpmovzxwq_a|low|CUT|VEX/EVEX prefix encoding not cut (SIMD path). Invariant 'no AVX instruction is reached' has been violated.
vpmovzxwq_a|r14|CUT|VEX/EVEX prefix encoding not cut (SIMD path). Invariant 'no AVX instruction is reached' has been violated.
vpmovzxdq_a|low|CUT|VEX/EVEX prefix encoding not cut (SIMD path). Invariant 'no AVX instruction is reached' has been violated.
vpmovzxdq_a|r14|CUT|VEX/EVEX prefix encoding not cut (SIMD path). Invariant 'no AVX instruction is reached' has been violated.
mulb_m|low|40f6e0
mulb_m|r14|41f6e6
mulw_m|low|66f7e0
mulw_m|r14|6641f7e6
mull_m|low|f7e0
mull_m|r14|41f7e6
mulq_m|low|48f7e0
mulq_m|r14|49f7e6
imulb_m|low|40f6e8
imulb_m|r14|41f6ee
imulw_m|low|66f7e8
imulw_m|r14|6641f7ee
imull_m|low|f7e8
imull_m|r14|41f7ee
imulq_m|low|48f7e8
imulq_m|r14|49f7ee
imulw_rm|low|660fafc6
imulw_rm|r14|66450faff7
imull_rm|low|0fafc6
imull_rm|r14|450faff7
imulq_rm|low|480fafc6
imulq_rm|r14|4d0faff7
imulw_rmi_sxb|low|666bc612
imulw_rmi_sxb|r14|66456bf712
imull_rmi_sxb|low|6bc612
imull_rmi_sxb|r14|456bf712
imulq_rmi_sxb|low|486bc612
imulq_rmi_sxb|r14|4d6bf712
imulw_rmi|low|6669c63412
imulw_rmi|r14|664569f73412
imull_rmi|low|69c634120000
imull_rmi|r14|4569f734120000
imulq_rmi_sxl|low|4869c634120000
imulq_rmi_sxl|r14|4d69f734120000
mulxl_rvm|low|CUT|VEX/EVEX prefix encoding not cut (SIMD path). Invariant 'no AVX instruction is reached' has been violated.
mulxl_rvm|r14|CUT|VEX/EVEX prefix encoding not cut (SIMD path). Invariant 'no AVX instruction is reached' has been violated.
mulxq_rvm|low|CUT|VEX/EVEX prefix encoding not cut (SIMD path). Invariant 'no AVX instruction is reached' has been violated.
mulxq_rvm|r14|CUT|VEX/EVEX prefix encoding not cut (SIMD path). Invariant 'no AVX instruction is reached' has been violated.
mulss_a|low|f30f59c1
mulss_a|r14|f3450f59f7
mulsd_a|low|f20f59c1
mulsd_a|r14|f2450f59f7
mulps_a|low|0f59c1
mulps_a|r14|450f59f7
mulpd_a|low|660f59c1
mulpd_a|r14|66450f59f7
pmuldq_a|low|660f3828c1
pmuldq_a|r14|66450f3828f7
pmulhrsw_a|low|660f380bc1
pmulhrsw_a|r14|66450f380bf7
pmulhuw_a|low|660fe4c1
pmulhuw_a|r14|66450fe4f7
pmulhw_a|low|660fe5c1
pmulhw_a|r14|66450fe5f7
pmulld_a|low|660f3840c1
pmulld_a|r14|66450f3840f7
pmullw_a|low|660fd5c1
pmullw_a|r14|66450fd5f7
pmuludq_a|low|660ff4c1
pmuludq_a|r14|66450ff4f7
vmulss_b|low|CUT|VEX/EVEX prefix encoding not cut (SIMD path). Invariant 'no AVX instruction is reached' has been violated.
vmulss_b|r14|CUT|VEX/EVEX prefix encoding not cut (SIMD path). Invariant 'no AVX instruction is reached' has been violated.
vmulsd_b|low|CUT|VEX/EVEX prefix encoding not cut (SIMD path). Invariant 'no AVX instruction is reached' has been violated.
vmulsd_b|r14|CUT|VEX/EVEX prefix encoding not cut (SIMD path). Invariant 'no AVX instruction is reached' has been violated.
vmulps_b|low|CUT|VEX/EVEX prefix encoding not cut (SIMD path). Invariant 'no AVX instruction is reached' has been violated.
vmulps_b|r14|CUT|VEX/EVEX prefix encoding not cut (SIMD path). Invariant 'no AVX instruction is reached' has been violated.
vmulpd_b|low|CUT|VEX/EVEX prefix encoding not cut (SIMD path). Invariant 'no AVX instruction is reached' has been violated.
vmulpd_b|r14|CUT|VEX/EVEX prefix encoding not cut (SIMD path). Invariant 'no AVX instruction is reached' has been violated.
vpmuldq_b|low|CUT|VEX/EVEX prefix encoding not cut (SIMD path). Invariant 'no AVX instruction is reached' has been violated.
vpmuldq_b|r14|CUT|VEX/EVEX prefix encoding not cut (SIMD path). Invariant 'no AVX instruction is reached' has been violated.
vpmulhrsw_b|low|CUT|VEX/EVEX prefix encoding not cut (SIMD path). Invariant 'no AVX instruction is reached' has been violated.
vpmulhrsw_b|r14|CUT|VEX/EVEX prefix encoding not cut (SIMD path). Invariant 'no AVX instruction is reached' has been violated.
vpmulhuw_b|low|CUT|VEX/EVEX prefix encoding not cut (SIMD path). Invariant 'no AVX instruction is reached' has been violated.
vpmulhuw_b|r14|CUT|VEX/EVEX prefix encoding not cut (SIMD path). Invariant 'no AVX instruction is reached' has been violated.
vpmulhw_b|low|CUT|VEX/EVEX prefix encoding not cut (SIMD path). Invariant 'no AVX instruction is reached' has been violated.
vpmulhw_b|r14|CUT|VEX/EVEX prefix encoding not cut (SIMD path). Invariant 'no AVX instruction is reached' has been violated.
vpmulld_b|low|CUT|VEX/EVEX prefix encoding not cut (SIMD path). Invariant 'no AVX instruction is reached' has been violated.
vpmulld_b|r14|CUT|VEX/EVEX prefix encoding not cut (SIMD path). Invariant 'no AVX instruction is reached' has been violated.
vpmullw_b|low|CUT|VEX/EVEX prefix encoding not cut (SIMD path). Invariant 'no AVX instruction is reached' has been violated.
vpmullw_b|r14|CUT|VEX/EVEX prefix encoding not cut (SIMD path). Invariant 'no AVX instruction is reached' has been violated.
vpmuludq_b|low|CUT|VEX/EVEX prefix encoding not cut (SIMD path). Invariant 'no AVX instruction is reached' has been violated.
vpmuludq_b|r14|CUT|VEX/EVEX prefix encoding not cut (SIMD path). Invariant 'no AVX instruction is reached' has been violated.
vpmulld_c|low|CUT|VEX/EVEX prefix encoding not cut (SIMD path). Invariant 'no AVX instruction is reached' has been violated.
vpmulld_c|r14|CUT|VEX/EVEX prefix encoding not cut (SIMD path). Invariant 'no AVX instruction is reached' has been violated.
vpmullq_c|low|CUT|VEX/EVEX prefix encoding not cut (SIMD path). Invariant 'no AVX instruction is reached' has been violated.
vpmullq_c|r14|CUT|VEX/EVEX prefix encoding not cut (SIMD path). Invariant 'no AVX instruction is reached' has been violated.
negb_m|low|f6d8
negb_m|r14|41f6de
negw_m|low|66f7d8
negw_m|r14|6641f7de
negl_m|low|f7d8
negl_m|r14|41f7de
negq_m|low|48f7d8
negq_m|r14|49f7de
notb_m|low|f6d0
notb_m|r14|41f6d6
notw_m|low|66f7d0
notw_m|r14|6641f7d6
notl_m|low|f7d0
notl_m|r14|41f7d6
notq_m|low|48f7d0
notq_m|r14|49f7d6
nop_zo|low|90
nop_zo|r14|90
nopl_m|low|0f1fc0
nopl_m|r14|410f1fc6
nop_1b|low|90
nop_1b|r14|90
nop_2b|low|6690
nop_2b|r14|6690
nop_3b|low|0f1f00
nop_3b|r14|0f1f00
nop_4b|low|0f1f4000
nop_4b|r14|0f1f4000
nop_5b|low|0f1f440000
nop_5b|r14|0f1f440000
nop_6b|low|660f1f440000
nop_6b|r14|660f1f440000
nop_7b|low|0f1f8000000000
nop_7b|r14|0f1f8000000000
nop_8b|low|0f1f840000000000
nop_8b|r14|0f1f840000000000
nop_9b|low|660f1f840000000000
nop_9b|r14|660f1f840000000000
orb_i|low|0c12
orb_i|r14|0c12
orw_i|low|660d3412
orw_i|r14|660d3412
orl_i|low|0d34120000
orl_i|r14|0d34120000
orq_i_sxl|low|480d34120000
orq_i_sxl|r14|480d34120000
orb_mi|low|80c812
orb_mi|r14|4180ce12
orw_mi|low|6681c83412
orw_mi|r14|664181ce3412
orl_mi|low|81c834120000
orl_mi|r14|4181ce34120000
orq_mi_sxl|low|4881c834120000
orq_mi_sxl|r14|4981ce34120000
orl_mi_sxb|low|83c812
orl_mi_sxb|r14|4183ce12
orq_mi_sxb|low|4883c812
orq_mi_sxb|r14|4983ce12
orb_mr|low|4008f0
orb_mr|r14|4508fe
orw_mr|low|6609f0
orw_mr|r14|664509fe
orl_mr|low|09f0
orl_mr|r14|4509fe
orq_mr|low|4809f0
orq_mr|r14|4d09fe
orb_rm|low|400ac6
orb_rm|r14|450af7
orw_rm|low|660bc6
orw_rm|r14|66450bf7
orl_rm|low|0bc6
orl_rm|r14|450bf7
orq_rm|low|480bc6
orq_rm|r14|4d0bf7
orps_a|low|0f56c1
orps_a|r14|450f56f7
orpd_a|low|660f56c1
orpd_a|r14|66450f56f7
por_a|low|660febc1
por_a|r14|66450febf7
vorps_b|low|CUT|VEX/EVEX prefix encoding not cut (SIMD path). Invariant 'no AVX instruction is reached' has been violated.
vorps_b|r14|CUT|VEX/EVEX prefix encoding not cut (SIMD path). Invariant 'no AVX instruction is reached' has been violated.
vorpd_b|low|CUT|VEX/EVEX prefix encoding not cut (SIMD path). Invariant 'no AVX instruction is reached' has been violated.
vorpd_b|r14|CUT|VEX/EVEX prefix encoding not cut (SIMD path). Invariant 'no AVX instruction is reached' has been violated.
vpor_b|low|CUT|VEX/EVEX prefix encoding not cut (SIMD path). Invariant 'no AVX instruction is reached' has been violated.
vpor_b|r14|CUT|VEX/EVEX prefix encoding not cut (SIMD path). Invariant 'no AVX instruction is reached' has been violated.
packsswb_a|low|660f63c1
packsswb_a|r14|66450f63f7
packssdw_a|low|660f6bc1
packssdw_a|r14|66450f6bf7
vpacksswb_b|low|CUT|VEX/EVEX prefix encoding not cut (SIMD path). Invariant 'no AVX instruction is reached' has been violated.
vpacksswb_b|r14|CUT|VEX/EVEX prefix encoding not cut (SIMD path). Invariant 'no AVX instruction is reached' has been violated.
vpackssdw_b|low|CUT|VEX/EVEX prefix encoding not cut (SIMD path). Invariant 'no AVX instruction is reached' has been violated.
vpackssdw_b|r14|CUT|VEX/EVEX prefix encoding not cut (SIMD path). Invariant 'no AVX instruction is reached' has been violated.
packuswb_a|low|660f67c1
packuswb_a|r14|66450f67f7
packusdw_a|low|660f382bc1
packusdw_a|r14|66450f382bf7
vpackuswb_b|low|CUT|VEX/EVEX prefix encoding not cut (SIMD path). Invariant 'no AVX instruction is reached' has been violated.
vpackuswb_b|r14|CUT|VEX/EVEX prefix encoding not cut (SIMD path). Invariant 'no AVX instruction is reached' has been violated.
vpackusdw_b|low|CUT|VEX/EVEX prefix encoding not cut (SIMD path). Invariant 'no AVX instruction is reached' has been violated.
vpackusdw_b|r14|CUT|VEX/EVEX prefix encoding not cut (SIMD path). Invariant 'no AVX instruction is reached' has been violated.
pmaddwd_a|low|660ff5c1
pmaddwd_a|r14|66450ff5f7
vpmaddwd_b|low|CUT|VEX/EVEX prefix encoding not cut (SIMD path). Invariant 'no AVX instruction is reached' has been violated.
vpmaddwd_b|r14|CUT|VEX/EVEX prefix encoding not cut (SIMD path). Invariant 'no AVX instruction is reached' has been violated.
pmaddubsw_a|low|660f3804c1
pmaddubsw_a|r14|66450f3804f7
vpmaddubsw_b|low|CUT|VEX/EVEX prefix encoding not cut (SIMD path). Invariant 'no AVX instruction is reached' has been violated.
vpmaddubsw_b|r14|CUT|VEX/EVEX prefix encoding not cut (SIMD path). Invariant 'no AVX instruction is reached' has been violated.
rcpps_rm|low|0f53c1
rcpps_rm|r14|450f53f7
rcpss_rm|low|f30f53c1
rcpss_rm|r14|f3450f53f7
rsqrtps_rm|low|0f52c1
rsqrtps_rm|r14|450f52f7
rsqrtss_rm|low|f30f52c1
rsqrtss_rm|r14|f3450f52f7
vrcpps_rm|low|CUT|VEX/EVEX prefix encoding not cut (SIMD path). Invariant 'no AVX instruction is reached' has been violated.
vrcpps_rm|r14|CUT|VEX/EVEX prefix encoding not cut (SIMD path). Invariant 'no AVX instruction is reached' has been violated.
vrcpss_rvm|low|CUT|VEX/EVEX prefix encoding not cut (SIMD path). Invariant 'no AVX instruction is reached' has been violated.
vrcpss_rvm|r14|CUT|VEX/EVEX prefix encoding not cut (SIMD path). Invariant 'no AVX instruction is reached' has been violated.
vrsqrtps_rm|low|CUT|VEX/EVEX prefix encoding not cut (SIMD path). Invariant 'no AVX instruction is reached' has been violated.
vrsqrtps_rm|r14|CUT|VEX/EVEX prefix encoding not cut (SIMD path). Invariant 'no AVX instruction is reached' has been violated.
vrsqrtss_rvm|low|CUT|VEX/EVEX prefix encoding not cut (SIMD path). Invariant 'no AVX instruction is reached' has been violated.
vrsqrtss_rvm|r14|CUT|VEX/EVEX prefix encoding not cut (SIMD path). Invariant 'no AVX instruction is reached' has been violated.
roundpd_rmi|low|660f3a09c112
roundpd_rmi|r14|66450f3a09f712
roundps_rmi|low|660f3a08c112
roundps_rmi|r14|66450f3a08f712
roundsd_rmi|low|660f3a0bc112
roundsd_rmi|r14|66450f3a0bf712
roundss_rmi|low|660f3a0ac112
roundss_rmi|r14|66450f3a0af712
vroundpd_rmi|low|CUT|VEX/EVEX prefix encoding not cut (SIMD path). Invariant 'no AVX instruction is reached' has been violated.
vroundpd_rmi|r14|CUT|VEX/EVEX prefix encoding not cut (SIMD path). Invariant 'no AVX instruction is reached' has been violated.
vroundps_rmi|low|CUT|VEX/EVEX prefix encoding not cut (SIMD path). Invariant 'no AVX instruction is reached' has been violated.
vroundps_rmi|r14|CUT|VEX/EVEX prefix encoding not cut (SIMD path). Invariant 'no AVX instruction is reached' has been violated.
vroundsd_rvmi|low|CUT|VEX/EVEX prefix encoding not cut (SIMD path). Invariant 'no AVX instruction is reached' has been violated.
vroundsd_rvmi|r14|CUT|VEX/EVEX prefix encoding not cut (SIMD path). Invariant 'no AVX instruction is reached' has been violated.
vroundss_rvmi|low|CUT|VEX/EVEX prefix encoding not cut (SIMD path). Invariant 'no AVX instruction is reached' has been violated.
vroundss_rvmi|r14|CUT|VEX/EVEX prefix encoding not cut (SIMD path). Invariant 'no AVX instruction is reached' has been violated.
seta_m|low|0f97c0
seta_m|r14|410f97c6
setae_m|low|0f93c0
setae_m|r14|410f93c6
setb_m|low|0f92c0
setb_m|r14|410f92c6
setbe_m|low|0f96c0
setbe_m|r14|410f96c6
sete_m|low|0f94c0
sete_m|r14|410f94c6
setg_m|low|0f9fc0
setg_m|r14|410f9fc6
setge_m|low|0f9dc0
setge_m|r14|410f9dc6
setl_m|low|0f9cc0
setl_m|r14|410f9cc6
setle_m|low|0f9ec0
setle_m|r14|410f9ec6
setne_m|low|0f95c0
setne_m|r14|410f95c6
setno_m|low|0f91c0
setno_m|r14|410f91c6
setnp_m|low|0f9bc0
setnp_m|r14|410f9bc6
setns_m|low|0f99c0
setns_m|r14|410f99c6
seto_m|low|0f90c0
seto_m|r14|410f90c6
setp_m|low|0f9ac0
setp_m|r14|410f9ac6
sets_m|low|0f98c0
sets_m|r14|410f98c6
sarb_mc|low|40d2f8
sarb_mc|r14|41d2fe
sarb_mi|low|40c0f812
sarb_mi|r14|41c0fe12
sarb_m1|low|40d0f8
sarb_m1|r14|41d0fe
sarw_mc|low|66d3f8
sarw_mc|r14|6641d3fe
sarw_mi|low|66c1f812
sarw_mi|r14|6641c1fe12
sarw_m1|low|66d1f8
sarw_m1|r14|6641d1fe
sarl_mc|low|d3f8
sarl_mc|r14|41d3fe
sarl_mi|low|c1f812
sarl_mi|r14|41c1fe12
sarl_m1|low|d1f8
sarl_m1|r14|41d1fe
sarq_mc|low|48d3f8
sarq_mc|r14|49d3fe
sarq_mi|low|48c1f812
sarq_mi|r14|49c1fe12
sarq_m1|low|48d1f8
sarq_m1|r14|49d1fe
shlb_mc|low|40d2e0
shlb_mc|r14|41d2e6
shlb_mi|low|40c0e012
shlb_mi|r14|41c0e612
shlb_m1|low|40d0e0
shlb_m1|r14|41d0e6
shlw_mc|low|66d3e0
shlw_mc|r14|6641d3e6
shlw_mi|low|66c1e012
shlw_mi|r14|6641c1e612
shlw_m1|low|66d1e0
shlw_m1|r14|6641d1e6
shll_mc|low|d3e0
shll_mc|r14|41d3e6
shll_mi|low|c1e012
shll_mi|r14|41c1e612
shll_m1|low|d1e0
shll_m1|r14|41d1e6
shlq_mc|low|48d3e0
shlq_mc|r14|49d3e6
shlq_mi|low|48c1e012
shlq_mi|r14|49c1e612
shlq_m1|low|48d1e0
shlq_m1|r14|49d1e6
shrb_mc|low|40d2e8
shrb_mc|r14|41d2ee
shrb_mi|low|40c0e812
shrb_mi|r14|41c0ee12
shrb_m1|low|40d0e8
shrb_m1|r14|41d0ee
shrw_mc|low|66d3e8
shrw_mc|r14|6641d3ee
shrw_mi|low|66c1e812
shrw_mi|r14|6641c1ee12
shrw_m1|low|66d1e8
shrw_m1|r14|6641d1ee
shrl_mc|low|d3e8
shrl_mc|r14|41d3ee
shrl_mi|low|c1e812
shrl_mi|r14|41c1ee12
shrl_m1|low|d1e8
shrl_m1|r14|41d1ee
shrq_mc|low|48d3e8
shrq_mc|r14|49d3ee
shrq_mi|low|48c1e812
shrq_mi|r14|49c1ee12
shrq_m1|low|48d1e8
shrq_m1|r14|49d1ee
rolb_mc|low|d2c0
rolb_mc|r14|41d2c6
rolb_mi|low|c0c012
rolb_mi|r14|41c0c612
rolb_m1|low|d0c0
rolb_m1|r14|41d0c6
rolw_mc|low|66d3c0
rolw_mc|r14|6641d3c6
rolw_mi|low|66c1c012
rolw_mi|r14|6641c1c612
rolw_m1|low|66d1c0
rolw_m1|r14|6641d1c6
roll_mc|low|d3c0
roll_mc|r14|41d3c6
roll_mi|low|c1c012
roll_mi|r14|41c1c612
roll_m1|low|d1c0
roll_m1|r14|41d1c6
rolq_mc|low|48d3c0
rolq_mc|r14|49d3c6
rolq_mi|low|48c1c012
rolq_mi|r14|49c1c612
rolq_m1|low|48d1c0
rolq_m1|r14|49d1c6
rorb_mc|low|d2c8
rorb_mc|r14|41d2ce
rorb_mi|low|c0c812
rorb_mi|r14|41c0ce12
rorb_m1|low|d0c8
rorb_m1|r14|41d0ce
rorw_mc|low|66d3c8
rorw_mc|r14|6641d3ce
rorw_mi|low|66c1c812
rorw_mi|r14|6641c1ce12
rorw_m1|low|66d1c8
rorw_m1|r14|6641d1ce
rorl_mc|low|d3c8
rorl_mc|r14|41d3ce
rorl_mi|low|c1c812
rorl_mi|r14|41c1ce12
rorl_m1|low|d1c8
rorl_m1|r14|41d1ce
rorq_mc|low|48d3c8
rorq_mc|r14|49d3ce
rorq_mi|low|48c1c812
rorq_mi|r14|49c1ce12
rorq_m1|low|48d1c8
rorq_m1|r14|49d1ce
shldw_mri|low|660fa4f012
shldw_mri|r14|66450fa4fe12
shldw_mrc|low|660fa5f0
shldw_mrc|r14|66450fa5fe
shldl_mri|low|0fa4f012
shldl_mri|r14|450fa4fe12
shldq_mri|low|480fa4f012
shldq_mri|r14|4d0fa4fe12
shldl_mrc|low|0fa5f0
shldl_mrc|r14|450fa5fe
shldq_mrc|low|480fa5f0
shldq_mrc|r14|4d0fa5fe
sarxl_rmv|low|CUT|VEX/EVEX prefix encoding not cut (SIMD path). Invariant 'no AVX instruction is reached' has been violated.
sarxl_rmv|r14|CUT|VEX/EVEX prefix encoding not cut (SIMD path). Invariant 'no AVX instruction is reached' has been violated.
shlxl_rmv|low|CUT|VEX/EVEX prefix encoding not cut (SIMD path). Invariant 'no AVX instruction is reached' has been violated.
shlxl_rmv|r14|CUT|VEX/EVEX prefix encoding not cut (SIMD path). Invariant 'no AVX instruction is reached' has been violated.
shrxl_rmv|low|CUT|VEX/EVEX prefix encoding not cut (SIMD path). Invariant 'no AVX instruction is reached' has been violated.
shrxl_rmv|r14|CUT|VEX/EVEX prefix encoding not cut (SIMD path). Invariant 'no AVX instruction is reached' has been violated.
sarxq_rmv|low|CUT|VEX/EVEX prefix encoding not cut (SIMD path). Invariant 'no AVX instruction is reached' has been violated.
sarxq_rmv|r14|CUT|VEX/EVEX prefix encoding not cut (SIMD path). Invariant 'no AVX instruction is reached' has been violated.
shlxq_rmv|low|CUT|VEX/EVEX prefix encoding not cut (SIMD path). Invariant 'no AVX instruction is reached' has been violated.
shlxq_rmv|r14|CUT|VEX/EVEX prefix encoding not cut (SIMD path). Invariant 'no AVX instruction is reached' has been violated.
shrxq_rmv|low|CUT|VEX/EVEX prefix encoding not cut (SIMD path). Invariant 'no AVX instruction is reached' has been violated.
shrxq_rmv|r14|CUT|VEX/EVEX prefix encoding not cut (SIMD path). Invariant 'no AVX instruction is reached' has been violated.
rorxl_rmi|low|CUT|VEX/EVEX prefix encoding not cut (SIMD path). Invariant 'no AVX instruction is reached' has been violated.
rorxl_rmi|r14|CUT|VEX/EVEX prefix encoding not cut (SIMD path). Invariant 'no AVX instruction is reached' has been violated.
rorxq_rmi|low|CUT|VEX/EVEX prefix encoding not cut (SIMD path). Invariant 'no AVX instruction is reached' has been violated.
rorxq_rmi|r14|CUT|VEX/EVEX prefix encoding not cut (SIMD path). Invariant 'no AVX instruction is reached' has been violated.
psllw_a|low|660ff1c1
psllw_a|r14|66450ff1f7
psllw_b|low|660f71f012
psllw_b|r14|66410f71f612
pslld_a|low|660ff2c1
pslld_a|r14|66450ff2f7
pslld_b|low|660f72f012
pslld_b|r14|66410f72f612
psllq_a|low|660ff3c1
psllq_a|r14|66450ff3f7
psllq_b|low|660f73f012
psllq_b|r14|66410f73f612
vpsllw_c|low|CUT|VEX/EVEX prefix encoding not cut (SIMD path). Invariant 'no AVX instruction is reached' has been violated.
vpsllw_c|r14|CUT|VEX/EVEX prefix encoding not cut (SIMD path). Invariant 'no AVX instruction is reached' has been violated.
vpsllw_d|low|CUT|VEX/EVEX prefix encoding not cut (SIMD path). Invariant 'no AVX instruction is reached' has been violated.
vpsllw_d|r14|CUT|VEX/EVEX prefix encoding not cut (SIMD path). Invariant 'no AVX instruction is reached' has been violated.
vpslld_c|low|CUT|VEX/EVEX prefix encoding not cut (SIMD path). Invariant 'no AVX instruction is reached' has been violated.
vpslld_c|r14|CUT|VEX/EVEX prefix encoding not cut (SIMD path). Invariant 'no AVX instruction is reached' has been violated.
vpslld_d|low|CUT|VEX/EVEX prefix encoding not cut (SIMD path). Invariant 'no AVX instruction is reached' has been violated.
vpslld_d|r14|CUT|VEX/EVEX prefix encoding not cut (SIMD path). Invariant 'no AVX instruction is reached' has been violated.
vpsllq_c|low|CUT|VEX/EVEX prefix encoding not cut (SIMD path). Invariant 'no AVX instruction is reached' has been violated.
vpsllq_c|r14|CUT|VEX/EVEX prefix encoding not cut (SIMD path). Invariant 'no AVX instruction is reached' has been violated.
vpsllq_d|low|CUT|VEX/EVEX prefix encoding not cut (SIMD path). Invariant 'no AVX instruction is reached' has been violated.
vpsllq_d|r14|CUT|VEX/EVEX prefix encoding not cut (SIMD path). Invariant 'no AVX instruction is reached' has been violated.
vpslld_g|low|CUT|VEX/EVEX prefix encoding not cut (SIMD path). Invariant 'no AVX instruction is reached' has been violated.
vpslld_g|r14|CUT|VEX/EVEX prefix encoding not cut (SIMD path). Invariant 'no AVX instruction is reached' has been violated.
vpslld_f|low|CUT|VEX/EVEX prefix encoding not cut (SIMD path). Invariant 'no AVX instruction is reached' has been violated.
vpslld_f|r14|CUT|VEX/EVEX prefix encoding not cut (SIMD path). Invariant 'no AVX instruction is reached' has been violated.
vpsllq_g|low|CUT|VEX/EVEX prefix encoding not cut (SIMD path). Invariant 'no AVX instruction is reached' has been violated.
vpsllq_g|r14|CUT|VEX/EVEX prefix encoding not cut (SIMD path). Invariant 'no AVX instruction is reached' has been violated.
vpsllq_f|low|CUT|VEX/EVEX prefix encoding not cut (SIMD path). Invariant 'no AVX instruction is reached' has been violated.
vpsllq_f|r14|CUT|VEX/EVEX prefix encoding not cut (SIMD path). Invariant 'no AVX instruction is reached' has been violated.
psraw_a|low|660fe1c1
psraw_a|r14|66450fe1f7
psraw_b|low|660f71e012
psraw_b|r14|66410f71e612
psrad_a|low|660fe2c1
psrad_a|r14|66450fe2f7
psrad_b|low|660f72e012
psrad_b|r14|66410f72e612
psrlw_a|low|660fd1c1
psrlw_a|r14|66450fd1f7
psrlw_b|low|660f71d012
psrlw_b|r14|66410f71d612
psrld_a|low|660fd2c1
psrld_a|r14|66450fd2f7
psrld_b|low|660f72d012
psrld_b|r14|66410f72d612
psrlq_a|low|660fd3c1
psrlq_a|r14|66450fd3f7
psrlq_b|low|660f73d012
psrlq_b|r14|66410f73d612
vpsraw_c|low|CUT|VEX/EVEX prefix encoding not cut (SIMD path). Invariant 'no AVX instruction is reached' has been violated.
vpsraw_c|r14|CUT|VEX/EVEX prefix encoding not cut (SIMD path). Invariant 'no AVX instruction is reached' has been violated.
vpsraw_d|low|CUT|VEX/EVEX prefix encoding not cut (SIMD path). Invariant 'no AVX instruction is reached' has been violated.
vpsraw_d|r14|CUT|VEX/EVEX prefix encoding not cut (SIMD path). Invariant 'no AVX instruction is reached' has been violated.
vpsrad_c|low|CUT|VEX/EVEX prefix encoding not cut (SIMD path). Invariant 'no AVX instruction is reached' has been violated.
vpsrad_c|r14|CUT|VEX/EVEX prefix encoding not cut (SIMD path). Invariant 'no AVX instruction is reached' has been violated.
vpsrad_d|low|CUT|VEX/EVEX prefix encoding not cut (SIMD path). Invariant 'no AVX instruction is reached' has been violated.
vpsrad_d|r14|CUT|VEX/EVEX prefix encoding not cut (SIMD path). Invariant 'no AVX instruction is reached' has been violated.
vpsrlw_c|low|CUT|VEX/EVEX prefix encoding not cut (SIMD path). Invariant 'no AVX instruction is reached' has been violated.
vpsrlw_c|r14|CUT|VEX/EVEX prefix encoding not cut (SIMD path). Invariant 'no AVX instruction is reached' has been violated.
vpsrlw_d|low|CUT|VEX/EVEX prefix encoding not cut (SIMD path). Invariant 'no AVX instruction is reached' has been violated.
vpsrlw_d|r14|CUT|VEX/EVEX prefix encoding not cut (SIMD path). Invariant 'no AVX instruction is reached' has been violated.
vpsrld_c|low|CUT|VEX/EVEX prefix encoding not cut (SIMD path). Invariant 'no AVX instruction is reached' has been violated.
vpsrld_c|r14|CUT|VEX/EVEX prefix encoding not cut (SIMD path). Invariant 'no AVX instruction is reached' has been violated.
vpsrld_d|low|CUT|VEX/EVEX prefix encoding not cut (SIMD path). Invariant 'no AVX instruction is reached' has been violated.
vpsrld_d|r14|CUT|VEX/EVEX prefix encoding not cut (SIMD path). Invariant 'no AVX instruction is reached' has been violated.
vpsrlq_c|low|CUT|VEX/EVEX prefix encoding not cut (SIMD path). Invariant 'no AVX instruction is reached' has been violated.
vpsrlq_c|r14|CUT|VEX/EVEX prefix encoding not cut (SIMD path). Invariant 'no AVX instruction is reached' has been violated.
vpsrlq_d|low|CUT|VEX/EVEX prefix encoding not cut (SIMD path). Invariant 'no AVX instruction is reached' has been violated.
vpsrlq_d|r14|CUT|VEX/EVEX prefix encoding not cut (SIMD path). Invariant 'no AVX instruction is reached' has been violated.
vpsrad_g|low|CUT|VEX/EVEX prefix encoding not cut (SIMD path). Invariant 'no AVX instruction is reached' has been violated.
vpsrad_g|r14|CUT|VEX/EVEX prefix encoding not cut (SIMD path). Invariant 'no AVX instruction is reached' has been violated.
vpsrad_f|low|CUT|VEX/EVEX prefix encoding not cut (SIMD path). Invariant 'no AVX instruction is reached' has been violated.
vpsrad_f|r14|CUT|VEX/EVEX prefix encoding not cut (SIMD path). Invariant 'no AVX instruction is reached' has been violated.
vpsraq_g|low|CUT|VEX/EVEX prefix encoding not cut (SIMD path). Invariant 'no AVX instruction is reached' has been violated.
vpsraq_g|r14|CUT|VEX/EVEX prefix encoding not cut (SIMD path). Invariant 'no AVX instruction is reached' has been violated.
vpsraq_f|low|CUT|VEX/EVEX prefix encoding not cut (SIMD path). Invariant 'no AVX instruction is reached' has been violated.
vpsraq_f|r14|CUT|VEX/EVEX prefix encoding not cut (SIMD path). Invariant 'no AVX instruction is reached' has been violated.
vpsrld_g|low|CUT|VEX/EVEX prefix encoding not cut (SIMD path). Invariant 'no AVX instruction is reached' has been violated.
vpsrld_g|r14|CUT|VEX/EVEX prefix encoding not cut (SIMD path). Invariant 'no AVX instruction is reached' has been violated.
vpsrld_f|low|CUT|VEX/EVEX prefix encoding not cut (SIMD path). Invariant 'no AVX instruction is reached' has been violated.
vpsrld_f|r14|CUT|VEX/EVEX prefix encoding not cut (SIMD path). Invariant 'no AVX instruction is reached' has been violated.
vpsrlq_g|low|CUT|VEX/EVEX prefix encoding not cut (SIMD path). Invariant 'no AVX instruction is reached' has been violated.
vpsrlq_g|r14|CUT|VEX/EVEX prefix encoding not cut (SIMD path). Invariant 'no AVX instruction is reached' has been violated.
vpsrlq_f|low|CUT|VEX/EVEX prefix encoding not cut (SIMD path). Invariant 'no AVX instruction is reached' has been violated.
vpsrlq_f|r14|CUT|VEX/EVEX prefix encoding not cut (SIMD path). Invariant 'no AVX instruction is reached' has been violated.
sqrtss_a|low|f30f51c1
sqrtss_a|r14|f3450f51f7
sqrtsd_a|low|f20f51c1
sqrtsd_a|r14|f2450f51f7
sqrtps_a|low|0f51c1
sqrtps_a|r14|450f51f7
sqrtpd_a|low|660f51c1
sqrtpd_a|r14|66450f51f7
vsqrtss_b|low|CUT|VEX/EVEX prefix encoding not cut (SIMD path). Invariant 'no AVX instruction is reached' has been violated.
vsqrtss_b|r14|CUT|VEX/EVEX prefix encoding not cut (SIMD path). Invariant 'no AVX instruction is reached' has been violated.
vsqrtsd_b|low|CUT|VEX/EVEX prefix encoding not cut (SIMD path). Invariant 'no AVX instruction is reached' has been violated.
vsqrtsd_b|r14|CUT|VEX/EVEX prefix encoding not cut (SIMD path). Invariant 'no AVX instruction is reached' has been violated.
vsqrtps_b|low|CUT|VEX/EVEX prefix encoding not cut (SIMD path). Invariant 'no AVX instruction is reached' has been violated.
vsqrtps_b|r14|CUT|VEX/EVEX prefix encoding not cut (SIMD path). Invariant 'no AVX instruction is reached' has been violated.
vsqrtpd_b|low|CUT|VEX/EVEX prefix encoding not cut (SIMD path). Invariant 'no AVX instruction is reached' has been violated.
vsqrtpd_b|r14|CUT|VEX/EVEX prefix encoding not cut (SIMD path). Invariant 'no AVX instruction is reached' has been violated.
popw_m|low|668fc0
popw_m|r14|66418fc6
popq_m|low|8fc0
popq_m|r14|418fc6
popw_o|low|6658
popw_o|r14|66415e
popq_o|low|58
popq_o|r14|415e
pushw_m|low|66fff0
pushw_m|r14|6641fff6
pushq_m|low|fff0
pushq_m|r14|41fff6
pushw_o|low|6650
pushw_o|r14|664156
pushq_o|low|50
pushq_o|r14|4156
pushq_i8|low|6a12
pushq_i8|r14|6a12
pushw_i16|low|66683412
pushw_i16|r14|66683412
pushq_i32|low|6834120000
pushq_i32|r14|6834120000
subb_i|low|2c12
subb_i|r14|2c12
subw_i|low|662d3412
subw_i|r14|662d3412
subl_i|low|2d34120000
subl_i|r14|2d34120000
subq_i_sxl|low|482d34120000
subq_i_sxl|r14|482d34120000
subb_mi|low|4080e812
subb_mi|r14|4180ee12
subw_mi|low|6681e83412
subw_mi|r14|664181ee3412
subl_mi|low|81e834120000
subl_mi|r14|4181ee34120000
subq_mi_sxl|low|4881e834120000
subq_mi_sxl|r14|4981ee34120000
subl_mi_sxb|low|83e812
subl_mi_sxb|r14|4183ee12
subq_mi_sxb|low|4883e812
subq_mi_sxb|r14|4983ee12
subb_mr|low|4028f0
subb_mr|r14|4528fe
subw_mr|low|6629f0
subw_mr|r14|664529fe
subl_mr|low|29f0
subl_mr|r14|4529fe
subq_mr|low|4829f0
subq_mr|r14|4d29fe
subb_rm|low|402ac6
subb_rm|r14|452af7
subw_rm|low|662bc6
subw_rm|r14|66452bf7
subl_rm|low|2bc6
subl_rm|r14|452bf7
subq_rm|low|482bc6
subq_rm|r14|4d2bf7
sbbb_i|low|1c12
sbbb_i|r14|1c12
sbbw_i|low|661d3412
sbbw_i|r14|661d3412
sbbl_i|low|1d34120000
sbbl_i|r14|1d34120000
sbbq_i_sxl|low|481d34120000
sbbq_i_sxl|r14|481d34120000
sbbb_mi|low|80d812
sbbb_mi|r14|4180de12
sbbw_mi|low|6681d83412
sbbw_mi|r14|664181de3412
sbbl_mi|low|81d834120000
sbbl_mi|r14|4181de34120000
sbbq_mi_sxl|low|4881d834120000
sbbq_mi_sxl|r14|4981de34120000
sbbl_mi_sxb|low|83d812
sbbl_mi_sxb|r14|4183de12
sbbq_mi_sxb|low|4883d812
sbbq_mi_sxb|r14|4983de12
sbbb_mr|low|4018f0
sbbb_mr|r14|4518fe
sbbw_mr|low|6619f0
sbbw_mr|r14|664519fe
sbbl_mr|low|19f0
sbbl_mr|r14|4519fe
sbbq_mr|low|4819f0
sbbq_mr|r14|4d19fe
sbbb_rm|low|401ac6
sbbb_rm|r14|451af7
sbbw_rm|low|661bc6
sbbw_rm|r14|66451bf7
sbbl_rm|low|1bc6
sbbl_rm|r14|451bf7
sbbq_rm|low|481bc6
sbbq_rm|r14|4d1bf7
subss_a|low|f30f5cc1
subss_a|r14|f3450f5cf7
subsd_a|low|f20f5cc1
subsd_a|r14|f2450f5cf7
subps_a|low|0f5cc1
subps_a|r14|450f5cf7
subpd_a|low|660f5cc1
subpd_a|r14|66450f5cf7
psubb_a|low|660ff8c1
psubb_a|r14|66450ff8f7
psubw_a|low|660ff9c1
psubw_a|r14|66450ff9f7
psubd_a|low|660ffac1
psubd_a|r14|66450ffaf7
psubq_a|low|660ffbc1
psubq_a|r14|66450ffbf7
psubsb_a|low|660fe8c1
psubsb_a|r14|66450fe8f7
psubsw_a|low|660fe9c1
psubsw_a|r14|66450fe9f7
psubusb_a|low|660fd8c1
psubusb_a|r14|66450fd8f7
psubusw_a|low|660fd9c1
psubusw_a|r14|66450fd9f7
vsubss_b|low|CUT|VEX/EVEX prefix encoding not cut (SIMD path). Invariant 'no AVX instruction is reached' has been violated.
vsubss_b|r14|CUT|VEX/EVEX prefix encoding not cut (SIMD path). Invariant 'no AVX instruction is reached' has been violated.
vsubsd_b|low|CUT|VEX/EVEX prefix encoding not cut (SIMD path). Invariant 'no AVX instruction is reached' has been violated.
vsubsd_b|r14|CUT|VEX/EVEX prefix encoding not cut (SIMD path). Invariant 'no AVX instruction is reached' has been violated.
vsubps_b|low|CUT|VEX/EVEX prefix encoding not cut (SIMD path). Invariant 'no AVX instruction is reached' has been violated.
vsubps_b|r14|CUT|VEX/EVEX prefix encoding not cut (SIMD path). Invariant 'no AVX instruction is reached' has been violated.
vsubpd_b|low|CUT|VEX/EVEX prefix encoding not cut (SIMD path). Invariant 'no AVX instruction is reached' has been violated.
vsubpd_b|r14|CUT|VEX/EVEX prefix encoding not cut (SIMD path). Invariant 'no AVX instruction is reached' has been violated.
vpsubb_b|low|CUT|VEX/EVEX prefix encoding not cut (SIMD path). Invariant 'no AVX instruction is reached' has been violated.
vpsubb_b|r14|CUT|VEX/EVEX prefix encoding not cut (SIMD path). Invariant 'no AVX instruction is reached' has been violated.
vpsubw_b|low|CUT|VEX/EVEX prefix encoding not cut (SIMD path). Invariant 'no AVX instruction is reached' has been violated.
vpsubw_b|r14|CUT|VEX/EVEX prefix encoding not cut (SIMD path). Invariant 'no AVX instruction is reached' has been violated.
vpsubd_b|low|CUT|VEX/EVEX prefix encoding not cut (SIMD path). Invariant 'no AVX instruction is reached' has been violated.
vpsubd_b|r14|CUT|VEX/EVEX prefix encoding not cut (SIMD path). Invariant 'no AVX instruction is reached' has been violated.
vpsubq_b|low|CUT|VEX/EVEX prefix encoding not cut (SIMD path). Invariant 'no AVX instruction is reached' has been violated.
vpsubq_b|r14|CUT|VEX/EVEX prefix encoding not cut (SIMD path). Invariant 'no AVX instruction is reached' has been violated.
vpsubsb_b|low|CUT|VEX/EVEX prefix encoding not cut (SIMD path). Invariant 'no AVX instruction is reached' has been violated.
vpsubsb_b|r14|CUT|VEX/EVEX prefix encoding not cut (SIMD path). Invariant 'no AVX instruction is reached' has been violated.
vpsubsw_b|low|CUT|VEX/EVEX prefix encoding not cut (SIMD path). Invariant 'no AVX instruction is reached' has been violated.
vpsubsw_b|r14|CUT|VEX/EVEX prefix encoding not cut (SIMD path). Invariant 'no AVX instruction is reached' has been violated.
vpsubusb_b|low|CUT|VEX/EVEX prefix encoding not cut (SIMD path). Invariant 'no AVX instruction is reached' has been violated.
vpsubusb_b|r14|CUT|VEX/EVEX prefix encoding not cut (SIMD path). Invariant 'no AVX instruction is reached' has been violated.
vpsubusw_b|low|CUT|VEX/EVEX prefix encoding not cut (SIMD path). Invariant 'no AVX instruction is reached' has been violated.
vpsubusw_b|r14|CUT|VEX/EVEX prefix encoding not cut (SIMD path). Invariant 'no AVX instruction is reached' has been violated.
unpcklps_a|low|0f14c1
unpcklps_a|r14|450f14f7
unpcklpd_a|low|660f14c1
unpcklpd_a|r14|66450f14f7
unpckhps_a|low|0f15c1
unpckhps_a|r14|450f15f7
vunpcklps_b|low|CUT|VEX/EVEX prefix encoding not cut (SIMD path). Invariant 'no AVX instruction is reached' has been violated.
vunpcklps_b|r14|CUT|VEX/EVEX prefix encoding not cut (SIMD path). Invariant 'no AVX instruction is reached' has been violated.
vunpcklpd_b|low|CUT|VEX/EVEX prefix encoding not cut (SIMD path). Invariant 'no AVX instruction is reached' has been violated.
vunpcklpd_b|r14|CUT|VEX/EVEX prefix encoding not cut (SIMD path). Invariant 'no AVX instruction is reached' has been violated.
vunpckhps_b|low|CUT|VEX/EVEX prefix encoding not cut (SIMD path). Invariant 'no AVX instruction is reached' has been violated.
vunpckhps_b|r14|CUT|VEX/EVEX prefix encoding not cut (SIMD path). Invariant 'no AVX instruction is reached' has been violated.
punpckhbw_a|low|660f68c1
punpckhbw_a|r14|66450f68f7
punpckhwd_a|low|660f69c1
punpckhwd_a|r14|66450f69f7
punpckhdq_a|low|660f6ac1
punpckhdq_a|r14|66450f6af7
punpckhqdq_a|low|660f6dc1
punpckhqdq_a|r14|66450f6df7
punpcklwd_a|low|660f61c1
punpcklwd_a|r14|66450f61f7
punpcklbw_a|low|660f60c1
punpcklbw_a|r14|66450f60f7
punpckldq_a|low|660f62c1
punpckldq_a|r14|66450f62f7
punpcklqdq_a|low|660f6cc1
punpcklqdq_a|r14|66450f6cf7
vpunpckhbw_b|low|CUT|VEX/EVEX prefix encoding not cut (SIMD path). Invariant 'no AVX instruction is reached' has been violated.
vpunpckhbw_b|r14|CUT|VEX/EVEX prefix encoding not cut (SIMD path). Invariant 'no AVX instruction is reached' has been violated.
vpunpckhwd_b|low|CUT|VEX/EVEX prefix encoding not cut (SIMD path). Invariant 'no AVX instruction is reached' has been violated.
vpunpckhwd_b|r14|CUT|VEX/EVEX prefix encoding not cut (SIMD path). Invariant 'no AVX instruction is reached' has been violated.
vpunpckhdq_b|low|CUT|VEX/EVEX prefix encoding not cut (SIMD path). Invariant 'no AVX instruction is reached' has been violated.
vpunpckhdq_b|r14|CUT|VEX/EVEX prefix encoding not cut (SIMD path). Invariant 'no AVX instruction is reached' has been violated.
vpunpckhqdq_b|low|CUT|VEX/EVEX prefix encoding not cut (SIMD path). Invariant 'no AVX instruction is reached' has been violated.
vpunpckhqdq_b|r14|CUT|VEX/EVEX prefix encoding not cut (SIMD path). Invariant 'no AVX instruction is reached' has been violated.
vpunpcklwd_b|low|CUT|VEX/EVEX prefix encoding not cut (SIMD path). Invariant 'no AVX instruction is reached' has been violated.
vpunpcklwd_b|r14|CUT|VEX/EVEX prefix encoding not cut (SIMD path). Invariant 'no AVX instruction is reached' has been violated.
vpunpcklbw_b|low|CUT|VEX/EVEX prefix encoding not cut (SIMD path). Invariant 'no AVX instruction is reached' has been violated.
vpunpcklbw_b|r14|CUT|VEX/EVEX prefix encoding not cut (SIMD path). Invariant 'no AVX instruction is reached' has been violated.
vpunpckldq_b|low|CUT|VEX/EVEX prefix encoding not cut (SIMD path). Invariant 'no AVX instruction is reached' has been violated.
vpunpckldq_b|r14|CUT|VEX/EVEX prefix encoding not cut (SIMD path). Invariant 'no AVX instruction is reached' has been violated.
vpunpcklqdq_b|low|CUT|VEX/EVEX prefix encoding not cut (SIMD path). Invariant 'no AVX instruction is reached' has been violated.
vpunpcklqdq_b|r14|CUT|VEX/EVEX prefix encoding not cut (SIMD path). Invariant 'no AVX instruction is reached' has been violated.
xorb_i|low|3412
xorb_i|r14|3412
xorw_i|low|66353412
xorw_i|r14|66353412
xorl_i|low|3534120000
xorl_i|r14|3534120000
xorq_i_sxl|low|483534120000
xorq_i_sxl|r14|483534120000
xorb_mi|low|4080f012
xorb_mi|r14|4180f612
xorw_mi|low|6681f03412
xorw_mi|r14|664181f63412
xorl_mi|low|81f034120000
xorl_mi|r14|4181f634120000
xorq_mi_sxl|low|4881f034120000
xorq_mi_sxl|r14|4981f634120000
xorl_mi_sxb|low|83f012
xorl_mi_sxb|r14|4183f612
xorq_mi_sxb|low|4883f012
xorq_mi_sxb|r14|4983f612
xorb_mr|low|4030f0
xorb_mr|r14|4530fe
xorw_mr|low|6631f0
xorw_mr|r14|664531fe
xorl_mr|low|31f0
xorl_mr|r14|4531fe
xorq_mr|low|4831f0
xorq_mr|r14|4d31fe
xorb_rm|low|4032c6
xorb_rm|r14|4532f7
xorw_rm|low|6633c6
xorw_rm|r14|664533f7
xorl_rm|low|33c6
xorl_rm|r14|4533f7
xorq_rm|low|4833c6
xorq_rm|r14|4d33f7
xorps_a|low|0f57c1
xorps_a|r14|450f57f7
xorpd_a|low|660f57c1
xorpd_a|r14|66450f57f7
pxor_a|low|660fefc1
pxor_a|r14|66450feff7
vxorps_b|low|CUT|VEX/EVEX prefix encoding not cut (SIMD path). Invariant 'no AVX instruction is reached' has been violated.
vxorps_b|r14|CUT|VEX/EVEX prefix encoding not cut (SIMD path). Invariant 'no AVX instruction is reached' has been violated.
vxorpd_b|low|CUT|VEX/EVEX prefix encoding not cut (SIMD path). Invariant 'no AVX instruction is reached' has been violated.
vxorpd_b|r14|CUT|VEX/EVEX prefix encoding not cut (SIMD path). Invariant 'no AVX instruction is reached' has been violated.
vpxor_b|low|CUT|VEX/EVEX prefix encoding not cut (SIMD path). Invariant 'no AVX instruction is reached' has been violated.# --- run_python_side.py summary ---
# instructions attempted   : 973 (of 1071 total; 98 skipped identically to the Rust side, Amode-only)
# lines printed            : 1946
# clean encodes            : 1328
# CUT (NotImplementedError): 618
# ERROR (other exception)  : 0
# missing from the generated-vocabulary artifact : 0

vpxor_b|r14|CUT|VEX/EVEX prefix encoding not cut (SIMD path). Invariant 'no AVX instruction is reached' has been violated.
