probe_id,level,form_pair,lhs_holder,rhs_holder,x_set_a,x_set_b,n_probes,output_canon_vector,n_values,n_declines
A2_3_3,1,truth|truth,bool,bool,"truth/L1/2:true,false","truth/L1/2:true,false",4,"[1, 1.0, 0];[1, 0.0, 0];[1, 0.0, 0];[1, 0.0, 0]",4,0
A2_3_4,1,truth|whole,bool,int32_t,"truth/L1/2:true,false","whole/L1/9:-2^31,-42,-1,0,1,7,42,1000,2^31-1",18,"[-1, 1.0, 31];[-1, 1.3125, 5];[-1, 1.0, 0];[1, 0.0, 0];[1, 1.0, 0];[1, 1.75, 2];[1, 1.3125, 5];[1, 1.953125, 9];[1, 1.999999999068677425384521484375, 30];[1, 0.0, 0];[1, 0.0, 0];[1, 0.0, 0];[1, 0.0, 0];[1, 0.0, 0];[1, 0.0, 0];[1, 0.0, 0];[1, 0.0, 0];[1, 0.0, 0]",18,0
A2_3_5,1,truth|whole,bool,int64_t,"truth/L1/2:true,false","whole/L1/16:-2^63,-2^63+1,-2^53-1,-2^31,-42,-1,0,1,7,42,1000,2^31-1,2^31,2^53-1,2^53+1,2^63-1",32,"[-1, 1.0, 63];[-1, 1.9999999999999999997831595655029, 62];[-1, 1.0000000000000001110223024625157, 53];[-1, 1.0, 31];[-1, 1.3125, 5];[-1, 1.0, 0];[1, 0.0, 0];[1, 1.0, 0];[1, 1.75, 2];[1, 1.3125, 5];[1, 1.953125, 9];[1, 1.999999999068677425384521484375, 30];[1, 1.0, 31];[1, 1.9999999999999997779553950749687, 52];[1, 1.0000000000000001110223024625157, 53];[1, 1.9999999999999999997831595655029, 62];[1, 0.0, 0];[1, 0.0, 0];[1, 0.0, 0];[1, 0.0, 0];[1, 0.0, 0];[1, 0.0, 0];[1, 0.0, 0];[1, 0.0, 0];[1, 0.0, 0];[1, 0.0, 0];[1, 0.0, 0];[1, 0.0, 0];[1, 0.0, 0];[1, 0.0, 0];[1, 0.0, 0];[1, 0.0, 0]",32,0
A2_3_6,1,truth|whole,bool,uint64_t,"truth/L1/2:true,false","whole/L1/11:0,1,7,42,1000,2^31-1,2^31,2^53-1,2^53+1,2^63-1,2^64-1",22,"REFUSE;[1, 1.0, 0];[1, 1.75, 2];[1, 1.3125, 5];[1, 1.953125, 9];[1, 1.999999999068677425384521484375, 30];[1, 1.0, 31];[1, 1.9999999999999997779553950749687, 52];[1, 1.0000000000000001110223024625157, 53];[1, 1.9999999999999999997831595655029, 62];[1, 1.9999999999999999998915797827514, 63];REFUSE;[1, 0.0, 0];[1, 0.0, 0];[1, 0.0, 0];[1, 0.0, 0];[1, 0.0, 0];[1, 0.0, 0];[1, 0.0, 0];[1, 0.0, 0];[1, 0.0, 0];[1, 0.0, 0]",20,2
A2_3_7,1,truth|whole,bool,__int128,"truth/L1/2:true,false","whole/L1/17:-2^63,-2^63+1,-2^53-1,-2^31,-42,-1,0,1,7,42,1000,2^31-1,2^31,2^53-1,2^53+1,2^63-1,2^64-1",34,"[-1, 1.0, 63];[-1, 1.9999999999999999997831595655029, 62];[-1, 1.0000000000000001110223024625157, 53];[-1, 1.0, 31];[-1, 1.3125, 5];[-1, 1.0, 0];[1, 0.0, 0];[1, 1.0, 0];[1, 1.75, 2];[1, 1.3125, 5];[1, 1.953125, 9];[1, 1.999999999068677425384521484375, 30];[1, 1.0, 31];[1, 1.9999999999999997779553950749687, 52];[1, 1.0000000000000001110223024625157, 53];[1, 1.9999999999999999997831595655029, 62];[1, 1.9999999999999999998915797827514, 63];[1, 0.0, 0];[1, 0.0, 0];[1, 0.0, 0];[1, 0.0, 0];[1, 0.0, 0];[1, 0.0, 0];[1, 0.0, 0];[1, 0.0, 0];[1, 0.0, 0];[1, 0.0, 0];[1, 0.0, 0];[1, 0.0, 0];[1, 0.0, 0];[1, 0.0, 0];[1, 0.0, 0];[1, 0.0, 0];[1, 0.0, 0]",34,0
A2_3_8,1,truth|fractional,bool,double,"truth/L1/2:true,false","fractional/L1/16:-max_finite,-1.5,-1.0,-(1.0-1ulp),-0.0,+0.0,+min_subnormal,+min_normal,1.0-1ulp,1.0,1.0+1ulp,1.5,pi,2^53,max_finite,0.1",32,"[-1, 1.9999999999999997779553950749687, 1023];[-1, 1.5, 0];[-1, 1.0, 0];[-1, 1.9999999999999997779553950749687, -1];[-1, 0.0, 0];[1, 0.0, 0];[1, 1.0, -1074];[1, 1.0, -1022];[1, 1.9999999999999997779553950749687, -1];[1, 1.0, 0];[1, 1.0000000000000002220446049250313, 0];[1, 1.5, 0];[1, 1.5707963267948965579989817342721, 1];[1, 1.0, 53];[1, 1.9999999999999997779553950749687, 1023];[1, 1.6000000000000000888178419700125, -4];[-1, 0.0, 0];[-1, 0.0, 0];[-1, 0.0, 0];[-1, 0.0, 0];[-1, 0.0, 0];[1, 0.0, 0];[1, 0.0, 0];[1, 0.0, 0];[1, 0.0, 0];[1, 0.0, 0];[1, 0.0, 0];[1, 0.0, 0];[1, 0.0, 0];[1, 0.0, 0];[1, 0.0, 0];[1, 0.0, 0]",32,0
A2_3_9,1,truth|fractional,bool,float,"truth/L1/2:true,false","fractional/L1/7:-1.5,-1.0,-0.0,+0.0,1.0,1.5,2^53",14,"[-1, 1.5, 0];[-1, 1.0, 0];[-1, 0.0, 0];[1, 0.0, 0];[1, 1.0, 0];[1, 1.5, 0];[1, 1.0, 53];[-1, 0.0, 0];[-1, 0.0, 0];[-1, 0.0, 0];[1, 0.0, 0];[1, 0.0, 0];[1, 0.0, 0];[1, 0.0, 0]",14,0
A2_4_3,1,whole|truth,int32_t,bool,"whole/L1/9:-2^31,-42,-1,0,1,7,42,1000,2^31-1","truth/L1/2:true,false",18,"[-1, 1.0, 31];[1, 0.0, 0];[-1, 1.3125, 5];[1, 0.0, 0];[-1, 1.0, 0];[1, 0.0, 0];[1, 0.0, 0];[1, 0.0, 0];[1, 1.0, 0];[1, 0.0, 0];[1, 1.75, 2];[1, 0.0, 0];[1, 1.3125, 5];[1, 0.0, 0];[1, 1.953125, 9];[1, 0.0, 0];[1, 1.999999999068677425384521484375, 30];[1, 0.0, 0]",18,0
A2_4_4,1,whole|whole,int32_t,int32_t,"whole/L1/9:-2^31,-42,-1,0,1,7,42,1000,2^31-1","whole/L1/9:-2^31,-42,-1,0,1,7,42,1000,2^31-1",81,"[1, 0.0, 0];[1, 0.0, 0];[-1, 1.0, 31];[1, 0.0, 0];[-1, 1.0, 31];[-1, 1.0, 31];[1, 0.0, 0];[1, 0.0, 0];[-1, 1.0, 31];[1, 0.0, 0];[1, 1.72265625, 10];[1, 1.3125, 5];[1, 0.0, 0];[-1, 1.3125, 5];[-1, 1.1484375, 8];[-1, 1.72265625, 10];[-1, 1.28173828125, 15];[1, 1.3125, 5];[-1, 1.0, 31];[1, 1.3125, 5];[1, 1.0, 0];[1, 0.0, 0];[-1, 1.0, 0];[-1, 1.75, 2];[-1, 1.3125, 5];[-1, 1.953125, 9];[-1, 1.999999999068677425384521484375, 30];[1, 0.0, 0];[1, 0.0, 0];[1, 0.0, 0];[1, 0.0, 0];[1, 0.0, 0];[1, 0.0, 0];[1, 0.0, 0];[1, 0.0, 0];[1, 0.0, 0];[-1, 1.0, 31];[-1, 1.3125, 5];[-1, 1.0, 0];[1, 0.0, 0];[1, 1.0, 0];[1, 1.75, 2];[1, 1.3125, 5];[1, 1.953125, 9];[1, 1.999999999068677425384521484375, 30];[-1, 1.0, 31];[-1, 1.1484375, 8];[-1, 1.75, 2];[1, 0.0, 0];[1, 1.75, 2];[1, 1.53125, 5];[1, 1.1484375, 8];[1, 1.708984375, 12];[1, 1.999999993480741977691650390625, 30];[1, 0.0, 0];[-1, 1.72265625, 10];[-1, 1.3125, 5];[1, 0.0, 0];[1, 1.3125, 5];[1, 1.1484375, 8];[1, 1.72265625, 10];[1, 1.28173828125, 15];[-1, 1.3125, 5];[1, 0.0, 0];[-1, 1.28173828125, 15];[-1, 1.953125, 9];[1, 0.0, 0];[1, 1.953125, 9];[1, 1.708984375, 12];[1, 1.28173828125, 15];[1, 1.9073486328125, 19];[-1, 1.953125, 9];[-1, 1.0, 31];[1, 1.3125, 5];[-1, 1.999999999068677425384521484375, 30];[1, 0.0, 0];[1, 1.999999999068677425384521484375, 30];[1, 1.999999993480741977691650390625, 30];[-1, 1.3125, 5];[-1, 1.953125, 9];[1, 1.0, 0]",81,0
A2_4_5,1,whole|whole,int32_t,int64_t,"whole/L1/9:-2^31,-42,-1,0,1,7,42,1000,2^31-1","whole/L1/16:-2^63,-2^63+1,-2^53-1,-2^31,-42,-1,0,1,7,42,1000,2^31-1,2^31,2^53-1,2^53+1,2^63-1",144,"[1, 0.0, 0];[-1, 1.0, 31];[1, 1.0, 31];[1, 1.0, 62];[1, 1.3125, 36];[1, 1.0, 31];[1, 0.0, 0];[-1, 1.0, 31];[-1, 1.75, 33];[-1, 1.3125, 36];[-1, 1.953125, 40];[-1, 1.999999999068677425384521484375, 61];[-1, 1.0, 62];[1, 1.0, 31];[-1, 1.0, 31];[1, 1.0, 31];[1, 0.0, 0];[-1, 1.3125, 5];[1, 1.3125000000000001457167719820518, 58];[1, 1.3125, 36];[1, 1.72265625, 10];[1, 1.3125, 5];[1, 0.0, 0];[-1, 1.3125, 5];[-1, 1.1484375, 8];[-1, 1.72265625, 10];[-1, 1.28173828125, 15];[-1, 1.3124999993888195604085922241211, 36];[-1, 1.3125, 36];[-1, 1.3124999999999998542832280179482, 58];[-1, 1.3125000000000001457167719820518, 58];[1, 1.3125, 5];[-1, 1.0, 63];[1, 1.9999999999999999997831595655029, 62];[1, 1.0000000000000001110223024625157, 53];[1, 1.0, 31];[1, 1.3125, 5];[1, 1.0, 0];[1, 0.0, 0];[-1, 1.0, 0];[-1, 1.75, 2];[-1, 1.3125, 5];[-1, 1.953125, 9];[-1, 1.999999999068677425384521484375, 30];[-1, 1.0, 31];[-1, 1.9999999999999997779553950749687, 52];[-1, 1.0000000000000001110223024625157, 53];[-1, 1.9999999999999999997831595655029, 62];[1, 0.0, 0];[1, 0.0, 0];[1, 0.0, 0];[1, 0.0, 0];[1, 0.0, 0];[1, 0.0, 0];[1, 0.0, 0];[1, 0.0, 0];[1, 0.0, 0];[1, 0.0, 0];[1, 0.0, 0];[1, 0.0, 0];[1, 0.0, 0];[1, 0.0, 0];[1, 0.0, 0];[1, 0.0, 0];[-1, 1.0, 63];[-1, 1.9999999999999999997831595655029, 62];[-1, 1.0000000000000001110223024625157, 53];[-1, 1.0, 31];[-1, 1.3125, 5];[-1, 1.0, 0];[1, 0.0, 0];[1, 1.0, 0];[1, 1.75, 2];[1, 1.3125, 5];[1, 1.953125, 9];[1, 1.999999999068677425384521484375, 30];[1, 1.0, 31];[1, 1.9999999999999997779553950749687, 52];[1, 1.0000000000000001110223024625157, 53];[1, 1.9999999999999999997831595655029, 62];[-1, 1.0, 63];[-1, 1.9999999999999999984821169585203, 62];[-1, 1.7500000000000001942890293094024, 55];[-1, 1.75, 33];[-1, 1.1484375, 8];[-1, 1.75, 2];[1, 0.0, 0];[1, 1.75, 2];[1, 1.53125, 5];[1, 1.1484375, 8];[1, 1.708984375, 12];[1, 1.7499999991850927472114562988281, 33];[1, 1.75, 33];[1, 1.7499999999999998057109706905976, 55];[1, 1.7500000000000001942890293094024, 55];[1, 1.9999999999999999984821169585203, 62];[1, 0.0, 0];[1, 1.3125, 5];[-1, 1.3125000000000001457167719820518, 58];[-1, 1.3125, 36];[-1, 1.72265625, 10];[-1, 1.3125, 5];[1, 0.0, 0];[1, 1.3125, 5];[1, 1.1484375, 8];[1, 1.72265625, 10];[1, 1.28173828125, 15];[1, 1.3124999993888195604085922241211, 36];[1, 1.3125, 36];[1, 1.3124999999999998542832280179482, 58];[1, 1.3125000000000001457167719820518, 58];[-1, 1.3125, 5];[1, 0.0, 0];[1, 1.953125, 9];[-1, 1.9531250000000002168404344971009, 62];[-1, 1.953125, 40];[-1, 1.28173828125, 15];[-1, 1.953125, 9];[1, 0.0, 0];[1, 1.953125, 9];[1, 1.708984375, 12];[1, 1.28173828125, 15];[1, 1.9073486328125, 19];[1, 1.953124999090505298227071762085, 40];[1, 1.953125, 40];[1, 1.9531249999999997831595655028991, 62];[1, 1.9531250000000002168404344971009, 62];[-1, 1.953125, 9];[-1, 1.0, 63];[-1, 1.9999999995343387129091011766846, 62];[1, 1.9999995231628420189196049250313, 52];[-1, 1.999999999068677425384521484375, 61];[-1, 1.3124999993888195604085922241211, 36];[-1, 1.999999999068677425384521484375, 30];[1, 0.0, 0];[1, 1.999999999068677425384521484375, 30];[1, 1.7499999991850927472114562988281, 33];[1, 1.3124999993888195604085922241211, 36];[1, 1.953124999090505298227071762085, 40];[1, 1.9999999981373548512027238377442, 61];[1, 1.999999999068677425384521484375, 61];[-1, 1.0000002384185789905401975374843, 53];[-1, 1.9999995231628420189196049250313, 52];[1, 1.9999999995343387129091011766846, 62]",144,0
A2_4_6,1,whole|whole,int32_t,uint64_t,"whole/L1/9:-2^31,-42,-1,0,1,7,42,1000,2^31-1","whole/L1/11:0,1,7,42,1000,2^31-1,2^31,2^53-1,2^53+1,2^63-1,2^64-1",99,"REFUSE;[1, 1.9999999997671693563461303710938, 63];[1, 1.9999999983701854944229125976562, 63];[1, 1.9999999902211129665374755859375, 63];[1, 1.99999976716935634613037109375, 63];[1, 1.5000000002328306436538696289062, 63];[1, 1.5, 63];[1, 1.0, 31];[1, 1.9999999997671693563461303710938, 63];[1, 1.0, 31];[1, 1.0, 31];REFUSE;[1, 1.9999999999999999954463508755609, 63];[1, 1.9999999999999999681244561289262, 63];[1, 1.999999999999999808746736773557, 63];[1, 1.9999999999999954463508755608814, 63];[1, 1.9999999902211129710911247103766, 63];[1, 1.9999999902211129665374755859375, 63];[1, 1.9589843750000000045536491244391, 63];[1, 1.9589843749999999954463508755609, 63];[1, 1.3125, 5];[1, 1.3125, 5];REFUSE;[1, 1.9999999999999999998915797827514, 63];[1, 1.9999999999999999992410584792601, 63];[1, 1.9999999999999999954463508755609, 63];[1, 1.9999999999999998915797827514496, 63];[1, 1.9999999997671693564545505883423, 63];[1, 1.9999999997671693563461303710938, 63];[1, 1.9990234375000000001084202172486, 63];[1, 1.9990234374999999998915797827514, 63];[1, 1.0000000000000000001084202172486, 63];[1, 1.0, 0];REFUSE;[1, 0.0, 0];[1, 0.0, 0];[1, 0.0, 0];[1, 0.0, 0];[1, 0.0, 0];[1, 0.0, 0];[1, 0.0, 0];[1, 0.0, 0];[1, 0.0, 0];[1, 0.0, 0];REFUSE;[1, 1.0, 0];[1, 1.75, 2];[1, 1.3125, 5];[1, 1.953125, 9];[1, 1.999999999068677425384521484375, 30];[1, 1.0, 31];[1, 1.9999999999999997779553950749687, 52];[1, 1.0000000000000001110223024625157, 53];[1, 1.9999999999999999997831595655029, 62];[1, 1.9999999999999999998915797827514, 63];REFUSE;[1, 1.75, 2];[1, 1.53125, 5];[1, 1.1484375, 8];[1, 1.708984375, 12];[1, 1.7499999991850927472114562988281, 33];[1, 1.75, 33];[1, 1.7499999999999998057109706905976, 55];[1, 1.7500000000000001942890293094024, 55];[1, 1.9999999999999999984821169585203, 62];[1, 1.9999999999999999992410584792601, 63];REFUSE;[1, 1.3125, 5];[1, 1.1484375, 8];[1, 1.72265625, 10];[1, 1.28173828125, 15];[1, 1.3124999993888195604085922241211, 36];[1, 1.3125, 36];[1, 1.3124999999999998542832280179482, 58];[1, 1.3125000000000001457167719820518, 58];[1, 1.9999999999999999954463508755609, 63];[1, 1.9999999999999999954463508755609, 63];REFUSE;[1, 1.953125, 9];[1, 1.708984375, 12];[1, 1.28173828125, 15];[1, 1.9073486328125, 19];[1, 1.953124999090505298227071762085, 40];[1, 1.953125, 40];[1, 1.9531249999999997831595655028991, 62];[1, 1.9531250000000002168404344971009, 62];[1, 1.9999999999999998915797827514496, 63];[1, 1.9999999999999998915797827514496, 63];REFUSE;[1, 1.999999999068677425384521484375, 30];[1, 1.7499999991850927472114562988281, 33];[1, 1.3124999993888195604085922241211, 36];[1, 1.953124999090505298227071762085, 40];[1, 1.9999999981373548512027238377442, 61];[1, 1.999999999068677425384521484375, 61];[1, 1.9990234372671693564545505883423, 63];[1, 1.9990234377328306435454494116577, 63];[1, 1.9999999995343387129091011766846, 62];[1, 1.9999999997671693564545505883423, 63]",90,9
A2_4_7,1,whole|whole,int32_t,__int128,"whole/L1/9:-2^31,-42,-1,0,1,7,42,1000,2^31-1","whole/L1/17:-2^63,-2^63+1,-2^53-1,-2^31,-42,-1,0,1,7,42,1000,2^31-1,2^31,2^53-1,2^53+1,2^63-1,2^64-1",153,"[1, 1.0, 94];[1, 1.9999999999999999997831595655029, 93];[1, 1.0000000000000001110223024625157, 84];[1, 1.0, 62];[1, 1.3125, 36];[1, 1.0, 31];[1, 0.0, 0];[-1, 1.0, 31];[-1, 1.75, 33];[-1, 1.3125, 36];[-1, 1.953125, 40];[-1, 1.999999999068677425384521484375, 61];[-1, 1.0, 62];[-1, 1.9999999999999997779553950749687, 83];[-1, 1.0000000000000001110223024625157, 84];[-1, 1.9999999999999999997831595655029, 93];[-1, 1.9999999999999999998915797827514, 94];[1, 1.3125, 68];[1, 1.3124999999999999998576984648613, 68];[1, 1.3125000000000001457167719820518, 58];[1, 1.3125, 36];[1, 1.72265625, 10];[1, 1.3125, 5];[1, 0.0, 0];[-1, 1.3125, 5];[-1, 1.1484375, 8];[-1, 1.72265625, 10];[-1, 1.28173828125, 15];[-1, 1.3124999993888195604085922241211, 36];[-1, 1.3125, 36];[-1, 1.3124999999999998542832280179482, 58];[-1, 1.3125000000000001457167719820518, 58];[-1, 1.3124999999999999998576984648613, 68];[-1, 1.3124999999999999999288492324306, 69];[1, 1.0, 63];[1, 1.9999999999999999997831595655029, 62];[1, 1.0000000000000001110223024625157, 53];[1, 1.0, 31];[1, 1.3125, 5];[1, 1.0, 0];[1, 0.0, 0];[-1, 1.0, 0];[-1, 1.75, 2];[-1, 1.3125, 5];[-1, 1.953125, 9];[-1, 1.999999999068677425384521484375, 30];[-1, 1.0, 31];[-1, 1.9999999999999997779553950749687, 52];[-1, 1.0000000000000001110223024625157, 53];[-1, 1.9999999999999999997831595655029, 62];[-1, 1.9999999999999999998915797827514, 63];[1, 0.0, 0];[1, 0.0, 0];[1, 0.0, 0];[1, 0.0, 0];[1, 0.0, 0];[1, 0.0, 0];[1, 0.0, 0];[1, 0.0, 0];[1, 0.0, 0];[1, 0.0, 0];[1, 0.0, 0];[1, 0.0, 0];[1, 0.0, 0];[1, 0.0, 0];[1, 0.0, 0];[1, 0.0, 0];[1, 0.0, 0];[-1, 1.0, 63];[-1, 1.9999999999999999997831595655029, 62];[-1, 1.0000000000000001110223024625157, 53];[-1, 1.0, 31];[-1, 1.3125, 5];[-1, 1.0, 0];[1, 0.0, 0];[1, 1.0, 0];[1, 1.75, 2];[1, 1.3125, 5];[1, 1.953125, 9];[1, 1.999999999068677425384521484375, 30];[1, 1.0, 31];[1, 1.9999999999999997779553950749687, 52];[1, 1.0000000000000001110223024625157, 53];[1, 1.9999999999999999997831595655029, 62];[1, 1.9999999999999999998915797827514, 63];[-1, 1.75, 65];[-1, 1.749999999999999999810264619815, 65];[-1, 1.7500000000000001942890293094024, 55];[-1, 1.75, 33];[-1, 1.1484375, 8];[-1, 1.75, 2];[1, 0.0, 0];[1, 1.75, 2];[1, 1.53125, 5];[1, 1.1484375, 8];[1, 1.708984375, 12];[1, 1.7499999991850927472114562988281, 33];[1, 1.75, 33];[1, 1.7499999999999998057109706905976, 55];[1, 1.7500000000000001942890293094024, 55];[1, 1.749999999999999999810264619815, 65];[1, 1.7499999999999999999051323099075, 66];[-1, 1.3125, 68];[-1, 1.3124999999999999998576984648613, 68];[-1, 1.3125000000000001457167719820518, 58];[-1, 1.3125, 36];[-1, 1.72265625, 10];[-1, 1.3125, 5];[1, 0.0, 0];[1, 1.3125, 5];[1, 1.1484375, 8];[1, 1.72265625, 10];[1, 1.28173828125, 15];[1, 1.3124999993888195604085922241211, 36];[1, 1.3125, 36];[1, 1.3124999999999998542832280179482, 58];[1, 1.3125000000000001457167719820518, 58];[1, 1.3124999999999999998576984648613, 68];[1, 1.3124999999999999999288492324306, 69];[-1, 1.953125, 72];[-1, 1.9531249999999999997882417631864, 72];[-1, 1.9531250000000002168404344971009, 62];[-1, 1.953125, 40];[-1, 1.28173828125, 15];[-1, 1.953125, 9];[1, 0.0, 0];[1, 1.953125, 9];[1, 1.708984375, 12];[1, 1.28173828125, 15];[1, 1.9073486328125, 19];[1, 1.953124999090505298227071762085, 40];[1, 1.953125, 40];[1, 1.9531249999999997831595655028991, 62];[1, 1.9531250000000002168404344971009, 62];[1, 1.9531249999999999997882417631864, 72];[1, 1.9531249999999999998941208815932, 73];[-1, 1.999999999068677425384521484375, 93];[-1, 1.9999999990686774251676810499789, 93];[-1, 1.9999999990686776474291263060087, 83];[-1, 1.999999999068677425384521484375, 61];[-1, 1.3124999993888195604085922241211, 36];[-1, 1.999999999068677425384521484375, 30];[1, 0.0, 0];[1, 1.999999999068677425384521484375, 30];[1, 1.7499999991850927472114562988281, 33];[1, 1.3124999993888195604085922241211, 36];[1, 1.953124999090505298227071762085, 40];[1, 1.9999999981373548512027238377442, 61];[1, 1.999999999068677425384521484375, 61];[1, 1.9999999990686772033399166627413, 83];[1, 1.9999999990686776474291263060087, 83];[1, 1.9999999990686774251676810499789, 93];[1, 1.9999999990686774252761012671769, 94]",153,0
A2_4_8,1,whole|fractional,int32_t,double,"whole/L1/9:-2^31,-42,-1,0,1,7,42,1000,2^31-1","fractional/L1/16:-max_finite,-1.5,-1.0,-(1.0-1ulp),-0.0,+0.0,+min_subnormal,+min_normal,1.0-1ulp,1.0,1.0+1ulp,1.5,pi,2^53,max_finite,0.1",144,"[1, inf];[1, 1.5, 31];[1, 1.0, 31];[1, 1.9999999999999997779553950749687, 30];[1, 0.0, 0];[-1, 0.0, 0];[-1, 1.0, -1043];[-1, 1.0, -991];[-1, 1.9999999999999997779553950749687, 30];[-1, 1.0, 31];[-1, 1.0000000000000002220446049250313, 31];[-1, 1.5, 31];[-1, 1.5707963267948965579989817342721, 32];[-1, 1.0, 84];[-1, inf];[-1, 1.6000000000000000888178419700125, 27];[1, inf];[1, 1.96875, 5];[1, 1.3125, 5];[1, 1.3124999999999997779553950749687, 5];[1, 0.0, 0];[-1, 0.0, 0];[-1, 1.3125, -1069];[-1, 1.3125, -1017];[-1, 1.3124999999999997779553950749687, 5];[-1, 1.3125, 5];[-1, 1.3125000000000002220446049250313, 5];[-1, 1.96875, 5];[-1, 1.0308350894591509216979829943739, 7];[-1, 1.3125, 58];[-1, inf];[-1, 1.0500000000000000444089209850063, 2];[1, 1.9999999999999997779553950749687, 1023];[1, 1.5, 0];[1, 1.0, 0];[1, 1.9999999999999997779553950749687, -1];[1, 0.0, 0];[-1, 0.0, 0];[-1, 1.0, -1074];[-1, 1.0, -1022];[-1, 1.9999999999999997779553950749687, -1];[-1, 1.0, 0];[-1, 1.0000000000000002220446049250313, 0];[-1, 1.5, 0];[-1, 1.5707963267948965579989817342721, 1];[-1, 1.0, 53];[-1, 1.9999999999999997779553950749687, 1023];[-1, 1.6000000000000000888178419700125, -4];[-1, 0.0, 0];[-1, 0.0, 0];[-1, 0.0, 0];[-1, 0.0, 0];[-1, 0.0, 0];[1, 0.0, 0];[1, 0.0, 0];[1, 0.0, 0];[1, 0.0, 0];[1, 0.0, 0];[1, 0.0, 0];[1, 0.0, 0];[1, 0.0, 0];[1, 0.0, 0];[1, 0.0, 0];[1, 0.0, 0];[-1, 1.9999999999999997779553950749687, 1023];[-1, 1.5, 0];[-1, 1.0, 0];[-1, 1.9999999999999997779553950749687, -1];[-1, 0.0, 0];[1, 0.0, 0];[1, 1.0, -1074];[1, 1.0, -1022];[1, 1.9999999999999997779553950749687, -1];[1, 1.0, 0];[1, 1.0000000000000002220446049250313, 0];[1, 1.5, 0];[1, 1.5707963267948965579989817342721, 1];[1, 1.0, 53];[1, 1.9999999999999997779553950749687, 1023];[1, 1.6000000000000000888178419700125, -4];[-1, inf];[-1, 1.3125, 3];[-1, 1.75, 2];[-1, 1.7499999999999997779553950749687, 2];[-1, 0.0, 0];[1, 0.0, 0];[1, 1.75, -1072];[1, 1.75, -1020];[1, 1.7499999999999997779553950749687, 2];[1, 1.75, 2];[1, 1.7500000000000004440892098500626, 2];[1, 1.3125, 3];[1, 1.3744467859455344882491090174881, 4];[1, 1.75, 55];[1, inf];[1, 1.4000000000000001332267629550188, -1];[-1, inf];[-1, 1.96875, 5];[-1, 1.3125, 5];[-1, 1.3124999999999997779553950749687, 5];[-1, 0.0, 0];[1, 0.0, 0];[1, 1.3125, -1069];[1, 1.3125, -1017];[1, 1.3124999999999997779553950749687, 5];[1, 1.3125, 5];[1, 1.3125000000000002220446049250313, 5];[1, 1.96875, 5];[1, 1.0308350894591509216979829943739, 7];[1, 1.3125, 58];[1, inf];[1, 1.0500000000000000444089209850063, 2];[-1, inf];[-1, 1.46484375, 10];[-1, 1.953125, 9];[-1, 1.9531249999999997779553950749687, 9];[-1, 0.0, 0];[1, 0.0, 0];[1, 1.953125, -1065];[1, 1.953125, -1013];[1, 1.9531249999999997779553950749687, 9];[1, 1.953125, 9];[1, 1.9531250000000004440892098500626, 9];[1, 1.46484375, 10];[1, 1.5339807878856410727763659451739, 11];[1, 1.953125, 62];[1, inf];[1, 1.5625, 6];[-1, inf];[-1, 1.4999999993015080690383911132812, 31];[-1, 1.999999999068677425384521484375, 30];[-1, 1.9999999990686772033399165593437, 30];[-1, 0.0, 0];[1, 0.0, 0];[1, 1.999999999068677425384521484375, -1044];[1, 1.999999999068677425384521484375, -992];[1, 1.9999999990686772033399165593437, 30];[1, 1.999999999068677425384521484375, 30];[1, 1.9999999990686778694737313344376, 30];[1, 1.4999999993015080690383911132812, 31];[1, 1.5707963260634374424995485242107, 32];[1, 1.999999999068677425384521484375, 83];[1, inf];[1, 1.5999999992549420735343801425188, 27]",144,0
A2_4_9,1,whole|fractional,int32_t,float,"whole/L1/9:-2^31,-42,-1,0,1,7,42,1000,2^31-1","fractional/L1/7:-1.5,-1.0,-0.0,+0.0,1.0,1.5,2^53",63,"[1, 1.5, 31];[1, 1.0, 31];[1, 0.0, 0];[-1, 0.0, 0];[-1, 1.0, 31];[-1, 1.5, 31];[-1, 1.0, 84];[1, 1.96875, 5];[1, 1.3125, 5];[1, 0.0, 0];[-1, 0.0, 0];[-1, 1.3125, 5];[-1, 1.96875, 5];[-1, 1.3125, 58];[1, 1.5, 0];[1, 1.0, 0];[1, 0.0, 0];[-1, 0.0, 0];[-1, 1.0, 0];[-1, 1.5, 0];[-1, 1.0, 53];[-1, 0.0, 0];[-1, 0.0, 0];[-1, 0.0, 0];[1, 0.0, 0];[1, 0.0, 0];[1, 0.0, 0];[1, 0.0, 0];[-1, 1.5, 0];[-1, 1.0, 0];[-1, 0.0, 0];[1, 0.0, 0];[1, 1.0, 0];[1, 1.5, 0];[1, 1.0, 53];[-1, 1.3125, 3];[-1, 1.75, 2];[-1, 0.0, 0];[1, 0.0, 0];[1, 1.75, 2];[1, 1.3125, 3];[1, 1.75, 55];[-1, 1.96875, 5];[-1, 1.3125, 5];[-1, 0.0, 0];[1, 0.0, 0];[1, 1.3125, 5];[1, 1.96875, 5];[1, 1.3125, 58];[-1, 1.46484375, 10];[-1, 1.953125, 9];[-1, 0.0, 0];[1, 0.0, 0];[1, 1.953125, 9];[1, 1.46484375, 10];[1, 1.953125, 62];[-1, 1.5, 31];[-1, 1.0, 31];[-1, 0.0, 0];[1, 0.0, 0];[1, 1.0, 31];[1, 1.5, 31];[1, 1.0, 84]",63,0
A2_5_3,1,whole|truth,int64_t,bool,"whole/L1/16:-2^63,-2^63+1,-2^53-1,-2^31,-42,-1,0,1,7,42,1000,2^31-1,2^31,2^53-1,2^53+1,2^63-1","truth/L1/2:true,false",32,"[-1, 1.0, 63];[1, 0.0, 0];[-1, 1.9999999999999999997831595655029, 62];[1, 0.0, 0];[-1, 1.0000000000000001110223024625157, 53];[1, 0.0, 0];[-1, 1.0, 31];[1, 0.0, 0];[-1, 1.3125, 5];[1, 0.0, 0];[-1, 1.0, 0];[1, 0.0, 0];[1, 0.0, 0];[1, 0.0, 0];[1, 1.0, 0];[1, 0.0, 0];[1, 1.75, 2];[1, 0.0, 0];[1, 1.3125, 5];[1, 0.0, 0];[1, 1.953125, 9];[1, 0.0, 0];[1, 1.999999999068677425384521484375, 30];[1, 0.0, 0];[1, 1.0, 31];[1, 0.0, 0];[1, 1.9999999999999997779553950749687, 52];[1, 0.0, 0];[1, 1.0000000000000001110223024625157, 53];[1, 0.0, 0];[1, 1.9999999999999999997831595655029, 62];[1, 0.0, 0]",32,0
A2_5_4,1,whole|whole,int64_t,int32_t,"whole/L1/16:-2^63,-2^63+1,-2^53-1,-2^31,-42,-1,0,1,7,42,1000,2^31-1,2^31,2^53-1,2^53+1,2^63-1","whole/L1/9:-2^31,-42,-1,0,1,7,42,1000,2^31-1",144,"[1, 0.0, 0];[1, 0.0, 0];[-1, 1.0, 63];[1, 0.0, 0];[-1, 1.0, 63];[-1, 1.0, 63];[1, 0.0, 0];[1, 0.0, 0];[-1, 1.0, 63];[-1, 1.0, 31];[-1, 1.3125, 5];[1, 1.9999999999999999997831595655029, 62];[1, 0.0, 0];[-1, 1.9999999999999999997831595655029, 62];[-1, 1.9999999999999999984821169585203, 62];[1, 1.3125, 5];[1, 1.953125, 9];[-1, 1.9999999995343387129091011766846, 62];[1, 1.0, 31];[1, 1.3125000000000001457167719820518, 58];[1, 1.0000000000000001110223024625157, 53];[1, 0.0, 0];[-1, 1.0000000000000001110223024625157, 53];[-1, 1.7500000000000001942890293094024, 55];[-1, 1.3125000000000001457167719820518, 58];[-1, 1.9531250000000002168404344971009, 62];[1, 1.9999995231628420189196049250313, 52];[1, 1.0, 62];[1, 1.3125, 36];[1, 1.0, 31];[1, 0.0, 0];[-1, 1.0, 31];[-1, 1.75, 33];[-1, 1.3125, 36];[-1, 1.953125, 40];[-1, 1.999999999068677425384521484375, 61];[1, 1.3125, 36];[1, 1.72265625, 10];[1, 1.3125, 5];[1, 0.0, 0];[-1, 1.3125, 5];[-1, 1.1484375, 8];[-1, 1.72265625, 10];[-1, 1.28173828125, 15];[-1, 1.3124999993888195604085922241211, 36];[1, 1.0, 31];[1, 1.3125, 5];[1, 1.0, 0];[1, 0.0, 0];[-1, 1.0, 0];[-1, 1.75, 2];[-1, 1.3125, 5];[-1, 1.953125, 9];[-1, 1.999999999068677425384521484375, 30];[1, 0.0, 0];[1, 0.0, 0];[1, 0.0, 0];[1, 0.0, 0];[1, 0.0, 0];[1, 0.0, 0];[1, 0.0, 0];[1, 0.0, 0];[1, 0.0, 0];[-1, 1.0, 31];[-1, 1.3125, 5];[-1, 1.0, 0];[1, 0.0, 0];[1, 1.0, 0];[1, 1.75, 2];[1, 1.3125, 5];[1, 1.953125, 9];[1, 1.999999999068677425384521484375, 30];[-1, 1.75, 33];[-1, 1.1484375, 8];[-1, 1.75, 2];[1, 0.0, 0];[1, 1.75, 2];[1, 1.53125, 5];[1, 1.1484375, 8];[1, 1.708984375, 12];[1, 1.7499999991850927472114562988281, 33];[-1, 1.3125, 36];[-1, 1.72265625, 10];[-1, 1.3125, 5];[1, 0.0, 0];[1, 1.3125, 5];[1, 1.1484375, 8];[1, 1.72265625, 10];[1, 1.28173828125, 15];[1, 1.3124999993888195604085922241211, 36];[-1, 1.953125, 40];[-1, 1.28173828125, 15];[-1, 1.953125, 9];[1, 0.0, 0];[1, 1.953125, 9];[1, 1.708984375, 12];[1, 1.28173828125, 15];[1, 1.9073486328125, 19];[1, 1.953124999090505298227071762085, 40];[-1, 1.999999999068677425384521484375, 61];[-1, 1.3124999993888195604085922241211, 36];[-1, 1.999999999068677425384521484375, 30];[1, 0.0, 0];[1, 1.999999999068677425384521484375, 30];[1, 1.7499999991850927472114562988281, 33];[1, 1.3124999993888195604085922241211, 36];[1, 1.953124999090505298227071762085, 40];[1, 1.9999999981373548512027238377442, 61];[-1, 1.0, 62];[-1, 1.3125, 36];[-1, 1.0, 31];[1, 0.0, 0];[1, 1.0, 31];[1, 1.75, 33];[1, 1.3125, 36];[1, 1.953125, 40];[1, 1.999999999068677425384521484375, 61];[1, 1.0, 31];[-1, 1.3124999999999998542832280179482, 58];[-1, 1.9999999999999997779553950749687, 52];[1, 0.0, 0];[1, 1.9999999999999997779553950749687, 52];[1, 1.7499999999999998057109706905976, 55];[1, 1.3124999999999998542832280179482, 58];[1, 1.9531249999999997831595655028991, 62];[-1, 1.0000002384185789905401975374843, 53];[-1, 1.0, 31];[-1, 1.3125000000000001457167719820518, 58];[-1, 1.0000000000000001110223024625157, 53];[1, 0.0, 0];[1, 1.0000000000000001110223024625157, 53];[1, 1.7500000000000001942890293094024, 55];[1, 1.3125000000000001457167719820518, 58];[1, 1.9531250000000002168404344971009, 62];[-1, 1.9999995231628420189196049250313, 52];[1, 1.0, 31];[1, 1.3125, 5];[-1, 1.9999999999999999997831595655029, 62];[1, 0.0, 0];[1, 1.9999999999999999997831595655029, 62];[1, 1.9999999999999999984821169585203, 62];[-1, 1.3125, 5];[-1, 1.953125, 9];[1, 1.9999999995343387129091011766846, 62]",144,0
A2_5_5,1,whole|whole,int64_t,int64_t,"whole/L1/16:-2^63,-2^63+1,-2^53-1,-2^31,-42,-1,0,1,7,42,1000,2^31-1,2^31,2^53-1,2^53+1,2^63-1","whole/L1/16:-2^63,-2^63+1,-2^53-1,-2^31,-42,-1,0,1,7,42,1000,2^31-1,2^31,2^53-1,2^53+1,2^63-1",256,"[1, 0.0, 0];[-1, 1.0, 63];[-1, 1.0, 63];[1, 0.0, 0];[1, 0.0, 0];[-1, 1.0, 63];[1, 0.0, 0];[-1, 1.0, 63];[-1, 1.0, 63];[1, 0.0, 0];[1, 0.0, 0];[-1, 1.0, 63];[1, 0.0, 0];[-1, 1.0, 63];[-1, 1.0, 63];[-1, 1.0, 63];[-1, 1.0, 63];[1, 1.0, 0];[1, 1.9980468749999999997831595655029, 62];[-1, 1.0, 31];[-1, 1.3125, 5];[1, 1.9999999999999999997831595655029, 62];[1, 0.0, 0];[-1, 1.9999999999999999997831595655029, 62];[-1, 1.9999999999999999984821169585203, 62];[1, 1.3125, 5];[1, 1.953125, 9];[-1, 1.9999999995343387129091011766846, 62];[1, 1.0, 31];[-1, 1.9980468750000000002168404344971, 62];[-1, 1.9980468749999999997831595655029, 62];[-1, 1.0, 0];[-1, 1.0, 63];[1, 1.9980468749999999997831595655029, 62];[1, 1.0000000000000000555111512312578, 54];[1, 1.0, 31];[1, 1.3125000000000001457167719820518, 58];[1, 1.0000000000000001110223024625157, 53];[1, 0.0, 0];[-1, 1.0000000000000001110223024625157, 53];[-1, 1.7500000000000001942890293094024, 55];[-1, 1.3125000000000001457167719820518, 58];[-1, 1.9531250000000002168404344971009, 62];[1, 1.9999995231628420189196049250313, 52];[-1, 1.0, 31];[1, 1.0, 0];[-1, 1.0000000000000000555111512312578, 54];[-1, 1.9980468749999999997831595655029, 62];[1, 0.0, 0];[-1, 1.0, 31];[1, 1.0, 31];[1, 1.0, 62];[1, 1.3125, 36];[1, 1.0, 31];[1, 0.0, 0];[-1, 1.0, 31];[-1, 1.75, 33];[-1, 1.3125, 36];[-1, 1.953125, 40];[-1, 1.999999999068677425384521484375, 61];[-1, 1.0, 62];[1, 1.0, 31];[-1, 1.0, 31];[1, 1.0, 31];[1, 0.0, 0];[-1, 1.3125, 5];[1, 1.3125000000000001457167719820518, 58];[1, 1.3125, 36];[1, 1.72265625, 10];[1, 1.3125, 5];[1, 0.0, 0];[-1, 1.3125, 5];[-1, 1.1484375, 8];[-1, 1.72265625, 10];[-1, 1.28173828125, 15];[-1, 1.3124999993888195604085922241211, 36];[-1, 1.3125, 36];[-1, 1.3124999999999998542832280179482, 58];[-1, 1.3125000000000001457167719820518, 58];[1, 1.3125, 5];[-1, 1.0, 63];[1, 1.9999999999999999997831595655029, 62];[1, 1.0000000000000001110223024625157, 53];[1, 1.0, 31];[1, 1.3125, 5];[1, 1.0, 0];[1, 0.0, 0];[-1, 1.0, 0];[-1, 1.75, 2];[-1, 1.3125, 5];[-1, 1.953125, 9];[-1, 1.999999999068677425384521484375, 30];[-1, 1.0, 31];[-1, 1.9999999999999997779553950749687, 52];[-1, 1.0000000000000001110223024625157, 53];[-1, 1.9999999999999999997831595655029, 62];[1, 0.0, 0];[1, 0.0, 0];[1, 0.0, 0];[1, 0.0, 0];[1, 0.0, 0];[1, 0.0, 0];[1, 0.0, 0];[1, 0.0, 0];[1, 0.0, 0];[1, 0.0, 0];[1, 0.0, 0];[1, 0.0, 0];[1, 0.0, 0];[1, 0.0, 0];[1, 0.0, 0];[1, 0.0, 0];[-1, 1.0, 63];[-1, 1.9999999999999999997831595655029, 62];[-1, 1.0000000000000001110223024625157, 53];[-1, 1.0, 31];[-1, 1.3125, 5];[-1, 1.0, 0];[1, 0.0, 0];[1, 1.0, 0];[1, 1.75, 2];[1, 1.3125, 5];[1, 1.953125, 9];[1, 1.999999999068677425384521484375, 30];[1, 1.0, 31];[1, 1.9999999999999997779553950749687, 52];[1, 1.0000000000000001110223024625157, 53];[1, 1.9999999999999999997831595655029, 62];[-1, 1.0, 63];[-1, 1.9999999999999999984821169585203, 62];[-1, 1.7500000000000001942890293094024, 55];[-1, 1.75, 33];[-1, 1.1484375, 8];[-1, 1.75, 2];[1, 0.0, 0];[1, 1.75, 2];[1, 1.53125, 5];[1, 1.1484375, 8];[1, 1.708984375, 12];[1, 1.7499999991850927472114562988281, 33];[1, 1.75, 33];[1, 1.7499999999999998057109706905976, 55];[1, 1.7500000000000001942890293094024, 55];[1, 1.9999999999999999984821169585203, 62];[1, 0.0, 0];[1, 1.3125, 5];[-1, 1.3125000000000001457167719820518, 58];[-1, 1.3125, 36];[-1, 1.72265625, 10];[-1, 1.3125, 5];[1, 0.0, 0];[1, 1.3125, 5];[1, 1.1484375, 8];[1, 1.72265625, 10];[1, 1.28173828125, 15];[1, 1.3124999993888195604085922241211, 36];[1, 1.3125, 36];[1, 1.3124999999999998542832280179482, 58];[1, 1.3125000000000001457167719820518, 58];[-1, 1.3125, 5];[1, 0.0, 0];[1, 1.953125, 9];[-1, 1.9531250000000002168404344971009, 62];[-1, 1.953125, 40];[-1, 1.28173828125, 15];[-1, 1.953125, 9];[1, 0.0, 0];[1, 1.953125, 9];[1, 1.708984375, 12];[1, 1.28173828125, 15];[1, 1.9073486328125, 19];[1, 1.953124999090505298227071762085, 40];[1, 1.953125, 40];[1, 1.9531249999999997831595655028991, 62];[1, 1.9531250000000002168404344971009, 62];[-1, 1.953125, 9];[-1, 1.0, 63];[-1, 1.9999999995343387129091011766846, 62];[1, 1.9999995231628420189196049250313, 52];[-1, 1.999999999068677425384521484375, 61];[-1, 1.3124999993888195604085922241211, 36];[-1, 1.999999999068677425384521484375, 30];[1, 0.0, 0];[1, 1.999999999068677425384521484375, 30];[1, 1.7499999991850927472114562988281, 33];[1, 1.3124999993888195604085922241211, 36];[1, 1.953124999090505298227071762085, 40];[1, 1.9999999981373548512027238377442, 61];[1, 1.999999999068677425384521484375, 61];[-1, 1.0000002384185789905401975374843, 53];[-1, 1.9999995231628420189196049250313, 52];[1, 1.9999999995343387129091011766846, 62];[1, 0.0, 0];[1, 1.0, 31];[-1, 1.0, 31];[-1, 1.0, 62];[-1, 1.3125, 36];[-1, 1.0, 31];[1, 0.0, 0];[1, 1.0, 31];[1, 1.75, 33];[1, 1.3125, 36];[1, 1.953125, 40];[1, 1.999999999068677425384521484375, 61];[1, 1.0, 62];[-1, 1.0, 31];[1, 1.0, 31];[-1, 1.0, 31];[-1, 1.0, 63];[-1, 1.9980468750000000002168404344971, 62];[1, 1.0, 0];[1, 1.0, 31];[-1, 1.3124999999999998542832280179482, 58];[-1, 1.9999999999999997779553950749687, 52];[1, 0.0, 0];[1, 1.9999999999999997779553950749687, 52];[1, 1.7499999999999998057109706905976, 55];[1, 1.3124999999999998542832280179482, 58];[1, 1.9531249999999997831595655028991, 62];[-1, 1.0000002384185789905401975374843, 53];[-1, 1.0, 31];[-1, 1.9999999999999998889776975374843, 53];[-1, 1.0, 0];[1, 1.9980468750000000002168404344971, 62];[-1, 1.0, 63];[-1, 1.9980468749999999997831595655029, 62];[-1, 1.0000000000000000555111512312578, 54];[-1, 1.0, 31];[-1, 1.3125000000000001457167719820518, 58];[-1, 1.0000000000000001110223024625157, 53];[1, 0.0, 0];[1, 1.0000000000000001110223024625157, 53];[1, 1.7500000000000001942890293094024, 55];[1, 1.3125000000000001457167719820518, 58];[1, 1.9531250000000002168404344971009, 62];[-1, 1.9999995231628420189196049250313, 52];[1, 1.0, 31];[-1, 1.0, 0];[1, 1.0000000000000000555111512312578, 54];[1, 1.9980468749999999997831595655029, 62];[-1, 1.0, 63];[-1, 1.0, 0];[-1, 1.9980468749999999997831595655029, 62];[1, 1.0, 31];[1, 1.3125, 5];[-1, 1.9999999999999999997831595655029, 62];[1, 0.0, 0];[1, 1.9999999999999999997831595655029, 62];[1, 1.9999999999999999984821169585203, 62];[-1, 1.3125, 5];[-1, 1.953125, 9];[1, 1.9999999995343387129091011766846, 62];[-1, 1.0, 31];[1, 1.9980468750000000002168404344971, 62];[1, 1.9980468749999999997831595655029, 62];[1, 1.0, 0]",256,0
A2_5_6,1,whole|whole,int64_t,uint64_t,"whole/L1/16:-2^63,-2^63+1,-2^53-1,-2^31,-42,-1,0,1,7,42,1000,2^31-1,2^31,2^53-1,2^53+1,2^63-1","whole/L1/11:0,1,7,42,1000,2^31-1,2^31,2^53-1,2^53+1,2^63-1,2^64-1",176,"REFUSE;[1, 1.0, 63];[1, 1.0, 63];[1, 0.0, 0];[1, 0.0, 0];[1, 1.0, 63];[1, 0.0, 0];[1, 1.0, 63];[1, 1.0, 63];[1, 1.0, 63];[1, 1.0, 63];REFUSE;[1, 1.0000000000000000001084202172486, 63];[1, 1.0000000000000000007589415207399, 63];[1, 1.3125, 5];[1, 1.953125, 9];[1, 1.0000000002328306435454494116577, 63];[1, 1.0, 31];[1, 1.0009765624999999998915797827514, 63];[1, 1.0009765625000000001084202172486, 63];[1, 1.9999999999999999998915797827514, 63];[1, 1.9999999999999999997831595655029, 62];REFUSE;[1, 1.9990234374999999998915797827514, 63];[1, 1.9931640624999999992410584792601, 63];[1, 1.9589843749999999954463508755609, 63];[1, 1.0234374999999998915797827514496, 63];[1, 1.9999995231628420189196049250313, 52];[1, 1.9999999997671693563461303710938, 63];[1, 1.0, 0];[1, 1.9980468749999999998915797827514, 63];[1, 1.0009765625000000001084202172486, 63];[1, 1.0000000000000001110223024625157, 53];REFUSE;[1, 1.9999999997671693563461303710938, 63];[1, 1.9999999983701854944229125976562, 63];[1, 1.9999999902211129665374755859375, 63];[1, 1.99999976716935634613037109375, 63];[1, 1.5000000002328306436538696289062, 63];[1, 1.5, 63];[1, 1.0, 31];[1, 1.9999999997671693563461303710938, 63];[1, 1.0, 31];[1, 1.0, 31];REFUSE;[1, 1.9999999999999999954463508755609, 63];[1, 1.9999999999999999681244561289262, 63];[1, 1.999999999999999808746736773557, 63];[1, 1.9999999999999954463508755608814, 63];[1, 1.9999999902211129710911247103766, 63];[1, 1.9999999902211129665374755859375, 63];[1, 1.9589843750000000045536491244391, 63];[1, 1.9589843749999999954463508755609, 63];[1, 1.3125, 5];[1, 1.3125, 5];REFUSE;[1, 1.9999999999999999998915797827514, 63];[1, 1.9999999999999999992410584792601, 63];[1, 1.9999999999999999954463508755609, 63];[1, 1.9999999999999998915797827514496, 63];[1, 1.9999999997671693564545505883423, 63];[1, 1.9999999997671693563461303710938, 63];[1, 1.9990234375000000001084202172486, 63];[1, 1.9990234374999999998915797827514, 63];[1, 1.0000000000000000001084202172486, 63];[1, 1.0, 0];REFUSE;[1, 0.0, 0];[1, 0.0, 0];[1, 0.0, 0];[1, 0.0, 0];[1, 0.0, 0];[1, 0.0, 0];[1, 0.0, 0];[1, 0.0, 0];[1, 0.0, 0];[1, 0.0, 0];REFUSE;[1, 1.0, 0];[1, 1.75, 2];[1, 1.3125, 5];[1, 1.953125, 9];[1, 1.999999999068677425384521484375, 30];[1, 1.0, 31];[1, 1.9999999999999997779553950749687, 52];[1, 1.0000000000000001110223024625157, 53];[1, 1.9999999999999999997831595655029, 62];[1, 1.9999999999999999998915797827514, 63];REFUSE;[1, 1.75, 2];[1, 1.53125, 5];[1, 1.1484375, 8];[1, 1.708984375, 12];[1, 1.7499999991850927472114562988281, 33];[1, 1.75, 33];[1, 1.7499999999999998057109706905976, 55];[1, 1.7500000000000001942890293094024, 55];[1, 1.9999999999999999984821169585203, 62];[1, 1.9999999999999999992410584792601, 63];REFUSE;[1, 1.3125, 5];[1, 1.1484375, 8];[1, 1.72265625, 10];[1, 1.28173828125, 15];[1, 1.3124999993888195604085922241211, 36];[1, 1.3125, 36];[1, 1.3124999999999998542832280179482, 58];[1, 1.3125000000000001457167719820518, 58];[1, 1.9999999999999999954463508755609, 63];[1, 1.9999999999999999954463508755609, 63];REFUSE;[1, 1.953125, 9];[1, 1.708984375, 12];[1, 1.28173828125, 15];[1, 1.9073486328125, 19];[1, 1.953124999090505298227071762085, 40];[1, 1.953125, 40];[1, 1.9531249999999997831595655028991, 62];[1, 1.9531250000000002168404344971009, 62];[1, 1.9999999999999998915797827514496, 63];[1, 1.9999999999999998915797827514496, 63];REFUSE;[1, 1.999999999068677425384521484375, 30];[1, 1.7499999991850927472114562988281, 33];[1, 1.3124999993888195604085922241211, 36];[1, 1.953124999090505298227071762085, 40];[1, 1.9999999981373548512027238377442, 61];[1, 1.999999999068677425384521484375, 61];[1, 1.9990234372671693564545505883423, 63];[1, 1.9990234377328306435454494116577, 63];[1, 1.9999999995343387129091011766846, 62];[1, 1.9999999997671693564545505883423, 63];REFUSE;[1, 1.0, 31];[1, 1.75, 33];[1, 1.3125, 36];[1, 1.953125, 40];[1, 1.999999999068677425384521484375, 61];[1, 1.0, 62];[1, 1.9999999997671693563461303710938, 63];[1, 1.0, 31];[1, 1.9999999997671693563461303710938, 63];[1, 1.9999999997671693563461303710938, 63];REFUSE;[1, 1.9999999999999997779553950749687, 52];[1, 1.7499999999999998057109706905976, 55];[1, 1.3124999999999998542832280179482, 58];[1, 1.9531249999999997831595655028991, 62];[1, 1.9990234372671693564545505883423, 63];[1, 1.9999999997671693563461303710938, 63];[1, 1.9980468750000000001084202172486, 63];[1, 1.9999999999999999998915797827514, 63];[1, 1.9980468750000000002168404344971, 62];[1, 1.9990234375000000001084202172486, 63];REFUSE;[1, 1.0000000000000001110223024625157, 53];[1, 1.7500000000000001942890293094024, 55];[1, 1.3125000000000001457167719820518, 58];[1, 1.9531250000000002168404344971009, 62];[1, 1.9990234377328306435454494116577, 63];[1, 1.0, 31];[1, 1.9999999999999999998915797827514, 63];[1, 1.0000000000000000555111512312578, 54];[1, 1.9980468749999999997831595655029, 62];[1, 1.9990234374999999998915797827514, 63];REFUSE;[1, 1.9999999999999999997831595655029, 62];[1, 1.9999999999999999984821169585203, 62];[1, 1.9999999999999999954463508755609, 63];[1, 1.9999999999999998915797827514496, 63];[1, 1.9999999995343387129091011766846, 62];[1, 1.9999999997671693563461303710938, 63];[1, 1.9980468750000000002168404344971, 62];[1, 1.9980468749999999997831595655029, 62];[1, 1.0, 0];[1, 1.0000000000000000001084202172486, 63]",160,16
A2_5_7,1,whole|whole,int64_t,__int128,"whole/L1/16:-2^63,-2^63+1,-2^53-1,-2^31,-42,-1,0,1,7,42,1000,2^31-1,2^31,2^53-1,2^53+1,2^63-1","whole/L1/17:-2^63,-2^63+1,-2^53-1,-2^31,-42,-1,0,1,7,42,1000,2^31-1,2^31,2^53-1,2^53+1,2^63-1,2^64-1",272,"[1, 1.0, 126];[1, 1.9999999999999999997831595655029, 125];[1, 1.0000000000000001110223024625157, 116];[1, 1.0, 94];[1, 1.3125, 68];[1, 1.0, 63];[1, 0.0, 0];[-1, 1.0, 63];[-1, 1.75, 65];[-1, 1.3125, 68];[-1, 1.953125, 72];[-1, 1.999999999068677425384521484375, 93];[-1, 1.0, 94];[-1, 1.9999999999999997779553950749687, 115];[-1, 1.0000000000000001110223024625157, 116];[-1, 1.9999999999999999997831595655029, 125];[-1, 1.9999999999999999998915797827514, 126];[1, 1.9999999999999999997831595655029, 125];[1, 1.9999999999999999995663191310058, 125];[1, 1.0000000000000001109138822452671, 116];[1, 1.9999999999999999997831595655029, 93];[1, 1.3124999999999999998576984648613, 68];[1, 1.9999999999999999997831595655029, 62];[1, 0.0, 0];[-1, 1.9999999999999999997831595655029, 62];[-1, 1.749999999999999999810264619815, 65];[-1, 1.3124999999999999998576984648613, 68];[-1, 1.9531249999999999997882417631864, 72];[-1, 1.9999999990686774251676810499789, 93];[-1, 1.9999999999999999997831595655029, 93];[-1, 1.9999999999999997777385546404716, 115];[-1, 1.0000000000000001109138822452671, 116];[-1, 1.9999999999999999995663191310058, 125];[-1, 1.9999999999999999996747393482543, 126];[1, 1.0000000000000001110223024625157, 116];[1, 1.0000000000000001109138822452671, 116];[1, 1.0000000000000002220446049250313, 106];[1, 1.0000000000000001110223024625157, 84];[1, 1.3125000000000001457167719820518, 58];[1, 1.0000000000000001110223024625157, 53];[1, 0.0, 0];[-1, 1.0000000000000001110223024625157, 53];[-1, 1.7500000000000001942890293094024, 55];[-1, 1.3125000000000001457167719820518, 58];[-1, 1.9531250000000002168404344971009, 62];[-1, 1.9999999990686776474291263060087, 83];[-1, 1.0000000000000001110223024625157, 84];[-1, 2.0, 105];[-1, 1.0000000000000002220446049250313, 106];[-1, 1.0000000000000001109138822452671, 116];[-1, 1.0000000000000001109680923538914, 117];[1, 1.0, 94];[1, 1.9999999999999999997831595655029, 93];[1, 1.0000000000000001110223024625157, 84];[1, 1.0, 62];[1, 1.3125, 36];[1, 1.0, 31];[1, 0.0, 0];[-1, 1.0, 31];[-1, 1.75, 33];[-1, 1.3125, 36];[-1, 1.953125, 40];[-1, 1.999999999068677425384521484375, 61];[-1, 1.0, 62];[-1, 1.9999999999999997779553950749687, 83];[-1, 1.0000000000000001110223024625157, 84];[-1, 1.9999999999999999997831595655029, 93];[-1, 1.9999999999999999998915797827514, 94];[1, 1.3125, 68];[1, 1.3124999999999999998576984648613, 68];[1, 1.3125000000000001457167719820518, 58];[1, 1.3125, 36];[1, 1.72265625, 10];[1, 1.3125, 5];[1, 0.0, 0];[-1, 1.3125, 5];[-1, 1.1484375, 8];[-1, 1.72265625, 10];[-1, 1.28173828125, 15];[-1, 1.3124999993888195604085922241211, 36];[-1, 1.3125, 36];[-1, 1.3124999999999998542832280179482, 58];[-1, 1.3125000000000001457167719820518, 58];[-1, 1.3124999999999999998576984648613, 68];[-1, 1.3124999999999999999288492324306, 69];[1, 1.0, 63];[1, 1.9999999999999999997831595655029, 62];[1, 1.0000000000000001110223024625157, 53];[1, 1.0, 31];[1, 1.3125, 5];[1, 1.0, 0];[1, 0.0, 0];[-1, 1.0, 0];[-1, 1.75, 2];[-1, 1.3125, 5];[-1, 1.953125, 9];[-1, 1.999999999068677425384521484375, 30];[-1, 1.0, 31];[-1, 1.9999999999999997779553950749687, 52];[-1, 1.0000000000000001110223024625157, 53];[-1, 1.9999999999999999997831595655029, 62];[-1, 1.9999999999999999998915797827514, 63];[1, 0.0, 0];[1, 0.0, 0];[1, 0.0, 0];[1, 0.0, 0];[1, 0.0, 0];[1, 0.0, 0];[1, 0.0, 0];[1, 0.0, 0];[1, 0.0, 0];[1, 0.0, 0];[1, 0.0, 0];[1, 0.0, 0];[1, 0.0, 0];[1, 0.0, 0];[1, 0.0, 0];[1, 0.0, 0];[1, 0.0, 0];[-1, 1.0, 63];[-1, 1.9999999999999999997831595655029, 62];[-1, 1.0000000000000001110223024625157, 53];[-1, 1.0, 31];[-1, 1.3125, 5];[-1, 1.0, 0];[1, 0.0, 0];[1, 1.0, 0];[1, 1.75, 2];[1, 1.3125, 5];[1, 1.953125, 9];[1, 1.999999999068677425384521484375, 30];[1, 1.0, 31];[1, 1.9999999999999997779553950749687, 52];[1, 1.0000000000000001110223024625157, 53];[1, 1.9999999999999999997831595655029, 62];[1, 1.9999999999999999998915797827514, 63];[-1, 1.75, 65];[-1, 1.749999999999999999810264619815, 65];[-1, 1.7500000000000001942890293094024, 55];[-1, 1.75, 33];[-1, 1.1484375, 8];[-1, 1.75, 2];[1, 0.0, 0];[1, 1.75, 2];[1, 1.53125, 5];[1, 1.1484375, 8];[1, 1.708984375, 12];[1, 1.7499999991850927472114562988281, 33];[1, 1.75, 33];[1, 1.7499999999999998057109706905976, 55];[1, 1.7500000000000001942890293094024, 55];[1, 1.749999999999999999810264619815, 65];[1, 1.7499999999999999999051323099075, 66];[-1, 1.3125, 68];[-1, 1.3124999999999999998576984648613, 68];[-1, 1.3125000000000001457167719820518, 58];[-1, 1.3125, 36];[-1, 1.72265625, 10];[-1, 1.3125, 5];[1, 0.0, 0];[1, 1.3125, 5];[1, 1.1484375, 8];[1, 1.72265625, 10];[1, 1.28173828125, 15];[1, 1.3124999993888195604085922241211, 36];[1, 1.3125, 36];[1, 1.3124999999999998542832280179482, 58];[1, 1.3125000000000001457167719820518, 58];[1, 1.3124999999999999998576984648613, 68];[1, 1.3124999999999999999288492324306, 69];[-1, 1.953125, 72];[-1, 1.9531249999999999997882417631864, 72];[-1, 1.9531250000000002168404344971009, 62];[-1, 1.953125, 40];[-1, 1.28173828125, 15];[-1, 1.953125, 9];[1, 0.0, 0];[1, 1.953125, 9];[1, 1.708984375, 12];[1, 1.28173828125, 15];[1, 1.9073486328125, 19];[1, 1.953124999090505298227071762085, 40];[1, 1.953125, 40];[1, 1.9531249999999997831595655028991, 62];[1, 1.9531250000000002168404344971009, 62];[1, 1.9531249999999999997882417631864, 72];[1, 1.9531249999999999998941208815932, 73];[-1, 1.999999999068677425384521484375, 93];[-1, 1.9999999990686774251676810499789, 93];[-1, 1.9999999990686776474291263060087, 83];[-1, 1.999999999068677425384521484375, 61];[-1, 1.3124999993888195604085922241211, 36];[-1, 1.999999999068677425384521484375, 30];[1, 0.0, 0];[1, 1.999999999068677425384521484375, 30];[1, 1.7499999991850927472114562988281, 33];[1, 1.3124999993888195604085922241211, 36];[1, 1.953124999090505298227071762085, 40];[1, 1.9999999981373548512027238377442, 61];[1, 1.999999999068677425384521484375, 61];[1, 1.9999999990686772033399166627413, 83];[1, 1.9999999990686776474291263060087, 83];[1, 1.9999999990686774251676810499789, 93];[1, 1.9999999990686774252761012671769, 94];[-1, 1.0, 94];[-1, 1.9999999999999999997831595655029, 93];[-1, 1.0000000000000001110223024625157, 84];[-1, 1.0, 62];[-1, 1.3125, 36];[-1, 1.0, 31];[1, 0.0, 0];[1, 1.0, 31];[1, 1.75, 33];[1, 1.3125, 36];[1, 1.953125, 40];[1, 1.999999999068677425384521484375, 61];[1, 1.0, 62];[1, 1.9999999999999997779553950749687, 83];[1, 1.0000000000000001110223024625157, 84];[1, 1.9999999999999999997831595655029, 93];[1, 1.9999999999999999998915797827514, 94];[-1, 1.9999999999999997779553950749687, 115];[-1, 1.9999999999999997777385546404716, 115];[-1, 2.0, 105];[-1, 1.9999999999999997779553950749687, 83];[-1, 1.3124999999999998542832280179482, 58];[-1, 1.9999999999999997779553950749687, 52];[1, 0.0, 0];[1, 1.9999999999999997779553950749687, 52];[1, 1.7499999999999998057109706905976, 55];[1, 1.3124999999999998542832280179482, 58];[1, 1.9531249999999997831595655028991, 62];[1, 1.9999999990686772033399166627413, 83];[1, 1.9999999999999997779553950749687, 83];[1, 1.9999999999999995559107901499374, 105];[1, 2.0, 105];[1, 1.9999999999999997777385546404716, 115];[1, 1.9999999999999997778469748577201, 116];[-1, 1.0000000000000001110223024625157, 116];[-1, 1.0000000000000001109138822452671, 116];[-1, 1.0000000000000002220446049250313, 106];[-1, 1.0000000000000001110223024625157, 84];[-1, 1.3125000000000001457167719820518, 58];[-1, 1.0000000000000001110223024625157, 53];[1, 0.0, 0];[1, 1.0000000000000001110223024625157, 53];[1, 1.7500000000000001942890293094024, 55];[1, 1.3125000000000001457167719820518, 58];[1, 1.9531250000000002168404344971009, 62];[1, 1.9999999990686776474291263060087, 83];[1, 1.0000000000000001110223024625157, 84];[1, 2.0, 105];[1, 1.0000000000000002220446049250313, 106];[1, 1.0000000000000001109138822452671, 116];[1, 1.0000000000000001109680923538914, 117];[-1, 1.9999999999999999997831595655029, 125];[-1, 1.9999999999999999995663191310058, 125];[-1, 1.0000000000000001109138822452671, 116];[-1, 1.9999999999999999997831595655029, 93];[-1, 1.3124999999999999998576984648613, 68];[-1, 1.9999999999999999997831595655029, 62];[1, 0.0, 0];[1, 1.9999999999999999997831595655029, 62];[1, 1.749999999999999999810264619815, 65];[1, 1.3124999999999999998576984648613, 68];[1, 1.9531249999999999997882417631864, 72];[1, 1.9999999990686774251676810499789, 93];[1, 1.9999999999999999997831595655029, 93];[1, 1.9999999999999997777385546404716, 115];[1, 1.0000000000000001109138822452671, 116];[1, 1.9999999999999999995663191310058, 125];[1, 1.9999999999999999996747393482543, 126]",272,0
A2_5_8,1,whole|fractional,int64_t,double,"whole/L1/16:-2^63,-2^63+1,-2^53-1,-2^31,-42,-1,0,1,7,42,1000,2^31-1,2^31,2^53-1,2^53+1,2^63-1","fractional/L1/16:-max_finite,-1.5,-1.0,-(1.0-1ulp),-0.0,+0.0,+min_subnormal,+min_normal,1.0-1ulp,1.0,1.0+1ulp,1.5,pi,2^53,max_finite,0.1",256,"[1, inf];[1, 1.5, 63];[1, 1.0, 63];[1, 1.9999999999999997779553950749687, 62];[1, 0.0, 0];[-1, 0.0, 0];[-1, 1.0, -1011];[-1, 1.0, -959];[-1, 1.9999999999999997779553950749687, 62];[-1, 1.0, 63];[-1, 1.0000000000000002220446049250313, 63];[-1, 1.5, 63];[-1, 1.5707963267948965579989817342721, 64];[-1, 1.0, 116];[-1, inf];[-1, 1.6000000000000000888178419700125, 59];[1, inf];[1, 1.5, 63];[1, 1.0, 63];[1, 1.9999999999999997779553950749687, 62];[1, 0.0, 0];[-1, 0.0, 0];[-1, 1.0, -1011];[-1, 1.0, -959];[-1, 1.9999999999999997779553950749687, 62];[-1, 1.0, 63];[-1, 1.0000000000000002220446049250313, 63];[-1, 1.5, 63];[-1, 1.5707963267948965579989817342721, 64];[-1, 1.0, 116];[-1, inf];[-1, 1.6000000000000000888178419700125, 59];[1, inf];[1, 1.5, 53];[1, 1.0, 53];[1, 1.9999999999999997779553950749687, 52];[1, 0.0, 0];[-1, 0.0, 0];[-1, 1.0, -1021];[-1, 1.0, -969];[-1, 1.9999999999999997779553950749687, 52];[-1, 1.0, 53];[-1, 1.0000000000000002220446049250313, 53];[-1, 1.5, 53];[-1, 1.5707963267948965579989817342721, 54];[-1, 1.0, 106];[-1, inf];[-1, 1.6000000000000000888178419700125, 49];[1, inf];[1, 1.5, 31];[1, 1.0, 31];[1, 1.9999999999999997779553950749687, 30];[1, 0.0, 0];[-1, 0.0, 0];[-1, 1.0, -1043];[-1, 1.0, -991];[-1, 1.9999999999999997779553950749687, 30];[-1, 1.0, 31];[-1, 1.0000000000000002220446049250313, 31];[-1, 1.5, 31];[-1, 1.5707963267948965579989817342721, 32];[-1, 1.0, 84];[-1, inf];[-1, 1.6000000000000000888178419700125, 27];[1, inf];[1, 1.96875, 5];[1, 1.3125, 5];[1, 1.3124999999999997779553950749687, 5];[1, 0.0, 0];[-1, 0.0, 0];[-1, 1.3125, -1069];[-1, 1.3125, -1017];[-1, 1.3124999999999997779553950749687, 5];[-1, 1.3125, 5];[-1, 1.3125000000000002220446049250313, 5];[-1, 1.96875, 5];[-1, 1.0308350894591509216979829943739, 7];[-1, 1.3125, 58];[-1, inf];[-1, 1.0500000000000000444089209850063, 2];[1, 1.9999999999999997779553950749687, 1023];[1, 1.5, 0];[1, 1.0, 0];[1, 1.9999999999999997779553950749687, -1];[1, 0.0, 0];[-1, 0.0, 0];[-1, 1.0, -1074];[-1, 1.0, -1022];[-1, 1.9999999999999997779553950749687, -1];[-1, 1.0, 0];[-1, 1.0000000000000002220446049250313, 0];[-1, 1.5, 0];[-1, 1.5707963267948965579989817342721, 1];[-1, 1.0, 53];[-1, 1.9999999999999997779553950749687, 1023];[-1, 1.6000000000000000888178419700125, -4];[-1, 0.0, 0];[-1, 0.0, 0];[-1, 0.0, 0];[-1, 0.0, 0];[-1, 0.0, 0];[1, 0.0, 0];[1, 0.0, 0];[1, 0.0, 0];[1, 0.0, 0];[1, 0.0, 0];[1, 0.0, 0];[1, 0.0, 0];[1, 0.0, 0];[1, 0.0, 0];[1, 0.0, 0];[1, 0.0, 0];[-1, 1.9999999999999997779553950749687, 1023];[-1, 1.5, 0];[-1, 1.0, 0];[-1, 1.9999999999999997779553950749687, -1];[-1, 0.0, 0];[1, 0.0, 0];[1, 1.0, -1074];[1, 1.0, -1022];[1, 1.9999999999999997779553950749687, -1];[1, 1.0, 0];[1, 1.0000000000000002220446049250313, 0];[1, 1.5, 0];[1, 1.5707963267948965579989817342721, 1];[1, 1.0, 53];[1, 1.9999999999999997779553950749687, 1023];[1, 1.6000000000000000888178419700125, -4];[-1, inf];[-1, 1.3125, 3];[-1, 1.75, 2];[-1, 1.7499999999999997779553950749687, 2];[-1, 0.0, 0];[1, 0.0, 0];[1, 1.75, -1072];[1, 1.75, -1020];[1, 1.7499999999999997779553950749687, 2];[1, 1.75, 2];[1, 1.7500000000000004440892098500626, 2];[1, 1.3125, 3];[1, 1.3744467859455344882491090174881, 4];[1, 1.75, 55];[1, inf];[1, 1.4000000000000001332267629550188, -1];[-1, inf];[-1, 1.96875, 5];[-1, 1.3125, 5];[-1, 1.3124999999999997779553950749687, 5];[-1, 0.0, 0];[1, 0.0, 0];[1, 1.3125, -1069];[1, 1.3125, -1017];[1, 1.3124999999999997779553950749687, 5];[1, 1.3125, 5];[1, 1.3125000000000002220446049250313, 5];[1, 1.96875, 5];[1, 1.0308350894591509216979829943739, 7];[1, 1.3125, 58];[1, inf];[1, 1.0500000000000000444089209850063, 2];[-1, inf];[-1, 1.46484375, 10];[-1, 1.953125, 9];[-1, 1.9531249999999997779553950749687, 9];[-1, 0.0, 0];[1, 0.0, 0];[1, 1.953125, -1065];[1, 1.953125, -1013];[1, 1.9531249999999997779553950749687, 9];[1, 1.953125, 9];[1, 1.9531250000000004440892098500626, 9];[1, 1.46484375, 10];[1, 1.5339807878856410727763659451739, 11];[1, 1.953125, 62];[1, inf];[1, 1.5625, 6];[-1, inf];[-1, 1.4999999993015080690383911132812, 31];[-1, 1.999999999068677425384521484375, 30];[-1, 1.9999999990686772033399165593437, 30];[-1, 0.0, 0];[1, 0.0, 0];[1, 1.999999999068677425384521484375, -1044];[1, 1.999999999068677425384521484375, -992];[1, 1.9999999990686772033399165593437, 30];[1, 1.999999999068677425384521484375, 30];[1, 1.9999999990686778694737313344376, 30];[1, 1.4999999993015080690383911132812, 31];[1, 1.5707963260634374424995485242107, 32];[1, 1.999999999068677425384521484375, 83];[1, inf];[1, 1.5999999992549420735343801425188, 27];[-1, inf];[-1, 1.5, 31];[-1, 1.0, 31];[-1, 1.9999999999999997779553950749687, 30];[-1, 0.0, 0];[1, 0.0, 0];[1, 1.0, -1043];[1, 1.0, -991];[1, 1.9999999999999997779553950749687, 30];[1, 1.0, 31];[1, 1.0000000000000002220446049250313, 31];[1, 1.5, 31];[1, 1.5707963267948965579989817342721, 32];[1, 1.0, 84];[1, inf];[1, 1.6000000000000000888178419700125, 27];[-1, inf];[-1, 1.4999999999999997779553950749687, 53];[-1, 1.9999999999999997779553950749687, 52];[-1, 1.9999999999999995559107901499374, 52];[-1, 0.0, 0];[1, 0.0, 0];[1, 1.9999999999999997779553950749687, -1022];[1, 1.9999999999999997779553950749687, -970];[1, 1.9999999999999995559107901499374, 52];[1, 1.9999999999999997779553950749687, 52];[1, 1.0, 53];[1, 1.4999999999999997779553950749687, 53];[1, 1.5707963267948963359543768092408, 54];[1, 1.9999999999999997779553950749687, 105];[1, inf];[1, 1.5999999999999998667732370449812, 49];[-1, inf];[-1, 1.5, 53];[-1, 1.0, 53];[-1, 1.9999999999999997779553950749687, 52];[-1, 0.0, 0];[1, 0.0, 0];[1, 1.0, -1021];[1, 1.0, -969];[1, 1.9999999999999997779553950749687, 52];[1, 1.0, 53];[1, 1.0000000000000002220446049250313, 53];[1, 1.5, 53];[1, 1.5707963267948965579989817342721, 54];[1, 1.0, 106];[1, inf];[1, 1.6000000000000000888178419700125, 49];[-1, inf];[-1, 1.5, 63];[-1, 1.0, 63];[-1, 1.9999999999999997779553950749687, 62];[-1, 0.0, 0];[1, 0.0, 0];[1, 1.0, -1011];[1, 1.0, -959];[1, 1.9999999999999997779553950749687, 62];[1, 1.0, 63];[1, 1.0000000000000002220446049250313, 63];[1, 1.5, 63];[1, 1.5707963267948965579989817342721, 64];[1, 1.0, 116];[1, inf];[1, 1.6000000000000000888178419700125, 59]",256,0
A2_5_9,1,whole|fractional,int64_t,float,"whole/L1/16:-2^63,-2^63+1,-2^53-1,-2^31,-42,-1,0,1,7,42,1000,2^31-1,2^31,2^53-1,2^53+1,2^63-1","fractional/L1/7:-1.5,-1.0,-0.0,+0.0,1.0,1.5,2^53",112,"[1, 1.5, 63];[1, 1.0, 63];[1, 0.0, 0];[-1, 0.0, 0];[-1, 1.0, 63];[-1, 1.5, 63];[-1, 1.0, 116];[1, 1.5, 63];[1, 1.0, 63];[1, 0.0, 0];[-1, 0.0, 0];[-1, 1.0, 63];[-1, 1.5, 63];[-1, 1.0, 116];[1, 1.5, 53];[1, 1.0, 53];[1, 0.0, 0];[-1, 0.0, 0];[-1, 1.0, 53];[-1, 1.5, 53];[-1, 1.0, 106];[1, 1.5, 31];[1, 1.0, 31];[1, 0.0, 0];[-1, 0.0, 0];[-1, 1.0, 31];[-1, 1.5, 31];[-1, 1.0, 84];[1, 1.96875, 5];[1, 1.3125, 5];[1, 0.0, 0];[-1, 0.0, 0];[-1, 1.3125, 5];[-1, 1.96875, 5];[-1, 1.3125, 58];[1, 1.5, 0];[1, 1.0, 0];[1, 0.0, 0];[-1, 0.0, 0];[-1, 1.0, 0];[-1, 1.5, 0];[-1, 1.0, 53];[-1, 0.0, 0];[-1, 0.0, 0];[-1, 0.0, 0];[1, 0.0, 0];[1, 0.0, 0];[1, 0.0, 0];[1, 0.0, 0];[-1, 1.5, 0];[-1, 1.0, 0];[-1, 0.0, 0];[1, 0.0, 0];[1, 1.0, 0];[1, 1.5, 0];[1, 1.0, 53];[-1, 1.3125, 3];[-1, 1.75, 2];[-1, 0.0, 0];[1, 0.0, 0];[1, 1.75, 2];[1, 1.3125, 3];[1, 1.75, 55];[-1, 1.96875, 5];[-1, 1.3125, 5];[-1, 0.0, 0];[1, 0.0, 0];[1, 1.3125, 5];[1, 1.96875, 5];[1, 1.3125, 58];[-1, 1.46484375, 10];[-1, 1.953125, 9];[-1, 0.0, 0];[1, 0.0, 0];[1, 1.953125, 9];[1, 1.46484375, 10];[1, 1.953125, 62];[-1, 1.5, 31];[-1, 1.0, 31];[-1, 0.0, 0];[1, 0.0, 0];[1, 1.0, 31];[1, 1.5, 31];[1, 1.0, 84];[-1, 1.5, 31];[-1, 1.0, 31];[-1, 0.0, 0];[1, 0.0, 0];[1, 1.0, 31];[1, 1.5, 31];[1, 1.0, 84];[-1, 1.5, 53];[-1, 1.0, 53];[-1, 0.0, 0];[1, 0.0, 0];[1, 1.0, 53];[1, 1.5, 53];[1, 1.0, 106];[-1, 1.5, 53];[-1, 1.0, 53];[-1, 0.0, 0];[1, 0.0, 0];[1, 1.0, 53];[1, 1.5, 53];[1, 1.0, 106];[-1, 1.5, 63];[-1, 1.0, 63];[-1, 0.0, 0];[1, 0.0, 0];[1, 1.0, 63];[1, 1.5, 63];[1, 1.0, 116]",112,0
A2_6_3,1,whole|truth,uint64_t,bool,"whole/L1/11:0,1,7,42,1000,2^31-1,2^31,2^53-1,2^53+1,2^63-1,2^64-1","truth/L1/2:true,false",22,"REFUSE;REFUSE;[1, 1.0, 0];[1, 0.0, 0];[1, 1.75, 2];[1, 0.0, 0];[1, 1.3125, 5];[1, 0.0, 0];[1, 1.953125, 9];[1, 0.0, 0];[1, 1.999999999068677425384521484375, 30];[1, 0.0, 0];[1, 1.0, 31];[1, 0.0, 0];[1, 1.9999999999999997779553950749687, 52];[1, 0.0, 0];[1, 1.0000000000000001110223024625157, 53];[1, 0.0, 0];[1, 1.9999999999999999997831595655029, 62];[1, 0.0, 0];[1, 1.9999999999999999998915797827514, 63];[1, 0.0, 0]",20,2
A2_6_4,1,whole|whole,uint64_t,int32_t,"whole/L1/11:0,1,7,42,1000,2^31-1,2^31,2^53-1,2^53+1,2^63-1,2^64-1","whole/L1/9:-2^31,-42,-1,0,1,7,42,1000,2^31-1",99,"REFUSE;REFUSE;REFUSE;REFUSE;REFUSE;REFUSE;REFUSE;REFUSE;REFUSE;[1, 1.9999999997671693563461303710938, 63];[1, 1.9999999999999999954463508755609, 63];[1, 1.9999999999999999998915797827514, 63];[1, 0.0, 0];[1, 1.0, 0];[1, 1.75, 2];[1, 1.3125, 5];[1, 1.953125, 9];[1, 1.999999999068677425384521484375, 30];[1, 1.9999999983701854944229125976562, 63];[1, 1.9999999999999999681244561289262, 63];[1, 1.9999999999999999992410584792601, 63];[1, 0.0, 0];[1, 1.75, 2];[1, 1.53125, 5];[1, 1.1484375, 8];[1, 1.708984375, 12];[1, 1.7499999991850927472114562988281, 33];[1, 1.9999999902211129665374755859375, 63];[1, 1.999999999999999808746736773557, 63];[1, 1.9999999999999999954463508755609, 63];[1, 0.0, 0];[1, 1.3125, 5];[1, 1.1484375, 8];[1, 1.72265625, 10];[1, 1.28173828125, 15];[1, 1.3124999993888195604085922241211, 36];[1, 1.99999976716935634613037109375, 63];[1, 1.9999999999999954463508755608814, 63];[1, 1.9999999999999998915797827514496, 63];[1, 0.0, 0];[1, 1.953125, 9];[1, 1.708984375, 12];[1, 1.28173828125, 15];[1, 1.9073486328125, 19];[1, 1.953124999090505298227071762085, 40];[1, 1.5000000002328306436538696289062, 63];[1, 1.9999999902211129710911247103766, 63];[1, 1.9999999997671693564545505883423, 63];[1, 0.0, 0];[1, 1.999999999068677425384521484375, 30];[1, 1.7499999991850927472114562988281, 33];[1, 1.3124999993888195604085922241211, 36];[1, 1.953124999090505298227071762085, 40];[1, 1.9999999981373548512027238377442, 61];[1, 1.5, 63];[1, 1.9999999902211129665374755859375, 63];[1, 1.9999999997671693563461303710938, 63];[1, 0.0, 0];[1, 1.0, 31];[1, 1.75, 33];[1, 1.3125, 36];[1, 1.953125, 40];[1, 1.999999999068677425384521484375, 61];[1, 1.0, 31];[1, 1.9589843750000000045536491244391, 63];[1, 1.9990234375000000001084202172486, 63];[1, 0.0, 0];[1, 1.9999999999999997779553950749687, 52];[1, 1.7499999999999998057109706905976, 55];[1, 1.3124999999999998542832280179482, 58];[1, 1.9531249999999997831595655028991, 62];[1, 1.9990234372671693564545505883423, 63];[1, 1.9999999997671693563461303710938, 63];[1, 1.9589843749999999954463508755609, 63];[1, 1.9990234374999999998915797827514, 63];[1, 0.0, 0];[1, 1.0000000000000001110223024625157, 53];[1, 1.7500000000000001942890293094024, 55];[1, 1.3125000000000001457167719820518, 58];[1, 1.9531250000000002168404344971009, 62];[1, 1.9990234377328306435454494116577, 63];[1, 1.0, 31];[1, 1.3125, 5];[1, 1.0000000000000000001084202172486, 63];[1, 0.0, 0];[1, 1.9999999999999999997831595655029, 62];[1, 1.9999999999999999984821169585203, 62];[1, 1.9999999999999999954463508755609, 63];[1, 1.9999999999999998915797827514496, 63];[1, 1.9999999995343387129091011766846, 62];[1, 1.0, 31];[1, 1.3125, 5];[1, 1.0, 0];[1, 0.0, 0];[1, 1.9999999999999999998915797827514, 63];[1, 1.9999999999999999992410584792601, 63];[1, 1.9999999999999999954463508755609, 63];[1, 1.9999999999999998915797827514496, 63];[1, 1.9999999997671693564545505883423, 63]",90,9
A2_6_5,1,whole|whole,uint64_t,int64_t,"whole/L1/11:0,1,7,42,1000,2^31-1,2^31,2^53-1,2^53+1,2^63-1,2^64-1","whole/L1/16:-2^63,-2^63+1,-2^53-1,-2^31,-42,-1,0,1,7,42,1000,2^31-1,2^31,2^53-1,2^53+1,2^63-1",176,"REFUSE;REFUSE;REFUSE;REFUSE;REFUSE;REFUSE;REFUSE;REFUSE;REFUSE;REFUSE;REFUSE;REFUSE;REFUSE;REFUSE;REFUSE;REFUSE;[1, 1.0, 63];[1, 1.0000000000000000001084202172486, 63];[1, 1.9990234374999999998915797827514, 63];[1, 1.9999999997671693563461303710938, 63];[1, 1.9999999999999999954463508755609, 63];[1, 1.9999999999999999998915797827514, 63];[1, 0.0, 0];[1, 1.0, 0];[1, 1.75, 2];[1, 1.3125, 5];[1, 1.953125, 9];[1, 1.999999999068677425384521484375, 30];[1, 1.0, 31];[1, 1.9999999999999997779553950749687, 52];[1, 1.0000000000000001110223024625157, 53];[1, 1.9999999999999999997831595655029, 62];[1, 1.0, 63];[1, 1.0000000000000000007589415207399, 63];[1, 1.9931640624999999992410584792601, 63];[1, 1.9999999983701854944229125976562, 63];[1, 1.9999999999999999681244561289262, 63];[1, 1.9999999999999999992410584792601, 63];[1, 0.0, 0];[1, 1.75, 2];[1, 1.53125, 5];[1, 1.1484375, 8];[1, 1.708984375, 12];[1, 1.7499999991850927472114562988281, 33];[1, 1.75, 33];[1, 1.7499999999999998057109706905976, 55];[1, 1.7500000000000001942890293094024, 55];[1, 1.9999999999999999984821169585203, 62];[1, 0.0, 0];[1, 1.3125, 5];[1, 1.9589843749999999954463508755609, 63];[1, 1.9999999902211129665374755859375, 63];[1, 1.999999999999999808746736773557, 63];[1, 1.9999999999999999954463508755609, 63];[1, 0.0, 0];[1, 1.3125, 5];[1, 1.1484375, 8];[1, 1.72265625, 10];[1, 1.28173828125, 15];[1, 1.3124999993888195604085922241211, 36];[1, 1.3125, 36];[1, 1.3124999999999998542832280179482, 58];[1, 1.3125000000000001457167719820518, 58];[1, 1.9999999999999999954463508755609, 63];[1, 0.0, 0];[1, 1.953125, 9];[1, 1.0234374999999998915797827514496, 63];[1, 1.99999976716935634613037109375, 63];[1, 1.9999999999999954463508755608814, 63];[1, 1.9999999999999998915797827514496, 63];[1, 0.0, 0];[1, 1.953125, 9];[1, 1.708984375, 12];[1, 1.28173828125, 15];[1, 1.9073486328125, 19];[1, 1.953124999090505298227071762085, 40];[1, 1.953125, 40];[1, 1.9531249999999997831595655028991, 62];[1, 1.9531250000000002168404344971009, 62];[1, 1.9999999999999998915797827514496, 63];[1, 1.0, 63];[1, 1.0000000002328306435454494116577, 63];[1, 1.9999995231628420189196049250313, 52];[1, 1.5000000002328306436538696289062, 63];[1, 1.9999999902211129710911247103766, 63];[1, 1.9999999997671693564545505883423, 63];[1, 0.0, 0];[1, 1.999999999068677425384521484375, 30];[1, 1.7499999991850927472114562988281, 33];[1, 1.3124999993888195604085922241211, 36];[1, 1.953124999090505298227071762085, 40];[1, 1.9999999981373548512027238377442, 61];[1, 1.999999999068677425384521484375, 61];[1, 1.9990234372671693564545505883423, 63];[1, 1.9990234377328306435454494116577, 63];[1, 1.9999999995343387129091011766846, 62];[1, 0.0, 0];[1, 1.0, 31];[1, 1.9999999997671693563461303710938, 63];[1, 1.5, 63];[1, 1.9999999902211129665374755859375, 63];[1, 1.9999999997671693563461303710938, 63];[1, 0.0, 0];[1, 1.0, 31];[1, 1.75, 33];[1, 1.3125, 36];[1, 1.953125, 40];[1, 1.999999999068677425384521484375, 61];[1, 1.0, 62];[1, 1.9999999997671693563461303710938, 63];[1, 1.0, 31];[1, 1.9999999997671693563461303710938, 63];[1, 1.0, 63];[1, 1.0009765624999999998915797827514, 63];[1, 1.0, 0];[1, 1.0, 31];[1, 1.9589843750000000045536491244391, 63];[1, 1.9990234375000000001084202172486, 63];[1, 0.0, 0];[1, 1.9999999999999997779553950749687, 52];[1, 1.7499999999999998057109706905976, 55];[1, 1.3124999999999998542832280179482, 58];[1, 1.9531249999999997831595655028991, 62];[1, 1.9990234372671693564545505883423, 63];[1, 1.9999999997671693563461303710938, 63];[1, 1.9980468750000000001084202172486, 63];[1, 1.9999999999999999998915797827514, 63];[1, 1.9980468750000000002168404344971, 62];[1, 1.0, 63];[1, 1.0009765625000000001084202172486, 63];[1, 1.9980468749999999998915797827514, 63];[1, 1.9999999997671693563461303710938, 63];[1, 1.9589843749999999954463508755609, 63];[1, 1.9990234374999999998915797827514, 63];[1, 0.0, 0];[1, 1.0000000000000001110223024625157, 53];[1, 1.7500000000000001942890293094024, 55];[1, 1.3125000000000001457167719820518, 58];[1, 1.9531250000000002168404344971009, 62];[1, 1.9990234377328306435454494116577, 63];[1, 1.0, 31];[1, 1.9999999999999999998915797827514, 63];[1, 1.0000000000000000555111512312578, 54];[1, 1.9980468749999999997831595655029, 62];[1, 1.0, 63];[1, 1.9999999999999999998915797827514, 63];[1, 1.0009765625000000001084202172486, 63];[1, 1.0, 31];[1, 1.3125, 5];[1, 1.0000000000000000001084202172486, 63];[1, 0.0, 0];[1, 1.9999999999999999997831595655029, 62];[1, 1.9999999999999999984821169585203, 62];[1, 1.9999999999999999954463508755609, 63];[1, 1.9999999999999998915797827514496, 63];[1, 1.9999999995343387129091011766846, 62];[1, 1.9999999997671693563461303710938, 63];[1, 1.9980468750000000002168404344971, 62];[1, 1.9980468749999999997831595655029, 62];[1, 1.0, 0];[1, 1.0, 63];[1, 1.9999999999999999997831595655029, 62];[1, 1.0000000000000001110223024625157, 53];[1, 1.0, 31];[1, 1.3125, 5];[1, 1.0, 0];[1, 0.0, 0];[1, 1.9999999999999999998915797827514, 63];[1, 1.9999999999999999992410584792601, 63];[1, 1.9999999999999999954463508755609, 63];[1, 1.9999999999999998915797827514496, 63];[1, 1.9999999997671693564545505883423, 63];[1, 1.9999999997671693563461303710938, 63];[1, 1.9990234375000000001084202172486, 63];[1, 1.9990234374999999998915797827514, 63];[1, 1.0000000000000000001084202172486, 63]",160,16
A2_6_6,1,whole|whole,uint64_t,uint64_t,"whole/L1/11:0,1,7,42,1000,2^31-1,2^31,2^53-1,2^53+1,2^63-1,2^64-1","whole/L1/11:0,1,7,42,1000,2^31-1,2^31,2^53-1,2^53+1,2^63-1,2^64-1",121,"REFUSE;REFUSE;REFUSE;REFUSE;REFUSE;REFUSE;REFUSE;REFUSE;REFUSE;REFUSE;REFUSE;REFUSE;[1, 1.0, 0];[1, 1.75, 2];[1, 1.3125, 5];[1, 1.953125, 9];[1, 1.999999999068677425384521484375, 30];[1, 1.0, 31];[1, 1.9999999999999997779553950749687, 52];[1, 1.0000000000000001110223024625157, 53];[1, 1.9999999999999999997831595655029, 62];[1, 1.9999999999999999998915797827514, 63];REFUSE;[1, 1.75, 2];[1, 1.53125, 5];[1, 1.1484375, 8];[1, 1.708984375, 12];[1, 1.7499999991850927472114562988281, 33];[1, 1.75, 33];[1, 1.7499999999999998057109706905976, 55];[1, 1.7500000000000001942890293094024, 55];[1, 1.9999999999999999984821169585203, 62];[1, 1.9999999999999999992410584792601, 63];REFUSE;[1, 1.3125, 5];[1, 1.1484375, 8];[1, 1.72265625, 10];[1, 1.28173828125, 15];[1, 1.3124999993888195604085922241211, 36];[1, 1.3125, 36];[1, 1.3124999999999998542832280179482, 58];[1, 1.3125000000000001457167719820518, 58];[1, 1.9999999999999999954463508755609, 63];[1, 1.9999999999999999954463508755609, 63];REFUSE;[1, 1.953125, 9];[1, 1.708984375, 12];[1, 1.28173828125, 15];[1, 1.9073486328125, 19];[1, 1.953124999090505298227071762085, 40];[1, 1.953125, 40];[1, 1.9531249999999997831595655028991, 62];[1, 1.9531250000000002168404344971009, 62];[1, 1.9999999999999998915797827514496, 63];[1, 1.9999999999999998915797827514496, 63];REFUSE;[1, 1.999999999068677425384521484375, 30];[1, 1.7499999991850927472114562988281, 33];[1, 1.3124999993888195604085922241211, 36];[1, 1.953124999090505298227071762085, 40];[1, 1.9999999981373548512027238377442, 61];[1, 1.999999999068677425384521484375, 61];[1, 1.9990234372671693564545505883423, 63];[1, 1.9990234377328306435454494116577, 63];[1, 1.9999999995343387129091011766846, 62];[1, 1.9999999997671693564545505883423, 63];REFUSE;[1, 1.0, 31];[1, 1.75, 33];[1, 1.3125, 36];[1, 1.953125, 40];[1, 1.999999999068677425384521484375, 61];[1, 1.0, 62];[1, 1.9999999997671693563461303710938, 63];[1, 1.0, 31];[1, 1.9999999997671693563461303710938, 63];[1, 1.9999999997671693563461303710938, 63];REFUSE;[1, 1.9999999999999997779553950749687, 52];[1, 1.7499999999999998057109706905976, 55];[1, 1.3124999999999998542832280179482, 58];[1, 1.9531249999999997831595655028991, 62];[1, 1.9990234372671693564545505883423, 63];[1, 1.9999999997671693563461303710938, 63];[1, 1.9980468750000000001084202172486, 63];[1, 1.9999999999999999998915797827514, 63];[1, 1.9980468750000000002168404344971, 62];[1, 1.9990234375000000001084202172486, 63];REFUSE;[1, 1.0000000000000001110223024625157, 53];[1, 1.7500000000000001942890293094024, 55];[1, 1.3125000000000001457167719820518, 58];[1, 1.9531250000000002168404344971009, 62];[1, 1.9990234377328306435454494116577, 63];[1, 1.0, 31];[1, 1.9999999999999999998915797827514, 63];[1, 1.0000000000000000555111512312578, 54];[1, 1.9980468749999999997831595655029, 62];[1, 1.9990234374999999998915797827514, 63];REFUSE;[1, 1.9999999999999999997831595655029, 62];[1, 1.9999999999999999984821169585203, 62];[1, 1.9999999999999999954463508755609, 63];[1, 1.9999999999999998915797827514496, 63];[1, 1.9999999995343387129091011766846, 62];[1, 1.9999999997671693563461303710938, 63];[1, 1.9980468750000000002168404344971, 62];[1, 1.9980468749999999997831595655029, 62];[1, 1.0, 0];[1, 1.0000000000000000001084202172486, 63];REFUSE;[1, 1.9999999999999999998915797827514, 63];[1, 1.9999999999999999992410584792601, 63];[1, 1.9999999999999999954463508755609, 63];[1, 1.9999999999999998915797827514496, 63];[1, 1.9999999997671693564545505883423, 63];[1, 1.9999999997671693563461303710938, 63];[1, 1.9990234375000000001084202172486, 63];[1, 1.9990234374999999998915797827514, 63];[1, 1.0000000000000000001084202172486, 63];[1, 1.0, 0]",100,21
A2_6_7,1,whole|whole,uint64_t,__int128,"whole/L1/11:0,1,7,42,1000,2^31-1,2^31,2^53-1,2^53+1,2^63-1,2^64-1","whole/L1/17:-2^63,-2^63+1,-2^53-1,-2^31,-42,-1,0,1,7,42,1000,2^31-1,2^31,2^53-1,2^53+1,2^63-1,2^64-1",187,"REFUSE;REFUSE;REFUSE;REFUSE;REFUSE;REFUSE;REFUSE;REFUSE;REFUSE;REFUSE;REFUSE;REFUSE;REFUSE;REFUSE;REFUSE;REFUSE;REFUSE;[-1, 1.0, 63];[-1, 1.9999999999999999997831595655029, 62];[-1, 1.0000000000000001110223024625157, 53];[-1, 1.0, 31];[-1, 1.3125, 5];[-1, 1.0, 0];[1, 0.0, 0];[1, 1.0, 0];[1, 1.75, 2];[1, 1.3125, 5];[1, 1.953125, 9];[1, 1.999999999068677425384521484375, 30];[1, 1.0, 31];[1, 1.9999999999999997779553950749687, 52];[1, 1.0000000000000001110223024625157, 53];[1, 1.9999999999999999997831595655029, 62];[1, 1.9999999999999999998915797827514, 63];[-1, 1.75, 65];[-1, 1.749999999999999999810264619815, 65];[-1, 1.7500000000000001942890293094024, 55];[-1, 1.75, 33];[-1, 1.1484375, 8];[-1, 1.75, 2];[1, 0.0, 0];[1, 1.75, 2];[1, 1.53125, 5];[1, 1.1484375, 8];[1, 1.708984375, 12];[1, 1.7499999991850927472114562988281, 33];[1, 1.75, 33];[1, 1.7499999999999998057109706905976, 55];[1, 1.7500000000000001942890293094024, 55];[1, 1.749999999999999999810264619815, 65];[1, 1.7499999999999999999051323099075, 66];[-1, 1.3125, 68];[-1, 1.3124999999999999998576984648613, 68];[-1, 1.3125000000000001457167719820518, 58];[-1, 1.3125, 36];[-1, 1.72265625, 10];[-1, 1.3125, 5];[1, 0.0, 0];[1, 1.3125, 5];[1, 1.1484375, 8];[1, 1.72265625, 10];[1, 1.28173828125, 15];[1, 1.3124999993888195604085922241211, 36];[1, 1.3125, 36];[1, 1.3124999999999998542832280179482, 58];[1, 1.3125000000000001457167719820518, 58];[1, 1.3124999999999999998576984648613, 68];[1, 1.3124999999999999999288492324306, 69];[-1, 1.953125, 72];[-1, 1.9531249999999999997882417631864, 72];[-1, 1.9531250000000002168404344971009, 62];[-1, 1.953125, 40];[-1, 1.28173828125, 15];[-1, 1.953125, 9];[1, 0.0, 0];[1, 1.953125, 9];[1, 1.708984375, 12];[1, 1.28173828125, 15];[1, 1.9073486328125, 19];[1, 1.953124999090505298227071762085, 40];[1, 1.953125, 40];[1, 1.9531249999999997831595655028991, 62];[1, 1.9531250000000002168404344971009, 62];[1, 1.9531249999999999997882417631864, 72];[1, 1.9531249999999999998941208815932, 73];[-1, 1.999999999068677425384521484375, 93];[-1, 1.9999999990686774251676810499789, 93];[-1, 1.9999999990686776474291263060087, 83];[-1, 1.999999999068677425384521484375, 61];[-1, 1.3124999993888195604085922241211, 36];[-1, 1.999999999068677425384521484375, 30];[1, 0.0, 0];[1, 1.999999999068677425384521484375, 30];[1, 1.7499999991850927472114562988281, 33];[1, 1.3124999993888195604085922241211, 36];[1, 1.953124999090505298227071762085, 40];[1, 1.9999999981373548512027238377442, 61];[1, 1.999999999068677425384521484375, 61];[1, 1.9999999990686772033399166627413, 83];[1, 1.9999999990686776474291263060087, 83];[1, 1.9999999990686774251676810499789, 93];[1, 1.9999999990686774252761012671769, 94];[-1, 1.0, 94];[-1, 1.9999999999999999997831595655029, 93];[-1, 1.0000000000000001110223024625157, 84];[-1, 1.0, 62];[-1, 1.3125, 36];[-1, 1.0, 31];[1, 0.0, 0];[1, 1.0, 31];[1, 1.75, 33];[1, 1.3125, 36];[1, 1.953125, 40];[1, 1.999999999068677425384521484375, 61];[1, 1.0, 62];[1, 1.9999999999999997779553950749687, 83];[1, 1.0000000000000001110223024625157, 84];[1, 1.9999999999999999997831595655029, 93];[1, 1.9999999999999999998915797827514, 94];[-1, 1.9999999999999997779553950749687, 115];[-1, 1.9999999999999997777385546404716, 115];[-1, 2.0, 105];[-1, 1.9999999999999997779553950749687, 83];[-1, 1.3124999999999998542832280179482, 58];[-1, 1.9999999999999997779553950749687, 52];[1, 0.0, 0];[1, 1.9999999999999997779553950749687, 52];[1, 1.7499999999999998057109706905976, 55];[1, 1.3124999999999998542832280179482, 58];[1, 1.9531249999999997831595655028991, 62];[1, 1.9999999990686772033399166627413, 83];[1, 1.9999999999999997779553950749687, 83];[1, 1.9999999999999995559107901499374, 105];[1, 2.0, 105];[1, 1.9999999999999997777385546404716, 115];[1, 1.9999999999999997778469748577201, 116];[-1, 1.0000000000000001110223024625157, 116];[-1, 1.0000000000000001109138822452671, 116];[-1, 1.0000000000000002220446049250313, 106];[-1, 1.0000000000000001110223024625157, 84];[-1, 1.3125000000000001457167719820518, 58];[-1, 1.0000000000000001110223024625157, 53];[1, 0.0, 0];[1, 1.0000000000000001110223024625157, 53];[1, 1.7500000000000001942890293094024, 55];[1, 1.3125000000000001457167719820518, 58];[1, 1.9531250000000002168404344971009, 62];[1, 1.9999999990686776474291263060087, 83];[1, 1.0000000000000001110223024625157, 84];[1, 2.0, 105];[1, 1.0000000000000002220446049250313, 106];[1, 1.0000000000000001109138822452671, 116];[1, 1.0000000000000001109680923538914, 117];[-1, 1.9999999999999999997831595655029, 125];[-1, 1.9999999999999999995663191310058, 125];[-1, 1.0000000000000001109138822452671, 116];[-1, 1.9999999999999999997831595655029, 93];[-1, 1.3124999999999999998576984648613, 68];[-1, 1.9999999999999999997831595655029, 62];[1, 0.0, 0];[1, 1.9999999999999999997831595655029, 62];[1, 1.749999999999999999810264619815, 65];[1, 1.3124999999999999998576984648613, 68];[1, 1.9531249999999999997882417631864, 72];[1, 1.9999999990686774251676810499789, 93];[1, 1.9999999999999999997831595655029, 93];[1, 1.9999999999999997777385546404716, 115];[1, 1.0000000000000001109138822452671, 116];[1, 1.9999999999999999995663191310058, 125];[1, 1.9999999999999999996747393482543, 126];[-1, 1.9999999999999999998915797827514, 126];[-1, 1.9999999999999999996747393482543, 126];[-1, 1.0000000000000001109680923538914, 117];[-1, 1.9999999999999999998915797827514, 94];[-1, 1.3124999999999999999288492324306, 69];[-1, 1.9999999999999999998915797827514, 63];[1, 0.0, 0];[1, 1.9999999999999999998915797827514, 63];[1, 1.7499999999999999999051323099075, 66];[1, 1.3124999999999999999288492324306, 69];[1, 1.9531249999999999998941208815932, 73];[1, 1.9999999990686774252761012671769, 94];[1, 1.9999999999999999998915797827514, 94];[1, 1.9999999999999997778469748577201, 116];[1, 1.0000000000000001109680923538914, 117];[1, 1.9999999999999999996747393482543, 126];[-1, 1.9999999999999999999457898913757, 64]",170,17
A2_6_8,1,whole|fractional,uint64_t,double,"whole/L1/11:0,1,7,42,1000,2^31-1,2^31,2^53-1,2^53+1,2^63-1,2^64-1","fractional/L1/16:-max_finite,-1.5,-1.0,-(1.0-1ulp),-0.0,+0.0,+min_subnormal,+min_normal,1.0-1ulp,1.0,1.0+1ulp,1.5,pi,2^53,max_finite,0.1",176,"REFUSE;REFUSE;REFUSE;REFUSE;REFUSE;REFUSE;REFUSE;REFUSE;REFUSE;REFUSE;REFUSE;REFUSE;REFUSE;REFUSE;REFUSE;REFUSE;[-1, 1.9999999999999997779553950749687, 1023];[-1, 1.5, 0];[-1, 1.0, 0];[-1, 1.9999999999999997779553950749687, -1];[-1, 0.0, 0];[1, 0.0, 0];[1, 1.0, -1074];[1, 1.0, -1022];[1, 1.9999999999999997779553950749687, -1];[1, 1.0, 0];[1, 1.0000000000000002220446049250313, 0];[1, 1.5, 0];[1, 1.5707963267948965579989817342721, 1];[1, 1.0, 53];[1, 1.9999999999999997779553950749687, 1023];[1, 1.6000000000000000888178419700125, -4];[-1, inf];[-1, 1.3125, 3];[-1, 1.75, 2];[-1, 1.7499999999999997779553950749687, 2];[-1, 0.0, 0];[1, 0.0, 0];[1, 1.75, -1072];[1, 1.75, -1020];[1, 1.7499999999999997779553950749687, 2];[1, 1.75, 2];[1, 1.7500000000000004440892098500626, 2];[1, 1.3125, 3];[1, 1.3744467859455344882491090174881, 4];[1, 1.75, 55];[1, inf];[1, 1.4000000000000001332267629550188, -1];[-1, inf];[-1, 1.96875, 5];[-1, 1.3125, 5];[-1, 1.3124999999999997779553950749687, 5];[-1, 0.0, 0];[1, 0.0, 0];[1, 1.3125, -1069];[1, 1.3125, -1017];[1, 1.3124999999999997779553950749687, 5];[1, 1.3125, 5];[1, 1.3125000000000002220446049250313, 5];[1, 1.96875, 5];[1, 1.0308350894591509216979829943739, 7];[1, 1.3125, 58];[1, inf];[1, 1.0500000000000000444089209850063, 2];[-1, inf];[-1, 1.46484375, 10];[-1, 1.953125, 9];[-1, 1.9531249999999997779553950749687, 9];[-1, 0.0, 0];[1, 0.0, 0];[1, 1.953125, -1065];[1, 1.953125, -1013];[1, 1.9531249999999997779553950749687, 9];[1, 1.953125, 9];[1, 1.9531250000000004440892098500626, 9];[1, 1.46484375, 10];[1, 1.5339807878856410727763659451739, 11];[1, 1.953125, 62];[1, inf];[1, 1.5625, 6];[-1, inf];[-1, 1.4999999993015080690383911132812, 31];[-1, 1.999999999068677425384521484375, 30];[-1, 1.9999999990686772033399165593437, 30];[-1, 0.0, 0];[1, 0.0, 0];[1, 1.999999999068677425384521484375, -1044];[1, 1.999999999068677425384521484375, -992];[1, 1.9999999990686772033399165593437, 30];[1, 1.999999999068677425384521484375, 30];[1, 1.9999999990686778694737313344376, 30];[1, 1.4999999993015080690383911132812, 31];[1, 1.5707963260634374424995485242107, 32];[1, 1.999999999068677425384521484375, 83];[1, inf];[1, 1.5999999992549420735343801425188, 27];[-1, inf];[-1, 1.5, 31];[-1, 1.0, 31];[-1, 1.9999999999999997779553950749687, 30];[-1, 0.0, 0];[1, 0.0, 0];[1, 1.0, -1043];[1, 1.0, -991];[1, 1.9999999999999997779553950749687, 30];[1, 1.0, 31];[1, 1.0000000000000002220446049250313, 31];[1, 1.5, 31];[1, 1.5707963267948965579989817342721, 32];[1, 1.0, 84];[1, inf];[1, 1.6000000000000000888178419700125, 27];[-1, inf];[-1, 1.4999999999999997779553950749687, 53];[-1, 1.9999999999999997779553950749687, 52];[-1, 1.9999999999999995559107901499374, 52];[-1, 0.0, 0];[1, 0.0, 0];[1, 1.9999999999999997779553950749687, -1022];[1, 1.9999999999999997779553950749687, -970];[1, 1.9999999999999995559107901499374, 52];[1, 1.9999999999999997779553950749687, 52];[1, 1.0, 53];[1, 1.4999999999999997779553950749687, 53];[1, 1.5707963267948963359543768092408, 54];[1, 1.9999999999999997779553950749687, 105];[1, inf];[1, 1.5999999999999998667732370449812, 49];[-1, inf];[-1, 1.5, 53];[-1, 1.0, 53];[-1, 1.9999999999999997779553950749687, 52];[-1, 0.0, 0];[1, 0.0, 0];[1, 1.0, -1021];[1, 1.0, -969];[1, 1.9999999999999997779553950749687, 52];[1, 1.0, 53];[1, 1.0000000000000002220446049250313, 53];[1, 1.5, 53];[1, 1.5707963267948965579989817342721, 54];[1, 1.0, 106];[1, inf];[1, 1.6000000000000000888178419700125, 49];[-1, inf];[-1, 1.5, 63];[-1, 1.0, 63];[-1, 1.9999999999999997779553950749687, 62];[-1, 0.0, 0];[1, 0.0, 0];[1, 1.0, -1011];[1, 1.0, -959];[1, 1.9999999999999997779553950749687, 62];[1, 1.0, 63];[1, 1.0000000000000002220446049250313, 63];[1, 1.5, 63];[1, 1.5707963267948965579989817342721, 64];[1, 1.0, 116];[1, inf];[1, 1.6000000000000000888178419700125, 59];[-1, inf];[-1, 1.5, 64];[-1, 1.0, 64];[-1, 1.9999999999999997779553950749687, 63];[-1, 0.0, 0];[1, 0.0, 0];[1, 1.0, -1010];[1, 1.0, -958];[1, 1.9999999999999997779553950749687, 63];[1, 1.0, 64];[1, 1.0000000000000002220446049250313, 64];[1, 1.5, 64];[1, 1.5707963267948965579989817342721, 65];[1, 1.0, 117];[1, inf];[1, 1.6000000000000000888178419700125, 60]",160,16
A2_6_9,1,whole|fractional,uint64_t,float,"whole/L1/11:0,1,7,42,1000,2^31-1,2^31,2^53-1,2^53+1,2^63-1,2^64-1","fractional/L1/7:-1.5,-1.0,-0.0,+0.0,1.0,1.5,2^53",77,"REFUSE;REFUSE;REFUSE;REFUSE;REFUSE;REFUSE;REFUSE;[-1, 1.5, 0];[-1, 1.0, 0];[-1, 0.0, 0];[1, 0.0, 0];[1, 1.0, 0];[1, 1.5, 0];[1, 1.0, 53];[-1, 1.3125, 3];[-1, 1.75, 2];[-1, 0.0, 0];[1, 0.0, 0];[1, 1.75, 2];[1, 1.3125, 3];[1, 1.75, 55];[-1, 1.96875, 5];[-1, 1.3125, 5];[-1, 0.0, 0];[1, 0.0, 0];[1, 1.3125, 5];[1, 1.96875, 5];[1, 1.3125, 58];[-1, 1.46484375, 10];[-1, 1.953125, 9];[-1, 0.0, 0];[1, 0.0, 0];[1, 1.953125, 9];[1, 1.46484375, 10];[1, 1.953125, 62];[-1, 1.5, 31];[-1, 1.0, 31];[-1, 0.0, 0];[1, 0.0, 0];[1, 1.0, 31];[1, 1.5, 31];[1, 1.0, 84];[-1, 1.5, 31];[-1, 1.0, 31];[-1, 0.0, 0];[1, 0.0, 0];[1, 1.0, 31];[1, 1.5, 31];[1, 1.0, 84];[-1, 1.5, 53];[-1, 1.0, 53];[-1, 0.0, 0];[1, 0.0, 0];[1, 1.0, 53];[1, 1.5, 53];[1, 1.0, 106];[-1, 1.5, 53];[-1, 1.0, 53];[-1, 0.0, 0];[1, 0.0, 0];[1, 1.0, 53];[1, 1.5, 53];[1, 1.0, 106];[-1, 1.5, 63];[-1, 1.0, 63];[-1, 0.0, 0];[1, 0.0, 0];[1, 1.0, 63];[1, 1.5, 63];[1, 1.0, 116];[-1, 1.5, 64];[-1, 1.0, 64];[-1, 0.0, 0];[1, 0.0, 0];[1, 1.0, 64];[1, 1.5, 64];[1, 1.0, 117]",70,7
A2_7_3,1,whole|truth,__int128,bool,"whole/L1/17:-2^63,-2^63+1,-2^53-1,-2^31,-42,-1,0,1,7,42,1000,2^31-1,2^31,2^53-1,2^53+1,2^63-1,2^64-1","truth/L1/2:true,false",34,"[-1, 1.0, 63];[1, 0.0, 0];[-1, 1.9999999999999999997831595655029, 62];[1, 0.0, 0];[-1, 1.0000000000000001110223024625157, 53];[1, 0.0, 0];[-1, 1.0, 31];[1, 0.0, 0];[-1, 1.3125, 5];[1, 0.0, 0];[-1, 1.0, 0];[1, 0.0, 0];[1, 0.0, 0];[1, 0.0, 0];[1, 1.0, 0];[1, 0.0, 0];[1, 1.75, 2];[1, 0.0, 0];[1, 1.3125, 5];[1, 0.0, 0];[1, 1.953125, 9];[1, 0.0, 0];[1, 1.999999999068677425384521484375, 30];[1, 0.0, 0];[1, 1.0, 31];[1, 0.0, 0];[1, 1.9999999999999997779553950749687, 52];[1, 0.0, 0];[1, 1.0000000000000001110223024625157, 53];[1, 0.0, 0];[1, 1.9999999999999999997831595655029, 62];[1, 0.0, 0];[1, 1.9999999999999999998915797827514, 63];[1, 0.0, 0]",34,0
A2_7_4,1,whole|whole,__int128,int32_t,"whole/L1/17:-2^63,-2^63+1,-2^53-1,-2^31,-42,-1,0,1,7,42,1000,2^31-1,2^31,2^53-1,2^53+1,2^63-1,2^64-1","whole/L1/9:-2^31,-42,-1,0,1,7,42,1000,2^31-1",153,"[1, 1.0, 94];[1, 1.3125, 68];[1, 1.0, 63];[1, 0.0, 0];[-1, 1.0, 63];[-1, 1.75, 65];[-1, 1.3125, 68];[-1, 1.953125, 72];[-1, 1.999999999068677425384521484375, 93];[1, 1.9999999999999999997831595655029, 93];[1, 1.3124999999999999998576984648613, 68];[1, 1.9999999999999999997831595655029, 62];[1, 0.0, 0];[-1, 1.9999999999999999997831595655029, 62];[-1, 1.749999999999999999810264619815, 65];[-1, 1.3124999999999999998576984648613, 68];[-1, 1.9531249999999999997882417631864, 72];[-1, 1.9999999990686774251676810499789, 93];[1, 1.0000000000000001110223024625157, 84];[1, 1.3125000000000001457167719820518, 58];[1, 1.0000000000000001110223024625157, 53];[1, 0.0, 0];[-1, 1.0000000000000001110223024625157, 53];[-1, 1.7500000000000001942890293094024, 55];[-1, 1.3125000000000001457167719820518, 58];[-1, 1.9531250000000002168404344971009, 62];[-1, 1.9999999990686776474291263060087, 83];[1, 1.0, 62];[1, 1.3125, 36];[1, 1.0, 31];[1, 0.0, 0];[-1, 1.0, 31];[-1, 1.75, 33];[-1, 1.3125, 36];[-1, 1.953125, 40];[-1, 1.999999999068677425384521484375, 61];[1, 1.3125, 36];[1, 1.72265625, 10];[1, 1.3125, 5];[1, 0.0, 0];[-1, 1.3125, 5];[-1, 1.1484375, 8];[-1, 1.72265625, 10];[-1, 1.28173828125, 15];[-1, 1.3124999993888195604085922241211, 36];[1, 1.0, 31];[1, 1.3125, 5];[1, 1.0, 0];[1, 0.0, 0];[-1, 1.0, 0];[-1, 1.75, 2];[-1, 1.3125, 5];[-1, 1.953125, 9];[-1, 1.999999999068677425384521484375, 30];[1, 0.0, 0];[1, 0.0, 0];[1, 0.0, 0];[1, 0.0, 0];[1, 0.0, 0];[1, 0.0, 0];[1, 0.0, 0];[1, 0.0, 0];[1, 0.0, 0];[-1, 1.0, 31];[-1, 1.3125, 5];[-1, 1.0, 0];[1, 0.0, 0];[1, 1.0, 0];[1, 1.75, 2];[1, 1.3125, 5];[1, 1.953125, 9];[1, 1.999999999068677425384521484375, 30];[-1, 1.75, 33];[-1, 1.1484375, 8];[-1, 1.75, 2];[1, 0.0, 0];[1, 1.75, 2];[1, 1.53125, 5];[1, 1.1484375, 8];[1, 1.708984375, 12];[1, 1.7499999991850927472114562988281, 33];[-1, 1.3125, 36];[-1, 1.72265625, 10];[-1, 1.3125, 5];[1, 0.0, 0];[1, 1.3125, 5];[1, 1.1484375, 8];[1, 1.72265625, 10];[1, 1.28173828125, 15];[1, 1.3124999993888195604085922241211, 36];[-1, 1.953125, 40];[-1, 1.28173828125, 15];[-1, 1.953125, 9];[1, 0.0, 0];[1, 1.953125, 9];[1, 1.708984375, 12];[1, 1.28173828125, 15];[1, 1.9073486328125, 19];[1, 1.953124999090505298227071762085, 40];[-1, 1.999999999068677425384521484375, 61];[-1, 1.3124999993888195604085922241211, 36];[-1, 1.999999999068677425384521484375, 30];[1, 0.0, 0];[1, 1.999999999068677425384521484375, 30];[1, 1.7499999991850927472114562988281, 33];[1, 1.3124999993888195604085922241211, 36];[1, 1.953124999090505298227071762085, 40];[1, 1.9999999981373548512027238377442, 61];[-1, 1.0, 62];[-1, 1.3125, 36];[-1, 1.0, 31];[1, 0.0, 0];[1, 1.0, 31];[1, 1.75, 33];[1, 1.3125, 36];[1, 1.953125, 40];[1, 1.999999999068677425384521484375, 61];[-1, 1.9999999999999997779553950749687, 83];[-1, 1.3124999999999998542832280179482, 58];[-1, 1.9999999999999997779553950749687, 52];[1, 0.0, 0];[1, 1.9999999999999997779553950749687, 52];[1, 1.7499999999999998057109706905976, 55];[1, 1.3124999999999998542832280179482, 58];[1, 1.9531249999999997831595655028991, 62];[1, 1.9999999990686772033399166627413, 83];[-1, 1.0000000000000001110223024625157, 84];[-1, 1.3125000000000001457167719820518, 58];[-1, 1.0000000000000001110223024625157, 53];[1, 0.0, 0];[1, 1.0000000000000001110223024625157, 53];[1, 1.7500000000000001942890293094024, 55];[1, 1.3125000000000001457167719820518, 58];[1, 1.9531250000000002168404344971009, 62];[1, 1.9999999990686776474291263060087, 83];[-1, 1.9999999999999999997831595655029, 93];[-1, 1.3124999999999999998576984648613, 68];[-1, 1.9999999999999999997831595655029, 62];[1, 0.0, 0];[1, 1.9999999999999999997831595655029, 62];[1, 1.749999999999999999810264619815, 65];[1, 1.3124999999999999998576984648613, 68];[1, 1.9531249999999999997882417631864, 72];[1, 1.9999999990686774251676810499789, 93];[-1, 1.9999999999999999998915797827514, 94];[-1, 1.3124999999999999999288492324306, 69];[-1, 1.9999999999999999998915797827514, 63];[1, 0.0, 0];[1, 1.9999999999999999998915797827514, 63];[1, 1.7499999999999999999051323099075, 66];[1, 1.3124999999999999999288492324306, 69];[1, 1.9531249999999999998941208815932, 73];[1, 1.9999999990686774252761012671769, 94]",153,0
A2_7_5,1,whole|whole,__int128,int64_t,"whole/L1/17:-2^63,-2^63+1,-2^53-1,-2^31,-42,-1,0,1,7,42,1000,2^31-1,2^31,2^53-1,2^53+1,2^63-1,2^64-1","whole/L1/16:-2^63,-2^63+1,-2^53-1,-2^31,-42,-1,0,1,7,42,1000,2^31-1,2^31,2^53-1,2^53+1,2^63-1",272,"[1, 1.0, 126];[1, 1.9999999999999999997831595655029, 125];[1, 1.0000000000000001110223024625157, 116];[1, 1.0, 94];[1, 1.3125, 68];[1, 1.0, 63];[1, 0.0, 0];[-1, 1.0, 63];[-1, 1.75, 65];[-1, 1.3125, 68];[-1, 1.953125, 72];[-1, 1.999999999068677425384521484375, 93];[-1, 1.0, 94];[-1, 1.9999999999999997779553950749687, 115];[-1, 1.0000000000000001110223024625157, 116];[-1, 1.9999999999999999997831595655029, 125];[1, 1.9999999999999999997831595655029, 125];[1, 1.9999999999999999995663191310058, 125];[1, 1.0000000000000001109138822452671, 116];[1, 1.9999999999999999997831595655029, 93];[1, 1.3124999999999999998576984648613, 68];[1, 1.9999999999999999997831595655029, 62];[1, 0.0, 0];[-1, 1.9999999999999999997831595655029, 62];[-1, 1.749999999999999999810264619815, 65];[-1, 1.3124999999999999998576984648613, 68];[-1, 1.9531249999999999997882417631864, 72];[-1, 1.9999999990686774251676810499789, 93];[-1, 1.9999999999999999997831595655029, 93];[-1, 1.9999999999999997777385546404716, 115];[-1, 1.0000000000000001109138822452671, 116];[-1, 1.9999999999999999995663191310058, 125];[1, 1.0000000000000001110223024625157, 116];[1, 1.0000000000000001109138822452671, 116];[1, 1.0000000000000002220446049250313, 106];[1, 1.0000000000000001110223024625157, 84];[1, 1.3125000000000001457167719820518, 58];[1, 1.0000000000000001110223024625157, 53];[1, 0.0, 0];[-1, 1.0000000000000001110223024625157, 53];[-1, 1.7500000000000001942890293094024, 55];[-1, 1.3125000000000001457167719820518, 58];[-1, 1.9531250000000002168404344971009, 62];[-1, 1.9999999990686776474291263060087, 83];[-1, 1.0000000000000001110223024625157, 84];[-1, 2.0, 105];[-1, 1.0000000000000002220446049250313, 106];[-1, 1.0000000000000001109138822452671, 116];[1, 1.0, 94];[1, 1.9999999999999999997831595655029, 93];[1, 1.0000000000000001110223024625157, 84];[1, 1.0, 62];[1, 1.3125, 36];[1, 1.0, 31];[1, 0.0, 0];[-1, 1.0, 31];[-1, 1.75, 33];[-1, 1.3125, 36];[-1, 1.953125, 40];[-1, 1.999999999068677425384521484375, 61];[-1, 1.0, 62];[-1, 1.9999999999999997779553950749687, 83];[-1, 1.0000000000000001110223024625157, 84];[-1, 1.9999999999999999997831595655029, 93];[1, 1.3125, 68];[1, 1.3124999999999999998576984648613, 68];[1, 1.3125000000000001457167719820518, 58];[1, 1.3125, 36];[1, 1.72265625, 10];[1, 1.3125, 5];[1, 0.0, 0];[-1, 1.3125, 5];[-1, 1.1484375, 8];[-1, 1.72265625, 10];[-1, 1.28173828125, 15];[-1, 1.3124999993888195604085922241211, 36];[-1, 1.3125, 36];[-1, 1.3124999999999998542832280179482, 58];[-1, 1.3125000000000001457167719820518, 58];[-1, 1.3124999999999999998576984648613, 68];[1, 1.0, 63];[1, 1.9999999999999999997831595655029, 62];[1, 1.0000000000000001110223024625157, 53];[1, 1.0, 31];[1, 1.3125, 5];[1, 1.0, 0];[1, 0.0, 0];[-1, 1.0, 0];[-1, 1.75, 2];[-1, 1.3125, 5];[-1, 1.953125, 9];[-1, 1.999999999068677425384521484375, 30];[-1, 1.0, 31];[-1, 1.9999999999999997779553950749687, 52];[-1, 1.0000000000000001110223024625157, 53];[-1, 1.9999999999999999997831595655029, 62];[1, 0.0, 0];[1, 0.0, 0];[1, 0.0, 0];[1, 0.0, 0];[1, 0.0, 0];[1, 0.0, 0];[1, 0.0, 0];[1, 0.0, 0];[1, 0.0, 0];[1, 0.0, 0];[1, 0.0, 0];[1, 0.0, 0];[1, 0.0, 0];[1, 0.0, 0];[1, 0.0, 0];[1, 0.0, 0];[-1, 1.0, 63];[-1, 1.9999999999999999997831595655029, 62];[-1, 1.0000000000000001110223024625157, 53];[-1, 1.0, 31];[-1, 1.3125, 5];[-1, 1.0, 0];[1, 0.0, 0];[1, 1.0, 0];[1, 1.75, 2];[1, 1.3125, 5];[1, 1.953125, 9];[1, 1.999999999068677425384521484375, 30];[1, 1.0, 31];[1, 1.9999999999999997779553950749687, 52];[1, 1.0000000000000001110223024625157, 53];[1, 1.9999999999999999997831595655029, 62];[-1, 1.75, 65];[-1, 1.749999999999999999810264619815, 65];[-1, 1.7500000000000001942890293094024, 55];[-1, 1.75, 33];[-1, 1.1484375, 8];[-1, 1.75, 2];[1, 0.0, 0];[1, 1.75, 2];[1, 1.53125, 5];[1, 1.1484375, 8];[1, 1.708984375, 12];[1, 1.7499999991850927472114562988281, 33];[1, 1.75, 33];[1, 1.7499999999999998057109706905976, 55];[1, 1.7500000000000001942890293094024, 55];[1, 1.749999999999999999810264619815, 65];[-1, 1.3125, 68];[-1, 1.3124999999999999998576984648613, 68];[-1, 1.3125000000000001457167719820518, 58];[-1, 1.3125, 36];[-1, 1.72265625, 10];[-1, 1.3125, 5];[1, 0.0, 0];[1, 1.3125, 5];[1, 1.1484375, 8];[1, 1.72265625, 10];[1, 1.28173828125, 15];[1, 1.3124999993888195604085922241211, 36];[1, 1.3125, 36];[1, 1.3124999999999998542832280179482, 58];[1, 1.3125000000000001457167719820518, 58];[1, 1.3124999999999999998576984648613, 68];[-1, 1.953125, 72];[-1, 1.9531249999999999997882417631864, 72];[-1, 1.9531250000000002168404344971009, 62];[-1, 1.953125, 40];[-1, 1.28173828125, 15];[-1, 1.953125, 9];[1, 0.0, 0];[1, 1.953125, 9];[1, 1.708984375, 12];[1, 1.28173828125, 15];[1, 1.9073486328125, 19];[1, 1.953124999090505298227071762085, 40];[1, 1.953125, 40];[1, 1.9531249999999997831595655028991, 62];[1, 1.9531250000000002168404344971009, 62];[1, 1.9531249999999999997882417631864, 72];[-1, 1.999999999068677425384521484375, 93];[-1, 1.9999999990686774251676810499789, 93];[-1, 1.9999999990686776474291263060087, 83];[-1, 1.999999999068677425384521484375, 61];[-1, 1.3124999993888195604085922241211, 36];[-1, 1.999999999068677425384521484375, 30];[1, 0.0, 0];[1, 1.999999999068677425384521484375, 30];[1, 1.7499999991850927472114562988281, 33];[1, 1.3124999993888195604085922241211, 36];[1, 1.953124999090505298227071762085, 40];[1, 1.9999999981373548512027238377442, 61];[1, 1.999999999068677425384521484375, 61];[1, 1.9999999990686772033399166627413, 83];[1, 1.9999999990686776474291263060087, 83];[1, 1.9999999990686774251676810499789, 93];[-1, 1.0, 94];[-1, 1.9999999999999999997831595655029, 93];[-1, 1.0000000000000001110223024625157, 84];[-1, 1.0, 62];[-1, 1.3125, 36];[-1, 1.0, 31];[1, 0.0, 0];[1, 1.0, 31];[1, 1.75, 33];[1, 1.3125, 36];[1, 1.953125, 40];[1, 1.999999999068677425384521484375, 61];[1, 1.0, 62];[1, 1.9999999999999997779553950749687, 83];[1, 1.0000000000000001110223024625157, 84];[1, 1.9999999999999999997831595655029, 93];[-1, 1.9999999999999997779553950749687, 115];[-1, 1.9999999999999997777385546404716, 115];[-1, 2.0, 105];[-1, 1.9999999999999997779553950749687, 83];[-1, 1.3124999999999998542832280179482, 58];[-1, 1.9999999999999997779553950749687, 52];[1, 0.0, 0];[1, 1.9999999999999997779553950749687, 52];[1, 1.7499999999999998057109706905976, 55];[1, 1.3124999999999998542832280179482, 58];[1, 1.9531249999999997831595655028991, 62];[1, 1.9999999990686772033399166627413, 83];[1, 1.9999999999999997779553950749687, 83];[1, 1.9999999999999995559107901499374, 105];[1, 2.0, 105];[1, 1.9999999999999997777385546404716, 115];[-1, 1.0000000000000001110223024625157, 116];[-1, 1.0000000000000001109138822452671, 116];[-1, 1.0000000000000002220446049250313, 106];[-1, 1.0000000000000001110223024625157, 84];[-1, 1.3125000000000001457167719820518, 58];[-1, 1.0000000000000001110223024625157, 53];[1, 0.0, 0];[1, 1.0000000000000001110223024625157, 53];[1, 1.7500000000000001942890293094024, 55];[1, 1.3125000000000001457167719820518, 58];[1, 1.9531250000000002168404344971009, 62];[1, 1.9999999990686776474291263060087, 83];[1, 1.0000000000000001110223024625157, 84];[1, 2.0, 105];[1, 1.0000000000000002220446049250313, 106];[1, 1.0000000000000001109138822452671, 116];[-1, 1.9999999999999999997831595655029, 125];[-1, 1.9999999999999999995663191310058, 125];[-1, 1.0000000000000001109138822452671, 116];[-1, 1.9999999999999999997831595655029, 93];[-1, 1.3124999999999999998576984648613, 68];[-1, 1.9999999999999999997831595655029, 62];[1, 0.0, 0];[1, 1.9999999999999999997831595655029, 62];[1, 1.749999999999999999810264619815, 65];[1, 1.3124999999999999998576984648613, 68];[1, 1.9531249999999999997882417631864, 72];[1, 1.9999999990686774251676810499789, 93];[1, 1.9999999999999999997831595655029, 93];[1, 1.9999999999999997777385546404716, 115];[1, 1.0000000000000001109138822452671, 116];[1, 1.9999999999999999995663191310058, 125];[-1, 1.9999999999999999998915797827514, 126];[-1, 1.9999999999999999996747393482543, 126];[-1, 1.0000000000000001109680923538914, 117];[-1, 1.9999999999999999998915797827514, 94];[-1, 1.3124999999999999999288492324306, 69];[-1, 1.9999999999999999998915797827514, 63];[1, 0.0, 0];[1, 1.9999999999999999998915797827514, 63];[1, 1.7499999999999999999051323099075, 66];[1, 1.3124999999999999999288492324306, 69];[1, 1.9531249999999999998941208815932, 73];[1, 1.9999999990686774252761012671769, 94];[1, 1.9999999999999999998915797827514, 94];[1, 1.9999999999999997778469748577201, 116];[1, 1.0000000000000001109680923538914, 117];[1, 1.9999999999999999996747393482543, 126]",272,0
A2_7_6,1,whole|whole,__int128,uint64_t,"whole/L1/17:-2^63,-2^63+1,-2^53-1,-2^31,-42,-1,0,1,7,42,1000,2^31-1,2^31,2^53-1,2^53+1,2^63-1,2^64-1","whole/L1/11:0,1,7,42,1000,2^31-1,2^31,2^53-1,2^53+1,2^63-1,2^64-1",187,"REFUSE;[-1, 1.0, 63];[-1, 1.75, 65];[-1, 1.3125, 68];[-1, 1.953125, 72];[-1, 1.999999999068677425384521484375, 93];[-1, 1.0, 94];[-1, 1.9999999999999997779553950749687, 115];[-1, 1.0000000000000001110223024625157, 116];[-1, 1.9999999999999999997831595655029, 125];[-1, 1.9999999999999999998915797827514, 126];REFUSE;[-1, 1.9999999999999999997831595655029, 62];[-1, 1.749999999999999999810264619815, 65];[-1, 1.3124999999999999998576984648613, 68];[-1, 1.9531249999999999997882417631864, 72];[-1, 1.9999999990686774251676810499789, 93];[-1, 1.9999999999999999997831595655029, 93];[-1, 1.9999999999999997777385546404716, 115];[-1, 1.0000000000000001109138822452671, 116];[-1, 1.9999999999999999995663191310058, 125];[-1, 1.9999999999999999996747393482543, 126];REFUSE;[-1, 1.0000000000000001110223024625157, 53];[-1, 1.7500000000000001942890293094024, 55];[-1, 1.3125000000000001457167719820518, 58];[-1, 1.9531250000000002168404344971009, 62];[-1, 1.9999999990686776474291263060087, 83];[-1, 1.0000000000000001110223024625157, 84];[-1, 2.0, 105];[-1, 1.0000000000000002220446049250313, 106];[-1, 1.0000000000000001109138822452671, 116];[-1, 1.0000000000000001109680923538914, 117];REFUSE;[-1, 1.0, 31];[-1, 1.75, 33];[-1, 1.3125, 36];[-1, 1.953125, 40];[-1, 1.999999999068677425384521484375, 61];[-1, 1.0, 62];[-1, 1.9999999999999997779553950749687, 83];[-1, 1.0000000000000001110223024625157, 84];[-1, 1.9999999999999999997831595655029, 93];[-1, 1.9999999999999999998915797827514, 94];REFUSE;[-1, 1.3125, 5];[-1, 1.1484375, 8];[-1, 1.72265625, 10];[-1, 1.28173828125, 15];[-1, 1.3124999993888195604085922241211, 36];[-1, 1.3125, 36];[-1, 1.3124999999999998542832280179482, 58];[-1, 1.3125000000000001457167719820518, 58];[-1, 1.3124999999999999998576984648613, 68];[-1, 1.3124999999999999999288492324306, 69];REFUSE;[-1, 1.0, 0];[-1, 1.75, 2];[-1, 1.3125, 5];[-1, 1.953125, 9];[-1, 1.999999999068677425384521484375, 30];[-1, 1.0, 31];[-1, 1.9999999999999997779553950749687, 52];[-1, 1.0000000000000001110223024625157, 53];[-1, 1.9999999999999999997831595655029, 62];[-1, 1.9999999999999999998915797827514, 63];REFUSE;[1, 0.0, 0];[1, 0.0, 0];[1, 0.0, 0];[1, 0.0, 0];[1, 0.0, 0];[1, 0.0, 0];[1, 0.0, 0];[1, 0.0, 0];[1, 0.0, 0];[1, 0.0, 0];REFUSE;[1, 1.0, 0];[1, 1.75, 2];[1, 1.3125, 5];[1, 1.953125, 9];[1, 1.999999999068677425384521484375, 30];[1, 1.0, 31];[1, 1.9999999999999997779553950749687, 52];[1, 1.0000000000000001110223024625157, 53];[1, 1.9999999999999999997831595655029, 62];[1, 1.9999999999999999998915797827514, 63];REFUSE;[1, 1.75, 2];[1, 1.53125, 5];[1, 1.1484375, 8];[1, 1.708984375, 12];[1, 1.7499999991850927472114562988281, 33];[1, 1.75, 33];[1, 1.7499999999999998057109706905976, 55];[1, 1.7500000000000001942890293094024, 55];[1, 1.749999999999999999810264619815, 65];[1, 1.7499999999999999999051323099075, 66];REFUSE;[1, 1.3125, 5];[1, 1.1484375, 8];[1, 1.72265625, 10];[1, 1.28173828125, 15];[1, 1.3124999993888195604085922241211, 36];[1, 1.3125, 36];[1, 1.3124999999999998542832280179482, 58];[1, 1.3125000000000001457167719820518, 58];[1, 1.3124999999999999998576984648613, 68];[1, 1.3124999999999999999288492324306, 69];REFUSE;[1, 1.953125, 9];[1, 1.708984375, 12];[1, 1.28173828125, 15];[1, 1.9073486328125, 19];[1, 1.953124999090505298227071762085, 40];[1, 1.953125, 40];[1, 1.9531249999999997831595655028991, 62];[1, 1.9531250000000002168404344971009, 62];[1, 1.9531249999999999997882417631864, 72];[1, 1.9531249999999999998941208815932, 73];REFUSE;[1, 1.999999999068677425384521484375, 30];[1, 1.7499999991850927472114562988281, 33];[1, 1.3124999993888195604085922241211, 36];[1, 1.953124999090505298227071762085, 40];[1, 1.9999999981373548512027238377442, 61];[1, 1.999999999068677425384521484375, 61];[1, 1.9999999990686772033399166627413, 83];[1, 1.9999999990686776474291263060087, 83];[1, 1.9999999990686774251676810499789, 93];[1, 1.9999999990686774252761012671769, 94];REFUSE;[1, 1.0, 31];[1, 1.75, 33];[1, 1.3125, 36];[1, 1.953125, 40];[1, 1.999999999068677425384521484375, 61];[1, 1.0, 62];[1, 1.9999999999999997779553950749687, 83];[1, 1.0000000000000001110223024625157, 84];[1, 1.9999999999999999997831595655029, 93];[1, 1.9999999999999999998915797827514, 94];REFUSE;[1, 1.9999999999999997779553950749687, 52];[1, 1.7499999999999998057109706905976, 55];[1, 1.3124999999999998542832280179482, 58];[1, 1.9531249999999997831595655028991, 62];[1, 1.9999999990686772033399166627413, 83];[1, 1.9999999999999997779553950749687, 83];[1, 1.9999999999999995559107901499374, 105];[1, 2.0, 105];[1, 1.9999999999999997777385546404716, 115];[1, 1.9999999999999997778469748577201, 116];REFUSE;[1, 1.0000000000000001110223024625157, 53];[1, 1.7500000000000001942890293094024, 55];[1, 1.3125000000000001457167719820518, 58];[1, 1.9531250000000002168404344971009, 62];[1, 1.9999999990686776474291263060087, 83];[1, 1.0000000000000001110223024625157, 84];[1, 2.0, 105];[1, 1.0000000000000002220446049250313, 106];[1, 1.0000000000000001109138822452671, 116];[1, 1.0000000000000001109680923538914, 117];REFUSE;[1, 1.9999999999999999997831595655029, 62];[1, 1.749999999999999999810264619815, 65];[1, 1.3124999999999999998576984648613, 68];[1, 1.9531249999999999997882417631864, 72];[1, 1.9999999990686774251676810499789, 93];[1, 1.9999999999999999997831595655029, 93];[1, 1.9999999999999997777385546404716, 115];[1, 1.0000000000000001109138822452671, 116];[1, 1.9999999999999999995663191310058, 125];[1, 1.9999999999999999996747393482543, 126];REFUSE;[1, 1.9999999999999999998915797827514, 63];[1, 1.7499999999999999999051323099075, 66];[1, 1.3124999999999999999288492324306, 69];[1, 1.9531249999999999998941208815932, 73];[1, 1.9999999990686774252761012671769, 94];[1, 1.9999999999999999998915797827514, 94];[1, 1.9999999999999997778469748577201, 116];[1, 1.0000000000000001109680923538914, 117];[1, 1.9999999999999999996747393482543, 126];[-1, 1.9999999999999999999457898913757, 64]",170,17
A2_7_7,1,whole|whole,__int128,__int128,"whole/L1/17:-2^63,-2^63+1,-2^53-1,-2^31,-42,-1,0,1,7,42,1000,2^31-1,2^31,2^53-1,2^53+1,2^63-1,2^64-1","whole/L1/17:-2^63,-2^63+1,-2^53-1,-2^31,-42,-1,0,1,7,42,1000,2^31-1,2^31,2^53-1,2^53+1,2^63-1,2^64-1",289,"[1, 1.0, 126];[1, 1.9999999999999999997831595655029, 125];[1, 1.0000000000000001110223024625157, 116];[1, 1.0, 94];[1, 1.3125, 68];[1, 1.0, 63];[1, 0.0, 0];[-1, 1.0, 63];[-1, 1.75, 65];[-1, 1.3125, 68];[-1, 1.953125, 72];[-1, 1.999999999068677425384521484375, 93];[-1, 1.0, 94];[-1, 1.9999999999999997779553950749687, 115];[-1, 1.0000000000000001110223024625157, 116];[-1, 1.9999999999999999997831595655029, 125];[-1, 1.9999999999999999998915797827514, 126];[1, 1.9999999999999999997831595655029, 125];[1, 1.9999999999999999995663191310058, 125];[1, 1.0000000000000001109138822452671, 116];[1, 1.9999999999999999997831595655029, 93];[1, 1.3124999999999999998576984648613, 68];[1, 1.9999999999999999997831595655029, 62];[1, 0.0, 0];[-1, 1.9999999999999999997831595655029, 62];[-1, 1.749999999999999999810264619815, 65];[-1, 1.3124999999999999998576984648613, 68];[-1, 1.9531249999999999997882417631864, 72];[-1, 1.9999999990686774251676810499789, 93];[-1, 1.9999999999999999997831595655029, 93];[-1, 1.9999999999999997777385546404716, 115];[-1, 1.0000000000000001109138822452671, 116];[-1, 1.9999999999999999995663191310058, 125];[-1, 1.9999999999999999996747393482543, 126];[1, 1.0000000000000001110223024625157, 116];[1, 1.0000000000000001109138822452671, 116];[1, 1.0000000000000002220446049250313, 106];[1, 1.0000000000000001110223024625157, 84];[1, 1.3125000000000001457167719820518, 58];[1, 1.0000000000000001110223024625157, 53];[1, 0.0, 0];[-1, 1.0000000000000001110223024625157, 53];[-1, 1.7500000000000001942890293094024, 55];[-1, 1.3125000000000001457167719820518, 58];[-1, 1.9531250000000002168404344971009, 62];[-1, 1.9999999990686776474291263060087, 83];[-1, 1.0000000000000001110223024625157, 84];[-1, 2.0, 105];[-1, 1.0000000000000002220446049250313, 106];[-1, 1.0000000000000001109138822452671, 116];[-1, 1.0000000000000001109680923538914, 117];[1, 1.0, 94];[1, 1.9999999999999999997831595655029, 93];[1, 1.0000000000000001110223024625157, 84];[1, 1.0, 62];[1, 1.3125, 36];[1, 1.0, 31];[1, 0.0, 0];[-1, 1.0, 31];[-1, 1.75, 33];[-1, 1.3125, 36];[-1, 1.953125, 40];[-1, 1.999999999068677425384521484375, 61];[-1, 1.0, 62];[-1, 1.9999999999999997779553950749687, 83];[-1, 1.0000000000000001110223024625157, 84];[-1, 1.9999999999999999997831595655029, 93];[-1, 1.9999999999999999998915797827514, 94];[1, 1.3125, 68];[1, 1.3124999999999999998576984648613, 68];[1, 1.3125000000000001457167719820518, 58];[1, 1.3125, 36];[1, 1.72265625, 10];[1, 1.3125, 5];[1, 0.0, 0];[-1, 1.3125, 5];[-1, 1.1484375, 8];[-1, 1.72265625, 10];[-1, 1.28173828125, 15];[-1, 1.3124999993888195604085922241211, 36];[-1, 1.3125, 36];[-1, 1.3124999999999998542832280179482, 58];[-1, 1.3125000000000001457167719820518, 58];[-1, 1.3124999999999999998576984648613, 68];[-1, 1.3124999999999999999288492324306, 69];[1, 1.0, 63];[1, 1.9999999999999999997831595655029, 62];[1, 1.0000000000000001110223024625157, 53];[1, 1.0, 31];[1, 1.3125, 5];[1, 1.0, 0];[1, 0.0, 0];[-1, 1.0, 0];[-1, 1.75, 2];[-1, 1.3125, 5];[-1, 1.953125, 9];[-1, 1.999999999068677425384521484375, 30];[-1, 1.0, 31];[-1, 1.9999999999999997779553950749687, 52];[-1, 1.0000000000000001110223024625157, 53];[-1, 1.9999999999999999997831595655029, 62];[-1, 1.9999999999999999998915797827514, 63];[1, 0.0, 0];[1, 0.0, 0];[1, 0.0, 0];[1, 0.0, 0];[1, 0.0, 0];[1, 0.0, 0];[1, 0.0, 0];[1, 0.0, 0];[1, 0.0, 0];[1, 0.0, 0];[1, 0.0, 0];[1, 0.0, 0];[1, 0.0, 0];[1, 0.0, 0];[1, 0.0, 0];[1, 0.0, 0];[1, 0.0, 0];[-1, 1.0, 63];[-1, 1.9999999999999999997831595655029, 62];[-1, 1.0000000000000001110223024625157, 53];[-1, 1.0, 31];[-1, 1.3125, 5];[-1, 1.0, 0];[1, 0.0, 0];[1, 1.0, 0];[1, 1.75, 2];[1, 1.3125, 5];[1, 1.953125, 9];[1, 1.999999999068677425384521484375, 30];[1, 1.0, 31];[1, 1.9999999999999997779553950749687, 52];[1, 1.0000000000000001110223024625157, 53];[1, 1.9999999999999999997831595655029, 62];[1, 1.9999999999999999998915797827514, 63];[-1, 1.75, 65];[-1, 1.749999999999999999810264619815, 65];[-1, 1.7500000000000001942890293094024, 55];[-1, 1.75, 33];[-1, 1.1484375, 8];[-1, 1.75, 2];[1, 0.0, 0];[1, 1.75, 2];[1, 1.53125, 5];[1, 1.1484375, 8];[1, 1.708984375, 12];[1, 1.7499999991850927472114562988281, 33];[1, 1.75, 33];[1, 1.7499999999999998057109706905976, 55];[1, 1.7500000000000001942890293094024, 55];[1, 1.749999999999999999810264619815, 65];[1, 1.7499999999999999999051323099075, 66];[-1, 1.3125, 68];[-1, 1.3124999999999999998576984648613, 68];[-1, 1.3125000000000001457167719820518, 58];[-1, 1.3125, 36];[-1, 1.72265625, 10];[-1, 1.3125, 5];[1, 0.0, 0];[1, 1.3125, 5];[1, 1.1484375, 8];[1, 1.72265625, 10];[1, 1.28173828125, 15];[1, 1.3124999993888195604085922241211, 36];[1, 1.3125, 36];[1, 1.3124999999999998542832280179482, 58];[1, 1.3125000000000001457167719820518, 58];[1, 1.3124999999999999998576984648613, 68];[1, 1.3124999999999999999288492324306, 69];[-1, 1.953125, 72];[-1, 1.9531249999999999997882417631864, 72];[-1, 1.9531250000000002168404344971009, 62];[-1, 1.953125, 40];[-1, 1.28173828125, 15];[-1, 1.953125, 9];[1, 0.0, 0];[1, 1.953125, 9];[1, 1.708984375, 12];[1, 1.28173828125, 15];[1, 1.9073486328125, 19];[1, 1.953124999090505298227071762085, 40];[1, 1.953125, 40];[1, 1.9531249999999997831595655028991, 62];[1, 1.9531250000000002168404344971009, 62];[1, 1.9531249999999999997882417631864, 72];[1, 1.9531249999999999998941208815932, 73];[-1, 1.999999999068677425384521484375, 93];[-1, 1.9999999990686774251676810499789, 93];[-1, 1.9999999990686776474291263060087, 83];[-1, 1.999999999068677425384521484375, 61];[-1, 1.3124999993888195604085922241211, 36];[-1, 1.999999999068677425384521484375, 30];[1, 0.0, 0];[1, 1.999999999068677425384521484375, 30];[1, 1.7499999991850927472114562988281, 33];[1, 1.3124999993888195604085922241211, 36];[1, 1.953124999090505298227071762085, 40];[1, 1.9999999981373548512027238377442, 61];[1, 1.999999999068677425384521484375, 61];[1, 1.9999999990686772033399166627413, 83];[1, 1.9999999990686776474291263060087, 83];[1, 1.9999999990686774251676810499789, 93];[1, 1.9999999990686774252761012671769, 94];[-1, 1.0, 94];[-1, 1.9999999999999999997831595655029, 93];[-1, 1.0000000000000001110223024625157, 84];[-1, 1.0, 62];[-1, 1.3125, 36];[-1, 1.0, 31];[1, 0.0, 0];[1, 1.0, 31];[1, 1.75, 33];[1, 1.3125, 36];[1, 1.953125, 40];[1, 1.999999999068677425384521484375, 61];[1, 1.0, 62];[1, 1.9999999999999997779553950749687, 83];[1, 1.0000000000000001110223024625157, 84];[1, 1.9999999999999999997831595655029, 93];[1, 1.9999999999999999998915797827514, 94];[-1, 1.9999999999999997779553950749687, 115];[-1, 1.9999999999999997777385546404716, 115];[-1, 2.0, 105];[-1, 1.9999999999999997779553950749687, 83];[-1, 1.3124999999999998542832280179482, 58];[-1, 1.9999999999999997779553950749687, 52];[1, 0.0, 0];[1, 1.9999999999999997779553950749687, 52];[1, 1.7499999999999998057109706905976, 55];[1, 1.3124999999999998542832280179482, 58];[1, 1.9531249999999997831595655028991, 62];[1, 1.9999999990686772033399166627413, 83];[1, 1.9999999999999997779553950749687, 83];[1, 1.9999999999999995559107901499374, 105];[1, 2.0, 105];[1, 1.9999999999999997777385546404716, 115];[1, 1.9999999999999997778469748577201, 116];[-1, 1.0000000000000001110223024625157, 116];[-1, 1.0000000000000001109138822452671, 116];[-1, 1.0000000000000002220446049250313, 106];[-1, 1.0000000000000001110223024625157, 84];[-1, 1.3125000000000001457167719820518, 58];[-1, 1.0000000000000001110223024625157, 53];[1, 0.0, 0];[1, 1.0000000000000001110223024625157, 53];[1, 1.7500000000000001942890293094024, 55];[1, 1.3125000000000001457167719820518, 58];[1, 1.9531250000000002168404344971009, 62];[1, 1.9999999990686776474291263060087, 83];[1, 1.0000000000000001110223024625157, 84];[1, 2.0, 105];[1, 1.0000000000000002220446049250313, 106];[1, 1.0000000000000001109138822452671, 116];[1, 1.0000000000000001109680923538914, 117];[-1, 1.9999999999999999997831595655029, 125];[-1, 1.9999999999999999995663191310058, 125];[-1, 1.0000000000000001109138822452671, 116];[-1, 1.9999999999999999997831595655029, 93];[-1, 1.3124999999999999998576984648613, 68];[-1, 1.9999999999999999997831595655029, 62];[1, 0.0, 0];[1, 1.9999999999999999997831595655029, 62];[1, 1.749999999999999999810264619815, 65];[1, 1.3124999999999999998576984648613, 68];[1, 1.9531249999999999997882417631864, 72];[1, 1.9999999990686774251676810499789, 93];[1, 1.9999999999999999997831595655029, 93];[1, 1.9999999999999997777385546404716, 115];[1, 1.0000000000000001109138822452671, 116];[1, 1.9999999999999999995663191310058, 125];[1, 1.9999999999999999996747393482543, 126];[-1, 1.9999999999999999998915797827514, 126];[-1, 1.9999999999999999996747393482543, 126];[-1, 1.0000000000000001109680923538914, 117];[-1, 1.9999999999999999998915797827514, 94];[-1, 1.3124999999999999999288492324306, 69];[-1, 1.9999999999999999998915797827514, 63];[1, 0.0, 0];[1, 1.9999999999999999998915797827514, 63];[1, 1.7499999999999999999051323099075, 66];[1, 1.3124999999999999999288492324306, 69];[1, 1.9531249999999999998941208815932, 73];[1, 1.9999999990686774252761012671769, 94];[1, 1.9999999999999999998915797827514, 94];[1, 1.9999999999999997778469748577201, 116];[1, 1.0000000000000001109680923538914, 117];[1, 1.9999999999999999996747393482543, 126];[-1, 1.9999999999999999999457898913757, 64]",289,0
A2_7_8,1,whole|fractional,__int128,double,"whole/L1/17:-2^63,-2^63+1,-2^53-1,-2^31,-42,-1,0,1,7,42,1000,2^31-1,2^31,2^53-1,2^53+1,2^63-1,2^64-1","fractional/L1/16:-max_finite,-1.5,-1.0,-(1.0-1ulp),-0.0,+0.0,+min_subnormal,+min_normal,1.0-1ulp,1.0,1.0+1ulp,1.5,pi,2^53,max_finite,0.1",272,"[1, inf];[1, 1.5, 63];[1, 1.0, 63];[1, 1.9999999999999997779553950749687, 62];[1, 0.0, 0];[-1, 0.0, 0];[-1, 1.0, -1011];[-1, 1.0, -959];[-1, 1.9999999999999997779553950749687, 62];[-1, 1.0, 63];[-1, 1.0000000000000002220446049250313, 63];[-1, 1.5, 63];[-1, 1.5707963267948965579989817342721, 64];[-1, 1.0, 116];[-1, inf];[-1, 1.6000000000000000888178419700125, 59];[1, inf];[1, 1.5, 63];[1, 1.0, 63];[1, 1.9999999999999997779553950749687, 62];[1, 0.0, 0];[-1, 0.0, 0];[-1, 1.0, -1011];[-1, 1.0, -959];[-1, 1.9999999999999997779553950749687, 62];[-1, 1.0, 63];[-1, 1.0000000000000002220446049250313, 63];[-1, 1.5, 63];[-1, 1.5707963267948965579989817342721, 64];[-1, 1.0, 116];[-1, inf];[-1, 1.6000000000000000888178419700125, 59];[1, inf];[1, 1.5, 53];[1, 1.0, 53];[1, 1.9999999999999997779553950749687, 52];[1, 0.0, 0];[-1, 0.0, 0];[-1, 1.0, -1021];[-1, 1.0, -969];[-1, 1.9999999999999997779553950749687, 52];[-1, 1.0, 53];[-1, 1.0000000000000002220446049250313, 53];[-1, 1.5, 53];[-1, 1.5707963267948965579989817342721, 54];[-1, 1.0, 106];[-1, inf];[-1, 1.6000000000000000888178419700125, 49];[1, inf];[1, 1.5, 31];[1, 1.0, 31];[1, 1.9999999999999997779553950749687, 30];[1, 0.0, 0];[-1, 0.0, 0];[-1, 1.0, -1043];[-1, 1.0, -991];[-1, 1.9999999999999997779553950749687, 30];[-1, 1.0, 31];[-1, 1.0000000000000002220446049250313, 31];[-1, 1.5, 31];[-1, 1.5707963267948965579989817342721, 32];[-1, 1.0, 84];[-1, inf];[-1, 1.6000000000000000888178419700125, 27];[1, inf];[1, 1.96875, 5];[1, 1.3125, 5];[1, 1.3124999999999997779553950749687, 5];[1, 0.0, 0];[-1, 0.0, 0];[-1, 1.3125, -1069];[-1, 1.3125, -1017];[-1, 1.3124999999999997779553950749687, 5];[-1, 1.3125, 5];[-1, 1.3125000000000002220446049250313, 5];[-1, 1.96875, 5];[-1, 1.0308350894591509216979829943739, 7];[-1, 1.3125, 58];[-1, inf];[-1, 1.0500000000000000444089209850063, 2];[1, 1.9999999999999997779553950749687, 1023];[1, 1.5, 0];[1, 1.0, 0];[1, 1.9999999999999997779553950749687, -1];[1, 0.0, 0];[-1, 0.0, 0];[-1, 1.0, -1074];[-1, 1.0, -1022];[-1, 1.9999999999999997779553950749687, -1];[-1, 1.0, 0];[-1, 1.0000000000000002220446049250313, 0];[-1, 1.5, 0];[-1, 1.5707963267948965579989817342721, 1];[-1, 1.0, 53];[-1, 1.9999999999999997779553950749687, 1023];[-1, 1.6000000000000000888178419700125, -4];[-1, 0.0, 0];[-1, 0.0, 0];[-1, 0.0, 0];[-1, 0.0, 0];[-1, 0.0, 0];[1, 0.0, 0];[1, 0.0, 0];[1, 0.0, 0];[1, 0.0, 0];[1, 0.0, 0];[1, 0.0, 0];[1, 0.0, 0];[1, 0.0, 0];[1, 0.0, 0];[1, 0.0, 0];[1, 0.0, 0];[-1, 1.9999999999999997779553950749687, 1023];[-1, 1.5, 0];[-1, 1.0, 0];[-1, 1.9999999999999997779553950749687, -1];[-1, 0.0, 0];[1, 0.0, 0];[1, 1.0, -1074];[1, 1.0, -1022];[1, 1.9999999999999997779553950749687, -1];[1, 1.0, 0];[1, 1.0000000000000002220446049250313, 0];[1, 1.5, 0];[1, 1.5707963267948965579989817342721, 1];[1, 1.0, 53];[1, 1.9999999999999997779553950749687, 1023];[1, 1.6000000000000000888178419700125, -4];[-1, inf];[-1, 1.3125, 3];[-1, 1.75, 2];[-1, 1.7499999999999997779553950749687, 2];[-1, 0.0, 0];[1, 0.0, 0];[1, 1.75, -1072];[1, 1.75, -1020];[1, 1.7499999999999997779553950749687, 2];[1, 1.75, 2];[1, 1.7500000000000004440892098500626, 2];[1, 1.3125, 3];[1, 1.3744467859455344882491090174881, 4];[1, 1.75, 55];[1, inf];[1, 1.4000000000000001332267629550188, -1];[-1, inf];[-1, 1.96875, 5];[-1, 1.3125, 5];[-1, 1.3124999999999997779553950749687, 5];[-1, 0.0, 0];[1, 0.0, 0];[1, 1.3125, -1069];[1, 1.3125, -1017];[1, 1.3124999999999997779553950749687, 5];[1, 1.3125, 5];[1, 1.3125000000000002220446049250313, 5];[1, 1.96875, 5];[1, 1.0308350894591509216979829943739, 7];[1, 1.3125, 58];[1, inf];[1, 1.0500000000000000444089209850063, 2];[-1, inf];[-1, 1.46484375, 10];[-1, 1.953125, 9];[-1, 1.9531249999999997779553950749687, 9];[-1, 0.0, 0];[1, 0.0, 0];[1, 1.953125, -1065];[1, 1.953125, -1013];[1, 1.9531249999999997779553950749687, 9];[1, 1.953125, 9];[1, 1.9531250000000004440892098500626, 9];[1, 1.46484375, 10];[1, 1.5339807878856410727763659451739, 11];[1, 1.953125, 62];[1, inf];[1, 1.5625, 6];[-1, inf];[-1, 1.4999999993015080690383911132812, 31];[-1, 1.999999999068677425384521484375, 30];[-1, 1.9999999990686772033399165593437, 30];[-1, 0.0, 0];[1, 0.0, 0];[1, 1.999999999068677425384521484375, -1044];[1, 1.999999999068677425384521484375, -992];[1, 1.9999999990686772033399165593437, 30];[1, 1.999999999068677425384521484375, 30];[1, 1.9999999990686778694737313344376, 30];[1, 1.4999999993015080690383911132812, 31];[1, 1.5707963260634374424995485242107, 32];[1, 1.999999999068677425384521484375, 83];[1, inf];[1, 1.5999999992549420735343801425188, 27];[-1, inf];[-1, 1.5, 31];[-1, 1.0, 31];[-1, 1.9999999999999997779553950749687, 30];[-1, 0.0, 0];[1, 0.0, 0];[1, 1.0, -1043];[1, 1.0, -991];[1, 1.9999999999999997779553950749687, 30];[1, 1.0, 31];[1, 1.0000000000000002220446049250313, 31];[1, 1.5, 31];[1, 1.5707963267948965579989817342721, 32];[1, 1.0, 84];[1, inf];[1, 1.6000000000000000888178419700125, 27];[-1, inf];[-1, 1.4999999999999997779553950749687, 53];[-1, 1.9999999999999997779553950749687, 52];[-1, 1.9999999999999995559107901499374, 52];[-1, 0.0, 0];[1, 0.0, 0];[1, 1.9999999999999997779553950749687, -1022];[1, 1.9999999999999997779553950749687, -970];[1, 1.9999999999999995559107901499374, 52];[1, 1.9999999999999997779553950749687, 52];[1, 1.0, 53];[1, 1.4999999999999997779553950749687, 53];[1, 1.5707963267948963359543768092408, 54];[1, 1.9999999999999997779553950749687, 105];[1, inf];[1, 1.5999999999999998667732370449812, 49];[-1, inf];[-1, 1.5, 53];[-1, 1.0, 53];[-1, 1.9999999999999997779553950749687, 52];[-1, 0.0, 0];[1, 0.0, 0];[1, 1.0, -1021];[1, 1.0, -969];[1, 1.9999999999999997779553950749687, 52];[1, 1.0, 53];[1, 1.0000000000000002220446049250313, 53];[1, 1.5, 53];[1, 1.5707963267948965579989817342721, 54];[1, 1.0, 106];[1, inf];[1, 1.6000000000000000888178419700125, 49];[-1, inf];[-1, 1.5, 63];[-1, 1.0, 63];[-1, 1.9999999999999997779553950749687, 62];[-1, 0.0, 0];[1, 0.0, 0];[1, 1.0, -1011];[1, 1.0, -959];[1, 1.9999999999999997779553950749687, 62];[1, 1.0, 63];[1, 1.0000000000000002220446049250313, 63];[1, 1.5, 63];[1, 1.5707963267948965579989817342721, 64];[1, 1.0, 116];[1, inf];[1, 1.6000000000000000888178419700125, 59];[-1, inf];[-1, 1.5, 64];[-1, 1.0, 64];[-1, 1.9999999999999997779553950749687, 63];[-1, 0.0, 0];[1, 0.0, 0];[1, 1.0, -1010];[1, 1.0, -958];[1, 1.9999999999999997779553950749687, 63];[1, 1.0, 64];[1, 1.0000000000000002220446049250313, 64];[1, 1.5, 64];[1, 1.5707963267948965579989817342721, 65];[1, 1.0, 117];[1, inf];[1, 1.6000000000000000888178419700125, 60]",272,0
A2_7_9,1,whole|fractional,__int128,float,"whole/L1/17:-2^63,-2^63+1,-2^53-1,-2^31,-42,-1,0,1,7,42,1000,2^31-1,2^31,2^53-1,2^53+1,2^63-1,2^64-1","fractional/L1/7:-1.5,-1.0,-0.0,+0.0,1.0,1.5,2^53",119,"[1, 1.5, 63];[1, 1.0, 63];[1, 0.0, 0];[-1, 0.0, 0];[-1, 1.0, 63];[-1, 1.5, 63];[-1, 1.0, 116];[1, 1.5, 63];[1, 1.0, 63];[1, 0.0, 0];[-1, 0.0, 0];[-1, 1.0, 63];[-1, 1.5, 63];[-1, 1.0, 116];[1, 1.5, 53];[1, 1.0, 53];[1, 0.0, 0];[-1, 0.0, 0];[-1, 1.0, 53];[-1, 1.5, 53];[-1, 1.0, 106];[1, 1.5, 31];[1, 1.0, 31];[1, 0.0, 0];[-1, 0.0, 0];[-1, 1.0, 31];[-1, 1.5, 31];[-1, 1.0, 84];[1, 1.96875, 5];[1, 1.3125, 5];[1, 0.0, 0];[-1, 0.0, 0];[-1, 1.3125, 5];[-1, 1.96875, 5];[-1, 1.3125, 58];[1, 1.5, 0];[1, 1.0, 0];[1, 0.0, 0];[-1, 0.0, 0];[-1, 1.0, 0];[-1, 1.5, 0];[-1, 1.0, 53];[-1, 0.0, 0];[-1, 0.0, 0];[-1, 0.0, 0];[1, 0.0, 0];[1, 0.0, 0];[1, 0.0, 0];[1, 0.0, 0];[-1, 1.5, 0];[-1, 1.0, 0];[-1, 0.0, 0];[1, 0.0, 0];[1, 1.0, 0];[1, 1.5, 0];[1, 1.0, 53];[-1, 1.3125, 3];[-1, 1.75, 2];[-1, 0.0, 0];[1, 0.0, 0];[1, 1.75, 2];[1, 1.3125, 3];[1, 1.75, 55];[-1, 1.96875, 5];[-1, 1.3125, 5];[-1, 0.0, 0];[1, 0.0, 0];[1, 1.3125, 5];[1, 1.96875, 5];[1, 1.3125, 58];[-1, 1.46484375, 10];[-1, 1.953125, 9];[-1, 0.0, 0];[1, 0.0, 0];[1, 1.953125, 9];[1, 1.46484375, 10];[1, 1.953125, 62];[-1, 1.5, 31];[-1, 1.0, 31];[-1, 0.0, 0];[1, 0.0, 0];[1, 1.0, 31];[1, 1.5, 31];[1, 1.0, 84];[-1, 1.5, 31];[-1, 1.0, 31];[-1, 0.0, 0];[1, 0.0, 0];[1, 1.0, 31];[1, 1.5, 31];[1, 1.0, 84];[-1, 1.5, 53];[-1, 1.0, 53];[-1, 0.0, 0];[1, 0.0, 0];[1, 1.0, 53];[1, 1.5, 53];[1, 1.0, 106];[-1, 1.5, 53];[-1, 1.0, 53];[-1, 0.0, 0];[1, 0.0, 0];[1, 1.0, 53];[1, 1.5, 53];[1, 1.0, 106];[-1, 1.5, 63];[-1, 1.0, 63];[-1, 0.0, 0];[1, 0.0, 0];[1, 1.0, 63];[1, 1.5, 63];[1, 1.0, 116];[-1, 1.5, 64];[-1, 1.0, 64];[-1, 0.0, 0];[1, 0.0, 0];[1, 1.0, 64];[1, 1.5, 64];[1, 1.0, 117]",119,0
A2_8_3,1,fractional|truth,double,bool,"fractional/L1/16:-max_finite,-1.5,-1.0,-(1.0-1ulp),-0.0,+0.0,+min_subnormal,+min_normal,1.0-1ulp,1.0,1.0+1ulp,1.5,pi,2^53,max_finite,0.1","truth/L1/2:true,false",32,"[-1, 1.9999999999999997779553950749687, 1023];[-1, 0.0, 0];[-1, 1.5, 0];[-1, 0.0, 0];[-1, 1.0, 0];[-1, 0.0, 0];[-1, 1.9999999999999997779553950749687, -1];[-1, 0.0, 0];[-1, 0.0, 0];[-1, 0.0, 0];[1, 0.0, 0];[1, 0.0, 0];[1, 1.0, -1074];[1, 0.0, 0];[1, 1.0, -1022];[1, 0.0, 0];[1, 1.9999999999999997779553950749687, -1];[1, 0.0, 0];[1, 1.0, 0];[1, 0.0, 0];[1, 1.0000000000000002220446049250313, 0];[1, 0.0, 0];[1, 1.5, 0];[1, 0.0, 0];[1, 1.5707963267948965579989817342721, 1];[1, 0.0, 0];[1, 1.0, 53];[1, 0.0, 0];[1, 1.9999999999999997779553950749687, 1023];[1, 0.0, 0];[1, 1.6000000000000000888178419700125, -4];[1, 0.0, 0]",32,0
A2_8_4,1,fractional|whole,double,int32_t,"fractional/L1/16:-max_finite,-1.5,-1.0,-(1.0-1ulp),-0.0,+0.0,+min_subnormal,+min_normal,1.0-1ulp,1.0,1.0+1ulp,1.5,pi,2^53,max_finite,0.1","whole/L1/9:-2^31,-42,-1,0,1,7,42,1000,2^31-1",144,"[1, inf];[1, inf];[1, 1.9999999999999997779553950749687, 1023];[-1, 0.0, 0];[-1, 1.9999999999999997779553950749687, 1023];[-1, inf];[-1, inf];[-1, inf];[-1, inf];[1, 1.5, 31];[1, 1.96875, 5];[1, 1.5, 0];[-1, 0.0, 0];[-1, 1.5, 0];[-1, 1.3125, 3];[-1, 1.96875, 5];[-1, 1.46484375, 10];[-1, 1.4999999993015080690383911132812, 31];[1, 1.0, 31];[1, 1.3125, 5];[1, 1.0, 0];[-1, 0.0, 0];[-1, 1.0, 0];[-1, 1.75, 2];[-1, 1.3125, 5];[-1, 1.953125, 9];[-1, 1.999999999068677425384521484375, 30];[1, 1.9999999999999997779553950749687, 30];[1, 1.3124999999999997779553950749687, 5];[1, 1.9999999999999997779553950749687, -1];[-1, 0.0, 0];[-1, 1.9999999999999997779553950749687, -1];[-1, 1.7499999999999997779553950749687, 2];[-1, 1.3124999999999997779553950749687, 5];[-1, 1.9531249999999997779553950749687, 9];[-1, 1.9999999990686772033399165593437, 30];[1, 0.0, 0];[1, 0.0, 0];[1, 0.0, 0];[-1, 0.0, 0];[-1, 0.0, 0];[-1, 0.0, 0];[-1, 0.0, 0];[-1, 0.0, 0];[-1, 0.0, 0];[-1, 0.0, 0];[-1, 0.0, 0];[-1, 0.0, 0];[1, 0.0, 0];[1, 0.0, 0];[1, 0.0, 0];[1, 0.0, 0];[1, 0.0, 0];[1, 0.0, 0];[-1, 1.0, -1043];[-1, 1.3125, -1069];[-1, 1.0, -1074];[1, 0.0, 0];[1, 1.0, -1074];[1, 1.75, -1072];[1, 1.3125, -1069];[1, 1.953125, -1065];[1, 1.999999999068677425384521484375, -1044];[-1, 1.0, -991];[-1, 1.3125, -1017];[-1, 1.0, -1022];[1, 0.0, 0];[1, 1.0, -1022];[1, 1.75, -1020];[1, 1.3125, -1017];[1, 1.953125, -1013];[1, 1.999999999068677425384521484375, -992];[-1, 1.9999999999999997779553950749687, 30];[-1, 1.3124999999999997779553950749687, 5];[-1, 1.9999999999999997779553950749687, -1];[1, 0.0, 0];[1, 1.9999999999999997779553950749687, -1];[1, 1.7499999999999997779553950749687, 2];[1, 1.3124999999999997779553950749687, 5];[1, 1.9531249999999997779553950749687, 9];[1, 1.9999999990686772033399165593437, 30];[-1, 1.0, 31];[-1, 1.3125, 5];[-1, 1.0, 0];[1, 0.0, 0];[1, 1.0, 0];[1, 1.75, 2];[1, 1.3125, 5];[1, 1.953125, 9];[1, 1.999999999068677425384521484375, 30];[-1, 1.0000000000000002220446049250313, 31];[-1, 1.3125000000000002220446049250313, 5];[-1, 1.0000000000000002220446049250313, 0];[1, 0.0, 0];[1, 1.0000000000000002220446049250313, 0];[1, 1.7500000000000004440892098500626, 2];[1, 1.3125000000000002220446049250313, 5];[1, 1.9531250000000004440892098500626, 9];[1, 1.9999999990686778694737313344376, 30];[-1, 1.5, 31];[-1, 1.96875, 5];[-1, 1.5, 0];[1, 0.0, 0];[1, 1.5, 0];[1, 1.3125, 3];[1, 1.96875, 5];[1, 1.46484375, 10];[1, 1.4999999993015080690383911132812, 31];[-1, 1.5707963267948965579989817342721, 32];[-1, 1.0308350894591509216979829943739, 7];[-1, 1.5707963267948965579989817342721, 1];[1, 0.0, 0];[1, 1.5707963267948965579989817342721, 1];[1, 1.3744467859455344882491090174881, 4];[1, 1.0308350894591509216979829943739, 7];[1, 1.5339807878856410727763659451739, 11];[1, 1.5707963260634374424995485242107, 32];[-1, 1.0, 84];[-1, 1.3125, 58];[-1, 1.0, 53];[1, 0.0, 0];[1, 1.0, 53];[1, 1.75, 55];[1, 1.3125, 58];[1, 1.953125, 62];[1, 1.999999999068677425384521484375, 83];[-1, inf];[-1, inf];[-1, 1.9999999999999997779553950749687, 1023];[1, 0.0, 0];[1, 1.9999999999999997779553950749687, 1023];[1, inf];[1, inf];[1, inf];[1, inf];[-1, 1.6000000000000000888178419700125, 27];[-1, 1.0500000000000000444089209850063, 2];[-1, 1.6000000000000000888178419700125, -4];[1, 0.0, 0];[1, 1.6000000000000000888178419700125, -4];[1, 1.4000000000000001332267629550188, -1];[1, 1.0500000000000000444089209850063, 2];[1, 1.5625, 6];[1, 1.5999999992549420735343801425188, 27]",144,0
A2_8_5,1,fractional|whole,double,int64_t,"fractional/L1/16:-max_finite,-1.5,-1.0,-(1.0-1ulp),-0.0,+0.0,+min_subnormal,+min_normal,1.0-1ulp,1.0,1.0+1ulp,1.5,pi,2^53,max_finite,0.1","whole/L1/16:-2^63,-2^63+1,-2^53-1,-2^31,-42,-1,0,1,7,42,1000,2^31-1,2^31,2^53-1,2^53+1,2^63-1",256,"[1, inf];[1, inf];[1, inf];[1, inf];[1, inf];[1, 1.9999999999999997779553950749687, 1023];[-1, 0.0, 0];[-1, 1.9999999999999997779553950749687, 1023];[-1, inf];[-1, inf];[-1, inf];[-1, inf];[-1, inf];[-1, inf];[-1, inf];[-1, inf];[1, 1.5, 63];[1, 1.5, 63];[1, 1.5, 53];[1, 1.5, 31];[1, 1.96875, 5];[1, 1.5, 0];[-1, 0.0, 0];[-1, 1.5, 0];[-1, 1.3125, 3];[-1, 1.96875, 5];[-1, 1.46484375, 10];[-1, 1.4999999993015080690383911132812, 31];[-1, 1.5, 31];[-1, 1.4999999999999997779553950749687, 53];[-1, 1.5, 53];[-1, 1.5, 63];[1, 1.0, 63];[1, 1.0, 63];[1, 1.0, 53];[1, 1.0, 31];[1, 1.3125, 5];[1, 1.0, 0];[-1, 0.0, 0];[-1, 1.0, 0];[-1, 1.75, 2];[-1, 1.3125, 5];[-1, 1.953125, 9];[-1, 1.999999999068677425384521484375, 30];[-1, 1.0, 31];[-1, 1.9999999999999997779553950749687, 52];[-1, 1.0, 53];[-1, 1.0, 63];[1, 1.9999999999999997779553950749687, 62];[1, 1.9999999999999997779553950749687, 62];[1, 1.9999999999999997779553950749687, 52];[1, 1.9999999999999997779553950749687, 30];[1, 1.3124999999999997779553950749687, 5];[1, 1.9999999999999997779553950749687, -1];[-1, 0.0, 0];[-1, 1.9999999999999997779553950749687, -1];[-1, 1.7499999999999997779553950749687, 2];[-1, 1.3124999999999997779553950749687, 5];[-1, 1.9531249999999997779553950749687, 9];[-1, 1.9999999990686772033399165593437, 30];[-1, 1.9999999999999997779553950749687, 30];[-1, 1.9999999999999995559107901499374, 52];[-1, 1.9999999999999997779553950749687, 52];[-1, 1.9999999999999997779553950749687, 62];[1, 0.0, 0];[1, 0.0, 0];[1, 0.0, 0];[1, 0.0, 0];[1, 0.0, 0];[1, 0.0, 0];[-1, 0.0, 0];[-1, 0.0, 0];[-1, 0.0, 0];[-1, 0.0, 0];[-1, 0.0, 0];[-1, 0.0, 0];[-1, 0.0, 0];[-1, 0.0, 0];[-1, 0.0, 0];[-1, 0.0, 0];[-1, 0.0, 0];[-1, 0.0, 0];[-1, 0.0, 0];[-1, 0.0, 0];[-1, 0.0, 0];[-1, 0.0, 0];[1, 0.0, 0];[1, 0.0, 0];[1, 0.0, 0];[1, 0.0, 0];[1, 0.0, 0];[1, 0.0, 0];[1, 0.0, 0];[1, 0.0, 0];[1, 0.0, 0];[1, 0.0, 0];[-1, 1.0, -1011];[-1, 1.0, -1011];[-1, 1.0, -1021];[-1, 1.0, -1043];[-1, 1.3125, -1069];[-1, 1.0, -1074];[1, 0.0, 0];[1, 1.0, -1074];[1, 1.75, -1072];[1, 1.3125, -1069];[1, 1.953125, -1065];[1, 1.999999999068677425384521484375, -1044];[1, 1.0, -1043];[1, 1.9999999999999997779553950749687, -1022];[1, 1.0, -1021];[1, 1.0, -1011];[-1, 1.0, -959];[-1, 1.0, -959];[-1, 1.0, -969];[-1, 1.0, -991];[-1, 1.3125, -1017];[-1, 1.0, -1022];[1, 0.0, 0];[1, 1.0, -1022];[1, 1.75, -1020];[1, 1.3125, -1017];[1, 1.953125, -1013];[1, 1.999999999068677425384521484375, -992];[1, 1.0, -991];[1, 1.9999999999999997779553950749687, -970];[1, 1.0, -969];[1, 1.0, -959];[-1, 1.9999999999999997779553950749687, 62];[-1, 1.9999999999999997779553950749687, 62];[-1, 1.9999999999999997779553950749687, 52];[-1, 1.9999999999999997779553950749687, 30];[-1, 1.3124999999999997779553950749687, 5];[-1, 1.9999999999999997779553950749687, -1];[1, 0.0, 0];[1, 1.9999999999999997779553950749687, -1];[1, 1.7499999999999997779553950749687, 2];[1, 1.3124999999999997779553950749687, 5];[1, 1.9531249999999997779553950749687, 9];[1, 1.9999999990686772033399165593437, 30];[1, 1.9999999999999997779553950749687, 30];[1, 1.9999999999999995559107901499374, 52];[1, 1.9999999999999997779553950749687, 52];[1, 1.9999999999999997779553950749687, 62];[-1, 1.0, 63];[-1, 1.0, 63];[-1, 1.0, 53];[-1, 1.0, 31];[-1, 1.3125, 5];[-1, 1.0, 0];[1, 0.0, 0];[1, 1.0, 0];[1, 1.75, 2];[1, 1.3125, 5];[1, 1.953125, 9];[1, 1.999999999068677425384521484375, 30];[1, 1.0, 31];[1, 1.9999999999999997779553950749687, 52];[1, 1.0, 53];[1, 1.0, 63];[-1, 1.0000000000000002220446049250313, 63];[-1, 1.0000000000000002220446049250313, 63];[-1, 1.0000000000000002220446049250313, 53];[-1, 1.0000000000000002220446049250313, 31];[-1, 1.3125000000000002220446049250313, 5];[-1, 1.0000000000000002220446049250313, 0];[1, 0.0, 0];[1, 1.0000000000000002220446049250313, 0];[1, 1.7500000000000004440892098500626, 2];[1, 1.3125000000000002220446049250313, 5];[1, 1.9531250000000004440892098500626, 9];[1, 1.9999999990686778694737313344376, 30];[1, 1.0000000000000002220446049250313, 31];[1, 1.0, 53];[1, 1.0000000000000002220446049250313, 53];[1, 1.0000000000000002220446049250313, 63];[-1, 1.5, 63];[-1, 1.5, 63];[-1, 1.5, 53];[-1, 1.5, 31];[-1, 1.96875, 5];[-1, 1.5, 0];[1, 0.0, 0];[1, 1.5, 0];[1, 1.3125, 3];[1, 1.96875, 5];[1, 1.46484375, 10];[1, 1.4999999993015080690383911132812, 31];[1, 1.5, 31];[1, 1.4999999999999997779553950749687, 53];[1, 1.5, 53];[1, 1.5, 63];[-1, 1.5707963267948965579989817342721, 64];[-1, 1.5707963267948965579989817342721, 64];[-1, 1.5707963267948965579989817342721, 54];[-1, 1.5707963267948965579989817342721, 32];[-1, 1.0308350894591509216979829943739, 7];[-1, 1.5707963267948965579989817342721, 1];[1, 0.0, 0];[1, 1.5707963267948965579989817342721, 1];[1, 1.3744467859455344882491090174881, 4];[1, 1.0308350894591509216979829943739, 7];[1, 1.5339807878856410727763659451739, 11];[1, 1.5707963260634374424995485242107, 32];[1, 1.5707963267948965579989817342721, 32];[1, 1.5707963267948963359543768092408, 54];[1, 1.5707963267948965579989817342721, 54];[1, 1.5707963267948965579989817342721, 64];[-1, 1.0, 116];[-1, 1.0, 116];[-1, 1.0, 106];[-1, 1.0, 84];[-1, 1.3125, 58];[-1, 1.0, 53];[1, 0.0, 0];[1, 1.0, 53];[1, 1.75, 55];[1, 1.3125, 58];[1, 1.953125, 62];[1, 1.999999999068677425384521484375, 83];[1, 1.0, 84];[1, 1.9999999999999997779553950749687, 105];[1, 1.0, 106];[1, 1.0, 116];[-1, inf];[-1, inf];[-1, inf];[-1, inf];[-1, inf];[-1, 1.9999999999999997779553950749687, 1023];[1, 0.0, 0];[1, 1.9999999999999997779553950749687, 1023];[1, inf];[1, inf];[1, inf];[1, inf];[1, inf];[1, inf];[1, inf];[1, inf];[-1, 1.6000000000000000888178419700125, 59];[-1, 1.6000000000000000888178419700125, 59];[-1, 1.6000000000000000888178419700125, 49];[-1, 1.6000000000000000888178419700125, 27];[-1, 1.0500000000000000444089209850063, 2];[-1, 1.6000000000000000888178419700125, -4];[1, 0.0, 0];[1, 1.6000000000000000888178419700125, -4];[1, 1.4000000000000001332267629550188, -1];[1, 1.0500000000000000444089209850063, 2];[1, 1.5625, 6];[1, 1.5999999992549420735343801425188, 27];[1, 1.6000000000000000888178419700125, 27];[1, 1.5999999999999998667732370449812, 49];[1, 1.6000000000000000888178419700125, 49];[1, 1.6000000000000000888178419700125, 59]",256,0
A2_8_6,1,fractional|whole,double,uint64_t,"fractional/L1/16:-max_finite,-1.5,-1.0,-(1.0-1ulp),-0.0,+0.0,+min_subnormal,+min_normal,1.0-1ulp,1.0,1.0+1ulp,1.5,pi,2^53,max_finite,0.1","whole/L1/11:0,1,7,42,1000,2^31-1,2^31,2^53-1,2^53+1,2^63-1,2^64-1",176,"REFUSE;[-1, 1.9999999999999997779553950749687, 1023];[-1, inf];[-1, inf];[-1, inf];[-1, inf];[-1, inf];[-1, inf];[-1, inf];[-1, inf];[-1, inf];REFUSE;[-1, 1.5, 0];[-1, 1.3125, 3];[-1, 1.96875, 5];[-1, 1.46484375, 10];[-1, 1.4999999993015080690383911132812, 31];[-1, 1.5, 31];[-1, 1.4999999999999997779553950749687, 53];[-1, 1.5, 53];[-1, 1.5, 63];[-1, 1.5, 64];REFUSE;[-1, 1.0, 0];[-1, 1.75, 2];[-1, 1.3125, 5];[-1, 1.953125, 9];[-1, 1.999999999068677425384521484375, 30];[-1, 1.0, 31];[-1, 1.9999999999999997779553950749687, 52];[-1, 1.0, 53];[-1, 1.0, 63];[-1, 1.0, 64];REFUSE;[-1, 1.9999999999999997779553950749687, -1];[-1, 1.7499999999999997779553950749687, 2];[-1, 1.3124999999999997779553950749687, 5];[-1, 1.9531249999999997779553950749687, 9];[-1, 1.9999999990686772033399165593437, 30];[-1, 1.9999999999999997779553950749687, 30];[-1, 1.9999999999999995559107901499374, 52];[-1, 1.9999999999999997779553950749687, 52];[-1, 1.9999999999999997779553950749687, 62];[-1, 1.9999999999999997779553950749687, 63];REFUSE;[-1, 0.0, 0];[-1, 0.0, 0];[-1, 0.0, 0];[-1, 0.0, 0];[-1, 0.0, 0];[-1, 0.0, 0];[-1, 0.0, 0];[-1, 0.0, 0];[-1, 0.0, 0];[-1, 0.0, 0];REFUSE;[1, 0.0, 0];[1, 0.0, 0];[1, 0.0, 0];[1, 0.0, 0];[1, 0.0, 0];[1, 0.0, 0];[1, 0.0, 0];[1, 0.0, 0];[1, 0.0, 0];[1, 0.0, 0];REFUSE;[1, 1.0, -1074];[1, 1.75, -1072];[1, 1.3125, -1069];[1, 1.953125, -1065];[1, 1.999999999068677425384521484375, -1044];[1, 1.0, -1043];[1, 1.9999999999999997779553950749687, -1022];[1, 1.0, -1021];[1, 1.0, -1011];[1, 1.0, -1010];REFUSE;[1, 1.0, -1022];[1, 1.75, -1020];[1, 1.3125, -1017];[1, 1.953125, -1013];[1, 1.999999999068677425384521484375, -992];[1, 1.0, -991];[1, 1.9999999999999997779553950749687, -970];[1, 1.0, -969];[1, 1.0, -959];[1, 1.0, -958];REFUSE;[1, 1.9999999999999997779553950749687, -1];[1, 1.7499999999999997779553950749687, 2];[1, 1.3124999999999997779553950749687, 5];[1, 1.9531249999999997779553950749687, 9];[1, 1.9999999990686772033399165593437, 30];[1, 1.9999999999999997779553950749687, 30];[1, 1.9999999999999995559107901499374, 52];[1, 1.9999999999999997779553950749687, 52];[1, 1.9999999999999997779553950749687, 62];[1, 1.9999999999999997779553950749687, 63];REFUSE;[1, 1.0, 0];[1, 1.75, 2];[1, 1.3125, 5];[1, 1.953125, 9];[1, 1.999999999068677425384521484375, 30];[1, 1.0, 31];[1, 1.9999999999999997779553950749687, 52];[1, 1.0, 53];[1, 1.0, 63];[1, 1.0, 64];REFUSE;[1, 1.0000000000000002220446049250313, 0];[1, 1.7500000000000004440892098500626, 2];[1, 1.3125000000000002220446049250313, 5];[1, 1.9531250000000004440892098500626, 9];[1, 1.9999999990686778694737313344376, 30];[1, 1.0000000000000002220446049250313, 31];[1, 1.0, 53];[1, 1.0000000000000002220446049250313, 53];[1, 1.0000000000000002220446049250313, 63];[1, 1.0000000000000002220446049250313, 64];REFUSE;[1, 1.5, 0];[1, 1.3125, 3];[1, 1.96875, 5];[1, 1.46484375, 10];[1, 1.4999999993015080690383911132812, 31];[1, 1.5, 31];[1, 1.4999999999999997779553950749687, 53];[1, 1.5, 53];[1, 1.5, 63];[1, 1.5, 64];REFUSE;[1, 1.5707963267948965579989817342721, 1];[1, 1.3744467859455344882491090174881, 4];[1, 1.0308350894591509216979829943739, 7];[1, 1.5339807878856410727763659451739, 11];[1, 1.5707963260634374424995485242107, 32];[1, 1.5707963267948965579989817342721, 32];[1, 1.5707963267948963359543768092408, 54];[1, 1.5707963267948965579989817342721, 54];[1, 1.5707963267948965579989817342721, 64];[1, 1.5707963267948965579989817342721, 65];REFUSE;[1, 1.0, 53];[1, 1.75, 55];[1, 1.3125, 58];[1, 1.953125, 62];[1, 1.999999999068677425384521484375, 83];[1, 1.0, 84];[1, 1.9999999999999997779553950749687, 105];[1, 1.0, 106];[1, 1.0, 116];[1, 1.0, 117];REFUSE;[1, 1.9999999999999997779553950749687, 1023];[1, inf];[1, inf];[1, inf];[1, inf];[1, inf];[1, inf];[1, inf];[1, inf];[1, inf];REFUSE;[1, 1.6000000000000000888178419700125, -4];[1, 1.4000000000000001332267629550188, -1];[1, 1.0500000000000000444089209850063, 2];[1, 1.5625, 6];[1, 1.5999999992549420735343801425188, 27];[1, 1.6000000000000000888178419700125, 27];[1, 1.5999999999999998667732370449812, 49];[1, 1.6000000000000000888178419700125, 49];[1, 1.6000000000000000888178419700125, 59];[1, 1.6000000000000000888178419700125, 60]",160,16
A2_8_7,1,fractional|whole,double,__int128,"fractional/L1/16:-max_finite,-1.5,-1.0,-(1.0-1ulp),-0.0,+0.0,+min_subnormal,+min_normal,1.0-1ulp,1.0,1.0+1ulp,1.5,pi,2^53,max_finite,0.1","whole/L1/17:-2^63,-2^63+1,-2^53-1,-2^31,-42,-1,0,1,7,42,1000,2^31-1,2^31,2^53-1,2^53+1,2^63-1,2^64-1",272,"[1, inf];[1, inf];[1, inf];[1, inf];[1, inf];[1, 1.9999999999999997779553950749687, 1023];[-1, 0.0, 0];[-1, 1.9999999999999997779553950749687, 1023];[-1, inf];[-1, inf];[-1, inf];[-1, inf];[-1, inf];[-1, inf];[-1, inf];[-1, inf];[-1, inf];[1, 1.5, 63];[1, 1.5, 63];[1, 1.5, 53];[1, 1.5, 31];[1, 1.96875, 5];[1, 1.5, 0];[-1, 0.0, 0];[-1, 1.5, 0];[-1, 1.3125, 3];[-1, 1.96875, 5];[-1, 1.46484375, 10];[-1, 1.4999999993015080690383911132812, 31];[-1, 1.5, 31];[-1, 1.4999999999999997779553950749687, 53];[-1, 1.5, 53];[-1, 1.5, 63];[-1, 1.5, 64];[1, 1.0, 63];[1, 1.0, 63];[1, 1.0, 53];[1, 1.0, 31];[1, 1.3125, 5];[1, 1.0, 0];[-1, 0.0, 0];[-1, 1.0, 0];[-1, 1.75, 2];[-1, 1.3125, 5];[-1, 1.953125, 9];[-1, 1.999999999068677425384521484375, 30];[-1, 1.0, 31];[-1, 1.9999999999999997779553950749687, 52];[-1, 1.0, 53];[-1, 1.0, 63];[-1, 1.0, 64];[1, 1.9999999999999997779553950749687, 62];[1, 1.9999999999999997779553950749687, 62];[1, 1.9999999999999997779553950749687, 52];[1, 1.9999999999999997779553950749687, 30];[1, 1.3124999999999997779553950749687, 5];[1, 1.9999999999999997779553950749687, -1];[-1, 0.0, 0];[-1, 1.9999999999999997779553950749687, -1];[-1, 1.7499999999999997779553950749687, 2];[-1, 1.3124999999999997779553950749687, 5];[-1, 1.9531249999999997779553950749687, 9];[-1, 1.9999999990686772033399165593437, 30];[-1, 1.9999999999999997779553950749687, 30];[-1, 1.9999999999999995559107901499374, 52];[-1, 1.9999999999999997779553950749687, 52];[-1, 1.9999999999999997779553950749687, 62];[-1, 1.9999999999999997779553950749687, 63];[1, 0.0, 0];[1, 0.0, 0];[1, 0.0, 0];[1, 0.0, 0];[1, 0.0, 0];[1, 0.0, 0];[-1, 0.0, 0];[-1, 0.0, 0];[-1, 0.0, 0];[-1, 0.0, 0];[-1, 0.0, 0];[-1, 0.0, 0];[-1, 0.0, 0];[-1, 0.0, 0];[-1, 0.0, 0];[-1, 0.0, 0];[-1, 0.0, 0];[-1, 0.0, 0];[-1, 0.0, 0];[-1, 0.0, 0];[-1, 0.0, 0];[-1, 0.0, 0];[-1, 0.0, 0];[1, 0.0, 0];[1, 0.0, 0];[1, 0.0, 0];[1, 0.0, 0];[1, 0.0, 0];[1, 0.0, 0];[1, 0.0, 0];[1, 0.0, 0];[1, 0.0, 0];[1, 0.0, 0];[1, 0.0, 0];[-1, 1.0, -1011];[-1, 1.0, -1011];[-1, 1.0, -1021];[-1, 1.0, -1043];[-1, 1.3125, -1069];[-1, 1.0, -1074];[1, 0.0, 0];[1, 1.0, -1074];[1, 1.75, -1072];[1, 1.3125, -1069];[1, 1.953125, -1065];[1, 1.999999999068677425384521484375, -1044];[1, 1.0, -1043];[1, 1.9999999999999997779553950749687, -1022];[1, 1.0, -1021];[1, 1.0, -1011];[1, 1.0, -1010];[-1, 1.0, -959];[-1, 1.0, -959];[-1, 1.0, -969];[-1, 1.0, -991];[-1, 1.3125, -1017];[-1, 1.0, -1022];[1, 0.0, 0];[1, 1.0, -1022];[1, 1.75, -1020];[1, 1.3125, -1017];[1, 1.953125, -1013];[1, 1.999999999068677425384521484375, -992];[1, 1.0, -991];[1, 1.9999999999999997779553950749687, -970];[1, 1.0, -969];[1, 1.0, -959];[1, 1.0, -958];[-1, 1.9999999999999997779553950749687, 62];[-1, 1.9999999999999997779553950749687, 62];[-1, 1.9999999999999997779553950749687, 52];[-1, 1.9999999999999997779553950749687, 30];[-1, 1.3124999999999997779553950749687, 5];[-1, 1.9999999999999997779553950749687, -1];[1, 0.0, 0];[1, 1.9999999999999997779553950749687, -1];[1, 1.7499999999999997779553950749687, 2];[1, 1.3124999999999997779553950749687, 5];[1, 1.9531249999999997779553950749687, 9];[1, 1.9999999990686772033399165593437, 30];[1, 1.9999999999999997779553950749687, 30];[1, 1.9999999999999995559107901499374, 52];[1, 1.9999999999999997779553950749687, 52];[1, 1.9999999999999997779553950749687, 62];[1, 1.9999999999999997779553950749687, 63];[-1, 1.0, 63];[-1, 1.0, 63];[-1, 1.0, 53];[-1, 1.0, 31];[-1, 1.3125, 5];[-1, 1.0, 0];[1, 0.0, 0];[1, 1.0, 0];[1, 1.75, 2];[1, 1.3125, 5];[1, 1.953125, 9];[1, 1.999999999068677425384521484375, 30];[1, 1.0, 31];[1, 1.9999999999999997779553950749687, 52];[1, 1.0, 53];[1, 1.0, 63];[1, 1.0, 64];[-1, 1.0000000000000002220446049250313, 63];[-1, 1.0000000000000002220446049250313, 63];[-1, 1.0000000000000002220446049250313, 53];[-1, 1.0000000000000002220446049250313, 31];[-1, 1.3125000000000002220446049250313, 5];[-1, 1.0000000000000002220446049250313, 0];[1, 0.0, 0];[1, 1.0000000000000002220446049250313, 0];[1, 1.7500000000000004440892098500626, 2];[1, 1.3125000000000002220446049250313, 5];[1, 1.9531250000000004440892098500626, 9];[1, 1.9999999990686778694737313344376, 30];[1, 1.0000000000000002220446049250313, 31];[1, 1.0, 53];[1, 1.0000000000000002220446049250313, 53];[1, 1.0000000000000002220446049250313, 63];[1, 1.0000000000000002220446049250313, 64];[-1, 1.5, 63];[-1, 1.5, 63];[-1, 1.5, 53];[-1, 1.5, 31];[-1, 1.96875, 5];[-1, 1.5, 0];[1, 0.0, 0];[1, 1.5, 0];[1, 1.3125, 3];[1, 1.96875, 5];[1, 1.46484375, 10];[1, 1.4999999993015080690383911132812, 31];[1, 1.5, 31];[1, 1.4999999999999997779553950749687, 53];[1, 1.5, 53];[1, 1.5, 63];[1, 1.5, 64];[-1, 1.5707963267948965579989817342721, 64];[-1, 1.5707963267948965579989817342721, 64];[-1, 1.5707963267948965579989817342721, 54];[-1, 1.5707963267948965579989817342721, 32];[-1, 1.0308350894591509216979829943739, 7];[-1, 1.5707963267948965579989817342721, 1];[1, 0.0, 0];[1, 1.5707963267948965579989817342721, 1];[1, 1.3744467859455344882491090174881, 4];[1, 1.0308350894591509216979829943739, 7];[1, 1.5339807878856410727763659451739, 11];[1, 1.5707963260634374424995485242107, 32];[1, 1.5707963267948965579989817342721, 32];[1, 1.5707963267948963359543768092408, 54];[1, 1.5707963267948965579989817342721, 54];[1, 1.5707963267948965579989817342721, 64];[1, 1.5707963267948965579989817342721, 65];[-1, 1.0, 116];[-1, 1.0, 116];[-1, 1.0, 106];[-1, 1.0, 84];[-1, 1.3125, 58];[-1, 1.0, 53];[1, 0.0, 0];[1, 1.0, 53];[1, 1.75, 55];[1, 1.3125, 58];[1, 1.953125, 62];[1, 1.999999999068677425384521484375, 83];[1, 1.0, 84];[1, 1.9999999999999997779553950749687, 105];[1, 1.0, 106];[1, 1.0, 116];[1, 1.0, 117];[-1, inf];[-1, inf];[-1, inf];[-1, inf];[-1, inf];[-1, 1.9999999999999997779553950749687, 1023];[1, 0.0, 0];[1, 1.9999999999999997779553950749687, 1023];[1, inf];[1, inf];[1, inf];[1, inf];[1, inf];[1, inf];[1, inf];[1, inf];[1, inf];[-1, 1.6000000000000000888178419700125, 59];[-1, 1.6000000000000000888178419700125, 59];[-1, 1.6000000000000000888178419700125, 49];[-1, 1.6000000000000000888178419700125, 27];[-1, 1.0500000000000000444089209850063, 2];[-1, 1.6000000000000000888178419700125, -4];[1, 0.0, 0];[1, 1.6000000000000000888178419700125, -4];[1, 1.4000000000000001332267629550188, -1];[1, 1.0500000000000000444089209850063, 2];[1, 1.5625, 6];[1, 1.5999999992549420735343801425188, 27];[1, 1.6000000000000000888178419700125, 27];[1, 1.5999999999999998667732370449812, 49];[1, 1.6000000000000000888178419700125, 49];[1, 1.6000000000000000888178419700125, 59];[1, 1.6000000000000000888178419700125, 60]",272,0
A2_8_8,1,fractional|fractional,double,double,"fractional/L1/16:-max_finite,-1.5,-1.0,-(1.0-1ulp),-0.0,+0.0,+min_subnormal,+min_normal,1.0-1ulp,1.0,1.0+1ulp,1.5,pi,2^53,max_finite,0.1","fractional/L1/16:-max_finite,-1.5,-1.0,-(1.0-1ulp),-0.0,+0.0,+min_subnormal,+min_normal,1.0-1ulp,1.0,1.0+1ulp,1.5,pi,2^53,max_finite,0.1",256,"[1, inf];[1, inf];[1, 1.9999999999999997779553950749687, 1023];[1, 1.9999999999999995559107901499374, 1023];[1, 0.0, 0];[-1, 0.0, 0];[-1, 1.9999999999999997779553950749687, -51];[-1, 1.9999999999999997779553950749687, 1];[-1, 1.9999999999999995559107901499374, 1023];[-1, 1.9999999999999997779553950749687, 1023];[-1, inf];[-1, inf];[-1, inf];[-1, inf];[-1, inf];[-1, 1.5999999999999998667732370449812, 1020];[1, inf];[1, 1.125, 1];[1, 1.5, 0];[1, 1.4999999999999997779553950749687, 0];[1, 0.0, 0];[-1, 0.0, 0];[-1, 1.0, -1073];[-1, 1.5, -1022];[-1, 1.4999999999999997779553950749687, 0];[-1, 1.5, 0];[-1, 1.5000000000000004440892098500626, 0];[-1, 1.125, 1];[-1, 1.1780972450961724184992363007041, 2];[-1, 1.5, 53];[-1, inf];[-1, 1.200000000000000177635683940025, -3];[1, 1.9999999999999997779553950749687, 1023];[1, 1.5, 0];[1, 1.0, 0];[1, 1.9999999999999997779553950749687, -1];[1, 0.0, 0];[-1, 0.0, 0];[-1, 1.0, -1074];[-1, 1.0, -1022];[-1, 1.9999999999999997779553950749687, -1];[-1, 1.0, 0];[-1, 1.0000000000000002220446049250313, 0];[-1, 1.5, 0];[-1, 1.5707963267948965579989817342721, 1];[-1, 1.0, 53];[-1, 1.9999999999999997779553950749687, 1023];[-1, 1.6000000000000000888178419700125, -4];[1, 1.9999999999999995559107901499374, 1023];[1, 1.4999999999999997779553950749687, 0];[1, 1.9999999999999997779553950749687, -1];[1, 1.9999999999999995559107901499374, -1];[1, 0.0, 0];[-1, 0.0, 0];[-1, 1.0, -1074];[-1, 1.0, -1022];[-1, 1.9999999999999995559107901499374, -1];[-1, 1.9999999999999997779553950749687, -1];[-1, 1.0, 0];[-1, 1.4999999999999997779553950749687, 0];[-1, 1.5707963267948963359543768092408, 1];[-1, 1.9999999999999997779553950749687, 52];[-1, 1.9999999999999995559107901499374, 1023];[-1, 1.5999999999999998667732370449812, -4];[1, 0.0, 0];[1, 0.0, 0];[1, 0.0, 0];[1, 0.0, 0];[1, 0.0, 0];[-1, 0.0, 0];[-1, 0.0, 0];[-1, 0.0, 0];[-1, 0.0, 0];[-1, 0.0, 0];[-1, 0.0, 0];[-1, 0.0, 0];[-1, 0.0, 0];[-1, 0.0, 0];[-1, 0.0, 0];[-1, 0.0, 0];[-1, 0.0, 0];[-1, 0.0, 0];[-1, 0.0, 0];[-1, 0.0, 0];[-1, 0.0, 0];[1, 0.0, 0];[1, 0.0, 0];[1, 0.0, 0];[1, 0.0, 0];[1, 0.0, 0];[1, 0.0, 0];[1, 0.0, 0];[1, 0.0, 0];[1, 0.0, 0];[1, 0.0, 0];[1, 0.0, 0];[-1, 1.9999999999999997779553950749687, -51];[-1, 1.0, -1073];[-1, 1.0, -1074];[-1, 1.0, -1074];[-1, 0.0, 0];[1, 0.0, 0];[1, 0.0, 0];[1, 0.0, 0];[1, 1.0, -1074];[1, 1.0, -1074];[1, 1.0, -1074];[1, 1.0, -1073];[1, 1.5, -1073];[1, 1.0, -1021];[1, 1.9999999999999997779553950749687, -51];[1, 0.0, 0];[-1, 1.9999999999999997779553950749687, 1];[-1, 1.5, -1022];[-1, 1.0, -1022];[-1, 1.0, -1022];[-1, 0.0, 0];[1, 0.0, 0];[1, 0.0, 0];[1, 0.0, 0];[1, 1.0, -1022];[1, 1.0, -1022];[1, 1.0000000000000002220446049250313, -1022];[1, 1.5, -1022];[1, 1.5707963267948965579989817342721, -1021];[1, 1.0, -969];[1, 1.9999999999999997779553950749687, 1];[1, 1.6000000000000014210854715202004, -1026];[-1, 1.9999999999999995559107901499374, 1023];[-1, 1.4999999999999997779553950749687, 0];[-1, 1.9999999999999997779553950749687, -1];[-1, 1.9999999999999995559107901499374, -1];[-1, 0.0, 0];[1, 0.0, 0];[1, 1.0, -1074];[1, 1.0, -1022];[1, 1.9999999999999995559107901499374, -1];[1, 1.9999999999999997779553950749687, -1];[1, 1.0, 0];[1, 1.4999999999999997779553950749687, 0];[1, 1.5707963267948963359543768092408, 1];[1, 1.9999999999999997779553950749687, 52];[1, 1.9999999999999995559107901499374, 1023];[1, 1.5999999999999998667732370449812, -4];[-1, 1.9999999999999997779553950749687, 1023];[-1, 1.5, 0];[-1, 1.0, 0];[-1, 1.9999999999999997779553950749687, -1];[-1, 0.0, 0];[1, 0.0, 0];[1, 1.0, -1074];[1, 1.0, -1022];[1, 1.9999999999999997779553950749687, -1];[1, 1.0, 0];[1, 1.0000000000000002220446049250313, 0];[1, 1.5, 0];[1, 1.5707963267948965579989817342721, 1];[1, 1.0, 53];[1, 1.9999999999999997779553950749687, 1023];[1, 1.6000000000000000888178419700125, -4];[-1, inf];[-1, 1.5000000000000004440892098500626, 0];[-1, 1.0000000000000002220446049250313, 0];[-1, 1.0, 0];[-1, 0.0, 0];[1, 0.0, 0];[1, 1.0, -1074];[1, 1.0000000000000002220446049250313, -1022];[1, 1.0, 0];[1, 1.0000000000000002220446049250313, 0];[1, 1.0000000000000004440892098500626, 0];[1, 1.5000000000000004440892098500626, 0];[1, 1.5707963267948970020881915843347, 1];[1, 1.0000000000000002220446049250313, 53];[1, inf];[1, 1.6000000000000005329070518200751, -4];[-1, inf];[-1, 1.125, 1];[-1, 1.5, 0];[-1, 1.4999999999999997779553950749687, 0];[-1, 0.0, 0];[1, 0.0, 0];[1, 1.0, -1073];[1, 1.5, -1022];[1, 1.4999999999999997779553950749687, 0];[1, 1.5, 0];[1, 1.5000000000000004440892098500626, 0];[1, 1.125, 1];[1, 1.1780972450961724184992363007041, 2];[1, 1.5, 53];[1, inf];[1, 1.200000000000000177635683940025, -3];[-1, inf];[-1, 1.1780972450961724184992363007041, 2];[-1, 1.5707963267948965579989817342721, 1];[-1, 1.5707963267948963359543768092408, 1];[-1, 0.0, 0];[1, 0.0, 0];[1, 1.5, -1073];[1, 1.5707963267948965579989817342721, -1021];[1, 1.5707963267948963359543768092408, 1];[1, 1.5707963267948965579989817342721, 1];[1, 1.5707963267948970020881915843347, 1];[1, 1.1780972450961724184992363007041, 2];[1, 1.2337005501361697490381175157381, 3];[1, 1.5707963267948965579989817342721, 54];[1, inf];[1, 1.2566370614359172463991853874177, -2];[-1, inf];[-1, 1.5, 53];[-1, 1.0, 53];[-1, 1.9999999999999997779553950749687, 52];[-1, 0.0, 0];[1, 0.0, 0];[1, 1.0, -1021];[1, 1.0, -969];[1, 1.9999999999999997779553950749687, 52];[1, 1.0, 53];[1, 1.0000000000000002220446049250313, 53];[1, 1.5, 53];[1, 1.5707963267948965579989817342721, 54];[1, 1.0, 106];[1, inf];[1, 1.6000000000000000888178419700125, 49];[-1, inf];[-1, inf];[-1, 1.9999999999999997779553950749687, 1023];[-1, 1.9999999999999995559107901499374, 1023];[-1, 0.0, 0];[1, 0.0, 0];[1, 1.9999999999999997779553950749687, -51];[1, 1.9999999999999997779553950749687, 1];[1, 1.9999999999999995559107901499374, 1023];[1, 1.9999999999999997779553950749687, 1023];[1, inf];[1, inf];[1, inf];[1, inf];[1, inf];[1, 1.5999999999999998667732370449812, 1020];[-1, 1.5999999999999998667732370449812, 1020];[-1, 1.200000000000000177635683940025, -3];[-1, 1.6000000000000000888178419700125, -4];[-1, 1.5999999999999998667732370449812, -4];[-1, 0.0, 0];[1, 0.0, 0];[1, 0.0, 0];[1, 1.6000000000000014210854715202004, -1026];[1, 1.5999999999999998667732370449812, -4];[1, 1.6000000000000000888178419700125, -4];[1, 1.6000000000000005329070518200751, -4];[1, 1.200000000000000177635683940025, -3];[1, 1.2566370614359172463991853874177, -2];[1, 1.6000000000000000888178419700125, 49];[1, 1.5999999999999998667732370449812, 1020];[1, 1.2800000000000002486899575160351, -7]",256,0
A2_8_9,1,fractional|fractional,double,float,"fractional/L1/16:-max_finite,-1.5,-1.0,-(1.0-1ulp),-0.0,+0.0,+min_subnormal,+min_normal,1.0-1ulp,1.0,1.0+1ulp,1.5,pi,2^53,max_finite,0.1","fractional/L1/7:-1.5,-1.0,-0.0,+0.0,1.0,1.5,2^53",112,"[1, inf];[1, 1.9999999999999997779553950749687, 1023];[1, 0.0, 0];[-1, 0.0, 0];[-1, 1.9999999999999997779553950749687, 1023];[-1, inf];[-1, inf];[1, 1.125, 1];[1, 1.5, 0];[1, 0.0, 0];[-1, 0.0, 0];[-1, 1.5, 0];[-1, 1.125, 1];[-1, 1.5, 53];[1, 1.5, 0];[1, 1.0, 0];[1, 0.0, 0];[-1, 0.0, 0];[-1, 1.0, 0];[-1, 1.5, 0];[-1, 1.0, 53];[1, 1.4999999999999997779553950749687, 0];[1, 1.9999999999999997779553950749687, -1];[1, 0.0, 0];[-1, 0.0, 0];[-1, 1.9999999999999997779553950749687, -1];[-1, 1.4999999999999997779553950749687, 0];[-1, 1.9999999999999997779553950749687, 52];[1, 0.0, 0];[1, 0.0, 0];[1, 0.0, 0];[-1, 0.0, 0];[-1, 0.0, 0];[-1, 0.0, 0];[-1, 0.0, 0];[-1, 0.0, 0];[-1, 0.0, 0];[-1, 0.0, 0];[1, 0.0, 0];[1, 0.0, 0];[1, 0.0, 0];[1, 0.0, 0];[-1, 1.0, -1073];[-1, 1.0, -1074];[-1, 0.0, 0];[1, 0.0, 0];[1, 1.0, -1074];[1, 1.0, -1073];[1, 1.0, -1021];[-1, 1.5, -1022];[-1, 1.0, -1022];[-1, 0.0, 0];[1, 0.0, 0];[1, 1.0, -1022];[1, 1.5, -1022];[1, 1.0, -969];[-1, 1.4999999999999997779553950749687, 0];[-1, 1.9999999999999997779553950749687, -1];[-1, 0.0, 0];[1, 0.0, 0];[1, 1.9999999999999997779553950749687, -1];[1, 1.4999999999999997779553950749687, 0];[1, 1.9999999999999997779553950749687, 52];[-1, 1.5, 0];[-1, 1.0, 0];[-1, 0.0, 0];[1, 0.0, 0];[1, 1.0, 0];[1, 1.5, 0];[1, 1.0, 53];[-1, 1.5000000000000004440892098500626, 0];[-1, 1.0000000000000002220446049250313, 0];[-1, 0.0, 0];[1, 0.0, 0];[1, 1.0000000000000002220446049250313, 0];[1, 1.5000000000000004440892098500626, 0];[1, 1.0000000000000002220446049250313, 53];[-1, 1.125, 1];[-1, 1.5, 0];[-1, 0.0, 0];[1, 0.0, 0];[1, 1.5, 0];[1, 1.125, 1];[1, 1.5, 53];[-1, 1.1780972450961724184992363007041, 2];[-1, 1.5707963267948965579989817342721, 1];[-1, 0.0, 0];[1, 0.0, 0];[1, 1.5707963267948965579989817342721, 1];[1, 1.1780972450961724184992363007041, 2];[1, 1.5707963267948965579989817342721, 54];[-1, 1.5, 53];[-1, 1.0, 53];[-1, 0.0, 0];[1, 0.0, 0];[1, 1.0, 53];[1, 1.5, 53];[1, 1.0, 106];[-1, inf];[-1, 1.9999999999999997779553950749687, 1023];[-1, 0.0, 0];[1, 0.0, 0];[1, 1.9999999999999997779553950749687, 1023];[1, inf];[1, inf];[-1, 1.200000000000000177635683940025, -3];[-1, 1.6000000000000000888178419700125, -4];[-1, 0.0, 0];[1, 0.0, 0];[1, 1.6000000000000000888178419700125, -4];[1, 1.200000000000000177635683940025, -3];[1, 1.6000000000000000888178419700125, 49]",112,0
A2_9_3,1,fractional|truth,float,bool,"fractional/L1/7:-1.5,-1.0,-0.0,+0.0,1.0,1.5,2^53","truth/L1/2:true,false",14,"[-1, 1.5, 0];[-1, 0.0, 0];[-1, 1.0, 0];[-1, 0.0, 0];[-1, 0.0, 0];[-1, 0.0, 0];[1, 0.0, 0];[1, 0.0, 0];[1, 1.0, 0];[1, 0.0, 0];[1, 1.5, 0];[1, 0.0, 0];[1, 1.0, 53];[1, 0.0, 0]",14,0
A2_9_4,1,fractional|whole,float,int32_t,"fractional/L1/7:-1.5,-1.0,-0.0,+0.0,1.0,1.5,2^53","whole/L1/9:-2^31,-42,-1,0,1,7,42,1000,2^31-1",63,"[1, 1.5, 31];[1, 1.96875, 5];[1, 1.5, 0];[-1, 0.0, 0];[-1, 1.5, 0];[-1, 1.3125, 3];[-1, 1.96875, 5];[-1, 1.46484375, 10];[-1, 1.5, 31];[1, 1.0, 31];[1, 1.3125, 5];[1, 1.0, 0];[-1, 0.0, 0];[-1, 1.0, 0];[-1, 1.75, 2];[-1, 1.3125, 5];[-1, 1.953125, 9];[-1, 1.0, 31];[1, 0.0, 0];[1, 0.0, 0];[1, 0.0, 0];[-1, 0.0, 0];[-1, 0.0, 0];[-1, 0.0, 0];[-1, 0.0, 0];[-1, 0.0, 0];[-1, 0.0, 0];[-1, 0.0, 0];[-1, 0.0, 0];[-1, 0.0, 0];[1, 0.0, 0];[1, 0.0, 0];[1, 0.0, 0];[1, 0.0, 0];[1, 0.0, 0];[1, 0.0, 0];[-1, 1.0, 31];[-1, 1.3125, 5];[-1, 1.0, 0];[1, 0.0, 0];[1, 1.0, 0];[1, 1.75, 2];[1, 1.3125, 5];[1, 1.953125, 9];[1, 1.0, 31];[-1, 1.5, 31];[-1, 1.96875, 5];[-1, 1.5, 0];[1, 0.0, 0];[1, 1.5, 0];[1, 1.3125, 3];[1, 1.96875, 5];[1, 1.46484375, 10];[1, 1.5, 31];[-1, 1.0, 84];[-1, 1.3125, 58];[-1, 1.0, 53];[1, 0.0, 0];[1, 1.0, 53];[1, 1.75, 55];[1, 1.3125, 58];[1, 1.953125, 62];[1, 1.0, 84]",63,0
A2_9_5,1,fractional|whole,float,int64_t,"fractional/L1/7:-1.5,-1.0,-0.0,+0.0,1.0,1.5,2^53","whole/L1/16:-2^63,-2^63+1,-2^53-1,-2^31,-42,-1,0,1,7,42,1000,2^31-1,2^31,2^53-1,2^53+1,2^63-1",112,"[1, 1.5, 63];[1, 1.5, 63];[1, 1.5, 53];[1, 1.5, 31];[1, 1.96875, 5];[1, 1.5, 0];[-1, 0.0, 0];[-1, 1.5, 0];[-1, 1.3125, 3];[-1, 1.96875, 5];[-1, 1.46484375, 10];[-1, 1.5, 31];[-1, 1.5, 31];[-1, 1.5, 53];[-1, 1.5, 53];[-1, 1.5, 63];[1, 1.0, 63];[1, 1.0, 63];[1, 1.0, 53];[1, 1.0, 31];[1, 1.3125, 5];[1, 1.0, 0];[-1, 0.0, 0];[-1, 1.0, 0];[-1, 1.75, 2];[-1, 1.3125, 5];[-1, 1.953125, 9];[-1, 1.0, 31];[-1, 1.0, 31];[-1, 1.0, 53];[-1, 1.0, 53];[-1, 1.0, 63];[1, 0.0, 0];[1, 0.0, 0];[1, 0.0, 0];[1, 0.0, 0];[1, 0.0, 0];[1, 0.0, 0];[-1, 0.0, 0];[-1, 0.0, 0];[-1, 0.0, 0];[-1, 0.0, 0];[-1, 0.0, 0];[-1, 0.0, 0];[-1, 0.0, 0];[-1, 0.0, 0];[-1, 0.0, 0];[-1, 0.0, 0];[-1, 0.0, 0];[-1, 0.0, 0];[-1, 0.0, 0];[-1, 0.0, 0];[-1, 0.0, 0];[-1, 0.0, 0];[1, 0.0, 0];[1, 0.0, 0];[1, 0.0, 0];[1, 0.0, 0];[1, 0.0, 0];[1, 0.0, 0];[1, 0.0, 0];[1, 0.0, 0];[1, 0.0, 0];[1, 0.0, 0];[-1, 1.0, 63];[-1, 1.0, 63];[-1, 1.0, 53];[-1, 1.0, 31];[-1, 1.3125, 5];[-1, 1.0, 0];[1, 0.0, 0];[1, 1.0, 0];[1, 1.75, 2];[1, 1.3125, 5];[1, 1.953125, 9];[1, 1.0, 31];[1, 1.0, 31];[1, 1.0, 53];[1, 1.0, 53];[1, 1.0, 63];[-1, 1.5, 63];[-1, 1.5, 63];[-1, 1.5, 53];[-1, 1.5, 31];[-1, 1.96875, 5];[-1, 1.5, 0];[1, 0.0, 0];[1, 1.5, 0];[1, 1.3125, 3];[1, 1.96875, 5];[1, 1.46484375, 10];[1, 1.5, 31];[1, 1.5, 31];[1, 1.5, 53];[1, 1.5, 53];[1, 1.5, 63];[-1, 1.0, 116];[-1, 1.0, 116];[-1, 1.0, 106];[-1, 1.0, 84];[-1, 1.3125, 58];[-1, 1.0, 53];[1, 0.0, 0];[1, 1.0, 53];[1, 1.75, 55];[1, 1.3125, 58];[1, 1.953125, 62];[1, 1.0, 84];[1, 1.0, 84];[1, 1.0, 106];[1, 1.0, 106];[1, 1.0, 116]",112,0
A2_9_6,1,fractional|whole,float,uint64_t,"fractional/L1/7:-1.5,-1.0,-0.0,+0.0,1.0,1.5,2^53","whole/L1/11:0,1,7,42,1000,2^31-1,2^31,2^53-1,2^53+1,2^63-1,2^64-1",77,"REFUSE;[-1, 1.5, 0];[-1, 1.3125, 3];[-1, 1.96875, 5];[-1, 1.46484375, 10];[-1, 1.5, 31];[-1, 1.5, 31];[-1, 1.5, 53];[-1, 1.5, 53];[-1, 1.5, 63];[-1, 1.5, 64];REFUSE;[-1, 1.0, 0];[-1, 1.75, 2];[-1, 1.3125, 5];[-1, 1.953125, 9];[-1, 1.0, 31];[-1, 1.0, 31];[-1, 1.0, 53];[-1, 1.0, 53];[-1, 1.0, 63];[-1, 1.0, 64];REFUSE;[-1, 0.0, 0];[-1, 0.0, 0];[-1, 0.0, 0];[-1, 0.0, 0];[-1, 0.0, 0];[-1, 0.0, 0];[-1, 0.0, 0];[-1, 0.0, 0];[-1, 0.0, 0];[-1, 0.0, 0];REFUSE;[1, 0.0, 0];[1, 0.0, 0];[1, 0.0, 0];[1, 0.0, 0];[1, 0.0, 0];[1, 0.0, 0];[1, 0.0, 0];[1, 0.0, 0];[1, 0.0, 0];[1, 0.0, 0];REFUSE;[1, 1.0, 0];[1, 1.75, 2];[1, 1.3125, 5];[1, 1.953125, 9];[1, 1.0, 31];[1, 1.0, 31];[1, 1.0, 53];[1, 1.0, 53];[1, 1.0, 63];[1, 1.0, 64];REFUSE;[1, 1.5, 0];[1, 1.3125, 3];[1, 1.96875, 5];[1, 1.46484375, 10];[1, 1.5, 31];[1, 1.5, 31];[1, 1.5, 53];[1, 1.5, 53];[1, 1.5, 63];[1, 1.5, 64];REFUSE;[1, 1.0, 53];[1, 1.75, 55];[1, 1.3125, 58];[1, 1.953125, 62];[1, 1.0, 84];[1, 1.0, 84];[1, 1.0, 106];[1, 1.0, 106];[1, 1.0, 116];[1, 1.0, 117]",70,7
A2_9_7,1,fractional|whole,float,__int128,"fractional/L1/7:-1.5,-1.0,-0.0,+0.0,1.0,1.5,2^53","whole/L1/17:-2^63,-2^63+1,-2^53-1,-2^31,-42,-1,0,1,7,42,1000,2^31-1,2^31,2^53-1,2^53+1,2^63-1,2^64-1",119,"[1, 1.5, 63];[1, 1.5, 63];[1, 1.5, 53];[1, 1.5, 31];[1, 1.96875, 5];[1, 1.5, 0];[-1, 0.0, 0];[-1, 1.5, 0];[-1, 1.3125, 3];[-1, 1.96875, 5];[-1, 1.46484375, 10];[-1, 1.5, 31];[-1, 1.5, 31];[-1, 1.5, 53];[-1, 1.5, 53];[-1, 1.5, 63];[-1, 1.5, 64];[1, 1.0, 63];[1, 1.0, 63];[1, 1.0, 53];[1, 1.0, 31];[1, 1.3125, 5];[1, 1.0, 0];[-1, 0.0, 0];[-1, 1.0, 0];[-1, 1.75, 2];[-1, 1.3125, 5];[-1, 1.953125, 9];[-1, 1.0, 31];[-1, 1.0, 31];[-1, 1.0, 53];[-1, 1.0, 53];[-1, 1.0, 63];[-1, 1.0, 64];[1, 0.0, 0];[1, 0.0, 0];[1, 0.0, 0];[1, 0.0, 0];[1, 0.0, 0];[1, 0.0, 0];[-1, 0.0, 0];[-1, 0.0, 0];[-1, 0.0, 0];[-1, 0.0, 0];[-1, 0.0, 0];[-1, 0.0, 0];[-1, 0.0, 0];[-1, 0.0, 0];[-1, 0.0, 0];[-1, 0.0, 0];[-1, 0.0, 0];[-1, 0.0, 0];[-1, 0.0, 0];[-1, 0.0, 0];[-1, 0.0, 0];[-1, 0.0, 0];[-1, 0.0, 0];[1, 0.0, 0];[1, 0.0, 0];[1, 0.0, 0];[1, 0.0, 0];[1, 0.0, 0];[1, 0.0, 0];[1, 0.0, 0];[1, 0.0, 0];[1, 0.0, 0];[1, 0.0, 0];[1, 0.0, 0];[-1, 1.0, 63];[-1, 1.0, 63];[-1, 1.0, 53];[-1, 1.0, 31];[-1, 1.3125, 5];[-1, 1.0, 0];[1, 0.0, 0];[1, 1.0, 0];[1, 1.75, 2];[1, 1.3125, 5];[1, 1.953125, 9];[1, 1.0, 31];[1, 1.0, 31];[1, 1.0, 53];[1, 1.0, 53];[1, 1.0, 63];[1, 1.0, 64];[-1, 1.5, 63];[-1, 1.5, 63];[-1, 1.5, 53];[-1, 1.5, 31];[-1, 1.96875, 5];[-1, 1.5, 0];[1, 0.0, 0];[1, 1.5, 0];[1, 1.3125, 3];[1, 1.96875, 5];[1, 1.46484375, 10];[1, 1.5, 31];[1, 1.5, 31];[1, 1.5, 53];[1, 1.5, 53];[1, 1.5, 63];[1, 1.5, 64];[-1, 1.0, 116];[-1, 1.0, 116];[-1, 1.0, 106];[-1, 1.0, 84];[-1, 1.3125, 58];[-1, 1.0, 53];[1, 0.0, 0];[1, 1.0, 53];[1, 1.75, 55];[1, 1.3125, 58];[1, 1.953125, 62];[1, 1.0, 84];[1, 1.0, 84];[1, 1.0, 106];[1, 1.0, 106];[1, 1.0, 116];[1, 1.0, 117]",119,0
A2_9_8,1,fractional|fractional,float,double,"fractional/L1/7:-1.5,-1.0,-0.0,+0.0,1.0,1.5,2^53","fractional/L1/16:-max_finite,-1.5,-1.0,-(1.0-1ulp),-0.0,+0.0,+min_subnormal,+min_normal,1.0-1ulp,1.0,1.0+1ulp,1.5,pi,2^53,max_finite,0.1",112,"[1, inf];[1, 1.125, 1];[1, 1.5, 0];[1, 1.4999999999999997779553950749687, 0];[1, 0.0, 0];[-1, 0.0, 0];[-1, 1.0, -1073];[-1, 1.5, -1022];[-1, 1.4999999999999997779553950749687, 0];[-1, 1.5, 0];[-1, 1.5000000000000004440892098500626, 0];[-1, 1.125, 1];[-1, 1.1780972450961724184992363007041, 2];[-1, 1.5, 53];[-1, inf];[-1, 1.200000000000000177635683940025, -3];[1, 1.9999999999999997779553950749687, 1023];[1, 1.5, 0];[1, 1.0, 0];[1, 1.9999999999999997779553950749687, -1];[1, 0.0, 0];[-1, 0.0, 0];[-1, 1.0, -1074];[-1, 1.0, -1022];[-1, 1.9999999999999997779553950749687, -1];[-1, 1.0, 0];[-1, 1.0000000000000002220446049250313, 0];[-1, 1.5, 0];[-1, 1.5707963267948965579989817342721, 1];[-1, 1.0, 53];[-1, 1.9999999999999997779553950749687, 1023];[-1, 1.6000000000000000888178419700125, -4];[1, 0.0, 0];[1, 0.0, 0];[1, 0.0, 0];[1, 0.0, 0];[1, 0.0, 0];[-1, 0.0, 0];[-1, 0.0, 0];[-1, 0.0, 0];[-1, 0.0, 0];[-1, 0.0, 0];[-1, 0.0, 0];[-1, 0.0, 0];[-1, 0.0, 0];[-1, 0.0, 0];[-1, 0.0, 0];[-1, 0.0, 0];[-1, 0.0, 0];[-1, 0.0, 0];[-1, 0.0, 0];[-1, 0.0, 0];[-1, 0.0, 0];[1, 0.0, 0];[1, 0.0, 0];[1, 0.0, 0];[1, 0.0, 0];[1, 0.0, 0];[1, 0.0, 0];[1, 0.0, 0];[1, 0.0, 0];[1, 0.0, 0];[1, 0.0, 0];[1, 0.0, 0];[-1, 1.9999999999999997779553950749687, 1023];[-1, 1.5, 0];[-1, 1.0, 0];[-1, 1.9999999999999997779553950749687, -1];[-1, 0.0, 0];[1, 0.0, 0];[1, 1.0, -1074];[1, 1.0, -1022];[1, 1.9999999999999997779553950749687, -1];[1, 1.0, 0];[1, 1.0000000000000002220446049250313, 0];[1, 1.5, 0];[1, 1.5707963267948965579989817342721, 1];[1, 1.0, 53];[1, 1.9999999999999997779553950749687, 1023];[1, 1.6000000000000000888178419700125, -4];[-1, inf];[-1, 1.125, 1];[-1, 1.5, 0];[-1, 1.4999999999999997779553950749687, 0];[-1, 0.0, 0];[1, 0.0, 0];[1, 1.0, -1073];[1, 1.5, -1022];[1, 1.4999999999999997779553950749687, 0];[1, 1.5, 0];[1, 1.5000000000000004440892098500626, 0];[1, 1.125, 1];[1, 1.1780972450961724184992363007041, 2];[1, 1.5, 53];[1, inf];[1, 1.200000000000000177635683940025, -3];[-1, inf];[-1, 1.5, 53];[-1, 1.0, 53];[-1, 1.9999999999999997779553950749687, 52];[-1, 0.0, 0];[1, 0.0, 0];[1, 1.0, -1021];[1, 1.0, -969];[1, 1.9999999999999997779553950749687, 52];[1, 1.0, 53];[1, 1.0000000000000002220446049250313, 53];[1, 1.5, 53];[1, 1.5707963267948965579989817342721, 54];[1, 1.0, 106];[1, inf];[1, 1.6000000000000000888178419700125, 49]",112,0
A2_9_9,1,fractional|fractional,float,float,"fractional/L1/7:-1.5,-1.0,-0.0,+0.0,1.0,1.5,2^53","fractional/L1/7:-1.5,-1.0,-0.0,+0.0,1.0,1.5,2^53",49,"[1, 1.125, 1];[1, 1.5, 0];[1, 0.0, 0];[-1, 0.0, 0];[-1, 1.5, 0];[-1, 1.125, 1];[-1, 1.5, 53];[1, 1.5, 0];[1, 1.0, 0];[1, 0.0, 0];[-1, 0.0, 0];[-1, 1.0, 0];[-1, 1.5, 0];[-1, 1.0, 53];[1, 0.0, 0];[1, 0.0, 0];[1, 0.0, 0];[-1, 0.0, 0];[-1, 0.0, 0];[-1, 0.0, 0];[-1, 0.0, 0];[-1, 0.0, 0];[-1, 0.0, 0];[-1, 0.0, 0];[1, 0.0, 0];[1, 0.0, 0];[1, 0.0, 0];[1, 0.0, 0];[-1, 1.5, 0];[-1, 1.0, 0];[-1, 0.0, 0];[1, 0.0, 0];[1, 1.0, 0];[1, 1.5, 0];[1, 1.0, 53];[-1, 1.125, 1];[-1, 1.5, 0];[-1, 0.0, 0];[1, 0.0, 0];[1, 1.5, 0];[1, 1.125, 1];[1, 1.5, 53];[-1, 1.5, 53];[-1, 1.0, 53];[-1, 0.0, 0];[1, 0.0, 0];[1, 1.0, 53];[1, 1.5, 53];[1, 1.0, 106]",49,0
