probe_id,level,form_pair,lhs_holder,rhs_holder,x_set_a,x_set_b,n_probes,output_canon_vector,n_values,n_declines
A16_1_1,1,truth|truth,bool,bool,"truth/L1/6:true,false,0,1,"""",nil","truth/L1/6:true,false,0,1,"""",nil",36,"[1, 1.0, 0];RAISE:ZeroDivisionError;RAISE:ZeroDivisionError;[1, 1.0, 0];RAISE:TypeError;RAISE:TypeError;[1, 0.0, 0];RAISE:ZeroDivisionError;RAISE:ZeroDivisionError;[1, 0.0, 0];RAISE:TypeError;RAISE:TypeError;[1, 0.0, 0];RAISE:ZeroDivisionError;RAISE:ZeroDivisionError;[1, 0.0, 0];RAISE:TypeError;RAISE:TypeError;[1, 1.0, 0];RAISE:ZeroDivisionError;RAISE:ZeroDivisionError;[1, 1.0, 0];RAISE:TypeError;RAISE:TypeError;RAISE:TypeError;RAISE:TypeError;RAISE:TypeError;RAISE:TypeError;RAISE:TypeError;RAISE:TypeError;RAISE:TypeError;RAISE:TypeError;RAISE:TypeError;RAISE:TypeError;RAISE:TypeError;RAISE:TypeError",8,28
A16_1_2,1,truth|whole,bool,int,"truth/L1/6:true,false,0,1,"""",nil","whole/L1/17:-2^63,-2^63+1,-2^53-1,-2^31,-42,-1,0,1,7,42,1000,2^31-1,2^31,2^53-1,2^53+1,2^63-1,2^64-1",102,"[-1, 1.0, 0];[-1, 1.0, 0];[-1, 1.0, 0];[-1, 1.0, 0];[-1, 1.0, 0];[-1, 1.0, 0];RAISE:ZeroDivisionError;[1, 1.0, 0];[1, 0.0, 0];[1, 0.0, 0];[1, 0.0, 0];[1, 0.0, 0];[1, 0.0, 0];[1, 0.0, 0];[1, 0.0, 0];[1, 0.0, 0];[1, 0.0, 0];[1, 0.0, 0];[1, 0.0, 0];[1, 0.0, 0];[1, 0.0, 0];[1, 0.0, 0];[1, 0.0, 0];RAISE:ZeroDivisionError;[1, 0.0, 0];[1, 0.0, 0];[1, 0.0, 0];[1, 0.0, 0];[1, 0.0, 0];[1, 0.0, 0];[1, 0.0, 0];[1, 0.0, 0];[1, 0.0, 0];[1, 0.0, 0];[1, 0.0, 0];[1, 0.0, 0];[1, 0.0, 0];[1, 0.0, 0];[1, 0.0, 0];[1, 0.0, 0];RAISE:ZeroDivisionError;[1, 0.0, 0];[1, 0.0, 0];[1, 0.0, 0];[1, 0.0, 0];[1, 0.0, 0];[1, 0.0, 0];[1, 0.0, 0];[1, 0.0, 0];[1, 0.0, 0];[1, 0.0, 0];[-1, 1.0, 0];[-1, 1.0, 0];[-1, 1.0, 0];[-1, 1.0, 0];[-1, 1.0, 0];[-1, 1.0, 0];RAISE:ZeroDivisionError;[1, 1.0, 0];[1, 0.0, 0];[1, 0.0, 0];[1, 0.0, 0];[1, 0.0, 0];[1, 0.0, 0];[1, 0.0, 0];[1, 0.0, 0];[1, 0.0, 0];[1, 0.0, 0];RAISE:TypeError;RAISE:TypeError;RAISE:TypeError;RAISE:TypeError;RAISE:TypeError;RAISE:TypeError;RAISE:TypeError;RAISE:TypeError;RAISE:TypeError;RAISE:TypeError;RAISE:TypeError;RAISE:TypeError;RAISE:TypeError;RAISE:TypeError;RAISE:TypeError;RAISE:TypeError;RAISE:TypeError;RAISE:TypeError;RAISE:TypeError;RAISE:TypeError;RAISE:TypeError;RAISE:TypeError;RAISE:TypeError;RAISE:TypeError;RAISE:TypeError;RAISE:TypeError;RAISE:TypeError;RAISE:TypeError;RAISE:TypeError;RAISE:TypeError;RAISE:TypeError;RAISE:TypeError;RAISE:TypeError;RAISE:TypeError",64,38
A16_1_3,1,truth|whole,bool,Decimal,"truth/L1/6:true,false,0,1,"""",nil","whole/L1/17:-2^63,-2^63+1,-2^53-1,-2^31,-42,-1,0,1,7,42,1000,2^31-1,2^31,2^53-1,2^53+1,2^63-1,2^64-1",102,"[-1, 0.0, 0];[-1, 0.0, 0];[-1, 0.0, 0];[-1, 0.0, 0];[-1, 0.0, 0];[-1, 1.0, 0];RAISE:DivisionByZero;[1, 1.0, 0];[1, 0.0, 0];[1, 0.0, 0];[1, 0.0, 0];[1, 0.0, 0];[1, 0.0, 0];[1, 0.0, 0];[1, 0.0, 0];[1, 0.0, 0];[1, 0.0, 0];[-1, 0.0, 0];[-1, 0.0, 0];[-1, 0.0, 0];[-1, 0.0, 0];[-1, 0.0, 0];[-1, 0.0, 0];RAISE:InvalidOperation;[1, 0.0, 0];[1, 0.0, 0];[1, 0.0, 0];[1, 0.0, 0];[1, 0.0, 0];[1, 0.0, 0];[1, 0.0, 0];[1, 0.0, 0];[1, 0.0, 0];[1, 0.0, 0];[-1, 0.0, 0];[-1, 0.0, 0];[-1, 0.0, 0];[-1, 0.0, 0];[-1, 0.0, 0];[-1, 0.0, 0];RAISE:InvalidOperation;[1, 0.0, 0];[1, 0.0, 0];[1, 0.0, 0];[1, 0.0, 0];[1, 0.0, 0];[1, 0.0, 0];[1, 0.0, 0];[1, 0.0, 0];[1, 0.0, 0];[1, 0.0, 0];[-1, 0.0, 0];[-1, 0.0, 0];[-1, 0.0, 0];[-1, 0.0, 0];[-1, 0.0, 0];[-1, 1.0, 0];RAISE:DivisionByZero;[1, 1.0, 0];[1, 0.0, 0];[1, 0.0, 0];[1, 0.0, 0];[1, 0.0, 0];[1, 0.0, 0];[1, 0.0, 0];[1, 0.0, 0];[1, 0.0, 0];[1, 0.0, 0];RAISE:TypeError;RAISE:TypeError;RAISE:TypeError;RAISE:TypeError;RAISE:TypeError;RAISE:TypeError;RAISE:TypeError;RAISE:TypeError;RAISE:TypeError;RAISE:TypeError;RAISE:TypeError;RAISE:TypeError;RAISE:TypeError;RAISE:TypeError;RAISE:TypeError;RAISE:TypeError;RAISE:TypeError;RAISE:TypeError;RAISE:TypeError;RAISE:TypeError;RAISE:TypeError;RAISE:TypeError;RAISE:TypeError;RAISE:TypeError;RAISE:TypeError;RAISE:TypeError;RAISE:TypeError;RAISE:TypeError;RAISE:TypeError;RAISE:TypeError;RAISE:TypeError;RAISE:TypeError;RAISE:TypeError;RAISE:TypeError",64,38
A16_1_4,1,truth|whole,bool,Fraction,"truth/L1/6:true,false,0,1,"""",nil","whole/L1/17:-2^63,-2^63+1,-2^53-1,-2^31,-42,-1,0,1,7,42,1000,2^31-1,2^31,2^53-1,2^53+1,2^63-1,2^64-1",102,"[-1, 1.0, 0];[-1, 1.0, 0];[-1, 1.0, 0];[-1, 1.0, 0];[-1, 1.0, 0];[-1, 1.0, 0];RAISE:ZeroDivisionError;[1, 1.0, 0];[1, 0.0, 0];[1, 0.0, 0];[1, 0.0, 0];[1, 0.0, 0];[1, 0.0, 0];[1, 0.0, 0];[1, 0.0, 0];[1, 0.0, 0];[1, 0.0, 0];[1, 0.0, 0];[1, 0.0, 0];[1, 0.0, 0];[1, 0.0, 0];[1, 0.0, 0];[1, 0.0, 0];RAISE:ZeroDivisionError;[1, 0.0, 0];[1, 0.0, 0];[1, 0.0, 0];[1, 0.0, 0];[1, 0.0, 0];[1, 0.0, 0];[1, 0.0, 0];[1, 0.0, 0];[1, 0.0, 0];[1, 0.0, 0];[1, 0.0, 0];[1, 0.0, 0];[1, 0.0, 0];[1, 0.0, 0];[1, 0.0, 0];[1, 0.0, 0];RAISE:ZeroDivisionError;[1, 0.0, 0];[1, 0.0, 0];[1, 0.0, 0];[1, 0.0, 0];[1, 0.0, 0];[1, 0.0, 0];[1, 0.0, 0];[1, 0.0, 0];[1, 0.0, 0];[1, 0.0, 0];[-1, 1.0, 0];[-1, 1.0, 0];[-1, 1.0, 0];[-1, 1.0, 0];[-1, 1.0, 0];[-1, 1.0, 0];RAISE:ZeroDivisionError;[1, 1.0, 0];[1, 0.0, 0];[1, 0.0, 0];[1, 0.0, 0];[1, 0.0, 0];[1, 0.0, 0];[1, 0.0, 0];[1, 0.0, 0];[1, 0.0, 0];[1, 0.0, 0];RAISE:TypeError;RAISE:TypeError;RAISE:TypeError;RAISE:TypeError;RAISE:TypeError;RAISE:TypeError;RAISE:TypeError;RAISE:TypeError;RAISE:TypeError;RAISE:TypeError;RAISE:TypeError;RAISE:TypeError;RAISE:TypeError;RAISE:TypeError;RAISE:TypeError;RAISE:TypeError;RAISE:TypeError;RAISE:TypeError;RAISE:TypeError;RAISE:TypeError;RAISE:TypeError;RAISE:TypeError;RAISE:TypeError;RAISE:TypeError;RAISE:TypeError;RAISE:TypeError;RAISE:TypeError;RAISE:TypeError;RAISE:TypeError;RAISE:TypeError;RAISE:TypeError;RAISE:TypeError;RAISE:TypeError;RAISE:TypeError",64,38
A16_1_5,1,truth|whole,bool,c_int64,"truth/L1/6:true,false,0,1,"""",nil","whole/L1/16:-2^63,-2^63+1,-2^53-1,-2^31,-42,-1,0,1,7,42,1000,2^31-1,2^31,2^53-1,2^53+1,2^63-1",96,"[-1, 1.0, 0];[-1, 1.0, 0];[-1, 1.0, 0];[-1, 1.0, 0];[-1, 1.0, 0];[-1, 1.0, 0];RAISE:ZeroDivisionError;[1, 1.0, 0];[1, 0.0, 0];[1, 0.0, 0];[1, 0.0, 0];[1, 0.0, 0];[1, 0.0, 0];[1, 0.0, 0];[1, 0.0, 0];[1, 0.0, 0];[1, 0.0, 0];[1, 0.0, 0];[1, 0.0, 0];[1, 0.0, 0];[1, 0.0, 0];[1, 0.0, 0];RAISE:ZeroDivisionError;[1, 0.0, 0];[1, 0.0, 0];[1, 0.0, 0];[1, 0.0, 0];[1, 0.0, 0];[1, 0.0, 0];[1, 0.0, 0];[1, 0.0, 0];[1, 0.0, 0];[1, 0.0, 0];[1, 0.0, 0];[1, 0.0, 0];[1, 0.0, 0];[1, 0.0, 0];[1, 0.0, 0];RAISE:ZeroDivisionError;[1, 0.0, 0];[1, 0.0, 0];[1, 0.0, 0];[1, 0.0, 0];[1, 0.0, 0];[1, 0.0, 0];[1, 0.0, 0];[1, 0.0, 0];[1, 0.0, 0];[-1, 1.0, 0];[-1, 1.0, 0];[-1, 1.0, 0];[-1, 1.0, 0];[-1, 1.0, 0];[-1, 1.0, 0];RAISE:ZeroDivisionError;[1, 1.0, 0];[1, 0.0, 0];[1, 0.0, 0];[1, 0.0, 0];[1, 0.0, 0];[1, 0.0, 0];[1, 0.0, 0];[1, 0.0, 0];[1, 0.0, 0];RAISE:TypeError;RAISE:TypeError;RAISE:TypeError;RAISE:TypeError;RAISE:TypeError;RAISE:TypeError;RAISE:TypeError;RAISE:TypeError;RAISE:TypeError;RAISE:TypeError;RAISE:TypeError;RAISE:TypeError;RAISE:TypeError;RAISE:TypeError;RAISE:TypeError;RAISE:TypeError;RAISE:TypeError;RAISE:TypeError;RAISE:TypeError;RAISE:TypeError;RAISE:TypeError;RAISE:TypeError;RAISE:TypeError;RAISE:TypeError;RAISE:TypeError;RAISE:TypeError;RAISE:TypeError;RAISE:TypeError;RAISE:TypeError;RAISE:TypeError;RAISE:TypeError;RAISE:TypeError",60,36
A16_1_6,1,truth|fractional,bool,float,"truth/L1/6:true,false,0,1,"""",nil","fractional/L1/16:-max_finite,-1.5,-1.0,-(1.0-1ulp),-0.0,+0.0,+min_subnormal,+min_normal,1.0-1ulp,1.0,1.0+1ulp,1.5,pi,2^53,max_finite,0.1",96,"[-1, 1.0, 0];[-1, 1.0, 0];[-1, 1.0, 0];[-1, 1.0, 1];RAISE:ZeroDivisionError;RAISE:ZeroDivisionError;[1, inf];[1, 1.0, 1022];[1, 1.0, 0];[1, 1.0, 0];[1, 0.0, 0];[1, 0.0, 0];[1, 0.0, 0];[1, 0.0, 0];[1, 0.0, 0];[1, 1.125, 3];[-1, 0.0, 0];[-1, 0.0, 0];[-1, 0.0, 0];[-1, 0.0, 0];RAISE:ZeroDivisionError;RAISE:ZeroDivisionError;[1, 0.0, 0];[1, 0.0, 0];[1, 0.0, 0];[1, 0.0, 0];[1, 0.0, 0];[1, 0.0, 0];[1, 0.0, 0];[1, 0.0, 0];[1, 0.0, 0];[1, 0.0, 0];[-1, 0.0, 0];[-1, 0.0, 0];[-1, 0.0, 0];[-1, 0.0, 0];RAISE:ZeroDivisionError;RAISE:ZeroDivisionError;[1, 0.0, 0];[1, 0.0, 0];[1, 0.0, 0];[1, 0.0, 0];[1, 0.0, 0];[1, 0.0, 0];[1, 0.0, 0];[1, 0.0, 0];[1, 0.0, 0];[1, 0.0, 0];[-1, 1.0, 0];[-1, 1.0, 0];[-1, 1.0, 0];[-1, 1.0, 1];RAISE:ZeroDivisionError;RAISE:ZeroDivisionError;[1, inf];[1, 1.0, 1022];[1, 1.0, 0];[1, 1.0, 0];[1, 0.0, 0];[1, 0.0, 0];[1, 0.0, 0];[1, 0.0, 0];[1, 0.0, 0];[1, 1.125, 3];RAISE:TypeError;RAISE:TypeError;RAISE:TypeError;RAISE:TypeError;RAISE:TypeError;RAISE:TypeError;RAISE:TypeError;RAISE:TypeError;RAISE:TypeError;RAISE:TypeError;RAISE:TypeError;RAISE:TypeError;RAISE:TypeError;RAISE:TypeError;RAISE:TypeError;RAISE:TypeError;RAISE:TypeError;RAISE:TypeError;RAISE:TypeError;RAISE:TypeError;RAISE:TypeError;RAISE:TypeError;RAISE:TypeError;RAISE:TypeError;RAISE:TypeError;RAISE:TypeError;RAISE:TypeError;RAISE:TypeError;RAISE:TypeError;RAISE:TypeError;RAISE:TypeError;RAISE:TypeError",56,40
A16_1_7,1,truth|fractional,bool,Decimal,"truth/L1/6:true,false,0,1,"""",nil","fractional/L1/16:-max_finite,-1.5,-1.0,-(1.0-1ulp),-0.0,+0.0,+min_subnormal,+min_normal,1.0-1ulp,1.0,1.0+1ulp,1.5,pi,2^53,max_finite,0.1",96,"[-1, 0.0, 0];[-1, 0.0, 0];[-1, 1.0, 0];[-1, 1.0, 0];RAISE:DivisionByZero;RAISE:DivisionByZero;RAISE:InvalidOperation;RAISE:InvalidOperation;[1, 1.0, 0];[1, 1.0, 0];[1, 0.0, 0];[1, 0.0, 0];[1, 0.0, 0];[1, 0.0, 0];[1, 0.0, 0];[1, 1.25, 3];[-1, 0.0, 0];[-1, 0.0, 0];[-1, 0.0, 0];[-1, 0.0, 0];RAISE:InvalidOperation;RAISE:InvalidOperation;[1, 0.0, 0];[1, 0.0, 0];[1, 0.0, 0];[1, 0.0, 0];[1, 0.0, 0];[1, 0.0, 0];[1, 0.0, 0];[1, 0.0, 0];[1, 0.0, 0];[1, 0.0, 0];[-1, 0.0, 0];[-1, 0.0, 0];[-1, 0.0, 0];[-1, 0.0, 0];RAISE:InvalidOperation;RAISE:InvalidOperation;[1, 0.0, 0];[1, 0.0, 0];[1, 0.0, 0];[1, 0.0, 0];[1, 0.0, 0];[1, 0.0, 0];[1, 0.0, 0];[1, 0.0, 0];[1, 0.0, 0];[1, 0.0, 0];[-1, 0.0, 0];[-1, 0.0, 0];[-1, 1.0, 0];[-1, 1.0, 0];RAISE:DivisionByZero;RAISE:DivisionByZero;RAISE:InvalidOperation;RAISE:InvalidOperation;[1, 1.0, 0];[1, 1.0, 0];[1, 0.0, 0];[1, 0.0, 0];[1, 0.0, 0];[1, 0.0, 0];[1, 0.0, 0];[1, 1.25, 3];RAISE:TypeError;RAISE:TypeError;RAISE:TypeError;RAISE:TypeError;RAISE:TypeError;RAISE:TypeError;RAISE:TypeError;RAISE:TypeError;RAISE:TypeError;RAISE:TypeError;RAISE:TypeError;RAISE:TypeError;RAISE:TypeError;RAISE:TypeError;RAISE:TypeError;RAISE:TypeError;RAISE:TypeError;RAISE:TypeError;RAISE:TypeError;RAISE:TypeError;RAISE:TypeError;RAISE:TypeError;RAISE:TypeError;RAISE:TypeError;RAISE:TypeError;RAISE:TypeError;RAISE:TypeError;RAISE:TypeError;RAISE:TypeError;RAISE:TypeError;RAISE:TypeError;RAISE:TypeError",52,44
A16_1_8,1,truth|fractional,bool,Fraction,"truth/L1/6:true,false,0,1,"""",nil","fractional/L1/15:-max_finite,-1.5,-1.0,-(1.0-1ulp),+0.0,+min_subnormal,+min_normal,1.0-1ulp,1.0,1.0+1ulp,1.5,pi,2^53,max_finite,0.1",90,"[-1, 1.0, 0];[-1, 1.0, 0];[-1, 1.0, 0];[-1, 1.0, 1];RAISE:ZeroDivisionError;[1, 1.0, 1074];[1, 1.0, 1022];[1, 1.0, 0];[1, 1.0, 0];[1, 0.0, 0];[1, 0.0, 0];[1, 0.0, 0];[1, 0.0, 0];[1, 0.0, 0];[1, 1.125, 3];[1, 0.0, 0];[1, 0.0, 0];[1, 0.0, 0];[1, 0.0, 0];RAISE:ZeroDivisionError;[1, 0.0, 0];[1, 0.0, 0];[1, 0.0, 0];[1, 0.0, 0];[1, 0.0, 0];[1, 0.0, 0];[1, 0.0, 0];[1, 0.0, 0];[1, 0.0, 0];[1, 0.0, 0];[1, 0.0, 0];[1, 0.0, 0];[1, 0.0, 0];[1, 0.0, 0];RAISE:ZeroDivisionError;[1, 0.0, 0];[1, 0.0, 0];[1, 0.0, 0];[1, 0.0, 0];[1, 0.0, 0];[1, 0.0, 0];[1, 0.0, 0];[1, 0.0, 0];[1, 0.0, 0];[1, 0.0, 0];[-1, 1.0, 0];[-1, 1.0, 0];[-1, 1.0, 0];[-1, 1.0, 1];RAISE:ZeroDivisionError;[1, 1.0, 1074];[1, 1.0, 1022];[1, 1.0, 0];[1, 1.0, 0];[1, 0.0, 0];[1, 0.0, 0];[1, 0.0, 0];[1, 0.0, 0];[1, 0.0, 0];[1, 1.125, 3];RAISE:TypeError;RAISE:TypeError;RAISE:TypeError;RAISE:TypeError;RAISE:TypeError;RAISE:TypeError;RAISE:TypeError;RAISE:TypeError;RAISE:TypeError;RAISE:TypeError;RAISE:TypeError;RAISE:TypeError;RAISE:TypeError;RAISE:TypeError;RAISE:TypeError;RAISE:TypeError;RAISE:TypeError;RAISE:TypeError;RAISE:TypeError;RAISE:TypeError;RAISE:TypeError;RAISE:TypeError;RAISE:TypeError;RAISE:TypeError;RAISE:TypeError;RAISE:TypeError;RAISE:TypeError;RAISE:TypeError;RAISE:TypeError;RAISE:TypeError",56,34
A16_2_1,1,whole|truth,int,bool,"whole/L1/17:-2^63,-2^63+1,-2^53-1,-2^31,-42,-1,0,1,7,42,1000,2^31-1,2^31,2^53-1,2^53+1,2^63-1,2^64-1","truth/L1/6:true,false,0,1,"""",nil",102,"[-1, 1.0, 63];RAISE:ZeroDivisionError;RAISE:ZeroDivisionError;[-1, 1.0, 63];RAISE:TypeError;RAISE:TypeError;[-1, 1.9999999999999999997831595655029, 62];RAISE:ZeroDivisionError;RAISE:ZeroDivisionError;[-1, 1.9999999999999999997831595655029, 62];RAISE:TypeError;RAISE:TypeError;[-1, 1.0000000000000001110223024625157, 53];RAISE:ZeroDivisionError;RAISE:ZeroDivisionError;[-1, 1.0000000000000001110223024625157, 53];RAISE:TypeError;RAISE:TypeError;[-1, 1.0, 31];RAISE:ZeroDivisionError;RAISE:ZeroDivisionError;[-1, 1.0, 31];RAISE:TypeError;RAISE:TypeError;[-1, 1.3125, 5];RAISE:ZeroDivisionError;RAISE:ZeroDivisionError;[-1, 1.3125, 5];RAISE:TypeError;RAISE:TypeError;[-1, 1.0, 0];RAISE:ZeroDivisionError;RAISE:ZeroDivisionError;[-1, 1.0, 0];RAISE:TypeError;RAISE:TypeError;[1, 0.0, 0];RAISE:ZeroDivisionError;RAISE:ZeroDivisionError;[1, 0.0, 0];RAISE:TypeError;RAISE:TypeError;[1, 1.0, 0];RAISE:ZeroDivisionError;RAISE:ZeroDivisionError;[1, 1.0, 0];RAISE:TypeError;RAISE:TypeError;[1, 1.75, 2];RAISE:ZeroDivisionError;RAISE:ZeroDivisionError;[1, 1.75, 2];RAISE:TypeError;RAISE:TypeError;[1, 1.3125, 5];RAISE:ZeroDivisionError;RAISE:ZeroDivisionError;[1, 1.3125, 5];RAISE:TypeError;RAISE:TypeError;[1, 1.953125, 9];RAISE:ZeroDivisionError;RAISE:ZeroDivisionError;[1, 1.953125, 9];RAISE:TypeError;RAISE:TypeError;[1, 1.999999999068677425384521484375, 30];RAISE:ZeroDivisionError;RAISE:ZeroDivisionError;[1, 1.999999999068677425384521484375, 30];RAISE:TypeError;RAISE:TypeError;[1, 1.0, 31];RAISE:ZeroDivisionError;RAISE:ZeroDivisionError;[1, 1.0, 31];RAISE:TypeError;RAISE:TypeError;[1, 1.9999999999999997779553950749687, 52];RAISE:ZeroDivisionError;RAISE:ZeroDivisionError;[1, 1.9999999999999997779553950749687, 52];RAISE:TypeError;RAISE:TypeError;[1, 1.0000000000000001110223024625157, 53];RAISE:ZeroDivisionError;RAISE:ZeroDivisionError;[1, 1.0000000000000001110223024625157, 53];RAISE:TypeError;RAISE:TypeError;[1, 1.9999999999999999997831595655029, 62];RAISE:ZeroDivisionError;RAISE:ZeroDivisionError;[1, 1.9999999999999999997831595655029, 62];RAISE:TypeError;RAISE:TypeError;[1, 1.9999999999999999998915797827514, 63];RAISE:ZeroDivisionError;RAISE:ZeroDivisionError;[1, 1.9999999999999999998915797827514, 63];RAISE:TypeError;RAISE:TypeError",34,68
A16_2_2,1,whole|whole,int,int,"whole/L1/17:-2^63,-2^63+1,-2^53-1,-2^31,-42,-1,0,1,7,42,1000,2^31-1,2^31,2^53-1,2^53+1,2^63-1,2^64-1","whole/L1/17:-2^63,-2^63+1,-2^53-1,-2^31,-42,-1,0,1,7,42,1000,2^31-1,2^31,2^53-1,2^53+1,2^63-1,2^64-1",289,"[1, 1.0, 0];[1, 1.0, 0];[1, 1.998046875, 9];[1, 1.0, 32];[1, 1.5238095238095238082021154468748, 57];[1, 1.0, 63];RAISE:ZeroDivisionError;[-1, 1.0, 63];[-1, 1.1428571428571428578863100611329, 60];[-1, 1.523809523809523815141009350782, 57];[-1, 1.024000000000000021316282072803, 53];[-1, 1.0000000006984919309616088867188, 32];[-1, 1.0, 32];[-1, 1.0009765625, 10];[-1, 1.0, 10];[-1, 1.0, 1];[-1, 1.0, 0];[1, 0.0, 0];[1, 1.0, 0];[1, 1.998046875, 9];[1, 1.9999999995343387126922607421875, 31];[1, 1.5238095238095238082021154468748, 57];[1, 1.9999999999999999997831595655029, 62];RAISE:ZeroDivisionError;[-1, 1.9999999999999999997831595655029, 62];[-1, 1.1428571428571428570189483231445, 60];[-1, 1.523809523809523815141009350782, 57];[-1, 1.024000000000000021316282072803, 53];[-1, 1.0000000006984919309616088867188, 32];[-1, 1.0, 32];[-1, 1.0009765625, 10];[-1, 1.0, 10];[-1, 1.0, 0];[-1, 1.0, 0];[1, 0.0, 0];[1, 0.0, 0];[1, 1.0, 0];[1, 1.0, 22];[1, 1.5238095238095183958648703992367, 47];[1, 1.0000000000000001110223024625157, 53];RAISE:ZeroDivisionError;[-1, 1.0000000000000001110223024625157, 53];[-1, 1.1428571428571432377907513000537, 50];[-1, 1.5238095238095255012922280002385, 47];[-1, 1.0240000000000009094947017729282, 43];[-1, 1.0000002384185791015625, 22];[-1, 1.0000002384185791015625, 22];[-1, 1.0, 1];[-1, 1.0, 0];[-1, 1.0, 0];[-1, 1.0, 0];[1, 0.0, 0];[1, 0.0, 0];[1, 0.0, 0];[1, 1.0, 0];[1, 1.5238095223903656005859375, 25];[1, 1.0, 31];RAISE:ZeroDivisionError;[-1, 1.0, 31];[-1, 1.1428571455180644989013671875, 28];[-1, 1.52380955219268798828125, 25];[-1, 1.0240001678466796875, 21];[-1, 1.0, 1];[-1, 1.0, 0];[-1, 1.0, 0];[-1, 1.0, 0];[-1, 1.0, 0];[-1, 1.0, 0];[1, 0.0, 0];[1, 0.0, 0];[1, 0.0, 0];[1, 0.0, 0];[1, 1.0, 0];[1, 1.3125, 5];RAISE:ZeroDivisionError;[-1, 1.3125, 5];[-1, 1.5, 2];[-1, 1.0, 0];[-1, 1.0, 0];[-1, 1.0, 0];[-1, 1.0, 0];[-1, 1.0, 0];[-1, 1.0, 0];[-1, 1.0, 0];[-1, 1.0, 0];[1, 0.0, 0];[1, 0.0, 0];[1, 0.0, 0];[1, 0.0, 0];[1, 0.0, 0];[1, 1.0, 0];RAISE:ZeroDivisionError;[-1, 1.0, 0];[-1, 1.0, 0];[-1, 1.0, 0];[-1, 1.0, 0];[-1, 1.0, 0];[-1, 1.0, 0];[-1, 1.0, 0];[-1, 1.0, 0];[-1, 1.0, 0];[-1, 1.0, 0];[1, 0.0, 0];[1, 0.0, 0];[1, 0.0, 0];[1, 0.0, 0];[1, 0.0, 0];[1, 0.0, 0];RAISE:ZeroDivisionError;[1, 0.0, 0];[1, 0.0, 0];[1, 0.0, 0];[1, 0.0, 0];[1, 0.0, 0];[1, 0.0, 0];[1, 0.0, 0];[1, 0.0, 0];[1, 0.0, 0];[1, 0.0, 0];[-1, 1.0, 0];[-1, 1.0, 0];[-1, 1.0, 0];[-1, 1.0, 0];[-1, 1.0, 0];[-1, 1.0, 0];RAISE:ZeroDivisionError;[1, 1.0, 0];[1, 0.0, 0];[1, 0.0, 0];[1, 0.0, 0];[1, 0.0, 0];[1, 0.0, 0];[1, 0.0, 0];[1, 0.0, 0];[1, 0.0, 0];[1, 0.0, 0];[-1, 1.0, 0];[-1, 1.0, 0];[-1, 1.0, 0];[-1, 1.0, 0];[-1, 1.0, 0];[-1, 1.75, 2];RAISE:ZeroDivisionError;[1, 1.75, 2];[1, 1.0, 0];[1, 0.0, 0];[1, 0.0, 0];[1, 0.0, 0];[1, 0.0, 0];[1, 0.0, 0];[1, 0.0, 0];[1, 0.0, 0];[1, 0.0, 0];[-1, 1.0, 0];[-1, 1.0, 0];[-1, 1.0, 0];[-1, 1.0, 0];[-1, 1.0, 0];[-1, 1.3125, 5];RAISE:ZeroDivisionError;[1, 1.3125, 5];[1, 1.5, 2];[1, 1.0, 0];[1, 0.0, 0];[1, 0.0, 0];[1, 0.0, 0];[1, 0.0, 0];[1, 0.0, 0];[1, 0.0, 0];[1, 0.0, 0];[-1, 1.0, 0];[-1, 1.0, 0];[-1, 1.0, 0];[-1, 1.0, 0];[-1, 1.5, 4];[-1, 1.953125, 9];RAISE:ZeroDivisionError;[1, 1.953125, 9];[1, 1.109375, 7];[1, 1.4375, 4];[1, 1.0, 0];[1, 0.0, 0];[1, 0.0, 0];[1, 0.0, 0];[1, 0.0, 0];[1, 0.0, 0];[1, 0.0, 0];[-1, 1.0, 0];[-1, 1.0, 0];[-1, 1.0, 0];[-1, 1.0, 0];[-1, 1.52380955219268798828125, 25];[-1, 1.999999999068677425384521484375, 30];RAISE:ZeroDivisionError;[1, 1.999999999068677425384521484375, 30];[1, 1.142857141792774200439453125, 28];[1, 1.5238095223903656005859375, 25];[1, 1.023999691009521484375, 21];[1, 1.0, 0];[1, 0.0, 0];[1, 0.0, 0];[1, 0.0, 0];[1, 0.0, 0];[1, 0.0, 0];[-1, 1.0, 0];[-1, 1.0, 0];[-1, 1.0, 0];[-1, 1.0, 0];[-1, 1.52380955219268798828125, 25];[-1, 1.0, 31];RAISE:ZeroDivisionError;[1, 1.0, 31];[1, 1.142857141792774200439453125, 28];[1, 1.5238095223903656005859375, 25];[1, 1.023999691009521484375, 21];[1, 1.0, 0];[1, 1.0, 0];[1, 0.0, 0];[1, 0.0, 0];[1, 0.0, 0];[1, 0.0, 0];[-1, 1.0, 0];[-1, 1.0, 0];[-1, 1.0, 0];[-1, 1.0, 22];[-1, 1.5238095238095255012922280002385, 47];[-1, 1.9999999999999997779553950749687, 52];RAISE:ZeroDivisionError;[1, 1.9999999999999997779553950749687, 52];[1, 1.1428571428571423496123315999284, 50];[1, 1.5238095238095183958648703992367, 47];[1, 1.0239999999998872226569801568985, 43];[1, 1.0, 22];[1, 1.999999523162841796875, 21];[1, 1.0, 0];[1, 0.0, 0];[1, 0.0, 0];[1, 0.0, 0];[-1, 1.0, 0];[-1, 1.0, 0];[-1, 1.0, 0];[-1, 1.0000002384185791015625, 22];[-1, 1.5238095238095255012922280002385, 47];[-1, 1.0000000000000001110223024625157, 53];RAISE:ZeroDivisionError;[1, 1.0000000000000001110223024625157, 53];[1, 1.1428571428571423496123315999284, 50];[1, 1.5238095238095183958648703992367, 47];[1, 1.0239999999998872226569801568985, 43];[1, 1.0, 22];[1, 1.0, 22];[1, 1.0, 0];[1, 1.0, 0];[1, 0.0, 0];[1, 0.0, 0];[-1, 1.0, 0];[-1, 1.0, 0];[-1, 1.0, 10];[-1, 1.0, 32];[-1, 1.523809523809523815141009350782, 57];[-1, 1.9999999999999999997831595655029, 62];RAISE:ZeroDivisionError;[1, 1.9999999999999999997831595655029, 62];[1, 1.1428571428571428570189483231445, 60];[1, 1.5238095238095238082021154468748, 57];[1, 1.0239999999999999102939796102874, 53];[1, 1.0000000004656612873077392578125, 32];[1, 1.9999999995343387126922607421875, 31];[1, 1.0, 10];[1, 1.998046875, 9];[1, 1.0, 0];[1, 0.0, 0];[-1, 1.0, 1];[-1, 1.5, 1];[-1, 1.0, 11];[-1, 1.0, 33];[-1, 1.5238095238095238116715623988284, 58];[-1, 1.9999999999999999998915797827514, 63];RAISE:ZeroDivisionError;[1, 1.9999999999999999998915797827514, 63];[1, 1.1428571428571428570189483231445, 61];[1, 1.5238095238095238082021154468748, 58];[1, 1.0239999999999999658051308415452, 54];[1, 1.0000000004656612873077392578125, 33];[1, 1.9999999997671693563461303710938, 32];[1, 1.0, 11];[1, 1.9990234375, 10];[1, 1.0, 1];[1, 1.0, 0]",272,17
A16_2_3,1,whole|whole,int,Decimal,"whole/L1/17:-2^63,-2^63+1,-2^53-1,-2^31,-42,-1,0,1,7,42,1000,2^31-1,2^31,2^53-1,2^53+1,2^63-1,2^64-1","whole/L1/17:-2^63,-2^63+1,-2^53-1,-2^31,-42,-1,0,1,7,42,1000,2^31-1,2^31,2^53-1,2^53+1,2^63-1,2^64-1",289,"[1, 1.0, 0];[1, 1.0, 0];[1, 1.998046875, 9];[1, 1.0, 32];[1, 1.5238095238095238082021154468748, 57];[1, 1.0, 63];RAISE:DivisionByZero;[-1, 1.0, 63];[-1, 1.1428571428571428570189483231445, 60];[-1, 1.5238095238095238082021154468748, 57];[-1, 1.0239999999999999102939796102874, 53];[-1, 1.0000000004656612873077392578125, 32];[-1, 1.0, 32];[-1, 1.0, 10];[-1, 1.998046875, 9];[-1, 1.0, 0];[-1, 0.0, 0];[1, 0.0, 0];[1, 1.0, 0];[1, 1.998046875, 9];[1, 1.9999999995343387126922607421875, 31];[1, 1.5238095238095238082021154468748, 57];[1, 1.9999999999999999997831595655029, 62];RAISE:DivisionByZero;[-1, 1.9999999999999999997831595655029, 62];[-1, 1.1428571428571428570189483231445, 60];[-1, 1.5238095238095238082021154468748, 57];[-1, 1.0239999999999999102939796102874, 53];[-1, 1.0000000004656612873077392578125, 32];[-1, 1.9999999995343387126922607421875, 31];[-1, 1.0, 10];[-1, 1.998046875, 9];[-1, 1.0, 0];[-1, 0.0, 0];[1, 0.0, 0];[1, 0.0, 0];[1, 1.0, 0];[1, 1.0, 22];[1, 1.5238095238095183958648703992367, 47];[1, 1.0000000000000001110223024625157, 53];RAISE:DivisionByZero;[-1, 1.0000000000000001110223024625157, 53];[-1, 1.1428571428571423496123315999284, 50];[-1, 1.5238095238095183958648703992367, 47];[-1, 1.0239999999998872226569801568985, 43];[-1, 1.0, 22];[-1, 1.0, 22];[-1, 1.0, 0];[-1, 1.0, 0];[-1, 0.0, 0];[-1, 0.0, 0];[1, 0.0, 0];[1, 0.0, 0];[1, 0.0, 0];[1, 1.0, 0];[1, 1.5238095223903656005859375, 25];[1, 1.0, 31];RAISE:DivisionByZero;[-1, 1.0, 31];[-1, 1.142857141792774200439453125, 28];[-1, 1.5238095223903656005859375, 25];[-1, 1.023999691009521484375, 21];[-1, 1.0, 0];[-1, 1.0, 0];[-1, 0.0, 0];[-1, 0.0, 0];[-1, 0.0, 0];[-1, 0.0, 0];[1, 0.0, 0];[1, 0.0, 0];[1, 0.0, 0];[1, 0.0, 0];[1, 1.0, 0];[1, 1.3125, 5];RAISE:DivisionByZero;[-1, 1.3125, 5];[-1, 1.5, 2];[-1, 1.0, 0];[-1, 0.0, 0];[-1, 0.0, 0];[-1, 0.0, 0];[-1, 0.0, 0];[-1, 0.0, 0];[-1, 0.0, 0];[-1, 0.0, 0];[1, 0.0, 0];[1, 0.0, 0];[1, 0.0, 0];[1, 0.0, 0];[1, 0.0, 0];[1, 1.0, 0];RAISE:DivisionByZero;[-1, 1.0, 0];[-1, 0.0, 0];[-1, 0.0, 0];[-1, 0.0, 0];[-1, 0.0, 0];[-1, 0.0, 0];[-1, 0.0, 0];[-1, 0.0, 0];[-1, 0.0, 0];[-1, 0.0, 0];[-1, 0.0, 0];[-1, 0.0, 0];[-1, 0.0, 0];[-1, 0.0, 0];[-1, 0.0, 0];[-1, 0.0, 0];RAISE:InvalidOperation;[1, 0.0, 0];[1, 0.0, 0];[1, 0.0, 0];[1, 0.0, 0];[1, 0.0, 0];[1, 0.0, 0];[1, 0.0, 0];[1, 0.0, 0];[1, 0.0, 0];[1, 0.0, 0];[-1, 0.0, 0];[-1, 0.0, 0];[-1, 0.0, 0];[-1, 0.0, 0];[-1, 0.0, 0];[-1, 1.0, 0];RAISE:DivisionByZero;[1, 1.0, 0];[1, 0.0, 0];[1, 0.0, 0];[1, 0.0, 0];[1, 0.0, 0];[1, 0.0, 0];[1, 0.0, 0];[1, 0.0, 0];[1, 0.0, 0];[1, 0.0, 0];[-1, 0.0, 0];[-1, 0.0, 0];[-1, 0.0, 0];[-1, 0.0, 0];[-1, 0.0, 0];[-1, 1.75, 2];RAISE:DivisionByZero;[1, 1.75, 2];[1, 1.0, 0];[1, 0.0, 0];[1, 0.0, 0];[1, 0.0, 0];[1, 0.0, 0];[1, 0.0, 0];[1, 0.0, 0];[1, 0.0, 0];[1, 0.0, 0];[-1, 0.0, 0];[-1, 0.0, 0];[-1, 0.0, 0];[-1, 0.0, 0];[-1, 1.0, 0];[-1, 1.3125, 5];RAISE:DivisionByZero;[1, 1.3125, 5];[1, 1.5, 2];[1, 1.0, 0];[1, 0.0, 0];[1, 0.0, 0];[1, 0.0, 0];[1, 0.0, 0];[1, 0.0, 0];[1, 0.0, 0];[1, 0.0, 0];[-1, 0.0, 0];[-1, 0.0, 0];[-1, 0.0, 0];[-1, 0.0, 0];[-1, 1.4375, 4];[-1, 1.953125, 9];RAISE:DivisionByZero;[1, 1.953125, 9];[1, 1.109375, 7];[1, 1.4375, 4];[1, 1.0, 0];[1, 0.0, 0];[1, 0.0, 0];[1, 0.0, 0];[1, 0.0, 0];[1, 0.0, 0];[1, 0.0, 0];[-1, 0.0, 0];[-1, 0.0, 0];[-1, 0.0, 0];[-1, 0.0, 0];[-1, 1.5238095223903656005859375, 25];[-1, 1.999999999068677425384521484375, 30];RAISE:DivisionByZero;[1, 1.999999999068677425384521484375, 30];[1, 1.142857141792774200439453125, 28];[1, 1.5238095223903656005859375, 25];[1, 1.023999691009521484375, 21];[1, 1.0, 0];[1, 0.0, 0];[1, 0.0, 0];[1, 0.0, 0];[1, 0.0, 0];[1, 0.0, 0];[-1, 0.0, 0];[-1, 0.0, 0];[-1, 0.0, 0];[-1, 1.0, 0];[-1, 1.5238095223903656005859375, 25];[-1, 1.0, 31];RAISE:DivisionByZero;[1, 1.0, 31];[1, 1.142857141792774200439453125, 28];[1, 1.5238095223903656005859375, 25];[1, 1.023999691009521484375, 21];[1, 1.0, 0];[1, 1.0, 0];[1, 0.0, 0];[1, 0.0, 0];[1, 0.0, 0];[1, 0.0, 0];[-1, 0.0, 0];[-1, 0.0, 0];[-1, 0.0, 0];[-1, 1.999999523162841796875, 21];[-1, 1.5238095238095183958648703992367, 47];[-1, 1.9999999999999997779553950749687, 52];RAISE:DivisionByZero;[1, 1.9999999999999997779553950749687, 52];[1, 1.1428571428571423496123315999284, 50];[1, 1.5238095238095183958648703992367, 47];[1, 1.0239999999998872226569801568985, 43];[1, 1.0, 22];[1, 1.999999523162841796875, 21];[1, 1.0, 0];[1, 0.0, 0];[1, 0.0, 0];[1, 0.0, 0];[-1, 0.0, 0];[-1, 0.0, 0];[-1, 1.0, 0];[-1, 1.0, 22];[-1, 1.5238095238095183958648703992367, 47];[-1, 1.0000000000000001110223024625157, 53];RAISE:DivisionByZero;[1, 1.0000000000000001110223024625157, 53];[1, 1.1428571428571423496123315999284, 50];[1, 1.5238095238095183958648703992367, 47];[1, 1.0239999999998872226569801568985, 43];[1, 1.0, 22];[1, 1.0, 22];[1, 1.0, 0];[1, 1.0, 0];[1, 0.0, 0];[1, 0.0, 0];[-1, 0.0, 0];[-1, 1.0, 0];[-1, 1.998046875, 9];[-1, 1.9999999995343387126922607421875, 31];[-1, 1.5238095238095238082021154468748, 57];[-1, 1.9999999999999999997831595655029, 62];RAISE:DivisionByZero;[1, 1.9999999999999999997831595655029, 62];[1, 1.1428571428571428570189483231445, 60];[1, 1.5238095238095238082021154468748, 57];[1, 1.0239999999999999102939796102874, 53];[1, 1.0000000004656612873077392578125, 32];[1, 1.9999999995343387126922607421875, 31];[1, 1.0, 10];[1, 1.998046875, 9];[1, 1.0, 0];[1, 0.0, 0];[-1, 1.0, 0];[-1, 1.0, 1];[-1, 1.9990234375, 10];[-1, 1.9999999997671693563461303710938, 32];[-1, 1.5238095238095238082021154468748, 58];[-1, 1.9999999999999999998915797827514, 63];RAISE:DivisionByZero;[1, 1.9999999999999999998915797827514, 63];[1, 1.1428571428571428570189483231445, 61];[1, 1.5238095238095238082021154468748, 58];[1, 1.0239999999999999658051308415452, 54];[1, 1.0000000004656612873077392578125, 33];[1, 1.9999999997671693563461303710938, 32];[1, 1.0, 11];[1, 1.9990234375, 10];[1, 1.0, 1];[1, 1.0, 0]",272,17
A16_2_4,1,whole|whole,int,Fraction,"whole/L1/17:-2^63,-2^63+1,-2^53-1,-2^31,-42,-1,0,1,7,42,1000,2^31-1,2^31,2^53-1,2^53+1,2^63-1,2^64-1","whole/L1/17:-2^63,-2^63+1,-2^53-1,-2^31,-42,-1,0,1,7,42,1000,2^31-1,2^31,2^53-1,2^53+1,2^63-1,2^64-1",289,"[1, 1.0, 0];[1, 1.0, 0];[1, 1.998046875, 9];[1, 1.0, 32];[1, 1.5238095238095238082021154468748, 57];[1, 1.0, 63];RAISE:ZeroDivisionError;[-1, 1.0, 63];[-1, 1.1428571428571428578863100611329, 60];[-1, 1.523809523809523815141009350782, 57];[-1, 1.024000000000000021316282072803, 53];[-1, 1.0000000006984919309616088867188, 32];[-1, 1.0, 32];[-1, 1.0009765625, 10];[-1, 1.0, 10];[-1, 1.0, 1];[-1, 1.0, 0];[1, 0.0, 0];[1, 1.0, 0];[1, 1.998046875, 9];[1, 1.9999999995343387126922607421875, 31];[1, 1.5238095238095238082021154468748, 57];[1, 1.9999999999999999997831595655029, 62];RAISE:ZeroDivisionError;[-1, 1.9999999999999999997831595655029, 62];[-1, 1.1428571428571428570189483231445, 60];[-1, 1.523809523809523815141009350782, 57];[-1, 1.024000000000000021316282072803, 53];[-1, 1.0000000006984919309616088867188, 32];[-1, 1.0, 32];[-1, 1.0009765625, 10];[-1, 1.0, 10];[-1, 1.0, 0];[-1, 1.0, 0];[1, 0.0, 0];[1, 0.0, 0];[1, 1.0, 0];[1, 1.0, 22];[1, 1.5238095238095183958648703992367, 47];[1, 1.0000000000000001110223024625157, 53];RAISE:ZeroDivisionError;[-1, 1.0000000000000001110223024625157, 53];[-1, 1.1428571428571432377907513000537, 50];[-1, 1.5238095238095255012922280002385, 47];[-1, 1.0240000000000009094947017729282, 43];[-1, 1.0000002384185791015625, 22];[-1, 1.0000002384185791015625, 22];[-1, 1.0, 1];[-1, 1.0, 0];[-1, 1.0, 0];[-1, 1.0, 0];[1, 0.0, 0];[1, 0.0, 0];[1, 0.0, 0];[1, 1.0, 0];[1, 1.5238095223903656005859375, 25];[1, 1.0, 31];RAISE:ZeroDivisionError;[-1, 1.0, 31];[-1, 1.1428571455180644989013671875, 28];[-1, 1.52380955219268798828125, 25];[-1, 1.0240001678466796875, 21];[-1, 1.0, 1];[-1, 1.0, 0];[-1, 1.0, 0];[-1, 1.0, 0];[-1, 1.0, 0];[-1, 1.0, 0];[1, 0.0, 0];[1, 0.0, 0];[1, 0.0, 0];[1, 0.0, 0];[1, 1.0, 0];[1, 1.3125, 5];RAISE:ZeroDivisionError;[-1, 1.3125, 5];[-1, 1.5, 2];[-1, 1.0, 0];[-1, 1.0, 0];[-1, 1.0, 0];[-1, 1.0, 0];[-1, 1.0, 0];[-1, 1.0, 0];[-1, 1.0, 0];[-1, 1.0, 0];[1, 0.0, 0];[1, 0.0, 0];[1, 0.0, 0];[1, 0.0, 0];[1, 0.0, 0];[1, 1.0, 0];RAISE:ZeroDivisionError;[-1, 1.0, 0];[-1, 1.0, 0];[-1, 1.0, 0];[-1, 1.0, 0];[-1, 1.0, 0];[-1, 1.0, 0];[-1, 1.0, 0];[-1, 1.0, 0];[-1, 1.0, 0];[-1, 1.0, 0];[1, 0.0, 0];[1, 0.0, 0];[1, 0.0, 0];[1, 0.0, 0];[1, 0.0, 0];[1, 0.0, 0];RAISE:ZeroDivisionError;[1, 0.0, 0];[1, 0.0, 0];[1, 0.0, 0];[1, 0.0, 0];[1, 0.0, 0];[1, 0.0, 0];[1, 0.0, 0];[1, 0.0, 0];[1, 0.0, 0];[1, 0.0, 0];[-1, 1.0, 0];[-1, 1.0, 0];[-1, 1.0, 0];[-1, 1.0, 0];[-1, 1.0, 0];[-1, 1.0, 0];RAISE:ZeroDivisionError;[1, 1.0, 0];[1, 0.0, 0];[1, 0.0, 0];[1, 0.0, 0];[1, 0.0, 0];[1, 0.0, 0];[1, 0.0, 0];[1, 0.0, 0];[1, 0.0, 0];[1, 0.0, 0];[-1, 1.0, 0];[-1, 1.0, 0];[-1, 1.0, 0];[-1, 1.0, 0];[-1, 1.0, 0];[-1, 1.75, 2];RAISE:ZeroDivisionError;[1, 1.75, 2];[1, 1.0, 0];[1, 0.0, 0];[1, 0.0, 0];[1, 0.0, 0];[1, 0.0, 0];[1, 0.0, 0];[1, 0.0, 0];[1, 0.0, 0];[1, 0.0, 0];[-1, 1.0, 0];[-1, 1.0, 0];[-1, 1.0, 0];[-1, 1.0, 0];[-1, 1.0, 0];[-1, 1.3125, 5];RAISE:ZeroDivisionError;[1, 1.3125, 5];[1, 1.5, 2];[1, 1.0, 0];[1, 0.0, 0];[1, 0.0, 0];[1, 0.0, 0];[1, 0.0, 0];[1, 0.0, 0];[1, 0.0, 0];[1, 0.0, 0];[-1, 1.0, 0];[-1, 1.0, 0];[-1, 1.0, 0];[-1, 1.0, 0];[-1, 1.5, 4];[-1, 1.953125, 9];RAISE:ZeroDivisionError;[1, 1.953125, 9];[1, 1.109375, 7];[1, 1.4375, 4];[1, 1.0, 0];[1, 0.0, 0];[1, 0.0, 0];[1, 0.0, 0];[1, 0.0, 0];[1, 0.0, 0];[1, 0.0, 0];[-1, 1.0, 0];[-1, 1.0, 0];[-1, 1.0, 0];[-1, 1.0, 0];[-1, 1.52380955219268798828125, 25];[-1, 1.999999999068677425384521484375, 30];RAISE:ZeroDivisionError;[1, 1.999999999068677425384521484375, 30];[1, 1.142857141792774200439453125, 28];[1, 1.5238095223903656005859375, 25];[1, 1.023999691009521484375, 21];[1, 1.0, 0];[1, 0.0, 0];[1, 0.0, 0];[1, 0.0, 0];[1, 0.0, 0];[1, 0.0, 0];[-1, 1.0, 0];[-1, 1.0, 0];[-1, 1.0, 0];[-1, 1.0, 0];[-1, 1.52380955219268798828125, 25];[-1, 1.0, 31];RAISE:ZeroDivisionError;[1, 1.0, 31];[1, 1.142857141792774200439453125, 28];[1, 1.5238095223903656005859375, 25];[1, 1.023999691009521484375, 21];[1, 1.0, 0];[1, 1.0, 0];[1, 0.0, 0];[1, 0.0, 0];[1, 0.0, 0];[1, 0.0, 0];[-1, 1.0, 0];[-1, 1.0, 0];[-1, 1.0, 0];[-1, 1.0, 22];[-1, 1.5238095238095255012922280002385, 47];[-1, 1.9999999999999997779553950749687, 52];RAISE:ZeroDivisionError;[1, 1.9999999999999997779553950749687, 52];[1, 1.1428571428571423496123315999284, 50];[1, 1.5238095238095183958648703992367, 47];[1, 1.0239999999998872226569801568985, 43];[1, 1.0, 22];[1, 1.999999523162841796875, 21];[1, 1.0, 0];[1, 0.0, 0];[1, 0.0, 0];[1, 0.0, 0];[-1, 1.0, 0];[-1, 1.0, 0];[-1, 1.0, 0];[-1, 1.0000002384185791015625, 22];[-1, 1.5238095238095255012922280002385, 47];[-1, 1.0000000000000001110223024625157, 53];RAISE:ZeroDivisionError;[1, 1.0000000000000001110223024625157, 53];[1, 1.1428571428571423496123315999284, 50];[1, 1.5238095238095183958648703992367, 47];[1, 1.0239999999998872226569801568985, 43];[1, 1.0, 22];[1, 1.0, 22];[1, 1.0, 0];[1, 1.0, 0];[1, 0.0, 0];[1, 0.0, 0];[-1, 1.0, 0];[-1, 1.0, 0];[-1, 1.0, 10];[-1, 1.0, 32];[-1, 1.523809523809523815141009350782, 57];[-1, 1.9999999999999999997831595655029, 62];RAISE:ZeroDivisionError;[1, 1.9999999999999999997831595655029, 62];[1, 1.1428571428571428570189483231445, 60];[1, 1.5238095238095238082021154468748, 57];[1, 1.0239999999999999102939796102874, 53];[1, 1.0000000004656612873077392578125, 32];[1, 1.9999999995343387126922607421875, 31];[1, 1.0, 10];[1, 1.998046875, 9];[1, 1.0, 0];[1, 0.0, 0];[-1, 1.0, 1];[-1, 1.5, 1];[-1, 1.0, 11];[-1, 1.0, 33];[-1, 1.5238095238095238116715623988284, 58];[-1, 1.9999999999999999998915797827514, 63];RAISE:ZeroDivisionError;[1, 1.9999999999999999998915797827514, 63];[1, 1.1428571428571428570189483231445, 61];[1, 1.5238095238095238082021154468748, 58];[1, 1.0239999999999999658051308415452, 54];[1, 1.0000000004656612873077392578125, 33];[1, 1.9999999997671693563461303710938, 32];[1, 1.0, 11];[1, 1.9990234375, 10];[1, 1.0, 1];[1, 1.0, 0]",272,17
A16_2_5,1,whole|whole,int,c_int64,"whole/L1/17:-2^63,-2^63+1,-2^53-1,-2^31,-42,-1,0,1,7,42,1000,2^31-1,2^31,2^53-1,2^53+1,2^63-1,2^64-1","whole/L1/16:-2^63,-2^63+1,-2^53-1,-2^31,-42,-1,0,1,7,42,1000,2^31-1,2^31,2^53-1,2^53+1,2^63-1",272,"[1, 1.0, 0];[1, 1.0, 0];[1, 1.998046875, 9];[1, 1.0, 32];[1, 1.5238095238095238082021154468748, 57];[1, 1.0, 63];RAISE:ZeroDivisionError;[-1, 1.0, 63];[-1, 1.1428571428571428578863100611329, 60];[-1, 1.523809523809523815141009350782, 57];[-1, 1.024000000000000021316282072803, 53];[-1, 1.0000000006984919309616088867188, 32];[-1, 1.0, 32];[-1, 1.0009765625, 10];[-1, 1.0, 10];[-1, 1.0, 1];[1, 0.0, 0];[1, 1.0, 0];[1, 1.998046875, 9];[1, 1.9999999995343387126922607421875, 31];[1, 1.5238095238095238082021154468748, 57];[1, 1.9999999999999999997831595655029, 62];RAISE:ZeroDivisionError;[-1, 1.9999999999999999997831595655029, 62];[-1, 1.1428571428571428570189483231445, 60];[-1, 1.523809523809523815141009350782, 57];[-1, 1.024000000000000021316282072803, 53];[-1, 1.0000000006984919309616088867188, 32];[-1, 1.0, 32];[-1, 1.0009765625, 10];[-1, 1.0, 10];[-1, 1.0, 0];[1, 0.0, 0];[1, 0.0, 0];[1, 1.0, 0];[1, 1.0, 22];[1, 1.5238095238095183958648703992367, 47];[1, 1.0000000000000001110223024625157, 53];RAISE:ZeroDivisionError;[-1, 1.0000000000000001110223024625157, 53];[-1, 1.1428571428571432377907513000537, 50];[-1, 1.5238095238095255012922280002385, 47];[-1, 1.0240000000000009094947017729282, 43];[-1, 1.0000002384185791015625, 22];[-1, 1.0000002384185791015625, 22];[-1, 1.0, 1];[-1, 1.0, 0];[-1, 1.0, 0];[1, 0.0, 0];[1, 0.0, 0];[1, 0.0, 0];[1, 1.0, 0];[1, 1.5238095223903656005859375, 25];[1, 1.0, 31];RAISE:ZeroDivisionError;[-1, 1.0, 31];[-1, 1.1428571455180644989013671875, 28];[-1, 1.52380955219268798828125, 25];[-1, 1.0240001678466796875, 21];[-1, 1.0, 1];[-1, 1.0, 0];[-1, 1.0, 0];[-1, 1.0, 0];[-1, 1.0, 0];[1, 0.0, 0];[1, 0.0, 0];[1, 0.0, 0];[1, 0.0, 0];[1, 1.0, 0];[1, 1.3125, 5];RAISE:ZeroDivisionError;[-1, 1.3125, 5];[-1, 1.5, 2];[-1, 1.0, 0];[-1, 1.0, 0];[-1, 1.0, 0];[-1, 1.0, 0];[-1, 1.0, 0];[-1, 1.0, 0];[-1, 1.0, 0];[1, 0.0, 0];[1, 0.0, 0];[1, 0.0, 0];[1, 0.0, 0];[1, 0.0, 0];[1, 1.0, 0];RAISE:ZeroDivisionError;[-1, 1.0, 0];[-1, 1.0, 0];[-1, 1.0, 0];[-1, 1.0, 0];[-1, 1.0, 0];[-1, 1.0, 0];[-1, 1.0, 0];[-1, 1.0, 0];[-1, 1.0, 0];[1, 0.0, 0];[1, 0.0, 0];[1, 0.0, 0];[1, 0.0, 0];[1, 0.0, 0];[1, 0.0, 0];RAISE:ZeroDivisionError;[1, 0.0, 0];[1, 0.0, 0];[1, 0.0, 0];[1, 0.0, 0];[1, 0.0, 0];[1, 0.0, 0];[1, 0.0, 0];[1, 0.0, 0];[1, 0.0, 0];[-1, 1.0, 0];[-1, 1.0, 0];[-1, 1.0, 0];[-1, 1.0, 0];[-1, 1.0, 0];[-1, 1.0, 0];RAISE:ZeroDivisionError;[1, 1.0, 0];[1, 0.0, 0];[1, 0.0, 0];[1, 0.0, 0];[1, 0.0, 0];[1, 0.0, 0];[1, 0.0, 0];[1, 0.0, 0];[1, 0.0, 0];[-1, 1.0, 0];[-1, 1.0, 0];[-1, 1.0, 0];[-1, 1.0, 0];[-1, 1.0, 0];[-1, 1.75, 2];RAISE:ZeroDivisionError;[1, 1.75, 2];[1, 1.0, 0];[1, 0.0, 0];[1, 0.0, 0];[1, 0.0, 0];[1, 0.0, 0];[1, 0.0, 0];[1, 0.0, 0];[1, 0.0, 0];[-1, 1.0, 0];[-1, 1.0, 0];[-1, 1.0, 0];[-1, 1.0, 0];[-1, 1.0, 0];[-1, 1.3125, 5];RAISE:ZeroDivisionError;[1, 1.3125, 5];[1, 1.5, 2];[1, 1.0, 0];[1, 0.0, 0];[1, 0.0, 0];[1, 0.0, 0];[1, 0.0, 0];[1, 0.0, 0];[1, 0.0, 0];[-1, 1.0, 0];[-1, 1.0, 0];[-1, 1.0, 0];[-1, 1.0, 0];[-1, 1.5, 4];[-1, 1.953125, 9];RAISE:ZeroDivisionError;[1, 1.953125, 9];[1, 1.109375, 7];[1, 1.4375, 4];[1, 1.0, 0];[1, 0.0, 0];[1, 0.0, 0];[1, 0.0, 0];[1, 0.0, 0];[1, 0.0, 0];[-1, 1.0, 0];[-1, 1.0, 0];[-1, 1.0, 0];[-1, 1.0, 0];[-1, 1.52380955219268798828125, 25];[-1, 1.999999999068677425384521484375, 30];RAISE:ZeroDivisionError;[1, 1.999999999068677425384521484375, 30];[1, 1.142857141792774200439453125, 28];[1, 1.5238095223903656005859375, 25];[1, 1.023999691009521484375, 21];[1, 1.0, 0];[1, 0.0, 0];[1, 0.0, 0];[1, 0.0, 0];[1, 0.0, 0];[-1, 1.0, 0];[-1, 1.0, 0];[-1, 1.0, 0];[-1, 1.0, 0];[-1, 1.52380955219268798828125, 25];[-1, 1.0, 31];RAISE:ZeroDivisionError;[1, 1.0, 31];[1, 1.142857141792774200439453125, 28];[1, 1.5238095223903656005859375, 25];[1, 1.023999691009521484375, 21];[1, 1.0, 0];[1, 1.0, 0];[1, 0.0, 0];[1, 0.0, 0];[1, 0.0, 0];[-1, 1.0, 0];[-1, 1.0, 0];[-1, 1.0, 0];[-1, 1.0, 22];[-1, 1.5238095238095255012922280002385, 47];[-1, 1.9999999999999997779553950749687, 52];RAISE:ZeroDivisionError;[1, 1.9999999999999997779553950749687, 52];[1, 1.1428571428571423496123315999284, 50];[1, 1.5238095238095183958648703992367, 47];[1, 1.0239999999998872226569801568985, 43];[1, 1.0, 22];[1, 1.999999523162841796875, 21];[1, 1.0, 0];[1, 0.0, 0];[1, 0.0, 0];[-1, 1.0, 0];[-1, 1.0, 0];[-1, 1.0, 0];[-1, 1.0000002384185791015625, 22];[-1, 1.5238095238095255012922280002385, 47];[-1, 1.0000000000000001110223024625157, 53];RAISE:ZeroDivisionError;[1, 1.0000000000000001110223024625157, 53];[1, 1.1428571428571423496123315999284, 50];[1, 1.5238095238095183958648703992367, 47];[1, 1.0239999999998872226569801568985, 43];[1, 1.0, 22];[1, 1.0, 22];[1, 1.0, 0];[1, 1.0, 0];[1, 0.0, 0];[-1, 1.0, 0];[-1, 1.0, 0];[-1, 1.0, 10];[-1, 1.0, 32];[-1, 1.523809523809523815141009350782, 57];[-1, 1.9999999999999999997831595655029, 62];RAISE:ZeroDivisionError;[1, 1.9999999999999999997831595655029, 62];[1, 1.1428571428571428570189483231445, 60];[1, 1.5238095238095238082021154468748, 57];[1, 1.0239999999999999102939796102874, 53];[1, 1.0000000004656612873077392578125, 32];[1, 1.9999999995343387126922607421875, 31];[1, 1.0, 10];[1, 1.998046875, 9];[1, 1.0, 0];[-1, 1.0, 1];[-1, 1.5, 1];[-1, 1.0, 11];[-1, 1.0, 33];[-1, 1.5238095238095238116715623988284, 58];[-1, 1.9999999999999999998915797827514, 63];RAISE:ZeroDivisionError;[1, 1.9999999999999999998915797827514, 63];[1, 1.1428571428571428570189483231445, 61];[1, 1.5238095238095238082021154468748, 58];[1, 1.0239999999999999658051308415452, 54];[1, 1.0000000004656612873077392578125, 33];[1, 1.9999999997671693563461303710938, 32];[1, 1.0, 11];[1, 1.9990234375, 10];[1, 1.0, 1]",255,17
A16_2_6,1,whole|fractional,int,float,"whole/L1/17:-2^63,-2^63+1,-2^53-1,-2^31,-42,-1,0,1,7,42,1000,2^31-1,2^31,2^53-1,2^53+1,2^63-1,2^64-1","fractional/L1/16:-max_finite,-1.5,-1.0,-(1.0-1ulp),-0.0,+0.0,+min_subnormal,+min_normal,1.0-1ulp,1.0,1.0+1ulp,1.5,pi,2^53,max_finite,0.1",272,"[1, 0.0, 0];[1, 1.3333333333333332593184650249896, 62];[1, 1.0, 63];[1, 1.0000000000000002220446049250313, 63];RAISE:ZeroDivisionError;RAISE:ZeroDivisionError;[-1, inf];[-1, inf];[-1, 1.0000000000000002220446049250313, 63];[-1, 1.0, 63];[-1, 1.9999999999999995559107901499374, 62];[-1, 1.3333333333333332593184650249896, 62];[-1, 1.2732395447351627648657768077101, 61];[-1, 1.0, 10];[-1, 1.0, 0];[-1, 1.25, 66];[1, 0.0, 0];[1, 1.3333333333333332593184650249896, 62];[1, 1.0, 63];[1, 1.0000000000000002220446049250313, 63];RAISE:ZeroDivisionError;RAISE:ZeroDivisionError;[-1, inf];[-1, inf];[-1, 1.0000000000000002220446049250313, 63];[-1, 1.0, 63];[-1, 1.9999999999999995559107901499374, 62];[-1, 1.3333333333333332593184650249896, 62];[-1, 1.2732395447351627648657768077101, 61];[-1, 1.0, 10];[-1, 1.0, 0];[-1, 1.25, 66];[1, 0.0, 0];[1, 1.3333333333333332593184650249896, 52];[1, 1.0, 53];[1, 1.0000000000000002220446049250313, 53];RAISE:ZeroDivisionError;RAISE:ZeroDivisionError;[-1, inf];[-1, inf];[-1, 1.0000000000000004440892098500626, 53];[-1, 1.0, 53];[-1, 1.9999999999999997779553950749687, 52];[-1, 1.3333333333333334813630699500209, 52];[-1, 1.2732395447351629869103817327414, 51];[-1, 1.0, 0];[-1, 1.0, 0];[-1, 1.25, 56];[1, 0.0, 0];[1, 1.333333333022892475128173828125, 30];[1, 1.0, 31];[1, 1.0, 31];RAISE:ZeroDivisionError;RAISE:ZeroDivisionError;[-1, inf];[-1, inf];[-1, 1.0000000004656612873077392578125, 31];[-1, 1.0, 31];[-1, 1.0, 31];[-1, 1.33333333395421504974365234375, 30];[-1, 1.273239545524120330810546875, 29];[-1, 1.0, 0];[-1, 1.0, 0];[-1, 1.25, 34];[1, 0.0, 0];[1, 1.75, 4];[1, 1.3125, 5];[1, 1.3125, 5];RAISE:ZeroDivisionError;RAISE:ZeroDivisionError;[-1, inf];[-1, inf];[-1, 1.34375, 5];[-1, 1.3125, 5];[-1, 1.3125, 5];[-1, 1.75, 4];[-1, 1.75, 3];[-1, 1.0, 0];[-1, 1.0, 0];[-1, 1.640625, 8];[1, 0.0, 0];[1, 0.0, 0];[1, 1.0, 0];[1, 1.0, 0];RAISE:ZeroDivisionError;RAISE:ZeroDivisionError;[-1, inf];[-1, 1.0, 1022];[-1, 1.0, 1];[-1, 1.0, 0];[-1, 1.0, 0];[-1, 1.0, 0];[-1, 1.0, 0];[-1, 1.0, 0];[-1, 1.0, 0];[-1, 1.25, 3];[-1, 0.0, 0];[-1, 0.0, 0];[-1, 0.0, 0];[-1, 0.0, 0];RAISE:ZeroDivisionError;RAISE:ZeroDivisionError;[1, 0.0, 0];[1, 0.0, 0];[1, 0.0, 0];[1, 0.0, 0];[1, 0.0, 0];[1, 0.0, 0];[1, 0.0, 0];[1, 0.0, 0];[1, 0.0, 0];[1, 0.0, 0];[-1, 1.0, 0];[-1, 1.0, 0];[-1, 1.0, 0];[-1, 1.0, 1];RAISE:ZeroDivisionError;RAISE:ZeroDivisionError;[1, inf];[1, 1.0, 1022];[1, 1.0, 0];[1, 1.0, 0];[1, 0.0, 0];[1, 0.0, 0];[1, 0.0, 0];[1, 0.0, 0];[1, 0.0, 0];[1, 1.125, 3];[-1, 1.0, 0];[-1, 1.25, 2];[-1, 1.75, 2];[-1, 1.0, 3];RAISE:ZeroDivisionError;RAISE:ZeroDivisionError;[1, inf];[1, inf];[1, 1.75, 2];[1, 1.75, 2];[1, 1.5, 2];[1, 1.0, 2];[1, 1.0, 1];[1, 0.0, 0];[1, 0.0, 0];[1, 1.078125, 6];[-1, 1.0, 0];[-1, 1.75, 4];[-1, 1.3125, 5];[-1, 1.34375, 5];RAISE:ZeroDivisionError;RAISE:ZeroDivisionError;[1, inf];[1, inf];[1, 1.3125, 5];[1, 1.3125, 5];[1, 1.28125, 5];[1, 1.75, 4];[1, 1.625, 3];[1, 0.0, 0];[1, 0.0, 0];[1, 1.63671875, 8];[-1, 1.0, 0];[-1, 1.302734375, 9];[-1, 1.953125, 9];[-1, 1.955078125, 9];RAISE:ZeroDivisionError;RAISE:ZeroDivisionError;[1, inf];[1, inf];[1, 1.953125, 9];[1, 1.953125, 9];[1, 1.951171875, 9];[1, 1.30078125, 9];[1, 1.2421875, 8];[1, 0.0, 0];[1, 0.0, 0];[1, 1.2205810546875, 13];[-1, 1.0, 0];[-1, 1.333333333022892475128173828125, 30];[-1, 1.999999999068677425384521484375, 30];[-1, 1.0, 31];RAISE:ZeroDivisionError;RAISE:ZeroDivisionError;[1, inf];[1, inf];[1, 1.999999999068677425384521484375, 30];[1, 1.999999999068677425384521484375, 30];[1, 1.99999999813735485076904296875, 30];[1, 1.3333333320915699005126953125, 30];[1, 1.27323954366147518157958984375, 29];[1, 0.0, 0];[1, 0.0, 0];[1, 1.2499999993597157299518585205078, 34];[-1, 1.0, 0];[-1, 1.33333333395421504974365234375, 30];[-1, 1.0, 31];[-1, 1.0000000004656612873077392578125, 31];RAISE:ZeroDivisionError;RAISE:ZeroDivisionError;[1, inf];[1, inf];[1, 1.0, 31];[1, 1.0, 31];[1, 1.999999999068677425384521484375, 30];[1, 1.333333333022892475128173828125, 30];[1, 1.27323954366147518157958984375, 29];[1, 0.0, 0];[1, 0.0, 0];[1, 1.2499999999417923390865325927734, 34];[-1, 1.0, 0];[-1, 1.3333333333333332593184650249896, 52];[-1, 1.9999999999999997779553950749687, 52];[-1, 1.0, 53];RAISE:ZeroDivisionError;RAISE:ZeroDivisionError;[1, inf];[1, inf];[1, 1.0, 53];[1, 1.9999999999999997779553950749687, 52];[1, 1.9999999999999993338661852249061, 52];[1, 1.3333333333333330372738600999583, 52];[1, 1.2732395447351625428211718826788, 51];[1, 0.0, 0];[1, 0.0, 0];[1, 1.2499999999999997779553950749687, 56];[-1, 1.0, 0];[-1, 1.3333333333333334813630699500209, 52];[-1, 1.0, 53];[-1, 1.0000000000000004440892098500626, 53];RAISE:ZeroDivisionError;RAISE:ZeroDivisionError;[1, inf];[1, inf];[1, 1.0000000000000002220446049250313, 53];[1, 1.0, 53];[1, 1.9999999999999995559107901499374, 52];[1, 1.3333333333333332593184650249896, 52];[1, 1.2732395447351625428211718826788, 51];[1, 1.0, 0];[1, 0.0, 0];[1, 1.25, 56];[-1, 1.0, 0];[-1, 1.3333333333333332593184650249896, 62];[-1, 1.0, 63];[-1, 1.0000000000000002220446049250313, 63];RAISE:ZeroDivisionError;RAISE:ZeroDivisionError;[1, inf];[1, inf];[1, 1.0000000000000002220446049250313, 63];[1, 1.0, 63];[1, 1.9999999999999995559107901499374, 62];[1, 1.3333333333333332593184650249896, 62];[1, 1.2732395447351627648657768077101, 61];[1, 1.0, 10];[1, 0.0, 0];[1, 1.25, 66];[-1, 1.0, 0];[-1, 1.3333333333333332593184650249896, 63];[-1, 1.0, 64];[-1, 1.0000000000000002220446049250313, 64];RAISE:ZeroDivisionError;RAISE:ZeroDivisionError;[1, inf];[1, inf];[1, 1.0000000000000002220446049250313, 64];[1, 1.0, 64];[1, 1.9999999999999995559107901499374, 63];[1, 1.3333333333333332593184650249896, 63];[1, 1.2732395447351627648657768077101, 62];[1, 1.0, 11];[1, 0.0, 0];[1, 1.25, 67]",238,34
A16_2_7,1,whole|fractional,int,Decimal,"whole/L1/17:-2^63,-2^63+1,-2^53-1,-2^31,-42,-1,0,1,7,42,1000,2^31-1,2^31,2^53-1,2^53+1,2^63-1,2^64-1","fractional/L1/16:-max_finite,-1.5,-1.0,-(1.0-1ulp),-0.0,+0.0,+min_subnormal,+min_normal,1.0-1ulp,1.0,1.0+1ulp,1.5,pi,2^53,max_finite,0.1",272,"[1, 0.0, 0];[1, 1.333333333333333333261053188501, 62];[1, 1.0, 63];[1, 1.0000000000000000999634403031635, 63];RAISE:DivisionByZero;RAISE:DivisionByZero;RAISE:InvalidOperation;RAISE:InvalidOperation;[-1, 1.0000000000000000999634403031635, 63];[-1, 1.0, 63];[-1, 1.9999999999999995999293983528489, 62];[-1, 1.333333333333333333261053188501, 62];[-1, 1.2732395447351627826466924364723, 61];[-1, 1.0, 10];[-1, 0.0, 0];[-1, 1.25, 66];[1, 0.0, 0];[1, 1.3333333333333333330442127540039, 62];[1, 1.9999999999999999997831595655029, 62];[1, 1.000000000000000099855020085915, 63];RAISE:DivisionByZero;RAISE:DivisionByZero;RAISE:InvalidOperation;RAISE:InvalidOperation;[-1, 1.000000000000000099855020085915, 63];[-1, 1.9999999999999999997831595655029, 62];[-1, 1.9999999999999995997125579183518, 62];[-1, 1.3333333333333333330442127540039, 62];[-1, 1.2732395447351627826466924364723, 61];[-1, 1.998046875, 9];[-1, 0.0, 0];[-1, 1.2499999999999999998644747284393, 66];[1, 0.0, 0];[1, 1.3333333333333334813630699500209, 52];[1, 1.0000000000000001110223024625157, 53];[1, 1.0000000000000001110223024625157, 53];RAISE:DivisionByZero;RAISE:DivisionByZero;RAISE:InvalidOperation;RAISE:InvalidOperation;[-1, 1.0000000000000001110223024625157, 53];[-1, 1.0000000000000001110223024625157, 53];[-1, 1.9999999999999997779553950749687, 52];[-1, 1.3333333333333334813630699500209, 52];[-1, 1.2732395447351625428211718826788, 51];[-1, 1.0, 0];[-1, 0.0, 0];[-1, 1.2500000000000001387778780781446, 56];[1, 0.0, 0];[1, 1.333333333022892475128173828125, 30];[1, 1.0, 31];[1, 1.0, 31];RAISE:DivisionByZero;RAISE:DivisionByZero;RAISE:InvalidOperation;RAISE:InvalidOperation;[-1, 1.0, 31];[-1, 1.0, 31];[-1, 1.999999999068677425384521484375, 30];[-1, 1.333333333022892475128173828125, 30];[-1, 1.27323954366147518157958984375, 29];[-1, 0.0, 0];[-1, 0.0, 0];[-1, 1.25, 34];[1, 0.0, 0];[1, 1.75, 4];[1, 1.3125, 5];[1, 1.3125, 5];RAISE:DivisionByZero;RAISE:DivisionByZero;RAISE:InvalidOperation;RAISE:InvalidOperation;[-1, 1.3125, 5];[-1, 1.3125, 5];[-1, 1.28125, 5];[-1, 1.75, 4];[-1, 1.625, 3];[-1, 0.0, 0];[-1, 0.0, 0];[-1, 1.640625, 8];[1, 0.0, 0];[1, 0.0, 0];[1, 1.0, 0];[1, 1.0, 0];RAISE:DivisionByZero;RAISE:DivisionByZero;RAISE:InvalidOperation;RAISE:InvalidOperation;[-1, 1.0, 0];[-1, 1.0, 0];[-1, 0.0, 0];[-1, 0.0, 0];[-1, 0.0, 0];[-1, 0.0, 0];[-1, 0.0, 0];[-1, 1.25, 3];[-1, 0.0, 0];[-1, 0.0, 0];[-1, 0.0, 0];[-1, 0.0, 0];RAISE:InvalidOperation;RAISE:InvalidOperation;[1, 0.0, 0];[1, 0.0, 0];[1, 0.0, 0];[1, 0.0, 0];[1, 0.0, 0];[1, 0.0, 0];[1, 0.0, 0];[1, 0.0, 0];[1, 0.0, 0];[1, 0.0, 0];[-1, 0.0, 0];[-1, 0.0, 0];[-1, 1.0, 0];[-1, 1.0, 0];RAISE:DivisionByZero;RAISE:DivisionByZero;RAISE:InvalidOperation;RAISE:InvalidOperation;[1, 1.0, 0];[1, 1.0, 0];[1, 0.0, 0];[1, 0.0, 0];[1, 0.0, 0];[1, 0.0, 0];[1, 0.0, 0];[1, 1.25, 3];[-1, 0.0, 0];[-1, 1.0, 2];[-1, 1.75, 2];[-1, 1.75, 2];RAISE:DivisionByZero;RAISE:DivisionByZero;RAISE:InvalidOperation;RAISE:InvalidOperation;[1, 1.75, 2];[1, 1.75, 2];[1, 1.5, 2];[1, 1.0, 2];[1, 1.0, 1];[1, 0.0, 0];[1, 0.0, 0];[1, 1.09375, 6];[-1, 0.0, 0];[-1, 1.75, 4];[-1, 1.3125, 5];[-1, 1.3125, 5];RAISE:DivisionByZero;RAISE:DivisionByZero;RAISE:InvalidOperation;RAISE:InvalidOperation;[1, 1.3125, 5];[1, 1.3125, 5];[1, 1.28125, 5];[1, 1.75, 4];[1, 1.625, 3];[1, 0.0, 0];[1, 0.0, 0];[1, 1.640625, 8];[-1, 0.0, 0];[-1, 1.30078125, 9];[-1, 1.953125, 9];[-1, 1.953125, 9];RAISE:DivisionByZero;RAISE:DivisionByZero;RAISE:InvalidOperation;RAISE:InvalidOperation;[1, 1.953125, 9];[1, 1.953125, 9];[1, 1.951171875, 9];[1, 1.30078125, 9];[1, 1.2421875, 8];[1, 0.0, 0];[1, 0.0, 0];[1, 1.220703125, 13];[-1, 0.0, 0];[-1, 1.3333333320915699005126953125, 30];[-1, 1.999999999068677425384521484375, 30];[-1, 1.999999999068677425384521484375, 30];RAISE:DivisionByZero;RAISE:DivisionByZero;RAISE:InvalidOperation;RAISE:InvalidOperation;[1, 1.999999999068677425384521484375, 30];[1, 1.999999999068677425384521484375, 30];[1, 1.99999999813735485076904296875, 30];[1, 1.3333333320915699005126953125, 30];[1, 1.27323954366147518157958984375, 29];[1, 0.0, 0];[1, 0.0, 0];[1, 1.2499999994179233908653259277344, 34];[-1, 0.0, 0];[-1, 1.333333333022892475128173828125, 30];[-1, 1.0, 31];[-1, 1.0, 31];RAISE:DivisionByZero;RAISE:DivisionByZero;RAISE:InvalidOperation;RAISE:InvalidOperation;[1, 1.0, 31];[1, 1.0, 31];[1, 1.999999999068677425384521484375, 30];[1, 1.333333333022892475128173828125, 30];[1, 1.27323954366147518157958984375, 29];[1, 0.0, 0];[1, 0.0, 0];[1, 1.25, 34];[-1, 0.0, 0];[-1, 1.3333333333333330372738600999583, 52];[-1, 1.9999999999999997779553950749687, 52];[-1, 1.9999999999999997779553950749687, 52];RAISE:DivisionByZero;RAISE:DivisionByZero;RAISE:InvalidOperation;RAISE:InvalidOperation;[1, 1.9999999999999997779553950749687, 52];[1, 1.9999999999999997779553950749687, 52];[1, 1.9999999999999993338661852249061, 52];[1, 1.3333333333333330372738600999583, 52];[1, 1.2732395447351625428211718826788, 51];[1, 0.0, 0];[1, 0.0, 0];[1, 1.2499999999999998612221219218554, 56];[-1, 0.0, 0];[-1, 1.3333333333333334813630699500209, 52];[-1, 1.0000000000000001110223024625157, 53];[-1, 1.0000000000000001110223024625157, 53];RAISE:DivisionByZero;RAISE:DivisionByZero;RAISE:InvalidOperation;RAISE:InvalidOperation;[1, 1.0000000000000001110223024625157, 53];[1, 1.0000000000000001110223024625157, 53];[1, 1.9999999999999997779553950749687, 52];[1, 1.3333333333333334813630699500209, 52];[1, 1.2732395447351625428211718826788, 51];[1, 1.0, 0];[1, 0.0, 0];[1, 1.2500000000000001387778780781446, 56];[-1, 0.0, 0];[-1, 1.3333333333333333330442127540039, 62];[-1, 1.9999999999999999997831595655029, 62];[-1, 1.000000000000000099855020085915, 63];RAISE:DivisionByZero;RAISE:DivisionByZero;RAISE:InvalidOperation;RAISE:InvalidOperation;[1, 1.000000000000000099855020085915, 63];[1, 1.9999999999999999997831595655029, 62];[1, 1.9999999999999995997125579183518, 62];[1, 1.3333333333333333330442127540039, 62];[1, 1.2732395447351627826466924364723, 61];[1, 1.998046875, 9];[1, 0.0, 0];[1, 1.2499999999999999998644747284393, 66];[-1, 0.0, 0];[-1, 1.333333333333333333261053188501, 63];[-1, 1.9999999999999999998915797827514, 63];[-1, 1.0000000000000000999092301945392, 64];RAISE:DivisionByZero;RAISE:DivisionByZero;RAISE:InvalidOperation;RAISE:InvalidOperation;[1, 1.0000000000000000999092301945392, 64];[1, 1.9999999999999999998915797827514, 63];[1, 1.9999999999999995998209781356003, 63];[1, 1.333333333333333333261053188501, 63];[1, 1.2732395447351627826466924364723, 62];[1, 1.9990234375, 10];[1, 0.0, 0];[1, 1.2499999999999999999322373642197, 67]",206,66
A16_2_8,1,whole|fractional,int,Fraction,"whole/L1/17:-2^63,-2^63+1,-2^53-1,-2^31,-42,-1,0,1,7,42,1000,2^31-1,2^31,2^53-1,2^53+1,2^63-1,2^64-1","fractional/L1/15:-max_finite,-1.5,-1.0,-(1.0-1ulp),+0.0,+min_subnormal,+min_normal,1.0-1ulp,1.0,1.0+1ulp,1.5,pi,2^53,max_finite,0.1",255,"[1, 0.0, 0];[1, 1.333333333333333333261053188501, 62];[1, 1.0, 63];[1, 1.0000000000000001110223024625157, 63];RAISE:ZeroDivisionError;[-1, 1.0, 1137];[-1, 1.0, 1085];[-1, 1.0000000000000001111307226797642, 63];[-1, 1.0, 63];[-1, 1.9999999999999995561276305844345, 62];[-1, 1.3333333333333333334778936229981, 62];[-1, 1.2732395447351627358091585850985, 61];[-1, 1.0, 10];[-1, 1.0, 0];[-1, 1.2499999999999999306246134880838, 66];[1, 0.0, 0];[1, 1.3333333333333333330442127540039, 62];[1, 1.9999999999999999997831595655029, 62];[1, 1.0000000000000001109138822452671, 63];RAISE:ZeroDivisionError;[-1, 1.9999999999999999997831595655029, 1136];[-1, 1.9999999999999999997831595655029, 1084];[-1, 1.0000000000000001110223024625157, 63];[-1, 1.9999999999999999997831595655029, 62];[-1, 1.9999999999999995559107901499374, 62];[-1, 1.333333333333333333261053188501, 62];[-1, 1.2732395447351627358091585850985, 61];[-1, 1.0, 10];[-1, 1.0, 0];[-1, 1.2499999999999999304890882165231, 66];[1, 0.0, 0];[1, 1.3333333333333334813630699500209, 52];[1, 1.0000000000000001110223024625157, 53];[1, 1.0000000000000002220446049250313, 53];RAISE:ZeroDivisionError;[-1, 1.0000000000000001110223024625157, 1127];[-1, 1.0000000000000001110223024625157, 1075];[-1, 1.000000000000000333066907387547, 53];[-1, 1.0000000000000001110223024625157, 53];[-1, 1.0, 53];[-1, 1.3333333333333334813630699500209, 52];[-1, 1.2732395447351629869103817327414, 51];[-1, 1.0, 1];[-1, 1.0, 0];[-1, 1.2500000000000000693889390390723, 56];[1, 0.0, 0];[1, 1.333333333022892475128173828125, 30];[1, 1.0, 31];[1, 1.0, 31];RAISE:ZeroDivisionError;[-1, 1.0, 1105];[-1, 1.0, 1053];[-1, 1.0000000004656612873077392578125, 31];[-1, 1.0, 31];[-1, 1.0, 31];[-1, 1.33333333395421504974365234375, 30];[-1, 1.273239545524120330810546875, 29];[-1, 1.0, 0];[-1, 1.0, 0];[-1, 1.25, 34];[1, 0.0, 0];[1, 1.75, 4];[1, 1.3125, 5];[1, 1.3125, 5];RAISE:ZeroDivisionError;[-1, 1.3125, 1079];[-1, 1.3125, 1027];[-1, 1.34375, 5];[-1, 1.3125, 5];[-1, 1.3125, 5];[-1, 1.75, 4];[-1, 1.75, 3];[-1, 1.0, 0];[-1, 1.0, 0];[-1, 1.640625, 8];[1, 0.0, 0];[1, 0.0, 0];[1, 1.0, 0];[1, 1.0, 0];RAISE:ZeroDivisionError;[-1, 1.0, 1074];[-1, 1.0, 1022];[-1, 1.0, 1];[-1, 1.0, 0];[-1, 1.0, 0];[-1, 1.0, 0];[-1, 1.0, 0];[-1, 1.0, 0];[-1, 1.0, 0];[-1, 1.25, 3];[1, 0.0, 0];[1, 0.0, 0];[1, 0.0, 0];[1, 0.0, 0];RAISE:ZeroDivisionError;[1, 0.0, 0];[1, 0.0, 0];[1, 0.0, 0];[1, 0.0, 0];[1, 0.0, 0];[1, 0.0, 0];[1, 0.0, 0];[1, 0.0, 0];[1, 0.0, 0];[1, 0.0, 0];[-1, 1.0, 0];[-1, 1.0, 0];[-1, 1.0, 0];[-1, 1.0, 1];RAISE:ZeroDivisionError;[1, 1.0, 1074];[1, 1.0, 1022];[1, 1.0, 0];[1, 1.0, 0];[1, 0.0, 0];[1, 0.0, 0];[1, 0.0, 0];[1, 0.0, 0];[1, 0.0, 0];[1, 1.125, 3];[-1, 1.0, 0];[-1, 1.25, 2];[-1, 1.75, 2];[-1, 1.0, 3];RAISE:ZeroDivisionError;[1, 1.75, 1076];[1, 1.75, 1024];[1, 1.75, 2];[1, 1.75, 2];[1, 1.5, 2];[1, 1.0, 2];[1, 1.0, 1];[1, 0.0, 0];[1, 0.0, 0];[1, 1.078125, 6];[-1, 1.0, 0];[-1, 1.75, 4];[-1, 1.3125, 5];[-1, 1.34375, 5];RAISE:ZeroDivisionError;[1, 1.3125, 1079];[1, 1.3125, 1027];[1, 1.3125, 5];[1, 1.3125, 5];[1, 1.28125, 5];[1, 1.75, 4];[1, 1.625, 3];[1, 0.0, 0];[1, 0.0, 0];[1, 1.63671875, 8];[-1, 1.0, 0];[-1, 1.302734375, 9];[-1, 1.953125, 9];[-1, 1.955078125, 9];RAISE:ZeroDivisionError;[1, 1.953125, 1083];[1, 1.953125, 1031];[1, 1.953125, 9];[1, 1.953125, 9];[1, 1.951171875, 9];[1, 1.30078125, 9];[1, 1.2421875, 8];[1, 0.0, 0];[1, 0.0, 0];[1, 1.2205810546875, 13];[-1, 1.0, 0];[-1, 1.333333333022892475128173828125, 30];[-1, 1.999999999068677425384521484375, 30];[-1, 1.0, 31];RAISE:ZeroDivisionError;[1, 1.999999999068677425384521484375, 1104];[1, 1.999999999068677425384521484375, 1052];[1, 1.999999999068677425384521484375, 30];[1, 1.999999999068677425384521484375, 30];[1, 1.99999999813735485076904296875, 30];[1, 1.3333333320915699005126953125, 30];[1, 1.27323954366147518157958984375, 29];[1, 0.0, 0];[1, 0.0, 0];[1, 1.2499999993597157299518585205078, 34];[-1, 1.0, 0];[-1, 1.33333333395421504974365234375, 30];[-1, 1.0, 31];[-1, 1.0000000004656612873077392578125, 31];RAISE:ZeroDivisionError;[1, 1.0, 1105];[1, 1.0, 1053];[1, 1.0, 31];[1, 1.0, 31];[1, 1.999999999068677425384521484375, 30];[1, 1.333333333022892475128173828125, 30];[1, 1.27323954366147518157958984375, 29];[1, 0.0, 0];[1, 0.0, 0];[1, 1.2499999999417923390865325927734, 34];[-1, 1.0, 0];[-1, 1.3333333333333332593184650249896, 52];[-1, 1.9999999999999997779553950749687, 52];[-1, 1.0, 53];RAISE:ZeroDivisionError;[1, 1.9999999999999997779553950749687, 1126];[1, 1.9999999999999997779553950749687, 1074];[1, 1.0, 53];[1, 1.9999999999999997779553950749687, 52];[1, 1.9999999999999993338661852249061, 52];[1, 1.3333333333333330372738600999583, 52];[1, 1.2732395447351625428211718826788, 51];[1, 0.0, 0];[1, 0.0, 0];[1, 1.2499999999999997918331828827831, 56];[-1, 1.0, 0];[-1, 1.3333333333333334813630699500209, 52];[-1, 1.0000000000000001110223024625157, 53];[-1, 1.000000000000000333066907387547, 53];RAISE:ZeroDivisionError;[1, 1.0000000000000001110223024625157, 1127];[1, 1.0000000000000001110223024625157, 1075];[1, 1.0000000000000002220446049250313, 53];[1, 1.0000000000000001110223024625157, 53];[1, 1.9999999999999997779553950749687, 52];[1, 1.3333333333333334813630699500209, 52];[1, 1.2732395447351625428211718826788, 51];[1, 1.0, 0];[1, 0.0, 0];[1, 1.2500000000000000555111512312578, 56];[-1, 1.0, 0];[-1, 1.333333333333333333261053188501, 62];[-1, 1.9999999999999999997831595655029, 62];[-1, 1.0000000000000001110223024625157, 63];RAISE:ZeroDivisionError;[1, 1.9999999999999999997831595655029, 1136];[1, 1.9999999999999999997831595655029, 1084];[1, 1.0000000000000001109138822452671, 63];[1, 1.9999999999999999997831595655029, 62];[1, 1.9999999999999995556939497154403, 62];[1, 1.3333333333333333330442127540039, 62];[1, 1.2732395447351627353754777161043, 61];[1, 1.998046875, 9];[1, 0.0, 0];[1, 1.249999999999999930475535689367, 66];[-1, 1.0, 0];[-1, 1.333333333333333333261053188501, 63];[-1, 1.9999999999999999998915797827514, 63];[-1, 1.0000000000000001110223024625157, 64];RAISE:ZeroDivisionError;[1, 1.9999999999999999998915797827514, 1137];[1, 1.9999999999999999998915797827514, 1085];[1, 1.0000000000000001109680923538914, 64];[1, 1.9999999999999999998915797827514, 63];[1, 1.9999999999999995558023699326888, 63];[1, 1.333333333333333333261053188501, 63];[1, 1.2732395447351627355923181506014, 62];[1, 1.9990234375, 10];[1, 0.0, 0];[1, 1.2499999999999999305432983251474, 67]",238,17
A16_3_1,1,whole|truth,Decimal,bool,"whole/L1/17:-2^63,-2^63+1,-2^53-1,-2^31,-42,-1,0,1,7,42,1000,2^31-1,2^31,2^53-1,2^53+1,2^63-1,2^64-1","truth/L1/6:true,false,0,1,"""",nil",102,"[-1, 1.0, 63];RAISE:DivisionByZero;RAISE:DivisionByZero;[-1, 1.0, 63];RAISE:TypeError;RAISE:TypeError;[-1, 1.9999999999999999997831595655029, 62];RAISE:DivisionByZero;RAISE:DivisionByZero;[-1, 1.9999999999999999997831595655029, 62];RAISE:TypeError;RAISE:TypeError;[-1, 1.0000000000000001110223024625157, 53];RAISE:DivisionByZero;RAISE:DivisionByZero;[-1, 1.0000000000000001110223024625157, 53];RAISE:TypeError;RAISE:TypeError;[-1, 1.0, 31];RAISE:DivisionByZero;RAISE:DivisionByZero;[-1, 1.0, 31];RAISE:TypeError;RAISE:TypeError;[-1, 1.3125, 5];RAISE:DivisionByZero;RAISE:DivisionByZero;[-1, 1.3125, 5];RAISE:TypeError;RAISE:TypeError;[-1, 1.0, 0];RAISE:DivisionByZero;RAISE:DivisionByZero;[-1, 1.0, 0];RAISE:TypeError;RAISE:TypeError;[1, 0.0, 0];RAISE:InvalidOperation;RAISE:InvalidOperation;[1, 0.0, 0];RAISE:TypeError;RAISE:TypeError;[1, 1.0, 0];RAISE:DivisionByZero;RAISE:DivisionByZero;[1, 1.0, 0];RAISE:TypeError;RAISE:TypeError;[1, 1.75, 2];RAISE:DivisionByZero;RAISE:DivisionByZero;[1, 1.75, 2];RAISE:TypeError;RAISE:TypeError;[1, 1.3125, 5];RAISE:DivisionByZero;RAISE:DivisionByZero;[1, 1.3125, 5];RAISE:TypeError;RAISE:TypeError;[1, 1.953125, 9];RAISE:DivisionByZero;RAISE:DivisionByZero;[1, 1.953125, 9];RAISE:TypeError;RAISE:TypeError;[1, 1.999999999068677425384521484375, 30];RAISE:DivisionByZero;RAISE:DivisionByZero;[1, 1.999999999068677425384521484375, 30];RAISE:TypeError;RAISE:TypeError;[1, 1.0, 31];RAISE:DivisionByZero;RAISE:DivisionByZero;[1, 1.0, 31];RAISE:TypeError;RAISE:TypeError;[1, 1.9999999999999997779553950749687, 52];RAISE:DivisionByZero;RAISE:DivisionByZero;[1, 1.9999999999999997779553950749687, 52];RAISE:TypeError;RAISE:TypeError;[1, 1.0000000000000001110223024625157, 53];RAISE:DivisionByZero;RAISE:DivisionByZero;[1, 1.0000000000000001110223024625157, 53];RAISE:TypeError;RAISE:TypeError;[1, 1.9999999999999999997831595655029, 62];RAISE:DivisionByZero;RAISE:DivisionByZero;[1, 1.9999999999999999997831595655029, 62];RAISE:TypeError;RAISE:TypeError;[1, 1.9999999999999999998915797827514, 63];RAISE:DivisionByZero;RAISE:DivisionByZero;[1, 1.9999999999999999998915797827514, 63];RAISE:TypeError;RAISE:TypeError",34,68
A16_3_2,1,whole|whole,Decimal,int,"whole/L1/17:-2^63,-2^63+1,-2^53-1,-2^31,-42,-1,0,1,7,42,1000,2^31-1,2^31,2^53-1,2^53+1,2^63-1,2^64-1","whole/L1/17:-2^63,-2^63+1,-2^53-1,-2^31,-42,-1,0,1,7,42,1000,2^31-1,2^31,2^53-1,2^53+1,2^63-1,2^64-1",289,"[1, 1.0, 0];[1, 1.0, 0];[1, 1.998046875, 9];[1, 1.0, 32];[1, 1.5238095238095238082021154468748, 57];[1, 1.0, 63];RAISE:DivisionByZero;[-1, 1.0, 63];[-1, 1.1428571428571428570189483231445, 60];[-1, 1.5238095238095238082021154468748, 57];[-1, 1.0239999999999999102939796102874, 53];[-1, 1.0000000004656612873077392578125, 32];[-1, 1.0, 32];[-1, 1.0, 10];[-1, 1.998046875, 9];[-1, 1.0, 0];[-1, 0.0, 0];[1, 0.0, 0];[1, 1.0, 0];[1, 1.998046875, 9];[1, 1.9999999995343387126922607421875, 31];[1, 1.5238095238095238082021154468748, 57];[1, 1.9999999999999999997831595655029, 62];RAISE:DivisionByZero;[-1, 1.9999999999999999997831595655029, 62];[-1, 1.1428571428571428570189483231445, 60];[-1, 1.5238095238095238082021154468748, 57];[-1, 1.0239999999999999102939796102874, 53];[-1, 1.0000000004656612873077392578125, 32];[-1, 1.9999999995343387126922607421875, 31];[-1, 1.0, 10];[-1, 1.998046875, 9];[-1, 1.0, 0];[-1, 0.0, 0];[1, 0.0, 0];[1, 0.0, 0];[1, 1.0, 0];[1, 1.0, 22];[1, 1.5238095238095183958648703992367, 47];[1, 1.0000000000000001110223024625157, 53];RAISE:DivisionByZero;[-1, 1.0000000000000001110223024625157, 53];[-1, 1.1428571428571423496123315999284, 50];[-1, 1.5238095238095183958648703992367, 47];[-1, 1.0239999999998872226569801568985, 43];[-1, 1.0, 22];[-1, 1.0, 22];[-1, 1.0, 0];[-1, 1.0, 0];[-1, 0.0, 0];[-1, 0.0, 0];[1, 0.0, 0];[1, 0.0, 0];[1, 0.0, 0];[1, 1.0, 0];[1, 1.5238095223903656005859375, 25];[1, 1.0, 31];RAISE:DivisionByZero;[-1, 1.0, 31];[-1, 1.142857141792774200439453125, 28];[-1, 1.5238095223903656005859375, 25];[-1, 1.023999691009521484375, 21];[-1, 1.0, 0];[-1, 1.0, 0];[-1, 0.0, 0];[-1, 0.0, 0];[-1, 0.0, 0];[-1, 0.0, 0];[1, 0.0, 0];[1, 0.0, 0];[1, 0.0, 0];[1, 0.0, 0];[1, 1.0, 0];[1, 1.3125, 5];RAISE:DivisionByZero;[-1, 1.3125, 5];[-1, 1.5, 2];[-1, 1.0, 0];[-1, 0.0, 0];[-1, 0.0, 0];[-1, 0.0, 0];[-1, 0.0, 0];[-1, 0.0, 0];[-1, 0.0, 0];[-1, 0.0, 0];[1, 0.0, 0];[1, 0.0, 0];[1, 0.0, 0];[1, 0.0, 0];[1, 0.0, 0];[1, 1.0, 0];RAISE:DivisionByZero;[-1, 1.0, 0];[-1, 0.0, 0];[-1, 0.0, 0];[-1, 0.0, 0];[-1, 0.0, 0];[-1, 0.0, 0];[-1, 0.0, 0];[-1, 0.0, 0];[-1, 0.0, 0];[-1, 0.0, 0];[-1, 0.0, 0];[-1, 0.0, 0];[-1, 0.0, 0];[-1, 0.0, 0];[-1, 0.0, 0];[-1, 0.0, 0];RAISE:InvalidOperation;[1, 0.0, 0];[1, 0.0, 0];[1, 0.0, 0];[1, 0.0, 0];[1, 0.0, 0];[1, 0.0, 0];[1, 0.0, 0];[1, 0.0, 0];[1, 0.0, 0];[1, 0.0, 0];[-1, 0.0, 0];[-1, 0.0, 0];[-1, 0.0, 0];[-1, 0.0, 0];[-1, 0.0, 0];[-1, 1.0, 0];RAISE:DivisionByZero;[1, 1.0, 0];[1, 0.0, 0];[1, 0.0, 0];[1, 0.0, 0];[1, 0.0, 0];[1, 0.0, 0];[1, 0.0, 0];[1, 0.0, 0];[1, 0.0, 0];[1, 0.0, 0];[-1, 0.0, 0];[-1, 0.0, 0];[-1, 0.0, 0];[-1, 0.0, 0];[-1, 0.0, 0];[-1, 1.75, 2];RAISE:DivisionByZero;[1, 1.75, 2];[1, 1.0, 0];[1, 0.0, 0];[1, 0.0, 0];[1, 0.0, 0];[1, 0.0, 0];[1, 0.0, 0];[1, 0.0, 0];[1, 0.0, 0];[1, 0.0, 0];[-1, 0.0, 0];[-1, 0.0, 0];[-1, 0.0, 0];[-1, 0.0, 0];[-1, 1.0, 0];[-1, 1.3125, 5];RAISE:DivisionByZero;[1, 1.3125, 5];[1, 1.5, 2];[1, 1.0, 0];[1, 0.0, 0];[1, 0.0, 0];[1, 0.0, 0];[1, 0.0, 0];[1, 0.0, 0];[1, 0.0, 0];[1, 0.0, 0];[-1, 0.0, 0];[-1, 0.0, 0];[-1, 0.0, 0];[-1, 0.0, 0];[-1, 1.4375, 4];[-1, 1.953125, 9];RAISE:DivisionByZero;[1, 1.953125, 9];[1, 1.109375, 7];[1, 1.4375, 4];[1, 1.0, 0];[1, 0.0, 0];[1, 0.0, 0];[1, 0.0, 0];[1, 0.0, 0];[1, 0.0, 0];[1, 0.0, 0];[-1, 0.0, 0];[-1, 0.0, 0];[-1, 0.0, 0];[-1, 0.0, 0];[-1, 1.5238095223903656005859375, 25];[-1, 1.999999999068677425384521484375, 30];RAISE:DivisionByZero;[1, 1.999999999068677425384521484375, 30];[1, 1.142857141792774200439453125, 28];[1, 1.5238095223903656005859375, 25];[1, 1.023999691009521484375, 21];[1, 1.0, 0];[1, 0.0, 0];[1, 0.0, 0];[1, 0.0, 0];[1, 0.0, 0];[1, 0.0, 0];[-1, 0.0, 0];[-1, 0.0, 0];[-1, 0.0, 0];[-1, 1.0, 0];[-1, 1.5238095223903656005859375, 25];[-1, 1.0, 31];RAISE:DivisionByZero;[1, 1.0, 31];[1, 1.142857141792774200439453125, 28];[1, 1.5238095223903656005859375, 25];[1, 1.023999691009521484375, 21];[1, 1.0, 0];[1, 1.0, 0];[1, 0.0, 0];[1, 0.0, 0];[1, 0.0, 0];[1, 0.0, 0];[-1, 0.0, 0];[-1, 0.0, 0];[-1, 0.0, 0];[-1, 1.999999523162841796875, 21];[-1, 1.5238095238095183958648703992367, 47];[-1, 1.9999999999999997779553950749687, 52];RAISE:DivisionByZero;[1, 1.9999999999999997779553950749687, 52];[1, 1.1428571428571423496123315999284, 50];[1, 1.5238095238095183958648703992367, 47];[1, 1.0239999999998872226569801568985, 43];[1, 1.0, 22];[1, 1.999999523162841796875, 21];[1, 1.0, 0];[1, 0.0, 0];[1, 0.0, 0];[1, 0.0, 0];[-1, 0.0, 0];[-1, 0.0, 0];[-1, 1.0, 0];[-1, 1.0, 22];[-1, 1.5238095238095183958648703992367, 47];[-1, 1.0000000000000001110223024625157, 53];RAISE:DivisionByZero;[1, 1.0000000000000001110223024625157, 53];[1, 1.1428571428571423496123315999284, 50];[1, 1.5238095238095183958648703992367, 47];[1, 1.0239999999998872226569801568985, 43];[1, 1.0, 22];[1, 1.0, 22];[1, 1.0, 0];[1, 1.0, 0];[1, 0.0, 0];[1, 0.0, 0];[-1, 0.0, 0];[-1, 1.0, 0];[-1, 1.998046875, 9];[-1, 1.9999999995343387126922607421875, 31];[-1, 1.5238095238095238082021154468748, 57];[-1, 1.9999999999999999997831595655029, 62];RAISE:DivisionByZero;[1, 1.9999999999999999997831595655029, 62];[1, 1.1428571428571428570189483231445, 60];[1, 1.5238095238095238082021154468748, 57];[1, 1.0239999999999999102939796102874, 53];[1, 1.0000000004656612873077392578125, 32];[1, 1.9999999995343387126922607421875, 31];[1, 1.0, 10];[1, 1.998046875, 9];[1, 1.0, 0];[1, 0.0, 0];[-1, 1.0, 0];[-1, 1.0, 1];[-1, 1.9990234375, 10];[-1, 1.9999999997671693563461303710938, 32];[-1, 1.5238095238095238082021154468748, 58];[-1, 1.9999999999999999998915797827514, 63];RAISE:DivisionByZero;[1, 1.9999999999999999998915797827514, 63];[1, 1.1428571428571428570189483231445, 61];[1, 1.5238095238095238082021154468748, 58];[1, 1.0239999999999999658051308415452, 54];[1, 1.0000000004656612873077392578125, 33];[1, 1.9999999997671693563461303710938, 32];[1, 1.0, 11];[1, 1.9990234375, 10];[1, 1.0, 1];[1, 1.0, 0]",272,17
A16_3_3,1,whole|whole,Decimal,Decimal,"whole/L1/17:-2^63,-2^63+1,-2^53-1,-2^31,-42,-1,0,1,7,42,1000,2^31-1,2^31,2^53-1,2^53+1,2^63-1,2^64-1","whole/L1/17:-2^63,-2^63+1,-2^53-1,-2^31,-42,-1,0,1,7,42,1000,2^31-1,2^31,2^53-1,2^53+1,2^63-1,2^64-1",289,"[1, 1.0, 0];[1, 1.0, 0];[1, 1.998046875, 9];[1, 1.0, 32];[1, 1.5238095238095238082021154468748, 57];[1, 1.0, 63];RAISE:DivisionByZero;[-1, 1.0, 63];[-1, 1.1428571428571428570189483231445, 60];[-1, 1.5238095238095238082021154468748, 57];[-1, 1.0239999999999999102939796102874, 53];[-1, 1.0000000004656612873077392578125, 32];[-1, 1.0, 32];[-1, 1.0, 10];[-1, 1.998046875, 9];[-1, 1.0, 0];[-1, 0.0, 0];[1, 0.0, 0];[1, 1.0, 0];[1, 1.998046875, 9];[1, 1.9999999995343387126922607421875, 31];[1, 1.5238095238095238082021154468748, 57];[1, 1.9999999999999999997831595655029, 62];RAISE:DivisionByZero;[-1, 1.9999999999999999997831595655029, 62];[-1, 1.1428571428571428570189483231445, 60];[-1, 1.5238095238095238082021154468748, 57];[-1, 1.0239999999999999102939796102874, 53];[-1, 1.0000000004656612873077392578125, 32];[-1, 1.9999999995343387126922607421875, 31];[-1, 1.0, 10];[-1, 1.998046875, 9];[-1, 1.0, 0];[-1, 0.0, 0];[1, 0.0, 0];[1, 0.0, 0];[1, 1.0, 0];[1, 1.0, 22];[1, 1.5238095238095183958648703992367, 47];[1, 1.0000000000000001110223024625157, 53];RAISE:DivisionByZero;[-1, 1.0000000000000001110223024625157, 53];[-1, 1.1428571428571423496123315999284, 50];[-1, 1.5238095238095183958648703992367, 47];[-1, 1.0239999999998872226569801568985, 43];[-1, 1.0, 22];[-1, 1.0, 22];[-1, 1.0, 0];[-1, 1.0, 0];[-1, 0.0, 0];[-1, 0.0, 0];[1, 0.0, 0];[1, 0.0, 0];[1, 0.0, 0];[1, 1.0, 0];[1, 1.5238095223903656005859375, 25];[1, 1.0, 31];RAISE:DivisionByZero;[-1, 1.0, 31];[-1, 1.142857141792774200439453125, 28];[-1, 1.5238095223903656005859375, 25];[-1, 1.023999691009521484375, 21];[-1, 1.0, 0];[-1, 1.0, 0];[-1, 0.0, 0];[-1, 0.0, 0];[-1, 0.0, 0];[-1, 0.0, 0];[1, 0.0, 0];[1, 0.0, 0];[1, 0.0, 0];[1, 0.0, 0];[1, 1.0, 0];[1, 1.3125, 5];RAISE:DivisionByZero;[-1, 1.3125, 5];[-1, 1.5, 2];[-1, 1.0, 0];[-1, 0.0, 0];[-1, 0.0, 0];[-1, 0.0, 0];[-1, 0.0, 0];[-1, 0.0, 0];[-1, 0.0, 0];[-1, 0.0, 0];[1, 0.0, 0];[1, 0.0, 0];[1, 0.0, 0];[1, 0.0, 0];[1, 0.0, 0];[1, 1.0, 0];RAISE:DivisionByZero;[-1, 1.0, 0];[-1, 0.0, 0];[-1, 0.0, 0];[-1, 0.0, 0];[-1, 0.0, 0];[-1, 0.0, 0];[-1, 0.0, 0];[-1, 0.0, 0];[-1, 0.0, 0];[-1, 0.0, 0];[-1, 0.0, 0];[-1, 0.0, 0];[-1, 0.0, 0];[-1, 0.0, 0];[-1, 0.0, 0];[-1, 0.0, 0];RAISE:InvalidOperation;[1, 0.0, 0];[1, 0.0, 0];[1, 0.0, 0];[1, 0.0, 0];[1, 0.0, 0];[1, 0.0, 0];[1, 0.0, 0];[1, 0.0, 0];[1, 0.0, 0];[1, 0.0, 0];[-1, 0.0, 0];[-1, 0.0, 0];[-1, 0.0, 0];[-1, 0.0, 0];[-1, 0.0, 0];[-1, 1.0, 0];RAISE:DivisionByZero;[1, 1.0, 0];[1, 0.0, 0];[1, 0.0, 0];[1, 0.0, 0];[1, 0.0, 0];[1, 0.0, 0];[1, 0.0, 0];[1, 0.0, 0];[1, 0.0, 0];[1, 0.0, 0];[-1, 0.0, 0];[-1, 0.0, 0];[-1, 0.0, 0];[-1, 0.0, 0];[-1, 0.0, 0];[-1, 1.75, 2];RAISE:DivisionByZero;[1, 1.75, 2];[1, 1.0, 0];[1, 0.0, 0];[1, 0.0, 0];[1, 0.0, 0];[1, 0.0, 0];[1, 0.0, 0];[1, 0.0, 0];[1, 0.0, 0];[1, 0.0, 0];[-1, 0.0, 0];[-1, 0.0, 0];[-1, 0.0, 0];[-1, 0.0, 0];[-1, 1.0, 0];[-1, 1.3125, 5];RAISE:DivisionByZero;[1, 1.3125, 5];[1, 1.5, 2];[1, 1.0, 0];[1, 0.0, 0];[1, 0.0, 0];[1, 0.0, 0];[1, 0.0, 0];[1, 0.0, 0];[1, 0.0, 0];[1, 0.0, 0];[-1, 0.0, 0];[-1, 0.0, 0];[-1, 0.0, 0];[-1, 0.0, 0];[-1, 1.4375, 4];[-1, 1.953125, 9];RAISE:DivisionByZero;[1, 1.953125, 9];[1, 1.109375, 7];[1, 1.4375, 4];[1, 1.0, 0];[1, 0.0, 0];[1, 0.0, 0];[1, 0.0, 0];[1, 0.0, 0];[1, 0.0, 0];[1, 0.0, 0];[-1, 0.0, 0];[-1, 0.0, 0];[-1, 0.0, 0];[-1, 0.0, 0];[-1, 1.5238095223903656005859375, 25];[-1, 1.999999999068677425384521484375, 30];RAISE:DivisionByZero;[1, 1.999999999068677425384521484375, 30];[1, 1.142857141792774200439453125, 28];[1, 1.5238095223903656005859375, 25];[1, 1.023999691009521484375, 21];[1, 1.0, 0];[1, 0.0, 0];[1, 0.0, 0];[1, 0.0, 0];[1, 0.0, 0];[1, 0.0, 0];[-1, 0.0, 0];[-1, 0.0, 0];[-1, 0.0, 0];[-1, 1.0, 0];[-1, 1.5238095223903656005859375, 25];[-1, 1.0, 31];RAISE:DivisionByZero;[1, 1.0, 31];[1, 1.142857141792774200439453125, 28];[1, 1.5238095223903656005859375, 25];[1, 1.023999691009521484375, 21];[1, 1.0, 0];[1, 1.0, 0];[1, 0.0, 0];[1, 0.0, 0];[1, 0.0, 0];[1, 0.0, 0];[-1, 0.0, 0];[-1, 0.0, 0];[-1, 0.0, 0];[-1, 1.999999523162841796875, 21];[-1, 1.5238095238095183958648703992367, 47];[-1, 1.9999999999999997779553950749687, 52];RAISE:DivisionByZero;[1, 1.9999999999999997779553950749687, 52];[1, 1.1428571428571423496123315999284, 50];[1, 1.5238095238095183958648703992367, 47];[1, 1.0239999999998872226569801568985, 43];[1, 1.0, 22];[1, 1.999999523162841796875, 21];[1, 1.0, 0];[1, 0.0, 0];[1, 0.0, 0];[1, 0.0, 0];[-1, 0.0, 0];[-1, 0.0, 0];[-1, 1.0, 0];[-1, 1.0, 22];[-1, 1.5238095238095183958648703992367, 47];[-1, 1.0000000000000001110223024625157, 53];RAISE:DivisionByZero;[1, 1.0000000000000001110223024625157, 53];[1, 1.1428571428571423496123315999284, 50];[1, 1.5238095238095183958648703992367, 47];[1, 1.0239999999998872226569801568985, 43];[1, 1.0, 22];[1, 1.0, 22];[1, 1.0, 0];[1, 1.0, 0];[1, 0.0, 0];[1, 0.0, 0];[-1, 0.0, 0];[-1, 1.0, 0];[-1, 1.998046875, 9];[-1, 1.9999999995343387126922607421875, 31];[-1, 1.5238095238095238082021154468748, 57];[-1, 1.9999999999999999997831595655029, 62];RAISE:DivisionByZero;[1, 1.9999999999999999997831595655029, 62];[1, 1.1428571428571428570189483231445, 60];[1, 1.5238095238095238082021154468748, 57];[1, 1.0239999999999999102939796102874, 53];[1, 1.0000000004656612873077392578125, 32];[1, 1.9999999995343387126922607421875, 31];[1, 1.0, 10];[1, 1.998046875, 9];[1, 1.0, 0];[1, 0.0, 0];[-1, 1.0, 0];[-1, 1.0, 1];[-1, 1.9990234375, 10];[-1, 1.9999999997671693563461303710938, 32];[-1, 1.5238095238095238082021154468748, 58];[-1, 1.9999999999999999998915797827514, 63];RAISE:DivisionByZero;[1, 1.9999999999999999998915797827514, 63];[1, 1.1428571428571428570189483231445, 61];[1, 1.5238095238095238082021154468748, 58];[1, 1.0239999999999999658051308415452, 54];[1, 1.0000000004656612873077392578125, 33];[1, 1.9999999997671693563461303710938, 32];[1, 1.0, 11];[1, 1.9990234375, 10];[1, 1.0, 1];[1, 1.0, 0]",272,17
A16_3_4,1,whole|whole,Decimal,Fraction,"whole/L1/17:-2^63,-2^63+1,-2^53-1,-2^31,-42,-1,0,1,7,42,1000,2^31-1,2^31,2^53-1,2^53+1,2^63-1,2^64-1","whole/L1/17:-2^63,-2^63+1,-2^53-1,-2^31,-42,-1,0,1,7,42,1000,2^31-1,2^31,2^53-1,2^53+1,2^63-1,2^64-1",289,RAISE:TypeError;RAISE:TypeError;RAISE:TypeError;RAISE:TypeError;RAISE:TypeError;RAISE:TypeError;RAISE:TypeError;RAISE:TypeError;RAISE:TypeError;RAISE:TypeError;RAISE:TypeError;RAISE:TypeError;RAISE:TypeError;RAISE:TypeError;RAISE:TypeError;RAISE:TypeError;RAISE:TypeError;RAISE:TypeError;RAISE:TypeError;RAISE:TypeError;RAISE:TypeError;RAISE:TypeError;RAISE:TypeError;RAISE:TypeError;RAISE:TypeError;RAISE:TypeError;RAISE:TypeError;RAISE:TypeError;RAISE:TypeError;RAISE:TypeError;RAISE:TypeError;RAISE:TypeError;RAISE:TypeError;RAISE:TypeError;RAISE:TypeError;RAISE:TypeError;RAISE:TypeError;RAISE:TypeError;RAISE:TypeError;RAISE:TypeError;RAISE:TypeError;RAISE:TypeError;RAISE:TypeError;RAISE:TypeError;RAISE:TypeError;RAISE:TypeError;RAISE:TypeError;RAISE:TypeError;RAISE:TypeError;RAISE:TypeError;RAISE:TypeError;RAISE:TypeError;RAISE:TypeError;RAISE:TypeError;RAISE:TypeError;RAISE:TypeError;RAISE:TypeError;RAISE:TypeError;RAISE:TypeError;RAISE:TypeError;RAISE:TypeError;RAISE:TypeError;RAISE:TypeError;RAISE:TypeError;RAISE:TypeError;RAISE:TypeError;RAISE:TypeError;RAISE:TypeError;RAISE:TypeError;RAISE:TypeError;RAISE:TypeError;RAISE:TypeError;RAISE:TypeError;RAISE:TypeError;RAISE:TypeError;RAISE:TypeError;RAISE:TypeError;RAISE:TypeError;RAISE:TypeError;RAISE:TypeError;RAISE:TypeError;RAISE:TypeError;RAISE:TypeError;RAISE:TypeError;RAISE:TypeError;RAISE:TypeError;RAISE:TypeError;RAISE:TypeError;RAISE:TypeError;RAISE:TypeError;RAISE:TypeError;RAISE:TypeError;RAISE:TypeError;RAISE:TypeError;RAISE:TypeError;RAISE:TypeError;RAISE:TypeError;RAISE:TypeError;RAISE:TypeError;RAISE:TypeError;RAISE:TypeError;RAISE:TypeError;RAISE:TypeError;RAISE:TypeError;RAISE:TypeError;RAISE:TypeError;RAISE:TypeError;RAISE:TypeError;RAISE:TypeError;RAISE:TypeError;RAISE:TypeError;RAISE:TypeError;RAISE:TypeError;RAISE:TypeError;RAISE:TypeError;RAISE:TypeError;RAISE:TypeError;RAISE:TypeError;RAISE:TypeError;RAISE:TypeError;RAISE:TypeError;RAISE:TypeError;RAISE:TypeError;RAISE:TypeError;RAISE:TypeError;RAISE:TypeError;RAISE:TypeError;RAISE:TypeError;RAISE:TypeError;RAISE:TypeError;RAISE:TypeError;RAISE:TypeError;RAISE:TypeError;RAISE:TypeError;RAISE:TypeError;RAISE:TypeError;RAISE:TypeError;RAISE:TypeError;RAISE:TypeError;RAISE:TypeError;RAISE:TypeError;RAISE:TypeError;RAISE:TypeError;RAISE:TypeError;RAISE:TypeError;RAISE:TypeError;RAISE:TypeError;RAISE:TypeError;RAISE:TypeError;RAISE:TypeError;RAISE:TypeError;RAISE:TypeError;RAISE:TypeError;RAISE:TypeError;RAISE:TypeError;RAISE:TypeError;RAISE:TypeError;RAISE:TypeError;RAISE:TypeError;RAISE:TypeError;RAISE:TypeError;RAISE:TypeError;RAISE:TypeError;RAISE:TypeError;RAISE:TypeError;RAISE:TypeError;RAISE:TypeError;RAISE:TypeError;RAISE:TypeError;RAISE:TypeError;RAISE:TypeError;RAISE:TypeError;RAISE:TypeError;RAISE:TypeError;RAISE:TypeError;RAISE:TypeError;RAISE:TypeError;RAISE:TypeError;RAISE:TypeError;RAISE:TypeError;RAISE:TypeError;RAISE:TypeError;RAISE:TypeError;RAISE:TypeError;RAISE:TypeError;RAISE:TypeError;RAISE:TypeError;RAISE:TypeError;RAISE:TypeError;RAISE:TypeError;RAISE:TypeError;RAISE:TypeError;RAISE:TypeError;RAISE:TypeError;RAISE:TypeError;RAISE:TypeError;RAISE:TypeError;RAISE:TypeError;RAISE:TypeError;RAISE:TypeError;RAISE:TypeError;RAISE:TypeError;RAISE:TypeError;RAISE:TypeError;RAISE:TypeError;RAISE:TypeError;RAISE:TypeError;RAISE:TypeError;RAISE:TypeError;RAISE:TypeError;RAISE:TypeError;RAISE:TypeError;RAISE:TypeError;RAISE:TypeError;RAISE:TypeError;RAISE:TypeError;RAISE:TypeError;RAISE:TypeError;RAISE:TypeError;RAISE:TypeError;RAISE:TypeError;RAISE:TypeError;RAISE:TypeError;RAISE:TypeError;RAISE:TypeError;RAISE:TypeError;RAISE:TypeError;RAISE:TypeError;RAISE:TypeError;RAISE:TypeError;RAISE:TypeError;RAISE:TypeError;RAISE:TypeError;RAISE:TypeError;RAISE:TypeError;RAISE:TypeError;RAISE:TypeError;RAISE:TypeError;RAISE:TypeError;RAISE:TypeError;RAISE:TypeError;RAISE:TypeError;RAISE:TypeError;RAISE:TypeError;RAISE:TypeError;RAISE:TypeError;RAISE:TypeError;RAISE:TypeError;RAISE:TypeError;RAISE:TypeError;RAISE:TypeError;RAISE:TypeError;RAISE:TypeError;RAISE:TypeError;RAISE:TypeError;RAISE:TypeError;RAISE:TypeError;RAISE:TypeError;RAISE:TypeError;RAISE:TypeError;RAISE:TypeError;RAISE:TypeError;RAISE:TypeError;RAISE:TypeError;RAISE:TypeError;RAISE:TypeError;RAISE:TypeError;RAISE:TypeError;RAISE:TypeError;RAISE:TypeError;RAISE:TypeError;RAISE:TypeError;RAISE:TypeError;RAISE:TypeError;RAISE:TypeError;RAISE:TypeError;RAISE:TypeError;RAISE:TypeError;RAISE:TypeError;RAISE:TypeError;RAISE:TypeError;RAISE:TypeError;RAISE:TypeError;RAISE:TypeError;RAISE:TypeError;RAISE:TypeError;RAISE:TypeError;RAISE:TypeError;RAISE:TypeError,0,289
A16_3_5,1,whole|whole,Decimal,c_int64,"whole/L1/17:-2^63,-2^63+1,-2^53-1,-2^31,-42,-1,0,1,7,42,1000,2^31-1,2^31,2^53-1,2^53+1,2^63-1,2^64-1","whole/L1/16:-2^63,-2^63+1,-2^53-1,-2^31,-42,-1,0,1,7,42,1000,2^31-1,2^31,2^53-1,2^53+1,2^63-1",272,"[1, 1.0, 0];[1, 1.0, 0];[1, 1.998046875, 9];[1, 1.0, 32];[1, 1.5238095238095238082021154468748, 57];[1, 1.0, 63];RAISE:DivisionByZero;[-1, 1.0, 63];[-1, 1.1428571428571428570189483231445, 60];[-1, 1.5238095238095238082021154468748, 57];[-1, 1.0239999999999999102939796102874, 53];[-1, 1.0000000004656612873077392578125, 32];[-1, 1.0, 32];[-1, 1.0, 10];[-1, 1.998046875, 9];[-1, 1.0, 0];[1, 0.0, 0];[1, 1.0, 0];[1, 1.998046875, 9];[1, 1.9999999995343387126922607421875, 31];[1, 1.5238095238095238082021154468748, 57];[1, 1.9999999999999999997831595655029, 62];RAISE:DivisionByZero;[-1, 1.9999999999999999997831595655029, 62];[-1, 1.1428571428571428570189483231445, 60];[-1, 1.5238095238095238082021154468748, 57];[-1, 1.0239999999999999102939796102874, 53];[-1, 1.0000000004656612873077392578125, 32];[-1, 1.9999999995343387126922607421875, 31];[-1, 1.0, 10];[-1, 1.998046875, 9];[-1, 1.0, 0];[1, 0.0, 0];[1, 0.0, 0];[1, 1.0, 0];[1, 1.0, 22];[1, 1.5238095238095183958648703992367, 47];[1, 1.0000000000000001110223024625157, 53];RAISE:DivisionByZero;[-1, 1.0000000000000001110223024625157, 53];[-1, 1.1428571428571423496123315999284, 50];[-1, 1.5238095238095183958648703992367, 47];[-1, 1.0239999999998872226569801568985, 43];[-1, 1.0, 22];[-1, 1.0, 22];[-1, 1.0, 0];[-1, 1.0, 0];[-1, 0.0, 0];[1, 0.0, 0];[1, 0.0, 0];[1, 0.0, 0];[1, 1.0, 0];[1, 1.5238095223903656005859375, 25];[1, 1.0, 31];RAISE:DivisionByZero;[-1, 1.0, 31];[-1, 1.142857141792774200439453125, 28];[-1, 1.5238095223903656005859375, 25];[-1, 1.023999691009521484375, 21];[-1, 1.0, 0];[-1, 1.0, 0];[-1, 0.0, 0];[-1, 0.0, 0];[-1, 0.0, 0];[1, 0.0, 0];[1, 0.0, 0];[1, 0.0, 0];[1, 0.0, 0];[1, 1.0, 0];[1, 1.3125, 5];RAISE:DivisionByZero;[-1, 1.3125, 5];[-1, 1.5, 2];[-1, 1.0, 0];[-1, 0.0, 0];[-1, 0.0, 0];[-1, 0.0, 0];[-1, 0.0, 0];[-1, 0.0, 0];[-1, 0.0, 0];[1, 0.0, 0];[1, 0.0, 0];[1, 0.0, 0];[1, 0.0, 0];[1, 0.0, 0];[1, 1.0, 0];RAISE:DivisionByZero;[-1, 1.0, 0];[-1, 0.0, 0];[-1, 0.0, 0];[-1, 0.0, 0];[-1, 0.0, 0];[-1, 0.0, 0];[-1, 0.0, 0];[-1, 0.0, 0];[-1, 0.0, 0];[-1, 0.0, 0];[-1, 0.0, 0];[-1, 0.0, 0];[-1, 0.0, 0];[-1, 0.0, 0];[-1, 0.0, 0];RAISE:InvalidOperation;[1, 0.0, 0];[1, 0.0, 0];[1, 0.0, 0];[1, 0.0, 0];[1, 0.0, 0];[1, 0.0, 0];[1, 0.0, 0];[1, 0.0, 0];[1, 0.0, 0];[-1, 0.0, 0];[-1, 0.0, 0];[-1, 0.0, 0];[-1, 0.0, 0];[-1, 0.0, 0];[-1, 1.0, 0];RAISE:DivisionByZero;[1, 1.0, 0];[1, 0.0, 0];[1, 0.0, 0];[1, 0.0, 0];[1, 0.0, 0];[1, 0.0, 0];[1, 0.0, 0];[1, 0.0, 0];[1, 0.0, 0];[-1, 0.0, 0];[-1, 0.0, 0];[-1, 0.0, 0];[-1, 0.0, 0];[-1, 0.0, 0];[-1, 1.75, 2];RAISE:DivisionByZero;[1, 1.75, 2];[1, 1.0, 0];[1, 0.0, 0];[1, 0.0, 0];[1, 0.0, 0];[1, 0.0, 0];[1, 0.0, 0];[1, 0.0, 0];[1, 0.0, 0];[-1, 0.0, 0];[-1, 0.0, 0];[-1, 0.0, 0];[-1, 0.0, 0];[-1, 1.0, 0];[-1, 1.3125, 5];RAISE:DivisionByZero;[1, 1.3125, 5];[1, 1.5, 2];[1, 1.0, 0];[1, 0.0, 0];[1, 0.0, 0];[1, 0.0, 0];[1, 0.0, 0];[1, 0.0, 0];[1, 0.0, 0];[-1, 0.0, 0];[-1, 0.0, 0];[-1, 0.0, 0];[-1, 0.0, 0];[-1, 1.4375, 4];[-1, 1.953125, 9];RAISE:DivisionByZero;[1, 1.953125, 9];[1, 1.109375, 7];[1, 1.4375, 4];[1, 1.0, 0];[1, 0.0, 0];[1, 0.0, 0];[1, 0.0, 0];[1, 0.0, 0];[1, 0.0, 0];[-1, 0.0, 0];[-1, 0.0, 0];[-1, 0.0, 0];[-1, 0.0, 0];[-1, 1.5238095223903656005859375, 25];[-1, 1.999999999068677425384521484375, 30];RAISE:DivisionByZero;[1, 1.999999999068677425384521484375, 30];[1, 1.142857141792774200439453125, 28];[1, 1.5238095223903656005859375, 25];[1, 1.023999691009521484375, 21];[1, 1.0, 0];[1, 0.0, 0];[1, 0.0, 0];[1, 0.0, 0];[1, 0.0, 0];[-1, 0.0, 0];[-1, 0.0, 0];[-1, 0.0, 0];[-1, 1.0, 0];[-1, 1.5238095223903656005859375, 25];[-1, 1.0, 31];RAISE:DivisionByZero;[1, 1.0, 31];[1, 1.142857141792774200439453125, 28];[1, 1.5238095223903656005859375, 25];[1, 1.023999691009521484375, 21];[1, 1.0, 0];[1, 1.0, 0];[1, 0.0, 0];[1, 0.0, 0];[1, 0.0, 0];[-1, 0.0, 0];[-1, 0.0, 0];[-1, 0.0, 0];[-1, 1.999999523162841796875, 21];[-1, 1.5238095238095183958648703992367, 47];[-1, 1.9999999999999997779553950749687, 52];RAISE:DivisionByZero;[1, 1.9999999999999997779553950749687, 52];[1, 1.1428571428571423496123315999284, 50];[1, 1.5238095238095183958648703992367, 47];[1, 1.0239999999998872226569801568985, 43];[1, 1.0, 22];[1, 1.999999523162841796875, 21];[1, 1.0, 0];[1, 0.0, 0];[1, 0.0, 0];[-1, 0.0, 0];[-1, 0.0, 0];[-1, 1.0, 0];[-1, 1.0, 22];[-1, 1.5238095238095183958648703992367, 47];[-1, 1.0000000000000001110223024625157, 53];RAISE:DivisionByZero;[1, 1.0000000000000001110223024625157, 53];[1, 1.1428571428571423496123315999284, 50];[1, 1.5238095238095183958648703992367, 47];[1, 1.0239999999998872226569801568985, 43];[1, 1.0, 22];[1, 1.0, 22];[1, 1.0, 0];[1, 1.0, 0];[1, 0.0, 0];[-1, 0.0, 0];[-1, 1.0, 0];[-1, 1.998046875, 9];[-1, 1.9999999995343387126922607421875, 31];[-1, 1.5238095238095238082021154468748, 57];[-1, 1.9999999999999999997831595655029, 62];RAISE:DivisionByZero;[1, 1.9999999999999999997831595655029, 62];[1, 1.1428571428571428570189483231445, 60];[1, 1.5238095238095238082021154468748, 57];[1, 1.0239999999999999102939796102874, 53];[1, 1.0000000004656612873077392578125, 32];[1, 1.9999999995343387126922607421875, 31];[1, 1.0, 10];[1, 1.998046875, 9];[1, 1.0, 0];[-1, 1.0, 0];[-1, 1.0, 1];[-1, 1.9990234375, 10];[-1, 1.9999999997671693563461303710938, 32];[-1, 1.5238095238095238082021154468748, 58];[-1, 1.9999999999999999998915797827514, 63];RAISE:DivisionByZero;[1, 1.9999999999999999998915797827514, 63];[1, 1.1428571428571428570189483231445, 61];[1, 1.5238095238095238082021154468748, 58];[1, 1.0239999999999999658051308415452, 54];[1, 1.0000000004656612873077392578125, 33];[1, 1.9999999997671693563461303710938, 32];[1, 1.0, 11];[1, 1.9990234375, 10];[1, 1.0, 1]",255,17
A16_3_6,1,whole|fractional,Decimal,float,"whole/L1/17:-2^63,-2^63+1,-2^53-1,-2^31,-42,-1,0,1,7,42,1000,2^31-1,2^31,2^53-1,2^53+1,2^63-1,2^64-1","fractional/L1/16:-max_finite,-1.5,-1.0,-(1.0-1ulp),-0.0,+0.0,+min_subnormal,+min_normal,1.0-1ulp,1.0,1.0+1ulp,1.5,pi,2^53,max_finite,0.1",272,RAISE:TypeError;RAISE:TypeError;RAISE:TypeError;RAISE:TypeError;RAISE:TypeError;RAISE:TypeError;RAISE:TypeError;RAISE:TypeError;RAISE:TypeError;RAISE:TypeError;RAISE:TypeError;RAISE:TypeError;RAISE:TypeError;RAISE:TypeError;RAISE:TypeError;RAISE:TypeError;RAISE:TypeError;RAISE:TypeError;RAISE:TypeError;RAISE:TypeError;RAISE:TypeError;RAISE:TypeError;RAISE:TypeError;RAISE:TypeError;RAISE:TypeError;RAISE:TypeError;RAISE:TypeError;RAISE:TypeError;RAISE:TypeError;RAISE:TypeError;RAISE:TypeError;RAISE:TypeError;RAISE:TypeError;RAISE:TypeError;RAISE:TypeError;RAISE:TypeError;RAISE:TypeError;RAISE:TypeError;RAISE:TypeError;RAISE:TypeError;RAISE:TypeError;RAISE:TypeError;RAISE:TypeError;RAISE:TypeError;RAISE:TypeError;RAISE:TypeError;RAISE:TypeError;RAISE:TypeError;RAISE:TypeError;RAISE:TypeError;RAISE:TypeError;RAISE:TypeError;RAISE:TypeError;RAISE:TypeError;RAISE:TypeError;RAISE:TypeError;RAISE:TypeError;RAISE:TypeError;RAISE:TypeError;RAISE:TypeError;RAISE:TypeError;RAISE:TypeError;RAISE:TypeError;RAISE:TypeError;RAISE:TypeError;RAISE:TypeError;RAISE:TypeError;RAISE:TypeError;RAISE:TypeError;RAISE:TypeError;RAISE:TypeError;RAISE:TypeError;RAISE:TypeError;RAISE:TypeError;RAISE:TypeError;RAISE:TypeError;RAISE:TypeError;RAISE:TypeError;RAISE:TypeError;RAISE:TypeError;RAISE:TypeError;RAISE:TypeError;RAISE:TypeError;RAISE:TypeError;RAISE:TypeError;RAISE:TypeError;RAISE:TypeError;RAISE:TypeError;RAISE:TypeError;RAISE:TypeError;RAISE:TypeError;RAISE:TypeError;RAISE:TypeError;RAISE:TypeError;RAISE:TypeError;RAISE:TypeError;RAISE:TypeError;RAISE:TypeError;RAISE:TypeError;RAISE:TypeError;RAISE:TypeError;RAISE:TypeError;RAISE:TypeError;RAISE:TypeError;RAISE:TypeError;RAISE:TypeError;RAISE:TypeError;RAISE:TypeError;RAISE:TypeError;RAISE:TypeError;RAISE:TypeError;RAISE:TypeError;RAISE:TypeError;RAISE:TypeError;RAISE:TypeError;RAISE:TypeError;RAISE:TypeError;RAISE:TypeError;RAISE:TypeError;RAISE:TypeError;RAISE:TypeError;RAISE:TypeError;RAISE:TypeError;RAISE:TypeError;RAISE:TypeError;RAISE:TypeError;RAISE:TypeError;RAISE:TypeError;RAISE:TypeError;RAISE:TypeError;RAISE:TypeError;RAISE:TypeError;RAISE:TypeError;RAISE:TypeError;RAISE:TypeError;RAISE:TypeError;RAISE:TypeError;RAISE:TypeError;RAISE:TypeError;RAISE:TypeError;RAISE:TypeError;RAISE:TypeError;RAISE:TypeError;RAISE:TypeError;RAISE:TypeError;RAISE:TypeError;RAISE:TypeError;RAISE:TypeError;RAISE:TypeError;RAISE:TypeError;RAISE:TypeError;RAISE:TypeError;RAISE:TypeError;RAISE:TypeError;RAISE:TypeError;RAISE:TypeError;RAISE:TypeError;RAISE:TypeError;RAISE:TypeError;RAISE:TypeError;RAISE:TypeError;RAISE:TypeError;RAISE:TypeError;RAISE:TypeError;RAISE:TypeError;RAISE:TypeError;RAISE:TypeError;RAISE:TypeError;RAISE:TypeError;RAISE:TypeError;RAISE:TypeError;RAISE:TypeError;RAISE:TypeError;RAISE:TypeError;RAISE:TypeError;RAISE:TypeError;RAISE:TypeError;RAISE:TypeError;RAISE:TypeError;RAISE:TypeError;RAISE:TypeError;RAISE:TypeError;RAISE:TypeError;RAISE:TypeError;RAISE:TypeError;RAISE:TypeError;RAISE:TypeError;RAISE:TypeError;RAISE:TypeError;RAISE:TypeError;RAISE:TypeError;RAISE:TypeError;RAISE:TypeError;RAISE:TypeError;RAISE:TypeError;RAISE:TypeError;RAISE:TypeError;RAISE:TypeError;RAISE:TypeError;RAISE:TypeError;RAISE:TypeError;RAISE:TypeError;RAISE:TypeError;RAISE:TypeError;RAISE:TypeError;RAISE:TypeError;RAISE:TypeError;RAISE:TypeError;RAISE:TypeError;RAISE:TypeError;RAISE:TypeError;RAISE:TypeError;RAISE:TypeError;RAISE:TypeError;RAISE:TypeError;RAISE:TypeError;RAISE:TypeError;RAISE:TypeError;RAISE:TypeError;RAISE:TypeError;RAISE:TypeError;RAISE:TypeError;RAISE:TypeError;RAISE:TypeError;RAISE:TypeError;RAISE:TypeError;RAISE:TypeError;RAISE:TypeError;RAISE:TypeError;RAISE:TypeError;RAISE:TypeError;RAISE:TypeError;RAISE:TypeError;RAISE:TypeError;RAISE:TypeError;RAISE:TypeError;RAISE:TypeError;RAISE:TypeError;RAISE:TypeError;RAISE:TypeError;RAISE:TypeError;RAISE:TypeError;RAISE:TypeError;RAISE:TypeError;RAISE:TypeError;RAISE:TypeError;RAISE:TypeError;RAISE:TypeError;RAISE:TypeError;RAISE:TypeError;RAISE:TypeError;RAISE:TypeError;RAISE:TypeError;RAISE:TypeError;RAISE:TypeError;RAISE:TypeError;RAISE:TypeError;RAISE:TypeError;RAISE:TypeError;RAISE:TypeError;RAISE:TypeError;RAISE:TypeError;RAISE:TypeError;RAISE:TypeError;RAISE:TypeError;RAISE:TypeError;RAISE:TypeError;RAISE:TypeError;RAISE:TypeError;RAISE:TypeError;RAISE:TypeError;RAISE:TypeError,0,272
A16_3_7,1,whole|fractional,Decimal,Decimal,"whole/L1/17:-2^63,-2^63+1,-2^53-1,-2^31,-42,-1,0,1,7,42,1000,2^31-1,2^31,2^53-1,2^53+1,2^63-1,2^64-1","fractional/L1/16:-max_finite,-1.5,-1.0,-(1.0-1ulp),-0.0,+0.0,+min_subnormal,+min_normal,1.0-1ulp,1.0,1.0+1ulp,1.5,pi,2^53,max_finite,0.1",272,"[1, 0.0, 0];[1, 1.333333333333333333261053188501, 62];[1, 1.0, 63];[1, 1.0000000000000000999634403031635, 63];RAISE:DivisionByZero;RAISE:DivisionByZero;RAISE:InvalidOperation;RAISE:InvalidOperation;[-1, 1.0000000000000000999634403031635, 63];[-1, 1.0, 63];[-1, 1.9999999999999995999293983528489, 62];[-1, 1.333333333333333333261053188501, 62];[-1, 1.2732395447351627826466924364723, 61];[-1, 1.0, 10];[-1, 0.0, 0];[-1, 1.25, 66];[1, 0.0, 0];[1, 1.3333333333333333330442127540039, 62];[1, 1.9999999999999999997831595655029, 62];[1, 1.000000000000000099855020085915, 63];RAISE:DivisionByZero;RAISE:DivisionByZero;RAISE:InvalidOperation;RAISE:InvalidOperation;[-1, 1.000000000000000099855020085915, 63];[-1, 1.9999999999999999997831595655029, 62];[-1, 1.9999999999999995997125579183518, 62];[-1, 1.3333333333333333330442127540039, 62];[-1, 1.2732395447351627826466924364723, 61];[-1, 1.998046875, 9];[-1, 0.0, 0];[-1, 1.2499999999999999998644747284393, 66];[1, 0.0, 0];[1, 1.3333333333333334813630699500209, 52];[1, 1.0000000000000001110223024625157, 53];[1, 1.0000000000000001110223024625157, 53];RAISE:DivisionByZero;RAISE:DivisionByZero;RAISE:InvalidOperation;RAISE:InvalidOperation;[-1, 1.0000000000000001110223024625157, 53];[-1, 1.0000000000000001110223024625157, 53];[-1, 1.9999999999999997779553950749687, 52];[-1, 1.3333333333333334813630699500209, 52];[-1, 1.2732395447351625428211718826788, 51];[-1, 1.0, 0];[-1, 0.0, 0];[-1, 1.2500000000000001387778780781446, 56];[1, 0.0, 0];[1, 1.333333333022892475128173828125, 30];[1, 1.0, 31];[1, 1.0, 31];RAISE:DivisionByZero;RAISE:DivisionByZero;RAISE:InvalidOperation;RAISE:InvalidOperation;[-1, 1.0, 31];[-1, 1.0, 31];[-1, 1.999999999068677425384521484375, 30];[-1, 1.333333333022892475128173828125, 30];[-1, 1.27323954366147518157958984375, 29];[-1, 0.0, 0];[-1, 0.0, 0];[-1, 1.25, 34];[1, 0.0, 0];[1, 1.75, 4];[1, 1.3125, 5];[1, 1.3125, 5];RAISE:DivisionByZero;RAISE:DivisionByZero;RAISE:InvalidOperation;RAISE:InvalidOperation;[-1, 1.3125, 5];[-1, 1.3125, 5];[-1, 1.28125, 5];[-1, 1.75, 4];[-1, 1.625, 3];[-1, 0.0, 0];[-1, 0.0, 0];[-1, 1.640625, 8];[1, 0.0, 0];[1, 0.0, 0];[1, 1.0, 0];[1, 1.0, 0];RAISE:DivisionByZero;RAISE:DivisionByZero;RAISE:InvalidOperation;RAISE:InvalidOperation;[-1, 1.0, 0];[-1, 1.0, 0];[-1, 0.0, 0];[-1, 0.0, 0];[-1, 0.0, 0];[-1, 0.0, 0];[-1, 0.0, 0];[-1, 1.25, 3];[-1, 0.0, 0];[-1, 0.0, 0];[-1, 0.0, 0];[-1, 0.0, 0];RAISE:InvalidOperation;RAISE:InvalidOperation;[1, 0.0, 0];[1, 0.0, 0];[1, 0.0, 0];[1, 0.0, 0];[1, 0.0, 0];[1, 0.0, 0];[1, 0.0, 0];[1, 0.0, 0];[1, 0.0, 0];[1, 0.0, 0];[-1, 0.0, 0];[-1, 0.0, 0];[-1, 1.0, 0];[-1, 1.0, 0];RAISE:DivisionByZero;RAISE:DivisionByZero;RAISE:InvalidOperation;RAISE:InvalidOperation;[1, 1.0, 0];[1, 1.0, 0];[1, 0.0, 0];[1, 0.0, 0];[1, 0.0, 0];[1, 0.0, 0];[1, 0.0, 0];[1, 1.25, 3];[-1, 0.0, 0];[-1, 1.0, 2];[-1, 1.75, 2];[-1, 1.75, 2];RAISE:DivisionByZero;RAISE:DivisionByZero;RAISE:InvalidOperation;RAISE:InvalidOperation;[1, 1.75, 2];[1, 1.75, 2];[1, 1.5, 2];[1, 1.0, 2];[1, 1.0, 1];[1, 0.0, 0];[1, 0.0, 0];[1, 1.09375, 6];[-1, 0.0, 0];[-1, 1.75, 4];[-1, 1.3125, 5];[-1, 1.3125, 5];RAISE:DivisionByZero;RAISE:DivisionByZero;RAISE:InvalidOperation;RAISE:InvalidOperation;[1, 1.3125, 5];[1, 1.3125, 5];[1, 1.28125, 5];[1, 1.75, 4];[1, 1.625, 3];[1, 0.0, 0];[1, 0.0, 0];[1, 1.640625, 8];[-1, 0.0, 0];[-1, 1.30078125, 9];[-1, 1.953125, 9];[-1, 1.953125, 9];RAISE:DivisionByZero;RAISE:DivisionByZero;RAISE:InvalidOperation;RAISE:InvalidOperation;[1, 1.953125, 9];[1, 1.953125, 9];[1, 1.951171875, 9];[1, 1.30078125, 9];[1, 1.2421875, 8];[1, 0.0, 0];[1, 0.0, 0];[1, 1.220703125, 13];[-1, 0.0, 0];[-1, 1.3333333320915699005126953125, 30];[-1, 1.999999999068677425384521484375, 30];[-1, 1.999999999068677425384521484375, 30];RAISE:DivisionByZero;RAISE:DivisionByZero;RAISE:InvalidOperation;RAISE:InvalidOperation;[1, 1.999999999068677425384521484375, 30];[1, 1.999999999068677425384521484375, 30];[1, 1.99999999813735485076904296875, 30];[1, 1.3333333320915699005126953125, 30];[1, 1.27323954366147518157958984375, 29];[1, 0.0, 0];[1, 0.0, 0];[1, 1.2499999994179233908653259277344, 34];[-1, 0.0, 0];[-1, 1.333333333022892475128173828125, 30];[-1, 1.0, 31];[-1, 1.0, 31];RAISE:DivisionByZero;RAISE:DivisionByZero;RAISE:InvalidOperation;RAISE:InvalidOperation;[1, 1.0, 31];[1, 1.0, 31];[1, 1.999999999068677425384521484375, 30];[1, 1.333333333022892475128173828125, 30];[1, 1.27323954366147518157958984375, 29];[1, 0.0, 0];[1, 0.0, 0];[1, 1.25, 34];[-1, 0.0, 0];[-1, 1.3333333333333330372738600999583, 52];[-1, 1.9999999999999997779553950749687, 52];[-1, 1.9999999999999997779553950749687, 52];RAISE:DivisionByZero;RAISE:DivisionByZero;RAISE:InvalidOperation;RAISE:InvalidOperation;[1, 1.9999999999999997779553950749687, 52];[1, 1.9999999999999997779553950749687, 52];[1, 1.9999999999999993338661852249061, 52];[1, 1.3333333333333330372738600999583, 52];[1, 1.2732395447351625428211718826788, 51];[1, 0.0, 0];[1, 0.0, 0];[1, 1.2499999999999998612221219218554, 56];[-1, 0.0, 0];[-1, 1.3333333333333334813630699500209, 52];[-1, 1.0000000000000001110223024625157, 53];[-1, 1.0000000000000001110223024625157, 53];RAISE:DivisionByZero;RAISE:DivisionByZero;RAISE:InvalidOperation;RAISE:InvalidOperation;[1, 1.0000000000000001110223024625157, 53];[1, 1.0000000000000001110223024625157, 53];[1, 1.9999999999999997779553950749687, 52];[1, 1.3333333333333334813630699500209, 52];[1, 1.2732395447351625428211718826788, 51];[1, 1.0, 0];[1, 0.0, 0];[1, 1.2500000000000001387778780781446, 56];[-1, 0.0, 0];[-1, 1.3333333333333333330442127540039, 62];[-1, 1.9999999999999999997831595655029, 62];[-1, 1.000000000000000099855020085915, 63];RAISE:DivisionByZero;RAISE:DivisionByZero;RAISE:InvalidOperation;RAISE:InvalidOperation;[1, 1.000000000000000099855020085915, 63];[1, 1.9999999999999999997831595655029, 62];[1, 1.9999999999999995997125579183518, 62];[1, 1.3333333333333333330442127540039, 62];[1, 1.2732395447351627826466924364723, 61];[1, 1.998046875, 9];[1, 0.0, 0];[1, 1.2499999999999999998644747284393, 66];[-1, 0.0, 0];[-1, 1.333333333333333333261053188501, 63];[-1, 1.9999999999999999998915797827514, 63];[-1, 1.0000000000000000999092301945392, 64];RAISE:DivisionByZero;RAISE:DivisionByZero;RAISE:InvalidOperation;RAISE:InvalidOperation;[1, 1.0000000000000000999092301945392, 64];[1, 1.9999999999999999998915797827514, 63];[1, 1.9999999999999995998209781356003, 63];[1, 1.333333333333333333261053188501, 63];[1, 1.2732395447351627826466924364723, 62];[1, 1.9990234375, 10];[1, 0.0, 0];[1, 1.2499999999999999999322373642197, 67]",206,66
A16_3_8,1,whole|fractional,Decimal,Fraction,"whole/L1/17:-2^63,-2^63+1,-2^53-1,-2^31,-42,-1,0,1,7,42,1000,2^31-1,2^31,2^53-1,2^53+1,2^63-1,2^64-1","fractional/L1/15:-max_finite,-1.5,-1.0,-(1.0-1ulp),+0.0,+min_subnormal,+min_normal,1.0-1ulp,1.0,1.0+1ulp,1.5,pi,2^53,max_finite,0.1",255,RAISE:TypeError;RAISE:TypeError;RAISE:TypeError;RAISE:TypeError;RAISE:TypeError;RAISE:TypeError;RAISE:TypeError;RAISE:TypeError;RAISE:TypeError;RAISE:TypeError;RAISE:TypeError;RAISE:TypeError;RAISE:TypeError;RAISE:TypeError;RAISE:TypeError;RAISE:TypeError;RAISE:TypeError;RAISE:TypeError;RAISE:TypeError;RAISE:TypeError;RAISE:TypeError;RAISE:TypeError;RAISE:TypeError;RAISE:TypeError;RAISE:TypeError;RAISE:TypeError;RAISE:TypeError;RAISE:TypeError;RAISE:TypeError;RAISE:TypeError;RAISE:TypeError;RAISE:TypeError;RAISE:TypeError;RAISE:TypeError;RAISE:TypeError;RAISE:TypeError;RAISE:TypeError;RAISE:TypeError;RAISE:TypeError;RAISE:TypeError;RAISE:TypeError;RAISE:TypeError;RAISE:TypeError;RAISE:TypeError;RAISE:TypeError;RAISE:TypeError;RAISE:TypeError;RAISE:TypeError;RAISE:TypeError;RAISE:TypeError;RAISE:TypeError;RAISE:TypeError;RAISE:TypeError;RAISE:TypeError;RAISE:TypeError;RAISE:TypeError;RAISE:TypeError;RAISE:TypeError;RAISE:TypeError;RAISE:TypeError;RAISE:TypeError;RAISE:TypeError;RAISE:TypeError;RAISE:TypeError;RAISE:TypeError;RAISE:TypeError;RAISE:TypeError;RAISE:TypeError;RAISE:TypeError;RAISE:TypeError;RAISE:TypeError;RAISE:TypeError;RAISE:TypeError;RAISE:TypeError;RAISE:TypeError;RAISE:TypeError;RAISE:TypeError;RAISE:TypeError;RAISE:TypeError;RAISE:TypeError;RAISE:TypeError;RAISE:TypeError;RAISE:TypeError;RAISE:TypeError;RAISE:TypeError;RAISE:TypeError;RAISE:TypeError;RAISE:TypeError;RAISE:TypeError;RAISE:TypeError;RAISE:TypeError;RAISE:TypeError;RAISE:TypeError;RAISE:TypeError;RAISE:TypeError;RAISE:TypeError;RAISE:TypeError;RAISE:TypeError;RAISE:TypeError;RAISE:TypeError;RAISE:TypeError;RAISE:TypeError;RAISE:TypeError;RAISE:TypeError;RAISE:TypeError;RAISE:TypeError;RAISE:TypeError;RAISE:TypeError;RAISE:TypeError;RAISE:TypeError;RAISE:TypeError;RAISE:TypeError;RAISE:TypeError;RAISE:TypeError;RAISE:TypeError;RAISE:TypeError;RAISE:TypeError;RAISE:TypeError;RAISE:TypeError;RAISE:TypeError;RAISE:TypeError;RAISE:TypeError;RAISE:TypeError;RAISE:TypeError;RAISE:TypeError;RAISE:TypeError;RAISE:TypeError;RAISE:TypeError;RAISE:TypeError;RAISE:TypeError;RAISE:TypeError;RAISE:TypeError;RAISE:TypeError;RAISE:TypeError;RAISE:TypeError;RAISE:TypeError;RAISE:TypeError;RAISE:TypeError;RAISE:TypeError;RAISE:TypeError;RAISE:TypeError;RAISE:TypeError;RAISE:TypeError;RAISE:TypeError;RAISE:TypeError;RAISE:TypeError;RAISE:TypeError;RAISE:TypeError;RAISE:TypeError;RAISE:TypeError;RAISE:TypeError;RAISE:TypeError;RAISE:TypeError;RAISE:TypeError;RAISE:TypeError;RAISE:TypeError;RAISE:TypeError;RAISE:TypeError;RAISE:TypeError;RAISE:TypeError;RAISE:TypeError;RAISE:TypeError;RAISE:TypeError;RAISE:TypeError;RAISE:TypeError;RAISE:TypeError;RAISE:TypeError;RAISE:TypeError;RAISE:TypeError;RAISE:TypeError;RAISE:TypeError;RAISE:TypeError;RAISE:TypeError;RAISE:TypeError;RAISE:TypeError;RAISE:TypeError;RAISE:TypeError;RAISE:TypeError;RAISE:TypeError;RAISE:TypeError;RAISE:TypeError;RAISE:TypeError;RAISE:TypeError;RAISE:TypeError;RAISE:TypeError;RAISE:TypeError;RAISE:TypeError;RAISE:TypeError;RAISE:TypeError;RAISE:TypeError;RAISE:TypeError;RAISE:TypeError;RAISE:TypeError;RAISE:TypeError;RAISE:TypeError;RAISE:TypeError;RAISE:TypeError;RAISE:TypeError;RAISE:TypeError;RAISE:TypeError;RAISE:TypeError;RAISE:TypeError;RAISE:TypeError;RAISE:TypeError;RAISE:TypeError;RAISE:TypeError;RAISE:TypeError;RAISE:TypeError;RAISE:TypeError;RAISE:TypeError;RAISE:TypeError;RAISE:TypeError;RAISE:TypeError;RAISE:TypeError;RAISE:TypeError;RAISE:TypeError;RAISE:TypeError;RAISE:TypeError;RAISE:TypeError;RAISE:TypeError;RAISE:TypeError;RAISE:TypeError;RAISE:TypeError;RAISE:TypeError;RAISE:TypeError;RAISE:TypeError;RAISE:TypeError;RAISE:TypeError;RAISE:TypeError;RAISE:TypeError;RAISE:TypeError;RAISE:TypeError;RAISE:TypeError;RAISE:TypeError;RAISE:TypeError;RAISE:TypeError;RAISE:TypeError;RAISE:TypeError;RAISE:TypeError;RAISE:TypeError;RAISE:TypeError;RAISE:TypeError;RAISE:TypeError;RAISE:TypeError;RAISE:TypeError;RAISE:TypeError;RAISE:TypeError;RAISE:TypeError;RAISE:TypeError;RAISE:TypeError;RAISE:TypeError;RAISE:TypeError;RAISE:TypeError;RAISE:TypeError;RAISE:TypeError,0,255
A16_4_1,1,whole|truth,Fraction,bool,"whole/L1/17:-2^63,-2^63+1,-2^53-1,-2^31,-42,-1,0,1,7,42,1000,2^31-1,2^31,2^53-1,2^53+1,2^63-1,2^64-1","truth/L1/6:true,false,0,1,"""",nil",102,"[-1, 1.0, 63];RAISE:ZeroDivisionError;RAISE:ZeroDivisionError;[-1, 1.0, 63];RAISE:TypeError;RAISE:TypeError;[-1, 1.9999999999999999997831595655029, 62];RAISE:ZeroDivisionError;RAISE:ZeroDivisionError;[-1, 1.9999999999999999997831595655029, 62];RAISE:TypeError;RAISE:TypeError;[-1, 1.0000000000000001110223024625157, 53];RAISE:ZeroDivisionError;RAISE:ZeroDivisionError;[-1, 1.0000000000000001110223024625157, 53];RAISE:TypeError;RAISE:TypeError;[-1, 1.0, 31];RAISE:ZeroDivisionError;RAISE:ZeroDivisionError;[-1, 1.0, 31];RAISE:TypeError;RAISE:TypeError;[-1, 1.3125, 5];RAISE:ZeroDivisionError;RAISE:ZeroDivisionError;[-1, 1.3125, 5];RAISE:TypeError;RAISE:TypeError;[-1, 1.0, 0];RAISE:ZeroDivisionError;RAISE:ZeroDivisionError;[-1, 1.0, 0];RAISE:TypeError;RAISE:TypeError;[1, 0.0, 0];RAISE:ZeroDivisionError;RAISE:ZeroDivisionError;[1, 0.0, 0];RAISE:TypeError;RAISE:TypeError;[1, 1.0, 0];RAISE:ZeroDivisionError;RAISE:ZeroDivisionError;[1, 1.0, 0];RAISE:TypeError;RAISE:TypeError;[1, 1.75, 2];RAISE:ZeroDivisionError;RAISE:ZeroDivisionError;[1, 1.75, 2];RAISE:TypeError;RAISE:TypeError;[1, 1.3125, 5];RAISE:ZeroDivisionError;RAISE:ZeroDivisionError;[1, 1.3125, 5];RAISE:TypeError;RAISE:TypeError;[1, 1.953125, 9];RAISE:ZeroDivisionError;RAISE:ZeroDivisionError;[1, 1.953125, 9];RAISE:TypeError;RAISE:TypeError;[1, 1.999999999068677425384521484375, 30];RAISE:ZeroDivisionError;RAISE:ZeroDivisionError;[1, 1.999999999068677425384521484375, 30];RAISE:TypeError;RAISE:TypeError;[1, 1.0, 31];RAISE:ZeroDivisionError;RAISE:ZeroDivisionError;[1, 1.0, 31];RAISE:TypeError;RAISE:TypeError;[1, 1.9999999999999997779553950749687, 52];RAISE:ZeroDivisionError;RAISE:ZeroDivisionError;[1, 1.9999999999999997779553950749687, 52];RAISE:TypeError;RAISE:TypeError;[1, 1.0000000000000001110223024625157, 53];RAISE:ZeroDivisionError;RAISE:ZeroDivisionError;[1, 1.0000000000000001110223024625157, 53];RAISE:TypeError;RAISE:TypeError;[1, 1.9999999999999999997831595655029, 62];RAISE:ZeroDivisionError;RAISE:ZeroDivisionError;[1, 1.9999999999999999997831595655029, 62];RAISE:TypeError;RAISE:TypeError;[1, 1.9999999999999999998915797827514, 63];RAISE:ZeroDivisionError;RAISE:ZeroDivisionError;[1, 1.9999999999999999998915797827514, 63];RAISE:TypeError;RAISE:TypeError",34,68
A16_4_2,1,whole|whole,Fraction,int,"whole/L1/17:-2^63,-2^63+1,-2^53-1,-2^31,-42,-1,0,1,7,42,1000,2^31-1,2^31,2^53-1,2^53+1,2^63-1,2^64-1","whole/L1/17:-2^63,-2^63+1,-2^53-1,-2^31,-42,-1,0,1,7,42,1000,2^31-1,2^31,2^53-1,2^53+1,2^63-1,2^64-1",289,"[1, 1.0, 0];[1, 1.0, 0];[1, 1.998046875, 9];[1, 1.0, 32];[1, 1.5238095238095238082021154468748, 57];[1, 1.0, 63];RAISE:ZeroDivisionError;[-1, 1.0, 63];[-1, 1.1428571428571428578863100611329, 60];[-1, 1.523809523809523815141009350782, 57];[-1, 1.024000000000000021316282072803, 53];[-1, 1.0000000006984919309616088867188, 32];[-1, 1.0, 32];[-1, 1.0009765625, 10];[-1, 1.0, 10];[-1, 1.0, 1];[-1, 1.0, 0];[1, 0.0, 0];[1, 1.0, 0];[1, 1.998046875, 9];[1, 1.9999999995343387126922607421875, 31];[1, 1.5238095238095238082021154468748, 57];[1, 1.9999999999999999997831595655029, 62];RAISE:ZeroDivisionError;[-1, 1.9999999999999999997831595655029, 62];[-1, 1.1428571428571428570189483231445, 60];[-1, 1.523809523809523815141009350782, 57];[-1, 1.024000000000000021316282072803, 53];[-1, 1.0000000006984919309616088867188, 32];[-1, 1.0, 32];[-1, 1.0009765625, 10];[-1, 1.0, 10];[-1, 1.0, 0];[-1, 1.0, 0];[1, 0.0, 0];[1, 0.0, 0];[1, 1.0, 0];[1, 1.0, 22];[1, 1.5238095238095183958648703992367, 47];[1, 1.0000000000000001110223024625157, 53];RAISE:ZeroDivisionError;[-1, 1.0000000000000001110223024625157, 53];[-1, 1.1428571428571432377907513000537, 50];[-1, 1.5238095238095255012922280002385, 47];[-1, 1.0240000000000009094947017729282, 43];[-1, 1.0000002384185791015625, 22];[-1, 1.0000002384185791015625, 22];[-1, 1.0, 1];[-1, 1.0, 0];[-1, 1.0, 0];[-1, 1.0, 0];[1, 0.0, 0];[1, 0.0, 0];[1, 0.0, 0];[1, 1.0, 0];[1, 1.5238095223903656005859375, 25];[1, 1.0, 31];RAISE:ZeroDivisionError;[-1, 1.0, 31];[-1, 1.1428571455180644989013671875, 28];[-1, 1.52380955219268798828125, 25];[-1, 1.0240001678466796875, 21];[-1, 1.0, 1];[-1, 1.0, 0];[-1, 1.0, 0];[-1, 1.0, 0];[-1, 1.0, 0];[-1, 1.0, 0];[1, 0.0, 0];[1, 0.0, 0];[1, 0.0, 0];[1, 0.0, 0];[1, 1.0, 0];[1, 1.3125, 5];RAISE:ZeroDivisionError;[-1, 1.3125, 5];[-1, 1.5, 2];[-1, 1.0, 0];[-1, 1.0, 0];[-1, 1.0, 0];[-1, 1.0, 0];[-1, 1.0, 0];[-1, 1.0, 0];[-1, 1.0, 0];[-1, 1.0, 0];[1, 0.0, 0];[1, 0.0, 0];[1, 0.0, 0];[1, 0.0, 0];[1, 0.0, 0];[1, 1.0, 0];RAISE:ZeroDivisionError;[-1, 1.0, 0];[-1, 1.0, 0];[-1, 1.0, 0];[-1, 1.0, 0];[-1, 1.0, 0];[-1, 1.0, 0];[-1, 1.0, 0];[-1, 1.0, 0];[-1, 1.0, 0];[-1, 1.0, 0];[1, 0.0, 0];[1, 0.0, 0];[1, 0.0, 0];[1, 0.0, 0];[1, 0.0, 0];[1, 0.0, 0];RAISE:ZeroDivisionError;[1, 0.0, 0];[1, 0.0, 0];[1, 0.0, 0];[1, 0.0, 0];[1, 0.0, 0];[1, 0.0, 0];[1, 0.0, 0];[1, 0.0, 0];[1, 0.0, 0];[1, 0.0, 0];[-1, 1.0, 0];[-1, 1.0, 0];[-1, 1.0, 0];[-1, 1.0, 0];[-1, 1.0, 0];[-1, 1.0, 0];RAISE:ZeroDivisionError;[1, 1.0, 0];[1, 0.0, 0];[1, 0.0, 0];[1, 0.0, 0];[1, 0.0, 0];[1, 0.0, 0];[1, 0.0, 0];[1, 0.0, 0];[1, 0.0, 0];[1, 0.0, 0];[-1, 1.0, 0];[-1, 1.0, 0];[-1, 1.0, 0];[-1, 1.0, 0];[-1, 1.0, 0];[-1, 1.75, 2];RAISE:ZeroDivisionError;[1, 1.75, 2];[1, 1.0, 0];[1, 0.0, 0];[1, 0.0, 0];[1, 0.0, 0];[1, 0.0, 0];[1, 0.0, 0];[1, 0.0, 0];[1, 0.0, 0];[1, 0.0, 0];[-1, 1.0, 0];[-1, 1.0, 0];[-1, 1.0, 0];[-1, 1.0, 0];[-1, 1.0, 0];[-1, 1.3125, 5];RAISE:ZeroDivisionError;[1, 1.3125, 5];[1, 1.5, 2];[1, 1.0, 0];[1, 0.0, 0];[1, 0.0, 0];[1, 0.0, 0];[1, 0.0, 0];[1, 0.0, 0];[1, 0.0, 0];[1, 0.0, 0];[-1, 1.0, 0];[-1, 1.0, 0];[-1, 1.0, 0];[-1, 1.0, 0];[-1, 1.5, 4];[-1, 1.953125, 9];RAISE:ZeroDivisionError;[1, 1.953125, 9];[1, 1.109375, 7];[1, 1.4375, 4];[1, 1.0, 0];[1, 0.0, 0];[1, 0.0, 0];[1, 0.0, 0];[1, 0.0, 0];[1, 0.0, 0];[1, 0.0, 0];[-1, 1.0, 0];[-1, 1.0, 0];[-1, 1.0, 0];[-1, 1.0, 0];[-1, 1.52380955219268798828125, 25];[-1, 1.999999999068677425384521484375, 30];RAISE:ZeroDivisionError;[1, 1.999999999068677425384521484375, 30];[1, 1.142857141792774200439453125, 28];[1, 1.5238095223903656005859375, 25];[1, 1.023999691009521484375, 21];[1, 1.0, 0];[1, 0.0, 0];[1, 0.0, 0];[1, 0.0, 0];[1, 0.0, 0];[1, 0.0, 0];[-1, 1.0, 0];[-1, 1.0, 0];[-1, 1.0, 0];[-1, 1.0, 0];[-1, 1.52380955219268798828125, 25];[-1, 1.0, 31];RAISE:ZeroDivisionError;[1, 1.0, 31];[1, 1.142857141792774200439453125, 28];[1, 1.5238095223903656005859375, 25];[1, 1.023999691009521484375, 21];[1, 1.0, 0];[1, 1.0, 0];[1, 0.0, 0];[1, 0.0, 0];[1, 0.0, 0];[1, 0.0, 0];[-1, 1.0, 0];[-1, 1.0, 0];[-1, 1.0, 0];[-1, 1.0, 22];[-1, 1.5238095238095255012922280002385, 47];[-1, 1.9999999999999997779553950749687, 52];RAISE:ZeroDivisionError;[1, 1.9999999999999997779553950749687, 52];[1, 1.1428571428571423496123315999284, 50];[1, 1.5238095238095183958648703992367, 47];[1, 1.0239999999998872226569801568985, 43];[1, 1.0, 22];[1, 1.999999523162841796875, 21];[1, 1.0, 0];[1, 0.0, 0];[1, 0.0, 0];[1, 0.0, 0];[-1, 1.0, 0];[-1, 1.0, 0];[-1, 1.0, 0];[-1, 1.0000002384185791015625, 22];[-1, 1.5238095238095255012922280002385, 47];[-1, 1.0000000000000001110223024625157, 53];RAISE:ZeroDivisionError;[1, 1.0000000000000001110223024625157, 53];[1, 1.1428571428571423496123315999284, 50];[1, 1.5238095238095183958648703992367, 47];[1, 1.0239999999998872226569801568985, 43];[1, 1.0, 22];[1, 1.0, 22];[1, 1.0, 0];[1, 1.0, 0];[1, 0.0, 0];[1, 0.0, 0];[-1, 1.0, 0];[-1, 1.0, 0];[-1, 1.0, 10];[-1, 1.0, 32];[-1, 1.523809523809523815141009350782, 57];[-1, 1.9999999999999999997831595655029, 62];RAISE:ZeroDivisionError;[1, 1.9999999999999999997831595655029, 62];[1, 1.1428571428571428570189483231445, 60];[1, 1.5238095238095238082021154468748, 57];[1, 1.0239999999999999102939796102874, 53];[1, 1.0000000004656612873077392578125, 32];[1, 1.9999999995343387126922607421875, 31];[1, 1.0, 10];[1, 1.998046875, 9];[1, 1.0, 0];[1, 0.0, 0];[-1, 1.0, 1];[-1, 1.5, 1];[-1, 1.0, 11];[-1, 1.0, 33];[-1, 1.5238095238095238116715623988284, 58];[-1, 1.9999999999999999998915797827514, 63];RAISE:ZeroDivisionError;[1, 1.9999999999999999998915797827514, 63];[1, 1.1428571428571428570189483231445, 61];[1, 1.5238095238095238082021154468748, 58];[1, 1.0239999999999999658051308415452, 54];[1, 1.0000000004656612873077392578125, 33];[1, 1.9999999997671693563461303710938, 32];[1, 1.0, 11];[1, 1.9990234375, 10];[1, 1.0, 1];[1, 1.0, 0]",272,17
A16_4_3,1,whole|whole,Fraction,Decimal,"whole/L1/17:-2^63,-2^63+1,-2^53-1,-2^31,-42,-1,0,1,7,42,1000,2^31-1,2^31,2^53-1,2^53+1,2^63-1,2^64-1","whole/L1/17:-2^63,-2^63+1,-2^53-1,-2^31,-42,-1,0,1,7,42,1000,2^31-1,2^31,2^53-1,2^53+1,2^63-1,2^64-1",289,RAISE:TypeError;RAISE:TypeError;RAISE:TypeError;RAISE:TypeError;RAISE:TypeError;RAISE:TypeError;RAISE:TypeError;RAISE:TypeError;RAISE:TypeError;RAISE:TypeError;RAISE:TypeError;RAISE:TypeError;RAISE:TypeError;RAISE:TypeError;RAISE:TypeError;RAISE:TypeError;RAISE:TypeError;RAISE:TypeError;RAISE:TypeError;RAISE:TypeError;RAISE:TypeError;RAISE:TypeError;RAISE:TypeError;RAISE:TypeError;RAISE:TypeError;RAISE:TypeError;RAISE:TypeError;RAISE:TypeError;RAISE:TypeError;RAISE:TypeError;RAISE:TypeError;RAISE:TypeError;RAISE:TypeError;RAISE:TypeError;RAISE:TypeError;RAISE:TypeError;RAISE:TypeError;RAISE:TypeError;RAISE:TypeError;RAISE:TypeError;RAISE:TypeError;RAISE:TypeError;RAISE:TypeError;RAISE:TypeError;RAISE:TypeError;RAISE:TypeError;RAISE:TypeError;RAISE:TypeError;RAISE:TypeError;RAISE:TypeError;RAISE:TypeError;RAISE:TypeError;RAISE:TypeError;RAISE:TypeError;RAISE:TypeError;RAISE:TypeError;RAISE:TypeError;RAISE:TypeError;RAISE:TypeError;RAISE:TypeError;RAISE:TypeError;RAISE:TypeError;RAISE:TypeError;RAISE:TypeError;RAISE:TypeError;RAISE:TypeError;RAISE:TypeError;RAISE:TypeError;RAISE:TypeError;RAISE:TypeError;RAISE:TypeError;RAISE:TypeError;RAISE:TypeError;RAISE:TypeError;RAISE:TypeError;RAISE:TypeError;RAISE:TypeError;RAISE:TypeError;RAISE:TypeError;RAISE:TypeError;RAISE:TypeError;RAISE:TypeError;RAISE:TypeError;RAISE:TypeError;RAISE:TypeError;RAISE:TypeError;RAISE:TypeError;RAISE:TypeError;RAISE:TypeError;RAISE:TypeError;RAISE:TypeError;RAISE:TypeError;RAISE:TypeError;RAISE:TypeError;RAISE:TypeError;RAISE:TypeError;RAISE:TypeError;RAISE:TypeError;RAISE:TypeError;RAISE:TypeError;RAISE:TypeError;RAISE:TypeError;RAISE:TypeError;RAISE:TypeError;RAISE:TypeError;RAISE:TypeError;RAISE:TypeError;RAISE:TypeError;RAISE:TypeError;RAISE:TypeError;RAISE:TypeError;RAISE:TypeError;RAISE:TypeError;RAISE:TypeError;RAISE:TypeError;RAISE:TypeError;RAISE:TypeError;RAISE:TypeError;RAISE:TypeError;RAISE:TypeError;RAISE:TypeError;RAISE:TypeError;RAISE:TypeError;RAISE:TypeError;RAISE:TypeError;RAISE:TypeError;RAISE:TypeError;RAISE:TypeError;RAISE:TypeError;RAISE:TypeError;RAISE:TypeError;RAISE:TypeError;RAISE:TypeError;RAISE:TypeError;RAISE:TypeError;RAISE:TypeError;RAISE:TypeError;RAISE:TypeError;RAISE:TypeError;RAISE:TypeError;RAISE:TypeError;RAISE:TypeError;RAISE:TypeError;RAISE:TypeError;RAISE:TypeError;RAISE:TypeError;RAISE:TypeError;RAISE:TypeError;RAISE:TypeError;RAISE:TypeError;RAISE:TypeError;RAISE:TypeError;RAISE:TypeError;RAISE:TypeError;RAISE:TypeError;RAISE:TypeError;RAISE:TypeError;RAISE:TypeError;RAISE:TypeError;RAISE:TypeError;RAISE:TypeError;RAISE:TypeError;RAISE:TypeError;RAISE:TypeError;RAISE:TypeError;RAISE:TypeError;RAISE:TypeError;RAISE:TypeError;RAISE:TypeError;RAISE:TypeError;RAISE:TypeError;RAISE:TypeError;RAISE:TypeError;RAISE:TypeError;RAISE:TypeError;RAISE:TypeError;RAISE:TypeError;RAISE:TypeError;RAISE:TypeError;RAISE:TypeError;RAISE:TypeError;RAISE:TypeError;RAISE:TypeError;RAISE:TypeError;RAISE:TypeError;RAISE:TypeError;RAISE:TypeError;RAISE:TypeError;RAISE:TypeError;RAISE:TypeError;RAISE:TypeError;RAISE:TypeError;RAISE:TypeError;RAISE:TypeError;RAISE:TypeError;RAISE:TypeError;RAISE:TypeError;RAISE:TypeError;RAISE:TypeError;RAISE:TypeError;RAISE:TypeError;RAISE:TypeError;RAISE:TypeError;RAISE:TypeError;RAISE:TypeError;RAISE:TypeError;RAISE:TypeError;RAISE:TypeError;RAISE:TypeError;RAISE:TypeError;RAISE:TypeError;RAISE:TypeError;RAISE:TypeError;RAISE:TypeError;RAISE:TypeError;RAISE:TypeError;RAISE:TypeError;RAISE:TypeError;RAISE:TypeError;RAISE:TypeError;RAISE:TypeError;RAISE:TypeError;RAISE:TypeError;RAISE:TypeError;RAISE:TypeError;RAISE:TypeError;RAISE:TypeError;RAISE:TypeError;RAISE:TypeError;RAISE:TypeError;RAISE:TypeError;RAISE:TypeError;RAISE:TypeError;RAISE:TypeError;RAISE:TypeError;RAISE:TypeError;RAISE:TypeError;RAISE:TypeError;RAISE:TypeError;RAISE:TypeError;RAISE:TypeError;RAISE:TypeError;RAISE:TypeError;RAISE:TypeError;RAISE:TypeError;RAISE:TypeError;RAISE:TypeError;RAISE:TypeError;RAISE:TypeError;RAISE:TypeError;RAISE:TypeError;RAISE:TypeError;RAISE:TypeError;RAISE:TypeError;RAISE:TypeError;RAISE:TypeError;RAISE:TypeError;RAISE:TypeError;RAISE:TypeError;RAISE:TypeError;RAISE:TypeError;RAISE:TypeError;RAISE:TypeError;RAISE:TypeError;RAISE:TypeError;RAISE:TypeError;RAISE:TypeError;RAISE:TypeError;RAISE:TypeError;RAISE:TypeError;RAISE:TypeError;RAISE:TypeError;RAISE:TypeError;RAISE:TypeError;RAISE:TypeError;RAISE:TypeError;RAISE:TypeError;RAISE:TypeError;RAISE:TypeError;RAISE:TypeError;RAISE:TypeError;RAISE:TypeError;RAISE:TypeError;RAISE:TypeError;RAISE:TypeError;RAISE:TypeError;RAISE:TypeError;RAISE:TypeError;RAISE:TypeError,0,289
A16_4_4,1,whole|whole,Fraction,Fraction,"whole/L1/17:-2^63,-2^63+1,-2^53-1,-2^31,-42,-1,0,1,7,42,1000,2^31-1,2^31,2^53-1,2^53+1,2^63-1,2^64-1","whole/L1/17:-2^63,-2^63+1,-2^53-1,-2^31,-42,-1,0,1,7,42,1000,2^31-1,2^31,2^53-1,2^53+1,2^63-1,2^64-1",289,"[1, 1.0, 0];[1, 1.0, 0];[1, 1.998046875, 9];[1, 1.0, 32];[1, 1.5238095238095238082021154468748, 57];[1, 1.0, 63];RAISE:ZeroDivisionError;[-1, 1.0, 63];[-1, 1.1428571428571428578863100611329, 60];[-1, 1.523809523809523815141009350782, 57];[-1, 1.024000000000000021316282072803, 53];[-1, 1.0000000006984919309616088867188, 32];[-1, 1.0, 32];[-1, 1.0009765625, 10];[-1, 1.0, 10];[-1, 1.0, 1];[-1, 1.0, 0];[1, 0.0, 0];[1, 1.0, 0];[1, 1.998046875, 9];[1, 1.9999999995343387126922607421875, 31];[1, 1.5238095238095238082021154468748, 57];[1, 1.9999999999999999997831595655029, 62];RAISE:ZeroDivisionError;[-1, 1.9999999999999999997831595655029, 62];[-1, 1.1428571428571428570189483231445, 60];[-1, 1.523809523809523815141009350782, 57];[-1, 1.024000000000000021316282072803, 53];[-1, 1.0000000006984919309616088867188, 32];[-1, 1.0, 32];[-1, 1.0009765625, 10];[-1, 1.0, 10];[-1, 1.0, 0];[-1, 1.0, 0];[1, 0.0, 0];[1, 0.0, 0];[1, 1.0, 0];[1, 1.0, 22];[1, 1.5238095238095183958648703992367, 47];[1, 1.0000000000000001110223024625157, 53];RAISE:ZeroDivisionError;[-1, 1.0000000000000001110223024625157, 53];[-1, 1.1428571428571432377907513000537, 50];[-1, 1.5238095238095255012922280002385, 47];[-1, 1.0240000000000009094947017729282, 43];[-1, 1.0000002384185791015625, 22];[-1, 1.0000002384185791015625, 22];[-1, 1.0, 1];[-1, 1.0, 0];[-1, 1.0, 0];[-1, 1.0, 0];[1, 0.0, 0];[1, 0.0, 0];[1, 0.0, 0];[1, 1.0, 0];[1, 1.5238095223903656005859375, 25];[1, 1.0, 31];RAISE:ZeroDivisionError;[-1, 1.0, 31];[-1, 1.1428571455180644989013671875, 28];[-1, 1.52380955219268798828125, 25];[-1, 1.0240001678466796875, 21];[-1, 1.0, 1];[-1, 1.0, 0];[-1, 1.0, 0];[-1, 1.0, 0];[-1, 1.0, 0];[-1, 1.0, 0];[1, 0.0, 0];[1, 0.0, 0];[1, 0.0, 0];[1, 0.0, 0];[1, 1.0, 0];[1, 1.3125, 5];RAISE:ZeroDivisionError;[-1, 1.3125, 5];[-1, 1.5, 2];[-1, 1.0, 0];[-1, 1.0, 0];[-1, 1.0, 0];[-1, 1.0, 0];[-1, 1.0, 0];[-1, 1.0, 0];[-1, 1.0, 0];[-1, 1.0, 0];[1, 0.0, 0];[1, 0.0, 0];[1, 0.0, 0];[1, 0.0, 0];[1, 0.0, 0];[1, 1.0, 0];RAISE:ZeroDivisionError;[-1, 1.0, 0];[-1, 1.0, 0];[-1, 1.0, 0];[-1, 1.0, 0];[-1, 1.0, 0];[-1, 1.0, 0];[-1, 1.0, 0];[-1, 1.0, 0];[-1, 1.0, 0];[-1, 1.0, 0];[1, 0.0, 0];[1, 0.0, 0];[1, 0.0, 0];[1, 0.0, 0];[1, 0.0, 0];[1, 0.0, 0];RAISE:ZeroDivisionError;[1, 0.0, 0];[1, 0.0, 0];[1, 0.0, 0];[1, 0.0, 0];[1, 0.0, 0];[1, 0.0, 0];[1, 0.0, 0];[1, 0.0, 0];[1, 0.0, 0];[1, 0.0, 0];[-1, 1.0, 0];[-1, 1.0, 0];[-1, 1.0, 0];[-1, 1.0, 0];[-1, 1.0, 0];[-1, 1.0, 0];RAISE:ZeroDivisionError;[1, 1.0, 0];[1, 0.0, 0];[1, 0.0, 0];[1, 0.0, 0];[1, 0.0, 0];[1, 0.0, 0];[1, 0.0, 0];[1, 0.0, 0];[1, 0.0, 0];[1, 0.0, 0];[-1, 1.0, 0];[-1, 1.0, 0];[-1, 1.0, 0];[-1, 1.0, 0];[-1, 1.0, 0];[-1, 1.75, 2];RAISE:ZeroDivisionError;[1, 1.75, 2];[1, 1.0, 0];[1, 0.0, 0];[1, 0.0, 0];[1, 0.0, 0];[1, 0.0, 0];[1, 0.0, 0];[1, 0.0, 0];[1, 0.0, 0];[1, 0.0, 0];[-1, 1.0, 0];[-1, 1.0, 0];[-1, 1.0, 0];[-1, 1.0, 0];[-1, 1.0, 0];[-1, 1.3125, 5];RAISE:ZeroDivisionError;[1, 1.3125, 5];[1, 1.5, 2];[1, 1.0, 0];[1, 0.0, 0];[1, 0.0, 0];[1, 0.0, 0];[1, 0.0, 0];[1, 0.0, 0];[1, 0.0, 0];[1, 0.0, 0];[-1, 1.0, 0];[-1, 1.0, 0];[-1, 1.0, 0];[-1, 1.0, 0];[-1, 1.5, 4];[-1, 1.953125, 9];RAISE:ZeroDivisionError;[1, 1.953125, 9];[1, 1.109375, 7];[1, 1.4375, 4];[1, 1.0, 0];[1, 0.0, 0];[1, 0.0, 0];[1, 0.0, 0];[1, 0.0, 0];[1, 0.0, 0];[1, 0.0, 0];[-1, 1.0, 0];[-1, 1.0, 0];[-1, 1.0, 0];[-1, 1.0, 0];[-1, 1.52380955219268798828125, 25];[-1, 1.999999999068677425384521484375, 30];RAISE:ZeroDivisionError;[1, 1.999999999068677425384521484375, 30];[1, 1.142857141792774200439453125, 28];[1, 1.5238095223903656005859375, 25];[1, 1.023999691009521484375, 21];[1, 1.0, 0];[1, 0.0, 0];[1, 0.0, 0];[1, 0.0, 0];[1, 0.0, 0];[1, 0.0, 0];[-1, 1.0, 0];[-1, 1.0, 0];[-1, 1.0, 0];[-1, 1.0, 0];[-1, 1.52380955219268798828125, 25];[-1, 1.0, 31];RAISE:ZeroDivisionError;[1, 1.0, 31];[1, 1.142857141792774200439453125, 28];[1, 1.5238095223903656005859375, 25];[1, 1.023999691009521484375, 21];[1, 1.0, 0];[1, 1.0, 0];[1, 0.0, 0];[1, 0.0, 0];[1, 0.0, 0];[1, 0.0, 0];[-1, 1.0, 0];[-1, 1.0, 0];[-1, 1.0, 0];[-1, 1.0, 22];[-1, 1.5238095238095255012922280002385, 47];[-1, 1.9999999999999997779553950749687, 52];RAISE:ZeroDivisionError;[1, 1.9999999999999997779553950749687, 52];[1, 1.1428571428571423496123315999284, 50];[1, 1.5238095238095183958648703992367, 47];[1, 1.0239999999998872226569801568985, 43];[1, 1.0, 22];[1, 1.999999523162841796875, 21];[1, 1.0, 0];[1, 0.0, 0];[1, 0.0, 0];[1, 0.0, 0];[-1, 1.0, 0];[-1, 1.0, 0];[-1, 1.0, 0];[-1, 1.0000002384185791015625, 22];[-1, 1.5238095238095255012922280002385, 47];[-1, 1.0000000000000001110223024625157, 53];RAISE:ZeroDivisionError;[1, 1.0000000000000001110223024625157, 53];[1, 1.1428571428571423496123315999284, 50];[1, 1.5238095238095183958648703992367, 47];[1, 1.0239999999998872226569801568985, 43];[1, 1.0, 22];[1, 1.0, 22];[1, 1.0, 0];[1, 1.0, 0];[1, 0.0, 0];[1, 0.0, 0];[-1, 1.0, 0];[-1, 1.0, 0];[-1, 1.0, 10];[-1, 1.0, 32];[-1, 1.523809523809523815141009350782, 57];[-1, 1.9999999999999999997831595655029, 62];RAISE:ZeroDivisionError;[1, 1.9999999999999999997831595655029, 62];[1, 1.1428571428571428570189483231445, 60];[1, 1.5238095238095238082021154468748, 57];[1, 1.0239999999999999102939796102874, 53];[1, 1.0000000004656612873077392578125, 32];[1, 1.9999999995343387126922607421875, 31];[1, 1.0, 10];[1, 1.998046875, 9];[1, 1.0, 0];[1, 0.0, 0];[-1, 1.0, 1];[-1, 1.5, 1];[-1, 1.0, 11];[-1, 1.0, 33];[-1, 1.5238095238095238116715623988284, 58];[-1, 1.9999999999999999998915797827514, 63];RAISE:ZeroDivisionError;[1, 1.9999999999999999998915797827514, 63];[1, 1.1428571428571428570189483231445, 61];[1, 1.5238095238095238082021154468748, 58];[1, 1.0239999999999999658051308415452, 54];[1, 1.0000000004656612873077392578125, 33];[1, 1.9999999997671693563461303710938, 32];[1, 1.0, 11];[1, 1.9990234375, 10];[1, 1.0, 1];[1, 1.0, 0]",272,17
A16_4_5,1,whole|whole,Fraction,c_int64,"whole/L1/17:-2^63,-2^63+1,-2^53-1,-2^31,-42,-1,0,1,7,42,1000,2^31-1,2^31,2^53-1,2^53+1,2^63-1,2^64-1","whole/L1/16:-2^63,-2^63+1,-2^53-1,-2^31,-42,-1,0,1,7,42,1000,2^31-1,2^31,2^53-1,2^53+1,2^63-1",272,"[1, 1.0, 0];[1, 1.0, 0];[1, 1.998046875, 9];[1, 1.0, 32];[1, 1.5238095238095238082021154468748, 57];[1, 1.0, 63];RAISE:ZeroDivisionError;[-1, 1.0, 63];[-1, 1.1428571428571428578863100611329, 60];[-1, 1.523809523809523815141009350782, 57];[-1, 1.024000000000000021316282072803, 53];[-1, 1.0000000006984919309616088867188, 32];[-1, 1.0, 32];[-1, 1.0009765625, 10];[-1, 1.0, 10];[-1, 1.0, 1];[1, 0.0, 0];[1, 1.0, 0];[1, 1.998046875, 9];[1, 1.9999999995343387126922607421875, 31];[1, 1.5238095238095238082021154468748, 57];[1, 1.9999999999999999997831595655029, 62];RAISE:ZeroDivisionError;[-1, 1.9999999999999999997831595655029, 62];[-1, 1.1428571428571428570189483231445, 60];[-1, 1.523809523809523815141009350782, 57];[-1, 1.024000000000000021316282072803, 53];[-1, 1.0000000006984919309616088867188, 32];[-1, 1.0, 32];[-1, 1.0009765625, 10];[-1, 1.0, 10];[-1, 1.0, 0];[1, 0.0, 0];[1, 0.0, 0];[1, 1.0, 0];[1, 1.0, 22];[1, 1.5238095238095183958648703992367, 47];[1, 1.0000000000000001110223024625157, 53];RAISE:ZeroDivisionError;[-1, 1.0000000000000001110223024625157, 53];[-1, 1.1428571428571432377907513000537, 50];[-1, 1.5238095238095255012922280002385, 47];[-1, 1.0240000000000009094947017729282, 43];[-1, 1.0000002384185791015625, 22];[-1, 1.0000002384185791015625, 22];[-1, 1.0, 1];[-1, 1.0, 0];[-1, 1.0, 0];[1, 0.0, 0];[1, 0.0, 0];[1, 0.0, 0];[1, 1.0, 0];[1, 1.5238095223903656005859375, 25];[1, 1.0, 31];RAISE:ZeroDivisionError;[-1, 1.0, 31];[-1, 1.1428571455180644989013671875, 28];[-1, 1.52380955219268798828125, 25];[-1, 1.0240001678466796875, 21];[-1, 1.0, 1];[-1, 1.0, 0];[-1, 1.0, 0];[-1, 1.0, 0];[-1, 1.0, 0];[1, 0.0, 0];[1, 0.0, 0];[1, 0.0, 0];[1, 0.0, 0];[1, 1.0, 0];[1, 1.3125, 5];RAISE:ZeroDivisionError;[-1, 1.3125, 5];[-1, 1.5, 2];[-1, 1.0, 0];[-1, 1.0, 0];[-1, 1.0, 0];[-1, 1.0, 0];[-1, 1.0, 0];[-1, 1.0, 0];[-1, 1.0, 0];[1, 0.0, 0];[1, 0.0, 0];[1, 0.0, 0];[1, 0.0, 0];[1, 0.0, 0];[1, 1.0, 0];RAISE:ZeroDivisionError;[-1, 1.0, 0];[-1, 1.0, 0];[-1, 1.0, 0];[-1, 1.0, 0];[-1, 1.0, 0];[-1, 1.0, 0];[-1, 1.0, 0];[-1, 1.0, 0];[-1, 1.0, 0];[1, 0.0, 0];[1, 0.0, 0];[1, 0.0, 0];[1, 0.0, 0];[1, 0.0, 0];[1, 0.0, 0];RAISE:ZeroDivisionError;[1, 0.0, 0];[1, 0.0, 0];[1, 0.0, 0];[1, 0.0, 0];[1, 0.0, 0];[1, 0.0, 0];[1, 0.0, 0];[1, 0.0, 0];[1, 0.0, 0];[-1, 1.0, 0];[-1, 1.0, 0];[-1, 1.0, 0];[-1, 1.0, 0];[-1, 1.0, 0];[-1, 1.0, 0];RAISE:ZeroDivisionError;[1, 1.0, 0];[1, 0.0, 0];[1, 0.0, 0];[1, 0.0, 0];[1, 0.0, 0];[1, 0.0, 0];[1, 0.0, 0];[1, 0.0, 0];[1, 0.0, 0];[-1, 1.0, 0];[-1, 1.0, 0];[-1, 1.0, 0];[-1, 1.0, 0];[-1, 1.0, 0];[-1, 1.75, 2];RAISE:ZeroDivisionError;[1, 1.75, 2];[1, 1.0, 0];[1, 0.0, 0];[1, 0.0, 0];[1, 0.0, 0];[1, 0.0, 0];[1, 0.0, 0];[1, 0.0, 0];[1, 0.0, 0];[-1, 1.0, 0];[-1, 1.0, 0];[-1, 1.0, 0];[-1, 1.0, 0];[-1, 1.0, 0];[-1, 1.3125, 5];RAISE:ZeroDivisionError;[1, 1.3125, 5];[1, 1.5, 2];[1, 1.0, 0];[1, 0.0, 0];[1, 0.0, 0];[1, 0.0, 0];[1, 0.0, 0];[1, 0.0, 0];[1, 0.0, 0];[-1, 1.0, 0];[-1, 1.0, 0];[-1, 1.0, 0];[-1, 1.0, 0];[-1, 1.5, 4];[-1, 1.953125, 9];RAISE:ZeroDivisionError;[1, 1.953125, 9];[1, 1.109375, 7];[1, 1.4375, 4];[1, 1.0, 0];[1, 0.0, 0];[1, 0.0, 0];[1, 0.0, 0];[1, 0.0, 0];[1, 0.0, 0];[-1, 1.0, 0];[-1, 1.0, 0];[-1, 1.0, 0];[-1, 1.0, 0];[-1, 1.52380955219268798828125, 25];[-1, 1.999999999068677425384521484375, 30];RAISE:ZeroDivisionError;[1, 1.999999999068677425384521484375, 30];[1, 1.142857141792774200439453125, 28];[1, 1.5238095223903656005859375, 25];[1, 1.023999691009521484375, 21];[1, 1.0, 0];[1, 0.0, 0];[1, 0.0, 0];[1, 0.0, 0];[1, 0.0, 0];[-1, 1.0, 0];[-1, 1.0, 0];[-1, 1.0, 0];[-1, 1.0, 0];[-1, 1.52380955219268798828125, 25];[-1, 1.0, 31];RAISE:ZeroDivisionError;[1, 1.0, 31];[1, 1.142857141792774200439453125, 28];[1, 1.5238095223903656005859375, 25];[1, 1.023999691009521484375, 21];[1, 1.0, 0];[1, 1.0, 0];[1, 0.0, 0];[1, 0.0, 0];[1, 0.0, 0];[-1, 1.0, 0];[-1, 1.0, 0];[-1, 1.0, 0];[-1, 1.0, 22];[-1, 1.5238095238095255012922280002385, 47];[-1, 1.9999999999999997779553950749687, 52];RAISE:ZeroDivisionError;[1, 1.9999999999999997779553950749687, 52];[1, 1.1428571428571423496123315999284, 50];[1, 1.5238095238095183958648703992367, 47];[1, 1.0239999999998872226569801568985, 43];[1, 1.0, 22];[1, 1.999999523162841796875, 21];[1, 1.0, 0];[1, 0.0, 0];[1, 0.0, 0];[-1, 1.0, 0];[-1, 1.0, 0];[-1, 1.0, 0];[-1, 1.0000002384185791015625, 22];[-1, 1.5238095238095255012922280002385, 47];[-1, 1.0000000000000001110223024625157, 53];RAISE:ZeroDivisionError;[1, 1.0000000000000001110223024625157, 53];[1, 1.1428571428571423496123315999284, 50];[1, 1.5238095238095183958648703992367, 47];[1, 1.0239999999998872226569801568985, 43];[1, 1.0, 22];[1, 1.0, 22];[1, 1.0, 0];[1, 1.0, 0];[1, 0.0, 0];[-1, 1.0, 0];[-1, 1.0, 0];[-1, 1.0, 10];[-1, 1.0, 32];[-1, 1.523809523809523815141009350782, 57];[-1, 1.9999999999999999997831595655029, 62];RAISE:ZeroDivisionError;[1, 1.9999999999999999997831595655029, 62];[1, 1.1428571428571428570189483231445, 60];[1, 1.5238095238095238082021154468748, 57];[1, 1.0239999999999999102939796102874, 53];[1, 1.0000000004656612873077392578125, 32];[1, 1.9999999995343387126922607421875, 31];[1, 1.0, 10];[1, 1.998046875, 9];[1, 1.0, 0];[-1, 1.0, 1];[-1, 1.5, 1];[-1, 1.0, 11];[-1, 1.0, 33];[-1, 1.5238095238095238116715623988284, 58];[-1, 1.9999999999999999998915797827514, 63];RAISE:ZeroDivisionError;[1, 1.9999999999999999998915797827514, 63];[1, 1.1428571428571428570189483231445, 61];[1, 1.5238095238095238082021154468748, 58];[1, 1.0239999999999999658051308415452, 54];[1, 1.0000000004656612873077392578125, 33];[1, 1.9999999997671693563461303710938, 32];[1, 1.0, 11];[1, 1.9990234375, 10];[1, 1.0, 1]",255,17
A16_4_6,1,whole|fractional,Fraction,float,"whole/L1/17:-2^63,-2^63+1,-2^53-1,-2^31,-42,-1,0,1,7,42,1000,2^31-1,2^31,2^53-1,2^53+1,2^63-1,2^64-1","fractional/L1/16:-max_finite,-1.5,-1.0,-(1.0-1ulp),-0.0,+0.0,+min_subnormal,+min_normal,1.0-1ulp,1.0,1.0+1ulp,1.5,pi,2^53,max_finite,0.1",272,"[1, 0.0, 0];[1, 1.3333333333333332593184650249896, 62];[1, 1.0, 63];[1, 1.0000000000000002220446049250313, 63];RAISE:ZeroDivisionError;RAISE:ZeroDivisionError;[-1, inf];[-1, inf];[-1, 1.0000000000000002220446049250313, 63];[-1, 1.0, 63];[-1, 1.9999999999999995559107901499374, 62];[-1, 1.3333333333333332593184650249896, 62];[-1, 1.2732395447351627648657768077101, 61];[-1, 1.0, 10];[-1, 1.0, 0];[-1, 1.25, 66];[1, 0.0, 0];[1, 1.3333333333333332593184650249896, 62];[1, 1.0, 63];[1, 1.0000000000000002220446049250313, 63];RAISE:ZeroDivisionError;RAISE:ZeroDivisionError;[-1, inf];[-1, inf];[-1, 1.0000000000000002220446049250313, 63];[-1, 1.0, 63];[-1, 1.9999999999999995559107901499374, 62];[-1, 1.3333333333333332593184650249896, 62];[-1, 1.2732395447351627648657768077101, 61];[-1, 1.0, 10];[-1, 1.0, 0];[-1, 1.25, 66];[1, 0.0, 0];[1, 1.3333333333333332593184650249896, 52];[1, 1.0, 53];[1, 1.0000000000000002220446049250313, 53];RAISE:ZeroDivisionError;RAISE:ZeroDivisionError;[-1, inf];[-1, inf];[-1, 1.0000000000000004440892098500626, 53];[-1, 1.0, 53];[-1, 1.9999999999999997779553950749687, 52];[-1, 1.3333333333333334813630699500209, 52];[-1, 1.2732395447351629869103817327414, 51];[-1, 1.0, 0];[-1, 1.0, 0];[-1, 1.25, 56];[1, 0.0, 0];[1, 1.333333333022892475128173828125, 30];[1, 1.0, 31];[1, 1.0, 31];RAISE:ZeroDivisionError;RAISE:ZeroDivisionError;[-1, inf];[-1, inf];[-1, 1.0000000004656612873077392578125, 31];[-1, 1.0, 31];[-1, 1.0, 31];[-1, 1.33333333395421504974365234375, 30];[-1, 1.273239545524120330810546875, 29];[-1, 1.0, 0];[-1, 1.0, 0];[-1, 1.25, 34];[1, 0.0, 0];[1, 1.75, 4];[1, 1.3125, 5];[1, 1.3125, 5];RAISE:ZeroDivisionError;RAISE:ZeroDivisionError;[-1, inf];[-1, inf];[-1, 1.34375, 5];[-1, 1.3125, 5];[-1, 1.3125, 5];[-1, 1.75, 4];[-1, 1.75, 3];[-1, 1.0, 0];[-1, 1.0, 0];[-1, 1.640625, 8];[1, 0.0, 0];[1, 0.0, 0];[1, 1.0, 0];[1, 1.0, 0];RAISE:ZeroDivisionError;RAISE:ZeroDivisionError;[-1, inf];[-1, 1.0, 1022];[-1, 1.0, 1];[-1, 1.0, 0];[-1, 1.0, 0];[-1, 1.0, 0];[-1, 1.0, 0];[-1, 1.0, 0];[-1, 1.0, 0];[-1, 1.25, 3];[-1, 0.0, 0];[-1, 0.0, 0];[-1, 0.0, 0];[-1, 0.0, 0];RAISE:ZeroDivisionError;RAISE:ZeroDivisionError;[1, 0.0, 0];[1, 0.0, 0];[1, 0.0, 0];[1, 0.0, 0];[1, 0.0, 0];[1, 0.0, 0];[1, 0.0, 0];[1, 0.0, 0];[1, 0.0, 0];[1, 0.0, 0];[-1, 1.0, 0];[-1, 1.0, 0];[-1, 1.0, 0];[-1, 1.0, 1];RAISE:ZeroDivisionError;RAISE:ZeroDivisionError;[1, inf];[1, 1.0, 1022];[1, 1.0, 0];[1, 1.0, 0];[1, 0.0, 0];[1, 0.0, 0];[1, 0.0, 0];[1, 0.0, 0];[1, 0.0, 0];[1, 1.125, 3];[-1, 1.0, 0];[-1, 1.25, 2];[-1, 1.75, 2];[-1, 1.0, 3];RAISE:ZeroDivisionError;RAISE:ZeroDivisionError;[1, inf];[1, inf];[1, 1.75, 2];[1, 1.75, 2];[1, 1.5, 2];[1, 1.0, 2];[1, 1.0, 1];[1, 0.0, 0];[1, 0.0, 0];[1, 1.078125, 6];[-1, 1.0, 0];[-1, 1.75, 4];[-1, 1.3125, 5];[-1, 1.34375, 5];RAISE:ZeroDivisionError;RAISE:ZeroDivisionError;[1, inf];[1, inf];[1, 1.3125, 5];[1, 1.3125, 5];[1, 1.28125, 5];[1, 1.75, 4];[1, 1.625, 3];[1, 0.0, 0];[1, 0.0, 0];[1, 1.63671875, 8];[-1, 1.0, 0];[-1, 1.302734375, 9];[-1, 1.953125, 9];[-1, 1.955078125, 9];RAISE:ZeroDivisionError;RAISE:ZeroDivisionError;[1, inf];[1, inf];[1, 1.953125, 9];[1, 1.953125, 9];[1, 1.951171875, 9];[1, 1.30078125, 9];[1, 1.2421875, 8];[1, 0.0, 0];[1, 0.0, 0];[1, 1.2205810546875, 13];[-1, 1.0, 0];[-1, 1.333333333022892475128173828125, 30];[-1, 1.999999999068677425384521484375, 30];[-1, 1.0, 31];RAISE:ZeroDivisionError;RAISE:ZeroDivisionError;[1, inf];[1, inf];[1, 1.999999999068677425384521484375, 30];[1, 1.999999999068677425384521484375, 30];[1, 1.99999999813735485076904296875, 30];[1, 1.3333333320915699005126953125, 30];[1, 1.27323954366147518157958984375, 29];[1, 0.0, 0];[1, 0.0, 0];[1, 1.2499999993597157299518585205078, 34];[-1, 1.0, 0];[-1, 1.33333333395421504974365234375, 30];[-1, 1.0, 31];[-1, 1.0000000004656612873077392578125, 31];RAISE:ZeroDivisionError;RAISE:ZeroDivisionError;[1, inf];[1, inf];[1, 1.0, 31];[1, 1.0, 31];[1, 1.999999999068677425384521484375, 30];[1, 1.333333333022892475128173828125, 30];[1, 1.27323954366147518157958984375, 29];[1, 0.0, 0];[1, 0.0, 0];[1, 1.2499999999417923390865325927734, 34];[-1, 1.0, 0];[-1, 1.3333333333333332593184650249896, 52];[-1, 1.9999999999999997779553950749687, 52];[-1, 1.0, 53];RAISE:ZeroDivisionError;RAISE:ZeroDivisionError;[1, inf];[1, inf];[1, 1.0, 53];[1, 1.9999999999999997779553950749687, 52];[1, 1.9999999999999993338661852249061, 52];[1, 1.3333333333333330372738600999583, 52];[1, 1.2732395447351625428211718826788, 51];[1, 0.0, 0];[1, 0.0, 0];[1, 1.2499999999999997779553950749687, 56];[-1, 1.0, 0];[-1, 1.3333333333333334813630699500209, 52];[-1, 1.0, 53];[-1, 1.0000000000000004440892098500626, 53];RAISE:ZeroDivisionError;RAISE:ZeroDivisionError;[1, inf];[1, inf];[1, 1.0000000000000002220446049250313, 53];[1, 1.0, 53];[1, 1.9999999999999995559107901499374, 52];[1, 1.3333333333333332593184650249896, 52];[1, 1.2732395447351625428211718826788, 51];[1, 1.0, 0];[1, 0.0, 0];[1, 1.25, 56];[-1, 1.0, 0];[-1, 1.3333333333333332593184650249896, 62];[-1, 1.0, 63];[-1, 1.0000000000000002220446049250313, 63];RAISE:ZeroDivisionError;RAISE:ZeroDivisionError;[1, inf];[1, inf];[1, 1.0000000000000002220446049250313, 63];[1, 1.0, 63];[1, 1.9999999999999995559107901499374, 62];[1, 1.3333333333333332593184650249896, 62];[1, 1.2732395447351627648657768077101, 61];[1, 1.0, 10];[1, 0.0, 0];[1, 1.25, 66];[-1, 1.0, 0];[-1, 1.3333333333333332593184650249896, 63];[-1, 1.0, 64];[-1, 1.0000000000000002220446049250313, 64];RAISE:ZeroDivisionError;RAISE:ZeroDivisionError;[1, inf];[1, inf];[1, 1.0000000000000002220446049250313, 64];[1, 1.0, 64];[1, 1.9999999999999995559107901499374, 63];[1, 1.3333333333333332593184650249896, 63];[1, 1.2732395447351627648657768077101, 62];[1, 1.0, 11];[1, 0.0, 0];[1, 1.25, 67]",238,34
A16_4_7,1,whole|fractional,Fraction,Decimal,"whole/L1/17:-2^63,-2^63+1,-2^53-1,-2^31,-42,-1,0,1,7,42,1000,2^31-1,2^31,2^53-1,2^53+1,2^63-1,2^64-1","fractional/L1/16:-max_finite,-1.5,-1.0,-(1.0-1ulp),-0.0,+0.0,+min_subnormal,+min_normal,1.0-1ulp,1.0,1.0+1ulp,1.5,pi,2^53,max_finite,0.1",272,RAISE:TypeError;RAISE:TypeError;RAISE:TypeError;RAISE:TypeError;RAISE:TypeError;RAISE:TypeError;RAISE:TypeError;RAISE:TypeError;RAISE:TypeError;RAISE:TypeError;RAISE:TypeError;RAISE:TypeError;RAISE:TypeError;RAISE:TypeError;RAISE:TypeError;RAISE:TypeError;RAISE:TypeError;RAISE:TypeError;RAISE:TypeError;RAISE:TypeError;RAISE:TypeError;RAISE:TypeError;RAISE:TypeError;RAISE:TypeError;RAISE:TypeError;RAISE:TypeError;RAISE:TypeError;RAISE:TypeError;RAISE:TypeError;RAISE:TypeError;RAISE:TypeError;RAISE:TypeError;RAISE:TypeError;RAISE:TypeError;RAISE:TypeError;RAISE:TypeError;RAISE:TypeError;RAISE:TypeError;RAISE:TypeError;RAISE:TypeError;RAISE:TypeError;RAISE:TypeError;RAISE:TypeError;RAISE:TypeError;RAISE:TypeError;RAISE:TypeError;RAISE:TypeError;RAISE:TypeError;RAISE:TypeError;RAISE:TypeError;RAISE:TypeError;RAISE:TypeError;RAISE:TypeError;RAISE:TypeError;RAISE:TypeError;RAISE:TypeError;RAISE:TypeError;RAISE:TypeError;RAISE:TypeError;RAISE:TypeError;RAISE:TypeError;RAISE:TypeError;RAISE:TypeError;RAISE:TypeError;RAISE:TypeError;RAISE:TypeError;RAISE:TypeError;RAISE:TypeError;RAISE:TypeError;RAISE:TypeError;RAISE:TypeError;RAISE:TypeError;RAISE:TypeError;RAISE:TypeError;RAISE:TypeError;RAISE:TypeError;RAISE:TypeError;RAISE:TypeError;RAISE:TypeError;RAISE:TypeError;RAISE:TypeError;RAISE:TypeError;RAISE:TypeError;RAISE:TypeError;RAISE:TypeError;RAISE:TypeError;RAISE:TypeError;RAISE:TypeError;RAISE:TypeError;RAISE:TypeError;RAISE:TypeError;RAISE:TypeError;RAISE:TypeError;RAISE:TypeError;RAISE:TypeError;RAISE:TypeError;RAISE:TypeError;RAISE:TypeError;RAISE:TypeError;RAISE:TypeError;RAISE:TypeError;RAISE:TypeError;RAISE:TypeError;RAISE:TypeError;RAISE:TypeError;RAISE:TypeError;RAISE:TypeError;RAISE:TypeError;RAISE:TypeError;RAISE:TypeError;RAISE:TypeError;RAISE:TypeError;RAISE:TypeError;RAISE:TypeError;RAISE:TypeError;RAISE:TypeError;RAISE:TypeError;RAISE:TypeError;RAISE:TypeError;RAISE:TypeError;RAISE:TypeError;RAISE:TypeError;RAISE:TypeError;RAISE:TypeError;RAISE:TypeError;RAISE:TypeError;RAISE:TypeError;RAISE:TypeError;RAISE:TypeError;RAISE:TypeError;RAISE:TypeError;RAISE:TypeError;RAISE:TypeError;RAISE:TypeError;RAISE:TypeError;RAISE:TypeError;RAISE:TypeError;RAISE:TypeError;RAISE:TypeError;RAISE:TypeError;RAISE:TypeError;RAISE:TypeError;RAISE:TypeError;RAISE:TypeError;RAISE:TypeError;RAISE:TypeError;RAISE:TypeError;RAISE:TypeError;RAISE:TypeError;RAISE:TypeError;RAISE:TypeError;RAISE:TypeError;RAISE:TypeError;RAISE:TypeError;RAISE:TypeError;RAISE:TypeError;RAISE:TypeError;RAISE:TypeError;RAISE:TypeError;RAISE:TypeError;RAISE:TypeError;RAISE:TypeError;RAISE:TypeError;RAISE:TypeError;RAISE:TypeError;RAISE:TypeError;RAISE:TypeError;RAISE:TypeError;RAISE:TypeError;RAISE:TypeError;RAISE:TypeError;RAISE:TypeError;RAISE:TypeError;RAISE:TypeError;RAISE:TypeError;RAISE:TypeError;RAISE:TypeError;RAISE:TypeError;RAISE:TypeError;RAISE:TypeError;RAISE:TypeError;RAISE:TypeError;RAISE:TypeError;RAISE:TypeError;RAISE:TypeError;RAISE:TypeError;RAISE:TypeError;RAISE:TypeError;RAISE:TypeError;RAISE:TypeError;RAISE:TypeError;RAISE:TypeError;RAISE:TypeError;RAISE:TypeError;RAISE:TypeError;RAISE:TypeError;RAISE:TypeError;RAISE:TypeError;RAISE:TypeError;RAISE:TypeError;RAISE:TypeError;RAISE:TypeError;RAISE:TypeError;RAISE:TypeError;RAISE:TypeError;RAISE:TypeError;RAISE:TypeError;RAISE:TypeError;RAISE:TypeError;RAISE:TypeError;RAISE:TypeError;RAISE:TypeError;RAISE:TypeError;RAISE:TypeError;RAISE:TypeError;RAISE:TypeError;RAISE:TypeError;RAISE:TypeError;RAISE:TypeError;RAISE:TypeError;RAISE:TypeError;RAISE:TypeError;RAISE:TypeError;RAISE:TypeError;RAISE:TypeError;RAISE:TypeError;RAISE:TypeError;RAISE:TypeError;RAISE:TypeError;RAISE:TypeError;RAISE:TypeError;RAISE:TypeError;RAISE:TypeError;RAISE:TypeError;RAISE:TypeError;RAISE:TypeError;RAISE:TypeError;RAISE:TypeError;RAISE:TypeError;RAISE:TypeError;RAISE:TypeError;RAISE:TypeError;RAISE:TypeError;RAISE:TypeError;RAISE:TypeError;RAISE:TypeError;RAISE:TypeError;RAISE:TypeError;RAISE:TypeError;RAISE:TypeError;RAISE:TypeError;RAISE:TypeError;RAISE:TypeError;RAISE:TypeError;RAISE:TypeError;RAISE:TypeError;RAISE:TypeError;RAISE:TypeError;RAISE:TypeError;RAISE:TypeError;RAISE:TypeError;RAISE:TypeError;RAISE:TypeError;RAISE:TypeError;RAISE:TypeError;RAISE:TypeError;RAISE:TypeError;RAISE:TypeError;RAISE:TypeError;RAISE:TypeError;RAISE:TypeError;RAISE:TypeError,0,272
A16_4_8,1,whole|fractional,Fraction,Fraction,"whole/L1/17:-2^63,-2^63+1,-2^53-1,-2^31,-42,-1,0,1,7,42,1000,2^31-1,2^31,2^53-1,2^53+1,2^63-1,2^64-1","fractional/L1/15:-max_finite,-1.5,-1.0,-(1.0-1ulp),+0.0,+min_subnormal,+min_normal,1.0-1ulp,1.0,1.0+1ulp,1.5,pi,2^53,max_finite,0.1",255,"[1, 0.0, 0];[1, 1.333333333333333333261053188501, 62];[1, 1.0, 63];[1, 1.0000000000000001110223024625157, 63];RAISE:ZeroDivisionError;[-1, 1.0, 1137];[-1, 1.0, 1085];[-1, 1.0000000000000001111307226797642, 63];[-1, 1.0, 63];[-1, 1.9999999999999995561276305844345, 62];[-1, 1.3333333333333333334778936229981, 62];[-1, 1.2732395447351627358091585850985, 61];[-1, 1.0, 10];[-1, 1.0, 0];[-1, 1.2499999999999999306246134880838, 66];[1, 0.0, 0];[1, 1.3333333333333333330442127540039, 62];[1, 1.9999999999999999997831595655029, 62];[1, 1.0000000000000001109138822452671, 63];RAISE:ZeroDivisionError;[-1, 1.9999999999999999997831595655029, 1136];[-1, 1.9999999999999999997831595655029, 1084];[-1, 1.0000000000000001110223024625157, 63];[-1, 1.9999999999999999997831595655029, 62];[-1, 1.9999999999999995559107901499374, 62];[-1, 1.333333333333333333261053188501, 62];[-1, 1.2732395447351627358091585850985, 61];[-1, 1.0, 10];[-1, 1.0, 0];[-1, 1.2499999999999999304890882165231, 66];[1, 0.0, 0];[1, 1.3333333333333334813630699500209, 52];[1, 1.0000000000000001110223024625157, 53];[1, 1.0000000000000002220446049250313, 53];RAISE:ZeroDivisionError;[-1, 1.0000000000000001110223024625157, 1127];[-1, 1.0000000000000001110223024625157, 1075];[-1, 1.000000000000000333066907387547, 53];[-1, 1.0000000000000001110223024625157, 53];[-1, 1.0, 53];[-1, 1.3333333333333334813630699500209, 52];[-1, 1.2732395447351629869103817327414, 51];[-1, 1.0, 1];[-1, 1.0, 0];[-1, 1.2500000000000000693889390390723, 56];[1, 0.0, 0];[1, 1.333333333022892475128173828125, 30];[1, 1.0, 31];[1, 1.0, 31];RAISE:ZeroDivisionError;[-1, 1.0, 1105];[-1, 1.0, 1053];[-1, 1.0000000004656612873077392578125, 31];[-1, 1.0, 31];[-1, 1.0, 31];[-1, 1.33333333395421504974365234375, 30];[-1, 1.273239545524120330810546875, 29];[-1, 1.0, 0];[-1, 1.0, 0];[-1, 1.25, 34];[1, 0.0, 0];[1, 1.75, 4];[1, 1.3125, 5];[1, 1.3125, 5];RAISE:ZeroDivisionError;[-1, 1.3125, 1079];[-1, 1.3125, 1027];[-1, 1.34375, 5];[-1, 1.3125, 5];[-1, 1.3125, 5];[-1, 1.75, 4];[-1, 1.75, 3];[-1, 1.0, 0];[-1, 1.0, 0];[-1, 1.640625, 8];[1, 0.0, 0];[1, 0.0, 0];[1, 1.0, 0];[1, 1.0, 0];RAISE:ZeroDivisionError;[-1, 1.0, 1074];[-1, 1.0, 1022];[-1, 1.0, 1];[-1, 1.0, 0];[-1, 1.0, 0];[-1, 1.0, 0];[-1, 1.0, 0];[-1, 1.0, 0];[-1, 1.0, 0];[-1, 1.25, 3];[1, 0.0, 0];[1, 0.0, 0];[1, 0.0, 0];[1, 0.0, 0];RAISE:ZeroDivisionError;[1, 0.0, 0];[1, 0.0, 0];[1, 0.0, 0];[1, 0.0, 0];[1, 0.0, 0];[1, 0.0, 0];[1, 0.0, 0];[1, 0.0, 0];[1, 0.0, 0];[1, 0.0, 0];[-1, 1.0, 0];[-1, 1.0, 0];[-1, 1.0, 0];[-1, 1.0, 1];RAISE:ZeroDivisionError;[1, 1.0, 1074];[1, 1.0, 1022];[1, 1.0, 0];[1, 1.0, 0];[1, 0.0, 0];[1, 0.0, 0];[1, 0.0, 0];[1, 0.0, 0];[1, 0.0, 0];[1, 1.125, 3];[-1, 1.0, 0];[-1, 1.25, 2];[-1, 1.75, 2];[-1, 1.0, 3];RAISE:ZeroDivisionError;[1, 1.75, 1076];[1, 1.75, 1024];[1, 1.75, 2];[1, 1.75, 2];[1, 1.5, 2];[1, 1.0, 2];[1, 1.0, 1];[1, 0.0, 0];[1, 0.0, 0];[1, 1.078125, 6];[-1, 1.0, 0];[-1, 1.75, 4];[-1, 1.3125, 5];[-1, 1.34375, 5];RAISE:ZeroDivisionError;[1, 1.3125, 1079];[1, 1.3125, 1027];[1, 1.3125, 5];[1, 1.3125, 5];[1, 1.28125, 5];[1, 1.75, 4];[1, 1.625, 3];[1, 0.0, 0];[1, 0.0, 0];[1, 1.63671875, 8];[-1, 1.0, 0];[-1, 1.302734375, 9];[-1, 1.953125, 9];[-1, 1.955078125, 9];RAISE:ZeroDivisionError;[1, 1.953125, 1083];[1, 1.953125, 1031];[1, 1.953125, 9];[1, 1.953125, 9];[1, 1.951171875, 9];[1, 1.30078125, 9];[1, 1.2421875, 8];[1, 0.0, 0];[1, 0.0, 0];[1, 1.2205810546875, 13];[-1, 1.0, 0];[-1, 1.333333333022892475128173828125, 30];[-1, 1.999999999068677425384521484375, 30];[-1, 1.0, 31];RAISE:ZeroDivisionError;[1, 1.999999999068677425384521484375, 1104];[1, 1.999999999068677425384521484375, 1052];[1, 1.999999999068677425384521484375, 30];[1, 1.999999999068677425384521484375, 30];[1, 1.99999999813735485076904296875, 30];[1, 1.3333333320915699005126953125, 30];[1, 1.27323954366147518157958984375, 29];[1, 0.0, 0];[1, 0.0, 0];[1, 1.2499999993597157299518585205078, 34];[-1, 1.0, 0];[-1, 1.33333333395421504974365234375, 30];[-1, 1.0, 31];[-1, 1.0000000004656612873077392578125, 31];RAISE:ZeroDivisionError;[1, 1.0, 1105];[1, 1.0, 1053];[1, 1.0, 31];[1, 1.0, 31];[1, 1.999999999068677425384521484375, 30];[1, 1.333333333022892475128173828125, 30];[1, 1.27323954366147518157958984375, 29];[1, 0.0, 0];[1, 0.0, 0];[1, 1.2499999999417923390865325927734, 34];[-1, 1.0, 0];[-1, 1.3333333333333332593184650249896, 52];[-1, 1.9999999999999997779553950749687, 52];[-1, 1.0, 53];RAISE:ZeroDivisionError;[1, 1.9999999999999997779553950749687, 1126];[1, 1.9999999999999997779553950749687, 1074];[1, 1.0, 53];[1, 1.9999999999999997779553950749687, 52];[1, 1.9999999999999993338661852249061, 52];[1, 1.3333333333333330372738600999583, 52];[1, 1.2732395447351625428211718826788, 51];[1, 0.0, 0];[1, 0.0, 0];[1, 1.2499999999999997918331828827831, 56];[-1, 1.0, 0];[-1, 1.3333333333333334813630699500209, 52];[-1, 1.0000000000000001110223024625157, 53];[-1, 1.000000000000000333066907387547, 53];RAISE:ZeroDivisionError;[1, 1.0000000000000001110223024625157, 1127];[1, 1.0000000000000001110223024625157, 1075];[1, 1.0000000000000002220446049250313, 53];[1, 1.0000000000000001110223024625157, 53];[1, 1.9999999999999997779553950749687, 52];[1, 1.3333333333333334813630699500209, 52];[1, 1.2732395447351625428211718826788, 51];[1, 1.0, 0];[1, 0.0, 0];[1, 1.2500000000000000555111512312578, 56];[-1, 1.0, 0];[-1, 1.333333333333333333261053188501, 62];[-1, 1.9999999999999999997831595655029, 62];[-1, 1.0000000000000001110223024625157, 63];RAISE:ZeroDivisionError;[1, 1.9999999999999999997831595655029, 1136];[1, 1.9999999999999999997831595655029, 1084];[1, 1.0000000000000001109138822452671, 63];[1, 1.9999999999999999997831595655029, 62];[1, 1.9999999999999995556939497154403, 62];[1, 1.3333333333333333330442127540039, 62];[1, 1.2732395447351627353754777161043, 61];[1, 1.998046875, 9];[1, 0.0, 0];[1, 1.249999999999999930475535689367, 66];[-1, 1.0, 0];[-1, 1.333333333333333333261053188501, 63];[-1, 1.9999999999999999998915797827514, 63];[-1, 1.0000000000000001110223024625157, 64];RAISE:ZeroDivisionError;[1, 1.9999999999999999998915797827514, 1137];[1, 1.9999999999999999998915797827514, 1085];[1, 1.0000000000000001109680923538914, 64];[1, 1.9999999999999999998915797827514, 63];[1, 1.9999999999999995558023699326888, 63];[1, 1.333333333333333333261053188501, 63];[1, 1.2732395447351627355923181506014, 62];[1, 1.9990234375, 10];[1, 0.0, 0];[1, 1.2499999999999999305432983251474, 67]",238,17
A16_5_1,1,whole|truth,c_int64,bool,"whole/L1/16:-2^63,-2^63+1,-2^53-1,-2^31,-42,-1,0,1,7,42,1000,2^31-1,2^31,2^53-1,2^53+1,2^63-1","truth/L1/6:true,false,0,1,"""",nil",96,"[-1, 1.0, 63];RAISE:ZeroDivisionError;RAISE:ZeroDivisionError;[-1, 1.0, 63];RAISE:TypeError;RAISE:TypeError;[-1, 1.9999999999999999997831595655029, 62];RAISE:ZeroDivisionError;RAISE:ZeroDivisionError;[-1, 1.9999999999999999997831595655029, 62];RAISE:TypeError;RAISE:TypeError;[-1, 1.0000000000000001110223024625157, 53];RAISE:ZeroDivisionError;RAISE:ZeroDivisionError;[-1, 1.0000000000000001110223024625157, 53];RAISE:TypeError;RAISE:TypeError;[-1, 1.0, 31];RAISE:ZeroDivisionError;RAISE:ZeroDivisionError;[-1, 1.0, 31];RAISE:TypeError;RAISE:TypeError;[-1, 1.3125, 5];RAISE:ZeroDivisionError;RAISE:ZeroDivisionError;[-1, 1.3125, 5];RAISE:TypeError;RAISE:TypeError;[-1, 1.0, 0];RAISE:ZeroDivisionError;RAISE:ZeroDivisionError;[-1, 1.0, 0];RAISE:TypeError;RAISE:TypeError;[1, 0.0, 0];RAISE:ZeroDivisionError;RAISE:ZeroDivisionError;[1, 0.0, 0];RAISE:TypeError;RAISE:TypeError;[1, 1.0, 0];RAISE:ZeroDivisionError;RAISE:ZeroDivisionError;[1, 1.0, 0];RAISE:TypeError;RAISE:TypeError;[1, 1.75, 2];RAISE:ZeroDivisionError;RAISE:ZeroDivisionError;[1, 1.75, 2];RAISE:TypeError;RAISE:TypeError;[1, 1.3125, 5];RAISE:ZeroDivisionError;RAISE:ZeroDivisionError;[1, 1.3125, 5];RAISE:TypeError;RAISE:TypeError;[1, 1.953125, 9];RAISE:ZeroDivisionError;RAISE:ZeroDivisionError;[1, 1.953125, 9];RAISE:TypeError;RAISE:TypeError;[1, 1.999999999068677425384521484375, 30];RAISE:ZeroDivisionError;RAISE:ZeroDivisionError;[1, 1.999999999068677425384521484375, 30];RAISE:TypeError;RAISE:TypeError;[1, 1.0, 31];RAISE:ZeroDivisionError;RAISE:ZeroDivisionError;[1, 1.0, 31];RAISE:TypeError;RAISE:TypeError;[1, 1.9999999999999997779553950749687, 52];RAISE:ZeroDivisionError;RAISE:ZeroDivisionError;[1, 1.9999999999999997779553950749687, 52];RAISE:TypeError;RAISE:TypeError;[1, 1.0000000000000001110223024625157, 53];RAISE:ZeroDivisionError;RAISE:ZeroDivisionError;[1, 1.0000000000000001110223024625157, 53];RAISE:TypeError;RAISE:TypeError;[1, 1.9999999999999999997831595655029, 62];RAISE:ZeroDivisionError;RAISE:ZeroDivisionError;[1, 1.9999999999999999997831595655029, 62];RAISE:TypeError;RAISE:TypeError",32,64
A16_5_2,1,whole|whole,c_int64,int,"whole/L1/16:-2^63,-2^63+1,-2^53-1,-2^31,-42,-1,0,1,7,42,1000,2^31-1,2^31,2^53-1,2^53+1,2^63-1","whole/L1/17:-2^63,-2^63+1,-2^53-1,-2^31,-42,-1,0,1,7,42,1000,2^31-1,2^31,2^53-1,2^53+1,2^63-1,2^64-1",272,"[1, 1.0, 0];[1, 1.0, 0];[1, 1.998046875, 9];[1, 1.0, 32];[1, 1.5238095238095238082021154468748, 57];[1, 1.0, 63];RAISE:ZeroDivisionError;[-1, 1.0, 63];[-1, 1.1428571428571428578863100611329, 60];[-1, 1.523809523809523815141009350782, 57];[-1, 1.024000000000000021316282072803, 53];[-1, 1.0000000006984919309616088867188, 32];[-1, 1.0, 32];[-1, 1.0009765625, 10];[-1, 1.0, 10];[-1, 1.0, 1];[-1, 1.0, 0];[1, 0.0, 0];[1, 1.0, 0];[1, 1.998046875, 9];[1, 1.9999999995343387126922607421875, 31];[1, 1.5238095238095238082021154468748, 57];[1, 1.9999999999999999997831595655029, 62];RAISE:ZeroDivisionError;[-1, 1.9999999999999999997831595655029, 62];[-1, 1.1428571428571428570189483231445, 60];[-1, 1.523809523809523815141009350782, 57];[-1, 1.024000000000000021316282072803, 53];[-1, 1.0000000006984919309616088867188, 32];[-1, 1.0, 32];[-1, 1.0009765625, 10];[-1, 1.0, 10];[-1, 1.0, 0];[-1, 1.0, 0];[1, 0.0, 0];[1, 0.0, 0];[1, 1.0, 0];[1, 1.0, 22];[1, 1.5238095238095183958648703992367, 47];[1, 1.0000000000000001110223024625157, 53];RAISE:ZeroDivisionError;[-1, 1.0000000000000001110223024625157, 53];[-1, 1.1428571428571432377907513000537, 50];[-1, 1.5238095238095255012922280002385, 47];[-1, 1.0240000000000009094947017729282, 43];[-1, 1.0000002384185791015625, 22];[-1, 1.0000002384185791015625, 22];[-1, 1.0, 1];[-1, 1.0, 0];[-1, 1.0, 0];[-1, 1.0, 0];[1, 0.0, 0];[1, 0.0, 0];[1, 0.0, 0];[1, 1.0, 0];[1, 1.5238095223903656005859375, 25];[1, 1.0, 31];RAISE:ZeroDivisionError;[-1, 1.0, 31];[-1, 1.1428571455180644989013671875, 28];[-1, 1.52380955219268798828125, 25];[-1, 1.0240001678466796875, 21];[-1, 1.0, 1];[-1, 1.0, 0];[-1, 1.0, 0];[-1, 1.0, 0];[-1, 1.0, 0];[-1, 1.0, 0];[1, 0.0, 0];[1, 0.0, 0];[1, 0.0, 0];[1, 0.0, 0];[1, 1.0, 0];[1, 1.3125, 5];RAISE:ZeroDivisionError;[-1, 1.3125, 5];[-1, 1.5, 2];[-1, 1.0, 0];[-1, 1.0, 0];[-1, 1.0, 0];[-1, 1.0, 0];[-1, 1.0, 0];[-1, 1.0, 0];[-1, 1.0, 0];[-1, 1.0, 0];[1, 0.0, 0];[1, 0.0, 0];[1, 0.0, 0];[1, 0.0, 0];[1, 0.0, 0];[1, 1.0, 0];RAISE:ZeroDivisionError;[-1, 1.0, 0];[-1, 1.0, 0];[-1, 1.0, 0];[-1, 1.0, 0];[-1, 1.0, 0];[-1, 1.0, 0];[-1, 1.0, 0];[-1, 1.0, 0];[-1, 1.0, 0];[-1, 1.0, 0];[1, 0.0, 0];[1, 0.0, 0];[1, 0.0, 0];[1, 0.0, 0];[1, 0.0, 0];[1, 0.0, 0];RAISE:ZeroDivisionError;[1, 0.0, 0];[1, 0.0, 0];[1, 0.0, 0];[1, 0.0, 0];[1, 0.0, 0];[1, 0.0, 0];[1, 0.0, 0];[1, 0.0, 0];[1, 0.0, 0];[1, 0.0, 0];[-1, 1.0, 0];[-1, 1.0, 0];[-1, 1.0, 0];[-1, 1.0, 0];[-1, 1.0, 0];[-1, 1.0, 0];RAISE:ZeroDivisionError;[1, 1.0, 0];[1, 0.0, 0];[1, 0.0, 0];[1, 0.0, 0];[1, 0.0, 0];[1, 0.0, 0];[1, 0.0, 0];[1, 0.0, 0];[1, 0.0, 0];[1, 0.0, 0];[-1, 1.0, 0];[-1, 1.0, 0];[-1, 1.0, 0];[-1, 1.0, 0];[-1, 1.0, 0];[-1, 1.75, 2];RAISE:ZeroDivisionError;[1, 1.75, 2];[1, 1.0, 0];[1, 0.0, 0];[1, 0.0, 0];[1, 0.0, 0];[1, 0.0, 0];[1, 0.0, 0];[1, 0.0, 0];[1, 0.0, 0];[1, 0.0, 0];[-1, 1.0, 0];[-1, 1.0, 0];[-1, 1.0, 0];[-1, 1.0, 0];[-1, 1.0, 0];[-1, 1.3125, 5];RAISE:ZeroDivisionError;[1, 1.3125, 5];[1, 1.5, 2];[1, 1.0, 0];[1, 0.0, 0];[1, 0.0, 0];[1, 0.0, 0];[1, 0.0, 0];[1, 0.0, 0];[1, 0.0, 0];[1, 0.0, 0];[-1, 1.0, 0];[-1, 1.0, 0];[-1, 1.0, 0];[-1, 1.0, 0];[-1, 1.5, 4];[-1, 1.953125, 9];RAISE:ZeroDivisionError;[1, 1.953125, 9];[1, 1.109375, 7];[1, 1.4375, 4];[1, 1.0, 0];[1, 0.0, 0];[1, 0.0, 0];[1, 0.0, 0];[1, 0.0, 0];[1, 0.0, 0];[1, 0.0, 0];[-1, 1.0, 0];[-1, 1.0, 0];[-1, 1.0, 0];[-1, 1.0, 0];[-1, 1.52380955219268798828125, 25];[-1, 1.999999999068677425384521484375, 30];RAISE:ZeroDivisionError;[1, 1.999999999068677425384521484375, 30];[1, 1.142857141792774200439453125, 28];[1, 1.5238095223903656005859375, 25];[1, 1.023999691009521484375, 21];[1, 1.0, 0];[1, 0.0, 0];[1, 0.0, 0];[1, 0.0, 0];[1, 0.0, 0];[1, 0.0, 0];[-1, 1.0, 0];[-1, 1.0, 0];[-1, 1.0, 0];[-1, 1.0, 0];[-1, 1.52380955219268798828125, 25];[-1, 1.0, 31];RAISE:ZeroDivisionError;[1, 1.0, 31];[1, 1.142857141792774200439453125, 28];[1, 1.5238095223903656005859375, 25];[1, 1.023999691009521484375, 21];[1, 1.0, 0];[1, 1.0, 0];[1, 0.0, 0];[1, 0.0, 0];[1, 0.0, 0];[1, 0.0, 0];[-1, 1.0, 0];[-1, 1.0, 0];[-1, 1.0, 0];[-1, 1.0, 22];[-1, 1.5238095238095255012922280002385, 47];[-1, 1.9999999999999997779553950749687, 52];RAISE:ZeroDivisionError;[1, 1.9999999999999997779553950749687, 52];[1, 1.1428571428571423496123315999284, 50];[1, 1.5238095238095183958648703992367, 47];[1, 1.0239999999998872226569801568985, 43];[1, 1.0, 22];[1, 1.999999523162841796875, 21];[1, 1.0, 0];[1, 0.0, 0];[1, 0.0, 0];[1, 0.0, 0];[-1, 1.0, 0];[-1, 1.0, 0];[-1, 1.0, 0];[-1, 1.0000002384185791015625, 22];[-1, 1.5238095238095255012922280002385, 47];[-1, 1.0000000000000001110223024625157, 53];RAISE:ZeroDivisionError;[1, 1.0000000000000001110223024625157, 53];[1, 1.1428571428571423496123315999284, 50];[1, 1.5238095238095183958648703992367, 47];[1, 1.0239999999998872226569801568985, 43];[1, 1.0, 22];[1, 1.0, 22];[1, 1.0, 0];[1, 1.0, 0];[1, 0.0, 0];[1, 0.0, 0];[-1, 1.0, 0];[-1, 1.0, 0];[-1, 1.0, 10];[-1, 1.0, 32];[-1, 1.523809523809523815141009350782, 57];[-1, 1.9999999999999999997831595655029, 62];RAISE:ZeroDivisionError;[1, 1.9999999999999999997831595655029, 62];[1, 1.1428571428571428570189483231445, 60];[1, 1.5238095238095238082021154468748, 57];[1, 1.0239999999999999102939796102874, 53];[1, 1.0000000004656612873077392578125, 32];[1, 1.9999999995343387126922607421875, 31];[1, 1.0, 10];[1, 1.998046875, 9];[1, 1.0, 0];[1, 0.0, 0]",256,16
A16_5_3,1,whole|whole,c_int64,Decimal,"whole/L1/16:-2^63,-2^63+1,-2^53-1,-2^31,-42,-1,0,1,7,42,1000,2^31-1,2^31,2^53-1,2^53+1,2^63-1","whole/L1/17:-2^63,-2^63+1,-2^53-1,-2^31,-42,-1,0,1,7,42,1000,2^31-1,2^31,2^53-1,2^53+1,2^63-1,2^64-1",272,"[1, 1.0, 0];[1, 1.0, 0];[1, 1.998046875, 9];[1, 1.0, 32];[1, 1.5238095238095238082021154468748, 57];[1, 1.0, 63];RAISE:DivisionByZero;[-1, 1.0, 63];[-1, 1.1428571428571428570189483231445, 60];[-1, 1.5238095238095238082021154468748, 57];[-1, 1.0239999999999999102939796102874, 53];[-1, 1.0000000004656612873077392578125, 32];[-1, 1.0, 32];[-1, 1.0, 10];[-1, 1.998046875, 9];[-1, 1.0, 0];[-1, 0.0, 0];[1, 0.0, 0];[1, 1.0, 0];[1, 1.998046875, 9];[1, 1.9999999995343387126922607421875, 31];[1, 1.5238095238095238082021154468748, 57];[1, 1.9999999999999999997831595655029, 62];RAISE:DivisionByZero;[-1, 1.9999999999999999997831595655029, 62];[-1, 1.1428571428571428570189483231445, 60];[-1, 1.5238095238095238082021154468748, 57];[-1, 1.0239999999999999102939796102874, 53];[-1, 1.0000000004656612873077392578125, 32];[-1, 1.9999999995343387126922607421875, 31];[-1, 1.0, 10];[-1, 1.998046875, 9];[-1, 1.0, 0];[-1, 0.0, 0];[1, 0.0, 0];[1, 0.0, 0];[1, 1.0, 0];[1, 1.0, 22];[1, 1.5238095238095183958648703992367, 47];[1, 1.0000000000000001110223024625157, 53];RAISE:DivisionByZero;[-1, 1.0000000000000001110223024625157, 53];[-1, 1.1428571428571423496123315999284, 50];[-1, 1.5238095238095183958648703992367, 47];[-1, 1.0239999999998872226569801568985, 43];[-1, 1.0, 22];[-1, 1.0, 22];[-1, 1.0, 0];[-1, 1.0, 0];[-1, 0.0, 0];[-1, 0.0, 0];[1, 0.0, 0];[1, 0.0, 0];[1, 0.0, 0];[1, 1.0, 0];[1, 1.5238095223903656005859375, 25];[1, 1.0, 31];RAISE:DivisionByZero;[-1, 1.0, 31];[-1, 1.142857141792774200439453125, 28];[-1, 1.5238095223903656005859375, 25];[-1, 1.023999691009521484375, 21];[-1, 1.0, 0];[-1, 1.0, 0];[-1, 0.0, 0];[-1, 0.0, 0];[-1, 0.0, 0];[-1, 0.0, 0];[1, 0.0, 0];[1, 0.0, 0];[1, 0.0, 0];[1, 0.0, 0];[1, 1.0, 0];[1, 1.3125, 5];RAISE:DivisionByZero;[-1, 1.3125, 5];[-1, 1.5, 2];[-1, 1.0, 0];[-1, 0.0, 0];[-1, 0.0, 0];[-1, 0.0, 0];[-1, 0.0, 0];[-1, 0.0, 0];[-1, 0.0, 0];[-1, 0.0, 0];[1, 0.0, 0];[1, 0.0, 0];[1, 0.0, 0];[1, 0.0, 0];[1, 0.0, 0];[1, 1.0, 0];RAISE:DivisionByZero;[-1, 1.0, 0];[-1, 0.0, 0];[-1, 0.0, 0];[-1, 0.0, 0];[-1, 0.0, 0];[-1, 0.0, 0];[-1, 0.0, 0];[-1, 0.0, 0];[-1, 0.0, 0];[-1, 0.0, 0];[-1, 0.0, 0];[-1, 0.0, 0];[-1, 0.0, 0];[-1, 0.0, 0];[-1, 0.0, 0];[-1, 0.0, 0];RAISE:InvalidOperation;[1, 0.0, 0];[1, 0.0, 0];[1, 0.0, 0];[1, 0.0, 0];[1, 0.0, 0];[1, 0.0, 0];[1, 0.0, 0];[1, 0.0, 0];[1, 0.0, 0];[1, 0.0, 0];[-1, 0.0, 0];[-1, 0.0, 0];[-1, 0.0, 0];[-1, 0.0, 0];[-1, 0.0, 0];[-1, 1.0, 0];RAISE:DivisionByZero;[1, 1.0, 0];[1, 0.0, 0];[1, 0.0, 0];[1, 0.0, 0];[1, 0.0, 0];[1, 0.0, 0];[1, 0.0, 0];[1, 0.0, 0];[1, 0.0, 0];[1, 0.0, 0];[-1, 0.0, 0];[-1, 0.0, 0];[-1, 0.0, 0];[-1, 0.0, 0];[-1, 0.0, 0];[-1, 1.75, 2];RAISE:DivisionByZero;[1, 1.75, 2];[1, 1.0, 0];[1, 0.0, 0];[1, 0.0, 0];[1, 0.0, 0];[1, 0.0, 0];[1, 0.0, 0];[1, 0.0, 0];[1, 0.0, 0];[1, 0.0, 0];[-1, 0.0, 0];[-1, 0.0, 0];[-1, 0.0, 0];[-1, 0.0, 0];[-1, 1.0, 0];[-1, 1.3125, 5];RAISE:DivisionByZero;[1, 1.3125, 5];[1, 1.5, 2];[1, 1.0, 0];[1, 0.0, 0];[1, 0.0, 0];[1, 0.0, 0];[1, 0.0, 0];[1, 0.0, 0];[1, 0.0, 0];[1, 0.0, 0];[-1, 0.0, 0];[-1, 0.0, 0];[-1, 0.0, 0];[-1, 0.0, 0];[-1, 1.4375, 4];[-1, 1.953125, 9];RAISE:DivisionByZero;[1, 1.953125, 9];[1, 1.109375, 7];[1, 1.4375, 4];[1, 1.0, 0];[1, 0.0, 0];[1, 0.0, 0];[1, 0.0, 0];[1, 0.0, 0];[1, 0.0, 0];[1, 0.0, 0];[-1, 0.0, 0];[-1, 0.0, 0];[-1, 0.0, 0];[-1, 0.0, 0];[-1, 1.5238095223903656005859375, 25];[-1, 1.999999999068677425384521484375, 30];RAISE:DivisionByZero;[1, 1.999999999068677425384521484375, 30];[1, 1.142857141792774200439453125, 28];[1, 1.5238095223903656005859375, 25];[1, 1.023999691009521484375, 21];[1, 1.0, 0];[1, 0.0, 0];[1, 0.0, 0];[1, 0.0, 0];[1, 0.0, 0];[1, 0.0, 0];[-1, 0.0, 0];[-1, 0.0, 0];[-1, 0.0, 0];[-1, 1.0, 0];[-1, 1.5238095223903656005859375, 25];[-1, 1.0, 31];RAISE:DivisionByZero;[1, 1.0, 31];[1, 1.142857141792774200439453125, 28];[1, 1.5238095223903656005859375, 25];[1, 1.023999691009521484375, 21];[1, 1.0, 0];[1, 1.0, 0];[1, 0.0, 0];[1, 0.0, 0];[1, 0.0, 0];[1, 0.0, 0];[-1, 0.0, 0];[-1, 0.0, 0];[-1, 0.0, 0];[-1, 1.999999523162841796875, 21];[-1, 1.5238095238095183958648703992367, 47];[-1, 1.9999999999999997779553950749687, 52];RAISE:DivisionByZero;[1, 1.9999999999999997779553950749687, 52];[1, 1.1428571428571423496123315999284, 50];[1, 1.5238095238095183958648703992367, 47];[1, 1.0239999999998872226569801568985, 43];[1, 1.0, 22];[1, 1.999999523162841796875, 21];[1, 1.0, 0];[1, 0.0, 0];[1, 0.0, 0];[1, 0.0, 0];[-1, 0.0, 0];[-1, 0.0, 0];[-1, 1.0, 0];[-1, 1.0, 22];[-1, 1.5238095238095183958648703992367, 47];[-1, 1.0000000000000001110223024625157, 53];RAISE:DivisionByZero;[1, 1.0000000000000001110223024625157, 53];[1, 1.1428571428571423496123315999284, 50];[1, 1.5238095238095183958648703992367, 47];[1, 1.0239999999998872226569801568985, 43];[1, 1.0, 22];[1, 1.0, 22];[1, 1.0, 0];[1, 1.0, 0];[1, 0.0, 0];[1, 0.0, 0];[-1, 0.0, 0];[-1, 1.0, 0];[-1, 1.998046875, 9];[-1, 1.9999999995343387126922607421875, 31];[-1, 1.5238095238095238082021154468748, 57];[-1, 1.9999999999999999997831595655029, 62];RAISE:DivisionByZero;[1, 1.9999999999999999997831595655029, 62];[1, 1.1428571428571428570189483231445, 60];[1, 1.5238095238095238082021154468748, 57];[1, 1.0239999999999999102939796102874, 53];[1, 1.0000000004656612873077392578125, 32];[1, 1.9999999995343387126922607421875, 31];[1, 1.0, 10];[1, 1.998046875, 9];[1, 1.0, 0];[1, 0.0, 0]",256,16
A16_5_4,1,whole|whole,c_int64,Fraction,"whole/L1/16:-2^63,-2^63+1,-2^53-1,-2^31,-42,-1,0,1,7,42,1000,2^31-1,2^31,2^53-1,2^53+1,2^63-1","whole/L1/17:-2^63,-2^63+1,-2^53-1,-2^31,-42,-1,0,1,7,42,1000,2^31-1,2^31,2^53-1,2^53+1,2^63-1,2^64-1",272,"[1, 1.0, 0];[1, 1.0, 0];[1, 1.998046875, 9];[1, 1.0, 32];[1, 1.5238095238095238082021154468748, 57];[1, 1.0, 63];RAISE:ZeroDivisionError;[-1, 1.0, 63];[-1, 1.1428571428571428578863100611329, 60];[-1, 1.523809523809523815141009350782, 57];[-1, 1.024000000000000021316282072803, 53];[-1, 1.0000000006984919309616088867188, 32];[-1, 1.0, 32];[-1, 1.0009765625, 10];[-1, 1.0, 10];[-1, 1.0, 1];[-1, 1.0, 0];[1, 0.0, 0];[1, 1.0, 0];[1, 1.998046875, 9];[1, 1.9999999995343387126922607421875, 31];[1, 1.5238095238095238082021154468748, 57];[1, 1.9999999999999999997831595655029, 62];RAISE:ZeroDivisionError;[-1, 1.9999999999999999997831595655029, 62];[-1, 1.1428571428571428570189483231445, 60];[-1, 1.523809523809523815141009350782, 57];[-1, 1.024000000000000021316282072803, 53];[-1, 1.0000000006984919309616088867188, 32];[-1, 1.0, 32];[-1, 1.0009765625, 10];[-1, 1.0, 10];[-1, 1.0, 0];[-1, 1.0, 0];[1, 0.0, 0];[1, 0.0, 0];[1, 1.0, 0];[1, 1.0, 22];[1, 1.5238095238095183958648703992367, 47];[1, 1.0000000000000001110223024625157, 53];RAISE:ZeroDivisionError;[-1, 1.0000000000000001110223024625157, 53];[-1, 1.1428571428571432377907513000537, 50];[-1, 1.5238095238095255012922280002385, 47];[-1, 1.0240000000000009094947017729282, 43];[-1, 1.0000002384185791015625, 22];[-1, 1.0000002384185791015625, 22];[-1, 1.0, 1];[-1, 1.0, 0];[-1, 1.0, 0];[-1, 1.0, 0];[1, 0.0, 0];[1, 0.0, 0];[1, 0.0, 0];[1, 1.0, 0];[1, 1.5238095223903656005859375, 25];[1, 1.0, 31];RAISE:ZeroDivisionError;[-1, 1.0, 31];[-1, 1.1428571455180644989013671875, 28];[-1, 1.52380955219268798828125, 25];[-1, 1.0240001678466796875, 21];[-1, 1.0, 1];[-1, 1.0, 0];[-1, 1.0, 0];[-1, 1.0, 0];[-1, 1.0, 0];[-1, 1.0, 0];[1, 0.0, 0];[1, 0.0, 0];[1, 0.0, 0];[1, 0.0, 0];[1, 1.0, 0];[1, 1.3125, 5];RAISE:ZeroDivisionError;[-1, 1.3125, 5];[-1, 1.5, 2];[-1, 1.0, 0];[-1, 1.0, 0];[-1, 1.0, 0];[-1, 1.0, 0];[-1, 1.0, 0];[-1, 1.0, 0];[-1, 1.0, 0];[-1, 1.0, 0];[1, 0.0, 0];[1, 0.0, 0];[1, 0.0, 0];[1, 0.0, 0];[1, 0.0, 0];[1, 1.0, 0];RAISE:ZeroDivisionError;[-1, 1.0, 0];[-1, 1.0, 0];[-1, 1.0, 0];[-1, 1.0, 0];[-1, 1.0, 0];[-1, 1.0, 0];[-1, 1.0, 0];[-1, 1.0, 0];[-1, 1.0, 0];[-1, 1.0, 0];[1, 0.0, 0];[1, 0.0, 0];[1, 0.0, 0];[1, 0.0, 0];[1, 0.0, 0];[1, 0.0, 0];RAISE:ZeroDivisionError;[1, 0.0, 0];[1, 0.0, 0];[1, 0.0, 0];[1, 0.0, 0];[1, 0.0, 0];[1, 0.0, 0];[1, 0.0, 0];[1, 0.0, 0];[1, 0.0, 0];[1, 0.0, 0];[-1, 1.0, 0];[-1, 1.0, 0];[-1, 1.0, 0];[-1, 1.0, 0];[-1, 1.0, 0];[-1, 1.0, 0];RAISE:ZeroDivisionError;[1, 1.0, 0];[1, 0.0, 0];[1, 0.0, 0];[1, 0.0, 0];[1, 0.0, 0];[1, 0.0, 0];[1, 0.0, 0];[1, 0.0, 0];[1, 0.0, 0];[1, 0.0, 0];[-1, 1.0, 0];[-1, 1.0, 0];[-1, 1.0, 0];[-1, 1.0, 0];[-1, 1.0, 0];[-1, 1.75, 2];RAISE:ZeroDivisionError;[1, 1.75, 2];[1, 1.0, 0];[1, 0.0, 0];[1, 0.0, 0];[1, 0.0, 0];[1, 0.0, 0];[1, 0.0, 0];[1, 0.0, 0];[1, 0.0, 0];[1, 0.0, 0];[-1, 1.0, 0];[-1, 1.0, 0];[-1, 1.0, 0];[-1, 1.0, 0];[-1, 1.0, 0];[-1, 1.3125, 5];RAISE:ZeroDivisionError;[1, 1.3125, 5];[1, 1.5, 2];[1, 1.0, 0];[1, 0.0, 0];[1, 0.0, 0];[1, 0.0, 0];[1, 0.0, 0];[1, 0.0, 0];[1, 0.0, 0];[1, 0.0, 0];[-1, 1.0, 0];[-1, 1.0, 0];[-1, 1.0, 0];[-1, 1.0, 0];[-1, 1.5, 4];[-1, 1.953125, 9];RAISE:ZeroDivisionError;[1, 1.953125, 9];[1, 1.109375, 7];[1, 1.4375, 4];[1, 1.0, 0];[1, 0.0, 0];[1, 0.0, 0];[1, 0.0, 0];[1, 0.0, 0];[1, 0.0, 0];[1, 0.0, 0];[-1, 1.0, 0];[-1, 1.0, 0];[-1, 1.0, 0];[-1, 1.0, 0];[-1, 1.52380955219268798828125, 25];[-1, 1.999999999068677425384521484375, 30];RAISE:ZeroDivisionError;[1, 1.999999999068677425384521484375, 30];[1, 1.142857141792774200439453125, 28];[1, 1.5238095223903656005859375, 25];[1, 1.023999691009521484375, 21];[1, 1.0, 0];[1, 0.0, 0];[1, 0.0, 0];[1, 0.0, 0];[1, 0.0, 0];[1, 0.0, 0];[-1, 1.0, 0];[-1, 1.0, 0];[-1, 1.0, 0];[-1, 1.0, 0];[-1, 1.52380955219268798828125, 25];[-1, 1.0, 31];RAISE:ZeroDivisionError;[1, 1.0, 31];[1, 1.142857141792774200439453125, 28];[1, 1.5238095223903656005859375, 25];[1, 1.023999691009521484375, 21];[1, 1.0, 0];[1, 1.0, 0];[1, 0.0, 0];[1, 0.0, 0];[1, 0.0, 0];[1, 0.0, 0];[-1, 1.0, 0];[-1, 1.0, 0];[-1, 1.0, 0];[-1, 1.0, 22];[-1, 1.5238095238095255012922280002385, 47];[-1, 1.9999999999999997779553950749687, 52];RAISE:ZeroDivisionError;[1, 1.9999999999999997779553950749687, 52];[1, 1.1428571428571423496123315999284, 50];[1, 1.5238095238095183958648703992367, 47];[1, 1.0239999999998872226569801568985, 43];[1, 1.0, 22];[1, 1.999999523162841796875, 21];[1, 1.0, 0];[1, 0.0, 0];[1, 0.0, 0];[1, 0.0, 0];[-1, 1.0, 0];[-1, 1.0, 0];[-1, 1.0, 0];[-1, 1.0000002384185791015625, 22];[-1, 1.5238095238095255012922280002385, 47];[-1, 1.0000000000000001110223024625157, 53];RAISE:ZeroDivisionError;[1, 1.0000000000000001110223024625157, 53];[1, 1.1428571428571423496123315999284, 50];[1, 1.5238095238095183958648703992367, 47];[1, 1.0239999999998872226569801568985, 43];[1, 1.0, 22];[1, 1.0, 22];[1, 1.0, 0];[1, 1.0, 0];[1, 0.0, 0];[1, 0.0, 0];[-1, 1.0, 0];[-1, 1.0, 0];[-1, 1.0, 10];[-1, 1.0, 32];[-1, 1.523809523809523815141009350782, 57];[-1, 1.9999999999999999997831595655029, 62];RAISE:ZeroDivisionError;[1, 1.9999999999999999997831595655029, 62];[1, 1.1428571428571428570189483231445, 60];[1, 1.5238095238095238082021154468748, 57];[1, 1.0239999999999999102939796102874, 53];[1, 1.0000000004656612873077392578125, 32];[1, 1.9999999995343387126922607421875, 31];[1, 1.0, 10];[1, 1.998046875, 9];[1, 1.0, 0];[1, 0.0, 0]",256,16
A16_5_5,1,whole|whole,c_int64,c_int64,"whole/L1/16:-2^63,-2^63+1,-2^53-1,-2^31,-42,-1,0,1,7,42,1000,2^31-1,2^31,2^53-1,2^53+1,2^63-1","whole/L1/16:-2^63,-2^63+1,-2^53-1,-2^31,-42,-1,0,1,7,42,1000,2^31-1,2^31,2^53-1,2^53+1,2^63-1",256,"[1, 1.0, 0];[1, 1.0, 0];[1, 1.998046875, 9];[1, 1.0, 32];[1, 1.5238095238095238082021154468748, 57];[1, 1.0, 63];RAISE:ZeroDivisionError;[-1, 1.0, 63];[-1, 1.1428571428571428578863100611329, 60];[-1, 1.523809523809523815141009350782, 57];[-1, 1.024000000000000021316282072803, 53];[-1, 1.0000000006984919309616088867188, 32];[-1, 1.0, 32];[-1, 1.0009765625, 10];[-1, 1.0, 10];[-1, 1.0, 1];[1, 0.0, 0];[1, 1.0, 0];[1, 1.998046875, 9];[1, 1.9999999995343387126922607421875, 31];[1, 1.5238095238095238082021154468748, 57];[1, 1.9999999999999999997831595655029, 62];RAISE:ZeroDivisionError;[-1, 1.9999999999999999997831595655029, 62];[-1, 1.1428571428571428570189483231445, 60];[-1, 1.523809523809523815141009350782, 57];[-1, 1.024000000000000021316282072803, 53];[-1, 1.0000000006984919309616088867188, 32];[-1, 1.0, 32];[-1, 1.0009765625, 10];[-1, 1.0, 10];[-1, 1.0, 0];[1, 0.0, 0];[1, 0.0, 0];[1, 1.0, 0];[1, 1.0, 22];[1, 1.5238095238095183958648703992367, 47];[1, 1.0000000000000001110223024625157, 53];RAISE:ZeroDivisionError;[-1, 1.0000000000000001110223024625157, 53];[-1, 1.1428571428571432377907513000537, 50];[-1, 1.5238095238095255012922280002385, 47];[-1, 1.0240000000000009094947017729282, 43];[-1, 1.0000002384185791015625, 22];[-1, 1.0000002384185791015625, 22];[-1, 1.0, 1];[-1, 1.0, 0];[-1, 1.0, 0];[1, 0.0, 0];[1, 0.0, 0];[1, 0.0, 0];[1, 1.0, 0];[1, 1.5238095223903656005859375, 25];[1, 1.0, 31];RAISE:ZeroDivisionError;[-1, 1.0, 31];[-1, 1.1428571455180644989013671875, 28];[-1, 1.52380955219268798828125, 25];[-1, 1.0240001678466796875, 21];[-1, 1.0, 1];[-1, 1.0, 0];[-1, 1.0, 0];[-1, 1.0, 0];[-1, 1.0, 0];[1, 0.0, 0];[1, 0.0, 0];[1, 0.0, 0];[1, 0.0, 0];[1, 1.0, 0];[1, 1.3125, 5];RAISE:ZeroDivisionError;[-1, 1.3125, 5];[-1, 1.5, 2];[-1, 1.0, 0];[-1, 1.0, 0];[-1, 1.0, 0];[-1, 1.0, 0];[-1, 1.0, 0];[-1, 1.0, 0];[-1, 1.0, 0];[1, 0.0, 0];[1, 0.0, 0];[1, 0.0, 0];[1, 0.0, 0];[1, 0.0, 0];[1, 1.0, 0];RAISE:ZeroDivisionError;[-1, 1.0, 0];[-1, 1.0, 0];[-1, 1.0, 0];[-1, 1.0, 0];[-1, 1.0, 0];[-1, 1.0, 0];[-1, 1.0, 0];[-1, 1.0, 0];[-1, 1.0, 0];[1, 0.0, 0];[1, 0.0, 0];[1, 0.0, 0];[1, 0.0, 0];[1, 0.0, 0];[1, 0.0, 0];RAISE:ZeroDivisionError;[1, 0.0, 0];[1, 0.0, 0];[1, 0.0, 0];[1, 0.0, 0];[1, 0.0, 0];[1, 0.0, 0];[1, 0.0, 0];[1, 0.0, 0];[1, 0.0, 0];[-1, 1.0, 0];[-1, 1.0, 0];[-1, 1.0, 0];[-1, 1.0, 0];[-1, 1.0, 0];[-1, 1.0, 0];RAISE:ZeroDivisionError;[1, 1.0, 0];[1, 0.0, 0];[1, 0.0, 0];[1, 0.0, 0];[1, 0.0, 0];[1, 0.0, 0];[1, 0.0, 0];[1, 0.0, 0];[1, 0.0, 0];[-1, 1.0, 0];[-1, 1.0, 0];[-1, 1.0, 0];[-1, 1.0, 0];[-1, 1.0, 0];[-1, 1.75, 2];RAISE:ZeroDivisionError;[1, 1.75, 2];[1, 1.0, 0];[1, 0.0, 0];[1, 0.0, 0];[1, 0.0, 0];[1, 0.0, 0];[1, 0.0, 0];[1, 0.0, 0];[1, 0.0, 0];[-1, 1.0, 0];[-1, 1.0, 0];[-1, 1.0, 0];[-1, 1.0, 0];[-1, 1.0, 0];[-1, 1.3125, 5];RAISE:ZeroDivisionError;[1, 1.3125, 5];[1, 1.5, 2];[1, 1.0, 0];[1, 0.0, 0];[1, 0.0, 0];[1, 0.0, 0];[1, 0.0, 0];[1, 0.0, 0];[1, 0.0, 0];[-1, 1.0, 0];[-1, 1.0, 0];[-1, 1.0, 0];[-1, 1.0, 0];[-1, 1.5, 4];[-1, 1.953125, 9];RAISE:ZeroDivisionError;[1, 1.953125, 9];[1, 1.109375, 7];[1, 1.4375, 4];[1, 1.0, 0];[1, 0.0, 0];[1, 0.0, 0];[1, 0.0, 0];[1, 0.0, 0];[1, 0.0, 0];[-1, 1.0, 0];[-1, 1.0, 0];[-1, 1.0, 0];[-1, 1.0, 0];[-1, 1.52380955219268798828125, 25];[-1, 1.999999999068677425384521484375, 30];RAISE:ZeroDivisionError;[1, 1.999999999068677425384521484375, 30];[1, 1.142857141792774200439453125, 28];[1, 1.5238095223903656005859375, 25];[1, 1.023999691009521484375, 21];[1, 1.0, 0];[1, 0.0, 0];[1, 0.0, 0];[1, 0.0, 0];[1, 0.0, 0];[-1, 1.0, 0];[-1, 1.0, 0];[-1, 1.0, 0];[-1, 1.0, 0];[-1, 1.52380955219268798828125, 25];[-1, 1.0, 31];RAISE:ZeroDivisionError;[1, 1.0, 31];[1, 1.142857141792774200439453125, 28];[1, 1.5238095223903656005859375, 25];[1, 1.023999691009521484375, 21];[1, 1.0, 0];[1, 1.0, 0];[1, 0.0, 0];[1, 0.0, 0];[1, 0.0, 0];[-1, 1.0, 0];[-1, 1.0, 0];[-1, 1.0, 0];[-1, 1.0, 22];[-1, 1.5238095238095255012922280002385, 47];[-1, 1.9999999999999997779553950749687, 52];RAISE:ZeroDivisionError;[1, 1.9999999999999997779553950749687, 52];[1, 1.1428571428571423496123315999284, 50];[1, 1.5238095238095183958648703992367, 47];[1, 1.0239999999998872226569801568985, 43];[1, 1.0, 22];[1, 1.999999523162841796875, 21];[1, 1.0, 0];[1, 0.0, 0];[1, 0.0, 0];[-1, 1.0, 0];[-1, 1.0, 0];[-1, 1.0, 0];[-1, 1.0000002384185791015625, 22];[-1, 1.5238095238095255012922280002385, 47];[-1, 1.0000000000000001110223024625157, 53];RAISE:ZeroDivisionError;[1, 1.0000000000000001110223024625157, 53];[1, 1.1428571428571423496123315999284, 50];[1, 1.5238095238095183958648703992367, 47];[1, 1.0239999999998872226569801568985, 43];[1, 1.0, 22];[1, 1.0, 22];[1, 1.0, 0];[1, 1.0, 0];[1, 0.0, 0];[-1, 1.0, 0];[-1, 1.0, 0];[-1, 1.0, 10];[-1, 1.0, 32];[-1, 1.523809523809523815141009350782, 57];[-1, 1.9999999999999999997831595655029, 62];RAISE:ZeroDivisionError;[1, 1.9999999999999999997831595655029, 62];[1, 1.1428571428571428570189483231445, 60];[1, 1.5238095238095238082021154468748, 57];[1, 1.0239999999999999102939796102874, 53];[1, 1.0000000004656612873077392578125, 32];[1, 1.9999999995343387126922607421875, 31];[1, 1.0, 10];[1, 1.998046875, 9];[1, 1.0, 0]",240,16
A16_5_6,1,whole|fractional,c_int64,float,"whole/L1/16:-2^63,-2^63+1,-2^53-1,-2^31,-42,-1,0,1,7,42,1000,2^31-1,2^31,2^53-1,2^53+1,2^63-1","fractional/L1/16:-max_finite,-1.5,-1.0,-(1.0-1ulp),-0.0,+0.0,+min_subnormal,+min_normal,1.0-1ulp,1.0,1.0+1ulp,1.5,pi,2^53,max_finite,0.1",256,"[1, 0.0, 0];[1, 1.3333333333333332593184650249896, 62];[1, 1.0, 63];[1, 1.0000000000000002220446049250313, 63];RAISE:ZeroDivisionError;RAISE:ZeroDivisionError;[-1, inf];[-1, inf];[-1, 1.0000000000000002220446049250313, 63];[-1, 1.0, 63];[-1, 1.9999999999999995559107901499374, 62];[-1, 1.3333333333333332593184650249896, 62];[-1, 1.2732395447351627648657768077101, 61];[-1, 1.0, 10];[-1, 1.0, 0];[-1, 1.25, 66];[1, 0.0, 0];[1, 1.3333333333333332593184650249896, 62];[1, 1.0, 63];[1, 1.0000000000000002220446049250313, 63];RAISE:ZeroDivisionError;RAISE:ZeroDivisionError;[-1, inf];[-1, inf];[-1, 1.0000000000000002220446049250313, 63];[-1, 1.0, 63];[-1, 1.9999999999999995559107901499374, 62];[-1, 1.3333333333333332593184650249896, 62];[-1, 1.2732395447351627648657768077101, 61];[-1, 1.0, 10];[-1, 1.0, 0];[-1, 1.25, 66];[1, 0.0, 0];[1, 1.3333333333333332593184650249896, 52];[1, 1.0, 53];[1, 1.0000000000000002220446049250313, 53];RAISE:ZeroDivisionError;RAISE:ZeroDivisionError;[-1, inf];[-1, inf];[-1, 1.0000000000000004440892098500626, 53];[-1, 1.0, 53];[-1, 1.9999999999999997779553950749687, 52];[-1, 1.3333333333333334813630699500209, 52];[-1, 1.2732395447351629869103817327414, 51];[-1, 1.0, 0];[-1, 1.0, 0];[-1, 1.25, 56];[1, 0.0, 0];[1, 1.333333333022892475128173828125, 30];[1, 1.0, 31];[1, 1.0, 31];RAISE:ZeroDivisionError;RAISE:ZeroDivisionError;[-1, inf];[-1, inf];[-1, 1.0000000004656612873077392578125, 31];[-1, 1.0, 31];[-1, 1.0, 31];[-1, 1.33333333395421504974365234375, 30];[-1, 1.273239545524120330810546875, 29];[-1, 1.0, 0];[-1, 1.0, 0];[-1, 1.25, 34];[1, 0.0, 0];[1, 1.75, 4];[1, 1.3125, 5];[1, 1.3125, 5];RAISE:ZeroDivisionError;RAISE:ZeroDivisionError;[-1, inf];[-1, inf];[-1, 1.34375, 5];[-1, 1.3125, 5];[-1, 1.3125, 5];[-1, 1.75, 4];[-1, 1.75, 3];[-1, 1.0, 0];[-1, 1.0, 0];[-1, 1.640625, 8];[1, 0.0, 0];[1, 0.0, 0];[1, 1.0, 0];[1, 1.0, 0];RAISE:ZeroDivisionError;RAISE:ZeroDivisionError;[-1, inf];[-1, 1.0, 1022];[-1, 1.0, 1];[-1, 1.0, 0];[-1, 1.0, 0];[-1, 1.0, 0];[-1, 1.0, 0];[-1, 1.0, 0];[-1, 1.0, 0];[-1, 1.25, 3];[-1, 0.0, 0];[-1, 0.0, 0];[-1, 0.0, 0];[-1, 0.0, 0];RAISE:ZeroDivisionError;RAISE:ZeroDivisionError;[1, 0.0, 0];[1, 0.0, 0];[1, 0.0, 0];[1, 0.0, 0];[1, 0.0, 0];[1, 0.0, 0];[1, 0.0, 0];[1, 0.0, 0];[1, 0.0, 0];[1, 0.0, 0];[-1, 1.0, 0];[-1, 1.0, 0];[-1, 1.0, 0];[-1, 1.0, 1];RAISE:ZeroDivisionError;RAISE:ZeroDivisionError;[1, inf];[1, 1.0, 1022];[1, 1.0, 0];[1, 1.0, 0];[1, 0.0, 0];[1, 0.0, 0];[1, 0.0, 0];[1, 0.0, 0];[1, 0.0, 0];[1, 1.125, 3];[-1, 1.0, 0];[-1, 1.25, 2];[-1, 1.75, 2];[-1, 1.0, 3];RAISE:ZeroDivisionError;RAISE:ZeroDivisionError;[1, inf];[1, inf];[1, 1.75, 2];[1, 1.75, 2];[1, 1.5, 2];[1, 1.0, 2];[1, 1.0, 1];[1, 0.0, 0];[1, 0.0, 0];[1, 1.078125, 6];[-1, 1.0, 0];[-1, 1.75, 4];[-1, 1.3125, 5];[-1, 1.34375, 5];RAISE:ZeroDivisionError;RAISE:ZeroDivisionError;[1, inf];[1, inf];[1, 1.3125, 5];[1, 1.3125, 5];[1, 1.28125, 5];[1, 1.75, 4];[1, 1.625, 3];[1, 0.0, 0];[1, 0.0, 0];[1, 1.63671875, 8];[-1, 1.0, 0];[-1, 1.302734375, 9];[-1, 1.953125, 9];[-1, 1.955078125, 9];RAISE:ZeroDivisionError;RAISE:ZeroDivisionError;[1, inf];[1, inf];[1, 1.953125, 9];[1, 1.953125, 9];[1, 1.951171875, 9];[1, 1.30078125, 9];[1, 1.2421875, 8];[1, 0.0, 0];[1, 0.0, 0];[1, 1.2205810546875, 13];[-1, 1.0, 0];[-1, 1.333333333022892475128173828125, 30];[-1, 1.999999999068677425384521484375, 30];[-1, 1.0, 31];RAISE:ZeroDivisionError;RAISE:ZeroDivisionError;[1, inf];[1, inf];[1, 1.999999999068677425384521484375, 30];[1, 1.999999999068677425384521484375, 30];[1, 1.99999999813735485076904296875, 30];[1, 1.3333333320915699005126953125, 30];[1, 1.27323954366147518157958984375, 29];[1, 0.0, 0];[1, 0.0, 0];[1, 1.2499999993597157299518585205078, 34];[-1, 1.0, 0];[-1, 1.33333333395421504974365234375, 30];[-1, 1.0, 31];[-1, 1.0000000004656612873077392578125, 31];RAISE:ZeroDivisionError;RAISE:ZeroDivisionError;[1, inf];[1, inf];[1, 1.0, 31];[1, 1.0, 31];[1, 1.999999999068677425384521484375, 30];[1, 1.333333333022892475128173828125, 30];[1, 1.27323954366147518157958984375, 29];[1, 0.0, 0];[1, 0.0, 0];[1, 1.2499999999417923390865325927734, 34];[-1, 1.0, 0];[-1, 1.3333333333333332593184650249896, 52];[-1, 1.9999999999999997779553950749687, 52];[-1, 1.0, 53];RAISE:ZeroDivisionError;RAISE:ZeroDivisionError;[1, inf];[1, inf];[1, 1.0, 53];[1, 1.9999999999999997779553950749687, 52];[1, 1.9999999999999993338661852249061, 52];[1, 1.3333333333333330372738600999583, 52];[1, 1.2732395447351625428211718826788, 51];[1, 0.0, 0];[1, 0.0, 0];[1, 1.2499999999999997779553950749687, 56];[-1, 1.0, 0];[-1, 1.3333333333333334813630699500209, 52];[-1, 1.0, 53];[-1, 1.0000000000000004440892098500626, 53];RAISE:ZeroDivisionError;RAISE:ZeroDivisionError;[1, inf];[1, inf];[1, 1.0000000000000002220446049250313, 53];[1, 1.0, 53];[1, 1.9999999999999995559107901499374, 52];[1, 1.3333333333333332593184650249896, 52];[1, 1.2732395447351625428211718826788, 51];[1, 1.0, 0];[1, 0.0, 0];[1, 1.25, 56];[-1, 1.0, 0];[-1, 1.3333333333333332593184650249896, 62];[-1, 1.0, 63];[-1, 1.0000000000000002220446049250313, 63];RAISE:ZeroDivisionError;RAISE:ZeroDivisionError;[1, inf];[1, inf];[1, 1.0000000000000002220446049250313, 63];[1, 1.0, 63];[1, 1.9999999999999995559107901499374, 62];[1, 1.3333333333333332593184650249896, 62];[1, 1.2732395447351627648657768077101, 61];[1, 1.0, 10];[1, 0.0, 0];[1, 1.25, 66]",224,32
A16_5_7,1,whole|fractional,c_int64,Decimal,"whole/L1/16:-2^63,-2^63+1,-2^53-1,-2^31,-42,-1,0,1,7,42,1000,2^31-1,2^31,2^53-1,2^53+1,2^63-1","fractional/L1/16:-max_finite,-1.5,-1.0,-(1.0-1ulp),-0.0,+0.0,+min_subnormal,+min_normal,1.0-1ulp,1.0,1.0+1ulp,1.5,pi,2^53,max_finite,0.1",256,"[1, 0.0, 0];[1, 1.333333333333333333261053188501, 62];[1, 1.0, 63];[1, 1.0000000000000000999634403031635, 63];RAISE:DivisionByZero;RAISE:DivisionByZero;RAISE:InvalidOperation;RAISE:InvalidOperation;[-1, 1.0000000000000000999634403031635, 63];[-1, 1.0, 63];[-1, 1.9999999999999995999293983528489, 62];[-1, 1.333333333333333333261053188501, 62];[-1, 1.2732395447351627826466924364723, 61];[-1, 1.0, 10];[-1, 0.0, 0];[-1, 1.25, 66];[1, 0.0, 0];[1, 1.3333333333333333330442127540039, 62];[1, 1.9999999999999999997831595655029, 62];[1, 1.000000000000000099855020085915, 63];RAISE:DivisionByZero;RAISE:DivisionByZero;RAISE:InvalidOperation;RAISE:InvalidOperation;[-1, 1.000000000000000099855020085915, 63];[-1, 1.9999999999999999997831595655029, 62];[-1, 1.9999999999999995997125579183518, 62];[-1, 1.3333333333333333330442127540039, 62];[-1, 1.2732395447351627826466924364723, 61];[-1, 1.998046875, 9];[-1, 0.0, 0];[-1, 1.2499999999999999998644747284393, 66];[1, 0.0, 0];[1, 1.3333333333333334813630699500209, 52];[1, 1.0000000000000001110223024625157, 53];[1, 1.0000000000000001110223024625157, 53];RAISE:DivisionByZero;RAISE:DivisionByZero;RAISE:InvalidOperation;RAISE:InvalidOperation;[-1, 1.0000000000000001110223024625157, 53];[-1, 1.0000000000000001110223024625157, 53];[-1, 1.9999999999999997779553950749687, 52];[-1, 1.3333333333333334813630699500209, 52];[-1, 1.2732395447351625428211718826788, 51];[-1, 1.0, 0];[-1, 0.0, 0];[-1, 1.2500000000000001387778780781446, 56];[1, 0.0, 0];[1, 1.333333333022892475128173828125, 30];[1, 1.0, 31];[1, 1.0, 31];RAISE:DivisionByZero;RAISE:DivisionByZero;RAISE:InvalidOperation;RAISE:InvalidOperation;[-1, 1.0, 31];[-1, 1.0, 31];[-1, 1.999999999068677425384521484375, 30];[-1, 1.333333333022892475128173828125, 30];[-1, 1.27323954366147518157958984375, 29];[-1, 0.0, 0];[-1, 0.0, 0];[-1, 1.25, 34];[1, 0.0, 0];[1, 1.75, 4];[1, 1.3125, 5];[1, 1.3125, 5];RAISE:DivisionByZero;RAISE:DivisionByZero;RAISE:InvalidOperation;RAISE:InvalidOperation;[-1, 1.3125, 5];[-1, 1.3125, 5];[-1, 1.28125, 5];[-1, 1.75, 4];[-1, 1.625, 3];[-1, 0.0, 0];[-1, 0.0, 0];[-1, 1.640625, 8];[1, 0.0, 0];[1, 0.0, 0];[1, 1.0, 0];[1, 1.0, 0];RAISE:DivisionByZero;RAISE:DivisionByZero;RAISE:InvalidOperation;RAISE:InvalidOperation;[-1, 1.0, 0];[-1, 1.0, 0];[-1, 0.0, 0];[-1, 0.0, 0];[-1, 0.0, 0];[-1, 0.0, 0];[-1, 0.0, 0];[-1, 1.25, 3];[-1, 0.0, 0];[-1, 0.0, 0];[-1, 0.0, 0];[-1, 0.0, 0];RAISE:InvalidOperation;RAISE:InvalidOperation;[1, 0.0, 0];[1, 0.0, 0];[1, 0.0, 0];[1, 0.0, 0];[1, 0.0, 0];[1, 0.0, 0];[1, 0.0, 0];[1, 0.0, 0];[1, 0.0, 0];[1, 0.0, 0];[-1, 0.0, 0];[-1, 0.0, 0];[-1, 1.0, 0];[-1, 1.0, 0];RAISE:DivisionByZero;RAISE:DivisionByZero;RAISE:InvalidOperation;RAISE:InvalidOperation;[1, 1.0, 0];[1, 1.0, 0];[1, 0.0, 0];[1, 0.0, 0];[1, 0.0, 0];[1, 0.0, 0];[1, 0.0, 0];[1, 1.25, 3];[-1, 0.0, 0];[-1, 1.0, 2];[-1, 1.75, 2];[-1, 1.75, 2];RAISE:DivisionByZero;RAISE:DivisionByZero;RAISE:InvalidOperation;RAISE:InvalidOperation;[1, 1.75, 2];[1, 1.75, 2];[1, 1.5, 2];[1, 1.0, 2];[1, 1.0, 1];[1, 0.0, 0];[1, 0.0, 0];[1, 1.09375, 6];[-1, 0.0, 0];[-1, 1.75, 4];[-1, 1.3125, 5];[-1, 1.3125, 5];RAISE:DivisionByZero;RAISE:DivisionByZero;RAISE:InvalidOperation;RAISE:InvalidOperation;[1, 1.3125, 5];[1, 1.3125, 5];[1, 1.28125, 5];[1, 1.75, 4];[1, 1.625, 3];[1, 0.0, 0];[1, 0.0, 0];[1, 1.640625, 8];[-1, 0.0, 0];[-1, 1.30078125, 9];[-1, 1.953125, 9];[-1, 1.953125, 9];RAISE:DivisionByZero;RAISE:DivisionByZero;RAISE:InvalidOperation;RAISE:InvalidOperation;[1, 1.953125, 9];[1, 1.953125, 9];[1, 1.951171875, 9];[1, 1.30078125, 9];[1, 1.2421875, 8];[1, 0.0, 0];[1, 0.0, 0];[1, 1.220703125, 13];[-1, 0.0, 0];[-1, 1.3333333320915699005126953125, 30];[-1, 1.999999999068677425384521484375, 30];[-1, 1.999999999068677425384521484375, 30];RAISE:DivisionByZero;RAISE:DivisionByZero;RAISE:InvalidOperation;RAISE:InvalidOperation;[1, 1.999999999068677425384521484375, 30];[1, 1.999999999068677425384521484375, 30];[1, 1.99999999813735485076904296875, 30];[1, 1.3333333320915699005126953125, 30];[1, 1.27323954366147518157958984375, 29];[1, 0.0, 0];[1, 0.0, 0];[1, 1.2499999994179233908653259277344, 34];[-1, 0.0, 0];[-1, 1.333333333022892475128173828125, 30];[-1, 1.0, 31];[-1, 1.0, 31];RAISE:DivisionByZero;RAISE:DivisionByZero;RAISE:InvalidOperation;RAISE:InvalidOperation;[1, 1.0, 31];[1, 1.0, 31];[1, 1.999999999068677425384521484375, 30];[1, 1.333333333022892475128173828125, 30];[1, 1.27323954366147518157958984375, 29];[1, 0.0, 0];[1, 0.0, 0];[1, 1.25, 34];[-1, 0.0, 0];[-1, 1.3333333333333330372738600999583, 52];[-1, 1.9999999999999997779553950749687, 52];[-1, 1.9999999999999997779553950749687, 52];RAISE:DivisionByZero;RAISE:DivisionByZero;RAISE:InvalidOperation;RAISE:InvalidOperation;[1, 1.9999999999999997779553950749687, 52];[1, 1.9999999999999997779553950749687, 52];[1, 1.9999999999999993338661852249061, 52];[1, 1.3333333333333330372738600999583, 52];[1, 1.2732395447351625428211718826788, 51];[1, 0.0, 0];[1, 0.0, 0];[1, 1.2499999999999998612221219218554, 56];[-1, 0.0, 0];[-1, 1.3333333333333334813630699500209, 52];[-1, 1.0000000000000001110223024625157, 53];[-1, 1.0000000000000001110223024625157, 53];RAISE:DivisionByZero;RAISE:DivisionByZero;RAISE:InvalidOperation;RAISE:InvalidOperation;[1, 1.0000000000000001110223024625157, 53];[1, 1.0000000000000001110223024625157, 53];[1, 1.9999999999999997779553950749687, 52];[1, 1.3333333333333334813630699500209, 52];[1, 1.2732395447351625428211718826788, 51];[1, 1.0, 0];[1, 0.0, 0];[1, 1.2500000000000001387778780781446, 56];[-1, 0.0, 0];[-1, 1.3333333333333333330442127540039, 62];[-1, 1.9999999999999999997831595655029, 62];[-1, 1.000000000000000099855020085915, 63];RAISE:DivisionByZero;RAISE:DivisionByZero;RAISE:InvalidOperation;RAISE:InvalidOperation;[1, 1.000000000000000099855020085915, 63];[1, 1.9999999999999999997831595655029, 62];[1, 1.9999999999999995997125579183518, 62];[1, 1.3333333333333333330442127540039, 62];[1, 1.2732395447351627826466924364723, 61];[1, 1.998046875, 9];[1, 0.0, 0];[1, 1.2499999999999999998644747284393, 66]",194,62
A16_5_8,1,whole|fractional,c_int64,Fraction,"whole/L1/16:-2^63,-2^63+1,-2^53-1,-2^31,-42,-1,0,1,7,42,1000,2^31-1,2^31,2^53-1,2^53+1,2^63-1","fractional/L1/15:-max_finite,-1.5,-1.0,-(1.0-1ulp),+0.0,+min_subnormal,+min_normal,1.0-1ulp,1.0,1.0+1ulp,1.5,pi,2^53,max_finite,0.1",240,"[1, 0.0, 0];[1, 1.333333333333333333261053188501, 62];[1, 1.0, 63];[1, 1.0000000000000001110223024625157, 63];RAISE:ZeroDivisionError;[-1, 1.0, 1137];[-1, 1.0, 1085];[-1, 1.0000000000000001111307226797642, 63];[-1, 1.0, 63];[-1, 1.9999999999999995561276305844345, 62];[-1, 1.3333333333333333334778936229981, 62];[-1, 1.2732395447351627358091585850985, 61];[-1, 1.0, 10];[-1, 1.0, 0];[-1, 1.2499999999999999306246134880838, 66];[1, 0.0, 0];[1, 1.3333333333333333330442127540039, 62];[1, 1.9999999999999999997831595655029, 62];[1, 1.0000000000000001109138822452671, 63];RAISE:ZeroDivisionError;[-1, 1.9999999999999999997831595655029, 1136];[-1, 1.9999999999999999997831595655029, 1084];[-1, 1.0000000000000001110223024625157, 63];[-1, 1.9999999999999999997831595655029, 62];[-1, 1.9999999999999995559107901499374, 62];[-1, 1.333333333333333333261053188501, 62];[-1, 1.2732395447351627358091585850985, 61];[-1, 1.0, 10];[-1, 1.0, 0];[-1, 1.2499999999999999304890882165231, 66];[1, 0.0, 0];[1, 1.3333333333333334813630699500209, 52];[1, 1.0000000000000001110223024625157, 53];[1, 1.0000000000000002220446049250313, 53];RAISE:ZeroDivisionError;[-1, 1.0000000000000001110223024625157, 1127];[-1, 1.0000000000000001110223024625157, 1075];[-1, 1.000000000000000333066907387547, 53];[-1, 1.0000000000000001110223024625157, 53];[-1, 1.0, 53];[-1, 1.3333333333333334813630699500209, 52];[-1, 1.2732395447351629869103817327414, 51];[-1, 1.0, 1];[-1, 1.0, 0];[-1, 1.2500000000000000693889390390723, 56];[1, 0.0, 0];[1, 1.333333333022892475128173828125, 30];[1, 1.0, 31];[1, 1.0, 31];RAISE:ZeroDivisionError;[-1, 1.0, 1105];[-1, 1.0, 1053];[-1, 1.0000000004656612873077392578125, 31];[-1, 1.0, 31];[-1, 1.0, 31];[-1, 1.33333333395421504974365234375, 30];[-1, 1.273239545524120330810546875, 29];[-1, 1.0, 0];[-1, 1.0, 0];[-1, 1.25, 34];[1, 0.0, 0];[1, 1.75, 4];[1, 1.3125, 5];[1, 1.3125, 5];RAISE:ZeroDivisionError;[-1, 1.3125, 1079];[-1, 1.3125, 1027];[-1, 1.34375, 5];[-1, 1.3125, 5];[-1, 1.3125, 5];[-1, 1.75, 4];[-1, 1.75, 3];[-1, 1.0, 0];[-1, 1.0, 0];[-1, 1.640625, 8];[1, 0.0, 0];[1, 0.0, 0];[1, 1.0, 0];[1, 1.0, 0];RAISE:ZeroDivisionError;[-1, 1.0, 1074];[-1, 1.0, 1022];[-1, 1.0, 1];[-1, 1.0, 0];[-1, 1.0, 0];[-1, 1.0, 0];[-1, 1.0, 0];[-1, 1.0, 0];[-1, 1.0, 0];[-1, 1.25, 3];[1, 0.0, 0];[1, 0.0, 0];[1, 0.0, 0];[1, 0.0, 0];RAISE:ZeroDivisionError;[1, 0.0, 0];[1, 0.0, 0];[1, 0.0, 0];[1, 0.0, 0];[1, 0.0, 0];[1, 0.0, 0];[1, 0.0, 0];[1, 0.0, 0];[1, 0.0, 0];[1, 0.0, 0];[-1, 1.0, 0];[-1, 1.0, 0];[-1, 1.0, 0];[-1, 1.0, 1];RAISE:ZeroDivisionError;[1, 1.0, 1074];[1, 1.0, 1022];[1, 1.0, 0];[1, 1.0, 0];[1, 0.0, 0];[1, 0.0, 0];[1, 0.0, 0];[1, 0.0, 0];[1, 0.0, 0];[1, 1.125, 3];[-1, 1.0, 0];[-1, 1.25, 2];[-1, 1.75, 2];[-1, 1.0, 3];RAISE:ZeroDivisionError;[1, 1.75, 1076];[1, 1.75, 1024];[1, 1.75, 2];[1, 1.75, 2];[1, 1.5, 2];[1, 1.0, 2];[1, 1.0, 1];[1, 0.0, 0];[1, 0.0, 0];[1, 1.078125, 6];[-1, 1.0, 0];[-1, 1.75, 4];[-1, 1.3125, 5];[-1, 1.34375, 5];RAISE:ZeroDivisionError;[1, 1.3125, 1079];[1, 1.3125, 1027];[1, 1.3125, 5];[1, 1.3125, 5];[1, 1.28125, 5];[1, 1.75, 4];[1, 1.625, 3];[1, 0.0, 0];[1, 0.0, 0];[1, 1.63671875, 8];[-1, 1.0, 0];[-1, 1.302734375, 9];[-1, 1.953125, 9];[-1, 1.955078125, 9];RAISE:ZeroDivisionError;[1, 1.953125, 1083];[1, 1.953125, 1031];[1, 1.953125, 9];[1, 1.953125, 9];[1, 1.951171875, 9];[1, 1.30078125, 9];[1, 1.2421875, 8];[1, 0.0, 0];[1, 0.0, 0];[1, 1.2205810546875, 13];[-1, 1.0, 0];[-1, 1.333333333022892475128173828125, 30];[-1, 1.999999999068677425384521484375, 30];[-1, 1.0, 31];RAISE:ZeroDivisionError;[1, 1.999999999068677425384521484375, 1104];[1, 1.999999999068677425384521484375, 1052];[1, 1.999999999068677425384521484375, 30];[1, 1.999999999068677425384521484375, 30];[1, 1.99999999813735485076904296875, 30];[1, 1.3333333320915699005126953125, 30];[1, 1.27323954366147518157958984375, 29];[1, 0.0, 0];[1, 0.0, 0];[1, 1.2499999993597157299518585205078, 34];[-1, 1.0, 0];[-1, 1.33333333395421504974365234375, 30];[-1, 1.0, 31];[-1, 1.0000000004656612873077392578125, 31];RAISE:ZeroDivisionError;[1, 1.0, 1105];[1, 1.0, 1053];[1, 1.0, 31];[1, 1.0, 31];[1, 1.999999999068677425384521484375, 30];[1, 1.333333333022892475128173828125, 30];[1, 1.27323954366147518157958984375, 29];[1, 0.0, 0];[1, 0.0, 0];[1, 1.2499999999417923390865325927734, 34];[-1, 1.0, 0];[-1, 1.3333333333333332593184650249896, 52];[-1, 1.9999999999999997779553950749687, 52];[-1, 1.0, 53];RAISE:ZeroDivisionError;[1, 1.9999999999999997779553950749687, 1126];[1, 1.9999999999999997779553950749687, 1074];[1, 1.0, 53];[1, 1.9999999999999997779553950749687, 52];[1, 1.9999999999999993338661852249061, 52];[1, 1.3333333333333330372738600999583, 52];[1, 1.2732395447351625428211718826788, 51];[1, 0.0, 0];[1, 0.0, 0];[1, 1.2499999999999997918331828827831, 56];[-1, 1.0, 0];[-1, 1.3333333333333334813630699500209, 52];[-1, 1.0000000000000001110223024625157, 53];[-1, 1.000000000000000333066907387547, 53];RAISE:ZeroDivisionError;[1, 1.0000000000000001110223024625157, 1127];[1, 1.0000000000000001110223024625157, 1075];[1, 1.0000000000000002220446049250313, 53];[1, 1.0000000000000001110223024625157, 53];[1, 1.9999999999999997779553950749687, 52];[1, 1.3333333333333334813630699500209, 52];[1, 1.2732395447351625428211718826788, 51];[1, 1.0, 0];[1, 0.0, 0];[1, 1.2500000000000000555111512312578, 56];[-1, 1.0, 0];[-1, 1.333333333333333333261053188501, 62];[-1, 1.9999999999999999997831595655029, 62];[-1, 1.0000000000000001110223024625157, 63];RAISE:ZeroDivisionError;[1, 1.9999999999999999997831595655029, 1136];[1, 1.9999999999999999997831595655029, 1084];[1, 1.0000000000000001109138822452671, 63];[1, 1.9999999999999999997831595655029, 62];[1, 1.9999999999999995556939497154403, 62];[1, 1.3333333333333333330442127540039, 62];[1, 1.2732395447351627353754777161043, 61];[1, 1.998046875, 9];[1, 0.0, 0];[1, 1.249999999999999930475535689367, 66]",224,16
A16_6_1,1,fractional|truth,float,bool,"fractional/L1/16:-max_finite,-1.5,-1.0,-(1.0-1ulp),-0.0,+0.0,+min_subnormal,+min_normal,1.0-1ulp,1.0,1.0+1ulp,1.5,pi,2^53,max_finite,0.1","truth/L1/6:true,false,0,1,"""",nil",96,"[-1, 1.9999999999999997779553950749687, 1023];RAISE:ZeroDivisionError;RAISE:ZeroDivisionError;[-1, 1.9999999999999997779553950749687, 1023];RAISE:TypeError;RAISE:TypeError;[-1, 1.0, 1];RAISE:ZeroDivisionError;RAISE:ZeroDivisionError;[-1, 1.0, 1];RAISE:TypeError;RAISE:TypeError;[-1, 1.0, 0];RAISE:ZeroDivisionError;RAISE:ZeroDivisionError;[-1, 1.0, 0];RAISE:TypeError;RAISE:TypeError;[-1, 1.0, 0];RAISE:ZeroDivisionError;RAISE:ZeroDivisionError;[-1, 1.0, 0];RAISE:TypeError;RAISE:TypeError;[-1, 0.0, 0];RAISE:ZeroDivisionError;RAISE:ZeroDivisionError;[-1, 0.0, 0];RAISE:TypeError;RAISE:TypeError;[1, 0.0, 0];RAISE:ZeroDivisionError;RAISE:ZeroDivisionError;[1, 0.0, 0];RAISE:TypeError;RAISE:TypeError;[1, 0.0, 0];RAISE:ZeroDivisionError;RAISE:ZeroDivisionError;[1, 0.0, 0];RAISE:TypeError;RAISE:TypeError;[1, 0.0, 0];RAISE:ZeroDivisionError;RAISE:ZeroDivisionError;[1, 0.0, 0];RAISE:TypeError;RAISE:TypeError;[1, 0.0, 0];RAISE:ZeroDivisionError;RAISE:ZeroDivisionError;[1, 0.0, 0];RAISE:TypeError;RAISE:TypeError;[1, 1.0, 0];RAISE:ZeroDivisionError;RAISE:ZeroDivisionError;[1, 1.0, 0];RAISE:TypeError;RAISE:TypeError;[1, 1.0, 0];RAISE:ZeroDivisionError;RAISE:ZeroDivisionError;[1, 1.0, 0];RAISE:TypeError;RAISE:TypeError;[1, 1.0, 0];RAISE:ZeroDivisionError;RAISE:ZeroDivisionError;[1, 1.0, 0];RAISE:TypeError;RAISE:TypeError;[1, 1.5, 1];RAISE:ZeroDivisionError;RAISE:ZeroDivisionError;[1, 1.5, 1];RAISE:TypeError;RAISE:TypeError;[1, 1.0, 53];RAISE:ZeroDivisionError;RAISE:ZeroDivisionError;[1, 1.0, 53];RAISE:TypeError;RAISE:TypeError;[1, 1.9999999999999997779553950749687, 1023];RAISE:ZeroDivisionError;RAISE:ZeroDivisionError;[1, 1.9999999999999997779553950749687, 1023];RAISE:TypeError;RAISE:TypeError;[1, 0.0, 0];RAISE:ZeroDivisionError;RAISE:ZeroDivisionError;[1, 0.0, 0];RAISE:TypeError;RAISE:TypeError",32,64
A16_6_2,1,fractional|whole,float,int,"fractional/L1/16:-max_finite,-1.5,-1.0,-(1.0-1ulp),-0.0,+0.0,+min_subnormal,+min_normal,1.0-1ulp,1.0,1.0+1ulp,1.5,pi,2^53,max_finite,0.1","whole/L1/17:-2^63,-2^63+1,-2^53-1,-2^31,-42,-1,0,1,7,42,1000,2^31-1,2^31,2^53-1,2^53+1,2^63-1,2^64-1",272,"[1, 1.9999999999999997779553950749687, 960];[1, 1.9999999999999997779553950749687, 960];[1, 1.9999999999999997779553950749687, 970];[1, 1.9999999999999997779553950749687, 992];[1, 1.5238095238095237249353885999881, 1018];[1, 1.9999999999999997779553950749687, 1023];RAISE:ZeroDivisionError;[-1, 1.9999999999999997779553950749687, 1023];[-1, 1.1428571428571427937015414499911, 1021];[-1, 1.5238095238095237249353885999881, 1018];[-1, 1.0239999999999997992716771477717, 1014];[-1, 1.0000000004656612873077392578125, 993];[-1, 1.9999999999999997779553950749687, 992];[-1, 1.0, 971];[-1, 1.9999999999999997779553950749687, 970];[-1, 1.9999999999999997779553950749687, 960];[-1, 1.9999999999999997779553950749687, 959];[1, 0.0, 0];[1, 0.0, 0];[1, 0.0, 0];[1, 0.0, 0];[1, 0.0, 0];[1, 1.0, 0];RAISE:ZeroDivisionError;[-1, 1.0, 1];[-1, 1.0, 0];[-1, 1.0, 0];[-1, 1.0, 0];[-1, 1.0, 0];[-1, 1.0, 0];[-1, 1.0, 0];[-1, 1.0, 0];[-1, 1.0, 0];[-1, 1.0, 0];[1, 0.0, 0];[1, 0.0, 0];[1, 0.0, 0];[1, 0.0, 0];[1, 0.0, 0];[1, 1.0, 0];RAISE:ZeroDivisionError;[-1, 1.0, 0];[-1, 1.0, 0];[-1, 1.0, 0];[-1, 1.0, 0];[-1, 1.0, 0];[-1, 1.0, 0];[-1, 1.0, 0];[-1, 1.0, 0];[-1, 1.0, 0];[-1, 1.0, 0];[1, 0.0, 0];[1, 0.0, 0];[1, 0.0, 0];[1, 0.0, 0];[1, 0.0, 0];[1, 0.0, 0];RAISE:ZeroDivisionError;[-1, 1.0, 0];[-1, 1.0, 0];[-1, 1.0, 0];[-1, 1.0, 0];[-1, 1.0, 0];[-1, 1.0, 0];[-1, 1.0, 0];[-1, 1.0, 0];[-1, 1.0, 0];[-1, 1.0, 0];[1, 0.0, 0];[1, 0.0, 0];[1, 0.0, 0];[1, 0.0, 0];[1, 0.0, 0];[1, 0.0, 0];RAISE:ZeroDivisionError;[-1, 0.0, 0];[-1, 0.0, 0];[-1, 0.0, 0];[-1, 0.0, 0];[-1, 0.0, 0];[-1, 0.0, 0];[-1, 0.0, 0];[-1, 0.0, 0];[-1, 0.0, 0];[-1, 0.0, 0];[-1, 0.0, 0];[-1, 0.0, 0];[-1, 0.0, 0];[-1, 0.0, 0];[-1, 0.0, 0];[-1, 0.0, 0];RAISE:ZeroDivisionError;[1, 0.0, 0];[1, 0.0, 0];[1, 0.0, 0];[1, 0.0, 0];[1, 0.0, 0];[1, 0.0, 0];[1, 0.0, 0];[1, 0.0, 0];[1, 0.0, 0];[1, 0.0, 0];[-1, 1.0, 0];[-1, 1.0, 0];[-1, 1.0, 0];[-1, 1.0, 0];[-1, 1.0, 0];[-1, 1.0, 0];RAISE:ZeroDivisionError;[1, 0.0, 0];[1, 0.0, 0];[1, 0.0, 0];[1, 0.0, 0];[1, 0.0, 0];[1, 0.0, 0];[1, 0.0, 0];[1, 0.0, 0];[1, 0.0, 0];[1, 0.0, 0];[-1, 1.0, 0];[-1, 1.0, 0];[-1, 1.0, 0];[-1, 1.0, 0];[-1, 1.0, 0];[-1, 1.0, 0];RAISE:ZeroDivisionError;[1, 0.0, 0];[1, 0.0, 0];[1, 0.0, 0];[1, 0.0, 0];[1, 0.0, 0];[1, 0.0, 0];[1, 0.0, 0];[1, 0.0, 0];[1, 0.0, 0];[1, 0.0, 0];[-1, 1.0, 0];[-1, 1.0, 0];[-1, 1.0, 0];[-1, 1.0, 0];[-1, 1.0, 0];[-1, 1.0, 0];RAISE:ZeroDivisionError;[1, 0.0, 0];[1, 0.0, 0];[1, 0.0, 0];[1, 0.0, 0];[1, 0.0, 0];[1, 0.0, 0];[1, 0.0, 0];[1, 0.0, 0];[1, 0.0, 0];[1, 0.0, 0];[-1, 1.0, 0];[-1, 1.0, 0];[-1, 1.0, 0];[-1, 1.0, 0];[-1, 1.0, 0];[-1, 1.0, 0];RAISE:ZeroDivisionError;[1, 1.0, 0];[1, 0.0, 0];[1, 0.0, 0];[1, 0.0, 0];[1, 0.0, 0];[1, 0.0, 0];[1, 0.0, 0];[1, 0.0, 0];[1, 0.0, 0];[1, 0.0, 0];[-1, 1.0, 0];[-1, 1.0, 0];[-1, 1.0, 0];[-1, 1.0, 0];[-1, 1.0, 0];[-1, 1.0, 1];RAISE:ZeroDivisionError;[1, 1.0, 0];[1, 0.0, 0];[1, 0.0, 0];[1, 0.0, 0];[1, 0.0, 0];[1, 0.0, 0];[1, 0.0, 0];[1, 0.0, 0];[1, 0.0, 0];[1, 0.0, 0];[-1, 1.0, 0];[-1, 1.0, 0];[-1, 1.0, 0];[-1, 1.0, 0];[-1, 1.0, 0];[-1, 1.0, 1];RAISE:ZeroDivisionError;[1, 1.0, 0];[1, 0.0, 0];[1, 0.0, 0];[1, 0.0, 0];[1, 0.0, 0];[1, 0.0, 0];[1, 0.0, 0];[1, 0.0, 0];[1, 0.0, 0];[1, 0.0, 0];[-1, 1.0, 0];[-1, 1.0, 0];[-1, 1.0, 0];[-1, 1.0, 0];[-1, 1.0, 0];[-1, 1.0, 2];RAISE:ZeroDivisionError;[1, 1.5, 1];[1, 0.0, 0];[1, 0.0, 0];[1, 0.0, 0];[1, 0.0, 0];[1, 0.0, 0];[1, 0.0, 0];[1, 0.0, 0];[1, 0.0, 0];[1, 0.0, 0];[-1, 1.0, 0];[-1, 1.0, 0];[-1, 1.0, 0];[-1, 1.0, 22];[-1, 1.5238095238095255012922280002385, 47];[-1, 1.0, 53];RAISE:ZeroDivisionError;[1, 1.0, 53];[1, 1.1428571428571423496123315999284, 50];[1, 1.5238095238095183958648703992367, 47];[1, 1.0239999999998872226569801568985, 43];[1, 1.0, 22];[1, 1.0, 22];[1, 1.0, 0];[1, 1.0, 0];[1, 0.0, 0];[1, 0.0, 0];[-1, 1.9999999999999997779553950749687, 960];[-1, 1.9999999999999997779553950749687, 960];[-1, 1.9999999999999997779553950749687, 970];[-1, 1.9999999999999997779553950749687, 992];[-1, 1.5238095238095237249353885999881, 1018];[-1, 1.9999999999999997779553950749687, 1023];RAISE:ZeroDivisionError;[1, 1.9999999999999997779553950749687, 1023];[1, 1.1428571428571427937015414499911, 1021];[1, 1.5238095238095237249353885999881, 1018];[1, 1.0239999999999997992716771477717, 1014];[1, 1.0000000004656612873077392578125, 993];[1, 1.9999999999999997779553950749687, 992];[1, 1.0, 971];[1, 1.9999999999999997779553950749687, 970];[1, 1.9999999999999997779553950749687, 960];[1, 1.9999999999999997779553950749687, 959];[-1, 1.0, 0];[-1, 1.0, 0];[-1, 1.0, 0];[-1, 1.0, 0];[-1, 1.0, 0];[-1, 1.0, 0];RAISE:ZeroDivisionError;[1, 0.0, 0];[1, 0.0, 0];[1, 0.0, 0];[1, 0.0, 0];[1, 0.0, 0];[1, 0.0, 0];[1, 0.0, 0];[1, 0.0, 0];[1, 0.0, 0];[1, 0.0, 0]",256,16
A16_6_3,1,fractional|whole,float,Decimal,"fractional/L1/16:-max_finite,-1.5,-1.0,-(1.0-1ulp),-0.0,+0.0,+min_subnormal,+min_normal,1.0-1ulp,1.0,1.0+1ulp,1.5,pi,2^53,max_finite,0.1","whole/L1/17:-2^63,-2^63+1,-2^53-1,-2^31,-42,-1,0,1,7,42,1000,2^31-1,2^31,2^53-1,2^53+1,2^63-1,2^64-1",272,RAISE:TypeError;RAISE:TypeError;RAISE:TypeError;RAISE:TypeError;RAISE:TypeError;RAISE:TypeError;RAISE:TypeError;RAISE:TypeError;RAISE:TypeError;RAISE:TypeError;RAISE:TypeError;RAISE:TypeError;RAISE:TypeError;RAISE:TypeError;RAISE:TypeError;RAISE:TypeError;RAISE:TypeError;RAISE:TypeError;RAISE:TypeError;RAISE:TypeError;RAISE:TypeError;RAISE:TypeError;RAISE:TypeError;RAISE:TypeError;RAISE:TypeError;RAISE:TypeError;RAISE:TypeError;RAISE:TypeError;RAISE:TypeError;RAISE:TypeError;RAISE:TypeError;RAISE:TypeError;RAISE:TypeError;RAISE:TypeError;RAISE:TypeError;RAISE:TypeError;RAISE:TypeError;RAISE:TypeError;RAISE:TypeError;RAISE:TypeError;RAISE:TypeError;RAISE:TypeError;RAISE:TypeError;RAISE:TypeError;RAISE:TypeError;RAISE:TypeError;RAISE:TypeError;RAISE:TypeError;RAISE:TypeError;RAISE:TypeError;RAISE:TypeError;RAISE:TypeError;RAISE:TypeError;RAISE:TypeError;RAISE:TypeError;RAISE:TypeError;RAISE:TypeError;RAISE:TypeError;RAISE:TypeError;RAISE:TypeError;RAISE:TypeError;RAISE:TypeError;RAISE:TypeError;RAISE:TypeError;RAISE:TypeError;RAISE:TypeError;RAISE:TypeError;RAISE:TypeError;RAISE:TypeError;RAISE:TypeError;RAISE:TypeError;RAISE:TypeError;RAISE:TypeError;RAISE:TypeError;RAISE:TypeError;RAISE:TypeError;RAISE:TypeError;RAISE:TypeError;RAISE:TypeError;RAISE:TypeError;RAISE:TypeError;RAISE:TypeError;RAISE:TypeError;RAISE:TypeError;RAISE:TypeError;RAISE:TypeError;RAISE:TypeError;RAISE:TypeError;RAISE:TypeError;RAISE:TypeError;RAISE:TypeError;RAISE:TypeError;RAISE:TypeError;RAISE:TypeError;RAISE:TypeError;RAISE:TypeError;RAISE:TypeError;RAISE:TypeError;RAISE:TypeError;RAISE:TypeError;RAISE:TypeError;RAISE:TypeError;RAISE:TypeError;RAISE:TypeError;RAISE:TypeError;RAISE:TypeError;RAISE:TypeError;RAISE:TypeError;RAISE:TypeError;RAISE:TypeError;RAISE:TypeError;RAISE:TypeError;RAISE:TypeError;RAISE:TypeError;RAISE:TypeError;RAISE:TypeError;RAISE:TypeError;RAISE:TypeError;RAISE:TypeError;RAISE:TypeError;RAISE:TypeError;RAISE:TypeError;RAISE:TypeError;RAISE:TypeError;RAISE:TypeError;RAISE:TypeError;RAISE:TypeError;RAISE:TypeError;RAISE:TypeError;RAISE:TypeError;RAISE:TypeError;RAISE:TypeError;RAISE:TypeError;RAISE:TypeError;RAISE:TypeError;RAISE:TypeError;RAISE:TypeError;RAISE:TypeError;RAISE:TypeError;RAISE:TypeError;RAISE:TypeError;RAISE:TypeError;RAISE:TypeError;RAISE:TypeError;RAISE:TypeError;RAISE:TypeError;RAISE:TypeError;RAISE:TypeError;RAISE:TypeError;RAISE:TypeError;RAISE:TypeError;RAISE:TypeError;RAISE:TypeError;RAISE:TypeError;RAISE:TypeError;RAISE:TypeError;RAISE:TypeError;RAISE:TypeError;RAISE:TypeError;RAISE:TypeError;RAISE:TypeError;RAISE:TypeError;RAISE:TypeError;RAISE:TypeError;RAISE:TypeError;RAISE:TypeError;RAISE:TypeError;RAISE:TypeError;RAISE:TypeError;RAISE:TypeError;RAISE:TypeError;RAISE:TypeError;RAISE:TypeError;RAISE:TypeError;RAISE:TypeError;RAISE:TypeError;RAISE:TypeError;RAISE:TypeError;RAISE:TypeError;RAISE:TypeError;RAISE:TypeError;RAISE:TypeError;RAISE:TypeError;RAISE:TypeError;RAISE:TypeError;RAISE:TypeError;RAISE:TypeError;RAISE:TypeError;RAISE:TypeError;RAISE:TypeError;RAISE:TypeError;RAISE:TypeError;RAISE:TypeError;RAISE:TypeError;RAISE:TypeError;RAISE:TypeError;RAISE:TypeError;RAISE:TypeError;RAISE:TypeError;RAISE:TypeError;RAISE:TypeError;RAISE:TypeError;RAISE:TypeError;RAISE:TypeError;RAISE:TypeError;RAISE:TypeError;RAISE:TypeError;RAISE:TypeError;RAISE:TypeError;RAISE:TypeError;RAISE:TypeError;RAISE:TypeError;RAISE:TypeError;RAISE:TypeError;RAISE:TypeError;RAISE:TypeError;RAISE:TypeError;RAISE:TypeError;RAISE:TypeError;RAISE:TypeError;RAISE:TypeError;RAISE:TypeError;RAISE:TypeError;RAISE:TypeError;RAISE:TypeError;RAISE:TypeError;RAISE:TypeError;RAISE:TypeError;RAISE:TypeError;RAISE:TypeError;RAISE:TypeError;RAISE:TypeError;RAISE:TypeError;RAISE:TypeError;RAISE:TypeError;RAISE:TypeError;RAISE:TypeError;RAISE:TypeError;RAISE:TypeError;RAISE:TypeError;RAISE:TypeError;RAISE:TypeError;RAISE:TypeError;RAISE:TypeError;RAISE:TypeError;RAISE:TypeError;RAISE:TypeError;RAISE:TypeError;RAISE:TypeError;RAISE:TypeError;RAISE:TypeError;RAISE:TypeError;RAISE:TypeError;RAISE:TypeError;RAISE:TypeError;RAISE:TypeError;RAISE:TypeError;RAISE:TypeError;RAISE:TypeError;RAISE:TypeError;RAISE:TypeError;RAISE:TypeError;RAISE:TypeError;RAISE:TypeError;RAISE:TypeError;RAISE:TypeError;RAISE:TypeError;RAISE:TypeError;RAISE:TypeError;RAISE:TypeError;RAISE:TypeError;RAISE:TypeError,0,272
A16_6_4,1,fractional|whole,float,Fraction,"fractional/L1/16:-max_finite,-1.5,-1.0,-(1.0-1ulp),-0.0,+0.0,+min_subnormal,+min_normal,1.0-1ulp,1.0,1.0+1ulp,1.5,pi,2^53,max_finite,0.1","whole/L1/17:-2^63,-2^63+1,-2^53-1,-2^31,-42,-1,0,1,7,42,1000,2^31-1,2^31,2^53-1,2^53+1,2^63-1,2^64-1",272,"[1, 1.9999999999999997779553950749687, 960];[1, 1.9999999999999997779553950749687, 960];[1, 1.9999999999999997779553950749687, 970];[1, 1.9999999999999997779553950749687, 992];[1, 1.5238095238095237249353885999881, 1018];[1, 1.9999999999999997779553950749687, 1023];RAISE:ZeroDivisionError;[-1, 1.9999999999999997779553950749687, 1023];[-1, 1.1428571428571427937015414499911, 1021];[-1, 1.5238095238095237249353885999881, 1018];[-1, 1.0239999999999997992716771477717, 1014];[-1, 1.0000000004656612873077392578125, 993];[-1, 1.9999999999999997779553950749687, 992];[-1, 1.0, 971];[-1, 1.9999999999999997779553950749687, 970];[-1, 1.9999999999999997779553950749687, 960];[-1, 1.9999999999999997779553950749687, 959];[1, 0.0, 0];[1, 0.0, 0];[1, 0.0, 0];[1, 0.0, 0];[1, 0.0, 0];[1, 1.0, 0];RAISE:ZeroDivisionError;[-1, 1.0, 1];[-1, 1.0, 0];[-1, 1.0, 0];[-1, 1.0, 0];[-1, 1.0, 0];[-1, 1.0, 0];[-1, 1.0, 0];[-1, 1.0, 0];[-1, 1.0, 0];[-1, 1.0, 0];[1, 0.0, 0];[1, 0.0, 0];[1, 0.0, 0];[1, 0.0, 0];[1, 0.0, 0];[1, 1.0, 0];RAISE:ZeroDivisionError;[-1, 1.0, 0];[-1, 1.0, 0];[-1, 1.0, 0];[-1, 1.0, 0];[-1, 1.0, 0];[-1, 1.0, 0];[-1, 1.0, 0];[-1, 1.0, 0];[-1, 1.0, 0];[-1, 1.0, 0];[1, 0.0, 0];[1, 0.0, 0];[1, 0.0, 0];[1, 0.0, 0];[1, 0.0, 0];[1, 0.0, 0];RAISE:ZeroDivisionError;[-1, 1.0, 0];[-1, 1.0, 0];[-1, 1.0, 0];[-1, 1.0, 0];[-1, 1.0, 0];[-1, 1.0, 0];[-1, 1.0, 0];[-1, 1.0, 0];[-1, 1.0, 0];[-1, 1.0, 0];[1, 0.0, 0];[1, 0.0, 0];[1, 0.0, 0];[1, 0.0, 0];[1, 0.0, 0];[1, 0.0, 0];RAISE:ZeroDivisionError;[-1, 0.0, 0];[-1, 0.0, 0];[-1, 0.0, 0];[-1, 0.0, 0];[-1, 0.0, 0];[-1, 0.0, 0];[-1, 0.0, 0];[-1, 0.0, 0];[-1, 0.0, 0];[-1, 0.0, 0];[-1, 0.0, 0];[-1, 0.0, 0];[-1, 0.0, 0];[-1, 0.0, 0];[-1, 0.0, 0];[-1, 0.0, 0];RAISE:ZeroDivisionError;[1, 0.0, 0];[1, 0.0, 0];[1, 0.0, 0];[1, 0.0, 0];[1, 0.0, 0];[1, 0.0, 0];[1, 0.0, 0];[1, 0.0, 0];[1, 0.0, 0];[1, 0.0, 0];[-1, 1.0, 0];[-1, 1.0, 0];[-1, 1.0, 0];[-1, 1.0, 0];[-1, 1.0, 0];[-1, 1.0, 0];RAISE:ZeroDivisionError;[1, 0.0, 0];[1, 0.0, 0];[1, 0.0, 0];[1, 0.0, 0];[1, 0.0, 0];[1, 0.0, 0];[1, 0.0, 0];[1, 0.0, 0];[1, 0.0, 0];[1, 0.0, 0];[-1, 1.0, 0];[-1, 1.0, 0];[-1, 1.0, 0];[-1, 1.0, 0];[-1, 1.0, 0];[-1, 1.0, 0];RAISE:ZeroDivisionError;[1, 0.0, 0];[1, 0.0, 0];[1, 0.0, 0];[1, 0.0, 0];[1, 0.0, 0];[1, 0.0, 0];[1, 0.0, 0];[1, 0.0, 0];[1, 0.0, 0];[1, 0.0, 0];[-1, 1.0, 0];[-1, 1.0, 0];[-1, 1.0, 0];[-1, 1.0, 0];[-1, 1.0, 0];[-1, 1.0, 0];RAISE:ZeroDivisionError;[1, 0.0, 0];[1, 0.0, 0];[1, 0.0, 0];[1, 0.0, 0];[1, 0.0, 0];[1, 0.0, 0];[1, 0.0, 0];[1, 0.0, 0];[1, 0.0, 0];[1, 0.0, 0];[-1, 1.0, 0];[-1, 1.0, 0];[-1, 1.0, 0];[-1, 1.0, 0];[-1, 1.0, 0];[-1, 1.0, 0];RAISE:ZeroDivisionError;[1, 1.0, 0];[1, 0.0, 0];[1, 0.0, 0];[1, 0.0, 0];[1, 0.0, 0];[1, 0.0, 0];[1, 0.0, 0];[1, 0.0, 0];[1, 0.0, 0];[1, 0.0, 0];[-1, 1.0, 0];[-1, 1.0, 0];[-1, 1.0, 0];[-1, 1.0, 0];[-1, 1.0, 0];[-1, 1.0, 1];RAISE:ZeroDivisionError;[1, 1.0, 0];[1, 0.0, 0];[1, 0.0, 0];[1, 0.0, 0];[1, 0.0, 0];[1, 0.0, 0];[1, 0.0, 0];[1, 0.0, 0];[1, 0.0, 0];[1, 0.0, 0];[-1, 1.0, 0];[-1, 1.0, 0];[-1, 1.0, 0];[-1, 1.0, 0];[-1, 1.0, 0];[-1, 1.0, 1];RAISE:ZeroDivisionError;[1, 1.0, 0];[1, 0.0, 0];[1, 0.0, 0];[1, 0.0, 0];[1, 0.0, 0];[1, 0.0, 0];[1, 0.0, 0];[1, 0.0, 0];[1, 0.0, 0];[1, 0.0, 0];[-1, 1.0, 0];[-1, 1.0, 0];[-1, 1.0, 0];[-1, 1.0, 0];[-1, 1.0, 0];[-1, 1.0, 2];RAISE:ZeroDivisionError;[1, 1.5, 1];[1, 0.0, 0];[1, 0.0, 0];[1, 0.0, 0];[1, 0.0, 0];[1, 0.0, 0];[1, 0.0, 0];[1, 0.0, 0];[1, 0.0, 0];[1, 0.0, 0];[-1, 1.0, 0];[-1, 1.0, 0];[-1, 1.0, 0];[-1, 1.0, 22];[-1, 1.5238095238095255012922280002385, 47];[-1, 1.0, 53];RAISE:ZeroDivisionError;[1, 1.0, 53];[1, 1.1428571428571423496123315999284, 50];[1, 1.5238095238095183958648703992367, 47];[1, 1.0239999999998872226569801568985, 43];[1, 1.0, 22];[1, 1.0, 22];[1, 1.0, 0];[1, 1.0, 0];[1, 0.0, 0];[1, 0.0, 0];[-1, 1.9999999999999997779553950749687, 960];[-1, 1.9999999999999997779553950749687, 960];[-1, 1.9999999999999997779553950749687, 970];[-1, 1.9999999999999997779553950749687, 992];[-1, 1.5238095238095237249353885999881, 1018];[-1, 1.9999999999999997779553950749687, 1023];RAISE:ZeroDivisionError;[1, 1.9999999999999997779553950749687, 1023];[1, 1.1428571428571427937015414499911, 1021];[1, 1.5238095238095237249353885999881, 1018];[1, 1.0239999999999997992716771477717, 1014];[1, 1.0000000004656612873077392578125, 993];[1, 1.9999999999999997779553950749687, 992];[1, 1.0, 971];[1, 1.9999999999999997779553950749687, 970];[1, 1.9999999999999997779553950749687, 960];[1, 1.9999999999999997779553950749687, 959];[-1, 1.0, 0];[-1, 1.0, 0];[-1, 1.0, 0];[-1, 1.0, 0];[-1, 1.0, 0];[-1, 1.0, 0];RAISE:ZeroDivisionError;[1, 0.0, 0];[1, 0.0, 0];[1, 0.0, 0];[1, 0.0, 0];[1, 0.0, 0];[1, 0.0, 0];[1, 0.0, 0];[1, 0.0, 0];[1, 0.0, 0];[1, 0.0, 0]",256,16
A16_6_5,1,fractional|whole,float,c_int64,"fractional/L1/16:-max_finite,-1.5,-1.0,-(1.0-1ulp),-0.0,+0.0,+min_subnormal,+min_normal,1.0-1ulp,1.0,1.0+1ulp,1.5,pi,2^53,max_finite,0.1","whole/L1/16:-2^63,-2^63+1,-2^53-1,-2^31,-42,-1,0,1,7,42,1000,2^31-1,2^31,2^53-1,2^53+1,2^63-1",256,"[1, 1.9999999999999997779553950749687, 960];[1, 1.9999999999999997779553950749687, 960];[1, 1.9999999999999997779553950749687, 970];[1, 1.9999999999999997779553950749687, 992];[1, 1.5238095238095237249353885999881, 1018];[1, 1.9999999999999997779553950749687, 1023];RAISE:ZeroDivisionError;[-1, 1.9999999999999997779553950749687, 1023];[-1, 1.1428571428571427937015414499911, 1021];[-1, 1.5238095238095237249353885999881, 1018];[-1, 1.0239999999999997992716771477717, 1014];[-1, 1.0000000004656612873077392578125, 993];[-1, 1.9999999999999997779553950749687, 992];[-1, 1.0, 971];[-1, 1.9999999999999997779553950749687, 970];[-1, 1.9999999999999997779553950749687, 960];[1, 0.0, 0];[1, 0.0, 0];[1, 0.0, 0];[1, 0.0, 0];[1, 0.0, 0];[1, 1.0, 0];RAISE:ZeroDivisionError;[-1, 1.0, 1];[-1, 1.0, 0];[-1, 1.0, 0];[-1, 1.0, 0];[-1, 1.0, 0];[-1, 1.0, 0];[-1, 1.0, 0];[-1, 1.0, 0];[-1, 1.0, 0];[1, 0.0, 0];[1, 0.0, 0];[1, 0.0, 0];[1, 0.0, 0];[1, 0.0, 0];[1, 1.0, 0];RAISE:ZeroDivisionError;[-1, 1.0, 0];[-1, 1.0, 0];[-1, 1.0, 0];[-1, 1.0, 0];[-1, 1.0, 0];[-1, 1.0, 0];[-1, 1.0, 0];[-1, 1.0, 0];[-1, 1.0, 0];[1, 0.0, 0];[1, 0.0, 0];[1, 0.0, 0];[1, 0.0, 0];[1, 0.0, 0];[1, 0.0, 0];RAISE:ZeroDivisionError;[-1, 1.0, 0];[-1, 1.0, 0];[-1, 1.0, 0];[-1, 1.0, 0];[-1, 1.0, 0];[-1, 1.0, 0];[-1, 1.0, 0];[-1, 1.0, 0];[-1, 1.0, 0];[1, 0.0, 0];[1, 0.0, 0];[1, 0.0, 0];[1, 0.0, 0];[1, 0.0, 0];[1, 0.0, 0];RAISE:ZeroDivisionError;[-1, 0.0, 0];[-1, 0.0, 0];[-1, 0.0, 0];[-1, 0.0, 0];[-1, 0.0, 0];[-1, 0.0, 0];[-1, 0.0, 0];[-1, 0.0, 0];[-1, 0.0, 0];[-1, 0.0, 0];[-1, 0.0, 0];[-1, 0.0, 0];[-1, 0.0, 0];[-1, 0.0, 0];[-1, 0.0, 0];RAISE:ZeroDivisionError;[1, 0.0, 0];[1, 0.0, 0];[1, 0.0, 0];[1, 0.0, 0];[1, 0.0, 0];[1, 0.0, 0];[1, 0.0, 0];[1, 0.0, 0];[1, 0.0, 0];[-1, 1.0, 0];[-1, 1.0, 0];[-1, 1.0, 0];[-1, 1.0, 0];[-1, 1.0, 0];[-1, 1.0, 0];RAISE:ZeroDivisionError;[1, 0.0, 0];[1, 0.0, 0];[1, 0.0, 0];[1, 0.0, 0];[1, 0.0, 0];[1, 0.0, 0];[1, 0.0, 0];[1, 0.0, 0];[1, 0.0, 0];[-1, 1.0, 0];[-1, 1.0, 0];[-1, 1.0, 0];[-1, 1.0, 0];[-1, 1.0, 0];[-1, 1.0, 0];RAISE:ZeroDivisionError;[1, 0.0, 0];[1, 0.0, 0];[1, 0.0, 0];[1, 0.0, 0];[1, 0.0, 0];[1, 0.0, 0];[1, 0.0, 0];[1, 0.0, 0];[1, 0.0, 0];[-1, 1.0, 0];[-1, 1.0, 0];[-1, 1.0, 0];[-1, 1.0, 0];[-1, 1.0, 0];[-1, 1.0, 0];RAISE:ZeroDivisionError;[1, 0.0, 0];[1, 0.0, 0];[1, 0.0, 0];[1, 0.0, 0];[1, 0.0, 0];[1, 0.0, 0];[1, 0.0, 0];[1, 0.0, 0];[1, 0.0, 0];[-1, 1.0, 0];[-1, 1.0, 0];[-1, 1.0, 0];[-1, 1.0, 0];[-1, 1.0, 0];[-1, 1.0, 0];RAISE:ZeroDivisionError;[1, 1.0, 0];[1, 0.0, 0];[1, 0.0, 0];[1, 0.0, 0];[1, 0.0, 0];[1, 0.0, 0];[1, 0.0, 0];[1, 0.0, 0];[1, 0.0, 0];[-1, 1.0, 0];[-1, 1.0, 0];[-1, 1.0, 0];[-1, 1.0, 0];[-1, 1.0, 0];[-1, 1.0, 1];RAISE:ZeroDivisionError;[1, 1.0, 0];[1, 0.0, 0];[1, 0.0, 0];[1, 0.0, 0];[1, 0.0, 0];[1, 0.0, 0];[1, 0.0, 0];[1, 0.0, 0];[1, 0.0, 0];[-1, 1.0, 0];[-1, 1.0, 0];[-1, 1.0, 0];[-1, 1.0, 0];[-1, 1.0, 0];[-1, 1.0, 1];RAISE:ZeroDivisionError;[1, 1.0, 0];[1, 0.0, 0];[1, 0.0, 0];[1, 0.0, 0];[1, 0.0, 0];[1, 0.0, 0];[1, 0.0, 0];[1, 0.0, 0];[1, 0.0, 0];[-1, 1.0, 0];[-1, 1.0, 0];[-1, 1.0, 0];[-1, 1.0, 0];[-1, 1.0, 0];[-1, 1.0, 2];RAISE:ZeroDivisionError;[1, 1.5, 1];[1, 0.0, 0];[1, 0.0, 0];[1, 0.0, 0];[1, 0.0, 0];[1, 0.0, 0];[1, 0.0, 0];[1, 0.0, 0];[1, 0.0, 0];[-1, 1.0, 0];[-1, 1.0, 0];[-1, 1.0, 0];[-1, 1.0, 22];[-1, 1.5238095238095255012922280002385, 47];[-1, 1.0, 53];RAISE:ZeroDivisionError;[1, 1.0, 53];[1, 1.1428571428571423496123315999284, 50];[1, 1.5238095238095183958648703992367, 47];[1, 1.0239999999998872226569801568985, 43];[1, 1.0, 22];[1, 1.0, 22];[1, 1.0, 0];[1, 1.0, 0];[1, 0.0, 0];[-1, 1.9999999999999997779553950749687, 960];[-1, 1.9999999999999997779553950749687, 960];[-1, 1.9999999999999997779553950749687, 970];[-1, 1.9999999999999997779553950749687, 992];[-1, 1.5238095238095237249353885999881, 1018];[-1, 1.9999999999999997779553950749687, 1023];RAISE:ZeroDivisionError;[1, 1.9999999999999997779553950749687, 1023];[1, 1.1428571428571427937015414499911, 1021];[1, 1.5238095238095237249353885999881, 1018];[1, 1.0239999999999997992716771477717, 1014];[1, 1.0000000004656612873077392578125, 993];[1, 1.9999999999999997779553950749687, 992];[1, 1.0, 971];[1, 1.9999999999999997779553950749687, 970];[1, 1.9999999999999997779553950749687, 960];[-1, 1.0, 0];[-1, 1.0, 0];[-1, 1.0, 0];[-1, 1.0, 0];[-1, 1.0, 0];[-1, 1.0, 0];RAISE:ZeroDivisionError;[1, 0.0, 0];[1, 0.0, 0];[1, 0.0, 0];[1, 0.0, 0];[1, 0.0, 0];[1, 0.0, 0];[1, 0.0, 0];[1, 0.0, 0];[1, 0.0, 0]",240,16
A16_6_6,1,fractional|fractional,float,float,"fractional/L1/16:-max_finite,-1.5,-1.0,-(1.0-1ulp),-0.0,+0.0,+min_subnormal,+min_normal,1.0-1ulp,1.0,1.0+1ulp,1.5,pi,2^53,max_finite,0.1","fractional/L1/16:-max_finite,-1.5,-1.0,-(1.0-1ulp),-0.0,+0.0,+min_subnormal,+min_normal,1.0-1ulp,1.0,1.0+1ulp,1.5,pi,2^53,max_finite,0.1",256,"[1, 1.0, 0];[1, 1.3333333333333332593184650249896, 1023];[1, 1.9999999999999997779553950749687, 1023];[1, inf];RAISE:ZeroDivisionError;RAISE:ZeroDivisionError;[-1, inf];[-1, inf];[-1, inf];[-1, 1.9999999999999997779553950749687, 1023];[-1, 1.9999999999999993338661852249061, 1023];[-1, 1.3333333333333332593184650249896, 1023];[-1, 1.2732395447351625428211718826788, 1022];[-1, 1.9999999999999997779553950749687, 970];[-1, 1.0, 0];[-1, inf];[1, 0.0, 0];[1, 1.0, 0];[1, 1.0, 0];[1, 1.0, 0];RAISE:ZeroDivisionError;RAISE:ZeroDivisionError;[-1, inf];[-1, 1.5, 1022];[-1, 1.0, 1];[-1, 1.0, 1];[-1, 1.0, 1];[-1, 1.0, 0];[-1, 1.0, 0];[-1, 1.0, 0];[-1, 1.0, 0];[-1, 1.875, 3];[1, 0.0, 0];[1, 0.0, 0];[1, 1.0, 0];[1, 1.0, 0];RAISE:ZeroDivisionError;RAISE:ZeroDivisionError;[-1, inf];[-1, 1.0, 1022];[-1, 1.0, 1];[-1, 1.0, 0];[-1, 1.0, 0];[-1, 1.0, 0];[-1, 1.0, 0];[-1, 1.0, 0];[-1, 1.0, 0];[-1, 1.25, 3];[1, 0.0, 0];[1, 0.0, 0];[1, 0.0, 0];[1, 1.0, 0];RAISE:ZeroDivisionError;RAISE:ZeroDivisionError;[-1, inf];[-1, 1.9999999999999997779553950749687, 1021];[-1, 1.0, 0];[-1, 1.0, 0];[-1, 1.0, 0];[-1, 1.0, 0];[-1, 1.0, 0];[-1, 1.0, 0];[-1, 1.0, 0];[-1, 1.25, 3];[1, 0.0, 0];[1, 0.0, 0];[1, 0.0, 0];[1, 0.0, 0];RAISE:ZeroDivisionError;RAISE:ZeroDivisionError;[-1, 0.0, 0];[-1, 0.0, 0];[-1, 0.0, 0];[-1, 0.0, 0];[-1, 0.0, 0];[-1, 0.0, 0];[-1, 0.0, 0];[-1, 0.0, 0];[-1, 0.0, 0];[-1, 0.0, 0];[-1, 0.0, 0];[-1, 0.0, 0];[-1, 0.0, 0];[-1, 0.0, 0];RAISE:ZeroDivisionError;RAISE:ZeroDivisionError;[1, 0.0, 0];[1, 0.0, 0];[1, 0.0, 0];[1, 0.0, 0];[1, 0.0, 0];[1, 0.0, 0];[1, 0.0, 0];[1, 0.0, 0];[1, 0.0, 0];[1, 0.0, 0];[-1, 1.0, 0];[-1, 1.0, 0];[-1, 1.0, 0];[-1, 1.0, 0];RAISE:ZeroDivisionError;RAISE:ZeroDivisionError;[1, 1.0, 0];[1, 0.0, 0];[1, 0.0, 0];[1, 0.0, 0];[1, 0.0, 0];[1, 0.0, 0];[1, 0.0, 0];[1, 0.0, 0];[1, 0.0, 0];[1, 0.0, 0];[-1, 1.0, 0];[-1, 1.0, 0];[-1, 1.0, 0];[-1, 1.0, 0];RAISE:ZeroDivisionError;RAISE:ZeroDivisionError;[1, 1.0, 52];[1, 1.0, 0];[1, 0.0, 0];[1, 0.0, 0];[1, 0.0, 0];[1, 0.0, 0];[1, 0.0, 0];[1, 0.0, 0];[1, 0.0, 0];[1, 0.0, 0];[-1, 1.0, 0];[-1, 1.0, 0];[-1, 1.0, 0];[-1, 1.0, 0];RAISE:ZeroDivisionError;RAISE:ZeroDivisionError;[1, inf];[1, 1.9999999999999997779553950749687, 1021];[1, 1.0, 0];[1, 0.0, 0];[1, 0.0, 0];[1, 0.0, 0];[1, 0.0, 0];[1, 0.0, 0];[1, 0.0, 0];[1, 1.125, 3];[-1, 1.0, 0];[-1, 1.0, 0];[-1, 1.0, 0];[-1, 1.0, 1];RAISE:ZeroDivisionError;RAISE:ZeroDivisionError;[1, inf];[1, 1.0, 1022];[1, 1.0, 0];[1, 1.0, 0];[1, 0.0, 0];[1, 0.0, 0];[1, 0.0, 0];[1, 0.0, 0];[1, 0.0, 0];[1, 1.125, 3];[-1, 1.0, 0];[-1, 1.0, 0];[-1, 1.0, 1];[-1, 1.0, 1];RAISE:ZeroDivisionError;RAISE:ZeroDivisionError;[1, inf];[1, 1.0000000000000002220446049250313, 1022];[1, 1.0, 0];[1, 1.0, 0];[1, 1.0, 0];[1, 0.0, 0];[1, 0.0, 0];[1, 0.0, 0];[1, 0.0, 0];[1, 1.25, 3];[-1, 1.0, 0];[-1, 1.0, 0];[-1, 1.0, 1];[-1, 1.0, 1];RAISE:ZeroDivisionError;RAISE:ZeroDivisionError;[1, inf];[1, 1.5, 1022];[1, 1.0, 0];[1, 1.0, 0];[1, 1.0, 0];[1, 1.0, 0];[1, 0.0, 0];[1, 0.0, 0];[1, 0.0, 0];[1, 1.75, 3];[-1, 1.0, 0];[-1, 1.5, 1];[-1, 1.0, 2];[-1, 1.0, 2];RAISE:ZeroDivisionError;RAISE:ZeroDivisionError;[1, inf];[1, 1.5707963267948965579989817342721, 1023];[1, 1.5, 1];[1, 1.5, 1];[1, 1.5, 1];[1, 1.0, 1];[1, 1.0, 0];[1, 0.0, 0];[1, 0.0, 0];[1, 1.9375, 4];[-1, 1.0, 0];[-1, 1.3333333333333334813630699500209, 52];[-1, 1.0, 53];[-1, 1.0000000000000004440892098500626, 53];RAISE:ZeroDivisionError;RAISE:ZeroDivisionError;[1, inf];[1, inf];[1, 1.0000000000000002220446049250313, 53];[1, 1.0, 53];[1, 1.9999999999999995559107901499374, 52];[1, 1.3333333333333332593184650249896, 52];[1, 1.2732395447351625428211718826788, 51];[1, 1.0, 0];[1, 0.0, 0];[1, 1.25, 56];[-1, 1.0, 0];[-1, 1.3333333333333332593184650249896, 1023];[-1, 1.9999999999999997779553950749687, 1023];[-1, inf];RAISE:ZeroDivisionError;RAISE:ZeroDivisionError;[1, inf];[1, inf];[1, inf];[1, 1.9999999999999997779553950749687, 1023];[1, 1.9999999999999993338661852249061, 1023];[1, 1.3333333333333332593184650249896, 1023];[1, 1.2732395447351625428211718826788, 1022];[1, 1.9999999999999997779553950749687, 970];[1, 1.0, 0];[1, inf];[-1, 1.0, 0];[-1, 1.0, 0];[-1, 1.0, 0];[-1, 1.0, 0];RAISE:ZeroDivisionError;RAISE:ZeroDivisionError;[1, inf];[1, 1.6000000000000000888178419700125, 1018];[1, 0.0, 0];[1, 0.0, 0];[1, 0.0, 0];[1, 0.0, 0];[1, 0.0, 0];[1, 0.0, 0];[1, 0.0, 0];[1, 1.0, 0]",224,32
A16_6_7,1,fractional|fractional,float,Decimal,"fractional/L1/16:-max_finite,-1.5,-1.0,-(1.0-1ulp),-0.0,+0.0,+min_subnormal,+min_normal,1.0-1ulp,1.0,1.0+1ulp,1.5,pi,2^53,max_finite,0.1","fractional/L1/16:-max_finite,-1.5,-1.0,-(1.0-1ulp),-0.0,+0.0,+min_subnormal,+min_normal,1.0-1ulp,1.0,1.0+1ulp,1.5,pi,2^53,max_finite,0.1",256,RAISE:TypeError;RAISE:TypeError;RAISE:TypeError;RAISE:TypeError;RAISE:TypeError;RAISE:TypeError;RAISE:TypeError;RAISE:TypeError;RAISE:TypeError;RAISE:TypeError;RAISE:TypeError;RAISE:TypeError;RAISE:TypeError;RAISE:TypeError;RAISE:TypeError;RAISE:TypeError;RAISE:TypeError;RAISE:TypeError;RAISE:TypeError;RAISE:TypeError;RAISE:TypeError;RAISE:TypeError;RAISE:TypeError;RAISE:TypeError;RAISE:TypeError;RAISE:TypeError;RAISE:TypeError;RAISE:TypeError;RAISE:TypeError;RAISE:TypeError;RAISE:TypeError;RAISE:TypeError;RAISE:TypeError;RAISE:TypeError;RAISE:TypeError;RAISE:TypeError;RAISE:TypeError;RAISE:TypeError;RAISE:TypeError;RAISE:TypeError;RAISE:TypeError;RAISE:TypeError;RAISE:TypeError;RAISE:TypeError;RAISE:TypeError;RAISE:TypeError;RAISE:TypeError;RAISE:TypeError;RAISE:TypeError;RAISE:TypeError;RAISE:TypeError;RAISE:TypeError;RAISE:TypeError;RAISE:TypeError;RAISE:TypeError;RAISE:TypeError;RAISE:TypeError;RAISE:TypeError;RAISE:TypeError;RAISE:TypeError;RAISE:TypeError;RAISE:TypeError;RAISE:TypeError;RAISE:TypeError;RAISE:TypeError;RAISE:TypeError;RAISE:TypeError;RAISE:TypeError;RAISE:TypeError;RAISE:TypeError;RAISE:TypeError;RAISE:TypeError;RAISE:TypeError;RAISE:TypeError;RAISE:TypeError;RAISE:TypeError;RAISE:TypeError;RAISE:TypeError;RAISE:TypeError;RAISE:TypeError;RAISE:TypeError;RAISE:TypeError;RAISE:TypeError;RAISE:TypeError;RAISE:TypeError;RAISE:TypeError;RAISE:TypeError;RAISE:TypeError;RAISE:TypeError;RAISE:TypeError;RAISE:TypeError;RAISE:TypeError;RAISE:TypeError;RAISE:TypeError;RAISE:TypeError;RAISE:TypeError;RAISE:TypeError;RAISE:TypeError;RAISE:TypeError;RAISE:TypeError;RAISE:TypeError;RAISE:TypeError;RAISE:TypeError;RAISE:TypeError;RAISE:TypeError;RAISE:TypeError;RAISE:TypeError;RAISE:TypeError;RAISE:TypeError;RAISE:TypeError;RAISE:TypeError;RAISE:TypeError;RAISE:TypeError;RAISE:TypeError;RAISE:TypeError;RAISE:TypeError;RAISE:TypeError;RAISE:TypeError;RAISE:TypeError;RAISE:TypeError;RAISE:TypeError;RAISE:TypeError;RAISE:TypeError;RAISE:TypeError;RAISE:TypeError;RAISE:TypeError;RAISE:TypeError;RAISE:TypeError;RAISE:TypeError;RAISE:TypeError;RAISE:TypeError;RAISE:TypeError;RAISE:TypeError;RAISE:TypeError;RAISE:TypeError;RAISE:TypeError;RAISE:TypeError;RAISE:TypeError;RAISE:TypeError;RAISE:TypeError;RAISE:TypeError;RAISE:TypeError;RAISE:TypeError;RAISE:TypeError;RAISE:TypeError;RAISE:TypeError;RAISE:TypeError;RAISE:TypeError;RAISE:TypeError;RAISE:TypeError;RAISE:TypeError;RAISE:TypeError;RAISE:TypeError;RAISE:TypeError;RAISE:TypeError;RAISE:TypeError;RAISE:TypeError;RAISE:TypeError;RAISE:TypeError;RAISE:TypeError;RAISE:TypeError;RAISE:TypeError;RAISE:TypeError;RAISE:TypeError;RAISE:TypeError;RAISE:TypeError;RAISE:TypeError;RAISE:TypeError;RAISE:TypeError;RAISE:TypeError;RAISE:TypeError;RAISE:TypeError;RAISE:TypeError;RAISE:TypeError;RAISE:TypeError;RAISE:TypeError;RAISE:TypeError;RAISE:TypeError;RAISE:TypeError;RAISE:TypeError;RAISE:TypeError;RAISE:TypeError;RAISE:TypeError;RAISE:TypeError;RAISE:TypeError;RAISE:TypeError;RAISE:TypeError;RAISE:TypeError;RAISE:TypeError;RAISE:TypeError;RAISE:TypeError;RAISE:TypeError;RAISE:TypeError;RAISE:TypeError;RAISE:TypeError;RAISE:TypeError;RAISE:TypeError;RAISE:TypeError;RAISE:TypeError;RAISE:TypeError;RAISE:TypeError;RAISE:TypeError;RAISE:TypeError;RAISE:TypeError;RAISE:TypeError;RAISE:TypeError;RAISE:TypeError;RAISE:TypeError;RAISE:TypeError;RAISE:TypeError;RAISE:TypeError;RAISE:TypeError;RAISE:TypeError;RAISE:TypeError;RAISE:TypeError;RAISE:TypeError;RAISE:TypeError;RAISE:TypeError;RAISE:TypeError;RAISE:TypeError;RAISE:TypeError;RAISE:TypeError;RAISE:TypeError;RAISE:TypeError;RAISE:TypeError;RAISE:TypeError;RAISE:TypeError;RAISE:TypeError;RAISE:TypeError;RAISE:TypeError;RAISE:TypeError;RAISE:TypeError;RAISE:TypeError;RAISE:TypeError;RAISE:TypeError;RAISE:TypeError;RAISE:TypeError;RAISE:TypeError;RAISE:TypeError;RAISE:TypeError;RAISE:TypeError;RAISE:TypeError;RAISE:TypeError;RAISE:TypeError;RAISE:TypeError;RAISE:TypeError;RAISE:TypeError;RAISE:TypeError;RAISE:TypeError;RAISE:TypeError;RAISE:TypeError;RAISE:TypeError;RAISE:TypeError;RAISE:TypeError;RAISE:TypeError;RAISE:TypeError,0,256
A16_6_8,1,fractional|fractional,float,Fraction,"fractional/L1/16:-max_finite,-1.5,-1.0,-(1.0-1ulp),-0.0,+0.0,+min_subnormal,+min_normal,1.0-1ulp,1.0,1.0+1ulp,1.5,pi,2^53,max_finite,0.1","fractional/L1/15:-max_finite,-1.5,-1.0,-(1.0-1ulp),+0.0,+min_subnormal,+min_normal,1.0-1ulp,1.0,1.0+1ulp,1.5,pi,2^53,max_finite,0.1",240,"[1, 1.0, 0];[1, 1.3333333333333332593184650249896, 1023];[1, 1.9999999999999997779553950749687, 1023];[1, inf];RAISE:ZeroDivisionError;[-1, inf];[-1, inf];[-1, inf];[-1, 1.9999999999999997779553950749687, 1023];[-1, 1.9999999999999993338661852249061, 1023];[-1, 1.3333333333333332593184650249896, 1023];[-1, 1.2732395447351625428211718826788, 1022];[-1, 1.9999999999999997779553950749687, 970];[-1, 1.0, 0];[-1, inf];[1, 0.0, 0];[1, 1.0, 0];[1, 1.0, 0];[1, 1.0, 0];RAISE:ZeroDivisionError;[-1, inf];[-1, 1.5, 1022];[-1, 1.0, 1];[-1, 1.0, 1];[-1, 1.0, 1];[-1, 1.0, 0];[-1, 1.0, 0];[-1, 1.0, 0];[-1, 1.0, 0];[-1, 1.875, 3];[1, 0.0, 0];[1, 0.0, 0];[1, 1.0, 0];[1, 1.0, 0];RAISE:ZeroDivisionError;[-1, inf];[-1, 1.0, 1022];[-1, 1.0, 1];[-1, 1.0, 0];[-1, 1.0, 0];[-1, 1.0, 0];[-1, 1.0, 0];[-1, 1.0, 0];[-1, 1.0, 0];[-1, 1.25, 3];[1, 0.0, 0];[1, 0.0, 0];[1, 0.0, 0];[1, 1.0, 0];RAISE:ZeroDivisionError;[-1, inf];[-1, 1.9999999999999997779553950749687, 1021];[-1, 1.0, 0];[-1, 1.0, 0];[-1, 1.0, 0];[-1, 1.0, 0];[-1, 1.0, 0];[-1, 1.0, 0];[-1, 1.0, 0];[-1, 1.25, 3];[1, 0.0, 0];[1, 0.0, 0];[1, 0.0, 0];[1, 0.0, 0];RAISE:ZeroDivisionError;[-1, 0.0, 0];[-1, 0.0, 0];[-1, 0.0, 0];[-1, 0.0, 0];[-1, 0.0, 0];[-1, 0.0, 0];[-1, 0.0, 0];[-1, 0.0, 0];[-1, 0.0, 0];[-1, 0.0, 0];[-1, 0.0, 0];[-1, 0.0, 0];[-1, 0.0, 0];[-1, 0.0, 0];RAISE:ZeroDivisionError;[1, 0.0, 0];[1, 0.0, 0];[1, 0.0, 0];[1, 0.0, 0];[1, 0.0, 0];[1, 0.0, 0];[1, 0.0, 0];[1, 0.0, 0];[1, 0.0, 0];[1, 0.0, 0];[-1, 1.0, 0];[-1, 1.0, 0];[-1, 1.0, 0];[-1, 1.0, 0];RAISE:ZeroDivisionError;[1, 1.0, 0];[1, 0.0, 0];[1, 0.0, 0];[1, 0.0, 0];[1, 0.0, 0];[1, 0.0, 0];[1, 0.0, 0];[1, 0.0, 0];[1, 0.0, 0];[1, 0.0, 0];[-1, 1.0, 0];[-1, 1.0, 0];[-1, 1.0, 0];[-1, 1.0, 0];RAISE:ZeroDivisionError;[1, 1.0, 52];[1, 1.0, 0];[1, 0.0, 0];[1, 0.0, 0];[1, 0.0, 0];[1, 0.0, 0];[1, 0.0, 0];[1, 0.0, 0];[1, 0.0, 0];[1, 0.0, 0];[-1, 1.0, 0];[-1, 1.0, 0];[-1, 1.0, 0];[-1, 1.0, 0];RAISE:ZeroDivisionError;[1, inf];[1, 1.9999999999999997779553950749687, 1021];[1, 1.0, 0];[1, 0.0, 0];[1, 0.0, 0];[1, 0.0, 0];[1, 0.0, 0];[1, 0.0, 0];[1, 0.0, 0];[1, 1.125, 3];[-1, 1.0, 0];[-1, 1.0, 0];[-1, 1.0, 0];[-1, 1.0, 1];RAISE:ZeroDivisionError;[1, inf];[1, 1.0, 1022];[1, 1.0, 0];[1, 1.0, 0];[1, 0.0, 0];[1, 0.0, 0];[1, 0.0, 0];[1, 0.0, 0];[1, 0.0, 0];[1, 1.125, 3];[-1, 1.0, 0];[-1, 1.0, 0];[-1, 1.0, 1];[-1, 1.0, 1];RAISE:ZeroDivisionError;[1, inf];[1, 1.0000000000000002220446049250313, 1022];[1, 1.0, 0];[1, 1.0, 0];[1, 1.0, 0];[1, 0.0, 0];[1, 0.0, 0];[1, 0.0, 0];[1, 0.0, 0];[1, 1.25, 3];[-1, 1.0, 0];[-1, 1.0, 0];[-1, 1.0, 1];[-1, 1.0, 1];RAISE:ZeroDivisionError;[1, inf];[1, 1.5, 1022];[1, 1.0, 0];[1, 1.0, 0];[1, 1.0, 0];[1, 1.0, 0];[1, 0.0, 0];[1, 0.0, 0];[1, 0.0, 0];[1, 1.75, 3];[-1, 1.0, 0];[-1, 1.5, 1];[-1, 1.0, 2];[-1, 1.0, 2];RAISE:ZeroDivisionError;[1, inf];[1, 1.5707963267948965579989817342721, 1023];[1, 1.5, 1];[1, 1.5, 1];[1, 1.5, 1];[1, 1.0, 1];[1, 1.0, 0];[1, 0.0, 0];[1, 0.0, 0];[1, 1.9375, 4];[-1, 1.0, 0];[-1, 1.3333333333333334813630699500209, 52];[-1, 1.0, 53];[-1, 1.0000000000000004440892098500626, 53];RAISE:ZeroDivisionError;[1, inf];[1, inf];[1, 1.0000000000000002220446049250313, 53];[1, 1.0, 53];[1, 1.9999999999999995559107901499374, 52];[1, 1.3333333333333332593184650249896, 52];[1, 1.2732395447351625428211718826788, 51];[1, 1.0, 0];[1, 0.0, 0];[1, 1.25, 56];[-1, 1.0, 0];[-1, 1.3333333333333332593184650249896, 1023];[-1, 1.9999999999999997779553950749687, 1023];[-1, inf];RAISE:ZeroDivisionError;[1, inf];[1, inf];[1, inf];[1, 1.9999999999999997779553950749687, 1023];[1, 1.9999999999999993338661852249061, 1023];[1, 1.3333333333333332593184650249896, 1023];[1, 1.2732395447351625428211718826788, 1022];[1, 1.9999999999999997779553950749687, 970];[1, 1.0, 0];[1, inf];[-1, 1.0, 0];[-1, 1.0, 0];[-1, 1.0, 0];[-1, 1.0, 0];RAISE:ZeroDivisionError;[1, inf];[1, 1.6000000000000000888178419700125, 1018];[1, 0.0, 0];[1, 0.0, 0];[1, 0.0, 0];[1, 0.0, 0];[1, 0.0, 0];[1, 0.0, 0];[1, 0.0, 0];[1, 1.0, 0]",224,16
A16_7_1,1,fractional|truth,Decimal,bool,"fractional/L1/16:-max_finite,-1.5,-1.0,-(1.0-1ulp),-0.0,+0.0,+min_subnormal,+min_normal,1.0-1ulp,1.0,1.0+1ulp,1.5,pi,2^53,max_finite,0.1","truth/L1/6:true,false,0,1,"""",nil",96,"RAISE:InvalidOperation;RAISE:DivisionByZero;RAISE:DivisionByZero;RAISE:InvalidOperation;RAISE:TypeError;RAISE:TypeError;[-1, 1.0, 0];RAISE:DivisionByZero;RAISE:DivisionByZero;[-1, 1.0, 0];RAISE:TypeError;RAISE:TypeError;[-1, 1.0, 0];RAISE:DivisionByZero;RAISE:DivisionByZero;[-1, 1.0, 0];RAISE:TypeError;RAISE:TypeError;[-1, 0.0, 0];RAISE:DivisionByZero;RAISE:DivisionByZero;[-1, 0.0, 0];RAISE:TypeError;RAISE:TypeError;[-1, 0.0, 0];RAISE:InvalidOperation;RAISE:InvalidOperation;[-1, 0.0, 0];RAISE:TypeError;RAISE:TypeError;[1, 0.0, 0];RAISE:InvalidOperation;RAISE:InvalidOperation;[1, 0.0, 0];RAISE:TypeError;RAISE:TypeError;[1, 0.0, 0];RAISE:DivisionByZero;RAISE:DivisionByZero;[1, 0.0, 0];RAISE:TypeError;RAISE:TypeError;[1, 0.0, 0];RAISE:DivisionByZero;RAISE:DivisionByZero;[1, 0.0, 0];RAISE:TypeError;RAISE:TypeError;[1, 0.0, 0];RAISE:DivisionByZero;RAISE:DivisionByZero;[1, 0.0, 0];RAISE:TypeError;RAISE:TypeError;[1, 1.0, 0];RAISE:DivisionByZero;RAISE:DivisionByZero;[1, 1.0, 0];RAISE:TypeError;RAISE:TypeError;[1, 1.0, 0];RAISE:DivisionByZero;RAISE:DivisionByZero;[1, 1.0, 0];RAISE:TypeError;RAISE:TypeError;[1, 1.0, 0];RAISE:DivisionByZero;RAISE:DivisionByZero;[1, 1.0, 0];RAISE:TypeError;RAISE:TypeError;[1, 1.5, 1];RAISE:DivisionByZero;RAISE:DivisionByZero;[1, 1.5, 1];RAISE:TypeError;RAISE:TypeError;[1, 1.0, 53];RAISE:DivisionByZero;RAISE:DivisionByZero;[1, 1.0, 53];RAISE:TypeError;RAISE:TypeError;RAISE:InvalidOperation;RAISE:DivisionByZero;RAISE:DivisionByZero;RAISE:InvalidOperation;RAISE:TypeError;RAISE:TypeError;[1, 0.0, 0];RAISE:DivisionByZero;RAISE:DivisionByZero;[1, 0.0, 0];RAISE:TypeError;RAISE:TypeError",28,68
A16_7_2,1,fractional|whole,Decimal,int,"fractional/L1/16:-max_finite,-1.5,-1.0,-(1.0-1ulp),-0.0,+0.0,+min_subnormal,+min_normal,1.0-1ulp,1.0,1.0+1ulp,1.5,pi,2^53,max_finite,0.1","whole/L1/17:-2^63,-2^63+1,-2^53-1,-2^31,-42,-1,0,1,7,42,1000,2^31-1,2^31,2^53-1,2^53+1,2^63-1,2^64-1",272,"RAISE:InvalidOperation;RAISE:InvalidOperation;RAISE:InvalidOperation;RAISE:InvalidOperation;RAISE:InvalidOperation;RAISE:InvalidOperation;RAISE:DivisionByZero;RAISE:InvalidOperation;RAISE:InvalidOperation;RAISE:InvalidOperation;RAISE:InvalidOperation;RAISE:InvalidOperation;RAISE:InvalidOperation;RAISE:InvalidOperation;RAISE:InvalidOperation;RAISE:InvalidOperation;RAISE:InvalidOperation;[1, 0.0, 0];[1, 0.0, 0];[1, 0.0, 0];[1, 0.0, 0];[1, 0.0, 0];[1, 1.0, 0];RAISE:DivisionByZero;[-1, 1.0, 0];[-1, 0.0, 0];[-1, 0.0, 0];[-1, 0.0, 0];[-1, 0.0, 0];[-1, 0.0, 0];[-1, 0.0, 0];[-1, 0.0, 0];[-1, 0.0, 0];[-1, 0.0, 0];[1, 0.0, 0];[1, 0.0, 0];[1, 0.0, 0];[1, 0.0, 0];[1, 0.0, 0];[1, 1.0, 0];RAISE:DivisionByZero;[-1, 1.0, 0];[-1, 0.0, 0];[-1, 0.0, 0];[-1, 0.0, 0];[-1, 0.0, 0];[-1, 0.0, 0];[-1, 0.0, 0];[-1, 0.0, 0];[-1, 0.0, 0];[-1, 0.0, 0];[1, 0.0, 0];[1, 0.0, 0];[1, 0.0, 0];[1, 0.0, 0];[1, 0.0, 0];[1, 0.0, 0];RAISE:DivisionByZero;[-1, 0.0, 0];[-1, 0.0, 0];[-1, 0.0, 0];[-1, 0.0, 0];[-1, 0.0, 0];[-1, 0.0, 0];[-1, 0.0, 0];[-1, 0.0, 0];[-1, 0.0, 0];[-1, 0.0, 0];[1, 0.0, 0];[1, 0.0, 0];[1, 0.0, 0];[1, 0.0, 0];[1, 0.0, 0];[1, 0.0, 0];RAISE:InvalidOperation;[-1, 0.0, 0];[-1, 0.0, 0];[-1, 0.0, 0];[-1, 0.0, 0];[-1, 0.0, 0];[-1, 0.0, 0];[-1, 0.0, 0];[-1, 0.0, 0];[-1, 0.0, 0];[-1, 0.0, 0];[-1, 0.0, 0];[-1, 0.0, 0];[-1, 0.0, 0];[-1, 0.0, 0];[-1, 0.0, 0];[-1, 0.0, 0];RAISE:InvalidOperation;[1, 0.0, 0];[1, 0.0, 0];[1, 0.0, 0];[1, 0.0, 0];[1, 0.0, 0];[1, 0.0, 0];[1, 0.0, 0];[1, 0.0, 0];[1, 0.0, 0];[1, 0.0, 0];[-1, 0.0, 0];[-1, 0.0, 0];[-1, 0.0, 0];[-1, 0.0, 0];[-1, 0.0, 0];[-1, 0.0, 0];RAISE:DivisionByZero;[1, 0.0, 0];[1, 0.0, 0];[1, 0.0, 0];[1, 0.0, 0];[1, 0.0, 0];[1, 0.0, 0];[1, 0.0, 0];[1, 0.0, 0];[1, 0.0, 0];[1, 0.0, 0];[-1, 0.0, 0];[-1, 0.0, 0];[-1, 0.0, 0];[-1, 0.0, 0];[-1, 0.0, 0];[-1, 0.0, 0];RAISE:DivisionByZero;[1, 0.0, 0];[1, 0.0, 0];[1, 0.0, 0];[1, 0.0, 0];[1, 0.0, 0];[1, 0.0, 0];[1, 0.0, 0];[1, 0.0, 0];[1, 0.0, 0];[1, 0.0, 0];[-1, 0.0, 0];[-1, 0.0, 0];[-1, 0.0, 0];[-1, 0.0, 0];[-1, 0.0, 0];[-1, 0.0, 0];RAISE:DivisionByZero;[1, 0.0, 0];[1, 0.0, 0];[1, 0.0, 0];[1, 0.0, 0];[1, 0.0, 0];[1, 0.0, 0];[1, 0.0, 0];[1, 0.0, 0];[1, 0.0, 0];[1, 0.0, 0];[-1, 0.0, 0];[-1, 0.0, 0];[-1, 0.0, 0];[-1, 0.0, 0];[-1, 0.0, 0];[-1, 1.0, 0];RAISE:DivisionByZero;[1, 1.0, 0];[1, 0.0, 0];[1, 0.0, 0];[1, 0.0, 0];[1, 0.0, 0];[1, 0.0, 0];[1, 0.0, 0];[1, 0.0, 0];[1, 0.0, 0];[1, 0.0, 0];[-1, 0.0, 0];[-1, 0.0, 0];[-1, 0.0, 0];[-1, 0.0, 0];[-1, 0.0, 0];[-1, 1.0, 0];RAISE:DivisionByZero;[1, 1.0, 0];[1, 0.0, 0];[1, 0.0, 0];[1, 0.0, 0];[1, 0.0, 0];[1, 0.0, 0];[1, 0.0, 0];[1, 0.0, 0];[1, 0.0, 0];[1, 0.0, 0];[-1, 0.0, 0];[-1, 0.0, 0];[-1, 0.0, 0];[-1, 0.0, 0];[-1, 0.0, 0];[-1, 1.0, 0];RAISE:DivisionByZero;[1, 1.0, 0];[1, 0.0, 0];[1, 0.0, 0];[1, 0.0, 0];[1, 0.0, 0];[1, 0.0, 0];[1, 0.0, 0];[1, 0.0, 0];[1, 0.0, 0];[1, 0.0, 0];[-1, 0.0, 0];[-1, 0.0, 0];[-1, 0.0, 0];[-1, 0.0, 0];[-1, 0.0, 0];[-1, 1.5, 1];RAISE:DivisionByZero;[1, 1.5, 1];[1, 0.0, 0];[1, 0.0, 0];[1, 0.0, 0];[1, 0.0, 0];[1, 0.0, 0];[1, 0.0, 0];[1, 0.0, 0];[1, 0.0, 0];[1, 0.0, 0];[-1, 0.0, 0];[-1, 0.0, 0];[-1, 0.0, 0];[-1, 1.0, 22];[-1, 1.5238095238095183958648703992367, 47];[-1, 1.0, 53];RAISE:DivisionByZero;[1, 1.0, 53];[1, 1.1428571428571423496123315999284, 50];[1, 1.5238095238095183958648703992367, 47];[1, 1.0239999999998872226569801568985, 43];[1, 1.0, 22];[1, 1.0, 22];[1, 1.0, 0];[1, 0.0, 0];[1, 0.0, 0];[1, 0.0, 0];RAISE:InvalidOperation;RAISE:InvalidOperation;RAISE:InvalidOperation;RAISE:InvalidOperation;RAISE:InvalidOperation;RAISE:InvalidOperation;RAISE:DivisionByZero;RAISE:InvalidOperation;RAISE:InvalidOperation;RAISE:InvalidOperation;RAISE:InvalidOperation;RAISE:InvalidOperation;RAISE:InvalidOperation;RAISE:InvalidOperation;RAISE:InvalidOperation;RAISE:InvalidOperation;RAISE:InvalidOperation;[-1, 0.0, 0];[-1, 0.0, 0];[-1, 0.0, 0];[-1, 0.0, 0];[-1, 0.0, 0];[-1, 0.0, 0];RAISE:DivisionByZero;[1, 0.0, 0];[1, 0.0, 0];[1, 0.0, 0];[1, 0.0, 0];[1, 0.0, 0];[1, 0.0, 0];[1, 0.0, 0];[1, 0.0, 0];[1, 0.0, 0];[1, 0.0, 0]",224,48
A16_7_3,1,fractional|whole,Decimal,Decimal,"fractional/L1/16:-max_finite,-1.5,-1.0,-(1.0-1ulp),-0.0,+0.0,+min_subnormal,+min_normal,1.0-1ulp,1.0,1.0+1ulp,1.5,pi,2^53,max_finite,0.1","whole/L1/17:-2^63,-2^63+1,-2^53-1,-2^31,-42,-1,0,1,7,42,1000,2^31-1,2^31,2^53-1,2^53+1,2^63-1,2^64-1",272,"RAISE:InvalidOperation;RAISE:InvalidOperation;RAISE:InvalidOperation;RAISE:InvalidOperation;RAISE:InvalidOperation;RAISE:InvalidOperation;RAISE:DivisionByZero;RAISE:InvalidOperation;RAISE:InvalidOperation;RAISE:InvalidOperation;RAISE:InvalidOperation;RAISE:InvalidOperation;RAISE:InvalidOperation;RAISE:InvalidOperation;RAISE:InvalidOperation;RAISE:InvalidOperation;RAISE:InvalidOperation;[1, 0.0, 0];[1, 0.0, 0];[1, 0.0, 0];[1, 0.0, 0];[1, 0.0, 0];[1, 1.0, 0];RAISE:DivisionByZero;[-1, 1.0, 0];[-1, 0.0, 0];[-1, 0.0, 0];[-1, 0.0, 0];[-1, 0.0, 0];[-1, 0.0, 0];[-1, 0.0, 0];[-1, 0.0, 0];[-1, 0.0, 0];[-1, 0.0, 0];[1, 0.0, 0];[1, 0.0, 0];[1, 0.0, 0];[1, 0.0, 0];[1, 0.0, 0];[1, 1.0, 0];RAISE:DivisionByZero;[-1, 1.0, 0];[-1, 0.0, 0];[-1, 0.0, 0];[-1, 0.0, 0];[-1, 0.0, 0];[-1, 0.0, 0];[-1, 0.0, 0];[-1, 0.0, 0];[-1, 0.0, 0];[-1, 0.0, 0];[1, 0.0, 0];[1, 0.0, 0];[1, 0.0, 0];[1, 0.0, 0];[1, 0.0, 0];[1, 0.0, 0];RAISE:DivisionByZero;[-1, 0.0, 0];[-1, 0.0, 0];[-1, 0.0, 0];[-1, 0.0, 0];[-1, 0.0, 0];[-1, 0.0, 0];[-1, 0.0, 0];[-1, 0.0, 0];[-1, 0.0, 0];[-1, 0.0, 0];[1, 0.0, 0];[1, 0.0, 0];[1, 0.0, 0];[1, 0.0, 0];[1, 0.0, 0];[1, 0.0, 0];RAISE:InvalidOperation;[-1, 0.0, 0];[-1, 0.0, 0];[-1, 0.0, 0];[-1, 0.0, 0];[-1, 0.0, 0];[-1, 0.0, 0];[-1, 0.0, 0];[-1, 0.0, 0];[-1, 0.0, 0];[-1, 0.0, 0];[-1, 0.0, 0];[-1, 0.0, 0];[-1, 0.0, 0];[-1, 0.0, 0];[-1, 0.0, 0];[-1, 0.0, 0];RAISE:InvalidOperation;[1, 0.0, 0];[1, 0.0, 0];[1, 0.0, 0];[1, 0.0, 0];[1, 0.0, 0];[1, 0.0, 0];[1, 0.0, 0];[1, 0.0, 0];[1, 0.0, 0];[1, 0.0, 0];[-1, 0.0, 0];[-1, 0.0, 0];[-1, 0.0, 0];[-1, 0.0, 0];[-1, 0.0, 0];[-1, 0.0, 0];RAISE:DivisionByZero;[1, 0.0, 0];[1, 0.0, 0];[1, 0.0, 0];[1, 0.0, 0];[1, 0.0, 0];[1, 0.0, 0];[1, 0.0, 0];[1, 0.0, 0];[1, 0.0, 0];[1, 0.0, 0];[-1, 0.0, 0];[-1, 0.0, 0];[-1, 0.0, 0];[-1, 0.0, 0];[-1, 0.0, 0];[-1, 0.0, 0];RAISE:DivisionByZero;[1, 0.0, 0];[1, 0.0, 0];[1, 0.0, 0];[1, 0.0, 0];[1, 0.0, 0];[1, 0.0, 0];[1, 0.0, 0];[1, 0.0, 0];[1, 0.0, 0];[1, 0.0, 0];[-1, 0.0, 0];[-1, 0.0, 0];[-1, 0.0, 0];[-1, 0.0, 0];[-1, 0.0, 0];[-1, 0.0, 0];RAISE:DivisionByZero;[1, 0.0, 0];[1, 0.0, 0];[1, 0.0, 0];[1, 0.0, 0];[1, 0.0, 0];[1, 0.0, 0];[1, 0.0, 0];[1, 0.0, 0];[1, 0.0, 0];[1, 0.0, 0];[-1, 0.0, 0];[-1, 0.0, 0];[-1, 0.0, 0];[-1, 0.0, 0];[-1, 0.0, 0];[-1, 1.0, 0];RAISE:DivisionByZero;[1, 1.0, 0];[1, 0.0, 0];[1, 0.0, 0];[1, 0.0, 0];[1, 0.0, 0];[1, 0.0, 0];[1, 0.0, 0];[1, 0.0, 0];[1, 0.0, 0];[1, 0.0, 0];[-1, 0.0, 0];[-1, 0.0, 0];[-1, 0.0, 0];[-1, 0.0, 0];[-1, 0.0, 0];[-1, 1.0, 0];RAISE:DivisionByZero;[1, 1.0, 0];[1, 0.0, 0];[1, 0.0, 0];[1, 0.0, 0];[1, 0.0, 0];[1, 0.0, 0];[1, 0.0, 0];[1, 0.0, 0];[1, 0.0, 0];[1, 0.0, 0];[-1, 0.0, 0];[-1, 0.0, 0];[-1, 0.0, 0];[-1, 0.0, 0];[-1, 0.0, 0];[-1, 1.0, 0];RAISE:DivisionByZero;[1, 1.0, 0];[1, 0.0, 0];[1, 0.0, 0];[1, 0.0, 0];[1, 0.0, 0];[1, 0.0, 0];[1, 0.0, 0];[1, 0.0, 0];[1, 0.0, 0];[1, 0.0, 0];[-1, 0.0, 0];[-1, 0.0, 0];[-1, 0.0, 0];[-1, 0.0, 0];[-1, 0.0, 0];[-1, 1.5, 1];RAISE:DivisionByZero;[1, 1.5, 1];[1, 0.0, 0];[1, 0.0, 0];[1, 0.0, 0];[1, 0.0, 0];[1, 0.0, 0];[1, 0.0, 0];[1, 0.0, 0];[1, 0.0, 0];[1, 0.0, 0];[-1, 0.0, 0];[-1, 0.0, 0];[-1, 0.0, 0];[-1, 1.0, 22];[-1, 1.5238095238095183958648703992367, 47];[-1, 1.0, 53];RAISE:DivisionByZero;[1, 1.0, 53];[1, 1.1428571428571423496123315999284, 50];[1, 1.5238095238095183958648703992367, 47];[1, 1.0239999999998872226569801568985, 43];[1, 1.0, 22];[1, 1.0, 22];[1, 1.0, 0];[1, 0.0, 0];[1, 0.0, 0];[1, 0.0, 0];RAISE:InvalidOperation;RAISE:InvalidOperation;RAISE:InvalidOperation;RAISE:InvalidOperation;RAISE:InvalidOperation;RAISE:InvalidOperation;RAISE:DivisionByZero;RAISE:InvalidOperation;RAISE:InvalidOperation;RAISE:InvalidOperation;RAISE:InvalidOperation;RAISE:InvalidOperation;RAISE:InvalidOperation;RAISE:InvalidOperation;RAISE:InvalidOperation;RAISE:InvalidOperation;RAISE:InvalidOperation;[-1, 0.0, 0];[-1, 0.0, 0];[-1, 0.0, 0];[-1, 0.0, 0];[-1, 0.0, 0];[-1, 0.0, 0];RAISE:DivisionByZero;[1, 0.0, 0];[1, 0.0, 0];[1, 0.0, 0];[1, 0.0, 0];[1, 0.0, 0];[1, 0.0, 0];[1, 0.0, 0];[1, 0.0, 0];[1, 0.0, 0];[1, 0.0, 0]",224,48
A16_7_4,1,fractional|whole,Decimal,Fraction,"fractional/L1/16:-max_finite,-1.5,-1.0,-(1.0-1ulp),-0.0,+0.0,+min_subnormal,+min_normal,1.0-1ulp,1.0,1.0+1ulp,1.5,pi,2^53,max_finite,0.1","whole/L1/17:-2^63,-2^63+1,-2^53-1,-2^31,-42,-1,0,1,7,42,1000,2^31-1,2^31,2^53-1,2^53+1,2^63-1,2^64-1",272,RAISE:TypeError;RAISE:TypeError;RAISE:TypeError;RAISE:TypeError;RAISE:TypeError;RAISE:TypeError;RAISE:TypeError;RAISE:TypeError;RAISE:TypeError;RAISE:TypeError;RAISE:TypeError;RAISE:TypeError;RAISE:TypeError;RAISE:TypeError;RAISE:TypeError;RAISE:TypeError;RAISE:TypeError;RAISE:TypeError;RAISE:TypeError;RAISE:TypeError;RAISE:TypeError;RAISE:TypeError;RAISE:TypeError;RAISE:TypeError;RAISE:TypeError;RAISE:TypeError;RAISE:TypeError;RAISE:TypeError;RAISE:TypeError;RAISE:TypeError;RAISE:TypeError;RAISE:TypeError;RAISE:TypeError;RAISE:TypeError;RAISE:TypeError;RAISE:TypeError;RAISE:TypeError;RAISE:TypeError;RAISE:TypeError;RAISE:TypeError;RAISE:TypeError;RAISE:TypeError;RAISE:TypeError;RAISE:TypeError;RAISE:TypeError;RAISE:TypeError;RAISE:TypeError;RAISE:TypeError;RAISE:TypeError;RAISE:TypeError;RAISE:TypeError;RAISE:TypeError;RAISE:TypeError;RAISE:TypeError;RAISE:TypeError;RAISE:TypeError;RAISE:TypeError;RAISE:TypeError;RAISE:TypeError;RAISE:TypeError;RAISE:TypeError;RAISE:TypeError;RAISE:TypeError;RAISE:TypeError;RAISE:TypeError;RAISE:TypeError;RAISE:TypeError;RAISE:TypeError;RAISE:TypeError;RAISE:TypeError;RAISE:TypeError;RAISE:TypeError;RAISE:TypeError;RAISE:TypeError;RAISE:TypeError;RAISE:TypeError;RAISE:TypeError;RAISE:TypeError;RAISE:TypeError;RAISE:TypeError;RAISE:TypeError;RAISE:TypeError;RAISE:TypeError;RAISE:TypeError;RAISE:TypeError;RAISE:TypeError;RAISE:TypeError;RAISE:TypeError;RAISE:TypeError;RAISE:TypeError;RAISE:TypeError;RAISE:TypeError;RAISE:TypeError;RAISE:TypeError;RAISE:TypeError;RAISE:TypeError;RAISE:TypeError;RAISE:TypeError;RAISE:TypeError;RAISE:TypeError;RAISE:TypeError;RAISE:TypeError;RAISE:TypeError;RAISE:TypeError;RAISE:TypeError;RAISE:TypeError;RAISE:TypeError;RAISE:TypeError;RAISE:TypeError;RAISE:TypeError;RAISE:TypeError;RAISE:TypeError;RAISE:TypeError;RAISE:TypeError;RAISE:TypeError;RAISE:TypeError;RAISE:TypeError;RAISE:TypeError;RAISE:TypeError;RAISE:TypeError;RAISE:TypeError;RAISE:TypeError;RAISE:TypeError;RAISE:TypeError;RAISE:TypeError;RAISE:TypeError;RAISE:TypeError;RAISE:TypeError;RAISE:TypeError;RAISE:TypeError;RAISE:TypeError;RAISE:TypeError;RAISE:TypeError;RAISE:TypeError;RAISE:TypeError;RAISE:TypeError;RAISE:TypeError;RAISE:TypeError;RAISE:TypeError;RAISE:TypeError;RAISE:TypeError;RAISE:TypeError;RAISE:TypeError;RAISE:TypeError;RAISE:TypeError;RAISE:TypeError;RAISE:TypeError;RAISE:TypeError;RAISE:TypeError;RAISE:TypeError;RAISE:TypeError;RAISE:TypeError;RAISE:TypeError;RAISE:TypeError;RAISE:TypeError;RAISE:TypeError;RAISE:TypeError;RAISE:TypeError;RAISE:TypeError;RAISE:TypeError;RAISE:TypeError;RAISE:TypeError;RAISE:TypeError;RAISE:TypeError;RAISE:TypeError;RAISE:TypeError;RAISE:TypeError;RAISE:TypeError;RAISE:TypeError;RAISE:TypeError;RAISE:TypeError;RAISE:TypeError;RAISE:TypeError;RAISE:TypeError;RAISE:TypeError;RAISE:TypeError;RAISE:TypeError;RAISE:TypeError;RAISE:TypeError;RAISE:TypeError;RAISE:TypeError;RAISE:TypeError;RAISE:TypeError;RAISE:TypeError;RAISE:TypeError;RAISE:TypeError;RAISE:TypeError;RAISE:TypeError;RAISE:TypeError;RAISE:TypeError;RAISE:TypeError;RAISE:TypeError;RAISE:TypeError;RAISE:TypeError;RAISE:TypeError;RAISE:TypeError;RAISE:TypeError;RAISE:TypeError;RAISE:TypeError;RAISE:TypeError;RAISE:TypeError;RAISE:TypeError;RAISE:TypeError;RAISE:TypeError;RAISE:TypeError;RAISE:TypeError;RAISE:TypeError;RAISE:TypeError;RAISE:TypeError;RAISE:TypeError;RAISE:TypeError;RAISE:TypeError;RAISE:TypeError;RAISE:TypeError;RAISE:TypeError;RAISE:TypeError;RAISE:TypeError;RAISE:TypeError;RAISE:TypeError;RAISE:TypeError;RAISE:TypeError;RAISE:TypeError;RAISE:TypeError;RAISE:TypeError;RAISE:TypeError;RAISE:TypeError;RAISE:TypeError;RAISE:TypeError;RAISE:TypeError;RAISE:TypeError;RAISE:TypeError;RAISE:TypeError;RAISE:TypeError;RAISE:TypeError;RAISE:TypeError;RAISE:TypeError;RAISE:TypeError;RAISE:TypeError;RAISE:TypeError;RAISE:TypeError;RAISE:TypeError;RAISE:TypeError;RAISE:TypeError;RAISE:TypeError;RAISE:TypeError;RAISE:TypeError;RAISE:TypeError;RAISE:TypeError;RAISE:TypeError;RAISE:TypeError;RAISE:TypeError;RAISE:TypeError;RAISE:TypeError;RAISE:TypeError;RAISE:TypeError;RAISE:TypeError;RAISE:TypeError;RAISE:TypeError;RAISE:TypeError;RAISE:TypeError;RAISE:TypeError;RAISE:TypeError;RAISE:TypeError;RAISE:TypeError;RAISE:TypeError;RAISE:TypeError;RAISE:TypeError;RAISE:TypeError;RAISE:TypeError;RAISE:TypeError;RAISE:TypeError;RAISE:TypeError,0,272
A16_7_5,1,fractional|whole,Decimal,c_int64,"fractional/L1/16:-max_finite,-1.5,-1.0,-(1.0-1ulp),-0.0,+0.0,+min_subnormal,+min_normal,1.0-1ulp,1.0,1.0+1ulp,1.5,pi,2^53,max_finite,0.1","whole/L1/16:-2^63,-2^63+1,-2^53-1,-2^31,-42,-1,0,1,7,42,1000,2^31-1,2^31,2^53-1,2^53+1,2^63-1",256,"RAISE:InvalidOperation;RAISE:InvalidOperation;RAISE:InvalidOperation;RAISE:InvalidOperation;RAISE:InvalidOperation;RAISE:InvalidOperation;RAISE:DivisionByZero;RAISE:InvalidOperation;RAISE:InvalidOperation;RAISE:InvalidOperation;RAISE:InvalidOperation;RAISE:InvalidOperation;RAISE:InvalidOperation;RAISE:InvalidOperation;RAISE:InvalidOperation;RAISE:InvalidOperation;[1, 0.0, 0];[1, 0.0, 0];[1, 0.0, 0];[1, 0.0, 0];[1, 0.0, 0];[1, 1.0, 0];RAISE:DivisionByZero;[-1, 1.0, 0];[-1, 0.0, 0];[-1, 0.0, 0];[-1, 0.0, 0];[-1, 0.0, 0];[-1, 0.0, 0];[-1, 0.0, 0];[-1, 0.0, 0];[-1, 0.0, 0];[1, 0.0, 0];[1, 0.0, 0];[1, 0.0, 0];[1, 0.0, 0];[1, 0.0, 0];[1, 1.0, 0];RAISE:DivisionByZero;[-1, 1.0, 0];[-1, 0.0, 0];[-1, 0.0, 0];[-1, 0.0, 0];[-1, 0.0, 0];[-1, 0.0, 0];[-1, 0.0, 0];[-1, 0.0, 0];[-1, 0.0, 0];[1, 0.0, 0];[1, 0.0, 0];[1, 0.0, 0];[1, 0.0, 0];[1, 0.0, 0];[1, 0.0, 0];RAISE:DivisionByZero;[-1, 0.0, 0];[-1, 0.0, 0];[-1, 0.0, 0];[-1, 0.0, 0];[-1, 0.0, 0];[-1, 0.0, 0];[-1, 0.0, 0];[-1, 0.0, 0];[-1, 0.0, 0];[1, 0.0, 0];[1, 0.0, 0];[1, 0.0, 0];[1, 0.0, 0];[1, 0.0, 0];[1, 0.0, 0];RAISE:InvalidOperation;[-1, 0.0, 0];[-1, 0.0, 0];[-1, 0.0, 0];[-1, 0.0, 0];[-1, 0.0, 0];[-1, 0.0, 0];[-1, 0.0, 0];[-1, 0.0, 0];[-1, 0.0, 0];[-1, 0.0, 0];[-1, 0.0, 0];[-1, 0.0, 0];[-1, 0.0, 0];[-1, 0.0, 0];[-1, 0.0, 0];RAISE:InvalidOperation;[1, 0.0, 0];[1, 0.0, 0];[1, 0.0, 0];[1, 0.0, 0];[1, 0.0, 0];[1, 0.0, 0];[1, 0.0, 0];[1, 0.0, 0];[1, 0.0, 0];[-1, 0.0, 0];[-1, 0.0, 0];[-1, 0.0, 0];[-1, 0.0, 0];[-1, 0.0, 0];[-1, 0.0, 0];RAISE:DivisionByZero;[1, 0.0, 0];[1, 0.0, 0];[1, 0.0, 0];[1, 0.0, 0];[1, 0.0, 0];[1, 0.0, 0];[1, 0.0, 0];[1, 0.0, 0];[1, 0.0, 0];[-1, 0.0, 0];[-1, 0.0, 0];[-1, 0.0, 0];[-1, 0.0, 0];[-1, 0.0, 0];[-1, 0.0, 0];RAISE:DivisionByZero;[1, 0.0, 0];[1, 0.0, 0];[1, 0.0, 0];[1, 0.0, 0];[1, 0.0, 0];[1, 0.0, 0];[1, 0.0, 0];[1, 0.0, 0];[1, 0.0, 0];[-1, 0.0, 0];[-1, 0.0, 0];[-1, 0.0, 0];[-1, 0.0, 0];[-1, 0.0, 0];[-1, 0.0, 0];RAISE:DivisionByZero;[1, 0.0, 0];[1, 0.0, 0];[1, 0.0, 0];[1, 0.0, 0];[1, 0.0, 0];[1, 0.0, 0];[1, 0.0, 0];[1, 0.0, 0];[1, 0.0, 0];[-1, 0.0, 0];[-1, 0.0, 0];[-1, 0.0, 0];[-1, 0.0, 0];[-1, 0.0, 0];[-1, 1.0, 0];RAISE:DivisionByZero;[1, 1.0, 0];[1, 0.0, 0];[1, 0.0, 0];[1, 0.0, 0];[1, 0.0, 0];[1, 0.0, 0];[1, 0.0, 0];[1, 0.0, 0];[1, 0.0, 0];[-1, 0.0, 0];[-1, 0.0, 0];[-1, 0.0, 0];[-1, 0.0, 0];[-1, 0.0, 0];[-1, 1.0, 0];RAISE:DivisionByZero;[1, 1.0, 0];[1, 0.0, 0];[1, 0.0, 0];[1, 0.0, 0];[1, 0.0, 0];[1, 0.0, 0];[1, 0.0, 0];[1, 0.0, 0];[1, 0.0, 0];[-1, 0.0, 0];[-1, 0.0, 0];[-1, 0.0, 0];[-1, 0.0, 0];[-1, 0.0, 0];[-1, 1.0, 0];RAISE:DivisionByZero;[1, 1.0, 0];[1, 0.0, 0];[1, 0.0, 0];[1, 0.0, 0];[1, 0.0, 0];[1, 0.0, 0];[1, 0.0, 0];[1, 0.0, 0];[1, 0.0, 0];[-1, 0.0, 0];[-1, 0.0, 0];[-1, 0.0, 0];[-1, 0.0, 0];[-1, 0.0, 0];[-1, 1.5, 1];RAISE:DivisionByZero;[1, 1.5, 1];[1, 0.0, 0];[1, 0.0, 0];[1, 0.0, 0];[1, 0.0, 0];[1, 0.0, 0];[1, 0.0, 0];[1, 0.0, 0];[1, 0.0, 0];[-1, 0.0, 0];[-1, 0.0, 0];[-1, 0.0, 0];[-1, 1.0, 22];[-1, 1.5238095238095183958648703992367, 47];[-1, 1.0, 53];RAISE:DivisionByZero;[1, 1.0, 53];[1, 1.1428571428571423496123315999284, 50];[1, 1.5238095238095183958648703992367, 47];[1, 1.0239999999998872226569801568985, 43];[1, 1.0, 22];[1, 1.0, 22];[1, 1.0, 0];[1, 0.0, 0];[1, 0.0, 0];RAISE:InvalidOperation;RAISE:InvalidOperation;RAISE:InvalidOperation;RAISE:InvalidOperation;RAISE:InvalidOperation;RAISE:InvalidOperation;RAISE:DivisionByZero;RAISE:InvalidOperation;RAISE:InvalidOperation;RAISE:InvalidOperation;RAISE:InvalidOperation;RAISE:InvalidOperation;RAISE:InvalidOperation;RAISE:InvalidOperation;RAISE:InvalidOperation;RAISE:InvalidOperation;[-1, 0.0, 0];[-1, 0.0, 0];[-1, 0.0, 0];[-1, 0.0, 0];[-1, 0.0, 0];[-1, 0.0, 0];RAISE:DivisionByZero;[1, 0.0, 0];[1, 0.0, 0];[1, 0.0, 0];[1, 0.0, 0];[1, 0.0, 0];[1, 0.0, 0];[1, 0.0, 0];[1, 0.0, 0];[1, 0.0, 0]",210,46
A16_7_6,1,fractional|fractional,Decimal,float,"fractional/L1/16:-max_finite,-1.5,-1.0,-(1.0-1ulp),-0.0,+0.0,+min_subnormal,+min_normal,1.0-1ulp,1.0,1.0+1ulp,1.5,pi,2^53,max_finite,0.1","fractional/L1/16:-max_finite,-1.5,-1.0,-(1.0-1ulp),-0.0,+0.0,+min_subnormal,+min_normal,1.0-1ulp,1.0,1.0+1ulp,1.5,pi,2^53,max_finite,0.1",256,RAISE:TypeError;RAISE:TypeError;RAISE:TypeError;RAISE:TypeError;RAISE:TypeError;RAISE:TypeError;RAISE:TypeError;RAISE:TypeError;RAISE:TypeError;RAISE:TypeError;RAISE:TypeError;RAISE:TypeError;RAISE:TypeError;RAISE:TypeError;RAISE:TypeError;RAISE:TypeError;RAISE:TypeError;RAISE:TypeError;RAISE:TypeError;RAISE:TypeError;RAISE:TypeError;RAISE:TypeError;RAISE:TypeError;RAISE:TypeError;RAISE:TypeError;RAISE:TypeError;RAISE:TypeError;RAISE:TypeError;RAISE:TypeError;RAISE:TypeError;RAISE:TypeError;RAISE:TypeError;RAISE:TypeError;RAISE:TypeError;RAISE:TypeError;RAISE:TypeError;RAISE:TypeError;RAISE:TypeError;RAISE:TypeError;RAISE:TypeError;RAISE:TypeError;RAISE:TypeError;RAISE:TypeError;RAISE:TypeError;RAISE:TypeError;RAISE:TypeError;RAISE:TypeError;RAISE:TypeError;RAISE:TypeError;RAISE:TypeError;RAISE:TypeError;RAISE:TypeError;RAISE:TypeError;RAISE:TypeError;RAISE:TypeError;RAISE:TypeError;RAISE:TypeError;RAISE:TypeError;RAISE:TypeError;RAISE:TypeError;RAISE:TypeError;RAISE:TypeError;RAISE:TypeError;RAISE:TypeError;RAISE:TypeError;RAISE:TypeError;RAISE:TypeError;RAISE:TypeError;RAISE:TypeError;RAISE:TypeError;RAISE:TypeError;RAISE:TypeError;RAISE:TypeError;RAISE:TypeError;RAISE:TypeError;RAISE:TypeError;RAISE:TypeError;RAISE:TypeError;RAISE:TypeError;RAISE:TypeError;RAISE:TypeError;RAISE:TypeError;RAISE:TypeError;RAISE:TypeError;RAISE:TypeError;RAISE:TypeError;RAISE:TypeError;RAISE:TypeError;RAISE:TypeError;RAISE:TypeError;RAISE:TypeError;RAISE:TypeError;RAISE:TypeError;RAISE:TypeError;RAISE:TypeError;RAISE:TypeError;RAISE:TypeError;RAISE:TypeError;RAISE:TypeError;RAISE:TypeError;RAISE:TypeError;RAISE:TypeError;RAISE:TypeError;RAISE:TypeError;RAISE:TypeError;RAISE:TypeError;RAISE:TypeError;RAISE:TypeError;RAISE:TypeError;RAISE:TypeError;RAISE:TypeError;RAISE:TypeError;RAISE:TypeError;RAISE:TypeError;RAISE:TypeError;RAISE:TypeError;RAISE:TypeError;RAISE:TypeError;RAISE:TypeError;RAISE:TypeError;RAISE:TypeError;RAISE:TypeError;RAISE:TypeError;RAISE:TypeError;RAISE:TypeError;RAISE:TypeError;RAISE:TypeError;RAISE:TypeError;RAISE:TypeError;RAISE:TypeError;RAISE:TypeError;RAISE:TypeError;RAISE:TypeError;RAISE:TypeError;RAISE:TypeError;RAISE:TypeError;RAISE:TypeError;RAISE:TypeError;RAISE:TypeError;RAISE:TypeError;RAISE:TypeError;RAISE:TypeError;RAISE:TypeError;RAISE:TypeError;RAISE:TypeError;RAISE:TypeError;RAISE:TypeError;RAISE:TypeError;RAISE:TypeError;RAISE:TypeError;RAISE:TypeError;RAISE:TypeError;RAISE:TypeError;RAISE:TypeError;RAISE:TypeError;RAISE:TypeError;RAISE:TypeError;RAISE:TypeError;RAISE:TypeError;RAISE:TypeError;RAISE:TypeError;RAISE:TypeError;RAISE:TypeError;RAISE:TypeError;RAISE:TypeError;RAISE:TypeError;RAISE:TypeError;RAISE:TypeError;RAISE:TypeError;RAISE:TypeError;RAISE:TypeError;RAISE:TypeError;RAISE:TypeError;RAISE:TypeError;RAISE:TypeError;RAISE:TypeError;RAISE:TypeError;RAISE:TypeError;RAISE:TypeError;RAISE:TypeError;RAISE:TypeError;RAISE:TypeError;RAISE:TypeError;RAISE:TypeError;RAISE:TypeError;RAISE:TypeError;RAISE:TypeError;RAISE:TypeError;RAISE:TypeError;RAISE:TypeError;RAISE:TypeError;RAISE:TypeError;RAISE:TypeError;RAISE:TypeError;RAISE:TypeError;RAISE:TypeError;RAISE:TypeError;RAISE:TypeError;RAISE:TypeError;RAISE:TypeError;RAISE:TypeError;RAISE:TypeError;RAISE:TypeError;RAISE:TypeError;RAISE:TypeError;RAISE:TypeError;RAISE:TypeError;RAISE:TypeError;RAISE:TypeError;RAISE:TypeError;RAISE:TypeError;RAISE:TypeError;RAISE:TypeError;RAISE:TypeError;RAISE:TypeError;RAISE:TypeError;RAISE:TypeError;RAISE:TypeError;RAISE:TypeError;RAISE:TypeError;RAISE:TypeError;RAISE:TypeError;RAISE:TypeError;RAISE:TypeError;RAISE:TypeError;RAISE:TypeError;RAISE:TypeError;RAISE:TypeError;RAISE:TypeError;RAISE:TypeError;RAISE:TypeError;RAISE:TypeError;RAISE:TypeError;RAISE:TypeError;RAISE:TypeError;RAISE:TypeError;RAISE:TypeError;RAISE:TypeError;RAISE:TypeError;RAISE:TypeError;RAISE:TypeError;RAISE:TypeError;RAISE:TypeError;RAISE:TypeError;RAISE:TypeError;RAISE:TypeError;RAISE:TypeError;RAISE:TypeError;RAISE:TypeError;RAISE:TypeError;RAISE:TypeError;RAISE:TypeError;RAISE:TypeError;RAISE:TypeError;RAISE:TypeError;RAISE:TypeError,0,256
A16_7_7,1,fractional|fractional,Decimal,Decimal,"fractional/L1/16:-max_finite,-1.5,-1.0,-(1.0-1ulp),-0.0,+0.0,+min_subnormal,+min_normal,1.0-1ulp,1.0,1.0+1ulp,1.5,pi,2^53,max_finite,0.1","fractional/L1/16:-max_finite,-1.5,-1.0,-(1.0-1ulp),-0.0,+0.0,+min_subnormal,+min_normal,1.0-1ulp,1.0,1.0+1ulp,1.5,pi,2^53,max_finite,0.1",256,"[1, 1.0, 0];RAISE:InvalidOperation;RAISE:InvalidOperation;RAISE:InvalidOperation;RAISE:DivisionByZero;RAISE:DivisionByZero;RAISE:InvalidOperation;RAISE:InvalidOperation;RAISE:InvalidOperation;RAISE:InvalidOperation;RAISE:InvalidOperation;RAISE:InvalidOperation;RAISE:InvalidOperation;RAISE:InvalidOperation;[-1, 1.0, 0];RAISE:InvalidOperation;[1, 0.0, 0];[1, 1.0, 0];[1, 1.0, 0];[1, 1.0, 0];RAISE:DivisionByZero;RAISE:DivisionByZero;RAISE:InvalidOperation;RAISE:InvalidOperation;[-1, 1.0, 0];[-1, 1.0, 0];[-1, 1.0, 0];[-1, 1.0, 0];[-1, 0.0, 0];[-1, 0.0, 0];[-1, 0.0, 0];[-1, 1.875, 3];[1, 0.0, 0];[1, 0.0, 0];[1, 1.0, 0];[1, 1.0, 0];RAISE:DivisionByZero;RAISE:DivisionByZero;RAISE:InvalidOperation;RAISE:InvalidOperation;[-1, 1.0, 0];[-1, 1.0, 0];[-1, 0.0, 0];[-1, 0.0, 0];[-1, 0.0, 0];[-1, 0.0, 0];[-1, 0.0, 0];[-1, 1.25, 3];[1, 0.0, 0];[1, 0.0, 0];[1, 0.0, 0];[1, 1.0, 0];RAISE:DivisionByZero;RAISE:DivisionByZero;RAISE:InvalidOperation;RAISE:InvalidOperation;[-1, 1.0, 0];[-1, 0.0, 0];[-1, 0.0, 0];[-1, 0.0, 0];[-1, 0.0, 0];[-1, 0.0, 0];[-1, 0.0, 0];[-1, 1.125, 3];[1, 0.0, 0];[1, 0.0, 0];[1, 0.0, 0];[1, 0.0, 0];RAISE:InvalidOperation;RAISE:InvalidOperation;[-1, 0.0, 0];[-1, 0.0, 0];[-1, 0.0, 0];[-1, 0.0, 0];[-1, 0.0, 0];[-1, 0.0, 0];[-1, 0.0, 0];[-1, 0.0, 0];[-1, 0.0, 0];[-1, 0.0, 0];[-1, 0.0, 0];[-1, 0.0, 0];[-1, 0.0, 0];[-1, 0.0, 0];RAISE:InvalidOperation;RAISE:InvalidOperation;[1, 0.0, 0];[1, 0.0, 0];[1, 0.0, 0];[1, 0.0, 0];[1, 0.0, 0];[1, 0.0, 0];[1, 0.0, 0];[1, 0.0, 0];[1, 0.0, 0];[1, 0.0, 0];[-1, 0.0, 0];[-1, 0.0, 0];[-1, 0.0, 0];[-1, 0.0, 0];RAISE:DivisionByZero;RAISE:DivisionByZero;[1, 1.0, 0];[1, 0.0, 0];[1, 0.0, 0];[1, 0.0, 0];[1, 0.0, 0];[1, 0.0, 0];[1, 0.0, 0];[1, 0.0, 0];[1, 0.0, 0];[1, 0.0, 0];[-1, 0.0, 0];[-1, 0.0, 0];[-1, 0.0, 0];[-1, 0.0, 0];RAISE:DivisionByZero;RAISE:DivisionByZero;[1, 1.9762625833649858364537976740394, 51];[1, 1.0, 0];[1, 0.0, 0];[1, 0.0, 0];[1, 0.0, 0];[1, 0.0, 0];[1, 0.0, 0];[1, 0.0, 0];[1, 0.0, 0];[1, 0.0, 0];[-1, 0.0, 0];[-1, 0.0, 0];[-1, 0.0, 0];[-1, 1.0, 0];RAISE:DivisionByZero;RAISE:DivisionByZero;RAISE:InvalidOperation;RAISE:InvalidOperation;[1, 1.0, 0];[1, 0.0, 0];[1, 0.0, 0];[1, 0.0, 0];[1, 0.0, 0];[1, 0.0, 0];[1, 0.0, 0];[1, 1.125, 3];[-1, 0.0, 0];[-1, 0.0, 0];[-1, 1.0, 0];[-1, 1.0, 0];RAISE:DivisionByZero;RAISE:DivisionByZero;RAISE:InvalidOperation;RAISE:InvalidOperation;[1, 1.0, 0];[1, 1.0, 0];[1, 0.0, 0];[1, 0.0, 0];[1, 0.0, 0];[1, 0.0, 0];[1, 0.0, 0];[1, 1.25, 3];[-1, 0.0, 0];[-1, 0.0, 0];[-1, 1.0, 0];[-1, 1.0, 0];RAISE:DivisionByZero;RAISE:DivisionByZero;RAISE:InvalidOperation;RAISE:InvalidOperation;[1, 1.0, 0];[1, 1.0, 0];[1, 1.0, 0];[1, 0.0, 0];[1, 0.0, 0];[1, 0.0, 0];[1, 0.0, 0];[1, 1.25, 3];[-1, 0.0, 0];[-1, 1.0, 0];[-1, 1.0, 0];[-1, 1.0, 0];RAISE:DivisionByZero;RAISE:DivisionByZero;RAISE:InvalidOperation;RAISE:InvalidOperation;[1, 1.0, 0];[1, 1.0, 0];[1, 1.0, 0];[1, 1.0, 0];[1, 0.0, 0];[1, 0.0, 0];[1, 0.0, 0];[1, 1.875, 3];[-1, 0.0, 0];[-1, 1.0, 1];[-1, 1.5, 1];[-1, 1.5, 1];RAISE:DivisionByZero;RAISE:DivisionByZero;RAISE:InvalidOperation;RAISE:InvalidOperation;[1, 1.5, 1];[1, 1.5, 1];[1, 1.5, 1];[1, 1.0, 1];[1, 1.0, 0];[1, 0.0, 0];[1, 0.0, 0];[1, 1.9375, 4];[-1, 0.0, 0];[-1, 1.3333333333333332593184650249896, 52];[-1, 1.0, 53];[-1, 1.0, 53];RAISE:DivisionByZero;RAISE:DivisionByZero;RAISE:InvalidOperation;RAISE:InvalidOperation;[1, 1.0, 53];[1, 1.0, 53];[1, 1.9999999999999995559107901499374, 52];[1, 1.3333333333333332593184650249896, 52];[1, 1.2732395447351625428211718826788, 51];[1, 1.0, 0];[1, 0.0, 0];[1, 1.25, 56];[-1, 1.0, 0];RAISE:InvalidOperation;RAISE:InvalidOperation;RAISE:InvalidOperation;RAISE:DivisionByZero;RAISE:DivisionByZero;RAISE:InvalidOperation;RAISE:InvalidOperation;RAISE:InvalidOperation;RAISE:InvalidOperation;RAISE:InvalidOperation;RAISE:InvalidOperation;RAISE:InvalidOperation;RAISE:InvalidOperation;[1, 1.0, 0];RAISE:InvalidOperation;[-1, 0.0, 0];[-1, 0.0, 0];[-1, 0.0, 0];[-1, 0.0, 0];RAISE:DivisionByZero;RAISE:DivisionByZero;RAISE:InvalidOperation;RAISE:InvalidOperation;[1, 0.0, 0];[1, 0.0, 0];[1, 0.0, 0];[1, 0.0, 0];[1, 0.0, 0];[1, 0.0, 0];[1, 0.0, 0];[1, 1.0, 0]",180,76
A16_7_8,1,fractional|fractional,Decimal,Fraction,"fractional/L1/16:-max_finite,-1.5,-1.0,-(1.0-1ulp),-0.0,+0.0,+min_subnormal,+min_normal,1.0-1ulp,1.0,1.0+1ulp,1.5,pi,2^53,max_finite,0.1","fractional/L1/15:-max_finite,-1.5,-1.0,-(1.0-1ulp),+0.0,+min_subnormal,+min_normal,1.0-1ulp,1.0,1.0+1ulp,1.5,pi,2^53,max_finite,0.1",240,RAISE:TypeError;RAISE:TypeError;RAISE:TypeError;RAISE:TypeError;RAISE:TypeError;RAISE:TypeError;RAISE:TypeError;RAISE:TypeError;RAISE:TypeError;RAISE:TypeError;RAISE:TypeError;RAISE:TypeError;RAISE:TypeError;RAISE:TypeError;RAISE:TypeError;RAISE:TypeError;RAISE:TypeError;RAISE:TypeError;RAISE:TypeError;RAISE:TypeError;RAISE:TypeError;RAISE:TypeError;RAISE:TypeError;RAISE:TypeError;RAISE:TypeError;RAISE:TypeError;RAISE:TypeError;RAISE:TypeError;RAISE:TypeError;RAISE:TypeError;RAISE:TypeError;RAISE:TypeError;RAISE:TypeError;RAISE:TypeError;RAISE:TypeError;RAISE:TypeError;RAISE:TypeError;RAISE:TypeError;RAISE:TypeError;RAISE:TypeError;RAISE:TypeError;RAISE:TypeError;RAISE:TypeError;RAISE:TypeError;RAISE:TypeError;RAISE:TypeError;RAISE:TypeError;RAISE:TypeError;RAISE:TypeError;RAISE:TypeError;RAISE:TypeError;RAISE:TypeError;RAISE:TypeError;RAISE:TypeError;RAISE:TypeError;RAISE:TypeError;RAISE:TypeError;RAISE:TypeError;RAISE:TypeError;RAISE:TypeError;RAISE:TypeError;RAISE:TypeError;RAISE:TypeError;RAISE:TypeError;RAISE:TypeError;RAISE:TypeError;RAISE:TypeError;RAISE:TypeError;RAISE:TypeError;RAISE:TypeError;RAISE:TypeError;RAISE:TypeError;RAISE:TypeError;RAISE:TypeError;RAISE:TypeError;RAISE:TypeError;RAISE:TypeError;RAISE:TypeError;RAISE:TypeError;RAISE:TypeError;RAISE:TypeError;RAISE:TypeError;RAISE:TypeError;RAISE:TypeError;RAISE:TypeError;RAISE:TypeError;RAISE:TypeError;RAISE:TypeError;RAISE:TypeError;RAISE:TypeError;RAISE:TypeError;RAISE:TypeError;RAISE:TypeError;RAISE:TypeError;RAISE:TypeError;RAISE:TypeError;RAISE:TypeError;RAISE:TypeError;RAISE:TypeError;RAISE:TypeError;RAISE:TypeError;RAISE:TypeError;RAISE:TypeError;RAISE:TypeError;RAISE:TypeError;RAISE:TypeError;RAISE:TypeError;RAISE:TypeError;RAISE:TypeError;RAISE:TypeError;RAISE:TypeError;RAISE:TypeError;RAISE:TypeError;RAISE:TypeError;RAISE:TypeError;RAISE:TypeError;RAISE:TypeError;RAISE:TypeError;RAISE:TypeError;RAISE:TypeError;RAISE:TypeError;RAISE:TypeError;RAISE:TypeError;RAISE:TypeError;RAISE:TypeError;RAISE:TypeError;RAISE:TypeError;RAISE:TypeError;RAISE:TypeError;RAISE:TypeError;RAISE:TypeError;RAISE:TypeError;RAISE:TypeError;RAISE:TypeError;RAISE:TypeError;RAISE:TypeError;RAISE:TypeError;RAISE:TypeError;RAISE:TypeError;RAISE:TypeError;RAISE:TypeError;RAISE:TypeError;RAISE:TypeError;RAISE:TypeError;RAISE:TypeError;RAISE:TypeError;RAISE:TypeError;RAISE:TypeError;RAISE:TypeError;RAISE:TypeError;RAISE:TypeError;RAISE:TypeError;RAISE:TypeError;RAISE:TypeError;RAISE:TypeError;RAISE:TypeError;RAISE:TypeError;RAISE:TypeError;RAISE:TypeError;RAISE:TypeError;RAISE:TypeError;RAISE:TypeError;RAISE:TypeError;RAISE:TypeError;RAISE:TypeError;RAISE:TypeError;RAISE:TypeError;RAISE:TypeError;RAISE:TypeError;RAISE:TypeError;RAISE:TypeError;RAISE:TypeError;RAISE:TypeError;RAISE:TypeError;RAISE:TypeError;RAISE:TypeError;RAISE:TypeError;RAISE:TypeError;RAISE:TypeError;RAISE:TypeError;RAISE:TypeError;RAISE:TypeError;RAISE:TypeError;RAISE:TypeError;RAISE:TypeError;RAISE:TypeError;RAISE:TypeError;RAISE:TypeError;RAISE:TypeError;RAISE:TypeError;RAISE:TypeError;RAISE:TypeError;RAISE:TypeError;RAISE:TypeError;RAISE:TypeError;RAISE:TypeError;RAISE:TypeError;RAISE:TypeError;RAISE:TypeError;RAISE:TypeError;RAISE:TypeError;RAISE:TypeError;RAISE:TypeError;RAISE:TypeError;RAISE:TypeError;RAISE:TypeError;RAISE:TypeError;RAISE:TypeError;RAISE:TypeError;RAISE:TypeError;RAISE:TypeError;RAISE:TypeError;RAISE:TypeError;RAISE:TypeError;RAISE:TypeError;RAISE:TypeError;RAISE:TypeError;RAISE:TypeError;RAISE:TypeError;RAISE:TypeError;RAISE:TypeError;RAISE:TypeError;RAISE:TypeError;RAISE:TypeError;RAISE:TypeError;RAISE:TypeError;RAISE:TypeError;RAISE:TypeError;RAISE:TypeError;RAISE:TypeError;RAISE:TypeError;RAISE:TypeError;RAISE:TypeError;RAISE:TypeError;RAISE:TypeError;RAISE:TypeError;RAISE:TypeError;RAISE:TypeError;RAISE:TypeError;RAISE:TypeError,0,240
A16_8_1,1,fractional|truth,Fraction,bool,"fractional/L1/15:-max_finite,-1.5,-1.0,-(1.0-1ulp),+0.0,+min_subnormal,+min_normal,1.0-1ulp,1.0,1.0+1ulp,1.5,pi,2^53,max_finite,0.1","truth/L1/6:true,false,0,1,"""",nil",90,"[-1, 1.9999999999999997779553950749687, 1023];RAISE:ZeroDivisionError;RAISE:ZeroDivisionError;[-1, 1.9999999999999997779553950749687, 1023];RAISE:TypeError;RAISE:TypeError;[-1, 1.0, 1];RAISE:ZeroDivisionError;RAISE:ZeroDivisionError;[-1, 1.0, 1];RAISE:TypeError;RAISE:TypeError;[-1, 1.0, 0];RAISE:ZeroDivisionError;RAISE:ZeroDivisionError;[-1, 1.0, 0];RAISE:TypeError;RAISE:TypeError;[-1, 1.0, 0];RAISE:ZeroDivisionError;RAISE:ZeroDivisionError;[-1, 1.0, 0];RAISE:TypeError;RAISE:TypeError;[1, 0.0, 0];RAISE:ZeroDivisionError;RAISE:ZeroDivisionError;[1, 0.0, 0];RAISE:TypeError;RAISE:TypeError;[1, 0.0, 0];RAISE:ZeroDivisionError;RAISE:ZeroDivisionError;[1, 0.0, 0];RAISE:TypeError;RAISE:TypeError;[1, 0.0, 0];RAISE:ZeroDivisionError;RAISE:ZeroDivisionError;[1, 0.0, 0];RAISE:TypeError;RAISE:TypeError;[1, 0.0, 0];RAISE:ZeroDivisionError;RAISE:ZeroDivisionError;[1, 0.0, 0];RAISE:TypeError;RAISE:TypeError;[1, 1.0, 0];RAISE:ZeroDivisionError;RAISE:ZeroDivisionError;[1, 1.0, 0];RAISE:TypeError;RAISE:TypeError;[1, 1.0, 0];RAISE:ZeroDivisionError;RAISE:ZeroDivisionError;[1, 1.0, 0];RAISE:TypeError;RAISE:TypeError;[1, 1.0, 0];RAISE:ZeroDivisionError;RAISE:ZeroDivisionError;[1, 1.0, 0];RAISE:TypeError;RAISE:TypeError;[1, 1.5, 1];RAISE:ZeroDivisionError;RAISE:ZeroDivisionError;[1, 1.5, 1];RAISE:TypeError;RAISE:TypeError;[1, 1.0, 53];RAISE:ZeroDivisionError;RAISE:ZeroDivisionError;[1, 1.0, 53];RAISE:TypeError;RAISE:TypeError;[1, 1.9999999999999997779553950749687, 1023];RAISE:ZeroDivisionError;RAISE:ZeroDivisionError;[1, 1.9999999999999997779553950749687, 1023];RAISE:TypeError;RAISE:TypeError;[1, 0.0, 0];RAISE:ZeroDivisionError;RAISE:ZeroDivisionError;[1, 0.0, 0];RAISE:TypeError;RAISE:TypeError",30,60
A16_8_2,1,fractional|whole,Fraction,int,"fractional/L1/15:-max_finite,-1.5,-1.0,-(1.0-1ulp),+0.0,+min_subnormal,+min_normal,1.0-1ulp,1.0,1.0+1ulp,1.5,pi,2^53,max_finite,0.1","whole/L1/17:-2^63,-2^63+1,-2^53-1,-2^31,-42,-1,0,1,7,42,1000,2^31-1,2^31,2^53-1,2^53+1,2^63-1,2^64-1",255,"[1, 1.9999999999999997779553950749687, 960];[1, 1.9999999999999997781722355094658, 960];[1, 1.9999999999999995559107901499374, 970];[1, 1.9999999999999997779553950749687, 992];[1, 1.5238095238095236403469676761666, 1018];[1, 1.9999999999999997779553950749687, 1023];RAISE:ZeroDivisionError;[-1, 1.9999999999999997779553950749687, 1023];[-1, 1.142857142857142730260225757125, 1021];[-1, 1.5238095238095236403469676761666, 1018];[-1, 1.023999999999999886313162278384, 1014];[-1, 1.0000000004656611765022771781961, 993];[-1, 1.9999999999999997779553950749687, 992];[-1, 1.0, 971];[-1, 1.9999999999999995559107901499374, 970];[-1, 1.9999999999999997781722355094658, 960];[-1, 1.9999999999999997780638152922172, 959];[1, 0.0, 0];[1, 0.0, 0];[1, 0.0, 0];[1, 0.0, 0];[1, 0.0, 0];[1, 1.0, 0];RAISE:ZeroDivisionError;[-1, 1.0, 1];[-1, 1.0, 0];[-1, 1.0, 0];[-1, 1.0, 0];[-1, 1.0, 0];[-1, 1.0, 0];[-1, 1.0, 0];[-1, 1.0, 0];[-1, 1.0, 0];[-1, 1.0, 0];[1, 0.0, 0];[1, 0.0, 0];[1, 0.0, 0];[1, 0.0, 0];[1, 0.0, 0];[1, 1.0, 0];RAISE:ZeroDivisionError;[-1, 1.0, 0];[-1, 1.0, 0];[-1, 1.0, 0];[-1, 1.0, 0];[-1, 1.0, 0];[-1, 1.0, 0];[-1, 1.0, 0];[-1, 1.0, 0];[-1, 1.0, 0];[-1, 1.0, 0];[1, 0.0, 0];[1, 0.0, 0];[1, 0.0, 0];[1, 0.0, 0];[1, 0.0, 0];[1, 0.0, 0];RAISE:ZeroDivisionError;[-1, 1.0, 0];[-1, 1.0, 0];[-1, 1.0, 0];[-1, 1.0, 0];[-1, 1.0, 0];[-1, 1.0, 0];[-1, 1.0, 0];[-1, 1.0, 0];[-1, 1.0, 0];[-1, 1.0, 0];[1, 0.0, 0];[1, 0.0, 0];[1, 0.0, 0];[1, 0.0, 0];[1, 0.0, 0];[1, 0.0, 0];RAISE:ZeroDivisionError;[1, 0.0, 0];[1, 0.0, 0];[1, 0.0, 0];[1, 0.0, 0];[1, 0.0, 0];[1, 0.0, 0];[1, 0.0, 0];[1, 0.0, 0];[1, 0.0, 0];[1, 0.0, 0];[-1, 1.0, 0];[-1, 1.0, 0];[-1, 1.0, 0];[-1, 1.0, 0];[-1, 1.0, 0];[-1, 1.0, 0];RAISE:ZeroDivisionError;[1, 0.0, 0];[1, 0.0, 0];[1, 0.0, 0];[1, 0.0, 0];[1, 0.0, 0];[1, 0.0, 0];[1, 0.0, 0];[1, 0.0, 0];[1, 0.0, 0];[1, 0.0, 0];[-1, 1.0, 0];[-1, 1.0, 0];[-1, 1.0, 0];[-1, 1.0, 0];[-1, 1.0, 0];[-1, 1.0, 0];RAISE:ZeroDivisionError;[1, 0.0, 0];[1, 0.0, 0];[1, 0.0, 0];[1, 0.0, 0];[1, 0.0, 0];[1, 0.0, 0];[1, 0.0, 0];[1, 0.0, 0];[1, 0.0, 0];[1, 0.0, 0];[-1, 1.0, 0];[-1, 1.0, 0];[-1, 1.0, 0];[-1, 1.0, 0];[-1, 1.0, 0];[-1, 1.0, 0];RAISE:ZeroDivisionError;[1, 0.0, 0];[1, 0.0, 0];[1, 0.0, 0];[1, 0.0, 0];[1, 0.0, 0];[1, 0.0, 0];[1, 0.0, 0];[1, 0.0, 0];[1, 0.0, 0];[1, 0.0, 0];[-1, 1.0, 0];[-1, 1.0, 0];[-1, 1.0, 0];[-1, 1.0, 0];[-1, 1.0, 0];[-1, 1.0, 0];RAISE:ZeroDivisionError;[1, 1.0, 0];[1, 0.0, 0];[1, 0.0, 0];[1, 0.0, 0];[1, 0.0, 0];[1, 0.0, 0];[1, 0.0, 0];[1, 0.0, 0];[1, 0.0, 0];[1, 0.0, 0];[-1, 1.0, 0];[-1, 1.0, 0];[-1, 1.0, 0];[-1, 1.0, 0];[-1, 1.0, 0];[-1, 1.0, 1];RAISE:ZeroDivisionError;[1, 1.0, 0];[1, 0.0, 0];[1, 0.0, 0];[1, 0.0, 0];[1, 0.0, 0];[1, 0.0, 0];[1, 0.0, 0];[1, 0.0, 0];[1, 0.0, 0];[1, 0.0, 0];[-1, 1.0, 0];[-1, 1.0, 0];[-1, 1.0, 0];[-1, 1.0, 0];[-1, 1.0, 0];[-1, 1.0, 1];RAISE:ZeroDivisionError;[1, 1.0, 0];[1, 0.0, 0];[1, 0.0, 0];[1, 0.0, 0];[1, 0.0, 0];[1, 0.0, 0];[1, 0.0, 0];[1, 0.0, 0];[1, 0.0, 0];[1, 0.0, 0];[-1, 1.0, 0];[-1, 1.0, 0];[-1, 1.0, 0];[-1, 1.0, 0];[-1, 1.0, 0];[-1, 1.0, 2];RAISE:ZeroDivisionError;[1, 1.5, 1];[1, 0.0, 0];[1, 0.0, 0];[1, 0.0, 0];[1, 0.0, 0];[1, 0.0, 0];[1, 0.0, 0];[1, 0.0, 0];[1, 0.0, 0];[1, 0.0, 0];[-1, 1.0, 0];[-1, 1.0, 0];[-1, 1.0, 0];[-1, 1.0, 22];[-1, 1.5238095238095255012922280002385, 47];[-1, 1.0, 53];RAISE:ZeroDivisionError;[1, 1.0, 53];[1, 1.1428571428571423496123315999284, 50];[1, 1.5238095238095183958648703992367, 47];[1, 1.0239999999998872226569801568985, 43];[1, 1.0, 22];[1, 1.0, 22];[1, 1.0, 0];[1, 0.0, 0];[1, 0.0, 0];[1, 0.0, 0];[-1, 1.9999999999999997779553950749687, 960];[-1, 1.9999999999999997781722355094658, 960];[-1, 1.9999999999999995559107901499374, 970];[-1, 1.9999999999999997779553950749687, 992];[-1, 1.5238095238095236403469676761666, 1018];[-1, 1.9999999999999997779553950749687, 1023];RAISE:ZeroDivisionError;[1, 1.9999999999999997779553950749687, 1023];[1, 1.142857142857142730260225757125, 1021];[1, 1.5238095238095236403469676761666, 1018];[1, 1.023999999999999886313162278384, 1014];[1, 1.0000000004656611765022771781961, 993];[1, 1.9999999999999997779553950749687, 992];[1, 1.0, 971];[1, 1.9999999999999995559107901499374, 970];[1, 1.9999999999999997781722355094658, 960];[1, 1.9999999999999997780638152922172, 959];[-1, 1.0, 0];[-1, 1.0, 0];[-1, 1.0, 0];[-1, 1.0, 0];[-1, 1.0, 0];[-1, 1.0, 0];RAISE:ZeroDivisionError;[1, 0.0, 0];[1, 0.0, 0];[1, 0.0, 0];[1, 0.0, 0];[1, 0.0, 0];[1, 0.0, 0];[1, 0.0, 0];[1, 0.0, 0];[1, 0.0, 0];[1, 0.0, 0]",240,15
A16_8_3,1,fractional|whole,Fraction,Decimal,"fractional/L1/15:-max_finite,-1.5,-1.0,-(1.0-1ulp),+0.0,+min_subnormal,+min_normal,1.0-1ulp,1.0,1.0+1ulp,1.5,pi,2^53,max_finite,0.1","whole/L1/17:-2^63,-2^63+1,-2^53-1,-2^31,-42,-1,0,1,7,42,1000,2^31-1,2^31,2^53-1,2^53+1,2^63-1,2^64-1",255,RAISE:TypeError;RAISE:TypeError;RAISE:TypeError;RAISE:TypeError;RAISE:TypeError;RAISE:TypeError;RAISE:TypeError;RAISE:TypeError;RAISE:TypeError;RAISE:TypeError;RAISE:TypeError;RAISE:TypeError;RAISE:TypeError;RAISE:TypeError;RAISE:TypeError;RAISE:TypeError;RAISE:TypeError;RAISE:TypeError;RAISE:TypeError;RAISE:TypeError;RAISE:TypeError;RAISE:TypeError;RAISE:TypeError;RAISE:TypeError;RAISE:TypeError;RAISE:TypeError;RAISE:TypeError;RAISE:TypeError;RAISE:TypeError;RAISE:TypeError;RAISE:TypeError;RAISE:TypeError;RAISE:TypeError;RAISE:TypeError;RAISE:TypeError;RAISE:TypeError;RAISE:TypeError;RAISE:TypeError;RAISE:TypeError;RAISE:TypeError;RAISE:TypeError;RAISE:TypeError;RAISE:TypeError;RAISE:TypeError;RAISE:TypeError;RAISE:TypeError;RAISE:TypeError;RAISE:TypeError;RAISE:TypeError;RAISE:TypeError;RAISE:TypeError;RAISE:TypeError;RAISE:TypeError;RAISE:TypeError;RAISE:TypeError;RAISE:TypeError;RAISE:TypeError;RAISE:TypeError;RAISE:TypeError;RAISE:TypeError;RAISE:TypeError;RAISE:TypeError;RAISE:TypeError;RAISE:TypeError;RAISE:TypeError;RAISE:TypeError;RAISE:TypeError;RAISE:TypeError;RAISE:TypeError;RAISE:TypeError;RAISE:TypeError;RAISE:TypeError;RAISE:TypeError;RAISE:TypeError;RAISE:TypeError;RAISE:TypeError;RAISE:TypeError;RAISE:TypeError;RAISE:TypeError;RAISE:TypeError;RAISE:TypeError;RAISE:TypeError;RAISE:TypeError;RAISE:TypeError;RAISE:TypeError;RAISE:TypeError;RAISE:TypeError;RAISE:TypeError;RAISE:TypeError;RAISE:TypeError;RAISE:TypeError;RAISE:TypeError;RAISE:TypeError;RAISE:TypeError;RAISE:TypeError;RAISE:TypeError;RAISE:TypeError;RAISE:TypeError;RAISE:TypeError;RAISE:TypeError;RAISE:TypeError;RAISE:TypeError;RAISE:TypeError;RAISE:TypeError;RAISE:TypeError;RAISE:TypeError;RAISE:TypeError;RAISE:TypeError;RAISE:TypeError;RAISE:TypeError;RAISE:TypeError;RAISE:TypeError;RAISE:TypeError;RAISE:TypeError;RAISE:TypeError;RAISE:TypeError;RAISE:TypeError;RAISE:TypeError;RAISE:TypeError;RAISE:TypeError;RAISE:TypeError;RAISE:TypeError;RAISE:TypeError;RAISE:TypeError;RAISE:TypeError;RAISE:TypeError;RAISE:TypeError;RAISE:TypeError;RAISE:TypeError;RAISE:TypeError;RAISE:TypeError;RAISE:TypeError;RAISE:TypeError;RAISE:TypeError;RAISE:TypeError;RAISE:TypeError;RAISE:TypeError;RAISE:TypeError;RAISE:TypeError;RAISE:TypeError;RAISE:TypeError;RAISE:TypeError;RAISE:TypeError;RAISE:TypeError;RAISE:TypeError;RAISE:TypeError;RAISE:TypeError;RAISE:TypeError;RAISE:TypeError;RAISE:TypeError;RAISE:TypeError;RAISE:TypeError;RAISE:TypeError;RAISE:TypeError;RAISE:TypeError;RAISE:TypeError;RAISE:TypeError;RAISE:TypeError;RAISE:TypeError;RAISE:TypeError;RAISE:TypeError;RAISE:TypeError;RAISE:TypeError;RAISE:TypeError;RAISE:TypeError;RAISE:TypeError;RAISE:TypeError;RAISE:TypeError;RAISE:TypeError;RAISE:TypeError;RAISE:TypeError;RAISE:TypeError;RAISE:TypeError;RAISE:TypeError;RAISE:TypeError;RAISE:TypeError;RAISE:TypeError;RAISE:TypeError;RAISE:TypeError;RAISE:TypeError;RAISE:TypeError;RAISE:TypeError;RAISE:TypeError;RAISE:TypeError;RAISE:TypeError;RAISE:TypeError;RAISE:TypeError;RAISE:TypeError;RAISE:TypeError;RAISE:TypeError;RAISE:TypeError;RAISE:TypeError;RAISE:TypeError;RAISE:TypeError;RAISE:TypeError;RAISE:TypeError;RAISE:TypeError;RAISE:TypeError;RAISE:TypeError;RAISE:TypeError;RAISE:TypeError;RAISE:TypeError;RAISE:TypeError;RAISE:TypeError;RAISE:TypeError;RAISE:TypeError;RAISE:TypeError;RAISE:TypeError;RAISE:TypeError;RAISE:TypeError;RAISE:TypeError;RAISE:TypeError;RAISE:TypeError;RAISE:TypeError;RAISE:TypeError;RAISE:TypeError;RAISE:TypeError;RAISE:TypeError;RAISE:TypeError;RAISE:TypeError;RAISE:TypeError;RAISE:TypeError;RAISE:TypeError;RAISE:TypeError;RAISE:TypeError;RAISE:TypeError;RAISE:TypeError;RAISE:TypeError;RAISE:TypeError;RAISE:TypeError;RAISE:TypeError;RAISE:TypeError;RAISE:TypeError;RAISE:TypeError;RAISE:TypeError;RAISE:TypeError;RAISE:TypeError;RAISE:TypeError;RAISE:TypeError;RAISE:TypeError;RAISE:TypeError;RAISE:TypeError;RAISE:TypeError;RAISE:TypeError;RAISE:TypeError;RAISE:TypeError;RAISE:TypeError;RAISE:TypeError;RAISE:TypeError;RAISE:TypeError;RAISE:TypeError;RAISE:TypeError;RAISE:TypeError;RAISE:TypeError;RAISE:TypeError,0,255
A16_8_4,1,fractional|whole,Fraction,Fraction,"fractional/L1/15:-max_finite,-1.5,-1.0,-(1.0-1ulp),+0.0,+min_subnormal,+min_normal,1.0-1ulp,1.0,1.0+1ulp,1.5,pi,2^53,max_finite,0.1","whole/L1/17:-2^63,-2^63+1,-2^53-1,-2^31,-42,-1,0,1,7,42,1000,2^31-1,2^31,2^53-1,2^53+1,2^63-1,2^64-1",255,"[1, 1.9999999999999997779553950749687, 960];[1, 1.9999999999999997781722355094658, 960];[1, 1.9999999999999995559107901499374, 970];[1, 1.9999999999999997779553950749687, 992];[1, 1.5238095238095236403469676761666, 1018];[1, 1.9999999999999997779553950749687, 1023];RAISE:ZeroDivisionError;[-1, 1.9999999999999997779553950749687, 1023];[-1, 1.142857142857142730260225757125, 1021];[-1, 1.5238095238095236403469676761666, 1018];[-1, 1.023999999999999886313162278384, 1014];[-1, 1.0000000004656611765022771781961, 993];[-1, 1.9999999999999997779553950749687, 992];[-1, 1.0, 971];[-1, 1.9999999999999995559107901499374, 970];[-1, 1.9999999999999997781722355094658, 960];[-1, 1.9999999999999997780638152922172, 959];[1, 0.0, 0];[1, 0.0, 0];[1, 0.0, 0];[1, 0.0, 0];[1, 0.0, 0];[1, 1.0, 0];RAISE:ZeroDivisionError;[-1, 1.0, 1];[-1, 1.0, 0];[-1, 1.0, 0];[-1, 1.0, 0];[-1, 1.0, 0];[-1, 1.0, 0];[-1, 1.0, 0];[-1, 1.0, 0];[-1, 1.0, 0];[-1, 1.0, 0];[1, 0.0, 0];[1, 0.0, 0];[1, 0.0, 0];[1, 0.0, 0];[1, 0.0, 0];[1, 1.0, 0];RAISE:ZeroDivisionError;[-1, 1.0, 0];[-1, 1.0, 0];[-1, 1.0, 0];[-1, 1.0, 0];[-1, 1.0, 0];[-1, 1.0, 0];[-1, 1.0, 0];[-1, 1.0, 0];[-1, 1.0, 0];[-1, 1.0, 0];[1, 0.0, 0];[1, 0.0, 0];[1, 0.0, 0];[1, 0.0, 0];[1, 0.0, 0];[1, 0.0, 0];RAISE:ZeroDivisionError;[-1, 1.0, 0];[-1, 1.0, 0];[-1, 1.0, 0];[-1, 1.0, 0];[-1, 1.0, 0];[-1, 1.0, 0];[-1, 1.0, 0];[-1, 1.0, 0];[-1, 1.0, 0];[-1, 1.0, 0];[1, 0.0, 0];[1, 0.0, 0];[1, 0.0, 0];[1, 0.0, 0];[1, 0.0, 0];[1, 0.0, 0];RAISE:ZeroDivisionError;[1, 0.0, 0];[1, 0.0, 0];[1, 0.0, 0];[1, 0.0, 0];[1, 0.0, 0];[1, 0.0, 0];[1, 0.0, 0];[1, 0.0, 0];[1, 0.0, 0];[1, 0.0, 0];[-1, 1.0, 0];[-1, 1.0, 0];[-1, 1.0, 0];[-1, 1.0, 0];[-1, 1.0, 0];[-1, 1.0, 0];RAISE:ZeroDivisionError;[1, 0.0, 0];[1, 0.0, 0];[1, 0.0, 0];[1, 0.0, 0];[1, 0.0, 0];[1, 0.0, 0];[1, 0.0, 0];[1, 0.0, 0];[1, 0.0, 0];[1, 0.0, 0];[-1, 1.0, 0];[-1, 1.0, 0];[-1, 1.0, 0];[-1, 1.0, 0];[-1, 1.0, 0];[-1, 1.0, 0];RAISE:ZeroDivisionError;[1, 0.0, 0];[1, 0.0, 0];[1, 0.0, 0];[1, 0.0, 0];[1, 0.0, 0];[1, 0.0, 0];[1, 0.0, 0];[1, 0.0, 0];[1, 0.0, 0];[1, 0.0, 0];[-1, 1.0, 0];[-1, 1.0, 0];[-1, 1.0, 0];[-1, 1.0, 0];[-1, 1.0, 0];[-1, 1.0, 0];RAISE:ZeroDivisionError;[1, 0.0, 0];[1, 0.0, 0];[1, 0.0, 0];[1, 0.0, 0];[1, 0.0, 0];[1, 0.0, 0];[1, 0.0, 0];[1, 0.0, 0];[1, 0.0, 0];[1, 0.0, 0];[-1, 1.0, 0];[-1, 1.0, 0];[-1, 1.0, 0];[-1, 1.0, 0];[-1, 1.0, 0];[-1, 1.0, 0];RAISE:ZeroDivisionError;[1, 1.0, 0];[1, 0.0, 0];[1, 0.0, 0];[1, 0.0, 0];[1, 0.0, 0];[1, 0.0, 0];[1, 0.0, 0];[1, 0.0, 0];[1, 0.0, 0];[1, 0.0, 0];[-1, 1.0, 0];[-1, 1.0, 0];[-1, 1.0, 0];[-1, 1.0, 0];[-1, 1.0, 0];[-1, 1.0, 1];RAISE:ZeroDivisionError;[1, 1.0, 0];[1, 0.0, 0];[1, 0.0, 0];[1, 0.0, 0];[1, 0.0, 0];[1, 0.0, 0];[1, 0.0, 0];[1, 0.0, 0];[1, 0.0, 0];[1, 0.0, 0];[-1, 1.0, 0];[-1, 1.0, 0];[-1, 1.0, 0];[-1, 1.0, 0];[-1, 1.0, 0];[-1, 1.0, 1];RAISE:ZeroDivisionError;[1, 1.0, 0];[1, 0.0, 0];[1, 0.0, 0];[1, 0.0, 0];[1, 0.0, 0];[1, 0.0, 0];[1, 0.0, 0];[1, 0.0, 0];[1, 0.0, 0];[1, 0.0, 0];[-1, 1.0, 0];[-1, 1.0, 0];[-1, 1.0, 0];[-1, 1.0, 0];[-1, 1.0, 0];[-1, 1.0, 2];RAISE:ZeroDivisionError;[1, 1.5, 1];[1, 0.0, 0];[1, 0.0, 0];[1, 0.0, 0];[1, 0.0, 0];[1, 0.0, 0];[1, 0.0, 0];[1, 0.0, 0];[1, 0.0, 0];[1, 0.0, 0];[-1, 1.0, 0];[-1, 1.0, 0];[-1, 1.0, 0];[-1, 1.0, 22];[-1, 1.5238095238095255012922280002385, 47];[-1, 1.0, 53];RAISE:ZeroDivisionError;[1, 1.0, 53];[1, 1.1428571428571423496123315999284, 50];[1, 1.5238095238095183958648703992367, 47];[1, 1.0239999999998872226569801568985, 43];[1, 1.0, 22];[1, 1.0, 22];[1, 1.0, 0];[1, 0.0, 0];[1, 0.0, 0];[1, 0.0, 0];[-1, 1.9999999999999997779553950749687, 960];[-1, 1.9999999999999997781722355094658, 960];[-1, 1.9999999999999995559107901499374, 970];[-1, 1.9999999999999997779553950749687, 992];[-1, 1.5238095238095236403469676761666, 1018];[-1, 1.9999999999999997779553950749687, 1023];RAISE:ZeroDivisionError;[1, 1.9999999999999997779553950749687, 1023];[1, 1.142857142857142730260225757125, 1021];[1, 1.5238095238095236403469676761666, 1018];[1, 1.023999999999999886313162278384, 1014];[1, 1.0000000004656611765022771781961, 993];[1, 1.9999999999999997779553950749687, 992];[1, 1.0, 971];[1, 1.9999999999999995559107901499374, 970];[1, 1.9999999999999997781722355094658, 960];[1, 1.9999999999999997780638152922172, 959];[-1, 1.0, 0];[-1, 1.0, 0];[-1, 1.0, 0];[-1, 1.0, 0];[-1, 1.0, 0];[-1, 1.0, 0];RAISE:ZeroDivisionError;[1, 0.0, 0];[1, 0.0, 0];[1, 0.0, 0];[1, 0.0, 0];[1, 0.0, 0];[1, 0.0, 0];[1, 0.0, 0];[1, 0.0, 0];[1, 0.0, 0];[1, 0.0, 0]",240,15
A16_8_5,1,fractional|whole,Fraction,c_int64,"fractional/L1/15:-max_finite,-1.5,-1.0,-(1.0-1ulp),+0.0,+min_subnormal,+min_normal,1.0-1ulp,1.0,1.0+1ulp,1.5,pi,2^53,max_finite,0.1","whole/L1/16:-2^63,-2^63+1,-2^53-1,-2^31,-42,-1,0,1,7,42,1000,2^31-1,2^31,2^53-1,2^53+1,2^63-1",240,"[1, 1.9999999999999997779553950749687, 960];[1, 1.9999999999999997781722355094658, 960];[1, 1.9999999999999995559107901499374, 970];[1, 1.9999999999999997779553950749687, 992];[1, 1.5238095238095236403469676761666, 1018];[1, 1.9999999999999997779553950749687, 1023];RAISE:ZeroDivisionError;[-1, 1.9999999999999997779553950749687, 1023];[-1, 1.142857142857142730260225757125, 1021];[-1, 1.5238095238095236403469676761666, 1018];[-1, 1.023999999999999886313162278384, 1014];[-1, 1.0000000004656611765022771781961, 993];[-1, 1.9999999999999997779553950749687, 992];[-1, 1.0, 971];[-1, 1.9999999999999995559107901499374, 970];[-1, 1.9999999999999997781722355094658, 960];[1, 0.0, 0];[1, 0.0, 0];[1, 0.0, 0];[1, 0.0, 0];[1, 0.0, 0];[1, 1.0, 0];RAISE:ZeroDivisionError;[-1, 1.0, 1];[-1, 1.0, 0];[-1, 1.0, 0];[-1, 1.0, 0];[-1, 1.0, 0];[-1, 1.0, 0];[-1, 1.0, 0];[-1, 1.0, 0];[-1, 1.0, 0];[1, 0.0, 0];[1, 0.0, 0];[1, 0.0, 0];[1, 0.0, 0];[1, 0.0, 0];[1, 1.0, 0];RAISE:ZeroDivisionError;[-1, 1.0, 0];[-1, 1.0, 0];[-1, 1.0, 0];[-1, 1.0, 0];[-1, 1.0, 0];[-1, 1.0, 0];[-1, 1.0, 0];[-1, 1.0, 0];[-1, 1.0, 0];[1, 0.0, 0];[1, 0.0, 0];[1, 0.0, 0];[1, 0.0, 0];[1, 0.0, 0];[1, 0.0, 0];RAISE:ZeroDivisionError;[-1, 1.0, 0];[-1, 1.0, 0];[-1, 1.0, 0];[-1, 1.0, 0];[-1, 1.0, 0];[-1, 1.0, 0];[-1, 1.0, 0];[-1, 1.0, 0];[-1, 1.0, 0];[1, 0.0, 0];[1, 0.0, 0];[1, 0.0, 0];[1, 0.0, 0];[1, 0.0, 0];[1, 0.0, 0];RAISE:ZeroDivisionError;[1, 0.0, 0];[1, 0.0, 0];[1, 0.0, 0];[1, 0.0, 0];[1, 0.0, 0];[1, 0.0, 0];[1, 0.0, 0];[1, 0.0, 0];[1, 0.0, 0];[-1, 1.0, 0];[-1, 1.0, 0];[-1, 1.0, 0];[-1, 1.0, 0];[-1, 1.0, 0];[-1, 1.0, 0];RAISE:ZeroDivisionError;[1, 0.0, 0];[1, 0.0, 0];[1, 0.0, 0];[1, 0.0, 0];[1, 0.0, 0];[1, 0.0, 0];[1, 0.0, 0];[1, 0.0, 0];[1, 0.0, 0];[-1, 1.0, 0];[-1, 1.0, 0];[-1, 1.0, 0];[-1, 1.0, 0];[-1, 1.0, 0];[-1, 1.0, 0];RAISE:ZeroDivisionError;[1, 0.0, 0];[1, 0.0, 0];[1, 0.0, 0];[1, 0.0, 0];[1, 0.0, 0];[1, 0.0, 0];[1, 0.0, 0];[1, 0.0, 0];[1, 0.0, 0];[-1, 1.0, 0];[-1, 1.0, 0];[-1, 1.0, 0];[-1, 1.0, 0];[-1, 1.0, 0];[-1, 1.0, 0];RAISE:ZeroDivisionError;[1, 0.0, 0];[1, 0.0, 0];[1, 0.0, 0];[1, 0.0, 0];[1, 0.0, 0];[1, 0.0, 0];[1, 0.0, 0];[1, 0.0, 0];[1, 0.0, 0];[-1, 1.0, 0];[-1, 1.0, 0];[-1, 1.0, 0];[-1, 1.0, 0];[-1, 1.0, 0];[-1, 1.0, 0];RAISE:ZeroDivisionError;[1, 1.0, 0];[1, 0.0, 0];[1, 0.0, 0];[1, 0.0, 0];[1, 0.0, 0];[1, 0.0, 0];[1, 0.0, 0];[1, 0.0, 0];[1, 0.0, 0];[-1, 1.0, 0];[-1, 1.0, 0];[-1, 1.0, 0];[-1, 1.0, 0];[-1, 1.0, 0];[-1, 1.0, 1];RAISE:ZeroDivisionError;[1, 1.0, 0];[1, 0.0, 0];[1, 0.0, 0];[1, 0.0, 0];[1, 0.0, 0];[1, 0.0, 0];[1, 0.0, 0];[1, 0.0, 0];[1, 0.0, 0];[-1, 1.0, 0];[-1, 1.0, 0];[-1, 1.0, 0];[-1, 1.0, 0];[-1, 1.0, 0];[-1, 1.0, 1];RAISE:ZeroDivisionError;[1, 1.0, 0];[1, 0.0, 0];[1, 0.0, 0];[1, 0.0, 0];[1, 0.0, 0];[1, 0.0, 0];[1, 0.0, 0];[1, 0.0, 0];[1, 0.0, 0];[-1, 1.0, 0];[-1, 1.0, 0];[-1, 1.0, 0];[-1, 1.0, 0];[-1, 1.0, 0];[-1, 1.0, 2];RAISE:ZeroDivisionError;[1, 1.5, 1];[1, 0.0, 0];[1, 0.0, 0];[1, 0.0, 0];[1, 0.0, 0];[1, 0.0, 0];[1, 0.0, 0];[1, 0.0, 0];[1, 0.0, 0];[-1, 1.0, 0];[-1, 1.0, 0];[-1, 1.0, 0];[-1, 1.0, 22];[-1, 1.5238095238095255012922280002385, 47];[-1, 1.0, 53];RAISE:ZeroDivisionError;[1, 1.0, 53];[1, 1.1428571428571423496123315999284, 50];[1, 1.5238095238095183958648703992367, 47];[1, 1.0239999999998872226569801568985, 43];[1, 1.0, 22];[1, 1.0, 22];[1, 1.0, 0];[1, 0.0, 0];[1, 0.0, 0];[-1, 1.9999999999999997779553950749687, 960];[-1, 1.9999999999999997781722355094658, 960];[-1, 1.9999999999999995559107901499374, 970];[-1, 1.9999999999999997779553950749687, 992];[-1, 1.5238095238095236403469676761666, 1018];[-1, 1.9999999999999997779553950749687, 1023];RAISE:ZeroDivisionError;[1, 1.9999999999999997779553950749687, 1023];[1, 1.142857142857142730260225757125, 1021];[1, 1.5238095238095236403469676761666, 1018];[1, 1.023999999999999886313162278384, 1014];[1, 1.0000000004656611765022771781961, 993];[1, 1.9999999999999997779553950749687, 992];[1, 1.0, 971];[1, 1.9999999999999995559107901499374, 970];[1, 1.9999999999999997781722355094658, 960];[-1, 1.0, 0];[-1, 1.0, 0];[-1, 1.0, 0];[-1, 1.0, 0];[-1, 1.0, 0];[-1, 1.0, 0];RAISE:ZeroDivisionError;[1, 0.0, 0];[1, 0.0, 0];[1, 0.0, 0];[1, 0.0, 0];[1, 0.0, 0];[1, 0.0, 0];[1, 0.0, 0];[1, 0.0, 0];[1, 0.0, 0]",225,15
A16_8_6,1,fractional|fractional,Fraction,float,"fractional/L1/15:-max_finite,-1.5,-1.0,-(1.0-1ulp),+0.0,+min_subnormal,+min_normal,1.0-1ulp,1.0,1.0+1ulp,1.5,pi,2^53,max_finite,0.1","fractional/L1/16:-max_finite,-1.5,-1.0,-(1.0-1ulp),-0.0,+0.0,+min_subnormal,+min_normal,1.0-1ulp,1.0,1.0+1ulp,1.5,pi,2^53,max_finite,0.1",240,"[1, 1.0, 0];[1, 1.3333333333333332593184650249896, 1023];[1, 1.9999999999999997779553950749687, 1023];[1, inf];RAISE:ZeroDivisionError;RAISE:ZeroDivisionError;[-1, inf];[-1, inf];[-1, inf];[-1, 1.9999999999999997779553950749687, 1023];[-1, 1.9999999999999993338661852249061, 1023];[-1, 1.3333333333333332593184650249896, 1023];[-1, 1.2732395447351625428211718826788, 1022];[-1, 1.9999999999999997779553950749687, 970];[-1, 1.0, 0];[-1, inf];[1, 0.0, 0];[1, 1.0, 0];[1, 1.0, 0];[1, 1.0, 0];RAISE:ZeroDivisionError;RAISE:ZeroDivisionError;[-1, inf];[-1, 1.5, 1022];[-1, 1.0, 1];[-1, 1.0, 1];[-1, 1.0, 1];[-1, 1.0, 0];[-1, 1.0, 0];[-1, 1.0, 0];[-1, 1.0, 0];[-1, 1.875, 3];[1, 0.0, 0];[1, 0.0, 0];[1, 1.0, 0];[1, 1.0, 0];RAISE:ZeroDivisionError;RAISE:ZeroDivisionError;[-1, inf];[-1, 1.0, 1022];[-1, 1.0, 1];[-1, 1.0, 0];[-1, 1.0, 0];[-1, 1.0, 0];[-1, 1.0, 0];[-1, 1.0, 0];[-1, 1.0, 0];[-1, 1.25, 3];[1, 0.0, 0];[1, 0.0, 0];[1, 0.0, 0];[1, 1.0, 0];RAISE:ZeroDivisionError;RAISE:ZeroDivisionError;[-1, inf];[-1, 1.9999999999999997779553950749687, 1021];[-1, 1.0, 0];[-1, 1.0, 0];[-1, 1.0, 0];[-1, 1.0, 0];[-1, 1.0, 0];[-1, 1.0, 0];[-1, 1.0, 0];[-1, 1.25, 3];[-1, 0.0, 0];[-1, 0.0, 0];[-1, 0.0, 0];[-1, 0.0, 0];RAISE:ZeroDivisionError;RAISE:ZeroDivisionError;[1, 0.0, 0];[1, 0.0, 0];[1, 0.0, 0];[1, 0.0, 0];[1, 0.0, 0];[1, 0.0, 0];[1, 0.0, 0];[1, 0.0, 0];[1, 0.0, 0];[1, 0.0, 0];[-1, 1.0, 0];[-1, 1.0, 0];[-1, 1.0, 0];[-1, 1.0, 0];RAISE:ZeroDivisionError;RAISE:ZeroDivisionError;[1, 1.0, 0];[1, 0.0, 0];[1, 0.0, 0];[1, 0.0, 0];[1, 0.0, 0];[1, 0.0, 0];[1, 0.0, 0];[1, 0.0, 0];[1, 0.0, 0];[1, 0.0, 0];[-1, 1.0, 0];[-1, 1.0, 0];[-1, 1.0, 0];[-1, 1.0, 0];RAISE:ZeroDivisionError;RAISE:ZeroDivisionError;[1, 1.0, 52];[1, 1.0, 0];[1, 0.0, 0];[1, 0.0, 0];[1, 0.0, 0];[1, 0.0, 0];[1, 0.0, 0];[1, 0.0, 0];[1, 0.0, 0];[1, 0.0, 0];[-1, 1.0, 0];[-1, 1.0, 0];[-1, 1.0, 0];[-1, 1.0, 0];RAISE:ZeroDivisionError;RAISE:ZeroDivisionError;[1, inf];[1, 1.9999999999999997779553950749687, 1021];[1, 1.0, 0];[1, 0.0, 0];[1, 0.0, 0];[1, 0.0, 0];[1, 0.0, 0];[1, 0.0, 0];[1, 0.0, 0];[1, 1.125, 3];[-1, 1.0, 0];[-1, 1.0, 0];[-1, 1.0, 0];[-1, 1.0, 1];RAISE:ZeroDivisionError;RAISE:ZeroDivisionError;[1, inf];[1, 1.0, 1022];[1, 1.0, 0];[1, 1.0, 0];[1, 0.0, 0];[1, 0.0, 0];[1, 0.0, 0];[1, 0.0, 0];[1, 0.0, 0];[1, 1.125, 3];[-1, 1.0, 0];[-1, 1.0, 0];[-1, 1.0, 1];[-1, 1.0, 1];RAISE:ZeroDivisionError;RAISE:ZeroDivisionError;[1, inf];[1, 1.0000000000000002220446049250313, 1022];[1, 1.0, 0];[1, 1.0, 0];[1, 1.0, 0];[1, 0.0, 0];[1, 0.0, 0];[1, 0.0, 0];[1, 0.0, 0];[1, 1.25, 3];[-1, 1.0, 0];[-1, 1.0, 0];[-1, 1.0, 1];[-1, 1.0, 1];RAISE:ZeroDivisionError;RAISE:ZeroDivisionError;[1, inf];[1, 1.5, 1022];[1, 1.0, 0];[1, 1.0, 0];[1, 1.0, 0];[1, 1.0, 0];[1, 0.0, 0];[1, 0.0, 0];[1, 0.0, 0];[1, 1.75, 3];[-1, 1.0, 0];[-1, 1.5, 1];[-1, 1.0, 2];[-1, 1.0, 2];RAISE:ZeroDivisionError;RAISE:ZeroDivisionError;[1, inf];[1, 1.5707963267948965579989817342721, 1023];[1, 1.5, 1];[1, 1.5, 1];[1, 1.5, 1];[1, 1.0, 1];[1, 1.0, 0];[1, 0.0, 0];[1, 0.0, 0];[1, 1.9375, 4];[-1, 1.0, 0];[-1, 1.3333333333333334813630699500209, 52];[-1, 1.0, 53];[-1, 1.0000000000000004440892098500626, 53];RAISE:ZeroDivisionError;RAISE:ZeroDivisionError;[1, inf];[1, inf];[1, 1.0000000000000002220446049250313, 53];[1, 1.0, 53];[1, 1.9999999999999995559107901499374, 52];[1, 1.3333333333333332593184650249896, 52];[1, 1.2732395447351625428211718826788, 51];[1, 1.0, 0];[1, 0.0, 0];[1, 1.25, 56];[-1, 1.0, 0];[-1, 1.3333333333333332593184650249896, 1023];[-1, 1.9999999999999997779553950749687, 1023];[-1, inf];RAISE:ZeroDivisionError;RAISE:ZeroDivisionError;[1, inf];[1, inf];[1, inf];[1, 1.9999999999999997779553950749687, 1023];[1, 1.9999999999999993338661852249061, 1023];[1, 1.3333333333333332593184650249896, 1023];[1, 1.2732395447351625428211718826788, 1022];[1, 1.9999999999999997779553950749687, 970];[1, 1.0, 0];[1, inf];[-1, 1.0, 0];[-1, 1.0, 0];[-1, 1.0, 0];[-1, 1.0, 0];RAISE:ZeroDivisionError;RAISE:ZeroDivisionError;[1, inf];[1, 1.6000000000000000888178419700125, 1018];[1, 0.0, 0];[1, 0.0, 0];[1, 0.0, 0];[1, 0.0, 0];[1, 0.0, 0];[1, 0.0, 0];[1, 0.0, 0];[1, 1.0, 0]",210,30
A16_8_7,1,fractional|fractional,Fraction,Decimal,"fractional/L1/15:-max_finite,-1.5,-1.0,-(1.0-1ulp),+0.0,+min_subnormal,+min_normal,1.0-1ulp,1.0,1.0+1ulp,1.5,pi,2^53,max_finite,0.1","fractional/L1/16:-max_finite,-1.5,-1.0,-(1.0-1ulp),-0.0,+0.0,+min_subnormal,+min_normal,1.0-1ulp,1.0,1.0+1ulp,1.5,pi,2^53,max_finite,0.1",240,RAISE:TypeError;RAISE:TypeError;RAISE:TypeError;RAISE:TypeError;RAISE:TypeError;RAISE:TypeError;RAISE:TypeError;RAISE:TypeError;RAISE:TypeError;RAISE:TypeError;RAISE:TypeError;RAISE:TypeError;RAISE:TypeError;RAISE:TypeError;RAISE:TypeError;RAISE:TypeError;RAISE:TypeError;RAISE:TypeError;RAISE:TypeError;RAISE:TypeError;RAISE:TypeError;RAISE:TypeError;RAISE:TypeError;RAISE:TypeError;RAISE:TypeError;RAISE:TypeError;RAISE:TypeError;RAISE:TypeError;RAISE:TypeError;RAISE:TypeError;RAISE:TypeError;RAISE:TypeError;RAISE:TypeError;RAISE:TypeError;RAISE:TypeError;RAISE:TypeError;RAISE:TypeError;RAISE:TypeError;RAISE:TypeError;RAISE:TypeError;RAISE:TypeError;RAISE:TypeError;RAISE:TypeError;RAISE:TypeError;RAISE:TypeError;RAISE:TypeError;RAISE:TypeError;RAISE:TypeError;RAISE:TypeError;RAISE:TypeError;RAISE:TypeError;RAISE:TypeError;RAISE:TypeError;RAISE:TypeError;RAISE:TypeError;RAISE:TypeError;RAISE:TypeError;RAISE:TypeError;RAISE:TypeError;RAISE:TypeError;RAISE:TypeError;RAISE:TypeError;RAISE:TypeError;RAISE:TypeError;RAISE:TypeError;RAISE:TypeError;RAISE:TypeError;RAISE:TypeError;RAISE:TypeError;RAISE:TypeError;RAISE:TypeError;RAISE:TypeError;RAISE:TypeError;RAISE:TypeError;RAISE:TypeError;RAISE:TypeError;RAISE:TypeError;RAISE:TypeError;RAISE:TypeError;RAISE:TypeError;RAISE:TypeError;RAISE:TypeError;RAISE:TypeError;RAISE:TypeError;RAISE:TypeError;RAISE:TypeError;RAISE:TypeError;RAISE:TypeError;RAISE:TypeError;RAISE:TypeError;RAISE:TypeError;RAISE:TypeError;RAISE:TypeError;RAISE:TypeError;RAISE:TypeError;RAISE:TypeError;RAISE:TypeError;RAISE:TypeError;RAISE:TypeError;RAISE:TypeError;RAISE:TypeError;RAISE:TypeError;RAISE:TypeError;RAISE:TypeError;RAISE:TypeError;RAISE:TypeError;RAISE:TypeError;RAISE:TypeError;RAISE:TypeError;RAISE:TypeError;RAISE:TypeError;RAISE:TypeError;RAISE:TypeError;RAISE:TypeError;RAISE:TypeError;RAISE:TypeError;RAISE:TypeError;RAISE:TypeError;RAISE:TypeError;RAISE:TypeError;RAISE:TypeError;RAISE:TypeError;RAISE:TypeError;RAISE:TypeError;RAISE:TypeError;RAISE:TypeError;RAISE:TypeError;RAISE:TypeError;RAISE:TypeError;RAISE:TypeError;RAISE:TypeError;RAISE:TypeError;RAISE:TypeError;RAISE:TypeError;RAISE:TypeError;RAISE:TypeError;RAISE:TypeError;RAISE:TypeError;RAISE:TypeError;RAISE:TypeError;RAISE:TypeError;RAISE:TypeError;RAISE:TypeError;RAISE:TypeError;RAISE:TypeError;RAISE:TypeError;RAISE:TypeError;RAISE:TypeError;RAISE:TypeError;RAISE:TypeError;RAISE:TypeError;RAISE:TypeError;RAISE:TypeError;RAISE:TypeError;RAISE:TypeError;RAISE:TypeError;RAISE:TypeError;RAISE:TypeError;RAISE:TypeError;RAISE:TypeError;RAISE:TypeError;RAISE:TypeError;RAISE:TypeError;RAISE:TypeError;RAISE:TypeError;RAISE:TypeError;RAISE:TypeError;RAISE:TypeError;RAISE:TypeError;RAISE:TypeError;RAISE:TypeError;RAISE:TypeError;RAISE:TypeError;RAISE:TypeError;RAISE:TypeError;RAISE:TypeError;RAISE:TypeError;RAISE:TypeError;RAISE:TypeError;RAISE:TypeError;RAISE:TypeError;RAISE:TypeError;RAISE:TypeError;RAISE:TypeError;RAISE:TypeError;RAISE:TypeError;RAISE:TypeError;RAISE:TypeError;RAISE:TypeError;RAISE:TypeError;RAISE:TypeError;RAISE:TypeError;RAISE:TypeError;RAISE:TypeError;RAISE:TypeError;RAISE:TypeError;RAISE:TypeError;RAISE:TypeError;RAISE:TypeError;RAISE:TypeError;RAISE:TypeError;RAISE:TypeError;RAISE:TypeError;RAISE:TypeError;RAISE:TypeError;RAISE:TypeError;RAISE:TypeError;RAISE:TypeError;RAISE:TypeError;RAISE:TypeError;RAISE:TypeError;RAISE:TypeError;RAISE:TypeError;RAISE:TypeError;RAISE:TypeError;RAISE:TypeError;RAISE:TypeError;RAISE:TypeError;RAISE:TypeError;RAISE:TypeError;RAISE:TypeError;RAISE:TypeError;RAISE:TypeError;RAISE:TypeError;RAISE:TypeError;RAISE:TypeError;RAISE:TypeError;RAISE:TypeError;RAISE:TypeError;RAISE:TypeError;RAISE:TypeError;RAISE:TypeError;RAISE:TypeError;RAISE:TypeError;RAISE:TypeError;RAISE:TypeError;RAISE:TypeError;RAISE:TypeError;RAISE:TypeError;RAISE:TypeError,0,240
A16_8_8,1,fractional|fractional,Fraction,Fraction,"fractional/L1/15:-max_finite,-1.5,-1.0,-(1.0-1ulp),+0.0,+min_subnormal,+min_normal,1.0-1ulp,1.0,1.0+1ulp,1.5,pi,2^53,max_finite,0.1","fractional/L1/15:-max_finite,-1.5,-1.0,-(1.0-1ulp),+0.0,+min_subnormal,+min_normal,1.0-1ulp,1.0,1.0+1ulp,1.5,pi,2^53,max_finite,0.1",225,"[1, 1.0, 0];[1, 1.3333333333333331853035967166458, 1023];[1, 1.9999999999999997779553950749687, 1023];[1, 1.0, 1024];RAISE:ZeroDivisionError;[-1, 1.9999999999999997779553950749687, 2097];[-1, 1.9999999999999997779553950749687, 2045];[-1, 1.0, 1024];[-1, 1.9999999999999997779553950749687, 1023];[-1, 1.9999999999999993338661852249062, 1023];[-1, 1.3333333333333331853035967166458, 1023];[-1, 1.2732395447351625944261495575212, 1022];[-1, 1.9999999999999997779553950749687, 970];[-1, 1.0, 0];[-1, 1.2499999999999997918331828827832, 1027];[1, 0.0, 0];[1, 1.0, 0];[1, 1.0, 0];[1, 1.0, 0];RAISE:ZeroDivisionError;[-1, 1.5, 1074];[-1, 1.5, 1022];[-1, 1.0, 1];[-1, 1.0, 1];[-1, 1.0, 1];[-1, 1.0, 0];[-1, 1.0, 0];[-1, 1.0, 0];[-1, 1.0, 0];[-1, 1.875, 3];[1, 0.0, 0];[1, 0.0, 0];[1, 1.0, 0];[1, 1.0, 0];RAISE:ZeroDivisionError;[-1, 1.0, 1074];[-1, 1.0, 1022];[-1, 1.0, 1];[-1, 1.0, 0];[-1, 1.0, 0];[-1, 1.0, 0];[-1, 1.0, 0];[-1, 1.0, 0];[-1, 1.0, 0];[-1, 1.25, 3];[1, 0.0, 0];[1, 0.0, 0];[1, 0.0, 0];[1, 1.0, 0];RAISE:ZeroDivisionError;[-1, 1.9999999999999997779553950749687, 1073];[-1, 1.9999999999999997779553950749687, 1021];[-1, 1.0, 0];[-1, 1.0, 0];[-1, 1.0, 0];[-1, 1.0, 0];[-1, 1.0, 0];[-1, 1.0, 0];[-1, 1.0, 0];[-1, 1.25, 3];[1, 0.0, 0];[1, 0.0, 0];[1, 0.0, 0];[1, 0.0, 0];RAISE:ZeroDivisionError;[1, 0.0, 0];[1, 0.0, 0];[1, 0.0, 0];[1, 0.0, 0];[1, 0.0, 0];[1, 0.0, 0];[1, 0.0, 0];[1, 0.0, 0];[1, 0.0, 0];[1, 0.0, 0];[-1, 1.0, 0];[-1, 1.0, 0];[-1, 1.0, 0];[-1, 1.0, 0];RAISE:ZeroDivisionError;[1, 1.0, 0];[1, 0.0, 0];[1, 0.0, 0];[1, 0.0, 0];[1, 0.0, 0];[1, 0.0, 0];[1, 0.0, 0];[1, 0.0, 0];[1, 0.0, 0];[1, 0.0, 0];[-1, 1.0, 0];[-1, 1.0, 0];[-1, 1.0, 0];[-1, 1.0, 0];RAISE:ZeroDivisionError;[1, 1.0, 52];[1, 1.0, 0];[1, 0.0, 0];[1, 0.0, 0];[1, 0.0, 0];[1, 0.0, 0];[1, 0.0, 0];[1, 0.0, 0];[1, 0.0, 0];[1, 0.0, 0];[-1, 1.0, 0];[-1, 1.0, 0];[-1, 1.0, 0];[-1, 1.0, 0];RAISE:ZeroDivisionError;[1, 1.9999999999999997779553950749687, 1073];[1, 1.9999999999999997779553950749687, 1021];[1, 1.0, 0];[1, 0.0, 0];[1, 0.0, 0];[1, 0.0, 0];[1, 0.0, 0];[1, 0.0, 0];[1, 0.0, 0];[1, 1.125, 3];[-1, 1.0, 0];[-1, 1.0, 0];[-1, 1.0, 0];[-1, 1.0, 1];RAISE:ZeroDivisionError;[1, 1.0, 1074];[1, 1.0, 1022];[1, 1.0, 0];[1, 1.0, 0];[1, 0.0, 0];[1, 0.0, 0];[1, 0.0, 0];[1, 0.0, 0];[1, 0.0, 0];[1, 1.125, 3];[-1, 1.0, 0];[-1, 1.0, 0];[-1, 1.0, 1];[-1, 1.0, 1];RAISE:ZeroDivisionError;[1, 1.0000000000000002220446049250313, 1074];[1, 1.0000000000000002220446049250313, 1022];[1, 1.0, 0];[1, 1.0, 0];[1, 1.0, 0];[1, 0.0, 0];[1, 0.0, 0];[1, 0.0, 0];[1, 0.0, 0];[1, 1.25, 3];[-1, 1.0, 0];[-1, 1.0, 0];[-1, 1.0, 1];[-1, 1.0, 1];RAISE:ZeroDivisionError;[1, 1.5, 1074];[1, 1.5, 1022];[1, 1.0, 0];[1, 1.0, 0];[1, 1.0, 0];[1, 1.0, 0];[1, 0.0, 0];[1, 0.0, 0];[1, 0.0, 0];[1, 1.75, 3];[-1, 1.0, 0];[-1, 1.5, 1];[-1, 1.0, 2];[-1, 1.0, 2];RAISE:ZeroDivisionError;[1, 1.5707963267948965579989817342721, 1075];[1, 1.5707963267948965579989817342721, 1023];[1, 1.5, 1];[1, 1.5, 1];[1, 1.5, 1];[1, 1.0, 1];[1, 1.0, 0];[1, 0.0, 0];[1, 0.0, 0];[1, 1.9375, 4];[-1, 1.0, 0];[-1, 1.3333333333333334813630699500209, 52];[-1, 1.0, 53];[-1, 1.0000000000000002220446049250313, 53];RAISE:ZeroDivisionError;[1, 1.0, 1127];[1, 1.0, 1075];[1, 1.0000000000000001110223024625157, 53];[1, 1.0, 53];[1, 1.9999999999999995559107901499374, 52];[1, 1.3333333333333332593184650249896, 52];[1, 1.2732395447351625428211718826788, 51];[1, 1.0, 0];[1, 0.0, 0];[1, 1.2499999999999999306110609609277, 56];[-1, 1.0, 0];[-1, 1.3333333333333331853035967166458, 1023];[-1, 1.9999999999999997779553950749687, 1023];[-1, 1.0, 1024];RAISE:ZeroDivisionError;[1, 1.9999999999999997779553950749687, 2097];[1, 1.9999999999999997779553950749687, 2045];[1, 1.0, 1024];[1, 1.9999999999999997779553950749687, 1023];[1, 1.9999999999999993338661852249062, 1023];[1, 1.3333333333333331853035967166458, 1023];[1, 1.2732395447351625944261495575212, 1022];[1, 1.9999999999999997779553950749687, 970];[1, 1.0, 0];[1, 1.2499999999999997918331828827832, 1027];[-1, 1.0, 0];[-1, 1.0, 0];[-1, 1.0, 0];[-1, 1.0, 0];RAISE:ZeroDivisionError;[1, 1.6000000000000000888178419700125, 1070];[1, 1.6000000000000000888178419700125, 1018];[1, 0.0, 0];[1, 0.0, 0];[1, 0.0, 0];[1, 0.0, 0];[1, 0.0, 0];[1, 0.0, 0];[1, 0.0, 0];[1, 1.0, 0]",210,15
