probe_id,level,form_pair,lhs_holder,rhs_holder,x_set_a,x_set_b,n_probes,output_canon_vector,n_values,n_declines
A4_1_1,1,truth|truth,bool,bool,"truth/L1/6:true,false,0,1,"""",nil","truth/L1/6:true,false,0,1,"""",nil",36,"[1, 0.0, 0];RAISE:ZeroDivisionError;RAISE:ZeroDivisionError;[1, 0.0, 0];RAISE:TypeError;RAISE:TypeError;[1, 0.0, 0];RAISE:ZeroDivisionError;RAISE:ZeroDivisionError;[1, 0.0, 0];RAISE:TypeError;RAISE:TypeError;[1, 0.0, 0];RAISE:ZeroDivisionError;RAISE:ZeroDivisionError;[1, 0.0, 0];RAISE:TypeError;RAISE:TypeError;[1, 0.0, 0];RAISE:ZeroDivisionError;RAISE:ZeroDivisionError;[1, 0.0, 0];RAISE:TypeError;RAISE:TypeError;RAISE:TypeError;RAISE:TypeError;RAISE:TypeError;RAISE:TypeError;RAISE:TypeError;RAISE:TypeError;RAISE:TypeError;RAISE:TypeError;RAISE:TypeError;RAISE:TypeError;RAISE:TypeError;RAISE:TypeError",8,28
A4_1_2,1,truth|whole,bool,int,"truth/L1/6:true,false,0,1,"""",nil","whole/L1/17:-2^63,-2^63+1,-2^53-1,-2^31,-42,-1,0,1,7,42,1000,2^31-1,2^31,2^53-1,2^53+1,2^63-1,2^64-1",102,"[-1, 1.9999999999999999997831595655029, 62];[-1, 1.9999999999999999995663191310058, 62];[-1, 1.0, 53];[-1, 1.999999999068677425384521484375, 30];[-1, 1.28125, 5];[1, 0.0, 0];RAISE:ZeroDivisionError;[1, 0.0, 0];[1, 1.0, 0];[1, 1.0, 0];[1, 1.0, 0];[1, 1.0, 0];[1, 1.0, 0];[1, 1.0, 0];[1, 1.0, 0];[1, 1.0, 0];[1, 1.0, 0];[1, 0.0, 0];[1, 0.0, 0];[1, 0.0, 0];[1, 0.0, 0];[1, 0.0, 0];[1, 0.0, 0];RAISE:ZeroDivisionError;[1, 0.0, 0];[1, 0.0, 0];[1, 0.0, 0];[1, 0.0, 0];[1, 0.0, 0];[1, 0.0, 0];[1, 0.0, 0];[1, 0.0, 0];[1, 0.0, 0];[1, 0.0, 0];[1, 0.0, 0];[1, 0.0, 0];[1, 0.0, 0];[1, 0.0, 0];[1, 0.0, 0];[1, 0.0, 0];RAISE:ZeroDivisionError;[1, 0.0, 0];[1, 0.0, 0];[1, 0.0, 0];[1, 0.0, 0];[1, 0.0, 0];[1, 0.0, 0];[1, 0.0, 0];[1, 0.0, 0];[1, 0.0, 0];[1, 0.0, 0];[-1, 1.9999999999999999997831595655029, 62];[-1, 1.9999999999999999995663191310058, 62];[-1, 1.0, 53];[-1, 1.999999999068677425384521484375, 30];[-1, 1.28125, 5];[1, 0.0, 0];RAISE:ZeroDivisionError;[1, 0.0, 0];[1, 1.0, 0];[1, 1.0, 0];[1, 1.0, 0];[1, 1.0, 0];[1, 1.0, 0];[1, 1.0, 0];[1, 1.0, 0];[1, 1.0, 0];[1, 1.0, 0];RAISE:TypeError;RAISE:TypeError;RAISE:TypeError;RAISE:TypeError;RAISE:TypeError;RAISE:TypeError;RAISE:TypeError;RAISE:TypeError;RAISE:TypeError;RAISE:TypeError;RAISE:TypeError;RAISE:TypeError;RAISE:TypeError;RAISE:TypeError;RAISE:TypeError;RAISE:TypeError;RAISE:TypeError;RAISE:TypeError;RAISE:TypeError;RAISE:TypeError;RAISE:TypeError;RAISE:TypeError;RAISE:TypeError;RAISE:TypeError;RAISE:TypeError;RAISE:TypeError;RAISE:TypeError;RAISE:TypeError;RAISE:TypeError;RAISE:TypeError;RAISE:TypeError;RAISE:TypeError;RAISE:TypeError;RAISE:TypeError",64,38
A4_1_3,1,truth|whole,bool,Decimal,"truth/L1/6:true,false,0,1,"""",nil","whole/L1/17:-2^63,-2^63+1,-2^53-1,-2^31,-42,-1,0,1,7,42,1000,2^31-1,2^31,2^53-1,2^53+1,2^63-1,2^64-1",102,"[1, 1.0, 0];[1, 1.0, 0];[1, 1.0, 0];[1, 1.0, 0];[1, 1.0, 0];[1, 0.0, 0];RAISE:InvalidOperation;[1, 0.0, 0];[1, 1.0, 0];[1, 1.0, 0];[1, 1.0, 0];[1, 1.0, 0];[1, 1.0, 0];[1, 1.0, 0];[1, 1.0, 0];[1, 1.0, 0];[1, 1.0, 0];[1, 0.0, 0];[1, 0.0, 0];[1, 0.0, 0];[1, 0.0, 0];[1, 0.0, 0];[1, 0.0, 0];RAISE:InvalidOperation;[1, 0.0, 0];[1, 0.0, 0];[1, 0.0, 0];[1, 0.0, 0];[1, 0.0, 0];[1, 0.0, 0];[1, 0.0, 0];[1, 0.0, 0];[1, 0.0, 0];[1, 0.0, 0];[1, 0.0, 0];[1, 0.0, 0];[1, 0.0, 0];[1, 0.0, 0];[1, 0.0, 0];[1, 0.0, 0];RAISE:InvalidOperation;[1, 0.0, 0];[1, 0.0, 0];[1, 0.0, 0];[1, 0.0, 0];[1, 0.0, 0];[1, 0.0, 0];[1, 0.0, 0];[1, 0.0, 0];[1, 0.0, 0];[1, 0.0, 0];[1, 1.0, 0];[1, 1.0, 0];[1, 1.0, 0];[1, 1.0, 0];[1, 1.0, 0];[1, 0.0, 0];RAISE:InvalidOperation;[1, 0.0, 0];[1, 1.0, 0];[1, 1.0, 0];[1, 1.0, 0];[1, 1.0, 0];[1, 1.0, 0];[1, 1.0, 0];[1, 1.0, 0];[1, 1.0, 0];[1, 1.0, 0];RAISE:TypeError;RAISE:TypeError;RAISE:TypeError;RAISE:TypeError;RAISE:TypeError;RAISE:TypeError;RAISE:TypeError;RAISE:TypeError;RAISE:TypeError;RAISE:TypeError;RAISE:TypeError;RAISE:TypeError;RAISE:TypeError;RAISE:TypeError;RAISE:TypeError;RAISE:TypeError;RAISE:TypeError;RAISE:TypeError;RAISE:TypeError;RAISE:TypeError;RAISE:TypeError;RAISE:TypeError;RAISE:TypeError;RAISE:TypeError;RAISE:TypeError;RAISE:TypeError;RAISE:TypeError;RAISE:TypeError;RAISE:TypeError;RAISE:TypeError;RAISE:TypeError;RAISE:TypeError;RAISE:TypeError;RAISE:TypeError",64,38
A4_1_4,1,truth|whole,bool,Fraction,"truth/L1/6:true,false,0,1,"""",nil","whole/L1/17:-2^63,-2^63+1,-2^53-1,-2^31,-42,-1,0,1,7,42,1000,2^31-1,2^31,2^53-1,2^53+1,2^63-1,2^64-1",102,"[-1, 1.9999999999999999997831595655029, 62];[-1, 1.9999999999999999995663191310058, 62];[-1, 1.0, 53];[-1, 1.999999999068677425384521484375, 30];[-1, 1.28125, 5];[1, 0.0, 0];RAISE:ZeroDivisionError;[1, 0.0, 0];[1, 1.0, 0];[1, 1.0, 0];[1, 1.0, 0];[1, 1.0, 0];[1, 1.0, 0];[1, 1.0, 0];[1, 1.0, 0];[1, 1.0, 0];[1, 1.0, 0];[1, 0.0, 0];[1, 0.0, 0];[1, 0.0, 0];[1, 0.0, 0];[1, 0.0, 0];[1, 0.0, 0];RAISE:ZeroDivisionError;[1, 0.0, 0];[1, 0.0, 0];[1, 0.0, 0];[1, 0.0, 0];[1, 0.0, 0];[1, 0.0, 0];[1, 0.0, 0];[1, 0.0, 0];[1, 0.0, 0];[1, 0.0, 0];[1, 0.0, 0];[1, 0.0, 0];[1, 0.0, 0];[1, 0.0, 0];[1, 0.0, 0];[1, 0.0, 0];RAISE:ZeroDivisionError;[1, 0.0, 0];[1, 0.0, 0];[1, 0.0, 0];[1, 0.0, 0];[1, 0.0, 0];[1, 0.0, 0];[1, 0.0, 0];[1, 0.0, 0];[1, 0.0, 0];[1, 0.0, 0];[-1, 1.9999999999999999997831595655029, 62];[-1, 1.9999999999999999995663191310058, 62];[-1, 1.0, 53];[-1, 1.999999999068677425384521484375, 30];[-1, 1.28125, 5];[1, 0.0, 0];RAISE:ZeroDivisionError;[1, 0.0, 0];[1, 1.0, 0];[1, 1.0, 0];[1, 1.0, 0];[1, 1.0, 0];[1, 1.0, 0];[1, 1.0, 0];[1, 1.0, 0];[1, 1.0, 0];[1, 1.0, 0];RAISE:TypeError;RAISE:TypeError;RAISE:TypeError;RAISE:TypeError;RAISE:TypeError;RAISE:TypeError;RAISE:TypeError;RAISE:TypeError;RAISE:TypeError;RAISE:TypeError;RAISE:TypeError;RAISE:TypeError;RAISE:TypeError;RAISE:TypeError;RAISE:TypeError;RAISE:TypeError;RAISE:TypeError;RAISE:TypeError;RAISE:TypeError;RAISE:TypeError;RAISE:TypeError;RAISE:TypeError;RAISE:TypeError;RAISE:TypeError;RAISE:TypeError;RAISE:TypeError;RAISE:TypeError;RAISE:TypeError;RAISE:TypeError;RAISE:TypeError;RAISE:TypeError;RAISE:TypeError;RAISE:TypeError;RAISE:TypeError",64,38
A4_1_5,1,truth|whole,bool,c_int64,"truth/L1/6:true,false,0,1,"""",nil","whole/L1/16:-2^63,-2^63+1,-2^53-1,-2^31,-42,-1,0,1,7,42,1000,2^31-1,2^31,2^53-1,2^53+1,2^63-1",96,"[-1, 1.9999999999999999997831595655029, 62];[-1, 1.9999999999999999995663191310058, 62];[-1, 1.0, 53];[-1, 1.999999999068677425384521484375, 30];[-1, 1.28125, 5];[1, 0.0, 0];RAISE:ZeroDivisionError;[1, 0.0, 0];[1, 1.0, 0];[1, 1.0, 0];[1, 1.0, 0];[1, 1.0, 0];[1, 1.0, 0];[1, 1.0, 0];[1, 1.0, 0];[1, 1.0, 0];[1, 0.0, 0];[1, 0.0, 0];[1, 0.0, 0];[1, 0.0, 0];[1, 0.0, 0];[1, 0.0, 0];RAISE:ZeroDivisionError;[1, 0.0, 0];[1, 0.0, 0];[1, 0.0, 0];[1, 0.0, 0];[1, 0.0, 0];[1, 0.0, 0];[1, 0.0, 0];[1, 0.0, 0];[1, 0.0, 0];[1, 0.0, 0];[1, 0.0, 0];[1, 0.0, 0];[1, 0.0, 0];[1, 0.0, 0];[1, 0.0, 0];RAISE:ZeroDivisionError;[1, 0.0, 0];[1, 0.0, 0];[1, 0.0, 0];[1, 0.0, 0];[1, 0.0, 0];[1, 0.0, 0];[1, 0.0, 0];[1, 0.0, 0];[1, 0.0, 0];[-1, 1.9999999999999999997831595655029, 62];[-1, 1.9999999999999999995663191310058, 62];[-1, 1.0, 53];[-1, 1.999999999068677425384521484375, 30];[-1, 1.28125, 5];[1, 0.0, 0];RAISE:ZeroDivisionError;[1, 0.0, 0];[1, 1.0, 0];[1, 1.0, 0];[1, 1.0, 0];[1, 1.0, 0];[1, 1.0, 0];[1, 1.0, 0];[1, 1.0, 0];[1, 1.0, 0];RAISE:TypeError;RAISE:TypeError;RAISE:TypeError;RAISE:TypeError;RAISE:TypeError;RAISE:TypeError;RAISE:TypeError;RAISE:TypeError;RAISE:TypeError;RAISE:TypeError;RAISE:TypeError;RAISE:TypeError;RAISE:TypeError;RAISE:TypeError;RAISE:TypeError;RAISE:TypeError;RAISE:TypeError;RAISE:TypeError;RAISE:TypeError;RAISE:TypeError;RAISE:TypeError;RAISE:TypeError;RAISE:TypeError;RAISE:TypeError;RAISE:TypeError;RAISE:TypeError;RAISE:TypeError;RAISE:TypeError;RAISE:TypeError;RAISE:TypeError;RAISE:TypeError;RAISE:TypeError",60,36
A4_1_6,1,truth|fractional,bool,float,"truth/L1/6:true,false,0,1,"""",nil","fractional/L1/16:-max_finite,-1.5,-1.0,-(1.0-1ulp),-0.0,+0.0,+min_subnormal,+min_normal,1.0-1ulp,1.0,1.0+1ulp,1.5,pi,2^53,max_finite,0.1",96,"[-1, 1.9999999999999997779553950749687, 1023];[-1, 1.0, -1];[-1, 0.0, 0];[-1, 1.9999999999999995559107901499374, -1];RAISE:ZeroDivisionError;RAISE:ZeroDivisionError;[1, 0.0, 0];[1, 0.0, 0];[1, 1.0, -53];[1, 0.0, 0];[1, 1.0, 0];[1, 1.0, 0];[1, 1.0, 0];[1, 1.0, 0];[1, 1.0, 0];[1, 1.5999999999999992006394222698873, -4];[-1, 0.0, 0];[-1, 0.0, 0];[-1, 0.0, 0];[-1, 0.0, 0];RAISE:ZeroDivisionError;RAISE:ZeroDivisionError;[1, 0.0, 0];[1, 0.0, 0];[1, 0.0, 0];[1, 0.0, 0];[1, 0.0, 0];[1, 0.0, 0];[1, 0.0, 0];[1, 0.0, 0];[1, 0.0, 0];[1, 0.0, 0];[-1, 0.0, 0];[-1, 0.0, 0];[-1, 0.0, 0];[-1, 0.0, 0];RAISE:ZeroDivisionError;RAISE:ZeroDivisionError;[1, 0.0, 0];[1, 0.0, 0];[1, 0.0, 0];[1, 0.0, 0];[1, 0.0, 0];[1, 0.0, 0];[1, 0.0, 0];[1, 0.0, 0];[1, 0.0, 0];[1, 0.0, 0];[-1, 1.9999999999999997779553950749687, 1023];[-1, 1.0, -1];[-1, 0.0, 0];[-1, 1.9999999999999995559107901499374, -1];RAISE:ZeroDivisionError;RAISE:ZeroDivisionError;[1, 0.0, 0];[1, 0.0, 0];[1, 1.0, -53];[1, 0.0, 0];[1, 1.0, 0];[1, 1.0, 0];[1, 1.0, 0];[1, 1.0, 0];[1, 1.0, 0];[1, 1.5999999999999992006394222698873, -4];RAISE:TypeError;RAISE:TypeError;RAISE:TypeError;RAISE:TypeError;RAISE:TypeError;RAISE:TypeError;RAISE:TypeError;RAISE:TypeError;RAISE:TypeError;RAISE:TypeError;RAISE:TypeError;RAISE:TypeError;RAISE:TypeError;RAISE:TypeError;RAISE:TypeError;RAISE:TypeError;RAISE:TypeError;RAISE:TypeError;RAISE:TypeError;RAISE:TypeError;RAISE:TypeError;RAISE:TypeError;RAISE:TypeError;RAISE:TypeError;RAISE:TypeError;RAISE:TypeError;RAISE:TypeError;RAISE:TypeError;RAISE:TypeError;RAISE:TypeError;RAISE:TypeError;RAISE:TypeError",56,40
A4_1_7,1,truth|fractional,bool,Decimal,"truth/L1/6:true,false,0,1,"""",nil","fractional/L1/16:-max_finite,-1.5,-1.0,-(1.0-1ulp),-0.0,+0.0,+min_subnormal,+min_normal,1.0-1ulp,1.0,1.0+1ulp,1.5,pi,2^53,max_finite,0.1",96,"[1, 1.0, 0];[1, 1.0, 0];[1, 0.0, 0];[1, 1.8014398509481984, -54];RAISE:InvalidOperation;RAISE:InvalidOperation;RAISE:InvalidOperation;RAISE:InvalidOperation;[1, 1.8014398509481984, -54];[1, 0.0, 0];[1, 1.0, 0];[1, 1.0, 0];[1, 1.0, 0];[1, 1.0, 0];[1, 1.0, 0];[1, 0.0, 0];[1, 0.0, 0];[1, 0.0, 0];[1, 0.0, 0];[1, 0.0, 0];RAISE:InvalidOperation;RAISE:InvalidOperation;[1, 0.0, 0];[1, 0.0, 0];[1, 0.0, 0];[1, 0.0, 0];[1, 0.0, 0];[1, 0.0, 0];[1, 0.0, 0];[1, 0.0, 0];[1, 0.0, 0];[1, 0.0, 0];[1, 0.0, 0];[1, 0.0, 0];[1, 0.0, 0];[1, 0.0, 0];RAISE:InvalidOperation;RAISE:InvalidOperation;[1, 0.0, 0];[1, 0.0, 0];[1, 0.0, 0];[1, 0.0, 0];[1, 0.0, 0];[1, 0.0, 0];[1, 0.0, 0];[1, 0.0, 0];[1, 0.0, 0];[1, 0.0, 0];[1, 1.0, 0];[1, 1.0, 0];[1, 0.0, 0];[1, 1.8014398509481984, -54];RAISE:InvalidOperation;RAISE:InvalidOperation;RAISE:InvalidOperation;RAISE:InvalidOperation;[1, 1.8014398509481984, -54];[1, 0.0, 0];[1, 1.0, 0];[1, 1.0, 0];[1, 1.0, 0];[1, 1.0, 0];[1, 1.0, 0];[1, 0.0, 0];RAISE:TypeError;RAISE:TypeError;RAISE:TypeError;RAISE:TypeError;RAISE:TypeError;RAISE:TypeError;RAISE:TypeError;RAISE:TypeError;RAISE:TypeError;RAISE:TypeError;RAISE:TypeError;RAISE:TypeError;RAISE:TypeError;RAISE:TypeError;RAISE:TypeError;RAISE:TypeError;RAISE:TypeError;RAISE:TypeError;RAISE:TypeError;RAISE:TypeError;RAISE:TypeError;RAISE:TypeError;RAISE:TypeError;RAISE:TypeError;RAISE:TypeError;RAISE:TypeError;RAISE:TypeError;RAISE:TypeError;RAISE:TypeError;RAISE:TypeError;RAISE:TypeError;RAISE:TypeError",52,44
A4_1_8,1,truth|fractional,bool,Fraction,"truth/L1/6:true,false,0,1,"""",nil","fractional/L1/15:-max_finite,-1.5,-1.0,-(1.0-1ulp),+0.0,+min_subnormal,+min_normal,1.0-1ulp,1.0,1.0+1ulp,1.5,pi,2^53,max_finite,0.1",90,"[-1, 1.9999999999999997779553950749687, 1023];[-1, 1.0, -1];[1, 0.0, 0];[-1, 1.9999999999999995559107901499374, -1];RAISE:ZeroDivisionError;[1, 0.0, 0];[1, 0.0, 0];[1, 1.0, -53];[1, 0.0, 0];[1, 1.0, 0];[1, 1.0, 0];[1, 1.0, 0];[1, 1.0, 0];[1, 1.0, 0];[1, 1.5999999999999992006394222698873, -4];[1, 0.0, 0];[1, 0.0, 0];[1, 0.0, 0];[1, 0.0, 0];RAISE:ZeroDivisionError;[1, 0.0, 0];[1, 0.0, 0];[1, 0.0, 0];[1, 0.0, 0];[1, 0.0, 0];[1, 0.0, 0];[1, 0.0, 0];[1, 0.0, 0];[1, 0.0, 0];[1, 0.0, 0];[1, 0.0, 0];[1, 0.0, 0];[1, 0.0, 0];[1, 0.0, 0];RAISE:ZeroDivisionError;[1, 0.0, 0];[1, 0.0, 0];[1, 0.0, 0];[1, 0.0, 0];[1, 0.0, 0];[1, 0.0, 0];[1, 0.0, 0];[1, 0.0, 0];[1, 0.0, 0];[1, 0.0, 0];[-1, 1.9999999999999997779553950749687, 1023];[-1, 1.0, -1];[1, 0.0, 0];[-1, 1.9999999999999995559107901499374, -1];RAISE:ZeroDivisionError;[1, 0.0, 0];[1, 0.0, 0];[1, 1.0, -53];[1, 0.0, 0];[1, 1.0, 0];[1, 1.0, 0];[1, 1.0, 0];[1, 1.0, 0];[1, 1.0, 0];[1, 1.5999999999999992006394222698873, -4];RAISE:TypeError;RAISE:TypeError;RAISE:TypeError;RAISE:TypeError;RAISE:TypeError;RAISE:TypeError;RAISE:TypeError;RAISE:TypeError;RAISE:TypeError;RAISE:TypeError;RAISE:TypeError;RAISE:TypeError;RAISE:TypeError;RAISE:TypeError;RAISE:TypeError;RAISE:TypeError;RAISE:TypeError;RAISE:TypeError;RAISE:TypeError;RAISE:TypeError;RAISE:TypeError;RAISE:TypeError;RAISE:TypeError;RAISE:TypeError;RAISE:TypeError;RAISE:TypeError;RAISE:TypeError;RAISE:TypeError;RAISE:TypeError;RAISE:TypeError",56,34
A4_2_1,1,whole|truth,int,bool,"whole/L1/17:-2^63,-2^63+1,-2^53-1,-2^31,-42,-1,0,1,7,42,1000,2^31-1,2^31,2^53-1,2^53+1,2^63-1,2^64-1","truth/L1/6:true,false,0,1,"""",nil",102,"[1, 0.0, 0];RAISE:ZeroDivisionError;RAISE:ZeroDivisionError;[1, 0.0, 0];RAISE:TypeError;RAISE:TypeError;[1, 0.0, 0];RAISE:ZeroDivisionError;RAISE:ZeroDivisionError;[1, 0.0, 0];RAISE:TypeError;RAISE:TypeError;[1, 0.0, 0];RAISE:ZeroDivisionError;RAISE:ZeroDivisionError;[1, 0.0, 0];RAISE:TypeError;RAISE:TypeError;[1, 0.0, 0];RAISE:ZeroDivisionError;RAISE:ZeroDivisionError;[1, 0.0, 0];RAISE:TypeError;RAISE:TypeError;[1, 0.0, 0];RAISE:ZeroDivisionError;RAISE:ZeroDivisionError;[1, 0.0, 0];RAISE:TypeError;RAISE:TypeError;[1, 0.0, 0];RAISE:ZeroDivisionError;RAISE:ZeroDivisionError;[1, 0.0, 0];RAISE:TypeError;RAISE:TypeError;[1, 0.0, 0];RAISE:ZeroDivisionError;RAISE:ZeroDivisionError;[1, 0.0, 0];RAISE:TypeError;RAISE:TypeError;[1, 0.0, 0];RAISE:ZeroDivisionError;RAISE:ZeroDivisionError;[1, 0.0, 0];RAISE:TypeError;RAISE:TypeError;[1, 0.0, 0];RAISE:ZeroDivisionError;RAISE:ZeroDivisionError;[1, 0.0, 0];RAISE:TypeError;RAISE:TypeError;[1, 0.0, 0];RAISE:ZeroDivisionError;RAISE:ZeroDivisionError;[1, 0.0, 0];RAISE:TypeError;RAISE:TypeError;[1, 0.0, 0];RAISE:ZeroDivisionError;RAISE:ZeroDivisionError;[1, 0.0, 0];RAISE:TypeError;RAISE:TypeError;[1, 0.0, 0];RAISE:ZeroDivisionError;RAISE:ZeroDivisionError;[1, 0.0, 0];RAISE:TypeError;RAISE:TypeError;[1, 0.0, 0];RAISE:ZeroDivisionError;RAISE:ZeroDivisionError;[1, 0.0, 0];RAISE:TypeError;RAISE:TypeError;[1, 0.0, 0];RAISE:ZeroDivisionError;RAISE:ZeroDivisionError;[1, 0.0, 0];RAISE:TypeError;RAISE:TypeError;[1, 0.0, 0];RAISE:ZeroDivisionError;RAISE:ZeroDivisionError;[1, 0.0, 0];RAISE:TypeError;RAISE:TypeError;[1, 0.0, 0];RAISE:ZeroDivisionError;RAISE:ZeroDivisionError;[1, 0.0, 0];RAISE:TypeError;RAISE:TypeError;[1, 0.0, 0];RAISE:ZeroDivisionError;RAISE:ZeroDivisionError;[1, 0.0, 0];RAISE:TypeError;RAISE:TypeError",34,68
A4_2_2,1,whole|whole,int,int,"whole/L1/17:-2^63,-2^63+1,-2^53-1,-2^31,-42,-1,0,1,7,42,1000,2^31-1,2^31,2^53-1,2^53+1,2^63-1,2^64-1","whole/L1/17:-2^63,-2^63+1,-2^53-1,-2^31,-42,-1,0,1,7,42,1000,2^31-1,2^31,2^53-1,2^53+1,2^63-1,2^64-1",289,"[1, 0.0, 0];[-1, 1.0, 0];[-1, 1.9999999999997728483691616929718, 52];[1, 0.0, 0];[-1, 1.0, 3];[1, 0.0, 0];RAISE:ZeroDivisionError;[1, 0.0, 0];[1, 1.5, 2];[1, 1.0625, 5];[1, 1.5, 7];[1, 1.999999997206032276153564453125, 30];[1, 0.0, 0];[1, 1.9999999999997724042799518429092, 52];[1, 1.0, 10];[1, 1.9999999999999999995663191310058, 62];[1, 1.9999999999999999997831595655029, 62];[-1, 1.9999999999999999997831595655029, 62];[1, 0.0, 0];[-1, 1.9999999999997726263245567679405, 52];[-1, 1.999999999068677425384521484375, 30];[-1, 1.75, 2];[1, 0.0, 0];RAISE:ZeroDivisionError;[1, 0.0, 0];[1, 0.0, 0];[1, 1.09375, 5];[1, 1.5078125, 7];[1, 1.99999999813735485076904296875, 30];[1, 1.0, 0];[1, 1.9999999999997726263245567679405, 52];[1, 1.0009765625, 10];[1, 0.0, 0];[1, 1.0, 63];[-1, 1.0000000000000001110223024625157, 53];[-1, 1.0000000000000001110223024625157, 53];[1, 0.0, 0];[-1, 1.0, 0];[-1, 1.03125, 5];[1, 0.0, 0];RAISE:ZeroDivisionError;[1, 0.0, 0];[1, 1.0, 1];[1, 1.125, 3];[1, 1.75, 2];[1, 1.99609374813735485076904296875, 30];[1, 1.999999999068677425384521484375, 30];[1, 1.9999999999999993338661852249061, 52];[1, 0.0, 0];[1, 1.9980468749999999995663191310058, 62];[1, 1.9990234374999999997831595655029, 63];[-1, 1.0, 31];[-1, 1.0, 31];[-1, 1.0, 31];[1, 0.0, 0];[-1, 1.0, 1];[1, 0.0, 0];RAISE:ZeroDivisionError;[1, 0.0, 0];[1, 1.25, 2];[1, 1.25, 5];[1, 1.375, 8];[1, 1.99999999813735485076904296875, 30];[1, 0.0, 0];[1, 1.9999995231628415748303950749687, 52];[1, 1.9999995231628420189196049250313, 52];[1, 1.9999999995343387124754203076904, 62];[1, 1.9999999997671693562377101538452, 63];[-1, 1.3125, 5];[-1, 1.3125, 5];[-1, 1.3125, 5];[-1, 1.3125, 5];[1, 0.0, 0];[1, 0.0, 0];RAISE:ZeroDivisionError;[1, 0.0, 0];[1, 0.0, 0];[1, 0.0, 0];[1, 1.87109375, 9];[1, 1.999999959953129291534423828125, 30];[1, 1.99999996088445186614990234375, 30];[1, 1.9999999999999904520819882236538, 52];[1, 1.9999999999999908961711980737164, 52];[1, 1.9999999999999999906758613166247, 62];[1, 1.9999999999999999953379306583123, 63];[-1, 1.0, 0];[-1, 1.0, 0];[-1, 1.0, 0];[-1, 1.0, 0];[-1, 1.0, 0];[1, 0.0, 0];RAISE:ZeroDivisionError;[1, 0.0, 0];[1, 1.5, 2];[1, 1.28125, 5];[1, 1.951171875, 9];[1, 1.99999999813735485076904296875, 30];[1, 1.999999999068677425384521484375, 30];[1, 1.9999999999999995559107901499374, 52];[1, 1.0, 53];[1, 1.9999999999999999995663191310058, 62];[1, 1.9999999999999999997831595655029, 63];[1, 0.0, 0];[1, 0.0, 0];[1, 0.0, 0];[1, 0.0, 0];[1, 0.0, 0];[1, 0.0, 0];RAISE:ZeroDivisionError;[1, 0.0, 0];[1, 0.0, 0];[1, 0.0, 0];[1, 0.0, 0];[1, 0.0, 0];[1, 0.0, 0];[1, 0.0, 0];[1, 0.0, 0];[1, 0.0, 0];[1, 0.0, 0];[-1, 1.9999999999999999997831595655029, 62];[-1, 1.9999999999999999995663191310058, 62];[-1, 1.0, 53];[-1, 1.999999999068677425384521484375, 30];[-1, 1.28125, 5];[1, 0.0, 0];RAISE:ZeroDivisionError;[1, 0.0, 0];[1, 1.0, 0];[1, 1.0, 0];[1, 1.0, 0];[1, 1.0, 0];[1, 1.0, 0];[1, 1.0, 0];[1, 1.0, 0];[1, 1.0, 0];[1, 1.0, 0];[-1, 1.9999999999999999984821169585203, 62];[-1, 1.9999999999999999982652765240232, 62];[-1, 1.9999999999999986677323704498122, 52];[-1, 1.999999993480741977691650390625, 30];[-1, 1.09375, 5];[1, 0.0, 0];RAISE:ZeroDivisionError;[1, 0.0, 0];[1, 0.0, 0];[1, 1.75, 2];[1, 1.75, 2];[1, 1.75, 2];[1, 1.75, 2];[1, 1.75, 2];[1, 1.75, 2];[1, 1.75, 2];[1, 1.75, 2];[-1, 1.9999999999999999908927017511218, 62];[-1, 1.9999999999999999906758613166247, 62];[-1, 1.9999999999999908961711980737164, 52];[-1, 1.99999996088445186614990234375, 30];[1, 0.0, 0];[1, 0.0, 0];RAISE:ZeroDivisionError;[1, 0.0, 0];[1, 0.0, 0];[1, 0.0, 0];[1, 1.3125, 5];[1, 1.3125, 5];[1, 1.3125, 5];[1, 1.3125, 5];[1, 1.3125, 5];[1, 1.3125, 5];[1, 1.3125, 5];[-1, 1.9999999999999997831595655028991, 62];[-1, 1.999999999999999782942725068402, 62];[-1, 1.9999999999997781774396798937232, 52];[-1, 1.999999068677425384521484375, 30];[-1, 1.0, 3];[1, 0.0, 0];RAISE:ZeroDivisionError;[1, 0.0, 0];[1, 1.5, 2];[1, 1.0625, 5];[1, 0.0, 0];[1, 1.953125, 9];[1, 1.953125, 9];[1, 1.953125, 9];[1, 1.953125, 9];[1, 1.953125, 9];[1, 1.953125, 9];[-1, 1.9999999995343387129091011766846, 62];[-1, 1.9999999995343387126922607421875, 62];[-1, 1.9999995231628422409642098500626, 52];[-1, 1.0, 0];[-1, 1.28125, 5];[1, 0.0, 0];RAISE:ZeroDivisionError;[1, 0.0, 0];[1, 1.0, 0];[1, 1.0, 0];[1, 1.263671875, 9];[1, 0.0, 0];[1, 1.999999999068677425384521484375, 30];[1, 1.999999999068677425384521484375, 30];[1, 1.999999999068677425384521484375, 30];[1, 1.999999999068677425384521484375, 30];[1, 1.999999999068677425384521484375, 30];[-1, 1.9999999995343387126922607421875, 62];[-1, 1.9999999995343387124754203076904, 62];[-1, 1.9999995231628420189196049250313, 52];[1, 0.0, 0];[-1, 1.25, 5];[1, 0.0, 0];RAISE:ZeroDivisionError;[1, 0.0, 0];[1, 1.0, 1];[1, 1.0, 1];[1, 1.265625, 9];[1, 1.0, 0];[1, 0.0, 0];[1, 1.0, 31];[1, 1.0, 31];[1, 1.0, 31];[1, 1.0, 31];[-1, 1.9980468750000000002168404344971, 62];[-1, 1.998046875, 62];[-1, 1.0, 1];[-1, 1.0, 0];[-1, 1.375, 3];[1, 0.0, 0];RAISE:ZeroDivisionError;[1, 0.0, 0];[1, 1.5, 1];[1, 1.9375, 4];[1, 1.935546875, 9];[1, 1.999999523162841796875, 21];[1, 1.999999999068677425384521484375, 30];[1, 0.0, 0];[1, 1.9999999999999997779553950749687, 52];[1, 1.9999999999999997779553950749687, 52];[1, 1.9999999999999997779553950749687, 52];[-1, 1.9980468749999999997831595655029, 62];[-1, 1.9980468749999999995663191310058, 62];[1, 0.0, 0];[-1, 1.999999999068677425384521484375, 30];[-1, 1.125, 3];[1, 0.0, 0];RAISE:ZeroDivisionError;[1, 0.0, 0];[1, 1.25, 2];[1, 1.03125, 5];[1, 1.939453125, 9];[1, 1.0000002384185791015625, 22];[1, 1.0, 0];[1, 1.0, 1];[1, 0.0, 0];[1, 1.0000000000000001110223024625157, 53];[1, 1.0000000000000001110223024625157, 53];[-1, 1.0, 0];[1, 0.0, 0];[-1, 1.0009765625, 10];[-1, 1.0, 0];[-1, 1.09375, 5];[1, 0.0, 0];RAISE:ZeroDivisionError;[1, 0.0, 0];[1, 0.0, 0];[1, 1.75, 2];[1, 1.576171875, 9];[1, 1.0, 0];[1, 1.999999999068677425384521484375, 30];[1, 1.998046875, 9];[1, 1.9999999999997726263245567679405, 52];[1, 0.0, 0];[1, 1.9999999999999999997831595655029, 62];[-1, 1.0, 0];[-1, 1.9999999999999999995663191310058, 62];[-1, 1.00048828125, 11];[-1, 1.0, 0];[-1, 1.6875, 4];[1, 0.0, 0];RAISE:ZeroDivisionError;[1, 0.0, 0];[1, 1.0, 0];[1, 1.875, 3];[1, 1.201171875, 9];[1, 1.5, 1];[1, 1.999999999068677425384521484375, 30];[1, 1.9990234375, 10];[1, 1.999999999999545252649113535881, 52];[1, 1.0, 0];[1, 0.0, 0]",272,17
A4_2_3,1,whole|whole,int,Decimal,"whole/L1/17:-2^63,-2^63+1,-2^53-1,-2^31,-42,-1,0,1,7,42,1000,2^31-1,2^31,2^53-1,2^53+1,2^63-1,2^64-1","whole/L1/17:-2^63,-2^63+1,-2^53-1,-2^31,-42,-1,0,1,7,42,1000,2^31-1,2^31,2^53-1,2^53+1,2^63-1,2^64-1",289,"[-1, 0.0, 0];[-1, 1.0, 0];[-1, 1.9999999999997728483691616929718, 52];[-1, 0.0, 0];[-1, 1.0, 3];[-1, 0.0, 0];RAISE:InvalidOperation;[-1, 0.0, 0];[-1, 1.0, 0];[-1, 1.0, 3];[-1, 1.578125, 9];[-1, 1.0, 1];[-1, 0.0, 0];[-1, 1.0, 10];[-1, 1.9999999999997728483691616929718, 52];[-1, 1.0, 0];[-1, 1.0, 63];[-1, 1.9999999999999999997831595655029, 62];[-1, 0.0, 0];[-1, 1.9999999999997726263245567679405, 52];[-1, 1.999999999068677425384521484375, 30];[-1, 1.75, 2];[-1, 0.0, 0];RAISE:InvalidOperation;[-1, 0.0, 0];[-1, 0.0, 0];[-1, 1.75, 2];[-1, 1.576171875, 9];[-1, 1.0, 0];[-1, 1.999999999068677425384521484375, 30];[-1, 1.998046875, 9];[-1, 1.9999999999997726263245567679405, 52];[-1, 0.0, 0];[-1, 1.9999999999999999997831595655029, 62];[-1, 1.0000000000000001110223024625157, 53];[-1, 1.0000000000000001110223024625157, 53];[-1, 0.0, 0];[-1, 1.0, 0];[-1, 1.03125, 5];[-1, 0.0, 0];RAISE:InvalidOperation;[-1, 0.0, 0];[-1, 1.25, 2];[-1, 1.03125, 5];[-1, 1.939453125, 9];[-1, 1.0000002384185791015625, 22];[-1, 1.0, 0];[-1, 1.0, 1];[-1, 0.0, 0];[-1, 1.0000000000000001110223024625157, 53];[-1, 1.0000000000000001110223024625157, 53];[-1, 1.0, 31];[-1, 1.0, 31];[-1, 1.0, 31];[-1, 0.0, 0];[-1, 1.0, 1];[-1, 0.0, 0];RAISE:InvalidOperation;[-1, 0.0, 0];[-1, 1.0, 1];[-1, 1.0, 1];[-1, 1.265625, 9];[-1, 1.0, 0];[-1, 0.0, 0];[-1, 1.0, 31];[-1, 1.0, 31];[-1, 1.0, 31];[-1, 1.0, 31];[-1, 1.3125, 5];[-1, 1.3125, 5];[-1, 1.3125, 5];[-1, 1.3125, 5];[-1, 0.0, 0];[-1, 0.0, 0];RAISE:InvalidOperation;[-1, 0.0, 0];[-1, 0.0, 0];[-1, 0.0, 0];[-1, 1.3125, 5];[-1, 1.3125, 5];[-1, 1.3125, 5];[-1, 1.3125, 5];[-1, 1.3125, 5];[-1, 1.3125, 5];[-1, 1.3125, 5];[-1, 1.0, 0];[-1, 1.0, 0];[-1, 1.0, 0];[-1, 1.0, 0];[-1, 1.0, 0];[-1, 0.0, 0];RAISE:InvalidOperation;[-1, 0.0, 0];[-1, 1.0, 0];[-1, 1.0, 0];[-1, 1.0, 0];[-1, 1.0, 0];[-1, 1.0, 0];[-1, 1.0, 0];[-1, 1.0, 0];[-1, 1.0, 0];[-1, 1.0, 0];[1, 0.0, 0];[1, 0.0, 0];[1, 0.0, 0];[1, 0.0, 0];[1, 0.0, 0];[1, 0.0, 0];RAISE:InvalidOperation;[1, 0.0, 0];[1, 0.0, 0];[1, 0.0, 0];[1, 0.0, 0];[1, 0.0, 0];[1, 0.0, 0];[1, 0.0, 0];[1, 0.0, 0];[1, 0.0, 0];[1, 0.0, 0];[1, 1.0, 0];[1, 1.0, 0];[1, 1.0, 0];[1, 1.0, 0];[1, 1.0, 0];[1, 0.0, 0];RAISE:InvalidOperation;[1, 0.0, 0];[1, 1.0, 0];[1, 1.0, 0];[1, 1.0, 0];[1, 1.0, 0];[1, 1.0, 0];[1, 1.0, 0];[1, 1.0, 0];[1, 1.0, 0];[1, 1.0, 0];[1, 1.75, 2];[1, 1.75, 2];[1, 1.75, 2];[1, 1.75, 2];[1, 1.75, 2];[1, 0.0, 0];RAISE:InvalidOperation;[1, 0.0, 0];[1, 0.0, 0];[1, 1.75, 2];[1, 1.75, 2];[1, 1.75, 2];[1, 1.75, 2];[1, 1.75, 2];[1, 1.75, 2];[1, 1.75, 2];[1, 1.75, 2];[1, 1.3125, 5];[1, 1.3125, 5];[1, 1.3125, 5];[1, 1.3125, 5];[1, 0.0, 0];[1, 0.0, 0];RAISE:InvalidOperation;[1, 0.0, 0];[1, 0.0, 0];[1, 0.0, 0];[1, 1.3125, 5];[1, 1.3125, 5];[1, 1.3125, 5];[1, 1.3125, 5];[1, 1.3125, 5];[1, 1.3125, 5];[1, 1.3125, 5];[1, 1.953125, 9];[1, 1.953125, 9];[1, 1.953125, 9];[1, 1.953125, 9];[1, 1.0625, 5];[1, 0.0, 0];RAISE:InvalidOperation;[1, 0.0, 0];[1, 1.5, 2];[1, 1.0625, 5];[1, 0.0, 0];[1, 1.953125, 9];[1, 1.953125, 9];[1, 1.953125, 9];[1, 1.953125, 9];[1, 1.953125, 9];[1, 1.953125, 9];[1, 1.999999999068677425384521484375, 30];[1, 1.999999999068677425384521484375, 30];[1, 1.999999999068677425384521484375, 30];[1, 1.999999999068677425384521484375, 30];[1, 1.0, 0];[1, 0.0, 0];RAISE:InvalidOperation;[1, 0.0, 0];[1, 1.0, 0];[1, 1.0, 0];[1, 1.263671875, 9];[1, 0.0, 0];[1, 1.999999999068677425384521484375, 30];[1, 1.999999999068677425384521484375, 30];[1, 1.999999999068677425384521484375, 30];[1, 1.999999999068677425384521484375, 30];[1, 1.999999999068677425384521484375, 30];[1, 1.0, 31];[1, 1.0, 31];[1, 1.0, 31];[1, 0.0, 0];[1, 1.0, 1];[1, 0.0, 0];RAISE:InvalidOperation;[1, 0.0, 0];[1, 1.0, 1];[1, 1.0, 1];[1, 1.265625, 9];[1, 1.0, 0];[1, 0.0, 0];[1, 1.0, 31];[1, 1.0, 31];[1, 1.0, 31];[1, 1.0, 31];[1, 1.9999999999999997779553950749687, 52];[1, 1.9999999999999997779553950749687, 52];[1, 1.9999999999999997779553950749687, 52];[1, 1.999999999068677425384521484375, 30];[1, 1.9375, 4];[1, 0.0, 0];RAISE:InvalidOperation;[1, 0.0, 0];[1, 1.5, 1];[1, 1.9375, 4];[1, 1.935546875, 9];[1, 1.999999523162841796875, 21];[1, 1.999999999068677425384521484375, 30];[1, 0.0, 0];[1, 1.9999999999999997779553950749687, 52];[1, 1.9999999999999997779553950749687, 52];[1, 1.9999999999999997779553950749687, 52];[1, 1.0000000000000001110223024625157, 53];[1, 1.0000000000000001110223024625157, 53];[1, 0.0, 0];[1, 1.0, 0];[1, 1.03125, 5];[1, 0.0, 0];RAISE:InvalidOperation;[1, 0.0, 0];[1, 1.25, 2];[1, 1.03125, 5];[1, 1.939453125, 9];[1, 1.0000002384185791015625, 22];[1, 1.0, 0];[1, 1.0, 1];[1, 0.0, 0];[1, 1.0000000000000001110223024625157, 53];[1, 1.0000000000000001110223024625157, 53];[1, 1.9999999999999999997831595655029, 62];[1, 0.0, 0];[1, 1.9999999999997726263245567679405, 52];[1, 1.999999999068677425384521484375, 30];[1, 1.75, 2];[1, 0.0, 0];RAISE:InvalidOperation;[1, 0.0, 0];[1, 0.0, 0];[1, 1.75, 2];[1, 1.576171875, 9];[1, 1.0, 0];[1, 1.999999999068677425384521484375, 30];[1, 1.998046875, 9];[1, 1.9999999999997726263245567679405, 52];[1, 0.0, 0];[1, 1.9999999999999999997831595655029, 62];[1, 1.9999999999999999997831595655029, 62];[1, 1.0, 0];[1, 1.999999999999545252649113535881, 52];[1, 1.999999999068677425384521484375, 30];[1, 1.875, 3];[1, 0.0, 0];RAISE:InvalidOperation;[1, 0.0, 0];[1, 1.0, 0];[1, 1.875, 3];[1, 1.201171875, 9];[1, 1.5, 1];[1, 1.999999999068677425384521484375, 30];[1, 1.9990234375, 10];[1, 1.999999999999545252649113535881, 52];[1, 1.0, 0];[1, 0.0, 0]",272,17
A4_2_4,1,whole|whole,int,Fraction,"whole/L1/17:-2^63,-2^63+1,-2^53-1,-2^31,-42,-1,0,1,7,42,1000,2^31-1,2^31,2^53-1,2^53+1,2^63-1,2^64-1","whole/L1/17:-2^63,-2^63+1,-2^53-1,-2^31,-42,-1,0,1,7,42,1000,2^31-1,2^31,2^53-1,2^53+1,2^63-1,2^64-1",289,"[1, 0.0, 0];[-1, 1.0, 0];[-1, 1.9999999999997728483691616929718, 52];[1, 0.0, 0];[-1, 1.0, 3];[1, 0.0, 0];RAISE:ZeroDivisionError;[1, 0.0, 0];[1, 1.5, 2];[1, 1.0625, 5];[1, 1.5, 7];[1, 1.999999997206032276153564453125, 30];[1, 0.0, 0];[1, 1.9999999999997724042799518429092, 52];[1, 1.0, 10];[1, 1.9999999999999999995663191310058, 62];[1, 1.9999999999999999997831595655029, 62];[-1, 1.9999999999999999997831595655029, 62];[1, 0.0, 0];[-1, 1.9999999999997726263245567679405, 52];[-1, 1.999999999068677425384521484375, 30];[-1, 1.75, 2];[1, 0.0, 0];RAISE:ZeroDivisionError;[1, 0.0, 0];[1, 0.0, 0];[1, 1.09375, 5];[1, 1.5078125, 7];[1, 1.99999999813735485076904296875, 30];[1, 1.0, 0];[1, 1.9999999999997726263245567679405, 52];[1, 1.0009765625, 10];[1, 0.0, 0];[1, 1.0, 63];[-1, 1.0000000000000001110223024625157, 53];[-1, 1.0000000000000001110223024625157, 53];[1, 0.0, 0];[-1, 1.0, 0];[-1, 1.03125, 5];[1, 0.0, 0];RAISE:ZeroDivisionError;[1, 0.0, 0];[1, 1.0, 1];[1, 1.125, 3];[1, 1.75, 2];[1, 1.99609374813735485076904296875, 30];[1, 1.999999999068677425384521484375, 30];[1, 1.9999999999999993338661852249061, 52];[1, 0.0, 0];[1, 1.9980468749999999995663191310058, 62];[1, 1.9990234374999999997831595655029, 63];[-1, 1.0, 31];[-1, 1.0, 31];[-1, 1.0, 31];[1, 0.0, 0];[-1, 1.0, 1];[1, 0.0, 0];RAISE:ZeroDivisionError;[1, 0.0, 0];[1, 1.25, 2];[1, 1.25, 5];[1, 1.375, 8];[1, 1.99999999813735485076904296875, 30];[1, 0.0, 0];[1, 1.9999995231628415748303950749687, 52];[1, 1.9999995231628420189196049250313, 52];[1, 1.9999999995343387124754203076904, 62];[1, 1.9999999997671693562377101538452, 63];[-1, 1.3125, 5];[-1, 1.3125, 5];[-1, 1.3125, 5];[-1, 1.3125, 5];[1, 0.0, 0];[1, 0.0, 0];RAISE:ZeroDivisionError;[1, 0.0, 0];[1, 0.0, 0];[1, 0.0, 0];[1, 1.87109375, 9];[1, 1.999999959953129291534423828125, 30];[1, 1.99999996088445186614990234375, 30];[1, 1.9999999999999904520819882236538, 52];[1, 1.9999999999999908961711980737164, 52];[1, 1.9999999999999999906758613166247, 62];[1, 1.9999999999999999953379306583123, 63];[-1, 1.0, 0];[-1, 1.0, 0];[-1, 1.0, 0];[-1, 1.0, 0];[-1, 1.0, 0];[1, 0.0, 0];RAISE:ZeroDivisionError;[1, 0.0, 0];[1, 1.5, 2];[1, 1.28125, 5];[1, 1.951171875, 9];[1, 1.99999999813735485076904296875, 30];[1, 1.999999999068677425384521484375, 30];[1, 1.9999999999999995559107901499374, 52];[1, 1.0, 53];[1, 1.9999999999999999995663191310058, 62];[1, 1.9999999999999999997831595655029, 63];[1, 0.0, 0];[1, 0.0, 0];[1, 0.0, 0];[1, 0.0, 0];[1, 0.0, 0];[1, 0.0, 0];RAISE:ZeroDivisionError;[1, 0.0, 0];[1, 0.0, 0];[1, 0.0, 0];[1, 0.0, 0];[1, 0.0, 0];[1, 0.0, 0];[1, 0.0, 0];[1, 0.0, 0];[1, 0.0, 0];[1, 0.0, 0];[-1, 1.9999999999999999997831595655029, 62];[-1, 1.9999999999999999995663191310058, 62];[-1, 1.0, 53];[-1, 1.999999999068677425384521484375, 30];[-1, 1.28125, 5];[1, 0.0, 0];RAISE:ZeroDivisionError;[1, 0.0, 0];[1, 1.0, 0];[1, 1.0, 0];[1, 1.0, 0];[1, 1.0, 0];[1, 1.0, 0];[1, 1.0, 0];[1, 1.0, 0];[1, 1.0, 0];[1, 1.0, 0];[-1, 1.9999999999999999984821169585203, 62];[-1, 1.9999999999999999982652765240232, 62];[-1, 1.9999999999999986677323704498122, 52];[-1, 1.999999993480741977691650390625, 30];[-1, 1.09375, 5];[1, 0.0, 0];RAISE:ZeroDivisionError;[1, 0.0, 0];[1, 0.0, 0];[1, 1.75, 2];[1, 1.75, 2];[1, 1.75, 2];[1, 1.75, 2];[1, 1.75, 2];[1, 1.75, 2];[1, 1.75, 2];[1, 1.75, 2];[-1, 1.9999999999999999908927017511218, 62];[-1, 1.9999999999999999906758613166247, 62];[-1, 1.9999999999999908961711980737164, 52];[-1, 1.99999996088445186614990234375, 30];[1, 0.0, 0];[1, 0.0, 0];RAISE:ZeroDivisionError;[1, 0.0, 0];[1, 0.0, 0];[1, 0.0, 0];[1, 1.3125, 5];[1, 1.3125, 5];[1, 1.3125, 5];[1, 1.3125, 5];[1, 1.3125, 5];[1, 1.3125, 5];[1, 1.3125, 5];[-1, 1.9999999999999997831595655028991, 62];[-1, 1.999999999999999782942725068402, 62];[-1, 1.9999999999997781774396798937232, 52];[-1, 1.999999068677425384521484375, 30];[-1, 1.0, 3];[1, 0.0, 0];RAISE:ZeroDivisionError;[1, 0.0, 0];[1, 1.5, 2];[1, 1.0625, 5];[1, 0.0, 0];[1, 1.953125, 9];[1, 1.953125, 9];[1, 1.953125, 9];[1, 1.953125, 9];[1, 1.953125, 9];[1, 1.953125, 9];[-1, 1.9999999995343387129091011766846, 62];[-1, 1.9999999995343387126922607421875, 62];[-1, 1.9999995231628422409642098500626, 52];[-1, 1.0, 0];[-1, 1.28125, 5];[1, 0.0, 0];RAISE:ZeroDivisionError;[1, 0.0, 0];[1, 1.0, 0];[1, 1.0, 0];[1, 1.263671875, 9];[1, 0.0, 0];[1, 1.999999999068677425384521484375, 30];[1, 1.999999999068677425384521484375, 30];[1, 1.999999999068677425384521484375, 30];[1, 1.999999999068677425384521484375, 30];[1, 1.999999999068677425384521484375, 30];[-1, 1.9999999995343387126922607421875, 62];[-1, 1.9999999995343387124754203076904, 62];[-1, 1.9999995231628420189196049250313, 52];[1, 0.0, 0];[-1, 1.25, 5];[1, 0.0, 0];RAISE:ZeroDivisionError;[1, 0.0, 0];[1, 1.0, 1];[1, 1.0, 1];[1, 1.265625, 9];[1, 1.0, 0];[1, 0.0, 0];[1, 1.0, 31];[1, 1.0, 31];[1, 1.0, 31];[1, 1.0, 31];[-1, 1.9980468750000000002168404344971, 62];[-1, 1.998046875, 62];[-1, 1.0, 1];[-1, 1.0, 0];[-1, 1.375, 3];[1, 0.0, 0];RAISE:ZeroDivisionError;[1, 0.0, 0];[1, 1.5, 1];[1, 1.9375, 4];[1, 1.935546875, 9];[1, 1.999999523162841796875, 21];[1, 1.999999999068677425384521484375, 30];[1, 0.0, 0];[1, 1.9999999999999997779553950749687, 52];[1, 1.9999999999999997779553950749687, 52];[1, 1.9999999999999997779553950749687, 52];[-1, 1.9980468749999999997831595655029, 62];[-1, 1.9980468749999999995663191310058, 62];[1, 0.0, 0];[-1, 1.999999999068677425384521484375, 30];[-1, 1.125, 3];[1, 0.0, 0];RAISE:ZeroDivisionError;[1, 0.0, 0];[1, 1.25, 2];[1, 1.03125, 5];[1, 1.939453125, 9];[1, 1.0000002384185791015625, 22];[1, 1.0, 0];[1, 1.0, 1];[1, 0.0, 0];[1, 1.0000000000000001110223024625157, 53];[1, 1.0000000000000001110223024625157, 53];[-1, 1.0, 0];[1, 0.0, 0];[-1, 1.0009765625, 10];[-1, 1.0, 0];[-1, 1.09375, 5];[1, 0.0, 0];RAISE:ZeroDivisionError;[1, 0.0, 0];[1, 0.0, 0];[1, 1.75, 2];[1, 1.576171875, 9];[1, 1.0, 0];[1, 1.999999999068677425384521484375, 30];[1, 1.998046875, 9];[1, 1.9999999999997726263245567679405, 52];[1, 0.0, 0];[1, 1.9999999999999999997831595655029, 62];[-1, 1.0, 0];[-1, 1.9999999999999999995663191310058, 62];[-1, 1.00048828125, 11];[-1, 1.0, 0];[-1, 1.6875, 4];[1, 0.0, 0];RAISE:ZeroDivisionError;[1, 0.0, 0];[1, 1.0, 0];[1, 1.875, 3];[1, 1.201171875, 9];[1, 1.5, 1];[1, 1.999999999068677425384521484375, 30];[1, 1.9990234375, 10];[1, 1.999999999999545252649113535881, 52];[1, 1.0, 0];[1, 0.0, 0]",272,17
A4_2_5,1,whole|whole,int,c_int64,"whole/L1/17:-2^63,-2^63+1,-2^53-1,-2^31,-42,-1,0,1,7,42,1000,2^31-1,2^31,2^53-1,2^53+1,2^63-1,2^64-1","whole/L1/16:-2^63,-2^63+1,-2^53-1,-2^31,-42,-1,0,1,7,42,1000,2^31-1,2^31,2^53-1,2^53+1,2^63-1",272,"[1, 0.0, 0];[-1, 1.0, 0];[-1, 1.9999999999997728483691616929718, 52];[1, 0.0, 0];[-1, 1.0, 3];[1, 0.0, 0];RAISE:ZeroDivisionError;[1, 0.0, 0];[1, 1.5, 2];[1, 1.0625, 5];[1, 1.5, 7];[1, 1.999999997206032276153564453125, 30];[1, 0.0, 0];[1, 1.9999999999997724042799518429092, 52];[1, 1.0, 10];[1, 1.9999999999999999995663191310058, 62];[-1, 1.9999999999999999997831595655029, 62];[1, 0.0, 0];[-1, 1.9999999999997726263245567679405, 52];[-1, 1.999999999068677425384521484375, 30];[-1, 1.75, 2];[1, 0.0, 0];RAISE:ZeroDivisionError;[1, 0.0, 0];[1, 0.0, 0];[1, 1.09375, 5];[1, 1.5078125, 7];[1, 1.99999999813735485076904296875, 30];[1, 1.0, 0];[1, 1.9999999999997726263245567679405, 52];[1, 1.0009765625, 10];[1, 0.0, 0];[-1, 1.0000000000000001110223024625157, 53];[-1, 1.0000000000000001110223024625157, 53];[1, 0.0, 0];[-1, 1.0, 0];[-1, 1.03125, 5];[1, 0.0, 0];RAISE:ZeroDivisionError;[1, 0.0, 0];[1, 1.0, 1];[1, 1.125, 3];[1, 1.75, 2];[1, 1.99609374813735485076904296875, 30];[1, 1.999999999068677425384521484375, 30];[1, 1.9999999999999993338661852249061, 52];[1, 0.0, 0];[1, 1.9980468749999999995663191310058, 62];[-1, 1.0, 31];[-1, 1.0, 31];[-1, 1.0, 31];[1, 0.0, 0];[-1, 1.0, 1];[1, 0.0, 0];RAISE:ZeroDivisionError;[1, 0.0, 0];[1, 1.25, 2];[1, 1.25, 5];[1, 1.375, 8];[1, 1.99999999813735485076904296875, 30];[1, 0.0, 0];[1, 1.9999995231628415748303950749687, 52];[1, 1.9999995231628420189196049250313, 52];[1, 1.9999999995343387124754203076904, 62];[-1, 1.3125, 5];[-1, 1.3125, 5];[-1, 1.3125, 5];[-1, 1.3125, 5];[1, 0.0, 0];[1, 0.0, 0];RAISE:ZeroDivisionError;[1, 0.0, 0];[1, 0.0, 0];[1, 0.0, 0];[1, 1.87109375, 9];[1, 1.999999959953129291534423828125, 30];[1, 1.99999996088445186614990234375, 30];[1, 1.9999999999999904520819882236538, 52];[1, 1.9999999999999908961711980737164, 52];[1, 1.9999999999999999906758613166247, 62];[-1, 1.0, 0];[-1, 1.0, 0];[-1, 1.0, 0];[-1, 1.0, 0];[-1, 1.0, 0];[1, 0.0, 0];RAISE:ZeroDivisionError;[1, 0.0, 0];[1, 1.5, 2];[1, 1.28125, 5];[1, 1.951171875, 9];[1, 1.99999999813735485076904296875, 30];[1, 1.999999999068677425384521484375, 30];[1, 1.9999999999999995559107901499374, 52];[1, 1.0, 53];[1, 1.9999999999999999995663191310058, 62];[1, 0.0, 0];[1, 0.0, 0];[1, 0.0, 0];[1, 0.0, 0];[1, 0.0, 0];[1, 0.0, 0];RAISE:ZeroDivisionError;[1, 0.0, 0];[1, 0.0, 0];[1, 0.0, 0];[1, 0.0, 0];[1, 0.0, 0];[1, 0.0, 0];[1, 0.0, 0];[1, 0.0, 0];[1, 0.0, 0];[-1, 1.9999999999999999997831595655029, 62];[-1, 1.9999999999999999995663191310058, 62];[-1, 1.0, 53];[-1, 1.999999999068677425384521484375, 30];[-1, 1.28125, 5];[1, 0.0, 0];RAISE:ZeroDivisionError;[1, 0.0, 0];[1, 1.0, 0];[1, 1.0, 0];[1, 1.0, 0];[1, 1.0, 0];[1, 1.0, 0];[1, 1.0, 0];[1, 1.0, 0];[1, 1.0, 0];[-1, 1.9999999999999999984821169585203, 62];[-1, 1.9999999999999999982652765240232, 62];[-1, 1.9999999999999986677323704498122, 52];[-1, 1.999999993480741977691650390625, 30];[-1, 1.09375, 5];[1, 0.0, 0];RAISE:ZeroDivisionError;[1, 0.0, 0];[1, 0.0, 0];[1, 1.75, 2];[1, 1.75, 2];[1, 1.75, 2];[1, 1.75, 2];[1, 1.75, 2];[1, 1.75, 2];[1, 1.75, 2];[-1, 1.9999999999999999908927017511218, 62];[-1, 1.9999999999999999906758613166247, 62];[-1, 1.9999999999999908961711980737164, 52];[-1, 1.99999996088445186614990234375, 30];[1, 0.0, 0];[1, 0.0, 0];RAISE:ZeroDivisionError;[1, 0.0, 0];[1, 0.0, 0];[1, 0.0, 0];[1, 1.3125, 5];[1, 1.3125, 5];[1, 1.3125, 5];[1, 1.3125, 5];[1, 1.3125, 5];[1, 1.3125, 5];[-1, 1.9999999999999997831595655028991, 62];[-1, 1.999999999999999782942725068402, 62];[-1, 1.9999999999997781774396798937232, 52];[-1, 1.999999068677425384521484375, 30];[-1, 1.0, 3];[1, 0.0, 0];RAISE:ZeroDivisionError;[1, 0.0, 0];[1, 1.5, 2];[1, 1.0625, 5];[1, 0.0, 0];[1, 1.953125, 9];[1, 1.953125, 9];[1, 1.953125, 9];[1, 1.953125, 9];[1, 1.953125, 9];[-1, 1.9999999995343387129091011766846, 62];[-1, 1.9999999995343387126922607421875, 62];[-1, 1.9999995231628422409642098500626, 52];[-1, 1.0, 0];[-1, 1.28125, 5];[1, 0.0, 0];RAISE:ZeroDivisionError;[1, 0.0, 0];[1, 1.0, 0];[1, 1.0, 0];[1, 1.263671875, 9];[1, 0.0, 0];[1, 1.999999999068677425384521484375, 30];[1, 1.999999999068677425384521484375, 30];[1, 1.999999999068677425384521484375, 30];[1, 1.999999999068677425384521484375, 30];[-1, 1.9999999995343387126922607421875, 62];[-1, 1.9999999995343387124754203076904, 62];[-1, 1.9999995231628420189196049250313, 52];[1, 0.0, 0];[-1, 1.25, 5];[1, 0.0, 0];RAISE:ZeroDivisionError;[1, 0.0, 0];[1, 1.0, 1];[1, 1.0, 1];[1, 1.265625, 9];[1, 1.0, 0];[1, 0.0, 0];[1, 1.0, 31];[1, 1.0, 31];[1, 1.0, 31];[-1, 1.9980468750000000002168404344971, 62];[-1, 1.998046875, 62];[-1, 1.0, 1];[-1, 1.0, 0];[-1, 1.375, 3];[1, 0.0, 0];RAISE:ZeroDivisionError;[1, 0.0, 0];[1, 1.5, 1];[1, 1.9375, 4];[1, 1.935546875, 9];[1, 1.999999523162841796875, 21];[1, 1.999999999068677425384521484375, 30];[1, 0.0, 0];[1, 1.9999999999999997779553950749687, 52];[1, 1.9999999999999997779553950749687, 52];[-1, 1.9980468749999999997831595655029, 62];[-1, 1.9980468749999999995663191310058, 62];[1, 0.0, 0];[-1, 1.999999999068677425384521484375, 30];[-1, 1.125, 3];[1, 0.0, 0];RAISE:ZeroDivisionError;[1, 0.0, 0];[1, 1.25, 2];[1, 1.03125, 5];[1, 1.939453125, 9];[1, 1.0000002384185791015625, 22];[1, 1.0, 0];[1, 1.0, 1];[1, 0.0, 0];[1, 1.0000000000000001110223024625157, 53];[-1, 1.0, 0];[1, 0.0, 0];[-1, 1.0009765625, 10];[-1, 1.0, 0];[-1, 1.09375, 5];[1, 0.0, 0];RAISE:ZeroDivisionError;[1, 0.0, 0];[1, 0.0, 0];[1, 1.75, 2];[1, 1.576171875, 9];[1, 1.0, 0];[1, 1.999999999068677425384521484375, 30];[1, 1.998046875, 9];[1, 1.9999999999997726263245567679405, 52];[1, 0.0, 0];[-1, 1.0, 0];[-1, 1.9999999999999999995663191310058, 62];[-1, 1.00048828125, 11];[-1, 1.0, 0];[-1, 1.6875, 4];[1, 0.0, 0];RAISE:ZeroDivisionError;[1, 0.0, 0];[1, 1.0, 0];[1, 1.875, 3];[1, 1.201171875, 9];[1, 1.5, 1];[1, 1.999999999068677425384521484375, 30];[1, 1.9990234375, 10];[1, 1.999999999999545252649113535881, 52];[1, 1.0, 0]",255,17
A4_2_6,1,whole|fractional,int,float,"whole/L1/17:-2^63,-2^63+1,-2^53-1,-2^31,-42,-1,0,1,7,42,1000,2^31-1,2^31,2^53-1,2^53+1,2^63-1,2^64-1","fractional/L1/16:-max_finite,-1.5,-1.0,-(1.0-1ulp),-0.0,+0.0,+min_subnormal,+min_normal,1.0-1ulp,1.0,1.0+1ulp,1.5,pi,2^53,max_finite,0.1",272,"[-1, 1.0, 63];[-1, 1.0, -1];[-1, 0.0, 0];[-1, 1.0, -43];RAISE:ZeroDivisionError;RAISE:ZeroDivisionError;[1, 0.0, 0];[1, 0.0, 0];[1, 1.9999999999997724042799518429092, -1];[1, 0.0, 0];[1, 1.9999999999990909493874369218247, -1];[1, 1.0, 0];[1, 1.450147498110453625486115925014, -3];[1, 0.0, 0];[1, 1.9999999999999997779553950749687, 1023];[1, 1.5999999999995453414669555058936, -4];[-1, 1.0, 63];[-1, 1.0, -1];[-1, 0.0, 0];[-1, 1.0, -43];RAISE:ZeroDivisionError;RAISE:ZeroDivisionError;[1, 0.0, 0];[1, 0.0, 0];[1, 1.9999999999997724042799518429092, -1];[1, 0.0, 0];[1, 1.9999999999990909493874369218247, -1];[1, 1.0, 0];[1, 1.450147498110453625486115925014, -3];[1, 0.0, 0];[1, 1.9999999999999997779553950749687, 1023];[1, 1.5999999999995453414669555058936, -4];[-1, 1.0, 53];[-1, 1.0, -1];[-1, 0.0, 0];[-1, 1.0, -53];RAISE:ZeroDivisionError;RAISE:ZeroDivisionError;[1, 0.0, 0];[1, 0.0, 0];[1, 1.9999999999999995559107901499374, -1];[1, 0.0, 0];[1, 1.9999999999999995559107901499374, -1];[1, 1.0, 0];[1, 1.7765267723298379110019595827907, 0];[1, 0.0, 0];[1, 1.9999999999999997779553950749687, 1023];[1, 1.5999999999999996447286321199499, -4];[-1, 1.0, 31];[-1, 1.0, -1];[-1, 0.0, 0];[-1, 1.0, -22];RAISE:ZeroDivisionError;RAISE:ZeroDivisionError;[1, 0.0, 0];[1, 0.0, 0];[1, 1.9999995231628415748303950749687, -1];[1, 0.0, 0];[1, 1.0, -21];[1, 1.0, 0];[1, 1.3306793221200479138133232481778, 0];[1, 1.999999523162841796875, 52];[1, 1.9999999999999997779553950749687, 1023];[1, 1.0, -23];[-1, 1.3125, 5];[-1, 0.0, 0];[-1, 0.0, 0];[-1, 1.3125, -48];RAISE:ZeroDivisionError;RAISE:ZeroDivisionError;[1, 0.0, 0];[1, 0.0, 0];[1, 1.9999999999999904520819882236538, -1];[1, 0.0, 0];[1, 1.3125, -47];[1, 0.0, 0];[1, 1.9822971502571036239714885596186, 0];[1, 1.9999999999999906741265931486851, 52];[1, 1.9999999999999997779553950749687, 1023];[1, 1.3125, -49];[-1, 1.0, 0];[-1, 1.0, 0];[-1, 0.0, 0];[-1, 1.0, -53];RAISE:ZeroDivisionError;RAISE:ZeroDivisionError;[1, 0.0, 0];[1, 0.0, 0];[1, 1.9999999999999995559107901499374, -1];[1, 0.0, 0];[1, 1.0, -52];[1, 1.0, -1];[1, 1.0707963267948965579989817342721, 1];[1, 1.9999999999999997779553950749687, 52];[1, 1.9999999999999997779553950749687, 1023];[1, 1.0, -54];[-1, 0.0, 0];[-1, 0.0, 0];[-1, 0.0, 0];[-1, 0.0, 0];RAISE:ZeroDivisionError;RAISE:ZeroDivisionError;[1, 0.0, 0];[1, 0.0, 0];[1, 0.0, 0];[1, 0.0, 0];[1, 0.0, 0];[1, 0.0, 0];[1, 0.0, 0];[1, 0.0, 0];[1, 0.0, 0];[1, 0.0, 0];[-1, 1.9999999999999997779553950749687, 1023];[-1, 1.0, -1];[-1, 0.0, 0];[-1, 1.9999999999999995559107901499374, -1];RAISE:ZeroDivisionError;RAISE:ZeroDivisionError;[1, 0.0, 0];[1, 0.0, 0];[1, 1.0, -53];[1, 0.0, 0];[1, 1.0, 0];[1, 1.0, 0];[1, 1.0, 0];[1, 1.0, 0];[1, 1.0, 0];[1, 1.5999999999999992006394222698873, -4];[-1, 1.9999999999999997779553950749687, 1023];[-1, 1.0, -1];[-1, 0.0, 0];[-1, 1.9999999999999982236431605997495, -1];RAISE:ZeroDivisionError;RAISE:ZeroDivisionError;[1, 0.0, 0];[1, 0.0, 0];[1, 1.75, -51];[1, 0.0, 0];[1, 1.9999999999999973354647408996243, -1];[1, 1.0, 0];[1, 1.4336293856408275360081461258233, -1];[1, 1.75, 2];[1, 1.75, 2];[1, 1.5999999999999938715689040691359, -4];[-1, 1.9999999999999997779553950749687, 1023];[-1, 0.0, 0];[-1, 0.0, 0];[-1, 1.9999999999999904520819882236538, -1];RAISE:ZeroDivisionError;RAISE:ZeroDivisionError;[1, 0.0, 0];[1, 0.0, 0];[1, 1.3125, -48];[1, 0.0, 0];[1, 1.9999999999999817923423961474327, -1];[1, 0.0, 0];[1, 1.1592955033326894920264749089256, 0];[1, 1.3125, 5];[1, 1.3125, 5];[1, 1.5999999999999627853242145647528, -4];[-1, 1.9999999999999997779553950749687, 1023];[-1, 1.0, -1];[-1, 0.0, 0];[-1, 1.9999999999997777333504700436606, -1];RAISE:ZeroDivisionError;RAISE:ZeroDivisionError;[1, 0.0, 0];[1, 0.0, 0];[1, 1.953125, -44];[1, 0.0, 0];[1, 1.9999999999995563548793597874464, -1];[1, 1.0, 0];[1, 1.9470723168915782252952340058982, -1];[1, 1.953125, 9];[1, 1.953125, 9];[1, 1.5999999999991119103981418447802, -4];[-1, 1.9999999999999997779553950749687, 1023];[-1, 1.0, -1];[-1, 0.0, 0];[-1, 1.999999523162841796875, -1];RAISE:ZeroDivisionError;RAISE:ZeroDivisionError;[1, 0.0, 0];[1, 0.0, 0];[1, 1.999999999068677425384521484375, -23];[1, 0.0, 0];[1, 1.9999990463256844819284197001252, -1];[1, 1.0, 0];[1, 1.6218266629394904043692804407328, -1];[1, 1.999999999068677425384521484375, 30];[1, 1.999999999068677425384521484375, 30];[1, 1.5999980926513681644962616701378, -4];[-1, 1.9999999999999997779553950749687, 1023];[-1, 1.0, 0];[-1, 0.0, 0];[-1, 1.9999995231628415748303950749687, -1];RAISE:ZeroDivisionError;RAISE:ZeroDivisionError;[1, 0.0, 0];[1, 0.0, 0];[1, 1.0, -22];[1, 0.0, 0];[1, 1.9999990463256840378392098500626, -1];[1, 1.0, -1];[1, 1.8109133314697452021846402203664, 0];[1, 1.0, 31];[1, 1.0, 31];[1, 1.5999980926513672763178419700125, -4];[-1, 1.9999999999999997779553950749687, 1023];[-1, 1.0, -1];[-1, 0.0, 0];[-1, 0.0, 0];RAISE:ZeroDivisionError;RAISE:ZeroDivisionError;[1, 0.0, 0];[1, 0.0, 0];[1, 0.0, 0];[1, 0.0, 0];[1, 1.5, -51];[1, 1.0, 0];[1, 1.4602635250398208199840155430138, -2];[1, 1.9999999999999997779553950749687, 52];[1, 1.9999999999999997779553950749687, 52];[1, 1.5, -54];[-1, 1.9999999999999997779553950749687, 1023];[-1, 1.0, 0];[-1, 0.0, 0];[-1, 1.9999999999999995559107901499374, -1];RAISE:ZeroDivisionError;RAISE:ZeroDivisionError;[1, 0.0, 0];[1, 0.0, 0];[1, 1.0, -53];[1, 0.0, 0];[1, 1.0, -51];[1, 1.0, -1];[1, 1.3650658812599552049960038857535, 0];[1, 0.0, 0];[1, 1.0, 53];[1, 1.0, -55];[-1, 1.9999999999999997779553950749687, 1023];[-1, 1.0, 0];[-1, 0.0, 0];[-1, 1.9999999999997724042799518429092, -1];RAISE:ZeroDivisionError;RAISE:ZeroDivisionError;[1, 0.0, 0];[1, 0.0, 0];[1, 1.0, -43];[1, 0.0, 0];[1, 1.0, -41];[1, 1.0, -1];[1, 1.4801621081629932064060994889587, 1];[1, 0.0, 0];[1, 1.0, 63];[1, 1.0, -45];[-1, 1.9999999999999997779553950749687, 1023];[-1, 1.0, -1];[-1, 0.0, 0];[-1, 1.9999999999995450306045086108497, -1];RAISE:ZeroDivisionError;RAISE:ZeroDivisionError;[1, 0.0, 0];[1, 0.0, 0];[1, 1.0, -42];[1, 0.0, 0];[1, 1.0, -40];[1, 1.0, 0];[1, 1.3895278895310898548132172436453, 1];[1, 0.0, 0];[1, 1.0, 64];[1, 1.0, -44]",238,34
A4_2_7,1,whole|fractional,int,Decimal,"whole/L1/17:-2^63,-2^63+1,-2^53-1,-2^31,-42,-1,0,1,7,42,1000,2^31-1,2^31,2^53-1,2^53+1,2^63-1,2^64-1","fractional/L1/16:-max_finite,-1.5,-1.0,-(1.0-1ulp),-0.0,+0.0,+min_subnormal,+min_normal,1.0-1ulp,1.0,1.0+1ulp,1.5,pi,2^53,max_finite,0.1",272,"[-1, 1.0, 63];[-1, 1.0, -1];[-1, 0.0, 0];[-1, 1.348814741910692, -2];RAISE:InvalidOperation;RAISE:InvalidOperation;RAISE:InvalidOperation;RAISE:InvalidOperation;[-1, 1.348814741910692, -2];[-1, 0.0, 0];[-1, 1.3023705161808296, -2];[-1, 1.0, -1];[-1, 1.084044322389943, 0];[-1, 0.0, 0];[-1, 1.0, 63];[-1, 0.0, 0];[-1, 1.9999999999999999997831595655029, 62];[-1, 1.0, 0];[-1, 0.0, 0];[-1, 1.3488147419106916, -2];RAISE:InvalidOperation;RAISE:InvalidOperation;RAISE:InvalidOperation;RAISE:InvalidOperation;[-1, 1.3488147419106916, -2];[-1, 0.0, 0];[-1, 1.3023705161808304, -2];[-1, 1.0, 0];[-1, 1.344709158239088, -4];[-1, 1.9999999999999997779553950749687, 52];[-1, 1.9999999999999999997831595655029, 62];[-1, 0.0, 0];[-1, 1.0000000000000001110223024625157, 53];[-1, 0.0, 0];[-1, 0.0, 0];[-1, 1.8014398509481986, -1];RAISE:InvalidOperation;RAISE:InvalidOperation;RAISE:InvalidOperation;RAISE:InvalidOperation;[-1, 1.8014398509481986, -1];[-1, 0.0, 0];[-1, 1.5884811924144144, -3];[-1, 0.0, 0];[-1, 1.3488206942175515, 1];[-1, 1.0, 0];[-1, 1.0000000000000001110223024625157, 53];[-1, 0.0, 0];[-1, 1.0, 31];[-1, 1.0, -1];[-1, 0.0, 0];[-1, 1.8014398509481984, -23];RAISE:InvalidOperation;RAISE:InvalidOperation;RAISE:InvalidOperation;RAISE:InvalidOperation;[-1, 1.8014398509481984, -23];[-1, 0.0, 0];[-1, 1.9999991410065412, -1];[-1, 1.0, -1];[-1, 1.810913410761925, 0];[-1, 1.0, 31];[-1, 1.0, 31];[-1, 0.0, 0];[-1, 1.3125, 5];[-1, 0.0, 0];[-1, 0.0, 0];[-1, 1.1821949021847552, -48];RAISE:InvalidOperation;RAISE:InvalidOperation;RAISE:InvalidOperation;RAISE:InvalidOperation;[-1, 1.1821949021847552, -48];[-1, 0.0, 0];[-1, 1.9999999999999836, -1];[-1, 0.0, 0];[-1, 1.159295503332691, 0];[-1, 1.3125, 5];[-1, 1.3125, 5];[-1, 0.0, 0];[-1, 1.0, 0];[-1, 1.0, 0];[-1, 0.0, 0];[-1, 1.8014398509481984, -54];RAISE:InvalidOperation;RAISE:InvalidOperation;RAISE:InvalidOperation;RAISE:InvalidOperation;[-1, 1.8014398509481984, -54];[-1, 0.0, 0];[-1, 1.0, 0];[-1, 1.0, 0];[-1, 1.0, 0];[-1, 1.0, 0];[-1, 1.0, 0];[-1, 0.0, 0];[1, 0.0, 0];[1, 0.0, 0];[1, 0.0, 0];[1, 0.0, 0];RAISE:InvalidOperation;RAISE:InvalidOperation;[1, 0.0, 0];[1, 0.0, 0];[1, 0.0, 0];[1, 0.0, 0];[1, 0.0, 0];[1, 0.0, 0];[1, 0.0, 0];[1, 0.0, 0];[1, 0.0, 0];[1, 0.0, 0];[1, 1.0, 0];[1, 1.0, 0];[1, 0.0, 0];[1, 1.8014398509481984, -54];RAISE:InvalidOperation;RAISE:InvalidOperation;RAISE:InvalidOperation;RAISE:InvalidOperation;[1, 1.8014398509481984, -54];[1, 0.0, 0];[1, 1.0, 0];[1, 1.0, 0];[1, 1.0, 0];[1, 1.0, 0];[1, 1.0, 0];[1, 0.0, 0];[1, 1.75, 2];[1, 1.0, 0];[1, 0.0, 0];[1, 1.5762598695796736, -51];RAISE:InvalidOperation;RAISE:InvalidOperation;RAISE:InvalidOperation;RAISE:InvalidOperation;[1, 1.5762598695796736, -51];[1, 0.0, 0];[1, 1.9999999999999976, -1];[1, 1.0, 0];[1, 1.433629385640828, -1];[1, 1.75, 2];[1, 1.75, 2];[1, 0.0, 0];[1, 1.3125, 5];[1, 0.0, 0];[1, 0.0, 0];[1, 1.1821949021847552, -48];RAISE:InvalidOperation;RAISE:InvalidOperation;RAISE:InvalidOperation;RAISE:InvalidOperation;[1, 1.1821949021847552, -48];[1, 0.0, 0];[1, 1.9999999999999836, -1];[1, 0.0, 0];[1, 1.159295503332691, 0];[1, 1.3125, 5];[1, 1.3125, 5];[1, 0.0, 0];[1, 1.953125, 9];[1, 1.0, 0];[1, 0.0, 0];[1, 1.7592186044416, -44];RAISE:InvalidOperation;RAISE:InvalidOperation;RAISE:InvalidOperation;RAISE:InvalidOperation;[1, 1.7592186044416, -44];[1, 0.0, 0];[1, 1.9999999999996004, -1];[1, 1.0, 0];[1, 1.947072316891652, -1];[1, 1.953125, 9];[1, 1.953125, 9];[1, 0.0, 0];[1, 1.999999999068677425384521484375, 30];[1, 1.0, 0];[1, 0.0, 0];[1, 1.8014398501093376, -23];RAISE:InvalidOperation;RAISE:InvalidOperation;RAISE:InvalidOperation;RAISE:InvalidOperation;[1, 1.8014398501093376, -23];[1, 0.0, 0];[1, 1.9999991410065416, -1];[1, 1.0, 0];[1, 1.62182682152385, -1];[1, 1.999999999068677425384521484375, 30];[1, 1.999999999068677425384521484375, 30];[1, 0.0, 0];[1, 1.0, 31];[1, 1.0, -1];[1, 0.0, 0];[1, 1.8014398509481984, -23];RAISE:InvalidOperation;RAISE:InvalidOperation;RAISE:InvalidOperation;RAISE:InvalidOperation;[1, 1.8014398509481984, -23];[1, 0.0, 0];[1, 1.9999991410065412, -1];[1, 1.0, -1];[1, 1.810913410761925, 0];[1, 1.0, 31];[1, 1.0, 31];[1, 0.0, 0];[1, 1.9999999999999997779553950749687, 52];[1, 1.0, 0];[1, 0.0, 0];[1, 1.8014398509481982, -1];RAISE:InvalidOperation;RAISE:InvalidOperation;RAISE:InvalidOperation;RAISE:InvalidOperation;[1, 1.8014398509481982, -1];[1, 0.0, 0];[1, 1.5884811924144176, -3];[1, 1.0, 0];[1, 1.395282776870206, -1];[1, 1.9999999999999997779553950749687, 52];[1, 1.9999999999999997779553950749687, 52];[1, 0.0, 0];[1, 1.0000000000000001110223024625157, 53];[1, 0.0, 0];[1, 0.0, 0];[1, 1.8014398509481986, -1];RAISE:InvalidOperation;RAISE:InvalidOperation;RAISE:InvalidOperation;RAISE:InvalidOperation;[1, 1.8014398509481986, -1];[1, 0.0, 0];[1, 1.5884811924144144, -3];[1, 0.0, 0];[1, 1.3488206942175515, 1];[1, 1.0, 0];[1, 1.0000000000000001110223024625157, 53];[1, 0.0, 0];[1, 1.9999999999999999997831595655029, 62];[1, 1.0, 0];[1, 0.0, 0];[1, 1.3488147419106916, -2];RAISE:InvalidOperation;RAISE:InvalidOperation;RAISE:InvalidOperation;RAISE:InvalidOperation;[1, 1.3488147419106916, -2];[1, 0.0, 0];[1, 1.3023705161808304, -2];[1, 1.0, 0];[1, 1.344709158239088, -4];[1, 1.9999999999999997779553950749687, 52];[1, 1.9999999999999999997831595655029, 62];[1, 0.0, 0];[1, 1.9999999999999999998915797827514, 63];[1, 0.0, 0];[1, 0.0, 0];[1, 1.3488147419106918, -1];RAISE:InvalidOperation;RAISE:InvalidOperation;RAISE:InvalidOperation;RAISE:InvalidOperation;[1, 1.3488147419106918, -1];[1, 0.0, 0];[1, 1.30237051618083, -1];[1, 0.0, 0];[1, 1.168088644779886, 0];[1, 1.9999999999999997779553950749687, 52];[1, 1.9999999999999999998915797827514, 63];[1, 0.0, 0]",206,66
A4_2_8,1,whole|fractional,int,Fraction,"whole/L1/17:-2^63,-2^63+1,-2^53-1,-2^31,-42,-1,0,1,7,42,1000,2^31-1,2^31,2^53-1,2^53+1,2^63-1,2^64-1","fractional/L1/15:-max_finite,-1.5,-1.0,-(1.0-1ulp),+0.0,+min_subnormal,+min_normal,1.0-1ulp,1.0,1.0+1ulp,1.5,pi,2^53,max_finite,0.1",255,"[-1, 1.0, 63];[-1, 1.0, -1];[1, 0.0, 0];[-1, 1.0, -43];RAISE:ZeroDivisionError;[1, 0.0, 0];[1, 0.0, 0];[1, 1.9999999999997724042799518429092, -1];[1, 0.0, 0];[1, 1.9999999999990909493874369218247, -1];[1, 1.0, 0];[1, 1.450147498110453625486115925014, -3];[1, 0.0, 0];[1, 1.9999999999999997779553950749687, 1023];[1, 1.5999999999995453414669555058936, -4];[-1, 1.9999999999999999997831595655029, 62];[-1, 1.0, 0];[1, 0.0, 0];[-1, 1.998046875, -44];RAISE:ZeroDivisionError;[1, 0.0, 0];[1, 0.0, 0];[1, 1.9999999999997726263245567679405, -1];[1, 0.0, 0];[1, 1.9999999999990905052982270717621, -1];[1, 1.0, -1];[1, 1.1812684372638067031857644906268, 0];[1, 1.0, 0];[1, 1.9999999999999997779553950749687, 1023];[1, 1.5999999999995444532885358057683, -4];[-1, 1.0000000000000001110223024625157, 53];[1, 0.0, 0];[1, 0.0, 0];[-1, 1.0, -52];RAISE:ZeroDivisionError;[1, 0.0, 0];[1, 0.0, 0];[1, 1.9999999999999993338661852249061, -1];[1, 0.0, 0];[1, 1.0, 0];[1, 0.0, 0];[1, 1.5530535446596758220039191655815, -1];[1, 1.9999999999999997779553950749687, 52];[1, 1.9999999999999997779553950749687, 1023];[1, 1.0, -55];[-1, 1.0, 31];[-1, 1.0, -1];[1, 0.0, 0];[-1, 1.0, -22];RAISE:ZeroDivisionError;[1, 0.0, 0];[1, 0.0, 0];[1, 1.9999995231628415748303950749687, -1];[1, 0.0, 0];[1, 1.0, -21];[1, 1.0, 0];[1, 1.3306793221200479138133232481778, 0];[1, 1.999999523162841796875, 52];[1, 1.9999999999999997779553950749687, 1023];[1, 1.0, -23];[-1, 1.3125, 5];[1, 0.0, 0];[1, 0.0, 0];[-1, 1.3125, -48];RAISE:ZeroDivisionError;[1, 0.0, 0];[1, 0.0, 0];[1, 1.9999999999999904520819882236538, -1];[1, 0.0, 0];[1, 1.3125, -47];[1, 0.0, 0];[1, 1.9822971502571036239714885596186, 0];[1, 1.9999999999999906741265931486851, 52];[1, 1.9999999999999997779553950749687, 1023];[1, 1.3125, -49];[-1, 1.0, 0];[-1, 1.0, 0];[1, 0.0, 0];[-1, 1.0, -53];RAISE:ZeroDivisionError;[1, 0.0, 0];[1, 0.0, 0];[1, 1.9999999999999995559107901499374, -1];[1, 0.0, 0];[1, 1.0, -52];[1, 1.0, -1];[1, 1.0707963267948965579989817342721, 1];[1, 1.9999999999999997779553950749687, 52];[1, 1.9999999999999997779553950749687, 1023];[1, 1.0, -54];[1, 0.0, 0];[1, 0.0, 0];[1, 0.0, 0];[1, 0.0, 0];RAISE:ZeroDivisionError;[1, 0.0, 0];[1, 0.0, 0];[1, 0.0, 0];[1, 0.0, 0];[1, 0.0, 0];[1, 0.0, 0];[1, 0.0, 0];[1, 0.0, 0];[1, 0.0, 0];[1, 0.0, 0];[-1, 1.9999999999999997779553950749687, 1023];[-1, 1.0, -1];[1, 0.0, 0];[-1, 1.9999999999999995559107901499374, -1];RAISE:ZeroDivisionError;[1, 0.0, 0];[1, 0.0, 0];[1, 1.0, -53];[1, 0.0, 0];[1, 1.0, 0];[1, 1.0, 0];[1, 1.0, 0];[1, 1.0, 0];[1, 1.0, 0];[1, 1.5999999999999992006394222698873, -4];[-1, 1.9999999999999997779553950749687, 1023];[-1, 1.0, -1];[1, 0.0, 0];[-1, 1.9999999999999982236431605997495, -1];RAISE:ZeroDivisionError;[1, 0.0, 0];[1, 0.0, 0];[1, 1.75, -51];[1, 0.0, 0];[1, 1.9999999999999973354647408996243, -1];[1, 1.0, 0];[1, 1.4336293856408275360081461258233, -1];[1, 1.75, 2];[1, 1.75, 2];[1, 1.5999999999999938715689040691359, -4];[-1, 1.9999999999999997779553950749687, 1023];[1, 0.0, 0];[1, 0.0, 0];[-1, 1.9999999999999904520819882236538, -1];RAISE:ZeroDivisionError;[1, 0.0, 0];[1, 0.0, 0];[1, 1.3125, -48];[1, 0.0, 0];[1, 1.9999999999999817923423961474327, -1];[1, 0.0, 0];[1, 1.1592955033326894920264749089256, 0];[1, 1.3125, 5];[1, 1.3125, 5];[1, 1.5999999999999627853242145647528, -4];[-1, 1.9999999999999997779553950749687, 1023];[-1, 1.0, -1];[1, 0.0, 0];[-1, 1.9999999999997777333504700436606, -1];RAISE:ZeroDivisionError;[1, 0.0, 0];[1, 0.0, 0];[1, 1.953125, -44];[1, 0.0, 0];[1, 1.9999999999995563548793597874464, -1];[1, 1.0, 0];[1, 1.9470723168915782252952340058982, -1];[1, 1.953125, 9];[1, 1.953125, 9];[1, 1.5999999999991119103981418447802, -4];[-1, 1.9999999999999997779553950749687, 1023];[-1, 1.0, -1];[1, 0.0, 0];[-1, 1.999999523162841796875, -1];RAISE:ZeroDivisionError;[1, 0.0, 0];[1, 0.0, 0];[1, 1.999999999068677425384521484375, -23];[1, 0.0, 0];[1, 1.9999990463256844819284197001252, -1];[1, 1.0, 0];[1, 1.6218266629394904043692804407328, -1];[1, 1.999999999068677425384521484375, 30];[1, 1.999999999068677425384521484375, 30];[1, 1.5999980926513681644962616701378, -4];[-1, 1.9999999999999997779553950749687, 1023];[-1, 1.0, 0];[1, 0.0, 0];[-1, 1.9999995231628415748303950749687, -1];RAISE:ZeroDivisionError;[1, 0.0, 0];[1, 0.0, 0];[1, 1.0, -22];[1, 0.0, 0];[1, 1.9999990463256840378392098500626, -1];[1, 1.0, -1];[1, 1.8109133314697452021846402203664, 0];[1, 1.0, 31];[1, 1.0, 31];[1, 1.5999980926513672763178419700125, -4];[-1, 1.9999999999999997779553950749687, 1023];[-1, 1.0, -1];[1, 0.0, 0];[1, 0.0, 0];RAISE:ZeroDivisionError;[1, 0.0, 0];[1, 0.0, 0];[1, 0.0, 0];[1, 0.0, 0];[1, 1.5, -51];[1, 1.0, 0];[1, 1.4602635250398208199840155430138, -2];[1, 1.9999999999999997779553950749687, 52];[1, 1.9999999999999997779553950749687, 52];[1, 1.5, -54];[-1, 1.9999999999999997779553950749687, 1023];[1, 0.0, 0];[1, 0.0, 0];[-1, 1.9999999999999993338661852249061, -1];RAISE:ZeroDivisionError;[1, 0.0, 0];[1, 0.0, 0];[1, 1.0, -52];[1, 0.0, 0];[1, 1.0, -52];[1, 0.0, 0];[1, 1.1825329406299776024980019428767, 1];[1, 1.0, 0];[1, 1.0000000000000001110223024625157, 53];[1, 1.5999999999999996447286321199499, -4];[-1, 1.9999999999999997779553950749687, 1023];[-1, 1.0, -1];[1, 0.0, 0];[-1, 1.9999999999997726263245567679405, -1];RAISE:ZeroDivisionError;[1, 0.0, 0];[1, 0.0, 0];[1, 1.998046875, -44];[1, 0.0, 0];[1, 1.00048828125, -41];[1, 1.0, 0];[1, 1.9603242163259864128121989779174, 0];[1, 1.9999999999999997779553950749687, 52];[1, 1.9999999999999999997831595655029, 62];[1, 1.001953125, -45];[-1, 1.9999999999999997779553950749687, 1023];[1, 0.0, 0];[1, 0.0, 0];[-1, 1.999999999999545252649113535881, -1];RAISE:ZeroDivisionError;[1, 0.0, 0];[1, 0.0, 0];[1, 1.9990234375, -43];[1, 0.0, 0];[1, 1.000244140625, -40];[1, 0.0, 0];[1, 1.7790557790621797096264344872907, 0];[1, 1.9999999999999997779553950749687, 52];[1, 1.9999999999999999998915797827514, 63];[1, 1.0009765625, -44]",238,17
A4_3_1,1,whole|truth,Decimal,bool,"whole/L1/17:-2^63,-2^63+1,-2^53-1,-2^31,-42,-1,0,1,7,42,1000,2^31-1,2^31,2^53-1,2^53+1,2^63-1,2^64-1","truth/L1/6:true,false,0,1,"""",nil",102,"[-1, 0.0, 0];RAISE:InvalidOperation;RAISE:InvalidOperation;[-1, 0.0, 0];RAISE:TypeError;RAISE:TypeError;[-1, 0.0, 0];RAISE:InvalidOperation;RAISE:InvalidOperation;[-1, 0.0, 0];RAISE:TypeError;RAISE:TypeError;[-1, 0.0, 0];RAISE:InvalidOperation;RAISE:InvalidOperation;[-1, 0.0, 0];RAISE:TypeError;RAISE:TypeError;[-1, 0.0, 0];RAISE:InvalidOperation;RAISE:InvalidOperation;[-1, 0.0, 0];RAISE:TypeError;RAISE:TypeError;[-1, 0.0, 0];RAISE:InvalidOperation;RAISE:InvalidOperation;[-1, 0.0, 0];RAISE:TypeError;RAISE:TypeError;[-1, 0.0, 0];RAISE:InvalidOperation;RAISE:InvalidOperation;[-1, 0.0, 0];RAISE:TypeError;RAISE:TypeError;[1, 0.0, 0];RAISE:InvalidOperation;RAISE:InvalidOperation;[1, 0.0, 0];RAISE:TypeError;RAISE:TypeError;[1, 0.0, 0];RAISE:InvalidOperation;RAISE:InvalidOperation;[1, 0.0, 0];RAISE:TypeError;RAISE:TypeError;[1, 0.0, 0];RAISE:InvalidOperation;RAISE:InvalidOperation;[1, 0.0, 0];RAISE:TypeError;RAISE:TypeError;[1, 0.0, 0];RAISE:InvalidOperation;RAISE:InvalidOperation;[1, 0.0, 0];RAISE:TypeError;RAISE:TypeError;[1, 0.0, 0];RAISE:InvalidOperation;RAISE:InvalidOperation;[1, 0.0, 0];RAISE:TypeError;RAISE:TypeError;[1, 0.0, 0];RAISE:InvalidOperation;RAISE:InvalidOperation;[1, 0.0, 0];RAISE:TypeError;RAISE:TypeError;[1, 0.0, 0];RAISE:InvalidOperation;RAISE:InvalidOperation;[1, 0.0, 0];RAISE:TypeError;RAISE:TypeError;[1, 0.0, 0];RAISE:InvalidOperation;RAISE:InvalidOperation;[1, 0.0, 0];RAISE:TypeError;RAISE:TypeError;[1, 0.0, 0];RAISE:InvalidOperation;RAISE:InvalidOperation;[1, 0.0, 0];RAISE:TypeError;RAISE:TypeError;[1, 0.0, 0];RAISE:InvalidOperation;RAISE:InvalidOperation;[1, 0.0, 0];RAISE:TypeError;RAISE:TypeError;[1, 0.0, 0];RAISE:InvalidOperation;RAISE:InvalidOperation;[1, 0.0, 0];RAISE:TypeError;RAISE:TypeError",34,68
A4_3_2,1,whole|whole,Decimal,int,"whole/L1/17:-2^63,-2^63+1,-2^53-1,-2^31,-42,-1,0,1,7,42,1000,2^31-1,2^31,2^53-1,2^53+1,2^63-1,2^64-1","whole/L1/17:-2^63,-2^63+1,-2^53-1,-2^31,-42,-1,0,1,7,42,1000,2^31-1,2^31,2^53-1,2^53+1,2^63-1,2^64-1",289,"[-1, 0.0, 0];[-1, 1.0, 0];[-1, 1.9999999999997728483691616929718, 52];[-1, 0.0, 0];[-1, 1.0, 3];[-1, 0.0, 0];RAISE:InvalidOperation;[-1, 0.0, 0];[-1, 1.0, 0];[-1, 1.0, 3];[-1, 1.578125, 9];[-1, 1.0, 1];[-1, 0.0, 0];[-1, 1.0, 10];[-1, 1.9999999999997728483691616929718, 52];[-1, 1.0, 0];[-1, 1.0, 63];[-1, 1.9999999999999999997831595655029, 62];[-1, 0.0, 0];[-1, 1.9999999999997726263245567679405, 52];[-1, 1.999999999068677425384521484375, 30];[-1, 1.75, 2];[-1, 0.0, 0];RAISE:InvalidOperation;[-1, 0.0, 0];[-1, 0.0, 0];[-1, 1.75, 2];[-1, 1.576171875, 9];[-1, 1.0, 0];[-1, 1.999999999068677425384521484375, 30];[-1, 1.998046875, 9];[-1, 1.9999999999997726263245567679405, 52];[-1, 0.0, 0];[-1, 1.9999999999999999997831595655029, 62];[-1, 1.0000000000000001110223024625157, 53];[-1, 1.0000000000000001110223024625157, 53];[-1, 0.0, 0];[-1, 1.0, 0];[-1, 1.03125, 5];[-1, 0.0, 0];RAISE:InvalidOperation;[-1, 0.0, 0];[-1, 1.25, 2];[-1, 1.03125, 5];[-1, 1.939453125, 9];[-1, 1.0000002384185791015625, 22];[-1, 1.0, 0];[-1, 1.0, 1];[-1, 0.0, 0];[-1, 1.0000000000000001110223024625157, 53];[-1, 1.0000000000000001110223024625157, 53];[-1, 1.0, 31];[-1, 1.0, 31];[-1, 1.0, 31];[-1, 0.0, 0];[-1, 1.0, 1];[-1, 0.0, 0];RAISE:InvalidOperation;[-1, 0.0, 0];[-1, 1.0, 1];[-1, 1.0, 1];[-1, 1.265625, 9];[-1, 1.0, 0];[-1, 0.0, 0];[-1, 1.0, 31];[-1, 1.0, 31];[-1, 1.0, 31];[-1, 1.0, 31];[-1, 1.3125, 5];[-1, 1.3125, 5];[-1, 1.3125, 5];[-1, 1.3125, 5];[-1, 0.0, 0];[-1, 0.0, 0];RAISE:InvalidOperation;[-1, 0.0, 0];[-1, 0.0, 0];[-1, 0.0, 0];[-1, 1.3125, 5];[-1, 1.3125, 5];[-1, 1.3125, 5];[-1, 1.3125, 5];[-1, 1.3125, 5];[-1, 1.3125, 5];[-1, 1.3125, 5];[-1, 1.0, 0];[-1, 1.0, 0];[-1, 1.0, 0];[-1, 1.0, 0];[-1, 1.0, 0];[-1, 0.0, 0];RAISE:InvalidOperation;[-1, 0.0, 0];[-1, 1.0, 0];[-1, 1.0, 0];[-1, 1.0, 0];[-1, 1.0, 0];[-1, 1.0, 0];[-1, 1.0, 0];[-1, 1.0, 0];[-1, 1.0, 0];[-1, 1.0, 0];[1, 0.0, 0];[1, 0.0, 0];[1, 0.0, 0];[1, 0.0, 0];[1, 0.0, 0];[1, 0.0, 0];RAISE:InvalidOperation;[1, 0.0, 0];[1, 0.0, 0];[1, 0.0, 0];[1, 0.0, 0];[1, 0.0, 0];[1, 0.0, 0];[1, 0.0, 0];[1, 0.0, 0];[1, 0.0, 0];[1, 0.0, 0];[1, 1.0, 0];[1, 1.0, 0];[1, 1.0, 0];[1, 1.0, 0];[1, 1.0, 0];[1, 0.0, 0];RAISE:InvalidOperation;[1, 0.0, 0];[1, 1.0, 0];[1, 1.0, 0];[1, 1.0, 0];[1, 1.0, 0];[1, 1.0, 0];[1, 1.0, 0];[1, 1.0, 0];[1, 1.0, 0];[1, 1.0, 0];[1, 1.75, 2];[1, 1.75, 2];[1, 1.75, 2];[1, 1.75, 2];[1, 1.75, 2];[1, 0.0, 0];RAISE:InvalidOperation;[1, 0.0, 0];[1, 0.0, 0];[1, 1.75, 2];[1, 1.75, 2];[1, 1.75, 2];[1, 1.75, 2];[1, 1.75, 2];[1, 1.75, 2];[1, 1.75, 2];[1, 1.75, 2];[1, 1.3125, 5];[1, 1.3125, 5];[1, 1.3125, 5];[1, 1.3125, 5];[1, 0.0, 0];[1, 0.0, 0];RAISE:InvalidOperation;[1, 0.0, 0];[1, 0.0, 0];[1, 0.0, 0];[1, 1.3125, 5];[1, 1.3125, 5];[1, 1.3125, 5];[1, 1.3125, 5];[1, 1.3125, 5];[1, 1.3125, 5];[1, 1.3125, 5];[1, 1.953125, 9];[1, 1.953125, 9];[1, 1.953125, 9];[1, 1.953125, 9];[1, 1.0625, 5];[1, 0.0, 0];RAISE:InvalidOperation;[1, 0.0, 0];[1, 1.5, 2];[1, 1.0625, 5];[1, 0.0, 0];[1, 1.953125, 9];[1, 1.953125, 9];[1, 1.953125, 9];[1, 1.953125, 9];[1, 1.953125, 9];[1, 1.953125, 9];[1, 1.999999999068677425384521484375, 30];[1, 1.999999999068677425384521484375, 30];[1, 1.999999999068677425384521484375, 30];[1, 1.999999999068677425384521484375, 30];[1, 1.0, 0];[1, 0.0, 0];RAISE:InvalidOperation;[1, 0.0, 0];[1, 1.0, 0];[1, 1.0, 0];[1, 1.263671875, 9];[1, 0.0, 0];[1, 1.999999999068677425384521484375, 30];[1, 1.999999999068677425384521484375, 30];[1, 1.999999999068677425384521484375, 30];[1, 1.999999999068677425384521484375, 30];[1, 1.999999999068677425384521484375, 30];[1, 1.0, 31];[1, 1.0, 31];[1, 1.0, 31];[1, 0.0, 0];[1, 1.0, 1];[1, 0.0, 0];RAISE:InvalidOperation;[1, 0.0, 0];[1, 1.0, 1];[1, 1.0, 1];[1, 1.265625, 9];[1, 1.0, 0];[1, 0.0, 0];[1, 1.0, 31];[1, 1.0, 31];[1, 1.0, 31];[1, 1.0, 31];[1, 1.9999999999999997779553950749687, 52];[1, 1.9999999999999997779553950749687, 52];[1, 1.9999999999999997779553950749687, 52];[1, 1.999999999068677425384521484375, 30];[1, 1.9375, 4];[1, 0.0, 0];RAISE:InvalidOperation;[1, 0.0, 0];[1, 1.5, 1];[1, 1.9375, 4];[1, 1.935546875, 9];[1, 1.999999523162841796875, 21];[1, 1.999999999068677425384521484375, 30];[1, 0.0, 0];[1, 1.9999999999999997779553950749687, 52];[1, 1.9999999999999997779553950749687, 52];[1, 1.9999999999999997779553950749687, 52];[1, 1.0000000000000001110223024625157, 53];[1, 1.0000000000000001110223024625157, 53];[1, 0.0, 0];[1, 1.0, 0];[1, 1.03125, 5];[1, 0.0, 0];RAISE:InvalidOperation;[1, 0.0, 0];[1, 1.25, 2];[1, 1.03125, 5];[1, 1.939453125, 9];[1, 1.0000002384185791015625, 22];[1, 1.0, 0];[1, 1.0, 1];[1, 0.0, 0];[1, 1.0000000000000001110223024625157, 53];[1, 1.0000000000000001110223024625157, 53];[1, 1.9999999999999999997831595655029, 62];[1, 0.0, 0];[1, 1.9999999999997726263245567679405, 52];[1, 1.999999999068677425384521484375, 30];[1, 1.75, 2];[1, 0.0, 0];RAISE:InvalidOperation;[1, 0.0, 0];[1, 0.0, 0];[1, 1.75, 2];[1, 1.576171875, 9];[1, 1.0, 0];[1, 1.999999999068677425384521484375, 30];[1, 1.998046875, 9];[1, 1.9999999999997726263245567679405, 52];[1, 0.0, 0];[1, 1.9999999999999999997831595655029, 62];[1, 1.9999999999999999997831595655029, 62];[1, 1.0, 0];[1, 1.999999999999545252649113535881, 52];[1, 1.999999999068677425384521484375, 30];[1, 1.875, 3];[1, 0.0, 0];RAISE:InvalidOperation;[1, 0.0, 0];[1, 1.0, 0];[1, 1.875, 3];[1, 1.201171875, 9];[1, 1.5, 1];[1, 1.999999999068677425384521484375, 30];[1, 1.9990234375, 10];[1, 1.999999999999545252649113535881, 52];[1, 1.0, 0];[1, 0.0, 0]",272,17
A4_3_3,1,whole|whole,Decimal,Decimal,"whole/L1/17:-2^63,-2^63+1,-2^53-1,-2^31,-42,-1,0,1,7,42,1000,2^31-1,2^31,2^53-1,2^53+1,2^63-1,2^64-1","whole/L1/17:-2^63,-2^63+1,-2^53-1,-2^31,-42,-1,0,1,7,42,1000,2^31-1,2^31,2^53-1,2^53+1,2^63-1,2^64-1",289,"[-1, 0.0, 0];[-1, 1.0, 0];[-1, 1.9999999999997728483691616929718, 52];[-1, 0.0, 0];[-1, 1.0, 3];[-1, 0.0, 0];RAISE:InvalidOperation;[-1, 0.0, 0];[-1, 1.0, 0];[-1, 1.0, 3];[-1, 1.578125, 9];[-1, 1.0, 1];[-1, 0.0, 0];[-1, 1.0, 10];[-1, 1.9999999999997728483691616929718, 52];[-1, 1.0, 0];[-1, 1.0, 63];[-1, 1.9999999999999999997831595655029, 62];[-1, 0.0, 0];[-1, 1.9999999999997726263245567679405, 52];[-1, 1.999999999068677425384521484375, 30];[-1, 1.75, 2];[-1, 0.0, 0];RAISE:InvalidOperation;[-1, 0.0, 0];[-1, 0.0, 0];[-1, 1.75, 2];[-1, 1.576171875, 9];[-1, 1.0, 0];[-1, 1.999999999068677425384521484375, 30];[-1, 1.998046875, 9];[-1, 1.9999999999997726263245567679405, 52];[-1, 0.0, 0];[-1, 1.9999999999999999997831595655029, 62];[-1, 1.0000000000000001110223024625157, 53];[-1, 1.0000000000000001110223024625157, 53];[-1, 0.0, 0];[-1, 1.0, 0];[-1, 1.03125, 5];[-1, 0.0, 0];RAISE:InvalidOperation;[-1, 0.0, 0];[-1, 1.25, 2];[-1, 1.03125, 5];[-1, 1.939453125, 9];[-1, 1.0000002384185791015625, 22];[-1, 1.0, 0];[-1, 1.0, 1];[-1, 0.0, 0];[-1, 1.0000000000000001110223024625157, 53];[-1, 1.0000000000000001110223024625157, 53];[-1, 1.0, 31];[-1, 1.0, 31];[-1, 1.0, 31];[-1, 0.0, 0];[-1, 1.0, 1];[-1, 0.0, 0];RAISE:InvalidOperation;[-1, 0.0, 0];[-1, 1.0, 1];[-1, 1.0, 1];[-1, 1.265625, 9];[-1, 1.0, 0];[-1, 0.0, 0];[-1, 1.0, 31];[-1, 1.0, 31];[-1, 1.0, 31];[-1, 1.0, 31];[-1, 1.3125, 5];[-1, 1.3125, 5];[-1, 1.3125, 5];[-1, 1.3125, 5];[-1, 0.0, 0];[-1, 0.0, 0];RAISE:InvalidOperation;[-1, 0.0, 0];[-1, 0.0, 0];[-1, 0.0, 0];[-1, 1.3125, 5];[-1, 1.3125, 5];[-1, 1.3125, 5];[-1, 1.3125, 5];[-1, 1.3125, 5];[-1, 1.3125, 5];[-1, 1.3125, 5];[-1, 1.0, 0];[-1, 1.0, 0];[-1, 1.0, 0];[-1, 1.0, 0];[-1, 1.0, 0];[-1, 0.0, 0];RAISE:InvalidOperation;[-1, 0.0, 0];[-1, 1.0, 0];[-1, 1.0, 0];[-1, 1.0, 0];[-1, 1.0, 0];[-1, 1.0, 0];[-1, 1.0, 0];[-1, 1.0, 0];[-1, 1.0, 0];[-1, 1.0, 0];[1, 0.0, 0];[1, 0.0, 0];[1, 0.0, 0];[1, 0.0, 0];[1, 0.0, 0];[1, 0.0, 0];RAISE:InvalidOperation;[1, 0.0, 0];[1, 0.0, 0];[1, 0.0, 0];[1, 0.0, 0];[1, 0.0, 0];[1, 0.0, 0];[1, 0.0, 0];[1, 0.0, 0];[1, 0.0, 0];[1, 0.0, 0];[1, 1.0, 0];[1, 1.0, 0];[1, 1.0, 0];[1, 1.0, 0];[1, 1.0, 0];[1, 0.0, 0];RAISE:InvalidOperation;[1, 0.0, 0];[1, 1.0, 0];[1, 1.0, 0];[1, 1.0, 0];[1, 1.0, 0];[1, 1.0, 0];[1, 1.0, 0];[1, 1.0, 0];[1, 1.0, 0];[1, 1.0, 0];[1, 1.75, 2];[1, 1.75, 2];[1, 1.75, 2];[1, 1.75, 2];[1, 1.75, 2];[1, 0.0, 0];RAISE:InvalidOperation;[1, 0.0, 0];[1, 0.0, 0];[1, 1.75, 2];[1, 1.75, 2];[1, 1.75, 2];[1, 1.75, 2];[1, 1.75, 2];[1, 1.75, 2];[1, 1.75, 2];[1, 1.75, 2];[1, 1.3125, 5];[1, 1.3125, 5];[1, 1.3125, 5];[1, 1.3125, 5];[1, 0.0, 0];[1, 0.0, 0];RAISE:InvalidOperation;[1, 0.0, 0];[1, 0.0, 0];[1, 0.0, 0];[1, 1.3125, 5];[1, 1.3125, 5];[1, 1.3125, 5];[1, 1.3125, 5];[1, 1.3125, 5];[1, 1.3125, 5];[1, 1.3125, 5];[1, 1.953125, 9];[1, 1.953125, 9];[1, 1.953125, 9];[1, 1.953125, 9];[1, 1.0625, 5];[1, 0.0, 0];RAISE:InvalidOperation;[1, 0.0, 0];[1, 1.5, 2];[1, 1.0625, 5];[1, 0.0, 0];[1, 1.953125, 9];[1, 1.953125, 9];[1, 1.953125, 9];[1, 1.953125, 9];[1, 1.953125, 9];[1, 1.953125, 9];[1, 1.999999999068677425384521484375, 30];[1, 1.999999999068677425384521484375, 30];[1, 1.999999999068677425384521484375, 30];[1, 1.999999999068677425384521484375, 30];[1, 1.0, 0];[1, 0.0, 0];RAISE:InvalidOperation;[1, 0.0, 0];[1, 1.0, 0];[1, 1.0, 0];[1, 1.263671875, 9];[1, 0.0, 0];[1, 1.999999999068677425384521484375, 30];[1, 1.999999999068677425384521484375, 30];[1, 1.999999999068677425384521484375, 30];[1, 1.999999999068677425384521484375, 30];[1, 1.999999999068677425384521484375, 30];[1, 1.0, 31];[1, 1.0, 31];[1, 1.0, 31];[1, 0.0, 0];[1, 1.0, 1];[1, 0.0, 0];RAISE:InvalidOperation;[1, 0.0, 0];[1, 1.0, 1];[1, 1.0, 1];[1, 1.265625, 9];[1, 1.0, 0];[1, 0.0, 0];[1, 1.0, 31];[1, 1.0, 31];[1, 1.0, 31];[1, 1.0, 31];[1, 1.9999999999999997779553950749687, 52];[1, 1.9999999999999997779553950749687, 52];[1, 1.9999999999999997779553950749687, 52];[1, 1.999999999068677425384521484375, 30];[1, 1.9375, 4];[1, 0.0, 0];RAISE:InvalidOperation;[1, 0.0, 0];[1, 1.5, 1];[1, 1.9375, 4];[1, 1.935546875, 9];[1, 1.999999523162841796875, 21];[1, 1.999999999068677425384521484375, 30];[1, 0.0, 0];[1, 1.9999999999999997779553950749687, 52];[1, 1.9999999999999997779553950749687, 52];[1, 1.9999999999999997779553950749687, 52];[1, 1.0000000000000001110223024625157, 53];[1, 1.0000000000000001110223024625157, 53];[1, 0.0, 0];[1, 1.0, 0];[1, 1.03125, 5];[1, 0.0, 0];RAISE:InvalidOperation;[1, 0.0, 0];[1, 1.25, 2];[1, 1.03125, 5];[1, 1.939453125, 9];[1, 1.0000002384185791015625, 22];[1, 1.0, 0];[1, 1.0, 1];[1, 0.0, 0];[1, 1.0000000000000001110223024625157, 53];[1, 1.0000000000000001110223024625157, 53];[1, 1.9999999999999999997831595655029, 62];[1, 0.0, 0];[1, 1.9999999999997726263245567679405, 52];[1, 1.999999999068677425384521484375, 30];[1, 1.75, 2];[1, 0.0, 0];RAISE:InvalidOperation;[1, 0.0, 0];[1, 0.0, 0];[1, 1.75, 2];[1, 1.576171875, 9];[1, 1.0, 0];[1, 1.999999999068677425384521484375, 30];[1, 1.998046875, 9];[1, 1.9999999999997726263245567679405, 52];[1, 0.0, 0];[1, 1.9999999999999999997831595655029, 62];[1, 1.9999999999999999997831595655029, 62];[1, 1.0, 0];[1, 1.999999999999545252649113535881, 52];[1, 1.999999999068677425384521484375, 30];[1, 1.875, 3];[1, 0.0, 0];RAISE:InvalidOperation;[1, 0.0, 0];[1, 1.0, 0];[1, 1.875, 3];[1, 1.201171875, 9];[1, 1.5, 1];[1, 1.999999999068677425384521484375, 30];[1, 1.9990234375, 10];[1, 1.999999999999545252649113535881, 52];[1, 1.0, 0];[1, 0.0, 0]",272,17
A4_3_4,1,whole|whole,Decimal,Fraction,"whole/L1/17:-2^63,-2^63+1,-2^53-1,-2^31,-42,-1,0,1,7,42,1000,2^31-1,2^31,2^53-1,2^53+1,2^63-1,2^64-1","whole/L1/17:-2^63,-2^63+1,-2^53-1,-2^31,-42,-1,0,1,7,42,1000,2^31-1,2^31,2^53-1,2^53+1,2^63-1,2^64-1",289,RAISE:TypeError;RAISE:TypeError;RAISE:TypeError;RAISE:TypeError;RAISE:TypeError;RAISE:TypeError;RAISE:TypeError;RAISE:TypeError;RAISE:TypeError;RAISE:TypeError;RAISE:TypeError;RAISE:TypeError;RAISE:TypeError;RAISE:TypeError;RAISE:TypeError;RAISE:TypeError;RAISE:TypeError;RAISE:TypeError;RAISE:TypeError;RAISE:TypeError;RAISE:TypeError;RAISE:TypeError;RAISE:TypeError;RAISE:TypeError;RAISE:TypeError;RAISE:TypeError;RAISE:TypeError;RAISE:TypeError;RAISE:TypeError;RAISE:TypeError;RAISE:TypeError;RAISE:TypeError;RAISE:TypeError;RAISE:TypeError;RAISE:TypeError;RAISE:TypeError;RAISE:TypeError;RAISE:TypeError;RAISE:TypeError;RAISE:TypeError;RAISE:TypeError;RAISE:TypeError;RAISE:TypeError;RAISE:TypeError;RAISE:TypeError;RAISE:TypeError;RAISE:TypeError;RAISE:TypeError;RAISE:TypeError;RAISE:TypeError;RAISE:TypeError;RAISE:TypeError;RAISE:TypeError;RAISE:TypeError;RAISE:TypeError;RAISE:TypeError;RAISE:TypeError;RAISE:TypeError;RAISE:TypeError;RAISE:TypeError;RAISE:TypeError;RAISE:TypeError;RAISE:TypeError;RAISE:TypeError;RAISE:TypeError;RAISE:TypeError;RAISE:TypeError;RAISE:TypeError;RAISE:TypeError;RAISE:TypeError;RAISE:TypeError;RAISE:TypeError;RAISE:TypeError;RAISE:TypeError;RAISE:TypeError;RAISE:TypeError;RAISE:TypeError;RAISE:TypeError;RAISE:TypeError;RAISE:TypeError;RAISE:TypeError;RAISE:TypeError;RAISE:TypeError;RAISE:TypeError;RAISE:TypeError;RAISE:TypeError;RAISE:TypeError;RAISE:TypeError;RAISE:TypeError;RAISE:TypeError;RAISE:TypeError;RAISE:TypeError;RAISE:TypeError;RAISE:TypeError;RAISE:TypeError;RAISE:TypeError;RAISE:TypeError;RAISE:TypeError;RAISE:TypeError;RAISE:TypeError;RAISE:TypeError;RAISE:TypeError;RAISE:TypeError;RAISE:TypeError;RAISE:TypeError;RAISE:TypeError;RAISE:TypeError;RAISE:TypeError;RAISE:TypeError;RAISE:TypeError;RAISE:TypeError;RAISE:TypeError;RAISE:TypeError;RAISE:TypeError;RAISE:TypeError;RAISE:TypeError;RAISE:TypeError;RAISE:TypeError;RAISE:TypeError;RAISE:TypeError;RAISE:TypeError;RAISE:TypeError;RAISE:TypeError;RAISE:TypeError;RAISE:TypeError;RAISE:TypeError;RAISE:TypeError;RAISE:TypeError;RAISE:TypeError;RAISE:TypeError;RAISE:TypeError;RAISE:TypeError;RAISE:TypeError;RAISE:TypeError;RAISE:TypeError;RAISE:TypeError;RAISE:TypeError;RAISE:TypeError;RAISE:TypeError;RAISE:TypeError;RAISE:TypeError;RAISE:TypeError;RAISE:TypeError;RAISE:TypeError;RAISE:TypeError;RAISE:TypeError;RAISE:TypeError;RAISE:TypeError;RAISE:TypeError;RAISE:TypeError;RAISE:TypeError;RAISE:TypeError;RAISE:TypeError;RAISE:TypeError;RAISE:TypeError;RAISE:TypeError;RAISE:TypeError;RAISE:TypeError;RAISE:TypeError;RAISE:TypeError;RAISE:TypeError;RAISE:TypeError;RAISE:TypeError;RAISE:TypeError;RAISE:TypeError;RAISE:TypeError;RAISE:TypeError;RAISE:TypeError;RAISE:TypeError;RAISE:TypeError;RAISE:TypeError;RAISE:TypeError;RAISE:TypeError;RAISE:TypeError;RAISE:TypeError;RAISE:TypeError;RAISE:TypeError;RAISE:TypeError;RAISE:TypeError;RAISE:TypeError;RAISE:TypeError;RAISE:TypeError;RAISE:TypeError;RAISE:TypeError;RAISE:TypeError;RAISE:TypeError;RAISE:TypeError;RAISE:TypeError;RAISE:TypeError;RAISE:TypeError;RAISE:TypeError;RAISE:TypeError;RAISE:TypeError;RAISE:TypeError;RAISE:TypeError;RAISE:TypeError;RAISE:TypeError;RAISE:TypeError;RAISE:TypeError;RAISE:TypeError;RAISE:TypeError;RAISE:TypeError;RAISE:TypeError;RAISE:TypeError;RAISE:TypeError;RAISE:TypeError;RAISE:TypeError;RAISE:TypeError;RAISE:TypeError;RAISE:TypeError;RAISE:TypeError;RAISE:TypeError;RAISE:TypeError;RAISE:TypeError;RAISE:TypeError;RAISE:TypeError;RAISE:TypeError;RAISE:TypeError;RAISE:TypeError;RAISE:TypeError;RAISE:TypeError;RAISE:TypeError;RAISE:TypeError;RAISE:TypeError;RAISE:TypeError;RAISE:TypeError;RAISE:TypeError;RAISE:TypeError;RAISE:TypeError;RAISE:TypeError;RAISE:TypeError;RAISE:TypeError;RAISE:TypeError;RAISE:TypeError;RAISE:TypeError;RAISE:TypeError;RAISE:TypeError;RAISE:TypeError;RAISE:TypeError;RAISE:TypeError;RAISE:TypeError;RAISE:TypeError;RAISE:TypeError;RAISE:TypeError;RAISE:TypeError;RAISE:TypeError;RAISE:TypeError;RAISE:TypeError;RAISE:TypeError;RAISE:TypeError;RAISE:TypeError;RAISE:TypeError;RAISE:TypeError;RAISE:TypeError;RAISE:TypeError;RAISE:TypeError;RAISE:TypeError;RAISE:TypeError;RAISE:TypeError;RAISE:TypeError;RAISE:TypeError;RAISE:TypeError;RAISE:TypeError;RAISE:TypeError;RAISE:TypeError;RAISE:TypeError;RAISE:TypeError;RAISE:TypeError;RAISE:TypeError;RAISE:TypeError;RAISE:TypeError;RAISE:TypeError;RAISE:TypeError;RAISE:TypeError;RAISE:TypeError;RAISE:TypeError;RAISE:TypeError;RAISE:TypeError;RAISE:TypeError;RAISE:TypeError;RAISE:TypeError;RAISE:TypeError;RAISE:TypeError;RAISE:TypeError;RAISE:TypeError;RAISE:TypeError;RAISE:TypeError;RAISE:TypeError;RAISE:TypeError,0,289
A4_3_5,1,whole|whole,Decimal,c_int64,"whole/L1/17:-2^63,-2^63+1,-2^53-1,-2^31,-42,-1,0,1,7,42,1000,2^31-1,2^31,2^53-1,2^53+1,2^63-1,2^64-1","whole/L1/16:-2^63,-2^63+1,-2^53-1,-2^31,-42,-1,0,1,7,42,1000,2^31-1,2^31,2^53-1,2^53+1,2^63-1",272,"[-1, 0.0, 0];[-1, 1.0, 0];[-1, 1.9999999999997728483691616929718, 52];[-1, 0.0, 0];[-1, 1.0, 3];[-1, 0.0, 0];RAISE:InvalidOperation;[-1, 0.0, 0];[-1, 1.0, 0];[-1, 1.0, 3];[-1, 1.578125, 9];[-1, 1.0, 1];[-1, 0.0, 0];[-1, 1.0, 10];[-1, 1.9999999999997728483691616929718, 52];[-1, 1.0, 0];[-1, 1.9999999999999999997831595655029, 62];[-1, 0.0, 0];[-1, 1.9999999999997726263245567679405, 52];[-1, 1.999999999068677425384521484375, 30];[-1, 1.75, 2];[-1, 0.0, 0];RAISE:InvalidOperation;[-1, 0.0, 0];[-1, 0.0, 0];[-1, 1.75, 2];[-1, 1.576171875, 9];[-1, 1.0, 0];[-1, 1.999999999068677425384521484375, 30];[-1, 1.998046875, 9];[-1, 1.9999999999997726263245567679405, 52];[-1, 0.0, 0];[-1, 1.0000000000000001110223024625157, 53];[-1, 1.0000000000000001110223024625157, 53];[-1, 0.0, 0];[-1, 1.0, 0];[-1, 1.03125, 5];[-1, 0.0, 0];RAISE:InvalidOperation;[-1, 0.0, 0];[-1, 1.25, 2];[-1, 1.03125, 5];[-1, 1.939453125, 9];[-1, 1.0000002384185791015625, 22];[-1, 1.0, 0];[-1, 1.0, 1];[-1, 0.0, 0];[-1, 1.0000000000000001110223024625157, 53];[-1, 1.0, 31];[-1, 1.0, 31];[-1, 1.0, 31];[-1, 0.0, 0];[-1, 1.0, 1];[-1, 0.0, 0];RAISE:InvalidOperation;[-1, 0.0, 0];[-1, 1.0, 1];[-1, 1.0, 1];[-1, 1.265625, 9];[-1, 1.0, 0];[-1, 0.0, 0];[-1, 1.0, 31];[-1, 1.0, 31];[-1, 1.0, 31];[-1, 1.3125, 5];[-1, 1.3125, 5];[-1, 1.3125, 5];[-1, 1.3125, 5];[-1, 0.0, 0];[-1, 0.0, 0];RAISE:InvalidOperation;[-1, 0.0, 0];[-1, 0.0, 0];[-1, 0.0, 0];[-1, 1.3125, 5];[-1, 1.3125, 5];[-1, 1.3125, 5];[-1, 1.3125, 5];[-1, 1.3125, 5];[-1, 1.3125, 5];[-1, 1.0, 0];[-1, 1.0, 0];[-1, 1.0, 0];[-1, 1.0, 0];[-1, 1.0, 0];[-1, 0.0, 0];RAISE:InvalidOperation;[-1, 0.0, 0];[-1, 1.0, 0];[-1, 1.0, 0];[-1, 1.0, 0];[-1, 1.0, 0];[-1, 1.0, 0];[-1, 1.0, 0];[-1, 1.0, 0];[-1, 1.0, 0];[1, 0.0, 0];[1, 0.0, 0];[1, 0.0, 0];[1, 0.0, 0];[1, 0.0, 0];[1, 0.0, 0];RAISE:InvalidOperation;[1, 0.0, 0];[1, 0.0, 0];[1, 0.0, 0];[1, 0.0, 0];[1, 0.0, 0];[1, 0.0, 0];[1, 0.0, 0];[1, 0.0, 0];[1, 0.0, 0];[1, 1.0, 0];[1, 1.0, 0];[1, 1.0, 0];[1, 1.0, 0];[1, 1.0, 0];[1, 0.0, 0];RAISE:InvalidOperation;[1, 0.0, 0];[1, 1.0, 0];[1, 1.0, 0];[1, 1.0, 0];[1, 1.0, 0];[1, 1.0, 0];[1, 1.0, 0];[1, 1.0, 0];[1, 1.0, 0];[1, 1.75, 2];[1, 1.75, 2];[1, 1.75, 2];[1, 1.75, 2];[1, 1.75, 2];[1, 0.0, 0];RAISE:InvalidOperation;[1, 0.0, 0];[1, 0.0, 0];[1, 1.75, 2];[1, 1.75, 2];[1, 1.75, 2];[1, 1.75, 2];[1, 1.75, 2];[1, 1.75, 2];[1, 1.75, 2];[1, 1.3125, 5];[1, 1.3125, 5];[1, 1.3125, 5];[1, 1.3125, 5];[1, 0.0, 0];[1, 0.0, 0];RAISE:InvalidOperation;[1, 0.0, 0];[1, 0.0, 0];[1, 0.0, 0];[1, 1.3125, 5];[1, 1.3125, 5];[1, 1.3125, 5];[1, 1.3125, 5];[1, 1.3125, 5];[1, 1.3125, 5];[1, 1.953125, 9];[1, 1.953125, 9];[1, 1.953125, 9];[1, 1.953125, 9];[1, 1.0625, 5];[1, 0.0, 0];RAISE:InvalidOperation;[1, 0.0, 0];[1, 1.5, 2];[1, 1.0625, 5];[1, 0.0, 0];[1, 1.953125, 9];[1, 1.953125, 9];[1, 1.953125, 9];[1, 1.953125, 9];[1, 1.953125, 9];[1, 1.999999999068677425384521484375, 30];[1, 1.999999999068677425384521484375, 30];[1, 1.999999999068677425384521484375, 30];[1, 1.999999999068677425384521484375, 30];[1, 1.0, 0];[1, 0.0, 0];RAISE:InvalidOperation;[1, 0.0, 0];[1, 1.0, 0];[1, 1.0, 0];[1, 1.263671875, 9];[1, 0.0, 0];[1, 1.999999999068677425384521484375, 30];[1, 1.999999999068677425384521484375, 30];[1, 1.999999999068677425384521484375, 30];[1, 1.999999999068677425384521484375, 30];[1, 1.0, 31];[1, 1.0, 31];[1, 1.0, 31];[1, 0.0, 0];[1, 1.0, 1];[1, 0.0, 0];RAISE:InvalidOperation;[1, 0.0, 0];[1, 1.0, 1];[1, 1.0, 1];[1, 1.265625, 9];[1, 1.0, 0];[1, 0.0, 0];[1, 1.0, 31];[1, 1.0, 31];[1, 1.0, 31];[1, 1.9999999999999997779553950749687, 52];[1, 1.9999999999999997779553950749687, 52];[1, 1.9999999999999997779553950749687, 52];[1, 1.999999999068677425384521484375, 30];[1, 1.9375, 4];[1, 0.0, 0];RAISE:InvalidOperation;[1, 0.0, 0];[1, 1.5, 1];[1, 1.9375, 4];[1, 1.935546875, 9];[1, 1.999999523162841796875, 21];[1, 1.999999999068677425384521484375, 30];[1, 0.0, 0];[1, 1.9999999999999997779553950749687, 52];[1, 1.9999999999999997779553950749687, 52];[1, 1.0000000000000001110223024625157, 53];[1, 1.0000000000000001110223024625157, 53];[1, 0.0, 0];[1, 1.0, 0];[1, 1.03125, 5];[1, 0.0, 0];RAISE:InvalidOperation;[1, 0.0, 0];[1, 1.25, 2];[1, 1.03125, 5];[1, 1.939453125, 9];[1, 1.0000002384185791015625, 22];[1, 1.0, 0];[1, 1.0, 1];[1, 0.0, 0];[1, 1.0000000000000001110223024625157, 53];[1, 1.9999999999999999997831595655029, 62];[1, 0.0, 0];[1, 1.9999999999997726263245567679405, 52];[1, 1.999999999068677425384521484375, 30];[1, 1.75, 2];[1, 0.0, 0];RAISE:InvalidOperation;[1, 0.0, 0];[1, 0.0, 0];[1, 1.75, 2];[1, 1.576171875, 9];[1, 1.0, 0];[1, 1.999999999068677425384521484375, 30];[1, 1.998046875, 9];[1, 1.9999999999997726263245567679405, 52];[1, 0.0, 0];[1, 1.9999999999999999997831595655029, 62];[1, 1.0, 0];[1, 1.999999999999545252649113535881, 52];[1, 1.999999999068677425384521484375, 30];[1, 1.875, 3];[1, 0.0, 0];RAISE:InvalidOperation;[1, 0.0, 0];[1, 1.0, 0];[1, 1.875, 3];[1, 1.201171875, 9];[1, 1.5, 1];[1, 1.999999999068677425384521484375, 30];[1, 1.9990234375, 10];[1, 1.999999999999545252649113535881, 52];[1, 1.0, 0]",255,17
A4_3_6,1,whole|fractional,Decimal,float,"whole/L1/17:-2^63,-2^63+1,-2^53-1,-2^31,-42,-1,0,1,7,42,1000,2^31-1,2^31,2^53-1,2^53+1,2^63-1,2^64-1","fractional/L1/16:-max_finite,-1.5,-1.0,-(1.0-1ulp),-0.0,+0.0,+min_subnormal,+min_normal,1.0-1ulp,1.0,1.0+1ulp,1.5,pi,2^53,max_finite,0.1",272,RAISE:TypeError;RAISE:TypeError;RAISE:TypeError;RAISE:TypeError;RAISE:TypeError;RAISE:TypeError;RAISE:TypeError;RAISE:TypeError;RAISE:TypeError;RAISE:TypeError;RAISE:TypeError;RAISE:TypeError;RAISE:TypeError;RAISE:TypeError;RAISE:TypeError;RAISE:TypeError;RAISE:TypeError;RAISE:TypeError;RAISE:TypeError;RAISE:TypeError;RAISE:TypeError;RAISE:TypeError;RAISE:TypeError;RAISE:TypeError;RAISE:TypeError;RAISE:TypeError;RAISE:TypeError;RAISE:TypeError;RAISE:TypeError;RAISE:TypeError;RAISE:TypeError;RAISE:TypeError;RAISE:TypeError;RAISE:TypeError;RAISE:TypeError;RAISE:TypeError;RAISE:TypeError;RAISE:TypeError;RAISE:TypeError;RAISE:TypeError;RAISE:TypeError;RAISE:TypeError;RAISE:TypeError;RAISE:TypeError;RAISE:TypeError;RAISE:TypeError;RAISE:TypeError;RAISE:TypeError;RAISE:TypeError;RAISE:TypeError;RAISE:TypeError;RAISE:TypeError;RAISE:TypeError;RAISE:TypeError;RAISE:TypeError;RAISE:TypeError;RAISE:TypeError;RAISE:TypeError;RAISE:TypeError;RAISE:TypeError;RAISE:TypeError;RAISE:TypeError;RAISE:TypeError;RAISE:TypeError;RAISE:TypeError;RAISE:TypeError;RAISE:TypeError;RAISE:TypeError;RAISE:TypeError;RAISE:TypeError;RAISE:TypeError;RAISE:TypeError;RAISE:TypeError;RAISE:TypeError;RAISE:TypeError;RAISE:TypeError;RAISE:TypeError;RAISE:TypeError;RAISE:TypeError;RAISE:TypeError;RAISE:TypeError;RAISE:TypeError;RAISE:TypeError;RAISE:TypeError;RAISE:TypeError;RAISE:TypeError;RAISE:TypeError;RAISE:TypeError;RAISE:TypeError;RAISE:TypeError;RAISE:TypeError;RAISE:TypeError;RAISE:TypeError;RAISE:TypeError;RAISE:TypeError;RAISE:TypeError;RAISE:TypeError;RAISE:TypeError;RAISE:TypeError;RAISE:TypeError;RAISE:TypeError;RAISE:TypeError;RAISE:TypeError;RAISE:TypeError;RAISE:TypeError;RAISE:TypeError;RAISE:TypeError;RAISE:TypeError;RAISE:TypeError;RAISE:TypeError;RAISE:TypeError;RAISE:TypeError;RAISE:TypeError;RAISE:TypeError;RAISE:TypeError;RAISE:TypeError;RAISE:TypeError;RAISE:TypeError;RAISE:TypeError;RAISE:TypeError;RAISE:TypeError;RAISE:TypeError;RAISE:TypeError;RAISE:TypeError;RAISE:TypeError;RAISE:TypeError;RAISE:TypeError;RAISE:TypeError;RAISE:TypeError;RAISE:TypeError;RAISE:TypeError;RAISE:TypeError;RAISE:TypeError;RAISE:TypeError;RAISE:TypeError;RAISE:TypeError;RAISE:TypeError;RAISE:TypeError;RAISE:TypeError;RAISE:TypeError;RAISE:TypeError;RAISE:TypeError;RAISE:TypeError;RAISE:TypeError;RAISE:TypeError;RAISE:TypeError;RAISE:TypeError;RAISE:TypeError;RAISE:TypeError;RAISE:TypeError;RAISE:TypeError;RAISE:TypeError;RAISE:TypeError;RAISE:TypeError;RAISE:TypeError;RAISE:TypeError;RAISE:TypeError;RAISE:TypeError;RAISE:TypeError;RAISE:TypeError;RAISE:TypeError;RAISE:TypeError;RAISE:TypeError;RAISE:TypeError;RAISE:TypeError;RAISE:TypeError;RAISE:TypeError;RAISE:TypeError;RAISE:TypeError;RAISE:TypeError;RAISE:TypeError;RAISE:TypeError;RAISE:TypeError;RAISE:TypeError;RAISE:TypeError;RAISE:TypeError;RAISE:TypeError;RAISE:TypeError;RAISE:TypeError;RAISE:TypeError;RAISE:TypeError;RAISE:TypeError;RAISE:TypeError;RAISE:TypeError;RAISE:TypeError;RAISE:TypeError;RAISE:TypeError;RAISE:TypeError;RAISE:TypeError;RAISE:TypeError;RAISE:TypeError;RAISE:TypeError;RAISE:TypeError;RAISE:TypeError;RAISE:TypeError;RAISE:TypeError;RAISE:TypeError;RAISE:TypeError;RAISE:TypeError;RAISE:TypeError;RAISE:TypeError;RAISE:TypeError;RAISE:TypeError;RAISE:TypeError;RAISE:TypeError;RAISE:TypeError;RAISE:TypeError;RAISE:TypeError;RAISE:TypeError;RAISE:TypeError;RAISE:TypeError;RAISE:TypeError;RAISE:TypeError;RAISE:TypeError;RAISE:TypeError;RAISE:TypeError;RAISE:TypeError;RAISE:TypeError;RAISE:TypeError;RAISE:TypeError;RAISE:TypeError;RAISE:TypeError;RAISE:TypeError;RAISE:TypeError;RAISE:TypeError;RAISE:TypeError;RAISE:TypeError;RAISE:TypeError;RAISE:TypeError;RAISE:TypeError;RAISE:TypeError;RAISE:TypeError;RAISE:TypeError;RAISE:TypeError;RAISE:TypeError;RAISE:TypeError;RAISE:TypeError;RAISE:TypeError;RAISE:TypeError;RAISE:TypeError;RAISE:TypeError;RAISE:TypeError;RAISE:TypeError;RAISE:TypeError;RAISE:TypeError;RAISE:TypeError;RAISE:TypeError;RAISE:TypeError;RAISE:TypeError;RAISE:TypeError;RAISE:TypeError;RAISE:TypeError;RAISE:TypeError;RAISE:TypeError;RAISE:TypeError;RAISE:TypeError;RAISE:TypeError;RAISE:TypeError;RAISE:TypeError;RAISE:TypeError;RAISE:TypeError;RAISE:TypeError;RAISE:TypeError;RAISE:TypeError;RAISE:TypeError;RAISE:TypeError;RAISE:TypeError;RAISE:TypeError;RAISE:TypeError;RAISE:TypeError;RAISE:TypeError;RAISE:TypeError,0,272
A4_3_7,1,whole|fractional,Decimal,Decimal,"whole/L1/17:-2^63,-2^63+1,-2^53-1,-2^31,-42,-1,0,1,7,42,1000,2^31-1,2^31,2^53-1,2^53+1,2^63-1,2^64-1","fractional/L1/16:-max_finite,-1.5,-1.0,-(1.0-1ulp),-0.0,+0.0,+min_subnormal,+min_normal,1.0-1ulp,1.0,1.0+1ulp,1.5,pi,2^53,max_finite,0.1",272,"[-1, 1.0, 63];[-1, 1.0, -1];[-1, 0.0, 0];[-1, 1.348814741910692, -2];RAISE:InvalidOperation;RAISE:InvalidOperation;RAISE:InvalidOperation;RAISE:InvalidOperation;[-1, 1.348814741910692, -2];[-1, 0.0, 0];[-1, 1.3023705161808296, -2];[-1, 1.0, -1];[-1, 1.084044322389943, 0];[-1, 0.0, 0];[-1, 1.0, 63];[-1, 0.0, 0];[-1, 1.9999999999999999997831595655029, 62];[-1, 1.0, 0];[-1, 0.0, 0];[-1, 1.3488147419106916, -2];RAISE:InvalidOperation;RAISE:InvalidOperation;RAISE:InvalidOperation;RAISE:InvalidOperation;[-1, 1.3488147419106916, -2];[-1, 0.0, 0];[-1, 1.3023705161808304, -2];[-1, 1.0, 0];[-1, 1.344709158239088, -4];[-1, 1.9999999999999997779553950749687, 52];[-1, 1.9999999999999999997831595655029, 62];[-1, 0.0, 0];[-1, 1.0000000000000001110223024625157, 53];[-1, 0.0, 0];[-1, 0.0, 0];[-1, 1.8014398509481986, -1];RAISE:InvalidOperation;RAISE:InvalidOperation;RAISE:InvalidOperation;RAISE:InvalidOperation;[-1, 1.8014398509481986, -1];[-1, 0.0, 0];[-1, 1.5884811924144144, -3];[-1, 0.0, 0];[-1, 1.3488206942175515, 1];[-1, 1.0, 0];[-1, 1.0000000000000001110223024625157, 53];[-1, 0.0, 0];[-1, 1.0, 31];[-1, 1.0, -1];[-1, 0.0, 0];[-1, 1.8014398509481984, -23];RAISE:InvalidOperation;RAISE:InvalidOperation;RAISE:InvalidOperation;RAISE:InvalidOperation;[-1, 1.8014398509481984, -23];[-1, 0.0, 0];[-1, 1.9999991410065412, -1];[-1, 1.0, -1];[-1, 1.810913410761925, 0];[-1, 1.0, 31];[-1, 1.0, 31];[-1, 0.0, 0];[-1, 1.3125, 5];[-1, 0.0, 0];[-1, 0.0, 0];[-1, 1.1821949021847552, -48];RAISE:InvalidOperation;RAISE:InvalidOperation;RAISE:InvalidOperation;RAISE:InvalidOperation;[-1, 1.1821949021847552, -48];[-1, 0.0, 0];[-1, 1.9999999999999836, -1];[-1, 0.0, 0];[-1, 1.159295503332691, 0];[-1, 1.3125, 5];[-1, 1.3125, 5];[-1, 0.0, 0];[-1, 1.0, 0];[-1, 1.0, 0];[-1, 0.0, 0];[-1, 1.8014398509481984, -54];RAISE:InvalidOperation;RAISE:InvalidOperation;RAISE:InvalidOperation;RAISE:InvalidOperation;[-1, 1.8014398509481984, -54];[-1, 0.0, 0];[-1, 1.0, 0];[-1, 1.0, 0];[-1, 1.0, 0];[-1, 1.0, 0];[-1, 1.0, 0];[-1, 0.0, 0];[1, 0.0, 0];[1, 0.0, 0];[1, 0.0, 0];[1, 0.0, 0];RAISE:InvalidOperation;RAISE:InvalidOperation;[1, 0.0, 0];[1, 0.0, 0];[1, 0.0, 0];[1, 0.0, 0];[1, 0.0, 0];[1, 0.0, 0];[1, 0.0, 0];[1, 0.0, 0];[1, 0.0, 0];[1, 0.0, 0];[1, 1.0, 0];[1, 1.0, 0];[1, 0.0, 0];[1, 1.8014398509481984, -54];RAISE:InvalidOperation;RAISE:InvalidOperation;RAISE:InvalidOperation;RAISE:InvalidOperation;[1, 1.8014398509481984, -54];[1, 0.0, 0];[1, 1.0, 0];[1, 1.0, 0];[1, 1.0, 0];[1, 1.0, 0];[1, 1.0, 0];[1, 0.0, 0];[1, 1.75, 2];[1, 1.0, 0];[1, 0.0, 0];[1, 1.5762598695796736, -51];RAISE:InvalidOperation;RAISE:InvalidOperation;RAISE:InvalidOperation;RAISE:InvalidOperation;[1, 1.5762598695796736, -51];[1, 0.0, 0];[1, 1.9999999999999976, -1];[1, 1.0, 0];[1, 1.433629385640828, -1];[1, 1.75, 2];[1, 1.75, 2];[1, 0.0, 0];[1, 1.3125, 5];[1, 0.0, 0];[1, 0.0, 0];[1, 1.1821949021847552, -48];RAISE:InvalidOperation;RAISE:InvalidOperation;RAISE:InvalidOperation;RAISE:InvalidOperation;[1, 1.1821949021847552, -48];[1, 0.0, 0];[1, 1.9999999999999836, -1];[1, 0.0, 0];[1, 1.159295503332691, 0];[1, 1.3125, 5];[1, 1.3125, 5];[1, 0.0, 0];[1, 1.953125, 9];[1, 1.0, 0];[1, 0.0, 0];[1, 1.7592186044416, -44];RAISE:InvalidOperation;RAISE:InvalidOperation;RAISE:InvalidOperation;RAISE:InvalidOperation;[1, 1.7592186044416, -44];[1, 0.0, 0];[1, 1.9999999999996004, -1];[1, 1.0, 0];[1, 1.947072316891652, -1];[1, 1.953125, 9];[1, 1.953125, 9];[1, 0.0, 0];[1, 1.999999999068677425384521484375, 30];[1, 1.0, 0];[1, 0.0, 0];[1, 1.8014398501093376, -23];RAISE:InvalidOperation;RAISE:InvalidOperation;RAISE:InvalidOperation;RAISE:InvalidOperation;[1, 1.8014398501093376, -23];[1, 0.0, 0];[1, 1.9999991410065416, -1];[1, 1.0, 0];[1, 1.62182682152385, -1];[1, 1.999999999068677425384521484375, 30];[1, 1.999999999068677425384521484375, 30];[1, 0.0, 0];[1, 1.0, 31];[1, 1.0, -1];[1, 0.0, 0];[1, 1.8014398509481984, -23];RAISE:InvalidOperation;RAISE:InvalidOperation;RAISE:InvalidOperation;RAISE:InvalidOperation;[1, 1.8014398509481984, -23];[1, 0.0, 0];[1, 1.9999991410065412, -1];[1, 1.0, -1];[1, 1.810913410761925, 0];[1, 1.0, 31];[1, 1.0, 31];[1, 0.0, 0];[1, 1.9999999999999997779553950749687, 52];[1, 1.0, 0];[1, 0.0, 0];[1, 1.8014398509481982, -1];RAISE:InvalidOperation;RAISE:InvalidOperation;RAISE:InvalidOperation;RAISE:InvalidOperation;[1, 1.8014398509481982, -1];[1, 0.0, 0];[1, 1.5884811924144176, -3];[1, 1.0, 0];[1, 1.395282776870206, -1];[1, 1.9999999999999997779553950749687, 52];[1, 1.9999999999999997779553950749687, 52];[1, 0.0, 0];[1, 1.0000000000000001110223024625157, 53];[1, 0.0, 0];[1, 0.0, 0];[1, 1.8014398509481986, -1];RAISE:InvalidOperation;RAISE:InvalidOperation;RAISE:InvalidOperation;RAISE:InvalidOperation;[1, 1.8014398509481986, -1];[1, 0.0, 0];[1, 1.5884811924144144, -3];[1, 0.0, 0];[1, 1.3488206942175515, 1];[1, 1.0, 0];[1, 1.0000000000000001110223024625157, 53];[1, 0.0, 0];[1, 1.9999999999999999997831595655029, 62];[1, 1.0, 0];[1, 0.0, 0];[1, 1.3488147419106916, -2];RAISE:InvalidOperation;RAISE:InvalidOperation;RAISE:InvalidOperation;RAISE:InvalidOperation;[1, 1.3488147419106916, -2];[1, 0.0, 0];[1, 1.3023705161808304, -2];[1, 1.0, 0];[1, 1.344709158239088, -4];[1, 1.9999999999999997779553950749687, 52];[1, 1.9999999999999999997831595655029, 62];[1, 0.0, 0];[1, 1.9999999999999999998915797827514, 63];[1, 0.0, 0];[1, 0.0, 0];[1, 1.3488147419106918, -1];RAISE:InvalidOperation;RAISE:InvalidOperation;RAISE:InvalidOperation;RAISE:InvalidOperation;[1, 1.3488147419106918, -1];[1, 0.0, 0];[1, 1.30237051618083, -1];[1, 0.0, 0];[1, 1.168088644779886, 0];[1, 1.9999999999999997779553950749687, 52];[1, 1.9999999999999999998915797827514, 63];[1, 0.0, 0]",206,66
A4_3_8,1,whole|fractional,Decimal,Fraction,"whole/L1/17:-2^63,-2^63+1,-2^53-1,-2^31,-42,-1,0,1,7,42,1000,2^31-1,2^31,2^53-1,2^53+1,2^63-1,2^64-1","fractional/L1/15:-max_finite,-1.5,-1.0,-(1.0-1ulp),+0.0,+min_subnormal,+min_normal,1.0-1ulp,1.0,1.0+1ulp,1.5,pi,2^53,max_finite,0.1",255,RAISE:TypeError;RAISE:TypeError;RAISE:TypeError;RAISE:TypeError;RAISE:TypeError;RAISE:TypeError;RAISE:TypeError;RAISE:TypeError;RAISE:TypeError;RAISE:TypeError;RAISE:TypeError;RAISE:TypeError;RAISE:TypeError;RAISE:TypeError;RAISE:TypeError;RAISE:TypeError;RAISE:TypeError;RAISE:TypeError;RAISE:TypeError;RAISE:TypeError;RAISE:TypeError;RAISE:TypeError;RAISE:TypeError;RAISE:TypeError;RAISE:TypeError;RAISE:TypeError;RAISE:TypeError;RAISE:TypeError;RAISE:TypeError;RAISE:TypeError;RAISE:TypeError;RAISE:TypeError;RAISE:TypeError;RAISE:TypeError;RAISE:TypeError;RAISE:TypeError;RAISE:TypeError;RAISE:TypeError;RAISE:TypeError;RAISE:TypeError;RAISE:TypeError;RAISE:TypeError;RAISE:TypeError;RAISE:TypeError;RAISE:TypeError;RAISE:TypeError;RAISE:TypeError;RAISE:TypeError;RAISE:TypeError;RAISE:TypeError;RAISE:TypeError;RAISE:TypeError;RAISE:TypeError;RAISE:TypeError;RAISE:TypeError;RAISE:TypeError;RAISE:TypeError;RAISE:TypeError;RAISE:TypeError;RAISE:TypeError;RAISE:TypeError;RAISE:TypeError;RAISE:TypeError;RAISE:TypeError;RAISE:TypeError;RAISE:TypeError;RAISE:TypeError;RAISE:TypeError;RAISE:TypeError;RAISE:TypeError;RAISE:TypeError;RAISE:TypeError;RAISE:TypeError;RAISE:TypeError;RAISE:TypeError;RAISE:TypeError;RAISE:TypeError;RAISE:TypeError;RAISE:TypeError;RAISE:TypeError;RAISE:TypeError;RAISE:TypeError;RAISE:TypeError;RAISE:TypeError;RAISE:TypeError;RAISE:TypeError;RAISE:TypeError;RAISE:TypeError;RAISE:TypeError;RAISE:TypeError;RAISE:TypeError;RAISE:TypeError;RAISE:TypeError;RAISE:TypeError;RAISE:TypeError;RAISE:TypeError;RAISE:TypeError;RAISE:TypeError;RAISE:TypeError;RAISE:TypeError;RAISE:TypeError;RAISE:TypeError;RAISE:TypeError;RAISE:TypeError;RAISE:TypeError;RAISE:TypeError;RAISE:TypeError;RAISE:TypeError;RAISE:TypeError;RAISE:TypeError;RAISE:TypeError;RAISE:TypeError;RAISE:TypeError;RAISE:TypeError;RAISE:TypeError;RAISE:TypeError;RAISE:TypeError;RAISE:TypeError;RAISE:TypeError;RAISE:TypeError;RAISE:TypeError;RAISE:TypeError;RAISE:TypeError;RAISE:TypeError;RAISE:TypeError;RAISE:TypeError;RAISE:TypeError;RAISE:TypeError;RAISE:TypeError;RAISE:TypeError;RAISE:TypeError;RAISE:TypeError;RAISE:TypeError;RAISE:TypeError;RAISE:TypeError;RAISE:TypeError;RAISE:TypeError;RAISE:TypeError;RAISE:TypeError;RAISE:TypeError;RAISE:TypeError;RAISE:TypeError;RAISE:TypeError;RAISE:TypeError;RAISE:TypeError;RAISE:TypeError;RAISE:TypeError;RAISE:TypeError;RAISE:TypeError;RAISE:TypeError;RAISE:TypeError;RAISE:TypeError;RAISE:TypeError;RAISE:TypeError;RAISE:TypeError;RAISE:TypeError;RAISE:TypeError;RAISE:TypeError;RAISE:TypeError;RAISE:TypeError;RAISE:TypeError;RAISE:TypeError;RAISE:TypeError;RAISE:TypeError;RAISE:TypeError;RAISE:TypeError;RAISE:TypeError;RAISE:TypeError;RAISE:TypeError;RAISE:TypeError;RAISE:TypeError;RAISE:TypeError;RAISE:TypeError;RAISE:TypeError;RAISE:TypeError;RAISE:TypeError;RAISE:TypeError;RAISE:TypeError;RAISE:TypeError;RAISE:TypeError;RAISE:TypeError;RAISE:TypeError;RAISE:TypeError;RAISE:TypeError;RAISE:TypeError;RAISE:TypeError;RAISE:TypeError;RAISE:TypeError;RAISE:TypeError;RAISE:TypeError;RAISE:TypeError;RAISE:TypeError;RAISE:TypeError;RAISE:TypeError;RAISE:TypeError;RAISE:TypeError;RAISE:TypeError;RAISE:TypeError;RAISE:TypeError;RAISE:TypeError;RAISE:TypeError;RAISE:TypeError;RAISE:TypeError;RAISE:TypeError;RAISE:TypeError;RAISE:TypeError;RAISE:TypeError;RAISE:TypeError;RAISE:TypeError;RAISE:TypeError;RAISE:TypeError;RAISE:TypeError;RAISE:TypeError;RAISE:TypeError;RAISE:TypeError;RAISE:TypeError;RAISE:TypeError;RAISE:TypeError;RAISE:TypeError;RAISE:TypeError;RAISE:TypeError;RAISE:TypeError;RAISE:TypeError;RAISE:TypeError;RAISE:TypeError;RAISE:TypeError;RAISE:TypeError;RAISE:TypeError;RAISE:TypeError;RAISE:TypeError;RAISE:TypeError;RAISE:TypeError;RAISE:TypeError;RAISE:TypeError;RAISE:TypeError;RAISE:TypeError;RAISE:TypeError;RAISE:TypeError;RAISE:TypeError;RAISE:TypeError;RAISE:TypeError;RAISE:TypeError;RAISE:TypeError;RAISE:TypeError;RAISE:TypeError;RAISE:TypeError;RAISE:TypeError;RAISE:TypeError;RAISE:TypeError;RAISE:TypeError;RAISE:TypeError;RAISE:TypeError;RAISE:TypeError;RAISE:TypeError;RAISE:TypeError,0,255
A4_4_1,1,whole|truth,Fraction,bool,"whole/L1/17:-2^63,-2^63+1,-2^53-1,-2^31,-42,-1,0,1,7,42,1000,2^31-1,2^31,2^53-1,2^53+1,2^63-1,2^64-1","truth/L1/6:true,false,0,1,"""",nil",102,"[1, 0.0, 0];RAISE:ZeroDivisionError;RAISE:ZeroDivisionError;[1, 0.0, 0];RAISE:TypeError;RAISE:TypeError;[1, 0.0, 0];RAISE:ZeroDivisionError;RAISE:ZeroDivisionError;[1, 0.0, 0];RAISE:TypeError;RAISE:TypeError;[1, 0.0, 0];RAISE:ZeroDivisionError;RAISE:ZeroDivisionError;[1, 0.0, 0];RAISE:TypeError;RAISE:TypeError;[1, 0.0, 0];RAISE:ZeroDivisionError;RAISE:ZeroDivisionError;[1, 0.0, 0];RAISE:TypeError;RAISE:TypeError;[1, 0.0, 0];RAISE:ZeroDivisionError;RAISE:ZeroDivisionError;[1, 0.0, 0];RAISE:TypeError;RAISE:TypeError;[1, 0.0, 0];RAISE:ZeroDivisionError;RAISE:ZeroDivisionError;[1, 0.0, 0];RAISE:TypeError;RAISE:TypeError;[1, 0.0, 0];RAISE:ZeroDivisionError;RAISE:ZeroDivisionError;[1, 0.0, 0];RAISE:TypeError;RAISE:TypeError;[1, 0.0, 0];RAISE:ZeroDivisionError;RAISE:ZeroDivisionError;[1, 0.0, 0];RAISE:TypeError;RAISE:TypeError;[1, 0.0, 0];RAISE:ZeroDivisionError;RAISE:ZeroDivisionError;[1, 0.0, 0];RAISE:TypeError;RAISE:TypeError;[1, 0.0, 0];RAISE:ZeroDivisionError;RAISE:ZeroDivisionError;[1, 0.0, 0];RAISE:TypeError;RAISE:TypeError;[1, 0.0, 0];RAISE:ZeroDivisionError;RAISE:ZeroDivisionError;[1, 0.0, 0];RAISE:TypeError;RAISE:TypeError;[1, 0.0, 0];RAISE:ZeroDivisionError;RAISE:ZeroDivisionError;[1, 0.0, 0];RAISE:TypeError;RAISE:TypeError;[1, 0.0, 0];RAISE:ZeroDivisionError;RAISE:ZeroDivisionError;[1, 0.0, 0];RAISE:TypeError;RAISE:TypeError;[1, 0.0, 0];RAISE:ZeroDivisionError;RAISE:ZeroDivisionError;[1, 0.0, 0];RAISE:TypeError;RAISE:TypeError;[1, 0.0, 0];RAISE:ZeroDivisionError;RAISE:ZeroDivisionError;[1, 0.0, 0];RAISE:TypeError;RAISE:TypeError;[1, 0.0, 0];RAISE:ZeroDivisionError;RAISE:ZeroDivisionError;[1, 0.0, 0];RAISE:TypeError;RAISE:TypeError;[1, 0.0, 0];RAISE:ZeroDivisionError;RAISE:ZeroDivisionError;[1, 0.0, 0];RAISE:TypeError;RAISE:TypeError",34,68
A4_4_2,1,whole|whole,Fraction,int,"whole/L1/17:-2^63,-2^63+1,-2^53-1,-2^31,-42,-1,0,1,7,42,1000,2^31-1,2^31,2^53-1,2^53+1,2^63-1,2^64-1","whole/L1/17:-2^63,-2^63+1,-2^53-1,-2^31,-42,-1,0,1,7,42,1000,2^31-1,2^31,2^53-1,2^53+1,2^63-1,2^64-1",289,"[1, 0.0, 0];[-1, 1.0, 0];[-1, 1.9999999999997728483691616929718, 52];[1, 0.0, 0];[-1, 1.0, 3];[1, 0.0, 0];RAISE:ZeroDivisionError;[1, 0.0, 0];[1, 1.5, 2];[1, 1.0625, 5];[1, 1.5, 7];[1, 1.999999997206032276153564453125, 30];[1, 0.0, 0];[1, 1.9999999999997724042799518429092, 52];[1, 1.0, 10];[1, 1.9999999999999999995663191310058, 62];[1, 1.9999999999999999997831595655029, 62];[-1, 1.9999999999999999997831595655029, 62];[1, 0.0, 0];[-1, 1.9999999999997726263245567679405, 52];[-1, 1.999999999068677425384521484375, 30];[-1, 1.75, 2];[1, 0.0, 0];RAISE:ZeroDivisionError;[1, 0.0, 0];[1, 0.0, 0];[1, 1.09375, 5];[1, 1.5078125, 7];[1, 1.99999999813735485076904296875, 30];[1, 1.0, 0];[1, 1.9999999999997726263245567679405, 52];[1, 1.0009765625, 10];[1, 0.0, 0];[1, 1.0, 63];[-1, 1.0000000000000001110223024625157, 53];[-1, 1.0000000000000001110223024625157, 53];[1, 0.0, 0];[-1, 1.0, 0];[-1, 1.03125, 5];[1, 0.0, 0];RAISE:ZeroDivisionError;[1, 0.0, 0];[1, 1.0, 1];[1, 1.125, 3];[1, 1.75, 2];[1, 1.99609374813735485076904296875, 30];[1, 1.999999999068677425384521484375, 30];[1, 1.9999999999999993338661852249061, 52];[1, 0.0, 0];[1, 1.9980468749999999995663191310058, 62];[1, 1.9990234374999999997831595655029, 63];[-1, 1.0, 31];[-1, 1.0, 31];[-1, 1.0, 31];[1, 0.0, 0];[-1, 1.0, 1];[1, 0.0, 0];RAISE:ZeroDivisionError;[1, 0.0, 0];[1, 1.25, 2];[1, 1.25, 5];[1, 1.375, 8];[1, 1.99999999813735485076904296875, 30];[1, 0.0, 0];[1, 1.9999995231628415748303950749687, 52];[1, 1.9999995231628420189196049250313, 52];[1, 1.9999999995343387124754203076904, 62];[1, 1.9999999997671693562377101538452, 63];[-1, 1.3125, 5];[-1, 1.3125, 5];[-1, 1.3125, 5];[-1, 1.3125, 5];[1, 0.0, 0];[1, 0.0, 0];RAISE:ZeroDivisionError;[1, 0.0, 0];[1, 0.0, 0];[1, 0.0, 0];[1, 1.87109375, 9];[1, 1.999999959953129291534423828125, 30];[1, 1.99999996088445186614990234375, 30];[1, 1.9999999999999904520819882236538, 52];[1, 1.9999999999999908961711980737164, 52];[1, 1.9999999999999999906758613166247, 62];[1, 1.9999999999999999953379306583123, 63];[-1, 1.0, 0];[-1, 1.0, 0];[-1, 1.0, 0];[-1, 1.0, 0];[-1, 1.0, 0];[1, 0.0, 0];RAISE:ZeroDivisionError;[1, 0.0, 0];[1, 1.5, 2];[1, 1.28125, 5];[1, 1.951171875, 9];[1, 1.99999999813735485076904296875, 30];[1, 1.999999999068677425384521484375, 30];[1, 1.9999999999999995559107901499374, 52];[1, 1.0, 53];[1, 1.9999999999999999995663191310058, 62];[1, 1.9999999999999999997831595655029, 63];[1, 0.0, 0];[1, 0.0, 0];[1, 0.0, 0];[1, 0.0, 0];[1, 0.0, 0];[1, 0.0, 0];RAISE:ZeroDivisionError;[1, 0.0, 0];[1, 0.0, 0];[1, 0.0, 0];[1, 0.0, 0];[1, 0.0, 0];[1, 0.0, 0];[1, 0.0, 0];[1, 0.0, 0];[1, 0.0, 0];[1, 0.0, 0];[-1, 1.9999999999999999997831595655029, 62];[-1, 1.9999999999999999995663191310058, 62];[-1, 1.0, 53];[-1, 1.999999999068677425384521484375, 30];[-1, 1.28125, 5];[1, 0.0, 0];RAISE:ZeroDivisionError;[1, 0.0, 0];[1, 1.0, 0];[1, 1.0, 0];[1, 1.0, 0];[1, 1.0, 0];[1, 1.0, 0];[1, 1.0, 0];[1, 1.0, 0];[1, 1.0, 0];[1, 1.0, 0];[-1, 1.9999999999999999984821169585203, 62];[-1, 1.9999999999999999982652765240232, 62];[-1, 1.9999999999999986677323704498122, 52];[-1, 1.999999993480741977691650390625, 30];[-1, 1.09375, 5];[1, 0.0, 0];RAISE:ZeroDivisionError;[1, 0.0, 0];[1, 0.0, 0];[1, 1.75, 2];[1, 1.75, 2];[1, 1.75, 2];[1, 1.75, 2];[1, 1.75, 2];[1, 1.75, 2];[1, 1.75, 2];[1, 1.75, 2];[-1, 1.9999999999999999908927017511218, 62];[-1, 1.9999999999999999906758613166247, 62];[-1, 1.9999999999999908961711980737164, 52];[-1, 1.99999996088445186614990234375, 30];[1, 0.0, 0];[1, 0.0, 0];RAISE:ZeroDivisionError;[1, 0.0, 0];[1, 0.0, 0];[1, 0.0, 0];[1, 1.3125, 5];[1, 1.3125, 5];[1, 1.3125, 5];[1, 1.3125, 5];[1, 1.3125, 5];[1, 1.3125, 5];[1, 1.3125, 5];[-1, 1.9999999999999997831595655028991, 62];[-1, 1.999999999999999782942725068402, 62];[-1, 1.9999999999997781774396798937232, 52];[-1, 1.999999068677425384521484375, 30];[-1, 1.0, 3];[1, 0.0, 0];RAISE:ZeroDivisionError;[1, 0.0, 0];[1, 1.5, 2];[1, 1.0625, 5];[1, 0.0, 0];[1, 1.953125, 9];[1, 1.953125, 9];[1, 1.953125, 9];[1, 1.953125, 9];[1, 1.953125, 9];[1, 1.953125, 9];[-1, 1.9999999995343387129091011766846, 62];[-1, 1.9999999995343387126922607421875, 62];[-1, 1.9999995231628422409642098500626, 52];[-1, 1.0, 0];[-1, 1.28125, 5];[1, 0.0, 0];RAISE:ZeroDivisionError;[1, 0.0, 0];[1, 1.0, 0];[1, 1.0, 0];[1, 1.263671875, 9];[1, 0.0, 0];[1, 1.999999999068677425384521484375, 30];[1, 1.999999999068677425384521484375, 30];[1, 1.999999999068677425384521484375, 30];[1, 1.999999999068677425384521484375, 30];[1, 1.999999999068677425384521484375, 30];[-1, 1.9999999995343387126922607421875, 62];[-1, 1.9999999995343387124754203076904, 62];[-1, 1.9999995231628420189196049250313, 52];[1, 0.0, 0];[-1, 1.25, 5];[1, 0.0, 0];RAISE:ZeroDivisionError;[1, 0.0, 0];[1, 1.0, 1];[1, 1.0, 1];[1, 1.265625, 9];[1, 1.0, 0];[1, 0.0, 0];[1, 1.0, 31];[1, 1.0, 31];[1, 1.0, 31];[1, 1.0, 31];[-1, 1.9980468750000000002168404344971, 62];[-1, 1.998046875, 62];[-1, 1.0, 1];[-1, 1.0, 0];[-1, 1.375, 3];[1, 0.0, 0];RAISE:ZeroDivisionError;[1, 0.0, 0];[1, 1.5, 1];[1, 1.9375, 4];[1, 1.935546875, 9];[1, 1.999999523162841796875, 21];[1, 1.999999999068677425384521484375, 30];[1, 0.0, 0];[1, 1.9999999999999997779553950749687, 52];[1, 1.9999999999999997779553950749687, 52];[1, 1.9999999999999997779553950749687, 52];[-1, 1.9980468749999999997831595655029, 62];[-1, 1.9980468749999999995663191310058, 62];[1, 0.0, 0];[-1, 1.999999999068677425384521484375, 30];[-1, 1.125, 3];[1, 0.0, 0];RAISE:ZeroDivisionError;[1, 0.0, 0];[1, 1.25, 2];[1, 1.03125, 5];[1, 1.939453125, 9];[1, 1.0000002384185791015625, 22];[1, 1.0, 0];[1, 1.0, 1];[1, 0.0, 0];[1, 1.0000000000000001110223024625157, 53];[1, 1.0000000000000001110223024625157, 53];[-1, 1.0, 0];[1, 0.0, 0];[-1, 1.0009765625, 10];[-1, 1.0, 0];[-1, 1.09375, 5];[1, 0.0, 0];RAISE:ZeroDivisionError;[1, 0.0, 0];[1, 0.0, 0];[1, 1.75, 2];[1, 1.576171875, 9];[1, 1.0, 0];[1, 1.999999999068677425384521484375, 30];[1, 1.998046875, 9];[1, 1.9999999999997726263245567679405, 52];[1, 0.0, 0];[1, 1.9999999999999999997831595655029, 62];[-1, 1.0, 0];[-1, 1.9999999999999999995663191310058, 62];[-1, 1.00048828125, 11];[-1, 1.0, 0];[-1, 1.6875, 4];[1, 0.0, 0];RAISE:ZeroDivisionError;[1, 0.0, 0];[1, 1.0, 0];[1, 1.875, 3];[1, 1.201171875, 9];[1, 1.5, 1];[1, 1.999999999068677425384521484375, 30];[1, 1.9990234375, 10];[1, 1.999999999999545252649113535881, 52];[1, 1.0, 0];[1, 0.0, 0]",272,17
A4_4_3,1,whole|whole,Fraction,Decimal,"whole/L1/17:-2^63,-2^63+1,-2^53-1,-2^31,-42,-1,0,1,7,42,1000,2^31-1,2^31,2^53-1,2^53+1,2^63-1,2^64-1","whole/L1/17:-2^63,-2^63+1,-2^53-1,-2^31,-42,-1,0,1,7,42,1000,2^31-1,2^31,2^53-1,2^53+1,2^63-1,2^64-1",289,RAISE:TypeError;RAISE:TypeError;RAISE:TypeError;RAISE:TypeError;RAISE:TypeError;RAISE:TypeError;RAISE:TypeError;RAISE:TypeError;RAISE:TypeError;RAISE:TypeError;RAISE:TypeError;RAISE:TypeError;RAISE:TypeError;RAISE:TypeError;RAISE:TypeError;RAISE:TypeError;RAISE:TypeError;RAISE:TypeError;RAISE:TypeError;RAISE:TypeError;RAISE:TypeError;RAISE:TypeError;RAISE:TypeError;RAISE:TypeError;RAISE:TypeError;RAISE:TypeError;RAISE:TypeError;RAISE:TypeError;RAISE:TypeError;RAISE:TypeError;RAISE:TypeError;RAISE:TypeError;RAISE:TypeError;RAISE:TypeError;RAISE:TypeError;RAISE:TypeError;RAISE:TypeError;RAISE:TypeError;RAISE:TypeError;RAISE:TypeError;RAISE:TypeError;RAISE:TypeError;RAISE:TypeError;RAISE:TypeError;RAISE:TypeError;RAISE:TypeError;RAISE:TypeError;RAISE:TypeError;RAISE:TypeError;RAISE:TypeError;RAISE:TypeError;RAISE:TypeError;RAISE:TypeError;RAISE:TypeError;RAISE:TypeError;RAISE:TypeError;RAISE:TypeError;RAISE:TypeError;RAISE:TypeError;RAISE:TypeError;RAISE:TypeError;RAISE:TypeError;RAISE:TypeError;RAISE:TypeError;RAISE:TypeError;RAISE:TypeError;RAISE:TypeError;RAISE:TypeError;RAISE:TypeError;RAISE:TypeError;RAISE:TypeError;RAISE:TypeError;RAISE:TypeError;RAISE:TypeError;RAISE:TypeError;RAISE:TypeError;RAISE:TypeError;RAISE:TypeError;RAISE:TypeError;RAISE:TypeError;RAISE:TypeError;RAISE:TypeError;RAISE:TypeError;RAISE:TypeError;RAISE:TypeError;RAISE:TypeError;RAISE:TypeError;RAISE:TypeError;RAISE:TypeError;RAISE:TypeError;RAISE:TypeError;RAISE:TypeError;RAISE:TypeError;RAISE:TypeError;RAISE:TypeError;RAISE:TypeError;RAISE:TypeError;RAISE:TypeError;RAISE:TypeError;RAISE:TypeError;RAISE:TypeError;RAISE:TypeError;RAISE:TypeError;RAISE:TypeError;RAISE:TypeError;RAISE:TypeError;RAISE:TypeError;RAISE:TypeError;RAISE:TypeError;RAISE:TypeError;RAISE:TypeError;RAISE:TypeError;RAISE:TypeError;RAISE:TypeError;RAISE:TypeError;RAISE:TypeError;RAISE:TypeError;RAISE:TypeError;RAISE:TypeError;RAISE:TypeError;RAISE:TypeError;RAISE:TypeError;RAISE:TypeError;RAISE:TypeError;RAISE:TypeError;RAISE:TypeError;RAISE:TypeError;RAISE:TypeError;RAISE:TypeError;RAISE:TypeError;RAISE:TypeError;RAISE:TypeError;RAISE:TypeError;RAISE:TypeError;RAISE:TypeError;RAISE:TypeError;RAISE:TypeError;RAISE:TypeError;RAISE:TypeError;RAISE:TypeError;RAISE:TypeError;RAISE:TypeError;RAISE:TypeError;RAISE:TypeError;RAISE:TypeError;RAISE:TypeError;RAISE:TypeError;RAISE:TypeError;RAISE:TypeError;RAISE:TypeError;RAISE:TypeError;RAISE:TypeError;RAISE:TypeError;RAISE:TypeError;RAISE:TypeError;RAISE:TypeError;RAISE:TypeError;RAISE:TypeError;RAISE:TypeError;RAISE:TypeError;RAISE:TypeError;RAISE:TypeError;RAISE:TypeError;RAISE:TypeError;RAISE:TypeError;RAISE:TypeError;RAISE:TypeError;RAISE:TypeError;RAISE:TypeError;RAISE:TypeError;RAISE:TypeError;RAISE:TypeError;RAISE:TypeError;RAISE:TypeError;RAISE:TypeError;RAISE:TypeError;RAISE:TypeError;RAISE:TypeError;RAISE:TypeError;RAISE:TypeError;RAISE:TypeError;RAISE:TypeError;RAISE:TypeError;RAISE:TypeError;RAISE:TypeError;RAISE:TypeError;RAISE:TypeError;RAISE:TypeError;RAISE:TypeError;RAISE:TypeError;RAISE:TypeError;RAISE:TypeError;RAISE:TypeError;RAISE:TypeError;RAISE:TypeError;RAISE:TypeError;RAISE:TypeError;RAISE:TypeError;RAISE:TypeError;RAISE:TypeError;RAISE:TypeError;RAISE:TypeError;RAISE:TypeError;RAISE:TypeError;RAISE:TypeError;RAISE:TypeError;RAISE:TypeError;RAISE:TypeError;RAISE:TypeError;RAISE:TypeError;RAISE:TypeError;RAISE:TypeError;RAISE:TypeError;RAISE:TypeError;RAISE:TypeError;RAISE:TypeError;RAISE:TypeError;RAISE:TypeError;RAISE:TypeError;RAISE:TypeError;RAISE:TypeError;RAISE:TypeError;RAISE:TypeError;RAISE:TypeError;RAISE:TypeError;RAISE:TypeError;RAISE:TypeError;RAISE:TypeError;RAISE:TypeError;RAISE:TypeError;RAISE:TypeError;RAISE:TypeError;RAISE:TypeError;RAISE:TypeError;RAISE:TypeError;RAISE:TypeError;RAISE:TypeError;RAISE:TypeError;RAISE:TypeError;RAISE:TypeError;RAISE:TypeError;RAISE:TypeError;RAISE:TypeError;RAISE:TypeError;RAISE:TypeError;RAISE:TypeError;RAISE:TypeError;RAISE:TypeError;RAISE:TypeError;RAISE:TypeError;RAISE:TypeError;RAISE:TypeError;RAISE:TypeError;RAISE:TypeError;RAISE:TypeError;RAISE:TypeError;RAISE:TypeError;RAISE:TypeError;RAISE:TypeError;RAISE:TypeError;RAISE:TypeError;RAISE:TypeError;RAISE:TypeError;RAISE:TypeError;RAISE:TypeError;RAISE:TypeError;RAISE:TypeError;RAISE:TypeError;RAISE:TypeError;RAISE:TypeError;RAISE:TypeError;RAISE:TypeError;RAISE:TypeError;RAISE:TypeError;RAISE:TypeError;RAISE:TypeError;RAISE:TypeError;RAISE:TypeError;RAISE:TypeError;RAISE:TypeError;RAISE:TypeError;RAISE:TypeError;RAISE:TypeError;RAISE:TypeError;RAISE:TypeError;RAISE:TypeError;RAISE:TypeError;RAISE:TypeError;RAISE:TypeError,0,289
A4_4_4,1,whole|whole,Fraction,Fraction,"whole/L1/17:-2^63,-2^63+1,-2^53-1,-2^31,-42,-1,0,1,7,42,1000,2^31-1,2^31,2^53-1,2^53+1,2^63-1,2^64-1","whole/L1/17:-2^63,-2^63+1,-2^53-1,-2^31,-42,-1,0,1,7,42,1000,2^31-1,2^31,2^53-1,2^53+1,2^63-1,2^64-1",289,"[1, 0.0, 0];[-1, 1.0, 0];[-1, 1.9999999999997728483691616929718, 52];[1, 0.0, 0];[-1, 1.0, 3];[1, 0.0, 0];RAISE:ZeroDivisionError;[1, 0.0, 0];[1, 1.5, 2];[1, 1.0625, 5];[1, 1.5, 7];[1, 1.999999997206032276153564453125, 30];[1, 0.0, 0];[1, 1.9999999999997724042799518429092, 52];[1, 1.0, 10];[1, 1.9999999999999999995663191310058, 62];[1, 1.9999999999999999997831595655029, 62];[-1, 1.9999999999999999997831595655029, 62];[1, 0.0, 0];[-1, 1.9999999999997726263245567679405, 52];[-1, 1.999999999068677425384521484375, 30];[-1, 1.75, 2];[1, 0.0, 0];RAISE:ZeroDivisionError;[1, 0.0, 0];[1, 0.0, 0];[1, 1.09375, 5];[1, 1.5078125, 7];[1, 1.99999999813735485076904296875, 30];[1, 1.0, 0];[1, 1.9999999999997726263245567679405, 52];[1, 1.0009765625, 10];[1, 0.0, 0];[1, 1.0, 63];[-1, 1.0000000000000001110223024625157, 53];[-1, 1.0000000000000001110223024625157, 53];[1, 0.0, 0];[-1, 1.0, 0];[-1, 1.03125, 5];[1, 0.0, 0];RAISE:ZeroDivisionError;[1, 0.0, 0];[1, 1.0, 1];[1, 1.125, 3];[1, 1.75, 2];[1, 1.99609374813735485076904296875, 30];[1, 1.999999999068677425384521484375, 30];[1, 1.9999999999999993338661852249061, 52];[1, 0.0, 0];[1, 1.9980468749999999995663191310058, 62];[1, 1.9990234374999999997831595655029, 63];[-1, 1.0, 31];[-1, 1.0, 31];[-1, 1.0, 31];[1, 0.0, 0];[-1, 1.0, 1];[1, 0.0, 0];RAISE:ZeroDivisionError;[1, 0.0, 0];[1, 1.25, 2];[1, 1.25, 5];[1, 1.375, 8];[1, 1.99999999813735485076904296875, 30];[1, 0.0, 0];[1, 1.9999995231628415748303950749687, 52];[1, 1.9999995231628420189196049250313, 52];[1, 1.9999999995343387124754203076904, 62];[1, 1.9999999997671693562377101538452, 63];[-1, 1.3125, 5];[-1, 1.3125, 5];[-1, 1.3125, 5];[-1, 1.3125, 5];[1, 0.0, 0];[1, 0.0, 0];RAISE:ZeroDivisionError;[1, 0.0, 0];[1, 0.0, 0];[1, 0.0, 0];[1, 1.87109375, 9];[1, 1.999999959953129291534423828125, 30];[1, 1.99999996088445186614990234375, 30];[1, 1.9999999999999904520819882236538, 52];[1, 1.9999999999999908961711980737164, 52];[1, 1.9999999999999999906758613166247, 62];[1, 1.9999999999999999953379306583123, 63];[-1, 1.0, 0];[-1, 1.0, 0];[-1, 1.0, 0];[-1, 1.0, 0];[-1, 1.0, 0];[1, 0.0, 0];RAISE:ZeroDivisionError;[1, 0.0, 0];[1, 1.5, 2];[1, 1.28125, 5];[1, 1.951171875, 9];[1, 1.99999999813735485076904296875, 30];[1, 1.999999999068677425384521484375, 30];[1, 1.9999999999999995559107901499374, 52];[1, 1.0, 53];[1, 1.9999999999999999995663191310058, 62];[1, 1.9999999999999999997831595655029, 63];[1, 0.0, 0];[1, 0.0, 0];[1, 0.0, 0];[1, 0.0, 0];[1, 0.0, 0];[1, 0.0, 0];RAISE:ZeroDivisionError;[1, 0.0, 0];[1, 0.0, 0];[1, 0.0, 0];[1, 0.0, 0];[1, 0.0, 0];[1, 0.0, 0];[1, 0.0, 0];[1, 0.0, 0];[1, 0.0, 0];[1, 0.0, 0];[-1, 1.9999999999999999997831595655029, 62];[-1, 1.9999999999999999995663191310058, 62];[-1, 1.0, 53];[-1, 1.999999999068677425384521484375, 30];[-1, 1.28125, 5];[1, 0.0, 0];RAISE:ZeroDivisionError;[1, 0.0, 0];[1, 1.0, 0];[1, 1.0, 0];[1, 1.0, 0];[1, 1.0, 0];[1, 1.0, 0];[1, 1.0, 0];[1, 1.0, 0];[1, 1.0, 0];[1, 1.0, 0];[-1, 1.9999999999999999984821169585203, 62];[-1, 1.9999999999999999982652765240232, 62];[-1, 1.9999999999999986677323704498122, 52];[-1, 1.999999993480741977691650390625, 30];[-1, 1.09375, 5];[1, 0.0, 0];RAISE:ZeroDivisionError;[1, 0.0, 0];[1, 0.0, 0];[1, 1.75, 2];[1, 1.75, 2];[1, 1.75, 2];[1, 1.75, 2];[1, 1.75, 2];[1, 1.75, 2];[1, 1.75, 2];[1, 1.75, 2];[-1, 1.9999999999999999908927017511218, 62];[-1, 1.9999999999999999906758613166247, 62];[-1, 1.9999999999999908961711980737164, 52];[-1, 1.99999996088445186614990234375, 30];[1, 0.0, 0];[1, 0.0, 0];RAISE:ZeroDivisionError;[1, 0.0, 0];[1, 0.0, 0];[1, 0.0, 0];[1, 1.3125, 5];[1, 1.3125, 5];[1, 1.3125, 5];[1, 1.3125, 5];[1, 1.3125, 5];[1, 1.3125, 5];[1, 1.3125, 5];[-1, 1.9999999999999997831595655028991, 62];[-1, 1.999999999999999782942725068402, 62];[-1, 1.9999999999997781774396798937232, 52];[-1, 1.999999068677425384521484375, 30];[-1, 1.0, 3];[1, 0.0, 0];RAISE:ZeroDivisionError;[1, 0.0, 0];[1, 1.5, 2];[1, 1.0625, 5];[1, 0.0, 0];[1, 1.953125, 9];[1, 1.953125, 9];[1, 1.953125, 9];[1, 1.953125, 9];[1, 1.953125, 9];[1, 1.953125, 9];[-1, 1.9999999995343387129091011766846, 62];[-1, 1.9999999995343387126922607421875, 62];[-1, 1.9999995231628422409642098500626, 52];[-1, 1.0, 0];[-1, 1.28125, 5];[1, 0.0, 0];RAISE:ZeroDivisionError;[1, 0.0, 0];[1, 1.0, 0];[1, 1.0, 0];[1, 1.263671875, 9];[1, 0.0, 0];[1, 1.999999999068677425384521484375, 30];[1, 1.999999999068677425384521484375, 30];[1, 1.999999999068677425384521484375, 30];[1, 1.999999999068677425384521484375, 30];[1, 1.999999999068677425384521484375, 30];[-1, 1.9999999995343387126922607421875, 62];[-1, 1.9999999995343387124754203076904, 62];[-1, 1.9999995231628420189196049250313, 52];[1, 0.0, 0];[-1, 1.25, 5];[1, 0.0, 0];RAISE:ZeroDivisionError;[1, 0.0, 0];[1, 1.0, 1];[1, 1.0, 1];[1, 1.265625, 9];[1, 1.0, 0];[1, 0.0, 0];[1, 1.0, 31];[1, 1.0, 31];[1, 1.0, 31];[1, 1.0, 31];[-1, 1.9980468750000000002168404344971, 62];[-1, 1.998046875, 62];[-1, 1.0, 1];[-1, 1.0, 0];[-1, 1.375, 3];[1, 0.0, 0];RAISE:ZeroDivisionError;[1, 0.0, 0];[1, 1.5, 1];[1, 1.9375, 4];[1, 1.935546875, 9];[1, 1.999999523162841796875, 21];[1, 1.999999999068677425384521484375, 30];[1, 0.0, 0];[1, 1.9999999999999997779553950749687, 52];[1, 1.9999999999999997779553950749687, 52];[1, 1.9999999999999997779553950749687, 52];[-1, 1.9980468749999999997831595655029, 62];[-1, 1.9980468749999999995663191310058, 62];[1, 0.0, 0];[-1, 1.999999999068677425384521484375, 30];[-1, 1.125, 3];[1, 0.0, 0];RAISE:ZeroDivisionError;[1, 0.0, 0];[1, 1.25, 2];[1, 1.03125, 5];[1, 1.939453125, 9];[1, 1.0000002384185791015625, 22];[1, 1.0, 0];[1, 1.0, 1];[1, 0.0, 0];[1, 1.0000000000000001110223024625157, 53];[1, 1.0000000000000001110223024625157, 53];[-1, 1.0, 0];[1, 0.0, 0];[-1, 1.0009765625, 10];[-1, 1.0, 0];[-1, 1.09375, 5];[1, 0.0, 0];RAISE:ZeroDivisionError;[1, 0.0, 0];[1, 0.0, 0];[1, 1.75, 2];[1, 1.576171875, 9];[1, 1.0, 0];[1, 1.999999999068677425384521484375, 30];[1, 1.998046875, 9];[1, 1.9999999999997726263245567679405, 52];[1, 0.0, 0];[1, 1.9999999999999999997831595655029, 62];[-1, 1.0, 0];[-1, 1.9999999999999999995663191310058, 62];[-1, 1.00048828125, 11];[-1, 1.0, 0];[-1, 1.6875, 4];[1, 0.0, 0];RAISE:ZeroDivisionError;[1, 0.0, 0];[1, 1.0, 0];[1, 1.875, 3];[1, 1.201171875, 9];[1, 1.5, 1];[1, 1.999999999068677425384521484375, 30];[1, 1.9990234375, 10];[1, 1.999999999999545252649113535881, 52];[1, 1.0, 0];[1, 0.0, 0]",272,17
A4_4_5,1,whole|whole,Fraction,c_int64,"whole/L1/17:-2^63,-2^63+1,-2^53-1,-2^31,-42,-1,0,1,7,42,1000,2^31-1,2^31,2^53-1,2^53+1,2^63-1,2^64-1","whole/L1/16:-2^63,-2^63+1,-2^53-1,-2^31,-42,-1,0,1,7,42,1000,2^31-1,2^31,2^53-1,2^53+1,2^63-1",272,"[1, 0.0, 0];[-1, 1.0, 0];[-1, 1.9999999999997728483691616929718, 52];[1, 0.0, 0];[-1, 1.0, 3];[1, 0.0, 0];RAISE:ZeroDivisionError;[1, 0.0, 0];[1, 1.5, 2];[1, 1.0625, 5];[1, 1.5, 7];[1, 1.999999997206032276153564453125, 30];[1, 0.0, 0];[1, 1.9999999999997724042799518429092, 52];[1, 1.0, 10];[1, 1.9999999999999999995663191310058, 62];[-1, 1.9999999999999999997831595655029, 62];[1, 0.0, 0];[-1, 1.9999999999997726263245567679405, 52];[-1, 1.999999999068677425384521484375, 30];[-1, 1.75, 2];[1, 0.0, 0];RAISE:ZeroDivisionError;[1, 0.0, 0];[1, 0.0, 0];[1, 1.09375, 5];[1, 1.5078125, 7];[1, 1.99999999813735485076904296875, 30];[1, 1.0, 0];[1, 1.9999999999997726263245567679405, 52];[1, 1.0009765625, 10];[1, 0.0, 0];[-1, 1.0000000000000001110223024625157, 53];[-1, 1.0000000000000001110223024625157, 53];[1, 0.0, 0];[-1, 1.0, 0];[-1, 1.03125, 5];[1, 0.0, 0];RAISE:ZeroDivisionError;[1, 0.0, 0];[1, 1.0, 1];[1, 1.125, 3];[1, 1.75, 2];[1, 1.99609374813735485076904296875, 30];[1, 1.999999999068677425384521484375, 30];[1, 1.9999999999999993338661852249061, 52];[1, 0.0, 0];[1, 1.9980468749999999995663191310058, 62];[-1, 1.0, 31];[-1, 1.0, 31];[-1, 1.0, 31];[1, 0.0, 0];[-1, 1.0, 1];[1, 0.0, 0];RAISE:ZeroDivisionError;[1, 0.0, 0];[1, 1.25, 2];[1, 1.25, 5];[1, 1.375, 8];[1, 1.99999999813735485076904296875, 30];[1, 0.0, 0];[1, 1.9999995231628415748303950749687, 52];[1, 1.9999995231628420189196049250313, 52];[1, 1.9999999995343387124754203076904, 62];[-1, 1.3125, 5];[-1, 1.3125, 5];[-1, 1.3125, 5];[-1, 1.3125, 5];[1, 0.0, 0];[1, 0.0, 0];RAISE:ZeroDivisionError;[1, 0.0, 0];[1, 0.0, 0];[1, 0.0, 0];[1, 1.87109375, 9];[1, 1.999999959953129291534423828125, 30];[1, 1.99999996088445186614990234375, 30];[1, 1.9999999999999904520819882236538, 52];[1, 1.9999999999999908961711980737164, 52];[1, 1.9999999999999999906758613166247, 62];[-1, 1.0, 0];[-1, 1.0, 0];[-1, 1.0, 0];[-1, 1.0, 0];[-1, 1.0, 0];[1, 0.0, 0];RAISE:ZeroDivisionError;[1, 0.0, 0];[1, 1.5, 2];[1, 1.28125, 5];[1, 1.951171875, 9];[1, 1.99999999813735485076904296875, 30];[1, 1.999999999068677425384521484375, 30];[1, 1.9999999999999995559107901499374, 52];[1, 1.0, 53];[1, 1.9999999999999999995663191310058, 62];[1, 0.0, 0];[1, 0.0, 0];[1, 0.0, 0];[1, 0.0, 0];[1, 0.0, 0];[1, 0.0, 0];RAISE:ZeroDivisionError;[1, 0.0, 0];[1, 0.0, 0];[1, 0.0, 0];[1, 0.0, 0];[1, 0.0, 0];[1, 0.0, 0];[1, 0.0, 0];[1, 0.0, 0];[1, 0.0, 0];[-1, 1.9999999999999999997831595655029, 62];[-1, 1.9999999999999999995663191310058, 62];[-1, 1.0, 53];[-1, 1.999999999068677425384521484375, 30];[-1, 1.28125, 5];[1, 0.0, 0];RAISE:ZeroDivisionError;[1, 0.0, 0];[1, 1.0, 0];[1, 1.0, 0];[1, 1.0, 0];[1, 1.0, 0];[1, 1.0, 0];[1, 1.0, 0];[1, 1.0, 0];[1, 1.0, 0];[-1, 1.9999999999999999984821169585203, 62];[-1, 1.9999999999999999982652765240232, 62];[-1, 1.9999999999999986677323704498122, 52];[-1, 1.999999993480741977691650390625, 30];[-1, 1.09375, 5];[1, 0.0, 0];RAISE:ZeroDivisionError;[1, 0.0, 0];[1, 0.0, 0];[1, 1.75, 2];[1, 1.75, 2];[1, 1.75, 2];[1, 1.75, 2];[1, 1.75, 2];[1, 1.75, 2];[1, 1.75, 2];[-1, 1.9999999999999999908927017511218, 62];[-1, 1.9999999999999999906758613166247, 62];[-1, 1.9999999999999908961711980737164, 52];[-1, 1.99999996088445186614990234375, 30];[1, 0.0, 0];[1, 0.0, 0];RAISE:ZeroDivisionError;[1, 0.0, 0];[1, 0.0, 0];[1, 0.0, 0];[1, 1.3125, 5];[1, 1.3125, 5];[1, 1.3125, 5];[1, 1.3125, 5];[1, 1.3125, 5];[1, 1.3125, 5];[-1, 1.9999999999999997831595655028991, 62];[-1, 1.999999999999999782942725068402, 62];[-1, 1.9999999999997781774396798937232, 52];[-1, 1.999999068677425384521484375, 30];[-1, 1.0, 3];[1, 0.0, 0];RAISE:ZeroDivisionError;[1, 0.0, 0];[1, 1.5, 2];[1, 1.0625, 5];[1, 0.0, 0];[1, 1.953125, 9];[1, 1.953125, 9];[1, 1.953125, 9];[1, 1.953125, 9];[1, 1.953125, 9];[-1, 1.9999999995343387129091011766846, 62];[-1, 1.9999999995343387126922607421875, 62];[-1, 1.9999995231628422409642098500626, 52];[-1, 1.0, 0];[-1, 1.28125, 5];[1, 0.0, 0];RAISE:ZeroDivisionError;[1, 0.0, 0];[1, 1.0, 0];[1, 1.0, 0];[1, 1.263671875, 9];[1, 0.0, 0];[1, 1.999999999068677425384521484375, 30];[1, 1.999999999068677425384521484375, 30];[1, 1.999999999068677425384521484375, 30];[1, 1.999999999068677425384521484375, 30];[-1, 1.9999999995343387126922607421875, 62];[-1, 1.9999999995343387124754203076904, 62];[-1, 1.9999995231628420189196049250313, 52];[1, 0.0, 0];[-1, 1.25, 5];[1, 0.0, 0];RAISE:ZeroDivisionError;[1, 0.0, 0];[1, 1.0, 1];[1, 1.0, 1];[1, 1.265625, 9];[1, 1.0, 0];[1, 0.0, 0];[1, 1.0, 31];[1, 1.0, 31];[1, 1.0, 31];[-1, 1.9980468750000000002168404344971, 62];[-1, 1.998046875, 62];[-1, 1.0, 1];[-1, 1.0, 0];[-1, 1.375, 3];[1, 0.0, 0];RAISE:ZeroDivisionError;[1, 0.0, 0];[1, 1.5, 1];[1, 1.9375, 4];[1, 1.935546875, 9];[1, 1.999999523162841796875, 21];[1, 1.999999999068677425384521484375, 30];[1, 0.0, 0];[1, 1.9999999999999997779553950749687, 52];[1, 1.9999999999999997779553950749687, 52];[-1, 1.9980468749999999997831595655029, 62];[-1, 1.9980468749999999995663191310058, 62];[1, 0.0, 0];[-1, 1.999999999068677425384521484375, 30];[-1, 1.125, 3];[1, 0.0, 0];RAISE:ZeroDivisionError;[1, 0.0, 0];[1, 1.25, 2];[1, 1.03125, 5];[1, 1.939453125, 9];[1, 1.0000002384185791015625, 22];[1, 1.0, 0];[1, 1.0, 1];[1, 0.0, 0];[1, 1.0000000000000001110223024625157, 53];[-1, 1.0, 0];[1, 0.0, 0];[-1, 1.0009765625, 10];[-1, 1.0, 0];[-1, 1.09375, 5];[1, 0.0, 0];RAISE:ZeroDivisionError;[1, 0.0, 0];[1, 0.0, 0];[1, 1.75, 2];[1, 1.576171875, 9];[1, 1.0, 0];[1, 1.999999999068677425384521484375, 30];[1, 1.998046875, 9];[1, 1.9999999999997726263245567679405, 52];[1, 0.0, 0];[-1, 1.0, 0];[-1, 1.9999999999999999995663191310058, 62];[-1, 1.00048828125, 11];[-1, 1.0, 0];[-1, 1.6875, 4];[1, 0.0, 0];RAISE:ZeroDivisionError;[1, 0.0, 0];[1, 1.0, 0];[1, 1.875, 3];[1, 1.201171875, 9];[1, 1.5, 1];[1, 1.999999999068677425384521484375, 30];[1, 1.9990234375, 10];[1, 1.999999999999545252649113535881, 52];[1, 1.0, 0]",255,17
A4_4_6,1,whole|fractional,Fraction,float,"whole/L1/17:-2^63,-2^63+1,-2^53-1,-2^31,-42,-1,0,1,7,42,1000,2^31-1,2^31,2^53-1,2^53+1,2^63-1,2^64-1","fractional/L1/16:-max_finite,-1.5,-1.0,-(1.0-1ulp),-0.0,+0.0,+min_subnormal,+min_normal,1.0-1ulp,1.0,1.0+1ulp,1.5,pi,2^53,max_finite,0.1",272,"[-1, 1.0, 63];[-1, 1.0, -1];[-1, 0.0, 0];[-1, 1.0, -43];RAISE:ZeroDivisionError;RAISE:ZeroDivisionError;[1, 0.0, 0];[1, 0.0, 0];[1, 1.9999999999997724042799518429092, -1];[1, 0.0, 0];[1, 1.9999999999990909493874369218247, -1];[1, 1.0, 0];[1, 1.450147498110453625486115925014, -3];[1, 0.0, 0];[1, 1.9999999999999997779553950749687, 1023];[1, 1.5999999999995453414669555058936, -4];[-1, 1.0, 63];[-1, 1.0, -1];[-1, 0.0, 0];[-1, 1.0, -43];RAISE:ZeroDivisionError;RAISE:ZeroDivisionError;[1, 0.0, 0];[1, 0.0, 0];[1, 1.9999999999997724042799518429092, -1];[1, 0.0, 0];[1, 1.9999999999990909493874369218247, -1];[1, 1.0, 0];[1, 1.450147498110453625486115925014, -3];[1, 0.0, 0];[1, 1.9999999999999997779553950749687, 1023];[1, 1.5999999999995453414669555058936, -4];[-1, 1.0, 53];[-1, 1.0, -1];[-1, 0.0, 0];[-1, 1.0, -53];RAISE:ZeroDivisionError;RAISE:ZeroDivisionError;[1, 0.0, 0];[1, 0.0, 0];[1, 1.9999999999999995559107901499374, -1];[1, 0.0, 0];[1, 1.9999999999999995559107901499374, -1];[1, 1.0, 0];[1, 1.7765267723298379110019595827907, 0];[1, 0.0, 0];[1, 1.9999999999999997779553950749687, 1023];[1, 1.5999999999999996447286321199499, -4];[-1, 1.0, 31];[-1, 1.0, -1];[-1, 0.0, 0];[-1, 1.0, -22];RAISE:ZeroDivisionError;RAISE:ZeroDivisionError;[1, 0.0, 0];[1, 0.0, 0];[1, 1.9999995231628415748303950749687, -1];[1, 0.0, 0];[1, 1.0, -21];[1, 1.0, 0];[1, 1.3306793221200479138133232481778, 0];[1, 1.999999523162841796875, 52];[1, 1.9999999999999997779553950749687, 1023];[1, 1.0, -23];[-1, 1.3125, 5];[-1, 0.0, 0];[-1, 0.0, 0];[-1, 1.3125, -48];RAISE:ZeroDivisionError;RAISE:ZeroDivisionError;[1, 0.0, 0];[1, 0.0, 0];[1, 1.9999999999999904520819882236538, -1];[1, 0.0, 0];[1, 1.3125, -47];[1, 0.0, 0];[1, 1.9822971502571036239714885596186, 0];[1, 1.9999999999999906741265931486851, 52];[1, 1.9999999999999997779553950749687, 1023];[1, 1.3125, -49];[-1, 1.0, 0];[-1, 1.0, 0];[-1, 0.0, 0];[-1, 1.0, -53];RAISE:ZeroDivisionError;RAISE:ZeroDivisionError;[1, 0.0, 0];[1, 0.0, 0];[1, 1.9999999999999995559107901499374, -1];[1, 0.0, 0];[1, 1.0, -52];[1, 1.0, -1];[1, 1.0707963267948965579989817342721, 1];[1, 1.9999999999999997779553950749687, 52];[1, 1.9999999999999997779553950749687, 1023];[1, 1.0, -54];[-1, 0.0, 0];[-1, 0.0, 0];[-1, 0.0, 0];[-1, 0.0, 0];RAISE:ZeroDivisionError;RAISE:ZeroDivisionError;[1, 0.0, 0];[1, 0.0, 0];[1, 0.0, 0];[1, 0.0, 0];[1, 0.0, 0];[1, 0.0, 0];[1, 0.0, 0];[1, 0.0, 0];[1, 0.0, 0];[1, 0.0, 0];[-1, 1.9999999999999997779553950749687, 1023];[-1, 1.0, -1];[-1, 0.0, 0];[-1, 1.9999999999999995559107901499374, -1];RAISE:ZeroDivisionError;RAISE:ZeroDivisionError;[1, 0.0, 0];[1, 0.0, 0];[1, 1.0, -53];[1, 0.0, 0];[1, 1.0, 0];[1, 1.0, 0];[1, 1.0, 0];[1, 1.0, 0];[1, 1.0, 0];[1, 1.5999999999999992006394222698873, -4];[-1, 1.9999999999999997779553950749687, 1023];[-1, 1.0, -1];[-1, 0.0, 0];[-1, 1.9999999999999982236431605997495, -1];RAISE:ZeroDivisionError;RAISE:ZeroDivisionError;[1, 0.0, 0];[1, 0.0, 0];[1, 1.75, -51];[1, 0.0, 0];[1, 1.9999999999999973354647408996243, -1];[1, 1.0, 0];[1, 1.4336293856408275360081461258233, -1];[1, 1.75, 2];[1, 1.75, 2];[1, 1.5999999999999938715689040691359, -4];[-1, 1.9999999999999997779553950749687, 1023];[-1, 0.0, 0];[-1, 0.0, 0];[-1, 1.9999999999999904520819882236538, -1];RAISE:ZeroDivisionError;RAISE:ZeroDivisionError;[1, 0.0, 0];[1, 0.0, 0];[1, 1.3125, -48];[1, 0.0, 0];[1, 1.9999999999999817923423961474327, -1];[1, 0.0, 0];[1, 1.1592955033326894920264749089256, 0];[1, 1.3125, 5];[1, 1.3125, 5];[1, 1.5999999999999627853242145647528, -4];[-1, 1.9999999999999997779553950749687, 1023];[-1, 1.0, -1];[-1, 0.0, 0];[-1, 1.9999999999997777333504700436606, -1];RAISE:ZeroDivisionError;RAISE:ZeroDivisionError;[1, 0.0, 0];[1, 0.0, 0];[1, 1.953125, -44];[1, 0.0, 0];[1, 1.9999999999995563548793597874464, -1];[1, 1.0, 0];[1, 1.9470723168915782252952340058982, -1];[1, 1.953125, 9];[1, 1.953125, 9];[1, 1.5999999999991119103981418447802, -4];[-1, 1.9999999999999997779553950749687, 1023];[-1, 1.0, -1];[-1, 0.0, 0];[-1, 1.999999523162841796875, -1];RAISE:ZeroDivisionError;RAISE:ZeroDivisionError;[1, 0.0, 0];[1, 0.0, 0];[1, 1.999999999068677425384521484375, -23];[1, 0.0, 0];[1, 1.9999990463256844819284197001252, -1];[1, 1.0, 0];[1, 1.6218266629394904043692804407328, -1];[1, 1.999999999068677425384521484375, 30];[1, 1.999999999068677425384521484375, 30];[1, 1.5999980926513681644962616701378, -4];[-1, 1.9999999999999997779553950749687, 1023];[-1, 1.0, 0];[-1, 0.0, 0];[-1, 1.9999995231628415748303950749687, -1];RAISE:ZeroDivisionError;RAISE:ZeroDivisionError;[1, 0.0, 0];[1, 0.0, 0];[1, 1.0, -22];[1, 0.0, 0];[1, 1.9999990463256840378392098500626, -1];[1, 1.0, -1];[1, 1.8109133314697452021846402203664, 0];[1, 1.0, 31];[1, 1.0, 31];[1, 1.5999980926513672763178419700125, -4];[-1, 1.9999999999999997779553950749687, 1023];[-1, 1.0, -1];[-1, 0.0, 0];[-1, 0.0, 0];RAISE:ZeroDivisionError;RAISE:ZeroDivisionError;[1, 0.0, 0];[1, 0.0, 0];[1, 0.0, 0];[1, 0.0, 0];[1, 1.5, -51];[1, 1.0, 0];[1, 1.4602635250398208199840155430138, -2];[1, 1.9999999999999997779553950749687, 52];[1, 1.9999999999999997779553950749687, 52];[1, 1.5, -54];[-1, 1.9999999999999997779553950749687, 1023];[-1, 1.0, 0];[-1, 0.0, 0];[-1, 1.9999999999999995559107901499374, -1];RAISE:ZeroDivisionError;RAISE:ZeroDivisionError;[1, 0.0, 0];[1, 0.0, 0];[1, 1.0, -53];[1, 0.0, 0];[1, 1.0, -51];[1, 1.0, -1];[1, 1.3650658812599552049960038857535, 0];[1, 0.0, 0];[1, 1.0, 53];[1, 1.0, -55];[-1, 1.9999999999999997779553950749687, 1023];[-1, 1.0, 0];[-1, 0.0, 0];[-1, 1.9999999999997724042799518429092, -1];RAISE:ZeroDivisionError;RAISE:ZeroDivisionError;[1, 0.0, 0];[1, 0.0, 0];[1, 1.0, -43];[1, 0.0, 0];[1, 1.0, -41];[1, 1.0, -1];[1, 1.4801621081629932064060994889587, 1];[1, 0.0, 0];[1, 1.0, 63];[1, 1.0, -45];[-1, 1.9999999999999997779553950749687, 1023];[-1, 1.0, -1];[-1, 0.0, 0];[-1, 1.9999999999995450306045086108497, -1];RAISE:ZeroDivisionError;RAISE:ZeroDivisionError;[1, 0.0, 0];[1, 0.0, 0];[1, 1.0, -42];[1, 0.0, 0];[1, 1.0, -40];[1, 1.0, 0];[1, 1.3895278895310898548132172436453, 1];[1, 0.0, 0];[1, 1.0, 64];[1, 1.0, -44]",238,34
A4_4_7,1,whole|fractional,Fraction,Decimal,"whole/L1/17:-2^63,-2^63+1,-2^53-1,-2^31,-42,-1,0,1,7,42,1000,2^31-1,2^31,2^53-1,2^53+1,2^63-1,2^64-1","fractional/L1/16:-max_finite,-1.5,-1.0,-(1.0-1ulp),-0.0,+0.0,+min_subnormal,+min_normal,1.0-1ulp,1.0,1.0+1ulp,1.5,pi,2^53,max_finite,0.1",272,RAISE:TypeError;RAISE:TypeError;RAISE:TypeError;RAISE:TypeError;RAISE:TypeError;RAISE:TypeError;RAISE:TypeError;RAISE:TypeError;RAISE:TypeError;RAISE:TypeError;RAISE:TypeError;RAISE:TypeError;RAISE:TypeError;RAISE:TypeError;RAISE:TypeError;RAISE:TypeError;RAISE:TypeError;RAISE:TypeError;RAISE:TypeError;RAISE:TypeError;RAISE:TypeError;RAISE:TypeError;RAISE:TypeError;RAISE:TypeError;RAISE:TypeError;RAISE:TypeError;RAISE:TypeError;RAISE:TypeError;RAISE:TypeError;RAISE:TypeError;RAISE:TypeError;RAISE:TypeError;RAISE:TypeError;RAISE:TypeError;RAISE:TypeError;RAISE:TypeError;RAISE:TypeError;RAISE:TypeError;RAISE:TypeError;RAISE:TypeError;RAISE:TypeError;RAISE:TypeError;RAISE:TypeError;RAISE:TypeError;RAISE:TypeError;RAISE:TypeError;RAISE:TypeError;RAISE:TypeError;RAISE:TypeError;RAISE:TypeError;RAISE:TypeError;RAISE:TypeError;RAISE:TypeError;RAISE:TypeError;RAISE:TypeError;RAISE:TypeError;RAISE:TypeError;RAISE:TypeError;RAISE:TypeError;RAISE:TypeError;RAISE:TypeError;RAISE:TypeError;RAISE:TypeError;RAISE:TypeError;RAISE:TypeError;RAISE:TypeError;RAISE:TypeError;RAISE:TypeError;RAISE:TypeError;RAISE:TypeError;RAISE:TypeError;RAISE:TypeError;RAISE:TypeError;RAISE:TypeError;RAISE:TypeError;RAISE:TypeError;RAISE:TypeError;RAISE:TypeError;RAISE:TypeError;RAISE:TypeError;RAISE:TypeError;RAISE:TypeError;RAISE:TypeError;RAISE:TypeError;RAISE:TypeError;RAISE:TypeError;RAISE:TypeError;RAISE:TypeError;RAISE:TypeError;RAISE:TypeError;RAISE:TypeError;RAISE:TypeError;RAISE:TypeError;RAISE:TypeError;RAISE:TypeError;RAISE:TypeError;RAISE:TypeError;RAISE:TypeError;RAISE:TypeError;RAISE:TypeError;RAISE:TypeError;RAISE:TypeError;RAISE:TypeError;RAISE:TypeError;RAISE:TypeError;RAISE:TypeError;RAISE:TypeError;RAISE:TypeError;RAISE:TypeError;RAISE:TypeError;RAISE:TypeError;RAISE:TypeError;RAISE:TypeError;RAISE:TypeError;RAISE:TypeError;RAISE:TypeError;RAISE:TypeError;RAISE:TypeError;RAISE:TypeError;RAISE:TypeError;RAISE:TypeError;RAISE:TypeError;RAISE:TypeError;RAISE:TypeError;RAISE:TypeError;RAISE:TypeError;RAISE:TypeError;RAISE:TypeError;RAISE:TypeError;RAISE:TypeError;RAISE:TypeError;RAISE:TypeError;RAISE:TypeError;RAISE:TypeError;RAISE:TypeError;RAISE:TypeError;RAISE:TypeError;RAISE:TypeError;RAISE:TypeError;RAISE:TypeError;RAISE:TypeError;RAISE:TypeError;RAISE:TypeError;RAISE:TypeError;RAISE:TypeError;RAISE:TypeError;RAISE:TypeError;RAISE:TypeError;RAISE:TypeError;RAISE:TypeError;RAISE:TypeError;RAISE:TypeError;RAISE:TypeError;RAISE:TypeError;RAISE:TypeError;RAISE:TypeError;RAISE:TypeError;RAISE:TypeError;RAISE:TypeError;RAISE:TypeError;RAISE:TypeError;RAISE:TypeError;RAISE:TypeError;RAISE:TypeError;RAISE:TypeError;RAISE:TypeError;RAISE:TypeError;RAISE:TypeError;RAISE:TypeError;RAISE:TypeError;RAISE:TypeError;RAISE:TypeError;RAISE:TypeError;RAISE:TypeError;RAISE:TypeError;RAISE:TypeError;RAISE:TypeError;RAISE:TypeError;RAISE:TypeError;RAISE:TypeError;RAISE:TypeError;RAISE:TypeError;RAISE:TypeError;RAISE:TypeError;RAISE:TypeError;RAISE:TypeError;RAISE:TypeError;RAISE:TypeError;RAISE:TypeError;RAISE:TypeError;RAISE:TypeError;RAISE:TypeError;RAISE:TypeError;RAISE:TypeError;RAISE:TypeError;RAISE:TypeError;RAISE:TypeError;RAISE:TypeError;RAISE:TypeError;RAISE:TypeError;RAISE:TypeError;RAISE:TypeError;RAISE:TypeError;RAISE:TypeError;RAISE:TypeError;RAISE:TypeError;RAISE:TypeError;RAISE:TypeError;RAISE:TypeError;RAISE:TypeError;RAISE:TypeError;RAISE:TypeError;RAISE:TypeError;RAISE:TypeError;RAISE:TypeError;RAISE:TypeError;RAISE:TypeError;RAISE:TypeError;RAISE:TypeError;RAISE:TypeError;RAISE:TypeError;RAISE:TypeError;RAISE:TypeError;RAISE:TypeError;RAISE:TypeError;RAISE:TypeError;RAISE:TypeError;RAISE:TypeError;RAISE:TypeError;RAISE:TypeError;RAISE:TypeError;RAISE:TypeError;RAISE:TypeError;RAISE:TypeError;RAISE:TypeError;RAISE:TypeError;RAISE:TypeError;RAISE:TypeError;RAISE:TypeError;RAISE:TypeError;RAISE:TypeError;RAISE:TypeError;RAISE:TypeError;RAISE:TypeError;RAISE:TypeError;RAISE:TypeError;RAISE:TypeError;RAISE:TypeError;RAISE:TypeError;RAISE:TypeError;RAISE:TypeError;RAISE:TypeError;RAISE:TypeError;RAISE:TypeError;RAISE:TypeError;RAISE:TypeError;RAISE:TypeError;RAISE:TypeError;RAISE:TypeError;RAISE:TypeError;RAISE:TypeError;RAISE:TypeError;RAISE:TypeError;RAISE:TypeError;RAISE:TypeError;RAISE:TypeError;RAISE:TypeError;RAISE:TypeError;RAISE:TypeError;RAISE:TypeError;RAISE:TypeError;RAISE:TypeError,0,272
A4_4_8,1,whole|fractional,Fraction,Fraction,"whole/L1/17:-2^63,-2^63+1,-2^53-1,-2^31,-42,-1,0,1,7,42,1000,2^31-1,2^31,2^53-1,2^53+1,2^63-1,2^64-1","fractional/L1/15:-max_finite,-1.5,-1.0,-(1.0-1ulp),+0.0,+min_subnormal,+min_normal,1.0-1ulp,1.0,1.0+1ulp,1.5,pi,2^53,max_finite,0.1",255,"[-1, 1.0, 63];[-1, 1.0, -1];[1, 0.0, 0];[-1, 1.0, -43];RAISE:ZeroDivisionError;[1, 0.0, 0];[1, 0.0, 0];[1, 1.9999999999997724042799518429092, -1];[1, 0.0, 0];[1, 1.9999999999990909493874369218247, -1];[1, 1.0, 0];[1, 1.450147498110453625486115925014, -3];[1, 0.0, 0];[1, 1.9999999999999997779553950749687, 1023];[1, 1.5999999999995453414669555058936, -4];[-1, 1.9999999999999999997831595655029, 62];[-1, 1.0, 0];[1, 0.0, 0];[-1, 1.998046875, -44];RAISE:ZeroDivisionError;[1, 0.0, 0];[1, 0.0, 0];[1, 1.9999999999997726263245567679405, -1];[1, 0.0, 0];[1, 1.9999999999990905052982270717621, -1];[1, 1.0, -1];[1, 1.1812684372638067031857644906268, 0];[1, 1.0, 0];[1, 1.9999999999999997779553950749687, 1023];[1, 1.5999999999995444532885358057683, -4];[-1, 1.0000000000000001110223024625157, 53];[1, 0.0, 0];[1, 0.0, 0];[-1, 1.0, -52];RAISE:ZeroDivisionError;[1, 0.0, 0];[1, 0.0, 0];[1, 1.9999999999999993338661852249061, -1];[1, 0.0, 0];[1, 1.0, 0];[1, 0.0, 0];[1, 1.5530535446596758220039191655815, -1];[1, 1.9999999999999997779553950749687, 52];[1, 1.9999999999999997779553950749687, 1023];[1, 1.0, -55];[-1, 1.0, 31];[-1, 1.0, -1];[1, 0.0, 0];[-1, 1.0, -22];RAISE:ZeroDivisionError;[1, 0.0, 0];[1, 0.0, 0];[1, 1.9999995231628415748303950749687, -1];[1, 0.0, 0];[1, 1.0, -21];[1, 1.0, 0];[1, 1.3306793221200479138133232481778, 0];[1, 1.999999523162841796875, 52];[1, 1.9999999999999997779553950749687, 1023];[1, 1.0, -23];[-1, 1.3125, 5];[1, 0.0, 0];[1, 0.0, 0];[-1, 1.3125, -48];RAISE:ZeroDivisionError;[1, 0.0, 0];[1, 0.0, 0];[1, 1.9999999999999904520819882236538, -1];[1, 0.0, 0];[1, 1.3125, -47];[1, 0.0, 0];[1, 1.9822971502571036239714885596186, 0];[1, 1.9999999999999906741265931486851, 52];[1, 1.9999999999999997779553950749687, 1023];[1, 1.3125, -49];[-1, 1.0, 0];[-1, 1.0, 0];[1, 0.0, 0];[-1, 1.0, -53];RAISE:ZeroDivisionError;[1, 0.0, 0];[1, 0.0, 0];[1, 1.9999999999999995559107901499374, -1];[1, 0.0, 0];[1, 1.0, -52];[1, 1.0, -1];[1, 1.0707963267948965579989817342721, 1];[1, 1.9999999999999997779553950749687, 52];[1, 1.9999999999999997779553950749687, 1023];[1, 1.0, -54];[1, 0.0, 0];[1, 0.0, 0];[1, 0.0, 0];[1, 0.0, 0];RAISE:ZeroDivisionError;[1, 0.0, 0];[1, 0.0, 0];[1, 0.0, 0];[1, 0.0, 0];[1, 0.0, 0];[1, 0.0, 0];[1, 0.0, 0];[1, 0.0, 0];[1, 0.0, 0];[1, 0.0, 0];[-1, 1.9999999999999997779553950749687, 1023];[-1, 1.0, -1];[1, 0.0, 0];[-1, 1.9999999999999995559107901499374, -1];RAISE:ZeroDivisionError;[1, 0.0, 0];[1, 0.0, 0];[1, 1.0, -53];[1, 0.0, 0];[1, 1.0, 0];[1, 1.0, 0];[1, 1.0, 0];[1, 1.0, 0];[1, 1.0, 0];[1, 1.5999999999999992006394222698873, -4];[-1, 1.9999999999999997779553950749687, 1023];[-1, 1.0, -1];[1, 0.0, 0];[-1, 1.9999999999999982236431605997495, -1];RAISE:ZeroDivisionError;[1, 0.0, 0];[1, 0.0, 0];[1, 1.75, -51];[1, 0.0, 0];[1, 1.9999999999999973354647408996243, -1];[1, 1.0, 0];[1, 1.4336293856408275360081461258233, -1];[1, 1.75, 2];[1, 1.75, 2];[1, 1.5999999999999938715689040691359, -4];[-1, 1.9999999999999997779553950749687, 1023];[1, 0.0, 0];[1, 0.0, 0];[-1, 1.9999999999999904520819882236538, -1];RAISE:ZeroDivisionError;[1, 0.0, 0];[1, 0.0, 0];[1, 1.3125, -48];[1, 0.0, 0];[1, 1.9999999999999817923423961474327, -1];[1, 0.0, 0];[1, 1.1592955033326894920264749089256, 0];[1, 1.3125, 5];[1, 1.3125, 5];[1, 1.5999999999999627853242145647528, -4];[-1, 1.9999999999999997779553950749687, 1023];[-1, 1.0, -1];[1, 0.0, 0];[-1, 1.9999999999997777333504700436606, -1];RAISE:ZeroDivisionError;[1, 0.0, 0];[1, 0.0, 0];[1, 1.953125, -44];[1, 0.0, 0];[1, 1.9999999999995563548793597874464, -1];[1, 1.0, 0];[1, 1.9470723168915782252952340058982, -1];[1, 1.953125, 9];[1, 1.953125, 9];[1, 1.5999999999991119103981418447802, -4];[-1, 1.9999999999999997779553950749687, 1023];[-1, 1.0, -1];[1, 0.0, 0];[-1, 1.999999523162841796875, -1];RAISE:ZeroDivisionError;[1, 0.0, 0];[1, 0.0, 0];[1, 1.999999999068677425384521484375, -23];[1, 0.0, 0];[1, 1.9999990463256844819284197001252, -1];[1, 1.0, 0];[1, 1.6218266629394904043692804407328, -1];[1, 1.999999999068677425384521484375, 30];[1, 1.999999999068677425384521484375, 30];[1, 1.5999980926513681644962616701378, -4];[-1, 1.9999999999999997779553950749687, 1023];[-1, 1.0, 0];[1, 0.0, 0];[-1, 1.9999995231628415748303950749687, -1];RAISE:ZeroDivisionError;[1, 0.0, 0];[1, 0.0, 0];[1, 1.0, -22];[1, 0.0, 0];[1, 1.9999990463256840378392098500626, -1];[1, 1.0, -1];[1, 1.8109133314697452021846402203664, 0];[1, 1.0, 31];[1, 1.0, 31];[1, 1.5999980926513672763178419700125, -4];[-1, 1.9999999999999997779553950749687, 1023];[-1, 1.0, -1];[1, 0.0, 0];[1, 0.0, 0];RAISE:ZeroDivisionError;[1, 0.0, 0];[1, 0.0, 0];[1, 0.0, 0];[1, 0.0, 0];[1, 1.5, -51];[1, 1.0, 0];[1, 1.4602635250398208199840155430138, -2];[1, 1.9999999999999997779553950749687, 52];[1, 1.9999999999999997779553950749687, 52];[1, 1.5, -54];[-1, 1.9999999999999997779553950749687, 1023];[1, 0.0, 0];[1, 0.0, 0];[-1, 1.9999999999999993338661852249061, -1];RAISE:ZeroDivisionError;[1, 0.0, 0];[1, 0.0, 0];[1, 1.0, -52];[1, 0.0, 0];[1, 1.0, -52];[1, 0.0, 0];[1, 1.1825329406299776024980019428767, 1];[1, 1.0, 0];[1, 1.0000000000000001110223024625157, 53];[1, 1.5999999999999996447286321199499, -4];[-1, 1.9999999999999997779553950749687, 1023];[-1, 1.0, -1];[1, 0.0, 0];[-1, 1.9999999999997726263245567679405, -1];RAISE:ZeroDivisionError;[1, 0.0, 0];[1, 0.0, 0];[1, 1.998046875, -44];[1, 0.0, 0];[1, 1.00048828125, -41];[1, 1.0, 0];[1, 1.9603242163259864128121989779174, 0];[1, 1.9999999999999997779553950749687, 52];[1, 1.9999999999999999997831595655029, 62];[1, 1.001953125, -45];[-1, 1.9999999999999997779553950749687, 1023];[1, 0.0, 0];[1, 0.0, 0];[-1, 1.999999999999545252649113535881, -1];RAISE:ZeroDivisionError;[1, 0.0, 0];[1, 0.0, 0];[1, 1.9990234375, -43];[1, 0.0, 0];[1, 1.000244140625, -40];[1, 0.0, 0];[1, 1.7790557790621797096264344872907, 0];[1, 1.9999999999999997779553950749687, 52];[1, 1.9999999999999999998915797827514, 63];[1, 1.0009765625, -44]",238,17
A4_5_1,1,whole|truth,c_int64,bool,"whole/L1/16:-2^63,-2^63+1,-2^53-1,-2^31,-42,-1,0,1,7,42,1000,2^31-1,2^31,2^53-1,2^53+1,2^63-1","truth/L1/6:true,false,0,1,"""",nil",96,"[1, 0.0, 0];RAISE:ZeroDivisionError;RAISE:ZeroDivisionError;[1, 0.0, 0];RAISE:TypeError;RAISE:TypeError;[1, 0.0, 0];RAISE:ZeroDivisionError;RAISE:ZeroDivisionError;[1, 0.0, 0];RAISE:TypeError;RAISE:TypeError;[1, 0.0, 0];RAISE:ZeroDivisionError;RAISE:ZeroDivisionError;[1, 0.0, 0];RAISE:TypeError;RAISE:TypeError;[1, 0.0, 0];RAISE:ZeroDivisionError;RAISE:ZeroDivisionError;[1, 0.0, 0];RAISE:TypeError;RAISE:TypeError;[1, 0.0, 0];RAISE:ZeroDivisionError;RAISE:ZeroDivisionError;[1, 0.0, 0];RAISE:TypeError;RAISE:TypeError;[1, 0.0, 0];RAISE:ZeroDivisionError;RAISE:ZeroDivisionError;[1, 0.0, 0];RAISE:TypeError;RAISE:TypeError;[1, 0.0, 0];RAISE:ZeroDivisionError;RAISE:ZeroDivisionError;[1, 0.0, 0];RAISE:TypeError;RAISE:TypeError;[1, 0.0, 0];RAISE:ZeroDivisionError;RAISE:ZeroDivisionError;[1, 0.0, 0];RAISE:TypeError;RAISE:TypeError;[1, 0.0, 0];RAISE:ZeroDivisionError;RAISE:ZeroDivisionError;[1, 0.0, 0];RAISE:TypeError;RAISE:TypeError;[1, 0.0, 0];RAISE:ZeroDivisionError;RAISE:ZeroDivisionError;[1, 0.0, 0];RAISE:TypeError;RAISE:TypeError;[1, 0.0, 0];RAISE:ZeroDivisionError;RAISE:ZeroDivisionError;[1, 0.0, 0];RAISE:TypeError;RAISE:TypeError;[1, 0.0, 0];RAISE:ZeroDivisionError;RAISE:ZeroDivisionError;[1, 0.0, 0];RAISE:TypeError;RAISE:TypeError;[1, 0.0, 0];RAISE:ZeroDivisionError;RAISE:ZeroDivisionError;[1, 0.0, 0];RAISE:TypeError;RAISE:TypeError;[1, 0.0, 0];RAISE:ZeroDivisionError;RAISE:ZeroDivisionError;[1, 0.0, 0];RAISE:TypeError;RAISE:TypeError;[1, 0.0, 0];RAISE:ZeroDivisionError;RAISE:ZeroDivisionError;[1, 0.0, 0];RAISE:TypeError;RAISE:TypeError;[1, 0.0, 0];RAISE:ZeroDivisionError;RAISE:ZeroDivisionError;[1, 0.0, 0];RAISE:TypeError;RAISE:TypeError",32,64
A4_5_2,1,whole|whole,c_int64,int,"whole/L1/16:-2^63,-2^63+1,-2^53-1,-2^31,-42,-1,0,1,7,42,1000,2^31-1,2^31,2^53-1,2^53+1,2^63-1","whole/L1/17:-2^63,-2^63+1,-2^53-1,-2^31,-42,-1,0,1,7,42,1000,2^31-1,2^31,2^53-1,2^53+1,2^63-1,2^64-1",272,"[1, 0.0, 0];[-1, 1.0, 0];[-1, 1.9999999999997728483691616929718, 52];[1, 0.0, 0];[-1, 1.0, 3];[1, 0.0, 0];RAISE:ZeroDivisionError;[1, 0.0, 0];[1, 1.5, 2];[1, 1.0625, 5];[1, 1.5, 7];[1, 1.999999997206032276153564453125, 30];[1, 0.0, 0];[1, 1.9999999999997724042799518429092, 52];[1, 1.0, 10];[1, 1.9999999999999999995663191310058, 62];[1, 1.9999999999999999997831595655029, 62];[-1, 1.9999999999999999997831595655029, 62];[1, 0.0, 0];[-1, 1.9999999999997726263245567679405, 52];[-1, 1.999999999068677425384521484375, 30];[-1, 1.75, 2];[1, 0.0, 0];RAISE:ZeroDivisionError;[1, 0.0, 0];[1, 0.0, 0];[1, 1.09375, 5];[1, 1.5078125, 7];[1, 1.99999999813735485076904296875, 30];[1, 1.0, 0];[1, 1.9999999999997726263245567679405, 52];[1, 1.0009765625, 10];[1, 0.0, 0];[1, 1.0, 63];[-1, 1.0000000000000001110223024625157, 53];[-1, 1.0000000000000001110223024625157, 53];[1, 0.0, 0];[-1, 1.0, 0];[-1, 1.03125, 5];[1, 0.0, 0];RAISE:ZeroDivisionError;[1, 0.0, 0];[1, 1.0, 1];[1, 1.125, 3];[1, 1.75, 2];[1, 1.99609374813735485076904296875, 30];[1, 1.999999999068677425384521484375, 30];[1, 1.9999999999999993338661852249061, 52];[1, 0.0, 0];[1, 1.9980468749999999995663191310058, 62];[1, 1.9990234374999999997831595655029, 63];[-1, 1.0, 31];[-1, 1.0, 31];[-1, 1.0, 31];[1, 0.0, 0];[-1, 1.0, 1];[1, 0.0, 0];RAISE:ZeroDivisionError;[1, 0.0, 0];[1, 1.25, 2];[1, 1.25, 5];[1, 1.375, 8];[1, 1.99999999813735485076904296875, 30];[1, 0.0, 0];[1, 1.9999995231628415748303950749687, 52];[1, 1.9999995231628420189196049250313, 52];[1, 1.9999999995343387124754203076904, 62];[1, 1.9999999997671693562377101538452, 63];[-1, 1.3125, 5];[-1, 1.3125, 5];[-1, 1.3125, 5];[-1, 1.3125, 5];[1, 0.0, 0];[1, 0.0, 0];RAISE:ZeroDivisionError;[1, 0.0, 0];[1, 0.0, 0];[1, 0.0, 0];[1, 1.87109375, 9];[1, 1.999999959953129291534423828125, 30];[1, 1.99999996088445186614990234375, 30];[1, 1.9999999999999904520819882236538, 52];[1, 1.9999999999999908961711980737164, 52];[1, 1.9999999999999999906758613166247, 62];[1, 1.9999999999999999953379306583123, 63];[-1, 1.0, 0];[-1, 1.0, 0];[-1, 1.0, 0];[-1, 1.0, 0];[-1, 1.0, 0];[1, 0.0, 0];RAISE:ZeroDivisionError;[1, 0.0, 0];[1, 1.5, 2];[1, 1.28125, 5];[1, 1.951171875, 9];[1, 1.99999999813735485076904296875, 30];[1, 1.999999999068677425384521484375, 30];[1, 1.9999999999999995559107901499374, 52];[1, 1.0, 53];[1, 1.9999999999999999995663191310058, 62];[1, 1.9999999999999999997831595655029, 63];[1, 0.0, 0];[1, 0.0, 0];[1, 0.0, 0];[1, 0.0, 0];[1, 0.0, 0];[1, 0.0, 0];RAISE:ZeroDivisionError;[1, 0.0, 0];[1, 0.0, 0];[1, 0.0, 0];[1, 0.0, 0];[1, 0.0, 0];[1, 0.0, 0];[1, 0.0, 0];[1, 0.0, 0];[1, 0.0, 0];[1, 0.0, 0];[-1, 1.9999999999999999997831595655029, 62];[-1, 1.9999999999999999995663191310058, 62];[-1, 1.0, 53];[-1, 1.999999999068677425384521484375, 30];[-1, 1.28125, 5];[1, 0.0, 0];RAISE:ZeroDivisionError;[1, 0.0, 0];[1, 1.0, 0];[1, 1.0, 0];[1, 1.0, 0];[1, 1.0, 0];[1, 1.0, 0];[1, 1.0, 0];[1, 1.0, 0];[1, 1.0, 0];[1, 1.0, 0];[-1, 1.9999999999999999984821169585203, 62];[-1, 1.9999999999999999982652765240232, 62];[-1, 1.9999999999999986677323704498122, 52];[-1, 1.999999993480741977691650390625, 30];[-1, 1.09375, 5];[1, 0.0, 0];RAISE:ZeroDivisionError;[1, 0.0, 0];[1, 0.0, 0];[1, 1.75, 2];[1, 1.75, 2];[1, 1.75, 2];[1, 1.75, 2];[1, 1.75, 2];[1, 1.75, 2];[1, 1.75, 2];[1, 1.75, 2];[-1, 1.9999999999999999908927017511218, 62];[-1, 1.9999999999999999906758613166247, 62];[-1, 1.9999999999999908961711980737164, 52];[-1, 1.99999996088445186614990234375, 30];[1, 0.0, 0];[1, 0.0, 0];RAISE:ZeroDivisionError;[1, 0.0, 0];[1, 0.0, 0];[1, 0.0, 0];[1, 1.3125, 5];[1, 1.3125, 5];[1, 1.3125, 5];[1, 1.3125, 5];[1, 1.3125, 5];[1, 1.3125, 5];[1, 1.3125, 5];[-1, 1.9999999999999997831595655028991, 62];[-1, 1.999999999999999782942725068402, 62];[-1, 1.9999999999997781774396798937232, 52];[-1, 1.999999068677425384521484375, 30];[-1, 1.0, 3];[1, 0.0, 0];RAISE:ZeroDivisionError;[1, 0.0, 0];[1, 1.5, 2];[1, 1.0625, 5];[1, 0.0, 0];[1, 1.953125, 9];[1, 1.953125, 9];[1, 1.953125, 9];[1, 1.953125, 9];[1, 1.953125, 9];[1, 1.953125, 9];[-1, 1.9999999995343387129091011766846, 62];[-1, 1.9999999995343387126922607421875, 62];[-1, 1.9999995231628422409642098500626, 52];[-1, 1.0, 0];[-1, 1.28125, 5];[1, 0.0, 0];RAISE:ZeroDivisionError;[1, 0.0, 0];[1, 1.0, 0];[1, 1.0, 0];[1, 1.263671875, 9];[1, 0.0, 0];[1, 1.999999999068677425384521484375, 30];[1, 1.999999999068677425384521484375, 30];[1, 1.999999999068677425384521484375, 30];[1, 1.999999999068677425384521484375, 30];[1, 1.999999999068677425384521484375, 30];[-1, 1.9999999995343387126922607421875, 62];[-1, 1.9999999995343387124754203076904, 62];[-1, 1.9999995231628420189196049250313, 52];[1, 0.0, 0];[-1, 1.25, 5];[1, 0.0, 0];RAISE:ZeroDivisionError;[1, 0.0, 0];[1, 1.0, 1];[1, 1.0, 1];[1, 1.265625, 9];[1, 1.0, 0];[1, 0.0, 0];[1, 1.0, 31];[1, 1.0, 31];[1, 1.0, 31];[1, 1.0, 31];[-1, 1.9980468750000000002168404344971, 62];[-1, 1.998046875, 62];[-1, 1.0, 1];[-1, 1.0, 0];[-1, 1.375, 3];[1, 0.0, 0];RAISE:ZeroDivisionError;[1, 0.0, 0];[1, 1.5, 1];[1, 1.9375, 4];[1, 1.935546875, 9];[1, 1.999999523162841796875, 21];[1, 1.999999999068677425384521484375, 30];[1, 0.0, 0];[1, 1.9999999999999997779553950749687, 52];[1, 1.9999999999999997779553950749687, 52];[1, 1.9999999999999997779553950749687, 52];[-1, 1.9980468749999999997831595655029, 62];[-1, 1.9980468749999999995663191310058, 62];[1, 0.0, 0];[-1, 1.999999999068677425384521484375, 30];[-1, 1.125, 3];[1, 0.0, 0];RAISE:ZeroDivisionError;[1, 0.0, 0];[1, 1.25, 2];[1, 1.03125, 5];[1, 1.939453125, 9];[1, 1.0000002384185791015625, 22];[1, 1.0, 0];[1, 1.0, 1];[1, 0.0, 0];[1, 1.0000000000000001110223024625157, 53];[1, 1.0000000000000001110223024625157, 53];[-1, 1.0, 0];[1, 0.0, 0];[-1, 1.0009765625, 10];[-1, 1.0, 0];[-1, 1.09375, 5];[1, 0.0, 0];RAISE:ZeroDivisionError;[1, 0.0, 0];[1, 0.0, 0];[1, 1.75, 2];[1, 1.576171875, 9];[1, 1.0, 0];[1, 1.999999999068677425384521484375, 30];[1, 1.998046875, 9];[1, 1.9999999999997726263245567679405, 52];[1, 0.0, 0];[1, 1.9999999999999999997831595655029, 62]",256,16
A4_5_3,1,whole|whole,c_int64,Decimal,"whole/L1/16:-2^63,-2^63+1,-2^53-1,-2^31,-42,-1,0,1,7,42,1000,2^31-1,2^31,2^53-1,2^53+1,2^63-1","whole/L1/17:-2^63,-2^63+1,-2^53-1,-2^31,-42,-1,0,1,7,42,1000,2^31-1,2^31,2^53-1,2^53+1,2^63-1,2^64-1",272,"[-1, 0.0, 0];[-1, 1.0, 0];[-1, 1.9999999999997728483691616929718, 52];[-1, 0.0, 0];[-1, 1.0, 3];[-1, 0.0, 0];RAISE:InvalidOperation;[-1, 0.0, 0];[-1, 1.0, 0];[-1, 1.0, 3];[-1, 1.578125, 9];[-1, 1.0, 1];[-1, 0.0, 0];[-1, 1.0, 10];[-1, 1.9999999999997728483691616929718, 52];[-1, 1.0, 0];[-1, 1.0, 63];[-1, 1.9999999999999999997831595655029, 62];[-1, 0.0, 0];[-1, 1.9999999999997726263245567679405, 52];[-1, 1.999999999068677425384521484375, 30];[-1, 1.75, 2];[-1, 0.0, 0];RAISE:InvalidOperation;[-1, 0.0, 0];[-1, 0.0, 0];[-1, 1.75, 2];[-1, 1.576171875, 9];[-1, 1.0, 0];[-1, 1.999999999068677425384521484375, 30];[-1, 1.998046875, 9];[-1, 1.9999999999997726263245567679405, 52];[-1, 0.0, 0];[-1, 1.9999999999999999997831595655029, 62];[-1, 1.0000000000000001110223024625157, 53];[-1, 1.0000000000000001110223024625157, 53];[-1, 0.0, 0];[-1, 1.0, 0];[-1, 1.03125, 5];[-1, 0.0, 0];RAISE:InvalidOperation;[-1, 0.0, 0];[-1, 1.25, 2];[-1, 1.03125, 5];[-1, 1.939453125, 9];[-1, 1.0000002384185791015625, 22];[-1, 1.0, 0];[-1, 1.0, 1];[-1, 0.0, 0];[-1, 1.0000000000000001110223024625157, 53];[-1, 1.0000000000000001110223024625157, 53];[-1, 1.0, 31];[-1, 1.0, 31];[-1, 1.0, 31];[-1, 0.0, 0];[-1, 1.0, 1];[-1, 0.0, 0];RAISE:InvalidOperation;[-1, 0.0, 0];[-1, 1.0, 1];[-1, 1.0, 1];[-1, 1.265625, 9];[-1, 1.0, 0];[-1, 0.0, 0];[-1, 1.0, 31];[-1, 1.0, 31];[-1, 1.0, 31];[-1, 1.0, 31];[-1, 1.3125, 5];[-1, 1.3125, 5];[-1, 1.3125, 5];[-1, 1.3125, 5];[-1, 0.0, 0];[-1, 0.0, 0];RAISE:InvalidOperation;[-1, 0.0, 0];[-1, 0.0, 0];[-1, 0.0, 0];[-1, 1.3125, 5];[-1, 1.3125, 5];[-1, 1.3125, 5];[-1, 1.3125, 5];[-1, 1.3125, 5];[-1, 1.3125, 5];[-1, 1.3125, 5];[-1, 1.0, 0];[-1, 1.0, 0];[-1, 1.0, 0];[-1, 1.0, 0];[-1, 1.0, 0];[-1, 0.0, 0];RAISE:InvalidOperation;[-1, 0.0, 0];[-1, 1.0, 0];[-1, 1.0, 0];[-1, 1.0, 0];[-1, 1.0, 0];[-1, 1.0, 0];[-1, 1.0, 0];[-1, 1.0, 0];[-1, 1.0, 0];[-1, 1.0, 0];[1, 0.0, 0];[1, 0.0, 0];[1, 0.0, 0];[1, 0.0, 0];[1, 0.0, 0];[1, 0.0, 0];RAISE:InvalidOperation;[1, 0.0, 0];[1, 0.0, 0];[1, 0.0, 0];[1, 0.0, 0];[1, 0.0, 0];[1, 0.0, 0];[1, 0.0, 0];[1, 0.0, 0];[1, 0.0, 0];[1, 0.0, 0];[1, 1.0, 0];[1, 1.0, 0];[1, 1.0, 0];[1, 1.0, 0];[1, 1.0, 0];[1, 0.0, 0];RAISE:InvalidOperation;[1, 0.0, 0];[1, 1.0, 0];[1, 1.0, 0];[1, 1.0, 0];[1, 1.0, 0];[1, 1.0, 0];[1, 1.0, 0];[1, 1.0, 0];[1, 1.0, 0];[1, 1.0, 0];[1, 1.75, 2];[1, 1.75, 2];[1, 1.75, 2];[1, 1.75, 2];[1, 1.75, 2];[1, 0.0, 0];RAISE:InvalidOperation;[1, 0.0, 0];[1, 0.0, 0];[1, 1.75, 2];[1, 1.75, 2];[1, 1.75, 2];[1, 1.75, 2];[1, 1.75, 2];[1, 1.75, 2];[1, 1.75, 2];[1, 1.75, 2];[1, 1.3125, 5];[1, 1.3125, 5];[1, 1.3125, 5];[1, 1.3125, 5];[1, 0.0, 0];[1, 0.0, 0];RAISE:InvalidOperation;[1, 0.0, 0];[1, 0.0, 0];[1, 0.0, 0];[1, 1.3125, 5];[1, 1.3125, 5];[1, 1.3125, 5];[1, 1.3125, 5];[1, 1.3125, 5];[1, 1.3125, 5];[1, 1.3125, 5];[1, 1.953125, 9];[1, 1.953125, 9];[1, 1.953125, 9];[1, 1.953125, 9];[1, 1.0625, 5];[1, 0.0, 0];RAISE:InvalidOperation;[1, 0.0, 0];[1, 1.5, 2];[1, 1.0625, 5];[1, 0.0, 0];[1, 1.953125, 9];[1, 1.953125, 9];[1, 1.953125, 9];[1, 1.953125, 9];[1, 1.953125, 9];[1, 1.953125, 9];[1, 1.999999999068677425384521484375, 30];[1, 1.999999999068677425384521484375, 30];[1, 1.999999999068677425384521484375, 30];[1, 1.999999999068677425384521484375, 30];[1, 1.0, 0];[1, 0.0, 0];RAISE:InvalidOperation;[1, 0.0, 0];[1, 1.0, 0];[1, 1.0, 0];[1, 1.263671875, 9];[1, 0.0, 0];[1, 1.999999999068677425384521484375, 30];[1, 1.999999999068677425384521484375, 30];[1, 1.999999999068677425384521484375, 30];[1, 1.999999999068677425384521484375, 30];[1, 1.999999999068677425384521484375, 30];[1, 1.0, 31];[1, 1.0, 31];[1, 1.0, 31];[1, 0.0, 0];[1, 1.0, 1];[1, 0.0, 0];RAISE:InvalidOperation;[1, 0.0, 0];[1, 1.0, 1];[1, 1.0, 1];[1, 1.265625, 9];[1, 1.0, 0];[1, 0.0, 0];[1, 1.0, 31];[1, 1.0, 31];[1, 1.0, 31];[1, 1.0, 31];[1, 1.9999999999999997779553950749687, 52];[1, 1.9999999999999997779553950749687, 52];[1, 1.9999999999999997779553950749687, 52];[1, 1.999999999068677425384521484375, 30];[1, 1.9375, 4];[1, 0.0, 0];RAISE:InvalidOperation;[1, 0.0, 0];[1, 1.5, 1];[1, 1.9375, 4];[1, 1.935546875, 9];[1, 1.999999523162841796875, 21];[1, 1.999999999068677425384521484375, 30];[1, 0.0, 0];[1, 1.9999999999999997779553950749687, 52];[1, 1.9999999999999997779553950749687, 52];[1, 1.9999999999999997779553950749687, 52];[1, 1.0000000000000001110223024625157, 53];[1, 1.0000000000000001110223024625157, 53];[1, 0.0, 0];[1, 1.0, 0];[1, 1.03125, 5];[1, 0.0, 0];RAISE:InvalidOperation;[1, 0.0, 0];[1, 1.25, 2];[1, 1.03125, 5];[1, 1.939453125, 9];[1, 1.0000002384185791015625, 22];[1, 1.0, 0];[1, 1.0, 1];[1, 0.0, 0];[1, 1.0000000000000001110223024625157, 53];[1, 1.0000000000000001110223024625157, 53];[1, 1.9999999999999999997831595655029, 62];[1, 0.0, 0];[1, 1.9999999999997726263245567679405, 52];[1, 1.999999999068677425384521484375, 30];[1, 1.75, 2];[1, 0.0, 0];RAISE:InvalidOperation;[1, 0.0, 0];[1, 0.0, 0];[1, 1.75, 2];[1, 1.576171875, 9];[1, 1.0, 0];[1, 1.999999999068677425384521484375, 30];[1, 1.998046875, 9];[1, 1.9999999999997726263245567679405, 52];[1, 0.0, 0];[1, 1.9999999999999999997831595655029, 62]",256,16
A4_5_4,1,whole|whole,c_int64,Fraction,"whole/L1/16:-2^63,-2^63+1,-2^53-1,-2^31,-42,-1,0,1,7,42,1000,2^31-1,2^31,2^53-1,2^53+1,2^63-1","whole/L1/17:-2^63,-2^63+1,-2^53-1,-2^31,-42,-1,0,1,7,42,1000,2^31-1,2^31,2^53-1,2^53+1,2^63-1,2^64-1",272,"[1, 0.0, 0];[-1, 1.0, 0];[-1, 1.9999999999997728483691616929718, 52];[1, 0.0, 0];[-1, 1.0, 3];[1, 0.0, 0];RAISE:ZeroDivisionError;[1, 0.0, 0];[1, 1.5, 2];[1, 1.0625, 5];[1, 1.5, 7];[1, 1.999999997206032276153564453125, 30];[1, 0.0, 0];[1, 1.9999999999997724042799518429092, 52];[1, 1.0, 10];[1, 1.9999999999999999995663191310058, 62];[1, 1.9999999999999999997831595655029, 62];[-1, 1.9999999999999999997831595655029, 62];[1, 0.0, 0];[-1, 1.9999999999997726263245567679405, 52];[-1, 1.999999999068677425384521484375, 30];[-1, 1.75, 2];[1, 0.0, 0];RAISE:ZeroDivisionError;[1, 0.0, 0];[1, 0.0, 0];[1, 1.09375, 5];[1, 1.5078125, 7];[1, 1.99999999813735485076904296875, 30];[1, 1.0, 0];[1, 1.9999999999997726263245567679405, 52];[1, 1.0009765625, 10];[1, 0.0, 0];[1, 1.0, 63];[-1, 1.0000000000000001110223024625157, 53];[-1, 1.0000000000000001110223024625157, 53];[1, 0.0, 0];[-1, 1.0, 0];[-1, 1.03125, 5];[1, 0.0, 0];RAISE:ZeroDivisionError;[1, 0.0, 0];[1, 1.0, 1];[1, 1.125, 3];[1, 1.75, 2];[1, 1.99609374813735485076904296875, 30];[1, 1.999999999068677425384521484375, 30];[1, 1.9999999999999993338661852249061, 52];[1, 0.0, 0];[1, 1.9980468749999999995663191310058, 62];[1, 1.9990234374999999997831595655029, 63];[-1, 1.0, 31];[-1, 1.0, 31];[-1, 1.0, 31];[1, 0.0, 0];[-1, 1.0, 1];[1, 0.0, 0];RAISE:ZeroDivisionError;[1, 0.0, 0];[1, 1.25, 2];[1, 1.25, 5];[1, 1.375, 8];[1, 1.99999999813735485076904296875, 30];[1, 0.0, 0];[1, 1.9999995231628415748303950749687, 52];[1, 1.9999995231628420189196049250313, 52];[1, 1.9999999995343387124754203076904, 62];[1, 1.9999999997671693562377101538452, 63];[-1, 1.3125, 5];[-1, 1.3125, 5];[-1, 1.3125, 5];[-1, 1.3125, 5];[1, 0.0, 0];[1, 0.0, 0];RAISE:ZeroDivisionError;[1, 0.0, 0];[1, 0.0, 0];[1, 0.0, 0];[1, 1.87109375, 9];[1, 1.999999959953129291534423828125, 30];[1, 1.99999996088445186614990234375, 30];[1, 1.9999999999999904520819882236538, 52];[1, 1.9999999999999908961711980737164, 52];[1, 1.9999999999999999906758613166247, 62];[1, 1.9999999999999999953379306583123, 63];[-1, 1.0, 0];[-1, 1.0, 0];[-1, 1.0, 0];[-1, 1.0, 0];[-1, 1.0, 0];[1, 0.0, 0];RAISE:ZeroDivisionError;[1, 0.0, 0];[1, 1.5, 2];[1, 1.28125, 5];[1, 1.951171875, 9];[1, 1.99999999813735485076904296875, 30];[1, 1.999999999068677425384521484375, 30];[1, 1.9999999999999995559107901499374, 52];[1, 1.0, 53];[1, 1.9999999999999999995663191310058, 62];[1, 1.9999999999999999997831595655029, 63];[1, 0.0, 0];[1, 0.0, 0];[1, 0.0, 0];[1, 0.0, 0];[1, 0.0, 0];[1, 0.0, 0];RAISE:ZeroDivisionError;[1, 0.0, 0];[1, 0.0, 0];[1, 0.0, 0];[1, 0.0, 0];[1, 0.0, 0];[1, 0.0, 0];[1, 0.0, 0];[1, 0.0, 0];[1, 0.0, 0];[1, 0.0, 0];[-1, 1.9999999999999999997831595655029, 62];[-1, 1.9999999999999999995663191310058, 62];[-1, 1.0, 53];[-1, 1.999999999068677425384521484375, 30];[-1, 1.28125, 5];[1, 0.0, 0];RAISE:ZeroDivisionError;[1, 0.0, 0];[1, 1.0, 0];[1, 1.0, 0];[1, 1.0, 0];[1, 1.0, 0];[1, 1.0, 0];[1, 1.0, 0];[1, 1.0, 0];[1, 1.0, 0];[1, 1.0, 0];[-1, 1.9999999999999999984821169585203, 62];[-1, 1.9999999999999999982652765240232, 62];[-1, 1.9999999999999986677323704498122, 52];[-1, 1.999999993480741977691650390625, 30];[-1, 1.09375, 5];[1, 0.0, 0];RAISE:ZeroDivisionError;[1, 0.0, 0];[1, 0.0, 0];[1, 1.75, 2];[1, 1.75, 2];[1, 1.75, 2];[1, 1.75, 2];[1, 1.75, 2];[1, 1.75, 2];[1, 1.75, 2];[1, 1.75, 2];[-1, 1.9999999999999999908927017511218, 62];[-1, 1.9999999999999999906758613166247, 62];[-1, 1.9999999999999908961711980737164, 52];[-1, 1.99999996088445186614990234375, 30];[1, 0.0, 0];[1, 0.0, 0];RAISE:ZeroDivisionError;[1, 0.0, 0];[1, 0.0, 0];[1, 0.0, 0];[1, 1.3125, 5];[1, 1.3125, 5];[1, 1.3125, 5];[1, 1.3125, 5];[1, 1.3125, 5];[1, 1.3125, 5];[1, 1.3125, 5];[-1, 1.9999999999999997831595655028991, 62];[-1, 1.999999999999999782942725068402, 62];[-1, 1.9999999999997781774396798937232, 52];[-1, 1.999999068677425384521484375, 30];[-1, 1.0, 3];[1, 0.0, 0];RAISE:ZeroDivisionError;[1, 0.0, 0];[1, 1.5, 2];[1, 1.0625, 5];[1, 0.0, 0];[1, 1.953125, 9];[1, 1.953125, 9];[1, 1.953125, 9];[1, 1.953125, 9];[1, 1.953125, 9];[1, 1.953125, 9];[-1, 1.9999999995343387129091011766846, 62];[-1, 1.9999999995343387126922607421875, 62];[-1, 1.9999995231628422409642098500626, 52];[-1, 1.0, 0];[-1, 1.28125, 5];[1, 0.0, 0];RAISE:ZeroDivisionError;[1, 0.0, 0];[1, 1.0, 0];[1, 1.0, 0];[1, 1.263671875, 9];[1, 0.0, 0];[1, 1.999999999068677425384521484375, 30];[1, 1.999999999068677425384521484375, 30];[1, 1.999999999068677425384521484375, 30];[1, 1.999999999068677425384521484375, 30];[1, 1.999999999068677425384521484375, 30];[-1, 1.9999999995343387126922607421875, 62];[-1, 1.9999999995343387124754203076904, 62];[-1, 1.9999995231628420189196049250313, 52];[1, 0.0, 0];[-1, 1.25, 5];[1, 0.0, 0];RAISE:ZeroDivisionError;[1, 0.0, 0];[1, 1.0, 1];[1, 1.0, 1];[1, 1.265625, 9];[1, 1.0, 0];[1, 0.0, 0];[1, 1.0, 31];[1, 1.0, 31];[1, 1.0, 31];[1, 1.0, 31];[-1, 1.9980468750000000002168404344971, 62];[-1, 1.998046875, 62];[-1, 1.0, 1];[-1, 1.0, 0];[-1, 1.375, 3];[1, 0.0, 0];RAISE:ZeroDivisionError;[1, 0.0, 0];[1, 1.5, 1];[1, 1.9375, 4];[1, 1.935546875, 9];[1, 1.999999523162841796875, 21];[1, 1.999999999068677425384521484375, 30];[1, 0.0, 0];[1, 1.9999999999999997779553950749687, 52];[1, 1.9999999999999997779553950749687, 52];[1, 1.9999999999999997779553950749687, 52];[-1, 1.9980468749999999997831595655029, 62];[-1, 1.9980468749999999995663191310058, 62];[1, 0.0, 0];[-1, 1.999999999068677425384521484375, 30];[-1, 1.125, 3];[1, 0.0, 0];RAISE:ZeroDivisionError;[1, 0.0, 0];[1, 1.25, 2];[1, 1.03125, 5];[1, 1.939453125, 9];[1, 1.0000002384185791015625, 22];[1, 1.0, 0];[1, 1.0, 1];[1, 0.0, 0];[1, 1.0000000000000001110223024625157, 53];[1, 1.0000000000000001110223024625157, 53];[-1, 1.0, 0];[1, 0.0, 0];[-1, 1.0009765625, 10];[-1, 1.0, 0];[-1, 1.09375, 5];[1, 0.0, 0];RAISE:ZeroDivisionError;[1, 0.0, 0];[1, 0.0, 0];[1, 1.75, 2];[1, 1.576171875, 9];[1, 1.0, 0];[1, 1.999999999068677425384521484375, 30];[1, 1.998046875, 9];[1, 1.9999999999997726263245567679405, 52];[1, 0.0, 0];[1, 1.9999999999999999997831595655029, 62]",256,16
A4_5_5,1,whole|whole,c_int64,c_int64,"whole/L1/16:-2^63,-2^63+1,-2^53-1,-2^31,-42,-1,0,1,7,42,1000,2^31-1,2^31,2^53-1,2^53+1,2^63-1","whole/L1/16:-2^63,-2^63+1,-2^53-1,-2^31,-42,-1,0,1,7,42,1000,2^31-1,2^31,2^53-1,2^53+1,2^63-1",256,"[1, 0.0, 0];[-1, 1.0, 0];[-1, 1.9999999999997728483691616929718, 52];[1, 0.0, 0];[-1, 1.0, 3];[1, 0.0, 0];RAISE:ZeroDivisionError;[1, 0.0, 0];[1, 1.5, 2];[1, 1.0625, 5];[1, 1.5, 7];[1, 1.999999997206032276153564453125, 30];[1, 0.0, 0];[1, 1.9999999999997724042799518429092, 52];[1, 1.0, 10];[1, 1.9999999999999999995663191310058, 62];[-1, 1.9999999999999999997831595655029, 62];[1, 0.0, 0];[-1, 1.9999999999997726263245567679405, 52];[-1, 1.999999999068677425384521484375, 30];[-1, 1.75, 2];[1, 0.0, 0];RAISE:ZeroDivisionError;[1, 0.0, 0];[1, 0.0, 0];[1, 1.09375, 5];[1, 1.5078125, 7];[1, 1.99999999813735485076904296875, 30];[1, 1.0, 0];[1, 1.9999999999997726263245567679405, 52];[1, 1.0009765625, 10];[1, 0.0, 0];[-1, 1.0000000000000001110223024625157, 53];[-1, 1.0000000000000001110223024625157, 53];[1, 0.0, 0];[-1, 1.0, 0];[-1, 1.03125, 5];[1, 0.0, 0];RAISE:ZeroDivisionError;[1, 0.0, 0];[1, 1.0, 1];[1, 1.125, 3];[1, 1.75, 2];[1, 1.99609374813735485076904296875, 30];[1, 1.999999999068677425384521484375, 30];[1, 1.9999999999999993338661852249061, 52];[1, 0.0, 0];[1, 1.9980468749999999995663191310058, 62];[-1, 1.0, 31];[-1, 1.0, 31];[-1, 1.0, 31];[1, 0.0, 0];[-1, 1.0, 1];[1, 0.0, 0];RAISE:ZeroDivisionError;[1, 0.0, 0];[1, 1.25, 2];[1, 1.25, 5];[1, 1.375, 8];[1, 1.99999999813735485076904296875, 30];[1, 0.0, 0];[1, 1.9999995231628415748303950749687, 52];[1, 1.9999995231628420189196049250313, 52];[1, 1.9999999995343387124754203076904, 62];[-1, 1.3125, 5];[-1, 1.3125, 5];[-1, 1.3125, 5];[-1, 1.3125, 5];[1, 0.0, 0];[1, 0.0, 0];RAISE:ZeroDivisionError;[1, 0.0, 0];[1, 0.0, 0];[1, 0.0, 0];[1, 1.87109375, 9];[1, 1.999999959953129291534423828125, 30];[1, 1.99999996088445186614990234375, 30];[1, 1.9999999999999904520819882236538, 52];[1, 1.9999999999999908961711980737164, 52];[1, 1.9999999999999999906758613166247, 62];[-1, 1.0, 0];[-1, 1.0, 0];[-1, 1.0, 0];[-1, 1.0, 0];[-1, 1.0, 0];[1, 0.0, 0];RAISE:ZeroDivisionError;[1, 0.0, 0];[1, 1.5, 2];[1, 1.28125, 5];[1, 1.951171875, 9];[1, 1.99999999813735485076904296875, 30];[1, 1.999999999068677425384521484375, 30];[1, 1.9999999999999995559107901499374, 52];[1, 1.0, 53];[1, 1.9999999999999999995663191310058, 62];[1, 0.0, 0];[1, 0.0, 0];[1, 0.0, 0];[1, 0.0, 0];[1, 0.0, 0];[1, 0.0, 0];RAISE:ZeroDivisionError;[1, 0.0, 0];[1, 0.0, 0];[1, 0.0, 0];[1, 0.0, 0];[1, 0.0, 0];[1, 0.0, 0];[1, 0.0, 0];[1, 0.0, 0];[1, 0.0, 0];[-1, 1.9999999999999999997831595655029, 62];[-1, 1.9999999999999999995663191310058, 62];[-1, 1.0, 53];[-1, 1.999999999068677425384521484375, 30];[-1, 1.28125, 5];[1, 0.0, 0];RAISE:ZeroDivisionError;[1, 0.0, 0];[1, 1.0, 0];[1, 1.0, 0];[1, 1.0, 0];[1, 1.0, 0];[1, 1.0, 0];[1, 1.0, 0];[1, 1.0, 0];[1, 1.0, 0];[-1, 1.9999999999999999984821169585203, 62];[-1, 1.9999999999999999982652765240232, 62];[-1, 1.9999999999999986677323704498122, 52];[-1, 1.999999993480741977691650390625, 30];[-1, 1.09375, 5];[1, 0.0, 0];RAISE:ZeroDivisionError;[1, 0.0, 0];[1, 0.0, 0];[1, 1.75, 2];[1, 1.75, 2];[1, 1.75, 2];[1, 1.75, 2];[1, 1.75, 2];[1, 1.75, 2];[1, 1.75, 2];[-1, 1.9999999999999999908927017511218, 62];[-1, 1.9999999999999999906758613166247, 62];[-1, 1.9999999999999908961711980737164, 52];[-1, 1.99999996088445186614990234375, 30];[1, 0.0, 0];[1, 0.0, 0];RAISE:ZeroDivisionError;[1, 0.0, 0];[1, 0.0, 0];[1, 0.0, 0];[1, 1.3125, 5];[1, 1.3125, 5];[1, 1.3125, 5];[1, 1.3125, 5];[1, 1.3125, 5];[1, 1.3125, 5];[-1, 1.9999999999999997831595655028991, 62];[-1, 1.999999999999999782942725068402, 62];[-1, 1.9999999999997781774396798937232, 52];[-1, 1.999999068677425384521484375, 30];[-1, 1.0, 3];[1, 0.0, 0];RAISE:ZeroDivisionError;[1, 0.0, 0];[1, 1.5, 2];[1, 1.0625, 5];[1, 0.0, 0];[1, 1.953125, 9];[1, 1.953125, 9];[1, 1.953125, 9];[1, 1.953125, 9];[1, 1.953125, 9];[-1, 1.9999999995343387129091011766846, 62];[-1, 1.9999999995343387126922607421875, 62];[-1, 1.9999995231628422409642098500626, 52];[-1, 1.0, 0];[-1, 1.28125, 5];[1, 0.0, 0];RAISE:ZeroDivisionError;[1, 0.0, 0];[1, 1.0, 0];[1, 1.0, 0];[1, 1.263671875, 9];[1, 0.0, 0];[1, 1.999999999068677425384521484375, 30];[1, 1.999999999068677425384521484375, 30];[1, 1.999999999068677425384521484375, 30];[1, 1.999999999068677425384521484375, 30];[-1, 1.9999999995343387126922607421875, 62];[-1, 1.9999999995343387124754203076904, 62];[-1, 1.9999995231628420189196049250313, 52];[1, 0.0, 0];[-1, 1.25, 5];[1, 0.0, 0];RAISE:ZeroDivisionError;[1, 0.0, 0];[1, 1.0, 1];[1, 1.0, 1];[1, 1.265625, 9];[1, 1.0, 0];[1, 0.0, 0];[1, 1.0, 31];[1, 1.0, 31];[1, 1.0, 31];[-1, 1.9980468750000000002168404344971, 62];[-1, 1.998046875, 62];[-1, 1.0, 1];[-1, 1.0, 0];[-1, 1.375, 3];[1, 0.0, 0];RAISE:ZeroDivisionError;[1, 0.0, 0];[1, 1.5, 1];[1, 1.9375, 4];[1, 1.935546875, 9];[1, 1.999999523162841796875, 21];[1, 1.999999999068677425384521484375, 30];[1, 0.0, 0];[1, 1.9999999999999997779553950749687, 52];[1, 1.9999999999999997779553950749687, 52];[-1, 1.9980468749999999997831595655029, 62];[-1, 1.9980468749999999995663191310058, 62];[1, 0.0, 0];[-1, 1.999999999068677425384521484375, 30];[-1, 1.125, 3];[1, 0.0, 0];RAISE:ZeroDivisionError;[1, 0.0, 0];[1, 1.25, 2];[1, 1.03125, 5];[1, 1.939453125, 9];[1, 1.0000002384185791015625, 22];[1, 1.0, 0];[1, 1.0, 1];[1, 0.0, 0];[1, 1.0000000000000001110223024625157, 53];[-1, 1.0, 0];[1, 0.0, 0];[-1, 1.0009765625, 10];[-1, 1.0, 0];[-1, 1.09375, 5];[1, 0.0, 0];RAISE:ZeroDivisionError;[1, 0.0, 0];[1, 0.0, 0];[1, 1.75, 2];[1, 1.576171875, 9];[1, 1.0, 0];[1, 1.999999999068677425384521484375, 30];[1, 1.998046875, 9];[1, 1.9999999999997726263245567679405, 52];[1, 0.0, 0]",240,16
A4_5_6,1,whole|fractional,c_int64,float,"whole/L1/16:-2^63,-2^63+1,-2^53-1,-2^31,-42,-1,0,1,7,42,1000,2^31-1,2^31,2^53-1,2^53+1,2^63-1","fractional/L1/16:-max_finite,-1.5,-1.0,-(1.0-1ulp),-0.0,+0.0,+min_subnormal,+min_normal,1.0-1ulp,1.0,1.0+1ulp,1.5,pi,2^53,max_finite,0.1",256,"[-1, 1.0, 63];[-1, 1.0, -1];[-1, 0.0, 0];[-1, 1.0, -43];RAISE:ZeroDivisionError;RAISE:ZeroDivisionError;[1, 0.0, 0];[1, 0.0, 0];[1, 1.9999999999997724042799518429092, -1];[1, 0.0, 0];[1, 1.9999999999990909493874369218247, -1];[1, 1.0, 0];[1, 1.450147498110453625486115925014, -3];[1, 0.0, 0];[1, 1.9999999999999997779553950749687, 1023];[1, 1.5999999999995453414669555058936, -4];[-1, 1.0, 63];[-1, 1.0, -1];[-1, 0.0, 0];[-1, 1.0, -43];RAISE:ZeroDivisionError;RAISE:ZeroDivisionError;[1, 0.0, 0];[1, 0.0, 0];[1, 1.9999999999997724042799518429092, -1];[1, 0.0, 0];[1, 1.9999999999990909493874369218247, -1];[1, 1.0, 0];[1, 1.450147498110453625486115925014, -3];[1, 0.0, 0];[1, 1.9999999999999997779553950749687, 1023];[1, 1.5999999999995453414669555058936, -4];[-1, 1.0, 53];[-1, 1.0, -1];[-1, 0.0, 0];[-1, 1.0, -53];RAISE:ZeroDivisionError;RAISE:ZeroDivisionError;[1, 0.0, 0];[1, 0.0, 0];[1, 1.9999999999999995559107901499374, -1];[1, 0.0, 0];[1, 1.9999999999999995559107901499374, -1];[1, 1.0, 0];[1, 1.7765267723298379110019595827907, 0];[1, 0.0, 0];[1, 1.9999999999999997779553950749687, 1023];[1, 1.5999999999999996447286321199499, -4];[-1, 1.0, 31];[-1, 1.0, -1];[-1, 0.0, 0];[-1, 1.0, -22];RAISE:ZeroDivisionError;RAISE:ZeroDivisionError;[1, 0.0, 0];[1, 0.0, 0];[1, 1.9999995231628415748303950749687, -1];[1, 0.0, 0];[1, 1.0, -21];[1, 1.0, 0];[1, 1.3306793221200479138133232481778, 0];[1, 1.999999523162841796875, 52];[1, 1.9999999999999997779553950749687, 1023];[1, 1.0, -23];[-1, 1.3125, 5];[-1, 0.0, 0];[-1, 0.0, 0];[-1, 1.3125, -48];RAISE:ZeroDivisionError;RAISE:ZeroDivisionError;[1, 0.0, 0];[1, 0.0, 0];[1, 1.9999999999999904520819882236538, -1];[1, 0.0, 0];[1, 1.3125, -47];[1, 0.0, 0];[1, 1.9822971502571036239714885596186, 0];[1, 1.9999999999999906741265931486851, 52];[1, 1.9999999999999997779553950749687, 1023];[1, 1.3125, -49];[-1, 1.0, 0];[-1, 1.0, 0];[-1, 0.0, 0];[-1, 1.0, -53];RAISE:ZeroDivisionError;RAISE:ZeroDivisionError;[1, 0.0, 0];[1, 0.0, 0];[1, 1.9999999999999995559107901499374, -1];[1, 0.0, 0];[1, 1.0, -52];[1, 1.0, -1];[1, 1.0707963267948965579989817342721, 1];[1, 1.9999999999999997779553950749687, 52];[1, 1.9999999999999997779553950749687, 1023];[1, 1.0, -54];[-1, 0.0, 0];[-1, 0.0, 0];[-1, 0.0, 0];[-1, 0.0, 0];RAISE:ZeroDivisionError;RAISE:ZeroDivisionError;[1, 0.0, 0];[1, 0.0, 0];[1, 0.0, 0];[1, 0.0, 0];[1, 0.0, 0];[1, 0.0, 0];[1, 0.0, 0];[1, 0.0, 0];[1, 0.0, 0];[1, 0.0, 0];[-1, 1.9999999999999997779553950749687, 1023];[-1, 1.0, -1];[-1, 0.0, 0];[-1, 1.9999999999999995559107901499374, -1];RAISE:ZeroDivisionError;RAISE:ZeroDivisionError;[1, 0.0, 0];[1, 0.0, 0];[1, 1.0, -53];[1, 0.0, 0];[1, 1.0, 0];[1, 1.0, 0];[1, 1.0, 0];[1, 1.0, 0];[1, 1.0, 0];[1, 1.5999999999999992006394222698873, -4];[-1, 1.9999999999999997779553950749687, 1023];[-1, 1.0, -1];[-1, 0.0, 0];[-1, 1.9999999999999982236431605997495, -1];RAISE:ZeroDivisionError;RAISE:ZeroDivisionError;[1, 0.0, 0];[1, 0.0, 0];[1, 1.75, -51];[1, 0.0, 0];[1, 1.9999999999999973354647408996243, -1];[1, 1.0, 0];[1, 1.4336293856408275360081461258233, -1];[1, 1.75, 2];[1, 1.75, 2];[1, 1.5999999999999938715689040691359, -4];[-1, 1.9999999999999997779553950749687, 1023];[-1, 0.0, 0];[-1, 0.0, 0];[-1, 1.9999999999999904520819882236538, -1];RAISE:ZeroDivisionError;RAISE:ZeroDivisionError;[1, 0.0, 0];[1, 0.0, 0];[1, 1.3125, -48];[1, 0.0, 0];[1, 1.9999999999999817923423961474327, -1];[1, 0.0, 0];[1, 1.1592955033326894920264749089256, 0];[1, 1.3125, 5];[1, 1.3125, 5];[1, 1.5999999999999627853242145647528, -4];[-1, 1.9999999999999997779553950749687, 1023];[-1, 1.0, -1];[-1, 0.0, 0];[-1, 1.9999999999997777333504700436606, -1];RAISE:ZeroDivisionError;RAISE:ZeroDivisionError;[1, 0.0, 0];[1, 0.0, 0];[1, 1.953125, -44];[1, 0.0, 0];[1, 1.9999999999995563548793597874464, -1];[1, 1.0, 0];[1, 1.9470723168915782252952340058982, -1];[1, 1.953125, 9];[1, 1.953125, 9];[1, 1.5999999999991119103981418447802, -4];[-1, 1.9999999999999997779553950749687, 1023];[-1, 1.0, -1];[-1, 0.0, 0];[-1, 1.999999523162841796875, -1];RAISE:ZeroDivisionError;RAISE:ZeroDivisionError;[1, 0.0, 0];[1, 0.0, 0];[1, 1.999999999068677425384521484375, -23];[1, 0.0, 0];[1, 1.9999990463256844819284197001252, -1];[1, 1.0, 0];[1, 1.6218266629394904043692804407328, -1];[1, 1.999999999068677425384521484375, 30];[1, 1.999999999068677425384521484375, 30];[1, 1.5999980926513681644962616701378, -4];[-1, 1.9999999999999997779553950749687, 1023];[-1, 1.0, 0];[-1, 0.0, 0];[-1, 1.9999995231628415748303950749687, -1];RAISE:ZeroDivisionError;RAISE:ZeroDivisionError;[1, 0.0, 0];[1, 0.0, 0];[1, 1.0, -22];[1, 0.0, 0];[1, 1.9999990463256840378392098500626, -1];[1, 1.0, -1];[1, 1.8109133314697452021846402203664, 0];[1, 1.0, 31];[1, 1.0, 31];[1, 1.5999980926513672763178419700125, -4];[-1, 1.9999999999999997779553950749687, 1023];[-1, 1.0, -1];[-1, 0.0, 0];[-1, 0.0, 0];RAISE:ZeroDivisionError;RAISE:ZeroDivisionError;[1, 0.0, 0];[1, 0.0, 0];[1, 0.0, 0];[1, 0.0, 0];[1, 1.5, -51];[1, 1.0, 0];[1, 1.4602635250398208199840155430138, -2];[1, 1.9999999999999997779553950749687, 52];[1, 1.9999999999999997779553950749687, 52];[1, 1.5, -54];[-1, 1.9999999999999997779553950749687, 1023];[-1, 1.0, 0];[-1, 0.0, 0];[-1, 1.9999999999999995559107901499374, -1];RAISE:ZeroDivisionError;RAISE:ZeroDivisionError;[1, 0.0, 0];[1, 0.0, 0];[1, 1.0, -53];[1, 0.0, 0];[1, 1.0, -51];[1, 1.0, -1];[1, 1.3650658812599552049960038857535, 0];[1, 0.0, 0];[1, 1.0, 53];[1, 1.0, -55];[-1, 1.9999999999999997779553950749687, 1023];[-1, 1.0, 0];[-1, 0.0, 0];[-1, 1.9999999999997724042799518429092, -1];RAISE:ZeroDivisionError;RAISE:ZeroDivisionError;[1, 0.0, 0];[1, 0.0, 0];[1, 1.0, -43];[1, 0.0, 0];[1, 1.0, -41];[1, 1.0, -1];[1, 1.4801621081629932064060994889587, 1];[1, 0.0, 0];[1, 1.0, 63];[1, 1.0, -45]",224,32
A4_5_7,1,whole|fractional,c_int64,Decimal,"whole/L1/16:-2^63,-2^63+1,-2^53-1,-2^31,-42,-1,0,1,7,42,1000,2^31-1,2^31,2^53-1,2^53+1,2^63-1","fractional/L1/16:-max_finite,-1.5,-1.0,-(1.0-1ulp),-0.0,+0.0,+min_subnormal,+min_normal,1.0-1ulp,1.0,1.0+1ulp,1.5,pi,2^53,max_finite,0.1",256,"[-1, 1.0, 63];[-1, 1.0, -1];[-1, 0.0, 0];[-1, 1.348814741910692, -2];RAISE:InvalidOperation;RAISE:InvalidOperation;RAISE:InvalidOperation;RAISE:InvalidOperation;[-1, 1.348814741910692, -2];[-1, 0.0, 0];[-1, 1.3023705161808296, -2];[-1, 1.0, -1];[-1, 1.084044322389943, 0];[-1, 0.0, 0];[-1, 1.0, 63];[-1, 0.0, 0];[-1, 1.9999999999999999997831595655029, 62];[-1, 1.0, 0];[-1, 0.0, 0];[-1, 1.3488147419106916, -2];RAISE:InvalidOperation;RAISE:InvalidOperation;RAISE:InvalidOperation;RAISE:InvalidOperation;[-1, 1.3488147419106916, -2];[-1, 0.0, 0];[-1, 1.3023705161808304, -2];[-1, 1.0, 0];[-1, 1.344709158239088, -4];[-1, 1.9999999999999997779553950749687, 52];[-1, 1.9999999999999999997831595655029, 62];[-1, 0.0, 0];[-1, 1.0000000000000001110223024625157, 53];[-1, 0.0, 0];[-1, 0.0, 0];[-1, 1.8014398509481986, -1];RAISE:InvalidOperation;RAISE:InvalidOperation;RAISE:InvalidOperation;RAISE:InvalidOperation;[-1, 1.8014398509481986, -1];[-1, 0.0, 0];[-1, 1.5884811924144144, -3];[-1, 0.0, 0];[-1, 1.3488206942175515, 1];[-1, 1.0, 0];[-1, 1.0000000000000001110223024625157, 53];[-1, 0.0, 0];[-1, 1.0, 31];[-1, 1.0, -1];[-1, 0.0, 0];[-1, 1.8014398509481984, -23];RAISE:InvalidOperation;RAISE:InvalidOperation;RAISE:InvalidOperation;RAISE:InvalidOperation;[-1, 1.8014398509481984, -23];[-1, 0.0, 0];[-1, 1.9999991410065412, -1];[-1, 1.0, -1];[-1, 1.810913410761925, 0];[-1, 1.0, 31];[-1, 1.0, 31];[-1, 0.0, 0];[-1, 1.3125, 5];[-1, 0.0, 0];[-1, 0.0, 0];[-1, 1.1821949021847552, -48];RAISE:InvalidOperation;RAISE:InvalidOperation;RAISE:InvalidOperation;RAISE:InvalidOperation;[-1, 1.1821949021847552, -48];[-1, 0.0, 0];[-1, 1.9999999999999836, -1];[-1, 0.0, 0];[-1, 1.159295503332691, 0];[-1, 1.3125, 5];[-1, 1.3125, 5];[-1, 0.0, 0];[-1, 1.0, 0];[-1, 1.0, 0];[-1, 0.0, 0];[-1, 1.8014398509481984, -54];RAISE:InvalidOperation;RAISE:InvalidOperation;RAISE:InvalidOperation;RAISE:InvalidOperation;[-1, 1.8014398509481984, -54];[-1, 0.0, 0];[-1, 1.0, 0];[-1, 1.0, 0];[-1, 1.0, 0];[-1, 1.0, 0];[-1, 1.0, 0];[-1, 0.0, 0];[1, 0.0, 0];[1, 0.0, 0];[1, 0.0, 0];[1, 0.0, 0];RAISE:InvalidOperation;RAISE:InvalidOperation;[1, 0.0, 0];[1, 0.0, 0];[1, 0.0, 0];[1, 0.0, 0];[1, 0.0, 0];[1, 0.0, 0];[1, 0.0, 0];[1, 0.0, 0];[1, 0.0, 0];[1, 0.0, 0];[1, 1.0, 0];[1, 1.0, 0];[1, 0.0, 0];[1, 1.8014398509481984, -54];RAISE:InvalidOperation;RAISE:InvalidOperation;RAISE:InvalidOperation;RAISE:InvalidOperation;[1, 1.8014398509481984, -54];[1, 0.0, 0];[1, 1.0, 0];[1, 1.0, 0];[1, 1.0, 0];[1, 1.0, 0];[1, 1.0, 0];[1, 0.0, 0];[1, 1.75, 2];[1, 1.0, 0];[1, 0.0, 0];[1, 1.5762598695796736, -51];RAISE:InvalidOperation;RAISE:InvalidOperation;RAISE:InvalidOperation;RAISE:InvalidOperation;[1, 1.5762598695796736, -51];[1, 0.0, 0];[1, 1.9999999999999976, -1];[1, 1.0, 0];[1, 1.433629385640828, -1];[1, 1.75, 2];[1, 1.75, 2];[1, 0.0, 0];[1, 1.3125, 5];[1, 0.0, 0];[1, 0.0, 0];[1, 1.1821949021847552, -48];RAISE:InvalidOperation;RAISE:InvalidOperation;RAISE:InvalidOperation;RAISE:InvalidOperation;[1, 1.1821949021847552, -48];[1, 0.0, 0];[1, 1.9999999999999836, -1];[1, 0.0, 0];[1, 1.159295503332691, 0];[1, 1.3125, 5];[1, 1.3125, 5];[1, 0.0, 0];[1, 1.953125, 9];[1, 1.0, 0];[1, 0.0, 0];[1, 1.7592186044416, -44];RAISE:InvalidOperation;RAISE:InvalidOperation;RAISE:InvalidOperation;RAISE:InvalidOperation;[1, 1.7592186044416, -44];[1, 0.0, 0];[1, 1.9999999999996004, -1];[1, 1.0, 0];[1, 1.947072316891652, -1];[1, 1.953125, 9];[1, 1.953125, 9];[1, 0.0, 0];[1, 1.999999999068677425384521484375, 30];[1, 1.0, 0];[1, 0.0, 0];[1, 1.8014398501093376, -23];RAISE:InvalidOperation;RAISE:InvalidOperation;RAISE:InvalidOperation;RAISE:InvalidOperation;[1, 1.8014398501093376, -23];[1, 0.0, 0];[1, 1.9999991410065416, -1];[1, 1.0, 0];[1, 1.62182682152385, -1];[1, 1.999999999068677425384521484375, 30];[1, 1.999999999068677425384521484375, 30];[1, 0.0, 0];[1, 1.0, 31];[1, 1.0, -1];[1, 0.0, 0];[1, 1.8014398509481984, -23];RAISE:InvalidOperation;RAISE:InvalidOperation;RAISE:InvalidOperation;RAISE:InvalidOperation;[1, 1.8014398509481984, -23];[1, 0.0, 0];[1, 1.9999991410065412, -1];[1, 1.0, -1];[1, 1.810913410761925, 0];[1, 1.0, 31];[1, 1.0, 31];[1, 0.0, 0];[1, 1.9999999999999997779553950749687, 52];[1, 1.0, 0];[1, 0.0, 0];[1, 1.8014398509481982, -1];RAISE:InvalidOperation;RAISE:InvalidOperation;RAISE:InvalidOperation;RAISE:InvalidOperation;[1, 1.8014398509481982, -1];[1, 0.0, 0];[1, 1.5884811924144176, -3];[1, 1.0, 0];[1, 1.395282776870206, -1];[1, 1.9999999999999997779553950749687, 52];[1, 1.9999999999999997779553950749687, 52];[1, 0.0, 0];[1, 1.0000000000000001110223024625157, 53];[1, 0.0, 0];[1, 0.0, 0];[1, 1.8014398509481986, -1];RAISE:InvalidOperation;RAISE:InvalidOperation;RAISE:InvalidOperation;RAISE:InvalidOperation;[1, 1.8014398509481986, -1];[1, 0.0, 0];[1, 1.5884811924144144, -3];[1, 0.0, 0];[1, 1.3488206942175515, 1];[1, 1.0, 0];[1, 1.0000000000000001110223024625157, 53];[1, 0.0, 0];[1, 1.9999999999999999997831595655029, 62];[1, 1.0, 0];[1, 0.0, 0];[1, 1.3488147419106916, -2];RAISE:InvalidOperation;RAISE:InvalidOperation;RAISE:InvalidOperation;RAISE:InvalidOperation;[1, 1.3488147419106916, -2];[1, 0.0, 0];[1, 1.3023705161808304, -2];[1, 1.0, 0];[1, 1.344709158239088, -4];[1, 1.9999999999999997779553950749687, 52];[1, 1.9999999999999999997831595655029, 62];[1, 0.0, 0]",194,62
A4_5_8,1,whole|fractional,c_int64,Fraction,"whole/L1/16:-2^63,-2^63+1,-2^53-1,-2^31,-42,-1,0,1,7,42,1000,2^31-1,2^31,2^53-1,2^53+1,2^63-1","fractional/L1/15:-max_finite,-1.5,-1.0,-(1.0-1ulp),+0.0,+min_subnormal,+min_normal,1.0-1ulp,1.0,1.0+1ulp,1.5,pi,2^53,max_finite,0.1",240,"[-1, 1.0, 63];[-1, 1.0, -1];[1, 0.0, 0];[-1, 1.0, -43];RAISE:ZeroDivisionError;[1, 0.0, 0];[1, 0.0, 0];[1, 1.9999999999997724042799518429092, -1];[1, 0.0, 0];[1, 1.9999999999990909493874369218247, -1];[1, 1.0, 0];[1, 1.450147498110453625486115925014, -3];[1, 0.0, 0];[1, 1.9999999999999997779553950749687, 1023];[1, 1.5999999999995453414669555058936, -4];[-1, 1.9999999999999999997831595655029, 62];[-1, 1.0, 0];[1, 0.0, 0];[-1, 1.998046875, -44];RAISE:ZeroDivisionError;[1, 0.0, 0];[1, 0.0, 0];[1, 1.9999999999997726263245567679405, -1];[1, 0.0, 0];[1, 1.9999999999990905052982270717621, -1];[1, 1.0, -1];[1, 1.1812684372638067031857644906268, 0];[1, 1.0, 0];[1, 1.9999999999999997779553950749687, 1023];[1, 1.5999999999995444532885358057683, -4];[-1, 1.0000000000000001110223024625157, 53];[1, 0.0, 0];[1, 0.0, 0];[-1, 1.0, -52];RAISE:ZeroDivisionError;[1, 0.0, 0];[1, 0.0, 0];[1, 1.9999999999999993338661852249061, -1];[1, 0.0, 0];[1, 1.0, 0];[1, 0.0, 0];[1, 1.5530535446596758220039191655815, -1];[1, 1.9999999999999997779553950749687, 52];[1, 1.9999999999999997779553950749687, 1023];[1, 1.0, -55];[-1, 1.0, 31];[-1, 1.0, -1];[1, 0.0, 0];[-1, 1.0, -22];RAISE:ZeroDivisionError;[1, 0.0, 0];[1, 0.0, 0];[1, 1.9999995231628415748303950749687, -1];[1, 0.0, 0];[1, 1.0, -21];[1, 1.0, 0];[1, 1.3306793221200479138133232481778, 0];[1, 1.999999523162841796875, 52];[1, 1.9999999999999997779553950749687, 1023];[1, 1.0, -23];[-1, 1.3125, 5];[1, 0.0, 0];[1, 0.0, 0];[-1, 1.3125, -48];RAISE:ZeroDivisionError;[1, 0.0, 0];[1, 0.0, 0];[1, 1.9999999999999904520819882236538, -1];[1, 0.0, 0];[1, 1.3125, -47];[1, 0.0, 0];[1, 1.9822971502571036239714885596186, 0];[1, 1.9999999999999906741265931486851, 52];[1, 1.9999999999999997779553950749687, 1023];[1, 1.3125, -49];[-1, 1.0, 0];[-1, 1.0, 0];[1, 0.0, 0];[-1, 1.0, -53];RAISE:ZeroDivisionError;[1, 0.0, 0];[1, 0.0, 0];[1, 1.9999999999999995559107901499374, -1];[1, 0.0, 0];[1, 1.0, -52];[1, 1.0, -1];[1, 1.0707963267948965579989817342721, 1];[1, 1.9999999999999997779553950749687, 52];[1, 1.9999999999999997779553950749687, 1023];[1, 1.0, -54];[1, 0.0, 0];[1, 0.0, 0];[1, 0.0, 0];[1, 0.0, 0];RAISE:ZeroDivisionError;[1, 0.0, 0];[1, 0.0, 0];[1, 0.0, 0];[1, 0.0, 0];[1, 0.0, 0];[1, 0.0, 0];[1, 0.0, 0];[1, 0.0, 0];[1, 0.0, 0];[1, 0.0, 0];[-1, 1.9999999999999997779553950749687, 1023];[-1, 1.0, -1];[1, 0.0, 0];[-1, 1.9999999999999995559107901499374, -1];RAISE:ZeroDivisionError;[1, 0.0, 0];[1, 0.0, 0];[1, 1.0, -53];[1, 0.0, 0];[1, 1.0, 0];[1, 1.0, 0];[1, 1.0, 0];[1, 1.0, 0];[1, 1.0, 0];[1, 1.5999999999999992006394222698873, -4];[-1, 1.9999999999999997779553950749687, 1023];[-1, 1.0, -1];[1, 0.0, 0];[-1, 1.9999999999999982236431605997495, -1];RAISE:ZeroDivisionError;[1, 0.0, 0];[1, 0.0, 0];[1, 1.75, -51];[1, 0.0, 0];[1, 1.9999999999999973354647408996243, -1];[1, 1.0, 0];[1, 1.4336293856408275360081461258233, -1];[1, 1.75, 2];[1, 1.75, 2];[1, 1.5999999999999938715689040691359, -4];[-1, 1.9999999999999997779553950749687, 1023];[1, 0.0, 0];[1, 0.0, 0];[-1, 1.9999999999999904520819882236538, -1];RAISE:ZeroDivisionError;[1, 0.0, 0];[1, 0.0, 0];[1, 1.3125, -48];[1, 0.0, 0];[1, 1.9999999999999817923423961474327, -1];[1, 0.0, 0];[1, 1.1592955033326894920264749089256, 0];[1, 1.3125, 5];[1, 1.3125, 5];[1, 1.5999999999999627853242145647528, -4];[-1, 1.9999999999999997779553950749687, 1023];[-1, 1.0, -1];[1, 0.0, 0];[-1, 1.9999999999997777333504700436606, -1];RAISE:ZeroDivisionError;[1, 0.0, 0];[1, 0.0, 0];[1, 1.953125, -44];[1, 0.0, 0];[1, 1.9999999999995563548793597874464, -1];[1, 1.0, 0];[1, 1.9470723168915782252952340058982, -1];[1, 1.953125, 9];[1, 1.953125, 9];[1, 1.5999999999991119103981418447802, -4];[-1, 1.9999999999999997779553950749687, 1023];[-1, 1.0, -1];[1, 0.0, 0];[-1, 1.999999523162841796875, -1];RAISE:ZeroDivisionError;[1, 0.0, 0];[1, 0.0, 0];[1, 1.999999999068677425384521484375, -23];[1, 0.0, 0];[1, 1.9999990463256844819284197001252, -1];[1, 1.0, 0];[1, 1.6218266629394904043692804407328, -1];[1, 1.999999999068677425384521484375, 30];[1, 1.999999999068677425384521484375, 30];[1, 1.5999980926513681644962616701378, -4];[-1, 1.9999999999999997779553950749687, 1023];[-1, 1.0, 0];[1, 0.0, 0];[-1, 1.9999995231628415748303950749687, -1];RAISE:ZeroDivisionError;[1, 0.0, 0];[1, 0.0, 0];[1, 1.0, -22];[1, 0.0, 0];[1, 1.9999990463256840378392098500626, -1];[1, 1.0, -1];[1, 1.8109133314697452021846402203664, 0];[1, 1.0, 31];[1, 1.0, 31];[1, 1.5999980926513672763178419700125, -4];[-1, 1.9999999999999997779553950749687, 1023];[-1, 1.0, -1];[1, 0.0, 0];[1, 0.0, 0];RAISE:ZeroDivisionError;[1, 0.0, 0];[1, 0.0, 0];[1, 0.0, 0];[1, 0.0, 0];[1, 1.5, -51];[1, 1.0, 0];[1, 1.4602635250398208199840155430138, -2];[1, 1.9999999999999997779553950749687, 52];[1, 1.9999999999999997779553950749687, 52];[1, 1.5, -54];[-1, 1.9999999999999997779553950749687, 1023];[1, 0.0, 0];[1, 0.0, 0];[-1, 1.9999999999999993338661852249061, -1];RAISE:ZeroDivisionError;[1, 0.0, 0];[1, 0.0, 0];[1, 1.0, -52];[1, 0.0, 0];[1, 1.0, -52];[1, 0.0, 0];[1, 1.1825329406299776024980019428767, 1];[1, 1.0, 0];[1, 1.0000000000000001110223024625157, 53];[1, 1.5999999999999996447286321199499, -4];[-1, 1.9999999999999997779553950749687, 1023];[-1, 1.0, -1];[1, 0.0, 0];[-1, 1.9999999999997726263245567679405, -1];RAISE:ZeroDivisionError;[1, 0.0, 0];[1, 0.0, 0];[1, 1.998046875, -44];[1, 0.0, 0];[1, 1.00048828125, -41];[1, 1.0, 0];[1, 1.9603242163259864128121989779174, 0];[1, 1.9999999999999997779553950749687, 52];[1, 1.9999999999999999997831595655029, 62];[1, 1.001953125, -45]",224,16
A4_6_1,1,fractional|truth,float,bool,"fractional/L1/16:-max_finite,-1.5,-1.0,-(1.0-1ulp),-0.0,+0.0,+min_subnormal,+min_normal,1.0-1ulp,1.0,1.0+1ulp,1.5,pi,2^53,max_finite,0.1","truth/L1/6:true,false,0,1,"""",nil",96,"[1, 0.0, 0];RAISE:ZeroDivisionError;RAISE:ZeroDivisionError;[1, 0.0, 0];RAISE:TypeError;RAISE:TypeError;[1, 1.0, -1];RAISE:ZeroDivisionError;RAISE:ZeroDivisionError;[1, 1.0, -1];RAISE:TypeError;RAISE:TypeError;[1, 0.0, 0];RAISE:ZeroDivisionError;RAISE:ZeroDivisionError;[1, 0.0, 0];RAISE:TypeError;RAISE:TypeError;[1, 1.0, -53];RAISE:ZeroDivisionError;RAISE:ZeroDivisionError;[1, 1.0, -53];RAISE:TypeError;RAISE:TypeError;[1, 0.0, 0];RAISE:ZeroDivisionError;RAISE:ZeroDivisionError;[1, 0.0, 0];RAISE:TypeError;RAISE:TypeError;[1, 0.0, 0];RAISE:ZeroDivisionError;RAISE:ZeroDivisionError;[1, 0.0, 0];RAISE:TypeError;RAISE:TypeError;[1, 1.0, -1074];RAISE:ZeroDivisionError;RAISE:ZeroDivisionError;[1, 1.0, -1074];RAISE:TypeError;RAISE:TypeError;[1, 1.0, -1022];RAISE:ZeroDivisionError;RAISE:ZeroDivisionError;[1, 1.0, -1022];RAISE:TypeError;RAISE:TypeError;[1, 1.9999999999999997779553950749687, -1];RAISE:ZeroDivisionError;RAISE:ZeroDivisionError;[1, 1.9999999999999997779553950749687, -1];RAISE:TypeError;RAISE:TypeError;[1, 0.0, 0];RAISE:ZeroDivisionError;RAISE:ZeroDivisionError;[1, 0.0, 0];RAISE:TypeError;RAISE:TypeError;[1, 1.0, -52];RAISE:ZeroDivisionError;RAISE:ZeroDivisionError;[1, 1.0, -52];RAISE:TypeError;RAISE:TypeError;[1, 1.0, -1];RAISE:ZeroDivisionError;RAISE:ZeroDivisionError;[1, 1.0, -1];RAISE:TypeError;RAISE:TypeError;[1, 1.1327412287183449279837077483535, -3];RAISE:ZeroDivisionError;RAISE:ZeroDivisionError;[1, 1.1327412287183449279837077483535, -3];RAISE:TypeError;RAISE:TypeError;[1, 0.0, 0];RAISE:ZeroDivisionError;RAISE:ZeroDivisionError;[1, 0.0, 0];RAISE:TypeError;RAISE:TypeError;[1, 0.0, 0];RAISE:ZeroDivisionError;RAISE:ZeroDivisionError;[1, 0.0, 0];RAISE:TypeError;RAISE:TypeError;[1, 1.6000000000000000888178419700125, -4];RAISE:ZeroDivisionError;RAISE:ZeroDivisionError;[1, 1.6000000000000000888178419700125, -4];RAISE:TypeError;RAISE:TypeError",32,64
A4_6_2,1,fractional|whole,float,int,"fractional/L1/16:-max_finite,-1.5,-1.0,-(1.0-1ulp),-0.0,+0.0,+min_subnormal,+min_normal,1.0-1ulp,1.0,1.0+1ulp,1.5,pi,2^53,max_finite,0.1","whole/L1/17:-2^63,-2^63+1,-2^53-1,-2^31,-42,-1,0,1,7,42,1000,2^31-1,2^31,2^53-1,2^53+1,2^63-1,2^64-1",272,"[-1, 0.0, 0];[-1, 0.0, 0];[-1, 0.0, 0];[-1, 0.0, 0];[-1, 1.625, 4];[-1, 0.0, 0];RAISE:ZeroDivisionError;[1, 0.0, 0];[1, 1.0, 1];[1, 1.0, 4];[1, 1.234375, 9];[1, 1.99609375, 9];[1, 0.0, 0];[1, 0.0, 0];[1, 0.0, 0];[1, 0.0, 0];[1, 0.0, 0];[-1, 1.5, 0];[-1, 1.5, 0];[-1, 1.5, 0];[-1, 1.5, 0];[-1, 1.5, 0];[-1, 1.0, -1];RAISE:ZeroDivisionError;[1, 1.0, -1];[1, 1.375, 2];[1, 1.265625, 5];[1, 1.9501953125, 9];[1, 1.9999999976716935634613037109375, 30];[1, 1.9999999986030161380767822265625, 30];[1, 1.9999999999999995559107901499374, 52];[1, 1.9999999999999995559107901499374, 52];[1, 1.0, 63];[1, 1.0, 64];[-1, 1.0, 0];[-1, 1.0, 0];[-1, 1.0, 0];[-1, 1.0, 0];[-1, 1.0, 0];[-1, 0.0, 0];RAISE:ZeroDivisionError;[1, 0.0, 0];[1, 1.5, 2];[1, 1.28125, 5];[1, 1.951171875, 9];[1, 1.99999999813735485076904296875, 30];[1, 1.999999999068677425384521484375, 30];[1, 1.9999999999999995559107901499374, 52];[1, 1.9999999999999997779553950749687, 52];[1, 1.0, 63];[1, 1.0, 64];[-1, 1.9999999999999997779553950749687, -1];[-1, 1.9999999999999997779553950749687, -1];[-1, 1.9999999999999997779553950749687, -1];[-1, 1.9999999999999997779553950749687, -1];[-1, 1.9999999999999997779553950749687, -1];[-1, 1.9999999999999997779553950749687, -1];RAISE:ZeroDivisionError;[1, 1.0, -53];[1, 1.5, 2];[1, 1.28125, 5];[1, 1.951171875, 9];[1, 1.99999999813735485076904296875, 30];[1, 1.999999999068677425384521484375, 30];[1, 1.9999999999999995559107901499374, 52];[1, 1.9999999999999997779553950749687, 52];[1, 1.0, 63];[1, 1.0, 64];[-1, 0.0, 0];[-1, 0.0, 0];[-1, 0.0, 0];[-1, 0.0, 0];[-1, 0.0, 0];[-1, 0.0, 0];RAISE:ZeroDivisionError;[1, 0.0, 0];[1, 0.0, 0];[1, 0.0, 0];[1, 0.0, 0];[1, 0.0, 0];[1, 0.0, 0];[1, 0.0, 0];[1, 0.0, 0];[1, 0.0, 0];[1, 0.0, 0];[-1, 0.0, 0];[-1, 0.0, 0];[-1, 0.0, 0];[-1, 0.0, 0];[-1, 0.0, 0];[-1, 0.0, 0];RAISE:ZeroDivisionError;[1, 0.0, 0];[1, 0.0, 0];[1, 0.0, 0];[1, 0.0, 0];[1, 0.0, 0];[1, 0.0, 0];[1, 0.0, 0];[1, 0.0, 0];[1, 0.0, 0];[1, 0.0, 0];[-1, 1.0, 63];[-1, 1.0, 63];[-1, 1.0, 53];[-1, 1.0, 31];[-1, 1.3125, 5];[-1, 1.0, 0];RAISE:ZeroDivisionError;[1, 1.0, -1074];[1, 1.0, -1074];[1, 1.0, -1074];[1, 1.0, -1074];[1, 1.0, -1074];[1, 1.0, -1074];[1, 1.0, -1074];[1, 1.0, -1074];[1, 1.0, -1074];[1, 1.0, -1074];[-1, 1.0, 63];[-1, 1.0, 63];[-1, 1.0, 53];[-1, 1.0, 31];[-1, 1.3125, 5];[-1, 1.0, 0];RAISE:ZeroDivisionError;[1, 1.0, -1022];[1, 1.0, -1022];[1, 1.0, -1022];[1, 1.0, -1022];[1, 1.0, -1022];[1, 1.0, -1022];[1, 1.0, -1022];[1, 1.0, -1022];[1, 1.0, -1022];[1, 1.0, -1022];[-1, 1.0, 63];[-1, 1.0, 63];[-1, 1.9999999999999997779553950749687, 52];[-1, 1.999999999068677425384521484375, 30];[-1, 1.28125, 5];[-1, 1.0, -53];RAISE:ZeroDivisionError;[1, 1.9999999999999997779553950749687, -1];[1, 1.9999999999999997779553950749687, -1];[1, 1.9999999999999997779553950749687, -1];[1, 1.9999999999999997779553950749687, -1];[1, 1.9999999999999997779553950749687, -1];[1, 1.9999999999999997779553950749687, -1];[1, 1.9999999999999997779553950749687, -1];[1, 1.9999999999999997779553950749687, -1];[1, 1.9999999999999997779553950749687, -1];[1, 1.9999999999999997779553950749687, -1];[-1, 1.0, 63];[-1, 1.0, 63];[-1, 1.9999999999999997779553950749687, 52];[-1, 1.999999999068677425384521484375, 30];[-1, 1.28125, 5];[-1, 0.0, 0];RAISE:ZeroDivisionError;[1, 0.0, 0];[1, 1.0, 0];[1, 1.0, 0];[1, 1.0, 0];[1, 1.0, 0];[1, 1.0, 0];[1, 1.0, 0];[1, 1.0, 0];[1, 1.0, 0];[1, 1.0, 0];[-1, 1.0, 63];[-1, 1.0, 63];[-1, 1.9999999999999997779553950749687, 52];[-1, 1.999999999068677425384521484375, 30];[-1, 1.28125, 5];[-1, 1.9999999999999995559107901499374, -1];RAISE:ZeroDivisionError;[1, 1.0, -52];[1, 1.0000000000000002220446049250313, 0];[1, 1.0000000000000002220446049250313, 0];[1, 1.0000000000000002220446049250313, 0];[1, 1.0000000000000002220446049250313, 0];[1, 1.0000000000000002220446049250313, 0];[1, 1.0000000000000002220446049250313, 0];[1, 1.0000000000000002220446049250313, 0];[1, 1.0000000000000002220446049250313, 0];[1, 1.0000000000000002220446049250313, 0];[-1, 1.0, 63];[-1, 1.0, 63];[-1, 1.9999999999999995559107901499374, 52];[-1, 1.9999999986030161380767822265625, 30];[-1, 1.265625, 5];[-1, 1.0, -1];RAISE:ZeroDivisionError;[1, 1.0, -1];[1, 1.5, 0];[1, 1.5, 0];[1, 1.5, 0];[1, 1.5, 0];[1, 1.5, 0];[1, 1.5, 0];[1, 1.5, 0];[1, 1.5, 0];[1, 1.5, 0];[-1, 1.0, 63];[-1, 1.0, 63];[-1, 1.9999999999999993338661852249061, 52];[-1, 1.9999999970741637600468720847857, 30];[-1, 1.2143252295753188541027611790923, 5];[-1, 1.7168146928204137680040730629116, -1];RAISE:ZeroDivisionError;[1, 1.1327412287183449279837077483535, -3];[1, 1.5707963267948965579989817342721, 1];[1, 1.5707963267948965579989817342721, 1];[1, 1.5707963267948965579989817342721, 1];[1, 1.5707963267948965579989817342721, 1];[1, 1.5707963267948965579989817342721, 1];[1, 1.5707963267948965579989817342721, 1];[1, 1.5707963267948965579989817342721, 1];[1, 1.5707963267948965579989817342721, 1];[1, 1.5707963267948965579989817342721, 1];[-1, 1.998046875, 62];[-1, 1.998046875, 62];[-1, 0.0, 0];[-1, 0.0, 0];[-1, 1.25, 3];[-1, 0.0, 0];RAISE:ZeroDivisionError;[1, 0.0, 0];[1, 1.0, 2];[1, 1.0, 5];[1, 1.9375, 9];[1, 1.0, 22];[1, 0.0, 0];[1, 1.0, 0];[1, 0.0, 0];[1, 1.0, 53];[1, 1.0, 53];[-1, 0.0, 0];[-1, 0.0, 0];[-1, 0.0, 0];[-1, 0.0, 0];[-1, 1.0, 4];[-1, 0.0, 0];RAISE:ZeroDivisionError;[1, 0.0, 0];[1, 1.25, 2];[1, 1.625, 4];[1, 1.4375, 8];[1, 1.999999047257006168365478515625, 30];[1, 0.0, 0];[1, 0.0, 0];[1, 0.0, 0];[1, 0.0, 0];[1, 0.0, 0];[-1, 1.0, 63];[-1, 1.0, 63];[-1, 1.0, 53];[-1, 1.99999999990686783135629411845, 30];[-1, 1.3093749999999999555910790149937, 5];[-1, 1.8000000000000000444089209850063, -1];RAISE:ZeroDivisionError;[1, 1.6000000000000000888178419700125, -4];[1, 1.6000000000000000888178419700125, -4];[1, 1.6000000000000000888178419700125, -4];[1, 1.6000000000000000888178419700125, -4];[1, 1.6000000000000000888178419700125, -4];[1, 1.6000000000000000888178419700125, -4];[1, 1.6000000000000000888178419700125, -4];[1, 1.6000000000000000888178419700125, -4];[1, 1.6000000000000000888178419700125, -4];[1, 1.6000000000000000888178419700125, -4]",256,16
A4_6_3,1,fractional|whole,float,Decimal,"fractional/L1/16:-max_finite,-1.5,-1.0,-(1.0-1ulp),-0.0,+0.0,+min_subnormal,+min_normal,1.0-1ulp,1.0,1.0+1ulp,1.5,pi,2^53,max_finite,0.1","whole/L1/17:-2^63,-2^63+1,-2^53-1,-2^31,-42,-1,0,1,7,42,1000,2^31-1,2^31,2^53-1,2^53+1,2^63-1,2^64-1",272,RAISE:TypeError;RAISE:TypeError;RAISE:TypeError;RAISE:TypeError;RAISE:TypeError;RAISE:TypeError;RAISE:TypeError;RAISE:TypeError;RAISE:TypeError;RAISE:TypeError;RAISE:TypeError;RAISE:TypeError;RAISE:TypeError;RAISE:TypeError;RAISE:TypeError;RAISE:TypeError;RAISE:TypeError;RAISE:TypeError;RAISE:TypeError;RAISE:TypeError;RAISE:TypeError;RAISE:TypeError;RAISE:TypeError;RAISE:TypeError;RAISE:TypeError;RAISE:TypeError;RAISE:TypeError;RAISE:TypeError;RAISE:TypeError;RAISE:TypeError;RAISE:TypeError;RAISE:TypeError;RAISE:TypeError;RAISE:TypeError;RAISE:TypeError;RAISE:TypeError;RAISE:TypeError;RAISE:TypeError;RAISE:TypeError;RAISE:TypeError;RAISE:TypeError;RAISE:TypeError;RAISE:TypeError;RAISE:TypeError;RAISE:TypeError;RAISE:TypeError;RAISE:TypeError;RAISE:TypeError;RAISE:TypeError;RAISE:TypeError;RAISE:TypeError;RAISE:TypeError;RAISE:TypeError;RAISE:TypeError;RAISE:TypeError;RAISE:TypeError;RAISE:TypeError;RAISE:TypeError;RAISE:TypeError;RAISE:TypeError;RAISE:TypeError;RAISE:TypeError;RAISE:TypeError;RAISE:TypeError;RAISE:TypeError;RAISE:TypeError;RAISE:TypeError;RAISE:TypeError;RAISE:TypeError;RAISE:TypeError;RAISE:TypeError;RAISE:TypeError;RAISE:TypeError;RAISE:TypeError;RAISE:TypeError;RAISE:TypeError;RAISE:TypeError;RAISE:TypeError;RAISE:TypeError;RAISE:TypeError;RAISE:TypeError;RAISE:TypeError;RAISE:TypeError;RAISE:TypeError;RAISE:TypeError;RAISE:TypeError;RAISE:TypeError;RAISE:TypeError;RAISE:TypeError;RAISE:TypeError;RAISE:TypeError;RAISE:TypeError;RAISE:TypeError;RAISE:TypeError;RAISE:TypeError;RAISE:TypeError;RAISE:TypeError;RAISE:TypeError;RAISE:TypeError;RAISE:TypeError;RAISE:TypeError;RAISE:TypeError;RAISE:TypeError;RAISE:TypeError;RAISE:TypeError;RAISE:TypeError;RAISE:TypeError;RAISE:TypeError;RAISE:TypeError;RAISE:TypeError;RAISE:TypeError;RAISE:TypeError;RAISE:TypeError;RAISE:TypeError;RAISE:TypeError;RAISE:TypeError;RAISE:TypeError;RAISE:TypeError;RAISE:TypeError;RAISE:TypeError;RAISE:TypeError;RAISE:TypeError;RAISE:TypeError;RAISE:TypeError;RAISE:TypeError;RAISE:TypeError;RAISE:TypeError;RAISE:TypeError;RAISE:TypeError;RAISE:TypeError;RAISE:TypeError;RAISE:TypeError;RAISE:TypeError;RAISE:TypeError;RAISE:TypeError;RAISE:TypeError;RAISE:TypeError;RAISE:TypeError;RAISE:TypeError;RAISE:TypeError;RAISE:TypeError;RAISE:TypeError;RAISE:TypeError;RAISE:TypeError;RAISE:TypeError;RAISE:TypeError;RAISE:TypeError;RAISE:TypeError;RAISE:TypeError;RAISE:TypeError;RAISE:TypeError;RAISE:TypeError;RAISE:TypeError;RAISE:TypeError;RAISE:TypeError;RAISE:TypeError;RAISE:TypeError;RAISE:TypeError;RAISE:TypeError;RAISE:TypeError;RAISE:TypeError;RAISE:TypeError;RAISE:TypeError;RAISE:TypeError;RAISE:TypeError;RAISE:TypeError;RAISE:TypeError;RAISE:TypeError;RAISE:TypeError;RAISE:TypeError;RAISE:TypeError;RAISE:TypeError;RAISE:TypeError;RAISE:TypeError;RAISE:TypeError;RAISE:TypeError;RAISE:TypeError;RAISE:TypeError;RAISE:TypeError;RAISE:TypeError;RAISE:TypeError;RAISE:TypeError;RAISE:TypeError;RAISE:TypeError;RAISE:TypeError;RAISE:TypeError;RAISE:TypeError;RAISE:TypeError;RAISE:TypeError;RAISE:TypeError;RAISE:TypeError;RAISE:TypeError;RAISE:TypeError;RAISE:TypeError;RAISE:TypeError;RAISE:TypeError;RAISE:TypeError;RAISE:TypeError;RAISE:TypeError;RAISE:TypeError;RAISE:TypeError;RAISE:TypeError;RAISE:TypeError;RAISE:TypeError;RAISE:TypeError;RAISE:TypeError;RAISE:TypeError;RAISE:TypeError;RAISE:TypeError;RAISE:TypeError;RAISE:TypeError;RAISE:TypeError;RAISE:TypeError;RAISE:TypeError;RAISE:TypeError;RAISE:TypeError;RAISE:TypeError;RAISE:TypeError;RAISE:TypeError;RAISE:TypeError;RAISE:TypeError;RAISE:TypeError;RAISE:TypeError;RAISE:TypeError;RAISE:TypeError;RAISE:TypeError;RAISE:TypeError;RAISE:TypeError;RAISE:TypeError;RAISE:TypeError;RAISE:TypeError;RAISE:TypeError;RAISE:TypeError;RAISE:TypeError;RAISE:TypeError;RAISE:TypeError;RAISE:TypeError;RAISE:TypeError;RAISE:TypeError;RAISE:TypeError;RAISE:TypeError;RAISE:TypeError;RAISE:TypeError;RAISE:TypeError;RAISE:TypeError;RAISE:TypeError;RAISE:TypeError;RAISE:TypeError;RAISE:TypeError;RAISE:TypeError;RAISE:TypeError;RAISE:TypeError;RAISE:TypeError;RAISE:TypeError;RAISE:TypeError;RAISE:TypeError;RAISE:TypeError;RAISE:TypeError;RAISE:TypeError;RAISE:TypeError;RAISE:TypeError;RAISE:TypeError;RAISE:TypeError;RAISE:TypeError;RAISE:TypeError;RAISE:TypeError;RAISE:TypeError;RAISE:TypeError;RAISE:TypeError;RAISE:TypeError;RAISE:TypeError;RAISE:TypeError,0,272
A4_6_4,1,fractional|whole,float,Fraction,"fractional/L1/16:-max_finite,-1.5,-1.0,-(1.0-1ulp),-0.0,+0.0,+min_subnormal,+min_normal,1.0-1ulp,1.0,1.0+1ulp,1.5,pi,2^53,max_finite,0.1","whole/L1/17:-2^63,-2^63+1,-2^53-1,-2^31,-42,-1,0,1,7,42,1000,2^31-1,2^31,2^53-1,2^53+1,2^63-1,2^64-1",272,"[-1, 0.0, 0];[-1, 0.0, 0];[-1, 0.0, 0];[-1, 0.0, 0];[-1, 1.625, 4];[-1, 0.0, 0];RAISE:ZeroDivisionError;[1, 0.0, 0];[1, 1.0, 1];[1, 1.0, 4];[1, 1.234375, 9];[1, 1.99609375, 9];[1, 0.0, 0];[1, 0.0, 0];[1, 0.0, 0];[1, 0.0, 0];[1, 0.0, 0];[-1, 1.5, 0];[-1, 1.5, 0];[-1, 1.5, 0];[-1, 1.5, 0];[-1, 1.5, 0];[-1, 1.0, -1];RAISE:ZeroDivisionError;[1, 1.0, -1];[1, 1.375, 2];[1, 1.265625, 5];[1, 1.9501953125, 9];[1, 1.9999999976716935634613037109375, 30];[1, 1.9999999986030161380767822265625, 30];[1, 1.9999999999999995559107901499374, 52];[1, 1.9999999999999995559107901499374, 52];[1, 1.0, 63];[1, 1.0, 64];[-1, 1.0, 0];[-1, 1.0, 0];[-1, 1.0, 0];[-1, 1.0, 0];[-1, 1.0, 0];[-1, 0.0, 0];RAISE:ZeroDivisionError;[1, 0.0, 0];[1, 1.5, 2];[1, 1.28125, 5];[1, 1.951171875, 9];[1, 1.99999999813735485076904296875, 30];[1, 1.999999999068677425384521484375, 30];[1, 1.9999999999999995559107901499374, 52];[1, 1.9999999999999997779553950749687, 52];[1, 1.0, 63];[1, 1.0, 64];[-1, 1.9999999999999997779553950749687, -1];[-1, 1.9999999999999997779553950749687, -1];[-1, 1.9999999999999997779553950749687, -1];[-1, 1.9999999999999997779553950749687, -1];[-1, 1.9999999999999997779553950749687, -1];[-1, 1.9999999999999997779553950749687, -1];RAISE:ZeroDivisionError;[1, 1.0, -53];[1, 1.5, 2];[1, 1.28125, 5];[1, 1.951171875, 9];[1, 1.99999999813735485076904296875, 30];[1, 1.999999999068677425384521484375, 30];[1, 1.9999999999999995559107901499374, 52];[1, 1.9999999999999997779553950749687, 52];[1, 1.0, 63];[1, 1.0, 64];[-1, 0.0, 0];[-1, 0.0, 0];[-1, 0.0, 0];[-1, 0.0, 0];[-1, 0.0, 0];[-1, 0.0, 0];RAISE:ZeroDivisionError;[1, 0.0, 0];[1, 0.0, 0];[1, 0.0, 0];[1, 0.0, 0];[1, 0.0, 0];[1, 0.0, 0];[1, 0.0, 0];[1, 0.0, 0];[1, 0.0, 0];[1, 0.0, 0];[-1, 0.0, 0];[-1, 0.0, 0];[-1, 0.0, 0];[-1, 0.0, 0];[-1, 0.0, 0];[-1, 0.0, 0];RAISE:ZeroDivisionError;[1, 0.0, 0];[1, 0.0, 0];[1, 0.0, 0];[1, 0.0, 0];[1, 0.0, 0];[1, 0.0, 0];[1, 0.0, 0];[1, 0.0, 0];[1, 0.0, 0];[1, 0.0, 0];[-1, 1.0, 63];[-1, 1.0, 63];[-1, 1.0, 53];[-1, 1.0, 31];[-1, 1.3125, 5];[-1, 1.0, 0];RAISE:ZeroDivisionError;[1, 1.0, -1074];[1, 1.0, -1074];[1, 1.0, -1074];[1, 1.0, -1074];[1, 1.0, -1074];[1, 1.0, -1074];[1, 1.0, -1074];[1, 1.0, -1074];[1, 1.0, -1074];[1, 1.0, -1074];[-1, 1.0, 63];[-1, 1.0, 63];[-1, 1.0, 53];[-1, 1.0, 31];[-1, 1.3125, 5];[-1, 1.0, 0];RAISE:ZeroDivisionError;[1, 1.0, -1022];[1, 1.0, -1022];[1, 1.0, -1022];[1, 1.0, -1022];[1, 1.0, -1022];[1, 1.0, -1022];[1, 1.0, -1022];[1, 1.0, -1022];[1, 1.0, -1022];[1, 1.0, -1022];[-1, 1.0, 63];[-1, 1.0, 63];[-1, 1.9999999999999997779553950749687, 52];[-1, 1.999999999068677425384521484375, 30];[-1, 1.28125, 5];[-1, 1.0, -53];RAISE:ZeroDivisionError;[1, 1.9999999999999997779553950749687, -1];[1, 1.9999999999999997779553950749687, -1];[1, 1.9999999999999997779553950749687, -1];[1, 1.9999999999999997779553950749687, -1];[1, 1.9999999999999997779553950749687, -1];[1, 1.9999999999999997779553950749687, -1];[1, 1.9999999999999997779553950749687, -1];[1, 1.9999999999999997779553950749687, -1];[1, 1.9999999999999997779553950749687, -1];[1, 1.9999999999999997779553950749687, -1];[-1, 1.0, 63];[-1, 1.0, 63];[-1, 1.9999999999999997779553950749687, 52];[-1, 1.999999999068677425384521484375, 30];[-1, 1.28125, 5];[-1, 0.0, 0];RAISE:ZeroDivisionError;[1, 0.0, 0];[1, 1.0, 0];[1, 1.0, 0];[1, 1.0, 0];[1, 1.0, 0];[1, 1.0, 0];[1, 1.0, 0];[1, 1.0, 0];[1, 1.0, 0];[1, 1.0, 0];[-1, 1.0, 63];[-1, 1.0, 63];[-1, 1.9999999999999997779553950749687, 52];[-1, 1.999999999068677425384521484375, 30];[-1, 1.28125, 5];[-1, 1.9999999999999995559107901499374, -1];RAISE:ZeroDivisionError;[1, 1.0, -52];[1, 1.0000000000000002220446049250313, 0];[1, 1.0000000000000002220446049250313, 0];[1, 1.0000000000000002220446049250313, 0];[1, 1.0000000000000002220446049250313, 0];[1, 1.0000000000000002220446049250313, 0];[1, 1.0000000000000002220446049250313, 0];[1, 1.0000000000000002220446049250313, 0];[1, 1.0000000000000002220446049250313, 0];[1, 1.0000000000000002220446049250313, 0];[-1, 1.0, 63];[-1, 1.0, 63];[-1, 1.9999999999999995559107901499374, 52];[-1, 1.9999999986030161380767822265625, 30];[-1, 1.265625, 5];[-1, 1.0, -1];RAISE:ZeroDivisionError;[1, 1.0, -1];[1, 1.5, 0];[1, 1.5, 0];[1, 1.5, 0];[1, 1.5, 0];[1, 1.5, 0];[1, 1.5, 0];[1, 1.5, 0];[1, 1.5, 0];[1, 1.5, 0];[-1, 1.0, 63];[-1, 1.0, 63];[-1, 1.9999999999999993338661852249061, 52];[-1, 1.9999999970741637600468720847857, 30];[-1, 1.2143252295753188541027611790923, 5];[-1, 1.7168146928204137680040730629116, -1];RAISE:ZeroDivisionError;[1, 1.1327412287183449279837077483535, -3];[1, 1.5707963267948965579989817342721, 1];[1, 1.5707963267948965579989817342721, 1];[1, 1.5707963267948965579989817342721, 1];[1, 1.5707963267948965579989817342721, 1];[1, 1.5707963267948965579989817342721, 1];[1, 1.5707963267948965579989817342721, 1];[1, 1.5707963267948965579989817342721, 1];[1, 1.5707963267948965579989817342721, 1];[1, 1.5707963267948965579989817342721, 1];[-1, 1.998046875, 62];[-1, 1.998046875, 62];[-1, 0.0, 0];[-1, 0.0, 0];[-1, 1.25, 3];[-1, 0.0, 0];RAISE:ZeroDivisionError;[1, 0.0, 0];[1, 1.0, 2];[1, 1.0, 5];[1, 1.9375, 9];[1, 1.0, 22];[1, 0.0, 0];[1, 1.0, 0];[1, 0.0, 0];[1, 1.0, 53];[1, 1.0, 53];[-1, 0.0, 0];[-1, 0.0, 0];[-1, 0.0, 0];[-1, 0.0, 0];[-1, 1.0, 4];[-1, 0.0, 0];RAISE:ZeroDivisionError;[1, 0.0, 0];[1, 1.25, 2];[1, 1.625, 4];[1, 1.4375, 8];[1, 1.999999047257006168365478515625, 30];[1, 0.0, 0];[1, 0.0, 0];[1, 0.0, 0];[1, 0.0, 0];[1, 0.0, 0];[-1, 1.0, 63];[-1, 1.0, 63];[-1, 1.0, 53];[-1, 1.99999999990686783135629411845, 30];[-1, 1.3093749999999999555910790149937, 5];[-1, 1.8000000000000000444089209850063, -1];RAISE:ZeroDivisionError;[1, 1.6000000000000000888178419700125, -4];[1, 1.6000000000000000888178419700125, -4];[1, 1.6000000000000000888178419700125, -4];[1, 1.6000000000000000888178419700125, -4];[1, 1.6000000000000000888178419700125, -4];[1, 1.6000000000000000888178419700125, -4];[1, 1.6000000000000000888178419700125, -4];[1, 1.6000000000000000888178419700125, -4];[1, 1.6000000000000000888178419700125, -4];[1, 1.6000000000000000888178419700125, -4]",256,16
A4_6_5,1,fractional|whole,float,c_int64,"fractional/L1/16:-max_finite,-1.5,-1.0,-(1.0-1ulp),-0.0,+0.0,+min_subnormal,+min_normal,1.0-1ulp,1.0,1.0+1ulp,1.5,pi,2^53,max_finite,0.1","whole/L1/16:-2^63,-2^63+1,-2^53-1,-2^31,-42,-1,0,1,7,42,1000,2^31-1,2^31,2^53-1,2^53+1,2^63-1",256,"[-1, 0.0, 0];[-1, 0.0, 0];[-1, 0.0, 0];[-1, 0.0, 0];[-1, 1.625, 4];[-1, 0.0, 0];RAISE:ZeroDivisionError;[1, 0.0, 0];[1, 1.0, 1];[1, 1.0, 4];[1, 1.234375, 9];[1, 1.99609375, 9];[1, 0.0, 0];[1, 0.0, 0];[1, 0.0, 0];[1, 0.0, 0];[-1, 1.5, 0];[-1, 1.5, 0];[-1, 1.5, 0];[-1, 1.5, 0];[-1, 1.5, 0];[-1, 1.0, -1];RAISE:ZeroDivisionError;[1, 1.0, -1];[1, 1.375, 2];[1, 1.265625, 5];[1, 1.9501953125, 9];[1, 1.9999999976716935634613037109375, 30];[1, 1.9999999986030161380767822265625, 30];[1, 1.9999999999999995559107901499374, 52];[1, 1.9999999999999995559107901499374, 52];[1, 1.0, 63];[-1, 1.0, 0];[-1, 1.0, 0];[-1, 1.0, 0];[-1, 1.0, 0];[-1, 1.0, 0];[-1, 0.0, 0];RAISE:ZeroDivisionError;[1, 0.0, 0];[1, 1.5, 2];[1, 1.28125, 5];[1, 1.951171875, 9];[1, 1.99999999813735485076904296875, 30];[1, 1.999999999068677425384521484375, 30];[1, 1.9999999999999995559107901499374, 52];[1, 1.9999999999999997779553950749687, 52];[1, 1.0, 63];[-1, 1.9999999999999997779553950749687, -1];[-1, 1.9999999999999997779553950749687, -1];[-1, 1.9999999999999997779553950749687, -1];[-1, 1.9999999999999997779553950749687, -1];[-1, 1.9999999999999997779553950749687, -1];[-1, 1.9999999999999997779553950749687, -1];RAISE:ZeroDivisionError;[1, 1.0, -53];[1, 1.5, 2];[1, 1.28125, 5];[1, 1.951171875, 9];[1, 1.99999999813735485076904296875, 30];[1, 1.999999999068677425384521484375, 30];[1, 1.9999999999999995559107901499374, 52];[1, 1.9999999999999997779553950749687, 52];[1, 1.0, 63];[-1, 0.0, 0];[-1, 0.0, 0];[-1, 0.0, 0];[-1, 0.0, 0];[-1, 0.0, 0];[-1, 0.0, 0];RAISE:ZeroDivisionError;[1, 0.0, 0];[1, 0.0, 0];[1, 0.0, 0];[1, 0.0, 0];[1, 0.0, 0];[1, 0.0, 0];[1, 0.0, 0];[1, 0.0, 0];[1, 0.0, 0];[-1, 0.0, 0];[-1, 0.0, 0];[-1, 0.0, 0];[-1, 0.0, 0];[-1, 0.0, 0];[-1, 0.0, 0];RAISE:ZeroDivisionError;[1, 0.0, 0];[1, 0.0, 0];[1, 0.0, 0];[1, 0.0, 0];[1, 0.0, 0];[1, 0.0, 0];[1, 0.0, 0];[1, 0.0, 0];[1, 0.0, 0];[-1, 1.0, 63];[-1, 1.0, 63];[-1, 1.0, 53];[-1, 1.0, 31];[-1, 1.3125, 5];[-1, 1.0, 0];RAISE:ZeroDivisionError;[1, 1.0, -1074];[1, 1.0, -1074];[1, 1.0, -1074];[1, 1.0, -1074];[1, 1.0, -1074];[1, 1.0, -1074];[1, 1.0, -1074];[1, 1.0, -1074];[1, 1.0, -1074];[-1, 1.0, 63];[-1, 1.0, 63];[-1, 1.0, 53];[-1, 1.0, 31];[-1, 1.3125, 5];[-1, 1.0, 0];RAISE:ZeroDivisionError;[1, 1.0, -1022];[1, 1.0, -1022];[1, 1.0, -1022];[1, 1.0, -1022];[1, 1.0, -1022];[1, 1.0, -1022];[1, 1.0, -1022];[1, 1.0, -1022];[1, 1.0, -1022];[-1, 1.0, 63];[-1, 1.0, 63];[-1, 1.9999999999999997779553950749687, 52];[-1, 1.999999999068677425384521484375, 30];[-1, 1.28125, 5];[-1, 1.0, -53];RAISE:ZeroDivisionError;[1, 1.9999999999999997779553950749687, -1];[1, 1.9999999999999997779553950749687, -1];[1, 1.9999999999999997779553950749687, -1];[1, 1.9999999999999997779553950749687, -1];[1, 1.9999999999999997779553950749687, -1];[1, 1.9999999999999997779553950749687, -1];[1, 1.9999999999999997779553950749687, -1];[1, 1.9999999999999997779553950749687, -1];[1, 1.9999999999999997779553950749687, -1];[-1, 1.0, 63];[-1, 1.0, 63];[-1, 1.9999999999999997779553950749687, 52];[-1, 1.999999999068677425384521484375, 30];[-1, 1.28125, 5];[-1, 0.0, 0];RAISE:ZeroDivisionError;[1, 0.0, 0];[1, 1.0, 0];[1, 1.0, 0];[1, 1.0, 0];[1, 1.0, 0];[1, 1.0, 0];[1, 1.0, 0];[1, 1.0, 0];[1, 1.0, 0];[-1, 1.0, 63];[-1, 1.0, 63];[-1, 1.9999999999999997779553950749687, 52];[-1, 1.999999999068677425384521484375, 30];[-1, 1.28125, 5];[-1, 1.9999999999999995559107901499374, -1];RAISE:ZeroDivisionError;[1, 1.0, -52];[1, 1.0000000000000002220446049250313, 0];[1, 1.0000000000000002220446049250313, 0];[1, 1.0000000000000002220446049250313, 0];[1, 1.0000000000000002220446049250313, 0];[1, 1.0000000000000002220446049250313, 0];[1, 1.0000000000000002220446049250313, 0];[1, 1.0000000000000002220446049250313, 0];[1, 1.0000000000000002220446049250313, 0];[-1, 1.0, 63];[-1, 1.0, 63];[-1, 1.9999999999999995559107901499374, 52];[-1, 1.9999999986030161380767822265625, 30];[-1, 1.265625, 5];[-1, 1.0, -1];RAISE:ZeroDivisionError;[1, 1.0, -1];[1, 1.5, 0];[1, 1.5, 0];[1, 1.5, 0];[1, 1.5, 0];[1, 1.5, 0];[1, 1.5, 0];[1, 1.5, 0];[1, 1.5, 0];[-1, 1.0, 63];[-1, 1.0, 63];[-1, 1.9999999999999993338661852249061, 52];[-1, 1.9999999970741637600468720847857, 30];[-1, 1.2143252295753188541027611790923, 5];[-1, 1.7168146928204137680040730629116, -1];RAISE:ZeroDivisionError;[1, 1.1327412287183449279837077483535, -3];[1, 1.5707963267948965579989817342721, 1];[1, 1.5707963267948965579989817342721, 1];[1, 1.5707963267948965579989817342721, 1];[1, 1.5707963267948965579989817342721, 1];[1, 1.5707963267948965579989817342721, 1];[1, 1.5707963267948965579989817342721, 1];[1, 1.5707963267948965579989817342721, 1];[1, 1.5707963267948965579989817342721, 1];[-1, 1.998046875, 62];[-1, 1.998046875, 62];[-1, 0.0, 0];[-1, 0.0, 0];[-1, 1.25, 3];[-1, 0.0, 0];RAISE:ZeroDivisionError;[1, 0.0, 0];[1, 1.0, 2];[1, 1.0, 5];[1, 1.9375, 9];[1, 1.0, 22];[1, 0.0, 0];[1, 1.0, 0];[1, 0.0, 0];[1, 1.0, 53];[-1, 0.0, 0];[-1, 0.0, 0];[-1, 0.0, 0];[-1, 0.0, 0];[-1, 1.0, 4];[-1, 0.0, 0];RAISE:ZeroDivisionError;[1, 0.0, 0];[1, 1.25, 2];[1, 1.625, 4];[1, 1.4375, 8];[1, 1.999999047257006168365478515625, 30];[1, 0.0, 0];[1, 0.0, 0];[1, 0.0, 0];[1, 0.0, 0];[-1, 1.0, 63];[-1, 1.0, 63];[-1, 1.0, 53];[-1, 1.99999999990686783135629411845, 30];[-1, 1.3093749999999999555910790149937, 5];[-1, 1.8000000000000000444089209850063, -1];RAISE:ZeroDivisionError;[1, 1.6000000000000000888178419700125, -4];[1, 1.6000000000000000888178419700125, -4];[1, 1.6000000000000000888178419700125, -4];[1, 1.6000000000000000888178419700125, -4];[1, 1.6000000000000000888178419700125, -4];[1, 1.6000000000000000888178419700125, -4];[1, 1.6000000000000000888178419700125, -4];[1, 1.6000000000000000888178419700125, -4];[1, 1.6000000000000000888178419700125, -4]",240,16
A4_6_6,1,fractional|fractional,float,float,"fractional/L1/16:-max_finite,-1.5,-1.0,-(1.0-1ulp),-0.0,+0.0,+min_subnormal,+min_normal,1.0-1ulp,1.0,1.0+1ulp,1.5,pi,2^53,max_finite,0.1","fractional/L1/16:-max_finite,-1.5,-1.0,-(1.0-1ulp),-0.0,+0.0,+min_subnormal,+min_normal,1.0-1ulp,1.0,1.0+1ulp,1.5,pi,2^53,max_finite,0.1",256,"[-1, 0.0, 0];[-1, 1.0, -1];[-1, 0.0, 0];[-1, 0.0, 0];RAISE:ZeroDivisionError;RAISE:ZeroDivisionError;[1, 0.0, 0];[1, 0.0, 0];[1, 0.0, 0];[1, 0.0, 0];[1, 1.9999542236328129440892098500626, -1];[1, 1.0, 0];[1, 1.2804697507348397067516998504288, 1];[1, 0.0, 0];[1, 0.0, 0];[1, 1.5999999999999987565502124198247, -5];[-1, 1.5, 0];[-1, 0.0, 0];[-1, 1.0, -1];[-1, 1.0000000000000002220446049250313, -1];RAISE:ZeroDivisionError;RAISE:ZeroDivisionError;[1, 0.0, 0];[1, 0.0, 0];[1, 1.9999999999999991118215802998748, -2];[1, 1.0, -1];[1, 1.0000000000000008881784197001252, -1];[1, 0.0, 0];[1, 1.6415926535897931159979634685442, 0];[1, 1.9999999999999995559107901499374, 52];[1, 1.9999999999999997779553950749687, 1023];[1, 1.5, -54];[-1, 1.0, 0];[-1, 1.0, 0];[-1, 0.0, 0];[-1, 1.0, -53];RAISE:ZeroDivisionError;RAISE:ZeroDivisionError;[1, 0.0, 0];[1, 0.0, 0];[1, 1.9999999999999995559107901499374, -1];[1, 0.0, 0];[1, 1.0, -52];[1, 1.0, -1];[1, 1.0707963267948965579989817342721, 1];[1, 1.9999999999999997779553950749687, 52];[1, 1.9999999999999997779553950749687, 1023];[1, 1.0, -54];[-1, 1.9999999999999997779553950749687, -1];[-1, 1.9999999999999997779553950749687, -1];[-1, 1.9999999999999997779553950749687, -1];[-1, 0.0, 0];RAISE:ZeroDivisionError;RAISE:ZeroDivisionError;[1, 0.0, 0];[1, 0.0, 0];[1, 0.0, 0];[1, 1.0, -53];[1, 1.5, -52];[1, 1.0000000000000002220446049250313, -1];[1, 1.0707963267948965579989817342721, 1];[1, 1.9999999999999997779553950749687, 52];[1, 1.9999999999999997779553950749687, 1023];[1, 1.5, -53];[-1, 0.0, 0];[-1, 0.0, 0];[-1, 0.0, 0];[-1, 0.0, 0];RAISE:ZeroDivisionError;RAISE:ZeroDivisionError;[1, 0.0, 0];[1, 0.0, 0];[1, 0.0, 0];[1, 0.0, 0];[1, 0.0, 0];[1, 0.0, 0];[1, 0.0, 0];[1, 0.0, 0];[1, 0.0, 0];[1, 0.0, 0];[-1, 0.0, 0];[-1, 0.0, 0];[-1, 0.0, 0];[-1, 0.0, 0];RAISE:ZeroDivisionError;RAISE:ZeroDivisionError;[1, 0.0, 0];[1, 0.0, 0];[1, 0.0, 0];[1, 0.0, 0];[1, 0.0, 0];[1, 0.0, 0];[1, 0.0, 0];[1, 0.0, 0];[1, 0.0, 0];[1, 0.0, 0];[-1, 1.9999999999999997779553950749687, 1023];[-1, 1.5, 0];[-1, 1.0, 0];[-1, 1.9999999999999997779553950749687, -1];RAISE:ZeroDivisionError;RAISE:ZeroDivisionError;[1, 0.0, 0];[1, 1.0, -1074];[1, 1.0, -1074];[1, 1.0, -1074];[1, 1.0, -1074];[1, 1.0, -1074];[1, 1.0, -1074];[1, 1.0, -1074];[1, 1.0, -1074];[1, 1.0, -1074];[-1, 1.9999999999999997779553950749687, 1023];[-1, 1.5, 0];[-1, 1.0, 0];[-1, 1.9999999999999997779553950749687, -1];RAISE:ZeroDivisionError;RAISE:ZeroDivisionError;[1, 0.0, 0];[1, 0.0, 0];[1, 1.0, -1022];[1, 1.0, -1022];[1, 1.0, -1022];[1, 1.0, -1022];[1, 1.0, -1022];[1, 1.0, -1022];[1, 1.0, -1022];[1, 1.0, -1022];[-1, 1.9999999999999997779553950749687, 1023];[-1, 1.0000000000000002220446049250313, -1];[-1, 1.0, -53];[-1, 0.0, 0];RAISE:ZeroDivisionError;RAISE:ZeroDivisionError;[1, 0.0, 0];[1, 0.0, 0];[1, 0.0, 0];[1, 1.9999999999999997779553950749687, -1];[1, 1.9999999999999997779553950749687, -1];[1, 1.9999999999999997779553950749687, -1];[1, 1.9999999999999997779553950749687, -1];[1, 1.9999999999999997779553950749687, -1];[1, 1.9999999999999997779553950749687, -1];[1, 1.5999999999999974242825828696368, -4];[-1, 1.9999999999999997779553950749687, 1023];[-1, 1.0, -1];[-1, 0.0, 0];[-1, 1.9999999999999995559107901499374, -1];RAISE:ZeroDivisionError;RAISE:ZeroDivisionError;[1, 0.0, 0];[1, 0.0, 0];[1, 1.0, -53];[1, 0.0, 0];[1, 1.0, 0];[1, 1.0, 0];[1, 1.0, 0];[1, 1.0, 0];[1, 1.0, 0];[1, 1.5999999999999992006394222698873, -4];[-1, 1.9999999999999997779553950749687, 1023];[-1, 1.9999999999999991118215802998748, -2];[-1, 1.9999999999999995559107901499374, -1];[-1, 1.9999999999999991118215802998748, -1];RAISE:ZeroDivisionError;RAISE:ZeroDivisionError;[1, 0.0, 0];[1, 0.0, 0];[1, 1.5, -52];[1, 1.0, -52];[1, 0.0, 0];[1, 1.0000000000000002220446049250313, 0];[1, 1.0000000000000002220446049250313, 0];[1, 1.0000000000000002220446049250313, 0];[1, 1.0000000000000002220446049250313, 0];[1, 1.5, -53];[-1, 1.9999999999999997779553950749687, 1023];[-1, 0.0, 0];[-1, 1.0, -1];[-1, 1.9999999999999991118215802998748, -2];RAISE:ZeroDivisionError;RAISE:ZeroDivisionError;[1, 0.0, 0];[1, 0.0, 0];[1, 1.0000000000000002220446049250313, -1];[1, 1.0, -1];[1, 1.9999999999999991118215802998748, -2];[1, 0.0, 0];[1, 1.5, 0];[1, 1.5, 0];[1, 1.5, 0];[1, 1.5999999999999987565502124198247, -4];[-1, 1.9999999999999997779553950749687, 1023];[-1, 1.3584073464102068840020365314558, 0];[-1, 1.7168146928204137680040730629116, -1];[-1, 1.7168146928204128798256533627864, -1];RAISE:ZeroDivisionError;RAISE:ZeroDivisionError;[1, 0.0, 0];[1, 0.0, 0];[1, 1.1327412287183475925189668487292, -3];[1, 1.1327412287183449279837077483535, -3];[1, 1.1327412287183395989131895476021, -3];[1, 1.1327412287183449279837077483535, -3];[1, 0.0, 0];[1, 1.5707963267948965579989817342721, 1];[1, 1.5707963267948965579989817342721, 1];[1, 1.3309649148733742052286288526375, -5];[-1, 1.9999999999999997779553950749687, 1023];[-1, 1.0, 0];[-1, 0.0, 0];[-1, 1.9999999999999995559107901499374, -1];RAISE:ZeroDivisionError;RAISE:ZeroDivisionError;[1, 0.0, 0];[1, 0.0, 0];[1, 1.0, -53];[1, 0.0, 0];[1, 1.0, -51];[1, 1.0, -1];[1, 1.3650658812599552049960038857535, 0];[1, 0.0, 0];[1, 1.0, 53];[1, 1.0, -55];[-1, 0.0, 0];[-1, 1.0, 0];[-1, 0.0, 0];[-1, 0.0, 0];RAISE:ZeroDivisionError;RAISE:ZeroDivisionError;[1, 0.0, 0];[1, 0.0, 0];[1, 0.0, 0];[1, 0.0, 0];[1, 1.5, -16];[1, 1.0, -1];[1, 1.161306304240227404989127535373, -1];[1, 0.0, 0];[1, 0.0, 0];[1, 1.6000000000000014210854715202004, -5];[-1, 1.9999999999999997779553950749687, 1023];[-1, 1.3999999999999999111821580299875, 0];[-1, 1.8000000000000000444089209850063, -1];[-1, 1.799999999999999822364316059975, -1];RAISE:ZeroDivisionError;RAISE:ZeroDivisionError;[1, 0.0, 0];[1, 0.0, 0];[1, 1.6000000000000000888178419700125, -4];[1, 1.6000000000000000888178419700125, -4];[1, 1.6000000000000000888178419700125, -4];[1, 1.6000000000000000888178419700125, -4];[1, 1.6000000000000000888178419700125, -4];[1, 1.6000000000000000888178419700125, -4];[1, 1.6000000000000000888178419700125, -4];[1, 0.0, 0]",224,32
A4_6_7,1,fractional|fractional,float,Decimal,"fractional/L1/16:-max_finite,-1.5,-1.0,-(1.0-1ulp),-0.0,+0.0,+min_subnormal,+min_normal,1.0-1ulp,1.0,1.0+1ulp,1.5,pi,2^53,max_finite,0.1","fractional/L1/16:-max_finite,-1.5,-1.0,-(1.0-1ulp),-0.0,+0.0,+min_subnormal,+min_normal,1.0-1ulp,1.0,1.0+1ulp,1.5,pi,2^53,max_finite,0.1",256,RAISE:TypeError;RAISE:TypeError;RAISE:TypeError;RAISE:TypeError;RAISE:TypeError;RAISE:TypeError;RAISE:TypeError;RAISE:TypeError;RAISE:TypeError;RAISE:TypeError;RAISE:TypeError;RAISE:TypeError;RAISE:TypeError;RAISE:TypeError;RAISE:TypeError;RAISE:TypeError;RAISE:TypeError;RAISE:TypeError;RAISE:TypeError;RAISE:TypeError;RAISE:TypeError;RAISE:TypeError;RAISE:TypeError;RAISE:TypeError;RAISE:TypeError;RAISE:TypeError;RAISE:TypeError;RAISE:TypeError;RAISE:TypeError;RAISE:TypeError;RAISE:TypeError;RAISE:TypeError;RAISE:TypeError;RAISE:TypeError;RAISE:TypeError;RAISE:TypeError;RAISE:TypeError;RAISE:TypeError;RAISE:TypeError;RAISE:TypeError;RAISE:TypeError;RAISE:TypeError;RAISE:TypeError;RAISE:TypeError;RAISE:TypeError;RAISE:TypeError;RAISE:TypeError;RAISE:TypeError;RAISE:TypeError;RAISE:TypeError;RAISE:TypeError;RAISE:TypeError;RAISE:TypeError;RAISE:TypeError;RAISE:TypeError;RAISE:TypeError;RAISE:TypeError;RAISE:TypeError;RAISE:TypeError;RAISE:TypeError;RAISE:TypeError;RAISE:TypeError;RAISE:TypeError;RAISE:TypeError;RAISE:TypeError;RAISE:TypeError;RAISE:TypeError;RAISE:TypeError;RAISE:TypeError;RAISE:TypeError;RAISE:TypeError;RAISE:TypeError;RAISE:TypeError;RAISE:TypeError;RAISE:TypeError;RAISE:TypeError;RAISE:TypeError;RAISE:TypeError;RAISE:TypeError;RAISE:TypeError;RAISE:TypeError;RAISE:TypeError;RAISE:TypeError;RAISE:TypeError;RAISE:TypeError;RAISE:TypeError;RAISE:TypeError;RAISE:TypeError;RAISE:TypeError;RAISE:TypeError;RAISE:TypeError;RAISE:TypeError;RAISE:TypeError;RAISE:TypeError;RAISE:TypeError;RAISE:TypeError;RAISE:TypeError;RAISE:TypeError;RAISE:TypeError;RAISE:TypeError;RAISE:TypeError;RAISE:TypeError;RAISE:TypeError;RAISE:TypeError;RAISE:TypeError;RAISE:TypeError;RAISE:TypeError;RAISE:TypeError;RAISE:TypeError;RAISE:TypeError;RAISE:TypeError;RAISE:TypeError;RAISE:TypeError;RAISE:TypeError;RAISE:TypeError;RAISE:TypeError;RAISE:TypeError;RAISE:TypeError;RAISE:TypeError;RAISE:TypeError;RAISE:TypeError;RAISE:TypeError;RAISE:TypeError;RAISE:TypeError;RAISE:TypeError;RAISE:TypeError;RAISE:TypeError;RAISE:TypeError;RAISE:TypeError;RAISE:TypeError;RAISE:TypeError;RAISE:TypeError;RAISE:TypeError;RAISE:TypeError;RAISE:TypeError;RAISE:TypeError;RAISE:TypeError;RAISE:TypeError;RAISE:TypeError;RAISE:TypeError;RAISE:TypeError;RAISE:TypeError;RAISE:TypeError;RAISE:TypeError;RAISE:TypeError;RAISE:TypeError;RAISE:TypeError;RAISE:TypeError;RAISE:TypeError;RAISE:TypeError;RAISE:TypeError;RAISE:TypeError;RAISE:TypeError;RAISE:TypeError;RAISE:TypeError;RAISE:TypeError;RAISE:TypeError;RAISE:TypeError;RAISE:TypeError;RAISE:TypeError;RAISE:TypeError;RAISE:TypeError;RAISE:TypeError;RAISE:TypeError;RAISE:TypeError;RAISE:TypeError;RAISE:TypeError;RAISE:TypeError;RAISE:TypeError;RAISE:TypeError;RAISE:TypeError;RAISE:TypeError;RAISE:TypeError;RAISE:TypeError;RAISE:TypeError;RAISE:TypeError;RAISE:TypeError;RAISE:TypeError;RAISE:TypeError;RAISE:TypeError;RAISE:TypeError;RAISE:TypeError;RAISE:TypeError;RAISE:TypeError;RAISE:TypeError;RAISE:TypeError;RAISE:TypeError;RAISE:TypeError;RAISE:TypeError;RAISE:TypeError;RAISE:TypeError;RAISE:TypeError;RAISE:TypeError;RAISE:TypeError;RAISE:TypeError;RAISE:TypeError;RAISE:TypeError;RAISE:TypeError;RAISE:TypeError;RAISE:TypeError;RAISE:TypeError;RAISE:TypeError;RAISE:TypeError;RAISE:TypeError;RAISE:TypeError;RAISE:TypeError;RAISE:TypeError;RAISE:TypeError;RAISE:TypeError;RAISE:TypeError;RAISE:TypeError;RAISE:TypeError;RAISE:TypeError;RAISE:TypeError;RAISE:TypeError;RAISE:TypeError;RAISE:TypeError;RAISE:TypeError;RAISE:TypeError;RAISE:TypeError;RAISE:TypeError;RAISE:TypeError;RAISE:TypeError;RAISE:TypeError;RAISE:TypeError;RAISE:TypeError;RAISE:TypeError;RAISE:TypeError;RAISE:TypeError;RAISE:TypeError;RAISE:TypeError;RAISE:TypeError;RAISE:TypeError;RAISE:TypeError;RAISE:TypeError;RAISE:TypeError;RAISE:TypeError;RAISE:TypeError;RAISE:TypeError;RAISE:TypeError;RAISE:TypeError;RAISE:TypeError;RAISE:TypeError;RAISE:TypeError;RAISE:TypeError;RAISE:TypeError;RAISE:TypeError;RAISE:TypeError;RAISE:TypeError;RAISE:TypeError;RAISE:TypeError;RAISE:TypeError;RAISE:TypeError;RAISE:TypeError;RAISE:TypeError;RAISE:TypeError,0,256
A4_6_8,1,fractional|fractional,float,Fraction,"fractional/L1/16:-max_finite,-1.5,-1.0,-(1.0-1ulp),-0.0,+0.0,+min_subnormal,+min_normal,1.0-1ulp,1.0,1.0+1ulp,1.5,pi,2^53,max_finite,0.1","fractional/L1/15:-max_finite,-1.5,-1.0,-(1.0-1ulp),+0.0,+min_subnormal,+min_normal,1.0-1ulp,1.0,1.0+1ulp,1.5,pi,2^53,max_finite,0.1",240,"[-1, 0.0, 0];[-1, 1.0, -1];[-1, 0.0, 0];[-1, 0.0, 0];RAISE:ZeroDivisionError;[1, 0.0, 0];[1, 0.0, 0];[1, 0.0, 0];[1, 0.0, 0];[1, 1.9999542236328129440892098500626, -1];[1, 1.0, 0];[1, 1.2804697507348397067516998504288, 1];[1, 0.0, 0];[1, 0.0, 0];[1, 1.5999999999999987565502124198247, -5];[-1, 1.5, 0];[-1, 0.0, 0];[-1, 1.0, -1];[-1, 1.0000000000000002220446049250313, -1];RAISE:ZeroDivisionError;[1, 0.0, 0];[1, 0.0, 0];[1, 1.9999999999999991118215802998748, -2];[1, 1.0, -1];[1, 1.0000000000000008881784197001252, -1];[1, 0.0, 0];[1, 1.6415926535897931159979634685442, 0];[1, 1.9999999999999995559107901499374, 52];[1, 1.9999999999999997779553950749687, 1023];[1, 1.5, -54];[-1, 1.0, 0];[-1, 1.0, 0];[-1, 0.0, 0];[-1, 1.0, -53];RAISE:ZeroDivisionError;[1, 0.0, 0];[1, 0.0, 0];[1, 1.9999999999999995559107901499374, -1];[1, 0.0, 0];[1, 1.0, -52];[1, 1.0, -1];[1, 1.0707963267948965579989817342721, 1];[1, 1.9999999999999997779553950749687, 52];[1, 1.9999999999999997779553950749687, 1023];[1, 1.0, -54];[-1, 1.9999999999999997779553950749687, -1];[-1, 1.9999999999999997779553950749687, -1];[-1, 1.9999999999999997779553950749687, -1];[-1, 0.0, 0];RAISE:ZeroDivisionError;[1, 0.0, 0];[1, 0.0, 0];[1, 0.0, 0];[1, 1.0, -53];[1, 1.5, -52];[1, 1.0000000000000002220446049250313, -1];[1, 1.0707963267948965579989817342721, 1];[1, 1.9999999999999997779553950749687, 52];[1, 1.9999999999999997779553950749687, 1023];[1, 1.5, -53];[-1, 0.0, 0];[-1, 0.0, 0];[-1, 0.0, 0];[-1, 0.0, 0];RAISE:ZeroDivisionError;[1, 0.0, 0];[1, 0.0, 0];[1, 0.0, 0];[1, 0.0, 0];[1, 0.0, 0];[1, 0.0, 0];[1, 0.0, 0];[1, 0.0, 0];[1, 0.0, 0];[1, 0.0, 0];[-1, 0.0, 0];[-1, 0.0, 0];[-1, 0.0, 0];[-1, 0.0, 0];RAISE:ZeroDivisionError;[1, 0.0, 0];[1, 0.0, 0];[1, 0.0, 0];[1, 0.0, 0];[1, 0.0, 0];[1, 0.0, 0];[1, 0.0, 0];[1, 0.0, 0];[1, 0.0, 0];[1, 0.0, 0];[-1, 1.9999999999999997779553950749687, 1023];[-1, 1.5, 0];[-1, 1.0, 0];[-1, 1.9999999999999997779553950749687, -1];RAISE:ZeroDivisionError;[1, 0.0, 0];[1, 1.0, -1074];[1, 1.0, -1074];[1, 1.0, -1074];[1, 1.0, -1074];[1, 1.0, -1074];[1, 1.0, -1074];[1, 1.0, -1074];[1, 1.0, -1074];[1, 1.0, -1074];[-1, 1.9999999999999997779553950749687, 1023];[-1, 1.5, 0];[-1, 1.0, 0];[-1, 1.9999999999999997779553950749687, -1];RAISE:ZeroDivisionError;[1, 0.0, 0];[1, 0.0, 0];[1, 1.0, -1022];[1, 1.0, -1022];[1, 1.0, -1022];[1, 1.0, -1022];[1, 1.0, -1022];[1, 1.0, -1022];[1, 1.0, -1022];[1, 1.0, -1022];[-1, 1.9999999999999997779553950749687, 1023];[-1, 1.0000000000000002220446049250313, -1];[-1, 1.0, -53];[-1, 0.0, 0];RAISE:ZeroDivisionError;[1, 0.0, 0];[1, 0.0, 0];[1, 0.0, 0];[1, 1.9999999999999997779553950749687, -1];[1, 1.9999999999999997779553950749687, -1];[1, 1.9999999999999997779553950749687, -1];[1, 1.9999999999999997779553950749687, -1];[1, 1.9999999999999997779553950749687, -1];[1, 1.9999999999999997779553950749687, -1];[1, 1.5999999999999974242825828696368, -4];[-1, 1.9999999999999997779553950749687, 1023];[-1, 1.0, -1];[-1, 0.0, 0];[-1, 1.9999999999999995559107901499374, -1];RAISE:ZeroDivisionError;[1, 0.0, 0];[1, 0.0, 0];[1, 1.0, -53];[1, 0.0, 0];[1, 1.0, 0];[1, 1.0, 0];[1, 1.0, 0];[1, 1.0, 0];[1, 1.0, 0];[1, 1.5999999999999992006394222698873, -4];[-1, 1.9999999999999997779553950749687, 1023];[-1, 1.9999999999999991118215802998748, -2];[-1, 1.9999999999999995559107901499374, -1];[-1, 1.9999999999999991118215802998748, -1];RAISE:ZeroDivisionError;[1, 0.0, 0];[1, 0.0, 0];[1, 1.5, -52];[1, 1.0, -52];[1, 0.0, 0];[1, 1.0000000000000002220446049250313, 0];[1, 1.0000000000000002220446049250313, 0];[1, 1.0000000000000002220446049250313, 0];[1, 1.0000000000000002220446049250313, 0];[1, 1.5, -53];[-1, 1.9999999999999997779553950749687, 1023];[-1, 0.0, 0];[-1, 1.0, -1];[-1, 1.9999999999999991118215802998748, -2];RAISE:ZeroDivisionError;[1, 0.0, 0];[1, 0.0, 0];[1, 1.0000000000000002220446049250313, -1];[1, 1.0, -1];[1, 1.9999999999999991118215802998748, -2];[1, 0.0, 0];[1, 1.5, 0];[1, 1.5, 0];[1, 1.5, 0];[1, 1.5999999999999987565502124198247, -4];[-1, 1.9999999999999997779553950749687, 1023];[-1, 1.3584073464102068840020365314558, 0];[-1, 1.7168146928204137680040730629116, -1];[-1, 1.7168146928204128798256533627864, -1];RAISE:ZeroDivisionError;[1, 0.0, 0];[1, 0.0, 0];[1, 1.1327412287183475925189668487292, -3];[1, 1.1327412287183449279837077483535, -3];[1, 1.1327412287183395989131895476021, -3];[1, 1.1327412287183449279837077483535, -3];[1, 0.0, 0];[1, 1.5707963267948965579989817342721, 1];[1, 1.5707963267948965579989817342721, 1];[1, 1.3309649148733742052286288526375, -5];[-1, 1.9999999999999997779553950749687, 1023];[-1, 1.0, 0];[-1, 0.0, 0];[-1, 1.9999999999999995559107901499374, -1];RAISE:ZeroDivisionError;[1, 0.0, 0];[1, 0.0, 0];[1, 1.0, -53];[1, 0.0, 0];[1, 1.0, -51];[1, 1.0, -1];[1, 1.3650658812599552049960038857535, 0];[1, 0.0, 0];[1, 1.0, 53];[1, 1.0, -55];[-1, 0.0, 0];[-1, 1.0, 0];[-1, 0.0, 0];[-1, 0.0, 0];RAISE:ZeroDivisionError;[1, 0.0, 0];[1, 0.0, 0];[1, 0.0, 0];[1, 0.0, 0];[1, 1.5, -16];[1, 1.0, -1];[1, 1.161306304240227404989127535373, -1];[1, 0.0, 0];[1, 0.0, 0];[1, 1.6000000000000014210854715202004, -5];[-1, 1.9999999999999997779553950749687, 1023];[-1, 1.3999999999999999111821580299875, 0];[-1, 1.8000000000000000444089209850063, -1];[-1, 1.799999999999999822364316059975, -1];RAISE:ZeroDivisionError;[1, 0.0, 0];[1, 0.0, 0];[1, 1.6000000000000000888178419700125, -4];[1, 1.6000000000000000888178419700125, -4];[1, 1.6000000000000000888178419700125, -4];[1, 1.6000000000000000888178419700125, -4];[1, 1.6000000000000000888178419700125, -4];[1, 1.6000000000000000888178419700125, -4];[1, 1.6000000000000000888178419700125, -4];[1, 0.0, 0]",224,16
A4_7_1,1,fractional|truth,Decimal,bool,"fractional/L1/16:-max_finite,-1.5,-1.0,-(1.0-1ulp),-0.0,+0.0,+min_subnormal,+min_normal,1.0-1ulp,1.0,1.0+1ulp,1.5,pi,2^53,max_finite,0.1","truth/L1/6:true,false,0,1,"""",nil",96,"RAISE:InvalidOperation;RAISE:InvalidOperation;RAISE:InvalidOperation;RAISE:InvalidOperation;RAISE:TypeError;RAISE:TypeError;[-1, 1.0, -1];RAISE:InvalidOperation;RAISE:InvalidOperation;[-1, 1.0, -1];RAISE:TypeError;RAISE:TypeError;[-1, 0.0, 0];RAISE:InvalidOperation;RAISE:InvalidOperation;[-1, 0.0, 0];RAISE:TypeError;RAISE:TypeError;[-1, 1.9999999999999998, -1];RAISE:InvalidOperation;RAISE:InvalidOperation;[-1, 1.9999999999999998, -1];RAISE:TypeError;RAISE:TypeError;[-1, 0.0, 0];RAISE:InvalidOperation;RAISE:InvalidOperation;[-1, 0.0, 0];RAISE:TypeError;RAISE:TypeError;[1, 0.0, 0];RAISE:InvalidOperation;RAISE:InvalidOperation;[1, 0.0, 0];RAISE:TypeError;RAISE:TypeError;[1, 1.0120112665365530917624767335946, -1074];RAISE:InvalidOperation;RAISE:InvalidOperation;[1, 1.0120112665365530917624767335946, -1074];RAISE:TypeError;RAISE:TypeError;[1, 1.0000000000000000075996431390427, -1022];RAISE:InvalidOperation;RAISE:InvalidOperation;[1, 1.0000000000000000075996431390427, -1022];RAISE:TypeError;RAISE:TypeError;[1, 1.9999999999999998, -1];RAISE:InvalidOperation;RAISE:InvalidOperation;[1, 1.9999999999999998, -1];RAISE:TypeError;RAISE:TypeError;[1, 0.0, 0];RAISE:InvalidOperation;RAISE:InvalidOperation;[1, 0.0, 0];RAISE:TypeError;RAISE:TypeError;[1, 1.8014398509481984, -53];RAISE:InvalidOperation;RAISE:InvalidOperation;[1, 1.8014398509481984, -53];RAISE:TypeError;RAISE:TypeError;[1, 1.0, -1];RAISE:InvalidOperation;RAISE:InvalidOperation;[1, 1.0, -1];RAISE:TypeError;RAISE:TypeError;[1, 1.132741228718344, -3];RAISE:InvalidOperation;RAISE:InvalidOperation;[1, 1.132741228718344, -3];RAISE:TypeError;RAISE:TypeError;[1, 0.0, 0];RAISE:InvalidOperation;RAISE:InvalidOperation;[1, 0.0, 0];RAISE:TypeError;RAISE:TypeError;RAISE:InvalidOperation;RAISE:InvalidOperation;RAISE:InvalidOperation;RAISE:InvalidOperation;RAISE:TypeError;RAISE:TypeError;[1, 1.6, -4];RAISE:InvalidOperation;RAISE:InvalidOperation;[1, 1.6, -4];RAISE:TypeError;RAISE:TypeError",28,68
A4_7_2,1,fractional|whole,Decimal,int,"fractional/L1/16:-max_finite,-1.5,-1.0,-(1.0-1ulp),-0.0,+0.0,+min_subnormal,+min_normal,1.0-1ulp,1.0,1.0+1ulp,1.5,pi,2^53,max_finite,0.1","whole/L1/17:-2^63,-2^63+1,-2^53-1,-2^31,-42,-1,0,1,7,42,1000,2^31-1,2^31,2^53-1,2^53+1,2^63-1,2^64-1",272,"RAISE:InvalidOperation;RAISE:InvalidOperation;RAISE:InvalidOperation;RAISE:InvalidOperation;RAISE:InvalidOperation;RAISE:InvalidOperation;RAISE:InvalidOperation;RAISE:InvalidOperation;RAISE:InvalidOperation;RAISE:InvalidOperation;RAISE:InvalidOperation;RAISE:InvalidOperation;RAISE:InvalidOperation;RAISE:InvalidOperation;RAISE:InvalidOperation;RAISE:InvalidOperation;RAISE:InvalidOperation;[-1, 1.5, 0];[-1, 1.5, 0];[-1, 1.5, 0];[-1, 1.5, 0];[-1, 1.5, 0];[-1, 1.0, -1];RAISE:InvalidOperation;[-1, 1.0, -1];[-1, 1.5, 0];[-1, 1.5, 0];[-1, 1.5, 0];[-1, 1.5, 0];[-1, 1.5, 0];[-1, 1.5, 0];[-1, 1.5, 0];[-1, 1.5, 0];[-1, 1.5, 0];[-1, 1.0, 0];[-1, 1.0, 0];[-1, 1.0, 0];[-1, 1.0, 0];[-1, 1.0, 0];[-1, 0.0, 0];RAISE:InvalidOperation;[-1, 0.0, 0];[-1, 1.0, 0];[-1, 1.0, 0];[-1, 1.0, 0];[-1, 1.0, 0];[-1, 1.0, 0];[-1, 1.0, 0];[-1, 1.0, 0];[-1, 1.0, 0];[-1, 1.0, 0];[-1, 1.9999999999999998, -1];[-1, 1.9999999999999998, -1];[-1, 1.9999999999999998, -1];[-1, 1.9999999999999998, -1];[-1, 1.9999999999999998, -1];[-1, 1.9999999999999998, -1];RAISE:InvalidOperation;[-1, 1.9999999999999998, -1];[-1, 1.9999999999999998, -1];[-1, 1.9999999999999998, -1];[-1, 1.9999999999999998, -1];[-1, 1.9999999999999998, -1];[-1, 1.9999999999999998, -1];[-1, 1.9999999999999998, -1];[-1, 1.9999999999999998, -1];[-1, 1.9999999999999998, -1];[-1, 1.9999999999999998, -1];[-1, 0.0, 0];[-1, 0.0, 0];[-1, 0.0, 0];[-1, 0.0, 0];[-1, 0.0, 0];[-1, 0.0, 0];RAISE:InvalidOperation;[-1, 0.0, 0];[-1, 0.0, 0];[-1, 0.0, 0];[-1, 0.0, 0];[-1, 0.0, 0];[-1, 0.0, 0];[-1, 0.0, 0];[-1, 0.0, 0];[-1, 0.0, 0];[-1, 0.0, 0];[1, 0.0, 0];[1, 0.0, 0];[1, 0.0, 0];[1, 0.0, 0];[1, 0.0, 0];[1, 0.0, 0];RAISE:InvalidOperation;[1, 0.0, 0];[1, 0.0, 0];[1, 0.0, 0];[1, 0.0, 0];[1, 0.0, 0];[1, 0.0, 0];[1, 0.0, 0];[1, 0.0, 0];[1, 0.0, 0];[1, 0.0, 0];[1, 1.0120112665365530917624767335946, -1074];[1, 1.0120112665365530917624767335946, -1074];[1, 1.0120112665365530917624767335946, -1074];[1, 1.0120112665365530917624767335946, -1074];[1, 1.0120112665365530917624767335946, -1074];[1, 1.0120112665365530917624767335946, -1074];RAISE:InvalidOperation;[1, 1.0120112665365530917624767335946, -1074];[1, 1.0120112665365530917624767335946, -1074];[1, 1.0120112665365530917624767335946, -1074];[1, 1.0120112665365530917624767335946, -1074];[1, 1.0120112665365530917624767335946, -1074];[1, 1.0120112665365530917624767335946, -1074];[1, 1.0120112665365530917624767335946, -1074];[1, 1.0120112665365530917624767335946, -1074];[1, 1.0120112665365530917624767335946, -1074];[1, 1.0120112665365530917624767335946, -1074];[1, 1.0000000000000000075996431390427, -1022];[1, 1.0000000000000000075996431390427, -1022];[1, 1.0000000000000000075996431390427, -1022];[1, 1.0000000000000000075996431390427, -1022];[1, 1.0000000000000000075996431390427, -1022];[1, 1.0000000000000000075996431390427, -1022];RAISE:InvalidOperation;[1, 1.0000000000000000075996431390427, -1022];[1, 1.0000000000000000075996431390427, -1022];[1, 1.0000000000000000075996431390427, -1022];[1, 1.0000000000000000075996431390427, -1022];[1, 1.0000000000000000075996431390427, -1022];[1, 1.0000000000000000075996431390427, -1022];[1, 1.0000000000000000075996431390427, -1022];[1, 1.0000000000000000075996431390427, -1022];[1, 1.0000000000000000075996431390427, -1022];[1, 1.0000000000000000075996431390427, -1022];[1, 1.9999999999999998, -1];[1, 1.9999999999999998, -1];[1, 1.9999999999999998, -1];[1, 1.9999999999999998, -1];[1, 1.9999999999999998, -1];[1, 1.9999999999999998, -1];RAISE:InvalidOperation;[1, 1.9999999999999998, -1];[1, 1.9999999999999998, -1];[1, 1.9999999999999998, -1];[1, 1.9999999999999998, -1];[1, 1.9999999999999998, -1];[1, 1.9999999999999998, -1];[1, 1.9999999999999998, -1];[1, 1.9999999999999998, -1];[1, 1.9999999999999998, -1];[1, 1.9999999999999998, -1];[1, 1.0, 0];[1, 1.0, 0];[1, 1.0, 0];[1, 1.0, 0];[1, 1.0, 0];[1, 0.0, 0];RAISE:InvalidOperation;[1, 0.0, 0];[1, 1.0, 0];[1, 1.0, 0];[1, 1.0, 0];[1, 1.0, 0];[1, 1.0, 0];[1, 1.0, 0];[1, 1.0, 0];[1, 1.0, 0];[1, 1.0, 0];[1, 1.0000000000000002, 0];[1, 1.0000000000000002, 0];[1, 1.0000000000000002, 0];[1, 1.0000000000000002, 0];[1, 1.0000000000000002, 0];[1, 1.8014398509481984, -53];RAISE:InvalidOperation;[1, 1.8014398509481984, -53];[1, 1.0000000000000002, 0];[1, 1.0000000000000002, 0];[1, 1.0000000000000002, 0];[1, 1.0000000000000002, 0];[1, 1.0000000000000002, 0];[1, 1.0000000000000002, 0];[1, 1.0000000000000002, 0];[1, 1.0000000000000002, 0];[1, 1.0000000000000002, 0];[1, 1.5, 0];[1, 1.5, 0];[1, 1.5, 0];[1, 1.5, 0];[1, 1.5, 0];[1, 1.0, -1];RAISE:InvalidOperation;[1, 1.0, -1];[1, 1.5, 0];[1, 1.5, 0];[1, 1.5, 0];[1, 1.5, 0];[1, 1.5, 0];[1, 1.5, 0];[1, 1.5, 0];[1, 1.5, 0];[1, 1.5, 0];[1, 1.5707963267948965, 1];[1, 1.5707963267948965, 1];[1, 1.5707963267948965, 1];[1, 1.5707963267948965, 1];[1, 1.5707963267948965, 1];[1, 1.132741228718344, -3];RAISE:InvalidOperation;[1, 1.132741228718344, -3];[1, 1.5707963267948965, 1];[1, 1.5707963267948965, 1];[1, 1.5707963267948965, 1];[1, 1.5707963267948965, 1];[1, 1.5707963267948965, 1];[1, 1.5707963267948965, 1];[1, 1.5707963267948965, 1];[1, 1.5707963267948965, 1];[1, 1.5707963267948965, 1];[1, 1.0, 53];[1, 1.0, 53];[1, 1.0, 53];[1, 0.0, 0];[1, 1.0, 5];[1, 0.0, 0];RAISE:InvalidOperation;[1, 0.0, 0];[1, 1.0, 2];[1, 1.0, 5];[1, 1.9375, 9];[1, 1.0, 22];[1, 0.0, 0];[1, 1.0, 0];[1, 1.0, 53];[1, 1.0, 53];[1, 1.0, 53];RAISE:InvalidOperation;RAISE:InvalidOperation;RAISE:InvalidOperation;RAISE:InvalidOperation;RAISE:InvalidOperation;RAISE:InvalidOperation;RAISE:InvalidOperation;RAISE:InvalidOperation;RAISE:InvalidOperation;RAISE:InvalidOperation;RAISE:InvalidOperation;RAISE:InvalidOperation;RAISE:InvalidOperation;RAISE:InvalidOperation;RAISE:InvalidOperation;RAISE:InvalidOperation;RAISE:InvalidOperation;[1, 1.6, -4];[1, 1.6, -4];[1, 1.6, -4];[1, 1.6, -4];[1, 1.6, -4];[1, 1.6, -4];RAISE:InvalidOperation;[1, 1.6, -4];[1, 1.6, -4];[1, 1.6, -4];[1, 1.6, -4];[1, 1.6, -4];[1, 1.6, -4];[1, 1.6, -4];[1, 1.6, -4];[1, 1.6, -4];[1, 1.6, -4]",224,48
A4_7_3,1,fractional|whole,Decimal,Decimal,"fractional/L1/16:-max_finite,-1.5,-1.0,-(1.0-1ulp),-0.0,+0.0,+min_subnormal,+min_normal,1.0-1ulp,1.0,1.0+1ulp,1.5,pi,2^53,max_finite,0.1","whole/L1/17:-2^63,-2^63+1,-2^53-1,-2^31,-42,-1,0,1,7,42,1000,2^31-1,2^31,2^53-1,2^53+1,2^63-1,2^64-1",272,"RAISE:InvalidOperation;RAISE:InvalidOperation;RAISE:InvalidOperation;RAISE:InvalidOperation;RAISE:InvalidOperation;RAISE:InvalidOperation;RAISE:InvalidOperation;RAISE:InvalidOperation;RAISE:InvalidOperation;RAISE:InvalidOperation;RAISE:InvalidOperation;RAISE:InvalidOperation;RAISE:InvalidOperation;RAISE:InvalidOperation;RAISE:InvalidOperation;RAISE:InvalidOperation;RAISE:InvalidOperation;[-1, 1.5, 0];[-1, 1.5, 0];[-1, 1.5, 0];[-1, 1.5, 0];[-1, 1.5, 0];[-1, 1.0, -1];RAISE:InvalidOperation;[-1, 1.0, -1];[-1, 1.5, 0];[-1, 1.5, 0];[-1, 1.5, 0];[-1, 1.5, 0];[-1, 1.5, 0];[-1, 1.5, 0];[-1, 1.5, 0];[-1, 1.5, 0];[-1, 1.5, 0];[-1, 1.0, 0];[-1, 1.0, 0];[-1, 1.0, 0];[-1, 1.0, 0];[-1, 1.0, 0];[-1, 0.0, 0];RAISE:InvalidOperation;[-1, 0.0, 0];[-1, 1.0, 0];[-1, 1.0, 0];[-1, 1.0, 0];[-1, 1.0, 0];[-1, 1.0, 0];[-1, 1.0, 0];[-1, 1.0, 0];[-1, 1.0, 0];[-1, 1.0, 0];[-1, 1.9999999999999998, -1];[-1, 1.9999999999999998, -1];[-1, 1.9999999999999998, -1];[-1, 1.9999999999999998, -1];[-1, 1.9999999999999998, -1];[-1, 1.9999999999999998, -1];RAISE:InvalidOperation;[-1, 1.9999999999999998, -1];[-1, 1.9999999999999998, -1];[-1, 1.9999999999999998, -1];[-1, 1.9999999999999998, -1];[-1, 1.9999999999999998, -1];[-1, 1.9999999999999998, -1];[-1, 1.9999999999999998, -1];[-1, 1.9999999999999998, -1];[-1, 1.9999999999999998, -1];[-1, 1.9999999999999998, -1];[-1, 0.0, 0];[-1, 0.0, 0];[-1, 0.0, 0];[-1, 0.0, 0];[-1, 0.0, 0];[-1, 0.0, 0];RAISE:InvalidOperation;[-1, 0.0, 0];[-1, 0.0, 0];[-1, 0.0, 0];[-1, 0.0, 0];[-1, 0.0, 0];[-1, 0.0, 0];[-1, 0.0, 0];[-1, 0.0, 0];[-1, 0.0, 0];[-1, 0.0, 0];[1, 0.0, 0];[1, 0.0, 0];[1, 0.0, 0];[1, 0.0, 0];[1, 0.0, 0];[1, 0.0, 0];RAISE:InvalidOperation;[1, 0.0, 0];[1, 0.0, 0];[1, 0.0, 0];[1, 0.0, 0];[1, 0.0, 0];[1, 0.0, 0];[1, 0.0, 0];[1, 0.0, 0];[1, 0.0, 0];[1, 0.0, 0];[1, 1.0120112665365530917624767335946, -1074];[1, 1.0120112665365530917624767335946, -1074];[1, 1.0120112665365530917624767335946, -1074];[1, 1.0120112665365530917624767335946, -1074];[1, 1.0120112665365530917624767335946, -1074];[1, 1.0120112665365530917624767335946, -1074];RAISE:InvalidOperation;[1, 1.0120112665365530917624767335946, -1074];[1, 1.0120112665365530917624767335946, -1074];[1, 1.0120112665365530917624767335946, -1074];[1, 1.0120112665365530917624767335946, -1074];[1, 1.0120112665365530917624767335946, -1074];[1, 1.0120112665365530917624767335946, -1074];[1, 1.0120112665365530917624767335946, -1074];[1, 1.0120112665365530917624767335946, -1074];[1, 1.0120112665365530917624767335946, -1074];[1, 1.0120112665365530917624767335946, -1074];[1, 1.0000000000000000075996431390427, -1022];[1, 1.0000000000000000075996431390427, -1022];[1, 1.0000000000000000075996431390427, -1022];[1, 1.0000000000000000075996431390427, -1022];[1, 1.0000000000000000075996431390427, -1022];[1, 1.0000000000000000075996431390427, -1022];RAISE:InvalidOperation;[1, 1.0000000000000000075996431390427, -1022];[1, 1.0000000000000000075996431390427, -1022];[1, 1.0000000000000000075996431390427, -1022];[1, 1.0000000000000000075996431390427, -1022];[1, 1.0000000000000000075996431390427, -1022];[1, 1.0000000000000000075996431390427, -1022];[1, 1.0000000000000000075996431390427, -1022];[1, 1.0000000000000000075996431390427, -1022];[1, 1.0000000000000000075996431390427, -1022];[1, 1.0000000000000000075996431390427, -1022];[1, 1.9999999999999998, -1];[1, 1.9999999999999998, -1];[1, 1.9999999999999998, -1];[1, 1.9999999999999998, -1];[1, 1.9999999999999998, -1];[1, 1.9999999999999998, -1];RAISE:InvalidOperation;[1, 1.9999999999999998, -1];[1, 1.9999999999999998, -1];[1, 1.9999999999999998, -1];[1, 1.9999999999999998, -1];[1, 1.9999999999999998, -1];[1, 1.9999999999999998, -1];[1, 1.9999999999999998, -1];[1, 1.9999999999999998, -1];[1, 1.9999999999999998, -1];[1, 1.9999999999999998, -1];[1, 1.0, 0];[1, 1.0, 0];[1, 1.0, 0];[1, 1.0, 0];[1, 1.0, 0];[1, 0.0, 0];RAISE:InvalidOperation;[1, 0.0, 0];[1, 1.0, 0];[1, 1.0, 0];[1, 1.0, 0];[1, 1.0, 0];[1, 1.0, 0];[1, 1.0, 0];[1, 1.0, 0];[1, 1.0, 0];[1, 1.0, 0];[1, 1.0000000000000002, 0];[1, 1.0000000000000002, 0];[1, 1.0000000000000002, 0];[1, 1.0000000000000002, 0];[1, 1.0000000000000002, 0];[1, 1.8014398509481984, -53];RAISE:InvalidOperation;[1, 1.8014398509481984, -53];[1, 1.0000000000000002, 0];[1, 1.0000000000000002, 0];[1, 1.0000000000000002, 0];[1, 1.0000000000000002, 0];[1, 1.0000000000000002, 0];[1, 1.0000000000000002, 0];[1, 1.0000000000000002, 0];[1, 1.0000000000000002, 0];[1, 1.0000000000000002, 0];[1, 1.5, 0];[1, 1.5, 0];[1, 1.5, 0];[1, 1.5, 0];[1, 1.5, 0];[1, 1.0, -1];RAISE:InvalidOperation;[1, 1.0, -1];[1, 1.5, 0];[1, 1.5, 0];[1, 1.5, 0];[1, 1.5, 0];[1, 1.5, 0];[1, 1.5, 0];[1, 1.5, 0];[1, 1.5, 0];[1, 1.5, 0];[1, 1.5707963267948965, 1];[1, 1.5707963267948965, 1];[1, 1.5707963267948965, 1];[1, 1.5707963267948965, 1];[1, 1.5707963267948965, 1];[1, 1.132741228718344, -3];RAISE:InvalidOperation;[1, 1.132741228718344, -3];[1, 1.5707963267948965, 1];[1, 1.5707963267948965, 1];[1, 1.5707963267948965, 1];[1, 1.5707963267948965, 1];[1, 1.5707963267948965, 1];[1, 1.5707963267948965, 1];[1, 1.5707963267948965, 1];[1, 1.5707963267948965, 1];[1, 1.5707963267948965, 1];[1, 1.0, 53];[1, 1.0, 53];[1, 1.0, 53];[1, 0.0, 0];[1, 1.0, 5];[1, 0.0, 0];RAISE:InvalidOperation;[1, 0.0, 0];[1, 1.0, 2];[1, 1.0, 5];[1, 1.9375, 9];[1, 1.0, 22];[1, 0.0, 0];[1, 1.0, 0];[1, 1.0, 53];[1, 1.0, 53];[1, 1.0, 53];RAISE:InvalidOperation;RAISE:InvalidOperation;RAISE:InvalidOperation;RAISE:InvalidOperation;RAISE:InvalidOperation;RAISE:InvalidOperation;RAISE:InvalidOperation;RAISE:InvalidOperation;RAISE:InvalidOperation;RAISE:InvalidOperation;RAISE:InvalidOperation;RAISE:InvalidOperation;RAISE:InvalidOperation;RAISE:InvalidOperation;RAISE:InvalidOperation;RAISE:InvalidOperation;RAISE:InvalidOperation;[1, 1.6, -4];[1, 1.6, -4];[1, 1.6, -4];[1, 1.6, -4];[1, 1.6, -4];[1, 1.6, -4];RAISE:InvalidOperation;[1, 1.6, -4];[1, 1.6, -4];[1, 1.6, -4];[1, 1.6, -4];[1, 1.6, -4];[1, 1.6, -4];[1, 1.6, -4];[1, 1.6, -4];[1, 1.6, -4];[1, 1.6, -4]",224,48
A4_7_4,1,fractional|whole,Decimal,Fraction,"fractional/L1/16:-max_finite,-1.5,-1.0,-(1.0-1ulp),-0.0,+0.0,+min_subnormal,+min_normal,1.0-1ulp,1.0,1.0+1ulp,1.5,pi,2^53,max_finite,0.1","whole/L1/17:-2^63,-2^63+1,-2^53-1,-2^31,-42,-1,0,1,7,42,1000,2^31-1,2^31,2^53-1,2^53+1,2^63-1,2^64-1",272,RAISE:TypeError;RAISE:TypeError;RAISE:TypeError;RAISE:TypeError;RAISE:TypeError;RAISE:TypeError;RAISE:TypeError;RAISE:TypeError;RAISE:TypeError;RAISE:TypeError;RAISE:TypeError;RAISE:TypeError;RAISE:TypeError;RAISE:TypeError;RAISE:TypeError;RAISE:TypeError;RAISE:TypeError;RAISE:TypeError;RAISE:TypeError;RAISE:TypeError;RAISE:TypeError;RAISE:TypeError;RAISE:TypeError;RAISE:TypeError;RAISE:TypeError;RAISE:TypeError;RAISE:TypeError;RAISE:TypeError;RAISE:TypeError;RAISE:TypeError;RAISE:TypeError;RAISE:TypeError;RAISE:TypeError;RAISE:TypeError;RAISE:TypeError;RAISE:TypeError;RAISE:TypeError;RAISE:TypeError;RAISE:TypeError;RAISE:TypeError;RAISE:TypeError;RAISE:TypeError;RAISE:TypeError;RAISE:TypeError;RAISE:TypeError;RAISE:TypeError;RAISE:TypeError;RAISE:TypeError;RAISE:TypeError;RAISE:TypeError;RAISE:TypeError;RAISE:TypeError;RAISE:TypeError;RAISE:TypeError;RAISE:TypeError;RAISE:TypeError;RAISE:TypeError;RAISE:TypeError;RAISE:TypeError;RAISE:TypeError;RAISE:TypeError;RAISE:TypeError;RAISE:TypeError;RAISE:TypeError;RAISE:TypeError;RAISE:TypeError;RAISE:TypeError;RAISE:TypeError;RAISE:TypeError;RAISE:TypeError;RAISE:TypeError;RAISE:TypeError;RAISE:TypeError;RAISE:TypeError;RAISE:TypeError;RAISE:TypeError;RAISE:TypeError;RAISE:TypeError;RAISE:TypeError;RAISE:TypeError;RAISE:TypeError;RAISE:TypeError;RAISE:TypeError;RAISE:TypeError;RAISE:TypeError;RAISE:TypeError;RAISE:TypeError;RAISE:TypeError;RAISE:TypeError;RAISE:TypeError;RAISE:TypeError;RAISE:TypeError;RAISE:TypeError;RAISE:TypeError;RAISE:TypeError;RAISE:TypeError;RAISE:TypeError;RAISE:TypeError;RAISE:TypeError;RAISE:TypeError;RAISE:TypeError;RAISE:TypeError;RAISE:TypeError;RAISE:TypeError;RAISE:TypeError;RAISE:TypeError;RAISE:TypeError;RAISE:TypeError;RAISE:TypeError;RAISE:TypeError;RAISE:TypeError;RAISE:TypeError;RAISE:TypeError;RAISE:TypeError;RAISE:TypeError;RAISE:TypeError;RAISE:TypeError;RAISE:TypeError;RAISE:TypeError;RAISE:TypeError;RAISE:TypeError;RAISE:TypeError;RAISE:TypeError;RAISE:TypeError;RAISE:TypeError;RAISE:TypeError;RAISE:TypeError;RAISE:TypeError;RAISE:TypeError;RAISE:TypeError;RAISE:TypeError;RAISE:TypeError;RAISE:TypeError;RAISE:TypeError;RAISE:TypeError;RAISE:TypeError;RAISE:TypeError;RAISE:TypeError;RAISE:TypeError;RAISE:TypeError;RAISE:TypeError;RAISE:TypeError;RAISE:TypeError;RAISE:TypeError;RAISE:TypeError;RAISE:TypeError;RAISE:TypeError;RAISE:TypeError;RAISE:TypeError;RAISE:TypeError;RAISE:TypeError;RAISE:TypeError;RAISE:TypeError;RAISE:TypeError;RAISE:TypeError;RAISE:TypeError;RAISE:TypeError;RAISE:TypeError;RAISE:TypeError;RAISE:TypeError;RAISE:TypeError;RAISE:TypeError;RAISE:TypeError;RAISE:TypeError;RAISE:TypeError;RAISE:TypeError;RAISE:TypeError;RAISE:TypeError;RAISE:TypeError;RAISE:TypeError;RAISE:TypeError;RAISE:TypeError;RAISE:TypeError;RAISE:TypeError;RAISE:TypeError;RAISE:TypeError;RAISE:TypeError;RAISE:TypeError;RAISE:TypeError;RAISE:TypeError;RAISE:TypeError;RAISE:TypeError;RAISE:TypeError;RAISE:TypeError;RAISE:TypeError;RAISE:TypeError;RAISE:TypeError;RAISE:TypeError;RAISE:TypeError;RAISE:TypeError;RAISE:TypeError;RAISE:TypeError;RAISE:TypeError;RAISE:TypeError;RAISE:TypeError;RAISE:TypeError;RAISE:TypeError;RAISE:TypeError;RAISE:TypeError;RAISE:TypeError;RAISE:TypeError;RAISE:TypeError;RAISE:TypeError;RAISE:TypeError;RAISE:TypeError;RAISE:TypeError;RAISE:TypeError;RAISE:TypeError;RAISE:TypeError;RAISE:TypeError;RAISE:TypeError;RAISE:TypeError;RAISE:TypeError;RAISE:TypeError;RAISE:TypeError;RAISE:TypeError;RAISE:TypeError;RAISE:TypeError;RAISE:TypeError;RAISE:TypeError;RAISE:TypeError;RAISE:TypeError;RAISE:TypeError;RAISE:TypeError;RAISE:TypeError;RAISE:TypeError;RAISE:TypeError;RAISE:TypeError;RAISE:TypeError;RAISE:TypeError;RAISE:TypeError;RAISE:TypeError;RAISE:TypeError;RAISE:TypeError;RAISE:TypeError;RAISE:TypeError;RAISE:TypeError;RAISE:TypeError;RAISE:TypeError;RAISE:TypeError;RAISE:TypeError;RAISE:TypeError;RAISE:TypeError;RAISE:TypeError;RAISE:TypeError;RAISE:TypeError;RAISE:TypeError;RAISE:TypeError;RAISE:TypeError;RAISE:TypeError;RAISE:TypeError;RAISE:TypeError;RAISE:TypeError;RAISE:TypeError;RAISE:TypeError;RAISE:TypeError;RAISE:TypeError;RAISE:TypeError;RAISE:TypeError;RAISE:TypeError;RAISE:TypeError;RAISE:TypeError;RAISE:TypeError;RAISE:TypeError;RAISE:TypeError;RAISE:TypeError;RAISE:TypeError;RAISE:TypeError;RAISE:TypeError;RAISE:TypeError;RAISE:TypeError;RAISE:TypeError,0,272
A4_7_5,1,fractional|whole,Decimal,c_int64,"fractional/L1/16:-max_finite,-1.5,-1.0,-(1.0-1ulp),-0.0,+0.0,+min_subnormal,+min_normal,1.0-1ulp,1.0,1.0+1ulp,1.5,pi,2^53,max_finite,0.1","whole/L1/16:-2^63,-2^63+1,-2^53-1,-2^31,-42,-1,0,1,7,42,1000,2^31-1,2^31,2^53-1,2^53+1,2^63-1",256,"RAISE:InvalidOperation;RAISE:InvalidOperation;RAISE:InvalidOperation;RAISE:InvalidOperation;RAISE:InvalidOperation;RAISE:InvalidOperation;RAISE:InvalidOperation;RAISE:InvalidOperation;RAISE:InvalidOperation;RAISE:InvalidOperation;RAISE:InvalidOperation;RAISE:InvalidOperation;RAISE:InvalidOperation;RAISE:InvalidOperation;RAISE:InvalidOperation;RAISE:InvalidOperation;[-1, 1.5, 0];[-1, 1.5, 0];[-1, 1.5, 0];[-1, 1.5, 0];[-1, 1.5, 0];[-1, 1.0, -1];RAISE:InvalidOperation;[-1, 1.0, -1];[-1, 1.5, 0];[-1, 1.5, 0];[-1, 1.5, 0];[-1, 1.5, 0];[-1, 1.5, 0];[-1, 1.5, 0];[-1, 1.5, 0];[-1, 1.5, 0];[-1, 1.0, 0];[-1, 1.0, 0];[-1, 1.0, 0];[-1, 1.0, 0];[-1, 1.0, 0];[-1, 0.0, 0];RAISE:InvalidOperation;[-1, 0.0, 0];[-1, 1.0, 0];[-1, 1.0, 0];[-1, 1.0, 0];[-1, 1.0, 0];[-1, 1.0, 0];[-1, 1.0, 0];[-1, 1.0, 0];[-1, 1.0, 0];[-1, 1.9999999999999998, -1];[-1, 1.9999999999999998, -1];[-1, 1.9999999999999998, -1];[-1, 1.9999999999999998, -1];[-1, 1.9999999999999998, -1];[-1, 1.9999999999999998, -1];RAISE:InvalidOperation;[-1, 1.9999999999999998, -1];[-1, 1.9999999999999998, -1];[-1, 1.9999999999999998, -1];[-1, 1.9999999999999998, -1];[-1, 1.9999999999999998, -1];[-1, 1.9999999999999998, -1];[-1, 1.9999999999999998, -1];[-1, 1.9999999999999998, -1];[-1, 1.9999999999999998, -1];[-1, 0.0, 0];[-1, 0.0, 0];[-1, 0.0, 0];[-1, 0.0, 0];[-1, 0.0, 0];[-1, 0.0, 0];RAISE:InvalidOperation;[-1, 0.0, 0];[-1, 0.0, 0];[-1, 0.0, 0];[-1, 0.0, 0];[-1, 0.0, 0];[-1, 0.0, 0];[-1, 0.0, 0];[-1, 0.0, 0];[-1, 0.0, 0];[1, 0.0, 0];[1, 0.0, 0];[1, 0.0, 0];[1, 0.0, 0];[1, 0.0, 0];[1, 0.0, 0];RAISE:InvalidOperation;[1, 0.0, 0];[1, 0.0, 0];[1, 0.0, 0];[1, 0.0, 0];[1, 0.0, 0];[1, 0.0, 0];[1, 0.0, 0];[1, 0.0, 0];[1, 0.0, 0];[1, 1.0120112665365530917624767335946, -1074];[1, 1.0120112665365530917624767335946, -1074];[1, 1.0120112665365530917624767335946, -1074];[1, 1.0120112665365530917624767335946, -1074];[1, 1.0120112665365530917624767335946, -1074];[1, 1.0120112665365530917624767335946, -1074];RAISE:InvalidOperation;[1, 1.0120112665365530917624767335946, -1074];[1, 1.0120112665365530917624767335946, -1074];[1, 1.0120112665365530917624767335946, -1074];[1, 1.0120112665365530917624767335946, -1074];[1, 1.0120112665365530917624767335946, -1074];[1, 1.0120112665365530917624767335946, -1074];[1, 1.0120112665365530917624767335946, -1074];[1, 1.0120112665365530917624767335946, -1074];[1, 1.0120112665365530917624767335946, -1074];[1, 1.0000000000000000075996431390427, -1022];[1, 1.0000000000000000075996431390427, -1022];[1, 1.0000000000000000075996431390427, -1022];[1, 1.0000000000000000075996431390427, -1022];[1, 1.0000000000000000075996431390427, -1022];[1, 1.0000000000000000075996431390427, -1022];RAISE:InvalidOperation;[1, 1.0000000000000000075996431390427, -1022];[1, 1.0000000000000000075996431390427, -1022];[1, 1.0000000000000000075996431390427, -1022];[1, 1.0000000000000000075996431390427, -1022];[1, 1.0000000000000000075996431390427, -1022];[1, 1.0000000000000000075996431390427, -1022];[1, 1.0000000000000000075996431390427, -1022];[1, 1.0000000000000000075996431390427, -1022];[1, 1.0000000000000000075996431390427, -1022];[1, 1.9999999999999998, -1];[1, 1.9999999999999998, -1];[1, 1.9999999999999998, -1];[1, 1.9999999999999998, -1];[1, 1.9999999999999998, -1];[1, 1.9999999999999998, -1];RAISE:InvalidOperation;[1, 1.9999999999999998, -1];[1, 1.9999999999999998, -1];[1, 1.9999999999999998, -1];[1, 1.9999999999999998, -1];[1, 1.9999999999999998, -1];[1, 1.9999999999999998, -1];[1, 1.9999999999999998, -1];[1, 1.9999999999999998, -1];[1, 1.9999999999999998, -1];[1, 1.0, 0];[1, 1.0, 0];[1, 1.0, 0];[1, 1.0, 0];[1, 1.0, 0];[1, 0.0, 0];RAISE:InvalidOperation;[1, 0.0, 0];[1, 1.0, 0];[1, 1.0, 0];[1, 1.0, 0];[1, 1.0, 0];[1, 1.0, 0];[1, 1.0, 0];[1, 1.0, 0];[1, 1.0, 0];[1, 1.0000000000000002, 0];[1, 1.0000000000000002, 0];[1, 1.0000000000000002, 0];[1, 1.0000000000000002, 0];[1, 1.0000000000000002, 0];[1, 1.8014398509481984, -53];RAISE:InvalidOperation;[1, 1.8014398509481984, -53];[1, 1.0000000000000002, 0];[1, 1.0000000000000002, 0];[1, 1.0000000000000002, 0];[1, 1.0000000000000002, 0];[1, 1.0000000000000002, 0];[1, 1.0000000000000002, 0];[1, 1.0000000000000002, 0];[1, 1.0000000000000002, 0];[1, 1.5, 0];[1, 1.5, 0];[1, 1.5, 0];[1, 1.5, 0];[1, 1.5, 0];[1, 1.0, -1];RAISE:InvalidOperation;[1, 1.0, -1];[1, 1.5, 0];[1, 1.5, 0];[1, 1.5, 0];[1, 1.5, 0];[1, 1.5, 0];[1, 1.5, 0];[1, 1.5, 0];[1, 1.5, 0];[1, 1.5707963267948965, 1];[1, 1.5707963267948965, 1];[1, 1.5707963267948965, 1];[1, 1.5707963267948965, 1];[1, 1.5707963267948965, 1];[1, 1.132741228718344, -3];RAISE:InvalidOperation;[1, 1.132741228718344, -3];[1, 1.5707963267948965, 1];[1, 1.5707963267948965, 1];[1, 1.5707963267948965, 1];[1, 1.5707963267948965, 1];[1, 1.5707963267948965, 1];[1, 1.5707963267948965, 1];[1, 1.5707963267948965, 1];[1, 1.5707963267948965, 1];[1, 1.0, 53];[1, 1.0, 53];[1, 1.0, 53];[1, 0.0, 0];[1, 1.0, 5];[1, 0.0, 0];RAISE:InvalidOperation;[1, 0.0, 0];[1, 1.0, 2];[1, 1.0, 5];[1, 1.9375, 9];[1, 1.0, 22];[1, 0.0, 0];[1, 1.0, 0];[1, 1.0, 53];[1, 1.0, 53];RAISE:InvalidOperation;RAISE:InvalidOperation;RAISE:InvalidOperation;RAISE:InvalidOperation;RAISE:InvalidOperation;RAISE:InvalidOperation;RAISE:InvalidOperation;RAISE:InvalidOperation;RAISE:InvalidOperation;RAISE:InvalidOperation;RAISE:InvalidOperation;RAISE:InvalidOperation;RAISE:InvalidOperation;RAISE:InvalidOperation;RAISE:InvalidOperation;RAISE:InvalidOperation;[1, 1.6, -4];[1, 1.6, -4];[1, 1.6, -4];[1, 1.6, -4];[1, 1.6, -4];[1, 1.6, -4];RAISE:InvalidOperation;[1, 1.6, -4];[1, 1.6, -4];[1, 1.6, -4];[1, 1.6, -4];[1, 1.6, -4];[1, 1.6, -4];[1, 1.6, -4];[1, 1.6, -4];[1, 1.6, -4]",210,46
A4_7_6,1,fractional|fractional,Decimal,float,"fractional/L1/16:-max_finite,-1.5,-1.0,-(1.0-1ulp),-0.0,+0.0,+min_subnormal,+min_normal,1.0-1ulp,1.0,1.0+1ulp,1.5,pi,2^53,max_finite,0.1","fractional/L1/16:-max_finite,-1.5,-1.0,-(1.0-1ulp),-0.0,+0.0,+min_subnormal,+min_normal,1.0-1ulp,1.0,1.0+1ulp,1.5,pi,2^53,max_finite,0.1",256,RAISE:TypeError;RAISE:TypeError;RAISE:TypeError;RAISE:TypeError;RAISE:TypeError;RAISE:TypeError;RAISE:TypeError;RAISE:TypeError;RAISE:TypeError;RAISE:TypeError;RAISE:TypeError;RAISE:TypeError;RAISE:TypeError;RAISE:TypeError;RAISE:TypeError;RAISE:TypeError;RAISE:TypeError;RAISE:TypeError;RAISE:TypeError;RAISE:TypeError;RAISE:TypeError;RAISE:TypeError;RAISE:TypeError;RAISE:TypeError;RAISE:TypeError;RAISE:TypeError;RAISE:TypeError;RAISE:TypeError;RAISE:TypeError;RAISE:TypeError;RAISE:TypeError;RAISE:TypeError;RAISE:TypeError;RAISE:TypeError;RAISE:TypeError;RAISE:TypeError;RAISE:TypeError;RAISE:TypeError;RAISE:TypeError;RAISE:TypeError;RAISE:TypeError;RAISE:TypeError;RAISE:TypeError;RAISE:TypeError;RAISE:TypeError;RAISE:TypeError;RAISE:TypeError;RAISE:TypeError;RAISE:TypeError;RAISE:TypeError;RAISE:TypeError;RAISE:TypeError;RAISE:TypeError;RAISE:TypeError;RAISE:TypeError;RAISE:TypeError;RAISE:TypeError;RAISE:TypeError;RAISE:TypeError;RAISE:TypeError;RAISE:TypeError;RAISE:TypeError;RAISE:TypeError;RAISE:TypeError;RAISE:TypeError;RAISE:TypeError;RAISE:TypeError;RAISE:TypeError;RAISE:TypeError;RAISE:TypeError;RAISE:TypeError;RAISE:TypeError;RAISE:TypeError;RAISE:TypeError;RAISE:TypeError;RAISE:TypeError;RAISE:TypeError;RAISE:TypeError;RAISE:TypeError;RAISE:TypeError;RAISE:TypeError;RAISE:TypeError;RAISE:TypeError;RAISE:TypeError;RAISE:TypeError;RAISE:TypeError;RAISE:TypeError;RAISE:TypeError;RAISE:TypeError;RAISE:TypeError;RAISE:TypeError;RAISE:TypeError;RAISE:TypeError;RAISE:TypeError;RAISE:TypeError;RAISE:TypeError;RAISE:TypeError;RAISE:TypeError;RAISE:TypeError;RAISE:TypeError;RAISE:TypeError;RAISE:TypeError;RAISE:TypeError;RAISE:TypeError;RAISE:TypeError;RAISE:TypeError;RAISE:TypeError;RAISE:TypeError;RAISE:TypeError;RAISE:TypeError;RAISE:TypeError;RAISE:TypeError;RAISE:TypeError;RAISE:TypeError;RAISE:TypeError;RAISE:TypeError;RAISE:TypeError;RAISE:TypeError;RAISE:TypeError;RAISE:TypeError;RAISE:TypeError;RAISE:TypeError;RAISE:TypeError;RAISE:TypeError;RAISE:TypeError;RAISE:TypeError;RAISE:TypeError;RAISE:TypeError;RAISE:TypeError;RAISE:TypeError;RAISE:TypeError;RAISE:TypeError;RAISE:TypeError;RAISE:TypeError;RAISE:TypeError;RAISE:TypeError;RAISE:TypeError;RAISE:TypeError;RAISE:TypeError;RAISE:TypeError;RAISE:TypeError;RAISE:TypeError;RAISE:TypeError;RAISE:TypeError;RAISE:TypeError;RAISE:TypeError;RAISE:TypeError;RAISE:TypeError;RAISE:TypeError;RAISE:TypeError;RAISE:TypeError;RAISE:TypeError;RAISE:TypeError;RAISE:TypeError;RAISE:TypeError;RAISE:TypeError;RAISE:TypeError;RAISE:TypeError;RAISE:TypeError;RAISE:TypeError;RAISE:TypeError;RAISE:TypeError;RAISE:TypeError;RAISE:TypeError;RAISE:TypeError;RAISE:TypeError;RAISE:TypeError;RAISE:TypeError;RAISE:TypeError;RAISE:TypeError;RAISE:TypeError;RAISE:TypeError;RAISE:TypeError;RAISE:TypeError;RAISE:TypeError;RAISE:TypeError;RAISE:TypeError;RAISE:TypeError;RAISE:TypeError;RAISE:TypeError;RAISE:TypeError;RAISE:TypeError;RAISE:TypeError;RAISE:TypeError;RAISE:TypeError;RAISE:TypeError;RAISE:TypeError;RAISE:TypeError;RAISE:TypeError;RAISE:TypeError;RAISE:TypeError;RAISE:TypeError;RAISE:TypeError;RAISE:TypeError;RAISE:TypeError;RAISE:TypeError;RAISE:TypeError;RAISE:TypeError;RAISE:TypeError;RAISE:TypeError;RAISE:TypeError;RAISE:TypeError;RAISE:TypeError;RAISE:TypeError;RAISE:TypeError;RAISE:TypeError;RAISE:TypeError;RAISE:TypeError;RAISE:TypeError;RAISE:TypeError;RAISE:TypeError;RAISE:TypeError;RAISE:TypeError;RAISE:TypeError;RAISE:TypeError;RAISE:TypeError;RAISE:TypeError;RAISE:TypeError;RAISE:TypeError;RAISE:TypeError;RAISE:TypeError;RAISE:TypeError;RAISE:TypeError;RAISE:TypeError;RAISE:TypeError;RAISE:TypeError;RAISE:TypeError;RAISE:TypeError;RAISE:TypeError;RAISE:TypeError;RAISE:TypeError;RAISE:TypeError;RAISE:TypeError;RAISE:TypeError;RAISE:TypeError;RAISE:TypeError;RAISE:TypeError;RAISE:TypeError;RAISE:TypeError;RAISE:TypeError;RAISE:TypeError;RAISE:TypeError;RAISE:TypeError;RAISE:TypeError;RAISE:TypeError;RAISE:TypeError;RAISE:TypeError;RAISE:TypeError;RAISE:TypeError;RAISE:TypeError;RAISE:TypeError;RAISE:TypeError;RAISE:TypeError;RAISE:TypeError;RAISE:TypeError;RAISE:TypeError,0,256
A4_7_7,1,fractional|fractional,Decimal,Decimal,"fractional/L1/16:-max_finite,-1.5,-1.0,-(1.0-1ulp),-0.0,+0.0,+min_subnormal,+min_normal,1.0-1ulp,1.0,1.0+1ulp,1.5,pi,2^53,max_finite,0.1","fractional/L1/16:-max_finite,-1.5,-1.0,-(1.0-1ulp),-0.0,+0.0,+min_subnormal,+min_normal,1.0-1ulp,1.0,1.0+1ulp,1.5,pi,2^53,max_finite,0.1",256,"[1, 0.0, 0];RAISE:InvalidOperation;RAISE:InvalidOperation;RAISE:InvalidOperation;RAISE:InvalidOperation;RAISE:InvalidOperation;RAISE:InvalidOperation;RAISE:InvalidOperation;RAISE:InvalidOperation;RAISE:InvalidOperation;RAISE:InvalidOperation;RAISE:InvalidOperation;RAISE:InvalidOperation;RAISE:InvalidOperation;[1, 0.0, 0];RAISE:InvalidOperation;[-1, 1.5, 0];[-1, 0.0, 0];[-1, 1.0, -1];[-1, 1.0000000000000002, -1];RAISE:InvalidOperation;RAISE:InvalidOperation;RAISE:InvalidOperation;RAISE:InvalidOperation;[-1, 1.0000000000000002, -1];[-1, 1.0, -1];[-1, 1.9999999999999992, -2];[-1, 0.0, 0];[-1, 1.5, 0];[-1, 1.5, 0];[-1, 1.5, 0];[-1, 0.0, 0];[-1, 1.0, 0];[-1, 1.0, 0];[-1, 0.0, 0];[-1, 1.8014398509481984, -54];RAISE:InvalidOperation;RAISE:InvalidOperation;RAISE:InvalidOperation;RAISE:InvalidOperation;[-1, 1.8014398509481984, -54];[-1, 0.0, 0];[-1, 1.0, 0];[-1, 1.0, 0];[-1, 1.0, 0];[-1, 1.0, 0];[-1, 1.0, 0];[-1, 0.0, 0];[-1, 1.9999999999999998, -1];[-1, 1.9999999999999998, -1];[-1, 1.9999999999999998, -1];[1, 0.0, 0];RAISE:InvalidOperation;RAISE:InvalidOperation;RAISE:InvalidOperation;RAISE:InvalidOperation;[1, 0.0, 0];[-1, 1.9999999999999998, -1];[-1, 1.9999999999999998, -1];[-1, 1.9999999999999998, -1];[-1, 1.9999999999999998, -1];[-1, 1.9999999999999998, -1];[-1, 1.9999999999999998, -1];[-1, 1.5999999999999984, -4];[-1, 0.0, 0];[-1, 0.0, 0];[-1, 0.0, 0];[1, 0.0, 0];RAISE:InvalidOperation;RAISE:InvalidOperation;[1, 0.0, 0];[1, 0.0, 0];[1, 0.0, 0];[-1, 0.0, 0];[1, 0.0, 0];[-1, 0.0, 0];[1, 0.0, 0];[-1, 0.0, 0];[-1, 0.0, 0];[-1, 0.0, 0];[1, 0.0, 0];[1, 0.0, 0];[1, 0.0, 0];[1, 0.0, 0];RAISE:InvalidOperation;RAISE:InvalidOperation;[1, 0.0, 0];[1, 0.0, 0];[1, 0.0, 0];[1, 0.0, 0];[1, 0.0, 0];[1, 0.0, 0];[1, 0.0, 0];[1, 0.0, 0];[1, 0.0, 0];[1, 0.0, 0];[1, 1.0120112665365530917624767335946, -1074];[1, 1.0120112665365530917624767335946, -1074];[1, 1.0120112665365530917624767335946, -1074];[1, 1.0120112665365530917624767335946, -1074];RAISE:InvalidOperation;RAISE:InvalidOperation;[1, 0.0, 0];[1, 1.0120112665365530917624767335946, -1074];[1, 1.0120112665365530917624767335946, -1074];[1, 1.0120112665365530917624767335946, -1074];[1, 1.0120112665365530917624767335946, -1074];[1, 1.0120112665365530917624767335946, -1074];[1, 1.0120112665365530917624767335946, -1074];[1, 1.0120112665365530917624767335946, -1074];[1, 1.0120112665365530917624767335946, -1074];[1, 1.0120112665365530917624767335946, -1074];[1, 1.0000000000000000075996431390427, -1022];[1, 1.0000000000000000075996431390427, -1022];[1, 1.0000000000000000075996431390427, -1022];[1, 1.0000000000000000075996431390427, -1022];RAISE:InvalidOperation;RAISE:InvalidOperation;[1, 1.6192180264584849468199627737513, -1075];[1, 0.0, 0];[1, 1.0000000000000000075996431390427, -1022];[1, 1.0000000000000000075996431390427, -1022];[1, 1.0000000000000000075996431390427, -1022];[1, 1.0000000000000000075996431390427, -1022];[1, 1.0000000000000000075996431390427, -1022];[1, 1.0000000000000000075996431390427, -1022];[1, 1.0000000000000000075996431390427, -1022];[1, 1.0000000000000000075996431390427, -1022];[1, 1.9999999999999998, -1];[1, 1.9999999999999998, -1];[1, 1.9999999999999998, -1];[1, 0.0, 0];RAISE:InvalidOperation;RAISE:InvalidOperation;RAISE:InvalidOperation;RAISE:InvalidOperation;[1, 0.0, 0];[1, 1.9999999999999998, -1];[1, 1.9999999999999998, -1];[1, 1.9999999999999998, -1];[1, 1.9999999999999998, -1];[1, 1.9999999999999998, -1];[1, 1.9999999999999998, -1];[1, 1.5999999999999984, -4];[1, 1.0, 0];[1, 1.0, 0];[1, 0.0, 0];[1, 1.8014398509481984, -54];RAISE:InvalidOperation;RAISE:InvalidOperation;RAISE:InvalidOperation;RAISE:InvalidOperation;[1, 1.8014398509481984, -54];[1, 0.0, 0];[1, 1.0, 0];[1, 1.0, 0];[1, 1.0, 0];[1, 1.0, 0];[1, 1.0, 0];[1, 0.0, 0];[1, 1.0000000000000002, 0];[1, 1.0000000000000002, 0];[1, 1.8014398509481984, -53];[1, 1.3510798882111488, -52];RAISE:InvalidOperation;RAISE:InvalidOperation;RAISE:InvalidOperation;RAISE:InvalidOperation;[1, 1.3510798882111488, -52];[1, 1.8014398509481984, -53];[1, 0.0, 0];[1, 1.0000000000000002, 0];[1, 1.0000000000000002, 0];[1, 1.0000000000000002, 0];[1, 1.0000000000000002, 0];[1, 1.8014398509481984, -53];[1, 1.5, 0];[1, 0.0, 0];[1, 1.0, -1];[1, 1.0000000000000002, -1];RAISE:InvalidOperation;RAISE:InvalidOperation;RAISE:InvalidOperation;RAISE:InvalidOperation;[1, 1.0000000000000002, -1];[1, 1.0, -1];[1, 1.9999999999999992, -2];[1, 0.0, 0];[1, 1.5, 0];[1, 1.5, 0];[1, 1.5, 0];[1, 0.0, 0];[1, 1.5707963267948965, 1];[1, 1.132741228718344, -3];[1, 1.132741228718344, -3];[1, 1.1327412287183464, -3];RAISE:InvalidOperation;RAISE:InvalidOperation;RAISE:InvalidOperation;RAISE:InvalidOperation;[1, 1.1327412287183464, -3];[1, 1.132741228718344, -3];[1, 1.1327412287183392, -3];[1, 1.132741228718344, -3];[1, 0.0, 0];[1, 1.5707963267948965, 1];[1, 1.5707963267948965, 1];[1, 1.330964914873376, -5];[1, 1.0, 53];[1, 1.0, -1];[1, 0.0, 0];[1, 1.8014398509481984, -1];RAISE:InvalidOperation;RAISE:InvalidOperation;RAISE:InvalidOperation;RAISE:InvalidOperation;[1, 1.8014398509481984, -1];[1, 0.0, 0];[1, 1.588481192414416, -3];[1, 1.0, -1];[1, 1.697641388435103, 0];[1, 0.0, 0];[1, 1.0, 53];[1, 0.0, 0];[1, 0.0, 0];RAISE:InvalidOperation;RAISE:InvalidOperation;RAISE:InvalidOperation;RAISE:InvalidOperation;RAISE:InvalidOperation;RAISE:InvalidOperation;RAISE:InvalidOperation;RAISE:InvalidOperation;RAISE:InvalidOperation;RAISE:InvalidOperation;RAISE:InvalidOperation;RAISE:InvalidOperation;RAISE:InvalidOperation;[1, 0.0, 0];RAISE:InvalidOperation;[1, 1.6, -4];[1, 1.6, -4];[1, 1.6, -4];[1, 1.6, -4];RAISE:InvalidOperation;RAISE:InvalidOperation;RAISE:InvalidOperation;RAISE:InvalidOperation;[1, 1.6, -4];[1, 1.6, -4];[1, 1.6, -4];[1, 1.6, -4];[1, 1.6, -4];[1, 1.6, -4];[1, 1.6, -4];[1, 0.0, 0]",180,76
A4_7_8,1,fractional|fractional,Decimal,Fraction,"fractional/L1/16:-max_finite,-1.5,-1.0,-(1.0-1ulp),-0.0,+0.0,+min_subnormal,+min_normal,1.0-1ulp,1.0,1.0+1ulp,1.5,pi,2^53,max_finite,0.1","fractional/L1/15:-max_finite,-1.5,-1.0,-(1.0-1ulp),+0.0,+min_subnormal,+min_normal,1.0-1ulp,1.0,1.0+1ulp,1.5,pi,2^53,max_finite,0.1",240,RAISE:TypeError;RAISE:TypeError;RAISE:TypeError;RAISE:TypeError;RAISE:TypeError;RAISE:TypeError;RAISE:TypeError;RAISE:TypeError;RAISE:TypeError;RAISE:TypeError;RAISE:TypeError;RAISE:TypeError;RAISE:TypeError;RAISE:TypeError;RAISE:TypeError;RAISE:TypeError;RAISE:TypeError;RAISE:TypeError;RAISE:TypeError;RAISE:TypeError;RAISE:TypeError;RAISE:TypeError;RAISE:TypeError;RAISE:TypeError;RAISE:TypeError;RAISE:TypeError;RAISE:TypeError;RAISE:TypeError;RAISE:TypeError;RAISE:TypeError;RAISE:TypeError;RAISE:TypeError;RAISE:TypeError;RAISE:TypeError;RAISE:TypeError;RAISE:TypeError;RAISE:TypeError;RAISE:TypeError;RAISE:TypeError;RAISE:TypeError;RAISE:TypeError;RAISE:TypeError;RAISE:TypeError;RAISE:TypeError;RAISE:TypeError;RAISE:TypeError;RAISE:TypeError;RAISE:TypeError;RAISE:TypeError;RAISE:TypeError;RAISE:TypeError;RAISE:TypeError;RAISE:TypeError;RAISE:TypeError;RAISE:TypeError;RAISE:TypeError;RAISE:TypeError;RAISE:TypeError;RAISE:TypeError;RAISE:TypeError;RAISE:TypeError;RAISE:TypeError;RAISE:TypeError;RAISE:TypeError;RAISE:TypeError;RAISE:TypeError;RAISE:TypeError;RAISE:TypeError;RAISE:TypeError;RAISE:TypeError;RAISE:TypeError;RAISE:TypeError;RAISE:TypeError;RAISE:TypeError;RAISE:TypeError;RAISE:TypeError;RAISE:TypeError;RAISE:TypeError;RAISE:TypeError;RAISE:TypeError;RAISE:TypeError;RAISE:TypeError;RAISE:TypeError;RAISE:TypeError;RAISE:TypeError;RAISE:TypeError;RAISE:TypeError;RAISE:TypeError;RAISE:TypeError;RAISE:TypeError;RAISE:TypeError;RAISE:TypeError;RAISE:TypeError;RAISE:TypeError;RAISE:TypeError;RAISE:TypeError;RAISE:TypeError;RAISE:TypeError;RAISE:TypeError;RAISE:TypeError;RAISE:TypeError;RAISE:TypeError;RAISE:TypeError;RAISE:TypeError;RAISE:TypeError;RAISE:TypeError;RAISE:TypeError;RAISE:TypeError;RAISE:TypeError;RAISE:TypeError;RAISE:TypeError;RAISE:TypeError;RAISE:TypeError;RAISE:TypeError;RAISE:TypeError;RAISE:TypeError;RAISE:TypeError;RAISE:TypeError;RAISE:TypeError;RAISE:TypeError;RAISE:TypeError;RAISE:TypeError;RAISE:TypeError;RAISE:TypeError;RAISE:TypeError;RAISE:TypeError;RAISE:TypeError;RAISE:TypeError;RAISE:TypeError;RAISE:TypeError;RAISE:TypeError;RAISE:TypeError;RAISE:TypeError;RAISE:TypeError;RAISE:TypeError;RAISE:TypeError;RAISE:TypeError;RAISE:TypeError;RAISE:TypeError;RAISE:TypeError;RAISE:TypeError;RAISE:TypeError;RAISE:TypeError;RAISE:TypeError;RAISE:TypeError;RAISE:TypeError;RAISE:TypeError;RAISE:TypeError;RAISE:TypeError;RAISE:TypeError;RAISE:TypeError;RAISE:TypeError;RAISE:TypeError;RAISE:TypeError;RAISE:TypeError;RAISE:TypeError;RAISE:TypeError;RAISE:TypeError;RAISE:TypeError;RAISE:TypeError;RAISE:TypeError;RAISE:TypeError;RAISE:TypeError;RAISE:TypeError;RAISE:TypeError;RAISE:TypeError;RAISE:TypeError;RAISE:TypeError;RAISE:TypeError;RAISE:TypeError;RAISE:TypeError;RAISE:TypeError;RAISE:TypeError;RAISE:TypeError;RAISE:TypeError;RAISE:TypeError;RAISE:TypeError;RAISE:TypeError;RAISE:TypeError;RAISE:TypeError;RAISE:TypeError;RAISE:TypeError;RAISE:TypeError;RAISE:TypeError;RAISE:TypeError;RAISE:TypeError;RAISE:TypeError;RAISE:TypeError;RAISE:TypeError;RAISE:TypeError;RAISE:TypeError;RAISE:TypeError;RAISE:TypeError;RAISE:TypeError;RAISE:TypeError;RAISE:TypeError;RAISE:TypeError;RAISE:TypeError;RAISE:TypeError;RAISE:TypeError;RAISE:TypeError;RAISE:TypeError;RAISE:TypeError;RAISE:TypeError;RAISE:TypeError;RAISE:TypeError;RAISE:TypeError;RAISE:TypeError;RAISE:TypeError;RAISE:TypeError;RAISE:TypeError;RAISE:TypeError;RAISE:TypeError;RAISE:TypeError;RAISE:TypeError;RAISE:TypeError;RAISE:TypeError;RAISE:TypeError;RAISE:TypeError;RAISE:TypeError;RAISE:TypeError;RAISE:TypeError;RAISE:TypeError;RAISE:TypeError;RAISE:TypeError;RAISE:TypeError;RAISE:TypeError;RAISE:TypeError;RAISE:TypeError;RAISE:TypeError;RAISE:TypeError;RAISE:TypeError;RAISE:TypeError;RAISE:TypeError;RAISE:TypeError;RAISE:TypeError;RAISE:TypeError;RAISE:TypeError;RAISE:TypeError;RAISE:TypeError,0,240
A4_8_1,1,fractional|truth,Fraction,bool,"fractional/L1/15:-max_finite,-1.5,-1.0,-(1.0-1ulp),+0.0,+min_subnormal,+min_normal,1.0-1ulp,1.0,1.0+1ulp,1.5,pi,2^53,max_finite,0.1","truth/L1/6:true,false,0,1,"""",nil",90,"[1, 0.0, 0];RAISE:ZeroDivisionError;RAISE:ZeroDivisionError;[1, 0.0, 0];RAISE:TypeError;RAISE:TypeError;[1, 1.0, -1];RAISE:ZeroDivisionError;RAISE:ZeroDivisionError;[1, 1.0, -1];RAISE:TypeError;RAISE:TypeError;[1, 0.0, 0];RAISE:ZeroDivisionError;RAISE:ZeroDivisionError;[1, 0.0, 0];RAISE:TypeError;RAISE:TypeError;[1, 1.0, -53];RAISE:ZeroDivisionError;RAISE:ZeroDivisionError;[1, 1.0, -53];RAISE:TypeError;RAISE:TypeError;[1, 0.0, 0];RAISE:ZeroDivisionError;RAISE:ZeroDivisionError;[1, 0.0, 0];RAISE:TypeError;RAISE:TypeError;[1, 1.0, -1074];RAISE:ZeroDivisionError;RAISE:ZeroDivisionError;[1, 1.0, -1074];RAISE:TypeError;RAISE:TypeError;[1, 1.0, -1022];RAISE:ZeroDivisionError;RAISE:ZeroDivisionError;[1, 1.0, -1022];RAISE:TypeError;RAISE:TypeError;[1, 1.9999999999999997779553950749687, -1];RAISE:ZeroDivisionError;RAISE:ZeroDivisionError;[1, 1.9999999999999997779553950749687, -1];RAISE:TypeError;RAISE:TypeError;[1, 0.0, 0];RAISE:ZeroDivisionError;RAISE:ZeroDivisionError;[1, 0.0, 0];RAISE:TypeError;RAISE:TypeError;[1, 1.0, -52];RAISE:ZeroDivisionError;RAISE:ZeroDivisionError;[1, 1.0, -52];RAISE:TypeError;RAISE:TypeError;[1, 1.0, -1];RAISE:ZeroDivisionError;RAISE:ZeroDivisionError;[1, 1.0, -1];RAISE:TypeError;RAISE:TypeError;[1, 1.1327412287183449279837077483535, -3];RAISE:ZeroDivisionError;RAISE:ZeroDivisionError;[1, 1.1327412287183449279837077483535, -3];RAISE:TypeError;RAISE:TypeError;[1, 0.0, 0];RAISE:ZeroDivisionError;RAISE:ZeroDivisionError;[1, 0.0, 0];RAISE:TypeError;RAISE:TypeError;[1, 0.0, 0];RAISE:ZeroDivisionError;RAISE:ZeroDivisionError;[1, 0.0, 0];RAISE:TypeError;RAISE:TypeError;[1, 1.6000000000000000888178419700125, -4];RAISE:ZeroDivisionError;RAISE:ZeroDivisionError;[1, 1.6000000000000000888178419700125, -4];RAISE:TypeError;RAISE:TypeError",30,60
A4_8_2,1,fractional|whole,Fraction,int,"fractional/L1/15:-max_finite,-1.5,-1.0,-(1.0-1ulp),+0.0,+min_subnormal,+min_normal,1.0-1ulp,1.0,1.0+1ulp,1.5,pi,2^53,max_finite,0.1","whole/L1/17:-2^63,-2^63+1,-2^53-1,-2^31,-42,-1,0,1,7,42,1000,2^31-1,2^31,2^53-1,2^53+1,2^63-1,2^64-1",255,"[1, 0.0, 0];[-1, 1.9999999999854622954095079157, 62];[-1, 1.9999999999417925611311375178047, 52];[1, 0.0, 0];[-1, 1.625, 4];[1, 0.0, 0];RAISE:ZeroDivisionError;[1, 0.0, 0];[1, 1.0, 1];[1, 1.0, 4];[1, 1.234375, 9];[1, 1.99609375, 9];[1, 0.0, 0];[1, 0.0, 0];[1, 1.0, 18];[1, 1.998046875, 25];[1, 1.9990234375, 10];[-1, 1.5, 0];[-1, 1.5, 0];[-1, 1.5, 0];[-1, 1.5, 0];[-1, 1.5, 0];[-1, 1.0, -1];RAISE:ZeroDivisionError;[1, 1.0, -1];[1, 1.375, 2];[1, 1.265625, 5];[1, 1.9501953125, 9];[1, 1.9999999976716935634613037109375, 30];[1, 1.9999999986030161380767822265625, 30];[1, 1.9999999999999994448884876874217, 52];[1, 1.9999999999999998889776975374843, 52];[1, 1.9999999999999999994578989137572, 62];[1, 1.9999999999999999997289494568786, 63];[-1, 1.0, 0];[-1, 1.0, 0];[-1, 1.0, 0];[-1, 1.0, 0];[-1, 1.0, 0];[1, 0.0, 0];RAISE:ZeroDivisionError;[1, 0.0, 0];[1, 1.5, 2];[1, 1.28125, 5];[1, 1.951171875, 9];[1, 1.99999999813735485076904296875, 30];[1, 1.999999999068677425384521484375, 30];[1, 1.9999999999999995559107901499374, 52];[1, 1.0, 53];[1, 1.9999999999999999995663191310058, 62];[1, 1.9999999999999999997831595655029, 63];[-1, 1.9999999999999997779553950749687, -1];[-1, 1.9999999999999997779553950749687, -1];[-1, 1.9999999999999997779553950749687, -1];[-1, 1.9999999999999997779553950749687, -1];[-1, 1.9999999999999997779553950749687, -1];[-1, 1.9999999999999997779553950749687, -1];RAISE:ZeroDivisionError;[1, 1.0, -53];[1, 1.5000000000000000277555756156289, 2];[1, 1.2812500000000000034694469519536, 5];[1, 1.9511718750000000002168404344971, 9];[1, 1.9999999981373548507690430721476, 30];[1, 1.9999999990686774253845215877726, 30];[1, 1.9999999999999995559107901499374, 52];[1, 1.0, 53];[1, 1.9999999999999999995663191310058, 62];[1, 1.9999999999999999997831595655029, 63];[1, 0.0, 0];[1, 0.0, 0];[1, 0.0, 0];[1, 0.0, 0];[1, 0.0, 0];[1, 0.0, 0];RAISE:ZeroDivisionError;[1, 0.0, 0];[1, 0.0, 0];[1, 0.0, 0];[1, 0.0, 0];[1, 0.0, 0];[1, 0.0, 0];[1, 0.0, 0];[1, 0.0, 0];[1, 0.0, 0];[1, 0.0, 0];[-1, 2.0, 62];[-1, 1.9999999999999999997831595655029, 62];[-1, 1.0000000000000001110223024625157, 53];[-1, 2.0, 30];[-1, 1.3125, 5];[-1, 2.0, -1];RAISE:ZeroDivisionError;[1, 1.0, -1074];[1, 1.0, -1074];[1, 1.0, -1074];[1, 1.0, -1074];[1, 1.0, -1074];[1, 1.0, -1074];[1, 1.0, -1074];[1, 1.0, -1074];[1, 1.0, -1074];[1, 1.0, -1074];[-1, 2.0, 62];[-1, 1.9999999999999999997831595655029, 62];[-1, 1.0000000000000001110223024625157, 53];[-1, 2.0, 30];[-1, 1.3125, 5];[-1, 2.0, -1];RAISE:ZeroDivisionError;[1, 1.0, -1022];[1, 1.0, -1022];[1, 1.0, -1022];[1, 1.0, -1022];[1, 1.0, -1022];[1, 1.0, -1022];[1, 1.0, -1022];[1, 1.0, -1022];[1, 1.0, -1022];[1, 1.0, -1022];[-1, 1.9999999999999999997831595655029, 62];[-1, 1.9999999999999999995663191310058, 62];[-1, 1.0, 53];[-1, 1.9999999990686774253845215877726, 30];[-1, 1.2812500000000000034694469519536, 5];[-1, 1.0, -53];RAISE:ZeroDivisionError;[1, 1.9999999999999997779553950749687, -1];[1, 1.9999999999999997779553950749687, -1];[1, 1.9999999999999997779553950749687, -1];[1, 1.9999999999999997779553950749687, -1];[1, 1.9999999999999997779553950749687, -1];[1, 1.9999999999999997779553950749687, -1];[1, 1.9999999999999997779553950749687, -1];[1, 1.9999999999999997779553950749687, -1];[1, 1.9999999999999997779553950749687, -1];[1, 1.9999999999999997779553950749687, -1];[-1, 1.9999999999999999997831595655029, 62];[-1, 1.9999999999999999995663191310058, 62];[-1, 1.0, 53];[-1, 1.999999999068677425384521484375, 30];[-1, 1.28125, 5];[1, 0.0, 0];RAISE:ZeroDivisionError;[1, 0.0, 0];[1, 1.0, 0];[1, 1.0, 0];[1, 1.0, 0];[1, 1.0, 0];[1, 1.0, 0];[1, 1.0, 0];[1, 1.0, 0];[1, 1.0, 0];[1, 1.0, 0];[-1, 1.9999999999999999997831595655029, 62];[-1, 1.9999999999999999995663191310058, 62];[-1, 2.0, 52];[-1, 1.9999999990686774253845212775798, 30];[-1, 1.2812499999999999930611060960928, 5];[-1, 1.9999999999999995559107901499374, -1];RAISE:ZeroDivisionError;[1, 1.0, -52];[1, 1.0000000000000002220446049250313, 0];[1, 1.0000000000000002220446049250313, 0];[1, 1.0000000000000002220446049250313, 0];[1, 1.0000000000000002220446049250313, 0];[1, 1.0000000000000002220446049250313, 0];[1, 1.0000000000000002220446049250313, 0];[1, 1.0000000000000002220446049250313, 0];[1, 1.0000000000000002220446049250313, 0];[1, 1.0000000000000002220446049250313, 0];[-1, 1.9999999999999999996747393482543, 62];[-1, 1.9999999999999999994578989137572, 62];[-1, 1.9999999999999998889776975374843, 52];[-1, 1.9999999986030161380767822265625, 30];[-1, 1.265625, 5];[-1, 1.0, -1];RAISE:ZeroDivisionError;[1, 1.0, -1];[1, 1.5, 0];[1, 1.5, 0];[1, 1.5, 0];[1, 1.5, 0];[1, 1.5, 0];[1, 1.5, 0];[1, 1.5, 0];[1, 1.5, 0];[1, 1.5, 0];[-1, 1.9999999999999999993187756839827, 62];[-1, 1.9999999999999999991019352494856, 62];[-1, 1.999999999999999524470905323305, 52];[-1, 1.9999999970741638414656807519514, 30];[-1, 1.214325229575318965125063641608, 5];[-1, 1.7168146928204137680040730629116, -1];RAISE:ZeroDivisionError;[1, 1.1327412287183449279837077483535, -3];[1, 1.5707963267948965579989817342721, 1];[1, 1.5707963267948965579989817342721, 1];[1, 1.5707963267948965579989817342721, 1];[1, 1.5707963267948965579989817342721, 1];[1, 1.5707963267948965579989817342721, 1];[1, 1.5707963267948965579989817342721, 1];[1, 1.5707963267948965579989817342721, 1];[1, 1.5707963267948965579989817342721, 1];[1, 1.5707963267948965579989817342721, 1];[-1, 1.998046875, 62];[-1, 1.9980468749999999997831595655029, 62];[-1, 1.0, 0];[1, 0.0, 0];[-1, 1.25, 3];[1, 0.0, 0];RAISE:ZeroDivisionError;[1, 0.0, 0];[1, 1.0, 2];[1, 1.0, 5];[1, 1.9375, 9];[1, 1.0, 22];[1, 0.0, 0];[1, 1.0, 0];[1, 1.0, 53];[1, 1.0, 53];[1, 1.0, 53];[1, 0.0, 0];[-1, 1.998046875, 25];[-1, 1.0, 18];[1, 0.0, 0];[-1, 1.0, 4];[1, 0.0, 0];RAISE:ZeroDivisionError;[1, 0.0, 0];[1, 1.25, 2];[1, 1.625, 4];[1, 1.4375, 8];[1, 1.999999047257006168365478515625, 30];[1, 0.0, 0];[1, 0.0, 0];[1, 1.9999999999417925611311375178047, 52];[1, 1.9999999999854622954095079157, 62];[1, 1.9999999999999997779553950749687, 63];[-1, 1.9999999999999999999783159565503, 62];[-1, 1.9999999999999999997614755220532, 62];[-1, 1.0000000000000000999200722162641, 53];[-1, 1.9999999999068677425384521432676, 30];[-1, 1.3093749999999999998265276524023, 5];[-1, 1.7999999999999999888977697537484, -1];RAISE:ZeroDivisionError;[1, 1.6000000000000000888178419700125, -4];[1, 1.6000000000000000888178419700125, -4];[1, 1.6000000000000000888178419700125, -4];[1, 1.6000000000000000888178419700125, -4];[1, 1.6000000000000000888178419700125, -4];[1, 1.6000000000000000888178419700125, -4];[1, 1.6000000000000000888178419700125, -4];[1, 1.6000000000000000888178419700125, -4];[1, 1.6000000000000000888178419700125, -4];[1, 1.6000000000000000888178419700125, -4]",240,15
A4_8_3,1,fractional|whole,Fraction,Decimal,"fractional/L1/15:-max_finite,-1.5,-1.0,-(1.0-1ulp),+0.0,+min_subnormal,+min_normal,1.0-1ulp,1.0,1.0+1ulp,1.5,pi,2^53,max_finite,0.1","whole/L1/17:-2^63,-2^63+1,-2^53-1,-2^31,-42,-1,0,1,7,42,1000,2^31-1,2^31,2^53-1,2^53+1,2^63-1,2^64-1",255,RAISE:TypeError;RAISE:TypeError;RAISE:TypeError;RAISE:TypeError;RAISE:TypeError;RAISE:TypeError;RAISE:TypeError;RAISE:TypeError;RAISE:TypeError;RAISE:TypeError;RAISE:TypeError;RAISE:TypeError;RAISE:TypeError;RAISE:TypeError;RAISE:TypeError;RAISE:TypeError;RAISE:TypeError;RAISE:TypeError;RAISE:TypeError;RAISE:TypeError;RAISE:TypeError;RAISE:TypeError;RAISE:TypeError;RAISE:TypeError;RAISE:TypeError;RAISE:TypeError;RAISE:TypeError;RAISE:TypeError;RAISE:TypeError;RAISE:TypeError;RAISE:TypeError;RAISE:TypeError;RAISE:TypeError;RAISE:TypeError;RAISE:TypeError;RAISE:TypeError;RAISE:TypeError;RAISE:TypeError;RAISE:TypeError;RAISE:TypeError;RAISE:TypeError;RAISE:TypeError;RAISE:TypeError;RAISE:TypeError;RAISE:TypeError;RAISE:TypeError;RAISE:TypeError;RAISE:TypeError;RAISE:TypeError;RAISE:TypeError;RAISE:TypeError;RAISE:TypeError;RAISE:TypeError;RAISE:TypeError;RAISE:TypeError;RAISE:TypeError;RAISE:TypeError;RAISE:TypeError;RAISE:TypeError;RAISE:TypeError;RAISE:TypeError;RAISE:TypeError;RAISE:TypeError;RAISE:TypeError;RAISE:TypeError;RAISE:TypeError;RAISE:TypeError;RAISE:TypeError;RAISE:TypeError;RAISE:TypeError;RAISE:TypeError;RAISE:TypeError;RAISE:TypeError;RAISE:TypeError;RAISE:TypeError;RAISE:TypeError;RAISE:TypeError;RAISE:TypeError;RAISE:TypeError;RAISE:TypeError;RAISE:TypeError;RAISE:TypeError;RAISE:TypeError;RAISE:TypeError;RAISE:TypeError;RAISE:TypeError;RAISE:TypeError;RAISE:TypeError;RAISE:TypeError;RAISE:TypeError;RAISE:TypeError;RAISE:TypeError;RAISE:TypeError;RAISE:TypeError;RAISE:TypeError;RAISE:TypeError;RAISE:TypeError;RAISE:TypeError;RAISE:TypeError;RAISE:TypeError;RAISE:TypeError;RAISE:TypeError;RAISE:TypeError;RAISE:TypeError;RAISE:TypeError;RAISE:TypeError;RAISE:TypeError;RAISE:TypeError;RAISE:TypeError;RAISE:TypeError;RAISE:TypeError;RAISE:TypeError;RAISE:TypeError;RAISE:TypeError;RAISE:TypeError;RAISE:TypeError;RAISE:TypeError;RAISE:TypeError;RAISE:TypeError;RAISE:TypeError;RAISE:TypeError;RAISE:TypeError;RAISE:TypeError;RAISE:TypeError;RAISE:TypeError;RAISE:TypeError;RAISE:TypeError;RAISE:TypeError;RAISE:TypeError;RAISE:TypeError;RAISE:TypeError;RAISE:TypeError;RAISE:TypeError;RAISE:TypeError;RAISE:TypeError;RAISE:TypeError;RAISE:TypeError;RAISE:TypeError;RAISE:TypeError;RAISE:TypeError;RAISE:TypeError;RAISE:TypeError;RAISE:TypeError;RAISE:TypeError;RAISE:TypeError;RAISE:TypeError;RAISE:TypeError;RAISE:TypeError;RAISE:TypeError;RAISE:TypeError;RAISE:TypeError;RAISE:TypeError;RAISE:TypeError;RAISE:TypeError;RAISE:TypeError;RAISE:TypeError;RAISE:TypeError;RAISE:TypeError;RAISE:TypeError;RAISE:TypeError;RAISE:TypeError;RAISE:TypeError;RAISE:TypeError;RAISE:TypeError;RAISE:TypeError;RAISE:TypeError;RAISE:TypeError;RAISE:TypeError;RAISE:TypeError;RAISE:TypeError;RAISE:TypeError;RAISE:TypeError;RAISE:TypeError;RAISE:TypeError;RAISE:TypeError;RAISE:TypeError;RAISE:TypeError;RAISE:TypeError;RAISE:TypeError;RAISE:TypeError;RAISE:TypeError;RAISE:TypeError;RAISE:TypeError;RAISE:TypeError;RAISE:TypeError;RAISE:TypeError;RAISE:TypeError;RAISE:TypeError;RAISE:TypeError;RAISE:TypeError;RAISE:TypeError;RAISE:TypeError;RAISE:TypeError;RAISE:TypeError;RAISE:TypeError;RAISE:TypeError;RAISE:TypeError;RAISE:TypeError;RAISE:TypeError;RAISE:TypeError;RAISE:TypeError;RAISE:TypeError;RAISE:TypeError;RAISE:TypeError;RAISE:TypeError;RAISE:TypeError;RAISE:TypeError;RAISE:TypeError;RAISE:TypeError;RAISE:TypeError;RAISE:TypeError;RAISE:TypeError;RAISE:TypeError;RAISE:TypeError;RAISE:TypeError;RAISE:TypeError;RAISE:TypeError;RAISE:TypeError;RAISE:TypeError;RAISE:TypeError;RAISE:TypeError;RAISE:TypeError;RAISE:TypeError;RAISE:TypeError;RAISE:TypeError;RAISE:TypeError;RAISE:TypeError;RAISE:TypeError;RAISE:TypeError;RAISE:TypeError;RAISE:TypeError;RAISE:TypeError;RAISE:TypeError;RAISE:TypeError;RAISE:TypeError;RAISE:TypeError;RAISE:TypeError;RAISE:TypeError;RAISE:TypeError;RAISE:TypeError;RAISE:TypeError;RAISE:TypeError;RAISE:TypeError;RAISE:TypeError;RAISE:TypeError;RAISE:TypeError;RAISE:TypeError;RAISE:TypeError;RAISE:TypeError;RAISE:TypeError;RAISE:TypeError;RAISE:TypeError;RAISE:TypeError;RAISE:TypeError;RAISE:TypeError,0,255
A4_8_4,1,fractional|whole,Fraction,Fraction,"fractional/L1/15:-max_finite,-1.5,-1.0,-(1.0-1ulp),+0.0,+min_subnormal,+min_normal,1.0-1ulp,1.0,1.0+1ulp,1.5,pi,2^53,max_finite,0.1","whole/L1/17:-2^63,-2^63+1,-2^53-1,-2^31,-42,-1,0,1,7,42,1000,2^31-1,2^31,2^53-1,2^53+1,2^63-1,2^64-1",255,"[1, 0.0, 0];[-1, 1.9999999999854622954095079157, 62];[-1, 1.9999999999417925611311375178047, 52];[1, 0.0, 0];[-1, 1.625, 4];[1, 0.0, 0];RAISE:ZeroDivisionError;[1, 0.0, 0];[1, 1.0, 1];[1, 1.0, 4];[1, 1.234375, 9];[1, 1.99609375, 9];[1, 0.0, 0];[1, 0.0, 0];[1, 1.0, 18];[1, 1.998046875, 25];[1, 1.9990234375, 10];[-1, 1.5, 0];[-1, 1.5, 0];[-1, 1.5, 0];[-1, 1.5, 0];[-1, 1.5, 0];[-1, 1.0, -1];RAISE:ZeroDivisionError;[1, 1.0, -1];[1, 1.375, 2];[1, 1.265625, 5];[1, 1.9501953125, 9];[1, 1.9999999976716935634613037109375, 30];[1, 1.9999999986030161380767822265625, 30];[1, 1.9999999999999994448884876874217, 52];[1, 1.9999999999999998889776975374843, 52];[1, 1.9999999999999999994578989137572, 62];[1, 1.9999999999999999997289494568786, 63];[-1, 1.0, 0];[-1, 1.0, 0];[-1, 1.0, 0];[-1, 1.0, 0];[-1, 1.0, 0];[1, 0.0, 0];RAISE:ZeroDivisionError;[1, 0.0, 0];[1, 1.5, 2];[1, 1.28125, 5];[1, 1.951171875, 9];[1, 1.99999999813735485076904296875, 30];[1, 1.999999999068677425384521484375, 30];[1, 1.9999999999999995559107901499374, 52];[1, 1.0, 53];[1, 1.9999999999999999995663191310058, 62];[1, 1.9999999999999999997831595655029, 63];[-1, 1.9999999999999997779553950749687, -1];[-1, 1.9999999999999997779553950749687, -1];[-1, 1.9999999999999997779553950749687, -1];[-1, 1.9999999999999997779553950749687, -1];[-1, 1.9999999999999997779553950749687, -1];[-1, 1.9999999999999997779553950749687, -1];RAISE:ZeroDivisionError;[1, 1.0, -53];[1, 1.5000000000000000277555756156289, 2];[1, 1.2812500000000000034694469519536, 5];[1, 1.9511718750000000002168404344971, 9];[1, 1.9999999981373548507690430721476, 30];[1, 1.9999999990686774253845215877726, 30];[1, 1.9999999999999995559107901499374, 52];[1, 1.0, 53];[1, 1.9999999999999999995663191310058, 62];[1, 1.9999999999999999997831595655029, 63];[1, 0.0, 0];[1, 0.0, 0];[1, 0.0, 0];[1, 0.0, 0];[1, 0.0, 0];[1, 0.0, 0];RAISE:ZeroDivisionError;[1, 0.0, 0];[1, 0.0, 0];[1, 0.0, 0];[1, 0.0, 0];[1, 0.0, 0];[1, 0.0, 0];[1, 0.0, 0];[1, 0.0, 0];[1, 0.0, 0];[1, 0.0, 0];[-1, 2.0, 62];[-1, 1.9999999999999999997831595655029, 62];[-1, 1.0000000000000001110223024625157, 53];[-1, 2.0, 30];[-1, 1.3125, 5];[-1, 2.0, -1];RAISE:ZeroDivisionError;[1, 1.0, -1074];[1, 1.0, -1074];[1, 1.0, -1074];[1, 1.0, -1074];[1, 1.0, -1074];[1, 1.0, -1074];[1, 1.0, -1074];[1, 1.0, -1074];[1, 1.0, -1074];[1, 1.0, -1074];[-1, 2.0, 62];[-1, 1.9999999999999999997831595655029, 62];[-1, 1.0000000000000001110223024625157, 53];[-1, 2.0, 30];[-1, 1.3125, 5];[-1, 2.0, -1];RAISE:ZeroDivisionError;[1, 1.0, -1022];[1, 1.0, -1022];[1, 1.0, -1022];[1, 1.0, -1022];[1, 1.0, -1022];[1, 1.0, -1022];[1, 1.0, -1022];[1, 1.0, -1022];[1, 1.0, -1022];[1, 1.0, -1022];[-1, 1.9999999999999999997831595655029, 62];[-1, 1.9999999999999999995663191310058, 62];[-1, 1.0, 53];[-1, 1.9999999990686774253845215877726, 30];[-1, 1.2812500000000000034694469519536, 5];[-1, 1.0, -53];RAISE:ZeroDivisionError;[1, 1.9999999999999997779553950749687, -1];[1, 1.9999999999999997779553950749687, -1];[1, 1.9999999999999997779553950749687, -1];[1, 1.9999999999999997779553950749687, -1];[1, 1.9999999999999997779553950749687, -1];[1, 1.9999999999999997779553950749687, -1];[1, 1.9999999999999997779553950749687, -1];[1, 1.9999999999999997779553950749687, -1];[1, 1.9999999999999997779553950749687, -1];[1, 1.9999999999999997779553950749687, -1];[-1, 1.9999999999999999997831595655029, 62];[-1, 1.9999999999999999995663191310058, 62];[-1, 1.0, 53];[-1, 1.999999999068677425384521484375, 30];[-1, 1.28125, 5];[1, 0.0, 0];RAISE:ZeroDivisionError;[1, 0.0, 0];[1, 1.0, 0];[1, 1.0, 0];[1, 1.0, 0];[1, 1.0, 0];[1, 1.0, 0];[1, 1.0, 0];[1, 1.0, 0];[1, 1.0, 0];[1, 1.0, 0];[-1, 1.9999999999999999997831595655029, 62];[-1, 1.9999999999999999995663191310058, 62];[-1, 2.0, 52];[-1, 1.9999999990686774253845212775798, 30];[-1, 1.2812499999999999930611060960928, 5];[-1, 1.9999999999999995559107901499374, -1];RAISE:ZeroDivisionError;[1, 1.0, -52];[1, 1.0000000000000002220446049250313, 0];[1, 1.0000000000000002220446049250313, 0];[1, 1.0000000000000002220446049250313, 0];[1, 1.0000000000000002220446049250313, 0];[1, 1.0000000000000002220446049250313, 0];[1, 1.0000000000000002220446049250313, 0];[1, 1.0000000000000002220446049250313, 0];[1, 1.0000000000000002220446049250313, 0];[1, 1.0000000000000002220446049250313, 0];[-1, 1.9999999999999999996747393482543, 62];[-1, 1.9999999999999999994578989137572, 62];[-1, 1.9999999999999998889776975374843, 52];[-1, 1.9999999986030161380767822265625, 30];[-1, 1.265625, 5];[-1, 1.0, -1];RAISE:ZeroDivisionError;[1, 1.0, -1];[1, 1.5, 0];[1, 1.5, 0];[1, 1.5, 0];[1, 1.5, 0];[1, 1.5, 0];[1, 1.5, 0];[1, 1.5, 0];[1, 1.5, 0];[1, 1.5, 0];[-1, 1.9999999999999999993187756839827, 62];[-1, 1.9999999999999999991019352494856, 62];[-1, 1.999999999999999524470905323305, 52];[-1, 1.9999999970741638414656807519514, 30];[-1, 1.214325229575318965125063641608, 5];[-1, 1.7168146928204137680040730629116, -1];RAISE:ZeroDivisionError;[1, 1.1327412287183449279837077483535, -3];[1, 1.5707963267948965579989817342721, 1];[1, 1.5707963267948965579989817342721, 1];[1, 1.5707963267948965579989817342721, 1];[1, 1.5707963267948965579989817342721, 1];[1, 1.5707963267948965579989817342721, 1];[1, 1.5707963267948965579989817342721, 1];[1, 1.5707963267948965579989817342721, 1];[1, 1.5707963267948965579989817342721, 1];[1, 1.5707963267948965579989817342721, 1];[-1, 1.998046875, 62];[-1, 1.9980468749999999997831595655029, 62];[-1, 1.0, 0];[1, 0.0, 0];[-1, 1.25, 3];[1, 0.0, 0];RAISE:ZeroDivisionError;[1, 0.0, 0];[1, 1.0, 2];[1, 1.0, 5];[1, 1.9375, 9];[1, 1.0, 22];[1, 0.0, 0];[1, 1.0, 0];[1, 1.0, 53];[1, 1.0, 53];[1, 1.0, 53];[1, 0.0, 0];[-1, 1.998046875, 25];[-1, 1.0, 18];[1, 0.0, 0];[-1, 1.0, 4];[1, 0.0, 0];RAISE:ZeroDivisionError;[1, 0.0, 0];[1, 1.25, 2];[1, 1.625, 4];[1, 1.4375, 8];[1, 1.999999047257006168365478515625, 30];[1, 0.0, 0];[1, 0.0, 0];[1, 1.9999999999417925611311375178047, 52];[1, 1.9999999999854622954095079157, 62];[1, 1.9999999999999997779553950749687, 63];[-1, 1.9999999999999999999783159565503, 62];[-1, 1.9999999999999999997614755220532, 62];[-1, 1.0000000000000000999200722162641, 53];[-1, 1.9999999999068677425384521432676, 30];[-1, 1.3093749999999999998265276524023, 5];[-1, 1.7999999999999999888977697537484, -1];RAISE:ZeroDivisionError;[1, 1.6000000000000000888178419700125, -4];[1, 1.6000000000000000888178419700125, -4];[1, 1.6000000000000000888178419700125, -4];[1, 1.6000000000000000888178419700125, -4];[1, 1.6000000000000000888178419700125, -4];[1, 1.6000000000000000888178419700125, -4];[1, 1.6000000000000000888178419700125, -4];[1, 1.6000000000000000888178419700125, -4];[1, 1.6000000000000000888178419700125, -4];[1, 1.6000000000000000888178419700125, -4]",240,15
A4_8_5,1,fractional|whole,Fraction,c_int64,"fractional/L1/15:-max_finite,-1.5,-1.0,-(1.0-1ulp),+0.0,+min_subnormal,+min_normal,1.0-1ulp,1.0,1.0+1ulp,1.5,pi,2^53,max_finite,0.1","whole/L1/16:-2^63,-2^63+1,-2^53-1,-2^31,-42,-1,0,1,7,42,1000,2^31-1,2^31,2^53-1,2^53+1,2^63-1",240,"[1, 0.0, 0];[-1, 1.9999999999854622954095079157, 62];[-1, 1.9999999999417925611311375178047, 52];[1, 0.0, 0];[-1, 1.625, 4];[1, 0.0, 0];RAISE:ZeroDivisionError;[1, 0.0, 0];[1, 1.0, 1];[1, 1.0, 4];[1, 1.234375, 9];[1, 1.99609375, 9];[1, 0.0, 0];[1, 0.0, 0];[1, 1.0, 18];[1, 1.998046875, 25];[-1, 1.5, 0];[-1, 1.5, 0];[-1, 1.5, 0];[-1, 1.5, 0];[-1, 1.5, 0];[-1, 1.0, -1];RAISE:ZeroDivisionError;[1, 1.0, -1];[1, 1.375, 2];[1, 1.265625, 5];[1, 1.9501953125, 9];[1, 1.9999999976716935634613037109375, 30];[1, 1.9999999986030161380767822265625, 30];[1, 1.9999999999999994448884876874217, 52];[1, 1.9999999999999998889776975374843, 52];[1, 1.9999999999999999994578989137572, 62];[-1, 1.0, 0];[-1, 1.0, 0];[-1, 1.0, 0];[-1, 1.0, 0];[-1, 1.0, 0];[1, 0.0, 0];RAISE:ZeroDivisionError;[1, 0.0, 0];[1, 1.5, 2];[1, 1.28125, 5];[1, 1.951171875, 9];[1, 1.99999999813735485076904296875, 30];[1, 1.999999999068677425384521484375, 30];[1, 1.9999999999999995559107901499374, 52];[1, 1.0, 53];[1, 1.9999999999999999995663191310058, 62];[-1, 1.9999999999999997779553950749687, -1];[-1, 1.9999999999999997779553950749687, -1];[-1, 1.9999999999999997779553950749687, -1];[-1, 1.9999999999999997779553950749687, -1];[-1, 1.9999999999999997779553950749687, -1];[-1, 1.9999999999999997779553950749687, -1];RAISE:ZeroDivisionError;[1, 1.0, -53];[1, 1.5000000000000000277555756156289, 2];[1, 1.2812500000000000034694469519536, 5];[1, 1.9511718750000000002168404344971, 9];[1, 1.9999999981373548507690430721476, 30];[1, 1.9999999990686774253845215877726, 30];[1, 1.9999999999999995559107901499374, 52];[1, 1.0, 53];[1, 1.9999999999999999995663191310058, 62];[1, 0.0, 0];[1, 0.0, 0];[1, 0.0, 0];[1, 0.0, 0];[1, 0.0, 0];[1, 0.0, 0];RAISE:ZeroDivisionError;[1, 0.0, 0];[1, 0.0, 0];[1, 0.0, 0];[1, 0.0, 0];[1, 0.0, 0];[1, 0.0, 0];[1, 0.0, 0];[1, 0.0, 0];[1, 0.0, 0];[-1, 2.0, 62];[-1, 1.9999999999999999997831595655029, 62];[-1, 1.0000000000000001110223024625157, 53];[-1, 2.0, 30];[-1, 1.3125, 5];[-1, 2.0, -1];RAISE:ZeroDivisionError;[1, 1.0, -1074];[1, 1.0, -1074];[1, 1.0, -1074];[1, 1.0, -1074];[1, 1.0, -1074];[1, 1.0, -1074];[1, 1.0, -1074];[1, 1.0, -1074];[1, 1.0, -1074];[-1, 2.0, 62];[-1, 1.9999999999999999997831595655029, 62];[-1, 1.0000000000000001110223024625157, 53];[-1, 2.0, 30];[-1, 1.3125, 5];[-1, 2.0, -1];RAISE:ZeroDivisionError;[1, 1.0, -1022];[1, 1.0, -1022];[1, 1.0, -1022];[1, 1.0, -1022];[1, 1.0, -1022];[1, 1.0, -1022];[1, 1.0, -1022];[1, 1.0, -1022];[1, 1.0, -1022];[-1, 1.9999999999999999997831595655029, 62];[-1, 1.9999999999999999995663191310058, 62];[-1, 1.0, 53];[-1, 1.9999999990686774253845215877726, 30];[-1, 1.2812500000000000034694469519536, 5];[-1, 1.0, -53];RAISE:ZeroDivisionError;[1, 1.9999999999999997779553950749687, -1];[1, 1.9999999999999997779553950749687, -1];[1, 1.9999999999999997779553950749687, -1];[1, 1.9999999999999997779553950749687, -1];[1, 1.9999999999999997779553950749687, -1];[1, 1.9999999999999997779553950749687, -1];[1, 1.9999999999999997779553950749687, -1];[1, 1.9999999999999997779553950749687, -1];[1, 1.9999999999999997779553950749687, -1];[-1, 1.9999999999999999997831595655029, 62];[-1, 1.9999999999999999995663191310058, 62];[-1, 1.0, 53];[-1, 1.999999999068677425384521484375, 30];[-1, 1.28125, 5];[1, 0.0, 0];RAISE:ZeroDivisionError;[1, 0.0, 0];[1, 1.0, 0];[1, 1.0, 0];[1, 1.0, 0];[1, 1.0, 0];[1, 1.0, 0];[1, 1.0, 0];[1, 1.0, 0];[1, 1.0, 0];[-1, 1.9999999999999999997831595655029, 62];[-1, 1.9999999999999999995663191310058, 62];[-1, 2.0, 52];[-1, 1.9999999990686774253845212775798, 30];[-1, 1.2812499999999999930611060960928, 5];[-1, 1.9999999999999995559107901499374, -1];RAISE:ZeroDivisionError;[1, 1.0, -52];[1, 1.0000000000000002220446049250313, 0];[1, 1.0000000000000002220446049250313, 0];[1, 1.0000000000000002220446049250313, 0];[1, 1.0000000000000002220446049250313, 0];[1, 1.0000000000000002220446049250313, 0];[1, 1.0000000000000002220446049250313, 0];[1, 1.0000000000000002220446049250313, 0];[1, 1.0000000000000002220446049250313, 0];[-1, 1.9999999999999999996747393482543, 62];[-1, 1.9999999999999999994578989137572, 62];[-1, 1.9999999999999998889776975374843, 52];[-1, 1.9999999986030161380767822265625, 30];[-1, 1.265625, 5];[-1, 1.0, -1];RAISE:ZeroDivisionError;[1, 1.0, -1];[1, 1.5, 0];[1, 1.5, 0];[1, 1.5, 0];[1, 1.5, 0];[1, 1.5, 0];[1, 1.5, 0];[1, 1.5, 0];[1, 1.5, 0];[-1, 1.9999999999999999993187756839827, 62];[-1, 1.9999999999999999991019352494856, 62];[-1, 1.999999999999999524470905323305, 52];[-1, 1.9999999970741638414656807519514, 30];[-1, 1.214325229575318965125063641608, 5];[-1, 1.7168146928204137680040730629116, -1];RAISE:ZeroDivisionError;[1, 1.1327412287183449279837077483535, -3];[1, 1.5707963267948965579989817342721, 1];[1, 1.5707963267948965579989817342721, 1];[1, 1.5707963267948965579989817342721, 1];[1, 1.5707963267948965579989817342721, 1];[1, 1.5707963267948965579989817342721, 1];[1, 1.5707963267948965579989817342721, 1];[1, 1.5707963267948965579989817342721, 1];[1, 1.5707963267948965579989817342721, 1];[-1, 1.998046875, 62];[-1, 1.9980468749999999997831595655029, 62];[-1, 1.0, 0];[1, 0.0, 0];[-1, 1.25, 3];[1, 0.0, 0];RAISE:ZeroDivisionError;[1, 0.0, 0];[1, 1.0, 2];[1, 1.0, 5];[1, 1.9375, 9];[1, 1.0, 22];[1, 0.0, 0];[1, 1.0, 0];[1, 1.0, 53];[1, 1.0, 53];[1, 0.0, 0];[-1, 1.998046875, 25];[-1, 1.0, 18];[1, 0.0, 0];[-1, 1.0, 4];[1, 0.0, 0];RAISE:ZeroDivisionError;[1, 0.0, 0];[1, 1.25, 2];[1, 1.625, 4];[1, 1.4375, 8];[1, 1.999999047257006168365478515625, 30];[1, 0.0, 0];[1, 0.0, 0];[1, 1.9999999999417925611311375178047, 52];[1, 1.9999999999854622954095079157, 62];[-1, 1.9999999999999999999783159565503, 62];[-1, 1.9999999999999999997614755220532, 62];[-1, 1.0000000000000000999200722162641, 53];[-1, 1.9999999999068677425384521432676, 30];[-1, 1.3093749999999999998265276524023, 5];[-1, 1.7999999999999999888977697537484, -1];RAISE:ZeroDivisionError;[1, 1.6000000000000000888178419700125, -4];[1, 1.6000000000000000888178419700125, -4];[1, 1.6000000000000000888178419700125, -4];[1, 1.6000000000000000888178419700125, -4];[1, 1.6000000000000000888178419700125, -4];[1, 1.6000000000000000888178419700125, -4];[1, 1.6000000000000000888178419700125, -4];[1, 1.6000000000000000888178419700125, -4];[1, 1.6000000000000000888178419700125, -4]",225,15
A4_8_6,1,fractional|fractional,Fraction,float,"fractional/L1/15:-max_finite,-1.5,-1.0,-(1.0-1ulp),+0.0,+min_subnormal,+min_normal,1.0-1ulp,1.0,1.0+1ulp,1.5,pi,2^53,max_finite,0.1","fractional/L1/16:-max_finite,-1.5,-1.0,-(1.0-1ulp),-0.0,+0.0,+min_subnormal,+min_normal,1.0-1ulp,1.0,1.0+1ulp,1.5,pi,2^53,max_finite,0.1",240,"[-1, 0.0, 0];[-1, 1.0, -1];[-1, 0.0, 0];[-1, 0.0, 0];RAISE:ZeroDivisionError;RAISE:ZeroDivisionError;[1, 0.0, 0];[1, 0.0, 0];[1, 0.0, 0];[1, 0.0, 0];[1, 1.9999542236328129440892098500626, -1];[1, 1.0, 0];[1, 1.2804697507348397067516998504288, 1];[1, 0.0, 0];[1, 0.0, 0];[1, 1.5999999999999987565502124198247, -5];[-1, 1.5, 0];[-1, 0.0, 0];[-1, 1.0, -1];[-1, 1.0000000000000002220446049250313, -1];RAISE:ZeroDivisionError;RAISE:ZeroDivisionError;[1, 0.0, 0];[1, 0.0, 0];[1, 1.9999999999999991118215802998748, -2];[1, 1.0, -1];[1, 1.0000000000000008881784197001252, -1];[1, 0.0, 0];[1, 1.6415926535897931159979634685442, 0];[1, 1.9999999999999995559107901499374, 52];[1, 1.9999999999999997779553950749687, 1023];[1, 1.5, -54];[-1, 1.0, 0];[-1, 1.0, 0];[-1, 0.0, 0];[-1, 1.0, -53];RAISE:ZeroDivisionError;RAISE:ZeroDivisionError;[1, 0.0, 0];[1, 0.0, 0];[1, 1.9999999999999995559107901499374, -1];[1, 0.0, 0];[1, 1.0, -52];[1, 1.0, -1];[1, 1.0707963267948965579989817342721, 1];[1, 1.9999999999999997779553950749687, 52];[1, 1.9999999999999997779553950749687, 1023];[1, 1.0, -54];[-1, 1.9999999999999997779553950749687, -1];[-1, 1.9999999999999997779553950749687, -1];[-1, 1.9999999999999997779553950749687, -1];[-1, 0.0, 0];RAISE:ZeroDivisionError;RAISE:ZeroDivisionError;[1, 0.0, 0];[1, 0.0, 0];[1, 0.0, 0];[1, 1.0, -53];[1, 1.5, -52];[1, 1.0000000000000002220446049250313, -1];[1, 1.0707963267948965579989817342721, 1];[1, 1.9999999999999997779553950749687, 52];[1, 1.9999999999999997779553950749687, 1023];[1, 1.5, -53];[-1, 0.0, 0];[-1, 0.0, 0];[-1, 0.0, 0];[-1, 0.0, 0];RAISE:ZeroDivisionError;RAISE:ZeroDivisionError;[1, 0.0, 0];[1, 0.0, 0];[1, 0.0, 0];[1, 0.0, 0];[1, 0.0, 0];[1, 0.0, 0];[1, 0.0, 0];[1, 0.0, 0];[1, 0.0, 0];[1, 0.0, 0];[-1, 1.9999999999999997779553950749687, 1023];[-1, 1.5, 0];[-1, 1.0, 0];[-1, 1.9999999999999997779553950749687, -1];RAISE:ZeroDivisionError;RAISE:ZeroDivisionError;[1, 0.0, 0];[1, 1.0, -1074];[1, 1.0, -1074];[1, 1.0, -1074];[1, 1.0, -1074];[1, 1.0, -1074];[1, 1.0, -1074];[1, 1.0, -1074];[1, 1.0, -1074];[1, 1.0, -1074];[-1, 1.9999999999999997779553950749687, 1023];[-1, 1.5, 0];[-1, 1.0, 0];[-1, 1.9999999999999997779553950749687, -1];RAISE:ZeroDivisionError;RAISE:ZeroDivisionError;[1, 0.0, 0];[1, 0.0, 0];[1, 1.0, -1022];[1, 1.0, -1022];[1, 1.0, -1022];[1, 1.0, -1022];[1, 1.0, -1022];[1, 1.0, -1022];[1, 1.0, -1022];[1, 1.0, -1022];[-1, 1.9999999999999997779553950749687, 1023];[-1, 1.0000000000000002220446049250313, -1];[-1, 1.0, -53];[-1, 0.0, 0];RAISE:ZeroDivisionError;RAISE:ZeroDivisionError;[1, 0.0, 0];[1, 0.0, 0];[1, 0.0, 0];[1, 1.9999999999999997779553950749687, -1];[1, 1.9999999999999997779553950749687, -1];[1, 1.9999999999999997779553950749687, -1];[1, 1.9999999999999997779553950749687, -1];[1, 1.9999999999999997779553950749687, -1];[1, 1.9999999999999997779553950749687, -1];[1, 1.5999999999999974242825828696368, -4];[-1, 1.9999999999999997779553950749687, 1023];[-1, 1.0, -1];[-1, 0.0, 0];[-1, 1.9999999999999995559107901499374, -1];RAISE:ZeroDivisionError;RAISE:ZeroDivisionError;[1, 0.0, 0];[1, 0.0, 0];[1, 1.0, -53];[1, 0.0, 0];[1, 1.0, 0];[1, 1.0, 0];[1, 1.0, 0];[1, 1.0, 0];[1, 1.0, 0];[1, 1.5999999999999992006394222698873, -4];[-1, 1.9999999999999997779553950749687, 1023];[-1, 1.9999999999999991118215802998748, -2];[-1, 1.9999999999999995559107901499374, -1];[-1, 1.9999999999999991118215802998748, -1];RAISE:ZeroDivisionError;RAISE:ZeroDivisionError;[1, 0.0, 0];[1, 0.0, 0];[1, 1.5, -52];[1, 1.0, -52];[1, 0.0, 0];[1, 1.0000000000000002220446049250313, 0];[1, 1.0000000000000002220446049250313, 0];[1, 1.0000000000000002220446049250313, 0];[1, 1.0000000000000002220446049250313, 0];[1, 1.5, -53];[-1, 1.9999999999999997779553950749687, 1023];[-1, 0.0, 0];[-1, 1.0, -1];[-1, 1.9999999999999991118215802998748, -2];RAISE:ZeroDivisionError;RAISE:ZeroDivisionError;[1, 0.0, 0];[1, 0.0, 0];[1, 1.0000000000000002220446049250313, -1];[1, 1.0, -1];[1, 1.9999999999999991118215802998748, -2];[1, 0.0, 0];[1, 1.5, 0];[1, 1.5, 0];[1, 1.5, 0];[1, 1.5999999999999987565502124198247, -4];[-1, 1.9999999999999997779553950749687, 1023];[-1, 1.3584073464102068840020365314558, 0];[-1, 1.7168146928204137680040730629116, -1];[-1, 1.7168146928204128798256533627864, -1];RAISE:ZeroDivisionError;RAISE:ZeroDivisionError;[1, 0.0, 0];[1, 0.0, 0];[1, 1.1327412287183475925189668487292, -3];[1, 1.1327412287183449279837077483535, -3];[1, 1.1327412287183395989131895476021, -3];[1, 1.1327412287183449279837077483535, -3];[1, 0.0, 0];[1, 1.5707963267948965579989817342721, 1];[1, 1.5707963267948965579989817342721, 1];[1, 1.3309649148733742052286288526375, -5];[-1, 1.9999999999999997779553950749687, 1023];[-1, 1.0, 0];[-1, 0.0, 0];[-1, 1.9999999999999995559107901499374, -1];RAISE:ZeroDivisionError;RAISE:ZeroDivisionError;[1, 0.0, 0];[1, 0.0, 0];[1, 1.0, -53];[1, 0.0, 0];[1, 1.0, -51];[1, 1.0, -1];[1, 1.3650658812599552049960038857535, 0];[1, 0.0, 0];[1, 1.0, 53];[1, 1.0, -55];[-1, 0.0, 0];[-1, 1.0, 0];[-1, 0.0, 0];[-1, 0.0, 0];RAISE:ZeroDivisionError;RAISE:ZeroDivisionError;[1, 0.0, 0];[1, 0.0, 0];[1, 0.0, 0];[1, 0.0, 0];[1, 1.5, -16];[1, 1.0, -1];[1, 1.161306304240227404989127535373, -1];[1, 0.0, 0];[1, 0.0, 0];[1, 1.6000000000000014210854715202004, -5];[-1, 1.9999999999999997779553950749687, 1023];[-1, 1.3999999999999999111821580299875, 0];[-1, 1.8000000000000000444089209850063, -1];[-1, 1.799999999999999822364316059975, -1];RAISE:ZeroDivisionError;RAISE:ZeroDivisionError;[1, 0.0, 0];[1, 0.0, 0];[1, 1.6000000000000000888178419700125, -4];[1, 1.6000000000000000888178419700125, -4];[1, 1.6000000000000000888178419700125, -4];[1, 1.6000000000000000888178419700125, -4];[1, 1.6000000000000000888178419700125, -4];[1, 1.6000000000000000888178419700125, -4];[1, 1.6000000000000000888178419700125, -4];[1, 0.0, 0]",210,30
A4_8_7,1,fractional|fractional,Fraction,Decimal,"fractional/L1/15:-max_finite,-1.5,-1.0,-(1.0-1ulp),+0.0,+min_subnormal,+min_normal,1.0-1ulp,1.0,1.0+1ulp,1.5,pi,2^53,max_finite,0.1","fractional/L1/16:-max_finite,-1.5,-1.0,-(1.0-1ulp),-0.0,+0.0,+min_subnormal,+min_normal,1.0-1ulp,1.0,1.0+1ulp,1.5,pi,2^53,max_finite,0.1",240,RAISE:TypeError;RAISE:TypeError;RAISE:TypeError;RAISE:TypeError;RAISE:TypeError;RAISE:TypeError;RAISE:TypeError;RAISE:TypeError;RAISE:TypeError;RAISE:TypeError;RAISE:TypeError;RAISE:TypeError;RAISE:TypeError;RAISE:TypeError;RAISE:TypeError;RAISE:TypeError;RAISE:TypeError;RAISE:TypeError;RAISE:TypeError;RAISE:TypeError;RAISE:TypeError;RAISE:TypeError;RAISE:TypeError;RAISE:TypeError;RAISE:TypeError;RAISE:TypeError;RAISE:TypeError;RAISE:TypeError;RAISE:TypeError;RAISE:TypeError;RAISE:TypeError;RAISE:TypeError;RAISE:TypeError;RAISE:TypeError;RAISE:TypeError;RAISE:TypeError;RAISE:TypeError;RAISE:TypeError;RAISE:TypeError;RAISE:TypeError;RAISE:TypeError;RAISE:TypeError;RAISE:TypeError;RAISE:TypeError;RAISE:TypeError;RAISE:TypeError;RAISE:TypeError;RAISE:TypeError;RAISE:TypeError;RAISE:TypeError;RAISE:TypeError;RAISE:TypeError;RAISE:TypeError;RAISE:TypeError;RAISE:TypeError;RAISE:TypeError;RAISE:TypeError;RAISE:TypeError;RAISE:TypeError;RAISE:TypeError;RAISE:TypeError;RAISE:TypeError;RAISE:TypeError;RAISE:TypeError;RAISE:TypeError;RAISE:TypeError;RAISE:TypeError;RAISE:TypeError;RAISE:TypeError;RAISE:TypeError;RAISE:TypeError;RAISE:TypeError;RAISE:TypeError;RAISE:TypeError;RAISE:TypeError;RAISE:TypeError;RAISE:TypeError;RAISE:TypeError;RAISE:TypeError;RAISE:TypeError;RAISE:TypeError;RAISE:TypeError;RAISE:TypeError;RAISE:TypeError;RAISE:TypeError;RAISE:TypeError;RAISE:TypeError;RAISE:TypeError;RAISE:TypeError;RAISE:TypeError;RAISE:TypeError;RAISE:TypeError;RAISE:TypeError;RAISE:TypeError;RAISE:TypeError;RAISE:TypeError;RAISE:TypeError;RAISE:TypeError;RAISE:TypeError;RAISE:TypeError;RAISE:TypeError;RAISE:TypeError;RAISE:TypeError;RAISE:TypeError;RAISE:TypeError;RAISE:TypeError;RAISE:TypeError;RAISE:TypeError;RAISE:TypeError;RAISE:TypeError;RAISE:TypeError;RAISE:TypeError;RAISE:TypeError;RAISE:TypeError;RAISE:TypeError;RAISE:TypeError;RAISE:TypeError;RAISE:TypeError;RAISE:TypeError;RAISE:TypeError;RAISE:TypeError;RAISE:TypeError;RAISE:TypeError;RAISE:TypeError;RAISE:TypeError;RAISE:TypeError;RAISE:TypeError;RAISE:TypeError;RAISE:TypeError;RAISE:TypeError;RAISE:TypeError;RAISE:TypeError;RAISE:TypeError;RAISE:TypeError;RAISE:TypeError;RAISE:TypeError;RAISE:TypeError;RAISE:TypeError;RAISE:TypeError;RAISE:TypeError;RAISE:TypeError;RAISE:TypeError;RAISE:TypeError;RAISE:TypeError;RAISE:TypeError;RAISE:TypeError;RAISE:TypeError;RAISE:TypeError;RAISE:TypeError;RAISE:TypeError;RAISE:TypeError;RAISE:TypeError;RAISE:TypeError;RAISE:TypeError;RAISE:TypeError;RAISE:TypeError;RAISE:TypeError;RAISE:TypeError;RAISE:TypeError;RAISE:TypeError;RAISE:TypeError;RAISE:TypeError;RAISE:TypeError;RAISE:TypeError;RAISE:TypeError;RAISE:TypeError;RAISE:TypeError;RAISE:TypeError;RAISE:TypeError;RAISE:TypeError;RAISE:TypeError;RAISE:TypeError;RAISE:TypeError;RAISE:TypeError;RAISE:TypeError;RAISE:TypeError;RAISE:TypeError;RAISE:TypeError;RAISE:TypeError;RAISE:TypeError;RAISE:TypeError;RAISE:TypeError;RAISE:TypeError;RAISE:TypeError;RAISE:TypeError;RAISE:TypeError;RAISE:TypeError;RAISE:TypeError;RAISE:TypeError;RAISE:TypeError;RAISE:TypeError;RAISE:TypeError;RAISE:TypeError;RAISE:TypeError;RAISE:TypeError;RAISE:TypeError;RAISE:TypeError;RAISE:TypeError;RAISE:TypeError;RAISE:TypeError;RAISE:TypeError;RAISE:TypeError;RAISE:TypeError;RAISE:TypeError;RAISE:TypeError;RAISE:TypeError;RAISE:TypeError;RAISE:TypeError;RAISE:TypeError;RAISE:TypeError;RAISE:TypeError;RAISE:TypeError;RAISE:TypeError;RAISE:TypeError;RAISE:TypeError;RAISE:TypeError;RAISE:TypeError;RAISE:TypeError;RAISE:TypeError;RAISE:TypeError;RAISE:TypeError;RAISE:TypeError;RAISE:TypeError;RAISE:TypeError;RAISE:TypeError;RAISE:TypeError;RAISE:TypeError;RAISE:TypeError;RAISE:TypeError;RAISE:TypeError;RAISE:TypeError;RAISE:TypeError;RAISE:TypeError;RAISE:TypeError;RAISE:TypeError;RAISE:TypeError;RAISE:TypeError;RAISE:TypeError;RAISE:TypeError;RAISE:TypeError,0,240
A4_8_8,1,fractional|fractional,Fraction,Fraction,"fractional/L1/15:-max_finite,-1.5,-1.0,-(1.0-1ulp),+0.0,+min_subnormal,+min_normal,1.0-1ulp,1.0,1.0+1ulp,1.5,pi,2^53,max_finite,0.1","fractional/L1/15:-max_finite,-1.5,-1.0,-(1.0-1ulp),+0.0,+min_subnormal,+min_normal,1.0-1ulp,1.0,1.0+1ulp,1.5,pi,2^53,max_finite,0.1",225,"[1, 0.0, 0];[-1, 1.0, -1];[1, 0.0, 0];[1, 0.0, 0];RAISE:ZeroDivisionError;[1, 0.0, 0];[1, 0.0, 0];[1, 0.0, 0];[1, 0.0, 0];[1, 1.9999542236328129440892098500626, -1];[1, 1.0, 0];[1, 1.2804697507348397067516998504288, 1];[1, 0.0, 0];[1, 0.0, 0];[1, 1.5999999999999987565502124198247, -5];[-1, 1.5, 0];[1, 0.0, 0];[-1, 1.0, -1];[-1, 1.0000000000000002220446049250313, -1];RAISE:ZeroDivisionError;[1, 0.0, 0];[1, 0.0, 0];[1, 1.9999999999999991118215802998748, -2];[1, 1.0, -1];[1, 1.0000000000000008881784197001252, -1];[1, 0.0, 0];[1, 1.6415926535897931159979634685442, 0];[1, 1.999999999999999666933092612453, 52];[1, 1.9999999999999997779553950749687, 1023];[1, 1.5, -54];[-1, 1.0, 0];[-1, 1.0, 0];[1, 0.0, 0];[-1, 1.0, -53];RAISE:ZeroDivisionError;[1, 0.0, 0];[1, 0.0, 0];[1, 1.9999999999999995559107901499374, -1];[1, 0.0, 0];[1, 1.0, -52];[1, 1.0, -1];[1, 1.0707963267948965579989817342721, 1];[1, 1.9999999999999997779553950749687, 52];[1, 1.9999999999999997779553950749687, 1023];[1, 1.0, -54];[-1, 1.9999999999999997779553950749687, -1];[-1, 1.9999999999999997779553950749687, -1];[-1, 1.9999999999999997779553950749687, -1];[1, 0.0, 0];RAISE:ZeroDivisionError;[1, 0.0, 0];[1, 0.0, 0];[1, 0.0, 0];[1, 1.0, -53];[1, 1.5, -52];[1, 1.0000000000000002220446049250313, -1];[1, 1.0707963267948966135101329655299, 1];[1, 1.9999999999999997779553950749687, 52];[1, 1.9999999999999997779553950749687, 1023];[1, 1.5, -53];[1, 0.0, 0];[1, 0.0, 0];[1, 0.0, 0];[1, 0.0, 0];RAISE:ZeroDivisionError;[1, 0.0, 0];[1, 0.0, 0];[1, 0.0, 0];[1, 0.0, 0];[1, 0.0, 0];[1, 0.0, 0];[1, 0.0, 0];[1, 0.0, 0];[1, 0.0, 0];[1, 0.0, 0];[-1, 1.9999999999999997779553950749687, 1023];[-1, 1.5, 0];[-1, 2.0, -1];[-1, 1.9999999999999997779553950749687, -1];RAISE:ZeroDivisionError;[1, 0.0, 0];[1, 1.0, -1074];[1, 1.0, -1074];[1, 1.0, -1074];[1, 1.0, -1074];[1, 1.0, -1074];[1, 1.0, -1074];[1, 1.0, -1074];[1, 1.0, -1074];[1, 1.0, -1074];[-1, 1.9999999999999997779553950749687, 1023];[-1, 1.5, 0];[-1, 2.0, -1];[-1, 1.9999999999999997779553950749687, -1];RAISE:ZeroDivisionError;[1, 0.0, 0];[1, 0.0, 0];[1, 1.0, -1022];[1, 1.0, -1022];[1, 1.0, -1022];[1, 1.0, -1022];[1, 1.0, -1022];[1, 1.0, -1022];[1, 1.0, -1022];[1, 1.0, -1022];[-1, 1.9999999999999997779553950749687, 1023];[-1, 1.0000000000000002220446049250313, -1];[-1, 1.0, -53];[1, 0.0, 0];RAISE:ZeroDivisionError;[1, 0.0, 0];[1, 0.0, 0];[1, 0.0, 0];[1, 1.9999999999999997779553950749687, -1];[1, 1.9999999999999997779553950749687, -1];[1, 1.9999999999999997779553950749687, -1];[1, 1.9999999999999997779553950749687, -1];[1, 1.9999999999999997779553950749687, -1];[1, 1.9999999999999997779553950749687, -1];[1, 1.5999999999999974242825828696368, -4];[-1, 1.9999999999999997779553950749687, 1023];[-1, 1.0, -1];[1, 0.0, 0];[-1, 1.9999999999999995559107901499374, -1];RAISE:ZeroDivisionError;[1, 0.0, 0];[1, 0.0, 0];[1, 1.0, -53];[1, 0.0, 0];[1, 1.0, 0];[1, 1.0, 0];[1, 1.0, 0];[1, 1.0, 0];[1, 1.0, 0];[1, 1.5999999999999992006394222698873, -4];[-1, 1.9999999999999997779553950749687, 1023];[-1, 1.9999999999999991118215802998748, -2];[-1, 1.9999999999999995559107901499374, -1];[-1, 1.9999999999999991118215802998748, -1];RAISE:ZeroDivisionError;[1, 0.0, 0];[1, 0.0, 0];[1, 1.5, -52];[1, 1.0, -52];[1, 0.0, 0];[1, 1.0000000000000002220446049250313, 0];[1, 1.0000000000000002220446049250313, 0];[1, 1.0000000000000002220446049250313, 0];[1, 1.0000000000000002220446049250313, 0];[1, 1.5, -53];[-1, 1.9999999999999997779553950749687, 1023];[1, 0.0, 0];[-1, 1.0, -1];[-1, 1.9999999999999991118215802998748, -2];RAISE:ZeroDivisionError;[1, 0.0, 0];[1, 0.0, 0];[1, 1.0000000000000002220446049250313, -1];[1, 1.0, -1];[1, 1.9999999999999991118215802998748, -2];[1, 0.0, 0];[1, 1.5, 0];[1, 1.5, 0];[1, 1.5, 0];[1, 1.5999999999999987565502124198247, -4];[-1, 1.9999999999999997779553950749687, 1023];[-1, 1.3584073464102068840020365314558, 0];[-1, 1.7168146928204137680040730629116, -1];[-1, 1.7168146928204128798256533627864, -1];RAISE:ZeroDivisionError;[1, 0.0, 0];[1, 0.0, 0];[1, 1.1327412287183475925189668487292, -3];[1, 1.1327412287183449279837077483535, -3];[1, 1.1327412287183395989131895476021, -3];[1, 1.1327412287183449279837077483535, -3];[1, 0.0, 0];[1, 1.5707963267948965579989817342721, 1];[1, 1.5707963267948965579989817342721, 1];[1, 1.3309649148733742052286288526375, -5];[-1, 1.9999999999999997779553950749687, 1023];[-1, 1.0, 0];[1, 0.0, 0];[-1, 1.9999999999999995559107901499374, -1];RAISE:ZeroDivisionError;[1, 0.0, 0];[1, 0.0, 0];[1, 1.0, -53];[1, 0.0, 0];[1, 1.0, -51];[1, 1.0, -1];[1, 1.3650658812599552049960038857535, 0];[1, 0.0, 0];[1, 1.0, 53];[1, 1.0, -55];[1, 0.0, 0];[-1, 1.0, 0];[1, 0.0, 0];[1, 0.0, 0];RAISE:ZeroDivisionError;[1, 0.0, 0];[1, 0.0, 0];[1, 0.0, 0];[1, 0.0, 0];[1, 1.5, -16];[1, 1.0, -1];[1, 1.161306304240227404989127535373, -1];[1, 0.0, 0];[1, 0.0, 0];[1, 1.6000000000000014210854715202004, -5];[-1, 1.9999999999999997779553950749687, 1023];[-1, 1.3999999999999999944488848768742, 0];[-1, 1.7999999999999999888977697537484, -1];[-1, 1.7999999999999997668531648287171, -1];RAISE:ZeroDivisionError;[1, 0.0, 0];[1, 0.0, 0];[1, 1.6000000000000000888178419700125, -4];[1, 1.6000000000000000888178419700125, -4];[1, 1.6000000000000000888178419700125, -4];[1, 1.6000000000000000888178419700125, -4];[1, 1.6000000000000000888178419700125, -4];[1, 1.6000000000000000888178419700125, -4];[1, 1.6000000000000000888178419700125, -4];[1, 0.0, 0]",210,15
