probe_id,level,form_pair,lhs_holder,rhs_holder,x_set_a,x_set_b,n_probes,output_canon_vector,n_values,n_declines
A2_1_1,1,truth|truth,TrueFalse,TrueFalse,"truth/L1/6:true,false,0,1,"""",nil","truth/L1/6:true,false,0,1,"""",nil",36,"RAISE:NoMethodError;RAISE:NoMethodError;RAISE:NoMethodError;RAISE:NoMethodError;RAISE:NoMethodError;RAISE:NoMethodError;RAISE:NoMethodError;RAISE:NoMethodError;RAISE:NoMethodError;RAISE:NoMethodError;RAISE:NoMethodError;RAISE:NoMethodError;RAISE:TypeError;RAISE:TypeError;[1, 0.0, 0];[1, 0.0, 0];RAISE:TypeError;RAISE:TypeError;RAISE:TypeError;RAISE:TypeError;[1, 0.0, 0];[1, 1.0, 0];RAISE:TypeError;RAISE:TypeError;RAISE:TypeError;RAISE:TypeError;t||0|0|0;t||0|0|0;RAISE:TypeError;RAISE:TypeError;RAISE:NoMethodError;RAISE:NoMethodError;RAISE:NoMethodError;RAISE:NoMethodError;RAISE:NoMethodError;RAISE:NoMethodError",6,30
A2_1_2,1,truth|whole,TrueFalse,Integer,"truth/L1/6:true,false,0,1,"""",nil","whole/L1/17:-2^63,-2^63+1,-2^53-1,-2^31,-42,-1,0,1,7,42,1000,2^31-1,2^31,2^53-1,2^53+1,2^63-1,2^64-1",102,"RAISE:NoMethodError;RAISE:NoMethodError;RAISE:NoMethodError;RAISE:NoMethodError;RAISE:NoMethodError;RAISE:NoMethodError;RAISE:NoMethodError;RAISE:NoMethodError;RAISE:NoMethodError;RAISE:NoMethodError;RAISE:NoMethodError;RAISE:NoMethodError;RAISE:NoMethodError;RAISE:NoMethodError;RAISE:NoMethodError;RAISE:NoMethodError;RAISE:NoMethodError;RAISE:NoMethodError;RAISE:NoMethodError;RAISE:NoMethodError;RAISE:NoMethodError;RAISE:NoMethodError;RAISE:NoMethodError;RAISE:NoMethodError;RAISE:NoMethodError;RAISE:NoMethodError;RAISE:NoMethodError;RAISE:NoMethodError;RAISE:NoMethodError;RAISE:NoMethodError;RAISE:NoMethodError;RAISE:NoMethodError;RAISE:NoMethodError;RAISE:NoMethodError;[1, 0.0, 0];[1, 0.0, 0];[1, 0.0, 0];[1, 0.0, 0];[1, 0.0, 0];[1, 0.0, 0];[1, 0.0, 0];[1, 0.0, 0];[1, 0.0, 0];[1, 0.0, 0];[1, 0.0, 0];[1, 0.0, 0];[1, 0.0, 0];[1, 0.0, 0];[1, 0.0, 0];[1, 0.0, 0];[1, 0.0, 0];[-1, 1.0, 63];[-1, 1.9999999999999999997831595655029, 62];[-1, 1.0000000000000001110223024625157, 53];[-1, 1.0, 31];[-1, 1.3125, 5];[-1, 1.0, 0];[1, 0.0, 0];[1, 1.0, 0];[1, 1.75, 2];[1, 1.3125, 5];[1, 1.953125, 9];[1, 1.999999999068677425384521484375, 30];[1, 1.0, 31];[1, 1.9999999999999997779553950749687, 52];[1, 1.0000000000000001110223024625157, 53];[1, 1.9999999999999999997831595655029, 62];[1, 1.9999999999999999998915797827514, 63];RAISE:ArgumentError;RAISE:ArgumentError;RAISE:ArgumentError;RAISE:ArgumentError;RAISE:ArgumentError;RAISE:ArgumentError;t||0|0|0;t||0|0|0;t||0|0|0;t||0|0|0;t||0|0|0;t||0|0|0;t||0|0|0;t||0|0|0;t||0|0|0;t||0|0|0;RAISE:RangeError;RAISE:NoMethodError;RAISE:NoMethodError;RAISE:NoMethodError;RAISE:NoMethodError;RAISE:NoMethodError;RAISE:NoMethodError;RAISE:NoMethodError;RAISE:NoMethodError;RAISE:NoMethodError;RAISE:NoMethodError;RAISE:NoMethodError;RAISE:NoMethodError;RAISE:NoMethodError;RAISE:NoMethodError;RAISE:NoMethodError;RAISE:NoMethodError;RAISE:NoMethodError",44,58
A2_1_3,1,truth|whole,TrueFalse,Rational,"truth/L1/6:true,false,0,1,"""",nil","whole/L1/17:-2^63,-2^63+1,-2^53-1,-2^31,-42,-1,0,1,7,42,1000,2^31-1,2^31,2^53-1,2^53+1,2^63-1,2^64-1",102,"RAISE:NoMethodError;RAISE:NoMethodError;RAISE:NoMethodError;RAISE:NoMethodError;RAISE:NoMethodError;RAISE:NoMethodError;RAISE:NoMethodError;RAISE:NoMethodError;RAISE:NoMethodError;RAISE:NoMethodError;RAISE:NoMethodError;RAISE:NoMethodError;RAISE:NoMethodError;RAISE:NoMethodError;RAISE:NoMethodError;RAISE:NoMethodError;RAISE:NoMethodError;RAISE:NoMethodError;RAISE:NoMethodError;RAISE:NoMethodError;RAISE:NoMethodError;RAISE:NoMethodError;RAISE:NoMethodError;RAISE:NoMethodError;RAISE:NoMethodError;RAISE:NoMethodError;RAISE:NoMethodError;RAISE:NoMethodError;RAISE:NoMethodError;RAISE:NoMethodError;RAISE:NoMethodError;RAISE:NoMethodError;RAISE:NoMethodError;RAISE:NoMethodError;[1, 0.0, 0];[1, 0.0, 0];[1, 0.0, 0];[1, 0.0, 0];[1, 0.0, 0];[1, 0.0, 0];[1, 0.0, 0];[1, 0.0, 0];[1, 0.0, 0];[1, 0.0, 0];[1, 0.0, 0];[1, 0.0, 0];[1, 0.0, 0];[1, 0.0, 0];[1, 0.0, 0];[1, 0.0, 0];[1, 0.0, 0];[-1, 1.0, 63];[-1, 1.9999999999999999997831595655029, 62];[-1, 1.0000000000000001110223024625157, 53];[-1, 1.0, 31];[-1, 1.3125, 5];[-1, 1.0, 0];[1, 0.0, 0];[1, 1.0, 0];[1, 1.75, 2];[1, 1.3125, 5];[1, 1.953125, 9];[1, 1.999999999068677425384521484375, 30];[1, 1.0, 31];[1, 1.9999999999999997779553950749687, 52];[1, 1.0000000000000001110223024625157, 53];[1, 1.9999999999999999997831595655029, 62];[1, 1.9999999999999999998915797827514, 63];RAISE:ArgumentError;RAISE:ArgumentError;RAISE:ArgumentError;RAISE:ArgumentError;RAISE:ArgumentError;RAISE:ArgumentError;t||0|0|0;t||0|0|0;t||0|0|0;t||0|0|0;t||0|0|0;t||0|0|0;t||0|0|0;t||0|0|0;t||0|0|0;t||0|0|0;RAISE:RangeError;RAISE:NoMethodError;RAISE:NoMethodError;RAISE:NoMethodError;RAISE:NoMethodError;RAISE:NoMethodError;RAISE:NoMethodError;RAISE:NoMethodError;RAISE:NoMethodError;RAISE:NoMethodError;RAISE:NoMethodError;RAISE:NoMethodError;RAISE:NoMethodError;RAISE:NoMethodError;RAISE:NoMethodError;RAISE:NoMethodError;RAISE:NoMethodError;RAISE:NoMethodError",44,58
A2_1_4,1,truth|whole,TrueFalse,BigDecimal,"truth/L1/6:true,false,0,1,"""",nil","whole/L1/17:-2^63,-2^63+1,-2^53-1,-2^31,-42,-1,0,1,7,42,1000,2^31-1,2^31,2^53-1,2^53+1,2^63-1,2^64-1",102,"RAISE:NoMethodError;RAISE:NoMethodError;RAISE:NoMethodError;RAISE:NoMethodError;RAISE:NoMethodError;RAISE:NoMethodError;RAISE:NoMethodError;RAISE:NoMethodError;RAISE:NoMethodError;RAISE:NoMethodError;RAISE:NoMethodError;RAISE:NoMethodError;RAISE:NoMethodError;RAISE:NoMethodError;RAISE:NoMethodError;RAISE:NoMethodError;RAISE:NoMethodError;RAISE:NoMethodError;RAISE:NoMethodError;RAISE:NoMethodError;RAISE:NoMethodError;RAISE:NoMethodError;RAISE:NoMethodError;RAISE:NoMethodError;RAISE:NoMethodError;RAISE:NoMethodError;RAISE:NoMethodError;RAISE:NoMethodError;RAISE:NoMethodError;RAISE:NoMethodError;RAISE:NoMethodError;RAISE:NoMethodError;RAISE:NoMethodError;RAISE:NoMethodError;[-1, 0.0, 0];[-1, 0.0, 0];[-1, 0.0, 0];[-1, 0.0, 0];[-1, 0.0, 0];[-1, 0.0, 0];[1, 0.0, 0];[1, 0.0, 0];[1, 0.0, 0];[1, 0.0, 0];[1, 0.0, 0];[1, 0.0, 0];[1, 0.0, 0];[1, 0.0, 0];[1, 0.0, 0];[1, 0.0, 0];[1, 0.0, 0];[-1, 1.0, 63];[-1, 1.9999999999999999997831595655029, 62];[-1, 1.0000000000000001110223024625157, 53];[-1, 1.0, 31];[-1, 1.3125, 5];[-1, 1.0, 0];[1, 0.0, 0];[1, 1.0, 0];[1, 1.75, 2];[1, 1.3125, 5];[1, 1.953125, 9];[1, 1.999999999068677425384521484375, 30];[1, 1.0, 31];[1, 1.9999999999999997779553950749687, 52];[1, 1.0000000000000001110223024625157, 53];[1, 1.9999999999999999997831595655029, 62];[1, 1.9999999999999999998915797827514, 63];RAISE:ArgumentError;RAISE:ArgumentError;RAISE:ArgumentError;RAISE:ArgumentError;RAISE:ArgumentError;RAISE:ArgumentError;t||0|0|0;t||0|0|0;t||0|0|0;t||0|0|0;t||0|0|0;t||0|0|0;t||0|0|0;t||0|0|0;t||0|0|0;t||0|0|0;RAISE:RangeError;RAISE:NoMethodError;RAISE:NoMethodError;RAISE:NoMethodError;RAISE:NoMethodError;RAISE:NoMethodError;RAISE:NoMethodError;RAISE:NoMethodError;RAISE:NoMethodError;RAISE:NoMethodError;RAISE:NoMethodError;RAISE:NoMethodError;RAISE:NoMethodError;RAISE:NoMethodError;RAISE:NoMethodError;RAISE:NoMethodError;RAISE:NoMethodError;RAISE:NoMethodError",44,58
A2_1_5,1,truth|fractional,TrueFalse,Float,"truth/L1/6:true,false,0,1,"""",nil","fractional/L1/16:-max_finite,-1.5,-1.0,-(1.0-1ulp),-0.0,+0.0,+min_subnormal,+min_normal,1.0-1ulp,1.0,1.0+1ulp,1.5,pi,2^53,max_finite,0.1",96,"RAISE:NoMethodError;RAISE:NoMethodError;RAISE:NoMethodError;RAISE:NoMethodError;RAISE:NoMethodError;RAISE:NoMethodError;RAISE:NoMethodError;RAISE:NoMethodError;RAISE:NoMethodError;RAISE:NoMethodError;RAISE:NoMethodError;RAISE:NoMethodError;RAISE:NoMethodError;RAISE:NoMethodError;RAISE:NoMethodError;RAISE:NoMethodError;RAISE:NoMethodError;RAISE:NoMethodError;RAISE:NoMethodError;RAISE:NoMethodError;RAISE:NoMethodError;RAISE:NoMethodError;RAISE:NoMethodError;RAISE:NoMethodError;RAISE:NoMethodError;RAISE:NoMethodError;RAISE:NoMethodError;RAISE:NoMethodError;RAISE:NoMethodError;RAISE:NoMethodError;RAISE:NoMethodError;RAISE:NoMethodError;[-1, 0.0, 0];[-1, 0.0, 0];[-1, 0.0, 0];[-1, 0.0, 0];[-1, 0.0, 0];[1, 0.0, 0];[1, 0.0, 0];[1, 0.0, 0];[1, 0.0, 0];[1, 0.0, 0];[1, 0.0, 0];[1, 0.0, 0];[1, 0.0, 0];[1, 0.0, 0];[1, 0.0, 0];[1, 0.0, 0];[-1, 1.9999999999999997779553950749687, 1023];[-1, 1.5, 0];[-1, 1.0, 0];[-1, 1.9999999999999997779553950749687, -1];[-1, 0.0, 0];[1, 0.0, 0];[1, 1.0, -1074];[1, 1.0, -1022];[1, 1.9999999999999997779553950749687, -1];[1, 1.0, 0];[1, 1.0000000000000002220446049250313, 0];[1, 1.5, 0];[1, 1.5707963267948965579989817342721, 1];[1, 1.0, 53];[1, 1.9999999999999997779553950749687, 1023];[1, 1.6000000000000000888178419700125, -4];RAISE:RangeError;RAISE:ArgumentError;RAISE:ArgumentError;t||0|0|0;t||0|0|0;t||0|0|0;t||0|0|0;t||0|0|0;t||0|0|0;t||0|0|0;t||0|0|0;t||0|0|0;t||0|0|0;t||0|0|0;RAISE:RangeError;t||0|0|0;RAISE:NoMethodError;RAISE:NoMethodError;RAISE:NoMethodError;RAISE:NoMethodError;RAISE:NoMethodError;RAISE:NoMethodError;RAISE:NoMethodError;RAISE:NoMethodError;RAISE:NoMethodError;RAISE:NoMethodError;RAISE:NoMethodError;RAISE:NoMethodError;RAISE:NoMethodError;RAISE:NoMethodError;RAISE:NoMethodError;RAISE:NoMethodError",44,52
A2_1_6,1,truth|fractional,TrueFalse,Rational,"truth/L1/6:true,false,0,1,"""",nil","fractional/L1/15:-max_finite,-1.5,-1.0,-(1.0-1ulp),+0.0,+min_subnormal,+min_normal,1.0-1ulp,1.0,1.0+1ulp,1.5,pi,2^53,max_finite,0.1",90,"RAISE:NoMethodError;RAISE:NoMethodError;RAISE:NoMethodError;RAISE:NoMethodError;RAISE:NoMethodError;RAISE:NoMethodError;RAISE:NoMethodError;RAISE:NoMethodError;RAISE:NoMethodError;RAISE:NoMethodError;RAISE:NoMethodError;RAISE:NoMethodError;RAISE:NoMethodError;RAISE:NoMethodError;RAISE:NoMethodError;RAISE:NoMethodError;RAISE:NoMethodError;RAISE:NoMethodError;RAISE:NoMethodError;RAISE:NoMethodError;RAISE:NoMethodError;RAISE:NoMethodError;RAISE:NoMethodError;RAISE:NoMethodError;RAISE:NoMethodError;RAISE:NoMethodError;RAISE:NoMethodError;RAISE:NoMethodError;RAISE:NoMethodError;RAISE:NoMethodError;[1, 0.0, 0];[1, 0.0, 0];[1, 0.0, 0];[1, 0.0, 0];[1, 0.0, 0];[1, 0.0, 0];[1, 0.0, 0];[1, 0.0, 0];[1, 0.0, 0];[1, 0.0, 0];[1, 0.0, 0];[1, 0.0, 0];[1, 0.0, 0];[1, 0.0, 0];[1, 0.0, 0];[-1, 1.9999999999999997779553950749687, 1023];[-1, 1.5, 0];[-1, 1.0, 0];[-1, 1.9999999999999997779553950749687, -1];[1, 0.0, 0];[1, 1.0, -1074];[1, 1.0, -1022];[1, 1.9999999999999997779553950749687, -1];[1, 1.0, 0];[1, 1.0000000000000002220446049250313, 0];[1, 1.5, 0];[1, 1.5707963267948965579989817342721, 1];[1, 1.0, 53];[1, 1.9999999999999997779553950749687, 1023];[1, 1.6000000000000000888178419700125, -4];RAISE:RangeError;RAISE:ArgumentError;RAISE:ArgumentError;t||0|0|0;t||0|0|0;t||0|0|0;t||0|0|0;t||0|0|0;t||0|0|0;t||0|0|0;t||0|0|0;t||0|0|0;t||0|0|0;RAISE:RangeError;t||0|0|0;RAISE:NoMethodError;RAISE:NoMethodError;RAISE:NoMethodError;RAISE:NoMethodError;RAISE:NoMethodError;RAISE:NoMethodError;RAISE:NoMethodError;RAISE:NoMethodError;RAISE:NoMethodError;RAISE:NoMethodError;RAISE:NoMethodError;RAISE:NoMethodError;RAISE:NoMethodError;RAISE:NoMethodError;RAISE:NoMethodError",41,49
A2_1_7,1,truth|fractional,TrueFalse,BigDecimal,"truth/L1/6:true,false,0,1,"""",nil","fractional/L1/16:-max_finite,-1.5,-1.0,-(1.0-1ulp),-0.0,+0.0,+min_subnormal,+min_normal,1.0-1ulp,1.0,1.0+1ulp,1.5,pi,2^53,max_finite,0.1",96,"RAISE:NoMethodError;RAISE:NoMethodError;RAISE:NoMethodError;RAISE:NoMethodError;RAISE:NoMethodError;RAISE:NoMethodError;RAISE:NoMethodError;RAISE:NoMethodError;RAISE:NoMethodError;RAISE:NoMethodError;RAISE:NoMethodError;RAISE:NoMethodError;RAISE:NoMethodError;RAISE:NoMethodError;RAISE:NoMethodError;RAISE:NoMethodError;RAISE:NoMethodError;RAISE:NoMethodError;RAISE:NoMethodError;RAISE:NoMethodError;RAISE:NoMethodError;RAISE:NoMethodError;RAISE:NoMethodError;RAISE:NoMethodError;RAISE:NoMethodError;RAISE:NoMethodError;RAISE:NoMethodError;RAISE:NoMethodError;RAISE:NoMethodError;RAISE:NoMethodError;RAISE:NoMethodError;RAISE:NoMethodError;[-1, 0.0, 0];[-1, 0.0, 0];[-1, 0.0, 0];[-1, 0.0, 0];[-1, 0.0, 0];[1, 0.0, 0];[1, 0.0, 0];[1, 0.0, 0];[1, 0.0, 0];[1, 0.0, 0];[1, 0.0, 0];[1, 0.0, 0];[1, 0.0, 0];[1, 0.0, 0];[1, 0.0, 0];[1, 0.0, 0];[-1, 1.9999999999999997688934766870555, 1023];[-1, 1.5, 0];[-1, 1.0, 0];[-1, 1.9999999999999998, -1];[-1, 0.0, 0];[1, 0.0, 0];[1, 1.0120112665365530917624767335946, -1074];[1, 1.0000000000000000075996431390427, -1022];[1, 1.9999999999999998, -1];[1, 1.0, 0];[1, 1.0000000000000002, 0];[1, 1.5, 0];[1, 1.5707963267948965, 1];[1, 1.0, 53];[1, 1.9999999999999997688934766870555, 1023];[1, 1.6, -4];RAISE:RangeError;RAISE:ArgumentError;RAISE:ArgumentError;t||0|0|0;t||0|0|0;t||0|0|0;t||0|0|0;t||0|0|0;t||0|0|0;t||0|0|0;t||0|0|0;t||0|0|0;t||0|0|0;t||0|0|0;RAISE:RangeError;t||0|0|0;RAISE:NoMethodError;RAISE:NoMethodError;RAISE:NoMethodError;RAISE:NoMethodError;RAISE:NoMethodError;RAISE:NoMethodError;RAISE:NoMethodError;RAISE:NoMethodError;RAISE:NoMethodError;RAISE:NoMethodError;RAISE:NoMethodError;RAISE:NoMethodError;RAISE:NoMethodError;RAISE:NoMethodError;RAISE:NoMethodError;RAISE:NoMethodError",44,52
A2_2_1,1,whole|truth,Integer,TrueFalse,"whole/L1/17:-2^63,-2^63+1,-2^53-1,-2^31,-42,-1,0,1,7,42,1000,2^31-1,2^31,2^53-1,2^53+1,2^63-1,2^64-1","truth/L1/6:true,false,0,1,"""",nil",102,"RAISE:TypeError;RAISE:TypeError;[1, 0.0, 0];[-1, 1.0, 63];RAISE:TypeError;RAISE:TypeError;RAISE:TypeError;RAISE:TypeError;[1, 0.0, 0];[-1, 1.9999999999999999997831595655029, 62];RAISE:TypeError;RAISE:TypeError;RAISE:TypeError;RAISE:TypeError;[1, 0.0, 0];[-1, 1.0000000000000001110223024625157, 53];RAISE:TypeError;RAISE:TypeError;RAISE:TypeError;RAISE:TypeError;[1, 0.0, 0];[-1, 1.0, 31];RAISE:TypeError;RAISE:TypeError;RAISE:TypeError;RAISE:TypeError;[1, 0.0, 0];[-1, 1.3125, 5];RAISE:TypeError;RAISE:TypeError;RAISE:TypeError;RAISE:TypeError;[1, 0.0, 0];[-1, 1.0, 0];RAISE:TypeError;RAISE:TypeError;RAISE:TypeError;RAISE:TypeError;[1, 0.0, 0];[1, 0.0, 0];RAISE:TypeError;RAISE:TypeError;RAISE:TypeError;RAISE:TypeError;[1, 0.0, 0];[1, 1.0, 0];RAISE:TypeError;RAISE:TypeError;RAISE:TypeError;RAISE:TypeError;[1, 0.0, 0];[1, 1.75, 2];RAISE:TypeError;RAISE:TypeError;RAISE:TypeError;RAISE:TypeError;[1, 0.0, 0];[1, 1.3125, 5];RAISE:TypeError;RAISE:TypeError;RAISE:TypeError;RAISE:TypeError;[1, 0.0, 0];[1, 1.953125, 9];RAISE:TypeError;RAISE:TypeError;RAISE:TypeError;RAISE:TypeError;[1, 0.0, 0];[1, 1.999999999068677425384521484375, 30];RAISE:TypeError;RAISE:TypeError;RAISE:TypeError;RAISE:TypeError;[1, 0.0, 0];[1, 1.0, 31];RAISE:TypeError;RAISE:TypeError;RAISE:TypeError;RAISE:TypeError;[1, 0.0, 0];[1, 1.9999999999999997779553950749687, 52];RAISE:TypeError;RAISE:TypeError;RAISE:TypeError;RAISE:TypeError;[1, 0.0, 0];[1, 1.0000000000000001110223024625157, 53];RAISE:TypeError;RAISE:TypeError;RAISE:TypeError;RAISE:TypeError;[1, 0.0, 0];[1, 1.9999999999999999997831595655029, 62];RAISE:TypeError;RAISE:TypeError;RAISE:TypeError;RAISE:TypeError;[1, 0.0, 0];[1, 1.9999999999999999998915797827514, 63];RAISE:TypeError;RAISE:TypeError",34,68
A2_2_2,1,whole|whole,Integer,Integer,"whole/L1/17:-2^63,-2^63+1,-2^53-1,-2^31,-42,-1,0,1,7,42,1000,2^31-1,2^31,2^53-1,2^53+1,2^63-1,2^64-1","whole/L1/17:-2^63,-2^63+1,-2^53-1,-2^31,-42,-1,0,1,7,42,1000,2^31-1,2^31,2^53-1,2^53+1,2^63-1,2^64-1",289,"[1, 1.0, 126];[1, 1.9999999999999999997831595655029, 125];[1, 1.0000000000000001110223024625157, 116];[1, 1.0, 94];[1, 1.3125, 68];[1, 1.0, 63];[1, 0.0, 0];[-1, 1.0, 63];[-1, 1.75, 65];[-1, 1.3125, 68];[-1, 1.953125, 72];[-1, 1.999999999068677425384521484375, 93];[-1, 1.0, 94];[-1, 1.9999999999999997779553950749687, 115];[-1, 1.0000000000000001110223024625157, 116];[-1, 1.9999999999999999997831595655029, 125];[-1, 1.9999999999999999998915797827514, 126];[1, 1.9999999999999999997831595655029, 125];[1, 1.9999999999999999995663191310058, 125];[1, 1.0000000000000001109138822452671, 116];[1, 1.9999999999999999997831595655029, 93];[1, 1.3124999999999999998576984648613, 68];[1, 1.9999999999999999997831595655029, 62];[1, 0.0, 0];[-1, 1.9999999999999999997831595655029, 62];[-1, 1.749999999999999999810264619815, 65];[-1, 1.3124999999999999998576984648613, 68];[-1, 1.9531249999999999997882417631864, 72];[-1, 1.9999999990686774251676810499789, 93];[-1, 1.9999999999999999997831595655029, 93];[-1, 1.9999999999999997777385546404716, 115];[-1, 1.0000000000000001109138822452671, 116];[-1, 1.9999999999999999995663191310058, 125];[-1, 1.9999999999999999996747393482543, 126];[1, 1.0000000000000001110223024625157, 116];[1, 1.0000000000000001109138822452671, 116];[1, 1.0000000000000002220446049250313, 106];[1, 1.0000000000000001110223024625157, 84];[1, 1.3125000000000001457167719820518, 58];[1, 1.0000000000000001110223024625157, 53];[1, 0.0, 0];[-1, 1.0000000000000001110223024625157, 53];[-1, 1.7500000000000001942890293094024, 55];[-1, 1.3125000000000001457167719820518, 58];[-1, 1.9531250000000002168404344971009, 62];[-1, 1.9999999990686776474291263060087, 83];[-1, 1.0000000000000001110223024625157, 84];[-1, 2.0, 105];[-1, 1.0000000000000002220446049250313, 106];[-1, 1.0000000000000001109138822452671, 116];[-1, 1.0000000000000001109680923538914, 117];[1, 1.0, 94];[1, 1.9999999999999999997831595655029, 93];[1, 1.0000000000000001110223024625157, 84];[1, 1.0, 62];[1, 1.3125, 36];[1, 1.0, 31];[1, 0.0, 0];[-1, 1.0, 31];[-1, 1.75, 33];[-1, 1.3125, 36];[-1, 1.953125, 40];[-1, 1.999999999068677425384521484375, 61];[-1, 1.0, 62];[-1, 1.9999999999999997779553950749687, 83];[-1, 1.0000000000000001110223024625157, 84];[-1, 1.9999999999999999997831595655029, 93];[-1, 1.9999999999999999998915797827514, 94];[1, 1.3125, 68];[1, 1.3124999999999999998576984648613, 68];[1, 1.3125000000000001457167719820518, 58];[1, 1.3125, 36];[1, 1.72265625, 10];[1, 1.3125, 5];[1, 0.0, 0];[-1, 1.3125, 5];[-1, 1.1484375, 8];[-1, 1.72265625, 10];[-1, 1.28173828125, 15];[-1, 1.3124999993888195604085922241211, 36];[-1, 1.3125, 36];[-1, 1.3124999999999998542832280179482, 58];[-1, 1.3125000000000001457167719820518, 58];[-1, 1.3124999999999999998576984648613, 68];[-1, 1.3124999999999999999288492324306, 69];[1, 1.0, 63];[1, 1.9999999999999999997831595655029, 62];[1, 1.0000000000000001110223024625157, 53];[1, 1.0, 31];[1, 1.3125, 5];[1, 1.0, 0];[1, 0.0, 0];[-1, 1.0, 0];[-1, 1.75, 2];[-1, 1.3125, 5];[-1, 1.953125, 9];[-1, 1.999999999068677425384521484375, 30];[-1, 1.0, 31];[-1, 1.9999999999999997779553950749687, 52];[-1, 1.0000000000000001110223024625157, 53];[-1, 1.9999999999999999997831595655029, 62];[-1, 1.9999999999999999998915797827514, 63];[1, 0.0, 0];[1, 0.0, 0];[1, 0.0, 0];[1, 0.0, 0];[1, 0.0, 0];[1, 0.0, 0];[1, 0.0, 0];[1, 0.0, 0];[1, 0.0, 0];[1, 0.0, 0];[1, 0.0, 0];[1, 0.0, 0];[1, 0.0, 0];[1, 0.0, 0];[1, 0.0, 0];[1, 0.0, 0];[1, 0.0, 0];[-1, 1.0, 63];[-1, 1.9999999999999999997831595655029, 62];[-1, 1.0000000000000001110223024625157, 53];[-1, 1.0, 31];[-1, 1.3125, 5];[-1, 1.0, 0];[1, 0.0, 0];[1, 1.0, 0];[1, 1.75, 2];[1, 1.3125, 5];[1, 1.953125, 9];[1, 1.999999999068677425384521484375, 30];[1, 1.0, 31];[1, 1.9999999999999997779553950749687, 52];[1, 1.0000000000000001110223024625157, 53];[1, 1.9999999999999999997831595655029, 62];[1, 1.9999999999999999998915797827514, 63];[-1, 1.75, 65];[-1, 1.749999999999999999810264619815, 65];[-1, 1.7500000000000001942890293094024, 55];[-1, 1.75, 33];[-1, 1.1484375, 8];[-1, 1.75, 2];[1, 0.0, 0];[1, 1.75, 2];[1, 1.53125, 5];[1, 1.1484375, 8];[1, 1.708984375, 12];[1, 1.7499999991850927472114562988281, 33];[1, 1.75, 33];[1, 1.7499999999999998057109706905976, 55];[1, 1.7500000000000001942890293094024, 55];[1, 1.749999999999999999810264619815, 65];[1, 1.7499999999999999999051323099075, 66];[-1, 1.3125, 68];[-1, 1.3124999999999999998576984648613, 68];[-1, 1.3125000000000001457167719820518, 58];[-1, 1.3125, 36];[-1, 1.72265625, 10];[-1, 1.3125, 5];[1, 0.0, 0];[1, 1.3125, 5];[1, 1.1484375, 8];[1, 1.72265625, 10];[1, 1.28173828125, 15];[1, 1.3124999993888195604085922241211, 36];[1, 1.3125, 36];[1, 1.3124999999999998542832280179482, 58];[1, 1.3125000000000001457167719820518, 58];[1, 1.3124999999999999998576984648613, 68];[1, 1.3124999999999999999288492324306, 69];[-1, 1.953125, 72];[-1, 1.9531249999999999997882417631864, 72];[-1, 1.9531250000000002168404344971009, 62];[-1, 1.953125, 40];[-1, 1.28173828125, 15];[-1, 1.953125, 9];[1, 0.0, 0];[1, 1.953125, 9];[1, 1.708984375, 12];[1, 1.28173828125, 15];[1, 1.9073486328125, 19];[1, 1.953124999090505298227071762085, 40];[1, 1.953125, 40];[1, 1.9531249999999997831595655028991, 62];[1, 1.9531250000000002168404344971009, 62];[1, 1.9531249999999999997882417631864, 72];[1, 1.9531249999999999998941208815932, 73];[-1, 1.999999999068677425384521484375, 93];[-1, 1.9999999990686774251676810499789, 93];[-1, 1.9999999990686776474291263060087, 83];[-1, 1.999999999068677425384521484375, 61];[-1, 1.3124999993888195604085922241211, 36];[-1, 1.999999999068677425384521484375, 30];[1, 0.0, 0];[1, 1.999999999068677425384521484375, 30];[1, 1.7499999991850927472114562988281, 33];[1, 1.3124999993888195604085922241211, 36];[1, 1.953124999090505298227071762085, 40];[1, 1.9999999981373548512027238377442, 61];[1, 1.999999999068677425384521484375, 61];[1, 1.9999999990686772033399166627413, 83];[1, 1.9999999990686776474291263060087, 83];[1, 1.9999999990686774251676810499789, 93];[1, 1.9999999990686774252761012671769, 94];[-1, 1.0, 94];[-1, 1.9999999999999999997831595655029, 93];[-1, 1.0000000000000001110223024625157, 84];[-1, 1.0, 62];[-1, 1.3125, 36];[-1, 1.0, 31];[1, 0.0, 0];[1, 1.0, 31];[1, 1.75, 33];[1, 1.3125, 36];[1, 1.953125, 40];[1, 1.999999999068677425384521484375, 61];[1, 1.0, 62];[1, 1.9999999999999997779553950749687, 83];[1, 1.0000000000000001110223024625157, 84];[1, 1.9999999999999999997831595655029, 93];[1, 1.9999999999999999998915797827514, 94];[-1, 1.9999999999999997779553950749687, 115];[-1, 1.9999999999999997777385546404716, 115];[-1, 2.0, 105];[-1, 1.9999999999999997779553950749687, 83];[-1, 1.3124999999999998542832280179482, 58];[-1, 1.9999999999999997779553950749687, 52];[1, 0.0, 0];[1, 1.9999999999999997779553950749687, 52];[1, 1.7499999999999998057109706905976, 55];[1, 1.3124999999999998542832280179482, 58];[1, 1.9531249999999997831595655028991, 62];[1, 1.9999999990686772033399166627413, 83];[1, 1.9999999999999997779553950749687, 83];[1, 1.9999999999999995559107901499374, 105];[1, 2.0, 105];[1, 1.9999999999999997777385546404716, 115];[1, 1.9999999999999997778469748577201, 116];[-1, 1.0000000000000001110223024625157, 116];[-1, 1.0000000000000001109138822452671, 116];[-1, 1.0000000000000002220446049250313, 106];[-1, 1.0000000000000001110223024625157, 84];[-1, 1.3125000000000001457167719820518, 58];[-1, 1.0000000000000001110223024625157, 53];[1, 0.0, 0];[1, 1.0000000000000001110223024625157, 53];[1, 1.7500000000000001942890293094024, 55];[1, 1.3125000000000001457167719820518, 58];[1, 1.9531250000000002168404344971009, 62];[1, 1.9999999990686776474291263060087, 83];[1, 1.0000000000000001110223024625157, 84];[1, 2.0, 105];[1, 1.0000000000000002220446049250313, 106];[1, 1.0000000000000001109138822452671, 116];[1, 1.0000000000000001109680923538914, 117];[-1, 1.9999999999999999997831595655029, 125];[-1, 1.9999999999999999995663191310058, 125];[-1, 1.0000000000000001109138822452671, 116];[-1, 1.9999999999999999997831595655029, 93];[-1, 1.3124999999999999998576984648613, 68];[-1, 1.9999999999999999997831595655029, 62];[1, 0.0, 0];[1, 1.9999999999999999997831595655029, 62];[1, 1.749999999999999999810264619815, 65];[1, 1.3124999999999999998576984648613, 68];[1, 1.9531249999999999997882417631864, 72];[1, 1.9999999990686774251676810499789, 93];[1, 1.9999999999999999997831595655029, 93];[1, 1.9999999999999997777385546404716, 115];[1, 1.0000000000000001109138822452671, 116];[1, 1.9999999999999999995663191310058, 125];[1, 1.9999999999999999996747393482543, 126];[-1, 1.9999999999999999998915797827514, 126];[-1, 1.9999999999999999996747393482543, 126];[-1, 1.0000000000000001109680923538914, 117];[-1, 1.9999999999999999998915797827514, 94];[-1, 1.3124999999999999999288492324306, 69];[-1, 1.9999999999999999998915797827514, 63];[1, 0.0, 0];[1, 1.9999999999999999998915797827514, 63];[1, 1.7499999999999999999051323099075, 66];[1, 1.3124999999999999999288492324306, 69];[1, 1.9531249999999999998941208815932, 73];[1, 1.9999999990686774252761012671769, 94];[1, 1.9999999999999999998915797827514, 94];[1, 1.9999999999999997778469748577201, 116];[1, 1.0000000000000001109680923538914, 117];[1, 1.9999999999999999996747393482543, 126];[1, 1.9999999999999999997831595655029, 127]",289,0
A2_2_3,1,whole|whole,Integer,Rational,"whole/L1/17:-2^63,-2^63+1,-2^53-1,-2^31,-42,-1,0,1,7,42,1000,2^31-1,2^31,2^53-1,2^53+1,2^63-1,2^64-1","whole/L1/17:-2^63,-2^63+1,-2^53-1,-2^31,-42,-1,0,1,7,42,1000,2^31-1,2^31,2^53-1,2^53+1,2^63-1,2^64-1",289,"[1, 1.0, 126];[1, 1.9999999999999999997831595655029, 125];[1, 1.0000000000000001110223024625157, 116];[1, 1.0, 94];[1, 1.3125, 68];[1, 1.0, 63];[1, 0.0, 0];[-1, 1.0, 63];[-1, 1.75, 65];[-1, 1.3125, 68];[-1, 1.953125, 72];[-1, 1.999999999068677425384521484375, 93];[-1, 1.0, 94];[-1, 1.9999999999999997779553950749687, 115];[-1, 1.0000000000000001110223024625157, 116];[-1, 1.9999999999999999997831595655029, 125];[-1, 1.9999999999999999998915797827514, 126];[1, 1.9999999999999999997831595655029, 125];[1, 1.9999999999999999995663191310058, 125];[1, 1.0000000000000001109138822452671, 116];[1, 1.9999999999999999997831595655029, 93];[1, 1.3124999999999999998576984648613, 68];[1, 1.9999999999999999997831595655029, 62];[1, 0.0, 0];[-1, 1.9999999999999999997831595655029, 62];[-1, 1.749999999999999999810264619815, 65];[-1, 1.3124999999999999998576984648613, 68];[-1, 1.9531249999999999997882417631864, 72];[-1, 1.9999999990686774251676810499789, 93];[-1, 1.9999999999999999997831595655029, 93];[-1, 1.9999999999999997777385546404716, 115];[-1, 1.0000000000000001109138822452671, 116];[-1, 1.9999999999999999995663191310058, 125];[-1, 1.9999999999999999996747393482543, 126];[1, 1.0000000000000001110223024625157, 116];[1, 1.0000000000000001109138822452671, 116];[1, 1.0000000000000002220446049250313, 106];[1, 1.0000000000000001110223024625157, 84];[1, 1.3125000000000001457167719820518, 58];[1, 1.0000000000000001110223024625157, 53];[1, 0.0, 0];[-1, 1.0000000000000001110223024625157, 53];[-1, 1.7500000000000001942890293094024, 55];[-1, 1.3125000000000001457167719820518, 58];[-1, 1.9531250000000002168404344971009, 62];[-1, 1.9999999990686776474291263060087, 83];[-1, 1.0000000000000001110223024625157, 84];[-1, 2.0, 105];[-1, 1.0000000000000002220446049250313, 106];[-1, 1.0000000000000001109138822452671, 116];[-1, 1.0000000000000001109680923538914, 117];[1, 1.0, 94];[1, 1.9999999999999999997831595655029, 93];[1, 1.0000000000000001110223024625157, 84];[1, 1.0, 62];[1, 1.3125, 36];[1, 1.0, 31];[1, 0.0, 0];[-1, 1.0, 31];[-1, 1.75, 33];[-1, 1.3125, 36];[-1, 1.953125, 40];[-1, 1.999999999068677425384521484375, 61];[-1, 1.0, 62];[-1, 1.9999999999999997779553950749687, 83];[-1, 1.0000000000000001110223024625157, 84];[-1, 1.9999999999999999997831595655029, 93];[-1, 1.9999999999999999998915797827514, 94];[1, 1.3125, 68];[1, 1.3124999999999999998576984648613, 68];[1, 1.3125000000000001457167719820518, 58];[1, 1.3125, 36];[1, 1.72265625, 10];[1, 1.3125, 5];[1, 0.0, 0];[-1, 1.3125, 5];[-1, 1.1484375, 8];[-1, 1.72265625, 10];[-1, 1.28173828125, 15];[-1, 1.3124999993888195604085922241211, 36];[-1, 1.3125, 36];[-1, 1.3124999999999998542832280179482, 58];[-1, 1.3125000000000001457167719820518, 58];[-1, 1.3124999999999999998576984648613, 68];[-1, 1.3124999999999999999288492324306, 69];[1, 1.0, 63];[1, 1.9999999999999999997831595655029, 62];[1, 1.0000000000000001110223024625157, 53];[1, 1.0, 31];[1, 1.3125, 5];[1, 1.0, 0];[1, 0.0, 0];[-1, 1.0, 0];[-1, 1.75, 2];[-1, 1.3125, 5];[-1, 1.953125, 9];[-1, 1.999999999068677425384521484375, 30];[-1, 1.0, 31];[-1, 1.9999999999999997779553950749687, 52];[-1, 1.0000000000000001110223024625157, 53];[-1, 1.9999999999999999997831595655029, 62];[-1, 1.9999999999999999998915797827514, 63];[1, 0.0, 0];[1, 0.0, 0];[1, 0.0, 0];[1, 0.0, 0];[1, 0.0, 0];[1, 0.0, 0];[1, 0.0, 0];[1, 0.0, 0];[1, 0.0, 0];[1, 0.0, 0];[1, 0.0, 0];[1, 0.0, 0];[1, 0.0, 0];[1, 0.0, 0];[1, 0.0, 0];[1, 0.0, 0];[1, 0.0, 0];[-1, 1.0, 63];[-1, 1.9999999999999999997831595655029, 62];[-1, 1.0000000000000001110223024625157, 53];[-1, 1.0, 31];[-1, 1.3125, 5];[-1, 1.0, 0];[1, 0.0, 0];[1, 1.0, 0];[1, 1.75, 2];[1, 1.3125, 5];[1, 1.953125, 9];[1, 1.999999999068677425384521484375, 30];[1, 1.0, 31];[1, 1.9999999999999997779553950749687, 52];[1, 1.0000000000000001110223024625157, 53];[1, 1.9999999999999999997831595655029, 62];[1, 1.9999999999999999998915797827514, 63];[-1, 1.75, 65];[-1, 1.749999999999999999810264619815, 65];[-1, 1.7500000000000001942890293094024, 55];[-1, 1.75, 33];[-1, 1.1484375, 8];[-1, 1.75, 2];[1, 0.0, 0];[1, 1.75, 2];[1, 1.53125, 5];[1, 1.1484375, 8];[1, 1.708984375, 12];[1, 1.7499999991850927472114562988281, 33];[1, 1.75, 33];[1, 1.7499999999999998057109706905976, 55];[1, 1.7500000000000001942890293094024, 55];[1, 1.749999999999999999810264619815, 65];[1, 1.7499999999999999999051323099075, 66];[-1, 1.3125, 68];[-1, 1.3124999999999999998576984648613, 68];[-1, 1.3125000000000001457167719820518, 58];[-1, 1.3125, 36];[-1, 1.72265625, 10];[-1, 1.3125, 5];[1, 0.0, 0];[1, 1.3125, 5];[1, 1.1484375, 8];[1, 1.72265625, 10];[1, 1.28173828125, 15];[1, 1.3124999993888195604085922241211, 36];[1, 1.3125, 36];[1, 1.3124999999999998542832280179482, 58];[1, 1.3125000000000001457167719820518, 58];[1, 1.3124999999999999998576984648613, 68];[1, 1.3124999999999999999288492324306, 69];[-1, 1.953125, 72];[-1, 1.9531249999999999997882417631864, 72];[-1, 1.9531250000000002168404344971009, 62];[-1, 1.953125, 40];[-1, 1.28173828125, 15];[-1, 1.953125, 9];[1, 0.0, 0];[1, 1.953125, 9];[1, 1.708984375, 12];[1, 1.28173828125, 15];[1, 1.9073486328125, 19];[1, 1.953124999090505298227071762085, 40];[1, 1.953125, 40];[1, 1.9531249999999997831595655028991, 62];[1, 1.9531250000000002168404344971009, 62];[1, 1.9531249999999999997882417631864, 72];[1, 1.9531249999999999998941208815932, 73];[-1, 1.999999999068677425384521484375, 93];[-1, 1.9999999990686774251676810499789, 93];[-1, 1.9999999990686776474291263060087, 83];[-1, 1.999999999068677425384521484375, 61];[-1, 1.3124999993888195604085922241211, 36];[-1, 1.999999999068677425384521484375, 30];[1, 0.0, 0];[1, 1.999999999068677425384521484375, 30];[1, 1.7499999991850927472114562988281, 33];[1, 1.3124999993888195604085922241211, 36];[1, 1.953124999090505298227071762085, 40];[1, 1.9999999981373548512027238377442, 61];[1, 1.999999999068677425384521484375, 61];[1, 1.9999999990686772033399166627413, 83];[1, 1.9999999990686776474291263060087, 83];[1, 1.9999999990686774251676810499789, 93];[1, 1.9999999990686774252761012671769, 94];[-1, 1.0, 94];[-1, 1.9999999999999999997831595655029, 93];[-1, 1.0000000000000001110223024625157, 84];[-1, 1.0, 62];[-1, 1.3125, 36];[-1, 1.0, 31];[1, 0.0, 0];[1, 1.0, 31];[1, 1.75, 33];[1, 1.3125, 36];[1, 1.953125, 40];[1, 1.999999999068677425384521484375, 61];[1, 1.0, 62];[1, 1.9999999999999997779553950749687, 83];[1, 1.0000000000000001110223024625157, 84];[1, 1.9999999999999999997831595655029, 93];[1, 1.9999999999999999998915797827514, 94];[-1, 1.9999999999999997779553950749687, 115];[-1, 1.9999999999999997777385546404716, 115];[-1, 2.0, 105];[-1, 1.9999999999999997779553950749687, 83];[-1, 1.3124999999999998542832280179482, 58];[-1, 1.9999999999999997779553950749687, 52];[1, 0.0, 0];[1, 1.9999999999999997779553950749687, 52];[1, 1.7499999999999998057109706905976, 55];[1, 1.3124999999999998542832280179482, 58];[1, 1.9531249999999997831595655028991, 62];[1, 1.9999999990686772033399166627413, 83];[1, 1.9999999999999997779553950749687, 83];[1, 1.9999999999999995559107901499374, 105];[1, 2.0, 105];[1, 1.9999999999999997777385546404716, 115];[1, 1.9999999999999997778469748577201, 116];[-1, 1.0000000000000001110223024625157, 116];[-1, 1.0000000000000001109138822452671, 116];[-1, 1.0000000000000002220446049250313, 106];[-1, 1.0000000000000001110223024625157, 84];[-1, 1.3125000000000001457167719820518, 58];[-1, 1.0000000000000001110223024625157, 53];[1, 0.0, 0];[1, 1.0000000000000001110223024625157, 53];[1, 1.7500000000000001942890293094024, 55];[1, 1.3125000000000001457167719820518, 58];[1, 1.9531250000000002168404344971009, 62];[1, 1.9999999990686776474291263060087, 83];[1, 1.0000000000000001110223024625157, 84];[1, 2.0, 105];[1, 1.0000000000000002220446049250313, 106];[1, 1.0000000000000001109138822452671, 116];[1, 1.0000000000000001109680923538914, 117];[-1, 1.9999999999999999997831595655029, 125];[-1, 1.9999999999999999995663191310058, 125];[-1, 1.0000000000000001109138822452671, 116];[-1, 1.9999999999999999997831595655029, 93];[-1, 1.3124999999999999998576984648613, 68];[-1, 1.9999999999999999997831595655029, 62];[1, 0.0, 0];[1, 1.9999999999999999997831595655029, 62];[1, 1.749999999999999999810264619815, 65];[1, 1.3124999999999999998576984648613, 68];[1, 1.9531249999999999997882417631864, 72];[1, 1.9999999990686774251676810499789, 93];[1, 1.9999999999999999997831595655029, 93];[1, 1.9999999999999997777385546404716, 115];[1, 1.0000000000000001109138822452671, 116];[1, 1.9999999999999999995663191310058, 125];[1, 1.9999999999999999996747393482543, 126];[-1, 1.9999999999999999998915797827514, 126];[-1, 1.9999999999999999996747393482543, 126];[-1, 1.0000000000000001109680923538914, 117];[-1, 1.9999999999999999998915797827514, 94];[-1, 1.3124999999999999999288492324306, 69];[-1, 1.9999999999999999998915797827514, 63];[1, 0.0, 0];[1, 1.9999999999999999998915797827514, 63];[1, 1.7499999999999999999051323099075, 66];[1, 1.3124999999999999999288492324306, 69];[1, 1.9531249999999999998941208815932, 73];[1, 1.9999999990686774252761012671769, 94];[1, 1.9999999999999999998915797827514, 94];[1, 1.9999999999999997778469748577201, 116];[1, 1.0000000000000001109680923538914, 117];[1, 1.9999999999999999996747393482543, 126];[1, 1.9999999999999999997831595655029, 127]",289,0
A2_2_4,1,whole|whole,Integer,BigDecimal,"whole/L1/17:-2^63,-2^63+1,-2^53-1,-2^31,-42,-1,0,1,7,42,1000,2^31-1,2^31,2^53-1,2^53+1,2^63-1,2^64-1","whole/L1/17:-2^63,-2^63+1,-2^53-1,-2^31,-42,-1,0,1,7,42,1000,2^31-1,2^31,2^53-1,2^53+1,2^63-1,2^64-1",289,"[1, 1.0, 126];[1, 1.9999999999999999997831595655029, 125];[1, 1.0000000000000001110223024625157, 116];[1, 1.0, 94];[1, 1.3125, 68];[1, 1.0, 63];[-1, 0.0, 0];[-1, 1.0, 63];[-1, 1.75, 65];[-1, 1.3125, 68];[-1, 1.953125, 72];[-1, 1.999999999068677425384521484375, 93];[-1, 1.0, 94];[-1, 1.9999999999999997779553950749687, 115];[-1, 1.0000000000000001110223024625157, 116];[-1, 1.9999999999999999997831595655029, 125];[-1, 1.9999999999999999998915797827514, 126];[1, 1.9999999999999999997831595655029, 125];[1, 1.9999999999999999995663191310058, 125];[1, 1.0000000000000001109138822452671, 116];[1, 1.9999999999999999997831595655029, 93];[1, 1.3124999999999999998576984648613, 68];[1, 1.9999999999999999997831595655029, 62];[-1, 0.0, 0];[-1, 1.9999999999999999997831595655029, 62];[-1, 1.749999999999999999810264619815, 65];[-1, 1.3124999999999999998576984648613, 68];[-1, 1.9531249999999999997882417631864, 72];[-1, 1.9999999990686774251676810499789, 93];[-1, 1.9999999999999999997831595655029, 93];[-1, 1.9999999999999997777385546404716, 115];[-1, 1.0000000000000001109138822452671, 116];[-1, 1.9999999999999999995663191310058, 125];[-1, 1.9999999999999999996747393482543, 126];[1, 1.0000000000000001110223024625157, 116];[1, 1.0000000000000001109138822452671, 116];[1, 1.0000000000000002220446049250313, 106];[1, 1.0000000000000001110223024625157, 84];[1, 1.3125000000000001457167719820518, 58];[1, 1.0000000000000001110223024625157, 53];[-1, 0.0, 0];[-1, 1.0000000000000001110223024625157, 53];[-1, 1.7500000000000001942890293094024, 55];[-1, 1.3125000000000001457167719820518, 58];[-1, 1.9531250000000002168404344971009, 62];[-1, 1.9999999990686776474291263060087, 83];[-1, 1.0000000000000001110223024625157, 84];[-1, 2.0, 105];[-1, 1.0000000000000002220446049250313, 106];[-1, 1.0000000000000001109138822452671, 116];[-1, 1.0000000000000001109680923538914, 117];[1, 1.0, 94];[1, 1.9999999999999999997831595655029, 93];[1, 1.0000000000000001110223024625157, 84];[1, 1.0, 62];[1, 1.3125, 36];[1, 1.0, 31];[-1, 0.0, 0];[-1, 1.0, 31];[-1, 1.75, 33];[-1, 1.3125, 36];[-1, 1.953125, 40];[-1, 1.999999999068677425384521484375, 61];[-1, 1.0, 62];[-1, 1.9999999999999997779553950749687, 83];[-1, 1.0000000000000001110223024625157, 84];[-1, 1.9999999999999999997831595655029, 93];[-1, 1.9999999999999999998915797827514, 94];[1, 1.3125, 68];[1, 1.3124999999999999998576984648613, 68];[1, 1.3125000000000001457167719820518, 58];[1, 1.3125, 36];[1, 1.72265625, 10];[1, 1.3125, 5];[-1, 0.0, 0];[-1, 1.3125, 5];[-1, 1.1484375, 8];[-1, 1.72265625, 10];[-1, 1.28173828125, 15];[-1, 1.3124999993888195604085922241211, 36];[-1, 1.3125, 36];[-1, 1.3124999999999998542832280179482, 58];[-1, 1.3125000000000001457167719820518, 58];[-1, 1.3124999999999999998576984648613, 68];[-1, 1.3124999999999999999288492324306, 69];[1, 1.0, 63];[1, 1.9999999999999999997831595655029, 62];[1, 1.0000000000000001110223024625157, 53];[1, 1.0, 31];[1, 1.3125, 5];[1, 1.0, 0];[-1, 0.0, 0];[-1, 1.0, 0];[-1, 1.75, 2];[-1, 1.3125, 5];[-1, 1.953125, 9];[-1, 1.999999999068677425384521484375, 30];[-1, 1.0, 31];[-1, 1.9999999999999997779553950749687, 52];[-1, 1.0000000000000001110223024625157, 53];[-1, 1.9999999999999999997831595655029, 62];[-1, 1.9999999999999999998915797827514, 63];[-1, 0.0, 0];[-1, 0.0, 0];[-1, 0.0, 0];[-1, 0.0, 0];[-1, 0.0, 0];[-1, 0.0, 0];[1, 0.0, 0];[1, 0.0, 0];[1, 0.0, 0];[1, 0.0, 0];[1, 0.0, 0];[1, 0.0, 0];[1, 0.0, 0];[1, 0.0, 0];[1, 0.0, 0];[1, 0.0, 0];[1, 0.0, 0];[-1, 1.0, 63];[-1, 1.9999999999999999997831595655029, 62];[-1, 1.0000000000000001110223024625157, 53];[-1, 1.0, 31];[-1, 1.3125, 5];[-1, 1.0, 0];[1, 0.0, 0];[1, 1.0, 0];[1, 1.75, 2];[1, 1.3125, 5];[1, 1.953125, 9];[1, 1.999999999068677425384521484375, 30];[1, 1.0, 31];[1, 1.9999999999999997779553950749687, 52];[1, 1.0000000000000001110223024625157, 53];[1, 1.9999999999999999997831595655029, 62];[1, 1.9999999999999999998915797827514, 63];[-1, 1.75, 65];[-1, 1.749999999999999999810264619815, 65];[-1, 1.7500000000000001942890293094024, 55];[-1, 1.75, 33];[-1, 1.1484375, 8];[-1, 1.75, 2];[1, 0.0, 0];[1, 1.75, 2];[1, 1.53125, 5];[1, 1.1484375, 8];[1, 1.708984375, 12];[1, 1.7499999991850927472114562988281, 33];[1, 1.75, 33];[1, 1.7499999999999998057109706905976, 55];[1, 1.7500000000000001942890293094024, 55];[1, 1.749999999999999999810264619815, 65];[1, 1.7499999999999999999051323099075, 66];[-1, 1.3125, 68];[-1, 1.3124999999999999998576984648613, 68];[-1, 1.3125000000000001457167719820518, 58];[-1, 1.3125, 36];[-1, 1.72265625, 10];[-1, 1.3125, 5];[1, 0.0, 0];[1, 1.3125, 5];[1, 1.1484375, 8];[1, 1.72265625, 10];[1, 1.28173828125, 15];[1, 1.3124999993888195604085922241211, 36];[1, 1.3125, 36];[1, 1.3124999999999998542832280179482, 58];[1, 1.3125000000000001457167719820518, 58];[1, 1.3124999999999999998576984648613, 68];[1, 1.3124999999999999999288492324306, 69];[-1, 1.953125, 72];[-1, 1.9531249999999999997882417631864, 72];[-1, 1.9531250000000002168404344971009, 62];[-1, 1.953125, 40];[-1, 1.28173828125, 15];[-1, 1.953125, 9];[1, 0.0, 0];[1, 1.953125, 9];[1, 1.708984375, 12];[1, 1.28173828125, 15];[1, 1.9073486328125, 19];[1, 1.953124999090505298227071762085, 40];[1, 1.953125, 40];[1, 1.9531249999999997831595655028991, 62];[1, 1.9531250000000002168404344971009, 62];[1, 1.9531249999999999997882417631864, 72];[1, 1.9531249999999999998941208815932, 73];[-1, 1.999999999068677425384521484375, 93];[-1, 1.9999999990686774251676810499789, 93];[-1, 1.9999999990686776474291263060087, 83];[-1, 1.999999999068677425384521484375, 61];[-1, 1.3124999993888195604085922241211, 36];[-1, 1.999999999068677425384521484375, 30];[1, 0.0, 0];[1, 1.999999999068677425384521484375, 30];[1, 1.7499999991850927472114562988281, 33];[1, 1.3124999993888195604085922241211, 36];[1, 1.953124999090505298227071762085, 40];[1, 1.9999999981373548512027238377442, 61];[1, 1.999999999068677425384521484375, 61];[1, 1.9999999990686772033399166627413, 83];[1, 1.9999999990686776474291263060087, 83];[1, 1.9999999990686774251676810499789, 93];[1, 1.9999999990686774252761012671769, 94];[-1, 1.0, 94];[-1, 1.9999999999999999997831595655029, 93];[-1, 1.0000000000000001110223024625157, 84];[-1, 1.0, 62];[-1, 1.3125, 36];[-1, 1.0, 31];[1, 0.0, 0];[1, 1.0, 31];[1, 1.75, 33];[1, 1.3125, 36];[1, 1.953125, 40];[1, 1.999999999068677425384521484375, 61];[1, 1.0, 62];[1, 1.9999999999999997779553950749687, 83];[1, 1.0000000000000001110223024625157, 84];[1, 1.9999999999999999997831595655029, 93];[1, 1.9999999999999999998915797827514, 94];[-1, 1.9999999999999997779553950749687, 115];[-1, 1.9999999999999997777385546404716, 115];[-1, 2.0, 105];[-1, 1.9999999999999997779553950749687, 83];[-1, 1.3124999999999998542832280179482, 58];[-1, 1.9999999999999997779553950749687, 52];[1, 0.0, 0];[1, 1.9999999999999997779553950749687, 52];[1, 1.7499999999999998057109706905976, 55];[1, 1.3124999999999998542832280179482, 58];[1, 1.9531249999999997831595655028991, 62];[1, 1.9999999990686772033399166627413, 83];[1, 1.9999999999999997779553950749687, 83];[1, 1.9999999999999995559107901499374, 105];[1, 2.0, 105];[1, 1.9999999999999997777385546404716, 115];[1, 1.9999999999999997778469748577201, 116];[-1, 1.0000000000000001110223024625157, 116];[-1, 1.0000000000000001109138822452671, 116];[-1, 1.0000000000000002220446049250313, 106];[-1, 1.0000000000000001110223024625157, 84];[-1, 1.3125000000000001457167719820518, 58];[-1, 1.0000000000000001110223024625157, 53];[1, 0.0, 0];[1, 1.0000000000000001110223024625157, 53];[1, 1.7500000000000001942890293094024, 55];[1, 1.3125000000000001457167719820518, 58];[1, 1.9531250000000002168404344971009, 62];[1, 1.9999999990686776474291263060087, 83];[1, 1.0000000000000001110223024625157, 84];[1, 2.0, 105];[1, 1.0000000000000002220446049250313, 106];[1, 1.0000000000000001109138822452671, 116];[1, 1.0000000000000001109680923538914, 117];[-1, 1.9999999999999999997831595655029, 125];[-1, 1.9999999999999999995663191310058, 125];[-1, 1.0000000000000001109138822452671, 116];[-1, 1.9999999999999999997831595655029, 93];[-1, 1.3124999999999999998576984648613, 68];[-1, 1.9999999999999999997831595655029, 62];[1, 0.0, 0];[1, 1.9999999999999999997831595655029, 62];[1, 1.749999999999999999810264619815, 65];[1, 1.3124999999999999998576984648613, 68];[1, 1.9531249999999999997882417631864, 72];[1, 1.9999999990686774251676810499789, 93];[1, 1.9999999999999999997831595655029, 93];[1, 1.9999999999999997777385546404716, 115];[1, 1.0000000000000001109138822452671, 116];[1, 1.9999999999999999995663191310058, 125];[1, 1.9999999999999999996747393482543, 126];[-1, 1.9999999999999999998915797827514, 126];[-1, 1.9999999999999999996747393482543, 126];[-1, 1.0000000000000001109680923538914, 117];[-1, 1.9999999999999999998915797827514, 94];[-1, 1.3124999999999999999288492324306, 69];[-1, 1.9999999999999999998915797827514, 63];[1, 0.0, 0];[1, 1.9999999999999999998915797827514, 63];[1, 1.7499999999999999999051323099075, 66];[1, 1.3124999999999999999288492324306, 69];[1, 1.9531249999999999998941208815932, 73];[1, 1.9999999990686774252761012671769, 94];[1, 1.9999999999999999998915797827514, 94];[1, 1.9999999999999997778469748577201, 116];[1, 1.0000000000000001109680923538914, 117];[1, 1.9999999999999999996747393482543, 126];[1, 1.9999999999999999997831595655029, 127]",289,0
A2_2_5,1,whole|fractional,Integer,Float,"whole/L1/17:-2^63,-2^63+1,-2^53-1,-2^31,-42,-1,0,1,7,42,1000,2^31-1,2^31,2^53-1,2^53+1,2^63-1,2^64-1","fractional/L1/16:-max_finite,-1.5,-1.0,-(1.0-1ulp),-0.0,+0.0,+min_subnormal,+min_normal,1.0-1ulp,1.0,1.0+1ulp,1.5,pi,2^53,max_finite,0.1",272,"[1, inf];[1, 1.5, 63];[1, 1.0, 63];[1, 1.9999999999999997779553950749687, 62];[1, 0.0, 0];[-1, 0.0, 0];[-1, 1.0, -1011];[-1, 1.0, -959];[-1, 1.9999999999999997779553950749687, 62];[-1, 1.0, 63];[-1, 1.0000000000000002220446049250313, 63];[-1, 1.5, 63];[-1, 1.5707963267948965579989817342721, 64];[-1, 1.0, 116];[-1, inf];[-1, 1.6000000000000000888178419700125, 59];[1, inf];[1, 1.5, 63];[1, 1.0, 63];[1, 1.9999999999999997779553950749687, 62];[1, 0.0, 0];[-1, 0.0, 0];[-1, 1.0, -1011];[-1, 1.0, -959];[-1, 1.9999999999999997779553950749687, 62];[-1, 1.0, 63];[-1, 1.0000000000000002220446049250313, 63];[-1, 1.5, 63];[-1, 1.5707963267948965579989817342721, 64];[-1, 1.0, 116];[-1, inf];[-1, 1.6000000000000000888178419700125, 59];[1, inf];[1, 1.5, 53];[1, 1.0, 53];[1, 1.9999999999999997779553950749687, 52];[1, 0.0, 0];[-1, 0.0, 0];[-1, 1.0, -1021];[-1, 1.0, -969];[-1, 1.9999999999999997779553950749687, 52];[-1, 1.0, 53];[-1, 1.0000000000000002220446049250313, 53];[-1, 1.5, 53];[-1, 1.5707963267948965579989817342721, 54];[-1, 1.0, 106];[-1, inf];[-1, 1.6000000000000000888178419700125, 49];[1, inf];[1, 1.5, 31];[1, 1.0, 31];[1, 1.9999999999999997779553950749687, 30];[1, 0.0, 0];[-1, 0.0, 0];[-1, 1.0, -1043];[-1, 1.0, -991];[-1, 1.9999999999999997779553950749687, 30];[-1, 1.0, 31];[-1, 1.0000000000000002220446049250313, 31];[-1, 1.5, 31];[-1, 1.5707963267948965579989817342721, 32];[-1, 1.0, 84];[-1, inf];[-1, 1.6000000000000000888178419700125, 27];[1, inf];[1, 1.96875, 5];[1, 1.3125, 5];[1, 1.3124999999999997779553950749687, 5];[1, 0.0, 0];[-1, 0.0, 0];[-1, 1.3125, -1069];[-1, 1.3125, -1017];[-1, 1.3124999999999997779553950749687, 5];[-1, 1.3125, 5];[-1, 1.3125000000000002220446049250313, 5];[-1, 1.96875, 5];[-1, 1.0308350894591509216979829943739, 7];[-1, 1.3125, 58];[-1, inf];[-1, 1.0500000000000000444089209850063, 2];[1, 1.9999999999999997779553950749687, 1023];[1, 1.5, 0];[1, 1.0, 0];[1, 1.9999999999999997779553950749687, -1];[1, 0.0, 0];[-1, 0.0, 0];[-1, 1.0, -1074];[-1, 1.0, -1022];[-1, 1.9999999999999997779553950749687, -1];[-1, 1.0, 0];[-1, 1.0000000000000002220446049250313, 0];[-1, 1.5, 0];[-1, 1.5707963267948965579989817342721, 1];[-1, 1.0, 53];[-1, 1.9999999999999997779553950749687, 1023];[-1, 1.6000000000000000888178419700125, -4];[-1, 0.0, 0];[-1, 0.0, 0];[-1, 0.0, 0];[-1, 0.0, 0];[-1, 0.0, 0];[1, 0.0, 0];[1, 0.0, 0];[1, 0.0, 0];[1, 0.0, 0];[1, 0.0, 0];[1, 0.0, 0];[1, 0.0, 0];[1, 0.0, 0];[1, 0.0, 0];[1, 0.0, 0];[1, 0.0, 0];[-1, 1.9999999999999997779553950749687, 1023];[-1, 1.5, 0];[-1, 1.0, 0];[-1, 1.9999999999999997779553950749687, -1];[-1, 0.0, 0];[1, 0.0, 0];[1, 1.0, -1074];[1, 1.0, -1022];[1, 1.9999999999999997779553950749687, -1];[1, 1.0, 0];[1, 1.0000000000000002220446049250313, 0];[1, 1.5, 0];[1, 1.5707963267948965579989817342721, 1];[1, 1.0, 53];[1, 1.9999999999999997779553950749687, 1023];[1, 1.6000000000000000888178419700125, -4];[-1, inf];[-1, 1.3125, 3];[-1, 1.75, 2];[-1, 1.7499999999999997779553950749687, 2];[-1, 0.0, 0];[1, 0.0, 0];[1, 1.75, -1072];[1, 1.75, -1020];[1, 1.7499999999999997779553950749687, 2];[1, 1.75, 2];[1, 1.7500000000000004440892098500626, 2];[1, 1.3125, 3];[1, 1.3744467859455344882491090174881, 4];[1, 1.75, 55];[1, inf];[1, 1.4000000000000001332267629550188, -1];[-1, inf];[-1, 1.96875, 5];[-1, 1.3125, 5];[-1, 1.3124999999999997779553950749687, 5];[-1, 0.0, 0];[1, 0.0, 0];[1, 1.3125, -1069];[1, 1.3125, -1017];[1, 1.3124999999999997779553950749687, 5];[1, 1.3125, 5];[1, 1.3125000000000002220446049250313, 5];[1, 1.96875, 5];[1, 1.0308350894591509216979829943739, 7];[1, 1.3125, 58];[1, inf];[1, 1.0500000000000000444089209850063, 2];[-1, inf];[-1, 1.46484375, 10];[-1, 1.953125, 9];[-1, 1.9531249999999997779553950749687, 9];[-1, 0.0, 0];[1, 0.0, 0];[1, 1.953125, -1065];[1, 1.953125, -1013];[1, 1.9531249999999997779553950749687, 9];[1, 1.953125, 9];[1, 1.9531250000000004440892098500626, 9];[1, 1.46484375, 10];[1, 1.5339807878856410727763659451739, 11];[1, 1.953125, 62];[1, inf];[1, 1.5625, 6];[-1, inf];[-1, 1.4999999993015080690383911132812, 31];[-1, 1.999999999068677425384521484375, 30];[-1, 1.9999999990686772033399165593437, 30];[-1, 0.0, 0];[1, 0.0, 0];[1, 1.999999999068677425384521484375, -1044];[1, 1.999999999068677425384521484375, -992];[1, 1.9999999990686772033399165593437, 30];[1, 1.999999999068677425384521484375, 30];[1, 1.9999999990686778694737313344376, 30];[1, 1.4999999993015080690383911132812, 31];[1, 1.5707963260634374424995485242107, 32];[1, 1.999999999068677425384521484375, 83];[1, inf];[1, 1.5999999992549420735343801425188, 27];[-1, inf];[-1, 1.5, 31];[-1, 1.0, 31];[-1, 1.9999999999999997779553950749687, 30];[-1, 0.0, 0];[1, 0.0, 0];[1, 1.0, -1043];[1, 1.0, -991];[1, 1.9999999999999997779553950749687, 30];[1, 1.0, 31];[1, 1.0000000000000002220446049250313, 31];[1, 1.5, 31];[1, 1.5707963267948965579989817342721, 32];[1, 1.0, 84];[1, inf];[1, 1.6000000000000000888178419700125, 27];[-1, inf];[-1, 1.4999999999999997779553950749687, 53];[-1, 1.9999999999999997779553950749687, 52];[-1, 1.9999999999999995559107901499374, 52];[-1, 0.0, 0];[1, 0.0, 0];[1, 1.9999999999999997779553950749687, -1022];[1, 1.9999999999999997779553950749687, -970];[1, 1.9999999999999995559107901499374, 52];[1, 1.9999999999999997779553950749687, 52];[1, 1.0, 53];[1, 1.4999999999999997779553950749687, 53];[1, 1.5707963267948963359543768092408, 54];[1, 1.9999999999999997779553950749687, 105];[1, inf];[1, 1.5999999999999998667732370449812, 49];[-1, inf];[-1, 1.5, 53];[-1, 1.0, 53];[-1, 1.9999999999999997779553950749687, 52];[-1, 0.0, 0];[1, 0.0, 0];[1, 1.0, -1021];[1, 1.0, -969];[1, 1.9999999999999997779553950749687, 52];[1, 1.0, 53];[1, 1.0000000000000002220446049250313, 53];[1, 1.5, 53];[1, 1.5707963267948965579989817342721, 54];[1, 1.0, 106];[1, inf];[1, 1.6000000000000000888178419700125, 49];[-1, inf];[-1, 1.5, 63];[-1, 1.0, 63];[-1, 1.9999999999999997779553950749687, 62];[-1, 0.0, 0];[1, 0.0, 0];[1, 1.0, -1011];[1, 1.0, -959];[1, 1.9999999999999997779553950749687, 62];[1, 1.0, 63];[1, 1.0000000000000002220446049250313, 63];[1, 1.5, 63];[1, 1.5707963267948965579989817342721, 64];[1, 1.0, 116];[1, inf];[1, 1.6000000000000000888178419700125, 59];[-1, inf];[-1, 1.5, 64];[-1, 1.0, 64];[-1, 1.9999999999999997779553950749687, 63];[-1, 0.0, 0];[1, 0.0, 0];[1, 1.0, -1010];[1, 1.0, -958];[1, 1.9999999999999997779553950749687, 63];[1, 1.0, 64];[1, 1.0000000000000002220446049250313, 64];[1, 1.5, 64];[1, 1.5707963267948965579989817342721, 65];[1, 1.0, 117];[1, inf];[1, 1.6000000000000000888178419700125, 60]",272,0
A2_2_6,1,whole|fractional,Integer,Rational,"whole/L1/17:-2^63,-2^63+1,-2^53-1,-2^31,-42,-1,0,1,7,42,1000,2^31-1,2^31,2^53-1,2^53+1,2^63-1,2^64-1","fractional/L1/15:-max_finite,-1.5,-1.0,-(1.0-1ulp),+0.0,+min_subnormal,+min_normal,1.0-1ulp,1.0,1.0+1ulp,1.5,pi,2^53,max_finite,0.1",255,"[1, 1.9999999999999997779553950749687, 1086];[1, 1.5, 63];[1, 1.0, 63];[1, 1.9999999999999997779553950749687, 62];[1, 0.0, 0];[-1, 1.0, -1011];[-1, 1.0, -959];[-1, 1.9999999999999997779553950749687, 62];[-1, 1.0, 63];[-1, 1.0000000000000002220446049250313, 63];[-1, 1.5, 63];[-1, 1.5707963267948965579989817342721, 64];[-1, 1.0, 116];[-1, 1.9999999999999997779553950749687, 1086];[-1, 1.6000000000000000888178419700125, 59];[1, 1.9999999999999997777385546404716, 1086];[1, 1.4999999999999999998373696741272, 63];[1, 1.9999999999999999997831595655029, 62];[1, 1.9999999999999997777385546404716, 62];[1, 0.0, 0];[-1, 1.9999999999999999997831595655029, -1012];[-1, 1.9999999999999999997831595655029, -960];[-1, 1.9999999999999997777385546404716, 62];[-1, 1.9999999999999999997831595655029, 62];[-1, 1.0000000000000002219361847077828, 63];[-1, 1.4999999999999999998373696741272, 63];[-1, 1.5707963267948965578286756552678, 64];[-1, 1.9999999999999999997831595655029, 115];[-1, 1.9999999999999997777385546404716, 1086];[-1, 1.6000000000000000886443696224148, 59];[1, 2.0, 1076];[1, 1.5000000000000001665334536937735, 53];[1, 1.0000000000000001110223024625157, 53];[1, 2.0, 52];[1, 0.0, 0];[-1, 1.0000000000000001110223024625157, -1021];[-1, 1.0000000000000001110223024625157, -969];[-1, 2.0, 52];[-1, 1.0000000000000001110223024625157, 53];[-1, 1.000000000000000333066907387547, 53];[-1, 1.5000000000000001665334536937735, 53];[-1, 1.5707963267948967323924066347037, 54];[-1, 1.0000000000000001110223024625157, 106];[-1, 2.0, 1076];[-1, 1.6000000000000002664535259100376, 49];[1, 1.9999999999999997779553950749687, 1054];[1, 1.5, 31];[1, 1.0, 31];[1, 1.9999999999999997779553950749687, 30];[1, 0.0, 0];[-1, 1.0, -1043];[-1, 1.0, -991];[-1, 1.9999999999999997779553950749687, 30];[-1, 1.0, 31];[-1, 1.0000000000000002220446049250313, 31];[-1, 1.5, 31];[-1, 1.5707963267948965579989817342721, 32];[-1, 1.0, 84];[-1, 1.9999999999999997779553950749687, 1054];[-1, 1.6000000000000000888178419700125, 27];[1, 1.3124999999999998542832280179482, 1029];[1, 1.96875, 5];[1, 1.3125, 5];[1, 1.3124999999999998542832280179482, 5];[1, 0.0, 0];[-1, 1.3125, -1069];[-1, 1.3125, -1017];[-1, 1.3124999999999998542832280179482, 5];[-1, 1.3125, 5];[-1, 1.3125000000000002914335439641036, 5];[-1, 1.96875, 5];[-1, 1.0308350894591508661868317631161, 7];[-1, 1.3125, 58];[-1, 1.3124999999999998542832280179482, 1029];[-1, 1.0500000000000000582867087928207, 2];[1, 1.9999999999999997779553950749687, 1023];[1, 1.5, 0];[1, 1.0, 0];[1, 1.9999999999999997779553950749687, -1];[1, 0.0, 0];[-1, 1.0, -1074];[-1, 1.0, -1022];[-1, 1.9999999999999997779553950749687, -1];[-1, 1.0, 0];[-1, 1.0000000000000002220446049250313, 0];[-1, 1.5, 0];[-1, 1.5707963267948965579989817342721, 1];[-1, 1.0, 53];[-1, 1.9999999999999997779553950749687, 1023];[-1, 1.6000000000000000888178419700125, -4];[1, 0.0, 0];[1, 0.0, 0];[1, 0.0, 0];[1, 0.0, 0];[1, 0.0, 0];[1, 0.0, 0];[1, 0.0, 0];[1, 0.0, 0];[1, 0.0, 0];[1, 0.0, 0];[1, 0.0, 0];[1, 0.0, 0];[1, 0.0, 0];[1, 0.0, 0];[1, 0.0, 0];[-1, 1.9999999999999997779553950749687, 1023];[-1, 1.5, 0];[-1, 1.0, 0];[-1, 1.9999999999999997779553950749687, -1];[1, 0.0, 0];[1, 1.0, -1074];[1, 1.0, -1022];[1, 1.9999999999999997779553950749687, -1];[1, 1.0, 0];[1, 1.0000000000000002220446049250313, 0];[1, 1.5, 0];[1, 1.5707963267948965579989817342721, 1];[1, 1.0, 53];[1, 1.9999999999999997779553950749687, 1023];[1, 1.6000000000000000888178419700125, -4];[-1, 1.7499999999999998057109706905976, 1026];[-1, 1.3125, 3];[-1, 1.75, 2];[-1, 1.7499999999999998057109706905976, 2];[1, 0.0, 0];[1, 1.75, -1072];[1, 1.75, -1020];[1, 1.7499999999999998057109706905976, 2];[1, 1.75, 2];[1, 1.7500000000000003885780586188048, 2];[1, 1.3125, 3];[1, 1.3744467859455344882491090174881, 4];[1, 1.75, 55];[1, 1.7499999999999998057109706905976, 1026];[1, 1.400000000000000077715611723761, -1];[-1, 1.3124999999999998542832280179482, 1029];[-1, 1.96875, 5];[-1, 1.3125, 5];[-1, 1.3124999999999998542832280179482, 5];[1, 0.0, 0];[1, 1.3125, -1069];[1, 1.3125, -1017];[1, 1.3124999999999998542832280179482, 5];[1, 1.3125, 5];[1, 1.3125000000000002914335439641036, 5];[1, 1.96875, 5];[1, 1.0308350894591508661868317631161, 7];[1, 1.3125, 58];[1, 1.3124999999999998542832280179482, 1029];[1, 1.0500000000000000582867087928207, 2];[-1, 1.9531249999999997831595655028991, 1033];[-1, 1.46484375, 10];[-1, 1.953125, 9];[-1, 1.9531249999999997831595655028991, 9];[1, 0.0, 0];[1, 1.953125, -1065];[1, 1.953125, -1013];[1, 1.9531249999999997831595655028991, 9];[1, 1.953125, 9];[1, 1.9531250000000004336808689942018, 9];[1, 1.46484375, 10];[1, 1.5339807878856411699208805998751, 11];[1, 1.953125, 62];[1, 1.9531249999999997831595655028991, 1033];[1, 1.5625000000000000867361737988404, 6];[-1, 1.9999999990686772033399166627413, 1054];[-1, 1.4999999993015080690383911132812, 31];[-1, 1.999999999068677425384521484375, 30];[-1, 1.9999999990686772033399166627413, 30];[1, 0.0, 0];[1, 1.999999999068677425384521484375, -1044];[1, 1.999999999068677425384521484375, -992];[1, 1.9999999990686772033399166627413, 30];[1, 1.999999999068677425384521484375, 30];[1, 1.9999999990686778694737311276425, 30];[1, 1.4999999993015080690383911132812, 31];[1, 1.57079632606343751836540192226, 32];[1, 1.999999999068677425384521484375, 83];[1, 1.9999999990686772033399166627413, 1054];[1, 1.5999999992549420291254591161535, 27];[-1, 1.9999999999999997779553950749687, 1054];[-1, 1.5, 31];[-1, 1.0, 31];[-1, 1.9999999999999997779553950749687, 30];[1, 0.0, 0];[1, 1.0, -1043];[1, 1.0, -991];[1, 1.9999999999999997779553950749687, 30];[1, 1.0, 31];[1, 1.0000000000000002220446049250313, 31];[1, 1.5, 31];[1, 1.5707963267948965579989817342721, 32];[1, 1.0, 84];[1, 1.9999999999999997779553950749687, 1054];[1, 1.6000000000000000888178419700125, 27];[-1, 1.9999999999999995559107901499374, 1076];[-1, 1.4999999999999998334665463062265, 53];[-1, 1.9999999999999997779553950749687, 52];[-1, 1.9999999999999995559107901499374, 52];[1, 0.0, 0];[1, 1.9999999999999997779553950749687, -1022];[1, 1.9999999999999997779553950749687, -970];[1, 1.9999999999999995559107901499374, 52];[1, 1.9999999999999997779553950749687, 52];[1, 1.0000000000000001110223024625156, 53];[1, 1.4999999999999998334665463062265, 53];[1, 1.5707963267948963836055568338405, 54];[1, 1.9999999999999997779553950749687, 105];[1, 1.9999999999999995559107901499374, 1076];[1, 1.5999999999999999111821580299875, 49];[-1, 2.0, 1076];[-1, 1.5000000000000001665334536937735, 53];[-1, 1.0000000000000001110223024625157, 53];[-1, 2.0, 52];[1, 0.0, 0];[1, 1.0000000000000001110223024625157, -1021];[1, 1.0000000000000001110223024625157, -969];[1, 2.0, 52];[1, 1.0000000000000001110223024625157, 53];[1, 1.000000000000000333066907387547, 53];[1, 1.5000000000000001665334536937735, 53];[1, 1.5707963267948967323924066347037, 54];[1, 1.0000000000000001110223024625157, 106];[1, 2.0, 1076];[1, 1.6000000000000002664535259100376, 49];[-1, 1.9999999999999997777385546404716, 1086];[-1, 1.4999999999999999998373696741272, 63];[-1, 1.9999999999999999997831595655029, 62];[-1, 1.9999999999999997777385546404716, 62];[1, 0.0, 0];[1, 1.9999999999999999997831595655029, -1012];[1, 1.9999999999999999997831595655029, -960];[1, 1.9999999999999997777385546404716, 62];[1, 1.9999999999999999997831595655029, 62];[1, 1.0000000000000002219361847077828, 63];[1, 1.4999999999999999998373696741272, 63];[1, 1.5707963267948965578286756552678, 64];[1, 1.9999999999999999997831595655029, 115];[1, 1.9999999999999997777385546404716, 1086];[1, 1.6000000000000000886443696224148, 59];[-1, 1.9999999999999997778469748577201, 1087];[-1, 1.4999999999999999999186848370636, 64];[-1, 1.9999999999999999998915797827514, 63];[-1, 1.9999999999999997778469748577201, 63];[1, 0.0, 0];[1, 1.9999999999999999998915797827514, -1011];[1, 1.9999999999999999998915797827514, -959];[1, 1.9999999999999997778469748577201, 63];[1, 1.9999999999999999998915797827514, 63];[1, 1.000000000000000221990394816407, 64];[1, 1.4999999999999999999186848370636, 64];[1, 1.5707963267948965579138286947699, 65];[1, 1.9999999999999999998915797827514, 116];[1, 1.9999999999999997778469748577201, 1087];[1, 1.6000000000000000887311057962137, 60]",255,0
A2_2_7,1,whole|fractional,Integer,BigDecimal,"whole/L1/17:-2^63,-2^63+1,-2^53-1,-2^31,-42,-1,0,1,7,42,1000,2^31-1,2^31,2^53-1,2^53+1,2^63-1,2^64-1","fractional/L1/16:-max_finite,-1.5,-1.0,-(1.0-1ulp),-0.0,+0.0,+min_subnormal,+min_normal,1.0-1ulp,1.0,1.0+1ulp,1.5,pi,2^53,max_finite,0.1",272,"[1, 1.9999999999999997688934766870555, 1086];[1, 1.5, 63];[1, 1.0, 63];[1, 1.9999999999999998, 62];[1, 0.0, 0];[-1, 0.0, 0];[-1, 1.0120112665365530917624767335946, -1011];[-1, 1.0000000000000000075996431390427, -959];[-1, 1.9999999999999998, 62];[-1, 1.0, 63];[-1, 1.0000000000000002, 63];[-1, 1.5, 63];[-1, 1.5707963267948965, 64];[-1, 1.0, 116];[-1, 1.9999999999999997688934766870555, 1086];[-1, 1.6, 59];[1, 1.9999999999999997686766362525584, 1086];[1, 1.4999999999999999998373696741272, 63];[1, 1.9999999999999999997831595655029, 62];[1, 1.9999999999999997997831595655029, 62];[1, 0.0, 0];[-1, 0.0, 0];[-1, 1.0120112665365530916527542522187, -1011];[-1, 1.0000000000000000074912229217942, -959];[-1, 1.9999999999999997997831595655029, 62];[-1, 1.9999999999999999997831595655029, 62];[-1, 1.0000000000000001998915797827514, 63];[-1, 1.4999999999999999998373696741272, 63];[-1, 1.5707963267948964998296939209957, 64];[-1, 1.9999999999999999997831595655029, 115];[-1, 1.9999999999999997686766362525584, 1086];[-1, 1.5999999999999999998265276524023, 59];[1, 1.9999999999999999909380816120868, 1076];[1, 1.5000000000000001665334536937735, 53];[1, 1.0000000000000001110223024625157, 53];[1, 1.0000000000000000110223024625156, 53];[1, 0.0, 0];[-1, 0.0, 0];[-1, 1.0120112665365532041182976624893, -1021];[-1, 1.0000000000000001186219456015584, -969];[-1, 1.0000000000000000110223024625156, 53];[-1, 1.0000000000000001110223024625157, 53];[-1, 1.0000000000000003110223024625157, 53];[-1, 1.5000000000000001665334536937735, 53];[-1, 1.5707963267948966743934249004316, 54];[-1, 1.0000000000000001110223024625157, 106];[-1, 1.9999999999999999909380816120868, 1076];[-1, 1.600000000000000177635683940025, 49];[1, 1.9999999999999997688934766870555, 1054];[1, 1.5, 31];[1, 1.0, 31];[1, 1.9999999999999998, 30];[1, 0.0, 0];[-1, 0.0, 0];[-1, 1.0120112665365530917624767335946, -1043];[-1, 1.0000000000000000075996431390427, -991];[-1, 1.9999999999999998, 30];[-1, 1.0, 31];[-1, 1.0000000000000002, 31];[-1, 1.5, 31];[-1, 1.5707963267948965, 32];[-1, 1.0, 84];[-1, 1.9999999999999997688934766870555, 1054];[-1, 1.6, 27];[1, 1.3124999999999998483363440758802, 1029];[1, 1.96875, 5];[1, 1.3125, 5];[1, 1.31249999999999986875, 5];[1, 0.0, 0];[-1, 0.0, 0];[-1, 1.3282647873292259329382507128429, -1069];[-1, 1.3125000000000000099745316199936, -1017];[-1, 1.31249999999999986875, 5];[-1, 1.3125, 5];[-1, 1.3125000000000002625, 5];[-1, 1.96875, 5];[-1, 1.030835089459150828125, 7];[-1, 1.3125, 58];[-1, 1.3124999999999998483363440758802, 1029];[-1, 1.05, 2];[1, 1.9999999999999997688934766870555, 1023];[1, 1.5, 0];[1, 1.0, 0];[1, 1.9999999999999998, -1];[1, 0.0, 0];[-1, 0.0, 0];[-1, 1.0120112665365530917624767335946, -1074];[-1, 1.0000000000000000075996431390427, -1022];[-1, 1.9999999999999998, -1];[-1, 1.0, 0];[-1, 1.0000000000000002, 0];[-1, 1.5, 0];[-1, 1.5707963267948965, 1];[-1, 1.0, 53];[-1, 1.9999999999999997688934766870555, 1023];[-1, 1.6, -4];[-1, 0.0, 0];[-1, 0.0, 0];[-1, 0.0, 0];[-1, 0.0, 0];[-1, 0.0, 0];[1, 0.0, 0];[1, 0.0, 0];[1, 0.0, 0];[1, 0.0, 0];[1, 0.0, 0];[1, 0.0, 0];[1, 0.0, 0];[1, 0.0, 0];[1, 0.0, 0];[1, 0.0, 0];[1, 0.0, 0];[-1, 1.9999999999999997688934766870555, 1023];[-1, 1.5, 0];[-1, 1.0, 0];[-1, 1.9999999999999998, -1];[-1, 0.0, 0];[1, 0.0, 0];[1, 1.0120112665365530917624767335946, -1074];[1, 1.0000000000000000075996431390427, -1022];[1, 1.9999999999999998, -1];[1, 1.0, 0];[1, 1.0000000000000002, 0];[1, 1.5, 0];[1, 1.5707963267948965, 1];[1, 1.0, 53];[1, 1.9999999999999997688934766870555, 1023];[1, 1.6, -4];[-1, 1.7499999999999997977817921011736, 1026];[-1, 1.3125, 3];[-1, 1.75, 2];[-1, 1.749999999999999825, 2];[-1, 0.0, 0];[1, 0.0, 0];[1, 1.7710197164389679105843342837905, -1072];[1, 1.7500000000000000132993754933248, -1020];[1, 1.749999999999999825, 2];[1, 1.75, 2];[1, 1.75000000000000035, 2];[1, 1.3125, 3];[1, 1.3744467859455344375, 4];[1, 1.75, 55];[1, 1.7499999999999997977817921011736, 1026];[1, 1.4, -1];[-1, 1.3124999999999998483363440758802, 1029];[-1, 1.96875, 5];[-1, 1.3125, 5];[-1, 1.31249999999999986875, 5];[-1, 0.0, 0];[1, 0.0, 0];[1, 1.3282647873292259329382507128429, -1069];[1, 1.3125000000000000099745316199936, -1017];[1, 1.31249999999999986875, 5];[1, 1.3125, 5];[1, 1.3125000000000002625, 5];[1, 1.96875, 5];[1, 1.030835089459150828125, 7];[1, 1.3125, 58];[1, 1.3124999999999998483363440758802, 1029];[1, 1.05, 2];[-1, 1.9531249999999997743100358272027, 1033];[-1, 1.46484375, 10];[-1, 1.953125, 9];[-1, 1.9531249999999998046875, 9];[-1, 0.0, 0];[1, 0.0, 0];[1, 1.9765845049542052573485873703019, -1065];[1, 1.9531250000000000148430530059428, -1013];[1, 1.9531249999999998046875, 9];[1, 1.953125, 9];[1, 1.953125000000000390625, 9];[1, 1.46484375, 10];[1, 1.53398078788564111328125, 11];[1, 1.953125, 62];[1, 1.9531249999999997743100358272027, 1033];[1, 1.5625, 6];[-1, 1.9999999990686771942779982790479, 1054];[-1, 1.4999999993015080690383911132812, 31];[-1, 1.999999999068677425384521484375, 30];[-1, 1.9999999990686772253845215775073, 30];[-1, 0.0, 0];[1, 0.0, 0];[1, 1.0120112660652986226171297922788, -1043];[1, 1.9999999990686774405838077553827, -992];[1, 1.9999999990686772253845215775073, 30];[1, 1.999999999068677425384521484375, 30];[1, 1.9999999990686778253845212981105, 30];[1, 1.4999999993015080690383911132812, 31];[1, 1.5707963260634374603664202149957, 32];[1, 1.999999999068677425384521484375, 83];[1, 1.9999999990686771942779982790479, 1054];[1, 1.5999999992549419403076171875, 27];[-1, 1.9999999999999997688934766870555, 1054];[-1, 1.5, 31];[-1, 1.0, 31];[-1, 1.9999999999999998, 30];[-1, 0.0, 0];[1, 0.0, 0];[1, 1.0120112665365530917624767335946, -1043];[1, 1.0000000000000000075996431390427, -991];[1, 1.9999999999999998, 30];[1, 1.0, 31];[1, 1.0000000000000002, 31];[1, 1.5, 31];[1, 1.5707963267948965, 32];[1, 1.0, 84];[1, 1.9999999999999997688934766870555, 1054];[1, 1.6, 27];[-1, 1.9999999999999995468488717620242, 1076];[-1, 1.4999999999999998334665463062265, 53];[-1, 1.9999999999999997779553950749687, 52];[-1, 1.9999999999999995779553950749687, 52];[-1, 0.0, 0];[1, 0.0, 0];[1, 1.0120112665365529794066558046998, -1021];[1, 1.9999999999999997931546813530542, -970];[1, 1.9999999999999995779553950749687, 52];[1, 1.9999999999999997779553950749687, 52];[1, 1.0000000000000000889776975374843, 53];[1, 1.4999999999999998334665463062265, 53];[1, 1.5707963267948963256065750995684, 54];[1, 1.9999999999999997779553950749687, 105];[1, 1.9999999999999995468488717620242, 1076];[1, 1.599999999999999822364316059975, 49];[-1, 1.9999999999999999909380816120868, 1076];[-1, 1.5000000000000001665334536937735, 53];[-1, 1.0000000000000001110223024625157, 53];[-1, 1.0000000000000000110223024625156, 53];[-1, 0.0, 0];[1, 0.0, 0];[1, 1.0120112665365532041182976624893, -1021];[1, 1.0000000000000001186219456015584, -969];[1, 1.0000000000000000110223024625156, 53];[1, 1.0000000000000001110223024625157, 53];[1, 1.0000000000000003110223024625157, 53];[1, 1.5000000000000001665334536937735, 53];[1, 1.5707963267948966743934249004316, 54];[1, 1.0000000000000001110223024625157, 106];[1, 1.9999999999999999909380816120868, 1076];[1, 1.600000000000000177635683940025, 49];[-1, 1.9999999999999997686766362525584, 1086];[-1, 1.4999999999999999998373696741272, 63];[-1, 1.9999999999999999997831595655029, 62];[-1, 1.9999999999999997997831595655029, 62];[-1, 0.0, 0];[1, 0.0, 0];[1, 1.0120112665365530916527542522187, -1011];[1, 1.0000000000000000074912229217942, -959];[1, 1.9999999999999997997831595655029, 62];[1, 1.9999999999999999997831595655029, 62];[1, 1.0000000000000001998915797827514, 63];[1, 1.4999999999999999998373696741272, 63];[1, 1.5707963267948964998296939209957, 64];[1, 1.9999999999999999997831595655029, 115];[1, 1.9999999999999997686766362525584, 1086];[1, 1.5999999999999999998265276524023, 59];[-1, 1.999999999999999768785056469807, 1087];[-1, 1.4999999999999999999186848370636, 64];[-1, 1.9999999999999999998915797827514, 63];[-1, 1.9999999999999997998915797827514, 63];[-1, 0.0, 0];[1, 0.0, 0];[1, 1.0120112665365530917076154929066, -1010];[1, 1.0000000000000000075454330304185, -958];[1, 1.9999999999999997998915797827514, 63];[1, 1.9999999999999999998915797827514, 63];[1, 1.0000000000000001999457898913757, 64];[1, 1.4999999999999999999186848370636, 64];[1, 1.5707963267948964999148469604978, 65];[1, 1.9999999999999999998915797827514, 116];[1, 1.999999999999999768785056469807, 1087];[1, 1.5999999999999999999132638262012, 60]",272,0
A2_3_1,1,whole|truth,Rational,TrueFalse,"whole/L1/17:-2^63,-2^63+1,-2^53-1,-2^31,-42,-1,0,1,7,42,1000,2^31-1,2^31,2^53-1,2^53+1,2^63-1,2^64-1","truth/L1/6:true,false,0,1,"""",nil",102,"RAISE:TypeError;RAISE:TypeError;[1, 0.0, 0];[-1, 1.0, 63];RAISE:TypeError;RAISE:TypeError;RAISE:TypeError;RAISE:TypeError;[1, 0.0, 0];[-1, 1.9999999999999999997831595655029, 62];RAISE:TypeError;RAISE:TypeError;RAISE:TypeError;RAISE:TypeError;[1, 0.0, 0];[-1, 1.0000000000000001110223024625157, 53];RAISE:TypeError;RAISE:TypeError;RAISE:TypeError;RAISE:TypeError;[1, 0.0, 0];[-1, 1.0, 31];RAISE:TypeError;RAISE:TypeError;RAISE:TypeError;RAISE:TypeError;[1, 0.0, 0];[-1, 1.3125, 5];RAISE:TypeError;RAISE:TypeError;RAISE:TypeError;RAISE:TypeError;[1, 0.0, 0];[-1, 1.0, 0];RAISE:TypeError;RAISE:TypeError;RAISE:TypeError;RAISE:TypeError;[1, 0.0, 0];[1, 0.0, 0];RAISE:TypeError;RAISE:TypeError;RAISE:TypeError;RAISE:TypeError;[1, 0.0, 0];[1, 1.0, 0];RAISE:TypeError;RAISE:TypeError;RAISE:TypeError;RAISE:TypeError;[1, 0.0, 0];[1, 1.75, 2];RAISE:TypeError;RAISE:TypeError;RAISE:TypeError;RAISE:TypeError;[1, 0.0, 0];[1, 1.3125, 5];RAISE:TypeError;RAISE:TypeError;RAISE:TypeError;RAISE:TypeError;[1, 0.0, 0];[1, 1.953125, 9];RAISE:TypeError;RAISE:TypeError;RAISE:TypeError;RAISE:TypeError;[1, 0.0, 0];[1, 1.999999999068677425384521484375, 30];RAISE:TypeError;RAISE:TypeError;RAISE:TypeError;RAISE:TypeError;[1, 0.0, 0];[1, 1.0, 31];RAISE:TypeError;RAISE:TypeError;RAISE:TypeError;RAISE:TypeError;[1, 0.0, 0];[1, 1.9999999999999997779553950749687, 52];RAISE:TypeError;RAISE:TypeError;RAISE:TypeError;RAISE:TypeError;[1, 0.0, 0];[1, 1.0000000000000001110223024625157, 53];RAISE:TypeError;RAISE:TypeError;RAISE:TypeError;RAISE:TypeError;[1, 0.0, 0];[1, 1.9999999999999999997831595655029, 62];RAISE:TypeError;RAISE:TypeError;RAISE:TypeError;RAISE:TypeError;[1, 0.0, 0];[1, 1.9999999999999999998915797827514, 63];RAISE:TypeError;RAISE:TypeError",34,68
A2_3_2,1,whole|whole,Rational,Integer,"whole/L1/17:-2^63,-2^63+1,-2^53-1,-2^31,-42,-1,0,1,7,42,1000,2^31-1,2^31,2^53-1,2^53+1,2^63-1,2^64-1","whole/L1/17:-2^63,-2^63+1,-2^53-1,-2^31,-42,-1,0,1,7,42,1000,2^31-1,2^31,2^53-1,2^53+1,2^63-1,2^64-1",289,"[1, 1.0, 126];[1, 1.9999999999999999997831595655029, 125];[1, 1.0000000000000001110223024625157, 116];[1, 1.0, 94];[1, 1.3125, 68];[1, 1.0, 63];[1, 0.0, 0];[-1, 1.0, 63];[-1, 1.75, 65];[-1, 1.3125, 68];[-1, 1.953125, 72];[-1, 1.999999999068677425384521484375, 93];[-1, 1.0, 94];[-1, 1.9999999999999997779553950749687, 115];[-1, 1.0000000000000001110223024625157, 116];[-1, 1.9999999999999999997831595655029, 125];[-1, 1.9999999999999999998915797827514, 126];[1, 1.9999999999999999997831595655029, 125];[1, 1.9999999999999999995663191310058, 125];[1, 1.0000000000000001109138822452671, 116];[1, 1.9999999999999999997831595655029, 93];[1, 1.3124999999999999998576984648613, 68];[1, 1.9999999999999999997831595655029, 62];[1, 0.0, 0];[-1, 1.9999999999999999997831595655029, 62];[-1, 1.749999999999999999810264619815, 65];[-1, 1.3124999999999999998576984648613, 68];[-1, 1.9531249999999999997882417631864, 72];[-1, 1.9999999990686774251676810499789, 93];[-1, 1.9999999999999999997831595655029, 93];[-1, 1.9999999999999997777385546404716, 115];[-1, 1.0000000000000001109138822452671, 116];[-1, 1.9999999999999999995663191310058, 125];[-1, 1.9999999999999999996747393482543, 126];[1, 1.0000000000000001110223024625157, 116];[1, 1.0000000000000001109138822452671, 116];[1, 1.0000000000000002220446049250313, 106];[1, 1.0000000000000001110223024625157, 84];[1, 1.3125000000000001457167719820518, 58];[1, 1.0000000000000001110223024625157, 53];[1, 0.0, 0];[-1, 1.0000000000000001110223024625157, 53];[-1, 1.7500000000000001942890293094024, 55];[-1, 1.3125000000000001457167719820518, 58];[-1, 1.9531250000000002168404344971009, 62];[-1, 1.9999999990686776474291263060087, 83];[-1, 1.0000000000000001110223024625157, 84];[-1, 2.0, 105];[-1, 1.0000000000000002220446049250313, 106];[-1, 1.0000000000000001109138822452671, 116];[-1, 1.0000000000000001109680923538914, 117];[1, 1.0, 94];[1, 1.9999999999999999997831595655029, 93];[1, 1.0000000000000001110223024625157, 84];[1, 1.0, 62];[1, 1.3125, 36];[1, 1.0, 31];[1, 0.0, 0];[-1, 1.0, 31];[-1, 1.75, 33];[-1, 1.3125, 36];[-1, 1.953125, 40];[-1, 1.999999999068677425384521484375, 61];[-1, 1.0, 62];[-1, 1.9999999999999997779553950749687, 83];[-1, 1.0000000000000001110223024625157, 84];[-1, 1.9999999999999999997831595655029, 93];[-1, 1.9999999999999999998915797827514, 94];[1, 1.3125, 68];[1, 1.3124999999999999998576984648613, 68];[1, 1.3125000000000001457167719820518, 58];[1, 1.3125, 36];[1, 1.72265625, 10];[1, 1.3125, 5];[1, 0.0, 0];[-1, 1.3125, 5];[-1, 1.1484375, 8];[-1, 1.72265625, 10];[-1, 1.28173828125, 15];[-1, 1.3124999993888195604085922241211, 36];[-1, 1.3125, 36];[-1, 1.3124999999999998542832280179482, 58];[-1, 1.3125000000000001457167719820518, 58];[-1, 1.3124999999999999998576984648613, 68];[-1, 1.3124999999999999999288492324306, 69];[1, 1.0, 63];[1, 1.9999999999999999997831595655029, 62];[1, 1.0000000000000001110223024625157, 53];[1, 1.0, 31];[1, 1.3125, 5];[1, 1.0, 0];[1, 0.0, 0];[-1, 1.0, 0];[-1, 1.75, 2];[-1, 1.3125, 5];[-1, 1.953125, 9];[-1, 1.999999999068677425384521484375, 30];[-1, 1.0, 31];[-1, 1.9999999999999997779553950749687, 52];[-1, 1.0000000000000001110223024625157, 53];[-1, 1.9999999999999999997831595655029, 62];[-1, 1.9999999999999999998915797827514, 63];[1, 0.0, 0];[1, 0.0, 0];[1, 0.0, 0];[1, 0.0, 0];[1, 0.0, 0];[1, 0.0, 0];[1, 0.0, 0];[1, 0.0, 0];[1, 0.0, 0];[1, 0.0, 0];[1, 0.0, 0];[1, 0.0, 0];[1, 0.0, 0];[1, 0.0, 0];[1, 0.0, 0];[1, 0.0, 0];[1, 0.0, 0];[-1, 1.0, 63];[-1, 1.9999999999999999997831595655029, 62];[-1, 1.0000000000000001110223024625157, 53];[-1, 1.0, 31];[-1, 1.3125, 5];[-1, 1.0, 0];[1, 0.0, 0];[1, 1.0, 0];[1, 1.75, 2];[1, 1.3125, 5];[1, 1.953125, 9];[1, 1.999999999068677425384521484375, 30];[1, 1.0, 31];[1, 1.9999999999999997779553950749687, 52];[1, 1.0000000000000001110223024625157, 53];[1, 1.9999999999999999997831595655029, 62];[1, 1.9999999999999999998915797827514, 63];[-1, 1.75, 65];[-1, 1.749999999999999999810264619815, 65];[-1, 1.7500000000000001942890293094024, 55];[-1, 1.75, 33];[-1, 1.1484375, 8];[-1, 1.75, 2];[1, 0.0, 0];[1, 1.75, 2];[1, 1.53125, 5];[1, 1.1484375, 8];[1, 1.708984375, 12];[1, 1.7499999991850927472114562988281, 33];[1, 1.75, 33];[1, 1.7499999999999998057109706905976, 55];[1, 1.7500000000000001942890293094024, 55];[1, 1.749999999999999999810264619815, 65];[1, 1.7499999999999999999051323099075, 66];[-1, 1.3125, 68];[-1, 1.3124999999999999998576984648613, 68];[-1, 1.3125000000000001457167719820518, 58];[-1, 1.3125, 36];[-1, 1.72265625, 10];[-1, 1.3125, 5];[1, 0.0, 0];[1, 1.3125, 5];[1, 1.1484375, 8];[1, 1.72265625, 10];[1, 1.28173828125, 15];[1, 1.3124999993888195604085922241211, 36];[1, 1.3125, 36];[1, 1.3124999999999998542832280179482, 58];[1, 1.3125000000000001457167719820518, 58];[1, 1.3124999999999999998576984648613, 68];[1, 1.3124999999999999999288492324306, 69];[-1, 1.953125, 72];[-1, 1.9531249999999999997882417631864, 72];[-1, 1.9531250000000002168404344971009, 62];[-1, 1.953125, 40];[-1, 1.28173828125, 15];[-1, 1.953125, 9];[1, 0.0, 0];[1, 1.953125, 9];[1, 1.708984375, 12];[1, 1.28173828125, 15];[1, 1.9073486328125, 19];[1, 1.953124999090505298227071762085, 40];[1, 1.953125, 40];[1, 1.9531249999999997831595655028991, 62];[1, 1.9531250000000002168404344971009, 62];[1, 1.9531249999999999997882417631864, 72];[1, 1.9531249999999999998941208815932, 73];[-1, 1.999999999068677425384521484375, 93];[-1, 1.9999999990686774251676810499789, 93];[-1, 1.9999999990686776474291263060087, 83];[-1, 1.999999999068677425384521484375, 61];[-1, 1.3124999993888195604085922241211, 36];[-1, 1.999999999068677425384521484375, 30];[1, 0.0, 0];[1, 1.999999999068677425384521484375, 30];[1, 1.7499999991850927472114562988281, 33];[1, 1.3124999993888195604085922241211, 36];[1, 1.953124999090505298227071762085, 40];[1, 1.9999999981373548512027238377442, 61];[1, 1.999999999068677425384521484375, 61];[1, 1.9999999990686772033399166627413, 83];[1, 1.9999999990686776474291263060087, 83];[1, 1.9999999990686774251676810499789, 93];[1, 1.9999999990686774252761012671769, 94];[-1, 1.0, 94];[-1, 1.9999999999999999997831595655029, 93];[-1, 1.0000000000000001110223024625157, 84];[-1, 1.0, 62];[-1, 1.3125, 36];[-1, 1.0, 31];[1, 0.0, 0];[1, 1.0, 31];[1, 1.75, 33];[1, 1.3125, 36];[1, 1.953125, 40];[1, 1.999999999068677425384521484375, 61];[1, 1.0, 62];[1, 1.9999999999999997779553950749687, 83];[1, 1.0000000000000001110223024625157, 84];[1, 1.9999999999999999997831595655029, 93];[1, 1.9999999999999999998915797827514, 94];[-1, 1.9999999999999997779553950749687, 115];[-1, 1.9999999999999997777385546404716, 115];[-1, 2.0, 105];[-1, 1.9999999999999997779553950749687, 83];[-1, 1.3124999999999998542832280179482, 58];[-1, 1.9999999999999997779553950749687, 52];[1, 0.0, 0];[1, 1.9999999999999997779553950749687, 52];[1, 1.7499999999999998057109706905976, 55];[1, 1.3124999999999998542832280179482, 58];[1, 1.9531249999999997831595655028991, 62];[1, 1.9999999990686772033399166627413, 83];[1, 1.9999999999999997779553950749687, 83];[1, 1.9999999999999995559107901499374, 105];[1, 2.0, 105];[1, 1.9999999999999997777385546404716, 115];[1, 1.9999999999999997778469748577201, 116];[-1, 1.0000000000000001110223024625157, 116];[-1, 1.0000000000000001109138822452671, 116];[-1, 1.0000000000000002220446049250313, 106];[-1, 1.0000000000000001110223024625157, 84];[-1, 1.3125000000000001457167719820518, 58];[-1, 1.0000000000000001110223024625157, 53];[1, 0.0, 0];[1, 1.0000000000000001110223024625157, 53];[1, 1.7500000000000001942890293094024, 55];[1, 1.3125000000000001457167719820518, 58];[1, 1.9531250000000002168404344971009, 62];[1, 1.9999999990686776474291263060087, 83];[1, 1.0000000000000001110223024625157, 84];[1, 2.0, 105];[1, 1.0000000000000002220446049250313, 106];[1, 1.0000000000000001109138822452671, 116];[1, 1.0000000000000001109680923538914, 117];[-1, 1.9999999999999999997831595655029, 125];[-1, 1.9999999999999999995663191310058, 125];[-1, 1.0000000000000001109138822452671, 116];[-1, 1.9999999999999999997831595655029, 93];[-1, 1.3124999999999999998576984648613, 68];[-1, 1.9999999999999999997831595655029, 62];[1, 0.0, 0];[1, 1.9999999999999999997831595655029, 62];[1, 1.749999999999999999810264619815, 65];[1, 1.3124999999999999998576984648613, 68];[1, 1.9531249999999999997882417631864, 72];[1, 1.9999999990686774251676810499789, 93];[1, 1.9999999999999999997831595655029, 93];[1, 1.9999999999999997777385546404716, 115];[1, 1.0000000000000001109138822452671, 116];[1, 1.9999999999999999995663191310058, 125];[1, 1.9999999999999999996747393482543, 126];[-1, 1.9999999999999999998915797827514, 126];[-1, 1.9999999999999999996747393482543, 126];[-1, 1.0000000000000001109680923538914, 117];[-1, 1.9999999999999999998915797827514, 94];[-1, 1.3124999999999999999288492324306, 69];[-1, 1.9999999999999999998915797827514, 63];[1, 0.0, 0];[1, 1.9999999999999999998915797827514, 63];[1, 1.7499999999999999999051323099075, 66];[1, 1.3124999999999999999288492324306, 69];[1, 1.9531249999999999998941208815932, 73];[1, 1.9999999990686774252761012671769, 94];[1, 1.9999999999999999998915797827514, 94];[1, 1.9999999999999997778469748577201, 116];[1, 1.0000000000000001109680923538914, 117];[1, 1.9999999999999999996747393482543, 126];[1, 1.9999999999999999997831595655029, 127]",289,0
A2_3_3,1,whole|whole,Rational,Rational,"whole/L1/17:-2^63,-2^63+1,-2^53-1,-2^31,-42,-1,0,1,7,42,1000,2^31-1,2^31,2^53-1,2^53+1,2^63-1,2^64-1","whole/L1/17:-2^63,-2^63+1,-2^53-1,-2^31,-42,-1,0,1,7,42,1000,2^31-1,2^31,2^53-1,2^53+1,2^63-1,2^64-1",289,"[1, 1.0, 126];[1, 1.9999999999999999997831595655029, 125];[1, 1.0000000000000001110223024625157, 116];[1, 1.0, 94];[1, 1.3125, 68];[1, 1.0, 63];[1, 0.0, 0];[-1, 1.0, 63];[-1, 1.75, 65];[-1, 1.3125, 68];[-1, 1.953125, 72];[-1, 1.999999999068677425384521484375, 93];[-1, 1.0, 94];[-1, 1.9999999999999997779553950749687, 115];[-1, 1.0000000000000001110223024625157, 116];[-1, 1.9999999999999999997831595655029, 125];[-1, 1.9999999999999999998915797827514, 126];[1, 1.9999999999999999997831595655029, 125];[1, 1.9999999999999999995663191310058, 125];[1, 1.0000000000000001109138822452671, 116];[1, 1.9999999999999999997831595655029, 93];[1, 1.3124999999999999998576984648613, 68];[1, 1.9999999999999999997831595655029, 62];[1, 0.0, 0];[-1, 1.9999999999999999997831595655029, 62];[-1, 1.749999999999999999810264619815, 65];[-1, 1.3124999999999999998576984648613, 68];[-1, 1.9531249999999999997882417631864, 72];[-1, 1.9999999990686774251676810499789, 93];[-1, 1.9999999999999999997831595655029, 93];[-1, 1.9999999999999997777385546404716, 115];[-1, 1.0000000000000001109138822452671, 116];[-1, 1.9999999999999999995663191310058, 125];[-1, 1.9999999999999999996747393482543, 126];[1, 1.0000000000000001110223024625157, 116];[1, 1.0000000000000001109138822452671, 116];[1, 1.0000000000000002220446049250313, 106];[1, 1.0000000000000001110223024625157, 84];[1, 1.3125000000000001457167719820518, 58];[1, 1.0000000000000001110223024625157, 53];[1, 0.0, 0];[-1, 1.0000000000000001110223024625157, 53];[-1, 1.7500000000000001942890293094024, 55];[-1, 1.3125000000000001457167719820518, 58];[-1, 1.9531250000000002168404344971009, 62];[-1, 1.9999999990686776474291263060087, 83];[-1, 1.0000000000000001110223024625157, 84];[-1, 2.0, 105];[-1, 1.0000000000000002220446049250313, 106];[-1, 1.0000000000000001109138822452671, 116];[-1, 1.0000000000000001109680923538914, 117];[1, 1.0, 94];[1, 1.9999999999999999997831595655029, 93];[1, 1.0000000000000001110223024625157, 84];[1, 1.0, 62];[1, 1.3125, 36];[1, 1.0, 31];[1, 0.0, 0];[-1, 1.0, 31];[-1, 1.75, 33];[-1, 1.3125, 36];[-1, 1.953125, 40];[-1, 1.999999999068677425384521484375, 61];[-1, 1.0, 62];[-1, 1.9999999999999997779553950749687, 83];[-1, 1.0000000000000001110223024625157, 84];[-1, 1.9999999999999999997831595655029, 93];[-1, 1.9999999999999999998915797827514, 94];[1, 1.3125, 68];[1, 1.3124999999999999998576984648613, 68];[1, 1.3125000000000001457167719820518, 58];[1, 1.3125, 36];[1, 1.72265625, 10];[1, 1.3125, 5];[1, 0.0, 0];[-1, 1.3125, 5];[-1, 1.1484375, 8];[-1, 1.72265625, 10];[-1, 1.28173828125, 15];[-1, 1.3124999993888195604085922241211, 36];[-1, 1.3125, 36];[-1, 1.3124999999999998542832280179482, 58];[-1, 1.3125000000000001457167719820518, 58];[-1, 1.3124999999999999998576984648613, 68];[-1, 1.3124999999999999999288492324306, 69];[1, 1.0, 63];[1, 1.9999999999999999997831595655029, 62];[1, 1.0000000000000001110223024625157, 53];[1, 1.0, 31];[1, 1.3125, 5];[1, 1.0, 0];[1, 0.0, 0];[-1, 1.0, 0];[-1, 1.75, 2];[-1, 1.3125, 5];[-1, 1.953125, 9];[-1, 1.999999999068677425384521484375, 30];[-1, 1.0, 31];[-1, 1.9999999999999997779553950749687, 52];[-1, 1.0000000000000001110223024625157, 53];[-1, 1.9999999999999999997831595655029, 62];[-1, 1.9999999999999999998915797827514, 63];[1, 0.0, 0];[1, 0.0, 0];[1, 0.0, 0];[1, 0.0, 0];[1, 0.0, 0];[1, 0.0, 0];[1, 0.0, 0];[1, 0.0, 0];[1, 0.0, 0];[1, 0.0, 0];[1, 0.0, 0];[1, 0.0, 0];[1, 0.0, 0];[1, 0.0, 0];[1, 0.0, 0];[1, 0.0, 0];[1, 0.0, 0];[-1, 1.0, 63];[-1, 1.9999999999999999997831595655029, 62];[-1, 1.0000000000000001110223024625157, 53];[-1, 1.0, 31];[-1, 1.3125, 5];[-1, 1.0, 0];[1, 0.0, 0];[1, 1.0, 0];[1, 1.75, 2];[1, 1.3125, 5];[1, 1.953125, 9];[1, 1.999999999068677425384521484375, 30];[1, 1.0, 31];[1, 1.9999999999999997779553950749687, 52];[1, 1.0000000000000001110223024625157, 53];[1, 1.9999999999999999997831595655029, 62];[1, 1.9999999999999999998915797827514, 63];[-1, 1.75, 65];[-1, 1.749999999999999999810264619815, 65];[-1, 1.7500000000000001942890293094024, 55];[-1, 1.75, 33];[-1, 1.1484375, 8];[-1, 1.75, 2];[1, 0.0, 0];[1, 1.75, 2];[1, 1.53125, 5];[1, 1.1484375, 8];[1, 1.708984375, 12];[1, 1.7499999991850927472114562988281, 33];[1, 1.75, 33];[1, 1.7499999999999998057109706905976, 55];[1, 1.7500000000000001942890293094024, 55];[1, 1.749999999999999999810264619815, 65];[1, 1.7499999999999999999051323099075, 66];[-1, 1.3125, 68];[-1, 1.3124999999999999998576984648613, 68];[-1, 1.3125000000000001457167719820518, 58];[-1, 1.3125, 36];[-1, 1.72265625, 10];[-1, 1.3125, 5];[1, 0.0, 0];[1, 1.3125, 5];[1, 1.1484375, 8];[1, 1.72265625, 10];[1, 1.28173828125, 15];[1, 1.3124999993888195604085922241211, 36];[1, 1.3125, 36];[1, 1.3124999999999998542832280179482, 58];[1, 1.3125000000000001457167719820518, 58];[1, 1.3124999999999999998576984648613, 68];[1, 1.3124999999999999999288492324306, 69];[-1, 1.953125, 72];[-1, 1.9531249999999999997882417631864, 72];[-1, 1.9531250000000002168404344971009, 62];[-1, 1.953125, 40];[-1, 1.28173828125, 15];[-1, 1.953125, 9];[1, 0.0, 0];[1, 1.953125, 9];[1, 1.708984375, 12];[1, 1.28173828125, 15];[1, 1.9073486328125, 19];[1, 1.953124999090505298227071762085, 40];[1, 1.953125, 40];[1, 1.9531249999999997831595655028991, 62];[1, 1.9531250000000002168404344971009, 62];[1, 1.9531249999999999997882417631864, 72];[1, 1.9531249999999999998941208815932, 73];[-1, 1.999999999068677425384521484375, 93];[-1, 1.9999999990686774251676810499789, 93];[-1, 1.9999999990686776474291263060087, 83];[-1, 1.999999999068677425384521484375, 61];[-1, 1.3124999993888195604085922241211, 36];[-1, 1.999999999068677425384521484375, 30];[1, 0.0, 0];[1, 1.999999999068677425384521484375, 30];[1, 1.7499999991850927472114562988281, 33];[1, 1.3124999993888195604085922241211, 36];[1, 1.953124999090505298227071762085, 40];[1, 1.9999999981373548512027238377442, 61];[1, 1.999999999068677425384521484375, 61];[1, 1.9999999990686772033399166627413, 83];[1, 1.9999999990686776474291263060087, 83];[1, 1.9999999990686774251676810499789, 93];[1, 1.9999999990686774252761012671769, 94];[-1, 1.0, 94];[-1, 1.9999999999999999997831595655029, 93];[-1, 1.0000000000000001110223024625157, 84];[-1, 1.0, 62];[-1, 1.3125, 36];[-1, 1.0, 31];[1, 0.0, 0];[1, 1.0, 31];[1, 1.75, 33];[1, 1.3125, 36];[1, 1.953125, 40];[1, 1.999999999068677425384521484375, 61];[1, 1.0, 62];[1, 1.9999999999999997779553950749687, 83];[1, 1.0000000000000001110223024625157, 84];[1, 1.9999999999999999997831595655029, 93];[1, 1.9999999999999999998915797827514, 94];[-1, 1.9999999999999997779553950749687, 115];[-1, 1.9999999999999997777385546404716, 115];[-1, 2.0, 105];[-1, 1.9999999999999997779553950749687, 83];[-1, 1.3124999999999998542832280179482, 58];[-1, 1.9999999999999997779553950749687, 52];[1, 0.0, 0];[1, 1.9999999999999997779553950749687, 52];[1, 1.7499999999999998057109706905976, 55];[1, 1.3124999999999998542832280179482, 58];[1, 1.9531249999999997831595655028991, 62];[1, 1.9999999990686772033399166627413, 83];[1, 1.9999999999999997779553950749687, 83];[1, 1.9999999999999995559107901499374, 105];[1, 2.0, 105];[1, 1.9999999999999997777385546404716, 115];[1, 1.9999999999999997778469748577201, 116];[-1, 1.0000000000000001110223024625157, 116];[-1, 1.0000000000000001109138822452671, 116];[-1, 1.0000000000000002220446049250313, 106];[-1, 1.0000000000000001110223024625157, 84];[-1, 1.3125000000000001457167719820518, 58];[-1, 1.0000000000000001110223024625157, 53];[1, 0.0, 0];[1, 1.0000000000000001110223024625157, 53];[1, 1.7500000000000001942890293094024, 55];[1, 1.3125000000000001457167719820518, 58];[1, 1.9531250000000002168404344971009, 62];[1, 1.9999999990686776474291263060087, 83];[1, 1.0000000000000001110223024625157, 84];[1, 2.0, 105];[1, 1.0000000000000002220446049250313, 106];[1, 1.0000000000000001109138822452671, 116];[1, 1.0000000000000001109680923538914, 117];[-1, 1.9999999999999999997831595655029, 125];[-1, 1.9999999999999999995663191310058, 125];[-1, 1.0000000000000001109138822452671, 116];[-1, 1.9999999999999999997831595655029, 93];[-1, 1.3124999999999999998576984648613, 68];[-1, 1.9999999999999999997831595655029, 62];[1, 0.0, 0];[1, 1.9999999999999999997831595655029, 62];[1, 1.749999999999999999810264619815, 65];[1, 1.3124999999999999998576984648613, 68];[1, 1.9531249999999999997882417631864, 72];[1, 1.9999999990686774251676810499789, 93];[1, 1.9999999999999999997831595655029, 93];[1, 1.9999999999999997777385546404716, 115];[1, 1.0000000000000001109138822452671, 116];[1, 1.9999999999999999995663191310058, 125];[1, 1.9999999999999999996747393482543, 126];[-1, 1.9999999999999999998915797827514, 126];[-1, 1.9999999999999999996747393482543, 126];[-1, 1.0000000000000001109680923538914, 117];[-1, 1.9999999999999999998915797827514, 94];[-1, 1.3124999999999999999288492324306, 69];[-1, 1.9999999999999999998915797827514, 63];[1, 0.0, 0];[1, 1.9999999999999999998915797827514, 63];[1, 1.7499999999999999999051323099075, 66];[1, 1.3124999999999999999288492324306, 69];[1, 1.9531249999999999998941208815932, 73];[1, 1.9999999990686774252761012671769, 94];[1, 1.9999999999999999998915797827514, 94];[1, 1.9999999999999997778469748577201, 116];[1, 1.0000000000000001109680923538914, 117];[1, 1.9999999999999999996747393482543, 126];[1, 1.9999999999999999997831595655029, 127]",289,0
A2_3_4,1,whole|whole,Rational,BigDecimal,"whole/L1/17:-2^63,-2^63+1,-2^53-1,-2^31,-42,-1,0,1,7,42,1000,2^31-1,2^31,2^53-1,2^53+1,2^63-1,2^64-1","whole/L1/17:-2^63,-2^63+1,-2^53-1,-2^31,-42,-1,0,1,7,42,1000,2^31-1,2^31,2^53-1,2^53+1,2^63-1,2^64-1",289,"[1, 1.0, 126];[1, 1.9999999999999999997831595655029, 125];[1, 1.0000000000000001112391428970128, 116];[1, 1.0000000000000000002168404344971, 94];[1, 1.3125000004475702308770479476152, 68];[1, 1.0000000003410058901920365315164, 63];[-1, 0.0, 0];[-1, 1.0000000003410058901920365315164, 63];[-1, 1.7500000005967603078360639301536, 65];[-1, 1.3125000004475702308770479476152, 68];[-1, 1.9531250006660271292813213506179, 72];[-1, 1.9999999990686774258182023531673, 93];[-1, 1.0000000000000000002168404344971, 94];[-1, 1.9999999999999997783890759439629, 115];[-1, 1.0000000000000001112391428970128, 116];[-1, 1.9999999999999999997831595655029, 125];[-1, 1.9999999999999999998915797827514, 126];[1, 1.9999999999999999997831595655029, 125];[1, 1.9999999999999999995663191310058, 125];[1, 1.0000000000000001112391428970128, 116];[1, 1.0000000000000000002168404344971, 94];[1, 1.3125000004475702308770479476152, 68];[1, 1.0000000003410058901920365315164, 63];[-1, 0.0, 0];[-1, 1.0000000003410058901920365315164, 63];[-1, 1.7500000005967603078360639301536, 65];[-1, 1.3125000004475702308770479476152, 68];[-1, 1.9531250006660271292813213506179, 72];[-1, 1.9999999990686774258182023531673, 93];[-1, 1.0000000000000000002168404344971, 94];[-1, 1.9999999999999997783890759439629, 115];[-1, 1.0000000000000001112391428970128, 116];[-1, 1.9999999999999999995663191310058, 125];[-1, 1.9999999999999999996747393482543, 126];[1, 1.0000000000000001110223024625157, 116];[1, 1.0000000000000001109138822452671, 116];[1, 1.0000000000000002220446049250313, 106];[1, 1.0000000000000001110223024625157, 84];[1, 1.3124999993091579497672682919074, 58];[1, 1.9999999989472883044072659686208, 52];[-1, 0.0, 0];[-1, 1.9999999989472883044072659686208, 52];[-1, 1.7499999990788772663563577225432, 55];[-1, 1.3124999993091579497672682919074, 58];[-1, 1.9531249989719612347727206724812, 62];[-1, 1.9999999990686776474291263060087, 83];[-1, 1.0000000000000001110223024625157, 84];[-1, 2.0, 105];[-1, 1.0000000000000002220446049250313, 106];[-1, 1.0000000000000001109138822452671, 116];[-1, 1.0000000000000001109680923538914, 117];[1, 1.0, 94];[1, 1.9999999999999999997831595655029, 93];[1, 1.0000000000000001110223024625157, 84];[1, 1.0, 62];[1, 1.3125000012223608791828155517578, 36];[1, 1.000000000931322574615478515625, 31];[-1, 0.0, 0];[-1, 1.000000000931322574615478515625, 31];[-1, 1.7500000016298145055770874023438, 33];[-1, 1.3125000012223608791828155517578, 36];[-1, 1.9531250018189894035458564758301, 40];[-1, 1.999999999068677425384521484375, 61];[-1, 1.0, 62];[-1, 1.9999999999999997779553950749687, 83];[-1, 1.0000000000000001110223024625157, 84];[-1, 1.9999999999999999997831595655029, 93];[-1, 1.9999999999999999998915797827514, 94];[1, 1.3125, 68];[1, 1.3124999999999999998576984648613, 68];[1, 1.3125000000000001457167719820518, 58];[1, 1.3125, 36];[1, 1.72265625, 10];[1, 1.3125, 5];[-1, 0.0, 0];[-1, 1.3125, 5];[-1, 1.1484375, 8];[-1, 1.72265625, 10];[-1, 1.28173828125, 15];[-1, 1.3124999993888195604085922241211, 36];[-1, 1.3125, 36];[-1, 1.3124999999999998542832280179482, 58];[-1, 1.3125000000000001457167719820518, 58];[-1, 1.3124999999999999998576984648613, 68];[-1, 1.3124999999999999999288492324306, 69];[1, 1.0, 63];[1, 1.9999999999999999997831595655029, 62];[1, 1.0000000000000001110223024625157, 53];[1, 1.0, 31];[1, 1.3125, 5];[1, 1.0, 0];[-1, 0.0, 0];[-1, 1.0, 0];[-1, 1.75, 2];[-1, 1.3125, 5];[-1, 1.953125, 9];[-1, 1.999999999068677425384521484375, 30];[-1, 1.0, 31];[-1, 1.9999999999999997779553950749687, 52];[-1, 1.0000000000000001110223024625157, 53];[-1, 1.9999999999999999997831595655029, 62];[-1, 1.9999999999999999998915797827514, 63];[-1, 0.0, 0];[-1, 0.0, 0];[-1, 0.0, 0];[-1, 0.0, 0];[-1, 0.0, 0];[-1, 0.0, 0];[1, 0.0, 0];[1, 0.0, 0];[1, 0.0, 0];[1, 0.0, 0];[1, 0.0, 0];[1, 0.0, 0];[1, 0.0, 0];[1, 0.0, 0];[1, 0.0, 0];[1, 0.0, 0];[1, 0.0, 0];[-1, 1.0, 63];[-1, 1.9999999999999999997831595655029, 62];[-1, 1.0000000000000001110223024625157, 53];[-1, 1.0, 31];[-1, 1.3125, 5];[-1, 1.0, 0];[1, 0.0, 0];[1, 1.0, 0];[1, 1.75, 2];[1, 1.3125, 5];[1, 1.953125, 9];[1, 1.999999999068677425384521484375, 30];[1, 1.0, 31];[1, 1.9999999999999997779553950749687, 52];[1, 1.0000000000000001110223024625157, 53];[1, 1.9999999999999999997831595655029, 62];[1, 1.9999999999999999998915797827514, 63];[-1, 1.75, 65];[-1, 1.749999999999999999810264619815, 65];[-1, 1.7500000000000001942890293094024, 55];[-1, 1.75, 33];[-1, 1.1484375, 8];[-1, 1.75, 2];[1, 0.0, 0];[1, 1.75, 2];[1, 1.53125, 5];[1, 1.1484375, 8];[1, 1.708984375, 12];[1, 1.7499999991850927472114562988281, 33];[1, 1.75, 33];[1, 1.7499999999999998057109706905976, 55];[1, 1.7500000000000001942890293094024, 55];[1, 1.749999999999999999810264619815, 65];[1, 1.7499999999999999999051323099075, 66];[-1, 1.3125, 68];[-1, 1.3124999999999999998576984648613, 68];[-1, 1.3125000000000001457167719820518, 58];[-1, 1.3125, 36];[-1, 1.72265625, 10];[-1, 1.3125, 5];[1, 0.0, 0];[1, 1.3125, 5];[1, 1.1484375, 8];[1, 1.72265625, 10];[1, 1.28173828125, 15];[1, 1.3124999993888195604085922241211, 36];[1, 1.3125, 36];[1, 1.3124999999999998542832280179482, 58];[1, 1.3125000000000001457167719820518, 58];[1, 1.3124999999999999998576984648613, 68];[1, 1.3124999999999999999288492324306, 69];[-1, 1.953125, 72];[-1, 1.9531249999999999997882417631864, 72];[-1, 1.9531250000000002168404344971009, 62];[-1, 1.953125, 40];[-1, 1.28173828125, 15];[-1, 1.953125, 9];[1, 0.0, 0];[1, 1.953125, 9];[1, 1.708984375, 12];[1, 1.28173828125, 15];[1, 1.9073486328125, 19];[1, 1.953124999090505298227071762085, 40];[1, 1.953125, 40];[1, 1.9531249999999997831595655028991, 62];[1, 1.9531250000000002168404344971009, 62];[1, 1.9531249999999999997882417631864, 72];[1, 1.9531249999999999998941208815932, 73];[-1, 1.999999999068677425384521484375, 93];[-1, 1.9999999990686774251676810499789, 93];[-1, 1.9999999990686776474291263060087, 83];[-1, 1.999999999068677425384521484375, 61];[-1, 1.3125000012223608791828155517578, 36];[-1, 1.000000000931322574615478515625, 31];[1, 0.0, 0];[1, 1.000000000931322574615478515625, 31];[1, 1.7500000016298145055770874023438, 33];[1, 1.3125000012223608791828155517578, 36];[1, 1.9531250018189894035458564758301, 40];[1, 1.9999999981373548512027238377442, 61];[1, 1.999999999068677425384521484375, 61];[1, 1.9999999990686772033399166627413, 83];[1, 1.9999999990686776474291263060087, 83];[1, 1.9999999990686774251676810499789, 93];[1, 1.9999999990686774252761012671769, 94];[-1, 1.0, 94];[-1, 1.9999999999999999997831595655029, 93];[-1, 1.0000000000000001110223024625157, 84];[-1, 1.0, 62];[-1, 1.3125000012223608791828155517578, 36];[-1, 1.000000000931322574615478515625, 31];[1, 0.0, 0];[1, 1.000000000931322574615478515625, 31];[1, 1.7500000016298145055770874023438, 33];[1, 1.3125000012223608791828155517578, 36];[1, 1.9531250018189894035458564758301, 40];[1, 1.999999999068677425384521484375, 61];[1, 1.0, 62];[1, 1.9999999999999997779553950749687, 83];[1, 1.0000000000000001110223024625157, 84];[1, 1.9999999999999999997831595655029, 93];[1, 1.9999999999999999998915797827514, 94];[-1, 1.9999999999999997779553950749687, 115];[-1, 1.9999999999999997777385546404716, 115];[-1, 2.0, 105];[-1, 1.9999999999999997779553950749687, 83];[-1, 1.3124999993091579497672682919074, 58];[-1, 1.9999999989472883044072659686208, 52];[1, 0.0, 0];[1, 1.9999999989472883044072659686208, 52];[1, 1.7499999990788772663563577225432, 55];[1, 1.3124999993091579497672682919074, 58];[1, 1.9531249989719612347727206724812, 62];[1, 1.9999999990686772033399166627413, 83];[1, 1.9999999999999997779553950749687, 83];[1, 1.9999999999999995559107901499374, 105];[1, 2.0, 105];[1, 1.9999999999999997777385546404716, 115];[1, 1.9999999999999997778469748577201, 116];[-1, 1.0000000000000001110223024625157, 116];[-1, 1.0000000000000001109138822452671, 116];[-1, 1.0000000000000002220446049250313, 106];[-1, 1.0000000000000001110223024625157, 84];[-1, 1.3124999993091579497672682919074, 58];[-1, 1.9999999989472883044072659686208, 52];[1, 0.0, 0];[1, 1.9999999989472883044072659686208, 52];[1, 1.7499999990788772663563577225432, 55];[1, 1.3124999993091579497672682919074, 58];[1, 1.9531249989719612347727206724812, 62];[1, 1.9999999990686776474291263060087, 83];[1, 1.0000000000000001110223024625157, 84];[1, 2.0, 105];[1, 1.0000000000000002220446049250313, 106];[1, 1.0000000000000001109138822452671, 116];[1, 1.0000000000000001109680923538914, 117];[-1, 1.9999999999999999997831595655029, 125];[-1, 1.9999999999999999995663191310058, 125];[-1, 1.0000000000000001112391428970128, 116];[-1, 1.0000000000000000002168404344971, 94];[-1, 1.3125000004475702308770479476152, 68];[-1, 1.0000000003410058901920365315164, 63];[1, 0.0, 0];[1, 1.0000000003410058901920365315164, 63];[1, 1.7500000005967603078360639301536, 65];[1, 1.3125000004475702308770479476152, 68];[1, 1.9531250006660271292813213506179, 72];[1, 1.9999999990686774258182023531673, 93];[1, 1.0000000000000000002168404344971, 94];[1, 1.9999999999999997783890759439629, 115];[1, 1.0000000000000001112391428970128, 116];[1, 1.9999999999999999995663191310058, 125];[1, 1.9999999999999999996747393482543, 126];[-1, 1.9999999999999999998915797827514, 126];[-1, 1.9999999999999999996747393482543, 126];[-1, 1.0000000000000001101549407245273, 117];[-1, 1.9999999999999999982652765240232, 94];[-1, 1.31250000187058558226427251725, 69];[-1, 1.0000000014252080626775409655238, 64];[1, 0.0, 0];[1, 1.0000000014252080626775409655238, 64];[1, 1.7500000024941141096856966896667, 66];[1, 1.31250000187058558226427251725, 69];[1, 1.9531250027836094974170721982887, 73];[1, 1.999999999068677423649798009206, 94];[1, 1.9999999999999999982652765240232, 94];[1, 1.9999999999999997762206715989919, 116];[1, 1.0000000000000001101549407245273, 117];[1, 1.9999999999999999996747393482543, 126];[1, 1.9999999999999999997831595655029, 127]",289,0
A2_3_5,1,whole|fractional,Rational,Float,"whole/L1/17:-2^63,-2^63+1,-2^53-1,-2^31,-42,-1,0,1,7,42,1000,2^31-1,2^31,2^53-1,2^53+1,2^63-1,2^64-1","fractional/L1/16:-max_finite,-1.5,-1.0,-(1.0-1ulp),-0.0,+0.0,+min_subnormal,+min_normal,1.0-1ulp,1.0,1.0+1ulp,1.5,pi,2^53,max_finite,0.1",272,"[1, inf];[1, 1.5, 63];[1, 1.0, 63];[1, 1.9999999999999997779553950749687, 62];[1, 0.0, 0];[-1, 0.0, 0];[-1, 1.0, -1011];[-1, 1.0, -959];[-1, 1.9999999999999997779553950749687, 62];[-1, 1.0, 63];[-1, 1.0000000000000002220446049250313, 63];[-1, 1.5, 63];[-1, 1.5707963267948965579989817342721, 64];[-1, 1.0, 116];[-1, inf];[-1, 1.6000000000000000888178419700125, 59];[1, inf];[1, 1.5, 63];[1, 1.0, 63];[1, 1.9999999999999997779553950749687, 62];[1, 0.0, 0];[-1, 0.0, 0];[-1, 1.0, -1011];[-1, 1.0, -959];[-1, 1.9999999999999997779553950749687, 62];[-1, 1.0, 63];[-1, 1.0000000000000002220446049250313, 63];[-1, 1.5, 63];[-1, 1.5707963267948965579989817342721, 64];[-1, 1.0, 116];[-1, inf];[-1, 1.6000000000000000888178419700125, 59];[1, inf];[1, 1.5, 53];[1, 1.0, 53];[1, 1.9999999999999997779553950749687, 52];[1, 0.0, 0];[-1, 0.0, 0];[-1, 1.0, -1021];[-1, 1.0, -969];[-1, 1.9999999999999997779553950749687, 52];[-1, 1.0, 53];[-1, 1.0000000000000002220446049250313, 53];[-1, 1.5, 53];[-1, 1.5707963267948965579989817342721, 54];[-1, 1.0, 106];[-1, inf];[-1, 1.6000000000000000888178419700125, 49];[1, inf];[1, 1.5, 31];[1, 1.0, 31];[1, 1.9999999999999997779553950749687, 30];[1, 0.0, 0];[-1, 0.0, 0];[-1, 1.0, -1043];[-1, 1.0, -991];[-1, 1.9999999999999997779553950749687, 30];[-1, 1.0, 31];[-1, 1.0000000000000002220446049250313, 31];[-1, 1.5, 31];[-1, 1.5707963267948965579989817342721, 32];[-1, 1.0, 84];[-1, inf];[-1, 1.6000000000000000888178419700125, 27];[1, inf];[1, 1.96875, 5];[1, 1.3125, 5];[1, 1.3124999999999997779553950749687, 5];[1, 0.0, 0];[-1, 0.0, 0];[-1, 1.3125, -1069];[-1, 1.3125, -1017];[-1, 1.3124999999999997779553950749687, 5];[-1, 1.3125, 5];[-1, 1.3125000000000002220446049250313, 5];[-1, 1.96875, 5];[-1, 1.0308350894591509216979829943739, 7];[-1, 1.3125, 58];[-1, inf];[-1, 1.0500000000000000444089209850063, 2];[1, 1.9999999999999997779553950749687, 1023];[1, 1.5, 0];[1, 1.0, 0];[1, 1.9999999999999997779553950749687, -1];[1, 0.0, 0];[-1, 0.0, 0];[-1, 1.0, -1074];[-1, 1.0, -1022];[-1, 1.9999999999999997779553950749687, -1];[-1, 1.0, 0];[-1, 1.0000000000000002220446049250313, 0];[-1, 1.5, 0];[-1, 1.5707963267948965579989817342721, 1];[-1, 1.0, 53];[-1, 1.9999999999999997779553950749687, 1023];[-1, 1.6000000000000000888178419700125, -4];[-1, 0.0, 0];[-1, 0.0, 0];[-1, 0.0, 0];[-1, 0.0, 0];[-1, 0.0, 0];[1, 0.0, 0];[1, 0.0, 0];[1, 0.0, 0];[1, 0.0, 0];[1, 0.0, 0];[1, 0.0, 0];[1, 0.0, 0];[1, 0.0, 0];[1, 0.0, 0];[1, 0.0, 0];[1, 0.0, 0];[-1, 1.9999999999999997779553950749687, 1023];[-1, 1.5, 0];[-1, 1.0, 0];[-1, 1.9999999999999997779553950749687, -1];[-1, 0.0, 0];[1, 0.0, 0];[1, 1.0, -1074];[1, 1.0, -1022];[1, 1.9999999999999997779553950749687, -1];[1, 1.0, 0];[1, 1.0000000000000002220446049250313, 0];[1, 1.5, 0];[1, 1.5707963267948965579989817342721, 1];[1, 1.0, 53];[1, 1.9999999999999997779553950749687, 1023];[1, 1.6000000000000000888178419700125, -4];[-1, inf];[-1, 1.3125, 3];[-1, 1.75, 2];[-1, 1.7499999999999997779553950749687, 2];[-1, 0.0, 0];[1, 0.0, 0];[1, 1.75, -1072];[1, 1.75, -1020];[1, 1.7499999999999997779553950749687, 2];[1, 1.75, 2];[1, 1.7500000000000004440892098500626, 2];[1, 1.3125, 3];[1, 1.3744467859455344882491090174881, 4];[1, 1.75, 55];[1, inf];[1, 1.4000000000000001332267629550188, -1];[-1, inf];[-1, 1.96875, 5];[-1, 1.3125, 5];[-1, 1.3124999999999997779553950749687, 5];[-1, 0.0, 0];[1, 0.0, 0];[1, 1.3125, -1069];[1, 1.3125, -1017];[1, 1.3124999999999997779553950749687, 5];[1, 1.3125, 5];[1, 1.3125000000000002220446049250313, 5];[1, 1.96875, 5];[1, 1.0308350894591509216979829943739, 7];[1, 1.3125, 58];[1, inf];[1, 1.0500000000000000444089209850063, 2];[-1, inf];[-1, 1.46484375, 10];[-1, 1.953125, 9];[-1, 1.9531249999999997779553950749687, 9];[-1, 0.0, 0];[1, 0.0, 0];[1, 1.953125, -1065];[1, 1.953125, -1013];[1, 1.9531249999999997779553950749687, 9];[1, 1.953125, 9];[1, 1.9531250000000004440892098500626, 9];[1, 1.46484375, 10];[1, 1.5339807878856410727763659451739, 11];[1, 1.953125, 62];[1, inf];[1, 1.5625, 6];[-1, inf];[-1, 1.4999999993015080690383911132812, 31];[-1, 1.999999999068677425384521484375, 30];[-1, 1.9999999990686772033399165593437, 30];[-1, 0.0, 0];[1, 0.0, 0];[1, 1.999999999068677425384521484375, -1044];[1, 1.999999999068677425384521484375, -992];[1, 1.9999999990686772033399165593437, 30];[1, 1.999999999068677425384521484375, 30];[1, 1.9999999990686778694737313344376, 30];[1, 1.4999999993015080690383911132812, 31];[1, 1.5707963260634374424995485242107, 32];[1, 1.999999999068677425384521484375, 83];[1, inf];[1, 1.5999999992549420735343801425188, 27];[-1, inf];[-1, 1.5, 31];[-1, 1.0, 31];[-1, 1.9999999999999997779553950749687, 30];[-1, 0.0, 0];[1, 0.0, 0];[1, 1.0, -1043];[1, 1.0, -991];[1, 1.9999999999999997779553950749687, 30];[1, 1.0, 31];[1, 1.0000000000000002220446049250313, 31];[1, 1.5, 31];[1, 1.5707963267948965579989817342721, 32];[1, 1.0, 84];[1, inf];[1, 1.6000000000000000888178419700125, 27];[-1, inf];[-1, 1.4999999999999997779553950749687, 53];[-1, 1.9999999999999997779553950749687, 52];[-1, 1.9999999999999995559107901499374, 52];[-1, 0.0, 0];[1, 0.0, 0];[1, 1.9999999999999997779553950749687, -1022];[1, 1.9999999999999997779553950749687, -970];[1, 1.9999999999999995559107901499374, 52];[1, 1.9999999999999997779553950749687, 52];[1, 1.0, 53];[1, 1.4999999999999997779553950749687, 53];[1, 1.5707963267948963359543768092408, 54];[1, 1.9999999999999997779553950749687, 105];[1, inf];[1, 1.5999999999999998667732370449812, 49];[-1, inf];[-1, 1.5, 53];[-1, 1.0, 53];[-1, 1.9999999999999997779553950749687, 52];[-1, 0.0, 0];[1, 0.0, 0];[1, 1.0, -1021];[1, 1.0, -969];[1, 1.9999999999999997779553950749687, 52];[1, 1.0, 53];[1, 1.0000000000000002220446049250313, 53];[1, 1.5, 53];[1, 1.5707963267948965579989817342721, 54];[1, 1.0, 106];[1, inf];[1, 1.6000000000000000888178419700125, 49];[-1, inf];[-1, 1.5, 63];[-1, 1.0, 63];[-1, 1.9999999999999997779553950749687, 62];[-1, 0.0, 0];[1, 0.0, 0];[1, 1.0, -1011];[1, 1.0, -959];[1, 1.9999999999999997779553950749687, 62];[1, 1.0, 63];[1, 1.0000000000000002220446049250313, 63];[1, 1.5, 63];[1, 1.5707963267948965579989817342721, 64];[1, 1.0, 116];[1, inf];[1, 1.6000000000000000888178419700125, 59];[-1, inf];[-1, 1.5, 64];[-1, 1.0, 64];[-1, 1.9999999999999997779553950749687, 63];[-1, 0.0, 0];[1, 0.0, 0];[1, 1.0, -1010];[1, 1.0, -958];[1, 1.9999999999999997779553950749687, 63];[1, 1.0, 64];[1, 1.0000000000000002220446049250313, 64];[1, 1.5, 64];[1, 1.5707963267948965579989817342721, 65];[1, 1.0, 117];[1, inf];[1, 1.6000000000000000888178419700125, 60]",272,0
A2_3_6,1,whole|fractional,Rational,Rational,"whole/L1/17:-2^63,-2^63+1,-2^53-1,-2^31,-42,-1,0,1,7,42,1000,2^31-1,2^31,2^53-1,2^53+1,2^63-1,2^64-1","fractional/L1/15:-max_finite,-1.5,-1.0,-(1.0-1ulp),+0.0,+min_subnormal,+min_normal,1.0-1ulp,1.0,1.0+1ulp,1.5,pi,2^53,max_finite,0.1",255,"[1, 1.9999999999999997779553950749687, 1086];[1, 1.5, 63];[1, 1.0, 63];[1, 1.9999999999999997779553950749687, 62];[1, 0.0, 0];[-1, 1.0, -1011];[-1, 1.0, -959];[-1, 1.9999999999999997779553950749687, 62];[-1, 1.0, 63];[-1, 1.0000000000000002220446049250313, 63];[-1, 1.5, 63];[-1, 1.5707963267948965579989817342721, 64];[-1, 1.0, 116];[-1, 1.9999999999999997779553950749687, 1086];[-1, 1.6000000000000000888178419700125, 59];[1, 1.9999999999999997777385546404716, 1086];[1, 1.4999999999999999998373696741272, 63];[1, 1.9999999999999999997831595655029, 62];[1, 1.9999999999999997777385546404716, 62];[1, 0.0, 0];[-1, 1.9999999999999999997831595655029, -1012];[-1, 1.9999999999999999997831595655029, -960];[-1, 1.9999999999999997777385546404716, 62];[-1, 1.9999999999999999997831595655029, 62];[-1, 1.0000000000000002219361847077828, 63];[-1, 1.4999999999999999998373696741272, 63];[-1, 1.5707963267948965578286756552678, 64];[-1, 1.9999999999999999997831595655029, 115];[-1, 1.9999999999999997777385546404716, 1086];[-1, 1.6000000000000000886443696224148, 59];[1, 2.0, 1076];[1, 1.5000000000000001665334536937735, 53];[1, 1.0000000000000001110223024625157, 53];[1, 2.0, 52];[1, 0.0, 0];[-1, 1.0000000000000001110223024625157, -1021];[-1, 1.0000000000000001110223024625157, -969];[-1, 2.0, 52];[-1, 1.0000000000000001110223024625157, 53];[-1, 1.000000000000000333066907387547, 53];[-1, 1.5000000000000001665334536937735, 53];[-1, 1.5707963267948967323924066347037, 54];[-1, 1.0000000000000001110223024625157, 106];[-1, 2.0, 1076];[-1, 1.6000000000000002664535259100376, 49];[1, 1.9999999999999997779553950749687, 1054];[1, 1.5, 31];[1, 1.0, 31];[1, 1.9999999999999997779553950749687, 30];[1, 0.0, 0];[-1, 1.0, -1043];[-1, 1.0, -991];[-1, 1.9999999999999997779553950749687, 30];[-1, 1.0, 31];[-1, 1.0000000000000002220446049250313, 31];[-1, 1.5, 31];[-1, 1.5707963267948965579989817342721, 32];[-1, 1.0, 84];[-1, 1.9999999999999997779553950749687, 1054];[-1, 1.6000000000000000888178419700125, 27];[1, 1.3124999999999998542832280179482, 1029];[1, 1.96875, 5];[1, 1.3125, 5];[1, 1.3124999999999998542832280179482, 5];[1, 0.0, 0];[-1, 1.3125, -1069];[-1, 1.3125, -1017];[-1, 1.3124999999999998542832280179482, 5];[-1, 1.3125, 5];[-1, 1.3125000000000002914335439641036, 5];[-1, 1.96875, 5];[-1, 1.0308350894591508661868317631161, 7];[-1, 1.3125, 58];[-1, 1.3124999999999998542832280179482, 1029];[-1, 1.0500000000000000582867087928207, 2];[1, 1.9999999999999997779553950749687, 1023];[1, 1.5, 0];[1, 1.0, 0];[1, 1.9999999999999997779553950749687, -1];[1, 0.0, 0];[-1, 1.0, -1074];[-1, 1.0, -1022];[-1, 1.9999999999999997779553950749687, -1];[-1, 1.0, 0];[-1, 1.0000000000000002220446049250313, 0];[-1, 1.5, 0];[-1, 1.5707963267948965579989817342721, 1];[-1, 1.0, 53];[-1, 1.9999999999999997779553950749687, 1023];[-1, 1.6000000000000000888178419700125, -4];[1, 0.0, 0];[1, 0.0, 0];[1, 0.0, 0];[1, 0.0, 0];[1, 0.0, 0];[1, 0.0, 0];[1, 0.0, 0];[1, 0.0, 0];[1, 0.0, 0];[1, 0.0, 0];[1, 0.0, 0];[1, 0.0, 0];[1, 0.0, 0];[1, 0.0, 0];[1, 0.0, 0];[-1, 1.9999999999999997779553950749687, 1023];[-1, 1.5, 0];[-1, 1.0, 0];[-1, 1.9999999999999997779553950749687, -1];[1, 0.0, 0];[1, 1.0, -1074];[1, 1.0, -1022];[1, 1.9999999999999997779553950749687, -1];[1, 1.0, 0];[1, 1.0000000000000002220446049250313, 0];[1, 1.5, 0];[1, 1.5707963267948965579989817342721, 1];[1, 1.0, 53];[1, 1.9999999999999997779553950749687, 1023];[1, 1.6000000000000000888178419700125, -4];[-1, 1.7499999999999998057109706905976, 1026];[-1, 1.3125, 3];[-1, 1.75, 2];[-1, 1.7499999999999998057109706905976, 2];[1, 0.0, 0];[1, 1.75, -1072];[1, 1.75, -1020];[1, 1.7499999999999998057109706905976, 2];[1, 1.75, 2];[1, 1.7500000000000003885780586188048, 2];[1, 1.3125, 3];[1, 1.3744467859455344882491090174881, 4];[1, 1.75, 55];[1, 1.7499999999999998057109706905976, 1026];[1, 1.400000000000000077715611723761, -1];[-1, 1.3124999999999998542832280179482, 1029];[-1, 1.96875, 5];[-1, 1.3125, 5];[-1, 1.3124999999999998542832280179482, 5];[1, 0.0, 0];[1, 1.3125, -1069];[1, 1.3125, -1017];[1, 1.3124999999999998542832280179482, 5];[1, 1.3125, 5];[1, 1.3125000000000002914335439641036, 5];[1, 1.96875, 5];[1, 1.0308350894591508661868317631161, 7];[1, 1.3125, 58];[1, 1.3124999999999998542832280179482, 1029];[1, 1.0500000000000000582867087928207, 2];[-1, 1.9531249999999997831595655028991, 1033];[-1, 1.46484375, 10];[-1, 1.953125, 9];[-1, 1.9531249999999997831595655028991, 9];[1, 0.0, 0];[1, 1.953125, -1065];[1, 1.953125, -1013];[1, 1.9531249999999997831595655028991, 9];[1, 1.953125, 9];[1, 1.9531250000000004336808689942018, 9];[1, 1.46484375, 10];[1, 1.5339807878856411699208805998751, 11];[1, 1.953125, 62];[1, 1.9531249999999997831595655028991, 1033];[1, 1.5625000000000000867361737988404, 6];[-1, 1.9999999990686772033399166627413, 1054];[-1, 1.4999999993015080690383911132812, 31];[-1, 1.999999999068677425384521484375, 30];[-1, 1.9999999990686772033399166627413, 30];[1, 0.0, 0];[1, 1.999999999068677425384521484375, -1044];[1, 1.999999999068677425384521484375, -992];[1, 1.9999999990686772033399166627413, 30];[1, 1.999999999068677425384521484375, 30];[1, 1.9999999990686778694737311276425, 30];[1, 1.4999999993015080690383911132812, 31];[1, 1.57079632606343751836540192226, 32];[1, 1.999999999068677425384521484375, 83];[1, 1.9999999990686772033399166627413, 1054];[1, 1.5999999992549420291254591161535, 27];[-1, 1.9999999999999997779553950749687, 1054];[-1, 1.5, 31];[-1, 1.0, 31];[-1, 1.9999999999999997779553950749687, 30];[1, 0.0, 0];[1, 1.0, -1043];[1, 1.0, -991];[1, 1.9999999999999997779553950749687, 30];[1, 1.0, 31];[1, 1.0000000000000002220446049250313, 31];[1, 1.5, 31];[1, 1.5707963267948965579989817342721, 32];[1, 1.0, 84];[1, 1.9999999999999997779553950749687, 1054];[1, 1.6000000000000000888178419700125, 27];[-1, 1.9999999999999995559107901499374, 1076];[-1, 1.4999999999999998334665463062265, 53];[-1, 1.9999999999999997779553950749687, 52];[-1, 1.9999999999999995559107901499374, 52];[1, 0.0, 0];[1, 1.9999999999999997779553950749687, -1022];[1, 1.9999999999999997779553950749687, -970];[1, 1.9999999999999995559107901499374, 52];[1, 1.9999999999999997779553950749687, 52];[1, 1.0000000000000001110223024625156, 53];[1, 1.4999999999999998334665463062265, 53];[1, 1.5707963267948963836055568338405, 54];[1, 1.9999999999999997779553950749687, 105];[1, 1.9999999999999995559107901499374, 1076];[1, 1.5999999999999999111821580299875, 49];[-1, 2.0, 1076];[-1, 1.5000000000000001665334536937735, 53];[-1, 1.0000000000000001110223024625157, 53];[-1, 2.0, 52];[1, 0.0, 0];[1, 1.0000000000000001110223024625157, -1021];[1, 1.0000000000000001110223024625157, -969];[1, 2.0, 52];[1, 1.0000000000000001110223024625157, 53];[1, 1.000000000000000333066907387547, 53];[1, 1.5000000000000001665334536937735, 53];[1, 1.5707963267948967323924066347037, 54];[1, 1.0000000000000001110223024625157, 106];[1, 2.0, 1076];[1, 1.6000000000000002664535259100376, 49];[-1, 1.9999999999999997777385546404716, 1086];[-1, 1.4999999999999999998373696741272, 63];[-1, 1.9999999999999999997831595655029, 62];[-1, 1.9999999999999997777385546404716, 62];[1, 0.0, 0];[1, 1.9999999999999999997831595655029, -1012];[1, 1.9999999999999999997831595655029, -960];[1, 1.9999999999999997777385546404716, 62];[1, 1.9999999999999999997831595655029, 62];[1, 1.0000000000000002219361847077828, 63];[1, 1.4999999999999999998373696741272, 63];[1, 1.5707963267948965578286756552678, 64];[1, 1.9999999999999999997831595655029, 115];[1, 1.9999999999999997777385546404716, 1086];[1, 1.6000000000000000886443696224148, 59];[-1, 1.9999999999999997778469748577201, 1087];[-1, 1.4999999999999999999186848370636, 64];[-1, 1.9999999999999999998915797827514, 63];[-1, 1.9999999999999997778469748577201, 63];[1, 0.0, 0];[1, 1.9999999999999999998915797827514, -1011];[1, 1.9999999999999999998915797827514, -959];[1, 1.9999999999999997778469748577201, 63];[1, 1.9999999999999999998915797827514, 63];[1, 1.000000000000000221990394816407, 64];[1, 1.4999999999999999999186848370636, 64];[1, 1.5707963267948965579138286947699, 65];[1, 1.9999999999999999998915797827514, 116];[1, 1.9999999999999997778469748577201, 1087];[1, 1.6000000000000000887311057962137, 60]",255,0
A2_3_7,1,whole|fractional,Rational,BigDecimal,"whole/L1/17:-2^63,-2^63+1,-2^53-1,-2^31,-42,-1,0,1,7,42,1000,2^31-1,2^31,2^53-1,2^53+1,2^63-1,2^64-1","fractional/L1/16:-max_finite,-1.5,-1.0,-(1.0-1ulp),-0.0,+0.0,+min_subnormal,+min_normal,1.0-1ulp,1.0,1.0+1ulp,1.5,pi,2^53,max_finite,0.1",272,"[1, 1.9999999999999997688934766870555, 1086];[1, 1.5000000000000000003252606517457, 63];[1, 1.0000000003410058901920365315164, 63];[1, 1.9999999999999998004336808689942, 62];[1, 0.0, 0];[-1, 0.0, 0];[-1, 1.0120112668816548945921443716645, -1011];[-1, 1.0000000000000000078164835735398, -959];[-1, 1.9999999999999998004336808689942, 62];[-1, 1.0000000003410058901920365315164, 63];[-1, 1.0000000000000002, 63];[-1, 1.5000000000000000003252606517457, 63];[-1, 1.5707963267948965, 64];[-1, 1.0000000000000000002168404344971, 116];[-1, 1.9999999999999997688934766870555, 1086];[-1, 1.6000000005456094243072584504262, 59];[1, 1.9999999999999997686766362525584, 1086];[1, 1.5000000000000000003252606517457, 63];[1, 1.0000000003410058901920365315164, 63];[1, 1.9999999999999998004336808689942, 62];[1, 0.0, 0];[-1, 0.0, 0];[-1, 1.0120112668816548945921443716645, -1011];[-1, 1.0000000000000000078164835735398, -959];[-1, 1.9999999999999998004336808689942, 62];[-1, 1.0000000003410058901920365315164, 63];[-1, 1.0000000000000001998915797827514, 63];[-1, 1.5000000000000000003252606517457, 63];[-1, 1.5707963267948964998296939209957, 64];[-1, 1.0000000000000000002168404344971, 116];[-1, 1.9999999999999997686766362525584, 1086];[-1, 1.6000000005456094243072584504262, 59];[1, 1.9999999999999999909380816120868, 1076];[1, 1.5000000000000001665334536937735, 53];[1, 1.9999999989472883044072659686208, 52];[1, 1.0000000000000000110223024625156, 53];[1, 0.0, 0];[-1, 0.0, 0];[-1, 1.0120112660038750435851541823435, -1021];[-1, 1.0000000000000001186219456015584, -969];[-1, 1.0000000000000000110223024625156, 53];[-1, 1.9999999989472883044072659686208, 52];[-1, 1.0000000000000003110223024625157, 53];[-1, 1.5000000000000001665334536937735, 53];[-1, 1.5707963267948966743934249004316, 54];[-1, 1.0000000000000001110223024625157, 106];[-1, 1.9999999999999999909380816120868, 1076];[-1, 1.5999999991578306435258127748966, 49];[1, 1.9999999999999997688934766870555, 1054];[1, 1.5, 31];[1, 1.000000000931322574615478515625, 31];[1, 1.9999999999999998, 30];[1, 0.0, 0];[-1, 0.0, 0];[-1, 1.0120112674790620300531706162262, -1043];[-1, 1.0000000000000000075996431390427, -991];[-1, 1.9999999999999998, 30];[-1, 1.000000000931322574615478515625, 31];[-1, 1.0000000000000002, 31];[-1, 1.5, 31];[-1, 1.5707963267948965, 32];[-1, 1.0, 84];[-1, 1.9999999999999997688934766870555, 1054];[-1, 1.600000001490116119384765625, 27];[1, 1.3124999999999998483363440758802, 1029];[1, 1.96875, 5];[1, 1.3125, 5];[1, 1.31249999999999986875, 5];[1, 0.0, 0];[-1, 0.0, 0];[-1, 1.3282647873292259329382507128429, -1069];[-1, 1.3125000000000000099745316199936, -1017];[-1, 1.31249999999999986875, 5];[-1, 1.3125, 5];[-1, 1.3125000000000002625, 5];[-1, 1.96875, 5];[-1, 1.030835089459150828125, 7];[-1, 1.3125, 58];[-1, 1.3124999999999998483363440758802, 1029];[-1, 1.05, 2];[1, 1.9999999999999997688934766870555, 1023];[1, 1.5, 0];[1, 1.0, 0];[1, 1.9999999999999998, -1];[1, 0.0, 0];[-1, 0.0, 0];[-1, 1.0120112665365530917624767335946, -1074];[-1, 1.0000000000000000075996431390427, -1022];[-1, 1.9999999999999998, -1];[-1, 1.0, 0];[-1, 1.0000000000000002, 0];[-1, 1.5, 0];[-1, 1.5707963267948965, 1];[-1, 1.0, 53];[-1, 1.9999999999999997688934766870555, 1023];[-1, 1.6, -4];[-1, 0.0, 0];[-1, 0.0, 0];[-1, 0.0, 0];[-1, 0.0, 0];[-1, 0.0, 0];[1, 0.0, 0];[1, 0.0, 0];[1, 0.0, 0];[1, 0.0, 0];[1, 0.0, 0];[1, 0.0, 0];[1, 0.0, 0];[1, 0.0, 0];[1, 0.0, 0];[1, 0.0, 0];[1, 0.0, 0];[-1, 1.9999999999999997688934766870555, 1023];[-1, 1.5, 0];[-1, 1.0, 0];[-1, 1.9999999999999998, -1];[-1, 0.0, 0];[1, 0.0, 0];[1, 1.0120112665365530917624767335946, -1074];[1, 1.0000000000000000075996431390427, -1022];[1, 1.9999999999999998, -1];[1, 1.0, 0];[1, 1.0000000000000002, 0];[1, 1.5, 0];[1, 1.5707963267948965, 1];[1, 1.0, 53];[1, 1.9999999999999997688934766870555, 1023];[1, 1.6, -4];[-1, 1.7499999999999997977817921011736, 1026];[-1, 1.3125, 3];[-1, 1.75, 2];[-1, 1.749999999999999825, 2];[-1, 0.0, 0];[1, 0.0, 0];[1, 1.7710197164389679105843342837905, -1072];[1, 1.7500000000000000132993754933248, -1020];[1, 1.749999999999999825, 2];[1, 1.75, 2];[1, 1.75000000000000035, 2];[1, 1.3125, 3];[1, 1.3744467859455344375, 4];[1, 1.75, 55];[1, 1.7499999999999997977817921011736, 1026];[1, 1.4, -1];[-1, 1.3124999999999998483363440758802, 1029];[-1, 1.96875, 5];[-1, 1.3125, 5];[-1, 1.31249999999999986875, 5];[-1, 0.0, 0];[1, 0.0, 0];[1, 1.3282647873292259329382507128429, -1069];[1, 1.3125000000000000099745316199936, -1017];[1, 1.31249999999999986875, 5];[1, 1.3125, 5];[1, 1.3125000000000002625, 5];[1, 1.96875, 5];[1, 1.030835089459150828125, 7];[1, 1.3125, 58];[1, 1.3124999999999998483363440758802, 1029];[1, 1.05, 2];[-1, 1.9531249999999997743100358272027, 1033];[-1, 1.46484375, 10];[-1, 1.953125, 9];[-1, 1.9531249999999998046875, 9];[-1, 0.0, 0];[1, 0.0, 0];[1, 1.9765845049542052573485873703019, -1065];[1, 1.9531250000000000148430530059428, -1013];[1, 1.9531249999999998046875, 9];[1, 1.953125, 9];[1, 1.953125000000000390625, 9];[1, 1.46484375, 10];[1, 1.53398078788564111328125, 11];[1, 1.953125, 62];[1, 1.9531249999999997743100358272027, 1033];[1, 1.5625, 6];[-1, 1.9999999990686771942779982790479, 1054];[-1, 1.4999999993015080690383911132812, 31];[-1, 1.000000000931322574615478515625, 31];[-1, 1.9999999990686772253845215775073, 30];[-1, 0.0, 0];[1, 0.0, 0];[1, 1.0120112674790620300531706162262, -1043];[1, 1.9999999990686774405838077553827, -992];[1, 1.9999999990686772253845215775073, 30];[1, 1.000000000931322574615478515625, 31];[1, 1.9999999990686778253845212981105, 30];[1, 1.4999999993015080690383911132812, 31];[1, 1.5707963260634374603664202149957, 32];[1, 1.999999999068677425384521484375, 83];[1, 1.9999999990686771942779982790479, 1054];[1, 1.600000001490116119384765625, 27];[-1, 1.9999999999999997688934766870555, 1054];[-1, 1.5, 31];[-1, 1.000000000931322574615478515625, 31];[-1, 1.9999999999999998, 30];[-1, 0.0, 0];[1, 0.0, 0];[1, 1.0120112674790620300531706162262, -1043];[1, 1.0000000000000000075996431390427, -991];[1, 1.9999999999999998, 30];[1, 1.000000000931322574615478515625, 31];[1, 1.0000000000000002, 31];[1, 1.5, 31];[1, 1.5707963267948965, 32];[1, 1.0, 84];[1, 1.9999999999999997688934766870555, 1054];[1, 1.600000001490116119384765625, 27];[-1, 1.9999999999999995468488717620242, 1076];[-1, 1.4999999999999998334665463062265, 53];[-1, 1.9999999989472883044072659686208, 52];[-1, 1.9999999999999995779553950749687, 52];[-1, 0.0, 0];[1, 0.0, 0];[1, 1.0120112660038750435851541823435, -1021];[1, 1.9999999999999997931546813530542, -970];[1, 1.9999999999999995779553950749687, 52];[1, 1.9999999989472883044072659686208, 52];[1, 1.0000000000000000889776975374843, 53];[1, 1.4999999999999998334665463062265, 53];[1, 1.5707963267948963256065750995684, 54];[1, 1.9999999999999997779553950749687, 105];[1, 1.9999999999999995468488717620242, 1076];[1, 1.5999999991578306435258127748966, 49];[-1, 1.9999999999999999909380816120868, 1076];[-1, 1.5000000000000001665334536937735, 53];[-1, 1.9999999989472883044072659686208, 52];[-1, 1.0000000000000000110223024625156, 53];[-1, 0.0, 0];[1, 0.0, 0];[1, 1.0120112660038750435851541823435, -1021];[1, 1.0000000000000001186219456015584, -969];[1, 1.0000000000000000110223024625156, 53];[1, 1.9999999989472883044072659686208, 52];[1, 1.0000000000000003110223024625157, 53];[1, 1.5000000000000001665334536937735, 53];[1, 1.5707963267948966743934249004316, 54];[1, 1.0000000000000001110223024625157, 106];[1, 1.9999999999999999909380816120868, 1076];[1, 1.5999999991578306435258127748966, 49];[-1, 1.9999999999999997686766362525584, 1086];[-1, 1.5000000000000000003252606517457, 63];[-1, 1.0000000003410058901920365315164, 63];[-1, 1.9999999999999998004336808689942, 62];[-1, 0.0, 0];[1, 0.0, 0];[1, 1.0120112668816548945921443716645, -1011];[1, 1.0000000000000000078164835735398, -959];[1, 1.9999999999999998004336808689942, 62];[1, 1.0000000003410058901920365315164, 63];[1, 1.0000000000000001998915797827514, 63];[1, 1.5000000000000000003252606517457, 63];[1, 1.5707963267948964998296939209957, 64];[1, 1.0000000000000000002168404344971, 116];[1, 1.9999999999999997686766362525584, 1086];[1, 1.6000000005456094243072584504262, 59];[-1, 1.999999999999999768785056469807, 1087];[-1, 1.4999999999999999986989573930174, 64];[-1, 1.0000000014252080626775409655238, 64];[-1, 1.9999999999999997982652765240232, 63];[-1, 0.0, 0];[1, 0.0, 0];[1, 1.0120112679788797083508821083156, -1010];[1, 1.0000000000000000067322814010543, -958];[1, 1.9999999999999997982652765240232, 63];[1, 1.0000000014252080626775409655238, 64];[1, 1.0000000000000001999457898913757, 64];[1, 1.4999999999999999986989573930174, 64];[1, 1.5707963267948964999148469604978, 65];[1, 1.9999999999999999982652765240232, 116];[1, 1.999999999999999768785056469807, 1087];[1, 1.6000000022803329002840655448381, 60]",272,0
A2_4_1,1,whole|truth,BigDecimal,TrueFalse,"whole/L1/17:-2^63,-2^63+1,-2^53-1,-2^31,-42,-1,0,1,7,42,1000,2^31-1,2^31,2^53-1,2^53+1,2^63-1,2^64-1","truth/L1/6:true,false,0,1,"""",nil",102,"RAISE:TypeError;RAISE:TypeError;[-1, 0.0, 0];[-1, 1.0, 63];RAISE:TypeError;RAISE:TypeError;RAISE:TypeError;RAISE:TypeError;[-1, 0.0, 0];[-1, 1.9999999999999999997831595655029, 62];RAISE:TypeError;RAISE:TypeError;RAISE:TypeError;RAISE:TypeError;[-1, 0.0, 0];[-1, 1.0000000000000001110223024625157, 53];RAISE:TypeError;RAISE:TypeError;RAISE:TypeError;RAISE:TypeError;[-1, 0.0, 0];[-1, 1.0, 31];RAISE:TypeError;RAISE:TypeError;RAISE:TypeError;RAISE:TypeError;[-1, 0.0, 0];[-1, 1.3125, 5];RAISE:TypeError;RAISE:TypeError;RAISE:TypeError;RAISE:TypeError;[-1, 0.0, 0];[-1, 1.0, 0];RAISE:TypeError;RAISE:TypeError;RAISE:TypeError;RAISE:TypeError;[1, 0.0, 0];[1, 0.0, 0];RAISE:TypeError;RAISE:TypeError;RAISE:TypeError;RAISE:TypeError;[1, 0.0, 0];[1, 1.0, 0];RAISE:TypeError;RAISE:TypeError;RAISE:TypeError;RAISE:TypeError;[1, 0.0, 0];[1, 1.75, 2];RAISE:TypeError;RAISE:TypeError;RAISE:TypeError;RAISE:TypeError;[1, 0.0, 0];[1, 1.3125, 5];RAISE:TypeError;RAISE:TypeError;RAISE:TypeError;RAISE:TypeError;[1, 0.0, 0];[1, 1.953125, 9];RAISE:TypeError;RAISE:TypeError;RAISE:TypeError;RAISE:TypeError;[1, 0.0, 0];[1, 1.999999999068677425384521484375, 30];RAISE:TypeError;RAISE:TypeError;RAISE:TypeError;RAISE:TypeError;[1, 0.0, 0];[1, 1.0, 31];RAISE:TypeError;RAISE:TypeError;RAISE:TypeError;RAISE:TypeError;[1, 0.0, 0];[1, 1.9999999999999997779553950749687, 52];RAISE:TypeError;RAISE:TypeError;RAISE:TypeError;RAISE:TypeError;[1, 0.0, 0];[1, 1.0000000000000001110223024625157, 53];RAISE:TypeError;RAISE:TypeError;RAISE:TypeError;RAISE:TypeError;[1, 0.0, 0];[1, 1.9999999999999999997831595655029, 62];RAISE:TypeError;RAISE:TypeError;RAISE:TypeError;RAISE:TypeError;[1, 0.0, 0];[1, 1.9999999999999999998915797827514, 63];RAISE:TypeError;RAISE:TypeError",34,68
A2_4_2,1,whole|whole,BigDecimal,Integer,"whole/L1/17:-2^63,-2^63+1,-2^53-1,-2^31,-42,-1,0,1,7,42,1000,2^31-1,2^31,2^53-1,2^53+1,2^63-1,2^64-1","whole/L1/17:-2^63,-2^63+1,-2^53-1,-2^31,-42,-1,0,1,7,42,1000,2^31-1,2^31,2^53-1,2^53+1,2^63-1,2^64-1",289,"[1, 1.0, 126];[1, 1.9999999999999999997831595655029, 125];[1, 1.0000000000000001110223024625157, 116];[1, 1.0, 94];[1, 1.3125, 68];[1, 1.0, 63];[-1, 0.0, 0];[-1, 1.0, 63];[-1, 1.75, 65];[-1, 1.3125, 68];[-1, 1.953125, 72];[-1, 1.999999999068677425384521484375, 93];[-1, 1.0, 94];[-1, 1.9999999999999997779553950749687, 115];[-1, 1.0000000000000001110223024625157, 116];[-1, 1.9999999999999999997831595655029, 125];[-1, 1.9999999999999999998915797827514, 126];[1, 1.9999999999999999997831595655029, 125];[1, 1.9999999999999999995663191310058, 125];[1, 1.0000000000000001109138822452671, 116];[1, 1.9999999999999999997831595655029, 93];[1, 1.3124999999999999998576984648613, 68];[1, 1.9999999999999999997831595655029, 62];[-1, 0.0, 0];[-1, 1.9999999999999999997831595655029, 62];[-1, 1.749999999999999999810264619815, 65];[-1, 1.3124999999999999998576984648613, 68];[-1, 1.9531249999999999997882417631864, 72];[-1, 1.9999999990686774251676810499789, 93];[-1, 1.9999999999999999997831595655029, 93];[-1, 1.9999999999999997777385546404716, 115];[-1, 1.0000000000000001109138822452671, 116];[-1, 1.9999999999999999995663191310058, 125];[-1, 1.9999999999999999996747393482543, 126];[1, 1.0000000000000001110223024625157, 116];[1, 1.0000000000000001109138822452671, 116];[1, 1.0000000000000002220446049250313, 106];[1, 1.0000000000000001110223024625157, 84];[1, 1.3125000000000001457167719820518, 58];[1, 1.0000000000000001110223024625157, 53];[-1, 0.0, 0];[-1, 1.0000000000000001110223024625157, 53];[-1, 1.7500000000000001942890293094024, 55];[-1, 1.3125000000000001457167719820518, 58];[-1, 1.9531250000000002168404344971009, 62];[-1, 1.9999999990686776474291263060087, 83];[-1, 1.0000000000000001110223024625157, 84];[-1, 2.0, 105];[-1, 1.0000000000000002220446049250313, 106];[-1, 1.0000000000000001109138822452671, 116];[-1, 1.0000000000000001109680923538914, 117];[1, 1.0, 94];[1, 1.9999999999999999997831595655029, 93];[1, 1.0000000000000001110223024625157, 84];[1, 1.0, 62];[1, 1.3125, 36];[1, 1.0, 31];[-1, 0.0, 0];[-1, 1.0, 31];[-1, 1.75, 33];[-1, 1.3125, 36];[-1, 1.953125, 40];[-1, 1.999999999068677425384521484375, 61];[-1, 1.0, 62];[-1, 1.9999999999999997779553950749687, 83];[-1, 1.0000000000000001110223024625157, 84];[-1, 1.9999999999999999997831595655029, 93];[-1, 1.9999999999999999998915797827514, 94];[1, 1.3125, 68];[1, 1.3124999999999999998576984648613, 68];[1, 1.3125000000000001457167719820518, 58];[1, 1.3125, 36];[1, 1.72265625, 10];[1, 1.3125, 5];[-1, 0.0, 0];[-1, 1.3125, 5];[-1, 1.1484375, 8];[-1, 1.72265625, 10];[-1, 1.28173828125, 15];[-1, 1.3124999993888195604085922241211, 36];[-1, 1.3125, 36];[-1, 1.3124999999999998542832280179482, 58];[-1, 1.3125000000000001457167719820518, 58];[-1, 1.3124999999999999998576984648613, 68];[-1, 1.3124999999999999999288492324306, 69];[1, 1.0, 63];[1, 1.9999999999999999997831595655029, 62];[1, 1.0000000000000001110223024625157, 53];[1, 1.0, 31];[1, 1.3125, 5];[1, 1.0, 0];[-1, 0.0, 0];[-1, 1.0, 0];[-1, 1.75, 2];[-1, 1.3125, 5];[-1, 1.953125, 9];[-1, 1.999999999068677425384521484375, 30];[-1, 1.0, 31];[-1, 1.9999999999999997779553950749687, 52];[-1, 1.0000000000000001110223024625157, 53];[-1, 1.9999999999999999997831595655029, 62];[-1, 1.9999999999999999998915797827514, 63];[-1, 0.0, 0];[-1, 0.0, 0];[-1, 0.0, 0];[-1, 0.0, 0];[-1, 0.0, 0];[-1, 0.0, 0];[1, 0.0, 0];[1, 0.0, 0];[1, 0.0, 0];[1, 0.0, 0];[1, 0.0, 0];[1, 0.0, 0];[1, 0.0, 0];[1, 0.0, 0];[1, 0.0, 0];[1, 0.0, 0];[1, 0.0, 0];[-1, 1.0, 63];[-1, 1.9999999999999999997831595655029, 62];[-1, 1.0000000000000001110223024625157, 53];[-1, 1.0, 31];[-1, 1.3125, 5];[-1, 1.0, 0];[1, 0.0, 0];[1, 1.0, 0];[1, 1.75, 2];[1, 1.3125, 5];[1, 1.953125, 9];[1, 1.999999999068677425384521484375, 30];[1, 1.0, 31];[1, 1.9999999999999997779553950749687, 52];[1, 1.0000000000000001110223024625157, 53];[1, 1.9999999999999999997831595655029, 62];[1, 1.9999999999999999998915797827514, 63];[-1, 1.75, 65];[-1, 1.749999999999999999810264619815, 65];[-1, 1.7500000000000001942890293094024, 55];[-1, 1.75, 33];[-1, 1.1484375, 8];[-1, 1.75, 2];[1, 0.0, 0];[1, 1.75, 2];[1, 1.53125, 5];[1, 1.1484375, 8];[1, 1.708984375, 12];[1, 1.7499999991850927472114562988281, 33];[1, 1.75, 33];[1, 1.7499999999999998057109706905976, 55];[1, 1.7500000000000001942890293094024, 55];[1, 1.749999999999999999810264619815, 65];[1, 1.7499999999999999999051323099075, 66];[-1, 1.3125, 68];[-1, 1.3124999999999999998576984648613, 68];[-1, 1.3125000000000001457167719820518, 58];[-1, 1.3125, 36];[-1, 1.72265625, 10];[-1, 1.3125, 5];[1, 0.0, 0];[1, 1.3125, 5];[1, 1.1484375, 8];[1, 1.72265625, 10];[1, 1.28173828125, 15];[1, 1.3124999993888195604085922241211, 36];[1, 1.3125, 36];[1, 1.3124999999999998542832280179482, 58];[1, 1.3125000000000001457167719820518, 58];[1, 1.3124999999999999998576984648613, 68];[1, 1.3124999999999999999288492324306, 69];[-1, 1.953125, 72];[-1, 1.9531249999999999997882417631864, 72];[-1, 1.9531250000000002168404344971009, 62];[-1, 1.953125, 40];[-1, 1.28173828125, 15];[-1, 1.953125, 9];[1, 0.0, 0];[1, 1.953125, 9];[1, 1.708984375, 12];[1, 1.28173828125, 15];[1, 1.9073486328125, 19];[1, 1.953124999090505298227071762085, 40];[1, 1.953125, 40];[1, 1.9531249999999997831595655028991, 62];[1, 1.9531250000000002168404344971009, 62];[1, 1.9531249999999999997882417631864, 72];[1, 1.9531249999999999998941208815932, 73];[-1, 1.999999999068677425384521484375, 93];[-1, 1.9999999990686774251676810499789, 93];[-1, 1.9999999990686776474291263060087, 83];[-1, 1.999999999068677425384521484375, 61];[-1, 1.3124999993888195604085922241211, 36];[-1, 1.999999999068677425384521484375, 30];[1, 0.0, 0];[1, 1.999999999068677425384521484375, 30];[1, 1.7499999991850927472114562988281, 33];[1, 1.3124999993888195604085922241211, 36];[1, 1.953124999090505298227071762085, 40];[1, 1.9999999981373548512027238377442, 61];[1, 1.999999999068677425384521484375, 61];[1, 1.9999999990686772033399166627413, 83];[1, 1.9999999990686776474291263060087, 83];[1, 1.9999999990686774251676810499789, 93];[1, 1.9999999990686774252761012671769, 94];[-1, 1.0, 94];[-1, 1.9999999999999999997831595655029, 93];[-1, 1.0000000000000001110223024625157, 84];[-1, 1.0, 62];[-1, 1.3125, 36];[-1, 1.0, 31];[1, 0.0, 0];[1, 1.0, 31];[1, 1.75, 33];[1, 1.3125, 36];[1, 1.953125, 40];[1, 1.999999999068677425384521484375, 61];[1, 1.0, 62];[1, 1.9999999999999997779553950749687, 83];[1, 1.0000000000000001110223024625157, 84];[1, 1.9999999999999999997831595655029, 93];[1, 1.9999999999999999998915797827514, 94];[-1, 1.9999999999999997779553950749687, 115];[-1, 1.9999999999999997777385546404716, 115];[-1, 2.0, 105];[-1, 1.9999999999999997779553950749687, 83];[-1, 1.3124999999999998542832280179482, 58];[-1, 1.9999999999999997779553950749687, 52];[1, 0.0, 0];[1, 1.9999999999999997779553950749687, 52];[1, 1.7499999999999998057109706905976, 55];[1, 1.3124999999999998542832280179482, 58];[1, 1.9531249999999997831595655028991, 62];[1, 1.9999999990686772033399166627413, 83];[1, 1.9999999999999997779553950749687, 83];[1, 1.9999999999999995559107901499374, 105];[1, 2.0, 105];[1, 1.9999999999999997777385546404716, 115];[1, 1.9999999999999997778469748577201, 116];[-1, 1.0000000000000001110223024625157, 116];[-1, 1.0000000000000001109138822452671, 116];[-1, 1.0000000000000002220446049250313, 106];[-1, 1.0000000000000001110223024625157, 84];[-1, 1.3125000000000001457167719820518, 58];[-1, 1.0000000000000001110223024625157, 53];[1, 0.0, 0];[1, 1.0000000000000001110223024625157, 53];[1, 1.7500000000000001942890293094024, 55];[1, 1.3125000000000001457167719820518, 58];[1, 1.9531250000000002168404344971009, 62];[1, 1.9999999990686776474291263060087, 83];[1, 1.0000000000000001110223024625157, 84];[1, 2.0, 105];[1, 1.0000000000000002220446049250313, 106];[1, 1.0000000000000001109138822452671, 116];[1, 1.0000000000000001109680923538914, 117];[-1, 1.9999999999999999997831595655029, 125];[-1, 1.9999999999999999995663191310058, 125];[-1, 1.0000000000000001109138822452671, 116];[-1, 1.9999999999999999997831595655029, 93];[-1, 1.3124999999999999998576984648613, 68];[-1, 1.9999999999999999997831595655029, 62];[1, 0.0, 0];[1, 1.9999999999999999997831595655029, 62];[1, 1.749999999999999999810264619815, 65];[1, 1.3124999999999999998576984648613, 68];[1, 1.9531249999999999997882417631864, 72];[1, 1.9999999990686774251676810499789, 93];[1, 1.9999999999999999997831595655029, 93];[1, 1.9999999999999997777385546404716, 115];[1, 1.0000000000000001109138822452671, 116];[1, 1.9999999999999999995663191310058, 125];[1, 1.9999999999999999996747393482543, 126];[-1, 1.9999999999999999998915797827514, 126];[-1, 1.9999999999999999996747393482543, 126];[-1, 1.0000000000000001109680923538914, 117];[-1, 1.9999999999999999998915797827514, 94];[-1, 1.3124999999999999999288492324306, 69];[-1, 1.9999999999999999998915797827514, 63];[1, 0.0, 0];[1, 1.9999999999999999998915797827514, 63];[1, 1.7499999999999999999051323099075, 66];[1, 1.3124999999999999999288492324306, 69];[1, 1.9531249999999999998941208815932, 73];[1, 1.9999999990686774252761012671769, 94];[1, 1.9999999999999999998915797827514, 94];[1, 1.9999999999999997778469748577201, 116];[1, 1.0000000000000001109680923538914, 117];[1, 1.9999999999999999996747393482543, 126];[1, 1.9999999999999999997831595655029, 127]",289,0
A2_4_3,1,whole|whole,BigDecimal,Rational,"whole/L1/17:-2^63,-2^63+1,-2^53-1,-2^31,-42,-1,0,1,7,42,1000,2^31-1,2^31,2^53-1,2^53+1,2^63-1,2^64-1","whole/L1/17:-2^63,-2^63+1,-2^53-1,-2^31,-42,-1,0,1,7,42,1000,2^31-1,2^31,2^53-1,2^53+1,2^63-1,2^64-1",289,"[1, 1.0, 126];[1, 1.9999999999999999997831595655029, 125];[1, 1.0000000000000001110223024625157, 116];[1, 1.0, 94];[1, 1.3125, 68];[1, 1.0, 63];[-1, 0.0, 0];[-1, 1.0, 63];[-1, 1.75, 65];[-1, 1.3125, 68];[-1, 1.953125, 72];[-1, 1.999999999068677425384521484375, 93];[-1, 1.0, 94];[-1, 1.9999999999999997779553950749687, 115];[-1, 1.0000000000000001110223024625157, 116];[-1, 1.9999999999999999997831595655029, 125];[-1, 1.9999999999999999998915797827514, 126];[1, 1.9999999999999999997831595655029, 125];[1, 1.9999999999999999995663191310058, 125];[1, 1.0000000000000001109138822452671, 116];[1, 1.9999999999999999997831595655029, 93];[1, 1.3124999999999999998576984648613, 68];[1, 1.9999999999999999997831595655029, 62];[-1, 0.0, 0];[-1, 1.9999999999999999997831595655029, 62];[-1, 1.749999999999999999810264619815, 65];[-1, 1.3124999999999999998576984648613, 68];[-1, 1.9531249999999999997882417631864, 72];[-1, 1.9999999990686774251676810499789, 93];[-1, 1.9999999999999999997831595655029, 93];[-1, 1.9999999999999997777385546404716, 115];[-1, 1.0000000000000001109138822452671, 116];[-1, 1.9999999999999999995663191310058, 125];[-1, 1.9999999999999999996747393482543, 126];[1, 1.0000000000000001112391428970128, 116];[1, 1.0000000000000001112391428970128, 116];[1, 1.0000000000000002220446049250313, 106];[1, 1.0000000000000001110223024625157, 84];[1, 1.3125000000000001457167719820518, 58];[1, 1.0000000000000001110223024625157, 53];[-1, 0.0, 0];[-1, 1.0000000000000001110223024625157, 53];[-1, 1.7500000000000001942890293094024, 55];[-1, 1.3125000000000001457167719820518, 58];[-1, 1.9531250000000002168404344971009, 62];[-1, 1.9999999990686776474291263060087, 83];[-1, 1.0000000000000001110223024625157, 84];[-1, 2.0, 105];[-1, 1.0000000000000002220446049250313, 106];[-1, 1.0000000000000001112391428970128, 116];[-1, 1.0000000000000001101549407245273, 117];[1, 1.0000000000000000002168404344971, 94];[1, 1.0000000000000000002168404344971, 94];[1, 1.0000000000000001110223024625157, 84];[1, 1.0, 62];[1, 1.3125, 36];[1, 1.0, 31];[-1, 0.0, 0];[-1, 1.0, 31];[-1, 1.75, 33];[-1, 1.3125, 36];[-1, 1.953125, 40];[-1, 1.999999999068677425384521484375, 61];[-1, 1.0, 62];[-1, 1.9999999999999997779553950749687, 83];[-1, 1.0000000000000001110223024625157, 84];[-1, 1.0000000000000000002168404344971, 94];[-1, 1.9999999999999999982652765240232, 94];[1, 1.3125000004475702308770479476152, 68];[1, 1.3125000004475702308770479476152, 68];[1, 1.3124999993091579497672682919074, 58];[1, 1.3125000012223608791828155517578, 36];[1, 1.72265625, 10];[1, 1.3125, 5];[-1, 0.0, 0];[-1, 1.3125, 5];[-1, 1.1484375, 8];[-1, 1.72265625, 10];[-1, 1.28173828125, 15];[-1, 1.3125000012223608791828155517578, 36];[-1, 1.3125000012223608791828155517578, 36];[-1, 1.3124999993091579497672682919074, 58];[-1, 1.3124999993091579497672682919074, 58];[-1, 1.3125000004475702308770479476152, 68];[-1, 1.31250000187058558226427251725, 69];[1, 1.0000000003410058901920365315164, 63];[1, 1.0000000003410058901920365315164, 63];[1, 1.9999999989472883044072659686208, 52];[1, 1.000000000931322574615478515625, 31];[1, 1.3125, 5];[1, 1.0, 0];[-1, 0.0, 0];[-1, 1.0, 0];[-1, 1.75, 2];[-1, 1.3125, 5];[-1, 1.953125, 9];[-1, 1.000000000931322574615478515625, 31];[-1, 1.000000000931322574615478515625, 31];[-1, 1.9999999989472883044072659686208, 52];[-1, 1.9999999989472883044072659686208, 52];[-1, 1.0000000003410058901920365315164, 63];[-1, 1.0000000014252080626775409655238, 64];[-1, 0.0, 0];[-1, 0.0, 0];[-1, 0.0, 0];[-1, 0.0, 0];[-1, 0.0, 0];[-1, 0.0, 0];[1, 0.0, 0];[1, 0.0, 0];[1, 0.0, 0];[1, 0.0, 0];[1, 0.0, 0];[1, 0.0, 0];[1, 0.0, 0];[1, 0.0, 0];[1, 0.0, 0];[1, 0.0, 0];[1, 0.0, 0];[-1, 1.0000000003410058901920365315164, 63];[-1, 1.0000000003410058901920365315164, 63];[-1, 1.9999999989472883044072659686208, 52];[-1, 1.000000000931322574615478515625, 31];[-1, 1.3125, 5];[-1, 1.0, 0];[1, 0.0, 0];[1, 1.0, 0];[1, 1.75, 2];[1, 1.3125, 5];[1, 1.953125, 9];[1, 1.000000000931322574615478515625, 31];[1, 1.000000000931322574615478515625, 31];[1, 1.9999999989472883044072659686208, 52];[1, 1.9999999989472883044072659686208, 52];[1, 1.0000000003410058901920365315164, 63];[1, 1.0000000014252080626775409655238, 64];[-1, 1.7500000005967603078360639301536, 65];[-1, 1.7500000005967603078360639301536, 65];[-1, 1.7499999990788772663563577225432, 55];[-1, 1.7500000016298145055770874023438, 33];[-1, 1.1484375, 8];[-1, 1.75, 2];[1, 0.0, 0];[1, 1.75, 2];[1, 1.53125, 5];[1, 1.1484375, 8];[1, 1.708984375, 12];[1, 1.7500000016298145055770874023438, 33];[1, 1.7500000016298145055770874023438, 33];[1, 1.7499999990788772663563577225432, 55];[1, 1.7499999990788772663563577225432, 55];[1, 1.7500000005967603078360639301536, 65];[1, 1.7500000024941141096856966896667, 66];[-1, 1.3125000004475702308770479476152, 68];[-1, 1.3125000004475702308770479476152, 68];[-1, 1.3124999993091579497672682919074, 58];[-1, 1.3125000012223608791828155517578, 36];[-1, 1.72265625, 10];[-1, 1.3125, 5];[1, 0.0, 0];[1, 1.3125, 5];[1, 1.1484375, 8];[1, 1.72265625, 10];[1, 1.28173828125, 15];[1, 1.3125000012223608791828155517578, 36];[1, 1.3125000012223608791828155517578, 36];[1, 1.3124999993091579497672682919074, 58];[1, 1.3124999993091579497672682919074, 58];[1, 1.3125000004475702308770479476152, 68];[1, 1.31250000187058558226427251725, 69];[-1, 1.9531250006660271292813213506179, 72];[-1, 1.9531250006660271292813213506179, 72];[-1, 1.9531249989719612347727206724812, 62];[-1, 1.9531250018189894035458564758301, 40];[-1, 1.28173828125, 15];[-1, 1.953125, 9];[1, 0.0, 0];[1, 1.953125, 9];[1, 1.708984375, 12];[1, 1.28173828125, 15];[1, 1.9073486328125, 19];[1, 1.9531250018189894035458564758301, 40];[1, 1.9531250018189894035458564758301, 40];[1, 1.9531249989719612347727206724812, 62];[1, 1.9531249989719612347727206724812, 62];[1, 1.9531250006660271292813213506179, 72];[1, 1.9531250027836094974170721982887, 73];[-1, 1.9999999990686774258182023531673, 93];[-1, 1.9999999990686774258182023531673, 93];[-1, 1.9999999990686776474291263060087, 83];[-1, 1.999999999068677425384521484375, 61];[-1, 1.3124999993888195604085922241211, 36];[-1, 1.999999999068677425384521484375, 30];[1, 0.0, 0];[1, 1.999999999068677425384521484375, 30];[1, 1.7499999991850927472114562988281, 33];[1, 1.3124999993888195604085922241211, 36];[1, 1.953124999090505298227071762085, 40];[1, 1.9999999981373548512027238377442, 61];[1, 1.999999999068677425384521484375, 61];[1, 1.9999999990686772033399166627413, 83];[1, 1.9999999990686776474291263060087, 83];[1, 1.9999999990686774258182023531673, 93];[1, 1.999999999068677423649798009206, 94];[-1, 1.0000000000000000002168404344971, 94];[-1, 1.0000000000000000002168404344971, 94];[-1, 1.0000000000000001110223024625157, 84];[-1, 1.0, 62];[-1, 1.3125, 36];[-1, 1.0, 31];[1, 0.0, 0];[1, 1.0, 31];[1, 1.75, 33];[1, 1.3125, 36];[1, 1.953125, 40];[1, 1.999999999068677425384521484375, 61];[1, 1.0, 62];[1, 1.9999999999999997779553950749687, 83];[1, 1.0000000000000001110223024625157, 84];[1, 1.0000000000000000002168404344971, 94];[1, 1.9999999999999999982652765240232, 94];[-1, 1.9999999999999997783890759439629, 115];[-1, 1.9999999999999997783890759439629, 115];[-1, 2.0, 105];[-1, 1.9999999999999997779553950749687, 83];[-1, 1.3124999999999998542832280179482, 58];[-1, 1.9999999999999997779553950749687, 52];[1, 0.0, 0];[1, 1.9999999999999997779553950749687, 52];[1, 1.7499999999999998057109706905976, 55];[1, 1.3124999999999998542832280179482, 58];[1, 1.9531249999999997831595655028991, 62];[1, 1.9999999990686772033399166627413, 83];[1, 1.9999999999999997779553950749687, 83];[1, 1.9999999999999995559107901499374, 105];[1, 2.0, 105];[1, 1.9999999999999997783890759439629, 115];[1, 1.9999999999999997762206715989919, 116];[-1, 1.0000000000000001112391428970128, 116];[-1, 1.0000000000000001112391428970128, 116];[-1, 1.0000000000000002220446049250313, 106];[-1, 1.0000000000000001110223024625157, 84];[-1, 1.3125000000000001457167719820518, 58];[-1, 1.0000000000000001110223024625157, 53];[1, 0.0, 0];[1, 1.0000000000000001110223024625157, 53];[1, 1.7500000000000001942890293094024, 55];[1, 1.3125000000000001457167719820518, 58];[1, 1.9531250000000002168404344971009, 62];[1, 1.9999999990686776474291263060087, 83];[1, 1.0000000000000001110223024625157, 84];[1, 2.0, 105];[1, 1.0000000000000002220446049250313, 106];[1, 1.0000000000000001112391428970128, 116];[1, 1.0000000000000001101549407245273, 117];[-1, 1.9999999999999999997831595655029, 125];[-1, 1.9999999999999999995663191310058, 125];[-1, 1.0000000000000001109138822452671, 116];[-1, 1.9999999999999999997831595655029, 93];[-1, 1.3124999999999999998576984648613, 68];[-1, 1.9999999999999999997831595655029, 62];[1, 0.0, 0];[1, 1.9999999999999999997831595655029, 62];[1, 1.749999999999999999810264619815, 65];[1, 1.3124999999999999998576984648613, 68];[1, 1.9531249999999999997882417631864, 72];[1, 1.9999999990686774251676810499789, 93];[1, 1.9999999999999999997831595655029, 93];[1, 1.9999999999999997777385546404716, 115];[1, 1.0000000000000001109138822452671, 116];[1, 1.9999999999999999995663191310058, 125];[1, 1.9999999999999999996747393482543, 126];[-1, 1.9999999999999999998915797827514, 126];[-1, 1.9999999999999999996747393482543, 126];[-1, 1.0000000000000001109680923538914, 117];[-1, 1.9999999999999999998915797827514, 94];[-1, 1.3124999999999999999288492324306, 69];[-1, 1.9999999999999999998915797827514, 63];[1, 0.0, 0];[1, 1.9999999999999999998915797827514, 63];[1, 1.7499999999999999999051323099075, 66];[1, 1.3124999999999999999288492324306, 69];[1, 1.9531249999999999998941208815932, 73];[1, 1.9999999990686774252761012671769, 94];[1, 1.9999999999999999998915797827514, 94];[1, 1.9999999999999997778469748577201, 116];[1, 1.0000000000000001109680923538914, 117];[1, 1.9999999999999999996747393482543, 126];[1, 1.9999999999999999997831595655029, 127]",289,0
A2_4_4,1,whole|whole,BigDecimal,BigDecimal,"whole/L1/17:-2^63,-2^63+1,-2^53-1,-2^31,-42,-1,0,1,7,42,1000,2^31-1,2^31,2^53-1,2^53+1,2^63-1,2^64-1","whole/L1/17:-2^63,-2^63+1,-2^53-1,-2^31,-42,-1,0,1,7,42,1000,2^31-1,2^31,2^53-1,2^53+1,2^63-1,2^64-1",289,"[1, 1.0, 126];[1, 1.9999999999999999997831595655029, 125];[1, 1.0000000000000001110223024625157, 116];[1, 1.0, 94];[1, 1.3125, 68];[1, 1.0, 63];[-1, 0.0, 0];[-1, 1.0, 63];[-1, 1.75, 65];[-1, 1.3125, 68];[-1, 1.953125, 72];[-1, 1.999999999068677425384521484375, 93];[-1, 1.0, 94];[-1, 1.9999999999999997779553950749687, 115];[-1, 1.0000000000000001110223024625157, 116];[-1, 1.9999999999999999997831595655029, 125];[-1, 1.9999999999999999998915797827514, 126];[1, 1.9999999999999999997831595655029, 125];[1, 1.9999999999999999995663191310058, 125];[1, 1.0000000000000001109138822452671, 116];[1, 1.9999999999999999997831595655029, 93];[1, 1.3124999999999999998576984648613, 68];[1, 1.9999999999999999997831595655029, 62];[-1, 0.0, 0];[-1, 1.9999999999999999997831595655029, 62];[-1, 1.749999999999999999810264619815, 65];[-1, 1.3124999999999999998576984648613, 68];[-1, 1.9531249999999999997882417631864, 72];[-1, 1.9999999990686774251676810499789, 93];[-1, 1.9999999999999999997831595655029, 93];[-1, 1.9999999999999997777385546404716, 115];[-1, 1.0000000000000001109138822452671, 116];[-1, 1.9999999999999999995663191310058, 125];[-1, 1.9999999999999999996747393482543, 126];[1, 1.0000000000000001110223024625157, 116];[1, 1.0000000000000001109138822452671, 116];[1, 1.0000000000000002220446049250313, 106];[1, 1.0000000000000001110223024625157, 84];[1, 1.3125000000000001457167719820518, 58];[1, 1.0000000000000001110223024625157, 53];[-1, 0.0, 0];[-1, 1.0000000000000001110223024625157, 53];[-1, 1.7500000000000001942890293094024, 55];[-1, 1.3125000000000001457167719820518, 58];[-1, 1.9531250000000002168404344971009, 62];[-1, 1.9999999990686776474291263060087, 83];[-1, 1.0000000000000001110223024625157, 84];[-1, 2.0, 105];[-1, 1.0000000000000002220446049250313, 106];[-1, 1.0000000000000001109138822452671, 116];[-1, 1.0000000000000001109680923538914, 117];[1, 1.0, 94];[1, 1.9999999999999999997831595655029, 93];[1, 1.0000000000000001110223024625157, 84];[1, 1.0, 62];[1, 1.3125, 36];[1, 1.0, 31];[-1, 0.0, 0];[-1, 1.0, 31];[-1, 1.75, 33];[-1, 1.3125, 36];[-1, 1.953125, 40];[-1, 1.999999999068677425384521484375, 61];[-1, 1.0, 62];[-1, 1.9999999999999997779553950749687, 83];[-1, 1.0000000000000001110223024625157, 84];[-1, 1.9999999999999999997831595655029, 93];[-1, 1.9999999999999999998915797827514, 94];[1, 1.3125, 68];[1, 1.3124999999999999998576984648613, 68];[1, 1.3125000000000001457167719820518, 58];[1, 1.3125, 36];[1, 1.72265625, 10];[1, 1.3125, 5];[-1, 0.0, 0];[-1, 1.3125, 5];[-1, 1.1484375, 8];[-1, 1.72265625, 10];[-1, 1.28173828125, 15];[-1, 1.3124999993888195604085922241211, 36];[-1, 1.3125, 36];[-1, 1.3124999999999998542832280179482, 58];[-1, 1.3125000000000001457167719820518, 58];[-1, 1.3124999999999999998576984648613, 68];[-1, 1.3124999999999999999288492324306, 69];[1, 1.0, 63];[1, 1.9999999999999999997831595655029, 62];[1, 1.0000000000000001110223024625157, 53];[1, 1.0, 31];[1, 1.3125, 5];[1, 1.0, 0];[-1, 0.0, 0];[-1, 1.0, 0];[-1, 1.75, 2];[-1, 1.3125, 5];[-1, 1.953125, 9];[-1, 1.999999999068677425384521484375, 30];[-1, 1.0, 31];[-1, 1.9999999999999997779553950749687, 52];[-1, 1.0000000000000001110223024625157, 53];[-1, 1.9999999999999999997831595655029, 62];[-1, 1.9999999999999999998915797827514, 63];[-1, 0.0, 0];[-1, 0.0, 0];[-1, 0.0, 0];[-1, 0.0, 0];[-1, 0.0, 0];[-1, 0.0, 0];[1, 0.0, 0];[1, 0.0, 0];[1, 0.0, 0];[1, 0.0, 0];[1, 0.0, 0];[1, 0.0, 0];[1, 0.0, 0];[1, 0.0, 0];[1, 0.0, 0];[1, 0.0, 0];[1, 0.0, 0];[-1, 1.0, 63];[-1, 1.9999999999999999997831595655029, 62];[-1, 1.0000000000000001110223024625157, 53];[-1, 1.0, 31];[-1, 1.3125, 5];[-1, 1.0, 0];[1, 0.0, 0];[1, 1.0, 0];[1, 1.75, 2];[1, 1.3125, 5];[1, 1.953125, 9];[1, 1.999999999068677425384521484375, 30];[1, 1.0, 31];[1, 1.9999999999999997779553950749687, 52];[1, 1.0000000000000001110223024625157, 53];[1, 1.9999999999999999997831595655029, 62];[1, 1.9999999999999999998915797827514, 63];[-1, 1.75, 65];[-1, 1.749999999999999999810264619815, 65];[-1, 1.7500000000000001942890293094024, 55];[-1, 1.75, 33];[-1, 1.1484375, 8];[-1, 1.75, 2];[1, 0.0, 0];[1, 1.75, 2];[1, 1.53125, 5];[1, 1.1484375, 8];[1, 1.708984375, 12];[1, 1.7499999991850927472114562988281, 33];[1, 1.75, 33];[1, 1.7499999999999998057109706905976, 55];[1, 1.7500000000000001942890293094024, 55];[1, 1.749999999999999999810264619815, 65];[1, 1.7499999999999999999051323099075, 66];[-1, 1.3125, 68];[-1, 1.3124999999999999998576984648613, 68];[-1, 1.3125000000000001457167719820518, 58];[-1, 1.3125, 36];[-1, 1.72265625, 10];[-1, 1.3125, 5];[1, 0.0, 0];[1, 1.3125, 5];[1, 1.1484375, 8];[1, 1.72265625, 10];[1, 1.28173828125, 15];[1, 1.3124999993888195604085922241211, 36];[1, 1.3125, 36];[1, 1.3124999999999998542832280179482, 58];[1, 1.3125000000000001457167719820518, 58];[1, 1.3124999999999999998576984648613, 68];[1, 1.3124999999999999999288492324306, 69];[-1, 1.953125, 72];[-1, 1.9531249999999999997882417631864, 72];[-1, 1.9531250000000002168404344971009, 62];[-1, 1.953125, 40];[-1, 1.28173828125, 15];[-1, 1.953125, 9];[1, 0.0, 0];[1, 1.953125, 9];[1, 1.708984375, 12];[1, 1.28173828125, 15];[1, 1.9073486328125, 19];[1, 1.953124999090505298227071762085, 40];[1, 1.953125, 40];[1, 1.9531249999999997831595655028991, 62];[1, 1.9531250000000002168404344971009, 62];[1, 1.9531249999999999997882417631864, 72];[1, 1.9531249999999999998941208815932, 73];[-1, 1.999999999068677425384521484375, 93];[-1, 1.9999999990686774251676810499789, 93];[-1, 1.9999999990686776474291263060087, 83];[-1, 1.999999999068677425384521484375, 61];[-1, 1.3124999993888195604085922241211, 36];[-1, 1.999999999068677425384521484375, 30];[1, 0.0, 0];[1, 1.999999999068677425384521484375, 30];[1, 1.7499999991850927472114562988281, 33];[1, 1.3124999993888195604085922241211, 36];[1, 1.953124999090505298227071762085, 40];[1, 1.9999999981373548512027238377442, 61];[1, 1.999999999068677425384521484375, 61];[1, 1.9999999990686772033399166627413, 83];[1, 1.9999999990686776474291263060087, 83];[1, 1.9999999990686774251676810499789, 93];[1, 1.9999999990686774252761012671769, 94];[-1, 1.0, 94];[-1, 1.9999999999999999997831595655029, 93];[-1, 1.0000000000000001110223024625157, 84];[-1, 1.0, 62];[-1, 1.3125, 36];[-1, 1.0, 31];[1, 0.0, 0];[1, 1.0, 31];[1, 1.75, 33];[1, 1.3125, 36];[1, 1.953125, 40];[1, 1.999999999068677425384521484375, 61];[1, 1.0, 62];[1, 1.9999999999999997779553950749687, 83];[1, 1.0000000000000001110223024625157, 84];[1, 1.9999999999999999997831595655029, 93];[1, 1.9999999999999999998915797827514, 94];[-1, 1.9999999999999997779553950749687, 115];[-1, 1.9999999999999997777385546404716, 115];[-1, 2.0, 105];[-1, 1.9999999999999997779553950749687, 83];[-1, 1.3124999999999998542832280179482, 58];[-1, 1.9999999999999997779553950749687, 52];[1, 0.0, 0];[1, 1.9999999999999997779553950749687, 52];[1, 1.7499999999999998057109706905976, 55];[1, 1.3124999999999998542832280179482, 58];[1, 1.9531249999999997831595655028991, 62];[1, 1.9999999990686772033399166627413, 83];[1, 1.9999999999999997779553950749687, 83];[1, 1.9999999999999995559107901499374, 105];[1, 2.0, 105];[1, 1.9999999999999997777385546404716, 115];[1, 1.9999999999999997778469748577201, 116];[-1, 1.0000000000000001110223024625157, 116];[-1, 1.0000000000000001109138822452671, 116];[-1, 1.0000000000000002220446049250313, 106];[-1, 1.0000000000000001110223024625157, 84];[-1, 1.3125000000000001457167719820518, 58];[-1, 1.0000000000000001110223024625157, 53];[1, 0.0, 0];[1, 1.0000000000000001110223024625157, 53];[1, 1.7500000000000001942890293094024, 55];[1, 1.3125000000000001457167719820518, 58];[1, 1.9531250000000002168404344971009, 62];[1, 1.9999999990686776474291263060087, 83];[1, 1.0000000000000001110223024625157, 84];[1, 2.0, 105];[1, 1.0000000000000002220446049250313, 106];[1, 1.0000000000000001109138822452671, 116];[1, 1.0000000000000001109680923538914, 117];[-1, 1.9999999999999999997831595655029, 125];[-1, 1.9999999999999999995663191310058, 125];[-1, 1.0000000000000001109138822452671, 116];[-1, 1.9999999999999999997831595655029, 93];[-1, 1.3124999999999999998576984648613, 68];[-1, 1.9999999999999999997831595655029, 62];[1, 0.0, 0];[1, 1.9999999999999999997831595655029, 62];[1, 1.749999999999999999810264619815, 65];[1, 1.3124999999999999998576984648613, 68];[1, 1.9531249999999999997882417631864, 72];[1, 1.9999999990686774251676810499789, 93];[1, 1.9999999999999999997831595655029, 93];[1, 1.9999999999999997777385546404716, 115];[1, 1.0000000000000001109138822452671, 116];[1, 1.9999999999999999995663191310058, 125];[1, 1.9999999999999999996747393482543, 126];[-1, 1.9999999999999999998915797827514, 126];[-1, 1.9999999999999999996747393482543, 126];[-1, 1.0000000000000001109680923538914, 117];[-1, 1.9999999999999999998915797827514, 94];[-1, 1.3124999999999999999288492324306, 69];[-1, 1.9999999999999999998915797827514, 63];[1, 0.0, 0];[1, 1.9999999999999999998915797827514, 63];[1, 1.7499999999999999999051323099075, 66];[1, 1.3124999999999999999288492324306, 69];[1, 1.9531249999999999998941208815932, 73];[1, 1.9999999990686774252761012671769, 94];[1, 1.9999999999999999998915797827514, 94];[1, 1.9999999999999997778469748577201, 116];[1, 1.0000000000000001109680923538914, 117];[1, 1.9999999999999999996747393482543, 126];[1, 1.9999999999999999997831595655029, 127]",289,0
A2_4_5,1,whole|fractional,BigDecimal,Float,"whole/L1/17:-2^63,-2^63+1,-2^53-1,-2^31,-42,-1,0,1,7,42,1000,2^31-1,2^31,2^53-1,2^53+1,2^63-1,2^64-1","fractional/L1/16:-max_finite,-1.5,-1.0,-(1.0-1ulp),-0.0,+0.0,+min_subnormal,+min_normal,1.0-1ulp,1.0,1.0+1ulp,1.5,pi,2^53,max_finite,0.1",272,"[1, 1.999999999999998990117626209535, 1086];[1, 1.5, 63];[1, 1.0, 63];[1, 1.9999999999999998, 62];[1, 0.0, 0];[-1, 0.0, 0];[-1, 1.0120112665365530917624767335946, -1011];[-1, 1.9999999999999996556606593056223, -960];[-1, 1.9999999999999998, 62];[-1, 1.0, 63];[-1, 1.0, 63];[-1, 1.5, 63];[-1, 1.5707963267948965, 64];[-1, 1.0, 116];[-1, 1.999999999999998990117626209535, 1086];[-1, 1.6, 59];[1, 1.9999999999999989899007857750379, 1086];[1, 1.4999999999999999998373696741272, 63];[1, 1.9999999999999999997831595655029, 62];[1, 1.9999999999999997997831595655029, 62];[1, 0.0, 0];[-1, 0.0, 0];[-1, 1.0120112665365530916527542522187, -1011];[-1, 1.9999999999999996554438188711252, -960];[-1, 1.9999999999999997997831595655029, 62];[-1, 1.9999999999999999997831595655029, 62];[-1, 1.9999999999999999997831595655029, 62];[-1, 1.4999999999999999998373696741272, 63];[-1, 1.5707963267948964998296939209957, 64];[-1, 1.9999999999999999997831595655029, 115];[-1, 1.9999999999999989899007857750379, 1086];[-1, 1.5999999999999999998265276524023, 59];[1, 1.9999999999999992121622311345662, 1076];[1, 1.5000000000000001665334536937735, 53];[1, 1.0000000000000001110223024625157, 53];[1, 1.0000000000000000110223024625156, 53];[1, 0.0, 0];[-1, 0.0, 0];[-1, 1.0120112665365532041182976624893, -1021];[-1, 1.9999999999999998777052642306536, -970];[-1, 1.0000000000000000110223024625156, 53];[-1, 1.0000000000000001110223024625157, 53];[-1, 1.0000000000000001110223024625157, 53];[-1, 1.5000000000000001665334536937735, 53];[-1, 1.5707963267948966743934249004316, 54];[-1, 1.0000000000000001110223024625157, 106];[-1, 1.9999999999999992121622311345662, 1076];[-1, 1.600000000000000177635683940025, 49];[1, 1.999999999999998990117626209535, 1054];[1, 1.5, 31];[1, 1.0, 31];[1, 1.9999999999999998, 30];[1, 0.0, 0];[-1, 0.0, 0];[-1, 1.0120112665365530917624767335946, -1043];[-1, 1.9999999999999996556606593056223, -992];[-1, 1.9999999999999998, 30];[-1, 1.0, 31];[-1, 1.0, 31];[-1, 1.5, 31];[-1, 1.5707963267948965, 32];[-1, 1.0, 84];[-1, 1.999999999999998990117626209535, 1054];[-1, 1.6, 27];[1, 1.3124999999999993372646922000074, 1029];[1, 1.96875, 5];[1, 1.3125, 5];[1, 1.31249999999999986875, 5];[1, 0.0, 0];[-1, 0.0, 0];[-1, 1.3282647873292259329382507128429, -1069];[-1, 1.3124999999999997740273076693146, -1017];[-1, 1.31249999999999986875, 5];[-1, 1.3125, 5];[-1, 1.3125, 5];[-1, 1.96875, 5];[-1, 1.030835089459150828125, 7];[-1, 1.3125, 58];[-1, 1.3124999999999993372646922000074, 1029];[-1, 1.05, 2];[1, 1.999999999999998990117626209535, 1023];[1, 1.5, 0];[1, 1.0, 0];[1, 1.9999999999999998, -1];[1, 0.0, 0];[-1, 0.0, 0];[-1, 1.0120112665365530917624767335946, -1074];[-1, 1.9999999999999996556606593056223, -1023];[-1, 1.9999999999999998, -1];[-1, 1.0, 0];[-1, 1.0, 0];[-1, 1.5, 0];[-1, 1.5707963267948965, 1];[-1, 1.0, 53];[-1, 1.999999999999998990117626209535, 1023];[-1, 1.6, -4];[-1, 0.0, 0];[-1, 0.0, 0];[-1, 0.0, 0];[-1, 0.0, 0];[-1, 0.0, 0];[1, 0.0, 0];[1, 0.0, 0];[1, 0.0, 0];[1, 0.0, 0];[1, 0.0, 0];[1, 0.0, 0];[1, 0.0, 0];[1, 0.0, 0];[1, 0.0, 0];[1, 0.0, 0];[1, 0.0, 0];[-1, 1.999999999999998990117626209535, 1023];[-1, 1.5, 0];[-1, 1.0, 0];[-1, 1.9999999999999998, -1];[-1, 0.0, 0];[1, 0.0, 0];[1, 1.0120112665365530917624767335946, -1074];[1, 1.9999999999999996556606593056223, -1023];[1, 1.9999999999999998, -1];[1, 1.0, 0];[1, 1.0, 0];[1, 1.5, 0];[1, 1.5707963267948965, 1];[1, 1.0, 53];[1, 1.999999999999998990117626209535, 1023];[1, 1.6, -4];[-1, 1.7499999999999991163529229333432, 1026];[-1, 1.3125, 3];[-1, 1.75, 2];[-1, 1.749999999999999825, 2];[-1, 0.0, 0];[1, 0.0, 0];[1, 1.7710197164389679105843342837905, -1072];[1, 1.7499999999999996987030768924195, -1020];[1, 1.749999999999999825, 2];[1, 1.75, 2];[1, 1.75, 2];[1, 1.3125, 3];[1, 1.3744467859455344375, 4];[1, 1.75, 55];[1, 1.7499999999999991163529229333432, 1026];[1, 1.4, -1];[-1, 1.3124999999999993372646922000074, 1029];[-1, 1.96875, 5];[-1, 1.3125, 5];[-1, 1.31249999999999986875, 5];[-1, 0.0, 0];[1, 0.0, 0];[1, 1.3282647873292259329382507128429, -1069];[1, 1.3124999999999997740273076693146, -1017];[1, 1.31249999999999986875, 5];[1, 1.3125, 5];[1, 1.3125, 5];[1, 1.96875, 5];[1, 1.030835089459150828125, 7];[1, 1.3125, 58];[1, 1.3124999999999993372646922000074, 1029];[1, 1.05, 2];[-1, 1.9531249999999990137867443452491, 1033];[-1, 1.46484375, 10];[-1, 1.953125, 9];[-1, 1.9531249999999998046875, 9];[-1, 0.0, 0];[1, 0.0, 0];[1, 1.9765845049542052573485873703019, -1065];[1, 1.9531249999999996637311126031468, -1013];[1, 1.9531249999999998046875, 9];[1, 1.953125, 9];[1, 1.953125, 9];[1, 1.46484375, 10];[1, 1.53398078788564111328125, 11];[1, 1.953125, 62];[1, 1.9531249999999990137867443452491, 1033];[1, 1.5625, 6];[-1, 1.9999999990686764155021481641732, 1054];[-1, 1.4999999993015080690383911132812, 31];[-1, 1.999999999068677425384521484375, 30];[-1, 1.9999999990686772253845215775073, 30];[-1, 0.0, 0];[1, 0.0, 0];[1, 1.0120112660652986226171297922788, -1043];[1, 1.9999999990686770810451809503428, -992];[1, 1.9999999990686772253845215775073, 30];[1, 1.999999999068677425384521484375, 30];[1, 1.999999999068677425384521484375, 30];[1, 1.4999999993015080690383911132812, 31];[1, 1.5707963260634374603664202149957, 32];[1, 1.999999999068677425384521484375, 83];[1, 1.9999999990686764155021481641732, 1054];[1, 1.5999999992549419403076171875, 27];[-1, 1.999999999999998990117626209535, 1054];[-1, 1.5, 31];[-1, 1.0, 31];[-1, 1.9999999999999998, 30];[-1, 0.0, 0];[1, 0.0, 0];[1, 1.0120112665365530917624767335946, -1043];[1, 1.9999999999999996556606593056223, -992];[1, 1.9999999999999998, 30];[1, 1.0, 31];[1, 1.0, 31];[1, 1.5, 31];[1, 1.5707963267948965, 32];[1, 1.0, 84];[1, 1.999999999999998990117626209535, 1054];[1, 1.6, 27];[-1, 1.9999999999999987680730212845038, 1076];[-1, 1.4999999999999998334665463062265, 53];[-1, 1.9999999999999997779553950749687, 52];[-1, 1.9999999999999995779553950749687, 52];[-1, 0.0, 0];[1, 0.0, 0];[1, 1.0120112665365529794066558046998, -1021];[1, 1.999999999999999433616054380591, -970];[1, 1.9999999999999995779553950749687, 52];[1, 1.9999999999999997779553950749687, 52];[1, 1.9999999999999997779553950749687, 52];[1, 1.4999999999999998334665463062265, 53];[1, 1.5707963267948963256065750995684, 54];[1, 1.9999999999999997779553950749687, 105];[1, 1.9999999999999987680730212845038, 1076];[1, 1.599999999999999822364316059975, 49];[-1, 1.9999999999999992121622311345662, 1076];[-1, 1.5000000000000001665334536937735, 53];[-1, 1.0000000000000001110223024625157, 53];[-1, 1.0000000000000000110223024625156, 53];[-1, 0.0, 0];[1, 0.0, 0];[1, 1.0120112665365532041182976624893, -1021];[1, 1.9999999999999998777052642306536, -970];[1, 1.0000000000000000110223024625156, 53];[1, 1.0000000000000001110223024625157, 53];[1, 1.0000000000000001110223024625157, 53];[1, 1.5000000000000001665334536937735, 53];[1, 1.5707963267948966743934249004316, 54];[1, 1.0000000000000001110223024625157, 106];[1, 1.9999999999999992121622311345662, 1076];[1, 1.600000000000000177635683940025, 49];[-1, 1.9999999999999989899007857750379, 1086];[-1, 1.4999999999999999998373696741272, 63];[-1, 1.9999999999999999997831595655029, 62];[-1, 1.9999999999999997997831595655029, 62];[-1, 0.0, 0];[1, 0.0, 0];[1, 1.0120112665365530916527542522187, -1011];[1, 1.9999999999999996554438188711252, -960];[1, 1.9999999999999997997831595655029, 62];[1, 1.9999999999999999997831595655029, 62];[1, 1.9999999999999999997831595655029, 62];[1, 1.4999999999999999998373696741272, 63];[1, 1.5707963267948964998296939209957, 64];[1, 1.9999999999999999997831595655029, 115];[1, 1.9999999999999989899007857750379, 1086];[1, 1.5999999999999999998265276524023, 59];[-1, 1.9999999999999989900092059922865, 1087];[-1, 1.4999999999999999999186848370636, 64];[-1, 1.9999999999999999998915797827514, 63];[-1, 1.9999999999999997998915797827514, 63];[-1, 0.0, 0];[1, 0.0, 0];[1, 1.0120112665365530917076154929066, -1010];[1, 1.9999999999999996555522390883737, -959];[1, 1.9999999999999997998915797827514, 63];[1, 1.9999999999999999998915797827514, 63];[1, 1.9999999999999999998915797827514, 63];[1, 1.4999999999999999999186848370636, 64];[1, 1.5707963267948964999148469604978, 65];[1, 1.9999999999999999998915797827514, 116];[1, 1.9999999999999989900092059922865, 1087];[1, 1.5999999999999999999132638262012, 60]",272,0
A2_4_6,1,whole|fractional,BigDecimal,Rational,"whole/L1/17:-2^63,-2^63+1,-2^53-1,-2^31,-42,-1,0,1,7,42,1000,2^31-1,2^31,2^53-1,2^53+1,2^63-1,2^64-1","fractional/L1/15:-max_finite,-1.5,-1.0,-(1.0-1ulp),+0.0,+min_subnormal,+min_normal,1.0-1ulp,1.0,1.0+1ulp,1.5,pi,2^53,max_finite,0.1",255,"[1, 1.9999999999999997779553950779536, 1086];[1, 1.5, 63];[1, 1.0, 63];[1, 1.999999999999999777955395074, 62];[-1, 0.0, 0];[-1, 1.0000000000000000000000000002667, -1011];[-1, 1.0000000000000000000000000011989, -959];[-1, 1.999999999999999777955395074, 62];[-1, 1.0, 63];[-1, 1.00000000000000022204460493, 63];[-1, 1.5, 63];[-1, 1.570796326794896557998981735, 64];[-1, 1.0, 116];[-1, 1.9999999999999997779553950779536, 1086];[-1, 1.600000000000000088817841968, 59];[1, 1.9999999999999997777385546434565, 1086];[1, 1.4999999999999999998373696741272, 63];[1, 1.9999999999999999997831595655029, 62];[1, 1.9999999999999997777385546395029, 62];[-1, 0.0, 0];[-1, 1.9999999999999999997831595660363, -1012];[-1, 1.9999999999999999997831595679007, -960];[-1, 1.9999999999999997777385546395029, 62];[-1, 1.9999999999999999997831595655029, 62];[-1, 1.0000000000000002219361847127514, 63];[-1, 1.4999999999999999998373696741272, 63];[-1, 1.5707963267948965578286756559957, 64];[-1, 1.9999999999999999997831595655029, 115];[-1, 1.9999999999999997777385546434565, 1086];[-1, 1.6000000000000000886443696204023, 59];[1, 1.0000000000000000010317254523114, 1077];[1, 1.5000000000000001665334536937735, 53];[1, 1.0000000000000001110223024625157, 53];[1, 1.0000000000000000000223024625156, 53];[-1, 0.0, 0];[-1, 1.0000000000000001106649232471129, -1021];[-1, 1.0000000000000001096334799272468, -969];[-1, 1.0000000000000000000223024625156, 53];[-1, 1.0000000000000001110223024625157, 53];[-1, 1.0000000000000003310223024625157, 53];[-1, 1.5000000000000001665334536937735, 53];[-1, 1.5707963267948967343934249004316, 54];[-1, 1.0000000000000001110223024625157, 106];[-1, 1.0000000000000000010317254523114, 1077];[-1, 1.6000000000000002736356839400251, 49];[1, 1.9999999999999997800188459795915, 1054];[1, 1.5, 31];[1, 1.0, 31];[1, 1.999999999999999778, 30];[-1, 0.0, 0];[-1, 1.9999999999999999992852415691944, -1044];[-1, 1.9999999999999999972223549294623, -992];[-1, 1.999999999999999778, 30];[-1, 1.0, 31];[-1, 1.00000000000000022, 31];[-1, 1.5, 31];[-1, 1.57079632679489656, 32];[-1, 1.0, 84];[-1, 1.9999999999999997800188459795915, 1054];[-1, 1.600000000000000096, 27];[1, 1.3124999964500116815635000007351, 1029];[1, 1.96875, 5];[1, 1.3125, 5];[1, 1.3125, 5];[-1, 0.0, 0];[-1, 1.3125000004217332504741790331014, -1069];[-1, 1.3125000008805542239431816821207, -1017];[-1, 1.3125, 5];[-1, 1.3125, 5];[-1, 1.3125, 5];[-1, 1.96875, 5];[-1, 1.03083508828125, 7];[-1, 1.3124999993091579497672682919074, 58];[-1, 1.3124999964500116815635000007351, 1029];[-1, 1.05, 2];[1, 1.9999999945904939909539047630248, 1023];[1, 1.5, 0];[1, 1.0, 0];[1, 1.0, 0];[-1, 0.0, 0];[-1, 1.0000000003213205717898506918868, -1074];[-1, 1.0000000006708984563376622339967, -1022];[-1, 1.0, 0];[-1, 1.0, 0];[-1, 1.0, 0];[-1, 1.5, 0];[-1, 1.570796325, 1];[-1, 1.9999999989472883044072659686208, 52];[-1, 1.9999999945904939909539047630248, 1023];[-1, 1.6, -4];[-1, 0.0, 0];[-1, 0.0, 0];[-1, 0.0, 0];[-1, 0.0, 0];[1, 0.0, 0];[1, 0.0, 0];[1, 0.0, 0];[1, 0.0, 0];[1, 0.0, 0];[1, 0.0, 0];[1, 0.0, 0];[1, 0.0, 0];[1, 0.0, 0];[1, 0.0, 0];[1, 0.0, 0];[-1, 1.9999999945904939909539047630248, 1023];[-1, 1.5, 0];[-1, 1.0, 0];[-1, 1.0, 0];[1, 0.0, 0];[1, 1.0000000003213205717898506918868, -1074];[1, 1.0000000006708984563376622339967, -1022];[1, 1.0, 0];[1, 1.0, 0];[1, 1.0, 0];[1, 1.5, 0];[1, 1.570796325, 1];[1, 1.9999999989472883044072659686208, 52];[1, 1.9999999945904939909539047630248, 1023];[1, 1.6, -4];[-1, 1.7499999952666822420846666676467, 1026];[-1, 1.3125, 3];[-1, 1.75, 2];[-1, 1.75, 2];[1, 0.0, 0];[1, 1.7500000005623110006322387108018, -1072];[1, 1.7500000011740722985909089094943, -1020];[1, 1.75, 2];[1, 1.75, 2];[1, 1.75, 2];[1, 1.3125, 3];[1, 1.374446784375, 4];[1, 1.7499999990788772663563577225432, 55];[1, 1.7499999952666822420846666676467, 1026];[1, 1.4, -1];[-1, 1.3124999964500116815635000007351, 1029];[-1, 1.96875, 5];[-1, 1.3125, 5];[-1, 1.3125, 5];[1, 0.0, 0];[1, 1.3125000004217332504741790331014, -1069];[1, 1.3125000008805542239431816821207, -1017];[1, 1.3125, 5];[1, 1.3125, 5];[1, 1.3125, 5];[1, 1.96875, 5];[1, 1.03083508828125, 7];[1, 1.3124999993091579497672682919074, 58];[1, 1.3124999964500116815635000007351, 1029];[1, 1.05, 2];[-1, 1.9531249947172792880409226201415, 1033];[-1, 1.46484375, 10];[-1, 1.953125, 9];[-1, 1.953125, 9];[1, 0.0, 0];[1, 1.9531250006275792417770521325913, -1065];[1, 1.9531250013103485475344965507749, -1013];[1, 1.953125, 9];[1, 1.953125, 9];[1, 1.953125, 9];[1, 1.46484375, 10];[1, 1.5339807861328125, 11];[1, 1.9531249989719612347727206724812, 62];[1, 1.9531249947172792880409226201415, 1033];[1, 1.5625, 6];[-1, 1.9999999990686772054033675664032, 1054];[-1, 1.4999999993015080690383911132812, 31];[-1, 1.999999999068677425384521484375, 30];[-1, 1.9999999990686772033845215877518, 30];[1, 0.0, 0];[1, 1.9999999990686774246697630539022, -1044];[1, 1.9999999990686774226068764151308, -992];[1, 1.9999999990686772033845215877518, 30];[1, 1.999999999068677425384521484375, 30];[1, 1.999999999068677865384521279484, 30];[1, 1.4999999993015080690383911132812, 31];[1, 1.5707963260634375203664201870561, 32];[1, 1.999999999068677425384521484375, 83];[1, 1.9999999990686772054033675664032, 1054];[1, 1.5999999992549420363076171427965, 27];[-1, 1.9999999999999997800188459795915, 1054];[-1, 1.5, 31];[-1, 1.0, 31];[-1, 1.999999999999999778, 30];[1, 0.0, 0];[1, 1.9999999999999999992852415691944, -1044];[1, 1.9999999999999999972223549294623, -992];[1, 1.999999999999999778, 30];[1, 1.0, 31];[1, 1.00000000000000022, 31];[1, 1.5, 31];[1, 1.57079632679489656, 32];[1, 1.0, 84];[1, 1.9999999999999997800188459795915, 1054];[1, 1.600000000000000096, 27];[-1, 1.9999999999999995579742410545602, 1076];[-1, 1.4999999999999998334665463062265, 53];[-1, 1.9999999999999997779553950749687, 52];[-1, 1.9999999999999995559553950749687, 52];[1, 0.0, 0];[1, 1.9999999999999997772406366441631, -1022];[1, 1.999999999999999775177750004431, -970];[1, 1.9999999999999995559553950749687, 52];[1, 1.9999999999999997779553950749687, 52];[1, 1.0000000000000001089776975374843, 53];[1, 1.4999999999999998334665463062265, 53];[1, 1.5707963267948963856065750995684, 54];[1, 1.9999999999999997779553950749687, 105];[1, 1.9999999999999995579742410545602, 1076];[1, 1.5999999999999999183643160599749, 49];[-1, 1.0000000000000000010317254523114, 1077];[-1, 1.5000000000000001665334536937735, 53];[-1, 1.0000000000000001110223024625157, 53];[-1, 1.0000000000000000000223024625156, 53];[1, 0.0, 0];[1, 1.0000000000000001106649232471129, -1021];[1, 1.0000000000000001096334799272468, -969];[1, 1.0000000000000000000223024625156, 53];[1, 1.0000000000000001110223024625157, 53];[1, 1.0000000000000003310223024625157, 53];[1, 1.5000000000000001665334536937735, 53];[1, 1.5707963267948967343934249004316, 54];[1, 1.0000000000000001110223024625157, 106];[1, 1.0000000000000000010317254523114, 1077];[1, 1.6000000000000002736356839400251, 49];[-1, 1.9999999999999997777385546434565, 1086];[-1, 1.4999999999999999998373696741272, 63];[-1, 1.9999999999999999997831595655029, 62];[-1, 1.9999999999999997777385546395029, 62];[1, 0.0, 0];[1, 1.9999999999999999997831595660363, -1012];[1, 1.9999999999999999997831595679007, -960];[1, 1.9999999999999997777385546395029, 62];[1, 1.9999999999999999997831595655029, 62];[1, 1.0000000000000002219361847127514, 63];[1, 1.4999999999999999998373696741272, 63];[1, 1.5707963267948965578286756559957, 64];[1, 1.9999999999999999997831595655029, 115];[1, 1.9999999999999997777385546434565, 1086];[1, 1.6000000000000000886443696204023, 59];[-1, 1.999999999999999777846974860705, 1087];[-1, 1.4999999999999999999186848370636, 64];[-1, 1.9999999999999999998915797827514, 63];[-1, 1.9999999999999997778469748567514, 63];[1, 0.0, 0];[1, 1.9999999999999999998915797832849, -1011];[1, 1.9999999999999999998915797851492, -959];[1, 1.9999999999999997778469748567514, 63];[1, 1.9999999999999999998915797827514, 63];[1, 1.0000000000000002219903948213757, 64];[1, 1.4999999999999999999186848370636, 64];[1, 1.5707963267948965579138286954978, 65];[1, 1.9999999999999999998915797827514, 116];[1, 1.999999999999999777846974860705, 1087];[1, 1.6000000000000000887311057942012, 60]",255,0
A2_4_7,1,whole|fractional,BigDecimal,BigDecimal,"whole/L1/17:-2^63,-2^63+1,-2^53-1,-2^31,-42,-1,0,1,7,42,1000,2^31-1,2^31,2^53-1,2^53+1,2^63-1,2^64-1","fractional/L1/16:-max_finite,-1.5,-1.0,-(1.0-1ulp),-0.0,+0.0,+min_subnormal,+min_normal,1.0-1ulp,1.0,1.0+1ulp,1.5,pi,2^53,max_finite,0.1",272,"[1, 1.9999999999999997688934766870555, 1086];[1, 1.5, 63];[1, 1.0, 63];[1, 1.9999999999999998, 62];[1, 0.0, 0];[-1, 0.0, 0];[-1, 1.0120112665365530917624767335946, -1011];[-1, 1.0000000000000000075996431390427, -959];[-1, 1.9999999999999998, 62];[-1, 1.0, 63];[-1, 1.0000000000000002, 63];[-1, 1.5, 63];[-1, 1.5707963267948965, 64];[-1, 1.0, 116];[-1, 1.9999999999999997688934766870555, 1086];[-1, 1.6, 59];[1, 1.9999999999999997686766362525584, 1086];[1, 1.4999999999999999998373696741272, 63];[1, 1.9999999999999999997831595655029, 62];[1, 1.9999999999999997997831595655029, 62];[1, 0.0, 0];[-1, 0.0, 0];[-1, 1.0120112665365530916527542522187, -1011];[-1, 1.0000000000000000074912229217942, -959];[-1, 1.9999999999999997997831595655029, 62];[-1, 1.9999999999999999997831595655029, 62];[-1, 1.0000000000000001998915797827514, 63];[-1, 1.4999999999999999998373696741272, 63];[-1, 1.5707963267948964998296939209957, 64];[-1, 1.9999999999999999997831595655029, 115];[-1, 1.9999999999999997686766362525584, 1086];[-1, 1.5999999999999999998265276524023, 59];[1, 1.9999999999999999909380816120868, 1076];[1, 1.5000000000000001665334536937735, 53];[1, 1.0000000000000001110223024625157, 53];[1, 1.0000000000000000110223024625156, 53];[1, 0.0, 0];[-1, 0.0, 0];[-1, 1.0120112665365532041182976624893, -1021];[-1, 1.0000000000000001186219456015584, -969];[-1, 1.0000000000000000110223024625156, 53];[-1, 1.0000000000000001110223024625157, 53];[-1, 1.0000000000000003110223024625157, 53];[-1, 1.5000000000000001665334536937735, 53];[-1, 1.5707963267948966743934249004316, 54];[-1, 1.0000000000000001110223024625157, 106];[-1, 1.9999999999999999909380816120868, 1076];[-1, 1.600000000000000177635683940025, 49];[1, 1.9999999999999997688934766870555, 1054];[1, 1.5, 31];[1, 1.0, 31];[1, 1.9999999999999998, 30];[1, 0.0, 0];[-1, 0.0, 0];[-1, 1.0120112665365530917624767335946, -1043];[-1, 1.0000000000000000075996431390427, -991];[-1, 1.9999999999999998, 30];[-1, 1.0, 31];[-1, 1.0000000000000002, 31];[-1, 1.5, 31];[-1, 1.5707963267948965, 32];[-1, 1.0, 84];[-1, 1.9999999999999997688934766870555, 1054];[-1, 1.6, 27];[1, 1.3124999999999998483363440758802, 1029];[1, 1.96875, 5];[1, 1.3125, 5];[1, 1.31249999999999986875, 5];[1, 0.0, 0];[-1, 0.0, 0];[-1, 1.3282647873292259329382507128429, -1069];[-1, 1.3125000000000000099745316199936, -1017];[-1, 1.31249999999999986875, 5];[-1, 1.3125, 5];[-1, 1.3125000000000002625, 5];[-1, 1.96875, 5];[-1, 1.030835089459150828125, 7];[-1, 1.3125, 58];[-1, 1.3124999999999998483363440758802, 1029];[-1, 1.05, 2];[1, 1.9999999999999997688934766870555, 1023];[1, 1.5, 0];[1, 1.0, 0];[1, 1.9999999999999998, -1];[1, 0.0, 0];[-1, 0.0, 0];[-1, 1.0120112665365530917624767335946, -1074];[-1, 1.0000000000000000075996431390427, -1022];[-1, 1.9999999999999998, -1];[-1, 1.0, 0];[-1, 1.0000000000000002, 0];[-1, 1.5, 0];[-1, 1.5707963267948965, 1];[-1, 1.0, 53];[-1, 1.9999999999999997688934766870555, 1023];[-1, 1.6, -4];[-1, 0.0, 0];[-1, 0.0, 0];[-1, 0.0, 0];[-1, 0.0, 0];[-1, 0.0, 0];[1, 0.0, 0];[1, 0.0, 0];[1, 0.0, 0];[1, 0.0, 0];[1, 0.0, 0];[1, 0.0, 0];[1, 0.0, 0];[1, 0.0, 0];[1, 0.0, 0];[1, 0.0, 0];[1, 0.0, 0];[-1, 1.9999999999999997688934766870555, 1023];[-1, 1.5, 0];[-1, 1.0, 0];[-1, 1.9999999999999998, -1];[-1, 0.0, 0];[1, 0.0, 0];[1, 1.0120112665365530917624767335946, -1074];[1, 1.0000000000000000075996431390427, -1022];[1, 1.9999999999999998, -1];[1, 1.0, 0];[1, 1.0000000000000002, 0];[1, 1.5, 0];[1, 1.5707963267948965, 1];[1, 1.0, 53];[1, 1.9999999999999997688934766870555, 1023];[1, 1.6, -4];[-1, 1.7499999999999997977817921011736, 1026];[-1, 1.3125, 3];[-1, 1.75, 2];[-1, 1.749999999999999825, 2];[-1, 0.0, 0];[1, 0.0, 0];[1, 1.7710197164389679105843342837905, -1072];[1, 1.7500000000000000132993754933248, -1020];[1, 1.749999999999999825, 2];[1, 1.75, 2];[1, 1.75000000000000035, 2];[1, 1.3125, 3];[1, 1.3744467859455344375, 4];[1, 1.75, 55];[1, 1.7499999999999997977817921011736, 1026];[1, 1.4, -1];[-1, 1.3124999999999998483363440758802, 1029];[-1, 1.96875, 5];[-1, 1.3125, 5];[-1, 1.31249999999999986875, 5];[-1, 0.0, 0];[1, 0.0, 0];[1, 1.3282647873292259329382507128429, -1069];[1, 1.3125000000000000099745316199936, -1017];[1, 1.31249999999999986875, 5];[1, 1.3125, 5];[1, 1.3125000000000002625, 5];[1, 1.96875, 5];[1, 1.030835089459150828125, 7];[1, 1.3125, 58];[1, 1.3124999999999998483363440758802, 1029];[1, 1.05, 2];[-1, 1.9531249999999997743100358272027, 1033];[-1, 1.46484375, 10];[-1, 1.953125, 9];[-1, 1.9531249999999998046875, 9];[-1, 0.0, 0];[1, 0.0, 0];[1, 1.9765845049542052573485873703019, -1065];[1, 1.9531250000000000148430530059428, -1013];[1, 1.9531249999999998046875, 9];[1, 1.953125, 9];[1, 1.953125000000000390625, 9];[1, 1.46484375, 10];[1, 1.53398078788564111328125, 11];[1, 1.953125, 62];[1, 1.9531249999999997743100358272027, 1033];[1, 1.5625, 6];[-1, 1.9999999990686771942779982790479, 1054];[-1, 1.4999999993015080690383911132812, 31];[-1, 1.999999999068677425384521484375, 30];[-1, 1.9999999990686772253845215775073, 30];[-1, 0.0, 0];[1, 0.0, 0];[1, 1.0120112660652986226171297922788, -1043];[1, 1.9999999990686774405838077553827, -992];[1, 1.9999999990686772253845215775073, 30];[1, 1.999999999068677425384521484375, 30];[1, 1.9999999990686778253845212981105, 30];[1, 1.4999999993015080690383911132812, 31];[1, 1.5707963260634374603664202149957, 32];[1, 1.999999999068677425384521484375, 83];[1, 1.9999999990686771942779982790479, 1054];[1, 1.5999999992549419403076171875, 27];[-1, 1.9999999999999997688934766870555, 1054];[-1, 1.5, 31];[-1, 1.0, 31];[-1, 1.9999999999999998, 30];[-1, 0.0, 0];[1, 0.0, 0];[1, 1.0120112665365530917624767335946, -1043];[1, 1.0000000000000000075996431390427, -991];[1, 1.9999999999999998, 30];[1, 1.0, 31];[1, 1.0000000000000002, 31];[1, 1.5, 31];[1, 1.5707963267948965, 32];[1, 1.0, 84];[1, 1.9999999999999997688934766870555, 1054];[1, 1.6, 27];[-1, 1.9999999999999995468488717620242, 1076];[-1, 1.4999999999999998334665463062265, 53];[-1, 1.9999999999999997779553950749687, 52];[-1, 1.9999999999999995779553950749687, 52];[-1, 0.0, 0];[1, 0.0, 0];[1, 1.0120112665365529794066558046998, -1021];[1, 1.9999999999999997931546813530542, -970];[1, 1.9999999999999995779553950749687, 52];[1, 1.9999999999999997779553950749687, 52];[1, 1.0000000000000000889776975374843, 53];[1, 1.4999999999999998334665463062265, 53];[1, 1.5707963267948963256065750995684, 54];[1, 1.9999999999999997779553950749687, 105];[1, 1.9999999999999995468488717620242, 1076];[1, 1.599999999999999822364316059975, 49];[-1, 1.9999999999999999909380816120868, 1076];[-1, 1.5000000000000001665334536937735, 53];[-1, 1.0000000000000001110223024625157, 53];[-1, 1.0000000000000000110223024625156, 53];[-1, 0.0, 0];[1, 0.0, 0];[1, 1.0120112665365532041182976624893, -1021];[1, 1.0000000000000001186219456015584, -969];[1, 1.0000000000000000110223024625156, 53];[1, 1.0000000000000001110223024625157, 53];[1, 1.0000000000000003110223024625157, 53];[1, 1.5000000000000001665334536937735, 53];[1, 1.5707963267948966743934249004316, 54];[1, 1.0000000000000001110223024625157, 106];[1, 1.9999999999999999909380816120868, 1076];[1, 1.600000000000000177635683940025, 49];[-1, 1.9999999999999997686766362525584, 1086];[-1, 1.4999999999999999998373696741272, 63];[-1, 1.9999999999999999997831595655029, 62];[-1, 1.9999999999999997997831595655029, 62];[-1, 0.0, 0];[1, 0.0, 0];[1, 1.0120112665365530916527542522187, -1011];[1, 1.0000000000000000074912229217942, -959];[1, 1.9999999999999997997831595655029, 62];[1, 1.9999999999999999997831595655029, 62];[1, 1.0000000000000001998915797827514, 63];[1, 1.4999999999999999998373696741272, 63];[1, 1.5707963267948964998296939209957, 64];[1, 1.9999999999999999997831595655029, 115];[1, 1.9999999999999997686766362525584, 1086];[1, 1.5999999999999999998265276524023, 59];[-1, 1.999999999999999768785056469807, 1087];[-1, 1.4999999999999999999186848370636, 64];[-1, 1.9999999999999999998915797827514, 63];[-1, 1.9999999999999997998915797827514, 63];[-1, 0.0, 0];[1, 0.0, 0];[1, 1.0120112665365530917076154929066, -1010];[1, 1.0000000000000000075454330304185, -958];[1, 1.9999999999999997998915797827514, 63];[1, 1.9999999999999999998915797827514, 63];[1, 1.0000000000000001999457898913757, 64];[1, 1.4999999999999999999186848370636, 64];[1, 1.5707963267948964999148469604978, 65];[1, 1.9999999999999999998915797827514, 116];[1, 1.999999999999999768785056469807, 1087];[1, 1.5999999999999999999132638262012, 60]",272,0
A2_5_1,1,fractional|truth,Float,TrueFalse,"fractional/L1/16:-max_finite,-1.5,-1.0,-(1.0-1ulp),-0.0,+0.0,+min_subnormal,+min_normal,1.0-1ulp,1.0,1.0+1ulp,1.5,pi,2^53,max_finite,0.1","truth/L1/6:true,false,0,1,"""",nil",96,"RAISE:TypeError;RAISE:TypeError;[-1, 0.0, 0];[-1, 1.9999999999999997779553950749687, 1023];RAISE:TypeError;RAISE:TypeError;RAISE:TypeError;RAISE:TypeError;[-1, 0.0, 0];[-1, 1.5, 0];RAISE:TypeError;RAISE:TypeError;RAISE:TypeError;RAISE:TypeError;[-1, 0.0, 0];[-1, 1.0, 0];RAISE:TypeError;RAISE:TypeError;RAISE:TypeError;RAISE:TypeError;[-1, 0.0, 0];[-1, 1.9999999999999997779553950749687, -1];RAISE:TypeError;RAISE:TypeError;RAISE:TypeError;RAISE:TypeError;[-1, 0.0, 0];[-1, 0.0, 0];RAISE:TypeError;RAISE:TypeError;RAISE:TypeError;RAISE:TypeError;[1, 0.0, 0];[1, 0.0, 0];RAISE:TypeError;RAISE:TypeError;RAISE:TypeError;RAISE:TypeError;[1, 0.0, 0];[1, 1.0, -1074];RAISE:TypeError;RAISE:TypeError;RAISE:TypeError;RAISE:TypeError;[1, 0.0, 0];[1, 1.0, -1022];RAISE:TypeError;RAISE:TypeError;RAISE:TypeError;RAISE:TypeError;[1, 0.0, 0];[1, 1.9999999999999997779553950749687, -1];RAISE:TypeError;RAISE:TypeError;RAISE:TypeError;RAISE:TypeError;[1, 0.0, 0];[1, 1.0, 0];RAISE:TypeError;RAISE:TypeError;RAISE:TypeError;RAISE:TypeError;[1, 0.0, 0];[1, 1.0000000000000002220446049250313, 0];RAISE:TypeError;RAISE:TypeError;RAISE:TypeError;RAISE:TypeError;[1, 0.0, 0];[1, 1.5, 0];RAISE:TypeError;RAISE:TypeError;RAISE:TypeError;RAISE:TypeError;[1, 0.0, 0];[1, 1.5707963267948965579989817342721, 1];RAISE:TypeError;RAISE:TypeError;RAISE:TypeError;RAISE:TypeError;[1, 0.0, 0];[1, 1.0, 53];RAISE:TypeError;RAISE:TypeError;RAISE:TypeError;RAISE:TypeError;[1, 0.0, 0];[1, 1.9999999999999997779553950749687, 1023];RAISE:TypeError;RAISE:TypeError;RAISE:TypeError;RAISE:TypeError;[1, 0.0, 0];[1, 1.6000000000000000888178419700125, -4];RAISE:TypeError;RAISE:TypeError",32,64
A2_5_2,1,fractional|whole,Float,Integer,"fractional/L1/16:-max_finite,-1.5,-1.0,-(1.0-1ulp),-0.0,+0.0,+min_subnormal,+min_normal,1.0-1ulp,1.0,1.0+1ulp,1.5,pi,2^53,max_finite,0.1","whole/L1/17:-2^63,-2^63+1,-2^53-1,-2^31,-42,-1,0,1,7,42,1000,2^31-1,2^31,2^53-1,2^53+1,2^63-1,2^64-1",272,"[1, inf];[1, inf];[1, inf];[1, inf];[1, inf];[1, 1.9999999999999997779553950749687, 1023];[-1, 0.0, 0];[-1, 1.9999999999999997779553950749687, 1023];[-1, inf];[-1, inf];[-1, inf];[-1, inf];[-1, inf];[-1, inf];[-1, inf];[-1, inf];[-1, inf];[1, 1.5, 63];[1, 1.5, 63];[1, 1.5, 53];[1, 1.5, 31];[1, 1.96875, 5];[1, 1.5, 0];[-1, 0.0, 0];[-1, 1.5, 0];[-1, 1.3125, 3];[-1, 1.96875, 5];[-1, 1.46484375, 10];[-1, 1.4999999993015080690383911132812, 31];[-1, 1.5, 31];[-1, 1.4999999999999997779553950749687, 53];[-1, 1.5, 53];[-1, 1.5, 63];[-1, 1.5, 64];[1, 1.0, 63];[1, 1.0, 63];[1, 1.0, 53];[1, 1.0, 31];[1, 1.3125, 5];[1, 1.0, 0];[-1, 0.0, 0];[-1, 1.0, 0];[-1, 1.75, 2];[-1, 1.3125, 5];[-1, 1.953125, 9];[-1, 1.999999999068677425384521484375, 30];[-1, 1.0, 31];[-1, 1.9999999999999997779553950749687, 52];[-1, 1.0, 53];[-1, 1.0, 63];[-1, 1.0, 64];[1, 1.9999999999999997779553950749687, 62];[1, 1.9999999999999997779553950749687, 62];[1, 1.9999999999999997779553950749687, 52];[1, 1.9999999999999997779553950749687, 30];[1, 1.3124999999999997779553950749687, 5];[1, 1.9999999999999997779553950749687, -1];[-1, 0.0, 0];[-1, 1.9999999999999997779553950749687, -1];[-1, 1.7499999999999997779553950749687, 2];[-1, 1.3124999999999997779553950749687, 5];[-1, 1.9531249999999997779553950749687, 9];[-1, 1.9999999990686772033399165593437, 30];[-1, 1.9999999999999997779553950749687, 30];[-1, 1.9999999999999995559107901499374, 52];[-1, 1.9999999999999997779553950749687, 52];[-1, 1.9999999999999997779553950749687, 62];[-1, 1.9999999999999997779553950749687, 63];[1, 0.0, 0];[1, 0.0, 0];[1, 0.0, 0];[1, 0.0, 0];[1, 0.0, 0];[1, 0.0, 0];[-1, 0.0, 0];[-1, 0.0, 0];[-1, 0.0, 0];[-1, 0.0, 0];[-1, 0.0, 0];[-1, 0.0, 0];[-1, 0.0, 0];[-1, 0.0, 0];[-1, 0.0, 0];[-1, 0.0, 0];[-1, 0.0, 0];[-1, 0.0, 0];[-1, 0.0, 0];[-1, 0.0, 0];[-1, 0.0, 0];[-1, 0.0, 0];[-1, 0.0, 0];[1, 0.0, 0];[1, 0.0, 0];[1, 0.0, 0];[1, 0.0, 0];[1, 0.0, 0];[1, 0.0, 0];[1, 0.0, 0];[1, 0.0, 0];[1, 0.0, 0];[1, 0.0, 0];[1, 0.0, 0];[-1, 1.0, -1011];[-1, 1.0, -1011];[-1, 1.0, -1021];[-1, 1.0, -1043];[-1, 1.3125, -1069];[-1, 1.0, -1074];[1, 0.0, 0];[1, 1.0, -1074];[1, 1.75, -1072];[1, 1.3125, -1069];[1, 1.953125, -1065];[1, 1.999999999068677425384521484375, -1044];[1, 1.0, -1043];[1, 1.9999999999999997779553950749687, -1022];[1, 1.0, -1021];[1, 1.0, -1011];[1, 1.0, -1010];[-1, 1.0, -959];[-1, 1.0, -959];[-1, 1.0, -969];[-1, 1.0, -991];[-1, 1.3125, -1017];[-1, 1.0, -1022];[1, 0.0, 0];[1, 1.0, -1022];[1, 1.75, -1020];[1, 1.3125, -1017];[1, 1.953125, -1013];[1, 1.999999999068677425384521484375, -992];[1, 1.0, -991];[1, 1.9999999999999997779553950749687, -970];[1, 1.0, -969];[1, 1.0, -959];[1, 1.0, -958];[-1, 1.9999999999999997779553950749687, 62];[-1, 1.9999999999999997779553950749687, 62];[-1, 1.9999999999999997779553950749687, 52];[-1, 1.9999999999999997779553950749687, 30];[-1, 1.3124999999999997779553950749687, 5];[-1, 1.9999999999999997779553950749687, -1];[1, 0.0, 0];[1, 1.9999999999999997779553950749687, -1];[1, 1.7499999999999997779553950749687, 2];[1, 1.3124999999999997779553950749687, 5];[1, 1.9531249999999997779553950749687, 9];[1, 1.9999999990686772033399165593437, 30];[1, 1.9999999999999997779553950749687, 30];[1, 1.9999999999999995559107901499374, 52];[1, 1.9999999999999997779553950749687, 52];[1, 1.9999999999999997779553950749687, 62];[1, 1.9999999999999997779553950749687, 63];[-1, 1.0, 63];[-1, 1.0, 63];[-1, 1.0, 53];[-1, 1.0, 31];[-1, 1.3125, 5];[-1, 1.0, 0];[1, 0.0, 0];[1, 1.0, 0];[1, 1.75, 2];[1, 1.3125, 5];[1, 1.953125, 9];[1, 1.999999999068677425384521484375, 30];[1, 1.0, 31];[1, 1.9999999999999997779553950749687, 52];[1, 1.0, 53];[1, 1.0, 63];[1, 1.0, 64];[-1, 1.0000000000000002220446049250313, 63];[-1, 1.0000000000000002220446049250313, 63];[-1, 1.0000000000000002220446049250313, 53];[-1, 1.0000000000000002220446049250313, 31];[-1, 1.3125000000000002220446049250313, 5];[-1, 1.0000000000000002220446049250313, 0];[1, 0.0, 0];[1, 1.0000000000000002220446049250313, 0];[1, 1.7500000000000004440892098500626, 2];[1, 1.3125000000000002220446049250313, 5];[1, 1.9531250000000004440892098500626, 9];[1, 1.9999999990686778694737313344376, 30];[1, 1.0000000000000002220446049250313, 31];[1, 1.0, 53];[1, 1.0000000000000002220446049250313, 53];[1, 1.0000000000000002220446049250313, 63];[1, 1.0000000000000002220446049250313, 64];[-1, 1.5, 63];[-1, 1.5, 63];[-1, 1.5, 53];[-1, 1.5, 31];[-1, 1.96875, 5];[-1, 1.5, 0];[1, 0.0, 0];[1, 1.5, 0];[1, 1.3125, 3];[1, 1.96875, 5];[1, 1.46484375, 10];[1, 1.4999999993015080690383911132812, 31];[1, 1.5, 31];[1, 1.4999999999999997779553950749687, 53];[1, 1.5, 53];[1, 1.5, 63];[1, 1.5, 64];[-1, 1.5707963267948965579989817342721, 64];[-1, 1.5707963267948965579989817342721, 64];[-1, 1.5707963267948965579989817342721, 54];[-1, 1.5707963267948965579989817342721, 32];[-1, 1.0308350894591509216979829943739, 7];[-1, 1.5707963267948965579989817342721, 1];[1, 0.0, 0];[1, 1.5707963267948965579989817342721, 1];[1, 1.3744467859455344882491090174881, 4];[1, 1.0308350894591509216979829943739, 7];[1, 1.5339807878856410727763659451739, 11];[1, 1.5707963260634374424995485242107, 32];[1, 1.5707963267948965579989817342721, 32];[1, 1.5707963267948963359543768092408, 54];[1, 1.5707963267948965579989817342721, 54];[1, 1.5707963267948965579989817342721, 64];[1, 1.5707963267948965579989817342721, 65];[-1, 1.0, 116];[-1, 1.0, 116];[-1, 1.0, 106];[-1, 1.0, 84];[-1, 1.3125, 58];[-1, 1.0, 53];[1, 0.0, 0];[1, 1.0, 53];[1, 1.75, 55];[1, 1.3125, 58];[1, 1.953125, 62];[1, 1.999999999068677425384521484375, 83];[1, 1.0, 84];[1, 1.9999999999999997779553950749687, 105];[1, 1.0, 106];[1, 1.0, 116];[1, 1.0, 117];[-1, inf];[-1, inf];[-1, inf];[-1, inf];[-1, inf];[-1, 1.9999999999999997779553950749687, 1023];[1, 0.0, 0];[1, 1.9999999999999997779553950749687, 1023];[1, inf];[1, inf];[1, inf];[1, inf];[1, inf];[1, inf];[1, inf];[1, inf];[1, inf];[-1, 1.6000000000000000888178419700125, 59];[-1, 1.6000000000000000888178419700125, 59];[-1, 1.6000000000000000888178419700125, 49];[-1, 1.6000000000000000888178419700125, 27];[-1, 1.0500000000000000444089209850063, 2];[-1, 1.6000000000000000888178419700125, -4];[1, 0.0, 0];[1, 1.6000000000000000888178419700125, -4];[1, 1.4000000000000001332267629550188, -1];[1, 1.0500000000000000444089209850063, 2];[1, 1.5625, 6];[1, 1.5999999992549420735343801425188, 27];[1, 1.6000000000000000888178419700125, 27];[1, 1.5999999999999998667732370449812, 49];[1, 1.6000000000000000888178419700125, 49];[1, 1.6000000000000000888178419700125, 59];[1, 1.6000000000000000888178419700125, 60]",272,0
A2_5_3,1,fractional|whole,Float,Rational,"fractional/L1/16:-max_finite,-1.5,-1.0,-(1.0-1ulp),-0.0,+0.0,+min_subnormal,+min_normal,1.0-1ulp,1.0,1.0+1ulp,1.5,pi,2^53,max_finite,0.1","whole/L1/17:-2^63,-2^63+1,-2^53-1,-2^31,-42,-1,0,1,7,42,1000,2^31-1,2^31,2^53-1,2^53+1,2^63-1,2^64-1",272,"[1, inf];[1, inf];[1, inf];[1, inf];[1, inf];[1, 1.9999999999999997779553950749687, 1023];[-1, 0.0, 0];[-1, 1.9999999999999997779553950749687, 1023];[-1, inf];[-1, inf];[-1, inf];[-1, inf];[-1, inf];[-1, inf];[-1, inf];[-1, inf];[-1, inf];[1, 1.5, 63];[1, 1.5, 63];[1, 1.5, 53];[1, 1.5, 31];[1, 1.96875, 5];[1, 1.5, 0];[-1, 0.0, 0];[-1, 1.5, 0];[-1, 1.3125, 3];[-1, 1.96875, 5];[-1, 1.46484375, 10];[-1, 1.4999999993015080690383911132812, 31];[-1, 1.5, 31];[-1, 1.4999999999999997779553950749687, 53];[-1, 1.5, 53];[-1, 1.5, 63];[-1, 1.5, 64];[1, 1.0, 63];[1, 1.0, 63];[1, 1.0, 53];[1, 1.0, 31];[1, 1.3125, 5];[1, 1.0, 0];[-1, 0.0, 0];[-1, 1.0, 0];[-1, 1.75, 2];[-1, 1.3125, 5];[-1, 1.953125, 9];[-1, 1.999999999068677425384521484375, 30];[-1, 1.0, 31];[-1, 1.9999999999999997779553950749687, 52];[-1, 1.0, 53];[-1, 1.0, 63];[-1, 1.0, 64];[1, 1.9999999999999997779553950749687, 62];[1, 1.9999999999999997779553950749687, 62];[1, 1.9999999999999997779553950749687, 52];[1, 1.9999999999999997779553950749687, 30];[1, 1.3124999999999997779553950749687, 5];[1, 1.9999999999999997779553950749687, -1];[-1, 0.0, 0];[-1, 1.9999999999999997779553950749687, -1];[-1, 1.7499999999999997779553950749687, 2];[-1, 1.3124999999999997779553950749687, 5];[-1, 1.9531249999999997779553950749687, 9];[-1, 1.9999999990686772033399165593437, 30];[-1, 1.9999999999999997779553950749687, 30];[-1, 1.9999999999999995559107901499374, 52];[-1, 1.9999999999999997779553950749687, 52];[-1, 1.9999999999999997779553950749687, 62];[-1, 1.9999999999999997779553950749687, 63];[1, 0.0, 0];[1, 0.0, 0];[1, 0.0, 0];[1, 0.0, 0];[1, 0.0, 0];[1, 0.0, 0];[-1, 0.0, 0];[-1, 0.0, 0];[-1, 0.0, 0];[-1, 0.0, 0];[-1, 0.0, 0];[-1, 0.0, 0];[-1, 0.0, 0];[-1, 0.0, 0];[-1, 0.0, 0];[-1, 0.0, 0];[-1, 0.0, 0];[-1, 0.0, 0];[-1, 0.0, 0];[-1, 0.0, 0];[-1, 0.0, 0];[-1, 0.0, 0];[-1, 0.0, 0];[1, 0.0, 0];[1, 0.0, 0];[1, 0.0, 0];[1, 0.0, 0];[1, 0.0, 0];[1, 0.0, 0];[1, 0.0, 0];[1, 0.0, 0];[1, 0.0, 0];[1, 0.0, 0];[1, 0.0, 0];[-1, 1.0, -1011];[-1, 1.0, -1011];[-1, 1.0, -1021];[-1, 1.0, -1043];[-1, 1.3125, -1069];[-1, 1.0, -1074];[1, 0.0, 0];[1, 1.0, -1074];[1, 1.75, -1072];[1, 1.3125, -1069];[1, 1.953125, -1065];[1, 1.999999999068677425384521484375, -1044];[1, 1.0, -1043];[1, 1.9999999999999997779553950749687, -1022];[1, 1.0, -1021];[1, 1.0, -1011];[1, 1.0, -1010];[-1, 1.0, -959];[-1, 1.0, -959];[-1, 1.0, -969];[-1, 1.0, -991];[-1, 1.3125, -1017];[-1, 1.0, -1022];[1, 0.0, 0];[1, 1.0, -1022];[1, 1.75, -1020];[1, 1.3125, -1017];[1, 1.953125, -1013];[1, 1.999999999068677425384521484375, -992];[1, 1.0, -991];[1, 1.9999999999999997779553950749687, -970];[1, 1.0, -969];[1, 1.0, -959];[1, 1.0, -958];[-1, 1.9999999999999997779553950749687, 62];[-1, 1.9999999999999997779553950749687, 62];[-1, 1.9999999999999997779553950749687, 52];[-1, 1.9999999999999997779553950749687, 30];[-1, 1.3124999999999997779553950749687, 5];[-1, 1.9999999999999997779553950749687, -1];[1, 0.0, 0];[1, 1.9999999999999997779553950749687, -1];[1, 1.7499999999999997779553950749687, 2];[1, 1.3124999999999997779553950749687, 5];[1, 1.9531249999999997779553950749687, 9];[1, 1.9999999990686772033399165593437, 30];[1, 1.9999999999999997779553950749687, 30];[1, 1.9999999999999995559107901499374, 52];[1, 1.9999999999999997779553950749687, 52];[1, 1.9999999999999997779553950749687, 62];[1, 1.9999999999999997779553950749687, 63];[-1, 1.0, 63];[-1, 1.0, 63];[-1, 1.0, 53];[-1, 1.0, 31];[-1, 1.3125, 5];[-1, 1.0, 0];[1, 0.0, 0];[1, 1.0, 0];[1, 1.75, 2];[1, 1.3125, 5];[1, 1.953125, 9];[1, 1.999999999068677425384521484375, 30];[1, 1.0, 31];[1, 1.9999999999999997779553950749687, 52];[1, 1.0, 53];[1, 1.0, 63];[1, 1.0, 64];[-1, 1.0000000000000002220446049250313, 63];[-1, 1.0000000000000002220446049250313, 63];[-1, 1.0000000000000002220446049250313, 53];[-1, 1.0000000000000002220446049250313, 31];[-1, 1.3125000000000002220446049250313, 5];[-1, 1.0000000000000002220446049250313, 0];[1, 0.0, 0];[1, 1.0000000000000002220446049250313, 0];[1, 1.7500000000000004440892098500626, 2];[1, 1.3125000000000002220446049250313, 5];[1, 1.9531250000000004440892098500626, 9];[1, 1.9999999990686778694737313344376, 30];[1, 1.0000000000000002220446049250313, 31];[1, 1.0, 53];[1, 1.0000000000000002220446049250313, 53];[1, 1.0000000000000002220446049250313, 63];[1, 1.0000000000000002220446049250313, 64];[-1, 1.5, 63];[-1, 1.5, 63];[-1, 1.5, 53];[-1, 1.5, 31];[-1, 1.96875, 5];[-1, 1.5, 0];[1, 0.0, 0];[1, 1.5, 0];[1, 1.3125, 3];[1, 1.96875, 5];[1, 1.46484375, 10];[1, 1.4999999993015080690383911132812, 31];[1, 1.5, 31];[1, 1.4999999999999997779553950749687, 53];[1, 1.5, 53];[1, 1.5, 63];[1, 1.5, 64];[-1, 1.5707963267948965579989817342721, 64];[-1, 1.5707963267948965579989817342721, 64];[-1, 1.5707963267948965579989817342721, 54];[-1, 1.5707963267948965579989817342721, 32];[-1, 1.0308350894591509216979829943739, 7];[-1, 1.5707963267948965579989817342721, 1];[1, 0.0, 0];[1, 1.5707963267948965579989817342721, 1];[1, 1.3744467859455344882491090174881, 4];[1, 1.0308350894591509216979829943739, 7];[1, 1.5339807878856410727763659451739, 11];[1, 1.5707963260634374424995485242107, 32];[1, 1.5707963267948965579989817342721, 32];[1, 1.5707963267948963359543768092408, 54];[1, 1.5707963267948965579989817342721, 54];[1, 1.5707963267948965579989817342721, 64];[1, 1.5707963267948965579989817342721, 65];[-1, 1.0, 116];[-1, 1.0, 116];[-1, 1.0, 106];[-1, 1.0, 84];[-1, 1.3125, 58];[-1, 1.0, 53];[1, 0.0, 0];[1, 1.0, 53];[1, 1.75, 55];[1, 1.3125, 58];[1, 1.953125, 62];[1, 1.999999999068677425384521484375, 83];[1, 1.0, 84];[1, 1.9999999999999997779553950749687, 105];[1, 1.0, 106];[1, 1.0, 116];[1, 1.0, 117];[-1, inf];[-1, inf];[-1, inf];[-1, inf];[-1, inf];[-1, 1.9999999999999997779553950749687, 1023];[1, 0.0, 0];[1, 1.9999999999999997779553950749687, 1023];[1, inf];[1, inf];[1, inf];[1, inf];[1, inf];[1, inf];[1, inf];[1, inf];[1, inf];[-1, 1.6000000000000000888178419700125, 59];[-1, 1.6000000000000000888178419700125, 59];[-1, 1.6000000000000000888178419700125, 49];[-1, 1.6000000000000000888178419700125, 27];[-1, 1.0500000000000000444089209850063, 2];[-1, 1.6000000000000000888178419700125, -4];[1, 0.0, 0];[1, 1.6000000000000000888178419700125, -4];[1, 1.4000000000000001332267629550188, -1];[1, 1.0500000000000000444089209850063, 2];[1, 1.5625, 6];[1, 1.5999999992549420735343801425188, 27];[1, 1.6000000000000000888178419700125, 27];[1, 1.5999999999999998667732370449812, 49];[1, 1.6000000000000000888178419700125, 49];[1, 1.6000000000000000888178419700125, 59];[1, 1.6000000000000000888178419700125, 60]",272,0
A2_5_4,1,fractional|whole,Float,BigDecimal,"fractional/L1/16:-max_finite,-1.5,-1.0,-(1.0-1ulp),-0.0,+0.0,+min_subnormal,+min_normal,1.0-1ulp,1.0,1.0+1ulp,1.5,pi,2^53,max_finite,0.1","whole/L1/17:-2^63,-2^63+1,-2^53-1,-2^31,-42,-1,0,1,7,42,1000,2^31-1,2^31,2^53-1,2^53+1,2^63-1,2^64-1",272,"[1, 1.999999999999998990117626209535, 1086];[1, 1.9999999999999989899007857750379, 1086];[1, 1.9999999999999992121622311345662, 1076];[1, 1.999999999999998990117626209535, 1054];[1, 1.3124999999999993372646922000074, 1029];[1, 1.999999999999998990117626209535, 1023];[-1, 0.0, 0];[-1, 1.999999999999998990117626209535, 1023];[-1, 1.7499999999999991163529229333432, 1026];[-1, 1.3124999999999993372646922000074, 1029];[-1, 1.9531249999999990137867443452491, 1033];[-1, 1.9999999990686764155021481641732, 1054];[-1, 1.999999999999998990117626209535, 1054];[-1, 1.9999999999999987680730212845038, 1076];[-1, 1.9999999999999992121622311345662, 1076];[-1, 1.9999999999999989899007857750379, 1086];[-1, 1.9999999999999989900092059922865, 1087];[1, 1.5, 63];[1, 1.4999999999999999998373696741272, 63];[1, 1.5000000000000001665334536937735, 53];[1, 1.5, 31];[1, 1.96875, 5];[1, 1.5, 0];[-1, 0.0, 0];[-1, 1.5, 0];[-1, 1.3125, 3];[-1, 1.96875, 5];[-1, 1.46484375, 10];[-1, 1.4999999993015080690383911132812, 31];[-1, 1.5, 31];[-1, 1.4999999999999998334665463062265, 53];[-1, 1.5000000000000001665334536937735, 53];[-1, 1.4999999999999999998373696741272, 63];[-1, 1.4999999999999999999186848370636, 64];[1, 1.0, 63];[1, 1.9999999999999999997831595655029, 62];[1, 1.0000000000000001110223024625157, 53];[1, 1.0, 31];[1, 1.3125, 5];[1, 1.0, 0];[-1, 0.0, 0];[-1, 1.0, 0];[-1, 1.75, 2];[-1, 1.3125, 5];[-1, 1.953125, 9];[-1, 1.999999999068677425384521484375, 30];[-1, 1.0, 31];[-1, 1.9999999999999997779553950749687, 52];[-1, 1.0000000000000001110223024625157, 53];[-1, 1.9999999999999999997831595655029, 62];[-1, 1.9999999999999999998915797827514, 63];[1, 1.9999999999999998, 62];[1, 1.9999999999999997997831595655029, 62];[1, 1.0000000000000000110223024625156, 53];[1, 1.9999999999999998, 30];[1, 1.31249999999999986875, 5];[1, 1.9999999999999998, -1];[-1, 0.0, 0];[-1, 1.9999999999999998, -1];[-1, 1.749999999999999825, 2];[-1, 1.31249999999999986875, 5];[-1, 1.9531249999999998046875, 9];[-1, 1.9999999990686772253845215775073, 30];[-1, 1.9999999999999998, 30];[-1, 1.9999999999999995779553950749687, 52];[-1, 1.0000000000000000110223024625156, 53];[-1, 1.9999999999999997997831595655029, 62];[-1, 1.9999999999999997998915797827514, 63];[1, 0.0, 0];[1, 0.0, 0];[1, 0.0, 0];[1, 0.0, 0];[1, 0.0, 0];[1, 0.0, 0];[-1, 0.0, 0];[-1, 0.0, 0];[-1, 0.0, 0];[-1, 0.0, 0];[-1, 0.0, 0];[-1, 0.0, 0];[-1, 0.0, 0];[-1, 0.0, 0];[-1, 0.0, 0];[-1, 0.0, 0];[-1, 0.0, 0];[-1, 0.0, 0];[-1, 0.0, 0];[-1, 0.0, 0];[-1, 0.0, 0];[-1, 0.0, 0];[-1, 0.0, 0];[1, 0.0, 0];[1, 0.0, 0];[1, 0.0, 0];[1, 0.0, 0];[1, 0.0, 0];[1, 0.0, 0];[1, 0.0, 0];[1, 0.0, 0];[1, 0.0, 0];[1, 0.0, 0];[1, 0.0, 0];[-1, 1.0120112665365530917624767335946, -1011];[-1, 1.0120112665365530916527542522187, -1011];[-1, 1.0120112665365532041182976624893, -1021];[-1, 1.0120112665365530917624767335946, -1043];[-1, 1.3282647873292259329382507128429, -1069];[-1, 1.0120112665365530917624767335946, -1074];[1, 0.0, 0];[1, 1.0120112665365530917624767335946, -1074];[1, 1.7710197164389679105843342837905, -1072];[1, 1.3282647873292259329382507128429, -1069];[1, 1.9765845049542052573485873703019, -1065];[1, 1.0120112660652986226171297922788, -1043];[1, 1.0120112665365530917624767335946, -1043];[1, 1.0120112665365529794066558046998, -1021];[1, 1.0120112665365532041182976624893, -1021];[1, 1.0120112665365530916527542522187, -1011];[1, 1.0120112665365530917076154929066, -1010];[-1, 1.9999999999999996556606593056223, -960];[-1, 1.9999999999999996554438188711252, -960];[-1, 1.9999999999999998777052642306536, -970];[-1, 1.9999999999999996556606593056223, -992];[-1, 1.3124999999999997740273076693146, -1017];[-1, 1.9999999999999996556606593056223, -1023];[1, 0.0, 0];[1, 1.9999999999999996556606593056223, -1023];[1, 1.7499999999999996987030768924195, -1020];[1, 1.3124999999999997740273076693146, -1017];[1, 1.9531249999999996637311126031468, -1013];[1, 1.9999999990686770810451809503428, -992];[1, 1.9999999999999996556606593056223, -992];[1, 1.999999999999999433616054380591, -970];[1, 1.9999999999999998777052642306536, -970];[1, 1.9999999999999996554438188711252, -960];[1, 1.9999999999999996555522390883737, -959];[-1, 1.9999999999999998, 62];[-1, 1.9999999999999997997831595655029, 62];[-1, 1.0000000000000000110223024625156, 53];[-1, 1.9999999999999998, 30];[-1, 1.31249999999999986875, 5];[-1, 1.9999999999999998, -1];[1, 0.0, 0];[1, 1.9999999999999998, -1];[1, 1.749999999999999825, 2];[1, 1.31249999999999986875, 5];[1, 1.9531249999999998046875, 9];[1, 1.9999999990686772253845215775073, 30];[1, 1.9999999999999998, 30];[1, 1.9999999999999995779553950749687, 52];[1, 1.0000000000000000110223024625156, 53];[1, 1.9999999999999997997831595655029, 62];[1, 1.9999999999999997998915797827514, 63];[-1, 1.0, 63];[-1, 1.9999999999999999997831595655029, 62];[-1, 1.0000000000000001110223024625157, 53];[-1, 1.0, 31];[-1, 1.3125, 5];[-1, 1.0, 0];[1, 0.0, 0];[1, 1.0, 0];[1, 1.75, 2];[1, 1.3125, 5];[1, 1.953125, 9];[1, 1.999999999068677425384521484375, 30];[1, 1.0, 31];[1, 1.9999999999999997779553950749687, 52];[1, 1.0000000000000001110223024625157, 53];[1, 1.9999999999999999997831595655029, 62];[1, 1.9999999999999999998915797827514, 63];[-1, 1.0, 63];[-1, 1.9999999999999999997831595655029, 62];[-1, 1.0000000000000001110223024625157, 53];[-1, 1.0, 31];[-1, 1.3125, 5];[-1, 1.0, 0];[1, 0.0, 0];[1, 1.0, 0];[1, 1.75, 2];[1, 1.3125, 5];[1, 1.953125, 9];[1, 1.999999999068677425384521484375, 30];[1, 1.0, 31];[1, 1.9999999999999997779553950749687, 52];[1, 1.0000000000000001110223024625157, 53];[1, 1.9999999999999999997831595655029, 62];[1, 1.9999999999999999998915797827514, 63];[-1, 1.5, 63];[-1, 1.4999999999999999998373696741272, 63];[-1, 1.5000000000000001665334536937735, 53];[-1, 1.5, 31];[-1, 1.96875, 5];[-1, 1.5, 0];[1, 0.0, 0];[1, 1.5, 0];[1, 1.3125, 3];[1, 1.96875, 5];[1, 1.46484375, 10];[1, 1.4999999993015080690383911132812, 31];[1, 1.5, 31];[1, 1.4999999999999998334665463062265, 53];[1, 1.5000000000000001665334536937735, 53];[1, 1.4999999999999999998373696741272, 63];[1, 1.4999999999999999999186848370636, 64];[-1, 1.5707963267948965, 64];[-1, 1.5707963267948964998296939209957, 64];[-1, 1.5707963267948966743934249004316, 54];[-1, 1.5707963267948965, 32];[-1, 1.030835089459150828125, 7];[-1, 1.5707963267948965, 1];[1, 0.0, 0];[1, 1.5707963267948965, 1];[1, 1.3744467859455344375, 4];[1, 1.030835089459150828125, 7];[1, 1.53398078788564111328125, 11];[1, 1.5707963260634374603664202149957, 32];[1, 1.5707963267948965, 32];[1, 1.5707963267948963256065750995684, 54];[1, 1.5707963267948966743934249004316, 54];[1, 1.5707963267948964998296939209957, 64];[1, 1.5707963267948964999148469604978, 65];[-1, 1.0, 116];[-1, 1.9999999999999999997831595655029, 115];[-1, 1.0000000000000001110223024625157, 106];[-1, 1.0, 84];[-1, 1.3125, 58];[-1, 1.0, 53];[1, 0.0, 0];[1, 1.0, 53];[1, 1.75, 55];[1, 1.3125, 58];[1, 1.953125, 62];[1, 1.999999999068677425384521484375, 83];[1, 1.0, 84];[1, 1.9999999999999997779553950749687, 105];[1, 1.0000000000000001110223024625157, 106];[1, 1.9999999999999999997831595655029, 115];[1, 1.9999999999999999998915797827514, 116];[-1, 1.999999999999998990117626209535, 1086];[-1, 1.9999999999999989899007857750379, 1086];[-1, 1.9999999999999992121622311345662, 1076];[-1, 1.999999999999998990117626209535, 1054];[-1, 1.3124999999999993372646922000074, 1029];[-1, 1.999999999999998990117626209535, 1023];[1, 0.0, 0];[1, 1.999999999999998990117626209535, 1023];[1, 1.7499999999999991163529229333432, 1026];[1, 1.3124999999999993372646922000074, 1029];[1, 1.9531249999999990137867443452491, 1033];[1, 1.9999999990686764155021481641732, 1054];[1, 1.999999999999998990117626209535, 1054];[1, 1.9999999999999987680730212845038, 1076];[1, 1.9999999999999992121622311345662, 1076];[1, 1.9999999999999989899007857750379, 1086];[1, 1.9999999999999989900092059922865, 1087];[-1, 1.6, 59];[-1, 1.5999999999999999998265276524023, 59];[-1, 1.600000000000000177635683940025, 49];[-1, 1.6, 27];[-1, 1.05, 2];[-1, 1.6, -4];[1, 0.0, 0];[1, 1.6, -4];[1, 1.4, -1];[1, 1.05, 2];[1, 1.5625, 6];[1, 1.5999999992549419403076171875, 27];[1, 1.6, 27];[1, 1.599999999999999822364316059975, 49];[1, 1.600000000000000177635683940025, 49];[1, 1.5999999999999999998265276524023, 59];[1, 1.5999999999999999999132638262012, 60]",272,0
A2_5_5,1,fractional|fractional,Float,Float,"fractional/L1/16:-max_finite,-1.5,-1.0,-(1.0-1ulp),-0.0,+0.0,+min_subnormal,+min_normal,1.0-1ulp,1.0,1.0+1ulp,1.5,pi,2^53,max_finite,0.1","fractional/L1/16:-max_finite,-1.5,-1.0,-(1.0-1ulp),-0.0,+0.0,+min_subnormal,+min_normal,1.0-1ulp,1.0,1.0+1ulp,1.5,pi,2^53,max_finite,0.1",256,"[1, inf];[1, inf];[1, 1.9999999999999997779553950749687, 1023];[1, 1.9999999999999995559107901499374, 1023];[1, 0.0, 0];[-1, 0.0, 0];[-1, 1.9999999999999997779553950749687, -51];[-1, 1.9999999999999997779553950749687, 1];[-1, 1.9999999999999995559107901499374, 1023];[-1, 1.9999999999999997779553950749687, 1023];[-1, inf];[-1, inf];[-1, inf];[-1, inf];[-1, inf];[-1, 1.5999999999999998667732370449812, 1020];[1, inf];[1, 1.125, 1];[1, 1.5, 0];[1, 1.4999999999999997779553950749687, 0];[1, 0.0, 0];[-1, 0.0, 0];[-1, 1.0, -1073];[-1, 1.5, -1022];[-1, 1.4999999999999997779553950749687, 0];[-1, 1.5, 0];[-1, 1.5000000000000004440892098500626, 0];[-1, 1.125, 1];[-1, 1.1780972450961724184992363007041, 2];[-1, 1.5, 53];[-1, inf];[-1, 1.200000000000000177635683940025, -3];[1, 1.9999999999999997779553950749687, 1023];[1, 1.5, 0];[1, 1.0, 0];[1, 1.9999999999999997779553950749687, -1];[1, 0.0, 0];[-1, 0.0, 0];[-1, 1.0, -1074];[-1, 1.0, -1022];[-1, 1.9999999999999997779553950749687, -1];[-1, 1.0, 0];[-1, 1.0000000000000002220446049250313, 0];[-1, 1.5, 0];[-1, 1.5707963267948965579989817342721, 1];[-1, 1.0, 53];[-1, 1.9999999999999997779553950749687, 1023];[-1, 1.6000000000000000888178419700125, -4];[1, 1.9999999999999995559107901499374, 1023];[1, 1.4999999999999997779553950749687, 0];[1, 1.9999999999999997779553950749687, -1];[1, 1.9999999999999995559107901499374, -1];[1, 0.0, 0];[-1, 0.0, 0];[-1, 1.0, -1074];[-1, 1.0, -1022];[-1, 1.9999999999999995559107901499374, -1];[-1, 1.9999999999999997779553950749687, -1];[-1, 1.0, 0];[-1, 1.4999999999999997779553950749687, 0];[-1, 1.5707963267948963359543768092408, 1];[-1, 1.9999999999999997779553950749687, 52];[-1, 1.9999999999999995559107901499374, 1023];[-1, 1.5999999999999998667732370449812, -4];[1, 0.0, 0];[1, 0.0, 0];[1, 0.0, 0];[1, 0.0, 0];[1, 0.0, 0];[-1, 0.0, 0];[-1, 0.0, 0];[-1, 0.0, 0];[-1, 0.0, 0];[-1, 0.0, 0];[-1, 0.0, 0];[-1, 0.0, 0];[-1, 0.0, 0];[-1, 0.0, 0];[-1, 0.0, 0];[-1, 0.0, 0];[-1, 0.0, 0];[-1, 0.0, 0];[-1, 0.0, 0];[-1, 0.0, 0];[-1, 0.0, 0];[1, 0.0, 0];[1, 0.0, 0];[1, 0.0, 0];[1, 0.0, 0];[1, 0.0, 0];[1, 0.0, 0];[1, 0.0, 0];[1, 0.0, 0];[1, 0.0, 0];[1, 0.0, 0];[1, 0.0, 0];[-1, 1.9999999999999997779553950749687, -51];[-1, 1.0, -1073];[-1, 1.0, -1074];[-1, 1.0, -1074];[-1, 0.0, 0];[1, 0.0, 0];[1, 0.0, 0];[1, 0.0, 0];[1, 1.0, -1074];[1, 1.0, -1074];[1, 1.0, -1074];[1, 1.0, -1073];[1, 1.5, -1073];[1, 1.0, -1021];[1, 1.9999999999999997779553950749687, -51];[1, 0.0, 0];[-1, 1.9999999999999997779553950749687, 1];[-1, 1.5, -1022];[-1, 1.0, -1022];[-1, 1.0, -1022];[-1, 0.0, 0];[1, 0.0, 0];[1, 0.0, 0];[1, 0.0, 0];[1, 1.0, -1022];[1, 1.0, -1022];[1, 1.0000000000000002220446049250313, -1022];[1, 1.5, -1022];[1, 1.5707963267948965579989817342721, -1021];[1, 1.0, -969];[1, 1.9999999999999997779553950749687, 1];[1, 1.6000000000000014210854715202004, -1026];[-1, 1.9999999999999995559107901499374, 1023];[-1, 1.4999999999999997779553950749687, 0];[-1, 1.9999999999999997779553950749687, -1];[-1, 1.9999999999999995559107901499374, -1];[-1, 0.0, 0];[1, 0.0, 0];[1, 1.0, -1074];[1, 1.0, -1022];[1, 1.9999999999999995559107901499374, -1];[1, 1.9999999999999997779553950749687, -1];[1, 1.0, 0];[1, 1.4999999999999997779553950749687, 0];[1, 1.5707963267948963359543768092408, 1];[1, 1.9999999999999997779553950749687, 52];[1, 1.9999999999999995559107901499374, 1023];[1, 1.5999999999999998667732370449812, -4];[-1, 1.9999999999999997779553950749687, 1023];[-1, 1.5, 0];[-1, 1.0, 0];[-1, 1.9999999999999997779553950749687, -1];[-1, 0.0, 0];[1, 0.0, 0];[1, 1.0, -1074];[1, 1.0, -1022];[1, 1.9999999999999997779553950749687, -1];[1, 1.0, 0];[1, 1.0000000000000002220446049250313, 0];[1, 1.5, 0];[1, 1.5707963267948965579989817342721, 1];[1, 1.0, 53];[1, 1.9999999999999997779553950749687, 1023];[1, 1.6000000000000000888178419700125, -4];[-1, inf];[-1, 1.5000000000000004440892098500626, 0];[-1, 1.0000000000000002220446049250313, 0];[-1, 1.0, 0];[-1, 0.0, 0];[1, 0.0, 0];[1, 1.0, -1074];[1, 1.0000000000000002220446049250313, -1022];[1, 1.0, 0];[1, 1.0000000000000002220446049250313, 0];[1, 1.0000000000000004440892098500626, 0];[1, 1.5000000000000004440892098500626, 0];[1, 1.5707963267948970020881915843347, 1];[1, 1.0000000000000002220446049250313, 53];[1, inf];[1, 1.6000000000000005329070518200751, -4];[-1, inf];[-1, 1.125, 1];[-1, 1.5, 0];[-1, 1.4999999999999997779553950749687, 0];[-1, 0.0, 0];[1, 0.0, 0];[1, 1.0, -1073];[1, 1.5, -1022];[1, 1.4999999999999997779553950749687, 0];[1, 1.5, 0];[1, 1.5000000000000004440892098500626, 0];[1, 1.125, 1];[1, 1.1780972450961724184992363007041, 2];[1, 1.5, 53];[1, inf];[1, 1.200000000000000177635683940025, -3];[-1, inf];[-1, 1.1780972450961724184992363007041, 2];[-1, 1.5707963267948965579989817342721, 1];[-1, 1.5707963267948963359543768092408, 1];[-1, 0.0, 0];[1, 0.0, 0];[1, 1.5, -1073];[1, 1.5707963267948965579989817342721, -1021];[1, 1.5707963267948963359543768092408, 1];[1, 1.5707963267948965579989817342721, 1];[1, 1.5707963267948970020881915843347, 1];[1, 1.1780972450961724184992363007041, 2];[1, 1.2337005501361697490381175157381, 3];[1, 1.5707963267948965579989817342721, 54];[1, inf];[1, 1.2566370614359172463991853874177, -2];[-1, inf];[-1, 1.5, 53];[-1, 1.0, 53];[-1, 1.9999999999999997779553950749687, 52];[-1, 0.0, 0];[1, 0.0, 0];[1, 1.0, -1021];[1, 1.0, -969];[1, 1.9999999999999997779553950749687, 52];[1, 1.0, 53];[1, 1.0000000000000002220446049250313, 53];[1, 1.5, 53];[1, 1.5707963267948965579989817342721, 54];[1, 1.0, 106];[1, inf];[1, 1.6000000000000000888178419700125, 49];[-1, inf];[-1, inf];[-1, 1.9999999999999997779553950749687, 1023];[-1, 1.9999999999999995559107901499374, 1023];[-1, 0.0, 0];[1, 0.0, 0];[1, 1.9999999999999997779553950749687, -51];[1, 1.9999999999999997779553950749687, 1];[1, 1.9999999999999995559107901499374, 1023];[1, 1.9999999999999997779553950749687, 1023];[1, inf];[1, inf];[1, inf];[1, inf];[1, inf];[1, 1.5999999999999998667732370449812, 1020];[-1, 1.5999999999999998667732370449812, 1020];[-1, 1.200000000000000177635683940025, -3];[-1, 1.6000000000000000888178419700125, -4];[-1, 1.5999999999999998667732370449812, -4];[-1, 0.0, 0];[1, 0.0, 0];[1, 0.0, 0];[1, 1.6000000000000014210854715202004, -1026];[1, 1.5999999999999998667732370449812, -4];[1, 1.6000000000000000888178419700125, -4];[1, 1.6000000000000005329070518200751, -4];[1, 1.200000000000000177635683940025, -3];[1, 1.2566370614359172463991853874177, -2];[1, 1.6000000000000000888178419700125, 49];[1, 1.5999999999999998667732370449812, 1020];[1, 1.2800000000000002486899575160351, -7]",256,0
A2_5_6,1,fractional|fractional,Float,Rational,"fractional/L1/16:-max_finite,-1.5,-1.0,-(1.0-1ulp),-0.0,+0.0,+min_subnormal,+min_normal,1.0-1ulp,1.0,1.0+1ulp,1.5,pi,2^53,max_finite,0.1","fractional/L1/15:-max_finite,-1.5,-1.0,-(1.0-1ulp),+0.0,+min_subnormal,+min_normal,1.0-1ulp,1.0,1.0+1ulp,1.5,pi,2^53,max_finite,0.1",240,"[1, inf];[1, inf];[1, 1.9999999999999997779553950749687, 1023];[1, 1.9999999999999995559107901499374, 1023];[-1, 0.0, 0];[-1, 1.9999999999999997779553950749687, -51];[-1, 1.9999999999999997779553950749687, 1];[-1, 1.9999999999999995559107901499374, 1023];[-1, 1.9999999999999997779553950749687, 1023];[-1, inf];[-1, inf];[-1, inf];[-1, inf];[-1, inf];[-1, 1.5999999999999998667732370449812, 1020];[1, inf];[1, 1.125, 1];[1, 1.5, 0];[1, 1.4999999999999997779553950749687, 0];[-1, 0.0, 0];[-1, 1.0, -1073];[-1, 1.5, -1022];[-1, 1.4999999999999997779553950749687, 0];[-1, 1.5, 0];[-1, 1.5000000000000004440892098500626, 0];[-1, 1.125, 1];[-1, 1.1780972450961724184992363007041, 2];[-1, 1.5, 53];[-1, inf];[-1, 1.200000000000000177635683940025, -3];[1, 1.9999999999999997779553950749687, 1023];[1, 1.5, 0];[1, 1.0, 0];[1, 1.9999999999999997779553950749687, -1];[-1, 0.0, 0];[-1, 1.0, -1074];[-1, 1.0, -1022];[-1, 1.9999999999999997779553950749687, -1];[-1, 1.0, 0];[-1, 1.0000000000000002220446049250313, 0];[-1, 1.5, 0];[-1, 1.5707963267948965579989817342721, 1];[-1, 1.0, 53];[-1, 1.9999999999999997779553950749687, 1023];[-1, 1.6000000000000000888178419700125, -4];[1, 1.9999999999999995559107901499374, 1023];[1, 1.4999999999999997779553950749687, 0];[1, 1.9999999999999997779553950749687, -1];[1, 1.9999999999999995559107901499374, -1];[-1, 0.0, 0];[-1, 1.0, -1074];[-1, 1.0, -1022];[-1, 1.9999999999999995559107901499374, -1];[-1, 1.9999999999999997779553950749687, -1];[-1, 1.0, 0];[-1, 1.4999999999999997779553950749687, 0];[-1, 1.5707963267948963359543768092408, 1];[-1, 1.9999999999999997779553950749687, 52];[-1, 1.9999999999999995559107901499374, 1023];[-1, 1.5999999999999998667732370449812, -4];[1, 0.0, 0];[1, 0.0, 0];[1, 0.0, 0];[1, 0.0, 0];[-1, 0.0, 0];[-1, 0.0, 0];[-1, 0.0, 0];[-1, 0.0, 0];[-1, 0.0, 0];[-1, 0.0, 0];[-1, 0.0, 0];[-1, 0.0, 0];[-1, 0.0, 0];[-1, 0.0, 0];[-1, 0.0, 0];[-1, 0.0, 0];[-1, 0.0, 0];[-1, 0.0, 0];[-1, 0.0, 0];[1, 0.0, 0];[1, 0.0, 0];[1, 0.0, 0];[1, 0.0, 0];[1, 0.0, 0];[1, 0.0, 0];[1, 0.0, 0];[1, 0.0, 0];[1, 0.0, 0];[1, 0.0, 0];[1, 0.0, 0];[-1, 1.9999999999999997779553950749687, -51];[-1, 1.0, -1073];[-1, 1.0, -1074];[-1, 1.0, -1074];[1, 0.0, 0];[1, 0.0, 0];[1, 0.0, 0];[1, 1.0, -1074];[1, 1.0, -1074];[1, 1.0, -1074];[1, 1.0, -1073];[1, 1.5, -1073];[1, 1.0, -1021];[1, 1.9999999999999997779553950749687, -51];[1, 0.0, 0];[-1, 1.9999999999999997779553950749687, 1];[-1, 1.5, -1022];[-1, 1.0, -1022];[-1, 1.0, -1022];[1, 0.0, 0];[1, 0.0, 0];[1, 0.0, 0];[1, 1.0, -1022];[1, 1.0, -1022];[1, 1.0000000000000002220446049250313, -1022];[1, 1.5, -1022];[1, 1.5707963267948965579989817342721, -1021];[1, 1.0, -969];[1, 1.9999999999999997779553950749687, 1];[1, 1.6000000000000014210854715202004, -1026];[-1, 1.9999999999999995559107901499374, 1023];[-1, 1.4999999999999997779553950749687, 0];[-1, 1.9999999999999997779553950749687, -1];[-1, 1.9999999999999995559107901499374, -1];[1, 0.0, 0];[1, 1.0, -1074];[1, 1.0, -1022];[1, 1.9999999999999995559107901499374, -1];[1, 1.9999999999999997779553950749687, -1];[1, 1.0, 0];[1, 1.4999999999999997779553950749687, 0];[1, 1.5707963267948963359543768092408, 1];[1, 1.9999999999999997779553950749687, 52];[1, 1.9999999999999995559107901499374, 1023];[1, 1.5999999999999998667732370449812, -4];[-1, 1.9999999999999997779553950749687, 1023];[-1, 1.5, 0];[-1, 1.0, 0];[-1, 1.9999999999999997779553950749687, -1];[1, 0.0, 0];[1, 1.0, -1074];[1, 1.0, -1022];[1, 1.9999999999999997779553950749687, -1];[1, 1.0, 0];[1, 1.0000000000000002220446049250313, 0];[1, 1.5, 0];[1, 1.5707963267948965579989817342721, 1];[1, 1.0, 53];[1, 1.9999999999999997779553950749687, 1023];[1, 1.6000000000000000888178419700125, -4];[-1, inf];[-1, 1.5000000000000004440892098500626, 0];[-1, 1.0000000000000002220446049250313, 0];[-1, 1.0, 0];[1, 0.0, 0];[1, 1.0, -1074];[1, 1.0000000000000002220446049250313, -1022];[1, 1.0, 0];[1, 1.0000000000000002220446049250313, 0];[1, 1.0000000000000004440892098500626, 0];[1, 1.5000000000000004440892098500626, 0];[1, 1.5707963267948970020881915843347, 1];[1, 1.0000000000000002220446049250313, 53];[1, inf];[1, 1.6000000000000005329070518200751, -4];[-1, inf];[-1, 1.125, 1];[-1, 1.5, 0];[-1, 1.4999999999999997779553950749687, 0];[1, 0.0, 0];[1, 1.0, -1073];[1, 1.5, -1022];[1, 1.4999999999999997779553950749687, 0];[1, 1.5, 0];[1, 1.5000000000000004440892098500626, 0];[1, 1.125, 1];[1, 1.1780972450961724184992363007041, 2];[1, 1.5, 53];[1, inf];[1, 1.200000000000000177635683940025, -3];[-1, inf];[-1, 1.1780972450961724184992363007041, 2];[-1, 1.5707963267948965579989817342721, 1];[-1, 1.5707963267948963359543768092408, 1];[1, 0.0, 0];[1, 1.5, -1073];[1, 1.5707963267948965579989817342721, -1021];[1, 1.5707963267948963359543768092408, 1];[1, 1.5707963267948965579989817342721, 1];[1, 1.5707963267948970020881915843347, 1];[1, 1.1780972450961724184992363007041, 2];[1, 1.2337005501361697490381175157381, 3];[1, 1.5707963267948965579989817342721, 54];[1, inf];[1, 1.2566370614359172463991853874177, -2];[-1, inf];[-1, 1.5, 53];[-1, 1.0, 53];[-1, 1.9999999999999997779553950749687, 52];[1, 0.0, 0];[1, 1.0, -1021];[1, 1.0, -969];[1, 1.9999999999999997779553950749687, 52];[1, 1.0, 53];[1, 1.0000000000000002220446049250313, 53];[1, 1.5, 53];[1, 1.5707963267948965579989817342721, 54];[1, 1.0, 106];[1, inf];[1, 1.6000000000000000888178419700125, 49];[-1, inf];[-1, inf];[-1, 1.9999999999999997779553950749687, 1023];[-1, 1.9999999999999995559107901499374, 1023];[1, 0.0, 0];[1, 1.9999999999999997779553950749687, -51];[1, 1.9999999999999997779553950749687, 1];[1, 1.9999999999999995559107901499374, 1023];[1, 1.9999999999999997779553950749687, 1023];[1, inf];[1, inf];[1, inf];[1, inf];[1, inf];[1, 1.5999999999999998667732370449812, 1020];[-1, 1.5999999999999998667732370449812, 1020];[-1, 1.200000000000000177635683940025, -3];[-1, 1.6000000000000000888178419700125, -4];[-1, 1.5999999999999998667732370449812, -4];[1, 0.0, 0];[1, 0.0, 0];[1, 1.6000000000000014210854715202004, -1026];[1, 1.5999999999999998667732370449812, -4];[1, 1.6000000000000000888178419700125, -4];[1, 1.6000000000000005329070518200751, -4];[1, 1.200000000000000177635683940025, -3];[1, 1.2566370614359172463991853874177, -2];[1, 1.6000000000000000888178419700125, 49];[1, 1.5999999999999998667732370449812, 1020];[1, 1.2800000000000002486899575160351, -7]",240,0
A2_5_7,1,fractional|fractional,Float,BigDecimal,"fractional/L1/16:-max_finite,-1.5,-1.0,-(1.0-1ulp),-0.0,+0.0,+min_subnormal,+min_normal,1.0-1ulp,1.0,1.0+1ulp,1.5,pi,2^53,max_finite,0.1","fractional/L1/16:-max_finite,-1.5,-1.0,-(1.0-1ulp),-0.0,+0.0,+min_subnormal,+min_normal,1.0-1ulp,1.0,1.0+1ulp,1.5,pi,2^53,max_finite,0.1",256,"[1, 1.9999999999999987590111028965907, 2047];[1, 1.4999999999999992425882196571513, 1024];[1, 1.999999999999998990117626209535, 1023];[1, 1.9999999999999987901176262095351, 1023];[1, 0.0, 0];[-1, 0.0, 0];[-1, 1.01201126653655258075630665728, -50];[-1, 1.9999999999999990053169124876205, 1];[-1, 1.9999999999999987901176262095351, 1023];[-1, 1.999999999999998990117626209535, 1023];[-1, 1.9999999999999993901176262095348, 1023];[-1, 1.4999999999999992425882196571513, 1024];[-1, 1.5707963267948957068402383775135, 1025];[-1, 1.999999999999998990117626209535, 1076];[-1, 1.9999999999999987590111028965907, 2047];[-1, 1.599999999999999192094100967628, 1020];[1, 1.4999999999999998266701075152916, 1024];[1, 1.125, 1];[1, 1.5, 0];[1, 1.49999999999999985, 0];[1, 0.0, 0];[-1, 0.0, 0];[-1, 1.5180168998048296376437151003919, -1074];[-1, 1.5000000000000000113994647085641, -1022];[-1, 1.49999999999999985, 0];[-1, 1.5, 0];[-1, 1.5000000000000003, 0];[-1, 1.125, 1];[-1, 1.178097245096172375, 2];[-1, 1.5, 53];[-1, 1.4999999999999998266701075152916, 1024];[-1, 1.2, -3];[1, 1.9999999999999997688934766870555, 1023];[1, 1.5, 0];[1, 1.0, 0];[1, 1.9999999999999998, -1];[1, 0.0, 0];[-1, 0.0, 0];[-1, 1.0120112665365530917624767335946, -1074];[-1, 1.0000000000000000075996431390427, -1022];[-1, 1.9999999999999998, -1];[-1, 1.0, 0];[-1, 1.0000000000000002, 0];[-1, 1.5, 0];[-1, 1.5707963267948965, 1];[-1, 1.0, 53];[-1, 1.9999999999999997688934766870555, 1023];[-1, 1.6, -4];[1, 1.9999999999999995688934766870555, 1023];[1, 1.49999999999999985, 0];[1, 1.9999999999999998, -1];[1, 1.9999999999999996, -1];[1, 0.0, 0];[-1, 0.0, 0];[-1, 1.0120112665365529905613500799393, -1074];[-1, 1.9999999999999998151992862780855, -1023];[-1, 1.9999999999999996, -1];[-1, 1.9999999999999998, -1];[-1, 1.0000000000000001, 0];[-1, 1.49999999999999985, 0];[-1, 1.5707963267948963429203673205104, 1];[-1, 1.9999999999999998, 52];[-1, 1.9999999999999995688934766870555, 1023];[-1, 1.59999999999999984, -4];[1, 0.0, 0];[1, 0.0, 0];[1, 0.0, 0];[1, 0.0, 0];[1, 0.0, 0];[-1, 0.0, 0];[-1, 0.0, 0];[-1, 0.0, 0];[-1, 0.0, 0];[-1, 0.0, 0];[-1, 0.0, 0];[-1, 0.0, 0];[-1, 0.0, 0];[-1, 0.0, 0];[-1, 0.0, 0];[-1, 0.0, 0];[-1, 0.0, 0];[-1, 0.0, 0];[-1, 0.0, 0];[-1, 0.0, 0];[-1, 0.0, 0];[1, 0.0, 0];[1, 0.0, 0];[1, 0.0, 0];[1, 0.0, 0];[1, 0.0, 0];[1, 0.0, 0];[1, 0.0, 0];[1, 0.0, 0];[1, 0.0, 0];[1, 0.0, 0];[1, 0.0, 0];[-1, 1.0120112665365529748212740521984, -50];[-1, 1.5180168998048296376437151003919, -1074];[-1, 1.0120112665365530917624767335946, -1074];[-1, 1.0120112665365529905613500799393, -1074];[-1, 0.0, 0];[1, 0.0, 0];[1, 1.0241668035969183036294057212011, -2148];[1, 1.012011266536553099453401211963, -2096];[1, 1.0120112665365529905613500799393, -1074];[1, 1.0120112665365530917624767335946, -1074];[1, 1.0120112665365532941647300409052, -1074];[1, 1.5180168998048296376437151003919, -1074];[1, 1.589663580150668554974912492497, -1073];[1, 1.0120112665365530917624767335946, -1021];[1, 1.0120112665365529748212740521984, -50];[1, 1.6192180264584849468199627737513, -1078];[-1, 1.9999999999999994245541359926778, 1];[-1, 1.4999999999999997417454944792167, -1022];[-1, 1.9999999999999996556606593056223, -1023];[-1, 1.9999999999999994556606593056223, -1023];[-1, 0.0, 0];[1, 0.0, 0];[1, 1.0120112665365529175248305863552, -2096];[1, 1.9999999999999996708599455837078, -2045];[1, 1.9999999999999994556606593056223, -1023];[1, 1.9999999999999996556606593056223, -1023];[1, 1.0000000000000000278303296528111, -1022];[1, 1.4999999999999997417454944792167, -1022];[1, 1.5707963267948962295565142331475, -1021];[1, 1.9999999999999996556606593056223, -970];[1, 1.9999999999999994245541359926778, 1];[1, 1.5999999999999997245285274444978, -1026];[-1, 1.9999999999999995688934766870555, 1023];[-1, 1.49999999999999985, 0];[-1, 1.9999999999999998, -1];[-1, 1.9999999999999996, -1];[-1, 0.0, 0];[1, 0.0, 0];[1, 1.0120112665365529905613500799393, -1074];[1, 1.9999999999999998151992862780855, -1023];[1, 1.9999999999999996, -1];[1, 1.9999999999999998, -1];[1, 1.0000000000000001, 0];[1, 1.49999999999999985, 0];[1, 1.5707963267948963429203673205104, 1];[1, 1.9999999999999998, 52];[1, 1.9999999999999995688934766870555, 1023];[1, 1.59999999999999984, -4];[-1, 1.9999999999999997688934766870555, 1023];[-1, 1.5, 0];[-1, 1.0, 0];[-1, 1.9999999999999998, -1];[-1, 0.0, 0];[1, 0.0, 0];[1, 1.0120112665365530917624767335946, -1074];[1, 1.0000000000000000075996431390427, -1022];[1, 1.9999999999999998, -1];[1, 1.0, 0];[1, 1.0000000000000002, 0];[1, 1.5, 0];[1, 1.5707963267948965, 1];[1, 1.0, 53];[1, 1.9999999999999997688934766870555, 1023];[1, 1.6, -4];[-1, 1.9999999999999997688934766870555, 1023];[-1, 1.5, 0];[-1, 1.0, 0];[-1, 1.9999999999999998, -1];[-1, 0.0, 0];[1, 0.0, 0];[1, 1.0120112665365530917624767335946, -1074];[1, 1.0000000000000000075996431390427, -1022];[1, 1.9999999999999998, -1];[1, 1.0, 0];[1, 1.0000000000000002, 0];[1, 1.5, 0];[1, 1.5707963267948965, 1];[1, 1.0, 53];[1, 1.9999999999999997688934766870555, 1023];[1, 1.6, -4];[-1, 1.4999999999999998266701075152916, 1024];[-1, 1.125, 1];[-1, 1.5, 0];[-1, 1.49999999999999985, 0];[-1, 0.0, 0];[1, 0.0, 0];[1, 1.5180168998048296376437151003919, -1074];[1, 1.5000000000000000113994647085641, -1022];[1, 1.49999999999999985, 0];[1, 1.5, 0];[1, 1.5000000000000003, 0];[1, 1.125, 1];[1, 1.178097245096172375, 2];[1, 1.5, 53];[1, 1.4999999999999998266701075152916, 1024];[1, 1.2, -3];[-1, 1.5707963267948963184893610408439, 1025];[-1, 1.178097245096172375, 2];[-1, 1.5707963267948965, 1];[-1, 1.5707963267948963429203673205104, 1];[-1, 0.0, 0];[1, 0.0, 0];[1, 1.589663580150668554974912492497, -1073];[1, 1.5707963267948965119374915277604, -1021];[1, 1.5707963267948963429203673205104, 1];[1, 1.5707963267948965, 1];[1, 1.5707963267948968141592653589793, 1];[1, 1.178097245096172375, 2];[1, 1.2337005501361696400661892228561, 3];[1, 1.5707963267948965, 54];[1, 1.5707963267948963184893610408439, 1025];[1, 1.2566370614359172, -2];[-1, 1.9999999999999997688934766870555, 1076];[-1, 1.5, 53];[-1, 1.0, 53];[-1, 1.9999999999999998, 52];[-1, 0.0, 0];[1, 0.0, 0];[1, 1.0120112665365530917624767335946, -1021];[1, 1.0000000000000000075996431390427, -969];[1, 1.9999999999999998, 52];[1, 1.0, 53];[1, 1.0000000000000002, 53];[1, 1.5, 53];[1, 1.5707963267948965, 54];[1, 1.0, 106];[1, 1.9999999999999997688934766870555, 1076];[1, 1.6, 49];[-1, 1.9999999999999987590111028965907, 2047];[-1, 1.4999999999999992425882196571513, 1024];[-1, 1.999999999999998990117626209535, 1023];[-1, 1.9999999999999987901176262095351, 1023];[-1, 0.0, 0];[1, 0.0, 0];[1, 1.01201126653655258075630665728, -50];[1, 1.9999999999999990053169124876205, 1];[1, 1.9999999999999987901176262095351, 1023];[1, 1.999999999999998990117626209535, 1023];[1, 1.9999999999999993901176262095348, 1023];[1, 1.4999999999999992425882196571513, 1024];[1, 1.5707963267948957068402383775135, 1025];[1, 1.999999999999998990117626209535, 1076];[1, 1.9999999999999987590111028965907, 2047];[1, 1.599999999999999192094100967628, 1020];[-1, 1.5999999999999998151147813496444, 1020];[-1, 1.2, -3];[-1, 1.6, -4];[-1, 1.59999999999999984, -4];[-1, 0.0, 0];[1, 0.0, 0];[1, 1.6192180264584849468199627737513, -1078];[1, 1.6000000000000000121594290224684, -1026];[1, 1.59999999999999984, -4];[1, 1.6, -4];[1, 1.60000000000000032, -4];[1, 1.2, -3];[1, 1.2566370614359172, -2];[1, 1.6, 49];[1, 1.5999999999999998151147813496444, 1020];[1, 1.28, -7]",256,0
A2_6_1,1,fractional|truth,Rational,TrueFalse,"fractional/L1/15:-max_finite,-1.5,-1.0,-(1.0-1ulp),+0.0,+min_subnormal,+min_normal,1.0-1ulp,1.0,1.0+1ulp,1.5,pi,2^53,max_finite,0.1","truth/L1/6:true,false,0,1,"""",nil",90,"RAISE:TypeError;RAISE:TypeError;[1, 0.0, 0];[-1, 1.9999999999999997779553950749687, 1023];RAISE:TypeError;RAISE:TypeError;RAISE:TypeError;RAISE:TypeError;[1, 0.0, 0];[-1, 1.5, 0];RAISE:TypeError;RAISE:TypeError;RAISE:TypeError;RAISE:TypeError;[1, 0.0, 0];[-1, 1.0, 0];RAISE:TypeError;RAISE:TypeError;RAISE:TypeError;RAISE:TypeError;[1, 0.0, 0];[-1, 1.9999999999999997779553950749687, -1];RAISE:TypeError;RAISE:TypeError;RAISE:TypeError;RAISE:TypeError;[1, 0.0, 0];[1, 0.0, 0];RAISE:TypeError;RAISE:TypeError;RAISE:TypeError;RAISE:TypeError;[1, 0.0, 0];[1, 1.0, -1074];RAISE:TypeError;RAISE:TypeError;RAISE:TypeError;RAISE:TypeError;[1, 0.0, 0];[1, 1.0, -1022];RAISE:TypeError;RAISE:TypeError;RAISE:TypeError;RAISE:TypeError;[1, 0.0, 0];[1, 1.9999999999999997779553950749687, -1];RAISE:TypeError;RAISE:TypeError;RAISE:TypeError;RAISE:TypeError;[1, 0.0, 0];[1, 1.0, 0];RAISE:TypeError;RAISE:TypeError;RAISE:TypeError;RAISE:TypeError;[1, 0.0, 0];[1, 1.0000000000000002220446049250313, 0];RAISE:TypeError;RAISE:TypeError;RAISE:TypeError;RAISE:TypeError;[1, 0.0, 0];[1, 1.5, 0];RAISE:TypeError;RAISE:TypeError;RAISE:TypeError;RAISE:TypeError;[1, 0.0, 0];[1, 1.5707963267948965579989817342721, 1];RAISE:TypeError;RAISE:TypeError;RAISE:TypeError;RAISE:TypeError;[1, 0.0, 0];[1, 1.0, 53];RAISE:TypeError;RAISE:TypeError;RAISE:TypeError;RAISE:TypeError;[1, 0.0, 0];[1, 1.9999999999999997779553950749687, 1023];RAISE:TypeError;RAISE:TypeError;RAISE:TypeError;RAISE:TypeError;[1, 0.0, 0];[1, 1.6000000000000000888178419700125, -4];RAISE:TypeError;RAISE:TypeError",30,60
A2_6_2,1,fractional|whole,Rational,Integer,"fractional/L1/15:-max_finite,-1.5,-1.0,-(1.0-1ulp),+0.0,+min_subnormal,+min_normal,1.0-1ulp,1.0,1.0+1ulp,1.5,pi,2^53,max_finite,0.1","whole/L1/17:-2^63,-2^63+1,-2^53-1,-2^31,-42,-1,0,1,7,42,1000,2^31-1,2^31,2^53-1,2^53+1,2^63-1,2^64-1",255,"[1, 1.9999999999999997779553950749687, 1086];[1, 1.9999999999999997777385546404716, 1086];[1, 2.0, 1076];[1, 1.9999999999999997779553950749687, 1054];[1, 1.3124999999999998542832280179482, 1029];[1, 1.9999999999999997779553950749687, 1023];[1, 0.0, 0];[-1, 1.9999999999999997779553950749687, 1023];[-1, 1.7499999999999998057109706905976, 1026];[-1, 1.3124999999999998542832280179482, 1029];[-1, 1.9531249999999997831595655028991, 1033];[-1, 1.9999999990686772033399166627413, 1054];[-1, 1.9999999999999997779553950749687, 1054];[-1, 1.9999999999999995559107901499374, 1076];[-1, 2.0, 1076];[-1, 1.9999999999999997777385546404716, 1086];[-1, 1.9999999999999997778469748577201, 1087];[1, 1.5, 63];[1, 1.4999999999999999998373696741272, 63];[1, 1.5000000000000001665334536937735, 53];[1, 1.5, 31];[1, 1.96875, 5];[1, 1.5, 0];[1, 0.0, 0];[-1, 1.5, 0];[-1, 1.3125, 3];[-1, 1.96875, 5];[-1, 1.46484375, 10];[-1, 1.4999999993015080690383911132812, 31];[-1, 1.5, 31];[-1, 1.4999999999999998334665463062265, 53];[-1, 1.5000000000000001665334536937735, 53];[-1, 1.4999999999999999998373696741272, 63];[-1, 1.4999999999999999999186848370636, 64];[1, 1.0, 63];[1, 1.9999999999999999997831595655029, 62];[1, 1.0000000000000001110223024625157, 53];[1, 1.0, 31];[1, 1.3125, 5];[1, 1.0, 0];[1, 0.0, 0];[-1, 1.0, 0];[-1, 1.75, 2];[-1, 1.3125, 5];[-1, 1.953125, 9];[-1, 1.999999999068677425384521484375, 30];[-1, 1.0, 31];[-1, 1.9999999999999997779553950749687, 52];[-1, 1.0000000000000001110223024625157, 53];[-1, 1.9999999999999999997831595655029, 62];[-1, 1.9999999999999999998915797827514, 63];[1, 1.9999999999999997779553950749687, 62];[1, 1.9999999999999997777385546404716, 62];[1, 2.0, 52];[1, 1.9999999999999997779553950749687, 30];[1, 1.3124999999999998542832280179482, 5];[1, 1.9999999999999997779553950749687, -1];[1, 0.0, 0];[-1, 1.9999999999999997779553950749687, -1];[-1, 1.7499999999999998057109706905976, 2];[-1, 1.3124999999999998542832280179482, 5];[-1, 1.9531249999999997831595655028991, 9];[-1, 1.9999999990686772033399166627413, 30];[-1, 1.9999999999999997779553950749687, 30];[-1, 1.9999999999999995559107901499374, 52];[-1, 2.0, 52];[-1, 1.9999999999999997777385546404716, 62];[-1, 1.9999999999999997778469748577201, 63];[1, 0.0, 0];[1, 0.0, 0];[1, 0.0, 0];[1, 0.0, 0];[1, 0.0, 0];[1, 0.0, 0];[1, 0.0, 0];[1, 0.0, 0];[1, 0.0, 0];[1, 0.0, 0];[1, 0.0, 0];[1, 0.0, 0];[1, 0.0, 0];[1, 0.0, 0];[1, 0.0, 0];[1, 0.0, 0];[1, 0.0, 0];[-1, 1.0, -1011];[-1, 1.9999999999999999997831595655029, -1012];[-1, 1.0000000000000001110223024625157, -1021];[-1, 1.0, -1043];[-1, 1.3125, -1069];[-1, 1.0, -1074];[1, 0.0, 0];[1, 1.0, -1074];[1, 1.75, -1072];[1, 1.3125, -1069];[1, 1.953125, -1065];[1, 1.999999999068677425384521484375, -1044];[1, 1.0, -1043];[1, 1.9999999999999997779553950749687, -1022];[1, 1.0000000000000001110223024625157, -1021];[1, 1.9999999999999999997831595655029, -1012];[1, 1.9999999999999999998915797827514, -1011];[-1, 1.0, -959];[-1, 1.9999999999999999997831595655029, -960];[-1, 1.0000000000000001110223024625157, -969];[-1, 1.0, -991];[-1, 1.3125, -1017];[-1, 1.0, -1022];[1, 0.0, 0];[1, 1.0, -1022];[1, 1.75, -1020];[1, 1.3125, -1017];[1, 1.953125, -1013];[1, 1.999999999068677425384521484375, -992];[1, 1.0, -991];[1, 1.9999999999999997779553950749687, -970];[1, 1.0000000000000001110223024625157, -969];[1, 1.9999999999999999997831595655029, -960];[1, 1.9999999999999999998915797827514, -959];[-1, 1.9999999999999997779553950749687, 62];[-1, 1.9999999999999997777385546404716, 62];[-1, 2.0, 52];[-1, 1.9999999999999997779553950749687, 30];[-1, 1.3124999999999998542832280179482, 5];[-1, 1.9999999999999997779553950749687, -1];[1, 0.0, 0];[1, 1.9999999999999997779553950749687, -1];[1, 1.7499999999999998057109706905976, 2];[1, 1.3124999999999998542832280179482, 5];[1, 1.9531249999999997831595655028991, 9];[1, 1.9999999990686772033399166627413, 30];[1, 1.9999999999999997779553950749687, 30];[1, 1.9999999999999995559107901499374, 52];[1, 2.0, 52];[1, 1.9999999999999997777385546404716, 62];[1, 1.9999999999999997778469748577201, 63];[-1, 1.0, 63];[-1, 1.9999999999999999997831595655029, 62];[-1, 1.0000000000000001110223024625157, 53];[-1, 1.0, 31];[-1, 1.3125, 5];[-1, 1.0, 0];[1, 0.0, 0];[1, 1.0, 0];[1, 1.75, 2];[1, 1.3125, 5];[1, 1.953125, 9];[1, 1.999999999068677425384521484375, 30];[1, 1.0, 31];[1, 1.9999999999999997779553950749687, 52];[1, 1.0000000000000001110223024625157, 53];[1, 1.9999999999999999997831595655029, 62];[1, 1.9999999999999999998915797827514, 63];[-1, 1.0000000000000002220446049250313, 63];[-1, 1.0000000000000002219361847077828, 63];[-1, 1.000000000000000333066907387547, 53];[-1, 1.0000000000000002220446049250313, 31];[-1, 1.3125000000000002914335439641036, 5];[-1, 1.0000000000000002220446049250313, 0];[1, 0.0, 0];[1, 1.0000000000000002220446049250313, 0];[1, 1.7500000000000003885780586188048, 2];[1, 1.3125000000000002914335439641036, 5];[1, 1.9531250000000004336808689942018, 9];[1, 1.9999999990686778694737311276425, 30];[1, 1.0000000000000002220446049250313, 31];[1, 1.0000000000000001110223024625156, 53];[1, 1.000000000000000333066907387547, 53];[1, 1.0000000000000002219361847077828, 63];[1, 1.000000000000000221990394816407, 64];[-1, 1.5, 63];[-1, 1.4999999999999999998373696741272, 63];[-1, 1.5000000000000001665334536937735, 53];[-1, 1.5, 31];[-1, 1.96875, 5];[-1, 1.5, 0];[1, 0.0, 0];[1, 1.5, 0];[1, 1.3125, 3];[1, 1.96875, 5];[1, 1.46484375, 10];[1, 1.4999999993015080690383911132812, 31];[1, 1.5, 31];[1, 1.4999999999999998334665463062265, 53];[1, 1.5000000000000001665334536937735, 53];[1, 1.4999999999999999998373696741272, 63];[1, 1.4999999999999999999186848370636, 64];[-1, 1.5707963267948965579989817342721, 64];[-1, 1.5707963267948965578286756552678, 64];[-1, 1.5707963267948967323924066347037, 54];[-1, 1.5707963267948965579989817342721, 32];[-1, 1.0308350894591508661868317631161, 7];[-1, 1.5707963267948965579989817342721, 1];[1, 0.0, 0];[1, 1.5707963267948965579989817342721, 1];[1, 1.3744467859455344882491090174881, 4];[1, 1.0308350894591508661868317631161, 7];[1, 1.5339807878856411699208805998751, 11];[1, 1.57079632606343751836540192226, 32];[1, 1.5707963267948965579989817342721, 32];[1, 1.5707963267948963836055568338405, 54];[1, 1.5707963267948967323924066347037, 54];[1, 1.5707963267948965578286756552678, 64];[1, 1.5707963267948965579138286947699, 65];[-1, 1.0, 116];[-1, 1.9999999999999999997831595655029, 115];[-1, 1.0000000000000001110223024625157, 106];[-1, 1.0, 84];[-1, 1.3125, 58];[-1, 1.0, 53];[1, 0.0, 0];[1, 1.0, 53];[1, 1.75, 55];[1, 1.3125, 58];[1, 1.953125, 62];[1, 1.999999999068677425384521484375, 83];[1, 1.0, 84];[1, 1.9999999999999997779553950749687, 105];[1, 1.0000000000000001110223024625157, 106];[1, 1.9999999999999999997831595655029, 115];[1, 1.9999999999999999998915797827514, 116];[-1, 1.9999999999999997779553950749687, 1086];[-1, 1.9999999999999997777385546404716, 1086];[-1, 2.0, 1076];[-1, 1.9999999999999997779553950749687, 1054];[-1, 1.3124999999999998542832280179482, 1029];[-1, 1.9999999999999997779553950749687, 1023];[1, 0.0, 0];[1, 1.9999999999999997779553950749687, 1023];[1, 1.7499999999999998057109706905976, 1026];[1, 1.3124999999999998542832280179482, 1029];[1, 1.9531249999999997831595655028991, 1033];[1, 1.9999999990686772033399166627413, 1054];[1, 1.9999999999999997779553950749687, 1054];[1, 1.9999999999999995559107901499374, 1076];[1, 2.0, 1076];[1, 1.9999999999999997777385546404716, 1086];[1, 1.9999999999999997778469748577201, 1087];[-1, 1.6000000000000000888178419700125, 59];[-1, 1.6000000000000000886443696224148, 59];[-1, 1.6000000000000002664535259100376, 49];[-1, 1.6000000000000000888178419700125, 27];[-1, 1.0500000000000000582867087928207, 2];[-1, 1.6000000000000000888178419700125, -4];[1, 0.0, 0];[1, 1.6000000000000000888178419700125, -4];[1, 1.400000000000000077715611723761, -1];[1, 1.0500000000000000582867087928207, 2];[1, 1.5625000000000000867361737988404, 6];[1, 1.5999999992549420291254591161535, 27];[1, 1.6000000000000000888178419700125, 27];[1, 1.5999999999999999111821580299875, 49];[1, 1.6000000000000002664535259100376, 49];[1, 1.6000000000000000886443696224148, 59];[1, 1.6000000000000000887311057962137, 60]",255,0
A2_6_3,1,fractional|whole,Rational,Rational,"fractional/L1/15:-max_finite,-1.5,-1.0,-(1.0-1ulp),+0.0,+min_subnormal,+min_normal,1.0-1ulp,1.0,1.0+1ulp,1.5,pi,2^53,max_finite,0.1","whole/L1/17:-2^63,-2^63+1,-2^53-1,-2^31,-42,-1,0,1,7,42,1000,2^31-1,2^31,2^53-1,2^53+1,2^63-1,2^64-1",255,"[1, 1.9999999999999997779553950749687, 1086];[1, 1.9999999999999997777385546404716, 1086];[1, 2.0, 1076];[1, 1.9999999999999997779553950749687, 1054];[1, 1.3124999999999998542832280179482, 1029];[1, 1.9999999999999997779553950749687, 1023];[1, 0.0, 0];[-1, 1.9999999999999997779553950749687, 1023];[-1, 1.7499999999999998057109706905976, 1026];[-1, 1.3124999999999998542832280179482, 1029];[-1, 1.9531249999999997831595655028991, 1033];[-1, 1.9999999990686772033399166627413, 1054];[-1, 1.9999999999999997779553950749687, 1054];[-1, 1.9999999999999995559107901499374, 1076];[-1, 2.0, 1076];[-1, 1.9999999999999997777385546404716, 1086];[-1, 1.9999999999999997778469748577201, 1087];[1, 1.5, 63];[1, 1.4999999999999999998373696741272, 63];[1, 1.5000000000000001665334536937735, 53];[1, 1.5, 31];[1, 1.96875, 5];[1, 1.5, 0];[1, 0.0, 0];[-1, 1.5, 0];[-1, 1.3125, 3];[-1, 1.96875, 5];[-1, 1.46484375, 10];[-1, 1.4999999993015080690383911132812, 31];[-1, 1.5, 31];[-1, 1.4999999999999998334665463062265, 53];[-1, 1.5000000000000001665334536937735, 53];[-1, 1.4999999999999999998373696741272, 63];[-1, 1.4999999999999999999186848370636, 64];[1, 1.0, 63];[1, 1.9999999999999999997831595655029, 62];[1, 1.0000000000000001110223024625157, 53];[1, 1.0, 31];[1, 1.3125, 5];[1, 1.0, 0];[1, 0.0, 0];[-1, 1.0, 0];[-1, 1.75, 2];[-1, 1.3125, 5];[-1, 1.953125, 9];[-1, 1.999999999068677425384521484375, 30];[-1, 1.0, 31];[-1, 1.9999999999999997779553950749687, 52];[-1, 1.0000000000000001110223024625157, 53];[-1, 1.9999999999999999997831595655029, 62];[-1, 1.9999999999999999998915797827514, 63];[1, 1.9999999999999997779553950749687, 62];[1, 1.9999999999999997777385546404716, 62];[1, 2.0, 52];[1, 1.9999999999999997779553950749687, 30];[1, 1.3124999999999998542832280179482, 5];[1, 1.9999999999999997779553950749687, -1];[1, 0.0, 0];[-1, 1.9999999999999997779553950749687, -1];[-1, 1.7499999999999998057109706905976, 2];[-1, 1.3124999999999998542832280179482, 5];[-1, 1.9531249999999997831595655028991, 9];[-1, 1.9999999990686772033399166627413, 30];[-1, 1.9999999999999997779553950749687, 30];[-1, 1.9999999999999995559107901499374, 52];[-1, 2.0, 52];[-1, 1.9999999999999997777385546404716, 62];[-1, 1.9999999999999997778469748577201, 63];[1, 0.0, 0];[1, 0.0, 0];[1, 0.0, 0];[1, 0.0, 0];[1, 0.0, 0];[1, 0.0, 0];[1, 0.0, 0];[1, 0.0, 0];[1, 0.0, 0];[1, 0.0, 0];[1, 0.0, 0];[1, 0.0, 0];[1, 0.0, 0];[1, 0.0, 0];[1, 0.0, 0];[1, 0.0, 0];[1, 0.0, 0];[-1, 1.0, -1011];[-1, 1.9999999999999999997831595655029, -1012];[-1, 1.0000000000000001110223024625157, -1021];[-1, 1.0, -1043];[-1, 1.3125, -1069];[-1, 1.0, -1074];[1, 0.0, 0];[1, 1.0, -1074];[1, 1.75, -1072];[1, 1.3125, -1069];[1, 1.953125, -1065];[1, 1.999999999068677425384521484375, -1044];[1, 1.0, -1043];[1, 1.9999999999999997779553950749687, -1022];[1, 1.0000000000000001110223024625157, -1021];[1, 1.9999999999999999997831595655029, -1012];[1, 1.9999999999999999998915797827514, -1011];[-1, 1.0, -959];[-1, 1.9999999999999999997831595655029, -960];[-1, 1.0000000000000001110223024625157, -969];[-1, 1.0, -991];[-1, 1.3125, -1017];[-1, 1.0, -1022];[1, 0.0, 0];[1, 1.0, -1022];[1, 1.75, -1020];[1, 1.3125, -1017];[1, 1.953125, -1013];[1, 1.999999999068677425384521484375, -992];[1, 1.0, -991];[1, 1.9999999999999997779553950749687, -970];[1, 1.0000000000000001110223024625157, -969];[1, 1.9999999999999999997831595655029, -960];[1, 1.9999999999999999998915797827514, -959];[-1, 1.9999999999999997779553950749687, 62];[-1, 1.9999999999999997777385546404716, 62];[-1, 2.0, 52];[-1, 1.9999999999999997779553950749687, 30];[-1, 1.3124999999999998542832280179482, 5];[-1, 1.9999999999999997779553950749687, -1];[1, 0.0, 0];[1, 1.9999999999999997779553950749687, -1];[1, 1.7499999999999998057109706905976, 2];[1, 1.3124999999999998542832280179482, 5];[1, 1.9531249999999997831595655028991, 9];[1, 1.9999999990686772033399166627413, 30];[1, 1.9999999999999997779553950749687, 30];[1, 1.9999999999999995559107901499374, 52];[1, 2.0, 52];[1, 1.9999999999999997777385546404716, 62];[1, 1.9999999999999997778469748577201, 63];[-1, 1.0, 63];[-1, 1.9999999999999999997831595655029, 62];[-1, 1.0000000000000001110223024625157, 53];[-1, 1.0, 31];[-1, 1.3125, 5];[-1, 1.0, 0];[1, 0.0, 0];[1, 1.0, 0];[1, 1.75, 2];[1, 1.3125, 5];[1, 1.953125, 9];[1, 1.999999999068677425384521484375, 30];[1, 1.0, 31];[1, 1.9999999999999997779553950749687, 52];[1, 1.0000000000000001110223024625157, 53];[1, 1.9999999999999999997831595655029, 62];[1, 1.9999999999999999998915797827514, 63];[-1, 1.0000000000000002220446049250313, 63];[-1, 1.0000000000000002219361847077828, 63];[-1, 1.000000000000000333066907387547, 53];[-1, 1.0000000000000002220446049250313, 31];[-1, 1.3125000000000002914335439641036, 5];[-1, 1.0000000000000002220446049250313, 0];[1, 0.0, 0];[1, 1.0000000000000002220446049250313, 0];[1, 1.7500000000000003885780586188048, 2];[1, 1.3125000000000002914335439641036, 5];[1, 1.9531250000000004336808689942018, 9];[1, 1.9999999990686778694737311276425, 30];[1, 1.0000000000000002220446049250313, 31];[1, 1.0000000000000001110223024625156, 53];[1, 1.000000000000000333066907387547, 53];[1, 1.0000000000000002219361847077828, 63];[1, 1.000000000000000221990394816407, 64];[-1, 1.5, 63];[-1, 1.4999999999999999998373696741272, 63];[-1, 1.5000000000000001665334536937735, 53];[-1, 1.5, 31];[-1, 1.96875, 5];[-1, 1.5, 0];[1, 0.0, 0];[1, 1.5, 0];[1, 1.3125, 3];[1, 1.96875, 5];[1, 1.46484375, 10];[1, 1.4999999993015080690383911132812, 31];[1, 1.5, 31];[1, 1.4999999999999998334665463062265, 53];[1, 1.5000000000000001665334536937735, 53];[1, 1.4999999999999999998373696741272, 63];[1, 1.4999999999999999999186848370636, 64];[-1, 1.5707963267948965579989817342721, 64];[-1, 1.5707963267948965578286756552678, 64];[-1, 1.5707963267948967323924066347037, 54];[-1, 1.5707963267948965579989817342721, 32];[-1, 1.0308350894591508661868317631161, 7];[-1, 1.5707963267948965579989817342721, 1];[1, 0.0, 0];[1, 1.5707963267948965579989817342721, 1];[1, 1.3744467859455344882491090174881, 4];[1, 1.0308350894591508661868317631161, 7];[1, 1.5339807878856411699208805998751, 11];[1, 1.57079632606343751836540192226, 32];[1, 1.5707963267948965579989817342721, 32];[1, 1.5707963267948963836055568338405, 54];[1, 1.5707963267948967323924066347037, 54];[1, 1.5707963267948965578286756552678, 64];[1, 1.5707963267948965579138286947699, 65];[-1, 1.0, 116];[-1, 1.9999999999999999997831595655029, 115];[-1, 1.0000000000000001110223024625157, 106];[-1, 1.0, 84];[-1, 1.3125, 58];[-1, 1.0, 53];[1, 0.0, 0];[1, 1.0, 53];[1, 1.75, 55];[1, 1.3125, 58];[1, 1.953125, 62];[1, 1.999999999068677425384521484375, 83];[1, 1.0, 84];[1, 1.9999999999999997779553950749687, 105];[1, 1.0000000000000001110223024625157, 106];[1, 1.9999999999999999997831595655029, 115];[1, 1.9999999999999999998915797827514, 116];[-1, 1.9999999999999997779553950749687, 1086];[-1, 1.9999999999999997777385546404716, 1086];[-1, 2.0, 1076];[-1, 1.9999999999999997779553950749687, 1054];[-1, 1.3124999999999998542832280179482, 1029];[-1, 1.9999999999999997779553950749687, 1023];[1, 0.0, 0];[1, 1.9999999999999997779553950749687, 1023];[1, 1.7499999999999998057109706905976, 1026];[1, 1.3124999999999998542832280179482, 1029];[1, 1.9531249999999997831595655028991, 1033];[1, 1.9999999990686772033399166627413, 1054];[1, 1.9999999999999997779553950749687, 1054];[1, 1.9999999999999995559107901499374, 1076];[1, 2.0, 1076];[1, 1.9999999999999997777385546404716, 1086];[1, 1.9999999999999997778469748577201, 1087];[-1, 1.6000000000000000888178419700125, 59];[-1, 1.6000000000000000886443696224148, 59];[-1, 1.6000000000000002664535259100376, 49];[-1, 1.6000000000000000888178419700125, 27];[-1, 1.0500000000000000582867087928207, 2];[-1, 1.6000000000000000888178419700125, -4];[1, 0.0, 0];[1, 1.6000000000000000888178419700125, -4];[1, 1.400000000000000077715611723761, -1];[1, 1.0500000000000000582867087928207, 2];[1, 1.5625000000000000867361737988404, 6];[1, 1.5999999992549420291254591161535, 27];[1, 1.6000000000000000888178419700125, 27];[1, 1.5999999999999999111821580299875, 49];[1, 1.6000000000000002664535259100376, 49];[1, 1.6000000000000000886443696224148, 59];[1, 1.6000000000000000887311057962137, 60]",255,0
A2_6_4,1,fractional|whole,Rational,BigDecimal,"fractional/L1/15:-max_finite,-1.5,-1.0,-(1.0-1ulp),+0.0,+min_subnormal,+min_normal,1.0-1ulp,1.0,1.0+1ulp,1.5,pi,2^53,max_finite,0.1","whole/L1/17:-2^63,-2^63+1,-2^53-1,-2^31,-42,-1,0,1,7,42,1000,2^31-1,2^31,2^53-1,2^53+1,2^63-1,2^64-1",255,"[1, 1.9999999999999997779553950779536, 1086];[1, 1.9999999999999997777385546434565, 1086];[1, 1.0000000000000000010317254523114, 1077];[1, 1.9999999999999997800188459795915, 1054];[1, 1.3124999964500116815635000007351, 1029];[1, 1.9999999945904939909539047630248, 1023];[-1, 0.0, 0];[-1, 1.9999999945904939909539047630248, 1023];[-1, 1.7499999952666822420846666676467, 1026];[-1, 1.3124999964500116815635000007351, 1029];[-1, 1.9531249947172792880409226201415, 1033];[-1, 1.9999999990686772054033675664032, 1054];[-1, 1.9999999999999997800188459795915, 1054];[-1, 1.9999999999999995579742410545602, 1076];[-1, 1.0000000000000000010317254523114, 1077];[-1, 1.9999999999999997777385546434565, 1086];[-1, 1.999999999999999777846974860705, 1087];[1, 1.5, 63];[1, 1.4999999999999999998373696741272, 63];[1, 1.5000000000000001665334536937735, 53];[1, 1.5, 31];[1, 1.96875, 5];[1, 1.5, 0];[-1, 0.0, 0];[-1, 1.5, 0];[-1, 1.3125, 3];[-1, 1.96875, 5];[-1, 1.46484375, 10];[-1, 1.4999999993015080690383911132812, 31];[-1, 1.5, 31];[-1, 1.4999999999999998334665463062265, 53];[-1, 1.5000000000000001665334536937735, 53];[-1, 1.4999999999999999998373696741272, 63];[-1, 1.4999999999999999999186848370636, 64];[1, 1.0, 63];[1, 1.9999999999999999997831595655029, 62];[1, 1.0000000000000001110223024625157, 53];[1, 1.0, 31];[1, 1.3125, 5];[1, 1.0, 0];[-1, 0.0, 0];[-1, 1.0, 0];[-1, 1.75, 2];[-1, 1.3125, 5];[-1, 1.953125, 9];[-1, 1.999999999068677425384521484375, 30];[-1, 1.0, 31];[-1, 1.9999999999999997779553950749687, 52];[-1, 1.0000000000000001110223024625157, 53];[-1, 1.9999999999999999997831595655029, 62];[-1, 1.9999999999999999998915797827514, 63];[1, 1.999999999999999777955395074, 62];[1, 1.9999999999999997777385546395029, 62];[1, 1.0000000000000000000223024625156, 53];[1, 1.999999999999999778, 30];[1, 1.3125, 5];[1, 1.0, 0];[-1, 0.0, 0];[-1, 1.0, 0];[-1, 1.75, 2];[-1, 1.3125, 5];[-1, 1.953125, 9];[-1, 1.9999999990686772033845215877518, 30];[-1, 1.999999999999999778, 30];[-1, 1.9999999999999995559553950749687, 52];[-1, 1.0000000000000000000223024625156, 53];[-1, 1.9999999999999997777385546395029, 62];[-1, 1.9999999999999997778469748567514, 63];[-1, 0.0, 0];[-1, 0.0, 0];[-1, 0.0, 0];[-1, 0.0, 0];[-1, 0.0, 0];[-1, 0.0, 0];[1, 0.0, 0];[1, 0.0, 0];[1, 0.0, 0];[1, 0.0, 0];[1, 0.0, 0];[1, 0.0, 0];[1, 0.0, 0];[1, 0.0, 0];[1, 0.0, 0];[1, 0.0, 0];[1, 0.0, 0];[-1, 1.0000000000000000000000000002667, -1011];[-1, 1.9999999999999999997831595660363, -1012];[-1, 1.0000000000000001106649232471129, -1021];[-1, 1.9999999999999999992852415691944, -1044];[-1, 1.3125000004217332504741790331014, -1069];[-1, 1.0000000003213205717898506918868, -1074];[1, 0.0, 0];[1, 1.0000000003213205717898506918868, -1074];[1, 1.7500000005623110006322387108018, -1072];[1, 1.3125000004217332504741790331014, -1069];[1, 1.9531250006275792417770521325913, -1065];[1, 1.9999999990686774246697630539022, -1044];[1, 1.9999999999999999992852415691944, -1044];[1, 1.9999999999999997772406366441631, -1022];[1, 1.0000000000000001106649232471129, -1021];[1, 1.9999999999999999997831595660363, -1012];[1, 1.9999999999999999998915797832849, -1011];[-1, 1.0000000000000000000000000011989, -959];[-1, 1.9999999999999999997831595679007, -960];[-1, 1.0000000000000001096334799272468, -969];[-1, 1.9999999999999999972223549294623, -992];[-1, 1.3125000008805542239431816821207, -1017];[-1, 1.0000000006708984563376622339967, -1022];[1, 0.0, 0];[1, 1.0000000006708984563376622339967, -1022];[1, 1.7500000011740722985909089094943, -1020];[1, 1.3125000008805542239431816821207, -1017];[1, 1.9531250013103485475344965507749, -1013];[1, 1.9999999990686774226068764151308, -992];[1, 1.9999999999999999972223549294623, -992];[1, 1.999999999999999775177750004431, -970];[1, 1.0000000000000001096334799272468, -969];[1, 1.9999999999999999997831595679007, -960];[1, 1.9999999999999999998915797851492, -959];[-1, 1.999999999999999777955395074, 62];[-1, 1.9999999999999997777385546395029, 62];[-1, 1.0000000000000000000223024625156, 53];[-1, 1.999999999999999778, 30];[-1, 1.3125, 5];[-1, 1.0, 0];[1, 0.0, 0];[1, 1.0, 0];[1, 1.75, 2];[1, 1.3125, 5];[1, 1.953125, 9];[1, 1.9999999990686772033845215877518, 30];[1, 1.999999999999999778, 30];[1, 1.9999999999999995559553950749687, 52];[1, 1.0000000000000000000223024625156, 53];[1, 1.9999999999999997777385546395029, 62];[1, 1.9999999999999997778469748567514, 63];[-1, 1.0, 63];[-1, 1.9999999999999999997831595655029, 62];[-1, 1.0000000000000001110223024625157, 53];[-1, 1.0, 31];[-1, 1.3125, 5];[-1, 1.0, 0];[1, 0.0, 0];[1, 1.0, 0];[1, 1.75, 2];[1, 1.3125, 5];[1, 1.953125, 9];[1, 1.999999999068677425384521484375, 30];[1, 1.0, 31];[1, 1.9999999999999997779553950749687, 52];[1, 1.0000000000000001110223024625157, 53];[1, 1.9999999999999999997831595655029, 62];[1, 1.9999999999999999998915797827514, 63];[-1, 1.00000000000000022204460493, 63];[-1, 1.0000000000000002219361847127514, 63];[-1, 1.0000000000000003310223024625157, 53];[-1, 1.00000000000000022, 31];[-1, 1.3125, 5];[-1, 1.0, 0];[1, 0.0, 0];[1, 1.0, 0];[1, 1.75, 2];[1, 1.3125, 5];[1, 1.953125, 9];[1, 1.999999999068677865384521279484, 30];[1, 1.00000000000000022, 31];[1, 1.0000000000000001089776975374843, 53];[1, 1.0000000000000003310223024625157, 53];[1, 1.0000000000000002219361847127514, 63];[1, 1.0000000000000002219903948213757, 64];[-1, 1.5, 63];[-1, 1.4999999999999999998373696741272, 63];[-1, 1.5000000000000001665334536937735, 53];[-1, 1.5, 31];[-1, 1.96875, 5];[-1, 1.5, 0];[1, 0.0, 0];[1, 1.5, 0];[1, 1.3125, 3];[1, 1.96875, 5];[1, 1.46484375, 10];[1, 1.4999999993015080690383911132812, 31];[1, 1.5, 31];[1, 1.4999999999999998334665463062265, 53];[1, 1.5000000000000001665334536937735, 53];[1, 1.4999999999999999998373696741272, 63];[1, 1.4999999999999999999186848370636, 64];[-1, 1.570796326794896557998981735, 64];[-1, 1.5707963267948965578286756559957, 64];[-1, 1.5707963267948967343934249004316, 54];[-1, 1.57079632679489656, 32];[-1, 1.03083508828125, 7];[-1, 1.570796325, 1];[1, 0.0, 0];[1, 1.570796325, 1];[1, 1.374446784375, 4];[1, 1.03083508828125, 7];[1, 1.5339807861328125, 11];[1, 1.5707963260634375203664201870561, 32];[1, 1.57079632679489656, 32];[1, 1.5707963267948963856065750995684, 54];[1, 1.5707963267948967343934249004316, 54];[1, 1.5707963267948965578286756559957, 64];[1, 1.5707963267948965579138286954978, 65];[-1, 1.0, 116];[-1, 1.9999999999999999997831595655029, 115];[-1, 1.0000000000000001110223024625157, 106];[-1, 1.0, 84];[-1, 1.3124999993091579497672682919074, 58];[-1, 1.9999999989472883044072659686208, 52];[1, 0.0, 0];[1, 1.9999999989472883044072659686208, 52];[1, 1.7499999990788772663563577225432, 55];[1, 1.3124999993091579497672682919074, 58];[1, 1.9531249989719612347727206724812, 62];[1, 1.999999999068677425384521484375, 83];[1, 1.0, 84];[1, 1.9999999999999997779553950749687, 105];[1, 1.0000000000000001110223024625157, 106];[1, 1.9999999999999999997831595655029, 115];[1, 1.9999999999999999998915797827514, 116];[-1, 1.9999999999999997779553950779536, 1086];[-1, 1.9999999999999997777385546434565, 1086];[-1, 1.0000000000000000010317254523114, 1077];[-1, 1.9999999999999997800188459795915, 1054];[-1, 1.3124999964500116815635000007351, 1029];[-1, 1.9999999945904939909539047630248, 1023];[1, 0.0, 0];[1, 1.9999999945904939909539047630248, 1023];[1, 1.7499999952666822420846666676467, 1026];[1, 1.3124999964500116815635000007351, 1029];[1, 1.9531249947172792880409226201415, 1033];[1, 1.9999999990686772054033675664032, 1054];[1, 1.9999999999999997800188459795915, 1054];[1, 1.9999999999999995579742410545602, 1076];[1, 1.0000000000000000010317254523114, 1077];[1, 1.9999999999999997777385546434565, 1086];[1, 1.999999999999999777846974860705, 1087];[-1, 1.600000000000000088817841968, 59];[-1, 1.6000000000000000886443696204023, 59];[-1, 1.6000000000000002736356839400251, 49];[-1, 1.600000000000000096, 27];[-1, 1.05, 2];[-1, 1.6, -4];[1, 0.0, 0];[1, 1.6, -4];[1, 1.4, -1];[1, 1.05, 2];[1, 1.5625, 6];[1, 1.5999999992549420363076171427965, 27];[1, 1.600000000000000096, 27];[1, 1.5999999999999999183643160599749, 49];[1, 1.6000000000000002736356839400251, 49];[1, 1.6000000000000000886443696204023, 59];[1, 1.6000000000000000887311057942012, 60]",255,0
A2_6_5,1,fractional|fractional,Rational,Float,"fractional/L1/15:-max_finite,-1.5,-1.0,-(1.0-1ulp),+0.0,+min_subnormal,+min_normal,1.0-1ulp,1.0,1.0+1ulp,1.5,pi,2^53,max_finite,0.1","fractional/L1/16:-max_finite,-1.5,-1.0,-(1.0-1ulp),-0.0,+0.0,+min_subnormal,+min_normal,1.0-1ulp,1.0,1.0+1ulp,1.5,pi,2^53,max_finite,0.1",240,"[1, inf];[1, inf];[1, 1.9999999999999997779553950749687, 1023];[1, 1.9999999999999995559107901499374, 1023];[1, 0.0, 0];[-1, 0.0, 0];[-1, 1.9999999999999997779553950749687, -51];[-1, 1.9999999999999997779553950749687, 1];[-1, 1.9999999999999995559107901499374, 1023];[-1, 1.9999999999999997779553950749687, 1023];[-1, inf];[-1, inf];[-1, inf];[-1, inf];[-1, inf];[-1, 1.5999999999999998667732370449812, 1020];[1, inf];[1, 1.125, 1];[1, 1.5, 0];[1, 1.4999999999999997779553950749687, 0];[1, 0.0, 0];[-1, 0.0, 0];[-1, 1.0, -1073];[-1, 1.5, -1022];[-1, 1.4999999999999997779553950749687, 0];[-1, 1.5, 0];[-1, 1.5000000000000004440892098500626, 0];[-1, 1.125, 1];[-1, 1.1780972450961724184992363007041, 2];[-1, 1.5, 53];[-1, inf];[-1, 1.200000000000000177635683940025, -3];[1, 1.9999999999999997779553950749687, 1023];[1, 1.5, 0];[1, 1.0, 0];[1, 1.9999999999999997779553950749687, -1];[1, 0.0, 0];[-1, 0.0, 0];[-1, 1.0, -1074];[-1, 1.0, -1022];[-1, 1.9999999999999997779553950749687, -1];[-1, 1.0, 0];[-1, 1.0000000000000002220446049250313, 0];[-1, 1.5, 0];[-1, 1.5707963267948965579989817342721, 1];[-1, 1.0, 53];[-1, 1.9999999999999997779553950749687, 1023];[-1, 1.6000000000000000888178419700125, -4];[1, 1.9999999999999995559107901499374, 1023];[1, 1.4999999999999997779553950749687, 0];[1, 1.9999999999999997779553950749687, -1];[1, 1.9999999999999995559107901499374, -1];[1, 0.0, 0];[-1, 0.0, 0];[-1, 1.0, -1074];[-1, 1.0, -1022];[-1, 1.9999999999999995559107901499374, -1];[-1, 1.9999999999999997779553950749687, -1];[-1, 1.0, 0];[-1, 1.4999999999999997779553950749687, 0];[-1, 1.5707963267948963359543768092408, 1];[-1, 1.9999999999999997779553950749687, 52];[-1, 1.9999999999999995559107901499374, 1023];[-1, 1.5999999999999998667732370449812, -4];[-1, 0.0, 0];[-1, 0.0, 0];[-1, 0.0, 0];[-1, 0.0, 0];[-1, 0.0, 0];[1, 0.0, 0];[1, 0.0, 0];[1, 0.0, 0];[1, 0.0, 0];[1, 0.0, 0];[1, 0.0, 0];[1, 0.0, 0];[1, 0.0, 0];[1, 0.0, 0];[1, 0.0, 0];[1, 0.0, 0];[-1, 1.9999999999999997779553950749687, -51];[-1, 1.0, -1073];[-1, 1.0, -1074];[-1, 1.0, -1074];[-1, 0.0, 0];[1, 0.0, 0];[1, 0.0, 0];[1, 0.0, 0];[1, 1.0, -1074];[1, 1.0, -1074];[1, 1.0, -1074];[1, 1.0, -1073];[1, 1.5, -1073];[1, 1.0, -1021];[1, 1.9999999999999997779553950749687, -51];[1, 0.0, 0];[-1, 1.9999999999999997779553950749687, 1];[-1, 1.5, -1022];[-1, 1.0, -1022];[-1, 1.0, -1022];[-1, 0.0, 0];[1, 0.0, 0];[1, 0.0, 0];[1, 0.0, 0];[1, 1.0, -1022];[1, 1.0, -1022];[1, 1.0000000000000002220446049250313, -1022];[1, 1.5, -1022];[1, 1.5707963267948965579989817342721, -1021];[1, 1.0, -969];[1, 1.9999999999999997779553950749687, 1];[1, 1.6000000000000014210854715202004, -1026];[-1, 1.9999999999999995559107901499374, 1023];[-1, 1.4999999999999997779553950749687, 0];[-1, 1.9999999999999997779553950749687, -1];[-1, 1.9999999999999995559107901499374, -1];[-1, 0.0, 0];[1, 0.0, 0];[1, 1.0, -1074];[1, 1.0, -1022];[1, 1.9999999999999995559107901499374, -1];[1, 1.9999999999999997779553950749687, -1];[1, 1.0, 0];[1, 1.4999999999999997779553950749687, 0];[1, 1.5707963267948963359543768092408, 1];[1, 1.9999999999999997779553950749687, 52];[1, 1.9999999999999995559107901499374, 1023];[1, 1.5999999999999998667732370449812, -4];[-1, 1.9999999999999997779553950749687, 1023];[-1, 1.5, 0];[-1, 1.0, 0];[-1, 1.9999999999999997779553950749687, -1];[-1, 0.0, 0];[1, 0.0, 0];[1, 1.0, -1074];[1, 1.0, -1022];[1, 1.9999999999999997779553950749687, -1];[1, 1.0, 0];[1, 1.0000000000000002220446049250313, 0];[1, 1.5, 0];[1, 1.5707963267948965579989817342721, 1];[1, 1.0, 53];[1, 1.9999999999999997779553950749687, 1023];[1, 1.6000000000000000888178419700125, -4];[-1, inf];[-1, 1.5000000000000004440892098500626, 0];[-1, 1.0000000000000002220446049250313, 0];[-1, 1.0, 0];[-1, 0.0, 0];[1, 0.0, 0];[1, 1.0, -1074];[1, 1.0000000000000002220446049250313, -1022];[1, 1.0, 0];[1, 1.0000000000000002220446049250313, 0];[1, 1.0000000000000004440892098500626, 0];[1, 1.5000000000000004440892098500626, 0];[1, 1.5707963267948970020881915843347, 1];[1, 1.0000000000000002220446049250313, 53];[1, inf];[1, 1.6000000000000005329070518200751, -4];[-1, inf];[-1, 1.125, 1];[-1, 1.5, 0];[-1, 1.4999999999999997779553950749687, 0];[-1, 0.0, 0];[1, 0.0, 0];[1, 1.0, -1073];[1, 1.5, -1022];[1, 1.4999999999999997779553950749687, 0];[1, 1.5, 0];[1, 1.5000000000000004440892098500626, 0];[1, 1.125, 1];[1, 1.1780972450961724184992363007041, 2];[1, 1.5, 53];[1, inf];[1, 1.200000000000000177635683940025, -3];[-1, inf];[-1, 1.1780972450961724184992363007041, 2];[-1, 1.5707963267948965579989817342721, 1];[-1, 1.5707963267948963359543768092408, 1];[-1, 0.0, 0];[1, 0.0, 0];[1, 1.5, -1073];[1, 1.5707963267948965579989817342721, -1021];[1, 1.5707963267948963359543768092408, 1];[1, 1.5707963267948965579989817342721, 1];[1, 1.5707963267948970020881915843347, 1];[1, 1.1780972450961724184992363007041, 2];[1, 1.2337005501361697490381175157381, 3];[1, 1.5707963267948965579989817342721, 54];[1, inf];[1, 1.2566370614359172463991853874177, -2];[-1, inf];[-1, 1.5, 53];[-1, 1.0, 53];[-1, 1.9999999999999997779553950749687, 52];[-1, 0.0, 0];[1, 0.0, 0];[1, 1.0, -1021];[1, 1.0, -969];[1, 1.9999999999999997779553950749687, 52];[1, 1.0, 53];[1, 1.0000000000000002220446049250313, 53];[1, 1.5, 53];[1, 1.5707963267948965579989817342721, 54];[1, 1.0, 106];[1, inf];[1, 1.6000000000000000888178419700125, 49];[-1, inf];[-1, inf];[-1, 1.9999999999999997779553950749687, 1023];[-1, 1.9999999999999995559107901499374, 1023];[-1, 0.0, 0];[1, 0.0, 0];[1, 1.9999999999999997779553950749687, -51];[1, 1.9999999999999997779553950749687, 1];[1, 1.9999999999999995559107901499374, 1023];[1, 1.9999999999999997779553950749687, 1023];[1, inf];[1, inf];[1, inf];[1, inf];[1, inf];[1, 1.5999999999999998667732370449812, 1020];[-1, 1.5999999999999998667732370449812, 1020];[-1, 1.200000000000000177635683940025, -3];[-1, 1.6000000000000000888178419700125, -4];[-1, 1.5999999999999998667732370449812, -4];[-1, 0.0, 0];[1, 0.0, 0];[1, 0.0, 0];[1, 1.6000000000000014210854715202004, -1026];[1, 1.5999999999999998667732370449812, -4];[1, 1.6000000000000000888178419700125, -4];[1, 1.6000000000000005329070518200751, -4];[1, 1.200000000000000177635683940025, -3];[1, 1.2566370614359172463991853874177, -2];[1, 1.6000000000000000888178419700125, 49];[1, 1.5999999999999998667732370449812, 1020];[1, 1.2800000000000002486899575160351, -7]",240,0
A2_6_6,1,fractional|fractional,Rational,Rational,"fractional/L1/15:-max_finite,-1.5,-1.0,-(1.0-1ulp),+0.0,+min_subnormal,+min_normal,1.0-1ulp,1.0,1.0+1ulp,1.5,pi,2^53,max_finite,0.1","fractional/L1/15:-max_finite,-1.5,-1.0,-(1.0-1ulp),+0.0,+min_subnormal,+min_normal,1.0-1ulp,1.0,1.0+1ulp,1.5,pi,2^53,max_finite,0.1",225,"[1, 1.9999999999999995559107901499374, 2047];[1, 1.4999999999999998334665463062265, 1024];[1, 1.9999999999999997779553950749687, 1023];[1, 1.9999999999999995559107901499374, 1023];[1, 0.0, 0];[-1, 1.9999999999999997779553950749687, -51];[-1, 1.9999999999999997779553950749687, 1];[-1, 1.9999999999999995559107901499374, 1023];[-1, 1.9999999999999997779553950749687, 1023];[-1, 1.0000000000000001110223024625156, 1024];[-1, 1.4999999999999998334665463062265, 1024];[-1, 1.5707963267948963836055568338405, 1025];[-1, 1.9999999999999997779553950749687, 1076];[-1, 1.9999999999999995559107901499374, 2047];[-1, 1.5999999999999999111821580299875, 1020];[1, 1.4999999999999998334665463062265, 1024];[1, 1.125, 1];[1, 1.5, 0];[1, 1.4999999999999998334665463062265, 0];[1, 0.0, 0];[-1, 1.5, -1074];[-1, 1.5, -1022];[-1, 1.4999999999999998334665463062265, 0];[-1, 1.5, 0];[-1, 1.500000000000000333066907387547, 0];[-1, 1.125, 1];[-1, 1.1780972450961724184992363007041, 2];[-1, 1.5, 53];[-1, 1.4999999999999998334665463062265, 1024];[-1, 1.2000000000000000666133814775094, -3];[1, 1.9999999999999997779553950749687, 1023];[1, 1.5, 0];[1, 1.0, 0];[1, 1.9999999999999997779553950749687, -1];[1, 0.0, 0];[-1, 1.0, -1074];[-1, 1.0, -1022];[-1, 1.9999999999999997779553950749687, -1];[-1, 1.0, 0];[-1, 1.0000000000000002220446049250313, 0];[-1, 1.5, 0];[-1, 1.5707963267948965579989817342721, 1];[-1, 1.0, 53];[-1, 1.9999999999999997779553950749687, 1023];[-1, 1.6000000000000000888178419700125, -4];[1, 1.9999999999999995559107901499374, 1023];[1, 1.4999999999999998334665463062265, 0];[1, 1.9999999999999997779553950749687, -1];[1, 1.9999999999999995559107901499374, -1];[1, 0.0, 0];[-1, 1.9999999999999997779553950749687, -1075];[-1, 1.9999999999999997779553950749687, -1023];[-1, 1.9999999999999995559107901499374, -1];[-1, 1.9999999999999997779553950749687, -1];[-1, 1.0000000000000001110223024625156, 0];[-1, 1.4999999999999998334665463062265, 0];[-1, 1.5707963267948963836055568338405, 1];[-1, 1.9999999999999997779553950749687, 52];[-1, 1.9999999999999995559107901499374, 1023];[-1, 1.5999999999999999111821580299875, -4];[1, 0.0, 0];[1, 0.0, 0];[1, 0.0, 0];[1, 0.0, 0];[1, 0.0, 0];[1, 0.0, 0];[1, 0.0, 0];[1, 0.0, 0];[1, 0.0, 0];[1, 0.0, 0];[1, 0.0, 0];[1, 0.0, 0];[1, 0.0, 0];[1, 0.0, 0];[1, 0.0, 0];[-1, 1.9999999999999997779553950749687, -51];[-1, 1.5, -1074];[-1, 1.0, -1074];[-1, 1.9999999999999997779553950749687, -1075];[1, 0.0, 0];[1, 1.0, -2148];[1, 1.0, -2096];[1, 1.9999999999999997779553950749687, -1075];[1, 1.0, -1074];[1, 1.0000000000000002220446049250313, -1074];[1, 1.5, -1074];[1, 1.5707963267948965579989817342721, -1073];[1, 1.0, -1021];[1, 1.9999999999999997779553950749687, -51];[1, 1.6000000000000000888178419700125, -1078];[-1, 1.9999999999999997779553950749687, 1];[-1, 1.5, -1022];[-1, 1.0, -1022];[-1, 1.9999999999999997779553950749687, -1023];[1, 0.0, 0];[1, 1.0, -2096];[1, 1.0, -2044];[1, 1.9999999999999997779553950749687, -1023];[1, 1.0, -1022];[1, 1.0000000000000002220446049250313, -1022];[1, 1.5, -1022];[1, 1.5707963267948965579989817342721, -1021];[1, 1.0, -969];[1, 1.9999999999999997779553950749687, 1];[1, 1.6000000000000000888178419700125, -1026];[-1, 1.9999999999999995559107901499374, 1023];[-1, 1.4999999999999998334665463062265, 0];[-1, 1.9999999999999997779553950749687, -1];[-1, 1.9999999999999995559107901499374, -1];[1, 0.0, 0];[1, 1.9999999999999997779553950749687, -1075];[1, 1.9999999999999997779553950749687, -1023];[1, 1.9999999999999995559107901499374, -1];[1, 1.9999999999999997779553950749687, -1];[1, 1.0000000000000001110223024625156, 0];[1, 1.4999999999999998334665463062265, 0];[1, 1.5707963267948963836055568338405, 1];[1, 1.9999999999999997779553950749687, 52];[1, 1.9999999999999995559107901499374, 1023];[1, 1.5999999999999999111821580299875, -4];[-1, 1.9999999999999997779553950749687, 1023];[-1, 1.5, 0];[-1, 1.0, 0];[-1, 1.9999999999999997779553950749687, -1];[1, 0.0, 0];[1, 1.0, -1074];[1, 1.0, -1022];[1, 1.9999999999999997779553950749687, -1];[1, 1.0, 0];[1, 1.0000000000000002220446049250313, 0];[1, 1.5, 0];[1, 1.5707963267948965579989817342721, 1];[1, 1.0, 53];[1, 1.9999999999999997779553950749687, 1023];[1, 1.6000000000000000888178419700125, -4];[-1, 1.0000000000000001110223024625156, 1024];[-1, 1.500000000000000333066907387547, 0];[-1, 1.0000000000000002220446049250313, 0];[-1, 1.0000000000000001110223024625156, 0];[1, 0.0, 0];[1, 1.0000000000000002220446049250313, -1074];[1, 1.0000000000000002220446049250313, -1022];[1, 1.0000000000000001110223024625156, 0];[1, 1.0000000000000002220446049250313, 0];[1, 1.0000000000000004440892098500627, 0];[1, 1.500000000000000333066907387547, 0];[1, 1.5707963267948969067858315351353, 1];[1, 1.0000000000000002220446049250313, 53];[1, 1.0000000000000001110223024625156, 1024];[1, 1.6000000000000004440892098500626, -4];[-1, 1.4999999999999998334665463062265, 1024];[-1, 1.125, 1];[-1, 1.5, 0];[-1, 1.4999999999999998334665463062265, 0];[1, 0.0, 0];[1, 1.5, -1074];[1, 1.5, -1022];[1, 1.4999999999999998334665463062265, 0];[1, 1.5, 0];[1, 1.500000000000000333066907387547, 0];[1, 1.125, 1];[1, 1.1780972450961724184992363007041, 2];[1, 1.5, 53];[1, 1.4999999999999998334665463062265, 1024];[1, 1.2000000000000000666133814775094, -3];[-1, 1.5707963267948963836055568338405, 1025];[-1, 1.1780972450961724184992363007041, 2];[-1, 1.5707963267948965579989817342721, 1];[-1, 1.5707963267948963836055568338405, 1];[1, 0.0, 0];[1, 1.5707963267948965579989817342721, -1073];[1, 1.5707963267948965579989817342721, -1021];[1, 1.5707963267948963836055568338405, 1];[1, 1.5707963267948965579989817342721, 1];[1, 1.5707963267948969067858315351353, 1];[1, 1.1780972450961724184992363007041, 2];[1, 1.233700550136169731170776688895, 3];[1, 1.5707963267948965579989817342721, 54];[1, 1.5707963267948963836055568338405, 1025];[1, 1.2566370614359173161565553475903, -2];[-1, 1.9999999999999997779553950749687, 1076];[-1, 1.5, 53];[-1, 1.0, 53];[-1, 1.9999999999999997779553950749687, 52];[1, 0.0, 0];[1, 1.0, -1021];[1, 1.0, -969];[1, 1.9999999999999997779553950749687, 52];[1, 1.0, 53];[1, 1.0000000000000002220446049250313, 53];[1, 1.5, 53];[1, 1.5707963267948965579989817342721, 54];[1, 1.0, 106];[1, 1.9999999999999997779553950749687, 1076];[1, 1.6000000000000000888178419700125, 49];[-1, 1.9999999999999995559107901499374, 2047];[-1, 1.4999999999999998334665463062265, 1024];[-1, 1.9999999999999997779553950749687, 1023];[-1, 1.9999999999999995559107901499374, 1023];[1, 0.0, 0];[1, 1.9999999999999997779553950749687, -51];[1, 1.9999999999999997779553950749687, 1];[1, 1.9999999999999995559107901499374, 1023];[1, 1.9999999999999997779553950749687, 1023];[1, 1.0000000000000001110223024625156, 1024];[1, 1.4999999999999998334665463062265, 1024];[1, 1.5707963267948963836055568338405, 1025];[1, 1.9999999999999997779553950749687, 1076];[1, 1.9999999999999995559107901499374, 2047];[1, 1.5999999999999999111821580299875, 1020];[-1, 1.5999999999999999111821580299875, 1020];[-1, 1.2000000000000000666133814775094, -3];[-1, 1.6000000000000000888178419700125, -4];[-1, 1.5999999999999999111821580299875, -4];[1, 0.0, 0];[1, 1.6000000000000000888178419700125, -1078];[1, 1.6000000000000000888178419700125, -1026];[1, 1.5999999999999999111821580299875, -4];[1, 1.6000000000000000888178419700125, -4];[1, 1.6000000000000004440892098500626, -4];[1, 1.2000000000000000666133814775094, -3];[1, 1.2566370614359173161565553475903, -2];[1, 1.6000000000000000888178419700125, 49];[1, 1.5999999999999999111821580299875, 1020];[1, 1.28000000000000014210854715202, -7]",225,0
A2_6_7,1,fractional|fractional,Rational,BigDecimal,"fractional/L1/15:-max_finite,-1.5,-1.0,-(1.0-1ulp),+0.0,+min_subnormal,+min_normal,1.0-1ulp,1.0,1.0+1ulp,1.5,pi,2^53,max_finite,0.1","fractional/L1/16:-max_finite,-1.5,-1.0,-(1.0-1ulp),-0.0,+0.0,+min_subnormal,+min_normal,1.0-1ulp,1.0,1.0+1ulp,1.5,pi,2^53,max_finite,0.1",240,"[1, 1.9999999999999995468488717650091, 2047];[1, 1.4999999999999998350141344846936, 1024];[1, 1.9999999945904939909539047630248, 1023];[1, 1.9999999999999995800188459795916, 1023];[1, 0.0, 0];[-1, 0.0, 0];[-1, 1.01201126379931257798656, -50];[-1, 1.999999999999999795218132257677, 1];[-1, 1.9999999999999995800188459795916, 1023];[-1, 1.9999999945904939909539047630248, 1023];[-1, 1.0000000000000000889776975389768, 1024];[-1, 1.4999999999999998350141344846936, 1024];[-1, 1.5707963267948963256065751019127, 1025];[-1, 1.9999999999999997800188459795915, 1076];[-1, 1.9999999999999995468488717650091, 2047];[-1, 1.5999999956723951927631238104199, 1020];[1, 1.4999999999999998266701075152916, 1024];[1, 1.125, 1];[1, 1.5, 0];[1, 1.49999999999999985, 0];[1, 0.0, 0];[-1, 0.0, 0];[-1, 1.5180168998048296376437151003919, -1074];[-1, 1.5000000000000000113994647085641, -1022];[-1, 1.49999999999999985, 0];[-1, 1.5, 0];[-1, 1.5000000000000003, 0];[-1, 1.125, 1];[-1, 1.178097245096172375, 2];[-1, 1.5, 53];[-1, 1.4999999999999998266701075152916, 1024];[-1, 1.2, -3];[1, 1.9999999999999997688934766870555, 1023];[1, 1.5, 0];[1, 1.0, 0];[1, 1.9999999999999998, -1];[1, 0.0, 0];[-1, 0.0, 0];[-1, 1.0120112665365530917624767335946, -1074];[-1, 1.0000000000000000075996431390427, -1022];[-1, 1.9999999999999998, -1];[-1, 1.0, 0];[-1, 1.0000000000000002, 0];[-1, 1.5, 0];[-1, 1.5707963267948965, 1];[-1, 1.0, 53];[-1, 1.9999999999999997688934766870555, 1023];[-1, 1.6, -4];[1, 1.9999999999999995468488717610555, 1023];[1, 1.4999999999999998335, 0];[1, 1.0, 0];[1, 1.999999999999999578, -1];[1, 0.0, 0];[-1, 0.0, 0];[-1, 1.0120112665365530917624767335946, -1074];[-1, 1.9999999999999997931992862780855, -1023];[-1, 1.999999999999999578, -1];[-1, 1.0, 0];[-1, 1.000000000000000088977697537, 0];[-1, 1.4999999999999998335, 0];[-1, 1.5707963267948963256065750988076, 1];[-1, 1.999999999999999778, 52];[-1, 1.9999999999999995468488717610555, 1023];[-1, 1.6, -4];[-1, 0.0, 0];[-1, 0.0, 0];[-1, 0.0, 0];[-1, 0.0, 0];[-1, 0.0, 0];[1, 0.0, 0];[1, 0.0, 0];[1, 0.0, 0];[1, 0.0, 0];[1, 0.0, 0];[1, 0.0, 0];[1, 0.0, 0];[1, 0.0, 0];[1, 0.0, 0];[1, 0.0, 0];[1, 0.0, 0];[-1, 1.999999999999999768893476687589, -51];[-1, 1.4999999999999999994639311768958, -1074];[-1, 1.0000000003213205717898506918868, -1074];[-1, 1.9999999999999997992852415691944, -1075];[-1, 0.0, 0];[1, 0.0, 0];[1, 1.0120112668617331305837729644826, -2148];[1, 1.0000000000000000072422639236399, -2096];[1, 1.9999999999999997992852415691944, -1075];[1, 1.0000000003213205717898506918868, -1074];[1, 1.0000000000000002000000000002667, -1074];[1, 1.4999999999999999994639311768958, -1074];[1, 1.570796326794896500000000000419, -1073];[1, 1.9999999999999999992852415691944, -1022];[1, 1.999999999999999768893476687589, -51];[1, 1.6000000005141129148637611070188, -1078];[-1, 1.9999999999999997688934766894533, 1];[-1, 1.4999999999999999979167661970967, -1022];[-1, 1.0000000006708984563376622339967, -1022];[-1, 1.9999999999999997972223549294623, -1023];[-1, 0.0, 0];[1, 0.0, 0];[1, 1.0120112672155098882781726555087, -2096];[1, 1.0000000000000000062108206037739, -2044];[1, 1.9999999999999997972223549294623, -1023];[1, 1.0000000006708984563376622339967, -1022];[1, 1.0000000000000002000000000011989, -1022];[1, 1.4999999999999999979167661970967, -1022];[1, 1.5707963267948965000000000018832, -1021];[1, 1.9999999999999999972223549294623, -970];[1, 1.9999999999999997688934766894533, 1];[1, 1.6000000010734375301402595743948, -1026];[-1, 1.9999999999999995468488717610555, 1023];[-1, 1.4999999999999998335, 0];[-1, 1.0, 0];[-1, 1.999999999999999578, -1];[-1, 0.0, 0];[1, 0.0, 0];[1, 1.0120112665365530917624767335946, -1074];[1, 1.9999999999999997931992862780855, -1023];[1, 1.999999999999999578, -1];[1, 1.0, 0];[1, 1.000000000000000088977697537, 0];[1, 1.4999999999999998335, 0];[1, 1.5707963267948963256065750988076, 1];[1, 1.999999999999999778, 52];[1, 1.9999999999999995468488717610555, 1023];[1, 1.6, -4];[-1, 1.9999999999999997688934766870555, 1023];[-1, 1.5, 0];[-1, 1.0, 0];[-1, 1.9999999999999998, -1];[-1, 0.0, 0];[1, 0.0, 0];[1, 1.0120112665365530917624767335946, -1074];[1, 1.0000000000000000075996431390427, -1022];[1, 1.9999999999999998, -1];[1, 1.0, 0];[1, 1.0000000000000002, 0];[1, 1.5, 0];[1, 1.5707963267948965, 1];[1, 1.0, 53];[1, 1.9999999999999997688934766870555, 1023];[1, 1.6, -4];[-1, 1.0000000000000001064913432735277, 1024];[-1, 1.50000000000000033, 0];[-1, 1.0, 0];[-1, 1.00000000000000012, 0];[-1, 0.0, 0];[1, 0.0, 0];[1, 1.0120112665365530917624767335946, -1074];[1, 1.0000000000000002275996431390427, -1022];[1, 1.00000000000000012, 0];[1, 1.0, 0];[1, 1.00000000000000042204460493, 0];[1, 1.50000000000000033, 0];[1, 1.570796326794896848786849808668, 1];[1, 1.00000000000000022, 53];[1, 1.0000000000000001064913432735277, 1024];[1, 1.6, -4];[-1, 1.4999999999999998266701075152916, 1024];[-1, 1.125, 1];[-1, 1.5, 0];[-1, 1.49999999999999985, 0];[-1, 0.0, 0];[1, 0.0, 0];[1, 1.5180168998048296376437151003919, -1074];[1, 1.5000000000000000113994647085641, -1022];[1, 1.49999999999999985, 0];[1, 1.5, 0];[1, 1.5000000000000003, 0];[1, 1.125, 1];[1, 1.178097245096172375, 2];[1, 1.5, 53];[1, 1.4999999999999998266701075152916, 1024];[1, 1.2, -3];[-1, 1.5707963267948963764883427758438, 1025];[-1, 1.17809724509617242, 2];[-1, 1.570796325, 1];[-1, 1.5707963267948964029203673205103, 1];[-1, 0.0, 0];[1, 0.0, 0];[1, 1.5896635783342130747078862260284, -1073];[1, 1.5707963267948965719374915277604, -1021];[1, 1.5707963267948964029203673205103, 1];[1, 1.570796325, 1];[1, 1.5707963267948968721582470939793, 1];[1, 1.17809724509617242, 2];[1, 1.2337005501361696856184829564473, 3];[1, 1.57079632679489656, 54];[1, 1.5707963267948963764883427758438, 1025];[1, 1.25663706, -2];[-1, 1.9999999999999997688934766870555, 1076];[-1, 1.5, 53];[-1, 1.9999999989472883044072659686208, 52];[-1, 1.9999999999999998, 52];[-1, 0.0, 0];[1, 0.0, 0];[1, 1.0120112660038750435851541823435, -1021];[1, 1.0000000000000000075996431390427, -969];[1, 1.9999999999999998, 52];[1, 1.9999999989472883044072659686208, 52];[1, 1.0000000000000002, 53];[1, 1.5, 53];[1, 1.5707963267948965, 54];[1, 1.0, 106];[1, 1.9999999999999997688934766870555, 1076];[1, 1.5999999991578306435258127748966, 49];[-1, 1.9999999999999995468488717650091, 2047];[-1, 1.4999999999999998350141344846936, 1024];[-1, 1.9999999945904939909539047630248, 1023];[-1, 1.9999999999999995800188459795916, 1023];[-1, 0.0, 0];[1, 0.0, 0];[1, 1.01201126379931257798656, -50];[1, 1.999999999999999795218132257677, 1];[1, 1.9999999999999995800188459795916, 1023];[1, 1.9999999945904939909539047630248, 1023];[1, 1.0000000000000000889776975389768, 1024];[1, 1.4999999999999998350141344846936, 1024];[1, 1.5707963267948963256065751019127, 1025];[1, 1.9999999999999997800188459795915, 1076];[1, 1.9999999999999995468488717650091, 2047];[1, 1.5999999956723951927631238104199, 1020];[-1, 1.5999999999999999039326233176444, 1020];[-1, 1.200000000000000072, -3];[-1, 1.6, -4];[-1, 1.599999999999999936, -4];[-1, 0.0, 0];[1, 0.0, 0];[1, 1.6192180264584849468199627737513, -1078];[1, 1.6000000000000001081594290224684, -1026];[1, 1.599999999999999936, -4];[1, 1.6, -4];[1, 1.600000000000000408817841968, -4];[1, 1.200000000000000072, -3];[1, 1.256637061435917269757369958592, -2];[1, 1.600000000000000096, 49];[1, 1.5999999999999999039326233176444, 1020];[1, 1.28, -7]",240,0
A2_7_1,1,fractional|truth,BigDecimal,TrueFalse,"fractional/L1/16:-max_finite,-1.5,-1.0,-(1.0-1ulp),-0.0,+0.0,+min_subnormal,+min_normal,1.0-1ulp,1.0,1.0+1ulp,1.5,pi,2^53,max_finite,0.1","truth/L1/6:true,false,0,1,"""",nil",96,"RAISE:TypeError;RAISE:TypeError;[-1, 0.0, 0];[-1, 1.9999999999999997688934766870555, 1023];RAISE:TypeError;RAISE:TypeError;RAISE:TypeError;RAISE:TypeError;[-1, 0.0, 0];[-1, 1.5, 0];RAISE:TypeError;RAISE:TypeError;RAISE:TypeError;RAISE:TypeError;[-1, 0.0, 0];[-1, 1.0, 0];RAISE:TypeError;RAISE:TypeError;RAISE:TypeError;RAISE:TypeError;[-1, 0.0, 0];[-1, 1.9999999999999998, -1];RAISE:TypeError;RAISE:TypeError;RAISE:TypeError;RAISE:TypeError;[-1, 0.0, 0];[-1, 0.0, 0];RAISE:TypeError;RAISE:TypeError;RAISE:TypeError;RAISE:TypeError;[1, 0.0, 0];[1, 0.0, 0];RAISE:TypeError;RAISE:TypeError;RAISE:TypeError;RAISE:TypeError;[1, 0.0, 0];[1, 1.0120112665365530917624767335946, -1074];RAISE:TypeError;RAISE:TypeError;RAISE:TypeError;RAISE:TypeError;[1, 0.0, 0];[1, 1.0000000000000000075996431390427, -1022];RAISE:TypeError;RAISE:TypeError;RAISE:TypeError;RAISE:TypeError;[1, 0.0, 0];[1, 1.9999999999999998, -1];RAISE:TypeError;RAISE:TypeError;RAISE:TypeError;RAISE:TypeError;[1, 0.0, 0];[1, 1.0, 0];RAISE:TypeError;RAISE:TypeError;RAISE:TypeError;RAISE:TypeError;[1, 0.0, 0];[1, 1.0000000000000002, 0];RAISE:TypeError;RAISE:TypeError;RAISE:TypeError;RAISE:TypeError;[1, 0.0, 0];[1, 1.5, 0];RAISE:TypeError;RAISE:TypeError;RAISE:TypeError;RAISE:TypeError;[1, 0.0, 0];[1, 1.5707963267948965, 1];RAISE:TypeError;RAISE:TypeError;RAISE:TypeError;RAISE:TypeError;[1, 0.0, 0];[1, 1.0, 53];RAISE:TypeError;RAISE:TypeError;RAISE:TypeError;RAISE:TypeError;[1, 0.0, 0];[1, 1.9999999999999997688934766870555, 1023];RAISE:TypeError;RAISE:TypeError;RAISE:TypeError;RAISE:TypeError;[1, 0.0, 0];[1, 1.6, -4];RAISE:TypeError;RAISE:TypeError",32,64
A2_7_2,1,fractional|whole,BigDecimal,Integer,"fractional/L1/16:-max_finite,-1.5,-1.0,-(1.0-1ulp),-0.0,+0.0,+min_subnormal,+min_normal,1.0-1ulp,1.0,1.0+1ulp,1.5,pi,2^53,max_finite,0.1","whole/L1/17:-2^63,-2^63+1,-2^53-1,-2^31,-42,-1,0,1,7,42,1000,2^31-1,2^31,2^53-1,2^53+1,2^63-1,2^64-1",272,"[1, 1.9999999999999997688934766870555, 1086];[1, 1.9999999999999997686766362525584, 1086];[1, 1.9999999999999999909380816120868, 1076];[1, 1.9999999999999997688934766870555, 1054];[1, 1.3124999999999998483363440758802, 1029];[1, 1.9999999999999997688934766870555, 1023];[-1, 0.0, 0];[-1, 1.9999999999999997688934766870555, 1023];[-1, 1.7499999999999997977817921011736, 1026];[-1, 1.3124999999999998483363440758802, 1029];[-1, 1.9531249999999997743100358272027, 1033];[-1, 1.9999999990686771942779982790479, 1054];[-1, 1.9999999999999997688934766870555, 1054];[-1, 1.9999999999999995468488717620242, 1076];[-1, 1.9999999999999999909380816120868, 1076];[-1, 1.9999999999999997686766362525584, 1086];[-1, 1.999999999999999768785056469807, 1087];[1, 1.5, 63];[1, 1.4999999999999999998373696741272, 63];[1, 1.5000000000000001665334536937735, 53];[1, 1.5, 31];[1, 1.96875, 5];[1, 1.5, 0];[-1, 0.0, 0];[-1, 1.5, 0];[-1, 1.3125, 3];[-1, 1.96875, 5];[-1, 1.46484375, 10];[-1, 1.4999999993015080690383911132812, 31];[-1, 1.5, 31];[-1, 1.4999999999999998334665463062265, 53];[-1, 1.5000000000000001665334536937735, 53];[-1, 1.4999999999999999998373696741272, 63];[-1, 1.4999999999999999999186848370636, 64];[1, 1.0, 63];[1, 1.9999999999999999997831595655029, 62];[1, 1.0000000000000001110223024625157, 53];[1, 1.0, 31];[1, 1.3125, 5];[1, 1.0, 0];[-1, 0.0, 0];[-1, 1.0, 0];[-1, 1.75, 2];[-1, 1.3125, 5];[-1, 1.953125, 9];[-1, 1.999999999068677425384521484375, 30];[-1, 1.0, 31];[-1, 1.9999999999999997779553950749687, 52];[-1, 1.0000000000000001110223024625157, 53];[-1, 1.9999999999999999997831595655029, 62];[-1, 1.9999999999999999998915797827514, 63];[1, 1.9999999999999998, 62];[1, 1.9999999999999997997831595655029, 62];[1, 1.0000000000000000110223024625156, 53];[1, 1.9999999999999998, 30];[1, 1.31249999999999986875, 5];[1, 1.9999999999999998, -1];[-1, 0.0, 0];[-1, 1.9999999999999998, -1];[-1, 1.749999999999999825, 2];[-1, 1.31249999999999986875, 5];[-1, 1.9531249999999998046875, 9];[-1, 1.9999999990686772253845215775073, 30];[-1, 1.9999999999999998, 30];[-1, 1.9999999999999995779553950749687, 52];[-1, 1.0000000000000000110223024625156, 53];[-1, 1.9999999999999997997831595655029, 62];[-1, 1.9999999999999997998915797827514, 63];[1, 0.0, 0];[1, 0.0, 0];[1, 0.0, 0];[1, 0.0, 0];[1, 0.0, 0];[1, 0.0, 0];[-1, 0.0, 0];[-1, 0.0, 0];[-1, 0.0, 0];[-1, 0.0, 0];[-1, 0.0, 0];[-1, 0.0, 0];[-1, 0.0, 0];[-1, 0.0, 0];[-1, 0.0, 0];[-1, 0.0, 0];[-1, 0.0, 0];[-1, 0.0, 0];[-1, 0.0, 0];[-1, 0.0, 0];[-1, 0.0, 0];[-1, 0.0, 0];[-1, 0.0, 0];[1, 0.0, 0];[1, 0.0, 0];[1, 0.0, 0];[1, 0.0, 0];[1, 0.0, 0];[1, 0.0, 0];[1, 0.0, 0];[1, 0.0, 0];[1, 0.0, 0];[1, 0.0, 0];[1, 0.0, 0];[-1, 1.0120112665365530917624767335946, -1011];[-1, 1.0120112665365530916527542522187, -1011];[-1, 1.0120112665365532041182976624893, -1021];[-1, 1.0120112665365530917624767335946, -1043];[-1, 1.3282647873292259329382507128429, -1069];[-1, 1.0120112665365530917624767335946, -1074];[1, 0.0, 0];[1, 1.0120112665365530917624767335946, -1074];[1, 1.7710197164389679105843342837905, -1072];[1, 1.3282647873292259329382507128429, -1069];[1, 1.9765845049542052573485873703019, -1065];[1, 1.0120112660652986226171297922788, -1043];[1, 1.0120112665365530917624767335946, -1043];[1, 1.0120112665365529794066558046998, -1021];[1, 1.0120112665365532041182976624893, -1021];[1, 1.0120112665365530916527542522187, -1011];[1, 1.0120112665365530917076154929066, -1010];[-1, 1.0000000000000000075996431390427, -959];[-1, 1.0000000000000000074912229217942, -959];[-1, 1.0000000000000001186219456015584, -969];[-1, 1.0000000000000000075996431390427, -991];[-1, 1.3125000000000000099745316199936, -1017];[-1, 1.0000000000000000075996431390427, -1022];[1, 0.0, 0];[1, 1.0000000000000000075996431390427, -1022];[1, 1.7500000000000000132993754933248, -1020];[1, 1.3125000000000000099745316199936, -1017];[1, 1.9531250000000000148430530059428, -1013];[1, 1.9999999990686774405838077553827, -992];[1, 1.0000000000000000075996431390427, -991];[1, 1.9999999999999997931546813530542, -970];[1, 1.0000000000000001186219456015584, -969];[1, 1.0000000000000000074912229217942, -959];[1, 1.0000000000000000075454330304185, -958];[-1, 1.9999999999999998, 62];[-1, 1.9999999999999997997831595655029, 62];[-1, 1.0000000000000000110223024625156, 53];[-1, 1.9999999999999998, 30];[-1, 1.31249999999999986875, 5];[-1, 1.9999999999999998, -1];[1, 0.0, 0];[1, 1.9999999999999998, -1];[1, 1.749999999999999825, 2];[1, 1.31249999999999986875, 5];[1, 1.9531249999999998046875, 9];[1, 1.9999999990686772253845215775073, 30];[1, 1.9999999999999998, 30];[1, 1.9999999999999995779553950749687, 52];[1, 1.0000000000000000110223024625156, 53];[1, 1.9999999999999997997831595655029, 62];[1, 1.9999999999999997998915797827514, 63];[-1, 1.0, 63];[-1, 1.9999999999999999997831595655029, 62];[-1, 1.0000000000000001110223024625157, 53];[-1, 1.0, 31];[-1, 1.3125, 5];[-1, 1.0, 0];[1, 0.0, 0];[1, 1.0, 0];[1, 1.75, 2];[1, 1.3125, 5];[1, 1.953125, 9];[1, 1.999999999068677425384521484375, 30];[1, 1.0, 31];[1, 1.9999999999999997779553950749687, 52];[1, 1.0000000000000001110223024625157, 53];[1, 1.9999999999999999997831595655029, 62];[1, 1.9999999999999999998915797827514, 63];[-1, 1.0000000000000002, 63];[-1, 1.0000000000000001998915797827514, 63];[-1, 1.0000000000000003110223024625157, 53];[-1, 1.0000000000000002, 31];[-1, 1.3125000000000002625, 5];[-1, 1.0000000000000002, 0];[1, 0.0, 0];[1, 1.0000000000000002, 0];[1, 1.75000000000000035, 2];[1, 1.3125000000000002625, 5];[1, 1.953125000000000390625, 9];[1, 1.9999999990686778253845212981105, 30];[1, 1.0000000000000002, 31];[1, 1.0000000000000000889776975374843, 53];[1, 1.0000000000000003110223024625157, 53];[1, 1.0000000000000001998915797827514, 63];[1, 1.0000000000000001999457898913757, 64];[-1, 1.5, 63];[-1, 1.4999999999999999998373696741272, 63];[-1, 1.5000000000000001665334536937735, 53];[-1, 1.5, 31];[-1, 1.96875, 5];[-1, 1.5, 0];[1, 0.0, 0];[1, 1.5, 0];[1, 1.3125, 3];[1, 1.96875, 5];[1, 1.46484375, 10];[1, 1.4999999993015080690383911132812, 31];[1, 1.5, 31];[1, 1.4999999999999998334665463062265, 53];[1, 1.5000000000000001665334536937735, 53];[1, 1.4999999999999999998373696741272, 63];[1, 1.4999999999999999999186848370636, 64];[-1, 1.5707963267948965, 64];[-1, 1.5707963267948964998296939209957, 64];[-1, 1.5707963267948966743934249004316, 54];[-1, 1.5707963267948965, 32];[-1, 1.030835089459150828125, 7];[-1, 1.5707963267948965, 1];[1, 0.0, 0];[1, 1.5707963267948965, 1];[1, 1.3744467859455344375, 4];[1, 1.030835089459150828125, 7];[1, 1.53398078788564111328125, 11];[1, 1.5707963260634374603664202149957, 32];[1, 1.5707963267948965, 32];[1, 1.5707963267948963256065750995684, 54];[1, 1.5707963267948966743934249004316, 54];[1, 1.5707963267948964998296939209957, 64];[1, 1.5707963267948964999148469604978, 65];[-1, 1.0, 116];[-1, 1.9999999999999999997831595655029, 115];[-1, 1.0000000000000001110223024625157, 106];[-1, 1.0, 84];[-1, 1.3125, 58];[-1, 1.0, 53];[1, 0.0, 0];[1, 1.0, 53];[1, 1.75, 55];[1, 1.3125, 58];[1, 1.953125, 62];[1, 1.999999999068677425384521484375, 83];[1, 1.0, 84];[1, 1.9999999999999997779553950749687, 105];[1, 1.0000000000000001110223024625157, 106];[1, 1.9999999999999999997831595655029, 115];[1, 1.9999999999999999998915797827514, 116];[-1, 1.9999999999999997688934766870555, 1086];[-1, 1.9999999999999997686766362525584, 1086];[-1, 1.9999999999999999909380816120868, 1076];[-1, 1.9999999999999997688934766870555, 1054];[-1, 1.3124999999999998483363440758802, 1029];[-1, 1.9999999999999997688934766870555, 1023];[1, 0.0, 0];[1, 1.9999999999999997688934766870555, 1023];[1, 1.7499999999999997977817921011736, 1026];[1, 1.3124999999999998483363440758802, 1029];[1, 1.9531249999999997743100358272027, 1033];[1, 1.9999999990686771942779982790479, 1054];[1, 1.9999999999999997688934766870555, 1054];[1, 1.9999999999999995468488717620242, 1076];[1, 1.9999999999999999909380816120868, 1076];[1, 1.9999999999999997686766362525584, 1086];[1, 1.999999999999999768785056469807, 1087];[-1, 1.6, 59];[-1, 1.5999999999999999998265276524023, 59];[-1, 1.600000000000000177635683940025, 49];[-1, 1.6, 27];[-1, 1.05, 2];[-1, 1.6, -4];[1, 0.0, 0];[1, 1.6, -4];[1, 1.4, -1];[1, 1.05, 2];[1, 1.5625, 6];[1, 1.5999999992549419403076171875, 27];[1, 1.6, 27];[1, 1.599999999999999822364316059975, 49];[1, 1.600000000000000177635683940025, 49];[1, 1.5999999999999999998265276524023, 59];[1, 1.5999999999999999999132638262012, 60]",272,0
A2_7_3,1,fractional|whole,BigDecimal,Rational,"fractional/L1/16:-max_finite,-1.5,-1.0,-(1.0-1ulp),-0.0,+0.0,+min_subnormal,+min_normal,1.0-1ulp,1.0,1.0+1ulp,1.5,pi,2^53,max_finite,0.1","whole/L1/17:-2^63,-2^63+1,-2^53-1,-2^31,-42,-1,0,1,7,42,1000,2^31-1,2^31,2^53-1,2^53+1,2^63-1,2^64-1",272,"[1, 1.9999999999999997688934766870555, 1086];[1, 1.9999999999999997686766362525584, 1086];[1, 1.9999999999999999909380816120868, 1076];[1, 1.9999999999999997688934766870555, 1054];[1, 1.3124999999999998483363440758802, 1029];[1, 1.9999999999999997688934766870555, 1023];[-1, 0.0, 0];[-1, 1.9999999999999997688934766870555, 1023];[-1, 1.7499999999999997977817921011736, 1026];[-1, 1.3124999999999998483363440758802, 1029];[-1, 1.9531249999999997743100358272027, 1033];[-1, 1.9999999990686771942779982790479, 1054];[-1, 1.9999999999999997688934766870555, 1054];[-1, 1.9999999999999995468488717620242, 1076];[-1, 1.9999999999999999909380816120868, 1076];[-1, 1.9999999999999997686766362525584, 1086];[-1, 1.999999999999999768785056469807, 1087];[1, 1.5000000000000000003252606517457, 63];[1, 1.5000000000000000003252606517457, 63];[1, 1.5000000000000001665334536937735, 53];[1, 1.5, 31];[1, 1.96875, 5];[1, 1.5, 0];[-1, 0.0, 0];[-1, 1.5, 0];[-1, 1.3125, 3];[-1, 1.96875, 5];[-1, 1.46484375, 10];[-1, 1.4999999993015080690383911132812, 31];[-1, 1.5, 31];[-1, 1.4999999999999998334665463062265, 53];[-1, 1.5000000000000001665334536937735, 53];[-1, 1.5000000000000000003252606517457, 63];[-1, 1.4999999999999999986989573930174, 64];[1, 1.0000000003410058901920365315164, 63];[1, 1.0000000003410058901920365315164, 63];[1, 1.9999999989472883044072659686208, 52];[1, 1.000000000931322574615478515625, 31];[1, 1.3125, 5];[1, 1.0, 0];[-1, 0.0, 0];[-1, 1.0, 0];[-1, 1.75, 2];[-1, 1.3125, 5];[-1, 1.953125, 9];[-1, 1.000000000931322574615478515625, 31];[-1, 1.000000000931322574615478515625, 31];[-1, 1.9999999989472883044072659686208, 52];[-1, 1.9999999989472883044072659686208, 52];[-1, 1.0000000003410058901920365315164, 63];[-1, 1.0000000014252080626775409655238, 64];[1, 1.9999999999999998004336808689942, 62];[1, 1.9999999999999998004336808689942, 62];[1, 1.0000000000000000110223024625156, 53];[1, 1.9999999999999998, 30];[1, 1.31249999999999986875, 5];[1, 1.9999999999999998, -1];[-1, 0.0, 0];[-1, 1.9999999999999998, -1];[-1, 1.749999999999999825, 2];[-1, 1.31249999999999986875, 5];[-1, 1.9531249999999998046875, 9];[-1, 1.9999999990686772253845215775073, 30];[-1, 1.9999999999999998, 30];[-1, 1.9999999999999995779553950749687, 52];[-1, 1.0000000000000000110223024625156, 53];[-1, 1.9999999999999998004336808689942, 62];[-1, 1.9999999999999997982652765240232, 63];[1, 0.0, 0];[1, 0.0, 0];[1, 0.0, 0];[1, 0.0, 0];[1, 0.0, 0];[1, 0.0, 0];[-1, 0.0, 0];[-1, 0.0, 0];[-1, 0.0, 0];[-1, 0.0, 0];[-1, 0.0, 0];[-1, 0.0, 0];[-1, 0.0, 0];[-1, 0.0, 0];[-1, 0.0, 0];[-1, 0.0, 0];[-1, 0.0, 0];[-1, 0.0, 0];[-1, 0.0, 0];[-1, 0.0, 0];[-1, 0.0, 0];[-1, 0.0, 0];[-1, 0.0, 0];[1, 0.0, 0];[1, 0.0, 0];[1, 0.0, 0];[1, 0.0, 0];[1, 0.0, 0];[1, 0.0, 0];[1, 0.0, 0];[1, 0.0, 0];[1, 0.0, 0];[1, 0.0, 0];[1, 0.0, 0];[-1, 1.0120112668816548945921443716645, -1011];[-1, 1.0120112668816548945921443716645, -1011];[-1, 1.0120112660038750435851541823435, -1021];[-1, 1.0120112674790620300531706162262, -1043];[-1, 1.3282647873292259329382507128429, -1069];[-1, 1.0120112665365530917624767335946, -1074];[1, 0.0, 0];[1, 1.0120112665365530917624767335946, -1074];[1, 1.7710197164389679105843342837905, -1072];[1, 1.3282647873292259329382507128429, -1069];[1, 1.9765845049542052573485873703019, -1065];[1, 1.0120112674790620300531706162262, -1043];[1, 1.0120112674790620300531706162262, -1043];[1, 1.0120112660038750435851541823435, -1021];[1, 1.0120112660038750435851541823435, -1021];[1, 1.0120112668816548945921443716645, -1011];[1, 1.0120112679788797083508821083156, -1010];[-1, 1.0000000000000000078164835735398, -959];[-1, 1.0000000000000000078164835735398, -959];[-1, 1.0000000000000001186219456015584, -969];[-1, 1.0000000000000000075996431390427, -991];[-1, 1.3125000000000000099745316199936, -1017];[-1, 1.0000000000000000075996431390427, -1022];[1, 0.0, 0];[1, 1.0000000000000000075996431390427, -1022];[1, 1.7500000000000000132993754933248, -1020];[1, 1.3125000000000000099745316199936, -1017];[1, 1.9531250000000000148430530059428, -1013];[1, 1.9999999990686774405838077553827, -992];[1, 1.0000000000000000075996431390427, -991];[1, 1.9999999999999997931546813530542, -970];[1, 1.0000000000000001186219456015584, -969];[1, 1.0000000000000000078164835735398, -959];[1, 1.0000000000000000067322814010543, -958];[-1, 1.9999999999999998004336808689942, 62];[-1, 1.9999999999999998004336808689942, 62];[-1, 1.0000000000000000110223024625156, 53];[-1, 1.9999999999999998, 30];[-1, 1.31249999999999986875, 5];[-1, 1.9999999999999998, -1];[1, 0.0, 0];[1, 1.9999999999999998, -1];[1, 1.749999999999999825, 2];[1, 1.31249999999999986875, 5];[1, 1.9531249999999998046875, 9];[1, 1.9999999990686772253845215775073, 30];[1, 1.9999999999999998, 30];[1, 1.9999999999999995779553950749687, 52];[1, 1.0000000000000000110223024625156, 53];[1, 1.9999999999999998004336808689942, 62];[1, 1.9999999999999997982652765240232, 63];[-1, 1.0000000003410058901920365315164, 63];[-1, 1.0000000003410058901920365315164, 63];[-1, 1.9999999989472883044072659686208, 52];[-1, 1.000000000931322574615478515625, 31];[-1, 1.3125, 5];[-1, 1.0, 0];[1, 0.0, 0];[1, 1.0, 0];[1, 1.75, 2];[1, 1.3125, 5];[1, 1.953125, 9];[1, 1.000000000931322574615478515625, 31];[1, 1.000000000931322574615478515625, 31];[1, 1.9999999989472883044072659686208, 52];[1, 1.9999999989472883044072659686208, 52];[1, 1.0000000003410058901920365315164, 63];[1, 1.0000000014252080626775409655238, 64];[-1, 1.0000000000000002, 63];[-1, 1.0000000000000001998915797827514, 63];[-1, 1.0000000000000003110223024625157, 53];[-1, 1.0000000000000002, 31];[-1, 1.3125000000000002625, 5];[-1, 1.0000000000000002, 0];[1, 0.0, 0];[1, 1.0000000000000002, 0];[1, 1.75000000000000035, 2];[1, 1.3125000000000002625, 5];[1, 1.953125000000000390625, 9];[1, 1.9999999990686778253845212981105, 30];[1, 1.0000000000000002, 31];[1, 1.0000000000000000889776975374843, 53];[1, 1.0000000000000003110223024625157, 53];[1, 1.0000000000000001998915797827514, 63];[1, 1.0000000000000001999457898913757, 64];[-1, 1.5000000000000000003252606517457, 63];[-1, 1.5000000000000000003252606517457, 63];[-1, 1.5000000000000001665334536937735, 53];[-1, 1.5, 31];[-1, 1.96875, 5];[-1, 1.5, 0];[1, 0.0, 0];[1, 1.5, 0];[1, 1.3125, 3];[1, 1.96875, 5];[1, 1.46484375, 10];[1, 1.4999999993015080690383911132812, 31];[1, 1.5, 31];[1, 1.4999999999999998334665463062265, 53];[1, 1.5000000000000001665334536937735, 53];[1, 1.5000000000000000003252606517457, 63];[1, 1.4999999999999999986989573930174, 64];[-1, 1.5707963267948965, 64];[-1, 1.5707963267948964998296939209957, 64];[-1, 1.5707963267948966743934249004316, 54];[-1, 1.5707963267948965, 32];[-1, 1.030835089459150828125, 7];[-1, 1.5707963267948965, 1];[1, 0.0, 0];[1, 1.5707963267948965, 1];[1, 1.3744467859455344375, 4];[1, 1.030835089459150828125, 7];[1, 1.53398078788564111328125, 11];[1, 1.5707963260634374603664202149957, 32];[1, 1.5707963267948965, 32];[1, 1.5707963267948963256065750995684, 54];[1, 1.5707963267948966743934249004316, 54];[1, 1.5707963267948964998296939209957, 64];[1, 1.5707963267948964999148469604978, 65];[-1, 1.0000000000000000002168404344971, 116];[-1, 1.0000000000000000002168404344971, 116];[-1, 1.0000000000000001110223024625157, 106];[-1, 1.0, 84];[-1, 1.3125, 58];[-1, 1.0, 53];[1, 0.0, 0];[1, 1.0, 53];[1, 1.75, 55];[1, 1.3125, 58];[1, 1.953125, 62];[1, 1.999999999068677425384521484375, 83];[1, 1.0, 84];[1, 1.9999999999999997779553950749687, 105];[1, 1.0000000000000001110223024625157, 106];[1, 1.0000000000000000002168404344971, 116];[1, 1.9999999999999999982652765240232, 116];[-1, 1.9999999999999997688934766870555, 1086];[-1, 1.9999999999999997686766362525584, 1086];[-1, 1.9999999999999999909380816120868, 1076];[-1, 1.9999999999999997688934766870555, 1054];[-1, 1.3124999999999998483363440758802, 1029];[-1, 1.9999999999999997688934766870555, 1023];[1, 0.0, 0];[1, 1.9999999999999997688934766870555, 1023];[1, 1.7499999999999997977817921011736, 1026];[1, 1.3124999999999998483363440758802, 1029];[1, 1.9531249999999997743100358272027, 1033];[1, 1.9999999990686771942779982790479, 1054];[1, 1.9999999999999997688934766870555, 1054];[1, 1.9999999999999995468488717620242, 1076];[1, 1.9999999999999999909380816120868, 1076];[1, 1.9999999999999997686766362525584, 1086];[1, 1.999999999999999768785056469807, 1087];[-1, 1.6000000005456094243072584504262, 59];[-1, 1.6000000005456094243072584504262, 59];[-1, 1.5999999991578306435258127748966, 49];[-1, 1.600000001490116119384765625, 27];[-1, 1.05, 2];[-1, 1.6, -4];[1, 0.0, 0];[1, 1.6, -4];[1, 1.4, -1];[1, 1.05, 2];[1, 1.5625, 6];[1, 1.600000001490116119384765625, 27];[1, 1.600000001490116119384765625, 27];[1, 1.5999999991578306435258127748966, 49];[1, 1.5999999991578306435258127748966, 49];[1, 1.6000000005456094243072584504262, 59];[1, 1.6000000022803329002840655448381, 60]",272,0
A2_7_4,1,fractional|whole,BigDecimal,BigDecimal,"fractional/L1/16:-max_finite,-1.5,-1.0,-(1.0-1ulp),-0.0,+0.0,+min_subnormal,+min_normal,1.0-1ulp,1.0,1.0+1ulp,1.5,pi,2^53,max_finite,0.1","whole/L1/17:-2^63,-2^63+1,-2^53-1,-2^31,-42,-1,0,1,7,42,1000,2^31-1,2^31,2^53-1,2^53+1,2^63-1,2^64-1",272,"[1, 1.9999999999999997688934766870555, 1086];[1, 1.9999999999999997686766362525584, 1086];[1, 1.9999999999999999909380816120868, 1076];[1, 1.9999999999999997688934766870555, 1054];[1, 1.3124999999999998483363440758802, 1029];[1, 1.9999999999999997688934766870555, 1023];[-1, 0.0, 0];[-1, 1.9999999999999997688934766870555, 1023];[-1, 1.7499999999999997977817921011736, 1026];[-1, 1.3124999999999998483363440758802, 1029];[-1, 1.9531249999999997743100358272027, 1033];[-1, 1.9999999990686771942779982790479, 1054];[-1, 1.9999999999999997688934766870555, 1054];[-1, 1.9999999999999995468488717620242, 1076];[-1, 1.9999999999999999909380816120868, 1076];[-1, 1.9999999999999997686766362525584, 1086];[-1, 1.999999999999999768785056469807, 1087];[1, 1.5, 63];[1, 1.4999999999999999998373696741272, 63];[1, 1.5000000000000001665334536937735, 53];[1, 1.5, 31];[1, 1.96875, 5];[1, 1.5, 0];[-1, 0.0, 0];[-1, 1.5, 0];[-1, 1.3125, 3];[-1, 1.96875, 5];[-1, 1.46484375, 10];[-1, 1.4999999993015080690383911132812, 31];[-1, 1.5, 31];[-1, 1.4999999999999998334665463062265, 53];[-1, 1.5000000000000001665334536937735, 53];[-1, 1.4999999999999999998373696741272, 63];[-1, 1.4999999999999999999186848370636, 64];[1, 1.0, 63];[1, 1.9999999999999999997831595655029, 62];[1, 1.0000000000000001110223024625157, 53];[1, 1.0, 31];[1, 1.3125, 5];[1, 1.0, 0];[-1, 0.0, 0];[-1, 1.0, 0];[-1, 1.75, 2];[-1, 1.3125, 5];[-1, 1.953125, 9];[-1, 1.999999999068677425384521484375, 30];[-1, 1.0, 31];[-1, 1.9999999999999997779553950749687, 52];[-1, 1.0000000000000001110223024625157, 53];[-1, 1.9999999999999999997831595655029, 62];[-1, 1.9999999999999999998915797827514, 63];[1, 1.9999999999999998, 62];[1, 1.9999999999999997997831595655029, 62];[1, 1.0000000000000000110223024625156, 53];[1, 1.9999999999999998, 30];[1, 1.31249999999999986875, 5];[1, 1.9999999999999998, -1];[-1, 0.0, 0];[-1, 1.9999999999999998, -1];[-1, 1.749999999999999825, 2];[-1, 1.31249999999999986875, 5];[-1, 1.9531249999999998046875, 9];[-1, 1.9999999990686772253845215775073, 30];[-1, 1.9999999999999998, 30];[-1, 1.9999999999999995779553950749687, 52];[-1, 1.0000000000000000110223024625156, 53];[-1, 1.9999999999999997997831595655029, 62];[-1, 1.9999999999999997998915797827514, 63];[1, 0.0, 0];[1, 0.0, 0];[1, 0.0, 0];[1, 0.0, 0];[1, 0.0, 0];[1, 0.0, 0];[-1, 0.0, 0];[-1, 0.0, 0];[-1, 0.0, 0];[-1, 0.0, 0];[-1, 0.0, 0];[-1, 0.0, 0];[-1, 0.0, 0];[-1, 0.0, 0];[-1, 0.0, 0];[-1, 0.0, 0];[-1, 0.0, 0];[-1, 0.0, 0];[-1, 0.0, 0];[-1, 0.0, 0];[-1, 0.0, 0];[-1, 0.0, 0];[-1, 0.0, 0];[1, 0.0, 0];[1, 0.0, 0];[1, 0.0, 0];[1, 0.0, 0];[1, 0.0, 0];[1, 0.0, 0];[1, 0.0, 0];[1, 0.0, 0];[1, 0.0, 0];[1, 0.0, 0];[1, 0.0, 0];[-1, 1.0120112665365530917624767335946, -1011];[-1, 1.0120112665365530916527542522187, -1011];[-1, 1.0120112665365532041182976624893, -1021];[-1, 1.0120112665365530917624767335946, -1043];[-1, 1.3282647873292259329382507128429, -1069];[-1, 1.0120112665365530917624767335946, -1074];[1, 0.0, 0];[1, 1.0120112665365530917624767335946, -1074];[1, 1.7710197164389679105843342837905, -1072];[1, 1.3282647873292259329382507128429, -1069];[1, 1.9765845049542052573485873703019, -1065];[1, 1.0120112660652986226171297922788, -1043];[1, 1.0120112665365530917624767335946, -1043];[1, 1.0120112665365529794066558046998, -1021];[1, 1.0120112665365532041182976624893, -1021];[1, 1.0120112665365530916527542522187, -1011];[1, 1.0120112665365530917076154929066, -1010];[-1, 1.0000000000000000075996431390427, -959];[-1, 1.0000000000000000074912229217942, -959];[-1, 1.0000000000000001186219456015584, -969];[-1, 1.0000000000000000075996431390427, -991];[-1, 1.3125000000000000099745316199936, -1017];[-1, 1.0000000000000000075996431390427, -1022];[1, 0.0, 0];[1, 1.0000000000000000075996431390427, -1022];[1, 1.7500000000000000132993754933248, -1020];[1, 1.3125000000000000099745316199936, -1017];[1, 1.9531250000000000148430530059428, -1013];[1, 1.9999999990686774405838077553827, -992];[1, 1.0000000000000000075996431390427, -991];[1, 1.9999999999999997931546813530542, -970];[1, 1.0000000000000001186219456015584, -969];[1, 1.0000000000000000074912229217942, -959];[1, 1.0000000000000000075454330304185, -958];[-1, 1.9999999999999998, 62];[-1, 1.9999999999999997997831595655029, 62];[-1, 1.0000000000000000110223024625156, 53];[-1, 1.9999999999999998, 30];[-1, 1.31249999999999986875, 5];[-1, 1.9999999999999998, -1];[1, 0.0, 0];[1, 1.9999999999999998, -1];[1, 1.749999999999999825, 2];[1, 1.31249999999999986875, 5];[1, 1.9531249999999998046875, 9];[1, 1.9999999990686772253845215775073, 30];[1, 1.9999999999999998, 30];[1, 1.9999999999999995779553950749687, 52];[1, 1.0000000000000000110223024625156, 53];[1, 1.9999999999999997997831595655029, 62];[1, 1.9999999999999997998915797827514, 63];[-1, 1.0, 63];[-1, 1.9999999999999999997831595655029, 62];[-1, 1.0000000000000001110223024625157, 53];[-1, 1.0, 31];[-1, 1.3125, 5];[-1, 1.0, 0];[1, 0.0, 0];[1, 1.0, 0];[1, 1.75, 2];[1, 1.3125, 5];[1, 1.953125, 9];[1, 1.999999999068677425384521484375, 30];[1, 1.0, 31];[1, 1.9999999999999997779553950749687, 52];[1, 1.0000000000000001110223024625157, 53];[1, 1.9999999999999999997831595655029, 62];[1, 1.9999999999999999998915797827514, 63];[-1, 1.0000000000000002, 63];[-1, 1.0000000000000001998915797827514, 63];[-1, 1.0000000000000003110223024625157, 53];[-1, 1.0000000000000002, 31];[-1, 1.3125000000000002625, 5];[-1, 1.0000000000000002, 0];[1, 0.0, 0];[1, 1.0000000000000002, 0];[1, 1.75000000000000035, 2];[1, 1.3125000000000002625, 5];[1, 1.953125000000000390625, 9];[1, 1.9999999990686778253845212981105, 30];[1, 1.0000000000000002, 31];[1, 1.0000000000000000889776975374843, 53];[1, 1.0000000000000003110223024625157, 53];[1, 1.0000000000000001998915797827514, 63];[1, 1.0000000000000001999457898913757, 64];[-1, 1.5, 63];[-1, 1.4999999999999999998373696741272, 63];[-1, 1.5000000000000001665334536937735, 53];[-1, 1.5, 31];[-1, 1.96875, 5];[-1, 1.5, 0];[1, 0.0, 0];[1, 1.5, 0];[1, 1.3125, 3];[1, 1.96875, 5];[1, 1.46484375, 10];[1, 1.4999999993015080690383911132812, 31];[1, 1.5, 31];[1, 1.4999999999999998334665463062265, 53];[1, 1.5000000000000001665334536937735, 53];[1, 1.4999999999999999998373696741272, 63];[1, 1.4999999999999999999186848370636, 64];[-1, 1.5707963267948965, 64];[-1, 1.5707963267948964998296939209957, 64];[-1, 1.5707963267948966743934249004316, 54];[-1, 1.5707963267948965, 32];[-1, 1.030835089459150828125, 7];[-1, 1.5707963267948965, 1];[1, 0.0, 0];[1, 1.5707963267948965, 1];[1, 1.3744467859455344375, 4];[1, 1.030835089459150828125, 7];[1, 1.53398078788564111328125, 11];[1, 1.5707963260634374603664202149957, 32];[1, 1.5707963267948965, 32];[1, 1.5707963267948963256065750995684, 54];[1, 1.5707963267948966743934249004316, 54];[1, 1.5707963267948964998296939209957, 64];[1, 1.5707963267948964999148469604978, 65];[-1, 1.0, 116];[-1, 1.9999999999999999997831595655029, 115];[-1, 1.0000000000000001110223024625157, 106];[-1, 1.0, 84];[-1, 1.3125, 58];[-1, 1.0, 53];[1, 0.0, 0];[1, 1.0, 53];[1, 1.75, 55];[1, 1.3125, 58];[1, 1.953125, 62];[1, 1.999999999068677425384521484375, 83];[1, 1.0, 84];[1, 1.9999999999999997779553950749687, 105];[1, 1.0000000000000001110223024625157, 106];[1, 1.9999999999999999997831595655029, 115];[1, 1.9999999999999999998915797827514, 116];[-1, 1.9999999999999997688934766870555, 1086];[-1, 1.9999999999999997686766362525584, 1086];[-1, 1.9999999999999999909380816120868, 1076];[-1, 1.9999999999999997688934766870555, 1054];[-1, 1.3124999999999998483363440758802, 1029];[-1, 1.9999999999999997688934766870555, 1023];[1, 0.0, 0];[1, 1.9999999999999997688934766870555, 1023];[1, 1.7499999999999997977817921011736, 1026];[1, 1.3124999999999998483363440758802, 1029];[1, 1.9531249999999997743100358272027, 1033];[1, 1.9999999990686771942779982790479, 1054];[1, 1.9999999999999997688934766870555, 1054];[1, 1.9999999999999995468488717620242, 1076];[1, 1.9999999999999999909380816120868, 1076];[1, 1.9999999999999997686766362525584, 1086];[1, 1.999999999999999768785056469807, 1087];[-1, 1.6, 59];[-1, 1.5999999999999999998265276524023, 59];[-1, 1.600000000000000177635683940025, 49];[-1, 1.6, 27];[-1, 1.05, 2];[-1, 1.6, -4];[1, 0.0, 0];[1, 1.6, -4];[1, 1.4, -1];[1, 1.05, 2];[1, 1.5625, 6];[1, 1.5999999992549419403076171875, 27];[1, 1.6, 27];[1, 1.599999999999999822364316059975, 49];[1, 1.600000000000000177635683940025, 49];[1, 1.5999999999999999998265276524023, 59];[1, 1.5999999999999999999132638262012, 60]",272,0
A2_7_5,1,fractional|fractional,BigDecimal,Float,"fractional/L1/16:-max_finite,-1.5,-1.0,-(1.0-1ulp),-0.0,+0.0,+min_subnormal,+min_normal,1.0-1ulp,1.0,1.0+1ulp,1.5,pi,2^53,max_finite,0.1","fractional/L1/16:-max_finite,-1.5,-1.0,-(1.0-1ulp),-0.0,+0.0,+min_subnormal,+min_normal,1.0-1ulp,1.0,1.0+1ulp,1.5,pi,2^53,max_finite,0.1",256,"[1, 1.9999999999999987590111028965907, 2047];[1, 1.4999999999999998266701075152916, 1024];[1, 1.9999999999999997688934766870555, 1023];[1, 1.9999999999999995688934766870555, 1023];[1, 0.0, 0];[-1, 0.0, 0];[-1, 1.0120112665365529748212740521984, -50];[-1, 1.9999999999999994245541359926778, 1];[-1, 1.9999999999999995688934766870555, 1023];[-1, 1.9999999999999997688934766870555, 1023];[-1, 1.9999999999999997688934766870555, 1023];[-1, 1.4999999999999998266701075152916, 1024];[-1, 1.5707963267948963184893610408439, 1025];[-1, 1.9999999999999997688934766870555, 1076];[-1, 1.9999999999999987590111028965907, 2047];[-1, 1.5999999999999998151147813496444, 1020];[1, 1.4999999999999992425882196571513, 1024];[1, 1.125, 1];[1, 1.5, 0];[1, 1.49999999999999985, 0];[1, 0.0, 0];[-1, 0.0, 0];[-1, 1.5180168998048296376437151003919, -1074];[-1, 1.4999999999999997417454944792167, -1022];[-1, 1.49999999999999985, 0];[-1, 1.5, 0];[-1, 1.5, 0];[-1, 1.125, 1];[-1, 1.178097245096172375, 2];[-1, 1.5, 53];[-1, 1.4999999999999992425882196571513, 1024];[-1, 1.2, -3];[1, 1.999999999999998990117626209535, 1023];[1, 1.5, 0];[1, 1.0, 0];[1, 1.9999999999999998, -1];[1, 0.0, 0];[-1, 0.0, 0];[-1, 1.0120112665365530917624767335946, -1074];[-1, 1.9999999999999996556606593056223, -1023];[-1, 1.9999999999999998, -1];[-1, 1.0, 0];[-1, 1.0, 0];[-1, 1.5, 0];[-1, 1.5707963267948965, 1];[-1, 1.0, 53];[-1, 1.999999999999998990117626209535, 1023];[-1, 1.6, -4];[1, 1.9999999999999987901176262095351, 1023];[1, 1.49999999999999985, 0];[1, 1.9999999999999998, -1];[1, 1.9999999999999996, -1];[1, 0.0, 0];[-1, 0.0, 0];[-1, 1.0120112665365529905613500799393, -1074];[-1, 1.9999999999999994556606593056223, -1023];[-1, 1.9999999999999996, -1];[-1, 1.9999999999999998, -1];[-1, 1.9999999999999998, -1];[-1, 1.49999999999999985, 0];[-1, 1.5707963267948963429203673205104, 1];[-1, 1.9999999999999998, 52];[-1, 1.9999999999999987901176262095351, 1023];[-1, 1.59999999999999984, -4];[1, 0.0, 0];[1, 0.0, 0];[1, 0.0, 0];[1, 0.0, 0];[1, 0.0, 0];[-1, 0.0, 0];[-1, 0.0, 0];[-1, 0.0, 0];[-1, 0.0, 0];[-1, 0.0, 0];[-1, 0.0, 0];[-1, 0.0, 0];[-1, 0.0, 0];[-1, 0.0, 0];[-1, 0.0, 0];[-1, 0.0, 0];[-1, 0.0, 0];[-1, 0.0, 0];[-1, 0.0, 0];[-1, 0.0, 0];[-1, 0.0, 0];[1, 0.0, 0];[1, 0.0, 0];[1, 0.0, 0];[1, 0.0, 0];[1, 0.0, 0];[1, 0.0, 0];[1, 0.0, 0];[1, 0.0, 0];[1, 0.0, 0];[1, 0.0, 0];[1, 0.0, 0];[-1, 1.01201126653655258075630665728, -50];[-1, 1.5180168998048296376437151003919, -1074];[-1, 1.0120112665365530917624767335946, -1074];[-1, 1.0120112665365529905613500799393, -1074];[-1, 0.0, 0];[1, 0.0, 0];[1, 1.0241668035969183036294057212011, -2148];[1, 1.0120112665365529175248305863552, -2096];[1, 1.0120112665365529905613500799393, -1074];[1, 1.0120112665365530917624767335946, -1074];[1, 1.0120112665365530917624767335946, -1074];[1, 1.5180168998048296376437151003919, -1074];[1, 1.589663580150668554974912492497, -1073];[1, 1.0120112665365530917624767335946, -1021];[1, 1.01201126653655258075630665728, -50];[1, 1.6192180264584849468199627737513, -1078];[-1, 1.9999999999999990053169124876205, 1];[-1, 1.5000000000000000113994647085641, -1022];[-1, 1.0000000000000000075996431390427, -1022];[-1, 1.9999999999999998151992862780855, -1023];[-1, 0.0, 0];[1, 0.0, 0];[1, 1.012011266536553099453401211963, -2096];[1, 1.9999999999999996708599455837078, -2045];[1, 1.9999999999999998151992862780855, -1023];[1, 1.0000000000000000075996431390427, -1022];[1, 1.0000000000000000075996431390427, -1022];[1, 1.5000000000000000113994647085641, -1022];[1, 1.5707963267948965119374915277604, -1021];[1, 1.0000000000000000075996431390427, -969];[1, 1.9999999999999990053169124876205, 1];[1, 1.6000000000000000121594290224684, -1026];[-1, 1.9999999999999987901176262095351, 1023];[-1, 1.49999999999999985, 0];[-1, 1.9999999999999998, -1];[-1, 1.9999999999999996, -1];[-1, 0.0, 0];[1, 0.0, 0];[1, 1.0120112665365529905613500799393, -1074];[1, 1.9999999999999994556606593056223, -1023];[1, 1.9999999999999996, -1];[1, 1.9999999999999998, -1];[1, 1.9999999999999998, -1];[1, 1.49999999999999985, 0];[1, 1.5707963267948963429203673205104, 1];[1, 1.9999999999999998, 52];[1, 1.9999999999999987901176262095351, 1023];[1, 1.59999999999999984, -4];[-1, 1.999999999999998990117626209535, 1023];[-1, 1.5, 0];[-1, 1.0, 0];[-1, 1.9999999999999998, -1];[-1, 0.0, 0];[1, 0.0, 0];[1, 1.0120112665365530917624767335946, -1074];[1, 1.9999999999999996556606593056223, -1023];[1, 1.9999999999999998, -1];[1, 1.0, 0];[1, 1.0, 0];[1, 1.5, 0];[1, 1.5707963267948965, 1];[1, 1.0, 53];[1, 1.999999999999998990117626209535, 1023];[1, 1.6, -4];[-1, 1.9999999999999993901176262095348, 1023];[-1, 1.5000000000000003, 0];[-1, 1.0000000000000002, 0];[-1, 1.0000000000000001, 0];[-1, 0.0, 0];[1, 0.0, 0];[1, 1.0120112665365532941647300409052, -1074];[1, 1.0000000000000000278303296528111, -1022];[1, 1.0000000000000001, 0];[1, 1.0000000000000002, 0];[1, 1.0000000000000002, 0];[1, 1.5000000000000003, 0];[1, 1.5707963267948968141592653589793, 1];[1, 1.0000000000000002, 53];[1, 1.9999999999999993901176262095348, 1023];[1, 1.60000000000000032, -4];[-1, 1.4999999999999992425882196571513, 1024];[-1, 1.125, 1];[-1, 1.5, 0];[-1, 1.49999999999999985, 0];[-1, 0.0, 0];[1, 0.0, 0];[1, 1.5180168998048296376437151003919, -1074];[1, 1.4999999999999997417454944792167, -1022];[1, 1.49999999999999985, 0];[1, 1.5, 0];[1, 1.5, 0];[1, 1.125, 1];[1, 1.178097245096172375, 2];[1, 1.5, 53];[1, 1.4999999999999992425882196571513, 1024];[1, 1.2, -3];[-1, 1.5707963267948957068402383775135, 1025];[-1, 1.178097245096172375, 2];[-1, 1.5707963267948965, 1];[-1, 1.5707963267948963429203673205104, 1];[-1, 0.0, 0];[1, 0.0, 0];[1, 1.589663580150668554974912492497, -1073];[1, 1.5707963267948962295565142331475, -1021];[1, 1.5707963267948963429203673205104, 1];[1, 1.5707963267948965, 1];[1, 1.5707963267948965, 1];[1, 1.178097245096172375, 2];[1, 1.2337005501361696400661892228561, 3];[1, 1.5707963267948965, 54];[1, 1.5707963267948957068402383775135, 1025];[1, 1.2566370614359172, -2];[-1, 1.999999999999998990117626209535, 1076];[-1, 1.5, 53];[-1, 1.0, 53];[-1, 1.9999999999999998, 52];[-1, 0.0, 0];[1, 0.0, 0];[1, 1.0120112665365530917624767335946, -1021];[1, 1.9999999999999996556606593056223, -970];[1, 1.9999999999999998, 52];[1, 1.0, 53];[1, 1.0, 53];[1, 1.5, 53];[1, 1.5707963267948965, 54];[1, 1.0, 106];[1, 1.999999999999998990117626209535, 1076];[1, 1.6, 49];[-1, 1.9999999999999987590111028965907, 2047];[-1, 1.4999999999999998266701075152916, 1024];[-1, 1.9999999999999997688934766870555, 1023];[-1, 1.9999999999999995688934766870555, 1023];[-1, 0.0, 0];[1, 0.0, 0];[1, 1.0120112665365529748212740521984, -50];[1, 1.9999999999999994245541359926778, 1];[1, 1.9999999999999995688934766870555, 1023];[1, 1.9999999999999997688934766870555, 1023];[1, 1.9999999999999997688934766870555, 1023];[1, 1.4999999999999998266701075152916, 1024];[1, 1.5707963267948963184893610408439, 1025];[1, 1.9999999999999997688934766870555, 1076];[1, 1.9999999999999987590111028965907, 2047];[1, 1.5999999999999998151147813496444, 1020];[-1, 1.599999999999999192094100967628, 1020];[-1, 1.2, -3];[-1, 1.6, -4];[-1, 1.59999999999999984, -4];[-1, 0.0, 0];[1, 0.0, 0];[1, 1.6192180264584849468199627737513, -1078];[1, 1.5999999999999997245285274444978, -1026];[1, 1.59999999999999984, -4];[1, 1.6, -4];[1, 1.6, -4];[1, 1.2, -3];[1, 1.2566370614359172, -2];[1, 1.6, 49];[1, 1.599999999999999192094100967628, 1020];[1, 1.28, -7]",256,0
A2_7_6,1,fractional|fractional,BigDecimal,Rational,"fractional/L1/16:-max_finite,-1.5,-1.0,-(1.0-1ulp),-0.0,+0.0,+min_subnormal,+min_normal,1.0-1ulp,1.0,1.0+1ulp,1.5,pi,2^53,max_finite,0.1","fractional/L1/15:-max_finite,-1.5,-1.0,-(1.0-1ulp),+0.0,+min_subnormal,+min_normal,1.0-1ulp,1.0,1.0+1ulp,1.5,pi,2^53,max_finite,0.1",240,"[1, 1.9999999999999995468488717650091, 2047];[1, 1.4999999999999998266701075152916, 1024];[1, 1.9999999999999997688934766870555, 1023];[1, 1.9999999999999995468488717610555, 1023];[-1, 0.0, 0];[-1, 1.999999999999999768893476687589, -51];[-1, 1.9999999999999997688934766894533, 1];[-1, 1.9999999999999995468488717610555, 1023];[-1, 1.9999999999999997688934766870555, 1023];[-1, 1.0000000000000001064913432735277, 1024];[-1, 1.4999999999999998266701075152916, 1024];[-1, 1.5707963267948963764883427758438, 1025];[-1, 1.9999999999999997688934766870555, 1076];[-1, 1.9999999999999995468488717650091, 2047];[-1, 1.5999999999999999039326233176444, 1020];[1, 1.4999999999999998350141344846936, 1024];[1, 1.125, 1];[1, 1.5, 0];[1, 1.4999999999999998335, 0];[-1, 0.0, 0];[-1, 1.4999999999999999994639311768958, -1074];[-1, 1.4999999999999999979167661970967, -1022];[-1, 1.4999999999999998335, 0];[-1, 1.5, 0];[-1, 1.50000000000000033, 0];[-1, 1.125, 1];[-1, 1.17809724509617242, 2];[-1, 1.5, 53];[-1, 1.4999999999999998350141344846936, 1024];[-1, 1.200000000000000072, -3];[1, 1.9999999945904939909539047630248, 1023];[1, 1.5, 0];[1, 1.0, 0];[1, 1.0, 0];[-1, 0.0, 0];[-1, 1.0000000003213205717898506918868, -1074];[-1, 1.0000000006708984563376622339967, -1022];[-1, 1.0, 0];[-1, 1.0, 0];[-1, 1.0, 0];[-1, 1.5, 0];[-1, 1.570796325, 1];[-1, 1.9999999989472883044072659686208, 52];[-1, 1.9999999945904939909539047630248, 1023];[-1, 1.6, -4];[1, 1.9999999999999995800188459795916, 1023];[1, 1.49999999999999985, 0];[1, 1.9999999999999998, -1];[1, 1.999999999999999578, -1];[-1, 0.0, 0];[-1, 1.9999999999999997992852415691944, -1075];[-1, 1.9999999999999997972223549294623, -1023];[-1, 1.999999999999999578, -1];[-1, 1.9999999999999998, -1];[-1, 1.00000000000000012, 0];[-1, 1.49999999999999985, 0];[-1, 1.5707963267948964029203673205103, 1];[-1, 1.9999999999999998, 52];[-1, 1.9999999999999995800188459795916, 1023];[-1, 1.599999999999999936, -4];[1, 0.0, 0];[1, 0.0, 0];[1, 0.0, 0];[1, 0.0, 0];[-1, 0.0, 0];[-1, 0.0, 0];[-1, 0.0, 0];[-1, 0.0, 0];[-1, 0.0, 0];[-1, 0.0, 0];[-1, 0.0, 0];[-1, 0.0, 0];[-1, 0.0, 0];[-1, 0.0, 0];[-1, 0.0, 0];[-1, 0.0, 0];[-1, 0.0, 0];[-1, 0.0, 0];[-1, 0.0, 0];[1, 0.0, 0];[1, 0.0, 0];[1, 0.0, 0];[1, 0.0, 0];[1, 0.0, 0];[1, 0.0, 0];[1, 0.0, 0];[1, 0.0, 0];[1, 0.0, 0];[1, 0.0, 0];[1, 0.0, 0];[-1, 1.01201126379931257798656, -50];[-1, 1.5180168998048296376437151003919, -1074];[-1, 1.0120112665365530917624767335946, -1074];[-1, 1.0120112665365530917624767335946, -1074];[1, 0.0, 0];[1, 1.0120112668617331305837729644826, -2148];[1, 1.0120112672155098882781726555087, -2096];[1, 1.0120112665365530917624767335946, -1074];[1, 1.0120112665365530917624767335946, -1074];[1, 1.0120112665365530917624767335946, -1074];[1, 1.5180168998048296376437151003919, -1074];[1, 1.5896635783342130747078862260284, -1073];[1, 1.0120112660038750435851541823435, -1021];[1, 1.01201126379931257798656, -50];[1, 1.6192180264584849468199627737513, -1078];[-1, 1.999999999999999795218132257677, 1];[-1, 1.5000000000000000113994647085641, -1022];[-1, 1.0000000000000000075996431390427, -1022];[-1, 1.9999999999999997931992862780855, -1023];[1, 0.0, 0];[1, 1.0000000000000000072422639236399, -2096];[1, 1.0000000000000000062108206037739, -2044];[1, 1.9999999999999997931992862780855, -1023];[1, 1.0000000000000000075996431390427, -1022];[1, 1.0000000000000002275996431390427, -1022];[1, 1.5000000000000000113994647085641, -1022];[1, 1.5707963267948965719374915277604, -1021];[1, 1.0000000000000000075996431390427, -969];[1, 1.999999999999999795218132257677, 1];[1, 1.6000000000000001081594290224684, -1026];[-1, 1.9999999999999995800188459795916, 1023];[-1, 1.49999999999999985, 0];[-1, 1.9999999999999998, -1];[-1, 1.999999999999999578, -1];[1, 0.0, 0];[1, 1.9999999999999997992852415691944, -1075];[1, 1.9999999999999997972223549294623, -1023];[1, 1.999999999999999578, -1];[1, 1.9999999999999998, -1];[1, 1.00000000000000012, 0];[1, 1.49999999999999985, 0];[1, 1.5707963267948964029203673205103, 1];[1, 1.9999999999999998, 52];[1, 1.9999999999999995800188459795916, 1023];[1, 1.599999999999999936, -4];[-1, 1.9999999945904939909539047630248, 1023];[-1, 1.5, 0];[-1, 1.0, 0];[-1, 1.0, 0];[1, 0.0, 0];[1, 1.0000000003213205717898506918868, -1074];[1, 1.0000000006708984563376622339967, -1022];[1, 1.0, 0];[1, 1.0, 0];[1, 1.0, 0];[1, 1.5, 0];[1, 1.570796325, 1];[1, 1.9999999989472883044072659686208, 52];[1, 1.9999999945904939909539047630248, 1023];[1, 1.6, -4];[-1, 1.0000000000000000889776975389768, 1024];[-1, 1.5000000000000003, 0];[-1, 1.0000000000000002, 0];[-1, 1.000000000000000088977697537, 0];[1, 0.0, 0];[1, 1.0000000000000002000000000002667, -1074];[1, 1.0000000000000002000000000011989, -1022];[1, 1.000000000000000088977697537, 0];[1, 1.0000000000000002, 0];[1, 1.00000000000000042204460493, 0];[1, 1.5000000000000003, 0];[1, 1.5707963267948968721582470939793, 1];[1, 1.0000000000000002, 53];[1, 1.0000000000000000889776975389768, 1024];[1, 1.600000000000000408817841968, -4];[-1, 1.4999999999999998350141344846936, 1024];[-1, 1.125, 1];[-1, 1.5, 0];[-1, 1.4999999999999998335, 0];[1, 0.0, 0];[1, 1.4999999999999999994639311768958, -1074];[1, 1.4999999999999999979167661970967, -1022];[1, 1.4999999999999998335, 0];[1, 1.5, 0];[1, 1.50000000000000033, 0];[1, 1.125, 1];[1, 1.17809724509617242, 2];[1, 1.5, 53];[1, 1.4999999999999998350141344846936, 1024];[1, 1.200000000000000072, -3];[-1, 1.5707963267948963256065751019127, 1025];[-1, 1.178097245096172375, 2];[-1, 1.5707963267948965, 1];[-1, 1.5707963267948963256065750988076, 1];[1, 0.0, 0];[1, 1.570796326794896500000000000419, -1073];[1, 1.5707963267948965000000000018832, -1021];[1, 1.5707963267948963256065750988076, 1];[1, 1.5707963267948965, 1];[1, 1.570796326794896848786849808668, 1];[1, 1.178097245096172375, 2];[1, 1.2337005501361696856184829564473, 3];[1, 1.5707963267948965, 54];[1, 1.5707963267948963256065751019127, 1025];[1, 1.256637061435917269757369958592, -2];[-1, 1.9999999999999997800188459795915, 1076];[-1, 1.5, 53];[-1, 1.0, 53];[-1, 1.999999999999999778, 52];[1, 0.0, 0];[1, 1.9999999999999999992852415691944, -1022];[1, 1.9999999999999999972223549294623, -970];[1, 1.999999999999999778, 52];[1, 1.0, 53];[1, 1.00000000000000022, 53];[1, 1.5, 53];[1, 1.57079632679489656, 54];[1, 1.0, 106];[1, 1.9999999999999997800188459795915, 1076];[1, 1.600000000000000096, 49];[-1, 1.9999999999999995468488717650091, 2047];[-1, 1.4999999999999998266701075152916, 1024];[-1, 1.9999999999999997688934766870555, 1023];[-1, 1.9999999999999995468488717610555, 1023];[1, 0.0, 0];[1, 1.999999999999999768893476687589, -51];[1, 1.9999999999999997688934766894533, 1];[1, 1.9999999999999995468488717610555, 1023];[1, 1.9999999999999997688934766870555, 1023];[1, 1.0000000000000001064913432735277, 1024];[1, 1.4999999999999998266701075152916, 1024];[1, 1.5707963267948963764883427758438, 1025];[1, 1.9999999999999997688934766870555, 1076];[1, 1.9999999999999995468488717650091, 2047];[1, 1.5999999999999999039326233176444, 1020];[-1, 1.5999999956723951927631238104199, 1020];[-1, 1.2, -3];[-1, 1.6, -4];[-1, 1.6, -4];[1, 0.0, 0];[1, 1.6000000005141129148637611070188, -1078];[1, 1.6000000010734375301402595743948, -1026];[1, 1.6, -4];[1, 1.6, -4];[1, 1.6, -4];[1, 1.2, -3];[1, 1.25663706, -2];[1, 1.5999999991578306435258127748966, 49];[1, 1.5999999956723951927631238104199, 1020];[1, 1.28, -7]",240,0
A2_7_7,1,fractional|fractional,BigDecimal,BigDecimal,"fractional/L1/16:-max_finite,-1.5,-1.0,-(1.0-1ulp),-0.0,+0.0,+min_subnormal,+min_normal,1.0-1ulp,1.0,1.0+1ulp,1.5,pi,2^53,max_finite,0.1","fractional/L1/16:-max_finite,-1.5,-1.0,-(1.0-1ulp),-0.0,+0.0,+min_subnormal,+min_normal,1.0-1ulp,1.0,1.0+1ulp,1.5,pi,2^53,max_finite,0.1",256,"[1, 1.9999999999999995377869533741111, 2047];[1, 1.4999999999999998266701075152916, 1024];[1, 1.9999999999999997688934766870555, 1023];[1, 1.9999999999999995688934766870555, 1023];[1, 0.0, 0];[-1, 0.0, 0];[-1, 1.0120112665365529748212740521984, -50];[-1, 1.999999999999999784092762965141, 1];[-1, 1.9999999999999995688934766870555, 1023];[-1, 1.9999999999999997688934766870555, 1023];[-1, 1.0000000000000000844467383435277, 1024];[-1, 1.4999999999999998266701075152916, 1024];[-1, 1.5707963267948963184893610408439, 1025];[-1, 1.9999999999999997688934766870555, 1076];[-1, 1.9999999999999995377869533741111, 2047];[-1, 1.5999999999999998151147813496444, 1020];[1, 1.4999999999999998266701075152916, 1024];[1, 1.125, 1];[1, 1.5, 0];[1, 1.49999999999999985, 0];[1, 0.0, 0];[-1, 0.0, 0];[-1, 1.5180168998048296376437151003919, -1074];[-1, 1.5000000000000000113994647085641, -1022];[-1, 1.49999999999999985, 0];[-1, 1.5, 0];[-1, 1.5000000000000003, 0];[-1, 1.125, 1];[-1, 1.178097245096172375, 2];[-1, 1.5, 53];[-1, 1.4999999999999998266701075152916, 1024];[-1, 1.2, -3];[1, 1.9999999999999997688934766870555, 1023];[1, 1.5, 0];[1, 1.0, 0];[1, 1.9999999999999998, -1];[1, 0.0, 0];[-1, 0.0, 0];[-1, 1.0120112665365530917624767335946, -1074];[-1, 1.0000000000000000075996431390427, -1022];[-1, 1.9999999999999998, -1];[-1, 1.0, 0];[-1, 1.0000000000000002, 0];[-1, 1.5, 0];[-1, 1.5707963267948965, 1];[-1, 1.0, 53];[-1, 1.9999999999999997688934766870555, 1023];[-1, 1.6, -4];[1, 1.9999999999999995688934766870555, 1023];[1, 1.49999999999999985, 0];[1, 1.9999999999999998, -1];[1, 1.9999999999999996, -1];[1, 0.0, 0];[-1, 0.0, 0];[-1, 1.0120112665365529905613500799393, -1074];[-1, 1.9999999999999998151992862780855, -1023];[-1, 1.9999999999999996, -1];[-1, 1.9999999999999998, -1];[-1, 1.0000000000000001, 0];[-1, 1.49999999999999985, 0];[-1, 1.5707963267948963429203673205104, 1];[-1, 1.9999999999999998, 52];[-1, 1.9999999999999995688934766870555, 1023];[-1, 1.59999999999999984, -4];[1, 0.0, 0];[1, 0.0, 0];[1, 0.0, 0];[1, 0.0, 0];[1, 0.0, 0];[-1, 0.0, 0];[-1, 0.0, 0];[-1, 0.0, 0];[-1, 0.0, 0];[-1, 0.0, 0];[-1, 0.0, 0];[-1, 0.0, 0];[-1, 0.0, 0];[-1, 0.0, 0];[-1, 0.0, 0];[-1, 0.0, 0];[-1, 0.0, 0];[-1, 0.0, 0];[-1, 0.0, 0];[-1, 0.0, 0];[-1, 0.0, 0];[1, 0.0, 0];[1, 0.0, 0];[1, 0.0, 0];[1, 0.0, 0];[1, 0.0, 0];[1, 0.0, 0];[1, 0.0, 0];[1, 0.0, 0];[1, 0.0, 0];[1, 0.0, 0];[1, 0.0, 0];[-1, 1.0120112665365529748212740521984, -50];[-1, 1.5180168998048296376437151003919, -1074];[-1, 1.0120112665365530917624767335946, -1074];[-1, 1.0120112665365529905613500799393, -1074];[-1, 0.0, 0];[1, 0.0, 0];[1, 1.0241668035969183036294057212011, -2148];[1, 1.012011266536553099453401211963, -2096];[1, 1.0120112665365529905613500799393, -1074];[1, 1.0120112665365530917624767335946, -1074];[1, 1.0120112665365532941647300409052, -1074];[1, 1.5180168998048296376437151003919, -1074];[1, 1.589663580150668554974912492497, -1073];[1, 1.0120112665365530917624767335946, -1021];[1, 1.0120112665365529748212740521984, -50];[1, 1.6192180264584849468199627737513, -1078];[-1, 1.999999999999999784092762965141, 1];[-1, 1.5000000000000000113994647085641, -1022];[-1, 1.0000000000000000075996431390427, -1022];[-1, 1.9999999999999998151992862780855, -1023];[-1, 0.0, 0];[1, 0.0, 0];[1, 1.012011266536553099453401211963, -2096];[1, 1.0000000000000000151992862780855, -2044];[1, 1.9999999999999998151992862780855, -1023];[1, 1.0000000000000000075996431390427, -1022];[1, 1.0000000000000002075996431390427, -1022];[1, 1.5000000000000000113994647085641, -1022];[1, 1.5707963267948965119374915277604, -1021];[1, 1.0000000000000000075996431390427, -969];[1, 1.999999999999999784092762965141, 1];[1, 1.6000000000000000121594290224684, -1026];[-1, 1.9999999999999995688934766870555, 1023];[-1, 1.49999999999999985, 0];[-1, 1.9999999999999998, -1];[-1, 1.9999999999999996, -1];[-1, 0.0, 0];[1, 0.0, 0];[1, 1.0120112665365529905613500799393, -1074];[1, 1.9999999999999998151992862780855, -1023];[1, 1.9999999999999996, -1];[1, 1.9999999999999998, -1];[1, 1.0000000000000001, 0];[1, 1.49999999999999985, 0];[1, 1.5707963267948963429203673205104, 1];[1, 1.9999999999999998, 52];[1, 1.9999999999999995688934766870555, 1023];[1, 1.59999999999999984, -4];[-1, 1.9999999999999997688934766870555, 1023];[-1, 1.5, 0];[-1, 1.0, 0];[-1, 1.9999999999999998, -1];[-1, 0.0, 0];[1, 0.0, 0];[1, 1.0120112665365530917624767335946, -1074];[1, 1.0000000000000000075996431390427, -1022];[1, 1.9999999999999998, -1];[1, 1.0, 0];[1, 1.0000000000000002, 0];[1, 1.5, 0];[1, 1.5707963267948965, 1];[1, 1.0, 53];[1, 1.9999999999999997688934766870555, 1023];[1, 1.6, -4];[-1, 1.0000000000000000844467383435277, 1024];[-1, 1.5000000000000003, 0];[-1, 1.0000000000000002, 0];[-1, 1.0000000000000001, 0];[-1, 0.0, 0];[1, 0.0, 0];[1, 1.0120112665365532941647300409052, -1074];[1, 1.0000000000000002075996431390427, -1022];[1, 1.0000000000000001, 0];[1, 1.0000000000000002, 0];[1, 1.0000000000000004, 0];[1, 1.5000000000000003, 0];[1, 1.5707963267948968141592653589793, 1];[1, 1.0000000000000002, 53];[1, 1.0000000000000000844467383435277, 1024];[1, 1.60000000000000032, -4];[-1, 1.4999999999999998266701075152916, 1024];[-1, 1.125, 1];[-1, 1.5, 0];[-1, 1.49999999999999985, 0];[-1, 0.0, 0];[1, 0.0, 0];[1, 1.5180168998048296376437151003919, -1074];[1, 1.5000000000000000113994647085641, -1022];[1, 1.49999999999999985, 0];[1, 1.5, 0];[1, 1.5000000000000003, 0];[1, 1.125, 1];[1, 1.178097245096172375, 2];[1, 1.5, 53];[1, 1.4999999999999998266701075152916, 1024];[1, 1.2, -3];[-1, 1.5707963267948963184893610408439, 1025];[-1, 1.178097245096172375, 2];[-1, 1.5707963267948965, 1];[-1, 1.5707963267948963429203673205104, 1];[-1, 0.0, 0];[1, 0.0, 0];[1, 1.589663580150668554974912492497, -1073];[1, 1.5707963267948965119374915277604, -1021];[1, 1.5707963267948963429203673205104, 1];[1, 1.5707963267948965, 1];[1, 1.5707963267948968141592653589793, 1];[1, 1.178097245096172375, 2];[1, 1.2337005501361696400661892228561, 3];[1, 1.5707963267948965, 54];[1, 1.5707963267948963184893610408439, 1025];[1, 1.2566370614359172, -2];[-1, 1.9999999999999997688934766870555, 1076];[-1, 1.5, 53];[-1, 1.0, 53];[-1, 1.9999999999999998, 52];[-1, 0.0, 0];[1, 0.0, 0];[1, 1.0120112665365530917624767335946, -1021];[1, 1.0000000000000000075996431390427, -969];[1, 1.9999999999999998, 52];[1, 1.0, 53];[1, 1.0000000000000002, 53];[1, 1.5, 53];[1, 1.5707963267948965, 54];[1, 1.0, 106];[1, 1.9999999999999997688934766870555, 1076];[1, 1.6, 49];[-1, 1.9999999999999995377869533741111, 2047];[-1, 1.4999999999999998266701075152916, 1024];[-1, 1.9999999999999997688934766870555, 1023];[-1, 1.9999999999999995688934766870555, 1023];[-1, 0.0, 0];[1, 0.0, 0];[1, 1.0120112665365529748212740521984, -50];[1, 1.999999999999999784092762965141, 1];[1, 1.9999999999999995688934766870555, 1023];[1, 1.9999999999999997688934766870555, 1023];[1, 1.0000000000000000844467383435277, 1024];[1, 1.4999999999999998266701075152916, 1024];[1, 1.5707963267948963184893610408439, 1025];[1, 1.9999999999999997688934766870555, 1076];[1, 1.9999999999999995377869533741111, 2047];[1, 1.5999999999999998151147813496444, 1020];[-1, 1.5999999999999998151147813496444, 1020];[-1, 1.2, -3];[-1, 1.6, -4];[-1, 1.59999999999999984, -4];[-1, 0.0, 0];[1, 0.0, 0];[1, 1.6192180264584849468199627737513, -1078];[1, 1.6000000000000000121594290224684, -1026];[1, 1.59999999999999984, -4];[1, 1.6, -4];[1, 1.60000000000000032, -4];[1, 1.2, -3];[1, 1.2566370614359172, -2];[1, 1.6, 49];[1, 1.5999999999999998151147813496444, 1020];[1, 1.28, -7]",256,0
