probe_id,level,form_pair,lhs_holder,rhs_holder,x_set_a,x_set_b,n_probes,output_canon_vector,n_values,n_declines,n_unrepresentable,src_x_set_a,src_x_set_b
A24_1_1,1,truth|truth,bool,bool,"truth/L1/6:true,false,0,1,"""",nil","truth/L1/6:true,false,0,1,"""",nil",36,RAISE:TypeError;RAISE:TypeError;RAISE:TypeError;RAISE:TypeError;RAISE:TypeError;RAISE:TypeError;RAISE:TypeError;RAISE:TypeError;RAISE:TypeError;RAISE:TypeError;RAISE:TypeError;RAISE:TypeError;RAISE:TypeError;RAISE:TypeError;RAISE:TypeError;RAISE:TypeError;RAISE:TypeError;RAISE:TypeError;RAISE:TypeError;RAISE:TypeError;RAISE:TypeError;RAISE:TypeError;RAISE:TypeError;RAISE:TypeError;RAISE:TypeError;RAISE:TypeError;RAISE:TypeError;RAISE:TypeError;RAISE:TypeError;RAISE:TypeError;RAISE:TypeError;RAISE:TypeError;RAISE:TypeError;RAISE:TypeError;RAISE:TypeError;RAISE:TypeError,0,36,0,"truth/L1/6:true,false,0,1,"""",nil","truth/L1/6:true,false,0,1,"""",nil"
A24_1_2,1,truth|whole,bool,int,"truth/L1/6:true,false,0,1,"""",nil","whole/L1/17:-2^63,-2^63+1,-2^53-1,-2^31,-42,-1,0,1,7,42,1000,2^31-1,2^31,2^53-1,2^53+1,2^63-1,2^64-1",102,RAISE:TypeError;RAISE:TypeError;RAISE:TypeError;RAISE:TypeError;RAISE:TypeError;RAISE:TypeError;RAISE:TypeError;RAISE:TypeError;RAISE:TypeError;RAISE:TypeError;RAISE:TypeError;RAISE:TypeError;RAISE:TypeError;RAISE:TypeError;RAISE:TypeError;RAISE:TypeError;RAISE:TypeError;RAISE:TypeError;RAISE:TypeError;RAISE:TypeError;RAISE:TypeError;RAISE:TypeError;RAISE:TypeError;RAISE:TypeError;RAISE:TypeError;RAISE:TypeError;RAISE:TypeError;RAISE:TypeError;RAISE:TypeError;RAISE:TypeError;RAISE:TypeError;RAISE:TypeError;RAISE:TypeError;RAISE:TypeError;RAISE:TypeError;RAISE:TypeError;RAISE:TypeError;RAISE:TypeError;RAISE:TypeError;RAISE:TypeError;RAISE:TypeError;RAISE:TypeError;RAISE:TypeError;RAISE:TypeError;RAISE:TypeError;RAISE:TypeError;RAISE:TypeError;RAISE:TypeError;RAISE:TypeError;RAISE:TypeError;RAISE:TypeError;RAISE:TypeError;RAISE:TypeError;RAISE:TypeError;RAISE:TypeError;RAISE:TypeError;RAISE:TypeError;RAISE:TypeError;RAISE:TypeError;RAISE:TypeError;RAISE:TypeError;RAISE:TypeError;RAISE:TypeError;RAISE:TypeError;RAISE:TypeError;RAISE:TypeError;RAISE:TypeError;RAISE:TypeError;RAISE:TypeError;RAISE:TypeError;RAISE:TypeError;RAISE:TypeError;RAISE:TypeError;RAISE:TypeError;RAISE:TypeError;RAISE:TypeError;RAISE:TypeError;RAISE:TypeError;RAISE:TypeError;RAISE:TypeError;RAISE:TypeError;RAISE:TypeError;RAISE:TypeError;RAISE:TypeError;RAISE:TypeError;RAISE:TypeError;RAISE:TypeError;RAISE:TypeError;RAISE:TypeError;RAISE:TypeError;RAISE:TypeError;RAISE:TypeError;RAISE:TypeError;RAISE:TypeError;RAISE:TypeError;RAISE:TypeError;RAISE:TypeError;RAISE:TypeError;RAISE:TypeError;RAISE:TypeError;RAISE:TypeError;RAISE:TypeError,0,102,0,"truth/L1/6:true,false,0,1,"""",nil","whole/L1/17:-2^63,-2^63+1,-2^53-1,-2^31,-42,-1,0,1,7,42,1000,2^31-1,2^31,2^53-1,2^53+1,2^63-1,2^64-1"
A24_1_3,1,truth|whole,bool,Decimal,"truth/L1/6:true,false,0,1,"""",nil","whole/L1/17:-2^63,-2^63+1,-2^53-1,-2^31,-42,-1,0,1,7,42,1000,2^31-1,2^31,2^53-1,2^53+1,2^63-1,2^64-1",102,RAISE:TypeError;RAISE:TypeError;RAISE:TypeError;RAISE:TypeError;RAISE:TypeError;RAISE:TypeError;RAISE:TypeError;RAISE:TypeError;RAISE:TypeError;RAISE:TypeError;RAISE:TypeError;RAISE:TypeError;RAISE:TypeError;RAISE:TypeError;RAISE:TypeError;RAISE:TypeError;RAISE:TypeError;RAISE:TypeError;RAISE:TypeError;RAISE:TypeError;RAISE:TypeError;RAISE:TypeError;RAISE:TypeError;RAISE:TypeError;RAISE:TypeError;RAISE:TypeError;RAISE:TypeError;RAISE:TypeError;RAISE:TypeError;RAISE:TypeError;RAISE:TypeError;RAISE:TypeError;RAISE:TypeError;RAISE:TypeError;RAISE:TypeError;RAISE:TypeError;RAISE:TypeError;RAISE:TypeError;RAISE:TypeError;RAISE:TypeError;RAISE:TypeError;RAISE:TypeError;RAISE:TypeError;RAISE:TypeError;RAISE:TypeError;RAISE:TypeError;RAISE:TypeError;RAISE:TypeError;RAISE:TypeError;RAISE:TypeError;RAISE:TypeError;RAISE:TypeError;RAISE:TypeError;RAISE:TypeError;RAISE:TypeError;RAISE:TypeError;RAISE:TypeError;RAISE:TypeError;RAISE:TypeError;RAISE:TypeError;RAISE:TypeError;RAISE:TypeError;RAISE:TypeError;RAISE:TypeError;RAISE:TypeError;RAISE:TypeError;RAISE:TypeError;RAISE:TypeError;RAISE:TypeError;RAISE:TypeError;RAISE:TypeError;RAISE:TypeError;RAISE:TypeError;RAISE:TypeError;RAISE:TypeError;RAISE:TypeError;RAISE:TypeError;RAISE:TypeError;RAISE:TypeError;RAISE:TypeError;RAISE:TypeError;RAISE:TypeError;RAISE:TypeError;RAISE:TypeError;RAISE:TypeError;RAISE:TypeError;RAISE:TypeError;RAISE:TypeError;RAISE:TypeError;RAISE:TypeError;RAISE:TypeError;RAISE:TypeError;RAISE:TypeError;RAISE:TypeError;RAISE:TypeError;RAISE:TypeError;RAISE:TypeError;RAISE:TypeError;RAISE:TypeError;RAISE:TypeError;RAISE:TypeError;RAISE:TypeError,0,102,0,"truth/L1/6:true,false,0,1,"""",nil","whole/L1/17:-2^63,-2^63+1,-2^53-1,-2^31,-42,-1,0,1,7,42,1000,2^31-1,2^31,2^53-1,2^53+1,2^63-1,2^64-1"
A24_1_4,1,truth|whole,bool,Fraction,"truth/L1/6:true,false,0,1,"""",nil","whole/L1/17:-2^63,-2^63+1,-2^53-1,-2^31,-42,-1,0,1,7,42,1000,2^31-1,2^31,2^53-1,2^53+1,2^63-1,2^64-1",102,RAISE:TypeError;RAISE:TypeError;RAISE:TypeError;RAISE:TypeError;RAISE:TypeError;RAISE:TypeError;RAISE:TypeError;RAISE:TypeError;RAISE:TypeError;RAISE:TypeError;RAISE:TypeError;RAISE:TypeError;RAISE:TypeError;RAISE:TypeError;RAISE:TypeError;RAISE:TypeError;RAISE:TypeError;RAISE:TypeError;RAISE:TypeError;RAISE:TypeError;RAISE:TypeError;RAISE:TypeError;RAISE:TypeError;RAISE:TypeError;RAISE:TypeError;RAISE:TypeError;RAISE:TypeError;RAISE:TypeError;RAISE:TypeError;RAISE:TypeError;RAISE:TypeError;RAISE:TypeError;RAISE:TypeError;RAISE:TypeError;RAISE:TypeError;RAISE:TypeError;RAISE:TypeError;RAISE:TypeError;RAISE:TypeError;RAISE:TypeError;RAISE:TypeError;RAISE:TypeError;RAISE:TypeError;RAISE:TypeError;RAISE:TypeError;RAISE:TypeError;RAISE:TypeError;RAISE:TypeError;RAISE:TypeError;RAISE:TypeError;RAISE:TypeError;RAISE:TypeError;RAISE:TypeError;RAISE:TypeError;RAISE:TypeError;RAISE:TypeError;RAISE:TypeError;RAISE:TypeError;RAISE:TypeError;RAISE:TypeError;RAISE:TypeError;RAISE:TypeError;RAISE:TypeError;RAISE:TypeError;RAISE:TypeError;RAISE:TypeError;RAISE:TypeError;RAISE:TypeError;RAISE:TypeError;RAISE:TypeError;RAISE:TypeError;RAISE:TypeError;RAISE:TypeError;RAISE:TypeError;RAISE:TypeError;RAISE:TypeError;RAISE:TypeError;RAISE:TypeError;RAISE:TypeError;RAISE:TypeError;RAISE:TypeError;RAISE:TypeError;RAISE:TypeError;RAISE:TypeError;RAISE:TypeError;RAISE:TypeError;RAISE:TypeError;RAISE:TypeError;RAISE:TypeError;RAISE:TypeError;RAISE:TypeError;RAISE:TypeError;RAISE:TypeError;RAISE:TypeError;RAISE:TypeError;RAISE:TypeError;RAISE:TypeError;RAISE:TypeError;RAISE:TypeError;RAISE:TypeError;RAISE:TypeError;RAISE:TypeError,0,102,0,"truth/L1/6:true,false,0,1,"""",nil","whole/L1/17:-2^63,-2^63+1,-2^53-1,-2^31,-42,-1,0,1,7,42,1000,2^31-1,2^31,2^53-1,2^53+1,2^63-1,2^64-1"
A24_1_5,1,truth|whole,bool,c_int64,"truth/L1/6:true,false,0,1,"""",nil","whole/L1/17:-2^63,-2^63+1,-2^53-1,-2^31,-42,-1,0,1,7,42,1000,2^31-1,2^31,2^53-1,2^53+1,2^63-1,2^64-1",102,RAISE:TypeError;RAISE:TypeError;RAISE:TypeError;RAISE:TypeError;RAISE:TypeError;RAISE:TypeError;RAISE:TypeError;RAISE:TypeError;RAISE:TypeError;RAISE:TypeError;RAISE:TypeError;RAISE:TypeError;RAISE:TypeError;RAISE:TypeError;RAISE:TypeError;RAISE:TypeError;UNREPRESENTABLE;RAISE:TypeError;RAISE:TypeError;RAISE:TypeError;RAISE:TypeError;RAISE:TypeError;RAISE:TypeError;RAISE:TypeError;RAISE:TypeError;RAISE:TypeError;RAISE:TypeError;RAISE:TypeError;RAISE:TypeError;RAISE:TypeError;RAISE:TypeError;RAISE:TypeError;RAISE:TypeError;UNREPRESENTABLE;RAISE:TypeError;RAISE:TypeError;RAISE:TypeError;RAISE:TypeError;RAISE:TypeError;RAISE:TypeError;RAISE:TypeError;RAISE:TypeError;RAISE:TypeError;RAISE:TypeError;RAISE:TypeError;RAISE:TypeError;RAISE:TypeError;RAISE:TypeError;RAISE:TypeError;RAISE:TypeError;UNREPRESENTABLE;RAISE:TypeError;RAISE:TypeError;RAISE:TypeError;RAISE:TypeError;RAISE:TypeError;RAISE:TypeError;RAISE:TypeError;RAISE:TypeError;RAISE:TypeError;RAISE:TypeError;RAISE:TypeError;RAISE:TypeError;RAISE:TypeError;RAISE:TypeError;RAISE:TypeError;RAISE:TypeError;UNREPRESENTABLE;RAISE:TypeError;RAISE:TypeError;RAISE:TypeError;RAISE:TypeError;RAISE:TypeError;RAISE:TypeError;RAISE:TypeError;RAISE:TypeError;RAISE:TypeError;RAISE:TypeError;RAISE:TypeError;RAISE:TypeError;RAISE:TypeError;RAISE:TypeError;RAISE:TypeError;RAISE:TypeError;UNREPRESENTABLE;RAISE:TypeError;RAISE:TypeError;RAISE:TypeError;RAISE:TypeError;RAISE:TypeError;RAISE:TypeError;RAISE:TypeError;RAISE:TypeError;RAISE:TypeError;RAISE:TypeError;RAISE:TypeError;RAISE:TypeError;RAISE:TypeError;RAISE:TypeError;RAISE:TypeError;RAISE:TypeError;UNREPRESENTABLE,0,96,6,"truth/L1/6:true,false,0,1,"""",nil","whole/L1/16:-2^63,-2^63+1,-2^53-1,-2^31,-42,-1,0,1,7,42,1000,2^31-1,2^31,2^53-1,2^53+1,2^63-1"
A24_1_6,1,truth|fractional,bool,float,"truth/L1/6:true,false,0,1,"""",nil","fractional/L1/16:-max_finite,-1.5,-1.0,-(1.0-1ulp),-0.0,+0.0,+min_subnormal,+min_normal,1.0-1ulp,1.0,1.0+1ulp,1.5,pi,2^53,max_finite,0.1",96,RAISE:TypeError;RAISE:TypeError;RAISE:TypeError;RAISE:TypeError;RAISE:TypeError;RAISE:TypeError;RAISE:TypeError;RAISE:TypeError;RAISE:TypeError;RAISE:TypeError;RAISE:TypeError;RAISE:TypeError;RAISE:TypeError;RAISE:TypeError;RAISE:TypeError;RAISE:TypeError;RAISE:TypeError;RAISE:TypeError;RAISE:TypeError;RAISE:TypeError;RAISE:TypeError;RAISE:TypeError;RAISE:TypeError;RAISE:TypeError;RAISE:TypeError;RAISE:TypeError;RAISE:TypeError;RAISE:TypeError;RAISE:TypeError;RAISE:TypeError;RAISE:TypeError;RAISE:TypeError;RAISE:TypeError;RAISE:TypeError;RAISE:TypeError;RAISE:TypeError;RAISE:TypeError;RAISE:TypeError;RAISE:TypeError;RAISE:TypeError;RAISE:TypeError;RAISE:TypeError;RAISE:TypeError;RAISE:TypeError;RAISE:TypeError;RAISE:TypeError;RAISE:TypeError;RAISE:TypeError;RAISE:TypeError;RAISE:TypeError;RAISE:TypeError;RAISE:TypeError;RAISE:TypeError;RAISE:TypeError;RAISE:TypeError;RAISE:TypeError;RAISE:TypeError;RAISE:TypeError;RAISE:TypeError;RAISE:TypeError;RAISE:TypeError;RAISE:TypeError;RAISE:TypeError;RAISE:TypeError;RAISE:TypeError;RAISE:TypeError;RAISE:TypeError;RAISE:TypeError;RAISE:TypeError;RAISE:TypeError;RAISE:TypeError;RAISE:TypeError;RAISE:TypeError;RAISE:TypeError;RAISE:TypeError;RAISE:TypeError;RAISE:TypeError;RAISE:TypeError;RAISE:TypeError;RAISE:TypeError;RAISE:TypeError;RAISE:TypeError;RAISE:TypeError;RAISE:TypeError;RAISE:TypeError;RAISE:TypeError;RAISE:TypeError;RAISE:TypeError;RAISE:TypeError;RAISE:TypeError;RAISE:TypeError;RAISE:TypeError;RAISE:TypeError;RAISE:TypeError;RAISE:TypeError;RAISE:TypeError,0,96,0,"truth/L1/6:true,false,0,1,"""",nil","fractional/L1/16:-max_finite,-1.5,-1.0,-(1.0-1ulp),-0.0,+0.0,+min_subnormal,+min_normal,1.0-1ulp,1.0,1.0+1ulp,1.5,pi,2^53,max_finite,0.1"
A24_1_7,1,truth|fractional,bool,Decimal,"truth/L1/6:true,false,0,1,"""",nil","fractional/L1/16:-max_finite,-1.5,-1.0,-(1.0-1ulp),-0.0,+0.0,+min_subnormal,+min_normal,1.0-1ulp,1.0,1.0+1ulp,1.5,pi,2^53,max_finite,0.1",96,RAISE:TypeError;RAISE:TypeError;RAISE:TypeError;RAISE:TypeError;RAISE:TypeError;RAISE:TypeError;RAISE:TypeError;RAISE:TypeError;RAISE:TypeError;RAISE:TypeError;RAISE:TypeError;RAISE:TypeError;RAISE:TypeError;RAISE:TypeError;RAISE:TypeError;RAISE:TypeError;RAISE:TypeError;RAISE:TypeError;RAISE:TypeError;RAISE:TypeError;RAISE:TypeError;RAISE:TypeError;RAISE:TypeError;RAISE:TypeError;RAISE:TypeError;RAISE:TypeError;RAISE:TypeError;RAISE:TypeError;RAISE:TypeError;RAISE:TypeError;RAISE:TypeError;RAISE:TypeError;RAISE:TypeError;RAISE:TypeError;RAISE:TypeError;RAISE:TypeError;RAISE:TypeError;RAISE:TypeError;RAISE:TypeError;RAISE:TypeError;RAISE:TypeError;RAISE:TypeError;RAISE:TypeError;RAISE:TypeError;RAISE:TypeError;RAISE:TypeError;RAISE:TypeError;RAISE:TypeError;RAISE:TypeError;RAISE:TypeError;RAISE:TypeError;RAISE:TypeError;RAISE:TypeError;RAISE:TypeError;RAISE:TypeError;RAISE:TypeError;RAISE:TypeError;RAISE:TypeError;RAISE:TypeError;RAISE:TypeError;RAISE:TypeError;RAISE:TypeError;RAISE:TypeError;RAISE:TypeError;RAISE:TypeError;RAISE:TypeError;RAISE:TypeError;RAISE:TypeError;RAISE:TypeError;RAISE:TypeError;RAISE:TypeError;RAISE:TypeError;RAISE:TypeError;RAISE:TypeError;RAISE:TypeError;RAISE:TypeError;RAISE:TypeError;RAISE:TypeError;RAISE:TypeError;RAISE:TypeError;RAISE:TypeError;RAISE:TypeError;RAISE:TypeError;RAISE:TypeError;RAISE:TypeError;RAISE:TypeError;RAISE:TypeError;RAISE:TypeError;RAISE:TypeError;RAISE:TypeError;RAISE:TypeError;RAISE:TypeError;RAISE:TypeError;RAISE:TypeError;RAISE:TypeError;RAISE:TypeError,0,96,0,"truth/L1/6:true,false,0,1,"""",nil","fractional/L1/16:-max_finite,-1.5,-1.0,-(1.0-1ulp),-0.0,+0.0,+min_subnormal,+min_normal,1.0-1ulp,1.0,1.0+1ulp,1.5,pi,2^53,max_finite,0.1"
A24_1_8,1,truth|fractional,bool,Fraction,"truth/L1/6:true,false,0,1,"""",nil","fractional/L1/16:-max_finite,-1.5,-1.0,-(1.0-1ulp),-0.0,+0.0,+min_subnormal,+min_normal,1.0-1ulp,1.0,1.0+1ulp,1.5,pi,2^53,max_finite,0.1",96,RAISE:TypeError;RAISE:TypeError;RAISE:TypeError;RAISE:TypeError;UNREPRESENTABLE;RAISE:TypeError;RAISE:TypeError;RAISE:TypeError;RAISE:TypeError;RAISE:TypeError;RAISE:TypeError;RAISE:TypeError;RAISE:TypeError;RAISE:TypeError;RAISE:TypeError;RAISE:TypeError;RAISE:TypeError;RAISE:TypeError;RAISE:TypeError;RAISE:TypeError;UNREPRESENTABLE;RAISE:TypeError;RAISE:TypeError;RAISE:TypeError;RAISE:TypeError;RAISE:TypeError;RAISE:TypeError;RAISE:TypeError;RAISE:TypeError;RAISE:TypeError;RAISE:TypeError;RAISE:TypeError;RAISE:TypeError;RAISE:TypeError;RAISE:TypeError;RAISE:TypeError;UNREPRESENTABLE;RAISE:TypeError;RAISE:TypeError;RAISE:TypeError;RAISE:TypeError;RAISE:TypeError;RAISE:TypeError;RAISE:TypeError;RAISE:TypeError;RAISE:TypeError;RAISE:TypeError;RAISE:TypeError;RAISE:TypeError;RAISE:TypeError;RAISE:TypeError;RAISE:TypeError;UNREPRESENTABLE;RAISE:TypeError;RAISE:TypeError;RAISE:TypeError;RAISE:TypeError;RAISE:TypeError;RAISE:TypeError;RAISE:TypeError;RAISE:TypeError;RAISE:TypeError;RAISE:TypeError;RAISE:TypeError;RAISE:TypeError;RAISE:TypeError;RAISE:TypeError;RAISE:TypeError;UNREPRESENTABLE;RAISE:TypeError;RAISE:TypeError;RAISE:TypeError;RAISE:TypeError;RAISE:TypeError;RAISE:TypeError;RAISE:TypeError;RAISE:TypeError;RAISE:TypeError;RAISE:TypeError;RAISE:TypeError;RAISE:TypeError;RAISE:TypeError;RAISE:TypeError;RAISE:TypeError;UNREPRESENTABLE;RAISE:TypeError;RAISE:TypeError;RAISE:TypeError;RAISE:TypeError;RAISE:TypeError;RAISE:TypeError;RAISE:TypeError;RAISE:TypeError;RAISE:TypeError;RAISE:TypeError;RAISE:TypeError,0,90,6,"truth/L1/6:true,false,0,1,"""",nil","fractional/L1/15:-max_finite,-1.5,-1.0,-(1.0-1ulp),+0.0,+min_subnormal,+min_normal,1.0-1ulp,1.0,1.0+1ulp,1.5,pi,2^53,max_finite,0.1"
A24_2_1,1,whole|truth,int,bool,"whole/L1/17:-2^63,-2^63+1,-2^53-1,-2^31,-42,-1,0,1,7,42,1000,2^31-1,2^31,2^53-1,2^53+1,2^63-1,2^64-1","truth/L1/6:true,false,0,1,"""",nil",102,RAISE:TypeError;RAISE:TypeError;RAISE:TypeError;RAISE:TypeError;RAISE:TypeError;RAISE:TypeError;RAISE:TypeError;RAISE:TypeError;RAISE:TypeError;RAISE:TypeError;RAISE:TypeError;RAISE:TypeError;RAISE:TypeError;RAISE:TypeError;RAISE:TypeError;RAISE:TypeError;RAISE:TypeError;RAISE:TypeError;RAISE:TypeError;RAISE:TypeError;RAISE:TypeError;RAISE:TypeError;RAISE:TypeError;RAISE:TypeError;RAISE:TypeError;RAISE:TypeError;RAISE:TypeError;RAISE:TypeError;RAISE:TypeError;RAISE:TypeError;RAISE:TypeError;RAISE:TypeError;RAISE:TypeError;RAISE:TypeError;RAISE:TypeError;RAISE:TypeError;RAISE:TypeError;RAISE:TypeError;RAISE:TypeError;RAISE:TypeError;RAISE:TypeError;RAISE:TypeError;RAISE:TypeError;RAISE:TypeError;RAISE:TypeError;RAISE:TypeError;RAISE:TypeError;RAISE:TypeError;RAISE:TypeError;RAISE:TypeError;RAISE:TypeError;RAISE:TypeError;RAISE:TypeError;RAISE:TypeError;RAISE:TypeError;RAISE:TypeError;RAISE:TypeError;RAISE:TypeError;RAISE:TypeError;RAISE:TypeError;RAISE:TypeError;RAISE:TypeError;RAISE:TypeError;RAISE:TypeError;RAISE:TypeError;RAISE:TypeError;RAISE:TypeError;RAISE:TypeError;RAISE:TypeError;RAISE:TypeError;RAISE:TypeError;RAISE:TypeError;RAISE:TypeError;RAISE:TypeError;RAISE:TypeError;RAISE:TypeError;RAISE:TypeError;RAISE:TypeError;RAISE:TypeError;RAISE:TypeError;RAISE:TypeError;RAISE:TypeError;RAISE:TypeError;RAISE:TypeError;RAISE:TypeError;RAISE:TypeError;RAISE:TypeError;RAISE:TypeError;RAISE:TypeError;RAISE:TypeError;RAISE:TypeError;RAISE:TypeError;RAISE:TypeError;RAISE:TypeError;RAISE:TypeError;RAISE:TypeError;RAISE:TypeError;RAISE:TypeError;RAISE:TypeError;RAISE:TypeError;RAISE:TypeError;RAISE:TypeError,0,102,0,"whole/L1/17:-2^63,-2^63+1,-2^53-1,-2^31,-42,-1,0,1,7,42,1000,2^31-1,2^31,2^53-1,2^53+1,2^63-1,2^64-1","truth/L1/6:true,false,0,1,"""",nil"
A24_2_2,1,whole|whole,int,int,"whole/L1/17:-2^63,-2^63+1,-2^53-1,-2^31,-42,-1,0,1,7,42,1000,2^31-1,2^31,2^53-1,2^53+1,2^63-1,2^64-1","whole/L1/17:-2^63,-2^63+1,-2^53-1,-2^31,-42,-1,0,1,7,42,1000,2^31-1,2^31,2^53-1,2^53+1,2^63-1,2^64-1",289,RAISE:TypeError;RAISE:TypeError;RAISE:TypeError;RAISE:TypeError;RAISE:TypeError;RAISE:TypeError;RAISE:TypeError;RAISE:TypeError;RAISE:TypeError;RAISE:TypeError;RAISE:TypeError;RAISE:TypeError;RAISE:TypeError;RAISE:TypeError;RAISE:TypeError;RAISE:TypeError;RAISE:TypeError;RAISE:TypeError;RAISE:TypeError;RAISE:TypeError;RAISE:TypeError;RAISE:TypeError;RAISE:TypeError;RAISE:TypeError;RAISE:TypeError;RAISE:TypeError;RAISE:TypeError;RAISE:TypeError;RAISE:TypeError;RAISE:TypeError;RAISE:TypeError;RAISE:TypeError;RAISE:TypeError;RAISE:TypeError;RAISE:TypeError;RAISE:TypeError;RAISE:TypeError;RAISE:TypeError;RAISE:TypeError;RAISE:TypeError;RAISE:TypeError;RAISE:TypeError;RAISE:TypeError;RAISE:TypeError;RAISE:TypeError;RAISE:TypeError;RAISE:TypeError;RAISE:TypeError;RAISE:TypeError;RAISE:TypeError;RAISE:TypeError;RAISE:TypeError;RAISE:TypeError;RAISE:TypeError;RAISE:TypeError;RAISE:TypeError;RAISE:TypeError;RAISE:TypeError;RAISE:TypeError;RAISE:TypeError;RAISE:TypeError;RAISE:TypeError;RAISE:TypeError;RAISE:TypeError;RAISE:TypeError;RAISE:TypeError;RAISE:TypeError;RAISE:TypeError;RAISE:TypeError;RAISE:TypeError;RAISE:TypeError;RAISE:TypeError;RAISE:TypeError;RAISE:TypeError;RAISE:TypeError;RAISE:TypeError;RAISE:TypeError;RAISE:TypeError;RAISE:TypeError;RAISE:TypeError;RAISE:TypeError;RAISE:TypeError;RAISE:TypeError;RAISE:TypeError;RAISE:TypeError;RAISE:TypeError;RAISE:TypeError;RAISE:TypeError;RAISE:TypeError;RAISE:TypeError;RAISE:TypeError;RAISE:TypeError;RAISE:TypeError;RAISE:TypeError;RAISE:TypeError;RAISE:TypeError;RAISE:TypeError;RAISE:TypeError;RAISE:TypeError;RAISE:TypeError;RAISE:TypeError;RAISE:TypeError;RAISE:TypeError;RAISE:TypeError;RAISE:TypeError;RAISE:TypeError;RAISE:TypeError;RAISE:TypeError;RAISE:TypeError;RAISE:TypeError;RAISE:TypeError;RAISE:TypeError;RAISE:TypeError;RAISE:TypeError;RAISE:TypeError;RAISE:TypeError;RAISE:TypeError;RAISE:TypeError;RAISE:TypeError;RAISE:TypeError;RAISE:TypeError;RAISE:TypeError;RAISE:TypeError;RAISE:TypeError;RAISE:TypeError;RAISE:TypeError;RAISE:TypeError;RAISE:TypeError;RAISE:TypeError;RAISE:TypeError;RAISE:TypeError;RAISE:TypeError;RAISE:TypeError;RAISE:TypeError;RAISE:TypeError;RAISE:TypeError;RAISE:TypeError;RAISE:TypeError;RAISE:TypeError;RAISE:TypeError;RAISE:TypeError;RAISE:TypeError;RAISE:TypeError;RAISE:TypeError;RAISE:TypeError;RAISE:TypeError;RAISE:TypeError;RAISE:TypeError;RAISE:TypeError;RAISE:TypeError;RAISE:TypeError;RAISE:TypeError;RAISE:TypeError;RAISE:TypeError;RAISE:TypeError;RAISE:TypeError;RAISE:TypeError;RAISE:TypeError;RAISE:TypeError;RAISE:TypeError;RAISE:TypeError;RAISE:TypeError;RAISE:TypeError;RAISE:TypeError;RAISE:TypeError;RAISE:TypeError;RAISE:TypeError;RAISE:TypeError;RAISE:TypeError;RAISE:TypeError;RAISE:TypeError;RAISE:TypeError;RAISE:TypeError;RAISE:TypeError;RAISE:TypeError;RAISE:TypeError;RAISE:TypeError;RAISE:TypeError;RAISE:TypeError;RAISE:TypeError;RAISE:TypeError;RAISE:TypeError;RAISE:TypeError;RAISE:TypeError;RAISE:TypeError;RAISE:TypeError;RAISE:TypeError;RAISE:TypeError;RAISE:TypeError;RAISE:TypeError;RAISE:TypeError;RAISE:TypeError;RAISE:TypeError;RAISE:TypeError;RAISE:TypeError;RAISE:TypeError;RAISE:TypeError;RAISE:TypeError;RAISE:TypeError;RAISE:TypeError;RAISE:TypeError;RAISE:TypeError;RAISE:TypeError;RAISE:TypeError;RAISE:TypeError;RAISE:TypeError;RAISE:TypeError;RAISE:TypeError;RAISE:TypeError;RAISE:TypeError;RAISE:TypeError;RAISE:TypeError;RAISE:TypeError;RAISE:TypeError;RAISE:TypeError;RAISE:TypeError;RAISE:TypeError;RAISE:TypeError;RAISE:TypeError;RAISE:TypeError;RAISE:TypeError;RAISE:TypeError;RAISE:TypeError;RAISE:TypeError;RAISE:TypeError;RAISE:TypeError;RAISE:TypeError;RAISE:TypeError;RAISE:TypeError;RAISE:TypeError;RAISE:TypeError;RAISE:TypeError;RAISE:TypeError;RAISE:TypeError;RAISE:TypeError;RAISE:TypeError;RAISE:TypeError;RAISE:TypeError;RAISE:TypeError;RAISE:TypeError;RAISE:TypeError;RAISE:TypeError;RAISE:TypeError;RAISE:TypeError;RAISE:TypeError;RAISE:TypeError;RAISE:TypeError;RAISE:TypeError;RAISE:TypeError;RAISE:TypeError;RAISE:TypeError;RAISE:TypeError;RAISE:TypeError;RAISE:TypeError;RAISE:TypeError;RAISE:TypeError;RAISE:TypeError;RAISE:TypeError;RAISE:TypeError;RAISE:TypeError;RAISE:TypeError;RAISE:TypeError;RAISE:TypeError;RAISE:TypeError;RAISE:TypeError;RAISE:TypeError;RAISE:TypeError;RAISE:TypeError;RAISE:TypeError;RAISE:TypeError;RAISE:TypeError;RAISE:TypeError;RAISE:TypeError;RAISE:TypeError;RAISE:TypeError;RAISE:TypeError;RAISE:TypeError;RAISE:TypeError;RAISE:TypeError;RAISE:TypeError;RAISE:TypeError;RAISE:TypeError;RAISE:TypeError;RAISE:TypeError;RAISE:TypeError;RAISE:TypeError;RAISE:TypeError;RAISE:TypeError;RAISE:TypeError,0,289,0,"whole/L1/17:-2^63,-2^63+1,-2^53-1,-2^31,-42,-1,0,1,7,42,1000,2^31-1,2^31,2^53-1,2^53+1,2^63-1,2^64-1","whole/L1/17:-2^63,-2^63+1,-2^53-1,-2^31,-42,-1,0,1,7,42,1000,2^31-1,2^31,2^53-1,2^53+1,2^63-1,2^64-1"
A24_2_3,1,whole|whole,int,Decimal,"whole/L1/17:-2^63,-2^63+1,-2^53-1,-2^31,-42,-1,0,1,7,42,1000,2^31-1,2^31,2^53-1,2^53+1,2^63-1,2^64-1","whole/L1/17:-2^63,-2^63+1,-2^53-1,-2^31,-42,-1,0,1,7,42,1000,2^31-1,2^31,2^53-1,2^53+1,2^63-1,2^64-1",289,RAISE:TypeError;RAISE:TypeError;RAISE:TypeError;RAISE:TypeError;RAISE:TypeError;RAISE:TypeError;RAISE:TypeError;RAISE:TypeError;RAISE:TypeError;RAISE:TypeError;RAISE:TypeError;RAISE:TypeError;RAISE:TypeError;RAISE:TypeError;RAISE:TypeError;RAISE:TypeError;RAISE:TypeError;RAISE:TypeError;RAISE:TypeError;RAISE:TypeError;RAISE:TypeError;RAISE:TypeError;RAISE:TypeError;RAISE:TypeError;RAISE:TypeError;RAISE:TypeError;RAISE:TypeError;RAISE:TypeError;RAISE:TypeError;RAISE:TypeError;RAISE:TypeError;RAISE:TypeError;RAISE:TypeError;RAISE:TypeError;RAISE:TypeError;RAISE:TypeError;RAISE:TypeError;RAISE:TypeError;RAISE:TypeError;RAISE:TypeError;RAISE:TypeError;RAISE:TypeError;RAISE:TypeError;RAISE:TypeError;RAISE:TypeError;RAISE:TypeError;RAISE:TypeError;RAISE:TypeError;RAISE:TypeError;RAISE:TypeError;RAISE:TypeError;RAISE:TypeError;RAISE:TypeError;RAISE:TypeError;RAISE:TypeError;RAISE:TypeError;RAISE:TypeError;RAISE:TypeError;RAISE:TypeError;RAISE:TypeError;RAISE:TypeError;RAISE:TypeError;RAISE:TypeError;RAISE:TypeError;RAISE:TypeError;RAISE:TypeError;RAISE:TypeError;RAISE:TypeError;RAISE:TypeError;RAISE:TypeError;RAISE:TypeError;RAISE:TypeError;RAISE:TypeError;RAISE:TypeError;RAISE:TypeError;RAISE:TypeError;RAISE:TypeError;RAISE:TypeError;RAISE:TypeError;RAISE:TypeError;RAISE:TypeError;RAISE:TypeError;RAISE:TypeError;RAISE:TypeError;RAISE:TypeError;RAISE:TypeError;RAISE:TypeError;RAISE:TypeError;RAISE:TypeError;RAISE:TypeError;RAISE:TypeError;RAISE:TypeError;RAISE:TypeError;RAISE:TypeError;RAISE:TypeError;RAISE:TypeError;RAISE:TypeError;RAISE:TypeError;RAISE:TypeError;RAISE:TypeError;RAISE:TypeError;RAISE:TypeError;RAISE:TypeError;RAISE:TypeError;RAISE:TypeError;RAISE:TypeError;RAISE:TypeError;RAISE:TypeError;RAISE:TypeError;RAISE:TypeError;RAISE:TypeError;RAISE:TypeError;RAISE:TypeError;RAISE:TypeError;RAISE:TypeError;RAISE:TypeError;RAISE:TypeError;RAISE:TypeError;RAISE:TypeError;RAISE:TypeError;RAISE:TypeError;RAISE:TypeError;RAISE:TypeError;RAISE:TypeError;RAISE:TypeError;RAISE:TypeError;RAISE:TypeError;RAISE:TypeError;RAISE:TypeError;RAISE:TypeError;RAISE:TypeError;RAISE:TypeError;RAISE:TypeError;RAISE:TypeError;RAISE:TypeError;RAISE:TypeError;RAISE:TypeError;RAISE:TypeError;RAISE:TypeError;RAISE:TypeError;RAISE:TypeError;RAISE:TypeError;RAISE:TypeError;RAISE:TypeError;RAISE:TypeError;RAISE:TypeError;RAISE:TypeError;RAISE:TypeError;RAISE:TypeError;RAISE:TypeError;RAISE:TypeError;RAISE:TypeError;RAISE:TypeError;RAISE:TypeError;RAISE:TypeError;RAISE:TypeError;RAISE:TypeError;RAISE:TypeError;RAISE:TypeError;RAISE:TypeError;RAISE:TypeError;RAISE:TypeError;RAISE:TypeError;RAISE:TypeError;RAISE:TypeError;RAISE:TypeError;RAISE:TypeError;RAISE:TypeError;RAISE:TypeError;RAISE:TypeError;RAISE:TypeError;RAISE:TypeError;RAISE:TypeError;RAISE:TypeError;RAISE:TypeError;RAISE:TypeError;RAISE:TypeError;RAISE:TypeError;RAISE:TypeError;RAISE:TypeError;RAISE:TypeError;RAISE:TypeError;RAISE:TypeError;RAISE:TypeError;RAISE:TypeError;RAISE:TypeError;RAISE:TypeError;RAISE:TypeError;RAISE:TypeError;RAISE:TypeError;RAISE:TypeError;RAISE:TypeError;RAISE:TypeError;RAISE:TypeError;RAISE:TypeError;RAISE:TypeError;RAISE:TypeError;RAISE:TypeError;RAISE:TypeError;RAISE:TypeError;RAISE:TypeError;RAISE:TypeError;RAISE:TypeError;RAISE:TypeError;RAISE:TypeError;RAISE:TypeError;RAISE:TypeError;RAISE:TypeError;RAISE:TypeError;RAISE:TypeError;RAISE:TypeError;RAISE:TypeError;RAISE:TypeError;RAISE:TypeError;RAISE:TypeError;RAISE:TypeError;RAISE:TypeError;RAISE:TypeError;RAISE:TypeError;RAISE:TypeError;RAISE:TypeError;RAISE:TypeError;RAISE:TypeError;RAISE:TypeError;RAISE:TypeError;RAISE:TypeError;RAISE:TypeError;RAISE:TypeError;RAISE:TypeError;RAISE:TypeError;RAISE:TypeError;RAISE:TypeError;RAISE:TypeError;RAISE:TypeError;RAISE:TypeError;RAISE:TypeError;RAISE:TypeError;RAISE:TypeError;RAISE:TypeError;RAISE:TypeError;RAISE:TypeError;RAISE:TypeError;RAISE:TypeError;RAISE:TypeError;RAISE:TypeError;RAISE:TypeError;RAISE:TypeError;RAISE:TypeError;RAISE:TypeError;RAISE:TypeError;RAISE:TypeError;RAISE:TypeError;RAISE:TypeError;RAISE:TypeError;RAISE:TypeError;RAISE:TypeError;RAISE:TypeError;RAISE:TypeError;RAISE:TypeError;RAISE:TypeError;RAISE:TypeError;RAISE:TypeError;RAISE:TypeError;RAISE:TypeError;RAISE:TypeError;RAISE:TypeError;RAISE:TypeError;RAISE:TypeError;RAISE:TypeError;RAISE:TypeError;RAISE:TypeError;RAISE:TypeError;RAISE:TypeError;RAISE:TypeError;RAISE:TypeError;RAISE:TypeError;RAISE:TypeError;RAISE:TypeError;RAISE:TypeError;RAISE:TypeError;RAISE:TypeError;RAISE:TypeError;RAISE:TypeError;RAISE:TypeError;RAISE:TypeError;RAISE:TypeError;RAISE:TypeError;RAISE:TypeError;RAISE:TypeError,0,289,0,"whole/L1/17:-2^63,-2^63+1,-2^53-1,-2^31,-42,-1,0,1,7,42,1000,2^31-1,2^31,2^53-1,2^53+1,2^63-1,2^64-1","whole/L1/17:-2^63,-2^63+1,-2^53-1,-2^31,-42,-1,0,1,7,42,1000,2^31-1,2^31,2^53-1,2^53+1,2^63-1,2^64-1"
A24_2_4,1,whole|whole,int,Fraction,"whole/L1/17:-2^63,-2^63+1,-2^53-1,-2^31,-42,-1,0,1,7,42,1000,2^31-1,2^31,2^53-1,2^53+1,2^63-1,2^64-1","whole/L1/17:-2^63,-2^63+1,-2^53-1,-2^31,-42,-1,0,1,7,42,1000,2^31-1,2^31,2^53-1,2^53+1,2^63-1,2^64-1",289,RAISE:TypeError;RAISE:TypeError;RAISE:TypeError;RAISE:TypeError;RAISE:TypeError;RAISE:TypeError;RAISE:TypeError;RAISE:TypeError;RAISE:TypeError;RAISE:TypeError;RAISE:TypeError;RAISE:TypeError;RAISE:TypeError;RAISE:TypeError;RAISE:TypeError;RAISE:TypeError;RAISE:TypeError;RAISE:TypeError;RAISE:TypeError;RAISE:TypeError;RAISE:TypeError;RAISE:TypeError;RAISE:TypeError;RAISE:TypeError;RAISE:TypeError;RAISE:TypeError;RAISE:TypeError;RAISE:TypeError;RAISE:TypeError;RAISE:TypeError;RAISE:TypeError;RAISE:TypeError;RAISE:TypeError;RAISE:TypeError;RAISE:TypeError;RAISE:TypeError;RAISE:TypeError;RAISE:TypeError;RAISE:TypeError;RAISE:TypeError;RAISE:TypeError;RAISE:TypeError;RAISE:TypeError;RAISE:TypeError;RAISE:TypeError;RAISE:TypeError;RAISE:TypeError;RAISE:TypeError;RAISE:TypeError;RAISE:TypeError;RAISE:TypeError;RAISE:TypeError;RAISE:TypeError;RAISE:TypeError;RAISE:TypeError;RAISE:TypeError;RAISE:TypeError;RAISE:TypeError;RAISE:TypeError;RAISE:TypeError;RAISE:TypeError;RAISE:TypeError;RAISE:TypeError;RAISE:TypeError;RAISE:TypeError;RAISE:TypeError;RAISE:TypeError;RAISE:TypeError;RAISE:TypeError;RAISE:TypeError;RAISE:TypeError;RAISE:TypeError;RAISE:TypeError;RAISE:TypeError;RAISE:TypeError;RAISE:TypeError;RAISE:TypeError;RAISE:TypeError;RAISE:TypeError;RAISE:TypeError;RAISE:TypeError;RAISE:TypeError;RAISE:TypeError;RAISE:TypeError;RAISE:TypeError;RAISE:TypeError;RAISE:TypeError;RAISE:TypeError;RAISE:TypeError;RAISE:TypeError;RAISE:TypeError;RAISE:TypeError;RAISE:TypeError;RAISE:TypeError;RAISE:TypeError;RAISE:TypeError;RAISE:TypeError;RAISE:TypeError;RAISE:TypeError;RAISE:TypeError;RAISE:TypeError;RAISE:TypeError;RAISE:TypeError;RAISE:TypeError;RAISE:TypeError;RAISE:TypeError;RAISE:TypeError;RAISE:TypeError;RAISE:TypeError;RAISE:TypeError;RAISE:TypeError;RAISE:TypeError;RAISE:TypeError;RAISE:TypeError;RAISE:TypeError;RAISE:TypeError;RAISE:TypeError;RAISE:TypeError;RAISE:TypeError;RAISE:TypeError;RAISE:TypeError;RAISE:TypeError;RAISE:TypeError;RAISE:TypeError;RAISE:TypeError;RAISE:TypeError;RAISE:TypeError;RAISE:TypeError;RAISE:TypeError;RAISE:TypeError;RAISE:TypeError;RAISE:TypeError;RAISE:TypeError;RAISE:TypeError;RAISE:TypeError;RAISE:TypeError;RAISE:TypeError;RAISE:TypeError;RAISE:TypeError;RAISE:TypeError;RAISE:TypeError;RAISE:TypeError;RAISE:TypeError;RAISE:TypeError;RAISE:TypeError;RAISE:TypeError;RAISE:TypeError;RAISE:TypeError;RAISE:TypeError;RAISE:TypeError;RAISE:TypeError;RAISE:TypeError;RAISE:TypeError;RAISE:TypeError;RAISE:TypeError;RAISE:TypeError;RAISE:TypeError;RAISE:TypeError;RAISE:TypeError;RAISE:TypeError;RAISE:TypeError;RAISE:TypeError;RAISE:TypeError;RAISE:TypeError;RAISE:TypeError;RAISE:TypeError;RAISE:TypeError;RAISE:TypeError;RAISE:TypeError;RAISE:TypeError;RAISE:TypeError;RAISE:TypeError;RAISE:TypeError;RAISE:TypeError;RAISE:TypeError;RAISE:TypeError;RAISE:TypeError;RAISE:TypeError;RAISE:TypeError;RAISE:TypeError;RAISE:TypeError;RAISE:TypeError;RAISE:TypeError;RAISE:TypeError;RAISE:TypeError;RAISE:TypeError;RAISE:TypeError;RAISE:TypeError;RAISE:TypeError;RAISE:TypeError;RAISE:TypeError;RAISE:TypeError;RAISE:TypeError;RAISE:TypeError;RAISE:TypeError;RAISE:TypeError;RAISE:TypeError;RAISE:TypeError;RAISE:TypeError;RAISE:TypeError;RAISE:TypeError;RAISE:TypeError;RAISE:TypeError;RAISE:TypeError;RAISE:TypeError;RAISE:TypeError;RAISE:TypeError;RAISE:TypeError;RAISE:TypeError;RAISE:TypeError;RAISE:TypeError;RAISE:TypeError;RAISE:TypeError;RAISE:TypeError;RAISE:TypeError;RAISE:TypeError;RAISE:TypeError;RAISE:TypeError;RAISE:TypeError;RAISE:TypeError;RAISE:TypeError;RAISE:TypeError;RAISE:TypeError;RAISE:TypeError;RAISE:TypeError;RAISE:TypeError;RAISE:TypeError;RAISE:TypeError;RAISE:TypeError;RAISE:TypeError;RAISE:TypeError;RAISE:TypeError;RAISE:TypeError;RAISE:TypeError;RAISE:TypeError;RAISE:TypeError;RAISE:TypeError;RAISE:TypeError;RAISE:TypeError;RAISE:TypeError;RAISE:TypeError;RAISE:TypeError;RAISE:TypeError;RAISE:TypeError;RAISE:TypeError;RAISE:TypeError;RAISE:TypeError;RAISE:TypeError;RAISE:TypeError;RAISE:TypeError;RAISE:TypeError;RAISE:TypeError;RAISE:TypeError;RAISE:TypeError;RAISE:TypeError;RAISE:TypeError;RAISE:TypeError;RAISE:TypeError;RAISE:TypeError;RAISE:TypeError;RAISE:TypeError;RAISE:TypeError;RAISE:TypeError;RAISE:TypeError;RAISE:TypeError;RAISE:TypeError;RAISE:TypeError;RAISE:TypeError;RAISE:TypeError;RAISE:TypeError;RAISE:TypeError;RAISE:TypeError;RAISE:TypeError;RAISE:TypeError;RAISE:TypeError;RAISE:TypeError;RAISE:TypeError;RAISE:TypeError;RAISE:TypeError;RAISE:TypeError;RAISE:TypeError;RAISE:TypeError;RAISE:TypeError;RAISE:TypeError;RAISE:TypeError;RAISE:TypeError;RAISE:TypeError;RAISE:TypeError;RAISE:TypeError,0,289,0,"whole/L1/17:-2^63,-2^63+1,-2^53-1,-2^31,-42,-1,0,1,7,42,1000,2^31-1,2^31,2^53-1,2^53+1,2^63-1,2^64-1","whole/L1/17:-2^63,-2^63+1,-2^53-1,-2^31,-42,-1,0,1,7,42,1000,2^31-1,2^31,2^53-1,2^53+1,2^63-1,2^64-1"
A24_2_5,1,whole|whole,int,c_int64,"whole/L1/17:-2^63,-2^63+1,-2^53-1,-2^31,-42,-1,0,1,7,42,1000,2^31-1,2^31,2^53-1,2^53+1,2^63-1,2^64-1","whole/L1/17:-2^63,-2^63+1,-2^53-1,-2^31,-42,-1,0,1,7,42,1000,2^31-1,2^31,2^53-1,2^53+1,2^63-1,2^64-1",289,RAISE:TypeError;RAISE:TypeError;RAISE:TypeError;RAISE:TypeError;RAISE:TypeError;RAISE:TypeError;RAISE:TypeError;RAISE:TypeError;RAISE:TypeError;RAISE:TypeError;RAISE:TypeError;RAISE:TypeError;RAISE:TypeError;RAISE:TypeError;RAISE:TypeError;RAISE:TypeError;UNREPRESENTABLE;RAISE:TypeError;RAISE:TypeError;RAISE:TypeError;RAISE:TypeError;RAISE:TypeError;RAISE:TypeError;RAISE:TypeError;RAISE:TypeError;RAISE:TypeError;RAISE:TypeError;RAISE:TypeError;RAISE:TypeError;RAISE:TypeError;RAISE:TypeError;RAISE:TypeError;RAISE:TypeError;UNREPRESENTABLE;RAISE:TypeError;RAISE:TypeError;RAISE:TypeError;RAISE:TypeError;RAISE:TypeError;RAISE:TypeError;RAISE:TypeError;RAISE:TypeError;RAISE:TypeError;RAISE:TypeError;RAISE:TypeError;RAISE:TypeError;RAISE:TypeError;RAISE:TypeError;RAISE:TypeError;RAISE:TypeError;UNREPRESENTABLE;RAISE:TypeError;RAISE:TypeError;RAISE:TypeError;RAISE:TypeError;RAISE:TypeError;RAISE:TypeError;RAISE:TypeError;RAISE:TypeError;RAISE:TypeError;RAISE:TypeError;RAISE:TypeError;RAISE:TypeError;RAISE:TypeError;RAISE:TypeError;RAISE:TypeError;RAISE:TypeError;UNREPRESENTABLE;RAISE:TypeError;RAISE:TypeError;RAISE:TypeError;RAISE:TypeError;RAISE:TypeError;RAISE:TypeError;RAISE:TypeError;RAISE:TypeError;RAISE:TypeError;RAISE:TypeError;RAISE:TypeError;RAISE:TypeError;RAISE:TypeError;RAISE:TypeError;RAISE:TypeError;RAISE:TypeError;UNREPRESENTABLE;RAISE:TypeError;RAISE:TypeError;RAISE:TypeError;RAISE:TypeError;RAISE:TypeError;RAISE:TypeError;RAISE:TypeError;RAISE:TypeError;RAISE:TypeError;RAISE:TypeError;RAISE:TypeError;RAISE:TypeError;RAISE:TypeError;RAISE:TypeError;RAISE:TypeError;RAISE:TypeError;UNREPRESENTABLE;RAISE:TypeError;RAISE:TypeError;RAISE:TypeError;RAISE:TypeError;RAISE:TypeError;RAISE:TypeError;RAISE:TypeError;RAISE:TypeError;RAISE:TypeError;RAISE:TypeError;RAISE:TypeError;RAISE:TypeError;RAISE:TypeError;RAISE:TypeError;RAISE:TypeError;RAISE:TypeError;UNREPRESENTABLE;RAISE:TypeError;RAISE:TypeError;RAISE:TypeError;RAISE:TypeError;RAISE:TypeError;RAISE:TypeError;RAISE:TypeError;RAISE:TypeError;RAISE:TypeError;RAISE:TypeError;RAISE:TypeError;RAISE:TypeError;RAISE:TypeError;RAISE:TypeError;RAISE:TypeError;RAISE:TypeError;UNREPRESENTABLE;RAISE:TypeError;RAISE:TypeError;RAISE:TypeError;RAISE:TypeError;RAISE:TypeError;RAISE:TypeError;RAISE:TypeError;RAISE:TypeError;RAISE:TypeError;RAISE:TypeError;RAISE:TypeError;RAISE:TypeError;RAISE:TypeError;RAISE:TypeError;RAISE:TypeError;RAISE:TypeError;UNREPRESENTABLE;RAISE:TypeError;RAISE:TypeError;RAISE:TypeError;RAISE:TypeError;RAISE:TypeError;RAISE:TypeError;RAISE:TypeError;RAISE:TypeError;RAISE:TypeError;RAISE:TypeError;RAISE:TypeError;RAISE:TypeError;RAISE:TypeError;RAISE:TypeError;RAISE:TypeError;RAISE:TypeError;UNREPRESENTABLE;RAISE:TypeError;RAISE:TypeError;RAISE:TypeError;RAISE:TypeError;RAISE:TypeError;RAISE:TypeError;RAISE:TypeError;RAISE:TypeError;RAISE:TypeError;RAISE:TypeError;RAISE:TypeError;RAISE:TypeError;RAISE:TypeError;RAISE:TypeError;RAISE:TypeError;RAISE:TypeError;UNREPRESENTABLE;RAISE:TypeError;RAISE:TypeError;RAISE:TypeError;RAISE:TypeError;RAISE:TypeError;RAISE:TypeError;RAISE:TypeError;RAISE:TypeError;RAISE:TypeError;RAISE:TypeError;RAISE:TypeError;RAISE:TypeError;RAISE:TypeError;RAISE:TypeError;RAISE:TypeError;RAISE:TypeError;UNREPRESENTABLE;RAISE:TypeError;RAISE:TypeError;RAISE:TypeError;RAISE:TypeError;RAISE:TypeError;RAISE:TypeError;RAISE:TypeError;RAISE:TypeError;RAISE:TypeError;RAISE:TypeError;RAISE:TypeError;RAISE:TypeError;RAISE:TypeError;RAISE:TypeError;RAISE:TypeError;RAISE:TypeError;UNREPRESENTABLE;RAISE:TypeError;RAISE:TypeError;RAISE:TypeError;RAISE:TypeError;RAISE:TypeError;RAISE:TypeError;RAISE:TypeError;RAISE:TypeError;RAISE:TypeError;RAISE:TypeError;RAISE:TypeError;RAISE:TypeError;RAISE:TypeError;RAISE:TypeError;RAISE:TypeError;RAISE:TypeError;UNREPRESENTABLE;RAISE:TypeError;RAISE:TypeError;RAISE:TypeError;RAISE:TypeError;RAISE:TypeError;RAISE:TypeError;RAISE:TypeError;RAISE:TypeError;RAISE:TypeError;RAISE:TypeError;RAISE:TypeError;RAISE:TypeError;RAISE:TypeError;RAISE:TypeError;RAISE:TypeError;RAISE:TypeError;UNREPRESENTABLE;RAISE:TypeError;RAISE:TypeError;RAISE:TypeError;RAISE:TypeError;RAISE:TypeError;RAISE:TypeError;RAISE:TypeError;RAISE:TypeError;RAISE:TypeError;RAISE:TypeError;RAISE:TypeError;RAISE:TypeError;RAISE:TypeError;RAISE:TypeError;RAISE:TypeError;RAISE:TypeError;UNREPRESENTABLE;RAISE:TypeError;RAISE:TypeError;RAISE:TypeError;RAISE:TypeError;RAISE:TypeError;RAISE:TypeError;RAISE:TypeError;RAISE:TypeError;RAISE:TypeError;RAISE:TypeError;RAISE:TypeError;RAISE:TypeError;RAISE:TypeError;RAISE:TypeError;RAISE:TypeError;RAISE:TypeError;UNREPRESENTABLE,0,272,17,"whole/L1/17:-2^63,-2^63+1,-2^53-1,-2^31,-42,-1,0,1,7,42,1000,2^31-1,2^31,2^53-1,2^53+1,2^63-1,2^64-1","whole/L1/16:-2^63,-2^63+1,-2^53-1,-2^31,-42,-1,0,1,7,42,1000,2^31-1,2^31,2^53-1,2^53+1,2^63-1"
A24_2_6,1,whole|fractional,int,float,"whole/L1/17:-2^63,-2^63+1,-2^53-1,-2^31,-42,-1,0,1,7,42,1000,2^31-1,2^31,2^53-1,2^53+1,2^63-1,2^64-1","fractional/L1/16:-max_finite,-1.5,-1.0,-(1.0-1ulp),-0.0,+0.0,+min_subnormal,+min_normal,1.0-1ulp,1.0,1.0+1ulp,1.5,pi,2^53,max_finite,0.1",272,RAISE:TypeError;RAISE:TypeError;RAISE:TypeError;RAISE:TypeError;RAISE:TypeError;RAISE:TypeError;RAISE:TypeError;RAISE:TypeError;RAISE:TypeError;RAISE:TypeError;RAISE:TypeError;RAISE:TypeError;RAISE:TypeError;RAISE:TypeError;RAISE:TypeError;RAISE:TypeError;RAISE:TypeError;RAISE:TypeError;RAISE:TypeError;RAISE:TypeError;RAISE:TypeError;RAISE:TypeError;RAISE:TypeError;RAISE:TypeError;RAISE:TypeError;RAISE:TypeError;RAISE:TypeError;RAISE:TypeError;RAISE:TypeError;RAISE:TypeError;RAISE:TypeError;RAISE:TypeError;RAISE:TypeError;RAISE:TypeError;RAISE:TypeError;RAISE:TypeError;RAISE:TypeError;RAISE:TypeError;RAISE:TypeError;RAISE:TypeError;RAISE:TypeError;RAISE:TypeError;RAISE:TypeError;RAISE:TypeError;RAISE:TypeError;RAISE:TypeError;RAISE:TypeError;RAISE:TypeError;RAISE:TypeError;RAISE:TypeError;RAISE:TypeError;RAISE:TypeError;RAISE:TypeError;RAISE:TypeError;RAISE:TypeError;RAISE:TypeError;RAISE:TypeError;RAISE:TypeError;RAISE:TypeError;RAISE:TypeError;RAISE:TypeError;RAISE:TypeError;RAISE:TypeError;RAISE:TypeError;RAISE:TypeError;RAISE:TypeError;RAISE:TypeError;RAISE:TypeError;RAISE:TypeError;RAISE:TypeError;RAISE:TypeError;RAISE:TypeError;RAISE:TypeError;RAISE:TypeError;RAISE:TypeError;RAISE:TypeError;RAISE:TypeError;RAISE:TypeError;RAISE:TypeError;RAISE:TypeError;RAISE:TypeError;RAISE:TypeError;RAISE:TypeError;RAISE:TypeError;RAISE:TypeError;RAISE:TypeError;RAISE:TypeError;RAISE:TypeError;RAISE:TypeError;RAISE:TypeError;RAISE:TypeError;RAISE:TypeError;RAISE:TypeError;RAISE:TypeError;RAISE:TypeError;RAISE:TypeError;RAISE:TypeError;RAISE:TypeError;RAISE:TypeError;RAISE:TypeError;RAISE:TypeError;RAISE:TypeError;RAISE:TypeError;RAISE:TypeError;RAISE:TypeError;RAISE:TypeError;RAISE:TypeError;RAISE:TypeError;RAISE:TypeError;RAISE:TypeError;RAISE:TypeError;RAISE:TypeError;RAISE:TypeError;RAISE:TypeError;RAISE:TypeError;RAISE:TypeError;RAISE:TypeError;RAISE:TypeError;RAISE:TypeError;RAISE:TypeError;RAISE:TypeError;RAISE:TypeError;RAISE:TypeError;RAISE:TypeError;RAISE:TypeError;RAISE:TypeError;RAISE:TypeError;RAISE:TypeError;RAISE:TypeError;RAISE:TypeError;RAISE:TypeError;RAISE:TypeError;RAISE:TypeError;RAISE:TypeError;RAISE:TypeError;RAISE:TypeError;RAISE:TypeError;RAISE:TypeError;RAISE:TypeError;RAISE:TypeError;RAISE:TypeError;RAISE:TypeError;RAISE:TypeError;RAISE:TypeError;RAISE:TypeError;RAISE:TypeError;RAISE:TypeError;RAISE:TypeError;RAISE:TypeError;RAISE:TypeError;RAISE:TypeError;RAISE:TypeError;RAISE:TypeError;RAISE:TypeError;RAISE:TypeError;RAISE:TypeError;RAISE:TypeError;RAISE:TypeError;RAISE:TypeError;RAISE:TypeError;RAISE:TypeError;RAISE:TypeError;RAISE:TypeError;RAISE:TypeError;RAISE:TypeError;RAISE:TypeError;RAISE:TypeError;RAISE:TypeError;RAISE:TypeError;RAISE:TypeError;RAISE:TypeError;RAISE:TypeError;RAISE:TypeError;RAISE:TypeError;RAISE:TypeError;RAISE:TypeError;RAISE:TypeError;RAISE:TypeError;RAISE:TypeError;RAISE:TypeError;RAISE:TypeError;RAISE:TypeError;RAISE:TypeError;RAISE:TypeError;RAISE:TypeError;RAISE:TypeError;RAISE:TypeError;RAISE:TypeError;RAISE:TypeError;RAISE:TypeError;RAISE:TypeError;RAISE:TypeError;RAISE:TypeError;RAISE:TypeError;RAISE:TypeError;RAISE:TypeError;RAISE:TypeError;RAISE:TypeError;RAISE:TypeError;RAISE:TypeError;RAISE:TypeError;RAISE:TypeError;RAISE:TypeError;RAISE:TypeError;RAISE:TypeError;RAISE:TypeError;RAISE:TypeError;RAISE:TypeError;RAISE:TypeError;RAISE:TypeError;RAISE:TypeError;RAISE:TypeError;RAISE:TypeError;RAISE:TypeError;RAISE:TypeError;RAISE:TypeError;RAISE:TypeError;RAISE:TypeError;RAISE:TypeError;RAISE:TypeError;RAISE:TypeError;RAISE:TypeError;RAISE:TypeError;RAISE:TypeError;RAISE:TypeError;RAISE:TypeError;RAISE:TypeError;RAISE:TypeError;RAISE:TypeError;RAISE:TypeError;RAISE:TypeError;RAISE:TypeError;RAISE:TypeError;RAISE:TypeError;RAISE:TypeError;RAISE:TypeError;RAISE:TypeError;RAISE:TypeError;RAISE:TypeError;RAISE:TypeError;RAISE:TypeError;RAISE:TypeError;RAISE:TypeError;RAISE:TypeError;RAISE:TypeError;RAISE:TypeError;RAISE:TypeError;RAISE:TypeError;RAISE:TypeError;RAISE:TypeError;RAISE:TypeError;RAISE:TypeError;RAISE:TypeError;RAISE:TypeError;RAISE:TypeError;RAISE:TypeError;RAISE:TypeError;RAISE:TypeError;RAISE:TypeError;RAISE:TypeError;RAISE:TypeError;RAISE:TypeError;RAISE:TypeError;RAISE:TypeError;RAISE:TypeError;RAISE:TypeError;RAISE:TypeError;RAISE:TypeError;RAISE:TypeError;RAISE:TypeError;RAISE:TypeError;RAISE:TypeError,0,272,0,"whole/L1/17:-2^63,-2^63+1,-2^53-1,-2^31,-42,-1,0,1,7,42,1000,2^31-1,2^31,2^53-1,2^53+1,2^63-1,2^64-1","fractional/L1/16:-max_finite,-1.5,-1.0,-(1.0-1ulp),-0.0,+0.0,+min_subnormal,+min_normal,1.0-1ulp,1.0,1.0+1ulp,1.5,pi,2^53,max_finite,0.1"
A24_2_7,1,whole|fractional,int,Decimal,"whole/L1/17:-2^63,-2^63+1,-2^53-1,-2^31,-42,-1,0,1,7,42,1000,2^31-1,2^31,2^53-1,2^53+1,2^63-1,2^64-1","fractional/L1/16:-max_finite,-1.5,-1.0,-(1.0-1ulp),-0.0,+0.0,+min_subnormal,+min_normal,1.0-1ulp,1.0,1.0+1ulp,1.5,pi,2^53,max_finite,0.1",272,RAISE:TypeError;RAISE:TypeError;RAISE:TypeError;RAISE:TypeError;RAISE:TypeError;RAISE:TypeError;RAISE:TypeError;RAISE:TypeError;RAISE:TypeError;RAISE:TypeError;RAISE:TypeError;RAISE:TypeError;RAISE:TypeError;RAISE:TypeError;RAISE:TypeError;RAISE:TypeError;RAISE:TypeError;RAISE:TypeError;RAISE:TypeError;RAISE:TypeError;RAISE:TypeError;RAISE:TypeError;RAISE:TypeError;RAISE:TypeError;RAISE:TypeError;RAISE:TypeError;RAISE:TypeError;RAISE:TypeError;RAISE:TypeError;RAISE:TypeError;RAISE:TypeError;RAISE:TypeError;RAISE:TypeError;RAISE:TypeError;RAISE:TypeError;RAISE:TypeError;RAISE:TypeError;RAISE:TypeError;RAISE:TypeError;RAISE:TypeError;RAISE:TypeError;RAISE:TypeError;RAISE:TypeError;RAISE:TypeError;RAISE:TypeError;RAISE:TypeError;RAISE:TypeError;RAISE:TypeError;RAISE:TypeError;RAISE:TypeError;RAISE:TypeError;RAISE:TypeError;RAISE:TypeError;RAISE:TypeError;RAISE:TypeError;RAISE:TypeError;RAISE:TypeError;RAISE:TypeError;RAISE:TypeError;RAISE:TypeError;RAISE:TypeError;RAISE:TypeError;RAISE:TypeError;RAISE:TypeError;RAISE:TypeError;RAISE:TypeError;RAISE:TypeError;RAISE:TypeError;RAISE:TypeError;RAISE:TypeError;RAISE:TypeError;RAISE:TypeError;RAISE:TypeError;RAISE:TypeError;RAISE:TypeError;RAISE:TypeError;RAISE:TypeError;RAISE:TypeError;RAISE:TypeError;RAISE:TypeError;RAISE:TypeError;RAISE:TypeError;RAISE:TypeError;RAISE:TypeError;RAISE:TypeError;RAISE:TypeError;RAISE:TypeError;RAISE:TypeError;RAISE:TypeError;RAISE:TypeError;RAISE:TypeError;RAISE:TypeError;RAISE:TypeError;RAISE:TypeError;RAISE:TypeError;RAISE:TypeError;RAISE:TypeError;RAISE:TypeError;RAISE:TypeError;RAISE:TypeError;RAISE:TypeError;RAISE:TypeError;RAISE:TypeError;RAISE:TypeError;RAISE:TypeError;RAISE:TypeError;RAISE:TypeError;RAISE:TypeError;RAISE:TypeError;RAISE:TypeError;RAISE:TypeError;RAISE:TypeError;RAISE:TypeError;RAISE:TypeError;RAISE:TypeError;RAISE:TypeError;RAISE:TypeError;RAISE:TypeError;RAISE:TypeError;RAISE:TypeError;RAISE:TypeError;RAISE:TypeError;RAISE:TypeError;RAISE:TypeError;RAISE:TypeError;RAISE:TypeError;RAISE:TypeError;RAISE:TypeError;RAISE:TypeError;RAISE:TypeError;RAISE:TypeError;RAISE:TypeError;RAISE:TypeError;RAISE:TypeError;RAISE:TypeError;RAISE:TypeError;RAISE:TypeError;RAISE:TypeError;RAISE:TypeError;RAISE:TypeError;RAISE:TypeError;RAISE:TypeError;RAISE:TypeError;RAISE:TypeError;RAISE:TypeError;RAISE:TypeError;RAISE:TypeError;RAISE:TypeError;RAISE:TypeError;RAISE:TypeError;RAISE:TypeError;RAISE:TypeError;RAISE:TypeError;RAISE:TypeError;RAISE:TypeError;RAISE:TypeError;RAISE:TypeError;RAISE:TypeError;RAISE:TypeError;RAISE:TypeError;RAISE:TypeError;RAISE:TypeError;RAISE:TypeError;RAISE:TypeError;RAISE:TypeError;RAISE:TypeError;RAISE:TypeError;RAISE:TypeError;RAISE:TypeError;RAISE:TypeError;RAISE:TypeError;RAISE:TypeError;RAISE:TypeError;RAISE:TypeError;RAISE:TypeError;RAISE:TypeError;RAISE:TypeError;RAISE:TypeError;RAISE:TypeError;RAISE:TypeError;RAISE:TypeError;RAISE:TypeError;RAISE:TypeError;RAISE:TypeError;RAISE:TypeError;RAISE:TypeError;RAISE:TypeError;RAISE:TypeError;RAISE:TypeError;RAISE:TypeError;RAISE:TypeError;RAISE:TypeError;RAISE:TypeError;RAISE:TypeError;RAISE:TypeError;RAISE:TypeError;RAISE:TypeError;RAISE:TypeError;RAISE:TypeError;RAISE:TypeError;RAISE:TypeError;RAISE:TypeError;RAISE:TypeError;RAISE:TypeError;RAISE:TypeError;RAISE:TypeError;RAISE:TypeError;RAISE:TypeError;RAISE:TypeError;RAISE:TypeError;RAISE:TypeError;RAISE:TypeError;RAISE:TypeError;RAISE:TypeError;RAISE:TypeError;RAISE:TypeError;RAISE:TypeError;RAISE:TypeError;RAISE:TypeError;RAISE:TypeError;RAISE:TypeError;RAISE:TypeError;RAISE:TypeError;RAISE:TypeError;RAISE:TypeError;RAISE:TypeError;RAISE:TypeError;RAISE:TypeError;RAISE:TypeError;RAISE:TypeError;RAISE:TypeError;RAISE:TypeError;RAISE:TypeError;RAISE:TypeError;RAISE:TypeError;RAISE:TypeError;RAISE:TypeError;RAISE:TypeError;RAISE:TypeError;RAISE:TypeError;RAISE:TypeError;RAISE:TypeError;RAISE:TypeError;RAISE:TypeError;RAISE:TypeError;RAISE:TypeError;RAISE:TypeError;RAISE:TypeError;RAISE:TypeError;RAISE:TypeError;RAISE:TypeError;RAISE:TypeError;RAISE:TypeError;RAISE:TypeError;RAISE:TypeError;RAISE:TypeError;RAISE:TypeError;RAISE:TypeError;RAISE:TypeError;RAISE:TypeError;RAISE:TypeError;RAISE:TypeError;RAISE:TypeError;RAISE:TypeError;RAISE:TypeError;RAISE:TypeError;RAISE:TypeError;RAISE:TypeError;RAISE:TypeError;RAISE:TypeError;RAISE:TypeError;RAISE:TypeError,0,272,0,"whole/L1/17:-2^63,-2^63+1,-2^53-1,-2^31,-42,-1,0,1,7,42,1000,2^31-1,2^31,2^53-1,2^53+1,2^63-1,2^64-1","fractional/L1/16:-max_finite,-1.5,-1.0,-(1.0-1ulp),-0.0,+0.0,+min_subnormal,+min_normal,1.0-1ulp,1.0,1.0+1ulp,1.5,pi,2^53,max_finite,0.1"
A24_2_8,1,whole|fractional,int,Fraction,"whole/L1/17:-2^63,-2^63+1,-2^53-1,-2^31,-42,-1,0,1,7,42,1000,2^31-1,2^31,2^53-1,2^53+1,2^63-1,2^64-1","fractional/L1/16:-max_finite,-1.5,-1.0,-(1.0-1ulp),-0.0,+0.0,+min_subnormal,+min_normal,1.0-1ulp,1.0,1.0+1ulp,1.5,pi,2^53,max_finite,0.1",272,RAISE:TypeError;RAISE:TypeError;RAISE:TypeError;RAISE:TypeError;UNREPRESENTABLE;RAISE:TypeError;RAISE:TypeError;RAISE:TypeError;RAISE:TypeError;RAISE:TypeError;RAISE:TypeError;RAISE:TypeError;RAISE:TypeError;RAISE:TypeError;RAISE:TypeError;RAISE:TypeError;RAISE:TypeError;RAISE:TypeError;RAISE:TypeError;RAISE:TypeError;UNREPRESENTABLE;RAISE:TypeError;RAISE:TypeError;RAISE:TypeError;RAISE:TypeError;RAISE:TypeError;RAISE:TypeError;RAISE:TypeError;RAISE:TypeError;RAISE:TypeError;RAISE:TypeError;RAISE:TypeError;RAISE:TypeError;RAISE:TypeError;RAISE:TypeError;RAISE:TypeError;UNREPRESENTABLE;RAISE:TypeError;RAISE:TypeError;RAISE:TypeError;RAISE:TypeError;RAISE:TypeError;RAISE:TypeError;RAISE:TypeError;RAISE:TypeError;RAISE:TypeError;RAISE:TypeError;RAISE:TypeError;RAISE:TypeError;RAISE:TypeError;RAISE:TypeError;RAISE:TypeError;UNREPRESENTABLE;RAISE:TypeError;RAISE:TypeError;RAISE:TypeError;RAISE:TypeError;RAISE:TypeError;RAISE:TypeError;RAISE:TypeError;RAISE:TypeError;RAISE:TypeError;RAISE:TypeError;RAISE:TypeError;RAISE:TypeError;RAISE:TypeError;RAISE:TypeError;RAISE:TypeError;UNREPRESENTABLE;RAISE:TypeError;RAISE:TypeError;RAISE:TypeError;RAISE:TypeError;RAISE:TypeError;RAISE:TypeError;RAISE:TypeError;RAISE:TypeError;RAISE:TypeError;RAISE:TypeError;RAISE:TypeError;RAISE:TypeError;RAISE:TypeError;RAISE:TypeError;RAISE:TypeError;UNREPRESENTABLE;RAISE:TypeError;RAISE:TypeError;RAISE:TypeError;RAISE:TypeError;RAISE:TypeError;RAISE:TypeError;RAISE:TypeError;RAISE:TypeError;RAISE:TypeError;RAISE:TypeError;RAISE:TypeError;RAISE:TypeError;RAISE:TypeError;RAISE:TypeError;RAISE:TypeError;UNREPRESENTABLE;RAISE:TypeError;RAISE:TypeError;RAISE:TypeError;RAISE:TypeError;RAISE:TypeError;RAISE:TypeError;RAISE:TypeError;RAISE:TypeError;RAISE:TypeError;RAISE:TypeError;RAISE:TypeError;RAISE:TypeError;RAISE:TypeError;RAISE:TypeError;RAISE:TypeError;UNREPRESENTABLE;RAISE:TypeError;RAISE:TypeError;RAISE:TypeError;RAISE:TypeError;RAISE:TypeError;RAISE:TypeError;RAISE:TypeError;RAISE:TypeError;RAISE:TypeError;RAISE:TypeError;RAISE:TypeError;RAISE:TypeError;RAISE:TypeError;RAISE:TypeError;RAISE:TypeError;UNREPRESENTABLE;RAISE:TypeError;RAISE:TypeError;RAISE:TypeError;RAISE:TypeError;RAISE:TypeError;RAISE:TypeError;RAISE:TypeError;RAISE:TypeError;RAISE:TypeError;RAISE:TypeError;RAISE:TypeError;RAISE:TypeError;RAISE:TypeError;RAISE:TypeError;RAISE:TypeError;UNREPRESENTABLE;RAISE:TypeError;RAISE:TypeError;RAISE:TypeError;RAISE:TypeError;RAISE:TypeError;RAISE:TypeError;RAISE:TypeError;RAISE:TypeError;RAISE:TypeError;RAISE:TypeError;RAISE:TypeError;RAISE:TypeError;RAISE:TypeError;RAISE:TypeError;RAISE:TypeError;UNREPRESENTABLE;RAISE:TypeError;RAISE:TypeError;RAISE:TypeError;RAISE:TypeError;RAISE:TypeError;RAISE:TypeError;RAISE:TypeError;RAISE:TypeError;RAISE:TypeError;RAISE:TypeError;RAISE:TypeError;RAISE:TypeError;RAISE:TypeError;RAISE:TypeError;RAISE:TypeError;UNREPRESENTABLE;RAISE:TypeError;RAISE:TypeError;RAISE:TypeError;RAISE:TypeError;RAISE:TypeError;RAISE:TypeError;RAISE:TypeError;RAISE:TypeError;RAISE:TypeError;RAISE:TypeError;RAISE:TypeError;RAISE:TypeError;RAISE:TypeError;RAISE:TypeError;RAISE:TypeError;UNREPRESENTABLE;RAISE:TypeError;RAISE:TypeError;RAISE:TypeError;RAISE:TypeError;RAISE:TypeError;RAISE:TypeError;RAISE:TypeError;RAISE:TypeError;RAISE:TypeError;RAISE:TypeError;RAISE:TypeError;RAISE:TypeError;RAISE:TypeError;RAISE:TypeError;RAISE:TypeError;UNREPRESENTABLE;RAISE:TypeError;RAISE:TypeError;RAISE:TypeError;RAISE:TypeError;RAISE:TypeError;RAISE:TypeError;RAISE:TypeError;RAISE:TypeError;RAISE:TypeError;RAISE:TypeError;RAISE:TypeError;RAISE:TypeError;RAISE:TypeError;RAISE:TypeError;RAISE:TypeError;UNREPRESENTABLE;RAISE:TypeError;RAISE:TypeError;RAISE:TypeError;RAISE:TypeError;RAISE:TypeError;RAISE:TypeError;RAISE:TypeError;RAISE:TypeError;RAISE:TypeError;RAISE:TypeError;RAISE:TypeError;RAISE:TypeError;RAISE:TypeError;RAISE:TypeError;RAISE:TypeError;UNREPRESENTABLE;RAISE:TypeError;RAISE:TypeError;RAISE:TypeError;RAISE:TypeError;RAISE:TypeError;RAISE:TypeError;RAISE:TypeError;RAISE:TypeError;RAISE:TypeError;RAISE:TypeError;RAISE:TypeError;RAISE:TypeError;RAISE:TypeError;RAISE:TypeError;RAISE:TypeError;UNREPRESENTABLE;RAISE:TypeError;RAISE:TypeError;RAISE:TypeError;RAISE:TypeError;RAISE:TypeError;RAISE:TypeError;RAISE:TypeError;RAISE:TypeError;RAISE:TypeError;RAISE:TypeError;RAISE:TypeError,0,255,17,"whole/L1/17:-2^63,-2^63+1,-2^53-1,-2^31,-42,-1,0,1,7,42,1000,2^31-1,2^31,2^53-1,2^53+1,2^63-1,2^64-1","fractional/L1/15:-max_finite,-1.5,-1.0,-(1.0-1ulp),+0.0,+min_subnormal,+min_normal,1.0-1ulp,1.0,1.0+1ulp,1.5,pi,2^53,max_finite,0.1"
A24_3_1,1,whole|truth,Decimal,bool,"whole/L1/17:-2^63,-2^63+1,-2^53-1,-2^31,-42,-1,0,1,7,42,1000,2^31-1,2^31,2^53-1,2^53+1,2^63-1,2^64-1","truth/L1/6:true,false,0,1,"""",nil",102,RAISE:TypeError;RAISE:TypeError;RAISE:TypeError;RAISE:TypeError;RAISE:TypeError;RAISE:TypeError;RAISE:TypeError;RAISE:TypeError;RAISE:TypeError;RAISE:TypeError;RAISE:TypeError;RAISE:TypeError;RAISE:TypeError;RAISE:TypeError;RAISE:TypeError;RAISE:TypeError;RAISE:TypeError;RAISE:TypeError;RAISE:TypeError;RAISE:TypeError;RAISE:TypeError;RAISE:TypeError;RAISE:TypeError;RAISE:TypeError;RAISE:TypeError;RAISE:TypeError;RAISE:TypeError;RAISE:TypeError;RAISE:TypeError;RAISE:TypeError;RAISE:TypeError;RAISE:TypeError;RAISE:TypeError;RAISE:TypeError;RAISE:TypeError;RAISE:TypeError;RAISE:TypeError;RAISE:TypeError;RAISE:TypeError;RAISE:TypeError;RAISE:TypeError;RAISE:TypeError;RAISE:TypeError;RAISE:TypeError;RAISE:TypeError;RAISE:TypeError;RAISE:TypeError;RAISE:TypeError;RAISE:TypeError;RAISE:TypeError;RAISE:TypeError;RAISE:TypeError;RAISE:TypeError;RAISE:TypeError;RAISE:TypeError;RAISE:TypeError;RAISE:TypeError;RAISE:TypeError;RAISE:TypeError;RAISE:TypeError;RAISE:TypeError;RAISE:TypeError;RAISE:TypeError;RAISE:TypeError;RAISE:TypeError;RAISE:TypeError;RAISE:TypeError;RAISE:TypeError;RAISE:TypeError;RAISE:TypeError;RAISE:TypeError;RAISE:TypeError;RAISE:TypeError;RAISE:TypeError;RAISE:TypeError;RAISE:TypeError;RAISE:TypeError;RAISE:TypeError;RAISE:TypeError;RAISE:TypeError;RAISE:TypeError;RAISE:TypeError;RAISE:TypeError;RAISE:TypeError;RAISE:TypeError;RAISE:TypeError;RAISE:TypeError;RAISE:TypeError;RAISE:TypeError;RAISE:TypeError;RAISE:TypeError;RAISE:TypeError;RAISE:TypeError;RAISE:TypeError;RAISE:TypeError;RAISE:TypeError;RAISE:TypeError;RAISE:TypeError;RAISE:TypeError;RAISE:TypeError;RAISE:TypeError;RAISE:TypeError,0,102,0,"whole/L1/17:-2^63,-2^63+1,-2^53-1,-2^31,-42,-1,0,1,7,42,1000,2^31-1,2^31,2^53-1,2^53+1,2^63-1,2^64-1","truth/L1/6:true,false,0,1,"""",nil"
A24_3_2,1,whole|whole,Decimal,int,"whole/L1/17:-2^63,-2^63+1,-2^53-1,-2^31,-42,-1,0,1,7,42,1000,2^31-1,2^31,2^53-1,2^53+1,2^63-1,2^64-1","whole/L1/17:-2^63,-2^63+1,-2^53-1,-2^31,-42,-1,0,1,7,42,1000,2^31-1,2^31,2^53-1,2^53+1,2^63-1,2^64-1",289,RAISE:TypeError;RAISE:TypeError;RAISE:TypeError;RAISE:TypeError;RAISE:TypeError;RAISE:TypeError;RAISE:TypeError;RAISE:TypeError;RAISE:TypeError;RAISE:TypeError;RAISE:TypeError;RAISE:TypeError;RAISE:TypeError;RAISE:TypeError;RAISE:TypeError;RAISE:TypeError;RAISE:TypeError;RAISE:TypeError;RAISE:TypeError;RAISE:TypeError;RAISE:TypeError;RAISE:TypeError;RAISE:TypeError;RAISE:TypeError;RAISE:TypeError;RAISE:TypeError;RAISE:TypeError;RAISE:TypeError;RAISE:TypeError;RAISE:TypeError;RAISE:TypeError;RAISE:TypeError;RAISE:TypeError;RAISE:TypeError;RAISE:TypeError;RAISE:TypeError;RAISE:TypeError;RAISE:TypeError;RAISE:TypeError;RAISE:TypeError;RAISE:TypeError;RAISE:TypeError;RAISE:TypeError;RAISE:TypeError;RAISE:TypeError;RAISE:TypeError;RAISE:TypeError;RAISE:TypeError;RAISE:TypeError;RAISE:TypeError;RAISE:TypeError;RAISE:TypeError;RAISE:TypeError;RAISE:TypeError;RAISE:TypeError;RAISE:TypeError;RAISE:TypeError;RAISE:TypeError;RAISE:TypeError;RAISE:TypeError;RAISE:TypeError;RAISE:TypeError;RAISE:TypeError;RAISE:TypeError;RAISE:TypeError;RAISE:TypeError;RAISE:TypeError;RAISE:TypeError;RAISE:TypeError;RAISE:TypeError;RAISE:TypeError;RAISE:TypeError;RAISE:TypeError;RAISE:TypeError;RAISE:TypeError;RAISE:TypeError;RAISE:TypeError;RAISE:TypeError;RAISE:TypeError;RAISE:TypeError;RAISE:TypeError;RAISE:TypeError;RAISE:TypeError;RAISE:TypeError;RAISE:TypeError;RAISE:TypeError;RAISE:TypeError;RAISE:TypeError;RAISE:TypeError;RAISE:TypeError;RAISE:TypeError;RAISE:TypeError;RAISE:TypeError;RAISE:TypeError;RAISE:TypeError;RAISE:TypeError;RAISE:TypeError;RAISE:TypeError;RAISE:TypeError;RAISE:TypeError;RAISE:TypeError;RAISE:TypeError;RAISE:TypeError;RAISE:TypeError;RAISE:TypeError;RAISE:TypeError;RAISE:TypeError;RAISE:TypeError;RAISE:TypeError;RAISE:TypeError;RAISE:TypeError;RAISE:TypeError;RAISE:TypeError;RAISE:TypeError;RAISE:TypeError;RAISE:TypeError;RAISE:TypeError;RAISE:TypeError;RAISE:TypeError;RAISE:TypeError;RAISE:TypeError;RAISE:TypeError;RAISE:TypeError;RAISE:TypeError;RAISE:TypeError;RAISE:TypeError;RAISE:TypeError;RAISE:TypeError;RAISE:TypeError;RAISE:TypeError;RAISE:TypeError;RAISE:TypeError;RAISE:TypeError;RAISE:TypeError;RAISE:TypeError;RAISE:TypeError;RAISE:TypeError;RAISE:TypeError;RAISE:TypeError;RAISE:TypeError;RAISE:TypeError;RAISE:TypeError;RAISE:TypeError;RAISE:TypeError;RAISE:TypeError;RAISE:TypeError;RAISE:TypeError;RAISE:TypeError;RAISE:TypeError;RAISE:TypeError;RAISE:TypeError;RAISE:TypeError;RAISE:TypeError;RAISE:TypeError;RAISE:TypeError;RAISE:TypeError;RAISE:TypeError;RAISE:TypeError;RAISE:TypeError;RAISE:TypeError;RAISE:TypeError;RAISE:TypeError;RAISE:TypeError;RAISE:TypeError;RAISE:TypeError;RAISE:TypeError;RAISE:TypeError;RAISE:TypeError;RAISE:TypeError;RAISE:TypeError;RAISE:TypeError;RAISE:TypeError;RAISE:TypeError;RAISE:TypeError;RAISE:TypeError;RAISE:TypeError;RAISE:TypeError;RAISE:TypeError;RAISE:TypeError;RAISE:TypeError;RAISE:TypeError;RAISE:TypeError;RAISE:TypeError;RAISE:TypeError;RAISE:TypeError;RAISE:TypeError;RAISE:TypeError;RAISE:TypeError;RAISE:TypeError;RAISE:TypeError;RAISE:TypeError;RAISE:TypeError;RAISE:TypeError;RAISE:TypeError;RAISE:TypeError;RAISE:TypeError;RAISE:TypeError;RAISE:TypeError;RAISE:TypeError;RAISE:TypeError;RAISE:TypeError;RAISE:TypeError;RAISE:TypeError;RAISE:TypeError;RAISE:TypeError;RAISE:TypeError;RAISE:TypeError;RAISE:TypeError;RAISE:TypeError;RAISE:TypeError;RAISE:TypeError;RAISE:TypeError;RAISE:TypeError;RAISE:TypeError;RAISE:TypeError;RAISE:TypeError;RAISE:TypeError;RAISE:TypeError;RAISE:TypeError;RAISE:TypeError;RAISE:TypeError;RAISE:TypeError;RAISE:TypeError;RAISE:TypeError;RAISE:TypeError;RAISE:TypeError;RAISE:TypeError;RAISE:TypeError;RAISE:TypeError;RAISE:TypeError;RAISE:TypeError;RAISE:TypeError;RAISE:TypeError;RAISE:TypeError;RAISE:TypeError;RAISE:TypeError;RAISE:TypeError;RAISE:TypeError;RAISE:TypeError;RAISE:TypeError;RAISE:TypeError;RAISE:TypeError;RAISE:TypeError;RAISE:TypeError;RAISE:TypeError;RAISE:TypeError;RAISE:TypeError;RAISE:TypeError;RAISE:TypeError;RAISE:TypeError;RAISE:TypeError;RAISE:TypeError;RAISE:TypeError;RAISE:TypeError;RAISE:TypeError;RAISE:TypeError;RAISE:TypeError;RAISE:TypeError;RAISE:TypeError;RAISE:TypeError;RAISE:TypeError;RAISE:TypeError;RAISE:TypeError;RAISE:TypeError;RAISE:TypeError;RAISE:TypeError;RAISE:TypeError;RAISE:TypeError;RAISE:TypeError;RAISE:TypeError;RAISE:TypeError;RAISE:TypeError;RAISE:TypeError;RAISE:TypeError;RAISE:TypeError;RAISE:TypeError;RAISE:TypeError;RAISE:TypeError;RAISE:TypeError;RAISE:TypeError;RAISE:TypeError;RAISE:TypeError;RAISE:TypeError;RAISE:TypeError;RAISE:TypeError;RAISE:TypeError;RAISE:TypeError;RAISE:TypeError;RAISE:TypeError,0,289,0,"whole/L1/17:-2^63,-2^63+1,-2^53-1,-2^31,-42,-1,0,1,7,42,1000,2^31-1,2^31,2^53-1,2^53+1,2^63-1,2^64-1","whole/L1/17:-2^63,-2^63+1,-2^53-1,-2^31,-42,-1,0,1,7,42,1000,2^31-1,2^31,2^53-1,2^53+1,2^63-1,2^64-1"
A24_3_3,1,whole|whole,Decimal,Decimal,"whole/L1/17:-2^63,-2^63+1,-2^53-1,-2^31,-42,-1,0,1,7,42,1000,2^31-1,2^31,2^53-1,2^53+1,2^63-1,2^64-1","whole/L1/17:-2^63,-2^63+1,-2^53-1,-2^31,-42,-1,0,1,7,42,1000,2^31-1,2^31,2^53-1,2^53+1,2^63-1,2^64-1",289,RAISE:TypeError;RAISE:TypeError;RAISE:TypeError;RAISE:TypeError;RAISE:TypeError;RAISE:TypeError;RAISE:TypeError;RAISE:TypeError;RAISE:TypeError;RAISE:TypeError;RAISE:TypeError;RAISE:TypeError;RAISE:TypeError;RAISE:TypeError;RAISE:TypeError;RAISE:TypeError;RAISE:TypeError;RAISE:TypeError;RAISE:TypeError;RAISE:TypeError;RAISE:TypeError;RAISE:TypeError;RAISE:TypeError;RAISE:TypeError;RAISE:TypeError;RAISE:TypeError;RAISE:TypeError;RAISE:TypeError;RAISE:TypeError;RAISE:TypeError;RAISE:TypeError;RAISE:TypeError;RAISE:TypeError;RAISE:TypeError;RAISE:TypeError;RAISE:TypeError;RAISE:TypeError;RAISE:TypeError;RAISE:TypeError;RAISE:TypeError;RAISE:TypeError;RAISE:TypeError;RAISE:TypeError;RAISE:TypeError;RAISE:TypeError;RAISE:TypeError;RAISE:TypeError;RAISE:TypeError;RAISE:TypeError;RAISE:TypeError;RAISE:TypeError;RAISE:TypeError;RAISE:TypeError;RAISE:TypeError;RAISE:TypeError;RAISE:TypeError;RAISE:TypeError;RAISE:TypeError;RAISE:TypeError;RAISE:TypeError;RAISE:TypeError;RAISE:TypeError;RAISE:TypeError;RAISE:TypeError;RAISE:TypeError;RAISE:TypeError;RAISE:TypeError;RAISE:TypeError;RAISE:TypeError;RAISE:TypeError;RAISE:TypeError;RAISE:TypeError;RAISE:TypeError;RAISE:TypeError;RAISE:TypeError;RAISE:TypeError;RAISE:TypeError;RAISE:TypeError;RAISE:TypeError;RAISE:TypeError;RAISE:TypeError;RAISE:TypeError;RAISE:TypeError;RAISE:TypeError;RAISE:TypeError;RAISE:TypeError;RAISE:TypeError;RAISE:TypeError;RAISE:TypeError;RAISE:TypeError;RAISE:TypeError;RAISE:TypeError;RAISE:TypeError;RAISE:TypeError;RAISE:TypeError;RAISE:TypeError;RAISE:TypeError;RAISE:TypeError;RAISE:TypeError;RAISE:TypeError;RAISE:TypeError;RAISE:TypeError;RAISE:TypeError;RAISE:TypeError;RAISE:TypeError;RAISE:TypeError;RAISE:TypeError;RAISE:TypeError;RAISE:TypeError;RAISE:TypeError;RAISE:TypeError;RAISE:TypeError;RAISE:TypeError;RAISE:TypeError;RAISE:TypeError;RAISE:TypeError;RAISE:TypeError;RAISE:TypeError;RAISE:TypeError;RAISE:TypeError;RAISE:TypeError;RAISE:TypeError;RAISE:TypeError;RAISE:TypeError;RAISE:TypeError;RAISE:TypeError;RAISE:TypeError;RAISE:TypeError;RAISE:TypeError;RAISE:TypeError;RAISE:TypeError;RAISE:TypeError;RAISE:TypeError;RAISE:TypeError;RAISE:TypeError;RAISE:TypeError;RAISE:TypeError;RAISE:TypeError;RAISE:TypeError;RAISE:TypeError;RAISE:TypeError;RAISE:TypeError;RAISE:TypeError;RAISE:TypeError;RAISE:TypeError;RAISE:TypeError;RAISE:TypeError;RAISE:TypeError;RAISE:TypeError;RAISE:TypeError;RAISE:TypeError;RAISE:TypeError;RAISE:TypeError;RAISE:TypeError;RAISE:TypeError;RAISE:TypeError;RAISE:TypeError;RAISE:TypeError;RAISE:TypeError;RAISE:TypeError;RAISE:TypeError;RAISE:TypeError;RAISE:TypeError;RAISE:TypeError;RAISE:TypeError;RAISE:TypeError;RAISE:TypeError;RAISE:TypeError;RAISE:TypeError;RAISE:TypeError;RAISE:TypeError;RAISE:TypeError;RAISE:TypeError;RAISE:TypeError;RAISE:TypeError;RAISE:TypeError;RAISE:TypeError;RAISE:TypeError;RAISE:TypeError;RAISE:TypeError;RAISE:TypeError;RAISE:TypeError;RAISE:TypeError;RAISE:TypeError;RAISE:TypeError;RAISE:TypeError;RAISE:TypeError;RAISE:TypeError;RAISE:TypeError;RAISE:TypeError;RAISE:TypeError;RAISE:TypeError;RAISE:TypeError;RAISE:TypeError;RAISE:TypeError;RAISE:TypeError;RAISE:TypeError;RAISE:TypeError;RAISE:TypeError;RAISE:TypeError;RAISE:TypeError;RAISE:TypeError;RAISE:TypeError;RAISE:TypeError;RAISE:TypeError;RAISE:TypeError;RAISE:TypeError;RAISE:TypeError;RAISE:TypeError;RAISE:TypeError;RAISE:TypeError;RAISE:TypeError;RAISE:TypeError;RAISE:TypeError;RAISE:TypeError;RAISE:TypeError;RAISE:TypeError;RAISE:TypeError;RAISE:TypeError;RAISE:TypeError;RAISE:TypeError;RAISE:TypeError;RAISE:TypeError;RAISE:TypeError;RAISE:TypeError;RAISE:TypeError;RAISE:TypeError;RAISE:TypeError;RAISE:TypeError;RAISE:TypeError;RAISE:TypeError;RAISE:TypeError;RAISE:TypeError;RAISE:TypeError;RAISE:TypeError;RAISE:TypeError;RAISE:TypeError;RAISE:TypeError;RAISE:TypeError;RAISE:TypeError;RAISE:TypeError;RAISE:TypeError;RAISE:TypeError;RAISE:TypeError;RAISE:TypeError;RAISE:TypeError;RAISE:TypeError;RAISE:TypeError;RAISE:TypeError;RAISE:TypeError;RAISE:TypeError;RAISE:TypeError;RAISE:TypeError;RAISE:TypeError;RAISE:TypeError;RAISE:TypeError;RAISE:TypeError;RAISE:TypeError;RAISE:TypeError;RAISE:TypeError;RAISE:TypeError;RAISE:TypeError;RAISE:TypeError;RAISE:TypeError;RAISE:TypeError;RAISE:TypeError;RAISE:TypeError;RAISE:TypeError;RAISE:TypeError;RAISE:TypeError;RAISE:TypeError;RAISE:TypeError;RAISE:TypeError;RAISE:TypeError;RAISE:TypeError;RAISE:TypeError;RAISE:TypeError;RAISE:TypeError;RAISE:TypeError;RAISE:TypeError;RAISE:TypeError;RAISE:TypeError;RAISE:TypeError;RAISE:TypeError;RAISE:TypeError;RAISE:TypeError;RAISE:TypeError;RAISE:TypeError;RAISE:TypeError,0,289,0,"whole/L1/17:-2^63,-2^63+1,-2^53-1,-2^31,-42,-1,0,1,7,42,1000,2^31-1,2^31,2^53-1,2^53+1,2^63-1,2^64-1","whole/L1/17:-2^63,-2^63+1,-2^53-1,-2^31,-42,-1,0,1,7,42,1000,2^31-1,2^31,2^53-1,2^53+1,2^63-1,2^64-1"
A24_3_4,1,whole|whole,Decimal,Fraction,"whole/L1/17:-2^63,-2^63+1,-2^53-1,-2^31,-42,-1,0,1,7,42,1000,2^31-1,2^31,2^53-1,2^53+1,2^63-1,2^64-1","whole/L1/17:-2^63,-2^63+1,-2^53-1,-2^31,-42,-1,0,1,7,42,1000,2^31-1,2^31,2^53-1,2^53+1,2^63-1,2^64-1",289,RAISE:TypeError;RAISE:TypeError;RAISE:TypeError;RAISE:TypeError;RAISE:TypeError;RAISE:TypeError;RAISE:TypeError;RAISE:TypeError;RAISE:TypeError;RAISE:TypeError;RAISE:TypeError;RAISE:TypeError;RAISE:TypeError;RAISE:TypeError;RAISE:TypeError;RAISE:TypeError;RAISE:TypeError;RAISE:TypeError;RAISE:TypeError;RAISE:TypeError;RAISE:TypeError;RAISE:TypeError;RAISE:TypeError;RAISE:TypeError;RAISE:TypeError;RAISE:TypeError;RAISE:TypeError;RAISE:TypeError;RAISE:TypeError;RAISE:TypeError;RAISE:TypeError;RAISE:TypeError;RAISE:TypeError;RAISE:TypeError;RAISE:TypeError;RAISE:TypeError;RAISE:TypeError;RAISE:TypeError;RAISE:TypeError;RAISE:TypeError;RAISE:TypeError;RAISE:TypeError;RAISE:TypeError;RAISE:TypeError;RAISE:TypeError;RAISE:TypeError;RAISE:TypeError;RAISE:TypeError;RAISE:TypeError;RAISE:TypeError;RAISE:TypeError;RAISE:TypeError;RAISE:TypeError;RAISE:TypeError;RAISE:TypeError;RAISE:TypeError;RAISE:TypeError;RAISE:TypeError;RAISE:TypeError;RAISE:TypeError;RAISE:TypeError;RAISE:TypeError;RAISE:TypeError;RAISE:TypeError;RAISE:TypeError;RAISE:TypeError;RAISE:TypeError;RAISE:TypeError;RAISE:TypeError;RAISE:TypeError;RAISE:TypeError;RAISE:TypeError;RAISE:TypeError;RAISE:TypeError;RAISE:TypeError;RAISE:TypeError;RAISE:TypeError;RAISE:TypeError;RAISE:TypeError;RAISE:TypeError;RAISE:TypeError;RAISE:TypeError;RAISE:TypeError;RAISE:TypeError;RAISE:TypeError;RAISE:TypeError;RAISE:TypeError;RAISE:TypeError;RAISE:TypeError;RAISE:TypeError;RAISE:TypeError;RAISE:TypeError;RAISE:TypeError;RAISE:TypeError;RAISE:TypeError;RAISE:TypeError;RAISE:TypeError;RAISE:TypeError;RAISE:TypeError;RAISE:TypeError;RAISE:TypeError;RAISE:TypeError;RAISE:TypeError;RAISE:TypeError;RAISE:TypeError;RAISE:TypeError;RAISE:TypeError;RAISE:TypeError;RAISE:TypeError;RAISE:TypeError;RAISE:TypeError;RAISE:TypeError;RAISE:TypeError;RAISE:TypeError;RAISE:TypeError;RAISE:TypeError;RAISE:TypeError;RAISE:TypeError;RAISE:TypeError;RAISE:TypeError;RAISE:TypeError;RAISE:TypeError;RAISE:TypeError;RAISE:TypeError;RAISE:TypeError;RAISE:TypeError;RAISE:TypeError;RAISE:TypeError;RAISE:TypeError;RAISE:TypeError;RAISE:TypeError;RAISE:TypeError;RAISE:TypeError;RAISE:TypeError;RAISE:TypeError;RAISE:TypeError;RAISE:TypeError;RAISE:TypeError;RAISE:TypeError;RAISE:TypeError;RAISE:TypeError;RAISE:TypeError;RAISE:TypeError;RAISE:TypeError;RAISE:TypeError;RAISE:TypeError;RAISE:TypeError;RAISE:TypeError;RAISE:TypeError;RAISE:TypeError;RAISE:TypeError;RAISE:TypeError;RAISE:TypeError;RAISE:TypeError;RAISE:TypeError;RAISE:TypeError;RAISE:TypeError;RAISE:TypeError;RAISE:TypeError;RAISE:TypeError;RAISE:TypeError;RAISE:TypeError;RAISE:TypeError;RAISE:TypeError;RAISE:TypeError;RAISE:TypeError;RAISE:TypeError;RAISE:TypeError;RAISE:TypeError;RAISE:TypeError;RAISE:TypeError;RAISE:TypeError;RAISE:TypeError;RAISE:TypeError;RAISE:TypeError;RAISE:TypeError;RAISE:TypeError;RAISE:TypeError;RAISE:TypeError;RAISE:TypeError;RAISE:TypeError;RAISE:TypeError;RAISE:TypeError;RAISE:TypeError;RAISE:TypeError;RAISE:TypeError;RAISE:TypeError;RAISE:TypeError;RAISE:TypeError;RAISE:TypeError;RAISE:TypeError;RAISE:TypeError;RAISE:TypeError;RAISE:TypeError;RAISE:TypeError;RAISE:TypeError;RAISE:TypeError;RAISE:TypeError;RAISE:TypeError;RAISE:TypeError;RAISE:TypeError;RAISE:TypeError;RAISE:TypeError;RAISE:TypeError;RAISE:TypeError;RAISE:TypeError;RAISE:TypeError;RAISE:TypeError;RAISE:TypeError;RAISE:TypeError;RAISE:TypeError;RAISE:TypeError;RAISE:TypeError;RAISE:TypeError;RAISE:TypeError;RAISE:TypeError;RAISE:TypeError;RAISE:TypeError;RAISE:TypeError;RAISE:TypeError;RAISE:TypeError;RAISE:TypeError;RAISE:TypeError;RAISE:TypeError;RAISE:TypeError;RAISE:TypeError;RAISE:TypeError;RAISE:TypeError;RAISE:TypeError;RAISE:TypeError;RAISE:TypeError;RAISE:TypeError;RAISE:TypeError;RAISE:TypeError;RAISE:TypeError;RAISE:TypeError;RAISE:TypeError;RAISE:TypeError;RAISE:TypeError;RAISE:TypeError;RAISE:TypeError;RAISE:TypeError;RAISE:TypeError;RAISE:TypeError;RAISE:TypeError;RAISE:TypeError;RAISE:TypeError;RAISE:TypeError;RAISE:TypeError;RAISE:TypeError;RAISE:TypeError;RAISE:TypeError;RAISE:TypeError;RAISE:TypeError;RAISE:TypeError;RAISE:TypeError;RAISE:TypeError;RAISE:TypeError;RAISE:TypeError;RAISE:TypeError;RAISE:TypeError;RAISE:TypeError;RAISE:TypeError;RAISE:TypeError;RAISE:TypeError;RAISE:TypeError;RAISE:TypeError;RAISE:TypeError;RAISE:TypeError;RAISE:TypeError;RAISE:TypeError;RAISE:TypeError;RAISE:TypeError;RAISE:TypeError;RAISE:TypeError;RAISE:TypeError;RAISE:TypeError;RAISE:TypeError;RAISE:TypeError;RAISE:TypeError;RAISE:TypeError;RAISE:TypeError;RAISE:TypeError;RAISE:TypeError;RAISE:TypeError;RAISE:TypeError;RAISE:TypeError;RAISE:TypeError;RAISE:TypeError,0,289,0,"whole/L1/17:-2^63,-2^63+1,-2^53-1,-2^31,-42,-1,0,1,7,42,1000,2^31-1,2^31,2^53-1,2^53+1,2^63-1,2^64-1","whole/L1/17:-2^63,-2^63+1,-2^53-1,-2^31,-42,-1,0,1,7,42,1000,2^31-1,2^31,2^53-1,2^53+1,2^63-1,2^64-1"
A24_3_5,1,whole|whole,Decimal,c_int64,"whole/L1/17:-2^63,-2^63+1,-2^53-1,-2^31,-42,-1,0,1,7,42,1000,2^31-1,2^31,2^53-1,2^53+1,2^63-1,2^64-1","whole/L1/17:-2^63,-2^63+1,-2^53-1,-2^31,-42,-1,0,1,7,42,1000,2^31-1,2^31,2^53-1,2^53+1,2^63-1,2^64-1",289,RAISE:TypeError;RAISE:TypeError;RAISE:TypeError;RAISE:TypeError;RAISE:TypeError;RAISE:TypeError;RAISE:TypeError;RAISE:TypeError;RAISE:TypeError;RAISE:TypeError;RAISE:TypeError;RAISE:TypeError;RAISE:TypeError;RAISE:TypeError;RAISE:TypeError;RAISE:TypeError;UNREPRESENTABLE;RAISE:TypeError;RAISE:TypeError;RAISE:TypeError;RAISE:TypeError;RAISE:TypeError;RAISE:TypeError;RAISE:TypeError;RAISE:TypeError;RAISE:TypeError;RAISE:TypeError;RAISE:TypeError;RAISE:TypeError;RAISE:TypeError;RAISE:TypeError;RAISE:TypeError;RAISE:TypeError;UNREPRESENTABLE;RAISE:TypeError;RAISE:TypeError;RAISE:TypeError;RAISE:TypeError;RAISE:TypeError;RAISE:TypeError;RAISE:TypeError;RAISE:TypeError;RAISE:TypeError;RAISE:TypeError;RAISE:TypeError;RAISE:TypeError;RAISE:TypeError;RAISE:TypeError;RAISE:TypeError;RAISE:TypeError;UNREPRESENTABLE;RAISE:TypeError;RAISE:TypeError;RAISE:TypeError;RAISE:TypeError;RAISE:TypeError;RAISE:TypeError;RAISE:TypeError;RAISE:TypeError;RAISE:TypeError;RAISE:TypeError;RAISE:TypeError;RAISE:TypeError;RAISE:TypeError;RAISE:TypeError;RAISE:TypeError;RAISE:TypeError;UNREPRESENTABLE;RAISE:TypeError;RAISE:TypeError;RAISE:TypeError;RAISE:TypeError;RAISE:TypeError;RAISE:TypeError;RAISE:TypeError;RAISE:TypeError;RAISE:TypeError;RAISE:TypeError;RAISE:TypeError;RAISE:TypeError;RAISE:TypeError;RAISE:TypeError;RAISE:TypeError;RAISE:TypeError;UNREPRESENTABLE;RAISE:TypeError;RAISE:TypeError;RAISE:TypeError;RAISE:TypeError;RAISE:TypeError;RAISE:TypeError;RAISE:TypeError;RAISE:TypeError;RAISE:TypeError;RAISE:TypeError;RAISE:TypeError;RAISE:TypeError;RAISE:TypeError;RAISE:TypeError;RAISE:TypeError;RAISE:TypeError;UNREPRESENTABLE;RAISE:TypeError;RAISE:TypeError;RAISE:TypeError;RAISE:TypeError;RAISE:TypeError;RAISE:TypeError;RAISE:TypeError;RAISE:TypeError;RAISE:TypeError;RAISE:TypeError;RAISE:TypeError;RAISE:TypeError;RAISE:TypeError;RAISE:TypeError;RAISE:TypeError;RAISE:TypeError;UNREPRESENTABLE;RAISE:TypeError;RAISE:TypeError;RAISE:TypeError;RAISE:TypeError;RAISE:TypeError;RAISE:TypeError;RAISE:TypeError;RAISE:TypeError;RAISE:TypeError;RAISE:TypeError;RAISE:TypeError;RAISE:TypeError;RAISE:TypeError;RAISE:TypeError;RAISE:TypeError;RAISE:TypeError;UNREPRESENTABLE;RAISE:TypeError;RAISE:TypeError;RAISE:TypeError;RAISE:TypeError;RAISE:TypeError;RAISE:TypeError;RAISE:TypeError;RAISE:TypeError;RAISE:TypeError;RAISE:TypeError;RAISE:TypeError;RAISE:TypeError;RAISE:TypeError;RAISE:TypeError;RAISE:TypeError;RAISE:TypeError;UNREPRESENTABLE;RAISE:TypeError;RAISE:TypeError;RAISE:TypeError;RAISE:TypeError;RAISE:TypeError;RAISE:TypeError;RAISE:TypeError;RAISE:TypeError;RAISE:TypeError;RAISE:TypeError;RAISE:TypeError;RAISE:TypeError;RAISE:TypeError;RAISE:TypeError;RAISE:TypeError;RAISE:TypeError;UNREPRESENTABLE;RAISE:TypeError;RAISE:TypeError;RAISE:TypeError;RAISE:TypeError;RAISE:TypeError;RAISE:TypeError;RAISE:TypeError;RAISE:TypeError;RAISE:TypeError;RAISE:TypeError;RAISE:TypeError;RAISE:TypeError;RAISE:TypeError;RAISE:TypeError;RAISE:TypeError;RAISE:TypeError;UNREPRESENTABLE;RAISE:TypeError;RAISE:TypeError;RAISE:TypeError;RAISE:TypeError;RAISE:TypeError;RAISE:TypeError;RAISE:TypeError;RAISE:TypeError;RAISE:TypeError;RAISE:TypeError;RAISE:TypeError;RAISE:TypeError;RAISE:TypeError;RAISE:TypeError;RAISE:TypeError;RAISE:TypeError;UNREPRESENTABLE;RAISE:TypeError;RAISE:TypeError;RAISE:TypeError;RAISE:TypeError;RAISE:TypeError;RAISE:TypeError;RAISE:TypeError;RAISE:TypeError;RAISE:TypeError;RAISE:TypeError;RAISE:TypeError;RAISE:TypeError;RAISE:TypeError;RAISE:TypeError;RAISE:TypeError;RAISE:TypeError;UNREPRESENTABLE;RAISE:TypeError;RAISE:TypeError;RAISE:TypeError;RAISE:TypeError;RAISE:TypeError;RAISE:TypeError;RAISE:TypeError;RAISE:TypeError;RAISE:TypeError;RAISE:TypeError;RAISE:TypeError;RAISE:TypeError;RAISE:TypeError;RAISE:TypeError;RAISE:TypeError;RAISE:TypeError;UNREPRESENTABLE;RAISE:TypeError;RAISE:TypeError;RAISE:TypeError;RAISE:TypeError;RAISE:TypeError;RAISE:TypeError;RAISE:TypeError;RAISE:TypeError;RAISE:TypeError;RAISE:TypeError;RAISE:TypeError;RAISE:TypeError;RAISE:TypeError;RAISE:TypeError;RAISE:TypeError;RAISE:TypeError;UNREPRESENTABLE;RAISE:TypeError;RAISE:TypeError;RAISE:TypeError;RAISE:TypeError;RAISE:TypeError;RAISE:TypeError;RAISE:TypeError;RAISE:TypeError;RAISE:TypeError;RAISE:TypeError;RAISE:TypeError;RAISE:TypeError;RAISE:TypeError;RAISE:TypeError;RAISE:TypeError;RAISE:TypeError;UNREPRESENTABLE;RAISE:TypeError;RAISE:TypeError;RAISE:TypeError;RAISE:TypeError;RAISE:TypeError;RAISE:TypeError;RAISE:TypeError;RAISE:TypeError;RAISE:TypeError;RAISE:TypeError;RAISE:TypeError;RAISE:TypeError;RAISE:TypeError;RAISE:TypeError;RAISE:TypeError;RAISE:TypeError;UNREPRESENTABLE,0,272,17,"whole/L1/17:-2^63,-2^63+1,-2^53-1,-2^31,-42,-1,0,1,7,42,1000,2^31-1,2^31,2^53-1,2^53+1,2^63-1,2^64-1","whole/L1/16:-2^63,-2^63+1,-2^53-1,-2^31,-42,-1,0,1,7,42,1000,2^31-1,2^31,2^53-1,2^53+1,2^63-1"
A24_3_6,1,whole|fractional,Decimal,float,"whole/L1/17:-2^63,-2^63+1,-2^53-1,-2^31,-42,-1,0,1,7,42,1000,2^31-1,2^31,2^53-1,2^53+1,2^63-1,2^64-1","fractional/L1/16:-max_finite,-1.5,-1.0,-(1.0-1ulp),-0.0,+0.0,+min_subnormal,+min_normal,1.0-1ulp,1.0,1.0+1ulp,1.5,pi,2^53,max_finite,0.1",272,RAISE:TypeError;RAISE:TypeError;RAISE:TypeError;RAISE:TypeError;RAISE:TypeError;RAISE:TypeError;RAISE:TypeError;RAISE:TypeError;RAISE:TypeError;RAISE:TypeError;RAISE:TypeError;RAISE:TypeError;RAISE:TypeError;RAISE:TypeError;RAISE:TypeError;RAISE:TypeError;RAISE:TypeError;RAISE:TypeError;RAISE:TypeError;RAISE:TypeError;RAISE:TypeError;RAISE:TypeError;RAISE:TypeError;RAISE:TypeError;RAISE:TypeError;RAISE:TypeError;RAISE:TypeError;RAISE:TypeError;RAISE:TypeError;RAISE:TypeError;RAISE:TypeError;RAISE:TypeError;RAISE:TypeError;RAISE:TypeError;RAISE:TypeError;RAISE:TypeError;RAISE:TypeError;RAISE:TypeError;RAISE:TypeError;RAISE:TypeError;RAISE:TypeError;RAISE:TypeError;RAISE:TypeError;RAISE:TypeError;RAISE:TypeError;RAISE:TypeError;RAISE:TypeError;RAISE:TypeError;RAISE:TypeError;RAISE:TypeError;RAISE:TypeError;RAISE:TypeError;RAISE:TypeError;RAISE:TypeError;RAISE:TypeError;RAISE:TypeError;RAISE:TypeError;RAISE:TypeError;RAISE:TypeError;RAISE:TypeError;RAISE:TypeError;RAISE:TypeError;RAISE:TypeError;RAISE:TypeError;RAISE:TypeError;RAISE:TypeError;RAISE:TypeError;RAISE:TypeError;RAISE:TypeError;RAISE:TypeError;RAISE:TypeError;RAISE:TypeError;RAISE:TypeError;RAISE:TypeError;RAISE:TypeError;RAISE:TypeError;RAISE:TypeError;RAISE:TypeError;RAISE:TypeError;RAISE:TypeError;RAISE:TypeError;RAISE:TypeError;RAISE:TypeError;RAISE:TypeError;RAISE:TypeError;RAISE:TypeError;RAISE:TypeError;RAISE:TypeError;RAISE:TypeError;RAISE:TypeError;RAISE:TypeError;RAISE:TypeError;RAISE:TypeError;RAISE:TypeError;RAISE:TypeError;RAISE:TypeError;RAISE:TypeError;RAISE:TypeError;RAISE:TypeError;RAISE:TypeError;RAISE:TypeError;RAISE:TypeError;RAISE:TypeError;RAISE:TypeError;RAISE:TypeError;RAISE:TypeError;RAISE:TypeError;RAISE:TypeError;RAISE:TypeError;RAISE:TypeError;RAISE:TypeError;RAISE:TypeError;RAISE:TypeError;RAISE:TypeError;RAISE:TypeError;RAISE:TypeError;RAISE:TypeError;RAISE:TypeError;RAISE:TypeError;RAISE:TypeError;RAISE:TypeError;RAISE:TypeError;RAISE:TypeError;RAISE:TypeError;RAISE:TypeError;RAISE:TypeError;RAISE:TypeError;RAISE:TypeError;RAISE:TypeError;RAISE:TypeError;RAISE:TypeError;RAISE:TypeError;RAISE:TypeError;RAISE:TypeError;RAISE:TypeError;RAISE:TypeError;RAISE:TypeError;RAISE:TypeError;RAISE:TypeError;RAISE:TypeError;RAISE:TypeError;RAISE:TypeError;RAISE:TypeError;RAISE:TypeError;RAISE:TypeError;RAISE:TypeError;RAISE:TypeError;RAISE:TypeError;RAISE:TypeError;RAISE:TypeError;RAISE:TypeError;RAISE:TypeError;RAISE:TypeError;RAISE:TypeError;RAISE:TypeError;RAISE:TypeError;RAISE:TypeError;RAISE:TypeError;RAISE:TypeError;RAISE:TypeError;RAISE:TypeError;RAISE:TypeError;RAISE:TypeError;RAISE:TypeError;RAISE:TypeError;RAISE:TypeError;RAISE:TypeError;RAISE:TypeError;RAISE:TypeError;RAISE:TypeError;RAISE:TypeError;RAISE:TypeError;RAISE:TypeError;RAISE:TypeError;RAISE:TypeError;RAISE:TypeError;RAISE:TypeError;RAISE:TypeError;RAISE:TypeError;RAISE:TypeError;RAISE:TypeError;RAISE:TypeError;RAISE:TypeError;RAISE:TypeError;RAISE:TypeError;RAISE:TypeError;RAISE:TypeError;RAISE:TypeError;RAISE:TypeError;RAISE:TypeError;RAISE:TypeError;RAISE:TypeError;RAISE:TypeError;RAISE:TypeError;RAISE:TypeError;RAISE:TypeError;RAISE:TypeError;RAISE:TypeError;RAISE:TypeError;RAISE:TypeError;RAISE:TypeError;RAISE:TypeError;RAISE:TypeError;RAISE:TypeError;RAISE:TypeError;RAISE:TypeError;RAISE:TypeError;RAISE:TypeError;RAISE:TypeError;RAISE:TypeError;RAISE:TypeError;RAISE:TypeError;RAISE:TypeError;RAISE:TypeError;RAISE:TypeError;RAISE:TypeError;RAISE:TypeError;RAISE:TypeError;RAISE:TypeError;RAISE:TypeError;RAISE:TypeError;RAISE:TypeError;RAISE:TypeError;RAISE:TypeError;RAISE:TypeError;RAISE:TypeError;RAISE:TypeError;RAISE:TypeError;RAISE:TypeError;RAISE:TypeError;RAISE:TypeError;RAISE:TypeError;RAISE:TypeError;RAISE:TypeError;RAISE:TypeError;RAISE:TypeError;RAISE:TypeError;RAISE:TypeError;RAISE:TypeError;RAISE:TypeError;RAISE:TypeError;RAISE:TypeError;RAISE:TypeError;RAISE:TypeError;RAISE:TypeError;RAISE:TypeError;RAISE:TypeError;RAISE:TypeError;RAISE:TypeError;RAISE:TypeError;RAISE:TypeError;RAISE:TypeError;RAISE:TypeError;RAISE:TypeError;RAISE:TypeError;RAISE:TypeError;RAISE:TypeError;RAISE:TypeError;RAISE:TypeError;RAISE:TypeError;RAISE:TypeError;RAISE:TypeError;RAISE:TypeError;RAISE:TypeError;RAISE:TypeError;RAISE:TypeError;RAISE:TypeError;RAISE:TypeError;RAISE:TypeError;RAISE:TypeError;RAISE:TypeError;RAISE:TypeError,0,272,0,"whole/L1/17:-2^63,-2^63+1,-2^53-1,-2^31,-42,-1,0,1,7,42,1000,2^31-1,2^31,2^53-1,2^53+1,2^63-1,2^64-1","fractional/L1/16:-max_finite,-1.5,-1.0,-(1.0-1ulp),-0.0,+0.0,+min_subnormal,+min_normal,1.0-1ulp,1.0,1.0+1ulp,1.5,pi,2^53,max_finite,0.1"
A24_3_7,1,whole|fractional,Decimal,Decimal,"whole/L1/17:-2^63,-2^63+1,-2^53-1,-2^31,-42,-1,0,1,7,42,1000,2^31-1,2^31,2^53-1,2^53+1,2^63-1,2^64-1","fractional/L1/16:-max_finite,-1.5,-1.0,-(1.0-1ulp),-0.0,+0.0,+min_subnormal,+min_normal,1.0-1ulp,1.0,1.0+1ulp,1.5,pi,2^53,max_finite,0.1",272,RAISE:TypeError;RAISE:TypeError;RAISE:TypeError;RAISE:TypeError;RAISE:TypeError;RAISE:TypeError;RAISE:TypeError;RAISE:TypeError;RAISE:TypeError;RAISE:TypeError;RAISE:TypeError;RAISE:TypeError;RAISE:TypeError;RAISE:TypeError;RAISE:TypeError;RAISE:TypeError;RAISE:TypeError;RAISE:TypeError;RAISE:TypeError;RAISE:TypeError;RAISE:TypeError;RAISE:TypeError;RAISE:TypeError;RAISE:TypeError;RAISE:TypeError;RAISE:TypeError;RAISE:TypeError;RAISE:TypeError;RAISE:TypeError;RAISE:TypeError;RAISE:TypeError;RAISE:TypeError;RAISE:TypeError;RAISE:TypeError;RAISE:TypeError;RAISE:TypeError;RAISE:TypeError;RAISE:TypeError;RAISE:TypeError;RAISE:TypeError;RAISE:TypeError;RAISE:TypeError;RAISE:TypeError;RAISE:TypeError;RAISE:TypeError;RAISE:TypeError;RAISE:TypeError;RAISE:TypeError;RAISE:TypeError;RAISE:TypeError;RAISE:TypeError;RAISE:TypeError;RAISE:TypeError;RAISE:TypeError;RAISE:TypeError;RAISE:TypeError;RAISE:TypeError;RAISE:TypeError;RAISE:TypeError;RAISE:TypeError;RAISE:TypeError;RAISE:TypeError;RAISE:TypeError;RAISE:TypeError;RAISE:TypeError;RAISE:TypeError;RAISE:TypeError;RAISE:TypeError;RAISE:TypeError;RAISE:TypeError;RAISE:TypeError;RAISE:TypeError;RAISE:TypeError;RAISE:TypeError;RAISE:TypeError;RAISE:TypeError;RAISE:TypeError;RAISE:TypeError;RAISE:TypeError;RAISE:TypeError;RAISE:TypeError;RAISE:TypeError;RAISE:TypeError;RAISE:TypeError;RAISE:TypeError;RAISE:TypeError;RAISE:TypeError;RAISE:TypeError;RAISE:TypeError;RAISE:TypeError;RAISE:TypeError;RAISE:TypeError;RAISE:TypeError;RAISE:TypeError;RAISE:TypeError;RAISE:TypeError;RAISE:TypeError;RAISE:TypeError;RAISE:TypeError;RAISE:TypeError;RAISE:TypeError;RAISE:TypeError;RAISE:TypeError;RAISE:TypeError;RAISE:TypeError;RAISE:TypeError;RAISE:TypeError;RAISE:TypeError;RAISE:TypeError;RAISE:TypeError;RAISE:TypeError;RAISE:TypeError;RAISE:TypeError;RAISE:TypeError;RAISE:TypeError;RAISE:TypeError;RAISE:TypeError;RAISE:TypeError;RAISE:TypeError;RAISE:TypeError;RAISE:TypeError;RAISE:TypeError;RAISE:TypeError;RAISE:TypeError;RAISE:TypeError;RAISE:TypeError;RAISE:TypeError;RAISE:TypeError;RAISE:TypeError;RAISE:TypeError;RAISE:TypeError;RAISE:TypeError;RAISE:TypeError;RAISE:TypeError;RAISE:TypeError;RAISE:TypeError;RAISE:TypeError;RAISE:TypeError;RAISE:TypeError;RAISE:TypeError;RAISE:TypeError;RAISE:TypeError;RAISE:TypeError;RAISE:TypeError;RAISE:TypeError;RAISE:TypeError;RAISE:TypeError;RAISE:TypeError;RAISE:TypeError;RAISE:TypeError;RAISE:TypeError;RAISE:TypeError;RAISE:TypeError;RAISE:TypeError;RAISE:TypeError;RAISE:TypeError;RAISE:TypeError;RAISE:TypeError;RAISE:TypeError;RAISE:TypeError;RAISE:TypeError;RAISE:TypeError;RAISE:TypeError;RAISE:TypeError;RAISE:TypeError;RAISE:TypeError;RAISE:TypeError;RAISE:TypeError;RAISE:TypeError;RAISE:TypeError;RAISE:TypeError;RAISE:TypeError;RAISE:TypeError;RAISE:TypeError;RAISE:TypeError;RAISE:TypeError;RAISE:TypeError;RAISE:TypeError;RAISE:TypeError;RAISE:TypeError;RAISE:TypeError;RAISE:TypeError;RAISE:TypeError;RAISE:TypeError;RAISE:TypeError;RAISE:TypeError;RAISE:TypeError;RAISE:TypeError;RAISE:TypeError;RAISE:TypeError;RAISE:TypeError;RAISE:TypeError;RAISE:TypeError;RAISE:TypeError;RAISE:TypeError;RAISE:TypeError;RAISE:TypeError;RAISE:TypeError;RAISE:TypeError;RAISE:TypeError;RAISE:TypeError;RAISE:TypeError;RAISE:TypeError;RAISE:TypeError;RAISE:TypeError;RAISE:TypeError;RAISE:TypeError;RAISE:TypeError;RAISE:TypeError;RAISE:TypeError;RAISE:TypeError;RAISE:TypeError;RAISE:TypeError;RAISE:TypeError;RAISE:TypeError;RAISE:TypeError;RAISE:TypeError;RAISE:TypeError;RAISE:TypeError;RAISE:TypeError;RAISE:TypeError;RAISE:TypeError;RAISE:TypeError;RAISE:TypeError;RAISE:TypeError;RAISE:TypeError;RAISE:TypeError;RAISE:TypeError;RAISE:TypeError;RAISE:TypeError;RAISE:TypeError;RAISE:TypeError;RAISE:TypeError;RAISE:TypeError;RAISE:TypeError;RAISE:TypeError;RAISE:TypeError;RAISE:TypeError;RAISE:TypeError;RAISE:TypeError;RAISE:TypeError;RAISE:TypeError;RAISE:TypeError;RAISE:TypeError;RAISE:TypeError;RAISE:TypeError;RAISE:TypeError;RAISE:TypeError;RAISE:TypeError;RAISE:TypeError;RAISE:TypeError;RAISE:TypeError;RAISE:TypeError;RAISE:TypeError;RAISE:TypeError;RAISE:TypeError;RAISE:TypeError;RAISE:TypeError;RAISE:TypeError;RAISE:TypeError;RAISE:TypeError;RAISE:TypeError;RAISE:TypeError;RAISE:TypeError;RAISE:TypeError;RAISE:TypeError;RAISE:TypeError;RAISE:TypeError;RAISE:TypeError;RAISE:TypeError;RAISE:TypeError;RAISE:TypeError,0,272,0,"whole/L1/17:-2^63,-2^63+1,-2^53-1,-2^31,-42,-1,0,1,7,42,1000,2^31-1,2^31,2^53-1,2^53+1,2^63-1,2^64-1","fractional/L1/16:-max_finite,-1.5,-1.0,-(1.0-1ulp),-0.0,+0.0,+min_subnormal,+min_normal,1.0-1ulp,1.0,1.0+1ulp,1.5,pi,2^53,max_finite,0.1"
A24_3_8,1,whole|fractional,Decimal,Fraction,"whole/L1/17:-2^63,-2^63+1,-2^53-1,-2^31,-42,-1,0,1,7,42,1000,2^31-1,2^31,2^53-1,2^53+1,2^63-1,2^64-1","fractional/L1/16:-max_finite,-1.5,-1.0,-(1.0-1ulp),-0.0,+0.0,+min_subnormal,+min_normal,1.0-1ulp,1.0,1.0+1ulp,1.5,pi,2^53,max_finite,0.1",272,RAISE:TypeError;RAISE:TypeError;RAISE:TypeError;RAISE:TypeError;UNREPRESENTABLE;RAISE:TypeError;RAISE:TypeError;RAISE:TypeError;RAISE:TypeError;RAISE:TypeError;RAISE:TypeError;RAISE:TypeError;RAISE:TypeError;RAISE:TypeError;RAISE:TypeError;RAISE:TypeError;RAISE:TypeError;RAISE:TypeError;RAISE:TypeError;RAISE:TypeError;UNREPRESENTABLE;RAISE:TypeError;RAISE:TypeError;RAISE:TypeError;RAISE:TypeError;RAISE:TypeError;RAISE:TypeError;RAISE:TypeError;RAISE:TypeError;RAISE:TypeError;RAISE:TypeError;RAISE:TypeError;RAISE:TypeError;RAISE:TypeError;RAISE:TypeError;RAISE:TypeError;UNREPRESENTABLE;RAISE:TypeError;RAISE:TypeError;RAISE:TypeError;RAISE:TypeError;RAISE:TypeError;RAISE:TypeError;RAISE:TypeError;RAISE:TypeError;RAISE:TypeError;RAISE:TypeError;RAISE:TypeError;RAISE:TypeError;RAISE:TypeError;RAISE:TypeError;RAISE:TypeError;UNREPRESENTABLE;RAISE:TypeError;RAISE:TypeError;RAISE:TypeError;RAISE:TypeError;RAISE:TypeError;RAISE:TypeError;RAISE:TypeError;RAISE:TypeError;RAISE:TypeError;RAISE:TypeError;RAISE:TypeError;RAISE:TypeError;RAISE:TypeError;RAISE:TypeError;RAISE:TypeError;UNREPRESENTABLE;RAISE:TypeError;RAISE:TypeError;RAISE:TypeError;RAISE:TypeError;RAISE:TypeError;RAISE:TypeError;RAISE:TypeError;RAISE:TypeError;RAISE:TypeError;RAISE:TypeError;RAISE:TypeError;RAISE:TypeError;RAISE:TypeError;RAISE:TypeError;RAISE:TypeError;UNREPRESENTABLE;RAISE:TypeError;RAISE:TypeError;RAISE:TypeError;RAISE:TypeError;RAISE:TypeError;RAISE:TypeError;RAISE:TypeError;RAISE:TypeError;RAISE:TypeError;RAISE:TypeError;RAISE:TypeError;RAISE:TypeError;RAISE:TypeError;RAISE:TypeError;RAISE:TypeError;UNREPRESENTABLE;RAISE:TypeError;RAISE:TypeError;RAISE:TypeError;RAISE:TypeError;RAISE:TypeError;RAISE:TypeError;RAISE:TypeError;RAISE:TypeError;RAISE:TypeError;RAISE:TypeError;RAISE:TypeError;RAISE:TypeError;RAISE:TypeError;RAISE:TypeError;RAISE:TypeError;UNREPRESENTABLE;RAISE:TypeError;RAISE:TypeError;RAISE:TypeError;RAISE:TypeError;RAISE:TypeError;RAISE:TypeError;RAISE:TypeError;RAISE:TypeError;RAISE:TypeError;RAISE:TypeError;RAISE:TypeError;RAISE:TypeError;RAISE:TypeError;RAISE:TypeError;RAISE:TypeError;UNREPRESENTABLE;RAISE:TypeError;RAISE:TypeError;RAISE:TypeError;RAISE:TypeError;RAISE:TypeError;RAISE:TypeError;RAISE:TypeError;RAISE:TypeError;RAISE:TypeError;RAISE:TypeError;RAISE:TypeError;RAISE:TypeError;RAISE:TypeError;RAISE:TypeError;RAISE:TypeError;UNREPRESENTABLE;RAISE:TypeError;RAISE:TypeError;RAISE:TypeError;RAISE:TypeError;RAISE:TypeError;RAISE:TypeError;RAISE:TypeError;RAISE:TypeError;RAISE:TypeError;RAISE:TypeError;RAISE:TypeError;RAISE:TypeError;RAISE:TypeError;RAISE:TypeError;RAISE:TypeError;UNREPRESENTABLE;RAISE:TypeError;RAISE:TypeError;RAISE:TypeError;RAISE:TypeError;RAISE:TypeError;RAISE:TypeError;RAISE:TypeError;RAISE:TypeError;RAISE:TypeError;RAISE:TypeError;RAISE:TypeError;RAISE:TypeError;RAISE:TypeError;RAISE:TypeError;RAISE:TypeError;UNREPRESENTABLE;RAISE:TypeError;RAISE:TypeError;RAISE:TypeError;RAISE:TypeError;RAISE:TypeError;RAISE:TypeError;RAISE:TypeError;RAISE:TypeError;RAISE:TypeError;RAISE:TypeError;RAISE:TypeError;RAISE:TypeError;RAISE:TypeError;RAISE:TypeError;RAISE:TypeError;UNREPRESENTABLE;RAISE:TypeError;RAISE:TypeError;RAISE:TypeError;RAISE:TypeError;RAISE:TypeError;RAISE:TypeError;RAISE:TypeError;RAISE:TypeError;RAISE:TypeError;RAISE:TypeError;RAISE:TypeError;RAISE:TypeError;RAISE:TypeError;RAISE:TypeError;RAISE:TypeError;UNREPRESENTABLE;RAISE:TypeError;RAISE:TypeError;RAISE:TypeError;RAISE:TypeError;RAISE:TypeError;RAISE:TypeError;RAISE:TypeError;RAISE:TypeError;RAISE:TypeError;RAISE:TypeError;RAISE:TypeError;RAISE:TypeError;RAISE:TypeError;RAISE:TypeError;RAISE:TypeError;UNREPRESENTABLE;RAISE:TypeError;RAISE:TypeError;RAISE:TypeError;RAISE:TypeError;RAISE:TypeError;RAISE:TypeError;RAISE:TypeError;RAISE:TypeError;RAISE:TypeError;RAISE:TypeError;RAISE:TypeError;RAISE:TypeError;RAISE:TypeError;RAISE:TypeError;RAISE:TypeError;UNREPRESENTABLE;RAISE:TypeError;RAISE:TypeError;RAISE:TypeError;RAISE:TypeError;RAISE:TypeError;RAISE:TypeError;RAISE:TypeError;RAISE:TypeError;RAISE:TypeError;RAISE:TypeError;RAISE:TypeError;RAISE:TypeError;RAISE:TypeError;RAISE:TypeError;RAISE:TypeError;UNREPRESENTABLE;RAISE:TypeError;RAISE:TypeError;RAISE:TypeError;RAISE:TypeError;RAISE:TypeError;RAISE:TypeError;RAISE:TypeError;RAISE:TypeError;RAISE:TypeError;RAISE:TypeError;RAISE:TypeError,0,255,17,"whole/L1/17:-2^63,-2^63+1,-2^53-1,-2^31,-42,-1,0,1,7,42,1000,2^31-1,2^31,2^53-1,2^53+1,2^63-1,2^64-1","fractional/L1/15:-max_finite,-1.5,-1.0,-(1.0-1ulp),+0.0,+min_subnormal,+min_normal,1.0-1ulp,1.0,1.0+1ulp,1.5,pi,2^53,max_finite,0.1"
A24_4_1,1,whole|truth,Fraction,bool,"whole/L1/17:-2^63,-2^63+1,-2^53-1,-2^31,-42,-1,0,1,7,42,1000,2^31-1,2^31,2^53-1,2^53+1,2^63-1,2^64-1","truth/L1/6:true,false,0,1,"""",nil",102,RAISE:TypeError;RAISE:TypeError;RAISE:TypeError;RAISE:TypeError;RAISE:TypeError;RAISE:TypeError;RAISE:TypeError;RAISE:TypeError;RAISE:TypeError;RAISE:TypeError;RAISE:TypeError;RAISE:TypeError;RAISE:TypeError;RAISE:TypeError;RAISE:TypeError;RAISE:TypeError;RAISE:TypeError;RAISE:TypeError;RAISE:TypeError;RAISE:TypeError;RAISE:TypeError;RAISE:TypeError;RAISE:TypeError;RAISE:TypeError;RAISE:TypeError;RAISE:TypeError;RAISE:TypeError;RAISE:TypeError;RAISE:TypeError;RAISE:TypeError;RAISE:TypeError;RAISE:TypeError;RAISE:TypeError;RAISE:TypeError;RAISE:TypeError;RAISE:TypeError;RAISE:TypeError;RAISE:TypeError;RAISE:TypeError;RAISE:TypeError;RAISE:TypeError;RAISE:TypeError;RAISE:TypeError;RAISE:TypeError;RAISE:TypeError;RAISE:TypeError;RAISE:TypeError;RAISE:TypeError;RAISE:TypeError;RAISE:TypeError;RAISE:TypeError;RAISE:TypeError;RAISE:TypeError;RAISE:TypeError;RAISE:TypeError;RAISE:TypeError;RAISE:TypeError;RAISE:TypeError;RAISE:TypeError;RAISE:TypeError;RAISE:TypeError;RAISE:TypeError;RAISE:TypeError;RAISE:TypeError;RAISE:TypeError;RAISE:TypeError;RAISE:TypeError;RAISE:TypeError;RAISE:TypeError;RAISE:TypeError;RAISE:TypeError;RAISE:TypeError;RAISE:TypeError;RAISE:TypeError;RAISE:TypeError;RAISE:TypeError;RAISE:TypeError;RAISE:TypeError;RAISE:TypeError;RAISE:TypeError;RAISE:TypeError;RAISE:TypeError;RAISE:TypeError;RAISE:TypeError;RAISE:TypeError;RAISE:TypeError;RAISE:TypeError;RAISE:TypeError;RAISE:TypeError;RAISE:TypeError;RAISE:TypeError;RAISE:TypeError;RAISE:TypeError;RAISE:TypeError;RAISE:TypeError;RAISE:TypeError;RAISE:TypeError;RAISE:TypeError;RAISE:TypeError;RAISE:TypeError;RAISE:TypeError;RAISE:TypeError,0,102,0,"whole/L1/17:-2^63,-2^63+1,-2^53-1,-2^31,-42,-1,0,1,7,42,1000,2^31-1,2^31,2^53-1,2^53+1,2^63-1,2^64-1","truth/L1/6:true,false,0,1,"""",nil"
A24_4_2,1,whole|whole,Fraction,int,"whole/L1/17:-2^63,-2^63+1,-2^53-1,-2^31,-42,-1,0,1,7,42,1000,2^31-1,2^31,2^53-1,2^53+1,2^63-1,2^64-1","whole/L1/17:-2^63,-2^63+1,-2^53-1,-2^31,-42,-1,0,1,7,42,1000,2^31-1,2^31,2^53-1,2^53+1,2^63-1,2^64-1",289,RAISE:TypeError;RAISE:TypeError;RAISE:TypeError;RAISE:TypeError;RAISE:TypeError;RAISE:TypeError;RAISE:TypeError;RAISE:TypeError;RAISE:TypeError;RAISE:TypeError;RAISE:TypeError;RAISE:TypeError;RAISE:TypeError;RAISE:TypeError;RAISE:TypeError;RAISE:TypeError;RAISE:TypeError;RAISE:TypeError;RAISE:TypeError;RAISE:TypeError;RAISE:TypeError;RAISE:TypeError;RAISE:TypeError;RAISE:TypeError;RAISE:TypeError;RAISE:TypeError;RAISE:TypeError;RAISE:TypeError;RAISE:TypeError;RAISE:TypeError;RAISE:TypeError;RAISE:TypeError;RAISE:TypeError;RAISE:TypeError;RAISE:TypeError;RAISE:TypeError;RAISE:TypeError;RAISE:TypeError;RAISE:TypeError;RAISE:TypeError;RAISE:TypeError;RAISE:TypeError;RAISE:TypeError;RAISE:TypeError;RAISE:TypeError;RAISE:TypeError;RAISE:TypeError;RAISE:TypeError;RAISE:TypeError;RAISE:TypeError;RAISE:TypeError;RAISE:TypeError;RAISE:TypeError;RAISE:TypeError;RAISE:TypeError;RAISE:TypeError;RAISE:TypeError;RAISE:TypeError;RAISE:TypeError;RAISE:TypeError;RAISE:TypeError;RAISE:TypeError;RAISE:TypeError;RAISE:TypeError;RAISE:TypeError;RAISE:TypeError;RAISE:TypeError;RAISE:TypeError;RAISE:TypeError;RAISE:TypeError;RAISE:TypeError;RAISE:TypeError;RAISE:TypeError;RAISE:TypeError;RAISE:TypeError;RAISE:TypeError;RAISE:TypeError;RAISE:TypeError;RAISE:TypeError;RAISE:TypeError;RAISE:TypeError;RAISE:TypeError;RAISE:TypeError;RAISE:TypeError;RAISE:TypeError;RAISE:TypeError;RAISE:TypeError;RAISE:TypeError;RAISE:TypeError;RAISE:TypeError;RAISE:TypeError;RAISE:TypeError;RAISE:TypeError;RAISE:TypeError;RAISE:TypeError;RAISE:TypeError;RAISE:TypeError;RAISE:TypeError;RAISE:TypeError;RAISE:TypeError;RAISE:TypeError;RAISE:TypeError;RAISE:TypeError;RAISE:TypeError;RAISE:TypeError;RAISE:TypeError;RAISE:TypeError;RAISE:TypeError;RAISE:TypeError;RAISE:TypeError;RAISE:TypeError;RAISE:TypeError;RAISE:TypeError;RAISE:TypeError;RAISE:TypeError;RAISE:TypeError;RAISE:TypeError;RAISE:TypeError;RAISE:TypeError;RAISE:TypeError;RAISE:TypeError;RAISE:TypeError;RAISE:TypeError;RAISE:TypeError;RAISE:TypeError;RAISE:TypeError;RAISE:TypeError;RAISE:TypeError;RAISE:TypeError;RAISE:TypeError;RAISE:TypeError;RAISE:TypeError;RAISE:TypeError;RAISE:TypeError;RAISE:TypeError;RAISE:TypeError;RAISE:TypeError;RAISE:TypeError;RAISE:TypeError;RAISE:TypeError;RAISE:TypeError;RAISE:TypeError;RAISE:TypeError;RAISE:TypeError;RAISE:TypeError;RAISE:TypeError;RAISE:TypeError;RAISE:TypeError;RAISE:TypeError;RAISE:TypeError;RAISE:TypeError;RAISE:TypeError;RAISE:TypeError;RAISE:TypeError;RAISE:TypeError;RAISE:TypeError;RAISE:TypeError;RAISE:TypeError;RAISE:TypeError;RAISE:TypeError;RAISE:TypeError;RAISE:TypeError;RAISE:TypeError;RAISE:TypeError;RAISE:TypeError;RAISE:TypeError;RAISE:TypeError;RAISE:TypeError;RAISE:TypeError;RAISE:TypeError;RAISE:TypeError;RAISE:TypeError;RAISE:TypeError;RAISE:TypeError;RAISE:TypeError;RAISE:TypeError;RAISE:TypeError;RAISE:TypeError;RAISE:TypeError;RAISE:TypeError;RAISE:TypeError;RAISE:TypeError;RAISE:TypeError;RAISE:TypeError;RAISE:TypeError;RAISE:TypeError;RAISE:TypeError;RAISE:TypeError;RAISE:TypeError;RAISE:TypeError;RAISE:TypeError;RAISE:TypeError;RAISE:TypeError;RAISE:TypeError;RAISE:TypeError;RAISE:TypeError;RAISE:TypeError;RAISE:TypeError;RAISE:TypeError;RAISE:TypeError;RAISE:TypeError;RAISE:TypeError;RAISE:TypeError;RAISE:TypeError;RAISE:TypeError;RAISE:TypeError;RAISE:TypeError;RAISE:TypeError;RAISE:TypeError;RAISE:TypeError;RAISE:TypeError;RAISE:TypeError;RAISE:TypeError;RAISE:TypeError;RAISE:TypeError;RAISE:TypeError;RAISE:TypeError;RAISE:TypeError;RAISE:TypeError;RAISE:TypeError;RAISE:TypeError;RAISE:TypeError;RAISE:TypeError;RAISE:TypeError;RAISE:TypeError;RAISE:TypeError;RAISE:TypeError;RAISE:TypeError;RAISE:TypeError;RAISE:TypeError;RAISE:TypeError;RAISE:TypeError;RAISE:TypeError;RAISE:TypeError;RAISE:TypeError;RAISE:TypeError;RAISE:TypeError;RAISE:TypeError;RAISE:TypeError;RAISE:TypeError;RAISE:TypeError;RAISE:TypeError;RAISE:TypeError;RAISE:TypeError;RAISE:TypeError;RAISE:TypeError;RAISE:TypeError;RAISE:TypeError;RAISE:TypeError;RAISE:TypeError;RAISE:TypeError;RAISE:TypeError;RAISE:TypeError;RAISE:TypeError;RAISE:TypeError;RAISE:TypeError;RAISE:TypeError;RAISE:TypeError;RAISE:TypeError;RAISE:TypeError;RAISE:TypeError;RAISE:TypeError;RAISE:TypeError;RAISE:TypeError;RAISE:TypeError;RAISE:TypeError;RAISE:TypeError;RAISE:TypeError;RAISE:TypeError;RAISE:TypeError;RAISE:TypeError;RAISE:TypeError;RAISE:TypeError;RAISE:TypeError;RAISE:TypeError;RAISE:TypeError;RAISE:TypeError;RAISE:TypeError;RAISE:TypeError;RAISE:TypeError;RAISE:TypeError;RAISE:TypeError;RAISE:TypeError;RAISE:TypeError;RAISE:TypeError;RAISE:TypeError;RAISE:TypeError;RAISE:TypeError;RAISE:TypeError,0,289,0,"whole/L1/17:-2^63,-2^63+1,-2^53-1,-2^31,-42,-1,0,1,7,42,1000,2^31-1,2^31,2^53-1,2^53+1,2^63-1,2^64-1","whole/L1/17:-2^63,-2^63+1,-2^53-1,-2^31,-42,-1,0,1,7,42,1000,2^31-1,2^31,2^53-1,2^53+1,2^63-1,2^64-1"
A24_4_3,1,whole|whole,Fraction,Decimal,"whole/L1/17:-2^63,-2^63+1,-2^53-1,-2^31,-42,-1,0,1,7,42,1000,2^31-1,2^31,2^53-1,2^53+1,2^63-1,2^64-1","whole/L1/17:-2^63,-2^63+1,-2^53-1,-2^31,-42,-1,0,1,7,42,1000,2^31-1,2^31,2^53-1,2^53+1,2^63-1,2^64-1",289,RAISE:TypeError;RAISE:TypeError;RAISE:TypeError;RAISE:TypeError;RAISE:TypeError;RAISE:TypeError;RAISE:TypeError;RAISE:TypeError;RAISE:TypeError;RAISE:TypeError;RAISE:TypeError;RAISE:TypeError;RAISE:TypeError;RAISE:TypeError;RAISE:TypeError;RAISE:TypeError;RAISE:TypeError;RAISE:TypeError;RAISE:TypeError;RAISE:TypeError;RAISE:TypeError;RAISE:TypeError;RAISE:TypeError;RAISE:TypeError;RAISE:TypeError;RAISE:TypeError;RAISE:TypeError;RAISE:TypeError;RAISE:TypeError;RAISE:TypeError;RAISE:TypeError;RAISE:TypeError;RAISE:TypeError;RAISE:TypeError;RAISE:TypeError;RAISE:TypeError;RAISE:TypeError;RAISE:TypeError;RAISE:TypeError;RAISE:TypeError;RAISE:TypeError;RAISE:TypeError;RAISE:TypeError;RAISE:TypeError;RAISE:TypeError;RAISE:TypeError;RAISE:TypeError;RAISE:TypeError;RAISE:TypeError;RAISE:TypeError;RAISE:TypeError;RAISE:TypeError;RAISE:TypeError;RAISE:TypeError;RAISE:TypeError;RAISE:TypeError;RAISE:TypeError;RAISE:TypeError;RAISE:TypeError;RAISE:TypeError;RAISE:TypeError;RAISE:TypeError;RAISE:TypeError;RAISE:TypeError;RAISE:TypeError;RAISE:TypeError;RAISE:TypeError;RAISE:TypeError;RAISE:TypeError;RAISE:TypeError;RAISE:TypeError;RAISE:TypeError;RAISE:TypeError;RAISE:TypeError;RAISE:TypeError;RAISE:TypeError;RAISE:TypeError;RAISE:TypeError;RAISE:TypeError;RAISE:TypeError;RAISE:TypeError;RAISE:TypeError;RAISE:TypeError;RAISE:TypeError;RAISE:TypeError;RAISE:TypeError;RAISE:TypeError;RAISE:TypeError;RAISE:TypeError;RAISE:TypeError;RAISE:TypeError;RAISE:TypeError;RAISE:TypeError;RAISE:TypeError;RAISE:TypeError;RAISE:TypeError;RAISE:TypeError;RAISE:TypeError;RAISE:TypeError;RAISE:TypeError;RAISE:TypeError;RAISE:TypeError;RAISE:TypeError;RAISE:TypeError;RAISE:TypeError;RAISE:TypeError;RAISE:TypeError;RAISE:TypeError;RAISE:TypeError;RAISE:TypeError;RAISE:TypeError;RAISE:TypeError;RAISE:TypeError;RAISE:TypeError;RAISE:TypeError;RAISE:TypeError;RAISE:TypeError;RAISE:TypeError;RAISE:TypeError;RAISE:TypeError;RAISE:TypeError;RAISE:TypeError;RAISE:TypeError;RAISE:TypeError;RAISE:TypeError;RAISE:TypeError;RAISE:TypeError;RAISE:TypeError;RAISE:TypeError;RAISE:TypeError;RAISE:TypeError;RAISE:TypeError;RAISE:TypeError;RAISE:TypeError;RAISE:TypeError;RAISE:TypeError;RAISE:TypeError;RAISE:TypeError;RAISE:TypeError;RAISE:TypeError;RAISE:TypeError;RAISE:TypeError;RAISE:TypeError;RAISE:TypeError;RAISE:TypeError;RAISE:TypeError;RAISE:TypeError;RAISE:TypeError;RAISE:TypeError;RAISE:TypeError;RAISE:TypeError;RAISE:TypeError;RAISE:TypeError;RAISE:TypeError;RAISE:TypeError;RAISE:TypeError;RAISE:TypeError;RAISE:TypeError;RAISE:TypeError;RAISE:TypeError;RAISE:TypeError;RAISE:TypeError;RAISE:TypeError;RAISE:TypeError;RAISE:TypeError;RAISE:TypeError;RAISE:TypeError;RAISE:TypeError;RAISE:TypeError;RAISE:TypeError;RAISE:TypeError;RAISE:TypeError;RAISE:TypeError;RAISE:TypeError;RAISE:TypeError;RAISE:TypeError;RAISE:TypeError;RAISE:TypeError;RAISE:TypeError;RAISE:TypeError;RAISE:TypeError;RAISE:TypeError;RAISE:TypeError;RAISE:TypeError;RAISE:TypeError;RAISE:TypeError;RAISE:TypeError;RAISE:TypeError;RAISE:TypeError;RAISE:TypeError;RAISE:TypeError;RAISE:TypeError;RAISE:TypeError;RAISE:TypeError;RAISE:TypeError;RAISE:TypeError;RAISE:TypeError;RAISE:TypeError;RAISE:TypeError;RAISE:TypeError;RAISE:TypeError;RAISE:TypeError;RAISE:TypeError;RAISE:TypeError;RAISE:TypeError;RAISE:TypeError;RAISE:TypeError;RAISE:TypeError;RAISE:TypeError;RAISE:TypeError;RAISE:TypeError;RAISE:TypeError;RAISE:TypeError;RAISE:TypeError;RAISE:TypeError;RAISE:TypeError;RAISE:TypeError;RAISE:TypeError;RAISE:TypeError;RAISE:TypeError;RAISE:TypeError;RAISE:TypeError;RAISE:TypeError;RAISE:TypeError;RAISE:TypeError;RAISE:TypeError;RAISE:TypeError;RAISE:TypeError;RAISE:TypeError;RAISE:TypeError;RAISE:TypeError;RAISE:TypeError;RAISE:TypeError;RAISE:TypeError;RAISE:TypeError;RAISE:TypeError;RAISE:TypeError;RAISE:TypeError;RAISE:TypeError;RAISE:TypeError;RAISE:TypeError;RAISE:TypeError;RAISE:TypeError;RAISE:TypeError;RAISE:TypeError;RAISE:TypeError;RAISE:TypeError;RAISE:TypeError;RAISE:TypeError;RAISE:TypeError;RAISE:TypeError;RAISE:TypeError;RAISE:TypeError;RAISE:TypeError;RAISE:TypeError;RAISE:TypeError;RAISE:TypeError;RAISE:TypeError;RAISE:TypeError;RAISE:TypeError;RAISE:TypeError;RAISE:TypeError;RAISE:TypeError;RAISE:TypeError;RAISE:TypeError;RAISE:TypeError;RAISE:TypeError;RAISE:TypeError;RAISE:TypeError;RAISE:TypeError;RAISE:TypeError;RAISE:TypeError;RAISE:TypeError;RAISE:TypeError;RAISE:TypeError;RAISE:TypeError;RAISE:TypeError;RAISE:TypeError;RAISE:TypeError;RAISE:TypeError;RAISE:TypeError;RAISE:TypeError;RAISE:TypeError;RAISE:TypeError;RAISE:TypeError;RAISE:TypeError;RAISE:TypeError;RAISE:TypeError;RAISE:TypeError,0,289,0,"whole/L1/17:-2^63,-2^63+1,-2^53-1,-2^31,-42,-1,0,1,7,42,1000,2^31-1,2^31,2^53-1,2^53+1,2^63-1,2^64-1","whole/L1/17:-2^63,-2^63+1,-2^53-1,-2^31,-42,-1,0,1,7,42,1000,2^31-1,2^31,2^53-1,2^53+1,2^63-1,2^64-1"
A24_4_4,1,whole|whole,Fraction,Fraction,"whole/L1/17:-2^63,-2^63+1,-2^53-1,-2^31,-42,-1,0,1,7,42,1000,2^31-1,2^31,2^53-1,2^53+1,2^63-1,2^64-1","whole/L1/17:-2^63,-2^63+1,-2^53-1,-2^31,-42,-1,0,1,7,42,1000,2^31-1,2^31,2^53-1,2^53+1,2^63-1,2^64-1",289,RAISE:TypeError;RAISE:TypeError;RAISE:TypeError;RAISE:TypeError;RAISE:TypeError;RAISE:TypeError;RAISE:TypeError;RAISE:TypeError;RAISE:TypeError;RAISE:TypeError;RAISE:TypeError;RAISE:TypeError;RAISE:TypeError;RAISE:TypeError;RAISE:TypeError;RAISE:TypeError;RAISE:TypeError;RAISE:TypeError;RAISE:TypeError;RAISE:TypeError;RAISE:TypeError;RAISE:TypeError;RAISE:TypeError;RAISE:TypeError;RAISE:TypeError;RAISE:TypeError;RAISE:TypeError;RAISE:TypeError;RAISE:TypeError;RAISE:TypeError;RAISE:TypeError;RAISE:TypeError;RAISE:TypeError;RAISE:TypeError;RAISE:TypeError;RAISE:TypeError;RAISE:TypeError;RAISE:TypeError;RAISE:TypeError;RAISE:TypeError;RAISE:TypeError;RAISE:TypeError;RAISE:TypeError;RAISE:TypeError;RAISE:TypeError;RAISE:TypeError;RAISE:TypeError;RAISE:TypeError;RAISE:TypeError;RAISE:TypeError;RAISE:TypeError;RAISE:TypeError;RAISE:TypeError;RAISE:TypeError;RAISE:TypeError;RAISE:TypeError;RAISE:TypeError;RAISE:TypeError;RAISE:TypeError;RAISE:TypeError;RAISE:TypeError;RAISE:TypeError;RAISE:TypeError;RAISE:TypeError;RAISE:TypeError;RAISE:TypeError;RAISE:TypeError;RAISE:TypeError;RAISE:TypeError;RAISE:TypeError;RAISE:TypeError;RAISE:TypeError;RAISE:TypeError;RAISE:TypeError;RAISE:TypeError;RAISE:TypeError;RAISE:TypeError;RAISE:TypeError;RAISE:TypeError;RAISE:TypeError;RAISE:TypeError;RAISE:TypeError;RAISE:TypeError;RAISE:TypeError;RAISE:TypeError;RAISE:TypeError;RAISE:TypeError;RAISE:TypeError;RAISE:TypeError;RAISE:TypeError;RAISE:TypeError;RAISE:TypeError;RAISE:TypeError;RAISE:TypeError;RAISE:TypeError;RAISE:TypeError;RAISE:TypeError;RAISE:TypeError;RAISE:TypeError;RAISE:TypeError;RAISE:TypeError;RAISE:TypeError;RAISE:TypeError;RAISE:TypeError;RAISE:TypeError;RAISE:TypeError;RAISE:TypeError;RAISE:TypeError;RAISE:TypeError;RAISE:TypeError;RAISE:TypeError;RAISE:TypeError;RAISE:TypeError;RAISE:TypeError;RAISE:TypeError;RAISE:TypeError;RAISE:TypeError;RAISE:TypeError;RAISE:TypeError;RAISE:TypeError;RAISE:TypeError;RAISE:TypeError;RAISE:TypeError;RAISE:TypeError;RAISE:TypeError;RAISE:TypeError;RAISE:TypeError;RAISE:TypeError;RAISE:TypeError;RAISE:TypeError;RAISE:TypeError;RAISE:TypeError;RAISE:TypeError;RAISE:TypeError;RAISE:TypeError;RAISE:TypeError;RAISE:TypeError;RAISE:TypeError;RAISE:TypeError;RAISE:TypeError;RAISE:TypeError;RAISE:TypeError;RAISE:TypeError;RAISE:TypeError;RAISE:TypeError;RAISE:TypeError;RAISE:TypeError;RAISE:TypeError;RAISE:TypeError;RAISE:TypeError;RAISE:TypeError;RAISE:TypeError;RAISE:TypeError;RAISE:TypeError;RAISE:TypeError;RAISE:TypeError;RAISE:TypeError;RAISE:TypeError;RAISE:TypeError;RAISE:TypeError;RAISE:TypeError;RAISE:TypeError;RAISE:TypeError;RAISE:TypeError;RAISE:TypeError;RAISE:TypeError;RAISE:TypeError;RAISE:TypeError;RAISE:TypeError;RAISE:TypeError;RAISE:TypeError;RAISE:TypeError;RAISE:TypeError;RAISE:TypeError;RAISE:TypeError;RAISE:TypeError;RAISE:TypeError;RAISE:TypeError;RAISE:TypeError;RAISE:TypeError;RAISE:TypeError;RAISE:TypeError;RAISE:TypeError;RAISE:TypeError;RAISE:TypeError;RAISE:TypeError;RAISE:TypeError;RAISE:TypeError;RAISE:TypeError;RAISE:TypeError;RAISE:TypeError;RAISE:TypeError;RAISE:TypeError;RAISE:TypeError;RAISE:TypeError;RAISE:TypeError;RAISE:TypeError;RAISE:TypeError;RAISE:TypeError;RAISE:TypeError;RAISE:TypeError;RAISE:TypeError;RAISE:TypeError;RAISE:TypeError;RAISE:TypeError;RAISE:TypeError;RAISE:TypeError;RAISE:TypeError;RAISE:TypeError;RAISE:TypeError;RAISE:TypeError;RAISE:TypeError;RAISE:TypeError;RAISE:TypeError;RAISE:TypeError;RAISE:TypeError;RAISE:TypeError;RAISE:TypeError;RAISE:TypeError;RAISE:TypeError;RAISE:TypeError;RAISE:TypeError;RAISE:TypeError;RAISE:TypeError;RAISE:TypeError;RAISE:TypeError;RAISE:TypeError;RAISE:TypeError;RAISE:TypeError;RAISE:TypeError;RAISE:TypeError;RAISE:TypeError;RAISE:TypeError;RAISE:TypeError;RAISE:TypeError;RAISE:TypeError;RAISE:TypeError;RAISE:TypeError;RAISE:TypeError;RAISE:TypeError;RAISE:TypeError;RAISE:TypeError;RAISE:TypeError;RAISE:TypeError;RAISE:TypeError;RAISE:TypeError;RAISE:TypeError;RAISE:TypeError;RAISE:TypeError;RAISE:TypeError;RAISE:TypeError;RAISE:TypeError;RAISE:TypeError;RAISE:TypeError;RAISE:TypeError;RAISE:TypeError;RAISE:TypeError;RAISE:TypeError;RAISE:TypeError;RAISE:TypeError;RAISE:TypeError;RAISE:TypeError;RAISE:TypeError;RAISE:TypeError;RAISE:TypeError;RAISE:TypeError;RAISE:TypeError;RAISE:TypeError;RAISE:TypeError;RAISE:TypeError;RAISE:TypeError;RAISE:TypeError;RAISE:TypeError;RAISE:TypeError;RAISE:TypeError;RAISE:TypeError;RAISE:TypeError;RAISE:TypeError;RAISE:TypeError;RAISE:TypeError;RAISE:TypeError;RAISE:TypeError;RAISE:TypeError;RAISE:TypeError;RAISE:TypeError;RAISE:TypeError;RAISE:TypeError;RAISE:TypeError;RAISE:TypeError,0,289,0,"whole/L1/17:-2^63,-2^63+1,-2^53-1,-2^31,-42,-1,0,1,7,42,1000,2^31-1,2^31,2^53-1,2^53+1,2^63-1,2^64-1","whole/L1/17:-2^63,-2^63+1,-2^53-1,-2^31,-42,-1,0,1,7,42,1000,2^31-1,2^31,2^53-1,2^53+1,2^63-1,2^64-1"
A24_4_5,1,whole|whole,Fraction,c_int64,"whole/L1/17:-2^63,-2^63+1,-2^53-1,-2^31,-42,-1,0,1,7,42,1000,2^31-1,2^31,2^53-1,2^53+1,2^63-1,2^64-1","whole/L1/17:-2^63,-2^63+1,-2^53-1,-2^31,-42,-1,0,1,7,42,1000,2^31-1,2^31,2^53-1,2^53+1,2^63-1,2^64-1",289,RAISE:TypeError;RAISE:TypeError;RAISE:TypeError;RAISE:TypeError;RAISE:TypeError;RAISE:TypeError;RAISE:TypeError;RAISE:TypeError;RAISE:TypeError;RAISE:TypeError;RAISE:TypeError;RAISE:TypeError;RAISE:TypeError;RAISE:TypeError;RAISE:TypeError;RAISE:TypeError;UNREPRESENTABLE;RAISE:TypeError;RAISE:TypeError;RAISE:TypeError;RAISE:TypeError;RAISE:TypeError;RAISE:TypeError;RAISE:TypeError;RAISE:TypeError;RAISE:TypeError;RAISE:TypeError;RAISE:TypeError;RAISE:TypeError;RAISE:TypeError;RAISE:TypeError;RAISE:TypeError;RAISE:TypeError;UNREPRESENTABLE;RAISE:TypeError;RAISE:TypeError;RAISE:TypeError;RAISE:TypeError;RAISE:TypeError;RAISE:TypeError;RAISE:TypeError;RAISE:TypeError;RAISE:TypeError;RAISE:TypeError;RAISE:TypeError;RAISE:TypeError;RAISE:TypeError;RAISE:TypeError;RAISE:TypeError;RAISE:TypeError;UNREPRESENTABLE;RAISE:TypeError;RAISE:TypeError;RAISE:TypeError;RAISE:TypeError;RAISE:TypeError;RAISE:TypeError;RAISE:TypeError;RAISE:TypeError;RAISE:TypeError;RAISE:TypeError;RAISE:TypeError;RAISE:TypeError;RAISE:TypeError;RAISE:TypeError;RAISE:TypeError;RAISE:TypeError;UNREPRESENTABLE;RAISE:TypeError;RAISE:TypeError;RAISE:TypeError;RAISE:TypeError;RAISE:TypeError;RAISE:TypeError;RAISE:TypeError;RAISE:TypeError;RAISE:TypeError;RAISE:TypeError;RAISE:TypeError;RAISE:TypeError;RAISE:TypeError;RAISE:TypeError;RAISE:TypeError;RAISE:TypeError;UNREPRESENTABLE;RAISE:TypeError;RAISE:TypeError;RAISE:TypeError;RAISE:TypeError;RAISE:TypeError;RAISE:TypeError;RAISE:TypeError;RAISE:TypeError;RAISE:TypeError;RAISE:TypeError;RAISE:TypeError;RAISE:TypeError;RAISE:TypeError;RAISE:TypeError;RAISE:TypeError;RAISE:TypeError;UNREPRESENTABLE;RAISE:TypeError;RAISE:TypeError;RAISE:TypeError;RAISE:TypeError;RAISE:TypeError;RAISE:TypeError;RAISE:TypeError;RAISE:TypeError;RAISE:TypeError;RAISE:TypeError;RAISE:TypeError;RAISE:TypeError;RAISE:TypeError;RAISE:TypeError;RAISE:TypeError;RAISE:TypeError;UNREPRESENTABLE;RAISE:TypeError;RAISE:TypeError;RAISE:TypeError;RAISE:TypeError;RAISE:TypeError;RAISE:TypeError;RAISE:TypeError;RAISE:TypeError;RAISE:TypeError;RAISE:TypeError;RAISE:TypeError;RAISE:TypeError;RAISE:TypeError;RAISE:TypeError;RAISE:TypeError;RAISE:TypeError;UNREPRESENTABLE;RAISE:TypeError;RAISE:TypeError;RAISE:TypeError;RAISE:TypeError;RAISE:TypeError;RAISE:TypeError;RAISE:TypeError;RAISE:TypeError;RAISE:TypeError;RAISE:TypeError;RAISE:TypeError;RAISE:TypeError;RAISE:TypeError;RAISE:TypeError;RAISE:TypeError;RAISE:TypeError;UNREPRESENTABLE;RAISE:TypeError;RAISE:TypeError;RAISE:TypeError;RAISE:TypeError;RAISE:TypeError;RAISE:TypeError;RAISE:TypeError;RAISE:TypeError;RAISE:TypeError;RAISE:TypeError;RAISE:TypeError;RAISE:TypeError;RAISE:TypeError;RAISE:TypeError;RAISE:TypeError;RAISE:TypeError;UNREPRESENTABLE;RAISE:TypeError;RAISE:TypeError;RAISE:TypeError;RAISE:TypeError;RAISE:TypeError;RAISE:TypeError;RAISE:TypeError;RAISE:TypeError;RAISE:TypeError;RAISE:TypeError;RAISE:TypeError;RAISE:TypeError;RAISE:TypeError;RAISE:TypeError;RAISE:TypeError;RAISE:TypeError;UNREPRESENTABLE;RAISE:TypeError;RAISE:TypeError;RAISE:TypeError;RAISE:TypeError;RAISE:TypeError;RAISE:TypeError;RAISE:TypeError;RAISE:TypeError;RAISE:TypeError;RAISE:TypeError;RAISE:TypeError;RAISE:TypeError;RAISE:TypeError;RAISE:TypeError;RAISE:TypeError;RAISE:TypeError;UNREPRESENTABLE;RAISE:TypeError;RAISE:TypeError;RAISE:TypeError;RAISE:TypeError;RAISE:TypeError;RAISE:TypeError;RAISE:TypeError;RAISE:TypeError;RAISE:TypeError;RAISE:TypeError;RAISE:TypeError;RAISE:TypeError;RAISE:TypeError;RAISE:TypeError;RAISE:TypeError;RAISE:TypeError;UNREPRESENTABLE;RAISE:TypeError;RAISE:TypeError;RAISE:TypeError;RAISE:TypeError;RAISE:TypeError;RAISE:TypeError;RAISE:TypeError;RAISE:TypeError;RAISE:TypeError;RAISE:TypeError;RAISE:TypeError;RAISE:TypeError;RAISE:TypeError;RAISE:TypeError;RAISE:TypeError;RAISE:TypeError;UNREPRESENTABLE;RAISE:TypeError;RAISE:TypeError;RAISE:TypeError;RAISE:TypeError;RAISE:TypeError;RAISE:TypeError;RAISE:TypeError;RAISE:TypeError;RAISE:TypeError;RAISE:TypeError;RAISE:TypeError;RAISE:TypeError;RAISE:TypeError;RAISE:TypeError;RAISE:TypeError;RAISE:TypeError;UNREPRESENTABLE;RAISE:TypeError;RAISE:TypeError;RAISE:TypeError;RAISE:TypeError;RAISE:TypeError;RAISE:TypeError;RAISE:TypeError;RAISE:TypeError;RAISE:TypeError;RAISE:TypeError;RAISE:TypeError;RAISE:TypeError;RAISE:TypeError;RAISE:TypeError;RAISE:TypeError;RAISE:TypeError;UNREPRESENTABLE;RAISE:TypeError;RAISE:TypeError;RAISE:TypeError;RAISE:TypeError;RAISE:TypeError;RAISE:TypeError;RAISE:TypeError;RAISE:TypeError;RAISE:TypeError;RAISE:TypeError;RAISE:TypeError;RAISE:TypeError;RAISE:TypeError;RAISE:TypeError;RAISE:TypeError;RAISE:TypeError;UNREPRESENTABLE,0,272,17,"whole/L1/17:-2^63,-2^63+1,-2^53-1,-2^31,-42,-1,0,1,7,42,1000,2^31-1,2^31,2^53-1,2^53+1,2^63-1,2^64-1","whole/L1/16:-2^63,-2^63+1,-2^53-1,-2^31,-42,-1,0,1,7,42,1000,2^31-1,2^31,2^53-1,2^53+1,2^63-1"
A24_4_6,1,whole|fractional,Fraction,float,"whole/L1/17:-2^63,-2^63+1,-2^53-1,-2^31,-42,-1,0,1,7,42,1000,2^31-1,2^31,2^53-1,2^53+1,2^63-1,2^64-1","fractional/L1/16:-max_finite,-1.5,-1.0,-(1.0-1ulp),-0.0,+0.0,+min_subnormal,+min_normal,1.0-1ulp,1.0,1.0+1ulp,1.5,pi,2^53,max_finite,0.1",272,RAISE:TypeError;RAISE:TypeError;RAISE:TypeError;RAISE:TypeError;RAISE:TypeError;RAISE:TypeError;RAISE:TypeError;RAISE:TypeError;RAISE:TypeError;RAISE:TypeError;RAISE:TypeError;RAISE:TypeError;RAISE:TypeError;RAISE:TypeError;RAISE:TypeError;RAISE:TypeError;RAISE:TypeError;RAISE:TypeError;RAISE:TypeError;RAISE:TypeError;RAISE:TypeError;RAISE:TypeError;RAISE:TypeError;RAISE:TypeError;RAISE:TypeError;RAISE:TypeError;RAISE:TypeError;RAISE:TypeError;RAISE:TypeError;RAISE:TypeError;RAISE:TypeError;RAISE:TypeError;RAISE:TypeError;RAISE:TypeError;RAISE:TypeError;RAISE:TypeError;RAISE:TypeError;RAISE:TypeError;RAISE:TypeError;RAISE:TypeError;RAISE:TypeError;RAISE:TypeError;RAISE:TypeError;RAISE:TypeError;RAISE:TypeError;RAISE:TypeError;RAISE:TypeError;RAISE:TypeError;RAISE:TypeError;RAISE:TypeError;RAISE:TypeError;RAISE:TypeError;RAISE:TypeError;RAISE:TypeError;RAISE:TypeError;RAISE:TypeError;RAISE:TypeError;RAISE:TypeError;RAISE:TypeError;RAISE:TypeError;RAISE:TypeError;RAISE:TypeError;RAISE:TypeError;RAISE:TypeError;RAISE:TypeError;RAISE:TypeError;RAISE:TypeError;RAISE:TypeError;RAISE:TypeError;RAISE:TypeError;RAISE:TypeError;RAISE:TypeError;RAISE:TypeError;RAISE:TypeError;RAISE:TypeError;RAISE:TypeError;RAISE:TypeError;RAISE:TypeError;RAISE:TypeError;RAISE:TypeError;RAISE:TypeError;RAISE:TypeError;RAISE:TypeError;RAISE:TypeError;RAISE:TypeError;RAISE:TypeError;RAISE:TypeError;RAISE:TypeError;RAISE:TypeError;RAISE:TypeError;RAISE:TypeError;RAISE:TypeError;RAISE:TypeError;RAISE:TypeError;RAISE:TypeError;RAISE:TypeError;RAISE:TypeError;RAISE:TypeError;RAISE:TypeError;RAISE:TypeError;RAISE:TypeError;RAISE:TypeError;RAISE:TypeError;RAISE:TypeError;RAISE:TypeError;RAISE:TypeError;RAISE:TypeError;RAISE:TypeError;RAISE:TypeError;RAISE:TypeError;RAISE:TypeError;RAISE:TypeError;RAISE:TypeError;RAISE:TypeError;RAISE:TypeError;RAISE:TypeError;RAISE:TypeError;RAISE:TypeError;RAISE:TypeError;RAISE:TypeError;RAISE:TypeError;RAISE:TypeError;RAISE:TypeError;RAISE:TypeError;RAISE:TypeError;RAISE:TypeError;RAISE:TypeError;RAISE:TypeError;RAISE:TypeError;RAISE:TypeError;RAISE:TypeError;RAISE:TypeError;RAISE:TypeError;RAISE:TypeError;RAISE:TypeError;RAISE:TypeError;RAISE:TypeError;RAISE:TypeError;RAISE:TypeError;RAISE:TypeError;RAISE:TypeError;RAISE:TypeError;RAISE:TypeError;RAISE:TypeError;RAISE:TypeError;RAISE:TypeError;RAISE:TypeError;RAISE:TypeError;RAISE:TypeError;RAISE:TypeError;RAISE:TypeError;RAISE:TypeError;RAISE:TypeError;RAISE:TypeError;RAISE:TypeError;RAISE:TypeError;RAISE:TypeError;RAISE:TypeError;RAISE:TypeError;RAISE:TypeError;RAISE:TypeError;RAISE:TypeError;RAISE:TypeError;RAISE:TypeError;RAISE:TypeError;RAISE:TypeError;RAISE:TypeError;RAISE:TypeError;RAISE:TypeError;RAISE:TypeError;RAISE:TypeError;RAISE:TypeError;RAISE:TypeError;RAISE:TypeError;RAISE:TypeError;RAISE:TypeError;RAISE:TypeError;RAISE:TypeError;RAISE:TypeError;RAISE:TypeError;RAISE:TypeError;RAISE:TypeError;RAISE:TypeError;RAISE:TypeError;RAISE:TypeError;RAISE:TypeError;RAISE:TypeError;RAISE:TypeError;RAISE:TypeError;RAISE:TypeError;RAISE:TypeError;RAISE:TypeError;RAISE:TypeError;RAISE:TypeError;RAISE:TypeError;RAISE:TypeError;RAISE:TypeError;RAISE:TypeError;RAISE:TypeError;RAISE:TypeError;RAISE:TypeError;RAISE:TypeError;RAISE:TypeError;RAISE:TypeError;RAISE:TypeError;RAISE:TypeError;RAISE:TypeError;RAISE:TypeError;RAISE:TypeError;RAISE:TypeError;RAISE:TypeError;RAISE:TypeError;RAISE:TypeError;RAISE:TypeError;RAISE:TypeError;RAISE:TypeError;RAISE:TypeError;RAISE:TypeError;RAISE:TypeError;RAISE:TypeError;RAISE:TypeError;RAISE:TypeError;RAISE:TypeError;RAISE:TypeError;RAISE:TypeError;RAISE:TypeError;RAISE:TypeError;RAISE:TypeError;RAISE:TypeError;RAISE:TypeError;RAISE:TypeError;RAISE:TypeError;RAISE:TypeError;RAISE:TypeError;RAISE:TypeError;RAISE:TypeError;RAISE:TypeError;RAISE:TypeError;RAISE:TypeError;RAISE:TypeError;RAISE:TypeError;RAISE:TypeError;RAISE:TypeError;RAISE:TypeError;RAISE:TypeError;RAISE:TypeError;RAISE:TypeError;RAISE:TypeError;RAISE:TypeError;RAISE:TypeError;RAISE:TypeError;RAISE:TypeError;RAISE:TypeError;RAISE:TypeError;RAISE:TypeError;RAISE:TypeError;RAISE:TypeError;RAISE:TypeError;RAISE:TypeError;RAISE:TypeError;RAISE:TypeError;RAISE:TypeError;RAISE:TypeError;RAISE:TypeError;RAISE:TypeError;RAISE:TypeError;RAISE:TypeError;RAISE:TypeError;RAISE:TypeError;RAISE:TypeError;RAISE:TypeError;RAISE:TypeError,0,272,0,"whole/L1/17:-2^63,-2^63+1,-2^53-1,-2^31,-42,-1,0,1,7,42,1000,2^31-1,2^31,2^53-1,2^53+1,2^63-1,2^64-1","fractional/L1/16:-max_finite,-1.5,-1.0,-(1.0-1ulp),-0.0,+0.0,+min_subnormal,+min_normal,1.0-1ulp,1.0,1.0+1ulp,1.5,pi,2^53,max_finite,0.1"
A24_4_7,1,whole|fractional,Fraction,Decimal,"whole/L1/17:-2^63,-2^63+1,-2^53-1,-2^31,-42,-1,0,1,7,42,1000,2^31-1,2^31,2^53-1,2^53+1,2^63-1,2^64-1","fractional/L1/16:-max_finite,-1.5,-1.0,-(1.0-1ulp),-0.0,+0.0,+min_subnormal,+min_normal,1.0-1ulp,1.0,1.0+1ulp,1.5,pi,2^53,max_finite,0.1",272,RAISE:TypeError;RAISE:TypeError;RAISE:TypeError;RAISE:TypeError;RAISE:TypeError;RAISE:TypeError;RAISE:TypeError;RAISE:TypeError;RAISE:TypeError;RAISE:TypeError;RAISE:TypeError;RAISE:TypeError;RAISE:TypeError;RAISE:TypeError;RAISE:TypeError;RAISE:TypeError;RAISE:TypeError;RAISE:TypeError;RAISE:TypeError;RAISE:TypeError;RAISE:TypeError;RAISE:TypeError;RAISE:TypeError;RAISE:TypeError;RAISE:TypeError;RAISE:TypeError;RAISE:TypeError;RAISE:TypeError;RAISE:TypeError;RAISE:TypeError;RAISE:TypeError;RAISE:TypeError;RAISE:TypeError;RAISE:TypeError;RAISE:TypeError;RAISE:TypeError;RAISE:TypeError;RAISE:TypeError;RAISE:TypeError;RAISE:TypeError;RAISE:TypeError;RAISE:TypeError;RAISE:TypeError;RAISE:TypeError;RAISE:TypeError;RAISE:TypeError;RAISE:TypeError;RAISE:TypeError;RAISE:TypeError;RAISE:TypeError;RAISE:TypeError;RAISE:TypeError;RAISE:TypeError;RAISE:TypeError;RAISE:TypeError;RAISE:TypeError;RAISE:TypeError;RAISE:TypeError;RAISE:TypeError;RAISE:TypeError;RAISE:TypeError;RAISE:TypeError;RAISE:TypeError;RAISE:TypeError;RAISE:TypeError;RAISE:TypeError;RAISE:TypeError;RAISE:TypeError;RAISE:TypeError;RAISE:TypeError;RAISE:TypeError;RAISE:TypeError;RAISE:TypeError;RAISE:TypeError;RAISE:TypeError;RAISE:TypeError;RAISE:TypeError;RAISE:TypeError;RAISE:TypeError;RAISE:TypeError;RAISE:TypeError;RAISE:TypeError;RAISE:TypeError;RAISE:TypeError;RAISE:TypeError;RAISE:TypeError;RAISE:TypeError;RAISE:TypeError;RAISE:TypeError;RAISE:TypeError;RAISE:TypeError;RAISE:TypeError;RAISE:TypeError;RAISE:TypeError;RAISE:TypeError;RAISE:TypeError;RAISE:TypeError;RAISE:TypeError;RAISE:TypeError;RAISE:TypeError;RAISE:TypeError;RAISE:TypeError;RAISE:TypeError;RAISE:TypeError;RAISE:TypeError;RAISE:TypeError;RAISE:TypeError;RAISE:TypeError;RAISE:TypeError;RAISE:TypeError;RAISE:TypeError;RAISE:TypeError;RAISE:TypeError;RAISE:TypeError;RAISE:TypeError;RAISE:TypeError;RAISE:TypeError;RAISE:TypeError;RAISE:TypeError;RAISE:TypeError;RAISE:TypeError;RAISE:TypeError;RAISE:TypeError;RAISE:TypeError;RAISE:TypeError;RAISE:TypeError;RAISE:TypeError;RAISE:TypeError;RAISE:TypeError;RAISE:TypeError;RAISE:TypeError;RAISE:TypeError;RAISE:TypeError;RAISE:TypeError;RAISE:TypeError;RAISE:TypeError;RAISE:TypeError;RAISE:TypeError;RAISE:TypeError;RAISE:TypeError;RAISE:TypeError;RAISE:TypeError;RAISE:TypeError;RAISE:TypeError;RAISE:TypeError;RAISE:TypeError;RAISE:TypeError;RAISE:TypeError;RAISE:TypeError;RAISE:TypeError;RAISE:TypeError;RAISE:TypeError;RAISE:TypeError;RAISE:TypeError;RAISE:TypeError;RAISE:TypeError;RAISE:TypeError;RAISE:TypeError;RAISE:TypeError;RAISE:TypeError;RAISE:TypeError;RAISE:TypeError;RAISE:TypeError;RAISE:TypeError;RAISE:TypeError;RAISE:TypeError;RAISE:TypeError;RAISE:TypeError;RAISE:TypeError;RAISE:TypeError;RAISE:TypeError;RAISE:TypeError;RAISE:TypeError;RAISE:TypeError;RAISE:TypeError;RAISE:TypeError;RAISE:TypeError;RAISE:TypeError;RAISE:TypeError;RAISE:TypeError;RAISE:TypeError;RAISE:TypeError;RAISE:TypeError;RAISE:TypeError;RAISE:TypeError;RAISE:TypeError;RAISE:TypeError;RAISE:TypeError;RAISE:TypeError;RAISE:TypeError;RAISE:TypeError;RAISE:TypeError;RAISE:TypeError;RAISE:TypeError;RAISE:TypeError;RAISE:TypeError;RAISE:TypeError;RAISE:TypeError;RAISE:TypeError;RAISE:TypeError;RAISE:TypeError;RAISE:TypeError;RAISE:TypeError;RAISE:TypeError;RAISE:TypeError;RAISE:TypeError;RAISE:TypeError;RAISE:TypeError;RAISE:TypeError;RAISE:TypeError;RAISE:TypeError;RAISE:TypeError;RAISE:TypeError;RAISE:TypeError;RAISE:TypeError;RAISE:TypeError;RAISE:TypeError;RAISE:TypeError;RAISE:TypeError;RAISE:TypeError;RAISE:TypeError;RAISE:TypeError;RAISE:TypeError;RAISE:TypeError;RAISE:TypeError;RAISE:TypeError;RAISE:TypeError;RAISE:TypeError;RAISE:TypeError;RAISE:TypeError;RAISE:TypeError;RAISE:TypeError;RAISE:TypeError;RAISE:TypeError;RAISE:TypeError;RAISE:TypeError;RAISE:TypeError;RAISE:TypeError;RAISE:TypeError;RAISE:TypeError;RAISE:TypeError;RAISE:TypeError;RAISE:TypeError;RAISE:TypeError;RAISE:TypeError;RAISE:TypeError;RAISE:TypeError;RAISE:TypeError;RAISE:TypeError;RAISE:TypeError;RAISE:TypeError;RAISE:TypeError;RAISE:TypeError;RAISE:TypeError;RAISE:TypeError;RAISE:TypeError;RAISE:TypeError;RAISE:TypeError;RAISE:TypeError;RAISE:TypeError;RAISE:TypeError;RAISE:TypeError;RAISE:TypeError;RAISE:TypeError;RAISE:TypeError;RAISE:TypeError;RAISE:TypeError;RAISE:TypeError;RAISE:TypeError;RAISE:TypeError;RAISE:TypeError;RAISE:TypeError,0,272,0,"whole/L1/17:-2^63,-2^63+1,-2^53-1,-2^31,-42,-1,0,1,7,42,1000,2^31-1,2^31,2^53-1,2^53+1,2^63-1,2^64-1","fractional/L1/16:-max_finite,-1.5,-1.0,-(1.0-1ulp),-0.0,+0.0,+min_subnormal,+min_normal,1.0-1ulp,1.0,1.0+1ulp,1.5,pi,2^53,max_finite,0.1"
A24_4_8,1,whole|fractional,Fraction,Fraction,"whole/L1/17:-2^63,-2^63+1,-2^53-1,-2^31,-42,-1,0,1,7,42,1000,2^31-1,2^31,2^53-1,2^53+1,2^63-1,2^64-1","fractional/L1/16:-max_finite,-1.5,-1.0,-(1.0-1ulp),-0.0,+0.0,+min_subnormal,+min_normal,1.0-1ulp,1.0,1.0+1ulp,1.5,pi,2^53,max_finite,0.1",272,RAISE:TypeError;RAISE:TypeError;RAISE:TypeError;RAISE:TypeError;UNREPRESENTABLE;RAISE:TypeError;RAISE:TypeError;RAISE:TypeError;RAISE:TypeError;RAISE:TypeError;RAISE:TypeError;RAISE:TypeError;RAISE:TypeError;RAISE:TypeError;RAISE:TypeError;RAISE:TypeError;RAISE:TypeError;RAISE:TypeError;RAISE:TypeError;RAISE:TypeError;UNREPRESENTABLE;RAISE:TypeError;RAISE:TypeError;RAISE:TypeError;RAISE:TypeError;RAISE:TypeError;RAISE:TypeError;RAISE:TypeError;RAISE:TypeError;RAISE:TypeError;RAISE:TypeError;RAISE:TypeError;RAISE:TypeError;RAISE:TypeError;RAISE:TypeError;RAISE:TypeError;UNREPRESENTABLE;RAISE:TypeError;RAISE:TypeError;RAISE:TypeError;RAISE:TypeError;RAISE:TypeError;RAISE:TypeError;RAISE:TypeError;RAISE:TypeError;RAISE:TypeError;RAISE:TypeError;RAISE:TypeError;RAISE:TypeError;RAISE:TypeError;RAISE:TypeError;RAISE:TypeError;UNREPRESENTABLE;RAISE:TypeError;RAISE:TypeError;RAISE:TypeError;RAISE:TypeError;RAISE:TypeError;RAISE:TypeError;RAISE:TypeError;RAISE:TypeError;RAISE:TypeError;RAISE:TypeError;RAISE:TypeError;RAISE:TypeError;RAISE:TypeError;RAISE:TypeError;RAISE:TypeError;UNREPRESENTABLE;RAISE:TypeError;RAISE:TypeError;RAISE:TypeError;RAISE:TypeError;RAISE:TypeError;RAISE:TypeError;RAISE:TypeError;RAISE:TypeError;RAISE:TypeError;RAISE:TypeError;RAISE:TypeError;RAISE:TypeError;RAISE:TypeError;RAISE:TypeError;RAISE:TypeError;UNREPRESENTABLE;RAISE:TypeError;RAISE:TypeError;RAISE:TypeError;RAISE:TypeError;RAISE:TypeError;RAISE:TypeError;RAISE:TypeError;RAISE:TypeError;RAISE:TypeError;RAISE:TypeError;RAISE:TypeError;RAISE:TypeError;RAISE:TypeError;RAISE:TypeError;RAISE:TypeError;UNREPRESENTABLE;RAISE:TypeError;RAISE:TypeError;RAISE:TypeError;RAISE:TypeError;RAISE:TypeError;RAISE:TypeError;RAISE:TypeError;RAISE:TypeError;RAISE:TypeError;RAISE:TypeError;RAISE:TypeError;RAISE:TypeError;RAISE:TypeError;RAISE:TypeError;RAISE:TypeError;UNREPRESENTABLE;RAISE:TypeError;RAISE:TypeError;RAISE:TypeError;RAISE:TypeError;RAISE:TypeError;RAISE:TypeError;RAISE:TypeError;RAISE:TypeError;RAISE:TypeError;RAISE:TypeError;RAISE:TypeError;RAISE:TypeError;RAISE:TypeError;RAISE:TypeError;RAISE:TypeError;UNREPRESENTABLE;RAISE:TypeError;RAISE:TypeError;RAISE:TypeError;RAISE:TypeError;RAISE:TypeError;RAISE:TypeError;RAISE:TypeError;RAISE:TypeError;RAISE:TypeError;RAISE:TypeError;RAISE:TypeError;RAISE:TypeError;RAISE:TypeError;RAISE:TypeError;RAISE:TypeError;UNREPRESENTABLE;RAISE:TypeError;RAISE:TypeError;RAISE:TypeError;RAISE:TypeError;RAISE:TypeError;RAISE:TypeError;RAISE:TypeError;RAISE:TypeError;RAISE:TypeError;RAISE:TypeError;RAISE:TypeError;RAISE:TypeError;RAISE:TypeError;RAISE:TypeError;RAISE:TypeError;UNREPRESENTABLE;RAISE:TypeError;RAISE:TypeError;RAISE:TypeError;RAISE:TypeError;RAISE:TypeError;RAISE:TypeError;RAISE:TypeError;RAISE:TypeError;RAISE:TypeError;RAISE:TypeError;RAISE:TypeError;RAISE:TypeError;RAISE:TypeError;RAISE:TypeError;RAISE:TypeError;UNREPRESENTABLE;RAISE:TypeError;RAISE:TypeError;RAISE:TypeError;RAISE:TypeError;RAISE:TypeError;RAISE:TypeError;RAISE:TypeError;RAISE:TypeError;RAISE:TypeError;RAISE:TypeError;RAISE:TypeError;RAISE:TypeError;RAISE:TypeError;RAISE:TypeError;RAISE:TypeError;UNREPRESENTABLE;RAISE:TypeError;RAISE:TypeError;RAISE:TypeError;RAISE:TypeError;RAISE:TypeError;RAISE:TypeError;RAISE:TypeError;RAISE:TypeError;RAISE:TypeError;RAISE:TypeError;RAISE:TypeError;RAISE:TypeError;RAISE:TypeError;RAISE:TypeError;RAISE:TypeError;UNREPRESENTABLE;RAISE:TypeError;RAISE:TypeError;RAISE:TypeError;RAISE:TypeError;RAISE:TypeError;RAISE:TypeError;RAISE:TypeError;RAISE:TypeError;RAISE:TypeError;RAISE:TypeError;RAISE:TypeError;RAISE:TypeError;RAISE:TypeError;RAISE:TypeError;RAISE:TypeError;UNREPRESENTABLE;RAISE:TypeError;RAISE:TypeError;RAISE:TypeError;RAISE:TypeError;RAISE:TypeError;RAISE:TypeError;RAISE:TypeError;RAISE:TypeError;RAISE:TypeError;RAISE:TypeError;RAISE:TypeError;RAISE:TypeError;RAISE:TypeError;RAISE:TypeError;RAISE:TypeError;UNREPRESENTABLE;RAISE:TypeError;RAISE:TypeError;RAISE:TypeError;RAISE:TypeError;RAISE:TypeError;RAISE:TypeError;RAISE:TypeError;RAISE:TypeError;RAISE:TypeError;RAISE:TypeError;RAISE:TypeError;RAISE:TypeError;RAISE:TypeError;RAISE:TypeError;RAISE:TypeError;UNREPRESENTABLE;RAISE:TypeError;RAISE:TypeError;RAISE:TypeError;RAISE:TypeError;RAISE:TypeError;RAISE:TypeError;RAISE:TypeError;RAISE:TypeError;RAISE:TypeError;RAISE:TypeError;RAISE:TypeError,0,255,17,"whole/L1/17:-2^63,-2^63+1,-2^53-1,-2^31,-42,-1,0,1,7,42,1000,2^31-1,2^31,2^53-1,2^53+1,2^63-1,2^64-1","fractional/L1/15:-max_finite,-1.5,-1.0,-(1.0-1ulp),+0.0,+min_subnormal,+min_normal,1.0-1ulp,1.0,1.0+1ulp,1.5,pi,2^53,max_finite,0.1"
A24_5_1,1,whole|truth,c_int64,bool,"whole/L1/17:-2^63,-2^63+1,-2^53-1,-2^31,-42,-1,0,1,7,42,1000,2^31-1,2^31,2^53-1,2^53+1,2^63-1,2^64-1","truth/L1/6:true,false,0,1,"""",nil",102,RAISE:TypeError;RAISE:TypeError;RAISE:TypeError;RAISE:TypeError;RAISE:TypeError;RAISE:TypeError;RAISE:TypeError;RAISE:TypeError;RAISE:TypeError;RAISE:TypeError;RAISE:TypeError;RAISE:TypeError;RAISE:TypeError;RAISE:TypeError;RAISE:TypeError;RAISE:TypeError;RAISE:TypeError;RAISE:TypeError;RAISE:TypeError;RAISE:TypeError;RAISE:TypeError;RAISE:TypeError;RAISE:TypeError;RAISE:TypeError;RAISE:TypeError;RAISE:TypeError;RAISE:TypeError;RAISE:TypeError;RAISE:TypeError;RAISE:TypeError;RAISE:TypeError;RAISE:TypeError;RAISE:TypeError;RAISE:TypeError;RAISE:TypeError;RAISE:TypeError;RAISE:TypeError;RAISE:TypeError;RAISE:TypeError;RAISE:TypeError;RAISE:TypeError;RAISE:TypeError;RAISE:TypeError;RAISE:TypeError;RAISE:TypeError;RAISE:TypeError;RAISE:TypeError;RAISE:TypeError;RAISE:TypeError;RAISE:TypeError;RAISE:TypeError;RAISE:TypeError;RAISE:TypeError;RAISE:TypeError;RAISE:TypeError;RAISE:TypeError;RAISE:TypeError;RAISE:TypeError;RAISE:TypeError;RAISE:TypeError;RAISE:TypeError;RAISE:TypeError;RAISE:TypeError;RAISE:TypeError;RAISE:TypeError;RAISE:TypeError;RAISE:TypeError;RAISE:TypeError;RAISE:TypeError;RAISE:TypeError;RAISE:TypeError;RAISE:TypeError;RAISE:TypeError;RAISE:TypeError;RAISE:TypeError;RAISE:TypeError;RAISE:TypeError;RAISE:TypeError;RAISE:TypeError;RAISE:TypeError;RAISE:TypeError;RAISE:TypeError;RAISE:TypeError;RAISE:TypeError;RAISE:TypeError;RAISE:TypeError;RAISE:TypeError;RAISE:TypeError;RAISE:TypeError;RAISE:TypeError;RAISE:TypeError;RAISE:TypeError;RAISE:TypeError;RAISE:TypeError;RAISE:TypeError;RAISE:TypeError;UNREPRESENTABLE;UNREPRESENTABLE;UNREPRESENTABLE;UNREPRESENTABLE;UNREPRESENTABLE;UNREPRESENTABLE,0,96,6,"whole/L1/16:-2^63,-2^63+1,-2^53-1,-2^31,-42,-1,0,1,7,42,1000,2^31-1,2^31,2^53-1,2^53+1,2^63-1","truth/L1/6:true,false,0,1,"""",nil"
A24_5_2,1,whole|whole,c_int64,int,"whole/L1/17:-2^63,-2^63+1,-2^53-1,-2^31,-42,-1,0,1,7,42,1000,2^31-1,2^31,2^53-1,2^53+1,2^63-1,2^64-1","whole/L1/17:-2^63,-2^63+1,-2^53-1,-2^31,-42,-1,0,1,7,42,1000,2^31-1,2^31,2^53-1,2^53+1,2^63-1,2^64-1",289,RAISE:TypeError;RAISE:TypeError;RAISE:TypeError;RAISE:TypeError;RAISE:TypeError;RAISE:TypeError;RAISE:TypeError;RAISE:TypeError;RAISE:TypeError;RAISE:TypeError;RAISE:TypeError;RAISE:TypeError;RAISE:TypeError;RAISE:TypeError;RAISE:TypeError;RAISE:TypeError;RAISE:TypeError;RAISE:TypeError;RAISE:TypeError;RAISE:TypeError;RAISE:TypeError;RAISE:TypeError;RAISE:TypeError;RAISE:TypeError;RAISE:TypeError;RAISE:TypeError;RAISE:TypeError;RAISE:TypeError;RAISE:TypeError;RAISE:TypeError;RAISE:TypeError;RAISE:TypeError;RAISE:TypeError;RAISE:TypeError;RAISE:TypeError;RAISE:TypeError;RAISE:TypeError;RAISE:TypeError;RAISE:TypeError;RAISE:TypeError;RAISE:TypeError;RAISE:TypeError;RAISE:TypeError;RAISE:TypeError;RAISE:TypeError;RAISE:TypeError;RAISE:TypeError;RAISE:TypeError;RAISE:TypeError;RAISE:TypeError;RAISE:TypeError;RAISE:TypeError;RAISE:TypeError;RAISE:TypeError;RAISE:TypeError;RAISE:TypeError;RAISE:TypeError;RAISE:TypeError;RAISE:TypeError;RAISE:TypeError;RAISE:TypeError;RAISE:TypeError;RAISE:TypeError;RAISE:TypeError;RAISE:TypeError;RAISE:TypeError;RAISE:TypeError;RAISE:TypeError;RAISE:TypeError;RAISE:TypeError;RAISE:TypeError;RAISE:TypeError;RAISE:TypeError;RAISE:TypeError;RAISE:TypeError;RAISE:TypeError;RAISE:TypeError;RAISE:TypeError;RAISE:TypeError;RAISE:TypeError;RAISE:TypeError;RAISE:TypeError;RAISE:TypeError;RAISE:TypeError;RAISE:TypeError;RAISE:TypeError;RAISE:TypeError;RAISE:TypeError;RAISE:TypeError;RAISE:TypeError;RAISE:TypeError;RAISE:TypeError;RAISE:TypeError;RAISE:TypeError;RAISE:TypeError;RAISE:TypeError;RAISE:TypeError;RAISE:TypeError;RAISE:TypeError;RAISE:TypeError;RAISE:TypeError;RAISE:TypeError;RAISE:TypeError;RAISE:TypeError;RAISE:TypeError;RAISE:TypeError;RAISE:TypeError;RAISE:TypeError;RAISE:TypeError;RAISE:TypeError;RAISE:TypeError;RAISE:TypeError;RAISE:TypeError;RAISE:TypeError;RAISE:TypeError;RAISE:TypeError;RAISE:TypeError;RAISE:TypeError;RAISE:TypeError;RAISE:TypeError;RAISE:TypeError;RAISE:TypeError;RAISE:TypeError;RAISE:TypeError;RAISE:TypeError;RAISE:TypeError;RAISE:TypeError;RAISE:TypeError;RAISE:TypeError;RAISE:TypeError;RAISE:TypeError;RAISE:TypeError;RAISE:TypeError;RAISE:TypeError;RAISE:TypeError;RAISE:TypeError;RAISE:TypeError;RAISE:TypeError;RAISE:TypeError;RAISE:TypeError;RAISE:TypeError;RAISE:TypeError;RAISE:TypeError;RAISE:TypeError;RAISE:TypeError;RAISE:TypeError;RAISE:TypeError;RAISE:TypeError;RAISE:TypeError;RAISE:TypeError;RAISE:TypeError;RAISE:TypeError;RAISE:TypeError;RAISE:TypeError;RAISE:TypeError;RAISE:TypeError;RAISE:TypeError;RAISE:TypeError;RAISE:TypeError;RAISE:TypeError;RAISE:TypeError;RAISE:TypeError;RAISE:TypeError;RAISE:TypeError;RAISE:TypeError;RAISE:TypeError;RAISE:TypeError;RAISE:TypeError;RAISE:TypeError;RAISE:TypeError;RAISE:TypeError;RAISE:TypeError;RAISE:TypeError;RAISE:TypeError;RAISE:TypeError;RAISE:TypeError;RAISE:TypeError;RAISE:TypeError;RAISE:TypeError;RAISE:TypeError;RAISE:TypeError;RAISE:TypeError;RAISE:TypeError;RAISE:TypeError;RAISE:TypeError;RAISE:TypeError;RAISE:TypeError;RAISE:TypeError;RAISE:TypeError;RAISE:TypeError;RAISE:TypeError;RAISE:TypeError;RAISE:TypeError;RAISE:TypeError;RAISE:TypeError;RAISE:TypeError;RAISE:TypeError;RAISE:TypeError;RAISE:TypeError;RAISE:TypeError;RAISE:TypeError;RAISE:TypeError;RAISE:TypeError;RAISE:TypeError;RAISE:TypeError;RAISE:TypeError;RAISE:TypeError;RAISE:TypeError;RAISE:TypeError;RAISE:TypeError;RAISE:TypeError;RAISE:TypeError;RAISE:TypeError;RAISE:TypeError;RAISE:TypeError;RAISE:TypeError;RAISE:TypeError;RAISE:TypeError;RAISE:TypeError;RAISE:TypeError;RAISE:TypeError;RAISE:TypeError;RAISE:TypeError;RAISE:TypeError;RAISE:TypeError;RAISE:TypeError;RAISE:TypeError;RAISE:TypeError;RAISE:TypeError;RAISE:TypeError;RAISE:TypeError;RAISE:TypeError;RAISE:TypeError;RAISE:TypeError;RAISE:TypeError;RAISE:TypeError;RAISE:TypeError;RAISE:TypeError;RAISE:TypeError;RAISE:TypeError;RAISE:TypeError;RAISE:TypeError;RAISE:TypeError;RAISE:TypeError;RAISE:TypeError;RAISE:TypeError;RAISE:TypeError;RAISE:TypeError;RAISE:TypeError;RAISE:TypeError;RAISE:TypeError;RAISE:TypeError;RAISE:TypeError;RAISE:TypeError;RAISE:TypeError;RAISE:TypeError;RAISE:TypeError;RAISE:TypeError;RAISE:TypeError;RAISE:TypeError;RAISE:TypeError;RAISE:TypeError;RAISE:TypeError;RAISE:TypeError;RAISE:TypeError;RAISE:TypeError;RAISE:TypeError;RAISE:TypeError;RAISE:TypeError;RAISE:TypeError;RAISE:TypeError;RAISE:TypeError;UNREPRESENTABLE;UNREPRESENTABLE;UNREPRESENTABLE;UNREPRESENTABLE;UNREPRESENTABLE;UNREPRESENTABLE;UNREPRESENTABLE;UNREPRESENTABLE;UNREPRESENTABLE;UNREPRESENTABLE;UNREPRESENTABLE;UNREPRESENTABLE;UNREPRESENTABLE;UNREPRESENTABLE;UNREPRESENTABLE;UNREPRESENTABLE;UNREPRESENTABLE,0,272,17,"whole/L1/16:-2^63,-2^63+1,-2^53-1,-2^31,-42,-1,0,1,7,42,1000,2^31-1,2^31,2^53-1,2^53+1,2^63-1","whole/L1/17:-2^63,-2^63+1,-2^53-1,-2^31,-42,-1,0,1,7,42,1000,2^31-1,2^31,2^53-1,2^53+1,2^63-1,2^64-1"
A24_5_3,1,whole|whole,c_int64,Decimal,"whole/L1/17:-2^63,-2^63+1,-2^53-1,-2^31,-42,-1,0,1,7,42,1000,2^31-1,2^31,2^53-1,2^53+1,2^63-1,2^64-1","whole/L1/17:-2^63,-2^63+1,-2^53-1,-2^31,-42,-1,0,1,7,42,1000,2^31-1,2^31,2^53-1,2^53+1,2^63-1,2^64-1",289,RAISE:TypeError;RAISE:TypeError;RAISE:TypeError;RAISE:TypeError;RAISE:TypeError;RAISE:TypeError;RAISE:TypeError;RAISE:TypeError;RAISE:TypeError;RAISE:TypeError;RAISE:TypeError;RAISE:TypeError;RAISE:TypeError;RAISE:TypeError;RAISE:TypeError;RAISE:TypeError;RAISE:TypeError;RAISE:TypeError;RAISE:TypeError;RAISE:TypeError;RAISE:TypeError;RAISE:TypeError;RAISE:TypeError;RAISE:TypeError;RAISE:TypeError;RAISE:TypeError;RAISE:TypeError;RAISE:TypeError;RAISE:TypeError;RAISE:TypeError;RAISE:TypeError;RAISE:TypeError;RAISE:TypeError;RAISE:TypeError;RAISE:TypeError;RAISE:TypeError;RAISE:TypeError;RAISE:TypeError;RAISE:TypeError;RAISE:TypeError;RAISE:TypeError;RAISE:TypeError;RAISE:TypeError;RAISE:TypeError;RAISE:TypeError;RAISE:TypeError;RAISE:TypeError;RAISE:TypeError;RAISE:TypeError;RAISE:TypeError;RAISE:TypeError;RAISE:TypeError;RAISE:TypeError;RAISE:TypeError;RAISE:TypeError;RAISE:TypeError;RAISE:TypeError;RAISE:TypeError;RAISE:TypeError;RAISE:TypeError;RAISE:TypeError;RAISE:TypeError;RAISE:TypeError;RAISE:TypeError;RAISE:TypeError;RAISE:TypeError;RAISE:TypeError;RAISE:TypeError;RAISE:TypeError;RAISE:TypeError;RAISE:TypeError;RAISE:TypeError;RAISE:TypeError;RAISE:TypeError;RAISE:TypeError;RAISE:TypeError;RAISE:TypeError;RAISE:TypeError;RAISE:TypeError;RAISE:TypeError;RAISE:TypeError;RAISE:TypeError;RAISE:TypeError;RAISE:TypeError;RAISE:TypeError;RAISE:TypeError;RAISE:TypeError;RAISE:TypeError;RAISE:TypeError;RAISE:TypeError;RAISE:TypeError;RAISE:TypeError;RAISE:TypeError;RAISE:TypeError;RAISE:TypeError;RAISE:TypeError;RAISE:TypeError;RAISE:TypeError;RAISE:TypeError;RAISE:TypeError;RAISE:TypeError;RAISE:TypeError;RAISE:TypeError;RAISE:TypeError;RAISE:TypeError;RAISE:TypeError;RAISE:TypeError;RAISE:TypeError;RAISE:TypeError;RAISE:TypeError;RAISE:TypeError;RAISE:TypeError;RAISE:TypeError;RAISE:TypeError;RAISE:TypeError;RAISE:TypeError;RAISE:TypeError;RAISE:TypeError;RAISE:TypeError;RAISE:TypeError;RAISE:TypeError;RAISE:TypeError;RAISE:TypeError;RAISE:TypeError;RAISE:TypeError;RAISE:TypeError;RAISE:TypeError;RAISE:TypeError;RAISE:TypeError;RAISE:TypeError;RAISE:TypeError;RAISE:TypeError;RAISE:TypeError;RAISE:TypeError;RAISE:TypeError;RAISE:TypeError;RAISE:TypeError;RAISE:TypeError;RAISE:TypeError;RAISE:TypeError;RAISE:TypeError;RAISE:TypeError;RAISE:TypeError;RAISE:TypeError;RAISE:TypeError;RAISE:TypeError;RAISE:TypeError;RAISE:TypeError;RAISE:TypeError;RAISE:TypeError;RAISE:TypeError;RAISE:TypeError;RAISE:TypeError;RAISE:TypeError;RAISE:TypeError;RAISE:TypeError;RAISE:TypeError;RAISE:TypeError;RAISE:TypeError;RAISE:TypeError;RAISE:TypeError;RAISE:TypeError;RAISE:TypeError;RAISE:TypeError;RAISE:TypeError;RAISE:TypeError;RAISE:TypeError;RAISE:TypeError;RAISE:TypeError;RAISE:TypeError;RAISE:TypeError;RAISE:TypeError;RAISE:TypeError;RAISE:TypeError;RAISE:TypeError;RAISE:TypeError;RAISE:TypeError;RAISE:TypeError;RAISE:TypeError;RAISE:TypeError;RAISE:TypeError;RAISE:TypeError;RAISE:TypeError;RAISE:TypeError;RAISE:TypeError;RAISE:TypeError;RAISE:TypeError;RAISE:TypeError;RAISE:TypeError;RAISE:TypeError;RAISE:TypeError;RAISE:TypeError;RAISE:TypeError;RAISE:TypeError;RAISE:TypeError;RAISE:TypeError;RAISE:TypeError;RAISE:TypeError;RAISE:TypeError;RAISE:TypeError;RAISE:TypeError;RAISE:TypeError;RAISE:TypeError;RAISE:TypeError;RAISE:TypeError;RAISE:TypeError;RAISE:TypeError;RAISE:TypeError;RAISE:TypeError;RAISE:TypeError;RAISE:TypeError;RAISE:TypeError;RAISE:TypeError;RAISE:TypeError;RAISE:TypeError;RAISE:TypeError;RAISE:TypeError;RAISE:TypeError;RAISE:TypeError;RAISE:TypeError;RAISE:TypeError;RAISE:TypeError;RAISE:TypeError;RAISE:TypeError;RAISE:TypeError;RAISE:TypeError;RAISE:TypeError;RAISE:TypeError;RAISE:TypeError;RAISE:TypeError;RAISE:TypeError;RAISE:TypeError;RAISE:TypeError;RAISE:TypeError;RAISE:TypeError;RAISE:TypeError;RAISE:TypeError;RAISE:TypeError;RAISE:TypeError;RAISE:TypeError;RAISE:TypeError;RAISE:TypeError;RAISE:TypeError;RAISE:TypeError;RAISE:TypeError;RAISE:TypeError;RAISE:TypeError;RAISE:TypeError;RAISE:TypeError;RAISE:TypeError;RAISE:TypeError;RAISE:TypeError;RAISE:TypeError;RAISE:TypeError;RAISE:TypeError;RAISE:TypeError;RAISE:TypeError;RAISE:TypeError;RAISE:TypeError;RAISE:TypeError;RAISE:TypeError;RAISE:TypeError;RAISE:TypeError;RAISE:TypeError;RAISE:TypeError;RAISE:TypeError;RAISE:TypeError;RAISE:TypeError;RAISE:TypeError;RAISE:TypeError;RAISE:TypeError;RAISE:TypeError;UNREPRESENTABLE;UNREPRESENTABLE;UNREPRESENTABLE;UNREPRESENTABLE;UNREPRESENTABLE;UNREPRESENTABLE;UNREPRESENTABLE;UNREPRESENTABLE;UNREPRESENTABLE;UNREPRESENTABLE;UNREPRESENTABLE;UNREPRESENTABLE;UNREPRESENTABLE;UNREPRESENTABLE;UNREPRESENTABLE;UNREPRESENTABLE;UNREPRESENTABLE,0,272,17,"whole/L1/16:-2^63,-2^63+1,-2^53-1,-2^31,-42,-1,0,1,7,42,1000,2^31-1,2^31,2^53-1,2^53+1,2^63-1","whole/L1/17:-2^63,-2^63+1,-2^53-1,-2^31,-42,-1,0,1,7,42,1000,2^31-1,2^31,2^53-1,2^53+1,2^63-1,2^64-1"
A24_5_4,1,whole|whole,c_int64,Fraction,"whole/L1/17:-2^63,-2^63+1,-2^53-1,-2^31,-42,-1,0,1,7,42,1000,2^31-1,2^31,2^53-1,2^53+1,2^63-1,2^64-1","whole/L1/17:-2^63,-2^63+1,-2^53-1,-2^31,-42,-1,0,1,7,42,1000,2^31-1,2^31,2^53-1,2^53+1,2^63-1,2^64-1",289,RAISE:TypeError;RAISE:TypeError;RAISE:TypeError;RAISE:TypeError;RAISE:TypeError;RAISE:TypeError;RAISE:TypeError;RAISE:TypeError;RAISE:TypeError;RAISE:TypeError;RAISE:TypeError;RAISE:TypeError;RAISE:TypeError;RAISE:TypeError;RAISE:TypeError;RAISE:TypeError;RAISE:TypeError;RAISE:TypeError;RAISE:TypeError;RAISE:TypeError;RAISE:TypeError;RAISE:TypeError;RAISE:TypeError;RAISE:TypeError;RAISE:TypeError;RAISE:TypeError;RAISE:TypeError;RAISE:TypeError;RAISE:TypeError;RAISE:TypeError;RAISE:TypeError;RAISE:TypeError;RAISE:TypeError;RAISE:TypeError;RAISE:TypeError;RAISE:TypeError;RAISE:TypeError;RAISE:TypeError;RAISE:TypeError;RAISE:TypeError;RAISE:TypeError;RAISE:TypeError;RAISE:TypeError;RAISE:TypeError;RAISE:TypeError;RAISE:TypeError;RAISE:TypeError;RAISE:TypeError;RAISE:TypeError;RAISE:TypeError;RAISE:TypeError;RAISE:TypeError;RAISE:TypeError;RAISE:TypeError;RAISE:TypeError;RAISE:TypeError;RAISE:TypeError;RAISE:TypeError;RAISE:TypeError;RAISE:TypeError;RAISE:TypeError;RAISE:TypeError;RAISE:TypeError;RAISE:TypeError;RAISE:TypeError;RAISE:TypeError;RAISE:TypeError;RAISE:TypeError;RAISE:TypeError;RAISE:TypeError;RAISE:TypeError;RAISE:TypeError;RAISE:TypeError;RAISE:TypeError;RAISE:TypeError;RAISE:TypeError;RAISE:TypeError;RAISE:TypeError;RAISE:TypeError;RAISE:TypeError;RAISE:TypeError;RAISE:TypeError;RAISE:TypeError;RAISE:TypeError;RAISE:TypeError;RAISE:TypeError;RAISE:TypeError;RAISE:TypeError;RAISE:TypeError;RAISE:TypeError;RAISE:TypeError;RAISE:TypeError;RAISE:TypeError;RAISE:TypeError;RAISE:TypeError;RAISE:TypeError;RAISE:TypeError;RAISE:TypeError;RAISE:TypeError;RAISE:TypeError;RAISE:TypeError;RAISE:TypeError;RAISE:TypeError;RAISE:TypeError;RAISE:TypeError;RAISE:TypeError;RAISE:TypeError;RAISE:TypeError;RAISE:TypeError;RAISE:TypeError;RAISE:TypeError;RAISE:TypeError;RAISE:TypeError;RAISE:TypeError;RAISE:TypeError;RAISE:TypeError;RAISE:TypeError;RAISE:TypeError;RAISE:TypeError;RAISE:TypeError;RAISE:TypeError;RAISE:TypeError;RAISE:TypeError;RAISE:TypeError;RAISE:TypeError;RAISE:TypeError;RAISE:TypeError;RAISE:TypeError;RAISE:TypeError;RAISE:TypeError;RAISE:TypeError;RAISE:TypeError;RAISE:TypeError;RAISE:TypeError;RAISE:TypeError;RAISE:TypeError;RAISE:TypeError;RAISE:TypeError;RAISE:TypeError;RAISE:TypeError;RAISE:TypeError;RAISE:TypeError;RAISE:TypeError;RAISE:TypeError;RAISE:TypeError;RAISE:TypeError;RAISE:TypeError;RAISE:TypeError;RAISE:TypeError;RAISE:TypeError;RAISE:TypeError;RAISE:TypeError;RAISE:TypeError;RAISE:TypeError;RAISE:TypeError;RAISE:TypeError;RAISE:TypeError;RAISE:TypeError;RAISE:TypeError;RAISE:TypeError;RAISE:TypeError;RAISE:TypeError;RAISE:TypeError;RAISE:TypeError;RAISE:TypeError;RAISE:TypeError;RAISE:TypeError;RAISE:TypeError;RAISE:TypeError;RAISE:TypeError;RAISE:TypeError;RAISE:TypeError;RAISE:TypeError;RAISE:TypeError;RAISE:TypeError;RAISE:TypeError;RAISE:TypeError;RAISE:TypeError;RAISE:TypeError;RAISE:TypeError;RAISE:TypeError;RAISE:TypeError;RAISE:TypeError;RAISE:TypeError;RAISE:TypeError;RAISE:TypeError;RAISE:TypeError;RAISE:TypeError;RAISE:TypeError;RAISE:TypeError;RAISE:TypeError;RAISE:TypeError;RAISE:TypeError;RAISE:TypeError;RAISE:TypeError;RAISE:TypeError;RAISE:TypeError;RAISE:TypeError;RAISE:TypeError;RAISE:TypeError;RAISE:TypeError;RAISE:TypeError;RAISE:TypeError;RAISE:TypeError;RAISE:TypeError;RAISE:TypeError;RAISE:TypeError;RAISE:TypeError;RAISE:TypeError;RAISE:TypeError;RAISE:TypeError;RAISE:TypeError;RAISE:TypeError;RAISE:TypeError;RAISE:TypeError;RAISE:TypeError;RAISE:TypeError;RAISE:TypeError;RAISE:TypeError;RAISE:TypeError;RAISE:TypeError;RAISE:TypeError;RAISE:TypeError;RAISE:TypeError;RAISE:TypeError;RAISE:TypeError;RAISE:TypeError;RAISE:TypeError;RAISE:TypeError;RAISE:TypeError;RAISE:TypeError;RAISE:TypeError;RAISE:TypeError;RAISE:TypeError;RAISE:TypeError;RAISE:TypeError;RAISE:TypeError;RAISE:TypeError;RAISE:TypeError;RAISE:TypeError;RAISE:TypeError;RAISE:TypeError;RAISE:TypeError;RAISE:TypeError;RAISE:TypeError;RAISE:TypeError;RAISE:TypeError;RAISE:TypeError;RAISE:TypeError;RAISE:TypeError;RAISE:TypeError;RAISE:TypeError;RAISE:TypeError;RAISE:TypeError;RAISE:TypeError;RAISE:TypeError;RAISE:TypeError;RAISE:TypeError;RAISE:TypeError;RAISE:TypeError;RAISE:TypeError;RAISE:TypeError;RAISE:TypeError;RAISE:TypeError;RAISE:TypeError;RAISE:TypeError;RAISE:TypeError;RAISE:TypeError;RAISE:TypeError;RAISE:TypeError;RAISE:TypeError;RAISE:TypeError;UNREPRESENTABLE;UNREPRESENTABLE;UNREPRESENTABLE;UNREPRESENTABLE;UNREPRESENTABLE;UNREPRESENTABLE;UNREPRESENTABLE;UNREPRESENTABLE;UNREPRESENTABLE;UNREPRESENTABLE;UNREPRESENTABLE;UNREPRESENTABLE;UNREPRESENTABLE;UNREPRESENTABLE;UNREPRESENTABLE;UNREPRESENTABLE;UNREPRESENTABLE,0,272,17,"whole/L1/16:-2^63,-2^63+1,-2^53-1,-2^31,-42,-1,0,1,7,42,1000,2^31-1,2^31,2^53-1,2^53+1,2^63-1","whole/L1/17:-2^63,-2^63+1,-2^53-1,-2^31,-42,-1,0,1,7,42,1000,2^31-1,2^31,2^53-1,2^53+1,2^63-1,2^64-1"
A24_5_5,1,whole|whole,c_int64,c_int64,"whole/L1/17:-2^63,-2^63+1,-2^53-1,-2^31,-42,-1,0,1,7,42,1000,2^31-1,2^31,2^53-1,2^53+1,2^63-1,2^64-1","whole/L1/17:-2^63,-2^63+1,-2^53-1,-2^31,-42,-1,0,1,7,42,1000,2^31-1,2^31,2^53-1,2^53+1,2^63-1,2^64-1",289,RAISE:TypeError;RAISE:TypeError;RAISE:TypeError;RAISE:TypeError;RAISE:TypeError;RAISE:TypeError;RAISE:TypeError;RAISE:TypeError;RAISE:TypeError;RAISE:TypeError;RAISE:TypeError;RAISE:TypeError;RAISE:TypeError;RAISE:TypeError;RAISE:TypeError;RAISE:TypeError;UNREPRESENTABLE;RAISE:TypeError;RAISE:TypeError;RAISE:TypeError;RAISE:TypeError;RAISE:TypeError;RAISE:TypeError;RAISE:TypeError;RAISE:TypeError;RAISE:TypeError;RAISE:TypeError;RAISE:TypeError;RAISE:TypeError;RAISE:TypeError;RAISE:TypeError;RAISE:TypeError;RAISE:TypeError;UNREPRESENTABLE;RAISE:TypeError;RAISE:TypeError;RAISE:TypeError;RAISE:TypeError;RAISE:TypeError;RAISE:TypeError;RAISE:TypeError;RAISE:TypeError;RAISE:TypeError;RAISE:TypeError;RAISE:TypeError;RAISE:TypeError;RAISE:TypeError;RAISE:TypeError;RAISE:TypeError;RAISE:TypeError;UNREPRESENTABLE;RAISE:TypeError;RAISE:TypeError;RAISE:TypeError;RAISE:TypeError;RAISE:TypeError;RAISE:TypeError;RAISE:TypeError;RAISE:TypeError;RAISE:TypeError;RAISE:TypeError;RAISE:TypeError;RAISE:TypeError;RAISE:TypeError;RAISE:TypeError;RAISE:TypeError;RAISE:TypeError;UNREPRESENTABLE;RAISE:TypeError;RAISE:TypeError;RAISE:TypeError;RAISE:TypeError;RAISE:TypeError;RAISE:TypeError;RAISE:TypeError;RAISE:TypeError;RAISE:TypeError;RAISE:TypeError;RAISE:TypeError;RAISE:TypeError;RAISE:TypeError;RAISE:TypeError;RAISE:TypeError;RAISE:TypeError;UNREPRESENTABLE;RAISE:TypeError;RAISE:TypeError;RAISE:TypeError;RAISE:TypeError;RAISE:TypeError;RAISE:TypeError;RAISE:TypeError;RAISE:TypeError;RAISE:TypeError;RAISE:TypeError;RAISE:TypeError;RAISE:TypeError;RAISE:TypeError;RAISE:TypeError;RAISE:TypeError;RAISE:TypeError;UNREPRESENTABLE;RAISE:TypeError;RAISE:TypeError;RAISE:TypeError;RAISE:TypeError;RAISE:TypeError;RAISE:TypeError;RAISE:TypeError;RAISE:TypeError;RAISE:TypeError;RAISE:TypeError;RAISE:TypeError;RAISE:TypeError;RAISE:TypeError;RAISE:TypeError;RAISE:TypeError;RAISE:TypeError;UNREPRESENTABLE;RAISE:TypeError;RAISE:TypeError;RAISE:TypeError;RAISE:TypeError;RAISE:TypeError;RAISE:TypeError;RAISE:TypeError;RAISE:TypeError;RAISE:TypeError;RAISE:TypeError;RAISE:TypeError;RAISE:TypeError;RAISE:TypeError;RAISE:TypeError;RAISE:TypeError;RAISE:TypeError;UNREPRESENTABLE;RAISE:TypeError;RAISE:TypeError;RAISE:TypeError;RAISE:TypeError;RAISE:TypeError;RAISE:TypeError;RAISE:TypeError;RAISE:TypeError;RAISE:TypeError;RAISE:TypeError;RAISE:TypeError;RAISE:TypeError;RAISE:TypeError;RAISE:TypeError;RAISE:TypeError;RAISE:TypeError;UNREPRESENTABLE;RAISE:TypeError;RAISE:TypeError;RAISE:TypeError;RAISE:TypeError;RAISE:TypeError;RAISE:TypeError;RAISE:TypeError;RAISE:TypeError;RAISE:TypeError;RAISE:TypeError;RAISE:TypeError;RAISE:TypeError;RAISE:TypeError;RAISE:TypeError;RAISE:TypeError;RAISE:TypeError;UNREPRESENTABLE;RAISE:TypeError;RAISE:TypeError;RAISE:TypeError;RAISE:TypeError;RAISE:TypeError;RAISE:TypeError;RAISE:TypeError;RAISE:TypeError;RAISE:TypeError;RAISE:TypeError;RAISE:TypeError;RAISE:TypeError;RAISE:TypeError;RAISE:TypeError;RAISE:TypeError;RAISE:TypeError;UNREPRESENTABLE;RAISE:TypeError;RAISE:TypeError;RAISE:TypeError;RAISE:TypeError;RAISE:TypeError;RAISE:TypeError;RAISE:TypeError;RAISE:TypeError;RAISE:TypeError;RAISE:TypeError;RAISE:TypeError;RAISE:TypeError;RAISE:TypeError;RAISE:TypeError;RAISE:TypeError;RAISE:TypeError;UNREPRESENTABLE;RAISE:TypeError;RAISE:TypeError;RAISE:TypeError;RAISE:TypeError;RAISE:TypeError;RAISE:TypeError;RAISE:TypeError;RAISE:TypeError;RAISE:TypeError;RAISE:TypeError;RAISE:TypeError;RAISE:TypeError;RAISE:TypeError;RAISE:TypeError;RAISE:TypeError;RAISE:TypeError;UNREPRESENTABLE;RAISE:TypeError;RAISE:TypeError;RAISE:TypeError;RAISE:TypeError;RAISE:TypeError;RAISE:TypeError;RAISE:TypeError;RAISE:TypeError;RAISE:TypeError;RAISE:TypeError;RAISE:TypeError;RAISE:TypeError;RAISE:TypeError;RAISE:TypeError;RAISE:TypeError;RAISE:TypeError;UNREPRESENTABLE;RAISE:TypeError;RAISE:TypeError;RAISE:TypeError;RAISE:TypeError;RAISE:TypeError;RAISE:TypeError;RAISE:TypeError;RAISE:TypeError;RAISE:TypeError;RAISE:TypeError;RAISE:TypeError;RAISE:TypeError;RAISE:TypeError;RAISE:TypeError;RAISE:TypeError;RAISE:TypeError;UNREPRESENTABLE;RAISE:TypeError;RAISE:TypeError;RAISE:TypeError;RAISE:TypeError;RAISE:TypeError;RAISE:TypeError;RAISE:TypeError;RAISE:TypeError;RAISE:TypeError;RAISE:TypeError;RAISE:TypeError;RAISE:TypeError;RAISE:TypeError;RAISE:TypeError;RAISE:TypeError;RAISE:TypeError;UNREPRESENTABLE;UNREPRESENTABLE;UNREPRESENTABLE;UNREPRESENTABLE;UNREPRESENTABLE;UNREPRESENTABLE;UNREPRESENTABLE;UNREPRESENTABLE;UNREPRESENTABLE;UNREPRESENTABLE;UNREPRESENTABLE;UNREPRESENTABLE;UNREPRESENTABLE;UNREPRESENTABLE;UNREPRESENTABLE;UNREPRESENTABLE;UNREPRESENTABLE;UNREPRESENTABLE,0,256,33,"whole/L1/16:-2^63,-2^63+1,-2^53-1,-2^31,-42,-1,0,1,7,42,1000,2^31-1,2^31,2^53-1,2^53+1,2^63-1","whole/L1/16:-2^63,-2^63+1,-2^53-1,-2^31,-42,-1,0,1,7,42,1000,2^31-1,2^31,2^53-1,2^53+1,2^63-1"
A24_5_6,1,whole|fractional,c_int64,float,"whole/L1/17:-2^63,-2^63+1,-2^53-1,-2^31,-42,-1,0,1,7,42,1000,2^31-1,2^31,2^53-1,2^53+1,2^63-1,2^64-1","fractional/L1/16:-max_finite,-1.5,-1.0,-(1.0-1ulp),-0.0,+0.0,+min_subnormal,+min_normal,1.0-1ulp,1.0,1.0+1ulp,1.5,pi,2^53,max_finite,0.1",272,RAISE:TypeError;RAISE:TypeError;RAISE:TypeError;RAISE:TypeError;RAISE:TypeError;RAISE:TypeError;RAISE:TypeError;RAISE:TypeError;RAISE:TypeError;RAISE:TypeError;RAISE:TypeError;RAISE:TypeError;RAISE:TypeError;RAISE:TypeError;RAISE:TypeError;RAISE:TypeError;RAISE:TypeError;RAISE:TypeError;RAISE:TypeError;RAISE:TypeError;RAISE:TypeError;RAISE:TypeError;RAISE:TypeError;RAISE:TypeError;RAISE:TypeError;RAISE:TypeError;RAISE:TypeError;RAISE:TypeError;RAISE:TypeError;RAISE:TypeError;RAISE:TypeError;RAISE:TypeError;RAISE:TypeError;RAISE:TypeError;RAISE:TypeError;RAISE:TypeError;RAISE:TypeError;RAISE:TypeError;RAISE:TypeError;RAISE:TypeError;RAISE:TypeError;RAISE:TypeError;RAISE:TypeError;RAISE:TypeError;RAISE:TypeError;RAISE:TypeError;RAISE:TypeError;RAISE:TypeError;RAISE:TypeError;RAISE:TypeError;RAISE:TypeError;RAISE:TypeError;RAISE:TypeError;RAISE:TypeError;RAISE:TypeError;RAISE:TypeError;RAISE:TypeError;RAISE:TypeError;RAISE:TypeError;RAISE:TypeError;RAISE:TypeError;RAISE:TypeError;RAISE:TypeError;RAISE:TypeError;RAISE:TypeError;RAISE:TypeError;RAISE:TypeError;RAISE:TypeError;RAISE:TypeError;RAISE:TypeError;RAISE:TypeError;RAISE:TypeError;RAISE:TypeError;RAISE:TypeError;RAISE:TypeError;RAISE:TypeError;RAISE:TypeError;RAISE:TypeError;RAISE:TypeError;RAISE:TypeError;RAISE:TypeError;RAISE:TypeError;RAISE:TypeError;RAISE:TypeError;RAISE:TypeError;RAISE:TypeError;RAISE:TypeError;RAISE:TypeError;RAISE:TypeError;RAISE:TypeError;RAISE:TypeError;RAISE:TypeError;RAISE:TypeError;RAISE:TypeError;RAISE:TypeError;RAISE:TypeError;RAISE:TypeError;RAISE:TypeError;RAISE:TypeError;RAISE:TypeError;RAISE:TypeError;RAISE:TypeError;RAISE:TypeError;RAISE:TypeError;RAISE:TypeError;RAISE:TypeError;RAISE:TypeError;RAISE:TypeError;RAISE:TypeError;RAISE:TypeError;RAISE:TypeError;RAISE:TypeError;RAISE:TypeError;RAISE:TypeError;RAISE:TypeError;RAISE:TypeError;RAISE:TypeError;RAISE:TypeError;RAISE:TypeError;RAISE:TypeError;RAISE:TypeError;RAISE:TypeError;RAISE:TypeError;RAISE:TypeError;RAISE:TypeError;RAISE:TypeError;RAISE:TypeError;RAISE:TypeError;RAISE:TypeError;RAISE:TypeError;RAISE:TypeError;RAISE:TypeError;RAISE:TypeError;RAISE:TypeError;RAISE:TypeError;RAISE:TypeError;RAISE:TypeError;RAISE:TypeError;RAISE:TypeError;RAISE:TypeError;RAISE:TypeError;RAISE:TypeError;RAISE:TypeError;RAISE:TypeError;RAISE:TypeError;RAISE:TypeError;RAISE:TypeError;RAISE:TypeError;RAISE:TypeError;RAISE:TypeError;RAISE:TypeError;RAISE:TypeError;RAISE:TypeError;RAISE:TypeError;RAISE:TypeError;RAISE:TypeError;RAISE:TypeError;RAISE:TypeError;RAISE:TypeError;RAISE:TypeError;RAISE:TypeError;RAISE:TypeError;RAISE:TypeError;RAISE:TypeError;RAISE:TypeError;RAISE:TypeError;RAISE:TypeError;RAISE:TypeError;RAISE:TypeError;RAISE:TypeError;RAISE:TypeError;RAISE:TypeError;RAISE:TypeError;RAISE:TypeError;RAISE:TypeError;RAISE:TypeError;RAISE:TypeError;RAISE:TypeError;RAISE:TypeError;RAISE:TypeError;RAISE:TypeError;RAISE:TypeError;RAISE:TypeError;RAISE:TypeError;RAISE:TypeError;RAISE:TypeError;RAISE:TypeError;RAISE:TypeError;RAISE:TypeError;RAISE:TypeError;RAISE:TypeError;RAISE:TypeError;RAISE:TypeError;RAISE:TypeError;RAISE:TypeError;RAISE:TypeError;RAISE:TypeError;RAISE:TypeError;RAISE:TypeError;RAISE:TypeError;RAISE:TypeError;RAISE:TypeError;RAISE:TypeError;RAISE:TypeError;RAISE:TypeError;RAISE:TypeError;RAISE:TypeError;RAISE:TypeError;RAISE:TypeError;RAISE:TypeError;RAISE:TypeError;RAISE:TypeError;RAISE:TypeError;RAISE:TypeError;RAISE:TypeError;RAISE:TypeError;RAISE:TypeError;RAISE:TypeError;RAISE:TypeError;RAISE:TypeError;RAISE:TypeError;RAISE:TypeError;RAISE:TypeError;RAISE:TypeError;RAISE:TypeError;RAISE:TypeError;RAISE:TypeError;RAISE:TypeError;RAISE:TypeError;RAISE:TypeError;RAISE:TypeError;RAISE:TypeError;RAISE:TypeError;RAISE:TypeError;RAISE:TypeError;RAISE:TypeError;RAISE:TypeError;RAISE:TypeError;RAISE:TypeError;RAISE:TypeError;RAISE:TypeError;RAISE:TypeError;RAISE:TypeError;RAISE:TypeError;RAISE:TypeError;RAISE:TypeError;RAISE:TypeError;RAISE:TypeError;RAISE:TypeError;RAISE:TypeError;RAISE:TypeError;RAISE:TypeError;RAISE:TypeError;RAISE:TypeError;RAISE:TypeError;RAISE:TypeError;UNREPRESENTABLE;UNREPRESENTABLE;UNREPRESENTABLE;UNREPRESENTABLE;UNREPRESENTABLE;UNREPRESENTABLE;UNREPRESENTABLE;UNREPRESENTABLE;UNREPRESENTABLE;UNREPRESENTABLE;UNREPRESENTABLE;UNREPRESENTABLE;UNREPRESENTABLE;UNREPRESENTABLE;UNREPRESENTABLE;UNREPRESENTABLE,0,256,16,"whole/L1/16:-2^63,-2^63+1,-2^53-1,-2^31,-42,-1,0,1,7,42,1000,2^31-1,2^31,2^53-1,2^53+1,2^63-1","fractional/L1/16:-max_finite,-1.5,-1.0,-(1.0-1ulp),-0.0,+0.0,+min_subnormal,+min_normal,1.0-1ulp,1.0,1.0+1ulp,1.5,pi,2^53,max_finite,0.1"
A24_5_7,1,whole|fractional,c_int64,Decimal,"whole/L1/17:-2^63,-2^63+1,-2^53-1,-2^31,-42,-1,0,1,7,42,1000,2^31-1,2^31,2^53-1,2^53+1,2^63-1,2^64-1","fractional/L1/16:-max_finite,-1.5,-1.0,-(1.0-1ulp),-0.0,+0.0,+min_subnormal,+min_normal,1.0-1ulp,1.0,1.0+1ulp,1.5,pi,2^53,max_finite,0.1",272,RAISE:TypeError;RAISE:TypeError;RAISE:TypeError;RAISE:TypeError;RAISE:TypeError;RAISE:TypeError;RAISE:TypeError;RAISE:TypeError;RAISE:TypeError;RAISE:TypeError;RAISE:TypeError;RAISE:TypeError;RAISE:TypeError;RAISE:TypeError;RAISE:TypeError;RAISE:TypeError;RAISE:TypeError;RAISE:TypeError;RAISE:TypeError;RAISE:TypeError;RAISE:TypeError;RAISE:TypeError;RAISE:TypeError;RAISE:TypeError;RAISE:TypeError;RAISE:TypeError;RAISE:TypeError;RAISE:TypeError;RAISE:TypeError;RAISE:TypeError;RAISE:TypeError;RAISE:TypeError;RAISE:TypeError;RAISE:TypeError;RAISE:TypeError;RAISE:TypeError;RAISE:TypeError;RAISE:TypeError;RAISE:TypeError;RAISE:TypeError;RAISE:TypeError;RAISE:TypeError;RAISE:TypeError;RAISE:TypeError;RAISE:TypeError;RAISE:TypeError;RAISE:TypeError;RAISE:TypeError;RAISE:TypeError;RAISE:TypeError;RAISE:TypeError;RAISE:TypeError;RAISE:TypeError;RAISE:TypeError;RAISE:TypeError;RAISE:TypeError;RAISE:TypeError;RAISE:TypeError;RAISE:TypeError;RAISE:TypeError;RAISE:TypeError;RAISE:TypeError;RAISE:TypeError;RAISE:TypeError;RAISE:TypeError;RAISE:TypeError;RAISE:TypeError;RAISE:TypeError;RAISE:TypeError;RAISE:TypeError;RAISE:TypeError;RAISE:TypeError;RAISE:TypeError;RAISE:TypeError;RAISE:TypeError;RAISE:TypeError;RAISE:TypeError;RAISE:TypeError;RAISE:TypeError;RAISE:TypeError;RAISE:TypeError;RAISE:TypeError;RAISE:TypeError;RAISE:TypeError;RAISE:TypeError;RAISE:TypeError;RAISE:TypeError;RAISE:TypeError;RAISE:TypeError;RAISE:TypeError;RAISE:TypeError;RAISE:TypeError;RAISE:TypeError;RAISE:TypeError;RAISE:TypeError;RAISE:TypeError;RAISE:TypeError;RAISE:TypeError;RAISE:TypeError;RAISE:TypeError;RAISE:TypeError;RAISE:TypeError;RAISE:TypeError;RAISE:TypeError;RAISE:TypeError;RAISE:TypeError;RAISE:TypeError;RAISE:TypeError;RAISE:TypeError;RAISE:TypeError;RAISE:TypeError;RAISE:TypeError;RAISE:TypeError;RAISE:TypeError;RAISE:TypeError;RAISE:TypeError;RAISE:TypeError;RAISE:TypeError;RAISE:TypeError;RAISE:TypeError;RAISE:TypeError;RAISE:TypeError;RAISE:TypeError;RAISE:TypeError;RAISE:TypeError;RAISE:TypeError;RAISE:TypeError;RAISE:TypeError;RAISE:TypeError;RAISE:TypeError;RAISE:TypeError;RAISE:TypeError;RAISE:TypeError;RAISE:TypeError;RAISE:TypeError;RAISE:TypeError;RAISE:TypeError;RAISE:TypeError;RAISE:TypeError;RAISE:TypeError;RAISE:TypeError;RAISE:TypeError;RAISE:TypeError;RAISE:TypeError;RAISE:TypeError;RAISE:TypeError;RAISE:TypeError;RAISE:TypeError;RAISE:TypeError;RAISE:TypeError;RAISE:TypeError;RAISE:TypeError;RAISE:TypeError;RAISE:TypeError;RAISE:TypeError;RAISE:TypeError;RAISE:TypeError;RAISE:TypeError;RAISE:TypeError;RAISE:TypeError;RAISE:TypeError;RAISE:TypeError;RAISE:TypeError;RAISE:TypeError;RAISE:TypeError;RAISE:TypeError;RAISE:TypeError;RAISE:TypeError;RAISE:TypeError;RAISE:TypeError;RAISE:TypeError;RAISE:TypeError;RAISE:TypeError;RAISE:TypeError;RAISE:TypeError;RAISE:TypeError;RAISE:TypeError;RAISE:TypeError;RAISE:TypeError;RAISE:TypeError;RAISE:TypeError;RAISE:TypeError;RAISE:TypeError;RAISE:TypeError;RAISE:TypeError;RAISE:TypeError;RAISE:TypeError;RAISE:TypeError;RAISE:TypeError;RAISE:TypeError;RAISE:TypeError;RAISE:TypeError;RAISE:TypeError;RAISE:TypeError;RAISE:TypeError;RAISE:TypeError;RAISE:TypeError;RAISE:TypeError;RAISE:TypeError;RAISE:TypeError;RAISE:TypeError;RAISE:TypeError;RAISE:TypeError;RAISE:TypeError;RAISE:TypeError;RAISE:TypeError;RAISE:TypeError;RAISE:TypeError;RAISE:TypeError;RAISE:TypeError;RAISE:TypeError;RAISE:TypeError;RAISE:TypeError;RAISE:TypeError;RAISE:TypeError;RAISE:TypeError;RAISE:TypeError;RAISE:TypeError;RAISE:TypeError;RAISE:TypeError;RAISE:TypeError;RAISE:TypeError;RAISE:TypeError;RAISE:TypeError;RAISE:TypeError;RAISE:TypeError;RAISE:TypeError;RAISE:TypeError;RAISE:TypeError;RAISE:TypeError;RAISE:TypeError;RAISE:TypeError;RAISE:TypeError;RAISE:TypeError;RAISE:TypeError;RAISE:TypeError;RAISE:TypeError;RAISE:TypeError;RAISE:TypeError;RAISE:TypeError;RAISE:TypeError;RAISE:TypeError;RAISE:TypeError;RAISE:TypeError;RAISE:TypeError;RAISE:TypeError;RAISE:TypeError;RAISE:TypeError;RAISE:TypeError;RAISE:TypeError;RAISE:TypeError;RAISE:TypeError;RAISE:TypeError;RAISE:TypeError;RAISE:TypeError;RAISE:TypeError;UNREPRESENTABLE;UNREPRESENTABLE;UNREPRESENTABLE;UNREPRESENTABLE;UNREPRESENTABLE;UNREPRESENTABLE;UNREPRESENTABLE;UNREPRESENTABLE;UNREPRESENTABLE;UNREPRESENTABLE;UNREPRESENTABLE;UNREPRESENTABLE;UNREPRESENTABLE;UNREPRESENTABLE;UNREPRESENTABLE;UNREPRESENTABLE,0,256,16,"whole/L1/16:-2^63,-2^63+1,-2^53-1,-2^31,-42,-1,0,1,7,42,1000,2^31-1,2^31,2^53-1,2^53+1,2^63-1","fractional/L1/16:-max_finite,-1.5,-1.0,-(1.0-1ulp),-0.0,+0.0,+min_subnormal,+min_normal,1.0-1ulp,1.0,1.0+1ulp,1.5,pi,2^53,max_finite,0.1"
A24_5_8,1,whole|fractional,c_int64,Fraction,"whole/L1/17:-2^63,-2^63+1,-2^53-1,-2^31,-42,-1,0,1,7,42,1000,2^31-1,2^31,2^53-1,2^53+1,2^63-1,2^64-1","fractional/L1/16:-max_finite,-1.5,-1.0,-(1.0-1ulp),-0.0,+0.0,+min_subnormal,+min_normal,1.0-1ulp,1.0,1.0+1ulp,1.5,pi,2^53,max_finite,0.1",272,RAISE:TypeError;RAISE:TypeError;RAISE:TypeError;RAISE:TypeError;UNREPRESENTABLE;RAISE:TypeError;RAISE:TypeError;RAISE:TypeError;RAISE:TypeError;RAISE:TypeError;RAISE:TypeError;RAISE:TypeError;RAISE:TypeError;RAISE:TypeError;RAISE:TypeError;RAISE:TypeError;RAISE:TypeError;RAISE:TypeError;RAISE:TypeError;RAISE:TypeError;UNREPRESENTABLE;RAISE:TypeError;RAISE:TypeError;RAISE:TypeError;RAISE:TypeError;RAISE:TypeError;RAISE:TypeError;RAISE:TypeError;RAISE:TypeError;RAISE:TypeError;RAISE:TypeError;RAISE:TypeError;RAISE:TypeError;RAISE:TypeError;RAISE:TypeError;RAISE:TypeError;UNREPRESENTABLE;RAISE:TypeError;RAISE:TypeError;RAISE:TypeError;RAISE:TypeError;RAISE:TypeError;RAISE:TypeError;RAISE:TypeError;RAISE:TypeError;RAISE:TypeError;RAISE:TypeError;RAISE:TypeError;RAISE:TypeError;RAISE:TypeError;RAISE:TypeError;RAISE:TypeError;UNREPRESENTABLE;RAISE:TypeError;RAISE:TypeError;RAISE:TypeError;RAISE:TypeError;RAISE:TypeError;RAISE:TypeError;RAISE:TypeError;RAISE:TypeError;RAISE:TypeError;RAISE:TypeError;RAISE:TypeError;RAISE:TypeError;RAISE:TypeError;RAISE:TypeError;RAISE:TypeError;UNREPRESENTABLE;RAISE:TypeError;RAISE:TypeError;RAISE:TypeError;RAISE:TypeError;RAISE:TypeError;RAISE:TypeError;RAISE:TypeError;RAISE:TypeError;RAISE:TypeError;RAISE:TypeError;RAISE:TypeError;RAISE:TypeError;RAISE:TypeError;RAISE:TypeError;RAISE:TypeError;UNREPRESENTABLE;RAISE:TypeError;RAISE:TypeError;RAISE:TypeError;RAISE:TypeError;RAISE:TypeError;RAISE:TypeError;RAISE:TypeError;RAISE:TypeError;RAISE:TypeError;RAISE:TypeError;RAISE:TypeError;RAISE:TypeError;RAISE:TypeError;RAISE:TypeError;RAISE:TypeError;UNREPRESENTABLE;RAISE:TypeError;RAISE:TypeError;RAISE:TypeError;RAISE:TypeError;RAISE:TypeError;RAISE:TypeError;RAISE:TypeError;RAISE:TypeError;RAISE:TypeError;RAISE:TypeError;RAISE:TypeError;RAISE:TypeError;RAISE:TypeError;RAISE:TypeError;RAISE:TypeError;UNREPRESENTABLE;RAISE:TypeError;RAISE:TypeError;RAISE:TypeError;RAISE:TypeError;RAISE:TypeError;RAISE:TypeError;RAISE:TypeError;RAISE:TypeError;RAISE:TypeError;RAISE:TypeError;RAISE:TypeError;RAISE:TypeError;RAISE:TypeError;RAISE:TypeError;RAISE:TypeError;UNREPRESENTABLE;RAISE:TypeError;RAISE:TypeError;RAISE:TypeError;RAISE:TypeError;RAISE:TypeError;RAISE:TypeError;RAISE:TypeError;RAISE:TypeError;RAISE:TypeError;RAISE:TypeError;RAISE:TypeError;RAISE:TypeError;RAISE:TypeError;RAISE:TypeError;RAISE:TypeError;UNREPRESENTABLE;RAISE:TypeError;RAISE:TypeError;RAISE:TypeError;RAISE:TypeError;RAISE:TypeError;RAISE:TypeError;RAISE:TypeError;RAISE:TypeError;RAISE:TypeError;RAISE:TypeError;RAISE:TypeError;RAISE:TypeError;RAISE:TypeError;RAISE:TypeError;RAISE:TypeError;UNREPRESENTABLE;RAISE:TypeError;RAISE:TypeError;RAISE:TypeError;RAISE:TypeError;RAISE:TypeError;RAISE:TypeError;RAISE:TypeError;RAISE:TypeError;RAISE:TypeError;RAISE:TypeError;RAISE:TypeError;RAISE:TypeError;RAISE:TypeError;RAISE:TypeError;RAISE:TypeError;UNREPRESENTABLE;RAISE:TypeError;RAISE:TypeError;RAISE:TypeError;RAISE:TypeError;RAISE:TypeError;RAISE:TypeError;RAISE:TypeError;RAISE:TypeError;RAISE:TypeError;RAISE:TypeError;RAISE:TypeError;RAISE:TypeError;RAISE:TypeError;RAISE:TypeError;RAISE:TypeError;UNREPRESENTABLE;RAISE:TypeError;RAISE:TypeError;RAISE:TypeError;RAISE:TypeError;RAISE:TypeError;RAISE:TypeError;RAISE:TypeError;RAISE:TypeError;RAISE:TypeError;RAISE:TypeError;RAISE:TypeError;RAISE:TypeError;RAISE:TypeError;RAISE:TypeError;RAISE:TypeError;UNREPRESENTABLE;RAISE:TypeError;RAISE:TypeError;RAISE:TypeError;RAISE:TypeError;RAISE:TypeError;RAISE:TypeError;RAISE:TypeError;RAISE:TypeError;RAISE:TypeError;RAISE:TypeError;RAISE:TypeError;RAISE:TypeError;RAISE:TypeError;RAISE:TypeError;RAISE:TypeError;UNREPRESENTABLE;RAISE:TypeError;RAISE:TypeError;RAISE:TypeError;RAISE:TypeError;RAISE:TypeError;RAISE:TypeError;RAISE:TypeError;RAISE:TypeError;RAISE:TypeError;RAISE:TypeError;RAISE:TypeError;RAISE:TypeError;RAISE:TypeError;RAISE:TypeError;RAISE:TypeError;UNREPRESENTABLE;RAISE:TypeError;RAISE:TypeError;RAISE:TypeError;RAISE:TypeError;RAISE:TypeError;RAISE:TypeError;RAISE:TypeError;RAISE:TypeError;RAISE:TypeError;RAISE:TypeError;RAISE:TypeError;UNREPRESENTABLE;UNREPRESENTABLE;UNREPRESENTABLE;UNREPRESENTABLE;UNREPRESENTABLE;UNREPRESENTABLE;UNREPRESENTABLE;UNREPRESENTABLE;UNREPRESENTABLE;UNREPRESENTABLE;UNREPRESENTABLE;UNREPRESENTABLE;UNREPRESENTABLE;UNREPRESENTABLE;UNREPRESENTABLE;UNREPRESENTABLE,0,240,32,"whole/L1/16:-2^63,-2^63+1,-2^53-1,-2^31,-42,-1,0,1,7,42,1000,2^31-1,2^31,2^53-1,2^53+1,2^63-1","fractional/L1/15:-max_finite,-1.5,-1.0,-(1.0-1ulp),+0.0,+min_subnormal,+min_normal,1.0-1ulp,1.0,1.0+1ulp,1.5,pi,2^53,max_finite,0.1"
A24_6_1,1,fractional|truth,float,bool,"fractional/L1/16:-max_finite,-1.5,-1.0,-(1.0-1ulp),-0.0,+0.0,+min_subnormal,+min_normal,1.0-1ulp,1.0,1.0+1ulp,1.5,pi,2^53,max_finite,0.1","truth/L1/6:true,false,0,1,"""",nil",96,RAISE:TypeError;RAISE:TypeError;RAISE:TypeError;RAISE:TypeError;RAISE:TypeError;RAISE:TypeError;RAISE:TypeError;RAISE:TypeError;RAISE:TypeError;RAISE:TypeError;RAISE:TypeError;RAISE:TypeError;RAISE:TypeError;RAISE:TypeError;RAISE:TypeError;RAISE:TypeError;RAISE:TypeError;RAISE:TypeError;RAISE:TypeError;RAISE:TypeError;RAISE:TypeError;RAISE:TypeError;RAISE:TypeError;RAISE:TypeError;RAISE:TypeError;RAISE:TypeError;RAISE:TypeError;RAISE:TypeError;RAISE:TypeError;RAISE:TypeError;RAISE:TypeError;RAISE:TypeError;RAISE:TypeError;RAISE:TypeError;RAISE:TypeError;RAISE:TypeError;RAISE:TypeError;RAISE:TypeError;RAISE:TypeError;RAISE:TypeError;RAISE:TypeError;RAISE:TypeError;RAISE:TypeError;RAISE:TypeError;RAISE:TypeError;RAISE:TypeError;RAISE:TypeError;RAISE:TypeError;RAISE:TypeError;RAISE:TypeError;RAISE:TypeError;RAISE:TypeError;RAISE:TypeError;RAISE:TypeError;RAISE:TypeError;RAISE:TypeError;RAISE:TypeError;RAISE:TypeError;RAISE:TypeError;RAISE:TypeError;RAISE:TypeError;RAISE:TypeError;RAISE:TypeError;RAISE:TypeError;RAISE:TypeError;RAISE:TypeError;RAISE:TypeError;RAISE:TypeError;RAISE:TypeError;RAISE:TypeError;RAISE:TypeError;RAISE:TypeError;RAISE:TypeError;RAISE:TypeError;RAISE:TypeError;RAISE:TypeError;RAISE:TypeError;RAISE:TypeError;RAISE:TypeError;RAISE:TypeError;RAISE:TypeError;RAISE:TypeError;RAISE:TypeError;RAISE:TypeError;RAISE:TypeError;RAISE:TypeError;RAISE:TypeError;RAISE:TypeError;RAISE:TypeError;RAISE:TypeError;RAISE:TypeError;RAISE:TypeError;RAISE:TypeError;RAISE:TypeError;RAISE:TypeError;RAISE:TypeError,0,96,0,"fractional/L1/16:-max_finite,-1.5,-1.0,-(1.0-1ulp),-0.0,+0.0,+min_subnormal,+min_normal,1.0-1ulp,1.0,1.0+1ulp,1.5,pi,2^53,max_finite,0.1","truth/L1/6:true,false,0,1,"""",nil"
A24_6_2,1,fractional|whole,float,int,"fractional/L1/16:-max_finite,-1.5,-1.0,-(1.0-1ulp),-0.0,+0.0,+min_subnormal,+min_normal,1.0-1ulp,1.0,1.0+1ulp,1.5,pi,2^53,max_finite,0.1","whole/L1/17:-2^63,-2^63+1,-2^53-1,-2^31,-42,-1,0,1,7,42,1000,2^31-1,2^31,2^53-1,2^53+1,2^63-1,2^64-1",272,RAISE:TypeError;RAISE:TypeError;RAISE:TypeError;RAISE:TypeError;RAISE:TypeError;RAISE:TypeError;RAISE:TypeError;RAISE:TypeError;RAISE:TypeError;RAISE:TypeError;RAISE:TypeError;RAISE:TypeError;RAISE:TypeError;RAISE:TypeError;RAISE:TypeError;RAISE:TypeError;RAISE:TypeError;RAISE:TypeError;RAISE:TypeError;RAISE:TypeError;RAISE:TypeError;RAISE:TypeError;RAISE:TypeError;RAISE:TypeError;RAISE:TypeError;RAISE:TypeError;RAISE:TypeError;RAISE:TypeError;RAISE:TypeError;RAISE:TypeError;RAISE:TypeError;RAISE:TypeError;RAISE:TypeError;RAISE:TypeError;RAISE:TypeError;RAISE:TypeError;RAISE:TypeError;RAISE:TypeError;RAISE:TypeError;RAISE:TypeError;RAISE:TypeError;RAISE:TypeError;RAISE:TypeError;RAISE:TypeError;RAISE:TypeError;RAISE:TypeError;RAISE:TypeError;RAISE:TypeError;RAISE:TypeError;RAISE:TypeError;RAISE:TypeError;RAISE:TypeError;RAISE:TypeError;RAISE:TypeError;RAISE:TypeError;RAISE:TypeError;RAISE:TypeError;RAISE:TypeError;RAISE:TypeError;RAISE:TypeError;RAISE:TypeError;RAISE:TypeError;RAISE:TypeError;RAISE:TypeError;RAISE:TypeError;RAISE:TypeError;RAISE:TypeError;RAISE:TypeError;RAISE:TypeError;RAISE:TypeError;RAISE:TypeError;RAISE:TypeError;RAISE:TypeError;RAISE:TypeError;RAISE:TypeError;RAISE:TypeError;RAISE:TypeError;RAISE:TypeError;RAISE:TypeError;RAISE:TypeError;RAISE:TypeError;RAISE:TypeError;RAISE:TypeError;RAISE:TypeError;RAISE:TypeError;RAISE:TypeError;RAISE:TypeError;RAISE:TypeError;RAISE:TypeError;RAISE:TypeError;RAISE:TypeError;RAISE:TypeError;RAISE:TypeError;RAISE:TypeError;RAISE:TypeError;RAISE:TypeError;RAISE:TypeError;RAISE:TypeError;RAISE:TypeError;RAISE:TypeError;RAISE:TypeError;RAISE:TypeError;RAISE:TypeError;RAISE:TypeError;RAISE:TypeError;RAISE:TypeError;RAISE:TypeError;RAISE:TypeError;RAISE:TypeError;RAISE:TypeError;RAISE:TypeError;RAISE:TypeError;RAISE:TypeError;RAISE:TypeError;RAISE:TypeError;RAISE:TypeError;RAISE:TypeError;RAISE:TypeError;RAISE:TypeError;RAISE:TypeError;RAISE:TypeError;RAISE:TypeError;RAISE:TypeError;RAISE:TypeError;RAISE:TypeError;RAISE:TypeError;RAISE:TypeError;RAISE:TypeError;RAISE:TypeError;RAISE:TypeError;RAISE:TypeError;RAISE:TypeError;RAISE:TypeError;RAISE:TypeError;RAISE:TypeError;RAISE:TypeError;RAISE:TypeError;RAISE:TypeError;RAISE:TypeError;RAISE:TypeError;RAISE:TypeError;RAISE:TypeError;RAISE:TypeError;RAISE:TypeError;RAISE:TypeError;RAISE:TypeError;RAISE:TypeError;RAISE:TypeError;RAISE:TypeError;RAISE:TypeError;RAISE:TypeError;RAISE:TypeError;RAISE:TypeError;RAISE:TypeError;RAISE:TypeError;RAISE:TypeError;RAISE:TypeError;RAISE:TypeError;RAISE:TypeError;RAISE:TypeError;RAISE:TypeError;RAISE:TypeError;RAISE:TypeError;RAISE:TypeError;RAISE:TypeError;RAISE:TypeError;RAISE:TypeError;RAISE:TypeError;RAISE:TypeError;RAISE:TypeError;RAISE:TypeError;RAISE:TypeError;RAISE:TypeError;RAISE:TypeError;RAISE:TypeError;RAISE:TypeError;RAISE:TypeError;RAISE:TypeError;RAISE:TypeError;RAISE:TypeError;RAISE:TypeError;RAISE:TypeError;RAISE:TypeError;RAISE:TypeError;RAISE:TypeError;RAISE:TypeError;RAISE:TypeError;RAISE:TypeError;RAISE:TypeError;RAISE:TypeError;RAISE:TypeError;RAISE:TypeError;RAISE:TypeError;RAISE:TypeError;RAISE:TypeError;RAISE:TypeError;RAISE:TypeError;RAISE:TypeError;RAISE:TypeError;RAISE:TypeError;RAISE:TypeError;RAISE:TypeError;RAISE:TypeError;RAISE:TypeError;RAISE:TypeError;RAISE:TypeError;RAISE:TypeError;RAISE:TypeError;RAISE:TypeError;RAISE:TypeError;RAISE:TypeError;RAISE:TypeError;RAISE:TypeError;RAISE:TypeError;RAISE:TypeError;RAISE:TypeError;RAISE:TypeError;RAISE:TypeError;RAISE:TypeError;RAISE:TypeError;RAISE:TypeError;RAISE:TypeError;RAISE:TypeError;RAISE:TypeError;RAISE:TypeError;RAISE:TypeError;RAISE:TypeError;RAISE:TypeError;RAISE:TypeError;RAISE:TypeError;RAISE:TypeError;RAISE:TypeError;RAISE:TypeError;RAISE:TypeError;RAISE:TypeError;RAISE:TypeError;RAISE:TypeError;RAISE:TypeError;RAISE:TypeError;RAISE:TypeError;RAISE:TypeError;RAISE:TypeError;RAISE:TypeError;RAISE:TypeError;RAISE:TypeError;RAISE:TypeError;RAISE:TypeError;RAISE:TypeError;RAISE:TypeError;RAISE:TypeError;RAISE:TypeError;RAISE:TypeError;RAISE:TypeError;RAISE:TypeError;RAISE:TypeError;RAISE:TypeError;RAISE:TypeError;RAISE:TypeError;RAISE:TypeError;RAISE:TypeError;RAISE:TypeError;RAISE:TypeError;RAISE:TypeError;RAISE:TypeError;RAISE:TypeError;RAISE:TypeError;RAISE:TypeError;RAISE:TypeError;RAISE:TypeError;RAISE:TypeError;RAISE:TypeError;RAISE:TypeError,0,272,0,"fractional/L1/16:-max_finite,-1.5,-1.0,-(1.0-1ulp),-0.0,+0.0,+min_subnormal,+min_normal,1.0-1ulp,1.0,1.0+1ulp,1.5,pi,2^53,max_finite,0.1","whole/L1/17:-2^63,-2^63+1,-2^53-1,-2^31,-42,-1,0,1,7,42,1000,2^31-1,2^31,2^53-1,2^53+1,2^63-1,2^64-1"
A24_6_3,1,fractional|whole,float,Decimal,"fractional/L1/16:-max_finite,-1.5,-1.0,-(1.0-1ulp),-0.0,+0.0,+min_subnormal,+min_normal,1.0-1ulp,1.0,1.0+1ulp,1.5,pi,2^53,max_finite,0.1","whole/L1/17:-2^63,-2^63+1,-2^53-1,-2^31,-42,-1,0,1,7,42,1000,2^31-1,2^31,2^53-1,2^53+1,2^63-1,2^64-1",272,RAISE:TypeError;RAISE:TypeError;RAISE:TypeError;RAISE:TypeError;RAISE:TypeError;RAISE:TypeError;RAISE:TypeError;RAISE:TypeError;RAISE:TypeError;RAISE:TypeError;RAISE:TypeError;RAISE:TypeError;RAISE:TypeError;RAISE:TypeError;RAISE:TypeError;RAISE:TypeError;RAISE:TypeError;RAISE:TypeError;RAISE:TypeError;RAISE:TypeError;RAISE:TypeError;RAISE:TypeError;RAISE:TypeError;RAISE:TypeError;RAISE:TypeError;RAISE:TypeError;RAISE:TypeError;RAISE:TypeError;RAISE:TypeError;RAISE:TypeError;RAISE:TypeError;RAISE:TypeError;RAISE:TypeError;RAISE:TypeError;RAISE:TypeError;RAISE:TypeError;RAISE:TypeError;RAISE:TypeError;RAISE:TypeError;RAISE:TypeError;RAISE:TypeError;RAISE:TypeError;RAISE:TypeError;RAISE:TypeError;RAISE:TypeError;RAISE:TypeError;RAISE:TypeError;RAISE:TypeError;RAISE:TypeError;RAISE:TypeError;RAISE:TypeError;RAISE:TypeError;RAISE:TypeError;RAISE:TypeError;RAISE:TypeError;RAISE:TypeError;RAISE:TypeError;RAISE:TypeError;RAISE:TypeError;RAISE:TypeError;RAISE:TypeError;RAISE:TypeError;RAISE:TypeError;RAISE:TypeError;RAISE:TypeError;RAISE:TypeError;RAISE:TypeError;RAISE:TypeError;RAISE:TypeError;RAISE:TypeError;RAISE:TypeError;RAISE:TypeError;RAISE:TypeError;RAISE:TypeError;RAISE:TypeError;RAISE:TypeError;RAISE:TypeError;RAISE:TypeError;RAISE:TypeError;RAISE:TypeError;RAISE:TypeError;RAISE:TypeError;RAISE:TypeError;RAISE:TypeError;RAISE:TypeError;RAISE:TypeError;RAISE:TypeError;RAISE:TypeError;RAISE:TypeError;RAISE:TypeError;RAISE:TypeError;RAISE:TypeError;RAISE:TypeError;RAISE:TypeError;RAISE:TypeError;RAISE:TypeError;RAISE:TypeError;RAISE:TypeError;RAISE:TypeError;RAISE:TypeError;RAISE:TypeError;RAISE:TypeError;RAISE:TypeError;RAISE:TypeError;RAISE:TypeError;RAISE:TypeError;RAISE:TypeError;RAISE:TypeError;RAISE:TypeError;RAISE:TypeError;RAISE:TypeError;RAISE:TypeError;RAISE:TypeError;RAISE:TypeError;RAISE:TypeError;RAISE:TypeError;RAISE:TypeError;RAISE:TypeError;RAISE:TypeError;RAISE:TypeError;RAISE:TypeError;RAISE:TypeError;RAISE:TypeError;RAISE:TypeError;RAISE:TypeError;RAISE:TypeError;RAISE:TypeError;RAISE:TypeError;RAISE:TypeError;RAISE:TypeError;RAISE:TypeError;RAISE:TypeError;RAISE:TypeError;RAISE:TypeError;RAISE:TypeError;RAISE:TypeError;RAISE:TypeError;RAISE:TypeError;RAISE:TypeError;RAISE:TypeError;RAISE:TypeError;RAISE:TypeError;RAISE:TypeError;RAISE:TypeError;RAISE:TypeError;RAISE:TypeError;RAISE:TypeError;RAISE:TypeError;RAISE:TypeError;RAISE:TypeError;RAISE:TypeError;RAISE:TypeError;RAISE:TypeError;RAISE:TypeError;RAISE:TypeError;RAISE:TypeError;RAISE:TypeError;RAISE:TypeError;RAISE:TypeError;RAISE:TypeError;RAISE:TypeError;RAISE:TypeError;RAISE:TypeError;RAISE:TypeError;RAISE:TypeError;RAISE:TypeError;RAISE:TypeError;RAISE:TypeError;RAISE:TypeError;RAISE:TypeError;RAISE:TypeError;RAISE:TypeError;RAISE:TypeError;RAISE:TypeError;RAISE:TypeError;RAISE:TypeError;RAISE:TypeError;RAISE:TypeError;RAISE:TypeError;RAISE:TypeError;RAISE:TypeError;RAISE:TypeError;RAISE:TypeError;RAISE:TypeError;RAISE:TypeError;RAISE:TypeError;RAISE:TypeError;RAISE:TypeError;RAISE:TypeError;RAISE:TypeError;RAISE:TypeError;RAISE:TypeError;RAISE:TypeError;RAISE:TypeError;RAISE:TypeError;RAISE:TypeError;RAISE:TypeError;RAISE:TypeError;RAISE:TypeError;RAISE:TypeError;RAISE:TypeError;RAISE:TypeError;RAISE:TypeError;RAISE:TypeError;RAISE:TypeError;RAISE:TypeError;RAISE:TypeError;RAISE:TypeError;RAISE:TypeError;RAISE:TypeError;RAISE:TypeError;RAISE:TypeError;RAISE:TypeError;RAISE:TypeError;RAISE:TypeError;RAISE:TypeError;RAISE:TypeError;RAISE:TypeError;RAISE:TypeError;RAISE:TypeError;RAISE:TypeError;RAISE:TypeError;RAISE:TypeError;RAISE:TypeError;RAISE:TypeError;RAISE:TypeError;RAISE:TypeError;RAISE:TypeError;RAISE:TypeError;RAISE:TypeError;RAISE:TypeError;RAISE:TypeError;RAISE:TypeError;RAISE:TypeError;RAISE:TypeError;RAISE:TypeError;RAISE:TypeError;RAISE:TypeError;RAISE:TypeError;RAISE:TypeError;RAISE:TypeError;RAISE:TypeError;RAISE:TypeError;RAISE:TypeError;RAISE:TypeError;RAISE:TypeError;RAISE:TypeError;RAISE:TypeError;RAISE:TypeError;RAISE:TypeError;RAISE:TypeError;RAISE:TypeError;RAISE:TypeError;RAISE:TypeError;RAISE:TypeError;RAISE:TypeError;RAISE:TypeError;RAISE:TypeError;RAISE:TypeError;RAISE:TypeError;RAISE:TypeError;RAISE:TypeError;RAISE:TypeError;RAISE:TypeError;RAISE:TypeError;RAISE:TypeError;RAISE:TypeError;RAISE:TypeError;RAISE:TypeError;RAISE:TypeError;RAISE:TypeError;RAISE:TypeError,0,272,0,"fractional/L1/16:-max_finite,-1.5,-1.0,-(1.0-1ulp),-0.0,+0.0,+min_subnormal,+min_normal,1.0-1ulp,1.0,1.0+1ulp,1.5,pi,2^53,max_finite,0.1","whole/L1/17:-2^63,-2^63+1,-2^53-1,-2^31,-42,-1,0,1,7,42,1000,2^31-1,2^31,2^53-1,2^53+1,2^63-1,2^64-1"
A24_6_4,1,fractional|whole,float,Fraction,"fractional/L1/16:-max_finite,-1.5,-1.0,-(1.0-1ulp),-0.0,+0.0,+min_subnormal,+min_normal,1.0-1ulp,1.0,1.0+1ulp,1.5,pi,2^53,max_finite,0.1","whole/L1/17:-2^63,-2^63+1,-2^53-1,-2^31,-42,-1,0,1,7,42,1000,2^31-1,2^31,2^53-1,2^53+1,2^63-1,2^64-1",272,RAISE:TypeError;RAISE:TypeError;RAISE:TypeError;RAISE:TypeError;RAISE:TypeError;RAISE:TypeError;RAISE:TypeError;RAISE:TypeError;RAISE:TypeError;RAISE:TypeError;RAISE:TypeError;RAISE:TypeError;RAISE:TypeError;RAISE:TypeError;RAISE:TypeError;RAISE:TypeError;RAISE:TypeError;RAISE:TypeError;RAISE:TypeError;RAISE:TypeError;RAISE:TypeError;RAISE:TypeError;RAISE:TypeError;RAISE:TypeError;RAISE:TypeError;RAISE:TypeError;RAISE:TypeError;RAISE:TypeError;RAISE:TypeError;RAISE:TypeError;RAISE:TypeError;RAISE:TypeError;RAISE:TypeError;RAISE:TypeError;RAISE:TypeError;RAISE:TypeError;RAISE:TypeError;RAISE:TypeError;RAISE:TypeError;RAISE:TypeError;RAISE:TypeError;RAISE:TypeError;RAISE:TypeError;RAISE:TypeError;RAISE:TypeError;RAISE:TypeError;RAISE:TypeError;RAISE:TypeError;RAISE:TypeError;RAISE:TypeError;RAISE:TypeError;RAISE:TypeError;RAISE:TypeError;RAISE:TypeError;RAISE:TypeError;RAISE:TypeError;RAISE:TypeError;RAISE:TypeError;RAISE:TypeError;RAISE:TypeError;RAISE:TypeError;RAISE:TypeError;RAISE:TypeError;RAISE:TypeError;RAISE:TypeError;RAISE:TypeError;RAISE:TypeError;RAISE:TypeError;RAISE:TypeError;RAISE:TypeError;RAISE:TypeError;RAISE:TypeError;RAISE:TypeError;RAISE:TypeError;RAISE:TypeError;RAISE:TypeError;RAISE:TypeError;RAISE:TypeError;RAISE:TypeError;RAISE:TypeError;RAISE:TypeError;RAISE:TypeError;RAISE:TypeError;RAISE:TypeError;RAISE:TypeError;RAISE:TypeError;RAISE:TypeError;RAISE:TypeError;RAISE:TypeError;RAISE:TypeError;RAISE:TypeError;RAISE:TypeError;RAISE:TypeError;RAISE:TypeError;RAISE:TypeError;RAISE:TypeError;RAISE:TypeError;RAISE:TypeError;RAISE:TypeError;RAISE:TypeError;RAISE:TypeError;RAISE:TypeError;RAISE:TypeError;RAISE:TypeError;RAISE:TypeError;RAISE:TypeError;RAISE:TypeError;RAISE:TypeError;RAISE:TypeError;RAISE:TypeError;RAISE:TypeError;RAISE:TypeError;RAISE:TypeError;RAISE:TypeError;RAISE:TypeError;RAISE:TypeError;RAISE:TypeError;RAISE:TypeError;RAISE:TypeError;RAISE:TypeError;RAISE:TypeError;RAISE:TypeError;RAISE:TypeError;RAISE:TypeError;RAISE:TypeError;RAISE:TypeError;RAISE:TypeError;RAISE:TypeError;RAISE:TypeError;RAISE:TypeError;RAISE:TypeError;RAISE:TypeError;RAISE:TypeError;RAISE:TypeError;RAISE:TypeError;RAISE:TypeError;RAISE:TypeError;RAISE:TypeError;RAISE:TypeError;RAISE:TypeError;RAISE:TypeError;RAISE:TypeError;RAISE:TypeError;RAISE:TypeError;RAISE:TypeError;RAISE:TypeError;RAISE:TypeError;RAISE:TypeError;RAISE:TypeError;RAISE:TypeError;RAISE:TypeError;RAISE:TypeError;RAISE:TypeError;RAISE:TypeError;RAISE:TypeError;RAISE:TypeError;RAISE:TypeError;RAISE:TypeError;RAISE:TypeError;RAISE:TypeError;RAISE:TypeError;RAISE:TypeError;RAISE:TypeError;RAISE:TypeError;RAISE:TypeError;RAISE:TypeError;RAISE:TypeError;RAISE:TypeError;RAISE:TypeError;RAISE:TypeError;RAISE:TypeError;RAISE:TypeError;RAISE:TypeError;RAISE:TypeError;RAISE:TypeError;RAISE:TypeError;RAISE:TypeError;RAISE:TypeError;RAISE:TypeError;RAISE:TypeError;RAISE:TypeError;RAISE:TypeError;RAISE:TypeError;RAISE:TypeError;RAISE:TypeError;RAISE:TypeError;RAISE:TypeError;RAISE:TypeError;RAISE:TypeError;RAISE:TypeError;RAISE:TypeError;RAISE:TypeError;RAISE:TypeError;RAISE:TypeError;RAISE:TypeError;RAISE:TypeError;RAISE:TypeError;RAISE:TypeError;RAISE:TypeError;RAISE:TypeError;RAISE:TypeError;RAISE:TypeError;RAISE:TypeError;RAISE:TypeError;RAISE:TypeError;RAISE:TypeError;RAISE:TypeError;RAISE:TypeError;RAISE:TypeError;RAISE:TypeError;RAISE:TypeError;RAISE:TypeError;RAISE:TypeError;RAISE:TypeError;RAISE:TypeError;RAISE:TypeError;RAISE:TypeError;RAISE:TypeError;RAISE:TypeError;RAISE:TypeError;RAISE:TypeError;RAISE:TypeError;RAISE:TypeError;RAISE:TypeError;RAISE:TypeError;RAISE:TypeError;RAISE:TypeError;RAISE:TypeError;RAISE:TypeError;RAISE:TypeError;RAISE:TypeError;RAISE:TypeError;RAISE:TypeError;RAISE:TypeError;RAISE:TypeError;RAISE:TypeError;RAISE:TypeError;RAISE:TypeError;RAISE:TypeError;RAISE:TypeError;RAISE:TypeError;RAISE:TypeError;RAISE:TypeError;RAISE:TypeError;RAISE:TypeError;RAISE:TypeError;RAISE:TypeError;RAISE:TypeError;RAISE:TypeError;RAISE:TypeError;RAISE:TypeError;RAISE:TypeError;RAISE:TypeError;RAISE:TypeError;RAISE:TypeError;RAISE:TypeError;RAISE:TypeError;RAISE:TypeError;RAISE:TypeError;RAISE:TypeError;RAISE:TypeError;RAISE:TypeError;RAISE:TypeError;RAISE:TypeError;RAISE:TypeError;RAISE:TypeError;RAISE:TypeError;RAISE:TypeError;RAISE:TypeError;RAISE:TypeError;RAISE:TypeError;RAISE:TypeError,0,272,0,"fractional/L1/16:-max_finite,-1.5,-1.0,-(1.0-1ulp),-0.0,+0.0,+min_subnormal,+min_normal,1.0-1ulp,1.0,1.0+1ulp,1.5,pi,2^53,max_finite,0.1","whole/L1/17:-2^63,-2^63+1,-2^53-1,-2^31,-42,-1,0,1,7,42,1000,2^31-1,2^31,2^53-1,2^53+1,2^63-1,2^64-1"
A24_6_5,1,fractional|whole,float,c_int64,"fractional/L1/16:-max_finite,-1.5,-1.0,-(1.0-1ulp),-0.0,+0.0,+min_subnormal,+min_normal,1.0-1ulp,1.0,1.0+1ulp,1.5,pi,2^53,max_finite,0.1","whole/L1/17:-2^63,-2^63+1,-2^53-1,-2^31,-42,-1,0,1,7,42,1000,2^31-1,2^31,2^53-1,2^53+1,2^63-1,2^64-1",272,RAISE:TypeError;RAISE:TypeError;RAISE:TypeError;RAISE:TypeError;RAISE:TypeError;RAISE:TypeError;RAISE:TypeError;RAISE:TypeError;RAISE:TypeError;RAISE:TypeError;RAISE:TypeError;RAISE:TypeError;RAISE:TypeError;RAISE:TypeError;RAISE:TypeError;RAISE:TypeError;UNREPRESENTABLE;RAISE:TypeError;RAISE:TypeError;RAISE:TypeError;RAISE:TypeError;RAISE:TypeError;RAISE:TypeError;RAISE:TypeError;RAISE:TypeError;RAISE:TypeError;RAISE:TypeError;RAISE:TypeError;RAISE:TypeError;RAISE:TypeError;RAISE:TypeError;RAISE:TypeError;RAISE:TypeError;UNREPRESENTABLE;RAISE:TypeError;RAISE:TypeError;RAISE:TypeError;RAISE:TypeError;RAISE:TypeError;RAISE:TypeError;RAISE:TypeError;RAISE:TypeError;RAISE:TypeError;RAISE:TypeError;RAISE:TypeError;RAISE:TypeError;RAISE:TypeError;RAISE:TypeError;RAISE:TypeError;RAISE:TypeError;UNREPRESENTABLE;RAISE:TypeError;RAISE:TypeError;RAISE:TypeError;RAISE:TypeError;RAISE:TypeError;RAISE:TypeError;RAISE:TypeError;RAISE:TypeError;RAISE:TypeError;RAISE:TypeError;RAISE:TypeError;RAISE:TypeError;RAISE:TypeError;RAISE:TypeError;RAISE:TypeError;RAISE:TypeError;UNREPRESENTABLE;RAISE:TypeError;RAISE:TypeError;RAISE:TypeError;RAISE:TypeError;RAISE:TypeError;RAISE:TypeError;RAISE:TypeError;RAISE:TypeError;RAISE:TypeError;RAISE:TypeError;RAISE:TypeError;RAISE:TypeError;RAISE:TypeError;RAISE:TypeError;RAISE:TypeError;RAISE:TypeError;UNREPRESENTABLE;RAISE:TypeError;RAISE:TypeError;RAISE:TypeError;RAISE:TypeError;RAISE:TypeError;RAISE:TypeError;RAISE:TypeError;RAISE:TypeError;RAISE:TypeError;RAISE:TypeError;RAISE:TypeError;RAISE:TypeError;RAISE:TypeError;RAISE:TypeError;RAISE:TypeError;RAISE:TypeError;UNREPRESENTABLE;RAISE:TypeError;RAISE:TypeError;RAISE:TypeError;RAISE:TypeError;RAISE:TypeError;RAISE:TypeError;RAISE:TypeError;RAISE:TypeError;RAISE:TypeError;RAISE:TypeError;RAISE:TypeError;RAISE:TypeError;RAISE:TypeError;RAISE:TypeError;RAISE:TypeError;RAISE:TypeError;UNREPRESENTABLE;RAISE:TypeError;RAISE:TypeError;RAISE:TypeError;RAISE:TypeError;RAISE:TypeError;RAISE:TypeError;RAISE:TypeError;RAISE:TypeError;RAISE:TypeError;RAISE:TypeError;RAISE:TypeError;RAISE:TypeError;RAISE:TypeError;RAISE:TypeError;RAISE:TypeError;RAISE:TypeError;UNREPRESENTABLE;RAISE:TypeError;RAISE:TypeError;RAISE:TypeError;RAISE:TypeError;RAISE:TypeError;RAISE:TypeError;RAISE:TypeError;RAISE:TypeError;RAISE:TypeError;RAISE:TypeError;RAISE:TypeError;RAISE:TypeError;RAISE:TypeError;RAISE:TypeError;RAISE:TypeError;RAISE:TypeError;UNREPRESENTABLE;RAISE:TypeError;RAISE:TypeError;RAISE:TypeError;RAISE:TypeError;RAISE:TypeError;RAISE:TypeError;RAISE:TypeError;RAISE:TypeError;RAISE:TypeError;RAISE:TypeError;RAISE:TypeError;RAISE:TypeError;RAISE:TypeError;RAISE:TypeError;RAISE:TypeError;RAISE:TypeError;UNREPRESENTABLE;RAISE:TypeError;RAISE:TypeError;RAISE:TypeError;RAISE:TypeError;RAISE:TypeError;RAISE:TypeError;RAISE:TypeError;RAISE:TypeError;RAISE:TypeError;RAISE:TypeError;RAISE:TypeError;RAISE:TypeError;RAISE:TypeError;RAISE:TypeError;RAISE:TypeError;RAISE:TypeError;UNREPRESENTABLE;RAISE:TypeError;RAISE:TypeError;RAISE:TypeError;RAISE:TypeError;RAISE:TypeError;RAISE:TypeError;RAISE:TypeError;RAISE:TypeError;RAISE:TypeError;RAISE:TypeError;RAISE:TypeError;RAISE:TypeError;RAISE:TypeError;RAISE:TypeError;RAISE:TypeError;RAISE:TypeError;UNREPRESENTABLE;RAISE:TypeError;RAISE:TypeError;RAISE:TypeError;RAISE:TypeError;RAISE:TypeError;RAISE:TypeError;RAISE:TypeError;RAISE:TypeError;RAISE:TypeError;RAISE:TypeError;RAISE:TypeError;RAISE:TypeError;RAISE:TypeError;RAISE:TypeError;RAISE:TypeError;RAISE:TypeError;UNREPRESENTABLE;RAISE:TypeError;RAISE:TypeError;RAISE:TypeError;RAISE:TypeError;RAISE:TypeError;RAISE:TypeError;RAISE:TypeError;RAISE:TypeError;RAISE:TypeError;RAISE:TypeError;RAISE:TypeError;RAISE:TypeError;RAISE:TypeError;RAISE:TypeError;RAISE:TypeError;RAISE:TypeError;UNREPRESENTABLE;RAISE:TypeError;RAISE:TypeError;RAISE:TypeError;RAISE:TypeError;RAISE:TypeError;RAISE:TypeError;RAISE:TypeError;RAISE:TypeError;RAISE:TypeError;RAISE:TypeError;RAISE:TypeError;RAISE:TypeError;RAISE:TypeError;RAISE:TypeError;RAISE:TypeError;RAISE:TypeError;UNREPRESENTABLE;RAISE:TypeError;RAISE:TypeError;RAISE:TypeError;RAISE:TypeError;RAISE:TypeError;RAISE:TypeError;RAISE:TypeError;RAISE:TypeError;RAISE:TypeError;RAISE:TypeError;RAISE:TypeError;RAISE:TypeError;RAISE:TypeError;RAISE:TypeError;RAISE:TypeError;RAISE:TypeError;UNREPRESENTABLE,0,256,16,"fractional/L1/16:-max_finite,-1.5,-1.0,-(1.0-1ulp),-0.0,+0.0,+min_subnormal,+min_normal,1.0-1ulp,1.0,1.0+1ulp,1.5,pi,2^53,max_finite,0.1","whole/L1/16:-2^63,-2^63+1,-2^53-1,-2^31,-42,-1,0,1,7,42,1000,2^31-1,2^31,2^53-1,2^53+1,2^63-1"
A24_6_6,1,fractional|fractional,float,float,"fractional/L1/16:-max_finite,-1.5,-1.0,-(1.0-1ulp),-0.0,+0.0,+min_subnormal,+min_normal,1.0-1ulp,1.0,1.0+1ulp,1.5,pi,2^53,max_finite,0.1","fractional/L1/16:-max_finite,-1.5,-1.0,-(1.0-1ulp),-0.0,+0.0,+min_subnormal,+min_normal,1.0-1ulp,1.0,1.0+1ulp,1.5,pi,2^53,max_finite,0.1",256,RAISE:TypeError;RAISE:TypeError;RAISE:TypeError;RAISE:TypeError;RAISE:TypeError;RAISE:TypeError;RAISE:TypeError;RAISE:TypeError;RAISE:TypeError;RAISE:TypeError;RAISE:TypeError;RAISE:TypeError;RAISE:TypeError;RAISE:TypeError;RAISE:TypeError;RAISE:TypeError;RAISE:TypeError;RAISE:TypeError;RAISE:TypeError;RAISE:TypeError;RAISE:TypeError;RAISE:TypeError;RAISE:TypeError;RAISE:TypeError;RAISE:TypeError;RAISE:TypeError;RAISE:TypeError;RAISE:TypeError;RAISE:TypeError;RAISE:TypeError;RAISE:TypeError;RAISE:TypeError;RAISE:TypeError;RAISE:TypeError;RAISE:TypeError;RAISE:TypeError;RAISE:TypeError;RAISE:TypeError;RAISE:TypeError;RAISE:TypeError;RAISE:TypeError;RAISE:TypeError;RAISE:TypeError;RAISE:TypeError;RAISE:TypeError;RAISE:TypeError;RAISE:TypeError;RAISE:TypeError;RAISE:TypeError;RAISE:TypeError;RAISE:TypeError;RAISE:TypeError;RAISE:TypeError;RAISE:TypeError;RAISE:TypeError;RAISE:TypeError;RAISE:TypeError;RAISE:TypeError;RAISE:TypeError;RAISE:TypeError;RAISE:TypeError;RAISE:TypeError;RAISE:TypeError;RAISE:TypeError;RAISE:TypeError;RAISE:TypeError;RAISE:TypeError;RAISE:TypeError;RAISE:TypeError;RAISE:TypeError;RAISE:TypeError;RAISE:TypeError;RAISE:TypeError;RAISE:TypeError;RAISE:TypeError;RAISE:TypeError;RAISE:TypeError;RAISE:TypeError;RAISE:TypeError;RAISE:TypeError;RAISE:TypeError;RAISE:TypeError;RAISE:TypeError;RAISE:TypeError;RAISE:TypeError;RAISE:TypeError;RAISE:TypeError;RAISE:TypeError;RAISE:TypeError;RAISE:TypeError;RAISE:TypeError;RAISE:TypeError;RAISE:TypeError;RAISE:TypeError;RAISE:TypeError;RAISE:TypeError;RAISE:TypeError;RAISE:TypeError;RAISE:TypeError;RAISE:TypeError;RAISE:TypeError;RAISE:TypeError;RAISE:TypeError;RAISE:TypeError;RAISE:TypeError;RAISE:TypeError;RAISE:TypeError;RAISE:TypeError;RAISE:TypeError;RAISE:TypeError;RAISE:TypeError;RAISE:TypeError;RAISE:TypeError;RAISE:TypeError;RAISE:TypeError;RAISE:TypeError;RAISE:TypeError;RAISE:TypeError;RAISE:TypeError;RAISE:TypeError;RAISE:TypeError;RAISE:TypeError;RAISE:TypeError;RAISE:TypeError;RAISE:TypeError;RAISE:TypeError;RAISE:TypeError;RAISE:TypeError;RAISE:TypeError;RAISE:TypeError;RAISE:TypeError;RAISE:TypeError;RAISE:TypeError;RAISE:TypeError;RAISE:TypeError;RAISE:TypeError;RAISE:TypeError;RAISE:TypeError;RAISE:TypeError;RAISE:TypeError;RAISE:TypeError;RAISE:TypeError;RAISE:TypeError;RAISE:TypeError;RAISE:TypeError;RAISE:TypeError;RAISE:TypeError;RAISE:TypeError;RAISE:TypeError;RAISE:TypeError;RAISE:TypeError;RAISE:TypeError;RAISE:TypeError;RAISE:TypeError;RAISE:TypeError;RAISE:TypeError;RAISE:TypeError;RAISE:TypeError;RAISE:TypeError;RAISE:TypeError;RAISE:TypeError;RAISE:TypeError;RAISE:TypeError;RAISE:TypeError;RAISE:TypeError;RAISE:TypeError;RAISE:TypeError;RAISE:TypeError;RAISE:TypeError;RAISE:TypeError;RAISE:TypeError;RAISE:TypeError;RAISE:TypeError;RAISE:TypeError;RAISE:TypeError;RAISE:TypeError;RAISE:TypeError;RAISE:TypeError;RAISE:TypeError;RAISE:TypeError;RAISE:TypeError;RAISE:TypeError;RAISE:TypeError;RAISE:TypeError;RAISE:TypeError;RAISE:TypeError;RAISE:TypeError;RAISE:TypeError;RAISE:TypeError;RAISE:TypeError;RAISE:TypeError;RAISE:TypeError;RAISE:TypeError;RAISE:TypeError;RAISE:TypeError;RAISE:TypeError;RAISE:TypeError;RAISE:TypeError;RAISE:TypeError;RAISE:TypeError;RAISE:TypeError;RAISE:TypeError;RAISE:TypeError;RAISE:TypeError;RAISE:TypeError;RAISE:TypeError;RAISE:TypeError;RAISE:TypeError;RAISE:TypeError;RAISE:TypeError;RAISE:TypeError;RAISE:TypeError;RAISE:TypeError;RAISE:TypeError;RAISE:TypeError;RAISE:TypeError;RAISE:TypeError;RAISE:TypeError;RAISE:TypeError;RAISE:TypeError;RAISE:TypeError;RAISE:TypeError;RAISE:TypeError;RAISE:TypeError;RAISE:TypeError;RAISE:TypeError;RAISE:TypeError;RAISE:TypeError;RAISE:TypeError;RAISE:TypeError;RAISE:TypeError;RAISE:TypeError;RAISE:TypeError;RAISE:TypeError;RAISE:TypeError;RAISE:TypeError;RAISE:TypeError;RAISE:TypeError;RAISE:TypeError;RAISE:TypeError;RAISE:TypeError;RAISE:TypeError;RAISE:TypeError;RAISE:TypeError;RAISE:TypeError;RAISE:TypeError;RAISE:TypeError;RAISE:TypeError;RAISE:TypeError;RAISE:TypeError;RAISE:TypeError;RAISE:TypeError;RAISE:TypeError;RAISE:TypeError;RAISE:TypeError;RAISE:TypeError,0,256,0,"fractional/L1/16:-max_finite,-1.5,-1.0,-(1.0-1ulp),-0.0,+0.0,+min_subnormal,+min_normal,1.0-1ulp,1.0,1.0+1ulp,1.5,pi,2^53,max_finite,0.1","fractional/L1/16:-max_finite,-1.5,-1.0,-(1.0-1ulp),-0.0,+0.0,+min_subnormal,+min_normal,1.0-1ulp,1.0,1.0+1ulp,1.5,pi,2^53,max_finite,0.1"
A24_6_7,1,fractional|fractional,float,Decimal,"fractional/L1/16:-max_finite,-1.5,-1.0,-(1.0-1ulp),-0.0,+0.0,+min_subnormal,+min_normal,1.0-1ulp,1.0,1.0+1ulp,1.5,pi,2^53,max_finite,0.1","fractional/L1/16:-max_finite,-1.5,-1.0,-(1.0-1ulp),-0.0,+0.0,+min_subnormal,+min_normal,1.0-1ulp,1.0,1.0+1ulp,1.5,pi,2^53,max_finite,0.1",256,RAISE:TypeError;RAISE:TypeError;RAISE:TypeError;RAISE:TypeError;RAISE:TypeError;RAISE:TypeError;RAISE:TypeError;RAISE:TypeError;RAISE:TypeError;RAISE:TypeError;RAISE:TypeError;RAISE:TypeError;RAISE:TypeError;RAISE:TypeError;RAISE:TypeError;RAISE:TypeError;RAISE:TypeError;RAISE:TypeError;RAISE:TypeError;RAISE:TypeError;RAISE:TypeError;RAISE:TypeError;RAISE:TypeError;RAISE:TypeError;RAISE:TypeError;RAISE:TypeError;RAISE:TypeError;RAISE:TypeError;RAISE:TypeError;RAISE:TypeError;RAISE:TypeError;RAISE:TypeError;RAISE:TypeError;RAISE:TypeError;RAISE:TypeError;RAISE:TypeError;RAISE:TypeError;RAISE:TypeError;RAISE:TypeError;RAISE:TypeError;RAISE:TypeError;RAISE:TypeError;RAISE:TypeError;RAISE:TypeError;RAISE:TypeError;RAISE:TypeError;RAISE:TypeError;RAISE:TypeError;RAISE:TypeError;RAISE:TypeError;RAISE:TypeError;RAISE:TypeError;RAISE:TypeError;RAISE:TypeError;RAISE:TypeError;RAISE:TypeError;RAISE:TypeError;RAISE:TypeError;RAISE:TypeError;RAISE:TypeError;RAISE:TypeError;RAISE:TypeError;RAISE:TypeError;RAISE:TypeError;RAISE:TypeError;RAISE:TypeError;RAISE:TypeError;RAISE:TypeError;RAISE:TypeError;RAISE:TypeError;RAISE:TypeError;RAISE:TypeError;RAISE:TypeError;RAISE:TypeError;RAISE:TypeError;RAISE:TypeError;RAISE:TypeError;RAISE:TypeError;RAISE:TypeError;RAISE:TypeError;RAISE:TypeError;RAISE:TypeError;RAISE:TypeError;RAISE:TypeError;RAISE:TypeError;RAISE:TypeError;RAISE:TypeError;RAISE:TypeError;RAISE:TypeError;RAISE:TypeError;RAISE:TypeError;RAISE:TypeError;RAISE:TypeError;RAISE:TypeError;RAISE:TypeError;RAISE:TypeError;RAISE:TypeError;RAISE:TypeError;RAISE:TypeError;RAISE:TypeError;RAISE:TypeError;RAISE:TypeError;RAISE:TypeError;RAISE:TypeError;RAISE:TypeError;RAISE:TypeError;RAISE:TypeError;RAISE:TypeError;RAISE:TypeError;RAISE:TypeError;RAISE:TypeError;RAISE:TypeError;RAISE:TypeError;RAISE:TypeError;RAISE:TypeError;RAISE:TypeError;RAISE:TypeError;RAISE:TypeError;RAISE:TypeError;RAISE:TypeError;RAISE:TypeError;RAISE:TypeError;RAISE:TypeError;RAISE:TypeError;RAISE:TypeError;RAISE:TypeError;RAISE:TypeError;RAISE:TypeError;RAISE:TypeError;RAISE:TypeError;RAISE:TypeError;RAISE:TypeError;RAISE:TypeError;RAISE:TypeError;RAISE:TypeError;RAISE:TypeError;RAISE:TypeError;RAISE:TypeError;RAISE:TypeError;RAISE:TypeError;RAISE:TypeError;RAISE:TypeError;RAISE:TypeError;RAISE:TypeError;RAISE:TypeError;RAISE:TypeError;RAISE:TypeError;RAISE:TypeError;RAISE:TypeError;RAISE:TypeError;RAISE:TypeError;RAISE:TypeError;RAISE:TypeError;RAISE:TypeError;RAISE:TypeError;RAISE:TypeError;RAISE:TypeError;RAISE:TypeError;RAISE:TypeError;RAISE:TypeError;RAISE:TypeError;RAISE:TypeError;RAISE:TypeError;RAISE:TypeError;RAISE:TypeError;RAISE:TypeError;RAISE:TypeError;RAISE:TypeError;RAISE:TypeError;RAISE:TypeError;RAISE:TypeError;RAISE:TypeError;RAISE:TypeError;RAISE:TypeError;RAISE:TypeError;RAISE:TypeError;RAISE:TypeError;RAISE:TypeError;RAISE:TypeError;RAISE:TypeError;RAISE:TypeError;RAISE:TypeError;RAISE:TypeError;RAISE:TypeError;RAISE:TypeError;RAISE:TypeError;RAISE:TypeError;RAISE:TypeError;RAISE:TypeError;RAISE:TypeError;RAISE:TypeError;RAISE:TypeError;RAISE:TypeError;RAISE:TypeError;RAISE:TypeError;RAISE:TypeError;RAISE:TypeError;RAISE:TypeError;RAISE:TypeError;RAISE:TypeError;RAISE:TypeError;RAISE:TypeError;RAISE:TypeError;RAISE:TypeError;RAISE:TypeError;RAISE:TypeError;RAISE:TypeError;RAISE:TypeError;RAISE:TypeError;RAISE:TypeError;RAISE:TypeError;RAISE:TypeError;RAISE:TypeError;RAISE:TypeError;RAISE:TypeError;RAISE:TypeError;RAISE:TypeError;RAISE:TypeError;RAISE:TypeError;RAISE:TypeError;RAISE:TypeError;RAISE:TypeError;RAISE:TypeError;RAISE:TypeError;RAISE:TypeError;RAISE:TypeError;RAISE:TypeError;RAISE:TypeError;RAISE:TypeError;RAISE:TypeError;RAISE:TypeError;RAISE:TypeError;RAISE:TypeError;RAISE:TypeError;RAISE:TypeError;RAISE:TypeError;RAISE:TypeError;RAISE:TypeError;RAISE:TypeError;RAISE:TypeError;RAISE:TypeError;RAISE:TypeError;RAISE:TypeError;RAISE:TypeError;RAISE:TypeError;RAISE:TypeError;RAISE:TypeError;RAISE:TypeError;RAISE:TypeError;RAISE:TypeError;RAISE:TypeError;RAISE:TypeError;RAISE:TypeError;RAISE:TypeError;RAISE:TypeError;RAISE:TypeError,0,256,0,"fractional/L1/16:-max_finite,-1.5,-1.0,-(1.0-1ulp),-0.0,+0.0,+min_subnormal,+min_normal,1.0-1ulp,1.0,1.0+1ulp,1.5,pi,2^53,max_finite,0.1","fractional/L1/16:-max_finite,-1.5,-1.0,-(1.0-1ulp),-0.0,+0.0,+min_subnormal,+min_normal,1.0-1ulp,1.0,1.0+1ulp,1.5,pi,2^53,max_finite,0.1"
A24_6_8,1,fractional|fractional,float,Fraction,"fractional/L1/16:-max_finite,-1.5,-1.0,-(1.0-1ulp),-0.0,+0.0,+min_subnormal,+min_normal,1.0-1ulp,1.0,1.0+1ulp,1.5,pi,2^53,max_finite,0.1","fractional/L1/16:-max_finite,-1.5,-1.0,-(1.0-1ulp),-0.0,+0.0,+min_subnormal,+min_normal,1.0-1ulp,1.0,1.0+1ulp,1.5,pi,2^53,max_finite,0.1",256,RAISE:TypeError;RAISE:TypeError;RAISE:TypeError;RAISE:TypeError;UNREPRESENTABLE;RAISE:TypeError;RAISE:TypeError;RAISE:TypeError;RAISE:TypeError;RAISE:TypeError;RAISE:TypeError;RAISE:TypeError;RAISE:TypeError;RAISE:TypeError;RAISE:TypeError;RAISE:TypeError;RAISE:TypeError;RAISE:TypeError;RAISE:TypeError;RAISE:TypeError;UNREPRESENTABLE;RAISE:TypeError;RAISE:TypeError;RAISE:TypeError;RAISE:TypeError;RAISE:TypeError;RAISE:TypeError;RAISE:TypeError;RAISE:TypeError;RAISE:TypeError;RAISE:TypeError;RAISE:TypeError;RAISE:TypeError;RAISE:TypeError;RAISE:TypeError;RAISE:TypeError;UNREPRESENTABLE;RAISE:TypeError;RAISE:TypeError;RAISE:TypeError;RAISE:TypeError;RAISE:TypeError;RAISE:TypeError;RAISE:TypeError;RAISE:TypeError;RAISE:TypeError;RAISE:TypeError;RAISE:TypeError;RAISE:TypeError;RAISE:TypeError;RAISE:TypeError;RAISE:TypeError;UNREPRESENTABLE;RAISE:TypeError;RAISE:TypeError;RAISE:TypeError;RAISE:TypeError;RAISE:TypeError;RAISE:TypeError;RAISE:TypeError;RAISE:TypeError;RAISE:TypeError;RAISE:TypeError;RAISE:TypeError;RAISE:TypeError;RAISE:TypeError;RAISE:TypeError;RAISE:TypeError;UNREPRESENTABLE;RAISE:TypeError;RAISE:TypeError;RAISE:TypeError;RAISE:TypeError;RAISE:TypeError;RAISE:TypeError;RAISE:TypeError;RAISE:TypeError;RAISE:TypeError;RAISE:TypeError;RAISE:TypeError;RAISE:TypeError;RAISE:TypeError;RAISE:TypeError;RAISE:TypeError;UNREPRESENTABLE;RAISE:TypeError;RAISE:TypeError;RAISE:TypeError;RAISE:TypeError;RAISE:TypeError;RAISE:TypeError;RAISE:TypeError;RAISE:TypeError;RAISE:TypeError;RAISE:TypeError;RAISE:TypeError;RAISE:TypeError;RAISE:TypeError;RAISE:TypeError;RAISE:TypeError;UNREPRESENTABLE;RAISE:TypeError;RAISE:TypeError;RAISE:TypeError;RAISE:TypeError;RAISE:TypeError;RAISE:TypeError;RAISE:TypeError;RAISE:TypeError;RAISE:TypeError;RAISE:TypeError;RAISE:TypeError;RAISE:TypeError;RAISE:TypeError;RAISE:TypeError;RAISE:TypeError;UNREPRESENTABLE;RAISE:TypeError;RAISE:TypeError;RAISE:TypeError;RAISE:TypeError;RAISE:TypeError;RAISE:TypeError;RAISE:TypeError;RAISE:TypeError;RAISE:TypeError;RAISE:TypeError;RAISE:TypeError;RAISE:TypeError;RAISE:TypeError;RAISE:TypeError;RAISE:TypeError;UNREPRESENTABLE;RAISE:TypeError;RAISE:TypeError;RAISE:TypeError;RAISE:TypeError;RAISE:TypeError;RAISE:TypeError;RAISE:TypeError;RAISE:TypeError;RAISE:TypeError;RAISE:TypeError;RAISE:TypeError;RAISE:TypeError;RAISE:TypeError;RAISE:TypeError;RAISE:TypeError;UNREPRESENTABLE;RAISE:TypeError;RAISE:TypeError;RAISE:TypeError;RAISE:TypeError;RAISE:TypeError;RAISE:TypeError;RAISE:TypeError;RAISE:TypeError;RAISE:TypeError;RAISE:TypeError;RAISE:TypeError;RAISE:TypeError;RAISE:TypeError;RAISE:TypeError;RAISE:TypeError;UNREPRESENTABLE;RAISE:TypeError;RAISE:TypeError;RAISE:TypeError;RAISE:TypeError;RAISE:TypeError;RAISE:TypeError;RAISE:TypeError;RAISE:TypeError;RAISE:TypeError;RAISE:TypeError;RAISE:TypeError;RAISE:TypeError;RAISE:TypeError;RAISE:TypeError;RAISE:TypeError;UNREPRESENTABLE;RAISE:TypeError;RAISE:TypeError;RAISE:TypeError;RAISE:TypeError;RAISE:TypeError;RAISE:TypeError;RAISE:TypeError;RAISE:TypeError;RAISE:TypeError;RAISE:TypeError;RAISE:TypeError;RAISE:TypeError;RAISE:TypeError;RAISE:TypeError;RAISE:TypeError;UNREPRESENTABLE;RAISE:TypeError;RAISE:TypeError;RAISE:TypeError;RAISE:TypeError;RAISE:TypeError;RAISE:TypeError;RAISE:TypeError;RAISE:TypeError;RAISE:TypeError;RAISE:TypeError;RAISE:TypeError;RAISE:TypeError;RAISE:TypeError;RAISE:TypeError;RAISE:TypeError;UNREPRESENTABLE;RAISE:TypeError;RAISE:TypeError;RAISE:TypeError;RAISE:TypeError;RAISE:TypeError;RAISE:TypeError;RAISE:TypeError;RAISE:TypeError;RAISE:TypeError;RAISE:TypeError;RAISE:TypeError;RAISE:TypeError;RAISE:TypeError;RAISE:TypeError;RAISE:TypeError;UNREPRESENTABLE;RAISE:TypeError;RAISE:TypeError;RAISE:TypeError;RAISE:TypeError;RAISE:TypeError;RAISE:TypeError;RAISE:TypeError;RAISE:TypeError;RAISE:TypeError;RAISE:TypeError;RAISE:TypeError;RAISE:TypeError;RAISE:TypeError;RAISE:TypeError;RAISE:TypeError;UNREPRESENTABLE;RAISE:TypeError;RAISE:TypeError;RAISE:TypeError;RAISE:TypeError;RAISE:TypeError;RAISE:TypeError;RAISE:TypeError;RAISE:TypeError;RAISE:TypeError;RAISE:TypeError;RAISE:TypeError,0,240,16,"fractional/L1/16:-max_finite,-1.5,-1.0,-(1.0-1ulp),-0.0,+0.0,+min_subnormal,+min_normal,1.0-1ulp,1.0,1.0+1ulp,1.5,pi,2^53,max_finite,0.1","fractional/L1/15:-max_finite,-1.5,-1.0,-(1.0-1ulp),+0.0,+min_subnormal,+min_normal,1.0-1ulp,1.0,1.0+1ulp,1.5,pi,2^53,max_finite,0.1"
A24_7_1,1,fractional|truth,Decimal,bool,"fractional/L1/16:-max_finite,-1.5,-1.0,-(1.0-1ulp),-0.0,+0.0,+min_subnormal,+min_normal,1.0-1ulp,1.0,1.0+1ulp,1.5,pi,2^53,max_finite,0.1","truth/L1/6:true,false,0,1,"""",nil",96,RAISE:TypeError;RAISE:TypeError;RAISE:TypeError;RAISE:TypeError;RAISE:TypeError;RAISE:TypeError;RAISE:TypeError;RAISE:TypeError;RAISE:TypeError;RAISE:TypeError;RAISE:TypeError;RAISE:TypeError;RAISE:TypeError;RAISE:TypeError;RAISE:TypeError;RAISE:TypeError;RAISE:TypeError;RAISE:TypeError;RAISE:TypeError;RAISE:TypeError;RAISE:TypeError;RAISE:TypeError;RAISE:TypeError;RAISE:TypeError;RAISE:TypeError;RAISE:TypeError;RAISE:TypeError;RAISE:TypeError;RAISE:TypeError;RAISE:TypeError;RAISE:TypeError;RAISE:TypeError;RAISE:TypeError;RAISE:TypeError;RAISE:TypeError;RAISE:TypeError;RAISE:TypeError;RAISE:TypeError;RAISE:TypeError;RAISE:TypeError;RAISE:TypeError;RAISE:TypeError;RAISE:TypeError;RAISE:TypeError;RAISE:TypeError;RAISE:TypeError;RAISE:TypeError;RAISE:TypeError;RAISE:TypeError;RAISE:TypeError;RAISE:TypeError;RAISE:TypeError;RAISE:TypeError;RAISE:TypeError;RAISE:TypeError;RAISE:TypeError;RAISE:TypeError;RAISE:TypeError;RAISE:TypeError;RAISE:TypeError;RAISE:TypeError;RAISE:TypeError;RAISE:TypeError;RAISE:TypeError;RAISE:TypeError;RAISE:TypeError;RAISE:TypeError;RAISE:TypeError;RAISE:TypeError;RAISE:TypeError;RAISE:TypeError;RAISE:TypeError;RAISE:TypeError;RAISE:TypeError;RAISE:TypeError;RAISE:TypeError;RAISE:TypeError;RAISE:TypeError;RAISE:TypeError;RAISE:TypeError;RAISE:TypeError;RAISE:TypeError;RAISE:TypeError;RAISE:TypeError;RAISE:TypeError;RAISE:TypeError;RAISE:TypeError;RAISE:TypeError;RAISE:TypeError;RAISE:TypeError;RAISE:TypeError;RAISE:TypeError;RAISE:TypeError;RAISE:TypeError;RAISE:TypeError;RAISE:TypeError,0,96,0,"fractional/L1/16:-max_finite,-1.5,-1.0,-(1.0-1ulp),-0.0,+0.0,+min_subnormal,+min_normal,1.0-1ulp,1.0,1.0+1ulp,1.5,pi,2^53,max_finite,0.1","truth/L1/6:true,false,0,1,"""",nil"
A24_7_2,1,fractional|whole,Decimal,int,"fractional/L1/16:-max_finite,-1.5,-1.0,-(1.0-1ulp),-0.0,+0.0,+min_subnormal,+min_normal,1.0-1ulp,1.0,1.0+1ulp,1.5,pi,2^53,max_finite,0.1","whole/L1/17:-2^63,-2^63+1,-2^53-1,-2^31,-42,-1,0,1,7,42,1000,2^31-1,2^31,2^53-1,2^53+1,2^63-1,2^64-1",272,RAISE:TypeError;RAISE:TypeError;RAISE:TypeError;RAISE:TypeError;RAISE:TypeError;RAISE:TypeError;RAISE:TypeError;RAISE:TypeError;RAISE:TypeError;RAISE:TypeError;RAISE:TypeError;RAISE:TypeError;RAISE:TypeError;RAISE:TypeError;RAISE:TypeError;RAISE:TypeError;RAISE:TypeError;RAISE:TypeError;RAISE:TypeError;RAISE:TypeError;RAISE:TypeError;RAISE:TypeError;RAISE:TypeError;RAISE:TypeError;RAISE:TypeError;RAISE:TypeError;RAISE:TypeError;RAISE:TypeError;RAISE:TypeError;RAISE:TypeError;RAISE:TypeError;RAISE:TypeError;RAISE:TypeError;RAISE:TypeError;RAISE:TypeError;RAISE:TypeError;RAISE:TypeError;RAISE:TypeError;RAISE:TypeError;RAISE:TypeError;RAISE:TypeError;RAISE:TypeError;RAISE:TypeError;RAISE:TypeError;RAISE:TypeError;RAISE:TypeError;RAISE:TypeError;RAISE:TypeError;RAISE:TypeError;RAISE:TypeError;RAISE:TypeError;RAISE:TypeError;RAISE:TypeError;RAISE:TypeError;RAISE:TypeError;RAISE:TypeError;RAISE:TypeError;RAISE:TypeError;RAISE:TypeError;RAISE:TypeError;RAISE:TypeError;RAISE:TypeError;RAISE:TypeError;RAISE:TypeError;RAISE:TypeError;RAISE:TypeError;RAISE:TypeError;RAISE:TypeError;RAISE:TypeError;RAISE:TypeError;RAISE:TypeError;RAISE:TypeError;RAISE:TypeError;RAISE:TypeError;RAISE:TypeError;RAISE:TypeError;RAISE:TypeError;RAISE:TypeError;RAISE:TypeError;RAISE:TypeError;RAISE:TypeError;RAISE:TypeError;RAISE:TypeError;RAISE:TypeError;RAISE:TypeError;RAISE:TypeError;RAISE:TypeError;RAISE:TypeError;RAISE:TypeError;RAISE:TypeError;RAISE:TypeError;RAISE:TypeError;RAISE:TypeError;RAISE:TypeError;RAISE:TypeError;RAISE:TypeError;RAISE:TypeError;RAISE:TypeError;RAISE:TypeError;RAISE:TypeError;RAISE:TypeError;RAISE:TypeError;RAISE:TypeError;RAISE:TypeError;RAISE:TypeError;RAISE:TypeError;RAISE:TypeError;RAISE:TypeError;RAISE:TypeError;RAISE:TypeError;RAISE:TypeError;RAISE:TypeError;RAISE:TypeError;RAISE:TypeError;RAISE:TypeError;RAISE:TypeError;RAISE:TypeError;RAISE:TypeError;RAISE:TypeError;RAISE:TypeError;RAISE:TypeError;RAISE:TypeError;RAISE:TypeError;RAISE:TypeError;RAISE:TypeError;RAISE:TypeError;RAISE:TypeError;RAISE:TypeError;RAISE:TypeError;RAISE:TypeError;RAISE:TypeError;RAISE:TypeError;RAISE:TypeError;RAISE:TypeError;RAISE:TypeError;RAISE:TypeError;RAISE:TypeError;RAISE:TypeError;RAISE:TypeError;RAISE:TypeError;RAISE:TypeError;RAISE:TypeError;RAISE:TypeError;RAISE:TypeError;RAISE:TypeError;RAISE:TypeError;RAISE:TypeError;RAISE:TypeError;RAISE:TypeError;RAISE:TypeError;RAISE:TypeError;RAISE:TypeError;RAISE:TypeError;RAISE:TypeError;RAISE:TypeError;RAISE:TypeError;RAISE:TypeError;RAISE:TypeError;RAISE:TypeError;RAISE:TypeError;RAISE:TypeError;RAISE:TypeError;RAISE:TypeError;RAISE:TypeError;RAISE:TypeError;RAISE:TypeError;RAISE:TypeError;RAISE:TypeError;RAISE:TypeError;RAISE:TypeError;RAISE:TypeError;RAISE:TypeError;RAISE:TypeError;RAISE:TypeError;RAISE:TypeError;RAISE:TypeError;RAISE:TypeError;RAISE:TypeError;RAISE:TypeError;RAISE:TypeError;RAISE:TypeError;RAISE:TypeError;RAISE:TypeError;RAISE:TypeError;RAISE:TypeError;RAISE:TypeError;RAISE:TypeError;RAISE:TypeError;RAISE:TypeError;RAISE:TypeError;RAISE:TypeError;RAISE:TypeError;RAISE:TypeError;RAISE:TypeError;RAISE:TypeError;RAISE:TypeError;RAISE:TypeError;RAISE:TypeError;RAISE:TypeError;RAISE:TypeError;RAISE:TypeError;RAISE:TypeError;RAISE:TypeError;RAISE:TypeError;RAISE:TypeError;RAISE:TypeError;RAISE:TypeError;RAISE:TypeError;RAISE:TypeError;RAISE:TypeError;RAISE:TypeError;RAISE:TypeError;RAISE:TypeError;RAISE:TypeError;RAISE:TypeError;RAISE:TypeError;RAISE:TypeError;RAISE:TypeError;RAISE:TypeError;RAISE:TypeError;RAISE:TypeError;RAISE:TypeError;RAISE:TypeError;RAISE:TypeError;RAISE:TypeError;RAISE:TypeError;RAISE:TypeError;RAISE:TypeError;RAISE:TypeError;RAISE:TypeError;RAISE:TypeError;RAISE:TypeError;RAISE:TypeError;RAISE:TypeError;RAISE:TypeError;RAISE:TypeError;RAISE:TypeError;RAISE:TypeError;RAISE:TypeError;RAISE:TypeError;RAISE:TypeError;RAISE:TypeError;RAISE:TypeError;RAISE:TypeError;RAISE:TypeError;RAISE:TypeError;RAISE:TypeError;RAISE:TypeError;RAISE:TypeError;RAISE:TypeError;RAISE:TypeError;RAISE:TypeError;RAISE:TypeError;RAISE:TypeError;RAISE:TypeError;RAISE:TypeError;RAISE:TypeError;RAISE:TypeError;RAISE:TypeError;RAISE:TypeError;RAISE:TypeError;RAISE:TypeError;RAISE:TypeError;RAISE:TypeError;RAISE:TypeError;RAISE:TypeError;RAISE:TypeError;RAISE:TypeError;RAISE:TypeError;RAISE:TypeError;RAISE:TypeError;RAISE:TypeError,0,272,0,"fractional/L1/16:-max_finite,-1.5,-1.0,-(1.0-1ulp),-0.0,+0.0,+min_subnormal,+min_normal,1.0-1ulp,1.0,1.0+1ulp,1.5,pi,2^53,max_finite,0.1","whole/L1/17:-2^63,-2^63+1,-2^53-1,-2^31,-42,-1,0,1,7,42,1000,2^31-1,2^31,2^53-1,2^53+1,2^63-1,2^64-1"
A24_7_3,1,fractional|whole,Decimal,Decimal,"fractional/L1/16:-max_finite,-1.5,-1.0,-(1.0-1ulp),-0.0,+0.0,+min_subnormal,+min_normal,1.0-1ulp,1.0,1.0+1ulp,1.5,pi,2^53,max_finite,0.1","whole/L1/17:-2^63,-2^63+1,-2^53-1,-2^31,-42,-1,0,1,7,42,1000,2^31-1,2^31,2^53-1,2^53+1,2^63-1,2^64-1",272,RAISE:TypeError;RAISE:TypeError;RAISE:TypeError;RAISE:TypeError;RAISE:TypeError;RAISE:TypeError;RAISE:TypeError;RAISE:TypeError;RAISE:TypeError;RAISE:TypeError;RAISE:TypeError;RAISE:TypeError;RAISE:TypeError;RAISE:TypeError;RAISE:TypeError;RAISE:TypeError;RAISE:TypeError;RAISE:TypeError;RAISE:TypeError;RAISE:TypeError;RAISE:TypeError;RAISE:TypeError;RAISE:TypeError;RAISE:TypeError;RAISE:TypeError;RAISE:TypeError;RAISE:TypeError;RAISE:TypeError;RAISE:TypeError;RAISE:TypeError;RAISE:TypeError;RAISE:TypeError;RAISE:TypeError;RAISE:TypeError;RAISE:TypeError;RAISE:TypeError;RAISE:TypeError;RAISE:TypeError;RAISE:TypeError;RAISE:TypeError;RAISE:TypeError;RAISE:TypeError;RAISE:TypeError;RAISE:TypeError;RAISE:TypeError;RAISE:TypeError;RAISE:TypeError;RAISE:TypeError;RAISE:TypeError;RAISE:TypeError;RAISE:TypeError;RAISE:TypeError;RAISE:TypeError;RAISE:TypeError;RAISE:TypeError;RAISE:TypeError;RAISE:TypeError;RAISE:TypeError;RAISE:TypeError;RAISE:TypeError;RAISE:TypeError;RAISE:TypeError;RAISE:TypeError;RAISE:TypeError;RAISE:TypeError;RAISE:TypeError;RAISE:TypeError;RAISE:TypeError;RAISE:TypeError;RAISE:TypeError;RAISE:TypeError;RAISE:TypeError;RAISE:TypeError;RAISE:TypeError;RAISE:TypeError;RAISE:TypeError;RAISE:TypeError;RAISE:TypeError;RAISE:TypeError;RAISE:TypeError;RAISE:TypeError;RAISE:TypeError;RAISE:TypeError;RAISE:TypeError;RAISE:TypeError;RAISE:TypeError;RAISE:TypeError;RAISE:TypeError;RAISE:TypeError;RAISE:TypeError;RAISE:TypeError;RAISE:TypeError;RAISE:TypeError;RAISE:TypeError;RAISE:TypeError;RAISE:TypeError;RAISE:TypeError;RAISE:TypeError;RAISE:TypeError;RAISE:TypeError;RAISE:TypeError;RAISE:TypeError;RAISE:TypeError;RAISE:TypeError;RAISE:TypeError;RAISE:TypeError;RAISE:TypeError;RAISE:TypeError;RAISE:TypeError;RAISE:TypeError;RAISE:TypeError;RAISE:TypeError;RAISE:TypeError;RAISE:TypeError;RAISE:TypeError;RAISE:TypeError;RAISE:TypeError;RAISE:TypeError;RAISE:TypeError;RAISE:TypeError;RAISE:TypeError;RAISE:TypeError;RAISE:TypeError;RAISE:TypeError;RAISE:TypeError;RAISE:TypeError;RAISE:TypeError;RAISE:TypeError;RAISE:TypeError;RAISE:TypeError;RAISE:TypeError;RAISE:TypeError;RAISE:TypeError;RAISE:TypeError;RAISE:TypeError;RAISE:TypeError;RAISE:TypeError;RAISE:TypeError;RAISE:TypeError;RAISE:TypeError;RAISE:TypeError;RAISE:TypeError;RAISE:TypeError;RAISE:TypeError;RAISE:TypeError;RAISE:TypeError;RAISE:TypeError;RAISE:TypeError;RAISE:TypeError;RAISE:TypeError;RAISE:TypeError;RAISE:TypeError;RAISE:TypeError;RAISE:TypeError;RAISE:TypeError;RAISE:TypeError;RAISE:TypeError;RAISE:TypeError;RAISE:TypeError;RAISE:TypeError;RAISE:TypeError;RAISE:TypeError;RAISE:TypeError;RAISE:TypeError;RAISE:TypeError;RAISE:TypeError;RAISE:TypeError;RAISE:TypeError;RAISE:TypeError;RAISE:TypeError;RAISE:TypeError;RAISE:TypeError;RAISE:TypeError;RAISE:TypeError;RAISE:TypeError;RAISE:TypeError;RAISE:TypeError;RAISE:TypeError;RAISE:TypeError;RAISE:TypeError;RAISE:TypeError;RAISE:TypeError;RAISE:TypeError;RAISE:TypeError;RAISE:TypeError;RAISE:TypeError;RAISE:TypeError;RAISE:TypeError;RAISE:TypeError;RAISE:TypeError;RAISE:TypeError;RAISE:TypeError;RAISE:TypeError;RAISE:TypeError;RAISE:TypeError;RAISE:TypeError;RAISE:TypeError;RAISE:TypeError;RAISE:TypeError;RAISE:TypeError;RAISE:TypeError;RAISE:TypeError;RAISE:TypeError;RAISE:TypeError;RAISE:TypeError;RAISE:TypeError;RAISE:TypeError;RAISE:TypeError;RAISE:TypeError;RAISE:TypeError;RAISE:TypeError;RAISE:TypeError;RAISE:TypeError;RAISE:TypeError;RAISE:TypeError;RAISE:TypeError;RAISE:TypeError;RAISE:TypeError;RAISE:TypeError;RAISE:TypeError;RAISE:TypeError;RAISE:TypeError;RAISE:TypeError;RAISE:TypeError;RAISE:TypeError;RAISE:TypeError;RAISE:TypeError;RAISE:TypeError;RAISE:TypeError;RAISE:TypeError;RAISE:TypeError;RAISE:TypeError;RAISE:TypeError;RAISE:TypeError;RAISE:TypeError;RAISE:TypeError;RAISE:TypeError;RAISE:TypeError;RAISE:TypeError;RAISE:TypeError;RAISE:TypeError;RAISE:TypeError;RAISE:TypeError;RAISE:TypeError;RAISE:TypeError;RAISE:TypeError;RAISE:TypeError;RAISE:TypeError;RAISE:TypeError;RAISE:TypeError;RAISE:TypeError;RAISE:TypeError;RAISE:TypeError;RAISE:TypeError;RAISE:TypeError;RAISE:TypeError;RAISE:TypeError;RAISE:TypeError;RAISE:TypeError;RAISE:TypeError;RAISE:TypeError;RAISE:TypeError;RAISE:TypeError;RAISE:TypeError;RAISE:TypeError;RAISE:TypeError;RAISE:TypeError;RAISE:TypeError;RAISE:TypeError;RAISE:TypeError;RAISE:TypeError;RAISE:TypeError,0,272,0,"fractional/L1/16:-max_finite,-1.5,-1.0,-(1.0-1ulp),-0.0,+0.0,+min_subnormal,+min_normal,1.0-1ulp,1.0,1.0+1ulp,1.5,pi,2^53,max_finite,0.1","whole/L1/17:-2^63,-2^63+1,-2^53-1,-2^31,-42,-1,0,1,7,42,1000,2^31-1,2^31,2^53-1,2^53+1,2^63-1,2^64-1"
A24_7_4,1,fractional|whole,Decimal,Fraction,"fractional/L1/16:-max_finite,-1.5,-1.0,-(1.0-1ulp),-0.0,+0.0,+min_subnormal,+min_normal,1.0-1ulp,1.0,1.0+1ulp,1.5,pi,2^53,max_finite,0.1","whole/L1/17:-2^63,-2^63+1,-2^53-1,-2^31,-42,-1,0,1,7,42,1000,2^31-1,2^31,2^53-1,2^53+1,2^63-1,2^64-1",272,RAISE:TypeError;RAISE:TypeError;RAISE:TypeError;RAISE:TypeError;RAISE:TypeError;RAISE:TypeError;RAISE:TypeError;RAISE:TypeError;RAISE:TypeError;RAISE:TypeError;RAISE:TypeError;RAISE:TypeError;RAISE:TypeError;RAISE:TypeError;RAISE:TypeError;RAISE:TypeError;RAISE:TypeError;RAISE:TypeError;RAISE:TypeError;RAISE:TypeError;RAISE:TypeError;RAISE:TypeError;RAISE:TypeError;RAISE:TypeError;RAISE:TypeError;RAISE:TypeError;RAISE:TypeError;RAISE:TypeError;RAISE:TypeError;RAISE:TypeError;RAISE:TypeError;RAISE:TypeError;RAISE:TypeError;RAISE:TypeError;RAISE:TypeError;RAISE:TypeError;RAISE:TypeError;RAISE:TypeError;RAISE:TypeError;RAISE:TypeError;RAISE:TypeError;RAISE:TypeError;RAISE:TypeError;RAISE:TypeError;RAISE:TypeError;RAISE:TypeError;RAISE:TypeError;RAISE:TypeError;RAISE:TypeError;RAISE:TypeError;RAISE:TypeError;RAISE:TypeError;RAISE:TypeError;RAISE:TypeError;RAISE:TypeError;RAISE:TypeError;RAISE:TypeError;RAISE:TypeError;RAISE:TypeError;RAISE:TypeError;RAISE:TypeError;RAISE:TypeError;RAISE:TypeError;RAISE:TypeError;RAISE:TypeError;RAISE:TypeError;RAISE:TypeError;RAISE:TypeError;RAISE:TypeError;RAISE:TypeError;RAISE:TypeError;RAISE:TypeError;RAISE:TypeError;RAISE:TypeError;RAISE:TypeError;RAISE:TypeError;RAISE:TypeError;RAISE:TypeError;RAISE:TypeError;RAISE:TypeError;RAISE:TypeError;RAISE:TypeError;RAISE:TypeError;RAISE:TypeError;RAISE:TypeError;RAISE:TypeError;RAISE:TypeError;RAISE:TypeError;RAISE:TypeError;RAISE:TypeError;RAISE:TypeError;RAISE:TypeError;RAISE:TypeError;RAISE:TypeError;RAISE:TypeError;RAISE:TypeError;RAISE:TypeError;RAISE:TypeError;RAISE:TypeError;RAISE:TypeError;RAISE:TypeError;RAISE:TypeError;RAISE:TypeError;RAISE:TypeError;RAISE:TypeError;RAISE:TypeError;RAISE:TypeError;RAISE:TypeError;RAISE:TypeError;RAISE:TypeError;RAISE:TypeError;RAISE:TypeError;RAISE:TypeError;RAISE:TypeError;RAISE:TypeError;RAISE:TypeError;RAISE:TypeError;RAISE:TypeError;RAISE:TypeError;RAISE:TypeError;RAISE:TypeError;RAISE:TypeError;RAISE:TypeError;RAISE:TypeError;RAISE:TypeError;RAISE:TypeError;RAISE:TypeError;RAISE:TypeError;RAISE:TypeError;RAISE:TypeError;RAISE:TypeError;RAISE:TypeError;RAISE:TypeError;RAISE:TypeError;RAISE:TypeError;RAISE:TypeError;RAISE:TypeError;RAISE:TypeError;RAISE:TypeError;RAISE:TypeError;RAISE:TypeError;RAISE:TypeError;RAISE:TypeError;RAISE:TypeError;RAISE:TypeError;RAISE:TypeError;RAISE:TypeError;RAISE:TypeError;RAISE:TypeError;RAISE:TypeError;RAISE:TypeError;RAISE:TypeError;RAISE:TypeError;RAISE:TypeError;RAISE:TypeError;RAISE:TypeError;RAISE:TypeError;RAISE:TypeError;RAISE:TypeError;RAISE:TypeError;RAISE:TypeError;RAISE:TypeError;RAISE:TypeError;RAISE:TypeError;RAISE:TypeError;RAISE:TypeError;RAISE:TypeError;RAISE:TypeError;RAISE:TypeError;RAISE:TypeError;RAISE:TypeError;RAISE:TypeError;RAISE:TypeError;RAISE:TypeError;RAISE:TypeError;RAISE:TypeError;RAISE:TypeError;RAISE:TypeError;RAISE:TypeError;RAISE:TypeError;RAISE:TypeError;RAISE:TypeError;RAISE:TypeError;RAISE:TypeError;RAISE:TypeError;RAISE:TypeError;RAISE:TypeError;RAISE:TypeError;RAISE:TypeError;RAISE:TypeError;RAISE:TypeError;RAISE:TypeError;RAISE:TypeError;RAISE:TypeError;RAISE:TypeError;RAISE:TypeError;RAISE:TypeError;RAISE:TypeError;RAISE:TypeError;RAISE:TypeError;RAISE:TypeError;RAISE:TypeError;RAISE:TypeError;RAISE:TypeError;RAISE:TypeError;RAISE:TypeError;RAISE:TypeError;RAISE:TypeError;RAISE:TypeError;RAISE:TypeError;RAISE:TypeError;RAISE:TypeError;RAISE:TypeError;RAISE:TypeError;RAISE:TypeError;RAISE:TypeError;RAISE:TypeError;RAISE:TypeError;RAISE:TypeError;RAISE:TypeError;RAISE:TypeError;RAISE:TypeError;RAISE:TypeError;RAISE:TypeError;RAISE:TypeError;RAISE:TypeError;RAISE:TypeError;RAISE:TypeError;RAISE:TypeError;RAISE:TypeError;RAISE:TypeError;RAISE:TypeError;RAISE:TypeError;RAISE:TypeError;RAISE:TypeError;RAISE:TypeError;RAISE:TypeError;RAISE:TypeError;RAISE:TypeError;RAISE:TypeError;RAISE:TypeError;RAISE:TypeError;RAISE:TypeError;RAISE:TypeError;RAISE:TypeError;RAISE:TypeError;RAISE:TypeError;RAISE:TypeError;RAISE:TypeError;RAISE:TypeError;RAISE:TypeError;RAISE:TypeError;RAISE:TypeError;RAISE:TypeError;RAISE:TypeError;RAISE:TypeError;RAISE:TypeError;RAISE:TypeError;RAISE:TypeError;RAISE:TypeError;RAISE:TypeError;RAISE:TypeError;RAISE:TypeError;RAISE:TypeError;RAISE:TypeError;RAISE:TypeError;RAISE:TypeError;RAISE:TypeError;RAISE:TypeError;RAISE:TypeError;RAISE:TypeError;RAISE:TypeError,0,272,0,"fractional/L1/16:-max_finite,-1.5,-1.0,-(1.0-1ulp),-0.0,+0.0,+min_subnormal,+min_normal,1.0-1ulp,1.0,1.0+1ulp,1.5,pi,2^53,max_finite,0.1","whole/L1/17:-2^63,-2^63+1,-2^53-1,-2^31,-42,-1,0,1,7,42,1000,2^31-1,2^31,2^53-1,2^53+1,2^63-1,2^64-1"
A24_7_5,1,fractional|whole,Decimal,c_int64,"fractional/L1/16:-max_finite,-1.5,-1.0,-(1.0-1ulp),-0.0,+0.0,+min_subnormal,+min_normal,1.0-1ulp,1.0,1.0+1ulp,1.5,pi,2^53,max_finite,0.1","whole/L1/17:-2^63,-2^63+1,-2^53-1,-2^31,-42,-1,0,1,7,42,1000,2^31-1,2^31,2^53-1,2^53+1,2^63-1,2^64-1",272,RAISE:TypeError;RAISE:TypeError;RAISE:TypeError;RAISE:TypeError;RAISE:TypeError;RAISE:TypeError;RAISE:TypeError;RAISE:TypeError;RAISE:TypeError;RAISE:TypeError;RAISE:TypeError;RAISE:TypeError;RAISE:TypeError;RAISE:TypeError;RAISE:TypeError;RAISE:TypeError;UNREPRESENTABLE;RAISE:TypeError;RAISE:TypeError;RAISE:TypeError;RAISE:TypeError;RAISE:TypeError;RAISE:TypeError;RAISE:TypeError;RAISE:TypeError;RAISE:TypeError;RAISE:TypeError;RAISE:TypeError;RAISE:TypeError;RAISE:TypeError;RAISE:TypeError;RAISE:TypeError;RAISE:TypeError;UNREPRESENTABLE;RAISE:TypeError;RAISE:TypeError;RAISE:TypeError;RAISE:TypeError;RAISE:TypeError;RAISE:TypeError;RAISE:TypeError;RAISE:TypeError;RAISE:TypeError;RAISE:TypeError;RAISE:TypeError;RAISE:TypeError;RAISE:TypeError;RAISE:TypeError;RAISE:TypeError;RAISE:TypeError;UNREPRESENTABLE;RAISE:TypeError;RAISE:TypeError;RAISE:TypeError;RAISE:TypeError;RAISE:TypeError;RAISE:TypeError;RAISE:TypeError;RAISE:TypeError;RAISE:TypeError;RAISE:TypeError;RAISE:TypeError;RAISE:TypeError;RAISE:TypeError;RAISE:TypeError;RAISE:TypeError;RAISE:TypeError;UNREPRESENTABLE;RAISE:TypeError;RAISE:TypeError;RAISE:TypeError;RAISE:TypeError;RAISE:TypeError;RAISE:TypeError;RAISE:TypeError;RAISE:TypeError;RAISE:TypeError;RAISE:TypeError;RAISE:TypeError;RAISE:TypeError;RAISE:TypeError;RAISE:TypeError;RAISE:TypeError;RAISE:TypeError;UNREPRESENTABLE;RAISE:TypeError;RAISE:TypeError;RAISE:TypeError;RAISE:TypeError;RAISE:TypeError;RAISE:TypeError;RAISE:TypeError;RAISE:TypeError;RAISE:TypeError;RAISE:TypeError;RAISE:TypeError;RAISE:TypeError;RAISE:TypeError;RAISE:TypeError;RAISE:TypeError;RAISE:TypeError;UNREPRESENTABLE;RAISE:TypeError;RAISE:TypeError;RAISE:TypeError;RAISE:TypeError;RAISE:TypeError;RAISE:TypeError;RAISE:TypeError;RAISE:TypeError;RAISE:TypeError;RAISE:TypeError;RAISE:TypeError;RAISE:TypeError;RAISE:TypeError;RAISE:TypeError;RAISE:TypeError;RAISE:TypeError;UNREPRESENTABLE;RAISE:TypeError;RAISE:TypeError;RAISE:TypeError;RAISE:TypeError;RAISE:TypeError;RAISE:TypeError;RAISE:TypeError;RAISE:TypeError;RAISE:TypeError;RAISE:TypeError;RAISE:TypeError;RAISE:TypeError;RAISE:TypeError;RAISE:TypeError;RAISE:TypeError;RAISE:TypeError;UNREPRESENTABLE;RAISE:TypeError;RAISE:TypeError;RAISE:TypeError;RAISE:TypeError;RAISE:TypeError;RAISE:TypeError;RAISE:TypeError;RAISE:TypeError;RAISE:TypeError;RAISE:TypeError;RAISE:TypeError;RAISE:TypeError;RAISE:TypeError;RAISE:TypeError;RAISE:TypeError;RAISE:TypeError;UNREPRESENTABLE;RAISE:TypeError;RAISE:TypeError;RAISE:TypeError;RAISE:TypeError;RAISE:TypeError;RAISE:TypeError;RAISE:TypeError;RAISE:TypeError;RAISE:TypeError;RAISE:TypeError;RAISE:TypeError;RAISE:TypeError;RAISE:TypeError;RAISE:TypeError;RAISE:TypeError;RAISE:TypeError;UNREPRESENTABLE;RAISE:TypeError;RAISE:TypeError;RAISE:TypeError;RAISE:TypeError;RAISE:TypeError;RAISE:TypeError;RAISE:TypeError;RAISE:TypeError;RAISE:TypeError;RAISE:TypeError;RAISE:TypeError;RAISE:TypeError;RAISE:TypeError;RAISE:TypeError;RAISE:TypeError;RAISE:TypeError;UNREPRESENTABLE;RAISE:TypeError;RAISE:TypeError;RAISE:TypeError;RAISE:TypeError;RAISE:TypeError;RAISE:TypeError;RAISE:TypeError;RAISE:TypeError;RAISE:TypeError;RAISE:TypeError;RAISE:TypeError;RAISE:TypeError;RAISE:TypeError;RAISE:TypeError;RAISE:TypeError;RAISE:TypeError;UNREPRESENTABLE;RAISE:TypeError;RAISE:TypeError;RAISE:TypeError;RAISE:TypeError;RAISE:TypeError;RAISE:TypeError;RAISE:TypeError;RAISE:TypeError;RAISE:TypeError;RAISE:TypeError;RAISE:TypeError;RAISE:TypeError;RAISE:TypeError;RAISE:TypeError;RAISE:TypeError;RAISE:TypeError;UNREPRESENTABLE;RAISE:TypeError;RAISE:TypeError;RAISE:TypeError;RAISE:TypeError;RAISE:TypeError;RAISE:TypeError;RAISE:TypeError;RAISE:TypeError;RAISE:TypeError;RAISE:TypeError;RAISE:TypeError;RAISE:TypeError;RAISE:TypeError;RAISE:TypeError;RAISE:TypeError;RAISE:TypeError;UNREPRESENTABLE;RAISE:TypeError;RAISE:TypeError;RAISE:TypeError;RAISE:TypeError;RAISE:TypeError;RAISE:TypeError;RAISE:TypeError;RAISE:TypeError;RAISE:TypeError;RAISE:TypeError;RAISE:TypeError;RAISE:TypeError;RAISE:TypeError;RAISE:TypeError;RAISE:TypeError;RAISE:TypeError;UNREPRESENTABLE;RAISE:TypeError;RAISE:TypeError;RAISE:TypeError;RAISE:TypeError;RAISE:TypeError;RAISE:TypeError;RAISE:TypeError;RAISE:TypeError;RAISE:TypeError;RAISE:TypeError;RAISE:TypeError;RAISE:TypeError;RAISE:TypeError;RAISE:TypeError;RAISE:TypeError;RAISE:TypeError;UNREPRESENTABLE,0,256,16,"fractional/L1/16:-max_finite,-1.5,-1.0,-(1.0-1ulp),-0.0,+0.0,+min_subnormal,+min_normal,1.0-1ulp,1.0,1.0+1ulp,1.5,pi,2^53,max_finite,0.1","whole/L1/16:-2^63,-2^63+1,-2^53-1,-2^31,-42,-1,0,1,7,42,1000,2^31-1,2^31,2^53-1,2^53+1,2^63-1"
A24_7_6,1,fractional|fractional,Decimal,float,"fractional/L1/16:-max_finite,-1.5,-1.0,-(1.0-1ulp),-0.0,+0.0,+min_subnormal,+min_normal,1.0-1ulp,1.0,1.0+1ulp,1.5,pi,2^53,max_finite,0.1","fractional/L1/16:-max_finite,-1.5,-1.0,-(1.0-1ulp),-0.0,+0.0,+min_subnormal,+min_normal,1.0-1ulp,1.0,1.0+1ulp,1.5,pi,2^53,max_finite,0.1",256,RAISE:TypeError;RAISE:TypeError;RAISE:TypeError;RAISE:TypeError;RAISE:TypeError;RAISE:TypeError;RAISE:TypeError;RAISE:TypeError;RAISE:TypeError;RAISE:TypeError;RAISE:TypeError;RAISE:TypeError;RAISE:TypeError;RAISE:TypeError;RAISE:TypeError;RAISE:TypeError;RAISE:TypeError;RAISE:TypeError;RAISE:TypeError;RAISE:TypeError;RAISE:TypeError;RAISE:TypeError;RAISE:TypeError;RAISE:TypeError;RAISE:TypeError;RAISE:TypeError;RAISE:TypeError;RAISE:TypeError;RAISE:TypeError;RAISE:TypeError;RAISE:TypeError;RAISE:TypeError;RAISE:TypeError;RAISE:TypeError;RAISE:TypeError;RAISE:TypeError;RAISE:TypeError;RAISE:TypeError;RAISE:TypeError;RAISE:TypeError;RAISE:TypeError;RAISE:TypeError;RAISE:TypeError;RAISE:TypeError;RAISE:TypeError;RAISE:TypeError;RAISE:TypeError;RAISE:TypeError;RAISE:TypeError;RAISE:TypeError;RAISE:TypeError;RAISE:TypeError;RAISE:TypeError;RAISE:TypeError;RAISE:TypeError;RAISE:TypeError;RAISE:TypeError;RAISE:TypeError;RAISE:TypeError;RAISE:TypeError;RAISE:TypeError;RAISE:TypeError;RAISE:TypeError;RAISE:TypeError;RAISE:TypeError;RAISE:TypeError;RAISE:TypeError;RAISE:TypeError;RAISE:TypeError;RAISE:TypeError;RAISE:TypeError;RAISE:TypeError;RAISE:TypeError;RAISE:TypeError;RAISE:TypeError;RAISE:TypeError;RAISE:TypeError;RAISE:TypeError;RAISE:TypeError;RAISE:TypeError;RAISE:TypeError;RAISE:TypeError;RAISE:TypeError;RAISE:TypeError;RAISE:TypeError;RAISE:TypeError;RAISE:TypeError;RAISE:TypeError;RAISE:TypeError;RAISE:TypeError;RAISE:TypeError;RAISE:TypeError;RAISE:TypeError;RAISE:TypeError;RAISE:TypeError;RAISE:TypeError;RAISE:TypeError;RAISE:TypeError;RAISE:TypeError;RAISE:TypeError;RAISE:TypeError;RAISE:TypeError;RAISE:TypeError;RAISE:TypeError;RAISE:TypeError;RAISE:TypeError;RAISE:TypeError;RAISE:TypeError;RAISE:TypeError;RAISE:TypeError;RAISE:TypeError;RAISE:TypeError;RAISE:TypeError;RAISE:TypeError;RAISE:TypeError;RAISE:TypeError;RAISE:TypeError;RAISE:TypeError;RAISE:TypeError;RAISE:TypeError;RAISE:TypeError;RAISE:TypeError;RAISE:TypeError;RAISE:TypeError;RAISE:TypeError;RAISE:TypeError;RAISE:TypeError;RAISE:TypeError;RAISE:TypeError;RAISE:TypeError;RAISE:TypeError;RAISE:TypeError;RAISE:TypeError;RAISE:TypeError;RAISE:TypeError;RAISE:TypeError;RAISE:TypeError;RAISE:TypeError;RAISE:TypeError;RAISE:TypeError;RAISE:TypeError;RAISE:TypeError;RAISE:TypeError;RAISE:TypeError;RAISE:TypeError;RAISE:TypeError;RAISE:TypeError;RAISE:TypeError;RAISE:TypeError;RAISE:TypeError;RAISE:TypeError;RAISE:TypeError;RAISE:TypeError;RAISE:TypeError;RAISE:TypeError;RAISE:TypeError;RAISE:TypeError;RAISE:TypeError;RAISE:TypeError;RAISE:TypeError;RAISE:TypeError;RAISE:TypeError;RAISE:TypeError;RAISE:TypeError;RAISE:TypeError;RAISE:TypeError;RAISE:TypeError;RAISE:TypeError;RAISE:TypeError;RAISE:TypeError;RAISE:TypeError;RAISE:TypeError;RAISE:TypeError;RAISE:TypeError;RAISE:TypeError;RAISE:TypeError;RAISE:TypeError;RAISE:TypeError;RAISE:TypeError;RAISE:TypeError;RAISE:TypeError;RAISE:TypeError;RAISE:TypeError;RAISE:TypeError;RAISE:TypeError;RAISE:TypeError;RAISE:TypeError;RAISE:TypeError;RAISE:TypeError;RAISE:TypeError;RAISE:TypeError;RAISE:TypeError;RAISE:TypeError;RAISE:TypeError;RAISE:TypeError;RAISE:TypeError;RAISE:TypeError;RAISE:TypeError;RAISE:TypeError;RAISE:TypeError;RAISE:TypeError;RAISE:TypeError;RAISE:TypeError;RAISE:TypeError;RAISE:TypeError;RAISE:TypeError;RAISE:TypeError;RAISE:TypeError;RAISE:TypeError;RAISE:TypeError;RAISE:TypeError;RAISE:TypeError;RAISE:TypeError;RAISE:TypeError;RAISE:TypeError;RAISE:TypeError;RAISE:TypeError;RAISE:TypeError;RAISE:TypeError;RAISE:TypeError;RAISE:TypeError;RAISE:TypeError;RAISE:TypeError;RAISE:TypeError;RAISE:TypeError;RAISE:TypeError;RAISE:TypeError;RAISE:TypeError;RAISE:TypeError;RAISE:TypeError;RAISE:TypeError;RAISE:TypeError;RAISE:TypeError;RAISE:TypeError;RAISE:TypeError;RAISE:TypeError;RAISE:TypeError;RAISE:TypeError;RAISE:TypeError;RAISE:TypeError;RAISE:TypeError;RAISE:TypeError;RAISE:TypeError;RAISE:TypeError;RAISE:TypeError;RAISE:TypeError;RAISE:TypeError;RAISE:TypeError;RAISE:TypeError;RAISE:TypeError;RAISE:TypeError;RAISE:TypeError;RAISE:TypeError;RAISE:TypeError;RAISE:TypeError;RAISE:TypeError,0,256,0,"fractional/L1/16:-max_finite,-1.5,-1.0,-(1.0-1ulp),-0.0,+0.0,+min_subnormal,+min_normal,1.0-1ulp,1.0,1.0+1ulp,1.5,pi,2^53,max_finite,0.1","fractional/L1/16:-max_finite,-1.5,-1.0,-(1.0-1ulp),-0.0,+0.0,+min_subnormal,+min_normal,1.0-1ulp,1.0,1.0+1ulp,1.5,pi,2^53,max_finite,0.1"
A24_7_7,1,fractional|fractional,Decimal,Decimal,"fractional/L1/16:-max_finite,-1.5,-1.0,-(1.0-1ulp),-0.0,+0.0,+min_subnormal,+min_normal,1.0-1ulp,1.0,1.0+1ulp,1.5,pi,2^53,max_finite,0.1","fractional/L1/16:-max_finite,-1.5,-1.0,-(1.0-1ulp),-0.0,+0.0,+min_subnormal,+min_normal,1.0-1ulp,1.0,1.0+1ulp,1.5,pi,2^53,max_finite,0.1",256,RAISE:TypeError;RAISE:TypeError;RAISE:TypeError;RAISE:TypeError;RAISE:TypeError;RAISE:TypeError;RAISE:TypeError;RAISE:TypeError;RAISE:TypeError;RAISE:TypeError;RAISE:TypeError;RAISE:TypeError;RAISE:TypeError;RAISE:TypeError;RAISE:TypeError;RAISE:TypeError;RAISE:TypeError;RAISE:TypeError;RAISE:TypeError;RAISE:TypeError;RAISE:TypeError;RAISE:TypeError;RAISE:TypeError;RAISE:TypeError;RAISE:TypeError;RAISE:TypeError;RAISE:TypeError;RAISE:TypeError;RAISE:TypeError;RAISE:TypeError;RAISE:TypeError;RAISE:TypeError;RAISE:TypeError;RAISE:TypeError;RAISE:TypeError;RAISE:TypeError;RAISE:TypeError;RAISE:TypeError;RAISE:TypeError;RAISE:TypeError;RAISE:TypeError;RAISE:TypeError;RAISE:TypeError;RAISE:TypeError;RAISE:TypeError;RAISE:TypeError;RAISE:TypeError;RAISE:TypeError;RAISE:TypeError;RAISE:TypeError;RAISE:TypeError;RAISE:TypeError;RAISE:TypeError;RAISE:TypeError;RAISE:TypeError;RAISE:TypeError;RAISE:TypeError;RAISE:TypeError;RAISE:TypeError;RAISE:TypeError;RAISE:TypeError;RAISE:TypeError;RAISE:TypeError;RAISE:TypeError;RAISE:TypeError;RAISE:TypeError;RAISE:TypeError;RAISE:TypeError;RAISE:TypeError;RAISE:TypeError;RAISE:TypeError;RAISE:TypeError;RAISE:TypeError;RAISE:TypeError;RAISE:TypeError;RAISE:TypeError;RAISE:TypeError;RAISE:TypeError;RAISE:TypeError;RAISE:TypeError;RAISE:TypeError;RAISE:TypeError;RAISE:TypeError;RAISE:TypeError;RAISE:TypeError;RAISE:TypeError;RAISE:TypeError;RAISE:TypeError;RAISE:TypeError;RAISE:TypeError;RAISE:TypeError;RAISE:TypeError;RAISE:TypeError;RAISE:TypeError;RAISE:TypeError;RAISE:TypeError;RAISE:TypeError;RAISE:TypeError;RAISE:TypeError;RAISE:TypeError;RAISE:TypeError;RAISE:TypeError;RAISE:TypeError;RAISE:TypeError;RAISE:TypeError;RAISE:TypeError;RAISE:TypeError;RAISE:TypeError;RAISE:TypeError;RAISE:TypeError;RAISE:TypeError;RAISE:TypeError;RAISE:TypeError;RAISE:TypeError;RAISE:TypeError;RAISE:TypeError;RAISE:TypeError;RAISE:TypeError;RAISE:TypeError;RAISE:TypeError;RAISE:TypeError;RAISE:TypeError;RAISE:TypeError;RAISE:TypeError;RAISE:TypeError;RAISE:TypeError;RAISE:TypeError;RAISE:TypeError;RAISE:TypeError;RAISE:TypeError;RAISE:TypeError;RAISE:TypeError;RAISE:TypeError;RAISE:TypeError;RAISE:TypeError;RAISE:TypeError;RAISE:TypeError;RAISE:TypeError;RAISE:TypeError;RAISE:TypeError;RAISE:TypeError;RAISE:TypeError;RAISE:TypeError;RAISE:TypeError;RAISE:TypeError;RAISE:TypeError;RAISE:TypeError;RAISE:TypeError;RAISE:TypeError;RAISE:TypeError;RAISE:TypeError;RAISE:TypeError;RAISE:TypeError;RAISE:TypeError;RAISE:TypeError;RAISE:TypeError;RAISE:TypeError;RAISE:TypeError;RAISE:TypeError;RAISE:TypeError;RAISE:TypeError;RAISE:TypeError;RAISE:TypeError;RAISE:TypeError;RAISE:TypeError;RAISE:TypeError;RAISE:TypeError;RAISE:TypeError;RAISE:TypeError;RAISE:TypeError;RAISE:TypeError;RAISE:TypeError;RAISE:TypeError;RAISE:TypeError;RAISE:TypeError;RAISE:TypeError;RAISE:TypeError;RAISE:TypeError;RAISE:TypeError;RAISE:TypeError;RAISE:TypeError;RAISE:TypeError;RAISE:TypeError;RAISE:TypeError;RAISE:TypeError;RAISE:TypeError;RAISE:TypeError;RAISE:TypeError;RAISE:TypeError;RAISE:TypeError;RAISE:TypeError;RAISE:TypeError;RAISE:TypeError;RAISE:TypeError;RAISE:TypeError;RAISE:TypeError;RAISE:TypeError;RAISE:TypeError;RAISE:TypeError;RAISE:TypeError;RAISE:TypeError;RAISE:TypeError;RAISE:TypeError;RAISE:TypeError;RAISE:TypeError;RAISE:TypeError;RAISE:TypeError;RAISE:TypeError;RAISE:TypeError;RAISE:TypeError;RAISE:TypeError;RAISE:TypeError;RAISE:TypeError;RAISE:TypeError;RAISE:TypeError;RAISE:TypeError;RAISE:TypeError;RAISE:TypeError;RAISE:TypeError;RAISE:TypeError;RAISE:TypeError;RAISE:TypeError;RAISE:TypeError;RAISE:TypeError;RAISE:TypeError;RAISE:TypeError;RAISE:TypeError;RAISE:TypeError;RAISE:TypeError;RAISE:TypeError;RAISE:TypeError;RAISE:TypeError;RAISE:TypeError;RAISE:TypeError;RAISE:TypeError;RAISE:TypeError;RAISE:TypeError;RAISE:TypeError;RAISE:TypeError;RAISE:TypeError;RAISE:TypeError;RAISE:TypeError;RAISE:TypeError;RAISE:TypeError;RAISE:TypeError;RAISE:TypeError;RAISE:TypeError;RAISE:TypeError;RAISE:TypeError;RAISE:TypeError;RAISE:TypeError;RAISE:TypeError;RAISE:TypeError;RAISE:TypeError;RAISE:TypeError;RAISE:TypeError,0,256,0,"fractional/L1/16:-max_finite,-1.5,-1.0,-(1.0-1ulp),-0.0,+0.0,+min_subnormal,+min_normal,1.0-1ulp,1.0,1.0+1ulp,1.5,pi,2^53,max_finite,0.1","fractional/L1/16:-max_finite,-1.5,-1.0,-(1.0-1ulp),-0.0,+0.0,+min_subnormal,+min_normal,1.0-1ulp,1.0,1.0+1ulp,1.5,pi,2^53,max_finite,0.1"
A24_7_8,1,fractional|fractional,Decimal,Fraction,"fractional/L1/16:-max_finite,-1.5,-1.0,-(1.0-1ulp),-0.0,+0.0,+min_subnormal,+min_normal,1.0-1ulp,1.0,1.0+1ulp,1.5,pi,2^53,max_finite,0.1","fractional/L1/16:-max_finite,-1.5,-1.0,-(1.0-1ulp),-0.0,+0.0,+min_subnormal,+min_normal,1.0-1ulp,1.0,1.0+1ulp,1.5,pi,2^53,max_finite,0.1",256,RAISE:TypeError;RAISE:TypeError;RAISE:TypeError;RAISE:TypeError;UNREPRESENTABLE;RAISE:TypeError;RAISE:TypeError;RAISE:TypeError;RAISE:TypeError;RAISE:TypeError;RAISE:TypeError;RAISE:TypeError;RAISE:TypeError;RAISE:TypeError;RAISE:TypeError;RAISE:TypeError;RAISE:TypeError;RAISE:TypeError;RAISE:TypeError;RAISE:TypeError;UNREPRESENTABLE;RAISE:TypeError;RAISE:TypeError;RAISE:TypeError;RAISE:TypeError;RAISE:TypeError;RAISE:TypeError;RAISE:TypeError;RAISE:TypeError;RAISE:TypeError;RAISE:TypeError;RAISE:TypeError;RAISE:TypeError;RAISE:TypeError;RAISE:TypeError;RAISE:TypeError;UNREPRESENTABLE;RAISE:TypeError;RAISE:TypeError;RAISE:TypeError;RAISE:TypeError;RAISE:TypeError;RAISE:TypeError;RAISE:TypeError;RAISE:TypeError;RAISE:TypeError;RAISE:TypeError;RAISE:TypeError;RAISE:TypeError;RAISE:TypeError;RAISE:TypeError;RAISE:TypeError;UNREPRESENTABLE;RAISE:TypeError;RAISE:TypeError;RAISE:TypeError;RAISE:TypeError;RAISE:TypeError;RAISE:TypeError;RAISE:TypeError;RAISE:TypeError;RAISE:TypeError;RAISE:TypeError;RAISE:TypeError;RAISE:TypeError;RAISE:TypeError;RAISE:TypeError;RAISE:TypeError;UNREPRESENTABLE;RAISE:TypeError;RAISE:TypeError;RAISE:TypeError;RAISE:TypeError;RAISE:TypeError;RAISE:TypeError;RAISE:TypeError;RAISE:TypeError;RAISE:TypeError;RAISE:TypeError;RAISE:TypeError;RAISE:TypeError;RAISE:TypeError;RAISE:TypeError;RAISE:TypeError;UNREPRESENTABLE;RAISE:TypeError;RAISE:TypeError;RAISE:TypeError;RAISE:TypeError;RAISE:TypeError;RAISE:TypeError;RAISE:TypeError;RAISE:TypeError;RAISE:TypeError;RAISE:TypeError;RAISE:TypeError;RAISE:TypeError;RAISE:TypeError;RAISE:TypeError;RAISE:TypeError;UNREPRESENTABLE;RAISE:TypeError;RAISE:TypeError;RAISE:TypeError;RAISE:TypeError;RAISE:TypeError;RAISE:TypeError;RAISE:TypeError;RAISE:TypeError;RAISE:TypeError;RAISE:TypeError;RAISE:TypeError;RAISE:TypeError;RAISE:TypeError;RAISE:TypeError;RAISE:TypeError;UNREPRESENTABLE;RAISE:TypeError;RAISE:TypeError;RAISE:TypeError;RAISE:TypeError;RAISE:TypeError;RAISE:TypeError;RAISE:TypeError;RAISE:TypeError;RAISE:TypeError;RAISE:TypeError;RAISE:TypeError;RAISE:TypeError;RAISE:TypeError;RAISE:TypeError;RAISE:TypeError;UNREPRESENTABLE;RAISE:TypeError;RAISE:TypeError;RAISE:TypeError;RAISE:TypeError;RAISE:TypeError;RAISE:TypeError;RAISE:TypeError;RAISE:TypeError;RAISE:TypeError;RAISE:TypeError;RAISE:TypeError;RAISE:TypeError;RAISE:TypeError;RAISE:TypeError;RAISE:TypeError;UNREPRESENTABLE;RAISE:TypeError;RAISE:TypeError;RAISE:TypeError;RAISE:TypeError;RAISE:TypeError;RAISE:TypeError;RAISE:TypeError;RAISE:TypeError;RAISE:TypeError;RAISE:TypeError;RAISE:TypeError;RAISE:TypeError;RAISE:TypeError;RAISE:TypeError;RAISE:TypeError;UNREPRESENTABLE;RAISE:TypeError;RAISE:TypeError;RAISE:TypeError;RAISE:TypeError;RAISE:TypeError;RAISE:TypeError;RAISE:TypeError;RAISE:TypeError;RAISE:TypeError;RAISE:TypeError;RAISE:TypeError;RAISE:TypeError;RAISE:TypeError;RAISE:TypeError;RAISE:TypeError;UNREPRESENTABLE;RAISE:TypeError;RAISE:TypeError;RAISE:TypeError;RAISE:TypeError;RAISE:TypeError;RAISE:TypeError;RAISE:TypeError;RAISE:TypeError;RAISE:TypeError;RAISE:TypeError;RAISE:TypeError;RAISE:TypeError;RAISE:TypeError;RAISE:TypeError;RAISE:TypeError;UNREPRESENTABLE;RAISE:TypeError;RAISE:TypeError;RAISE:TypeError;RAISE:TypeError;RAISE:TypeError;RAISE:TypeError;RAISE:TypeError;RAISE:TypeError;RAISE:TypeError;RAISE:TypeError;RAISE:TypeError;RAISE:TypeError;RAISE:TypeError;RAISE:TypeError;RAISE:TypeError;UNREPRESENTABLE;RAISE:TypeError;RAISE:TypeError;RAISE:TypeError;RAISE:TypeError;RAISE:TypeError;RAISE:TypeError;RAISE:TypeError;RAISE:TypeError;RAISE:TypeError;RAISE:TypeError;RAISE:TypeError;RAISE:TypeError;RAISE:TypeError;RAISE:TypeError;RAISE:TypeError;UNREPRESENTABLE;RAISE:TypeError;RAISE:TypeError;RAISE:TypeError;RAISE:TypeError;RAISE:TypeError;RAISE:TypeError;RAISE:TypeError;RAISE:TypeError;RAISE:TypeError;RAISE:TypeError;RAISE:TypeError;RAISE:TypeError;RAISE:TypeError;RAISE:TypeError;RAISE:TypeError;UNREPRESENTABLE;RAISE:TypeError;RAISE:TypeError;RAISE:TypeError;RAISE:TypeError;RAISE:TypeError;RAISE:TypeError;RAISE:TypeError;RAISE:TypeError;RAISE:TypeError;RAISE:TypeError;RAISE:TypeError,0,240,16,"fractional/L1/16:-max_finite,-1.5,-1.0,-(1.0-1ulp),-0.0,+0.0,+min_subnormal,+min_normal,1.0-1ulp,1.0,1.0+1ulp,1.5,pi,2^53,max_finite,0.1","fractional/L1/15:-max_finite,-1.5,-1.0,-(1.0-1ulp),+0.0,+min_subnormal,+min_normal,1.0-1ulp,1.0,1.0+1ulp,1.5,pi,2^53,max_finite,0.1"
A24_8_1,1,fractional|truth,Fraction,bool,"fractional/L1/16:-max_finite,-1.5,-1.0,-(1.0-1ulp),-0.0,+0.0,+min_subnormal,+min_normal,1.0-1ulp,1.0,1.0+1ulp,1.5,pi,2^53,max_finite,0.1","truth/L1/6:true,false,0,1,"""",nil",96,RAISE:TypeError;RAISE:TypeError;RAISE:TypeError;RAISE:TypeError;RAISE:TypeError;RAISE:TypeError;RAISE:TypeError;RAISE:TypeError;RAISE:TypeError;RAISE:TypeError;RAISE:TypeError;RAISE:TypeError;RAISE:TypeError;RAISE:TypeError;RAISE:TypeError;RAISE:TypeError;RAISE:TypeError;RAISE:TypeError;RAISE:TypeError;RAISE:TypeError;RAISE:TypeError;RAISE:TypeError;RAISE:TypeError;RAISE:TypeError;UNREPRESENTABLE;UNREPRESENTABLE;UNREPRESENTABLE;UNREPRESENTABLE;UNREPRESENTABLE;UNREPRESENTABLE;RAISE:TypeError;RAISE:TypeError;RAISE:TypeError;RAISE:TypeError;RAISE:TypeError;RAISE:TypeError;RAISE:TypeError;RAISE:TypeError;RAISE:TypeError;RAISE:TypeError;RAISE:TypeError;RAISE:TypeError;RAISE:TypeError;RAISE:TypeError;RAISE:TypeError;RAISE:TypeError;RAISE:TypeError;RAISE:TypeError;RAISE:TypeError;RAISE:TypeError;RAISE:TypeError;RAISE:TypeError;RAISE:TypeError;RAISE:TypeError;RAISE:TypeError;RAISE:TypeError;RAISE:TypeError;RAISE:TypeError;RAISE:TypeError;RAISE:TypeError;RAISE:TypeError;RAISE:TypeError;RAISE:TypeError;RAISE:TypeError;RAISE:TypeError;RAISE:TypeError;RAISE:TypeError;RAISE:TypeError;RAISE:TypeError;RAISE:TypeError;RAISE:TypeError;RAISE:TypeError;RAISE:TypeError;RAISE:TypeError;RAISE:TypeError;RAISE:TypeError;RAISE:TypeError;RAISE:TypeError;RAISE:TypeError;RAISE:TypeError;RAISE:TypeError;RAISE:TypeError;RAISE:TypeError;RAISE:TypeError;RAISE:TypeError;RAISE:TypeError;RAISE:TypeError;RAISE:TypeError;RAISE:TypeError;RAISE:TypeError;RAISE:TypeError;RAISE:TypeError;RAISE:TypeError;RAISE:TypeError;RAISE:TypeError;RAISE:TypeError,0,90,6,"fractional/L1/15:-max_finite,-1.5,-1.0,-(1.0-1ulp),+0.0,+min_subnormal,+min_normal,1.0-1ulp,1.0,1.0+1ulp,1.5,pi,2^53,max_finite,0.1","truth/L1/6:true,false,0,1,"""",nil"
A24_8_2,1,fractional|whole,Fraction,int,"fractional/L1/16:-max_finite,-1.5,-1.0,-(1.0-1ulp),-0.0,+0.0,+min_subnormal,+min_normal,1.0-1ulp,1.0,1.0+1ulp,1.5,pi,2^53,max_finite,0.1","whole/L1/17:-2^63,-2^63+1,-2^53-1,-2^31,-42,-1,0,1,7,42,1000,2^31-1,2^31,2^53-1,2^53+1,2^63-1,2^64-1",272,RAISE:TypeError;RAISE:TypeError;RAISE:TypeError;RAISE:TypeError;RAISE:TypeError;RAISE:TypeError;RAISE:TypeError;RAISE:TypeError;RAISE:TypeError;RAISE:TypeError;RAISE:TypeError;RAISE:TypeError;RAISE:TypeError;RAISE:TypeError;RAISE:TypeError;RAISE:TypeError;RAISE:TypeError;RAISE:TypeError;RAISE:TypeError;RAISE:TypeError;RAISE:TypeError;RAISE:TypeError;RAISE:TypeError;RAISE:TypeError;RAISE:TypeError;RAISE:TypeError;RAISE:TypeError;RAISE:TypeError;RAISE:TypeError;RAISE:TypeError;RAISE:TypeError;RAISE:TypeError;RAISE:TypeError;RAISE:TypeError;RAISE:TypeError;RAISE:TypeError;RAISE:TypeError;RAISE:TypeError;RAISE:TypeError;RAISE:TypeError;RAISE:TypeError;RAISE:TypeError;RAISE:TypeError;RAISE:TypeError;RAISE:TypeError;RAISE:TypeError;RAISE:TypeError;RAISE:TypeError;RAISE:TypeError;RAISE:TypeError;RAISE:TypeError;RAISE:TypeError;RAISE:TypeError;RAISE:TypeError;RAISE:TypeError;RAISE:TypeError;RAISE:TypeError;RAISE:TypeError;RAISE:TypeError;RAISE:TypeError;RAISE:TypeError;RAISE:TypeError;RAISE:TypeError;RAISE:TypeError;RAISE:TypeError;RAISE:TypeError;RAISE:TypeError;RAISE:TypeError;UNREPRESENTABLE;UNREPRESENTABLE;UNREPRESENTABLE;UNREPRESENTABLE;UNREPRESENTABLE;UNREPRESENTABLE;UNREPRESENTABLE;UNREPRESENTABLE;UNREPRESENTABLE;UNREPRESENTABLE;UNREPRESENTABLE;UNREPRESENTABLE;UNREPRESENTABLE;UNREPRESENTABLE;UNREPRESENTABLE;UNREPRESENTABLE;UNREPRESENTABLE;RAISE:TypeError;RAISE:TypeError;RAISE:TypeError;RAISE:TypeError;RAISE:TypeError;RAISE:TypeError;RAISE:TypeError;RAISE:TypeError;RAISE:TypeError;RAISE:TypeError;RAISE:TypeError;RAISE:TypeError;RAISE:TypeError;RAISE:TypeError;RAISE:TypeError;RAISE:TypeError;RAISE:TypeError;RAISE:TypeError;RAISE:TypeError;RAISE:TypeError;RAISE:TypeError;RAISE:TypeError;RAISE:TypeError;RAISE:TypeError;RAISE:TypeError;RAISE:TypeError;RAISE:TypeError;RAISE:TypeError;RAISE:TypeError;RAISE:TypeError;RAISE:TypeError;RAISE:TypeError;RAISE:TypeError;RAISE:TypeError;RAISE:TypeError;RAISE:TypeError;RAISE:TypeError;RAISE:TypeError;RAISE:TypeError;RAISE:TypeError;RAISE:TypeError;RAISE:TypeError;RAISE:TypeError;RAISE:TypeError;RAISE:TypeError;RAISE:TypeError;RAISE:TypeError;RAISE:TypeError;RAISE:TypeError;RAISE:TypeError;RAISE:TypeError;RAISE:TypeError;RAISE:TypeError;RAISE:TypeError;RAISE:TypeError;RAISE:TypeError;RAISE:TypeError;RAISE:TypeError;RAISE:TypeError;RAISE:TypeError;RAISE:TypeError;RAISE:TypeError;RAISE:TypeError;RAISE:TypeError;RAISE:TypeError;RAISE:TypeError;RAISE:TypeError;RAISE:TypeError;RAISE:TypeError;RAISE:TypeError;RAISE:TypeError;RAISE:TypeError;RAISE:TypeError;RAISE:TypeError;RAISE:TypeError;RAISE:TypeError;RAISE:TypeError;RAISE:TypeError;RAISE:TypeError;RAISE:TypeError;RAISE:TypeError;RAISE:TypeError;RAISE:TypeError;RAISE:TypeError;RAISE:TypeError;RAISE:TypeError;RAISE:TypeError;RAISE:TypeError;RAISE:TypeError;RAISE:TypeError;RAISE:TypeError;RAISE:TypeError;RAISE:TypeError;RAISE:TypeError;RAISE:TypeError;RAISE:TypeError;RAISE:TypeError;RAISE:TypeError;RAISE:TypeError;RAISE:TypeError;RAISE:TypeError;RAISE:TypeError;RAISE:TypeError;RAISE:TypeError;RAISE:TypeError;RAISE:TypeError;RAISE:TypeError;RAISE:TypeError;RAISE:TypeError;RAISE:TypeError;RAISE:TypeError;RAISE:TypeError;RAISE:TypeError;RAISE:TypeError;RAISE:TypeError;RAISE:TypeError;RAISE:TypeError;RAISE:TypeError;RAISE:TypeError;RAISE:TypeError;RAISE:TypeError;RAISE:TypeError;RAISE:TypeError;RAISE:TypeError;RAISE:TypeError;RAISE:TypeError;RAISE:TypeError;RAISE:TypeError;RAISE:TypeError;RAISE:TypeError;RAISE:TypeError;RAISE:TypeError;RAISE:TypeError;RAISE:TypeError;RAISE:TypeError;RAISE:TypeError;RAISE:TypeError;RAISE:TypeError;RAISE:TypeError;RAISE:TypeError;RAISE:TypeError;RAISE:TypeError;RAISE:TypeError;RAISE:TypeError;RAISE:TypeError;RAISE:TypeError;RAISE:TypeError;RAISE:TypeError;RAISE:TypeError;RAISE:TypeError;RAISE:TypeError;RAISE:TypeError;RAISE:TypeError;RAISE:TypeError;RAISE:TypeError;RAISE:TypeError;RAISE:TypeError;RAISE:TypeError;RAISE:TypeError;RAISE:TypeError;RAISE:TypeError;RAISE:TypeError;RAISE:TypeError;RAISE:TypeError;RAISE:TypeError;RAISE:TypeError;RAISE:TypeError;RAISE:TypeError;RAISE:TypeError;RAISE:TypeError;RAISE:TypeError;RAISE:TypeError;RAISE:TypeError;RAISE:TypeError;RAISE:TypeError;RAISE:TypeError;RAISE:TypeError;RAISE:TypeError;RAISE:TypeError;RAISE:TypeError;RAISE:TypeError;RAISE:TypeError;RAISE:TypeError;RAISE:TypeError;RAISE:TypeError;RAISE:TypeError;RAISE:TypeError,0,255,17,"fractional/L1/15:-max_finite,-1.5,-1.0,-(1.0-1ulp),+0.0,+min_subnormal,+min_normal,1.0-1ulp,1.0,1.0+1ulp,1.5,pi,2^53,max_finite,0.1","whole/L1/17:-2^63,-2^63+1,-2^53-1,-2^31,-42,-1,0,1,7,42,1000,2^31-1,2^31,2^53-1,2^53+1,2^63-1,2^64-1"
A24_8_3,1,fractional|whole,Fraction,Decimal,"fractional/L1/16:-max_finite,-1.5,-1.0,-(1.0-1ulp),-0.0,+0.0,+min_subnormal,+min_normal,1.0-1ulp,1.0,1.0+1ulp,1.5,pi,2^53,max_finite,0.1","whole/L1/17:-2^63,-2^63+1,-2^53-1,-2^31,-42,-1,0,1,7,42,1000,2^31-1,2^31,2^53-1,2^53+1,2^63-1,2^64-1",272,RAISE:TypeError;RAISE:TypeError;RAISE:TypeError;RAISE:TypeError;RAISE:TypeError;RAISE:TypeError;RAISE:TypeError;RAISE:TypeError;RAISE:TypeError;RAISE:TypeError;RAISE:TypeError;RAISE:TypeError;RAISE:TypeError;RAISE:TypeError;RAISE:TypeError;RAISE:TypeError;RAISE:TypeError;RAISE:TypeError;RAISE:TypeError;RAISE:TypeError;RAISE:TypeError;RAISE:TypeError;RAISE:TypeError;RAISE:TypeError;RAISE:TypeError;RAISE:TypeError;RAISE:TypeError;RAISE:TypeError;RAISE:TypeError;RAISE:TypeError;RAISE:TypeError;RAISE:TypeError;RAISE:TypeError;RAISE:TypeError;RAISE:TypeError;RAISE:TypeError;RAISE:TypeError;RAISE:TypeError;RAISE:TypeError;RAISE:TypeError;RAISE:TypeError;RAISE:TypeError;RAISE:TypeError;RAISE:TypeError;RAISE:TypeError;RAISE:TypeError;RAISE:TypeError;RAISE:TypeError;RAISE:TypeError;RAISE:TypeError;RAISE:TypeError;RAISE:TypeError;RAISE:TypeError;RAISE:TypeError;RAISE:TypeError;RAISE:TypeError;RAISE:TypeError;RAISE:TypeError;RAISE:TypeError;RAISE:TypeError;RAISE:TypeError;RAISE:TypeError;RAISE:TypeError;RAISE:TypeError;RAISE:TypeError;RAISE:TypeError;RAISE:TypeError;RAISE:TypeError;UNREPRESENTABLE;UNREPRESENTABLE;UNREPRESENTABLE;UNREPRESENTABLE;UNREPRESENTABLE;UNREPRESENTABLE;UNREPRESENTABLE;UNREPRESENTABLE;UNREPRESENTABLE;UNREPRESENTABLE;UNREPRESENTABLE;UNREPRESENTABLE;UNREPRESENTABLE;UNREPRESENTABLE;UNREPRESENTABLE;UNREPRESENTABLE;UNREPRESENTABLE;RAISE:TypeError;RAISE:TypeError;RAISE:TypeError;RAISE:TypeError;RAISE:TypeError;RAISE:TypeError;RAISE:TypeError;RAISE:TypeError;RAISE:TypeError;RAISE:TypeError;RAISE:TypeError;RAISE:TypeError;RAISE:TypeError;RAISE:TypeError;RAISE:TypeError;RAISE:TypeError;RAISE:TypeError;RAISE:TypeError;RAISE:TypeError;RAISE:TypeError;RAISE:TypeError;RAISE:TypeError;RAISE:TypeError;RAISE:TypeError;RAISE:TypeError;RAISE:TypeError;RAISE:TypeError;RAISE:TypeError;RAISE:TypeError;RAISE:TypeError;RAISE:TypeError;RAISE:TypeError;RAISE:TypeError;RAISE:TypeError;RAISE:TypeError;RAISE:TypeError;RAISE:TypeError;RAISE:TypeError;RAISE:TypeError;RAISE:TypeError;RAISE:TypeError;RAISE:TypeError;RAISE:TypeError;RAISE:TypeError;RAISE:TypeError;RAISE:TypeError;RAISE:TypeError;RAISE:TypeError;RAISE:TypeError;RAISE:TypeError;RAISE:TypeError;RAISE:TypeError;RAISE:TypeError;RAISE:TypeError;RAISE:TypeError;RAISE:TypeError;RAISE:TypeError;RAISE:TypeError;RAISE:TypeError;RAISE:TypeError;RAISE:TypeError;RAISE:TypeError;RAISE:TypeError;RAISE:TypeError;RAISE:TypeError;RAISE:TypeError;RAISE:TypeError;RAISE:TypeError;RAISE:TypeError;RAISE:TypeError;RAISE:TypeError;RAISE:TypeError;RAISE:TypeError;RAISE:TypeError;RAISE:TypeError;RAISE:TypeError;RAISE:TypeError;RAISE:TypeError;RAISE:TypeError;RAISE:TypeError;RAISE:TypeError;RAISE:TypeError;RAISE:TypeError;RAISE:TypeError;RAISE:TypeError;RAISE:TypeError;RAISE:TypeError;RAISE:TypeError;RAISE:TypeError;RAISE:TypeError;RAISE:TypeError;RAISE:TypeError;RAISE:TypeError;RAISE:TypeError;RAISE:TypeError;RAISE:TypeError;RAISE:TypeError;RAISE:TypeError;RAISE:TypeError;RAISE:TypeError;RAISE:TypeError;RAISE:TypeError;RAISE:TypeError;RAISE:TypeError;RAISE:TypeError;RAISE:TypeError;RAISE:TypeError;RAISE:TypeError;RAISE:TypeError;RAISE:TypeError;RAISE:TypeError;RAISE:TypeError;RAISE:TypeError;RAISE:TypeError;RAISE:TypeError;RAISE:TypeError;RAISE:TypeError;RAISE:TypeError;RAISE:TypeError;RAISE:TypeError;RAISE:TypeError;RAISE:TypeError;RAISE:TypeError;RAISE:TypeError;RAISE:TypeError;RAISE:TypeError;RAISE:TypeError;RAISE:TypeError;RAISE:TypeError;RAISE:TypeError;RAISE:TypeError;RAISE:TypeError;RAISE:TypeError;RAISE:TypeError;RAISE:TypeError;RAISE:TypeError;RAISE:TypeError;RAISE:TypeError;RAISE:TypeError;RAISE:TypeError;RAISE:TypeError;RAISE:TypeError;RAISE:TypeError;RAISE:TypeError;RAISE:TypeError;RAISE:TypeError;RAISE:TypeError;RAISE:TypeError;RAISE:TypeError;RAISE:TypeError;RAISE:TypeError;RAISE:TypeError;RAISE:TypeError;RAISE:TypeError;RAISE:TypeError;RAISE:TypeError;RAISE:TypeError;RAISE:TypeError;RAISE:TypeError;RAISE:TypeError;RAISE:TypeError;RAISE:TypeError;RAISE:TypeError;RAISE:TypeError;RAISE:TypeError;RAISE:TypeError;RAISE:TypeError;RAISE:TypeError;RAISE:TypeError;RAISE:TypeError;RAISE:TypeError;RAISE:TypeError;RAISE:TypeError;RAISE:TypeError;RAISE:TypeError;RAISE:TypeError;RAISE:TypeError;RAISE:TypeError;RAISE:TypeError;RAISE:TypeError;RAISE:TypeError;RAISE:TypeError;RAISE:TypeError;RAISE:TypeError;RAISE:TypeError;RAISE:TypeError;RAISE:TypeError,0,255,17,"fractional/L1/15:-max_finite,-1.5,-1.0,-(1.0-1ulp),+0.0,+min_subnormal,+min_normal,1.0-1ulp,1.0,1.0+1ulp,1.5,pi,2^53,max_finite,0.1","whole/L1/17:-2^63,-2^63+1,-2^53-1,-2^31,-42,-1,0,1,7,42,1000,2^31-1,2^31,2^53-1,2^53+1,2^63-1,2^64-1"
A24_8_4,1,fractional|whole,Fraction,Fraction,"fractional/L1/16:-max_finite,-1.5,-1.0,-(1.0-1ulp),-0.0,+0.0,+min_subnormal,+min_normal,1.0-1ulp,1.0,1.0+1ulp,1.5,pi,2^53,max_finite,0.1","whole/L1/17:-2^63,-2^63+1,-2^53-1,-2^31,-42,-1,0,1,7,42,1000,2^31-1,2^31,2^53-1,2^53+1,2^63-1,2^64-1",272,RAISE:TypeError;RAISE:TypeError;RAISE:TypeError;RAISE:TypeError;RAISE:TypeError;RAISE:TypeError;RAISE:TypeError;RAISE:TypeError;RAISE:TypeError;RAISE:TypeError;RAISE:TypeError;RAISE:TypeError;RAISE:TypeError;RAISE:TypeError;RAISE:TypeError;RAISE:TypeError;RAISE:TypeError;RAISE:TypeError;RAISE:TypeError;RAISE:TypeError;RAISE:TypeError;RAISE:TypeError;RAISE:TypeError;RAISE:TypeError;RAISE:TypeError;RAISE:TypeError;RAISE:TypeError;RAISE:TypeError;RAISE:TypeError;RAISE:TypeError;RAISE:TypeError;RAISE:TypeError;RAISE:TypeError;RAISE:TypeError;RAISE:TypeError;RAISE:TypeError;RAISE:TypeError;RAISE:TypeError;RAISE:TypeError;RAISE:TypeError;RAISE:TypeError;RAISE:TypeError;RAISE:TypeError;RAISE:TypeError;RAISE:TypeError;RAISE:TypeError;RAISE:TypeError;RAISE:TypeError;RAISE:TypeError;RAISE:TypeError;RAISE:TypeError;RAISE:TypeError;RAISE:TypeError;RAISE:TypeError;RAISE:TypeError;RAISE:TypeError;RAISE:TypeError;RAISE:TypeError;RAISE:TypeError;RAISE:TypeError;RAISE:TypeError;RAISE:TypeError;RAISE:TypeError;RAISE:TypeError;RAISE:TypeError;RAISE:TypeError;RAISE:TypeError;RAISE:TypeError;UNREPRESENTABLE;UNREPRESENTABLE;UNREPRESENTABLE;UNREPRESENTABLE;UNREPRESENTABLE;UNREPRESENTABLE;UNREPRESENTABLE;UNREPRESENTABLE;UNREPRESENTABLE;UNREPRESENTABLE;UNREPRESENTABLE;UNREPRESENTABLE;UNREPRESENTABLE;UNREPRESENTABLE;UNREPRESENTABLE;UNREPRESENTABLE;UNREPRESENTABLE;RAISE:TypeError;RAISE:TypeError;RAISE:TypeError;RAISE:TypeError;RAISE:TypeError;RAISE:TypeError;RAISE:TypeError;RAISE:TypeError;RAISE:TypeError;RAISE:TypeError;RAISE:TypeError;RAISE:TypeError;RAISE:TypeError;RAISE:TypeError;RAISE:TypeError;RAISE:TypeError;RAISE:TypeError;RAISE:TypeError;RAISE:TypeError;RAISE:TypeError;RAISE:TypeError;RAISE:TypeError;RAISE:TypeError;RAISE:TypeError;RAISE:TypeError;RAISE:TypeError;RAISE:TypeError;RAISE:TypeError;RAISE:TypeError;RAISE:TypeError;RAISE:TypeError;RAISE:TypeError;RAISE:TypeError;RAISE:TypeError;RAISE:TypeError;RAISE:TypeError;RAISE:TypeError;RAISE:TypeError;RAISE:TypeError;RAISE:TypeError;RAISE:TypeError;RAISE:TypeError;RAISE:TypeError;RAISE:TypeError;RAISE:TypeError;RAISE:TypeError;RAISE:TypeError;RAISE:TypeError;RAISE:TypeError;RAISE:TypeError;RAISE:TypeError;RAISE:TypeError;RAISE:TypeError;RAISE:TypeError;RAISE:TypeError;RAISE:TypeError;RAISE:TypeError;RAISE:TypeError;RAISE:TypeError;RAISE:TypeError;RAISE:TypeError;RAISE:TypeError;RAISE:TypeError;RAISE:TypeError;RAISE:TypeError;RAISE:TypeError;RAISE:TypeError;RAISE:TypeError;RAISE:TypeError;RAISE:TypeError;RAISE:TypeError;RAISE:TypeError;RAISE:TypeError;RAISE:TypeError;RAISE:TypeError;RAISE:TypeError;RAISE:TypeError;RAISE:TypeError;RAISE:TypeError;RAISE:TypeError;RAISE:TypeError;RAISE:TypeError;RAISE:TypeError;RAISE:TypeError;RAISE:TypeError;RAISE:TypeError;RAISE:TypeError;RAISE:TypeError;RAISE:TypeError;RAISE:TypeError;RAISE:TypeError;RAISE:TypeError;RAISE:TypeError;RAISE:TypeError;RAISE:TypeError;RAISE:TypeError;RAISE:TypeError;RAISE:TypeError;RAISE:TypeError;RAISE:TypeError;RAISE:TypeError;RAISE:TypeError;RAISE:TypeError;RAISE:TypeError;RAISE:TypeError;RAISE:TypeError;RAISE:TypeError;RAISE:TypeError;RAISE:TypeError;RAISE:TypeError;RAISE:TypeError;RAISE:TypeError;RAISE:TypeError;RAISE:TypeError;RAISE:TypeError;RAISE:TypeError;RAISE:TypeError;RAISE:TypeError;RAISE:TypeError;RAISE:TypeError;RAISE:TypeError;RAISE:TypeError;RAISE:TypeError;RAISE:TypeError;RAISE:TypeError;RAISE:TypeError;RAISE:TypeError;RAISE:TypeError;RAISE:TypeError;RAISE:TypeError;RAISE:TypeError;RAISE:TypeError;RAISE:TypeError;RAISE:TypeError;RAISE:TypeError;RAISE:TypeError;RAISE:TypeError;RAISE:TypeError;RAISE:TypeError;RAISE:TypeError;RAISE:TypeError;RAISE:TypeError;RAISE:TypeError;RAISE:TypeError;RAISE:TypeError;RAISE:TypeError;RAISE:TypeError;RAISE:TypeError;RAISE:TypeError;RAISE:TypeError;RAISE:TypeError;RAISE:TypeError;RAISE:TypeError;RAISE:TypeError;RAISE:TypeError;RAISE:TypeError;RAISE:TypeError;RAISE:TypeError;RAISE:TypeError;RAISE:TypeError;RAISE:TypeError;RAISE:TypeError;RAISE:TypeError;RAISE:TypeError;RAISE:TypeError;RAISE:TypeError;RAISE:TypeError;RAISE:TypeError;RAISE:TypeError;RAISE:TypeError;RAISE:TypeError;RAISE:TypeError;RAISE:TypeError;RAISE:TypeError;RAISE:TypeError;RAISE:TypeError;RAISE:TypeError;RAISE:TypeError;RAISE:TypeError;RAISE:TypeError;RAISE:TypeError;RAISE:TypeError;RAISE:TypeError;RAISE:TypeError;RAISE:TypeError;RAISE:TypeError;RAISE:TypeError,0,255,17,"fractional/L1/15:-max_finite,-1.5,-1.0,-(1.0-1ulp),+0.0,+min_subnormal,+min_normal,1.0-1ulp,1.0,1.0+1ulp,1.5,pi,2^53,max_finite,0.1","whole/L1/17:-2^63,-2^63+1,-2^53-1,-2^31,-42,-1,0,1,7,42,1000,2^31-1,2^31,2^53-1,2^53+1,2^63-1,2^64-1"
A24_8_5,1,fractional|whole,Fraction,c_int64,"fractional/L1/16:-max_finite,-1.5,-1.0,-(1.0-1ulp),-0.0,+0.0,+min_subnormal,+min_normal,1.0-1ulp,1.0,1.0+1ulp,1.5,pi,2^53,max_finite,0.1","whole/L1/17:-2^63,-2^63+1,-2^53-1,-2^31,-42,-1,0,1,7,42,1000,2^31-1,2^31,2^53-1,2^53+1,2^63-1,2^64-1",272,RAISE:TypeError;RAISE:TypeError;RAISE:TypeError;RAISE:TypeError;RAISE:TypeError;RAISE:TypeError;RAISE:TypeError;RAISE:TypeError;RAISE:TypeError;RAISE:TypeError;RAISE:TypeError;RAISE:TypeError;RAISE:TypeError;RAISE:TypeError;RAISE:TypeError;RAISE:TypeError;UNREPRESENTABLE;RAISE:TypeError;RAISE:TypeError;RAISE:TypeError;RAISE:TypeError;RAISE:TypeError;RAISE:TypeError;RAISE:TypeError;RAISE:TypeError;RAISE:TypeError;RAISE:TypeError;RAISE:TypeError;RAISE:TypeError;RAISE:TypeError;RAISE:TypeError;RAISE:TypeError;RAISE:TypeError;UNREPRESENTABLE;RAISE:TypeError;RAISE:TypeError;RAISE:TypeError;RAISE:TypeError;RAISE:TypeError;RAISE:TypeError;RAISE:TypeError;RAISE:TypeError;RAISE:TypeError;RAISE:TypeError;RAISE:TypeError;RAISE:TypeError;RAISE:TypeError;RAISE:TypeError;RAISE:TypeError;RAISE:TypeError;UNREPRESENTABLE;RAISE:TypeError;RAISE:TypeError;RAISE:TypeError;RAISE:TypeError;RAISE:TypeError;RAISE:TypeError;RAISE:TypeError;RAISE:TypeError;RAISE:TypeError;RAISE:TypeError;RAISE:TypeError;RAISE:TypeError;RAISE:TypeError;RAISE:TypeError;RAISE:TypeError;RAISE:TypeError;UNREPRESENTABLE;UNREPRESENTABLE;UNREPRESENTABLE;UNREPRESENTABLE;UNREPRESENTABLE;UNREPRESENTABLE;UNREPRESENTABLE;UNREPRESENTABLE;UNREPRESENTABLE;UNREPRESENTABLE;UNREPRESENTABLE;UNREPRESENTABLE;UNREPRESENTABLE;UNREPRESENTABLE;UNREPRESENTABLE;UNREPRESENTABLE;UNREPRESENTABLE;UNREPRESENTABLE;RAISE:TypeError;RAISE:TypeError;RAISE:TypeError;RAISE:TypeError;RAISE:TypeError;RAISE:TypeError;RAISE:TypeError;RAISE:TypeError;RAISE:TypeError;RAISE:TypeError;RAISE:TypeError;RAISE:TypeError;RAISE:TypeError;RAISE:TypeError;RAISE:TypeError;RAISE:TypeError;UNREPRESENTABLE;RAISE:TypeError;RAISE:TypeError;RAISE:TypeError;RAISE:TypeError;RAISE:TypeError;RAISE:TypeError;RAISE:TypeError;RAISE:TypeError;RAISE:TypeError;RAISE:TypeError;RAISE:TypeError;RAISE:TypeError;RAISE:TypeError;RAISE:TypeError;RAISE:TypeError;RAISE:TypeError;UNREPRESENTABLE;RAISE:TypeError;RAISE:TypeError;RAISE:TypeError;RAISE:TypeError;RAISE:TypeError;RAISE:TypeError;RAISE:TypeError;RAISE:TypeError;RAISE:TypeError;RAISE:TypeError;RAISE:TypeError;RAISE:TypeError;RAISE:TypeError;RAISE:TypeError;RAISE:TypeError;RAISE:TypeError;UNREPRESENTABLE;RAISE:TypeError;RAISE:TypeError;RAISE:TypeError;RAISE:TypeError;RAISE:TypeError;RAISE:TypeError;RAISE:TypeError;RAISE:TypeError;RAISE:TypeError;RAISE:TypeError;RAISE:TypeError;RAISE:TypeError;RAISE:TypeError;RAISE:TypeError;RAISE:TypeError;RAISE:TypeError;UNREPRESENTABLE;RAISE:TypeError;RAISE:TypeError;RAISE:TypeError;RAISE:TypeError;RAISE:TypeError;RAISE:TypeError;RAISE:TypeError;RAISE:TypeError;RAISE:TypeError;RAISE:TypeError;RAISE:TypeError;RAISE:TypeError;RAISE:TypeError;RAISE:TypeError;RAISE:TypeError;RAISE:TypeError;UNREPRESENTABLE;RAISE:TypeError;RAISE:TypeError;RAISE:TypeError;RAISE:TypeError;RAISE:TypeError;RAISE:TypeError;RAISE:TypeError;RAISE:TypeError;RAISE:TypeError;RAISE:TypeError;RAISE:TypeError;RAISE:TypeError;RAISE:TypeError;RAISE:TypeError;RAISE:TypeError;RAISE:TypeError;UNREPRESENTABLE;RAISE:TypeError;RAISE:TypeError;RAISE:TypeError;RAISE:TypeError;RAISE:TypeError;RAISE:TypeError;RAISE:TypeError;RAISE:TypeError;RAISE:TypeError;RAISE:TypeError;RAISE:TypeError;RAISE:TypeError;RAISE:TypeError;RAISE:TypeError;RAISE:TypeError;RAISE:TypeError;UNREPRESENTABLE;RAISE:TypeError;RAISE:TypeError;RAISE:TypeError;RAISE:TypeError;RAISE:TypeError;RAISE:TypeError;RAISE:TypeError;RAISE:TypeError;RAISE:TypeError;RAISE:TypeError;RAISE:TypeError;RAISE:TypeError;RAISE:TypeError;RAISE:TypeError;RAISE:TypeError;RAISE:TypeError;UNREPRESENTABLE;RAISE:TypeError;RAISE:TypeError;RAISE:TypeError;RAISE:TypeError;RAISE:TypeError;RAISE:TypeError;RAISE:TypeError;RAISE:TypeError;RAISE:TypeError;RAISE:TypeError;RAISE:TypeError;RAISE:TypeError;RAISE:TypeError;RAISE:TypeError;RAISE:TypeError;RAISE:TypeError;UNREPRESENTABLE;RAISE:TypeError;RAISE:TypeError;RAISE:TypeError;RAISE:TypeError;RAISE:TypeError;RAISE:TypeError;RAISE:TypeError;RAISE:TypeError;RAISE:TypeError;RAISE:TypeError;RAISE:TypeError;RAISE:TypeError;RAISE:TypeError;RAISE:TypeError;RAISE:TypeError;RAISE:TypeError;UNREPRESENTABLE;RAISE:TypeError;RAISE:TypeError;RAISE:TypeError;RAISE:TypeError;RAISE:TypeError;RAISE:TypeError;RAISE:TypeError;RAISE:TypeError;RAISE:TypeError;RAISE:TypeError;RAISE:TypeError;RAISE:TypeError;RAISE:TypeError;RAISE:TypeError;RAISE:TypeError;RAISE:TypeError;UNREPRESENTABLE,0,240,32,"fractional/L1/15:-max_finite,-1.5,-1.0,-(1.0-1ulp),+0.0,+min_subnormal,+min_normal,1.0-1ulp,1.0,1.0+1ulp,1.5,pi,2^53,max_finite,0.1","whole/L1/16:-2^63,-2^63+1,-2^53-1,-2^31,-42,-1,0,1,7,42,1000,2^31-1,2^31,2^53-1,2^53+1,2^63-1"
A24_8_6,1,fractional|fractional,Fraction,float,"fractional/L1/16:-max_finite,-1.5,-1.0,-(1.0-1ulp),-0.0,+0.0,+min_subnormal,+min_normal,1.0-1ulp,1.0,1.0+1ulp,1.5,pi,2^53,max_finite,0.1","fractional/L1/16:-max_finite,-1.5,-1.0,-(1.0-1ulp),-0.0,+0.0,+min_subnormal,+min_normal,1.0-1ulp,1.0,1.0+1ulp,1.5,pi,2^53,max_finite,0.1",256,RAISE:TypeError;RAISE:TypeError;RAISE:TypeError;RAISE:TypeError;RAISE:TypeError;RAISE:TypeError;RAISE:TypeError;RAISE:TypeError;RAISE:TypeError;RAISE:TypeError;RAISE:TypeError;RAISE:TypeError;RAISE:TypeError;RAISE:TypeError;RAISE:TypeError;RAISE:TypeError;RAISE:TypeError;RAISE:TypeError;RAISE:TypeError;RAISE:TypeError;RAISE:TypeError;RAISE:TypeError;RAISE:TypeError;RAISE:TypeError;RAISE:TypeError;RAISE:TypeError;RAISE:TypeError;RAISE:TypeError;RAISE:TypeError;RAISE:TypeError;RAISE:TypeError;RAISE:TypeError;RAISE:TypeError;RAISE:TypeError;RAISE:TypeError;RAISE:TypeError;RAISE:TypeError;RAISE:TypeError;RAISE:TypeError;RAISE:TypeError;RAISE:TypeError;RAISE:TypeError;RAISE:TypeError;RAISE:TypeError;RAISE:TypeError;RAISE:TypeError;RAISE:TypeError;RAISE:TypeError;RAISE:TypeError;RAISE:TypeError;RAISE:TypeError;RAISE:TypeError;RAISE:TypeError;RAISE:TypeError;RAISE:TypeError;RAISE:TypeError;RAISE:TypeError;RAISE:TypeError;RAISE:TypeError;RAISE:TypeError;RAISE:TypeError;RAISE:TypeError;RAISE:TypeError;RAISE:TypeError;UNREPRESENTABLE;UNREPRESENTABLE;UNREPRESENTABLE;UNREPRESENTABLE;UNREPRESENTABLE;UNREPRESENTABLE;UNREPRESENTABLE;UNREPRESENTABLE;UNREPRESENTABLE;UNREPRESENTABLE;UNREPRESENTABLE;UNREPRESENTABLE;UNREPRESENTABLE;UNREPRESENTABLE;UNREPRESENTABLE;UNREPRESENTABLE;RAISE:TypeError;RAISE:TypeError;RAISE:TypeError;RAISE:TypeError;RAISE:TypeError;RAISE:TypeError;RAISE:TypeError;RAISE:TypeError;RAISE:TypeError;RAISE:TypeError;RAISE:TypeError;RAISE:TypeError;RAISE:TypeError;RAISE:TypeError;RAISE:TypeError;RAISE:TypeError;RAISE:TypeError;RAISE:TypeError;RAISE:TypeError;RAISE:TypeError;RAISE:TypeError;RAISE:TypeError;RAISE:TypeError;RAISE:TypeError;RAISE:TypeError;RAISE:TypeError;RAISE:TypeError;RAISE:TypeError;RAISE:TypeError;RAISE:TypeError;RAISE:TypeError;RAISE:TypeError;RAISE:TypeError;RAISE:TypeError;RAISE:TypeError;RAISE:TypeError;RAISE:TypeError;RAISE:TypeError;RAISE:TypeError;RAISE:TypeError;RAISE:TypeError;RAISE:TypeError;RAISE:TypeError;RAISE:TypeError;RAISE:TypeError;RAISE:TypeError;RAISE:TypeError;RAISE:TypeError;RAISE:TypeError;RAISE:TypeError;RAISE:TypeError;RAISE:TypeError;RAISE:TypeError;RAISE:TypeError;RAISE:TypeError;RAISE:TypeError;RAISE:TypeError;RAISE:TypeError;RAISE:TypeError;RAISE:TypeError;RAISE:TypeError;RAISE:TypeError;RAISE:TypeError;RAISE:TypeError;RAISE:TypeError;RAISE:TypeError;RAISE:TypeError;RAISE:TypeError;RAISE:TypeError;RAISE:TypeError;RAISE:TypeError;RAISE:TypeError;RAISE:TypeError;RAISE:TypeError;RAISE:TypeError;RAISE:TypeError;RAISE:TypeError;RAISE:TypeError;RAISE:TypeError;RAISE:TypeError;RAISE:TypeError;RAISE:TypeError;RAISE:TypeError;RAISE:TypeError;RAISE:TypeError;RAISE:TypeError;RAISE:TypeError;RAISE:TypeError;RAISE:TypeError;RAISE:TypeError;RAISE:TypeError;RAISE:TypeError;RAISE:TypeError;RAISE:TypeError;RAISE:TypeError;RAISE:TypeError;RAISE:TypeError;RAISE:TypeError;RAISE:TypeError;RAISE:TypeError;RAISE:TypeError;RAISE:TypeError;RAISE:TypeError;RAISE:TypeError;RAISE:TypeError;RAISE:TypeError;RAISE:TypeError;RAISE:TypeError;RAISE:TypeError;RAISE:TypeError;RAISE:TypeError;RAISE:TypeError;RAISE:TypeError;RAISE:TypeError;RAISE:TypeError;RAISE:TypeError;RAISE:TypeError;RAISE:TypeError;RAISE:TypeError;RAISE:TypeError;RAISE:TypeError;RAISE:TypeError;RAISE:TypeError;RAISE:TypeError;RAISE:TypeError;RAISE:TypeError;RAISE:TypeError;RAISE:TypeError;RAISE:TypeError;RAISE:TypeError;RAISE:TypeError;RAISE:TypeError;RAISE:TypeError;RAISE:TypeError;RAISE:TypeError;RAISE:TypeError;RAISE:TypeError;RAISE:TypeError;RAISE:TypeError;RAISE:TypeError;RAISE:TypeError;RAISE:TypeError;RAISE:TypeError;RAISE:TypeError;RAISE:TypeError;RAISE:TypeError;RAISE:TypeError;RAISE:TypeError;RAISE:TypeError;RAISE:TypeError;RAISE:TypeError;RAISE:TypeError;RAISE:TypeError;RAISE:TypeError;RAISE:TypeError;RAISE:TypeError;RAISE:TypeError;RAISE:TypeError;RAISE:TypeError;RAISE:TypeError;RAISE:TypeError;RAISE:TypeError;RAISE:TypeError;RAISE:TypeError;RAISE:TypeError;RAISE:TypeError;RAISE:TypeError;RAISE:TypeError;RAISE:TypeError;RAISE:TypeError;RAISE:TypeError;RAISE:TypeError;RAISE:TypeError;RAISE:TypeError;RAISE:TypeError;RAISE:TypeError,0,240,16,"fractional/L1/15:-max_finite,-1.5,-1.0,-(1.0-1ulp),+0.0,+min_subnormal,+min_normal,1.0-1ulp,1.0,1.0+1ulp,1.5,pi,2^53,max_finite,0.1","fractional/L1/16:-max_finite,-1.5,-1.0,-(1.0-1ulp),-0.0,+0.0,+min_subnormal,+min_normal,1.0-1ulp,1.0,1.0+1ulp,1.5,pi,2^53,max_finite,0.1"
A24_8_7,1,fractional|fractional,Fraction,Decimal,"fractional/L1/16:-max_finite,-1.5,-1.0,-(1.0-1ulp),-0.0,+0.0,+min_subnormal,+min_normal,1.0-1ulp,1.0,1.0+1ulp,1.5,pi,2^53,max_finite,0.1","fractional/L1/16:-max_finite,-1.5,-1.0,-(1.0-1ulp),-0.0,+0.0,+min_subnormal,+min_normal,1.0-1ulp,1.0,1.0+1ulp,1.5,pi,2^53,max_finite,0.1",256,RAISE:TypeError;RAISE:TypeError;RAISE:TypeError;RAISE:TypeError;RAISE:TypeError;RAISE:TypeError;RAISE:TypeError;RAISE:TypeError;RAISE:TypeError;RAISE:TypeError;RAISE:TypeError;RAISE:TypeError;RAISE:TypeError;RAISE:TypeError;RAISE:TypeError;RAISE:TypeError;RAISE:TypeError;RAISE:TypeError;RAISE:TypeError;RAISE:TypeError;RAISE:TypeError;RAISE:TypeError;RAISE:TypeError;RAISE:TypeError;RAISE:TypeError;RAISE:TypeError;RAISE:TypeError;RAISE:TypeError;RAISE:TypeError;RAISE:TypeError;RAISE:TypeError;RAISE:TypeError;RAISE:TypeError;RAISE:TypeError;RAISE:TypeError;RAISE:TypeError;RAISE:TypeError;RAISE:TypeError;RAISE:TypeError;RAISE:TypeError;RAISE:TypeError;RAISE:TypeError;RAISE:TypeError;RAISE:TypeError;RAISE:TypeError;RAISE:TypeError;RAISE:TypeError;RAISE:TypeError;RAISE:TypeError;RAISE:TypeError;RAISE:TypeError;RAISE:TypeError;RAISE:TypeError;RAISE:TypeError;RAISE:TypeError;RAISE:TypeError;RAISE:TypeError;RAISE:TypeError;RAISE:TypeError;RAISE:TypeError;RAISE:TypeError;RAISE:TypeError;RAISE:TypeError;RAISE:TypeError;UNREPRESENTABLE;UNREPRESENTABLE;UNREPRESENTABLE;UNREPRESENTABLE;UNREPRESENTABLE;UNREPRESENTABLE;UNREPRESENTABLE;UNREPRESENTABLE;UNREPRESENTABLE;UNREPRESENTABLE;UNREPRESENTABLE;UNREPRESENTABLE;UNREPRESENTABLE;UNREPRESENTABLE;UNREPRESENTABLE;UNREPRESENTABLE;RAISE:TypeError;RAISE:TypeError;RAISE:TypeError;RAISE:TypeError;RAISE:TypeError;RAISE:TypeError;RAISE:TypeError;RAISE:TypeError;RAISE:TypeError;RAISE:TypeError;RAISE:TypeError;RAISE:TypeError;RAISE:TypeError;RAISE:TypeError;RAISE:TypeError;RAISE:TypeError;RAISE:TypeError;RAISE:TypeError;RAISE:TypeError;RAISE:TypeError;RAISE:TypeError;RAISE:TypeError;RAISE:TypeError;RAISE:TypeError;RAISE:TypeError;RAISE:TypeError;RAISE:TypeError;RAISE:TypeError;RAISE:TypeError;RAISE:TypeError;RAISE:TypeError;RAISE:TypeError;RAISE:TypeError;RAISE:TypeError;RAISE:TypeError;RAISE:TypeError;RAISE:TypeError;RAISE:TypeError;RAISE:TypeError;RAISE:TypeError;RAISE:TypeError;RAISE:TypeError;RAISE:TypeError;RAISE:TypeError;RAISE:TypeError;RAISE:TypeError;RAISE:TypeError;RAISE:TypeError;RAISE:TypeError;RAISE:TypeError;RAISE:TypeError;RAISE:TypeError;RAISE:TypeError;RAISE:TypeError;RAISE:TypeError;RAISE:TypeError;RAISE:TypeError;RAISE:TypeError;RAISE:TypeError;RAISE:TypeError;RAISE:TypeError;RAISE:TypeError;RAISE:TypeError;RAISE:TypeError;RAISE:TypeError;RAISE:TypeError;RAISE:TypeError;RAISE:TypeError;RAISE:TypeError;RAISE:TypeError;RAISE:TypeError;RAISE:TypeError;RAISE:TypeError;RAISE:TypeError;RAISE:TypeError;RAISE:TypeError;RAISE:TypeError;RAISE:TypeError;RAISE:TypeError;RAISE:TypeError;RAISE:TypeError;RAISE:TypeError;RAISE:TypeError;RAISE:TypeError;RAISE:TypeError;RAISE:TypeError;RAISE:TypeError;RAISE:TypeError;RAISE:TypeError;RAISE:TypeError;RAISE:TypeError;RAISE:TypeError;RAISE:TypeError;RAISE:TypeError;RAISE:TypeError;RAISE:TypeError;RAISE:TypeError;RAISE:TypeError;RAISE:TypeError;RAISE:TypeError;RAISE:TypeError;RAISE:TypeError;RAISE:TypeError;RAISE:TypeError;RAISE:TypeError;RAISE:TypeError;RAISE:TypeError;RAISE:TypeError;RAISE:TypeError;RAISE:TypeError;RAISE:TypeError;RAISE:TypeError;RAISE:TypeError;RAISE:TypeError;RAISE:TypeError;RAISE:TypeError;RAISE:TypeError;RAISE:TypeError;RAISE:TypeError;RAISE:TypeError;RAISE:TypeError;RAISE:TypeError;RAISE:TypeError;RAISE:TypeError;RAISE:TypeError;RAISE:TypeError;RAISE:TypeError;RAISE:TypeError;RAISE:TypeError;RAISE:TypeError;RAISE:TypeError;RAISE:TypeError;RAISE:TypeError;RAISE:TypeError;RAISE:TypeError;RAISE:TypeError;RAISE:TypeError;RAISE:TypeError;RAISE:TypeError;RAISE:TypeError;RAISE:TypeError;RAISE:TypeError;RAISE:TypeError;RAISE:TypeError;RAISE:TypeError;RAISE:TypeError;RAISE:TypeError;RAISE:TypeError;RAISE:TypeError;RAISE:TypeError;RAISE:TypeError;RAISE:TypeError;RAISE:TypeError;RAISE:TypeError;RAISE:TypeError;RAISE:TypeError;RAISE:TypeError;RAISE:TypeError;RAISE:TypeError;RAISE:TypeError;RAISE:TypeError;RAISE:TypeError;RAISE:TypeError;RAISE:TypeError;RAISE:TypeError;RAISE:TypeError;RAISE:TypeError;RAISE:TypeError;RAISE:TypeError;RAISE:TypeError;RAISE:TypeError;RAISE:TypeError;RAISE:TypeError;RAISE:TypeError;RAISE:TypeError;RAISE:TypeError,0,240,16,"fractional/L1/15:-max_finite,-1.5,-1.0,-(1.0-1ulp),+0.0,+min_subnormal,+min_normal,1.0-1ulp,1.0,1.0+1ulp,1.5,pi,2^53,max_finite,0.1","fractional/L1/16:-max_finite,-1.5,-1.0,-(1.0-1ulp),-0.0,+0.0,+min_subnormal,+min_normal,1.0-1ulp,1.0,1.0+1ulp,1.5,pi,2^53,max_finite,0.1"
A24_8_8,1,fractional|fractional,Fraction,Fraction,"fractional/L1/16:-max_finite,-1.5,-1.0,-(1.0-1ulp),-0.0,+0.0,+min_subnormal,+min_normal,1.0-1ulp,1.0,1.0+1ulp,1.5,pi,2^53,max_finite,0.1","fractional/L1/16:-max_finite,-1.5,-1.0,-(1.0-1ulp),-0.0,+0.0,+min_subnormal,+min_normal,1.0-1ulp,1.0,1.0+1ulp,1.5,pi,2^53,max_finite,0.1",256,RAISE:TypeError;RAISE:TypeError;RAISE:TypeError;RAISE:TypeError;UNREPRESENTABLE;RAISE:TypeError;RAISE:TypeError;RAISE:TypeError;RAISE:TypeError;RAISE:TypeError;RAISE:TypeError;RAISE:TypeError;RAISE:TypeError;RAISE:TypeError;RAISE:TypeError;RAISE:TypeError;RAISE:TypeError;RAISE:TypeError;RAISE:TypeError;RAISE:TypeError;UNREPRESENTABLE;RAISE:TypeError;RAISE:TypeError;RAISE:TypeError;RAISE:TypeError;RAISE:TypeError;RAISE:TypeError;RAISE:TypeError;RAISE:TypeError;RAISE:TypeError;RAISE:TypeError;RAISE:TypeError;RAISE:TypeError;RAISE:TypeError;RAISE:TypeError;RAISE:TypeError;UNREPRESENTABLE;RAISE:TypeError;RAISE:TypeError;RAISE:TypeError;RAISE:TypeError;RAISE:TypeError;RAISE:TypeError;RAISE:TypeError;RAISE:TypeError;RAISE:TypeError;RAISE:TypeError;RAISE:TypeError;RAISE:TypeError;RAISE:TypeError;RAISE:TypeError;RAISE:TypeError;UNREPRESENTABLE;RAISE:TypeError;RAISE:TypeError;RAISE:TypeError;RAISE:TypeError;RAISE:TypeError;RAISE:TypeError;RAISE:TypeError;RAISE:TypeError;RAISE:TypeError;RAISE:TypeError;RAISE:TypeError;UNREPRESENTABLE;UNREPRESENTABLE;UNREPRESENTABLE;UNREPRESENTABLE;UNREPRESENTABLE;UNREPRESENTABLE;UNREPRESENTABLE;UNREPRESENTABLE;UNREPRESENTABLE;UNREPRESENTABLE;UNREPRESENTABLE;UNREPRESENTABLE;UNREPRESENTABLE;UNREPRESENTABLE;UNREPRESENTABLE;UNREPRESENTABLE;RAISE:TypeError;RAISE:TypeError;RAISE:TypeError;RAISE:TypeError;UNREPRESENTABLE;RAISE:TypeError;RAISE:TypeError;RAISE:TypeError;RAISE:TypeError;RAISE:TypeError;RAISE:TypeError;RAISE:TypeError;RAISE:TypeError;RAISE:TypeError;RAISE:TypeError;RAISE:TypeError;RAISE:TypeError;RAISE:TypeError;RAISE:TypeError;RAISE:TypeError;UNREPRESENTABLE;RAISE:TypeError;RAISE:TypeError;RAISE:TypeError;RAISE:TypeError;RAISE:TypeError;RAISE:TypeError;RAISE:TypeError;RAISE:TypeError;RAISE:TypeError;RAISE:TypeError;RAISE:TypeError;RAISE:TypeError;RAISE:TypeError;RAISE:TypeError;RAISE:TypeError;UNREPRESENTABLE;RAISE:TypeError;RAISE:TypeError;RAISE:TypeError;RAISE:TypeError;RAISE:TypeError;RAISE:TypeError;RAISE:TypeError;RAISE:TypeError;RAISE:TypeError;RAISE:TypeError;RAISE:TypeError;RAISE:TypeError;RAISE:TypeError;RAISE:TypeError;RAISE:TypeError;UNREPRESENTABLE;RAISE:TypeError;RAISE:TypeError;RAISE:TypeError;RAISE:TypeError;RAISE:TypeError;RAISE:TypeError;RAISE:TypeError;RAISE:TypeError;RAISE:TypeError;RAISE:TypeError;RAISE:TypeError;RAISE:TypeError;RAISE:TypeError;RAISE:TypeError;RAISE:TypeError;UNREPRESENTABLE;RAISE:TypeError;RAISE:TypeError;RAISE:TypeError;RAISE:TypeError;RAISE:TypeError;RAISE:TypeError;RAISE:TypeError;RAISE:TypeError;RAISE:TypeError;RAISE:TypeError;RAISE:TypeError;RAISE:TypeError;RAISE:TypeError;RAISE:TypeError;RAISE:TypeError;UNREPRESENTABLE;RAISE:TypeError;RAISE:TypeError;RAISE:TypeError;RAISE:TypeError;RAISE:TypeError;RAISE:TypeError;RAISE:TypeError;RAISE:TypeError;RAISE:TypeError;RAISE:TypeError;RAISE:TypeError;RAISE:TypeError;RAISE:TypeError;RAISE:TypeError;RAISE:TypeError;UNREPRESENTABLE;RAISE:TypeError;RAISE:TypeError;RAISE:TypeError;RAISE:TypeError;RAISE:TypeError;RAISE:TypeError;RAISE:TypeError;RAISE:TypeError;RAISE:TypeError;RAISE:TypeError;RAISE:TypeError;RAISE:TypeError;RAISE:TypeError;RAISE:TypeError;RAISE:TypeError;UNREPRESENTABLE;RAISE:TypeError;RAISE:TypeError;RAISE:TypeError;RAISE:TypeError;RAISE:TypeError;RAISE:TypeError;RAISE:TypeError;RAISE:TypeError;RAISE:TypeError;RAISE:TypeError;RAISE:TypeError;RAISE:TypeError;RAISE:TypeError;RAISE:TypeError;RAISE:TypeError;UNREPRESENTABLE;RAISE:TypeError;RAISE:TypeError;RAISE:TypeError;RAISE:TypeError;RAISE:TypeError;RAISE:TypeError;RAISE:TypeError;RAISE:TypeError;RAISE:TypeError;RAISE:TypeError;RAISE:TypeError;RAISE:TypeError;RAISE:TypeError;RAISE:TypeError;RAISE:TypeError;UNREPRESENTABLE;RAISE:TypeError;RAISE:TypeError;RAISE:TypeError;RAISE:TypeError;RAISE:TypeError;RAISE:TypeError;RAISE:TypeError;RAISE:TypeError;RAISE:TypeError;RAISE:TypeError;RAISE:TypeError;RAISE:TypeError;RAISE:TypeError;RAISE:TypeError;RAISE:TypeError;UNREPRESENTABLE;RAISE:TypeError;RAISE:TypeError;RAISE:TypeError;RAISE:TypeError;RAISE:TypeError;RAISE:TypeError;RAISE:TypeError;RAISE:TypeError;RAISE:TypeError;RAISE:TypeError;RAISE:TypeError,0,225,31,"fractional/L1/15:-max_finite,-1.5,-1.0,-(1.0-1ulp),+0.0,+min_subnormal,+min_normal,1.0-1ulp,1.0,1.0+1ulp,1.5,pi,2^53,max_finite,0.1","fractional/L1/15:-max_finite,-1.5,-1.0,-(1.0-1ulp),+0.0,+min_subnormal,+min_normal,1.0-1ulp,1.0,1.0+1ulp,1.5,pi,2^53,max_finite,0.1"
