probe_id,level,form_pair,lhs_holder,rhs_holder,x_set_a,x_set_b,n_probes,output_canon_vector,n_values,n_declines,n_unrepresentable,src_x_set_a,src_x_set_b
A14_1_1,1,truth|truth,bool,bool,"truth/L1/6:true,false,0,1,"""",nil","truth/L1/6:true,false,0,1,"""",nil",36,"[1, 1.0, 1];[1, 1.0, 0];[1, 1.0, 0];[1, 1.0, 1];RAISE:TypeError;RAISE:TypeError;[1, 0.0, 0];[1, 0.0, 0];[1, 0.0, 0];[1, 0.0, 0];RAISE:TypeError;RAISE:TypeError;[1, 0.0, 0];[1, 0.0, 0];[1, 0.0, 0];[1, 0.0, 0];RAISE:TypeError;RAISE:TypeError;[1, 1.0, 1];[1, 1.0, 0];[1, 1.0, 0];[1, 1.0, 1];RAISE:TypeError;RAISE:TypeError;RAISE:TypeError;RAISE:TypeError;RAISE:TypeError;RAISE:TypeError;RAISE:TypeError;RAISE:TypeError;RAISE:TypeError;RAISE:TypeError;RAISE:TypeError;RAISE:TypeError;RAISE:TypeError;RAISE:TypeError",16,20,0,"truth/L1/6:true,false,0,1,"""",nil","truth/L1/6:true,false,0,1,"""",nil"
A14_1_2,1,truth|whole,bool,int,"truth/L1/6:true,false,0,1,"""",nil","whole/L1/17:-2^63,-2^63+1,-2^53-1,-2^31,-42,-1,0,1,7,42,1000,2^31-1,2^31,2^53-1,2^53+1,2^63-1,2^64-1",102,"RAISE:ValueError;RAISE:ValueError;RAISE:ValueError;RAISE:ValueError;RAISE:ValueError;RAISE:ValueError;[1, 1.0, 0];[1, 1.0, 1];[1, 1.0, 7];[1, 1.0, 42];[1, 1.0, 1000];[1, 1.0, 2147483647];[1, 1.0, 2147483648];RAISE:MemoryError;RAISE:MemoryError;RAISE:MemoryError;RAISE:MemoryError;RAISE:ValueError;RAISE:ValueError;RAISE:ValueError;RAISE:ValueError;RAISE:ValueError;RAISE:ValueError;[1, 0.0, 0];[1, 0.0, 0];[1, 0.0, 0];[1, 0.0, 0];[1, 0.0, 0];[1, 0.0, 0];[1, 0.0, 0];[1, 0.0, 0];[1, 0.0, 0];[1, 0.0, 0];[1, 0.0, 0];RAISE:ValueError;RAISE:ValueError;RAISE:ValueError;RAISE:ValueError;RAISE:ValueError;RAISE:ValueError;[1, 0.0, 0];[1, 0.0, 0];[1, 0.0, 0];[1, 0.0, 0];[1, 0.0, 0];[1, 0.0, 0];[1, 0.0, 0];[1, 0.0, 0];[1, 0.0, 0];[1, 0.0, 0];[1, 0.0, 0];RAISE:ValueError;RAISE:ValueError;RAISE:ValueError;RAISE:ValueError;RAISE:ValueError;RAISE:ValueError;[1, 1.0, 0];[1, 1.0, 1];[1, 1.0, 7];[1, 1.0, 42];[1, 1.0, 1000];[1, 1.0, 2147483647];[1, 1.0, 2147483648];RAISE:MemoryError;RAISE:MemoryError;RAISE:MemoryError;RAISE:MemoryError;RAISE:TypeError;RAISE:TypeError;RAISE:TypeError;RAISE:TypeError;RAISE:TypeError;RAISE:TypeError;RAISE:TypeError;RAISE:TypeError;RAISE:TypeError;RAISE:TypeError;RAISE:TypeError;RAISE:TypeError;RAISE:TypeError;RAISE:TypeError;RAISE:TypeError;RAISE:TypeError;RAISE:TypeError;RAISE:TypeError;RAISE:TypeError;RAISE:TypeError;RAISE:TypeError;RAISE:TypeError;RAISE:TypeError;RAISE:TypeError;RAISE:TypeError;RAISE:TypeError;RAISE:TypeError;RAISE:TypeError;RAISE:TypeError;RAISE:TypeError;RAISE:TypeError;RAISE:TypeError;RAISE:TypeError;RAISE:TypeError",36,66,0,"truth/L1/6:true,false,0,1,"""",nil","whole/L1/17:-2^63,-2^63+1,-2^53-1,-2^31,-42,-1,0,1,7,42,1000,2^31-1,2^31,2^53-1,2^53+1,2^63-1,2^64-1"
A14_1_3,1,truth|whole,bool,Decimal,"truth/L1/6:true,false,0,1,"""",nil","whole/L1/17:-2^63,-2^63+1,-2^53-1,-2^31,-42,-1,0,1,7,42,1000,2^31-1,2^31,2^53-1,2^53+1,2^63-1,2^64-1",102,RAISE:TypeError;RAISE:TypeError;RAISE:TypeError;RAISE:TypeError;RAISE:TypeError;RAISE:TypeError;RAISE:TypeError;RAISE:TypeError;RAISE:TypeError;RAISE:TypeError;RAISE:TypeError;RAISE:TypeError;RAISE:TypeError;RAISE:TypeError;RAISE:TypeError;RAISE:TypeError;RAISE:TypeError;RAISE:TypeError;RAISE:TypeError;RAISE:TypeError;RAISE:TypeError;RAISE:TypeError;RAISE:TypeError;RAISE:TypeError;RAISE:TypeError;RAISE:TypeError;RAISE:TypeError;RAISE:TypeError;RAISE:TypeError;RAISE:TypeError;RAISE:TypeError;RAISE:TypeError;RAISE:TypeError;RAISE:TypeError;RAISE:TypeError;RAISE:TypeError;RAISE:TypeError;RAISE:TypeError;RAISE:TypeError;RAISE:TypeError;RAISE:TypeError;RAISE:TypeError;RAISE:TypeError;RAISE:TypeError;RAISE:TypeError;RAISE:TypeError;RAISE:TypeError;RAISE:TypeError;RAISE:TypeError;RAISE:TypeError;RAISE:TypeError;RAISE:TypeError;RAISE:TypeError;RAISE:TypeError;RAISE:TypeError;RAISE:TypeError;RAISE:TypeError;RAISE:TypeError;RAISE:TypeError;RAISE:TypeError;RAISE:TypeError;RAISE:TypeError;RAISE:TypeError;RAISE:TypeError;RAISE:TypeError;RAISE:TypeError;RAISE:TypeError;RAISE:TypeError;RAISE:TypeError;RAISE:TypeError;RAISE:TypeError;RAISE:TypeError;RAISE:TypeError;RAISE:TypeError;RAISE:TypeError;RAISE:TypeError;RAISE:TypeError;RAISE:TypeError;RAISE:TypeError;RAISE:TypeError;RAISE:TypeError;RAISE:TypeError;RAISE:TypeError;RAISE:TypeError;RAISE:TypeError;RAISE:TypeError;RAISE:TypeError;RAISE:TypeError;RAISE:TypeError;RAISE:TypeError;RAISE:TypeError;RAISE:TypeError;RAISE:TypeError;RAISE:TypeError;RAISE:TypeError;RAISE:TypeError;RAISE:TypeError;RAISE:TypeError;RAISE:TypeError;RAISE:TypeError;RAISE:TypeError;RAISE:TypeError,0,102,0,"truth/L1/6:true,false,0,1,"""",nil","whole/L1/17:-2^63,-2^63+1,-2^53-1,-2^31,-42,-1,0,1,7,42,1000,2^31-1,2^31,2^53-1,2^53+1,2^63-1,2^64-1"
A14_1_4,1,truth|whole,bool,Fraction,"truth/L1/6:true,false,0,1,"""",nil","whole/L1/17:-2^63,-2^63+1,-2^53-1,-2^31,-42,-1,0,1,7,42,1000,2^31-1,2^31,2^53-1,2^53+1,2^63-1,2^64-1",102,RAISE:TypeError;RAISE:TypeError;RAISE:TypeError;RAISE:TypeError;RAISE:TypeError;RAISE:TypeError;RAISE:TypeError;RAISE:TypeError;RAISE:TypeError;RAISE:TypeError;RAISE:TypeError;RAISE:TypeError;RAISE:TypeError;RAISE:TypeError;RAISE:TypeError;RAISE:TypeError;RAISE:TypeError;RAISE:TypeError;RAISE:TypeError;RAISE:TypeError;RAISE:TypeError;RAISE:TypeError;RAISE:TypeError;RAISE:TypeError;RAISE:TypeError;RAISE:TypeError;RAISE:TypeError;RAISE:TypeError;RAISE:TypeError;RAISE:TypeError;RAISE:TypeError;RAISE:TypeError;RAISE:TypeError;RAISE:TypeError;RAISE:TypeError;RAISE:TypeError;RAISE:TypeError;RAISE:TypeError;RAISE:TypeError;RAISE:TypeError;RAISE:TypeError;RAISE:TypeError;RAISE:TypeError;RAISE:TypeError;RAISE:TypeError;RAISE:TypeError;RAISE:TypeError;RAISE:TypeError;RAISE:TypeError;RAISE:TypeError;RAISE:TypeError;RAISE:TypeError;RAISE:TypeError;RAISE:TypeError;RAISE:TypeError;RAISE:TypeError;RAISE:TypeError;RAISE:TypeError;RAISE:TypeError;RAISE:TypeError;RAISE:TypeError;RAISE:TypeError;RAISE:TypeError;RAISE:TypeError;RAISE:TypeError;RAISE:TypeError;RAISE:TypeError;RAISE:TypeError;RAISE:TypeError;RAISE:TypeError;RAISE:TypeError;RAISE:TypeError;RAISE:TypeError;RAISE:TypeError;RAISE:TypeError;RAISE:TypeError;RAISE:TypeError;RAISE:TypeError;RAISE:TypeError;RAISE:TypeError;RAISE:TypeError;RAISE:TypeError;RAISE:TypeError;RAISE:TypeError;RAISE:TypeError;RAISE:TypeError;RAISE:TypeError;RAISE:TypeError;RAISE:TypeError;RAISE:TypeError;RAISE:TypeError;RAISE:TypeError;RAISE:TypeError;RAISE:TypeError;RAISE:TypeError;RAISE:TypeError;RAISE:TypeError;RAISE:TypeError;RAISE:TypeError;RAISE:TypeError;RAISE:TypeError;RAISE:TypeError,0,102,0,"truth/L1/6:true,false,0,1,"""",nil","whole/L1/17:-2^63,-2^63+1,-2^53-1,-2^31,-42,-1,0,1,7,42,1000,2^31-1,2^31,2^53-1,2^53+1,2^63-1,2^64-1"
A14_1_5,1,truth|whole,bool,c_int64,"truth/L1/6:true,false,0,1,"""",nil","whole/L1/17:-2^63,-2^63+1,-2^53-1,-2^31,-42,-1,0,1,7,42,1000,2^31-1,2^31,2^53-1,2^53+1,2^63-1,2^64-1",102,"RAISE:ValueError;RAISE:ValueError;RAISE:ValueError;RAISE:ValueError;RAISE:ValueError;RAISE:ValueError;[1, 1.0, 0];[1, 1.0, 1];[1, 1.0, 7];[1, 1.0, 42];[1, 1.0, 1000];[1, 1.0, 2147483647];[1, 1.0, 2147483648];RAISE:MemoryError;RAISE:MemoryError;RAISE:MemoryError;UNREPRESENTABLE;RAISE:ValueError;RAISE:ValueError;RAISE:ValueError;RAISE:ValueError;RAISE:ValueError;RAISE:ValueError;[1, 0.0, 0];[1, 0.0, 0];[1, 0.0, 0];[1, 0.0, 0];[1, 0.0, 0];[1, 0.0, 0];[1, 0.0, 0];[1, 0.0, 0];[1, 0.0, 0];[1, 0.0, 0];UNREPRESENTABLE;RAISE:ValueError;RAISE:ValueError;RAISE:ValueError;RAISE:ValueError;RAISE:ValueError;RAISE:ValueError;[1, 0.0, 0];[1, 0.0, 0];[1, 0.0, 0];[1, 0.0, 0];[1, 0.0, 0];[1, 0.0, 0];[1, 0.0, 0];[1, 0.0, 0];[1, 0.0, 0];[1, 0.0, 0];UNREPRESENTABLE;RAISE:ValueError;RAISE:ValueError;RAISE:ValueError;RAISE:ValueError;RAISE:ValueError;RAISE:ValueError;[1, 1.0, 0];[1, 1.0, 1];[1, 1.0, 7];[1, 1.0, 42];[1, 1.0, 1000];[1, 1.0, 2147483647];[1, 1.0, 2147483648];RAISE:MemoryError;RAISE:MemoryError;RAISE:MemoryError;UNREPRESENTABLE;RAISE:TypeError;RAISE:TypeError;RAISE:TypeError;RAISE:TypeError;RAISE:TypeError;RAISE:TypeError;RAISE:TypeError;RAISE:TypeError;RAISE:TypeError;RAISE:TypeError;RAISE:TypeError;RAISE:TypeError;RAISE:TypeError;RAISE:TypeError;RAISE:TypeError;RAISE:TypeError;UNREPRESENTABLE;RAISE:TypeError;RAISE:TypeError;RAISE:TypeError;RAISE:TypeError;RAISE:TypeError;RAISE:TypeError;RAISE:TypeError;RAISE:TypeError;RAISE:TypeError;RAISE:TypeError;RAISE:TypeError;RAISE:TypeError;RAISE:TypeError;RAISE:TypeError;RAISE:TypeError;RAISE:TypeError;UNREPRESENTABLE",34,62,6,"truth/L1/6:true,false,0,1,"""",nil","whole/L1/16:-2^63,-2^63+1,-2^53-1,-2^31,-42,-1,0,1,7,42,1000,2^31-1,2^31,2^53-1,2^53+1,2^63-1"
A14_1_6,1,truth|fractional,bool,float,"truth/L1/6:true,false,0,1,"""",nil","fractional/L1/16:-max_finite,-1.5,-1.0,-(1.0-1ulp),-0.0,+0.0,+min_subnormal,+min_normal,1.0-1ulp,1.0,1.0+1ulp,1.5,pi,2^53,max_finite,0.1",96,RAISE:TypeError;RAISE:TypeError;RAISE:TypeError;RAISE:TypeError;RAISE:TypeError;RAISE:TypeError;RAISE:TypeError;RAISE:TypeError;RAISE:TypeError;RAISE:TypeError;RAISE:TypeError;RAISE:TypeError;RAISE:TypeError;RAISE:TypeError;RAISE:TypeError;RAISE:TypeError;RAISE:TypeError;RAISE:TypeError;RAISE:TypeError;RAISE:TypeError;RAISE:TypeError;RAISE:TypeError;RAISE:TypeError;RAISE:TypeError;RAISE:TypeError;RAISE:TypeError;RAISE:TypeError;RAISE:TypeError;RAISE:TypeError;RAISE:TypeError;RAISE:TypeError;RAISE:TypeError;RAISE:TypeError;RAISE:TypeError;RAISE:TypeError;RAISE:TypeError;RAISE:TypeError;RAISE:TypeError;RAISE:TypeError;RAISE:TypeError;RAISE:TypeError;RAISE:TypeError;RAISE:TypeError;RAISE:TypeError;RAISE:TypeError;RAISE:TypeError;RAISE:TypeError;RAISE:TypeError;RAISE:TypeError;RAISE:TypeError;RAISE:TypeError;RAISE:TypeError;RAISE:TypeError;RAISE:TypeError;RAISE:TypeError;RAISE:TypeError;RAISE:TypeError;RAISE:TypeError;RAISE:TypeError;RAISE:TypeError;RAISE:TypeError;RAISE:TypeError;RAISE:TypeError;RAISE:TypeError;RAISE:TypeError;RAISE:TypeError;RAISE:TypeError;RAISE:TypeError;RAISE:TypeError;RAISE:TypeError;RAISE:TypeError;RAISE:TypeError;RAISE:TypeError;RAISE:TypeError;RAISE:TypeError;RAISE:TypeError;RAISE:TypeError;RAISE:TypeError;RAISE:TypeError;RAISE:TypeError;RAISE:TypeError;RAISE:TypeError;RAISE:TypeError;RAISE:TypeError;RAISE:TypeError;RAISE:TypeError;RAISE:TypeError;RAISE:TypeError;RAISE:TypeError;RAISE:TypeError;RAISE:TypeError;RAISE:TypeError;RAISE:TypeError;RAISE:TypeError;RAISE:TypeError;RAISE:TypeError,0,96,0,"truth/L1/6:true,false,0,1,"""",nil","fractional/L1/16:-max_finite,-1.5,-1.0,-(1.0-1ulp),-0.0,+0.0,+min_subnormal,+min_normal,1.0-1ulp,1.0,1.0+1ulp,1.5,pi,2^53,max_finite,0.1"
A14_1_7,1,truth|fractional,bool,Decimal,"truth/L1/6:true,false,0,1,"""",nil","fractional/L1/16:-max_finite,-1.5,-1.0,-(1.0-1ulp),-0.0,+0.0,+min_subnormal,+min_normal,1.0-1ulp,1.0,1.0+1ulp,1.5,pi,2^53,max_finite,0.1",96,RAISE:TypeError;RAISE:TypeError;RAISE:TypeError;RAISE:TypeError;RAISE:TypeError;RAISE:TypeError;RAISE:TypeError;RAISE:TypeError;RAISE:TypeError;RAISE:TypeError;RAISE:TypeError;RAISE:TypeError;RAISE:TypeError;RAISE:TypeError;RAISE:TypeError;RAISE:TypeError;RAISE:TypeError;RAISE:TypeError;RAISE:TypeError;RAISE:TypeError;RAISE:TypeError;RAISE:TypeError;RAISE:TypeError;RAISE:TypeError;RAISE:TypeError;RAISE:TypeError;RAISE:TypeError;RAISE:TypeError;RAISE:TypeError;RAISE:TypeError;RAISE:TypeError;RAISE:TypeError;RAISE:TypeError;RAISE:TypeError;RAISE:TypeError;RAISE:TypeError;RAISE:TypeError;RAISE:TypeError;RAISE:TypeError;RAISE:TypeError;RAISE:TypeError;RAISE:TypeError;RAISE:TypeError;RAISE:TypeError;RAISE:TypeError;RAISE:TypeError;RAISE:TypeError;RAISE:TypeError;RAISE:TypeError;RAISE:TypeError;RAISE:TypeError;RAISE:TypeError;RAISE:TypeError;RAISE:TypeError;RAISE:TypeError;RAISE:TypeError;RAISE:TypeError;RAISE:TypeError;RAISE:TypeError;RAISE:TypeError;RAISE:TypeError;RAISE:TypeError;RAISE:TypeError;RAISE:TypeError;RAISE:TypeError;RAISE:TypeError;RAISE:TypeError;RAISE:TypeError;RAISE:TypeError;RAISE:TypeError;RAISE:TypeError;RAISE:TypeError;RAISE:TypeError;RAISE:TypeError;RAISE:TypeError;RAISE:TypeError;RAISE:TypeError;RAISE:TypeError;RAISE:TypeError;RAISE:TypeError;RAISE:TypeError;RAISE:TypeError;RAISE:TypeError;RAISE:TypeError;RAISE:TypeError;RAISE:TypeError;RAISE:TypeError;RAISE:TypeError;RAISE:TypeError;RAISE:TypeError;RAISE:TypeError;RAISE:TypeError;RAISE:TypeError;RAISE:TypeError;RAISE:TypeError;RAISE:TypeError,0,96,0,"truth/L1/6:true,false,0,1,"""",nil","fractional/L1/16:-max_finite,-1.5,-1.0,-(1.0-1ulp),-0.0,+0.0,+min_subnormal,+min_normal,1.0-1ulp,1.0,1.0+1ulp,1.5,pi,2^53,max_finite,0.1"
A14_1_8,1,truth|fractional,bool,Fraction,"truth/L1/6:true,false,0,1,"""",nil","fractional/L1/16:-max_finite,-1.5,-1.0,-(1.0-1ulp),-0.0,+0.0,+min_subnormal,+min_normal,1.0-1ulp,1.0,1.0+1ulp,1.5,pi,2^53,max_finite,0.1",96,RAISE:TypeError;RAISE:TypeError;RAISE:TypeError;RAISE:TypeError;UNREPRESENTABLE;RAISE:TypeError;RAISE:TypeError;RAISE:TypeError;RAISE:TypeError;RAISE:TypeError;RAISE:TypeError;RAISE:TypeError;RAISE:TypeError;RAISE:TypeError;RAISE:TypeError;RAISE:TypeError;RAISE:TypeError;RAISE:TypeError;RAISE:TypeError;RAISE:TypeError;UNREPRESENTABLE;RAISE:TypeError;RAISE:TypeError;RAISE:TypeError;RAISE:TypeError;RAISE:TypeError;RAISE:TypeError;RAISE:TypeError;RAISE:TypeError;RAISE:TypeError;RAISE:TypeError;RAISE:TypeError;RAISE:TypeError;RAISE:TypeError;RAISE:TypeError;RAISE:TypeError;UNREPRESENTABLE;RAISE:TypeError;RAISE:TypeError;RAISE:TypeError;RAISE:TypeError;RAISE:TypeError;RAISE:TypeError;RAISE:TypeError;RAISE:TypeError;RAISE:TypeError;RAISE:TypeError;RAISE:TypeError;RAISE:TypeError;RAISE:TypeError;RAISE:TypeError;RAISE:TypeError;UNREPRESENTABLE;RAISE:TypeError;RAISE:TypeError;RAISE:TypeError;RAISE:TypeError;RAISE:TypeError;RAISE:TypeError;RAISE:TypeError;RAISE:TypeError;RAISE:TypeError;RAISE:TypeError;RAISE:TypeError;RAISE:TypeError;RAISE:TypeError;RAISE:TypeError;RAISE:TypeError;UNREPRESENTABLE;RAISE:TypeError;RAISE:TypeError;RAISE:TypeError;RAISE:TypeError;RAISE:TypeError;RAISE:TypeError;RAISE:TypeError;RAISE:TypeError;RAISE:TypeError;RAISE:TypeError;RAISE:TypeError;RAISE:TypeError;RAISE:TypeError;RAISE:TypeError;RAISE:TypeError;UNREPRESENTABLE;RAISE:TypeError;RAISE:TypeError;RAISE:TypeError;RAISE:TypeError;RAISE:TypeError;RAISE:TypeError;RAISE:TypeError;RAISE:TypeError;RAISE:TypeError;RAISE:TypeError;RAISE:TypeError,0,90,6,"truth/L1/6:true,false,0,1,"""",nil","fractional/L1/15:-max_finite,-1.5,-1.0,-(1.0-1ulp),+0.0,+min_subnormal,+min_normal,1.0-1ulp,1.0,1.0+1ulp,1.5,pi,2^53,max_finite,0.1"
A14_2_1,1,whole|truth,int,bool,"whole/L1/17:-2^63,-2^63+1,-2^53-1,-2^31,-42,-1,0,1,7,42,1000,2^31-1,2^31,2^53-1,2^53+1,2^63-1,2^64-1","truth/L1/6:true,false,0,1,"""",nil",102,"[-1, 1.0, 64];[-1, 1.0, 63];[-1, 1.0, 63];[-1, 1.0, 64];RAISE:TypeError;RAISE:TypeError;[-1, 1.9999999999999999997831595655029, 63];[-1, 1.9999999999999999997831595655029, 62];[-1, 1.9999999999999999997831595655029, 62];[-1, 1.9999999999999999997831595655029, 63];RAISE:TypeError;RAISE:TypeError;[-1, 1.0000000000000001110223024625157, 54];[-1, 1.0000000000000001110223024625157, 53];[-1, 1.0000000000000001110223024625157, 53];[-1, 1.0000000000000001110223024625157, 54];RAISE:TypeError;RAISE:TypeError;[-1, 1.0, 32];[-1, 1.0, 31];[-1, 1.0, 31];[-1, 1.0, 32];RAISE:TypeError;RAISE:TypeError;[-1, 1.3125, 6];[-1, 1.3125, 5];[-1, 1.3125, 5];[-1, 1.3125, 6];RAISE:TypeError;RAISE:TypeError;[-1, 1.0, 1];[-1, 1.0, 0];[-1, 1.0, 0];[-1, 1.0, 1];RAISE:TypeError;RAISE:TypeError;[1, 0.0, 0];[1, 0.0, 0];[1, 0.0, 0];[1, 0.0, 0];RAISE:TypeError;RAISE:TypeError;[1, 1.0, 1];[1, 1.0, 0];[1, 1.0, 0];[1, 1.0, 1];RAISE:TypeError;RAISE:TypeError;[1, 1.75, 3];[1, 1.75, 2];[1, 1.75, 2];[1, 1.75, 3];RAISE:TypeError;RAISE:TypeError;[1, 1.3125, 6];[1, 1.3125, 5];[1, 1.3125, 5];[1, 1.3125, 6];RAISE:TypeError;RAISE:TypeError;[1, 1.953125, 10];[1, 1.953125, 9];[1, 1.953125, 9];[1, 1.953125, 10];RAISE:TypeError;RAISE:TypeError;[1, 1.999999999068677425384521484375, 31];[1, 1.999999999068677425384521484375, 30];[1, 1.999999999068677425384521484375, 30];[1, 1.999999999068677425384521484375, 31];RAISE:TypeError;RAISE:TypeError;[1, 1.0, 32];[1, 1.0, 31];[1, 1.0, 31];[1, 1.0, 32];RAISE:TypeError;RAISE:TypeError;[1, 1.9999999999999997779553950749687, 53];[1, 1.9999999999999997779553950749687, 52];[1, 1.9999999999999997779553950749687, 52];[1, 1.9999999999999997779553950749687, 53];RAISE:TypeError;RAISE:TypeError;[1, 1.0000000000000001110223024625157, 54];[1, 1.0000000000000001110223024625157, 53];[1, 1.0000000000000001110223024625157, 53];[1, 1.0000000000000001110223024625157, 54];RAISE:TypeError;RAISE:TypeError;[1, 1.9999999999999999997831595655029, 63];[1, 1.9999999999999999997831595655029, 62];[1, 1.9999999999999999997831595655029, 62];[1, 1.9999999999999999997831595655029, 63];RAISE:TypeError;RAISE:TypeError;[1, 1.9999999999999999998915797827514, 64];[1, 1.9999999999999999998915797827514, 63];[1, 1.9999999999999999998915797827514, 63];[1, 1.9999999999999999998915797827514, 64];RAISE:TypeError;RAISE:TypeError",68,34,0,"whole/L1/17:-2^63,-2^63+1,-2^53-1,-2^31,-42,-1,0,1,7,42,1000,2^31-1,2^31,2^53-1,2^53+1,2^63-1,2^64-1","truth/L1/6:true,false,0,1,"""",nil"
A14_2_2,1,whole|whole,int,int,"whole/L1/17:-2^63,-2^63+1,-2^53-1,-2^31,-42,-1,0,1,7,42,1000,2^31-1,2^31,2^53-1,2^53+1,2^63-1,2^64-1","whole/L1/17:-2^63,-2^63+1,-2^53-1,-2^31,-42,-1,0,1,7,42,1000,2^31-1,2^31,2^53-1,2^53+1,2^63-1,2^64-1",289,"RAISE:ValueError;RAISE:ValueError;RAISE:ValueError;RAISE:ValueError;RAISE:ValueError;RAISE:ValueError;[-1, 1.0, 63];[-1, 1.0, 64];[-1, 1.0, 70];[-1, 1.0, 105];[-1, 1.0, 1063];[-1, 1.0, 2147483710];[-1, 1.0, 2147483711];RAISE:MemoryError;RAISE:MemoryError;RAISE:MemoryError;RAISE:MemoryError;RAISE:ValueError;RAISE:ValueError;RAISE:ValueError;RAISE:ValueError;RAISE:ValueError;RAISE:ValueError;[-1, 1.9999999999999999997831595655029, 62];[-1, 1.9999999999999999997831595655029, 63];[-1, 1.9999999999999999997831595655029, 69];[-1, 1.9999999999999999997831595655029, 104];[-1, 1.9999999999999999997831595655029, 1062];[-1, 1.9999999999999999997831595655029, 2147483709];[-1, 1.9999999999999999997831595655029, 2147483710];RAISE:MemoryError;RAISE:MemoryError;RAISE:MemoryError;RAISE:MemoryError;RAISE:ValueError;RAISE:ValueError;RAISE:ValueError;RAISE:ValueError;RAISE:ValueError;RAISE:ValueError;[-1, 1.0000000000000001110223024625157, 53];[-1, 1.0000000000000001110223024625157, 54];[-1, 1.0000000000000001110223024625157, 60];[-1, 1.0000000000000001110223024625157, 95];[-1, 1.0000000000000001110223024625157, 1053];[-1, 1.0000000000000001110223024625157, 2147483700];[-1, 1.0000000000000001110223024625157, 2147483701];RAISE:MemoryError;RAISE:MemoryError;RAISE:MemoryError;RAISE:MemoryError;RAISE:ValueError;RAISE:ValueError;RAISE:ValueError;RAISE:ValueError;RAISE:ValueError;RAISE:ValueError;[-1, 1.0, 31];[-1, 1.0, 32];[-1, 1.0, 38];[-1, 1.0, 73];[-1, 1.0, 1031];[-1, 1.0, 2147483678];[-1, 1.0, 2147483679];RAISE:MemoryError;RAISE:MemoryError;RAISE:MemoryError;RAISE:MemoryError;RAISE:ValueError;RAISE:ValueError;RAISE:ValueError;RAISE:ValueError;RAISE:ValueError;RAISE:ValueError;[-1, 1.3125, 5];[-1, 1.3125, 6];[-1, 1.3125, 12];[-1, 1.3125, 47];[-1, 1.3125, 1005];[-1, 1.3125, 2147483652];[-1, 1.3125, 2147483653];RAISE:MemoryError;RAISE:MemoryError;RAISE:MemoryError;RAISE:MemoryError;RAISE:ValueError;RAISE:ValueError;RAISE:ValueError;RAISE:ValueError;RAISE:ValueError;RAISE:ValueError;[-1, 1.0, 0];[-1, 1.0, 1];[-1, 1.0, 7];[-1, 1.0, 42];[-1, 1.0, 1000];[-1, 1.0, 2147483647];[-1, 1.0, 2147483648];RAISE:MemoryError;RAISE:MemoryError;RAISE:MemoryError;RAISE:MemoryError;RAISE:ValueError;RAISE:ValueError;RAISE:ValueError;RAISE:ValueError;RAISE:ValueError;RAISE:ValueError;[1, 0.0, 0];[1, 0.0, 0];[1, 0.0, 0];[1, 0.0, 0];[1, 0.0, 0];[1, 0.0, 0];[1, 0.0, 0];[1, 0.0, 0];[1, 0.0, 0];[1, 0.0, 0];[1, 0.0, 0];RAISE:ValueError;RAISE:ValueError;RAISE:ValueError;RAISE:ValueError;RAISE:ValueError;RAISE:ValueError;[1, 1.0, 0];[1, 1.0, 1];[1, 1.0, 7];[1, 1.0, 42];[1, 1.0, 1000];[1, 1.0, 2147483647];[1, 1.0, 2147483648];RAISE:MemoryError;RAISE:MemoryError;RAISE:MemoryError;RAISE:MemoryError;RAISE:ValueError;RAISE:ValueError;RAISE:ValueError;RAISE:ValueError;RAISE:ValueError;RAISE:ValueError;[1, 1.75, 2];[1, 1.75, 3];[1, 1.75, 9];[1, 1.75, 44];[1, 1.75, 1002];[1, 1.75, 2147483649];[1, 1.75, 2147483650];RAISE:MemoryError;RAISE:MemoryError;RAISE:MemoryError;RAISE:MemoryError;RAISE:ValueError;RAISE:ValueError;RAISE:ValueError;RAISE:ValueError;RAISE:ValueError;RAISE:ValueError;[1, 1.3125, 5];[1, 1.3125, 6];[1, 1.3125, 12];[1, 1.3125, 47];[1, 1.3125, 1005];[1, 1.3125, 2147483652];[1, 1.3125, 2147483653];RAISE:MemoryError;RAISE:MemoryError;RAISE:MemoryError;RAISE:MemoryError;RAISE:ValueError;RAISE:ValueError;RAISE:ValueError;RAISE:ValueError;RAISE:ValueError;RAISE:ValueError;[1, 1.953125, 9];[1, 1.953125, 10];[1, 1.953125, 16];[1, 1.953125, 51];[1, 1.953125, 1009];[1, 1.953125, 2147483656];[1, 1.953125, 2147483657];RAISE:MemoryError;RAISE:MemoryError;RAISE:MemoryError;RAISE:MemoryError;RAISE:ValueError;RAISE:ValueError;RAISE:ValueError;RAISE:ValueError;RAISE:ValueError;RAISE:ValueError;[1, 1.999999999068677425384521484375, 30];[1, 1.999999999068677425384521484375, 31];[1, 1.999999999068677425384521484375, 37];[1, 1.999999999068677425384521484375, 72];[1, 1.999999999068677425384521484375, 1030];[1, 1.999999999068677425384521484375, 2147483677];[1, 1.999999999068677425384521484375, 2147483678];RAISE:MemoryError;RAISE:MemoryError;RAISE:MemoryError;RAISE:MemoryError;RAISE:ValueError;RAISE:ValueError;RAISE:ValueError;RAISE:ValueError;RAISE:ValueError;RAISE:ValueError;[1, 1.0, 31];[1, 1.0, 32];[1, 1.0, 38];[1, 1.0, 73];[1, 1.0, 1031];[1, 1.0, 2147483678];[1, 1.0, 2147483679];RAISE:MemoryError;RAISE:MemoryError;RAISE:MemoryError;RAISE:MemoryError;RAISE:ValueError;RAISE:ValueError;RAISE:ValueError;RAISE:ValueError;RAISE:ValueError;RAISE:ValueError;[1, 1.9999999999999997779553950749687, 52];[1, 1.9999999999999997779553950749687, 53];[1, 1.9999999999999997779553950749687, 59];[1, 1.9999999999999997779553950749687, 94];[1, 1.9999999999999997779553950749687, 1052];[1, 1.9999999999999997779553950749687, 2147483699];[1, 1.9999999999999997779553950749687, 2147483700];RAISE:MemoryError;RAISE:MemoryError;RAISE:MemoryError;RAISE:MemoryError;RAISE:ValueError;RAISE:ValueError;RAISE:ValueError;RAISE:ValueError;RAISE:ValueError;RAISE:ValueError;[1, 1.0000000000000001110223024625157, 53];[1, 1.0000000000000001110223024625157, 54];[1, 1.0000000000000001110223024625157, 60];[1, 1.0000000000000001110223024625157, 95];[1, 1.0000000000000001110223024625157, 1053];[1, 1.0000000000000001110223024625157, 2147483700];[1, 1.0000000000000001110223024625157, 2147483701];RAISE:MemoryError;RAISE:MemoryError;RAISE:MemoryError;RAISE:MemoryError;RAISE:ValueError;RAISE:ValueError;RAISE:ValueError;RAISE:ValueError;RAISE:ValueError;RAISE:ValueError;[1, 1.9999999999999999997831595655029, 62];[1, 1.9999999999999999997831595655029, 63];[1, 1.9999999999999999997831595655029, 69];[1, 1.9999999999999999997831595655029, 104];[1, 1.9999999999999999997831595655029, 1062];[1, 1.9999999999999999997831595655029, 2147483709];[1, 1.9999999999999999997831595655029, 2147483710];RAISE:MemoryError;RAISE:MemoryError;RAISE:MemoryError;RAISE:MemoryError;RAISE:ValueError;RAISE:ValueError;RAISE:ValueError;RAISE:ValueError;RAISE:ValueError;RAISE:ValueError;[1, 1.9999999999999999998915797827514, 63];[1, 1.9999999999999999998915797827514, 64];[1, 1.9999999999999999998915797827514, 70];[1, 1.9999999999999999998915797827514, 105];[1, 1.9999999999999999998915797827514, 1063];[1, 1.9999999999999999998915797827514, 2147483710];[1, 1.9999999999999999998915797827514, 2147483711];RAISE:MemoryError;RAISE:MemoryError;RAISE:MemoryError;RAISE:MemoryError",123,166,0,"whole/L1/17:-2^63,-2^63+1,-2^53-1,-2^31,-42,-1,0,1,7,42,1000,2^31-1,2^31,2^53-1,2^53+1,2^63-1,2^64-1","whole/L1/17:-2^63,-2^63+1,-2^53-1,-2^31,-42,-1,0,1,7,42,1000,2^31-1,2^31,2^53-1,2^53+1,2^63-1,2^64-1"
A14_2_3,1,whole|whole,int,Decimal,"whole/L1/17:-2^63,-2^63+1,-2^53-1,-2^31,-42,-1,0,1,7,42,1000,2^31-1,2^31,2^53-1,2^53+1,2^63-1,2^64-1","whole/L1/17:-2^63,-2^63+1,-2^53-1,-2^31,-42,-1,0,1,7,42,1000,2^31-1,2^31,2^53-1,2^53+1,2^63-1,2^64-1",289,RAISE:TypeError;RAISE:TypeError;RAISE:TypeError;RAISE:TypeError;RAISE:TypeError;RAISE:TypeError;RAISE:TypeError;RAISE:TypeError;RAISE:TypeError;RAISE:TypeError;RAISE:TypeError;RAISE:TypeError;RAISE:TypeError;RAISE:TypeError;RAISE:TypeError;RAISE:TypeError;RAISE:TypeError;RAISE:TypeError;RAISE:TypeError;RAISE:TypeError;RAISE:TypeError;RAISE:TypeError;RAISE:TypeError;RAISE:TypeError;RAISE:TypeError;RAISE:TypeError;RAISE:TypeError;RAISE:TypeError;RAISE:TypeError;RAISE:TypeError;RAISE:TypeError;RAISE:TypeError;RAISE:TypeError;RAISE:TypeError;RAISE:TypeError;RAISE:TypeError;RAISE:TypeError;RAISE:TypeError;RAISE:TypeError;RAISE:TypeError;RAISE:TypeError;RAISE:TypeError;RAISE:TypeError;RAISE:TypeError;RAISE:TypeError;RAISE:TypeError;RAISE:TypeError;RAISE:TypeError;RAISE:TypeError;RAISE:TypeError;RAISE:TypeError;RAISE:TypeError;RAISE:TypeError;RAISE:TypeError;RAISE:TypeError;RAISE:TypeError;RAISE:TypeError;RAISE:TypeError;RAISE:TypeError;RAISE:TypeError;RAISE:TypeError;RAISE:TypeError;RAISE:TypeError;RAISE:TypeError;RAISE:TypeError;RAISE:TypeError;RAISE:TypeError;RAISE:TypeError;RAISE:TypeError;RAISE:TypeError;RAISE:TypeError;RAISE:TypeError;RAISE:TypeError;RAISE:TypeError;RAISE:TypeError;RAISE:TypeError;RAISE:TypeError;RAISE:TypeError;RAISE:TypeError;RAISE:TypeError;RAISE:TypeError;RAISE:TypeError;RAISE:TypeError;RAISE:TypeError;RAISE:TypeError;RAISE:TypeError;RAISE:TypeError;RAISE:TypeError;RAISE:TypeError;RAISE:TypeError;RAISE:TypeError;RAISE:TypeError;RAISE:TypeError;RAISE:TypeError;RAISE:TypeError;RAISE:TypeError;RAISE:TypeError;RAISE:TypeError;RAISE:TypeError;RAISE:TypeError;RAISE:TypeError;RAISE:TypeError;RAISE:TypeError;RAISE:TypeError;RAISE:TypeError;RAISE:TypeError;RAISE:TypeError;RAISE:TypeError;RAISE:TypeError;RAISE:TypeError;RAISE:TypeError;RAISE:TypeError;RAISE:TypeError;RAISE:TypeError;RAISE:TypeError;RAISE:TypeError;RAISE:TypeError;RAISE:TypeError;RAISE:TypeError;RAISE:TypeError;RAISE:TypeError;RAISE:TypeError;RAISE:TypeError;RAISE:TypeError;RAISE:TypeError;RAISE:TypeError;RAISE:TypeError;RAISE:TypeError;RAISE:TypeError;RAISE:TypeError;RAISE:TypeError;RAISE:TypeError;RAISE:TypeError;RAISE:TypeError;RAISE:TypeError;RAISE:TypeError;RAISE:TypeError;RAISE:TypeError;RAISE:TypeError;RAISE:TypeError;RAISE:TypeError;RAISE:TypeError;RAISE:TypeError;RAISE:TypeError;RAISE:TypeError;RAISE:TypeError;RAISE:TypeError;RAISE:TypeError;RAISE:TypeError;RAISE:TypeError;RAISE:TypeError;RAISE:TypeError;RAISE:TypeError;RAISE:TypeError;RAISE:TypeError;RAISE:TypeError;RAISE:TypeError;RAISE:TypeError;RAISE:TypeError;RAISE:TypeError;RAISE:TypeError;RAISE:TypeError;RAISE:TypeError;RAISE:TypeError;RAISE:TypeError;RAISE:TypeError;RAISE:TypeError;RAISE:TypeError;RAISE:TypeError;RAISE:TypeError;RAISE:TypeError;RAISE:TypeError;RAISE:TypeError;RAISE:TypeError;RAISE:TypeError;RAISE:TypeError;RAISE:TypeError;RAISE:TypeError;RAISE:TypeError;RAISE:TypeError;RAISE:TypeError;RAISE:TypeError;RAISE:TypeError;RAISE:TypeError;RAISE:TypeError;RAISE:TypeError;RAISE:TypeError;RAISE:TypeError;RAISE:TypeError;RAISE:TypeError;RAISE:TypeError;RAISE:TypeError;RAISE:TypeError;RAISE:TypeError;RAISE:TypeError;RAISE:TypeError;RAISE:TypeError;RAISE:TypeError;RAISE:TypeError;RAISE:TypeError;RAISE:TypeError;RAISE:TypeError;RAISE:TypeError;RAISE:TypeError;RAISE:TypeError;RAISE:TypeError;RAISE:TypeError;RAISE:TypeError;RAISE:TypeError;RAISE:TypeError;RAISE:TypeError;RAISE:TypeError;RAISE:TypeError;RAISE:TypeError;RAISE:TypeError;RAISE:TypeError;RAISE:TypeError;RAISE:TypeError;RAISE:TypeError;RAISE:TypeError;RAISE:TypeError;RAISE:TypeError;RAISE:TypeError;RAISE:TypeError;RAISE:TypeError;RAISE:TypeError;RAISE:TypeError;RAISE:TypeError;RAISE:TypeError;RAISE:TypeError;RAISE:TypeError;RAISE:TypeError;RAISE:TypeError;RAISE:TypeError;RAISE:TypeError;RAISE:TypeError;RAISE:TypeError;RAISE:TypeError;RAISE:TypeError;RAISE:TypeError;RAISE:TypeError;RAISE:TypeError;RAISE:TypeError;RAISE:TypeError;RAISE:TypeError;RAISE:TypeError;RAISE:TypeError;RAISE:TypeError;RAISE:TypeError;RAISE:TypeError;RAISE:TypeError;RAISE:TypeError;RAISE:TypeError;RAISE:TypeError;RAISE:TypeError;RAISE:TypeError;RAISE:TypeError;RAISE:TypeError;RAISE:TypeError;RAISE:TypeError;RAISE:TypeError;RAISE:TypeError;RAISE:TypeError;RAISE:TypeError;RAISE:TypeError;RAISE:TypeError;RAISE:TypeError;RAISE:TypeError;RAISE:TypeError;RAISE:TypeError;RAISE:TypeError;RAISE:TypeError;RAISE:TypeError;RAISE:TypeError;RAISE:TypeError;RAISE:TypeError;RAISE:TypeError;RAISE:TypeError;RAISE:TypeError;RAISE:TypeError;RAISE:TypeError;RAISE:TypeError;RAISE:TypeError;RAISE:TypeError;RAISE:TypeError;RAISE:TypeError;RAISE:TypeError;RAISE:TypeError;RAISE:TypeError,0,289,0,"whole/L1/17:-2^63,-2^63+1,-2^53-1,-2^31,-42,-1,0,1,7,42,1000,2^31-1,2^31,2^53-1,2^53+1,2^63-1,2^64-1","whole/L1/17:-2^63,-2^63+1,-2^53-1,-2^31,-42,-1,0,1,7,42,1000,2^31-1,2^31,2^53-1,2^53+1,2^63-1,2^64-1"
A14_2_4,1,whole|whole,int,Fraction,"whole/L1/17:-2^63,-2^63+1,-2^53-1,-2^31,-42,-1,0,1,7,42,1000,2^31-1,2^31,2^53-1,2^53+1,2^63-1,2^64-1","whole/L1/17:-2^63,-2^63+1,-2^53-1,-2^31,-42,-1,0,1,7,42,1000,2^31-1,2^31,2^53-1,2^53+1,2^63-1,2^64-1",289,RAISE:TypeError;RAISE:TypeError;RAISE:TypeError;RAISE:TypeError;RAISE:TypeError;RAISE:TypeError;RAISE:TypeError;RAISE:TypeError;RAISE:TypeError;RAISE:TypeError;RAISE:TypeError;RAISE:TypeError;RAISE:TypeError;RAISE:TypeError;RAISE:TypeError;RAISE:TypeError;RAISE:TypeError;RAISE:TypeError;RAISE:TypeError;RAISE:TypeError;RAISE:TypeError;RAISE:TypeError;RAISE:TypeError;RAISE:TypeError;RAISE:TypeError;RAISE:TypeError;RAISE:TypeError;RAISE:TypeError;RAISE:TypeError;RAISE:TypeError;RAISE:TypeError;RAISE:TypeError;RAISE:TypeError;RAISE:TypeError;RAISE:TypeError;RAISE:TypeError;RAISE:TypeError;RAISE:TypeError;RAISE:TypeError;RAISE:TypeError;RAISE:TypeError;RAISE:TypeError;RAISE:TypeError;RAISE:TypeError;RAISE:TypeError;RAISE:TypeError;RAISE:TypeError;RAISE:TypeError;RAISE:TypeError;RAISE:TypeError;RAISE:TypeError;RAISE:TypeError;RAISE:TypeError;RAISE:TypeError;RAISE:TypeError;RAISE:TypeError;RAISE:TypeError;RAISE:TypeError;RAISE:TypeError;RAISE:TypeError;RAISE:TypeError;RAISE:TypeError;RAISE:TypeError;RAISE:TypeError;RAISE:TypeError;RAISE:TypeError;RAISE:TypeError;RAISE:TypeError;RAISE:TypeError;RAISE:TypeError;RAISE:TypeError;RAISE:TypeError;RAISE:TypeError;RAISE:TypeError;RAISE:TypeError;RAISE:TypeError;RAISE:TypeError;RAISE:TypeError;RAISE:TypeError;RAISE:TypeError;RAISE:TypeError;RAISE:TypeError;RAISE:TypeError;RAISE:TypeError;RAISE:TypeError;RAISE:TypeError;RAISE:TypeError;RAISE:TypeError;RAISE:TypeError;RAISE:TypeError;RAISE:TypeError;RAISE:TypeError;RAISE:TypeError;RAISE:TypeError;RAISE:TypeError;RAISE:TypeError;RAISE:TypeError;RAISE:TypeError;RAISE:TypeError;RAISE:TypeError;RAISE:TypeError;RAISE:TypeError;RAISE:TypeError;RAISE:TypeError;RAISE:TypeError;RAISE:TypeError;RAISE:TypeError;RAISE:TypeError;RAISE:TypeError;RAISE:TypeError;RAISE:TypeError;RAISE:TypeError;RAISE:TypeError;RAISE:TypeError;RAISE:TypeError;RAISE:TypeError;RAISE:TypeError;RAISE:TypeError;RAISE:TypeError;RAISE:TypeError;RAISE:TypeError;RAISE:TypeError;RAISE:TypeError;RAISE:TypeError;RAISE:TypeError;RAISE:TypeError;RAISE:TypeError;RAISE:TypeError;RAISE:TypeError;RAISE:TypeError;RAISE:TypeError;RAISE:TypeError;RAISE:TypeError;RAISE:TypeError;RAISE:TypeError;RAISE:TypeError;RAISE:TypeError;RAISE:TypeError;RAISE:TypeError;RAISE:TypeError;RAISE:TypeError;RAISE:TypeError;RAISE:TypeError;RAISE:TypeError;RAISE:TypeError;RAISE:TypeError;RAISE:TypeError;RAISE:TypeError;RAISE:TypeError;RAISE:TypeError;RAISE:TypeError;RAISE:TypeError;RAISE:TypeError;RAISE:TypeError;RAISE:TypeError;RAISE:TypeError;RAISE:TypeError;RAISE:TypeError;RAISE:TypeError;RAISE:TypeError;RAISE:TypeError;RAISE:TypeError;RAISE:TypeError;RAISE:TypeError;RAISE:TypeError;RAISE:TypeError;RAISE:TypeError;RAISE:TypeError;RAISE:TypeError;RAISE:TypeError;RAISE:TypeError;RAISE:TypeError;RAISE:TypeError;RAISE:TypeError;RAISE:TypeError;RAISE:TypeError;RAISE:TypeError;RAISE:TypeError;RAISE:TypeError;RAISE:TypeError;RAISE:TypeError;RAISE:TypeError;RAISE:TypeError;RAISE:TypeError;RAISE:TypeError;RAISE:TypeError;RAISE:TypeError;RAISE:TypeError;RAISE:TypeError;RAISE:TypeError;RAISE:TypeError;RAISE:TypeError;RAISE:TypeError;RAISE:TypeError;RAISE:TypeError;RAISE:TypeError;RAISE:TypeError;RAISE:TypeError;RAISE:TypeError;RAISE:TypeError;RAISE:TypeError;RAISE:TypeError;RAISE:TypeError;RAISE:TypeError;RAISE:TypeError;RAISE:TypeError;RAISE:TypeError;RAISE:TypeError;RAISE:TypeError;RAISE:TypeError;RAISE:TypeError;RAISE:TypeError;RAISE:TypeError;RAISE:TypeError;RAISE:TypeError;RAISE:TypeError;RAISE:TypeError;RAISE:TypeError;RAISE:TypeError;RAISE:TypeError;RAISE:TypeError;RAISE:TypeError;RAISE:TypeError;RAISE:TypeError;RAISE:TypeError;RAISE:TypeError;RAISE:TypeError;RAISE:TypeError;RAISE:TypeError;RAISE:TypeError;RAISE:TypeError;RAISE:TypeError;RAISE:TypeError;RAISE:TypeError;RAISE:TypeError;RAISE:TypeError;RAISE:TypeError;RAISE:TypeError;RAISE:TypeError;RAISE:TypeError;RAISE:TypeError;RAISE:TypeError;RAISE:TypeError;RAISE:TypeError;RAISE:TypeError;RAISE:TypeError;RAISE:TypeError;RAISE:TypeError;RAISE:TypeError;RAISE:TypeError;RAISE:TypeError;RAISE:TypeError;RAISE:TypeError;RAISE:TypeError;RAISE:TypeError;RAISE:TypeError;RAISE:TypeError;RAISE:TypeError;RAISE:TypeError;RAISE:TypeError;RAISE:TypeError;RAISE:TypeError;RAISE:TypeError;RAISE:TypeError;RAISE:TypeError;RAISE:TypeError;RAISE:TypeError;RAISE:TypeError;RAISE:TypeError;RAISE:TypeError;RAISE:TypeError;RAISE:TypeError;RAISE:TypeError;RAISE:TypeError;RAISE:TypeError;RAISE:TypeError;RAISE:TypeError;RAISE:TypeError;RAISE:TypeError;RAISE:TypeError;RAISE:TypeError;RAISE:TypeError;RAISE:TypeError;RAISE:TypeError;RAISE:TypeError;RAISE:TypeError;RAISE:TypeError;RAISE:TypeError;RAISE:TypeError,0,289,0,"whole/L1/17:-2^63,-2^63+1,-2^53-1,-2^31,-42,-1,0,1,7,42,1000,2^31-1,2^31,2^53-1,2^53+1,2^63-1,2^64-1","whole/L1/17:-2^63,-2^63+1,-2^53-1,-2^31,-42,-1,0,1,7,42,1000,2^31-1,2^31,2^53-1,2^53+1,2^63-1,2^64-1"
A14_2_5,1,whole|whole,int,c_int64,"whole/L1/17:-2^63,-2^63+1,-2^53-1,-2^31,-42,-1,0,1,7,42,1000,2^31-1,2^31,2^53-1,2^53+1,2^63-1,2^64-1","whole/L1/17:-2^63,-2^63+1,-2^53-1,-2^31,-42,-1,0,1,7,42,1000,2^31-1,2^31,2^53-1,2^53+1,2^63-1,2^64-1",289,"RAISE:ValueError;RAISE:ValueError;RAISE:ValueError;RAISE:ValueError;RAISE:ValueError;RAISE:ValueError;[-1, 1.0, 63];[-1, 1.0, 64];[-1, 1.0, 70];[-1, 1.0, 105];[-1, 1.0, 1063];[-1, 1.0, 2147483710];[-1, 1.0, 2147483711];RAISE:MemoryError;RAISE:MemoryError;RAISE:MemoryError;UNREPRESENTABLE;RAISE:ValueError;RAISE:ValueError;RAISE:ValueError;RAISE:ValueError;RAISE:ValueError;RAISE:ValueError;[-1, 1.9999999999999999997831595655029, 62];[-1, 1.9999999999999999997831595655029, 63];[-1, 1.9999999999999999997831595655029, 69];[-1, 1.9999999999999999997831595655029, 104];[-1, 1.9999999999999999997831595655029, 1062];[-1, 1.9999999999999999997831595655029, 2147483709];[-1, 1.9999999999999999997831595655029, 2147483710];RAISE:MemoryError;RAISE:MemoryError;RAISE:MemoryError;UNREPRESENTABLE;RAISE:ValueError;RAISE:ValueError;RAISE:ValueError;RAISE:ValueError;RAISE:ValueError;RAISE:ValueError;[-1, 1.0000000000000001110223024625157, 53];[-1, 1.0000000000000001110223024625157, 54];[-1, 1.0000000000000001110223024625157, 60];[-1, 1.0000000000000001110223024625157, 95];[-1, 1.0000000000000001110223024625157, 1053];[-1, 1.0000000000000001110223024625157, 2147483700];[-1, 1.0000000000000001110223024625157, 2147483701];RAISE:MemoryError;RAISE:MemoryError;RAISE:MemoryError;UNREPRESENTABLE;RAISE:ValueError;RAISE:ValueError;RAISE:ValueError;RAISE:ValueError;RAISE:ValueError;RAISE:ValueError;[-1, 1.0, 31];[-1, 1.0, 32];[-1, 1.0, 38];[-1, 1.0, 73];[-1, 1.0, 1031];[-1, 1.0, 2147483678];[-1, 1.0, 2147483679];RAISE:MemoryError;RAISE:MemoryError;RAISE:MemoryError;UNREPRESENTABLE;RAISE:ValueError;RAISE:ValueError;RAISE:ValueError;RAISE:ValueError;RAISE:ValueError;RAISE:ValueError;[-1, 1.3125, 5];[-1, 1.3125, 6];[-1, 1.3125, 12];[-1, 1.3125, 47];[-1, 1.3125, 1005];[-1, 1.3125, 2147483652];[-1, 1.3125, 2147483653];RAISE:MemoryError;RAISE:MemoryError;RAISE:MemoryError;UNREPRESENTABLE;RAISE:ValueError;RAISE:ValueError;RAISE:ValueError;RAISE:ValueError;RAISE:ValueError;RAISE:ValueError;[-1, 1.0, 0];[-1, 1.0, 1];[-1, 1.0, 7];[-1, 1.0, 42];[-1, 1.0, 1000];[-1, 1.0, 2147483647];[-1, 1.0, 2147483648];RAISE:MemoryError;RAISE:MemoryError;RAISE:MemoryError;UNREPRESENTABLE;RAISE:ValueError;RAISE:ValueError;RAISE:ValueError;RAISE:ValueError;RAISE:ValueError;RAISE:ValueError;[1, 0.0, 0];[1, 0.0, 0];[1, 0.0, 0];[1, 0.0, 0];[1, 0.0, 0];[1, 0.0, 0];[1, 0.0, 0];[1, 0.0, 0];[1, 0.0, 0];[1, 0.0, 0];UNREPRESENTABLE;RAISE:ValueError;RAISE:ValueError;RAISE:ValueError;RAISE:ValueError;RAISE:ValueError;RAISE:ValueError;[1, 1.0, 0];[1, 1.0, 1];[1, 1.0, 7];[1, 1.0, 42];[1, 1.0, 1000];[1, 1.0, 2147483647];[1, 1.0, 2147483648];RAISE:MemoryError;RAISE:MemoryError;RAISE:MemoryError;UNREPRESENTABLE;RAISE:ValueError;RAISE:ValueError;RAISE:ValueError;RAISE:ValueError;RAISE:ValueError;RAISE:ValueError;[1, 1.75, 2];[1, 1.75, 3];[1, 1.75, 9];[1, 1.75, 44];[1, 1.75, 1002];[1, 1.75, 2147483649];[1, 1.75, 2147483650];RAISE:MemoryError;RAISE:MemoryError;RAISE:MemoryError;UNREPRESENTABLE;RAISE:ValueError;RAISE:ValueError;RAISE:ValueError;RAISE:ValueError;RAISE:ValueError;RAISE:ValueError;[1, 1.3125, 5];[1, 1.3125, 6];[1, 1.3125, 12];[1, 1.3125, 47];[1, 1.3125, 1005];[1, 1.3125, 2147483652];[1, 1.3125, 2147483653];RAISE:MemoryError;RAISE:MemoryError;RAISE:MemoryError;UNREPRESENTABLE;RAISE:ValueError;RAISE:ValueError;RAISE:ValueError;RAISE:ValueError;RAISE:ValueError;RAISE:ValueError;[1, 1.953125, 9];[1, 1.953125, 10];[1, 1.953125, 16];[1, 1.953125, 51];[1, 1.953125, 1009];[1, 1.953125, 2147483656];[1, 1.953125, 2147483657];RAISE:MemoryError;RAISE:MemoryError;RAISE:MemoryError;UNREPRESENTABLE;RAISE:ValueError;RAISE:ValueError;RAISE:ValueError;RAISE:ValueError;RAISE:ValueError;RAISE:ValueError;[1, 1.999999999068677425384521484375, 30];[1, 1.999999999068677425384521484375, 31];[1, 1.999999999068677425384521484375, 37];[1, 1.999999999068677425384521484375, 72];[1, 1.999999999068677425384521484375, 1030];[1, 1.999999999068677425384521484375, 2147483677];[1, 1.999999999068677425384521484375, 2147483678];RAISE:MemoryError;RAISE:MemoryError;RAISE:MemoryError;UNREPRESENTABLE;RAISE:ValueError;RAISE:ValueError;RAISE:ValueError;RAISE:ValueError;RAISE:ValueError;RAISE:ValueError;[1, 1.0, 31];[1, 1.0, 32];[1, 1.0, 38];[1, 1.0, 73];[1, 1.0, 1031];[1, 1.0, 2147483678];[1, 1.0, 2147483679];RAISE:MemoryError;RAISE:MemoryError;RAISE:MemoryError;UNREPRESENTABLE;RAISE:ValueError;RAISE:ValueError;RAISE:ValueError;RAISE:ValueError;RAISE:ValueError;RAISE:ValueError;[1, 1.9999999999999997779553950749687, 52];[1, 1.9999999999999997779553950749687, 53];[1, 1.9999999999999997779553950749687, 59];[1, 1.9999999999999997779553950749687, 94];[1, 1.9999999999999997779553950749687, 1052];[1, 1.9999999999999997779553950749687, 2147483699];[1, 1.9999999999999997779553950749687, 2147483700];RAISE:MemoryError;RAISE:MemoryError;RAISE:MemoryError;UNREPRESENTABLE;RAISE:ValueError;RAISE:ValueError;RAISE:ValueError;RAISE:ValueError;RAISE:ValueError;RAISE:ValueError;[1, 1.0000000000000001110223024625157, 53];[1, 1.0000000000000001110223024625157, 54];[1, 1.0000000000000001110223024625157, 60];[1, 1.0000000000000001110223024625157, 95];[1, 1.0000000000000001110223024625157, 1053];[1, 1.0000000000000001110223024625157, 2147483700];[1, 1.0000000000000001110223024625157, 2147483701];RAISE:MemoryError;RAISE:MemoryError;RAISE:MemoryError;UNREPRESENTABLE;RAISE:ValueError;RAISE:ValueError;RAISE:ValueError;RAISE:ValueError;RAISE:ValueError;RAISE:ValueError;[1, 1.9999999999999999997831595655029, 62];[1, 1.9999999999999999997831595655029, 63];[1, 1.9999999999999999997831595655029, 69];[1, 1.9999999999999999997831595655029, 104];[1, 1.9999999999999999997831595655029, 1062];[1, 1.9999999999999999997831595655029, 2147483709];[1, 1.9999999999999999997831595655029, 2147483710];RAISE:MemoryError;RAISE:MemoryError;RAISE:MemoryError;UNREPRESENTABLE;RAISE:ValueError;RAISE:ValueError;RAISE:ValueError;RAISE:ValueError;RAISE:ValueError;RAISE:ValueError;[1, 1.9999999999999999998915797827514, 63];[1, 1.9999999999999999998915797827514, 64];[1, 1.9999999999999999998915797827514, 70];[1, 1.9999999999999999998915797827514, 105];[1, 1.9999999999999999998915797827514, 1063];[1, 1.9999999999999999998915797827514, 2147483710];[1, 1.9999999999999999998915797827514, 2147483711];RAISE:MemoryError;RAISE:MemoryError;RAISE:MemoryError;UNREPRESENTABLE",122,150,17,"whole/L1/17:-2^63,-2^63+1,-2^53-1,-2^31,-42,-1,0,1,7,42,1000,2^31-1,2^31,2^53-1,2^53+1,2^63-1,2^64-1","whole/L1/16:-2^63,-2^63+1,-2^53-1,-2^31,-42,-1,0,1,7,42,1000,2^31-1,2^31,2^53-1,2^53+1,2^63-1"
A14_2_6,1,whole|fractional,int,float,"whole/L1/17:-2^63,-2^63+1,-2^53-1,-2^31,-42,-1,0,1,7,42,1000,2^31-1,2^31,2^53-1,2^53+1,2^63-1,2^64-1","fractional/L1/16:-max_finite,-1.5,-1.0,-(1.0-1ulp),-0.0,+0.0,+min_subnormal,+min_normal,1.0-1ulp,1.0,1.0+1ulp,1.5,pi,2^53,max_finite,0.1",272,RAISE:TypeError;RAISE:TypeError;RAISE:TypeError;RAISE:TypeError;RAISE:TypeError;RAISE:TypeError;RAISE:TypeError;RAISE:TypeError;RAISE:TypeError;RAISE:TypeError;RAISE:TypeError;RAISE:TypeError;RAISE:TypeError;RAISE:TypeError;RAISE:TypeError;RAISE:TypeError;RAISE:TypeError;RAISE:TypeError;RAISE:TypeError;RAISE:TypeError;RAISE:TypeError;RAISE:TypeError;RAISE:TypeError;RAISE:TypeError;RAISE:TypeError;RAISE:TypeError;RAISE:TypeError;RAISE:TypeError;RAISE:TypeError;RAISE:TypeError;RAISE:TypeError;RAISE:TypeError;RAISE:TypeError;RAISE:TypeError;RAISE:TypeError;RAISE:TypeError;RAISE:TypeError;RAISE:TypeError;RAISE:TypeError;RAISE:TypeError;RAISE:TypeError;RAISE:TypeError;RAISE:TypeError;RAISE:TypeError;RAISE:TypeError;RAISE:TypeError;RAISE:TypeError;RAISE:TypeError;RAISE:TypeError;RAISE:TypeError;RAISE:TypeError;RAISE:TypeError;RAISE:TypeError;RAISE:TypeError;RAISE:TypeError;RAISE:TypeError;RAISE:TypeError;RAISE:TypeError;RAISE:TypeError;RAISE:TypeError;RAISE:TypeError;RAISE:TypeError;RAISE:TypeError;RAISE:TypeError;RAISE:TypeError;RAISE:TypeError;RAISE:TypeError;RAISE:TypeError;RAISE:TypeError;RAISE:TypeError;RAISE:TypeError;RAISE:TypeError;RAISE:TypeError;RAISE:TypeError;RAISE:TypeError;RAISE:TypeError;RAISE:TypeError;RAISE:TypeError;RAISE:TypeError;RAISE:TypeError;RAISE:TypeError;RAISE:TypeError;RAISE:TypeError;RAISE:TypeError;RAISE:TypeError;RAISE:TypeError;RAISE:TypeError;RAISE:TypeError;RAISE:TypeError;RAISE:TypeError;RAISE:TypeError;RAISE:TypeError;RAISE:TypeError;RAISE:TypeError;RAISE:TypeError;RAISE:TypeError;RAISE:TypeError;RAISE:TypeError;RAISE:TypeError;RAISE:TypeError;RAISE:TypeError;RAISE:TypeError;RAISE:TypeError;RAISE:TypeError;RAISE:TypeError;RAISE:TypeError;RAISE:TypeError;RAISE:TypeError;RAISE:TypeError;RAISE:TypeError;RAISE:TypeError;RAISE:TypeError;RAISE:TypeError;RAISE:TypeError;RAISE:TypeError;RAISE:TypeError;RAISE:TypeError;RAISE:TypeError;RAISE:TypeError;RAISE:TypeError;RAISE:TypeError;RAISE:TypeError;RAISE:TypeError;RAISE:TypeError;RAISE:TypeError;RAISE:TypeError;RAISE:TypeError;RAISE:TypeError;RAISE:TypeError;RAISE:TypeError;RAISE:TypeError;RAISE:TypeError;RAISE:TypeError;RAISE:TypeError;RAISE:TypeError;RAISE:TypeError;RAISE:TypeError;RAISE:TypeError;RAISE:TypeError;RAISE:TypeError;RAISE:TypeError;RAISE:TypeError;RAISE:TypeError;RAISE:TypeError;RAISE:TypeError;RAISE:TypeError;RAISE:TypeError;RAISE:TypeError;RAISE:TypeError;RAISE:TypeError;RAISE:TypeError;RAISE:TypeError;RAISE:TypeError;RAISE:TypeError;RAISE:TypeError;RAISE:TypeError;RAISE:TypeError;RAISE:TypeError;RAISE:TypeError;RAISE:TypeError;RAISE:TypeError;RAISE:TypeError;RAISE:TypeError;RAISE:TypeError;RAISE:TypeError;RAISE:TypeError;RAISE:TypeError;RAISE:TypeError;RAISE:TypeError;RAISE:TypeError;RAISE:TypeError;RAISE:TypeError;RAISE:TypeError;RAISE:TypeError;RAISE:TypeError;RAISE:TypeError;RAISE:TypeError;RAISE:TypeError;RAISE:TypeError;RAISE:TypeError;RAISE:TypeError;RAISE:TypeError;RAISE:TypeError;RAISE:TypeError;RAISE:TypeError;RAISE:TypeError;RAISE:TypeError;RAISE:TypeError;RAISE:TypeError;RAISE:TypeError;RAISE:TypeError;RAISE:TypeError;RAISE:TypeError;RAISE:TypeError;RAISE:TypeError;RAISE:TypeError;RAISE:TypeError;RAISE:TypeError;RAISE:TypeError;RAISE:TypeError;RAISE:TypeError;RAISE:TypeError;RAISE:TypeError;RAISE:TypeError;RAISE:TypeError;RAISE:TypeError;RAISE:TypeError;RAISE:TypeError;RAISE:TypeError;RAISE:TypeError;RAISE:TypeError;RAISE:TypeError;RAISE:TypeError;RAISE:TypeError;RAISE:TypeError;RAISE:TypeError;RAISE:TypeError;RAISE:TypeError;RAISE:TypeError;RAISE:TypeError;RAISE:TypeError;RAISE:TypeError;RAISE:TypeError;RAISE:TypeError;RAISE:TypeError;RAISE:TypeError;RAISE:TypeError;RAISE:TypeError;RAISE:TypeError;RAISE:TypeError;RAISE:TypeError;RAISE:TypeError;RAISE:TypeError;RAISE:TypeError;RAISE:TypeError;RAISE:TypeError;RAISE:TypeError;RAISE:TypeError;RAISE:TypeError;RAISE:TypeError;RAISE:TypeError;RAISE:TypeError;RAISE:TypeError;RAISE:TypeError;RAISE:TypeError;RAISE:TypeError;RAISE:TypeError;RAISE:TypeError;RAISE:TypeError;RAISE:TypeError;RAISE:TypeError;RAISE:TypeError;RAISE:TypeError;RAISE:TypeError;RAISE:TypeError;RAISE:TypeError;RAISE:TypeError;RAISE:TypeError;RAISE:TypeError;RAISE:TypeError;RAISE:TypeError;RAISE:TypeError;RAISE:TypeError;RAISE:TypeError;RAISE:TypeError;RAISE:TypeError;RAISE:TypeError;RAISE:TypeError;RAISE:TypeError;RAISE:TypeError;RAISE:TypeError;RAISE:TypeError,0,272,0,"whole/L1/17:-2^63,-2^63+1,-2^53-1,-2^31,-42,-1,0,1,7,42,1000,2^31-1,2^31,2^53-1,2^53+1,2^63-1,2^64-1","fractional/L1/16:-max_finite,-1.5,-1.0,-(1.0-1ulp),-0.0,+0.0,+min_subnormal,+min_normal,1.0-1ulp,1.0,1.0+1ulp,1.5,pi,2^53,max_finite,0.1"
A14_2_7,1,whole|fractional,int,Decimal,"whole/L1/17:-2^63,-2^63+1,-2^53-1,-2^31,-42,-1,0,1,7,42,1000,2^31-1,2^31,2^53-1,2^53+1,2^63-1,2^64-1","fractional/L1/16:-max_finite,-1.5,-1.0,-(1.0-1ulp),-0.0,+0.0,+min_subnormal,+min_normal,1.0-1ulp,1.0,1.0+1ulp,1.5,pi,2^53,max_finite,0.1",272,RAISE:TypeError;RAISE:TypeError;RAISE:TypeError;RAISE:TypeError;RAISE:TypeError;RAISE:TypeError;RAISE:TypeError;RAISE:TypeError;RAISE:TypeError;RAISE:TypeError;RAISE:TypeError;RAISE:TypeError;RAISE:TypeError;RAISE:TypeError;RAISE:TypeError;RAISE:TypeError;RAISE:TypeError;RAISE:TypeError;RAISE:TypeError;RAISE:TypeError;RAISE:TypeError;RAISE:TypeError;RAISE:TypeError;RAISE:TypeError;RAISE:TypeError;RAISE:TypeError;RAISE:TypeError;RAISE:TypeError;RAISE:TypeError;RAISE:TypeError;RAISE:TypeError;RAISE:TypeError;RAISE:TypeError;RAISE:TypeError;RAISE:TypeError;RAISE:TypeError;RAISE:TypeError;RAISE:TypeError;RAISE:TypeError;RAISE:TypeError;RAISE:TypeError;RAISE:TypeError;RAISE:TypeError;RAISE:TypeError;RAISE:TypeError;RAISE:TypeError;RAISE:TypeError;RAISE:TypeError;RAISE:TypeError;RAISE:TypeError;RAISE:TypeError;RAISE:TypeError;RAISE:TypeError;RAISE:TypeError;RAISE:TypeError;RAISE:TypeError;RAISE:TypeError;RAISE:TypeError;RAISE:TypeError;RAISE:TypeError;RAISE:TypeError;RAISE:TypeError;RAISE:TypeError;RAISE:TypeError;RAISE:TypeError;RAISE:TypeError;RAISE:TypeError;RAISE:TypeError;RAISE:TypeError;RAISE:TypeError;RAISE:TypeError;RAISE:TypeError;RAISE:TypeError;RAISE:TypeError;RAISE:TypeError;RAISE:TypeError;RAISE:TypeError;RAISE:TypeError;RAISE:TypeError;RAISE:TypeError;RAISE:TypeError;RAISE:TypeError;RAISE:TypeError;RAISE:TypeError;RAISE:TypeError;RAISE:TypeError;RAISE:TypeError;RAISE:TypeError;RAISE:TypeError;RAISE:TypeError;RAISE:TypeError;RAISE:TypeError;RAISE:TypeError;RAISE:TypeError;RAISE:TypeError;RAISE:TypeError;RAISE:TypeError;RAISE:TypeError;RAISE:TypeError;RAISE:TypeError;RAISE:TypeError;RAISE:TypeError;RAISE:TypeError;RAISE:TypeError;RAISE:TypeError;RAISE:TypeError;RAISE:TypeError;RAISE:TypeError;RAISE:TypeError;RAISE:TypeError;RAISE:TypeError;RAISE:TypeError;RAISE:TypeError;RAISE:TypeError;RAISE:TypeError;RAISE:TypeError;RAISE:TypeError;RAISE:TypeError;RAISE:TypeError;RAISE:TypeError;RAISE:TypeError;RAISE:TypeError;RAISE:TypeError;RAISE:TypeError;RAISE:TypeError;RAISE:TypeError;RAISE:TypeError;RAISE:TypeError;RAISE:TypeError;RAISE:TypeError;RAISE:TypeError;RAISE:TypeError;RAISE:TypeError;RAISE:TypeError;RAISE:TypeError;RAISE:TypeError;RAISE:TypeError;RAISE:TypeError;RAISE:TypeError;RAISE:TypeError;RAISE:TypeError;RAISE:TypeError;RAISE:TypeError;RAISE:TypeError;RAISE:TypeError;RAISE:TypeError;RAISE:TypeError;RAISE:TypeError;RAISE:TypeError;RAISE:TypeError;RAISE:TypeError;RAISE:TypeError;RAISE:TypeError;RAISE:TypeError;RAISE:TypeError;RAISE:TypeError;RAISE:TypeError;RAISE:TypeError;RAISE:TypeError;RAISE:TypeError;RAISE:TypeError;RAISE:TypeError;RAISE:TypeError;RAISE:TypeError;RAISE:TypeError;RAISE:TypeError;RAISE:TypeError;RAISE:TypeError;RAISE:TypeError;RAISE:TypeError;RAISE:TypeError;RAISE:TypeError;RAISE:TypeError;RAISE:TypeError;RAISE:TypeError;RAISE:TypeError;RAISE:TypeError;RAISE:TypeError;RAISE:TypeError;RAISE:TypeError;RAISE:TypeError;RAISE:TypeError;RAISE:TypeError;RAISE:TypeError;RAISE:TypeError;RAISE:TypeError;RAISE:TypeError;RAISE:TypeError;RAISE:TypeError;RAISE:TypeError;RAISE:TypeError;RAISE:TypeError;RAISE:TypeError;RAISE:TypeError;RAISE:TypeError;RAISE:TypeError;RAISE:TypeError;RAISE:TypeError;RAISE:TypeError;RAISE:TypeError;RAISE:TypeError;RAISE:TypeError;RAISE:TypeError;RAISE:TypeError;RAISE:TypeError;RAISE:TypeError;RAISE:TypeError;RAISE:TypeError;RAISE:TypeError;RAISE:TypeError;RAISE:TypeError;RAISE:TypeError;RAISE:TypeError;RAISE:TypeError;RAISE:TypeError;RAISE:TypeError;RAISE:TypeError;RAISE:TypeError;RAISE:TypeError;RAISE:TypeError;RAISE:TypeError;RAISE:TypeError;RAISE:TypeError;RAISE:TypeError;RAISE:TypeError;RAISE:TypeError;RAISE:TypeError;RAISE:TypeError;RAISE:TypeError;RAISE:TypeError;RAISE:TypeError;RAISE:TypeError;RAISE:TypeError;RAISE:TypeError;RAISE:TypeError;RAISE:TypeError;RAISE:TypeError;RAISE:TypeError;RAISE:TypeError;RAISE:TypeError;RAISE:TypeError;RAISE:TypeError;RAISE:TypeError;RAISE:TypeError;RAISE:TypeError;RAISE:TypeError;RAISE:TypeError;RAISE:TypeError;RAISE:TypeError;RAISE:TypeError;RAISE:TypeError;RAISE:TypeError;RAISE:TypeError;RAISE:TypeError;RAISE:TypeError;RAISE:TypeError;RAISE:TypeError;RAISE:TypeError;RAISE:TypeError;RAISE:TypeError;RAISE:TypeError;RAISE:TypeError;RAISE:TypeError;RAISE:TypeError;RAISE:TypeError;RAISE:TypeError;RAISE:TypeError;RAISE:TypeError;RAISE:TypeError;RAISE:TypeError;RAISE:TypeError;RAISE:TypeError,0,272,0,"whole/L1/17:-2^63,-2^63+1,-2^53-1,-2^31,-42,-1,0,1,7,42,1000,2^31-1,2^31,2^53-1,2^53+1,2^63-1,2^64-1","fractional/L1/16:-max_finite,-1.5,-1.0,-(1.0-1ulp),-0.0,+0.0,+min_subnormal,+min_normal,1.0-1ulp,1.0,1.0+1ulp,1.5,pi,2^53,max_finite,0.1"
A14_2_8,1,whole|fractional,int,Fraction,"whole/L1/17:-2^63,-2^63+1,-2^53-1,-2^31,-42,-1,0,1,7,42,1000,2^31-1,2^31,2^53-1,2^53+1,2^63-1,2^64-1","fractional/L1/16:-max_finite,-1.5,-1.0,-(1.0-1ulp),-0.0,+0.0,+min_subnormal,+min_normal,1.0-1ulp,1.0,1.0+1ulp,1.5,pi,2^53,max_finite,0.1",272,RAISE:TypeError;RAISE:TypeError;RAISE:TypeError;RAISE:TypeError;UNREPRESENTABLE;RAISE:TypeError;RAISE:TypeError;RAISE:TypeError;RAISE:TypeError;RAISE:TypeError;RAISE:TypeError;RAISE:TypeError;RAISE:TypeError;RAISE:TypeError;RAISE:TypeError;RAISE:TypeError;RAISE:TypeError;RAISE:TypeError;RAISE:TypeError;RAISE:TypeError;UNREPRESENTABLE;RAISE:TypeError;RAISE:TypeError;RAISE:TypeError;RAISE:TypeError;RAISE:TypeError;RAISE:TypeError;RAISE:TypeError;RAISE:TypeError;RAISE:TypeError;RAISE:TypeError;RAISE:TypeError;RAISE:TypeError;RAISE:TypeError;RAISE:TypeError;RAISE:TypeError;UNREPRESENTABLE;RAISE:TypeError;RAISE:TypeError;RAISE:TypeError;RAISE:TypeError;RAISE:TypeError;RAISE:TypeError;RAISE:TypeError;RAISE:TypeError;RAISE:TypeError;RAISE:TypeError;RAISE:TypeError;RAISE:TypeError;RAISE:TypeError;RAISE:TypeError;RAISE:TypeError;UNREPRESENTABLE;RAISE:TypeError;RAISE:TypeError;RAISE:TypeError;RAISE:TypeError;RAISE:TypeError;RAISE:TypeError;RAISE:TypeError;RAISE:TypeError;RAISE:TypeError;RAISE:TypeError;RAISE:TypeError;RAISE:TypeError;RAISE:TypeError;RAISE:TypeError;RAISE:TypeError;UNREPRESENTABLE;RAISE:TypeError;RAISE:TypeError;RAISE:TypeError;RAISE:TypeError;RAISE:TypeError;RAISE:TypeError;RAISE:TypeError;RAISE:TypeError;RAISE:TypeError;RAISE:TypeError;RAISE:TypeError;RAISE:TypeError;RAISE:TypeError;RAISE:TypeError;RAISE:TypeError;UNREPRESENTABLE;RAISE:TypeError;RAISE:TypeError;RAISE:TypeError;RAISE:TypeError;RAISE:TypeError;RAISE:TypeError;RAISE:TypeError;RAISE:TypeError;RAISE:TypeError;RAISE:TypeError;RAISE:TypeError;RAISE:TypeError;RAISE:TypeError;RAISE:TypeError;RAISE:TypeError;UNREPRESENTABLE;RAISE:TypeError;RAISE:TypeError;RAISE:TypeError;RAISE:TypeError;RAISE:TypeError;RAISE:TypeError;RAISE:TypeError;RAISE:TypeError;RAISE:TypeError;RAISE:TypeError;RAISE:TypeError;RAISE:TypeError;RAISE:TypeError;RAISE:TypeError;RAISE:TypeError;UNREPRESENTABLE;RAISE:TypeError;RAISE:TypeError;RAISE:TypeError;RAISE:TypeError;RAISE:TypeError;RAISE:TypeError;RAISE:TypeError;RAISE:TypeError;RAISE:TypeError;RAISE:TypeError;RAISE:TypeError;RAISE:TypeError;RAISE:TypeError;RAISE:TypeError;RAISE:TypeError;UNREPRESENTABLE;RAISE:TypeError;RAISE:TypeError;RAISE:TypeError;RAISE:TypeError;RAISE:TypeError;RAISE:TypeError;RAISE:TypeError;RAISE:TypeError;RAISE:TypeError;RAISE:TypeError;RAISE:TypeError;RAISE:TypeError;RAISE:TypeError;RAISE:TypeError;RAISE:TypeError;UNREPRESENTABLE;RAISE:TypeError;RAISE:TypeError;RAISE:TypeError;RAISE:TypeError;RAISE:TypeError;RAISE:TypeError;RAISE:TypeError;RAISE:TypeError;RAISE:TypeError;RAISE:TypeError;RAISE:TypeError;RAISE:TypeError;RAISE:TypeError;RAISE:TypeError;RAISE:TypeError;UNREPRESENTABLE;RAISE:TypeError;RAISE:TypeError;RAISE:TypeError;RAISE:TypeError;RAISE:TypeError;RAISE:TypeError;RAISE:TypeError;RAISE:TypeError;RAISE:TypeError;RAISE:TypeError;RAISE:TypeError;RAISE:TypeError;RAISE:TypeError;RAISE:TypeError;RAISE:TypeError;UNREPRESENTABLE;RAISE:TypeError;RAISE:TypeError;RAISE:TypeError;RAISE:TypeError;RAISE:TypeError;RAISE:TypeError;RAISE:TypeError;RAISE:TypeError;RAISE:TypeError;RAISE:TypeError;RAISE:TypeError;RAISE:TypeError;RAISE:TypeError;RAISE:TypeError;RAISE:TypeError;UNREPRESENTABLE;RAISE:TypeError;RAISE:TypeError;RAISE:TypeError;RAISE:TypeError;RAISE:TypeError;RAISE:TypeError;RAISE:TypeError;RAISE:TypeError;RAISE:TypeError;RAISE:TypeError;RAISE:TypeError;RAISE:TypeError;RAISE:TypeError;RAISE:TypeError;RAISE:TypeError;UNREPRESENTABLE;RAISE:TypeError;RAISE:TypeError;RAISE:TypeError;RAISE:TypeError;RAISE:TypeError;RAISE:TypeError;RAISE:TypeError;RAISE:TypeError;RAISE:TypeError;RAISE:TypeError;RAISE:TypeError;RAISE:TypeError;RAISE:TypeError;RAISE:TypeError;RAISE:TypeError;UNREPRESENTABLE;RAISE:TypeError;RAISE:TypeError;RAISE:TypeError;RAISE:TypeError;RAISE:TypeError;RAISE:TypeError;RAISE:TypeError;RAISE:TypeError;RAISE:TypeError;RAISE:TypeError;RAISE:TypeError;RAISE:TypeError;RAISE:TypeError;RAISE:TypeError;RAISE:TypeError;UNREPRESENTABLE;RAISE:TypeError;RAISE:TypeError;RAISE:TypeError;RAISE:TypeError;RAISE:TypeError;RAISE:TypeError;RAISE:TypeError;RAISE:TypeError;RAISE:TypeError;RAISE:TypeError;RAISE:TypeError;RAISE:TypeError;RAISE:TypeError;RAISE:TypeError;RAISE:TypeError;UNREPRESENTABLE;RAISE:TypeError;RAISE:TypeError;RAISE:TypeError;RAISE:TypeError;RAISE:TypeError;RAISE:TypeError;RAISE:TypeError;RAISE:TypeError;RAISE:TypeError;RAISE:TypeError;RAISE:TypeError,0,255,17,"whole/L1/17:-2^63,-2^63+1,-2^53-1,-2^31,-42,-1,0,1,7,42,1000,2^31-1,2^31,2^53-1,2^53+1,2^63-1,2^64-1","fractional/L1/15:-max_finite,-1.5,-1.0,-(1.0-1ulp),+0.0,+min_subnormal,+min_normal,1.0-1ulp,1.0,1.0+1ulp,1.5,pi,2^53,max_finite,0.1"
A14_3_1,1,whole|truth,Decimal,bool,"whole/L1/17:-2^63,-2^63+1,-2^53-1,-2^31,-42,-1,0,1,7,42,1000,2^31-1,2^31,2^53-1,2^53+1,2^63-1,2^64-1","truth/L1/6:true,false,0,1,"""",nil",102,RAISE:TypeError;RAISE:TypeError;RAISE:TypeError;RAISE:TypeError;RAISE:TypeError;RAISE:TypeError;RAISE:TypeError;RAISE:TypeError;RAISE:TypeError;RAISE:TypeError;RAISE:TypeError;RAISE:TypeError;RAISE:TypeError;RAISE:TypeError;RAISE:TypeError;RAISE:TypeError;RAISE:TypeError;RAISE:TypeError;RAISE:TypeError;RAISE:TypeError;RAISE:TypeError;RAISE:TypeError;RAISE:TypeError;RAISE:TypeError;RAISE:TypeError;RAISE:TypeError;RAISE:TypeError;RAISE:TypeError;RAISE:TypeError;RAISE:TypeError;RAISE:TypeError;RAISE:TypeError;RAISE:TypeError;RAISE:TypeError;RAISE:TypeError;RAISE:TypeError;RAISE:TypeError;RAISE:TypeError;RAISE:TypeError;RAISE:TypeError;RAISE:TypeError;RAISE:TypeError;RAISE:TypeError;RAISE:TypeError;RAISE:TypeError;RAISE:TypeError;RAISE:TypeError;RAISE:TypeError;RAISE:TypeError;RAISE:TypeError;RAISE:TypeError;RAISE:TypeError;RAISE:TypeError;RAISE:TypeError;RAISE:TypeError;RAISE:TypeError;RAISE:TypeError;RAISE:TypeError;RAISE:TypeError;RAISE:TypeError;RAISE:TypeError;RAISE:TypeError;RAISE:TypeError;RAISE:TypeError;RAISE:TypeError;RAISE:TypeError;RAISE:TypeError;RAISE:TypeError;RAISE:TypeError;RAISE:TypeError;RAISE:TypeError;RAISE:TypeError;RAISE:TypeError;RAISE:TypeError;RAISE:TypeError;RAISE:TypeError;RAISE:TypeError;RAISE:TypeError;RAISE:TypeError;RAISE:TypeError;RAISE:TypeError;RAISE:TypeError;RAISE:TypeError;RAISE:TypeError;RAISE:TypeError;RAISE:TypeError;RAISE:TypeError;RAISE:TypeError;RAISE:TypeError;RAISE:TypeError;RAISE:TypeError;RAISE:TypeError;RAISE:TypeError;RAISE:TypeError;RAISE:TypeError;RAISE:TypeError;RAISE:TypeError;RAISE:TypeError;RAISE:TypeError;RAISE:TypeError;RAISE:TypeError;RAISE:TypeError,0,102,0,"whole/L1/17:-2^63,-2^63+1,-2^53-1,-2^31,-42,-1,0,1,7,42,1000,2^31-1,2^31,2^53-1,2^53+1,2^63-1,2^64-1","truth/L1/6:true,false,0,1,"""",nil"
A14_3_2,1,whole|whole,Decimal,int,"whole/L1/17:-2^63,-2^63+1,-2^53-1,-2^31,-42,-1,0,1,7,42,1000,2^31-1,2^31,2^53-1,2^53+1,2^63-1,2^64-1","whole/L1/17:-2^63,-2^63+1,-2^53-1,-2^31,-42,-1,0,1,7,42,1000,2^31-1,2^31,2^53-1,2^53+1,2^63-1,2^64-1",289,RAISE:TypeError;RAISE:TypeError;RAISE:TypeError;RAISE:TypeError;RAISE:TypeError;RAISE:TypeError;RAISE:TypeError;RAISE:TypeError;RAISE:TypeError;RAISE:TypeError;RAISE:TypeError;RAISE:TypeError;RAISE:TypeError;RAISE:TypeError;RAISE:TypeError;RAISE:TypeError;RAISE:TypeError;RAISE:TypeError;RAISE:TypeError;RAISE:TypeError;RAISE:TypeError;RAISE:TypeError;RAISE:TypeError;RAISE:TypeError;RAISE:TypeError;RAISE:TypeError;RAISE:TypeError;RAISE:TypeError;RAISE:TypeError;RAISE:TypeError;RAISE:TypeError;RAISE:TypeError;RAISE:TypeError;RAISE:TypeError;RAISE:TypeError;RAISE:TypeError;RAISE:TypeError;RAISE:TypeError;RAISE:TypeError;RAISE:TypeError;RAISE:TypeError;RAISE:TypeError;RAISE:TypeError;RAISE:TypeError;RAISE:TypeError;RAISE:TypeError;RAISE:TypeError;RAISE:TypeError;RAISE:TypeError;RAISE:TypeError;RAISE:TypeError;RAISE:TypeError;RAISE:TypeError;RAISE:TypeError;RAISE:TypeError;RAISE:TypeError;RAISE:TypeError;RAISE:TypeError;RAISE:TypeError;RAISE:TypeError;RAISE:TypeError;RAISE:TypeError;RAISE:TypeError;RAISE:TypeError;RAISE:TypeError;RAISE:TypeError;RAISE:TypeError;RAISE:TypeError;RAISE:TypeError;RAISE:TypeError;RAISE:TypeError;RAISE:TypeError;RAISE:TypeError;RAISE:TypeError;RAISE:TypeError;RAISE:TypeError;RAISE:TypeError;RAISE:TypeError;RAISE:TypeError;RAISE:TypeError;RAISE:TypeError;RAISE:TypeError;RAISE:TypeError;RAISE:TypeError;RAISE:TypeError;RAISE:TypeError;RAISE:TypeError;RAISE:TypeError;RAISE:TypeError;RAISE:TypeError;RAISE:TypeError;RAISE:TypeError;RAISE:TypeError;RAISE:TypeError;RAISE:TypeError;RAISE:TypeError;RAISE:TypeError;RAISE:TypeError;RAISE:TypeError;RAISE:TypeError;RAISE:TypeError;RAISE:TypeError;RAISE:TypeError;RAISE:TypeError;RAISE:TypeError;RAISE:TypeError;RAISE:TypeError;RAISE:TypeError;RAISE:TypeError;RAISE:TypeError;RAISE:TypeError;RAISE:TypeError;RAISE:TypeError;RAISE:TypeError;RAISE:TypeError;RAISE:TypeError;RAISE:TypeError;RAISE:TypeError;RAISE:TypeError;RAISE:TypeError;RAISE:TypeError;RAISE:TypeError;RAISE:TypeError;RAISE:TypeError;RAISE:TypeError;RAISE:TypeError;RAISE:TypeError;RAISE:TypeError;RAISE:TypeError;RAISE:TypeError;RAISE:TypeError;RAISE:TypeError;RAISE:TypeError;RAISE:TypeError;RAISE:TypeError;RAISE:TypeError;RAISE:TypeError;RAISE:TypeError;RAISE:TypeError;RAISE:TypeError;RAISE:TypeError;RAISE:TypeError;RAISE:TypeError;RAISE:TypeError;RAISE:TypeError;RAISE:TypeError;RAISE:TypeError;RAISE:TypeError;RAISE:TypeError;RAISE:TypeError;RAISE:TypeError;RAISE:TypeError;RAISE:TypeError;RAISE:TypeError;RAISE:TypeError;RAISE:TypeError;RAISE:TypeError;RAISE:TypeError;RAISE:TypeError;RAISE:TypeError;RAISE:TypeError;RAISE:TypeError;RAISE:TypeError;RAISE:TypeError;RAISE:TypeError;RAISE:TypeError;RAISE:TypeError;RAISE:TypeError;RAISE:TypeError;RAISE:TypeError;RAISE:TypeError;RAISE:TypeError;RAISE:TypeError;RAISE:TypeError;RAISE:TypeError;RAISE:TypeError;RAISE:TypeError;RAISE:TypeError;RAISE:TypeError;RAISE:TypeError;RAISE:TypeError;RAISE:TypeError;RAISE:TypeError;RAISE:TypeError;RAISE:TypeError;RAISE:TypeError;RAISE:TypeError;RAISE:TypeError;RAISE:TypeError;RAISE:TypeError;RAISE:TypeError;RAISE:TypeError;RAISE:TypeError;RAISE:TypeError;RAISE:TypeError;RAISE:TypeError;RAISE:TypeError;RAISE:TypeError;RAISE:TypeError;RAISE:TypeError;RAISE:TypeError;RAISE:TypeError;RAISE:TypeError;RAISE:TypeError;RAISE:TypeError;RAISE:TypeError;RAISE:TypeError;RAISE:TypeError;RAISE:TypeError;RAISE:TypeError;RAISE:TypeError;RAISE:TypeError;RAISE:TypeError;RAISE:TypeError;RAISE:TypeError;RAISE:TypeError;RAISE:TypeError;RAISE:TypeError;RAISE:TypeError;RAISE:TypeError;RAISE:TypeError;RAISE:TypeError;RAISE:TypeError;RAISE:TypeError;RAISE:TypeError;RAISE:TypeError;RAISE:TypeError;RAISE:TypeError;RAISE:TypeError;RAISE:TypeError;RAISE:TypeError;RAISE:TypeError;RAISE:TypeError;RAISE:TypeError;RAISE:TypeError;RAISE:TypeError;RAISE:TypeError;RAISE:TypeError;RAISE:TypeError;RAISE:TypeError;RAISE:TypeError;RAISE:TypeError;RAISE:TypeError;RAISE:TypeError;RAISE:TypeError;RAISE:TypeError;RAISE:TypeError;RAISE:TypeError;RAISE:TypeError;RAISE:TypeError;RAISE:TypeError;RAISE:TypeError;RAISE:TypeError;RAISE:TypeError;RAISE:TypeError;RAISE:TypeError;RAISE:TypeError;RAISE:TypeError;RAISE:TypeError;RAISE:TypeError;RAISE:TypeError;RAISE:TypeError;RAISE:TypeError;RAISE:TypeError;RAISE:TypeError;RAISE:TypeError;RAISE:TypeError;RAISE:TypeError;RAISE:TypeError;RAISE:TypeError;RAISE:TypeError;RAISE:TypeError;RAISE:TypeError;RAISE:TypeError;RAISE:TypeError;RAISE:TypeError;RAISE:TypeError;RAISE:TypeError;RAISE:TypeError;RAISE:TypeError;RAISE:TypeError;RAISE:TypeError;RAISE:TypeError;RAISE:TypeError;RAISE:TypeError;RAISE:TypeError;RAISE:TypeError;RAISE:TypeError;RAISE:TypeError,0,289,0,"whole/L1/17:-2^63,-2^63+1,-2^53-1,-2^31,-42,-1,0,1,7,42,1000,2^31-1,2^31,2^53-1,2^53+1,2^63-1,2^64-1","whole/L1/17:-2^63,-2^63+1,-2^53-1,-2^31,-42,-1,0,1,7,42,1000,2^31-1,2^31,2^53-1,2^53+1,2^63-1,2^64-1"
A14_3_3,1,whole|whole,Decimal,Decimal,"whole/L1/17:-2^63,-2^63+1,-2^53-1,-2^31,-42,-1,0,1,7,42,1000,2^31-1,2^31,2^53-1,2^53+1,2^63-1,2^64-1","whole/L1/17:-2^63,-2^63+1,-2^53-1,-2^31,-42,-1,0,1,7,42,1000,2^31-1,2^31,2^53-1,2^53+1,2^63-1,2^64-1",289,RAISE:TypeError;RAISE:TypeError;RAISE:TypeError;RAISE:TypeError;RAISE:TypeError;RAISE:TypeError;RAISE:TypeError;RAISE:TypeError;RAISE:TypeError;RAISE:TypeError;RAISE:TypeError;RAISE:TypeError;RAISE:TypeError;RAISE:TypeError;RAISE:TypeError;RAISE:TypeError;RAISE:TypeError;RAISE:TypeError;RAISE:TypeError;RAISE:TypeError;RAISE:TypeError;RAISE:TypeError;RAISE:TypeError;RAISE:TypeError;RAISE:TypeError;RAISE:TypeError;RAISE:TypeError;RAISE:TypeError;RAISE:TypeError;RAISE:TypeError;RAISE:TypeError;RAISE:TypeError;RAISE:TypeError;RAISE:TypeError;RAISE:TypeError;RAISE:TypeError;RAISE:TypeError;RAISE:TypeError;RAISE:TypeError;RAISE:TypeError;RAISE:TypeError;RAISE:TypeError;RAISE:TypeError;RAISE:TypeError;RAISE:TypeError;RAISE:TypeError;RAISE:TypeError;RAISE:TypeError;RAISE:TypeError;RAISE:TypeError;RAISE:TypeError;RAISE:TypeError;RAISE:TypeError;RAISE:TypeError;RAISE:TypeError;RAISE:TypeError;RAISE:TypeError;RAISE:TypeError;RAISE:TypeError;RAISE:TypeError;RAISE:TypeError;RAISE:TypeError;RAISE:TypeError;RAISE:TypeError;RAISE:TypeError;RAISE:TypeError;RAISE:TypeError;RAISE:TypeError;RAISE:TypeError;RAISE:TypeError;RAISE:TypeError;RAISE:TypeError;RAISE:TypeError;RAISE:TypeError;RAISE:TypeError;RAISE:TypeError;RAISE:TypeError;RAISE:TypeError;RAISE:TypeError;RAISE:TypeError;RAISE:TypeError;RAISE:TypeError;RAISE:TypeError;RAISE:TypeError;RAISE:TypeError;RAISE:TypeError;RAISE:TypeError;RAISE:TypeError;RAISE:TypeError;RAISE:TypeError;RAISE:TypeError;RAISE:TypeError;RAISE:TypeError;RAISE:TypeError;RAISE:TypeError;RAISE:TypeError;RAISE:TypeError;RAISE:TypeError;RAISE:TypeError;RAISE:TypeError;RAISE:TypeError;RAISE:TypeError;RAISE:TypeError;RAISE:TypeError;RAISE:TypeError;RAISE:TypeError;RAISE:TypeError;RAISE:TypeError;RAISE:TypeError;RAISE:TypeError;RAISE:TypeError;RAISE:TypeError;RAISE:TypeError;RAISE:TypeError;RAISE:TypeError;RAISE:TypeError;RAISE:TypeError;RAISE:TypeError;RAISE:TypeError;RAISE:TypeError;RAISE:TypeError;RAISE:TypeError;RAISE:TypeError;RAISE:TypeError;RAISE:TypeError;RAISE:TypeError;RAISE:TypeError;RAISE:TypeError;RAISE:TypeError;RAISE:TypeError;RAISE:TypeError;RAISE:TypeError;RAISE:TypeError;RAISE:TypeError;RAISE:TypeError;RAISE:TypeError;RAISE:TypeError;RAISE:TypeError;RAISE:TypeError;RAISE:TypeError;RAISE:TypeError;RAISE:TypeError;RAISE:TypeError;RAISE:TypeError;RAISE:TypeError;RAISE:TypeError;RAISE:TypeError;RAISE:TypeError;RAISE:TypeError;RAISE:TypeError;RAISE:TypeError;RAISE:TypeError;RAISE:TypeError;RAISE:TypeError;RAISE:TypeError;RAISE:TypeError;RAISE:TypeError;RAISE:TypeError;RAISE:TypeError;RAISE:TypeError;RAISE:TypeError;RAISE:TypeError;RAISE:TypeError;RAISE:TypeError;RAISE:TypeError;RAISE:TypeError;RAISE:TypeError;RAISE:TypeError;RAISE:TypeError;RAISE:TypeError;RAISE:TypeError;RAISE:TypeError;RAISE:TypeError;RAISE:TypeError;RAISE:TypeError;RAISE:TypeError;RAISE:TypeError;RAISE:TypeError;RAISE:TypeError;RAISE:TypeError;RAISE:TypeError;RAISE:TypeError;RAISE:TypeError;RAISE:TypeError;RAISE:TypeError;RAISE:TypeError;RAISE:TypeError;RAISE:TypeError;RAISE:TypeError;RAISE:TypeError;RAISE:TypeError;RAISE:TypeError;RAISE:TypeError;RAISE:TypeError;RAISE:TypeError;RAISE:TypeError;RAISE:TypeError;RAISE:TypeError;RAISE:TypeError;RAISE:TypeError;RAISE:TypeError;RAISE:TypeError;RAISE:TypeError;RAISE:TypeError;RAISE:TypeError;RAISE:TypeError;RAISE:TypeError;RAISE:TypeError;RAISE:TypeError;RAISE:TypeError;RAISE:TypeError;RAISE:TypeError;RAISE:TypeError;RAISE:TypeError;RAISE:TypeError;RAISE:TypeError;RAISE:TypeError;RAISE:TypeError;RAISE:TypeError;RAISE:TypeError;RAISE:TypeError;RAISE:TypeError;RAISE:TypeError;RAISE:TypeError;RAISE:TypeError;RAISE:TypeError;RAISE:TypeError;RAISE:TypeError;RAISE:TypeError;RAISE:TypeError;RAISE:TypeError;RAISE:TypeError;RAISE:TypeError;RAISE:TypeError;RAISE:TypeError;RAISE:TypeError;RAISE:TypeError;RAISE:TypeError;RAISE:TypeError;RAISE:TypeError;RAISE:TypeError;RAISE:TypeError;RAISE:TypeError;RAISE:TypeError;RAISE:TypeError;RAISE:TypeError;RAISE:TypeError;RAISE:TypeError;RAISE:TypeError;RAISE:TypeError;RAISE:TypeError;RAISE:TypeError;RAISE:TypeError;RAISE:TypeError;RAISE:TypeError;RAISE:TypeError;RAISE:TypeError;RAISE:TypeError;RAISE:TypeError;RAISE:TypeError;RAISE:TypeError;RAISE:TypeError;RAISE:TypeError;RAISE:TypeError;RAISE:TypeError;RAISE:TypeError;RAISE:TypeError;RAISE:TypeError;RAISE:TypeError;RAISE:TypeError;RAISE:TypeError;RAISE:TypeError;RAISE:TypeError;RAISE:TypeError;RAISE:TypeError;RAISE:TypeError;RAISE:TypeError;RAISE:TypeError;RAISE:TypeError;RAISE:TypeError;RAISE:TypeError;RAISE:TypeError;RAISE:TypeError;RAISE:TypeError;RAISE:TypeError;RAISE:TypeError;RAISE:TypeError;RAISE:TypeError;RAISE:TypeError,0,289,0,"whole/L1/17:-2^63,-2^63+1,-2^53-1,-2^31,-42,-1,0,1,7,42,1000,2^31-1,2^31,2^53-1,2^53+1,2^63-1,2^64-1","whole/L1/17:-2^63,-2^63+1,-2^53-1,-2^31,-42,-1,0,1,7,42,1000,2^31-1,2^31,2^53-1,2^53+1,2^63-1,2^64-1"
A14_3_4,1,whole|whole,Decimal,Fraction,"whole/L1/17:-2^63,-2^63+1,-2^53-1,-2^31,-42,-1,0,1,7,42,1000,2^31-1,2^31,2^53-1,2^53+1,2^63-1,2^64-1","whole/L1/17:-2^63,-2^63+1,-2^53-1,-2^31,-42,-1,0,1,7,42,1000,2^31-1,2^31,2^53-1,2^53+1,2^63-1,2^64-1",289,RAISE:TypeError;RAISE:TypeError;RAISE:TypeError;RAISE:TypeError;RAISE:TypeError;RAISE:TypeError;RAISE:TypeError;RAISE:TypeError;RAISE:TypeError;RAISE:TypeError;RAISE:TypeError;RAISE:TypeError;RAISE:TypeError;RAISE:TypeError;RAISE:TypeError;RAISE:TypeError;RAISE:TypeError;RAISE:TypeError;RAISE:TypeError;RAISE:TypeError;RAISE:TypeError;RAISE:TypeError;RAISE:TypeError;RAISE:TypeError;RAISE:TypeError;RAISE:TypeError;RAISE:TypeError;RAISE:TypeError;RAISE:TypeError;RAISE:TypeError;RAISE:TypeError;RAISE:TypeError;RAISE:TypeError;RAISE:TypeError;RAISE:TypeError;RAISE:TypeError;RAISE:TypeError;RAISE:TypeError;RAISE:TypeError;RAISE:TypeError;RAISE:TypeError;RAISE:TypeError;RAISE:TypeError;RAISE:TypeError;RAISE:TypeError;RAISE:TypeError;RAISE:TypeError;RAISE:TypeError;RAISE:TypeError;RAISE:TypeError;RAISE:TypeError;RAISE:TypeError;RAISE:TypeError;RAISE:TypeError;RAISE:TypeError;RAISE:TypeError;RAISE:TypeError;RAISE:TypeError;RAISE:TypeError;RAISE:TypeError;RAISE:TypeError;RAISE:TypeError;RAISE:TypeError;RAISE:TypeError;RAISE:TypeError;RAISE:TypeError;RAISE:TypeError;RAISE:TypeError;RAISE:TypeError;RAISE:TypeError;RAISE:TypeError;RAISE:TypeError;RAISE:TypeError;RAISE:TypeError;RAISE:TypeError;RAISE:TypeError;RAISE:TypeError;RAISE:TypeError;RAISE:TypeError;RAISE:TypeError;RAISE:TypeError;RAISE:TypeError;RAISE:TypeError;RAISE:TypeError;RAISE:TypeError;RAISE:TypeError;RAISE:TypeError;RAISE:TypeError;RAISE:TypeError;RAISE:TypeError;RAISE:TypeError;RAISE:TypeError;RAISE:TypeError;RAISE:TypeError;RAISE:TypeError;RAISE:TypeError;RAISE:TypeError;RAISE:TypeError;RAISE:TypeError;RAISE:TypeError;RAISE:TypeError;RAISE:TypeError;RAISE:TypeError;RAISE:TypeError;RAISE:TypeError;RAISE:TypeError;RAISE:TypeError;RAISE:TypeError;RAISE:TypeError;RAISE:TypeError;RAISE:TypeError;RAISE:TypeError;RAISE:TypeError;RAISE:TypeError;RAISE:TypeError;RAISE:TypeError;RAISE:TypeError;RAISE:TypeError;RAISE:TypeError;RAISE:TypeError;RAISE:TypeError;RAISE:TypeError;RAISE:TypeError;RAISE:TypeError;RAISE:TypeError;RAISE:TypeError;RAISE:TypeError;RAISE:TypeError;RAISE:TypeError;RAISE:TypeError;RAISE:TypeError;RAISE:TypeError;RAISE:TypeError;RAISE:TypeError;RAISE:TypeError;RAISE:TypeError;RAISE:TypeError;RAISE:TypeError;RAISE:TypeError;RAISE:TypeError;RAISE:TypeError;RAISE:TypeError;RAISE:TypeError;RAISE:TypeError;RAISE:TypeError;RAISE:TypeError;RAISE:TypeError;RAISE:TypeError;RAISE:TypeError;RAISE:TypeError;RAISE:TypeError;RAISE:TypeError;RAISE:TypeError;RAISE:TypeError;RAISE:TypeError;RAISE:TypeError;RAISE:TypeError;RAISE:TypeError;RAISE:TypeError;RAISE:TypeError;RAISE:TypeError;RAISE:TypeError;RAISE:TypeError;RAISE:TypeError;RAISE:TypeError;RAISE:TypeError;RAISE:TypeError;RAISE:TypeError;RAISE:TypeError;RAISE:TypeError;RAISE:TypeError;RAISE:TypeError;RAISE:TypeError;RAISE:TypeError;RAISE:TypeError;RAISE:TypeError;RAISE:TypeError;RAISE:TypeError;RAISE:TypeError;RAISE:TypeError;RAISE:TypeError;RAISE:TypeError;RAISE:TypeError;RAISE:TypeError;RAISE:TypeError;RAISE:TypeError;RAISE:TypeError;RAISE:TypeError;RAISE:TypeError;RAISE:TypeError;RAISE:TypeError;RAISE:TypeError;RAISE:TypeError;RAISE:TypeError;RAISE:TypeError;RAISE:TypeError;RAISE:TypeError;RAISE:TypeError;RAISE:TypeError;RAISE:TypeError;RAISE:TypeError;RAISE:TypeError;RAISE:TypeError;RAISE:TypeError;RAISE:TypeError;RAISE:TypeError;RAISE:TypeError;RAISE:TypeError;RAISE:TypeError;RAISE:TypeError;RAISE:TypeError;RAISE:TypeError;RAISE:TypeError;RAISE:TypeError;RAISE:TypeError;RAISE:TypeError;RAISE:TypeError;RAISE:TypeError;RAISE:TypeError;RAISE:TypeError;RAISE:TypeError;RAISE:TypeError;RAISE:TypeError;RAISE:TypeError;RAISE:TypeError;RAISE:TypeError;RAISE:TypeError;RAISE:TypeError;RAISE:TypeError;RAISE:TypeError;RAISE:TypeError;RAISE:TypeError;RAISE:TypeError;RAISE:TypeError;RAISE:TypeError;RAISE:TypeError;RAISE:TypeError;RAISE:TypeError;RAISE:TypeError;RAISE:TypeError;RAISE:TypeError;RAISE:TypeError;RAISE:TypeError;RAISE:TypeError;RAISE:TypeError;RAISE:TypeError;RAISE:TypeError;RAISE:TypeError;RAISE:TypeError;RAISE:TypeError;RAISE:TypeError;RAISE:TypeError;RAISE:TypeError;RAISE:TypeError;RAISE:TypeError;RAISE:TypeError;RAISE:TypeError;RAISE:TypeError;RAISE:TypeError;RAISE:TypeError;RAISE:TypeError;RAISE:TypeError;RAISE:TypeError;RAISE:TypeError;RAISE:TypeError;RAISE:TypeError;RAISE:TypeError;RAISE:TypeError;RAISE:TypeError;RAISE:TypeError;RAISE:TypeError;RAISE:TypeError;RAISE:TypeError;RAISE:TypeError;RAISE:TypeError;RAISE:TypeError;RAISE:TypeError;RAISE:TypeError;RAISE:TypeError;RAISE:TypeError;RAISE:TypeError;RAISE:TypeError;RAISE:TypeError;RAISE:TypeError;RAISE:TypeError;RAISE:TypeError;RAISE:TypeError;RAISE:TypeError;RAISE:TypeError,0,289,0,"whole/L1/17:-2^63,-2^63+1,-2^53-1,-2^31,-42,-1,0,1,7,42,1000,2^31-1,2^31,2^53-1,2^53+1,2^63-1,2^64-1","whole/L1/17:-2^63,-2^63+1,-2^53-1,-2^31,-42,-1,0,1,7,42,1000,2^31-1,2^31,2^53-1,2^53+1,2^63-1,2^64-1"
A14_3_5,1,whole|whole,Decimal,c_int64,"whole/L1/17:-2^63,-2^63+1,-2^53-1,-2^31,-42,-1,0,1,7,42,1000,2^31-1,2^31,2^53-1,2^53+1,2^63-1,2^64-1","whole/L1/17:-2^63,-2^63+1,-2^53-1,-2^31,-42,-1,0,1,7,42,1000,2^31-1,2^31,2^53-1,2^53+1,2^63-1,2^64-1",289,RAISE:TypeError;RAISE:TypeError;RAISE:TypeError;RAISE:TypeError;RAISE:TypeError;RAISE:TypeError;RAISE:TypeError;RAISE:TypeError;RAISE:TypeError;RAISE:TypeError;RAISE:TypeError;RAISE:TypeError;RAISE:TypeError;RAISE:TypeError;RAISE:TypeError;RAISE:TypeError;UNREPRESENTABLE;RAISE:TypeError;RAISE:TypeError;RAISE:TypeError;RAISE:TypeError;RAISE:TypeError;RAISE:TypeError;RAISE:TypeError;RAISE:TypeError;RAISE:TypeError;RAISE:TypeError;RAISE:TypeError;RAISE:TypeError;RAISE:TypeError;RAISE:TypeError;RAISE:TypeError;RAISE:TypeError;UNREPRESENTABLE;RAISE:TypeError;RAISE:TypeError;RAISE:TypeError;RAISE:TypeError;RAISE:TypeError;RAISE:TypeError;RAISE:TypeError;RAISE:TypeError;RAISE:TypeError;RAISE:TypeError;RAISE:TypeError;RAISE:TypeError;RAISE:TypeError;RAISE:TypeError;RAISE:TypeError;RAISE:TypeError;UNREPRESENTABLE;RAISE:TypeError;RAISE:TypeError;RAISE:TypeError;RAISE:TypeError;RAISE:TypeError;RAISE:TypeError;RAISE:TypeError;RAISE:TypeError;RAISE:TypeError;RAISE:TypeError;RAISE:TypeError;RAISE:TypeError;RAISE:TypeError;RAISE:TypeError;RAISE:TypeError;RAISE:TypeError;UNREPRESENTABLE;RAISE:TypeError;RAISE:TypeError;RAISE:TypeError;RAISE:TypeError;RAISE:TypeError;RAISE:TypeError;RAISE:TypeError;RAISE:TypeError;RAISE:TypeError;RAISE:TypeError;RAISE:TypeError;RAISE:TypeError;RAISE:TypeError;RAISE:TypeError;RAISE:TypeError;RAISE:TypeError;UNREPRESENTABLE;RAISE:TypeError;RAISE:TypeError;RAISE:TypeError;RAISE:TypeError;RAISE:TypeError;RAISE:TypeError;RAISE:TypeError;RAISE:TypeError;RAISE:TypeError;RAISE:TypeError;RAISE:TypeError;RAISE:TypeError;RAISE:TypeError;RAISE:TypeError;RAISE:TypeError;RAISE:TypeError;UNREPRESENTABLE;RAISE:TypeError;RAISE:TypeError;RAISE:TypeError;RAISE:TypeError;RAISE:TypeError;RAISE:TypeError;RAISE:TypeError;RAISE:TypeError;RAISE:TypeError;RAISE:TypeError;RAISE:TypeError;RAISE:TypeError;RAISE:TypeError;RAISE:TypeError;RAISE:TypeError;RAISE:TypeError;UNREPRESENTABLE;RAISE:TypeError;RAISE:TypeError;RAISE:TypeError;RAISE:TypeError;RAISE:TypeError;RAISE:TypeError;RAISE:TypeError;RAISE:TypeError;RAISE:TypeError;RAISE:TypeError;RAISE:TypeError;RAISE:TypeError;RAISE:TypeError;RAISE:TypeError;RAISE:TypeError;RAISE:TypeError;UNREPRESENTABLE;RAISE:TypeError;RAISE:TypeError;RAISE:TypeError;RAISE:TypeError;RAISE:TypeError;RAISE:TypeError;RAISE:TypeError;RAISE:TypeError;RAISE:TypeError;RAISE:TypeError;RAISE:TypeError;RAISE:TypeError;RAISE:TypeError;RAISE:TypeError;RAISE:TypeError;RAISE:TypeError;UNREPRESENTABLE;RAISE:TypeError;RAISE:TypeError;RAISE:TypeError;RAISE:TypeError;RAISE:TypeError;RAISE:TypeError;RAISE:TypeError;RAISE:TypeError;RAISE:TypeError;RAISE:TypeError;RAISE:TypeError;RAISE:TypeError;RAISE:TypeError;RAISE:TypeError;RAISE:TypeError;RAISE:TypeError;UNREPRESENTABLE;RAISE:TypeError;RAISE:TypeError;RAISE:TypeError;RAISE:TypeError;RAISE:TypeError;RAISE:TypeError;RAISE:TypeError;RAISE:TypeError;RAISE:TypeError;RAISE:TypeError;RAISE:TypeError;RAISE:TypeError;RAISE:TypeError;RAISE:TypeError;RAISE:TypeError;RAISE:TypeError;UNREPRESENTABLE;RAISE:TypeError;RAISE:TypeError;RAISE:TypeError;RAISE:TypeError;RAISE:TypeError;RAISE:TypeError;RAISE:TypeError;RAISE:TypeError;RAISE:TypeError;RAISE:TypeError;RAISE:TypeError;RAISE:TypeError;RAISE:TypeError;RAISE:TypeError;RAISE:TypeError;RAISE:TypeError;UNREPRESENTABLE;RAISE:TypeError;RAISE:TypeError;RAISE:TypeError;RAISE:TypeError;RAISE:TypeError;RAISE:TypeError;RAISE:TypeError;RAISE:TypeError;RAISE:TypeError;RAISE:TypeError;RAISE:TypeError;RAISE:TypeError;RAISE:TypeError;RAISE:TypeError;RAISE:TypeError;RAISE:TypeError;UNREPRESENTABLE;RAISE:TypeError;RAISE:TypeError;RAISE:TypeError;RAISE:TypeError;RAISE:TypeError;RAISE:TypeError;RAISE:TypeError;RAISE:TypeError;RAISE:TypeError;RAISE:TypeError;RAISE:TypeError;RAISE:TypeError;RAISE:TypeError;RAISE:TypeError;RAISE:TypeError;RAISE:TypeError;UNREPRESENTABLE;RAISE:TypeError;RAISE:TypeError;RAISE:TypeError;RAISE:TypeError;RAISE:TypeError;RAISE:TypeError;RAISE:TypeError;RAISE:TypeError;RAISE:TypeError;RAISE:TypeError;RAISE:TypeError;RAISE:TypeError;RAISE:TypeError;RAISE:TypeError;RAISE:TypeError;RAISE:TypeError;UNREPRESENTABLE;RAISE:TypeError;RAISE:TypeError;RAISE:TypeError;RAISE:TypeError;RAISE:TypeError;RAISE:TypeError;RAISE:TypeError;RAISE:TypeError;RAISE:TypeError;RAISE:TypeError;RAISE:TypeError;RAISE:TypeError;RAISE:TypeError;RAISE:TypeError;RAISE:TypeError;RAISE:TypeError;UNREPRESENTABLE;RAISE:TypeError;RAISE:TypeError;RAISE:TypeError;RAISE:TypeError;RAISE:TypeError;RAISE:TypeError;RAISE:TypeError;RAISE:TypeError;RAISE:TypeError;RAISE:TypeError;RAISE:TypeError;RAISE:TypeError;RAISE:TypeError;RAISE:TypeError;RAISE:TypeError;RAISE:TypeError;UNREPRESENTABLE,0,272,17,"whole/L1/17:-2^63,-2^63+1,-2^53-1,-2^31,-42,-1,0,1,7,42,1000,2^31-1,2^31,2^53-1,2^53+1,2^63-1,2^64-1","whole/L1/16:-2^63,-2^63+1,-2^53-1,-2^31,-42,-1,0,1,7,42,1000,2^31-1,2^31,2^53-1,2^53+1,2^63-1"
A14_3_6,1,whole|fractional,Decimal,float,"whole/L1/17:-2^63,-2^63+1,-2^53-1,-2^31,-42,-1,0,1,7,42,1000,2^31-1,2^31,2^53-1,2^53+1,2^63-1,2^64-1","fractional/L1/16:-max_finite,-1.5,-1.0,-(1.0-1ulp),-0.0,+0.0,+min_subnormal,+min_normal,1.0-1ulp,1.0,1.0+1ulp,1.5,pi,2^53,max_finite,0.1",272,RAISE:TypeError;RAISE:TypeError;RAISE:TypeError;RAISE:TypeError;RAISE:TypeError;RAISE:TypeError;RAISE:TypeError;RAISE:TypeError;RAISE:TypeError;RAISE:TypeError;RAISE:TypeError;RAISE:TypeError;RAISE:TypeError;RAISE:TypeError;RAISE:TypeError;RAISE:TypeError;RAISE:TypeError;RAISE:TypeError;RAISE:TypeError;RAISE:TypeError;RAISE:TypeError;RAISE:TypeError;RAISE:TypeError;RAISE:TypeError;RAISE:TypeError;RAISE:TypeError;RAISE:TypeError;RAISE:TypeError;RAISE:TypeError;RAISE:TypeError;RAISE:TypeError;RAISE:TypeError;RAISE:TypeError;RAISE:TypeError;RAISE:TypeError;RAISE:TypeError;RAISE:TypeError;RAISE:TypeError;RAISE:TypeError;RAISE:TypeError;RAISE:TypeError;RAISE:TypeError;RAISE:TypeError;RAISE:TypeError;RAISE:TypeError;RAISE:TypeError;RAISE:TypeError;RAISE:TypeError;RAISE:TypeError;RAISE:TypeError;RAISE:TypeError;RAISE:TypeError;RAISE:TypeError;RAISE:TypeError;RAISE:TypeError;RAISE:TypeError;RAISE:TypeError;RAISE:TypeError;RAISE:TypeError;RAISE:TypeError;RAISE:TypeError;RAISE:TypeError;RAISE:TypeError;RAISE:TypeError;RAISE:TypeError;RAISE:TypeError;RAISE:TypeError;RAISE:TypeError;RAISE:TypeError;RAISE:TypeError;RAISE:TypeError;RAISE:TypeError;RAISE:TypeError;RAISE:TypeError;RAISE:TypeError;RAISE:TypeError;RAISE:TypeError;RAISE:TypeError;RAISE:TypeError;RAISE:TypeError;RAISE:TypeError;RAISE:TypeError;RAISE:TypeError;RAISE:TypeError;RAISE:TypeError;RAISE:TypeError;RAISE:TypeError;RAISE:TypeError;RAISE:TypeError;RAISE:TypeError;RAISE:TypeError;RAISE:TypeError;RAISE:TypeError;RAISE:TypeError;RAISE:TypeError;RAISE:TypeError;RAISE:TypeError;RAISE:TypeError;RAISE:TypeError;RAISE:TypeError;RAISE:TypeError;RAISE:TypeError;RAISE:TypeError;RAISE:TypeError;RAISE:TypeError;RAISE:TypeError;RAISE:TypeError;RAISE:TypeError;RAISE:TypeError;RAISE:TypeError;RAISE:TypeError;RAISE:TypeError;RAISE:TypeError;RAISE:TypeError;RAISE:TypeError;RAISE:TypeError;RAISE:TypeError;RAISE:TypeError;RAISE:TypeError;RAISE:TypeError;RAISE:TypeError;RAISE:TypeError;RAISE:TypeError;RAISE:TypeError;RAISE:TypeError;RAISE:TypeError;RAISE:TypeError;RAISE:TypeError;RAISE:TypeError;RAISE:TypeError;RAISE:TypeError;RAISE:TypeError;RAISE:TypeError;RAISE:TypeError;RAISE:TypeError;RAISE:TypeError;RAISE:TypeError;RAISE:TypeError;RAISE:TypeError;RAISE:TypeError;RAISE:TypeError;RAISE:TypeError;RAISE:TypeError;RAISE:TypeError;RAISE:TypeError;RAISE:TypeError;RAISE:TypeError;RAISE:TypeError;RAISE:TypeError;RAISE:TypeError;RAISE:TypeError;RAISE:TypeError;RAISE:TypeError;RAISE:TypeError;RAISE:TypeError;RAISE:TypeError;RAISE:TypeError;RAISE:TypeError;RAISE:TypeError;RAISE:TypeError;RAISE:TypeError;RAISE:TypeError;RAISE:TypeError;RAISE:TypeError;RAISE:TypeError;RAISE:TypeError;RAISE:TypeError;RAISE:TypeError;RAISE:TypeError;RAISE:TypeError;RAISE:TypeError;RAISE:TypeError;RAISE:TypeError;RAISE:TypeError;RAISE:TypeError;RAISE:TypeError;RAISE:TypeError;RAISE:TypeError;RAISE:TypeError;RAISE:TypeError;RAISE:TypeError;RAISE:TypeError;RAISE:TypeError;RAISE:TypeError;RAISE:TypeError;RAISE:TypeError;RAISE:TypeError;RAISE:TypeError;RAISE:TypeError;RAISE:TypeError;RAISE:TypeError;RAISE:TypeError;RAISE:TypeError;RAISE:TypeError;RAISE:TypeError;RAISE:TypeError;RAISE:TypeError;RAISE:TypeError;RAISE:TypeError;RAISE:TypeError;RAISE:TypeError;RAISE:TypeError;RAISE:TypeError;RAISE:TypeError;RAISE:TypeError;RAISE:TypeError;RAISE:TypeError;RAISE:TypeError;RAISE:TypeError;RAISE:TypeError;RAISE:TypeError;RAISE:TypeError;RAISE:TypeError;RAISE:TypeError;RAISE:TypeError;RAISE:TypeError;RAISE:TypeError;RAISE:TypeError;RAISE:TypeError;RAISE:TypeError;RAISE:TypeError;RAISE:TypeError;RAISE:TypeError;RAISE:TypeError;RAISE:TypeError;RAISE:TypeError;RAISE:TypeError;RAISE:TypeError;RAISE:TypeError;RAISE:TypeError;RAISE:TypeError;RAISE:TypeError;RAISE:TypeError;RAISE:TypeError;RAISE:TypeError;RAISE:TypeError;RAISE:TypeError;RAISE:TypeError;RAISE:TypeError;RAISE:TypeError;RAISE:TypeError;RAISE:TypeError;RAISE:TypeError;RAISE:TypeError;RAISE:TypeError;RAISE:TypeError;RAISE:TypeError;RAISE:TypeError;RAISE:TypeError;RAISE:TypeError;RAISE:TypeError;RAISE:TypeError;RAISE:TypeError;RAISE:TypeError;RAISE:TypeError;RAISE:TypeError;RAISE:TypeError;RAISE:TypeError;RAISE:TypeError;RAISE:TypeError;RAISE:TypeError;RAISE:TypeError;RAISE:TypeError;RAISE:TypeError;RAISE:TypeError;RAISE:TypeError;RAISE:TypeError;RAISE:TypeError;RAISE:TypeError;RAISE:TypeError;RAISE:TypeError;RAISE:TypeError,0,272,0,"whole/L1/17:-2^63,-2^63+1,-2^53-1,-2^31,-42,-1,0,1,7,42,1000,2^31-1,2^31,2^53-1,2^53+1,2^63-1,2^64-1","fractional/L1/16:-max_finite,-1.5,-1.0,-(1.0-1ulp),-0.0,+0.0,+min_subnormal,+min_normal,1.0-1ulp,1.0,1.0+1ulp,1.5,pi,2^53,max_finite,0.1"
A14_3_7,1,whole|fractional,Decimal,Decimal,"whole/L1/17:-2^63,-2^63+1,-2^53-1,-2^31,-42,-1,0,1,7,42,1000,2^31-1,2^31,2^53-1,2^53+1,2^63-1,2^64-1","fractional/L1/16:-max_finite,-1.5,-1.0,-(1.0-1ulp),-0.0,+0.0,+min_subnormal,+min_normal,1.0-1ulp,1.0,1.0+1ulp,1.5,pi,2^53,max_finite,0.1",272,RAISE:TypeError;RAISE:TypeError;RAISE:TypeError;RAISE:TypeError;RAISE:TypeError;RAISE:TypeError;RAISE:TypeError;RAISE:TypeError;RAISE:TypeError;RAISE:TypeError;RAISE:TypeError;RAISE:TypeError;RAISE:TypeError;RAISE:TypeError;RAISE:TypeError;RAISE:TypeError;RAISE:TypeError;RAISE:TypeError;RAISE:TypeError;RAISE:TypeError;RAISE:TypeError;RAISE:TypeError;RAISE:TypeError;RAISE:TypeError;RAISE:TypeError;RAISE:TypeError;RAISE:TypeError;RAISE:TypeError;RAISE:TypeError;RAISE:TypeError;RAISE:TypeError;RAISE:TypeError;RAISE:TypeError;RAISE:TypeError;RAISE:TypeError;RAISE:TypeError;RAISE:TypeError;RAISE:TypeError;RAISE:TypeError;RAISE:TypeError;RAISE:TypeError;RAISE:TypeError;RAISE:TypeError;RAISE:TypeError;RAISE:TypeError;RAISE:TypeError;RAISE:TypeError;RAISE:TypeError;RAISE:TypeError;RAISE:TypeError;RAISE:TypeError;RAISE:TypeError;RAISE:TypeError;RAISE:TypeError;RAISE:TypeError;RAISE:TypeError;RAISE:TypeError;RAISE:TypeError;RAISE:TypeError;RAISE:TypeError;RAISE:TypeError;RAISE:TypeError;RAISE:TypeError;RAISE:TypeError;RAISE:TypeError;RAISE:TypeError;RAISE:TypeError;RAISE:TypeError;RAISE:TypeError;RAISE:TypeError;RAISE:TypeError;RAISE:TypeError;RAISE:TypeError;RAISE:TypeError;RAISE:TypeError;RAISE:TypeError;RAISE:TypeError;RAISE:TypeError;RAISE:TypeError;RAISE:TypeError;RAISE:TypeError;RAISE:TypeError;RAISE:TypeError;RAISE:TypeError;RAISE:TypeError;RAISE:TypeError;RAISE:TypeError;RAISE:TypeError;RAISE:TypeError;RAISE:TypeError;RAISE:TypeError;RAISE:TypeError;RAISE:TypeError;RAISE:TypeError;RAISE:TypeError;RAISE:TypeError;RAISE:TypeError;RAISE:TypeError;RAISE:TypeError;RAISE:TypeError;RAISE:TypeError;RAISE:TypeError;RAISE:TypeError;RAISE:TypeError;RAISE:TypeError;RAISE:TypeError;RAISE:TypeError;RAISE:TypeError;RAISE:TypeError;RAISE:TypeError;RAISE:TypeError;RAISE:TypeError;RAISE:TypeError;RAISE:TypeError;RAISE:TypeError;RAISE:TypeError;RAISE:TypeError;RAISE:TypeError;RAISE:TypeError;RAISE:TypeError;RAISE:TypeError;RAISE:TypeError;RAISE:TypeError;RAISE:TypeError;RAISE:TypeError;RAISE:TypeError;RAISE:TypeError;RAISE:TypeError;RAISE:TypeError;RAISE:TypeError;RAISE:TypeError;RAISE:TypeError;RAISE:TypeError;RAISE:TypeError;RAISE:TypeError;RAISE:TypeError;RAISE:TypeError;RAISE:TypeError;RAISE:TypeError;RAISE:TypeError;RAISE:TypeError;RAISE:TypeError;RAISE:TypeError;RAISE:TypeError;RAISE:TypeError;RAISE:TypeError;RAISE:TypeError;RAISE:TypeError;RAISE:TypeError;RAISE:TypeError;RAISE:TypeError;RAISE:TypeError;RAISE:TypeError;RAISE:TypeError;RAISE:TypeError;RAISE:TypeError;RAISE:TypeError;RAISE:TypeError;RAISE:TypeError;RAISE:TypeError;RAISE:TypeError;RAISE:TypeError;RAISE:TypeError;RAISE:TypeError;RAISE:TypeError;RAISE:TypeError;RAISE:TypeError;RAISE:TypeError;RAISE:TypeError;RAISE:TypeError;RAISE:TypeError;RAISE:TypeError;RAISE:TypeError;RAISE:TypeError;RAISE:TypeError;RAISE:TypeError;RAISE:TypeError;RAISE:TypeError;RAISE:TypeError;RAISE:TypeError;RAISE:TypeError;RAISE:TypeError;RAISE:TypeError;RAISE:TypeError;RAISE:TypeError;RAISE:TypeError;RAISE:TypeError;RAISE:TypeError;RAISE:TypeError;RAISE:TypeError;RAISE:TypeError;RAISE:TypeError;RAISE:TypeError;RAISE:TypeError;RAISE:TypeError;RAISE:TypeError;RAISE:TypeError;RAISE:TypeError;RAISE:TypeError;RAISE:TypeError;RAISE:TypeError;RAISE:TypeError;RAISE:TypeError;RAISE:TypeError;RAISE:TypeError;RAISE:TypeError;RAISE:TypeError;RAISE:TypeError;RAISE:TypeError;RAISE:TypeError;RAISE:TypeError;RAISE:TypeError;RAISE:TypeError;RAISE:TypeError;RAISE:TypeError;RAISE:TypeError;RAISE:TypeError;RAISE:TypeError;RAISE:TypeError;RAISE:TypeError;RAISE:TypeError;RAISE:TypeError;RAISE:TypeError;RAISE:TypeError;RAISE:TypeError;RAISE:TypeError;RAISE:TypeError;RAISE:TypeError;RAISE:TypeError;RAISE:TypeError;RAISE:TypeError;RAISE:TypeError;RAISE:TypeError;RAISE:TypeError;RAISE:TypeError;RAISE:TypeError;RAISE:TypeError;RAISE:TypeError;RAISE:TypeError;RAISE:TypeError;RAISE:TypeError;RAISE:TypeError;RAISE:TypeError;RAISE:TypeError;RAISE:TypeError;RAISE:TypeError;RAISE:TypeError;RAISE:TypeError;RAISE:TypeError;RAISE:TypeError;RAISE:TypeError;RAISE:TypeError;RAISE:TypeError;RAISE:TypeError;RAISE:TypeError;RAISE:TypeError;RAISE:TypeError;RAISE:TypeError;RAISE:TypeError;RAISE:TypeError;RAISE:TypeError;RAISE:TypeError;RAISE:TypeError;RAISE:TypeError;RAISE:TypeError;RAISE:TypeError;RAISE:TypeError;RAISE:TypeError;RAISE:TypeError;RAISE:TypeError;RAISE:TypeError;RAISE:TypeError,0,272,0,"whole/L1/17:-2^63,-2^63+1,-2^53-1,-2^31,-42,-1,0,1,7,42,1000,2^31-1,2^31,2^53-1,2^53+1,2^63-1,2^64-1","fractional/L1/16:-max_finite,-1.5,-1.0,-(1.0-1ulp),-0.0,+0.0,+min_subnormal,+min_normal,1.0-1ulp,1.0,1.0+1ulp,1.5,pi,2^53,max_finite,0.1"
A14_3_8,1,whole|fractional,Decimal,Fraction,"whole/L1/17:-2^63,-2^63+1,-2^53-1,-2^31,-42,-1,0,1,7,42,1000,2^31-1,2^31,2^53-1,2^53+1,2^63-1,2^64-1","fractional/L1/16:-max_finite,-1.5,-1.0,-(1.0-1ulp),-0.0,+0.0,+min_subnormal,+min_normal,1.0-1ulp,1.0,1.0+1ulp,1.5,pi,2^53,max_finite,0.1",272,RAISE:TypeError;RAISE:TypeError;RAISE:TypeError;RAISE:TypeError;UNREPRESENTABLE;RAISE:TypeError;RAISE:TypeError;RAISE:TypeError;RAISE:TypeError;RAISE:TypeError;RAISE:TypeError;RAISE:TypeError;RAISE:TypeError;RAISE:TypeError;RAISE:TypeError;RAISE:TypeError;RAISE:TypeError;RAISE:TypeError;RAISE:TypeError;RAISE:TypeError;UNREPRESENTABLE;RAISE:TypeError;RAISE:TypeError;RAISE:TypeError;RAISE:TypeError;RAISE:TypeError;RAISE:TypeError;RAISE:TypeError;RAISE:TypeError;RAISE:TypeError;RAISE:TypeError;RAISE:TypeError;RAISE:TypeError;RAISE:TypeError;RAISE:TypeError;RAISE:TypeError;UNREPRESENTABLE;RAISE:TypeError;RAISE:TypeError;RAISE:TypeError;RAISE:TypeError;RAISE:TypeError;RAISE:TypeError;RAISE:TypeError;RAISE:TypeError;RAISE:TypeError;RAISE:TypeError;RAISE:TypeError;RAISE:TypeError;RAISE:TypeError;RAISE:TypeError;RAISE:TypeError;UNREPRESENTABLE;RAISE:TypeError;RAISE:TypeError;RAISE:TypeError;RAISE:TypeError;RAISE:TypeError;RAISE:TypeError;RAISE:TypeError;RAISE:TypeError;RAISE:TypeError;RAISE:TypeError;RAISE:TypeError;RAISE:TypeError;RAISE:TypeError;RAISE:TypeError;RAISE:TypeError;UNREPRESENTABLE;RAISE:TypeError;RAISE:TypeError;RAISE:TypeError;RAISE:TypeError;RAISE:TypeError;RAISE:TypeError;RAISE:TypeError;RAISE:TypeError;RAISE:TypeError;RAISE:TypeError;RAISE:TypeError;RAISE:TypeError;RAISE:TypeError;RAISE:TypeError;RAISE:TypeError;UNREPRESENTABLE;RAISE:TypeError;RAISE:TypeError;RAISE:TypeError;RAISE:TypeError;RAISE:TypeError;RAISE:TypeError;RAISE:TypeError;RAISE:TypeError;RAISE:TypeError;RAISE:TypeError;RAISE:TypeError;RAISE:TypeError;RAISE:TypeError;RAISE:TypeError;RAISE:TypeError;UNREPRESENTABLE;RAISE:TypeError;RAISE:TypeError;RAISE:TypeError;RAISE:TypeError;RAISE:TypeError;RAISE:TypeError;RAISE:TypeError;RAISE:TypeError;RAISE:TypeError;RAISE:TypeError;RAISE:TypeError;RAISE:TypeError;RAISE:TypeError;RAISE:TypeError;RAISE:TypeError;UNREPRESENTABLE;RAISE:TypeError;RAISE:TypeError;RAISE:TypeError;RAISE:TypeError;RAISE:TypeError;RAISE:TypeError;RAISE:TypeError;RAISE:TypeError;RAISE:TypeError;RAISE:TypeError;RAISE:TypeError;RAISE:TypeError;RAISE:TypeError;RAISE:TypeError;RAISE:TypeError;UNREPRESENTABLE;RAISE:TypeError;RAISE:TypeError;RAISE:TypeError;RAISE:TypeError;RAISE:TypeError;RAISE:TypeError;RAISE:TypeError;RAISE:TypeError;RAISE:TypeError;RAISE:TypeError;RAISE:TypeError;RAISE:TypeError;RAISE:TypeError;RAISE:TypeError;RAISE:TypeError;UNREPRESENTABLE;RAISE:TypeError;RAISE:TypeError;RAISE:TypeError;RAISE:TypeError;RAISE:TypeError;RAISE:TypeError;RAISE:TypeError;RAISE:TypeError;RAISE:TypeError;RAISE:TypeError;RAISE:TypeError;RAISE:TypeError;RAISE:TypeError;RAISE:TypeError;RAISE:TypeError;UNREPRESENTABLE;RAISE:TypeError;RAISE:TypeError;RAISE:TypeError;RAISE:TypeError;RAISE:TypeError;RAISE:TypeError;RAISE:TypeError;RAISE:TypeError;RAISE:TypeError;RAISE:TypeError;RAISE:TypeError;RAISE:TypeError;RAISE:TypeError;RAISE:TypeError;RAISE:TypeError;UNREPRESENTABLE;RAISE:TypeError;RAISE:TypeError;RAISE:TypeError;RAISE:TypeError;RAISE:TypeError;RAISE:TypeError;RAISE:TypeError;RAISE:TypeError;RAISE:TypeError;RAISE:TypeError;RAISE:TypeError;RAISE:TypeError;RAISE:TypeError;RAISE:TypeError;RAISE:TypeError;UNREPRESENTABLE;RAISE:TypeError;RAISE:TypeError;RAISE:TypeError;RAISE:TypeError;RAISE:TypeError;RAISE:TypeError;RAISE:TypeError;RAISE:TypeError;RAISE:TypeError;RAISE:TypeError;RAISE:TypeError;RAISE:TypeError;RAISE:TypeError;RAISE:TypeError;RAISE:TypeError;UNREPRESENTABLE;RAISE:TypeError;RAISE:TypeError;RAISE:TypeError;RAISE:TypeError;RAISE:TypeError;RAISE:TypeError;RAISE:TypeError;RAISE:TypeError;RAISE:TypeError;RAISE:TypeError;RAISE:TypeError;RAISE:TypeError;RAISE:TypeError;RAISE:TypeError;RAISE:TypeError;UNREPRESENTABLE;RAISE:TypeError;RAISE:TypeError;RAISE:TypeError;RAISE:TypeError;RAISE:TypeError;RAISE:TypeError;RAISE:TypeError;RAISE:TypeError;RAISE:TypeError;RAISE:TypeError;RAISE:TypeError;RAISE:TypeError;RAISE:TypeError;RAISE:TypeError;RAISE:TypeError;UNREPRESENTABLE;RAISE:TypeError;RAISE:TypeError;RAISE:TypeError;RAISE:TypeError;RAISE:TypeError;RAISE:TypeError;RAISE:TypeError;RAISE:TypeError;RAISE:TypeError;RAISE:TypeError;RAISE:TypeError;RAISE:TypeError;RAISE:TypeError;RAISE:TypeError;RAISE:TypeError;UNREPRESENTABLE;RAISE:TypeError;RAISE:TypeError;RAISE:TypeError;RAISE:TypeError;RAISE:TypeError;RAISE:TypeError;RAISE:TypeError;RAISE:TypeError;RAISE:TypeError;RAISE:TypeError;RAISE:TypeError,0,255,17,"whole/L1/17:-2^63,-2^63+1,-2^53-1,-2^31,-42,-1,0,1,7,42,1000,2^31-1,2^31,2^53-1,2^53+1,2^63-1,2^64-1","fractional/L1/15:-max_finite,-1.5,-1.0,-(1.0-1ulp),+0.0,+min_subnormal,+min_normal,1.0-1ulp,1.0,1.0+1ulp,1.5,pi,2^53,max_finite,0.1"
A14_4_1,1,whole|truth,Fraction,bool,"whole/L1/17:-2^63,-2^63+1,-2^53-1,-2^31,-42,-1,0,1,7,42,1000,2^31-1,2^31,2^53-1,2^53+1,2^63-1,2^64-1","truth/L1/6:true,false,0,1,"""",nil",102,RAISE:TypeError;RAISE:TypeError;RAISE:TypeError;RAISE:TypeError;RAISE:TypeError;RAISE:TypeError;RAISE:TypeError;RAISE:TypeError;RAISE:TypeError;RAISE:TypeError;RAISE:TypeError;RAISE:TypeError;RAISE:TypeError;RAISE:TypeError;RAISE:TypeError;RAISE:TypeError;RAISE:TypeError;RAISE:TypeError;RAISE:TypeError;RAISE:TypeError;RAISE:TypeError;RAISE:TypeError;RAISE:TypeError;RAISE:TypeError;RAISE:TypeError;RAISE:TypeError;RAISE:TypeError;RAISE:TypeError;RAISE:TypeError;RAISE:TypeError;RAISE:TypeError;RAISE:TypeError;RAISE:TypeError;RAISE:TypeError;RAISE:TypeError;RAISE:TypeError;RAISE:TypeError;RAISE:TypeError;RAISE:TypeError;RAISE:TypeError;RAISE:TypeError;RAISE:TypeError;RAISE:TypeError;RAISE:TypeError;RAISE:TypeError;RAISE:TypeError;RAISE:TypeError;RAISE:TypeError;RAISE:TypeError;RAISE:TypeError;RAISE:TypeError;RAISE:TypeError;RAISE:TypeError;RAISE:TypeError;RAISE:TypeError;RAISE:TypeError;RAISE:TypeError;RAISE:TypeError;RAISE:TypeError;RAISE:TypeError;RAISE:TypeError;RAISE:TypeError;RAISE:TypeError;RAISE:TypeError;RAISE:TypeError;RAISE:TypeError;RAISE:TypeError;RAISE:TypeError;RAISE:TypeError;RAISE:TypeError;RAISE:TypeError;RAISE:TypeError;RAISE:TypeError;RAISE:TypeError;RAISE:TypeError;RAISE:TypeError;RAISE:TypeError;RAISE:TypeError;RAISE:TypeError;RAISE:TypeError;RAISE:TypeError;RAISE:TypeError;RAISE:TypeError;RAISE:TypeError;RAISE:TypeError;RAISE:TypeError;RAISE:TypeError;RAISE:TypeError;RAISE:TypeError;RAISE:TypeError;RAISE:TypeError;RAISE:TypeError;RAISE:TypeError;RAISE:TypeError;RAISE:TypeError;RAISE:TypeError;RAISE:TypeError;RAISE:TypeError;RAISE:TypeError;RAISE:TypeError;RAISE:TypeError;RAISE:TypeError,0,102,0,"whole/L1/17:-2^63,-2^63+1,-2^53-1,-2^31,-42,-1,0,1,7,42,1000,2^31-1,2^31,2^53-1,2^53+1,2^63-1,2^64-1","truth/L1/6:true,false,0,1,"""",nil"
A14_4_2,1,whole|whole,Fraction,int,"whole/L1/17:-2^63,-2^63+1,-2^53-1,-2^31,-42,-1,0,1,7,42,1000,2^31-1,2^31,2^53-1,2^53+1,2^63-1,2^64-1","whole/L1/17:-2^63,-2^63+1,-2^53-1,-2^31,-42,-1,0,1,7,42,1000,2^31-1,2^31,2^53-1,2^53+1,2^63-1,2^64-1",289,RAISE:TypeError;RAISE:TypeError;RAISE:TypeError;RAISE:TypeError;RAISE:TypeError;RAISE:TypeError;RAISE:TypeError;RAISE:TypeError;RAISE:TypeError;RAISE:TypeError;RAISE:TypeError;RAISE:TypeError;RAISE:TypeError;RAISE:TypeError;RAISE:TypeError;RAISE:TypeError;RAISE:TypeError;RAISE:TypeError;RAISE:TypeError;RAISE:TypeError;RAISE:TypeError;RAISE:TypeError;RAISE:TypeError;RAISE:TypeError;RAISE:TypeError;RAISE:TypeError;RAISE:TypeError;RAISE:TypeError;RAISE:TypeError;RAISE:TypeError;RAISE:TypeError;RAISE:TypeError;RAISE:TypeError;RAISE:TypeError;RAISE:TypeError;RAISE:TypeError;RAISE:TypeError;RAISE:TypeError;RAISE:TypeError;RAISE:TypeError;RAISE:TypeError;RAISE:TypeError;RAISE:TypeError;RAISE:TypeError;RAISE:TypeError;RAISE:TypeError;RAISE:TypeError;RAISE:TypeError;RAISE:TypeError;RAISE:TypeError;RAISE:TypeError;RAISE:TypeError;RAISE:TypeError;RAISE:TypeError;RAISE:TypeError;RAISE:TypeError;RAISE:TypeError;RAISE:TypeError;RAISE:TypeError;RAISE:TypeError;RAISE:TypeError;RAISE:TypeError;RAISE:TypeError;RAISE:TypeError;RAISE:TypeError;RAISE:TypeError;RAISE:TypeError;RAISE:TypeError;RAISE:TypeError;RAISE:TypeError;RAISE:TypeError;RAISE:TypeError;RAISE:TypeError;RAISE:TypeError;RAISE:TypeError;RAISE:TypeError;RAISE:TypeError;RAISE:TypeError;RAISE:TypeError;RAISE:TypeError;RAISE:TypeError;RAISE:TypeError;RAISE:TypeError;RAISE:TypeError;RAISE:TypeError;RAISE:TypeError;RAISE:TypeError;RAISE:TypeError;RAISE:TypeError;RAISE:TypeError;RAISE:TypeError;RAISE:TypeError;RAISE:TypeError;RAISE:TypeError;RAISE:TypeError;RAISE:TypeError;RAISE:TypeError;RAISE:TypeError;RAISE:TypeError;RAISE:TypeError;RAISE:TypeError;RAISE:TypeError;RAISE:TypeError;RAISE:TypeError;RAISE:TypeError;RAISE:TypeError;RAISE:TypeError;RAISE:TypeError;RAISE:TypeError;RAISE:TypeError;RAISE:TypeError;RAISE:TypeError;RAISE:TypeError;RAISE:TypeError;RAISE:TypeError;RAISE:TypeError;RAISE:TypeError;RAISE:TypeError;RAISE:TypeError;RAISE:TypeError;RAISE:TypeError;RAISE:TypeError;RAISE:TypeError;RAISE:TypeError;RAISE:TypeError;RAISE:TypeError;RAISE:TypeError;RAISE:TypeError;RAISE:TypeError;RAISE:TypeError;RAISE:TypeError;RAISE:TypeError;RAISE:TypeError;RAISE:TypeError;RAISE:TypeError;RAISE:TypeError;RAISE:TypeError;RAISE:TypeError;RAISE:TypeError;RAISE:TypeError;RAISE:TypeError;RAISE:TypeError;RAISE:TypeError;RAISE:TypeError;RAISE:TypeError;RAISE:TypeError;RAISE:TypeError;RAISE:TypeError;RAISE:TypeError;RAISE:TypeError;RAISE:TypeError;RAISE:TypeError;RAISE:TypeError;RAISE:TypeError;RAISE:TypeError;RAISE:TypeError;RAISE:TypeError;RAISE:TypeError;RAISE:TypeError;RAISE:TypeError;RAISE:TypeError;RAISE:TypeError;RAISE:TypeError;RAISE:TypeError;RAISE:TypeError;RAISE:TypeError;RAISE:TypeError;RAISE:TypeError;RAISE:TypeError;RAISE:TypeError;RAISE:TypeError;RAISE:TypeError;RAISE:TypeError;RAISE:TypeError;RAISE:TypeError;RAISE:TypeError;RAISE:TypeError;RAISE:TypeError;RAISE:TypeError;RAISE:TypeError;RAISE:TypeError;RAISE:TypeError;RAISE:TypeError;RAISE:TypeError;RAISE:TypeError;RAISE:TypeError;RAISE:TypeError;RAISE:TypeError;RAISE:TypeError;RAISE:TypeError;RAISE:TypeError;RAISE:TypeError;RAISE:TypeError;RAISE:TypeError;RAISE:TypeError;RAISE:TypeError;RAISE:TypeError;RAISE:TypeError;RAISE:TypeError;RAISE:TypeError;RAISE:TypeError;RAISE:TypeError;RAISE:TypeError;RAISE:TypeError;RAISE:TypeError;RAISE:TypeError;RAISE:TypeError;RAISE:TypeError;RAISE:TypeError;RAISE:TypeError;RAISE:TypeError;RAISE:TypeError;RAISE:TypeError;RAISE:TypeError;RAISE:TypeError;RAISE:TypeError;RAISE:TypeError;RAISE:TypeError;RAISE:TypeError;RAISE:TypeError;RAISE:TypeError;RAISE:TypeError;RAISE:TypeError;RAISE:TypeError;RAISE:TypeError;RAISE:TypeError;RAISE:TypeError;RAISE:TypeError;RAISE:TypeError;RAISE:TypeError;RAISE:TypeError;RAISE:TypeError;RAISE:TypeError;RAISE:TypeError;RAISE:TypeError;RAISE:TypeError;RAISE:TypeError;RAISE:TypeError;RAISE:TypeError;RAISE:TypeError;RAISE:TypeError;RAISE:TypeError;RAISE:TypeError;RAISE:TypeError;RAISE:TypeError;RAISE:TypeError;RAISE:TypeError;RAISE:TypeError;RAISE:TypeError;RAISE:TypeError;RAISE:TypeError;RAISE:TypeError;RAISE:TypeError;RAISE:TypeError;RAISE:TypeError;RAISE:TypeError;RAISE:TypeError;RAISE:TypeError;RAISE:TypeError;RAISE:TypeError;RAISE:TypeError;RAISE:TypeError;RAISE:TypeError;RAISE:TypeError;RAISE:TypeError;RAISE:TypeError;RAISE:TypeError;RAISE:TypeError;RAISE:TypeError;RAISE:TypeError;RAISE:TypeError;RAISE:TypeError;RAISE:TypeError;RAISE:TypeError;RAISE:TypeError;RAISE:TypeError;RAISE:TypeError;RAISE:TypeError;RAISE:TypeError;RAISE:TypeError;RAISE:TypeError;RAISE:TypeError;RAISE:TypeError;RAISE:TypeError;RAISE:TypeError;RAISE:TypeError;RAISE:TypeError;RAISE:TypeError;RAISE:TypeError,0,289,0,"whole/L1/17:-2^63,-2^63+1,-2^53-1,-2^31,-42,-1,0,1,7,42,1000,2^31-1,2^31,2^53-1,2^53+1,2^63-1,2^64-1","whole/L1/17:-2^63,-2^63+1,-2^53-1,-2^31,-42,-1,0,1,7,42,1000,2^31-1,2^31,2^53-1,2^53+1,2^63-1,2^64-1"
A14_4_3,1,whole|whole,Fraction,Decimal,"whole/L1/17:-2^63,-2^63+1,-2^53-1,-2^31,-42,-1,0,1,7,42,1000,2^31-1,2^31,2^53-1,2^53+1,2^63-1,2^64-1","whole/L1/17:-2^63,-2^63+1,-2^53-1,-2^31,-42,-1,0,1,7,42,1000,2^31-1,2^31,2^53-1,2^53+1,2^63-1,2^64-1",289,RAISE:TypeError;RAISE:TypeError;RAISE:TypeError;RAISE:TypeError;RAISE:TypeError;RAISE:TypeError;RAISE:TypeError;RAISE:TypeError;RAISE:TypeError;RAISE:TypeError;RAISE:TypeError;RAISE:TypeError;RAISE:TypeError;RAISE:TypeError;RAISE:TypeError;RAISE:TypeError;RAISE:TypeError;RAISE:TypeError;RAISE:TypeError;RAISE:TypeError;RAISE:TypeError;RAISE:TypeError;RAISE:TypeError;RAISE:TypeError;RAISE:TypeError;RAISE:TypeError;RAISE:TypeError;RAISE:TypeError;RAISE:TypeError;RAISE:TypeError;RAISE:TypeError;RAISE:TypeError;RAISE:TypeError;RAISE:TypeError;RAISE:TypeError;RAISE:TypeError;RAISE:TypeError;RAISE:TypeError;RAISE:TypeError;RAISE:TypeError;RAISE:TypeError;RAISE:TypeError;RAISE:TypeError;RAISE:TypeError;RAISE:TypeError;RAISE:TypeError;RAISE:TypeError;RAISE:TypeError;RAISE:TypeError;RAISE:TypeError;RAISE:TypeError;RAISE:TypeError;RAISE:TypeError;RAISE:TypeError;RAISE:TypeError;RAISE:TypeError;RAISE:TypeError;RAISE:TypeError;RAISE:TypeError;RAISE:TypeError;RAISE:TypeError;RAISE:TypeError;RAISE:TypeError;RAISE:TypeError;RAISE:TypeError;RAISE:TypeError;RAISE:TypeError;RAISE:TypeError;RAISE:TypeError;RAISE:TypeError;RAISE:TypeError;RAISE:TypeError;RAISE:TypeError;RAISE:TypeError;RAISE:TypeError;RAISE:TypeError;RAISE:TypeError;RAISE:TypeError;RAISE:TypeError;RAISE:TypeError;RAISE:TypeError;RAISE:TypeError;RAISE:TypeError;RAISE:TypeError;RAISE:TypeError;RAISE:TypeError;RAISE:TypeError;RAISE:TypeError;RAISE:TypeError;RAISE:TypeError;RAISE:TypeError;RAISE:TypeError;RAISE:TypeError;RAISE:TypeError;RAISE:TypeError;RAISE:TypeError;RAISE:TypeError;RAISE:TypeError;RAISE:TypeError;RAISE:TypeError;RAISE:TypeError;RAISE:TypeError;RAISE:TypeError;RAISE:TypeError;RAISE:TypeError;RAISE:TypeError;RAISE:TypeError;RAISE:TypeError;RAISE:TypeError;RAISE:TypeError;RAISE:TypeError;RAISE:TypeError;RAISE:TypeError;RAISE:TypeError;RAISE:TypeError;RAISE:TypeError;RAISE:TypeError;RAISE:TypeError;RAISE:TypeError;RAISE:TypeError;RAISE:TypeError;RAISE:TypeError;RAISE:TypeError;RAISE:TypeError;RAISE:TypeError;RAISE:TypeError;RAISE:TypeError;RAISE:TypeError;RAISE:TypeError;RAISE:TypeError;RAISE:TypeError;RAISE:TypeError;RAISE:TypeError;RAISE:TypeError;RAISE:TypeError;RAISE:TypeError;RAISE:TypeError;RAISE:TypeError;RAISE:TypeError;RAISE:TypeError;RAISE:TypeError;RAISE:TypeError;RAISE:TypeError;RAISE:TypeError;RAISE:TypeError;RAISE:TypeError;RAISE:TypeError;RAISE:TypeError;RAISE:TypeError;RAISE:TypeError;RAISE:TypeError;RAISE:TypeError;RAISE:TypeError;RAISE:TypeError;RAISE:TypeError;RAISE:TypeError;RAISE:TypeError;RAISE:TypeError;RAISE:TypeError;RAISE:TypeError;RAISE:TypeError;RAISE:TypeError;RAISE:TypeError;RAISE:TypeError;RAISE:TypeError;RAISE:TypeError;RAISE:TypeError;RAISE:TypeError;RAISE:TypeError;RAISE:TypeError;RAISE:TypeError;RAISE:TypeError;RAISE:TypeError;RAISE:TypeError;RAISE:TypeError;RAISE:TypeError;RAISE:TypeError;RAISE:TypeError;RAISE:TypeError;RAISE:TypeError;RAISE:TypeError;RAISE:TypeError;RAISE:TypeError;RAISE:TypeError;RAISE:TypeError;RAISE:TypeError;RAISE:TypeError;RAISE:TypeError;RAISE:TypeError;RAISE:TypeError;RAISE:TypeError;RAISE:TypeError;RAISE:TypeError;RAISE:TypeError;RAISE:TypeError;RAISE:TypeError;RAISE:TypeError;RAISE:TypeError;RAISE:TypeError;RAISE:TypeError;RAISE:TypeError;RAISE:TypeError;RAISE:TypeError;RAISE:TypeError;RAISE:TypeError;RAISE:TypeError;RAISE:TypeError;RAISE:TypeError;RAISE:TypeError;RAISE:TypeError;RAISE:TypeError;RAISE:TypeError;RAISE:TypeError;RAISE:TypeError;RAISE:TypeError;RAISE:TypeError;RAISE:TypeError;RAISE:TypeError;RAISE:TypeError;RAISE:TypeError;RAISE:TypeError;RAISE:TypeError;RAISE:TypeError;RAISE:TypeError;RAISE:TypeError;RAISE:TypeError;RAISE:TypeError;RAISE:TypeError;RAISE:TypeError;RAISE:TypeError;RAISE:TypeError;RAISE:TypeError;RAISE:TypeError;RAISE:TypeError;RAISE:TypeError;RAISE:TypeError;RAISE:TypeError;RAISE:TypeError;RAISE:TypeError;RAISE:TypeError;RAISE:TypeError;RAISE:TypeError;RAISE:TypeError;RAISE:TypeError;RAISE:TypeError;RAISE:TypeError;RAISE:TypeError;RAISE:TypeError;RAISE:TypeError;RAISE:TypeError;RAISE:TypeError;RAISE:TypeError;RAISE:TypeError;RAISE:TypeError;RAISE:TypeError;RAISE:TypeError;RAISE:TypeError;RAISE:TypeError;RAISE:TypeError;RAISE:TypeError;RAISE:TypeError;RAISE:TypeError;RAISE:TypeError;RAISE:TypeError;RAISE:TypeError;RAISE:TypeError;RAISE:TypeError;RAISE:TypeError;RAISE:TypeError;RAISE:TypeError;RAISE:TypeError;RAISE:TypeError;RAISE:TypeError;RAISE:TypeError;RAISE:TypeError;RAISE:TypeError;RAISE:TypeError;RAISE:TypeError;RAISE:TypeError;RAISE:TypeError;RAISE:TypeError;RAISE:TypeError;RAISE:TypeError;RAISE:TypeError;RAISE:TypeError;RAISE:TypeError;RAISE:TypeError;RAISE:TypeError;RAISE:TypeError,0,289,0,"whole/L1/17:-2^63,-2^63+1,-2^53-1,-2^31,-42,-1,0,1,7,42,1000,2^31-1,2^31,2^53-1,2^53+1,2^63-1,2^64-1","whole/L1/17:-2^63,-2^63+1,-2^53-1,-2^31,-42,-1,0,1,7,42,1000,2^31-1,2^31,2^53-1,2^53+1,2^63-1,2^64-1"
A14_4_4,1,whole|whole,Fraction,Fraction,"whole/L1/17:-2^63,-2^63+1,-2^53-1,-2^31,-42,-1,0,1,7,42,1000,2^31-1,2^31,2^53-1,2^53+1,2^63-1,2^64-1","whole/L1/17:-2^63,-2^63+1,-2^53-1,-2^31,-42,-1,0,1,7,42,1000,2^31-1,2^31,2^53-1,2^53+1,2^63-1,2^64-1",289,RAISE:TypeError;RAISE:TypeError;RAISE:TypeError;RAISE:TypeError;RAISE:TypeError;RAISE:TypeError;RAISE:TypeError;RAISE:TypeError;RAISE:TypeError;RAISE:TypeError;RAISE:TypeError;RAISE:TypeError;RAISE:TypeError;RAISE:TypeError;RAISE:TypeError;RAISE:TypeError;RAISE:TypeError;RAISE:TypeError;RAISE:TypeError;RAISE:TypeError;RAISE:TypeError;RAISE:TypeError;RAISE:TypeError;RAISE:TypeError;RAISE:TypeError;RAISE:TypeError;RAISE:TypeError;RAISE:TypeError;RAISE:TypeError;RAISE:TypeError;RAISE:TypeError;RAISE:TypeError;RAISE:TypeError;RAISE:TypeError;RAISE:TypeError;RAISE:TypeError;RAISE:TypeError;RAISE:TypeError;RAISE:TypeError;RAISE:TypeError;RAISE:TypeError;RAISE:TypeError;RAISE:TypeError;RAISE:TypeError;RAISE:TypeError;RAISE:TypeError;RAISE:TypeError;RAISE:TypeError;RAISE:TypeError;RAISE:TypeError;RAISE:TypeError;RAISE:TypeError;RAISE:TypeError;RAISE:TypeError;RAISE:TypeError;RAISE:TypeError;RAISE:TypeError;RAISE:TypeError;RAISE:TypeError;RAISE:TypeError;RAISE:TypeError;RAISE:TypeError;RAISE:TypeError;RAISE:TypeError;RAISE:TypeError;RAISE:TypeError;RAISE:TypeError;RAISE:TypeError;RAISE:TypeError;RAISE:TypeError;RAISE:TypeError;RAISE:TypeError;RAISE:TypeError;RAISE:TypeError;RAISE:TypeError;RAISE:TypeError;RAISE:TypeError;RAISE:TypeError;RAISE:TypeError;RAISE:TypeError;RAISE:TypeError;RAISE:TypeError;RAISE:TypeError;RAISE:TypeError;RAISE:TypeError;RAISE:TypeError;RAISE:TypeError;RAISE:TypeError;RAISE:TypeError;RAISE:TypeError;RAISE:TypeError;RAISE:TypeError;RAISE:TypeError;RAISE:TypeError;RAISE:TypeError;RAISE:TypeError;RAISE:TypeError;RAISE:TypeError;RAISE:TypeError;RAISE:TypeError;RAISE:TypeError;RAISE:TypeError;RAISE:TypeError;RAISE:TypeError;RAISE:TypeError;RAISE:TypeError;RAISE:TypeError;RAISE:TypeError;RAISE:TypeError;RAISE:TypeError;RAISE:TypeError;RAISE:TypeError;RAISE:TypeError;RAISE:TypeError;RAISE:TypeError;RAISE:TypeError;RAISE:TypeError;RAISE:TypeError;RAISE:TypeError;RAISE:TypeError;RAISE:TypeError;RAISE:TypeError;RAISE:TypeError;RAISE:TypeError;RAISE:TypeError;RAISE:TypeError;RAISE:TypeError;RAISE:TypeError;RAISE:TypeError;RAISE:TypeError;RAISE:TypeError;RAISE:TypeError;RAISE:TypeError;RAISE:TypeError;RAISE:TypeError;RAISE:TypeError;RAISE:TypeError;RAISE:TypeError;RAISE:TypeError;RAISE:TypeError;RAISE:TypeError;RAISE:TypeError;RAISE:TypeError;RAISE:TypeError;RAISE:TypeError;RAISE:TypeError;RAISE:TypeError;RAISE:TypeError;RAISE:TypeError;RAISE:TypeError;RAISE:TypeError;RAISE:TypeError;RAISE:TypeError;RAISE:TypeError;RAISE:TypeError;RAISE:TypeError;RAISE:TypeError;RAISE:TypeError;RAISE:TypeError;RAISE:TypeError;RAISE:TypeError;RAISE:TypeError;RAISE:TypeError;RAISE:TypeError;RAISE:TypeError;RAISE:TypeError;RAISE:TypeError;RAISE:TypeError;RAISE:TypeError;RAISE:TypeError;RAISE:TypeError;RAISE:TypeError;RAISE:TypeError;RAISE:TypeError;RAISE:TypeError;RAISE:TypeError;RAISE:TypeError;RAISE:TypeError;RAISE:TypeError;RAISE:TypeError;RAISE:TypeError;RAISE:TypeError;RAISE:TypeError;RAISE:TypeError;RAISE:TypeError;RAISE:TypeError;RAISE:TypeError;RAISE:TypeError;RAISE:TypeError;RAISE:TypeError;RAISE:TypeError;RAISE:TypeError;RAISE:TypeError;RAISE:TypeError;RAISE:TypeError;RAISE:TypeError;RAISE:TypeError;RAISE:TypeError;RAISE:TypeError;RAISE:TypeError;RAISE:TypeError;RAISE:TypeError;RAISE:TypeError;RAISE:TypeError;RAISE:TypeError;RAISE:TypeError;RAISE:TypeError;RAISE:TypeError;RAISE:TypeError;RAISE:TypeError;RAISE:TypeError;RAISE:TypeError;RAISE:TypeError;RAISE:TypeError;RAISE:TypeError;RAISE:TypeError;RAISE:TypeError;RAISE:TypeError;RAISE:TypeError;RAISE:TypeError;RAISE:TypeError;RAISE:TypeError;RAISE:TypeError;RAISE:TypeError;RAISE:TypeError;RAISE:TypeError;RAISE:TypeError;RAISE:TypeError;RAISE:TypeError;RAISE:TypeError;RAISE:TypeError;RAISE:TypeError;RAISE:TypeError;RAISE:TypeError;RAISE:TypeError;RAISE:TypeError;RAISE:TypeError;RAISE:TypeError;RAISE:TypeError;RAISE:TypeError;RAISE:TypeError;RAISE:TypeError;RAISE:TypeError;RAISE:TypeError;RAISE:TypeError;RAISE:TypeError;RAISE:TypeError;RAISE:TypeError;RAISE:TypeError;RAISE:TypeError;RAISE:TypeError;RAISE:TypeError;RAISE:TypeError;RAISE:TypeError;RAISE:TypeError;RAISE:TypeError;RAISE:TypeError;RAISE:TypeError;RAISE:TypeError;RAISE:TypeError;RAISE:TypeError;RAISE:TypeError;RAISE:TypeError;RAISE:TypeError;RAISE:TypeError;RAISE:TypeError;RAISE:TypeError;RAISE:TypeError;RAISE:TypeError;RAISE:TypeError;RAISE:TypeError;RAISE:TypeError;RAISE:TypeError;RAISE:TypeError;RAISE:TypeError;RAISE:TypeError;RAISE:TypeError;RAISE:TypeError;RAISE:TypeError;RAISE:TypeError;RAISE:TypeError;RAISE:TypeError;RAISE:TypeError;RAISE:TypeError;RAISE:TypeError;RAISE:TypeError;RAISE:TypeError;RAISE:TypeError;RAISE:TypeError,0,289,0,"whole/L1/17:-2^63,-2^63+1,-2^53-1,-2^31,-42,-1,0,1,7,42,1000,2^31-1,2^31,2^53-1,2^53+1,2^63-1,2^64-1","whole/L1/17:-2^63,-2^63+1,-2^53-1,-2^31,-42,-1,0,1,7,42,1000,2^31-1,2^31,2^53-1,2^53+1,2^63-1,2^64-1"
A14_4_5,1,whole|whole,Fraction,c_int64,"whole/L1/17:-2^63,-2^63+1,-2^53-1,-2^31,-42,-1,0,1,7,42,1000,2^31-1,2^31,2^53-1,2^53+1,2^63-1,2^64-1","whole/L1/17:-2^63,-2^63+1,-2^53-1,-2^31,-42,-1,0,1,7,42,1000,2^31-1,2^31,2^53-1,2^53+1,2^63-1,2^64-1",289,RAISE:TypeError;RAISE:TypeError;RAISE:TypeError;RAISE:TypeError;RAISE:TypeError;RAISE:TypeError;RAISE:TypeError;RAISE:TypeError;RAISE:TypeError;RAISE:TypeError;RAISE:TypeError;RAISE:TypeError;RAISE:TypeError;RAISE:TypeError;RAISE:TypeError;RAISE:TypeError;UNREPRESENTABLE;RAISE:TypeError;RAISE:TypeError;RAISE:TypeError;RAISE:TypeError;RAISE:TypeError;RAISE:TypeError;RAISE:TypeError;RAISE:TypeError;RAISE:TypeError;RAISE:TypeError;RAISE:TypeError;RAISE:TypeError;RAISE:TypeError;RAISE:TypeError;RAISE:TypeError;RAISE:TypeError;UNREPRESENTABLE;RAISE:TypeError;RAISE:TypeError;RAISE:TypeError;RAISE:TypeError;RAISE:TypeError;RAISE:TypeError;RAISE:TypeError;RAISE:TypeError;RAISE:TypeError;RAISE:TypeError;RAISE:TypeError;RAISE:TypeError;RAISE:TypeError;RAISE:TypeError;RAISE:TypeError;RAISE:TypeError;UNREPRESENTABLE;RAISE:TypeError;RAISE:TypeError;RAISE:TypeError;RAISE:TypeError;RAISE:TypeError;RAISE:TypeError;RAISE:TypeError;RAISE:TypeError;RAISE:TypeError;RAISE:TypeError;RAISE:TypeError;RAISE:TypeError;RAISE:TypeError;RAISE:TypeError;RAISE:TypeError;RAISE:TypeError;UNREPRESENTABLE;RAISE:TypeError;RAISE:TypeError;RAISE:TypeError;RAISE:TypeError;RAISE:TypeError;RAISE:TypeError;RAISE:TypeError;RAISE:TypeError;RAISE:TypeError;RAISE:TypeError;RAISE:TypeError;RAISE:TypeError;RAISE:TypeError;RAISE:TypeError;RAISE:TypeError;RAISE:TypeError;UNREPRESENTABLE;RAISE:TypeError;RAISE:TypeError;RAISE:TypeError;RAISE:TypeError;RAISE:TypeError;RAISE:TypeError;RAISE:TypeError;RAISE:TypeError;RAISE:TypeError;RAISE:TypeError;RAISE:TypeError;RAISE:TypeError;RAISE:TypeError;RAISE:TypeError;RAISE:TypeError;RAISE:TypeError;UNREPRESENTABLE;RAISE:TypeError;RAISE:TypeError;RAISE:TypeError;RAISE:TypeError;RAISE:TypeError;RAISE:TypeError;RAISE:TypeError;RAISE:TypeError;RAISE:TypeError;RAISE:TypeError;RAISE:TypeError;RAISE:TypeError;RAISE:TypeError;RAISE:TypeError;RAISE:TypeError;RAISE:TypeError;UNREPRESENTABLE;RAISE:TypeError;RAISE:TypeError;RAISE:TypeError;RAISE:TypeError;RAISE:TypeError;RAISE:TypeError;RAISE:TypeError;RAISE:TypeError;RAISE:TypeError;RAISE:TypeError;RAISE:TypeError;RAISE:TypeError;RAISE:TypeError;RAISE:TypeError;RAISE:TypeError;RAISE:TypeError;UNREPRESENTABLE;RAISE:TypeError;RAISE:TypeError;RAISE:TypeError;RAISE:TypeError;RAISE:TypeError;RAISE:TypeError;RAISE:TypeError;RAISE:TypeError;RAISE:TypeError;RAISE:TypeError;RAISE:TypeError;RAISE:TypeError;RAISE:TypeError;RAISE:TypeError;RAISE:TypeError;RAISE:TypeError;UNREPRESENTABLE;RAISE:TypeError;RAISE:TypeError;RAISE:TypeError;RAISE:TypeError;RAISE:TypeError;RAISE:TypeError;RAISE:TypeError;RAISE:TypeError;RAISE:TypeError;RAISE:TypeError;RAISE:TypeError;RAISE:TypeError;RAISE:TypeError;RAISE:TypeError;RAISE:TypeError;RAISE:TypeError;UNREPRESENTABLE;RAISE:TypeError;RAISE:TypeError;RAISE:TypeError;RAISE:TypeError;RAISE:TypeError;RAISE:TypeError;RAISE:TypeError;RAISE:TypeError;RAISE:TypeError;RAISE:TypeError;RAISE:TypeError;RAISE:TypeError;RAISE:TypeError;RAISE:TypeError;RAISE:TypeError;RAISE:TypeError;UNREPRESENTABLE;RAISE:TypeError;RAISE:TypeError;RAISE:TypeError;RAISE:TypeError;RAISE:TypeError;RAISE:TypeError;RAISE:TypeError;RAISE:TypeError;RAISE:TypeError;RAISE:TypeError;RAISE:TypeError;RAISE:TypeError;RAISE:TypeError;RAISE:TypeError;RAISE:TypeError;RAISE:TypeError;UNREPRESENTABLE;RAISE:TypeError;RAISE:TypeError;RAISE:TypeError;RAISE:TypeError;RAISE:TypeError;RAISE:TypeError;RAISE:TypeError;RAISE:TypeError;RAISE:TypeError;RAISE:TypeError;RAISE:TypeError;RAISE:TypeError;RAISE:TypeError;RAISE:TypeError;RAISE:TypeError;RAISE:TypeError;UNREPRESENTABLE;RAISE:TypeError;RAISE:TypeError;RAISE:TypeError;RAISE:TypeError;RAISE:TypeError;RAISE:TypeError;RAISE:TypeError;RAISE:TypeError;RAISE:TypeError;RAISE:TypeError;RAISE:TypeError;RAISE:TypeError;RAISE:TypeError;RAISE:TypeError;RAISE:TypeError;RAISE:TypeError;UNREPRESENTABLE;RAISE:TypeError;RAISE:TypeError;RAISE:TypeError;RAISE:TypeError;RAISE:TypeError;RAISE:TypeError;RAISE:TypeError;RAISE:TypeError;RAISE:TypeError;RAISE:TypeError;RAISE:TypeError;RAISE:TypeError;RAISE:TypeError;RAISE:TypeError;RAISE:TypeError;RAISE:TypeError;UNREPRESENTABLE;RAISE:TypeError;RAISE:TypeError;RAISE:TypeError;RAISE:TypeError;RAISE:TypeError;RAISE:TypeError;RAISE:TypeError;RAISE:TypeError;RAISE:TypeError;RAISE:TypeError;RAISE:TypeError;RAISE:TypeError;RAISE:TypeError;RAISE:TypeError;RAISE:TypeError;RAISE:TypeError;UNREPRESENTABLE;RAISE:TypeError;RAISE:TypeError;RAISE:TypeError;RAISE:TypeError;RAISE:TypeError;RAISE:TypeError;RAISE:TypeError;RAISE:TypeError;RAISE:TypeError;RAISE:TypeError;RAISE:TypeError;RAISE:TypeError;RAISE:TypeError;RAISE:TypeError;RAISE:TypeError;RAISE:TypeError;UNREPRESENTABLE,0,272,17,"whole/L1/17:-2^63,-2^63+1,-2^53-1,-2^31,-42,-1,0,1,7,42,1000,2^31-1,2^31,2^53-1,2^53+1,2^63-1,2^64-1","whole/L1/16:-2^63,-2^63+1,-2^53-1,-2^31,-42,-1,0,1,7,42,1000,2^31-1,2^31,2^53-1,2^53+1,2^63-1"
A14_4_6,1,whole|fractional,Fraction,float,"whole/L1/17:-2^63,-2^63+1,-2^53-1,-2^31,-42,-1,0,1,7,42,1000,2^31-1,2^31,2^53-1,2^53+1,2^63-1,2^64-1","fractional/L1/16:-max_finite,-1.5,-1.0,-(1.0-1ulp),-0.0,+0.0,+min_subnormal,+min_normal,1.0-1ulp,1.0,1.0+1ulp,1.5,pi,2^53,max_finite,0.1",272,RAISE:TypeError;RAISE:TypeError;RAISE:TypeError;RAISE:TypeError;RAISE:TypeError;RAISE:TypeError;RAISE:TypeError;RAISE:TypeError;RAISE:TypeError;RAISE:TypeError;RAISE:TypeError;RAISE:TypeError;RAISE:TypeError;RAISE:TypeError;RAISE:TypeError;RAISE:TypeError;RAISE:TypeError;RAISE:TypeError;RAISE:TypeError;RAISE:TypeError;RAISE:TypeError;RAISE:TypeError;RAISE:TypeError;RAISE:TypeError;RAISE:TypeError;RAISE:TypeError;RAISE:TypeError;RAISE:TypeError;RAISE:TypeError;RAISE:TypeError;RAISE:TypeError;RAISE:TypeError;RAISE:TypeError;RAISE:TypeError;RAISE:TypeError;RAISE:TypeError;RAISE:TypeError;RAISE:TypeError;RAISE:TypeError;RAISE:TypeError;RAISE:TypeError;RAISE:TypeError;RAISE:TypeError;RAISE:TypeError;RAISE:TypeError;RAISE:TypeError;RAISE:TypeError;RAISE:TypeError;RAISE:TypeError;RAISE:TypeError;RAISE:TypeError;RAISE:TypeError;RAISE:TypeError;RAISE:TypeError;RAISE:TypeError;RAISE:TypeError;RAISE:TypeError;RAISE:TypeError;RAISE:TypeError;RAISE:TypeError;RAISE:TypeError;RAISE:TypeError;RAISE:TypeError;RAISE:TypeError;RAISE:TypeError;RAISE:TypeError;RAISE:TypeError;RAISE:TypeError;RAISE:TypeError;RAISE:TypeError;RAISE:TypeError;RAISE:TypeError;RAISE:TypeError;RAISE:TypeError;RAISE:TypeError;RAISE:TypeError;RAISE:TypeError;RAISE:TypeError;RAISE:TypeError;RAISE:TypeError;RAISE:TypeError;RAISE:TypeError;RAISE:TypeError;RAISE:TypeError;RAISE:TypeError;RAISE:TypeError;RAISE:TypeError;RAISE:TypeError;RAISE:TypeError;RAISE:TypeError;RAISE:TypeError;RAISE:TypeError;RAISE:TypeError;RAISE:TypeError;RAISE:TypeError;RAISE:TypeError;RAISE:TypeError;RAISE:TypeError;RAISE:TypeError;RAISE:TypeError;RAISE:TypeError;RAISE:TypeError;RAISE:TypeError;RAISE:TypeError;RAISE:TypeError;RAISE:TypeError;RAISE:TypeError;RAISE:TypeError;RAISE:TypeError;RAISE:TypeError;RAISE:TypeError;RAISE:TypeError;RAISE:TypeError;RAISE:TypeError;RAISE:TypeError;RAISE:TypeError;RAISE:TypeError;RAISE:TypeError;RAISE:TypeError;RAISE:TypeError;RAISE:TypeError;RAISE:TypeError;RAISE:TypeError;RAISE:TypeError;RAISE:TypeError;RAISE:TypeError;RAISE:TypeError;RAISE:TypeError;RAISE:TypeError;RAISE:TypeError;RAISE:TypeError;RAISE:TypeError;RAISE:TypeError;RAISE:TypeError;RAISE:TypeError;RAISE:TypeError;RAISE:TypeError;RAISE:TypeError;RAISE:TypeError;RAISE:TypeError;RAISE:TypeError;RAISE:TypeError;RAISE:TypeError;RAISE:TypeError;RAISE:TypeError;RAISE:TypeError;RAISE:TypeError;RAISE:TypeError;RAISE:TypeError;RAISE:TypeError;RAISE:TypeError;RAISE:TypeError;RAISE:TypeError;RAISE:TypeError;RAISE:TypeError;RAISE:TypeError;RAISE:TypeError;RAISE:TypeError;RAISE:TypeError;RAISE:TypeError;RAISE:TypeError;RAISE:TypeError;RAISE:TypeError;RAISE:TypeError;RAISE:TypeError;RAISE:TypeError;RAISE:TypeError;RAISE:TypeError;RAISE:TypeError;RAISE:TypeError;RAISE:TypeError;RAISE:TypeError;RAISE:TypeError;RAISE:TypeError;RAISE:TypeError;RAISE:TypeError;RAISE:TypeError;RAISE:TypeError;RAISE:TypeError;RAISE:TypeError;RAISE:TypeError;RAISE:TypeError;RAISE:TypeError;RAISE:TypeError;RAISE:TypeError;RAISE:TypeError;RAISE:TypeError;RAISE:TypeError;RAISE:TypeError;RAISE:TypeError;RAISE:TypeError;RAISE:TypeError;RAISE:TypeError;RAISE:TypeError;RAISE:TypeError;RAISE:TypeError;RAISE:TypeError;RAISE:TypeError;RAISE:TypeError;RAISE:TypeError;RAISE:TypeError;RAISE:TypeError;RAISE:TypeError;RAISE:TypeError;RAISE:TypeError;RAISE:TypeError;RAISE:TypeError;RAISE:TypeError;RAISE:TypeError;RAISE:TypeError;RAISE:TypeError;RAISE:TypeError;RAISE:TypeError;RAISE:TypeError;RAISE:TypeError;RAISE:TypeError;RAISE:TypeError;RAISE:TypeError;RAISE:TypeError;RAISE:TypeError;RAISE:TypeError;RAISE:TypeError;RAISE:TypeError;RAISE:TypeError;RAISE:TypeError;RAISE:TypeError;RAISE:TypeError;RAISE:TypeError;RAISE:TypeError;RAISE:TypeError;RAISE:TypeError;RAISE:TypeError;RAISE:TypeError;RAISE:TypeError;RAISE:TypeError;RAISE:TypeError;RAISE:TypeError;RAISE:TypeError;RAISE:TypeError;RAISE:TypeError;RAISE:TypeError;RAISE:TypeError;RAISE:TypeError;RAISE:TypeError;RAISE:TypeError;RAISE:TypeError;RAISE:TypeError;RAISE:TypeError;RAISE:TypeError;RAISE:TypeError;RAISE:TypeError;RAISE:TypeError;RAISE:TypeError;RAISE:TypeError;RAISE:TypeError;RAISE:TypeError;RAISE:TypeError;RAISE:TypeError;RAISE:TypeError;RAISE:TypeError;RAISE:TypeError;RAISE:TypeError;RAISE:TypeError;RAISE:TypeError;RAISE:TypeError;RAISE:TypeError;RAISE:TypeError;RAISE:TypeError;RAISE:TypeError;RAISE:TypeError;RAISE:TypeError;RAISE:TypeError,0,272,0,"whole/L1/17:-2^63,-2^63+1,-2^53-1,-2^31,-42,-1,0,1,7,42,1000,2^31-1,2^31,2^53-1,2^53+1,2^63-1,2^64-1","fractional/L1/16:-max_finite,-1.5,-1.0,-(1.0-1ulp),-0.0,+0.0,+min_subnormal,+min_normal,1.0-1ulp,1.0,1.0+1ulp,1.5,pi,2^53,max_finite,0.1"
A14_4_7,1,whole|fractional,Fraction,Decimal,"whole/L1/17:-2^63,-2^63+1,-2^53-1,-2^31,-42,-1,0,1,7,42,1000,2^31-1,2^31,2^53-1,2^53+1,2^63-1,2^64-1","fractional/L1/16:-max_finite,-1.5,-1.0,-(1.0-1ulp),-0.0,+0.0,+min_subnormal,+min_normal,1.0-1ulp,1.0,1.0+1ulp,1.5,pi,2^53,max_finite,0.1",272,RAISE:TypeError;RAISE:TypeError;RAISE:TypeError;RAISE:TypeError;RAISE:TypeError;RAISE:TypeError;RAISE:TypeError;RAISE:TypeError;RAISE:TypeError;RAISE:TypeError;RAISE:TypeError;RAISE:TypeError;RAISE:TypeError;RAISE:TypeError;RAISE:TypeError;RAISE:TypeError;RAISE:TypeError;RAISE:TypeError;RAISE:TypeError;RAISE:TypeError;RAISE:TypeError;RAISE:TypeError;RAISE:TypeError;RAISE:TypeError;RAISE:TypeError;RAISE:TypeError;RAISE:TypeError;RAISE:TypeError;RAISE:TypeError;RAISE:TypeError;RAISE:TypeError;RAISE:TypeError;RAISE:TypeError;RAISE:TypeError;RAISE:TypeError;RAISE:TypeError;RAISE:TypeError;RAISE:TypeError;RAISE:TypeError;RAISE:TypeError;RAISE:TypeError;RAISE:TypeError;RAISE:TypeError;RAISE:TypeError;RAISE:TypeError;RAISE:TypeError;RAISE:TypeError;RAISE:TypeError;RAISE:TypeError;RAISE:TypeError;RAISE:TypeError;RAISE:TypeError;RAISE:TypeError;RAISE:TypeError;RAISE:TypeError;RAISE:TypeError;RAISE:TypeError;RAISE:TypeError;RAISE:TypeError;RAISE:TypeError;RAISE:TypeError;RAISE:TypeError;RAISE:TypeError;RAISE:TypeError;RAISE:TypeError;RAISE:TypeError;RAISE:TypeError;RAISE:TypeError;RAISE:TypeError;RAISE:TypeError;RAISE:TypeError;RAISE:TypeError;RAISE:TypeError;RAISE:TypeError;RAISE:TypeError;RAISE:TypeError;RAISE:TypeError;RAISE:TypeError;RAISE:TypeError;RAISE:TypeError;RAISE:TypeError;RAISE:TypeError;RAISE:TypeError;RAISE:TypeError;RAISE:TypeError;RAISE:TypeError;RAISE:TypeError;RAISE:TypeError;RAISE:TypeError;RAISE:TypeError;RAISE:TypeError;RAISE:TypeError;RAISE:TypeError;RAISE:TypeError;RAISE:TypeError;RAISE:TypeError;RAISE:TypeError;RAISE:TypeError;RAISE:TypeError;RAISE:TypeError;RAISE:TypeError;RAISE:TypeError;RAISE:TypeError;RAISE:TypeError;RAISE:TypeError;RAISE:TypeError;RAISE:TypeError;RAISE:TypeError;RAISE:TypeError;RAISE:TypeError;RAISE:TypeError;RAISE:TypeError;RAISE:TypeError;RAISE:TypeError;RAISE:TypeError;RAISE:TypeError;RAISE:TypeError;RAISE:TypeError;RAISE:TypeError;RAISE:TypeError;RAISE:TypeError;RAISE:TypeError;RAISE:TypeError;RAISE:TypeError;RAISE:TypeError;RAISE:TypeError;RAISE:TypeError;RAISE:TypeError;RAISE:TypeError;RAISE:TypeError;RAISE:TypeError;RAISE:TypeError;RAISE:TypeError;RAISE:TypeError;RAISE:TypeError;RAISE:TypeError;RAISE:TypeError;RAISE:TypeError;RAISE:TypeError;RAISE:TypeError;RAISE:TypeError;RAISE:TypeError;RAISE:TypeError;RAISE:TypeError;RAISE:TypeError;RAISE:TypeError;RAISE:TypeError;RAISE:TypeError;RAISE:TypeError;RAISE:TypeError;RAISE:TypeError;RAISE:TypeError;RAISE:TypeError;RAISE:TypeError;RAISE:TypeError;RAISE:TypeError;RAISE:TypeError;RAISE:TypeError;RAISE:TypeError;RAISE:TypeError;RAISE:TypeError;RAISE:TypeError;RAISE:TypeError;RAISE:TypeError;RAISE:TypeError;RAISE:TypeError;RAISE:TypeError;RAISE:TypeError;RAISE:TypeError;RAISE:TypeError;RAISE:TypeError;RAISE:TypeError;RAISE:TypeError;RAISE:TypeError;RAISE:TypeError;RAISE:TypeError;RAISE:TypeError;RAISE:TypeError;RAISE:TypeError;RAISE:TypeError;RAISE:TypeError;RAISE:TypeError;RAISE:TypeError;RAISE:TypeError;RAISE:TypeError;RAISE:TypeError;RAISE:TypeError;RAISE:TypeError;RAISE:TypeError;RAISE:TypeError;RAISE:TypeError;RAISE:TypeError;RAISE:TypeError;RAISE:TypeError;RAISE:TypeError;RAISE:TypeError;RAISE:TypeError;RAISE:TypeError;RAISE:TypeError;RAISE:TypeError;RAISE:TypeError;RAISE:TypeError;RAISE:TypeError;RAISE:TypeError;RAISE:TypeError;RAISE:TypeError;RAISE:TypeError;RAISE:TypeError;RAISE:TypeError;RAISE:TypeError;RAISE:TypeError;RAISE:TypeError;RAISE:TypeError;RAISE:TypeError;RAISE:TypeError;RAISE:TypeError;RAISE:TypeError;RAISE:TypeError;RAISE:TypeError;RAISE:TypeError;RAISE:TypeError;RAISE:TypeError;RAISE:TypeError;RAISE:TypeError;RAISE:TypeError;RAISE:TypeError;RAISE:TypeError;RAISE:TypeError;RAISE:TypeError;RAISE:TypeError;RAISE:TypeError;RAISE:TypeError;RAISE:TypeError;RAISE:TypeError;RAISE:TypeError;RAISE:TypeError;RAISE:TypeError;RAISE:TypeError;RAISE:TypeError;RAISE:TypeError;RAISE:TypeError;RAISE:TypeError;RAISE:TypeError;RAISE:TypeError;RAISE:TypeError;RAISE:TypeError;RAISE:TypeError;RAISE:TypeError;RAISE:TypeError;RAISE:TypeError;RAISE:TypeError;RAISE:TypeError;RAISE:TypeError;RAISE:TypeError;RAISE:TypeError;RAISE:TypeError;RAISE:TypeError;RAISE:TypeError;RAISE:TypeError;RAISE:TypeError;RAISE:TypeError;RAISE:TypeError;RAISE:TypeError;RAISE:TypeError;RAISE:TypeError;RAISE:TypeError;RAISE:TypeError;RAISE:TypeError;RAISE:TypeError;RAISE:TypeError;RAISE:TypeError;RAISE:TypeError,0,272,0,"whole/L1/17:-2^63,-2^63+1,-2^53-1,-2^31,-42,-1,0,1,7,42,1000,2^31-1,2^31,2^53-1,2^53+1,2^63-1,2^64-1","fractional/L1/16:-max_finite,-1.5,-1.0,-(1.0-1ulp),-0.0,+0.0,+min_subnormal,+min_normal,1.0-1ulp,1.0,1.0+1ulp,1.5,pi,2^53,max_finite,0.1"
A14_4_8,1,whole|fractional,Fraction,Fraction,"whole/L1/17:-2^63,-2^63+1,-2^53-1,-2^31,-42,-1,0,1,7,42,1000,2^31-1,2^31,2^53-1,2^53+1,2^63-1,2^64-1","fractional/L1/16:-max_finite,-1.5,-1.0,-(1.0-1ulp),-0.0,+0.0,+min_subnormal,+min_normal,1.0-1ulp,1.0,1.0+1ulp,1.5,pi,2^53,max_finite,0.1",272,RAISE:TypeError;RAISE:TypeError;RAISE:TypeError;RAISE:TypeError;UNREPRESENTABLE;RAISE:TypeError;RAISE:TypeError;RAISE:TypeError;RAISE:TypeError;RAISE:TypeError;RAISE:TypeError;RAISE:TypeError;RAISE:TypeError;RAISE:TypeError;RAISE:TypeError;RAISE:TypeError;RAISE:TypeError;RAISE:TypeError;RAISE:TypeError;RAISE:TypeError;UNREPRESENTABLE;RAISE:TypeError;RAISE:TypeError;RAISE:TypeError;RAISE:TypeError;RAISE:TypeError;RAISE:TypeError;RAISE:TypeError;RAISE:TypeError;RAISE:TypeError;RAISE:TypeError;RAISE:TypeError;RAISE:TypeError;RAISE:TypeError;RAISE:TypeError;RAISE:TypeError;UNREPRESENTABLE;RAISE:TypeError;RAISE:TypeError;RAISE:TypeError;RAISE:TypeError;RAISE:TypeError;RAISE:TypeError;RAISE:TypeError;RAISE:TypeError;RAISE:TypeError;RAISE:TypeError;RAISE:TypeError;RAISE:TypeError;RAISE:TypeError;RAISE:TypeError;RAISE:TypeError;UNREPRESENTABLE;RAISE:TypeError;RAISE:TypeError;RAISE:TypeError;RAISE:TypeError;RAISE:TypeError;RAISE:TypeError;RAISE:TypeError;RAISE:TypeError;RAISE:TypeError;RAISE:TypeError;RAISE:TypeError;RAISE:TypeError;RAISE:TypeError;RAISE:TypeError;RAISE:TypeError;UNREPRESENTABLE;RAISE:TypeError;RAISE:TypeError;RAISE:TypeError;RAISE:TypeError;RAISE:TypeError;RAISE:TypeError;RAISE:TypeError;RAISE:TypeError;RAISE:TypeError;RAISE:TypeError;RAISE:TypeError;RAISE:TypeError;RAISE:TypeError;RAISE:TypeError;RAISE:TypeError;UNREPRESENTABLE;RAISE:TypeError;RAISE:TypeError;RAISE:TypeError;RAISE:TypeError;RAISE:TypeError;RAISE:TypeError;RAISE:TypeError;RAISE:TypeError;RAISE:TypeError;RAISE:TypeError;RAISE:TypeError;RAISE:TypeError;RAISE:TypeError;RAISE:TypeError;RAISE:TypeError;UNREPRESENTABLE;RAISE:TypeError;RAISE:TypeError;RAISE:TypeError;RAISE:TypeError;RAISE:TypeError;RAISE:TypeError;RAISE:TypeError;RAISE:TypeError;RAISE:TypeError;RAISE:TypeError;RAISE:TypeError;RAISE:TypeError;RAISE:TypeError;RAISE:TypeError;RAISE:TypeError;UNREPRESENTABLE;RAISE:TypeError;RAISE:TypeError;RAISE:TypeError;RAISE:TypeError;RAISE:TypeError;RAISE:TypeError;RAISE:TypeError;RAISE:TypeError;RAISE:TypeError;RAISE:TypeError;RAISE:TypeError;RAISE:TypeError;RAISE:TypeError;RAISE:TypeError;RAISE:TypeError;UNREPRESENTABLE;RAISE:TypeError;RAISE:TypeError;RAISE:TypeError;RAISE:TypeError;RAISE:TypeError;RAISE:TypeError;RAISE:TypeError;RAISE:TypeError;RAISE:TypeError;RAISE:TypeError;RAISE:TypeError;RAISE:TypeError;RAISE:TypeError;RAISE:TypeError;RAISE:TypeError;UNREPRESENTABLE;RAISE:TypeError;RAISE:TypeError;RAISE:TypeError;RAISE:TypeError;RAISE:TypeError;RAISE:TypeError;RAISE:TypeError;RAISE:TypeError;RAISE:TypeError;RAISE:TypeError;RAISE:TypeError;RAISE:TypeError;RAISE:TypeError;RAISE:TypeError;RAISE:TypeError;UNREPRESENTABLE;RAISE:TypeError;RAISE:TypeError;RAISE:TypeError;RAISE:TypeError;RAISE:TypeError;RAISE:TypeError;RAISE:TypeError;RAISE:TypeError;RAISE:TypeError;RAISE:TypeError;RAISE:TypeError;RAISE:TypeError;RAISE:TypeError;RAISE:TypeError;RAISE:TypeError;UNREPRESENTABLE;RAISE:TypeError;RAISE:TypeError;RAISE:TypeError;RAISE:TypeError;RAISE:TypeError;RAISE:TypeError;RAISE:TypeError;RAISE:TypeError;RAISE:TypeError;RAISE:TypeError;RAISE:TypeError;RAISE:TypeError;RAISE:TypeError;RAISE:TypeError;RAISE:TypeError;UNREPRESENTABLE;RAISE:TypeError;RAISE:TypeError;RAISE:TypeError;RAISE:TypeError;RAISE:TypeError;RAISE:TypeError;RAISE:TypeError;RAISE:TypeError;RAISE:TypeError;RAISE:TypeError;RAISE:TypeError;RAISE:TypeError;RAISE:TypeError;RAISE:TypeError;RAISE:TypeError;UNREPRESENTABLE;RAISE:TypeError;RAISE:TypeError;RAISE:TypeError;RAISE:TypeError;RAISE:TypeError;RAISE:TypeError;RAISE:TypeError;RAISE:TypeError;RAISE:TypeError;RAISE:TypeError;RAISE:TypeError;RAISE:TypeError;RAISE:TypeError;RAISE:TypeError;RAISE:TypeError;UNREPRESENTABLE;RAISE:TypeError;RAISE:TypeError;RAISE:TypeError;RAISE:TypeError;RAISE:TypeError;RAISE:TypeError;RAISE:TypeError;RAISE:TypeError;RAISE:TypeError;RAISE:TypeError;RAISE:TypeError;RAISE:TypeError;RAISE:TypeError;RAISE:TypeError;RAISE:TypeError;UNREPRESENTABLE;RAISE:TypeError;RAISE:TypeError;RAISE:TypeError;RAISE:TypeError;RAISE:TypeError;RAISE:TypeError;RAISE:TypeError;RAISE:TypeError;RAISE:TypeError;RAISE:TypeError;RAISE:TypeError;RAISE:TypeError;RAISE:TypeError;RAISE:TypeError;RAISE:TypeError;UNREPRESENTABLE;RAISE:TypeError;RAISE:TypeError;RAISE:TypeError;RAISE:TypeError;RAISE:TypeError;RAISE:TypeError;RAISE:TypeError;RAISE:TypeError;RAISE:TypeError;RAISE:TypeError;RAISE:TypeError,0,255,17,"whole/L1/17:-2^63,-2^63+1,-2^53-1,-2^31,-42,-1,0,1,7,42,1000,2^31-1,2^31,2^53-1,2^53+1,2^63-1,2^64-1","fractional/L1/15:-max_finite,-1.5,-1.0,-(1.0-1ulp),+0.0,+min_subnormal,+min_normal,1.0-1ulp,1.0,1.0+1ulp,1.5,pi,2^53,max_finite,0.1"
A14_5_1,1,whole|truth,c_int64,bool,"whole/L1/17:-2^63,-2^63+1,-2^53-1,-2^31,-42,-1,0,1,7,42,1000,2^31-1,2^31,2^53-1,2^53+1,2^63-1,2^64-1","truth/L1/6:true,false,0,1,"""",nil",102,"[-1, 1.0, 64];[-1, 1.0, 63];[-1, 1.0, 63];[-1, 1.0, 64];RAISE:TypeError;RAISE:TypeError;[-1, 1.9999999999999999997831595655029, 63];[-1, 1.9999999999999999997831595655029, 62];[-1, 1.9999999999999999997831595655029, 62];[-1, 1.9999999999999999997831595655029, 63];RAISE:TypeError;RAISE:TypeError;[-1, 1.0000000000000001110223024625157, 54];[-1, 1.0000000000000001110223024625157, 53];[-1, 1.0000000000000001110223024625157, 53];[-1, 1.0000000000000001110223024625157, 54];RAISE:TypeError;RAISE:TypeError;[-1, 1.0, 32];[-1, 1.0, 31];[-1, 1.0, 31];[-1, 1.0, 32];RAISE:TypeError;RAISE:TypeError;[-1, 1.3125, 6];[-1, 1.3125, 5];[-1, 1.3125, 5];[-1, 1.3125, 6];RAISE:TypeError;RAISE:TypeError;[-1, 1.0, 1];[-1, 1.0, 0];[-1, 1.0, 0];[-1, 1.0, 1];RAISE:TypeError;RAISE:TypeError;[1, 0.0, 0];[1, 0.0, 0];[1, 0.0, 0];[1, 0.0, 0];RAISE:TypeError;RAISE:TypeError;[1, 1.0, 1];[1, 1.0, 0];[1, 1.0, 0];[1, 1.0, 1];RAISE:TypeError;RAISE:TypeError;[1, 1.75, 3];[1, 1.75, 2];[1, 1.75, 2];[1, 1.75, 3];RAISE:TypeError;RAISE:TypeError;[1, 1.3125, 6];[1, 1.3125, 5];[1, 1.3125, 5];[1, 1.3125, 6];RAISE:TypeError;RAISE:TypeError;[1, 1.953125, 10];[1, 1.953125, 9];[1, 1.953125, 9];[1, 1.953125, 10];RAISE:TypeError;RAISE:TypeError;[1, 1.999999999068677425384521484375, 31];[1, 1.999999999068677425384521484375, 30];[1, 1.999999999068677425384521484375, 30];[1, 1.999999999068677425384521484375, 31];RAISE:TypeError;RAISE:TypeError;[1, 1.0, 32];[1, 1.0, 31];[1, 1.0, 31];[1, 1.0, 32];RAISE:TypeError;RAISE:TypeError;[1, 1.9999999999999997779553950749687, 53];[1, 1.9999999999999997779553950749687, 52];[1, 1.9999999999999997779553950749687, 52];[1, 1.9999999999999997779553950749687, 53];RAISE:TypeError;RAISE:TypeError;[1, 1.0000000000000001110223024625157, 54];[1, 1.0000000000000001110223024625157, 53];[1, 1.0000000000000001110223024625157, 53];[1, 1.0000000000000001110223024625157, 54];RAISE:TypeError;RAISE:TypeError;[1, 1.9999999999999999997831595655029, 63];[1, 1.9999999999999999997831595655029, 62];[1, 1.9999999999999999997831595655029, 62];[1, 1.9999999999999999997831595655029, 63];RAISE:TypeError;RAISE:TypeError;UNREPRESENTABLE;UNREPRESENTABLE;UNREPRESENTABLE;UNREPRESENTABLE;UNREPRESENTABLE;UNREPRESENTABLE",64,32,6,"whole/L1/16:-2^63,-2^63+1,-2^53-1,-2^31,-42,-1,0,1,7,42,1000,2^31-1,2^31,2^53-1,2^53+1,2^63-1","truth/L1/6:true,false,0,1,"""",nil"
A14_5_2,1,whole|whole,c_int64,int,"whole/L1/17:-2^63,-2^63+1,-2^53-1,-2^31,-42,-1,0,1,7,42,1000,2^31-1,2^31,2^53-1,2^53+1,2^63-1,2^64-1","whole/L1/17:-2^63,-2^63+1,-2^53-1,-2^31,-42,-1,0,1,7,42,1000,2^31-1,2^31,2^53-1,2^53+1,2^63-1,2^64-1",289,"RAISE:ValueError;RAISE:ValueError;RAISE:ValueError;RAISE:ValueError;RAISE:ValueError;RAISE:ValueError;[-1, 1.0, 63];[-1, 1.0, 64];[-1, 1.0, 70];[-1, 1.0, 105];[-1, 1.0, 1063];[-1, 1.0, 2147483710];[-1, 1.0, 2147483711];RAISE:MemoryError;RAISE:MemoryError;RAISE:MemoryError;RAISE:MemoryError;RAISE:ValueError;RAISE:ValueError;RAISE:ValueError;RAISE:ValueError;RAISE:ValueError;RAISE:ValueError;[-1, 1.9999999999999999997831595655029, 62];[-1, 1.9999999999999999997831595655029, 63];[-1, 1.9999999999999999997831595655029, 69];[-1, 1.9999999999999999997831595655029, 104];[-1, 1.9999999999999999997831595655029, 1062];[-1, 1.9999999999999999997831595655029, 2147483709];[-1, 1.9999999999999999997831595655029, 2147483710];RAISE:MemoryError;RAISE:MemoryError;RAISE:MemoryError;RAISE:MemoryError;RAISE:ValueError;RAISE:ValueError;RAISE:ValueError;RAISE:ValueError;RAISE:ValueError;RAISE:ValueError;[-1, 1.0000000000000001110223024625157, 53];[-1, 1.0000000000000001110223024625157, 54];[-1, 1.0000000000000001110223024625157, 60];[-1, 1.0000000000000001110223024625157, 95];[-1, 1.0000000000000001110223024625157, 1053];[-1, 1.0000000000000001110223024625157, 2147483700];[-1, 1.0000000000000001110223024625157, 2147483701];RAISE:MemoryError;RAISE:MemoryError;RAISE:MemoryError;RAISE:MemoryError;RAISE:ValueError;RAISE:ValueError;RAISE:ValueError;RAISE:ValueError;RAISE:ValueError;RAISE:ValueError;[-1, 1.0, 31];[-1, 1.0, 32];[-1, 1.0, 38];[-1, 1.0, 73];[-1, 1.0, 1031];[-1, 1.0, 2147483678];[-1, 1.0, 2147483679];RAISE:MemoryError;RAISE:MemoryError;RAISE:MemoryError;RAISE:MemoryError;RAISE:ValueError;RAISE:ValueError;RAISE:ValueError;RAISE:ValueError;RAISE:ValueError;RAISE:ValueError;[-1, 1.3125, 5];[-1, 1.3125, 6];[-1, 1.3125, 12];[-1, 1.3125, 47];[-1, 1.3125, 1005];[-1, 1.3125, 2147483652];[-1, 1.3125, 2147483653];RAISE:MemoryError;RAISE:MemoryError;RAISE:MemoryError;RAISE:MemoryError;RAISE:ValueError;RAISE:ValueError;RAISE:ValueError;RAISE:ValueError;RAISE:ValueError;RAISE:ValueError;[-1, 1.0, 0];[-1, 1.0, 1];[-1, 1.0, 7];[-1, 1.0, 42];[-1, 1.0, 1000];[-1, 1.0, 2147483647];[-1, 1.0, 2147483648];RAISE:MemoryError;RAISE:MemoryError;RAISE:MemoryError;RAISE:MemoryError;RAISE:ValueError;RAISE:ValueError;RAISE:ValueError;RAISE:ValueError;RAISE:ValueError;RAISE:ValueError;[1, 0.0, 0];[1, 0.0, 0];[1, 0.0, 0];[1, 0.0, 0];[1, 0.0, 0];[1, 0.0, 0];[1, 0.0, 0];[1, 0.0, 0];[1, 0.0, 0];[1, 0.0, 0];[1, 0.0, 0];RAISE:ValueError;RAISE:ValueError;RAISE:ValueError;RAISE:ValueError;RAISE:ValueError;RAISE:ValueError;[1, 1.0, 0];[1, 1.0, 1];[1, 1.0, 7];[1, 1.0, 42];[1, 1.0, 1000];[1, 1.0, 2147483647];[1, 1.0, 2147483648];RAISE:MemoryError;RAISE:MemoryError;RAISE:MemoryError;RAISE:MemoryError;RAISE:ValueError;RAISE:ValueError;RAISE:ValueError;RAISE:ValueError;RAISE:ValueError;RAISE:ValueError;[1, 1.75, 2];[1, 1.75, 3];[1, 1.75, 9];[1, 1.75, 44];[1, 1.75, 1002];[1, 1.75, 2147483649];[1, 1.75, 2147483650];RAISE:MemoryError;RAISE:MemoryError;RAISE:MemoryError;RAISE:MemoryError;RAISE:ValueError;RAISE:ValueError;RAISE:ValueError;RAISE:ValueError;RAISE:ValueError;RAISE:ValueError;[1, 1.3125, 5];[1, 1.3125, 6];[1, 1.3125, 12];[1, 1.3125, 47];[1, 1.3125, 1005];[1, 1.3125, 2147483652];[1, 1.3125, 2147483653];RAISE:MemoryError;RAISE:MemoryError;RAISE:MemoryError;RAISE:MemoryError;RAISE:ValueError;RAISE:ValueError;RAISE:ValueError;RAISE:ValueError;RAISE:ValueError;RAISE:ValueError;[1, 1.953125, 9];[1, 1.953125, 10];[1, 1.953125, 16];[1, 1.953125, 51];[1, 1.953125, 1009];[1, 1.953125, 2147483656];[1, 1.953125, 2147483657];RAISE:MemoryError;RAISE:MemoryError;RAISE:MemoryError;RAISE:MemoryError;RAISE:ValueError;RAISE:ValueError;RAISE:ValueError;RAISE:ValueError;RAISE:ValueError;RAISE:ValueError;[1, 1.999999999068677425384521484375, 30];[1, 1.999999999068677425384521484375, 31];[1, 1.999999999068677425384521484375, 37];[1, 1.999999999068677425384521484375, 72];[1, 1.999999999068677425384521484375, 1030];[1, 1.999999999068677425384521484375, 2147483677];[1, 1.999999999068677425384521484375, 2147483678];RAISE:MemoryError;RAISE:MemoryError;RAISE:MemoryError;RAISE:MemoryError;RAISE:ValueError;RAISE:ValueError;RAISE:ValueError;RAISE:ValueError;RAISE:ValueError;RAISE:ValueError;[1, 1.0, 31];[1, 1.0, 32];[1, 1.0, 38];[1, 1.0, 73];[1, 1.0, 1031];[1, 1.0, 2147483678];[1, 1.0, 2147483679];RAISE:MemoryError;RAISE:MemoryError;RAISE:MemoryError;RAISE:MemoryError;RAISE:ValueError;RAISE:ValueError;RAISE:ValueError;RAISE:ValueError;RAISE:ValueError;RAISE:ValueError;[1, 1.9999999999999997779553950749687, 52];[1, 1.9999999999999997779553950749687, 53];[1, 1.9999999999999997779553950749687, 59];[1, 1.9999999999999997779553950749687, 94];[1, 1.9999999999999997779553950749687, 1052];[1, 1.9999999999999997779553950749687, 2147483699];[1, 1.9999999999999997779553950749687, 2147483700];RAISE:MemoryError;RAISE:MemoryError;RAISE:MemoryError;RAISE:MemoryError;RAISE:ValueError;RAISE:ValueError;RAISE:ValueError;RAISE:ValueError;RAISE:ValueError;RAISE:ValueError;[1, 1.0000000000000001110223024625157, 53];[1, 1.0000000000000001110223024625157, 54];[1, 1.0000000000000001110223024625157, 60];[1, 1.0000000000000001110223024625157, 95];[1, 1.0000000000000001110223024625157, 1053];[1, 1.0000000000000001110223024625157, 2147483700];[1, 1.0000000000000001110223024625157, 2147483701];RAISE:MemoryError;RAISE:MemoryError;RAISE:MemoryError;RAISE:MemoryError;RAISE:ValueError;RAISE:ValueError;RAISE:ValueError;RAISE:ValueError;RAISE:ValueError;RAISE:ValueError;[1, 1.9999999999999999997831595655029, 62];[1, 1.9999999999999999997831595655029, 63];[1, 1.9999999999999999997831595655029, 69];[1, 1.9999999999999999997831595655029, 104];[1, 1.9999999999999999997831595655029, 1062];[1, 1.9999999999999999997831595655029, 2147483709];[1, 1.9999999999999999997831595655029, 2147483710];RAISE:MemoryError;RAISE:MemoryError;RAISE:MemoryError;RAISE:MemoryError;UNREPRESENTABLE;UNREPRESENTABLE;UNREPRESENTABLE;UNREPRESENTABLE;UNREPRESENTABLE;UNREPRESENTABLE;UNREPRESENTABLE;UNREPRESENTABLE;UNREPRESENTABLE;UNREPRESENTABLE;UNREPRESENTABLE;UNREPRESENTABLE;UNREPRESENTABLE;UNREPRESENTABLE;UNREPRESENTABLE;UNREPRESENTABLE;UNREPRESENTABLE",116,156,17,"whole/L1/16:-2^63,-2^63+1,-2^53-1,-2^31,-42,-1,0,1,7,42,1000,2^31-1,2^31,2^53-1,2^53+1,2^63-1","whole/L1/17:-2^63,-2^63+1,-2^53-1,-2^31,-42,-1,0,1,7,42,1000,2^31-1,2^31,2^53-1,2^53+1,2^63-1,2^64-1"
A14_5_3,1,whole|whole,c_int64,Decimal,"whole/L1/17:-2^63,-2^63+1,-2^53-1,-2^31,-42,-1,0,1,7,42,1000,2^31-1,2^31,2^53-1,2^53+1,2^63-1,2^64-1","whole/L1/17:-2^63,-2^63+1,-2^53-1,-2^31,-42,-1,0,1,7,42,1000,2^31-1,2^31,2^53-1,2^53+1,2^63-1,2^64-1",289,RAISE:TypeError;RAISE:TypeError;RAISE:TypeError;RAISE:TypeError;RAISE:TypeError;RAISE:TypeError;RAISE:TypeError;RAISE:TypeError;RAISE:TypeError;RAISE:TypeError;RAISE:TypeError;RAISE:TypeError;RAISE:TypeError;RAISE:TypeError;RAISE:TypeError;RAISE:TypeError;RAISE:TypeError;RAISE:TypeError;RAISE:TypeError;RAISE:TypeError;RAISE:TypeError;RAISE:TypeError;RAISE:TypeError;RAISE:TypeError;RAISE:TypeError;RAISE:TypeError;RAISE:TypeError;RAISE:TypeError;RAISE:TypeError;RAISE:TypeError;RAISE:TypeError;RAISE:TypeError;RAISE:TypeError;RAISE:TypeError;RAISE:TypeError;RAISE:TypeError;RAISE:TypeError;RAISE:TypeError;RAISE:TypeError;RAISE:TypeError;RAISE:TypeError;RAISE:TypeError;RAISE:TypeError;RAISE:TypeError;RAISE:TypeError;RAISE:TypeError;RAISE:TypeError;RAISE:TypeError;RAISE:TypeError;RAISE:TypeError;RAISE:TypeError;RAISE:TypeError;RAISE:TypeError;RAISE:TypeError;RAISE:TypeError;RAISE:TypeError;RAISE:TypeError;RAISE:TypeError;RAISE:TypeError;RAISE:TypeError;RAISE:TypeError;RAISE:TypeError;RAISE:TypeError;RAISE:TypeError;RAISE:TypeError;RAISE:TypeError;RAISE:TypeError;RAISE:TypeError;RAISE:TypeError;RAISE:TypeError;RAISE:TypeError;RAISE:TypeError;RAISE:TypeError;RAISE:TypeError;RAISE:TypeError;RAISE:TypeError;RAISE:TypeError;RAISE:TypeError;RAISE:TypeError;RAISE:TypeError;RAISE:TypeError;RAISE:TypeError;RAISE:TypeError;RAISE:TypeError;RAISE:TypeError;RAISE:TypeError;RAISE:TypeError;RAISE:TypeError;RAISE:TypeError;RAISE:TypeError;RAISE:TypeError;RAISE:TypeError;RAISE:TypeError;RAISE:TypeError;RAISE:TypeError;RAISE:TypeError;RAISE:TypeError;RAISE:TypeError;RAISE:TypeError;RAISE:TypeError;RAISE:TypeError;RAISE:TypeError;RAISE:TypeError;RAISE:TypeError;RAISE:TypeError;RAISE:TypeError;RAISE:TypeError;RAISE:TypeError;RAISE:TypeError;RAISE:TypeError;RAISE:TypeError;RAISE:TypeError;RAISE:TypeError;RAISE:TypeError;RAISE:TypeError;RAISE:TypeError;RAISE:TypeError;RAISE:TypeError;RAISE:TypeError;RAISE:TypeError;RAISE:TypeError;RAISE:TypeError;RAISE:TypeError;RAISE:TypeError;RAISE:TypeError;RAISE:TypeError;RAISE:TypeError;RAISE:TypeError;RAISE:TypeError;RAISE:TypeError;RAISE:TypeError;RAISE:TypeError;RAISE:TypeError;RAISE:TypeError;RAISE:TypeError;RAISE:TypeError;RAISE:TypeError;RAISE:TypeError;RAISE:TypeError;RAISE:TypeError;RAISE:TypeError;RAISE:TypeError;RAISE:TypeError;RAISE:TypeError;RAISE:TypeError;RAISE:TypeError;RAISE:TypeError;RAISE:TypeError;RAISE:TypeError;RAISE:TypeError;RAISE:TypeError;RAISE:TypeError;RAISE:TypeError;RAISE:TypeError;RAISE:TypeError;RAISE:TypeError;RAISE:TypeError;RAISE:TypeError;RAISE:TypeError;RAISE:TypeError;RAISE:TypeError;RAISE:TypeError;RAISE:TypeError;RAISE:TypeError;RAISE:TypeError;RAISE:TypeError;RAISE:TypeError;RAISE:TypeError;RAISE:TypeError;RAISE:TypeError;RAISE:TypeError;RAISE:TypeError;RAISE:TypeError;RAISE:TypeError;RAISE:TypeError;RAISE:TypeError;RAISE:TypeError;RAISE:TypeError;RAISE:TypeError;RAISE:TypeError;RAISE:TypeError;RAISE:TypeError;RAISE:TypeError;RAISE:TypeError;RAISE:TypeError;RAISE:TypeError;RAISE:TypeError;RAISE:TypeError;RAISE:TypeError;RAISE:TypeError;RAISE:TypeError;RAISE:TypeError;RAISE:TypeError;RAISE:TypeError;RAISE:TypeError;RAISE:TypeError;RAISE:TypeError;RAISE:TypeError;RAISE:TypeError;RAISE:TypeError;RAISE:TypeError;RAISE:TypeError;RAISE:TypeError;RAISE:TypeError;RAISE:TypeError;RAISE:TypeError;RAISE:TypeError;RAISE:TypeError;RAISE:TypeError;RAISE:TypeError;RAISE:TypeError;RAISE:TypeError;RAISE:TypeError;RAISE:TypeError;RAISE:TypeError;RAISE:TypeError;RAISE:TypeError;RAISE:TypeError;RAISE:TypeError;RAISE:TypeError;RAISE:TypeError;RAISE:TypeError;RAISE:TypeError;RAISE:TypeError;RAISE:TypeError;RAISE:TypeError;RAISE:TypeError;RAISE:TypeError;RAISE:TypeError;RAISE:TypeError;RAISE:TypeError;RAISE:TypeError;RAISE:TypeError;RAISE:TypeError;RAISE:TypeError;RAISE:TypeError;RAISE:TypeError;RAISE:TypeError;RAISE:TypeError;RAISE:TypeError;RAISE:TypeError;RAISE:TypeError;RAISE:TypeError;RAISE:TypeError;RAISE:TypeError;RAISE:TypeError;RAISE:TypeError;RAISE:TypeError;RAISE:TypeError;RAISE:TypeError;RAISE:TypeError;RAISE:TypeError;RAISE:TypeError;RAISE:TypeError;RAISE:TypeError;RAISE:TypeError;RAISE:TypeError;RAISE:TypeError;RAISE:TypeError;RAISE:TypeError;RAISE:TypeError;RAISE:TypeError;RAISE:TypeError;RAISE:TypeError;RAISE:TypeError;RAISE:TypeError;RAISE:TypeError;RAISE:TypeError;RAISE:TypeError;RAISE:TypeError;RAISE:TypeError;RAISE:TypeError;UNREPRESENTABLE;UNREPRESENTABLE;UNREPRESENTABLE;UNREPRESENTABLE;UNREPRESENTABLE;UNREPRESENTABLE;UNREPRESENTABLE;UNREPRESENTABLE;UNREPRESENTABLE;UNREPRESENTABLE;UNREPRESENTABLE;UNREPRESENTABLE;UNREPRESENTABLE;UNREPRESENTABLE;UNREPRESENTABLE;UNREPRESENTABLE;UNREPRESENTABLE,0,272,17,"whole/L1/16:-2^63,-2^63+1,-2^53-1,-2^31,-42,-1,0,1,7,42,1000,2^31-1,2^31,2^53-1,2^53+1,2^63-1","whole/L1/17:-2^63,-2^63+1,-2^53-1,-2^31,-42,-1,0,1,7,42,1000,2^31-1,2^31,2^53-1,2^53+1,2^63-1,2^64-1"
A14_5_4,1,whole|whole,c_int64,Fraction,"whole/L1/17:-2^63,-2^63+1,-2^53-1,-2^31,-42,-1,0,1,7,42,1000,2^31-1,2^31,2^53-1,2^53+1,2^63-1,2^64-1","whole/L1/17:-2^63,-2^63+1,-2^53-1,-2^31,-42,-1,0,1,7,42,1000,2^31-1,2^31,2^53-1,2^53+1,2^63-1,2^64-1",289,RAISE:TypeError;RAISE:TypeError;RAISE:TypeError;RAISE:TypeError;RAISE:TypeError;RAISE:TypeError;RAISE:TypeError;RAISE:TypeError;RAISE:TypeError;RAISE:TypeError;RAISE:TypeError;RAISE:TypeError;RAISE:TypeError;RAISE:TypeError;RAISE:TypeError;RAISE:TypeError;RAISE:TypeError;RAISE:TypeError;RAISE:TypeError;RAISE:TypeError;RAISE:TypeError;RAISE:TypeError;RAISE:TypeError;RAISE:TypeError;RAISE:TypeError;RAISE:TypeError;RAISE:TypeError;RAISE:TypeError;RAISE:TypeError;RAISE:TypeError;RAISE:TypeError;RAISE:TypeError;RAISE:TypeError;RAISE:TypeError;RAISE:TypeError;RAISE:TypeError;RAISE:TypeError;RAISE:TypeError;RAISE:TypeError;RAISE:TypeError;RAISE:TypeError;RAISE:TypeError;RAISE:TypeError;RAISE:TypeError;RAISE:TypeError;RAISE:TypeError;RAISE:TypeError;RAISE:TypeError;RAISE:TypeError;RAISE:TypeError;RAISE:TypeError;RAISE:TypeError;RAISE:TypeError;RAISE:TypeError;RAISE:TypeError;RAISE:TypeError;RAISE:TypeError;RAISE:TypeError;RAISE:TypeError;RAISE:TypeError;RAISE:TypeError;RAISE:TypeError;RAISE:TypeError;RAISE:TypeError;RAISE:TypeError;RAISE:TypeError;RAISE:TypeError;RAISE:TypeError;RAISE:TypeError;RAISE:TypeError;RAISE:TypeError;RAISE:TypeError;RAISE:TypeError;RAISE:TypeError;RAISE:TypeError;RAISE:TypeError;RAISE:TypeError;RAISE:TypeError;RAISE:TypeError;RAISE:TypeError;RAISE:TypeError;RAISE:TypeError;RAISE:TypeError;RAISE:TypeError;RAISE:TypeError;RAISE:TypeError;RAISE:TypeError;RAISE:TypeError;RAISE:TypeError;RAISE:TypeError;RAISE:TypeError;RAISE:TypeError;RAISE:TypeError;RAISE:TypeError;RAISE:TypeError;RAISE:TypeError;RAISE:TypeError;RAISE:TypeError;RAISE:TypeError;RAISE:TypeError;RAISE:TypeError;RAISE:TypeError;RAISE:TypeError;RAISE:TypeError;RAISE:TypeError;RAISE:TypeError;RAISE:TypeError;RAISE:TypeError;RAISE:TypeError;RAISE:TypeError;RAISE:TypeError;RAISE:TypeError;RAISE:TypeError;RAISE:TypeError;RAISE:TypeError;RAISE:TypeError;RAISE:TypeError;RAISE:TypeError;RAISE:TypeError;RAISE:TypeError;RAISE:TypeError;RAISE:TypeError;RAISE:TypeError;RAISE:TypeError;RAISE:TypeError;RAISE:TypeError;RAISE:TypeError;RAISE:TypeError;RAISE:TypeError;RAISE:TypeError;RAISE:TypeError;RAISE:TypeError;RAISE:TypeError;RAISE:TypeError;RAISE:TypeError;RAISE:TypeError;RAISE:TypeError;RAISE:TypeError;RAISE:TypeError;RAISE:TypeError;RAISE:TypeError;RAISE:TypeError;RAISE:TypeError;RAISE:TypeError;RAISE:TypeError;RAISE:TypeError;RAISE:TypeError;RAISE:TypeError;RAISE:TypeError;RAISE:TypeError;RAISE:TypeError;RAISE:TypeError;RAISE:TypeError;RAISE:TypeError;RAISE:TypeError;RAISE:TypeError;RAISE:TypeError;RAISE:TypeError;RAISE:TypeError;RAISE:TypeError;RAISE:TypeError;RAISE:TypeError;RAISE:TypeError;RAISE:TypeError;RAISE:TypeError;RAISE:TypeError;RAISE:TypeError;RAISE:TypeError;RAISE:TypeError;RAISE:TypeError;RAISE:TypeError;RAISE:TypeError;RAISE:TypeError;RAISE:TypeError;RAISE:TypeError;RAISE:TypeError;RAISE:TypeError;RAISE:TypeError;RAISE:TypeError;RAISE:TypeError;RAISE:TypeError;RAISE:TypeError;RAISE:TypeError;RAISE:TypeError;RAISE:TypeError;RAISE:TypeError;RAISE:TypeError;RAISE:TypeError;RAISE:TypeError;RAISE:TypeError;RAISE:TypeError;RAISE:TypeError;RAISE:TypeError;RAISE:TypeError;RAISE:TypeError;RAISE:TypeError;RAISE:TypeError;RAISE:TypeError;RAISE:TypeError;RAISE:TypeError;RAISE:TypeError;RAISE:TypeError;RAISE:TypeError;RAISE:TypeError;RAISE:TypeError;RAISE:TypeError;RAISE:TypeError;RAISE:TypeError;RAISE:TypeError;RAISE:TypeError;RAISE:TypeError;RAISE:TypeError;RAISE:TypeError;RAISE:TypeError;RAISE:TypeError;RAISE:TypeError;RAISE:TypeError;RAISE:TypeError;RAISE:TypeError;RAISE:TypeError;RAISE:TypeError;RAISE:TypeError;RAISE:TypeError;RAISE:TypeError;RAISE:TypeError;RAISE:TypeError;RAISE:TypeError;RAISE:TypeError;RAISE:TypeError;RAISE:TypeError;RAISE:TypeError;RAISE:TypeError;RAISE:TypeError;RAISE:TypeError;RAISE:TypeError;RAISE:TypeError;RAISE:TypeError;RAISE:TypeError;RAISE:TypeError;RAISE:TypeError;RAISE:TypeError;RAISE:TypeError;RAISE:TypeError;RAISE:TypeError;RAISE:TypeError;RAISE:TypeError;RAISE:TypeError;RAISE:TypeError;RAISE:TypeError;RAISE:TypeError;RAISE:TypeError;RAISE:TypeError;RAISE:TypeError;RAISE:TypeError;RAISE:TypeError;RAISE:TypeError;RAISE:TypeError;RAISE:TypeError;RAISE:TypeError;RAISE:TypeError;RAISE:TypeError;RAISE:TypeError;RAISE:TypeError;RAISE:TypeError;RAISE:TypeError;RAISE:TypeError;RAISE:TypeError;RAISE:TypeError;RAISE:TypeError;RAISE:TypeError;RAISE:TypeError;RAISE:TypeError;UNREPRESENTABLE;UNREPRESENTABLE;UNREPRESENTABLE;UNREPRESENTABLE;UNREPRESENTABLE;UNREPRESENTABLE;UNREPRESENTABLE;UNREPRESENTABLE;UNREPRESENTABLE;UNREPRESENTABLE;UNREPRESENTABLE;UNREPRESENTABLE;UNREPRESENTABLE;UNREPRESENTABLE;UNREPRESENTABLE;UNREPRESENTABLE;UNREPRESENTABLE,0,272,17,"whole/L1/16:-2^63,-2^63+1,-2^53-1,-2^31,-42,-1,0,1,7,42,1000,2^31-1,2^31,2^53-1,2^53+1,2^63-1","whole/L1/17:-2^63,-2^63+1,-2^53-1,-2^31,-42,-1,0,1,7,42,1000,2^31-1,2^31,2^53-1,2^53+1,2^63-1,2^64-1"
A14_5_5,1,whole|whole,c_int64,c_int64,"whole/L1/17:-2^63,-2^63+1,-2^53-1,-2^31,-42,-1,0,1,7,42,1000,2^31-1,2^31,2^53-1,2^53+1,2^63-1,2^64-1","whole/L1/17:-2^63,-2^63+1,-2^53-1,-2^31,-42,-1,0,1,7,42,1000,2^31-1,2^31,2^53-1,2^53+1,2^63-1,2^64-1",289,"RAISE:ValueError;RAISE:ValueError;RAISE:ValueError;RAISE:ValueError;RAISE:ValueError;RAISE:ValueError;[-1, 1.0, 63];[-1, 1.0, 64];[-1, 1.0, 70];[-1, 1.0, 105];[-1, 1.0, 1063];[-1, 1.0, 2147483710];[-1, 1.0, 2147483711];RAISE:MemoryError;RAISE:MemoryError;RAISE:MemoryError;UNREPRESENTABLE;RAISE:ValueError;RAISE:ValueError;RAISE:ValueError;RAISE:ValueError;RAISE:ValueError;RAISE:ValueError;[-1, 1.9999999999999999997831595655029, 62];[-1, 1.9999999999999999997831595655029, 63];[-1, 1.9999999999999999997831595655029, 69];[-1, 1.9999999999999999997831595655029, 104];[-1, 1.9999999999999999997831595655029, 1062];[-1, 1.9999999999999999997831595655029, 2147483709];[-1, 1.9999999999999999997831595655029, 2147483710];RAISE:MemoryError;RAISE:MemoryError;RAISE:MemoryError;UNREPRESENTABLE;RAISE:ValueError;RAISE:ValueError;RAISE:ValueError;RAISE:ValueError;RAISE:ValueError;RAISE:ValueError;[-1, 1.0000000000000001110223024625157, 53];[-1, 1.0000000000000001110223024625157, 54];[-1, 1.0000000000000001110223024625157, 60];[-1, 1.0000000000000001110223024625157, 95];[-1, 1.0000000000000001110223024625157, 1053];[-1, 1.0000000000000001110223024625157, 2147483700];[-1, 1.0000000000000001110223024625157, 2147483701];RAISE:MemoryError;RAISE:MemoryError;RAISE:MemoryError;UNREPRESENTABLE;RAISE:ValueError;RAISE:ValueError;RAISE:ValueError;RAISE:ValueError;RAISE:ValueError;RAISE:ValueError;[-1, 1.0, 31];[-1, 1.0, 32];[-1, 1.0, 38];[-1, 1.0, 73];[-1, 1.0, 1031];[-1, 1.0, 2147483678];[-1, 1.0, 2147483679];RAISE:MemoryError;RAISE:MemoryError;RAISE:MemoryError;UNREPRESENTABLE;RAISE:ValueError;RAISE:ValueError;RAISE:ValueError;RAISE:ValueError;RAISE:ValueError;RAISE:ValueError;[-1, 1.3125, 5];[-1, 1.3125, 6];[-1, 1.3125, 12];[-1, 1.3125, 47];[-1, 1.3125, 1005];[-1, 1.3125, 2147483652];[-1, 1.3125, 2147483653];RAISE:MemoryError;RAISE:MemoryError;RAISE:MemoryError;UNREPRESENTABLE;RAISE:ValueError;RAISE:ValueError;RAISE:ValueError;RAISE:ValueError;RAISE:ValueError;RAISE:ValueError;[-1, 1.0, 0];[-1, 1.0, 1];[-1, 1.0, 7];[-1, 1.0, 42];[-1, 1.0, 1000];[-1, 1.0, 2147483647];[-1, 1.0, 2147483648];RAISE:MemoryError;RAISE:MemoryError;RAISE:MemoryError;UNREPRESENTABLE;RAISE:ValueError;RAISE:ValueError;RAISE:ValueError;RAISE:ValueError;RAISE:ValueError;RAISE:ValueError;[1, 0.0, 0];[1, 0.0, 0];[1, 0.0, 0];[1, 0.0, 0];[1, 0.0, 0];[1, 0.0, 0];[1, 0.0, 0];[1, 0.0, 0];[1, 0.0, 0];[1, 0.0, 0];UNREPRESENTABLE;RAISE:ValueError;RAISE:ValueError;RAISE:ValueError;RAISE:ValueError;RAISE:ValueError;RAISE:ValueError;[1, 1.0, 0];[1, 1.0, 1];[1, 1.0, 7];[1, 1.0, 42];[1, 1.0, 1000];[1, 1.0, 2147483647];[1, 1.0, 2147483648];RAISE:MemoryError;RAISE:MemoryError;RAISE:MemoryError;UNREPRESENTABLE;RAISE:ValueError;RAISE:ValueError;RAISE:ValueError;RAISE:ValueError;RAISE:ValueError;RAISE:ValueError;[1, 1.75, 2];[1, 1.75, 3];[1, 1.75, 9];[1, 1.75, 44];[1, 1.75, 1002];[1, 1.75, 2147483649];[1, 1.75, 2147483650];RAISE:MemoryError;RAISE:MemoryError;RAISE:MemoryError;UNREPRESENTABLE;RAISE:ValueError;RAISE:ValueError;RAISE:ValueError;RAISE:ValueError;RAISE:ValueError;RAISE:ValueError;[1, 1.3125, 5];[1, 1.3125, 6];[1, 1.3125, 12];[1, 1.3125, 47];[1, 1.3125, 1005];[1, 1.3125, 2147483652];[1, 1.3125, 2147483653];RAISE:MemoryError;RAISE:MemoryError;RAISE:MemoryError;UNREPRESENTABLE;RAISE:ValueError;RAISE:ValueError;RAISE:ValueError;RAISE:ValueError;RAISE:ValueError;RAISE:ValueError;[1, 1.953125, 9];[1, 1.953125, 10];[1, 1.953125, 16];[1, 1.953125, 51];[1, 1.953125, 1009];[1, 1.953125, 2147483656];[1, 1.953125, 2147483657];RAISE:MemoryError;RAISE:MemoryError;RAISE:MemoryError;UNREPRESENTABLE;RAISE:ValueError;RAISE:ValueError;RAISE:ValueError;RAISE:ValueError;RAISE:ValueError;RAISE:ValueError;[1, 1.999999999068677425384521484375, 30];[1, 1.999999999068677425384521484375, 31];[1, 1.999999999068677425384521484375, 37];[1, 1.999999999068677425384521484375, 72];[1, 1.999999999068677425384521484375, 1030];[1, 1.999999999068677425384521484375, 2147483677];[1, 1.999999999068677425384521484375, 2147483678];RAISE:MemoryError;RAISE:MemoryError;RAISE:MemoryError;UNREPRESENTABLE;RAISE:ValueError;RAISE:ValueError;RAISE:ValueError;RAISE:ValueError;RAISE:ValueError;RAISE:ValueError;[1, 1.0, 31];[1, 1.0, 32];[1, 1.0, 38];[1, 1.0, 73];[1, 1.0, 1031];[1, 1.0, 2147483678];[1, 1.0, 2147483679];RAISE:MemoryError;RAISE:MemoryError;RAISE:MemoryError;UNREPRESENTABLE;RAISE:ValueError;RAISE:ValueError;RAISE:ValueError;RAISE:ValueError;RAISE:ValueError;RAISE:ValueError;[1, 1.9999999999999997779553950749687, 52];[1, 1.9999999999999997779553950749687, 53];[1, 1.9999999999999997779553950749687, 59];[1, 1.9999999999999997779553950749687, 94];[1, 1.9999999999999997779553950749687, 1052];[1, 1.9999999999999997779553950749687, 2147483699];[1, 1.9999999999999997779553950749687, 2147483700];RAISE:MemoryError;RAISE:MemoryError;RAISE:MemoryError;UNREPRESENTABLE;RAISE:ValueError;RAISE:ValueError;RAISE:ValueError;RAISE:ValueError;RAISE:ValueError;RAISE:ValueError;[1, 1.0000000000000001110223024625157, 53];[1, 1.0000000000000001110223024625157, 54];[1, 1.0000000000000001110223024625157, 60];[1, 1.0000000000000001110223024625157, 95];[1, 1.0000000000000001110223024625157, 1053];[1, 1.0000000000000001110223024625157, 2147483700];[1, 1.0000000000000001110223024625157, 2147483701];RAISE:MemoryError;RAISE:MemoryError;RAISE:MemoryError;UNREPRESENTABLE;RAISE:ValueError;RAISE:ValueError;RAISE:ValueError;RAISE:ValueError;RAISE:ValueError;RAISE:ValueError;[1, 1.9999999999999999997831595655029, 62];[1, 1.9999999999999999997831595655029, 63];[1, 1.9999999999999999997831595655029, 69];[1, 1.9999999999999999997831595655029, 104];[1, 1.9999999999999999997831595655029, 1062];[1, 1.9999999999999999997831595655029, 2147483709];[1, 1.9999999999999999997831595655029, 2147483710];RAISE:MemoryError;RAISE:MemoryError;RAISE:MemoryError;UNREPRESENTABLE;UNREPRESENTABLE;UNREPRESENTABLE;UNREPRESENTABLE;UNREPRESENTABLE;UNREPRESENTABLE;UNREPRESENTABLE;UNREPRESENTABLE;UNREPRESENTABLE;UNREPRESENTABLE;UNREPRESENTABLE;UNREPRESENTABLE;UNREPRESENTABLE;UNREPRESENTABLE;UNREPRESENTABLE;UNREPRESENTABLE;UNREPRESENTABLE;UNREPRESENTABLE",115,141,33,"whole/L1/16:-2^63,-2^63+1,-2^53-1,-2^31,-42,-1,0,1,7,42,1000,2^31-1,2^31,2^53-1,2^53+1,2^63-1","whole/L1/16:-2^63,-2^63+1,-2^53-1,-2^31,-42,-1,0,1,7,42,1000,2^31-1,2^31,2^53-1,2^53+1,2^63-1"
A14_5_6,1,whole|fractional,c_int64,float,"whole/L1/17:-2^63,-2^63+1,-2^53-1,-2^31,-42,-1,0,1,7,42,1000,2^31-1,2^31,2^53-1,2^53+1,2^63-1,2^64-1","fractional/L1/16:-max_finite,-1.5,-1.0,-(1.0-1ulp),-0.0,+0.0,+min_subnormal,+min_normal,1.0-1ulp,1.0,1.0+1ulp,1.5,pi,2^53,max_finite,0.1",272,RAISE:TypeError;RAISE:TypeError;RAISE:TypeError;RAISE:TypeError;RAISE:TypeError;RAISE:TypeError;RAISE:TypeError;RAISE:TypeError;RAISE:TypeError;RAISE:TypeError;RAISE:TypeError;RAISE:TypeError;RAISE:TypeError;RAISE:TypeError;RAISE:TypeError;RAISE:TypeError;RAISE:TypeError;RAISE:TypeError;RAISE:TypeError;RAISE:TypeError;RAISE:TypeError;RAISE:TypeError;RAISE:TypeError;RAISE:TypeError;RAISE:TypeError;RAISE:TypeError;RAISE:TypeError;RAISE:TypeError;RAISE:TypeError;RAISE:TypeError;RAISE:TypeError;RAISE:TypeError;RAISE:TypeError;RAISE:TypeError;RAISE:TypeError;RAISE:TypeError;RAISE:TypeError;RAISE:TypeError;RAISE:TypeError;RAISE:TypeError;RAISE:TypeError;RAISE:TypeError;RAISE:TypeError;RAISE:TypeError;RAISE:TypeError;RAISE:TypeError;RAISE:TypeError;RAISE:TypeError;RAISE:TypeError;RAISE:TypeError;RAISE:TypeError;RAISE:TypeError;RAISE:TypeError;RAISE:TypeError;RAISE:TypeError;RAISE:TypeError;RAISE:TypeError;RAISE:TypeError;RAISE:TypeError;RAISE:TypeError;RAISE:TypeError;RAISE:TypeError;RAISE:TypeError;RAISE:TypeError;RAISE:TypeError;RAISE:TypeError;RAISE:TypeError;RAISE:TypeError;RAISE:TypeError;RAISE:TypeError;RAISE:TypeError;RAISE:TypeError;RAISE:TypeError;RAISE:TypeError;RAISE:TypeError;RAISE:TypeError;RAISE:TypeError;RAISE:TypeError;RAISE:TypeError;RAISE:TypeError;RAISE:TypeError;RAISE:TypeError;RAISE:TypeError;RAISE:TypeError;RAISE:TypeError;RAISE:TypeError;RAISE:TypeError;RAISE:TypeError;RAISE:TypeError;RAISE:TypeError;RAISE:TypeError;RAISE:TypeError;RAISE:TypeError;RAISE:TypeError;RAISE:TypeError;RAISE:TypeError;RAISE:TypeError;RAISE:TypeError;RAISE:TypeError;RAISE:TypeError;RAISE:TypeError;RAISE:TypeError;RAISE:TypeError;RAISE:TypeError;RAISE:TypeError;RAISE:TypeError;RAISE:TypeError;RAISE:TypeError;RAISE:TypeError;RAISE:TypeError;RAISE:TypeError;RAISE:TypeError;RAISE:TypeError;RAISE:TypeError;RAISE:TypeError;RAISE:TypeError;RAISE:TypeError;RAISE:TypeError;RAISE:TypeError;RAISE:TypeError;RAISE:TypeError;RAISE:TypeError;RAISE:TypeError;RAISE:TypeError;RAISE:TypeError;RAISE:TypeError;RAISE:TypeError;RAISE:TypeError;RAISE:TypeError;RAISE:TypeError;RAISE:TypeError;RAISE:TypeError;RAISE:TypeError;RAISE:TypeError;RAISE:TypeError;RAISE:TypeError;RAISE:TypeError;RAISE:TypeError;RAISE:TypeError;RAISE:TypeError;RAISE:TypeError;RAISE:TypeError;RAISE:TypeError;RAISE:TypeError;RAISE:TypeError;RAISE:TypeError;RAISE:TypeError;RAISE:TypeError;RAISE:TypeError;RAISE:TypeError;RAISE:TypeError;RAISE:TypeError;RAISE:TypeError;RAISE:TypeError;RAISE:TypeError;RAISE:TypeError;RAISE:TypeError;RAISE:TypeError;RAISE:TypeError;RAISE:TypeError;RAISE:TypeError;RAISE:TypeError;RAISE:TypeError;RAISE:TypeError;RAISE:TypeError;RAISE:TypeError;RAISE:TypeError;RAISE:TypeError;RAISE:TypeError;RAISE:TypeError;RAISE:TypeError;RAISE:TypeError;RAISE:TypeError;RAISE:TypeError;RAISE:TypeError;RAISE:TypeError;RAISE:TypeError;RAISE:TypeError;RAISE:TypeError;RAISE:TypeError;RAISE:TypeError;RAISE:TypeError;RAISE:TypeError;RAISE:TypeError;RAISE:TypeError;RAISE:TypeError;RAISE:TypeError;RAISE:TypeError;RAISE:TypeError;RAISE:TypeError;RAISE:TypeError;RAISE:TypeError;RAISE:TypeError;RAISE:TypeError;RAISE:TypeError;RAISE:TypeError;RAISE:TypeError;RAISE:TypeError;RAISE:TypeError;RAISE:TypeError;RAISE:TypeError;RAISE:TypeError;RAISE:TypeError;RAISE:TypeError;RAISE:TypeError;RAISE:TypeError;RAISE:TypeError;RAISE:TypeError;RAISE:TypeError;RAISE:TypeError;RAISE:TypeError;RAISE:TypeError;RAISE:TypeError;RAISE:TypeError;RAISE:TypeError;RAISE:TypeError;RAISE:TypeError;RAISE:TypeError;RAISE:TypeError;RAISE:TypeError;RAISE:TypeError;RAISE:TypeError;RAISE:TypeError;RAISE:TypeError;RAISE:TypeError;RAISE:TypeError;RAISE:TypeError;RAISE:TypeError;RAISE:TypeError;RAISE:TypeError;RAISE:TypeError;RAISE:TypeError;RAISE:TypeError;RAISE:TypeError;RAISE:TypeError;RAISE:TypeError;RAISE:TypeError;RAISE:TypeError;RAISE:TypeError;RAISE:TypeError;RAISE:TypeError;RAISE:TypeError;RAISE:TypeError;RAISE:TypeError;RAISE:TypeError;RAISE:TypeError;RAISE:TypeError;RAISE:TypeError;RAISE:TypeError;RAISE:TypeError;RAISE:TypeError;RAISE:TypeError;RAISE:TypeError;RAISE:TypeError;RAISE:TypeError;RAISE:TypeError;UNREPRESENTABLE;UNREPRESENTABLE;UNREPRESENTABLE;UNREPRESENTABLE;UNREPRESENTABLE;UNREPRESENTABLE;UNREPRESENTABLE;UNREPRESENTABLE;UNREPRESENTABLE;UNREPRESENTABLE;UNREPRESENTABLE;UNREPRESENTABLE;UNREPRESENTABLE;UNREPRESENTABLE;UNREPRESENTABLE;UNREPRESENTABLE,0,256,16,"whole/L1/16:-2^63,-2^63+1,-2^53-1,-2^31,-42,-1,0,1,7,42,1000,2^31-1,2^31,2^53-1,2^53+1,2^63-1","fractional/L1/16:-max_finite,-1.5,-1.0,-(1.0-1ulp),-0.0,+0.0,+min_subnormal,+min_normal,1.0-1ulp,1.0,1.0+1ulp,1.5,pi,2^53,max_finite,0.1"
A14_5_7,1,whole|fractional,c_int64,Decimal,"whole/L1/17:-2^63,-2^63+1,-2^53-1,-2^31,-42,-1,0,1,7,42,1000,2^31-1,2^31,2^53-1,2^53+1,2^63-1,2^64-1","fractional/L1/16:-max_finite,-1.5,-1.0,-(1.0-1ulp),-0.0,+0.0,+min_subnormal,+min_normal,1.0-1ulp,1.0,1.0+1ulp,1.5,pi,2^53,max_finite,0.1",272,RAISE:TypeError;RAISE:TypeError;RAISE:TypeError;RAISE:TypeError;RAISE:TypeError;RAISE:TypeError;RAISE:TypeError;RAISE:TypeError;RAISE:TypeError;RAISE:TypeError;RAISE:TypeError;RAISE:TypeError;RAISE:TypeError;RAISE:TypeError;RAISE:TypeError;RAISE:TypeError;RAISE:TypeError;RAISE:TypeError;RAISE:TypeError;RAISE:TypeError;RAISE:TypeError;RAISE:TypeError;RAISE:TypeError;RAISE:TypeError;RAISE:TypeError;RAISE:TypeError;RAISE:TypeError;RAISE:TypeError;RAISE:TypeError;RAISE:TypeError;RAISE:TypeError;RAISE:TypeError;RAISE:TypeError;RAISE:TypeError;RAISE:TypeError;RAISE:TypeError;RAISE:TypeError;RAISE:TypeError;RAISE:TypeError;RAISE:TypeError;RAISE:TypeError;RAISE:TypeError;RAISE:TypeError;RAISE:TypeError;RAISE:TypeError;RAISE:TypeError;RAISE:TypeError;RAISE:TypeError;RAISE:TypeError;RAISE:TypeError;RAISE:TypeError;RAISE:TypeError;RAISE:TypeError;RAISE:TypeError;RAISE:TypeError;RAISE:TypeError;RAISE:TypeError;RAISE:TypeError;RAISE:TypeError;RAISE:TypeError;RAISE:TypeError;RAISE:TypeError;RAISE:TypeError;RAISE:TypeError;RAISE:TypeError;RAISE:TypeError;RAISE:TypeError;RAISE:TypeError;RAISE:TypeError;RAISE:TypeError;RAISE:TypeError;RAISE:TypeError;RAISE:TypeError;RAISE:TypeError;RAISE:TypeError;RAISE:TypeError;RAISE:TypeError;RAISE:TypeError;RAISE:TypeError;RAISE:TypeError;RAISE:TypeError;RAISE:TypeError;RAISE:TypeError;RAISE:TypeError;RAISE:TypeError;RAISE:TypeError;RAISE:TypeError;RAISE:TypeError;RAISE:TypeError;RAISE:TypeError;RAISE:TypeError;RAISE:TypeError;RAISE:TypeError;RAISE:TypeError;RAISE:TypeError;RAISE:TypeError;RAISE:TypeError;RAISE:TypeError;RAISE:TypeError;RAISE:TypeError;RAISE:TypeError;RAISE:TypeError;RAISE:TypeError;RAISE:TypeError;RAISE:TypeError;RAISE:TypeError;RAISE:TypeError;RAISE:TypeError;RAISE:TypeError;RAISE:TypeError;RAISE:TypeError;RAISE:TypeError;RAISE:TypeError;RAISE:TypeError;RAISE:TypeError;RAISE:TypeError;RAISE:TypeError;RAISE:TypeError;RAISE:TypeError;RAISE:TypeError;RAISE:TypeError;RAISE:TypeError;RAISE:TypeError;RAISE:TypeError;RAISE:TypeError;RAISE:TypeError;RAISE:TypeError;RAISE:TypeError;RAISE:TypeError;RAISE:TypeError;RAISE:TypeError;RAISE:TypeError;RAISE:TypeError;RAISE:TypeError;RAISE:TypeError;RAISE:TypeError;RAISE:TypeError;RAISE:TypeError;RAISE:TypeError;RAISE:TypeError;RAISE:TypeError;RAISE:TypeError;RAISE:TypeError;RAISE:TypeError;RAISE:TypeError;RAISE:TypeError;RAISE:TypeError;RAISE:TypeError;RAISE:TypeError;RAISE:TypeError;RAISE:TypeError;RAISE:TypeError;RAISE:TypeError;RAISE:TypeError;RAISE:TypeError;RAISE:TypeError;RAISE:TypeError;RAISE:TypeError;RAISE:TypeError;RAISE:TypeError;RAISE:TypeError;RAISE:TypeError;RAISE:TypeError;RAISE:TypeError;RAISE:TypeError;RAISE:TypeError;RAISE:TypeError;RAISE:TypeError;RAISE:TypeError;RAISE:TypeError;RAISE:TypeError;RAISE:TypeError;RAISE:TypeError;RAISE:TypeError;RAISE:TypeError;RAISE:TypeError;RAISE:TypeError;RAISE:TypeError;RAISE:TypeError;RAISE:TypeError;RAISE:TypeError;RAISE:TypeError;RAISE:TypeError;RAISE:TypeError;RAISE:TypeError;RAISE:TypeError;RAISE:TypeError;RAISE:TypeError;RAISE:TypeError;RAISE:TypeError;RAISE:TypeError;RAISE:TypeError;RAISE:TypeError;RAISE:TypeError;RAISE:TypeError;RAISE:TypeError;RAISE:TypeError;RAISE:TypeError;RAISE:TypeError;RAISE:TypeError;RAISE:TypeError;RAISE:TypeError;RAISE:TypeError;RAISE:TypeError;RAISE:TypeError;RAISE:TypeError;RAISE:TypeError;RAISE:TypeError;RAISE:TypeError;RAISE:TypeError;RAISE:TypeError;RAISE:TypeError;RAISE:TypeError;RAISE:TypeError;RAISE:TypeError;RAISE:TypeError;RAISE:TypeError;RAISE:TypeError;RAISE:TypeError;RAISE:TypeError;RAISE:TypeError;RAISE:TypeError;RAISE:TypeError;RAISE:TypeError;RAISE:TypeError;RAISE:TypeError;RAISE:TypeError;RAISE:TypeError;RAISE:TypeError;RAISE:TypeError;RAISE:TypeError;RAISE:TypeError;RAISE:TypeError;RAISE:TypeError;RAISE:TypeError;RAISE:TypeError;RAISE:TypeError;RAISE:TypeError;RAISE:TypeError;RAISE:TypeError;RAISE:TypeError;RAISE:TypeError;RAISE:TypeError;RAISE:TypeError;RAISE:TypeError;RAISE:TypeError;RAISE:TypeError;RAISE:TypeError;RAISE:TypeError;RAISE:TypeError;RAISE:TypeError;RAISE:TypeError;RAISE:TypeError;RAISE:TypeError;RAISE:TypeError;RAISE:TypeError;UNREPRESENTABLE;UNREPRESENTABLE;UNREPRESENTABLE;UNREPRESENTABLE;UNREPRESENTABLE;UNREPRESENTABLE;UNREPRESENTABLE;UNREPRESENTABLE;UNREPRESENTABLE;UNREPRESENTABLE;UNREPRESENTABLE;UNREPRESENTABLE;UNREPRESENTABLE;UNREPRESENTABLE;UNREPRESENTABLE;UNREPRESENTABLE,0,256,16,"whole/L1/16:-2^63,-2^63+1,-2^53-1,-2^31,-42,-1,0,1,7,42,1000,2^31-1,2^31,2^53-1,2^53+1,2^63-1","fractional/L1/16:-max_finite,-1.5,-1.0,-(1.0-1ulp),-0.0,+0.0,+min_subnormal,+min_normal,1.0-1ulp,1.0,1.0+1ulp,1.5,pi,2^53,max_finite,0.1"
A14_5_8,1,whole|fractional,c_int64,Fraction,"whole/L1/17:-2^63,-2^63+1,-2^53-1,-2^31,-42,-1,0,1,7,42,1000,2^31-1,2^31,2^53-1,2^53+1,2^63-1,2^64-1","fractional/L1/16:-max_finite,-1.5,-1.0,-(1.0-1ulp),-0.0,+0.0,+min_subnormal,+min_normal,1.0-1ulp,1.0,1.0+1ulp,1.5,pi,2^53,max_finite,0.1",272,RAISE:TypeError;RAISE:TypeError;RAISE:TypeError;RAISE:TypeError;UNREPRESENTABLE;RAISE:TypeError;RAISE:TypeError;RAISE:TypeError;RAISE:TypeError;RAISE:TypeError;RAISE:TypeError;RAISE:TypeError;RAISE:TypeError;RAISE:TypeError;RAISE:TypeError;RAISE:TypeError;RAISE:TypeError;RAISE:TypeError;RAISE:TypeError;RAISE:TypeError;UNREPRESENTABLE;RAISE:TypeError;RAISE:TypeError;RAISE:TypeError;RAISE:TypeError;RAISE:TypeError;RAISE:TypeError;RAISE:TypeError;RAISE:TypeError;RAISE:TypeError;RAISE:TypeError;RAISE:TypeError;RAISE:TypeError;RAISE:TypeError;RAISE:TypeError;RAISE:TypeError;UNREPRESENTABLE;RAISE:TypeError;RAISE:TypeError;RAISE:TypeError;RAISE:TypeError;RAISE:TypeError;RAISE:TypeError;RAISE:TypeError;RAISE:TypeError;RAISE:TypeError;RAISE:TypeError;RAISE:TypeError;RAISE:TypeError;RAISE:TypeError;RAISE:TypeError;RAISE:TypeError;UNREPRESENTABLE;RAISE:TypeError;RAISE:TypeError;RAISE:TypeError;RAISE:TypeError;RAISE:TypeError;RAISE:TypeError;RAISE:TypeError;RAISE:TypeError;RAISE:TypeError;RAISE:TypeError;RAISE:TypeError;RAISE:TypeError;RAISE:TypeError;RAISE:TypeError;RAISE:TypeError;UNREPRESENTABLE;RAISE:TypeError;RAISE:TypeError;RAISE:TypeError;RAISE:TypeError;RAISE:TypeError;RAISE:TypeError;RAISE:TypeError;RAISE:TypeError;RAISE:TypeError;RAISE:TypeError;RAISE:TypeError;RAISE:TypeError;RAISE:TypeError;RAISE:TypeError;RAISE:TypeError;UNREPRESENTABLE;RAISE:TypeError;RAISE:TypeError;RAISE:TypeError;RAISE:TypeError;RAISE:TypeError;RAISE:TypeError;RAISE:TypeError;RAISE:TypeError;RAISE:TypeError;RAISE:TypeError;RAISE:TypeError;RAISE:TypeError;RAISE:TypeError;RAISE:TypeError;RAISE:TypeError;UNREPRESENTABLE;RAISE:TypeError;RAISE:TypeError;RAISE:TypeError;RAISE:TypeError;RAISE:TypeError;RAISE:TypeError;RAISE:TypeError;RAISE:TypeError;RAISE:TypeError;RAISE:TypeError;RAISE:TypeError;RAISE:TypeError;RAISE:TypeError;RAISE:TypeError;RAISE:TypeError;UNREPRESENTABLE;RAISE:TypeError;RAISE:TypeError;RAISE:TypeError;RAISE:TypeError;RAISE:TypeError;RAISE:TypeError;RAISE:TypeError;RAISE:TypeError;RAISE:TypeError;RAISE:TypeError;RAISE:TypeError;RAISE:TypeError;RAISE:TypeError;RAISE:TypeError;RAISE:TypeError;UNREPRESENTABLE;RAISE:TypeError;RAISE:TypeError;RAISE:TypeError;RAISE:TypeError;RAISE:TypeError;RAISE:TypeError;RAISE:TypeError;RAISE:TypeError;RAISE:TypeError;RAISE:TypeError;RAISE:TypeError;RAISE:TypeError;RAISE:TypeError;RAISE:TypeError;RAISE:TypeError;UNREPRESENTABLE;RAISE:TypeError;RAISE:TypeError;RAISE:TypeError;RAISE:TypeError;RAISE:TypeError;RAISE:TypeError;RAISE:TypeError;RAISE:TypeError;RAISE:TypeError;RAISE:TypeError;RAISE:TypeError;RAISE:TypeError;RAISE:TypeError;RAISE:TypeError;RAISE:TypeError;UNREPRESENTABLE;RAISE:TypeError;RAISE:TypeError;RAISE:TypeError;RAISE:TypeError;RAISE:TypeError;RAISE:TypeError;RAISE:TypeError;RAISE:TypeError;RAISE:TypeError;RAISE:TypeError;RAISE:TypeError;RAISE:TypeError;RAISE:TypeError;RAISE:TypeError;RAISE:TypeError;UNREPRESENTABLE;RAISE:TypeError;RAISE:TypeError;RAISE:TypeError;RAISE:TypeError;RAISE:TypeError;RAISE:TypeError;RAISE:TypeError;RAISE:TypeError;RAISE:TypeError;RAISE:TypeError;RAISE:TypeError;RAISE:TypeError;RAISE:TypeError;RAISE:TypeError;RAISE:TypeError;UNREPRESENTABLE;RAISE:TypeError;RAISE:TypeError;RAISE:TypeError;RAISE:TypeError;RAISE:TypeError;RAISE:TypeError;RAISE:TypeError;RAISE:TypeError;RAISE:TypeError;RAISE:TypeError;RAISE:TypeError;RAISE:TypeError;RAISE:TypeError;RAISE:TypeError;RAISE:TypeError;UNREPRESENTABLE;RAISE:TypeError;RAISE:TypeError;RAISE:TypeError;RAISE:TypeError;RAISE:TypeError;RAISE:TypeError;RAISE:TypeError;RAISE:TypeError;RAISE:TypeError;RAISE:TypeError;RAISE:TypeError;RAISE:TypeError;RAISE:TypeError;RAISE:TypeError;RAISE:TypeError;UNREPRESENTABLE;RAISE:TypeError;RAISE:TypeError;RAISE:TypeError;RAISE:TypeError;RAISE:TypeError;RAISE:TypeError;RAISE:TypeError;RAISE:TypeError;RAISE:TypeError;RAISE:TypeError;RAISE:TypeError;RAISE:TypeError;RAISE:TypeError;RAISE:TypeError;RAISE:TypeError;UNREPRESENTABLE;RAISE:TypeError;RAISE:TypeError;RAISE:TypeError;RAISE:TypeError;RAISE:TypeError;RAISE:TypeError;RAISE:TypeError;RAISE:TypeError;RAISE:TypeError;RAISE:TypeError;RAISE:TypeError;UNREPRESENTABLE;UNREPRESENTABLE;UNREPRESENTABLE;UNREPRESENTABLE;UNREPRESENTABLE;UNREPRESENTABLE;UNREPRESENTABLE;UNREPRESENTABLE;UNREPRESENTABLE;UNREPRESENTABLE;UNREPRESENTABLE;UNREPRESENTABLE;UNREPRESENTABLE;UNREPRESENTABLE;UNREPRESENTABLE;UNREPRESENTABLE,0,240,32,"whole/L1/16:-2^63,-2^63+1,-2^53-1,-2^31,-42,-1,0,1,7,42,1000,2^31-1,2^31,2^53-1,2^53+1,2^63-1","fractional/L1/15:-max_finite,-1.5,-1.0,-(1.0-1ulp),+0.0,+min_subnormal,+min_normal,1.0-1ulp,1.0,1.0+1ulp,1.5,pi,2^53,max_finite,0.1"
A14_6_1,1,fractional|truth,float,bool,"fractional/L1/16:-max_finite,-1.5,-1.0,-(1.0-1ulp),-0.0,+0.0,+min_subnormal,+min_normal,1.0-1ulp,1.0,1.0+1ulp,1.5,pi,2^53,max_finite,0.1","truth/L1/6:true,false,0,1,"""",nil",96,RAISE:TypeError;RAISE:TypeError;RAISE:TypeError;RAISE:TypeError;RAISE:TypeError;RAISE:TypeError;RAISE:TypeError;RAISE:TypeError;RAISE:TypeError;RAISE:TypeError;RAISE:TypeError;RAISE:TypeError;RAISE:TypeError;RAISE:TypeError;RAISE:TypeError;RAISE:TypeError;RAISE:TypeError;RAISE:TypeError;RAISE:TypeError;RAISE:TypeError;RAISE:TypeError;RAISE:TypeError;RAISE:TypeError;RAISE:TypeError;RAISE:TypeError;RAISE:TypeError;RAISE:TypeError;RAISE:TypeError;RAISE:TypeError;RAISE:TypeError;RAISE:TypeError;RAISE:TypeError;RAISE:TypeError;RAISE:TypeError;RAISE:TypeError;RAISE:TypeError;RAISE:TypeError;RAISE:TypeError;RAISE:TypeError;RAISE:TypeError;RAISE:TypeError;RAISE:TypeError;RAISE:TypeError;RAISE:TypeError;RAISE:TypeError;RAISE:TypeError;RAISE:TypeError;RAISE:TypeError;RAISE:TypeError;RAISE:TypeError;RAISE:TypeError;RAISE:TypeError;RAISE:TypeError;RAISE:TypeError;RAISE:TypeError;RAISE:TypeError;RAISE:TypeError;RAISE:TypeError;RAISE:TypeError;RAISE:TypeError;RAISE:TypeError;RAISE:TypeError;RAISE:TypeError;RAISE:TypeError;RAISE:TypeError;RAISE:TypeError;RAISE:TypeError;RAISE:TypeError;RAISE:TypeError;RAISE:TypeError;RAISE:TypeError;RAISE:TypeError;RAISE:TypeError;RAISE:TypeError;RAISE:TypeError;RAISE:TypeError;RAISE:TypeError;RAISE:TypeError;RAISE:TypeError;RAISE:TypeError;RAISE:TypeError;RAISE:TypeError;RAISE:TypeError;RAISE:TypeError;RAISE:TypeError;RAISE:TypeError;RAISE:TypeError;RAISE:TypeError;RAISE:TypeError;RAISE:TypeError;RAISE:TypeError;RAISE:TypeError;RAISE:TypeError;RAISE:TypeError;RAISE:TypeError;RAISE:TypeError,0,96,0,"fractional/L1/16:-max_finite,-1.5,-1.0,-(1.0-1ulp),-0.0,+0.0,+min_subnormal,+min_normal,1.0-1ulp,1.0,1.0+1ulp,1.5,pi,2^53,max_finite,0.1","truth/L1/6:true,false,0,1,"""",nil"
A14_6_2,1,fractional|whole,float,int,"fractional/L1/16:-max_finite,-1.5,-1.0,-(1.0-1ulp),-0.0,+0.0,+min_subnormal,+min_normal,1.0-1ulp,1.0,1.0+1ulp,1.5,pi,2^53,max_finite,0.1","whole/L1/17:-2^63,-2^63+1,-2^53-1,-2^31,-42,-1,0,1,7,42,1000,2^31-1,2^31,2^53-1,2^53+1,2^63-1,2^64-1",272,RAISE:TypeError;RAISE:TypeError;RAISE:TypeError;RAISE:TypeError;RAISE:TypeError;RAISE:TypeError;RAISE:TypeError;RAISE:TypeError;RAISE:TypeError;RAISE:TypeError;RAISE:TypeError;RAISE:TypeError;RAISE:TypeError;RAISE:TypeError;RAISE:TypeError;RAISE:TypeError;RAISE:TypeError;RAISE:TypeError;RAISE:TypeError;RAISE:TypeError;RAISE:TypeError;RAISE:TypeError;RAISE:TypeError;RAISE:TypeError;RAISE:TypeError;RAISE:TypeError;RAISE:TypeError;RAISE:TypeError;RAISE:TypeError;RAISE:TypeError;RAISE:TypeError;RAISE:TypeError;RAISE:TypeError;RAISE:TypeError;RAISE:TypeError;RAISE:TypeError;RAISE:TypeError;RAISE:TypeError;RAISE:TypeError;RAISE:TypeError;RAISE:TypeError;RAISE:TypeError;RAISE:TypeError;RAISE:TypeError;RAISE:TypeError;RAISE:TypeError;RAISE:TypeError;RAISE:TypeError;RAISE:TypeError;RAISE:TypeError;RAISE:TypeError;RAISE:TypeError;RAISE:TypeError;RAISE:TypeError;RAISE:TypeError;RAISE:TypeError;RAISE:TypeError;RAISE:TypeError;RAISE:TypeError;RAISE:TypeError;RAISE:TypeError;RAISE:TypeError;RAISE:TypeError;RAISE:TypeError;RAISE:TypeError;RAISE:TypeError;RAISE:TypeError;RAISE:TypeError;RAISE:TypeError;RAISE:TypeError;RAISE:TypeError;RAISE:TypeError;RAISE:TypeError;RAISE:TypeError;RAISE:TypeError;RAISE:TypeError;RAISE:TypeError;RAISE:TypeError;RAISE:TypeError;RAISE:TypeError;RAISE:TypeError;RAISE:TypeError;RAISE:TypeError;RAISE:TypeError;RAISE:TypeError;RAISE:TypeError;RAISE:TypeError;RAISE:TypeError;RAISE:TypeError;RAISE:TypeError;RAISE:TypeError;RAISE:TypeError;RAISE:TypeError;RAISE:TypeError;RAISE:TypeError;RAISE:TypeError;RAISE:TypeError;RAISE:TypeError;RAISE:TypeError;RAISE:TypeError;RAISE:TypeError;RAISE:TypeError;RAISE:TypeError;RAISE:TypeError;RAISE:TypeError;RAISE:TypeError;RAISE:TypeError;RAISE:TypeError;RAISE:TypeError;RAISE:TypeError;RAISE:TypeError;RAISE:TypeError;RAISE:TypeError;RAISE:TypeError;RAISE:TypeError;RAISE:TypeError;RAISE:TypeError;RAISE:TypeError;RAISE:TypeError;RAISE:TypeError;RAISE:TypeError;RAISE:TypeError;RAISE:TypeError;RAISE:TypeError;RAISE:TypeError;RAISE:TypeError;RAISE:TypeError;RAISE:TypeError;RAISE:TypeError;RAISE:TypeError;RAISE:TypeError;RAISE:TypeError;RAISE:TypeError;RAISE:TypeError;RAISE:TypeError;RAISE:TypeError;RAISE:TypeError;RAISE:TypeError;RAISE:TypeError;RAISE:TypeError;RAISE:TypeError;RAISE:TypeError;RAISE:TypeError;RAISE:TypeError;RAISE:TypeError;RAISE:TypeError;RAISE:TypeError;RAISE:TypeError;RAISE:TypeError;RAISE:TypeError;RAISE:TypeError;RAISE:TypeError;RAISE:TypeError;RAISE:TypeError;RAISE:TypeError;RAISE:TypeError;RAISE:TypeError;RAISE:TypeError;RAISE:TypeError;RAISE:TypeError;RAISE:TypeError;RAISE:TypeError;RAISE:TypeError;RAISE:TypeError;RAISE:TypeError;RAISE:TypeError;RAISE:TypeError;RAISE:TypeError;RAISE:TypeError;RAISE:TypeError;RAISE:TypeError;RAISE:TypeError;RAISE:TypeError;RAISE:TypeError;RAISE:TypeError;RAISE:TypeError;RAISE:TypeError;RAISE:TypeError;RAISE:TypeError;RAISE:TypeError;RAISE:TypeError;RAISE:TypeError;RAISE:TypeError;RAISE:TypeError;RAISE:TypeError;RAISE:TypeError;RAISE:TypeError;RAISE:TypeError;RAISE:TypeError;RAISE:TypeError;RAISE:TypeError;RAISE:TypeError;RAISE:TypeError;RAISE:TypeError;RAISE:TypeError;RAISE:TypeError;RAISE:TypeError;RAISE:TypeError;RAISE:TypeError;RAISE:TypeError;RAISE:TypeError;RAISE:TypeError;RAISE:TypeError;RAISE:TypeError;RAISE:TypeError;RAISE:TypeError;RAISE:TypeError;RAISE:TypeError;RAISE:TypeError;RAISE:TypeError;RAISE:TypeError;RAISE:TypeError;RAISE:TypeError;RAISE:TypeError;RAISE:TypeError;RAISE:TypeError;RAISE:TypeError;RAISE:TypeError;RAISE:TypeError;RAISE:TypeError;RAISE:TypeError;RAISE:TypeError;RAISE:TypeError;RAISE:TypeError;RAISE:TypeError;RAISE:TypeError;RAISE:TypeError;RAISE:TypeError;RAISE:TypeError;RAISE:TypeError;RAISE:TypeError;RAISE:TypeError;RAISE:TypeError;RAISE:TypeError;RAISE:TypeError;RAISE:TypeError;RAISE:TypeError;RAISE:TypeError;RAISE:TypeError;RAISE:TypeError;RAISE:TypeError;RAISE:TypeError;RAISE:TypeError;RAISE:TypeError;RAISE:TypeError;RAISE:TypeError;RAISE:TypeError;RAISE:TypeError;RAISE:TypeError;RAISE:TypeError;RAISE:TypeError;RAISE:TypeError;RAISE:TypeError;RAISE:TypeError;RAISE:TypeError;RAISE:TypeError;RAISE:TypeError;RAISE:TypeError;RAISE:TypeError;RAISE:TypeError;RAISE:TypeError;RAISE:TypeError;RAISE:TypeError;RAISE:TypeError;RAISE:TypeError;RAISE:TypeError;RAISE:TypeError;RAISE:TypeError;RAISE:TypeError;RAISE:TypeError;RAISE:TypeError;RAISE:TypeError,0,272,0,"fractional/L1/16:-max_finite,-1.5,-1.0,-(1.0-1ulp),-0.0,+0.0,+min_subnormal,+min_normal,1.0-1ulp,1.0,1.0+1ulp,1.5,pi,2^53,max_finite,0.1","whole/L1/17:-2^63,-2^63+1,-2^53-1,-2^31,-42,-1,0,1,7,42,1000,2^31-1,2^31,2^53-1,2^53+1,2^63-1,2^64-1"
A14_6_3,1,fractional|whole,float,Decimal,"fractional/L1/16:-max_finite,-1.5,-1.0,-(1.0-1ulp),-0.0,+0.0,+min_subnormal,+min_normal,1.0-1ulp,1.0,1.0+1ulp,1.5,pi,2^53,max_finite,0.1","whole/L1/17:-2^63,-2^63+1,-2^53-1,-2^31,-42,-1,0,1,7,42,1000,2^31-1,2^31,2^53-1,2^53+1,2^63-1,2^64-1",272,RAISE:TypeError;RAISE:TypeError;RAISE:TypeError;RAISE:TypeError;RAISE:TypeError;RAISE:TypeError;RAISE:TypeError;RAISE:TypeError;RAISE:TypeError;RAISE:TypeError;RAISE:TypeError;RAISE:TypeError;RAISE:TypeError;RAISE:TypeError;RAISE:TypeError;RAISE:TypeError;RAISE:TypeError;RAISE:TypeError;RAISE:TypeError;RAISE:TypeError;RAISE:TypeError;RAISE:TypeError;RAISE:TypeError;RAISE:TypeError;RAISE:TypeError;RAISE:TypeError;RAISE:TypeError;RAISE:TypeError;RAISE:TypeError;RAISE:TypeError;RAISE:TypeError;RAISE:TypeError;RAISE:TypeError;RAISE:TypeError;RAISE:TypeError;RAISE:TypeError;RAISE:TypeError;RAISE:TypeError;RAISE:TypeError;RAISE:TypeError;RAISE:TypeError;RAISE:TypeError;RAISE:TypeError;RAISE:TypeError;RAISE:TypeError;RAISE:TypeError;RAISE:TypeError;RAISE:TypeError;RAISE:TypeError;RAISE:TypeError;RAISE:TypeError;RAISE:TypeError;RAISE:TypeError;RAISE:TypeError;RAISE:TypeError;RAISE:TypeError;RAISE:TypeError;RAISE:TypeError;RAISE:TypeError;RAISE:TypeError;RAISE:TypeError;RAISE:TypeError;RAISE:TypeError;RAISE:TypeError;RAISE:TypeError;RAISE:TypeError;RAISE:TypeError;RAISE:TypeError;RAISE:TypeError;RAISE:TypeError;RAISE:TypeError;RAISE:TypeError;RAISE:TypeError;RAISE:TypeError;RAISE:TypeError;RAISE:TypeError;RAISE:TypeError;RAISE:TypeError;RAISE:TypeError;RAISE:TypeError;RAISE:TypeError;RAISE:TypeError;RAISE:TypeError;RAISE:TypeError;RAISE:TypeError;RAISE:TypeError;RAISE:TypeError;RAISE:TypeError;RAISE:TypeError;RAISE:TypeError;RAISE:TypeError;RAISE:TypeError;RAISE:TypeError;RAISE:TypeError;RAISE:TypeError;RAISE:TypeError;RAISE:TypeError;RAISE:TypeError;RAISE:TypeError;RAISE:TypeError;RAISE:TypeError;RAISE:TypeError;RAISE:TypeError;RAISE:TypeError;RAISE:TypeError;RAISE:TypeError;RAISE:TypeError;RAISE:TypeError;RAISE:TypeError;RAISE:TypeError;RAISE:TypeError;RAISE:TypeError;RAISE:TypeError;RAISE:TypeError;RAISE:TypeError;RAISE:TypeError;RAISE:TypeError;RAISE:TypeError;RAISE:TypeError;RAISE:TypeError;RAISE:TypeError;RAISE:TypeError;RAISE:TypeError;RAISE:TypeError;RAISE:TypeError;RAISE:TypeError;RAISE:TypeError;RAISE:TypeError;RAISE:TypeError;RAISE:TypeError;RAISE:TypeError;RAISE:TypeError;RAISE:TypeError;RAISE:TypeError;RAISE:TypeError;RAISE:TypeError;RAISE:TypeError;RAISE:TypeError;RAISE:TypeError;RAISE:TypeError;RAISE:TypeError;RAISE:TypeError;RAISE:TypeError;RAISE:TypeError;RAISE:TypeError;RAISE:TypeError;RAISE:TypeError;RAISE:TypeError;RAISE:TypeError;RAISE:TypeError;RAISE:TypeError;RAISE:TypeError;RAISE:TypeError;RAISE:TypeError;RAISE:TypeError;RAISE:TypeError;RAISE:TypeError;RAISE:TypeError;RAISE:TypeError;RAISE:TypeError;RAISE:TypeError;RAISE:TypeError;RAISE:TypeError;RAISE:TypeError;RAISE:TypeError;RAISE:TypeError;RAISE:TypeError;RAISE:TypeError;RAISE:TypeError;RAISE:TypeError;RAISE:TypeError;RAISE:TypeError;RAISE:TypeError;RAISE:TypeError;RAISE:TypeError;RAISE:TypeError;RAISE:TypeError;RAISE:TypeError;RAISE:TypeError;RAISE:TypeError;RAISE:TypeError;RAISE:TypeError;RAISE:TypeError;RAISE:TypeError;RAISE:TypeError;RAISE:TypeError;RAISE:TypeError;RAISE:TypeError;RAISE:TypeError;RAISE:TypeError;RAISE:TypeError;RAISE:TypeError;RAISE:TypeError;RAISE:TypeError;RAISE:TypeError;RAISE:TypeError;RAISE:TypeError;RAISE:TypeError;RAISE:TypeError;RAISE:TypeError;RAISE:TypeError;RAISE:TypeError;RAISE:TypeError;RAISE:TypeError;RAISE:TypeError;RAISE:TypeError;RAISE:TypeError;RAISE:TypeError;RAISE:TypeError;RAISE:TypeError;RAISE:TypeError;RAISE:TypeError;RAISE:TypeError;RAISE:TypeError;RAISE:TypeError;RAISE:TypeError;RAISE:TypeError;RAISE:TypeError;RAISE:TypeError;RAISE:TypeError;RAISE:TypeError;RAISE:TypeError;RAISE:TypeError;RAISE:TypeError;RAISE:TypeError;RAISE:TypeError;RAISE:TypeError;RAISE:TypeError;RAISE:TypeError;RAISE:TypeError;RAISE:TypeError;RAISE:TypeError;RAISE:TypeError;RAISE:TypeError;RAISE:TypeError;RAISE:TypeError;RAISE:TypeError;RAISE:TypeError;RAISE:TypeError;RAISE:TypeError;RAISE:TypeError;RAISE:TypeError;RAISE:TypeError;RAISE:TypeError;RAISE:TypeError;RAISE:TypeError;RAISE:TypeError;RAISE:TypeError;RAISE:TypeError;RAISE:TypeError;RAISE:TypeError;RAISE:TypeError;RAISE:TypeError;RAISE:TypeError;RAISE:TypeError;RAISE:TypeError;RAISE:TypeError;RAISE:TypeError;RAISE:TypeError;RAISE:TypeError;RAISE:TypeError;RAISE:TypeError;RAISE:TypeError;RAISE:TypeError;RAISE:TypeError;RAISE:TypeError;RAISE:TypeError;RAISE:TypeError;RAISE:TypeError;RAISE:TypeError;RAISE:TypeError;RAISE:TypeError,0,272,0,"fractional/L1/16:-max_finite,-1.5,-1.0,-(1.0-1ulp),-0.0,+0.0,+min_subnormal,+min_normal,1.0-1ulp,1.0,1.0+1ulp,1.5,pi,2^53,max_finite,0.1","whole/L1/17:-2^63,-2^63+1,-2^53-1,-2^31,-42,-1,0,1,7,42,1000,2^31-1,2^31,2^53-1,2^53+1,2^63-1,2^64-1"
A14_6_4,1,fractional|whole,float,Fraction,"fractional/L1/16:-max_finite,-1.5,-1.0,-(1.0-1ulp),-0.0,+0.0,+min_subnormal,+min_normal,1.0-1ulp,1.0,1.0+1ulp,1.5,pi,2^53,max_finite,0.1","whole/L1/17:-2^63,-2^63+1,-2^53-1,-2^31,-42,-1,0,1,7,42,1000,2^31-1,2^31,2^53-1,2^53+1,2^63-1,2^64-1",272,RAISE:TypeError;RAISE:TypeError;RAISE:TypeError;RAISE:TypeError;RAISE:TypeError;RAISE:TypeError;RAISE:TypeError;RAISE:TypeError;RAISE:TypeError;RAISE:TypeError;RAISE:TypeError;RAISE:TypeError;RAISE:TypeError;RAISE:TypeError;RAISE:TypeError;RAISE:TypeError;RAISE:TypeError;RAISE:TypeError;RAISE:TypeError;RAISE:TypeError;RAISE:TypeError;RAISE:TypeError;RAISE:TypeError;RAISE:TypeError;RAISE:TypeError;RAISE:TypeError;RAISE:TypeError;RAISE:TypeError;RAISE:TypeError;RAISE:TypeError;RAISE:TypeError;RAISE:TypeError;RAISE:TypeError;RAISE:TypeError;RAISE:TypeError;RAISE:TypeError;RAISE:TypeError;RAISE:TypeError;RAISE:TypeError;RAISE:TypeError;RAISE:TypeError;RAISE:TypeError;RAISE:TypeError;RAISE:TypeError;RAISE:TypeError;RAISE:TypeError;RAISE:TypeError;RAISE:TypeError;RAISE:TypeError;RAISE:TypeError;RAISE:TypeError;RAISE:TypeError;RAISE:TypeError;RAISE:TypeError;RAISE:TypeError;RAISE:TypeError;RAISE:TypeError;RAISE:TypeError;RAISE:TypeError;RAISE:TypeError;RAISE:TypeError;RAISE:TypeError;RAISE:TypeError;RAISE:TypeError;RAISE:TypeError;RAISE:TypeError;RAISE:TypeError;RAISE:TypeError;RAISE:TypeError;RAISE:TypeError;RAISE:TypeError;RAISE:TypeError;RAISE:TypeError;RAISE:TypeError;RAISE:TypeError;RAISE:TypeError;RAISE:TypeError;RAISE:TypeError;RAISE:TypeError;RAISE:TypeError;RAISE:TypeError;RAISE:TypeError;RAISE:TypeError;RAISE:TypeError;RAISE:TypeError;RAISE:TypeError;RAISE:TypeError;RAISE:TypeError;RAISE:TypeError;RAISE:TypeError;RAISE:TypeError;RAISE:TypeError;RAISE:TypeError;RAISE:TypeError;RAISE:TypeError;RAISE:TypeError;RAISE:TypeError;RAISE:TypeError;RAISE:TypeError;RAISE:TypeError;RAISE:TypeError;RAISE:TypeError;RAISE:TypeError;RAISE:TypeError;RAISE:TypeError;RAISE:TypeError;RAISE:TypeError;RAISE:TypeError;RAISE:TypeError;RAISE:TypeError;RAISE:TypeError;RAISE:TypeError;RAISE:TypeError;RAISE:TypeError;RAISE:TypeError;RAISE:TypeError;RAISE:TypeError;RAISE:TypeError;RAISE:TypeError;RAISE:TypeError;RAISE:TypeError;RAISE:TypeError;RAISE:TypeError;RAISE:TypeError;RAISE:TypeError;RAISE:TypeError;RAISE:TypeError;RAISE:TypeError;RAISE:TypeError;RAISE:TypeError;RAISE:TypeError;RAISE:TypeError;RAISE:TypeError;RAISE:TypeError;RAISE:TypeError;RAISE:TypeError;RAISE:TypeError;RAISE:TypeError;RAISE:TypeError;RAISE:TypeError;RAISE:TypeError;RAISE:TypeError;RAISE:TypeError;RAISE:TypeError;RAISE:TypeError;RAISE:TypeError;RAISE:TypeError;RAISE:TypeError;RAISE:TypeError;RAISE:TypeError;RAISE:TypeError;RAISE:TypeError;RAISE:TypeError;RAISE:TypeError;RAISE:TypeError;RAISE:TypeError;RAISE:TypeError;RAISE:TypeError;RAISE:TypeError;RAISE:TypeError;RAISE:TypeError;RAISE:TypeError;RAISE:TypeError;RAISE:TypeError;RAISE:TypeError;RAISE:TypeError;RAISE:TypeError;RAISE:TypeError;RAISE:TypeError;RAISE:TypeError;RAISE:TypeError;RAISE:TypeError;RAISE:TypeError;RAISE:TypeError;RAISE:TypeError;RAISE:TypeError;RAISE:TypeError;RAISE:TypeError;RAISE:TypeError;RAISE:TypeError;RAISE:TypeError;RAISE:TypeError;RAISE:TypeError;RAISE:TypeError;RAISE:TypeError;RAISE:TypeError;RAISE:TypeError;RAISE:TypeError;RAISE:TypeError;RAISE:TypeError;RAISE:TypeError;RAISE:TypeError;RAISE:TypeError;RAISE:TypeError;RAISE:TypeError;RAISE:TypeError;RAISE:TypeError;RAISE:TypeError;RAISE:TypeError;RAISE:TypeError;RAISE:TypeError;RAISE:TypeError;RAISE:TypeError;RAISE:TypeError;RAISE:TypeError;RAISE:TypeError;RAISE:TypeError;RAISE:TypeError;RAISE:TypeError;RAISE:TypeError;RAISE:TypeError;RAISE:TypeError;RAISE:TypeError;RAISE:TypeError;RAISE:TypeError;RAISE:TypeError;RAISE:TypeError;RAISE:TypeError;RAISE:TypeError;RAISE:TypeError;RAISE:TypeError;RAISE:TypeError;RAISE:TypeError;RAISE:TypeError;RAISE:TypeError;RAISE:TypeError;RAISE:TypeError;RAISE:TypeError;RAISE:TypeError;RAISE:TypeError;RAISE:TypeError;RAISE:TypeError;RAISE:TypeError;RAISE:TypeError;RAISE:TypeError;RAISE:TypeError;RAISE:TypeError;RAISE:TypeError;RAISE:TypeError;RAISE:TypeError;RAISE:TypeError;RAISE:TypeError;RAISE:TypeError;RAISE:TypeError;RAISE:TypeError;RAISE:TypeError;RAISE:TypeError;RAISE:TypeError;RAISE:TypeError;RAISE:TypeError;RAISE:TypeError;RAISE:TypeError;RAISE:TypeError;RAISE:TypeError;RAISE:TypeError;RAISE:TypeError;RAISE:TypeError;RAISE:TypeError;RAISE:TypeError;RAISE:TypeError;RAISE:TypeError;RAISE:TypeError;RAISE:TypeError;RAISE:TypeError;RAISE:TypeError;RAISE:TypeError;RAISE:TypeError;RAISE:TypeError;RAISE:TypeError;RAISE:TypeError;RAISE:TypeError;RAISE:TypeError,0,272,0,"fractional/L1/16:-max_finite,-1.5,-1.0,-(1.0-1ulp),-0.0,+0.0,+min_subnormal,+min_normal,1.0-1ulp,1.0,1.0+1ulp,1.5,pi,2^53,max_finite,0.1","whole/L1/17:-2^63,-2^63+1,-2^53-1,-2^31,-42,-1,0,1,7,42,1000,2^31-1,2^31,2^53-1,2^53+1,2^63-1,2^64-1"
A14_6_5,1,fractional|whole,float,c_int64,"fractional/L1/16:-max_finite,-1.5,-1.0,-(1.0-1ulp),-0.0,+0.0,+min_subnormal,+min_normal,1.0-1ulp,1.0,1.0+1ulp,1.5,pi,2^53,max_finite,0.1","whole/L1/17:-2^63,-2^63+1,-2^53-1,-2^31,-42,-1,0,1,7,42,1000,2^31-1,2^31,2^53-1,2^53+1,2^63-1,2^64-1",272,RAISE:TypeError;RAISE:TypeError;RAISE:TypeError;RAISE:TypeError;RAISE:TypeError;RAISE:TypeError;RAISE:TypeError;RAISE:TypeError;RAISE:TypeError;RAISE:TypeError;RAISE:TypeError;RAISE:TypeError;RAISE:TypeError;RAISE:TypeError;RAISE:TypeError;RAISE:TypeError;UNREPRESENTABLE;RAISE:TypeError;RAISE:TypeError;RAISE:TypeError;RAISE:TypeError;RAISE:TypeError;RAISE:TypeError;RAISE:TypeError;RAISE:TypeError;RAISE:TypeError;RAISE:TypeError;RAISE:TypeError;RAISE:TypeError;RAISE:TypeError;RAISE:TypeError;RAISE:TypeError;RAISE:TypeError;UNREPRESENTABLE;RAISE:TypeError;RAISE:TypeError;RAISE:TypeError;RAISE:TypeError;RAISE:TypeError;RAISE:TypeError;RAISE:TypeError;RAISE:TypeError;RAISE:TypeError;RAISE:TypeError;RAISE:TypeError;RAISE:TypeError;RAISE:TypeError;RAISE:TypeError;RAISE:TypeError;RAISE:TypeError;UNREPRESENTABLE;RAISE:TypeError;RAISE:TypeError;RAISE:TypeError;RAISE:TypeError;RAISE:TypeError;RAISE:TypeError;RAISE:TypeError;RAISE:TypeError;RAISE:TypeError;RAISE:TypeError;RAISE:TypeError;RAISE:TypeError;RAISE:TypeError;RAISE:TypeError;RAISE:TypeError;RAISE:TypeError;UNREPRESENTABLE;RAISE:TypeError;RAISE:TypeError;RAISE:TypeError;RAISE:TypeError;RAISE:TypeError;RAISE:TypeError;RAISE:TypeError;RAISE:TypeError;RAISE:TypeError;RAISE:TypeError;RAISE:TypeError;RAISE:TypeError;RAISE:TypeError;RAISE:TypeError;RAISE:TypeError;RAISE:TypeError;UNREPRESENTABLE;RAISE:TypeError;RAISE:TypeError;RAISE:TypeError;RAISE:TypeError;RAISE:TypeError;RAISE:TypeError;RAISE:TypeError;RAISE:TypeError;RAISE:TypeError;RAISE:TypeError;RAISE:TypeError;RAISE:TypeError;RAISE:TypeError;RAISE:TypeError;RAISE:TypeError;RAISE:TypeError;UNREPRESENTABLE;RAISE:TypeError;RAISE:TypeError;RAISE:TypeError;RAISE:TypeError;RAISE:TypeError;RAISE:TypeError;RAISE:TypeError;RAISE:TypeError;RAISE:TypeError;RAISE:TypeError;RAISE:TypeError;RAISE:TypeError;RAISE:TypeError;RAISE:TypeError;RAISE:TypeError;RAISE:TypeError;UNREPRESENTABLE;RAISE:TypeError;RAISE:TypeError;RAISE:TypeError;RAISE:TypeError;RAISE:TypeError;RAISE:TypeError;RAISE:TypeError;RAISE:TypeError;RAISE:TypeError;RAISE:TypeError;RAISE:TypeError;RAISE:TypeError;RAISE:TypeError;RAISE:TypeError;RAISE:TypeError;RAISE:TypeError;UNREPRESENTABLE;RAISE:TypeError;RAISE:TypeError;RAISE:TypeError;RAISE:TypeError;RAISE:TypeError;RAISE:TypeError;RAISE:TypeError;RAISE:TypeError;RAISE:TypeError;RAISE:TypeError;RAISE:TypeError;RAISE:TypeError;RAISE:TypeError;RAISE:TypeError;RAISE:TypeError;RAISE:TypeError;UNREPRESENTABLE;RAISE:TypeError;RAISE:TypeError;RAISE:TypeError;RAISE:TypeError;RAISE:TypeError;RAISE:TypeError;RAISE:TypeError;RAISE:TypeError;RAISE:TypeError;RAISE:TypeError;RAISE:TypeError;RAISE:TypeError;RAISE:TypeError;RAISE:TypeError;RAISE:TypeError;RAISE:TypeError;UNREPRESENTABLE;RAISE:TypeError;RAISE:TypeError;RAISE:TypeError;RAISE:TypeError;RAISE:TypeError;RAISE:TypeError;RAISE:TypeError;RAISE:TypeError;RAISE:TypeError;RAISE:TypeError;RAISE:TypeError;RAISE:TypeError;RAISE:TypeError;RAISE:TypeError;RAISE:TypeError;RAISE:TypeError;UNREPRESENTABLE;RAISE:TypeError;RAISE:TypeError;RAISE:TypeError;RAISE:TypeError;RAISE:TypeError;RAISE:TypeError;RAISE:TypeError;RAISE:TypeError;RAISE:TypeError;RAISE:TypeError;RAISE:TypeError;RAISE:TypeError;RAISE:TypeError;RAISE:TypeError;RAISE:TypeError;RAISE:TypeError;UNREPRESENTABLE;RAISE:TypeError;RAISE:TypeError;RAISE:TypeError;RAISE:TypeError;RAISE:TypeError;RAISE:TypeError;RAISE:TypeError;RAISE:TypeError;RAISE:TypeError;RAISE:TypeError;RAISE:TypeError;RAISE:TypeError;RAISE:TypeError;RAISE:TypeError;RAISE:TypeError;RAISE:TypeError;UNREPRESENTABLE;RAISE:TypeError;RAISE:TypeError;RAISE:TypeError;RAISE:TypeError;RAISE:TypeError;RAISE:TypeError;RAISE:TypeError;RAISE:TypeError;RAISE:TypeError;RAISE:TypeError;RAISE:TypeError;RAISE:TypeError;RAISE:TypeError;RAISE:TypeError;RAISE:TypeError;RAISE:TypeError;UNREPRESENTABLE;RAISE:TypeError;RAISE:TypeError;RAISE:TypeError;RAISE:TypeError;RAISE:TypeError;RAISE:TypeError;RAISE:TypeError;RAISE:TypeError;RAISE:TypeError;RAISE:TypeError;RAISE:TypeError;RAISE:TypeError;RAISE:TypeError;RAISE:TypeError;RAISE:TypeError;RAISE:TypeError;UNREPRESENTABLE;RAISE:TypeError;RAISE:TypeError;RAISE:TypeError;RAISE:TypeError;RAISE:TypeError;RAISE:TypeError;RAISE:TypeError;RAISE:TypeError;RAISE:TypeError;RAISE:TypeError;RAISE:TypeError;RAISE:TypeError;RAISE:TypeError;RAISE:TypeError;RAISE:TypeError;RAISE:TypeError;UNREPRESENTABLE,0,256,16,"fractional/L1/16:-max_finite,-1.5,-1.0,-(1.0-1ulp),-0.0,+0.0,+min_subnormal,+min_normal,1.0-1ulp,1.0,1.0+1ulp,1.5,pi,2^53,max_finite,0.1","whole/L1/16:-2^63,-2^63+1,-2^53-1,-2^31,-42,-1,0,1,7,42,1000,2^31-1,2^31,2^53-1,2^53+1,2^63-1"
A14_6_6,1,fractional|fractional,float,float,"fractional/L1/16:-max_finite,-1.5,-1.0,-(1.0-1ulp),-0.0,+0.0,+min_subnormal,+min_normal,1.0-1ulp,1.0,1.0+1ulp,1.5,pi,2^53,max_finite,0.1","fractional/L1/16:-max_finite,-1.5,-1.0,-(1.0-1ulp),-0.0,+0.0,+min_subnormal,+min_normal,1.0-1ulp,1.0,1.0+1ulp,1.5,pi,2^53,max_finite,0.1",256,RAISE:TypeError;RAISE:TypeError;RAISE:TypeError;RAISE:TypeError;RAISE:TypeError;RAISE:TypeError;RAISE:TypeError;RAISE:TypeError;RAISE:TypeError;RAISE:TypeError;RAISE:TypeError;RAISE:TypeError;RAISE:TypeError;RAISE:TypeError;RAISE:TypeError;RAISE:TypeError;RAISE:TypeError;RAISE:TypeError;RAISE:TypeError;RAISE:TypeError;RAISE:TypeError;RAISE:TypeError;RAISE:TypeError;RAISE:TypeError;RAISE:TypeError;RAISE:TypeError;RAISE:TypeError;RAISE:TypeError;RAISE:TypeError;RAISE:TypeError;RAISE:TypeError;RAISE:TypeError;RAISE:TypeError;RAISE:TypeError;RAISE:TypeError;RAISE:TypeError;RAISE:TypeError;RAISE:TypeError;RAISE:TypeError;RAISE:TypeError;RAISE:TypeError;RAISE:TypeError;RAISE:TypeError;RAISE:TypeError;RAISE:TypeError;RAISE:TypeError;RAISE:TypeError;RAISE:TypeError;RAISE:TypeError;RAISE:TypeError;RAISE:TypeError;RAISE:TypeError;RAISE:TypeError;RAISE:TypeError;RAISE:TypeError;RAISE:TypeError;RAISE:TypeError;RAISE:TypeError;RAISE:TypeError;RAISE:TypeError;RAISE:TypeError;RAISE:TypeError;RAISE:TypeError;RAISE:TypeError;RAISE:TypeError;RAISE:TypeError;RAISE:TypeError;RAISE:TypeError;RAISE:TypeError;RAISE:TypeError;RAISE:TypeError;RAISE:TypeError;RAISE:TypeError;RAISE:TypeError;RAISE:TypeError;RAISE:TypeError;RAISE:TypeError;RAISE:TypeError;RAISE:TypeError;RAISE:TypeError;RAISE:TypeError;RAISE:TypeError;RAISE:TypeError;RAISE:TypeError;RAISE:TypeError;RAISE:TypeError;RAISE:TypeError;RAISE:TypeError;RAISE:TypeError;RAISE:TypeError;RAISE:TypeError;RAISE:TypeError;RAISE:TypeError;RAISE:TypeError;RAISE:TypeError;RAISE:TypeError;RAISE:TypeError;RAISE:TypeError;RAISE:TypeError;RAISE:TypeError;RAISE:TypeError;RAISE:TypeError;RAISE:TypeError;RAISE:TypeError;RAISE:TypeError;RAISE:TypeError;RAISE:TypeError;RAISE:TypeError;RAISE:TypeError;RAISE:TypeError;RAISE:TypeError;RAISE:TypeError;RAISE:TypeError;RAISE:TypeError;RAISE:TypeError;RAISE:TypeError;RAISE:TypeError;RAISE:TypeError;RAISE:TypeError;RAISE:TypeError;RAISE:TypeError;RAISE:TypeError;RAISE:TypeError;RAISE:TypeError;RAISE:TypeError;RAISE:TypeError;RAISE:TypeError;RAISE:TypeError;RAISE:TypeError;RAISE:TypeError;RAISE:TypeError;RAISE:TypeError;RAISE:TypeError;RAISE:TypeError;RAISE:TypeError;RAISE:TypeError;RAISE:TypeError;RAISE:TypeError;RAISE:TypeError;RAISE:TypeError;RAISE:TypeError;RAISE:TypeError;RAISE:TypeError;RAISE:TypeError;RAISE:TypeError;RAISE:TypeError;RAISE:TypeError;RAISE:TypeError;RAISE:TypeError;RAISE:TypeError;RAISE:TypeError;RAISE:TypeError;RAISE:TypeError;RAISE:TypeError;RAISE:TypeError;RAISE:TypeError;RAISE:TypeError;RAISE:TypeError;RAISE:TypeError;RAISE:TypeError;RAISE:TypeError;RAISE:TypeError;RAISE:TypeError;RAISE:TypeError;RAISE:TypeError;RAISE:TypeError;RAISE:TypeError;RAISE:TypeError;RAISE:TypeError;RAISE:TypeError;RAISE:TypeError;RAISE:TypeError;RAISE:TypeError;RAISE:TypeError;RAISE:TypeError;RAISE:TypeError;RAISE:TypeError;RAISE:TypeError;RAISE:TypeError;RAISE:TypeError;RAISE:TypeError;RAISE:TypeError;RAISE:TypeError;RAISE:TypeError;RAISE:TypeError;RAISE:TypeError;RAISE:TypeError;RAISE:TypeError;RAISE:TypeError;RAISE:TypeError;RAISE:TypeError;RAISE:TypeError;RAISE:TypeError;RAISE:TypeError;RAISE:TypeError;RAISE:TypeError;RAISE:TypeError;RAISE:TypeError;RAISE:TypeError;RAISE:TypeError;RAISE:TypeError;RAISE:TypeError;RAISE:TypeError;RAISE:TypeError;RAISE:TypeError;RAISE:TypeError;RAISE:TypeError;RAISE:TypeError;RAISE:TypeError;RAISE:TypeError;RAISE:TypeError;RAISE:TypeError;RAISE:TypeError;RAISE:TypeError;RAISE:TypeError;RAISE:TypeError;RAISE:TypeError;RAISE:TypeError;RAISE:TypeError;RAISE:TypeError;RAISE:TypeError;RAISE:TypeError;RAISE:TypeError;RAISE:TypeError;RAISE:TypeError;RAISE:TypeError;RAISE:TypeError;RAISE:TypeError;RAISE:TypeError;RAISE:TypeError;RAISE:TypeError;RAISE:TypeError;RAISE:TypeError;RAISE:TypeError;RAISE:TypeError;RAISE:TypeError;RAISE:TypeError;RAISE:TypeError;RAISE:TypeError;RAISE:TypeError;RAISE:TypeError;RAISE:TypeError;RAISE:TypeError;RAISE:TypeError;RAISE:TypeError;RAISE:TypeError;RAISE:TypeError;RAISE:TypeError;RAISE:TypeError;RAISE:TypeError;RAISE:TypeError;RAISE:TypeError;RAISE:TypeError;RAISE:TypeError;RAISE:TypeError;RAISE:TypeError,0,256,0,"fractional/L1/16:-max_finite,-1.5,-1.0,-(1.0-1ulp),-0.0,+0.0,+min_subnormal,+min_normal,1.0-1ulp,1.0,1.0+1ulp,1.5,pi,2^53,max_finite,0.1","fractional/L1/16:-max_finite,-1.5,-1.0,-(1.0-1ulp),-0.0,+0.0,+min_subnormal,+min_normal,1.0-1ulp,1.0,1.0+1ulp,1.5,pi,2^53,max_finite,0.1"
A14_6_7,1,fractional|fractional,float,Decimal,"fractional/L1/16:-max_finite,-1.5,-1.0,-(1.0-1ulp),-0.0,+0.0,+min_subnormal,+min_normal,1.0-1ulp,1.0,1.0+1ulp,1.5,pi,2^53,max_finite,0.1","fractional/L1/16:-max_finite,-1.5,-1.0,-(1.0-1ulp),-0.0,+0.0,+min_subnormal,+min_normal,1.0-1ulp,1.0,1.0+1ulp,1.5,pi,2^53,max_finite,0.1",256,RAISE:TypeError;RAISE:TypeError;RAISE:TypeError;RAISE:TypeError;RAISE:TypeError;RAISE:TypeError;RAISE:TypeError;RAISE:TypeError;RAISE:TypeError;RAISE:TypeError;RAISE:TypeError;RAISE:TypeError;RAISE:TypeError;RAISE:TypeError;RAISE:TypeError;RAISE:TypeError;RAISE:TypeError;RAISE:TypeError;RAISE:TypeError;RAISE:TypeError;RAISE:TypeError;RAISE:TypeError;RAISE:TypeError;RAISE:TypeError;RAISE:TypeError;RAISE:TypeError;RAISE:TypeError;RAISE:TypeError;RAISE:TypeError;RAISE:TypeError;RAISE:TypeError;RAISE:TypeError;RAISE:TypeError;RAISE:TypeError;RAISE:TypeError;RAISE:TypeError;RAISE:TypeError;RAISE:TypeError;RAISE:TypeError;RAISE:TypeError;RAISE:TypeError;RAISE:TypeError;RAISE:TypeError;RAISE:TypeError;RAISE:TypeError;RAISE:TypeError;RAISE:TypeError;RAISE:TypeError;RAISE:TypeError;RAISE:TypeError;RAISE:TypeError;RAISE:TypeError;RAISE:TypeError;RAISE:TypeError;RAISE:TypeError;RAISE:TypeError;RAISE:TypeError;RAISE:TypeError;RAISE:TypeError;RAISE:TypeError;RAISE:TypeError;RAISE:TypeError;RAISE:TypeError;RAISE:TypeError;RAISE:TypeError;RAISE:TypeError;RAISE:TypeError;RAISE:TypeError;RAISE:TypeError;RAISE:TypeError;RAISE:TypeError;RAISE:TypeError;RAISE:TypeError;RAISE:TypeError;RAISE:TypeError;RAISE:TypeError;RAISE:TypeError;RAISE:TypeError;RAISE:TypeError;RAISE:TypeError;RAISE:TypeError;RAISE:TypeError;RAISE:TypeError;RAISE:TypeError;RAISE:TypeError;RAISE:TypeError;RAISE:TypeError;RAISE:TypeError;RAISE:TypeError;RAISE:TypeError;RAISE:TypeError;RAISE:TypeError;RAISE:TypeError;RAISE:TypeError;RAISE:TypeError;RAISE:TypeError;RAISE:TypeError;RAISE:TypeError;RAISE:TypeError;RAISE:TypeError;RAISE:TypeError;RAISE:TypeError;RAISE:TypeError;RAISE:TypeError;RAISE:TypeError;RAISE:TypeError;RAISE:TypeError;RAISE:TypeError;RAISE:TypeError;RAISE:TypeError;RAISE:TypeError;RAISE:TypeError;RAISE:TypeError;RAISE:TypeError;RAISE:TypeError;RAISE:TypeError;RAISE:TypeError;RAISE:TypeError;RAISE:TypeError;RAISE:TypeError;RAISE:TypeError;RAISE:TypeError;RAISE:TypeError;RAISE:TypeError;RAISE:TypeError;RAISE:TypeError;RAISE:TypeError;RAISE:TypeError;RAISE:TypeError;RAISE:TypeError;RAISE:TypeError;RAISE:TypeError;RAISE:TypeError;RAISE:TypeError;RAISE:TypeError;RAISE:TypeError;RAISE:TypeError;RAISE:TypeError;RAISE:TypeError;RAISE:TypeError;RAISE:TypeError;RAISE:TypeError;RAISE:TypeError;RAISE:TypeError;RAISE:TypeError;RAISE:TypeError;RAISE:TypeError;RAISE:TypeError;RAISE:TypeError;RAISE:TypeError;RAISE:TypeError;RAISE:TypeError;RAISE:TypeError;RAISE:TypeError;RAISE:TypeError;RAISE:TypeError;RAISE:TypeError;RAISE:TypeError;RAISE:TypeError;RAISE:TypeError;RAISE:TypeError;RAISE:TypeError;RAISE:TypeError;RAISE:TypeError;RAISE:TypeError;RAISE:TypeError;RAISE:TypeError;RAISE:TypeError;RAISE:TypeError;RAISE:TypeError;RAISE:TypeError;RAISE:TypeError;RAISE:TypeError;RAISE:TypeError;RAISE:TypeError;RAISE:TypeError;RAISE:TypeError;RAISE:TypeError;RAISE:TypeError;RAISE:TypeError;RAISE:TypeError;RAISE:TypeError;RAISE:TypeError;RAISE:TypeError;RAISE:TypeError;RAISE:TypeError;RAISE:TypeError;RAISE:TypeError;RAISE:TypeError;RAISE:TypeError;RAISE:TypeError;RAISE:TypeError;RAISE:TypeError;RAISE:TypeError;RAISE:TypeError;RAISE:TypeError;RAISE:TypeError;RAISE:TypeError;RAISE:TypeError;RAISE:TypeError;RAISE:TypeError;RAISE:TypeError;RAISE:TypeError;RAISE:TypeError;RAISE:TypeError;RAISE:TypeError;RAISE:TypeError;RAISE:TypeError;RAISE:TypeError;RAISE:TypeError;RAISE:TypeError;RAISE:TypeError;RAISE:TypeError;RAISE:TypeError;RAISE:TypeError;RAISE:TypeError;RAISE:TypeError;RAISE:TypeError;RAISE:TypeError;RAISE:TypeError;RAISE:TypeError;RAISE:TypeError;RAISE:TypeError;RAISE:TypeError;RAISE:TypeError;RAISE:TypeError;RAISE:TypeError;RAISE:TypeError;RAISE:TypeError;RAISE:TypeError;RAISE:TypeError;RAISE:TypeError;RAISE:TypeError;RAISE:TypeError;RAISE:TypeError;RAISE:TypeError;RAISE:TypeError;RAISE:TypeError;RAISE:TypeError;RAISE:TypeError;RAISE:TypeError;RAISE:TypeError;RAISE:TypeError;RAISE:TypeError;RAISE:TypeError;RAISE:TypeError;RAISE:TypeError;RAISE:TypeError;RAISE:TypeError;RAISE:TypeError;RAISE:TypeError;RAISE:TypeError;RAISE:TypeError;RAISE:TypeError;RAISE:TypeError;RAISE:TypeError,0,256,0,"fractional/L1/16:-max_finite,-1.5,-1.0,-(1.0-1ulp),-0.0,+0.0,+min_subnormal,+min_normal,1.0-1ulp,1.0,1.0+1ulp,1.5,pi,2^53,max_finite,0.1","fractional/L1/16:-max_finite,-1.5,-1.0,-(1.0-1ulp),-0.0,+0.0,+min_subnormal,+min_normal,1.0-1ulp,1.0,1.0+1ulp,1.5,pi,2^53,max_finite,0.1"
A14_6_8,1,fractional|fractional,float,Fraction,"fractional/L1/16:-max_finite,-1.5,-1.0,-(1.0-1ulp),-0.0,+0.0,+min_subnormal,+min_normal,1.0-1ulp,1.0,1.0+1ulp,1.5,pi,2^53,max_finite,0.1","fractional/L1/16:-max_finite,-1.5,-1.0,-(1.0-1ulp),-0.0,+0.0,+min_subnormal,+min_normal,1.0-1ulp,1.0,1.0+1ulp,1.5,pi,2^53,max_finite,0.1",256,RAISE:TypeError;RAISE:TypeError;RAISE:TypeError;RAISE:TypeError;UNREPRESENTABLE;RAISE:TypeError;RAISE:TypeError;RAISE:TypeError;RAISE:TypeError;RAISE:TypeError;RAISE:TypeError;RAISE:TypeError;RAISE:TypeError;RAISE:TypeError;RAISE:TypeError;RAISE:TypeError;RAISE:TypeError;RAISE:TypeError;RAISE:TypeError;RAISE:TypeError;UNREPRESENTABLE;RAISE:TypeError;RAISE:TypeError;RAISE:TypeError;RAISE:TypeError;RAISE:TypeError;RAISE:TypeError;RAISE:TypeError;RAISE:TypeError;RAISE:TypeError;RAISE:TypeError;RAISE:TypeError;RAISE:TypeError;RAISE:TypeError;RAISE:TypeError;RAISE:TypeError;UNREPRESENTABLE;RAISE:TypeError;RAISE:TypeError;RAISE:TypeError;RAISE:TypeError;RAISE:TypeError;RAISE:TypeError;RAISE:TypeError;RAISE:TypeError;RAISE:TypeError;RAISE:TypeError;RAISE:TypeError;RAISE:TypeError;RAISE:TypeError;RAISE:TypeError;RAISE:TypeError;UNREPRESENTABLE;RAISE:TypeError;RAISE:TypeError;RAISE:TypeError;RAISE:TypeError;RAISE:TypeError;RAISE:TypeError;RAISE:TypeError;RAISE:TypeError;RAISE:TypeError;RAISE:TypeError;RAISE:TypeError;RAISE:TypeError;RAISE:TypeError;RAISE:TypeError;RAISE:TypeError;UNREPRESENTABLE;RAISE:TypeError;RAISE:TypeError;RAISE:TypeError;RAISE:TypeError;RAISE:TypeError;RAISE:TypeError;RAISE:TypeError;RAISE:TypeError;RAISE:TypeError;RAISE:TypeError;RAISE:TypeError;RAISE:TypeError;RAISE:TypeError;RAISE:TypeError;RAISE:TypeError;UNREPRESENTABLE;RAISE:TypeError;RAISE:TypeError;RAISE:TypeError;RAISE:TypeError;RAISE:TypeError;RAISE:TypeError;RAISE:TypeError;RAISE:TypeError;RAISE:TypeError;RAISE:TypeError;RAISE:TypeError;RAISE:TypeError;RAISE:TypeError;RAISE:TypeError;RAISE:TypeError;UNREPRESENTABLE;RAISE:TypeError;RAISE:TypeError;RAISE:TypeError;RAISE:TypeError;RAISE:TypeError;RAISE:TypeError;RAISE:TypeError;RAISE:TypeError;RAISE:TypeError;RAISE:TypeError;RAISE:TypeError;RAISE:TypeError;RAISE:TypeError;RAISE:TypeError;RAISE:TypeError;UNREPRESENTABLE;RAISE:TypeError;RAISE:TypeError;RAISE:TypeError;RAISE:TypeError;RAISE:TypeError;RAISE:TypeError;RAISE:TypeError;RAISE:TypeError;RAISE:TypeError;RAISE:TypeError;RAISE:TypeError;RAISE:TypeError;RAISE:TypeError;RAISE:TypeError;RAISE:TypeError;UNREPRESENTABLE;RAISE:TypeError;RAISE:TypeError;RAISE:TypeError;RAISE:TypeError;RAISE:TypeError;RAISE:TypeError;RAISE:TypeError;RAISE:TypeError;RAISE:TypeError;RAISE:TypeError;RAISE:TypeError;RAISE:TypeError;RAISE:TypeError;RAISE:TypeError;RAISE:TypeError;UNREPRESENTABLE;RAISE:TypeError;RAISE:TypeError;RAISE:TypeError;RAISE:TypeError;RAISE:TypeError;RAISE:TypeError;RAISE:TypeError;RAISE:TypeError;RAISE:TypeError;RAISE:TypeError;RAISE:TypeError;RAISE:TypeError;RAISE:TypeError;RAISE:TypeError;RAISE:TypeError;UNREPRESENTABLE;RAISE:TypeError;RAISE:TypeError;RAISE:TypeError;RAISE:TypeError;RAISE:TypeError;RAISE:TypeError;RAISE:TypeError;RAISE:TypeError;RAISE:TypeError;RAISE:TypeError;RAISE:TypeError;RAISE:TypeError;RAISE:TypeError;RAISE:TypeError;RAISE:TypeError;UNREPRESENTABLE;RAISE:TypeError;RAISE:TypeError;RAISE:TypeError;RAISE:TypeError;RAISE:TypeError;RAISE:TypeError;RAISE:TypeError;RAISE:TypeError;RAISE:TypeError;RAISE:TypeError;RAISE:TypeError;RAISE:TypeError;RAISE:TypeError;RAISE:TypeError;RAISE:TypeError;UNREPRESENTABLE;RAISE:TypeError;RAISE:TypeError;RAISE:TypeError;RAISE:TypeError;RAISE:TypeError;RAISE:TypeError;RAISE:TypeError;RAISE:TypeError;RAISE:TypeError;RAISE:TypeError;RAISE:TypeError;RAISE:TypeError;RAISE:TypeError;RAISE:TypeError;RAISE:TypeError;UNREPRESENTABLE;RAISE:TypeError;RAISE:TypeError;RAISE:TypeError;RAISE:TypeError;RAISE:TypeError;RAISE:TypeError;RAISE:TypeError;RAISE:TypeError;RAISE:TypeError;RAISE:TypeError;RAISE:TypeError;RAISE:TypeError;RAISE:TypeError;RAISE:TypeError;RAISE:TypeError;UNREPRESENTABLE;RAISE:TypeError;RAISE:TypeError;RAISE:TypeError;RAISE:TypeError;RAISE:TypeError;RAISE:TypeError;RAISE:TypeError;RAISE:TypeError;RAISE:TypeError;RAISE:TypeError;RAISE:TypeError;RAISE:TypeError;RAISE:TypeError;RAISE:TypeError;RAISE:TypeError;UNREPRESENTABLE;RAISE:TypeError;RAISE:TypeError;RAISE:TypeError;RAISE:TypeError;RAISE:TypeError;RAISE:TypeError;RAISE:TypeError;RAISE:TypeError;RAISE:TypeError;RAISE:TypeError;RAISE:TypeError,0,240,16,"fractional/L1/16:-max_finite,-1.5,-1.0,-(1.0-1ulp),-0.0,+0.0,+min_subnormal,+min_normal,1.0-1ulp,1.0,1.0+1ulp,1.5,pi,2^53,max_finite,0.1","fractional/L1/15:-max_finite,-1.5,-1.0,-(1.0-1ulp),+0.0,+min_subnormal,+min_normal,1.0-1ulp,1.0,1.0+1ulp,1.5,pi,2^53,max_finite,0.1"
A14_7_1,1,fractional|truth,Decimal,bool,"fractional/L1/16:-max_finite,-1.5,-1.0,-(1.0-1ulp),-0.0,+0.0,+min_subnormal,+min_normal,1.0-1ulp,1.0,1.0+1ulp,1.5,pi,2^53,max_finite,0.1","truth/L1/6:true,false,0,1,"""",nil",96,RAISE:TypeError;RAISE:TypeError;RAISE:TypeError;RAISE:TypeError;RAISE:TypeError;RAISE:TypeError;RAISE:TypeError;RAISE:TypeError;RAISE:TypeError;RAISE:TypeError;RAISE:TypeError;RAISE:TypeError;RAISE:TypeError;RAISE:TypeError;RAISE:TypeError;RAISE:TypeError;RAISE:TypeError;RAISE:TypeError;RAISE:TypeError;RAISE:TypeError;RAISE:TypeError;RAISE:TypeError;RAISE:TypeError;RAISE:TypeError;RAISE:TypeError;RAISE:TypeError;RAISE:TypeError;RAISE:TypeError;RAISE:TypeError;RAISE:TypeError;RAISE:TypeError;RAISE:TypeError;RAISE:TypeError;RAISE:TypeError;RAISE:TypeError;RAISE:TypeError;RAISE:TypeError;RAISE:TypeError;RAISE:TypeError;RAISE:TypeError;RAISE:TypeError;RAISE:TypeError;RAISE:TypeError;RAISE:TypeError;RAISE:TypeError;RAISE:TypeError;RAISE:TypeError;RAISE:TypeError;RAISE:TypeError;RAISE:TypeError;RAISE:TypeError;RAISE:TypeError;RAISE:TypeError;RAISE:TypeError;RAISE:TypeError;RAISE:TypeError;RAISE:TypeError;RAISE:TypeError;RAISE:TypeError;RAISE:TypeError;RAISE:TypeError;RAISE:TypeError;RAISE:TypeError;RAISE:TypeError;RAISE:TypeError;RAISE:TypeError;RAISE:TypeError;RAISE:TypeError;RAISE:TypeError;RAISE:TypeError;RAISE:TypeError;RAISE:TypeError;RAISE:TypeError;RAISE:TypeError;RAISE:TypeError;RAISE:TypeError;RAISE:TypeError;RAISE:TypeError;RAISE:TypeError;RAISE:TypeError;RAISE:TypeError;RAISE:TypeError;RAISE:TypeError;RAISE:TypeError;RAISE:TypeError;RAISE:TypeError;RAISE:TypeError;RAISE:TypeError;RAISE:TypeError;RAISE:TypeError;RAISE:TypeError;RAISE:TypeError;RAISE:TypeError;RAISE:TypeError;RAISE:TypeError;RAISE:TypeError,0,96,0,"fractional/L1/16:-max_finite,-1.5,-1.0,-(1.0-1ulp),-0.0,+0.0,+min_subnormal,+min_normal,1.0-1ulp,1.0,1.0+1ulp,1.5,pi,2^53,max_finite,0.1","truth/L1/6:true,false,0,1,"""",nil"
A14_7_2,1,fractional|whole,Decimal,int,"fractional/L1/16:-max_finite,-1.5,-1.0,-(1.0-1ulp),-0.0,+0.0,+min_subnormal,+min_normal,1.0-1ulp,1.0,1.0+1ulp,1.5,pi,2^53,max_finite,0.1","whole/L1/17:-2^63,-2^63+1,-2^53-1,-2^31,-42,-1,0,1,7,42,1000,2^31-1,2^31,2^53-1,2^53+1,2^63-1,2^64-1",272,RAISE:TypeError;RAISE:TypeError;RAISE:TypeError;RAISE:TypeError;RAISE:TypeError;RAISE:TypeError;RAISE:TypeError;RAISE:TypeError;RAISE:TypeError;RAISE:TypeError;RAISE:TypeError;RAISE:TypeError;RAISE:TypeError;RAISE:TypeError;RAISE:TypeError;RAISE:TypeError;RAISE:TypeError;RAISE:TypeError;RAISE:TypeError;RAISE:TypeError;RAISE:TypeError;RAISE:TypeError;RAISE:TypeError;RAISE:TypeError;RAISE:TypeError;RAISE:TypeError;RAISE:TypeError;RAISE:TypeError;RAISE:TypeError;RAISE:TypeError;RAISE:TypeError;RAISE:TypeError;RAISE:TypeError;RAISE:TypeError;RAISE:TypeError;RAISE:TypeError;RAISE:TypeError;RAISE:TypeError;RAISE:TypeError;RAISE:TypeError;RAISE:TypeError;RAISE:TypeError;RAISE:TypeError;RAISE:TypeError;RAISE:TypeError;RAISE:TypeError;RAISE:TypeError;RAISE:TypeError;RAISE:TypeError;RAISE:TypeError;RAISE:TypeError;RAISE:TypeError;RAISE:TypeError;RAISE:TypeError;RAISE:TypeError;RAISE:TypeError;RAISE:TypeError;RAISE:TypeError;RAISE:TypeError;RAISE:TypeError;RAISE:TypeError;RAISE:TypeError;RAISE:TypeError;RAISE:TypeError;RAISE:TypeError;RAISE:TypeError;RAISE:TypeError;RAISE:TypeError;RAISE:TypeError;RAISE:TypeError;RAISE:TypeError;RAISE:TypeError;RAISE:TypeError;RAISE:TypeError;RAISE:TypeError;RAISE:TypeError;RAISE:TypeError;RAISE:TypeError;RAISE:TypeError;RAISE:TypeError;RAISE:TypeError;RAISE:TypeError;RAISE:TypeError;RAISE:TypeError;RAISE:TypeError;RAISE:TypeError;RAISE:TypeError;RAISE:TypeError;RAISE:TypeError;RAISE:TypeError;RAISE:TypeError;RAISE:TypeError;RAISE:TypeError;RAISE:TypeError;RAISE:TypeError;RAISE:TypeError;RAISE:TypeError;RAISE:TypeError;RAISE:TypeError;RAISE:TypeError;RAISE:TypeError;RAISE:TypeError;RAISE:TypeError;RAISE:TypeError;RAISE:TypeError;RAISE:TypeError;RAISE:TypeError;RAISE:TypeError;RAISE:TypeError;RAISE:TypeError;RAISE:TypeError;RAISE:TypeError;RAISE:TypeError;RAISE:TypeError;RAISE:TypeError;RAISE:TypeError;RAISE:TypeError;RAISE:TypeError;RAISE:TypeError;RAISE:TypeError;RAISE:TypeError;RAISE:TypeError;RAISE:TypeError;RAISE:TypeError;RAISE:TypeError;RAISE:TypeError;RAISE:TypeError;RAISE:TypeError;RAISE:TypeError;RAISE:TypeError;RAISE:TypeError;RAISE:TypeError;RAISE:TypeError;RAISE:TypeError;RAISE:TypeError;RAISE:TypeError;RAISE:TypeError;RAISE:TypeError;RAISE:TypeError;RAISE:TypeError;RAISE:TypeError;RAISE:TypeError;RAISE:TypeError;RAISE:TypeError;RAISE:TypeError;RAISE:TypeError;RAISE:TypeError;RAISE:TypeError;RAISE:TypeError;RAISE:TypeError;RAISE:TypeError;RAISE:TypeError;RAISE:TypeError;RAISE:TypeError;RAISE:TypeError;RAISE:TypeError;RAISE:TypeError;RAISE:TypeError;RAISE:TypeError;RAISE:TypeError;RAISE:TypeError;RAISE:TypeError;RAISE:TypeError;RAISE:TypeError;RAISE:TypeError;RAISE:TypeError;RAISE:TypeError;RAISE:TypeError;RAISE:TypeError;RAISE:TypeError;RAISE:TypeError;RAISE:TypeError;RAISE:TypeError;RAISE:TypeError;RAISE:TypeError;RAISE:TypeError;RAISE:TypeError;RAISE:TypeError;RAISE:TypeError;RAISE:TypeError;RAISE:TypeError;RAISE:TypeError;RAISE:TypeError;RAISE:TypeError;RAISE:TypeError;RAISE:TypeError;RAISE:TypeError;RAISE:TypeError;RAISE:TypeError;RAISE:TypeError;RAISE:TypeError;RAISE:TypeError;RAISE:TypeError;RAISE:TypeError;RAISE:TypeError;RAISE:TypeError;RAISE:TypeError;RAISE:TypeError;RAISE:TypeError;RAISE:TypeError;RAISE:TypeError;RAISE:TypeError;RAISE:TypeError;RAISE:TypeError;RAISE:TypeError;RAISE:TypeError;RAISE:TypeError;RAISE:TypeError;RAISE:TypeError;RAISE:TypeError;RAISE:TypeError;RAISE:TypeError;RAISE:TypeError;RAISE:TypeError;RAISE:TypeError;RAISE:TypeError;RAISE:TypeError;RAISE:TypeError;RAISE:TypeError;RAISE:TypeError;RAISE:TypeError;RAISE:TypeError;RAISE:TypeError;RAISE:TypeError;RAISE:TypeError;RAISE:TypeError;RAISE:TypeError;RAISE:TypeError;RAISE:TypeError;RAISE:TypeError;RAISE:TypeError;RAISE:TypeError;RAISE:TypeError;RAISE:TypeError;RAISE:TypeError;RAISE:TypeError;RAISE:TypeError;RAISE:TypeError;RAISE:TypeError;RAISE:TypeError;RAISE:TypeError;RAISE:TypeError;RAISE:TypeError;RAISE:TypeError;RAISE:TypeError;RAISE:TypeError;RAISE:TypeError;RAISE:TypeError;RAISE:TypeError;RAISE:TypeError;RAISE:TypeError;RAISE:TypeError;RAISE:TypeError;RAISE:TypeError;RAISE:TypeError;RAISE:TypeError;RAISE:TypeError;RAISE:TypeError;RAISE:TypeError;RAISE:TypeError;RAISE:TypeError;RAISE:TypeError;RAISE:TypeError;RAISE:TypeError;RAISE:TypeError;RAISE:TypeError;RAISE:TypeError;RAISE:TypeError;RAISE:TypeError;RAISE:TypeError;RAISE:TypeError;RAISE:TypeError,0,272,0,"fractional/L1/16:-max_finite,-1.5,-1.0,-(1.0-1ulp),-0.0,+0.0,+min_subnormal,+min_normal,1.0-1ulp,1.0,1.0+1ulp,1.5,pi,2^53,max_finite,0.1","whole/L1/17:-2^63,-2^63+1,-2^53-1,-2^31,-42,-1,0,1,7,42,1000,2^31-1,2^31,2^53-1,2^53+1,2^63-1,2^64-1"
A14_7_3,1,fractional|whole,Decimal,Decimal,"fractional/L1/16:-max_finite,-1.5,-1.0,-(1.0-1ulp),-0.0,+0.0,+min_subnormal,+min_normal,1.0-1ulp,1.0,1.0+1ulp,1.5,pi,2^53,max_finite,0.1","whole/L1/17:-2^63,-2^63+1,-2^53-1,-2^31,-42,-1,0,1,7,42,1000,2^31-1,2^31,2^53-1,2^53+1,2^63-1,2^64-1",272,RAISE:TypeError;RAISE:TypeError;RAISE:TypeError;RAISE:TypeError;RAISE:TypeError;RAISE:TypeError;RAISE:TypeError;RAISE:TypeError;RAISE:TypeError;RAISE:TypeError;RAISE:TypeError;RAISE:TypeError;RAISE:TypeError;RAISE:TypeError;RAISE:TypeError;RAISE:TypeError;RAISE:TypeError;RAISE:TypeError;RAISE:TypeError;RAISE:TypeError;RAISE:TypeError;RAISE:TypeError;RAISE:TypeError;RAISE:TypeError;RAISE:TypeError;RAISE:TypeError;RAISE:TypeError;RAISE:TypeError;RAISE:TypeError;RAISE:TypeError;RAISE:TypeError;RAISE:TypeError;RAISE:TypeError;RAISE:TypeError;RAISE:TypeError;RAISE:TypeError;RAISE:TypeError;RAISE:TypeError;RAISE:TypeError;RAISE:TypeError;RAISE:TypeError;RAISE:TypeError;RAISE:TypeError;RAISE:TypeError;RAISE:TypeError;RAISE:TypeError;RAISE:TypeError;RAISE:TypeError;RAISE:TypeError;RAISE:TypeError;RAISE:TypeError;RAISE:TypeError;RAISE:TypeError;RAISE:TypeError;RAISE:TypeError;RAISE:TypeError;RAISE:TypeError;RAISE:TypeError;RAISE:TypeError;RAISE:TypeError;RAISE:TypeError;RAISE:TypeError;RAISE:TypeError;RAISE:TypeError;RAISE:TypeError;RAISE:TypeError;RAISE:TypeError;RAISE:TypeError;RAISE:TypeError;RAISE:TypeError;RAISE:TypeError;RAISE:TypeError;RAISE:TypeError;RAISE:TypeError;RAISE:TypeError;RAISE:TypeError;RAISE:TypeError;RAISE:TypeError;RAISE:TypeError;RAISE:TypeError;RAISE:TypeError;RAISE:TypeError;RAISE:TypeError;RAISE:TypeError;RAISE:TypeError;RAISE:TypeError;RAISE:TypeError;RAISE:TypeError;RAISE:TypeError;RAISE:TypeError;RAISE:TypeError;RAISE:TypeError;RAISE:TypeError;RAISE:TypeError;RAISE:TypeError;RAISE:TypeError;RAISE:TypeError;RAISE:TypeError;RAISE:TypeError;RAISE:TypeError;RAISE:TypeError;RAISE:TypeError;RAISE:TypeError;RAISE:TypeError;RAISE:TypeError;RAISE:TypeError;RAISE:TypeError;RAISE:TypeError;RAISE:TypeError;RAISE:TypeError;RAISE:TypeError;RAISE:TypeError;RAISE:TypeError;RAISE:TypeError;RAISE:TypeError;RAISE:TypeError;RAISE:TypeError;RAISE:TypeError;RAISE:TypeError;RAISE:TypeError;RAISE:TypeError;RAISE:TypeError;RAISE:TypeError;RAISE:TypeError;RAISE:TypeError;RAISE:TypeError;RAISE:TypeError;RAISE:TypeError;RAISE:TypeError;RAISE:TypeError;RAISE:TypeError;RAISE:TypeError;RAISE:TypeError;RAISE:TypeError;RAISE:TypeError;RAISE:TypeError;RAISE:TypeError;RAISE:TypeError;RAISE:TypeError;RAISE:TypeError;RAISE:TypeError;RAISE:TypeError;RAISE:TypeError;RAISE:TypeError;RAISE:TypeError;RAISE:TypeError;RAISE:TypeError;RAISE:TypeError;RAISE:TypeError;RAISE:TypeError;RAISE:TypeError;RAISE:TypeError;RAISE:TypeError;RAISE:TypeError;RAISE:TypeError;RAISE:TypeError;RAISE:TypeError;RAISE:TypeError;RAISE:TypeError;RAISE:TypeError;RAISE:TypeError;RAISE:TypeError;RAISE:TypeError;RAISE:TypeError;RAISE:TypeError;RAISE:TypeError;RAISE:TypeError;RAISE:TypeError;RAISE:TypeError;RAISE:TypeError;RAISE:TypeError;RAISE:TypeError;RAISE:TypeError;RAISE:TypeError;RAISE:TypeError;RAISE:TypeError;RAISE:TypeError;RAISE:TypeError;RAISE:TypeError;RAISE:TypeError;RAISE:TypeError;RAISE:TypeError;RAISE:TypeError;RAISE:TypeError;RAISE:TypeError;RAISE:TypeError;RAISE:TypeError;RAISE:TypeError;RAISE:TypeError;RAISE:TypeError;RAISE:TypeError;RAISE:TypeError;RAISE:TypeError;RAISE:TypeError;RAISE:TypeError;RAISE:TypeError;RAISE:TypeError;RAISE:TypeError;RAISE:TypeError;RAISE:TypeError;RAISE:TypeError;RAISE:TypeError;RAISE:TypeError;RAISE:TypeError;RAISE:TypeError;RAISE:TypeError;RAISE:TypeError;RAISE:TypeError;RAISE:TypeError;RAISE:TypeError;RAISE:TypeError;RAISE:TypeError;RAISE:TypeError;RAISE:TypeError;RAISE:TypeError;RAISE:TypeError;RAISE:TypeError;RAISE:TypeError;RAISE:TypeError;RAISE:TypeError;RAISE:TypeError;RAISE:TypeError;RAISE:TypeError;RAISE:TypeError;RAISE:TypeError;RAISE:TypeError;RAISE:TypeError;RAISE:TypeError;RAISE:TypeError;RAISE:TypeError;RAISE:TypeError;RAISE:TypeError;RAISE:TypeError;RAISE:TypeError;RAISE:TypeError;RAISE:TypeError;RAISE:TypeError;RAISE:TypeError;RAISE:TypeError;RAISE:TypeError;RAISE:TypeError;RAISE:TypeError;RAISE:TypeError;RAISE:TypeError;RAISE:TypeError;RAISE:TypeError;RAISE:TypeError;RAISE:TypeError;RAISE:TypeError;RAISE:TypeError;RAISE:TypeError;RAISE:TypeError;RAISE:TypeError;RAISE:TypeError;RAISE:TypeError;RAISE:TypeError;RAISE:TypeError;RAISE:TypeError;RAISE:TypeError;RAISE:TypeError;RAISE:TypeError;RAISE:TypeError;RAISE:TypeError;RAISE:TypeError;RAISE:TypeError;RAISE:TypeError;RAISE:TypeError;RAISE:TypeError;RAISE:TypeError;RAISE:TypeError;RAISE:TypeError;RAISE:TypeError,0,272,0,"fractional/L1/16:-max_finite,-1.5,-1.0,-(1.0-1ulp),-0.0,+0.0,+min_subnormal,+min_normal,1.0-1ulp,1.0,1.0+1ulp,1.5,pi,2^53,max_finite,0.1","whole/L1/17:-2^63,-2^63+1,-2^53-1,-2^31,-42,-1,0,1,7,42,1000,2^31-1,2^31,2^53-1,2^53+1,2^63-1,2^64-1"
A14_7_4,1,fractional|whole,Decimal,Fraction,"fractional/L1/16:-max_finite,-1.5,-1.0,-(1.0-1ulp),-0.0,+0.0,+min_subnormal,+min_normal,1.0-1ulp,1.0,1.0+1ulp,1.5,pi,2^53,max_finite,0.1","whole/L1/17:-2^63,-2^63+1,-2^53-1,-2^31,-42,-1,0,1,7,42,1000,2^31-1,2^31,2^53-1,2^53+1,2^63-1,2^64-1",272,RAISE:TypeError;RAISE:TypeError;RAISE:TypeError;RAISE:TypeError;RAISE:TypeError;RAISE:TypeError;RAISE:TypeError;RAISE:TypeError;RAISE:TypeError;RAISE:TypeError;RAISE:TypeError;RAISE:TypeError;RAISE:TypeError;RAISE:TypeError;RAISE:TypeError;RAISE:TypeError;RAISE:TypeError;RAISE:TypeError;RAISE:TypeError;RAISE:TypeError;RAISE:TypeError;RAISE:TypeError;RAISE:TypeError;RAISE:TypeError;RAISE:TypeError;RAISE:TypeError;RAISE:TypeError;RAISE:TypeError;RAISE:TypeError;RAISE:TypeError;RAISE:TypeError;RAISE:TypeError;RAISE:TypeError;RAISE:TypeError;RAISE:TypeError;RAISE:TypeError;RAISE:TypeError;RAISE:TypeError;RAISE:TypeError;RAISE:TypeError;RAISE:TypeError;RAISE:TypeError;RAISE:TypeError;RAISE:TypeError;RAISE:TypeError;RAISE:TypeError;RAISE:TypeError;RAISE:TypeError;RAISE:TypeError;RAISE:TypeError;RAISE:TypeError;RAISE:TypeError;RAISE:TypeError;RAISE:TypeError;RAISE:TypeError;RAISE:TypeError;RAISE:TypeError;RAISE:TypeError;RAISE:TypeError;RAISE:TypeError;RAISE:TypeError;RAISE:TypeError;RAISE:TypeError;RAISE:TypeError;RAISE:TypeError;RAISE:TypeError;RAISE:TypeError;RAISE:TypeError;RAISE:TypeError;RAISE:TypeError;RAISE:TypeError;RAISE:TypeError;RAISE:TypeError;RAISE:TypeError;RAISE:TypeError;RAISE:TypeError;RAISE:TypeError;RAISE:TypeError;RAISE:TypeError;RAISE:TypeError;RAISE:TypeError;RAISE:TypeError;RAISE:TypeError;RAISE:TypeError;RAISE:TypeError;RAISE:TypeError;RAISE:TypeError;RAISE:TypeError;RAISE:TypeError;RAISE:TypeError;RAISE:TypeError;RAISE:TypeError;RAISE:TypeError;RAISE:TypeError;RAISE:TypeError;RAISE:TypeError;RAISE:TypeError;RAISE:TypeError;RAISE:TypeError;RAISE:TypeError;RAISE:TypeError;RAISE:TypeError;RAISE:TypeError;RAISE:TypeError;RAISE:TypeError;RAISE:TypeError;RAISE:TypeError;RAISE:TypeError;RAISE:TypeError;RAISE:TypeError;RAISE:TypeError;RAISE:TypeError;RAISE:TypeError;RAISE:TypeError;RAISE:TypeError;RAISE:TypeError;RAISE:TypeError;RAISE:TypeError;RAISE:TypeError;RAISE:TypeError;RAISE:TypeError;RAISE:TypeError;RAISE:TypeError;RAISE:TypeError;RAISE:TypeError;RAISE:TypeError;RAISE:TypeError;RAISE:TypeError;RAISE:TypeError;RAISE:TypeError;RAISE:TypeError;RAISE:TypeError;RAISE:TypeError;RAISE:TypeError;RAISE:TypeError;RAISE:TypeError;RAISE:TypeError;RAISE:TypeError;RAISE:TypeError;RAISE:TypeError;RAISE:TypeError;RAISE:TypeError;RAISE:TypeError;RAISE:TypeError;RAISE:TypeError;RAISE:TypeError;RAISE:TypeError;RAISE:TypeError;RAISE:TypeError;RAISE:TypeError;RAISE:TypeError;RAISE:TypeError;RAISE:TypeError;RAISE:TypeError;RAISE:TypeError;RAISE:TypeError;RAISE:TypeError;RAISE:TypeError;RAISE:TypeError;RAISE:TypeError;RAISE:TypeError;RAISE:TypeError;RAISE:TypeError;RAISE:TypeError;RAISE:TypeError;RAISE:TypeError;RAISE:TypeError;RAISE:TypeError;RAISE:TypeError;RAISE:TypeError;RAISE:TypeError;RAISE:TypeError;RAISE:TypeError;RAISE:TypeError;RAISE:TypeError;RAISE:TypeError;RAISE:TypeError;RAISE:TypeError;RAISE:TypeError;RAISE:TypeError;RAISE:TypeError;RAISE:TypeError;RAISE:TypeError;RAISE:TypeError;RAISE:TypeError;RAISE:TypeError;RAISE:TypeError;RAISE:TypeError;RAISE:TypeError;RAISE:TypeError;RAISE:TypeError;RAISE:TypeError;RAISE:TypeError;RAISE:TypeError;RAISE:TypeError;RAISE:TypeError;RAISE:TypeError;RAISE:TypeError;RAISE:TypeError;RAISE:TypeError;RAISE:TypeError;RAISE:TypeError;RAISE:TypeError;RAISE:TypeError;RAISE:TypeError;RAISE:TypeError;RAISE:TypeError;RAISE:TypeError;RAISE:TypeError;RAISE:TypeError;RAISE:TypeError;RAISE:TypeError;RAISE:TypeError;RAISE:TypeError;RAISE:TypeError;RAISE:TypeError;RAISE:TypeError;RAISE:TypeError;RAISE:TypeError;RAISE:TypeError;RAISE:TypeError;RAISE:TypeError;RAISE:TypeError;RAISE:TypeError;RAISE:TypeError;RAISE:TypeError;RAISE:TypeError;RAISE:TypeError;RAISE:TypeError;RAISE:TypeError;RAISE:TypeError;RAISE:TypeError;RAISE:TypeError;RAISE:TypeError;RAISE:TypeError;RAISE:TypeError;RAISE:TypeError;RAISE:TypeError;RAISE:TypeError;RAISE:TypeError;RAISE:TypeError;RAISE:TypeError;RAISE:TypeError;RAISE:TypeError;RAISE:TypeError;RAISE:TypeError;RAISE:TypeError;RAISE:TypeError;RAISE:TypeError;RAISE:TypeError;RAISE:TypeError;RAISE:TypeError;RAISE:TypeError;RAISE:TypeError;RAISE:TypeError;RAISE:TypeError;RAISE:TypeError;RAISE:TypeError;RAISE:TypeError;RAISE:TypeError;RAISE:TypeError;RAISE:TypeError;RAISE:TypeError;RAISE:TypeError;RAISE:TypeError;RAISE:TypeError;RAISE:TypeError;RAISE:TypeError;RAISE:TypeError;RAISE:TypeError;RAISE:TypeError;RAISE:TypeError,0,272,0,"fractional/L1/16:-max_finite,-1.5,-1.0,-(1.0-1ulp),-0.0,+0.0,+min_subnormal,+min_normal,1.0-1ulp,1.0,1.0+1ulp,1.5,pi,2^53,max_finite,0.1","whole/L1/17:-2^63,-2^63+1,-2^53-1,-2^31,-42,-1,0,1,7,42,1000,2^31-1,2^31,2^53-1,2^53+1,2^63-1,2^64-1"
A14_7_5,1,fractional|whole,Decimal,c_int64,"fractional/L1/16:-max_finite,-1.5,-1.0,-(1.0-1ulp),-0.0,+0.0,+min_subnormal,+min_normal,1.0-1ulp,1.0,1.0+1ulp,1.5,pi,2^53,max_finite,0.1","whole/L1/17:-2^63,-2^63+1,-2^53-1,-2^31,-42,-1,0,1,7,42,1000,2^31-1,2^31,2^53-1,2^53+1,2^63-1,2^64-1",272,RAISE:TypeError;RAISE:TypeError;RAISE:TypeError;RAISE:TypeError;RAISE:TypeError;RAISE:TypeError;RAISE:TypeError;RAISE:TypeError;RAISE:TypeError;RAISE:TypeError;RAISE:TypeError;RAISE:TypeError;RAISE:TypeError;RAISE:TypeError;RAISE:TypeError;RAISE:TypeError;UNREPRESENTABLE;RAISE:TypeError;RAISE:TypeError;RAISE:TypeError;RAISE:TypeError;RAISE:TypeError;RAISE:TypeError;RAISE:TypeError;RAISE:TypeError;RAISE:TypeError;RAISE:TypeError;RAISE:TypeError;RAISE:TypeError;RAISE:TypeError;RAISE:TypeError;RAISE:TypeError;RAISE:TypeError;UNREPRESENTABLE;RAISE:TypeError;RAISE:TypeError;RAISE:TypeError;RAISE:TypeError;RAISE:TypeError;RAISE:TypeError;RAISE:TypeError;RAISE:TypeError;RAISE:TypeError;RAISE:TypeError;RAISE:TypeError;RAISE:TypeError;RAISE:TypeError;RAISE:TypeError;RAISE:TypeError;RAISE:TypeError;UNREPRESENTABLE;RAISE:TypeError;RAISE:TypeError;RAISE:TypeError;RAISE:TypeError;RAISE:TypeError;RAISE:TypeError;RAISE:TypeError;RAISE:TypeError;RAISE:TypeError;RAISE:TypeError;RAISE:TypeError;RAISE:TypeError;RAISE:TypeError;RAISE:TypeError;RAISE:TypeError;RAISE:TypeError;UNREPRESENTABLE;RAISE:TypeError;RAISE:TypeError;RAISE:TypeError;RAISE:TypeError;RAISE:TypeError;RAISE:TypeError;RAISE:TypeError;RAISE:TypeError;RAISE:TypeError;RAISE:TypeError;RAISE:TypeError;RAISE:TypeError;RAISE:TypeError;RAISE:TypeError;RAISE:TypeError;RAISE:TypeError;UNREPRESENTABLE;RAISE:TypeError;RAISE:TypeError;RAISE:TypeError;RAISE:TypeError;RAISE:TypeError;RAISE:TypeError;RAISE:TypeError;RAISE:TypeError;RAISE:TypeError;RAISE:TypeError;RAISE:TypeError;RAISE:TypeError;RAISE:TypeError;RAISE:TypeError;RAISE:TypeError;RAISE:TypeError;UNREPRESENTABLE;RAISE:TypeError;RAISE:TypeError;RAISE:TypeError;RAISE:TypeError;RAISE:TypeError;RAISE:TypeError;RAISE:TypeError;RAISE:TypeError;RAISE:TypeError;RAISE:TypeError;RAISE:TypeError;RAISE:TypeError;RAISE:TypeError;RAISE:TypeError;RAISE:TypeError;RAISE:TypeError;UNREPRESENTABLE;RAISE:TypeError;RAISE:TypeError;RAISE:TypeError;RAISE:TypeError;RAISE:TypeError;RAISE:TypeError;RAISE:TypeError;RAISE:TypeError;RAISE:TypeError;RAISE:TypeError;RAISE:TypeError;RAISE:TypeError;RAISE:TypeError;RAISE:TypeError;RAISE:TypeError;RAISE:TypeError;UNREPRESENTABLE;RAISE:TypeError;RAISE:TypeError;RAISE:TypeError;RAISE:TypeError;RAISE:TypeError;RAISE:TypeError;RAISE:TypeError;RAISE:TypeError;RAISE:TypeError;RAISE:TypeError;RAISE:TypeError;RAISE:TypeError;RAISE:TypeError;RAISE:TypeError;RAISE:TypeError;RAISE:TypeError;UNREPRESENTABLE;RAISE:TypeError;RAISE:TypeError;RAISE:TypeError;RAISE:TypeError;RAISE:TypeError;RAISE:TypeError;RAISE:TypeError;RAISE:TypeError;RAISE:TypeError;RAISE:TypeError;RAISE:TypeError;RAISE:TypeError;RAISE:TypeError;RAISE:TypeError;RAISE:TypeError;RAISE:TypeError;UNREPRESENTABLE;RAISE:TypeError;RAISE:TypeError;RAISE:TypeError;RAISE:TypeError;RAISE:TypeError;RAISE:TypeError;RAISE:TypeError;RAISE:TypeError;RAISE:TypeError;RAISE:TypeError;RAISE:TypeError;RAISE:TypeError;RAISE:TypeError;RAISE:TypeError;RAISE:TypeError;RAISE:TypeError;UNREPRESENTABLE;RAISE:TypeError;RAISE:TypeError;RAISE:TypeError;RAISE:TypeError;RAISE:TypeError;RAISE:TypeError;RAISE:TypeError;RAISE:TypeError;RAISE:TypeError;RAISE:TypeError;RAISE:TypeError;RAISE:TypeError;RAISE:TypeError;RAISE:TypeError;RAISE:TypeError;RAISE:TypeError;UNREPRESENTABLE;RAISE:TypeError;RAISE:TypeError;RAISE:TypeError;RAISE:TypeError;RAISE:TypeError;RAISE:TypeError;RAISE:TypeError;RAISE:TypeError;RAISE:TypeError;RAISE:TypeError;RAISE:TypeError;RAISE:TypeError;RAISE:TypeError;RAISE:TypeError;RAISE:TypeError;RAISE:TypeError;UNREPRESENTABLE;RAISE:TypeError;RAISE:TypeError;RAISE:TypeError;RAISE:TypeError;RAISE:TypeError;RAISE:TypeError;RAISE:TypeError;RAISE:TypeError;RAISE:TypeError;RAISE:TypeError;RAISE:TypeError;RAISE:TypeError;RAISE:TypeError;RAISE:TypeError;RAISE:TypeError;RAISE:TypeError;UNREPRESENTABLE;RAISE:TypeError;RAISE:TypeError;RAISE:TypeError;RAISE:TypeError;RAISE:TypeError;RAISE:TypeError;RAISE:TypeError;RAISE:TypeError;RAISE:TypeError;RAISE:TypeError;RAISE:TypeError;RAISE:TypeError;RAISE:TypeError;RAISE:TypeError;RAISE:TypeError;RAISE:TypeError;UNREPRESENTABLE;RAISE:TypeError;RAISE:TypeError;RAISE:TypeError;RAISE:TypeError;RAISE:TypeError;RAISE:TypeError;RAISE:TypeError;RAISE:TypeError;RAISE:TypeError;RAISE:TypeError;RAISE:TypeError;RAISE:TypeError;RAISE:TypeError;RAISE:TypeError;RAISE:TypeError;RAISE:TypeError;UNREPRESENTABLE,0,256,16,"fractional/L1/16:-max_finite,-1.5,-1.0,-(1.0-1ulp),-0.0,+0.0,+min_subnormal,+min_normal,1.0-1ulp,1.0,1.0+1ulp,1.5,pi,2^53,max_finite,0.1","whole/L1/16:-2^63,-2^63+1,-2^53-1,-2^31,-42,-1,0,1,7,42,1000,2^31-1,2^31,2^53-1,2^53+1,2^63-1"
A14_7_6,1,fractional|fractional,Decimal,float,"fractional/L1/16:-max_finite,-1.5,-1.0,-(1.0-1ulp),-0.0,+0.0,+min_subnormal,+min_normal,1.0-1ulp,1.0,1.0+1ulp,1.5,pi,2^53,max_finite,0.1","fractional/L1/16:-max_finite,-1.5,-1.0,-(1.0-1ulp),-0.0,+0.0,+min_subnormal,+min_normal,1.0-1ulp,1.0,1.0+1ulp,1.5,pi,2^53,max_finite,0.1",256,RAISE:TypeError;RAISE:TypeError;RAISE:TypeError;RAISE:TypeError;RAISE:TypeError;RAISE:TypeError;RAISE:TypeError;RAISE:TypeError;RAISE:TypeError;RAISE:TypeError;RAISE:TypeError;RAISE:TypeError;RAISE:TypeError;RAISE:TypeError;RAISE:TypeError;RAISE:TypeError;RAISE:TypeError;RAISE:TypeError;RAISE:TypeError;RAISE:TypeError;RAISE:TypeError;RAISE:TypeError;RAISE:TypeError;RAISE:TypeError;RAISE:TypeError;RAISE:TypeError;RAISE:TypeError;RAISE:TypeError;RAISE:TypeError;RAISE:TypeError;RAISE:TypeError;RAISE:TypeError;RAISE:TypeError;RAISE:TypeError;RAISE:TypeError;RAISE:TypeError;RAISE:TypeError;RAISE:TypeError;RAISE:TypeError;RAISE:TypeError;RAISE:TypeError;RAISE:TypeError;RAISE:TypeError;RAISE:TypeError;RAISE:TypeError;RAISE:TypeError;RAISE:TypeError;RAISE:TypeError;RAISE:TypeError;RAISE:TypeError;RAISE:TypeError;RAISE:TypeError;RAISE:TypeError;RAISE:TypeError;RAISE:TypeError;RAISE:TypeError;RAISE:TypeError;RAISE:TypeError;RAISE:TypeError;RAISE:TypeError;RAISE:TypeError;RAISE:TypeError;RAISE:TypeError;RAISE:TypeError;RAISE:TypeError;RAISE:TypeError;RAISE:TypeError;RAISE:TypeError;RAISE:TypeError;RAISE:TypeError;RAISE:TypeError;RAISE:TypeError;RAISE:TypeError;RAISE:TypeError;RAISE:TypeError;RAISE:TypeError;RAISE:TypeError;RAISE:TypeError;RAISE:TypeError;RAISE:TypeError;RAISE:TypeError;RAISE:TypeError;RAISE:TypeError;RAISE:TypeError;RAISE:TypeError;RAISE:TypeError;RAISE:TypeError;RAISE:TypeError;RAISE:TypeError;RAISE:TypeError;RAISE:TypeError;RAISE:TypeError;RAISE:TypeError;RAISE:TypeError;RAISE:TypeError;RAISE:TypeError;RAISE:TypeError;RAISE:TypeError;RAISE:TypeError;RAISE:TypeError;RAISE:TypeError;RAISE:TypeError;RAISE:TypeError;RAISE:TypeError;RAISE:TypeError;RAISE:TypeError;RAISE:TypeError;RAISE:TypeError;RAISE:TypeError;RAISE:TypeError;RAISE:TypeError;RAISE:TypeError;RAISE:TypeError;RAISE:TypeError;RAISE:TypeError;RAISE:TypeError;RAISE:TypeError;RAISE:TypeError;RAISE:TypeError;RAISE:TypeError;RAISE:TypeError;RAISE:TypeError;RAISE:TypeError;RAISE:TypeError;RAISE:TypeError;RAISE:TypeError;RAISE:TypeError;RAISE:TypeError;RAISE:TypeError;RAISE:TypeError;RAISE:TypeError;RAISE:TypeError;RAISE:TypeError;RAISE:TypeError;RAISE:TypeError;RAISE:TypeError;RAISE:TypeError;RAISE:TypeError;RAISE:TypeError;RAISE:TypeError;RAISE:TypeError;RAISE:TypeError;RAISE:TypeError;RAISE:TypeError;RAISE:TypeError;RAISE:TypeError;RAISE:TypeError;RAISE:TypeError;RAISE:TypeError;RAISE:TypeError;RAISE:TypeError;RAISE:TypeError;RAISE:TypeError;RAISE:TypeError;RAISE:TypeError;RAISE:TypeError;RAISE:TypeError;RAISE:TypeError;RAISE:TypeError;RAISE:TypeError;RAISE:TypeError;RAISE:TypeError;RAISE:TypeError;RAISE:TypeError;RAISE:TypeError;RAISE:TypeError;RAISE:TypeError;RAISE:TypeError;RAISE:TypeError;RAISE:TypeError;RAISE:TypeError;RAISE:TypeError;RAISE:TypeError;RAISE:TypeError;RAISE:TypeError;RAISE:TypeError;RAISE:TypeError;RAISE:TypeError;RAISE:TypeError;RAISE:TypeError;RAISE:TypeError;RAISE:TypeError;RAISE:TypeError;RAISE:TypeError;RAISE:TypeError;RAISE:TypeError;RAISE:TypeError;RAISE:TypeError;RAISE:TypeError;RAISE:TypeError;RAISE:TypeError;RAISE:TypeError;RAISE:TypeError;RAISE:TypeError;RAISE:TypeError;RAISE:TypeError;RAISE:TypeError;RAISE:TypeError;RAISE:TypeError;RAISE:TypeError;RAISE:TypeError;RAISE:TypeError;RAISE:TypeError;RAISE:TypeError;RAISE:TypeError;RAISE:TypeError;RAISE:TypeError;RAISE:TypeError;RAISE:TypeError;RAISE:TypeError;RAISE:TypeError;RAISE:TypeError;RAISE:TypeError;RAISE:TypeError;RAISE:TypeError;RAISE:TypeError;RAISE:TypeError;RAISE:TypeError;RAISE:TypeError;RAISE:TypeError;RAISE:TypeError;RAISE:TypeError;RAISE:TypeError;RAISE:TypeError;RAISE:TypeError;RAISE:TypeError;RAISE:TypeError;RAISE:TypeError;RAISE:TypeError;RAISE:TypeError;RAISE:TypeError;RAISE:TypeError;RAISE:TypeError;RAISE:TypeError;RAISE:TypeError;RAISE:TypeError;RAISE:TypeError;RAISE:TypeError;RAISE:TypeError;RAISE:TypeError;RAISE:TypeError;RAISE:TypeError;RAISE:TypeError;RAISE:TypeError;RAISE:TypeError;RAISE:TypeError;RAISE:TypeError;RAISE:TypeError;RAISE:TypeError;RAISE:TypeError;RAISE:TypeError;RAISE:TypeError;RAISE:TypeError;RAISE:TypeError;RAISE:TypeError;RAISE:TypeError,0,256,0,"fractional/L1/16:-max_finite,-1.5,-1.0,-(1.0-1ulp),-0.0,+0.0,+min_subnormal,+min_normal,1.0-1ulp,1.0,1.0+1ulp,1.5,pi,2^53,max_finite,0.1","fractional/L1/16:-max_finite,-1.5,-1.0,-(1.0-1ulp),-0.0,+0.0,+min_subnormal,+min_normal,1.0-1ulp,1.0,1.0+1ulp,1.5,pi,2^53,max_finite,0.1"
A14_7_7,1,fractional|fractional,Decimal,Decimal,"fractional/L1/16:-max_finite,-1.5,-1.0,-(1.0-1ulp),-0.0,+0.0,+min_subnormal,+min_normal,1.0-1ulp,1.0,1.0+1ulp,1.5,pi,2^53,max_finite,0.1","fractional/L1/16:-max_finite,-1.5,-1.0,-(1.0-1ulp),-0.0,+0.0,+min_subnormal,+min_normal,1.0-1ulp,1.0,1.0+1ulp,1.5,pi,2^53,max_finite,0.1",256,RAISE:TypeError;RAISE:TypeError;RAISE:TypeError;RAISE:TypeError;RAISE:TypeError;RAISE:TypeError;RAISE:TypeError;RAISE:TypeError;RAISE:TypeError;RAISE:TypeError;RAISE:TypeError;RAISE:TypeError;RAISE:TypeError;RAISE:TypeError;RAISE:TypeError;RAISE:TypeError;RAISE:TypeError;RAISE:TypeError;RAISE:TypeError;RAISE:TypeError;RAISE:TypeError;RAISE:TypeError;RAISE:TypeError;RAISE:TypeError;RAISE:TypeError;RAISE:TypeError;RAISE:TypeError;RAISE:TypeError;RAISE:TypeError;RAISE:TypeError;RAISE:TypeError;RAISE:TypeError;RAISE:TypeError;RAISE:TypeError;RAISE:TypeError;RAISE:TypeError;RAISE:TypeError;RAISE:TypeError;RAISE:TypeError;RAISE:TypeError;RAISE:TypeError;RAISE:TypeError;RAISE:TypeError;RAISE:TypeError;RAISE:TypeError;RAISE:TypeError;RAISE:TypeError;RAISE:TypeError;RAISE:TypeError;RAISE:TypeError;RAISE:TypeError;RAISE:TypeError;RAISE:TypeError;RAISE:TypeError;RAISE:TypeError;RAISE:TypeError;RAISE:TypeError;RAISE:TypeError;RAISE:TypeError;RAISE:TypeError;RAISE:TypeError;RAISE:TypeError;RAISE:TypeError;RAISE:TypeError;RAISE:TypeError;RAISE:TypeError;RAISE:TypeError;RAISE:TypeError;RAISE:TypeError;RAISE:TypeError;RAISE:TypeError;RAISE:TypeError;RAISE:TypeError;RAISE:TypeError;RAISE:TypeError;RAISE:TypeError;RAISE:TypeError;RAISE:TypeError;RAISE:TypeError;RAISE:TypeError;RAISE:TypeError;RAISE:TypeError;RAISE:TypeError;RAISE:TypeError;RAISE:TypeError;RAISE:TypeError;RAISE:TypeError;RAISE:TypeError;RAISE:TypeError;RAISE:TypeError;RAISE:TypeError;RAISE:TypeError;RAISE:TypeError;RAISE:TypeError;RAISE:TypeError;RAISE:TypeError;RAISE:TypeError;RAISE:TypeError;RAISE:TypeError;RAISE:TypeError;RAISE:TypeError;RAISE:TypeError;RAISE:TypeError;RAISE:TypeError;RAISE:TypeError;RAISE:TypeError;RAISE:TypeError;RAISE:TypeError;RAISE:TypeError;RAISE:TypeError;RAISE:TypeError;RAISE:TypeError;RAISE:TypeError;RAISE:TypeError;RAISE:TypeError;RAISE:TypeError;RAISE:TypeError;RAISE:TypeError;RAISE:TypeError;RAISE:TypeError;RAISE:TypeError;RAISE:TypeError;RAISE:TypeError;RAISE:TypeError;RAISE:TypeError;RAISE:TypeError;RAISE:TypeError;RAISE:TypeError;RAISE:TypeError;RAISE:TypeError;RAISE:TypeError;RAISE:TypeError;RAISE:TypeError;RAISE:TypeError;RAISE:TypeError;RAISE:TypeError;RAISE:TypeError;RAISE:TypeError;RAISE:TypeError;RAISE:TypeError;RAISE:TypeError;RAISE:TypeError;RAISE:TypeError;RAISE:TypeError;RAISE:TypeError;RAISE:TypeError;RAISE:TypeError;RAISE:TypeError;RAISE:TypeError;RAISE:TypeError;RAISE:TypeError;RAISE:TypeError;RAISE:TypeError;RAISE:TypeError;RAISE:TypeError;RAISE:TypeError;RAISE:TypeError;RAISE:TypeError;RAISE:TypeError;RAISE:TypeError;RAISE:TypeError;RAISE:TypeError;RAISE:TypeError;RAISE:TypeError;RAISE:TypeError;RAISE:TypeError;RAISE:TypeError;RAISE:TypeError;RAISE:TypeError;RAISE:TypeError;RAISE:TypeError;RAISE:TypeError;RAISE:TypeError;RAISE:TypeError;RAISE:TypeError;RAISE:TypeError;RAISE:TypeError;RAISE:TypeError;RAISE:TypeError;RAISE:TypeError;RAISE:TypeError;RAISE:TypeError;RAISE:TypeError;RAISE:TypeError;RAISE:TypeError;RAISE:TypeError;RAISE:TypeError;RAISE:TypeError;RAISE:TypeError;RAISE:TypeError;RAISE:TypeError;RAISE:TypeError;RAISE:TypeError;RAISE:TypeError;RAISE:TypeError;RAISE:TypeError;RAISE:TypeError;RAISE:TypeError;RAISE:TypeError;RAISE:TypeError;RAISE:TypeError;RAISE:TypeError;RAISE:TypeError;RAISE:TypeError;RAISE:TypeError;RAISE:TypeError;RAISE:TypeError;RAISE:TypeError;RAISE:TypeError;RAISE:TypeError;RAISE:TypeError;RAISE:TypeError;RAISE:TypeError;RAISE:TypeError;RAISE:TypeError;RAISE:TypeError;RAISE:TypeError;RAISE:TypeError;RAISE:TypeError;RAISE:TypeError;RAISE:TypeError;RAISE:TypeError;RAISE:TypeError;RAISE:TypeError;RAISE:TypeError;RAISE:TypeError;RAISE:TypeError;RAISE:TypeError;RAISE:TypeError;RAISE:TypeError;RAISE:TypeError;RAISE:TypeError;RAISE:TypeError;RAISE:TypeError;RAISE:TypeError;RAISE:TypeError;RAISE:TypeError;RAISE:TypeError;RAISE:TypeError;RAISE:TypeError;RAISE:TypeError;RAISE:TypeError;RAISE:TypeError;RAISE:TypeError;RAISE:TypeError;RAISE:TypeError;RAISE:TypeError;RAISE:TypeError;RAISE:TypeError;RAISE:TypeError;RAISE:TypeError;RAISE:TypeError;RAISE:TypeError;RAISE:TypeError;RAISE:TypeError;RAISE:TypeError,0,256,0,"fractional/L1/16:-max_finite,-1.5,-1.0,-(1.0-1ulp),-0.0,+0.0,+min_subnormal,+min_normal,1.0-1ulp,1.0,1.0+1ulp,1.5,pi,2^53,max_finite,0.1","fractional/L1/16:-max_finite,-1.5,-1.0,-(1.0-1ulp),-0.0,+0.0,+min_subnormal,+min_normal,1.0-1ulp,1.0,1.0+1ulp,1.5,pi,2^53,max_finite,0.1"
A14_7_8,1,fractional|fractional,Decimal,Fraction,"fractional/L1/16:-max_finite,-1.5,-1.0,-(1.0-1ulp),-0.0,+0.0,+min_subnormal,+min_normal,1.0-1ulp,1.0,1.0+1ulp,1.5,pi,2^53,max_finite,0.1","fractional/L1/16:-max_finite,-1.5,-1.0,-(1.0-1ulp),-0.0,+0.0,+min_subnormal,+min_normal,1.0-1ulp,1.0,1.0+1ulp,1.5,pi,2^53,max_finite,0.1",256,RAISE:TypeError;RAISE:TypeError;RAISE:TypeError;RAISE:TypeError;UNREPRESENTABLE;RAISE:TypeError;RAISE:TypeError;RAISE:TypeError;RAISE:TypeError;RAISE:TypeError;RAISE:TypeError;RAISE:TypeError;RAISE:TypeError;RAISE:TypeError;RAISE:TypeError;RAISE:TypeError;RAISE:TypeError;RAISE:TypeError;RAISE:TypeError;RAISE:TypeError;UNREPRESENTABLE;RAISE:TypeError;RAISE:TypeError;RAISE:TypeError;RAISE:TypeError;RAISE:TypeError;RAISE:TypeError;RAISE:TypeError;RAISE:TypeError;RAISE:TypeError;RAISE:TypeError;RAISE:TypeError;RAISE:TypeError;RAISE:TypeError;RAISE:TypeError;RAISE:TypeError;UNREPRESENTABLE;RAISE:TypeError;RAISE:TypeError;RAISE:TypeError;RAISE:TypeError;RAISE:TypeError;RAISE:TypeError;RAISE:TypeError;RAISE:TypeError;RAISE:TypeError;RAISE:TypeError;RAISE:TypeError;RAISE:TypeError;RAISE:TypeError;RAISE:TypeError;RAISE:TypeError;UNREPRESENTABLE;RAISE:TypeError;RAISE:TypeError;RAISE:TypeError;RAISE:TypeError;RAISE:TypeError;RAISE:TypeError;RAISE:TypeError;RAISE:TypeError;RAISE:TypeError;RAISE:TypeError;RAISE:TypeError;RAISE:TypeError;RAISE:TypeError;RAISE:TypeError;RAISE:TypeError;UNREPRESENTABLE;RAISE:TypeError;RAISE:TypeError;RAISE:TypeError;RAISE:TypeError;RAISE:TypeError;RAISE:TypeError;RAISE:TypeError;RAISE:TypeError;RAISE:TypeError;RAISE:TypeError;RAISE:TypeError;RAISE:TypeError;RAISE:TypeError;RAISE:TypeError;RAISE:TypeError;UNREPRESENTABLE;RAISE:TypeError;RAISE:TypeError;RAISE:TypeError;RAISE:TypeError;RAISE:TypeError;RAISE:TypeError;RAISE:TypeError;RAISE:TypeError;RAISE:TypeError;RAISE:TypeError;RAISE:TypeError;RAISE:TypeError;RAISE:TypeError;RAISE:TypeError;RAISE:TypeError;UNREPRESENTABLE;RAISE:TypeError;RAISE:TypeError;RAISE:TypeError;RAISE:TypeError;RAISE:TypeError;RAISE:TypeError;RAISE:TypeError;RAISE:TypeError;RAISE:TypeError;RAISE:TypeError;RAISE:TypeError;RAISE:TypeError;RAISE:TypeError;RAISE:TypeError;RAISE:TypeError;UNREPRESENTABLE;RAISE:TypeError;RAISE:TypeError;RAISE:TypeError;RAISE:TypeError;RAISE:TypeError;RAISE:TypeError;RAISE:TypeError;RAISE:TypeError;RAISE:TypeError;RAISE:TypeError;RAISE:TypeError;RAISE:TypeError;RAISE:TypeError;RAISE:TypeError;RAISE:TypeError;UNREPRESENTABLE;RAISE:TypeError;RAISE:TypeError;RAISE:TypeError;RAISE:TypeError;RAISE:TypeError;RAISE:TypeError;RAISE:TypeError;RAISE:TypeError;RAISE:TypeError;RAISE:TypeError;RAISE:TypeError;RAISE:TypeError;RAISE:TypeError;RAISE:TypeError;RAISE:TypeError;UNREPRESENTABLE;RAISE:TypeError;RAISE:TypeError;RAISE:TypeError;RAISE:TypeError;RAISE:TypeError;RAISE:TypeError;RAISE:TypeError;RAISE:TypeError;RAISE:TypeError;RAISE:TypeError;RAISE:TypeError;RAISE:TypeError;RAISE:TypeError;RAISE:TypeError;RAISE:TypeError;UNREPRESENTABLE;RAISE:TypeError;RAISE:TypeError;RAISE:TypeError;RAISE:TypeError;RAISE:TypeError;RAISE:TypeError;RAISE:TypeError;RAISE:TypeError;RAISE:TypeError;RAISE:TypeError;RAISE:TypeError;RAISE:TypeError;RAISE:TypeError;RAISE:TypeError;RAISE:TypeError;UNREPRESENTABLE;RAISE:TypeError;RAISE:TypeError;RAISE:TypeError;RAISE:TypeError;RAISE:TypeError;RAISE:TypeError;RAISE:TypeError;RAISE:TypeError;RAISE:TypeError;RAISE:TypeError;RAISE:TypeError;RAISE:TypeError;RAISE:TypeError;RAISE:TypeError;RAISE:TypeError;UNREPRESENTABLE;RAISE:TypeError;RAISE:TypeError;RAISE:TypeError;RAISE:TypeError;RAISE:TypeError;RAISE:TypeError;RAISE:TypeError;RAISE:TypeError;RAISE:TypeError;RAISE:TypeError;RAISE:TypeError;RAISE:TypeError;RAISE:TypeError;RAISE:TypeError;RAISE:TypeError;UNREPRESENTABLE;RAISE:TypeError;RAISE:TypeError;RAISE:TypeError;RAISE:TypeError;RAISE:TypeError;RAISE:TypeError;RAISE:TypeError;RAISE:TypeError;RAISE:TypeError;RAISE:TypeError;RAISE:TypeError;RAISE:TypeError;RAISE:TypeError;RAISE:TypeError;RAISE:TypeError;UNREPRESENTABLE;RAISE:TypeError;RAISE:TypeError;RAISE:TypeError;RAISE:TypeError;RAISE:TypeError;RAISE:TypeError;RAISE:TypeError;RAISE:TypeError;RAISE:TypeError;RAISE:TypeError;RAISE:TypeError;RAISE:TypeError;RAISE:TypeError;RAISE:TypeError;RAISE:TypeError;UNREPRESENTABLE;RAISE:TypeError;RAISE:TypeError;RAISE:TypeError;RAISE:TypeError;RAISE:TypeError;RAISE:TypeError;RAISE:TypeError;RAISE:TypeError;RAISE:TypeError;RAISE:TypeError;RAISE:TypeError,0,240,16,"fractional/L1/16:-max_finite,-1.5,-1.0,-(1.0-1ulp),-0.0,+0.0,+min_subnormal,+min_normal,1.0-1ulp,1.0,1.0+1ulp,1.5,pi,2^53,max_finite,0.1","fractional/L1/15:-max_finite,-1.5,-1.0,-(1.0-1ulp),+0.0,+min_subnormal,+min_normal,1.0-1ulp,1.0,1.0+1ulp,1.5,pi,2^53,max_finite,0.1"
A14_8_1,1,fractional|truth,Fraction,bool,"fractional/L1/16:-max_finite,-1.5,-1.0,-(1.0-1ulp),-0.0,+0.0,+min_subnormal,+min_normal,1.0-1ulp,1.0,1.0+1ulp,1.5,pi,2^53,max_finite,0.1","truth/L1/6:true,false,0,1,"""",nil",96,RAISE:TypeError;RAISE:TypeError;RAISE:TypeError;RAISE:TypeError;RAISE:TypeError;RAISE:TypeError;RAISE:TypeError;RAISE:TypeError;RAISE:TypeError;RAISE:TypeError;RAISE:TypeError;RAISE:TypeError;RAISE:TypeError;RAISE:TypeError;RAISE:TypeError;RAISE:TypeError;RAISE:TypeError;RAISE:TypeError;RAISE:TypeError;RAISE:TypeError;RAISE:TypeError;RAISE:TypeError;RAISE:TypeError;RAISE:TypeError;UNREPRESENTABLE;UNREPRESENTABLE;UNREPRESENTABLE;UNREPRESENTABLE;UNREPRESENTABLE;UNREPRESENTABLE;RAISE:TypeError;RAISE:TypeError;RAISE:TypeError;RAISE:TypeError;RAISE:TypeError;RAISE:TypeError;RAISE:TypeError;RAISE:TypeError;RAISE:TypeError;RAISE:TypeError;RAISE:TypeError;RAISE:TypeError;RAISE:TypeError;RAISE:TypeError;RAISE:TypeError;RAISE:TypeError;RAISE:TypeError;RAISE:TypeError;RAISE:TypeError;RAISE:TypeError;RAISE:TypeError;RAISE:TypeError;RAISE:TypeError;RAISE:TypeError;RAISE:TypeError;RAISE:TypeError;RAISE:TypeError;RAISE:TypeError;RAISE:TypeError;RAISE:TypeError;RAISE:TypeError;RAISE:TypeError;RAISE:TypeError;RAISE:TypeError;RAISE:TypeError;RAISE:TypeError;RAISE:TypeError;RAISE:TypeError;RAISE:TypeError;RAISE:TypeError;RAISE:TypeError;RAISE:TypeError;RAISE:TypeError;RAISE:TypeError;RAISE:TypeError;RAISE:TypeError;RAISE:TypeError;RAISE:TypeError;RAISE:TypeError;RAISE:TypeError;RAISE:TypeError;RAISE:TypeError;RAISE:TypeError;RAISE:TypeError;RAISE:TypeError;RAISE:TypeError;RAISE:TypeError;RAISE:TypeError;RAISE:TypeError;RAISE:TypeError;RAISE:TypeError;RAISE:TypeError;RAISE:TypeError;RAISE:TypeError;RAISE:TypeError;RAISE:TypeError,0,90,6,"fractional/L1/15:-max_finite,-1.5,-1.0,-(1.0-1ulp),+0.0,+min_subnormal,+min_normal,1.0-1ulp,1.0,1.0+1ulp,1.5,pi,2^53,max_finite,0.1","truth/L1/6:true,false,0,1,"""",nil"
A14_8_2,1,fractional|whole,Fraction,int,"fractional/L1/16:-max_finite,-1.5,-1.0,-(1.0-1ulp),-0.0,+0.0,+min_subnormal,+min_normal,1.0-1ulp,1.0,1.0+1ulp,1.5,pi,2^53,max_finite,0.1","whole/L1/17:-2^63,-2^63+1,-2^53-1,-2^31,-42,-1,0,1,7,42,1000,2^31-1,2^31,2^53-1,2^53+1,2^63-1,2^64-1",272,RAISE:TypeError;RAISE:TypeError;RAISE:TypeError;RAISE:TypeError;RAISE:TypeError;RAISE:TypeError;RAISE:TypeError;RAISE:TypeError;RAISE:TypeError;RAISE:TypeError;RAISE:TypeError;RAISE:TypeError;RAISE:TypeError;RAISE:TypeError;RAISE:TypeError;RAISE:TypeError;RAISE:TypeError;RAISE:TypeError;RAISE:TypeError;RAISE:TypeError;RAISE:TypeError;RAISE:TypeError;RAISE:TypeError;RAISE:TypeError;RAISE:TypeError;RAISE:TypeError;RAISE:TypeError;RAISE:TypeError;RAISE:TypeError;RAISE:TypeError;RAISE:TypeError;RAISE:TypeError;RAISE:TypeError;RAISE:TypeError;RAISE:TypeError;RAISE:TypeError;RAISE:TypeError;RAISE:TypeError;RAISE:TypeError;RAISE:TypeError;RAISE:TypeError;RAISE:TypeError;RAISE:TypeError;RAISE:TypeError;RAISE:TypeError;RAISE:TypeError;RAISE:TypeError;RAISE:TypeError;RAISE:TypeError;RAISE:TypeError;RAISE:TypeError;RAISE:TypeError;RAISE:TypeError;RAISE:TypeError;RAISE:TypeError;RAISE:TypeError;RAISE:TypeError;RAISE:TypeError;RAISE:TypeError;RAISE:TypeError;RAISE:TypeError;RAISE:TypeError;RAISE:TypeError;RAISE:TypeError;RAISE:TypeError;RAISE:TypeError;RAISE:TypeError;RAISE:TypeError;UNREPRESENTABLE;UNREPRESENTABLE;UNREPRESENTABLE;UNREPRESENTABLE;UNREPRESENTABLE;UNREPRESENTABLE;UNREPRESENTABLE;UNREPRESENTABLE;UNREPRESENTABLE;UNREPRESENTABLE;UNREPRESENTABLE;UNREPRESENTABLE;UNREPRESENTABLE;UNREPRESENTABLE;UNREPRESENTABLE;UNREPRESENTABLE;UNREPRESENTABLE;RAISE:TypeError;RAISE:TypeError;RAISE:TypeError;RAISE:TypeError;RAISE:TypeError;RAISE:TypeError;RAISE:TypeError;RAISE:TypeError;RAISE:TypeError;RAISE:TypeError;RAISE:TypeError;RAISE:TypeError;RAISE:TypeError;RAISE:TypeError;RAISE:TypeError;RAISE:TypeError;RAISE:TypeError;RAISE:TypeError;RAISE:TypeError;RAISE:TypeError;RAISE:TypeError;RAISE:TypeError;RAISE:TypeError;RAISE:TypeError;RAISE:TypeError;RAISE:TypeError;RAISE:TypeError;RAISE:TypeError;RAISE:TypeError;RAISE:TypeError;RAISE:TypeError;RAISE:TypeError;RAISE:TypeError;RAISE:TypeError;RAISE:TypeError;RAISE:TypeError;RAISE:TypeError;RAISE:TypeError;RAISE:TypeError;RAISE:TypeError;RAISE:TypeError;RAISE:TypeError;RAISE:TypeError;RAISE:TypeError;RAISE:TypeError;RAISE:TypeError;RAISE:TypeError;RAISE:TypeError;RAISE:TypeError;RAISE:TypeError;RAISE:TypeError;RAISE:TypeError;RAISE:TypeError;RAISE:TypeError;RAISE:TypeError;RAISE:TypeError;RAISE:TypeError;RAISE:TypeError;RAISE:TypeError;RAISE:TypeError;RAISE:TypeError;RAISE:TypeError;RAISE:TypeError;RAISE:TypeError;RAISE:TypeError;RAISE:TypeError;RAISE:TypeError;RAISE:TypeError;RAISE:TypeError;RAISE:TypeError;RAISE:TypeError;RAISE:TypeError;RAISE:TypeError;RAISE:TypeError;RAISE:TypeError;RAISE:TypeError;RAISE:TypeError;RAISE:TypeError;RAISE:TypeError;RAISE:TypeError;RAISE:TypeError;RAISE:TypeError;RAISE:TypeError;RAISE:TypeError;RAISE:TypeError;RAISE:TypeError;RAISE:TypeError;RAISE:TypeError;RAISE:TypeError;RAISE:TypeError;RAISE:TypeError;RAISE:TypeError;RAISE:TypeError;RAISE:TypeError;RAISE:TypeError;RAISE:TypeError;RAISE:TypeError;RAISE:TypeError;RAISE:TypeError;RAISE:TypeError;RAISE:TypeError;RAISE:TypeError;RAISE:TypeError;RAISE:TypeError;RAISE:TypeError;RAISE:TypeError;RAISE:TypeError;RAISE:TypeError;RAISE:TypeError;RAISE:TypeError;RAISE:TypeError;RAISE:TypeError;RAISE:TypeError;RAISE:TypeError;RAISE:TypeError;RAISE:TypeError;RAISE:TypeError;RAISE:TypeError;RAISE:TypeError;RAISE:TypeError;RAISE:TypeError;RAISE:TypeError;RAISE:TypeError;RAISE:TypeError;RAISE:TypeError;RAISE:TypeError;RAISE:TypeError;RAISE:TypeError;RAISE:TypeError;RAISE:TypeError;RAISE:TypeError;RAISE:TypeError;RAISE:TypeError;RAISE:TypeError;RAISE:TypeError;RAISE:TypeError;RAISE:TypeError;RAISE:TypeError;RAISE:TypeError;RAISE:TypeError;RAISE:TypeError;RAISE:TypeError;RAISE:TypeError;RAISE:TypeError;RAISE:TypeError;RAISE:TypeError;RAISE:TypeError;RAISE:TypeError;RAISE:TypeError;RAISE:TypeError;RAISE:TypeError;RAISE:TypeError;RAISE:TypeError;RAISE:TypeError;RAISE:TypeError;RAISE:TypeError;RAISE:TypeError;RAISE:TypeError;RAISE:TypeError;RAISE:TypeError;RAISE:TypeError;RAISE:TypeError;RAISE:TypeError;RAISE:TypeError;RAISE:TypeError;RAISE:TypeError;RAISE:TypeError;RAISE:TypeError;RAISE:TypeError;RAISE:TypeError;RAISE:TypeError;RAISE:TypeError;RAISE:TypeError;RAISE:TypeError;RAISE:TypeError;RAISE:TypeError;RAISE:TypeError;RAISE:TypeError;RAISE:TypeError;RAISE:TypeError;RAISE:TypeError;RAISE:TypeError;RAISE:TypeError;RAISE:TypeError;RAISE:TypeError;RAISE:TypeError;RAISE:TypeError,0,255,17,"fractional/L1/15:-max_finite,-1.5,-1.0,-(1.0-1ulp),+0.0,+min_subnormal,+min_normal,1.0-1ulp,1.0,1.0+1ulp,1.5,pi,2^53,max_finite,0.1","whole/L1/17:-2^63,-2^63+1,-2^53-1,-2^31,-42,-1,0,1,7,42,1000,2^31-1,2^31,2^53-1,2^53+1,2^63-1,2^64-1"
A14_8_3,1,fractional|whole,Fraction,Decimal,"fractional/L1/16:-max_finite,-1.5,-1.0,-(1.0-1ulp),-0.0,+0.0,+min_subnormal,+min_normal,1.0-1ulp,1.0,1.0+1ulp,1.5,pi,2^53,max_finite,0.1","whole/L1/17:-2^63,-2^63+1,-2^53-1,-2^31,-42,-1,0,1,7,42,1000,2^31-1,2^31,2^53-1,2^53+1,2^63-1,2^64-1",272,RAISE:TypeError;RAISE:TypeError;RAISE:TypeError;RAISE:TypeError;RAISE:TypeError;RAISE:TypeError;RAISE:TypeError;RAISE:TypeError;RAISE:TypeError;RAISE:TypeError;RAISE:TypeError;RAISE:TypeError;RAISE:TypeError;RAISE:TypeError;RAISE:TypeError;RAISE:TypeError;RAISE:TypeError;RAISE:TypeError;RAISE:TypeError;RAISE:TypeError;RAISE:TypeError;RAISE:TypeError;RAISE:TypeError;RAISE:TypeError;RAISE:TypeError;RAISE:TypeError;RAISE:TypeError;RAISE:TypeError;RAISE:TypeError;RAISE:TypeError;RAISE:TypeError;RAISE:TypeError;RAISE:TypeError;RAISE:TypeError;RAISE:TypeError;RAISE:TypeError;RAISE:TypeError;RAISE:TypeError;RAISE:TypeError;RAISE:TypeError;RAISE:TypeError;RAISE:TypeError;RAISE:TypeError;RAISE:TypeError;RAISE:TypeError;RAISE:TypeError;RAISE:TypeError;RAISE:TypeError;RAISE:TypeError;RAISE:TypeError;RAISE:TypeError;RAISE:TypeError;RAISE:TypeError;RAISE:TypeError;RAISE:TypeError;RAISE:TypeError;RAISE:TypeError;RAISE:TypeError;RAISE:TypeError;RAISE:TypeError;RAISE:TypeError;RAISE:TypeError;RAISE:TypeError;RAISE:TypeError;RAISE:TypeError;RAISE:TypeError;RAISE:TypeError;RAISE:TypeError;UNREPRESENTABLE;UNREPRESENTABLE;UNREPRESENTABLE;UNREPRESENTABLE;UNREPRESENTABLE;UNREPRESENTABLE;UNREPRESENTABLE;UNREPRESENTABLE;UNREPRESENTABLE;UNREPRESENTABLE;UNREPRESENTABLE;UNREPRESENTABLE;UNREPRESENTABLE;UNREPRESENTABLE;UNREPRESENTABLE;UNREPRESENTABLE;UNREPRESENTABLE;RAISE:TypeError;RAISE:TypeError;RAISE:TypeError;RAISE:TypeError;RAISE:TypeError;RAISE:TypeError;RAISE:TypeError;RAISE:TypeError;RAISE:TypeError;RAISE:TypeError;RAISE:TypeError;RAISE:TypeError;RAISE:TypeError;RAISE:TypeError;RAISE:TypeError;RAISE:TypeError;RAISE:TypeError;RAISE:TypeError;RAISE:TypeError;RAISE:TypeError;RAISE:TypeError;RAISE:TypeError;RAISE:TypeError;RAISE:TypeError;RAISE:TypeError;RAISE:TypeError;RAISE:TypeError;RAISE:TypeError;RAISE:TypeError;RAISE:TypeError;RAISE:TypeError;RAISE:TypeError;RAISE:TypeError;RAISE:TypeError;RAISE:TypeError;RAISE:TypeError;RAISE:TypeError;RAISE:TypeError;RAISE:TypeError;RAISE:TypeError;RAISE:TypeError;RAISE:TypeError;RAISE:TypeError;RAISE:TypeError;RAISE:TypeError;RAISE:TypeError;RAISE:TypeError;RAISE:TypeError;RAISE:TypeError;RAISE:TypeError;RAISE:TypeError;RAISE:TypeError;RAISE:TypeError;RAISE:TypeError;RAISE:TypeError;RAISE:TypeError;RAISE:TypeError;RAISE:TypeError;RAISE:TypeError;RAISE:TypeError;RAISE:TypeError;RAISE:TypeError;RAISE:TypeError;RAISE:TypeError;RAISE:TypeError;RAISE:TypeError;RAISE:TypeError;RAISE:TypeError;RAISE:TypeError;RAISE:TypeError;RAISE:TypeError;RAISE:TypeError;RAISE:TypeError;RAISE:TypeError;RAISE:TypeError;RAISE:TypeError;RAISE:TypeError;RAISE:TypeError;RAISE:TypeError;RAISE:TypeError;RAISE:TypeError;RAISE:TypeError;RAISE:TypeError;RAISE:TypeError;RAISE:TypeError;RAISE:TypeError;RAISE:TypeError;RAISE:TypeError;RAISE:TypeError;RAISE:TypeError;RAISE:TypeError;RAISE:TypeError;RAISE:TypeError;RAISE:TypeError;RAISE:TypeError;RAISE:TypeError;RAISE:TypeError;RAISE:TypeError;RAISE:TypeError;RAISE:TypeError;RAISE:TypeError;RAISE:TypeError;RAISE:TypeError;RAISE:TypeError;RAISE:TypeError;RAISE:TypeError;RAISE:TypeError;RAISE:TypeError;RAISE:TypeError;RAISE:TypeError;RAISE:TypeError;RAISE:TypeError;RAISE:TypeError;RAISE:TypeError;RAISE:TypeError;RAISE:TypeError;RAISE:TypeError;RAISE:TypeError;RAISE:TypeError;RAISE:TypeError;RAISE:TypeError;RAISE:TypeError;RAISE:TypeError;RAISE:TypeError;RAISE:TypeError;RAISE:TypeError;RAISE:TypeError;RAISE:TypeError;RAISE:TypeError;RAISE:TypeError;RAISE:TypeError;RAISE:TypeError;RAISE:TypeError;RAISE:TypeError;RAISE:TypeError;RAISE:TypeError;RAISE:TypeError;RAISE:TypeError;RAISE:TypeError;RAISE:TypeError;RAISE:TypeError;RAISE:TypeError;RAISE:TypeError;RAISE:TypeError;RAISE:TypeError;RAISE:TypeError;RAISE:TypeError;RAISE:TypeError;RAISE:TypeError;RAISE:TypeError;RAISE:TypeError;RAISE:TypeError;RAISE:TypeError;RAISE:TypeError;RAISE:TypeError;RAISE:TypeError;RAISE:TypeError;RAISE:TypeError;RAISE:TypeError;RAISE:TypeError;RAISE:TypeError;RAISE:TypeError;RAISE:TypeError;RAISE:TypeError;RAISE:TypeError;RAISE:TypeError;RAISE:TypeError;RAISE:TypeError;RAISE:TypeError;RAISE:TypeError;RAISE:TypeError;RAISE:TypeError;RAISE:TypeError;RAISE:TypeError;RAISE:TypeError;RAISE:TypeError;RAISE:TypeError;RAISE:TypeError;RAISE:TypeError;RAISE:TypeError;RAISE:TypeError;RAISE:TypeError;RAISE:TypeError;RAISE:TypeError;RAISE:TypeError;RAISE:TypeError;RAISE:TypeError,0,255,17,"fractional/L1/15:-max_finite,-1.5,-1.0,-(1.0-1ulp),+0.0,+min_subnormal,+min_normal,1.0-1ulp,1.0,1.0+1ulp,1.5,pi,2^53,max_finite,0.1","whole/L1/17:-2^63,-2^63+1,-2^53-1,-2^31,-42,-1,0,1,7,42,1000,2^31-1,2^31,2^53-1,2^53+1,2^63-1,2^64-1"
A14_8_4,1,fractional|whole,Fraction,Fraction,"fractional/L1/16:-max_finite,-1.5,-1.0,-(1.0-1ulp),-0.0,+0.0,+min_subnormal,+min_normal,1.0-1ulp,1.0,1.0+1ulp,1.5,pi,2^53,max_finite,0.1","whole/L1/17:-2^63,-2^63+1,-2^53-1,-2^31,-42,-1,0,1,7,42,1000,2^31-1,2^31,2^53-1,2^53+1,2^63-1,2^64-1",272,RAISE:TypeError;RAISE:TypeError;RAISE:TypeError;RAISE:TypeError;RAISE:TypeError;RAISE:TypeError;RAISE:TypeError;RAISE:TypeError;RAISE:TypeError;RAISE:TypeError;RAISE:TypeError;RAISE:TypeError;RAISE:TypeError;RAISE:TypeError;RAISE:TypeError;RAISE:TypeError;RAISE:TypeError;RAISE:TypeError;RAISE:TypeError;RAISE:TypeError;RAISE:TypeError;RAISE:TypeError;RAISE:TypeError;RAISE:TypeError;RAISE:TypeError;RAISE:TypeError;RAISE:TypeError;RAISE:TypeError;RAISE:TypeError;RAISE:TypeError;RAISE:TypeError;RAISE:TypeError;RAISE:TypeError;RAISE:TypeError;RAISE:TypeError;RAISE:TypeError;RAISE:TypeError;RAISE:TypeError;RAISE:TypeError;RAISE:TypeError;RAISE:TypeError;RAISE:TypeError;RAISE:TypeError;RAISE:TypeError;RAISE:TypeError;RAISE:TypeError;RAISE:TypeError;RAISE:TypeError;RAISE:TypeError;RAISE:TypeError;RAISE:TypeError;RAISE:TypeError;RAISE:TypeError;RAISE:TypeError;RAISE:TypeError;RAISE:TypeError;RAISE:TypeError;RAISE:TypeError;RAISE:TypeError;RAISE:TypeError;RAISE:TypeError;RAISE:TypeError;RAISE:TypeError;RAISE:TypeError;RAISE:TypeError;RAISE:TypeError;RAISE:TypeError;RAISE:TypeError;UNREPRESENTABLE;UNREPRESENTABLE;UNREPRESENTABLE;UNREPRESENTABLE;UNREPRESENTABLE;UNREPRESENTABLE;UNREPRESENTABLE;UNREPRESENTABLE;UNREPRESENTABLE;UNREPRESENTABLE;UNREPRESENTABLE;UNREPRESENTABLE;UNREPRESENTABLE;UNREPRESENTABLE;UNREPRESENTABLE;UNREPRESENTABLE;UNREPRESENTABLE;RAISE:TypeError;RAISE:TypeError;RAISE:TypeError;RAISE:TypeError;RAISE:TypeError;RAISE:TypeError;RAISE:TypeError;RAISE:TypeError;RAISE:TypeError;RAISE:TypeError;RAISE:TypeError;RAISE:TypeError;RAISE:TypeError;RAISE:TypeError;RAISE:TypeError;RAISE:TypeError;RAISE:TypeError;RAISE:TypeError;RAISE:TypeError;RAISE:TypeError;RAISE:TypeError;RAISE:TypeError;RAISE:TypeError;RAISE:TypeError;RAISE:TypeError;RAISE:TypeError;RAISE:TypeError;RAISE:TypeError;RAISE:TypeError;RAISE:TypeError;RAISE:TypeError;RAISE:TypeError;RAISE:TypeError;RAISE:TypeError;RAISE:TypeError;RAISE:TypeError;RAISE:TypeError;RAISE:TypeError;RAISE:TypeError;RAISE:TypeError;RAISE:TypeError;RAISE:TypeError;RAISE:TypeError;RAISE:TypeError;RAISE:TypeError;RAISE:TypeError;RAISE:TypeError;RAISE:TypeError;RAISE:TypeError;RAISE:TypeError;RAISE:TypeError;RAISE:TypeError;RAISE:TypeError;RAISE:TypeError;RAISE:TypeError;RAISE:TypeError;RAISE:TypeError;RAISE:TypeError;RAISE:TypeError;RAISE:TypeError;RAISE:TypeError;RAISE:TypeError;RAISE:TypeError;RAISE:TypeError;RAISE:TypeError;RAISE:TypeError;RAISE:TypeError;RAISE:TypeError;RAISE:TypeError;RAISE:TypeError;RAISE:TypeError;RAISE:TypeError;RAISE:TypeError;RAISE:TypeError;RAISE:TypeError;RAISE:TypeError;RAISE:TypeError;RAISE:TypeError;RAISE:TypeError;RAISE:TypeError;RAISE:TypeError;RAISE:TypeError;RAISE:TypeError;RAISE:TypeError;RAISE:TypeError;RAISE:TypeError;RAISE:TypeError;RAISE:TypeError;RAISE:TypeError;RAISE:TypeError;RAISE:TypeError;RAISE:TypeError;RAISE:TypeError;RAISE:TypeError;RAISE:TypeError;RAISE:TypeError;RAISE:TypeError;RAISE:TypeError;RAISE:TypeError;RAISE:TypeError;RAISE:TypeError;RAISE:TypeError;RAISE:TypeError;RAISE:TypeError;RAISE:TypeError;RAISE:TypeError;RAISE:TypeError;RAISE:TypeError;RAISE:TypeError;RAISE:TypeError;RAISE:TypeError;RAISE:TypeError;RAISE:TypeError;RAISE:TypeError;RAISE:TypeError;RAISE:TypeError;RAISE:TypeError;RAISE:TypeError;RAISE:TypeError;RAISE:TypeError;RAISE:TypeError;RAISE:TypeError;RAISE:TypeError;RAISE:TypeError;RAISE:TypeError;RAISE:TypeError;RAISE:TypeError;RAISE:TypeError;RAISE:TypeError;RAISE:TypeError;RAISE:TypeError;RAISE:TypeError;RAISE:TypeError;RAISE:TypeError;RAISE:TypeError;RAISE:TypeError;RAISE:TypeError;RAISE:TypeError;RAISE:TypeError;RAISE:TypeError;RAISE:TypeError;RAISE:TypeError;RAISE:TypeError;RAISE:TypeError;RAISE:TypeError;RAISE:TypeError;RAISE:TypeError;RAISE:TypeError;RAISE:TypeError;RAISE:TypeError;RAISE:TypeError;RAISE:TypeError;RAISE:TypeError;RAISE:TypeError;RAISE:TypeError;RAISE:TypeError;RAISE:TypeError;RAISE:TypeError;RAISE:TypeError;RAISE:TypeError;RAISE:TypeError;RAISE:TypeError;RAISE:TypeError;RAISE:TypeError;RAISE:TypeError;RAISE:TypeError;RAISE:TypeError;RAISE:TypeError;RAISE:TypeError;RAISE:TypeError;RAISE:TypeError;RAISE:TypeError;RAISE:TypeError;RAISE:TypeError;RAISE:TypeError;RAISE:TypeError;RAISE:TypeError;RAISE:TypeError;RAISE:TypeError;RAISE:TypeError;RAISE:TypeError;RAISE:TypeError;RAISE:TypeError;RAISE:TypeError;RAISE:TypeError;RAISE:TypeError;RAISE:TypeError,0,255,17,"fractional/L1/15:-max_finite,-1.5,-1.0,-(1.0-1ulp),+0.0,+min_subnormal,+min_normal,1.0-1ulp,1.0,1.0+1ulp,1.5,pi,2^53,max_finite,0.1","whole/L1/17:-2^63,-2^63+1,-2^53-1,-2^31,-42,-1,0,1,7,42,1000,2^31-1,2^31,2^53-1,2^53+1,2^63-1,2^64-1"
A14_8_5,1,fractional|whole,Fraction,c_int64,"fractional/L1/16:-max_finite,-1.5,-1.0,-(1.0-1ulp),-0.0,+0.0,+min_subnormal,+min_normal,1.0-1ulp,1.0,1.0+1ulp,1.5,pi,2^53,max_finite,0.1","whole/L1/17:-2^63,-2^63+1,-2^53-1,-2^31,-42,-1,0,1,7,42,1000,2^31-1,2^31,2^53-1,2^53+1,2^63-1,2^64-1",272,RAISE:TypeError;RAISE:TypeError;RAISE:TypeError;RAISE:TypeError;RAISE:TypeError;RAISE:TypeError;RAISE:TypeError;RAISE:TypeError;RAISE:TypeError;RAISE:TypeError;RAISE:TypeError;RAISE:TypeError;RAISE:TypeError;RAISE:TypeError;RAISE:TypeError;RAISE:TypeError;UNREPRESENTABLE;RAISE:TypeError;RAISE:TypeError;RAISE:TypeError;RAISE:TypeError;RAISE:TypeError;RAISE:TypeError;RAISE:TypeError;RAISE:TypeError;RAISE:TypeError;RAISE:TypeError;RAISE:TypeError;RAISE:TypeError;RAISE:TypeError;RAISE:TypeError;RAISE:TypeError;RAISE:TypeError;UNREPRESENTABLE;RAISE:TypeError;RAISE:TypeError;RAISE:TypeError;RAISE:TypeError;RAISE:TypeError;RAISE:TypeError;RAISE:TypeError;RAISE:TypeError;RAISE:TypeError;RAISE:TypeError;RAISE:TypeError;RAISE:TypeError;RAISE:TypeError;RAISE:TypeError;RAISE:TypeError;RAISE:TypeError;UNREPRESENTABLE;RAISE:TypeError;RAISE:TypeError;RAISE:TypeError;RAISE:TypeError;RAISE:TypeError;RAISE:TypeError;RAISE:TypeError;RAISE:TypeError;RAISE:TypeError;RAISE:TypeError;RAISE:TypeError;RAISE:TypeError;RAISE:TypeError;RAISE:TypeError;RAISE:TypeError;RAISE:TypeError;UNREPRESENTABLE;UNREPRESENTABLE;UNREPRESENTABLE;UNREPRESENTABLE;UNREPRESENTABLE;UNREPRESENTABLE;UNREPRESENTABLE;UNREPRESENTABLE;UNREPRESENTABLE;UNREPRESENTABLE;UNREPRESENTABLE;UNREPRESENTABLE;UNREPRESENTABLE;UNREPRESENTABLE;UNREPRESENTABLE;UNREPRESENTABLE;UNREPRESENTABLE;UNREPRESENTABLE;RAISE:TypeError;RAISE:TypeError;RAISE:TypeError;RAISE:TypeError;RAISE:TypeError;RAISE:TypeError;RAISE:TypeError;RAISE:TypeError;RAISE:TypeError;RAISE:TypeError;RAISE:TypeError;RAISE:TypeError;RAISE:TypeError;RAISE:TypeError;RAISE:TypeError;RAISE:TypeError;UNREPRESENTABLE;RAISE:TypeError;RAISE:TypeError;RAISE:TypeError;RAISE:TypeError;RAISE:TypeError;RAISE:TypeError;RAISE:TypeError;RAISE:TypeError;RAISE:TypeError;RAISE:TypeError;RAISE:TypeError;RAISE:TypeError;RAISE:TypeError;RAISE:TypeError;RAISE:TypeError;RAISE:TypeError;UNREPRESENTABLE;RAISE:TypeError;RAISE:TypeError;RAISE:TypeError;RAISE:TypeError;RAISE:TypeError;RAISE:TypeError;RAISE:TypeError;RAISE:TypeError;RAISE:TypeError;RAISE:TypeError;RAISE:TypeError;RAISE:TypeError;RAISE:TypeError;RAISE:TypeError;RAISE:TypeError;RAISE:TypeError;UNREPRESENTABLE;RAISE:TypeError;RAISE:TypeError;RAISE:TypeError;RAISE:TypeError;RAISE:TypeError;RAISE:TypeError;RAISE:TypeError;RAISE:TypeError;RAISE:TypeError;RAISE:TypeError;RAISE:TypeError;RAISE:TypeError;RAISE:TypeError;RAISE:TypeError;RAISE:TypeError;RAISE:TypeError;UNREPRESENTABLE;RAISE:TypeError;RAISE:TypeError;RAISE:TypeError;RAISE:TypeError;RAISE:TypeError;RAISE:TypeError;RAISE:TypeError;RAISE:TypeError;RAISE:TypeError;RAISE:TypeError;RAISE:TypeError;RAISE:TypeError;RAISE:TypeError;RAISE:TypeError;RAISE:TypeError;RAISE:TypeError;UNREPRESENTABLE;RAISE:TypeError;RAISE:TypeError;RAISE:TypeError;RAISE:TypeError;RAISE:TypeError;RAISE:TypeError;RAISE:TypeError;RAISE:TypeError;RAISE:TypeError;RAISE:TypeError;RAISE:TypeError;RAISE:TypeError;RAISE:TypeError;RAISE:TypeError;RAISE:TypeError;RAISE:TypeError;UNREPRESENTABLE;RAISE:TypeError;RAISE:TypeError;RAISE:TypeError;RAISE:TypeError;RAISE:TypeError;RAISE:TypeError;RAISE:TypeError;RAISE:TypeError;RAISE:TypeError;RAISE:TypeError;RAISE:TypeError;RAISE:TypeError;RAISE:TypeError;RAISE:TypeError;RAISE:TypeError;RAISE:TypeError;UNREPRESENTABLE;RAISE:TypeError;RAISE:TypeError;RAISE:TypeError;RAISE:TypeError;RAISE:TypeError;RAISE:TypeError;RAISE:TypeError;RAISE:TypeError;RAISE:TypeError;RAISE:TypeError;RAISE:TypeError;RAISE:TypeError;RAISE:TypeError;RAISE:TypeError;RAISE:TypeError;RAISE:TypeError;UNREPRESENTABLE;RAISE:TypeError;RAISE:TypeError;RAISE:TypeError;RAISE:TypeError;RAISE:TypeError;RAISE:TypeError;RAISE:TypeError;RAISE:TypeError;RAISE:TypeError;RAISE:TypeError;RAISE:TypeError;RAISE:TypeError;RAISE:TypeError;RAISE:TypeError;RAISE:TypeError;RAISE:TypeError;UNREPRESENTABLE;RAISE:TypeError;RAISE:TypeError;RAISE:TypeError;RAISE:TypeError;RAISE:TypeError;RAISE:TypeError;RAISE:TypeError;RAISE:TypeError;RAISE:TypeError;RAISE:TypeError;RAISE:TypeError;RAISE:TypeError;RAISE:TypeError;RAISE:TypeError;RAISE:TypeError;RAISE:TypeError;UNREPRESENTABLE;RAISE:TypeError;RAISE:TypeError;RAISE:TypeError;RAISE:TypeError;RAISE:TypeError;RAISE:TypeError;RAISE:TypeError;RAISE:TypeError;RAISE:TypeError;RAISE:TypeError;RAISE:TypeError;RAISE:TypeError;RAISE:TypeError;RAISE:TypeError;RAISE:TypeError;RAISE:TypeError;UNREPRESENTABLE,0,240,32,"fractional/L1/15:-max_finite,-1.5,-1.0,-(1.0-1ulp),+0.0,+min_subnormal,+min_normal,1.0-1ulp,1.0,1.0+1ulp,1.5,pi,2^53,max_finite,0.1","whole/L1/16:-2^63,-2^63+1,-2^53-1,-2^31,-42,-1,0,1,7,42,1000,2^31-1,2^31,2^53-1,2^53+1,2^63-1"
A14_8_6,1,fractional|fractional,Fraction,float,"fractional/L1/16:-max_finite,-1.5,-1.0,-(1.0-1ulp),-0.0,+0.0,+min_subnormal,+min_normal,1.0-1ulp,1.0,1.0+1ulp,1.5,pi,2^53,max_finite,0.1","fractional/L1/16:-max_finite,-1.5,-1.0,-(1.0-1ulp),-0.0,+0.0,+min_subnormal,+min_normal,1.0-1ulp,1.0,1.0+1ulp,1.5,pi,2^53,max_finite,0.1",256,RAISE:TypeError;RAISE:TypeError;RAISE:TypeError;RAISE:TypeError;RAISE:TypeError;RAISE:TypeError;RAISE:TypeError;RAISE:TypeError;RAISE:TypeError;RAISE:TypeError;RAISE:TypeError;RAISE:TypeError;RAISE:TypeError;RAISE:TypeError;RAISE:TypeError;RAISE:TypeError;RAISE:TypeError;RAISE:TypeError;RAISE:TypeError;RAISE:TypeError;RAISE:TypeError;RAISE:TypeError;RAISE:TypeError;RAISE:TypeError;RAISE:TypeError;RAISE:TypeError;RAISE:TypeError;RAISE:TypeError;RAISE:TypeError;RAISE:TypeError;RAISE:TypeError;RAISE:TypeError;RAISE:TypeError;RAISE:TypeError;RAISE:TypeError;RAISE:TypeError;RAISE:TypeError;RAISE:TypeError;RAISE:TypeError;RAISE:TypeError;RAISE:TypeError;RAISE:TypeError;RAISE:TypeError;RAISE:TypeError;RAISE:TypeError;RAISE:TypeError;RAISE:TypeError;RAISE:TypeError;RAISE:TypeError;RAISE:TypeError;RAISE:TypeError;RAISE:TypeError;RAISE:TypeError;RAISE:TypeError;RAISE:TypeError;RAISE:TypeError;RAISE:TypeError;RAISE:TypeError;RAISE:TypeError;RAISE:TypeError;RAISE:TypeError;RAISE:TypeError;RAISE:TypeError;RAISE:TypeError;UNREPRESENTABLE;UNREPRESENTABLE;UNREPRESENTABLE;UNREPRESENTABLE;UNREPRESENTABLE;UNREPRESENTABLE;UNREPRESENTABLE;UNREPRESENTABLE;UNREPRESENTABLE;UNREPRESENTABLE;UNREPRESENTABLE;UNREPRESENTABLE;UNREPRESENTABLE;UNREPRESENTABLE;UNREPRESENTABLE;UNREPRESENTABLE;RAISE:TypeError;RAISE:TypeError;RAISE:TypeError;RAISE:TypeError;RAISE:TypeError;RAISE:TypeError;RAISE:TypeError;RAISE:TypeError;RAISE:TypeError;RAISE:TypeError;RAISE:TypeError;RAISE:TypeError;RAISE:TypeError;RAISE:TypeError;RAISE:TypeError;RAISE:TypeError;RAISE:TypeError;RAISE:TypeError;RAISE:TypeError;RAISE:TypeError;RAISE:TypeError;RAISE:TypeError;RAISE:TypeError;RAISE:TypeError;RAISE:TypeError;RAISE:TypeError;RAISE:TypeError;RAISE:TypeError;RAISE:TypeError;RAISE:TypeError;RAISE:TypeError;RAISE:TypeError;RAISE:TypeError;RAISE:TypeError;RAISE:TypeError;RAISE:TypeError;RAISE:TypeError;RAISE:TypeError;RAISE:TypeError;RAISE:TypeError;RAISE:TypeError;RAISE:TypeError;RAISE:TypeError;RAISE:TypeError;RAISE:TypeError;RAISE:TypeError;RAISE:TypeError;RAISE:TypeError;RAISE:TypeError;RAISE:TypeError;RAISE:TypeError;RAISE:TypeError;RAISE:TypeError;RAISE:TypeError;RAISE:TypeError;RAISE:TypeError;RAISE:TypeError;RAISE:TypeError;RAISE:TypeError;RAISE:TypeError;RAISE:TypeError;RAISE:TypeError;RAISE:TypeError;RAISE:TypeError;RAISE:TypeError;RAISE:TypeError;RAISE:TypeError;RAISE:TypeError;RAISE:TypeError;RAISE:TypeError;RAISE:TypeError;RAISE:TypeError;RAISE:TypeError;RAISE:TypeError;RAISE:TypeError;RAISE:TypeError;RAISE:TypeError;RAISE:TypeError;RAISE:TypeError;RAISE:TypeError;RAISE:TypeError;RAISE:TypeError;RAISE:TypeError;RAISE:TypeError;RAISE:TypeError;RAISE:TypeError;RAISE:TypeError;RAISE:TypeError;RAISE:TypeError;RAISE:TypeError;RAISE:TypeError;RAISE:TypeError;RAISE:TypeError;RAISE:TypeError;RAISE:TypeError;RAISE:TypeError;RAISE:TypeError;RAISE:TypeError;RAISE:TypeError;RAISE:TypeError;RAISE:TypeError;RAISE:TypeError;RAISE:TypeError;RAISE:TypeError;RAISE:TypeError;RAISE:TypeError;RAISE:TypeError;RAISE:TypeError;RAISE:TypeError;RAISE:TypeError;RAISE:TypeError;RAISE:TypeError;RAISE:TypeError;RAISE:TypeError;RAISE:TypeError;RAISE:TypeError;RAISE:TypeError;RAISE:TypeError;RAISE:TypeError;RAISE:TypeError;RAISE:TypeError;RAISE:TypeError;RAISE:TypeError;RAISE:TypeError;RAISE:TypeError;RAISE:TypeError;RAISE:TypeError;RAISE:TypeError;RAISE:TypeError;RAISE:TypeError;RAISE:TypeError;RAISE:TypeError;RAISE:TypeError;RAISE:TypeError;RAISE:TypeError;RAISE:TypeError;RAISE:TypeError;RAISE:TypeError;RAISE:TypeError;RAISE:TypeError;RAISE:TypeError;RAISE:TypeError;RAISE:TypeError;RAISE:TypeError;RAISE:TypeError;RAISE:TypeError;RAISE:TypeError;RAISE:TypeError;RAISE:TypeError;RAISE:TypeError;RAISE:TypeError;RAISE:TypeError;RAISE:TypeError;RAISE:TypeError;RAISE:TypeError;RAISE:TypeError;RAISE:TypeError;RAISE:TypeError;RAISE:TypeError;RAISE:TypeError;RAISE:TypeError;RAISE:TypeError;RAISE:TypeError;RAISE:TypeError;RAISE:TypeError;RAISE:TypeError;RAISE:TypeError;RAISE:TypeError;RAISE:TypeError;RAISE:TypeError;RAISE:TypeError;RAISE:TypeError;RAISE:TypeError;RAISE:TypeError;RAISE:TypeError;RAISE:TypeError,0,240,16,"fractional/L1/15:-max_finite,-1.5,-1.0,-(1.0-1ulp),+0.0,+min_subnormal,+min_normal,1.0-1ulp,1.0,1.0+1ulp,1.5,pi,2^53,max_finite,0.1","fractional/L1/16:-max_finite,-1.5,-1.0,-(1.0-1ulp),-0.0,+0.0,+min_subnormal,+min_normal,1.0-1ulp,1.0,1.0+1ulp,1.5,pi,2^53,max_finite,0.1"
A14_8_7,1,fractional|fractional,Fraction,Decimal,"fractional/L1/16:-max_finite,-1.5,-1.0,-(1.0-1ulp),-0.0,+0.0,+min_subnormal,+min_normal,1.0-1ulp,1.0,1.0+1ulp,1.5,pi,2^53,max_finite,0.1","fractional/L1/16:-max_finite,-1.5,-1.0,-(1.0-1ulp),-0.0,+0.0,+min_subnormal,+min_normal,1.0-1ulp,1.0,1.0+1ulp,1.5,pi,2^53,max_finite,0.1",256,RAISE:TypeError;RAISE:TypeError;RAISE:TypeError;RAISE:TypeError;RAISE:TypeError;RAISE:TypeError;RAISE:TypeError;RAISE:TypeError;RAISE:TypeError;RAISE:TypeError;RAISE:TypeError;RAISE:TypeError;RAISE:TypeError;RAISE:TypeError;RAISE:TypeError;RAISE:TypeError;RAISE:TypeError;RAISE:TypeError;RAISE:TypeError;RAISE:TypeError;RAISE:TypeError;RAISE:TypeError;RAISE:TypeError;RAISE:TypeError;RAISE:TypeError;RAISE:TypeError;RAISE:TypeError;RAISE:TypeError;RAISE:TypeError;RAISE:TypeError;RAISE:TypeError;RAISE:TypeError;RAISE:TypeError;RAISE:TypeError;RAISE:TypeError;RAISE:TypeError;RAISE:TypeError;RAISE:TypeError;RAISE:TypeError;RAISE:TypeError;RAISE:TypeError;RAISE:TypeError;RAISE:TypeError;RAISE:TypeError;RAISE:TypeError;RAISE:TypeError;RAISE:TypeError;RAISE:TypeError;RAISE:TypeError;RAISE:TypeError;RAISE:TypeError;RAISE:TypeError;RAISE:TypeError;RAISE:TypeError;RAISE:TypeError;RAISE:TypeError;RAISE:TypeError;RAISE:TypeError;RAISE:TypeError;RAISE:TypeError;RAISE:TypeError;RAISE:TypeError;RAISE:TypeError;RAISE:TypeError;UNREPRESENTABLE;UNREPRESENTABLE;UNREPRESENTABLE;UNREPRESENTABLE;UNREPRESENTABLE;UNREPRESENTABLE;UNREPRESENTABLE;UNREPRESENTABLE;UNREPRESENTABLE;UNREPRESENTABLE;UNREPRESENTABLE;UNREPRESENTABLE;UNREPRESENTABLE;UNREPRESENTABLE;UNREPRESENTABLE;UNREPRESENTABLE;RAISE:TypeError;RAISE:TypeError;RAISE:TypeError;RAISE:TypeError;RAISE:TypeError;RAISE:TypeError;RAISE:TypeError;RAISE:TypeError;RAISE:TypeError;RAISE:TypeError;RAISE:TypeError;RAISE:TypeError;RAISE:TypeError;RAISE:TypeError;RAISE:TypeError;RAISE:TypeError;RAISE:TypeError;RAISE:TypeError;RAISE:TypeError;RAISE:TypeError;RAISE:TypeError;RAISE:TypeError;RAISE:TypeError;RAISE:TypeError;RAISE:TypeError;RAISE:TypeError;RAISE:TypeError;RAISE:TypeError;RAISE:TypeError;RAISE:TypeError;RAISE:TypeError;RAISE:TypeError;RAISE:TypeError;RAISE:TypeError;RAISE:TypeError;RAISE:TypeError;RAISE:TypeError;RAISE:TypeError;RAISE:TypeError;RAISE:TypeError;RAISE:TypeError;RAISE:TypeError;RAISE:TypeError;RAISE:TypeError;RAISE:TypeError;RAISE:TypeError;RAISE:TypeError;RAISE:TypeError;RAISE:TypeError;RAISE:TypeError;RAISE:TypeError;RAISE:TypeError;RAISE:TypeError;RAISE:TypeError;RAISE:TypeError;RAISE:TypeError;RAISE:TypeError;RAISE:TypeError;RAISE:TypeError;RAISE:TypeError;RAISE:TypeError;RAISE:TypeError;RAISE:TypeError;RAISE:TypeError;RAISE:TypeError;RAISE:TypeError;RAISE:TypeError;RAISE:TypeError;RAISE:TypeError;RAISE:TypeError;RAISE:TypeError;RAISE:TypeError;RAISE:TypeError;RAISE:TypeError;RAISE:TypeError;RAISE:TypeError;RAISE:TypeError;RAISE:TypeError;RAISE:TypeError;RAISE:TypeError;RAISE:TypeError;RAISE:TypeError;RAISE:TypeError;RAISE:TypeError;RAISE:TypeError;RAISE:TypeError;RAISE:TypeError;RAISE:TypeError;RAISE:TypeError;RAISE:TypeError;RAISE:TypeError;RAISE:TypeError;RAISE:TypeError;RAISE:TypeError;RAISE:TypeError;RAISE:TypeError;RAISE:TypeError;RAISE:TypeError;RAISE:TypeError;RAISE:TypeError;RAISE:TypeError;RAISE:TypeError;RAISE:TypeError;RAISE:TypeError;RAISE:TypeError;RAISE:TypeError;RAISE:TypeError;RAISE:TypeError;RAISE:TypeError;RAISE:TypeError;RAISE:TypeError;RAISE:TypeError;RAISE:TypeError;RAISE:TypeError;RAISE:TypeError;RAISE:TypeError;RAISE:TypeError;RAISE:TypeError;RAISE:TypeError;RAISE:TypeError;RAISE:TypeError;RAISE:TypeError;RAISE:TypeError;RAISE:TypeError;RAISE:TypeError;RAISE:TypeError;RAISE:TypeError;RAISE:TypeError;RAISE:TypeError;RAISE:TypeError;RAISE:TypeError;RAISE:TypeError;RAISE:TypeError;RAISE:TypeError;RAISE:TypeError;RAISE:TypeError;RAISE:TypeError;RAISE:TypeError;RAISE:TypeError;RAISE:TypeError;RAISE:TypeError;RAISE:TypeError;RAISE:TypeError;RAISE:TypeError;RAISE:TypeError;RAISE:TypeError;RAISE:TypeError;RAISE:TypeError;RAISE:TypeError;RAISE:TypeError;RAISE:TypeError;RAISE:TypeError;RAISE:TypeError;RAISE:TypeError;RAISE:TypeError;RAISE:TypeError;RAISE:TypeError;RAISE:TypeError;RAISE:TypeError;RAISE:TypeError;RAISE:TypeError;RAISE:TypeError;RAISE:TypeError;RAISE:TypeError;RAISE:TypeError;RAISE:TypeError;RAISE:TypeError;RAISE:TypeError;RAISE:TypeError;RAISE:TypeError;RAISE:TypeError;RAISE:TypeError;RAISE:TypeError;RAISE:TypeError;RAISE:TypeError;RAISE:TypeError,0,240,16,"fractional/L1/15:-max_finite,-1.5,-1.0,-(1.0-1ulp),+0.0,+min_subnormal,+min_normal,1.0-1ulp,1.0,1.0+1ulp,1.5,pi,2^53,max_finite,0.1","fractional/L1/16:-max_finite,-1.5,-1.0,-(1.0-1ulp),-0.0,+0.0,+min_subnormal,+min_normal,1.0-1ulp,1.0,1.0+1ulp,1.5,pi,2^53,max_finite,0.1"
A14_8_8,1,fractional|fractional,Fraction,Fraction,"fractional/L1/16:-max_finite,-1.5,-1.0,-(1.0-1ulp),-0.0,+0.0,+min_subnormal,+min_normal,1.0-1ulp,1.0,1.0+1ulp,1.5,pi,2^53,max_finite,0.1","fractional/L1/16:-max_finite,-1.5,-1.0,-(1.0-1ulp),-0.0,+0.0,+min_subnormal,+min_normal,1.0-1ulp,1.0,1.0+1ulp,1.5,pi,2^53,max_finite,0.1",256,RAISE:TypeError;RAISE:TypeError;RAISE:TypeError;RAISE:TypeError;UNREPRESENTABLE;RAISE:TypeError;RAISE:TypeError;RAISE:TypeError;RAISE:TypeError;RAISE:TypeError;RAISE:TypeError;RAISE:TypeError;RAISE:TypeError;RAISE:TypeError;RAISE:TypeError;RAISE:TypeError;RAISE:TypeError;RAISE:TypeError;RAISE:TypeError;RAISE:TypeError;UNREPRESENTABLE;RAISE:TypeError;RAISE:TypeError;RAISE:TypeError;RAISE:TypeError;RAISE:TypeError;RAISE:TypeError;RAISE:TypeError;RAISE:TypeError;RAISE:TypeError;RAISE:TypeError;RAISE:TypeError;RAISE:TypeError;RAISE:TypeError;RAISE:TypeError;RAISE:TypeError;UNREPRESENTABLE;RAISE:TypeError;RAISE:TypeError;RAISE:TypeError;RAISE:TypeError;RAISE:TypeError;RAISE:TypeError;RAISE:TypeError;RAISE:TypeError;RAISE:TypeError;RAISE:TypeError;RAISE:TypeError;RAISE:TypeError;RAISE:TypeError;RAISE:TypeError;RAISE:TypeError;UNREPRESENTABLE;RAISE:TypeError;RAISE:TypeError;RAISE:TypeError;RAISE:TypeError;RAISE:TypeError;RAISE:TypeError;RAISE:TypeError;RAISE:TypeError;RAISE:TypeError;RAISE:TypeError;RAISE:TypeError;UNREPRESENTABLE;UNREPRESENTABLE;UNREPRESENTABLE;UNREPRESENTABLE;UNREPRESENTABLE;UNREPRESENTABLE;UNREPRESENTABLE;UNREPRESENTABLE;UNREPRESENTABLE;UNREPRESENTABLE;UNREPRESENTABLE;UNREPRESENTABLE;UNREPRESENTABLE;UNREPRESENTABLE;UNREPRESENTABLE;UNREPRESENTABLE;RAISE:TypeError;RAISE:TypeError;RAISE:TypeError;RAISE:TypeError;UNREPRESENTABLE;RAISE:TypeError;RAISE:TypeError;RAISE:TypeError;RAISE:TypeError;RAISE:TypeError;RAISE:TypeError;RAISE:TypeError;RAISE:TypeError;RAISE:TypeError;RAISE:TypeError;RAISE:TypeError;RAISE:TypeError;RAISE:TypeError;RAISE:TypeError;RAISE:TypeError;UNREPRESENTABLE;RAISE:TypeError;RAISE:TypeError;RAISE:TypeError;RAISE:TypeError;RAISE:TypeError;RAISE:TypeError;RAISE:TypeError;RAISE:TypeError;RAISE:TypeError;RAISE:TypeError;RAISE:TypeError;RAISE:TypeError;RAISE:TypeError;RAISE:TypeError;RAISE:TypeError;UNREPRESENTABLE;RAISE:TypeError;RAISE:TypeError;RAISE:TypeError;RAISE:TypeError;RAISE:TypeError;RAISE:TypeError;RAISE:TypeError;RAISE:TypeError;RAISE:TypeError;RAISE:TypeError;RAISE:TypeError;RAISE:TypeError;RAISE:TypeError;RAISE:TypeError;RAISE:TypeError;UNREPRESENTABLE;RAISE:TypeError;RAISE:TypeError;RAISE:TypeError;RAISE:TypeError;RAISE:TypeError;RAISE:TypeError;RAISE:TypeError;RAISE:TypeError;RAISE:TypeError;RAISE:TypeError;RAISE:TypeError;RAISE:TypeError;RAISE:TypeError;RAISE:TypeError;RAISE:TypeError;UNREPRESENTABLE;RAISE:TypeError;RAISE:TypeError;RAISE:TypeError;RAISE:TypeError;RAISE:TypeError;RAISE:TypeError;RAISE:TypeError;RAISE:TypeError;RAISE:TypeError;RAISE:TypeError;RAISE:TypeError;RAISE:TypeError;RAISE:TypeError;RAISE:TypeError;RAISE:TypeError;UNREPRESENTABLE;RAISE:TypeError;RAISE:TypeError;RAISE:TypeError;RAISE:TypeError;RAISE:TypeError;RAISE:TypeError;RAISE:TypeError;RAISE:TypeError;RAISE:TypeError;RAISE:TypeError;RAISE:TypeError;RAISE:TypeError;RAISE:TypeError;RAISE:TypeError;RAISE:TypeError;UNREPRESENTABLE;RAISE:TypeError;RAISE:TypeError;RAISE:TypeError;RAISE:TypeError;RAISE:TypeError;RAISE:TypeError;RAISE:TypeError;RAISE:TypeError;RAISE:TypeError;RAISE:TypeError;RAISE:TypeError;RAISE:TypeError;RAISE:TypeError;RAISE:TypeError;RAISE:TypeError;UNREPRESENTABLE;RAISE:TypeError;RAISE:TypeError;RAISE:TypeError;RAISE:TypeError;RAISE:TypeError;RAISE:TypeError;RAISE:TypeError;RAISE:TypeError;RAISE:TypeError;RAISE:TypeError;RAISE:TypeError;RAISE:TypeError;RAISE:TypeError;RAISE:TypeError;RAISE:TypeError;UNREPRESENTABLE;RAISE:TypeError;RAISE:TypeError;RAISE:TypeError;RAISE:TypeError;RAISE:TypeError;RAISE:TypeError;RAISE:TypeError;RAISE:TypeError;RAISE:TypeError;RAISE:TypeError;RAISE:TypeError;RAISE:TypeError;RAISE:TypeError;RAISE:TypeError;RAISE:TypeError;UNREPRESENTABLE;RAISE:TypeError;RAISE:TypeError;RAISE:TypeError;RAISE:TypeError;RAISE:TypeError;RAISE:TypeError;RAISE:TypeError;RAISE:TypeError;RAISE:TypeError;RAISE:TypeError;RAISE:TypeError;RAISE:TypeError;RAISE:TypeError;RAISE:TypeError;RAISE:TypeError;UNREPRESENTABLE;RAISE:TypeError;RAISE:TypeError;RAISE:TypeError;RAISE:TypeError;RAISE:TypeError;RAISE:TypeError;RAISE:TypeError;RAISE:TypeError;RAISE:TypeError;RAISE:TypeError;RAISE:TypeError,0,225,31,"fractional/L1/15:-max_finite,-1.5,-1.0,-(1.0-1ulp),+0.0,+min_subnormal,+min_normal,1.0-1ulp,1.0,1.0+1ulp,1.5,pi,2^53,max_finite,0.1","fractional/L1/15:-max_finite,-1.5,-1.0,-(1.0-1ulp),+0.0,+min_subnormal,+min_normal,1.0-1ulp,1.0,1.0+1ulp,1.5,pi,2^53,max_finite,0.1"
