probe_id,lhs_holder,lhs_value_class,lhs_bytes,lhs_canon,rhs_holder,rhs_value_class,rhs_bytes,rhs_canon,output_bytes,output_canon
P1_4_0_0_0,std::nullptr_t,null,null,null,int32_t,base_42,0000002a,"[1, 1.3125, 5]",false,false
P1_4_0_1_0,std::nullptr_t,null,null,null,int32_t,base_zero,00000000,"[1, 0.0, 0]",false,false
P1_4_0_2_0,std::nullptr_t,null,null,null,int32_t,i64max,ffffffff,"[-1, 1.0, 0]",false,false
P1_4_0_3_0,std::nullptr_t,null,null,null,int32_t,i64max_plus1,00000000,"[1, 0.0, 0]",false,false
P1_4_0_4_0,std::nullptr_t,null,null,null,int32_t,p53_plus1,00000001,"[1, 1.0, 0]",false,false
P1_4_0_5_0,std::nullptr_t,null,null,null,int32_t,u64max,ffffffff,"[-1, 1.0, 0]",false,false
P1_5_0_0_0,std::nullptr_t,null,null,null,int64_t,base_42,000000000000002a,"[1, 1.3125, 5]",false,false
P1_5_0_1_0,std::nullptr_t,null,null,null,int64_t,base_zero,0000000000000000,"[1, 0.0, 0]",false,false
P1_5_0_2_0,std::nullptr_t,null,null,null,int64_t,i64max,7fffffffffffffff,"[1, 1.9999999999999999997831595655029, 62]",false,false
P1_5_0_3_0,std::nullptr_t,null,null,null,int64_t,i64max_plus1,8000000000000000,"[-1, 1.0, 63]",false,false
P1_5_0_4_0,std::nullptr_t,null,null,null,int64_t,p53_plus1,0020000000000001,"[1, 1.0000000000000001110223024625157, 53]",false,false
P1_5_0_5_0,std::nullptr_t,null,null,null,int64_t,u64max,ffffffffffffffff,"[-1, 1.0, 0]",false,false
P1_6_0_0_0,std::nullptr_t,null,null,null,uint64_t,base_42,000000000000002a,"[1, 1.3125, 5]",false,false
P1_6_0_1_0,std::nullptr_t,null,null,null,uint64_t,base_zero,0000000000000000,"[1, 0.0, 0]",false,false
P1_6_0_2_0,std::nullptr_t,null,null,null,uint64_t,i64max,7fffffffffffffff,"[1, 1.9999999999999999997831595655029, 62]",false,false
P1_6_0_3_0,std::nullptr_t,null,null,null,uint64_t,i64max_plus1,8000000000000000,"[1, 1.0, 63]",false,false
P1_6_0_4_0,std::nullptr_t,null,null,null,uint64_t,p53_plus1,0020000000000001,"[1, 1.0000000000000001110223024625157, 53]",false,false
P1_6_0_5_0,std::nullptr_t,null,null,null,uint64_t,u64max,ffffffffffffffff,"[1, 1.9999999999999999998915797827514, 63]",false,false
P1_7_0_0_0,std::nullptr_t,null,null,null,__int128,base_42,0000000000000000000000000000002a,"[1, 1.3125, 5]",false,false
P1_7_0_1_0,std::nullptr_t,null,null,null,__int128,base_zero,00000000000000000000000000000000,"[1, 0.0, 0]",false,false
P1_7_0_2_0,std::nullptr_t,null,null,null,__int128,i64max,00000000000000007fffffffffffffff,"[1, 1.9999999999999999997831595655029, 62]",false,false
P1_7_0_3_0,std::nullptr_t,null,null,null,__int128,i64max_plus1,00000000000000008000000000000000,"[1, 1.0, 63]",false,false
P1_7_0_4_0,std::nullptr_t,null,null,null,__int128,p53_plus1,00000000000000000020000000000001,"[1, 1.0000000000000001110223024625157, 53]",false,false
P1_7_0_5_0,std::nullptr_t,null,null,null,__int128,u64max,0000000000000000ffffffffffffffff,"[1, 1.9999999999999999998915797827514, 63]",false,false
P1_8_0_0_0,std::nullptr_t,null,null,null,double,base_1_5,3ff8000000000000,"[1, 1.5, 0]",false,false
P1_8_0_1_0,std::nullptr_t,null,null,null,double,base_pi,400921fb54442d18,"[1, 1.5707963267948965579989817342721, 1]",false,false
P1_8_0_2_0,std::nullptr_t,null,null,null,double,inf,7ff0000000000000,"[1, inf]",false,false
P1_8_0_3_0,std::nullptr_t,null,null,null,double,nan,7ff8000000000000,nan,false,false
P1_8_0_4_0,std::nullptr_t,null,null,null,double,negzero,8000000000000000,"[-1, 0.0, 0]",false,false
P1_8_0_5_0,std::nullptr_t,null,null,null,double,point1,3fb999999999999a,"[1, 1.6000000000000000888178419700125, -4]",false,false
P1_9_0_0_0,std::nullptr_t,null,null,null,float,base_1_5,3fc00000,"[1, 1.5, 0]",false,false
P1_9_0_1_0,std::nullptr_t,null,null,null,float,base_pi,40490fdb,"[1, 1.57079637050628662109375, 1]",false,false
P1_9_0_2_0,std::nullptr_t,null,null,null,float,inf,7f800000,"[1, inf]",false,false
P1_9_0_3_0,std::nullptr_t,null,null,null,float,nan,7fc00000,nan,false,false
P1_9_0_4_0,std::nullptr_t,null,null,null,float,negzero,80000000,"[-1, 0.0, 0]",false,false
P1_9_0_5_0,std::nullptr_t,null,null,null,float,point1,3dcccccd,"[1, 1.60000002384185791015625, -4]",false,false
P1_11_0_0_0,std::nullptr_t,null,null,null,const char*,base_empty,,t||0|0|0,false,false
P1_11_0_1_0,std::nullptr_t,null,null,null,const char*,base_hello,68656c6c6f,t|68656c6c6f|5|5|5,false,false
P1_11_0_2_0,std::nullptr_t,null,null,null,const char*,base_lines,6c696e65206f6e650a6c696e652074776f,t|6c696e65206f6e650a6c696e652074776f|17|17|17,false,false
P1_11_0_3_0,std::nullptr_t,null,null,null,const char*,clef,f09d849e,t|f09d849e|4|1|1,false,false
P1_11_0_4_0,std::nullptr_t,null,null,null,const char*,eacute,c3a9,t|c3a9|2|1|1,false,false
P1_11_0_5_0,std::nullptr_t,null,null,null,const char*,escapes,71756f74652022206261636b736c617368205c207461620968657265,t|71756f74652022206261636b736c617368205c207461620968657265|28|28|28,false,false
P1_14_0_0_0,std::nullptr_t,null,null,null,T[N] (C array),base,"[1, 2, 3]","c|[1, 1.0, 0],[1, 1.0, 1],[1, 1.5, 1]|integer|as-sorted",false,false
P1_14_0_2_0,std::nullptr_t,null,null,null,T[N] (C array),empty,[],c||empty|as-sorted,false,false
P1_14_0_4_0,std::nullptr_t,null,null,null,T[N] (C array),strs,"['a', 'b']","c|t|61|1|1|1,t|62|1|1|1|integer|as-sorted",false,false
P2_4_0_0_0,std::optional<int64_t>,null,null,null,int32_t,base_42,0000002a,"[1, 1.3125, 5]",false,false
P2_4_0_1_0,std::optional<int64_t>,null,null,null,int32_t,base_zero,00000000,"[1, 0.0, 0]",false,false
P2_4_0_2_0,std::optional<int64_t>,null,null,null,int32_t,i64max,ffffffff,"[-1, 1.0, 0]",false,false
P2_4_0_3_0,std::optional<int64_t>,null,null,null,int32_t,i64max_plus1,00000000,"[1, 0.0, 0]",false,false
P2_4_0_4_0,std::optional<int64_t>,null,null,null,int32_t,p53_plus1,00000001,"[1, 1.0, 0]",false,false
P2_4_0_5_0,std::optional<int64_t>,null,null,null,int32_t,u64max,ffffffff,"[-1, 1.0, 0]",false,false
P2_5_0_0_0,std::optional<int64_t>,null,null,null,int64_t,base_42,000000000000002a,"[1, 1.3125, 5]",false,false
P2_5_0_1_0,std::optional<int64_t>,null,null,null,int64_t,base_zero,0000000000000000,"[1, 0.0, 0]",false,false
P2_5_0_2_0,std::optional<int64_t>,null,null,null,int64_t,i64max,7fffffffffffffff,"[1, 1.9999999999999999997831595655029, 62]",false,false
P2_5_0_3_0,std::optional<int64_t>,null,null,null,int64_t,i64max_plus1,8000000000000000,"[-1, 1.0, 63]",false,false
P2_5_0_4_0,std::optional<int64_t>,null,null,null,int64_t,p53_plus1,0020000000000001,"[1, 1.0000000000000001110223024625157, 53]",false,false
P2_5_0_5_0,std::optional<int64_t>,null,null,null,int64_t,u64max,ffffffffffffffff,"[-1, 1.0, 0]",false,false
P2_6_0_0_0,std::optional<int64_t>,null,null,null,uint64_t,base_42,000000000000002a,"[1, 1.3125, 5]",false,false
P2_6_0_1_0,std::optional<int64_t>,null,null,null,uint64_t,base_zero,0000000000000000,"[1, 0.0, 0]",false,false
P2_6_0_2_0,std::optional<int64_t>,null,null,null,uint64_t,i64max,7fffffffffffffff,"[1, 1.9999999999999999997831595655029, 62]",false,false
P2_6_0_3_0,std::optional<int64_t>,null,null,null,uint64_t,i64max_plus1,8000000000000000,"[1, 1.0, 63]",false,false
P2_6_0_4_0,std::optional<int64_t>,null,null,null,uint64_t,p53_plus1,0020000000000001,"[1, 1.0000000000000001110223024625157, 53]",false,false
P2_6_0_5_0,std::optional<int64_t>,null,null,null,uint64_t,u64max,ffffffffffffffff,"[1, 1.9999999999999999998915797827514, 63]",false,false
P2_7_0_0_0,std::optional<int64_t>,null,null,null,__int128,base_42,0000000000000000000000000000002a,"[1, 1.3125, 5]",false,false
P2_7_0_1_0,std::optional<int64_t>,null,null,null,__int128,base_zero,00000000000000000000000000000000,"[1, 0.0, 0]",false,false
P2_7_0_2_0,std::optional<int64_t>,null,null,null,__int128,i64max,00000000000000007fffffffffffffff,"[1, 1.9999999999999999997831595655029, 62]",false,false
P2_7_0_3_0,std::optional<int64_t>,null,null,null,__int128,i64max_plus1,00000000000000008000000000000000,"[1, 1.0, 63]",false,false
P2_7_0_4_0,std::optional<int64_t>,null,null,null,__int128,p53_plus1,00000000000000000020000000000001,"[1, 1.0000000000000001110223024625157, 53]",false,false
P2_7_0_5_0,std::optional<int64_t>,null,null,null,__int128,u64max,0000000000000000ffffffffffffffff,"[1, 1.9999999999999999998915797827514, 63]",false,false
P2_8_0_0_0,std::optional<int64_t>,null,null,null,double,base_1_5,3ff8000000000000,"[1, 1.5, 0]",false,false
P2_8_0_1_0,std::optional<int64_t>,null,null,null,double,base_pi,400921fb54442d18,"[1, 1.5707963267948965579989817342721, 1]",false,false
P2_8_0_2_0,std::optional<int64_t>,null,null,null,double,inf,7ff0000000000000,"[1, inf]",false,false
P2_8_0_3_0,std::optional<int64_t>,null,null,null,double,nan,7ff8000000000000,nan,false,false
P2_8_0_4_0,std::optional<int64_t>,null,null,null,double,negzero,8000000000000000,"[-1, 0.0, 0]",false,false
P2_8_0_5_0,std::optional<int64_t>,null,null,null,double,point1,3fb999999999999a,"[1, 1.6000000000000000888178419700125, -4]",false,false
P2_9_0_0_0,std::optional<int64_t>,null,null,null,float,base_1_5,3fc00000,"[1, 1.5, 0]",false,false
P2_9_0_1_0,std::optional<int64_t>,null,null,null,float,base_pi,40490fdb,"[1, 1.57079637050628662109375, 1]",false,false
P2_9_0_2_0,std::optional<int64_t>,null,null,null,float,inf,7f800000,"[1, inf]",false,false
P2_9_0_3_0,std::optional<int64_t>,null,null,null,float,nan,7fc00000,nan,false,false
P2_9_0_4_0,std::optional<int64_t>,null,null,null,float,negzero,80000000,"[-1, 0.0, 0]",false,false
P2_9_0_5_0,std::optional<int64_t>,null,null,null,float,point1,3dcccccd,"[1, 1.60000002384185791015625, -4]",false,false
P2_11_0_0_0,std::optional<int64_t>,null,null,null,const char*,base_empty,,t||0|0|0,false,false
P2_11_0_1_0,std::optional<int64_t>,null,null,null,const char*,base_hello,68656c6c6f,t|68656c6c6f|5|5|5,false,false
P2_11_0_2_0,std::optional<int64_t>,null,null,null,const char*,base_lines,6c696e65206f6e650a6c696e652074776f,t|6c696e65206f6e650a6c696e652074776f|17|17|17,false,false
P2_11_0_3_0,std::optional<int64_t>,null,null,null,const char*,clef,f09d849e,t|f09d849e|4|1|1,false,false
P2_11_0_4_0,std::optional<int64_t>,null,null,null,const char*,eacute,c3a9,t|c3a9|2|1|1,false,false
P2_11_0_5_0,std::optional<int64_t>,null,null,null,const char*,escapes,71756f74652022206261636b736c617368205c207461620968657265,t|71756f74652022206261636b736c617368205c207461620968657265|28|28|28,false,false
P2_14_0_0_0,std::optional<int64_t>,null,null,null,T[N] (C array),base,"[1, 2, 3]","c|[1, 1.0, 0],[1, 1.0, 1],[1, 1.5, 1]|integer|as-sorted",false,false
P2_14_0_2_0,std::optional<int64_t>,null,null,null,T[N] (C array),empty,[],c||empty|as-sorted,false,false
P2_14_0_4_0,std::optional<int64_t>,null,null,null,T[N] (C array),strs,"['a', 'b']","c|t|61|1|1|1,t|62|1|1|1|integer|as-sorted",false,false
P3_3_0_0_0,bool,false,false,false,bool,false,false,false,false,false
P3_3_0_1_0,bool,false,false,false,bool,true,true,true,false,false
P3_3_1_0_0,bool,true,true,true,bool,false,false,false,false,false
P3_3_1_1_0,bool,true,true,true,bool,true,true,true,true,true
P3_4_0_0_0,bool,false,false,false,int32_t,base_42,0000002a,"[1, 1.3125, 5]",false,false
P3_4_0_1_0,bool,false,false,false,int32_t,base_zero,00000000,"[1, 0.0, 0]",false,false
P3_4_0_2_0,bool,false,false,false,int32_t,i64max,ffffffff,"[-1, 1.0, 0]",false,false
P3_4_0_3_0,bool,false,false,false,int32_t,i64max_plus1,00000000,"[1, 0.0, 0]",false,false
P3_4_0_4_0,bool,false,false,false,int32_t,p53_plus1,00000001,"[1, 1.0, 0]",false,false
P3_4_0_5_0,bool,false,false,false,int32_t,u64max,ffffffff,"[-1, 1.0, 0]",false,false
P3_4_1_0_0,bool,true,true,true,int32_t,base_42,0000002a,"[1, 1.3125, 5]",true,true
P3_4_1_1_0,bool,true,true,true,int32_t,base_zero,00000000,"[1, 0.0, 0]",false,false
P3_4_1_2_0,bool,true,true,true,int32_t,i64max,ffffffff,"[-1, 1.0, 0]",true,true
P3_4_1_3_0,bool,true,true,true,int32_t,i64max_plus1,00000000,"[1, 0.0, 0]",false,false
P3_4_1_4_0,bool,true,true,true,int32_t,p53_plus1,00000001,"[1, 1.0, 0]",true,true
P3_4_1_5_0,bool,true,true,true,int32_t,u64max,ffffffff,"[-1, 1.0, 0]",true,true
P3_5_0_0_0,bool,false,false,false,int64_t,base_42,000000000000002a,"[1, 1.3125, 5]",false,false
P3_5_0_1_0,bool,false,false,false,int64_t,base_zero,0000000000000000,"[1, 0.0, 0]",false,false
P3_5_0_2_0,bool,false,false,false,int64_t,i64max,7fffffffffffffff,"[1, 1.9999999999999999997831595655029, 62]",false,false
P3_5_0_3_0,bool,false,false,false,int64_t,i64max_plus1,8000000000000000,"[-1, 1.0, 63]",false,false
P3_5_0_4_0,bool,false,false,false,int64_t,p53_plus1,0020000000000001,"[1, 1.0000000000000001110223024625157, 53]",false,false
P3_5_0_5_0,bool,false,false,false,int64_t,u64max,ffffffffffffffff,"[-1, 1.0, 0]",false,false
P3_5_1_0_0,bool,true,true,true,int64_t,base_42,000000000000002a,"[1, 1.3125, 5]",true,true
P3_5_1_1_0,bool,true,true,true,int64_t,base_zero,0000000000000000,"[1, 0.0, 0]",false,false
P3_5_1_2_0,bool,true,true,true,int64_t,i64max,7fffffffffffffff,"[1, 1.9999999999999999997831595655029, 62]",true,true
P3_5_1_3_0,bool,true,true,true,int64_t,i64max_plus1,8000000000000000,"[-1, 1.0, 63]",true,true
P3_5_1_4_0,bool,true,true,true,int64_t,p53_plus1,0020000000000001,"[1, 1.0000000000000001110223024625157, 53]",true,true
P3_5_1_5_0,bool,true,true,true,int64_t,u64max,ffffffffffffffff,"[-1, 1.0, 0]",true,true
P3_6_0_0_0,bool,false,false,false,uint64_t,base_42,000000000000002a,"[1, 1.3125, 5]",false,false
P3_6_0_1_0,bool,false,false,false,uint64_t,base_zero,0000000000000000,"[1, 0.0, 0]",false,false
P3_6_0_2_0,bool,false,false,false,uint64_t,i64max,7fffffffffffffff,"[1, 1.9999999999999999997831595655029, 62]",false,false
P3_6_0_3_0,bool,false,false,false,uint64_t,i64max_plus1,8000000000000000,"[1, 1.0, 63]",false,false
P3_6_0_4_0,bool,false,false,false,uint64_t,p53_plus1,0020000000000001,"[1, 1.0000000000000001110223024625157, 53]",false,false
P3_6_0_5_0,bool,false,false,false,uint64_t,u64max,ffffffffffffffff,"[1, 1.9999999999999999998915797827514, 63]",false,false
P3_6_1_0_0,bool,true,true,true,uint64_t,base_42,000000000000002a,"[1, 1.3125, 5]",true,true
P3_6_1_1_0,bool,true,true,true,uint64_t,base_zero,0000000000000000,"[1, 0.0, 0]",false,false
P3_6_1_2_0,bool,true,true,true,uint64_t,i64max,7fffffffffffffff,"[1, 1.9999999999999999997831595655029, 62]",true,true
P3_6_1_3_0,bool,true,true,true,uint64_t,i64max_plus1,8000000000000000,"[1, 1.0, 63]",true,true
P3_6_1_4_0,bool,true,true,true,uint64_t,p53_plus1,0020000000000001,"[1, 1.0000000000000001110223024625157, 53]",true,true
P3_6_1_5_0,bool,true,true,true,uint64_t,u64max,ffffffffffffffff,"[1, 1.9999999999999999998915797827514, 63]",true,true
P3_7_0_0_0,bool,false,false,false,__int128,base_42,0000000000000000000000000000002a,"[1, 1.3125, 5]",false,false
P3_7_0_1_0,bool,false,false,false,__int128,base_zero,00000000000000000000000000000000,"[1, 0.0, 0]",false,false
P3_7_0_2_0,bool,false,false,false,__int128,i64max,00000000000000007fffffffffffffff,"[1, 1.9999999999999999997831595655029, 62]",false,false
P3_7_0_3_0,bool,false,false,false,__int128,i64max_plus1,00000000000000008000000000000000,"[1, 1.0, 63]",false,false
P3_7_0_4_0,bool,false,false,false,__int128,p53_plus1,00000000000000000020000000000001,"[1, 1.0000000000000001110223024625157, 53]",false,false
P3_7_0_5_0,bool,false,false,false,__int128,u64max,0000000000000000ffffffffffffffff,"[1, 1.9999999999999999998915797827514, 63]",false,false
P3_7_1_0_0,bool,true,true,true,__int128,base_42,0000000000000000000000000000002a,"[1, 1.3125, 5]",true,true
P3_7_1_1_0,bool,true,true,true,__int128,base_zero,00000000000000000000000000000000,"[1, 0.0, 0]",false,false
P3_7_1_2_0,bool,true,true,true,__int128,i64max,00000000000000007fffffffffffffff,"[1, 1.9999999999999999997831595655029, 62]",true,true
P3_7_1_3_0,bool,true,true,true,__int128,i64max_plus1,00000000000000008000000000000000,"[1, 1.0, 63]",true,true
P3_7_1_4_0,bool,true,true,true,__int128,p53_plus1,00000000000000000020000000000001,"[1, 1.0000000000000001110223024625157, 53]",true,true
P3_7_1_5_0,bool,true,true,true,__int128,u64max,0000000000000000ffffffffffffffff,"[1, 1.9999999999999999998915797827514, 63]",true,true
P3_8_0_0_0,bool,false,false,false,double,base_1_5,3ff8000000000000,"[1, 1.5, 0]",false,false
P3_8_0_1_0,bool,false,false,false,double,base_pi,400921fb54442d18,"[1, 1.5707963267948965579989817342721, 1]",false,false
P3_8_0_2_0,bool,false,false,false,double,inf,7ff0000000000000,"[1, inf]",false,false
P3_8_0_3_0,bool,false,false,false,double,nan,7ff8000000000000,nan,false,false
P3_8_0_4_0,bool,false,false,false,double,negzero,8000000000000000,"[-1, 0.0, 0]",false,false
P3_8_0_5_0,bool,false,false,false,double,point1,3fb999999999999a,"[1, 1.6000000000000000888178419700125, -4]",false,false
P3_8_1_0_0,bool,true,true,true,double,base_1_5,3ff8000000000000,"[1, 1.5, 0]",true,true
P3_8_1_1_0,bool,true,true,true,double,base_pi,400921fb54442d18,"[1, 1.5707963267948965579989817342721, 1]",true,true
P3_8_1_2_0,bool,true,true,true,double,inf,7ff0000000000000,"[1, inf]",true,true
P3_8_1_3_0,bool,true,true,true,double,nan,7ff8000000000000,nan,true,true
P3_8_1_4_0,bool,true,true,true,double,negzero,8000000000000000,"[-1, 0.0, 0]",false,false
P3_8_1_5_0,bool,true,true,true,double,point1,3fb999999999999a,"[1, 1.6000000000000000888178419700125, -4]",true,true
P3_9_0_0_0,bool,false,false,false,float,base_1_5,3fc00000,"[1, 1.5, 0]",false,false
P3_9_0_1_0,bool,false,false,false,float,base_pi,40490fdb,"[1, 1.57079637050628662109375, 1]",false,false
P3_9_0_2_0,bool,false,false,false,float,inf,7f800000,"[1, inf]",false,false
P3_9_0_3_0,bool,false,false,false,float,nan,7fc00000,nan,false,false
P3_9_0_4_0,bool,false,false,false,float,negzero,80000000,"[-1, 0.0, 0]",false,false
P3_9_0_5_0,bool,false,false,false,float,point1,3dcccccd,"[1, 1.60000002384185791015625, -4]",false,false
P3_9_1_0_0,bool,true,true,true,float,base_1_5,3fc00000,"[1, 1.5, 0]",true,true
P3_9_1_1_0,bool,true,true,true,float,base_pi,40490fdb,"[1, 1.57079637050628662109375, 1]",true,true
P3_9_1_2_0,bool,true,true,true,float,inf,7f800000,"[1, inf]",true,true
P3_9_1_3_0,bool,true,true,true,float,nan,7fc00000,nan,true,true
P3_9_1_4_0,bool,true,true,true,float,negzero,80000000,"[-1, 0.0, 0]",false,false
P3_9_1_5_0,bool,true,true,true,float,point1,3dcccccd,"[1, 1.60000002384185791015625, -4]",true,true
P3_11_0_0_0,bool,false,false,false,const char*,base_empty,,t||0|0|0,false,false
P3_11_0_1_0,bool,false,false,false,const char*,base_hello,68656c6c6f,t|68656c6c6f|5|5|5,false,false
P3_11_0_2_0,bool,false,false,false,const char*,base_lines,6c696e65206f6e650a6c696e652074776f,t|6c696e65206f6e650a6c696e652074776f|17|17|17,false,false
P3_11_0_3_0,bool,false,false,false,const char*,clef,f09d849e,t|f09d849e|4|1|1,false,false
P3_11_0_4_0,bool,false,false,false,const char*,eacute,c3a9,t|c3a9|2|1|1,false,false
P3_11_0_5_0,bool,false,false,false,const char*,escapes,71756f74652022206261636b736c617368205c207461620968657265,t|71756f74652022206261636b736c617368205c207461620968657265|28|28|28,false,false
P3_11_1_0_0,bool,true,true,true,const char*,base_empty,,t||0|0|0,true,true
P3_11_1_1_0,bool,true,true,true,const char*,base_hello,68656c6c6f,t|68656c6c6f|5|5|5,true,true
P3_11_1_2_0,bool,true,true,true,const char*,base_lines,6c696e65206f6e650a6c696e652074776f,t|6c696e65206f6e650a6c696e652074776f|17|17|17,true,true
P3_11_1_3_0,bool,true,true,true,const char*,clef,f09d849e,t|f09d849e|4|1|1,true,true
P3_11_1_4_0,bool,true,true,true,const char*,eacute,c3a9,t|c3a9|2|1|1,true,true
P3_11_1_5_0,bool,true,true,true,const char*,escapes,71756f74652022206261636b736c617368205c207461620968657265,t|71756f74652022206261636b736c617368205c207461620968657265|28|28|28,true,true
P3_14_0_0_0,bool,false,false,false,T[N] (C array),base,"[1, 2, 3]","c|[1, 1.0, 0],[1, 1.0, 1],[1, 1.5, 1]|integer|as-sorted",false,false
P3_14_0_2_0,bool,false,false,false,T[N] (C array),empty,[],c||empty|as-sorted,false,false
P3_14_0_4_0,bool,false,false,false,T[N] (C array),strs,"['a', 'b']","c|t|61|1|1|1,t|62|1|1|1|integer|as-sorted",false,false
P3_14_1_0_0,bool,true,true,true,T[N] (C array),base,"[1, 2, 3]","c|[1, 1.0, 0],[1, 1.0, 1],[1, 1.5, 1]|integer|as-sorted",true,true
P3_14_1_2_0,bool,true,true,true,T[N] (C array),empty,[],c||empty|as-sorted,true,true
P3_14_1_4_0,bool,true,true,true,T[N] (C array),strs,"['a', 'b']","c|t|61|1|1|1,t|62|1|1|1|integer|as-sorted",true,true
P4_1_0_0_0,int32_t,base_42,0000002a,"[1, 1.3125, 5]",std::nullptr_t,null,null,null,false,false
P4_1_1_0_0,int32_t,base_zero,00000000,"[1, 0.0, 0]",std::nullptr_t,null,null,null,false,false
P4_1_2_0_0,int32_t,i64max,ffffffff,"[-1, 1.0, 0]",std::nullptr_t,null,null,null,false,false
P4_1_3_0_0,int32_t,i64max_plus1,00000000,"[1, 0.0, 0]",std::nullptr_t,null,null,null,false,false
P4_1_4_0_0,int32_t,p53_plus1,00000001,"[1, 1.0, 0]",std::nullptr_t,null,null,null,false,false
P4_1_5_0_0,int32_t,u64max,ffffffff,"[-1, 1.0, 0]",std::nullptr_t,null,null,null,false,false
P4_2_0_0_0,int32_t,base_42,0000002a,"[1, 1.3125, 5]",std::optional<int64_t>,null,null,null,false,false
P4_2_1_0_0,int32_t,base_zero,00000000,"[1, 0.0, 0]",std::optional<int64_t>,null,null,null,false,false
P4_2_2_0_0,int32_t,i64max,ffffffff,"[-1, 1.0, 0]",std::optional<int64_t>,null,null,null,false,false
P4_2_3_0_0,int32_t,i64max_plus1,00000000,"[1, 0.0, 0]",std::optional<int64_t>,null,null,null,false,false
P4_2_4_0_0,int32_t,p53_plus1,00000001,"[1, 1.0, 0]",std::optional<int64_t>,null,null,null,false,false
P4_2_5_0_0,int32_t,u64max,ffffffff,"[-1, 1.0, 0]",std::optional<int64_t>,null,null,null,false,false
P4_3_0_0_0,int32_t,base_42,0000002a,"[1, 1.3125, 5]",bool,false,false,false,false,false
P4_3_0_1_0,int32_t,base_42,0000002a,"[1, 1.3125, 5]",bool,true,true,true,true,true
P4_3_1_0_0,int32_t,base_zero,00000000,"[1, 0.0, 0]",bool,false,false,false,false,false
P4_3_1_1_0,int32_t,base_zero,00000000,"[1, 0.0, 0]",bool,true,true,true,false,false
P4_3_2_0_0,int32_t,i64max,ffffffff,"[-1, 1.0, 0]",bool,false,false,false,false,false
P4_3_2_1_0,int32_t,i64max,ffffffff,"[-1, 1.0, 0]",bool,true,true,true,true,true
P4_3_3_0_0,int32_t,i64max_plus1,00000000,"[1, 0.0, 0]",bool,false,false,false,false,false
P4_3_3_1_0,int32_t,i64max_plus1,00000000,"[1, 0.0, 0]",bool,true,true,true,false,false
P4_3_4_0_0,int32_t,p53_plus1,00000001,"[1, 1.0, 0]",bool,false,false,false,false,false
P4_3_4_1_0,int32_t,p53_plus1,00000001,"[1, 1.0, 0]",bool,true,true,true,true,true
P4_3_5_0_0,int32_t,u64max,ffffffff,"[-1, 1.0, 0]",bool,false,false,false,false,false
P4_3_5_1_0,int32_t,u64max,ffffffff,"[-1, 1.0, 0]",bool,true,true,true,true,true
P4_4_0_0_0,int32_t,base_42,0000002a,"[1, 1.3125, 5]",int32_t,base_42,0000002a,"[1, 1.3125, 5]",true,true
P4_4_0_1_0,int32_t,base_42,0000002a,"[1, 1.3125, 5]",int32_t,base_zero,00000000,"[1, 0.0, 0]",false,false
P4_4_0_2_0,int32_t,base_42,0000002a,"[1, 1.3125, 5]",int32_t,i64max,ffffffff,"[-1, 1.0, 0]",true,true
P4_4_0_3_0,int32_t,base_42,0000002a,"[1, 1.3125, 5]",int32_t,i64max_plus1,00000000,"[1, 0.0, 0]",false,false
P4_4_0_4_0,int32_t,base_42,0000002a,"[1, 1.3125, 5]",int32_t,p53_plus1,00000001,"[1, 1.0, 0]",true,true
P4_4_0_5_0,int32_t,base_42,0000002a,"[1, 1.3125, 5]",int32_t,u64max,ffffffff,"[-1, 1.0, 0]",true,true
P4_4_1_0_0,int32_t,base_zero,00000000,"[1, 0.0, 0]",int32_t,base_42,0000002a,"[1, 1.3125, 5]",false,false
P4_4_1_1_0,int32_t,base_zero,00000000,"[1, 0.0, 0]",int32_t,base_zero,00000000,"[1, 0.0, 0]",false,false
P4_4_1_2_0,int32_t,base_zero,00000000,"[1, 0.0, 0]",int32_t,i64max,ffffffff,"[-1, 1.0, 0]",false,false
P4_4_1_3_0,int32_t,base_zero,00000000,"[1, 0.0, 0]",int32_t,i64max_plus1,00000000,"[1, 0.0, 0]",false,false
P4_4_1_4_0,int32_t,base_zero,00000000,"[1, 0.0, 0]",int32_t,p53_plus1,00000001,"[1, 1.0, 0]",false,false
P4_4_1_5_0,int32_t,base_zero,00000000,"[1, 0.0, 0]",int32_t,u64max,ffffffff,"[-1, 1.0, 0]",false,false
P4_4_2_0_0,int32_t,i64max,ffffffff,"[-1, 1.0, 0]",int32_t,base_42,0000002a,"[1, 1.3125, 5]",true,true
P4_4_2_1_0,int32_t,i64max,ffffffff,"[-1, 1.0, 0]",int32_t,base_zero,00000000,"[1, 0.0, 0]",false,false
P4_4_2_2_0,int32_t,i64max,ffffffff,"[-1, 1.0, 0]",int32_t,i64max,ffffffff,"[-1, 1.0, 0]",true,true
P4_4_2_3_0,int32_t,i64max,ffffffff,"[-1, 1.0, 0]",int32_t,i64max_plus1,00000000,"[1, 0.0, 0]",false,false
P4_4_2_4_0,int32_t,i64max,ffffffff,"[-1, 1.0, 0]",int32_t,p53_plus1,00000001,"[1, 1.0, 0]",true,true
P4_4_2_5_0,int32_t,i64max,ffffffff,"[-1, 1.0, 0]",int32_t,u64max,ffffffff,"[-1, 1.0, 0]",true,true
P4_4_3_0_0,int32_t,i64max_plus1,00000000,"[1, 0.0, 0]",int32_t,base_42,0000002a,"[1, 1.3125, 5]",false,false
P4_4_3_1_0,int32_t,i64max_plus1,00000000,"[1, 0.0, 0]",int32_t,base_zero,00000000,"[1, 0.0, 0]",false,false
P4_4_3_2_0,int32_t,i64max_plus1,00000000,"[1, 0.0, 0]",int32_t,i64max,ffffffff,"[-1, 1.0, 0]",false,false
P4_4_3_3_0,int32_t,i64max_plus1,00000000,"[1, 0.0, 0]",int32_t,i64max_plus1,00000000,"[1, 0.0, 0]",false,false
P4_4_3_4_0,int32_t,i64max_plus1,00000000,"[1, 0.0, 0]",int32_t,p53_plus1,00000001,"[1, 1.0, 0]",false,false
P4_4_3_5_0,int32_t,i64max_plus1,00000000,"[1, 0.0, 0]",int32_t,u64max,ffffffff,"[-1, 1.0, 0]",false,false
P4_4_4_0_0,int32_t,p53_plus1,00000001,"[1, 1.0, 0]",int32_t,base_42,0000002a,"[1, 1.3125, 5]",true,true
P4_4_4_1_0,int32_t,p53_plus1,00000001,"[1, 1.0, 0]",int32_t,base_zero,00000000,"[1, 0.0, 0]",false,false
P4_4_4_2_0,int32_t,p53_plus1,00000001,"[1, 1.0, 0]",int32_t,i64max,ffffffff,"[-1, 1.0, 0]",true,true
P4_4_4_3_0,int32_t,p53_plus1,00000001,"[1, 1.0, 0]",int32_t,i64max_plus1,00000000,"[1, 0.0, 0]",false,false
P4_4_4_4_0,int32_t,p53_plus1,00000001,"[1, 1.0, 0]",int32_t,p53_plus1,00000001,"[1, 1.0, 0]",true,true
P4_4_4_5_0,int32_t,p53_plus1,00000001,"[1, 1.0, 0]",int32_t,u64max,ffffffff,"[-1, 1.0, 0]",true,true
P4_4_5_0_0,int32_t,u64max,ffffffff,"[-1, 1.0, 0]",int32_t,base_42,0000002a,"[1, 1.3125, 5]",true,true
P4_4_5_1_0,int32_t,u64max,ffffffff,"[-1, 1.0, 0]",int32_t,base_zero,00000000,"[1, 0.0, 0]",false,false
P4_4_5_2_0,int32_t,u64max,ffffffff,"[-1, 1.0, 0]",int32_t,i64max,ffffffff,"[-1, 1.0, 0]",true,true
P4_4_5_3_0,int32_t,u64max,ffffffff,"[-1, 1.0, 0]",int32_t,i64max_plus1,00000000,"[1, 0.0, 0]",false,false
P4_4_5_4_0,int32_t,u64max,ffffffff,"[-1, 1.0, 0]",int32_t,p53_plus1,00000001,"[1, 1.0, 0]",true,true
P4_4_5_5_0,int32_t,u64max,ffffffff,"[-1, 1.0, 0]",int32_t,u64max,ffffffff,"[-1, 1.0, 0]",true,true
P4_5_0_0_0,int32_t,base_42,0000002a,"[1, 1.3125, 5]",int64_t,base_42,000000000000002a,"[1, 1.3125, 5]",true,true
P4_5_0_1_0,int32_t,base_42,0000002a,"[1, 1.3125, 5]",int64_t,base_zero,0000000000000000,"[1, 0.0, 0]",false,false
P4_5_0_2_0,int32_t,base_42,0000002a,"[1, 1.3125, 5]",int64_t,i64max,7fffffffffffffff,"[1, 1.9999999999999999997831595655029, 62]",true,true
P4_5_0_3_0,int32_t,base_42,0000002a,"[1, 1.3125, 5]",int64_t,i64max_plus1,8000000000000000,"[-1, 1.0, 63]",true,true
P4_5_0_4_0,int32_t,base_42,0000002a,"[1, 1.3125, 5]",int64_t,p53_plus1,0020000000000001,"[1, 1.0000000000000001110223024625157, 53]",true,true
P4_5_0_5_0,int32_t,base_42,0000002a,"[1, 1.3125, 5]",int64_t,u64max,ffffffffffffffff,"[-1, 1.0, 0]",true,true
P4_5_1_0_0,int32_t,base_zero,00000000,"[1, 0.0, 0]",int64_t,base_42,000000000000002a,"[1, 1.3125, 5]",false,false
P4_5_1_1_0,int32_t,base_zero,00000000,"[1, 0.0, 0]",int64_t,base_zero,0000000000000000,"[1, 0.0, 0]",false,false
P4_5_1_2_0,int32_t,base_zero,00000000,"[1, 0.0, 0]",int64_t,i64max,7fffffffffffffff,"[1, 1.9999999999999999997831595655029, 62]",false,false
P4_5_1_3_0,int32_t,base_zero,00000000,"[1, 0.0, 0]",int64_t,i64max_plus1,8000000000000000,"[-1, 1.0, 63]",false,false
P4_5_1_4_0,int32_t,base_zero,00000000,"[1, 0.0, 0]",int64_t,p53_plus1,0020000000000001,"[1, 1.0000000000000001110223024625157, 53]",false,false
P4_5_1_5_0,int32_t,base_zero,00000000,"[1, 0.0, 0]",int64_t,u64max,ffffffffffffffff,"[-1, 1.0, 0]",false,false
P4_5_2_0_0,int32_t,i64max,ffffffff,"[-1, 1.0, 0]",int64_t,base_42,000000000000002a,"[1, 1.3125, 5]",true,true
P4_5_2_1_0,int32_t,i64max,ffffffff,"[-1, 1.0, 0]",int64_t,base_zero,0000000000000000,"[1, 0.0, 0]",false,false
P4_5_2_2_0,int32_t,i64max,ffffffff,"[-1, 1.0, 0]",int64_t,i64max,7fffffffffffffff,"[1, 1.9999999999999999997831595655029, 62]",true,true
P4_5_2_3_0,int32_t,i64max,ffffffff,"[-1, 1.0, 0]",int64_t,i64max_plus1,8000000000000000,"[-1, 1.0, 63]",true,true
P4_5_2_4_0,int32_t,i64max,ffffffff,"[-1, 1.0, 0]",int64_t,p53_plus1,0020000000000001,"[1, 1.0000000000000001110223024625157, 53]",true,true
P4_5_2_5_0,int32_t,i64max,ffffffff,"[-1, 1.0, 0]",int64_t,u64max,ffffffffffffffff,"[-1, 1.0, 0]",true,true
P4_5_3_0_0,int32_t,i64max_plus1,00000000,"[1, 0.0, 0]",int64_t,base_42,000000000000002a,"[1, 1.3125, 5]",false,false
P4_5_3_1_0,int32_t,i64max_plus1,00000000,"[1, 0.0, 0]",int64_t,base_zero,0000000000000000,"[1, 0.0, 0]",false,false
P4_5_3_2_0,int32_t,i64max_plus1,00000000,"[1, 0.0, 0]",int64_t,i64max,7fffffffffffffff,"[1, 1.9999999999999999997831595655029, 62]",false,false
P4_5_3_3_0,int32_t,i64max_plus1,00000000,"[1, 0.0, 0]",int64_t,i64max_plus1,8000000000000000,"[-1, 1.0, 63]",false,false
P4_5_3_4_0,int32_t,i64max_plus1,00000000,"[1, 0.0, 0]",int64_t,p53_plus1,0020000000000001,"[1, 1.0000000000000001110223024625157, 53]",false,false
P4_5_3_5_0,int32_t,i64max_plus1,00000000,"[1, 0.0, 0]",int64_t,u64max,ffffffffffffffff,"[-1, 1.0, 0]",false,false
P4_5_4_0_0,int32_t,p53_plus1,00000001,"[1, 1.0, 0]",int64_t,base_42,000000000000002a,"[1, 1.3125, 5]",true,true
P4_5_4_1_0,int32_t,p53_plus1,00000001,"[1, 1.0, 0]",int64_t,base_zero,0000000000000000,"[1, 0.0, 0]",false,false
P4_5_4_2_0,int32_t,p53_plus1,00000001,"[1, 1.0, 0]",int64_t,i64max,7fffffffffffffff,"[1, 1.9999999999999999997831595655029, 62]",true,true
P4_5_4_3_0,int32_t,p53_plus1,00000001,"[1, 1.0, 0]",int64_t,i64max_plus1,8000000000000000,"[-1, 1.0, 63]",true,true
P4_5_4_4_0,int32_t,p53_plus1,00000001,"[1, 1.0, 0]",int64_t,p53_plus1,0020000000000001,"[1, 1.0000000000000001110223024625157, 53]",true,true
P4_5_4_5_0,int32_t,p53_plus1,00000001,"[1, 1.0, 0]",int64_t,u64max,ffffffffffffffff,"[-1, 1.0, 0]",true,true
P4_5_5_0_0,int32_t,u64max,ffffffff,"[-1, 1.0, 0]",int64_t,base_42,000000000000002a,"[1, 1.3125, 5]",true,true
P4_5_5_1_0,int32_t,u64max,ffffffff,"[-1, 1.0, 0]",int64_t,base_zero,0000000000000000,"[1, 0.0, 0]",false,false
P4_5_5_2_0,int32_t,u64max,ffffffff,"[-1, 1.0, 0]",int64_t,i64max,7fffffffffffffff,"[1, 1.9999999999999999997831595655029, 62]",true,true
P4_5_5_3_0,int32_t,u64max,ffffffff,"[-1, 1.0, 0]",int64_t,i64max_plus1,8000000000000000,"[-1, 1.0, 63]",true,true
P4_5_5_4_0,int32_t,u64max,ffffffff,"[-1, 1.0, 0]",int64_t,p53_plus1,0020000000000001,"[1, 1.0000000000000001110223024625157, 53]",true,true
P4_5_5_5_0,int32_t,u64max,ffffffff,"[-1, 1.0, 0]",int64_t,u64max,ffffffffffffffff,"[-1, 1.0, 0]",true,true
P4_6_0_0_0,int32_t,base_42,0000002a,"[1, 1.3125, 5]",uint64_t,base_42,000000000000002a,"[1, 1.3125, 5]",true,true
P4_6_0_1_0,int32_t,base_42,0000002a,"[1, 1.3125, 5]",uint64_t,base_zero,0000000000000000,"[1, 0.0, 0]",false,false
P4_6_0_2_0,int32_t,base_42,0000002a,"[1, 1.3125, 5]",uint64_t,i64max,7fffffffffffffff,"[1, 1.9999999999999999997831595655029, 62]",true,true
P4_6_0_3_0,int32_t,base_42,0000002a,"[1, 1.3125, 5]",uint64_t,i64max_plus1,8000000000000000,"[1, 1.0, 63]",true,true
P4_6_0_4_0,int32_t,base_42,0000002a,"[1, 1.3125, 5]",uint64_t,p53_plus1,0020000000000001,"[1, 1.0000000000000001110223024625157, 53]",true,true
P4_6_0_5_0,int32_t,base_42,0000002a,"[1, 1.3125, 5]",uint64_t,u64max,ffffffffffffffff,"[1, 1.9999999999999999998915797827514, 63]",true,true
P4_6_1_0_0,int32_t,base_zero,00000000,"[1, 0.0, 0]",uint64_t,base_42,000000000000002a,"[1, 1.3125, 5]",false,false
P4_6_1_1_0,int32_t,base_zero,00000000,"[1, 0.0, 0]",uint64_t,base_zero,0000000000000000,"[1, 0.0, 0]",false,false
P4_6_1_2_0,int32_t,base_zero,00000000,"[1, 0.0, 0]",uint64_t,i64max,7fffffffffffffff,"[1, 1.9999999999999999997831595655029, 62]",false,false
P4_6_1_3_0,int32_t,base_zero,00000000,"[1, 0.0, 0]",uint64_t,i64max_plus1,8000000000000000,"[1, 1.0, 63]",false,false
P4_6_1_4_0,int32_t,base_zero,00000000,"[1, 0.0, 0]",uint64_t,p53_plus1,0020000000000001,"[1, 1.0000000000000001110223024625157, 53]",false,false
P4_6_1_5_0,int32_t,base_zero,00000000,"[1, 0.0, 0]",uint64_t,u64max,ffffffffffffffff,"[1, 1.9999999999999999998915797827514, 63]",false,false
P4_6_2_0_0,int32_t,i64max,ffffffff,"[-1, 1.0, 0]",uint64_t,base_42,000000000000002a,"[1, 1.3125, 5]",true,true
P4_6_2_1_0,int32_t,i64max,ffffffff,"[-1, 1.0, 0]",uint64_t,base_zero,0000000000000000,"[1, 0.0, 0]",false,false
P4_6_2_2_0,int32_t,i64max,ffffffff,"[-1, 1.0, 0]",uint64_t,i64max,7fffffffffffffff,"[1, 1.9999999999999999997831595655029, 62]",true,true
P4_6_2_3_0,int32_t,i64max,ffffffff,"[-1, 1.0, 0]",uint64_t,i64max_plus1,8000000000000000,"[1, 1.0, 63]",true,true
P4_6_2_4_0,int32_t,i64max,ffffffff,"[-1, 1.0, 0]",uint64_t,p53_plus1,0020000000000001,"[1, 1.0000000000000001110223024625157, 53]",true,true
P4_6_2_5_0,int32_t,i64max,ffffffff,"[-1, 1.0, 0]",uint64_t,u64max,ffffffffffffffff,"[1, 1.9999999999999999998915797827514, 63]",true,true
P4_6_3_0_0,int32_t,i64max_plus1,00000000,"[1, 0.0, 0]",uint64_t,base_42,000000000000002a,"[1, 1.3125, 5]",false,false
P4_6_3_1_0,int32_t,i64max_plus1,00000000,"[1, 0.0, 0]",uint64_t,base_zero,0000000000000000,"[1, 0.0, 0]",false,false
P4_6_3_2_0,int32_t,i64max_plus1,00000000,"[1, 0.0, 0]",uint64_t,i64max,7fffffffffffffff,"[1, 1.9999999999999999997831595655029, 62]",false,false
P4_6_3_3_0,int32_t,i64max_plus1,00000000,"[1, 0.0, 0]",uint64_t,i64max_plus1,8000000000000000,"[1, 1.0, 63]",false,false
P4_6_3_4_0,int32_t,i64max_plus1,00000000,"[1, 0.0, 0]",uint64_t,p53_plus1,0020000000000001,"[1, 1.0000000000000001110223024625157, 53]",false,false
P4_6_3_5_0,int32_t,i64max_plus1,00000000,"[1, 0.0, 0]",uint64_t,u64max,ffffffffffffffff,"[1, 1.9999999999999999998915797827514, 63]",false,false
P4_6_4_0_0,int32_t,p53_plus1,00000001,"[1, 1.0, 0]",uint64_t,base_42,000000000000002a,"[1, 1.3125, 5]",true,true
P4_6_4_1_0,int32_t,p53_plus1,00000001,"[1, 1.0, 0]",uint64_t,base_zero,0000000000000000,"[1, 0.0, 0]",false,false
P4_6_4_2_0,int32_t,p53_plus1,00000001,"[1, 1.0, 0]",uint64_t,i64max,7fffffffffffffff,"[1, 1.9999999999999999997831595655029, 62]",true,true
P4_6_4_3_0,int32_t,p53_plus1,00000001,"[1, 1.0, 0]",uint64_t,i64max_plus1,8000000000000000,"[1, 1.0, 63]",true,true
P4_6_4_4_0,int32_t,p53_plus1,00000001,"[1, 1.0, 0]",uint64_t,p53_plus1,0020000000000001,"[1, 1.0000000000000001110223024625157, 53]",true,true
P4_6_4_5_0,int32_t,p53_plus1,00000001,"[1, 1.0, 0]",uint64_t,u64max,ffffffffffffffff,"[1, 1.9999999999999999998915797827514, 63]",true,true
P4_6_5_0_0,int32_t,u64max,ffffffff,"[-1, 1.0, 0]",uint64_t,base_42,000000000000002a,"[1, 1.3125, 5]",true,true
P4_6_5_1_0,int32_t,u64max,ffffffff,"[-1, 1.0, 0]",uint64_t,base_zero,0000000000000000,"[1, 0.0, 0]",false,false
P4_6_5_2_0,int32_t,u64max,ffffffff,"[-1, 1.0, 0]",uint64_t,i64max,7fffffffffffffff,"[1, 1.9999999999999999997831595655029, 62]",true,true
P4_6_5_3_0,int32_t,u64max,ffffffff,"[-1, 1.0, 0]",uint64_t,i64max_plus1,8000000000000000,"[1, 1.0, 63]",true,true
P4_6_5_4_0,int32_t,u64max,ffffffff,"[-1, 1.0, 0]",uint64_t,p53_plus1,0020000000000001,"[1, 1.0000000000000001110223024625157, 53]",true,true
P4_6_5_5_0,int32_t,u64max,ffffffff,"[-1, 1.0, 0]",uint64_t,u64max,ffffffffffffffff,"[1, 1.9999999999999999998915797827514, 63]",true,true
P4_7_0_0_0,int32_t,base_42,0000002a,"[1, 1.3125, 5]",__int128,base_42,0000000000000000000000000000002a,"[1, 1.3125, 5]",true,true
P4_7_0_1_0,int32_t,base_42,0000002a,"[1, 1.3125, 5]",__int128,base_zero,00000000000000000000000000000000,"[1, 0.0, 0]",false,false
P4_7_0_2_0,int32_t,base_42,0000002a,"[1, 1.3125, 5]",__int128,i64max,00000000000000007fffffffffffffff,"[1, 1.9999999999999999997831595655029, 62]",true,true
P4_7_0_3_0,int32_t,base_42,0000002a,"[1, 1.3125, 5]",__int128,i64max_plus1,00000000000000008000000000000000,"[1, 1.0, 63]",true,true
P4_7_0_4_0,int32_t,base_42,0000002a,"[1, 1.3125, 5]",__int128,p53_plus1,00000000000000000020000000000001,"[1, 1.0000000000000001110223024625157, 53]",true,true
P4_7_0_5_0,int32_t,base_42,0000002a,"[1, 1.3125, 5]",__int128,u64max,0000000000000000ffffffffffffffff,"[1, 1.9999999999999999998915797827514, 63]",true,true
P4_7_1_0_0,int32_t,base_zero,00000000,"[1, 0.0, 0]",__int128,base_42,0000000000000000000000000000002a,"[1, 1.3125, 5]",false,false
P4_7_1_1_0,int32_t,base_zero,00000000,"[1, 0.0, 0]",__int128,base_zero,00000000000000000000000000000000,"[1, 0.0, 0]",false,false
P4_7_1_2_0,int32_t,base_zero,00000000,"[1, 0.0, 0]",__int128,i64max,00000000000000007fffffffffffffff,"[1, 1.9999999999999999997831595655029, 62]",false,false
P4_7_1_3_0,int32_t,base_zero,00000000,"[1, 0.0, 0]",__int128,i64max_plus1,00000000000000008000000000000000,"[1, 1.0, 63]",false,false
P4_7_1_4_0,int32_t,base_zero,00000000,"[1, 0.0, 0]",__int128,p53_plus1,00000000000000000020000000000001,"[1, 1.0000000000000001110223024625157, 53]",false,false
P4_7_1_5_0,int32_t,base_zero,00000000,"[1, 0.0, 0]",__int128,u64max,0000000000000000ffffffffffffffff,"[1, 1.9999999999999999998915797827514, 63]",false,false
P4_7_2_0_0,int32_t,i64max,ffffffff,"[-1, 1.0, 0]",__int128,base_42,0000000000000000000000000000002a,"[1, 1.3125, 5]",true,true
P4_7_2_1_0,int32_t,i64max,ffffffff,"[-1, 1.0, 0]",__int128,base_zero,00000000000000000000000000000000,"[1, 0.0, 0]",false,false
P4_7_2_2_0,int32_t,i64max,ffffffff,"[-1, 1.0, 0]",__int128,i64max,00000000000000007fffffffffffffff,"[1, 1.9999999999999999997831595655029, 62]",true,true
P4_7_2_3_0,int32_t,i64max,ffffffff,"[-1, 1.0, 0]",__int128,i64max_plus1,00000000000000008000000000000000,"[1, 1.0, 63]",true,true
P4_7_2_4_0,int32_t,i64max,ffffffff,"[-1, 1.0, 0]",__int128,p53_plus1,00000000000000000020000000000001,"[1, 1.0000000000000001110223024625157, 53]",true,true
P4_7_2_5_0,int32_t,i64max,ffffffff,"[-1, 1.0, 0]",__int128,u64max,0000000000000000ffffffffffffffff,"[1, 1.9999999999999999998915797827514, 63]",true,true
P4_7_3_0_0,int32_t,i64max_plus1,00000000,"[1, 0.0, 0]",__int128,base_42,0000000000000000000000000000002a,"[1, 1.3125, 5]",false,false
P4_7_3_1_0,int32_t,i64max_plus1,00000000,"[1, 0.0, 0]",__int128,base_zero,00000000000000000000000000000000,"[1, 0.0, 0]",false,false
P4_7_3_2_0,int32_t,i64max_plus1,00000000,"[1, 0.0, 0]",__int128,i64max,00000000000000007fffffffffffffff,"[1, 1.9999999999999999997831595655029, 62]",false,false
P4_7_3_3_0,int32_t,i64max_plus1,00000000,"[1, 0.0, 0]",__int128,i64max_plus1,00000000000000008000000000000000,"[1, 1.0, 63]",false,false
P4_7_3_4_0,int32_t,i64max_plus1,00000000,"[1, 0.0, 0]",__int128,p53_plus1,00000000000000000020000000000001,"[1, 1.0000000000000001110223024625157, 53]",false,false
P4_7_3_5_0,int32_t,i64max_plus1,00000000,"[1, 0.0, 0]",__int128,u64max,0000000000000000ffffffffffffffff,"[1, 1.9999999999999999998915797827514, 63]",false,false
P4_7_4_0_0,int32_t,p53_plus1,00000001,"[1, 1.0, 0]",__int128,base_42,0000000000000000000000000000002a,"[1, 1.3125, 5]",true,true
P4_7_4_1_0,int32_t,p53_plus1,00000001,"[1, 1.0, 0]",__int128,base_zero,00000000000000000000000000000000,"[1, 0.0, 0]",false,false
P4_7_4_2_0,int32_t,p53_plus1,00000001,"[1, 1.0, 0]",__int128,i64max,00000000000000007fffffffffffffff,"[1, 1.9999999999999999997831595655029, 62]",true,true
P4_7_4_3_0,int32_t,p53_plus1,00000001,"[1, 1.0, 0]",__int128,i64max_plus1,00000000000000008000000000000000,"[1, 1.0, 63]",true,true
P4_7_4_4_0,int32_t,p53_plus1,00000001,"[1, 1.0, 0]",__int128,p53_plus1,00000000000000000020000000000001,"[1, 1.0000000000000001110223024625157, 53]",true,true
P4_7_4_5_0,int32_t,p53_plus1,00000001,"[1, 1.0, 0]",__int128,u64max,0000000000000000ffffffffffffffff,"[1, 1.9999999999999999998915797827514, 63]",true,true
P4_7_5_0_0,int32_t,u64max,ffffffff,"[-1, 1.0, 0]",__int128,base_42,0000000000000000000000000000002a,"[1, 1.3125, 5]",true,true
P4_7_5_1_0,int32_t,u64max,ffffffff,"[-1, 1.0, 0]",__int128,base_zero,00000000000000000000000000000000,"[1, 0.0, 0]",false,false
P4_7_5_2_0,int32_t,u64max,ffffffff,"[-1, 1.0, 0]",__int128,i64max,00000000000000007fffffffffffffff,"[1, 1.9999999999999999997831595655029, 62]",true,true
P4_7_5_3_0,int32_t,u64max,ffffffff,"[-1, 1.0, 0]",__int128,i64max_plus1,00000000000000008000000000000000,"[1, 1.0, 63]",true,true
P4_7_5_4_0,int32_t,u64max,ffffffff,"[-1, 1.0, 0]",__int128,p53_plus1,00000000000000000020000000000001,"[1, 1.0000000000000001110223024625157, 53]",true,true
P4_7_5_5_0,int32_t,u64max,ffffffff,"[-1, 1.0, 0]",__int128,u64max,0000000000000000ffffffffffffffff,"[1, 1.9999999999999999998915797827514, 63]",true,true
P4_8_0_0_0,int32_t,base_42,0000002a,"[1, 1.3125, 5]",double,base_1_5,3ff8000000000000,"[1, 1.5, 0]",true,true
P4_8_0_1_0,int32_t,base_42,0000002a,"[1, 1.3125, 5]",double,base_pi,400921fb54442d18,"[1, 1.5707963267948965579989817342721, 1]",true,true
P4_8_0_2_0,int32_t,base_42,0000002a,"[1, 1.3125, 5]",double,inf,7ff0000000000000,"[1, inf]",true,true
P4_8_0_3_0,int32_t,base_42,0000002a,"[1, 1.3125, 5]",double,nan,7ff8000000000000,nan,true,true
P4_8_0_4_0,int32_t,base_42,0000002a,"[1, 1.3125, 5]",double,negzero,8000000000000000,"[-1, 0.0, 0]",false,false
P4_8_0_5_0,int32_t,base_42,0000002a,"[1, 1.3125, 5]",double,point1,3fb999999999999a,"[1, 1.6000000000000000888178419700125, -4]",true,true
P4_8_1_0_0,int32_t,base_zero,00000000,"[1, 0.0, 0]",double,base_1_5,3ff8000000000000,"[1, 1.5, 0]",false,false
P4_8_1_1_0,int32_t,base_zero,00000000,"[1, 0.0, 0]",double,base_pi,400921fb54442d18,"[1, 1.5707963267948965579989817342721, 1]",false,false
P4_8_1_2_0,int32_t,base_zero,00000000,"[1, 0.0, 0]",double,inf,7ff0000000000000,"[1, inf]",false,false
P4_8_1_3_0,int32_t,base_zero,00000000,"[1, 0.0, 0]",double,nan,7ff8000000000000,nan,false,false
P4_8_1_4_0,int32_t,base_zero,00000000,"[1, 0.0, 0]",double,negzero,8000000000000000,"[-1, 0.0, 0]",false,false
P4_8_1_5_0,int32_t,base_zero,00000000,"[1, 0.0, 0]",double,point1,3fb999999999999a,"[1, 1.6000000000000000888178419700125, -4]",false,false
P4_8_2_0_0,int32_t,i64max,ffffffff,"[-1, 1.0, 0]",double,base_1_5,3ff8000000000000,"[1, 1.5, 0]",true,true
P4_8_2_1_0,int32_t,i64max,ffffffff,"[-1, 1.0, 0]",double,base_pi,400921fb54442d18,"[1, 1.5707963267948965579989817342721, 1]",true,true
P4_8_2_2_0,int32_t,i64max,ffffffff,"[-1, 1.0, 0]",double,inf,7ff0000000000000,"[1, inf]",true,true
P4_8_2_3_0,int32_t,i64max,ffffffff,"[-1, 1.0, 0]",double,nan,7ff8000000000000,nan,true,true
P4_8_2_4_0,int32_t,i64max,ffffffff,"[-1, 1.0, 0]",double,negzero,8000000000000000,"[-1, 0.0, 0]",false,false
P4_8_2_5_0,int32_t,i64max,ffffffff,"[-1, 1.0, 0]",double,point1,3fb999999999999a,"[1, 1.6000000000000000888178419700125, -4]",true,true
P4_8_3_0_0,int32_t,i64max_plus1,00000000,"[1, 0.0, 0]",double,base_1_5,3ff8000000000000,"[1, 1.5, 0]",false,false
P4_8_3_1_0,int32_t,i64max_plus1,00000000,"[1, 0.0, 0]",double,base_pi,400921fb54442d18,"[1, 1.5707963267948965579989817342721, 1]",false,false
P4_8_3_2_0,int32_t,i64max_plus1,00000000,"[1, 0.0, 0]",double,inf,7ff0000000000000,"[1, inf]",false,false
P4_8_3_3_0,int32_t,i64max_plus1,00000000,"[1, 0.0, 0]",double,nan,7ff8000000000000,nan,false,false
P4_8_3_4_0,int32_t,i64max_plus1,00000000,"[1, 0.0, 0]",double,negzero,8000000000000000,"[-1, 0.0, 0]",false,false
P4_8_3_5_0,int32_t,i64max_plus1,00000000,"[1, 0.0, 0]",double,point1,3fb999999999999a,"[1, 1.6000000000000000888178419700125, -4]",false,false
P4_8_4_0_0,int32_t,p53_plus1,00000001,"[1, 1.0, 0]",double,base_1_5,3ff8000000000000,"[1, 1.5, 0]",true,true
P4_8_4_1_0,int32_t,p53_plus1,00000001,"[1, 1.0, 0]",double,base_pi,400921fb54442d18,"[1, 1.5707963267948965579989817342721, 1]",true,true
P4_8_4_2_0,int32_t,p53_plus1,00000001,"[1, 1.0, 0]",double,inf,7ff0000000000000,"[1, inf]",true,true
P4_8_4_3_0,int32_t,p53_plus1,00000001,"[1, 1.0, 0]",double,nan,7ff8000000000000,nan,true,true
P4_8_4_4_0,int32_t,p53_plus1,00000001,"[1, 1.0, 0]",double,negzero,8000000000000000,"[-1, 0.0, 0]",false,false
P4_8_4_5_0,int32_t,p53_plus1,00000001,"[1, 1.0, 0]",double,point1,3fb999999999999a,"[1, 1.6000000000000000888178419700125, -4]",true,true
P4_8_5_0_0,int32_t,u64max,ffffffff,"[-1, 1.0, 0]",double,base_1_5,3ff8000000000000,"[1, 1.5, 0]",true,true
P4_8_5_1_0,int32_t,u64max,ffffffff,"[-1, 1.0, 0]",double,base_pi,400921fb54442d18,"[1, 1.5707963267948965579989817342721, 1]",true,true
P4_8_5_2_0,int32_t,u64max,ffffffff,"[-1, 1.0, 0]",double,inf,7ff0000000000000,"[1, inf]",true,true
P4_8_5_3_0,int32_t,u64max,ffffffff,"[-1, 1.0, 0]",double,nan,7ff8000000000000,nan,true,true
P4_8_5_4_0,int32_t,u64max,ffffffff,"[-1, 1.0, 0]",double,negzero,8000000000000000,"[-1, 0.0, 0]",false,false
P4_8_5_5_0,int32_t,u64max,ffffffff,"[-1, 1.0, 0]",double,point1,3fb999999999999a,"[1, 1.6000000000000000888178419700125, -4]",true,true
P4_9_0_0_0,int32_t,base_42,0000002a,"[1, 1.3125, 5]",float,base_1_5,3fc00000,"[1, 1.5, 0]",true,true
P4_9_0_1_0,int32_t,base_42,0000002a,"[1, 1.3125, 5]",float,base_pi,40490fdb,"[1, 1.57079637050628662109375, 1]",true,true
P4_9_0_2_0,int32_t,base_42,0000002a,"[1, 1.3125, 5]",float,inf,7f800000,"[1, inf]",true,true
P4_9_0_3_0,int32_t,base_42,0000002a,"[1, 1.3125, 5]",float,nan,7fc00000,nan,true,true
P4_9_0_4_0,int32_t,base_42,0000002a,"[1, 1.3125, 5]",float,negzero,80000000,"[-1, 0.0, 0]",false,false
P4_9_0_5_0,int32_t,base_42,0000002a,"[1, 1.3125, 5]",float,point1,3dcccccd,"[1, 1.60000002384185791015625, -4]",true,true
P4_9_1_0_0,int32_t,base_zero,00000000,"[1, 0.0, 0]",float,base_1_5,3fc00000,"[1, 1.5, 0]",false,false
P4_9_1_1_0,int32_t,base_zero,00000000,"[1, 0.0, 0]",float,base_pi,40490fdb,"[1, 1.57079637050628662109375, 1]",false,false
P4_9_1_2_0,int32_t,base_zero,00000000,"[1, 0.0, 0]",float,inf,7f800000,"[1, inf]",false,false
P4_9_1_3_0,int32_t,base_zero,00000000,"[1, 0.0, 0]",float,nan,7fc00000,nan,false,false
P4_9_1_4_0,int32_t,base_zero,00000000,"[1, 0.0, 0]",float,negzero,80000000,"[-1, 0.0, 0]",false,false
P4_9_1_5_0,int32_t,base_zero,00000000,"[1, 0.0, 0]",float,point1,3dcccccd,"[1, 1.60000002384185791015625, -4]",false,false
P4_9_2_0_0,int32_t,i64max,ffffffff,"[-1, 1.0, 0]",float,base_1_5,3fc00000,"[1, 1.5, 0]",true,true
P4_9_2_1_0,int32_t,i64max,ffffffff,"[-1, 1.0, 0]",float,base_pi,40490fdb,"[1, 1.57079637050628662109375, 1]",true,true
P4_9_2_2_0,int32_t,i64max,ffffffff,"[-1, 1.0, 0]",float,inf,7f800000,"[1, inf]",true,true
P4_9_2_3_0,int32_t,i64max,ffffffff,"[-1, 1.0, 0]",float,nan,7fc00000,nan,true,true
P4_9_2_4_0,int32_t,i64max,ffffffff,"[-1, 1.0, 0]",float,negzero,80000000,"[-1, 0.0, 0]",false,false
P4_9_2_5_0,int32_t,i64max,ffffffff,"[-1, 1.0, 0]",float,point1,3dcccccd,"[1, 1.60000002384185791015625, -4]",true,true
P4_9_3_0_0,int32_t,i64max_plus1,00000000,"[1, 0.0, 0]",float,base_1_5,3fc00000,"[1, 1.5, 0]",false,false
P4_9_3_1_0,int32_t,i64max_plus1,00000000,"[1, 0.0, 0]",float,base_pi,40490fdb,"[1, 1.57079637050628662109375, 1]",false,false
P4_9_3_2_0,int32_t,i64max_plus1,00000000,"[1, 0.0, 0]",float,inf,7f800000,"[1, inf]",false,false
P4_9_3_3_0,int32_t,i64max_plus1,00000000,"[1, 0.0, 0]",float,nan,7fc00000,nan,false,false
P4_9_3_4_0,int32_t,i64max_plus1,00000000,"[1, 0.0, 0]",float,negzero,80000000,"[-1, 0.0, 0]",false,false
P4_9_3_5_0,int32_t,i64max_plus1,00000000,"[1, 0.0, 0]",float,point1,3dcccccd,"[1, 1.60000002384185791015625, -4]",false,false
P4_9_4_0_0,int32_t,p53_plus1,00000001,"[1, 1.0, 0]",float,base_1_5,3fc00000,"[1, 1.5, 0]",true,true
P4_9_4_1_0,int32_t,p53_plus1,00000001,"[1, 1.0, 0]",float,base_pi,40490fdb,"[1, 1.57079637050628662109375, 1]",true,true
P4_9_4_2_0,int32_t,p53_plus1,00000001,"[1, 1.0, 0]",float,inf,7f800000,"[1, inf]",true,true
P4_9_4_3_0,int32_t,p53_plus1,00000001,"[1, 1.0, 0]",float,nan,7fc00000,nan,true,true
P4_9_4_4_0,int32_t,p53_plus1,00000001,"[1, 1.0, 0]",float,negzero,80000000,"[-1, 0.0, 0]",false,false
P4_9_4_5_0,int32_t,p53_plus1,00000001,"[1, 1.0, 0]",float,point1,3dcccccd,"[1, 1.60000002384185791015625, -4]",true,true
P4_9_5_0_0,int32_t,u64max,ffffffff,"[-1, 1.0, 0]",float,base_1_5,3fc00000,"[1, 1.5, 0]",true,true
P4_9_5_1_0,int32_t,u64max,ffffffff,"[-1, 1.0, 0]",float,base_pi,40490fdb,"[1, 1.57079637050628662109375, 1]",true,true
P4_9_5_2_0,int32_t,u64max,ffffffff,"[-1, 1.0, 0]",float,inf,7f800000,"[1, inf]",true,true
P4_9_5_3_0,int32_t,u64max,ffffffff,"[-1, 1.0, 0]",float,nan,7fc00000,nan,true,true
P4_9_5_4_0,int32_t,u64max,ffffffff,"[-1, 1.0, 0]",float,negzero,80000000,"[-1, 0.0, 0]",false,false
P4_9_5_5_0,int32_t,u64max,ffffffff,"[-1, 1.0, 0]",float,point1,3dcccccd,"[1, 1.60000002384185791015625, -4]",true,true
P4_11_0_0_0,int32_t,base_42,0000002a,"[1, 1.3125, 5]",const char*,base_empty,,t||0|0|0,true,true
P4_11_0_1_0,int32_t,base_42,0000002a,"[1, 1.3125, 5]",const char*,base_hello,68656c6c6f,t|68656c6c6f|5|5|5,true,true
P4_11_0_2_0,int32_t,base_42,0000002a,"[1, 1.3125, 5]",const char*,base_lines,6c696e65206f6e650a6c696e652074776f,t|6c696e65206f6e650a6c696e652074776f|17|17|17,true,true
P4_11_0_3_0,int32_t,base_42,0000002a,"[1, 1.3125, 5]",const char*,clef,f09d849e,t|f09d849e|4|1|1,true,true
P4_11_0_4_0,int32_t,base_42,0000002a,"[1, 1.3125, 5]",const char*,eacute,c3a9,t|c3a9|2|1|1,true,true
P4_11_0_5_0,int32_t,base_42,0000002a,"[1, 1.3125, 5]",const char*,escapes,71756f74652022206261636b736c617368205c207461620968657265,t|71756f74652022206261636b736c617368205c207461620968657265|28|28|28,true,true
P4_11_1_0_0,int32_t,base_zero,00000000,"[1, 0.0, 0]",const char*,base_empty,,t||0|0|0,false,false
P4_11_1_1_0,int32_t,base_zero,00000000,"[1, 0.0, 0]",const char*,base_hello,68656c6c6f,t|68656c6c6f|5|5|5,false,false
P4_11_1_2_0,int32_t,base_zero,00000000,"[1, 0.0, 0]",const char*,base_lines,6c696e65206f6e650a6c696e652074776f,t|6c696e65206f6e650a6c696e652074776f|17|17|17,false,false
P4_11_1_3_0,int32_t,base_zero,00000000,"[1, 0.0, 0]",const char*,clef,f09d849e,t|f09d849e|4|1|1,false,false
P4_11_1_4_0,int32_t,base_zero,00000000,"[1, 0.0, 0]",const char*,eacute,c3a9,t|c3a9|2|1|1,false,false
P4_11_1_5_0,int32_t,base_zero,00000000,"[1, 0.0, 0]",const char*,escapes,71756f74652022206261636b736c617368205c207461620968657265,t|71756f74652022206261636b736c617368205c207461620968657265|28|28|28,false,false
P4_11_2_0_0,int32_t,i64max,ffffffff,"[-1, 1.0, 0]",const char*,base_empty,,t||0|0|0,true,true
P4_11_2_1_0,int32_t,i64max,ffffffff,"[-1, 1.0, 0]",const char*,base_hello,68656c6c6f,t|68656c6c6f|5|5|5,true,true
P4_11_2_2_0,int32_t,i64max,ffffffff,"[-1, 1.0, 0]",const char*,base_lines,6c696e65206f6e650a6c696e652074776f,t|6c696e65206f6e650a6c696e652074776f|17|17|17,true,true
P4_11_2_3_0,int32_t,i64max,ffffffff,"[-1, 1.0, 0]",const char*,clef,f09d849e,t|f09d849e|4|1|1,true,true
P4_11_2_4_0,int32_t,i64max,ffffffff,"[-1, 1.0, 0]",const char*,eacute,c3a9,t|c3a9|2|1|1,true,true
P4_11_2_5_0,int32_t,i64max,ffffffff,"[-1, 1.0, 0]",const char*,escapes,71756f74652022206261636b736c617368205c207461620968657265,t|71756f74652022206261636b736c617368205c207461620968657265|28|28|28,true,true
P4_11_3_0_0,int32_t,i64max_plus1,00000000,"[1, 0.0, 0]",const char*,base_empty,,t||0|0|0,false,false
P4_11_3_1_0,int32_t,i64max_plus1,00000000,"[1, 0.0, 0]",const char*,base_hello,68656c6c6f,t|68656c6c6f|5|5|5,false,false
P4_11_3_2_0,int32_t,i64max_plus1,00000000,"[1, 0.0, 0]",const char*,base_lines,6c696e65206f6e650a6c696e652074776f,t|6c696e65206f6e650a6c696e652074776f|17|17|17,false,false
P4_11_3_3_0,int32_t,i64max_plus1,00000000,"[1, 0.0, 0]",const char*,clef,f09d849e,t|f09d849e|4|1|1,false,false
P4_11_3_4_0,int32_t,i64max_plus1,00000000,"[1, 0.0, 0]",const char*,eacute,c3a9,t|c3a9|2|1|1,false,false
P4_11_3_5_0,int32_t,i64max_plus1,00000000,"[1, 0.0, 0]",const char*,escapes,71756f74652022206261636b736c617368205c207461620968657265,t|71756f74652022206261636b736c617368205c207461620968657265|28|28|28,false,false
P4_11_4_0_0,int32_t,p53_plus1,00000001,"[1, 1.0, 0]",const char*,base_empty,,t||0|0|0,true,true
P4_11_4_1_0,int32_t,p53_plus1,00000001,"[1, 1.0, 0]",const char*,base_hello,68656c6c6f,t|68656c6c6f|5|5|5,true,true
P4_11_4_2_0,int32_t,p53_plus1,00000001,"[1, 1.0, 0]",const char*,base_lines,6c696e65206f6e650a6c696e652074776f,t|6c696e65206f6e650a6c696e652074776f|17|17|17,true,true
P4_11_4_3_0,int32_t,p53_plus1,00000001,"[1, 1.0, 0]",const char*,clef,f09d849e,t|f09d849e|4|1|1,true,true
P4_11_4_4_0,int32_t,p53_plus1,00000001,"[1, 1.0, 0]",const char*,eacute,c3a9,t|c3a9|2|1|1,true,true
P4_11_4_5_0,int32_t,p53_plus1,00000001,"[1, 1.0, 0]",const char*,escapes,71756f74652022206261636b736c617368205c207461620968657265,t|71756f74652022206261636b736c617368205c207461620968657265|28|28|28,true,true
P4_11_5_0_0,int32_t,u64max,ffffffff,"[-1, 1.0, 0]",const char*,base_empty,,t||0|0|0,true,true
P4_11_5_1_0,int32_t,u64max,ffffffff,"[-1, 1.0, 0]",const char*,base_hello,68656c6c6f,t|68656c6c6f|5|5|5,true,true
P4_11_5_2_0,int32_t,u64max,ffffffff,"[-1, 1.0, 0]",const char*,base_lines,6c696e65206f6e650a6c696e652074776f,t|6c696e65206f6e650a6c696e652074776f|17|17|17,true,true
P4_11_5_3_0,int32_t,u64max,ffffffff,"[-1, 1.0, 0]",const char*,clef,f09d849e,t|f09d849e|4|1|1,true,true
P4_11_5_4_0,int32_t,u64max,ffffffff,"[-1, 1.0, 0]",const char*,eacute,c3a9,t|c3a9|2|1|1,true,true
P4_11_5_5_0,int32_t,u64max,ffffffff,"[-1, 1.0, 0]",const char*,escapes,71756f74652022206261636b736c617368205c207461620968657265,t|71756f74652022206261636b736c617368205c207461620968657265|28|28|28,true,true
P4_14_0_0_0,int32_t,base_42,0000002a,"[1, 1.3125, 5]",T[N] (C array),base,"[1, 2, 3]","c|[1, 1.0, 0],[1, 1.0, 1],[1, 1.5, 1]|integer|as-sorted",true,true
P4_14_0_2_0,int32_t,base_42,0000002a,"[1, 1.3125, 5]",T[N] (C array),empty,[],c||empty|as-sorted,true,true
P4_14_0_4_0,int32_t,base_42,0000002a,"[1, 1.3125, 5]",T[N] (C array),strs,"['a', 'b']","c|t|61|1|1|1,t|62|1|1|1|integer|as-sorted",true,true
P4_14_1_0_0,int32_t,base_zero,00000000,"[1, 0.0, 0]",T[N] (C array),base,"[1, 2, 3]","c|[1, 1.0, 0],[1, 1.0, 1],[1, 1.5, 1]|integer|as-sorted",false,false
P4_14_1_2_0,int32_t,base_zero,00000000,"[1, 0.0, 0]",T[N] (C array),empty,[],c||empty|as-sorted,false,false
P4_14_1_4_0,int32_t,base_zero,00000000,"[1, 0.0, 0]",T[N] (C array),strs,"['a', 'b']","c|t|61|1|1|1,t|62|1|1|1|integer|as-sorted",false,false
P4_14_2_0_0,int32_t,i64max,ffffffff,"[-1, 1.0, 0]",T[N] (C array),base,"[1, 2, 3]","c|[1, 1.0, 0],[1, 1.0, 1],[1, 1.5, 1]|integer|as-sorted",true,true
P4_14_2_2_0,int32_t,i64max,ffffffff,"[-1, 1.0, 0]",T[N] (C array),empty,[],c||empty|as-sorted,true,true
P4_14_2_4_0,int32_t,i64max,ffffffff,"[-1, 1.0, 0]",T[N] (C array),strs,"['a', 'b']","c|t|61|1|1|1,t|62|1|1|1|integer|as-sorted",true,true
P4_14_3_0_0,int32_t,i64max_plus1,00000000,"[1, 0.0, 0]",T[N] (C array),base,"[1, 2, 3]","c|[1, 1.0, 0],[1, 1.0, 1],[1, 1.5, 1]|integer|as-sorted",false,false
P4_14_3_2_0,int32_t,i64max_plus1,00000000,"[1, 0.0, 0]",T[N] (C array),empty,[],c||empty|as-sorted,false,false
P4_14_3_4_0,int32_t,i64max_plus1,00000000,"[1, 0.0, 0]",T[N] (C array),strs,"['a', 'b']","c|t|61|1|1|1,t|62|1|1|1|integer|as-sorted",false,false
P4_14_4_0_0,int32_t,p53_plus1,00000001,"[1, 1.0, 0]",T[N] (C array),base,"[1, 2, 3]","c|[1, 1.0, 0],[1, 1.0, 1],[1, 1.5, 1]|integer|as-sorted",true,true
P4_14_4_2_0,int32_t,p53_plus1,00000001,"[1, 1.0, 0]",T[N] (C array),empty,[],c||empty|as-sorted,true,true
P4_14_4_4_0,int32_t,p53_plus1,00000001,"[1, 1.0, 0]",T[N] (C array),strs,"['a', 'b']","c|t|61|1|1|1,t|62|1|1|1|integer|as-sorted",true,true
P4_14_5_0_0,int32_t,u64max,ffffffff,"[-1, 1.0, 0]",T[N] (C array),base,"[1, 2, 3]","c|[1, 1.0, 0],[1, 1.0, 1],[1, 1.5, 1]|integer|as-sorted",true,true
P4_14_5_2_0,int32_t,u64max,ffffffff,"[-1, 1.0, 0]",T[N] (C array),empty,[],c||empty|as-sorted,true,true
P4_14_5_4_0,int32_t,u64max,ffffffff,"[-1, 1.0, 0]",T[N] (C array),strs,"['a', 'b']","c|t|61|1|1|1,t|62|1|1|1|integer|as-sorted",true,true
P5_1_0_0_0,int64_t,base_42,000000000000002a,"[1, 1.3125, 5]",std::nullptr_t,null,null,null,false,false
P5_1_1_0_0,int64_t,base_zero,0000000000000000,"[1, 0.0, 0]",std::nullptr_t,null,null,null,false,false
P5_1_2_0_0,int64_t,i64max,7fffffffffffffff,"[1, 1.9999999999999999997831595655029, 62]",std::nullptr_t,null,null,null,false,false
P5_1_3_0_0,int64_t,i64max_plus1,8000000000000000,"[-1, 1.0, 63]",std::nullptr_t,null,null,null,false,false
P5_1_4_0_0,int64_t,p53_plus1,0020000000000001,"[1, 1.0000000000000001110223024625157, 53]",std::nullptr_t,null,null,null,false,false
P5_1_5_0_0,int64_t,u64max,ffffffffffffffff,"[-1, 1.0, 0]",std::nullptr_t,null,null,null,false,false
P5_2_0_0_0,int64_t,base_42,000000000000002a,"[1, 1.3125, 5]",std::optional<int64_t>,null,null,null,false,false
P5_2_1_0_0,int64_t,base_zero,0000000000000000,"[1, 0.0, 0]",std::optional<int64_t>,null,null,null,false,false
P5_2_2_0_0,int64_t,i64max,7fffffffffffffff,"[1, 1.9999999999999999997831595655029, 62]",std::optional<int64_t>,null,null,null,false,false
P5_2_3_0_0,int64_t,i64max_plus1,8000000000000000,"[-1, 1.0, 63]",std::optional<int64_t>,null,null,null,false,false
P5_2_4_0_0,int64_t,p53_plus1,0020000000000001,"[1, 1.0000000000000001110223024625157, 53]",std::optional<int64_t>,null,null,null,false,false
P5_2_5_0_0,int64_t,u64max,ffffffffffffffff,"[-1, 1.0, 0]",std::optional<int64_t>,null,null,null,false,false
P5_3_0_0_0,int64_t,base_42,000000000000002a,"[1, 1.3125, 5]",bool,false,false,false,false,false
P5_3_0_1_0,int64_t,base_42,000000000000002a,"[1, 1.3125, 5]",bool,true,true,true,true,true
P5_3_1_0_0,int64_t,base_zero,0000000000000000,"[1, 0.0, 0]",bool,false,false,false,false,false
P5_3_1_1_0,int64_t,base_zero,0000000000000000,"[1, 0.0, 0]",bool,true,true,true,false,false
P5_3_2_0_0,int64_t,i64max,7fffffffffffffff,"[1, 1.9999999999999999997831595655029, 62]",bool,false,false,false,false,false
P5_3_2_1_0,int64_t,i64max,7fffffffffffffff,"[1, 1.9999999999999999997831595655029, 62]",bool,true,true,true,true,true
P5_3_3_0_0,int64_t,i64max_plus1,8000000000000000,"[-1, 1.0, 63]",bool,false,false,false,false,false
P5_3_3_1_0,int64_t,i64max_plus1,8000000000000000,"[-1, 1.0, 63]",bool,true,true,true,true,true
P5_3_4_0_0,int64_t,p53_plus1,0020000000000001,"[1, 1.0000000000000001110223024625157, 53]",bool,false,false,false,false,false
P5_3_4_1_0,int64_t,p53_plus1,0020000000000001,"[1, 1.0000000000000001110223024625157, 53]",bool,true,true,true,true,true
P5_3_5_0_0,int64_t,u64max,ffffffffffffffff,"[-1, 1.0, 0]",bool,false,false,false,false,false
P5_3_5_1_0,int64_t,u64max,ffffffffffffffff,"[-1, 1.0, 0]",bool,true,true,true,true,true
P5_4_0_0_0,int64_t,base_42,000000000000002a,"[1, 1.3125, 5]",int32_t,base_42,0000002a,"[1, 1.3125, 5]",true,true
P5_4_0_1_0,int64_t,base_42,000000000000002a,"[1, 1.3125, 5]",int32_t,base_zero,00000000,"[1, 0.0, 0]",false,false
P5_4_0_2_0,int64_t,base_42,000000000000002a,"[1, 1.3125, 5]",int32_t,i64max,ffffffff,"[-1, 1.0, 0]",true,true
P5_4_0_3_0,int64_t,base_42,000000000000002a,"[1, 1.3125, 5]",int32_t,i64max_plus1,00000000,"[1, 0.0, 0]",false,false
P5_4_0_4_0,int64_t,base_42,000000000000002a,"[1, 1.3125, 5]",int32_t,p53_plus1,00000001,"[1, 1.0, 0]",true,true
P5_4_0_5_0,int64_t,base_42,000000000000002a,"[1, 1.3125, 5]",int32_t,u64max,ffffffff,"[-1, 1.0, 0]",true,true
P5_4_1_0_0,int64_t,base_zero,0000000000000000,"[1, 0.0, 0]",int32_t,base_42,0000002a,"[1, 1.3125, 5]",false,false
P5_4_1_1_0,int64_t,base_zero,0000000000000000,"[1, 0.0, 0]",int32_t,base_zero,00000000,"[1, 0.0, 0]",false,false
P5_4_1_2_0,int64_t,base_zero,0000000000000000,"[1, 0.0, 0]",int32_t,i64max,ffffffff,"[-1, 1.0, 0]",false,false
P5_4_1_3_0,int64_t,base_zero,0000000000000000,"[1, 0.0, 0]",int32_t,i64max_plus1,00000000,"[1, 0.0, 0]",false,false
P5_4_1_4_0,int64_t,base_zero,0000000000000000,"[1, 0.0, 0]",int32_t,p53_plus1,00000001,"[1, 1.0, 0]",false,false
P5_4_1_5_0,int64_t,base_zero,0000000000000000,"[1, 0.0, 0]",int32_t,u64max,ffffffff,"[-1, 1.0, 0]",false,false
P5_4_2_0_0,int64_t,i64max,7fffffffffffffff,"[1, 1.9999999999999999997831595655029, 62]",int32_t,base_42,0000002a,"[1, 1.3125, 5]",true,true
P5_4_2_1_0,int64_t,i64max,7fffffffffffffff,"[1, 1.9999999999999999997831595655029, 62]",int32_t,base_zero,00000000,"[1, 0.0, 0]",false,false
P5_4_2_2_0,int64_t,i64max,7fffffffffffffff,"[1, 1.9999999999999999997831595655029, 62]",int32_t,i64max,ffffffff,"[-1, 1.0, 0]",true,true
P5_4_2_3_0,int64_t,i64max,7fffffffffffffff,"[1, 1.9999999999999999997831595655029, 62]",int32_t,i64max_plus1,00000000,"[1, 0.0, 0]",false,false
P5_4_2_4_0,int64_t,i64max,7fffffffffffffff,"[1, 1.9999999999999999997831595655029, 62]",int32_t,p53_plus1,00000001,"[1, 1.0, 0]",true,true
P5_4_2_5_0,int64_t,i64max,7fffffffffffffff,"[1, 1.9999999999999999997831595655029, 62]",int32_t,u64max,ffffffff,"[-1, 1.0, 0]",true,true
P5_4_3_0_0,int64_t,i64max_plus1,8000000000000000,"[-1, 1.0, 63]",int32_t,base_42,0000002a,"[1, 1.3125, 5]",true,true
P5_4_3_1_0,int64_t,i64max_plus1,8000000000000000,"[-1, 1.0, 63]",int32_t,base_zero,00000000,"[1, 0.0, 0]",false,false
P5_4_3_2_0,int64_t,i64max_plus1,8000000000000000,"[-1, 1.0, 63]",int32_t,i64max,ffffffff,"[-1, 1.0, 0]",true,true
P5_4_3_3_0,int64_t,i64max_plus1,8000000000000000,"[-1, 1.0, 63]",int32_t,i64max_plus1,00000000,"[1, 0.0, 0]",false,false
P5_4_3_4_0,int64_t,i64max_plus1,8000000000000000,"[-1, 1.0, 63]",int32_t,p53_plus1,00000001,"[1, 1.0, 0]",true,true
P5_4_3_5_0,int64_t,i64max_plus1,8000000000000000,"[-1, 1.0, 63]",int32_t,u64max,ffffffff,"[-1, 1.0, 0]",true,true
P5_4_4_0_0,int64_t,p53_plus1,0020000000000001,"[1, 1.0000000000000001110223024625157, 53]",int32_t,base_42,0000002a,"[1, 1.3125, 5]",true,true
P5_4_4_1_0,int64_t,p53_plus1,0020000000000001,"[1, 1.0000000000000001110223024625157, 53]",int32_t,base_zero,00000000,"[1, 0.0, 0]",false,false
P5_4_4_2_0,int64_t,p53_plus1,0020000000000001,"[1, 1.0000000000000001110223024625157, 53]",int32_t,i64max,ffffffff,"[-1, 1.0, 0]",true,true
P5_4_4_3_0,int64_t,p53_plus1,0020000000000001,"[1, 1.0000000000000001110223024625157, 53]",int32_t,i64max_plus1,00000000,"[1, 0.0, 0]",false,false
P5_4_4_4_0,int64_t,p53_plus1,0020000000000001,"[1, 1.0000000000000001110223024625157, 53]",int32_t,p53_plus1,00000001,"[1, 1.0, 0]",true,true
P5_4_4_5_0,int64_t,p53_plus1,0020000000000001,"[1, 1.0000000000000001110223024625157, 53]",int32_t,u64max,ffffffff,"[-1, 1.0, 0]",true,true
P5_4_5_0_0,int64_t,u64max,ffffffffffffffff,"[-1, 1.0, 0]",int32_t,base_42,0000002a,"[1, 1.3125, 5]",true,true
P5_4_5_1_0,int64_t,u64max,ffffffffffffffff,"[-1, 1.0, 0]",int32_t,base_zero,00000000,"[1, 0.0, 0]",false,false
P5_4_5_2_0,int64_t,u64max,ffffffffffffffff,"[-1, 1.0, 0]",int32_t,i64max,ffffffff,"[-1, 1.0, 0]",true,true
P5_4_5_3_0,int64_t,u64max,ffffffffffffffff,"[-1, 1.0, 0]",int32_t,i64max_plus1,00000000,"[1, 0.0, 0]",false,false
P5_4_5_4_0,int64_t,u64max,ffffffffffffffff,"[-1, 1.0, 0]",int32_t,p53_plus1,00000001,"[1, 1.0, 0]",true,true
P5_4_5_5_0,int64_t,u64max,ffffffffffffffff,"[-1, 1.0, 0]",int32_t,u64max,ffffffff,"[-1, 1.0, 0]",true,true
P5_5_0_0_0,int64_t,base_42,000000000000002a,"[1, 1.3125, 5]",int64_t,base_42,000000000000002a,"[1, 1.3125, 5]",true,true
P5_5_0_1_0,int64_t,base_42,000000000000002a,"[1, 1.3125, 5]",int64_t,base_zero,0000000000000000,"[1, 0.0, 0]",false,false
P5_5_0_2_0,int64_t,base_42,000000000000002a,"[1, 1.3125, 5]",int64_t,i64max,7fffffffffffffff,"[1, 1.9999999999999999997831595655029, 62]",true,true
P5_5_0_3_0,int64_t,base_42,000000000000002a,"[1, 1.3125, 5]",int64_t,i64max_plus1,8000000000000000,"[-1, 1.0, 63]",true,true
P5_5_0_4_0,int64_t,base_42,000000000000002a,"[1, 1.3125, 5]",int64_t,p53_plus1,0020000000000001,"[1, 1.0000000000000001110223024625157, 53]",true,true
P5_5_0_5_0,int64_t,base_42,000000000000002a,"[1, 1.3125, 5]",int64_t,u64max,ffffffffffffffff,"[-1, 1.0, 0]",true,true
P5_5_1_0_0,int64_t,base_zero,0000000000000000,"[1, 0.0, 0]",int64_t,base_42,000000000000002a,"[1, 1.3125, 5]",false,false
P5_5_1_1_0,int64_t,base_zero,0000000000000000,"[1, 0.0, 0]",int64_t,base_zero,0000000000000000,"[1, 0.0, 0]",false,false
P5_5_1_2_0,int64_t,base_zero,0000000000000000,"[1, 0.0, 0]",int64_t,i64max,7fffffffffffffff,"[1, 1.9999999999999999997831595655029, 62]",false,false
P5_5_1_3_0,int64_t,base_zero,0000000000000000,"[1, 0.0, 0]",int64_t,i64max_plus1,8000000000000000,"[-1, 1.0, 63]",false,false
P5_5_1_4_0,int64_t,base_zero,0000000000000000,"[1, 0.0, 0]",int64_t,p53_plus1,0020000000000001,"[1, 1.0000000000000001110223024625157, 53]",false,false
P5_5_1_5_0,int64_t,base_zero,0000000000000000,"[1, 0.0, 0]",int64_t,u64max,ffffffffffffffff,"[-1, 1.0, 0]",false,false
P5_5_2_0_0,int64_t,i64max,7fffffffffffffff,"[1, 1.9999999999999999997831595655029, 62]",int64_t,base_42,000000000000002a,"[1, 1.3125, 5]",true,true
P5_5_2_1_0,int64_t,i64max,7fffffffffffffff,"[1, 1.9999999999999999997831595655029, 62]",int64_t,base_zero,0000000000000000,"[1, 0.0, 0]",false,false
P5_5_2_2_0,int64_t,i64max,7fffffffffffffff,"[1, 1.9999999999999999997831595655029, 62]",int64_t,i64max,7fffffffffffffff,"[1, 1.9999999999999999997831595655029, 62]",true,true
P5_5_2_3_0,int64_t,i64max,7fffffffffffffff,"[1, 1.9999999999999999997831595655029, 62]",int64_t,i64max_plus1,8000000000000000,"[-1, 1.0, 63]",true,true
P5_5_2_4_0,int64_t,i64max,7fffffffffffffff,"[1, 1.9999999999999999997831595655029, 62]",int64_t,p53_plus1,0020000000000001,"[1, 1.0000000000000001110223024625157, 53]",true,true
P5_5_2_5_0,int64_t,i64max,7fffffffffffffff,"[1, 1.9999999999999999997831595655029, 62]",int64_t,u64max,ffffffffffffffff,"[-1, 1.0, 0]",true,true
P5_5_3_0_0,int64_t,i64max_plus1,8000000000000000,"[-1, 1.0, 63]",int64_t,base_42,000000000000002a,"[1, 1.3125, 5]",true,true
P5_5_3_1_0,int64_t,i64max_plus1,8000000000000000,"[-1, 1.0, 63]",int64_t,base_zero,0000000000000000,"[1, 0.0, 0]",false,false
P5_5_3_2_0,int64_t,i64max_plus1,8000000000000000,"[-1, 1.0, 63]",int64_t,i64max,7fffffffffffffff,"[1, 1.9999999999999999997831595655029, 62]",true,true
P5_5_3_3_0,int64_t,i64max_plus1,8000000000000000,"[-1, 1.0, 63]",int64_t,i64max_plus1,8000000000000000,"[-1, 1.0, 63]",true,true
P5_5_3_4_0,int64_t,i64max_plus1,8000000000000000,"[-1, 1.0, 63]",int64_t,p53_plus1,0020000000000001,"[1, 1.0000000000000001110223024625157, 53]",true,true
P5_5_3_5_0,int64_t,i64max_plus1,8000000000000000,"[-1, 1.0, 63]",int64_t,u64max,ffffffffffffffff,"[-1, 1.0, 0]",true,true
P5_5_4_0_0,int64_t,p53_plus1,0020000000000001,"[1, 1.0000000000000001110223024625157, 53]",int64_t,base_42,000000000000002a,"[1, 1.3125, 5]",true,true
P5_5_4_1_0,int64_t,p53_plus1,0020000000000001,"[1, 1.0000000000000001110223024625157, 53]",int64_t,base_zero,0000000000000000,"[1, 0.0, 0]",false,false
P5_5_4_2_0,int64_t,p53_plus1,0020000000000001,"[1, 1.0000000000000001110223024625157, 53]",int64_t,i64max,7fffffffffffffff,"[1, 1.9999999999999999997831595655029, 62]",true,true
P5_5_4_3_0,int64_t,p53_plus1,0020000000000001,"[1, 1.0000000000000001110223024625157, 53]",int64_t,i64max_plus1,8000000000000000,"[-1, 1.0, 63]",true,true
P5_5_4_4_0,int64_t,p53_plus1,0020000000000001,"[1, 1.0000000000000001110223024625157, 53]",int64_t,p53_plus1,0020000000000001,"[1, 1.0000000000000001110223024625157, 53]",true,true
P5_5_4_5_0,int64_t,p53_plus1,0020000000000001,"[1, 1.0000000000000001110223024625157, 53]",int64_t,u64max,ffffffffffffffff,"[-1, 1.0, 0]",true,true
P5_5_5_0_0,int64_t,u64max,ffffffffffffffff,"[-1, 1.0, 0]",int64_t,base_42,000000000000002a,"[1, 1.3125, 5]",true,true
P5_5_5_1_0,int64_t,u64max,ffffffffffffffff,"[-1, 1.0, 0]",int64_t,base_zero,0000000000000000,"[1, 0.0, 0]",false,false
P5_5_5_2_0,int64_t,u64max,ffffffffffffffff,"[-1, 1.0, 0]",int64_t,i64max,7fffffffffffffff,"[1, 1.9999999999999999997831595655029, 62]",true,true
P5_5_5_3_0,int64_t,u64max,ffffffffffffffff,"[-1, 1.0, 0]",int64_t,i64max_plus1,8000000000000000,"[-1, 1.0, 63]",true,true
P5_5_5_4_0,int64_t,u64max,ffffffffffffffff,"[-1, 1.0, 0]",int64_t,p53_plus1,0020000000000001,"[1, 1.0000000000000001110223024625157, 53]",true,true
P5_5_5_5_0,int64_t,u64max,ffffffffffffffff,"[-1, 1.0, 0]",int64_t,u64max,ffffffffffffffff,"[-1, 1.0, 0]",true,true
P5_6_0_0_0,int64_t,base_42,000000000000002a,"[1, 1.3125, 5]",uint64_t,base_42,000000000000002a,"[1, 1.3125, 5]",true,true
P5_6_0_1_0,int64_t,base_42,000000000000002a,"[1, 1.3125, 5]",uint64_t,base_zero,0000000000000000,"[1, 0.0, 0]",false,false
P5_6_0_2_0,int64_t,base_42,000000000000002a,"[1, 1.3125, 5]",uint64_t,i64max,7fffffffffffffff,"[1, 1.9999999999999999997831595655029, 62]",true,true
P5_6_0_3_0,int64_t,base_42,000000000000002a,"[1, 1.3125, 5]",uint64_t,i64max_plus1,8000000000000000,"[1, 1.0, 63]",true,true
P5_6_0_4_0,int64_t,base_42,000000000000002a,"[1, 1.3125, 5]",uint64_t,p53_plus1,0020000000000001,"[1, 1.0000000000000001110223024625157, 53]",true,true
P5_6_0_5_0,int64_t,base_42,000000000000002a,"[1, 1.3125, 5]",uint64_t,u64max,ffffffffffffffff,"[1, 1.9999999999999999998915797827514, 63]",true,true
P5_6_1_0_0,int64_t,base_zero,0000000000000000,"[1, 0.0, 0]",uint64_t,base_42,000000000000002a,"[1, 1.3125, 5]",false,false
P5_6_1_1_0,int64_t,base_zero,0000000000000000,"[1, 0.0, 0]",uint64_t,base_zero,0000000000000000,"[1, 0.0, 0]",false,false
P5_6_1_2_0,int64_t,base_zero,0000000000000000,"[1, 0.0, 0]",uint64_t,i64max,7fffffffffffffff,"[1, 1.9999999999999999997831595655029, 62]",false,false
P5_6_1_3_0,int64_t,base_zero,0000000000000000,"[1, 0.0, 0]",uint64_t,i64max_plus1,8000000000000000,"[1, 1.0, 63]",false,false
P5_6_1_4_0,int64_t,base_zero,0000000000000000,"[1, 0.0, 0]",uint64_t,p53_plus1,0020000000000001,"[1, 1.0000000000000001110223024625157, 53]",false,false
P5_6_1_5_0,int64_t,base_zero,0000000000000000,"[1, 0.0, 0]",uint64_t,u64max,ffffffffffffffff,"[1, 1.9999999999999999998915797827514, 63]",false,false
P5_6_2_0_0,int64_t,i64max,7fffffffffffffff,"[1, 1.9999999999999999997831595655029, 62]",uint64_t,base_42,000000000000002a,"[1, 1.3125, 5]",true,true
P5_6_2_1_0,int64_t,i64max,7fffffffffffffff,"[1, 1.9999999999999999997831595655029, 62]",uint64_t,base_zero,0000000000000000,"[1, 0.0, 0]",false,false
P5_6_2_2_0,int64_t,i64max,7fffffffffffffff,"[1, 1.9999999999999999997831595655029, 62]",uint64_t,i64max,7fffffffffffffff,"[1, 1.9999999999999999997831595655029, 62]",true,true
P5_6_2_3_0,int64_t,i64max,7fffffffffffffff,"[1, 1.9999999999999999997831595655029, 62]",uint64_t,i64max_plus1,8000000000000000,"[1, 1.0, 63]",true,true
P5_6_2_4_0,int64_t,i64max,7fffffffffffffff,"[1, 1.9999999999999999997831595655029, 62]",uint64_t,p53_plus1,0020000000000001,"[1, 1.0000000000000001110223024625157, 53]",true,true
P5_6_2_5_0,int64_t,i64max,7fffffffffffffff,"[1, 1.9999999999999999997831595655029, 62]",uint64_t,u64max,ffffffffffffffff,"[1, 1.9999999999999999998915797827514, 63]",true,true
P5_6_3_0_0,int64_t,i64max_plus1,8000000000000000,"[-1, 1.0, 63]",uint64_t,base_42,000000000000002a,"[1, 1.3125, 5]",true,true
P5_6_3_1_0,int64_t,i64max_plus1,8000000000000000,"[-1, 1.0, 63]",uint64_t,base_zero,0000000000000000,"[1, 0.0, 0]",false,false
P5_6_3_2_0,int64_t,i64max_plus1,8000000000000000,"[-1, 1.0, 63]",uint64_t,i64max,7fffffffffffffff,"[1, 1.9999999999999999997831595655029, 62]",true,true
P5_6_3_3_0,int64_t,i64max_plus1,8000000000000000,"[-1, 1.0, 63]",uint64_t,i64max_plus1,8000000000000000,"[1, 1.0, 63]",true,true
P5_6_3_4_0,int64_t,i64max_plus1,8000000000000000,"[-1, 1.0, 63]",uint64_t,p53_plus1,0020000000000001,"[1, 1.0000000000000001110223024625157, 53]",true,true
P5_6_3_5_0,int64_t,i64max_plus1,8000000000000000,"[-1, 1.0, 63]",uint64_t,u64max,ffffffffffffffff,"[1, 1.9999999999999999998915797827514, 63]",true,true
P5_6_4_0_0,int64_t,p53_plus1,0020000000000001,"[1, 1.0000000000000001110223024625157, 53]",uint64_t,base_42,000000000000002a,"[1, 1.3125, 5]",true,true
P5_6_4_1_0,int64_t,p53_plus1,0020000000000001,"[1, 1.0000000000000001110223024625157, 53]",uint64_t,base_zero,0000000000000000,"[1, 0.0, 0]",false,false
P5_6_4_2_0,int64_t,p53_plus1,0020000000000001,"[1, 1.0000000000000001110223024625157, 53]",uint64_t,i64max,7fffffffffffffff,"[1, 1.9999999999999999997831595655029, 62]",true,true
P5_6_4_3_0,int64_t,p53_plus1,0020000000000001,"[1, 1.0000000000000001110223024625157, 53]",uint64_t,i64max_plus1,8000000000000000,"[1, 1.0, 63]",true,true
P5_6_4_4_0,int64_t,p53_plus1,0020000000000001,"[1, 1.0000000000000001110223024625157, 53]",uint64_t,p53_plus1,0020000000000001,"[1, 1.0000000000000001110223024625157, 53]",true,true
P5_6_4_5_0,int64_t,p53_plus1,0020000000000001,"[1, 1.0000000000000001110223024625157, 53]",uint64_t,u64max,ffffffffffffffff,"[1, 1.9999999999999999998915797827514, 63]",true,true
P5_6_5_0_0,int64_t,u64max,ffffffffffffffff,"[-1, 1.0, 0]",uint64_t,base_42,000000000000002a,"[1, 1.3125, 5]",true,true
P5_6_5_1_0,int64_t,u64max,ffffffffffffffff,"[-1, 1.0, 0]",uint64_t,base_zero,0000000000000000,"[1, 0.0, 0]",false,false
P5_6_5_2_0,int64_t,u64max,ffffffffffffffff,"[-1, 1.0, 0]",uint64_t,i64max,7fffffffffffffff,"[1, 1.9999999999999999997831595655029, 62]",true,true
P5_6_5_3_0,int64_t,u64max,ffffffffffffffff,"[-1, 1.0, 0]",uint64_t,i64max_plus1,8000000000000000,"[1, 1.0, 63]",true,true
P5_6_5_4_0,int64_t,u64max,ffffffffffffffff,"[-1, 1.0, 0]",uint64_t,p53_plus1,0020000000000001,"[1, 1.0000000000000001110223024625157, 53]",true,true
P5_6_5_5_0,int64_t,u64max,ffffffffffffffff,"[-1, 1.0, 0]",uint64_t,u64max,ffffffffffffffff,"[1, 1.9999999999999999998915797827514, 63]",true,true
P5_7_0_0_0,int64_t,base_42,000000000000002a,"[1, 1.3125, 5]",__int128,base_42,0000000000000000000000000000002a,"[1, 1.3125, 5]",true,true
P5_7_0_1_0,int64_t,base_42,000000000000002a,"[1, 1.3125, 5]",__int128,base_zero,00000000000000000000000000000000,"[1, 0.0, 0]",false,false
P5_7_0_2_0,int64_t,base_42,000000000000002a,"[1, 1.3125, 5]",__int128,i64max,00000000000000007fffffffffffffff,"[1, 1.9999999999999999997831595655029, 62]",true,true
P5_7_0_3_0,int64_t,base_42,000000000000002a,"[1, 1.3125, 5]",__int128,i64max_plus1,00000000000000008000000000000000,"[1, 1.0, 63]",true,true
P5_7_0_4_0,int64_t,base_42,000000000000002a,"[1, 1.3125, 5]",__int128,p53_plus1,00000000000000000020000000000001,"[1, 1.0000000000000001110223024625157, 53]",true,true
P5_7_0_5_0,int64_t,base_42,000000000000002a,"[1, 1.3125, 5]",__int128,u64max,0000000000000000ffffffffffffffff,"[1, 1.9999999999999999998915797827514, 63]",true,true
P5_7_1_0_0,int64_t,base_zero,0000000000000000,"[1, 0.0, 0]",__int128,base_42,0000000000000000000000000000002a,"[1, 1.3125, 5]",false,false
P5_7_1_1_0,int64_t,base_zero,0000000000000000,"[1, 0.0, 0]",__int128,base_zero,00000000000000000000000000000000,"[1, 0.0, 0]",false,false
P5_7_1_2_0,int64_t,base_zero,0000000000000000,"[1, 0.0, 0]",__int128,i64max,00000000000000007fffffffffffffff,"[1, 1.9999999999999999997831595655029, 62]",false,false
P5_7_1_3_0,int64_t,base_zero,0000000000000000,"[1, 0.0, 0]",__int128,i64max_plus1,00000000000000008000000000000000,"[1, 1.0, 63]",false,false
P5_7_1_4_0,int64_t,base_zero,0000000000000000,"[1, 0.0, 0]",__int128,p53_plus1,00000000000000000020000000000001,"[1, 1.0000000000000001110223024625157, 53]",false,false
P5_7_1_5_0,int64_t,base_zero,0000000000000000,"[1, 0.0, 0]",__int128,u64max,0000000000000000ffffffffffffffff,"[1, 1.9999999999999999998915797827514, 63]",false,false
P5_7_2_0_0,int64_t,i64max,7fffffffffffffff,"[1, 1.9999999999999999997831595655029, 62]",__int128,base_42,0000000000000000000000000000002a,"[1, 1.3125, 5]",true,true
P5_7_2_1_0,int64_t,i64max,7fffffffffffffff,"[1, 1.9999999999999999997831595655029, 62]",__int128,base_zero,00000000000000000000000000000000,"[1, 0.0, 0]",false,false
P5_7_2_2_0,int64_t,i64max,7fffffffffffffff,"[1, 1.9999999999999999997831595655029, 62]",__int128,i64max,00000000000000007fffffffffffffff,"[1, 1.9999999999999999997831595655029, 62]",true,true
P5_7_2_3_0,int64_t,i64max,7fffffffffffffff,"[1, 1.9999999999999999997831595655029, 62]",__int128,i64max_plus1,00000000000000008000000000000000,"[1, 1.0, 63]",true,true
P5_7_2_4_0,int64_t,i64max,7fffffffffffffff,"[1, 1.9999999999999999997831595655029, 62]",__int128,p53_plus1,00000000000000000020000000000001,"[1, 1.0000000000000001110223024625157, 53]",true,true
P5_7_2_5_0,int64_t,i64max,7fffffffffffffff,"[1, 1.9999999999999999997831595655029, 62]",__int128,u64max,0000000000000000ffffffffffffffff,"[1, 1.9999999999999999998915797827514, 63]",true,true
P5_7_3_0_0,int64_t,i64max_plus1,8000000000000000,"[-1, 1.0, 63]",__int128,base_42,0000000000000000000000000000002a,"[1, 1.3125, 5]",true,true
P5_7_3_1_0,int64_t,i64max_plus1,8000000000000000,"[-1, 1.0, 63]",__int128,base_zero,00000000000000000000000000000000,"[1, 0.0, 0]",false,false
P5_7_3_2_0,int64_t,i64max_plus1,8000000000000000,"[-1, 1.0, 63]",__int128,i64max,00000000000000007fffffffffffffff,"[1, 1.9999999999999999997831595655029, 62]",true,true
P5_7_3_3_0,int64_t,i64max_plus1,8000000000000000,"[-1, 1.0, 63]",__int128,i64max_plus1,00000000000000008000000000000000,"[1, 1.0, 63]",true,true
P5_7_3_4_0,int64_t,i64max_plus1,8000000000000000,"[-1, 1.0, 63]",__int128,p53_plus1,00000000000000000020000000000001,"[1, 1.0000000000000001110223024625157, 53]",true,true
P5_7_3_5_0,int64_t,i64max_plus1,8000000000000000,"[-1, 1.0, 63]",__int128,u64max,0000000000000000ffffffffffffffff,"[1, 1.9999999999999999998915797827514, 63]",true,true
P5_7_4_0_0,int64_t,p53_plus1,0020000000000001,"[1, 1.0000000000000001110223024625157, 53]",__int128,base_42,0000000000000000000000000000002a,"[1, 1.3125, 5]",true,true
P5_7_4_1_0,int64_t,p53_plus1,0020000000000001,"[1, 1.0000000000000001110223024625157, 53]",__int128,base_zero,00000000000000000000000000000000,"[1, 0.0, 0]",false,false
P5_7_4_2_0,int64_t,p53_plus1,0020000000000001,"[1, 1.0000000000000001110223024625157, 53]",__int128,i64max,00000000000000007fffffffffffffff,"[1, 1.9999999999999999997831595655029, 62]",true,true
P5_7_4_3_0,int64_t,p53_plus1,0020000000000001,"[1, 1.0000000000000001110223024625157, 53]",__int128,i64max_plus1,00000000000000008000000000000000,"[1, 1.0, 63]",true,true
P5_7_4_4_0,int64_t,p53_plus1,0020000000000001,"[1, 1.0000000000000001110223024625157, 53]",__int128,p53_plus1,00000000000000000020000000000001,"[1, 1.0000000000000001110223024625157, 53]",true,true
P5_7_4_5_0,int64_t,p53_plus1,0020000000000001,"[1, 1.0000000000000001110223024625157, 53]",__int128,u64max,0000000000000000ffffffffffffffff,"[1, 1.9999999999999999998915797827514, 63]",true,true
P5_7_5_0_0,int64_t,u64max,ffffffffffffffff,"[-1, 1.0, 0]",__int128,base_42,0000000000000000000000000000002a,"[1, 1.3125, 5]",true,true
P5_7_5_1_0,int64_t,u64max,ffffffffffffffff,"[-1, 1.0, 0]",__int128,base_zero,00000000000000000000000000000000,"[1, 0.0, 0]",false,false
P5_7_5_2_0,int64_t,u64max,ffffffffffffffff,"[-1, 1.0, 0]",__int128,i64max,00000000000000007fffffffffffffff,"[1, 1.9999999999999999997831595655029, 62]",true,true
P5_7_5_3_0,int64_t,u64max,ffffffffffffffff,"[-1, 1.0, 0]",__int128,i64max_plus1,00000000000000008000000000000000,"[1, 1.0, 63]",true,true
P5_7_5_4_0,int64_t,u64max,ffffffffffffffff,"[-1, 1.0, 0]",__int128,p53_plus1,00000000000000000020000000000001,"[1, 1.0000000000000001110223024625157, 53]",true,true
P5_7_5_5_0,int64_t,u64max,ffffffffffffffff,"[-1, 1.0, 0]",__int128,u64max,0000000000000000ffffffffffffffff,"[1, 1.9999999999999999998915797827514, 63]",true,true
P5_8_0_0_0,int64_t,base_42,000000000000002a,"[1, 1.3125, 5]",double,base_1_5,3ff8000000000000,"[1, 1.5, 0]",true,true
P5_8_0_1_0,int64_t,base_42,000000000000002a,"[1, 1.3125, 5]",double,base_pi,400921fb54442d18,"[1, 1.5707963267948965579989817342721, 1]",true,true
P5_8_0_2_0,int64_t,base_42,000000000000002a,"[1, 1.3125, 5]",double,inf,7ff0000000000000,"[1, inf]",true,true
P5_8_0_3_0,int64_t,base_42,000000000000002a,"[1, 1.3125, 5]",double,nan,7ff8000000000000,nan,true,true
P5_8_0_4_0,int64_t,base_42,000000000000002a,"[1, 1.3125, 5]",double,negzero,8000000000000000,"[-1, 0.0, 0]",false,false
P5_8_0_5_0,int64_t,base_42,000000000000002a,"[1, 1.3125, 5]",double,point1,3fb999999999999a,"[1, 1.6000000000000000888178419700125, -4]",true,true
P5_8_1_0_0,int64_t,base_zero,0000000000000000,"[1, 0.0, 0]",double,base_1_5,3ff8000000000000,"[1, 1.5, 0]",false,false
P5_8_1_1_0,int64_t,base_zero,0000000000000000,"[1, 0.0, 0]",double,base_pi,400921fb54442d18,"[1, 1.5707963267948965579989817342721, 1]",false,false
P5_8_1_2_0,int64_t,base_zero,0000000000000000,"[1, 0.0, 0]",double,inf,7ff0000000000000,"[1, inf]",false,false
P5_8_1_3_0,int64_t,base_zero,0000000000000000,"[1, 0.0, 0]",double,nan,7ff8000000000000,nan,false,false
P5_8_1_4_0,int64_t,base_zero,0000000000000000,"[1, 0.0, 0]",double,negzero,8000000000000000,"[-1, 0.0, 0]",false,false
P5_8_1_5_0,int64_t,base_zero,0000000000000000,"[1, 0.0, 0]",double,point1,3fb999999999999a,"[1, 1.6000000000000000888178419700125, -4]",false,false
P5_8_2_0_0,int64_t,i64max,7fffffffffffffff,"[1, 1.9999999999999999997831595655029, 62]",double,base_1_5,3ff8000000000000,"[1, 1.5, 0]",true,true
P5_8_2_1_0,int64_t,i64max,7fffffffffffffff,"[1, 1.9999999999999999997831595655029, 62]",double,base_pi,400921fb54442d18,"[1, 1.5707963267948965579989817342721, 1]",true,true
P5_8_2_2_0,int64_t,i64max,7fffffffffffffff,"[1, 1.9999999999999999997831595655029, 62]",double,inf,7ff0000000000000,"[1, inf]",true,true
P5_8_2_3_0,int64_t,i64max,7fffffffffffffff,"[1, 1.9999999999999999997831595655029, 62]",double,nan,7ff8000000000000,nan,true,true
P5_8_2_4_0,int64_t,i64max,7fffffffffffffff,"[1, 1.9999999999999999997831595655029, 62]",double,negzero,8000000000000000,"[-1, 0.0, 0]",false,false
P5_8_2_5_0,int64_t,i64max,7fffffffffffffff,"[1, 1.9999999999999999997831595655029, 62]",double,point1,3fb999999999999a,"[1, 1.6000000000000000888178419700125, -4]",true,true
P5_8_3_0_0,int64_t,i64max_plus1,8000000000000000,"[-1, 1.0, 63]",double,base_1_5,3ff8000000000000,"[1, 1.5, 0]",true,true
P5_8_3_1_0,int64_t,i64max_plus1,8000000000000000,"[-1, 1.0, 63]",double,base_pi,400921fb54442d18,"[1, 1.5707963267948965579989817342721, 1]",true,true
P5_8_3_2_0,int64_t,i64max_plus1,8000000000000000,"[-1, 1.0, 63]",double,inf,7ff0000000000000,"[1, inf]",true,true
P5_8_3_3_0,int64_t,i64max_plus1,8000000000000000,"[-1, 1.0, 63]",double,nan,7ff8000000000000,nan,true,true
P5_8_3_4_0,int64_t,i64max_plus1,8000000000000000,"[-1, 1.0, 63]",double,negzero,8000000000000000,"[-1, 0.0, 0]",false,false
P5_8_3_5_0,int64_t,i64max_plus1,8000000000000000,"[-1, 1.0, 63]",double,point1,3fb999999999999a,"[1, 1.6000000000000000888178419700125, -4]",true,true
P5_8_4_0_0,int64_t,p53_plus1,0020000000000001,"[1, 1.0000000000000001110223024625157, 53]",double,base_1_5,3ff8000000000000,"[1, 1.5, 0]",true,true
P5_8_4_1_0,int64_t,p53_plus1,0020000000000001,"[1, 1.0000000000000001110223024625157, 53]",double,base_pi,400921fb54442d18,"[1, 1.5707963267948965579989817342721, 1]",true,true
P5_8_4_2_0,int64_t,p53_plus1,0020000000000001,"[1, 1.0000000000000001110223024625157, 53]",double,inf,7ff0000000000000,"[1, inf]",true,true
P5_8_4_3_0,int64_t,p53_plus1,0020000000000001,"[1, 1.0000000000000001110223024625157, 53]",double,nan,7ff8000000000000,nan,true,true
P5_8_4_4_0,int64_t,p53_plus1,0020000000000001,"[1, 1.0000000000000001110223024625157, 53]",double,negzero,8000000000000000,"[-1, 0.0, 0]",false,false
P5_8_4_5_0,int64_t,p53_plus1,0020000000000001,"[1, 1.0000000000000001110223024625157, 53]",double,point1,3fb999999999999a,"[1, 1.6000000000000000888178419700125, -4]",true,true
P5_8_5_0_0,int64_t,u64max,ffffffffffffffff,"[-1, 1.0, 0]",double,base_1_5,3ff8000000000000,"[1, 1.5, 0]",true,true
P5_8_5_1_0,int64_t,u64max,ffffffffffffffff,"[-1, 1.0, 0]",double,base_pi,400921fb54442d18,"[1, 1.5707963267948965579989817342721, 1]",true,true
P5_8_5_2_0,int64_t,u64max,ffffffffffffffff,"[-1, 1.0, 0]",double,inf,7ff0000000000000,"[1, inf]",true,true
P5_8_5_3_0,int64_t,u64max,ffffffffffffffff,"[-1, 1.0, 0]",double,nan,7ff8000000000000,nan,true,true
P5_8_5_4_0,int64_t,u64max,ffffffffffffffff,"[-1, 1.0, 0]",double,negzero,8000000000000000,"[-1, 0.0, 0]",false,false
P5_8_5_5_0,int64_t,u64max,ffffffffffffffff,"[-1, 1.0, 0]",double,point1,3fb999999999999a,"[1, 1.6000000000000000888178419700125, -4]",true,true
P5_9_0_0_0,int64_t,base_42,000000000000002a,"[1, 1.3125, 5]",float,base_1_5,3fc00000,"[1, 1.5, 0]",true,true
P5_9_0_1_0,int64_t,base_42,000000000000002a,"[1, 1.3125, 5]",float,base_pi,40490fdb,"[1, 1.57079637050628662109375, 1]",true,true
P5_9_0_2_0,int64_t,base_42,000000000000002a,"[1, 1.3125, 5]",float,inf,7f800000,"[1, inf]",true,true
P5_9_0_3_0,int64_t,base_42,000000000000002a,"[1, 1.3125, 5]",float,nan,7fc00000,nan,true,true
P5_9_0_4_0,int64_t,base_42,000000000000002a,"[1, 1.3125, 5]",float,negzero,80000000,"[-1, 0.0, 0]",false,false
P5_9_0_5_0,int64_t,base_42,000000000000002a,"[1, 1.3125, 5]",float,point1,3dcccccd,"[1, 1.60000002384185791015625, -4]",true,true
P5_9_1_0_0,int64_t,base_zero,0000000000000000,"[1, 0.0, 0]",float,base_1_5,3fc00000,"[1, 1.5, 0]",false,false
P5_9_1_1_0,int64_t,base_zero,0000000000000000,"[1, 0.0, 0]",float,base_pi,40490fdb,"[1, 1.57079637050628662109375, 1]",false,false
P5_9_1_2_0,int64_t,base_zero,0000000000000000,"[1, 0.0, 0]",float,inf,7f800000,"[1, inf]",false,false
P5_9_1_3_0,int64_t,base_zero,0000000000000000,"[1, 0.0, 0]",float,nan,7fc00000,nan,false,false
P5_9_1_4_0,int64_t,base_zero,0000000000000000,"[1, 0.0, 0]",float,negzero,80000000,"[-1, 0.0, 0]",false,false
P5_9_1_5_0,int64_t,base_zero,0000000000000000,"[1, 0.0, 0]",float,point1,3dcccccd,"[1, 1.60000002384185791015625, -4]",false,false
P5_9_2_0_0,int64_t,i64max,7fffffffffffffff,"[1, 1.9999999999999999997831595655029, 62]",float,base_1_5,3fc00000,"[1, 1.5, 0]",true,true
P5_9_2_1_0,int64_t,i64max,7fffffffffffffff,"[1, 1.9999999999999999997831595655029, 62]",float,base_pi,40490fdb,"[1, 1.57079637050628662109375, 1]",true,true
P5_9_2_2_0,int64_t,i64max,7fffffffffffffff,"[1, 1.9999999999999999997831595655029, 62]",float,inf,7f800000,"[1, inf]",true,true
P5_9_2_3_0,int64_t,i64max,7fffffffffffffff,"[1, 1.9999999999999999997831595655029, 62]",float,nan,7fc00000,nan,true,true
P5_9_2_4_0,int64_t,i64max,7fffffffffffffff,"[1, 1.9999999999999999997831595655029, 62]",float,negzero,80000000,"[-1, 0.0, 0]",false,false
P5_9_2_5_0,int64_t,i64max,7fffffffffffffff,"[1, 1.9999999999999999997831595655029, 62]",float,point1,3dcccccd,"[1, 1.60000002384185791015625, -4]",true,true
P5_9_3_0_0,int64_t,i64max_plus1,8000000000000000,"[-1, 1.0, 63]",float,base_1_5,3fc00000,"[1, 1.5, 0]",true,true
P5_9_3_1_0,int64_t,i64max_plus1,8000000000000000,"[-1, 1.0, 63]",float,base_pi,40490fdb,"[1, 1.57079637050628662109375, 1]",true,true
P5_9_3_2_0,int64_t,i64max_plus1,8000000000000000,"[-1, 1.0, 63]",float,inf,7f800000,"[1, inf]",true,true
P5_9_3_3_0,int64_t,i64max_plus1,8000000000000000,"[-1, 1.0, 63]",float,nan,7fc00000,nan,true,true
P5_9_3_4_0,int64_t,i64max_plus1,8000000000000000,"[-1, 1.0, 63]",float,negzero,80000000,"[-1, 0.0, 0]",false,false
P5_9_3_5_0,int64_t,i64max_plus1,8000000000000000,"[-1, 1.0, 63]",float,point1,3dcccccd,"[1, 1.60000002384185791015625, -4]",true,true
P5_9_4_0_0,int64_t,p53_plus1,0020000000000001,"[1, 1.0000000000000001110223024625157, 53]",float,base_1_5,3fc00000,"[1, 1.5, 0]",true,true
P5_9_4_1_0,int64_t,p53_plus1,0020000000000001,"[1, 1.0000000000000001110223024625157, 53]",float,base_pi,40490fdb,"[1, 1.57079637050628662109375, 1]",true,true
P5_9_4_2_0,int64_t,p53_plus1,0020000000000001,"[1, 1.0000000000000001110223024625157, 53]",float,inf,7f800000,"[1, inf]",true,true
P5_9_4_3_0,int64_t,p53_plus1,0020000000000001,"[1, 1.0000000000000001110223024625157, 53]",float,nan,7fc00000,nan,true,true
P5_9_4_4_0,int64_t,p53_plus1,0020000000000001,"[1, 1.0000000000000001110223024625157, 53]",float,negzero,80000000,"[-1, 0.0, 0]",false,false
P5_9_4_5_0,int64_t,p53_plus1,0020000000000001,"[1, 1.0000000000000001110223024625157, 53]",float,point1,3dcccccd,"[1, 1.60000002384185791015625, -4]",true,true
P5_9_5_0_0,int64_t,u64max,ffffffffffffffff,"[-1, 1.0, 0]",float,base_1_5,3fc00000,"[1, 1.5, 0]",true,true
P5_9_5_1_0,int64_t,u64max,ffffffffffffffff,"[-1, 1.0, 0]",float,base_pi,40490fdb,"[1, 1.57079637050628662109375, 1]",true,true
P5_9_5_2_0,int64_t,u64max,ffffffffffffffff,"[-1, 1.0, 0]",float,inf,7f800000,"[1, inf]",true,true
P5_9_5_3_0,int64_t,u64max,ffffffffffffffff,"[-1, 1.0, 0]",float,nan,7fc00000,nan,true,true
P5_9_5_4_0,int64_t,u64max,ffffffffffffffff,"[-1, 1.0, 0]",float,negzero,80000000,"[-1, 0.0, 0]",false,false
P5_9_5_5_0,int64_t,u64max,ffffffffffffffff,"[-1, 1.0, 0]",float,point1,3dcccccd,"[1, 1.60000002384185791015625, -4]",true,true
P5_11_0_0_0,int64_t,base_42,000000000000002a,"[1, 1.3125, 5]",const char*,base_empty,,t||0|0|0,true,true
P5_11_0_1_0,int64_t,base_42,000000000000002a,"[1, 1.3125, 5]",const char*,base_hello,68656c6c6f,t|68656c6c6f|5|5|5,true,true
P5_11_0_2_0,int64_t,base_42,000000000000002a,"[1, 1.3125, 5]",const char*,base_lines,6c696e65206f6e650a6c696e652074776f,t|6c696e65206f6e650a6c696e652074776f|17|17|17,true,true
P5_11_0_3_0,int64_t,base_42,000000000000002a,"[1, 1.3125, 5]",const char*,clef,f09d849e,t|f09d849e|4|1|1,true,true
P5_11_0_4_0,int64_t,base_42,000000000000002a,"[1, 1.3125, 5]",const char*,eacute,c3a9,t|c3a9|2|1|1,true,true
P5_11_0_5_0,int64_t,base_42,000000000000002a,"[1, 1.3125, 5]",const char*,escapes,71756f74652022206261636b736c617368205c207461620968657265,t|71756f74652022206261636b736c617368205c207461620968657265|28|28|28,true,true
P5_11_1_0_0,int64_t,base_zero,0000000000000000,"[1, 0.0, 0]",const char*,base_empty,,t||0|0|0,false,false
P5_11_1_1_0,int64_t,base_zero,0000000000000000,"[1, 0.0, 0]",const char*,base_hello,68656c6c6f,t|68656c6c6f|5|5|5,false,false
P5_11_1_2_0,int64_t,base_zero,0000000000000000,"[1, 0.0, 0]",const char*,base_lines,6c696e65206f6e650a6c696e652074776f,t|6c696e65206f6e650a6c696e652074776f|17|17|17,false,false
P5_11_1_3_0,int64_t,base_zero,0000000000000000,"[1, 0.0, 0]",const char*,clef,f09d849e,t|f09d849e|4|1|1,false,false
P5_11_1_4_0,int64_t,base_zero,0000000000000000,"[1, 0.0, 0]",const char*,eacute,c3a9,t|c3a9|2|1|1,false,false
P5_11_1_5_0,int64_t,base_zero,0000000000000000,"[1, 0.0, 0]",const char*,escapes,71756f74652022206261636b736c617368205c207461620968657265,t|71756f74652022206261636b736c617368205c207461620968657265|28|28|28,false,false
P5_11_2_0_0,int64_t,i64max,7fffffffffffffff,"[1, 1.9999999999999999997831595655029, 62]",const char*,base_empty,,t||0|0|0,true,true
P5_11_2_1_0,int64_t,i64max,7fffffffffffffff,"[1, 1.9999999999999999997831595655029, 62]",const char*,base_hello,68656c6c6f,t|68656c6c6f|5|5|5,true,true
P5_11_2_2_0,int64_t,i64max,7fffffffffffffff,"[1, 1.9999999999999999997831595655029, 62]",const char*,base_lines,6c696e65206f6e650a6c696e652074776f,t|6c696e65206f6e650a6c696e652074776f|17|17|17,true,true
P5_11_2_3_0,int64_t,i64max,7fffffffffffffff,"[1, 1.9999999999999999997831595655029, 62]",const char*,clef,f09d849e,t|f09d849e|4|1|1,true,true
P5_11_2_4_0,int64_t,i64max,7fffffffffffffff,"[1, 1.9999999999999999997831595655029, 62]",const char*,eacute,c3a9,t|c3a9|2|1|1,true,true
P5_11_2_5_0,int64_t,i64max,7fffffffffffffff,"[1, 1.9999999999999999997831595655029, 62]",const char*,escapes,71756f74652022206261636b736c617368205c207461620968657265,t|71756f74652022206261636b736c617368205c207461620968657265|28|28|28,true,true
P5_11_3_0_0,int64_t,i64max_plus1,8000000000000000,"[-1, 1.0, 63]",const char*,base_empty,,t||0|0|0,true,true
P5_11_3_1_0,int64_t,i64max_plus1,8000000000000000,"[-1, 1.0, 63]",const char*,base_hello,68656c6c6f,t|68656c6c6f|5|5|5,true,true
P5_11_3_2_0,int64_t,i64max_plus1,8000000000000000,"[-1, 1.0, 63]",const char*,base_lines,6c696e65206f6e650a6c696e652074776f,t|6c696e65206f6e650a6c696e652074776f|17|17|17,true,true
P5_11_3_3_0,int64_t,i64max_plus1,8000000000000000,"[-1, 1.0, 63]",const char*,clef,f09d849e,t|f09d849e|4|1|1,true,true
P5_11_3_4_0,int64_t,i64max_plus1,8000000000000000,"[-1, 1.0, 63]",const char*,eacute,c3a9,t|c3a9|2|1|1,true,true
P5_11_3_5_0,int64_t,i64max_plus1,8000000000000000,"[-1, 1.0, 63]",const char*,escapes,71756f74652022206261636b736c617368205c207461620968657265,t|71756f74652022206261636b736c617368205c207461620968657265|28|28|28,true,true
P5_11_4_0_0,int64_t,p53_plus1,0020000000000001,"[1, 1.0000000000000001110223024625157, 53]",const char*,base_empty,,t||0|0|0,true,true
P5_11_4_1_0,int64_t,p53_plus1,0020000000000001,"[1, 1.0000000000000001110223024625157, 53]",const char*,base_hello,68656c6c6f,t|68656c6c6f|5|5|5,true,true
P5_11_4_2_0,int64_t,p53_plus1,0020000000000001,"[1, 1.0000000000000001110223024625157, 53]",const char*,base_lines,6c696e65206f6e650a6c696e652074776f,t|6c696e65206f6e650a6c696e652074776f|17|17|17,true,true
P5_11_4_3_0,int64_t,p53_plus1,0020000000000001,"[1, 1.0000000000000001110223024625157, 53]",const char*,clef,f09d849e,t|f09d849e|4|1|1,true,true
P5_11_4_4_0,int64_t,p53_plus1,0020000000000001,"[1, 1.0000000000000001110223024625157, 53]",const char*,eacute,c3a9,t|c3a9|2|1|1,true,true
P5_11_4_5_0,int64_t,p53_plus1,0020000000000001,"[1, 1.0000000000000001110223024625157, 53]",const char*,escapes,71756f74652022206261636b736c617368205c207461620968657265,t|71756f74652022206261636b736c617368205c207461620968657265|28|28|28,true,true
P5_11_5_0_0,int64_t,u64max,ffffffffffffffff,"[-1, 1.0, 0]",const char*,base_empty,,t||0|0|0,true,true
P5_11_5_1_0,int64_t,u64max,ffffffffffffffff,"[-1, 1.0, 0]",const char*,base_hello,68656c6c6f,t|68656c6c6f|5|5|5,true,true
P5_11_5_2_0,int64_t,u64max,ffffffffffffffff,"[-1, 1.0, 0]",const char*,base_lines,6c696e65206f6e650a6c696e652074776f,t|6c696e65206f6e650a6c696e652074776f|17|17|17,true,true
P5_11_5_3_0,int64_t,u64max,ffffffffffffffff,"[-1, 1.0, 0]",const char*,clef,f09d849e,t|f09d849e|4|1|1,true,true
P5_11_5_4_0,int64_t,u64max,ffffffffffffffff,"[-1, 1.0, 0]",const char*,eacute,c3a9,t|c3a9|2|1|1,true,true
P5_11_5_5_0,int64_t,u64max,ffffffffffffffff,"[-1, 1.0, 0]",const char*,escapes,71756f74652022206261636b736c617368205c207461620968657265,t|71756f74652022206261636b736c617368205c207461620968657265|28|28|28,true,true
P5_14_0_0_0,int64_t,base_42,000000000000002a,"[1, 1.3125, 5]",T[N] (C array),base,"[1, 2, 3]","c|[1, 1.0, 0],[1, 1.0, 1],[1, 1.5, 1]|integer|as-sorted",true,true
P5_14_0_2_0,int64_t,base_42,000000000000002a,"[1, 1.3125, 5]",T[N] (C array),empty,[],c||empty|as-sorted,true,true
P5_14_0_4_0,int64_t,base_42,000000000000002a,"[1, 1.3125, 5]",T[N] (C array),strs,"['a', 'b']","c|t|61|1|1|1,t|62|1|1|1|integer|as-sorted",true,true
P5_14_1_0_0,int64_t,base_zero,0000000000000000,"[1, 0.0, 0]",T[N] (C array),base,"[1, 2, 3]","c|[1, 1.0, 0],[1, 1.0, 1],[1, 1.5, 1]|integer|as-sorted",false,false
P5_14_1_2_0,int64_t,base_zero,0000000000000000,"[1, 0.0, 0]",T[N] (C array),empty,[],c||empty|as-sorted,false,false
P5_14_1_4_0,int64_t,base_zero,0000000000000000,"[1, 0.0, 0]",T[N] (C array),strs,"['a', 'b']","c|t|61|1|1|1,t|62|1|1|1|integer|as-sorted",false,false
P5_14_2_0_0,int64_t,i64max,7fffffffffffffff,"[1, 1.9999999999999999997831595655029, 62]",T[N] (C array),base,"[1, 2, 3]","c|[1, 1.0, 0],[1, 1.0, 1],[1, 1.5, 1]|integer|as-sorted",true,true
P5_14_2_2_0,int64_t,i64max,7fffffffffffffff,"[1, 1.9999999999999999997831595655029, 62]",T[N] (C array),empty,[],c||empty|as-sorted,true,true
P5_14_2_4_0,int64_t,i64max,7fffffffffffffff,"[1, 1.9999999999999999997831595655029, 62]",T[N] (C array),strs,"['a', 'b']","c|t|61|1|1|1,t|62|1|1|1|integer|as-sorted",true,true
P5_14_3_0_0,int64_t,i64max_plus1,8000000000000000,"[-1, 1.0, 63]",T[N] (C array),base,"[1, 2, 3]","c|[1, 1.0, 0],[1, 1.0, 1],[1, 1.5, 1]|integer|as-sorted",true,true
P5_14_3_2_0,int64_t,i64max_plus1,8000000000000000,"[-1, 1.0, 63]",T[N] (C array),empty,[],c||empty|as-sorted,true,true
P5_14_3_4_0,int64_t,i64max_plus1,8000000000000000,"[-1, 1.0, 63]",T[N] (C array),strs,"['a', 'b']","c|t|61|1|1|1,t|62|1|1|1|integer|as-sorted",true,true
P5_14_4_0_0,int64_t,p53_plus1,0020000000000001,"[1, 1.0000000000000001110223024625157, 53]",T[N] (C array),base,"[1, 2, 3]","c|[1, 1.0, 0],[1, 1.0, 1],[1, 1.5, 1]|integer|as-sorted",true,true
P5_14_4_2_0,int64_t,p53_plus1,0020000000000001,"[1, 1.0000000000000001110223024625157, 53]",T[N] (C array),empty,[],c||empty|as-sorted,true,true
P5_14_4_4_0,int64_t,p53_plus1,0020000000000001,"[1, 1.0000000000000001110223024625157, 53]",T[N] (C array),strs,"['a', 'b']","c|t|61|1|1|1,t|62|1|1|1|integer|as-sorted",true,true
P5_14_5_0_0,int64_t,u64max,ffffffffffffffff,"[-1, 1.0, 0]",T[N] (C array),base,"[1, 2, 3]","c|[1, 1.0, 0],[1, 1.0, 1],[1, 1.5, 1]|integer|as-sorted",true,true
P5_14_5_2_0,int64_t,u64max,ffffffffffffffff,"[-1, 1.0, 0]",T[N] (C array),empty,[],c||empty|as-sorted,true,true
P5_14_5_4_0,int64_t,u64max,ffffffffffffffff,"[-1, 1.0, 0]",T[N] (C array),strs,"['a', 'b']","c|t|61|1|1|1,t|62|1|1|1|integer|as-sorted",true,true
P6_1_0_0_0,uint64_t,base_42,000000000000002a,"[1, 1.3125, 5]",std::nullptr_t,null,null,null,false,false
P6_1_1_0_0,uint64_t,base_zero,0000000000000000,"[1, 0.0, 0]",std::nullptr_t,null,null,null,false,false
P6_1_2_0_0,uint64_t,i64max,7fffffffffffffff,"[1, 1.9999999999999999997831595655029, 62]",std::nullptr_t,null,null,null,false,false
P6_1_3_0_0,uint64_t,i64max_plus1,8000000000000000,"[1, 1.0, 63]",std::nullptr_t,null,null,null,false,false
P6_1_4_0_0,uint64_t,p53_plus1,0020000000000001,"[1, 1.0000000000000001110223024625157, 53]",std::nullptr_t,null,null,null,false,false
P6_1_5_0_0,uint64_t,u64max,ffffffffffffffff,"[1, 1.9999999999999999998915797827514, 63]",std::nullptr_t,null,null,null,false,false
P6_2_0_0_0,uint64_t,base_42,000000000000002a,"[1, 1.3125, 5]",std::optional<int64_t>,null,null,null,false,false
P6_2_1_0_0,uint64_t,base_zero,0000000000000000,"[1, 0.0, 0]",std::optional<int64_t>,null,null,null,false,false
P6_2_2_0_0,uint64_t,i64max,7fffffffffffffff,"[1, 1.9999999999999999997831595655029, 62]",std::optional<int64_t>,null,null,null,false,false
P6_2_3_0_0,uint64_t,i64max_plus1,8000000000000000,"[1, 1.0, 63]",std::optional<int64_t>,null,null,null,false,false
P6_2_4_0_0,uint64_t,p53_plus1,0020000000000001,"[1, 1.0000000000000001110223024625157, 53]",std::optional<int64_t>,null,null,null,false,false
P6_2_5_0_0,uint64_t,u64max,ffffffffffffffff,"[1, 1.9999999999999999998915797827514, 63]",std::optional<int64_t>,null,null,null,false,false
P6_3_0_0_0,uint64_t,base_42,000000000000002a,"[1, 1.3125, 5]",bool,false,false,false,false,false
P6_3_0_1_0,uint64_t,base_42,000000000000002a,"[1, 1.3125, 5]",bool,true,true,true,true,true
P6_3_1_0_0,uint64_t,base_zero,0000000000000000,"[1, 0.0, 0]",bool,false,false,false,false,false
P6_3_1_1_0,uint64_t,base_zero,0000000000000000,"[1, 0.0, 0]",bool,true,true,true,false,false
P6_3_2_0_0,uint64_t,i64max,7fffffffffffffff,"[1, 1.9999999999999999997831595655029, 62]",bool,false,false,false,false,false
P6_3_2_1_0,uint64_t,i64max,7fffffffffffffff,"[1, 1.9999999999999999997831595655029, 62]",bool,true,true,true,true,true
P6_3_3_0_0,uint64_t,i64max_plus1,8000000000000000,"[1, 1.0, 63]",bool,false,false,false,false,false
P6_3_3_1_0,uint64_t,i64max_plus1,8000000000000000,"[1, 1.0, 63]",bool,true,true,true,true,true
P6_3_4_0_0,uint64_t,p53_plus1,0020000000000001,"[1, 1.0000000000000001110223024625157, 53]",bool,false,false,false,false,false
P6_3_4_1_0,uint64_t,p53_plus1,0020000000000001,"[1, 1.0000000000000001110223024625157, 53]",bool,true,true,true,true,true
P6_3_5_0_0,uint64_t,u64max,ffffffffffffffff,"[1, 1.9999999999999999998915797827514, 63]",bool,false,false,false,false,false
P6_3_5_1_0,uint64_t,u64max,ffffffffffffffff,"[1, 1.9999999999999999998915797827514, 63]",bool,true,true,true,true,true
P6_4_0_0_0,uint64_t,base_42,000000000000002a,"[1, 1.3125, 5]",int32_t,base_42,0000002a,"[1, 1.3125, 5]",true,true
P6_4_0_1_0,uint64_t,base_42,000000000000002a,"[1, 1.3125, 5]",int32_t,base_zero,00000000,"[1, 0.0, 0]",false,false
P6_4_0_2_0,uint64_t,base_42,000000000000002a,"[1, 1.3125, 5]",int32_t,i64max,ffffffff,"[-1, 1.0, 0]",true,true
P6_4_0_3_0,uint64_t,base_42,000000000000002a,"[1, 1.3125, 5]",int32_t,i64max_plus1,00000000,"[1, 0.0, 0]",false,false
P6_4_0_4_0,uint64_t,base_42,000000000000002a,"[1, 1.3125, 5]",int32_t,p53_plus1,00000001,"[1, 1.0, 0]",true,true
P6_4_0_5_0,uint64_t,base_42,000000000000002a,"[1, 1.3125, 5]",int32_t,u64max,ffffffff,"[-1, 1.0, 0]",true,true
P6_4_1_0_0,uint64_t,base_zero,0000000000000000,"[1, 0.0, 0]",int32_t,base_42,0000002a,"[1, 1.3125, 5]",false,false
P6_4_1_1_0,uint64_t,base_zero,0000000000000000,"[1, 0.0, 0]",int32_t,base_zero,00000000,"[1, 0.0, 0]",false,false
P6_4_1_2_0,uint64_t,base_zero,0000000000000000,"[1, 0.0, 0]",int32_t,i64max,ffffffff,"[-1, 1.0, 0]",false,false
P6_4_1_3_0,uint64_t,base_zero,0000000000000000,"[1, 0.0, 0]",int32_t,i64max_plus1,00000000,"[1, 0.0, 0]",false,false
P6_4_1_4_0,uint64_t,base_zero,0000000000000000,"[1, 0.0, 0]",int32_t,p53_plus1,00000001,"[1, 1.0, 0]",false,false
P6_4_1_5_0,uint64_t,base_zero,0000000000000000,"[1, 0.0, 0]",int32_t,u64max,ffffffff,"[-1, 1.0, 0]",false,false
P6_4_2_0_0,uint64_t,i64max,7fffffffffffffff,"[1, 1.9999999999999999997831595655029, 62]",int32_t,base_42,0000002a,"[1, 1.3125, 5]",true,true
P6_4_2_1_0,uint64_t,i64max,7fffffffffffffff,"[1, 1.9999999999999999997831595655029, 62]",int32_t,base_zero,00000000,"[1, 0.0, 0]",false,false
P6_4_2_2_0,uint64_t,i64max,7fffffffffffffff,"[1, 1.9999999999999999997831595655029, 62]",int32_t,i64max,ffffffff,"[-1, 1.0, 0]",true,true
P6_4_2_3_0,uint64_t,i64max,7fffffffffffffff,"[1, 1.9999999999999999997831595655029, 62]",int32_t,i64max_plus1,00000000,"[1, 0.0, 0]",false,false
P6_4_2_4_0,uint64_t,i64max,7fffffffffffffff,"[1, 1.9999999999999999997831595655029, 62]",int32_t,p53_plus1,00000001,"[1, 1.0, 0]",true,true
P6_4_2_5_0,uint64_t,i64max,7fffffffffffffff,"[1, 1.9999999999999999997831595655029, 62]",int32_t,u64max,ffffffff,"[-1, 1.0, 0]",true,true
P6_4_3_0_0,uint64_t,i64max_plus1,8000000000000000,"[1, 1.0, 63]",int32_t,base_42,0000002a,"[1, 1.3125, 5]",true,true
P6_4_3_1_0,uint64_t,i64max_plus1,8000000000000000,"[1, 1.0, 63]",int32_t,base_zero,00000000,"[1, 0.0, 0]",false,false
P6_4_3_2_0,uint64_t,i64max_plus1,8000000000000000,"[1, 1.0, 63]",int32_t,i64max,ffffffff,"[-1, 1.0, 0]",true,true
P6_4_3_3_0,uint64_t,i64max_plus1,8000000000000000,"[1, 1.0, 63]",int32_t,i64max_plus1,00000000,"[1, 0.0, 0]",false,false
P6_4_3_4_0,uint64_t,i64max_plus1,8000000000000000,"[1, 1.0, 63]",int32_t,p53_plus1,00000001,"[1, 1.0, 0]",true,true
P6_4_3_5_0,uint64_t,i64max_plus1,8000000000000000,"[1, 1.0, 63]",int32_t,u64max,ffffffff,"[-1, 1.0, 0]",true,true
P6_4_4_0_0,uint64_t,p53_plus1,0020000000000001,"[1, 1.0000000000000001110223024625157, 53]",int32_t,base_42,0000002a,"[1, 1.3125, 5]",true,true
P6_4_4_1_0,uint64_t,p53_plus1,0020000000000001,"[1, 1.0000000000000001110223024625157, 53]",int32_t,base_zero,00000000,"[1, 0.0, 0]",false,false
P6_4_4_2_0,uint64_t,p53_plus1,0020000000000001,"[1, 1.0000000000000001110223024625157, 53]",int32_t,i64max,ffffffff,"[-1, 1.0, 0]",true,true
P6_4_4_3_0,uint64_t,p53_plus1,0020000000000001,"[1, 1.0000000000000001110223024625157, 53]",int32_t,i64max_plus1,00000000,"[1, 0.0, 0]",false,false
P6_4_4_4_0,uint64_t,p53_plus1,0020000000000001,"[1, 1.0000000000000001110223024625157, 53]",int32_t,p53_plus1,00000001,"[1, 1.0, 0]",true,true
P6_4_4_5_0,uint64_t,p53_plus1,0020000000000001,"[1, 1.0000000000000001110223024625157, 53]",int32_t,u64max,ffffffff,"[-1, 1.0, 0]",true,true
P6_4_5_0_0,uint64_t,u64max,ffffffffffffffff,"[1, 1.9999999999999999998915797827514, 63]",int32_t,base_42,0000002a,"[1, 1.3125, 5]",true,true
P6_4_5_1_0,uint64_t,u64max,ffffffffffffffff,"[1, 1.9999999999999999998915797827514, 63]",int32_t,base_zero,00000000,"[1, 0.0, 0]",false,false
P6_4_5_2_0,uint64_t,u64max,ffffffffffffffff,"[1, 1.9999999999999999998915797827514, 63]",int32_t,i64max,ffffffff,"[-1, 1.0, 0]",true,true
P6_4_5_3_0,uint64_t,u64max,ffffffffffffffff,"[1, 1.9999999999999999998915797827514, 63]",int32_t,i64max_plus1,00000000,"[1, 0.0, 0]",false,false
P6_4_5_4_0,uint64_t,u64max,ffffffffffffffff,"[1, 1.9999999999999999998915797827514, 63]",int32_t,p53_plus1,00000001,"[1, 1.0, 0]",true,true
P6_4_5_5_0,uint64_t,u64max,ffffffffffffffff,"[1, 1.9999999999999999998915797827514, 63]",int32_t,u64max,ffffffff,"[-1, 1.0, 0]",true,true
P6_5_0_0_0,uint64_t,base_42,000000000000002a,"[1, 1.3125, 5]",int64_t,base_42,000000000000002a,"[1, 1.3125, 5]",true,true
P6_5_0_1_0,uint64_t,base_42,000000000000002a,"[1, 1.3125, 5]",int64_t,base_zero,0000000000000000,"[1, 0.0, 0]",false,false
P6_5_0_2_0,uint64_t,base_42,000000000000002a,"[1, 1.3125, 5]",int64_t,i64max,7fffffffffffffff,"[1, 1.9999999999999999997831595655029, 62]",true,true
P6_5_0_3_0,uint64_t,base_42,000000000000002a,"[1, 1.3125, 5]",int64_t,i64max_plus1,8000000000000000,"[-1, 1.0, 63]",true,true
P6_5_0_4_0,uint64_t,base_42,000000000000002a,"[1, 1.3125, 5]",int64_t,p53_plus1,0020000000000001,"[1, 1.0000000000000001110223024625157, 53]",true,true
P6_5_0_5_0,uint64_t,base_42,000000000000002a,"[1, 1.3125, 5]",int64_t,u64max,ffffffffffffffff,"[-1, 1.0, 0]",true,true
P6_5_1_0_0,uint64_t,base_zero,0000000000000000,"[1, 0.0, 0]",int64_t,base_42,000000000000002a,"[1, 1.3125, 5]",false,false
P6_5_1_1_0,uint64_t,base_zero,0000000000000000,"[1, 0.0, 0]",int64_t,base_zero,0000000000000000,"[1, 0.0, 0]",false,false
P6_5_1_2_0,uint64_t,base_zero,0000000000000000,"[1, 0.0, 0]",int64_t,i64max,7fffffffffffffff,"[1, 1.9999999999999999997831595655029, 62]",false,false
P6_5_1_3_0,uint64_t,base_zero,0000000000000000,"[1, 0.0, 0]",int64_t,i64max_plus1,8000000000000000,"[-1, 1.0, 63]",false,false
P6_5_1_4_0,uint64_t,base_zero,0000000000000000,"[1, 0.0, 0]",int64_t,p53_plus1,0020000000000001,"[1, 1.0000000000000001110223024625157, 53]",false,false
P6_5_1_5_0,uint64_t,base_zero,0000000000000000,"[1, 0.0, 0]",int64_t,u64max,ffffffffffffffff,"[-1, 1.0, 0]",false,false
P6_5_2_0_0,uint64_t,i64max,7fffffffffffffff,"[1, 1.9999999999999999997831595655029, 62]",int64_t,base_42,000000000000002a,"[1, 1.3125, 5]",true,true
P6_5_2_1_0,uint64_t,i64max,7fffffffffffffff,"[1, 1.9999999999999999997831595655029, 62]",int64_t,base_zero,0000000000000000,"[1, 0.0, 0]",false,false
P6_5_2_2_0,uint64_t,i64max,7fffffffffffffff,"[1, 1.9999999999999999997831595655029, 62]",int64_t,i64max,7fffffffffffffff,"[1, 1.9999999999999999997831595655029, 62]",true,true
P6_5_2_3_0,uint64_t,i64max,7fffffffffffffff,"[1, 1.9999999999999999997831595655029, 62]",int64_t,i64max_plus1,8000000000000000,"[-1, 1.0, 63]",true,true
P6_5_2_4_0,uint64_t,i64max,7fffffffffffffff,"[1, 1.9999999999999999997831595655029, 62]",int64_t,p53_plus1,0020000000000001,"[1, 1.0000000000000001110223024625157, 53]",true,true
P6_5_2_5_0,uint64_t,i64max,7fffffffffffffff,"[1, 1.9999999999999999997831595655029, 62]",int64_t,u64max,ffffffffffffffff,"[-1, 1.0, 0]",true,true
P6_5_3_0_0,uint64_t,i64max_plus1,8000000000000000,"[1, 1.0, 63]",int64_t,base_42,000000000000002a,"[1, 1.3125, 5]",true,true
P6_5_3_1_0,uint64_t,i64max_plus1,8000000000000000,"[1, 1.0, 63]",int64_t,base_zero,0000000000000000,"[1, 0.0, 0]",false,false
P6_5_3_2_0,uint64_t,i64max_plus1,8000000000000000,"[1, 1.0, 63]",int64_t,i64max,7fffffffffffffff,"[1, 1.9999999999999999997831595655029, 62]",true,true
P6_5_3_3_0,uint64_t,i64max_plus1,8000000000000000,"[1, 1.0, 63]",int64_t,i64max_plus1,8000000000000000,"[-1, 1.0, 63]",true,true
P6_5_3_4_0,uint64_t,i64max_plus1,8000000000000000,"[1, 1.0, 63]",int64_t,p53_plus1,0020000000000001,"[1, 1.0000000000000001110223024625157, 53]",true,true
P6_5_3_5_0,uint64_t,i64max_plus1,8000000000000000,"[1, 1.0, 63]",int64_t,u64max,ffffffffffffffff,"[-1, 1.0, 0]",true,true
P6_5_4_0_0,uint64_t,p53_plus1,0020000000000001,"[1, 1.0000000000000001110223024625157, 53]",int64_t,base_42,000000000000002a,"[1, 1.3125, 5]",true,true
P6_5_4_1_0,uint64_t,p53_plus1,0020000000000001,"[1, 1.0000000000000001110223024625157, 53]",int64_t,base_zero,0000000000000000,"[1, 0.0, 0]",false,false
P6_5_4_2_0,uint64_t,p53_plus1,0020000000000001,"[1, 1.0000000000000001110223024625157, 53]",int64_t,i64max,7fffffffffffffff,"[1, 1.9999999999999999997831595655029, 62]",true,true
P6_5_4_3_0,uint64_t,p53_plus1,0020000000000001,"[1, 1.0000000000000001110223024625157, 53]",int64_t,i64max_plus1,8000000000000000,"[-1, 1.0, 63]",true,true
P6_5_4_4_0,uint64_t,p53_plus1,0020000000000001,"[1, 1.0000000000000001110223024625157, 53]",int64_t,p53_plus1,0020000000000001,"[1, 1.0000000000000001110223024625157, 53]",true,true
P6_5_4_5_0,uint64_t,p53_plus1,0020000000000001,"[1, 1.0000000000000001110223024625157, 53]",int64_t,u64max,ffffffffffffffff,"[-1, 1.0, 0]",true,true
P6_5_5_0_0,uint64_t,u64max,ffffffffffffffff,"[1, 1.9999999999999999998915797827514, 63]",int64_t,base_42,000000000000002a,"[1, 1.3125, 5]",true,true
P6_5_5_1_0,uint64_t,u64max,ffffffffffffffff,"[1, 1.9999999999999999998915797827514, 63]",int64_t,base_zero,0000000000000000,"[1, 0.0, 0]",false,false
P6_5_5_2_0,uint64_t,u64max,ffffffffffffffff,"[1, 1.9999999999999999998915797827514, 63]",int64_t,i64max,7fffffffffffffff,"[1, 1.9999999999999999997831595655029, 62]",true,true
P6_5_5_3_0,uint64_t,u64max,ffffffffffffffff,"[1, 1.9999999999999999998915797827514, 63]",int64_t,i64max_plus1,8000000000000000,"[-1, 1.0, 63]",true,true
P6_5_5_4_0,uint64_t,u64max,ffffffffffffffff,"[1, 1.9999999999999999998915797827514, 63]",int64_t,p53_plus1,0020000000000001,"[1, 1.0000000000000001110223024625157, 53]",true,true
P6_5_5_5_0,uint64_t,u64max,ffffffffffffffff,"[1, 1.9999999999999999998915797827514, 63]",int64_t,u64max,ffffffffffffffff,"[-1, 1.0, 0]",true,true
P6_6_0_0_0,uint64_t,base_42,000000000000002a,"[1, 1.3125, 5]",uint64_t,base_42,000000000000002a,"[1, 1.3125, 5]",true,true
P6_6_0_1_0,uint64_t,base_42,000000000000002a,"[1, 1.3125, 5]",uint64_t,base_zero,0000000000000000,"[1, 0.0, 0]",false,false
P6_6_0_2_0,uint64_t,base_42,000000000000002a,"[1, 1.3125, 5]",uint64_t,i64max,7fffffffffffffff,"[1, 1.9999999999999999997831595655029, 62]",true,true
P6_6_0_3_0,uint64_t,base_42,000000000000002a,"[1, 1.3125, 5]",uint64_t,i64max_plus1,8000000000000000,"[1, 1.0, 63]",true,true
P6_6_0_4_0,uint64_t,base_42,000000000000002a,"[1, 1.3125, 5]",uint64_t,p53_plus1,0020000000000001,"[1, 1.0000000000000001110223024625157, 53]",true,true
P6_6_0_5_0,uint64_t,base_42,000000000000002a,"[1, 1.3125, 5]",uint64_t,u64max,ffffffffffffffff,"[1, 1.9999999999999999998915797827514, 63]",true,true
P6_6_1_0_0,uint64_t,base_zero,0000000000000000,"[1, 0.0, 0]",uint64_t,base_42,000000000000002a,"[1, 1.3125, 5]",false,false
P6_6_1_1_0,uint64_t,base_zero,0000000000000000,"[1, 0.0, 0]",uint64_t,base_zero,0000000000000000,"[1, 0.0, 0]",false,false
P6_6_1_2_0,uint64_t,base_zero,0000000000000000,"[1, 0.0, 0]",uint64_t,i64max,7fffffffffffffff,"[1, 1.9999999999999999997831595655029, 62]",false,false
P6_6_1_3_0,uint64_t,base_zero,0000000000000000,"[1, 0.0, 0]",uint64_t,i64max_plus1,8000000000000000,"[1, 1.0, 63]",false,false
P6_6_1_4_0,uint64_t,base_zero,0000000000000000,"[1, 0.0, 0]",uint64_t,p53_plus1,0020000000000001,"[1, 1.0000000000000001110223024625157, 53]",false,false
P6_6_1_5_0,uint64_t,base_zero,0000000000000000,"[1, 0.0, 0]",uint64_t,u64max,ffffffffffffffff,"[1, 1.9999999999999999998915797827514, 63]",false,false
P6_6_2_0_0,uint64_t,i64max,7fffffffffffffff,"[1, 1.9999999999999999997831595655029, 62]",uint64_t,base_42,000000000000002a,"[1, 1.3125, 5]",true,true
P6_6_2_1_0,uint64_t,i64max,7fffffffffffffff,"[1, 1.9999999999999999997831595655029, 62]",uint64_t,base_zero,0000000000000000,"[1, 0.0, 0]",false,false
P6_6_2_2_0,uint64_t,i64max,7fffffffffffffff,"[1, 1.9999999999999999997831595655029, 62]",uint64_t,i64max,7fffffffffffffff,"[1, 1.9999999999999999997831595655029, 62]",true,true
P6_6_2_3_0,uint64_t,i64max,7fffffffffffffff,"[1, 1.9999999999999999997831595655029, 62]",uint64_t,i64max_plus1,8000000000000000,"[1, 1.0, 63]",true,true
P6_6_2_4_0,uint64_t,i64max,7fffffffffffffff,"[1, 1.9999999999999999997831595655029, 62]",uint64_t,p53_plus1,0020000000000001,"[1, 1.0000000000000001110223024625157, 53]",true,true
P6_6_2_5_0,uint64_t,i64max,7fffffffffffffff,"[1, 1.9999999999999999997831595655029, 62]",uint64_t,u64max,ffffffffffffffff,"[1, 1.9999999999999999998915797827514, 63]",true,true
P6_6_3_0_0,uint64_t,i64max_plus1,8000000000000000,"[1, 1.0, 63]",uint64_t,base_42,000000000000002a,"[1, 1.3125, 5]",true,true
P6_6_3_1_0,uint64_t,i64max_plus1,8000000000000000,"[1, 1.0, 63]",uint64_t,base_zero,0000000000000000,"[1, 0.0, 0]",false,false
P6_6_3_2_0,uint64_t,i64max_plus1,8000000000000000,"[1, 1.0, 63]",uint64_t,i64max,7fffffffffffffff,"[1, 1.9999999999999999997831595655029, 62]",true,true
P6_6_3_3_0,uint64_t,i64max_plus1,8000000000000000,"[1, 1.0, 63]",uint64_t,i64max_plus1,8000000000000000,"[1, 1.0, 63]",true,true
P6_6_3_4_0,uint64_t,i64max_plus1,8000000000000000,"[1, 1.0, 63]",uint64_t,p53_plus1,0020000000000001,"[1, 1.0000000000000001110223024625157, 53]",true,true
P6_6_3_5_0,uint64_t,i64max_plus1,8000000000000000,"[1, 1.0, 63]",uint64_t,u64max,ffffffffffffffff,"[1, 1.9999999999999999998915797827514, 63]",true,true
P6_6_4_0_0,uint64_t,p53_plus1,0020000000000001,"[1, 1.0000000000000001110223024625157, 53]",uint64_t,base_42,000000000000002a,"[1, 1.3125, 5]",true,true
P6_6_4_1_0,uint64_t,p53_plus1,0020000000000001,"[1, 1.0000000000000001110223024625157, 53]",uint64_t,base_zero,0000000000000000,"[1, 0.0, 0]",false,false
P6_6_4_2_0,uint64_t,p53_plus1,0020000000000001,"[1, 1.0000000000000001110223024625157, 53]",uint64_t,i64max,7fffffffffffffff,"[1, 1.9999999999999999997831595655029, 62]",true,true
P6_6_4_3_0,uint64_t,p53_plus1,0020000000000001,"[1, 1.0000000000000001110223024625157, 53]",uint64_t,i64max_plus1,8000000000000000,"[1, 1.0, 63]",true,true
P6_6_4_4_0,uint64_t,p53_plus1,0020000000000001,"[1, 1.0000000000000001110223024625157, 53]",uint64_t,p53_plus1,0020000000000001,"[1, 1.0000000000000001110223024625157, 53]",true,true
P6_6_4_5_0,uint64_t,p53_plus1,0020000000000001,"[1, 1.0000000000000001110223024625157, 53]",uint64_t,u64max,ffffffffffffffff,"[1, 1.9999999999999999998915797827514, 63]",true,true
P6_6_5_0_0,uint64_t,u64max,ffffffffffffffff,"[1, 1.9999999999999999998915797827514, 63]",uint64_t,base_42,000000000000002a,"[1, 1.3125, 5]",true,true
P6_6_5_1_0,uint64_t,u64max,ffffffffffffffff,"[1, 1.9999999999999999998915797827514, 63]",uint64_t,base_zero,0000000000000000,"[1, 0.0, 0]",false,false
P6_6_5_2_0,uint64_t,u64max,ffffffffffffffff,"[1, 1.9999999999999999998915797827514, 63]",uint64_t,i64max,7fffffffffffffff,"[1, 1.9999999999999999997831595655029, 62]",true,true
P6_6_5_3_0,uint64_t,u64max,ffffffffffffffff,"[1, 1.9999999999999999998915797827514, 63]",uint64_t,i64max_plus1,8000000000000000,"[1, 1.0, 63]",true,true
P6_6_5_4_0,uint64_t,u64max,ffffffffffffffff,"[1, 1.9999999999999999998915797827514, 63]",uint64_t,p53_plus1,0020000000000001,"[1, 1.0000000000000001110223024625157, 53]",true,true
P6_6_5_5_0,uint64_t,u64max,ffffffffffffffff,"[1, 1.9999999999999999998915797827514, 63]",uint64_t,u64max,ffffffffffffffff,"[1, 1.9999999999999999998915797827514, 63]",true,true
P6_7_0_0_0,uint64_t,base_42,000000000000002a,"[1, 1.3125, 5]",__int128,base_42,0000000000000000000000000000002a,"[1, 1.3125, 5]",true,true
P6_7_0_1_0,uint64_t,base_42,000000000000002a,"[1, 1.3125, 5]",__int128,base_zero,00000000000000000000000000000000,"[1, 0.0, 0]",false,false
P6_7_0_2_0,uint64_t,base_42,000000000000002a,"[1, 1.3125, 5]",__int128,i64max,00000000000000007fffffffffffffff,"[1, 1.9999999999999999997831595655029, 62]",true,true
P6_7_0_3_0,uint64_t,base_42,000000000000002a,"[1, 1.3125, 5]",__int128,i64max_plus1,00000000000000008000000000000000,"[1, 1.0, 63]",true,true
P6_7_0_4_0,uint64_t,base_42,000000000000002a,"[1, 1.3125, 5]",__int128,p53_plus1,00000000000000000020000000000001,"[1, 1.0000000000000001110223024625157, 53]",true,true
P6_7_0_5_0,uint64_t,base_42,000000000000002a,"[1, 1.3125, 5]",__int128,u64max,0000000000000000ffffffffffffffff,"[1, 1.9999999999999999998915797827514, 63]",true,true
P6_7_1_0_0,uint64_t,base_zero,0000000000000000,"[1, 0.0, 0]",__int128,base_42,0000000000000000000000000000002a,"[1, 1.3125, 5]",false,false
P6_7_1_1_0,uint64_t,base_zero,0000000000000000,"[1, 0.0, 0]",__int128,base_zero,00000000000000000000000000000000,"[1, 0.0, 0]",false,false
P6_7_1_2_0,uint64_t,base_zero,0000000000000000,"[1, 0.0, 0]",__int128,i64max,00000000000000007fffffffffffffff,"[1, 1.9999999999999999997831595655029, 62]",false,false
P6_7_1_3_0,uint64_t,base_zero,0000000000000000,"[1, 0.0, 0]",__int128,i64max_plus1,00000000000000008000000000000000,"[1, 1.0, 63]",false,false
P6_7_1_4_0,uint64_t,base_zero,0000000000000000,"[1, 0.0, 0]",__int128,p53_plus1,00000000000000000020000000000001,"[1, 1.0000000000000001110223024625157, 53]",false,false
P6_7_1_5_0,uint64_t,base_zero,0000000000000000,"[1, 0.0, 0]",__int128,u64max,0000000000000000ffffffffffffffff,"[1, 1.9999999999999999998915797827514, 63]",false,false
P6_7_2_0_0,uint64_t,i64max,7fffffffffffffff,"[1, 1.9999999999999999997831595655029, 62]",__int128,base_42,0000000000000000000000000000002a,"[1, 1.3125, 5]",true,true
P6_7_2_1_0,uint64_t,i64max,7fffffffffffffff,"[1, 1.9999999999999999997831595655029, 62]",__int128,base_zero,00000000000000000000000000000000,"[1, 0.0, 0]",false,false
P6_7_2_2_0,uint64_t,i64max,7fffffffffffffff,"[1, 1.9999999999999999997831595655029, 62]",__int128,i64max,00000000000000007fffffffffffffff,"[1, 1.9999999999999999997831595655029, 62]",true,true
P6_7_2_3_0,uint64_t,i64max,7fffffffffffffff,"[1, 1.9999999999999999997831595655029, 62]",__int128,i64max_plus1,00000000000000008000000000000000,"[1, 1.0, 63]",true,true
P6_7_2_4_0,uint64_t,i64max,7fffffffffffffff,"[1, 1.9999999999999999997831595655029, 62]",__int128,p53_plus1,00000000000000000020000000000001,"[1, 1.0000000000000001110223024625157, 53]",true,true
P6_7_2_5_0,uint64_t,i64max,7fffffffffffffff,"[1, 1.9999999999999999997831595655029, 62]",__int128,u64max,0000000000000000ffffffffffffffff,"[1, 1.9999999999999999998915797827514, 63]",true,true
P6_7_3_0_0,uint64_t,i64max_plus1,8000000000000000,"[1, 1.0, 63]",__int128,base_42,0000000000000000000000000000002a,"[1, 1.3125, 5]",true,true
P6_7_3_1_0,uint64_t,i64max_plus1,8000000000000000,"[1, 1.0, 63]",__int128,base_zero,00000000000000000000000000000000,"[1, 0.0, 0]",false,false
P6_7_3_2_0,uint64_t,i64max_plus1,8000000000000000,"[1, 1.0, 63]",__int128,i64max,00000000000000007fffffffffffffff,"[1, 1.9999999999999999997831595655029, 62]",true,true
P6_7_3_3_0,uint64_t,i64max_plus1,8000000000000000,"[1, 1.0, 63]",__int128,i64max_plus1,00000000000000008000000000000000,"[1, 1.0, 63]",true,true
P6_7_3_4_0,uint64_t,i64max_plus1,8000000000000000,"[1, 1.0, 63]",__int128,p53_plus1,00000000000000000020000000000001,"[1, 1.0000000000000001110223024625157, 53]",true,true
P6_7_3_5_0,uint64_t,i64max_plus1,8000000000000000,"[1, 1.0, 63]",__int128,u64max,0000000000000000ffffffffffffffff,"[1, 1.9999999999999999998915797827514, 63]",true,true
P6_7_4_0_0,uint64_t,p53_plus1,0020000000000001,"[1, 1.0000000000000001110223024625157, 53]",__int128,base_42,0000000000000000000000000000002a,"[1, 1.3125, 5]",true,true
P6_7_4_1_0,uint64_t,p53_plus1,0020000000000001,"[1, 1.0000000000000001110223024625157, 53]",__int128,base_zero,00000000000000000000000000000000,"[1, 0.0, 0]",false,false
P6_7_4_2_0,uint64_t,p53_plus1,0020000000000001,"[1, 1.0000000000000001110223024625157, 53]",__int128,i64max,00000000000000007fffffffffffffff,"[1, 1.9999999999999999997831595655029, 62]",true,true
P6_7_4_3_0,uint64_t,p53_plus1,0020000000000001,"[1, 1.0000000000000001110223024625157, 53]",__int128,i64max_plus1,00000000000000008000000000000000,"[1, 1.0, 63]",true,true
P6_7_4_4_0,uint64_t,p53_plus1,0020000000000001,"[1, 1.0000000000000001110223024625157, 53]",__int128,p53_plus1,00000000000000000020000000000001,"[1, 1.0000000000000001110223024625157, 53]",true,true
P6_7_4_5_0,uint64_t,p53_plus1,0020000000000001,"[1, 1.0000000000000001110223024625157, 53]",__int128,u64max,0000000000000000ffffffffffffffff,"[1, 1.9999999999999999998915797827514, 63]",true,true
P6_7_5_0_0,uint64_t,u64max,ffffffffffffffff,"[1, 1.9999999999999999998915797827514, 63]",__int128,base_42,0000000000000000000000000000002a,"[1, 1.3125, 5]",true,true
P6_7_5_1_0,uint64_t,u64max,ffffffffffffffff,"[1, 1.9999999999999999998915797827514, 63]",__int128,base_zero,00000000000000000000000000000000,"[1, 0.0, 0]",false,false
P6_7_5_2_0,uint64_t,u64max,ffffffffffffffff,"[1, 1.9999999999999999998915797827514, 63]",__int128,i64max,00000000000000007fffffffffffffff,"[1, 1.9999999999999999997831595655029, 62]",true,true
P6_7_5_3_0,uint64_t,u64max,ffffffffffffffff,"[1, 1.9999999999999999998915797827514, 63]",__int128,i64max_plus1,00000000000000008000000000000000,"[1, 1.0, 63]",true,true
P6_7_5_4_0,uint64_t,u64max,ffffffffffffffff,"[1, 1.9999999999999999998915797827514, 63]",__int128,p53_plus1,00000000000000000020000000000001,"[1, 1.0000000000000001110223024625157, 53]",true,true
P6_7_5_5_0,uint64_t,u64max,ffffffffffffffff,"[1, 1.9999999999999999998915797827514, 63]",__int128,u64max,0000000000000000ffffffffffffffff,"[1, 1.9999999999999999998915797827514, 63]",true,true
P6_8_0_0_0,uint64_t,base_42,000000000000002a,"[1, 1.3125, 5]",double,base_1_5,3ff8000000000000,"[1, 1.5, 0]",true,true
P6_8_0_1_0,uint64_t,base_42,000000000000002a,"[1, 1.3125, 5]",double,base_pi,400921fb54442d18,"[1, 1.5707963267948965579989817342721, 1]",true,true
P6_8_0_2_0,uint64_t,base_42,000000000000002a,"[1, 1.3125, 5]",double,inf,7ff0000000000000,"[1, inf]",true,true
P6_8_0_3_0,uint64_t,base_42,000000000000002a,"[1, 1.3125, 5]",double,nan,7ff8000000000000,nan,true,true
P6_8_0_4_0,uint64_t,base_42,000000000000002a,"[1, 1.3125, 5]",double,negzero,8000000000000000,"[-1, 0.0, 0]",false,false
P6_8_0_5_0,uint64_t,base_42,000000000000002a,"[1, 1.3125, 5]",double,point1,3fb999999999999a,"[1, 1.6000000000000000888178419700125, -4]",true,true
P6_8_1_0_0,uint64_t,base_zero,0000000000000000,"[1, 0.0, 0]",double,base_1_5,3ff8000000000000,"[1, 1.5, 0]",false,false
P6_8_1_1_0,uint64_t,base_zero,0000000000000000,"[1, 0.0, 0]",double,base_pi,400921fb54442d18,"[1, 1.5707963267948965579989817342721, 1]",false,false
P6_8_1_2_0,uint64_t,base_zero,0000000000000000,"[1, 0.0, 0]",double,inf,7ff0000000000000,"[1, inf]",false,false
P6_8_1_3_0,uint64_t,base_zero,0000000000000000,"[1, 0.0, 0]",double,nan,7ff8000000000000,nan,false,false
P6_8_1_4_0,uint64_t,base_zero,0000000000000000,"[1, 0.0, 0]",double,negzero,8000000000000000,"[-1, 0.0, 0]",false,false
P6_8_1_5_0,uint64_t,base_zero,0000000000000000,"[1, 0.0, 0]",double,point1,3fb999999999999a,"[1, 1.6000000000000000888178419700125, -4]",false,false
P6_8_2_0_0,uint64_t,i64max,7fffffffffffffff,"[1, 1.9999999999999999997831595655029, 62]",double,base_1_5,3ff8000000000000,"[1, 1.5, 0]",true,true
P6_8_2_1_0,uint64_t,i64max,7fffffffffffffff,"[1, 1.9999999999999999997831595655029, 62]",double,base_pi,400921fb54442d18,"[1, 1.5707963267948965579989817342721, 1]",true,true
P6_8_2_2_0,uint64_t,i64max,7fffffffffffffff,"[1, 1.9999999999999999997831595655029, 62]",double,inf,7ff0000000000000,"[1, inf]",true,true
P6_8_2_3_0,uint64_t,i64max,7fffffffffffffff,"[1, 1.9999999999999999997831595655029, 62]",double,nan,7ff8000000000000,nan,true,true
P6_8_2_4_0,uint64_t,i64max,7fffffffffffffff,"[1, 1.9999999999999999997831595655029, 62]",double,negzero,8000000000000000,"[-1, 0.0, 0]",false,false
P6_8_2_5_0,uint64_t,i64max,7fffffffffffffff,"[1, 1.9999999999999999997831595655029, 62]",double,point1,3fb999999999999a,"[1, 1.6000000000000000888178419700125, -4]",true,true
P6_8_3_0_0,uint64_t,i64max_plus1,8000000000000000,"[1, 1.0, 63]",double,base_1_5,3ff8000000000000,"[1, 1.5, 0]",true,true
P6_8_3_1_0,uint64_t,i64max_plus1,8000000000000000,"[1, 1.0, 63]",double,base_pi,400921fb54442d18,"[1, 1.5707963267948965579989817342721, 1]",true,true
P6_8_3_2_0,uint64_t,i64max_plus1,8000000000000000,"[1, 1.0, 63]",double,inf,7ff0000000000000,"[1, inf]",true,true
P6_8_3_3_0,uint64_t,i64max_plus1,8000000000000000,"[1, 1.0, 63]",double,nan,7ff8000000000000,nan,true,true
P6_8_3_4_0,uint64_t,i64max_plus1,8000000000000000,"[1, 1.0, 63]",double,negzero,8000000000000000,"[-1, 0.0, 0]",false,false
P6_8_3_5_0,uint64_t,i64max_plus1,8000000000000000,"[1, 1.0, 63]",double,point1,3fb999999999999a,"[1, 1.6000000000000000888178419700125, -4]",true,true
P6_8_4_0_0,uint64_t,p53_plus1,0020000000000001,"[1, 1.0000000000000001110223024625157, 53]",double,base_1_5,3ff8000000000000,"[1, 1.5, 0]",true,true
P6_8_4_1_0,uint64_t,p53_plus1,0020000000000001,"[1, 1.0000000000000001110223024625157, 53]",double,base_pi,400921fb54442d18,"[1, 1.5707963267948965579989817342721, 1]",true,true
P6_8_4_2_0,uint64_t,p53_plus1,0020000000000001,"[1, 1.0000000000000001110223024625157, 53]",double,inf,7ff0000000000000,"[1, inf]",true,true
P6_8_4_3_0,uint64_t,p53_plus1,0020000000000001,"[1, 1.0000000000000001110223024625157, 53]",double,nan,7ff8000000000000,nan,true,true
P6_8_4_4_0,uint64_t,p53_plus1,0020000000000001,"[1, 1.0000000000000001110223024625157, 53]",double,negzero,8000000000000000,"[-1, 0.0, 0]",false,false
P6_8_4_5_0,uint64_t,p53_plus1,0020000000000001,"[1, 1.0000000000000001110223024625157, 53]",double,point1,3fb999999999999a,"[1, 1.6000000000000000888178419700125, -4]",true,true
P6_8_5_0_0,uint64_t,u64max,ffffffffffffffff,"[1, 1.9999999999999999998915797827514, 63]",double,base_1_5,3ff8000000000000,"[1, 1.5, 0]",true,true
P6_8_5_1_0,uint64_t,u64max,ffffffffffffffff,"[1, 1.9999999999999999998915797827514, 63]",double,base_pi,400921fb54442d18,"[1, 1.5707963267948965579989817342721, 1]",true,true
P6_8_5_2_0,uint64_t,u64max,ffffffffffffffff,"[1, 1.9999999999999999998915797827514, 63]",double,inf,7ff0000000000000,"[1, inf]",true,true
P6_8_5_3_0,uint64_t,u64max,ffffffffffffffff,"[1, 1.9999999999999999998915797827514, 63]",double,nan,7ff8000000000000,nan,true,true
P6_8_5_4_0,uint64_t,u64max,ffffffffffffffff,"[1, 1.9999999999999999998915797827514, 63]",double,negzero,8000000000000000,"[-1, 0.0, 0]",false,false
P6_8_5_5_0,uint64_t,u64max,ffffffffffffffff,"[1, 1.9999999999999999998915797827514, 63]",double,point1,3fb999999999999a,"[1, 1.6000000000000000888178419700125, -4]",true,true
P6_9_0_0_0,uint64_t,base_42,000000000000002a,"[1, 1.3125, 5]",float,base_1_5,3fc00000,"[1, 1.5, 0]",true,true
P6_9_0_1_0,uint64_t,base_42,000000000000002a,"[1, 1.3125, 5]",float,base_pi,40490fdb,"[1, 1.57079637050628662109375, 1]",true,true
P6_9_0_2_0,uint64_t,base_42,000000000000002a,"[1, 1.3125, 5]",float,inf,7f800000,"[1, inf]",true,true
P6_9_0_3_0,uint64_t,base_42,000000000000002a,"[1, 1.3125, 5]",float,nan,7fc00000,nan,true,true
P6_9_0_4_0,uint64_t,base_42,000000000000002a,"[1, 1.3125, 5]",float,negzero,80000000,"[-1, 0.0, 0]",false,false
P6_9_0_5_0,uint64_t,base_42,000000000000002a,"[1, 1.3125, 5]",float,point1,3dcccccd,"[1, 1.60000002384185791015625, -4]",true,true
P6_9_1_0_0,uint64_t,base_zero,0000000000000000,"[1, 0.0, 0]",float,base_1_5,3fc00000,"[1, 1.5, 0]",false,false
P6_9_1_1_0,uint64_t,base_zero,0000000000000000,"[1, 0.0, 0]",float,base_pi,40490fdb,"[1, 1.57079637050628662109375, 1]",false,false
P6_9_1_2_0,uint64_t,base_zero,0000000000000000,"[1, 0.0, 0]",float,inf,7f800000,"[1, inf]",false,false
P6_9_1_3_0,uint64_t,base_zero,0000000000000000,"[1, 0.0, 0]",float,nan,7fc00000,nan,false,false
P6_9_1_4_0,uint64_t,base_zero,0000000000000000,"[1, 0.0, 0]",float,negzero,80000000,"[-1, 0.0, 0]",false,false
P6_9_1_5_0,uint64_t,base_zero,0000000000000000,"[1, 0.0, 0]",float,point1,3dcccccd,"[1, 1.60000002384185791015625, -4]",false,false
P6_9_2_0_0,uint64_t,i64max,7fffffffffffffff,"[1, 1.9999999999999999997831595655029, 62]",float,base_1_5,3fc00000,"[1, 1.5, 0]",true,true
P6_9_2_1_0,uint64_t,i64max,7fffffffffffffff,"[1, 1.9999999999999999997831595655029, 62]",float,base_pi,40490fdb,"[1, 1.57079637050628662109375, 1]",true,true
P6_9_2_2_0,uint64_t,i64max,7fffffffffffffff,"[1, 1.9999999999999999997831595655029, 62]",float,inf,7f800000,"[1, inf]",true,true
P6_9_2_3_0,uint64_t,i64max,7fffffffffffffff,"[1, 1.9999999999999999997831595655029, 62]",float,nan,7fc00000,nan,true,true
P6_9_2_4_0,uint64_t,i64max,7fffffffffffffff,"[1, 1.9999999999999999997831595655029, 62]",float,negzero,80000000,"[-1, 0.0, 0]",false,false
P6_9_2_5_0,uint64_t,i64max,7fffffffffffffff,"[1, 1.9999999999999999997831595655029, 62]",float,point1,3dcccccd,"[1, 1.60000002384185791015625, -4]",true,true
P6_9_3_0_0,uint64_t,i64max_plus1,8000000000000000,"[1, 1.0, 63]",float,base_1_5,3fc00000,"[1, 1.5, 0]",true,true
P6_9_3_1_0,uint64_t,i64max_plus1,8000000000000000,"[1, 1.0, 63]",float,base_pi,40490fdb,"[1, 1.57079637050628662109375, 1]",true,true
P6_9_3_2_0,uint64_t,i64max_plus1,8000000000000000,"[1, 1.0, 63]",float,inf,7f800000,"[1, inf]",true,true
P6_9_3_3_0,uint64_t,i64max_plus1,8000000000000000,"[1, 1.0, 63]",float,nan,7fc00000,nan,true,true
P6_9_3_4_0,uint64_t,i64max_plus1,8000000000000000,"[1, 1.0, 63]",float,negzero,80000000,"[-1, 0.0, 0]",false,false
P6_9_3_5_0,uint64_t,i64max_plus1,8000000000000000,"[1, 1.0, 63]",float,point1,3dcccccd,"[1, 1.60000002384185791015625, -4]",true,true
P6_9_4_0_0,uint64_t,p53_plus1,0020000000000001,"[1, 1.0000000000000001110223024625157, 53]",float,base_1_5,3fc00000,"[1, 1.5, 0]",true,true
P6_9_4_1_0,uint64_t,p53_plus1,0020000000000001,"[1, 1.0000000000000001110223024625157, 53]",float,base_pi,40490fdb,"[1, 1.57079637050628662109375, 1]",true,true
P6_9_4_2_0,uint64_t,p53_plus1,0020000000000001,"[1, 1.0000000000000001110223024625157, 53]",float,inf,7f800000,"[1, inf]",true,true
P6_9_4_3_0,uint64_t,p53_plus1,0020000000000001,"[1, 1.0000000000000001110223024625157, 53]",float,nan,7fc00000,nan,true,true
P6_9_4_4_0,uint64_t,p53_plus1,0020000000000001,"[1, 1.0000000000000001110223024625157, 53]",float,negzero,80000000,"[-1, 0.0, 0]",false,false
P6_9_4_5_0,uint64_t,p53_plus1,0020000000000001,"[1, 1.0000000000000001110223024625157, 53]",float,point1,3dcccccd,"[1, 1.60000002384185791015625, -4]",true,true
P6_9_5_0_0,uint64_t,u64max,ffffffffffffffff,"[1, 1.9999999999999999998915797827514, 63]",float,base_1_5,3fc00000,"[1, 1.5, 0]",true,true
P6_9_5_1_0,uint64_t,u64max,ffffffffffffffff,"[1, 1.9999999999999999998915797827514, 63]",float,base_pi,40490fdb,"[1, 1.57079637050628662109375, 1]",true,true
P6_9_5_2_0,uint64_t,u64max,ffffffffffffffff,"[1, 1.9999999999999999998915797827514, 63]",float,inf,7f800000,"[1, inf]",true,true
P6_9_5_3_0,uint64_t,u64max,ffffffffffffffff,"[1, 1.9999999999999999998915797827514, 63]",float,nan,7fc00000,nan,true,true
P6_9_5_4_0,uint64_t,u64max,ffffffffffffffff,"[1, 1.9999999999999999998915797827514, 63]",float,negzero,80000000,"[-1, 0.0, 0]",false,false
P6_9_5_5_0,uint64_t,u64max,ffffffffffffffff,"[1, 1.9999999999999999998915797827514, 63]",float,point1,3dcccccd,"[1, 1.60000002384185791015625, -4]",true,true
P6_11_0_0_0,uint64_t,base_42,000000000000002a,"[1, 1.3125, 5]",const char*,base_empty,,t||0|0|0,true,true
P6_11_0_1_0,uint64_t,base_42,000000000000002a,"[1, 1.3125, 5]",const char*,base_hello,68656c6c6f,t|68656c6c6f|5|5|5,true,true
P6_11_0_2_0,uint64_t,base_42,000000000000002a,"[1, 1.3125, 5]",const char*,base_lines,6c696e65206f6e650a6c696e652074776f,t|6c696e65206f6e650a6c696e652074776f|17|17|17,true,true
P6_11_0_3_0,uint64_t,base_42,000000000000002a,"[1, 1.3125, 5]",const char*,clef,f09d849e,t|f09d849e|4|1|1,true,true
P6_11_0_4_0,uint64_t,base_42,000000000000002a,"[1, 1.3125, 5]",const char*,eacute,c3a9,t|c3a9|2|1|1,true,true
P6_11_0_5_0,uint64_t,base_42,000000000000002a,"[1, 1.3125, 5]",const char*,escapes,71756f74652022206261636b736c617368205c207461620968657265,t|71756f74652022206261636b736c617368205c207461620968657265|28|28|28,true,true
P6_11_1_0_0,uint64_t,base_zero,0000000000000000,"[1, 0.0, 0]",const char*,base_empty,,t||0|0|0,false,false
P6_11_1_1_0,uint64_t,base_zero,0000000000000000,"[1, 0.0, 0]",const char*,base_hello,68656c6c6f,t|68656c6c6f|5|5|5,false,false
P6_11_1_2_0,uint64_t,base_zero,0000000000000000,"[1, 0.0, 0]",const char*,base_lines,6c696e65206f6e650a6c696e652074776f,t|6c696e65206f6e650a6c696e652074776f|17|17|17,false,false
P6_11_1_3_0,uint64_t,base_zero,0000000000000000,"[1, 0.0, 0]",const char*,clef,f09d849e,t|f09d849e|4|1|1,false,false
P6_11_1_4_0,uint64_t,base_zero,0000000000000000,"[1, 0.0, 0]",const char*,eacute,c3a9,t|c3a9|2|1|1,false,false
P6_11_1_5_0,uint64_t,base_zero,0000000000000000,"[1, 0.0, 0]",const char*,escapes,71756f74652022206261636b736c617368205c207461620968657265,t|71756f74652022206261636b736c617368205c207461620968657265|28|28|28,false,false
P6_11_2_0_0,uint64_t,i64max,7fffffffffffffff,"[1, 1.9999999999999999997831595655029, 62]",const char*,base_empty,,t||0|0|0,true,true
P6_11_2_1_0,uint64_t,i64max,7fffffffffffffff,"[1, 1.9999999999999999997831595655029, 62]",const char*,base_hello,68656c6c6f,t|68656c6c6f|5|5|5,true,true
P6_11_2_2_0,uint64_t,i64max,7fffffffffffffff,"[1, 1.9999999999999999997831595655029, 62]",const char*,base_lines,6c696e65206f6e650a6c696e652074776f,t|6c696e65206f6e650a6c696e652074776f|17|17|17,true,true
P6_11_2_3_0,uint64_t,i64max,7fffffffffffffff,"[1, 1.9999999999999999997831595655029, 62]",const char*,clef,f09d849e,t|f09d849e|4|1|1,true,true
P6_11_2_4_0,uint64_t,i64max,7fffffffffffffff,"[1, 1.9999999999999999997831595655029, 62]",const char*,eacute,c3a9,t|c3a9|2|1|1,true,true
P6_11_2_5_0,uint64_t,i64max,7fffffffffffffff,"[1, 1.9999999999999999997831595655029, 62]",const char*,escapes,71756f74652022206261636b736c617368205c207461620968657265,t|71756f74652022206261636b736c617368205c207461620968657265|28|28|28,true,true
P6_11_3_0_0,uint64_t,i64max_plus1,8000000000000000,"[1, 1.0, 63]",const char*,base_empty,,t||0|0|0,true,true
P6_11_3_1_0,uint64_t,i64max_plus1,8000000000000000,"[1, 1.0, 63]",const char*,base_hello,68656c6c6f,t|68656c6c6f|5|5|5,true,true
P6_11_3_2_0,uint64_t,i64max_plus1,8000000000000000,"[1, 1.0, 63]",const char*,base_lines,6c696e65206f6e650a6c696e652074776f,t|6c696e65206f6e650a6c696e652074776f|17|17|17,true,true
P6_11_3_3_0,uint64_t,i64max_plus1,8000000000000000,"[1, 1.0, 63]",const char*,clef,f09d849e,t|f09d849e|4|1|1,true,true
P6_11_3_4_0,uint64_t,i64max_plus1,8000000000000000,"[1, 1.0, 63]",const char*,eacute,c3a9,t|c3a9|2|1|1,true,true
P6_11_3_5_0,uint64_t,i64max_plus1,8000000000000000,"[1, 1.0, 63]",const char*,escapes,71756f74652022206261636b736c617368205c207461620968657265,t|71756f74652022206261636b736c617368205c207461620968657265|28|28|28,true,true
P6_11_4_0_0,uint64_t,p53_plus1,0020000000000001,"[1, 1.0000000000000001110223024625157, 53]",const char*,base_empty,,t||0|0|0,true,true
P6_11_4_1_0,uint64_t,p53_plus1,0020000000000001,"[1, 1.0000000000000001110223024625157, 53]",const char*,base_hello,68656c6c6f,t|68656c6c6f|5|5|5,true,true
P6_11_4_2_0,uint64_t,p53_plus1,0020000000000001,"[1, 1.0000000000000001110223024625157, 53]",const char*,base_lines,6c696e65206f6e650a6c696e652074776f,t|6c696e65206f6e650a6c696e652074776f|17|17|17,true,true
P6_11_4_3_0,uint64_t,p53_plus1,0020000000000001,"[1, 1.0000000000000001110223024625157, 53]",const char*,clef,f09d849e,t|f09d849e|4|1|1,true,true
P6_11_4_4_0,uint64_t,p53_plus1,0020000000000001,"[1, 1.0000000000000001110223024625157, 53]",const char*,eacute,c3a9,t|c3a9|2|1|1,true,true
P6_11_4_5_0,uint64_t,p53_plus1,0020000000000001,"[1, 1.0000000000000001110223024625157, 53]",const char*,escapes,71756f74652022206261636b736c617368205c207461620968657265,t|71756f74652022206261636b736c617368205c207461620968657265|28|28|28,true,true
P6_11_5_0_0,uint64_t,u64max,ffffffffffffffff,"[1, 1.9999999999999999998915797827514, 63]",const char*,base_empty,,t||0|0|0,true,true
P6_11_5_1_0,uint64_t,u64max,ffffffffffffffff,"[1, 1.9999999999999999998915797827514, 63]",const char*,base_hello,68656c6c6f,t|68656c6c6f|5|5|5,true,true
P6_11_5_2_0,uint64_t,u64max,ffffffffffffffff,"[1, 1.9999999999999999998915797827514, 63]",const char*,base_lines,6c696e65206f6e650a6c696e652074776f,t|6c696e65206f6e650a6c696e652074776f|17|17|17,true,true
P6_11_5_3_0,uint64_t,u64max,ffffffffffffffff,"[1, 1.9999999999999999998915797827514, 63]",const char*,clef,f09d849e,t|f09d849e|4|1|1,true,true
P6_11_5_4_0,uint64_t,u64max,ffffffffffffffff,"[1, 1.9999999999999999998915797827514, 63]",const char*,eacute,c3a9,t|c3a9|2|1|1,true,true
P6_11_5_5_0,uint64_t,u64max,ffffffffffffffff,"[1, 1.9999999999999999998915797827514, 63]",const char*,escapes,71756f74652022206261636b736c617368205c207461620968657265,t|71756f74652022206261636b736c617368205c207461620968657265|28|28|28,true,true
P6_14_0_0_0,uint64_t,base_42,000000000000002a,"[1, 1.3125, 5]",T[N] (C array),base,"[1, 2, 3]","c|[1, 1.0, 0],[1, 1.0, 1],[1, 1.5, 1]|integer|as-sorted",true,true
P6_14_0_2_0,uint64_t,base_42,000000000000002a,"[1, 1.3125, 5]",T[N] (C array),empty,[],c||empty|as-sorted,true,true
P6_14_0_4_0,uint64_t,base_42,000000000000002a,"[1, 1.3125, 5]",T[N] (C array),strs,"['a', 'b']","c|t|61|1|1|1,t|62|1|1|1|integer|as-sorted",true,true
P6_14_1_0_0,uint64_t,base_zero,0000000000000000,"[1, 0.0, 0]",T[N] (C array),base,"[1, 2, 3]","c|[1, 1.0, 0],[1, 1.0, 1],[1, 1.5, 1]|integer|as-sorted",false,false
P6_14_1_2_0,uint64_t,base_zero,0000000000000000,"[1, 0.0, 0]",T[N] (C array),empty,[],c||empty|as-sorted,false,false
P6_14_1_4_0,uint64_t,base_zero,0000000000000000,"[1, 0.0, 0]",T[N] (C array),strs,"['a', 'b']","c|t|61|1|1|1,t|62|1|1|1|integer|as-sorted",false,false
P6_14_2_0_0,uint64_t,i64max,7fffffffffffffff,"[1, 1.9999999999999999997831595655029, 62]",T[N] (C array),base,"[1, 2, 3]","c|[1, 1.0, 0],[1, 1.0, 1],[1, 1.5, 1]|integer|as-sorted",true,true
P6_14_2_2_0,uint64_t,i64max,7fffffffffffffff,"[1, 1.9999999999999999997831595655029, 62]",T[N] (C array),empty,[],c||empty|as-sorted,true,true
P6_14_2_4_0,uint64_t,i64max,7fffffffffffffff,"[1, 1.9999999999999999997831595655029, 62]",T[N] (C array),strs,"['a', 'b']","c|t|61|1|1|1,t|62|1|1|1|integer|as-sorted",true,true
P6_14_3_0_0,uint64_t,i64max_plus1,8000000000000000,"[1, 1.0, 63]",T[N] (C array),base,"[1, 2, 3]","c|[1, 1.0, 0],[1, 1.0, 1],[1, 1.5, 1]|integer|as-sorted",true,true
P6_14_3_2_0,uint64_t,i64max_plus1,8000000000000000,"[1, 1.0, 63]",T[N] (C array),empty,[],c||empty|as-sorted,true,true
P6_14_3_4_0,uint64_t,i64max_plus1,8000000000000000,"[1, 1.0, 63]",T[N] (C array),strs,"['a', 'b']","c|t|61|1|1|1,t|62|1|1|1|integer|as-sorted",true,true
P6_14_4_0_0,uint64_t,p53_plus1,0020000000000001,"[1, 1.0000000000000001110223024625157, 53]",T[N] (C array),base,"[1, 2, 3]","c|[1, 1.0, 0],[1, 1.0, 1],[1, 1.5, 1]|integer|as-sorted",true,true
P6_14_4_2_0,uint64_t,p53_plus1,0020000000000001,"[1, 1.0000000000000001110223024625157, 53]",T[N] (C array),empty,[],c||empty|as-sorted,true,true
P6_14_4_4_0,uint64_t,p53_plus1,0020000000000001,"[1, 1.0000000000000001110223024625157, 53]",T[N] (C array),strs,"['a', 'b']","c|t|61|1|1|1,t|62|1|1|1|integer|as-sorted",true,true
P6_14_5_0_0,uint64_t,u64max,ffffffffffffffff,"[1, 1.9999999999999999998915797827514, 63]",T[N] (C array),base,"[1, 2, 3]","c|[1, 1.0, 0],[1, 1.0, 1],[1, 1.5, 1]|integer|as-sorted",true,true
P6_14_5_2_0,uint64_t,u64max,ffffffffffffffff,"[1, 1.9999999999999999998915797827514, 63]",T[N] (C array),empty,[],c||empty|as-sorted,true,true
P6_14_5_4_0,uint64_t,u64max,ffffffffffffffff,"[1, 1.9999999999999999998915797827514, 63]",T[N] (C array),strs,"['a', 'b']","c|t|61|1|1|1,t|62|1|1|1|integer|as-sorted",true,true
P7_1_0_0_0,__int128,base_42,0000000000000000000000000000002a,"[1, 1.3125, 5]",std::nullptr_t,null,null,null,false,false
P7_1_1_0_0,__int128,base_zero,00000000000000000000000000000000,"[1, 0.0, 0]",std::nullptr_t,null,null,null,false,false
P7_1_2_0_0,__int128,i64max,00000000000000007fffffffffffffff,"[1, 1.9999999999999999997831595655029, 62]",std::nullptr_t,null,null,null,false,false
P7_1_3_0_0,__int128,i64max_plus1,00000000000000008000000000000000,"[1, 1.0, 63]",std::nullptr_t,null,null,null,false,false
P7_1_4_0_0,__int128,p53_plus1,00000000000000000020000000000001,"[1, 1.0000000000000001110223024625157, 53]",std::nullptr_t,null,null,null,false,false
P7_1_5_0_0,__int128,u64max,0000000000000000ffffffffffffffff,"[1, 1.9999999999999999998915797827514, 63]",std::nullptr_t,null,null,null,false,false
P7_2_0_0_0,__int128,base_42,0000000000000000000000000000002a,"[1, 1.3125, 5]",std::optional<int64_t>,null,null,null,false,false
P7_2_1_0_0,__int128,base_zero,00000000000000000000000000000000,"[1, 0.0, 0]",std::optional<int64_t>,null,null,null,false,false
P7_2_2_0_0,__int128,i64max,00000000000000007fffffffffffffff,"[1, 1.9999999999999999997831595655029, 62]",std::optional<int64_t>,null,null,null,false,false
P7_2_3_0_0,__int128,i64max_plus1,00000000000000008000000000000000,"[1, 1.0, 63]",std::optional<int64_t>,null,null,null,false,false
P7_2_4_0_0,__int128,p53_plus1,00000000000000000020000000000001,"[1, 1.0000000000000001110223024625157, 53]",std::optional<int64_t>,null,null,null,false,false
P7_2_5_0_0,__int128,u64max,0000000000000000ffffffffffffffff,"[1, 1.9999999999999999998915797827514, 63]",std::optional<int64_t>,null,null,null,false,false
P7_3_0_0_0,__int128,base_42,0000000000000000000000000000002a,"[1, 1.3125, 5]",bool,false,false,false,false,false
P7_3_0_1_0,__int128,base_42,0000000000000000000000000000002a,"[1, 1.3125, 5]",bool,true,true,true,true,true
P7_3_1_0_0,__int128,base_zero,00000000000000000000000000000000,"[1, 0.0, 0]",bool,false,false,false,false,false
P7_3_1_1_0,__int128,base_zero,00000000000000000000000000000000,"[1, 0.0, 0]",bool,true,true,true,false,false
P7_3_2_0_0,__int128,i64max,00000000000000007fffffffffffffff,"[1, 1.9999999999999999997831595655029, 62]",bool,false,false,false,false,false
P7_3_2_1_0,__int128,i64max,00000000000000007fffffffffffffff,"[1, 1.9999999999999999997831595655029, 62]",bool,true,true,true,true,true
P7_3_3_0_0,__int128,i64max_plus1,00000000000000008000000000000000,"[1, 1.0, 63]",bool,false,false,false,false,false
P7_3_3_1_0,__int128,i64max_plus1,00000000000000008000000000000000,"[1, 1.0, 63]",bool,true,true,true,true,true
P7_3_4_0_0,__int128,p53_plus1,00000000000000000020000000000001,"[1, 1.0000000000000001110223024625157, 53]",bool,false,false,false,false,false
P7_3_4_1_0,__int128,p53_plus1,00000000000000000020000000000001,"[1, 1.0000000000000001110223024625157, 53]",bool,true,true,true,true,true
P7_3_5_0_0,__int128,u64max,0000000000000000ffffffffffffffff,"[1, 1.9999999999999999998915797827514, 63]",bool,false,false,false,false,false
P7_3_5_1_0,__int128,u64max,0000000000000000ffffffffffffffff,"[1, 1.9999999999999999998915797827514, 63]",bool,true,true,true,true,true
P7_4_0_0_0,__int128,base_42,0000000000000000000000000000002a,"[1, 1.3125, 5]",int32_t,base_42,0000002a,"[1, 1.3125, 5]",true,true
P7_4_0_1_0,__int128,base_42,0000000000000000000000000000002a,"[1, 1.3125, 5]",int32_t,base_zero,00000000,"[1, 0.0, 0]",false,false
P7_4_0_2_0,__int128,base_42,0000000000000000000000000000002a,"[1, 1.3125, 5]",int32_t,i64max,ffffffff,"[-1, 1.0, 0]",true,true
P7_4_0_3_0,__int128,base_42,0000000000000000000000000000002a,"[1, 1.3125, 5]",int32_t,i64max_plus1,00000000,"[1, 0.0, 0]",false,false
P7_4_0_4_0,__int128,base_42,0000000000000000000000000000002a,"[1, 1.3125, 5]",int32_t,p53_plus1,00000001,"[1, 1.0, 0]",true,true
P7_4_0_5_0,__int128,base_42,0000000000000000000000000000002a,"[1, 1.3125, 5]",int32_t,u64max,ffffffff,"[-1, 1.0, 0]",true,true
P7_4_1_0_0,__int128,base_zero,00000000000000000000000000000000,"[1, 0.0, 0]",int32_t,base_42,0000002a,"[1, 1.3125, 5]",false,false
P7_4_1_1_0,__int128,base_zero,00000000000000000000000000000000,"[1, 0.0, 0]",int32_t,base_zero,00000000,"[1, 0.0, 0]",false,false
P7_4_1_2_0,__int128,base_zero,00000000000000000000000000000000,"[1, 0.0, 0]",int32_t,i64max,ffffffff,"[-1, 1.0, 0]",false,false
P7_4_1_3_0,__int128,base_zero,00000000000000000000000000000000,"[1, 0.0, 0]",int32_t,i64max_plus1,00000000,"[1, 0.0, 0]",false,false
P7_4_1_4_0,__int128,base_zero,00000000000000000000000000000000,"[1, 0.0, 0]",int32_t,p53_plus1,00000001,"[1, 1.0, 0]",false,false
P7_4_1_5_0,__int128,base_zero,00000000000000000000000000000000,"[1, 0.0, 0]",int32_t,u64max,ffffffff,"[-1, 1.0, 0]",false,false
P7_4_2_0_0,__int128,i64max,00000000000000007fffffffffffffff,"[1, 1.9999999999999999997831595655029, 62]",int32_t,base_42,0000002a,"[1, 1.3125, 5]",true,true
P7_4_2_1_0,__int128,i64max,00000000000000007fffffffffffffff,"[1, 1.9999999999999999997831595655029, 62]",int32_t,base_zero,00000000,"[1, 0.0, 0]",false,false
P7_4_2_2_0,__int128,i64max,00000000000000007fffffffffffffff,"[1, 1.9999999999999999997831595655029, 62]",int32_t,i64max,ffffffff,"[-1, 1.0, 0]",true,true
P7_4_2_3_0,__int128,i64max,00000000000000007fffffffffffffff,"[1, 1.9999999999999999997831595655029, 62]",int32_t,i64max_plus1,00000000,"[1, 0.0, 0]",false,false
P7_4_2_4_0,__int128,i64max,00000000000000007fffffffffffffff,"[1, 1.9999999999999999997831595655029, 62]",int32_t,p53_plus1,00000001,"[1, 1.0, 0]",true,true
P7_4_2_5_0,__int128,i64max,00000000000000007fffffffffffffff,"[1, 1.9999999999999999997831595655029, 62]",int32_t,u64max,ffffffff,"[-1, 1.0, 0]",true,true
P7_4_3_0_0,__int128,i64max_plus1,00000000000000008000000000000000,"[1, 1.0, 63]",int32_t,base_42,0000002a,"[1, 1.3125, 5]",true,true
P7_4_3_1_0,__int128,i64max_plus1,00000000000000008000000000000000,"[1, 1.0, 63]",int32_t,base_zero,00000000,"[1, 0.0, 0]",false,false
P7_4_3_2_0,__int128,i64max_plus1,00000000000000008000000000000000,"[1, 1.0, 63]",int32_t,i64max,ffffffff,"[-1, 1.0, 0]",true,true
P7_4_3_3_0,__int128,i64max_plus1,00000000000000008000000000000000,"[1, 1.0, 63]",int32_t,i64max_plus1,00000000,"[1, 0.0, 0]",false,false
P7_4_3_4_0,__int128,i64max_plus1,00000000000000008000000000000000,"[1, 1.0, 63]",int32_t,p53_plus1,00000001,"[1, 1.0, 0]",true,true
P7_4_3_5_0,__int128,i64max_plus1,00000000000000008000000000000000,"[1, 1.0, 63]",int32_t,u64max,ffffffff,"[-1, 1.0, 0]",true,true
P7_4_4_0_0,__int128,p53_plus1,00000000000000000020000000000001,"[1, 1.0000000000000001110223024625157, 53]",int32_t,base_42,0000002a,"[1, 1.3125, 5]",true,true
P7_4_4_1_0,__int128,p53_plus1,00000000000000000020000000000001,"[1, 1.0000000000000001110223024625157, 53]",int32_t,base_zero,00000000,"[1, 0.0, 0]",false,false
P7_4_4_2_0,__int128,p53_plus1,00000000000000000020000000000001,"[1, 1.0000000000000001110223024625157, 53]",int32_t,i64max,ffffffff,"[-1, 1.0, 0]",true,true
P7_4_4_3_0,__int128,p53_plus1,00000000000000000020000000000001,"[1, 1.0000000000000001110223024625157, 53]",int32_t,i64max_plus1,00000000,"[1, 0.0, 0]",false,false
P7_4_4_4_0,__int128,p53_plus1,00000000000000000020000000000001,"[1, 1.0000000000000001110223024625157, 53]",int32_t,p53_plus1,00000001,"[1, 1.0, 0]",true,true
P7_4_4_5_0,__int128,p53_plus1,00000000000000000020000000000001,"[1, 1.0000000000000001110223024625157, 53]",int32_t,u64max,ffffffff,"[-1, 1.0, 0]",true,true
P7_4_5_0_0,__int128,u64max,0000000000000000ffffffffffffffff,"[1, 1.9999999999999999998915797827514, 63]",int32_t,base_42,0000002a,"[1, 1.3125, 5]",true,true
P7_4_5_1_0,__int128,u64max,0000000000000000ffffffffffffffff,"[1, 1.9999999999999999998915797827514, 63]",int32_t,base_zero,00000000,"[1, 0.0, 0]",false,false
P7_4_5_2_0,__int128,u64max,0000000000000000ffffffffffffffff,"[1, 1.9999999999999999998915797827514, 63]",int32_t,i64max,ffffffff,"[-1, 1.0, 0]",true,true
P7_4_5_3_0,__int128,u64max,0000000000000000ffffffffffffffff,"[1, 1.9999999999999999998915797827514, 63]",int32_t,i64max_plus1,00000000,"[1, 0.0, 0]",false,false
P7_4_5_4_0,__int128,u64max,0000000000000000ffffffffffffffff,"[1, 1.9999999999999999998915797827514, 63]",int32_t,p53_plus1,00000001,"[1, 1.0, 0]",true,true
P7_4_5_5_0,__int128,u64max,0000000000000000ffffffffffffffff,"[1, 1.9999999999999999998915797827514, 63]",int32_t,u64max,ffffffff,"[-1, 1.0, 0]",true,true
P7_5_0_0_0,__int128,base_42,0000000000000000000000000000002a,"[1, 1.3125, 5]",int64_t,base_42,000000000000002a,"[1, 1.3125, 5]",true,true
P7_5_0_1_0,__int128,base_42,0000000000000000000000000000002a,"[1, 1.3125, 5]",int64_t,base_zero,0000000000000000,"[1, 0.0, 0]",false,false
P7_5_0_2_0,__int128,base_42,0000000000000000000000000000002a,"[1, 1.3125, 5]",int64_t,i64max,7fffffffffffffff,"[1, 1.9999999999999999997831595655029, 62]",true,true
P7_5_0_3_0,__int128,base_42,0000000000000000000000000000002a,"[1, 1.3125, 5]",int64_t,i64max_plus1,8000000000000000,"[-1, 1.0, 63]",true,true
P7_5_0_4_0,__int128,base_42,0000000000000000000000000000002a,"[1, 1.3125, 5]",int64_t,p53_plus1,0020000000000001,"[1, 1.0000000000000001110223024625157, 53]",true,true
P7_5_0_5_0,__int128,base_42,0000000000000000000000000000002a,"[1, 1.3125, 5]",int64_t,u64max,ffffffffffffffff,"[-1, 1.0, 0]",true,true
P7_5_1_0_0,__int128,base_zero,00000000000000000000000000000000,"[1, 0.0, 0]",int64_t,base_42,000000000000002a,"[1, 1.3125, 5]",false,false
P7_5_1_1_0,__int128,base_zero,00000000000000000000000000000000,"[1, 0.0, 0]",int64_t,base_zero,0000000000000000,"[1, 0.0, 0]",false,false
P7_5_1_2_0,__int128,base_zero,00000000000000000000000000000000,"[1, 0.0, 0]",int64_t,i64max,7fffffffffffffff,"[1, 1.9999999999999999997831595655029, 62]",false,false
P7_5_1_3_0,__int128,base_zero,00000000000000000000000000000000,"[1, 0.0, 0]",int64_t,i64max_plus1,8000000000000000,"[-1, 1.0, 63]",false,false
P7_5_1_4_0,__int128,base_zero,00000000000000000000000000000000,"[1, 0.0, 0]",int64_t,p53_plus1,0020000000000001,"[1, 1.0000000000000001110223024625157, 53]",false,false
P7_5_1_5_0,__int128,base_zero,00000000000000000000000000000000,"[1, 0.0, 0]",int64_t,u64max,ffffffffffffffff,"[-1, 1.0, 0]",false,false
P7_5_2_0_0,__int128,i64max,00000000000000007fffffffffffffff,"[1, 1.9999999999999999997831595655029, 62]",int64_t,base_42,000000000000002a,"[1, 1.3125, 5]",true,true
P7_5_2_1_0,__int128,i64max,00000000000000007fffffffffffffff,"[1, 1.9999999999999999997831595655029, 62]",int64_t,base_zero,0000000000000000,"[1, 0.0, 0]",false,false
P7_5_2_2_0,__int128,i64max,00000000000000007fffffffffffffff,"[1, 1.9999999999999999997831595655029, 62]",int64_t,i64max,7fffffffffffffff,"[1, 1.9999999999999999997831595655029, 62]",true,true
P7_5_2_3_0,__int128,i64max,00000000000000007fffffffffffffff,"[1, 1.9999999999999999997831595655029, 62]",int64_t,i64max_plus1,8000000000000000,"[-1, 1.0, 63]",true,true
P7_5_2_4_0,__int128,i64max,00000000000000007fffffffffffffff,"[1, 1.9999999999999999997831595655029, 62]",int64_t,p53_plus1,0020000000000001,"[1, 1.0000000000000001110223024625157, 53]",true,true
P7_5_2_5_0,__int128,i64max,00000000000000007fffffffffffffff,"[1, 1.9999999999999999997831595655029, 62]",int64_t,u64max,ffffffffffffffff,"[-1, 1.0, 0]",true,true
P7_5_3_0_0,__int128,i64max_plus1,00000000000000008000000000000000,"[1, 1.0, 63]",int64_t,base_42,000000000000002a,"[1, 1.3125, 5]",true,true
P7_5_3_1_0,__int128,i64max_plus1,00000000000000008000000000000000,"[1, 1.0, 63]",int64_t,base_zero,0000000000000000,"[1, 0.0, 0]",false,false
P7_5_3_2_0,__int128,i64max_plus1,00000000000000008000000000000000,"[1, 1.0, 63]",int64_t,i64max,7fffffffffffffff,"[1, 1.9999999999999999997831595655029, 62]",true,true
P7_5_3_3_0,__int128,i64max_plus1,00000000000000008000000000000000,"[1, 1.0, 63]",int64_t,i64max_plus1,8000000000000000,"[-1, 1.0, 63]",true,true
P7_5_3_4_0,__int128,i64max_plus1,00000000000000008000000000000000,"[1, 1.0, 63]",int64_t,p53_plus1,0020000000000001,"[1, 1.0000000000000001110223024625157, 53]",true,true
P7_5_3_5_0,__int128,i64max_plus1,00000000000000008000000000000000,"[1, 1.0, 63]",int64_t,u64max,ffffffffffffffff,"[-1, 1.0, 0]",true,true
P7_5_4_0_0,__int128,p53_plus1,00000000000000000020000000000001,"[1, 1.0000000000000001110223024625157, 53]",int64_t,base_42,000000000000002a,"[1, 1.3125, 5]",true,true
P7_5_4_1_0,__int128,p53_plus1,00000000000000000020000000000001,"[1, 1.0000000000000001110223024625157, 53]",int64_t,base_zero,0000000000000000,"[1, 0.0, 0]",false,false
P7_5_4_2_0,__int128,p53_plus1,00000000000000000020000000000001,"[1, 1.0000000000000001110223024625157, 53]",int64_t,i64max,7fffffffffffffff,"[1, 1.9999999999999999997831595655029, 62]",true,true
P7_5_4_3_0,__int128,p53_plus1,00000000000000000020000000000001,"[1, 1.0000000000000001110223024625157, 53]",int64_t,i64max_plus1,8000000000000000,"[-1, 1.0, 63]",true,true
P7_5_4_4_0,__int128,p53_plus1,00000000000000000020000000000001,"[1, 1.0000000000000001110223024625157, 53]",int64_t,p53_plus1,0020000000000001,"[1, 1.0000000000000001110223024625157, 53]",true,true
P7_5_4_5_0,__int128,p53_plus1,00000000000000000020000000000001,"[1, 1.0000000000000001110223024625157, 53]",int64_t,u64max,ffffffffffffffff,"[-1, 1.0, 0]",true,true
P7_5_5_0_0,__int128,u64max,0000000000000000ffffffffffffffff,"[1, 1.9999999999999999998915797827514, 63]",int64_t,base_42,000000000000002a,"[1, 1.3125, 5]",true,true
P7_5_5_1_0,__int128,u64max,0000000000000000ffffffffffffffff,"[1, 1.9999999999999999998915797827514, 63]",int64_t,base_zero,0000000000000000,"[1, 0.0, 0]",false,false
P7_5_5_2_0,__int128,u64max,0000000000000000ffffffffffffffff,"[1, 1.9999999999999999998915797827514, 63]",int64_t,i64max,7fffffffffffffff,"[1, 1.9999999999999999997831595655029, 62]",true,true
P7_5_5_3_0,__int128,u64max,0000000000000000ffffffffffffffff,"[1, 1.9999999999999999998915797827514, 63]",int64_t,i64max_plus1,8000000000000000,"[-1, 1.0, 63]",true,true
P7_5_5_4_0,__int128,u64max,0000000000000000ffffffffffffffff,"[1, 1.9999999999999999998915797827514, 63]",int64_t,p53_plus1,0020000000000001,"[1, 1.0000000000000001110223024625157, 53]",true,true
P7_5_5_5_0,__int128,u64max,0000000000000000ffffffffffffffff,"[1, 1.9999999999999999998915797827514, 63]",int64_t,u64max,ffffffffffffffff,"[-1, 1.0, 0]",true,true
P7_6_0_0_0,__int128,base_42,0000000000000000000000000000002a,"[1, 1.3125, 5]",uint64_t,base_42,000000000000002a,"[1, 1.3125, 5]",true,true
P7_6_0_1_0,__int128,base_42,0000000000000000000000000000002a,"[1, 1.3125, 5]",uint64_t,base_zero,0000000000000000,"[1, 0.0, 0]",false,false
P7_6_0_2_0,__int128,base_42,0000000000000000000000000000002a,"[1, 1.3125, 5]",uint64_t,i64max,7fffffffffffffff,"[1, 1.9999999999999999997831595655029, 62]",true,true
P7_6_0_3_0,__int128,base_42,0000000000000000000000000000002a,"[1, 1.3125, 5]",uint64_t,i64max_plus1,8000000000000000,"[1, 1.0, 63]",true,true
P7_6_0_4_0,__int128,base_42,0000000000000000000000000000002a,"[1, 1.3125, 5]",uint64_t,p53_plus1,0020000000000001,"[1, 1.0000000000000001110223024625157, 53]",true,true
P7_6_0_5_0,__int128,base_42,0000000000000000000000000000002a,"[1, 1.3125, 5]",uint64_t,u64max,ffffffffffffffff,"[1, 1.9999999999999999998915797827514, 63]",true,true
P7_6_1_0_0,__int128,base_zero,00000000000000000000000000000000,"[1, 0.0, 0]",uint64_t,base_42,000000000000002a,"[1, 1.3125, 5]",false,false
P7_6_1_1_0,__int128,base_zero,00000000000000000000000000000000,"[1, 0.0, 0]",uint64_t,base_zero,0000000000000000,"[1, 0.0, 0]",false,false
P7_6_1_2_0,__int128,base_zero,00000000000000000000000000000000,"[1, 0.0, 0]",uint64_t,i64max,7fffffffffffffff,"[1, 1.9999999999999999997831595655029, 62]",false,false
P7_6_1_3_0,__int128,base_zero,00000000000000000000000000000000,"[1, 0.0, 0]",uint64_t,i64max_plus1,8000000000000000,"[1, 1.0, 63]",false,false
P7_6_1_4_0,__int128,base_zero,00000000000000000000000000000000,"[1, 0.0, 0]",uint64_t,p53_plus1,0020000000000001,"[1, 1.0000000000000001110223024625157, 53]",false,false
P7_6_1_5_0,__int128,base_zero,00000000000000000000000000000000,"[1, 0.0, 0]",uint64_t,u64max,ffffffffffffffff,"[1, 1.9999999999999999998915797827514, 63]",false,false
P7_6_2_0_0,__int128,i64max,00000000000000007fffffffffffffff,"[1, 1.9999999999999999997831595655029, 62]",uint64_t,base_42,000000000000002a,"[1, 1.3125, 5]",true,true
P7_6_2_1_0,__int128,i64max,00000000000000007fffffffffffffff,"[1, 1.9999999999999999997831595655029, 62]",uint64_t,base_zero,0000000000000000,"[1, 0.0, 0]",false,false
P7_6_2_2_0,__int128,i64max,00000000000000007fffffffffffffff,"[1, 1.9999999999999999997831595655029, 62]",uint64_t,i64max,7fffffffffffffff,"[1, 1.9999999999999999997831595655029, 62]",true,true
P7_6_2_3_0,__int128,i64max,00000000000000007fffffffffffffff,"[1, 1.9999999999999999997831595655029, 62]",uint64_t,i64max_plus1,8000000000000000,"[1, 1.0, 63]",true,true
P7_6_2_4_0,__int128,i64max,00000000000000007fffffffffffffff,"[1, 1.9999999999999999997831595655029, 62]",uint64_t,p53_plus1,0020000000000001,"[1, 1.0000000000000001110223024625157, 53]",true,true
P7_6_2_5_0,__int128,i64max,00000000000000007fffffffffffffff,"[1, 1.9999999999999999997831595655029, 62]",uint64_t,u64max,ffffffffffffffff,"[1, 1.9999999999999999998915797827514, 63]",true,true
P7_6_3_0_0,__int128,i64max_plus1,00000000000000008000000000000000,"[1, 1.0, 63]",uint64_t,base_42,000000000000002a,"[1, 1.3125, 5]",true,true
P7_6_3_1_0,__int128,i64max_plus1,00000000000000008000000000000000,"[1, 1.0, 63]",uint64_t,base_zero,0000000000000000,"[1, 0.0, 0]",false,false
P7_6_3_2_0,__int128,i64max_plus1,00000000000000008000000000000000,"[1, 1.0, 63]",uint64_t,i64max,7fffffffffffffff,"[1, 1.9999999999999999997831595655029, 62]",true,true
P7_6_3_3_0,__int128,i64max_plus1,00000000000000008000000000000000,"[1, 1.0, 63]",uint64_t,i64max_plus1,8000000000000000,"[1, 1.0, 63]",true,true
P7_6_3_4_0,__int128,i64max_plus1,00000000000000008000000000000000,"[1, 1.0, 63]",uint64_t,p53_plus1,0020000000000001,"[1, 1.0000000000000001110223024625157, 53]",true,true
P7_6_3_5_0,__int128,i64max_plus1,00000000000000008000000000000000,"[1, 1.0, 63]",uint64_t,u64max,ffffffffffffffff,"[1, 1.9999999999999999998915797827514, 63]",true,true
P7_6_4_0_0,__int128,p53_plus1,00000000000000000020000000000001,"[1, 1.0000000000000001110223024625157, 53]",uint64_t,base_42,000000000000002a,"[1, 1.3125, 5]",true,true
P7_6_4_1_0,__int128,p53_plus1,00000000000000000020000000000001,"[1, 1.0000000000000001110223024625157, 53]",uint64_t,base_zero,0000000000000000,"[1, 0.0, 0]",false,false
P7_6_4_2_0,__int128,p53_plus1,00000000000000000020000000000001,"[1, 1.0000000000000001110223024625157, 53]",uint64_t,i64max,7fffffffffffffff,"[1, 1.9999999999999999997831595655029, 62]",true,true
P7_6_4_3_0,__int128,p53_plus1,00000000000000000020000000000001,"[1, 1.0000000000000001110223024625157, 53]",uint64_t,i64max_plus1,8000000000000000,"[1, 1.0, 63]",true,true
P7_6_4_4_0,__int128,p53_plus1,00000000000000000020000000000001,"[1, 1.0000000000000001110223024625157, 53]",uint64_t,p53_plus1,0020000000000001,"[1, 1.0000000000000001110223024625157, 53]",true,true
P7_6_4_5_0,__int128,p53_plus1,00000000000000000020000000000001,"[1, 1.0000000000000001110223024625157, 53]",uint64_t,u64max,ffffffffffffffff,"[1, 1.9999999999999999998915797827514, 63]",true,true
P7_6_5_0_0,__int128,u64max,0000000000000000ffffffffffffffff,"[1, 1.9999999999999999998915797827514, 63]",uint64_t,base_42,000000000000002a,"[1, 1.3125, 5]",true,true
P7_6_5_1_0,__int128,u64max,0000000000000000ffffffffffffffff,"[1, 1.9999999999999999998915797827514, 63]",uint64_t,base_zero,0000000000000000,"[1, 0.0, 0]",false,false
P7_6_5_2_0,__int128,u64max,0000000000000000ffffffffffffffff,"[1, 1.9999999999999999998915797827514, 63]",uint64_t,i64max,7fffffffffffffff,"[1, 1.9999999999999999997831595655029, 62]",true,true
P7_6_5_3_0,__int128,u64max,0000000000000000ffffffffffffffff,"[1, 1.9999999999999999998915797827514, 63]",uint64_t,i64max_plus1,8000000000000000,"[1, 1.0, 63]",true,true
P7_6_5_4_0,__int128,u64max,0000000000000000ffffffffffffffff,"[1, 1.9999999999999999998915797827514, 63]",uint64_t,p53_plus1,0020000000000001,"[1, 1.0000000000000001110223024625157, 53]",true,true
P7_6_5_5_0,__int128,u64max,0000000000000000ffffffffffffffff,"[1, 1.9999999999999999998915797827514, 63]",uint64_t,u64max,ffffffffffffffff,"[1, 1.9999999999999999998915797827514, 63]",true,true
P7_7_0_0_0,__int128,base_42,0000000000000000000000000000002a,"[1, 1.3125, 5]",__int128,base_42,0000000000000000000000000000002a,"[1, 1.3125, 5]",true,true
P7_7_0_1_0,__int128,base_42,0000000000000000000000000000002a,"[1, 1.3125, 5]",__int128,base_zero,00000000000000000000000000000000,"[1, 0.0, 0]",false,false
P7_7_0_2_0,__int128,base_42,0000000000000000000000000000002a,"[1, 1.3125, 5]",__int128,i64max,00000000000000007fffffffffffffff,"[1, 1.9999999999999999997831595655029, 62]",true,true
P7_7_0_3_0,__int128,base_42,0000000000000000000000000000002a,"[1, 1.3125, 5]",__int128,i64max_plus1,00000000000000008000000000000000,"[1, 1.0, 63]",true,true
P7_7_0_4_0,__int128,base_42,0000000000000000000000000000002a,"[1, 1.3125, 5]",__int128,p53_plus1,00000000000000000020000000000001,"[1, 1.0000000000000001110223024625157, 53]",true,true
P7_7_0_5_0,__int128,base_42,0000000000000000000000000000002a,"[1, 1.3125, 5]",__int128,u64max,0000000000000000ffffffffffffffff,"[1, 1.9999999999999999998915797827514, 63]",true,true
P7_7_1_0_0,__int128,base_zero,00000000000000000000000000000000,"[1, 0.0, 0]",__int128,base_42,0000000000000000000000000000002a,"[1, 1.3125, 5]",false,false
P7_7_1_1_0,__int128,base_zero,00000000000000000000000000000000,"[1, 0.0, 0]",__int128,base_zero,00000000000000000000000000000000,"[1, 0.0, 0]",false,false
P7_7_1_2_0,__int128,base_zero,00000000000000000000000000000000,"[1, 0.0, 0]",__int128,i64max,00000000000000007fffffffffffffff,"[1, 1.9999999999999999997831595655029, 62]",false,false
P7_7_1_3_0,__int128,base_zero,00000000000000000000000000000000,"[1, 0.0, 0]",__int128,i64max_plus1,00000000000000008000000000000000,"[1, 1.0, 63]",false,false
P7_7_1_4_0,__int128,base_zero,00000000000000000000000000000000,"[1, 0.0, 0]",__int128,p53_plus1,00000000000000000020000000000001,"[1, 1.0000000000000001110223024625157, 53]",false,false
P7_7_1_5_0,__int128,base_zero,00000000000000000000000000000000,"[1, 0.0, 0]",__int128,u64max,0000000000000000ffffffffffffffff,"[1, 1.9999999999999999998915797827514, 63]",false,false
P7_7_2_0_0,__int128,i64max,00000000000000007fffffffffffffff,"[1, 1.9999999999999999997831595655029, 62]",__int128,base_42,0000000000000000000000000000002a,"[1, 1.3125, 5]",true,true
P7_7_2_1_0,__int128,i64max,00000000000000007fffffffffffffff,"[1, 1.9999999999999999997831595655029, 62]",__int128,base_zero,00000000000000000000000000000000,"[1, 0.0, 0]",false,false
P7_7_2_2_0,__int128,i64max,00000000000000007fffffffffffffff,"[1, 1.9999999999999999997831595655029, 62]",__int128,i64max,00000000000000007fffffffffffffff,"[1, 1.9999999999999999997831595655029, 62]",true,true
P7_7_2_3_0,__int128,i64max,00000000000000007fffffffffffffff,"[1, 1.9999999999999999997831595655029, 62]",__int128,i64max_plus1,00000000000000008000000000000000,"[1, 1.0, 63]",true,true
P7_7_2_4_0,__int128,i64max,00000000000000007fffffffffffffff,"[1, 1.9999999999999999997831595655029, 62]",__int128,p53_plus1,00000000000000000020000000000001,"[1, 1.0000000000000001110223024625157, 53]",true,true
P7_7_2_5_0,__int128,i64max,00000000000000007fffffffffffffff,"[1, 1.9999999999999999997831595655029, 62]",__int128,u64max,0000000000000000ffffffffffffffff,"[1, 1.9999999999999999998915797827514, 63]",true,true
P7_7_3_0_0,__int128,i64max_plus1,00000000000000008000000000000000,"[1, 1.0, 63]",__int128,base_42,0000000000000000000000000000002a,"[1, 1.3125, 5]",true,true
P7_7_3_1_0,__int128,i64max_plus1,00000000000000008000000000000000,"[1, 1.0, 63]",__int128,base_zero,00000000000000000000000000000000,"[1, 0.0, 0]",false,false
P7_7_3_2_0,__int128,i64max_plus1,00000000000000008000000000000000,"[1, 1.0, 63]",__int128,i64max,00000000000000007fffffffffffffff,"[1, 1.9999999999999999997831595655029, 62]",true,true
P7_7_3_3_0,__int128,i64max_plus1,00000000000000008000000000000000,"[1, 1.0, 63]",__int128,i64max_plus1,00000000000000008000000000000000,"[1, 1.0, 63]",true,true
P7_7_3_4_0,__int128,i64max_plus1,00000000000000008000000000000000,"[1, 1.0, 63]",__int128,p53_plus1,00000000000000000020000000000001,"[1, 1.0000000000000001110223024625157, 53]",true,true
P7_7_3_5_0,__int128,i64max_plus1,00000000000000008000000000000000,"[1, 1.0, 63]",__int128,u64max,0000000000000000ffffffffffffffff,"[1, 1.9999999999999999998915797827514, 63]",true,true
P7_7_4_0_0,__int128,p53_plus1,00000000000000000020000000000001,"[1, 1.0000000000000001110223024625157, 53]",__int128,base_42,0000000000000000000000000000002a,"[1, 1.3125, 5]",true,true
P7_7_4_1_0,__int128,p53_plus1,00000000000000000020000000000001,"[1, 1.0000000000000001110223024625157, 53]",__int128,base_zero,00000000000000000000000000000000,"[1, 0.0, 0]",false,false
P7_7_4_2_0,__int128,p53_plus1,00000000000000000020000000000001,"[1, 1.0000000000000001110223024625157, 53]",__int128,i64max,00000000000000007fffffffffffffff,"[1, 1.9999999999999999997831595655029, 62]",true,true
P7_7_4_3_0,__int128,p53_plus1,00000000000000000020000000000001,"[1, 1.0000000000000001110223024625157, 53]",__int128,i64max_plus1,00000000000000008000000000000000,"[1, 1.0, 63]",true,true
P7_7_4_4_0,__int128,p53_plus1,00000000000000000020000000000001,"[1, 1.0000000000000001110223024625157, 53]",__int128,p53_plus1,00000000000000000020000000000001,"[1, 1.0000000000000001110223024625157, 53]",true,true
P7_7_4_5_0,__int128,p53_plus1,00000000000000000020000000000001,"[1, 1.0000000000000001110223024625157, 53]",__int128,u64max,0000000000000000ffffffffffffffff,"[1, 1.9999999999999999998915797827514, 63]",true,true
P7_7_5_0_0,__int128,u64max,0000000000000000ffffffffffffffff,"[1, 1.9999999999999999998915797827514, 63]",__int128,base_42,0000000000000000000000000000002a,"[1, 1.3125, 5]",true,true
P7_7_5_1_0,__int128,u64max,0000000000000000ffffffffffffffff,"[1, 1.9999999999999999998915797827514, 63]",__int128,base_zero,00000000000000000000000000000000,"[1, 0.0, 0]",false,false
P7_7_5_2_0,__int128,u64max,0000000000000000ffffffffffffffff,"[1, 1.9999999999999999998915797827514, 63]",__int128,i64max,00000000000000007fffffffffffffff,"[1, 1.9999999999999999997831595655029, 62]",true,true
P7_7_5_3_0,__int128,u64max,0000000000000000ffffffffffffffff,"[1, 1.9999999999999999998915797827514, 63]",__int128,i64max_plus1,00000000000000008000000000000000,"[1, 1.0, 63]",true,true
P7_7_5_4_0,__int128,u64max,0000000000000000ffffffffffffffff,"[1, 1.9999999999999999998915797827514, 63]",__int128,p53_plus1,00000000000000000020000000000001,"[1, 1.0000000000000001110223024625157, 53]",true,true
P7_7_5_5_0,__int128,u64max,0000000000000000ffffffffffffffff,"[1, 1.9999999999999999998915797827514, 63]",__int128,u64max,0000000000000000ffffffffffffffff,"[1, 1.9999999999999999998915797827514, 63]",true,true
P7_8_0_0_0,__int128,base_42,0000000000000000000000000000002a,"[1, 1.3125, 5]",double,base_1_5,3ff8000000000000,"[1, 1.5, 0]",true,true
P7_8_0_1_0,__int128,base_42,0000000000000000000000000000002a,"[1, 1.3125, 5]",double,base_pi,400921fb54442d18,"[1, 1.5707963267948965579989817342721, 1]",true,true
P7_8_0_2_0,__int128,base_42,0000000000000000000000000000002a,"[1, 1.3125, 5]",double,inf,7ff0000000000000,"[1, inf]",true,true
P7_8_0_3_0,__int128,base_42,0000000000000000000000000000002a,"[1, 1.3125, 5]",double,nan,7ff8000000000000,nan,true,true
P7_8_0_4_0,__int128,base_42,0000000000000000000000000000002a,"[1, 1.3125, 5]",double,negzero,8000000000000000,"[-1, 0.0, 0]",false,false
P7_8_0_5_0,__int128,base_42,0000000000000000000000000000002a,"[1, 1.3125, 5]",double,point1,3fb999999999999a,"[1, 1.6000000000000000888178419700125, -4]",true,true
P7_8_1_0_0,__int128,base_zero,00000000000000000000000000000000,"[1, 0.0, 0]",double,base_1_5,3ff8000000000000,"[1, 1.5, 0]",false,false
P7_8_1_1_0,__int128,base_zero,00000000000000000000000000000000,"[1, 0.0, 0]",double,base_pi,400921fb54442d18,"[1, 1.5707963267948965579989817342721, 1]",false,false
P7_8_1_2_0,__int128,base_zero,00000000000000000000000000000000,"[1, 0.0, 0]",double,inf,7ff0000000000000,"[1, inf]",false,false
P7_8_1_3_0,__int128,base_zero,00000000000000000000000000000000,"[1, 0.0, 0]",double,nan,7ff8000000000000,nan,false,false
P7_8_1_4_0,__int128,base_zero,00000000000000000000000000000000,"[1, 0.0, 0]",double,negzero,8000000000000000,"[-1, 0.0, 0]",false,false
P7_8_1_5_0,__int128,base_zero,00000000000000000000000000000000,"[1, 0.0, 0]",double,point1,3fb999999999999a,"[1, 1.6000000000000000888178419700125, -4]",false,false
P7_8_2_0_0,__int128,i64max,00000000000000007fffffffffffffff,"[1, 1.9999999999999999997831595655029, 62]",double,base_1_5,3ff8000000000000,"[1, 1.5, 0]",true,true
P7_8_2_1_0,__int128,i64max,00000000000000007fffffffffffffff,"[1, 1.9999999999999999997831595655029, 62]",double,base_pi,400921fb54442d18,"[1, 1.5707963267948965579989817342721, 1]",true,true
P7_8_2_2_0,__int128,i64max,00000000000000007fffffffffffffff,"[1, 1.9999999999999999997831595655029, 62]",double,inf,7ff0000000000000,"[1, inf]",true,true
P7_8_2_3_0,__int128,i64max,00000000000000007fffffffffffffff,"[1, 1.9999999999999999997831595655029, 62]",double,nan,7ff8000000000000,nan,true,true
P7_8_2_4_0,__int128,i64max,00000000000000007fffffffffffffff,"[1, 1.9999999999999999997831595655029, 62]",double,negzero,8000000000000000,"[-1, 0.0, 0]",false,false
P7_8_2_5_0,__int128,i64max,00000000000000007fffffffffffffff,"[1, 1.9999999999999999997831595655029, 62]",double,point1,3fb999999999999a,"[1, 1.6000000000000000888178419700125, -4]",true,true
P7_8_3_0_0,__int128,i64max_plus1,00000000000000008000000000000000,"[1, 1.0, 63]",double,base_1_5,3ff8000000000000,"[1, 1.5, 0]",true,true
P7_8_3_1_0,__int128,i64max_plus1,00000000000000008000000000000000,"[1, 1.0, 63]",double,base_pi,400921fb54442d18,"[1, 1.5707963267948965579989817342721, 1]",true,true
P7_8_3_2_0,__int128,i64max_plus1,00000000000000008000000000000000,"[1, 1.0, 63]",double,inf,7ff0000000000000,"[1, inf]",true,true
P7_8_3_3_0,__int128,i64max_plus1,00000000000000008000000000000000,"[1, 1.0, 63]",double,nan,7ff8000000000000,nan,true,true
P7_8_3_4_0,__int128,i64max_plus1,00000000000000008000000000000000,"[1, 1.0, 63]",double,negzero,8000000000000000,"[-1, 0.0, 0]",false,false
P7_8_3_5_0,__int128,i64max_plus1,00000000000000008000000000000000,"[1, 1.0, 63]",double,point1,3fb999999999999a,"[1, 1.6000000000000000888178419700125, -4]",true,true
P7_8_4_0_0,__int128,p53_plus1,00000000000000000020000000000001,"[1, 1.0000000000000001110223024625157, 53]",double,base_1_5,3ff8000000000000,"[1, 1.5, 0]",true,true
P7_8_4_1_0,__int128,p53_plus1,00000000000000000020000000000001,"[1, 1.0000000000000001110223024625157, 53]",double,base_pi,400921fb54442d18,"[1, 1.5707963267948965579989817342721, 1]",true,true
P7_8_4_2_0,__int128,p53_plus1,00000000000000000020000000000001,"[1, 1.0000000000000001110223024625157, 53]",double,inf,7ff0000000000000,"[1, inf]",true,true
P7_8_4_3_0,__int128,p53_plus1,00000000000000000020000000000001,"[1, 1.0000000000000001110223024625157, 53]",double,nan,7ff8000000000000,nan,true,true
P7_8_4_4_0,__int128,p53_plus1,00000000000000000020000000000001,"[1, 1.0000000000000001110223024625157, 53]",double,negzero,8000000000000000,"[-1, 0.0, 0]",false,false
P7_8_4_5_0,__int128,p53_plus1,00000000000000000020000000000001,"[1, 1.0000000000000001110223024625157, 53]",double,point1,3fb999999999999a,"[1, 1.6000000000000000888178419700125, -4]",true,true
P7_8_5_0_0,__int128,u64max,0000000000000000ffffffffffffffff,"[1, 1.9999999999999999998915797827514, 63]",double,base_1_5,3ff8000000000000,"[1, 1.5, 0]",true,true
P7_8_5_1_0,__int128,u64max,0000000000000000ffffffffffffffff,"[1, 1.9999999999999999998915797827514, 63]",double,base_pi,400921fb54442d18,"[1, 1.5707963267948965579989817342721, 1]",true,true
P7_8_5_2_0,__int128,u64max,0000000000000000ffffffffffffffff,"[1, 1.9999999999999999998915797827514, 63]",double,inf,7ff0000000000000,"[1, inf]",true,true
P7_8_5_3_0,__int128,u64max,0000000000000000ffffffffffffffff,"[1, 1.9999999999999999998915797827514, 63]",double,nan,7ff8000000000000,nan,true,true
P7_8_5_4_0,__int128,u64max,0000000000000000ffffffffffffffff,"[1, 1.9999999999999999998915797827514, 63]",double,negzero,8000000000000000,"[-1, 0.0, 0]",false,false
P7_8_5_5_0,__int128,u64max,0000000000000000ffffffffffffffff,"[1, 1.9999999999999999998915797827514, 63]",double,point1,3fb999999999999a,"[1, 1.6000000000000000888178419700125, -4]",true,true
P7_9_0_0_0,__int128,base_42,0000000000000000000000000000002a,"[1, 1.3125, 5]",float,base_1_5,3fc00000,"[1, 1.5, 0]",true,true
P7_9_0_1_0,__int128,base_42,0000000000000000000000000000002a,"[1, 1.3125, 5]",float,base_pi,40490fdb,"[1, 1.57079637050628662109375, 1]",true,true
P7_9_0_2_0,__int128,base_42,0000000000000000000000000000002a,"[1, 1.3125, 5]",float,inf,7f800000,"[1, inf]",true,true
P7_9_0_3_0,__int128,base_42,0000000000000000000000000000002a,"[1, 1.3125, 5]",float,nan,7fc00000,nan,true,true
P7_9_0_4_0,__int128,base_42,0000000000000000000000000000002a,"[1, 1.3125, 5]",float,negzero,80000000,"[-1, 0.0, 0]",false,false
P7_9_0_5_0,__int128,base_42,0000000000000000000000000000002a,"[1, 1.3125, 5]",float,point1,3dcccccd,"[1, 1.60000002384185791015625, -4]",true,true
P7_9_1_0_0,__int128,base_zero,00000000000000000000000000000000,"[1, 0.0, 0]",float,base_1_5,3fc00000,"[1, 1.5, 0]",false,false
P7_9_1_1_0,__int128,base_zero,00000000000000000000000000000000,"[1, 0.0, 0]",float,base_pi,40490fdb,"[1, 1.57079637050628662109375, 1]",false,false
P7_9_1_2_0,__int128,base_zero,00000000000000000000000000000000,"[1, 0.0, 0]",float,inf,7f800000,"[1, inf]",false,false
P7_9_1_3_0,__int128,base_zero,00000000000000000000000000000000,"[1, 0.0, 0]",float,nan,7fc00000,nan,false,false
P7_9_1_4_0,__int128,base_zero,00000000000000000000000000000000,"[1, 0.0, 0]",float,negzero,80000000,"[-1, 0.0, 0]",false,false
P7_9_1_5_0,__int128,base_zero,00000000000000000000000000000000,"[1, 0.0, 0]",float,point1,3dcccccd,"[1, 1.60000002384185791015625, -4]",false,false
P7_9_2_0_0,__int128,i64max,00000000000000007fffffffffffffff,"[1, 1.9999999999999999997831595655029, 62]",float,base_1_5,3fc00000,"[1, 1.5, 0]",true,true
P7_9_2_1_0,__int128,i64max,00000000000000007fffffffffffffff,"[1, 1.9999999999999999997831595655029, 62]",float,base_pi,40490fdb,"[1, 1.57079637050628662109375, 1]",true,true
P7_9_2_2_0,__int128,i64max,00000000000000007fffffffffffffff,"[1, 1.9999999999999999997831595655029, 62]",float,inf,7f800000,"[1, inf]",true,true
P7_9_2_3_0,__int128,i64max,00000000000000007fffffffffffffff,"[1, 1.9999999999999999997831595655029, 62]",float,nan,7fc00000,nan,true,true
P7_9_2_4_0,__int128,i64max,00000000000000007fffffffffffffff,"[1, 1.9999999999999999997831595655029, 62]",float,negzero,80000000,"[-1, 0.0, 0]",false,false
P7_9_2_5_0,__int128,i64max,00000000000000007fffffffffffffff,"[1, 1.9999999999999999997831595655029, 62]",float,point1,3dcccccd,"[1, 1.60000002384185791015625, -4]",true,true
P7_9_3_0_0,__int128,i64max_plus1,00000000000000008000000000000000,"[1, 1.0, 63]",float,base_1_5,3fc00000,"[1, 1.5, 0]",true,true
P7_9_3_1_0,__int128,i64max_plus1,00000000000000008000000000000000,"[1, 1.0, 63]",float,base_pi,40490fdb,"[1, 1.57079637050628662109375, 1]",true,true
P7_9_3_2_0,__int128,i64max_plus1,00000000000000008000000000000000,"[1, 1.0, 63]",float,inf,7f800000,"[1, inf]",true,true
P7_9_3_3_0,__int128,i64max_plus1,00000000000000008000000000000000,"[1, 1.0, 63]",float,nan,7fc00000,nan,true,true
P7_9_3_4_0,__int128,i64max_plus1,00000000000000008000000000000000,"[1, 1.0, 63]",float,negzero,80000000,"[-1, 0.0, 0]",false,false
P7_9_3_5_0,__int128,i64max_plus1,00000000000000008000000000000000,"[1, 1.0, 63]",float,point1,3dcccccd,"[1, 1.60000002384185791015625, -4]",true,true
P7_9_4_0_0,__int128,p53_plus1,00000000000000000020000000000001,"[1, 1.0000000000000001110223024625157, 53]",float,base_1_5,3fc00000,"[1, 1.5, 0]",true,true
P7_9_4_1_0,__int128,p53_plus1,00000000000000000020000000000001,"[1, 1.0000000000000001110223024625157, 53]",float,base_pi,40490fdb,"[1, 1.57079637050628662109375, 1]",true,true
P7_9_4_2_0,__int128,p53_plus1,00000000000000000020000000000001,"[1, 1.0000000000000001110223024625157, 53]",float,inf,7f800000,"[1, inf]",true,true
P7_9_4_3_0,__int128,p53_plus1,00000000000000000020000000000001,"[1, 1.0000000000000001110223024625157, 53]",float,nan,7fc00000,nan,true,true
P7_9_4_4_0,__int128,p53_plus1,00000000000000000020000000000001,"[1, 1.0000000000000001110223024625157, 53]",float,negzero,80000000,"[-1, 0.0, 0]",false,false
P7_9_4_5_0,__int128,p53_plus1,00000000000000000020000000000001,"[1, 1.0000000000000001110223024625157, 53]",float,point1,3dcccccd,"[1, 1.60000002384185791015625, -4]",true,true
P7_9_5_0_0,__int128,u64max,0000000000000000ffffffffffffffff,"[1, 1.9999999999999999998915797827514, 63]",float,base_1_5,3fc00000,"[1, 1.5, 0]",true,true
P7_9_5_1_0,__int128,u64max,0000000000000000ffffffffffffffff,"[1, 1.9999999999999999998915797827514, 63]",float,base_pi,40490fdb,"[1, 1.57079637050628662109375, 1]",true,true
P7_9_5_2_0,__int128,u64max,0000000000000000ffffffffffffffff,"[1, 1.9999999999999999998915797827514, 63]",float,inf,7f800000,"[1, inf]",true,true
P7_9_5_3_0,__int128,u64max,0000000000000000ffffffffffffffff,"[1, 1.9999999999999999998915797827514, 63]",float,nan,7fc00000,nan,true,true
P7_9_5_4_0,__int128,u64max,0000000000000000ffffffffffffffff,"[1, 1.9999999999999999998915797827514, 63]",float,negzero,80000000,"[-1, 0.0, 0]",false,false
P7_9_5_5_0,__int128,u64max,0000000000000000ffffffffffffffff,"[1, 1.9999999999999999998915797827514, 63]",float,point1,3dcccccd,"[1, 1.60000002384185791015625, -4]",true,true
P7_11_0_0_0,__int128,base_42,0000000000000000000000000000002a,"[1, 1.3125, 5]",const char*,base_empty,,t||0|0|0,true,true
P7_11_0_1_0,__int128,base_42,0000000000000000000000000000002a,"[1, 1.3125, 5]",const char*,base_hello,68656c6c6f,t|68656c6c6f|5|5|5,true,true
P7_11_0_2_0,__int128,base_42,0000000000000000000000000000002a,"[1, 1.3125, 5]",const char*,base_lines,6c696e65206f6e650a6c696e652074776f,t|6c696e65206f6e650a6c696e652074776f|17|17|17,true,true
P7_11_0_3_0,__int128,base_42,0000000000000000000000000000002a,"[1, 1.3125, 5]",const char*,clef,f09d849e,t|f09d849e|4|1|1,true,true
P7_11_0_4_0,__int128,base_42,0000000000000000000000000000002a,"[1, 1.3125, 5]",const char*,eacute,c3a9,t|c3a9|2|1|1,true,true
P7_11_0_5_0,__int128,base_42,0000000000000000000000000000002a,"[1, 1.3125, 5]",const char*,escapes,71756f74652022206261636b736c617368205c207461620968657265,t|71756f74652022206261636b736c617368205c207461620968657265|28|28|28,true,true
P7_11_1_0_0,__int128,base_zero,00000000000000000000000000000000,"[1, 0.0, 0]",const char*,base_empty,,t||0|0|0,false,false
P7_11_1_1_0,__int128,base_zero,00000000000000000000000000000000,"[1, 0.0, 0]",const char*,base_hello,68656c6c6f,t|68656c6c6f|5|5|5,false,false
P7_11_1_2_0,__int128,base_zero,00000000000000000000000000000000,"[1, 0.0, 0]",const char*,base_lines,6c696e65206f6e650a6c696e652074776f,t|6c696e65206f6e650a6c696e652074776f|17|17|17,false,false
P7_11_1_3_0,__int128,base_zero,00000000000000000000000000000000,"[1, 0.0, 0]",const char*,clef,f09d849e,t|f09d849e|4|1|1,false,false
P7_11_1_4_0,__int128,base_zero,00000000000000000000000000000000,"[1, 0.0, 0]",const char*,eacute,c3a9,t|c3a9|2|1|1,false,false
P7_11_1_5_0,__int128,base_zero,00000000000000000000000000000000,"[1, 0.0, 0]",const char*,escapes,71756f74652022206261636b736c617368205c207461620968657265,t|71756f74652022206261636b736c617368205c207461620968657265|28|28|28,false,false
P7_11_2_0_0,__int128,i64max,00000000000000007fffffffffffffff,"[1, 1.9999999999999999997831595655029, 62]",const char*,base_empty,,t||0|0|0,true,true
P7_11_2_1_0,__int128,i64max,00000000000000007fffffffffffffff,"[1, 1.9999999999999999997831595655029, 62]",const char*,base_hello,68656c6c6f,t|68656c6c6f|5|5|5,true,true
P7_11_2_2_0,__int128,i64max,00000000000000007fffffffffffffff,"[1, 1.9999999999999999997831595655029, 62]",const char*,base_lines,6c696e65206f6e650a6c696e652074776f,t|6c696e65206f6e650a6c696e652074776f|17|17|17,true,true
P7_11_2_3_0,__int128,i64max,00000000000000007fffffffffffffff,"[1, 1.9999999999999999997831595655029, 62]",const char*,clef,f09d849e,t|f09d849e|4|1|1,true,true
P7_11_2_4_0,__int128,i64max,00000000000000007fffffffffffffff,"[1, 1.9999999999999999997831595655029, 62]",const char*,eacute,c3a9,t|c3a9|2|1|1,true,true
P7_11_2_5_0,__int128,i64max,00000000000000007fffffffffffffff,"[1, 1.9999999999999999997831595655029, 62]",const char*,escapes,71756f74652022206261636b736c617368205c207461620968657265,t|71756f74652022206261636b736c617368205c207461620968657265|28|28|28,true,true
P7_11_3_0_0,__int128,i64max_plus1,00000000000000008000000000000000,"[1, 1.0, 63]",const char*,base_empty,,t||0|0|0,true,true
P7_11_3_1_0,__int128,i64max_plus1,00000000000000008000000000000000,"[1, 1.0, 63]",const char*,base_hello,68656c6c6f,t|68656c6c6f|5|5|5,true,true
P7_11_3_2_0,__int128,i64max_plus1,00000000000000008000000000000000,"[1, 1.0, 63]",const char*,base_lines,6c696e65206f6e650a6c696e652074776f,t|6c696e65206f6e650a6c696e652074776f|17|17|17,true,true
P7_11_3_3_0,__int128,i64max_plus1,00000000000000008000000000000000,"[1, 1.0, 63]",const char*,clef,f09d849e,t|f09d849e|4|1|1,true,true
P7_11_3_4_0,__int128,i64max_plus1,00000000000000008000000000000000,"[1, 1.0, 63]",const char*,eacute,c3a9,t|c3a9|2|1|1,true,true
P7_11_3_5_0,__int128,i64max_plus1,00000000000000008000000000000000,"[1, 1.0, 63]",const char*,escapes,71756f74652022206261636b736c617368205c207461620968657265,t|71756f74652022206261636b736c617368205c207461620968657265|28|28|28,true,true
P7_11_4_0_0,__int128,p53_plus1,00000000000000000020000000000001,"[1, 1.0000000000000001110223024625157, 53]",const char*,base_empty,,t||0|0|0,true,true
P7_11_4_1_0,__int128,p53_plus1,00000000000000000020000000000001,"[1, 1.0000000000000001110223024625157, 53]",const char*,base_hello,68656c6c6f,t|68656c6c6f|5|5|5,true,true
P7_11_4_2_0,__int128,p53_plus1,00000000000000000020000000000001,"[1, 1.0000000000000001110223024625157, 53]",const char*,base_lines,6c696e65206f6e650a6c696e652074776f,t|6c696e65206f6e650a6c696e652074776f|17|17|17,true,true
P7_11_4_3_0,__int128,p53_plus1,00000000000000000020000000000001,"[1, 1.0000000000000001110223024625157, 53]",const char*,clef,f09d849e,t|f09d849e|4|1|1,true,true
P7_11_4_4_0,__int128,p53_plus1,00000000000000000020000000000001,"[1, 1.0000000000000001110223024625157, 53]",const char*,eacute,c3a9,t|c3a9|2|1|1,true,true
P7_11_4_5_0,__int128,p53_plus1,00000000000000000020000000000001,"[1, 1.0000000000000001110223024625157, 53]",const char*,escapes,71756f74652022206261636b736c617368205c207461620968657265,t|71756f74652022206261636b736c617368205c207461620968657265|28|28|28,true,true
P7_11_5_0_0,__int128,u64max,0000000000000000ffffffffffffffff,"[1, 1.9999999999999999998915797827514, 63]",const char*,base_empty,,t||0|0|0,true,true
P7_11_5_1_0,__int128,u64max,0000000000000000ffffffffffffffff,"[1, 1.9999999999999999998915797827514, 63]",const char*,base_hello,68656c6c6f,t|68656c6c6f|5|5|5,true,true
P7_11_5_2_0,__int128,u64max,0000000000000000ffffffffffffffff,"[1, 1.9999999999999999998915797827514, 63]",const char*,base_lines,6c696e65206f6e650a6c696e652074776f,t|6c696e65206f6e650a6c696e652074776f|17|17|17,true,true
P7_11_5_3_0,__int128,u64max,0000000000000000ffffffffffffffff,"[1, 1.9999999999999999998915797827514, 63]",const char*,clef,f09d849e,t|f09d849e|4|1|1,true,true
P7_11_5_4_0,__int128,u64max,0000000000000000ffffffffffffffff,"[1, 1.9999999999999999998915797827514, 63]",const char*,eacute,c3a9,t|c3a9|2|1|1,true,true
P7_11_5_5_0,__int128,u64max,0000000000000000ffffffffffffffff,"[1, 1.9999999999999999998915797827514, 63]",const char*,escapes,71756f74652022206261636b736c617368205c207461620968657265,t|71756f74652022206261636b736c617368205c207461620968657265|28|28|28,true,true
P7_14_0_0_0,__int128,base_42,0000000000000000000000000000002a,"[1, 1.3125, 5]",T[N] (C array),base,"[1, 2, 3]","c|[1, 1.0, 0],[1, 1.0, 1],[1, 1.5, 1]|integer|as-sorted",true,true
P7_14_0_2_0,__int128,base_42,0000000000000000000000000000002a,"[1, 1.3125, 5]",T[N] (C array),empty,[],c||empty|as-sorted,true,true
P7_14_0_4_0,__int128,base_42,0000000000000000000000000000002a,"[1, 1.3125, 5]",T[N] (C array),strs,"['a', 'b']","c|t|61|1|1|1,t|62|1|1|1|integer|as-sorted",true,true
P7_14_1_0_0,__int128,base_zero,00000000000000000000000000000000,"[1, 0.0, 0]",T[N] (C array),base,"[1, 2, 3]","c|[1, 1.0, 0],[1, 1.0, 1],[1, 1.5, 1]|integer|as-sorted",false,false
P7_14_1_2_0,__int128,base_zero,00000000000000000000000000000000,"[1, 0.0, 0]",T[N] (C array),empty,[],c||empty|as-sorted,false,false
P7_14_1_4_0,__int128,base_zero,00000000000000000000000000000000,"[1, 0.0, 0]",T[N] (C array),strs,"['a', 'b']","c|t|61|1|1|1,t|62|1|1|1|integer|as-sorted",false,false
P7_14_2_0_0,__int128,i64max,00000000000000007fffffffffffffff,"[1, 1.9999999999999999997831595655029, 62]",T[N] (C array),base,"[1, 2, 3]","c|[1, 1.0, 0],[1, 1.0, 1],[1, 1.5, 1]|integer|as-sorted",true,true
P7_14_2_2_0,__int128,i64max,00000000000000007fffffffffffffff,"[1, 1.9999999999999999997831595655029, 62]",T[N] (C array),empty,[],c||empty|as-sorted,true,true
P7_14_2_4_0,__int128,i64max,00000000000000007fffffffffffffff,"[1, 1.9999999999999999997831595655029, 62]",T[N] (C array),strs,"['a', 'b']","c|t|61|1|1|1,t|62|1|1|1|integer|as-sorted",true,true
P7_14_3_0_0,__int128,i64max_plus1,00000000000000008000000000000000,"[1, 1.0, 63]",T[N] (C array),base,"[1, 2, 3]","c|[1, 1.0, 0],[1, 1.0, 1],[1, 1.5, 1]|integer|as-sorted",true,true
P7_14_3_2_0,__int128,i64max_plus1,00000000000000008000000000000000,"[1, 1.0, 63]",T[N] (C array),empty,[],c||empty|as-sorted,true,true
P7_14_3_4_0,__int128,i64max_plus1,00000000000000008000000000000000,"[1, 1.0, 63]",T[N] (C array),strs,"['a', 'b']","c|t|61|1|1|1,t|62|1|1|1|integer|as-sorted",true,true
P7_14_4_0_0,__int128,p53_plus1,00000000000000000020000000000001,"[1, 1.0000000000000001110223024625157, 53]",T[N] (C array),base,"[1, 2, 3]","c|[1, 1.0, 0],[1, 1.0, 1],[1, 1.5, 1]|integer|as-sorted",true,true
P7_14_4_2_0,__int128,p53_plus1,00000000000000000020000000000001,"[1, 1.0000000000000001110223024625157, 53]",T[N] (C array),empty,[],c||empty|as-sorted,true,true
P7_14_4_4_0,__int128,p53_plus1,00000000000000000020000000000001,"[1, 1.0000000000000001110223024625157, 53]",T[N] (C array),strs,"['a', 'b']","c|t|61|1|1|1,t|62|1|1|1|integer|as-sorted",true,true
P7_14_5_0_0,__int128,u64max,0000000000000000ffffffffffffffff,"[1, 1.9999999999999999998915797827514, 63]",T[N] (C array),base,"[1, 2, 3]","c|[1, 1.0, 0],[1, 1.0, 1],[1, 1.5, 1]|integer|as-sorted",true,true
P7_14_5_2_0,__int128,u64max,0000000000000000ffffffffffffffff,"[1, 1.9999999999999999998915797827514, 63]",T[N] (C array),empty,[],c||empty|as-sorted,true,true
P7_14_5_4_0,__int128,u64max,0000000000000000ffffffffffffffff,"[1, 1.9999999999999999998915797827514, 63]",T[N] (C array),strs,"['a', 'b']","c|t|61|1|1|1,t|62|1|1|1|integer|as-sorted",true,true
P8_1_0_0_0,double,base_1_5,3ff8000000000000,"[1, 1.5, 0]",std::nullptr_t,null,null,null,false,false
P8_1_1_0_0,double,base_pi,400921fb54442d18,"[1, 1.5707963267948965579989817342721, 1]",std::nullptr_t,null,null,null,false,false
P8_1_2_0_0,double,inf,7ff0000000000000,"[1, inf]",std::nullptr_t,null,null,null,false,false
P8_1_3_0_0,double,nan,7ff8000000000000,nan,std::nullptr_t,null,null,null,false,false
P8_1_4_0_0,double,negzero,8000000000000000,"[-1, 0.0, 0]",std::nullptr_t,null,null,null,false,false
P8_1_5_0_0,double,point1,3fb999999999999a,"[1, 1.6000000000000000888178419700125, -4]",std::nullptr_t,null,null,null,false,false
P8_2_0_0_0,double,base_1_5,3ff8000000000000,"[1, 1.5, 0]",std::optional<int64_t>,null,null,null,false,false
P8_2_1_0_0,double,base_pi,400921fb54442d18,"[1, 1.5707963267948965579989817342721, 1]",std::optional<int64_t>,null,null,null,false,false
P8_2_2_0_0,double,inf,7ff0000000000000,"[1, inf]",std::optional<int64_t>,null,null,null,false,false
P8_2_3_0_0,double,nan,7ff8000000000000,nan,std::optional<int64_t>,null,null,null,false,false
P8_2_4_0_0,double,negzero,8000000000000000,"[-1, 0.0, 0]",std::optional<int64_t>,null,null,null,false,false
P8_2_5_0_0,double,point1,3fb999999999999a,"[1, 1.6000000000000000888178419700125, -4]",std::optional<int64_t>,null,null,null,false,false
P8_3_0_0_0,double,base_1_5,3ff8000000000000,"[1, 1.5, 0]",bool,false,false,false,false,false
P8_3_0_1_0,double,base_1_5,3ff8000000000000,"[1, 1.5, 0]",bool,true,true,true,true,true
P8_3_1_0_0,double,base_pi,400921fb54442d18,"[1, 1.5707963267948965579989817342721, 1]",bool,false,false,false,false,false
P8_3_1_1_0,double,base_pi,400921fb54442d18,"[1, 1.5707963267948965579989817342721, 1]",bool,true,true,true,true,true
P8_3_2_0_0,double,inf,7ff0000000000000,"[1, inf]",bool,false,false,false,false,false
P8_3_2_1_0,double,inf,7ff0000000000000,"[1, inf]",bool,true,true,true,true,true
P8_3_3_0_0,double,nan,7ff8000000000000,nan,bool,false,false,false,false,false
P8_3_3_1_0,double,nan,7ff8000000000000,nan,bool,true,true,true,true,true
P8_3_4_0_0,double,negzero,8000000000000000,"[-1, 0.0, 0]",bool,false,false,false,false,false
P8_3_4_1_0,double,negzero,8000000000000000,"[-1, 0.0, 0]",bool,true,true,true,false,false
P8_3_5_0_0,double,point1,3fb999999999999a,"[1, 1.6000000000000000888178419700125, -4]",bool,false,false,false,false,false
P8_3_5_1_0,double,point1,3fb999999999999a,"[1, 1.6000000000000000888178419700125, -4]",bool,true,true,true,true,true
P8_4_0_0_0,double,base_1_5,3ff8000000000000,"[1, 1.5, 0]",int32_t,base_42,0000002a,"[1, 1.3125, 5]",true,true
P8_4_0_1_0,double,base_1_5,3ff8000000000000,"[1, 1.5, 0]",int32_t,base_zero,00000000,"[1, 0.0, 0]",false,false
P8_4_0_2_0,double,base_1_5,3ff8000000000000,"[1, 1.5, 0]",int32_t,i64max,ffffffff,"[-1, 1.0, 0]",true,true
P8_4_0_3_0,double,base_1_5,3ff8000000000000,"[1, 1.5, 0]",int32_t,i64max_plus1,00000000,"[1, 0.0, 0]",false,false
P8_4_0_4_0,double,base_1_5,3ff8000000000000,"[1, 1.5, 0]",int32_t,p53_plus1,00000001,"[1, 1.0, 0]",true,true
P8_4_0_5_0,double,base_1_5,3ff8000000000000,"[1, 1.5, 0]",int32_t,u64max,ffffffff,"[-1, 1.0, 0]",true,true
P8_4_1_0_0,double,base_pi,400921fb54442d18,"[1, 1.5707963267948965579989817342721, 1]",int32_t,base_42,0000002a,"[1, 1.3125, 5]",true,true
P8_4_1_1_0,double,base_pi,400921fb54442d18,"[1, 1.5707963267948965579989817342721, 1]",int32_t,base_zero,00000000,"[1, 0.0, 0]",false,false
P8_4_1_2_0,double,base_pi,400921fb54442d18,"[1, 1.5707963267948965579989817342721, 1]",int32_t,i64max,ffffffff,"[-1, 1.0, 0]",true,true
P8_4_1_3_0,double,base_pi,400921fb54442d18,"[1, 1.5707963267948965579989817342721, 1]",int32_t,i64max_plus1,00000000,"[1, 0.0, 0]",false,false
P8_4_1_4_0,double,base_pi,400921fb54442d18,"[1, 1.5707963267948965579989817342721, 1]",int32_t,p53_plus1,00000001,"[1, 1.0, 0]",true,true
P8_4_1_5_0,double,base_pi,400921fb54442d18,"[1, 1.5707963267948965579989817342721, 1]",int32_t,u64max,ffffffff,"[-1, 1.0, 0]",true,true
P8_4_2_0_0,double,inf,7ff0000000000000,"[1, inf]",int32_t,base_42,0000002a,"[1, 1.3125, 5]",true,true
P8_4_2_1_0,double,inf,7ff0000000000000,"[1, inf]",int32_t,base_zero,00000000,"[1, 0.0, 0]",false,false
P8_4_2_2_0,double,inf,7ff0000000000000,"[1, inf]",int32_t,i64max,ffffffff,"[-1, 1.0, 0]",true,true
P8_4_2_3_0,double,inf,7ff0000000000000,"[1, inf]",int32_t,i64max_plus1,00000000,"[1, 0.0, 0]",false,false
P8_4_2_4_0,double,inf,7ff0000000000000,"[1, inf]",int32_t,p53_plus1,00000001,"[1, 1.0, 0]",true,true
P8_4_2_5_0,double,inf,7ff0000000000000,"[1, inf]",int32_t,u64max,ffffffff,"[-1, 1.0, 0]",true,true
P8_4_3_0_0,double,nan,7ff8000000000000,nan,int32_t,base_42,0000002a,"[1, 1.3125, 5]",true,true
P8_4_3_1_0,double,nan,7ff8000000000000,nan,int32_t,base_zero,00000000,"[1, 0.0, 0]",false,false
P8_4_3_2_0,double,nan,7ff8000000000000,nan,int32_t,i64max,ffffffff,"[-1, 1.0, 0]",true,true
P8_4_3_3_0,double,nan,7ff8000000000000,nan,int32_t,i64max_plus1,00000000,"[1, 0.0, 0]",false,false
P8_4_3_4_0,double,nan,7ff8000000000000,nan,int32_t,p53_plus1,00000001,"[1, 1.0, 0]",true,true
P8_4_3_5_0,double,nan,7ff8000000000000,nan,int32_t,u64max,ffffffff,"[-1, 1.0, 0]",true,true
P8_4_4_0_0,double,negzero,8000000000000000,"[-1, 0.0, 0]",int32_t,base_42,0000002a,"[1, 1.3125, 5]",false,false
P8_4_4_1_0,double,negzero,8000000000000000,"[-1, 0.0, 0]",int32_t,base_zero,00000000,"[1, 0.0, 0]",false,false
P8_4_4_2_0,double,negzero,8000000000000000,"[-1, 0.0, 0]",int32_t,i64max,ffffffff,"[-1, 1.0, 0]",false,false
P8_4_4_3_0,double,negzero,8000000000000000,"[-1, 0.0, 0]",int32_t,i64max_plus1,00000000,"[1, 0.0, 0]",false,false
P8_4_4_4_0,double,negzero,8000000000000000,"[-1, 0.0, 0]",int32_t,p53_plus1,00000001,"[1, 1.0, 0]",false,false
P8_4_4_5_0,double,negzero,8000000000000000,"[-1, 0.0, 0]",int32_t,u64max,ffffffff,"[-1, 1.0, 0]",false,false
P8_4_5_0_0,double,point1,3fb999999999999a,"[1, 1.6000000000000000888178419700125, -4]",int32_t,base_42,0000002a,"[1, 1.3125, 5]",true,true
P8_4_5_1_0,double,point1,3fb999999999999a,"[1, 1.6000000000000000888178419700125, -4]",int32_t,base_zero,00000000,"[1, 0.0, 0]",false,false
P8_4_5_2_0,double,point1,3fb999999999999a,"[1, 1.6000000000000000888178419700125, -4]",int32_t,i64max,ffffffff,"[-1, 1.0, 0]",true,true
P8_4_5_3_0,double,point1,3fb999999999999a,"[1, 1.6000000000000000888178419700125, -4]",int32_t,i64max_plus1,00000000,"[1, 0.0, 0]",false,false
P8_4_5_4_0,double,point1,3fb999999999999a,"[1, 1.6000000000000000888178419700125, -4]",int32_t,p53_plus1,00000001,"[1, 1.0, 0]",true,true
P8_4_5_5_0,double,point1,3fb999999999999a,"[1, 1.6000000000000000888178419700125, -4]",int32_t,u64max,ffffffff,"[-1, 1.0, 0]",true,true
P8_5_0_0_0,double,base_1_5,3ff8000000000000,"[1, 1.5, 0]",int64_t,base_42,000000000000002a,"[1, 1.3125, 5]",true,true
P8_5_0_1_0,double,base_1_5,3ff8000000000000,"[1, 1.5, 0]",int64_t,base_zero,0000000000000000,"[1, 0.0, 0]",false,false
P8_5_0_2_0,double,base_1_5,3ff8000000000000,"[1, 1.5, 0]",int64_t,i64max,7fffffffffffffff,"[1, 1.9999999999999999997831595655029, 62]",true,true
P8_5_0_3_0,double,base_1_5,3ff8000000000000,"[1, 1.5, 0]",int64_t,i64max_plus1,8000000000000000,"[-1, 1.0, 63]",true,true
P8_5_0_4_0,double,base_1_5,3ff8000000000000,"[1, 1.5, 0]",int64_t,p53_plus1,0020000000000001,"[1, 1.0000000000000001110223024625157, 53]",true,true
P8_5_0_5_0,double,base_1_5,3ff8000000000000,"[1, 1.5, 0]",int64_t,u64max,ffffffffffffffff,"[-1, 1.0, 0]",true,true
P8_5_1_0_0,double,base_pi,400921fb54442d18,"[1, 1.5707963267948965579989817342721, 1]",int64_t,base_42,000000000000002a,"[1, 1.3125, 5]",true,true
P8_5_1_1_0,double,base_pi,400921fb54442d18,"[1, 1.5707963267948965579989817342721, 1]",int64_t,base_zero,0000000000000000,"[1, 0.0, 0]",false,false
P8_5_1_2_0,double,base_pi,400921fb54442d18,"[1, 1.5707963267948965579989817342721, 1]",int64_t,i64max,7fffffffffffffff,"[1, 1.9999999999999999997831595655029, 62]",true,true
P8_5_1_3_0,double,base_pi,400921fb54442d18,"[1, 1.5707963267948965579989817342721, 1]",int64_t,i64max_plus1,8000000000000000,"[-1, 1.0, 63]",true,true
P8_5_1_4_0,double,base_pi,400921fb54442d18,"[1, 1.5707963267948965579989817342721, 1]",int64_t,p53_plus1,0020000000000001,"[1, 1.0000000000000001110223024625157, 53]",true,true
P8_5_1_5_0,double,base_pi,400921fb54442d18,"[1, 1.5707963267948965579989817342721, 1]",int64_t,u64max,ffffffffffffffff,"[-1, 1.0, 0]",true,true
P8_5_2_0_0,double,inf,7ff0000000000000,"[1, inf]",int64_t,base_42,000000000000002a,"[1, 1.3125, 5]",true,true
P8_5_2_1_0,double,inf,7ff0000000000000,"[1, inf]",int64_t,base_zero,0000000000000000,"[1, 0.0, 0]",false,false
P8_5_2_2_0,double,inf,7ff0000000000000,"[1, inf]",int64_t,i64max,7fffffffffffffff,"[1, 1.9999999999999999997831595655029, 62]",true,true
P8_5_2_3_0,double,inf,7ff0000000000000,"[1, inf]",int64_t,i64max_plus1,8000000000000000,"[-1, 1.0, 63]",true,true
P8_5_2_4_0,double,inf,7ff0000000000000,"[1, inf]",int64_t,p53_plus1,0020000000000001,"[1, 1.0000000000000001110223024625157, 53]",true,true
P8_5_2_5_0,double,inf,7ff0000000000000,"[1, inf]",int64_t,u64max,ffffffffffffffff,"[-1, 1.0, 0]",true,true
P8_5_3_0_0,double,nan,7ff8000000000000,nan,int64_t,base_42,000000000000002a,"[1, 1.3125, 5]",true,true
P8_5_3_1_0,double,nan,7ff8000000000000,nan,int64_t,base_zero,0000000000000000,"[1, 0.0, 0]",false,false
P8_5_3_2_0,double,nan,7ff8000000000000,nan,int64_t,i64max,7fffffffffffffff,"[1, 1.9999999999999999997831595655029, 62]",true,true
P8_5_3_3_0,double,nan,7ff8000000000000,nan,int64_t,i64max_plus1,8000000000000000,"[-1, 1.0, 63]",true,true
P8_5_3_4_0,double,nan,7ff8000000000000,nan,int64_t,p53_plus1,0020000000000001,"[1, 1.0000000000000001110223024625157, 53]",true,true
P8_5_3_5_0,double,nan,7ff8000000000000,nan,int64_t,u64max,ffffffffffffffff,"[-1, 1.0, 0]",true,true
P8_5_4_0_0,double,negzero,8000000000000000,"[-1, 0.0, 0]",int64_t,base_42,000000000000002a,"[1, 1.3125, 5]",false,false
P8_5_4_1_0,double,negzero,8000000000000000,"[-1, 0.0, 0]",int64_t,base_zero,0000000000000000,"[1, 0.0, 0]",false,false
P8_5_4_2_0,double,negzero,8000000000000000,"[-1, 0.0, 0]",int64_t,i64max,7fffffffffffffff,"[1, 1.9999999999999999997831595655029, 62]",false,false
P8_5_4_3_0,double,negzero,8000000000000000,"[-1, 0.0, 0]",int64_t,i64max_plus1,8000000000000000,"[-1, 1.0, 63]",false,false
P8_5_4_4_0,double,negzero,8000000000000000,"[-1, 0.0, 0]",int64_t,p53_plus1,0020000000000001,"[1, 1.0000000000000001110223024625157, 53]",false,false
P8_5_4_5_0,double,negzero,8000000000000000,"[-1, 0.0, 0]",int64_t,u64max,ffffffffffffffff,"[-1, 1.0, 0]",false,false
P8_5_5_0_0,double,point1,3fb999999999999a,"[1, 1.6000000000000000888178419700125, -4]",int64_t,base_42,000000000000002a,"[1, 1.3125, 5]",true,true
P8_5_5_1_0,double,point1,3fb999999999999a,"[1, 1.6000000000000000888178419700125, -4]",int64_t,base_zero,0000000000000000,"[1, 0.0, 0]",false,false
P8_5_5_2_0,double,point1,3fb999999999999a,"[1, 1.6000000000000000888178419700125, -4]",int64_t,i64max,7fffffffffffffff,"[1, 1.9999999999999999997831595655029, 62]",true,true
P8_5_5_3_0,double,point1,3fb999999999999a,"[1, 1.6000000000000000888178419700125, -4]",int64_t,i64max_plus1,8000000000000000,"[-1, 1.0, 63]",true,true
P8_5_5_4_0,double,point1,3fb999999999999a,"[1, 1.6000000000000000888178419700125, -4]",int64_t,p53_plus1,0020000000000001,"[1, 1.0000000000000001110223024625157, 53]",true,true
P8_5_5_5_0,double,point1,3fb999999999999a,"[1, 1.6000000000000000888178419700125, -4]",int64_t,u64max,ffffffffffffffff,"[-1, 1.0, 0]",true,true
P8_6_0_0_0,double,base_1_5,3ff8000000000000,"[1, 1.5, 0]",uint64_t,base_42,000000000000002a,"[1, 1.3125, 5]",true,true
P8_6_0_1_0,double,base_1_5,3ff8000000000000,"[1, 1.5, 0]",uint64_t,base_zero,0000000000000000,"[1, 0.0, 0]",false,false
P8_6_0_2_0,double,base_1_5,3ff8000000000000,"[1, 1.5, 0]",uint64_t,i64max,7fffffffffffffff,"[1, 1.9999999999999999997831595655029, 62]",true,true
P8_6_0_3_0,double,base_1_5,3ff8000000000000,"[1, 1.5, 0]",uint64_t,i64max_plus1,8000000000000000,"[1, 1.0, 63]",true,true
P8_6_0_4_0,double,base_1_5,3ff8000000000000,"[1, 1.5, 0]",uint64_t,p53_plus1,0020000000000001,"[1, 1.0000000000000001110223024625157, 53]",true,true
P8_6_0_5_0,double,base_1_5,3ff8000000000000,"[1, 1.5, 0]",uint64_t,u64max,ffffffffffffffff,"[1, 1.9999999999999999998915797827514, 63]",true,true
P8_6_1_0_0,double,base_pi,400921fb54442d18,"[1, 1.5707963267948965579989817342721, 1]",uint64_t,base_42,000000000000002a,"[1, 1.3125, 5]",true,true
P8_6_1_1_0,double,base_pi,400921fb54442d18,"[1, 1.5707963267948965579989817342721, 1]",uint64_t,base_zero,0000000000000000,"[1, 0.0, 0]",false,false
P8_6_1_2_0,double,base_pi,400921fb54442d18,"[1, 1.5707963267948965579989817342721, 1]",uint64_t,i64max,7fffffffffffffff,"[1, 1.9999999999999999997831595655029, 62]",true,true
P8_6_1_3_0,double,base_pi,400921fb54442d18,"[1, 1.5707963267948965579989817342721, 1]",uint64_t,i64max_plus1,8000000000000000,"[1, 1.0, 63]",true,true
P8_6_1_4_0,double,base_pi,400921fb54442d18,"[1, 1.5707963267948965579989817342721, 1]",uint64_t,p53_plus1,0020000000000001,"[1, 1.0000000000000001110223024625157, 53]",true,true
P8_6_1_5_0,double,base_pi,400921fb54442d18,"[1, 1.5707963267948965579989817342721, 1]",uint64_t,u64max,ffffffffffffffff,"[1, 1.9999999999999999998915797827514, 63]",true,true
P8_6_2_0_0,double,inf,7ff0000000000000,"[1, inf]",uint64_t,base_42,000000000000002a,"[1, 1.3125, 5]",true,true
P8_6_2_1_0,double,inf,7ff0000000000000,"[1, inf]",uint64_t,base_zero,0000000000000000,"[1, 0.0, 0]",false,false
P8_6_2_2_0,double,inf,7ff0000000000000,"[1, inf]",uint64_t,i64max,7fffffffffffffff,"[1, 1.9999999999999999997831595655029, 62]",true,true
P8_6_2_3_0,double,inf,7ff0000000000000,"[1, inf]",uint64_t,i64max_plus1,8000000000000000,"[1, 1.0, 63]",true,true
P8_6_2_4_0,double,inf,7ff0000000000000,"[1, inf]",uint64_t,p53_plus1,0020000000000001,"[1, 1.0000000000000001110223024625157, 53]",true,true
P8_6_2_5_0,double,inf,7ff0000000000000,"[1, inf]",uint64_t,u64max,ffffffffffffffff,"[1, 1.9999999999999999998915797827514, 63]",true,true
P8_6_3_0_0,double,nan,7ff8000000000000,nan,uint64_t,base_42,000000000000002a,"[1, 1.3125, 5]",true,true
P8_6_3_1_0,double,nan,7ff8000000000000,nan,uint64_t,base_zero,0000000000000000,"[1, 0.0, 0]",false,false
P8_6_3_2_0,double,nan,7ff8000000000000,nan,uint64_t,i64max,7fffffffffffffff,"[1, 1.9999999999999999997831595655029, 62]",true,true
P8_6_3_3_0,double,nan,7ff8000000000000,nan,uint64_t,i64max_plus1,8000000000000000,"[1, 1.0, 63]",true,true
P8_6_3_4_0,double,nan,7ff8000000000000,nan,uint64_t,p53_plus1,0020000000000001,"[1, 1.0000000000000001110223024625157, 53]",true,true
P8_6_3_5_0,double,nan,7ff8000000000000,nan,uint64_t,u64max,ffffffffffffffff,"[1, 1.9999999999999999998915797827514, 63]",true,true
P8_6_4_0_0,double,negzero,8000000000000000,"[-1, 0.0, 0]",uint64_t,base_42,000000000000002a,"[1, 1.3125, 5]",false,false
P8_6_4_1_0,double,negzero,8000000000000000,"[-1, 0.0, 0]",uint64_t,base_zero,0000000000000000,"[1, 0.0, 0]",false,false
P8_6_4_2_0,double,negzero,8000000000000000,"[-1, 0.0, 0]",uint64_t,i64max,7fffffffffffffff,"[1, 1.9999999999999999997831595655029, 62]",false,false
P8_6_4_3_0,double,negzero,8000000000000000,"[-1, 0.0, 0]",uint64_t,i64max_plus1,8000000000000000,"[1, 1.0, 63]",false,false
P8_6_4_4_0,double,negzero,8000000000000000,"[-1, 0.0, 0]",uint64_t,p53_plus1,0020000000000001,"[1, 1.0000000000000001110223024625157, 53]",false,false
P8_6_4_5_0,double,negzero,8000000000000000,"[-1, 0.0, 0]",uint64_t,u64max,ffffffffffffffff,"[1, 1.9999999999999999998915797827514, 63]",false,false
P8_6_5_0_0,double,point1,3fb999999999999a,"[1, 1.6000000000000000888178419700125, -4]",uint64_t,base_42,000000000000002a,"[1, 1.3125, 5]",true,true
P8_6_5_1_0,double,point1,3fb999999999999a,"[1, 1.6000000000000000888178419700125, -4]",uint64_t,base_zero,0000000000000000,"[1, 0.0, 0]",false,false
P8_6_5_2_0,double,point1,3fb999999999999a,"[1, 1.6000000000000000888178419700125, -4]",uint64_t,i64max,7fffffffffffffff,"[1, 1.9999999999999999997831595655029, 62]",true,true
P8_6_5_3_0,double,point1,3fb999999999999a,"[1, 1.6000000000000000888178419700125, -4]",uint64_t,i64max_plus1,8000000000000000,"[1, 1.0, 63]",true,true
P8_6_5_4_0,double,point1,3fb999999999999a,"[1, 1.6000000000000000888178419700125, -4]",uint64_t,p53_plus1,0020000000000001,"[1, 1.0000000000000001110223024625157, 53]",true,true
P8_6_5_5_0,double,point1,3fb999999999999a,"[1, 1.6000000000000000888178419700125, -4]",uint64_t,u64max,ffffffffffffffff,"[1, 1.9999999999999999998915797827514, 63]",true,true
P8_7_0_0_0,double,base_1_5,3ff8000000000000,"[1, 1.5, 0]",__int128,base_42,0000000000000000000000000000002a,"[1, 1.3125, 5]",true,true
P8_7_0_1_0,double,base_1_5,3ff8000000000000,"[1, 1.5, 0]",__int128,base_zero,00000000000000000000000000000000,"[1, 0.0, 0]",false,false
P8_7_0_2_0,double,base_1_5,3ff8000000000000,"[1, 1.5, 0]",__int128,i64max,00000000000000007fffffffffffffff,"[1, 1.9999999999999999997831595655029, 62]",true,true
P8_7_0_3_0,double,base_1_5,3ff8000000000000,"[1, 1.5, 0]",__int128,i64max_plus1,00000000000000008000000000000000,"[1, 1.0, 63]",true,true
P8_7_0_4_0,double,base_1_5,3ff8000000000000,"[1, 1.5, 0]",__int128,p53_plus1,00000000000000000020000000000001,"[1, 1.0000000000000001110223024625157, 53]",true,true
P8_7_0_5_0,double,base_1_5,3ff8000000000000,"[1, 1.5, 0]",__int128,u64max,0000000000000000ffffffffffffffff,"[1, 1.9999999999999999998915797827514, 63]",true,true
P8_7_1_0_0,double,base_pi,400921fb54442d18,"[1, 1.5707963267948965579989817342721, 1]",__int128,base_42,0000000000000000000000000000002a,"[1, 1.3125, 5]",true,true
P8_7_1_1_0,double,base_pi,400921fb54442d18,"[1, 1.5707963267948965579989817342721, 1]",__int128,base_zero,00000000000000000000000000000000,"[1, 0.0, 0]",false,false
P8_7_1_2_0,double,base_pi,400921fb54442d18,"[1, 1.5707963267948965579989817342721, 1]",__int128,i64max,00000000000000007fffffffffffffff,"[1, 1.9999999999999999997831595655029, 62]",true,true
P8_7_1_3_0,double,base_pi,400921fb54442d18,"[1, 1.5707963267948965579989817342721, 1]",__int128,i64max_plus1,00000000000000008000000000000000,"[1, 1.0, 63]",true,true
P8_7_1_4_0,double,base_pi,400921fb54442d18,"[1, 1.5707963267948965579989817342721, 1]",__int128,p53_plus1,00000000000000000020000000000001,"[1, 1.0000000000000001110223024625157, 53]",true,true
P8_7_1_5_0,double,base_pi,400921fb54442d18,"[1, 1.5707963267948965579989817342721, 1]",__int128,u64max,0000000000000000ffffffffffffffff,"[1, 1.9999999999999999998915797827514, 63]",true,true
P8_7_2_0_0,double,inf,7ff0000000000000,"[1, inf]",__int128,base_42,0000000000000000000000000000002a,"[1, 1.3125, 5]",true,true
P8_7_2_1_0,double,inf,7ff0000000000000,"[1, inf]",__int128,base_zero,00000000000000000000000000000000,"[1, 0.0, 0]",false,false
P8_7_2_2_0,double,inf,7ff0000000000000,"[1, inf]",__int128,i64max,00000000000000007fffffffffffffff,"[1, 1.9999999999999999997831595655029, 62]",true,true
P8_7_2_3_0,double,inf,7ff0000000000000,"[1, inf]",__int128,i64max_plus1,00000000000000008000000000000000,"[1, 1.0, 63]",true,true
P8_7_2_4_0,double,inf,7ff0000000000000,"[1, inf]",__int128,p53_plus1,00000000000000000020000000000001,"[1, 1.0000000000000001110223024625157, 53]",true,true
P8_7_2_5_0,double,inf,7ff0000000000000,"[1, inf]",__int128,u64max,0000000000000000ffffffffffffffff,"[1, 1.9999999999999999998915797827514, 63]",true,true
P8_7_3_0_0,double,nan,7ff8000000000000,nan,__int128,base_42,0000000000000000000000000000002a,"[1, 1.3125, 5]",true,true
P8_7_3_1_0,double,nan,7ff8000000000000,nan,__int128,base_zero,00000000000000000000000000000000,"[1, 0.0, 0]",false,false
P8_7_3_2_0,double,nan,7ff8000000000000,nan,__int128,i64max,00000000000000007fffffffffffffff,"[1, 1.9999999999999999997831595655029, 62]",true,true
P8_7_3_3_0,double,nan,7ff8000000000000,nan,__int128,i64max_plus1,00000000000000008000000000000000,"[1, 1.0, 63]",true,true
P8_7_3_4_0,double,nan,7ff8000000000000,nan,__int128,p53_plus1,00000000000000000020000000000001,"[1, 1.0000000000000001110223024625157, 53]",true,true
P8_7_3_5_0,double,nan,7ff8000000000000,nan,__int128,u64max,0000000000000000ffffffffffffffff,"[1, 1.9999999999999999998915797827514, 63]",true,true
P8_7_4_0_0,double,negzero,8000000000000000,"[-1, 0.0, 0]",__int128,base_42,0000000000000000000000000000002a,"[1, 1.3125, 5]",false,false
P8_7_4_1_0,double,negzero,8000000000000000,"[-1, 0.0, 0]",__int128,base_zero,00000000000000000000000000000000,"[1, 0.0, 0]",false,false
P8_7_4_2_0,double,negzero,8000000000000000,"[-1, 0.0, 0]",__int128,i64max,00000000000000007fffffffffffffff,"[1, 1.9999999999999999997831595655029, 62]",false,false
P8_7_4_3_0,double,negzero,8000000000000000,"[-1, 0.0, 0]",__int128,i64max_plus1,00000000000000008000000000000000,"[1, 1.0, 63]",false,false
P8_7_4_4_0,double,negzero,8000000000000000,"[-1, 0.0, 0]",__int128,p53_plus1,00000000000000000020000000000001,"[1, 1.0000000000000001110223024625157, 53]",false,false
P8_7_4_5_0,double,negzero,8000000000000000,"[-1, 0.0, 0]",__int128,u64max,0000000000000000ffffffffffffffff,"[1, 1.9999999999999999998915797827514, 63]",false,false
P8_7_5_0_0,double,point1,3fb999999999999a,"[1, 1.6000000000000000888178419700125, -4]",__int128,base_42,0000000000000000000000000000002a,"[1, 1.3125, 5]",true,true
P8_7_5_1_0,double,point1,3fb999999999999a,"[1, 1.6000000000000000888178419700125, -4]",__int128,base_zero,00000000000000000000000000000000,"[1, 0.0, 0]",false,false
P8_7_5_2_0,double,point1,3fb999999999999a,"[1, 1.6000000000000000888178419700125, -4]",__int128,i64max,00000000000000007fffffffffffffff,"[1, 1.9999999999999999997831595655029, 62]",true,true
P8_7_5_3_0,double,point1,3fb999999999999a,"[1, 1.6000000000000000888178419700125, -4]",__int128,i64max_plus1,00000000000000008000000000000000,"[1, 1.0, 63]",true,true
P8_7_5_4_0,double,point1,3fb999999999999a,"[1, 1.6000000000000000888178419700125, -4]",__int128,p53_plus1,00000000000000000020000000000001,"[1, 1.0000000000000001110223024625157, 53]",true,true
P8_7_5_5_0,double,point1,3fb999999999999a,"[1, 1.6000000000000000888178419700125, -4]",__int128,u64max,0000000000000000ffffffffffffffff,"[1, 1.9999999999999999998915797827514, 63]",true,true
P8_8_0_0_0,double,base_1_5,3ff8000000000000,"[1, 1.5, 0]",double,base_1_5,3ff8000000000000,"[1, 1.5, 0]",true,true
P8_8_0_1_0,double,base_1_5,3ff8000000000000,"[1, 1.5, 0]",double,base_pi,400921fb54442d18,"[1, 1.5707963267948965579989817342721, 1]",true,true
P8_8_0_2_0,double,base_1_5,3ff8000000000000,"[1, 1.5, 0]",double,inf,7ff0000000000000,"[1, inf]",true,true
P8_8_0_3_0,double,base_1_5,3ff8000000000000,"[1, 1.5, 0]",double,nan,7ff8000000000000,nan,true,true
P8_8_0_4_0,double,base_1_5,3ff8000000000000,"[1, 1.5, 0]",double,negzero,8000000000000000,"[-1, 0.0, 0]",false,false
P8_8_0_5_0,double,base_1_5,3ff8000000000000,"[1, 1.5, 0]",double,point1,3fb999999999999a,"[1, 1.6000000000000000888178419700125, -4]",true,true
P8_8_1_0_0,double,base_pi,400921fb54442d18,"[1, 1.5707963267948965579989817342721, 1]",double,base_1_5,3ff8000000000000,"[1, 1.5, 0]",true,true
P8_8_1_1_0,double,base_pi,400921fb54442d18,"[1, 1.5707963267948965579989817342721, 1]",double,base_pi,400921fb54442d18,"[1, 1.5707963267948965579989817342721, 1]",true,true
P8_8_1_2_0,double,base_pi,400921fb54442d18,"[1, 1.5707963267948965579989817342721, 1]",double,inf,7ff0000000000000,"[1, inf]",true,true
P8_8_1_3_0,double,base_pi,400921fb54442d18,"[1, 1.5707963267948965579989817342721, 1]",double,nan,7ff8000000000000,nan,true,true
P8_8_1_4_0,double,base_pi,400921fb54442d18,"[1, 1.5707963267948965579989817342721, 1]",double,negzero,8000000000000000,"[-1, 0.0, 0]",false,false
P8_8_1_5_0,double,base_pi,400921fb54442d18,"[1, 1.5707963267948965579989817342721, 1]",double,point1,3fb999999999999a,"[1, 1.6000000000000000888178419700125, -4]",true,true
P8_8_2_0_0,double,inf,7ff0000000000000,"[1, inf]",double,base_1_5,3ff8000000000000,"[1, 1.5, 0]",true,true
P8_8_2_1_0,double,inf,7ff0000000000000,"[1, inf]",double,base_pi,400921fb54442d18,"[1, 1.5707963267948965579989817342721, 1]",true,true
P8_8_2_2_0,double,inf,7ff0000000000000,"[1, inf]",double,inf,7ff0000000000000,"[1, inf]",true,true
P8_8_2_3_0,double,inf,7ff0000000000000,"[1, inf]",double,nan,7ff8000000000000,nan,true,true
P8_8_2_4_0,double,inf,7ff0000000000000,"[1, inf]",double,negzero,8000000000000000,"[-1, 0.0, 0]",false,false
P8_8_2_5_0,double,inf,7ff0000000000000,"[1, inf]",double,point1,3fb999999999999a,"[1, 1.6000000000000000888178419700125, -4]",true,true
P8_8_3_0_0,double,nan,7ff8000000000000,nan,double,base_1_5,3ff8000000000000,"[1, 1.5, 0]",true,true
P8_8_3_1_0,double,nan,7ff8000000000000,nan,double,base_pi,400921fb54442d18,"[1, 1.5707963267948965579989817342721, 1]",true,true
P8_8_3_2_0,double,nan,7ff8000000000000,nan,double,inf,7ff0000000000000,"[1, inf]",true,true
P8_8_3_3_0,double,nan,7ff8000000000000,nan,double,nan,7ff8000000000000,nan,true,true
P8_8_3_4_0,double,nan,7ff8000000000000,nan,double,negzero,8000000000000000,"[-1, 0.0, 0]",false,false
P8_8_3_5_0,double,nan,7ff8000000000000,nan,double,point1,3fb999999999999a,"[1, 1.6000000000000000888178419700125, -4]",true,true
P8_8_4_0_0,double,negzero,8000000000000000,"[-1, 0.0, 0]",double,base_1_5,3ff8000000000000,"[1, 1.5, 0]",false,false
P8_8_4_1_0,double,negzero,8000000000000000,"[-1, 0.0, 0]",double,base_pi,400921fb54442d18,"[1, 1.5707963267948965579989817342721, 1]",false,false
P8_8_4_2_0,double,negzero,8000000000000000,"[-1, 0.0, 0]",double,inf,7ff0000000000000,"[1, inf]",false,false
P8_8_4_3_0,double,negzero,8000000000000000,"[-1, 0.0, 0]",double,nan,7ff8000000000000,nan,false,false
P8_8_4_4_0,double,negzero,8000000000000000,"[-1, 0.0, 0]",double,negzero,8000000000000000,"[-1, 0.0, 0]",false,false
P8_8_4_5_0,double,negzero,8000000000000000,"[-1, 0.0, 0]",double,point1,3fb999999999999a,"[1, 1.6000000000000000888178419700125, -4]",false,false
P8_8_5_0_0,double,point1,3fb999999999999a,"[1, 1.6000000000000000888178419700125, -4]",double,base_1_5,3ff8000000000000,"[1, 1.5, 0]",true,true
P8_8_5_1_0,double,point1,3fb999999999999a,"[1, 1.6000000000000000888178419700125, -4]",double,base_pi,400921fb54442d18,"[1, 1.5707963267948965579989817342721, 1]",true,true
P8_8_5_2_0,double,point1,3fb999999999999a,"[1, 1.6000000000000000888178419700125, -4]",double,inf,7ff0000000000000,"[1, inf]",true,true
P8_8_5_3_0,double,point1,3fb999999999999a,"[1, 1.6000000000000000888178419700125, -4]",double,nan,7ff8000000000000,nan,true,true
P8_8_5_4_0,double,point1,3fb999999999999a,"[1, 1.6000000000000000888178419700125, -4]",double,negzero,8000000000000000,"[-1, 0.0, 0]",false,false
P8_8_5_5_0,double,point1,3fb999999999999a,"[1, 1.6000000000000000888178419700125, -4]",double,point1,3fb999999999999a,"[1, 1.6000000000000000888178419700125, -4]",true,true
P8_9_0_0_0,double,base_1_5,3ff8000000000000,"[1, 1.5, 0]",float,base_1_5,3fc00000,"[1, 1.5, 0]",true,true
P8_9_0_1_0,double,base_1_5,3ff8000000000000,"[1, 1.5, 0]",float,base_pi,40490fdb,"[1, 1.57079637050628662109375, 1]",true,true
P8_9_0_2_0,double,base_1_5,3ff8000000000000,"[1, 1.5, 0]",float,inf,7f800000,"[1, inf]",true,true
P8_9_0_3_0,double,base_1_5,3ff8000000000000,"[1, 1.5, 0]",float,nan,7fc00000,nan,true,true
P8_9_0_4_0,double,base_1_5,3ff8000000000000,"[1, 1.5, 0]",float,negzero,80000000,"[-1, 0.0, 0]",false,false
P8_9_0_5_0,double,base_1_5,3ff8000000000000,"[1, 1.5, 0]",float,point1,3dcccccd,"[1, 1.60000002384185791015625, -4]",true,true
P8_9_1_0_0,double,base_pi,400921fb54442d18,"[1, 1.5707963267948965579989817342721, 1]",float,base_1_5,3fc00000,"[1, 1.5, 0]",true,true
P8_9_1_1_0,double,base_pi,400921fb54442d18,"[1, 1.5707963267948965579989817342721, 1]",float,base_pi,40490fdb,"[1, 1.57079637050628662109375, 1]",true,true
P8_9_1_2_0,double,base_pi,400921fb54442d18,"[1, 1.5707963267948965579989817342721, 1]",float,inf,7f800000,"[1, inf]",true,true
P8_9_1_3_0,double,base_pi,400921fb54442d18,"[1, 1.5707963267948965579989817342721, 1]",float,nan,7fc00000,nan,true,true
P8_9_1_4_0,double,base_pi,400921fb54442d18,"[1, 1.5707963267948965579989817342721, 1]",float,negzero,80000000,"[-1, 0.0, 0]",false,false
P8_9_1_5_0,double,base_pi,400921fb54442d18,"[1, 1.5707963267948965579989817342721, 1]",float,point1,3dcccccd,"[1, 1.60000002384185791015625, -4]",true,true
P8_9_2_0_0,double,inf,7ff0000000000000,"[1, inf]",float,base_1_5,3fc00000,"[1, 1.5, 0]",true,true
P8_9_2_1_0,double,inf,7ff0000000000000,"[1, inf]",float,base_pi,40490fdb,"[1, 1.57079637050628662109375, 1]",true,true
P8_9_2_2_0,double,inf,7ff0000000000000,"[1, inf]",float,inf,7f800000,"[1, inf]",true,true
P8_9_2_3_0,double,inf,7ff0000000000000,"[1, inf]",float,nan,7fc00000,nan,true,true
P8_9_2_4_0,double,inf,7ff0000000000000,"[1, inf]",float,negzero,80000000,"[-1, 0.0, 0]",false,false
P8_9_2_5_0,double,inf,7ff0000000000000,"[1, inf]",float,point1,3dcccccd,"[1, 1.60000002384185791015625, -4]",true,true
P8_9_3_0_0,double,nan,7ff8000000000000,nan,float,base_1_5,3fc00000,"[1, 1.5, 0]",true,true
P8_9_3_1_0,double,nan,7ff8000000000000,nan,float,base_pi,40490fdb,"[1, 1.57079637050628662109375, 1]",true,true
P8_9_3_2_0,double,nan,7ff8000000000000,nan,float,inf,7f800000,"[1, inf]",true,true
P8_9_3_3_0,double,nan,7ff8000000000000,nan,float,nan,7fc00000,nan,true,true
P8_9_3_4_0,double,nan,7ff8000000000000,nan,float,negzero,80000000,"[-1, 0.0, 0]",false,false
P8_9_3_5_0,double,nan,7ff8000000000000,nan,float,point1,3dcccccd,"[1, 1.60000002384185791015625, -4]",true,true
P8_9_4_0_0,double,negzero,8000000000000000,"[-1, 0.0, 0]",float,base_1_5,3fc00000,"[1, 1.5, 0]",false,false
P8_9_4_1_0,double,negzero,8000000000000000,"[-1, 0.0, 0]",float,base_pi,40490fdb,"[1, 1.57079637050628662109375, 1]",false,false
P8_9_4_2_0,double,negzero,8000000000000000,"[-1, 0.0, 0]",float,inf,7f800000,"[1, inf]",false,false
P8_9_4_3_0,double,negzero,8000000000000000,"[-1, 0.0, 0]",float,nan,7fc00000,nan,false,false
P8_9_4_4_0,double,negzero,8000000000000000,"[-1, 0.0, 0]",float,negzero,80000000,"[-1, 0.0, 0]",false,false
P8_9_4_5_0,double,negzero,8000000000000000,"[-1, 0.0, 0]",float,point1,3dcccccd,"[1, 1.60000002384185791015625, -4]",false,false
P8_9_5_0_0,double,point1,3fb999999999999a,"[1, 1.6000000000000000888178419700125, -4]",float,base_1_5,3fc00000,"[1, 1.5, 0]",true,true
P8_9_5_1_0,double,point1,3fb999999999999a,"[1, 1.6000000000000000888178419700125, -4]",float,base_pi,40490fdb,"[1, 1.57079637050628662109375, 1]",true,true
P8_9_5_2_0,double,point1,3fb999999999999a,"[1, 1.6000000000000000888178419700125, -4]",float,inf,7f800000,"[1, inf]",true,true
P8_9_5_3_0,double,point1,3fb999999999999a,"[1, 1.6000000000000000888178419700125, -4]",float,nan,7fc00000,nan,true,true
P8_9_5_4_0,double,point1,3fb999999999999a,"[1, 1.6000000000000000888178419700125, -4]",float,negzero,80000000,"[-1, 0.0, 0]",false,false
P8_9_5_5_0,double,point1,3fb999999999999a,"[1, 1.6000000000000000888178419700125, -4]",float,point1,3dcccccd,"[1, 1.60000002384185791015625, -4]",true,true
P8_11_0_0_0,double,base_1_5,3ff8000000000000,"[1, 1.5, 0]",const char*,base_empty,,t||0|0|0,true,true
P8_11_0_1_0,double,base_1_5,3ff8000000000000,"[1, 1.5, 0]",const char*,base_hello,68656c6c6f,t|68656c6c6f|5|5|5,true,true
P8_11_0_2_0,double,base_1_5,3ff8000000000000,"[1, 1.5, 0]",const char*,base_lines,6c696e65206f6e650a6c696e652074776f,t|6c696e65206f6e650a6c696e652074776f|17|17|17,true,true
P8_11_0_3_0,double,base_1_5,3ff8000000000000,"[1, 1.5, 0]",const char*,clef,f09d849e,t|f09d849e|4|1|1,true,true
P8_11_0_4_0,double,base_1_5,3ff8000000000000,"[1, 1.5, 0]",const char*,eacute,c3a9,t|c3a9|2|1|1,true,true
P8_11_0_5_0,double,base_1_5,3ff8000000000000,"[1, 1.5, 0]",const char*,escapes,71756f74652022206261636b736c617368205c207461620968657265,t|71756f74652022206261636b736c617368205c207461620968657265|28|28|28,true,true
P8_11_1_0_0,double,base_pi,400921fb54442d18,"[1, 1.5707963267948965579989817342721, 1]",const char*,base_empty,,t||0|0|0,true,true
P8_11_1_1_0,double,base_pi,400921fb54442d18,"[1, 1.5707963267948965579989817342721, 1]",const char*,base_hello,68656c6c6f,t|68656c6c6f|5|5|5,true,true
P8_11_1_2_0,double,base_pi,400921fb54442d18,"[1, 1.5707963267948965579989817342721, 1]",const char*,base_lines,6c696e65206f6e650a6c696e652074776f,t|6c696e65206f6e650a6c696e652074776f|17|17|17,true,true
P8_11_1_3_0,double,base_pi,400921fb54442d18,"[1, 1.5707963267948965579989817342721, 1]",const char*,clef,f09d849e,t|f09d849e|4|1|1,true,true
P8_11_1_4_0,double,base_pi,400921fb54442d18,"[1, 1.5707963267948965579989817342721, 1]",const char*,eacute,c3a9,t|c3a9|2|1|1,true,true
P8_11_1_5_0,double,base_pi,400921fb54442d18,"[1, 1.5707963267948965579989817342721, 1]",const char*,escapes,71756f74652022206261636b736c617368205c207461620968657265,t|71756f74652022206261636b736c617368205c207461620968657265|28|28|28,true,true
P8_11_2_0_0,double,inf,7ff0000000000000,"[1, inf]",const char*,base_empty,,t||0|0|0,true,true
P8_11_2_1_0,double,inf,7ff0000000000000,"[1, inf]",const char*,base_hello,68656c6c6f,t|68656c6c6f|5|5|5,true,true
P8_11_2_2_0,double,inf,7ff0000000000000,"[1, inf]",const char*,base_lines,6c696e65206f6e650a6c696e652074776f,t|6c696e65206f6e650a6c696e652074776f|17|17|17,true,true
P8_11_2_3_0,double,inf,7ff0000000000000,"[1, inf]",const char*,clef,f09d849e,t|f09d849e|4|1|1,true,true
P8_11_2_4_0,double,inf,7ff0000000000000,"[1, inf]",const char*,eacute,c3a9,t|c3a9|2|1|1,true,true
P8_11_2_5_0,double,inf,7ff0000000000000,"[1, inf]",const char*,escapes,71756f74652022206261636b736c617368205c207461620968657265,t|71756f74652022206261636b736c617368205c207461620968657265|28|28|28,true,true
P8_11_3_0_0,double,nan,7ff8000000000000,nan,const char*,base_empty,,t||0|0|0,true,true
P8_11_3_1_0,double,nan,7ff8000000000000,nan,const char*,base_hello,68656c6c6f,t|68656c6c6f|5|5|5,true,true
P8_11_3_2_0,double,nan,7ff8000000000000,nan,const char*,base_lines,6c696e65206f6e650a6c696e652074776f,t|6c696e65206f6e650a6c696e652074776f|17|17|17,true,true
P8_11_3_3_0,double,nan,7ff8000000000000,nan,const char*,clef,f09d849e,t|f09d849e|4|1|1,true,true
P8_11_3_4_0,double,nan,7ff8000000000000,nan,const char*,eacute,c3a9,t|c3a9|2|1|1,true,true
P8_11_3_5_0,double,nan,7ff8000000000000,nan,const char*,escapes,71756f74652022206261636b736c617368205c207461620968657265,t|71756f74652022206261636b736c617368205c207461620968657265|28|28|28,true,true
P8_11_4_0_0,double,negzero,8000000000000000,"[-1, 0.0, 0]",const char*,base_empty,,t||0|0|0,false,false
P8_11_4_1_0,double,negzero,8000000000000000,"[-1, 0.0, 0]",const char*,base_hello,68656c6c6f,t|68656c6c6f|5|5|5,false,false
P8_11_4_2_0,double,negzero,8000000000000000,"[-1, 0.0, 0]",const char*,base_lines,6c696e65206f6e650a6c696e652074776f,t|6c696e65206f6e650a6c696e652074776f|17|17|17,false,false
P8_11_4_3_0,double,negzero,8000000000000000,"[-1, 0.0, 0]",const char*,clef,f09d849e,t|f09d849e|4|1|1,false,false
P8_11_4_4_0,double,negzero,8000000000000000,"[-1, 0.0, 0]",const char*,eacute,c3a9,t|c3a9|2|1|1,false,false
P8_11_4_5_0,double,negzero,8000000000000000,"[-1, 0.0, 0]",const char*,escapes,71756f74652022206261636b736c617368205c207461620968657265,t|71756f74652022206261636b736c617368205c207461620968657265|28|28|28,false,false
P8_11_5_0_0,double,point1,3fb999999999999a,"[1, 1.6000000000000000888178419700125, -4]",const char*,base_empty,,t||0|0|0,true,true
P8_11_5_1_0,double,point1,3fb999999999999a,"[1, 1.6000000000000000888178419700125, -4]",const char*,base_hello,68656c6c6f,t|68656c6c6f|5|5|5,true,true
P8_11_5_2_0,double,point1,3fb999999999999a,"[1, 1.6000000000000000888178419700125, -4]",const char*,base_lines,6c696e65206f6e650a6c696e652074776f,t|6c696e65206f6e650a6c696e652074776f|17|17|17,true,true
P8_11_5_3_0,double,point1,3fb999999999999a,"[1, 1.6000000000000000888178419700125, -4]",const char*,clef,f09d849e,t|f09d849e|4|1|1,true,true
P8_11_5_4_0,double,point1,3fb999999999999a,"[1, 1.6000000000000000888178419700125, -4]",const char*,eacute,c3a9,t|c3a9|2|1|1,true,true
P8_11_5_5_0,double,point1,3fb999999999999a,"[1, 1.6000000000000000888178419700125, -4]",const char*,escapes,71756f74652022206261636b736c617368205c207461620968657265,t|71756f74652022206261636b736c617368205c207461620968657265|28|28|28,true,true
P8_14_0_0_0,double,base_1_5,3ff8000000000000,"[1, 1.5, 0]",T[N] (C array),base,"[1, 2, 3]","c|[1, 1.0, 0],[1, 1.0, 1],[1, 1.5, 1]|integer|as-sorted",true,true
P8_14_0_2_0,double,base_1_5,3ff8000000000000,"[1, 1.5, 0]",T[N] (C array),empty,[],c||empty|as-sorted,true,true
P8_14_0_4_0,double,base_1_5,3ff8000000000000,"[1, 1.5, 0]",T[N] (C array),strs,"['a', 'b']","c|t|61|1|1|1,t|62|1|1|1|integer|as-sorted",true,true
P8_14_1_0_0,double,base_pi,400921fb54442d18,"[1, 1.5707963267948965579989817342721, 1]",T[N] (C array),base,"[1, 2, 3]","c|[1, 1.0, 0],[1, 1.0, 1],[1, 1.5, 1]|integer|as-sorted",true,true
P8_14_1_2_0,double,base_pi,400921fb54442d18,"[1, 1.5707963267948965579989817342721, 1]",T[N] (C array),empty,[],c||empty|as-sorted,true,true
P8_14_1_4_0,double,base_pi,400921fb54442d18,"[1, 1.5707963267948965579989817342721, 1]",T[N] (C array),strs,"['a', 'b']","c|t|61|1|1|1,t|62|1|1|1|integer|as-sorted",true,true
P8_14_2_0_0,double,inf,7ff0000000000000,"[1, inf]",T[N] (C array),base,"[1, 2, 3]","c|[1, 1.0, 0],[1, 1.0, 1],[1, 1.5, 1]|integer|as-sorted",true,true
P8_14_2_2_0,double,inf,7ff0000000000000,"[1, inf]",T[N] (C array),empty,[],c||empty|as-sorted,true,true
P8_14_2_4_0,double,inf,7ff0000000000000,"[1, inf]",T[N] (C array),strs,"['a', 'b']","c|t|61|1|1|1,t|62|1|1|1|integer|as-sorted",true,true
P8_14_3_0_0,double,nan,7ff8000000000000,nan,T[N] (C array),base,"[1, 2, 3]","c|[1, 1.0, 0],[1, 1.0, 1],[1, 1.5, 1]|integer|as-sorted",true,true
P8_14_3_2_0,double,nan,7ff8000000000000,nan,T[N] (C array),empty,[],c||empty|as-sorted,true,true
P8_14_3_4_0,double,nan,7ff8000000000000,nan,T[N] (C array),strs,"['a', 'b']","c|t|61|1|1|1,t|62|1|1|1|integer|as-sorted",true,true
P8_14_4_0_0,double,negzero,8000000000000000,"[-1, 0.0, 0]",T[N] (C array),base,"[1, 2, 3]","c|[1, 1.0, 0],[1, 1.0, 1],[1, 1.5, 1]|integer|as-sorted",false,false
P8_14_4_2_0,double,negzero,8000000000000000,"[-1, 0.0, 0]",T[N] (C array),empty,[],c||empty|as-sorted,false,false
P8_14_4_4_0,double,negzero,8000000000000000,"[-1, 0.0, 0]",T[N] (C array),strs,"['a', 'b']","c|t|61|1|1|1,t|62|1|1|1|integer|as-sorted",false,false
P8_14_5_0_0,double,point1,3fb999999999999a,"[1, 1.6000000000000000888178419700125, -4]",T[N] (C array),base,"[1, 2, 3]","c|[1, 1.0, 0],[1, 1.0, 1],[1, 1.5, 1]|integer|as-sorted",true,true
P8_14_5_2_0,double,point1,3fb999999999999a,"[1, 1.6000000000000000888178419700125, -4]",T[N] (C array),empty,[],c||empty|as-sorted,true,true
P8_14_5_4_0,double,point1,3fb999999999999a,"[1, 1.6000000000000000888178419700125, -4]",T[N] (C array),strs,"['a', 'b']","c|t|61|1|1|1,t|62|1|1|1|integer|as-sorted",true,true
P9_1_0_0_0,float,base_1_5,3fc00000,"[1, 1.5, 0]",std::nullptr_t,null,null,null,false,false
P9_1_1_0_0,float,base_pi,40490fdb,"[1, 1.57079637050628662109375, 1]",std::nullptr_t,null,null,null,false,false
P9_1_2_0_0,float,inf,7f800000,"[1, inf]",std::nullptr_t,null,null,null,false,false
P9_1_3_0_0,float,nan,7fc00000,nan,std::nullptr_t,null,null,null,false,false
P9_1_4_0_0,float,negzero,80000000,"[-1, 0.0, 0]",std::nullptr_t,null,null,null,false,false
P9_1_5_0_0,float,point1,3dcccccd,"[1, 1.60000002384185791015625, -4]",std::nullptr_t,null,null,null,false,false
P9_2_0_0_0,float,base_1_5,3fc00000,"[1, 1.5, 0]",std::optional<int64_t>,null,null,null,false,false
P9_2_1_0_0,float,base_pi,40490fdb,"[1, 1.57079637050628662109375, 1]",std::optional<int64_t>,null,null,null,false,false
P9_2_2_0_0,float,inf,7f800000,"[1, inf]",std::optional<int64_t>,null,null,null,false,false
P9_2_3_0_0,float,nan,7fc00000,nan,std::optional<int64_t>,null,null,null,false,false
P9_2_4_0_0,float,negzero,80000000,"[-1, 0.0, 0]",std::optional<int64_t>,null,null,null,false,false
P9_2_5_0_0,float,point1,3dcccccd,"[1, 1.60000002384185791015625, -4]",std::optional<int64_t>,null,null,null,false,false
P9_3_0_0_0,float,base_1_5,3fc00000,"[1, 1.5, 0]",bool,false,false,false,false,false
P9_3_0_1_0,float,base_1_5,3fc00000,"[1, 1.5, 0]",bool,true,true,true,true,true
P9_3_1_0_0,float,base_pi,40490fdb,"[1, 1.57079637050628662109375, 1]",bool,false,false,false,false,false
P9_3_1_1_0,float,base_pi,40490fdb,"[1, 1.57079637050628662109375, 1]",bool,true,true,true,true,true
P9_3_2_0_0,float,inf,7f800000,"[1, inf]",bool,false,false,false,false,false
P9_3_2_1_0,float,inf,7f800000,"[1, inf]",bool,true,true,true,true,true
P9_3_3_0_0,float,nan,7fc00000,nan,bool,false,false,false,false,false
P9_3_3_1_0,float,nan,7fc00000,nan,bool,true,true,true,true,true
P9_3_4_0_0,float,negzero,80000000,"[-1, 0.0, 0]",bool,false,false,false,false,false
P9_3_4_1_0,float,negzero,80000000,"[-1, 0.0, 0]",bool,true,true,true,false,false
P9_3_5_0_0,float,point1,3dcccccd,"[1, 1.60000002384185791015625, -4]",bool,false,false,false,false,false
P9_3_5_1_0,float,point1,3dcccccd,"[1, 1.60000002384185791015625, -4]",bool,true,true,true,true,true
P9_4_0_0_0,float,base_1_5,3fc00000,"[1, 1.5, 0]",int32_t,base_42,0000002a,"[1, 1.3125, 5]",true,true
P9_4_0_1_0,float,base_1_5,3fc00000,"[1, 1.5, 0]",int32_t,base_zero,00000000,"[1, 0.0, 0]",false,false
P9_4_0_2_0,float,base_1_5,3fc00000,"[1, 1.5, 0]",int32_t,i64max,ffffffff,"[-1, 1.0, 0]",true,true
P9_4_0_3_0,float,base_1_5,3fc00000,"[1, 1.5, 0]",int32_t,i64max_plus1,00000000,"[1, 0.0, 0]",false,false
P9_4_0_4_0,float,base_1_5,3fc00000,"[1, 1.5, 0]",int32_t,p53_plus1,00000001,"[1, 1.0, 0]",true,true
P9_4_0_5_0,float,base_1_5,3fc00000,"[1, 1.5, 0]",int32_t,u64max,ffffffff,"[-1, 1.0, 0]",true,true
P9_4_1_0_0,float,base_pi,40490fdb,"[1, 1.57079637050628662109375, 1]",int32_t,base_42,0000002a,"[1, 1.3125, 5]",true,true
P9_4_1_1_0,float,base_pi,40490fdb,"[1, 1.57079637050628662109375, 1]",int32_t,base_zero,00000000,"[1, 0.0, 0]",false,false
P9_4_1_2_0,float,base_pi,40490fdb,"[1, 1.57079637050628662109375, 1]",int32_t,i64max,ffffffff,"[-1, 1.0, 0]",true,true
P9_4_1_3_0,float,base_pi,40490fdb,"[1, 1.57079637050628662109375, 1]",int32_t,i64max_plus1,00000000,"[1, 0.0, 0]",false,false
P9_4_1_4_0,float,base_pi,40490fdb,"[1, 1.57079637050628662109375, 1]",int32_t,p53_plus1,00000001,"[1, 1.0, 0]",true,true
P9_4_1_5_0,float,base_pi,40490fdb,"[1, 1.57079637050628662109375, 1]",int32_t,u64max,ffffffff,"[-1, 1.0, 0]",true,true
P9_4_2_0_0,float,inf,7f800000,"[1, inf]",int32_t,base_42,0000002a,"[1, 1.3125, 5]",true,true
P9_4_2_1_0,float,inf,7f800000,"[1, inf]",int32_t,base_zero,00000000,"[1, 0.0, 0]",false,false
P9_4_2_2_0,float,inf,7f800000,"[1, inf]",int32_t,i64max,ffffffff,"[-1, 1.0, 0]",true,true
P9_4_2_3_0,float,inf,7f800000,"[1, inf]",int32_t,i64max_plus1,00000000,"[1, 0.0, 0]",false,false
P9_4_2_4_0,float,inf,7f800000,"[1, inf]",int32_t,p53_plus1,00000001,"[1, 1.0, 0]",true,true
P9_4_2_5_0,float,inf,7f800000,"[1, inf]",int32_t,u64max,ffffffff,"[-1, 1.0, 0]",true,true
P9_4_3_0_0,float,nan,7fc00000,nan,int32_t,base_42,0000002a,"[1, 1.3125, 5]",true,true
P9_4_3_1_0,float,nan,7fc00000,nan,int32_t,base_zero,00000000,"[1, 0.0, 0]",false,false
P9_4_3_2_0,float,nan,7fc00000,nan,int32_t,i64max,ffffffff,"[-1, 1.0, 0]",true,true
P9_4_3_3_0,float,nan,7fc00000,nan,int32_t,i64max_plus1,00000000,"[1, 0.0, 0]",false,false
P9_4_3_4_0,float,nan,7fc00000,nan,int32_t,p53_plus1,00000001,"[1, 1.0, 0]",true,true
P9_4_3_5_0,float,nan,7fc00000,nan,int32_t,u64max,ffffffff,"[-1, 1.0, 0]",true,true
P9_4_4_0_0,float,negzero,80000000,"[-1, 0.0, 0]",int32_t,base_42,0000002a,"[1, 1.3125, 5]",false,false
P9_4_4_1_0,float,negzero,80000000,"[-1, 0.0, 0]",int32_t,base_zero,00000000,"[1, 0.0, 0]",false,false
P9_4_4_2_0,float,negzero,80000000,"[-1, 0.0, 0]",int32_t,i64max,ffffffff,"[-1, 1.0, 0]",false,false
P9_4_4_3_0,float,negzero,80000000,"[-1, 0.0, 0]",int32_t,i64max_plus1,00000000,"[1, 0.0, 0]",false,false
P9_4_4_4_0,float,negzero,80000000,"[-1, 0.0, 0]",int32_t,p53_plus1,00000001,"[1, 1.0, 0]",false,false
P9_4_4_5_0,float,negzero,80000000,"[-1, 0.0, 0]",int32_t,u64max,ffffffff,"[-1, 1.0, 0]",false,false
P9_4_5_0_0,float,point1,3dcccccd,"[1, 1.60000002384185791015625, -4]",int32_t,base_42,0000002a,"[1, 1.3125, 5]",true,true
P9_4_5_1_0,float,point1,3dcccccd,"[1, 1.60000002384185791015625, -4]",int32_t,base_zero,00000000,"[1, 0.0, 0]",false,false
P9_4_5_2_0,float,point1,3dcccccd,"[1, 1.60000002384185791015625, -4]",int32_t,i64max,ffffffff,"[-1, 1.0, 0]",true,true
P9_4_5_3_0,float,point1,3dcccccd,"[1, 1.60000002384185791015625, -4]",int32_t,i64max_plus1,00000000,"[1, 0.0, 0]",false,false
P9_4_5_4_0,float,point1,3dcccccd,"[1, 1.60000002384185791015625, -4]",int32_t,p53_plus1,00000001,"[1, 1.0, 0]",true,true
P9_4_5_5_0,float,point1,3dcccccd,"[1, 1.60000002384185791015625, -4]",int32_t,u64max,ffffffff,"[-1, 1.0, 0]",true,true
P9_5_0_0_0,float,base_1_5,3fc00000,"[1, 1.5, 0]",int64_t,base_42,000000000000002a,"[1, 1.3125, 5]",true,true
P9_5_0_1_0,float,base_1_5,3fc00000,"[1, 1.5, 0]",int64_t,base_zero,0000000000000000,"[1, 0.0, 0]",false,false
P9_5_0_2_0,float,base_1_5,3fc00000,"[1, 1.5, 0]",int64_t,i64max,7fffffffffffffff,"[1, 1.9999999999999999997831595655029, 62]",true,true
P9_5_0_3_0,float,base_1_5,3fc00000,"[1, 1.5, 0]",int64_t,i64max_plus1,8000000000000000,"[-1, 1.0, 63]",true,true
P9_5_0_4_0,float,base_1_5,3fc00000,"[1, 1.5, 0]",int64_t,p53_plus1,0020000000000001,"[1, 1.0000000000000001110223024625157, 53]",true,true
P9_5_0_5_0,float,base_1_5,3fc00000,"[1, 1.5, 0]",int64_t,u64max,ffffffffffffffff,"[-1, 1.0, 0]",true,true
P9_5_1_0_0,float,base_pi,40490fdb,"[1, 1.57079637050628662109375, 1]",int64_t,base_42,000000000000002a,"[1, 1.3125, 5]",true,true
P9_5_1_1_0,float,base_pi,40490fdb,"[1, 1.57079637050628662109375, 1]",int64_t,base_zero,0000000000000000,"[1, 0.0, 0]",false,false
P9_5_1_2_0,float,base_pi,40490fdb,"[1, 1.57079637050628662109375, 1]",int64_t,i64max,7fffffffffffffff,"[1, 1.9999999999999999997831595655029, 62]",true,true
P9_5_1_3_0,float,base_pi,40490fdb,"[1, 1.57079637050628662109375, 1]",int64_t,i64max_plus1,8000000000000000,"[-1, 1.0, 63]",true,true
P9_5_1_4_0,float,base_pi,40490fdb,"[1, 1.57079637050628662109375, 1]",int64_t,p53_plus1,0020000000000001,"[1, 1.0000000000000001110223024625157, 53]",true,true
P9_5_1_5_0,float,base_pi,40490fdb,"[1, 1.57079637050628662109375, 1]",int64_t,u64max,ffffffffffffffff,"[-1, 1.0, 0]",true,true
P9_5_2_0_0,float,inf,7f800000,"[1, inf]",int64_t,base_42,000000000000002a,"[1, 1.3125, 5]",true,true
P9_5_2_1_0,float,inf,7f800000,"[1, inf]",int64_t,base_zero,0000000000000000,"[1, 0.0, 0]",false,false
P9_5_2_2_0,float,inf,7f800000,"[1, inf]",int64_t,i64max,7fffffffffffffff,"[1, 1.9999999999999999997831595655029, 62]",true,true
P9_5_2_3_0,float,inf,7f800000,"[1, inf]",int64_t,i64max_plus1,8000000000000000,"[-1, 1.0, 63]",true,true
P9_5_2_4_0,float,inf,7f800000,"[1, inf]",int64_t,p53_plus1,0020000000000001,"[1, 1.0000000000000001110223024625157, 53]",true,true
P9_5_2_5_0,float,inf,7f800000,"[1, inf]",int64_t,u64max,ffffffffffffffff,"[-1, 1.0, 0]",true,true
P9_5_3_0_0,float,nan,7fc00000,nan,int64_t,base_42,000000000000002a,"[1, 1.3125, 5]",true,true
P9_5_3_1_0,float,nan,7fc00000,nan,int64_t,base_zero,0000000000000000,"[1, 0.0, 0]",false,false
P9_5_3_2_0,float,nan,7fc00000,nan,int64_t,i64max,7fffffffffffffff,"[1, 1.9999999999999999997831595655029, 62]",true,true
P9_5_3_3_0,float,nan,7fc00000,nan,int64_t,i64max_plus1,8000000000000000,"[-1, 1.0, 63]",true,true
P9_5_3_4_0,float,nan,7fc00000,nan,int64_t,p53_plus1,0020000000000001,"[1, 1.0000000000000001110223024625157, 53]",true,true
P9_5_3_5_0,float,nan,7fc00000,nan,int64_t,u64max,ffffffffffffffff,"[-1, 1.0, 0]",true,true
P9_5_4_0_0,float,negzero,80000000,"[-1, 0.0, 0]",int64_t,base_42,000000000000002a,"[1, 1.3125, 5]",false,false
P9_5_4_1_0,float,negzero,80000000,"[-1, 0.0, 0]",int64_t,base_zero,0000000000000000,"[1, 0.0, 0]",false,false
P9_5_4_2_0,float,negzero,80000000,"[-1, 0.0, 0]",int64_t,i64max,7fffffffffffffff,"[1, 1.9999999999999999997831595655029, 62]",false,false
P9_5_4_3_0,float,negzero,80000000,"[-1, 0.0, 0]",int64_t,i64max_plus1,8000000000000000,"[-1, 1.0, 63]",false,false
P9_5_4_4_0,float,negzero,80000000,"[-1, 0.0, 0]",int64_t,p53_plus1,0020000000000001,"[1, 1.0000000000000001110223024625157, 53]",false,false
P9_5_4_5_0,float,negzero,80000000,"[-1, 0.0, 0]",int64_t,u64max,ffffffffffffffff,"[-1, 1.0, 0]",false,false
P9_5_5_0_0,float,point1,3dcccccd,"[1, 1.60000002384185791015625, -4]",int64_t,base_42,000000000000002a,"[1, 1.3125, 5]",true,true
P9_5_5_1_0,float,point1,3dcccccd,"[1, 1.60000002384185791015625, -4]",int64_t,base_zero,0000000000000000,"[1, 0.0, 0]",false,false
P9_5_5_2_0,float,point1,3dcccccd,"[1, 1.60000002384185791015625, -4]",int64_t,i64max,7fffffffffffffff,"[1, 1.9999999999999999997831595655029, 62]",true,true
P9_5_5_3_0,float,point1,3dcccccd,"[1, 1.60000002384185791015625, -4]",int64_t,i64max_plus1,8000000000000000,"[-1, 1.0, 63]",true,true
P9_5_5_4_0,float,point1,3dcccccd,"[1, 1.60000002384185791015625, -4]",int64_t,p53_plus1,0020000000000001,"[1, 1.0000000000000001110223024625157, 53]",true,true
P9_5_5_5_0,float,point1,3dcccccd,"[1, 1.60000002384185791015625, -4]",int64_t,u64max,ffffffffffffffff,"[-1, 1.0, 0]",true,true
P9_6_0_0_0,float,base_1_5,3fc00000,"[1, 1.5, 0]",uint64_t,base_42,000000000000002a,"[1, 1.3125, 5]",true,true
P9_6_0_1_0,float,base_1_5,3fc00000,"[1, 1.5, 0]",uint64_t,base_zero,0000000000000000,"[1, 0.0, 0]",false,false
P9_6_0_2_0,float,base_1_5,3fc00000,"[1, 1.5, 0]",uint64_t,i64max,7fffffffffffffff,"[1, 1.9999999999999999997831595655029, 62]",true,true
P9_6_0_3_0,float,base_1_5,3fc00000,"[1, 1.5, 0]",uint64_t,i64max_plus1,8000000000000000,"[1, 1.0, 63]",true,true
P9_6_0_4_0,float,base_1_5,3fc00000,"[1, 1.5, 0]",uint64_t,p53_plus1,0020000000000001,"[1, 1.0000000000000001110223024625157, 53]",true,true
P9_6_0_5_0,float,base_1_5,3fc00000,"[1, 1.5, 0]",uint64_t,u64max,ffffffffffffffff,"[1, 1.9999999999999999998915797827514, 63]",true,true
P9_6_1_0_0,float,base_pi,40490fdb,"[1, 1.57079637050628662109375, 1]",uint64_t,base_42,000000000000002a,"[1, 1.3125, 5]",true,true
P9_6_1_1_0,float,base_pi,40490fdb,"[1, 1.57079637050628662109375, 1]",uint64_t,base_zero,0000000000000000,"[1, 0.0, 0]",false,false
P9_6_1_2_0,float,base_pi,40490fdb,"[1, 1.57079637050628662109375, 1]",uint64_t,i64max,7fffffffffffffff,"[1, 1.9999999999999999997831595655029, 62]",true,true
P9_6_1_3_0,float,base_pi,40490fdb,"[1, 1.57079637050628662109375, 1]",uint64_t,i64max_plus1,8000000000000000,"[1, 1.0, 63]",true,true
P9_6_1_4_0,float,base_pi,40490fdb,"[1, 1.57079637050628662109375, 1]",uint64_t,p53_plus1,0020000000000001,"[1, 1.0000000000000001110223024625157, 53]",true,true
P9_6_1_5_0,float,base_pi,40490fdb,"[1, 1.57079637050628662109375, 1]",uint64_t,u64max,ffffffffffffffff,"[1, 1.9999999999999999998915797827514, 63]",true,true
P9_6_2_0_0,float,inf,7f800000,"[1, inf]",uint64_t,base_42,000000000000002a,"[1, 1.3125, 5]",true,true
P9_6_2_1_0,float,inf,7f800000,"[1, inf]",uint64_t,base_zero,0000000000000000,"[1, 0.0, 0]",false,false
P9_6_2_2_0,float,inf,7f800000,"[1, inf]",uint64_t,i64max,7fffffffffffffff,"[1, 1.9999999999999999997831595655029, 62]",true,true
P9_6_2_3_0,float,inf,7f800000,"[1, inf]",uint64_t,i64max_plus1,8000000000000000,"[1, 1.0, 63]",true,true
P9_6_2_4_0,float,inf,7f800000,"[1, inf]",uint64_t,p53_plus1,0020000000000001,"[1, 1.0000000000000001110223024625157, 53]",true,true
P9_6_2_5_0,float,inf,7f800000,"[1, inf]",uint64_t,u64max,ffffffffffffffff,"[1, 1.9999999999999999998915797827514, 63]",true,true
P9_6_3_0_0,float,nan,7fc00000,nan,uint64_t,base_42,000000000000002a,"[1, 1.3125, 5]",true,true
P9_6_3_1_0,float,nan,7fc00000,nan,uint64_t,base_zero,0000000000000000,"[1, 0.0, 0]",false,false
P9_6_3_2_0,float,nan,7fc00000,nan,uint64_t,i64max,7fffffffffffffff,"[1, 1.9999999999999999997831595655029, 62]",true,true
P9_6_3_3_0,float,nan,7fc00000,nan,uint64_t,i64max_plus1,8000000000000000,"[1, 1.0, 63]",true,true
P9_6_3_4_0,float,nan,7fc00000,nan,uint64_t,p53_plus1,0020000000000001,"[1, 1.0000000000000001110223024625157, 53]",true,true
P9_6_3_5_0,float,nan,7fc00000,nan,uint64_t,u64max,ffffffffffffffff,"[1, 1.9999999999999999998915797827514, 63]",true,true
P9_6_4_0_0,float,negzero,80000000,"[-1, 0.0, 0]",uint64_t,base_42,000000000000002a,"[1, 1.3125, 5]",false,false
P9_6_4_1_0,float,negzero,80000000,"[-1, 0.0, 0]",uint64_t,base_zero,0000000000000000,"[1, 0.0, 0]",false,false
P9_6_4_2_0,float,negzero,80000000,"[-1, 0.0, 0]",uint64_t,i64max,7fffffffffffffff,"[1, 1.9999999999999999997831595655029, 62]",false,false
P9_6_4_3_0,float,negzero,80000000,"[-1, 0.0, 0]",uint64_t,i64max_plus1,8000000000000000,"[1, 1.0, 63]",false,false
P9_6_4_4_0,float,negzero,80000000,"[-1, 0.0, 0]",uint64_t,p53_plus1,0020000000000001,"[1, 1.0000000000000001110223024625157, 53]",false,false
P9_6_4_5_0,float,negzero,80000000,"[-1, 0.0, 0]",uint64_t,u64max,ffffffffffffffff,"[1, 1.9999999999999999998915797827514, 63]",false,false
P9_6_5_0_0,float,point1,3dcccccd,"[1, 1.60000002384185791015625, -4]",uint64_t,base_42,000000000000002a,"[1, 1.3125, 5]",true,true
P9_6_5_1_0,float,point1,3dcccccd,"[1, 1.60000002384185791015625, -4]",uint64_t,base_zero,0000000000000000,"[1, 0.0, 0]",false,false
P9_6_5_2_0,float,point1,3dcccccd,"[1, 1.60000002384185791015625, -4]",uint64_t,i64max,7fffffffffffffff,"[1, 1.9999999999999999997831595655029, 62]",true,true
P9_6_5_3_0,float,point1,3dcccccd,"[1, 1.60000002384185791015625, -4]",uint64_t,i64max_plus1,8000000000000000,"[1, 1.0, 63]",true,true
P9_6_5_4_0,float,point1,3dcccccd,"[1, 1.60000002384185791015625, -4]",uint64_t,p53_plus1,0020000000000001,"[1, 1.0000000000000001110223024625157, 53]",true,true
P9_6_5_5_0,float,point1,3dcccccd,"[1, 1.60000002384185791015625, -4]",uint64_t,u64max,ffffffffffffffff,"[1, 1.9999999999999999998915797827514, 63]",true,true
P9_7_0_0_0,float,base_1_5,3fc00000,"[1, 1.5, 0]",__int128,base_42,0000000000000000000000000000002a,"[1, 1.3125, 5]",true,true
P9_7_0_1_0,float,base_1_5,3fc00000,"[1, 1.5, 0]",__int128,base_zero,00000000000000000000000000000000,"[1, 0.0, 0]",false,false
P9_7_0_2_0,float,base_1_5,3fc00000,"[1, 1.5, 0]",__int128,i64max,00000000000000007fffffffffffffff,"[1, 1.9999999999999999997831595655029, 62]",true,true
P9_7_0_3_0,float,base_1_5,3fc00000,"[1, 1.5, 0]",__int128,i64max_plus1,00000000000000008000000000000000,"[1, 1.0, 63]",true,true
P9_7_0_4_0,float,base_1_5,3fc00000,"[1, 1.5, 0]",__int128,p53_plus1,00000000000000000020000000000001,"[1, 1.0000000000000001110223024625157, 53]",true,true
P9_7_0_5_0,float,base_1_5,3fc00000,"[1, 1.5, 0]",__int128,u64max,0000000000000000ffffffffffffffff,"[1, 1.9999999999999999998915797827514, 63]",true,true
P9_7_1_0_0,float,base_pi,40490fdb,"[1, 1.57079637050628662109375, 1]",__int128,base_42,0000000000000000000000000000002a,"[1, 1.3125, 5]",true,true
P9_7_1_1_0,float,base_pi,40490fdb,"[1, 1.57079637050628662109375, 1]",__int128,base_zero,00000000000000000000000000000000,"[1, 0.0, 0]",false,false
P9_7_1_2_0,float,base_pi,40490fdb,"[1, 1.57079637050628662109375, 1]",__int128,i64max,00000000000000007fffffffffffffff,"[1, 1.9999999999999999997831595655029, 62]",true,true
P9_7_1_3_0,float,base_pi,40490fdb,"[1, 1.57079637050628662109375, 1]",__int128,i64max_plus1,00000000000000008000000000000000,"[1, 1.0, 63]",true,true
P9_7_1_4_0,float,base_pi,40490fdb,"[1, 1.57079637050628662109375, 1]",__int128,p53_plus1,00000000000000000020000000000001,"[1, 1.0000000000000001110223024625157, 53]",true,true
P9_7_1_5_0,float,base_pi,40490fdb,"[1, 1.57079637050628662109375, 1]",__int128,u64max,0000000000000000ffffffffffffffff,"[1, 1.9999999999999999998915797827514, 63]",true,true
P9_7_2_0_0,float,inf,7f800000,"[1, inf]",__int128,base_42,0000000000000000000000000000002a,"[1, 1.3125, 5]",true,true
P9_7_2_1_0,float,inf,7f800000,"[1, inf]",__int128,base_zero,00000000000000000000000000000000,"[1, 0.0, 0]",false,false
P9_7_2_2_0,float,inf,7f800000,"[1, inf]",__int128,i64max,00000000000000007fffffffffffffff,"[1, 1.9999999999999999997831595655029, 62]",true,true
P9_7_2_3_0,float,inf,7f800000,"[1, inf]",__int128,i64max_plus1,00000000000000008000000000000000,"[1, 1.0, 63]",true,true
P9_7_2_4_0,float,inf,7f800000,"[1, inf]",__int128,p53_plus1,00000000000000000020000000000001,"[1, 1.0000000000000001110223024625157, 53]",true,true
P9_7_2_5_0,float,inf,7f800000,"[1, inf]",__int128,u64max,0000000000000000ffffffffffffffff,"[1, 1.9999999999999999998915797827514, 63]",true,true
P9_7_3_0_0,float,nan,7fc00000,nan,__int128,base_42,0000000000000000000000000000002a,"[1, 1.3125, 5]",true,true
P9_7_3_1_0,float,nan,7fc00000,nan,__int128,base_zero,00000000000000000000000000000000,"[1, 0.0, 0]",false,false
P9_7_3_2_0,float,nan,7fc00000,nan,__int128,i64max,00000000000000007fffffffffffffff,"[1, 1.9999999999999999997831595655029, 62]",true,true
P9_7_3_3_0,float,nan,7fc00000,nan,__int128,i64max_plus1,00000000000000008000000000000000,"[1, 1.0, 63]",true,true
P9_7_3_4_0,float,nan,7fc00000,nan,__int128,p53_plus1,00000000000000000020000000000001,"[1, 1.0000000000000001110223024625157, 53]",true,true
P9_7_3_5_0,float,nan,7fc00000,nan,__int128,u64max,0000000000000000ffffffffffffffff,"[1, 1.9999999999999999998915797827514, 63]",true,true
P9_7_4_0_0,float,negzero,80000000,"[-1, 0.0, 0]",__int128,base_42,0000000000000000000000000000002a,"[1, 1.3125, 5]",false,false
P9_7_4_1_0,float,negzero,80000000,"[-1, 0.0, 0]",__int128,base_zero,00000000000000000000000000000000,"[1, 0.0, 0]",false,false
P9_7_4_2_0,float,negzero,80000000,"[-1, 0.0, 0]",__int128,i64max,00000000000000007fffffffffffffff,"[1, 1.9999999999999999997831595655029, 62]",false,false
P9_7_4_3_0,float,negzero,80000000,"[-1, 0.0, 0]",__int128,i64max_plus1,00000000000000008000000000000000,"[1, 1.0, 63]",false,false
P9_7_4_4_0,float,negzero,80000000,"[-1, 0.0, 0]",__int128,p53_plus1,00000000000000000020000000000001,"[1, 1.0000000000000001110223024625157, 53]",false,false
P9_7_4_5_0,float,negzero,80000000,"[-1, 0.0, 0]",__int128,u64max,0000000000000000ffffffffffffffff,"[1, 1.9999999999999999998915797827514, 63]",false,false
P9_7_5_0_0,float,point1,3dcccccd,"[1, 1.60000002384185791015625, -4]",__int128,base_42,0000000000000000000000000000002a,"[1, 1.3125, 5]",true,true
P9_7_5_1_0,float,point1,3dcccccd,"[1, 1.60000002384185791015625, -4]",__int128,base_zero,00000000000000000000000000000000,"[1, 0.0, 0]",false,false
P9_7_5_2_0,float,point1,3dcccccd,"[1, 1.60000002384185791015625, -4]",__int128,i64max,00000000000000007fffffffffffffff,"[1, 1.9999999999999999997831595655029, 62]",true,true
P9_7_5_3_0,float,point1,3dcccccd,"[1, 1.60000002384185791015625, -4]",__int128,i64max_plus1,00000000000000008000000000000000,"[1, 1.0, 63]",true,true
P9_7_5_4_0,float,point1,3dcccccd,"[1, 1.60000002384185791015625, -4]",__int128,p53_plus1,00000000000000000020000000000001,"[1, 1.0000000000000001110223024625157, 53]",true,true
P9_7_5_5_0,float,point1,3dcccccd,"[1, 1.60000002384185791015625, -4]",__int128,u64max,0000000000000000ffffffffffffffff,"[1, 1.9999999999999999998915797827514, 63]",true,true
P9_8_0_0_0,float,base_1_5,3fc00000,"[1, 1.5, 0]",double,base_1_5,3ff8000000000000,"[1, 1.5, 0]",true,true
P9_8_0_1_0,float,base_1_5,3fc00000,"[1, 1.5, 0]",double,base_pi,400921fb54442d18,"[1, 1.5707963267948965579989817342721, 1]",true,true
P9_8_0_2_0,float,base_1_5,3fc00000,"[1, 1.5, 0]",double,inf,7ff0000000000000,"[1, inf]",true,true
P9_8_0_3_0,float,base_1_5,3fc00000,"[1, 1.5, 0]",double,nan,7ff8000000000000,nan,true,true
P9_8_0_4_0,float,base_1_5,3fc00000,"[1, 1.5, 0]",double,negzero,8000000000000000,"[-1, 0.0, 0]",false,false
P9_8_0_5_0,float,base_1_5,3fc00000,"[1, 1.5, 0]",double,point1,3fb999999999999a,"[1, 1.6000000000000000888178419700125, -4]",true,true
P9_8_1_0_0,float,base_pi,40490fdb,"[1, 1.57079637050628662109375, 1]",double,base_1_5,3ff8000000000000,"[1, 1.5, 0]",true,true
P9_8_1_1_0,float,base_pi,40490fdb,"[1, 1.57079637050628662109375, 1]",double,base_pi,400921fb54442d18,"[1, 1.5707963267948965579989817342721, 1]",true,true
P9_8_1_2_0,float,base_pi,40490fdb,"[1, 1.57079637050628662109375, 1]",double,inf,7ff0000000000000,"[1, inf]",true,true
P9_8_1_3_0,float,base_pi,40490fdb,"[1, 1.57079637050628662109375, 1]",double,nan,7ff8000000000000,nan,true,true
P9_8_1_4_0,float,base_pi,40490fdb,"[1, 1.57079637050628662109375, 1]",double,negzero,8000000000000000,"[-1, 0.0, 0]",false,false
P9_8_1_5_0,float,base_pi,40490fdb,"[1, 1.57079637050628662109375, 1]",double,point1,3fb999999999999a,"[1, 1.6000000000000000888178419700125, -4]",true,true
P9_8_2_0_0,float,inf,7f800000,"[1, inf]",double,base_1_5,3ff8000000000000,"[1, 1.5, 0]",true,true
P9_8_2_1_0,float,inf,7f800000,"[1, inf]",double,base_pi,400921fb54442d18,"[1, 1.5707963267948965579989817342721, 1]",true,true
P9_8_2_2_0,float,inf,7f800000,"[1, inf]",double,inf,7ff0000000000000,"[1, inf]",true,true
P9_8_2_3_0,float,inf,7f800000,"[1, inf]",double,nan,7ff8000000000000,nan,true,true
P9_8_2_4_0,float,inf,7f800000,"[1, inf]",double,negzero,8000000000000000,"[-1, 0.0, 0]",false,false
P9_8_2_5_0,float,inf,7f800000,"[1, inf]",double,point1,3fb999999999999a,"[1, 1.6000000000000000888178419700125, -4]",true,true
P9_8_3_0_0,float,nan,7fc00000,nan,double,base_1_5,3ff8000000000000,"[1, 1.5, 0]",true,true
P9_8_3_1_0,float,nan,7fc00000,nan,double,base_pi,400921fb54442d18,"[1, 1.5707963267948965579989817342721, 1]",true,true
P9_8_3_2_0,float,nan,7fc00000,nan,double,inf,7ff0000000000000,"[1, inf]",true,true
P9_8_3_3_0,float,nan,7fc00000,nan,double,nan,7ff8000000000000,nan,true,true
P9_8_3_4_0,float,nan,7fc00000,nan,double,negzero,8000000000000000,"[-1, 0.0, 0]",false,false
P9_8_3_5_0,float,nan,7fc00000,nan,double,point1,3fb999999999999a,"[1, 1.6000000000000000888178419700125, -4]",true,true
P9_8_4_0_0,float,negzero,80000000,"[-1, 0.0, 0]",double,base_1_5,3ff8000000000000,"[1, 1.5, 0]",false,false
P9_8_4_1_0,float,negzero,80000000,"[-1, 0.0, 0]",double,base_pi,400921fb54442d18,"[1, 1.5707963267948965579989817342721, 1]",false,false
P9_8_4_2_0,float,negzero,80000000,"[-1, 0.0, 0]",double,inf,7ff0000000000000,"[1, inf]",false,false
P9_8_4_3_0,float,negzero,80000000,"[-1, 0.0, 0]",double,nan,7ff8000000000000,nan,false,false
P9_8_4_4_0,float,negzero,80000000,"[-1, 0.0, 0]",double,negzero,8000000000000000,"[-1, 0.0, 0]",false,false
P9_8_4_5_0,float,negzero,80000000,"[-1, 0.0, 0]",double,point1,3fb999999999999a,"[1, 1.6000000000000000888178419700125, -4]",false,false
P9_8_5_0_0,float,point1,3dcccccd,"[1, 1.60000002384185791015625, -4]",double,base_1_5,3ff8000000000000,"[1, 1.5, 0]",true,true
P9_8_5_1_0,float,point1,3dcccccd,"[1, 1.60000002384185791015625, -4]",double,base_pi,400921fb54442d18,"[1, 1.5707963267948965579989817342721, 1]",true,true
P9_8_5_2_0,float,point1,3dcccccd,"[1, 1.60000002384185791015625, -4]",double,inf,7ff0000000000000,"[1, inf]",true,true
P9_8_5_3_0,float,point1,3dcccccd,"[1, 1.60000002384185791015625, -4]",double,nan,7ff8000000000000,nan,true,true
P9_8_5_4_0,float,point1,3dcccccd,"[1, 1.60000002384185791015625, -4]",double,negzero,8000000000000000,"[-1, 0.0, 0]",false,false
P9_8_5_5_0,float,point1,3dcccccd,"[1, 1.60000002384185791015625, -4]",double,point1,3fb999999999999a,"[1, 1.6000000000000000888178419700125, -4]",true,true
P9_9_0_0_0,float,base_1_5,3fc00000,"[1, 1.5, 0]",float,base_1_5,3fc00000,"[1, 1.5, 0]",true,true
P9_9_0_1_0,float,base_1_5,3fc00000,"[1, 1.5, 0]",float,base_pi,40490fdb,"[1, 1.57079637050628662109375, 1]",true,true
P9_9_0_2_0,float,base_1_5,3fc00000,"[1, 1.5, 0]",float,inf,7f800000,"[1, inf]",true,true
P9_9_0_3_0,float,base_1_5,3fc00000,"[1, 1.5, 0]",float,nan,7fc00000,nan,true,true
P9_9_0_4_0,float,base_1_5,3fc00000,"[1, 1.5, 0]",float,negzero,80000000,"[-1, 0.0, 0]",false,false
P9_9_0_5_0,float,base_1_5,3fc00000,"[1, 1.5, 0]",float,point1,3dcccccd,"[1, 1.60000002384185791015625, -4]",true,true
P9_9_1_0_0,float,base_pi,40490fdb,"[1, 1.57079637050628662109375, 1]",float,base_1_5,3fc00000,"[1, 1.5, 0]",true,true
P9_9_1_1_0,float,base_pi,40490fdb,"[1, 1.57079637050628662109375, 1]",float,base_pi,40490fdb,"[1, 1.57079637050628662109375, 1]",true,true
P9_9_1_2_0,float,base_pi,40490fdb,"[1, 1.57079637050628662109375, 1]",float,inf,7f800000,"[1, inf]",true,true
P9_9_1_3_0,float,base_pi,40490fdb,"[1, 1.57079637050628662109375, 1]",float,nan,7fc00000,nan,true,true
P9_9_1_4_0,float,base_pi,40490fdb,"[1, 1.57079637050628662109375, 1]",float,negzero,80000000,"[-1, 0.0, 0]",false,false
P9_9_1_5_0,float,base_pi,40490fdb,"[1, 1.57079637050628662109375, 1]",float,point1,3dcccccd,"[1, 1.60000002384185791015625, -4]",true,true
P9_9_2_0_0,float,inf,7f800000,"[1, inf]",float,base_1_5,3fc00000,"[1, 1.5, 0]",true,true
P9_9_2_1_0,float,inf,7f800000,"[1, inf]",float,base_pi,40490fdb,"[1, 1.57079637050628662109375, 1]",true,true
P9_9_2_2_0,float,inf,7f800000,"[1, inf]",float,inf,7f800000,"[1, inf]",true,true
P9_9_2_3_0,float,inf,7f800000,"[1, inf]",float,nan,7fc00000,nan,true,true
P9_9_2_4_0,float,inf,7f800000,"[1, inf]",float,negzero,80000000,"[-1, 0.0, 0]",false,false
P9_9_2_5_0,float,inf,7f800000,"[1, inf]",float,point1,3dcccccd,"[1, 1.60000002384185791015625, -4]",true,true
P9_9_3_0_0,float,nan,7fc00000,nan,float,base_1_5,3fc00000,"[1, 1.5, 0]",true,true
P9_9_3_1_0,float,nan,7fc00000,nan,float,base_pi,40490fdb,"[1, 1.57079637050628662109375, 1]",true,true
P9_9_3_2_0,float,nan,7fc00000,nan,float,inf,7f800000,"[1, inf]",true,true
P9_9_3_3_0,float,nan,7fc00000,nan,float,nan,7fc00000,nan,true,true
P9_9_3_4_0,float,nan,7fc00000,nan,float,negzero,80000000,"[-1, 0.0, 0]",false,false
P9_9_3_5_0,float,nan,7fc00000,nan,float,point1,3dcccccd,"[1, 1.60000002384185791015625, -4]",true,true
P9_9_4_0_0,float,negzero,80000000,"[-1, 0.0, 0]",float,base_1_5,3fc00000,"[1, 1.5, 0]",false,false
P9_9_4_1_0,float,negzero,80000000,"[-1, 0.0, 0]",float,base_pi,40490fdb,"[1, 1.57079637050628662109375, 1]",false,false
P9_9_4_2_0,float,negzero,80000000,"[-1, 0.0, 0]",float,inf,7f800000,"[1, inf]",false,false
P9_9_4_3_0,float,negzero,80000000,"[-1, 0.0, 0]",float,nan,7fc00000,nan,false,false
P9_9_4_4_0,float,negzero,80000000,"[-1, 0.0, 0]",float,negzero,80000000,"[-1, 0.0, 0]",false,false
P9_9_4_5_0,float,negzero,80000000,"[-1, 0.0, 0]",float,point1,3dcccccd,"[1, 1.60000002384185791015625, -4]",false,false
P9_9_5_0_0,float,point1,3dcccccd,"[1, 1.60000002384185791015625, -4]",float,base_1_5,3fc00000,"[1, 1.5, 0]",true,true
P9_9_5_1_0,float,point1,3dcccccd,"[1, 1.60000002384185791015625, -4]",float,base_pi,40490fdb,"[1, 1.57079637050628662109375, 1]",true,true
P9_9_5_2_0,float,point1,3dcccccd,"[1, 1.60000002384185791015625, -4]",float,inf,7f800000,"[1, inf]",true,true
P9_9_5_3_0,float,point1,3dcccccd,"[1, 1.60000002384185791015625, -4]",float,nan,7fc00000,nan,true,true
P9_9_5_4_0,float,point1,3dcccccd,"[1, 1.60000002384185791015625, -4]",float,negzero,80000000,"[-1, 0.0, 0]",false,false
P9_9_5_5_0,float,point1,3dcccccd,"[1, 1.60000002384185791015625, -4]",float,point1,3dcccccd,"[1, 1.60000002384185791015625, -4]",true,true
P9_11_0_0_0,float,base_1_5,3fc00000,"[1, 1.5, 0]",const char*,base_empty,,t||0|0|0,true,true
P9_11_0_1_0,float,base_1_5,3fc00000,"[1, 1.5, 0]",const char*,base_hello,68656c6c6f,t|68656c6c6f|5|5|5,true,true
P9_11_0_2_0,float,base_1_5,3fc00000,"[1, 1.5, 0]",const char*,base_lines,6c696e65206f6e650a6c696e652074776f,t|6c696e65206f6e650a6c696e652074776f|17|17|17,true,true
P9_11_0_3_0,float,base_1_5,3fc00000,"[1, 1.5, 0]",const char*,clef,f09d849e,t|f09d849e|4|1|1,true,true
P9_11_0_4_0,float,base_1_5,3fc00000,"[1, 1.5, 0]",const char*,eacute,c3a9,t|c3a9|2|1|1,true,true
P9_11_0_5_0,float,base_1_5,3fc00000,"[1, 1.5, 0]",const char*,escapes,71756f74652022206261636b736c617368205c207461620968657265,t|71756f74652022206261636b736c617368205c207461620968657265|28|28|28,true,true
P9_11_1_0_0,float,base_pi,40490fdb,"[1, 1.57079637050628662109375, 1]",const char*,base_empty,,t||0|0|0,true,true
P9_11_1_1_0,float,base_pi,40490fdb,"[1, 1.57079637050628662109375, 1]",const char*,base_hello,68656c6c6f,t|68656c6c6f|5|5|5,true,true
P9_11_1_2_0,float,base_pi,40490fdb,"[1, 1.57079637050628662109375, 1]",const char*,base_lines,6c696e65206f6e650a6c696e652074776f,t|6c696e65206f6e650a6c696e652074776f|17|17|17,true,true
P9_11_1_3_0,float,base_pi,40490fdb,"[1, 1.57079637050628662109375, 1]",const char*,clef,f09d849e,t|f09d849e|4|1|1,true,true
P9_11_1_4_0,float,base_pi,40490fdb,"[1, 1.57079637050628662109375, 1]",const char*,eacute,c3a9,t|c3a9|2|1|1,true,true
P9_11_1_5_0,float,base_pi,40490fdb,"[1, 1.57079637050628662109375, 1]",const char*,escapes,71756f74652022206261636b736c617368205c207461620968657265,t|71756f74652022206261636b736c617368205c207461620968657265|28|28|28,true,true
P9_11_2_0_0,float,inf,7f800000,"[1, inf]",const char*,base_empty,,t||0|0|0,true,true
P9_11_2_1_0,float,inf,7f800000,"[1, inf]",const char*,base_hello,68656c6c6f,t|68656c6c6f|5|5|5,true,true
P9_11_2_2_0,float,inf,7f800000,"[1, inf]",const char*,base_lines,6c696e65206f6e650a6c696e652074776f,t|6c696e65206f6e650a6c696e652074776f|17|17|17,true,true
P9_11_2_3_0,float,inf,7f800000,"[1, inf]",const char*,clef,f09d849e,t|f09d849e|4|1|1,true,true
P9_11_2_4_0,float,inf,7f800000,"[1, inf]",const char*,eacute,c3a9,t|c3a9|2|1|1,true,true
P9_11_2_5_0,float,inf,7f800000,"[1, inf]",const char*,escapes,71756f74652022206261636b736c617368205c207461620968657265,t|71756f74652022206261636b736c617368205c207461620968657265|28|28|28,true,true
P9_11_3_0_0,float,nan,7fc00000,nan,const char*,base_empty,,t||0|0|0,true,true
P9_11_3_1_0,float,nan,7fc00000,nan,const char*,base_hello,68656c6c6f,t|68656c6c6f|5|5|5,true,true
P9_11_3_2_0,float,nan,7fc00000,nan,const char*,base_lines,6c696e65206f6e650a6c696e652074776f,t|6c696e65206f6e650a6c696e652074776f|17|17|17,true,true
P9_11_3_3_0,float,nan,7fc00000,nan,const char*,clef,f09d849e,t|f09d849e|4|1|1,true,true
P9_11_3_4_0,float,nan,7fc00000,nan,const char*,eacute,c3a9,t|c3a9|2|1|1,true,true
P9_11_3_5_0,float,nan,7fc00000,nan,const char*,escapes,71756f74652022206261636b736c617368205c207461620968657265,t|71756f74652022206261636b736c617368205c207461620968657265|28|28|28,true,true
P9_11_4_0_0,float,negzero,80000000,"[-1, 0.0, 0]",const char*,base_empty,,t||0|0|0,false,false
P9_11_4_1_0,float,negzero,80000000,"[-1, 0.0, 0]",const char*,base_hello,68656c6c6f,t|68656c6c6f|5|5|5,false,false
P9_11_4_2_0,float,negzero,80000000,"[-1, 0.0, 0]",const char*,base_lines,6c696e65206f6e650a6c696e652074776f,t|6c696e65206f6e650a6c696e652074776f|17|17|17,false,false
P9_11_4_3_0,float,negzero,80000000,"[-1, 0.0, 0]",const char*,clef,f09d849e,t|f09d849e|4|1|1,false,false
P9_11_4_4_0,float,negzero,80000000,"[-1, 0.0, 0]",const char*,eacute,c3a9,t|c3a9|2|1|1,false,false
P9_11_4_5_0,float,negzero,80000000,"[-1, 0.0, 0]",const char*,escapes,71756f74652022206261636b736c617368205c207461620968657265,t|71756f74652022206261636b736c617368205c207461620968657265|28|28|28,false,false
P9_11_5_0_0,float,point1,3dcccccd,"[1, 1.60000002384185791015625, -4]",const char*,base_empty,,t||0|0|0,true,true
P9_11_5_1_0,float,point1,3dcccccd,"[1, 1.60000002384185791015625, -4]",const char*,base_hello,68656c6c6f,t|68656c6c6f|5|5|5,true,true
P9_11_5_2_0,float,point1,3dcccccd,"[1, 1.60000002384185791015625, -4]",const char*,base_lines,6c696e65206f6e650a6c696e652074776f,t|6c696e65206f6e650a6c696e652074776f|17|17|17,true,true
P9_11_5_3_0,float,point1,3dcccccd,"[1, 1.60000002384185791015625, -4]",const char*,clef,f09d849e,t|f09d849e|4|1|1,true,true
P9_11_5_4_0,float,point1,3dcccccd,"[1, 1.60000002384185791015625, -4]",const char*,eacute,c3a9,t|c3a9|2|1|1,true,true
P9_11_5_5_0,float,point1,3dcccccd,"[1, 1.60000002384185791015625, -4]",const char*,escapes,71756f74652022206261636b736c617368205c207461620968657265,t|71756f74652022206261636b736c617368205c207461620968657265|28|28|28,true,true
P9_14_0_0_0,float,base_1_5,3fc00000,"[1, 1.5, 0]",T[N] (C array),base,"[1, 2, 3]","c|[1, 1.0, 0],[1, 1.0, 1],[1, 1.5, 1]|integer|as-sorted",true,true
P9_14_0_2_0,float,base_1_5,3fc00000,"[1, 1.5, 0]",T[N] (C array),empty,[],c||empty|as-sorted,true,true
P9_14_0_4_0,float,base_1_5,3fc00000,"[1, 1.5, 0]",T[N] (C array),strs,"['a', 'b']","c|t|61|1|1|1,t|62|1|1|1|integer|as-sorted",true,true
P9_14_1_0_0,float,base_pi,40490fdb,"[1, 1.57079637050628662109375, 1]",T[N] (C array),base,"[1, 2, 3]","c|[1, 1.0, 0],[1, 1.0, 1],[1, 1.5, 1]|integer|as-sorted",true,true
P9_14_1_2_0,float,base_pi,40490fdb,"[1, 1.57079637050628662109375, 1]",T[N] (C array),empty,[],c||empty|as-sorted,true,true
P9_14_1_4_0,float,base_pi,40490fdb,"[1, 1.57079637050628662109375, 1]",T[N] (C array),strs,"['a', 'b']","c|t|61|1|1|1,t|62|1|1|1|integer|as-sorted",true,true
P9_14_2_0_0,float,inf,7f800000,"[1, inf]",T[N] (C array),base,"[1, 2, 3]","c|[1, 1.0, 0],[1, 1.0, 1],[1, 1.5, 1]|integer|as-sorted",true,true
P9_14_2_2_0,float,inf,7f800000,"[1, inf]",T[N] (C array),empty,[],c||empty|as-sorted,true,true
P9_14_2_4_0,float,inf,7f800000,"[1, inf]",T[N] (C array),strs,"['a', 'b']","c|t|61|1|1|1,t|62|1|1|1|integer|as-sorted",true,true
P9_14_3_0_0,float,nan,7fc00000,nan,T[N] (C array),base,"[1, 2, 3]","c|[1, 1.0, 0],[1, 1.0, 1],[1, 1.5, 1]|integer|as-sorted",true,true
P9_14_3_2_0,float,nan,7fc00000,nan,T[N] (C array),empty,[],c||empty|as-sorted,true,true
P9_14_3_4_0,float,nan,7fc00000,nan,T[N] (C array),strs,"['a', 'b']","c|t|61|1|1|1,t|62|1|1|1|integer|as-sorted",true,true
P9_14_4_0_0,float,negzero,80000000,"[-1, 0.0, 0]",T[N] (C array),base,"[1, 2, 3]","c|[1, 1.0, 0],[1, 1.0, 1],[1, 1.5, 1]|integer|as-sorted",false,false
P9_14_4_2_0,float,negzero,80000000,"[-1, 0.0, 0]",T[N] (C array),empty,[],c||empty|as-sorted,false,false
P9_14_4_4_0,float,negzero,80000000,"[-1, 0.0, 0]",T[N] (C array),strs,"['a', 'b']","c|t|61|1|1|1,t|62|1|1|1|integer|as-sorted",false,false
P9_14_5_0_0,float,point1,3dcccccd,"[1, 1.60000002384185791015625, -4]",T[N] (C array),base,"[1, 2, 3]","c|[1, 1.0, 0],[1, 1.0, 1],[1, 1.5, 1]|integer|as-sorted",true,true
P9_14_5_2_0,float,point1,3dcccccd,"[1, 1.60000002384185791015625, -4]",T[N] (C array),empty,[],c||empty|as-sorted,true,true
P9_14_5_4_0,float,point1,3dcccccd,"[1, 1.60000002384185791015625, -4]",T[N] (C array),strs,"['a', 'b']","c|t|61|1|1|1,t|62|1|1|1|integer|as-sorted",true,true
P11_1_0_0_0,const char*,base_empty,,t||0|0|0,std::nullptr_t,null,null,null,false,false
P11_1_1_0_0,const char*,base_hello,68656c6c6f,t|68656c6c6f|5|5|5,std::nullptr_t,null,null,null,false,false
P11_1_2_0_0,const char*,base_lines,6c696e65206f6e650a6c696e652074776f,t|6c696e65206f6e650a6c696e652074776f|17|17|17,std::nullptr_t,null,null,null,false,false
P11_1_3_0_0,const char*,clef,f09d849e,t|f09d849e|4|1|1,std::nullptr_t,null,null,null,false,false
P11_1_4_0_0,const char*,eacute,c3a9,t|c3a9|2|1|1,std::nullptr_t,null,null,null,false,false
P11_1_5_0_0,const char*,escapes,71756f74652022206261636b736c617368205c207461620968657265,t|71756f74652022206261636b736c617368205c207461620968657265|28|28|28,std::nullptr_t,null,null,null,false,false
P11_2_0_0_0,const char*,base_empty,,t||0|0|0,std::optional<int64_t>,null,null,null,false,false
P11_2_1_0_0,const char*,base_hello,68656c6c6f,t|68656c6c6f|5|5|5,std::optional<int64_t>,null,null,null,false,false
P11_2_2_0_0,const char*,base_lines,6c696e65206f6e650a6c696e652074776f,t|6c696e65206f6e650a6c696e652074776f|17|17|17,std::optional<int64_t>,null,null,null,false,false
P11_2_3_0_0,const char*,clef,f09d849e,t|f09d849e|4|1|1,std::optional<int64_t>,null,null,null,false,false
P11_2_4_0_0,const char*,eacute,c3a9,t|c3a9|2|1|1,std::optional<int64_t>,null,null,null,false,false
P11_2_5_0_0,const char*,escapes,71756f74652022206261636b736c617368205c207461620968657265,t|71756f74652022206261636b736c617368205c207461620968657265|28|28|28,std::optional<int64_t>,null,null,null,false,false
P11_3_0_0_0,const char*,base_empty,,t||0|0|0,bool,false,false,false,false,false
P11_3_0_1_0,const char*,base_empty,,t||0|0|0,bool,true,true,true,true,true
P11_3_1_0_0,const char*,base_hello,68656c6c6f,t|68656c6c6f|5|5|5,bool,false,false,false,false,false
P11_3_1_1_0,const char*,base_hello,68656c6c6f,t|68656c6c6f|5|5|5,bool,true,true,true,true,true
P11_3_2_0_0,const char*,base_lines,6c696e65206f6e650a6c696e652074776f,t|6c696e65206f6e650a6c696e652074776f|17|17|17,bool,false,false,false,false,false
P11_3_2_1_0,const char*,base_lines,6c696e65206f6e650a6c696e652074776f,t|6c696e65206f6e650a6c696e652074776f|17|17|17,bool,true,true,true,true,true
P11_3_3_0_0,const char*,clef,f09d849e,t|f09d849e|4|1|1,bool,false,false,false,false,false
P11_3_3_1_0,const char*,clef,f09d849e,t|f09d849e|4|1|1,bool,true,true,true,true,true
P11_3_4_0_0,const char*,eacute,c3a9,t|c3a9|2|1|1,bool,false,false,false,false,false
P11_3_4_1_0,const char*,eacute,c3a9,t|c3a9|2|1|1,bool,true,true,true,true,true
P11_3_5_0_0,const char*,escapes,71756f74652022206261636b736c617368205c207461620968657265,t|71756f74652022206261636b736c617368205c207461620968657265|28|28|28,bool,false,false,false,false,false
P11_3_5_1_0,const char*,escapes,71756f74652022206261636b736c617368205c207461620968657265,t|71756f74652022206261636b736c617368205c207461620968657265|28|28|28,bool,true,true,true,true,true
P11_4_0_0_0,const char*,base_empty,,t||0|0|0,int32_t,base_42,0000002a,"[1, 1.3125, 5]",true,true
P11_4_0_1_0,const char*,base_empty,,t||0|0|0,int32_t,base_zero,00000000,"[1, 0.0, 0]",false,false
P11_4_0_2_0,const char*,base_empty,,t||0|0|0,int32_t,i64max,ffffffff,"[-1, 1.0, 0]",true,true
P11_4_0_3_0,const char*,base_empty,,t||0|0|0,int32_t,i64max_plus1,00000000,"[1, 0.0, 0]",false,false
P11_4_0_4_0,const char*,base_empty,,t||0|0|0,int32_t,p53_plus1,00000001,"[1, 1.0, 0]",true,true
P11_4_0_5_0,const char*,base_empty,,t||0|0|0,int32_t,u64max,ffffffff,"[-1, 1.0, 0]",true,true
P11_4_1_0_0,const char*,base_hello,68656c6c6f,t|68656c6c6f|5|5|5,int32_t,base_42,0000002a,"[1, 1.3125, 5]",true,true
P11_4_1_1_0,const char*,base_hello,68656c6c6f,t|68656c6c6f|5|5|5,int32_t,base_zero,00000000,"[1, 0.0, 0]",false,false
P11_4_1_2_0,const char*,base_hello,68656c6c6f,t|68656c6c6f|5|5|5,int32_t,i64max,ffffffff,"[-1, 1.0, 0]",true,true
P11_4_1_3_0,const char*,base_hello,68656c6c6f,t|68656c6c6f|5|5|5,int32_t,i64max_plus1,00000000,"[1, 0.0, 0]",false,false
P11_4_1_4_0,const char*,base_hello,68656c6c6f,t|68656c6c6f|5|5|5,int32_t,p53_plus1,00000001,"[1, 1.0, 0]",true,true
P11_4_1_5_0,const char*,base_hello,68656c6c6f,t|68656c6c6f|5|5|5,int32_t,u64max,ffffffff,"[-1, 1.0, 0]",true,true
P11_4_2_0_0,const char*,base_lines,6c696e65206f6e650a6c696e652074776f,t|6c696e65206f6e650a6c696e652074776f|17|17|17,int32_t,base_42,0000002a,"[1, 1.3125, 5]",true,true
P11_4_2_1_0,const char*,base_lines,6c696e65206f6e650a6c696e652074776f,t|6c696e65206f6e650a6c696e652074776f|17|17|17,int32_t,base_zero,00000000,"[1, 0.0, 0]",false,false
P11_4_2_2_0,const char*,base_lines,6c696e65206f6e650a6c696e652074776f,t|6c696e65206f6e650a6c696e652074776f|17|17|17,int32_t,i64max,ffffffff,"[-1, 1.0, 0]",true,true
P11_4_2_3_0,const char*,base_lines,6c696e65206f6e650a6c696e652074776f,t|6c696e65206f6e650a6c696e652074776f|17|17|17,int32_t,i64max_plus1,00000000,"[1, 0.0, 0]",false,false
P11_4_2_4_0,const char*,base_lines,6c696e65206f6e650a6c696e652074776f,t|6c696e65206f6e650a6c696e652074776f|17|17|17,int32_t,p53_plus1,00000001,"[1, 1.0, 0]",true,true
P11_4_2_5_0,const char*,base_lines,6c696e65206f6e650a6c696e652074776f,t|6c696e65206f6e650a6c696e652074776f|17|17|17,int32_t,u64max,ffffffff,"[-1, 1.0, 0]",true,true
P11_4_3_0_0,const char*,clef,f09d849e,t|f09d849e|4|1|1,int32_t,base_42,0000002a,"[1, 1.3125, 5]",true,true
P11_4_3_1_0,const char*,clef,f09d849e,t|f09d849e|4|1|1,int32_t,base_zero,00000000,"[1, 0.0, 0]",false,false
P11_4_3_2_0,const char*,clef,f09d849e,t|f09d849e|4|1|1,int32_t,i64max,ffffffff,"[-1, 1.0, 0]",true,true
P11_4_3_3_0,const char*,clef,f09d849e,t|f09d849e|4|1|1,int32_t,i64max_plus1,00000000,"[1, 0.0, 0]",false,false
P11_4_3_4_0,const char*,clef,f09d849e,t|f09d849e|4|1|1,int32_t,p53_plus1,00000001,"[1, 1.0, 0]",true,true
P11_4_3_5_0,const char*,clef,f09d849e,t|f09d849e|4|1|1,int32_t,u64max,ffffffff,"[-1, 1.0, 0]",true,true
P11_4_4_0_0,const char*,eacute,c3a9,t|c3a9|2|1|1,int32_t,base_42,0000002a,"[1, 1.3125, 5]",true,true
P11_4_4_1_0,const char*,eacute,c3a9,t|c3a9|2|1|1,int32_t,base_zero,00000000,"[1, 0.0, 0]",false,false
P11_4_4_2_0,const char*,eacute,c3a9,t|c3a9|2|1|1,int32_t,i64max,ffffffff,"[-1, 1.0, 0]",true,true
P11_4_4_3_0,const char*,eacute,c3a9,t|c3a9|2|1|1,int32_t,i64max_plus1,00000000,"[1, 0.0, 0]",false,false
P11_4_4_4_0,const char*,eacute,c3a9,t|c3a9|2|1|1,int32_t,p53_plus1,00000001,"[1, 1.0, 0]",true,true
P11_4_4_5_0,const char*,eacute,c3a9,t|c3a9|2|1|1,int32_t,u64max,ffffffff,"[-1, 1.0, 0]",true,true
P11_4_5_0_0,const char*,escapes,71756f74652022206261636b736c617368205c207461620968657265,t|71756f74652022206261636b736c617368205c207461620968657265|28|28|28,int32_t,base_42,0000002a,"[1, 1.3125, 5]",true,true
P11_4_5_1_0,const char*,escapes,71756f74652022206261636b736c617368205c207461620968657265,t|71756f74652022206261636b736c617368205c207461620968657265|28|28|28,int32_t,base_zero,00000000,"[1, 0.0, 0]",false,false
P11_4_5_2_0,const char*,escapes,71756f74652022206261636b736c617368205c207461620968657265,t|71756f74652022206261636b736c617368205c207461620968657265|28|28|28,int32_t,i64max,ffffffff,"[-1, 1.0, 0]",true,true
P11_4_5_3_0,const char*,escapes,71756f74652022206261636b736c617368205c207461620968657265,t|71756f74652022206261636b736c617368205c207461620968657265|28|28|28,int32_t,i64max_plus1,00000000,"[1, 0.0, 0]",false,false
P11_4_5_4_0,const char*,escapes,71756f74652022206261636b736c617368205c207461620968657265,t|71756f74652022206261636b736c617368205c207461620968657265|28|28|28,int32_t,p53_plus1,00000001,"[1, 1.0, 0]",true,true
P11_4_5_5_0,const char*,escapes,71756f74652022206261636b736c617368205c207461620968657265,t|71756f74652022206261636b736c617368205c207461620968657265|28|28|28,int32_t,u64max,ffffffff,"[-1, 1.0, 0]",true,true
P11_5_0_0_0,const char*,base_empty,,t||0|0|0,int64_t,base_42,000000000000002a,"[1, 1.3125, 5]",true,true
P11_5_0_1_0,const char*,base_empty,,t||0|0|0,int64_t,base_zero,0000000000000000,"[1, 0.0, 0]",false,false
P11_5_0_2_0,const char*,base_empty,,t||0|0|0,int64_t,i64max,7fffffffffffffff,"[1, 1.9999999999999999997831595655029, 62]",true,true
P11_5_0_3_0,const char*,base_empty,,t||0|0|0,int64_t,i64max_plus1,8000000000000000,"[-1, 1.0, 63]",true,true
P11_5_0_4_0,const char*,base_empty,,t||0|0|0,int64_t,p53_plus1,0020000000000001,"[1, 1.0000000000000001110223024625157, 53]",true,true
P11_5_0_5_0,const char*,base_empty,,t||0|0|0,int64_t,u64max,ffffffffffffffff,"[-1, 1.0, 0]",true,true
P11_5_1_0_0,const char*,base_hello,68656c6c6f,t|68656c6c6f|5|5|5,int64_t,base_42,000000000000002a,"[1, 1.3125, 5]",true,true
P11_5_1_1_0,const char*,base_hello,68656c6c6f,t|68656c6c6f|5|5|5,int64_t,base_zero,0000000000000000,"[1, 0.0, 0]",false,false
P11_5_1_2_0,const char*,base_hello,68656c6c6f,t|68656c6c6f|5|5|5,int64_t,i64max,7fffffffffffffff,"[1, 1.9999999999999999997831595655029, 62]",true,true
P11_5_1_3_0,const char*,base_hello,68656c6c6f,t|68656c6c6f|5|5|5,int64_t,i64max_plus1,8000000000000000,"[-1, 1.0, 63]",true,true
P11_5_1_4_0,const char*,base_hello,68656c6c6f,t|68656c6c6f|5|5|5,int64_t,p53_plus1,0020000000000001,"[1, 1.0000000000000001110223024625157, 53]",true,true
P11_5_1_5_0,const char*,base_hello,68656c6c6f,t|68656c6c6f|5|5|5,int64_t,u64max,ffffffffffffffff,"[-1, 1.0, 0]",true,true
P11_5_2_0_0,const char*,base_lines,6c696e65206f6e650a6c696e652074776f,t|6c696e65206f6e650a6c696e652074776f|17|17|17,int64_t,base_42,000000000000002a,"[1, 1.3125, 5]",true,true
P11_5_2_1_0,const char*,base_lines,6c696e65206f6e650a6c696e652074776f,t|6c696e65206f6e650a6c696e652074776f|17|17|17,int64_t,base_zero,0000000000000000,"[1, 0.0, 0]",false,false
P11_5_2_2_0,const char*,base_lines,6c696e65206f6e650a6c696e652074776f,t|6c696e65206f6e650a6c696e652074776f|17|17|17,int64_t,i64max,7fffffffffffffff,"[1, 1.9999999999999999997831595655029, 62]",true,true
P11_5_2_3_0,const char*,base_lines,6c696e65206f6e650a6c696e652074776f,t|6c696e65206f6e650a6c696e652074776f|17|17|17,int64_t,i64max_plus1,8000000000000000,"[-1, 1.0, 63]",true,true
P11_5_2_4_0,const char*,base_lines,6c696e65206f6e650a6c696e652074776f,t|6c696e65206f6e650a6c696e652074776f|17|17|17,int64_t,p53_plus1,0020000000000001,"[1, 1.0000000000000001110223024625157, 53]",true,true
P11_5_2_5_0,const char*,base_lines,6c696e65206f6e650a6c696e652074776f,t|6c696e65206f6e650a6c696e652074776f|17|17|17,int64_t,u64max,ffffffffffffffff,"[-1, 1.0, 0]",true,true
P11_5_3_0_0,const char*,clef,f09d849e,t|f09d849e|4|1|1,int64_t,base_42,000000000000002a,"[1, 1.3125, 5]",true,true
P11_5_3_1_0,const char*,clef,f09d849e,t|f09d849e|4|1|1,int64_t,base_zero,0000000000000000,"[1, 0.0, 0]",false,false
P11_5_3_2_0,const char*,clef,f09d849e,t|f09d849e|4|1|1,int64_t,i64max,7fffffffffffffff,"[1, 1.9999999999999999997831595655029, 62]",true,true
P11_5_3_3_0,const char*,clef,f09d849e,t|f09d849e|4|1|1,int64_t,i64max_plus1,8000000000000000,"[-1, 1.0, 63]",true,true
P11_5_3_4_0,const char*,clef,f09d849e,t|f09d849e|4|1|1,int64_t,p53_plus1,0020000000000001,"[1, 1.0000000000000001110223024625157, 53]",true,true
P11_5_3_5_0,const char*,clef,f09d849e,t|f09d849e|4|1|1,int64_t,u64max,ffffffffffffffff,"[-1, 1.0, 0]",true,true
P11_5_4_0_0,const char*,eacute,c3a9,t|c3a9|2|1|1,int64_t,base_42,000000000000002a,"[1, 1.3125, 5]",true,true
P11_5_4_1_0,const char*,eacute,c3a9,t|c3a9|2|1|1,int64_t,base_zero,0000000000000000,"[1, 0.0, 0]",false,false
P11_5_4_2_0,const char*,eacute,c3a9,t|c3a9|2|1|1,int64_t,i64max,7fffffffffffffff,"[1, 1.9999999999999999997831595655029, 62]",true,true
P11_5_4_3_0,const char*,eacute,c3a9,t|c3a9|2|1|1,int64_t,i64max_plus1,8000000000000000,"[-1, 1.0, 63]",true,true
P11_5_4_4_0,const char*,eacute,c3a9,t|c3a9|2|1|1,int64_t,p53_plus1,0020000000000001,"[1, 1.0000000000000001110223024625157, 53]",true,true
P11_5_4_5_0,const char*,eacute,c3a9,t|c3a9|2|1|1,int64_t,u64max,ffffffffffffffff,"[-1, 1.0, 0]",true,true
P11_5_5_0_0,const char*,escapes,71756f74652022206261636b736c617368205c207461620968657265,t|71756f74652022206261636b736c617368205c207461620968657265|28|28|28,int64_t,base_42,000000000000002a,"[1, 1.3125, 5]",true,true
P11_5_5_1_0,const char*,escapes,71756f74652022206261636b736c617368205c207461620968657265,t|71756f74652022206261636b736c617368205c207461620968657265|28|28|28,int64_t,base_zero,0000000000000000,"[1, 0.0, 0]",false,false
P11_5_5_2_0,const char*,escapes,71756f74652022206261636b736c617368205c207461620968657265,t|71756f74652022206261636b736c617368205c207461620968657265|28|28|28,int64_t,i64max,7fffffffffffffff,"[1, 1.9999999999999999997831595655029, 62]",true,true
P11_5_5_3_0,const char*,escapes,71756f74652022206261636b736c617368205c207461620968657265,t|71756f74652022206261636b736c617368205c207461620968657265|28|28|28,int64_t,i64max_plus1,8000000000000000,"[-1, 1.0, 63]",true,true
P11_5_5_4_0,const char*,escapes,71756f74652022206261636b736c617368205c207461620968657265,t|71756f74652022206261636b736c617368205c207461620968657265|28|28|28,int64_t,p53_plus1,0020000000000001,"[1, 1.0000000000000001110223024625157, 53]",true,true
P11_5_5_5_0,const char*,escapes,71756f74652022206261636b736c617368205c207461620968657265,t|71756f74652022206261636b736c617368205c207461620968657265|28|28|28,int64_t,u64max,ffffffffffffffff,"[-1, 1.0, 0]",true,true
P11_6_0_0_0,const char*,base_empty,,t||0|0|0,uint64_t,base_42,000000000000002a,"[1, 1.3125, 5]",true,true
P11_6_0_1_0,const char*,base_empty,,t||0|0|0,uint64_t,base_zero,0000000000000000,"[1, 0.0, 0]",false,false
P11_6_0_2_0,const char*,base_empty,,t||0|0|0,uint64_t,i64max,7fffffffffffffff,"[1, 1.9999999999999999997831595655029, 62]",true,true
P11_6_0_3_0,const char*,base_empty,,t||0|0|0,uint64_t,i64max_plus1,8000000000000000,"[1, 1.0, 63]",true,true
P11_6_0_4_0,const char*,base_empty,,t||0|0|0,uint64_t,p53_plus1,0020000000000001,"[1, 1.0000000000000001110223024625157, 53]",true,true
P11_6_0_5_0,const char*,base_empty,,t||0|0|0,uint64_t,u64max,ffffffffffffffff,"[1, 1.9999999999999999998915797827514, 63]",true,true
P11_6_1_0_0,const char*,base_hello,68656c6c6f,t|68656c6c6f|5|5|5,uint64_t,base_42,000000000000002a,"[1, 1.3125, 5]",true,true
P11_6_1_1_0,const char*,base_hello,68656c6c6f,t|68656c6c6f|5|5|5,uint64_t,base_zero,0000000000000000,"[1, 0.0, 0]",false,false
P11_6_1_2_0,const char*,base_hello,68656c6c6f,t|68656c6c6f|5|5|5,uint64_t,i64max,7fffffffffffffff,"[1, 1.9999999999999999997831595655029, 62]",true,true
P11_6_1_3_0,const char*,base_hello,68656c6c6f,t|68656c6c6f|5|5|5,uint64_t,i64max_plus1,8000000000000000,"[1, 1.0, 63]",true,true
P11_6_1_4_0,const char*,base_hello,68656c6c6f,t|68656c6c6f|5|5|5,uint64_t,p53_plus1,0020000000000001,"[1, 1.0000000000000001110223024625157, 53]",true,true
P11_6_1_5_0,const char*,base_hello,68656c6c6f,t|68656c6c6f|5|5|5,uint64_t,u64max,ffffffffffffffff,"[1, 1.9999999999999999998915797827514, 63]",true,true
P11_6_2_0_0,const char*,base_lines,6c696e65206f6e650a6c696e652074776f,t|6c696e65206f6e650a6c696e652074776f|17|17|17,uint64_t,base_42,000000000000002a,"[1, 1.3125, 5]",true,true
P11_6_2_1_0,const char*,base_lines,6c696e65206f6e650a6c696e652074776f,t|6c696e65206f6e650a6c696e652074776f|17|17|17,uint64_t,base_zero,0000000000000000,"[1, 0.0, 0]",false,false
P11_6_2_2_0,const char*,base_lines,6c696e65206f6e650a6c696e652074776f,t|6c696e65206f6e650a6c696e652074776f|17|17|17,uint64_t,i64max,7fffffffffffffff,"[1, 1.9999999999999999997831595655029, 62]",true,true
P11_6_2_3_0,const char*,base_lines,6c696e65206f6e650a6c696e652074776f,t|6c696e65206f6e650a6c696e652074776f|17|17|17,uint64_t,i64max_plus1,8000000000000000,"[1, 1.0, 63]",true,true
P11_6_2_4_0,const char*,base_lines,6c696e65206f6e650a6c696e652074776f,t|6c696e65206f6e650a6c696e652074776f|17|17|17,uint64_t,p53_plus1,0020000000000001,"[1, 1.0000000000000001110223024625157, 53]",true,true
P11_6_2_5_0,const char*,base_lines,6c696e65206f6e650a6c696e652074776f,t|6c696e65206f6e650a6c696e652074776f|17|17|17,uint64_t,u64max,ffffffffffffffff,"[1, 1.9999999999999999998915797827514, 63]",true,true
P11_6_3_0_0,const char*,clef,f09d849e,t|f09d849e|4|1|1,uint64_t,base_42,000000000000002a,"[1, 1.3125, 5]",true,true
P11_6_3_1_0,const char*,clef,f09d849e,t|f09d849e|4|1|1,uint64_t,base_zero,0000000000000000,"[1, 0.0, 0]",false,false
P11_6_3_2_0,const char*,clef,f09d849e,t|f09d849e|4|1|1,uint64_t,i64max,7fffffffffffffff,"[1, 1.9999999999999999997831595655029, 62]",true,true
P11_6_3_3_0,const char*,clef,f09d849e,t|f09d849e|4|1|1,uint64_t,i64max_plus1,8000000000000000,"[1, 1.0, 63]",true,true
P11_6_3_4_0,const char*,clef,f09d849e,t|f09d849e|4|1|1,uint64_t,p53_plus1,0020000000000001,"[1, 1.0000000000000001110223024625157, 53]",true,true
P11_6_3_5_0,const char*,clef,f09d849e,t|f09d849e|4|1|1,uint64_t,u64max,ffffffffffffffff,"[1, 1.9999999999999999998915797827514, 63]",true,true
P11_6_4_0_0,const char*,eacute,c3a9,t|c3a9|2|1|1,uint64_t,base_42,000000000000002a,"[1, 1.3125, 5]",true,true
P11_6_4_1_0,const char*,eacute,c3a9,t|c3a9|2|1|1,uint64_t,base_zero,0000000000000000,"[1, 0.0, 0]",false,false
P11_6_4_2_0,const char*,eacute,c3a9,t|c3a9|2|1|1,uint64_t,i64max,7fffffffffffffff,"[1, 1.9999999999999999997831595655029, 62]",true,true
P11_6_4_3_0,const char*,eacute,c3a9,t|c3a9|2|1|1,uint64_t,i64max_plus1,8000000000000000,"[1, 1.0, 63]",true,true
P11_6_4_4_0,const char*,eacute,c3a9,t|c3a9|2|1|1,uint64_t,p53_plus1,0020000000000001,"[1, 1.0000000000000001110223024625157, 53]",true,true
P11_6_4_5_0,const char*,eacute,c3a9,t|c3a9|2|1|1,uint64_t,u64max,ffffffffffffffff,"[1, 1.9999999999999999998915797827514, 63]",true,true
P11_6_5_0_0,const char*,escapes,71756f74652022206261636b736c617368205c207461620968657265,t|71756f74652022206261636b736c617368205c207461620968657265|28|28|28,uint64_t,base_42,000000000000002a,"[1, 1.3125, 5]",true,true
P11_6_5_1_0,const char*,escapes,71756f74652022206261636b736c617368205c207461620968657265,t|71756f74652022206261636b736c617368205c207461620968657265|28|28|28,uint64_t,base_zero,0000000000000000,"[1, 0.0, 0]",false,false
P11_6_5_2_0,const char*,escapes,71756f74652022206261636b736c617368205c207461620968657265,t|71756f74652022206261636b736c617368205c207461620968657265|28|28|28,uint64_t,i64max,7fffffffffffffff,"[1, 1.9999999999999999997831595655029, 62]",true,true
P11_6_5_3_0,const char*,escapes,71756f74652022206261636b736c617368205c207461620968657265,t|71756f74652022206261636b736c617368205c207461620968657265|28|28|28,uint64_t,i64max_plus1,8000000000000000,"[1, 1.0, 63]",true,true
P11_6_5_4_0,const char*,escapes,71756f74652022206261636b736c617368205c207461620968657265,t|71756f74652022206261636b736c617368205c207461620968657265|28|28|28,uint64_t,p53_plus1,0020000000000001,"[1, 1.0000000000000001110223024625157, 53]",true,true
P11_6_5_5_0,const char*,escapes,71756f74652022206261636b736c617368205c207461620968657265,t|71756f74652022206261636b736c617368205c207461620968657265|28|28|28,uint64_t,u64max,ffffffffffffffff,"[1, 1.9999999999999999998915797827514, 63]",true,true
P11_7_0_0_0,const char*,base_empty,,t||0|0|0,__int128,base_42,0000000000000000000000000000002a,"[1, 1.3125, 5]",true,true
P11_7_0_1_0,const char*,base_empty,,t||0|0|0,__int128,base_zero,00000000000000000000000000000000,"[1, 0.0, 0]",false,false
P11_7_0_2_0,const char*,base_empty,,t||0|0|0,__int128,i64max,00000000000000007fffffffffffffff,"[1, 1.9999999999999999997831595655029, 62]",true,true
P11_7_0_3_0,const char*,base_empty,,t||0|0|0,__int128,i64max_plus1,00000000000000008000000000000000,"[1, 1.0, 63]",true,true
P11_7_0_4_0,const char*,base_empty,,t||0|0|0,__int128,p53_plus1,00000000000000000020000000000001,"[1, 1.0000000000000001110223024625157, 53]",true,true
P11_7_0_5_0,const char*,base_empty,,t||0|0|0,__int128,u64max,0000000000000000ffffffffffffffff,"[1, 1.9999999999999999998915797827514, 63]",true,true
P11_7_1_0_0,const char*,base_hello,68656c6c6f,t|68656c6c6f|5|5|5,__int128,base_42,0000000000000000000000000000002a,"[1, 1.3125, 5]",true,true
P11_7_1_1_0,const char*,base_hello,68656c6c6f,t|68656c6c6f|5|5|5,__int128,base_zero,00000000000000000000000000000000,"[1, 0.0, 0]",false,false
P11_7_1_2_0,const char*,base_hello,68656c6c6f,t|68656c6c6f|5|5|5,__int128,i64max,00000000000000007fffffffffffffff,"[1, 1.9999999999999999997831595655029, 62]",true,true
P11_7_1_3_0,const char*,base_hello,68656c6c6f,t|68656c6c6f|5|5|5,__int128,i64max_plus1,00000000000000008000000000000000,"[1, 1.0, 63]",true,true
P11_7_1_4_0,const char*,base_hello,68656c6c6f,t|68656c6c6f|5|5|5,__int128,p53_plus1,00000000000000000020000000000001,"[1, 1.0000000000000001110223024625157, 53]",true,true
P11_7_1_5_0,const char*,base_hello,68656c6c6f,t|68656c6c6f|5|5|5,__int128,u64max,0000000000000000ffffffffffffffff,"[1, 1.9999999999999999998915797827514, 63]",true,true
P11_7_2_0_0,const char*,base_lines,6c696e65206f6e650a6c696e652074776f,t|6c696e65206f6e650a6c696e652074776f|17|17|17,__int128,base_42,0000000000000000000000000000002a,"[1, 1.3125, 5]",true,true
P11_7_2_1_0,const char*,base_lines,6c696e65206f6e650a6c696e652074776f,t|6c696e65206f6e650a6c696e652074776f|17|17|17,__int128,base_zero,00000000000000000000000000000000,"[1, 0.0, 0]",false,false
P11_7_2_2_0,const char*,base_lines,6c696e65206f6e650a6c696e652074776f,t|6c696e65206f6e650a6c696e652074776f|17|17|17,__int128,i64max,00000000000000007fffffffffffffff,"[1, 1.9999999999999999997831595655029, 62]",true,true
P11_7_2_3_0,const char*,base_lines,6c696e65206f6e650a6c696e652074776f,t|6c696e65206f6e650a6c696e652074776f|17|17|17,__int128,i64max_plus1,00000000000000008000000000000000,"[1, 1.0, 63]",true,true
P11_7_2_4_0,const char*,base_lines,6c696e65206f6e650a6c696e652074776f,t|6c696e65206f6e650a6c696e652074776f|17|17|17,__int128,p53_plus1,00000000000000000020000000000001,"[1, 1.0000000000000001110223024625157, 53]",true,true
P11_7_2_5_0,const char*,base_lines,6c696e65206f6e650a6c696e652074776f,t|6c696e65206f6e650a6c696e652074776f|17|17|17,__int128,u64max,0000000000000000ffffffffffffffff,"[1, 1.9999999999999999998915797827514, 63]",true,true
P11_7_3_0_0,const char*,clef,f09d849e,t|f09d849e|4|1|1,__int128,base_42,0000000000000000000000000000002a,"[1, 1.3125, 5]",true,true
P11_7_3_1_0,const char*,clef,f09d849e,t|f09d849e|4|1|1,__int128,base_zero,00000000000000000000000000000000,"[1, 0.0, 0]",false,false
P11_7_3_2_0,const char*,clef,f09d849e,t|f09d849e|4|1|1,__int128,i64max,00000000000000007fffffffffffffff,"[1, 1.9999999999999999997831595655029, 62]",true,true
P11_7_3_3_0,const char*,clef,f09d849e,t|f09d849e|4|1|1,__int128,i64max_plus1,00000000000000008000000000000000,"[1, 1.0, 63]",true,true
P11_7_3_4_0,const char*,clef,f09d849e,t|f09d849e|4|1|1,__int128,p53_plus1,00000000000000000020000000000001,"[1, 1.0000000000000001110223024625157, 53]",true,true
P11_7_3_5_0,const char*,clef,f09d849e,t|f09d849e|4|1|1,__int128,u64max,0000000000000000ffffffffffffffff,"[1, 1.9999999999999999998915797827514, 63]",true,true
P11_7_4_0_0,const char*,eacute,c3a9,t|c3a9|2|1|1,__int128,base_42,0000000000000000000000000000002a,"[1, 1.3125, 5]",true,true
P11_7_4_1_0,const char*,eacute,c3a9,t|c3a9|2|1|1,__int128,base_zero,00000000000000000000000000000000,"[1, 0.0, 0]",false,false
P11_7_4_2_0,const char*,eacute,c3a9,t|c3a9|2|1|1,__int128,i64max,00000000000000007fffffffffffffff,"[1, 1.9999999999999999997831595655029, 62]",true,true
P11_7_4_3_0,const char*,eacute,c3a9,t|c3a9|2|1|1,__int128,i64max_plus1,00000000000000008000000000000000,"[1, 1.0, 63]",true,true
P11_7_4_4_0,const char*,eacute,c3a9,t|c3a9|2|1|1,__int128,p53_plus1,00000000000000000020000000000001,"[1, 1.0000000000000001110223024625157, 53]",true,true
P11_7_4_5_0,const char*,eacute,c3a9,t|c3a9|2|1|1,__int128,u64max,0000000000000000ffffffffffffffff,"[1, 1.9999999999999999998915797827514, 63]",true,true
P11_7_5_0_0,const char*,escapes,71756f74652022206261636b736c617368205c207461620968657265,t|71756f74652022206261636b736c617368205c207461620968657265|28|28|28,__int128,base_42,0000000000000000000000000000002a,"[1, 1.3125, 5]",true,true
P11_7_5_1_0,const char*,escapes,71756f74652022206261636b736c617368205c207461620968657265,t|71756f74652022206261636b736c617368205c207461620968657265|28|28|28,__int128,base_zero,00000000000000000000000000000000,"[1, 0.0, 0]",false,false
P11_7_5_2_0,const char*,escapes,71756f74652022206261636b736c617368205c207461620968657265,t|71756f74652022206261636b736c617368205c207461620968657265|28|28|28,__int128,i64max,00000000000000007fffffffffffffff,"[1, 1.9999999999999999997831595655029, 62]",true,true
P11_7_5_3_0,const char*,escapes,71756f74652022206261636b736c617368205c207461620968657265,t|71756f74652022206261636b736c617368205c207461620968657265|28|28|28,__int128,i64max_plus1,00000000000000008000000000000000,"[1, 1.0, 63]",true,true
P11_7_5_4_0,const char*,escapes,71756f74652022206261636b736c617368205c207461620968657265,t|71756f74652022206261636b736c617368205c207461620968657265|28|28|28,__int128,p53_plus1,00000000000000000020000000000001,"[1, 1.0000000000000001110223024625157, 53]",true,true
P11_7_5_5_0,const char*,escapes,71756f74652022206261636b736c617368205c207461620968657265,t|71756f74652022206261636b736c617368205c207461620968657265|28|28|28,__int128,u64max,0000000000000000ffffffffffffffff,"[1, 1.9999999999999999998915797827514, 63]",true,true
P11_8_0_0_0,const char*,base_empty,,t||0|0|0,double,base_1_5,3ff8000000000000,"[1, 1.5, 0]",true,true
P11_8_0_1_0,const char*,base_empty,,t||0|0|0,double,base_pi,400921fb54442d18,"[1, 1.5707963267948965579989817342721, 1]",true,true
P11_8_0_2_0,const char*,base_empty,,t||0|0|0,double,inf,7ff0000000000000,"[1, inf]",true,true
P11_8_0_3_0,const char*,base_empty,,t||0|0|0,double,nan,7ff8000000000000,nan,true,true
P11_8_0_4_0,const char*,base_empty,,t||0|0|0,double,negzero,8000000000000000,"[-1, 0.0, 0]",false,false
P11_8_0_5_0,const char*,base_empty,,t||0|0|0,double,point1,3fb999999999999a,"[1, 1.6000000000000000888178419700125, -4]",true,true
P11_8_1_0_0,const char*,base_hello,68656c6c6f,t|68656c6c6f|5|5|5,double,base_1_5,3ff8000000000000,"[1, 1.5, 0]",true,true
P11_8_1_1_0,const char*,base_hello,68656c6c6f,t|68656c6c6f|5|5|5,double,base_pi,400921fb54442d18,"[1, 1.5707963267948965579989817342721, 1]",true,true
P11_8_1_2_0,const char*,base_hello,68656c6c6f,t|68656c6c6f|5|5|5,double,inf,7ff0000000000000,"[1, inf]",true,true
P11_8_1_3_0,const char*,base_hello,68656c6c6f,t|68656c6c6f|5|5|5,double,nan,7ff8000000000000,nan,true,true
P11_8_1_4_0,const char*,base_hello,68656c6c6f,t|68656c6c6f|5|5|5,double,negzero,8000000000000000,"[-1, 0.0, 0]",false,false
P11_8_1_5_0,const char*,base_hello,68656c6c6f,t|68656c6c6f|5|5|5,double,point1,3fb999999999999a,"[1, 1.6000000000000000888178419700125, -4]",true,true
P11_8_2_0_0,const char*,base_lines,6c696e65206f6e650a6c696e652074776f,t|6c696e65206f6e650a6c696e652074776f|17|17|17,double,base_1_5,3ff8000000000000,"[1, 1.5, 0]",true,true
P11_8_2_1_0,const char*,base_lines,6c696e65206f6e650a6c696e652074776f,t|6c696e65206f6e650a6c696e652074776f|17|17|17,double,base_pi,400921fb54442d18,"[1, 1.5707963267948965579989817342721, 1]",true,true
P11_8_2_2_0,const char*,base_lines,6c696e65206f6e650a6c696e652074776f,t|6c696e65206f6e650a6c696e652074776f|17|17|17,double,inf,7ff0000000000000,"[1, inf]",true,true
P11_8_2_3_0,const char*,base_lines,6c696e65206f6e650a6c696e652074776f,t|6c696e65206f6e650a6c696e652074776f|17|17|17,double,nan,7ff8000000000000,nan,true,true
P11_8_2_4_0,const char*,base_lines,6c696e65206f6e650a6c696e652074776f,t|6c696e65206f6e650a6c696e652074776f|17|17|17,double,negzero,8000000000000000,"[-1, 0.0, 0]",false,false
P11_8_2_5_0,const char*,base_lines,6c696e65206f6e650a6c696e652074776f,t|6c696e65206f6e650a6c696e652074776f|17|17|17,double,point1,3fb999999999999a,"[1, 1.6000000000000000888178419700125, -4]",true,true
P11_8_3_0_0,const char*,clef,f09d849e,t|f09d849e|4|1|1,double,base_1_5,3ff8000000000000,"[1, 1.5, 0]",true,true
P11_8_3_1_0,const char*,clef,f09d849e,t|f09d849e|4|1|1,double,base_pi,400921fb54442d18,"[1, 1.5707963267948965579989817342721, 1]",true,true
P11_8_3_2_0,const char*,clef,f09d849e,t|f09d849e|4|1|1,double,inf,7ff0000000000000,"[1, inf]",true,true
P11_8_3_3_0,const char*,clef,f09d849e,t|f09d849e|4|1|1,double,nan,7ff8000000000000,nan,true,true
P11_8_3_4_0,const char*,clef,f09d849e,t|f09d849e|4|1|1,double,negzero,8000000000000000,"[-1, 0.0, 0]",false,false
P11_8_3_5_0,const char*,clef,f09d849e,t|f09d849e|4|1|1,double,point1,3fb999999999999a,"[1, 1.6000000000000000888178419700125, -4]",true,true
P11_8_4_0_0,const char*,eacute,c3a9,t|c3a9|2|1|1,double,base_1_5,3ff8000000000000,"[1, 1.5, 0]",true,true
P11_8_4_1_0,const char*,eacute,c3a9,t|c3a9|2|1|1,double,base_pi,400921fb54442d18,"[1, 1.5707963267948965579989817342721, 1]",true,true
P11_8_4_2_0,const char*,eacute,c3a9,t|c3a9|2|1|1,double,inf,7ff0000000000000,"[1, inf]",true,true
P11_8_4_3_0,const char*,eacute,c3a9,t|c3a9|2|1|1,double,nan,7ff8000000000000,nan,true,true
P11_8_4_4_0,const char*,eacute,c3a9,t|c3a9|2|1|1,double,negzero,8000000000000000,"[-1, 0.0, 0]",false,false
P11_8_4_5_0,const char*,eacute,c3a9,t|c3a9|2|1|1,double,point1,3fb999999999999a,"[1, 1.6000000000000000888178419700125, -4]",true,true
P11_8_5_0_0,const char*,escapes,71756f74652022206261636b736c617368205c207461620968657265,t|71756f74652022206261636b736c617368205c207461620968657265|28|28|28,double,base_1_5,3ff8000000000000,"[1, 1.5, 0]",true,true
P11_8_5_1_0,const char*,escapes,71756f74652022206261636b736c617368205c207461620968657265,t|71756f74652022206261636b736c617368205c207461620968657265|28|28|28,double,base_pi,400921fb54442d18,"[1, 1.5707963267948965579989817342721, 1]",true,true
P11_8_5_2_0,const char*,escapes,71756f74652022206261636b736c617368205c207461620968657265,t|71756f74652022206261636b736c617368205c207461620968657265|28|28|28,double,inf,7ff0000000000000,"[1, inf]",true,true
P11_8_5_3_0,const char*,escapes,71756f74652022206261636b736c617368205c207461620968657265,t|71756f74652022206261636b736c617368205c207461620968657265|28|28|28,double,nan,7ff8000000000000,nan,true,true
P11_8_5_4_0,const char*,escapes,71756f74652022206261636b736c617368205c207461620968657265,t|71756f74652022206261636b736c617368205c207461620968657265|28|28|28,double,negzero,8000000000000000,"[-1, 0.0, 0]",false,false
P11_8_5_5_0,const char*,escapes,71756f74652022206261636b736c617368205c207461620968657265,t|71756f74652022206261636b736c617368205c207461620968657265|28|28|28,double,point1,3fb999999999999a,"[1, 1.6000000000000000888178419700125, -4]",true,true
P11_9_0_0_0,const char*,base_empty,,t||0|0|0,float,base_1_5,3fc00000,"[1, 1.5, 0]",true,true
P11_9_0_1_0,const char*,base_empty,,t||0|0|0,float,base_pi,40490fdb,"[1, 1.57079637050628662109375, 1]",true,true
P11_9_0_2_0,const char*,base_empty,,t||0|0|0,float,inf,7f800000,"[1, inf]",true,true
P11_9_0_3_0,const char*,base_empty,,t||0|0|0,float,nan,7fc00000,nan,true,true
P11_9_0_4_0,const char*,base_empty,,t||0|0|0,float,negzero,80000000,"[-1, 0.0, 0]",false,false
P11_9_0_5_0,const char*,base_empty,,t||0|0|0,float,point1,3dcccccd,"[1, 1.60000002384185791015625, -4]",true,true
P11_9_1_0_0,const char*,base_hello,68656c6c6f,t|68656c6c6f|5|5|5,float,base_1_5,3fc00000,"[1, 1.5, 0]",true,true
P11_9_1_1_0,const char*,base_hello,68656c6c6f,t|68656c6c6f|5|5|5,float,base_pi,40490fdb,"[1, 1.57079637050628662109375, 1]",true,true
P11_9_1_2_0,const char*,base_hello,68656c6c6f,t|68656c6c6f|5|5|5,float,inf,7f800000,"[1, inf]",true,true
P11_9_1_3_0,const char*,base_hello,68656c6c6f,t|68656c6c6f|5|5|5,float,nan,7fc00000,nan,true,true
P11_9_1_4_0,const char*,base_hello,68656c6c6f,t|68656c6c6f|5|5|5,float,negzero,80000000,"[-1, 0.0, 0]",false,false
P11_9_1_5_0,const char*,base_hello,68656c6c6f,t|68656c6c6f|5|5|5,float,point1,3dcccccd,"[1, 1.60000002384185791015625, -4]",true,true
P11_9_2_0_0,const char*,base_lines,6c696e65206f6e650a6c696e652074776f,t|6c696e65206f6e650a6c696e652074776f|17|17|17,float,base_1_5,3fc00000,"[1, 1.5, 0]",true,true
P11_9_2_1_0,const char*,base_lines,6c696e65206f6e650a6c696e652074776f,t|6c696e65206f6e650a6c696e652074776f|17|17|17,float,base_pi,40490fdb,"[1, 1.57079637050628662109375, 1]",true,true
P11_9_2_2_0,const char*,base_lines,6c696e65206f6e650a6c696e652074776f,t|6c696e65206f6e650a6c696e652074776f|17|17|17,float,inf,7f800000,"[1, inf]",true,true
P11_9_2_3_0,const char*,base_lines,6c696e65206f6e650a6c696e652074776f,t|6c696e65206f6e650a6c696e652074776f|17|17|17,float,nan,7fc00000,nan,true,true
P11_9_2_4_0,const char*,base_lines,6c696e65206f6e650a6c696e652074776f,t|6c696e65206f6e650a6c696e652074776f|17|17|17,float,negzero,80000000,"[-1, 0.0, 0]",false,false
P11_9_2_5_0,const char*,base_lines,6c696e65206f6e650a6c696e652074776f,t|6c696e65206f6e650a6c696e652074776f|17|17|17,float,point1,3dcccccd,"[1, 1.60000002384185791015625, -4]",true,true
P11_9_3_0_0,const char*,clef,f09d849e,t|f09d849e|4|1|1,float,base_1_5,3fc00000,"[1, 1.5, 0]",true,true
P11_9_3_1_0,const char*,clef,f09d849e,t|f09d849e|4|1|1,float,base_pi,40490fdb,"[1, 1.57079637050628662109375, 1]",true,true
P11_9_3_2_0,const char*,clef,f09d849e,t|f09d849e|4|1|1,float,inf,7f800000,"[1, inf]",true,true
P11_9_3_3_0,const char*,clef,f09d849e,t|f09d849e|4|1|1,float,nan,7fc00000,nan,true,true
P11_9_3_4_0,const char*,clef,f09d849e,t|f09d849e|4|1|1,float,negzero,80000000,"[-1, 0.0, 0]",false,false
P11_9_3_5_0,const char*,clef,f09d849e,t|f09d849e|4|1|1,float,point1,3dcccccd,"[1, 1.60000002384185791015625, -4]",true,true
P11_9_4_0_0,const char*,eacute,c3a9,t|c3a9|2|1|1,float,base_1_5,3fc00000,"[1, 1.5, 0]",true,true
P11_9_4_1_0,const char*,eacute,c3a9,t|c3a9|2|1|1,float,base_pi,40490fdb,"[1, 1.57079637050628662109375, 1]",true,true
P11_9_4_2_0,const char*,eacute,c3a9,t|c3a9|2|1|1,float,inf,7f800000,"[1, inf]",true,true
P11_9_4_3_0,const char*,eacute,c3a9,t|c3a9|2|1|1,float,nan,7fc00000,nan,true,true
P11_9_4_4_0,const char*,eacute,c3a9,t|c3a9|2|1|1,float,negzero,80000000,"[-1, 0.0, 0]",false,false
P11_9_4_5_0,const char*,eacute,c3a9,t|c3a9|2|1|1,float,point1,3dcccccd,"[1, 1.60000002384185791015625, -4]",true,true
P11_9_5_0_0,const char*,escapes,71756f74652022206261636b736c617368205c207461620968657265,t|71756f74652022206261636b736c617368205c207461620968657265|28|28|28,float,base_1_5,3fc00000,"[1, 1.5, 0]",true,true
P11_9_5_1_0,const char*,escapes,71756f74652022206261636b736c617368205c207461620968657265,t|71756f74652022206261636b736c617368205c207461620968657265|28|28|28,float,base_pi,40490fdb,"[1, 1.57079637050628662109375, 1]",true,true
P11_9_5_2_0,const char*,escapes,71756f74652022206261636b736c617368205c207461620968657265,t|71756f74652022206261636b736c617368205c207461620968657265|28|28|28,float,inf,7f800000,"[1, inf]",true,true
P11_9_5_3_0,const char*,escapes,71756f74652022206261636b736c617368205c207461620968657265,t|71756f74652022206261636b736c617368205c207461620968657265|28|28|28,float,nan,7fc00000,nan,true,true
P11_9_5_4_0,const char*,escapes,71756f74652022206261636b736c617368205c207461620968657265,t|71756f74652022206261636b736c617368205c207461620968657265|28|28|28,float,negzero,80000000,"[-1, 0.0, 0]",false,false
P11_9_5_5_0,const char*,escapes,71756f74652022206261636b736c617368205c207461620968657265,t|71756f74652022206261636b736c617368205c207461620968657265|28|28|28,float,point1,3dcccccd,"[1, 1.60000002384185791015625, -4]",true,true
P11_11_0_0_0,const char*,base_empty,,t||0|0|0,const char*,base_empty,,t||0|0|0,true,true
P11_11_0_1_0,const char*,base_empty,,t||0|0|0,const char*,base_hello,68656c6c6f,t|68656c6c6f|5|5|5,true,true
P11_11_0_2_0,const char*,base_empty,,t||0|0|0,const char*,base_lines,6c696e65206f6e650a6c696e652074776f,t|6c696e65206f6e650a6c696e652074776f|17|17|17,true,true
P11_11_0_3_0,const char*,base_empty,,t||0|0|0,const char*,clef,f09d849e,t|f09d849e|4|1|1,true,true
P11_11_0_4_0,const char*,base_empty,,t||0|0|0,const char*,eacute,c3a9,t|c3a9|2|1|1,true,true
P11_11_0_5_0,const char*,base_empty,,t||0|0|0,const char*,escapes,71756f74652022206261636b736c617368205c207461620968657265,t|71756f74652022206261636b736c617368205c207461620968657265|28|28|28,true,true
P11_11_1_0_0,const char*,base_hello,68656c6c6f,t|68656c6c6f|5|5|5,const char*,base_empty,,t||0|0|0,true,true
P11_11_1_1_0,const char*,base_hello,68656c6c6f,t|68656c6c6f|5|5|5,const char*,base_hello,68656c6c6f,t|68656c6c6f|5|5|5,true,true
P11_11_1_2_0,const char*,base_hello,68656c6c6f,t|68656c6c6f|5|5|5,const char*,base_lines,6c696e65206f6e650a6c696e652074776f,t|6c696e65206f6e650a6c696e652074776f|17|17|17,true,true
P11_11_1_3_0,const char*,base_hello,68656c6c6f,t|68656c6c6f|5|5|5,const char*,clef,f09d849e,t|f09d849e|4|1|1,true,true
P11_11_1_4_0,const char*,base_hello,68656c6c6f,t|68656c6c6f|5|5|5,const char*,eacute,c3a9,t|c3a9|2|1|1,true,true
P11_11_1_5_0,const char*,base_hello,68656c6c6f,t|68656c6c6f|5|5|5,const char*,escapes,71756f74652022206261636b736c617368205c207461620968657265,t|71756f74652022206261636b736c617368205c207461620968657265|28|28|28,true,true
P11_11_2_0_0,const char*,base_lines,6c696e65206f6e650a6c696e652074776f,t|6c696e65206f6e650a6c696e652074776f|17|17|17,const char*,base_empty,,t||0|0|0,true,true
P11_11_2_1_0,const char*,base_lines,6c696e65206f6e650a6c696e652074776f,t|6c696e65206f6e650a6c696e652074776f|17|17|17,const char*,base_hello,68656c6c6f,t|68656c6c6f|5|5|5,true,true
P11_11_2_2_0,const char*,base_lines,6c696e65206f6e650a6c696e652074776f,t|6c696e65206f6e650a6c696e652074776f|17|17|17,const char*,base_lines,6c696e65206f6e650a6c696e652074776f,t|6c696e65206f6e650a6c696e652074776f|17|17|17,true,true
P11_11_2_3_0,const char*,base_lines,6c696e65206f6e650a6c696e652074776f,t|6c696e65206f6e650a6c696e652074776f|17|17|17,const char*,clef,f09d849e,t|f09d849e|4|1|1,true,true
P11_11_2_4_0,const char*,base_lines,6c696e65206f6e650a6c696e652074776f,t|6c696e65206f6e650a6c696e652074776f|17|17|17,const char*,eacute,c3a9,t|c3a9|2|1|1,true,true
P11_11_2_5_0,const char*,base_lines,6c696e65206f6e650a6c696e652074776f,t|6c696e65206f6e650a6c696e652074776f|17|17|17,const char*,escapes,71756f74652022206261636b736c617368205c207461620968657265,t|71756f74652022206261636b736c617368205c207461620968657265|28|28|28,true,true
P11_11_3_0_0,const char*,clef,f09d849e,t|f09d849e|4|1|1,const char*,base_empty,,t||0|0|0,true,true
P11_11_3_1_0,const char*,clef,f09d849e,t|f09d849e|4|1|1,const char*,base_hello,68656c6c6f,t|68656c6c6f|5|5|5,true,true
P11_11_3_2_0,const char*,clef,f09d849e,t|f09d849e|4|1|1,const char*,base_lines,6c696e65206f6e650a6c696e652074776f,t|6c696e65206f6e650a6c696e652074776f|17|17|17,true,true
P11_11_3_3_0,const char*,clef,f09d849e,t|f09d849e|4|1|1,const char*,clef,f09d849e,t|f09d849e|4|1|1,true,true
P11_11_3_4_0,const char*,clef,f09d849e,t|f09d849e|4|1|1,const char*,eacute,c3a9,t|c3a9|2|1|1,true,true
P11_11_3_5_0,const char*,clef,f09d849e,t|f09d849e|4|1|1,const char*,escapes,71756f74652022206261636b736c617368205c207461620968657265,t|71756f74652022206261636b736c617368205c207461620968657265|28|28|28,true,true
P11_11_4_0_0,const char*,eacute,c3a9,t|c3a9|2|1|1,const char*,base_empty,,t||0|0|0,true,true
P11_11_4_1_0,const char*,eacute,c3a9,t|c3a9|2|1|1,const char*,base_hello,68656c6c6f,t|68656c6c6f|5|5|5,true,true
P11_11_4_2_0,const char*,eacute,c3a9,t|c3a9|2|1|1,const char*,base_lines,6c696e65206f6e650a6c696e652074776f,t|6c696e65206f6e650a6c696e652074776f|17|17|17,true,true
P11_11_4_3_0,const char*,eacute,c3a9,t|c3a9|2|1|1,const char*,clef,f09d849e,t|f09d849e|4|1|1,true,true
P11_11_4_4_0,const char*,eacute,c3a9,t|c3a9|2|1|1,const char*,eacute,c3a9,t|c3a9|2|1|1,true,true
P11_11_4_5_0,const char*,eacute,c3a9,t|c3a9|2|1|1,const char*,escapes,71756f74652022206261636b736c617368205c207461620968657265,t|71756f74652022206261636b736c617368205c207461620968657265|28|28|28,true,true
P11_11_5_0_0,const char*,escapes,71756f74652022206261636b736c617368205c207461620968657265,t|71756f74652022206261636b736c617368205c207461620968657265|28|28|28,const char*,base_empty,,t||0|0|0,true,true
P11_11_5_1_0,const char*,escapes,71756f74652022206261636b736c617368205c207461620968657265,t|71756f74652022206261636b736c617368205c207461620968657265|28|28|28,const char*,base_hello,68656c6c6f,t|68656c6c6f|5|5|5,true,true
P11_11_5_2_0,const char*,escapes,71756f74652022206261636b736c617368205c207461620968657265,t|71756f74652022206261636b736c617368205c207461620968657265|28|28|28,const char*,base_lines,6c696e65206f6e650a6c696e652074776f,t|6c696e65206f6e650a6c696e652074776f|17|17|17,true,true
P11_11_5_3_0,const char*,escapes,71756f74652022206261636b736c617368205c207461620968657265,t|71756f74652022206261636b736c617368205c207461620968657265|28|28|28,const char*,clef,f09d849e,t|f09d849e|4|1|1,true,true
P11_11_5_4_0,const char*,escapes,71756f74652022206261636b736c617368205c207461620968657265,t|71756f74652022206261636b736c617368205c207461620968657265|28|28|28,const char*,eacute,c3a9,t|c3a9|2|1|1,true,true
P11_11_5_5_0,const char*,escapes,71756f74652022206261636b736c617368205c207461620968657265,t|71756f74652022206261636b736c617368205c207461620968657265|28|28|28,const char*,escapes,71756f74652022206261636b736c617368205c207461620968657265,t|71756f74652022206261636b736c617368205c207461620968657265|28|28|28,true,true
P11_14_0_0_0,const char*,base_empty,,t||0|0|0,T[N] (C array),base,"[1, 2, 3]","c|[1, 1.0, 0],[1, 1.0, 1],[1, 1.5, 1]|integer|as-sorted",true,true
P11_14_0_2_0,const char*,base_empty,,t||0|0|0,T[N] (C array),empty,[],c||empty|as-sorted,true,true
P11_14_0_4_0,const char*,base_empty,,t||0|0|0,T[N] (C array),strs,"['a', 'b']","c|t|61|1|1|1,t|62|1|1|1|integer|as-sorted",true,true
P11_14_1_0_0,const char*,base_hello,68656c6c6f,t|68656c6c6f|5|5|5,T[N] (C array),base,"[1, 2, 3]","c|[1, 1.0, 0],[1, 1.0, 1],[1, 1.5, 1]|integer|as-sorted",true,true
P11_14_1_2_0,const char*,base_hello,68656c6c6f,t|68656c6c6f|5|5|5,T[N] (C array),empty,[],c||empty|as-sorted,true,true
P11_14_1_4_0,const char*,base_hello,68656c6c6f,t|68656c6c6f|5|5|5,T[N] (C array),strs,"['a', 'b']","c|t|61|1|1|1,t|62|1|1|1|integer|as-sorted",true,true
P11_14_2_0_0,const char*,base_lines,6c696e65206f6e650a6c696e652074776f,t|6c696e65206f6e650a6c696e652074776f|17|17|17,T[N] (C array),base,"[1, 2, 3]","c|[1, 1.0, 0],[1, 1.0, 1],[1, 1.5, 1]|integer|as-sorted",true,true
P11_14_2_2_0,const char*,base_lines,6c696e65206f6e650a6c696e652074776f,t|6c696e65206f6e650a6c696e652074776f|17|17|17,T[N] (C array),empty,[],c||empty|as-sorted,true,true
P11_14_2_4_0,const char*,base_lines,6c696e65206f6e650a6c696e652074776f,t|6c696e65206f6e650a6c696e652074776f|17|17|17,T[N] (C array),strs,"['a', 'b']","c|t|61|1|1|1,t|62|1|1|1|integer|as-sorted",true,true
P11_14_3_0_0,const char*,clef,f09d849e,t|f09d849e|4|1|1,T[N] (C array),base,"[1, 2, 3]","c|[1, 1.0, 0],[1, 1.0, 1],[1, 1.5, 1]|integer|as-sorted",true,true
P11_14_3_2_0,const char*,clef,f09d849e,t|f09d849e|4|1|1,T[N] (C array),empty,[],c||empty|as-sorted,true,true
P11_14_3_4_0,const char*,clef,f09d849e,t|f09d849e|4|1|1,T[N] (C array),strs,"['a', 'b']","c|t|61|1|1|1,t|62|1|1|1|integer|as-sorted",true,true
P11_14_4_0_0,const char*,eacute,c3a9,t|c3a9|2|1|1,T[N] (C array),base,"[1, 2, 3]","c|[1, 1.0, 0],[1, 1.0, 1],[1, 1.5, 1]|integer|as-sorted",true,true
P11_14_4_2_0,const char*,eacute,c3a9,t|c3a9|2|1|1,T[N] (C array),empty,[],c||empty|as-sorted,true,true
P11_14_4_4_0,const char*,eacute,c3a9,t|c3a9|2|1|1,T[N] (C array),strs,"['a', 'b']","c|t|61|1|1|1,t|62|1|1|1|integer|as-sorted",true,true
P11_14_5_0_0,const char*,escapes,71756f74652022206261636b736c617368205c207461620968657265,t|71756f74652022206261636b736c617368205c207461620968657265|28|28|28,T[N] (C array),base,"[1, 2, 3]","c|[1, 1.0, 0],[1, 1.0, 1],[1, 1.5, 1]|integer|as-sorted",true,true
P11_14_5_2_0,const char*,escapes,71756f74652022206261636b736c617368205c207461620968657265,t|71756f74652022206261636b736c617368205c207461620968657265|28|28|28,T[N] (C array),empty,[],c||empty|as-sorted,true,true
P11_14_5_4_0,const char*,escapes,71756f74652022206261636b736c617368205c207461620968657265,t|71756f74652022206261636b736c617368205c207461620968657265|28|28|28,T[N] (C array),strs,"['a', 'b']","c|t|61|1|1|1,t|62|1|1|1|integer|as-sorted",true,true
P14_1_0_0_0,T[N] (C array),base,"[1, 2, 3]","c|[1, 1.0, 0],[1, 1.0, 1],[1, 1.5, 1]|integer|as-sorted",std::nullptr_t,null,null,null,false,false
P14_1_2_0_0,T[N] (C array),empty,[],c||empty|as-sorted,std::nullptr_t,null,null,null,false,false
P14_1_4_0_0,T[N] (C array),strs,"['a', 'b']","c|t|61|1|1|1,t|62|1|1|1|integer|as-sorted",std::nullptr_t,null,null,null,false,false
P14_2_0_0_0,T[N] (C array),base,"[1, 2, 3]","c|[1, 1.0, 0],[1, 1.0, 1],[1, 1.5, 1]|integer|as-sorted",std::optional<int64_t>,null,null,null,false,false
P14_2_2_0_0,T[N] (C array),empty,[],c||empty|as-sorted,std::optional<int64_t>,null,null,null,false,false
P14_2_4_0_0,T[N] (C array),strs,"['a', 'b']","c|t|61|1|1|1,t|62|1|1|1|integer|as-sorted",std::optional<int64_t>,null,null,null,false,false
P14_3_0_0_0,T[N] (C array),base,"[1, 2, 3]","c|[1, 1.0, 0],[1, 1.0, 1],[1, 1.5, 1]|integer|as-sorted",bool,false,false,false,false,false
P14_3_0_1_0,T[N] (C array),base,"[1, 2, 3]","c|[1, 1.0, 0],[1, 1.0, 1],[1, 1.5, 1]|integer|as-sorted",bool,true,true,true,true,true
P14_3_2_0_0,T[N] (C array),empty,[],c||empty|as-sorted,bool,false,false,false,false,false
P14_3_2_1_0,T[N] (C array),empty,[],c||empty|as-sorted,bool,true,true,true,true,true
P14_3_4_0_0,T[N] (C array),strs,"['a', 'b']","c|t|61|1|1|1,t|62|1|1|1|integer|as-sorted",bool,false,false,false,false,false
P14_3_4_1_0,T[N] (C array),strs,"['a', 'b']","c|t|61|1|1|1,t|62|1|1|1|integer|as-sorted",bool,true,true,true,true,true
P14_4_0_0_0,T[N] (C array),base,"[1, 2, 3]","c|[1, 1.0, 0],[1, 1.0, 1],[1, 1.5, 1]|integer|as-sorted",int32_t,base_42,0000002a,"[1, 1.3125, 5]",true,true
P14_4_0_1_0,T[N] (C array),base,"[1, 2, 3]","c|[1, 1.0, 0],[1, 1.0, 1],[1, 1.5, 1]|integer|as-sorted",int32_t,base_zero,00000000,"[1, 0.0, 0]",false,false
P14_4_0_2_0,T[N] (C array),base,"[1, 2, 3]","c|[1, 1.0, 0],[1, 1.0, 1],[1, 1.5, 1]|integer|as-sorted",int32_t,i64max,ffffffff,"[-1, 1.0, 0]",true,true
P14_4_0_3_0,T[N] (C array),base,"[1, 2, 3]","c|[1, 1.0, 0],[1, 1.0, 1],[1, 1.5, 1]|integer|as-sorted",int32_t,i64max_plus1,00000000,"[1, 0.0, 0]",false,false
P14_4_0_4_0,T[N] (C array),base,"[1, 2, 3]","c|[1, 1.0, 0],[1, 1.0, 1],[1, 1.5, 1]|integer|as-sorted",int32_t,p53_plus1,00000001,"[1, 1.0, 0]",true,true
P14_4_0_5_0,T[N] (C array),base,"[1, 2, 3]","c|[1, 1.0, 0],[1, 1.0, 1],[1, 1.5, 1]|integer|as-sorted",int32_t,u64max,ffffffff,"[-1, 1.0, 0]",true,true
P14_4_2_0_0,T[N] (C array),empty,[],c||empty|as-sorted,int32_t,base_42,0000002a,"[1, 1.3125, 5]",true,true
P14_4_2_1_0,T[N] (C array),empty,[],c||empty|as-sorted,int32_t,base_zero,00000000,"[1, 0.0, 0]",false,false
P14_4_2_2_0,T[N] (C array),empty,[],c||empty|as-sorted,int32_t,i64max,ffffffff,"[-1, 1.0, 0]",true,true
P14_4_2_3_0,T[N] (C array),empty,[],c||empty|as-sorted,int32_t,i64max_plus1,00000000,"[1, 0.0, 0]",false,false
P14_4_2_4_0,T[N] (C array),empty,[],c||empty|as-sorted,int32_t,p53_plus1,00000001,"[1, 1.0, 0]",true,true
P14_4_2_5_0,T[N] (C array),empty,[],c||empty|as-sorted,int32_t,u64max,ffffffff,"[-1, 1.0, 0]",true,true
P14_4_4_0_0,T[N] (C array),strs,"['a', 'b']","c|t|61|1|1|1,t|62|1|1|1|integer|as-sorted",int32_t,base_42,0000002a,"[1, 1.3125, 5]",true,true
P14_4_4_1_0,T[N] (C array),strs,"['a', 'b']","c|t|61|1|1|1,t|62|1|1|1|integer|as-sorted",int32_t,base_zero,00000000,"[1, 0.0, 0]",false,false
P14_4_4_2_0,T[N] (C array),strs,"['a', 'b']","c|t|61|1|1|1,t|62|1|1|1|integer|as-sorted",int32_t,i64max,ffffffff,"[-1, 1.0, 0]",true,true
P14_4_4_3_0,T[N] (C array),strs,"['a', 'b']","c|t|61|1|1|1,t|62|1|1|1|integer|as-sorted",int32_t,i64max_plus1,00000000,"[1, 0.0, 0]",false,false
P14_4_4_4_0,T[N] (C array),strs,"['a', 'b']","c|t|61|1|1|1,t|62|1|1|1|integer|as-sorted",int32_t,p53_plus1,00000001,"[1, 1.0, 0]",true,true
P14_4_4_5_0,T[N] (C array),strs,"['a', 'b']","c|t|61|1|1|1,t|62|1|1|1|integer|as-sorted",int32_t,u64max,ffffffff,"[-1, 1.0, 0]",true,true
P14_5_0_0_0,T[N] (C array),base,"[1, 2, 3]","c|[1, 1.0, 0],[1, 1.0, 1],[1, 1.5, 1]|integer|as-sorted",int64_t,base_42,000000000000002a,"[1, 1.3125, 5]",true,true
P14_5_0_1_0,T[N] (C array),base,"[1, 2, 3]","c|[1, 1.0, 0],[1, 1.0, 1],[1, 1.5, 1]|integer|as-sorted",int64_t,base_zero,0000000000000000,"[1, 0.0, 0]",false,false
P14_5_0_2_0,T[N] (C array),base,"[1, 2, 3]","c|[1, 1.0, 0],[1, 1.0, 1],[1, 1.5, 1]|integer|as-sorted",int64_t,i64max,7fffffffffffffff,"[1, 1.9999999999999999997831595655029, 62]",true,true
P14_5_0_3_0,T[N] (C array),base,"[1, 2, 3]","c|[1, 1.0, 0],[1, 1.0, 1],[1, 1.5, 1]|integer|as-sorted",int64_t,i64max_plus1,8000000000000000,"[-1, 1.0, 63]",true,true
P14_5_0_4_0,T[N] (C array),base,"[1, 2, 3]","c|[1, 1.0, 0],[1, 1.0, 1],[1, 1.5, 1]|integer|as-sorted",int64_t,p53_plus1,0020000000000001,"[1, 1.0000000000000001110223024625157, 53]",true,true
P14_5_0_5_0,T[N] (C array),base,"[1, 2, 3]","c|[1, 1.0, 0],[1, 1.0, 1],[1, 1.5, 1]|integer|as-sorted",int64_t,u64max,ffffffffffffffff,"[-1, 1.0, 0]",true,true
P14_5_2_0_0,T[N] (C array),empty,[],c||empty|as-sorted,int64_t,base_42,000000000000002a,"[1, 1.3125, 5]",true,true
P14_5_2_1_0,T[N] (C array),empty,[],c||empty|as-sorted,int64_t,base_zero,0000000000000000,"[1, 0.0, 0]",false,false
P14_5_2_2_0,T[N] (C array),empty,[],c||empty|as-sorted,int64_t,i64max,7fffffffffffffff,"[1, 1.9999999999999999997831595655029, 62]",true,true
P14_5_2_3_0,T[N] (C array),empty,[],c||empty|as-sorted,int64_t,i64max_plus1,8000000000000000,"[-1, 1.0, 63]",true,true
P14_5_2_4_0,T[N] (C array),empty,[],c||empty|as-sorted,int64_t,p53_plus1,0020000000000001,"[1, 1.0000000000000001110223024625157, 53]",true,true
P14_5_2_5_0,T[N] (C array),empty,[],c||empty|as-sorted,int64_t,u64max,ffffffffffffffff,"[-1, 1.0, 0]",true,true
P14_5_4_0_0,T[N] (C array),strs,"['a', 'b']","c|t|61|1|1|1,t|62|1|1|1|integer|as-sorted",int64_t,base_42,000000000000002a,"[1, 1.3125, 5]",true,true
P14_5_4_1_0,T[N] (C array),strs,"['a', 'b']","c|t|61|1|1|1,t|62|1|1|1|integer|as-sorted",int64_t,base_zero,0000000000000000,"[1, 0.0, 0]",false,false
P14_5_4_2_0,T[N] (C array),strs,"['a', 'b']","c|t|61|1|1|1,t|62|1|1|1|integer|as-sorted",int64_t,i64max,7fffffffffffffff,"[1, 1.9999999999999999997831595655029, 62]",true,true
P14_5_4_3_0,T[N] (C array),strs,"['a', 'b']","c|t|61|1|1|1,t|62|1|1|1|integer|as-sorted",int64_t,i64max_plus1,8000000000000000,"[-1, 1.0, 63]",true,true
P14_5_4_4_0,T[N] (C array),strs,"['a', 'b']","c|t|61|1|1|1,t|62|1|1|1|integer|as-sorted",int64_t,p53_plus1,0020000000000001,"[1, 1.0000000000000001110223024625157, 53]",true,true
P14_5_4_5_0,T[N] (C array),strs,"['a', 'b']","c|t|61|1|1|1,t|62|1|1|1|integer|as-sorted",int64_t,u64max,ffffffffffffffff,"[-1, 1.0, 0]",true,true
P14_6_0_0_0,T[N] (C array),base,"[1, 2, 3]","c|[1, 1.0, 0],[1, 1.0, 1],[1, 1.5, 1]|integer|as-sorted",uint64_t,base_42,000000000000002a,"[1, 1.3125, 5]",true,true
P14_6_0_1_0,T[N] (C array),base,"[1, 2, 3]","c|[1, 1.0, 0],[1, 1.0, 1],[1, 1.5, 1]|integer|as-sorted",uint64_t,base_zero,0000000000000000,"[1, 0.0, 0]",false,false
P14_6_0_2_0,T[N] (C array),base,"[1, 2, 3]","c|[1, 1.0, 0],[1, 1.0, 1],[1, 1.5, 1]|integer|as-sorted",uint64_t,i64max,7fffffffffffffff,"[1, 1.9999999999999999997831595655029, 62]",true,true
P14_6_0_3_0,T[N] (C array),base,"[1, 2, 3]","c|[1, 1.0, 0],[1, 1.0, 1],[1, 1.5, 1]|integer|as-sorted",uint64_t,i64max_plus1,8000000000000000,"[1, 1.0, 63]",true,true
P14_6_0_4_0,T[N] (C array),base,"[1, 2, 3]","c|[1, 1.0, 0],[1, 1.0, 1],[1, 1.5, 1]|integer|as-sorted",uint64_t,p53_plus1,0020000000000001,"[1, 1.0000000000000001110223024625157, 53]",true,true
P14_6_0_5_0,T[N] (C array),base,"[1, 2, 3]","c|[1, 1.0, 0],[1, 1.0, 1],[1, 1.5, 1]|integer|as-sorted",uint64_t,u64max,ffffffffffffffff,"[1, 1.9999999999999999998915797827514, 63]",true,true
P14_6_2_0_0,T[N] (C array),empty,[],c||empty|as-sorted,uint64_t,base_42,000000000000002a,"[1, 1.3125, 5]",true,true
P14_6_2_1_0,T[N] (C array),empty,[],c||empty|as-sorted,uint64_t,base_zero,0000000000000000,"[1, 0.0, 0]",false,false
P14_6_2_2_0,T[N] (C array),empty,[],c||empty|as-sorted,uint64_t,i64max,7fffffffffffffff,"[1, 1.9999999999999999997831595655029, 62]",true,true
P14_6_2_3_0,T[N] (C array),empty,[],c||empty|as-sorted,uint64_t,i64max_plus1,8000000000000000,"[1, 1.0, 63]",true,true
P14_6_2_4_0,T[N] (C array),empty,[],c||empty|as-sorted,uint64_t,p53_plus1,0020000000000001,"[1, 1.0000000000000001110223024625157, 53]",true,true
P14_6_2_5_0,T[N] (C array),empty,[],c||empty|as-sorted,uint64_t,u64max,ffffffffffffffff,"[1, 1.9999999999999999998915797827514, 63]",true,true
P14_6_4_0_0,T[N] (C array),strs,"['a', 'b']","c|t|61|1|1|1,t|62|1|1|1|integer|as-sorted",uint64_t,base_42,000000000000002a,"[1, 1.3125, 5]",true,true
P14_6_4_1_0,T[N] (C array),strs,"['a', 'b']","c|t|61|1|1|1,t|62|1|1|1|integer|as-sorted",uint64_t,base_zero,0000000000000000,"[1, 0.0, 0]",false,false
P14_6_4_2_0,T[N] (C array),strs,"['a', 'b']","c|t|61|1|1|1,t|62|1|1|1|integer|as-sorted",uint64_t,i64max,7fffffffffffffff,"[1, 1.9999999999999999997831595655029, 62]",true,true
P14_6_4_3_0,T[N] (C array),strs,"['a', 'b']","c|t|61|1|1|1,t|62|1|1|1|integer|as-sorted",uint64_t,i64max_plus1,8000000000000000,"[1, 1.0, 63]",true,true
P14_6_4_4_0,T[N] (C array),strs,"['a', 'b']","c|t|61|1|1|1,t|62|1|1|1|integer|as-sorted",uint64_t,p53_plus1,0020000000000001,"[1, 1.0000000000000001110223024625157, 53]",true,true
P14_6_4_5_0,T[N] (C array),strs,"['a', 'b']","c|t|61|1|1|1,t|62|1|1|1|integer|as-sorted",uint64_t,u64max,ffffffffffffffff,"[1, 1.9999999999999999998915797827514, 63]",true,true
P14_7_0_0_0,T[N] (C array),base,"[1, 2, 3]","c|[1, 1.0, 0],[1, 1.0, 1],[1, 1.5, 1]|integer|as-sorted",__int128,base_42,0000000000000000000000000000002a,"[1, 1.3125, 5]",true,true
P14_7_0_1_0,T[N] (C array),base,"[1, 2, 3]","c|[1, 1.0, 0],[1, 1.0, 1],[1, 1.5, 1]|integer|as-sorted",__int128,base_zero,00000000000000000000000000000000,"[1, 0.0, 0]",false,false
P14_7_0_2_0,T[N] (C array),base,"[1, 2, 3]","c|[1, 1.0, 0],[1, 1.0, 1],[1, 1.5, 1]|integer|as-sorted",__int128,i64max,00000000000000007fffffffffffffff,"[1, 1.9999999999999999997831595655029, 62]",true,true
P14_7_0_3_0,T[N] (C array),base,"[1, 2, 3]","c|[1, 1.0, 0],[1, 1.0, 1],[1, 1.5, 1]|integer|as-sorted",__int128,i64max_plus1,00000000000000008000000000000000,"[1, 1.0, 63]",true,true
P14_7_0_4_0,T[N] (C array),base,"[1, 2, 3]","c|[1, 1.0, 0],[1, 1.0, 1],[1, 1.5, 1]|integer|as-sorted",__int128,p53_plus1,00000000000000000020000000000001,"[1, 1.0000000000000001110223024625157, 53]",true,true
P14_7_0_5_0,T[N] (C array),base,"[1, 2, 3]","c|[1, 1.0, 0],[1, 1.0, 1],[1, 1.5, 1]|integer|as-sorted",__int128,u64max,0000000000000000ffffffffffffffff,"[1, 1.9999999999999999998915797827514, 63]",true,true
P14_7_2_0_0,T[N] (C array),empty,[],c||empty|as-sorted,__int128,base_42,0000000000000000000000000000002a,"[1, 1.3125, 5]",true,true
P14_7_2_1_0,T[N] (C array),empty,[],c||empty|as-sorted,__int128,base_zero,00000000000000000000000000000000,"[1, 0.0, 0]",false,false
P14_7_2_2_0,T[N] (C array),empty,[],c||empty|as-sorted,__int128,i64max,00000000000000007fffffffffffffff,"[1, 1.9999999999999999997831595655029, 62]",true,true
P14_7_2_3_0,T[N] (C array),empty,[],c||empty|as-sorted,__int128,i64max_plus1,00000000000000008000000000000000,"[1, 1.0, 63]",true,true
P14_7_2_4_0,T[N] (C array),empty,[],c||empty|as-sorted,__int128,p53_plus1,00000000000000000020000000000001,"[1, 1.0000000000000001110223024625157, 53]",true,true
P14_7_2_5_0,T[N] (C array),empty,[],c||empty|as-sorted,__int128,u64max,0000000000000000ffffffffffffffff,"[1, 1.9999999999999999998915797827514, 63]",true,true
P14_7_4_0_0,T[N] (C array),strs,"['a', 'b']","c|t|61|1|1|1,t|62|1|1|1|integer|as-sorted",__int128,base_42,0000000000000000000000000000002a,"[1, 1.3125, 5]",true,true
P14_7_4_1_0,T[N] (C array),strs,"['a', 'b']","c|t|61|1|1|1,t|62|1|1|1|integer|as-sorted",__int128,base_zero,00000000000000000000000000000000,"[1, 0.0, 0]",false,false
P14_7_4_2_0,T[N] (C array),strs,"['a', 'b']","c|t|61|1|1|1,t|62|1|1|1|integer|as-sorted",__int128,i64max,00000000000000007fffffffffffffff,"[1, 1.9999999999999999997831595655029, 62]",true,true
P14_7_4_3_0,T[N] (C array),strs,"['a', 'b']","c|t|61|1|1|1,t|62|1|1|1|integer|as-sorted",__int128,i64max_plus1,00000000000000008000000000000000,"[1, 1.0, 63]",true,true
P14_7_4_4_0,T[N] (C array),strs,"['a', 'b']","c|t|61|1|1|1,t|62|1|1|1|integer|as-sorted",__int128,p53_plus1,00000000000000000020000000000001,"[1, 1.0000000000000001110223024625157, 53]",true,true
P14_7_4_5_0,T[N] (C array),strs,"['a', 'b']","c|t|61|1|1|1,t|62|1|1|1|integer|as-sorted",__int128,u64max,0000000000000000ffffffffffffffff,"[1, 1.9999999999999999998915797827514, 63]",true,true
P14_8_0_0_0,T[N] (C array),base,"[1, 2, 3]","c|[1, 1.0, 0],[1, 1.0, 1],[1, 1.5, 1]|integer|as-sorted",double,base_1_5,3ff8000000000000,"[1, 1.5, 0]",true,true
P14_8_0_1_0,T[N] (C array),base,"[1, 2, 3]","c|[1, 1.0, 0],[1, 1.0, 1],[1, 1.5, 1]|integer|as-sorted",double,base_pi,400921fb54442d18,"[1, 1.5707963267948965579989817342721, 1]",true,true
P14_8_0_2_0,T[N] (C array),base,"[1, 2, 3]","c|[1, 1.0, 0],[1, 1.0, 1],[1, 1.5, 1]|integer|as-sorted",double,inf,7ff0000000000000,"[1, inf]",true,true
P14_8_0_3_0,T[N] (C array),base,"[1, 2, 3]","c|[1, 1.0, 0],[1, 1.0, 1],[1, 1.5, 1]|integer|as-sorted",double,nan,7ff8000000000000,nan,true,true
P14_8_0_4_0,T[N] (C array),base,"[1, 2, 3]","c|[1, 1.0, 0],[1, 1.0, 1],[1, 1.5, 1]|integer|as-sorted",double,negzero,8000000000000000,"[-1, 0.0, 0]",false,false
P14_8_0_5_0,T[N] (C array),base,"[1, 2, 3]","c|[1, 1.0, 0],[1, 1.0, 1],[1, 1.5, 1]|integer|as-sorted",double,point1,3fb999999999999a,"[1, 1.6000000000000000888178419700125, -4]",true,true
P14_8_2_0_0,T[N] (C array),empty,[],c||empty|as-sorted,double,base_1_5,3ff8000000000000,"[1, 1.5, 0]",true,true
P14_8_2_1_0,T[N] (C array),empty,[],c||empty|as-sorted,double,base_pi,400921fb54442d18,"[1, 1.5707963267948965579989817342721, 1]",true,true
P14_8_2_2_0,T[N] (C array),empty,[],c||empty|as-sorted,double,inf,7ff0000000000000,"[1, inf]",true,true
P14_8_2_3_0,T[N] (C array),empty,[],c||empty|as-sorted,double,nan,7ff8000000000000,nan,true,true
P14_8_2_4_0,T[N] (C array),empty,[],c||empty|as-sorted,double,negzero,8000000000000000,"[-1, 0.0, 0]",false,false
P14_8_2_5_0,T[N] (C array),empty,[],c||empty|as-sorted,double,point1,3fb999999999999a,"[1, 1.6000000000000000888178419700125, -4]",true,true
P14_8_4_0_0,T[N] (C array),strs,"['a', 'b']","c|t|61|1|1|1,t|62|1|1|1|integer|as-sorted",double,base_1_5,3ff8000000000000,"[1, 1.5, 0]",true,true
P14_8_4_1_0,T[N] (C array),strs,"['a', 'b']","c|t|61|1|1|1,t|62|1|1|1|integer|as-sorted",double,base_pi,400921fb54442d18,"[1, 1.5707963267948965579989817342721, 1]",true,true
P14_8_4_2_0,T[N] (C array),strs,"['a', 'b']","c|t|61|1|1|1,t|62|1|1|1|integer|as-sorted",double,inf,7ff0000000000000,"[1, inf]",true,true
P14_8_4_3_0,T[N] (C array),strs,"['a', 'b']","c|t|61|1|1|1,t|62|1|1|1|integer|as-sorted",double,nan,7ff8000000000000,nan,true,true
P14_8_4_4_0,T[N] (C array),strs,"['a', 'b']","c|t|61|1|1|1,t|62|1|1|1|integer|as-sorted",double,negzero,8000000000000000,"[-1, 0.0, 0]",false,false
P14_8_4_5_0,T[N] (C array),strs,"['a', 'b']","c|t|61|1|1|1,t|62|1|1|1|integer|as-sorted",double,point1,3fb999999999999a,"[1, 1.6000000000000000888178419700125, -4]",true,true
P14_9_0_0_0,T[N] (C array),base,"[1, 2, 3]","c|[1, 1.0, 0],[1, 1.0, 1],[1, 1.5, 1]|integer|as-sorted",float,base_1_5,3fc00000,"[1, 1.5, 0]",true,true
P14_9_0_1_0,T[N] (C array),base,"[1, 2, 3]","c|[1, 1.0, 0],[1, 1.0, 1],[1, 1.5, 1]|integer|as-sorted",float,base_pi,40490fdb,"[1, 1.57079637050628662109375, 1]",true,true
P14_9_0_2_0,T[N] (C array),base,"[1, 2, 3]","c|[1, 1.0, 0],[1, 1.0, 1],[1, 1.5, 1]|integer|as-sorted",float,inf,7f800000,"[1, inf]",true,true
P14_9_0_3_0,T[N] (C array),base,"[1, 2, 3]","c|[1, 1.0, 0],[1, 1.0, 1],[1, 1.5, 1]|integer|as-sorted",float,nan,7fc00000,nan,true,true
P14_9_0_4_0,T[N] (C array),base,"[1, 2, 3]","c|[1, 1.0, 0],[1, 1.0, 1],[1, 1.5, 1]|integer|as-sorted",float,negzero,80000000,"[-1, 0.0, 0]",false,false
P14_9_0_5_0,T[N] (C array),base,"[1, 2, 3]","c|[1, 1.0, 0],[1, 1.0, 1],[1, 1.5, 1]|integer|as-sorted",float,point1,3dcccccd,"[1, 1.60000002384185791015625, -4]",true,true
P14_9_2_0_0,T[N] (C array),empty,[],c||empty|as-sorted,float,base_1_5,3fc00000,"[1, 1.5, 0]",true,true
P14_9_2_1_0,T[N] (C array),empty,[],c||empty|as-sorted,float,base_pi,40490fdb,"[1, 1.57079637050628662109375, 1]",true,true
P14_9_2_2_0,T[N] (C array),empty,[],c||empty|as-sorted,float,inf,7f800000,"[1, inf]",true,true
P14_9_2_3_0,T[N] (C array),empty,[],c||empty|as-sorted,float,nan,7fc00000,nan,true,true
P14_9_2_4_0,T[N] (C array),empty,[],c||empty|as-sorted,float,negzero,80000000,"[-1, 0.0, 0]",false,false
P14_9_2_5_0,T[N] (C array),empty,[],c||empty|as-sorted,float,point1,3dcccccd,"[1, 1.60000002384185791015625, -4]",true,true
P14_9_4_0_0,T[N] (C array),strs,"['a', 'b']","c|t|61|1|1|1,t|62|1|1|1|integer|as-sorted",float,base_1_5,3fc00000,"[1, 1.5, 0]",true,true
P14_9_4_1_0,T[N] (C array),strs,"['a', 'b']","c|t|61|1|1|1,t|62|1|1|1|integer|as-sorted",float,base_pi,40490fdb,"[1, 1.57079637050628662109375, 1]",true,true
P14_9_4_2_0,T[N] (C array),strs,"['a', 'b']","c|t|61|1|1|1,t|62|1|1|1|integer|as-sorted",float,inf,7f800000,"[1, inf]",true,true
P14_9_4_3_0,T[N] (C array),strs,"['a', 'b']","c|t|61|1|1|1,t|62|1|1|1|integer|as-sorted",float,nan,7fc00000,nan,true,true
P14_9_4_4_0,T[N] (C array),strs,"['a', 'b']","c|t|61|1|1|1,t|62|1|1|1|integer|as-sorted",float,negzero,80000000,"[-1, 0.0, 0]",false,false
P14_9_4_5_0,T[N] (C array),strs,"['a', 'b']","c|t|61|1|1|1,t|62|1|1|1|integer|as-sorted",float,point1,3dcccccd,"[1, 1.60000002384185791015625, -4]",true,true
P14_11_0_0_0,T[N] (C array),base,"[1, 2, 3]","c|[1, 1.0, 0],[1, 1.0, 1],[1, 1.5, 1]|integer|as-sorted",const char*,base_empty,,t||0|0|0,true,true
P14_11_0_1_0,T[N] (C array),base,"[1, 2, 3]","c|[1, 1.0, 0],[1, 1.0, 1],[1, 1.5, 1]|integer|as-sorted",const char*,base_hello,68656c6c6f,t|68656c6c6f|5|5|5,true,true
P14_11_0_2_0,T[N] (C array),base,"[1, 2, 3]","c|[1, 1.0, 0],[1, 1.0, 1],[1, 1.5, 1]|integer|as-sorted",const char*,base_lines,6c696e65206f6e650a6c696e652074776f,t|6c696e65206f6e650a6c696e652074776f|17|17|17,true,true
P14_11_0_3_0,T[N] (C array),base,"[1, 2, 3]","c|[1, 1.0, 0],[1, 1.0, 1],[1, 1.5, 1]|integer|as-sorted",const char*,clef,f09d849e,t|f09d849e|4|1|1,true,true
P14_11_0_4_0,T[N] (C array),base,"[1, 2, 3]","c|[1, 1.0, 0],[1, 1.0, 1],[1, 1.5, 1]|integer|as-sorted",const char*,eacute,c3a9,t|c3a9|2|1|1,true,true
P14_11_0_5_0,T[N] (C array),base,"[1, 2, 3]","c|[1, 1.0, 0],[1, 1.0, 1],[1, 1.5, 1]|integer|as-sorted",const char*,escapes,71756f74652022206261636b736c617368205c207461620968657265,t|71756f74652022206261636b736c617368205c207461620968657265|28|28|28,true,true
P14_11_2_0_0,T[N] (C array),empty,[],c||empty|as-sorted,const char*,base_empty,,t||0|0|0,true,true
P14_11_2_1_0,T[N] (C array),empty,[],c||empty|as-sorted,const char*,base_hello,68656c6c6f,t|68656c6c6f|5|5|5,true,true
P14_11_2_2_0,T[N] (C array),empty,[],c||empty|as-sorted,const char*,base_lines,6c696e65206f6e650a6c696e652074776f,t|6c696e65206f6e650a6c696e652074776f|17|17|17,true,true
P14_11_2_3_0,T[N] (C array),empty,[],c||empty|as-sorted,const char*,clef,f09d849e,t|f09d849e|4|1|1,true,true
P14_11_2_4_0,T[N] (C array),empty,[],c||empty|as-sorted,const char*,eacute,c3a9,t|c3a9|2|1|1,true,true
P14_11_2_5_0,T[N] (C array),empty,[],c||empty|as-sorted,const char*,escapes,71756f74652022206261636b736c617368205c207461620968657265,t|71756f74652022206261636b736c617368205c207461620968657265|28|28|28,true,true
P14_11_4_0_0,T[N] (C array),strs,"['a', 'b']","c|t|61|1|1|1,t|62|1|1|1|integer|as-sorted",const char*,base_empty,,t||0|0|0,true,true
P14_11_4_1_0,T[N] (C array),strs,"['a', 'b']","c|t|61|1|1|1,t|62|1|1|1|integer|as-sorted",const char*,base_hello,68656c6c6f,t|68656c6c6f|5|5|5,true,true
P14_11_4_2_0,T[N] (C array),strs,"['a', 'b']","c|t|61|1|1|1,t|62|1|1|1|integer|as-sorted",const char*,base_lines,6c696e65206f6e650a6c696e652074776f,t|6c696e65206f6e650a6c696e652074776f|17|17|17,true,true
P14_11_4_3_0,T[N] (C array),strs,"['a', 'b']","c|t|61|1|1|1,t|62|1|1|1|integer|as-sorted",const char*,clef,f09d849e,t|f09d849e|4|1|1,true,true
P14_11_4_4_0,T[N] (C array),strs,"['a', 'b']","c|t|61|1|1|1,t|62|1|1|1|integer|as-sorted",const char*,eacute,c3a9,t|c3a9|2|1|1,true,true
P14_11_4_5_0,T[N] (C array),strs,"['a', 'b']","c|t|61|1|1|1,t|62|1|1|1|integer|as-sorted",const char*,escapes,71756f74652022206261636b736c617368205c207461620968657265,t|71756f74652022206261636b736c617368205c207461620968657265|28|28|28,true,true
