probe_id,lhs_holder,lhs_value_class,lhs_bytes,lhs_canon,rhs_holder,rhs_value_class,rhs_bytes,rhs_canon,output_bytes,output_canon
P1_4_0_0_17,std::nullptr_t,null,null,null,int32_t,base_42,0000002a,"[1, 1.3125, 5]",true,true
P1_4_0_1_17,std::nullptr_t,null,null,null,int32_t,base_zero,00000000,"[1, 0.0, 0]",false,false
P1_4_0_2_17,std::nullptr_t,null,null,null,int32_t,i64max,ffffffff,"[-1, 1.0, 0]",true,true
P1_4_0_3_17,std::nullptr_t,null,null,null,int32_t,i64max_plus1,00000000,"[1, 0.0, 0]",false,false
P1_4_0_4_17,std::nullptr_t,null,null,null,int32_t,p53_plus1,00000001,"[1, 1.0, 0]",true,true
P1_4_0_5_17,std::nullptr_t,null,null,null,int32_t,u64max,ffffffff,"[-1, 1.0, 0]",true,true
P1_5_0_0_17,std::nullptr_t,null,null,null,int64_t,base_42,000000000000002a,"[1, 1.3125, 5]",true,true
P1_5_0_1_17,std::nullptr_t,null,null,null,int64_t,base_zero,0000000000000000,"[1, 0.0, 0]",false,false
P1_5_0_2_17,std::nullptr_t,null,null,null,int64_t,i64max,7fffffffffffffff,"[1, 1.9999999999999999997831595655029, 62]",true,true
P1_5_0_3_17,std::nullptr_t,null,null,null,int64_t,i64max_plus1,8000000000000000,"[-1, 1.0, 63]",true,true
P1_5_0_4_17,std::nullptr_t,null,null,null,int64_t,p53_plus1,0020000000000001,"[1, 1.0000000000000001110223024625157, 53]",true,true
P1_5_0_5_17,std::nullptr_t,null,null,null,int64_t,u64max,ffffffffffffffff,"[-1, 1.0, 0]",true,true
P1_6_0_0_17,std::nullptr_t,null,null,null,uint64_t,base_42,000000000000002a,"[1, 1.3125, 5]",true,true
P1_6_0_1_17,std::nullptr_t,null,null,null,uint64_t,base_zero,0000000000000000,"[1, 0.0, 0]",false,false
P1_6_0_2_17,std::nullptr_t,null,null,null,uint64_t,i64max,7fffffffffffffff,"[1, 1.9999999999999999997831595655029, 62]",true,true
P1_6_0_3_17,std::nullptr_t,null,null,null,uint64_t,i64max_plus1,8000000000000000,"[1, 1.0, 63]",true,true
P1_6_0_4_17,std::nullptr_t,null,null,null,uint64_t,p53_plus1,0020000000000001,"[1, 1.0000000000000001110223024625157, 53]",true,true
P1_6_0_5_17,std::nullptr_t,null,null,null,uint64_t,u64max,ffffffffffffffff,"[1, 1.9999999999999999998915797827514, 63]",true,true
P1_7_0_0_17,std::nullptr_t,null,null,null,__int128,base_42,0000000000000000000000000000002a,"[1, 1.3125, 5]",true,true
P1_7_0_1_17,std::nullptr_t,null,null,null,__int128,base_zero,00000000000000000000000000000000,"[1, 0.0, 0]",false,false
P1_7_0_2_17,std::nullptr_t,null,null,null,__int128,i64max,00000000000000007fffffffffffffff,"[1, 1.9999999999999999997831595655029, 62]",true,true
P1_7_0_3_17,std::nullptr_t,null,null,null,__int128,i64max_plus1,00000000000000008000000000000000,"[1, 1.0, 63]",true,true
P1_7_0_4_17,std::nullptr_t,null,null,null,__int128,p53_plus1,00000000000000000020000000000001,"[1, 1.0000000000000001110223024625157, 53]",true,true
P1_7_0_5_17,std::nullptr_t,null,null,null,__int128,u64max,0000000000000000ffffffffffffffff,"[1, 1.9999999999999999998915797827514, 63]",true,true
P1_8_0_0_17,std::nullptr_t,null,null,null,double,base_1_5,3ff8000000000000,"[1, 1.5, 0]",true,true
P1_8_0_1_17,std::nullptr_t,null,null,null,double,base_pi,400921fb54442d18,"[1, 1.5707963267948965579989817342721, 1]",true,true
P1_8_0_2_17,std::nullptr_t,null,null,null,double,inf,7ff0000000000000,"[1, inf]",true,true
P1_8_0_3_17,std::nullptr_t,null,null,null,double,nan,7ff8000000000000,nan,true,true
P1_8_0_4_17,std::nullptr_t,null,null,null,double,negzero,8000000000000000,"[-1, 0.0, 0]",false,false
P1_8_0_5_17,std::nullptr_t,null,null,null,double,point1,3fb999999999999a,"[1, 1.6000000000000000888178419700125, -4]",true,true
P1_9_0_0_17,std::nullptr_t,null,null,null,float,base_1_5,3fc00000,"[1, 1.5, 0]",true,true
P1_9_0_1_17,std::nullptr_t,null,null,null,float,base_pi,40490fdb,"[1, 1.57079637050628662109375, 1]",true,true
P1_9_0_2_17,std::nullptr_t,null,null,null,float,inf,7f800000,"[1, inf]",true,true
P1_9_0_3_17,std::nullptr_t,null,null,null,float,nan,7fc00000,nan,true,true
P1_9_0_4_17,std::nullptr_t,null,null,null,float,negzero,80000000,"[-1, 0.0, 0]",false,false
P1_9_0_5_17,std::nullptr_t,null,null,null,float,point1,3dcccccd,"[1, 1.60000002384185791015625, -4]",true,true
P1_11_0_0_17,std::nullptr_t,null,null,null,const char*,base_empty,,t||0|0|0,true,true
P1_11_0_1_17,std::nullptr_t,null,null,null,const char*,base_hello,68656c6c6f,t|68656c6c6f|5|5|5,true,true
P1_11_0_2_17,std::nullptr_t,null,null,null,const char*,base_lines,6c696e65206f6e650a6c696e652074776f,t|6c696e65206f6e650a6c696e652074776f|17|17|17,true,true
P1_11_0_3_17,std::nullptr_t,null,null,null,const char*,clef,f09d849e,t|f09d849e|4|1|1,true,true
P1_11_0_4_17,std::nullptr_t,null,null,null,const char*,eacute,c3a9,t|c3a9|2|1|1,true,true
P1_11_0_5_17,std::nullptr_t,null,null,null,const char*,escapes,71756f74652022206261636b736c617368205c207461620968657265,t|71756f74652022206261636b736c617368205c207461620968657265|28|28|28,true,true
P1_14_0_0_17,std::nullptr_t,null,null,null,T[N] (C array),base,"[1, 2, 3]","c|[1, 1.0, 0],[1, 1.0, 1],[1, 1.5, 1]|integer|as-sorted",true,true
P1_14_0_2_17,std::nullptr_t,null,null,null,T[N] (C array),empty,[],c||empty|as-sorted,true,true
P1_14_0_4_17,std::nullptr_t,null,null,null,T[N] (C array),strs,"['a', 'b']","c|t|61|1|1|1,t|62|1|1|1|integer|as-sorted",true,true
P2_4_0_0_17,std::optional<int64_t>,null,null,null,int32_t,base_42,0000002a,"[1, 1.3125, 5]",true,true
P2_4_0_1_17,std::optional<int64_t>,null,null,null,int32_t,base_zero,00000000,"[1, 0.0, 0]",false,false
P2_4_0_2_17,std::optional<int64_t>,null,null,null,int32_t,i64max,ffffffff,"[-1, 1.0, 0]",true,true
P2_4_0_3_17,std::optional<int64_t>,null,null,null,int32_t,i64max_plus1,00000000,"[1, 0.0, 0]",false,false
P2_4_0_4_17,std::optional<int64_t>,null,null,null,int32_t,p53_plus1,00000001,"[1, 1.0, 0]",true,true
P2_4_0_5_17,std::optional<int64_t>,null,null,null,int32_t,u64max,ffffffff,"[-1, 1.0, 0]",true,true
P2_5_0_0_17,std::optional<int64_t>,null,null,null,int64_t,base_42,000000000000002a,"[1, 1.3125, 5]",true,true
P2_5_0_1_17,std::optional<int64_t>,null,null,null,int64_t,base_zero,0000000000000000,"[1, 0.0, 0]",false,false
P2_5_0_2_17,std::optional<int64_t>,null,null,null,int64_t,i64max,7fffffffffffffff,"[1, 1.9999999999999999997831595655029, 62]",true,true
P2_5_0_3_17,std::optional<int64_t>,null,null,null,int64_t,i64max_plus1,8000000000000000,"[-1, 1.0, 63]",true,true
P2_5_0_4_17,std::optional<int64_t>,null,null,null,int64_t,p53_plus1,0020000000000001,"[1, 1.0000000000000001110223024625157, 53]",true,true
P2_5_0_5_17,std::optional<int64_t>,null,null,null,int64_t,u64max,ffffffffffffffff,"[-1, 1.0, 0]",true,true
P2_6_0_0_17,std::optional<int64_t>,null,null,null,uint64_t,base_42,000000000000002a,"[1, 1.3125, 5]",true,true
P2_6_0_1_17,std::optional<int64_t>,null,null,null,uint64_t,base_zero,0000000000000000,"[1, 0.0, 0]",false,false
P2_6_0_2_17,std::optional<int64_t>,null,null,null,uint64_t,i64max,7fffffffffffffff,"[1, 1.9999999999999999997831595655029, 62]",true,true
P2_6_0_3_17,std::optional<int64_t>,null,null,null,uint64_t,i64max_plus1,8000000000000000,"[1, 1.0, 63]",true,true
P2_6_0_4_17,std::optional<int64_t>,null,null,null,uint64_t,p53_plus1,0020000000000001,"[1, 1.0000000000000001110223024625157, 53]",true,true
P2_6_0_5_17,std::optional<int64_t>,null,null,null,uint64_t,u64max,ffffffffffffffff,"[1, 1.9999999999999999998915797827514, 63]",true,true
P2_7_0_0_17,std::optional<int64_t>,null,null,null,__int128,base_42,0000000000000000000000000000002a,"[1, 1.3125, 5]",true,true
P2_7_0_1_17,std::optional<int64_t>,null,null,null,__int128,base_zero,00000000000000000000000000000000,"[1, 0.0, 0]",false,false
P2_7_0_2_17,std::optional<int64_t>,null,null,null,__int128,i64max,00000000000000007fffffffffffffff,"[1, 1.9999999999999999997831595655029, 62]",true,true
P2_7_0_3_17,std::optional<int64_t>,null,null,null,__int128,i64max_plus1,00000000000000008000000000000000,"[1, 1.0, 63]",true,true
P2_7_0_4_17,std::optional<int64_t>,null,null,null,__int128,p53_plus1,00000000000000000020000000000001,"[1, 1.0000000000000001110223024625157, 53]",true,true
P2_7_0_5_17,std::optional<int64_t>,null,null,null,__int128,u64max,0000000000000000ffffffffffffffff,"[1, 1.9999999999999999998915797827514, 63]",true,true
P2_8_0_0_17,std::optional<int64_t>,null,null,null,double,base_1_5,3ff8000000000000,"[1, 1.5, 0]",true,true
P2_8_0_1_17,std::optional<int64_t>,null,null,null,double,base_pi,400921fb54442d18,"[1, 1.5707963267948965579989817342721, 1]",true,true
P2_8_0_2_17,std::optional<int64_t>,null,null,null,double,inf,7ff0000000000000,"[1, inf]",true,true
P2_8_0_3_17,std::optional<int64_t>,null,null,null,double,nan,7ff8000000000000,nan,true,true
P2_8_0_4_17,std::optional<int64_t>,null,null,null,double,negzero,8000000000000000,"[-1, 0.0, 0]",false,false
P2_8_0_5_17,std::optional<int64_t>,null,null,null,double,point1,3fb999999999999a,"[1, 1.6000000000000000888178419700125, -4]",true,true
P2_9_0_0_17,std::optional<int64_t>,null,null,null,float,base_1_5,3fc00000,"[1, 1.5, 0]",true,true
P2_9_0_1_17,std::optional<int64_t>,null,null,null,float,base_pi,40490fdb,"[1, 1.57079637050628662109375, 1]",true,true
P2_9_0_2_17,std::optional<int64_t>,null,null,null,float,inf,7f800000,"[1, inf]",true,true
P2_9_0_3_17,std::optional<int64_t>,null,null,null,float,nan,7fc00000,nan,true,true
P2_9_0_4_17,std::optional<int64_t>,null,null,null,float,negzero,80000000,"[-1, 0.0, 0]",false,false
P2_9_0_5_17,std::optional<int64_t>,null,null,null,float,point1,3dcccccd,"[1, 1.60000002384185791015625, -4]",true,true
P2_11_0_0_17,std::optional<int64_t>,null,null,null,const char*,base_empty,,t||0|0|0,true,true
P2_11_0_1_17,std::optional<int64_t>,null,null,null,const char*,base_hello,68656c6c6f,t|68656c6c6f|5|5|5,true,true
P2_11_0_2_17,std::optional<int64_t>,null,null,null,const char*,base_lines,6c696e65206f6e650a6c696e652074776f,t|6c696e65206f6e650a6c696e652074776f|17|17|17,true,true
P2_11_0_3_17,std::optional<int64_t>,null,null,null,const char*,clef,f09d849e,t|f09d849e|4|1|1,true,true
P2_11_0_4_17,std::optional<int64_t>,null,null,null,const char*,eacute,c3a9,t|c3a9|2|1|1,true,true
P2_11_0_5_17,std::optional<int64_t>,null,null,null,const char*,escapes,71756f74652022206261636b736c617368205c207461620968657265,t|71756f74652022206261636b736c617368205c207461620968657265|28|28|28,true,true
P2_14_0_0_17,std::optional<int64_t>,null,null,null,T[N] (C array),base,"[1, 2, 3]","c|[1, 1.0, 0],[1, 1.0, 1],[1, 1.5, 1]|integer|as-sorted",true,true
P2_14_0_2_17,std::optional<int64_t>,null,null,null,T[N] (C array),empty,[],c||empty|as-sorted,true,true
P2_14_0_4_17,std::optional<int64_t>,null,null,null,T[N] (C array),strs,"['a', 'b']","c|t|61|1|1|1,t|62|1|1|1|integer|as-sorted",true,true
P3_3_0_0_17,bool,false,false,false,bool,false,false,false,false,false
P3_3_0_1_17,bool,false,false,false,bool,true,true,true,true,true
P3_3_1_0_17,bool,true,true,true,bool,false,false,false,true,true
P3_3_1_1_17,bool,true,true,true,bool,true,true,true,true,true
P3_4_0_0_17,bool,false,false,false,int32_t,base_42,0000002a,"[1, 1.3125, 5]",true,true
P3_4_0_1_17,bool,false,false,false,int32_t,base_zero,00000000,"[1, 0.0, 0]",false,false
P3_4_0_2_17,bool,false,false,false,int32_t,i64max,ffffffff,"[-1, 1.0, 0]",true,true
P3_4_0_3_17,bool,false,false,false,int32_t,i64max_plus1,00000000,"[1, 0.0, 0]",false,false
P3_4_0_4_17,bool,false,false,false,int32_t,p53_plus1,00000001,"[1, 1.0, 0]",true,true
P3_4_0_5_17,bool,false,false,false,int32_t,u64max,ffffffff,"[-1, 1.0, 0]",true,true
P3_4_1_0_17,bool,true,true,true,int32_t,base_42,0000002a,"[1, 1.3125, 5]",true,true
P3_4_1_1_17,bool,true,true,true,int32_t,base_zero,00000000,"[1, 0.0, 0]",true,true
P3_4_1_2_17,bool,true,true,true,int32_t,i64max,ffffffff,"[-1, 1.0, 0]",true,true
P3_4_1_3_17,bool,true,true,true,int32_t,i64max_plus1,00000000,"[1, 0.0, 0]",true,true
P3_4_1_4_17,bool,true,true,true,int32_t,p53_plus1,00000001,"[1, 1.0, 0]",true,true
P3_4_1_5_17,bool,true,true,true,int32_t,u64max,ffffffff,"[-1, 1.0, 0]",true,true
P3_5_0_0_17,bool,false,false,false,int64_t,base_42,000000000000002a,"[1, 1.3125, 5]",true,true
P3_5_0_1_17,bool,false,false,false,int64_t,base_zero,0000000000000000,"[1, 0.0, 0]",false,false
P3_5_0_2_17,bool,false,false,false,int64_t,i64max,7fffffffffffffff,"[1, 1.9999999999999999997831595655029, 62]",true,true
P3_5_0_3_17,bool,false,false,false,int64_t,i64max_plus1,8000000000000000,"[-1, 1.0, 63]",true,true
P3_5_0_4_17,bool,false,false,false,int64_t,p53_plus1,0020000000000001,"[1, 1.0000000000000001110223024625157, 53]",true,true
P3_5_0_5_17,bool,false,false,false,int64_t,u64max,ffffffffffffffff,"[-1, 1.0, 0]",true,true
P3_5_1_0_17,bool,true,true,true,int64_t,base_42,000000000000002a,"[1, 1.3125, 5]",true,true
P3_5_1_1_17,bool,true,true,true,int64_t,base_zero,0000000000000000,"[1, 0.0, 0]",true,true
P3_5_1_2_17,bool,true,true,true,int64_t,i64max,7fffffffffffffff,"[1, 1.9999999999999999997831595655029, 62]",true,true
P3_5_1_3_17,bool,true,true,true,int64_t,i64max_plus1,8000000000000000,"[-1, 1.0, 63]",true,true
P3_5_1_4_17,bool,true,true,true,int64_t,p53_plus1,0020000000000001,"[1, 1.0000000000000001110223024625157, 53]",true,true
P3_5_1_5_17,bool,true,true,true,int64_t,u64max,ffffffffffffffff,"[-1, 1.0, 0]",true,true
P3_6_0_0_17,bool,false,false,false,uint64_t,base_42,000000000000002a,"[1, 1.3125, 5]",true,true
P3_6_0_1_17,bool,false,false,false,uint64_t,base_zero,0000000000000000,"[1, 0.0, 0]",false,false
P3_6_0_2_17,bool,false,false,false,uint64_t,i64max,7fffffffffffffff,"[1, 1.9999999999999999997831595655029, 62]",true,true
P3_6_0_3_17,bool,false,false,false,uint64_t,i64max_plus1,8000000000000000,"[1, 1.0, 63]",true,true
P3_6_0_4_17,bool,false,false,false,uint64_t,p53_plus1,0020000000000001,"[1, 1.0000000000000001110223024625157, 53]",true,true
P3_6_0_5_17,bool,false,false,false,uint64_t,u64max,ffffffffffffffff,"[1, 1.9999999999999999998915797827514, 63]",true,true
P3_6_1_0_17,bool,true,true,true,uint64_t,base_42,000000000000002a,"[1, 1.3125, 5]",true,true
P3_6_1_1_17,bool,true,true,true,uint64_t,base_zero,0000000000000000,"[1, 0.0, 0]",true,true
P3_6_1_2_17,bool,true,true,true,uint64_t,i64max,7fffffffffffffff,"[1, 1.9999999999999999997831595655029, 62]",true,true
P3_6_1_3_17,bool,true,true,true,uint64_t,i64max_plus1,8000000000000000,"[1, 1.0, 63]",true,true
P3_6_1_4_17,bool,true,true,true,uint64_t,p53_plus1,0020000000000001,"[1, 1.0000000000000001110223024625157, 53]",true,true
P3_6_1_5_17,bool,true,true,true,uint64_t,u64max,ffffffffffffffff,"[1, 1.9999999999999999998915797827514, 63]",true,true
P3_7_0_0_17,bool,false,false,false,__int128,base_42,0000000000000000000000000000002a,"[1, 1.3125, 5]",true,true
P3_7_0_1_17,bool,false,false,false,__int128,base_zero,00000000000000000000000000000000,"[1, 0.0, 0]",false,false
P3_7_0_2_17,bool,false,false,false,__int128,i64max,00000000000000007fffffffffffffff,"[1, 1.9999999999999999997831595655029, 62]",true,true
P3_7_0_3_17,bool,false,false,false,__int128,i64max_plus1,00000000000000008000000000000000,"[1, 1.0, 63]",true,true
P3_7_0_4_17,bool,false,false,false,__int128,p53_plus1,00000000000000000020000000000001,"[1, 1.0000000000000001110223024625157, 53]",true,true
P3_7_0_5_17,bool,false,false,false,__int128,u64max,0000000000000000ffffffffffffffff,"[1, 1.9999999999999999998915797827514, 63]",true,true
P3_7_1_0_17,bool,true,true,true,__int128,base_42,0000000000000000000000000000002a,"[1, 1.3125, 5]",true,true
P3_7_1_1_17,bool,true,true,true,__int128,base_zero,00000000000000000000000000000000,"[1, 0.0, 0]",true,true
P3_7_1_2_17,bool,true,true,true,__int128,i64max,00000000000000007fffffffffffffff,"[1, 1.9999999999999999997831595655029, 62]",true,true
P3_7_1_3_17,bool,true,true,true,__int128,i64max_plus1,00000000000000008000000000000000,"[1, 1.0, 63]",true,true
P3_7_1_4_17,bool,true,true,true,__int128,p53_plus1,00000000000000000020000000000001,"[1, 1.0000000000000001110223024625157, 53]",true,true
P3_7_1_5_17,bool,true,true,true,__int128,u64max,0000000000000000ffffffffffffffff,"[1, 1.9999999999999999998915797827514, 63]",true,true
P3_8_0_0_17,bool,false,false,false,double,base_1_5,3ff8000000000000,"[1, 1.5, 0]",true,true
P3_8_0_1_17,bool,false,false,false,double,base_pi,400921fb54442d18,"[1, 1.5707963267948965579989817342721, 1]",true,true
P3_8_0_2_17,bool,false,false,false,double,inf,7ff0000000000000,"[1, inf]",true,true
P3_8_0_3_17,bool,false,false,false,double,nan,7ff8000000000000,nan,true,true
P3_8_0_4_17,bool,false,false,false,double,negzero,8000000000000000,"[-1, 0.0, 0]",false,false
P3_8_0_5_17,bool,false,false,false,double,point1,3fb999999999999a,"[1, 1.6000000000000000888178419700125, -4]",true,true
P3_8_1_0_17,bool,true,true,true,double,base_1_5,3ff8000000000000,"[1, 1.5, 0]",true,true
P3_8_1_1_17,bool,true,true,true,double,base_pi,400921fb54442d18,"[1, 1.5707963267948965579989817342721, 1]",true,true
P3_8_1_2_17,bool,true,true,true,double,inf,7ff0000000000000,"[1, inf]",true,true
P3_8_1_3_17,bool,true,true,true,double,nan,7ff8000000000000,nan,true,true
P3_8_1_4_17,bool,true,true,true,double,negzero,8000000000000000,"[-1, 0.0, 0]",true,true
P3_8_1_5_17,bool,true,true,true,double,point1,3fb999999999999a,"[1, 1.6000000000000000888178419700125, -4]",true,true
P3_9_0_0_17,bool,false,false,false,float,base_1_5,3fc00000,"[1, 1.5, 0]",true,true
P3_9_0_1_17,bool,false,false,false,float,base_pi,40490fdb,"[1, 1.57079637050628662109375, 1]",true,true
P3_9_0_2_17,bool,false,false,false,float,inf,7f800000,"[1, inf]",true,true
P3_9_0_3_17,bool,false,false,false,float,nan,7fc00000,nan,true,true
P3_9_0_4_17,bool,false,false,false,float,negzero,80000000,"[-1, 0.0, 0]",false,false
P3_9_0_5_17,bool,false,false,false,float,point1,3dcccccd,"[1, 1.60000002384185791015625, -4]",true,true
P3_9_1_0_17,bool,true,true,true,float,base_1_5,3fc00000,"[1, 1.5, 0]",true,true
P3_9_1_1_17,bool,true,true,true,float,base_pi,40490fdb,"[1, 1.57079637050628662109375, 1]",true,true
P3_9_1_2_17,bool,true,true,true,float,inf,7f800000,"[1, inf]",true,true
P3_9_1_3_17,bool,true,true,true,float,nan,7fc00000,nan,true,true
P3_9_1_4_17,bool,true,true,true,float,negzero,80000000,"[-1, 0.0, 0]",true,true
P3_9_1_5_17,bool,true,true,true,float,point1,3dcccccd,"[1, 1.60000002384185791015625, -4]",true,true
P3_11_0_0_17,bool,false,false,false,const char*,base_empty,,t||0|0|0,true,true
P3_11_0_1_17,bool,false,false,false,const char*,base_hello,68656c6c6f,t|68656c6c6f|5|5|5,true,true
P3_11_0_2_17,bool,false,false,false,const char*,base_lines,6c696e65206f6e650a6c696e652074776f,t|6c696e65206f6e650a6c696e652074776f|17|17|17,true,true
P3_11_0_3_17,bool,false,false,false,const char*,clef,f09d849e,t|f09d849e|4|1|1,true,true
P3_11_0_4_17,bool,false,false,false,const char*,eacute,c3a9,t|c3a9|2|1|1,true,true
P3_11_0_5_17,bool,false,false,false,const char*,escapes,71756f74652022206261636b736c617368205c207461620968657265,t|71756f74652022206261636b736c617368205c207461620968657265|28|28|28,true,true
P3_11_1_0_17,bool,true,true,true,const char*,base_empty,,t||0|0|0,true,true
P3_11_1_1_17,bool,true,true,true,const char*,base_hello,68656c6c6f,t|68656c6c6f|5|5|5,true,true
P3_11_1_2_17,bool,true,true,true,const char*,base_lines,6c696e65206f6e650a6c696e652074776f,t|6c696e65206f6e650a6c696e652074776f|17|17|17,true,true
P3_11_1_3_17,bool,true,true,true,const char*,clef,f09d849e,t|f09d849e|4|1|1,true,true
P3_11_1_4_17,bool,true,true,true,const char*,eacute,c3a9,t|c3a9|2|1|1,true,true
P3_11_1_5_17,bool,true,true,true,const char*,escapes,71756f74652022206261636b736c617368205c207461620968657265,t|71756f74652022206261636b736c617368205c207461620968657265|28|28|28,true,true
P3_14_0_0_17,bool,false,false,false,T[N] (C array),base,"[1, 2, 3]","c|[1, 1.0, 0],[1, 1.0, 1],[1, 1.5, 1]|integer|as-sorted",true,true
P3_14_0_2_17,bool,false,false,false,T[N] (C array),empty,[],c||empty|as-sorted,true,true
P3_14_0_4_17,bool,false,false,false,T[N] (C array),strs,"['a', 'b']","c|t|61|1|1|1,t|62|1|1|1|integer|as-sorted",true,true
P3_14_1_0_17,bool,true,true,true,T[N] (C array),base,"[1, 2, 3]","c|[1, 1.0, 0],[1, 1.0, 1],[1, 1.5, 1]|integer|as-sorted",true,true
P3_14_1_2_17,bool,true,true,true,T[N] (C array),empty,[],c||empty|as-sorted,true,true
P3_14_1_4_17,bool,true,true,true,T[N] (C array),strs,"['a', 'b']","c|t|61|1|1|1,t|62|1|1|1|integer|as-sorted",true,true
P4_1_0_0_17,int32_t,base_42,0000002a,"[1, 1.3125, 5]",std::nullptr_t,null,null,null,true,true
P4_1_1_0_17,int32_t,base_zero,00000000,"[1, 0.0, 0]",std::nullptr_t,null,null,null,false,false
P4_1_2_0_17,int32_t,i64max,ffffffff,"[-1, 1.0, 0]",std::nullptr_t,null,null,null,true,true
P4_1_3_0_17,int32_t,i64max_plus1,00000000,"[1, 0.0, 0]",std::nullptr_t,null,null,null,false,false
P4_1_4_0_17,int32_t,p53_plus1,00000001,"[1, 1.0, 0]",std::nullptr_t,null,null,null,true,true
P4_1_5_0_17,int32_t,u64max,ffffffff,"[-1, 1.0, 0]",std::nullptr_t,null,null,null,true,true
P4_2_0_0_17,int32_t,base_42,0000002a,"[1, 1.3125, 5]",std::optional<int64_t>,null,null,null,true,true
P4_2_1_0_17,int32_t,base_zero,00000000,"[1, 0.0, 0]",std::optional<int64_t>,null,null,null,false,false
P4_2_2_0_17,int32_t,i64max,ffffffff,"[-1, 1.0, 0]",std::optional<int64_t>,null,null,null,true,true
P4_2_3_0_17,int32_t,i64max_plus1,00000000,"[1, 0.0, 0]",std::optional<int64_t>,null,null,null,false,false
P4_2_4_0_17,int32_t,p53_plus1,00000001,"[1, 1.0, 0]",std::optional<int64_t>,null,null,null,true,true
P4_2_5_0_17,int32_t,u64max,ffffffff,"[-1, 1.0, 0]",std::optional<int64_t>,null,null,null,true,true
P4_3_0_0_17,int32_t,base_42,0000002a,"[1, 1.3125, 5]",bool,false,false,false,true,true
P4_3_0_1_17,int32_t,base_42,0000002a,"[1, 1.3125, 5]",bool,true,true,true,true,true
P4_3_1_0_17,int32_t,base_zero,00000000,"[1, 0.0, 0]",bool,false,false,false,false,false
P4_3_1_1_17,int32_t,base_zero,00000000,"[1, 0.0, 0]",bool,true,true,true,true,true
P4_3_2_0_17,int32_t,i64max,ffffffff,"[-1, 1.0, 0]",bool,false,false,false,true,true
P4_3_2_1_17,int32_t,i64max,ffffffff,"[-1, 1.0, 0]",bool,true,true,true,true,true
P4_3_3_0_17,int32_t,i64max_plus1,00000000,"[1, 0.0, 0]",bool,false,false,false,false,false
P4_3_3_1_17,int32_t,i64max_plus1,00000000,"[1, 0.0, 0]",bool,true,true,true,true,true
P4_3_4_0_17,int32_t,p53_plus1,00000001,"[1, 1.0, 0]",bool,false,false,false,true,true
P4_3_4_1_17,int32_t,p53_plus1,00000001,"[1, 1.0, 0]",bool,true,true,true,true,true
P4_3_5_0_17,int32_t,u64max,ffffffff,"[-1, 1.0, 0]",bool,false,false,false,true,true
P4_3_5_1_17,int32_t,u64max,ffffffff,"[-1, 1.0, 0]",bool,true,true,true,true,true
P4_4_0_0_17,int32_t,base_42,0000002a,"[1, 1.3125, 5]",int32_t,base_42,0000002a,"[1, 1.3125, 5]",true,true
P4_4_0_1_17,int32_t,base_42,0000002a,"[1, 1.3125, 5]",int32_t,base_zero,00000000,"[1, 0.0, 0]",true,true
P4_4_0_2_17,int32_t,base_42,0000002a,"[1, 1.3125, 5]",int32_t,i64max,ffffffff,"[-1, 1.0, 0]",true,true
P4_4_0_3_17,int32_t,base_42,0000002a,"[1, 1.3125, 5]",int32_t,i64max_plus1,00000000,"[1, 0.0, 0]",true,true
P4_4_0_4_17,int32_t,base_42,0000002a,"[1, 1.3125, 5]",int32_t,p53_plus1,00000001,"[1, 1.0, 0]",true,true
P4_4_0_5_17,int32_t,base_42,0000002a,"[1, 1.3125, 5]",int32_t,u64max,ffffffff,"[-1, 1.0, 0]",true,true
P4_4_1_0_17,int32_t,base_zero,00000000,"[1, 0.0, 0]",int32_t,base_42,0000002a,"[1, 1.3125, 5]",true,true
P4_4_1_1_17,int32_t,base_zero,00000000,"[1, 0.0, 0]",int32_t,base_zero,00000000,"[1, 0.0, 0]",false,false
P4_4_1_2_17,int32_t,base_zero,00000000,"[1, 0.0, 0]",int32_t,i64max,ffffffff,"[-1, 1.0, 0]",true,true
P4_4_1_3_17,int32_t,base_zero,00000000,"[1, 0.0, 0]",int32_t,i64max_plus1,00000000,"[1, 0.0, 0]",false,false
P4_4_1_4_17,int32_t,base_zero,00000000,"[1, 0.0, 0]",int32_t,p53_plus1,00000001,"[1, 1.0, 0]",true,true
P4_4_1_5_17,int32_t,base_zero,00000000,"[1, 0.0, 0]",int32_t,u64max,ffffffff,"[-1, 1.0, 0]",true,true
P4_4_2_0_17,int32_t,i64max,ffffffff,"[-1, 1.0, 0]",int32_t,base_42,0000002a,"[1, 1.3125, 5]",true,true
P4_4_2_1_17,int32_t,i64max,ffffffff,"[-1, 1.0, 0]",int32_t,base_zero,00000000,"[1, 0.0, 0]",true,true
P4_4_2_2_17,int32_t,i64max,ffffffff,"[-1, 1.0, 0]",int32_t,i64max,ffffffff,"[-1, 1.0, 0]",true,true
P4_4_2_3_17,int32_t,i64max,ffffffff,"[-1, 1.0, 0]",int32_t,i64max_plus1,00000000,"[1, 0.0, 0]",true,true
P4_4_2_4_17,int32_t,i64max,ffffffff,"[-1, 1.0, 0]",int32_t,p53_plus1,00000001,"[1, 1.0, 0]",true,true
P4_4_2_5_17,int32_t,i64max,ffffffff,"[-1, 1.0, 0]",int32_t,u64max,ffffffff,"[-1, 1.0, 0]",true,true
P4_4_3_0_17,int32_t,i64max_plus1,00000000,"[1, 0.0, 0]",int32_t,base_42,0000002a,"[1, 1.3125, 5]",true,true
P4_4_3_1_17,int32_t,i64max_plus1,00000000,"[1, 0.0, 0]",int32_t,base_zero,00000000,"[1, 0.0, 0]",false,false
P4_4_3_2_17,int32_t,i64max_plus1,00000000,"[1, 0.0, 0]",int32_t,i64max,ffffffff,"[-1, 1.0, 0]",true,true
P4_4_3_3_17,int32_t,i64max_plus1,00000000,"[1, 0.0, 0]",int32_t,i64max_plus1,00000000,"[1, 0.0, 0]",false,false
P4_4_3_4_17,int32_t,i64max_plus1,00000000,"[1, 0.0, 0]",int32_t,p53_plus1,00000001,"[1, 1.0, 0]",true,true
P4_4_3_5_17,int32_t,i64max_plus1,00000000,"[1, 0.0, 0]",int32_t,u64max,ffffffff,"[-1, 1.0, 0]",true,true
P4_4_4_0_17,int32_t,p53_plus1,00000001,"[1, 1.0, 0]",int32_t,base_42,0000002a,"[1, 1.3125, 5]",true,true
P4_4_4_1_17,int32_t,p53_plus1,00000001,"[1, 1.0, 0]",int32_t,base_zero,00000000,"[1, 0.0, 0]",true,true
P4_4_4_2_17,int32_t,p53_plus1,00000001,"[1, 1.0, 0]",int32_t,i64max,ffffffff,"[-1, 1.0, 0]",true,true
P4_4_4_3_17,int32_t,p53_plus1,00000001,"[1, 1.0, 0]",int32_t,i64max_plus1,00000000,"[1, 0.0, 0]",true,true
P4_4_4_4_17,int32_t,p53_plus1,00000001,"[1, 1.0, 0]",int32_t,p53_plus1,00000001,"[1, 1.0, 0]",true,true
P4_4_4_5_17,int32_t,p53_plus1,00000001,"[1, 1.0, 0]",int32_t,u64max,ffffffff,"[-1, 1.0, 0]",true,true
P4_4_5_0_17,int32_t,u64max,ffffffff,"[-1, 1.0, 0]",int32_t,base_42,0000002a,"[1, 1.3125, 5]",true,true
P4_4_5_1_17,int32_t,u64max,ffffffff,"[-1, 1.0, 0]",int32_t,base_zero,00000000,"[1, 0.0, 0]",true,true
P4_4_5_2_17,int32_t,u64max,ffffffff,"[-1, 1.0, 0]",int32_t,i64max,ffffffff,"[-1, 1.0, 0]",true,true
P4_4_5_3_17,int32_t,u64max,ffffffff,"[-1, 1.0, 0]",int32_t,i64max_plus1,00000000,"[1, 0.0, 0]",true,true
P4_4_5_4_17,int32_t,u64max,ffffffff,"[-1, 1.0, 0]",int32_t,p53_plus1,00000001,"[1, 1.0, 0]",true,true
P4_4_5_5_17,int32_t,u64max,ffffffff,"[-1, 1.0, 0]",int32_t,u64max,ffffffff,"[-1, 1.0, 0]",true,true
P4_5_0_0_17,int32_t,base_42,0000002a,"[1, 1.3125, 5]",int64_t,base_42,000000000000002a,"[1, 1.3125, 5]",true,true
P4_5_0_1_17,int32_t,base_42,0000002a,"[1, 1.3125, 5]",int64_t,base_zero,0000000000000000,"[1, 0.0, 0]",true,true
P4_5_0_2_17,int32_t,base_42,0000002a,"[1, 1.3125, 5]",int64_t,i64max,7fffffffffffffff,"[1, 1.9999999999999999997831595655029, 62]",true,true
P4_5_0_3_17,int32_t,base_42,0000002a,"[1, 1.3125, 5]",int64_t,i64max_plus1,8000000000000000,"[-1, 1.0, 63]",true,true
P4_5_0_4_17,int32_t,base_42,0000002a,"[1, 1.3125, 5]",int64_t,p53_plus1,0020000000000001,"[1, 1.0000000000000001110223024625157, 53]",true,true
P4_5_0_5_17,int32_t,base_42,0000002a,"[1, 1.3125, 5]",int64_t,u64max,ffffffffffffffff,"[-1, 1.0, 0]",true,true
P4_5_1_0_17,int32_t,base_zero,00000000,"[1, 0.0, 0]",int64_t,base_42,000000000000002a,"[1, 1.3125, 5]",true,true
P4_5_1_1_17,int32_t,base_zero,00000000,"[1, 0.0, 0]",int64_t,base_zero,0000000000000000,"[1, 0.0, 0]",false,false
P4_5_1_2_17,int32_t,base_zero,00000000,"[1, 0.0, 0]",int64_t,i64max,7fffffffffffffff,"[1, 1.9999999999999999997831595655029, 62]",true,true
P4_5_1_3_17,int32_t,base_zero,00000000,"[1, 0.0, 0]",int64_t,i64max_plus1,8000000000000000,"[-1, 1.0, 63]",true,true
P4_5_1_4_17,int32_t,base_zero,00000000,"[1, 0.0, 0]",int64_t,p53_plus1,0020000000000001,"[1, 1.0000000000000001110223024625157, 53]",true,true
P4_5_1_5_17,int32_t,base_zero,00000000,"[1, 0.0, 0]",int64_t,u64max,ffffffffffffffff,"[-1, 1.0, 0]",true,true
P4_5_2_0_17,int32_t,i64max,ffffffff,"[-1, 1.0, 0]",int64_t,base_42,000000000000002a,"[1, 1.3125, 5]",true,true
P4_5_2_1_17,int32_t,i64max,ffffffff,"[-1, 1.0, 0]",int64_t,base_zero,0000000000000000,"[1, 0.0, 0]",true,true
P4_5_2_2_17,int32_t,i64max,ffffffff,"[-1, 1.0, 0]",int64_t,i64max,7fffffffffffffff,"[1, 1.9999999999999999997831595655029, 62]",true,true
P4_5_2_3_17,int32_t,i64max,ffffffff,"[-1, 1.0, 0]",int64_t,i64max_plus1,8000000000000000,"[-1, 1.0, 63]",true,true
P4_5_2_4_17,int32_t,i64max,ffffffff,"[-1, 1.0, 0]",int64_t,p53_plus1,0020000000000001,"[1, 1.0000000000000001110223024625157, 53]",true,true
P4_5_2_5_17,int32_t,i64max,ffffffff,"[-1, 1.0, 0]",int64_t,u64max,ffffffffffffffff,"[-1, 1.0, 0]",true,true
P4_5_3_0_17,int32_t,i64max_plus1,00000000,"[1, 0.0, 0]",int64_t,base_42,000000000000002a,"[1, 1.3125, 5]",true,true
P4_5_3_1_17,int32_t,i64max_plus1,00000000,"[1, 0.0, 0]",int64_t,base_zero,0000000000000000,"[1, 0.0, 0]",false,false
P4_5_3_2_17,int32_t,i64max_plus1,00000000,"[1, 0.0, 0]",int64_t,i64max,7fffffffffffffff,"[1, 1.9999999999999999997831595655029, 62]",true,true
P4_5_3_3_17,int32_t,i64max_plus1,00000000,"[1, 0.0, 0]",int64_t,i64max_plus1,8000000000000000,"[-1, 1.0, 63]",true,true
P4_5_3_4_17,int32_t,i64max_plus1,00000000,"[1, 0.0, 0]",int64_t,p53_plus1,0020000000000001,"[1, 1.0000000000000001110223024625157, 53]",true,true
P4_5_3_5_17,int32_t,i64max_plus1,00000000,"[1, 0.0, 0]",int64_t,u64max,ffffffffffffffff,"[-1, 1.0, 0]",true,true
P4_5_4_0_17,int32_t,p53_plus1,00000001,"[1, 1.0, 0]",int64_t,base_42,000000000000002a,"[1, 1.3125, 5]",true,true
P4_5_4_1_17,int32_t,p53_plus1,00000001,"[1, 1.0, 0]",int64_t,base_zero,0000000000000000,"[1, 0.0, 0]",true,true
P4_5_4_2_17,int32_t,p53_plus1,00000001,"[1, 1.0, 0]",int64_t,i64max,7fffffffffffffff,"[1, 1.9999999999999999997831595655029, 62]",true,true
P4_5_4_3_17,int32_t,p53_plus1,00000001,"[1, 1.0, 0]",int64_t,i64max_plus1,8000000000000000,"[-1, 1.0, 63]",true,true
P4_5_4_4_17,int32_t,p53_plus1,00000001,"[1, 1.0, 0]",int64_t,p53_plus1,0020000000000001,"[1, 1.0000000000000001110223024625157, 53]",true,true
P4_5_4_5_17,int32_t,p53_plus1,00000001,"[1, 1.0, 0]",int64_t,u64max,ffffffffffffffff,"[-1, 1.0, 0]",true,true
P4_5_5_0_17,int32_t,u64max,ffffffff,"[-1, 1.0, 0]",int64_t,base_42,000000000000002a,"[1, 1.3125, 5]",true,true
P4_5_5_1_17,int32_t,u64max,ffffffff,"[-1, 1.0, 0]",int64_t,base_zero,0000000000000000,"[1, 0.0, 0]",true,true
P4_5_5_2_17,int32_t,u64max,ffffffff,"[-1, 1.0, 0]",int64_t,i64max,7fffffffffffffff,"[1, 1.9999999999999999997831595655029, 62]",true,true
P4_5_5_3_17,int32_t,u64max,ffffffff,"[-1, 1.0, 0]",int64_t,i64max_plus1,8000000000000000,"[-1, 1.0, 63]",true,true
P4_5_5_4_17,int32_t,u64max,ffffffff,"[-1, 1.0, 0]",int64_t,p53_plus1,0020000000000001,"[1, 1.0000000000000001110223024625157, 53]",true,true
P4_5_5_5_17,int32_t,u64max,ffffffff,"[-1, 1.0, 0]",int64_t,u64max,ffffffffffffffff,"[-1, 1.0, 0]",true,true
P4_6_0_0_17,int32_t,base_42,0000002a,"[1, 1.3125, 5]",uint64_t,base_42,000000000000002a,"[1, 1.3125, 5]",true,true
P4_6_0_1_17,int32_t,base_42,0000002a,"[1, 1.3125, 5]",uint64_t,base_zero,0000000000000000,"[1, 0.0, 0]",true,true
P4_6_0_2_17,int32_t,base_42,0000002a,"[1, 1.3125, 5]",uint64_t,i64max,7fffffffffffffff,"[1, 1.9999999999999999997831595655029, 62]",true,true
P4_6_0_3_17,int32_t,base_42,0000002a,"[1, 1.3125, 5]",uint64_t,i64max_plus1,8000000000000000,"[1, 1.0, 63]",true,true
P4_6_0_4_17,int32_t,base_42,0000002a,"[1, 1.3125, 5]",uint64_t,p53_plus1,0020000000000001,"[1, 1.0000000000000001110223024625157, 53]",true,true
P4_6_0_5_17,int32_t,base_42,0000002a,"[1, 1.3125, 5]",uint64_t,u64max,ffffffffffffffff,"[1, 1.9999999999999999998915797827514, 63]",true,true
P4_6_1_0_17,int32_t,base_zero,00000000,"[1, 0.0, 0]",uint64_t,base_42,000000000000002a,"[1, 1.3125, 5]",true,true
P4_6_1_1_17,int32_t,base_zero,00000000,"[1, 0.0, 0]",uint64_t,base_zero,0000000000000000,"[1, 0.0, 0]",false,false
P4_6_1_2_17,int32_t,base_zero,00000000,"[1, 0.0, 0]",uint64_t,i64max,7fffffffffffffff,"[1, 1.9999999999999999997831595655029, 62]",true,true
P4_6_1_3_17,int32_t,base_zero,00000000,"[1, 0.0, 0]",uint64_t,i64max_plus1,8000000000000000,"[1, 1.0, 63]",true,true
P4_6_1_4_17,int32_t,base_zero,00000000,"[1, 0.0, 0]",uint64_t,p53_plus1,0020000000000001,"[1, 1.0000000000000001110223024625157, 53]",true,true
P4_6_1_5_17,int32_t,base_zero,00000000,"[1, 0.0, 0]",uint64_t,u64max,ffffffffffffffff,"[1, 1.9999999999999999998915797827514, 63]",true,true
P4_6_2_0_17,int32_t,i64max,ffffffff,"[-1, 1.0, 0]",uint64_t,base_42,000000000000002a,"[1, 1.3125, 5]",true,true
P4_6_2_1_17,int32_t,i64max,ffffffff,"[-1, 1.0, 0]",uint64_t,base_zero,0000000000000000,"[1, 0.0, 0]",true,true
P4_6_2_2_17,int32_t,i64max,ffffffff,"[-1, 1.0, 0]",uint64_t,i64max,7fffffffffffffff,"[1, 1.9999999999999999997831595655029, 62]",true,true
P4_6_2_3_17,int32_t,i64max,ffffffff,"[-1, 1.0, 0]",uint64_t,i64max_plus1,8000000000000000,"[1, 1.0, 63]",true,true
P4_6_2_4_17,int32_t,i64max,ffffffff,"[-1, 1.0, 0]",uint64_t,p53_plus1,0020000000000001,"[1, 1.0000000000000001110223024625157, 53]",true,true
P4_6_2_5_17,int32_t,i64max,ffffffff,"[-1, 1.0, 0]",uint64_t,u64max,ffffffffffffffff,"[1, 1.9999999999999999998915797827514, 63]",true,true
P4_6_3_0_17,int32_t,i64max_plus1,00000000,"[1, 0.0, 0]",uint64_t,base_42,000000000000002a,"[1, 1.3125, 5]",true,true
P4_6_3_1_17,int32_t,i64max_plus1,00000000,"[1, 0.0, 0]",uint64_t,base_zero,0000000000000000,"[1, 0.0, 0]",false,false
P4_6_3_2_17,int32_t,i64max_plus1,00000000,"[1, 0.0, 0]",uint64_t,i64max,7fffffffffffffff,"[1, 1.9999999999999999997831595655029, 62]",true,true
P4_6_3_3_17,int32_t,i64max_plus1,00000000,"[1, 0.0, 0]",uint64_t,i64max_plus1,8000000000000000,"[1, 1.0, 63]",true,true
P4_6_3_4_17,int32_t,i64max_plus1,00000000,"[1, 0.0, 0]",uint64_t,p53_plus1,0020000000000001,"[1, 1.0000000000000001110223024625157, 53]",true,true
P4_6_3_5_17,int32_t,i64max_plus1,00000000,"[1, 0.0, 0]",uint64_t,u64max,ffffffffffffffff,"[1, 1.9999999999999999998915797827514, 63]",true,true
P4_6_4_0_17,int32_t,p53_plus1,00000001,"[1, 1.0, 0]",uint64_t,base_42,000000000000002a,"[1, 1.3125, 5]",true,true
P4_6_4_1_17,int32_t,p53_plus1,00000001,"[1, 1.0, 0]",uint64_t,base_zero,0000000000000000,"[1, 0.0, 0]",true,true
P4_6_4_2_17,int32_t,p53_plus1,00000001,"[1, 1.0, 0]",uint64_t,i64max,7fffffffffffffff,"[1, 1.9999999999999999997831595655029, 62]",true,true
P4_6_4_3_17,int32_t,p53_plus1,00000001,"[1, 1.0, 0]",uint64_t,i64max_plus1,8000000000000000,"[1, 1.0, 63]",true,true
P4_6_4_4_17,int32_t,p53_plus1,00000001,"[1, 1.0, 0]",uint64_t,p53_plus1,0020000000000001,"[1, 1.0000000000000001110223024625157, 53]",true,true
P4_6_4_5_17,int32_t,p53_plus1,00000001,"[1, 1.0, 0]",uint64_t,u64max,ffffffffffffffff,"[1, 1.9999999999999999998915797827514, 63]",true,true
P4_6_5_0_17,int32_t,u64max,ffffffff,"[-1, 1.0, 0]",uint64_t,base_42,000000000000002a,"[1, 1.3125, 5]",true,true
P4_6_5_1_17,int32_t,u64max,ffffffff,"[-1, 1.0, 0]",uint64_t,base_zero,0000000000000000,"[1, 0.0, 0]",true,true
P4_6_5_2_17,int32_t,u64max,ffffffff,"[-1, 1.0, 0]",uint64_t,i64max,7fffffffffffffff,"[1, 1.9999999999999999997831595655029, 62]",true,true
P4_6_5_3_17,int32_t,u64max,ffffffff,"[-1, 1.0, 0]",uint64_t,i64max_plus1,8000000000000000,"[1, 1.0, 63]",true,true
P4_6_5_4_17,int32_t,u64max,ffffffff,"[-1, 1.0, 0]",uint64_t,p53_plus1,0020000000000001,"[1, 1.0000000000000001110223024625157, 53]",true,true
P4_6_5_5_17,int32_t,u64max,ffffffff,"[-1, 1.0, 0]",uint64_t,u64max,ffffffffffffffff,"[1, 1.9999999999999999998915797827514, 63]",true,true
P4_7_0_0_17,int32_t,base_42,0000002a,"[1, 1.3125, 5]",__int128,base_42,0000000000000000000000000000002a,"[1, 1.3125, 5]",true,true
P4_7_0_1_17,int32_t,base_42,0000002a,"[1, 1.3125, 5]",__int128,base_zero,00000000000000000000000000000000,"[1, 0.0, 0]",true,true
P4_7_0_2_17,int32_t,base_42,0000002a,"[1, 1.3125, 5]",__int128,i64max,00000000000000007fffffffffffffff,"[1, 1.9999999999999999997831595655029, 62]",true,true
P4_7_0_3_17,int32_t,base_42,0000002a,"[1, 1.3125, 5]",__int128,i64max_plus1,00000000000000008000000000000000,"[1, 1.0, 63]",true,true
P4_7_0_4_17,int32_t,base_42,0000002a,"[1, 1.3125, 5]",__int128,p53_plus1,00000000000000000020000000000001,"[1, 1.0000000000000001110223024625157, 53]",true,true
P4_7_0_5_17,int32_t,base_42,0000002a,"[1, 1.3125, 5]",__int128,u64max,0000000000000000ffffffffffffffff,"[1, 1.9999999999999999998915797827514, 63]",true,true
P4_7_1_0_17,int32_t,base_zero,00000000,"[1, 0.0, 0]",__int128,base_42,0000000000000000000000000000002a,"[1, 1.3125, 5]",true,true
P4_7_1_1_17,int32_t,base_zero,00000000,"[1, 0.0, 0]",__int128,base_zero,00000000000000000000000000000000,"[1, 0.0, 0]",false,false
P4_7_1_2_17,int32_t,base_zero,00000000,"[1, 0.0, 0]",__int128,i64max,00000000000000007fffffffffffffff,"[1, 1.9999999999999999997831595655029, 62]",true,true
P4_7_1_3_17,int32_t,base_zero,00000000,"[1, 0.0, 0]",__int128,i64max_plus1,00000000000000008000000000000000,"[1, 1.0, 63]",true,true
P4_7_1_4_17,int32_t,base_zero,00000000,"[1, 0.0, 0]",__int128,p53_plus1,00000000000000000020000000000001,"[1, 1.0000000000000001110223024625157, 53]",true,true
P4_7_1_5_17,int32_t,base_zero,00000000,"[1, 0.0, 0]",__int128,u64max,0000000000000000ffffffffffffffff,"[1, 1.9999999999999999998915797827514, 63]",true,true
P4_7_2_0_17,int32_t,i64max,ffffffff,"[-1, 1.0, 0]",__int128,base_42,0000000000000000000000000000002a,"[1, 1.3125, 5]",true,true
P4_7_2_1_17,int32_t,i64max,ffffffff,"[-1, 1.0, 0]",__int128,base_zero,00000000000000000000000000000000,"[1, 0.0, 0]",true,true
P4_7_2_2_17,int32_t,i64max,ffffffff,"[-1, 1.0, 0]",__int128,i64max,00000000000000007fffffffffffffff,"[1, 1.9999999999999999997831595655029, 62]",true,true
P4_7_2_3_17,int32_t,i64max,ffffffff,"[-1, 1.0, 0]",__int128,i64max_plus1,00000000000000008000000000000000,"[1, 1.0, 63]",true,true
P4_7_2_4_17,int32_t,i64max,ffffffff,"[-1, 1.0, 0]",__int128,p53_plus1,00000000000000000020000000000001,"[1, 1.0000000000000001110223024625157, 53]",true,true
P4_7_2_5_17,int32_t,i64max,ffffffff,"[-1, 1.0, 0]",__int128,u64max,0000000000000000ffffffffffffffff,"[1, 1.9999999999999999998915797827514, 63]",true,true
P4_7_3_0_17,int32_t,i64max_plus1,00000000,"[1, 0.0, 0]",__int128,base_42,0000000000000000000000000000002a,"[1, 1.3125, 5]",true,true
P4_7_3_1_17,int32_t,i64max_plus1,00000000,"[1, 0.0, 0]",__int128,base_zero,00000000000000000000000000000000,"[1, 0.0, 0]",false,false
P4_7_3_2_17,int32_t,i64max_plus1,00000000,"[1, 0.0, 0]",__int128,i64max,00000000000000007fffffffffffffff,"[1, 1.9999999999999999997831595655029, 62]",true,true
P4_7_3_3_17,int32_t,i64max_plus1,00000000,"[1, 0.0, 0]",__int128,i64max_plus1,00000000000000008000000000000000,"[1, 1.0, 63]",true,true
P4_7_3_4_17,int32_t,i64max_plus1,00000000,"[1, 0.0, 0]",__int128,p53_plus1,00000000000000000020000000000001,"[1, 1.0000000000000001110223024625157, 53]",true,true
P4_7_3_5_17,int32_t,i64max_plus1,00000000,"[1, 0.0, 0]",__int128,u64max,0000000000000000ffffffffffffffff,"[1, 1.9999999999999999998915797827514, 63]",true,true
P4_7_4_0_17,int32_t,p53_plus1,00000001,"[1, 1.0, 0]",__int128,base_42,0000000000000000000000000000002a,"[1, 1.3125, 5]",true,true
P4_7_4_1_17,int32_t,p53_plus1,00000001,"[1, 1.0, 0]",__int128,base_zero,00000000000000000000000000000000,"[1, 0.0, 0]",true,true
P4_7_4_2_17,int32_t,p53_plus1,00000001,"[1, 1.0, 0]",__int128,i64max,00000000000000007fffffffffffffff,"[1, 1.9999999999999999997831595655029, 62]",true,true
P4_7_4_3_17,int32_t,p53_plus1,00000001,"[1, 1.0, 0]",__int128,i64max_plus1,00000000000000008000000000000000,"[1, 1.0, 63]",true,true
P4_7_4_4_17,int32_t,p53_plus1,00000001,"[1, 1.0, 0]",__int128,p53_plus1,00000000000000000020000000000001,"[1, 1.0000000000000001110223024625157, 53]",true,true
P4_7_4_5_17,int32_t,p53_plus1,00000001,"[1, 1.0, 0]",__int128,u64max,0000000000000000ffffffffffffffff,"[1, 1.9999999999999999998915797827514, 63]",true,true
P4_7_5_0_17,int32_t,u64max,ffffffff,"[-1, 1.0, 0]",__int128,base_42,0000000000000000000000000000002a,"[1, 1.3125, 5]",true,true
P4_7_5_1_17,int32_t,u64max,ffffffff,"[-1, 1.0, 0]",__int128,base_zero,00000000000000000000000000000000,"[1, 0.0, 0]",true,true
P4_7_5_2_17,int32_t,u64max,ffffffff,"[-1, 1.0, 0]",__int128,i64max,00000000000000007fffffffffffffff,"[1, 1.9999999999999999997831595655029, 62]",true,true
P4_7_5_3_17,int32_t,u64max,ffffffff,"[-1, 1.0, 0]",__int128,i64max_plus1,00000000000000008000000000000000,"[1, 1.0, 63]",true,true
P4_7_5_4_17,int32_t,u64max,ffffffff,"[-1, 1.0, 0]",__int128,p53_plus1,00000000000000000020000000000001,"[1, 1.0000000000000001110223024625157, 53]",true,true
P4_7_5_5_17,int32_t,u64max,ffffffff,"[-1, 1.0, 0]",__int128,u64max,0000000000000000ffffffffffffffff,"[1, 1.9999999999999999998915797827514, 63]",true,true
P4_8_0_0_17,int32_t,base_42,0000002a,"[1, 1.3125, 5]",double,base_1_5,3ff8000000000000,"[1, 1.5, 0]",true,true
P4_8_0_1_17,int32_t,base_42,0000002a,"[1, 1.3125, 5]",double,base_pi,400921fb54442d18,"[1, 1.5707963267948965579989817342721, 1]",true,true
P4_8_0_2_17,int32_t,base_42,0000002a,"[1, 1.3125, 5]",double,inf,7ff0000000000000,"[1, inf]",true,true
P4_8_0_3_17,int32_t,base_42,0000002a,"[1, 1.3125, 5]",double,nan,7ff8000000000000,nan,true,true
P4_8_0_4_17,int32_t,base_42,0000002a,"[1, 1.3125, 5]",double,negzero,8000000000000000,"[-1, 0.0, 0]",true,true
P4_8_0_5_17,int32_t,base_42,0000002a,"[1, 1.3125, 5]",double,point1,3fb999999999999a,"[1, 1.6000000000000000888178419700125, -4]",true,true
P4_8_1_0_17,int32_t,base_zero,00000000,"[1, 0.0, 0]",double,base_1_5,3ff8000000000000,"[1, 1.5, 0]",true,true
P4_8_1_1_17,int32_t,base_zero,00000000,"[1, 0.0, 0]",double,base_pi,400921fb54442d18,"[1, 1.5707963267948965579989817342721, 1]",true,true
P4_8_1_2_17,int32_t,base_zero,00000000,"[1, 0.0, 0]",double,inf,7ff0000000000000,"[1, inf]",true,true
P4_8_1_3_17,int32_t,base_zero,00000000,"[1, 0.0, 0]",double,nan,7ff8000000000000,nan,true,true
P4_8_1_4_17,int32_t,base_zero,00000000,"[1, 0.0, 0]",double,negzero,8000000000000000,"[-1, 0.0, 0]",false,false
P4_8_1_5_17,int32_t,base_zero,00000000,"[1, 0.0, 0]",double,point1,3fb999999999999a,"[1, 1.6000000000000000888178419700125, -4]",true,true
P4_8_2_0_17,int32_t,i64max,ffffffff,"[-1, 1.0, 0]",double,base_1_5,3ff8000000000000,"[1, 1.5, 0]",true,true
P4_8_2_1_17,int32_t,i64max,ffffffff,"[-1, 1.0, 0]",double,base_pi,400921fb54442d18,"[1, 1.5707963267948965579989817342721, 1]",true,true
P4_8_2_2_17,int32_t,i64max,ffffffff,"[-1, 1.0, 0]",double,inf,7ff0000000000000,"[1, inf]",true,true
P4_8_2_3_17,int32_t,i64max,ffffffff,"[-1, 1.0, 0]",double,nan,7ff8000000000000,nan,true,true
P4_8_2_4_17,int32_t,i64max,ffffffff,"[-1, 1.0, 0]",double,negzero,8000000000000000,"[-1, 0.0, 0]",true,true
P4_8_2_5_17,int32_t,i64max,ffffffff,"[-1, 1.0, 0]",double,point1,3fb999999999999a,"[1, 1.6000000000000000888178419700125, -4]",true,true
P4_8_3_0_17,int32_t,i64max_plus1,00000000,"[1, 0.0, 0]",double,base_1_5,3ff8000000000000,"[1, 1.5, 0]",true,true
P4_8_3_1_17,int32_t,i64max_plus1,00000000,"[1, 0.0, 0]",double,base_pi,400921fb54442d18,"[1, 1.5707963267948965579989817342721, 1]",true,true
P4_8_3_2_17,int32_t,i64max_plus1,00000000,"[1, 0.0, 0]",double,inf,7ff0000000000000,"[1, inf]",true,true
P4_8_3_3_17,int32_t,i64max_plus1,00000000,"[1, 0.0, 0]",double,nan,7ff8000000000000,nan,true,true
P4_8_3_4_17,int32_t,i64max_plus1,00000000,"[1, 0.0, 0]",double,negzero,8000000000000000,"[-1, 0.0, 0]",false,false
P4_8_3_5_17,int32_t,i64max_plus1,00000000,"[1, 0.0, 0]",double,point1,3fb999999999999a,"[1, 1.6000000000000000888178419700125, -4]",true,true
P4_8_4_0_17,int32_t,p53_plus1,00000001,"[1, 1.0, 0]",double,base_1_5,3ff8000000000000,"[1, 1.5, 0]",true,true
P4_8_4_1_17,int32_t,p53_plus1,00000001,"[1, 1.0, 0]",double,base_pi,400921fb54442d18,"[1, 1.5707963267948965579989817342721, 1]",true,true
P4_8_4_2_17,int32_t,p53_plus1,00000001,"[1, 1.0, 0]",double,inf,7ff0000000000000,"[1, inf]",true,true
P4_8_4_3_17,int32_t,p53_plus1,00000001,"[1, 1.0, 0]",double,nan,7ff8000000000000,nan,true,true
P4_8_4_4_17,int32_t,p53_plus1,00000001,"[1, 1.0, 0]",double,negzero,8000000000000000,"[-1, 0.0, 0]",true,true
P4_8_4_5_17,int32_t,p53_plus1,00000001,"[1, 1.0, 0]",double,point1,3fb999999999999a,"[1, 1.6000000000000000888178419700125, -4]",true,true
P4_8_5_0_17,int32_t,u64max,ffffffff,"[-1, 1.0, 0]",double,base_1_5,3ff8000000000000,"[1, 1.5, 0]",true,true
P4_8_5_1_17,int32_t,u64max,ffffffff,"[-1, 1.0, 0]",double,base_pi,400921fb54442d18,"[1, 1.5707963267948965579989817342721, 1]",true,true
P4_8_5_2_17,int32_t,u64max,ffffffff,"[-1, 1.0, 0]",double,inf,7ff0000000000000,"[1, inf]",true,true
P4_8_5_3_17,int32_t,u64max,ffffffff,"[-1, 1.0, 0]",double,nan,7ff8000000000000,nan,true,true
P4_8_5_4_17,int32_t,u64max,ffffffff,"[-1, 1.0, 0]",double,negzero,8000000000000000,"[-1, 0.0, 0]",true,true
P4_8_5_5_17,int32_t,u64max,ffffffff,"[-1, 1.0, 0]",double,point1,3fb999999999999a,"[1, 1.6000000000000000888178419700125, -4]",true,true
P4_9_0_0_17,int32_t,base_42,0000002a,"[1, 1.3125, 5]",float,base_1_5,3fc00000,"[1, 1.5, 0]",true,true
P4_9_0_1_17,int32_t,base_42,0000002a,"[1, 1.3125, 5]",float,base_pi,40490fdb,"[1, 1.57079637050628662109375, 1]",true,true
P4_9_0_2_17,int32_t,base_42,0000002a,"[1, 1.3125, 5]",float,inf,7f800000,"[1, inf]",true,true
P4_9_0_3_17,int32_t,base_42,0000002a,"[1, 1.3125, 5]",float,nan,7fc00000,nan,true,true
P4_9_0_4_17,int32_t,base_42,0000002a,"[1, 1.3125, 5]",float,negzero,80000000,"[-1, 0.0, 0]",true,true
P4_9_0_5_17,int32_t,base_42,0000002a,"[1, 1.3125, 5]",float,point1,3dcccccd,"[1, 1.60000002384185791015625, -4]",true,true
P4_9_1_0_17,int32_t,base_zero,00000000,"[1, 0.0, 0]",float,base_1_5,3fc00000,"[1, 1.5, 0]",true,true
P4_9_1_1_17,int32_t,base_zero,00000000,"[1, 0.0, 0]",float,base_pi,40490fdb,"[1, 1.57079637050628662109375, 1]",true,true
P4_9_1_2_17,int32_t,base_zero,00000000,"[1, 0.0, 0]",float,inf,7f800000,"[1, inf]",true,true
P4_9_1_3_17,int32_t,base_zero,00000000,"[1, 0.0, 0]",float,nan,7fc00000,nan,true,true
P4_9_1_4_17,int32_t,base_zero,00000000,"[1, 0.0, 0]",float,negzero,80000000,"[-1, 0.0, 0]",false,false
P4_9_1_5_17,int32_t,base_zero,00000000,"[1, 0.0, 0]",float,point1,3dcccccd,"[1, 1.60000002384185791015625, -4]",true,true
P4_9_2_0_17,int32_t,i64max,ffffffff,"[-1, 1.0, 0]",float,base_1_5,3fc00000,"[1, 1.5, 0]",true,true
P4_9_2_1_17,int32_t,i64max,ffffffff,"[-1, 1.0, 0]",float,base_pi,40490fdb,"[1, 1.57079637050628662109375, 1]",true,true
P4_9_2_2_17,int32_t,i64max,ffffffff,"[-1, 1.0, 0]",float,inf,7f800000,"[1, inf]",true,true
P4_9_2_3_17,int32_t,i64max,ffffffff,"[-1, 1.0, 0]",float,nan,7fc00000,nan,true,true
P4_9_2_4_17,int32_t,i64max,ffffffff,"[-1, 1.0, 0]",float,negzero,80000000,"[-1, 0.0, 0]",true,true
P4_9_2_5_17,int32_t,i64max,ffffffff,"[-1, 1.0, 0]",float,point1,3dcccccd,"[1, 1.60000002384185791015625, -4]",true,true
P4_9_3_0_17,int32_t,i64max_plus1,00000000,"[1, 0.0, 0]",float,base_1_5,3fc00000,"[1, 1.5, 0]",true,true
P4_9_3_1_17,int32_t,i64max_plus1,00000000,"[1, 0.0, 0]",float,base_pi,40490fdb,"[1, 1.57079637050628662109375, 1]",true,true
P4_9_3_2_17,int32_t,i64max_plus1,00000000,"[1, 0.0, 0]",float,inf,7f800000,"[1, inf]",true,true
P4_9_3_3_17,int32_t,i64max_plus1,00000000,"[1, 0.0, 0]",float,nan,7fc00000,nan,true,true
P4_9_3_4_17,int32_t,i64max_plus1,00000000,"[1, 0.0, 0]",float,negzero,80000000,"[-1, 0.0, 0]",false,false
P4_9_3_5_17,int32_t,i64max_plus1,00000000,"[1, 0.0, 0]",float,point1,3dcccccd,"[1, 1.60000002384185791015625, -4]",true,true
P4_9_4_0_17,int32_t,p53_plus1,00000001,"[1, 1.0, 0]",float,base_1_5,3fc00000,"[1, 1.5, 0]",true,true
P4_9_4_1_17,int32_t,p53_plus1,00000001,"[1, 1.0, 0]",float,base_pi,40490fdb,"[1, 1.57079637050628662109375, 1]",true,true
P4_9_4_2_17,int32_t,p53_plus1,00000001,"[1, 1.0, 0]",float,inf,7f800000,"[1, inf]",true,true
P4_9_4_3_17,int32_t,p53_plus1,00000001,"[1, 1.0, 0]",float,nan,7fc00000,nan,true,true
P4_9_4_4_17,int32_t,p53_plus1,00000001,"[1, 1.0, 0]",float,negzero,80000000,"[-1, 0.0, 0]",true,true
P4_9_4_5_17,int32_t,p53_plus1,00000001,"[1, 1.0, 0]",float,point1,3dcccccd,"[1, 1.60000002384185791015625, -4]",true,true
P4_9_5_0_17,int32_t,u64max,ffffffff,"[-1, 1.0, 0]",float,base_1_5,3fc00000,"[1, 1.5, 0]",true,true
P4_9_5_1_17,int32_t,u64max,ffffffff,"[-1, 1.0, 0]",float,base_pi,40490fdb,"[1, 1.57079637050628662109375, 1]",true,true
P4_9_5_2_17,int32_t,u64max,ffffffff,"[-1, 1.0, 0]",float,inf,7f800000,"[1, inf]",true,true
P4_9_5_3_17,int32_t,u64max,ffffffff,"[-1, 1.0, 0]",float,nan,7fc00000,nan,true,true
P4_9_5_4_17,int32_t,u64max,ffffffff,"[-1, 1.0, 0]",float,negzero,80000000,"[-1, 0.0, 0]",true,true
P4_9_5_5_17,int32_t,u64max,ffffffff,"[-1, 1.0, 0]",float,point1,3dcccccd,"[1, 1.60000002384185791015625, -4]",true,true
P4_11_0_0_17,int32_t,base_42,0000002a,"[1, 1.3125, 5]",const char*,base_empty,,t||0|0|0,true,true
P4_11_0_1_17,int32_t,base_42,0000002a,"[1, 1.3125, 5]",const char*,base_hello,68656c6c6f,t|68656c6c6f|5|5|5,true,true
P4_11_0_2_17,int32_t,base_42,0000002a,"[1, 1.3125, 5]",const char*,base_lines,6c696e65206f6e650a6c696e652074776f,t|6c696e65206f6e650a6c696e652074776f|17|17|17,true,true
P4_11_0_3_17,int32_t,base_42,0000002a,"[1, 1.3125, 5]",const char*,clef,f09d849e,t|f09d849e|4|1|1,true,true
P4_11_0_4_17,int32_t,base_42,0000002a,"[1, 1.3125, 5]",const char*,eacute,c3a9,t|c3a9|2|1|1,true,true
P4_11_0_5_17,int32_t,base_42,0000002a,"[1, 1.3125, 5]",const char*,escapes,71756f74652022206261636b736c617368205c207461620968657265,t|71756f74652022206261636b736c617368205c207461620968657265|28|28|28,true,true
P4_11_1_0_17,int32_t,base_zero,00000000,"[1, 0.0, 0]",const char*,base_empty,,t||0|0|0,true,true
P4_11_1_1_17,int32_t,base_zero,00000000,"[1, 0.0, 0]",const char*,base_hello,68656c6c6f,t|68656c6c6f|5|5|5,true,true
P4_11_1_2_17,int32_t,base_zero,00000000,"[1, 0.0, 0]",const char*,base_lines,6c696e65206f6e650a6c696e652074776f,t|6c696e65206f6e650a6c696e652074776f|17|17|17,true,true
P4_11_1_3_17,int32_t,base_zero,00000000,"[1, 0.0, 0]",const char*,clef,f09d849e,t|f09d849e|4|1|1,true,true
P4_11_1_4_17,int32_t,base_zero,00000000,"[1, 0.0, 0]",const char*,eacute,c3a9,t|c3a9|2|1|1,true,true
P4_11_1_5_17,int32_t,base_zero,00000000,"[1, 0.0, 0]",const char*,escapes,71756f74652022206261636b736c617368205c207461620968657265,t|71756f74652022206261636b736c617368205c207461620968657265|28|28|28,true,true
P4_11_2_0_17,int32_t,i64max,ffffffff,"[-1, 1.0, 0]",const char*,base_empty,,t||0|0|0,true,true
P4_11_2_1_17,int32_t,i64max,ffffffff,"[-1, 1.0, 0]",const char*,base_hello,68656c6c6f,t|68656c6c6f|5|5|5,true,true
P4_11_2_2_17,int32_t,i64max,ffffffff,"[-1, 1.0, 0]",const char*,base_lines,6c696e65206f6e650a6c696e652074776f,t|6c696e65206f6e650a6c696e652074776f|17|17|17,true,true
P4_11_2_3_17,int32_t,i64max,ffffffff,"[-1, 1.0, 0]",const char*,clef,f09d849e,t|f09d849e|4|1|1,true,true
P4_11_2_4_17,int32_t,i64max,ffffffff,"[-1, 1.0, 0]",const char*,eacute,c3a9,t|c3a9|2|1|1,true,true
P4_11_2_5_17,int32_t,i64max,ffffffff,"[-1, 1.0, 0]",const char*,escapes,71756f74652022206261636b736c617368205c207461620968657265,t|71756f74652022206261636b736c617368205c207461620968657265|28|28|28,true,true
P4_11_3_0_17,int32_t,i64max_plus1,00000000,"[1, 0.0, 0]",const char*,base_empty,,t||0|0|0,true,true
P4_11_3_1_17,int32_t,i64max_plus1,00000000,"[1, 0.0, 0]",const char*,base_hello,68656c6c6f,t|68656c6c6f|5|5|5,true,true
P4_11_3_2_17,int32_t,i64max_plus1,00000000,"[1, 0.0, 0]",const char*,base_lines,6c696e65206f6e650a6c696e652074776f,t|6c696e65206f6e650a6c696e652074776f|17|17|17,true,true
P4_11_3_3_17,int32_t,i64max_plus1,00000000,"[1, 0.0, 0]",const char*,clef,f09d849e,t|f09d849e|4|1|1,true,true
P4_11_3_4_17,int32_t,i64max_plus1,00000000,"[1, 0.0, 0]",const char*,eacute,c3a9,t|c3a9|2|1|1,true,true
P4_11_3_5_17,int32_t,i64max_plus1,00000000,"[1, 0.0, 0]",const char*,escapes,71756f74652022206261636b736c617368205c207461620968657265,t|71756f74652022206261636b736c617368205c207461620968657265|28|28|28,true,true
P4_11_4_0_17,int32_t,p53_plus1,00000001,"[1, 1.0, 0]",const char*,base_empty,,t||0|0|0,true,true
P4_11_4_1_17,int32_t,p53_plus1,00000001,"[1, 1.0, 0]",const char*,base_hello,68656c6c6f,t|68656c6c6f|5|5|5,true,true
P4_11_4_2_17,int32_t,p53_plus1,00000001,"[1, 1.0, 0]",const char*,base_lines,6c696e65206f6e650a6c696e652074776f,t|6c696e65206f6e650a6c696e652074776f|17|17|17,true,true
P4_11_4_3_17,int32_t,p53_plus1,00000001,"[1, 1.0, 0]",const char*,clef,f09d849e,t|f09d849e|4|1|1,true,true
P4_11_4_4_17,int32_t,p53_plus1,00000001,"[1, 1.0, 0]",const char*,eacute,c3a9,t|c3a9|2|1|1,true,true
P4_11_4_5_17,int32_t,p53_plus1,00000001,"[1, 1.0, 0]",const char*,escapes,71756f74652022206261636b736c617368205c207461620968657265,t|71756f74652022206261636b736c617368205c207461620968657265|28|28|28,true,true
P4_11_5_0_17,int32_t,u64max,ffffffff,"[-1, 1.0, 0]",const char*,base_empty,,t||0|0|0,true,true
P4_11_5_1_17,int32_t,u64max,ffffffff,"[-1, 1.0, 0]",const char*,base_hello,68656c6c6f,t|68656c6c6f|5|5|5,true,true
P4_11_5_2_17,int32_t,u64max,ffffffff,"[-1, 1.0, 0]",const char*,base_lines,6c696e65206f6e650a6c696e652074776f,t|6c696e65206f6e650a6c696e652074776f|17|17|17,true,true
P4_11_5_3_17,int32_t,u64max,ffffffff,"[-1, 1.0, 0]",const char*,clef,f09d849e,t|f09d849e|4|1|1,true,true
P4_11_5_4_17,int32_t,u64max,ffffffff,"[-1, 1.0, 0]",const char*,eacute,c3a9,t|c3a9|2|1|1,true,true
P4_11_5_5_17,int32_t,u64max,ffffffff,"[-1, 1.0, 0]",const char*,escapes,71756f74652022206261636b736c617368205c207461620968657265,t|71756f74652022206261636b736c617368205c207461620968657265|28|28|28,true,true
P4_14_0_0_17,int32_t,base_42,0000002a,"[1, 1.3125, 5]",T[N] (C array),base,"[1, 2, 3]","c|[1, 1.0, 0],[1, 1.0, 1],[1, 1.5, 1]|integer|as-sorted",true,true
P4_14_0_2_17,int32_t,base_42,0000002a,"[1, 1.3125, 5]",T[N] (C array),empty,[],c||empty|as-sorted,true,true
P4_14_0_4_17,int32_t,base_42,0000002a,"[1, 1.3125, 5]",T[N] (C array),strs,"['a', 'b']","c|t|61|1|1|1,t|62|1|1|1|integer|as-sorted",true,true
P4_14_1_0_17,int32_t,base_zero,00000000,"[1, 0.0, 0]",T[N] (C array),base,"[1, 2, 3]","c|[1, 1.0, 0],[1, 1.0, 1],[1, 1.5, 1]|integer|as-sorted",true,true
P4_14_1_2_17,int32_t,base_zero,00000000,"[1, 0.0, 0]",T[N] (C array),empty,[],c||empty|as-sorted,true,true
P4_14_1_4_17,int32_t,base_zero,00000000,"[1, 0.0, 0]",T[N] (C array),strs,"['a', 'b']","c|t|61|1|1|1,t|62|1|1|1|integer|as-sorted",true,true
P4_14_2_0_17,int32_t,i64max,ffffffff,"[-1, 1.0, 0]",T[N] (C array),base,"[1, 2, 3]","c|[1, 1.0, 0],[1, 1.0, 1],[1, 1.5, 1]|integer|as-sorted",true,true
P4_14_2_2_17,int32_t,i64max,ffffffff,"[-1, 1.0, 0]",T[N] (C array),empty,[],c||empty|as-sorted,true,true
P4_14_2_4_17,int32_t,i64max,ffffffff,"[-1, 1.0, 0]",T[N] (C array),strs,"['a', 'b']","c|t|61|1|1|1,t|62|1|1|1|integer|as-sorted",true,true
P4_14_3_0_17,int32_t,i64max_plus1,00000000,"[1, 0.0, 0]",T[N] (C array),base,"[1, 2, 3]","c|[1, 1.0, 0],[1, 1.0, 1],[1, 1.5, 1]|integer|as-sorted",true,true
P4_14_3_2_17,int32_t,i64max_plus1,00000000,"[1, 0.0, 0]",T[N] (C array),empty,[],c||empty|as-sorted,true,true
P4_14_3_4_17,int32_t,i64max_plus1,00000000,"[1, 0.0, 0]",T[N] (C array),strs,"['a', 'b']","c|t|61|1|1|1,t|62|1|1|1|integer|as-sorted",true,true
P4_14_4_0_17,int32_t,p53_plus1,00000001,"[1, 1.0, 0]",T[N] (C array),base,"[1, 2, 3]","c|[1, 1.0, 0],[1, 1.0, 1],[1, 1.5, 1]|integer|as-sorted",true,true
P4_14_4_2_17,int32_t,p53_plus1,00000001,"[1, 1.0, 0]",T[N] (C array),empty,[],c||empty|as-sorted,true,true
P4_14_4_4_17,int32_t,p53_plus1,00000001,"[1, 1.0, 0]",T[N] (C array),strs,"['a', 'b']","c|t|61|1|1|1,t|62|1|1|1|integer|as-sorted",true,true
P4_14_5_0_17,int32_t,u64max,ffffffff,"[-1, 1.0, 0]",T[N] (C array),base,"[1, 2, 3]","c|[1, 1.0, 0],[1, 1.0, 1],[1, 1.5, 1]|integer|as-sorted",true,true
P4_14_5_2_17,int32_t,u64max,ffffffff,"[-1, 1.0, 0]",T[N] (C array),empty,[],c||empty|as-sorted,true,true
P4_14_5_4_17,int32_t,u64max,ffffffff,"[-1, 1.0, 0]",T[N] (C array),strs,"['a', 'b']","c|t|61|1|1|1,t|62|1|1|1|integer|as-sorted",true,true
P5_1_0_0_17,int64_t,base_42,000000000000002a,"[1, 1.3125, 5]",std::nullptr_t,null,null,null,true,true
P5_1_1_0_17,int64_t,base_zero,0000000000000000,"[1, 0.0, 0]",std::nullptr_t,null,null,null,false,false
P5_1_2_0_17,int64_t,i64max,7fffffffffffffff,"[1, 1.9999999999999999997831595655029, 62]",std::nullptr_t,null,null,null,true,true
P5_1_3_0_17,int64_t,i64max_plus1,8000000000000000,"[-1, 1.0, 63]",std::nullptr_t,null,null,null,true,true
P5_1_4_0_17,int64_t,p53_plus1,0020000000000001,"[1, 1.0000000000000001110223024625157, 53]",std::nullptr_t,null,null,null,true,true
P5_1_5_0_17,int64_t,u64max,ffffffffffffffff,"[-1, 1.0, 0]",std::nullptr_t,null,null,null,true,true
P5_2_0_0_17,int64_t,base_42,000000000000002a,"[1, 1.3125, 5]",std::optional<int64_t>,null,null,null,true,true
P5_2_1_0_17,int64_t,base_zero,0000000000000000,"[1, 0.0, 0]",std::optional<int64_t>,null,null,null,false,false
P5_2_2_0_17,int64_t,i64max,7fffffffffffffff,"[1, 1.9999999999999999997831595655029, 62]",std::optional<int64_t>,null,null,null,true,true
P5_2_3_0_17,int64_t,i64max_plus1,8000000000000000,"[-1, 1.0, 63]",std::optional<int64_t>,null,null,null,true,true
P5_2_4_0_17,int64_t,p53_plus1,0020000000000001,"[1, 1.0000000000000001110223024625157, 53]",std::optional<int64_t>,null,null,null,true,true
P5_2_5_0_17,int64_t,u64max,ffffffffffffffff,"[-1, 1.0, 0]",std::optional<int64_t>,null,null,null,true,true
P5_3_0_0_17,int64_t,base_42,000000000000002a,"[1, 1.3125, 5]",bool,false,false,false,true,true
P5_3_0_1_17,int64_t,base_42,000000000000002a,"[1, 1.3125, 5]",bool,true,true,true,true,true
P5_3_1_0_17,int64_t,base_zero,0000000000000000,"[1, 0.0, 0]",bool,false,false,false,false,false
P5_3_1_1_17,int64_t,base_zero,0000000000000000,"[1, 0.0, 0]",bool,true,true,true,true,true
P5_3_2_0_17,int64_t,i64max,7fffffffffffffff,"[1, 1.9999999999999999997831595655029, 62]",bool,false,false,false,true,true
P5_3_2_1_17,int64_t,i64max,7fffffffffffffff,"[1, 1.9999999999999999997831595655029, 62]",bool,true,true,true,true,true
P5_3_3_0_17,int64_t,i64max_plus1,8000000000000000,"[-1, 1.0, 63]",bool,false,false,false,true,true
P5_3_3_1_17,int64_t,i64max_plus1,8000000000000000,"[-1, 1.0, 63]",bool,true,true,true,true,true
P5_3_4_0_17,int64_t,p53_plus1,0020000000000001,"[1, 1.0000000000000001110223024625157, 53]",bool,false,false,false,true,true
P5_3_4_1_17,int64_t,p53_plus1,0020000000000001,"[1, 1.0000000000000001110223024625157, 53]",bool,true,true,true,true,true
P5_3_5_0_17,int64_t,u64max,ffffffffffffffff,"[-1, 1.0, 0]",bool,false,false,false,true,true
P5_3_5_1_17,int64_t,u64max,ffffffffffffffff,"[-1, 1.0, 0]",bool,true,true,true,true,true
P5_4_0_0_17,int64_t,base_42,000000000000002a,"[1, 1.3125, 5]",int32_t,base_42,0000002a,"[1, 1.3125, 5]",true,true
P5_4_0_1_17,int64_t,base_42,000000000000002a,"[1, 1.3125, 5]",int32_t,base_zero,00000000,"[1, 0.0, 0]",true,true
P5_4_0_2_17,int64_t,base_42,000000000000002a,"[1, 1.3125, 5]",int32_t,i64max,ffffffff,"[-1, 1.0, 0]",true,true
P5_4_0_3_17,int64_t,base_42,000000000000002a,"[1, 1.3125, 5]",int32_t,i64max_plus1,00000000,"[1, 0.0, 0]",true,true
P5_4_0_4_17,int64_t,base_42,000000000000002a,"[1, 1.3125, 5]",int32_t,p53_plus1,00000001,"[1, 1.0, 0]",true,true
P5_4_0_5_17,int64_t,base_42,000000000000002a,"[1, 1.3125, 5]",int32_t,u64max,ffffffff,"[-1, 1.0, 0]",true,true
P5_4_1_0_17,int64_t,base_zero,0000000000000000,"[1, 0.0, 0]",int32_t,base_42,0000002a,"[1, 1.3125, 5]",true,true
P5_4_1_1_17,int64_t,base_zero,0000000000000000,"[1, 0.0, 0]",int32_t,base_zero,00000000,"[1, 0.0, 0]",false,false
P5_4_1_2_17,int64_t,base_zero,0000000000000000,"[1, 0.0, 0]",int32_t,i64max,ffffffff,"[-1, 1.0, 0]",true,true
P5_4_1_3_17,int64_t,base_zero,0000000000000000,"[1, 0.0, 0]",int32_t,i64max_plus1,00000000,"[1, 0.0, 0]",false,false
P5_4_1_4_17,int64_t,base_zero,0000000000000000,"[1, 0.0, 0]",int32_t,p53_plus1,00000001,"[1, 1.0, 0]",true,true
P5_4_1_5_17,int64_t,base_zero,0000000000000000,"[1, 0.0, 0]",int32_t,u64max,ffffffff,"[-1, 1.0, 0]",true,true
P5_4_2_0_17,int64_t,i64max,7fffffffffffffff,"[1, 1.9999999999999999997831595655029, 62]",int32_t,base_42,0000002a,"[1, 1.3125, 5]",true,true
P5_4_2_1_17,int64_t,i64max,7fffffffffffffff,"[1, 1.9999999999999999997831595655029, 62]",int32_t,base_zero,00000000,"[1, 0.0, 0]",true,true
P5_4_2_2_17,int64_t,i64max,7fffffffffffffff,"[1, 1.9999999999999999997831595655029, 62]",int32_t,i64max,ffffffff,"[-1, 1.0, 0]",true,true
P5_4_2_3_17,int64_t,i64max,7fffffffffffffff,"[1, 1.9999999999999999997831595655029, 62]",int32_t,i64max_plus1,00000000,"[1, 0.0, 0]",true,true
P5_4_2_4_17,int64_t,i64max,7fffffffffffffff,"[1, 1.9999999999999999997831595655029, 62]",int32_t,p53_plus1,00000001,"[1, 1.0, 0]",true,true
P5_4_2_5_17,int64_t,i64max,7fffffffffffffff,"[1, 1.9999999999999999997831595655029, 62]",int32_t,u64max,ffffffff,"[-1, 1.0, 0]",true,true
P5_4_3_0_17,int64_t,i64max_plus1,8000000000000000,"[-1, 1.0, 63]",int32_t,base_42,0000002a,"[1, 1.3125, 5]",true,true
P5_4_3_1_17,int64_t,i64max_plus1,8000000000000000,"[-1, 1.0, 63]",int32_t,base_zero,00000000,"[1, 0.0, 0]",true,true
P5_4_3_2_17,int64_t,i64max_plus1,8000000000000000,"[-1, 1.0, 63]",int32_t,i64max,ffffffff,"[-1, 1.0, 0]",true,true
P5_4_3_3_17,int64_t,i64max_plus1,8000000000000000,"[-1, 1.0, 63]",int32_t,i64max_plus1,00000000,"[1, 0.0, 0]",true,true
P5_4_3_4_17,int64_t,i64max_plus1,8000000000000000,"[-1, 1.0, 63]",int32_t,p53_plus1,00000001,"[1, 1.0, 0]",true,true
P5_4_3_5_17,int64_t,i64max_plus1,8000000000000000,"[-1, 1.0, 63]",int32_t,u64max,ffffffff,"[-1, 1.0, 0]",true,true
P5_4_4_0_17,int64_t,p53_plus1,0020000000000001,"[1, 1.0000000000000001110223024625157, 53]",int32_t,base_42,0000002a,"[1, 1.3125, 5]",true,true
P5_4_4_1_17,int64_t,p53_plus1,0020000000000001,"[1, 1.0000000000000001110223024625157, 53]",int32_t,base_zero,00000000,"[1, 0.0, 0]",true,true
P5_4_4_2_17,int64_t,p53_plus1,0020000000000001,"[1, 1.0000000000000001110223024625157, 53]",int32_t,i64max,ffffffff,"[-1, 1.0, 0]",true,true
P5_4_4_3_17,int64_t,p53_plus1,0020000000000001,"[1, 1.0000000000000001110223024625157, 53]",int32_t,i64max_plus1,00000000,"[1, 0.0, 0]",true,true
P5_4_4_4_17,int64_t,p53_plus1,0020000000000001,"[1, 1.0000000000000001110223024625157, 53]",int32_t,p53_plus1,00000001,"[1, 1.0, 0]",true,true
P5_4_4_5_17,int64_t,p53_plus1,0020000000000001,"[1, 1.0000000000000001110223024625157, 53]",int32_t,u64max,ffffffff,"[-1, 1.0, 0]",true,true
P5_4_5_0_17,int64_t,u64max,ffffffffffffffff,"[-1, 1.0, 0]",int32_t,base_42,0000002a,"[1, 1.3125, 5]",true,true
P5_4_5_1_17,int64_t,u64max,ffffffffffffffff,"[-1, 1.0, 0]",int32_t,base_zero,00000000,"[1, 0.0, 0]",true,true
P5_4_5_2_17,int64_t,u64max,ffffffffffffffff,"[-1, 1.0, 0]",int32_t,i64max,ffffffff,"[-1, 1.0, 0]",true,true
P5_4_5_3_17,int64_t,u64max,ffffffffffffffff,"[-1, 1.0, 0]",int32_t,i64max_plus1,00000000,"[1, 0.0, 0]",true,true
P5_4_5_4_17,int64_t,u64max,ffffffffffffffff,"[-1, 1.0, 0]",int32_t,p53_plus1,00000001,"[1, 1.0, 0]",true,true
P5_4_5_5_17,int64_t,u64max,ffffffffffffffff,"[-1, 1.0, 0]",int32_t,u64max,ffffffff,"[-1, 1.0, 0]",true,true
P5_5_0_0_17,int64_t,base_42,000000000000002a,"[1, 1.3125, 5]",int64_t,base_42,000000000000002a,"[1, 1.3125, 5]",true,true
P5_5_0_1_17,int64_t,base_42,000000000000002a,"[1, 1.3125, 5]",int64_t,base_zero,0000000000000000,"[1, 0.0, 0]",true,true
P5_5_0_2_17,int64_t,base_42,000000000000002a,"[1, 1.3125, 5]",int64_t,i64max,7fffffffffffffff,"[1, 1.9999999999999999997831595655029, 62]",true,true
P5_5_0_3_17,int64_t,base_42,000000000000002a,"[1, 1.3125, 5]",int64_t,i64max_plus1,8000000000000000,"[-1, 1.0, 63]",true,true
P5_5_0_4_17,int64_t,base_42,000000000000002a,"[1, 1.3125, 5]",int64_t,p53_plus1,0020000000000001,"[1, 1.0000000000000001110223024625157, 53]",true,true
P5_5_0_5_17,int64_t,base_42,000000000000002a,"[1, 1.3125, 5]",int64_t,u64max,ffffffffffffffff,"[-1, 1.0, 0]",true,true
P5_5_1_0_17,int64_t,base_zero,0000000000000000,"[1, 0.0, 0]",int64_t,base_42,000000000000002a,"[1, 1.3125, 5]",true,true
P5_5_1_1_17,int64_t,base_zero,0000000000000000,"[1, 0.0, 0]",int64_t,base_zero,0000000000000000,"[1, 0.0, 0]",false,false
P5_5_1_2_17,int64_t,base_zero,0000000000000000,"[1, 0.0, 0]",int64_t,i64max,7fffffffffffffff,"[1, 1.9999999999999999997831595655029, 62]",true,true
P5_5_1_3_17,int64_t,base_zero,0000000000000000,"[1, 0.0, 0]",int64_t,i64max_plus1,8000000000000000,"[-1, 1.0, 63]",true,true
P5_5_1_4_17,int64_t,base_zero,0000000000000000,"[1, 0.0, 0]",int64_t,p53_plus1,0020000000000001,"[1, 1.0000000000000001110223024625157, 53]",true,true
P5_5_1_5_17,int64_t,base_zero,0000000000000000,"[1, 0.0, 0]",int64_t,u64max,ffffffffffffffff,"[-1, 1.0, 0]",true,true
P5_5_2_0_17,int64_t,i64max,7fffffffffffffff,"[1, 1.9999999999999999997831595655029, 62]",int64_t,base_42,000000000000002a,"[1, 1.3125, 5]",true,true
P5_5_2_1_17,int64_t,i64max,7fffffffffffffff,"[1, 1.9999999999999999997831595655029, 62]",int64_t,base_zero,0000000000000000,"[1, 0.0, 0]",true,true
P5_5_2_2_17,int64_t,i64max,7fffffffffffffff,"[1, 1.9999999999999999997831595655029, 62]",int64_t,i64max,7fffffffffffffff,"[1, 1.9999999999999999997831595655029, 62]",true,true
P5_5_2_3_17,int64_t,i64max,7fffffffffffffff,"[1, 1.9999999999999999997831595655029, 62]",int64_t,i64max_plus1,8000000000000000,"[-1, 1.0, 63]",true,true
P5_5_2_4_17,int64_t,i64max,7fffffffffffffff,"[1, 1.9999999999999999997831595655029, 62]",int64_t,p53_plus1,0020000000000001,"[1, 1.0000000000000001110223024625157, 53]",true,true
P5_5_2_5_17,int64_t,i64max,7fffffffffffffff,"[1, 1.9999999999999999997831595655029, 62]",int64_t,u64max,ffffffffffffffff,"[-1, 1.0, 0]",true,true
P5_5_3_0_17,int64_t,i64max_plus1,8000000000000000,"[-1, 1.0, 63]",int64_t,base_42,000000000000002a,"[1, 1.3125, 5]",true,true
P5_5_3_1_17,int64_t,i64max_plus1,8000000000000000,"[-1, 1.0, 63]",int64_t,base_zero,0000000000000000,"[1, 0.0, 0]",true,true
P5_5_3_2_17,int64_t,i64max_plus1,8000000000000000,"[-1, 1.0, 63]",int64_t,i64max,7fffffffffffffff,"[1, 1.9999999999999999997831595655029, 62]",true,true
P5_5_3_3_17,int64_t,i64max_plus1,8000000000000000,"[-1, 1.0, 63]",int64_t,i64max_plus1,8000000000000000,"[-1, 1.0, 63]",true,true
P5_5_3_4_17,int64_t,i64max_plus1,8000000000000000,"[-1, 1.0, 63]",int64_t,p53_plus1,0020000000000001,"[1, 1.0000000000000001110223024625157, 53]",true,true
P5_5_3_5_17,int64_t,i64max_plus1,8000000000000000,"[-1, 1.0, 63]",int64_t,u64max,ffffffffffffffff,"[-1, 1.0, 0]",true,true
P5_5_4_0_17,int64_t,p53_plus1,0020000000000001,"[1, 1.0000000000000001110223024625157, 53]",int64_t,base_42,000000000000002a,"[1, 1.3125, 5]",true,true
P5_5_4_1_17,int64_t,p53_plus1,0020000000000001,"[1, 1.0000000000000001110223024625157, 53]",int64_t,base_zero,0000000000000000,"[1, 0.0, 0]",true,true
P5_5_4_2_17,int64_t,p53_plus1,0020000000000001,"[1, 1.0000000000000001110223024625157, 53]",int64_t,i64max,7fffffffffffffff,"[1, 1.9999999999999999997831595655029, 62]",true,true
P5_5_4_3_17,int64_t,p53_plus1,0020000000000001,"[1, 1.0000000000000001110223024625157, 53]",int64_t,i64max_plus1,8000000000000000,"[-1, 1.0, 63]",true,true
P5_5_4_4_17,int64_t,p53_plus1,0020000000000001,"[1, 1.0000000000000001110223024625157, 53]",int64_t,p53_plus1,0020000000000001,"[1, 1.0000000000000001110223024625157, 53]",true,true
P5_5_4_5_17,int64_t,p53_plus1,0020000000000001,"[1, 1.0000000000000001110223024625157, 53]",int64_t,u64max,ffffffffffffffff,"[-1, 1.0, 0]",true,true
P5_5_5_0_17,int64_t,u64max,ffffffffffffffff,"[-1, 1.0, 0]",int64_t,base_42,000000000000002a,"[1, 1.3125, 5]",true,true
P5_5_5_1_17,int64_t,u64max,ffffffffffffffff,"[-1, 1.0, 0]",int64_t,base_zero,0000000000000000,"[1, 0.0, 0]",true,true
P5_5_5_2_17,int64_t,u64max,ffffffffffffffff,"[-1, 1.0, 0]",int64_t,i64max,7fffffffffffffff,"[1, 1.9999999999999999997831595655029, 62]",true,true
P5_5_5_3_17,int64_t,u64max,ffffffffffffffff,"[-1, 1.0, 0]",int64_t,i64max_plus1,8000000000000000,"[-1, 1.0, 63]",true,true
P5_5_5_4_17,int64_t,u64max,ffffffffffffffff,"[-1, 1.0, 0]",int64_t,p53_plus1,0020000000000001,"[1, 1.0000000000000001110223024625157, 53]",true,true
P5_5_5_5_17,int64_t,u64max,ffffffffffffffff,"[-1, 1.0, 0]",int64_t,u64max,ffffffffffffffff,"[-1, 1.0, 0]",true,true
P5_6_0_0_17,int64_t,base_42,000000000000002a,"[1, 1.3125, 5]",uint64_t,base_42,000000000000002a,"[1, 1.3125, 5]",true,true
P5_6_0_1_17,int64_t,base_42,000000000000002a,"[1, 1.3125, 5]",uint64_t,base_zero,0000000000000000,"[1, 0.0, 0]",true,true
P5_6_0_2_17,int64_t,base_42,000000000000002a,"[1, 1.3125, 5]",uint64_t,i64max,7fffffffffffffff,"[1, 1.9999999999999999997831595655029, 62]",true,true
P5_6_0_3_17,int64_t,base_42,000000000000002a,"[1, 1.3125, 5]",uint64_t,i64max_plus1,8000000000000000,"[1, 1.0, 63]",true,true
P5_6_0_4_17,int64_t,base_42,000000000000002a,"[1, 1.3125, 5]",uint64_t,p53_plus1,0020000000000001,"[1, 1.0000000000000001110223024625157, 53]",true,true
P5_6_0_5_17,int64_t,base_42,000000000000002a,"[1, 1.3125, 5]",uint64_t,u64max,ffffffffffffffff,"[1, 1.9999999999999999998915797827514, 63]",true,true
P5_6_1_0_17,int64_t,base_zero,0000000000000000,"[1, 0.0, 0]",uint64_t,base_42,000000000000002a,"[1, 1.3125, 5]",true,true
P5_6_1_1_17,int64_t,base_zero,0000000000000000,"[1, 0.0, 0]",uint64_t,base_zero,0000000000000000,"[1, 0.0, 0]",false,false
P5_6_1_2_17,int64_t,base_zero,0000000000000000,"[1, 0.0, 0]",uint64_t,i64max,7fffffffffffffff,"[1, 1.9999999999999999997831595655029, 62]",true,true
P5_6_1_3_17,int64_t,base_zero,0000000000000000,"[1, 0.0, 0]",uint64_t,i64max_plus1,8000000000000000,"[1, 1.0, 63]",true,true
P5_6_1_4_17,int64_t,base_zero,0000000000000000,"[1, 0.0, 0]",uint64_t,p53_plus1,0020000000000001,"[1, 1.0000000000000001110223024625157, 53]",true,true
P5_6_1_5_17,int64_t,base_zero,0000000000000000,"[1, 0.0, 0]",uint64_t,u64max,ffffffffffffffff,"[1, 1.9999999999999999998915797827514, 63]",true,true
P5_6_2_0_17,int64_t,i64max,7fffffffffffffff,"[1, 1.9999999999999999997831595655029, 62]",uint64_t,base_42,000000000000002a,"[1, 1.3125, 5]",true,true
P5_6_2_1_17,int64_t,i64max,7fffffffffffffff,"[1, 1.9999999999999999997831595655029, 62]",uint64_t,base_zero,0000000000000000,"[1, 0.0, 0]",true,true
P5_6_2_2_17,int64_t,i64max,7fffffffffffffff,"[1, 1.9999999999999999997831595655029, 62]",uint64_t,i64max,7fffffffffffffff,"[1, 1.9999999999999999997831595655029, 62]",true,true
P5_6_2_3_17,int64_t,i64max,7fffffffffffffff,"[1, 1.9999999999999999997831595655029, 62]",uint64_t,i64max_plus1,8000000000000000,"[1, 1.0, 63]",true,true
P5_6_2_4_17,int64_t,i64max,7fffffffffffffff,"[1, 1.9999999999999999997831595655029, 62]",uint64_t,p53_plus1,0020000000000001,"[1, 1.0000000000000001110223024625157, 53]",true,true
P5_6_2_5_17,int64_t,i64max,7fffffffffffffff,"[1, 1.9999999999999999997831595655029, 62]",uint64_t,u64max,ffffffffffffffff,"[1, 1.9999999999999999998915797827514, 63]",true,true
P5_6_3_0_17,int64_t,i64max_plus1,8000000000000000,"[-1, 1.0, 63]",uint64_t,base_42,000000000000002a,"[1, 1.3125, 5]",true,true
P5_6_3_1_17,int64_t,i64max_plus1,8000000000000000,"[-1, 1.0, 63]",uint64_t,base_zero,0000000000000000,"[1, 0.0, 0]",true,true
P5_6_3_2_17,int64_t,i64max_plus1,8000000000000000,"[-1, 1.0, 63]",uint64_t,i64max,7fffffffffffffff,"[1, 1.9999999999999999997831595655029, 62]",true,true
P5_6_3_3_17,int64_t,i64max_plus1,8000000000000000,"[-1, 1.0, 63]",uint64_t,i64max_plus1,8000000000000000,"[1, 1.0, 63]",true,true
P5_6_3_4_17,int64_t,i64max_plus1,8000000000000000,"[-1, 1.0, 63]",uint64_t,p53_plus1,0020000000000001,"[1, 1.0000000000000001110223024625157, 53]",true,true
P5_6_3_5_17,int64_t,i64max_plus1,8000000000000000,"[-1, 1.0, 63]",uint64_t,u64max,ffffffffffffffff,"[1, 1.9999999999999999998915797827514, 63]",true,true
P5_6_4_0_17,int64_t,p53_plus1,0020000000000001,"[1, 1.0000000000000001110223024625157, 53]",uint64_t,base_42,000000000000002a,"[1, 1.3125, 5]",true,true
P5_6_4_1_17,int64_t,p53_plus1,0020000000000001,"[1, 1.0000000000000001110223024625157, 53]",uint64_t,base_zero,0000000000000000,"[1, 0.0, 0]",true,true
P5_6_4_2_17,int64_t,p53_plus1,0020000000000001,"[1, 1.0000000000000001110223024625157, 53]",uint64_t,i64max,7fffffffffffffff,"[1, 1.9999999999999999997831595655029, 62]",true,true
P5_6_4_3_17,int64_t,p53_plus1,0020000000000001,"[1, 1.0000000000000001110223024625157, 53]",uint64_t,i64max_plus1,8000000000000000,"[1, 1.0, 63]",true,true
P5_6_4_4_17,int64_t,p53_plus1,0020000000000001,"[1, 1.0000000000000001110223024625157, 53]",uint64_t,p53_plus1,0020000000000001,"[1, 1.0000000000000001110223024625157, 53]",true,true
P5_6_4_5_17,int64_t,p53_plus1,0020000000000001,"[1, 1.0000000000000001110223024625157, 53]",uint64_t,u64max,ffffffffffffffff,"[1, 1.9999999999999999998915797827514, 63]",true,true
P5_6_5_0_17,int64_t,u64max,ffffffffffffffff,"[-1, 1.0, 0]",uint64_t,base_42,000000000000002a,"[1, 1.3125, 5]",true,true
P5_6_5_1_17,int64_t,u64max,ffffffffffffffff,"[-1, 1.0, 0]",uint64_t,base_zero,0000000000000000,"[1, 0.0, 0]",true,true
P5_6_5_2_17,int64_t,u64max,ffffffffffffffff,"[-1, 1.0, 0]",uint64_t,i64max,7fffffffffffffff,"[1, 1.9999999999999999997831595655029, 62]",true,true
P5_6_5_3_17,int64_t,u64max,ffffffffffffffff,"[-1, 1.0, 0]",uint64_t,i64max_plus1,8000000000000000,"[1, 1.0, 63]",true,true
P5_6_5_4_17,int64_t,u64max,ffffffffffffffff,"[-1, 1.0, 0]",uint64_t,p53_plus1,0020000000000001,"[1, 1.0000000000000001110223024625157, 53]",true,true
P5_6_5_5_17,int64_t,u64max,ffffffffffffffff,"[-1, 1.0, 0]",uint64_t,u64max,ffffffffffffffff,"[1, 1.9999999999999999998915797827514, 63]",true,true
P5_7_0_0_17,int64_t,base_42,000000000000002a,"[1, 1.3125, 5]",__int128,base_42,0000000000000000000000000000002a,"[1, 1.3125, 5]",true,true
P5_7_0_1_17,int64_t,base_42,000000000000002a,"[1, 1.3125, 5]",__int128,base_zero,00000000000000000000000000000000,"[1, 0.0, 0]",true,true
P5_7_0_2_17,int64_t,base_42,000000000000002a,"[1, 1.3125, 5]",__int128,i64max,00000000000000007fffffffffffffff,"[1, 1.9999999999999999997831595655029, 62]",true,true
P5_7_0_3_17,int64_t,base_42,000000000000002a,"[1, 1.3125, 5]",__int128,i64max_plus1,00000000000000008000000000000000,"[1, 1.0, 63]",true,true
P5_7_0_4_17,int64_t,base_42,000000000000002a,"[1, 1.3125, 5]",__int128,p53_plus1,00000000000000000020000000000001,"[1, 1.0000000000000001110223024625157, 53]",true,true
P5_7_0_5_17,int64_t,base_42,000000000000002a,"[1, 1.3125, 5]",__int128,u64max,0000000000000000ffffffffffffffff,"[1, 1.9999999999999999998915797827514, 63]",true,true
P5_7_1_0_17,int64_t,base_zero,0000000000000000,"[1, 0.0, 0]",__int128,base_42,0000000000000000000000000000002a,"[1, 1.3125, 5]",true,true
P5_7_1_1_17,int64_t,base_zero,0000000000000000,"[1, 0.0, 0]",__int128,base_zero,00000000000000000000000000000000,"[1, 0.0, 0]",false,false
P5_7_1_2_17,int64_t,base_zero,0000000000000000,"[1, 0.0, 0]",__int128,i64max,00000000000000007fffffffffffffff,"[1, 1.9999999999999999997831595655029, 62]",true,true
P5_7_1_3_17,int64_t,base_zero,0000000000000000,"[1, 0.0, 0]",__int128,i64max_plus1,00000000000000008000000000000000,"[1, 1.0, 63]",true,true
P5_7_1_4_17,int64_t,base_zero,0000000000000000,"[1, 0.0, 0]",__int128,p53_plus1,00000000000000000020000000000001,"[1, 1.0000000000000001110223024625157, 53]",true,true
P5_7_1_5_17,int64_t,base_zero,0000000000000000,"[1, 0.0, 0]",__int128,u64max,0000000000000000ffffffffffffffff,"[1, 1.9999999999999999998915797827514, 63]",true,true
P5_7_2_0_17,int64_t,i64max,7fffffffffffffff,"[1, 1.9999999999999999997831595655029, 62]",__int128,base_42,0000000000000000000000000000002a,"[1, 1.3125, 5]",true,true
P5_7_2_1_17,int64_t,i64max,7fffffffffffffff,"[1, 1.9999999999999999997831595655029, 62]",__int128,base_zero,00000000000000000000000000000000,"[1, 0.0, 0]",true,true
P5_7_2_2_17,int64_t,i64max,7fffffffffffffff,"[1, 1.9999999999999999997831595655029, 62]",__int128,i64max,00000000000000007fffffffffffffff,"[1, 1.9999999999999999997831595655029, 62]",true,true
P5_7_2_3_17,int64_t,i64max,7fffffffffffffff,"[1, 1.9999999999999999997831595655029, 62]",__int128,i64max_plus1,00000000000000008000000000000000,"[1, 1.0, 63]",true,true
P5_7_2_4_17,int64_t,i64max,7fffffffffffffff,"[1, 1.9999999999999999997831595655029, 62]",__int128,p53_plus1,00000000000000000020000000000001,"[1, 1.0000000000000001110223024625157, 53]",true,true
P5_7_2_5_17,int64_t,i64max,7fffffffffffffff,"[1, 1.9999999999999999997831595655029, 62]",__int128,u64max,0000000000000000ffffffffffffffff,"[1, 1.9999999999999999998915797827514, 63]",true,true
P5_7_3_0_17,int64_t,i64max_plus1,8000000000000000,"[-1, 1.0, 63]",__int128,base_42,0000000000000000000000000000002a,"[1, 1.3125, 5]",true,true
P5_7_3_1_17,int64_t,i64max_plus1,8000000000000000,"[-1, 1.0, 63]",__int128,base_zero,00000000000000000000000000000000,"[1, 0.0, 0]",true,true
P5_7_3_2_17,int64_t,i64max_plus1,8000000000000000,"[-1, 1.0, 63]",__int128,i64max,00000000000000007fffffffffffffff,"[1, 1.9999999999999999997831595655029, 62]",true,true
P5_7_3_3_17,int64_t,i64max_plus1,8000000000000000,"[-1, 1.0, 63]",__int128,i64max_plus1,00000000000000008000000000000000,"[1, 1.0, 63]",true,true
P5_7_3_4_17,int64_t,i64max_plus1,8000000000000000,"[-1, 1.0, 63]",__int128,p53_plus1,00000000000000000020000000000001,"[1, 1.0000000000000001110223024625157, 53]",true,true
P5_7_3_5_17,int64_t,i64max_plus1,8000000000000000,"[-1, 1.0, 63]",__int128,u64max,0000000000000000ffffffffffffffff,"[1, 1.9999999999999999998915797827514, 63]",true,true
P5_7_4_0_17,int64_t,p53_plus1,0020000000000001,"[1, 1.0000000000000001110223024625157, 53]",__int128,base_42,0000000000000000000000000000002a,"[1, 1.3125, 5]",true,true
P5_7_4_1_17,int64_t,p53_plus1,0020000000000001,"[1, 1.0000000000000001110223024625157, 53]",__int128,base_zero,00000000000000000000000000000000,"[1, 0.0, 0]",true,true
P5_7_4_2_17,int64_t,p53_plus1,0020000000000001,"[1, 1.0000000000000001110223024625157, 53]",__int128,i64max,00000000000000007fffffffffffffff,"[1, 1.9999999999999999997831595655029, 62]",true,true
P5_7_4_3_17,int64_t,p53_plus1,0020000000000001,"[1, 1.0000000000000001110223024625157, 53]",__int128,i64max_plus1,00000000000000008000000000000000,"[1, 1.0, 63]",true,true
P5_7_4_4_17,int64_t,p53_plus1,0020000000000001,"[1, 1.0000000000000001110223024625157, 53]",__int128,p53_plus1,00000000000000000020000000000001,"[1, 1.0000000000000001110223024625157, 53]",true,true
P5_7_4_5_17,int64_t,p53_plus1,0020000000000001,"[1, 1.0000000000000001110223024625157, 53]",__int128,u64max,0000000000000000ffffffffffffffff,"[1, 1.9999999999999999998915797827514, 63]",true,true
P5_7_5_0_17,int64_t,u64max,ffffffffffffffff,"[-1, 1.0, 0]",__int128,base_42,0000000000000000000000000000002a,"[1, 1.3125, 5]",true,true
P5_7_5_1_17,int64_t,u64max,ffffffffffffffff,"[-1, 1.0, 0]",__int128,base_zero,00000000000000000000000000000000,"[1, 0.0, 0]",true,true
P5_7_5_2_17,int64_t,u64max,ffffffffffffffff,"[-1, 1.0, 0]",__int128,i64max,00000000000000007fffffffffffffff,"[1, 1.9999999999999999997831595655029, 62]",true,true
P5_7_5_3_17,int64_t,u64max,ffffffffffffffff,"[-1, 1.0, 0]",__int128,i64max_plus1,00000000000000008000000000000000,"[1, 1.0, 63]",true,true
P5_7_5_4_17,int64_t,u64max,ffffffffffffffff,"[-1, 1.0, 0]",__int128,p53_plus1,00000000000000000020000000000001,"[1, 1.0000000000000001110223024625157, 53]",true,true
P5_7_5_5_17,int64_t,u64max,ffffffffffffffff,"[-1, 1.0, 0]",__int128,u64max,0000000000000000ffffffffffffffff,"[1, 1.9999999999999999998915797827514, 63]",true,true
P5_8_0_0_17,int64_t,base_42,000000000000002a,"[1, 1.3125, 5]",double,base_1_5,3ff8000000000000,"[1, 1.5, 0]",true,true
P5_8_0_1_17,int64_t,base_42,000000000000002a,"[1, 1.3125, 5]",double,base_pi,400921fb54442d18,"[1, 1.5707963267948965579989817342721, 1]",true,true
P5_8_0_2_17,int64_t,base_42,000000000000002a,"[1, 1.3125, 5]",double,inf,7ff0000000000000,"[1, inf]",true,true
P5_8_0_3_17,int64_t,base_42,000000000000002a,"[1, 1.3125, 5]",double,nan,7ff8000000000000,nan,true,true
P5_8_0_4_17,int64_t,base_42,000000000000002a,"[1, 1.3125, 5]",double,negzero,8000000000000000,"[-1, 0.0, 0]",true,true
P5_8_0_5_17,int64_t,base_42,000000000000002a,"[1, 1.3125, 5]",double,point1,3fb999999999999a,"[1, 1.6000000000000000888178419700125, -4]",true,true
P5_8_1_0_17,int64_t,base_zero,0000000000000000,"[1, 0.0, 0]",double,base_1_5,3ff8000000000000,"[1, 1.5, 0]",true,true
P5_8_1_1_17,int64_t,base_zero,0000000000000000,"[1, 0.0, 0]",double,base_pi,400921fb54442d18,"[1, 1.5707963267948965579989817342721, 1]",true,true
P5_8_1_2_17,int64_t,base_zero,0000000000000000,"[1, 0.0, 0]",double,inf,7ff0000000000000,"[1, inf]",true,true
P5_8_1_3_17,int64_t,base_zero,0000000000000000,"[1, 0.0, 0]",double,nan,7ff8000000000000,nan,true,true
P5_8_1_4_17,int64_t,base_zero,0000000000000000,"[1, 0.0, 0]",double,negzero,8000000000000000,"[-1, 0.0, 0]",false,false
P5_8_1_5_17,int64_t,base_zero,0000000000000000,"[1, 0.0, 0]",double,point1,3fb999999999999a,"[1, 1.6000000000000000888178419700125, -4]",true,true
P5_8_2_0_17,int64_t,i64max,7fffffffffffffff,"[1, 1.9999999999999999997831595655029, 62]",double,base_1_5,3ff8000000000000,"[1, 1.5, 0]",true,true
P5_8_2_1_17,int64_t,i64max,7fffffffffffffff,"[1, 1.9999999999999999997831595655029, 62]",double,base_pi,400921fb54442d18,"[1, 1.5707963267948965579989817342721, 1]",true,true
P5_8_2_2_17,int64_t,i64max,7fffffffffffffff,"[1, 1.9999999999999999997831595655029, 62]",double,inf,7ff0000000000000,"[1, inf]",true,true
P5_8_2_3_17,int64_t,i64max,7fffffffffffffff,"[1, 1.9999999999999999997831595655029, 62]",double,nan,7ff8000000000000,nan,true,true
P5_8_2_4_17,int64_t,i64max,7fffffffffffffff,"[1, 1.9999999999999999997831595655029, 62]",double,negzero,8000000000000000,"[-1, 0.0, 0]",true,true
P5_8_2_5_17,int64_t,i64max,7fffffffffffffff,"[1, 1.9999999999999999997831595655029, 62]",double,point1,3fb999999999999a,"[1, 1.6000000000000000888178419700125, -4]",true,true
P5_8_3_0_17,int64_t,i64max_plus1,8000000000000000,"[-1, 1.0, 63]",double,base_1_5,3ff8000000000000,"[1, 1.5, 0]",true,true
P5_8_3_1_17,int64_t,i64max_plus1,8000000000000000,"[-1, 1.0, 63]",double,base_pi,400921fb54442d18,"[1, 1.5707963267948965579989817342721, 1]",true,true
P5_8_3_2_17,int64_t,i64max_plus1,8000000000000000,"[-1, 1.0, 63]",double,inf,7ff0000000000000,"[1, inf]",true,true
P5_8_3_3_17,int64_t,i64max_plus1,8000000000000000,"[-1, 1.0, 63]",double,nan,7ff8000000000000,nan,true,true
P5_8_3_4_17,int64_t,i64max_plus1,8000000000000000,"[-1, 1.0, 63]",double,negzero,8000000000000000,"[-1, 0.0, 0]",true,true
P5_8_3_5_17,int64_t,i64max_plus1,8000000000000000,"[-1, 1.0, 63]",double,point1,3fb999999999999a,"[1, 1.6000000000000000888178419700125, -4]",true,true
P5_8_4_0_17,int64_t,p53_plus1,0020000000000001,"[1, 1.0000000000000001110223024625157, 53]",double,base_1_5,3ff8000000000000,"[1, 1.5, 0]",true,true
P5_8_4_1_17,int64_t,p53_plus1,0020000000000001,"[1, 1.0000000000000001110223024625157, 53]",double,base_pi,400921fb54442d18,"[1, 1.5707963267948965579989817342721, 1]",true,true
P5_8_4_2_17,int64_t,p53_plus1,0020000000000001,"[1, 1.0000000000000001110223024625157, 53]",double,inf,7ff0000000000000,"[1, inf]",true,true
P5_8_4_3_17,int64_t,p53_plus1,0020000000000001,"[1, 1.0000000000000001110223024625157, 53]",double,nan,7ff8000000000000,nan,true,true
P5_8_4_4_17,int64_t,p53_plus1,0020000000000001,"[1, 1.0000000000000001110223024625157, 53]",double,negzero,8000000000000000,"[-1, 0.0, 0]",true,true
P5_8_4_5_17,int64_t,p53_plus1,0020000000000001,"[1, 1.0000000000000001110223024625157, 53]",double,point1,3fb999999999999a,"[1, 1.6000000000000000888178419700125, -4]",true,true
P5_8_5_0_17,int64_t,u64max,ffffffffffffffff,"[-1, 1.0, 0]",double,base_1_5,3ff8000000000000,"[1, 1.5, 0]",true,true
P5_8_5_1_17,int64_t,u64max,ffffffffffffffff,"[-1, 1.0, 0]",double,base_pi,400921fb54442d18,"[1, 1.5707963267948965579989817342721, 1]",true,true
P5_8_5_2_17,int64_t,u64max,ffffffffffffffff,"[-1, 1.0, 0]",double,inf,7ff0000000000000,"[1, inf]",true,true
P5_8_5_3_17,int64_t,u64max,ffffffffffffffff,"[-1, 1.0, 0]",double,nan,7ff8000000000000,nan,true,true
P5_8_5_4_17,int64_t,u64max,ffffffffffffffff,"[-1, 1.0, 0]",double,negzero,8000000000000000,"[-1, 0.0, 0]",true,true
P5_8_5_5_17,int64_t,u64max,ffffffffffffffff,"[-1, 1.0, 0]",double,point1,3fb999999999999a,"[1, 1.6000000000000000888178419700125, -4]",true,true
P5_9_0_0_17,int64_t,base_42,000000000000002a,"[1, 1.3125, 5]",float,base_1_5,3fc00000,"[1, 1.5, 0]",true,true
P5_9_0_1_17,int64_t,base_42,000000000000002a,"[1, 1.3125, 5]",float,base_pi,40490fdb,"[1, 1.57079637050628662109375, 1]",true,true
P5_9_0_2_17,int64_t,base_42,000000000000002a,"[1, 1.3125, 5]",float,inf,7f800000,"[1, inf]",true,true
P5_9_0_3_17,int64_t,base_42,000000000000002a,"[1, 1.3125, 5]",float,nan,7fc00000,nan,true,true
P5_9_0_4_17,int64_t,base_42,000000000000002a,"[1, 1.3125, 5]",float,negzero,80000000,"[-1, 0.0, 0]",true,true
P5_9_0_5_17,int64_t,base_42,000000000000002a,"[1, 1.3125, 5]",float,point1,3dcccccd,"[1, 1.60000002384185791015625, -4]",true,true
P5_9_1_0_17,int64_t,base_zero,0000000000000000,"[1, 0.0, 0]",float,base_1_5,3fc00000,"[1, 1.5, 0]",true,true
P5_9_1_1_17,int64_t,base_zero,0000000000000000,"[1, 0.0, 0]",float,base_pi,40490fdb,"[1, 1.57079637050628662109375, 1]",true,true
P5_9_1_2_17,int64_t,base_zero,0000000000000000,"[1, 0.0, 0]",float,inf,7f800000,"[1, inf]",true,true
P5_9_1_3_17,int64_t,base_zero,0000000000000000,"[1, 0.0, 0]",float,nan,7fc00000,nan,true,true
P5_9_1_4_17,int64_t,base_zero,0000000000000000,"[1, 0.0, 0]",float,negzero,80000000,"[-1, 0.0, 0]",false,false
P5_9_1_5_17,int64_t,base_zero,0000000000000000,"[1, 0.0, 0]",float,point1,3dcccccd,"[1, 1.60000002384185791015625, -4]",true,true
P5_9_2_0_17,int64_t,i64max,7fffffffffffffff,"[1, 1.9999999999999999997831595655029, 62]",float,base_1_5,3fc00000,"[1, 1.5, 0]",true,true
P5_9_2_1_17,int64_t,i64max,7fffffffffffffff,"[1, 1.9999999999999999997831595655029, 62]",float,base_pi,40490fdb,"[1, 1.57079637050628662109375, 1]",true,true
P5_9_2_2_17,int64_t,i64max,7fffffffffffffff,"[1, 1.9999999999999999997831595655029, 62]",float,inf,7f800000,"[1, inf]",true,true
P5_9_2_3_17,int64_t,i64max,7fffffffffffffff,"[1, 1.9999999999999999997831595655029, 62]",float,nan,7fc00000,nan,true,true
P5_9_2_4_17,int64_t,i64max,7fffffffffffffff,"[1, 1.9999999999999999997831595655029, 62]",float,negzero,80000000,"[-1, 0.0, 0]",true,true
P5_9_2_5_17,int64_t,i64max,7fffffffffffffff,"[1, 1.9999999999999999997831595655029, 62]",float,point1,3dcccccd,"[1, 1.60000002384185791015625, -4]",true,true
P5_9_3_0_17,int64_t,i64max_plus1,8000000000000000,"[-1, 1.0, 63]",float,base_1_5,3fc00000,"[1, 1.5, 0]",true,true
P5_9_3_1_17,int64_t,i64max_plus1,8000000000000000,"[-1, 1.0, 63]",float,base_pi,40490fdb,"[1, 1.57079637050628662109375, 1]",true,true
P5_9_3_2_17,int64_t,i64max_plus1,8000000000000000,"[-1, 1.0, 63]",float,inf,7f800000,"[1, inf]",true,true
P5_9_3_3_17,int64_t,i64max_plus1,8000000000000000,"[-1, 1.0, 63]",float,nan,7fc00000,nan,true,true
P5_9_3_4_17,int64_t,i64max_plus1,8000000000000000,"[-1, 1.0, 63]",float,negzero,80000000,"[-1, 0.0, 0]",true,true
P5_9_3_5_17,int64_t,i64max_plus1,8000000000000000,"[-1, 1.0, 63]",float,point1,3dcccccd,"[1, 1.60000002384185791015625, -4]",true,true
P5_9_4_0_17,int64_t,p53_plus1,0020000000000001,"[1, 1.0000000000000001110223024625157, 53]",float,base_1_5,3fc00000,"[1, 1.5, 0]",true,true
P5_9_4_1_17,int64_t,p53_plus1,0020000000000001,"[1, 1.0000000000000001110223024625157, 53]",float,base_pi,40490fdb,"[1, 1.57079637050628662109375, 1]",true,true
P5_9_4_2_17,int64_t,p53_plus1,0020000000000001,"[1, 1.0000000000000001110223024625157, 53]",float,inf,7f800000,"[1, inf]",true,true
P5_9_4_3_17,int64_t,p53_plus1,0020000000000001,"[1, 1.0000000000000001110223024625157, 53]",float,nan,7fc00000,nan,true,true
P5_9_4_4_17,int64_t,p53_plus1,0020000000000001,"[1, 1.0000000000000001110223024625157, 53]",float,negzero,80000000,"[-1, 0.0, 0]",true,true
P5_9_4_5_17,int64_t,p53_plus1,0020000000000001,"[1, 1.0000000000000001110223024625157, 53]",float,point1,3dcccccd,"[1, 1.60000002384185791015625, -4]",true,true
P5_9_5_0_17,int64_t,u64max,ffffffffffffffff,"[-1, 1.0, 0]",float,base_1_5,3fc00000,"[1, 1.5, 0]",true,true
P5_9_5_1_17,int64_t,u64max,ffffffffffffffff,"[-1, 1.0, 0]",float,base_pi,40490fdb,"[1, 1.57079637050628662109375, 1]",true,true
P5_9_5_2_17,int64_t,u64max,ffffffffffffffff,"[-1, 1.0, 0]",float,inf,7f800000,"[1, inf]",true,true
P5_9_5_3_17,int64_t,u64max,ffffffffffffffff,"[-1, 1.0, 0]",float,nan,7fc00000,nan,true,true
P5_9_5_4_17,int64_t,u64max,ffffffffffffffff,"[-1, 1.0, 0]",float,negzero,80000000,"[-1, 0.0, 0]",true,true
P5_9_5_5_17,int64_t,u64max,ffffffffffffffff,"[-1, 1.0, 0]",float,point1,3dcccccd,"[1, 1.60000002384185791015625, -4]",true,true
P5_11_0_0_17,int64_t,base_42,000000000000002a,"[1, 1.3125, 5]",const char*,base_empty,,t||0|0|0,true,true
P5_11_0_1_17,int64_t,base_42,000000000000002a,"[1, 1.3125, 5]",const char*,base_hello,68656c6c6f,t|68656c6c6f|5|5|5,true,true
P5_11_0_2_17,int64_t,base_42,000000000000002a,"[1, 1.3125, 5]",const char*,base_lines,6c696e65206f6e650a6c696e652074776f,t|6c696e65206f6e650a6c696e652074776f|17|17|17,true,true
P5_11_0_3_17,int64_t,base_42,000000000000002a,"[1, 1.3125, 5]",const char*,clef,f09d849e,t|f09d849e|4|1|1,true,true
P5_11_0_4_17,int64_t,base_42,000000000000002a,"[1, 1.3125, 5]",const char*,eacute,c3a9,t|c3a9|2|1|1,true,true
P5_11_0_5_17,int64_t,base_42,000000000000002a,"[1, 1.3125, 5]",const char*,escapes,71756f74652022206261636b736c617368205c207461620968657265,t|71756f74652022206261636b736c617368205c207461620968657265|28|28|28,true,true
P5_11_1_0_17,int64_t,base_zero,0000000000000000,"[1, 0.0, 0]",const char*,base_empty,,t||0|0|0,true,true
P5_11_1_1_17,int64_t,base_zero,0000000000000000,"[1, 0.0, 0]",const char*,base_hello,68656c6c6f,t|68656c6c6f|5|5|5,true,true
P5_11_1_2_17,int64_t,base_zero,0000000000000000,"[1, 0.0, 0]",const char*,base_lines,6c696e65206f6e650a6c696e652074776f,t|6c696e65206f6e650a6c696e652074776f|17|17|17,true,true
P5_11_1_3_17,int64_t,base_zero,0000000000000000,"[1, 0.0, 0]",const char*,clef,f09d849e,t|f09d849e|4|1|1,true,true
P5_11_1_4_17,int64_t,base_zero,0000000000000000,"[1, 0.0, 0]",const char*,eacute,c3a9,t|c3a9|2|1|1,true,true
P5_11_1_5_17,int64_t,base_zero,0000000000000000,"[1, 0.0, 0]",const char*,escapes,71756f74652022206261636b736c617368205c207461620968657265,t|71756f74652022206261636b736c617368205c207461620968657265|28|28|28,true,true
P5_11_2_0_17,int64_t,i64max,7fffffffffffffff,"[1, 1.9999999999999999997831595655029, 62]",const char*,base_empty,,t||0|0|0,true,true
P5_11_2_1_17,int64_t,i64max,7fffffffffffffff,"[1, 1.9999999999999999997831595655029, 62]",const char*,base_hello,68656c6c6f,t|68656c6c6f|5|5|5,true,true
P5_11_2_2_17,int64_t,i64max,7fffffffffffffff,"[1, 1.9999999999999999997831595655029, 62]",const char*,base_lines,6c696e65206f6e650a6c696e652074776f,t|6c696e65206f6e650a6c696e652074776f|17|17|17,true,true
P5_11_2_3_17,int64_t,i64max,7fffffffffffffff,"[1, 1.9999999999999999997831595655029, 62]",const char*,clef,f09d849e,t|f09d849e|4|1|1,true,true
P5_11_2_4_17,int64_t,i64max,7fffffffffffffff,"[1, 1.9999999999999999997831595655029, 62]",const char*,eacute,c3a9,t|c3a9|2|1|1,true,true
P5_11_2_5_17,int64_t,i64max,7fffffffffffffff,"[1, 1.9999999999999999997831595655029, 62]",const char*,escapes,71756f74652022206261636b736c617368205c207461620968657265,t|71756f74652022206261636b736c617368205c207461620968657265|28|28|28,true,true
P5_11_3_0_17,int64_t,i64max_plus1,8000000000000000,"[-1, 1.0, 63]",const char*,base_empty,,t||0|0|0,true,true
P5_11_3_1_17,int64_t,i64max_plus1,8000000000000000,"[-1, 1.0, 63]",const char*,base_hello,68656c6c6f,t|68656c6c6f|5|5|5,true,true
P5_11_3_2_17,int64_t,i64max_plus1,8000000000000000,"[-1, 1.0, 63]",const char*,base_lines,6c696e65206f6e650a6c696e652074776f,t|6c696e65206f6e650a6c696e652074776f|17|17|17,true,true
P5_11_3_3_17,int64_t,i64max_plus1,8000000000000000,"[-1, 1.0, 63]",const char*,clef,f09d849e,t|f09d849e|4|1|1,true,true
P5_11_3_4_17,int64_t,i64max_plus1,8000000000000000,"[-1, 1.0, 63]",const char*,eacute,c3a9,t|c3a9|2|1|1,true,true
P5_11_3_5_17,int64_t,i64max_plus1,8000000000000000,"[-1, 1.0, 63]",const char*,escapes,71756f74652022206261636b736c617368205c207461620968657265,t|71756f74652022206261636b736c617368205c207461620968657265|28|28|28,true,true
P5_11_4_0_17,int64_t,p53_plus1,0020000000000001,"[1, 1.0000000000000001110223024625157, 53]",const char*,base_empty,,t||0|0|0,true,true
P5_11_4_1_17,int64_t,p53_plus1,0020000000000001,"[1, 1.0000000000000001110223024625157, 53]",const char*,base_hello,68656c6c6f,t|68656c6c6f|5|5|5,true,true
P5_11_4_2_17,int64_t,p53_plus1,0020000000000001,"[1, 1.0000000000000001110223024625157, 53]",const char*,base_lines,6c696e65206f6e650a6c696e652074776f,t|6c696e65206f6e650a6c696e652074776f|17|17|17,true,true
P5_11_4_3_17,int64_t,p53_plus1,0020000000000001,"[1, 1.0000000000000001110223024625157, 53]",const char*,clef,f09d849e,t|f09d849e|4|1|1,true,true
P5_11_4_4_17,int64_t,p53_plus1,0020000000000001,"[1, 1.0000000000000001110223024625157, 53]",const char*,eacute,c3a9,t|c3a9|2|1|1,true,true
P5_11_4_5_17,int64_t,p53_plus1,0020000000000001,"[1, 1.0000000000000001110223024625157, 53]",const char*,escapes,71756f74652022206261636b736c617368205c207461620968657265,t|71756f74652022206261636b736c617368205c207461620968657265|28|28|28,true,true
P5_11_5_0_17,int64_t,u64max,ffffffffffffffff,"[-1, 1.0, 0]",const char*,base_empty,,t||0|0|0,true,true
P5_11_5_1_17,int64_t,u64max,ffffffffffffffff,"[-1, 1.0, 0]",const char*,base_hello,68656c6c6f,t|68656c6c6f|5|5|5,true,true
P5_11_5_2_17,int64_t,u64max,ffffffffffffffff,"[-1, 1.0, 0]",const char*,base_lines,6c696e65206f6e650a6c696e652074776f,t|6c696e65206f6e650a6c696e652074776f|17|17|17,true,true
P5_11_5_3_17,int64_t,u64max,ffffffffffffffff,"[-1, 1.0, 0]",const char*,clef,f09d849e,t|f09d849e|4|1|1,true,true
P5_11_5_4_17,int64_t,u64max,ffffffffffffffff,"[-1, 1.0, 0]",const char*,eacute,c3a9,t|c3a9|2|1|1,true,true
P5_11_5_5_17,int64_t,u64max,ffffffffffffffff,"[-1, 1.0, 0]",const char*,escapes,71756f74652022206261636b736c617368205c207461620968657265,t|71756f74652022206261636b736c617368205c207461620968657265|28|28|28,true,true
P5_14_0_0_17,int64_t,base_42,000000000000002a,"[1, 1.3125, 5]",T[N] (C array),base,"[1, 2, 3]","c|[1, 1.0, 0],[1, 1.0, 1],[1, 1.5, 1]|integer|as-sorted",true,true
P5_14_0_2_17,int64_t,base_42,000000000000002a,"[1, 1.3125, 5]",T[N] (C array),empty,[],c||empty|as-sorted,true,true
P5_14_0_4_17,int64_t,base_42,000000000000002a,"[1, 1.3125, 5]",T[N] (C array),strs,"['a', 'b']","c|t|61|1|1|1,t|62|1|1|1|integer|as-sorted",true,true
P5_14_1_0_17,int64_t,base_zero,0000000000000000,"[1, 0.0, 0]",T[N] (C array),base,"[1, 2, 3]","c|[1, 1.0, 0],[1, 1.0, 1],[1, 1.5, 1]|integer|as-sorted",true,true
P5_14_1_2_17,int64_t,base_zero,0000000000000000,"[1, 0.0, 0]",T[N] (C array),empty,[],c||empty|as-sorted,true,true
P5_14_1_4_17,int64_t,base_zero,0000000000000000,"[1, 0.0, 0]",T[N] (C array),strs,"['a', 'b']","c|t|61|1|1|1,t|62|1|1|1|integer|as-sorted",true,true
P5_14_2_0_17,int64_t,i64max,7fffffffffffffff,"[1, 1.9999999999999999997831595655029, 62]",T[N] (C array),base,"[1, 2, 3]","c|[1, 1.0, 0],[1, 1.0, 1],[1, 1.5, 1]|integer|as-sorted",true,true
P5_14_2_2_17,int64_t,i64max,7fffffffffffffff,"[1, 1.9999999999999999997831595655029, 62]",T[N] (C array),empty,[],c||empty|as-sorted,true,true
P5_14_2_4_17,int64_t,i64max,7fffffffffffffff,"[1, 1.9999999999999999997831595655029, 62]",T[N] (C array),strs,"['a', 'b']","c|t|61|1|1|1,t|62|1|1|1|integer|as-sorted",true,true
P5_14_3_0_17,int64_t,i64max_plus1,8000000000000000,"[-1, 1.0, 63]",T[N] (C array),base,"[1, 2, 3]","c|[1, 1.0, 0],[1, 1.0, 1],[1, 1.5, 1]|integer|as-sorted",true,true
P5_14_3_2_17,int64_t,i64max_plus1,8000000000000000,"[-1, 1.0, 63]",T[N] (C array),empty,[],c||empty|as-sorted,true,true
P5_14_3_4_17,int64_t,i64max_plus1,8000000000000000,"[-1, 1.0, 63]",T[N] (C array),strs,"['a', 'b']","c|t|61|1|1|1,t|62|1|1|1|integer|as-sorted",true,true
P5_14_4_0_17,int64_t,p53_plus1,0020000000000001,"[1, 1.0000000000000001110223024625157, 53]",T[N] (C array),base,"[1, 2, 3]","c|[1, 1.0, 0],[1, 1.0, 1],[1, 1.5, 1]|integer|as-sorted",true,true
P5_14_4_2_17,int64_t,p53_plus1,0020000000000001,"[1, 1.0000000000000001110223024625157, 53]",T[N] (C array),empty,[],c||empty|as-sorted,true,true
P5_14_4_4_17,int64_t,p53_plus1,0020000000000001,"[1, 1.0000000000000001110223024625157, 53]",T[N] (C array),strs,"['a', 'b']","c|t|61|1|1|1,t|62|1|1|1|integer|as-sorted",true,true
P5_14_5_0_17,int64_t,u64max,ffffffffffffffff,"[-1, 1.0, 0]",T[N] (C array),base,"[1, 2, 3]","c|[1, 1.0, 0],[1, 1.0, 1],[1, 1.5, 1]|integer|as-sorted",true,true
P5_14_5_2_17,int64_t,u64max,ffffffffffffffff,"[-1, 1.0, 0]",T[N] (C array),empty,[],c||empty|as-sorted,true,true
P5_14_5_4_17,int64_t,u64max,ffffffffffffffff,"[-1, 1.0, 0]",T[N] (C array),strs,"['a', 'b']","c|t|61|1|1|1,t|62|1|1|1|integer|as-sorted",true,true
P6_1_0_0_17,uint64_t,base_42,000000000000002a,"[1, 1.3125, 5]",std::nullptr_t,null,null,null,true,true
P6_1_1_0_17,uint64_t,base_zero,0000000000000000,"[1, 0.0, 0]",std::nullptr_t,null,null,null,false,false
P6_1_2_0_17,uint64_t,i64max,7fffffffffffffff,"[1, 1.9999999999999999997831595655029, 62]",std::nullptr_t,null,null,null,true,true
P6_1_3_0_17,uint64_t,i64max_plus1,8000000000000000,"[1, 1.0, 63]",std::nullptr_t,null,null,null,true,true
P6_1_4_0_17,uint64_t,p53_plus1,0020000000000001,"[1, 1.0000000000000001110223024625157, 53]",std::nullptr_t,null,null,null,true,true
P6_1_5_0_17,uint64_t,u64max,ffffffffffffffff,"[1, 1.9999999999999999998915797827514, 63]",std::nullptr_t,null,null,null,true,true
P6_2_0_0_17,uint64_t,base_42,000000000000002a,"[1, 1.3125, 5]",std::optional<int64_t>,null,null,null,true,true
P6_2_1_0_17,uint64_t,base_zero,0000000000000000,"[1, 0.0, 0]",std::optional<int64_t>,null,null,null,false,false
P6_2_2_0_17,uint64_t,i64max,7fffffffffffffff,"[1, 1.9999999999999999997831595655029, 62]",std::optional<int64_t>,null,null,null,true,true
P6_2_3_0_17,uint64_t,i64max_plus1,8000000000000000,"[1, 1.0, 63]",std::optional<int64_t>,null,null,null,true,true
P6_2_4_0_17,uint64_t,p53_plus1,0020000000000001,"[1, 1.0000000000000001110223024625157, 53]",std::optional<int64_t>,null,null,null,true,true
P6_2_5_0_17,uint64_t,u64max,ffffffffffffffff,"[1, 1.9999999999999999998915797827514, 63]",std::optional<int64_t>,null,null,null,true,true
P6_3_0_0_17,uint64_t,base_42,000000000000002a,"[1, 1.3125, 5]",bool,false,false,false,true,true
P6_3_0_1_17,uint64_t,base_42,000000000000002a,"[1, 1.3125, 5]",bool,true,true,true,true,true
P6_3_1_0_17,uint64_t,base_zero,0000000000000000,"[1, 0.0, 0]",bool,false,false,false,false,false
P6_3_1_1_17,uint64_t,base_zero,0000000000000000,"[1, 0.0, 0]",bool,true,true,true,true,true
P6_3_2_0_17,uint64_t,i64max,7fffffffffffffff,"[1, 1.9999999999999999997831595655029, 62]",bool,false,false,false,true,true
P6_3_2_1_17,uint64_t,i64max,7fffffffffffffff,"[1, 1.9999999999999999997831595655029, 62]",bool,true,true,true,true,true
P6_3_3_0_17,uint64_t,i64max_plus1,8000000000000000,"[1, 1.0, 63]",bool,false,false,false,true,true
P6_3_3_1_17,uint64_t,i64max_plus1,8000000000000000,"[1, 1.0, 63]",bool,true,true,true,true,true
P6_3_4_0_17,uint64_t,p53_plus1,0020000000000001,"[1, 1.0000000000000001110223024625157, 53]",bool,false,false,false,true,true
P6_3_4_1_17,uint64_t,p53_plus1,0020000000000001,"[1, 1.0000000000000001110223024625157, 53]",bool,true,true,true,true,true
P6_3_5_0_17,uint64_t,u64max,ffffffffffffffff,"[1, 1.9999999999999999998915797827514, 63]",bool,false,false,false,true,true
P6_3_5_1_17,uint64_t,u64max,ffffffffffffffff,"[1, 1.9999999999999999998915797827514, 63]",bool,true,true,true,true,true
P6_4_0_0_17,uint64_t,base_42,000000000000002a,"[1, 1.3125, 5]",int32_t,base_42,0000002a,"[1, 1.3125, 5]",true,true
P6_4_0_1_17,uint64_t,base_42,000000000000002a,"[1, 1.3125, 5]",int32_t,base_zero,00000000,"[1, 0.0, 0]",true,true
P6_4_0_2_17,uint64_t,base_42,000000000000002a,"[1, 1.3125, 5]",int32_t,i64max,ffffffff,"[-1, 1.0, 0]",true,true
P6_4_0_3_17,uint64_t,base_42,000000000000002a,"[1, 1.3125, 5]",int32_t,i64max_plus1,00000000,"[1, 0.0, 0]",true,true
P6_4_0_4_17,uint64_t,base_42,000000000000002a,"[1, 1.3125, 5]",int32_t,p53_plus1,00000001,"[1, 1.0, 0]",true,true
P6_4_0_5_17,uint64_t,base_42,000000000000002a,"[1, 1.3125, 5]",int32_t,u64max,ffffffff,"[-1, 1.0, 0]",true,true
P6_4_1_0_17,uint64_t,base_zero,0000000000000000,"[1, 0.0, 0]",int32_t,base_42,0000002a,"[1, 1.3125, 5]",true,true
P6_4_1_1_17,uint64_t,base_zero,0000000000000000,"[1, 0.0, 0]",int32_t,base_zero,00000000,"[1, 0.0, 0]",false,false
P6_4_1_2_17,uint64_t,base_zero,0000000000000000,"[1, 0.0, 0]",int32_t,i64max,ffffffff,"[-1, 1.0, 0]",true,true
P6_4_1_3_17,uint64_t,base_zero,0000000000000000,"[1, 0.0, 0]",int32_t,i64max_plus1,00000000,"[1, 0.0, 0]",false,false
P6_4_1_4_17,uint64_t,base_zero,0000000000000000,"[1, 0.0, 0]",int32_t,p53_plus1,00000001,"[1, 1.0, 0]",true,true
P6_4_1_5_17,uint64_t,base_zero,0000000000000000,"[1, 0.0, 0]",int32_t,u64max,ffffffff,"[-1, 1.0, 0]",true,true
P6_4_2_0_17,uint64_t,i64max,7fffffffffffffff,"[1, 1.9999999999999999997831595655029, 62]",int32_t,base_42,0000002a,"[1, 1.3125, 5]",true,true
P6_4_2_1_17,uint64_t,i64max,7fffffffffffffff,"[1, 1.9999999999999999997831595655029, 62]",int32_t,base_zero,00000000,"[1, 0.0, 0]",true,true
P6_4_2_2_17,uint64_t,i64max,7fffffffffffffff,"[1, 1.9999999999999999997831595655029, 62]",int32_t,i64max,ffffffff,"[-1, 1.0, 0]",true,true
P6_4_2_3_17,uint64_t,i64max,7fffffffffffffff,"[1, 1.9999999999999999997831595655029, 62]",int32_t,i64max_plus1,00000000,"[1, 0.0, 0]",true,true
P6_4_2_4_17,uint64_t,i64max,7fffffffffffffff,"[1, 1.9999999999999999997831595655029, 62]",int32_t,p53_plus1,00000001,"[1, 1.0, 0]",true,true
P6_4_2_5_17,uint64_t,i64max,7fffffffffffffff,"[1, 1.9999999999999999997831595655029, 62]",int32_t,u64max,ffffffff,"[-1, 1.0, 0]",true,true
P6_4_3_0_17,uint64_t,i64max_plus1,8000000000000000,"[1, 1.0, 63]",int32_t,base_42,0000002a,"[1, 1.3125, 5]",true,true
P6_4_3_1_17,uint64_t,i64max_plus1,8000000000000000,"[1, 1.0, 63]",int32_t,base_zero,00000000,"[1, 0.0, 0]",true,true
P6_4_3_2_17,uint64_t,i64max_plus1,8000000000000000,"[1, 1.0, 63]",int32_t,i64max,ffffffff,"[-1, 1.0, 0]",true,true
P6_4_3_3_17,uint64_t,i64max_plus1,8000000000000000,"[1, 1.0, 63]",int32_t,i64max_plus1,00000000,"[1, 0.0, 0]",true,true
P6_4_3_4_17,uint64_t,i64max_plus1,8000000000000000,"[1, 1.0, 63]",int32_t,p53_plus1,00000001,"[1, 1.0, 0]",true,true
P6_4_3_5_17,uint64_t,i64max_plus1,8000000000000000,"[1, 1.0, 63]",int32_t,u64max,ffffffff,"[-1, 1.0, 0]",true,true
P6_4_4_0_17,uint64_t,p53_plus1,0020000000000001,"[1, 1.0000000000000001110223024625157, 53]",int32_t,base_42,0000002a,"[1, 1.3125, 5]",true,true
P6_4_4_1_17,uint64_t,p53_plus1,0020000000000001,"[1, 1.0000000000000001110223024625157, 53]",int32_t,base_zero,00000000,"[1, 0.0, 0]",true,true
P6_4_4_2_17,uint64_t,p53_plus1,0020000000000001,"[1, 1.0000000000000001110223024625157, 53]",int32_t,i64max,ffffffff,"[-1, 1.0, 0]",true,true
P6_4_4_3_17,uint64_t,p53_plus1,0020000000000001,"[1, 1.0000000000000001110223024625157, 53]",int32_t,i64max_plus1,00000000,"[1, 0.0, 0]",true,true
P6_4_4_4_17,uint64_t,p53_plus1,0020000000000001,"[1, 1.0000000000000001110223024625157, 53]",int32_t,p53_plus1,00000001,"[1, 1.0, 0]",true,true
P6_4_4_5_17,uint64_t,p53_plus1,0020000000000001,"[1, 1.0000000000000001110223024625157, 53]",int32_t,u64max,ffffffff,"[-1, 1.0, 0]",true,true
P6_4_5_0_17,uint64_t,u64max,ffffffffffffffff,"[1, 1.9999999999999999998915797827514, 63]",int32_t,base_42,0000002a,"[1, 1.3125, 5]",true,true
P6_4_5_1_17,uint64_t,u64max,ffffffffffffffff,"[1, 1.9999999999999999998915797827514, 63]",int32_t,base_zero,00000000,"[1, 0.0, 0]",true,true
P6_4_5_2_17,uint64_t,u64max,ffffffffffffffff,"[1, 1.9999999999999999998915797827514, 63]",int32_t,i64max,ffffffff,"[-1, 1.0, 0]",true,true
P6_4_5_3_17,uint64_t,u64max,ffffffffffffffff,"[1, 1.9999999999999999998915797827514, 63]",int32_t,i64max_plus1,00000000,"[1, 0.0, 0]",true,true
P6_4_5_4_17,uint64_t,u64max,ffffffffffffffff,"[1, 1.9999999999999999998915797827514, 63]",int32_t,p53_plus1,00000001,"[1, 1.0, 0]",true,true
P6_4_5_5_17,uint64_t,u64max,ffffffffffffffff,"[1, 1.9999999999999999998915797827514, 63]",int32_t,u64max,ffffffff,"[-1, 1.0, 0]",true,true
P6_5_0_0_17,uint64_t,base_42,000000000000002a,"[1, 1.3125, 5]",int64_t,base_42,000000000000002a,"[1, 1.3125, 5]",true,true
P6_5_0_1_17,uint64_t,base_42,000000000000002a,"[1, 1.3125, 5]",int64_t,base_zero,0000000000000000,"[1, 0.0, 0]",true,true
P6_5_0_2_17,uint64_t,base_42,000000000000002a,"[1, 1.3125, 5]",int64_t,i64max,7fffffffffffffff,"[1, 1.9999999999999999997831595655029, 62]",true,true
P6_5_0_3_17,uint64_t,base_42,000000000000002a,"[1, 1.3125, 5]",int64_t,i64max_plus1,8000000000000000,"[-1, 1.0, 63]",true,true
P6_5_0_4_17,uint64_t,base_42,000000000000002a,"[1, 1.3125, 5]",int64_t,p53_plus1,0020000000000001,"[1, 1.0000000000000001110223024625157, 53]",true,true
P6_5_0_5_17,uint64_t,base_42,000000000000002a,"[1, 1.3125, 5]",int64_t,u64max,ffffffffffffffff,"[-1, 1.0, 0]",true,true
P6_5_1_0_17,uint64_t,base_zero,0000000000000000,"[1, 0.0, 0]",int64_t,base_42,000000000000002a,"[1, 1.3125, 5]",true,true
P6_5_1_1_17,uint64_t,base_zero,0000000000000000,"[1, 0.0, 0]",int64_t,base_zero,0000000000000000,"[1, 0.0, 0]",false,false
P6_5_1_2_17,uint64_t,base_zero,0000000000000000,"[1, 0.0, 0]",int64_t,i64max,7fffffffffffffff,"[1, 1.9999999999999999997831595655029, 62]",true,true
P6_5_1_3_17,uint64_t,base_zero,0000000000000000,"[1, 0.0, 0]",int64_t,i64max_plus1,8000000000000000,"[-1, 1.0, 63]",true,true
P6_5_1_4_17,uint64_t,base_zero,0000000000000000,"[1, 0.0, 0]",int64_t,p53_plus1,0020000000000001,"[1, 1.0000000000000001110223024625157, 53]",true,true
P6_5_1_5_17,uint64_t,base_zero,0000000000000000,"[1, 0.0, 0]",int64_t,u64max,ffffffffffffffff,"[-1, 1.0, 0]",true,true
P6_5_2_0_17,uint64_t,i64max,7fffffffffffffff,"[1, 1.9999999999999999997831595655029, 62]",int64_t,base_42,000000000000002a,"[1, 1.3125, 5]",true,true
P6_5_2_1_17,uint64_t,i64max,7fffffffffffffff,"[1, 1.9999999999999999997831595655029, 62]",int64_t,base_zero,0000000000000000,"[1, 0.0, 0]",true,true
P6_5_2_2_17,uint64_t,i64max,7fffffffffffffff,"[1, 1.9999999999999999997831595655029, 62]",int64_t,i64max,7fffffffffffffff,"[1, 1.9999999999999999997831595655029, 62]",true,true
P6_5_2_3_17,uint64_t,i64max,7fffffffffffffff,"[1, 1.9999999999999999997831595655029, 62]",int64_t,i64max_plus1,8000000000000000,"[-1, 1.0, 63]",true,true
P6_5_2_4_17,uint64_t,i64max,7fffffffffffffff,"[1, 1.9999999999999999997831595655029, 62]",int64_t,p53_plus1,0020000000000001,"[1, 1.0000000000000001110223024625157, 53]",true,true
P6_5_2_5_17,uint64_t,i64max,7fffffffffffffff,"[1, 1.9999999999999999997831595655029, 62]",int64_t,u64max,ffffffffffffffff,"[-1, 1.0, 0]",true,true
P6_5_3_0_17,uint64_t,i64max_plus1,8000000000000000,"[1, 1.0, 63]",int64_t,base_42,000000000000002a,"[1, 1.3125, 5]",true,true
P6_5_3_1_17,uint64_t,i64max_plus1,8000000000000000,"[1, 1.0, 63]",int64_t,base_zero,0000000000000000,"[1, 0.0, 0]",true,true
P6_5_3_2_17,uint64_t,i64max_plus1,8000000000000000,"[1, 1.0, 63]",int64_t,i64max,7fffffffffffffff,"[1, 1.9999999999999999997831595655029, 62]",true,true
P6_5_3_3_17,uint64_t,i64max_plus1,8000000000000000,"[1, 1.0, 63]",int64_t,i64max_plus1,8000000000000000,"[-1, 1.0, 63]",true,true
P6_5_3_4_17,uint64_t,i64max_plus1,8000000000000000,"[1, 1.0, 63]",int64_t,p53_plus1,0020000000000001,"[1, 1.0000000000000001110223024625157, 53]",true,true
P6_5_3_5_17,uint64_t,i64max_plus1,8000000000000000,"[1, 1.0, 63]",int64_t,u64max,ffffffffffffffff,"[-1, 1.0, 0]",true,true
P6_5_4_0_17,uint64_t,p53_plus1,0020000000000001,"[1, 1.0000000000000001110223024625157, 53]",int64_t,base_42,000000000000002a,"[1, 1.3125, 5]",true,true
P6_5_4_1_17,uint64_t,p53_plus1,0020000000000001,"[1, 1.0000000000000001110223024625157, 53]",int64_t,base_zero,0000000000000000,"[1, 0.0, 0]",true,true
P6_5_4_2_17,uint64_t,p53_plus1,0020000000000001,"[1, 1.0000000000000001110223024625157, 53]",int64_t,i64max,7fffffffffffffff,"[1, 1.9999999999999999997831595655029, 62]",true,true
P6_5_4_3_17,uint64_t,p53_plus1,0020000000000001,"[1, 1.0000000000000001110223024625157, 53]",int64_t,i64max_plus1,8000000000000000,"[-1, 1.0, 63]",true,true
P6_5_4_4_17,uint64_t,p53_plus1,0020000000000001,"[1, 1.0000000000000001110223024625157, 53]",int64_t,p53_plus1,0020000000000001,"[1, 1.0000000000000001110223024625157, 53]",true,true
P6_5_4_5_17,uint64_t,p53_plus1,0020000000000001,"[1, 1.0000000000000001110223024625157, 53]",int64_t,u64max,ffffffffffffffff,"[-1, 1.0, 0]",true,true
P6_5_5_0_17,uint64_t,u64max,ffffffffffffffff,"[1, 1.9999999999999999998915797827514, 63]",int64_t,base_42,000000000000002a,"[1, 1.3125, 5]",true,true
P6_5_5_1_17,uint64_t,u64max,ffffffffffffffff,"[1, 1.9999999999999999998915797827514, 63]",int64_t,base_zero,0000000000000000,"[1, 0.0, 0]",true,true
P6_5_5_2_17,uint64_t,u64max,ffffffffffffffff,"[1, 1.9999999999999999998915797827514, 63]",int64_t,i64max,7fffffffffffffff,"[1, 1.9999999999999999997831595655029, 62]",true,true
P6_5_5_3_17,uint64_t,u64max,ffffffffffffffff,"[1, 1.9999999999999999998915797827514, 63]",int64_t,i64max_plus1,8000000000000000,"[-1, 1.0, 63]",true,true
P6_5_5_4_17,uint64_t,u64max,ffffffffffffffff,"[1, 1.9999999999999999998915797827514, 63]",int64_t,p53_plus1,0020000000000001,"[1, 1.0000000000000001110223024625157, 53]",true,true
P6_5_5_5_17,uint64_t,u64max,ffffffffffffffff,"[1, 1.9999999999999999998915797827514, 63]",int64_t,u64max,ffffffffffffffff,"[-1, 1.0, 0]",true,true
P6_6_0_0_17,uint64_t,base_42,000000000000002a,"[1, 1.3125, 5]",uint64_t,base_42,000000000000002a,"[1, 1.3125, 5]",true,true
P6_6_0_1_17,uint64_t,base_42,000000000000002a,"[1, 1.3125, 5]",uint64_t,base_zero,0000000000000000,"[1, 0.0, 0]",true,true
P6_6_0_2_17,uint64_t,base_42,000000000000002a,"[1, 1.3125, 5]",uint64_t,i64max,7fffffffffffffff,"[1, 1.9999999999999999997831595655029, 62]",true,true
P6_6_0_3_17,uint64_t,base_42,000000000000002a,"[1, 1.3125, 5]",uint64_t,i64max_plus1,8000000000000000,"[1, 1.0, 63]",true,true
P6_6_0_4_17,uint64_t,base_42,000000000000002a,"[1, 1.3125, 5]",uint64_t,p53_plus1,0020000000000001,"[1, 1.0000000000000001110223024625157, 53]",true,true
P6_6_0_5_17,uint64_t,base_42,000000000000002a,"[1, 1.3125, 5]",uint64_t,u64max,ffffffffffffffff,"[1, 1.9999999999999999998915797827514, 63]",true,true
P6_6_1_0_17,uint64_t,base_zero,0000000000000000,"[1, 0.0, 0]",uint64_t,base_42,000000000000002a,"[1, 1.3125, 5]",true,true
P6_6_1_1_17,uint64_t,base_zero,0000000000000000,"[1, 0.0, 0]",uint64_t,base_zero,0000000000000000,"[1, 0.0, 0]",false,false
P6_6_1_2_17,uint64_t,base_zero,0000000000000000,"[1, 0.0, 0]",uint64_t,i64max,7fffffffffffffff,"[1, 1.9999999999999999997831595655029, 62]",true,true
P6_6_1_3_17,uint64_t,base_zero,0000000000000000,"[1, 0.0, 0]",uint64_t,i64max_plus1,8000000000000000,"[1, 1.0, 63]",true,true
P6_6_1_4_17,uint64_t,base_zero,0000000000000000,"[1, 0.0, 0]",uint64_t,p53_plus1,0020000000000001,"[1, 1.0000000000000001110223024625157, 53]",true,true
P6_6_1_5_17,uint64_t,base_zero,0000000000000000,"[1, 0.0, 0]",uint64_t,u64max,ffffffffffffffff,"[1, 1.9999999999999999998915797827514, 63]",true,true
P6_6_2_0_17,uint64_t,i64max,7fffffffffffffff,"[1, 1.9999999999999999997831595655029, 62]",uint64_t,base_42,000000000000002a,"[1, 1.3125, 5]",true,true
P6_6_2_1_17,uint64_t,i64max,7fffffffffffffff,"[1, 1.9999999999999999997831595655029, 62]",uint64_t,base_zero,0000000000000000,"[1, 0.0, 0]",true,true
P6_6_2_2_17,uint64_t,i64max,7fffffffffffffff,"[1, 1.9999999999999999997831595655029, 62]",uint64_t,i64max,7fffffffffffffff,"[1, 1.9999999999999999997831595655029, 62]",true,true
P6_6_2_3_17,uint64_t,i64max,7fffffffffffffff,"[1, 1.9999999999999999997831595655029, 62]",uint64_t,i64max_plus1,8000000000000000,"[1, 1.0, 63]",true,true
P6_6_2_4_17,uint64_t,i64max,7fffffffffffffff,"[1, 1.9999999999999999997831595655029, 62]",uint64_t,p53_plus1,0020000000000001,"[1, 1.0000000000000001110223024625157, 53]",true,true
P6_6_2_5_17,uint64_t,i64max,7fffffffffffffff,"[1, 1.9999999999999999997831595655029, 62]",uint64_t,u64max,ffffffffffffffff,"[1, 1.9999999999999999998915797827514, 63]",true,true
P6_6_3_0_17,uint64_t,i64max_plus1,8000000000000000,"[1, 1.0, 63]",uint64_t,base_42,000000000000002a,"[1, 1.3125, 5]",true,true
P6_6_3_1_17,uint64_t,i64max_plus1,8000000000000000,"[1, 1.0, 63]",uint64_t,base_zero,0000000000000000,"[1, 0.0, 0]",true,true
P6_6_3_2_17,uint64_t,i64max_plus1,8000000000000000,"[1, 1.0, 63]",uint64_t,i64max,7fffffffffffffff,"[1, 1.9999999999999999997831595655029, 62]",true,true
P6_6_3_3_17,uint64_t,i64max_plus1,8000000000000000,"[1, 1.0, 63]",uint64_t,i64max_plus1,8000000000000000,"[1, 1.0, 63]",true,true
P6_6_3_4_17,uint64_t,i64max_plus1,8000000000000000,"[1, 1.0, 63]",uint64_t,p53_plus1,0020000000000001,"[1, 1.0000000000000001110223024625157, 53]",true,true
P6_6_3_5_17,uint64_t,i64max_plus1,8000000000000000,"[1, 1.0, 63]",uint64_t,u64max,ffffffffffffffff,"[1, 1.9999999999999999998915797827514, 63]",true,true
P6_6_4_0_17,uint64_t,p53_plus1,0020000000000001,"[1, 1.0000000000000001110223024625157, 53]",uint64_t,base_42,000000000000002a,"[1, 1.3125, 5]",true,true
P6_6_4_1_17,uint64_t,p53_plus1,0020000000000001,"[1, 1.0000000000000001110223024625157, 53]",uint64_t,base_zero,0000000000000000,"[1, 0.0, 0]",true,true
P6_6_4_2_17,uint64_t,p53_plus1,0020000000000001,"[1, 1.0000000000000001110223024625157, 53]",uint64_t,i64max,7fffffffffffffff,"[1, 1.9999999999999999997831595655029, 62]",true,true
P6_6_4_3_17,uint64_t,p53_plus1,0020000000000001,"[1, 1.0000000000000001110223024625157, 53]",uint64_t,i64max_plus1,8000000000000000,"[1, 1.0, 63]",true,true
P6_6_4_4_17,uint64_t,p53_plus1,0020000000000001,"[1, 1.0000000000000001110223024625157, 53]",uint64_t,p53_plus1,0020000000000001,"[1, 1.0000000000000001110223024625157, 53]",true,true
P6_6_4_5_17,uint64_t,p53_plus1,0020000000000001,"[1, 1.0000000000000001110223024625157, 53]",uint64_t,u64max,ffffffffffffffff,"[1, 1.9999999999999999998915797827514, 63]",true,true
P6_6_5_0_17,uint64_t,u64max,ffffffffffffffff,"[1, 1.9999999999999999998915797827514, 63]",uint64_t,base_42,000000000000002a,"[1, 1.3125, 5]",true,true
P6_6_5_1_17,uint64_t,u64max,ffffffffffffffff,"[1, 1.9999999999999999998915797827514, 63]",uint64_t,base_zero,0000000000000000,"[1, 0.0, 0]",true,true
P6_6_5_2_17,uint64_t,u64max,ffffffffffffffff,"[1, 1.9999999999999999998915797827514, 63]",uint64_t,i64max,7fffffffffffffff,"[1, 1.9999999999999999997831595655029, 62]",true,true
P6_6_5_3_17,uint64_t,u64max,ffffffffffffffff,"[1, 1.9999999999999999998915797827514, 63]",uint64_t,i64max_plus1,8000000000000000,"[1, 1.0, 63]",true,true
P6_6_5_4_17,uint64_t,u64max,ffffffffffffffff,"[1, 1.9999999999999999998915797827514, 63]",uint64_t,p53_plus1,0020000000000001,"[1, 1.0000000000000001110223024625157, 53]",true,true
P6_6_5_5_17,uint64_t,u64max,ffffffffffffffff,"[1, 1.9999999999999999998915797827514, 63]",uint64_t,u64max,ffffffffffffffff,"[1, 1.9999999999999999998915797827514, 63]",true,true
P6_7_0_0_17,uint64_t,base_42,000000000000002a,"[1, 1.3125, 5]",__int128,base_42,0000000000000000000000000000002a,"[1, 1.3125, 5]",true,true
P6_7_0_1_17,uint64_t,base_42,000000000000002a,"[1, 1.3125, 5]",__int128,base_zero,00000000000000000000000000000000,"[1, 0.0, 0]",true,true
P6_7_0_2_17,uint64_t,base_42,000000000000002a,"[1, 1.3125, 5]",__int128,i64max,00000000000000007fffffffffffffff,"[1, 1.9999999999999999997831595655029, 62]",true,true
P6_7_0_3_17,uint64_t,base_42,000000000000002a,"[1, 1.3125, 5]",__int128,i64max_plus1,00000000000000008000000000000000,"[1, 1.0, 63]",true,true
P6_7_0_4_17,uint64_t,base_42,000000000000002a,"[1, 1.3125, 5]",__int128,p53_plus1,00000000000000000020000000000001,"[1, 1.0000000000000001110223024625157, 53]",true,true
P6_7_0_5_17,uint64_t,base_42,000000000000002a,"[1, 1.3125, 5]",__int128,u64max,0000000000000000ffffffffffffffff,"[1, 1.9999999999999999998915797827514, 63]",true,true
P6_7_1_0_17,uint64_t,base_zero,0000000000000000,"[1, 0.0, 0]",__int128,base_42,0000000000000000000000000000002a,"[1, 1.3125, 5]",true,true
P6_7_1_1_17,uint64_t,base_zero,0000000000000000,"[1, 0.0, 0]",__int128,base_zero,00000000000000000000000000000000,"[1, 0.0, 0]",false,false
P6_7_1_2_17,uint64_t,base_zero,0000000000000000,"[1, 0.0, 0]",__int128,i64max,00000000000000007fffffffffffffff,"[1, 1.9999999999999999997831595655029, 62]",true,true
P6_7_1_3_17,uint64_t,base_zero,0000000000000000,"[1, 0.0, 0]",__int128,i64max_plus1,00000000000000008000000000000000,"[1, 1.0, 63]",true,true
P6_7_1_4_17,uint64_t,base_zero,0000000000000000,"[1, 0.0, 0]",__int128,p53_plus1,00000000000000000020000000000001,"[1, 1.0000000000000001110223024625157, 53]",true,true
P6_7_1_5_17,uint64_t,base_zero,0000000000000000,"[1, 0.0, 0]",__int128,u64max,0000000000000000ffffffffffffffff,"[1, 1.9999999999999999998915797827514, 63]",true,true
P6_7_2_0_17,uint64_t,i64max,7fffffffffffffff,"[1, 1.9999999999999999997831595655029, 62]",__int128,base_42,0000000000000000000000000000002a,"[1, 1.3125, 5]",true,true
P6_7_2_1_17,uint64_t,i64max,7fffffffffffffff,"[1, 1.9999999999999999997831595655029, 62]",__int128,base_zero,00000000000000000000000000000000,"[1, 0.0, 0]",true,true
P6_7_2_2_17,uint64_t,i64max,7fffffffffffffff,"[1, 1.9999999999999999997831595655029, 62]",__int128,i64max,00000000000000007fffffffffffffff,"[1, 1.9999999999999999997831595655029, 62]",true,true
P6_7_2_3_17,uint64_t,i64max,7fffffffffffffff,"[1, 1.9999999999999999997831595655029, 62]",__int128,i64max_plus1,00000000000000008000000000000000,"[1, 1.0, 63]",true,true
P6_7_2_4_17,uint64_t,i64max,7fffffffffffffff,"[1, 1.9999999999999999997831595655029, 62]",__int128,p53_plus1,00000000000000000020000000000001,"[1, 1.0000000000000001110223024625157, 53]",true,true
P6_7_2_5_17,uint64_t,i64max,7fffffffffffffff,"[1, 1.9999999999999999997831595655029, 62]",__int128,u64max,0000000000000000ffffffffffffffff,"[1, 1.9999999999999999998915797827514, 63]",true,true
P6_7_3_0_17,uint64_t,i64max_plus1,8000000000000000,"[1, 1.0, 63]",__int128,base_42,0000000000000000000000000000002a,"[1, 1.3125, 5]",true,true
P6_7_3_1_17,uint64_t,i64max_plus1,8000000000000000,"[1, 1.0, 63]",__int128,base_zero,00000000000000000000000000000000,"[1, 0.0, 0]",true,true
P6_7_3_2_17,uint64_t,i64max_plus1,8000000000000000,"[1, 1.0, 63]",__int128,i64max,00000000000000007fffffffffffffff,"[1, 1.9999999999999999997831595655029, 62]",true,true
P6_7_3_3_17,uint64_t,i64max_plus1,8000000000000000,"[1, 1.0, 63]",__int128,i64max_plus1,00000000000000008000000000000000,"[1, 1.0, 63]",true,true
P6_7_3_4_17,uint64_t,i64max_plus1,8000000000000000,"[1, 1.0, 63]",__int128,p53_plus1,00000000000000000020000000000001,"[1, 1.0000000000000001110223024625157, 53]",true,true
P6_7_3_5_17,uint64_t,i64max_plus1,8000000000000000,"[1, 1.0, 63]",__int128,u64max,0000000000000000ffffffffffffffff,"[1, 1.9999999999999999998915797827514, 63]",true,true
P6_7_4_0_17,uint64_t,p53_plus1,0020000000000001,"[1, 1.0000000000000001110223024625157, 53]",__int128,base_42,0000000000000000000000000000002a,"[1, 1.3125, 5]",true,true
P6_7_4_1_17,uint64_t,p53_plus1,0020000000000001,"[1, 1.0000000000000001110223024625157, 53]",__int128,base_zero,00000000000000000000000000000000,"[1, 0.0, 0]",true,true
P6_7_4_2_17,uint64_t,p53_plus1,0020000000000001,"[1, 1.0000000000000001110223024625157, 53]",__int128,i64max,00000000000000007fffffffffffffff,"[1, 1.9999999999999999997831595655029, 62]",true,true
P6_7_4_3_17,uint64_t,p53_plus1,0020000000000001,"[1, 1.0000000000000001110223024625157, 53]",__int128,i64max_plus1,00000000000000008000000000000000,"[1, 1.0, 63]",true,true
P6_7_4_4_17,uint64_t,p53_plus1,0020000000000001,"[1, 1.0000000000000001110223024625157, 53]",__int128,p53_plus1,00000000000000000020000000000001,"[1, 1.0000000000000001110223024625157, 53]",true,true
P6_7_4_5_17,uint64_t,p53_plus1,0020000000000001,"[1, 1.0000000000000001110223024625157, 53]",__int128,u64max,0000000000000000ffffffffffffffff,"[1, 1.9999999999999999998915797827514, 63]",true,true
P6_7_5_0_17,uint64_t,u64max,ffffffffffffffff,"[1, 1.9999999999999999998915797827514, 63]",__int128,base_42,0000000000000000000000000000002a,"[1, 1.3125, 5]",true,true
P6_7_5_1_17,uint64_t,u64max,ffffffffffffffff,"[1, 1.9999999999999999998915797827514, 63]",__int128,base_zero,00000000000000000000000000000000,"[1, 0.0, 0]",true,true
P6_7_5_2_17,uint64_t,u64max,ffffffffffffffff,"[1, 1.9999999999999999998915797827514, 63]",__int128,i64max,00000000000000007fffffffffffffff,"[1, 1.9999999999999999997831595655029, 62]",true,true
P6_7_5_3_17,uint64_t,u64max,ffffffffffffffff,"[1, 1.9999999999999999998915797827514, 63]",__int128,i64max_plus1,00000000000000008000000000000000,"[1, 1.0, 63]",true,true
P6_7_5_4_17,uint64_t,u64max,ffffffffffffffff,"[1, 1.9999999999999999998915797827514, 63]",__int128,p53_plus1,00000000000000000020000000000001,"[1, 1.0000000000000001110223024625157, 53]",true,true
P6_7_5_5_17,uint64_t,u64max,ffffffffffffffff,"[1, 1.9999999999999999998915797827514, 63]",__int128,u64max,0000000000000000ffffffffffffffff,"[1, 1.9999999999999999998915797827514, 63]",true,true
P6_8_0_0_17,uint64_t,base_42,000000000000002a,"[1, 1.3125, 5]",double,base_1_5,3ff8000000000000,"[1, 1.5, 0]",true,true
P6_8_0_1_17,uint64_t,base_42,000000000000002a,"[1, 1.3125, 5]",double,base_pi,400921fb54442d18,"[1, 1.5707963267948965579989817342721, 1]",true,true
P6_8_0_2_17,uint64_t,base_42,000000000000002a,"[1, 1.3125, 5]",double,inf,7ff0000000000000,"[1, inf]",true,true
P6_8_0_3_17,uint64_t,base_42,000000000000002a,"[1, 1.3125, 5]",double,nan,7ff8000000000000,nan,true,true
P6_8_0_4_17,uint64_t,base_42,000000000000002a,"[1, 1.3125, 5]",double,negzero,8000000000000000,"[-1, 0.0, 0]",true,true
P6_8_0_5_17,uint64_t,base_42,000000000000002a,"[1, 1.3125, 5]",double,point1,3fb999999999999a,"[1, 1.6000000000000000888178419700125, -4]",true,true
P6_8_1_0_17,uint64_t,base_zero,0000000000000000,"[1, 0.0, 0]",double,base_1_5,3ff8000000000000,"[1, 1.5, 0]",true,true
P6_8_1_1_17,uint64_t,base_zero,0000000000000000,"[1, 0.0, 0]",double,base_pi,400921fb54442d18,"[1, 1.5707963267948965579989817342721, 1]",true,true
P6_8_1_2_17,uint64_t,base_zero,0000000000000000,"[1, 0.0, 0]",double,inf,7ff0000000000000,"[1, inf]",true,true
P6_8_1_3_17,uint64_t,base_zero,0000000000000000,"[1, 0.0, 0]",double,nan,7ff8000000000000,nan,true,true
P6_8_1_4_17,uint64_t,base_zero,0000000000000000,"[1, 0.0, 0]",double,negzero,8000000000000000,"[-1, 0.0, 0]",false,false
P6_8_1_5_17,uint64_t,base_zero,0000000000000000,"[1, 0.0, 0]",double,point1,3fb999999999999a,"[1, 1.6000000000000000888178419700125, -4]",true,true
P6_8_2_0_17,uint64_t,i64max,7fffffffffffffff,"[1, 1.9999999999999999997831595655029, 62]",double,base_1_5,3ff8000000000000,"[1, 1.5, 0]",true,true
P6_8_2_1_17,uint64_t,i64max,7fffffffffffffff,"[1, 1.9999999999999999997831595655029, 62]",double,base_pi,400921fb54442d18,"[1, 1.5707963267948965579989817342721, 1]",true,true
P6_8_2_2_17,uint64_t,i64max,7fffffffffffffff,"[1, 1.9999999999999999997831595655029, 62]",double,inf,7ff0000000000000,"[1, inf]",true,true
P6_8_2_3_17,uint64_t,i64max,7fffffffffffffff,"[1, 1.9999999999999999997831595655029, 62]",double,nan,7ff8000000000000,nan,true,true
P6_8_2_4_17,uint64_t,i64max,7fffffffffffffff,"[1, 1.9999999999999999997831595655029, 62]",double,negzero,8000000000000000,"[-1, 0.0, 0]",true,true
P6_8_2_5_17,uint64_t,i64max,7fffffffffffffff,"[1, 1.9999999999999999997831595655029, 62]",double,point1,3fb999999999999a,"[1, 1.6000000000000000888178419700125, -4]",true,true
P6_8_3_0_17,uint64_t,i64max_plus1,8000000000000000,"[1, 1.0, 63]",double,base_1_5,3ff8000000000000,"[1, 1.5, 0]",true,true
P6_8_3_1_17,uint64_t,i64max_plus1,8000000000000000,"[1, 1.0, 63]",double,base_pi,400921fb54442d18,"[1, 1.5707963267948965579989817342721, 1]",true,true
P6_8_3_2_17,uint64_t,i64max_plus1,8000000000000000,"[1, 1.0, 63]",double,inf,7ff0000000000000,"[1, inf]",true,true
P6_8_3_3_17,uint64_t,i64max_plus1,8000000000000000,"[1, 1.0, 63]",double,nan,7ff8000000000000,nan,true,true
P6_8_3_4_17,uint64_t,i64max_plus1,8000000000000000,"[1, 1.0, 63]",double,negzero,8000000000000000,"[-1, 0.0, 0]",true,true
P6_8_3_5_17,uint64_t,i64max_plus1,8000000000000000,"[1, 1.0, 63]",double,point1,3fb999999999999a,"[1, 1.6000000000000000888178419700125, -4]",true,true
P6_8_4_0_17,uint64_t,p53_plus1,0020000000000001,"[1, 1.0000000000000001110223024625157, 53]",double,base_1_5,3ff8000000000000,"[1, 1.5, 0]",true,true
P6_8_4_1_17,uint64_t,p53_plus1,0020000000000001,"[1, 1.0000000000000001110223024625157, 53]",double,base_pi,400921fb54442d18,"[1, 1.5707963267948965579989817342721, 1]",true,true
P6_8_4_2_17,uint64_t,p53_plus1,0020000000000001,"[1, 1.0000000000000001110223024625157, 53]",double,inf,7ff0000000000000,"[1, inf]",true,true
P6_8_4_3_17,uint64_t,p53_plus1,0020000000000001,"[1, 1.0000000000000001110223024625157, 53]",double,nan,7ff8000000000000,nan,true,true
P6_8_4_4_17,uint64_t,p53_plus1,0020000000000001,"[1, 1.0000000000000001110223024625157, 53]",double,negzero,8000000000000000,"[-1, 0.0, 0]",true,true
P6_8_4_5_17,uint64_t,p53_plus1,0020000000000001,"[1, 1.0000000000000001110223024625157, 53]",double,point1,3fb999999999999a,"[1, 1.6000000000000000888178419700125, -4]",true,true
P6_8_5_0_17,uint64_t,u64max,ffffffffffffffff,"[1, 1.9999999999999999998915797827514, 63]",double,base_1_5,3ff8000000000000,"[1, 1.5, 0]",true,true
P6_8_5_1_17,uint64_t,u64max,ffffffffffffffff,"[1, 1.9999999999999999998915797827514, 63]",double,base_pi,400921fb54442d18,"[1, 1.5707963267948965579989817342721, 1]",true,true
P6_8_5_2_17,uint64_t,u64max,ffffffffffffffff,"[1, 1.9999999999999999998915797827514, 63]",double,inf,7ff0000000000000,"[1, inf]",true,true
P6_8_5_3_17,uint64_t,u64max,ffffffffffffffff,"[1, 1.9999999999999999998915797827514, 63]",double,nan,7ff8000000000000,nan,true,true
P6_8_5_4_17,uint64_t,u64max,ffffffffffffffff,"[1, 1.9999999999999999998915797827514, 63]",double,negzero,8000000000000000,"[-1, 0.0, 0]",true,true
P6_8_5_5_17,uint64_t,u64max,ffffffffffffffff,"[1, 1.9999999999999999998915797827514, 63]",double,point1,3fb999999999999a,"[1, 1.6000000000000000888178419700125, -4]",true,true
P6_9_0_0_17,uint64_t,base_42,000000000000002a,"[1, 1.3125, 5]",float,base_1_5,3fc00000,"[1, 1.5, 0]",true,true
P6_9_0_1_17,uint64_t,base_42,000000000000002a,"[1, 1.3125, 5]",float,base_pi,40490fdb,"[1, 1.57079637050628662109375, 1]",true,true
P6_9_0_2_17,uint64_t,base_42,000000000000002a,"[1, 1.3125, 5]",float,inf,7f800000,"[1, inf]",true,true
P6_9_0_3_17,uint64_t,base_42,000000000000002a,"[1, 1.3125, 5]",float,nan,7fc00000,nan,true,true
P6_9_0_4_17,uint64_t,base_42,000000000000002a,"[1, 1.3125, 5]",float,negzero,80000000,"[-1, 0.0, 0]",true,true
P6_9_0_5_17,uint64_t,base_42,000000000000002a,"[1, 1.3125, 5]",float,point1,3dcccccd,"[1, 1.60000002384185791015625, -4]",true,true
P6_9_1_0_17,uint64_t,base_zero,0000000000000000,"[1, 0.0, 0]",float,base_1_5,3fc00000,"[1, 1.5, 0]",true,true
P6_9_1_1_17,uint64_t,base_zero,0000000000000000,"[1, 0.0, 0]",float,base_pi,40490fdb,"[1, 1.57079637050628662109375, 1]",true,true
P6_9_1_2_17,uint64_t,base_zero,0000000000000000,"[1, 0.0, 0]",float,inf,7f800000,"[1, inf]",true,true
P6_9_1_3_17,uint64_t,base_zero,0000000000000000,"[1, 0.0, 0]",float,nan,7fc00000,nan,true,true
P6_9_1_4_17,uint64_t,base_zero,0000000000000000,"[1, 0.0, 0]",float,negzero,80000000,"[-1, 0.0, 0]",false,false
P6_9_1_5_17,uint64_t,base_zero,0000000000000000,"[1, 0.0, 0]",float,point1,3dcccccd,"[1, 1.60000002384185791015625, -4]",true,true
P6_9_2_0_17,uint64_t,i64max,7fffffffffffffff,"[1, 1.9999999999999999997831595655029, 62]",float,base_1_5,3fc00000,"[1, 1.5, 0]",true,true
P6_9_2_1_17,uint64_t,i64max,7fffffffffffffff,"[1, 1.9999999999999999997831595655029, 62]",float,base_pi,40490fdb,"[1, 1.57079637050628662109375, 1]",true,true
P6_9_2_2_17,uint64_t,i64max,7fffffffffffffff,"[1, 1.9999999999999999997831595655029, 62]",float,inf,7f800000,"[1, inf]",true,true
P6_9_2_3_17,uint64_t,i64max,7fffffffffffffff,"[1, 1.9999999999999999997831595655029, 62]",float,nan,7fc00000,nan,true,true
P6_9_2_4_17,uint64_t,i64max,7fffffffffffffff,"[1, 1.9999999999999999997831595655029, 62]",float,negzero,80000000,"[-1, 0.0, 0]",true,true
P6_9_2_5_17,uint64_t,i64max,7fffffffffffffff,"[1, 1.9999999999999999997831595655029, 62]",float,point1,3dcccccd,"[1, 1.60000002384185791015625, -4]",true,true
P6_9_3_0_17,uint64_t,i64max_plus1,8000000000000000,"[1, 1.0, 63]",float,base_1_5,3fc00000,"[1, 1.5, 0]",true,true
P6_9_3_1_17,uint64_t,i64max_plus1,8000000000000000,"[1, 1.0, 63]",float,base_pi,40490fdb,"[1, 1.57079637050628662109375, 1]",true,true
P6_9_3_2_17,uint64_t,i64max_plus1,8000000000000000,"[1, 1.0, 63]",float,inf,7f800000,"[1, inf]",true,true
P6_9_3_3_17,uint64_t,i64max_plus1,8000000000000000,"[1, 1.0, 63]",float,nan,7fc00000,nan,true,true
P6_9_3_4_17,uint64_t,i64max_plus1,8000000000000000,"[1, 1.0, 63]",float,negzero,80000000,"[-1, 0.0, 0]",true,true
P6_9_3_5_17,uint64_t,i64max_plus1,8000000000000000,"[1, 1.0, 63]",float,point1,3dcccccd,"[1, 1.60000002384185791015625, -4]",true,true
P6_9_4_0_17,uint64_t,p53_plus1,0020000000000001,"[1, 1.0000000000000001110223024625157, 53]",float,base_1_5,3fc00000,"[1, 1.5, 0]",true,true
P6_9_4_1_17,uint64_t,p53_plus1,0020000000000001,"[1, 1.0000000000000001110223024625157, 53]",float,base_pi,40490fdb,"[1, 1.57079637050628662109375, 1]",true,true
P6_9_4_2_17,uint64_t,p53_plus1,0020000000000001,"[1, 1.0000000000000001110223024625157, 53]",float,inf,7f800000,"[1, inf]",true,true
P6_9_4_3_17,uint64_t,p53_plus1,0020000000000001,"[1, 1.0000000000000001110223024625157, 53]",float,nan,7fc00000,nan,true,true
P6_9_4_4_17,uint64_t,p53_plus1,0020000000000001,"[1, 1.0000000000000001110223024625157, 53]",float,negzero,80000000,"[-1, 0.0, 0]",true,true
P6_9_4_5_17,uint64_t,p53_plus1,0020000000000001,"[1, 1.0000000000000001110223024625157, 53]",float,point1,3dcccccd,"[1, 1.60000002384185791015625, -4]",true,true
P6_9_5_0_17,uint64_t,u64max,ffffffffffffffff,"[1, 1.9999999999999999998915797827514, 63]",float,base_1_5,3fc00000,"[1, 1.5, 0]",true,true
P6_9_5_1_17,uint64_t,u64max,ffffffffffffffff,"[1, 1.9999999999999999998915797827514, 63]",float,base_pi,40490fdb,"[1, 1.57079637050628662109375, 1]",true,true
P6_9_5_2_17,uint64_t,u64max,ffffffffffffffff,"[1, 1.9999999999999999998915797827514, 63]",float,inf,7f800000,"[1, inf]",true,true
P6_9_5_3_17,uint64_t,u64max,ffffffffffffffff,"[1, 1.9999999999999999998915797827514, 63]",float,nan,7fc00000,nan,true,true
P6_9_5_4_17,uint64_t,u64max,ffffffffffffffff,"[1, 1.9999999999999999998915797827514, 63]",float,negzero,80000000,"[-1, 0.0, 0]",true,true
P6_9_5_5_17,uint64_t,u64max,ffffffffffffffff,"[1, 1.9999999999999999998915797827514, 63]",float,point1,3dcccccd,"[1, 1.60000002384185791015625, -4]",true,true
P6_11_0_0_17,uint64_t,base_42,000000000000002a,"[1, 1.3125, 5]",const char*,base_empty,,t||0|0|0,true,true
P6_11_0_1_17,uint64_t,base_42,000000000000002a,"[1, 1.3125, 5]",const char*,base_hello,68656c6c6f,t|68656c6c6f|5|5|5,true,true
P6_11_0_2_17,uint64_t,base_42,000000000000002a,"[1, 1.3125, 5]",const char*,base_lines,6c696e65206f6e650a6c696e652074776f,t|6c696e65206f6e650a6c696e652074776f|17|17|17,true,true
P6_11_0_3_17,uint64_t,base_42,000000000000002a,"[1, 1.3125, 5]",const char*,clef,f09d849e,t|f09d849e|4|1|1,true,true
P6_11_0_4_17,uint64_t,base_42,000000000000002a,"[1, 1.3125, 5]",const char*,eacute,c3a9,t|c3a9|2|1|1,true,true
P6_11_0_5_17,uint64_t,base_42,000000000000002a,"[1, 1.3125, 5]",const char*,escapes,71756f74652022206261636b736c617368205c207461620968657265,t|71756f74652022206261636b736c617368205c207461620968657265|28|28|28,true,true
P6_11_1_0_17,uint64_t,base_zero,0000000000000000,"[1, 0.0, 0]",const char*,base_empty,,t||0|0|0,true,true
P6_11_1_1_17,uint64_t,base_zero,0000000000000000,"[1, 0.0, 0]",const char*,base_hello,68656c6c6f,t|68656c6c6f|5|5|5,true,true
P6_11_1_2_17,uint64_t,base_zero,0000000000000000,"[1, 0.0, 0]",const char*,base_lines,6c696e65206f6e650a6c696e652074776f,t|6c696e65206f6e650a6c696e652074776f|17|17|17,true,true
P6_11_1_3_17,uint64_t,base_zero,0000000000000000,"[1, 0.0, 0]",const char*,clef,f09d849e,t|f09d849e|4|1|1,true,true
P6_11_1_4_17,uint64_t,base_zero,0000000000000000,"[1, 0.0, 0]",const char*,eacute,c3a9,t|c3a9|2|1|1,true,true
P6_11_1_5_17,uint64_t,base_zero,0000000000000000,"[1, 0.0, 0]",const char*,escapes,71756f74652022206261636b736c617368205c207461620968657265,t|71756f74652022206261636b736c617368205c207461620968657265|28|28|28,true,true
P6_11_2_0_17,uint64_t,i64max,7fffffffffffffff,"[1, 1.9999999999999999997831595655029, 62]",const char*,base_empty,,t||0|0|0,true,true
P6_11_2_1_17,uint64_t,i64max,7fffffffffffffff,"[1, 1.9999999999999999997831595655029, 62]",const char*,base_hello,68656c6c6f,t|68656c6c6f|5|5|5,true,true
P6_11_2_2_17,uint64_t,i64max,7fffffffffffffff,"[1, 1.9999999999999999997831595655029, 62]",const char*,base_lines,6c696e65206f6e650a6c696e652074776f,t|6c696e65206f6e650a6c696e652074776f|17|17|17,true,true
P6_11_2_3_17,uint64_t,i64max,7fffffffffffffff,"[1, 1.9999999999999999997831595655029, 62]",const char*,clef,f09d849e,t|f09d849e|4|1|1,true,true
P6_11_2_4_17,uint64_t,i64max,7fffffffffffffff,"[1, 1.9999999999999999997831595655029, 62]",const char*,eacute,c3a9,t|c3a9|2|1|1,true,true
P6_11_2_5_17,uint64_t,i64max,7fffffffffffffff,"[1, 1.9999999999999999997831595655029, 62]",const char*,escapes,71756f74652022206261636b736c617368205c207461620968657265,t|71756f74652022206261636b736c617368205c207461620968657265|28|28|28,true,true
P6_11_3_0_17,uint64_t,i64max_plus1,8000000000000000,"[1, 1.0, 63]",const char*,base_empty,,t||0|0|0,true,true
P6_11_3_1_17,uint64_t,i64max_plus1,8000000000000000,"[1, 1.0, 63]",const char*,base_hello,68656c6c6f,t|68656c6c6f|5|5|5,true,true
P6_11_3_2_17,uint64_t,i64max_plus1,8000000000000000,"[1, 1.0, 63]",const char*,base_lines,6c696e65206f6e650a6c696e652074776f,t|6c696e65206f6e650a6c696e652074776f|17|17|17,true,true
P6_11_3_3_17,uint64_t,i64max_plus1,8000000000000000,"[1, 1.0, 63]",const char*,clef,f09d849e,t|f09d849e|4|1|1,true,true
P6_11_3_4_17,uint64_t,i64max_plus1,8000000000000000,"[1, 1.0, 63]",const char*,eacute,c3a9,t|c3a9|2|1|1,true,true
P6_11_3_5_17,uint64_t,i64max_plus1,8000000000000000,"[1, 1.0, 63]",const char*,escapes,71756f74652022206261636b736c617368205c207461620968657265,t|71756f74652022206261636b736c617368205c207461620968657265|28|28|28,true,true
P6_11_4_0_17,uint64_t,p53_plus1,0020000000000001,"[1, 1.0000000000000001110223024625157, 53]",const char*,base_empty,,t||0|0|0,true,true
P6_11_4_1_17,uint64_t,p53_plus1,0020000000000001,"[1, 1.0000000000000001110223024625157, 53]",const char*,base_hello,68656c6c6f,t|68656c6c6f|5|5|5,true,true
P6_11_4_2_17,uint64_t,p53_plus1,0020000000000001,"[1, 1.0000000000000001110223024625157, 53]",const char*,base_lines,6c696e65206f6e650a6c696e652074776f,t|6c696e65206f6e650a6c696e652074776f|17|17|17,true,true
P6_11_4_3_17,uint64_t,p53_plus1,0020000000000001,"[1, 1.0000000000000001110223024625157, 53]",const char*,clef,f09d849e,t|f09d849e|4|1|1,true,true
P6_11_4_4_17,uint64_t,p53_plus1,0020000000000001,"[1, 1.0000000000000001110223024625157, 53]",const char*,eacute,c3a9,t|c3a9|2|1|1,true,true
P6_11_4_5_17,uint64_t,p53_plus1,0020000000000001,"[1, 1.0000000000000001110223024625157, 53]",const char*,escapes,71756f74652022206261636b736c617368205c207461620968657265,t|71756f74652022206261636b736c617368205c207461620968657265|28|28|28,true,true
P6_11_5_0_17,uint64_t,u64max,ffffffffffffffff,"[1, 1.9999999999999999998915797827514, 63]",const char*,base_empty,,t||0|0|0,true,true
P6_11_5_1_17,uint64_t,u64max,ffffffffffffffff,"[1, 1.9999999999999999998915797827514, 63]",const char*,base_hello,68656c6c6f,t|68656c6c6f|5|5|5,true,true
P6_11_5_2_17,uint64_t,u64max,ffffffffffffffff,"[1, 1.9999999999999999998915797827514, 63]",const char*,base_lines,6c696e65206f6e650a6c696e652074776f,t|6c696e65206f6e650a6c696e652074776f|17|17|17,true,true
P6_11_5_3_17,uint64_t,u64max,ffffffffffffffff,"[1, 1.9999999999999999998915797827514, 63]",const char*,clef,f09d849e,t|f09d849e|4|1|1,true,true
P6_11_5_4_17,uint64_t,u64max,ffffffffffffffff,"[1, 1.9999999999999999998915797827514, 63]",const char*,eacute,c3a9,t|c3a9|2|1|1,true,true
P6_11_5_5_17,uint64_t,u64max,ffffffffffffffff,"[1, 1.9999999999999999998915797827514, 63]",const char*,escapes,71756f74652022206261636b736c617368205c207461620968657265,t|71756f74652022206261636b736c617368205c207461620968657265|28|28|28,true,true
P6_14_0_0_17,uint64_t,base_42,000000000000002a,"[1, 1.3125, 5]",T[N] (C array),base,"[1, 2, 3]","c|[1, 1.0, 0],[1, 1.0, 1],[1, 1.5, 1]|integer|as-sorted",true,true
P6_14_0_2_17,uint64_t,base_42,000000000000002a,"[1, 1.3125, 5]",T[N] (C array),empty,[],c||empty|as-sorted,true,true
P6_14_0_4_17,uint64_t,base_42,000000000000002a,"[1, 1.3125, 5]",T[N] (C array),strs,"['a', 'b']","c|t|61|1|1|1,t|62|1|1|1|integer|as-sorted",true,true
P6_14_1_0_17,uint64_t,base_zero,0000000000000000,"[1, 0.0, 0]",T[N] (C array),base,"[1, 2, 3]","c|[1, 1.0, 0],[1, 1.0, 1],[1, 1.5, 1]|integer|as-sorted",true,true
P6_14_1_2_17,uint64_t,base_zero,0000000000000000,"[1, 0.0, 0]",T[N] (C array),empty,[],c||empty|as-sorted,true,true
P6_14_1_4_17,uint64_t,base_zero,0000000000000000,"[1, 0.0, 0]",T[N] (C array),strs,"['a', 'b']","c|t|61|1|1|1,t|62|1|1|1|integer|as-sorted",true,true
P6_14_2_0_17,uint64_t,i64max,7fffffffffffffff,"[1, 1.9999999999999999997831595655029, 62]",T[N] (C array),base,"[1, 2, 3]","c|[1, 1.0, 0],[1, 1.0, 1],[1, 1.5, 1]|integer|as-sorted",true,true
P6_14_2_2_17,uint64_t,i64max,7fffffffffffffff,"[1, 1.9999999999999999997831595655029, 62]",T[N] (C array),empty,[],c||empty|as-sorted,true,true
P6_14_2_4_17,uint64_t,i64max,7fffffffffffffff,"[1, 1.9999999999999999997831595655029, 62]",T[N] (C array),strs,"['a', 'b']","c|t|61|1|1|1,t|62|1|1|1|integer|as-sorted",true,true
P6_14_3_0_17,uint64_t,i64max_plus1,8000000000000000,"[1, 1.0, 63]",T[N] (C array),base,"[1, 2, 3]","c|[1, 1.0, 0],[1, 1.0, 1],[1, 1.5, 1]|integer|as-sorted",true,true
P6_14_3_2_17,uint64_t,i64max_plus1,8000000000000000,"[1, 1.0, 63]",T[N] (C array),empty,[],c||empty|as-sorted,true,true
P6_14_3_4_17,uint64_t,i64max_plus1,8000000000000000,"[1, 1.0, 63]",T[N] (C array),strs,"['a', 'b']","c|t|61|1|1|1,t|62|1|1|1|integer|as-sorted",true,true
P6_14_4_0_17,uint64_t,p53_plus1,0020000000000001,"[1, 1.0000000000000001110223024625157, 53]",T[N] (C array),base,"[1, 2, 3]","c|[1, 1.0, 0],[1, 1.0, 1],[1, 1.5, 1]|integer|as-sorted",true,true
P6_14_4_2_17,uint64_t,p53_plus1,0020000000000001,"[1, 1.0000000000000001110223024625157, 53]",T[N] (C array),empty,[],c||empty|as-sorted,true,true
P6_14_4_4_17,uint64_t,p53_plus1,0020000000000001,"[1, 1.0000000000000001110223024625157, 53]",T[N] (C array),strs,"['a', 'b']","c|t|61|1|1|1,t|62|1|1|1|integer|as-sorted",true,true
P6_14_5_0_17,uint64_t,u64max,ffffffffffffffff,"[1, 1.9999999999999999998915797827514, 63]",T[N] (C array),base,"[1, 2, 3]","c|[1, 1.0, 0],[1, 1.0, 1],[1, 1.5, 1]|integer|as-sorted",true,true
P6_14_5_2_17,uint64_t,u64max,ffffffffffffffff,"[1, 1.9999999999999999998915797827514, 63]",T[N] (C array),empty,[],c||empty|as-sorted,true,true
P6_14_5_4_17,uint64_t,u64max,ffffffffffffffff,"[1, 1.9999999999999999998915797827514, 63]",T[N] (C array),strs,"['a', 'b']","c|t|61|1|1|1,t|62|1|1|1|integer|as-sorted",true,true
P7_1_0_0_17,__int128,base_42,0000000000000000000000000000002a,"[1, 1.3125, 5]",std::nullptr_t,null,null,null,true,true
P7_1_1_0_17,__int128,base_zero,00000000000000000000000000000000,"[1, 0.0, 0]",std::nullptr_t,null,null,null,false,false
P7_1_2_0_17,__int128,i64max,00000000000000007fffffffffffffff,"[1, 1.9999999999999999997831595655029, 62]",std::nullptr_t,null,null,null,true,true
P7_1_3_0_17,__int128,i64max_plus1,00000000000000008000000000000000,"[1, 1.0, 63]",std::nullptr_t,null,null,null,true,true
P7_1_4_0_17,__int128,p53_plus1,00000000000000000020000000000001,"[1, 1.0000000000000001110223024625157, 53]",std::nullptr_t,null,null,null,true,true
P7_1_5_0_17,__int128,u64max,0000000000000000ffffffffffffffff,"[1, 1.9999999999999999998915797827514, 63]",std::nullptr_t,null,null,null,true,true
P7_2_0_0_17,__int128,base_42,0000000000000000000000000000002a,"[1, 1.3125, 5]",std::optional<int64_t>,null,null,null,true,true
P7_2_1_0_17,__int128,base_zero,00000000000000000000000000000000,"[1, 0.0, 0]",std::optional<int64_t>,null,null,null,false,false
P7_2_2_0_17,__int128,i64max,00000000000000007fffffffffffffff,"[1, 1.9999999999999999997831595655029, 62]",std::optional<int64_t>,null,null,null,true,true
P7_2_3_0_17,__int128,i64max_plus1,00000000000000008000000000000000,"[1, 1.0, 63]",std::optional<int64_t>,null,null,null,true,true
P7_2_4_0_17,__int128,p53_plus1,00000000000000000020000000000001,"[1, 1.0000000000000001110223024625157, 53]",std::optional<int64_t>,null,null,null,true,true
P7_2_5_0_17,__int128,u64max,0000000000000000ffffffffffffffff,"[1, 1.9999999999999999998915797827514, 63]",std::optional<int64_t>,null,null,null,true,true
P7_3_0_0_17,__int128,base_42,0000000000000000000000000000002a,"[1, 1.3125, 5]",bool,false,false,false,true,true
P7_3_0_1_17,__int128,base_42,0000000000000000000000000000002a,"[1, 1.3125, 5]",bool,true,true,true,true,true
P7_3_1_0_17,__int128,base_zero,00000000000000000000000000000000,"[1, 0.0, 0]",bool,false,false,false,false,false
P7_3_1_1_17,__int128,base_zero,00000000000000000000000000000000,"[1, 0.0, 0]",bool,true,true,true,true,true
P7_3_2_0_17,__int128,i64max,00000000000000007fffffffffffffff,"[1, 1.9999999999999999997831595655029, 62]",bool,false,false,false,true,true
P7_3_2_1_17,__int128,i64max,00000000000000007fffffffffffffff,"[1, 1.9999999999999999997831595655029, 62]",bool,true,true,true,true,true
P7_3_3_0_17,__int128,i64max_plus1,00000000000000008000000000000000,"[1, 1.0, 63]",bool,false,false,false,true,true
P7_3_3_1_17,__int128,i64max_plus1,00000000000000008000000000000000,"[1, 1.0, 63]",bool,true,true,true,true,true
P7_3_4_0_17,__int128,p53_plus1,00000000000000000020000000000001,"[1, 1.0000000000000001110223024625157, 53]",bool,false,false,false,true,true
P7_3_4_1_17,__int128,p53_plus1,00000000000000000020000000000001,"[1, 1.0000000000000001110223024625157, 53]",bool,true,true,true,true,true
P7_3_5_0_17,__int128,u64max,0000000000000000ffffffffffffffff,"[1, 1.9999999999999999998915797827514, 63]",bool,false,false,false,true,true
P7_3_5_1_17,__int128,u64max,0000000000000000ffffffffffffffff,"[1, 1.9999999999999999998915797827514, 63]",bool,true,true,true,true,true
P7_4_0_0_17,__int128,base_42,0000000000000000000000000000002a,"[1, 1.3125, 5]",int32_t,base_42,0000002a,"[1, 1.3125, 5]",true,true
P7_4_0_1_17,__int128,base_42,0000000000000000000000000000002a,"[1, 1.3125, 5]",int32_t,base_zero,00000000,"[1, 0.0, 0]",true,true
P7_4_0_2_17,__int128,base_42,0000000000000000000000000000002a,"[1, 1.3125, 5]",int32_t,i64max,ffffffff,"[-1, 1.0, 0]",true,true
P7_4_0_3_17,__int128,base_42,0000000000000000000000000000002a,"[1, 1.3125, 5]",int32_t,i64max_plus1,00000000,"[1, 0.0, 0]",true,true
P7_4_0_4_17,__int128,base_42,0000000000000000000000000000002a,"[1, 1.3125, 5]",int32_t,p53_plus1,00000001,"[1, 1.0, 0]",true,true
P7_4_0_5_17,__int128,base_42,0000000000000000000000000000002a,"[1, 1.3125, 5]",int32_t,u64max,ffffffff,"[-1, 1.0, 0]",true,true
P7_4_1_0_17,__int128,base_zero,00000000000000000000000000000000,"[1, 0.0, 0]",int32_t,base_42,0000002a,"[1, 1.3125, 5]",true,true
P7_4_1_1_17,__int128,base_zero,00000000000000000000000000000000,"[1, 0.0, 0]",int32_t,base_zero,00000000,"[1, 0.0, 0]",false,false
P7_4_1_2_17,__int128,base_zero,00000000000000000000000000000000,"[1, 0.0, 0]",int32_t,i64max,ffffffff,"[-1, 1.0, 0]",true,true
P7_4_1_3_17,__int128,base_zero,00000000000000000000000000000000,"[1, 0.0, 0]",int32_t,i64max_plus1,00000000,"[1, 0.0, 0]",false,false
P7_4_1_4_17,__int128,base_zero,00000000000000000000000000000000,"[1, 0.0, 0]",int32_t,p53_plus1,00000001,"[1, 1.0, 0]",true,true
P7_4_1_5_17,__int128,base_zero,00000000000000000000000000000000,"[1, 0.0, 0]",int32_t,u64max,ffffffff,"[-1, 1.0, 0]",true,true
P7_4_2_0_17,__int128,i64max,00000000000000007fffffffffffffff,"[1, 1.9999999999999999997831595655029, 62]",int32_t,base_42,0000002a,"[1, 1.3125, 5]",true,true
P7_4_2_1_17,__int128,i64max,00000000000000007fffffffffffffff,"[1, 1.9999999999999999997831595655029, 62]",int32_t,base_zero,00000000,"[1, 0.0, 0]",true,true
P7_4_2_2_17,__int128,i64max,00000000000000007fffffffffffffff,"[1, 1.9999999999999999997831595655029, 62]",int32_t,i64max,ffffffff,"[-1, 1.0, 0]",true,true
P7_4_2_3_17,__int128,i64max,00000000000000007fffffffffffffff,"[1, 1.9999999999999999997831595655029, 62]",int32_t,i64max_plus1,00000000,"[1, 0.0, 0]",true,true
P7_4_2_4_17,__int128,i64max,00000000000000007fffffffffffffff,"[1, 1.9999999999999999997831595655029, 62]",int32_t,p53_plus1,00000001,"[1, 1.0, 0]",true,true
P7_4_2_5_17,__int128,i64max,00000000000000007fffffffffffffff,"[1, 1.9999999999999999997831595655029, 62]",int32_t,u64max,ffffffff,"[-1, 1.0, 0]",true,true
P7_4_3_0_17,__int128,i64max_plus1,00000000000000008000000000000000,"[1, 1.0, 63]",int32_t,base_42,0000002a,"[1, 1.3125, 5]",true,true
P7_4_3_1_17,__int128,i64max_plus1,00000000000000008000000000000000,"[1, 1.0, 63]",int32_t,base_zero,00000000,"[1, 0.0, 0]",true,true
P7_4_3_2_17,__int128,i64max_plus1,00000000000000008000000000000000,"[1, 1.0, 63]",int32_t,i64max,ffffffff,"[-1, 1.0, 0]",true,true
P7_4_3_3_17,__int128,i64max_plus1,00000000000000008000000000000000,"[1, 1.0, 63]",int32_t,i64max_plus1,00000000,"[1, 0.0, 0]",true,true
P7_4_3_4_17,__int128,i64max_plus1,00000000000000008000000000000000,"[1, 1.0, 63]",int32_t,p53_plus1,00000001,"[1, 1.0, 0]",true,true
P7_4_3_5_17,__int128,i64max_plus1,00000000000000008000000000000000,"[1, 1.0, 63]",int32_t,u64max,ffffffff,"[-1, 1.0, 0]",true,true
P7_4_4_0_17,__int128,p53_plus1,00000000000000000020000000000001,"[1, 1.0000000000000001110223024625157, 53]",int32_t,base_42,0000002a,"[1, 1.3125, 5]",true,true
P7_4_4_1_17,__int128,p53_plus1,00000000000000000020000000000001,"[1, 1.0000000000000001110223024625157, 53]",int32_t,base_zero,00000000,"[1, 0.0, 0]",true,true
P7_4_4_2_17,__int128,p53_plus1,00000000000000000020000000000001,"[1, 1.0000000000000001110223024625157, 53]",int32_t,i64max,ffffffff,"[-1, 1.0, 0]",true,true
P7_4_4_3_17,__int128,p53_plus1,00000000000000000020000000000001,"[1, 1.0000000000000001110223024625157, 53]",int32_t,i64max_plus1,00000000,"[1, 0.0, 0]",true,true
P7_4_4_4_17,__int128,p53_plus1,00000000000000000020000000000001,"[1, 1.0000000000000001110223024625157, 53]",int32_t,p53_plus1,00000001,"[1, 1.0, 0]",true,true
P7_4_4_5_17,__int128,p53_plus1,00000000000000000020000000000001,"[1, 1.0000000000000001110223024625157, 53]",int32_t,u64max,ffffffff,"[-1, 1.0, 0]",true,true
P7_4_5_0_17,__int128,u64max,0000000000000000ffffffffffffffff,"[1, 1.9999999999999999998915797827514, 63]",int32_t,base_42,0000002a,"[1, 1.3125, 5]",true,true
P7_4_5_1_17,__int128,u64max,0000000000000000ffffffffffffffff,"[1, 1.9999999999999999998915797827514, 63]",int32_t,base_zero,00000000,"[1, 0.0, 0]",true,true
P7_4_5_2_17,__int128,u64max,0000000000000000ffffffffffffffff,"[1, 1.9999999999999999998915797827514, 63]",int32_t,i64max,ffffffff,"[-1, 1.0, 0]",true,true
P7_4_5_3_17,__int128,u64max,0000000000000000ffffffffffffffff,"[1, 1.9999999999999999998915797827514, 63]",int32_t,i64max_plus1,00000000,"[1, 0.0, 0]",true,true
P7_4_5_4_17,__int128,u64max,0000000000000000ffffffffffffffff,"[1, 1.9999999999999999998915797827514, 63]",int32_t,p53_plus1,00000001,"[1, 1.0, 0]",true,true
P7_4_5_5_17,__int128,u64max,0000000000000000ffffffffffffffff,"[1, 1.9999999999999999998915797827514, 63]",int32_t,u64max,ffffffff,"[-1, 1.0, 0]",true,true
P7_5_0_0_17,__int128,base_42,0000000000000000000000000000002a,"[1, 1.3125, 5]",int64_t,base_42,000000000000002a,"[1, 1.3125, 5]",true,true
P7_5_0_1_17,__int128,base_42,0000000000000000000000000000002a,"[1, 1.3125, 5]",int64_t,base_zero,0000000000000000,"[1, 0.0, 0]",true,true
P7_5_0_2_17,__int128,base_42,0000000000000000000000000000002a,"[1, 1.3125, 5]",int64_t,i64max,7fffffffffffffff,"[1, 1.9999999999999999997831595655029, 62]",true,true
P7_5_0_3_17,__int128,base_42,0000000000000000000000000000002a,"[1, 1.3125, 5]",int64_t,i64max_plus1,8000000000000000,"[-1, 1.0, 63]",true,true
P7_5_0_4_17,__int128,base_42,0000000000000000000000000000002a,"[1, 1.3125, 5]",int64_t,p53_plus1,0020000000000001,"[1, 1.0000000000000001110223024625157, 53]",true,true
P7_5_0_5_17,__int128,base_42,0000000000000000000000000000002a,"[1, 1.3125, 5]",int64_t,u64max,ffffffffffffffff,"[-1, 1.0, 0]",true,true
P7_5_1_0_17,__int128,base_zero,00000000000000000000000000000000,"[1, 0.0, 0]",int64_t,base_42,000000000000002a,"[1, 1.3125, 5]",true,true
P7_5_1_1_17,__int128,base_zero,00000000000000000000000000000000,"[1, 0.0, 0]",int64_t,base_zero,0000000000000000,"[1, 0.0, 0]",false,false
P7_5_1_2_17,__int128,base_zero,00000000000000000000000000000000,"[1, 0.0, 0]",int64_t,i64max,7fffffffffffffff,"[1, 1.9999999999999999997831595655029, 62]",true,true
P7_5_1_3_17,__int128,base_zero,00000000000000000000000000000000,"[1, 0.0, 0]",int64_t,i64max_plus1,8000000000000000,"[-1, 1.0, 63]",true,true
P7_5_1_4_17,__int128,base_zero,00000000000000000000000000000000,"[1, 0.0, 0]",int64_t,p53_plus1,0020000000000001,"[1, 1.0000000000000001110223024625157, 53]",true,true
P7_5_1_5_17,__int128,base_zero,00000000000000000000000000000000,"[1, 0.0, 0]",int64_t,u64max,ffffffffffffffff,"[-1, 1.0, 0]",true,true
P7_5_2_0_17,__int128,i64max,00000000000000007fffffffffffffff,"[1, 1.9999999999999999997831595655029, 62]",int64_t,base_42,000000000000002a,"[1, 1.3125, 5]",true,true
P7_5_2_1_17,__int128,i64max,00000000000000007fffffffffffffff,"[1, 1.9999999999999999997831595655029, 62]",int64_t,base_zero,0000000000000000,"[1, 0.0, 0]",true,true
P7_5_2_2_17,__int128,i64max,00000000000000007fffffffffffffff,"[1, 1.9999999999999999997831595655029, 62]",int64_t,i64max,7fffffffffffffff,"[1, 1.9999999999999999997831595655029, 62]",true,true
P7_5_2_3_17,__int128,i64max,00000000000000007fffffffffffffff,"[1, 1.9999999999999999997831595655029, 62]",int64_t,i64max_plus1,8000000000000000,"[-1, 1.0, 63]",true,true
P7_5_2_4_17,__int128,i64max,00000000000000007fffffffffffffff,"[1, 1.9999999999999999997831595655029, 62]",int64_t,p53_plus1,0020000000000001,"[1, 1.0000000000000001110223024625157, 53]",true,true
P7_5_2_5_17,__int128,i64max,00000000000000007fffffffffffffff,"[1, 1.9999999999999999997831595655029, 62]",int64_t,u64max,ffffffffffffffff,"[-1, 1.0, 0]",true,true
P7_5_3_0_17,__int128,i64max_plus1,00000000000000008000000000000000,"[1, 1.0, 63]",int64_t,base_42,000000000000002a,"[1, 1.3125, 5]",true,true
P7_5_3_1_17,__int128,i64max_plus1,00000000000000008000000000000000,"[1, 1.0, 63]",int64_t,base_zero,0000000000000000,"[1, 0.0, 0]",true,true
P7_5_3_2_17,__int128,i64max_plus1,00000000000000008000000000000000,"[1, 1.0, 63]",int64_t,i64max,7fffffffffffffff,"[1, 1.9999999999999999997831595655029, 62]",true,true
P7_5_3_3_17,__int128,i64max_plus1,00000000000000008000000000000000,"[1, 1.0, 63]",int64_t,i64max_plus1,8000000000000000,"[-1, 1.0, 63]",true,true
P7_5_3_4_17,__int128,i64max_plus1,00000000000000008000000000000000,"[1, 1.0, 63]",int64_t,p53_plus1,0020000000000001,"[1, 1.0000000000000001110223024625157, 53]",true,true
P7_5_3_5_17,__int128,i64max_plus1,00000000000000008000000000000000,"[1, 1.0, 63]",int64_t,u64max,ffffffffffffffff,"[-1, 1.0, 0]",true,true
P7_5_4_0_17,__int128,p53_plus1,00000000000000000020000000000001,"[1, 1.0000000000000001110223024625157, 53]",int64_t,base_42,000000000000002a,"[1, 1.3125, 5]",true,true
P7_5_4_1_17,__int128,p53_plus1,00000000000000000020000000000001,"[1, 1.0000000000000001110223024625157, 53]",int64_t,base_zero,0000000000000000,"[1, 0.0, 0]",true,true
P7_5_4_2_17,__int128,p53_plus1,00000000000000000020000000000001,"[1, 1.0000000000000001110223024625157, 53]",int64_t,i64max,7fffffffffffffff,"[1, 1.9999999999999999997831595655029, 62]",true,true
P7_5_4_3_17,__int128,p53_plus1,00000000000000000020000000000001,"[1, 1.0000000000000001110223024625157, 53]",int64_t,i64max_plus1,8000000000000000,"[-1, 1.0, 63]",true,true
P7_5_4_4_17,__int128,p53_plus1,00000000000000000020000000000001,"[1, 1.0000000000000001110223024625157, 53]",int64_t,p53_plus1,0020000000000001,"[1, 1.0000000000000001110223024625157, 53]",true,true
P7_5_4_5_17,__int128,p53_plus1,00000000000000000020000000000001,"[1, 1.0000000000000001110223024625157, 53]",int64_t,u64max,ffffffffffffffff,"[-1, 1.0, 0]",true,true
P7_5_5_0_17,__int128,u64max,0000000000000000ffffffffffffffff,"[1, 1.9999999999999999998915797827514, 63]",int64_t,base_42,000000000000002a,"[1, 1.3125, 5]",true,true
P7_5_5_1_17,__int128,u64max,0000000000000000ffffffffffffffff,"[1, 1.9999999999999999998915797827514, 63]",int64_t,base_zero,0000000000000000,"[1, 0.0, 0]",true,true
P7_5_5_2_17,__int128,u64max,0000000000000000ffffffffffffffff,"[1, 1.9999999999999999998915797827514, 63]",int64_t,i64max,7fffffffffffffff,"[1, 1.9999999999999999997831595655029, 62]",true,true
P7_5_5_3_17,__int128,u64max,0000000000000000ffffffffffffffff,"[1, 1.9999999999999999998915797827514, 63]",int64_t,i64max_plus1,8000000000000000,"[-1, 1.0, 63]",true,true
P7_5_5_4_17,__int128,u64max,0000000000000000ffffffffffffffff,"[1, 1.9999999999999999998915797827514, 63]",int64_t,p53_plus1,0020000000000001,"[1, 1.0000000000000001110223024625157, 53]",true,true
P7_5_5_5_17,__int128,u64max,0000000000000000ffffffffffffffff,"[1, 1.9999999999999999998915797827514, 63]",int64_t,u64max,ffffffffffffffff,"[-1, 1.0, 0]",true,true
P7_6_0_0_17,__int128,base_42,0000000000000000000000000000002a,"[1, 1.3125, 5]",uint64_t,base_42,000000000000002a,"[1, 1.3125, 5]",true,true
P7_6_0_1_17,__int128,base_42,0000000000000000000000000000002a,"[1, 1.3125, 5]",uint64_t,base_zero,0000000000000000,"[1, 0.0, 0]",true,true
P7_6_0_2_17,__int128,base_42,0000000000000000000000000000002a,"[1, 1.3125, 5]",uint64_t,i64max,7fffffffffffffff,"[1, 1.9999999999999999997831595655029, 62]",true,true
P7_6_0_3_17,__int128,base_42,0000000000000000000000000000002a,"[1, 1.3125, 5]",uint64_t,i64max_plus1,8000000000000000,"[1, 1.0, 63]",true,true
P7_6_0_4_17,__int128,base_42,0000000000000000000000000000002a,"[1, 1.3125, 5]",uint64_t,p53_plus1,0020000000000001,"[1, 1.0000000000000001110223024625157, 53]",true,true
P7_6_0_5_17,__int128,base_42,0000000000000000000000000000002a,"[1, 1.3125, 5]",uint64_t,u64max,ffffffffffffffff,"[1, 1.9999999999999999998915797827514, 63]",true,true
P7_6_1_0_17,__int128,base_zero,00000000000000000000000000000000,"[1, 0.0, 0]",uint64_t,base_42,000000000000002a,"[1, 1.3125, 5]",true,true
P7_6_1_1_17,__int128,base_zero,00000000000000000000000000000000,"[1, 0.0, 0]",uint64_t,base_zero,0000000000000000,"[1, 0.0, 0]",false,false
P7_6_1_2_17,__int128,base_zero,00000000000000000000000000000000,"[1, 0.0, 0]",uint64_t,i64max,7fffffffffffffff,"[1, 1.9999999999999999997831595655029, 62]",true,true
P7_6_1_3_17,__int128,base_zero,00000000000000000000000000000000,"[1, 0.0, 0]",uint64_t,i64max_plus1,8000000000000000,"[1, 1.0, 63]",true,true
P7_6_1_4_17,__int128,base_zero,00000000000000000000000000000000,"[1, 0.0, 0]",uint64_t,p53_plus1,0020000000000001,"[1, 1.0000000000000001110223024625157, 53]",true,true
P7_6_1_5_17,__int128,base_zero,00000000000000000000000000000000,"[1, 0.0, 0]",uint64_t,u64max,ffffffffffffffff,"[1, 1.9999999999999999998915797827514, 63]",true,true
P7_6_2_0_17,__int128,i64max,00000000000000007fffffffffffffff,"[1, 1.9999999999999999997831595655029, 62]",uint64_t,base_42,000000000000002a,"[1, 1.3125, 5]",true,true
P7_6_2_1_17,__int128,i64max,00000000000000007fffffffffffffff,"[1, 1.9999999999999999997831595655029, 62]",uint64_t,base_zero,0000000000000000,"[1, 0.0, 0]",true,true
P7_6_2_2_17,__int128,i64max,00000000000000007fffffffffffffff,"[1, 1.9999999999999999997831595655029, 62]",uint64_t,i64max,7fffffffffffffff,"[1, 1.9999999999999999997831595655029, 62]",true,true
P7_6_2_3_17,__int128,i64max,00000000000000007fffffffffffffff,"[1, 1.9999999999999999997831595655029, 62]",uint64_t,i64max_plus1,8000000000000000,"[1, 1.0, 63]",true,true
P7_6_2_4_17,__int128,i64max,00000000000000007fffffffffffffff,"[1, 1.9999999999999999997831595655029, 62]",uint64_t,p53_plus1,0020000000000001,"[1, 1.0000000000000001110223024625157, 53]",true,true
P7_6_2_5_17,__int128,i64max,00000000000000007fffffffffffffff,"[1, 1.9999999999999999997831595655029, 62]",uint64_t,u64max,ffffffffffffffff,"[1, 1.9999999999999999998915797827514, 63]",true,true
P7_6_3_0_17,__int128,i64max_plus1,00000000000000008000000000000000,"[1, 1.0, 63]",uint64_t,base_42,000000000000002a,"[1, 1.3125, 5]",true,true
P7_6_3_1_17,__int128,i64max_plus1,00000000000000008000000000000000,"[1, 1.0, 63]",uint64_t,base_zero,0000000000000000,"[1, 0.0, 0]",true,true
P7_6_3_2_17,__int128,i64max_plus1,00000000000000008000000000000000,"[1, 1.0, 63]",uint64_t,i64max,7fffffffffffffff,"[1, 1.9999999999999999997831595655029, 62]",true,true
P7_6_3_3_17,__int128,i64max_plus1,00000000000000008000000000000000,"[1, 1.0, 63]",uint64_t,i64max_plus1,8000000000000000,"[1, 1.0, 63]",true,true
P7_6_3_4_17,__int128,i64max_plus1,00000000000000008000000000000000,"[1, 1.0, 63]",uint64_t,p53_plus1,0020000000000001,"[1, 1.0000000000000001110223024625157, 53]",true,true
P7_6_3_5_17,__int128,i64max_plus1,00000000000000008000000000000000,"[1, 1.0, 63]",uint64_t,u64max,ffffffffffffffff,"[1, 1.9999999999999999998915797827514, 63]",true,true
P7_6_4_0_17,__int128,p53_plus1,00000000000000000020000000000001,"[1, 1.0000000000000001110223024625157, 53]",uint64_t,base_42,000000000000002a,"[1, 1.3125, 5]",true,true
P7_6_4_1_17,__int128,p53_plus1,00000000000000000020000000000001,"[1, 1.0000000000000001110223024625157, 53]",uint64_t,base_zero,0000000000000000,"[1, 0.0, 0]",true,true
P7_6_4_2_17,__int128,p53_plus1,00000000000000000020000000000001,"[1, 1.0000000000000001110223024625157, 53]",uint64_t,i64max,7fffffffffffffff,"[1, 1.9999999999999999997831595655029, 62]",true,true
P7_6_4_3_17,__int128,p53_plus1,00000000000000000020000000000001,"[1, 1.0000000000000001110223024625157, 53]",uint64_t,i64max_plus1,8000000000000000,"[1, 1.0, 63]",true,true
P7_6_4_4_17,__int128,p53_plus1,00000000000000000020000000000001,"[1, 1.0000000000000001110223024625157, 53]",uint64_t,p53_plus1,0020000000000001,"[1, 1.0000000000000001110223024625157, 53]",true,true
P7_6_4_5_17,__int128,p53_plus1,00000000000000000020000000000001,"[1, 1.0000000000000001110223024625157, 53]",uint64_t,u64max,ffffffffffffffff,"[1, 1.9999999999999999998915797827514, 63]",true,true
P7_6_5_0_17,__int128,u64max,0000000000000000ffffffffffffffff,"[1, 1.9999999999999999998915797827514, 63]",uint64_t,base_42,000000000000002a,"[1, 1.3125, 5]",true,true
P7_6_5_1_17,__int128,u64max,0000000000000000ffffffffffffffff,"[1, 1.9999999999999999998915797827514, 63]",uint64_t,base_zero,0000000000000000,"[1, 0.0, 0]",true,true
P7_6_5_2_17,__int128,u64max,0000000000000000ffffffffffffffff,"[1, 1.9999999999999999998915797827514, 63]",uint64_t,i64max,7fffffffffffffff,"[1, 1.9999999999999999997831595655029, 62]",true,true
P7_6_5_3_17,__int128,u64max,0000000000000000ffffffffffffffff,"[1, 1.9999999999999999998915797827514, 63]",uint64_t,i64max_plus1,8000000000000000,"[1, 1.0, 63]",true,true
P7_6_5_4_17,__int128,u64max,0000000000000000ffffffffffffffff,"[1, 1.9999999999999999998915797827514, 63]",uint64_t,p53_plus1,0020000000000001,"[1, 1.0000000000000001110223024625157, 53]",true,true
P7_6_5_5_17,__int128,u64max,0000000000000000ffffffffffffffff,"[1, 1.9999999999999999998915797827514, 63]",uint64_t,u64max,ffffffffffffffff,"[1, 1.9999999999999999998915797827514, 63]",true,true
P7_7_0_0_17,__int128,base_42,0000000000000000000000000000002a,"[1, 1.3125, 5]",__int128,base_42,0000000000000000000000000000002a,"[1, 1.3125, 5]",true,true
P7_7_0_1_17,__int128,base_42,0000000000000000000000000000002a,"[1, 1.3125, 5]",__int128,base_zero,00000000000000000000000000000000,"[1, 0.0, 0]",true,true
P7_7_0_2_17,__int128,base_42,0000000000000000000000000000002a,"[1, 1.3125, 5]",__int128,i64max,00000000000000007fffffffffffffff,"[1, 1.9999999999999999997831595655029, 62]",true,true
P7_7_0_3_17,__int128,base_42,0000000000000000000000000000002a,"[1, 1.3125, 5]",__int128,i64max_plus1,00000000000000008000000000000000,"[1, 1.0, 63]",true,true
P7_7_0_4_17,__int128,base_42,0000000000000000000000000000002a,"[1, 1.3125, 5]",__int128,p53_plus1,00000000000000000020000000000001,"[1, 1.0000000000000001110223024625157, 53]",true,true
P7_7_0_5_17,__int128,base_42,0000000000000000000000000000002a,"[1, 1.3125, 5]",__int128,u64max,0000000000000000ffffffffffffffff,"[1, 1.9999999999999999998915797827514, 63]",true,true
P7_7_1_0_17,__int128,base_zero,00000000000000000000000000000000,"[1, 0.0, 0]",__int128,base_42,0000000000000000000000000000002a,"[1, 1.3125, 5]",true,true
P7_7_1_1_17,__int128,base_zero,00000000000000000000000000000000,"[1, 0.0, 0]",__int128,base_zero,00000000000000000000000000000000,"[1, 0.0, 0]",false,false
P7_7_1_2_17,__int128,base_zero,00000000000000000000000000000000,"[1, 0.0, 0]",__int128,i64max,00000000000000007fffffffffffffff,"[1, 1.9999999999999999997831595655029, 62]",true,true
P7_7_1_3_17,__int128,base_zero,00000000000000000000000000000000,"[1, 0.0, 0]",__int128,i64max_plus1,00000000000000008000000000000000,"[1, 1.0, 63]",true,true
P7_7_1_4_17,__int128,base_zero,00000000000000000000000000000000,"[1, 0.0, 0]",__int128,p53_plus1,00000000000000000020000000000001,"[1, 1.0000000000000001110223024625157, 53]",true,true
P7_7_1_5_17,__int128,base_zero,00000000000000000000000000000000,"[1, 0.0, 0]",__int128,u64max,0000000000000000ffffffffffffffff,"[1, 1.9999999999999999998915797827514, 63]",true,true
P7_7_2_0_17,__int128,i64max,00000000000000007fffffffffffffff,"[1, 1.9999999999999999997831595655029, 62]",__int128,base_42,0000000000000000000000000000002a,"[1, 1.3125, 5]",true,true
P7_7_2_1_17,__int128,i64max,00000000000000007fffffffffffffff,"[1, 1.9999999999999999997831595655029, 62]",__int128,base_zero,00000000000000000000000000000000,"[1, 0.0, 0]",true,true
P7_7_2_2_17,__int128,i64max,00000000000000007fffffffffffffff,"[1, 1.9999999999999999997831595655029, 62]",__int128,i64max,00000000000000007fffffffffffffff,"[1, 1.9999999999999999997831595655029, 62]",true,true
P7_7_2_3_17,__int128,i64max,00000000000000007fffffffffffffff,"[1, 1.9999999999999999997831595655029, 62]",__int128,i64max_plus1,00000000000000008000000000000000,"[1, 1.0, 63]",true,true
P7_7_2_4_17,__int128,i64max,00000000000000007fffffffffffffff,"[1, 1.9999999999999999997831595655029, 62]",__int128,p53_plus1,00000000000000000020000000000001,"[1, 1.0000000000000001110223024625157, 53]",true,true
P7_7_2_5_17,__int128,i64max,00000000000000007fffffffffffffff,"[1, 1.9999999999999999997831595655029, 62]",__int128,u64max,0000000000000000ffffffffffffffff,"[1, 1.9999999999999999998915797827514, 63]",true,true
P7_7_3_0_17,__int128,i64max_plus1,00000000000000008000000000000000,"[1, 1.0, 63]",__int128,base_42,0000000000000000000000000000002a,"[1, 1.3125, 5]",true,true
P7_7_3_1_17,__int128,i64max_plus1,00000000000000008000000000000000,"[1, 1.0, 63]",__int128,base_zero,00000000000000000000000000000000,"[1, 0.0, 0]",true,true
P7_7_3_2_17,__int128,i64max_plus1,00000000000000008000000000000000,"[1, 1.0, 63]",__int128,i64max,00000000000000007fffffffffffffff,"[1, 1.9999999999999999997831595655029, 62]",true,true
P7_7_3_3_17,__int128,i64max_plus1,00000000000000008000000000000000,"[1, 1.0, 63]",__int128,i64max_plus1,00000000000000008000000000000000,"[1, 1.0, 63]",true,true
P7_7_3_4_17,__int128,i64max_plus1,00000000000000008000000000000000,"[1, 1.0, 63]",__int128,p53_plus1,00000000000000000020000000000001,"[1, 1.0000000000000001110223024625157, 53]",true,true
P7_7_3_5_17,__int128,i64max_plus1,00000000000000008000000000000000,"[1, 1.0, 63]",__int128,u64max,0000000000000000ffffffffffffffff,"[1, 1.9999999999999999998915797827514, 63]",true,true
P7_7_4_0_17,__int128,p53_plus1,00000000000000000020000000000001,"[1, 1.0000000000000001110223024625157, 53]",__int128,base_42,0000000000000000000000000000002a,"[1, 1.3125, 5]",true,true
P7_7_4_1_17,__int128,p53_plus1,00000000000000000020000000000001,"[1, 1.0000000000000001110223024625157, 53]",__int128,base_zero,00000000000000000000000000000000,"[1, 0.0, 0]",true,true
P7_7_4_2_17,__int128,p53_plus1,00000000000000000020000000000001,"[1, 1.0000000000000001110223024625157, 53]",__int128,i64max,00000000000000007fffffffffffffff,"[1, 1.9999999999999999997831595655029, 62]",true,true
P7_7_4_3_17,__int128,p53_plus1,00000000000000000020000000000001,"[1, 1.0000000000000001110223024625157, 53]",__int128,i64max_plus1,00000000000000008000000000000000,"[1, 1.0, 63]",true,true
P7_7_4_4_17,__int128,p53_plus1,00000000000000000020000000000001,"[1, 1.0000000000000001110223024625157, 53]",__int128,p53_plus1,00000000000000000020000000000001,"[1, 1.0000000000000001110223024625157, 53]",true,true
P7_7_4_5_17,__int128,p53_plus1,00000000000000000020000000000001,"[1, 1.0000000000000001110223024625157, 53]",__int128,u64max,0000000000000000ffffffffffffffff,"[1, 1.9999999999999999998915797827514, 63]",true,true
P7_7_5_0_17,__int128,u64max,0000000000000000ffffffffffffffff,"[1, 1.9999999999999999998915797827514, 63]",__int128,base_42,0000000000000000000000000000002a,"[1, 1.3125, 5]",true,true
P7_7_5_1_17,__int128,u64max,0000000000000000ffffffffffffffff,"[1, 1.9999999999999999998915797827514, 63]",__int128,base_zero,00000000000000000000000000000000,"[1, 0.0, 0]",true,true
P7_7_5_2_17,__int128,u64max,0000000000000000ffffffffffffffff,"[1, 1.9999999999999999998915797827514, 63]",__int128,i64max,00000000000000007fffffffffffffff,"[1, 1.9999999999999999997831595655029, 62]",true,true
P7_7_5_3_17,__int128,u64max,0000000000000000ffffffffffffffff,"[1, 1.9999999999999999998915797827514, 63]",__int128,i64max_plus1,00000000000000008000000000000000,"[1, 1.0, 63]",true,true
P7_7_5_4_17,__int128,u64max,0000000000000000ffffffffffffffff,"[1, 1.9999999999999999998915797827514, 63]",__int128,p53_plus1,00000000000000000020000000000001,"[1, 1.0000000000000001110223024625157, 53]",true,true
P7_7_5_5_17,__int128,u64max,0000000000000000ffffffffffffffff,"[1, 1.9999999999999999998915797827514, 63]",__int128,u64max,0000000000000000ffffffffffffffff,"[1, 1.9999999999999999998915797827514, 63]",true,true
P7_8_0_0_17,__int128,base_42,0000000000000000000000000000002a,"[1, 1.3125, 5]",double,base_1_5,3ff8000000000000,"[1, 1.5, 0]",true,true
P7_8_0_1_17,__int128,base_42,0000000000000000000000000000002a,"[1, 1.3125, 5]",double,base_pi,400921fb54442d18,"[1, 1.5707963267948965579989817342721, 1]",true,true
P7_8_0_2_17,__int128,base_42,0000000000000000000000000000002a,"[1, 1.3125, 5]",double,inf,7ff0000000000000,"[1, inf]",true,true
P7_8_0_3_17,__int128,base_42,0000000000000000000000000000002a,"[1, 1.3125, 5]",double,nan,7ff8000000000000,nan,true,true
P7_8_0_4_17,__int128,base_42,0000000000000000000000000000002a,"[1, 1.3125, 5]",double,negzero,8000000000000000,"[-1, 0.0, 0]",true,true
P7_8_0_5_17,__int128,base_42,0000000000000000000000000000002a,"[1, 1.3125, 5]",double,point1,3fb999999999999a,"[1, 1.6000000000000000888178419700125, -4]",true,true
P7_8_1_0_17,__int128,base_zero,00000000000000000000000000000000,"[1, 0.0, 0]",double,base_1_5,3ff8000000000000,"[1, 1.5, 0]",true,true
P7_8_1_1_17,__int128,base_zero,00000000000000000000000000000000,"[1, 0.0, 0]",double,base_pi,400921fb54442d18,"[1, 1.5707963267948965579989817342721, 1]",true,true
P7_8_1_2_17,__int128,base_zero,00000000000000000000000000000000,"[1, 0.0, 0]",double,inf,7ff0000000000000,"[1, inf]",true,true
P7_8_1_3_17,__int128,base_zero,00000000000000000000000000000000,"[1, 0.0, 0]",double,nan,7ff8000000000000,nan,true,true
P7_8_1_4_17,__int128,base_zero,00000000000000000000000000000000,"[1, 0.0, 0]",double,negzero,8000000000000000,"[-1, 0.0, 0]",false,false
P7_8_1_5_17,__int128,base_zero,00000000000000000000000000000000,"[1, 0.0, 0]",double,point1,3fb999999999999a,"[1, 1.6000000000000000888178419700125, -4]",true,true
P7_8_2_0_17,__int128,i64max,00000000000000007fffffffffffffff,"[1, 1.9999999999999999997831595655029, 62]",double,base_1_5,3ff8000000000000,"[1, 1.5, 0]",true,true
P7_8_2_1_17,__int128,i64max,00000000000000007fffffffffffffff,"[1, 1.9999999999999999997831595655029, 62]",double,base_pi,400921fb54442d18,"[1, 1.5707963267948965579989817342721, 1]",true,true
P7_8_2_2_17,__int128,i64max,00000000000000007fffffffffffffff,"[1, 1.9999999999999999997831595655029, 62]",double,inf,7ff0000000000000,"[1, inf]",true,true
P7_8_2_3_17,__int128,i64max,00000000000000007fffffffffffffff,"[1, 1.9999999999999999997831595655029, 62]",double,nan,7ff8000000000000,nan,true,true
P7_8_2_4_17,__int128,i64max,00000000000000007fffffffffffffff,"[1, 1.9999999999999999997831595655029, 62]",double,negzero,8000000000000000,"[-1, 0.0, 0]",true,true
P7_8_2_5_17,__int128,i64max,00000000000000007fffffffffffffff,"[1, 1.9999999999999999997831595655029, 62]",double,point1,3fb999999999999a,"[1, 1.6000000000000000888178419700125, -4]",true,true
P7_8_3_0_17,__int128,i64max_plus1,00000000000000008000000000000000,"[1, 1.0, 63]",double,base_1_5,3ff8000000000000,"[1, 1.5, 0]",true,true
P7_8_3_1_17,__int128,i64max_plus1,00000000000000008000000000000000,"[1, 1.0, 63]",double,base_pi,400921fb54442d18,"[1, 1.5707963267948965579989817342721, 1]",true,true
P7_8_3_2_17,__int128,i64max_plus1,00000000000000008000000000000000,"[1, 1.0, 63]",double,inf,7ff0000000000000,"[1, inf]",true,true
P7_8_3_3_17,__int128,i64max_plus1,00000000000000008000000000000000,"[1, 1.0, 63]",double,nan,7ff8000000000000,nan,true,true
P7_8_3_4_17,__int128,i64max_plus1,00000000000000008000000000000000,"[1, 1.0, 63]",double,negzero,8000000000000000,"[-1, 0.0, 0]",true,true
P7_8_3_5_17,__int128,i64max_plus1,00000000000000008000000000000000,"[1, 1.0, 63]",double,point1,3fb999999999999a,"[1, 1.6000000000000000888178419700125, -4]",true,true
P7_8_4_0_17,__int128,p53_plus1,00000000000000000020000000000001,"[1, 1.0000000000000001110223024625157, 53]",double,base_1_5,3ff8000000000000,"[1, 1.5, 0]",true,true
P7_8_4_1_17,__int128,p53_plus1,00000000000000000020000000000001,"[1, 1.0000000000000001110223024625157, 53]",double,base_pi,400921fb54442d18,"[1, 1.5707963267948965579989817342721, 1]",true,true
P7_8_4_2_17,__int128,p53_plus1,00000000000000000020000000000001,"[1, 1.0000000000000001110223024625157, 53]",double,inf,7ff0000000000000,"[1, inf]",true,true
P7_8_4_3_17,__int128,p53_plus1,00000000000000000020000000000001,"[1, 1.0000000000000001110223024625157, 53]",double,nan,7ff8000000000000,nan,true,true
P7_8_4_4_17,__int128,p53_plus1,00000000000000000020000000000001,"[1, 1.0000000000000001110223024625157, 53]",double,negzero,8000000000000000,"[-1, 0.0, 0]",true,true
P7_8_4_5_17,__int128,p53_plus1,00000000000000000020000000000001,"[1, 1.0000000000000001110223024625157, 53]",double,point1,3fb999999999999a,"[1, 1.6000000000000000888178419700125, -4]",true,true
P7_8_5_0_17,__int128,u64max,0000000000000000ffffffffffffffff,"[1, 1.9999999999999999998915797827514, 63]",double,base_1_5,3ff8000000000000,"[1, 1.5, 0]",true,true
P7_8_5_1_17,__int128,u64max,0000000000000000ffffffffffffffff,"[1, 1.9999999999999999998915797827514, 63]",double,base_pi,400921fb54442d18,"[1, 1.5707963267948965579989817342721, 1]",true,true
P7_8_5_2_17,__int128,u64max,0000000000000000ffffffffffffffff,"[1, 1.9999999999999999998915797827514, 63]",double,inf,7ff0000000000000,"[1, inf]",true,true
P7_8_5_3_17,__int128,u64max,0000000000000000ffffffffffffffff,"[1, 1.9999999999999999998915797827514, 63]",double,nan,7ff8000000000000,nan,true,true
P7_8_5_4_17,__int128,u64max,0000000000000000ffffffffffffffff,"[1, 1.9999999999999999998915797827514, 63]",double,negzero,8000000000000000,"[-1, 0.0, 0]",true,true
P7_8_5_5_17,__int128,u64max,0000000000000000ffffffffffffffff,"[1, 1.9999999999999999998915797827514, 63]",double,point1,3fb999999999999a,"[1, 1.6000000000000000888178419700125, -4]",true,true
P7_9_0_0_17,__int128,base_42,0000000000000000000000000000002a,"[1, 1.3125, 5]",float,base_1_5,3fc00000,"[1, 1.5, 0]",true,true
P7_9_0_1_17,__int128,base_42,0000000000000000000000000000002a,"[1, 1.3125, 5]",float,base_pi,40490fdb,"[1, 1.57079637050628662109375, 1]",true,true
P7_9_0_2_17,__int128,base_42,0000000000000000000000000000002a,"[1, 1.3125, 5]",float,inf,7f800000,"[1, inf]",true,true
P7_9_0_3_17,__int128,base_42,0000000000000000000000000000002a,"[1, 1.3125, 5]",float,nan,7fc00000,nan,true,true
P7_9_0_4_17,__int128,base_42,0000000000000000000000000000002a,"[1, 1.3125, 5]",float,negzero,80000000,"[-1, 0.0, 0]",true,true
P7_9_0_5_17,__int128,base_42,0000000000000000000000000000002a,"[1, 1.3125, 5]",float,point1,3dcccccd,"[1, 1.60000002384185791015625, -4]",true,true
P7_9_1_0_17,__int128,base_zero,00000000000000000000000000000000,"[1, 0.0, 0]",float,base_1_5,3fc00000,"[1, 1.5, 0]",true,true
P7_9_1_1_17,__int128,base_zero,00000000000000000000000000000000,"[1, 0.0, 0]",float,base_pi,40490fdb,"[1, 1.57079637050628662109375, 1]",true,true
P7_9_1_2_17,__int128,base_zero,00000000000000000000000000000000,"[1, 0.0, 0]",float,inf,7f800000,"[1, inf]",true,true
P7_9_1_3_17,__int128,base_zero,00000000000000000000000000000000,"[1, 0.0, 0]",float,nan,7fc00000,nan,true,true
P7_9_1_4_17,__int128,base_zero,00000000000000000000000000000000,"[1, 0.0, 0]",float,negzero,80000000,"[-1, 0.0, 0]",false,false
P7_9_1_5_17,__int128,base_zero,00000000000000000000000000000000,"[1, 0.0, 0]",float,point1,3dcccccd,"[1, 1.60000002384185791015625, -4]",true,true
P7_9_2_0_17,__int128,i64max,00000000000000007fffffffffffffff,"[1, 1.9999999999999999997831595655029, 62]",float,base_1_5,3fc00000,"[1, 1.5, 0]",true,true
P7_9_2_1_17,__int128,i64max,00000000000000007fffffffffffffff,"[1, 1.9999999999999999997831595655029, 62]",float,base_pi,40490fdb,"[1, 1.57079637050628662109375, 1]",true,true
P7_9_2_2_17,__int128,i64max,00000000000000007fffffffffffffff,"[1, 1.9999999999999999997831595655029, 62]",float,inf,7f800000,"[1, inf]",true,true
P7_9_2_3_17,__int128,i64max,00000000000000007fffffffffffffff,"[1, 1.9999999999999999997831595655029, 62]",float,nan,7fc00000,nan,true,true
P7_9_2_4_17,__int128,i64max,00000000000000007fffffffffffffff,"[1, 1.9999999999999999997831595655029, 62]",float,negzero,80000000,"[-1, 0.0, 0]",true,true
P7_9_2_5_17,__int128,i64max,00000000000000007fffffffffffffff,"[1, 1.9999999999999999997831595655029, 62]",float,point1,3dcccccd,"[1, 1.60000002384185791015625, -4]",true,true
P7_9_3_0_17,__int128,i64max_plus1,00000000000000008000000000000000,"[1, 1.0, 63]",float,base_1_5,3fc00000,"[1, 1.5, 0]",true,true
P7_9_3_1_17,__int128,i64max_plus1,00000000000000008000000000000000,"[1, 1.0, 63]",float,base_pi,40490fdb,"[1, 1.57079637050628662109375, 1]",true,true
P7_9_3_2_17,__int128,i64max_plus1,00000000000000008000000000000000,"[1, 1.0, 63]",float,inf,7f800000,"[1, inf]",true,true
P7_9_3_3_17,__int128,i64max_plus1,00000000000000008000000000000000,"[1, 1.0, 63]",float,nan,7fc00000,nan,true,true
P7_9_3_4_17,__int128,i64max_plus1,00000000000000008000000000000000,"[1, 1.0, 63]",float,negzero,80000000,"[-1, 0.0, 0]",true,true
P7_9_3_5_17,__int128,i64max_plus1,00000000000000008000000000000000,"[1, 1.0, 63]",float,point1,3dcccccd,"[1, 1.60000002384185791015625, -4]",true,true
P7_9_4_0_17,__int128,p53_plus1,00000000000000000020000000000001,"[1, 1.0000000000000001110223024625157, 53]",float,base_1_5,3fc00000,"[1, 1.5, 0]",true,true
P7_9_4_1_17,__int128,p53_plus1,00000000000000000020000000000001,"[1, 1.0000000000000001110223024625157, 53]",float,base_pi,40490fdb,"[1, 1.57079637050628662109375, 1]",true,true
P7_9_4_2_17,__int128,p53_plus1,00000000000000000020000000000001,"[1, 1.0000000000000001110223024625157, 53]",float,inf,7f800000,"[1, inf]",true,true
P7_9_4_3_17,__int128,p53_plus1,00000000000000000020000000000001,"[1, 1.0000000000000001110223024625157, 53]",float,nan,7fc00000,nan,true,true
P7_9_4_4_17,__int128,p53_plus1,00000000000000000020000000000001,"[1, 1.0000000000000001110223024625157, 53]",float,negzero,80000000,"[-1, 0.0, 0]",true,true
P7_9_4_5_17,__int128,p53_plus1,00000000000000000020000000000001,"[1, 1.0000000000000001110223024625157, 53]",float,point1,3dcccccd,"[1, 1.60000002384185791015625, -4]",true,true
P7_9_5_0_17,__int128,u64max,0000000000000000ffffffffffffffff,"[1, 1.9999999999999999998915797827514, 63]",float,base_1_5,3fc00000,"[1, 1.5, 0]",true,true
P7_9_5_1_17,__int128,u64max,0000000000000000ffffffffffffffff,"[1, 1.9999999999999999998915797827514, 63]",float,base_pi,40490fdb,"[1, 1.57079637050628662109375, 1]",true,true
P7_9_5_2_17,__int128,u64max,0000000000000000ffffffffffffffff,"[1, 1.9999999999999999998915797827514, 63]",float,inf,7f800000,"[1, inf]",true,true
P7_9_5_3_17,__int128,u64max,0000000000000000ffffffffffffffff,"[1, 1.9999999999999999998915797827514, 63]",float,nan,7fc00000,nan,true,true
P7_9_5_4_17,__int128,u64max,0000000000000000ffffffffffffffff,"[1, 1.9999999999999999998915797827514, 63]",float,negzero,80000000,"[-1, 0.0, 0]",true,true
P7_9_5_5_17,__int128,u64max,0000000000000000ffffffffffffffff,"[1, 1.9999999999999999998915797827514, 63]",float,point1,3dcccccd,"[1, 1.60000002384185791015625, -4]",true,true
P7_11_0_0_17,__int128,base_42,0000000000000000000000000000002a,"[1, 1.3125, 5]",const char*,base_empty,,t||0|0|0,true,true
P7_11_0_1_17,__int128,base_42,0000000000000000000000000000002a,"[1, 1.3125, 5]",const char*,base_hello,68656c6c6f,t|68656c6c6f|5|5|5,true,true
P7_11_0_2_17,__int128,base_42,0000000000000000000000000000002a,"[1, 1.3125, 5]",const char*,base_lines,6c696e65206f6e650a6c696e652074776f,t|6c696e65206f6e650a6c696e652074776f|17|17|17,true,true
P7_11_0_3_17,__int128,base_42,0000000000000000000000000000002a,"[1, 1.3125, 5]",const char*,clef,f09d849e,t|f09d849e|4|1|1,true,true
P7_11_0_4_17,__int128,base_42,0000000000000000000000000000002a,"[1, 1.3125, 5]",const char*,eacute,c3a9,t|c3a9|2|1|1,true,true
P7_11_0_5_17,__int128,base_42,0000000000000000000000000000002a,"[1, 1.3125, 5]",const char*,escapes,71756f74652022206261636b736c617368205c207461620968657265,t|71756f74652022206261636b736c617368205c207461620968657265|28|28|28,true,true
P7_11_1_0_17,__int128,base_zero,00000000000000000000000000000000,"[1, 0.0, 0]",const char*,base_empty,,t||0|0|0,true,true
P7_11_1_1_17,__int128,base_zero,00000000000000000000000000000000,"[1, 0.0, 0]",const char*,base_hello,68656c6c6f,t|68656c6c6f|5|5|5,true,true
P7_11_1_2_17,__int128,base_zero,00000000000000000000000000000000,"[1, 0.0, 0]",const char*,base_lines,6c696e65206f6e650a6c696e652074776f,t|6c696e65206f6e650a6c696e652074776f|17|17|17,true,true
P7_11_1_3_17,__int128,base_zero,00000000000000000000000000000000,"[1, 0.0, 0]",const char*,clef,f09d849e,t|f09d849e|4|1|1,true,true
P7_11_1_4_17,__int128,base_zero,00000000000000000000000000000000,"[1, 0.0, 0]",const char*,eacute,c3a9,t|c3a9|2|1|1,true,true
P7_11_1_5_17,__int128,base_zero,00000000000000000000000000000000,"[1, 0.0, 0]",const char*,escapes,71756f74652022206261636b736c617368205c207461620968657265,t|71756f74652022206261636b736c617368205c207461620968657265|28|28|28,true,true
P7_11_2_0_17,__int128,i64max,00000000000000007fffffffffffffff,"[1, 1.9999999999999999997831595655029, 62]",const char*,base_empty,,t||0|0|0,true,true
P7_11_2_1_17,__int128,i64max,00000000000000007fffffffffffffff,"[1, 1.9999999999999999997831595655029, 62]",const char*,base_hello,68656c6c6f,t|68656c6c6f|5|5|5,true,true
P7_11_2_2_17,__int128,i64max,00000000000000007fffffffffffffff,"[1, 1.9999999999999999997831595655029, 62]",const char*,base_lines,6c696e65206f6e650a6c696e652074776f,t|6c696e65206f6e650a6c696e652074776f|17|17|17,true,true
P7_11_2_3_17,__int128,i64max,00000000000000007fffffffffffffff,"[1, 1.9999999999999999997831595655029, 62]",const char*,clef,f09d849e,t|f09d849e|4|1|1,true,true
P7_11_2_4_17,__int128,i64max,00000000000000007fffffffffffffff,"[1, 1.9999999999999999997831595655029, 62]",const char*,eacute,c3a9,t|c3a9|2|1|1,true,true
P7_11_2_5_17,__int128,i64max,00000000000000007fffffffffffffff,"[1, 1.9999999999999999997831595655029, 62]",const char*,escapes,71756f74652022206261636b736c617368205c207461620968657265,t|71756f74652022206261636b736c617368205c207461620968657265|28|28|28,true,true
P7_11_3_0_17,__int128,i64max_plus1,00000000000000008000000000000000,"[1, 1.0, 63]",const char*,base_empty,,t||0|0|0,true,true
P7_11_3_1_17,__int128,i64max_plus1,00000000000000008000000000000000,"[1, 1.0, 63]",const char*,base_hello,68656c6c6f,t|68656c6c6f|5|5|5,true,true
P7_11_3_2_17,__int128,i64max_plus1,00000000000000008000000000000000,"[1, 1.0, 63]",const char*,base_lines,6c696e65206f6e650a6c696e652074776f,t|6c696e65206f6e650a6c696e652074776f|17|17|17,true,true
P7_11_3_3_17,__int128,i64max_plus1,00000000000000008000000000000000,"[1, 1.0, 63]",const char*,clef,f09d849e,t|f09d849e|4|1|1,true,true
P7_11_3_4_17,__int128,i64max_plus1,00000000000000008000000000000000,"[1, 1.0, 63]",const char*,eacute,c3a9,t|c3a9|2|1|1,true,true
P7_11_3_5_17,__int128,i64max_plus1,00000000000000008000000000000000,"[1, 1.0, 63]",const char*,escapes,71756f74652022206261636b736c617368205c207461620968657265,t|71756f74652022206261636b736c617368205c207461620968657265|28|28|28,true,true
P7_11_4_0_17,__int128,p53_plus1,00000000000000000020000000000001,"[1, 1.0000000000000001110223024625157, 53]",const char*,base_empty,,t||0|0|0,true,true
P7_11_4_1_17,__int128,p53_plus1,00000000000000000020000000000001,"[1, 1.0000000000000001110223024625157, 53]",const char*,base_hello,68656c6c6f,t|68656c6c6f|5|5|5,true,true
P7_11_4_2_17,__int128,p53_plus1,00000000000000000020000000000001,"[1, 1.0000000000000001110223024625157, 53]",const char*,base_lines,6c696e65206f6e650a6c696e652074776f,t|6c696e65206f6e650a6c696e652074776f|17|17|17,true,true
P7_11_4_3_17,__int128,p53_plus1,00000000000000000020000000000001,"[1, 1.0000000000000001110223024625157, 53]",const char*,clef,f09d849e,t|f09d849e|4|1|1,true,true
P7_11_4_4_17,__int128,p53_plus1,00000000000000000020000000000001,"[1, 1.0000000000000001110223024625157, 53]",const char*,eacute,c3a9,t|c3a9|2|1|1,true,true
P7_11_4_5_17,__int128,p53_plus1,00000000000000000020000000000001,"[1, 1.0000000000000001110223024625157, 53]",const char*,escapes,71756f74652022206261636b736c617368205c207461620968657265,t|71756f74652022206261636b736c617368205c207461620968657265|28|28|28,true,true
P7_11_5_0_17,__int128,u64max,0000000000000000ffffffffffffffff,"[1, 1.9999999999999999998915797827514, 63]",const char*,base_empty,,t||0|0|0,true,true
P7_11_5_1_17,__int128,u64max,0000000000000000ffffffffffffffff,"[1, 1.9999999999999999998915797827514, 63]",const char*,base_hello,68656c6c6f,t|68656c6c6f|5|5|5,true,true
P7_11_5_2_17,__int128,u64max,0000000000000000ffffffffffffffff,"[1, 1.9999999999999999998915797827514, 63]",const char*,base_lines,6c696e65206f6e650a6c696e652074776f,t|6c696e65206f6e650a6c696e652074776f|17|17|17,true,true
P7_11_5_3_17,__int128,u64max,0000000000000000ffffffffffffffff,"[1, 1.9999999999999999998915797827514, 63]",const char*,clef,f09d849e,t|f09d849e|4|1|1,true,true
P7_11_5_4_17,__int128,u64max,0000000000000000ffffffffffffffff,"[1, 1.9999999999999999998915797827514, 63]",const char*,eacute,c3a9,t|c3a9|2|1|1,true,true
P7_11_5_5_17,__int128,u64max,0000000000000000ffffffffffffffff,"[1, 1.9999999999999999998915797827514, 63]",const char*,escapes,71756f74652022206261636b736c617368205c207461620968657265,t|71756f74652022206261636b736c617368205c207461620968657265|28|28|28,true,true
P7_14_0_0_17,__int128,base_42,0000000000000000000000000000002a,"[1, 1.3125, 5]",T[N] (C array),base,"[1, 2, 3]","c|[1, 1.0, 0],[1, 1.0, 1],[1, 1.5, 1]|integer|as-sorted",true,true
P7_14_0_2_17,__int128,base_42,0000000000000000000000000000002a,"[1, 1.3125, 5]",T[N] (C array),empty,[],c||empty|as-sorted,true,true
P7_14_0_4_17,__int128,base_42,0000000000000000000000000000002a,"[1, 1.3125, 5]",T[N] (C array),strs,"['a', 'b']","c|t|61|1|1|1,t|62|1|1|1|integer|as-sorted",true,true
P7_14_1_0_17,__int128,base_zero,00000000000000000000000000000000,"[1, 0.0, 0]",T[N] (C array),base,"[1, 2, 3]","c|[1, 1.0, 0],[1, 1.0, 1],[1, 1.5, 1]|integer|as-sorted",true,true
P7_14_1_2_17,__int128,base_zero,00000000000000000000000000000000,"[1, 0.0, 0]",T[N] (C array),empty,[],c||empty|as-sorted,true,true
P7_14_1_4_17,__int128,base_zero,00000000000000000000000000000000,"[1, 0.0, 0]",T[N] (C array),strs,"['a', 'b']","c|t|61|1|1|1,t|62|1|1|1|integer|as-sorted",true,true
P7_14_2_0_17,__int128,i64max,00000000000000007fffffffffffffff,"[1, 1.9999999999999999997831595655029, 62]",T[N] (C array),base,"[1, 2, 3]","c|[1, 1.0, 0],[1, 1.0, 1],[1, 1.5, 1]|integer|as-sorted",true,true
P7_14_2_2_17,__int128,i64max,00000000000000007fffffffffffffff,"[1, 1.9999999999999999997831595655029, 62]",T[N] (C array),empty,[],c||empty|as-sorted,true,true
P7_14_2_4_17,__int128,i64max,00000000000000007fffffffffffffff,"[1, 1.9999999999999999997831595655029, 62]",T[N] (C array),strs,"['a', 'b']","c|t|61|1|1|1,t|62|1|1|1|integer|as-sorted",true,true
P7_14_3_0_17,__int128,i64max_plus1,00000000000000008000000000000000,"[1, 1.0, 63]",T[N] (C array),base,"[1, 2, 3]","c|[1, 1.0, 0],[1, 1.0, 1],[1, 1.5, 1]|integer|as-sorted",true,true
P7_14_3_2_17,__int128,i64max_plus1,00000000000000008000000000000000,"[1, 1.0, 63]",T[N] (C array),empty,[],c||empty|as-sorted,true,true
P7_14_3_4_17,__int128,i64max_plus1,00000000000000008000000000000000,"[1, 1.0, 63]",T[N] (C array),strs,"['a', 'b']","c|t|61|1|1|1,t|62|1|1|1|integer|as-sorted",true,true
P7_14_4_0_17,__int128,p53_plus1,00000000000000000020000000000001,"[1, 1.0000000000000001110223024625157, 53]",T[N] (C array),base,"[1, 2, 3]","c|[1, 1.0, 0],[1, 1.0, 1],[1, 1.5, 1]|integer|as-sorted",true,true
P7_14_4_2_17,__int128,p53_plus1,00000000000000000020000000000001,"[1, 1.0000000000000001110223024625157, 53]",T[N] (C array),empty,[],c||empty|as-sorted,true,true
P7_14_4_4_17,__int128,p53_plus1,00000000000000000020000000000001,"[1, 1.0000000000000001110223024625157, 53]",T[N] (C array),strs,"['a', 'b']","c|t|61|1|1|1,t|62|1|1|1|integer|as-sorted",true,true
P7_14_5_0_17,__int128,u64max,0000000000000000ffffffffffffffff,"[1, 1.9999999999999999998915797827514, 63]",T[N] (C array),base,"[1, 2, 3]","c|[1, 1.0, 0],[1, 1.0, 1],[1, 1.5, 1]|integer|as-sorted",true,true
P7_14_5_2_17,__int128,u64max,0000000000000000ffffffffffffffff,"[1, 1.9999999999999999998915797827514, 63]",T[N] (C array),empty,[],c||empty|as-sorted,true,true
P7_14_5_4_17,__int128,u64max,0000000000000000ffffffffffffffff,"[1, 1.9999999999999999998915797827514, 63]",T[N] (C array),strs,"['a', 'b']","c|t|61|1|1|1,t|62|1|1|1|integer|as-sorted",true,true
P8_1_0_0_17,double,base_1_5,3ff8000000000000,"[1, 1.5, 0]",std::nullptr_t,null,null,null,true,true
P8_1_1_0_17,double,base_pi,400921fb54442d18,"[1, 1.5707963267948965579989817342721, 1]",std::nullptr_t,null,null,null,true,true
P8_1_2_0_17,double,inf,7ff0000000000000,"[1, inf]",std::nullptr_t,null,null,null,true,true
P8_1_3_0_17,double,nan,7ff8000000000000,nan,std::nullptr_t,null,null,null,true,true
P8_1_4_0_17,double,negzero,8000000000000000,"[-1, 0.0, 0]",std::nullptr_t,null,null,null,false,false
P8_1_5_0_17,double,point1,3fb999999999999a,"[1, 1.6000000000000000888178419700125, -4]",std::nullptr_t,null,null,null,true,true
P8_2_0_0_17,double,base_1_5,3ff8000000000000,"[1, 1.5, 0]",std::optional<int64_t>,null,null,null,true,true
P8_2_1_0_17,double,base_pi,400921fb54442d18,"[1, 1.5707963267948965579989817342721, 1]",std::optional<int64_t>,null,null,null,true,true
P8_2_2_0_17,double,inf,7ff0000000000000,"[1, inf]",std::optional<int64_t>,null,null,null,true,true
P8_2_3_0_17,double,nan,7ff8000000000000,nan,std::optional<int64_t>,null,null,null,true,true
P8_2_4_0_17,double,negzero,8000000000000000,"[-1, 0.0, 0]",std::optional<int64_t>,null,null,null,false,false
P8_2_5_0_17,double,point1,3fb999999999999a,"[1, 1.6000000000000000888178419700125, -4]",std::optional<int64_t>,null,null,null,true,true
P8_3_0_0_17,double,base_1_5,3ff8000000000000,"[1, 1.5, 0]",bool,false,false,false,true,true
P8_3_0_1_17,double,base_1_5,3ff8000000000000,"[1, 1.5, 0]",bool,true,true,true,true,true
P8_3_1_0_17,double,base_pi,400921fb54442d18,"[1, 1.5707963267948965579989817342721, 1]",bool,false,false,false,true,true
P8_3_1_1_17,double,base_pi,400921fb54442d18,"[1, 1.5707963267948965579989817342721, 1]",bool,true,true,true,true,true
P8_3_2_0_17,double,inf,7ff0000000000000,"[1, inf]",bool,false,false,false,true,true
P8_3_2_1_17,double,inf,7ff0000000000000,"[1, inf]",bool,true,true,true,true,true
P8_3_3_0_17,double,nan,7ff8000000000000,nan,bool,false,false,false,true,true
P8_3_3_1_17,double,nan,7ff8000000000000,nan,bool,true,true,true,true,true
P8_3_4_0_17,double,negzero,8000000000000000,"[-1, 0.0, 0]",bool,false,false,false,false,false
P8_3_4_1_17,double,negzero,8000000000000000,"[-1, 0.0, 0]",bool,true,true,true,true,true
P8_3_5_0_17,double,point1,3fb999999999999a,"[1, 1.6000000000000000888178419700125, -4]",bool,false,false,false,true,true
P8_3_5_1_17,double,point1,3fb999999999999a,"[1, 1.6000000000000000888178419700125, -4]",bool,true,true,true,true,true
P8_4_0_0_17,double,base_1_5,3ff8000000000000,"[1, 1.5, 0]",int32_t,base_42,0000002a,"[1, 1.3125, 5]",true,true
P8_4_0_1_17,double,base_1_5,3ff8000000000000,"[1, 1.5, 0]",int32_t,base_zero,00000000,"[1, 0.0, 0]",true,true
P8_4_0_2_17,double,base_1_5,3ff8000000000000,"[1, 1.5, 0]",int32_t,i64max,ffffffff,"[-1, 1.0, 0]",true,true
P8_4_0_3_17,double,base_1_5,3ff8000000000000,"[1, 1.5, 0]",int32_t,i64max_plus1,00000000,"[1, 0.0, 0]",true,true
P8_4_0_4_17,double,base_1_5,3ff8000000000000,"[1, 1.5, 0]",int32_t,p53_plus1,00000001,"[1, 1.0, 0]",true,true
P8_4_0_5_17,double,base_1_5,3ff8000000000000,"[1, 1.5, 0]",int32_t,u64max,ffffffff,"[-1, 1.0, 0]",true,true
P8_4_1_0_17,double,base_pi,400921fb54442d18,"[1, 1.5707963267948965579989817342721, 1]",int32_t,base_42,0000002a,"[1, 1.3125, 5]",true,true
P8_4_1_1_17,double,base_pi,400921fb54442d18,"[1, 1.5707963267948965579989817342721, 1]",int32_t,base_zero,00000000,"[1, 0.0, 0]",true,true
P8_4_1_2_17,double,base_pi,400921fb54442d18,"[1, 1.5707963267948965579989817342721, 1]",int32_t,i64max,ffffffff,"[-1, 1.0, 0]",true,true
P8_4_1_3_17,double,base_pi,400921fb54442d18,"[1, 1.5707963267948965579989817342721, 1]",int32_t,i64max_plus1,00000000,"[1, 0.0, 0]",true,true
P8_4_1_4_17,double,base_pi,400921fb54442d18,"[1, 1.5707963267948965579989817342721, 1]",int32_t,p53_plus1,00000001,"[1, 1.0, 0]",true,true
P8_4_1_5_17,double,base_pi,400921fb54442d18,"[1, 1.5707963267948965579989817342721, 1]",int32_t,u64max,ffffffff,"[-1, 1.0, 0]",true,true
P8_4_2_0_17,double,inf,7ff0000000000000,"[1, inf]",int32_t,base_42,0000002a,"[1, 1.3125, 5]",true,true
P8_4_2_1_17,double,inf,7ff0000000000000,"[1, inf]",int32_t,base_zero,00000000,"[1, 0.0, 0]",true,true
P8_4_2_2_17,double,inf,7ff0000000000000,"[1, inf]",int32_t,i64max,ffffffff,"[-1, 1.0, 0]",true,true
P8_4_2_3_17,double,inf,7ff0000000000000,"[1, inf]",int32_t,i64max_plus1,00000000,"[1, 0.0, 0]",true,true
P8_4_2_4_17,double,inf,7ff0000000000000,"[1, inf]",int32_t,p53_plus1,00000001,"[1, 1.0, 0]",true,true
P8_4_2_5_17,double,inf,7ff0000000000000,"[1, inf]",int32_t,u64max,ffffffff,"[-1, 1.0, 0]",true,true
P8_4_3_0_17,double,nan,7ff8000000000000,nan,int32_t,base_42,0000002a,"[1, 1.3125, 5]",true,true
P8_4_3_1_17,double,nan,7ff8000000000000,nan,int32_t,base_zero,00000000,"[1, 0.0, 0]",true,true
P8_4_3_2_17,double,nan,7ff8000000000000,nan,int32_t,i64max,ffffffff,"[-1, 1.0, 0]",true,true
P8_4_3_3_17,double,nan,7ff8000000000000,nan,int32_t,i64max_plus1,00000000,"[1, 0.0, 0]",true,true
P8_4_3_4_17,double,nan,7ff8000000000000,nan,int32_t,p53_plus1,00000001,"[1, 1.0, 0]",true,true
P8_4_3_5_17,double,nan,7ff8000000000000,nan,int32_t,u64max,ffffffff,"[-1, 1.0, 0]",true,true
P8_4_4_0_17,double,negzero,8000000000000000,"[-1, 0.0, 0]",int32_t,base_42,0000002a,"[1, 1.3125, 5]",true,true
P8_4_4_1_17,double,negzero,8000000000000000,"[-1, 0.0, 0]",int32_t,base_zero,00000000,"[1, 0.0, 0]",false,false
P8_4_4_2_17,double,negzero,8000000000000000,"[-1, 0.0, 0]",int32_t,i64max,ffffffff,"[-1, 1.0, 0]",true,true
P8_4_4_3_17,double,negzero,8000000000000000,"[-1, 0.0, 0]",int32_t,i64max_plus1,00000000,"[1, 0.0, 0]",false,false
P8_4_4_4_17,double,negzero,8000000000000000,"[-1, 0.0, 0]",int32_t,p53_plus1,00000001,"[1, 1.0, 0]",true,true
P8_4_4_5_17,double,negzero,8000000000000000,"[-1, 0.0, 0]",int32_t,u64max,ffffffff,"[-1, 1.0, 0]",true,true
P8_4_5_0_17,double,point1,3fb999999999999a,"[1, 1.6000000000000000888178419700125, -4]",int32_t,base_42,0000002a,"[1, 1.3125, 5]",true,true
P8_4_5_1_17,double,point1,3fb999999999999a,"[1, 1.6000000000000000888178419700125, -4]",int32_t,base_zero,00000000,"[1, 0.0, 0]",true,true
P8_4_5_2_17,double,point1,3fb999999999999a,"[1, 1.6000000000000000888178419700125, -4]",int32_t,i64max,ffffffff,"[-1, 1.0, 0]",true,true
P8_4_5_3_17,double,point1,3fb999999999999a,"[1, 1.6000000000000000888178419700125, -4]",int32_t,i64max_plus1,00000000,"[1, 0.0, 0]",true,true
P8_4_5_4_17,double,point1,3fb999999999999a,"[1, 1.6000000000000000888178419700125, -4]",int32_t,p53_plus1,00000001,"[1, 1.0, 0]",true,true
P8_4_5_5_17,double,point1,3fb999999999999a,"[1, 1.6000000000000000888178419700125, -4]",int32_t,u64max,ffffffff,"[-1, 1.0, 0]",true,true
P8_5_0_0_17,double,base_1_5,3ff8000000000000,"[1, 1.5, 0]",int64_t,base_42,000000000000002a,"[1, 1.3125, 5]",true,true
P8_5_0_1_17,double,base_1_5,3ff8000000000000,"[1, 1.5, 0]",int64_t,base_zero,0000000000000000,"[1, 0.0, 0]",true,true
P8_5_0_2_17,double,base_1_5,3ff8000000000000,"[1, 1.5, 0]",int64_t,i64max,7fffffffffffffff,"[1, 1.9999999999999999997831595655029, 62]",true,true
P8_5_0_3_17,double,base_1_5,3ff8000000000000,"[1, 1.5, 0]",int64_t,i64max_plus1,8000000000000000,"[-1, 1.0, 63]",true,true
P8_5_0_4_17,double,base_1_5,3ff8000000000000,"[1, 1.5, 0]",int64_t,p53_plus1,0020000000000001,"[1, 1.0000000000000001110223024625157, 53]",true,true
P8_5_0_5_17,double,base_1_5,3ff8000000000000,"[1, 1.5, 0]",int64_t,u64max,ffffffffffffffff,"[-1, 1.0, 0]",true,true
P8_5_1_0_17,double,base_pi,400921fb54442d18,"[1, 1.5707963267948965579989817342721, 1]",int64_t,base_42,000000000000002a,"[1, 1.3125, 5]",true,true
P8_5_1_1_17,double,base_pi,400921fb54442d18,"[1, 1.5707963267948965579989817342721, 1]",int64_t,base_zero,0000000000000000,"[1, 0.0, 0]",true,true
P8_5_1_2_17,double,base_pi,400921fb54442d18,"[1, 1.5707963267948965579989817342721, 1]",int64_t,i64max,7fffffffffffffff,"[1, 1.9999999999999999997831595655029, 62]",true,true
P8_5_1_3_17,double,base_pi,400921fb54442d18,"[1, 1.5707963267948965579989817342721, 1]",int64_t,i64max_plus1,8000000000000000,"[-1, 1.0, 63]",true,true
P8_5_1_4_17,double,base_pi,400921fb54442d18,"[1, 1.5707963267948965579989817342721, 1]",int64_t,p53_plus1,0020000000000001,"[1, 1.0000000000000001110223024625157, 53]",true,true
P8_5_1_5_17,double,base_pi,400921fb54442d18,"[1, 1.5707963267948965579989817342721, 1]",int64_t,u64max,ffffffffffffffff,"[-1, 1.0, 0]",true,true
P8_5_2_0_17,double,inf,7ff0000000000000,"[1, inf]",int64_t,base_42,000000000000002a,"[1, 1.3125, 5]",true,true
P8_5_2_1_17,double,inf,7ff0000000000000,"[1, inf]",int64_t,base_zero,0000000000000000,"[1, 0.0, 0]",true,true
P8_5_2_2_17,double,inf,7ff0000000000000,"[1, inf]",int64_t,i64max,7fffffffffffffff,"[1, 1.9999999999999999997831595655029, 62]",true,true
P8_5_2_3_17,double,inf,7ff0000000000000,"[1, inf]",int64_t,i64max_plus1,8000000000000000,"[-1, 1.0, 63]",true,true
P8_5_2_4_17,double,inf,7ff0000000000000,"[1, inf]",int64_t,p53_plus1,0020000000000001,"[1, 1.0000000000000001110223024625157, 53]",true,true
P8_5_2_5_17,double,inf,7ff0000000000000,"[1, inf]",int64_t,u64max,ffffffffffffffff,"[-1, 1.0, 0]",true,true
P8_5_3_0_17,double,nan,7ff8000000000000,nan,int64_t,base_42,000000000000002a,"[1, 1.3125, 5]",true,true
P8_5_3_1_17,double,nan,7ff8000000000000,nan,int64_t,base_zero,0000000000000000,"[1, 0.0, 0]",true,true
P8_5_3_2_17,double,nan,7ff8000000000000,nan,int64_t,i64max,7fffffffffffffff,"[1, 1.9999999999999999997831595655029, 62]",true,true
P8_5_3_3_17,double,nan,7ff8000000000000,nan,int64_t,i64max_plus1,8000000000000000,"[-1, 1.0, 63]",true,true
P8_5_3_4_17,double,nan,7ff8000000000000,nan,int64_t,p53_plus1,0020000000000001,"[1, 1.0000000000000001110223024625157, 53]",true,true
P8_5_3_5_17,double,nan,7ff8000000000000,nan,int64_t,u64max,ffffffffffffffff,"[-1, 1.0, 0]",true,true
P8_5_4_0_17,double,negzero,8000000000000000,"[-1, 0.0, 0]",int64_t,base_42,000000000000002a,"[1, 1.3125, 5]",true,true
P8_5_4_1_17,double,negzero,8000000000000000,"[-1, 0.0, 0]",int64_t,base_zero,0000000000000000,"[1, 0.0, 0]",false,false
P8_5_4_2_17,double,negzero,8000000000000000,"[-1, 0.0, 0]",int64_t,i64max,7fffffffffffffff,"[1, 1.9999999999999999997831595655029, 62]",true,true
P8_5_4_3_17,double,negzero,8000000000000000,"[-1, 0.0, 0]",int64_t,i64max_plus1,8000000000000000,"[-1, 1.0, 63]",true,true
P8_5_4_4_17,double,negzero,8000000000000000,"[-1, 0.0, 0]",int64_t,p53_plus1,0020000000000001,"[1, 1.0000000000000001110223024625157, 53]",true,true
P8_5_4_5_17,double,negzero,8000000000000000,"[-1, 0.0, 0]",int64_t,u64max,ffffffffffffffff,"[-1, 1.0, 0]",true,true
P8_5_5_0_17,double,point1,3fb999999999999a,"[1, 1.6000000000000000888178419700125, -4]",int64_t,base_42,000000000000002a,"[1, 1.3125, 5]",true,true
P8_5_5_1_17,double,point1,3fb999999999999a,"[1, 1.6000000000000000888178419700125, -4]",int64_t,base_zero,0000000000000000,"[1, 0.0, 0]",true,true
P8_5_5_2_17,double,point1,3fb999999999999a,"[1, 1.6000000000000000888178419700125, -4]",int64_t,i64max,7fffffffffffffff,"[1, 1.9999999999999999997831595655029, 62]",true,true
P8_5_5_3_17,double,point1,3fb999999999999a,"[1, 1.6000000000000000888178419700125, -4]",int64_t,i64max_plus1,8000000000000000,"[-1, 1.0, 63]",true,true
P8_5_5_4_17,double,point1,3fb999999999999a,"[1, 1.6000000000000000888178419700125, -4]",int64_t,p53_plus1,0020000000000001,"[1, 1.0000000000000001110223024625157, 53]",true,true
P8_5_5_5_17,double,point1,3fb999999999999a,"[1, 1.6000000000000000888178419700125, -4]",int64_t,u64max,ffffffffffffffff,"[-1, 1.0, 0]",true,true
P8_6_0_0_17,double,base_1_5,3ff8000000000000,"[1, 1.5, 0]",uint64_t,base_42,000000000000002a,"[1, 1.3125, 5]",true,true
P8_6_0_1_17,double,base_1_5,3ff8000000000000,"[1, 1.5, 0]",uint64_t,base_zero,0000000000000000,"[1, 0.0, 0]",true,true
P8_6_0_2_17,double,base_1_5,3ff8000000000000,"[1, 1.5, 0]",uint64_t,i64max,7fffffffffffffff,"[1, 1.9999999999999999997831595655029, 62]",true,true
P8_6_0_3_17,double,base_1_5,3ff8000000000000,"[1, 1.5, 0]",uint64_t,i64max_plus1,8000000000000000,"[1, 1.0, 63]",true,true
P8_6_0_4_17,double,base_1_5,3ff8000000000000,"[1, 1.5, 0]",uint64_t,p53_plus1,0020000000000001,"[1, 1.0000000000000001110223024625157, 53]",true,true
P8_6_0_5_17,double,base_1_5,3ff8000000000000,"[1, 1.5, 0]",uint64_t,u64max,ffffffffffffffff,"[1, 1.9999999999999999998915797827514, 63]",true,true
P8_6_1_0_17,double,base_pi,400921fb54442d18,"[1, 1.5707963267948965579989817342721, 1]",uint64_t,base_42,000000000000002a,"[1, 1.3125, 5]",true,true
P8_6_1_1_17,double,base_pi,400921fb54442d18,"[1, 1.5707963267948965579989817342721, 1]",uint64_t,base_zero,0000000000000000,"[1, 0.0, 0]",true,true
P8_6_1_2_17,double,base_pi,400921fb54442d18,"[1, 1.5707963267948965579989817342721, 1]",uint64_t,i64max,7fffffffffffffff,"[1, 1.9999999999999999997831595655029, 62]",true,true
P8_6_1_3_17,double,base_pi,400921fb54442d18,"[1, 1.5707963267948965579989817342721, 1]",uint64_t,i64max_plus1,8000000000000000,"[1, 1.0, 63]",true,true
P8_6_1_4_17,double,base_pi,400921fb54442d18,"[1, 1.5707963267948965579989817342721, 1]",uint64_t,p53_plus1,0020000000000001,"[1, 1.0000000000000001110223024625157, 53]",true,true
P8_6_1_5_17,double,base_pi,400921fb54442d18,"[1, 1.5707963267948965579989817342721, 1]",uint64_t,u64max,ffffffffffffffff,"[1, 1.9999999999999999998915797827514, 63]",true,true
P8_6_2_0_17,double,inf,7ff0000000000000,"[1, inf]",uint64_t,base_42,000000000000002a,"[1, 1.3125, 5]",true,true
P8_6_2_1_17,double,inf,7ff0000000000000,"[1, inf]",uint64_t,base_zero,0000000000000000,"[1, 0.0, 0]",true,true
P8_6_2_2_17,double,inf,7ff0000000000000,"[1, inf]",uint64_t,i64max,7fffffffffffffff,"[1, 1.9999999999999999997831595655029, 62]",true,true
P8_6_2_3_17,double,inf,7ff0000000000000,"[1, inf]",uint64_t,i64max_plus1,8000000000000000,"[1, 1.0, 63]",true,true
P8_6_2_4_17,double,inf,7ff0000000000000,"[1, inf]",uint64_t,p53_plus1,0020000000000001,"[1, 1.0000000000000001110223024625157, 53]",true,true
P8_6_2_5_17,double,inf,7ff0000000000000,"[1, inf]",uint64_t,u64max,ffffffffffffffff,"[1, 1.9999999999999999998915797827514, 63]",true,true
P8_6_3_0_17,double,nan,7ff8000000000000,nan,uint64_t,base_42,000000000000002a,"[1, 1.3125, 5]",true,true
P8_6_3_1_17,double,nan,7ff8000000000000,nan,uint64_t,base_zero,0000000000000000,"[1, 0.0, 0]",true,true
P8_6_3_2_17,double,nan,7ff8000000000000,nan,uint64_t,i64max,7fffffffffffffff,"[1, 1.9999999999999999997831595655029, 62]",true,true
P8_6_3_3_17,double,nan,7ff8000000000000,nan,uint64_t,i64max_plus1,8000000000000000,"[1, 1.0, 63]",true,true
P8_6_3_4_17,double,nan,7ff8000000000000,nan,uint64_t,p53_plus1,0020000000000001,"[1, 1.0000000000000001110223024625157, 53]",true,true
P8_6_3_5_17,double,nan,7ff8000000000000,nan,uint64_t,u64max,ffffffffffffffff,"[1, 1.9999999999999999998915797827514, 63]",true,true
P8_6_4_0_17,double,negzero,8000000000000000,"[-1, 0.0, 0]",uint64_t,base_42,000000000000002a,"[1, 1.3125, 5]",true,true
P8_6_4_1_17,double,negzero,8000000000000000,"[-1, 0.0, 0]",uint64_t,base_zero,0000000000000000,"[1, 0.0, 0]",false,false
P8_6_4_2_17,double,negzero,8000000000000000,"[-1, 0.0, 0]",uint64_t,i64max,7fffffffffffffff,"[1, 1.9999999999999999997831595655029, 62]",true,true
P8_6_4_3_17,double,negzero,8000000000000000,"[-1, 0.0, 0]",uint64_t,i64max_plus1,8000000000000000,"[1, 1.0, 63]",true,true
P8_6_4_4_17,double,negzero,8000000000000000,"[-1, 0.0, 0]",uint64_t,p53_plus1,0020000000000001,"[1, 1.0000000000000001110223024625157, 53]",true,true
P8_6_4_5_17,double,negzero,8000000000000000,"[-1, 0.0, 0]",uint64_t,u64max,ffffffffffffffff,"[1, 1.9999999999999999998915797827514, 63]",true,true
P8_6_5_0_17,double,point1,3fb999999999999a,"[1, 1.6000000000000000888178419700125, -4]",uint64_t,base_42,000000000000002a,"[1, 1.3125, 5]",true,true
P8_6_5_1_17,double,point1,3fb999999999999a,"[1, 1.6000000000000000888178419700125, -4]",uint64_t,base_zero,0000000000000000,"[1, 0.0, 0]",true,true
P8_6_5_2_17,double,point1,3fb999999999999a,"[1, 1.6000000000000000888178419700125, -4]",uint64_t,i64max,7fffffffffffffff,"[1, 1.9999999999999999997831595655029, 62]",true,true
P8_6_5_3_17,double,point1,3fb999999999999a,"[1, 1.6000000000000000888178419700125, -4]",uint64_t,i64max_plus1,8000000000000000,"[1, 1.0, 63]",true,true
P8_6_5_4_17,double,point1,3fb999999999999a,"[1, 1.6000000000000000888178419700125, -4]",uint64_t,p53_plus1,0020000000000001,"[1, 1.0000000000000001110223024625157, 53]",true,true
P8_6_5_5_17,double,point1,3fb999999999999a,"[1, 1.6000000000000000888178419700125, -4]",uint64_t,u64max,ffffffffffffffff,"[1, 1.9999999999999999998915797827514, 63]",true,true
P8_7_0_0_17,double,base_1_5,3ff8000000000000,"[1, 1.5, 0]",__int128,base_42,0000000000000000000000000000002a,"[1, 1.3125, 5]",true,true
P8_7_0_1_17,double,base_1_5,3ff8000000000000,"[1, 1.5, 0]",__int128,base_zero,00000000000000000000000000000000,"[1, 0.0, 0]",true,true
P8_7_0_2_17,double,base_1_5,3ff8000000000000,"[1, 1.5, 0]",__int128,i64max,00000000000000007fffffffffffffff,"[1, 1.9999999999999999997831595655029, 62]",true,true
P8_7_0_3_17,double,base_1_5,3ff8000000000000,"[1, 1.5, 0]",__int128,i64max_plus1,00000000000000008000000000000000,"[1, 1.0, 63]",true,true
P8_7_0_4_17,double,base_1_5,3ff8000000000000,"[1, 1.5, 0]",__int128,p53_plus1,00000000000000000020000000000001,"[1, 1.0000000000000001110223024625157, 53]",true,true
P8_7_0_5_17,double,base_1_5,3ff8000000000000,"[1, 1.5, 0]",__int128,u64max,0000000000000000ffffffffffffffff,"[1, 1.9999999999999999998915797827514, 63]",true,true
P8_7_1_0_17,double,base_pi,400921fb54442d18,"[1, 1.5707963267948965579989817342721, 1]",__int128,base_42,0000000000000000000000000000002a,"[1, 1.3125, 5]",true,true
P8_7_1_1_17,double,base_pi,400921fb54442d18,"[1, 1.5707963267948965579989817342721, 1]",__int128,base_zero,00000000000000000000000000000000,"[1, 0.0, 0]",true,true
P8_7_1_2_17,double,base_pi,400921fb54442d18,"[1, 1.5707963267948965579989817342721, 1]",__int128,i64max,00000000000000007fffffffffffffff,"[1, 1.9999999999999999997831595655029, 62]",true,true
P8_7_1_3_17,double,base_pi,400921fb54442d18,"[1, 1.5707963267948965579989817342721, 1]",__int128,i64max_plus1,00000000000000008000000000000000,"[1, 1.0, 63]",true,true
P8_7_1_4_17,double,base_pi,400921fb54442d18,"[1, 1.5707963267948965579989817342721, 1]",__int128,p53_plus1,00000000000000000020000000000001,"[1, 1.0000000000000001110223024625157, 53]",true,true
P8_7_1_5_17,double,base_pi,400921fb54442d18,"[1, 1.5707963267948965579989817342721, 1]",__int128,u64max,0000000000000000ffffffffffffffff,"[1, 1.9999999999999999998915797827514, 63]",true,true
P8_7_2_0_17,double,inf,7ff0000000000000,"[1, inf]",__int128,base_42,0000000000000000000000000000002a,"[1, 1.3125, 5]",true,true
P8_7_2_1_17,double,inf,7ff0000000000000,"[1, inf]",__int128,base_zero,00000000000000000000000000000000,"[1, 0.0, 0]",true,true
P8_7_2_2_17,double,inf,7ff0000000000000,"[1, inf]",__int128,i64max,00000000000000007fffffffffffffff,"[1, 1.9999999999999999997831595655029, 62]",true,true
P8_7_2_3_17,double,inf,7ff0000000000000,"[1, inf]",__int128,i64max_plus1,00000000000000008000000000000000,"[1, 1.0, 63]",true,true
P8_7_2_4_17,double,inf,7ff0000000000000,"[1, inf]",__int128,p53_plus1,00000000000000000020000000000001,"[1, 1.0000000000000001110223024625157, 53]",true,true
P8_7_2_5_17,double,inf,7ff0000000000000,"[1, inf]",__int128,u64max,0000000000000000ffffffffffffffff,"[1, 1.9999999999999999998915797827514, 63]",true,true
P8_7_3_0_17,double,nan,7ff8000000000000,nan,__int128,base_42,0000000000000000000000000000002a,"[1, 1.3125, 5]",true,true
P8_7_3_1_17,double,nan,7ff8000000000000,nan,__int128,base_zero,00000000000000000000000000000000,"[1, 0.0, 0]",true,true
P8_7_3_2_17,double,nan,7ff8000000000000,nan,__int128,i64max,00000000000000007fffffffffffffff,"[1, 1.9999999999999999997831595655029, 62]",true,true
P8_7_3_3_17,double,nan,7ff8000000000000,nan,__int128,i64max_plus1,00000000000000008000000000000000,"[1, 1.0, 63]",true,true
P8_7_3_4_17,double,nan,7ff8000000000000,nan,__int128,p53_plus1,00000000000000000020000000000001,"[1, 1.0000000000000001110223024625157, 53]",true,true
P8_7_3_5_17,double,nan,7ff8000000000000,nan,__int128,u64max,0000000000000000ffffffffffffffff,"[1, 1.9999999999999999998915797827514, 63]",true,true
P8_7_4_0_17,double,negzero,8000000000000000,"[-1, 0.0, 0]",__int128,base_42,0000000000000000000000000000002a,"[1, 1.3125, 5]",true,true
P8_7_4_1_17,double,negzero,8000000000000000,"[-1, 0.0, 0]",__int128,base_zero,00000000000000000000000000000000,"[1, 0.0, 0]",false,false
P8_7_4_2_17,double,negzero,8000000000000000,"[-1, 0.0, 0]",__int128,i64max,00000000000000007fffffffffffffff,"[1, 1.9999999999999999997831595655029, 62]",true,true
P8_7_4_3_17,double,negzero,8000000000000000,"[-1, 0.0, 0]",__int128,i64max_plus1,00000000000000008000000000000000,"[1, 1.0, 63]",true,true
P8_7_4_4_17,double,negzero,8000000000000000,"[-1, 0.0, 0]",__int128,p53_plus1,00000000000000000020000000000001,"[1, 1.0000000000000001110223024625157, 53]",true,true
P8_7_4_5_17,double,negzero,8000000000000000,"[-1, 0.0, 0]",__int128,u64max,0000000000000000ffffffffffffffff,"[1, 1.9999999999999999998915797827514, 63]",true,true
P8_7_5_0_17,double,point1,3fb999999999999a,"[1, 1.6000000000000000888178419700125, -4]",__int128,base_42,0000000000000000000000000000002a,"[1, 1.3125, 5]",true,true
P8_7_5_1_17,double,point1,3fb999999999999a,"[1, 1.6000000000000000888178419700125, -4]",__int128,base_zero,00000000000000000000000000000000,"[1, 0.0, 0]",true,true
P8_7_5_2_17,double,point1,3fb999999999999a,"[1, 1.6000000000000000888178419700125, -4]",__int128,i64max,00000000000000007fffffffffffffff,"[1, 1.9999999999999999997831595655029, 62]",true,true
P8_7_5_3_17,double,point1,3fb999999999999a,"[1, 1.6000000000000000888178419700125, -4]",__int128,i64max_plus1,00000000000000008000000000000000,"[1, 1.0, 63]",true,true
P8_7_5_4_17,double,point1,3fb999999999999a,"[1, 1.6000000000000000888178419700125, -4]",__int128,p53_plus1,00000000000000000020000000000001,"[1, 1.0000000000000001110223024625157, 53]",true,true
P8_7_5_5_17,double,point1,3fb999999999999a,"[1, 1.6000000000000000888178419700125, -4]",__int128,u64max,0000000000000000ffffffffffffffff,"[1, 1.9999999999999999998915797827514, 63]",true,true
P8_8_0_0_17,double,base_1_5,3ff8000000000000,"[1, 1.5, 0]",double,base_1_5,3ff8000000000000,"[1, 1.5, 0]",true,true
P8_8_0_1_17,double,base_1_5,3ff8000000000000,"[1, 1.5, 0]",double,base_pi,400921fb54442d18,"[1, 1.5707963267948965579989817342721, 1]",true,true
P8_8_0_2_17,double,base_1_5,3ff8000000000000,"[1, 1.5, 0]",double,inf,7ff0000000000000,"[1, inf]",true,true
P8_8_0_3_17,double,base_1_5,3ff8000000000000,"[1, 1.5, 0]",double,nan,7ff8000000000000,nan,true,true
P8_8_0_4_17,double,base_1_5,3ff8000000000000,"[1, 1.5, 0]",double,negzero,8000000000000000,"[-1, 0.0, 0]",true,true
P8_8_0_5_17,double,base_1_5,3ff8000000000000,"[1, 1.5, 0]",double,point1,3fb999999999999a,"[1, 1.6000000000000000888178419700125, -4]",true,true
P8_8_1_0_17,double,base_pi,400921fb54442d18,"[1, 1.5707963267948965579989817342721, 1]",double,base_1_5,3ff8000000000000,"[1, 1.5, 0]",true,true
P8_8_1_1_17,double,base_pi,400921fb54442d18,"[1, 1.5707963267948965579989817342721, 1]",double,base_pi,400921fb54442d18,"[1, 1.5707963267948965579989817342721, 1]",true,true
P8_8_1_2_17,double,base_pi,400921fb54442d18,"[1, 1.5707963267948965579989817342721, 1]",double,inf,7ff0000000000000,"[1, inf]",true,true
P8_8_1_3_17,double,base_pi,400921fb54442d18,"[1, 1.5707963267948965579989817342721, 1]",double,nan,7ff8000000000000,nan,true,true
P8_8_1_4_17,double,base_pi,400921fb54442d18,"[1, 1.5707963267948965579989817342721, 1]",double,negzero,8000000000000000,"[-1, 0.0, 0]",true,true
P8_8_1_5_17,double,base_pi,400921fb54442d18,"[1, 1.5707963267948965579989817342721, 1]",double,point1,3fb999999999999a,"[1, 1.6000000000000000888178419700125, -4]",true,true
P8_8_2_0_17,double,inf,7ff0000000000000,"[1, inf]",double,base_1_5,3ff8000000000000,"[1, 1.5, 0]",true,true
P8_8_2_1_17,double,inf,7ff0000000000000,"[1, inf]",double,base_pi,400921fb54442d18,"[1, 1.5707963267948965579989817342721, 1]",true,true
P8_8_2_2_17,double,inf,7ff0000000000000,"[1, inf]",double,inf,7ff0000000000000,"[1, inf]",true,true
P8_8_2_3_17,double,inf,7ff0000000000000,"[1, inf]",double,nan,7ff8000000000000,nan,true,true
P8_8_2_4_17,double,inf,7ff0000000000000,"[1, inf]",double,negzero,8000000000000000,"[-1, 0.0, 0]",true,true
P8_8_2_5_17,double,inf,7ff0000000000000,"[1, inf]",double,point1,3fb999999999999a,"[1, 1.6000000000000000888178419700125, -4]",true,true
P8_8_3_0_17,double,nan,7ff8000000000000,nan,double,base_1_5,3ff8000000000000,"[1, 1.5, 0]",true,true
P8_8_3_1_17,double,nan,7ff8000000000000,nan,double,base_pi,400921fb54442d18,"[1, 1.5707963267948965579989817342721, 1]",true,true
P8_8_3_2_17,double,nan,7ff8000000000000,nan,double,inf,7ff0000000000000,"[1, inf]",true,true
P8_8_3_3_17,double,nan,7ff8000000000000,nan,double,nan,7ff8000000000000,nan,true,true
P8_8_3_4_17,double,nan,7ff8000000000000,nan,double,negzero,8000000000000000,"[-1, 0.0, 0]",true,true
P8_8_3_5_17,double,nan,7ff8000000000000,nan,double,point1,3fb999999999999a,"[1, 1.6000000000000000888178419700125, -4]",true,true
P8_8_4_0_17,double,negzero,8000000000000000,"[-1, 0.0, 0]",double,base_1_5,3ff8000000000000,"[1, 1.5, 0]",true,true
P8_8_4_1_17,double,negzero,8000000000000000,"[-1, 0.0, 0]",double,base_pi,400921fb54442d18,"[1, 1.5707963267948965579989817342721, 1]",true,true
P8_8_4_2_17,double,negzero,8000000000000000,"[-1, 0.0, 0]",double,inf,7ff0000000000000,"[1, inf]",true,true
P8_8_4_3_17,double,negzero,8000000000000000,"[-1, 0.0, 0]",double,nan,7ff8000000000000,nan,true,true
P8_8_4_4_17,double,negzero,8000000000000000,"[-1, 0.0, 0]",double,negzero,8000000000000000,"[-1, 0.0, 0]",false,false
P8_8_4_5_17,double,negzero,8000000000000000,"[-1, 0.0, 0]",double,point1,3fb999999999999a,"[1, 1.6000000000000000888178419700125, -4]",true,true
P8_8_5_0_17,double,point1,3fb999999999999a,"[1, 1.6000000000000000888178419700125, -4]",double,base_1_5,3ff8000000000000,"[1, 1.5, 0]",true,true
P8_8_5_1_17,double,point1,3fb999999999999a,"[1, 1.6000000000000000888178419700125, -4]",double,base_pi,400921fb54442d18,"[1, 1.5707963267948965579989817342721, 1]",true,true
P8_8_5_2_17,double,point1,3fb999999999999a,"[1, 1.6000000000000000888178419700125, -4]",double,inf,7ff0000000000000,"[1, inf]",true,true
P8_8_5_3_17,double,point1,3fb999999999999a,"[1, 1.6000000000000000888178419700125, -4]",double,nan,7ff8000000000000,nan,true,true
P8_8_5_4_17,double,point1,3fb999999999999a,"[1, 1.6000000000000000888178419700125, -4]",double,negzero,8000000000000000,"[-1, 0.0, 0]",true,true
P8_8_5_5_17,double,point1,3fb999999999999a,"[1, 1.6000000000000000888178419700125, -4]",double,point1,3fb999999999999a,"[1, 1.6000000000000000888178419700125, -4]",true,true
P8_9_0_0_17,double,base_1_5,3ff8000000000000,"[1, 1.5, 0]",float,base_1_5,3fc00000,"[1, 1.5, 0]",true,true
P8_9_0_1_17,double,base_1_5,3ff8000000000000,"[1, 1.5, 0]",float,base_pi,40490fdb,"[1, 1.57079637050628662109375, 1]",true,true
P8_9_0_2_17,double,base_1_5,3ff8000000000000,"[1, 1.5, 0]",float,inf,7f800000,"[1, inf]",true,true
P8_9_0_3_17,double,base_1_5,3ff8000000000000,"[1, 1.5, 0]",float,nan,7fc00000,nan,true,true
P8_9_0_4_17,double,base_1_5,3ff8000000000000,"[1, 1.5, 0]",float,negzero,80000000,"[-1, 0.0, 0]",true,true
P8_9_0_5_17,double,base_1_5,3ff8000000000000,"[1, 1.5, 0]",float,point1,3dcccccd,"[1, 1.60000002384185791015625, -4]",true,true
P8_9_1_0_17,double,base_pi,400921fb54442d18,"[1, 1.5707963267948965579989817342721, 1]",float,base_1_5,3fc00000,"[1, 1.5, 0]",true,true
P8_9_1_1_17,double,base_pi,400921fb54442d18,"[1, 1.5707963267948965579989817342721, 1]",float,base_pi,40490fdb,"[1, 1.57079637050628662109375, 1]",true,true
P8_9_1_2_17,double,base_pi,400921fb54442d18,"[1, 1.5707963267948965579989817342721, 1]",float,inf,7f800000,"[1, inf]",true,true
P8_9_1_3_17,double,base_pi,400921fb54442d18,"[1, 1.5707963267948965579989817342721, 1]",float,nan,7fc00000,nan,true,true
P8_9_1_4_17,double,base_pi,400921fb54442d18,"[1, 1.5707963267948965579989817342721, 1]",float,negzero,80000000,"[-1, 0.0, 0]",true,true
P8_9_1_5_17,double,base_pi,400921fb54442d18,"[1, 1.5707963267948965579989817342721, 1]",float,point1,3dcccccd,"[1, 1.60000002384185791015625, -4]",true,true
P8_9_2_0_17,double,inf,7ff0000000000000,"[1, inf]",float,base_1_5,3fc00000,"[1, 1.5, 0]",true,true
P8_9_2_1_17,double,inf,7ff0000000000000,"[1, inf]",float,base_pi,40490fdb,"[1, 1.57079637050628662109375, 1]",true,true
P8_9_2_2_17,double,inf,7ff0000000000000,"[1, inf]",float,inf,7f800000,"[1, inf]",true,true
P8_9_2_3_17,double,inf,7ff0000000000000,"[1, inf]",float,nan,7fc00000,nan,true,true
P8_9_2_4_17,double,inf,7ff0000000000000,"[1, inf]",float,negzero,80000000,"[-1, 0.0, 0]",true,true
P8_9_2_5_17,double,inf,7ff0000000000000,"[1, inf]",float,point1,3dcccccd,"[1, 1.60000002384185791015625, -4]",true,true
P8_9_3_0_17,double,nan,7ff8000000000000,nan,float,base_1_5,3fc00000,"[1, 1.5, 0]",true,true
P8_9_3_1_17,double,nan,7ff8000000000000,nan,float,base_pi,40490fdb,"[1, 1.57079637050628662109375, 1]",true,true
P8_9_3_2_17,double,nan,7ff8000000000000,nan,float,inf,7f800000,"[1, inf]",true,true
P8_9_3_3_17,double,nan,7ff8000000000000,nan,float,nan,7fc00000,nan,true,true
P8_9_3_4_17,double,nan,7ff8000000000000,nan,float,negzero,80000000,"[-1, 0.0, 0]",true,true
P8_9_3_5_17,double,nan,7ff8000000000000,nan,float,point1,3dcccccd,"[1, 1.60000002384185791015625, -4]",true,true
P8_9_4_0_17,double,negzero,8000000000000000,"[-1, 0.0, 0]",float,base_1_5,3fc00000,"[1, 1.5, 0]",true,true
P8_9_4_1_17,double,negzero,8000000000000000,"[-1, 0.0, 0]",float,base_pi,40490fdb,"[1, 1.57079637050628662109375, 1]",true,true
P8_9_4_2_17,double,negzero,8000000000000000,"[-1, 0.0, 0]",float,inf,7f800000,"[1, inf]",true,true
P8_9_4_3_17,double,negzero,8000000000000000,"[-1, 0.0, 0]",float,nan,7fc00000,nan,true,true
P8_9_4_4_17,double,negzero,8000000000000000,"[-1, 0.0, 0]",float,negzero,80000000,"[-1, 0.0, 0]",false,false
P8_9_4_5_17,double,negzero,8000000000000000,"[-1, 0.0, 0]",float,point1,3dcccccd,"[1, 1.60000002384185791015625, -4]",true,true
P8_9_5_0_17,double,point1,3fb999999999999a,"[1, 1.6000000000000000888178419700125, -4]",float,base_1_5,3fc00000,"[1, 1.5, 0]",true,true
P8_9_5_1_17,double,point1,3fb999999999999a,"[1, 1.6000000000000000888178419700125, -4]",float,base_pi,40490fdb,"[1, 1.57079637050628662109375, 1]",true,true
P8_9_5_2_17,double,point1,3fb999999999999a,"[1, 1.6000000000000000888178419700125, -4]",float,inf,7f800000,"[1, inf]",true,true
P8_9_5_3_17,double,point1,3fb999999999999a,"[1, 1.6000000000000000888178419700125, -4]",float,nan,7fc00000,nan,true,true
P8_9_5_4_17,double,point1,3fb999999999999a,"[1, 1.6000000000000000888178419700125, -4]",float,negzero,80000000,"[-1, 0.0, 0]",true,true
P8_9_5_5_17,double,point1,3fb999999999999a,"[1, 1.6000000000000000888178419700125, -4]",float,point1,3dcccccd,"[1, 1.60000002384185791015625, -4]",true,true
P8_11_0_0_17,double,base_1_5,3ff8000000000000,"[1, 1.5, 0]",const char*,base_empty,,t||0|0|0,true,true
P8_11_0_1_17,double,base_1_5,3ff8000000000000,"[1, 1.5, 0]",const char*,base_hello,68656c6c6f,t|68656c6c6f|5|5|5,true,true
P8_11_0_2_17,double,base_1_5,3ff8000000000000,"[1, 1.5, 0]",const char*,base_lines,6c696e65206f6e650a6c696e652074776f,t|6c696e65206f6e650a6c696e652074776f|17|17|17,true,true
P8_11_0_3_17,double,base_1_5,3ff8000000000000,"[1, 1.5, 0]",const char*,clef,f09d849e,t|f09d849e|4|1|1,true,true
P8_11_0_4_17,double,base_1_5,3ff8000000000000,"[1, 1.5, 0]",const char*,eacute,c3a9,t|c3a9|2|1|1,true,true
P8_11_0_5_17,double,base_1_5,3ff8000000000000,"[1, 1.5, 0]",const char*,escapes,71756f74652022206261636b736c617368205c207461620968657265,t|71756f74652022206261636b736c617368205c207461620968657265|28|28|28,true,true
P8_11_1_0_17,double,base_pi,400921fb54442d18,"[1, 1.5707963267948965579989817342721, 1]",const char*,base_empty,,t||0|0|0,true,true
P8_11_1_1_17,double,base_pi,400921fb54442d18,"[1, 1.5707963267948965579989817342721, 1]",const char*,base_hello,68656c6c6f,t|68656c6c6f|5|5|5,true,true
P8_11_1_2_17,double,base_pi,400921fb54442d18,"[1, 1.5707963267948965579989817342721, 1]",const char*,base_lines,6c696e65206f6e650a6c696e652074776f,t|6c696e65206f6e650a6c696e652074776f|17|17|17,true,true
P8_11_1_3_17,double,base_pi,400921fb54442d18,"[1, 1.5707963267948965579989817342721, 1]",const char*,clef,f09d849e,t|f09d849e|4|1|1,true,true
P8_11_1_4_17,double,base_pi,400921fb54442d18,"[1, 1.5707963267948965579989817342721, 1]",const char*,eacute,c3a9,t|c3a9|2|1|1,true,true
P8_11_1_5_17,double,base_pi,400921fb54442d18,"[1, 1.5707963267948965579989817342721, 1]",const char*,escapes,71756f74652022206261636b736c617368205c207461620968657265,t|71756f74652022206261636b736c617368205c207461620968657265|28|28|28,true,true
P8_11_2_0_17,double,inf,7ff0000000000000,"[1, inf]",const char*,base_empty,,t||0|0|0,true,true
P8_11_2_1_17,double,inf,7ff0000000000000,"[1, inf]",const char*,base_hello,68656c6c6f,t|68656c6c6f|5|5|5,true,true
P8_11_2_2_17,double,inf,7ff0000000000000,"[1, inf]",const char*,base_lines,6c696e65206f6e650a6c696e652074776f,t|6c696e65206f6e650a6c696e652074776f|17|17|17,true,true
P8_11_2_3_17,double,inf,7ff0000000000000,"[1, inf]",const char*,clef,f09d849e,t|f09d849e|4|1|1,true,true
P8_11_2_4_17,double,inf,7ff0000000000000,"[1, inf]",const char*,eacute,c3a9,t|c3a9|2|1|1,true,true
P8_11_2_5_17,double,inf,7ff0000000000000,"[1, inf]",const char*,escapes,71756f74652022206261636b736c617368205c207461620968657265,t|71756f74652022206261636b736c617368205c207461620968657265|28|28|28,true,true
P8_11_3_0_17,double,nan,7ff8000000000000,nan,const char*,base_empty,,t||0|0|0,true,true
P8_11_3_1_17,double,nan,7ff8000000000000,nan,const char*,base_hello,68656c6c6f,t|68656c6c6f|5|5|5,true,true
P8_11_3_2_17,double,nan,7ff8000000000000,nan,const char*,base_lines,6c696e65206f6e650a6c696e652074776f,t|6c696e65206f6e650a6c696e652074776f|17|17|17,true,true
P8_11_3_3_17,double,nan,7ff8000000000000,nan,const char*,clef,f09d849e,t|f09d849e|4|1|1,true,true
P8_11_3_4_17,double,nan,7ff8000000000000,nan,const char*,eacute,c3a9,t|c3a9|2|1|1,true,true
P8_11_3_5_17,double,nan,7ff8000000000000,nan,const char*,escapes,71756f74652022206261636b736c617368205c207461620968657265,t|71756f74652022206261636b736c617368205c207461620968657265|28|28|28,true,true
P8_11_4_0_17,double,negzero,8000000000000000,"[-1, 0.0, 0]",const char*,base_empty,,t||0|0|0,true,true
P8_11_4_1_17,double,negzero,8000000000000000,"[-1, 0.0, 0]",const char*,base_hello,68656c6c6f,t|68656c6c6f|5|5|5,true,true
P8_11_4_2_17,double,negzero,8000000000000000,"[-1, 0.0, 0]",const char*,base_lines,6c696e65206f6e650a6c696e652074776f,t|6c696e65206f6e650a6c696e652074776f|17|17|17,true,true
P8_11_4_3_17,double,negzero,8000000000000000,"[-1, 0.0, 0]",const char*,clef,f09d849e,t|f09d849e|4|1|1,true,true
P8_11_4_4_17,double,negzero,8000000000000000,"[-1, 0.0, 0]",const char*,eacute,c3a9,t|c3a9|2|1|1,true,true
P8_11_4_5_17,double,negzero,8000000000000000,"[-1, 0.0, 0]",const char*,escapes,71756f74652022206261636b736c617368205c207461620968657265,t|71756f74652022206261636b736c617368205c207461620968657265|28|28|28,true,true
P8_11_5_0_17,double,point1,3fb999999999999a,"[1, 1.6000000000000000888178419700125, -4]",const char*,base_empty,,t||0|0|0,true,true
P8_11_5_1_17,double,point1,3fb999999999999a,"[1, 1.6000000000000000888178419700125, -4]",const char*,base_hello,68656c6c6f,t|68656c6c6f|5|5|5,true,true
P8_11_5_2_17,double,point1,3fb999999999999a,"[1, 1.6000000000000000888178419700125, -4]",const char*,base_lines,6c696e65206f6e650a6c696e652074776f,t|6c696e65206f6e650a6c696e652074776f|17|17|17,true,true
P8_11_5_3_17,double,point1,3fb999999999999a,"[1, 1.6000000000000000888178419700125, -4]",const char*,clef,f09d849e,t|f09d849e|4|1|1,true,true
P8_11_5_4_17,double,point1,3fb999999999999a,"[1, 1.6000000000000000888178419700125, -4]",const char*,eacute,c3a9,t|c3a9|2|1|1,true,true
P8_11_5_5_17,double,point1,3fb999999999999a,"[1, 1.6000000000000000888178419700125, -4]",const char*,escapes,71756f74652022206261636b736c617368205c207461620968657265,t|71756f74652022206261636b736c617368205c207461620968657265|28|28|28,true,true
P8_14_0_0_17,double,base_1_5,3ff8000000000000,"[1, 1.5, 0]",T[N] (C array),base,"[1, 2, 3]","c|[1, 1.0, 0],[1, 1.0, 1],[1, 1.5, 1]|integer|as-sorted",true,true
P8_14_0_2_17,double,base_1_5,3ff8000000000000,"[1, 1.5, 0]",T[N] (C array),empty,[],c||empty|as-sorted,true,true
P8_14_0_4_17,double,base_1_5,3ff8000000000000,"[1, 1.5, 0]",T[N] (C array),strs,"['a', 'b']","c|t|61|1|1|1,t|62|1|1|1|integer|as-sorted",true,true
P8_14_1_0_17,double,base_pi,400921fb54442d18,"[1, 1.5707963267948965579989817342721, 1]",T[N] (C array),base,"[1, 2, 3]","c|[1, 1.0, 0],[1, 1.0, 1],[1, 1.5, 1]|integer|as-sorted",true,true
P8_14_1_2_17,double,base_pi,400921fb54442d18,"[1, 1.5707963267948965579989817342721, 1]",T[N] (C array),empty,[],c||empty|as-sorted,true,true
P8_14_1_4_17,double,base_pi,400921fb54442d18,"[1, 1.5707963267948965579989817342721, 1]",T[N] (C array),strs,"['a', 'b']","c|t|61|1|1|1,t|62|1|1|1|integer|as-sorted",true,true
P8_14_2_0_17,double,inf,7ff0000000000000,"[1, inf]",T[N] (C array),base,"[1, 2, 3]","c|[1, 1.0, 0],[1, 1.0, 1],[1, 1.5, 1]|integer|as-sorted",true,true
P8_14_2_2_17,double,inf,7ff0000000000000,"[1, inf]",T[N] (C array),empty,[],c||empty|as-sorted,true,true
P8_14_2_4_17,double,inf,7ff0000000000000,"[1, inf]",T[N] (C array),strs,"['a', 'b']","c|t|61|1|1|1,t|62|1|1|1|integer|as-sorted",true,true
P8_14_3_0_17,double,nan,7ff8000000000000,nan,T[N] (C array),base,"[1, 2, 3]","c|[1, 1.0, 0],[1, 1.0, 1],[1, 1.5, 1]|integer|as-sorted",true,true
P8_14_3_2_17,double,nan,7ff8000000000000,nan,T[N] (C array),empty,[],c||empty|as-sorted,true,true
P8_14_3_4_17,double,nan,7ff8000000000000,nan,T[N] (C array),strs,"['a', 'b']","c|t|61|1|1|1,t|62|1|1|1|integer|as-sorted",true,true
P8_14_4_0_17,double,negzero,8000000000000000,"[-1, 0.0, 0]",T[N] (C array),base,"[1, 2, 3]","c|[1, 1.0, 0],[1, 1.0, 1],[1, 1.5, 1]|integer|as-sorted",true,true
P8_14_4_2_17,double,negzero,8000000000000000,"[-1, 0.0, 0]",T[N] (C array),empty,[],c||empty|as-sorted,true,true
P8_14_4_4_17,double,negzero,8000000000000000,"[-1, 0.0, 0]",T[N] (C array),strs,"['a', 'b']","c|t|61|1|1|1,t|62|1|1|1|integer|as-sorted",true,true
P8_14_5_0_17,double,point1,3fb999999999999a,"[1, 1.6000000000000000888178419700125, -4]",T[N] (C array),base,"[1, 2, 3]","c|[1, 1.0, 0],[1, 1.0, 1],[1, 1.5, 1]|integer|as-sorted",true,true
P8_14_5_2_17,double,point1,3fb999999999999a,"[1, 1.6000000000000000888178419700125, -4]",T[N] (C array),empty,[],c||empty|as-sorted,true,true
P8_14_5_4_17,double,point1,3fb999999999999a,"[1, 1.6000000000000000888178419700125, -4]",T[N] (C array),strs,"['a', 'b']","c|t|61|1|1|1,t|62|1|1|1|integer|as-sorted",true,true
P9_1_0_0_17,float,base_1_5,3fc00000,"[1, 1.5, 0]",std::nullptr_t,null,null,null,true,true
P9_1_1_0_17,float,base_pi,40490fdb,"[1, 1.57079637050628662109375, 1]",std::nullptr_t,null,null,null,true,true
P9_1_2_0_17,float,inf,7f800000,"[1, inf]",std::nullptr_t,null,null,null,true,true
P9_1_3_0_17,float,nan,7fc00000,nan,std::nullptr_t,null,null,null,true,true
P9_1_4_0_17,float,negzero,80000000,"[-1, 0.0, 0]",std::nullptr_t,null,null,null,false,false
P9_1_5_0_17,float,point1,3dcccccd,"[1, 1.60000002384185791015625, -4]",std::nullptr_t,null,null,null,true,true
P9_2_0_0_17,float,base_1_5,3fc00000,"[1, 1.5, 0]",std::optional<int64_t>,null,null,null,true,true
P9_2_1_0_17,float,base_pi,40490fdb,"[1, 1.57079637050628662109375, 1]",std::optional<int64_t>,null,null,null,true,true
P9_2_2_0_17,float,inf,7f800000,"[1, inf]",std::optional<int64_t>,null,null,null,true,true
P9_2_3_0_17,float,nan,7fc00000,nan,std::optional<int64_t>,null,null,null,true,true
P9_2_4_0_17,float,negzero,80000000,"[-1, 0.0, 0]",std::optional<int64_t>,null,null,null,false,false
P9_2_5_0_17,float,point1,3dcccccd,"[1, 1.60000002384185791015625, -4]",std::optional<int64_t>,null,null,null,true,true
P9_3_0_0_17,float,base_1_5,3fc00000,"[1, 1.5, 0]",bool,false,false,false,true,true
P9_3_0_1_17,float,base_1_5,3fc00000,"[1, 1.5, 0]",bool,true,true,true,true,true
P9_3_1_0_17,float,base_pi,40490fdb,"[1, 1.57079637050628662109375, 1]",bool,false,false,false,true,true
P9_3_1_1_17,float,base_pi,40490fdb,"[1, 1.57079637050628662109375, 1]",bool,true,true,true,true,true
P9_3_2_0_17,float,inf,7f800000,"[1, inf]",bool,false,false,false,true,true
P9_3_2_1_17,float,inf,7f800000,"[1, inf]",bool,true,true,true,true,true
P9_3_3_0_17,float,nan,7fc00000,nan,bool,false,false,false,true,true
P9_3_3_1_17,float,nan,7fc00000,nan,bool,true,true,true,true,true
P9_3_4_0_17,float,negzero,80000000,"[-1, 0.0, 0]",bool,false,false,false,false,false
P9_3_4_1_17,float,negzero,80000000,"[-1, 0.0, 0]",bool,true,true,true,true,true
P9_3_5_0_17,float,point1,3dcccccd,"[1, 1.60000002384185791015625, -4]",bool,false,false,false,true,true
P9_3_5_1_17,float,point1,3dcccccd,"[1, 1.60000002384185791015625, -4]",bool,true,true,true,true,true
P9_4_0_0_17,float,base_1_5,3fc00000,"[1, 1.5, 0]",int32_t,base_42,0000002a,"[1, 1.3125, 5]",true,true
P9_4_0_1_17,float,base_1_5,3fc00000,"[1, 1.5, 0]",int32_t,base_zero,00000000,"[1, 0.0, 0]",true,true
P9_4_0_2_17,float,base_1_5,3fc00000,"[1, 1.5, 0]",int32_t,i64max,ffffffff,"[-1, 1.0, 0]",true,true
P9_4_0_3_17,float,base_1_5,3fc00000,"[1, 1.5, 0]",int32_t,i64max_plus1,00000000,"[1, 0.0, 0]",true,true
P9_4_0_4_17,float,base_1_5,3fc00000,"[1, 1.5, 0]",int32_t,p53_plus1,00000001,"[1, 1.0, 0]",true,true
P9_4_0_5_17,float,base_1_5,3fc00000,"[1, 1.5, 0]",int32_t,u64max,ffffffff,"[-1, 1.0, 0]",true,true
P9_4_1_0_17,float,base_pi,40490fdb,"[1, 1.57079637050628662109375, 1]",int32_t,base_42,0000002a,"[1, 1.3125, 5]",true,true
P9_4_1_1_17,float,base_pi,40490fdb,"[1, 1.57079637050628662109375, 1]",int32_t,base_zero,00000000,"[1, 0.0, 0]",true,true
P9_4_1_2_17,float,base_pi,40490fdb,"[1, 1.57079637050628662109375, 1]",int32_t,i64max,ffffffff,"[-1, 1.0, 0]",true,true
P9_4_1_3_17,float,base_pi,40490fdb,"[1, 1.57079637050628662109375, 1]",int32_t,i64max_plus1,00000000,"[1, 0.0, 0]",true,true
P9_4_1_4_17,float,base_pi,40490fdb,"[1, 1.57079637050628662109375, 1]",int32_t,p53_plus1,00000001,"[1, 1.0, 0]",true,true
P9_4_1_5_17,float,base_pi,40490fdb,"[1, 1.57079637050628662109375, 1]",int32_t,u64max,ffffffff,"[-1, 1.0, 0]",true,true
P9_4_2_0_17,float,inf,7f800000,"[1, inf]",int32_t,base_42,0000002a,"[1, 1.3125, 5]",true,true
P9_4_2_1_17,float,inf,7f800000,"[1, inf]",int32_t,base_zero,00000000,"[1, 0.0, 0]",true,true
P9_4_2_2_17,float,inf,7f800000,"[1, inf]",int32_t,i64max,ffffffff,"[-1, 1.0, 0]",true,true
P9_4_2_3_17,float,inf,7f800000,"[1, inf]",int32_t,i64max_plus1,00000000,"[1, 0.0, 0]",true,true
P9_4_2_4_17,float,inf,7f800000,"[1, inf]",int32_t,p53_plus1,00000001,"[1, 1.0, 0]",true,true
P9_4_2_5_17,float,inf,7f800000,"[1, inf]",int32_t,u64max,ffffffff,"[-1, 1.0, 0]",true,true
P9_4_3_0_17,float,nan,7fc00000,nan,int32_t,base_42,0000002a,"[1, 1.3125, 5]",true,true
P9_4_3_1_17,float,nan,7fc00000,nan,int32_t,base_zero,00000000,"[1, 0.0, 0]",true,true
P9_4_3_2_17,float,nan,7fc00000,nan,int32_t,i64max,ffffffff,"[-1, 1.0, 0]",true,true
P9_4_3_3_17,float,nan,7fc00000,nan,int32_t,i64max_plus1,00000000,"[1, 0.0, 0]",true,true
P9_4_3_4_17,float,nan,7fc00000,nan,int32_t,p53_plus1,00000001,"[1, 1.0, 0]",true,true
P9_4_3_5_17,float,nan,7fc00000,nan,int32_t,u64max,ffffffff,"[-1, 1.0, 0]",true,true
P9_4_4_0_17,float,negzero,80000000,"[-1, 0.0, 0]",int32_t,base_42,0000002a,"[1, 1.3125, 5]",true,true
P9_4_4_1_17,float,negzero,80000000,"[-1, 0.0, 0]",int32_t,base_zero,00000000,"[1, 0.0, 0]",false,false
P9_4_4_2_17,float,negzero,80000000,"[-1, 0.0, 0]",int32_t,i64max,ffffffff,"[-1, 1.0, 0]",true,true
P9_4_4_3_17,float,negzero,80000000,"[-1, 0.0, 0]",int32_t,i64max_plus1,00000000,"[1, 0.0, 0]",false,false
P9_4_4_4_17,float,negzero,80000000,"[-1, 0.0, 0]",int32_t,p53_plus1,00000001,"[1, 1.0, 0]",true,true
P9_4_4_5_17,float,negzero,80000000,"[-1, 0.0, 0]",int32_t,u64max,ffffffff,"[-1, 1.0, 0]",true,true
P9_4_5_0_17,float,point1,3dcccccd,"[1, 1.60000002384185791015625, -4]",int32_t,base_42,0000002a,"[1, 1.3125, 5]",true,true
P9_4_5_1_17,float,point1,3dcccccd,"[1, 1.60000002384185791015625, -4]",int32_t,base_zero,00000000,"[1, 0.0, 0]",true,true
P9_4_5_2_17,float,point1,3dcccccd,"[1, 1.60000002384185791015625, -4]",int32_t,i64max,ffffffff,"[-1, 1.0, 0]",true,true
P9_4_5_3_17,float,point1,3dcccccd,"[1, 1.60000002384185791015625, -4]",int32_t,i64max_plus1,00000000,"[1, 0.0, 0]",true,true
P9_4_5_4_17,float,point1,3dcccccd,"[1, 1.60000002384185791015625, -4]",int32_t,p53_plus1,00000001,"[1, 1.0, 0]",true,true
P9_4_5_5_17,float,point1,3dcccccd,"[1, 1.60000002384185791015625, -4]",int32_t,u64max,ffffffff,"[-1, 1.0, 0]",true,true
P9_5_0_0_17,float,base_1_5,3fc00000,"[1, 1.5, 0]",int64_t,base_42,000000000000002a,"[1, 1.3125, 5]",true,true
P9_5_0_1_17,float,base_1_5,3fc00000,"[1, 1.5, 0]",int64_t,base_zero,0000000000000000,"[1, 0.0, 0]",true,true
P9_5_0_2_17,float,base_1_5,3fc00000,"[1, 1.5, 0]",int64_t,i64max,7fffffffffffffff,"[1, 1.9999999999999999997831595655029, 62]",true,true
P9_5_0_3_17,float,base_1_5,3fc00000,"[1, 1.5, 0]",int64_t,i64max_plus1,8000000000000000,"[-1, 1.0, 63]",true,true
P9_5_0_4_17,float,base_1_5,3fc00000,"[1, 1.5, 0]",int64_t,p53_plus1,0020000000000001,"[1, 1.0000000000000001110223024625157, 53]",true,true
P9_5_0_5_17,float,base_1_5,3fc00000,"[1, 1.5, 0]",int64_t,u64max,ffffffffffffffff,"[-1, 1.0, 0]",true,true
P9_5_1_0_17,float,base_pi,40490fdb,"[1, 1.57079637050628662109375, 1]",int64_t,base_42,000000000000002a,"[1, 1.3125, 5]",true,true
P9_5_1_1_17,float,base_pi,40490fdb,"[1, 1.57079637050628662109375, 1]",int64_t,base_zero,0000000000000000,"[1, 0.0, 0]",true,true
P9_5_1_2_17,float,base_pi,40490fdb,"[1, 1.57079637050628662109375, 1]",int64_t,i64max,7fffffffffffffff,"[1, 1.9999999999999999997831595655029, 62]",true,true
P9_5_1_3_17,float,base_pi,40490fdb,"[1, 1.57079637050628662109375, 1]",int64_t,i64max_plus1,8000000000000000,"[-1, 1.0, 63]",true,true
P9_5_1_4_17,float,base_pi,40490fdb,"[1, 1.57079637050628662109375, 1]",int64_t,p53_plus1,0020000000000001,"[1, 1.0000000000000001110223024625157, 53]",true,true
P9_5_1_5_17,float,base_pi,40490fdb,"[1, 1.57079637050628662109375, 1]",int64_t,u64max,ffffffffffffffff,"[-1, 1.0, 0]",true,true
P9_5_2_0_17,float,inf,7f800000,"[1, inf]",int64_t,base_42,000000000000002a,"[1, 1.3125, 5]",true,true
P9_5_2_1_17,float,inf,7f800000,"[1, inf]",int64_t,base_zero,0000000000000000,"[1, 0.0, 0]",true,true
P9_5_2_2_17,float,inf,7f800000,"[1, inf]",int64_t,i64max,7fffffffffffffff,"[1, 1.9999999999999999997831595655029, 62]",true,true
P9_5_2_3_17,float,inf,7f800000,"[1, inf]",int64_t,i64max_plus1,8000000000000000,"[-1, 1.0, 63]",true,true
P9_5_2_4_17,float,inf,7f800000,"[1, inf]",int64_t,p53_plus1,0020000000000001,"[1, 1.0000000000000001110223024625157, 53]",true,true
P9_5_2_5_17,float,inf,7f800000,"[1, inf]",int64_t,u64max,ffffffffffffffff,"[-1, 1.0, 0]",true,true
P9_5_3_0_17,float,nan,7fc00000,nan,int64_t,base_42,000000000000002a,"[1, 1.3125, 5]",true,true
P9_5_3_1_17,float,nan,7fc00000,nan,int64_t,base_zero,0000000000000000,"[1, 0.0, 0]",true,true
P9_5_3_2_17,float,nan,7fc00000,nan,int64_t,i64max,7fffffffffffffff,"[1, 1.9999999999999999997831595655029, 62]",true,true
P9_5_3_3_17,float,nan,7fc00000,nan,int64_t,i64max_plus1,8000000000000000,"[-1, 1.0, 63]",true,true
P9_5_3_4_17,float,nan,7fc00000,nan,int64_t,p53_plus1,0020000000000001,"[1, 1.0000000000000001110223024625157, 53]",true,true
P9_5_3_5_17,float,nan,7fc00000,nan,int64_t,u64max,ffffffffffffffff,"[-1, 1.0, 0]",true,true
P9_5_4_0_17,float,negzero,80000000,"[-1, 0.0, 0]",int64_t,base_42,000000000000002a,"[1, 1.3125, 5]",true,true
P9_5_4_1_17,float,negzero,80000000,"[-1, 0.0, 0]",int64_t,base_zero,0000000000000000,"[1, 0.0, 0]",false,false
P9_5_4_2_17,float,negzero,80000000,"[-1, 0.0, 0]",int64_t,i64max,7fffffffffffffff,"[1, 1.9999999999999999997831595655029, 62]",true,true
P9_5_4_3_17,float,negzero,80000000,"[-1, 0.0, 0]",int64_t,i64max_plus1,8000000000000000,"[-1, 1.0, 63]",true,true
P9_5_4_4_17,float,negzero,80000000,"[-1, 0.0, 0]",int64_t,p53_plus1,0020000000000001,"[1, 1.0000000000000001110223024625157, 53]",true,true
P9_5_4_5_17,float,negzero,80000000,"[-1, 0.0, 0]",int64_t,u64max,ffffffffffffffff,"[-1, 1.0, 0]",true,true
P9_5_5_0_17,float,point1,3dcccccd,"[1, 1.60000002384185791015625, -4]",int64_t,base_42,000000000000002a,"[1, 1.3125, 5]",true,true
P9_5_5_1_17,float,point1,3dcccccd,"[1, 1.60000002384185791015625, -4]",int64_t,base_zero,0000000000000000,"[1, 0.0, 0]",true,true
P9_5_5_2_17,float,point1,3dcccccd,"[1, 1.60000002384185791015625, -4]",int64_t,i64max,7fffffffffffffff,"[1, 1.9999999999999999997831595655029, 62]",true,true
P9_5_5_3_17,float,point1,3dcccccd,"[1, 1.60000002384185791015625, -4]",int64_t,i64max_plus1,8000000000000000,"[-1, 1.0, 63]",true,true
P9_5_5_4_17,float,point1,3dcccccd,"[1, 1.60000002384185791015625, -4]",int64_t,p53_plus1,0020000000000001,"[1, 1.0000000000000001110223024625157, 53]",true,true
P9_5_5_5_17,float,point1,3dcccccd,"[1, 1.60000002384185791015625, -4]",int64_t,u64max,ffffffffffffffff,"[-1, 1.0, 0]",true,true
P9_6_0_0_17,float,base_1_5,3fc00000,"[1, 1.5, 0]",uint64_t,base_42,000000000000002a,"[1, 1.3125, 5]",true,true
P9_6_0_1_17,float,base_1_5,3fc00000,"[1, 1.5, 0]",uint64_t,base_zero,0000000000000000,"[1, 0.0, 0]",true,true
P9_6_0_2_17,float,base_1_5,3fc00000,"[1, 1.5, 0]",uint64_t,i64max,7fffffffffffffff,"[1, 1.9999999999999999997831595655029, 62]",true,true
P9_6_0_3_17,float,base_1_5,3fc00000,"[1, 1.5, 0]",uint64_t,i64max_plus1,8000000000000000,"[1, 1.0, 63]",true,true
P9_6_0_4_17,float,base_1_5,3fc00000,"[1, 1.5, 0]",uint64_t,p53_plus1,0020000000000001,"[1, 1.0000000000000001110223024625157, 53]",true,true
P9_6_0_5_17,float,base_1_5,3fc00000,"[1, 1.5, 0]",uint64_t,u64max,ffffffffffffffff,"[1, 1.9999999999999999998915797827514, 63]",true,true
P9_6_1_0_17,float,base_pi,40490fdb,"[1, 1.57079637050628662109375, 1]",uint64_t,base_42,000000000000002a,"[1, 1.3125, 5]",true,true
P9_6_1_1_17,float,base_pi,40490fdb,"[1, 1.57079637050628662109375, 1]",uint64_t,base_zero,0000000000000000,"[1, 0.0, 0]",true,true
P9_6_1_2_17,float,base_pi,40490fdb,"[1, 1.57079637050628662109375, 1]",uint64_t,i64max,7fffffffffffffff,"[1, 1.9999999999999999997831595655029, 62]",true,true
P9_6_1_3_17,float,base_pi,40490fdb,"[1, 1.57079637050628662109375, 1]",uint64_t,i64max_plus1,8000000000000000,"[1, 1.0, 63]",true,true
P9_6_1_4_17,float,base_pi,40490fdb,"[1, 1.57079637050628662109375, 1]",uint64_t,p53_plus1,0020000000000001,"[1, 1.0000000000000001110223024625157, 53]",true,true
P9_6_1_5_17,float,base_pi,40490fdb,"[1, 1.57079637050628662109375, 1]",uint64_t,u64max,ffffffffffffffff,"[1, 1.9999999999999999998915797827514, 63]",true,true
P9_6_2_0_17,float,inf,7f800000,"[1, inf]",uint64_t,base_42,000000000000002a,"[1, 1.3125, 5]",true,true
P9_6_2_1_17,float,inf,7f800000,"[1, inf]",uint64_t,base_zero,0000000000000000,"[1, 0.0, 0]",true,true
P9_6_2_2_17,float,inf,7f800000,"[1, inf]",uint64_t,i64max,7fffffffffffffff,"[1, 1.9999999999999999997831595655029, 62]",true,true
P9_6_2_3_17,float,inf,7f800000,"[1, inf]",uint64_t,i64max_plus1,8000000000000000,"[1, 1.0, 63]",true,true
P9_6_2_4_17,float,inf,7f800000,"[1, inf]",uint64_t,p53_plus1,0020000000000001,"[1, 1.0000000000000001110223024625157, 53]",true,true
P9_6_2_5_17,float,inf,7f800000,"[1, inf]",uint64_t,u64max,ffffffffffffffff,"[1, 1.9999999999999999998915797827514, 63]",true,true
P9_6_3_0_17,float,nan,7fc00000,nan,uint64_t,base_42,000000000000002a,"[1, 1.3125, 5]",true,true
P9_6_3_1_17,float,nan,7fc00000,nan,uint64_t,base_zero,0000000000000000,"[1, 0.0, 0]",true,true
P9_6_3_2_17,float,nan,7fc00000,nan,uint64_t,i64max,7fffffffffffffff,"[1, 1.9999999999999999997831595655029, 62]",true,true
P9_6_3_3_17,float,nan,7fc00000,nan,uint64_t,i64max_plus1,8000000000000000,"[1, 1.0, 63]",true,true
P9_6_3_4_17,float,nan,7fc00000,nan,uint64_t,p53_plus1,0020000000000001,"[1, 1.0000000000000001110223024625157, 53]",true,true
P9_6_3_5_17,float,nan,7fc00000,nan,uint64_t,u64max,ffffffffffffffff,"[1, 1.9999999999999999998915797827514, 63]",true,true
P9_6_4_0_17,float,negzero,80000000,"[-1, 0.0, 0]",uint64_t,base_42,000000000000002a,"[1, 1.3125, 5]",true,true
P9_6_4_1_17,float,negzero,80000000,"[-1, 0.0, 0]",uint64_t,base_zero,0000000000000000,"[1, 0.0, 0]",false,false
P9_6_4_2_17,float,negzero,80000000,"[-1, 0.0, 0]",uint64_t,i64max,7fffffffffffffff,"[1, 1.9999999999999999997831595655029, 62]",true,true
P9_6_4_3_17,float,negzero,80000000,"[-1, 0.0, 0]",uint64_t,i64max_plus1,8000000000000000,"[1, 1.0, 63]",true,true
P9_6_4_4_17,float,negzero,80000000,"[-1, 0.0, 0]",uint64_t,p53_plus1,0020000000000001,"[1, 1.0000000000000001110223024625157, 53]",true,true
P9_6_4_5_17,float,negzero,80000000,"[-1, 0.0, 0]",uint64_t,u64max,ffffffffffffffff,"[1, 1.9999999999999999998915797827514, 63]",true,true
P9_6_5_0_17,float,point1,3dcccccd,"[1, 1.60000002384185791015625, -4]",uint64_t,base_42,000000000000002a,"[1, 1.3125, 5]",true,true
P9_6_5_1_17,float,point1,3dcccccd,"[1, 1.60000002384185791015625, -4]",uint64_t,base_zero,0000000000000000,"[1, 0.0, 0]",true,true
P9_6_5_2_17,float,point1,3dcccccd,"[1, 1.60000002384185791015625, -4]",uint64_t,i64max,7fffffffffffffff,"[1, 1.9999999999999999997831595655029, 62]",true,true
P9_6_5_3_17,float,point1,3dcccccd,"[1, 1.60000002384185791015625, -4]",uint64_t,i64max_plus1,8000000000000000,"[1, 1.0, 63]",true,true
P9_6_5_4_17,float,point1,3dcccccd,"[1, 1.60000002384185791015625, -4]",uint64_t,p53_plus1,0020000000000001,"[1, 1.0000000000000001110223024625157, 53]",true,true
P9_6_5_5_17,float,point1,3dcccccd,"[1, 1.60000002384185791015625, -4]",uint64_t,u64max,ffffffffffffffff,"[1, 1.9999999999999999998915797827514, 63]",true,true
P9_7_0_0_17,float,base_1_5,3fc00000,"[1, 1.5, 0]",__int128,base_42,0000000000000000000000000000002a,"[1, 1.3125, 5]",true,true
P9_7_0_1_17,float,base_1_5,3fc00000,"[1, 1.5, 0]",__int128,base_zero,00000000000000000000000000000000,"[1, 0.0, 0]",true,true
P9_7_0_2_17,float,base_1_5,3fc00000,"[1, 1.5, 0]",__int128,i64max,00000000000000007fffffffffffffff,"[1, 1.9999999999999999997831595655029, 62]",true,true
P9_7_0_3_17,float,base_1_5,3fc00000,"[1, 1.5, 0]",__int128,i64max_plus1,00000000000000008000000000000000,"[1, 1.0, 63]",true,true
P9_7_0_4_17,float,base_1_5,3fc00000,"[1, 1.5, 0]",__int128,p53_plus1,00000000000000000020000000000001,"[1, 1.0000000000000001110223024625157, 53]",true,true
P9_7_0_5_17,float,base_1_5,3fc00000,"[1, 1.5, 0]",__int128,u64max,0000000000000000ffffffffffffffff,"[1, 1.9999999999999999998915797827514, 63]",true,true
P9_7_1_0_17,float,base_pi,40490fdb,"[1, 1.57079637050628662109375, 1]",__int128,base_42,0000000000000000000000000000002a,"[1, 1.3125, 5]",true,true
P9_7_1_1_17,float,base_pi,40490fdb,"[1, 1.57079637050628662109375, 1]",__int128,base_zero,00000000000000000000000000000000,"[1, 0.0, 0]",true,true
P9_7_1_2_17,float,base_pi,40490fdb,"[1, 1.57079637050628662109375, 1]",__int128,i64max,00000000000000007fffffffffffffff,"[1, 1.9999999999999999997831595655029, 62]",true,true
P9_7_1_3_17,float,base_pi,40490fdb,"[1, 1.57079637050628662109375, 1]",__int128,i64max_plus1,00000000000000008000000000000000,"[1, 1.0, 63]",true,true
P9_7_1_4_17,float,base_pi,40490fdb,"[1, 1.57079637050628662109375, 1]",__int128,p53_plus1,00000000000000000020000000000001,"[1, 1.0000000000000001110223024625157, 53]",true,true
P9_7_1_5_17,float,base_pi,40490fdb,"[1, 1.57079637050628662109375, 1]",__int128,u64max,0000000000000000ffffffffffffffff,"[1, 1.9999999999999999998915797827514, 63]",true,true
P9_7_2_0_17,float,inf,7f800000,"[1, inf]",__int128,base_42,0000000000000000000000000000002a,"[1, 1.3125, 5]",true,true
P9_7_2_1_17,float,inf,7f800000,"[1, inf]",__int128,base_zero,00000000000000000000000000000000,"[1, 0.0, 0]",true,true
P9_7_2_2_17,float,inf,7f800000,"[1, inf]",__int128,i64max,00000000000000007fffffffffffffff,"[1, 1.9999999999999999997831595655029, 62]",true,true
P9_7_2_3_17,float,inf,7f800000,"[1, inf]",__int128,i64max_plus1,00000000000000008000000000000000,"[1, 1.0, 63]",true,true
P9_7_2_4_17,float,inf,7f800000,"[1, inf]",__int128,p53_plus1,00000000000000000020000000000001,"[1, 1.0000000000000001110223024625157, 53]",true,true
P9_7_2_5_17,float,inf,7f800000,"[1, inf]",__int128,u64max,0000000000000000ffffffffffffffff,"[1, 1.9999999999999999998915797827514, 63]",true,true
P9_7_3_0_17,float,nan,7fc00000,nan,__int128,base_42,0000000000000000000000000000002a,"[1, 1.3125, 5]",true,true
P9_7_3_1_17,float,nan,7fc00000,nan,__int128,base_zero,00000000000000000000000000000000,"[1, 0.0, 0]",true,true
P9_7_3_2_17,float,nan,7fc00000,nan,__int128,i64max,00000000000000007fffffffffffffff,"[1, 1.9999999999999999997831595655029, 62]",true,true
P9_7_3_3_17,float,nan,7fc00000,nan,__int128,i64max_plus1,00000000000000008000000000000000,"[1, 1.0, 63]",true,true
P9_7_3_4_17,float,nan,7fc00000,nan,__int128,p53_plus1,00000000000000000020000000000001,"[1, 1.0000000000000001110223024625157, 53]",true,true
P9_7_3_5_17,float,nan,7fc00000,nan,__int128,u64max,0000000000000000ffffffffffffffff,"[1, 1.9999999999999999998915797827514, 63]",true,true
P9_7_4_0_17,float,negzero,80000000,"[-1, 0.0, 0]",__int128,base_42,0000000000000000000000000000002a,"[1, 1.3125, 5]",true,true
P9_7_4_1_17,float,negzero,80000000,"[-1, 0.0, 0]",__int128,base_zero,00000000000000000000000000000000,"[1, 0.0, 0]",false,false
P9_7_4_2_17,float,negzero,80000000,"[-1, 0.0, 0]",__int128,i64max,00000000000000007fffffffffffffff,"[1, 1.9999999999999999997831595655029, 62]",true,true
P9_7_4_3_17,float,negzero,80000000,"[-1, 0.0, 0]",__int128,i64max_plus1,00000000000000008000000000000000,"[1, 1.0, 63]",true,true
P9_7_4_4_17,float,negzero,80000000,"[-1, 0.0, 0]",__int128,p53_plus1,00000000000000000020000000000001,"[1, 1.0000000000000001110223024625157, 53]",true,true
P9_7_4_5_17,float,negzero,80000000,"[-1, 0.0, 0]",__int128,u64max,0000000000000000ffffffffffffffff,"[1, 1.9999999999999999998915797827514, 63]",true,true
P9_7_5_0_17,float,point1,3dcccccd,"[1, 1.60000002384185791015625, -4]",__int128,base_42,0000000000000000000000000000002a,"[1, 1.3125, 5]",true,true
P9_7_5_1_17,float,point1,3dcccccd,"[1, 1.60000002384185791015625, -4]",__int128,base_zero,00000000000000000000000000000000,"[1, 0.0, 0]",true,true
P9_7_5_2_17,float,point1,3dcccccd,"[1, 1.60000002384185791015625, -4]",__int128,i64max,00000000000000007fffffffffffffff,"[1, 1.9999999999999999997831595655029, 62]",true,true
P9_7_5_3_17,float,point1,3dcccccd,"[1, 1.60000002384185791015625, -4]",__int128,i64max_plus1,00000000000000008000000000000000,"[1, 1.0, 63]",true,true
P9_7_5_4_17,float,point1,3dcccccd,"[1, 1.60000002384185791015625, -4]",__int128,p53_plus1,00000000000000000020000000000001,"[1, 1.0000000000000001110223024625157, 53]",true,true
P9_7_5_5_17,float,point1,3dcccccd,"[1, 1.60000002384185791015625, -4]",__int128,u64max,0000000000000000ffffffffffffffff,"[1, 1.9999999999999999998915797827514, 63]",true,true
P9_8_0_0_17,float,base_1_5,3fc00000,"[1, 1.5, 0]",double,base_1_5,3ff8000000000000,"[1, 1.5, 0]",true,true
P9_8_0_1_17,float,base_1_5,3fc00000,"[1, 1.5, 0]",double,base_pi,400921fb54442d18,"[1, 1.5707963267948965579989817342721, 1]",true,true
P9_8_0_2_17,float,base_1_5,3fc00000,"[1, 1.5, 0]",double,inf,7ff0000000000000,"[1, inf]",true,true
P9_8_0_3_17,float,base_1_5,3fc00000,"[1, 1.5, 0]",double,nan,7ff8000000000000,nan,true,true
P9_8_0_4_17,float,base_1_5,3fc00000,"[1, 1.5, 0]",double,negzero,8000000000000000,"[-1, 0.0, 0]",true,true
P9_8_0_5_17,float,base_1_5,3fc00000,"[1, 1.5, 0]",double,point1,3fb999999999999a,"[1, 1.6000000000000000888178419700125, -4]",true,true
P9_8_1_0_17,float,base_pi,40490fdb,"[1, 1.57079637050628662109375, 1]",double,base_1_5,3ff8000000000000,"[1, 1.5, 0]",true,true
P9_8_1_1_17,float,base_pi,40490fdb,"[1, 1.57079637050628662109375, 1]",double,base_pi,400921fb54442d18,"[1, 1.5707963267948965579989817342721, 1]",true,true
P9_8_1_2_17,float,base_pi,40490fdb,"[1, 1.57079637050628662109375, 1]",double,inf,7ff0000000000000,"[1, inf]",true,true
P9_8_1_3_17,float,base_pi,40490fdb,"[1, 1.57079637050628662109375, 1]",double,nan,7ff8000000000000,nan,true,true
P9_8_1_4_17,float,base_pi,40490fdb,"[1, 1.57079637050628662109375, 1]",double,negzero,8000000000000000,"[-1, 0.0, 0]",true,true
P9_8_1_5_17,float,base_pi,40490fdb,"[1, 1.57079637050628662109375, 1]",double,point1,3fb999999999999a,"[1, 1.6000000000000000888178419700125, -4]",true,true
P9_8_2_0_17,float,inf,7f800000,"[1, inf]",double,base_1_5,3ff8000000000000,"[1, 1.5, 0]",true,true
P9_8_2_1_17,float,inf,7f800000,"[1, inf]",double,base_pi,400921fb54442d18,"[1, 1.5707963267948965579989817342721, 1]",true,true
P9_8_2_2_17,float,inf,7f800000,"[1, inf]",double,inf,7ff0000000000000,"[1, inf]",true,true
P9_8_2_3_17,float,inf,7f800000,"[1, inf]",double,nan,7ff8000000000000,nan,true,true
P9_8_2_4_17,float,inf,7f800000,"[1, inf]",double,negzero,8000000000000000,"[-1, 0.0, 0]",true,true
P9_8_2_5_17,float,inf,7f800000,"[1, inf]",double,point1,3fb999999999999a,"[1, 1.6000000000000000888178419700125, -4]",true,true
P9_8_3_0_17,float,nan,7fc00000,nan,double,base_1_5,3ff8000000000000,"[1, 1.5, 0]",true,true
P9_8_3_1_17,float,nan,7fc00000,nan,double,base_pi,400921fb54442d18,"[1, 1.5707963267948965579989817342721, 1]",true,true
P9_8_3_2_17,float,nan,7fc00000,nan,double,inf,7ff0000000000000,"[1, inf]",true,true
P9_8_3_3_17,float,nan,7fc00000,nan,double,nan,7ff8000000000000,nan,true,true
P9_8_3_4_17,float,nan,7fc00000,nan,double,negzero,8000000000000000,"[-1, 0.0, 0]",true,true
P9_8_3_5_17,float,nan,7fc00000,nan,double,point1,3fb999999999999a,"[1, 1.6000000000000000888178419700125, -4]",true,true
P9_8_4_0_17,float,negzero,80000000,"[-1, 0.0, 0]",double,base_1_5,3ff8000000000000,"[1, 1.5, 0]",true,true
P9_8_4_1_17,float,negzero,80000000,"[-1, 0.0, 0]",double,base_pi,400921fb54442d18,"[1, 1.5707963267948965579989817342721, 1]",true,true
P9_8_4_2_17,float,negzero,80000000,"[-1, 0.0, 0]",double,inf,7ff0000000000000,"[1, inf]",true,true
P9_8_4_3_17,float,negzero,80000000,"[-1, 0.0, 0]",double,nan,7ff8000000000000,nan,true,true
P9_8_4_4_17,float,negzero,80000000,"[-1, 0.0, 0]",double,negzero,8000000000000000,"[-1, 0.0, 0]",false,false
P9_8_4_5_17,float,negzero,80000000,"[-1, 0.0, 0]",double,point1,3fb999999999999a,"[1, 1.6000000000000000888178419700125, -4]",true,true
P9_8_5_0_17,float,point1,3dcccccd,"[1, 1.60000002384185791015625, -4]",double,base_1_5,3ff8000000000000,"[1, 1.5, 0]",true,true
P9_8_5_1_17,float,point1,3dcccccd,"[1, 1.60000002384185791015625, -4]",double,base_pi,400921fb54442d18,"[1, 1.5707963267948965579989817342721, 1]",true,true
P9_8_5_2_17,float,point1,3dcccccd,"[1, 1.60000002384185791015625, -4]",double,inf,7ff0000000000000,"[1, inf]",true,true
P9_8_5_3_17,float,point1,3dcccccd,"[1, 1.60000002384185791015625, -4]",double,nan,7ff8000000000000,nan,true,true
P9_8_5_4_17,float,point1,3dcccccd,"[1, 1.60000002384185791015625, -4]",double,negzero,8000000000000000,"[-1, 0.0, 0]",true,true
P9_8_5_5_17,float,point1,3dcccccd,"[1, 1.60000002384185791015625, -4]",double,point1,3fb999999999999a,"[1, 1.6000000000000000888178419700125, -4]",true,true
P9_9_0_0_17,float,base_1_5,3fc00000,"[1, 1.5, 0]",float,base_1_5,3fc00000,"[1, 1.5, 0]",true,true
P9_9_0_1_17,float,base_1_5,3fc00000,"[1, 1.5, 0]",float,base_pi,40490fdb,"[1, 1.57079637050628662109375, 1]",true,true
P9_9_0_2_17,float,base_1_5,3fc00000,"[1, 1.5, 0]",float,inf,7f800000,"[1, inf]",true,true
P9_9_0_3_17,float,base_1_5,3fc00000,"[1, 1.5, 0]",float,nan,7fc00000,nan,true,true
P9_9_0_4_17,float,base_1_5,3fc00000,"[1, 1.5, 0]",float,negzero,80000000,"[-1, 0.0, 0]",true,true
P9_9_0_5_17,float,base_1_5,3fc00000,"[1, 1.5, 0]",float,point1,3dcccccd,"[1, 1.60000002384185791015625, -4]",true,true
P9_9_1_0_17,float,base_pi,40490fdb,"[1, 1.57079637050628662109375, 1]",float,base_1_5,3fc00000,"[1, 1.5, 0]",true,true
P9_9_1_1_17,float,base_pi,40490fdb,"[1, 1.57079637050628662109375, 1]",float,base_pi,40490fdb,"[1, 1.57079637050628662109375, 1]",true,true
P9_9_1_2_17,float,base_pi,40490fdb,"[1, 1.57079637050628662109375, 1]",float,inf,7f800000,"[1, inf]",true,true
P9_9_1_3_17,float,base_pi,40490fdb,"[1, 1.57079637050628662109375, 1]",float,nan,7fc00000,nan,true,true
P9_9_1_4_17,float,base_pi,40490fdb,"[1, 1.57079637050628662109375, 1]",float,negzero,80000000,"[-1, 0.0, 0]",true,true
P9_9_1_5_17,float,base_pi,40490fdb,"[1, 1.57079637050628662109375, 1]",float,point1,3dcccccd,"[1, 1.60000002384185791015625, -4]",true,true
P9_9_2_0_17,float,inf,7f800000,"[1, inf]",float,base_1_5,3fc00000,"[1, 1.5, 0]",true,true
P9_9_2_1_17,float,inf,7f800000,"[1, inf]",float,base_pi,40490fdb,"[1, 1.57079637050628662109375, 1]",true,true
P9_9_2_2_17,float,inf,7f800000,"[1, inf]",float,inf,7f800000,"[1, inf]",true,true
P9_9_2_3_17,float,inf,7f800000,"[1, inf]",float,nan,7fc00000,nan,true,true
P9_9_2_4_17,float,inf,7f800000,"[1, inf]",float,negzero,80000000,"[-1, 0.0, 0]",true,true
P9_9_2_5_17,float,inf,7f800000,"[1, inf]",float,point1,3dcccccd,"[1, 1.60000002384185791015625, -4]",true,true
P9_9_3_0_17,float,nan,7fc00000,nan,float,base_1_5,3fc00000,"[1, 1.5, 0]",true,true
P9_9_3_1_17,float,nan,7fc00000,nan,float,base_pi,40490fdb,"[1, 1.57079637050628662109375, 1]",true,true
P9_9_3_2_17,float,nan,7fc00000,nan,float,inf,7f800000,"[1, inf]",true,true
P9_9_3_3_17,float,nan,7fc00000,nan,float,nan,7fc00000,nan,true,true
P9_9_3_4_17,float,nan,7fc00000,nan,float,negzero,80000000,"[-1, 0.0, 0]",true,true
P9_9_3_5_17,float,nan,7fc00000,nan,float,point1,3dcccccd,"[1, 1.60000002384185791015625, -4]",true,true
P9_9_4_0_17,float,negzero,80000000,"[-1, 0.0, 0]",float,base_1_5,3fc00000,"[1, 1.5, 0]",true,true
P9_9_4_1_17,float,negzero,80000000,"[-1, 0.0, 0]",float,base_pi,40490fdb,"[1, 1.57079637050628662109375, 1]",true,true
P9_9_4_2_17,float,negzero,80000000,"[-1, 0.0, 0]",float,inf,7f800000,"[1, inf]",true,true
P9_9_4_3_17,float,negzero,80000000,"[-1, 0.0, 0]",float,nan,7fc00000,nan,true,true
P9_9_4_4_17,float,negzero,80000000,"[-1, 0.0, 0]",float,negzero,80000000,"[-1, 0.0, 0]",false,false
P9_9_4_5_17,float,negzero,80000000,"[-1, 0.0, 0]",float,point1,3dcccccd,"[1, 1.60000002384185791015625, -4]",true,true
P9_9_5_0_17,float,point1,3dcccccd,"[1, 1.60000002384185791015625, -4]",float,base_1_5,3fc00000,"[1, 1.5, 0]",true,true
P9_9_5_1_17,float,point1,3dcccccd,"[1, 1.60000002384185791015625, -4]",float,base_pi,40490fdb,"[1, 1.57079637050628662109375, 1]",true,true
P9_9_5_2_17,float,point1,3dcccccd,"[1, 1.60000002384185791015625, -4]",float,inf,7f800000,"[1, inf]",true,true
P9_9_5_3_17,float,point1,3dcccccd,"[1, 1.60000002384185791015625, -4]",float,nan,7fc00000,nan,true,true
P9_9_5_4_17,float,point1,3dcccccd,"[1, 1.60000002384185791015625, -4]",float,negzero,80000000,"[-1, 0.0, 0]",true,true
P9_9_5_5_17,float,point1,3dcccccd,"[1, 1.60000002384185791015625, -4]",float,point1,3dcccccd,"[1, 1.60000002384185791015625, -4]",true,true
P9_11_0_0_17,float,base_1_5,3fc00000,"[1, 1.5, 0]",const char*,base_empty,,t||0|0|0,true,true
P9_11_0_1_17,float,base_1_5,3fc00000,"[1, 1.5, 0]",const char*,base_hello,68656c6c6f,t|68656c6c6f|5|5|5,true,true
P9_11_0_2_17,float,base_1_5,3fc00000,"[1, 1.5, 0]",const char*,base_lines,6c696e65206f6e650a6c696e652074776f,t|6c696e65206f6e650a6c696e652074776f|17|17|17,true,true
P9_11_0_3_17,float,base_1_5,3fc00000,"[1, 1.5, 0]",const char*,clef,f09d849e,t|f09d849e|4|1|1,true,true
P9_11_0_4_17,float,base_1_5,3fc00000,"[1, 1.5, 0]",const char*,eacute,c3a9,t|c3a9|2|1|1,true,true
P9_11_0_5_17,float,base_1_5,3fc00000,"[1, 1.5, 0]",const char*,escapes,71756f74652022206261636b736c617368205c207461620968657265,t|71756f74652022206261636b736c617368205c207461620968657265|28|28|28,true,true
P9_11_1_0_17,float,base_pi,40490fdb,"[1, 1.57079637050628662109375, 1]",const char*,base_empty,,t||0|0|0,true,true
P9_11_1_1_17,float,base_pi,40490fdb,"[1, 1.57079637050628662109375, 1]",const char*,base_hello,68656c6c6f,t|68656c6c6f|5|5|5,true,true
P9_11_1_2_17,float,base_pi,40490fdb,"[1, 1.57079637050628662109375, 1]",const char*,base_lines,6c696e65206f6e650a6c696e652074776f,t|6c696e65206f6e650a6c696e652074776f|17|17|17,true,true
P9_11_1_3_17,float,base_pi,40490fdb,"[1, 1.57079637050628662109375, 1]",const char*,clef,f09d849e,t|f09d849e|4|1|1,true,true
P9_11_1_4_17,float,base_pi,40490fdb,"[1, 1.57079637050628662109375, 1]",const char*,eacute,c3a9,t|c3a9|2|1|1,true,true
P9_11_1_5_17,float,base_pi,40490fdb,"[1, 1.57079637050628662109375, 1]",const char*,escapes,71756f74652022206261636b736c617368205c207461620968657265,t|71756f74652022206261636b736c617368205c207461620968657265|28|28|28,true,true
P9_11_2_0_17,float,inf,7f800000,"[1, inf]",const char*,base_empty,,t||0|0|0,true,true
P9_11_2_1_17,float,inf,7f800000,"[1, inf]",const char*,base_hello,68656c6c6f,t|68656c6c6f|5|5|5,true,true
P9_11_2_2_17,float,inf,7f800000,"[1, inf]",const char*,base_lines,6c696e65206f6e650a6c696e652074776f,t|6c696e65206f6e650a6c696e652074776f|17|17|17,true,true
P9_11_2_3_17,float,inf,7f800000,"[1, inf]",const char*,clef,f09d849e,t|f09d849e|4|1|1,true,true
P9_11_2_4_17,float,inf,7f800000,"[1, inf]",const char*,eacute,c3a9,t|c3a9|2|1|1,true,true
P9_11_2_5_17,float,inf,7f800000,"[1, inf]",const char*,escapes,71756f74652022206261636b736c617368205c207461620968657265,t|71756f74652022206261636b736c617368205c207461620968657265|28|28|28,true,true
P9_11_3_0_17,float,nan,7fc00000,nan,const char*,base_empty,,t||0|0|0,true,true
P9_11_3_1_17,float,nan,7fc00000,nan,const char*,base_hello,68656c6c6f,t|68656c6c6f|5|5|5,true,true
P9_11_3_2_17,float,nan,7fc00000,nan,const char*,base_lines,6c696e65206f6e650a6c696e652074776f,t|6c696e65206f6e650a6c696e652074776f|17|17|17,true,true
P9_11_3_3_17,float,nan,7fc00000,nan,const char*,clef,f09d849e,t|f09d849e|4|1|1,true,true
P9_11_3_4_17,float,nan,7fc00000,nan,const char*,eacute,c3a9,t|c3a9|2|1|1,true,true
P9_11_3_5_17,float,nan,7fc00000,nan,const char*,escapes,71756f74652022206261636b736c617368205c207461620968657265,t|71756f74652022206261636b736c617368205c207461620968657265|28|28|28,true,true
P9_11_4_0_17,float,negzero,80000000,"[-1, 0.0, 0]",const char*,base_empty,,t||0|0|0,true,true
P9_11_4_1_17,float,negzero,80000000,"[-1, 0.0, 0]",const char*,base_hello,68656c6c6f,t|68656c6c6f|5|5|5,true,true
P9_11_4_2_17,float,negzero,80000000,"[-1, 0.0, 0]",const char*,base_lines,6c696e65206f6e650a6c696e652074776f,t|6c696e65206f6e650a6c696e652074776f|17|17|17,true,true
P9_11_4_3_17,float,negzero,80000000,"[-1, 0.0, 0]",const char*,clef,f09d849e,t|f09d849e|4|1|1,true,true
P9_11_4_4_17,float,negzero,80000000,"[-1, 0.0, 0]",const char*,eacute,c3a9,t|c3a9|2|1|1,true,true
P9_11_4_5_17,float,negzero,80000000,"[-1, 0.0, 0]",const char*,escapes,71756f74652022206261636b736c617368205c207461620968657265,t|71756f74652022206261636b736c617368205c207461620968657265|28|28|28,true,true
P9_11_5_0_17,float,point1,3dcccccd,"[1, 1.60000002384185791015625, -4]",const char*,base_empty,,t||0|0|0,true,true
P9_11_5_1_17,float,point1,3dcccccd,"[1, 1.60000002384185791015625, -4]",const char*,base_hello,68656c6c6f,t|68656c6c6f|5|5|5,true,true
P9_11_5_2_17,float,point1,3dcccccd,"[1, 1.60000002384185791015625, -4]",const char*,base_lines,6c696e65206f6e650a6c696e652074776f,t|6c696e65206f6e650a6c696e652074776f|17|17|17,true,true
P9_11_5_3_17,float,point1,3dcccccd,"[1, 1.60000002384185791015625, -4]",const char*,clef,f09d849e,t|f09d849e|4|1|1,true,true
P9_11_5_4_17,float,point1,3dcccccd,"[1, 1.60000002384185791015625, -4]",const char*,eacute,c3a9,t|c3a9|2|1|1,true,true
P9_11_5_5_17,float,point1,3dcccccd,"[1, 1.60000002384185791015625, -4]",const char*,escapes,71756f74652022206261636b736c617368205c207461620968657265,t|71756f74652022206261636b736c617368205c207461620968657265|28|28|28,true,true
P9_14_0_0_17,float,base_1_5,3fc00000,"[1, 1.5, 0]",T[N] (C array),base,"[1, 2, 3]","c|[1, 1.0, 0],[1, 1.0, 1],[1, 1.5, 1]|integer|as-sorted",true,true
P9_14_0_2_17,float,base_1_5,3fc00000,"[1, 1.5, 0]",T[N] (C array),empty,[],c||empty|as-sorted,true,true
P9_14_0_4_17,float,base_1_5,3fc00000,"[1, 1.5, 0]",T[N] (C array),strs,"['a', 'b']","c|t|61|1|1|1,t|62|1|1|1|integer|as-sorted",true,true
P9_14_1_0_17,float,base_pi,40490fdb,"[1, 1.57079637050628662109375, 1]",T[N] (C array),base,"[1, 2, 3]","c|[1, 1.0, 0],[1, 1.0, 1],[1, 1.5, 1]|integer|as-sorted",true,true
P9_14_1_2_17,float,base_pi,40490fdb,"[1, 1.57079637050628662109375, 1]",T[N] (C array),empty,[],c||empty|as-sorted,true,true
P9_14_1_4_17,float,base_pi,40490fdb,"[1, 1.57079637050628662109375, 1]",T[N] (C array),strs,"['a', 'b']","c|t|61|1|1|1,t|62|1|1|1|integer|as-sorted",true,true
P9_14_2_0_17,float,inf,7f800000,"[1, inf]",T[N] (C array),base,"[1, 2, 3]","c|[1, 1.0, 0],[1, 1.0, 1],[1, 1.5, 1]|integer|as-sorted",true,true
P9_14_2_2_17,float,inf,7f800000,"[1, inf]",T[N] (C array),empty,[],c||empty|as-sorted,true,true
P9_14_2_4_17,float,inf,7f800000,"[1, inf]",T[N] (C array),strs,"['a', 'b']","c|t|61|1|1|1,t|62|1|1|1|integer|as-sorted",true,true
P9_14_3_0_17,float,nan,7fc00000,nan,T[N] (C array),base,"[1, 2, 3]","c|[1, 1.0, 0],[1, 1.0, 1],[1, 1.5, 1]|integer|as-sorted",true,true
P9_14_3_2_17,float,nan,7fc00000,nan,T[N] (C array),empty,[],c||empty|as-sorted,true,true
P9_14_3_4_17,float,nan,7fc00000,nan,T[N] (C array),strs,"['a', 'b']","c|t|61|1|1|1,t|62|1|1|1|integer|as-sorted",true,true
P9_14_4_0_17,float,negzero,80000000,"[-1, 0.0, 0]",T[N] (C array),base,"[1, 2, 3]","c|[1, 1.0, 0],[1, 1.0, 1],[1, 1.5, 1]|integer|as-sorted",true,true
P9_14_4_2_17,float,negzero,80000000,"[-1, 0.0, 0]",T[N] (C array),empty,[],c||empty|as-sorted,true,true
P9_14_4_4_17,float,negzero,80000000,"[-1, 0.0, 0]",T[N] (C array),strs,"['a', 'b']","c|t|61|1|1|1,t|62|1|1|1|integer|as-sorted",true,true
P9_14_5_0_17,float,point1,3dcccccd,"[1, 1.60000002384185791015625, -4]",T[N] (C array),base,"[1, 2, 3]","c|[1, 1.0, 0],[1, 1.0, 1],[1, 1.5, 1]|integer|as-sorted",true,true
P9_14_5_2_17,float,point1,3dcccccd,"[1, 1.60000002384185791015625, -4]",T[N] (C array),empty,[],c||empty|as-sorted,true,true
P9_14_5_4_17,float,point1,3dcccccd,"[1, 1.60000002384185791015625, -4]",T[N] (C array),strs,"['a', 'b']","c|t|61|1|1|1,t|62|1|1|1|integer|as-sorted",true,true
P11_1_0_0_17,const char*,base_empty,,t||0|0|0,std::nullptr_t,null,null,null,true,true
P11_1_1_0_17,const char*,base_hello,68656c6c6f,t|68656c6c6f|5|5|5,std::nullptr_t,null,null,null,true,true
P11_1_2_0_17,const char*,base_lines,6c696e65206f6e650a6c696e652074776f,t|6c696e65206f6e650a6c696e652074776f|17|17|17,std::nullptr_t,null,null,null,true,true
P11_1_3_0_17,const char*,clef,f09d849e,t|f09d849e|4|1|1,std::nullptr_t,null,null,null,true,true
P11_1_4_0_17,const char*,eacute,c3a9,t|c3a9|2|1|1,std::nullptr_t,null,null,null,true,true
P11_1_5_0_17,const char*,escapes,71756f74652022206261636b736c617368205c207461620968657265,t|71756f74652022206261636b736c617368205c207461620968657265|28|28|28,std::nullptr_t,null,null,null,true,true
P11_2_0_0_17,const char*,base_empty,,t||0|0|0,std::optional<int64_t>,null,null,null,true,true
P11_2_1_0_17,const char*,base_hello,68656c6c6f,t|68656c6c6f|5|5|5,std::optional<int64_t>,null,null,null,true,true
P11_2_2_0_17,const char*,base_lines,6c696e65206f6e650a6c696e652074776f,t|6c696e65206f6e650a6c696e652074776f|17|17|17,std::optional<int64_t>,null,null,null,true,true
P11_2_3_0_17,const char*,clef,f09d849e,t|f09d849e|4|1|1,std::optional<int64_t>,null,null,null,true,true
P11_2_4_0_17,const char*,eacute,c3a9,t|c3a9|2|1|1,std::optional<int64_t>,null,null,null,true,true
P11_2_5_0_17,const char*,escapes,71756f74652022206261636b736c617368205c207461620968657265,t|71756f74652022206261636b736c617368205c207461620968657265|28|28|28,std::optional<int64_t>,null,null,null,true,true
P11_3_0_0_17,const char*,base_empty,,t||0|0|0,bool,false,false,false,true,true
P11_3_0_1_17,const char*,base_empty,,t||0|0|0,bool,true,true,true,true,true
P11_3_1_0_17,const char*,base_hello,68656c6c6f,t|68656c6c6f|5|5|5,bool,false,false,false,true,true
P11_3_1_1_17,const char*,base_hello,68656c6c6f,t|68656c6c6f|5|5|5,bool,true,true,true,true,true
P11_3_2_0_17,const char*,base_lines,6c696e65206f6e650a6c696e652074776f,t|6c696e65206f6e650a6c696e652074776f|17|17|17,bool,false,false,false,true,true
P11_3_2_1_17,const char*,base_lines,6c696e65206f6e650a6c696e652074776f,t|6c696e65206f6e650a6c696e652074776f|17|17|17,bool,true,true,true,true,true
P11_3_3_0_17,const char*,clef,f09d849e,t|f09d849e|4|1|1,bool,false,false,false,true,true
P11_3_3_1_17,const char*,clef,f09d849e,t|f09d849e|4|1|1,bool,true,true,true,true,true
P11_3_4_0_17,const char*,eacute,c3a9,t|c3a9|2|1|1,bool,false,false,false,true,true
P11_3_4_1_17,const char*,eacute,c3a9,t|c3a9|2|1|1,bool,true,true,true,true,true
P11_3_5_0_17,const char*,escapes,71756f74652022206261636b736c617368205c207461620968657265,t|71756f74652022206261636b736c617368205c207461620968657265|28|28|28,bool,false,false,false,true,true
P11_3_5_1_17,const char*,escapes,71756f74652022206261636b736c617368205c207461620968657265,t|71756f74652022206261636b736c617368205c207461620968657265|28|28|28,bool,true,true,true,true,true
P11_4_0_0_17,const char*,base_empty,,t||0|0|0,int32_t,base_42,0000002a,"[1, 1.3125, 5]",true,true
P11_4_0_1_17,const char*,base_empty,,t||0|0|0,int32_t,base_zero,00000000,"[1, 0.0, 0]",true,true
P11_4_0_2_17,const char*,base_empty,,t||0|0|0,int32_t,i64max,ffffffff,"[-1, 1.0, 0]",true,true
P11_4_0_3_17,const char*,base_empty,,t||0|0|0,int32_t,i64max_plus1,00000000,"[1, 0.0, 0]",true,true
P11_4_0_4_17,const char*,base_empty,,t||0|0|0,int32_t,p53_plus1,00000001,"[1, 1.0, 0]",true,true
P11_4_0_5_17,const char*,base_empty,,t||0|0|0,int32_t,u64max,ffffffff,"[-1, 1.0, 0]",true,true
P11_4_1_0_17,const char*,base_hello,68656c6c6f,t|68656c6c6f|5|5|5,int32_t,base_42,0000002a,"[1, 1.3125, 5]",true,true
P11_4_1_1_17,const char*,base_hello,68656c6c6f,t|68656c6c6f|5|5|5,int32_t,base_zero,00000000,"[1, 0.0, 0]",true,true
P11_4_1_2_17,const char*,base_hello,68656c6c6f,t|68656c6c6f|5|5|5,int32_t,i64max,ffffffff,"[-1, 1.0, 0]",true,true
P11_4_1_3_17,const char*,base_hello,68656c6c6f,t|68656c6c6f|5|5|5,int32_t,i64max_plus1,00000000,"[1, 0.0, 0]",true,true
P11_4_1_4_17,const char*,base_hello,68656c6c6f,t|68656c6c6f|5|5|5,int32_t,p53_plus1,00000001,"[1, 1.0, 0]",true,true
P11_4_1_5_17,const char*,base_hello,68656c6c6f,t|68656c6c6f|5|5|5,int32_t,u64max,ffffffff,"[-1, 1.0, 0]",true,true
P11_4_2_0_17,const char*,base_lines,6c696e65206f6e650a6c696e652074776f,t|6c696e65206f6e650a6c696e652074776f|17|17|17,int32_t,base_42,0000002a,"[1, 1.3125, 5]",true,true
P11_4_2_1_17,const char*,base_lines,6c696e65206f6e650a6c696e652074776f,t|6c696e65206f6e650a6c696e652074776f|17|17|17,int32_t,base_zero,00000000,"[1, 0.0, 0]",true,true
P11_4_2_2_17,const char*,base_lines,6c696e65206f6e650a6c696e652074776f,t|6c696e65206f6e650a6c696e652074776f|17|17|17,int32_t,i64max,ffffffff,"[-1, 1.0, 0]",true,true
P11_4_2_3_17,const char*,base_lines,6c696e65206f6e650a6c696e652074776f,t|6c696e65206f6e650a6c696e652074776f|17|17|17,int32_t,i64max_plus1,00000000,"[1, 0.0, 0]",true,true
P11_4_2_4_17,const char*,base_lines,6c696e65206f6e650a6c696e652074776f,t|6c696e65206f6e650a6c696e652074776f|17|17|17,int32_t,p53_plus1,00000001,"[1, 1.0, 0]",true,true
P11_4_2_5_17,const char*,base_lines,6c696e65206f6e650a6c696e652074776f,t|6c696e65206f6e650a6c696e652074776f|17|17|17,int32_t,u64max,ffffffff,"[-1, 1.0, 0]",true,true
P11_4_3_0_17,const char*,clef,f09d849e,t|f09d849e|4|1|1,int32_t,base_42,0000002a,"[1, 1.3125, 5]",true,true
P11_4_3_1_17,const char*,clef,f09d849e,t|f09d849e|4|1|1,int32_t,base_zero,00000000,"[1, 0.0, 0]",true,true
P11_4_3_2_17,const char*,clef,f09d849e,t|f09d849e|4|1|1,int32_t,i64max,ffffffff,"[-1, 1.0, 0]",true,true
P11_4_3_3_17,const char*,clef,f09d849e,t|f09d849e|4|1|1,int32_t,i64max_plus1,00000000,"[1, 0.0, 0]",true,true
P11_4_3_4_17,const char*,clef,f09d849e,t|f09d849e|4|1|1,int32_t,p53_plus1,00000001,"[1, 1.0, 0]",true,true
P11_4_3_5_17,const char*,clef,f09d849e,t|f09d849e|4|1|1,int32_t,u64max,ffffffff,"[-1, 1.0, 0]",true,true
P11_4_4_0_17,const char*,eacute,c3a9,t|c3a9|2|1|1,int32_t,base_42,0000002a,"[1, 1.3125, 5]",true,true
P11_4_4_1_17,const char*,eacute,c3a9,t|c3a9|2|1|1,int32_t,base_zero,00000000,"[1, 0.0, 0]",true,true
P11_4_4_2_17,const char*,eacute,c3a9,t|c3a9|2|1|1,int32_t,i64max,ffffffff,"[-1, 1.0, 0]",true,true
P11_4_4_3_17,const char*,eacute,c3a9,t|c3a9|2|1|1,int32_t,i64max_plus1,00000000,"[1, 0.0, 0]",true,true
P11_4_4_4_17,const char*,eacute,c3a9,t|c3a9|2|1|1,int32_t,p53_plus1,00000001,"[1, 1.0, 0]",true,true
P11_4_4_5_17,const char*,eacute,c3a9,t|c3a9|2|1|1,int32_t,u64max,ffffffff,"[-1, 1.0, 0]",true,true
P11_4_5_0_17,const char*,escapes,71756f74652022206261636b736c617368205c207461620968657265,t|71756f74652022206261636b736c617368205c207461620968657265|28|28|28,int32_t,base_42,0000002a,"[1, 1.3125, 5]",true,true
P11_4_5_1_17,const char*,escapes,71756f74652022206261636b736c617368205c207461620968657265,t|71756f74652022206261636b736c617368205c207461620968657265|28|28|28,int32_t,base_zero,00000000,"[1, 0.0, 0]",true,true
P11_4_5_2_17,const char*,escapes,71756f74652022206261636b736c617368205c207461620968657265,t|71756f74652022206261636b736c617368205c207461620968657265|28|28|28,int32_t,i64max,ffffffff,"[-1, 1.0, 0]",true,true
P11_4_5_3_17,const char*,escapes,71756f74652022206261636b736c617368205c207461620968657265,t|71756f74652022206261636b736c617368205c207461620968657265|28|28|28,int32_t,i64max_plus1,00000000,"[1, 0.0, 0]",true,true
P11_4_5_4_17,const char*,escapes,71756f74652022206261636b736c617368205c207461620968657265,t|71756f74652022206261636b736c617368205c207461620968657265|28|28|28,int32_t,p53_plus1,00000001,"[1, 1.0, 0]",true,true
P11_4_5_5_17,const char*,escapes,71756f74652022206261636b736c617368205c207461620968657265,t|71756f74652022206261636b736c617368205c207461620968657265|28|28|28,int32_t,u64max,ffffffff,"[-1, 1.0, 0]",true,true
P11_5_0_0_17,const char*,base_empty,,t||0|0|0,int64_t,base_42,000000000000002a,"[1, 1.3125, 5]",true,true
P11_5_0_1_17,const char*,base_empty,,t||0|0|0,int64_t,base_zero,0000000000000000,"[1, 0.0, 0]",true,true
P11_5_0_2_17,const char*,base_empty,,t||0|0|0,int64_t,i64max,7fffffffffffffff,"[1, 1.9999999999999999997831595655029, 62]",true,true
P11_5_0_3_17,const char*,base_empty,,t||0|0|0,int64_t,i64max_plus1,8000000000000000,"[-1, 1.0, 63]",true,true
P11_5_0_4_17,const char*,base_empty,,t||0|0|0,int64_t,p53_plus1,0020000000000001,"[1, 1.0000000000000001110223024625157, 53]",true,true
P11_5_0_5_17,const char*,base_empty,,t||0|0|0,int64_t,u64max,ffffffffffffffff,"[-1, 1.0, 0]",true,true
P11_5_1_0_17,const char*,base_hello,68656c6c6f,t|68656c6c6f|5|5|5,int64_t,base_42,000000000000002a,"[1, 1.3125, 5]",true,true
P11_5_1_1_17,const char*,base_hello,68656c6c6f,t|68656c6c6f|5|5|5,int64_t,base_zero,0000000000000000,"[1, 0.0, 0]",true,true
P11_5_1_2_17,const char*,base_hello,68656c6c6f,t|68656c6c6f|5|5|5,int64_t,i64max,7fffffffffffffff,"[1, 1.9999999999999999997831595655029, 62]",true,true
P11_5_1_3_17,const char*,base_hello,68656c6c6f,t|68656c6c6f|5|5|5,int64_t,i64max_plus1,8000000000000000,"[-1, 1.0, 63]",true,true
P11_5_1_4_17,const char*,base_hello,68656c6c6f,t|68656c6c6f|5|5|5,int64_t,p53_plus1,0020000000000001,"[1, 1.0000000000000001110223024625157, 53]",true,true
P11_5_1_5_17,const char*,base_hello,68656c6c6f,t|68656c6c6f|5|5|5,int64_t,u64max,ffffffffffffffff,"[-1, 1.0, 0]",true,true
P11_5_2_0_17,const char*,base_lines,6c696e65206f6e650a6c696e652074776f,t|6c696e65206f6e650a6c696e652074776f|17|17|17,int64_t,base_42,000000000000002a,"[1, 1.3125, 5]",true,true
P11_5_2_1_17,const char*,base_lines,6c696e65206f6e650a6c696e652074776f,t|6c696e65206f6e650a6c696e652074776f|17|17|17,int64_t,base_zero,0000000000000000,"[1, 0.0, 0]",true,true
P11_5_2_2_17,const char*,base_lines,6c696e65206f6e650a6c696e652074776f,t|6c696e65206f6e650a6c696e652074776f|17|17|17,int64_t,i64max,7fffffffffffffff,"[1, 1.9999999999999999997831595655029, 62]",true,true
P11_5_2_3_17,const char*,base_lines,6c696e65206f6e650a6c696e652074776f,t|6c696e65206f6e650a6c696e652074776f|17|17|17,int64_t,i64max_plus1,8000000000000000,"[-1, 1.0, 63]",true,true
P11_5_2_4_17,const char*,base_lines,6c696e65206f6e650a6c696e652074776f,t|6c696e65206f6e650a6c696e652074776f|17|17|17,int64_t,p53_plus1,0020000000000001,"[1, 1.0000000000000001110223024625157, 53]",true,true
P11_5_2_5_17,const char*,base_lines,6c696e65206f6e650a6c696e652074776f,t|6c696e65206f6e650a6c696e652074776f|17|17|17,int64_t,u64max,ffffffffffffffff,"[-1, 1.0, 0]",true,true
P11_5_3_0_17,const char*,clef,f09d849e,t|f09d849e|4|1|1,int64_t,base_42,000000000000002a,"[1, 1.3125, 5]",true,true
P11_5_3_1_17,const char*,clef,f09d849e,t|f09d849e|4|1|1,int64_t,base_zero,0000000000000000,"[1, 0.0, 0]",true,true
P11_5_3_2_17,const char*,clef,f09d849e,t|f09d849e|4|1|1,int64_t,i64max,7fffffffffffffff,"[1, 1.9999999999999999997831595655029, 62]",true,true
P11_5_3_3_17,const char*,clef,f09d849e,t|f09d849e|4|1|1,int64_t,i64max_plus1,8000000000000000,"[-1, 1.0, 63]",true,true
P11_5_3_4_17,const char*,clef,f09d849e,t|f09d849e|4|1|1,int64_t,p53_plus1,0020000000000001,"[1, 1.0000000000000001110223024625157, 53]",true,true
P11_5_3_5_17,const char*,clef,f09d849e,t|f09d849e|4|1|1,int64_t,u64max,ffffffffffffffff,"[-1, 1.0, 0]",true,true
P11_5_4_0_17,const char*,eacute,c3a9,t|c3a9|2|1|1,int64_t,base_42,000000000000002a,"[1, 1.3125, 5]",true,true
P11_5_4_1_17,const char*,eacute,c3a9,t|c3a9|2|1|1,int64_t,base_zero,0000000000000000,"[1, 0.0, 0]",true,true
P11_5_4_2_17,const char*,eacute,c3a9,t|c3a9|2|1|1,int64_t,i64max,7fffffffffffffff,"[1, 1.9999999999999999997831595655029, 62]",true,true
P11_5_4_3_17,const char*,eacute,c3a9,t|c3a9|2|1|1,int64_t,i64max_plus1,8000000000000000,"[-1, 1.0, 63]",true,true
P11_5_4_4_17,const char*,eacute,c3a9,t|c3a9|2|1|1,int64_t,p53_plus1,0020000000000001,"[1, 1.0000000000000001110223024625157, 53]",true,true
P11_5_4_5_17,const char*,eacute,c3a9,t|c3a9|2|1|1,int64_t,u64max,ffffffffffffffff,"[-1, 1.0, 0]",true,true
P11_5_5_0_17,const char*,escapes,71756f74652022206261636b736c617368205c207461620968657265,t|71756f74652022206261636b736c617368205c207461620968657265|28|28|28,int64_t,base_42,000000000000002a,"[1, 1.3125, 5]",true,true
P11_5_5_1_17,const char*,escapes,71756f74652022206261636b736c617368205c207461620968657265,t|71756f74652022206261636b736c617368205c207461620968657265|28|28|28,int64_t,base_zero,0000000000000000,"[1, 0.0, 0]",true,true
P11_5_5_2_17,const char*,escapes,71756f74652022206261636b736c617368205c207461620968657265,t|71756f74652022206261636b736c617368205c207461620968657265|28|28|28,int64_t,i64max,7fffffffffffffff,"[1, 1.9999999999999999997831595655029, 62]",true,true
P11_5_5_3_17,const char*,escapes,71756f74652022206261636b736c617368205c207461620968657265,t|71756f74652022206261636b736c617368205c207461620968657265|28|28|28,int64_t,i64max_plus1,8000000000000000,"[-1, 1.0, 63]",true,true
P11_5_5_4_17,const char*,escapes,71756f74652022206261636b736c617368205c207461620968657265,t|71756f74652022206261636b736c617368205c207461620968657265|28|28|28,int64_t,p53_plus1,0020000000000001,"[1, 1.0000000000000001110223024625157, 53]",true,true
P11_5_5_5_17,const char*,escapes,71756f74652022206261636b736c617368205c207461620968657265,t|71756f74652022206261636b736c617368205c207461620968657265|28|28|28,int64_t,u64max,ffffffffffffffff,"[-1, 1.0, 0]",true,true
P11_6_0_0_17,const char*,base_empty,,t||0|0|0,uint64_t,base_42,000000000000002a,"[1, 1.3125, 5]",true,true
P11_6_0_1_17,const char*,base_empty,,t||0|0|0,uint64_t,base_zero,0000000000000000,"[1, 0.0, 0]",true,true
P11_6_0_2_17,const char*,base_empty,,t||0|0|0,uint64_t,i64max,7fffffffffffffff,"[1, 1.9999999999999999997831595655029, 62]",true,true
P11_6_0_3_17,const char*,base_empty,,t||0|0|0,uint64_t,i64max_plus1,8000000000000000,"[1, 1.0, 63]",true,true
P11_6_0_4_17,const char*,base_empty,,t||0|0|0,uint64_t,p53_plus1,0020000000000001,"[1, 1.0000000000000001110223024625157, 53]",true,true
P11_6_0_5_17,const char*,base_empty,,t||0|0|0,uint64_t,u64max,ffffffffffffffff,"[1, 1.9999999999999999998915797827514, 63]",true,true
P11_6_1_0_17,const char*,base_hello,68656c6c6f,t|68656c6c6f|5|5|5,uint64_t,base_42,000000000000002a,"[1, 1.3125, 5]",true,true
P11_6_1_1_17,const char*,base_hello,68656c6c6f,t|68656c6c6f|5|5|5,uint64_t,base_zero,0000000000000000,"[1, 0.0, 0]",true,true
P11_6_1_2_17,const char*,base_hello,68656c6c6f,t|68656c6c6f|5|5|5,uint64_t,i64max,7fffffffffffffff,"[1, 1.9999999999999999997831595655029, 62]",true,true
P11_6_1_3_17,const char*,base_hello,68656c6c6f,t|68656c6c6f|5|5|5,uint64_t,i64max_plus1,8000000000000000,"[1, 1.0, 63]",true,true
P11_6_1_4_17,const char*,base_hello,68656c6c6f,t|68656c6c6f|5|5|5,uint64_t,p53_plus1,0020000000000001,"[1, 1.0000000000000001110223024625157, 53]",true,true
P11_6_1_5_17,const char*,base_hello,68656c6c6f,t|68656c6c6f|5|5|5,uint64_t,u64max,ffffffffffffffff,"[1, 1.9999999999999999998915797827514, 63]",true,true
P11_6_2_0_17,const char*,base_lines,6c696e65206f6e650a6c696e652074776f,t|6c696e65206f6e650a6c696e652074776f|17|17|17,uint64_t,base_42,000000000000002a,"[1, 1.3125, 5]",true,true
P11_6_2_1_17,const char*,base_lines,6c696e65206f6e650a6c696e652074776f,t|6c696e65206f6e650a6c696e652074776f|17|17|17,uint64_t,base_zero,0000000000000000,"[1, 0.0, 0]",true,true
P11_6_2_2_17,const char*,base_lines,6c696e65206f6e650a6c696e652074776f,t|6c696e65206f6e650a6c696e652074776f|17|17|17,uint64_t,i64max,7fffffffffffffff,"[1, 1.9999999999999999997831595655029, 62]",true,true
P11_6_2_3_17,const char*,base_lines,6c696e65206f6e650a6c696e652074776f,t|6c696e65206f6e650a6c696e652074776f|17|17|17,uint64_t,i64max_plus1,8000000000000000,"[1, 1.0, 63]",true,true
P11_6_2_4_17,const char*,base_lines,6c696e65206f6e650a6c696e652074776f,t|6c696e65206f6e650a6c696e652074776f|17|17|17,uint64_t,p53_plus1,0020000000000001,"[1, 1.0000000000000001110223024625157, 53]",true,true
P11_6_2_5_17,const char*,base_lines,6c696e65206f6e650a6c696e652074776f,t|6c696e65206f6e650a6c696e652074776f|17|17|17,uint64_t,u64max,ffffffffffffffff,"[1, 1.9999999999999999998915797827514, 63]",true,true
P11_6_3_0_17,const char*,clef,f09d849e,t|f09d849e|4|1|1,uint64_t,base_42,000000000000002a,"[1, 1.3125, 5]",true,true
P11_6_3_1_17,const char*,clef,f09d849e,t|f09d849e|4|1|1,uint64_t,base_zero,0000000000000000,"[1, 0.0, 0]",true,true
P11_6_3_2_17,const char*,clef,f09d849e,t|f09d849e|4|1|1,uint64_t,i64max,7fffffffffffffff,"[1, 1.9999999999999999997831595655029, 62]",true,true
P11_6_3_3_17,const char*,clef,f09d849e,t|f09d849e|4|1|1,uint64_t,i64max_plus1,8000000000000000,"[1, 1.0, 63]",true,true
P11_6_3_4_17,const char*,clef,f09d849e,t|f09d849e|4|1|1,uint64_t,p53_plus1,0020000000000001,"[1, 1.0000000000000001110223024625157, 53]",true,true
P11_6_3_5_17,const char*,clef,f09d849e,t|f09d849e|4|1|1,uint64_t,u64max,ffffffffffffffff,"[1, 1.9999999999999999998915797827514, 63]",true,true
P11_6_4_0_17,const char*,eacute,c3a9,t|c3a9|2|1|1,uint64_t,base_42,000000000000002a,"[1, 1.3125, 5]",true,true
P11_6_4_1_17,const char*,eacute,c3a9,t|c3a9|2|1|1,uint64_t,base_zero,0000000000000000,"[1, 0.0, 0]",true,true
P11_6_4_2_17,const char*,eacute,c3a9,t|c3a9|2|1|1,uint64_t,i64max,7fffffffffffffff,"[1, 1.9999999999999999997831595655029, 62]",true,true
P11_6_4_3_17,const char*,eacute,c3a9,t|c3a9|2|1|1,uint64_t,i64max_plus1,8000000000000000,"[1, 1.0, 63]",true,true
P11_6_4_4_17,const char*,eacute,c3a9,t|c3a9|2|1|1,uint64_t,p53_plus1,0020000000000001,"[1, 1.0000000000000001110223024625157, 53]",true,true
P11_6_4_5_17,const char*,eacute,c3a9,t|c3a9|2|1|1,uint64_t,u64max,ffffffffffffffff,"[1, 1.9999999999999999998915797827514, 63]",true,true
P11_6_5_0_17,const char*,escapes,71756f74652022206261636b736c617368205c207461620968657265,t|71756f74652022206261636b736c617368205c207461620968657265|28|28|28,uint64_t,base_42,000000000000002a,"[1, 1.3125, 5]",true,true
P11_6_5_1_17,const char*,escapes,71756f74652022206261636b736c617368205c207461620968657265,t|71756f74652022206261636b736c617368205c207461620968657265|28|28|28,uint64_t,base_zero,0000000000000000,"[1, 0.0, 0]",true,true
P11_6_5_2_17,const char*,escapes,71756f74652022206261636b736c617368205c207461620968657265,t|71756f74652022206261636b736c617368205c207461620968657265|28|28|28,uint64_t,i64max,7fffffffffffffff,"[1, 1.9999999999999999997831595655029, 62]",true,true
P11_6_5_3_17,const char*,escapes,71756f74652022206261636b736c617368205c207461620968657265,t|71756f74652022206261636b736c617368205c207461620968657265|28|28|28,uint64_t,i64max_plus1,8000000000000000,"[1, 1.0, 63]",true,true
P11_6_5_4_17,const char*,escapes,71756f74652022206261636b736c617368205c207461620968657265,t|71756f74652022206261636b736c617368205c207461620968657265|28|28|28,uint64_t,p53_plus1,0020000000000001,"[1, 1.0000000000000001110223024625157, 53]",true,true
P11_6_5_5_17,const char*,escapes,71756f74652022206261636b736c617368205c207461620968657265,t|71756f74652022206261636b736c617368205c207461620968657265|28|28|28,uint64_t,u64max,ffffffffffffffff,"[1, 1.9999999999999999998915797827514, 63]",true,true
P11_7_0_0_17,const char*,base_empty,,t||0|0|0,__int128,base_42,0000000000000000000000000000002a,"[1, 1.3125, 5]",true,true
P11_7_0_1_17,const char*,base_empty,,t||0|0|0,__int128,base_zero,00000000000000000000000000000000,"[1, 0.0, 0]",true,true
P11_7_0_2_17,const char*,base_empty,,t||0|0|0,__int128,i64max,00000000000000007fffffffffffffff,"[1, 1.9999999999999999997831595655029, 62]",true,true
P11_7_0_3_17,const char*,base_empty,,t||0|0|0,__int128,i64max_plus1,00000000000000008000000000000000,"[1, 1.0, 63]",true,true
P11_7_0_4_17,const char*,base_empty,,t||0|0|0,__int128,p53_plus1,00000000000000000020000000000001,"[1, 1.0000000000000001110223024625157, 53]",true,true
P11_7_0_5_17,const char*,base_empty,,t||0|0|0,__int128,u64max,0000000000000000ffffffffffffffff,"[1, 1.9999999999999999998915797827514, 63]",true,true
P11_7_1_0_17,const char*,base_hello,68656c6c6f,t|68656c6c6f|5|5|5,__int128,base_42,0000000000000000000000000000002a,"[1, 1.3125, 5]",true,true
P11_7_1_1_17,const char*,base_hello,68656c6c6f,t|68656c6c6f|5|5|5,__int128,base_zero,00000000000000000000000000000000,"[1, 0.0, 0]",true,true
P11_7_1_2_17,const char*,base_hello,68656c6c6f,t|68656c6c6f|5|5|5,__int128,i64max,00000000000000007fffffffffffffff,"[1, 1.9999999999999999997831595655029, 62]",true,true
P11_7_1_3_17,const char*,base_hello,68656c6c6f,t|68656c6c6f|5|5|5,__int128,i64max_plus1,00000000000000008000000000000000,"[1, 1.0, 63]",true,true
P11_7_1_4_17,const char*,base_hello,68656c6c6f,t|68656c6c6f|5|5|5,__int128,p53_plus1,00000000000000000020000000000001,"[1, 1.0000000000000001110223024625157, 53]",true,true
P11_7_1_5_17,const char*,base_hello,68656c6c6f,t|68656c6c6f|5|5|5,__int128,u64max,0000000000000000ffffffffffffffff,"[1, 1.9999999999999999998915797827514, 63]",true,true
P11_7_2_0_17,const char*,base_lines,6c696e65206f6e650a6c696e652074776f,t|6c696e65206f6e650a6c696e652074776f|17|17|17,__int128,base_42,0000000000000000000000000000002a,"[1, 1.3125, 5]",true,true
P11_7_2_1_17,const char*,base_lines,6c696e65206f6e650a6c696e652074776f,t|6c696e65206f6e650a6c696e652074776f|17|17|17,__int128,base_zero,00000000000000000000000000000000,"[1, 0.0, 0]",true,true
P11_7_2_2_17,const char*,base_lines,6c696e65206f6e650a6c696e652074776f,t|6c696e65206f6e650a6c696e652074776f|17|17|17,__int128,i64max,00000000000000007fffffffffffffff,"[1, 1.9999999999999999997831595655029, 62]",true,true
P11_7_2_3_17,const char*,base_lines,6c696e65206f6e650a6c696e652074776f,t|6c696e65206f6e650a6c696e652074776f|17|17|17,__int128,i64max_plus1,00000000000000008000000000000000,"[1, 1.0, 63]",true,true
P11_7_2_4_17,const char*,base_lines,6c696e65206f6e650a6c696e652074776f,t|6c696e65206f6e650a6c696e652074776f|17|17|17,__int128,p53_plus1,00000000000000000020000000000001,"[1, 1.0000000000000001110223024625157, 53]",true,true
P11_7_2_5_17,const char*,base_lines,6c696e65206f6e650a6c696e652074776f,t|6c696e65206f6e650a6c696e652074776f|17|17|17,__int128,u64max,0000000000000000ffffffffffffffff,"[1, 1.9999999999999999998915797827514, 63]",true,true
P11_7_3_0_17,const char*,clef,f09d849e,t|f09d849e|4|1|1,__int128,base_42,0000000000000000000000000000002a,"[1, 1.3125, 5]",true,true
P11_7_3_1_17,const char*,clef,f09d849e,t|f09d849e|4|1|1,__int128,base_zero,00000000000000000000000000000000,"[1, 0.0, 0]",true,true
P11_7_3_2_17,const char*,clef,f09d849e,t|f09d849e|4|1|1,__int128,i64max,00000000000000007fffffffffffffff,"[1, 1.9999999999999999997831595655029, 62]",true,true
P11_7_3_3_17,const char*,clef,f09d849e,t|f09d849e|4|1|1,__int128,i64max_plus1,00000000000000008000000000000000,"[1, 1.0, 63]",true,true
P11_7_3_4_17,const char*,clef,f09d849e,t|f09d849e|4|1|1,__int128,p53_plus1,00000000000000000020000000000001,"[1, 1.0000000000000001110223024625157, 53]",true,true
P11_7_3_5_17,const char*,clef,f09d849e,t|f09d849e|4|1|1,__int128,u64max,0000000000000000ffffffffffffffff,"[1, 1.9999999999999999998915797827514, 63]",true,true
P11_7_4_0_17,const char*,eacute,c3a9,t|c3a9|2|1|1,__int128,base_42,0000000000000000000000000000002a,"[1, 1.3125, 5]",true,true
P11_7_4_1_17,const char*,eacute,c3a9,t|c3a9|2|1|1,__int128,base_zero,00000000000000000000000000000000,"[1, 0.0, 0]",true,true
P11_7_4_2_17,const char*,eacute,c3a9,t|c3a9|2|1|1,__int128,i64max,00000000000000007fffffffffffffff,"[1, 1.9999999999999999997831595655029, 62]",true,true
P11_7_4_3_17,const char*,eacute,c3a9,t|c3a9|2|1|1,__int128,i64max_plus1,00000000000000008000000000000000,"[1, 1.0, 63]",true,true
P11_7_4_4_17,const char*,eacute,c3a9,t|c3a9|2|1|1,__int128,p53_plus1,00000000000000000020000000000001,"[1, 1.0000000000000001110223024625157, 53]",true,true
P11_7_4_5_17,const char*,eacute,c3a9,t|c3a9|2|1|1,__int128,u64max,0000000000000000ffffffffffffffff,"[1, 1.9999999999999999998915797827514, 63]",true,true
P11_7_5_0_17,const char*,escapes,71756f74652022206261636b736c617368205c207461620968657265,t|71756f74652022206261636b736c617368205c207461620968657265|28|28|28,__int128,base_42,0000000000000000000000000000002a,"[1, 1.3125, 5]",true,true
P11_7_5_1_17,const char*,escapes,71756f74652022206261636b736c617368205c207461620968657265,t|71756f74652022206261636b736c617368205c207461620968657265|28|28|28,__int128,base_zero,00000000000000000000000000000000,"[1, 0.0, 0]",true,true
P11_7_5_2_17,const char*,escapes,71756f74652022206261636b736c617368205c207461620968657265,t|71756f74652022206261636b736c617368205c207461620968657265|28|28|28,__int128,i64max,00000000000000007fffffffffffffff,"[1, 1.9999999999999999997831595655029, 62]",true,true
P11_7_5_3_17,const char*,escapes,71756f74652022206261636b736c617368205c207461620968657265,t|71756f74652022206261636b736c617368205c207461620968657265|28|28|28,__int128,i64max_plus1,00000000000000008000000000000000,"[1, 1.0, 63]",true,true
P11_7_5_4_17,const char*,escapes,71756f74652022206261636b736c617368205c207461620968657265,t|71756f74652022206261636b736c617368205c207461620968657265|28|28|28,__int128,p53_plus1,00000000000000000020000000000001,"[1, 1.0000000000000001110223024625157, 53]",true,true
P11_7_5_5_17,const char*,escapes,71756f74652022206261636b736c617368205c207461620968657265,t|71756f74652022206261636b736c617368205c207461620968657265|28|28|28,__int128,u64max,0000000000000000ffffffffffffffff,"[1, 1.9999999999999999998915797827514, 63]",true,true
P11_8_0_0_17,const char*,base_empty,,t||0|0|0,double,base_1_5,3ff8000000000000,"[1, 1.5, 0]",true,true
P11_8_0_1_17,const char*,base_empty,,t||0|0|0,double,base_pi,400921fb54442d18,"[1, 1.5707963267948965579989817342721, 1]",true,true
P11_8_0_2_17,const char*,base_empty,,t||0|0|0,double,inf,7ff0000000000000,"[1, inf]",true,true
P11_8_0_3_17,const char*,base_empty,,t||0|0|0,double,nan,7ff8000000000000,nan,true,true
P11_8_0_4_17,const char*,base_empty,,t||0|0|0,double,negzero,8000000000000000,"[-1, 0.0, 0]",true,true
P11_8_0_5_17,const char*,base_empty,,t||0|0|0,double,point1,3fb999999999999a,"[1, 1.6000000000000000888178419700125, -4]",true,true
P11_8_1_0_17,const char*,base_hello,68656c6c6f,t|68656c6c6f|5|5|5,double,base_1_5,3ff8000000000000,"[1, 1.5, 0]",true,true
P11_8_1_1_17,const char*,base_hello,68656c6c6f,t|68656c6c6f|5|5|5,double,base_pi,400921fb54442d18,"[1, 1.5707963267948965579989817342721, 1]",true,true
P11_8_1_2_17,const char*,base_hello,68656c6c6f,t|68656c6c6f|5|5|5,double,inf,7ff0000000000000,"[1, inf]",true,true
P11_8_1_3_17,const char*,base_hello,68656c6c6f,t|68656c6c6f|5|5|5,double,nan,7ff8000000000000,nan,true,true
P11_8_1_4_17,const char*,base_hello,68656c6c6f,t|68656c6c6f|5|5|5,double,negzero,8000000000000000,"[-1, 0.0, 0]",true,true
P11_8_1_5_17,const char*,base_hello,68656c6c6f,t|68656c6c6f|5|5|5,double,point1,3fb999999999999a,"[1, 1.6000000000000000888178419700125, -4]",true,true
P11_8_2_0_17,const char*,base_lines,6c696e65206f6e650a6c696e652074776f,t|6c696e65206f6e650a6c696e652074776f|17|17|17,double,base_1_5,3ff8000000000000,"[1, 1.5, 0]",true,true
P11_8_2_1_17,const char*,base_lines,6c696e65206f6e650a6c696e652074776f,t|6c696e65206f6e650a6c696e652074776f|17|17|17,double,base_pi,400921fb54442d18,"[1, 1.5707963267948965579989817342721, 1]",true,true
P11_8_2_2_17,const char*,base_lines,6c696e65206f6e650a6c696e652074776f,t|6c696e65206f6e650a6c696e652074776f|17|17|17,double,inf,7ff0000000000000,"[1, inf]",true,true
P11_8_2_3_17,const char*,base_lines,6c696e65206f6e650a6c696e652074776f,t|6c696e65206f6e650a6c696e652074776f|17|17|17,double,nan,7ff8000000000000,nan,true,true
P11_8_2_4_17,const char*,base_lines,6c696e65206f6e650a6c696e652074776f,t|6c696e65206f6e650a6c696e652074776f|17|17|17,double,negzero,8000000000000000,"[-1, 0.0, 0]",true,true
P11_8_2_5_17,const char*,base_lines,6c696e65206f6e650a6c696e652074776f,t|6c696e65206f6e650a6c696e652074776f|17|17|17,double,point1,3fb999999999999a,"[1, 1.6000000000000000888178419700125, -4]",true,true
P11_8_3_0_17,const char*,clef,f09d849e,t|f09d849e|4|1|1,double,base_1_5,3ff8000000000000,"[1, 1.5, 0]",true,true
P11_8_3_1_17,const char*,clef,f09d849e,t|f09d849e|4|1|1,double,base_pi,400921fb54442d18,"[1, 1.5707963267948965579989817342721, 1]",true,true
P11_8_3_2_17,const char*,clef,f09d849e,t|f09d849e|4|1|1,double,inf,7ff0000000000000,"[1, inf]",true,true
P11_8_3_3_17,const char*,clef,f09d849e,t|f09d849e|4|1|1,double,nan,7ff8000000000000,nan,true,true
P11_8_3_4_17,const char*,clef,f09d849e,t|f09d849e|4|1|1,double,negzero,8000000000000000,"[-1, 0.0, 0]",true,true
P11_8_3_5_17,const char*,clef,f09d849e,t|f09d849e|4|1|1,double,point1,3fb999999999999a,"[1, 1.6000000000000000888178419700125, -4]",true,true
P11_8_4_0_17,const char*,eacute,c3a9,t|c3a9|2|1|1,double,base_1_5,3ff8000000000000,"[1, 1.5, 0]",true,true
P11_8_4_1_17,const char*,eacute,c3a9,t|c3a9|2|1|1,double,base_pi,400921fb54442d18,"[1, 1.5707963267948965579989817342721, 1]",true,true
P11_8_4_2_17,const char*,eacute,c3a9,t|c3a9|2|1|1,double,inf,7ff0000000000000,"[1, inf]",true,true
P11_8_4_3_17,const char*,eacute,c3a9,t|c3a9|2|1|1,double,nan,7ff8000000000000,nan,true,true
P11_8_4_4_17,const char*,eacute,c3a9,t|c3a9|2|1|1,double,negzero,8000000000000000,"[-1, 0.0, 0]",true,true
P11_8_4_5_17,const char*,eacute,c3a9,t|c3a9|2|1|1,double,point1,3fb999999999999a,"[1, 1.6000000000000000888178419700125, -4]",true,true
P11_8_5_0_17,const char*,escapes,71756f74652022206261636b736c617368205c207461620968657265,t|71756f74652022206261636b736c617368205c207461620968657265|28|28|28,double,base_1_5,3ff8000000000000,"[1, 1.5, 0]",true,true
P11_8_5_1_17,const char*,escapes,71756f74652022206261636b736c617368205c207461620968657265,t|71756f74652022206261636b736c617368205c207461620968657265|28|28|28,double,base_pi,400921fb54442d18,"[1, 1.5707963267948965579989817342721, 1]",true,true
P11_8_5_2_17,const char*,escapes,71756f74652022206261636b736c617368205c207461620968657265,t|71756f74652022206261636b736c617368205c207461620968657265|28|28|28,double,inf,7ff0000000000000,"[1, inf]",true,true
P11_8_5_3_17,const char*,escapes,71756f74652022206261636b736c617368205c207461620968657265,t|71756f74652022206261636b736c617368205c207461620968657265|28|28|28,double,nan,7ff8000000000000,nan,true,true
P11_8_5_4_17,const char*,escapes,71756f74652022206261636b736c617368205c207461620968657265,t|71756f74652022206261636b736c617368205c207461620968657265|28|28|28,double,negzero,8000000000000000,"[-1, 0.0, 0]",true,true
P11_8_5_5_17,const char*,escapes,71756f74652022206261636b736c617368205c207461620968657265,t|71756f74652022206261636b736c617368205c207461620968657265|28|28|28,double,point1,3fb999999999999a,"[1, 1.6000000000000000888178419700125, -4]",true,true
P11_9_0_0_17,const char*,base_empty,,t||0|0|0,float,base_1_5,3fc00000,"[1, 1.5, 0]",true,true
P11_9_0_1_17,const char*,base_empty,,t||0|0|0,float,base_pi,40490fdb,"[1, 1.57079637050628662109375, 1]",true,true
P11_9_0_2_17,const char*,base_empty,,t||0|0|0,float,inf,7f800000,"[1, inf]",true,true
P11_9_0_3_17,const char*,base_empty,,t||0|0|0,float,nan,7fc00000,nan,true,true
P11_9_0_4_17,const char*,base_empty,,t||0|0|0,float,negzero,80000000,"[-1, 0.0, 0]",true,true
P11_9_0_5_17,const char*,base_empty,,t||0|0|0,float,point1,3dcccccd,"[1, 1.60000002384185791015625, -4]",true,true
P11_9_1_0_17,const char*,base_hello,68656c6c6f,t|68656c6c6f|5|5|5,float,base_1_5,3fc00000,"[1, 1.5, 0]",true,true
P11_9_1_1_17,const char*,base_hello,68656c6c6f,t|68656c6c6f|5|5|5,float,base_pi,40490fdb,"[1, 1.57079637050628662109375, 1]",true,true
P11_9_1_2_17,const char*,base_hello,68656c6c6f,t|68656c6c6f|5|5|5,float,inf,7f800000,"[1, inf]",true,true
P11_9_1_3_17,const char*,base_hello,68656c6c6f,t|68656c6c6f|5|5|5,float,nan,7fc00000,nan,true,true
P11_9_1_4_17,const char*,base_hello,68656c6c6f,t|68656c6c6f|5|5|5,float,negzero,80000000,"[-1, 0.0, 0]",true,true
P11_9_1_5_17,const char*,base_hello,68656c6c6f,t|68656c6c6f|5|5|5,float,point1,3dcccccd,"[1, 1.60000002384185791015625, -4]",true,true
P11_9_2_0_17,const char*,base_lines,6c696e65206f6e650a6c696e652074776f,t|6c696e65206f6e650a6c696e652074776f|17|17|17,float,base_1_5,3fc00000,"[1, 1.5, 0]",true,true
P11_9_2_1_17,const char*,base_lines,6c696e65206f6e650a6c696e652074776f,t|6c696e65206f6e650a6c696e652074776f|17|17|17,float,base_pi,40490fdb,"[1, 1.57079637050628662109375, 1]",true,true
P11_9_2_2_17,const char*,base_lines,6c696e65206f6e650a6c696e652074776f,t|6c696e65206f6e650a6c696e652074776f|17|17|17,float,inf,7f800000,"[1, inf]",true,true
P11_9_2_3_17,const char*,base_lines,6c696e65206f6e650a6c696e652074776f,t|6c696e65206f6e650a6c696e652074776f|17|17|17,float,nan,7fc00000,nan,true,true
P11_9_2_4_17,const char*,base_lines,6c696e65206f6e650a6c696e652074776f,t|6c696e65206f6e650a6c696e652074776f|17|17|17,float,negzero,80000000,"[-1, 0.0, 0]",true,true
P11_9_2_5_17,const char*,base_lines,6c696e65206f6e650a6c696e652074776f,t|6c696e65206f6e650a6c696e652074776f|17|17|17,float,point1,3dcccccd,"[1, 1.60000002384185791015625, -4]",true,true
P11_9_3_0_17,const char*,clef,f09d849e,t|f09d849e|4|1|1,float,base_1_5,3fc00000,"[1, 1.5, 0]",true,true
P11_9_3_1_17,const char*,clef,f09d849e,t|f09d849e|4|1|1,float,base_pi,40490fdb,"[1, 1.57079637050628662109375, 1]",true,true
P11_9_3_2_17,const char*,clef,f09d849e,t|f09d849e|4|1|1,float,inf,7f800000,"[1, inf]",true,true
P11_9_3_3_17,const char*,clef,f09d849e,t|f09d849e|4|1|1,float,nan,7fc00000,nan,true,true
P11_9_3_4_17,const char*,clef,f09d849e,t|f09d849e|4|1|1,float,negzero,80000000,"[-1, 0.0, 0]",true,true
P11_9_3_5_17,const char*,clef,f09d849e,t|f09d849e|4|1|1,float,point1,3dcccccd,"[1, 1.60000002384185791015625, -4]",true,true
P11_9_4_0_17,const char*,eacute,c3a9,t|c3a9|2|1|1,float,base_1_5,3fc00000,"[1, 1.5, 0]",true,true
P11_9_4_1_17,const char*,eacute,c3a9,t|c3a9|2|1|1,float,base_pi,40490fdb,"[1, 1.57079637050628662109375, 1]",true,true
P11_9_4_2_17,const char*,eacute,c3a9,t|c3a9|2|1|1,float,inf,7f800000,"[1, inf]",true,true
P11_9_4_3_17,const char*,eacute,c3a9,t|c3a9|2|1|1,float,nan,7fc00000,nan,true,true
P11_9_4_4_17,const char*,eacute,c3a9,t|c3a9|2|1|1,float,negzero,80000000,"[-1, 0.0, 0]",true,true
P11_9_4_5_17,const char*,eacute,c3a9,t|c3a9|2|1|1,float,point1,3dcccccd,"[1, 1.60000002384185791015625, -4]",true,true
P11_9_5_0_17,const char*,escapes,71756f74652022206261636b736c617368205c207461620968657265,t|71756f74652022206261636b736c617368205c207461620968657265|28|28|28,float,base_1_5,3fc00000,"[1, 1.5, 0]",true,true
P11_9_5_1_17,const char*,escapes,71756f74652022206261636b736c617368205c207461620968657265,t|71756f74652022206261636b736c617368205c207461620968657265|28|28|28,float,base_pi,40490fdb,"[1, 1.57079637050628662109375, 1]",true,true
P11_9_5_2_17,const char*,escapes,71756f74652022206261636b736c617368205c207461620968657265,t|71756f74652022206261636b736c617368205c207461620968657265|28|28|28,float,inf,7f800000,"[1, inf]",true,true
P11_9_5_3_17,const char*,escapes,71756f74652022206261636b736c617368205c207461620968657265,t|71756f74652022206261636b736c617368205c207461620968657265|28|28|28,float,nan,7fc00000,nan,true,true
P11_9_5_4_17,const char*,escapes,71756f74652022206261636b736c617368205c207461620968657265,t|71756f74652022206261636b736c617368205c207461620968657265|28|28|28,float,negzero,80000000,"[-1, 0.0, 0]",true,true
P11_9_5_5_17,const char*,escapes,71756f74652022206261636b736c617368205c207461620968657265,t|71756f74652022206261636b736c617368205c207461620968657265|28|28|28,float,point1,3dcccccd,"[1, 1.60000002384185791015625, -4]",true,true
P11_11_0_0_17,const char*,base_empty,,t||0|0|0,const char*,base_empty,,t||0|0|0,true,true
P11_11_0_1_17,const char*,base_empty,,t||0|0|0,const char*,base_hello,68656c6c6f,t|68656c6c6f|5|5|5,true,true
P11_11_0_2_17,const char*,base_empty,,t||0|0|0,const char*,base_lines,6c696e65206f6e650a6c696e652074776f,t|6c696e65206f6e650a6c696e652074776f|17|17|17,true,true
P11_11_0_3_17,const char*,base_empty,,t||0|0|0,const char*,clef,f09d849e,t|f09d849e|4|1|1,true,true
P11_11_0_4_17,const char*,base_empty,,t||0|0|0,const char*,eacute,c3a9,t|c3a9|2|1|1,true,true
P11_11_0_5_17,const char*,base_empty,,t||0|0|0,const char*,escapes,71756f74652022206261636b736c617368205c207461620968657265,t|71756f74652022206261636b736c617368205c207461620968657265|28|28|28,true,true
P11_11_1_0_17,const char*,base_hello,68656c6c6f,t|68656c6c6f|5|5|5,const char*,base_empty,,t||0|0|0,true,true
P11_11_1_1_17,const char*,base_hello,68656c6c6f,t|68656c6c6f|5|5|5,const char*,base_hello,68656c6c6f,t|68656c6c6f|5|5|5,true,true
P11_11_1_2_17,const char*,base_hello,68656c6c6f,t|68656c6c6f|5|5|5,const char*,base_lines,6c696e65206f6e650a6c696e652074776f,t|6c696e65206f6e650a6c696e652074776f|17|17|17,true,true
P11_11_1_3_17,const char*,base_hello,68656c6c6f,t|68656c6c6f|5|5|5,const char*,clef,f09d849e,t|f09d849e|4|1|1,true,true
P11_11_1_4_17,const char*,base_hello,68656c6c6f,t|68656c6c6f|5|5|5,const char*,eacute,c3a9,t|c3a9|2|1|1,true,true
P11_11_1_5_17,const char*,base_hello,68656c6c6f,t|68656c6c6f|5|5|5,const char*,escapes,71756f74652022206261636b736c617368205c207461620968657265,t|71756f74652022206261636b736c617368205c207461620968657265|28|28|28,true,true
P11_11_2_0_17,const char*,base_lines,6c696e65206f6e650a6c696e652074776f,t|6c696e65206f6e650a6c696e652074776f|17|17|17,const char*,base_empty,,t||0|0|0,true,true
P11_11_2_1_17,const char*,base_lines,6c696e65206f6e650a6c696e652074776f,t|6c696e65206f6e650a6c696e652074776f|17|17|17,const char*,base_hello,68656c6c6f,t|68656c6c6f|5|5|5,true,true
P11_11_2_2_17,const char*,base_lines,6c696e65206f6e650a6c696e652074776f,t|6c696e65206f6e650a6c696e652074776f|17|17|17,const char*,base_lines,6c696e65206f6e650a6c696e652074776f,t|6c696e65206f6e650a6c696e652074776f|17|17|17,true,true
P11_11_2_3_17,const char*,base_lines,6c696e65206f6e650a6c696e652074776f,t|6c696e65206f6e650a6c696e652074776f|17|17|17,const char*,clef,f09d849e,t|f09d849e|4|1|1,true,true
P11_11_2_4_17,const char*,base_lines,6c696e65206f6e650a6c696e652074776f,t|6c696e65206f6e650a6c696e652074776f|17|17|17,const char*,eacute,c3a9,t|c3a9|2|1|1,true,true
P11_11_2_5_17,const char*,base_lines,6c696e65206f6e650a6c696e652074776f,t|6c696e65206f6e650a6c696e652074776f|17|17|17,const char*,escapes,71756f74652022206261636b736c617368205c207461620968657265,t|71756f74652022206261636b736c617368205c207461620968657265|28|28|28,true,true
P11_11_3_0_17,const char*,clef,f09d849e,t|f09d849e|4|1|1,const char*,base_empty,,t||0|0|0,true,true
P11_11_3_1_17,const char*,clef,f09d849e,t|f09d849e|4|1|1,const char*,base_hello,68656c6c6f,t|68656c6c6f|5|5|5,true,true
P11_11_3_2_17,const char*,clef,f09d849e,t|f09d849e|4|1|1,const char*,base_lines,6c696e65206f6e650a6c696e652074776f,t|6c696e65206f6e650a6c696e652074776f|17|17|17,true,true
P11_11_3_3_17,const char*,clef,f09d849e,t|f09d849e|4|1|1,const char*,clef,f09d849e,t|f09d849e|4|1|1,true,true
P11_11_3_4_17,const char*,clef,f09d849e,t|f09d849e|4|1|1,const char*,eacute,c3a9,t|c3a9|2|1|1,true,true
P11_11_3_5_17,const char*,clef,f09d849e,t|f09d849e|4|1|1,const char*,escapes,71756f74652022206261636b736c617368205c207461620968657265,t|71756f74652022206261636b736c617368205c207461620968657265|28|28|28,true,true
P11_11_4_0_17,const char*,eacute,c3a9,t|c3a9|2|1|1,const char*,base_empty,,t||0|0|0,true,true
P11_11_4_1_17,const char*,eacute,c3a9,t|c3a9|2|1|1,const char*,base_hello,68656c6c6f,t|68656c6c6f|5|5|5,true,true
P11_11_4_2_17,const char*,eacute,c3a9,t|c3a9|2|1|1,const char*,base_lines,6c696e65206f6e650a6c696e652074776f,t|6c696e65206f6e650a6c696e652074776f|17|17|17,true,true
P11_11_4_3_17,const char*,eacute,c3a9,t|c3a9|2|1|1,const char*,clef,f09d849e,t|f09d849e|4|1|1,true,true
P11_11_4_4_17,const char*,eacute,c3a9,t|c3a9|2|1|1,const char*,eacute,c3a9,t|c3a9|2|1|1,true,true
P11_11_4_5_17,const char*,eacute,c3a9,t|c3a9|2|1|1,const char*,escapes,71756f74652022206261636b736c617368205c207461620968657265,t|71756f74652022206261636b736c617368205c207461620968657265|28|28|28,true,true
P11_11_5_0_17,const char*,escapes,71756f74652022206261636b736c617368205c207461620968657265,t|71756f74652022206261636b736c617368205c207461620968657265|28|28|28,const char*,base_empty,,t||0|0|0,true,true
P11_11_5_1_17,const char*,escapes,71756f74652022206261636b736c617368205c207461620968657265,t|71756f74652022206261636b736c617368205c207461620968657265|28|28|28,const char*,base_hello,68656c6c6f,t|68656c6c6f|5|5|5,true,true
P11_11_5_2_17,const char*,escapes,71756f74652022206261636b736c617368205c207461620968657265,t|71756f74652022206261636b736c617368205c207461620968657265|28|28|28,const char*,base_lines,6c696e65206f6e650a6c696e652074776f,t|6c696e65206f6e650a6c696e652074776f|17|17|17,true,true
P11_11_5_3_17,const char*,escapes,71756f74652022206261636b736c617368205c207461620968657265,t|71756f74652022206261636b736c617368205c207461620968657265|28|28|28,const char*,clef,f09d849e,t|f09d849e|4|1|1,true,true
P11_11_5_4_17,const char*,escapes,71756f74652022206261636b736c617368205c207461620968657265,t|71756f74652022206261636b736c617368205c207461620968657265|28|28|28,const char*,eacute,c3a9,t|c3a9|2|1|1,true,true
P11_11_5_5_17,const char*,escapes,71756f74652022206261636b736c617368205c207461620968657265,t|71756f74652022206261636b736c617368205c207461620968657265|28|28|28,const char*,escapes,71756f74652022206261636b736c617368205c207461620968657265,t|71756f74652022206261636b736c617368205c207461620968657265|28|28|28,true,true
P11_14_0_0_17,const char*,base_empty,,t||0|0|0,T[N] (C array),base,"[1, 2, 3]","c|[1, 1.0, 0],[1, 1.0, 1],[1, 1.5, 1]|integer|as-sorted",true,true
P11_14_0_2_17,const char*,base_empty,,t||0|0|0,T[N] (C array),empty,[],c||empty|as-sorted,true,true
P11_14_0_4_17,const char*,base_empty,,t||0|0|0,T[N] (C array),strs,"['a', 'b']","c|t|61|1|1|1,t|62|1|1|1|integer|as-sorted",true,true
P11_14_1_0_17,const char*,base_hello,68656c6c6f,t|68656c6c6f|5|5|5,T[N] (C array),base,"[1, 2, 3]","c|[1, 1.0, 0],[1, 1.0, 1],[1, 1.5, 1]|integer|as-sorted",true,true
P11_14_1_2_17,const char*,base_hello,68656c6c6f,t|68656c6c6f|5|5|5,T[N] (C array),empty,[],c||empty|as-sorted,true,true
P11_14_1_4_17,const char*,base_hello,68656c6c6f,t|68656c6c6f|5|5|5,T[N] (C array),strs,"['a', 'b']","c|t|61|1|1|1,t|62|1|1|1|integer|as-sorted",true,true
P11_14_2_0_17,const char*,base_lines,6c696e65206f6e650a6c696e652074776f,t|6c696e65206f6e650a6c696e652074776f|17|17|17,T[N] (C array),base,"[1, 2, 3]","c|[1, 1.0, 0],[1, 1.0, 1],[1, 1.5, 1]|integer|as-sorted",true,true
P11_14_2_2_17,const char*,base_lines,6c696e65206f6e650a6c696e652074776f,t|6c696e65206f6e650a6c696e652074776f|17|17|17,T[N] (C array),empty,[],c||empty|as-sorted,true,true
P11_14_2_4_17,const char*,base_lines,6c696e65206f6e650a6c696e652074776f,t|6c696e65206f6e650a6c696e652074776f|17|17|17,T[N] (C array),strs,"['a', 'b']","c|t|61|1|1|1,t|62|1|1|1|integer|as-sorted",true,true
P11_14_3_0_17,const char*,clef,f09d849e,t|f09d849e|4|1|1,T[N] (C array),base,"[1, 2, 3]","c|[1, 1.0, 0],[1, 1.0, 1],[1, 1.5, 1]|integer|as-sorted",true,true
P11_14_3_2_17,const char*,clef,f09d849e,t|f09d849e|4|1|1,T[N] (C array),empty,[],c||empty|as-sorted,true,true
P11_14_3_4_17,const char*,clef,f09d849e,t|f09d849e|4|1|1,T[N] (C array),strs,"['a', 'b']","c|t|61|1|1|1,t|62|1|1|1|integer|as-sorted",true,true
P11_14_4_0_17,const char*,eacute,c3a9,t|c3a9|2|1|1,T[N] (C array),base,"[1, 2, 3]","c|[1, 1.0, 0],[1, 1.0, 1],[1, 1.5, 1]|integer|as-sorted",true,true
P11_14_4_2_17,const char*,eacute,c3a9,t|c3a9|2|1|1,T[N] (C array),empty,[],c||empty|as-sorted,true,true
P11_14_4_4_17,const char*,eacute,c3a9,t|c3a9|2|1|1,T[N] (C array),strs,"['a', 'b']","c|t|61|1|1|1,t|62|1|1|1|integer|as-sorted",true,true
P11_14_5_0_17,const char*,escapes,71756f74652022206261636b736c617368205c207461620968657265,t|71756f74652022206261636b736c617368205c207461620968657265|28|28|28,T[N] (C array),base,"[1, 2, 3]","c|[1, 1.0, 0],[1, 1.0, 1],[1, 1.5, 1]|integer|as-sorted",true,true
P11_14_5_2_17,const char*,escapes,71756f74652022206261636b736c617368205c207461620968657265,t|71756f74652022206261636b736c617368205c207461620968657265|28|28|28,T[N] (C array),empty,[],c||empty|as-sorted,true,true
P11_14_5_4_17,const char*,escapes,71756f74652022206261636b736c617368205c207461620968657265,t|71756f74652022206261636b736c617368205c207461620968657265|28|28|28,T[N] (C array),strs,"['a', 'b']","c|t|61|1|1|1,t|62|1|1|1|integer|as-sorted",true,true
P14_1_0_0_17,T[N] (C array),base,"[1, 2, 3]","c|[1, 1.0, 0],[1, 1.0, 1],[1, 1.5, 1]|integer|as-sorted",std::nullptr_t,null,null,null,true,true
P14_1_2_0_17,T[N] (C array),empty,[],c||empty|as-sorted,std::nullptr_t,null,null,null,true,true
P14_1_4_0_17,T[N] (C array),strs,"['a', 'b']","c|t|61|1|1|1,t|62|1|1|1|integer|as-sorted",std::nullptr_t,null,null,null,true,true
P14_2_0_0_17,T[N] (C array),base,"[1, 2, 3]","c|[1, 1.0, 0],[1, 1.0, 1],[1, 1.5, 1]|integer|as-sorted",std::optional<int64_t>,null,null,null,true,true
P14_2_2_0_17,T[N] (C array),empty,[],c||empty|as-sorted,std::optional<int64_t>,null,null,null,true,true
P14_2_4_0_17,T[N] (C array),strs,"['a', 'b']","c|t|61|1|1|1,t|62|1|1|1|integer|as-sorted",std::optional<int64_t>,null,null,null,true,true
P14_3_0_0_17,T[N] (C array),base,"[1, 2, 3]","c|[1, 1.0, 0],[1, 1.0, 1],[1, 1.5, 1]|integer|as-sorted",bool,false,false,false,true,true
P14_3_0_1_17,T[N] (C array),base,"[1, 2, 3]","c|[1, 1.0, 0],[1, 1.0, 1],[1, 1.5, 1]|integer|as-sorted",bool,true,true,true,true,true
P14_3_2_0_17,T[N] (C array),empty,[],c||empty|as-sorted,bool,false,false,false,true,true
P14_3_2_1_17,T[N] (C array),empty,[],c||empty|as-sorted,bool,true,true,true,true,true
P14_3_4_0_17,T[N] (C array),strs,"['a', 'b']","c|t|61|1|1|1,t|62|1|1|1|integer|as-sorted",bool,false,false,false,true,true
P14_3_4_1_17,T[N] (C array),strs,"['a', 'b']","c|t|61|1|1|1,t|62|1|1|1|integer|as-sorted",bool,true,true,true,true,true
P14_4_0_0_17,T[N] (C array),base,"[1, 2, 3]","c|[1, 1.0, 0],[1, 1.0, 1],[1, 1.5, 1]|integer|as-sorted",int32_t,base_42,0000002a,"[1, 1.3125, 5]",true,true
P14_4_0_1_17,T[N] (C array),base,"[1, 2, 3]","c|[1, 1.0, 0],[1, 1.0, 1],[1, 1.5, 1]|integer|as-sorted",int32_t,base_zero,00000000,"[1, 0.0, 0]",true,true
P14_4_0_2_17,T[N] (C array),base,"[1, 2, 3]","c|[1, 1.0, 0],[1, 1.0, 1],[1, 1.5, 1]|integer|as-sorted",int32_t,i64max,ffffffff,"[-1, 1.0, 0]",true,true
P14_4_0_3_17,T[N] (C array),base,"[1, 2, 3]","c|[1, 1.0, 0],[1, 1.0, 1],[1, 1.5, 1]|integer|as-sorted",int32_t,i64max_plus1,00000000,"[1, 0.0, 0]",true,true
P14_4_0_4_17,T[N] (C array),base,"[1, 2, 3]","c|[1, 1.0, 0],[1, 1.0, 1],[1, 1.5, 1]|integer|as-sorted",int32_t,p53_plus1,00000001,"[1, 1.0, 0]",true,true
P14_4_0_5_17,T[N] (C array),base,"[1, 2, 3]","c|[1, 1.0, 0],[1, 1.0, 1],[1, 1.5, 1]|integer|as-sorted",int32_t,u64max,ffffffff,"[-1, 1.0, 0]",true,true
P14_4_2_0_17,T[N] (C array),empty,[],c||empty|as-sorted,int32_t,base_42,0000002a,"[1, 1.3125, 5]",true,true
P14_4_2_1_17,T[N] (C array),empty,[],c||empty|as-sorted,int32_t,base_zero,00000000,"[1, 0.0, 0]",true,true
P14_4_2_2_17,T[N] (C array),empty,[],c||empty|as-sorted,int32_t,i64max,ffffffff,"[-1, 1.0, 0]",true,true
P14_4_2_3_17,T[N] (C array),empty,[],c||empty|as-sorted,int32_t,i64max_plus1,00000000,"[1, 0.0, 0]",true,true
P14_4_2_4_17,T[N] (C array),empty,[],c||empty|as-sorted,int32_t,p53_plus1,00000001,"[1, 1.0, 0]",true,true
P14_4_2_5_17,T[N] (C array),empty,[],c||empty|as-sorted,int32_t,u64max,ffffffff,"[-1, 1.0, 0]",true,true
P14_4_4_0_17,T[N] (C array),strs,"['a', 'b']","c|t|61|1|1|1,t|62|1|1|1|integer|as-sorted",int32_t,base_42,0000002a,"[1, 1.3125, 5]",true,true
P14_4_4_1_17,T[N] (C array),strs,"['a', 'b']","c|t|61|1|1|1,t|62|1|1|1|integer|as-sorted",int32_t,base_zero,00000000,"[1, 0.0, 0]",true,true
P14_4_4_2_17,T[N] (C array),strs,"['a', 'b']","c|t|61|1|1|1,t|62|1|1|1|integer|as-sorted",int32_t,i64max,ffffffff,"[-1, 1.0, 0]",true,true
P14_4_4_3_17,T[N] (C array),strs,"['a', 'b']","c|t|61|1|1|1,t|62|1|1|1|integer|as-sorted",int32_t,i64max_plus1,00000000,"[1, 0.0, 0]",true,true
P14_4_4_4_17,T[N] (C array),strs,"['a', 'b']","c|t|61|1|1|1,t|62|1|1|1|integer|as-sorted",int32_t,p53_plus1,00000001,"[1, 1.0, 0]",true,true
P14_4_4_5_17,T[N] (C array),strs,"['a', 'b']","c|t|61|1|1|1,t|62|1|1|1|integer|as-sorted",int32_t,u64max,ffffffff,"[-1, 1.0, 0]",true,true
P14_5_0_0_17,T[N] (C array),base,"[1, 2, 3]","c|[1, 1.0, 0],[1, 1.0, 1],[1, 1.5, 1]|integer|as-sorted",int64_t,base_42,000000000000002a,"[1, 1.3125, 5]",true,true
P14_5_0_1_17,T[N] (C array),base,"[1, 2, 3]","c|[1, 1.0, 0],[1, 1.0, 1],[1, 1.5, 1]|integer|as-sorted",int64_t,base_zero,0000000000000000,"[1, 0.0, 0]",true,true
P14_5_0_2_17,T[N] (C array),base,"[1, 2, 3]","c|[1, 1.0, 0],[1, 1.0, 1],[1, 1.5, 1]|integer|as-sorted",int64_t,i64max,7fffffffffffffff,"[1, 1.9999999999999999997831595655029, 62]",true,true
P14_5_0_3_17,T[N] (C array),base,"[1, 2, 3]","c|[1, 1.0, 0],[1, 1.0, 1],[1, 1.5, 1]|integer|as-sorted",int64_t,i64max_plus1,8000000000000000,"[-1, 1.0, 63]",true,true
P14_5_0_4_17,T[N] (C array),base,"[1, 2, 3]","c|[1, 1.0, 0],[1, 1.0, 1],[1, 1.5, 1]|integer|as-sorted",int64_t,p53_plus1,0020000000000001,"[1, 1.0000000000000001110223024625157, 53]",true,true
P14_5_0_5_17,T[N] (C array),base,"[1, 2, 3]","c|[1, 1.0, 0],[1, 1.0, 1],[1, 1.5, 1]|integer|as-sorted",int64_t,u64max,ffffffffffffffff,"[-1, 1.0, 0]",true,true
P14_5_2_0_17,T[N] (C array),empty,[],c||empty|as-sorted,int64_t,base_42,000000000000002a,"[1, 1.3125, 5]",true,true
P14_5_2_1_17,T[N] (C array),empty,[],c||empty|as-sorted,int64_t,base_zero,0000000000000000,"[1, 0.0, 0]",true,true
P14_5_2_2_17,T[N] (C array),empty,[],c||empty|as-sorted,int64_t,i64max,7fffffffffffffff,"[1, 1.9999999999999999997831595655029, 62]",true,true
P14_5_2_3_17,T[N] (C array),empty,[],c||empty|as-sorted,int64_t,i64max_plus1,8000000000000000,"[-1, 1.0, 63]",true,true
P14_5_2_4_17,T[N] (C array),empty,[],c||empty|as-sorted,int64_t,p53_plus1,0020000000000001,"[1, 1.0000000000000001110223024625157, 53]",true,true
P14_5_2_5_17,T[N] (C array),empty,[],c||empty|as-sorted,int64_t,u64max,ffffffffffffffff,"[-1, 1.0, 0]",true,true
P14_5_4_0_17,T[N] (C array),strs,"['a', 'b']","c|t|61|1|1|1,t|62|1|1|1|integer|as-sorted",int64_t,base_42,000000000000002a,"[1, 1.3125, 5]",true,true
P14_5_4_1_17,T[N] (C array),strs,"['a', 'b']","c|t|61|1|1|1,t|62|1|1|1|integer|as-sorted",int64_t,base_zero,0000000000000000,"[1, 0.0, 0]",true,true
P14_5_4_2_17,T[N] (C array),strs,"['a', 'b']","c|t|61|1|1|1,t|62|1|1|1|integer|as-sorted",int64_t,i64max,7fffffffffffffff,"[1, 1.9999999999999999997831595655029, 62]",true,true
P14_5_4_3_17,T[N] (C array),strs,"['a', 'b']","c|t|61|1|1|1,t|62|1|1|1|integer|as-sorted",int64_t,i64max_plus1,8000000000000000,"[-1, 1.0, 63]",true,true
P14_5_4_4_17,T[N] (C array),strs,"['a', 'b']","c|t|61|1|1|1,t|62|1|1|1|integer|as-sorted",int64_t,p53_plus1,0020000000000001,"[1, 1.0000000000000001110223024625157, 53]",true,true
P14_5_4_5_17,T[N] (C array),strs,"['a', 'b']","c|t|61|1|1|1,t|62|1|1|1|integer|as-sorted",int64_t,u64max,ffffffffffffffff,"[-1, 1.0, 0]",true,true
P14_6_0_0_17,T[N] (C array),base,"[1, 2, 3]","c|[1, 1.0, 0],[1, 1.0, 1],[1, 1.5, 1]|integer|as-sorted",uint64_t,base_42,000000000000002a,"[1, 1.3125, 5]",true,true
P14_6_0_1_17,T[N] (C array),base,"[1, 2, 3]","c|[1, 1.0, 0],[1, 1.0, 1],[1, 1.5, 1]|integer|as-sorted",uint64_t,base_zero,0000000000000000,"[1, 0.0, 0]",true,true
P14_6_0_2_17,T[N] (C array),base,"[1, 2, 3]","c|[1, 1.0, 0],[1, 1.0, 1],[1, 1.5, 1]|integer|as-sorted",uint64_t,i64max,7fffffffffffffff,"[1, 1.9999999999999999997831595655029, 62]",true,true
P14_6_0_3_17,T[N] (C array),base,"[1, 2, 3]","c|[1, 1.0, 0],[1, 1.0, 1],[1, 1.5, 1]|integer|as-sorted",uint64_t,i64max_plus1,8000000000000000,"[1, 1.0, 63]",true,true
P14_6_0_4_17,T[N] (C array),base,"[1, 2, 3]","c|[1, 1.0, 0],[1, 1.0, 1],[1, 1.5, 1]|integer|as-sorted",uint64_t,p53_plus1,0020000000000001,"[1, 1.0000000000000001110223024625157, 53]",true,true
P14_6_0_5_17,T[N] (C array),base,"[1, 2, 3]","c|[1, 1.0, 0],[1, 1.0, 1],[1, 1.5, 1]|integer|as-sorted",uint64_t,u64max,ffffffffffffffff,"[1, 1.9999999999999999998915797827514, 63]",true,true
P14_6_2_0_17,T[N] (C array),empty,[],c||empty|as-sorted,uint64_t,base_42,000000000000002a,"[1, 1.3125, 5]",true,true
P14_6_2_1_17,T[N] (C array),empty,[],c||empty|as-sorted,uint64_t,base_zero,0000000000000000,"[1, 0.0, 0]",true,true
P14_6_2_2_17,T[N] (C array),empty,[],c||empty|as-sorted,uint64_t,i64max,7fffffffffffffff,"[1, 1.9999999999999999997831595655029, 62]",true,true
P14_6_2_3_17,T[N] (C array),empty,[],c||empty|as-sorted,uint64_t,i64max_plus1,8000000000000000,"[1, 1.0, 63]",true,true
P14_6_2_4_17,T[N] (C array),empty,[],c||empty|as-sorted,uint64_t,p53_plus1,0020000000000001,"[1, 1.0000000000000001110223024625157, 53]",true,true
P14_6_2_5_17,T[N] (C array),empty,[],c||empty|as-sorted,uint64_t,u64max,ffffffffffffffff,"[1, 1.9999999999999999998915797827514, 63]",true,true
P14_6_4_0_17,T[N] (C array),strs,"['a', 'b']","c|t|61|1|1|1,t|62|1|1|1|integer|as-sorted",uint64_t,base_42,000000000000002a,"[1, 1.3125, 5]",true,true
P14_6_4_1_17,T[N] (C array),strs,"['a', 'b']","c|t|61|1|1|1,t|62|1|1|1|integer|as-sorted",uint64_t,base_zero,0000000000000000,"[1, 0.0, 0]",true,true
P14_6_4_2_17,T[N] (C array),strs,"['a', 'b']","c|t|61|1|1|1,t|62|1|1|1|integer|as-sorted",uint64_t,i64max,7fffffffffffffff,"[1, 1.9999999999999999997831595655029, 62]",true,true
P14_6_4_3_17,T[N] (C array),strs,"['a', 'b']","c|t|61|1|1|1,t|62|1|1|1|integer|as-sorted",uint64_t,i64max_plus1,8000000000000000,"[1, 1.0, 63]",true,true
P14_6_4_4_17,T[N] (C array),strs,"['a', 'b']","c|t|61|1|1|1,t|62|1|1|1|integer|as-sorted",uint64_t,p53_plus1,0020000000000001,"[1, 1.0000000000000001110223024625157, 53]",true,true
P14_6_4_5_17,T[N] (C array),strs,"['a', 'b']","c|t|61|1|1|1,t|62|1|1|1|integer|as-sorted",uint64_t,u64max,ffffffffffffffff,"[1, 1.9999999999999999998915797827514, 63]",true,true
P14_7_0_0_17,T[N] (C array),base,"[1, 2, 3]","c|[1, 1.0, 0],[1, 1.0, 1],[1, 1.5, 1]|integer|as-sorted",__int128,base_42,0000000000000000000000000000002a,"[1, 1.3125, 5]",true,true
P14_7_0_1_17,T[N] (C array),base,"[1, 2, 3]","c|[1, 1.0, 0],[1, 1.0, 1],[1, 1.5, 1]|integer|as-sorted",__int128,base_zero,00000000000000000000000000000000,"[1, 0.0, 0]",true,true
P14_7_0_2_17,T[N] (C array),base,"[1, 2, 3]","c|[1, 1.0, 0],[1, 1.0, 1],[1, 1.5, 1]|integer|as-sorted",__int128,i64max,00000000000000007fffffffffffffff,"[1, 1.9999999999999999997831595655029, 62]",true,true
P14_7_0_3_17,T[N] (C array),base,"[1, 2, 3]","c|[1, 1.0, 0],[1, 1.0, 1],[1, 1.5, 1]|integer|as-sorted",__int128,i64max_plus1,00000000000000008000000000000000,"[1, 1.0, 63]",true,true
P14_7_0_4_17,T[N] (C array),base,"[1, 2, 3]","c|[1, 1.0, 0],[1, 1.0, 1],[1, 1.5, 1]|integer|as-sorted",__int128,p53_plus1,00000000000000000020000000000001,"[1, 1.0000000000000001110223024625157, 53]",true,true
P14_7_0_5_17,T[N] (C array),base,"[1, 2, 3]","c|[1, 1.0, 0],[1, 1.0, 1],[1, 1.5, 1]|integer|as-sorted",__int128,u64max,0000000000000000ffffffffffffffff,"[1, 1.9999999999999999998915797827514, 63]",true,true
P14_7_2_0_17,T[N] (C array),empty,[],c||empty|as-sorted,__int128,base_42,0000000000000000000000000000002a,"[1, 1.3125, 5]",true,true
P14_7_2_1_17,T[N] (C array),empty,[],c||empty|as-sorted,__int128,base_zero,00000000000000000000000000000000,"[1, 0.0, 0]",true,true
P14_7_2_2_17,T[N] (C array),empty,[],c||empty|as-sorted,__int128,i64max,00000000000000007fffffffffffffff,"[1, 1.9999999999999999997831595655029, 62]",true,true
P14_7_2_3_17,T[N] (C array),empty,[],c||empty|as-sorted,__int128,i64max_plus1,00000000000000008000000000000000,"[1, 1.0, 63]",true,true
P14_7_2_4_17,T[N] (C array),empty,[],c||empty|as-sorted,__int128,p53_plus1,00000000000000000020000000000001,"[1, 1.0000000000000001110223024625157, 53]",true,true
P14_7_2_5_17,T[N] (C array),empty,[],c||empty|as-sorted,__int128,u64max,0000000000000000ffffffffffffffff,"[1, 1.9999999999999999998915797827514, 63]",true,true
P14_7_4_0_17,T[N] (C array),strs,"['a', 'b']","c|t|61|1|1|1,t|62|1|1|1|integer|as-sorted",__int128,base_42,0000000000000000000000000000002a,"[1, 1.3125, 5]",true,true
P14_7_4_1_17,T[N] (C array),strs,"['a', 'b']","c|t|61|1|1|1,t|62|1|1|1|integer|as-sorted",__int128,base_zero,00000000000000000000000000000000,"[1, 0.0, 0]",true,true
P14_7_4_2_17,T[N] (C array),strs,"['a', 'b']","c|t|61|1|1|1,t|62|1|1|1|integer|as-sorted",__int128,i64max,00000000000000007fffffffffffffff,"[1, 1.9999999999999999997831595655029, 62]",true,true
P14_7_4_3_17,T[N] (C array),strs,"['a', 'b']","c|t|61|1|1|1,t|62|1|1|1|integer|as-sorted",__int128,i64max_plus1,00000000000000008000000000000000,"[1, 1.0, 63]",true,true
P14_7_4_4_17,T[N] (C array),strs,"['a', 'b']","c|t|61|1|1|1,t|62|1|1|1|integer|as-sorted",__int128,p53_plus1,00000000000000000020000000000001,"[1, 1.0000000000000001110223024625157, 53]",true,true
P14_7_4_5_17,T[N] (C array),strs,"['a', 'b']","c|t|61|1|1|1,t|62|1|1|1|integer|as-sorted",__int128,u64max,0000000000000000ffffffffffffffff,"[1, 1.9999999999999999998915797827514, 63]",true,true
P14_8_0_0_17,T[N] (C array),base,"[1, 2, 3]","c|[1, 1.0, 0],[1, 1.0, 1],[1, 1.5, 1]|integer|as-sorted",double,base_1_5,3ff8000000000000,"[1, 1.5, 0]",true,true
P14_8_0_1_17,T[N] (C array),base,"[1, 2, 3]","c|[1, 1.0, 0],[1, 1.0, 1],[1, 1.5, 1]|integer|as-sorted",double,base_pi,400921fb54442d18,"[1, 1.5707963267948965579989817342721, 1]",true,true
P14_8_0_2_17,T[N] (C array),base,"[1, 2, 3]","c|[1, 1.0, 0],[1, 1.0, 1],[1, 1.5, 1]|integer|as-sorted",double,inf,7ff0000000000000,"[1, inf]",true,true
P14_8_0_3_17,T[N] (C array),base,"[1, 2, 3]","c|[1, 1.0, 0],[1, 1.0, 1],[1, 1.5, 1]|integer|as-sorted",double,nan,7ff8000000000000,nan,true,true
P14_8_0_4_17,T[N] (C array),base,"[1, 2, 3]","c|[1, 1.0, 0],[1, 1.0, 1],[1, 1.5, 1]|integer|as-sorted",double,negzero,8000000000000000,"[-1, 0.0, 0]",true,true
P14_8_0_5_17,T[N] (C array),base,"[1, 2, 3]","c|[1, 1.0, 0],[1, 1.0, 1],[1, 1.5, 1]|integer|as-sorted",double,point1,3fb999999999999a,"[1, 1.6000000000000000888178419700125, -4]",true,true
P14_8_2_0_17,T[N] (C array),empty,[],c||empty|as-sorted,double,base_1_5,3ff8000000000000,"[1, 1.5, 0]",true,true
P14_8_2_1_17,T[N] (C array),empty,[],c||empty|as-sorted,double,base_pi,400921fb54442d18,"[1, 1.5707963267948965579989817342721, 1]",true,true
P14_8_2_2_17,T[N] (C array),empty,[],c||empty|as-sorted,double,inf,7ff0000000000000,"[1, inf]",true,true
P14_8_2_3_17,T[N] (C array),empty,[],c||empty|as-sorted,double,nan,7ff8000000000000,nan,true,true
P14_8_2_4_17,T[N] (C array),empty,[],c||empty|as-sorted,double,negzero,8000000000000000,"[-1, 0.0, 0]",true,true
P14_8_2_5_17,T[N] (C array),empty,[],c||empty|as-sorted,double,point1,3fb999999999999a,"[1, 1.6000000000000000888178419700125, -4]",true,true
P14_8_4_0_17,T[N] (C array),strs,"['a', 'b']","c|t|61|1|1|1,t|62|1|1|1|integer|as-sorted",double,base_1_5,3ff8000000000000,"[1, 1.5, 0]",true,true
P14_8_4_1_17,T[N] (C array),strs,"['a', 'b']","c|t|61|1|1|1,t|62|1|1|1|integer|as-sorted",double,base_pi,400921fb54442d18,"[1, 1.5707963267948965579989817342721, 1]",true,true
P14_8_4_2_17,T[N] (C array),strs,"['a', 'b']","c|t|61|1|1|1,t|62|1|1|1|integer|as-sorted",double,inf,7ff0000000000000,"[1, inf]",true,true
P14_8_4_3_17,T[N] (C array),strs,"['a', 'b']","c|t|61|1|1|1,t|62|1|1|1|integer|as-sorted",double,nan,7ff8000000000000,nan,true,true
P14_8_4_4_17,T[N] (C array),strs,"['a', 'b']","c|t|61|1|1|1,t|62|1|1|1|integer|as-sorted",double,negzero,8000000000000000,"[-1, 0.0, 0]",true,true
P14_8_4_5_17,T[N] (C array),strs,"['a', 'b']","c|t|61|1|1|1,t|62|1|1|1|integer|as-sorted",double,point1,3fb999999999999a,"[1, 1.6000000000000000888178419700125, -4]",true,true
P14_9_0_0_17,T[N] (C array),base,"[1, 2, 3]","c|[1, 1.0, 0],[1, 1.0, 1],[1, 1.5, 1]|integer|as-sorted",float,base_1_5,3fc00000,"[1, 1.5, 0]",true,true
P14_9_0_1_17,T[N] (C array),base,"[1, 2, 3]","c|[1, 1.0, 0],[1, 1.0, 1],[1, 1.5, 1]|integer|as-sorted",float,base_pi,40490fdb,"[1, 1.57079637050628662109375, 1]",true,true
P14_9_0_2_17,T[N] (C array),base,"[1, 2, 3]","c|[1, 1.0, 0],[1, 1.0, 1],[1, 1.5, 1]|integer|as-sorted",float,inf,7f800000,"[1, inf]",true,true
P14_9_0_3_17,T[N] (C array),base,"[1, 2, 3]","c|[1, 1.0, 0],[1, 1.0, 1],[1, 1.5, 1]|integer|as-sorted",float,nan,7fc00000,nan,true,true
P14_9_0_4_17,T[N] (C array),base,"[1, 2, 3]","c|[1, 1.0, 0],[1, 1.0, 1],[1, 1.5, 1]|integer|as-sorted",float,negzero,80000000,"[-1, 0.0, 0]",true,true
P14_9_0_5_17,T[N] (C array),base,"[1, 2, 3]","c|[1, 1.0, 0],[1, 1.0, 1],[1, 1.5, 1]|integer|as-sorted",float,point1,3dcccccd,"[1, 1.60000002384185791015625, -4]",true,true
P14_9_2_0_17,T[N] (C array),empty,[],c||empty|as-sorted,float,base_1_5,3fc00000,"[1, 1.5, 0]",true,true
P14_9_2_1_17,T[N] (C array),empty,[],c||empty|as-sorted,float,base_pi,40490fdb,"[1, 1.57079637050628662109375, 1]",true,true
P14_9_2_2_17,T[N] (C array),empty,[],c||empty|as-sorted,float,inf,7f800000,"[1, inf]",true,true
P14_9_2_3_17,T[N] (C array),empty,[],c||empty|as-sorted,float,nan,7fc00000,nan,true,true
P14_9_2_4_17,T[N] (C array),empty,[],c||empty|as-sorted,float,negzero,80000000,"[-1, 0.0, 0]",true,true
P14_9_2_5_17,T[N] (C array),empty,[],c||empty|as-sorted,float,point1,3dcccccd,"[1, 1.60000002384185791015625, -4]",true,true
P14_9_4_0_17,T[N] (C array),strs,"['a', 'b']","c|t|61|1|1|1,t|62|1|1|1|integer|as-sorted",float,base_1_5,3fc00000,"[1, 1.5, 0]",true,true
P14_9_4_1_17,T[N] (C array),strs,"['a', 'b']","c|t|61|1|1|1,t|62|1|1|1|integer|as-sorted",float,base_pi,40490fdb,"[1, 1.57079637050628662109375, 1]",true,true
P14_9_4_2_17,T[N] (C array),strs,"['a', 'b']","c|t|61|1|1|1,t|62|1|1|1|integer|as-sorted",float,inf,7f800000,"[1, inf]",true,true
P14_9_4_3_17,T[N] (C array),strs,"['a', 'b']","c|t|61|1|1|1,t|62|1|1|1|integer|as-sorted",float,nan,7fc00000,nan,true,true
P14_9_4_4_17,T[N] (C array),strs,"['a', 'b']","c|t|61|1|1|1,t|62|1|1|1|integer|as-sorted",float,negzero,80000000,"[-1, 0.0, 0]",true,true
P14_9_4_5_17,T[N] (C array),strs,"['a', 'b']","c|t|61|1|1|1,t|62|1|1|1|integer|as-sorted",float,point1,3dcccccd,"[1, 1.60000002384185791015625, -4]",true,true
P14_11_0_0_17,T[N] (C array),base,"[1, 2, 3]","c|[1, 1.0, 0],[1, 1.0, 1],[1, 1.5, 1]|integer|as-sorted",const char*,base_empty,,t||0|0|0,true,true
P14_11_0_1_17,T[N] (C array),base,"[1, 2, 3]","c|[1, 1.0, 0],[1, 1.0, 1],[1, 1.5, 1]|integer|as-sorted",const char*,base_hello,68656c6c6f,t|68656c6c6f|5|5|5,true,true
P14_11_0_2_17,T[N] (C array),base,"[1, 2, 3]","c|[1, 1.0, 0],[1, 1.0, 1],[1, 1.5, 1]|integer|as-sorted",const char*,base_lines,6c696e65206f6e650a6c696e652074776f,t|6c696e65206f6e650a6c696e652074776f|17|17|17,true,true
P14_11_0_3_17,T[N] (C array),base,"[1, 2, 3]","c|[1, 1.0, 0],[1, 1.0, 1],[1, 1.5, 1]|integer|as-sorted",const char*,clef,f09d849e,t|f09d849e|4|1|1,true,true
P14_11_0_4_17,T[N] (C array),base,"[1, 2, 3]","c|[1, 1.0, 0],[1, 1.0, 1],[1, 1.5, 1]|integer|as-sorted",const char*,eacute,c3a9,t|c3a9|2|1|1,true,true
P14_11_0_5_17,T[N] (C array),base,"[1, 2, 3]","c|[1, 1.0, 0],[1, 1.0, 1],[1, 1.5, 1]|integer|as-sorted",const char*,escapes,71756f74652022206261636b736c617368205c207461620968657265,t|71756f74652022206261636b736c617368205c207461620968657265|28|28|28,true,true
P14_11_2_0_17,T[N] (C array),empty,[],c||empty|as-sorted,const char*,base_empty,,t||0|0|0,true,true
P14_11_2_1_17,T[N] (C array),empty,[],c||empty|as-sorted,const char*,base_hello,68656c6c6f,t|68656c6c6f|5|5|5,true,true
P14_11_2_2_17,T[N] (C array),empty,[],c||empty|as-sorted,const char*,base_lines,6c696e65206f6e650a6c696e652074776f,t|6c696e65206f6e650a6c696e652074776f|17|17|17,true,true
P14_11_2_3_17,T[N] (C array),empty,[],c||empty|as-sorted,const char*,clef,f09d849e,t|f09d849e|4|1|1,true,true
P14_11_2_4_17,T[N] (C array),empty,[],c||empty|as-sorted,const char*,eacute,c3a9,t|c3a9|2|1|1,true,true
P14_11_2_5_17,T[N] (C array),empty,[],c||empty|as-sorted,const char*,escapes,71756f74652022206261636b736c617368205c207461620968657265,t|71756f74652022206261636b736c617368205c207461620968657265|28|28|28,true,true
P14_11_4_0_17,T[N] (C array),strs,"['a', 'b']","c|t|61|1|1|1,t|62|1|1|1|integer|as-sorted",const char*,base_empty,,t||0|0|0,true,true
P14_11_4_1_17,T[N] (C array),strs,"['a', 'b']","c|t|61|1|1|1,t|62|1|1|1|integer|as-sorted",const char*,base_hello,68656c6c6f,t|68656c6c6f|5|5|5,true,true
P14_11_4_2_17,T[N] (C array),strs,"['a', 'b']","c|t|61|1|1|1,t|62|1|1|1|integer|as-sorted",const char*,base_lines,6c696e65206f6e650a6c696e652074776f,t|6c696e65206f6e650a6c696e652074776f|17|17|17,true,true
P14_11_4_3_17,T[N] (C array),strs,"['a', 'b']","c|t|61|1|1|1,t|62|1|1|1|integer|as-sorted",const char*,clef,f09d849e,t|f09d849e|4|1|1,true,true
P14_11_4_4_17,T[N] (C array),strs,"['a', 'b']","c|t|61|1|1|1,t|62|1|1|1|integer|as-sorted",const char*,eacute,c3a9,t|c3a9|2|1|1,true,true
P14_11_4_5_17,T[N] (C array),strs,"['a', 'b']","c|t|61|1|1|1,t|62|1|1|1|integer|as-sorted",const char*,escapes,71756f74652022206261636b736c617368205c207461620968657265,t|71756f74652022206261636b736c617368205c207461620968657265|28|28|28,true,true
A:|||0|0,std::monostate,null,null,null,std::monostate,null,null,null,,REFUSE
A:|||0|1,std::monostate,null,null,null,std::nullptr_t,null,null,null,,REFUSE
A:|||0|2,std::monostate,null,null,null,std::optional<int64_t>,null,null,null,,REFUSE
A:|||0|3,std::monostate,null,null,null,bool,true,true,true,,REFUSE
A:|||0|4,std::monostate,null,null,null,int32_t,base_42,0000002a,"[1, 1.3125, 5]",,REFUSE
A:|||0|5,std::monostate,null,null,null,int64_t,base_42,000000000000002a,"[1, 1.3125, 5]",,REFUSE
A:|||0|6,std::monostate,null,null,null,uint64_t,base_42,000000000000002a,"[1, 1.3125, 5]",,REFUSE
A:|||0|7,std::monostate,null,null,null,__int128,base_42,0000000000000000000000000000002a,"[1, 1.3125, 5]",,REFUSE
A:|||0|8,std::monostate,null,null,null,double,base_1_5,3ff8000000000000,"[1, 1.5, 0]",,REFUSE
A:|||0|9,std::monostate,null,null,null,float,base_1_5,3fc00000,"[1, 1.5, 0]",,REFUSE
A:|||0|10,std::monostate,null,null,null,std::string,base_hello,68656c6c6f,t|68656c6c6f|5|5|5,,REFUSE
A:|||0|11,std::monostate,null,null,null,const char*,base_hello,68656c6c6f,t|68656c6c6f|5|5|5,,REFUSE
A:|||0|12,std::monostate,null,null,null,std::u32string,base_hello,68656c6c6f,t|68656c6c6f|5|5|5,,REFUSE
A:|||0|13,std::monostate,null,null,null,std::vector<T>,base,"[1, 2, 3]","c|[1, 1.0, 0],[1, 1.0, 1],[1, 1.5, 1]|integer|as-sorted",,REFUSE
A:|||0|14,std::monostate,null,null,null,T[N] (C array),base,"[1, 2, 3]","c|[1, 1.0, 0],[1, 1.0, 1],[1, 1.5, 1]|integer|as-sorted",,REFUSE
A:|||0|15,std::monostate,null,null,null,"std::array<T,N>",base,"[1, 2, 3]","c|[1, 1.0, 0],[1, 1.0, 1],[1, 1.5, 1]|integer|as-sorted",,REFUSE
A:|||0|16,std::monostate,null,null,null,std::deque<T>,base,"[1, 2, 3]","c|[1, 1.0, 0],[1, 1.0, 1],[1, 1.5, 1]|integer|as-sorted",,REFUSE
A:|||0|17,std::monostate,null,null,null,std::list<T>,base,"[1, 2, 3]","c|[1, 1.0, 0],[1, 1.0, 1],[1, 1.5, 1]|integer|as-sorted",,REFUSE
A:|||0|18,std::monostate,null,null,null,std::tuple,base,"[1, 2, 3]","c|[1, 1.0, 0],[1, 1.0, 1],[1, 1.5, 1]|integer|as-sorted",,REFUSE
A:|||0|19,std::monostate,null,null,null,"std::map<std::string,T>",flat,"{'a': 1, 'b': 2, 'c': 3}","c|[1, 1.0, 0],[1, 1.0, 1],[1, 1.5, 1]|text|not-applicable",,REFUSE
A:|||0|20,std::monostate,null,null,null,"std::unordered_map<std::string,T>",flat,"{'a': 1, 'b': 2, 'c': 3}","c|[1, 1.0, 0],[1, 1.0, 1],[1, 1.5, 1]|text|not-applicable",,REFUSE
A:|||0|21,std::monostate,null,null,null,struct,flat,"{'a': 1, 'b': 2, 'c': 3}","c|[1, 1.0, 0],[1, 1.0, 1],[1, 1.5, 1]|text|not-applicable",,REFUSE
A:|||0|22,std::monostate,null,null,null,"std::vector<std::vector<T>> / std::map<std::string,std::vector<T>>",seq_in_seq,"[[1, 2], [3, 4]]","c|c|[1, 1.0, 0],[1, 1.0, 1]|integer|as-sorted,c|[1, 1.0, 2],[1, 1.5, 1]|integer|as-sorted|integer|as-sorted",,REFUSE
A:|||0|23,std::monostate,null,null,null,Node (variant-based),seq_in_seq,"[[1, 2], [3, 4]]","c|c|[1, 1.0, 0],[1, 1.0, 1]|integer|as-sorted,c|[1, 1.0, 2],[1, 1.5, 1]|integer|as-sorted|integer|as-sorted",,REFUSE
A:|||1|0,std::nullptr_t,null,null,null,std::monostate,null,null,null,,REFUSE
A:|||1|1,std::nullptr_t,null,null,null,std::nullptr_t,null,null,null,,REFUSE
A:|||1|2,std::nullptr_t,null,null,null,std::optional<int64_t>,null,null,null,,REFUSE
A:|||1|3,std::nullptr_t,null,null,null,bool,true,true,true,,REFUSE
A:|||1|10,std::nullptr_t,null,null,null,std::string,base_hello,68656c6c6f,t|68656c6c6f|5|5|5,,REFUSE
A:|||1|12,std::nullptr_t,null,null,null,std::u32string,base_hello,68656c6c6f,t|68656c6c6f|5|5|5,,REFUSE
A:|||1|13,std::nullptr_t,null,null,null,std::vector<T>,base,"[1, 2, 3]","c|[1, 1.0, 0],[1, 1.0, 1],[1, 1.5, 1]|integer|as-sorted",,REFUSE
A:|||1|15,std::nullptr_t,null,null,null,"std::array<T,N>",base,"[1, 2, 3]","c|[1, 1.0, 0],[1, 1.0, 1],[1, 1.5, 1]|integer|as-sorted",,REFUSE
A:|||1|16,std::nullptr_t,null,null,null,std::deque<T>,base,"[1, 2, 3]","c|[1, 1.0, 0],[1, 1.0, 1],[1, 1.5, 1]|integer|as-sorted",,REFUSE
A:|||1|17,std::nullptr_t,null,null,null,std::list<T>,base,"[1, 2, 3]","c|[1, 1.0, 0],[1, 1.0, 1],[1, 1.5, 1]|integer|as-sorted",,REFUSE
A:|||1|18,std::nullptr_t,null,null,null,std::tuple,base,"[1, 2, 3]","c|[1, 1.0, 0],[1, 1.0, 1],[1, 1.5, 1]|integer|as-sorted",,REFUSE
A:|||1|19,std::nullptr_t,null,null,null,"std::map<std::string,T>",flat,"{'a': 1, 'b': 2, 'c': 3}","c|[1, 1.0, 0],[1, 1.0, 1],[1, 1.5, 1]|text|not-applicable",,REFUSE
A:|||1|20,std::nullptr_t,null,null,null,"std::unordered_map<std::string,T>",flat,"{'a': 1, 'b': 2, 'c': 3}","c|[1, 1.0, 0],[1, 1.0, 1],[1, 1.5, 1]|text|not-applicable",,REFUSE
A:|||1|21,std::nullptr_t,null,null,null,struct,flat,"{'a': 1, 'b': 2, 'c': 3}","c|[1, 1.0, 0],[1, 1.0, 1],[1, 1.5, 1]|text|not-applicable",,REFUSE
A:|||1|22,std::nullptr_t,null,null,null,"std::vector<std::vector<T>> / std::map<std::string,std::vector<T>>",seq_in_seq,"[[1, 2], [3, 4]]","c|c|[1, 1.0, 0],[1, 1.0, 1]|integer|as-sorted,c|[1, 1.0, 2],[1, 1.5, 1]|integer|as-sorted|integer|as-sorted",,REFUSE
A:|||1|23,std::nullptr_t,null,null,null,Node (variant-based),seq_in_seq,"[[1, 2], [3, 4]]","c|c|[1, 1.0, 0],[1, 1.0, 1]|integer|as-sorted,c|[1, 1.0, 2],[1, 1.5, 1]|integer|as-sorted|integer|as-sorted",,REFUSE
A:|||2|0,std::optional<int64_t>,null,null,null,std::monostate,null,null,null,,REFUSE
A:|||2|1,std::optional<int64_t>,null,null,null,std::nullptr_t,null,null,null,,REFUSE
A:|||2|2,std::optional<int64_t>,null,null,null,std::optional<int64_t>,null,null,null,,REFUSE
A:|||2|3,std::optional<int64_t>,null,null,null,bool,true,true,true,,REFUSE
A:|||2|10,std::optional<int64_t>,null,null,null,std::string,base_hello,68656c6c6f,t|68656c6c6f|5|5|5,,REFUSE
A:|||2|12,std::optional<int64_t>,null,null,null,std::u32string,base_hello,68656c6c6f,t|68656c6c6f|5|5|5,,REFUSE
A:|||2|13,std::optional<int64_t>,null,null,null,std::vector<T>,base,"[1, 2, 3]","c|[1, 1.0, 0],[1, 1.0, 1],[1, 1.5, 1]|integer|as-sorted",,REFUSE
A:|||2|15,std::optional<int64_t>,null,null,null,"std::array<T,N>",base,"[1, 2, 3]","c|[1, 1.0, 0],[1, 1.0, 1],[1, 1.5, 1]|integer|as-sorted",,REFUSE
A:|||2|16,std::optional<int64_t>,null,null,null,std::deque<T>,base,"[1, 2, 3]","c|[1, 1.0, 0],[1, 1.0, 1],[1, 1.5, 1]|integer|as-sorted",,REFUSE
A:|||2|17,std::optional<int64_t>,null,null,null,std::list<T>,base,"[1, 2, 3]","c|[1, 1.0, 0],[1, 1.0, 1],[1, 1.5, 1]|integer|as-sorted",,REFUSE
A:|||2|18,std::optional<int64_t>,null,null,null,std::tuple,base,"[1, 2, 3]","c|[1, 1.0, 0],[1, 1.0, 1],[1, 1.5, 1]|integer|as-sorted",,REFUSE
A:|||2|19,std::optional<int64_t>,null,null,null,"std::map<std::string,T>",flat,"{'a': 1, 'b': 2, 'c': 3}","c|[1, 1.0, 0],[1, 1.0, 1],[1, 1.5, 1]|text|not-applicable",,REFUSE
A:|||2|20,std::optional<int64_t>,null,null,null,"std::unordered_map<std::string,T>",flat,"{'a': 1, 'b': 2, 'c': 3}","c|[1, 1.0, 0],[1, 1.0, 1],[1, 1.5, 1]|text|not-applicable",,REFUSE
A:|||2|21,std::optional<int64_t>,null,null,null,struct,flat,"{'a': 1, 'b': 2, 'c': 3}","c|[1, 1.0, 0],[1, 1.0, 1],[1, 1.5, 1]|text|not-applicable",,REFUSE
A:|||2|22,std::optional<int64_t>,null,null,null,"std::vector<std::vector<T>> / std::map<std::string,std::vector<T>>",seq_in_seq,"[[1, 2], [3, 4]]","c|c|[1, 1.0, 0],[1, 1.0, 1]|integer|as-sorted,c|[1, 1.0, 2],[1, 1.5, 1]|integer|as-sorted|integer|as-sorted",,REFUSE
A:|||2|23,std::optional<int64_t>,null,null,null,Node (variant-based),seq_in_seq,"[[1, 2], [3, 4]]","c|c|[1, 1.0, 0],[1, 1.0, 1]|integer|as-sorted,c|[1, 1.0, 2],[1, 1.5, 1]|integer|as-sorted|integer|as-sorted",,REFUSE
A:|||3|0,bool,true,true,true,std::monostate,null,null,null,,REFUSE
A:|||3|1,bool,true,true,true,std::nullptr_t,null,null,null,,REFUSE
A:|||3|2,bool,true,true,true,std::optional<int64_t>,null,null,null,,REFUSE
A:|||3|10,bool,true,true,true,std::string,base_hello,68656c6c6f,t|68656c6c6f|5|5|5,,REFUSE
A:|||3|12,bool,true,true,true,std::u32string,base_hello,68656c6c6f,t|68656c6c6f|5|5|5,,REFUSE
A:|||3|13,bool,true,true,true,std::vector<T>,base,"[1, 2, 3]","c|[1, 1.0, 0],[1, 1.0, 1],[1, 1.5, 1]|integer|as-sorted",,REFUSE
A:|||3|15,bool,true,true,true,"std::array<T,N>",base,"[1, 2, 3]","c|[1, 1.0, 0],[1, 1.0, 1],[1, 1.5, 1]|integer|as-sorted",,REFUSE
A:|||3|16,bool,true,true,true,std::deque<T>,base,"[1, 2, 3]","c|[1, 1.0, 0],[1, 1.0, 1],[1, 1.5, 1]|integer|as-sorted",,REFUSE
A:|||3|17,bool,true,true,true,std::list<T>,base,"[1, 2, 3]","c|[1, 1.0, 0],[1, 1.0, 1],[1, 1.5, 1]|integer|as-sorted",,REFUSE
A:|||3|18,bool,true,true,true,std::tuple,base,"[1, 2, 3]","c|[1, 1.0, 0],[1, 1.0, 1],[1, 1.5, 1]|integer|as-sorted",,REFUSE
A:|||3|19,bool,true,true,true,"std::map<std::string,T>",flat,"{'a': 1, 'b': 2, 'c': 3}","c|[1, 1.0, 0],[1, 1.0, 1],[1, 1.5, 1]|text|not-applicable",,REFUSE
A:|||3|20,bool,true,true,true,"std::unordered_map<std::string,T>",flat,"{'a': 1, 'b': 2, 'c': 3}","c|[1, 1.0, 0],[1, 1.0, 1],[1, 1.5, 1]|text|not-applicable",,REFUSE
A:|||3|21,bool,true,true,true,struct,flat,"{'a': 1, 'b': 2, 'c': 3}","c|[1, 1.0, 0],[1, 1.0, 1],[1, 1.5, 1]|text|not-applicable",,REFUSE
A:|||3|22,bool,true,true,true,"std::vector<std::vector<T>> / std::map<std::string,std::vector<T>>",seq_in_seq,"[[1, 2], [3, 4]]","c|c|[1, 1.0, 0],[1, 1.0, 1]|integer|as-sorted,c|[1, 1.0, 2],[1, 1.5, 1]|integer|as-sorted|integer|as-sorted",,REFUSE
A:|||3|23,bool,true,true,true,Node (variant-based),seq_in_seq,"[[1, 2], [3, 4]]","c|c|[1, 1.0, 0],[1, 1.0, 1]|integer|as-sorted,c|[1, 1.0, 2],[1, 1.5, 1]|integer|as-sorted|integer|as-sorted",,REFUSE
A:|||4|0,int32_t,base_42,0000002a,"[1, 1.3125, 5]",std::monostate,null,null,null,,REFUSE
A:|||4|10,int32_t,base_42,0000002a,"[1, 1.3125, 5]",std::string,base_hello,68656c6c6f,t|68656c6c6f|5|5|5,,REFUSE
A:|||4|12,int32_t,base_42,0000002a,"[1, 1.3125, 5]",std::u32string,base_hello,68656c6c6f,t|68656c6c6f|5|5|5,,REFUSE
A:|||4|13,int32_t,base_42,0000002a,"[1, 1.3125, 5]",std::vector<T>,base,"[1, 2, 3]","c|[1, 1.0, 0],[1, 1.0, 1],[1, 1.5, 1]|integer|as-sorted",,REFUSE
A:|||4|15,int32_t,base_42,0000002a,"[1, 1.3125, 5]","std::array<T,N>",base,"[1, 2, 3]","c|[1, 1.0, 0],[1, 1.0, 1],[1, 1.5, 1]|integer|as-sorted",,REFUSE
A:|||4|16,int32_t,base_42,0000002a,"[1, 1.3125, 5]",std::deque<T>,base,"[1, 2, 3]","c|[1, 1.0, 0],[1, 1.0, 1],[1, 1.5, 1]|integer|as-sorted",,REFUSE
A:|||4|17,int32_t,base_42,0000002a,"[1, 1.3125, 5]",std::list<T>,base,"[1, 2, 3]","c|[1, 1.0, 0],[1, 1.0, 1],[1, 1.5, 1]|integer|as-sorted",,REFUSE
A:|||4|18,int32_t,base_42,0000002a,"[1, 1.3125, 5]",std::tuple,base,"[1, 2, 3]","c|[1, 1.0, 0],[1, 1.0, 1],[1, 1.5, 1]|integer|as-sorted",,REFUSE
A:|||4|19,int32_t,base_42,0000002a,"[1, 1.3125, 5]","std::map<std::string,T>",flat,"{'a': 1, 'b': 2, 'c': 3}","c|[1, 1.0, 0],[1, 1.0, 1],[1, 1.5, 1]|text|not-applicable",,REFUSE
A:|||4|20,int32_t,base_42,0000002a,"[1, 1.3125, 5]","std::unordered_map<std::string,T>",flat,"{'a': 1, 'b': 2, 'c': 3}","c|[1, 1.0, 0],[1, 1.0, 1],[1, 1.5, 1]|text|not-applicable",,REFUSE
A:|||4|21,int32_t,base_42,0000002a,"[1, 1.3125, 5]",struct,flat,"{'a': 1, 'b': 2, 'c': 3}","c|[1, 1.0, 0],[1, 1.0, 1],[1, 1.5, 1]|text|not-applicable",,REFUSE
A:|||4|22,int32_t,base_42,0000002a,"[1, 1.3125, 5]","std::vector<std::vector<T>> / std::map<std::string,std::vector<T>>",seq_in_seq,"[[1, 2], [3, 4]]","c|c|[1, 1.0, 0],[1, 1.0, 1]|integer|as-sorted,c|[1, 1.0, 2],[1, 1.5, 1]|integer|as-sorted|integer|as-sorted",,REFUSE
A:|||4|23,int32_t,base_42,0000002a,"[1, 1.3125, 5]",Node (variant-based),seq_in_seq,"[[1, 2], [3, 4]]","c|c|[1, 1.0, 0],[1, 1.0, 1]|integer|as-sorted,c|[1, 1.0, 2],[1, 1.5, 1]|integer|as-sorted|integer|as-sorted",,REFUSE
A:|||5|0,int64_t,base_42,000000000000002a,"[1, 1.3125, 5]",std::monostate,null,null,null,,REFUSE
A:|||5|10,int64_t,base_42,000000000000002a,"[1, 1.3125, 5]",std::string,base_hello,68656c6c6f,t|68656c6c6f|5|5|5,,REFUSE
A:|||5|12,int64_t,base_42,000000000000002a,"[1, 1.3125, 5]",std::u32string,base_hello,68656c6c6f,t|68656c6c6f|5|5|5,,REFUSE
A:|||5|13,int64_t,base_42,000000000000002a,"[1, 1.3125, 5]",std::vector<T>,base,"[1, 2, 3]","c|[1, 1.0, 0],[1, 1.0, 1],[1, 1.5, 1]|integer|as-sorted",,REFUSE
A:|||5|15,int64_t,base_42,000000000000002a,"[1, 1.3125, 5]","std::array<T,N>",base,"[1, 2, 3]","c|[1, 1.0, 0],[1, 1.0, 1],[1, 1.5, 1]|integer|as-sorted",,REFUSE
A:|||5|16,int64_t,base_42,000000000000002a,"[1, 1.3125, 5]",std::deque<T>,base,"[1, 2, 3]","c|[1, 1.0, 0],[1, 1.0, 1],[1, 1.5, 1]|integer|as-sorted",,REFUSE
A:|||5|17,int64_t,base_42,000000000000002a,"[1, 1.3125, 5]",std::list<T>,base,"[1, 2, 3]","c|[1, 1.0, 0],[1, 1.0, 1],[1, 1.5, 1]|integer|as-sorted",,REFUSE
A:|||5|18,int64_t,base_42,000000000000002a,"[1, 1.3125, 5]",std::tuple,base,"[1, 2, 3]","c|[1, 1.0, 0],[1, 1.0, 1],[1, 1.5, 1]|integer|as-sorted",,REFUSE
A:|||5|19,int64_t,base_42,000000000000002a,"[1, 1.3125, 5]","std::map<std::string,T>",flat,"{'a': 1, 'b': 2, 'c': 3}","c|[1, 1.0, 0],[1, 1.0, 1],[1, 1.5, 1]|text|not-applicable",,REFUSE
A:|||5|20,int64_t,base_42,000000000000002a,"[1, 1.3125, 5]","std::unordered_map<std::string,T>",flat,"{'a': 1, 'b': 2, 'c': 3}","c|[1, 1.0, 0],[1, 1.0, 1],[1, 1.5, 1]|text|not-applicable",,REFUSE
A:|||5|21,int64_t,base_42,000000000000002a,"[1, 1.3125, 5]",struct,flat,"{'a': 1, 'b': 2, 'c': 3}","c|[1, 1.0, 0],[1, 1.0, 1],[1, 1.5, 1]|text|not-applicable",,REFUSE
A:|||5|22,int64_t,base_42,000000000000002a,"[1, 1.3125, 5]","std::vector<std::vector<T>> / std::map<std::string,std::vector<T>>",seq_in_seq,"[[1, 2], [3, 4]]","c|c|[1, 1.0, 0],[1, 1.0, 1]|integer|as-sorted,c|[1, 1.0, 2],[1, 1.5, 1]|integer|as-sorted|integer|as-sorted",,REFUSE
A:|||5|23,int64_t,base_42,000000000000002a,"[1, 1.3125, 5]",Node (variant-based),seq_in_seq,"[[1, 2], [3, 4]]","c|c|[1, 1.0, 0],[1, 1.0, 1]|integer|as-sorted,c|[1, 1.0, 2],[1, 1.5, 1]|integer|as-sorted|integer|as-sorted",,REFUSE
A:|||6|0,uint64_t,base_42,000000000000002a,"[1, 1.3125, 5]",std::monostate,null,null,null,,REFUSE
A:|||6|10,uint64_t,base_42,000000000000002a,"[1, 1.3125, 5]",std::string,base_hello,68656c6c6f,t|68656c6c6f|5|5|5,,REFUSE
A:|||6|12,uint64_t,base_42,000000000000002a,"[1, 1.3125, 5]",std::u32string,base_hello,68656c6c6f,t|68656c6c6f|5|5|5,,REFUSE
A:|||6|13,uint64_t,base_42,000000000000002a,"[1, 1.3125, 5]",std::vector<T>,base,"[1, 2, 3]","c|[1, 1.0, 0],[1, 1.0, 1],[1, 1.5, 1]|integer|as-sorted",,REFUSE
A:|||6|15,uint64_t,base_42,000000000000002a,"[1, 1.3125, 5]","std::array<T,N>",base,"[1, 2, 3]","c|[1, 1.0, 0],[1, 1.0, 1],[1, 1.5, 1]|integer|as-sorted",,REFUSE
A:|||6|16,uint64_t,base_42,000000000000002a,"[1, 1.3125, 5]",std::deque<T>,base,"[1, 2, 3]","c|[1, 1.0, 0],[1, 1.0, 1],[1, 1.5, 1]|integer|as-sorted",,REFUSE
A:|||6|17,uint64_t,base_42,000000000000002a,"[1, 1.3125, 5]",std::list<T>,base,"[1, 2, 3]","c|[1, 1.0, 0],[1, 1.0, 1],[1, 1.5, 1]|integer|as-sorted",,REFUSE
A:|||6|18,uint64_t,base_42,000000000000002a,"[1, 1.3125, 5]",std::tuple,base,"[1, 2, 3]","c|[1, 1.0, 0],[1, 1.0, 1],[1, 1.5, 1]|integer|as-sorted",,REFUSE
A:|||6|19,uint64_t,base_42,000000000000002a,"[1, 1.3125, 5]","std::map<std::string,T>",flat,"{'a': 1, 'b': 2, 'c': 3}","c|[1, 1.0, 0],[1, 1.0, 1],[1, 1.5, 1]|text|not-applicable",,REFUSE
A:|||6|20,uint64_t,base_42,000000000000002a,"[1, 1.3125, 5]","std::unordered_map<std::string,T>",flat,"{'a': 1, 'b': 2, 'c': 3}","c|[1, 1.0, 0],[1, 1.0, 1],[1, 1.5, 1]|text|not-applicable",,REFUSE
A:|||6|21,uint64_t,base_42,000000000000002a,"[1, 1.3125, 5]",struct,flat,"{'a': 1, 'b': 2, 'c': 3}","c|[1, 1.0, 0],[1, 1.0, 1],[1, 1.5, 1]|text|not-applicable",,REFUSE
A:|||6|22,uint64_t,base_42,000000000000002a,"[1, 1.3125, 5]","std::vector<std::vector<T>> / std::map<std::string,std::vector<T>>",seq_in_seq,"[[1, 2], [3, 4]]","c|c|[1, 1.0, 0],[1, 1.0, 1]|integer|as-sorted,c|[1, 1.0, 2],[1, 1.5, 1]|integer|as-sorted|integer|as-sorted",,REFUSE
A:|||6|23,uint64_t,base_42,000000000000002a,"[1, 1.3125, 5]",Node (variant-based),seq_in_seq,"[[1, 2], [3, 4]]","c|c|[1, 1.0, 0],[1, 1.0, 1]|integer|as-sorted,c|[1, 1.0, 2],[1, 1.5, 1]|integer|as-sorted|integer|as-sorted",,REFUSE
A:|||7|0,__int128,base_42,0000000000000000000000000000002a,"[1, 1.3125, 5]",std::monostate,null,null,null,,REFUSE
A:|||7|10,__int128,base_42,0000000000000000000000000000002a,"[1, 1.3125, 5]",std::string,base_hello,68656c6c6f,t|68656c6c6f|5|5|5,,REFUSE
A:|||7|12,__int128,base_42,0000000000000000000000000000002a,"[1, 1.3125, 5]",std::u32string,base_hello,68656c6c6f,t|68656c6c6f|5|5|5,,REFUSE
A:|||7|13,__int128,base_42,0000000000000000000000000000002a,"[1, 1.3125, 5]",std::vector<T>,base,"[1, 2, 3]","c|[1, 1.0, 0],[1, 1.0, 1],[1, 1.5, 1]|integer|as-sorted",,REFUSE
A:|||7|15,__int128,base_42,0000000000000000000000000000002a,"[1, 1.3125, 5]","std::array<T,N>",base,"[1, 2, 3]","c|[1, 1.0, 0],[1, 1.0, 1],[1, 1.5, 1]|integer|as-sorted",,REFUSE
A:|||7|16,__int128,base_42,0000000000000000000000000000002a,"[1, 1.3125, 5]",std::deque<T>,base,"[1, 2, 3]","c|[1, 1.0, 0],[1, 1.0, 1],[1, 1.5, 1]|integer|as-sorted",,REFUSE
A:|||7|17,__int128,base_42,0000000000000000000000000000002a,"[1, 1.3125, 5]",std::list<T>,base,"[1, 2, 3]","c|[1, 1.0, 0],[1, 1.0, 1],[1, 1.5, 1]|integer|as-sorted",,REFUSE
A:|||7|18,__int128,base_42,0000000000000000000000000000002a,"[1, 1.3125, 5]",std::tuple,base,"[1, 2, 3]","c|[1, 1.0, 0],[1, 1.0, 1],[1, 1.5, 1]|integer|as-sorted",,REFUSE
A:|||7|19,__int128,base_42,0000000000000000000000000000002a,"[1, 1.3125, 5]","std::map<std::string,T>",flat,"{'a': 1, 'b': 2, 'c': 3}","c|[1, 1.0, 0],[1, 1.0, 1],[1, 1.5, 1]|text|not-applicable",,REFUSE
A:|||7|20,__int128,base_42,0000000000000000000000000000002a,"[1, 1.3125, 5]","std::unordered_map<std::string,T>",flat,"{'a': 1, 'b': 2, 'c': 3}","c|[1, 1.0, 0],[1, 1.0, 1],[1, 1.5, 1]|text|not-applicable",,REFUSE
A:|||7|21,__int128,base_42,0000000000000000000000000000002a,"[1, 1.3125, 5]",struct,flat,"{'a': 1, 'b': 2, 'c': 3}","c|[1, 1.0, 0],[1, 1.0, 1],[1, 1.5, 1]|text|not-applicable",,REFUSE
A:|||7|22,__int128,base_42,0000000000000000000000000000002a,"[1, 1.3125, 5]","std::vector<std::vector<T>> / std::map<std::string,std::vector<T>>",seq_in_seq,"[[1, 2], [3, 4]]","c|c|[1, 1.0, 0],[1, 1.0, 1]|integer|as-sorted,c|[1, 1.0, 2],[1, 1.5, 1]|integer|as-sorted|integer|as-sorted",,REFUSE
A:|||7|23,__int128,base_42,0000000000000000000000000000002a,"[1, 1.3125, 5]",Node (variant-based),seq_in_seq,"[[1, 2], [3, 4]]","c|c|[1, 1.0, 0],[1, 1.0, 1]|integer|as-sorted,c|[1, 1.0, 2],[1, 1.5, 1]|integer|as-sorted|integer|as-sorted",,REFUSE
A:|||8|0,double,base_1_5,3ff8000000000000,"[1, 1.5, 0]",std::monostate,null,null,null,,REFUSE
A:|||8|10,double,base_1_5,3ff8000000000000,"[1, 1.5, 0]",std::string,base_hello,68656c6c6f,t|68656c6c6f|5|5|5,,REFUSE
A:|||8|12,double,base_1_5,3ff8000000000000,"[1, 1.5, 0]",std::u32string,base_hello,68656c6c6f,t|68656c6c6f|5|5|5,,REFUSE
A:|||8|13,double,base_1_5,3ff8000000000000,"[1, 1.5, 0]",std::vector<T>,base,"[1, 2, 3]","c|[1, 1.0, 0],[1, 1.0, 1],[1, 1.5, 1]|integer|as-sorted",,REFUSE
A:|||8|15,double,base_1_5,3ff8000000000000,"[1, 1.5, 0]","std::array<T,N>",base,"[1, 2, 3]","c|[1, 1.0, 0],[1, 1.0, 1],[1, 1.5, 1]|integer|as-sorted",,REFUSE
A:|||8|16,double,base_1_5,3ff8000000000000,"[1, 1.5, 0]",std::deque<T>,base,"[1, 2, 3]","c|[1, 1.0, 0],[1, 1.0, 1],[1, 1.5, 1]|integer|as-sorted",,REFUSE
A:|||8|17,double,base_1_5,3ff8000000000000,"[1, 1.5, 0]",std::list<T>,base,"[1, 2, 3]","c|[1, 1.0, 0],[1, 1.0, 1],[1, 1.5, 1]|integer|as-sorted",,REFUSE
A:|||8|18,double,base_1_5,3ff8000000000000,"[1, 1.5, 0]",std::tuple,base,"[1, 2, 3]","c|[1, 1.0, 0],[1, 1.0, 1],[1, 1.5, 1]|integer|as-sorted",,REFUSE
A:|||8|19,double,base_1_5,3ff8000000000000,"[1, 1.5, 0]","std::map<std::string,T>",flat,"{'a': 1, 'b': 2, 'c': 3}","c|[1, 1.0, 0],[1, 1.0, 1],[1, 1.5, 1]|text|not-applicable",,REFUSE
A:|||8|20,double,base_1_5,3ff8000000000000,"[1, 1.5, 0]","std::unordered_map<std::string,T>",flat,"{'a': 1, 'b': 2, 'c': 3}","c|[1, 1.0, 0],[1, 1.0, 1],[1, 1.5, 1]|text|not-applicable",,REFUSE
A:|||8|21,double,base_1_5,3ff8000000000000,"[1, 1.5, 0]",struct,flat,"{'a': 1, 'b': 2, 'c': 3}","c|[1, 1.0, 0],[1, 1.0, 1],[1, 1.5, 1]|text|not-applicable",,REFUSE
A:|||8|22,double,base_1_5,3ff8000000000000,"[1, 1.5, 0]","std::vector<std::vector<T>> / std::map<std::string,std::vector<T>>",seq_in_seq,"[[1, 2], [3, 4]]","c|c|[1, 1.0, 0],[1, 1.0, 1]|integer|as-sorted,c|[1, 1.0, 2],[1, 1.5, 1]|integer|as-sorted|integer|as-sorted",,REFUSE
A:|||8|23,double,base_1_5,3ff8000000000000,"[1, 1.5, 0]",Node (variant-based),seq_in_seq,"[[1, 2], [3, 4]]","c|c|[1, 1.0, 0],[1, 1.0, 1]|integer|as-sorted,c|[1, 1.0, 2],[1, 1.5, 1]|integer|as-sorted|integer|as-sorted",,REFUSE
A:|||9|0,float,base_1_5,3fc00000,"[1, 1.5, 0]",std::monostate,null,null,null,,REFUSE
A:|||9|10,float,base_1_5,3fc00000,"[1, 1.5, 0]",std::string,base_hello,68656c6c6f,t|68656c6c6f|5|5|5,,REFUSE
A:|||9|12,float,base_1_5,3fc00000,"[1, 1.5, 0]",std::u32string,base_hello,68656c6c6f,t|68656c6c6f|5|5|5,,REFUSE
A:|||9|13,float,base_1_5,3fc00000,"[1, 1.5, 0]",std::vector<T>,base,"[1, 2, 3]","c|[1, 1.0, 0],[1, 1.0, 1],[1, 1.5, 1]|integer|as-sorted",,REFUSE
A:|||9|15,float,base_1_5,3fc00000,"[1, 1.5, 0]","std::array<T,N>",base,"[1, 2, 3]","c|[1, 1.0, 0],[1, 1.0, 1],[1, 1.5, 1]|integer|as-sorted",,REFUSE
A:|||9|16,float,base_1_5,3fc00000,"[1, 1.5, 0]",std::deque<T>,base,"[1, 2, 3]","c|[1, 1.0, 0],[1, 1.0, 1],[1, 1.5, 1]|integer|as-sorted",,REFUSE
A:|||9|17,float,base_1_5,3fc00000,"[1, 1.5, 0]",std::list<T>,base,"[1, 2, 3]","c|[1, 1.0, 0],[1, 1.0, 1],[1, 1.5, 1]|integer|as-sorted",,REFUSE
A:|||9|18,float,base_1_5,3fc00000,"[1, 1.5, 0]",std::tuple,base,"[1, 2, 3]","c|[1, 1.0, 0],[1, 1.0, 1],[1, 1.5, 1]|integer|as-sorted",,REFUSE
A:|||9|19,float,base_1_5,3fc00000,"[1, 1.5, 0]","std::map<std::string,T>",flat,"{'a': 1, 'b': 2, 'c': 3}","c|[1, 1.0, 0],[1, 1.0, 1],[1, 1.5, 1]|text|not-applicable",,REFUSE
A:|||9|20,float,base_1_5,3fc00000,"[1, 1.5, 0]","std::unordered_map<std::string,T>",flat,"{'a': 1, 'b': 2, 'c': 3}","c|[1, 1.0, 0],[1, 1.0, 1],[1, 1.5, 1]|text|not-applicable",,REFUSE
A:|||9|21,float,base_1_5,3fc00000,"[1, 1.5, 0]",struct,flat,"{'a': 1, 'b': 2, 'c': 3}","c|[1, 1.0, 0],[1, 1.0, 1],[1, 1.5, 1]|text|not-applicable",,REFUSE
A:|||9|22,float,base_1_5,3fc00000,"[1, 1.5, 0]","std::vector<std::vector<T>> / std::map<std::string,std::vector<T>>",seq_in_seq,"[[1, 2], [3, 4]]","c|c|[1, 1.0, 0],[1, 1.0, 1]|integer|as-sorted,c|[1, 1.0, 2],[1, 1.5, 1]|integer|as-sorted|integer|as-sorted",,REFUSE
A:|||9|23,float,base_1_5,3fc00000,"[1, 1.5, 0]",Node (variant-based),seq_in_seq,"[[1, 2], [3, 4]]","c|c|[1, 1.0, 0],[1, 1.0, 1]|integer|as-sorted,c|[1, 1.0, 2],[1, 1.5, 1]|integer|as-sorted|integer|as-sorted",,REFUSE
A:|||10|0,std::string,base_hello,68656c6c6f,t|68656c6c6f|5|5|5,std::monostate,null,null,null,,REFUSE
A:|||10|1,std::string,base_hello,68656c6c6f,t|68656c6c6f|5|5|5,std::nullptr_t,null,null,null,,REFUSE
A:|||10|2,std::string,base_hello,68656c6c6f,t|68656c6c6f|5|5|5,std::optional<int64_t>,null,null,null,,REFUSE
A:|||10|3,std::string,base_hello,68656c6c6f,t|68656c6c6f|5|5|5,bool,true,true,true,,REFUSE
A:|||10|4,std::string,base_hello,68656c6c6f,t|68656c6c6f|5|5|5,int32_t,base_42,0000002a,"[1, 1.3125, 5]",,REFUSE
A:|||10|5,std::string,base_hello,68656c6c6f,t|68656c6c6f|5|5|5,int64_t,base_42,000000000000002a,"[1, 1.3125, 5]",,REFUSE
A:|||10|6,std::string,base_hello,68656c6c6f,t|68656c6c6f|5|5|5,uint64_t,base_42,000000000000002a,"[1, 1.3125, 5]",,REFUSE
A:|||10|7,std::string,base_hello,68656c6c6f,t|68656c6c6f|5|5|5,__int128,base_42,0000000000000000000000000000002a,"[1, 1.3125, 5]",,REFUSE
A:|||10|8,std::string,base_hello,68656c6c6f,t|68656c6c6f|5|5|5,double,base_1_5,3ff8000000000000,"[1, 1.5, 0]",,REFUSE
A:|||10|9,std::string,base_hello,68656c6c6f,t|68656c6c6f|5|5|5,float,base_1_5,3fc00000,"[1, 1.5, 0]",,REFUSE
A:|||10|10,std::string,base_hello,68656c6c6f,t|68656c6c6f|5|5|5,std::string,base_hello,68656c6c6f,t|68656c6c6f|5|5|5,,REFUSE
A:|||10|11,std::string,base_hello,68656c6c6f,t|68656c6c6f|5|5|5,const char*,base_hello,68656c6c6f,t|68656c6c6f|5|5|5,,REFUSE
A:|||10|12,std::string,base_hello,68656c6c6f,t|68656c6c6f|5|5|5,std::u32string,base_hello,68656c6c6f,t|68656c6c6f|5|5|5,,REFUSE
A:|||10|13,std::string,base_hello,68656c6c6f,t|68656c6c6f|5|5|5,std::vector<T>,base,"[1, 2, 3]","c|[1, 1.0, 0],[1, 1.0, 1],[1, 1.5, 1]|integer|as-sorted",,REFUSE
A:|||10|14,std::string,base_hello,68656c6c6f,t|68656c6c6f|5|5|5,T[N] (C array),base,"[1, 2, 3]","c|[1, 1.0, 0],[1, 1.0, 1],[1, 1.5, 1]|integer|as-sorted",,REFUSE
A:|||10|15,std::string,base_hello,68656c6c6f,t|68656c6c6f|5|5|5,"std::array<T,N>",base,"[1, 2, 3]","c|[1, 1.0, 0],[1, 1.0, 1],[1, 1.5, 1]|integer|as-sorted",,REFUSE
A:|||10|16,std::string,base_hello,68656c6c6f,t|68656c6c6f|5|5|5,std::deque<T>,base,"[1, 2, 3]","c|[1, 1.0, 0],[1, 1.0, 1],[1, 1.5, 1]|integer|as-sorted",,REFUSE
A:|||10|17,std::string,base_hello,68656c6c6f,t|68656c6c6f|5|5|5,std::list<T>,base,"[1, 2, 3]","c|[1, 1.0, 0],[1, 1.0, 1],[1, 1.5, 1]|integer|as-sorted",,REFUSE
A:|||10|18,std::string,base_hello,68656c6c6f,t|68656c6c6f|5|5|5,std::tuple,base,"[1, 2, 3]","c|[1, 1.0, 0],[1, 1.0, 1],[1, 1.5, 1]|integer|as-sorted",,REFUSE
A:|||10|19,std::string,base_hello,68656c6c6f,t|68656c6c6f|5|5|5,"std::map<std::string,T>",flat,"{'a': 1, 'b': 2, 'c': 3}","c|[1, 1.0, 0],[1, 1.0, 1],[1, 1.5, 1]|text|not-applicable",,REFUSE
A:|||10|20,std::string,base_hello,68656c6c6f,t|68656c6c6f|5|5|5,"std::unordered_map<std::string,T>",flat,"{'a': 1, 'b': 2, 'c': 3}","c|[1, 1.0, 0],[1, 1.0, 1],[1, 1.5, 1]|text|not-applicable",,REFUSE
A:|||10|21,std::string,base_hello,68656c6c6f,t|68656c6c6f|5|5|5,struct,flat,"{'a': 1, 'b': 2, 'c': 3}","c|[1, 1.0, 0],[1, 1.0, 1],[1, 1.5, 1]|text|not-applicable",,REFUSE
A:|||10|22,std::string,base_hello,68656c6c6f,t|68656c6c6f|5|5|5,"std::vector<std::vector<T>> / std::map<std::string,std::vector<T>>",seq_in_seq,"[[1, 2], [3, 4]]","c|c|[1, 1.0, 0],[1, 1.0, 1]|integer|as-sorted,c|[1, 1.0, 2],[1, 1.5, 1]|integer|as-sorted|integer|as-sorted",,REFUSE
A:|||10|23,std::string,base_hello,68656c6c6f,t|68656c6c6f|5|5|5,Node (variant-based),seq_in_seq,"[[1, 2], [3, 4]]","c|c|[1, 1.0, 0],[1, 1.0, 1]|integer|as-sorted,c|[1, 1.0, 2],[1, 1.5, 1]|integer|as-sorted|integer|as-sorted",,REFUSE
A:|||11|0,const char*,base_hello,68656c6c6f,t|68656c6c6f|5|5|5,std::monostate,null,null,null,,REFUSE
A:|||11|10,const char*,base_hello,68656c6c6f,t|68656c6c6f|5|5|5,std::string,base_hello,68656c6c6f,t|68656c6c6f|5|5|5,,REFUSE
A:|||11|12,const char*,base_hello,68656c6c6f,t|68656c6c6f|5|5|5,std::u32string,base_hello,68656c6c6f,t|68656c6c6f|5|5|5,,REFUSE
A:|||11|13,const char*,base_hello,68656c6c6f,t|68656c6c6f|5|5|5,std::vector<T>,base,"[1, 2, 3]","c|[1, 1.0, 0],[1, 1.0, 1],[1, 1.5, 1]|integer|as-sorted",,REFUSE
A:|||11|15,const char*,base_hello,68656c6c6f,t|68656c6c6f|5|5|5,"std::array<T,N>",base,"[1, 2, 3]","c|[1, 1.0, 0],[1, 1.0, 1],[1, 1.5, 1]|integer|as-sorted",,REFUSE
A:|||11|16,const char*,base_hello,68656c6c6f,t|68656c6c6f|5|5|5,std::deque<T>,base,"[1, 2, 3]","c|[1, 1.0, 0],[1, 1.0, 1],[1, 1.5, 1]|integer|as-sorted",,REFUSE
A:|||11|17,const char*,base_hello,68656c6c6f,t|68656c6c6f|5|5|5,std::list<T>,base,"[1, 2, 3]","c|[1, 1.0, 0],[1, 1.0, 1],[1, 1.5, 1]|integer|as-sorted",,REFUSE
A:|||11|18,const char*,base_hello,68656c6c6f,t|68656c6c6f|5|5|5,std::tuple,base,"[1, 2, 3]","c|[1, 1.0, 0],[1, 1.0, 1],[1, 1.5, 1]|integer|as-sorted",,REFUSE
A:|||11|19,const char*,base_hello,68656c6c6f,t|68656c6c6f|5|5|5,"std::map<std::string,T>",flat,"{'a': 1, 'b': 2, 'c': 3}","c|[1, 1.0, 0],[1, 1.0, 1],[1, 1.5, 1]|text|not-applicable",,REFUSE
A:|||11|20,const char*,base_hello,68656c6c6f,t|68656c6c6f|5|5|5,"std::unordered_map<std::string,T>",flat,"{'a': 1, 'b': 2, 'c': 3}","c|[1, 1.0, 0],[1, 1.0, 1],[1, 1.5, 1]|text|not-applicable",,REFUSE
A:|||11|21,const char*,base_hello,68656c6c6f,t|68656c6c6f|5|5|5,struct,flat,"{'a': 1, 'b': 2, 'c': 3}","c|[1, 1.0, 0],[1, 1.0, 1],[1, 1.5, 1]|text|not-applicable",,REFUSE
A:|||11|22,const char*,base_hello,68656c6c6f,t|68656c6c6f|5|5|5,"std::vector<std::vector<T>> / std::map<std::string,std::vector<T>>",seq_in_seq,"[[1, 2], [3, 4]]","c|c|[1, 1.0, 0],[1, 1.0, 1]|integer|as-sorted,c|[1, 1.0, 2],[1, 1.5, 1]|integer|as-sorted|integer|as-sorted",,REFUSE
A:|||11|23,const char*,base_hello,68656c6c6f,t|68656c6c6f|5|5|5,Node (variant-based),seq_in_seq,"[[1, 2], [3, 4]]","c|c|[1, 1.0, 0],[1, 1.0, 1]|integer|as-sorted,c|[1, 1.0, 2],[1, 1.5, 1]|integer|as-sorted|integer|as-sorted",,REFUSE
A:|||12|0,std::u32string,base_hello,68656c6c6f,t|68656c6c6f|5|5|5,std::monostate,null,null,null,,REFUSE
A:|||12|1,std::u32string,base_hello,68656c6c6f,t|68656c6c6f|5|5|5,std::nullptr_t,null,null,null,,REFUSE
A:|||12|2,std::u32string,base_hello,68656c6c6f,t|68656c6c6f|5|5|5,std::optional<int64_t>,null,null,null,,REFUSE
A:|||12|3,std::u32string,base_hello,68656c6c6f,t|68656c6c6f|5|5|5,bool,true,true,true,,REFUSE
A:|||12|4,std::u32string,base_hello,68656c6c6f,t|68656c6c6f|5|5|5,int32_t,base_42,0000002a,"[1, 1.3125, 5]",,REFUSE
A:|||12|5,std::u32string,base_hello,68656c6c6f,t|68656c6c6f|5|5|5,int64_t,base_42,000000000000002a,"[1, 1.3125, 5]",,REFUSE
A:|||12|6,std::u32string,base_hello,68656c6c6f,t|68656c6c6f|5|5|5,uint64_t,base_42,000000000000002a,"[1, 1.3125, 5]",,REFUSE
A:|||12|7,std::u32string,base_hello,68656c6c6f,t|68656c6c6f|5|5|5,__int128,base_42,0000000000000000000000000000002a,"[1, 1.3125, 5]",,REFUSE
A:|||12|8,std::u32string,base_hello,68656c6c6f,t|68656c6c6f|5|5|5,double,base_1_5,3ff8000000000000,"[1, 1.5, 0]",,REFUSE
A:|||12|9,std::u32string,base_hello,68656c6c6f,t|68656c6c6f|5|5|5,float,base_1_5,3fc00000,"[1, 1.5, 0]",,REFUSE
A:|||12|10,std::u32string,base_hello,68656c6c6f,t|68656c6c6f|5|5|5,std::string,base_hello,68656c6c6f,t|68656c6c6f|5|5|5,,REFUSE
A:|||12|11,std::u32string,base_hello,68656c6c6f,t|68656c6c6f|5|5|5,const char*,base_hello,68656c6c6f,t|68656c6c6f|5|5|5,,REFUSE
A:|||12|12,std::u32string,base_hello,68656c6c6f,t|68656c6c6f|5|5|5,std::u32string,base_hello,68656c6c6f,t|68656c6c6f|5|5|5,,REFUSE
A:|||12|13,std::u32string,base_hello,68656c6c6f,t|68656c6c6f|5|5|5,std::vector<T>,base,"[1, 2, 3]","c|[1, 1.0, 0],[1, 1.0, 1],[1, 1.5, 1]|integer|as-sorted",,REFUSE
A:|||12|14,std::u32string,base_hello,68656c6c6f,t|68656c6c6f|5|5|5,T[N] (C array),base,"[1, 2, 3]","c|[1, 1.0, 0],[1, 1.0, 1],[1, 1.5, 1]|integer|as-sorted",,REFUSE
A:|||12|15,std::u32string,base_hello,68656c6c6f,t|68656c6c6f|5|5|5,"std::array<T,N>",base,"[1, 2, 3]","c|[1, 1.0, 0],[1, 1.0, 1],[1, 1.5, 1]|integer|as-sorted",,REFUSE
A:|||12|16,std::u32string,base_hello,68656c6c6f,t|68656c6c6f|5|5|5,std::deque<T>,base,"[1, 2, 3]","c|[1, 1.0, 0],[1, 1.0, 1],[1, 1.5, 1]|integer|as-sorted",,REFUSE
A:|||12|17,std::u32string,base_hello,68656c6c6f,t|68656c6c6f|5|5|5,std::list<T>,base,"[1, 2, 3]","c|[1, 1.0, 0],[1, 1.0, 1],[1, 1.5, 1]|integer|as-sorted",,REFUSE
A:|||12|18,std::u32string,base_hello,68656c6c6f,t|68656c6c6f|5|5|5,std::tuple,base,"[1, 2, 3]","c|[1, 1.0, 0],[1, 1.0, 1],[1, 1.5, 1]|integer|as-sorted",,REFUSE
A:|||12|19,std::u32string,base_hello,68656c6c6f,t|68656c6c6f|5|5|5,"std::map<std::string,T>",flat,"{'a': 1, 'b': 2, 'c': 3}","c|[1, 1.0, 0],[1, 1.0, 1],[1, 1.5, 1]|text|not-applicable",,REFUSE
A:|||12|20,std::u32string,base_hello,68656c6c6f,t|68656c6c6f|5|5|5,"std::unordered_map<std::string,T>",flat,"{'a': 1, 'b': 2, 'c': 3}","c|[1, 1.0, 0],[1, 1.0, 1],[1, 1.5, 1]|text|not-applicable",,REFUSE
A:|||12|21,std::u32string,base_hello,68656c6c6f,t|68656c6c6f|5|5|5,struct,flat,"{'a': 1, 'b': 2, 'c': 3}","c|[1, 1.0, 0],[1, 1.0, 1],[1, 1.5, 1]|text|not-applicable",,REFUSE
A:|||12|22,std::u32string,base_hello,68656c6c6f,t|68656c6c6f|5|5|5,"std::vector<std::vector<T>> / std::map<std::string,std::vector<T>>",seq_in_seq,"[[1, 2], [3, 4]]","c|c|[1, 1.0, 0],[1, 1.0, 1]|integer|as-sorted,c|[1, 1.0, 2],[1, 1.5, 1]|integer|as-sorted|integer|as-sorted",,REFUSE
A:|||12|23,std::u32string,base_hello,68656c6c6f,t|68656c6c6f|5|5|5,Node (variant-based),seq_in_seq,"[[1, 2], [3, 4]]","c|c|[1, 1.0, 0],[1, 1.0, 1]|integer|as-sorted,c|[1, 1.0, 2],[1, 1.5, 1]|integer|as-sorted|integer|as-sorted",,REFUSE
A:|||13|0,std::vector<T>,base,"[1, 2, 3]","c|[1, 1.0, 0],[1, 1.0, 1],[1, 1.5, 1]|integer|as-sorted",std::monostate,null,null,null,,REFUSE
A:|||13|1,std::vector<T>,base,"[1, 2, 3]","c|[1, 1.0, 0],[1, 1.0, 1],[1, 1.5, 1]|integer|as-sorted",std::nullptr_t,null,null,null,,REFUSE
A:|||13|2,std::vector<T>,base,"[1, 2, 3]","c|[1, 1.0, 0],[1, 1.0, 1],[1, 1.5, 1]|integer|as-sorted",std::optional<int64_t>,null,null,null,,REFUSE
A:|||13|3,std::vector<T>,base,"[1, 2, 3]","c|[1, 1.0, 0],[1, 1.0, 1],[1, 1.5, 1]|integer|as-sorted",bool,true,true,true,,REFUSE
A:|||13|4,std::vector<T>,base,"[1, 2, 3]","c|[1, 1.0, 0],[1, 1.0, 1],[1, 1.5, 1]|integer|as-sorted",int32_t,base_42,0000002a,"[1, 1.3125, 5]",,REFUSE
A:|||13|5,std::vector<T>,base,"[1, 2, 3]","c|[1, 1.0, 0],[1, 1.0, 1],[1, 1.5, 1]|integer|as-sorted",int64_t,base_42,000000000000002a,"[1, 1.3125, 5]",,REFUSE
A:|||13|6,std::vector<T>,base,"[1, 2, 3]","c|[1, 1.0, 0],[1, 1.0, 1],[1, 1.5, 1]|integer|as-sorted",uint64_t,base_42,000000000000002a,"[1, 1.3125, 5]",,REFUSE
A:|||13|7,std::vector<T>,base,"[1, 2, 3]","c|[1, 1.0, 0],[1, 1.0, 1],[1, 1.5, 1]|integer|as-sorted",__int128,base_42,0000000000000000000000000000002a,"[1, 1.3125, 5]",,REFUSE
A:|||13|8,std::vector<T>,base,"[1, 2, 3]","c|[1, 1.0, 0],[1, 1.0, 1],[1, 1.5, 1]|integer|as-sorted",double,base_1_5,3ff8000000000000,"[1, 1.5, 0]",,REFUSE
A:|||13|9,std::vector<T>,base,"[1, 2, 3]","c|[1, 1.0, 0],[1, 1.0, 1],[1, 1.5, 1]|integer|as-sorted",float,base_1_5,3fc00000,"[1, 1.5, 0]",,REFUSE
A:|||13|10,std::vector<T>,base,"[1, 2, 3]","c|[1, 1.0, 0],[1, 1.0, 1],[1, 1.5, 1]|integer|as-sorted",std::string,base_hello,68656c6c6f,t|68656c6c6f|5|5|5,,REFUSE
A:|||13|11,std::vector<T>,base,"[1, 2, 3]","c|[1, 1.0, 0],[1, 1.0, 1],[1, 1.5, 1]|integer|as-sorted",const char*,base_hello,68656c6c6f,t|68656c6c6f|5|5|5,,REFUSE
A:|||13|12,std::vector<T>,base,"[1, 2, 3]","c|[1, 1.0, 0],[1, 1.0, 1],[1, 1.5, 1]|integer|as-sorted",std::u32string,base_hello,68656c6c6f,t|68656c6c6f|5|5|5,,REFUSE
A:|||13|13,std::vector<T>,base,"[1, 2, 3]","c|[1, 1.0, 0],[1, 1.0, 1],[1, 1.5, 1]|integer|as-sorted",std::vector<T>,base,"[1, 2, 3]","c|[1, 1.0, 0],[1, 1.0, 1],[1, 1.5, 1]|integer|as-sorted",,REFUSE
A:|||13|14,std::vector<T>,base,"[1, 2, 3]","c|[1, 1.0, 0],[1, 1.0, 1],[1, 1.5, 1]|integer|as-sorted",T[N] (C array),base,"[1, 2, 3]","c|[1, 1.0, 0],[1, 1.0, 1],[1, 1.5, 1]|integer|as-sorted",,REFUSE
A:|||13|15,std::vector<T>,base,"[1, 2, 3]","c|[1, 1.0, 0],[1, 1.0, 1],[1, 1.5, 1]|integer|as-sorted","std::array<T,N>",base,"[1, 2, 3]","c|[1, 1.0, 0],[1, 1.0, 1],[1, 1.5, 1]|integer|as-sorted",,REFUSE
A:|||13|16,std::vector<T>,base,"[1, 2, 3]","c|[1, 1.0, 0],[1, 1.0, 1],[1, 1.5, 1]|integer|as-sorted",std::deque<T>,base,"[1, 2, 3]","c|[1, 1.0, 0],[1, 1.0, 1],[1, 1.5, 1]|integer|as-sorted",,REFUSE
A:|||13|17,std::vector<T>,base,"[1, 2, 3]","c|[1, 1.0, 0],[1, 1.0, 1],[1, 1.5, 1]|integer|as-sorted",std::list<T>,base,"[1, 2, 3]","c|[1, 1.0, 0],[1, 1.0, 1],[1, 1.5, 1]|integer|as-sorted",,REFUSE
A:|||13|18,std::vector<T>,base,"[1, 2, 3]","c|[1, 1.0, 0],[1, 1.0, 1],[1, 1.5, 1]|integer|as-sorted",std::tuple,base,"[1, 2, 3]","c|[1, 1.0, 0],[1, 1.0, 1],[1, 1.5, 1]|integer|as-sorted",,REFUSE
A:|||13|19,std::vector<T>,base,"[1, 2, 3]","c|[1, 1.0, 0],[1, 1.0, 1],[1, 1.5, 1]|integer|as-sorted","std::map<std::string,T>",flat,"{'a': 1, 'b': 2, 'c': 3}","c|[1, 1.0, 0],[1, 1.0, 1],[1, 1.5, 1]|text|not-applicable",,REFUSE
A:|||13|20,std::vector<T>,base,"[1, 2, 3]","c|[1, 1.0, 0],[1, 1.0, 1],[1, 1.5, 1]|integer|as-sorted","std::unordered_map<std::string,T>",flat,"{'a': 1, 'b': 2, 'c': 3}","c|[1, 1.0, 0],[1, 1.0, 1],[1, 1.5, 1]|text|not-applicable",,REFUSE
A:|||13|21,std::vector<T>,base,"[1, 2, 3]","c|[1, 1.0, 0],[1, 1.0, 1],[1, 1.5, 1]|integer|as-sorted",struct,flat,"{'a': 1, 'b': 2, 'c': 3}","c|[1, 1.0, 0],[1, 1.0, 1],[1, 1.5, 1]|text|not-applicable",,REFUSE
A:|||13|22,std::vector<T>,base,"[1, 2, 3]","c|[1, 1.0, 0],[1, 1.0, 1],[1, 1.5, 1]|integer|as-sorted","std::vector<std::vector<T>> / std::map<std::string,std::vector<T>>",seq_in_seq,"[[1, 2], [3, 4]]","c|c|[1, 1.0, 0],[1, 1.0, 1]|integer|as-sorted,c|[1, 1.0, 2],[1, 1.5, 1]|integer|as-sorted|integer|as-sorted",,REFUSE
A:|||13|23,std::vector<T>,base,"[1, 2, 3]","c|[1, 1.0, 0],[1, 1.0, 1],[1, 1.5, 1]|integer|as-sorted",Node (variant-based),seq_in_seq,"[[1, 2], [3, 4]]","c|c|[1, 1.0, 0],[1, 1.0, 1]|integer|as-sorted,c|[1, 1.0, 2],[1, 1.5, 1]|integer|as-sorted|integer|as-sorted",,REFUSE
A:|||14|0,T[N] (C array),base,"[1, 2, 3]","c|[1, 1.0, 0],[1, 1.0, 1],[1, 1.5, 1]|integer|as-sorted",std::monostate,null,null,null,,REFUSE
A:|||14|10,T[N] (C array),base,"[1, 2, 3]","c|[1, 1.0, 0],[1, 1.0, 1],[1, 1.5, 1]|integer|as-sorted",std::string,base_hello,68656c6c6f,t|68656c6c6f|5|5|5,,REFUSE
A:|||14|12,T[N] (C array),base,"[1, 2, 3]","c|[1, 1.0, 0],[1, 1.0, 1],[1, 1.5, 1]|integer|as-sorted",std::u32string,base_hello,68656c6c6f,t|68656c6c6f|5|5|5,,REFUSE
A:|||14|13,T[N] (C array),base,"[1, 2, 3]","c|[1, 1.0, 0],[1, 1.0, 1],[1, 1.5, 1]|integer|as-sorted",std::vector<T>,base,"[1, 2, 3]","c|[1, 1.0, 0],[1, 1.0, 1],[1, 1.5, 1]|integer|as-sorted",,REFUSE
A:|||14|14,T[N] (C array),base,"[1, 2, 3]","c|[1, 1.0, 0],[1, 1.0, 1],[1, 1.5, 1]|integer|as-sorted",T[N] (C array),base,"[1, 2, 3]","c|[1, 1.0, 0],[1, 1.0, 1],[1, 1.5, 1]|integer|as-sorted",,REFUSE
A:|||14|15,T[N] (C array),base,"[1, 2, 3]","c|[1, 1.0, 0],[1, 1.0, 1],[1, 1.5, 1]|integer|as-sorted","std::array<T,N>",base,"[1, 2, 3]","c|[1, 1.0, 0],[1, 1.0, 1],[1, 1.5, 1]|integer|as-sorted",,REFUSE
A:|||14|16,T[N] (C array),base,"[1, 2, 3]","c|[1, 1.0, 0],[1, 1.0, 1],[1, 1.5, 1]|integer|as-sorted",std::deque<T>,base,"[1, 2, 3]","c|[1, 1.0, 0],[1, 1.0, 1],[1, 1.5, 1]|integer|as-sorted",,REFUSE
A:|||14|17,T[N] (C array),base,"[1, 2, 3]","c|[1, 1.0, 0],[1, 1.0, 1],[1, 1.5, 1]|integer|as-sorted",std::list<T>,base,"[1, 2, 3]","c|[1, 1.0, 0],[1, 1.0, 1],[1, 1.5, 1]|integer|as-sorted",,REFUSE
A:|||14|18,T[N] (C array),base,"[1, 2, 3]","c|[1, 1.0, 0],[1, 1.0, 1],[1, 1.5, 1]|integer|as-sorted",std::tuple,base,"[1, 2, 3]","c|[1, 1.0, 0],[1, 1.0, 1],[1, 1.5, 1]|integer|as-sorted",,REFUSE
A:|||14|19,T[N] (C array),base,"[1, 2, 3]","c|[1, 1.0, 0],[1, 1.0, 1],[1, 1.5, 1]|integer|as-sorted","std::map<std::string,T>",flat,"{'a': 1, 'b': 2, 'c': 3}","c|[1, 1.0, 0],[1, 1.0, 1],[1, 1.5, 1]|text|not-applicable",,REFUSE
A:|||14|20,T[N] (C array),base,"[1, 2, 3]","c|[1, 1.0, 0],[1, 1.0, 1],[1, 1.5, 1]|integer|as-sorted","std::unordered_map<std::string,T>",flat,"{'a': 1, 'b': 2, 'c': 3}","c|[1, 1.0, 0],[1, 1.0, 1],[1, 1.5, 1]|text|not-applicable",,REFUSE
A:|||14|21,T[N] (C array),base,"[1, 2, 3]","c|[1, 1.0, 0],[1, 1.0, 1],[1, 1.5, 1]|integer|as-sorted",struct,flat,"{'a': 1, 'b': 2, 'c': 3}","c|[1, 1.0, 0],[1, 1.0, 1],[1, 1.5, 1]|text|not-applicable",,REFUSE
A:|||14|22,T[N] (C array),base,"[1, 2, 3]","c|[1, 1.0, 0],[1, 1.0, 1],[1, 1.5, 1]|integer|as-sorted","std::vector<std::vector<T>> / std::map<std::string,std::vector<T>>",seq_in_seq,"[[1, 2], [3, 4]]","c|c|[1, 1.0, 0],[1, 1.0, 1]|integer|as-sorted,c|[1, 1.0, 2],[1, 1.5, 1]|integer|as-sorted|integer|as-sorted",,REFUSE
A:|||14|23,T[N] (C array),base,"[1, 2, 3]","c|[1, 1.0, 0],[1, 1.0, 1],[1, 1.5, 1]|integer|as-sorted",Node (variant-based),seq_in_seq,"[[1, 2], [3, 4]]","c|c|[1, 1.0, 0],[1, 1.0, 1]|integer|as-sorted,c|[1, 1.0, 2],[1, 1.5, 1]|integer|as-sorted|integer|as-sorted",,REFUSE
A:|||15|0,"std::array<T,N>",base,"[1, 2, 3]","c|[1, 1.0, 0],[1, 1.0, 1],[1, 1.5, 1]|integer|as-sorted",std::monostate,null,null,null,,REFUSE
A:|||15|1,"std::array<T,N>",base,"[1, 2, 3]","c|[1, 1.0, 0],[1, 1.0, 1],[1, 1.5, 1]|integer|as-sorted",std::nullptr_t,null,null,null,,REFUSE
A:|||15|2,"std::array<T,N>",base,"[1, 2, 3]","c|[1, 1.0, 0],[1, 1.0, 1],[1, 1.5, 1]|integer|as-sorted",std::optional<int64_t>,null,null,null,,REFUSE
A:|||15|3,"std::array<T,N>",base,"[1, 2, 3]","c|[1, 1.0, 0],[1, 1.0, 1],[1, 1.5, 1]|integer|as-sorted",bool,true,true,true,,REFUSE
A:|||15|4,"std::array<T,N>",base,"[1, 2, 3]","c|[1, 1.0, 0],[1, 1.0, 1],[1, 1.5, 1]|integer|as-sorted",int32_t,base_42,0000002a,"[1, 1.3125, 5]",,REFUSE
A:|||15|5,"std::array<T,N>",base,"[1, 2, 3]","c|[1, 1.0, 0],[1, 1.0, 1],[1, 1.5, 1]|integer|as-sorted",int64_t,base_42,000000000000002a,"[1, 1.3125, 5]",,REFUSE
A:|||15|6,"std::array<T,N>",base,"[1, 2, 3]","c|[1, 1.0, 0],[1, 1.0, 1],[1, 1.5, 1]|integer|as-sorted",uint64_t,base_42,000000000000002a,"[1, 1.3125, 5]",,REFUSE
A:|||15|7,"std::array<T,N>",base,"[1, 2, 3]","c|[1, 1.0, 0],[1, 1.0, 1],[1, 1.5, 1]|integer|as-sorted",__int128,base_42,0000000000000000000000000000002a,"[1, 1.3125, 5]",,REFUSE
A:|||15|8,"std::array<T,N>",base,"[1, 2, 3]","c|[1, 1.0, 0],[1, 1.0, 1],[1, 1.5, 1]|integer|as-sorted",double,base_1_5,3ff8000000000000,"[1, 1.5, 0]",,REFUSE
A:|||15|9,"std::array<T,N>",base,"[1, 2, 3]","c|[1, 1.0, 0],[1, 1.0, 1],[1, 1.5, 1]|integer|as-sorted",float,base_1_5,3fc00000,"[1, 1.5, 0]",,REFUSE
A:|||15|10,"std::array<T,N>",base,"[1, 2, 3]","c|[1, 1.0, 0],[1, 1.0, 1],[1, 1.5, 1]|integer|as-sorted",std::string,base_hello,68656c6c6f,t|68656c6c6f|5|5|5,,REFUSE
A:|||15|11,"std::array<T,N>",base,"[1, 2, 3]","c|[1, 1.0, 0],[1, 1.0, 1],[1, 1.5, 1]|integer|as-sorted",const char*,base_hello,68656c6c6f,t|68656c6c6f|5|5|5,,REFUSE
A:|||15|12,"std::array<T,N>",base,"[1, 2, 3]","c|[1, 1.0, 0],[1, 1.0, 1],[1, 1.5, 1]|integer|as-sorted",std::u32string,base_hello,68656c6c6f,t|68656c6c6f|5|5|5,,REFUSE
A:|||15|13,"std::array<T,N>",base,"[1, 2, 3]","c|[1, 1.0, 0],[1, 1.0, 1],[1, 1.5, 1]|integer|as-sorted",std::vector<T>,base,"[1, 2, 3]","c|[1, 1.0, 0],[1, 1.0, 1],[1, 1.5, 1]|integer|as-sorted",,REFUSE
A:|||15|14,"std::array<T,N>",base,"[1, 2, 3]","c|[1, 1.0, 0],[1, 1.0, 1],[1, 1.5, 1]|integer|as-sorted",T[N] (C array),base,"[1, 2, 3]","c|[1, 1.0, 0],[1, 1.0, 1],[1, 1.5, 1]|integer|as-sorted",,REFUSE
A:|||15|15,"std::array<T,N>",base,"[1, 2, 3]","c|[1, 1.0, 0],[1, 1.0, 1],[1, 1.5, 1]|integer|as-sorted","std::array<T,N>",base,"[1, 2, 3]","c|[1, 1.0, 0],[1, 1.0, 1],[1, 1.5, 1]|integer|as-sorted",,REFUSE
A:|||15|16,"std::array<T,N>",base,"[1, 2, 3]","c|[1, 1.0, 0],[1, 1.0, 1],[1, 1.5, 1]|integer|as-sorted",std::deque<T>,base,"[1, 2, 3]","c|[1, 1.0, 0],[1, 1.0, 1],[1, 1.5, 1]|integer|as-sorted",,REFUSE
A:|||15|17,"std::array<T,N>",base,"[1, 2, 3]","c|[1, 1.0, 0],[1, 1.0, 1],[1, 1.5, 1]|integer|as-sorted",std::list<T>,base,"[1, 2, 3]","c|[1, 1.0, 0],[1, 1.0, 1],[1, 1.5, 1]|integer|as-sorted",,REFUSE
A:|||15|18,"std::array<T,N>",base,"[1, 2, 3]","c|[1, 1.0, 0],[1, 1.0, 1],[1, 1.5, 1]|integer|as-sorted",std::tuple,base,"[1, 2, 3]","c|[1, 1.0, 0],[1, 1.0, 1],[1, 1.5, 1]|integer|as-sorted",,REFUSE
A:|||15|19,"std::array<T,N>",base,"[1, 2, 3]","c|[1, 1.0, 0],[1, 1.0, 1],[1, 1.5, 1]|integer|as-sorted","std::map<std::string,T>",flat,"{'a': 1, 'b': 2, 'c': 3}","c|[1, 1.0, 0],[1, 1.0, 1],[1, 1.5, 1]|text|not-applicable",,REFUSE
A:|||15|20,"std::array<T,N>",base,"[1, 2, 3]","c|[1, 1.0, 0],[1, 1.0, 1],[1, 1.5, 1]|integer|as-sorted","std::unordered_map<std::string,T>",flat,"{'a': 1, 'b': 2, 'c': 3}","c|[1, 1.0, 0],[1, 1.0, 1],[1, 1.5, 1]|text|not-applicable",,REFUSE
A:|||15|21,"std::array<T,N>",base,"[1, 2, 3]","c|[1, 1.0, 0],[1, 1.0, 1],[1, 1.5, 1]|integer|as-sorted",struct,flat,"{'a': 1, 'b': 2, 'c': 3}","c|[1, 1.0, 0],[1, 1.0, 1],[1, 1.5, 1]|text|not-applicable",,REFUSE
A:|||15|22,"std::array<T,N>",base,"[1, 2, 3]","c|[1, 1.0, 0],[1, 1.0, 1],[1, 1.5, 1]|integer|as-sorted","std::vector<std::vector<T>> / std::map<std::string,std::vector<T>>",seq_in_seq,"[[1, 2], [3, 4]]","c|c|[1, 1.0, 0],[1, 1.0, 1]|integer|as-sorted,c|[1, 1.0, 2],[1, 1.5, 1]|integer|as-sorted|integer|as-sorted",,REFUSE
A:|||15|23,"std::array<T,N>",base,"[1, 2, 3]","c|[1, 1.0, 0],[1, 1.0, 1],[1, 1.5, 1]|integer|as-sorted",Node (variant-based),seq_in_seq,"[[1, 2], [3, 4]]","c|c|[1, 1.0, 0],[1, 1.0, 1]|integer|as-sorted,c|[1, 1.0, 2],[1, 1.5, 1]|integer|as-sorted|integer|as-sorted",,REFUSE
A:|||16|0,std::deque<T>,base,"[1, 2, 3]","c|[1, 1.0, 0],[1, 1.0, 1],[1, 1.5, 1]|integer|as-sorted",std::monostate,null,null,null,,REFUSE
A:|||16|1,std::deque<T>,base,"[1, 2, 3]","c|[1, 1.0, 0],[1, 1.0, 1],[1, 1.5, 1]|integer|as-sorted",std::nullptr_t,null,null,null,,REFUSE
A:|||16|2,std::deque<T>,base,"[1, 2, 3]","c|[1, 1.0, 0],[1, 1.0, 1],[1, 1.5, 1]|integer|as-sorted",std::optional<int64_t>,null,null,null,,REFUSE
A:|||16|3,std::deque<T>,base,"[1, 2, 3]","c|[1, 1.0, 0],[1, 1.0, 1],[1, 1.5, 1]|integer|as-sorted",bool,true,true,true,,REFUSE
A:|||16|4,std::deque<T>,base,"[1, 2, 3]","c|[1, 1.0, 0],[1, 1.0, 1],[1, 1.5, 1]|integer|as-sorted",int32_t,base_42,0000002a,"[1, 1.3125, 5]",,REFUSE
A:|||16|5,std::deque<T>,base,"[1, 2, 3]","c|[1, 1.0, 0],[1, 1.0, 1],[1, 1.5, 1]|integer|as-sorted",int64_t,base_42,000000000000002a,"[1, 1.3125, 5]",,REFUSE
A:|||16|6,std::deque<T>,base,"[1, 2, 3]","c|[1, 1.0, 0],[1, 1.0, 1],[1, 1.5, 1]|integer|as-sorted",uint64_t,base_42,000000000000002a,"[1, 1.3125, 5]",,REFUSE
A:|||16|7,std::deque<T>,base,"[1, 2, 3]","c|[1, 1.0, 0],[1, 1.0, 1],[1, 1.5, 1]|integer|as-sorted",__int128,base_42,0000000000000000000000000000002a,"[1, 1.3125, 5]",,REFUSE
A:|||16|8,std::deque<T>,base,"[1, 2, 3]","c|[1, 1.0, 0],[1, 1.0, 1],[1, 1.5, 1]|integer|as-sorted",double,base_1_5,3ff8000000000000,"[1, 1.5, 0]",,REFUSE
A:|||16|9,std::deque<T>,base,"[1, 2, 3]","c|[1, 1.0, 0],[1, 1.0, 1],[1, 1.5, 1]|integer|as-sorted",float,base_1_5,3fc00000,"[1, 1.5, 0]",,REFUSE
A:|||16|10,std::deque<T>,base,"[1, 2, 3]","c|[1, 1.0, 0],[1, 1.0, 1],[1, 1.5, 1]|integer|as-sorted",std::string,base_hello,68656c6c6f,t|68656c6c6f|5|5|5,,REFUSE
A:|||16|11,std::deque<T>,base,"[1, 2, 3]","c|[1, 1.0, 0],[1, 1.0, 1],[1, 1.5, 1]|integer|as-sorted",const char*,base_hello,68656c6c6f,t|68656c6c6f|5|5|5,,REFUSE
A:|||16|12,std::deque<T>,base,"[1, 2, 3]","c|[1, 1.0, 0],[1, 1.0, 1],[1, 1.5, 1]|integer|as-sorted",std::u32string,base_hello,68656c6c6f,t|68656c6c6f|5|5|5,,REFUSE
A:|||16|13,std::deque<T>,base,"[1, 2, 3]","c|[1, 1.0, 0],[1, 1.0, 1],[1, 1.5, 1]|integer|as-sorted",std::vector<T>,base,"[1, 2, 3]","c|[1, 1.0, 0],[1, 1.0, 1],[1, 1.5, 1]|integer|as-sorted",,REFUSE
A:|||16|14,std::deque<T>,base,"[1, 2, 3]","c|[1, 1.0, 0],[1, 1.0, 1],[1, 1.5, 1]|integer|as-sorted",T[N] (C array),base,"[1, 2, 3]","c|[1, 1.0, 0],[1, 1.0, 1],[1, 1.5, 1]|integer|as-sorted",,REFUSE
A:|||16|15,std::deque<T>,base,"[1, 2, 3]","c|[1, 1.0, 0],[1, 1.0, 1],[1, 1.5, 1]|integer|as-sorted","std::array<T,N>",base,"[1, 2, 3]","c|[1, 1.0, 0],[1, 1.0, 1],[1, 1.5, 1]|integer|as-sorted",,REFUSE
A:|||16|16,std::deque<T>,base,"[1, 2, 3]","c|[1, 1.0, 0],[1, 1.0, 1],[1, 1.5, 1]|integer|as-sorted",std::deque<T>,base,"[1, 2, 3]","c|[1, 1.0, 0],[1, 1.0, 1],[1, 1.5, 1]|integer|as-sorted",,REFUSE
A:|||16|17,std::deque<T>,base,"[1, 2, 3]","c|[1, 1.0, 0],[1, 1.0, 1],[1, 1.5, 1]|integer|as-sorted",std::list<T>,base,"[1, 2, 3]","c|[1, 1.0, 0],[1, 1.0, 1],[1, 1.5, 1]|integer|as-sorted",,REFUSE
A:|||16|18,std::deque<T>,base,"[1, 2, 3]","c|[1, 1.0, 0],[1, 1.0, 1],[1, 1.5, 1]|integer|as-sorted",std::tuple,base,"[1, 2, 3]","c|[1, 1.0, 0],[1, 1.0, 1],[1, 1.5, 1]|integer|as-sorted",,REFUSE
A:|||16|19,std::deque<T>,base,"[1, 2, 3]","c|[1, 1.0, 0],[1, 1.0, 1],[1, 1.5, 1]|integer|as-sorted","std::map<std::string,T>",flat,"{'a': 1, 'b': 2, 'c': 3}","c|[1, 1.0, 0],[1, 1.0, 1],[1, 1.5, 1]|text|not-applicable",,REFUSE
A:|||16|20,std::deque<T>,base,"[1, 2, 3]","c|[1, 1.0, 0],[1, 1.0, 1],[1, 1.5, 1]|integer|as-sorted","std::unordered_map<std::string,T>",flat,"{'a': 1, 'b': 2, 'c': 3}","c|[1, 1.0, 0],[1, 1.0, 1],[1, 1.5, 1]|text|not-applicable",,REFUSE
A:|||16|21,std::deque<T>,base,"[1, 2, 3]","c|[1, 1.0, 0],[1, 1.0, 1],[1, 1.5, 1]|integer|as-sorted",struct,flat,"{'a': 1, 'b': 2, 'c': 3}","c|[1, 1.0, 0],[1, 1.0, 1],[1, 1.5, 1]|text|not-applicable",,REFUSE
A:|||16|22,std::deque<T>,base,"[1, 2, 3]","c|[1, 1.0, 0],[1, 1.0, 1],[1, 1.5, 1]|integer|as-sorted","std::vector<std::vector<T>> / std::map<std::string,std::vector<T>>",seq_in_seq,"[[1, 2], [3, 4]]","c|c|[1, 1.0, 0],[1, 1.0, 1]|integer|as-sorted,c|[1, 1.0, 2],[1, 1.5, 1]|integer|as-sorted|integer|as-sorted",,REFUSE
A:|||16|23,std::deque<T>,base,"[1, 2, 3]","c|[1, 1.0, 0],[1, 1.0, 1],[1, 1.5, 1]|integer|as-sorted",Node (variant-based),seq_in_seq,"[[1, 2], [3, 4]]","c|c|[1, 1.0, 0],[1, 1.0, 1]|integer|as-sorted,c|[1, 1.0, 2],[1, 1.5, 1]|integer|as-sorted|integer|as-sorted",,REFUSE
A:|||17|0,std::list<T>,base,"[1, 2, 3]","c|[1, 1.0, 0],[1, 1.0, 1],[1, 1.5, 1]|integer|as-sorted",std::monostate,null,null,null,,REFUSE
A:|||17|1,std::list<T>,base,"[1, 2, 3]","c|[1, 1.0, 0],[1, 1.0, 1],[1, 1.5, 1]|integer|as-sorted",std::nullptr_t,null,null,null,,REFUSE
A:|||17|2,std::list<T>,base,"[1, 2, 3]","c|[1, 1.0, 0],[1, 1.0, 1],[1, 1.5, 1]|integer|as-sorted",std::optional<int64_t>,null,null,null,,REFUSE
A:|||17|3,std::list<T>,base,"[1, 2, 3]","c|[1, 1.0, 0],[1, 1.0, 1],[1, 1.5, 1]|integer|as-sorted",bool,true,true,true,,REFUSE
A:|||17|4,std::list<T>,base,"[1, 2, 3]","c|[1, 1.0, 0],[1, 1.0, 1],[1, 1.5, 1]|integer|as-sorted",int32_t,base_42,0000002a,"[1, 1.3125, 5]",,REFUSE
A:|||17|5,std::list<T>,base,"[1, 2, 3]","c|[1, 1.0, 0],[1, 1.0, 1],[1, 1.5, 1]|integer|as-sorted",int64_t,base_42,000000000000002a,"[1, 1.3125, 5]",,REFUSE
A:|||17|6,std::list<T>,base,"[1, 2, 3]","c|[1, 1.0, 0],[1, 1.0, 1],[1, 1.5, 1]|integer|as-sorted",uint64_t,base_42,000000000000002a,"[1, 1.3125, 5]",,REFUSE
A:|||17|7,std::list<T>,base,"[1, 2, 3]","c|[1, 1.0, 0],[1, 1.0, 1],[1, 1.5, 1]|integer|as-sorted",__int128,base_42,0000000000000000000000000000002a,"[1, 1.3125, 5]",,REFUSE
A:|||17|8,std::list<T>,base,"[1, 2, 3]","c|[1, 1.0, 0],[1, 1.0, 1],[1, 1.5, 1]|integer|as-sorted",double,base_1_5,3ff8000000000000,"[1, 1.5, 0]",,REFUSE
A:|||17|9,std::list<T>,base,"[1, 2, 3]","c|[1, 1.0, 0],[1, 1.0, 1],[1, 1.5, 1]|integer|as-sorted",float,base_1_5,3fc00000,"[1, 1.5, 0]",,REFUSE
A:|||17|10,std::list<T>,base,"[1, 2, 3]","c|[1, 1.0, 0],[1, 1.0, 1],[1, 1.5, 1]|integer|as-sorted",std::string,base_hello,68656c6c6f,t|68656c6c6f|5|5|5,,REFUSE
A:|||17|11,std::list<T>,base,"[1, 2, 3]","c|[1, 1.0, 0],[1, 1.0, 1],[1, 1.5, 1]|integer|as-sorted",const char*,base_hello,68656c6c6f,t|68656c6c6f|5|5|5,,REFUSE
A:|||17|12,std::list<T>,base,"[1, 2, 3]","c|[1, 1.0, 0],[1, 1.0, 1],[1, 1.5, 1]|integer|as-sorted",std::u32string,base_hello,68656c6c6f,t|68656c6c6f|5|5|5,,REFUSE
A:|||17|13,std::list<T>,base,"[1, 2, 3]","c|[1, 1.0, 0],[1, 1.0, 1],[1, 1.5, 1]|integer|as-sorted",std::vector<T>,base,"[1, 2, 3]","c|[1, 1.0, 0],[1, 1.0, 1],[1, 1.5, 1]|integer|as-sorted",,REFUSE
A:|||17|14,std::list<T>,base,"[1, 2, 3]","c|[1, 1.0, 0],[1, 1.0, 1],[1, 1.5, 1]|integer|as-sorted",T[N] (C array),base,"[1, 2, 3]","c|[1, 1.0, 0],[1, 1.0, 1],[1, 1.5, 1]|integer|as-sorted",,REFUSE
A:|||17|15,std::list<T>,base,"[1, 2, 3]","c|[1, 1.0, 0],[1, 1.0, 1],[1, 1.5, 1]|integer|as-sorted","std::array<T,N>",base,"[1, 2, 3]","c|[1, 1.0, 0],[1, 1.0, 1],[1, 1.5, 1]|integer|as-sorted",,REFUSE
A:|||17|16,std::list<T>,base,"[1, 2, 3]","c|[1, 1.0, 0],[1, 1.0, 1],[1, 1.5, 1]|integer|as-sorted",std::deque<T>,base,"[1, 2, 3]","c|[1, 1.0, 0],[1, 1.0, 1],[1, 1.5, 1]|integer|as-sorted",,REFUSE
A:|||17|17,std::list<T>,base,"[1, 2, 3]","c|[1, 1.0, 0],[1, 1.0, 1],[1, 1.5, 1]|integer|as-sorted",std::list<T>,base,"[1, 2, 3]","c|[1, 1.0, 0],[1, 1.0, 1],[1, 1.5, 1]|integer|as-sorted",,REFUSE
A:|||17|18,std::list<T>,base,"[1, 2, 3]","c|[1, 1.0, 0],[1, 1.0, 1],[1, 1.5, 1]|integer|as-sorted",std::tuple,base,"[1, 2, 3]","c|[1, 1.0, 0],[1, 1.0, 1],[1, 1.5, 1]|integer|as-sorted",,REFUSE
A:|||17|19,std::list<T>,base,"[1, 2, 3]","c|[1, 1.0, 0],[1, 1.0, 1],[1, 1.5, 1]|integer|as-sorted","std::map<std::string,T>",flat,"{'a': 1, 'b': 2, 'c': 3}","c|[1, 1.0, 0],[1, 1.0, 1],[1, 1.5, 1]|text|not-applicable",,REFUSE
A:|||17|20,std::list<T>,base,"[1, 2, 3]","c|[1, 1.0, 0],[1, 1.0, 1],[1, 1.5, 1]|integer|as-sorted","std::unordered_map<std::string,T>",flat,"{'a': 1, 'b': 2, 'c': 3}","c|[1, 1.0, 0],[1, 1.0, 1],[1, 1.5, 1]|text|not-applicable",,REFUSE
A:|||17|21,std::list<T>,base,"[1, 2, 3]","c|[1, 1.0, 0],[1, 1.0, 1],[1, 1.5, 1]|integer|as-sorted",struct,flat,"{'a': 1, 'b': 2, 'c': 3}","c|[1, 1.0, 0],[1, 1.0, 1],[1, 1.5, 1]|text|not-applicable",,REFUSE
A:|||17|22,std::list<T>,base,"[1, 2, 3]","c|[1, 1.0, 0],[1, 1.0, 1],[1, 1.5, 1]|integer|as-sorted","std::vector<std::vector<T>> / std::map<std::string,std::vector<T>>",seq_in_seq,"[[1, 2], [3, 4]]","c|c|[1, 1.0, 0],[1, 1.0, 1]|integer|as-sorted,c|[1, 1.0, 2],[1, 1.5, 1]|integer|as-sorted|integer|as-sorted",,REFUSE
A:|||17|23,std::list<T>,base,"[1, 2, 3]","c|[1, 1.0, 0],[1, 1.0, 1],[1, 1.5, 1]|integer|as-sorted",Node (variant-based),seq_in_seq,"[[1, 2], [3, 4]]","c|c|[1, 1.0, 0],[1, 1.0, 1]|integer|as-sorted,c|[1, 1.0, 2],[1, 1.5, 1]|integer|as-sorted|integer|as-sorted",,REFUSE
A:|||18|0,std::tuple,base,"[1, 2, 3]","c|[1, 1.0, 0],[1, 1.0, 1],[1, 1.5, 1]|integer|as-sorted",std::monostate,null,null,null,,REFUSE
A:|||18|1,std::tuple,base,"[1, 2, 3]","c|[1, 1.0, 0],[1, 1.0, 1],[1, 1.5, 1]|integer|as-sorted",std::nullptr_t,null,null,null,,REFUSE
A:|||18|2,std::tuple,base,"[1, 2, 3]","c|[1, 1.0, 0],[1, 1.0, 1],[1, 1.5, 1]|integer|as-sorted",std::optional<int64_t>,null,null,null,,REFUSE
A:|||18|3,std::tuple,base,"[1, 2, 3]","c|[1, 1.0, 0],[1, 1.0, 1],[1, 1.5, 1]|integer|as-sorted",bool,true,true,true,,REFUSE
A:|||18|4,std::tuple,base,"[1, 2, 3]","c|[1, 1.0, 0],[1, 1.0, 1],[1, 1.5, 1]|integer|as-sorted",int32_t,base_42,0000002a,"[1, 1.3125, 5]",,REFUSE
A:|||18|5,std::tuple,base,"[1, 2, 3]","c|[1, 1.0, 0],[1, 1.0, 1],[1, 1.5, 1]|integer|as-sorted",int64_t,base_42,000000000000002a,"[1, 1.3125, 5]",,REFUSE
A:|||18|6,std::tuple,base,"[1, 2, 3]","c|[1, 1.0, 0],[1, 1.0, 1],[1, 1.5, 1]|integer|as-sorted",uint64_t,base_42,000000000000002a,"[1, 1.3125, 5]",,REFUSE
A:|||18|7,std::tuple,base,"[1, 2, 3]","c|[1, 1.0, 0],[1, 1.0, 1],[1, 1.5, 1]|integer|as-sorted",__int128,base_42,0000000000000000000000000000002a,"[1, 1.3125, 5]",,REFUSE
A:|||18|8,std::tuple,base,"[1, 2, 3]","c|[1, 1.0, 0],[1, 1.0, 1],[1, 1.5, 1]|integer|as-sorted",double,base_1_5,3ff8000000000000,"[1, 1.5, 0]",,REFUSE
A:|||18|9,std::tuple,base,"[1, 2, 3]","c|[1, 1.0, 0],[1, 1.0, 1],[1, 1.5, 1]|integer|as-sorted",float,base_1_5,3fc00000,"[1, 1.5, 0]",,REFUSE
A:|||18|10,std::tuple,base,"[1, 2, 3]","c|[1, 1.0, 0],[1, 1.0, 1],[1, 1.5, 1]|integer|as-sorted",std::string,base_hello,68656c6c6f,t|68656c6c6f|5|5|5,,REFUSE
A:|||18|11,std::tuple,base,"[1, 2, 3]","c|[1, 1.0, 0],[1, 1.0, 1],[1, 1.5, 1]|integer|as-sorted",const char*,base_hello,68656c6c6f,t|68656c6c6f|5|5|5,,REFUSE
A:|||18|12,std::tuple,base,"[1, 2, 3]","c|[1, 1.0, 0],[1, 1.0, 1],[1, 1.5, 1]|integer|as-sorted",std::u32string,base_hello,68656c6c6f,t|68656c6c6f|5|5|5,,REFUSE
A:|||18|13,std::tuple,base,"[1, 2, 3]","c|[1, 1.0, 0],[1, 1.0, 1],[1, 1.5, 1]|integer|as-sorted",std::vector<T>,base,"[1, 2, 3]","c|[1, 1.0, 0],[1, 1.0, 1],[1, 1.5, 1]|integer|as-sorted",,REFUSE
A:|||18|14,std::tuple,base,"[1, 2, 3]","c|[1, 1.0, 0],[1, 1.0, 1],[1, 1.5, 1]|integer|as-sorted",T[N] (C array),base,"[1, 2, 3]","c|[1, 1.0, 0],[1, 1.0, 1],[1, 1.5, 1]|integer|as-sorted",,REFUSE
A:|||18|15,std::tuple,base,"[1, 2, 3]","c|[1, 1.0, 0],[1, 1.0, 1],[1, 1.5, 1]|integer|as-sorted","std::array<T,N>",base,"[1, 2, 3]","c|[1, 1.0, 0],[1, 1.0, 1],[1, 1.5, 1]|integer|as-sorted",,REFUSE
A:|||18|16,std::tuple,base,"[1, 2, 3]","c|[1, 1.0, 0],[1, 1.0, 1],[1, 1.5, 1]|integer|as-sorted",std::deque<T>,base,"[1, 2, 3]","c|[1, 1.0, 0],[1, 1.0, 1],[1, 1.5, 1]|integer|as-sorted",,REFUSE
A:|||18|17,std::tuple,base,"[1, 2, 3]","c|[1, 1.0, 0],[1, 1.0, 1],[1, 1.5, 1]|integer|as-sorted",std::list<T>,base,"[1, 2, 3]","c|[1, 1.0, 0],[1, 1.0, 1],[1, 1.5, 1]|integer|as-sorted",,REFUSE
A:|||18|18,std::tuple,base,"[1, 2, 3]","c|[1, 1.0, 0],[1, 1.0, 1],[1, 1.5, 1]|integer|as-sorted",std::tuple,base,"[1, 2, 3]","c|[1, 1.0, 0],[1, 1.0, 1],[1, 1.5, 1]|integer|as-sorted",,REFUSE
A:|||18|19,std::tuple,base,"[1, 2, 3]","c|[1, 1.0, 0],[1, 1.0, 1],[1, 1.5, 1]|integer|as-sorted","std::map<std::string,T>",flat,"{'a': 1, 'b': 2, 'c': 3}","c|[1, 1.0, 0],[1, 1.0, 1],[1, 1.5, 1]|text|not-applicable",,REFUSE
A:|||18|20,std::tuple,base,"[1, 2, 3]","c|[1, 1.0, 0],[1, 1.0, 1],[1, 1.5, 1]|integer|as-sorted","std::unordered_map<std::string,T>",flat,"{'a': 1, 'b': 2, 'c': 3}","c|[1, 1.0, 0],[1, 1.0, 1],[1, 1.5, 1]|text|not-applicable",,REFUSE
A:|||18|21,std::tuple,base,"[1, 2, 3]","c|[1, 1.0, 0],[1, 1.0, 1],[1, 1.5, 1]|integer|as-sorted",struct,flat,"{'a': 1, 'b': 2, 'c': 3}","c|[1, 1.0, 0],[1, 1.0, 1],[1, 1.5, 1]|text|not-applicable",,REFUSE
A:|||18|22,std::tuple,base,"[1, 2, 3]","c|[1, 1.0, 0],[1, 1.0, 1],[1, 1.5, 1]|integer|as-sorted","std::vector<std::vector<T>> / std::map<std::string,std::vector<T>>",seq_in_seq,"[[1, 2], [3, 4]]","c|c|[1, 1.0, 0],[1, 1.0, 1]|integer|as-sorted,c|[1, 1.0, 2],[1, 1.5, 1]|integer|as-sorted|integer|as-sorted",,REFUSE
A:|||18|23,std::tuple,base,"[1, 2, 3]","c|[1, 1.0, 0],[1, 1.0, 1],[1, 1.5, 1]|integer|as-sorted",Node (variant-based),seq_in_seq,"[[1, 2], [3, 4]]","c|c|[1, 1.0, 0],[1, 1.0, 1]|integer|as-sorted,c|[1, 1.0, 2],[1, 1.5, 1]|integer|as-sorted|integer|as-sorted",,REFUSE
A:|||19|0,"std::map<std::string,T>",flat,"{'a': 1, 'b': 2, 'c': 3}","c|[1, 1.0, 0],[1, 1.0, 1],[1, 1.5, 1]|text|not-applicable",std::monostate,null,null,null,,REFUSE
A:|||19|1,"std::map<std::string,T>",flat,"{'a': 1, 'b': 2, 'c': 3}","c|[1, 1.0, 0],[1, 1.0, 1],[1, 1.5, 1]|text|not-applicable",std::nullptr_t,null,null,null,,REFUSE
A:|||19|2,"std::map<std::string,T>",flat,"{'a': 1, 'b': 2, 'c': 3}","c|[1, 1.0, 0],[1, 1.0, 1],[1, 1.5, 1]|text|not-applicable",std::optional<int64_t>,null,null,null,,REFUSE
A:|||19|3,"std::map<std::string,T>",flat,"{'a': 1, 'b': 2, 'c': 3}","c|[1, 1.0, 0],[1, 1.0, 1],[1, 1.5, 1]|text|not-applicable",bool,true,true,true,,REFUSE
A:|||19|4,"std::map<std::string,T>",flat,"{'a': 1, 'b': 2, 'c': 3}","c|[1, 1.0, 0],[1, 1.0, 1],[1, 1.5, 1]|text|not-applicable",int32_t,base_42,0000002a,"[1, 1.3125, 5]",,REFUSE
A:|||19|5,"std::map<std::string,T>",flat,"{'a': 1, 'b': 2, 'c': 3}","c|[1, 1.0, 0],[1, 1.0, 1],[1, 1.5, 1]|text|not-applicable",int64_t,base_42,000000000000002a,"[1, 1.3125, 5]",,REFUSE
A:|||19|6,"std::map<std::string,T>",flat,"{'a': 1, 'b': 2, 'c': 3}","c|[1, 1.0, 0],[1, 1.0, 1],[1, 1.5, 1]|text|not-applicable",uint64_t,base_42,000000000000002a,"[1, 1.3125, 5]",,REFUSE
A:|||19|7,"std::map<std::string,T>",flat,"{'a': 1, 'b': 2, 'c': 3}","c|[1, 1.0, 0],[1, 1.0, 1],[1, 1.5, 1]|text|not-applicable",__int128,base_42,0000000000000000000000000000002a,"[1, 1.3125, 5]",,REFUSE
A:|||19|8,"std::map<std::string,T>",flat,"{'a': 1, 'b': 2, 'c': 3}","c|[1, 1.0, 0],[1, 1.0, 1],[1, 1.5, 1]|text|not-applicable",double,base_1_5,3ff8000000000000,"[1, 1.5, 0]",,REFUSE
A:|||19|9,"std::map<std::string,T>",flat,"{'a': 1, 'b': 2, 'c': 3}","c|[1, 1.0, 0],[1, 1.0, 1],[1, 1.5, 1]|text|not-applicable",float,base_1_5,3fc00000,"[1, 1.5, 0]",,REFUSE
A:|||19|10,"std::map<std::string,T>",flat,"{'a': 1, 'b': 2, 'c': 3}","c|[1, 1.0, 0],[1, 1.0, 1],[1, 1.5, 1]|text|not-applicable",std::string,base_hello,68656c6c6f,t|68656c6c6f|5|5|5,,REFUSE
A:|||19|11,"std::map<std::string,T>",flat,"{'a': 1, 'b': 2, 'c': 3}","c|[1, 1.0, 0],[1, 1.0, 1],[1, 1.5, 1]|text|not-applicable",const char*,base_hello,68656c6c6f,t|68656c6c6f|5|5|5,,REFUSE
A:|||19|12,"std::map<std::string,T>",flat,"{'a': 1, 'b': 2, 'c': 3}","c|[1, 1.0, 0],[1, 1.0, 1],[1, 1.5, 1]|text|not-applicable",std::u32string,base_hello,68656c6c6f,t|68656c6c6f|5|5|5,,REFUSE
A:|||19|13,"std::map<std::string,T>",flat,"{'a': 1, 'b': 2, 'c': 3}","c|[1, 1.0, 0],[1, 1.0, 1],[1, 1.5, 1]|text|not-applicable",std::vector<T>,base,"[1, 2, 3]","c|[1, 1.0, 0],[1, 1.0, 1],[1, 1.5, 1]|integer|as-sorted",,REFUSE
A:|||19|14,"std::map<std::string,T>",flat,"{'a': 1, 'b': 2, 'c': 3}","c|[1, 1.0, 0],[1, 1.0, 1],[1, 1.5, 1]|text|not-applicable",T[N] (C array),base,"[1, 2, 3]","c|[1, 1.0, 0],[1, 1.0, 1],[1, 1.5, 1]|integer|as-sorted",,REFUSE
A:|||19|15,"std::map<std::string,T>",flat,"{'a': 1, 'b': 2, 'c': 3}","c|[1, 1.0, 0],[1, 1.0, 1],[1, 1.5, 1]|text|not-applicable","std::array<T,N>",base,"[1, 2, 3]","c|[1, 1.0, 0],[1, 1.0, 1],[1, 1.5, 1]|integer|as-sorted",,REFUSE
A:|||19|16,"std::map<std::string,T>",flat,"{'a': 1, 'b': 2, 'c': 3}","c|[1, 1.0, 0],[1, 1.0, 1],[1, 1.5, 1]|text|not-applicable",std::deque<T>,base,"[1, 2, 3]","c|[1, 1.0, 0],[1, 1.0, 1],[1, 1.5, 1]|integer|as-sorted",,REFUSE
A:|||19|17,"std::map<std::string,T>",flat,"{'a': 1, 'b': 2, 'c': 3}","c|[1, 1.0, 0],[1, 1.0, 1],[1, 1.5, 1]|text|not-applicable",std::list<T>,base,"[1, 2, 3]","c|[1, 1.0, 0],[1, 1.0, 1],[1, 1.5, 1]|integer|as-sorted",,REFUSE
A:|||19|18,"std::map<std::string,T>",flat,"{'a': 1, 'b': 2, 'c': 3}","c|[1, 1.0, 0],[1, 1.0, 1],[1, 1.5, 1]|text|not-applicable",std::tuple,base,"[1, 2, 3]","c|[1, 1.0, 0],[1, 1.0, 1],[1, 1.5, 1]|integer|as-sorted",,REFUSE
A:|||19|19,"std::map<std::string,T>",flat,"{'a': 1, 'b': 2, 'c': 3}","c|[1, 1.0, 0],[1, 1.0, 1],[1, 1.5, 1]|text|not-applicable","std::map<std::string,T>",flat,"{'a': 1, 'b': 2, 'c': 3}","c|[1, 1.0, 0],[1, 1.0, 1],[1, 1.5, 1]|text|not-applicable",,REFUSE
A:|||19|20,"std::map<std::string,T>",flat,"{'a': 1, 'b': 2, 'c': 3}","c|[1, 1.0, 0],[1, 1.0, 1],[1, 1.5, 1]|text|not-applicable","std::unordered_map<std::string,T>",flat,"{'a': 1, 'b': 2, 'c': 3}","c|[1, 1.0, 0],[1, 1.0, 1],[1, 1.5, 1]|text|not-applicable",,REFUSE
A:|||19|21,"std::map<std::string,T>",flat,"{'a': 1, 'b': 2, 'c': 3}","c|[1, 1.0, 0],[1, 1.0, 1],[1, 1.5, 1]|text|not-applicable",struct,flat,"{'a': 1, 'b': 2, 'c': 3}","c|[1, 1.0, 0],[1, 1.0, 1],[1, 1.5, 1]|text|not-applicable",,REFUSE
A:|||19|22,"std::map<std::string,T>",flat,"{'a': 1, 'b': 2, 'c': 3}","c|[1, 1.0, 0],[1, 1.0, 1],[1, 1.5, 1]|text|not-applicable","std::vector<std::vector<T>> / std::map<std::string,std::vector<T>>",seq_in_seq,"[[1, 2], [3, 4]]","c|c|[1, 1.0, 0],[1, 1.0, 1]|integer|as-sorted,c|[1, 1.0, 2],[1, 1.5, 1]|integer|as-sorted|integer|as-sorted",,REFUSE
A:|||19|23,"std::map<std::string,T>",flat,"{'a': 1, 'b': 2, 'c': 3}","c|[1, 1.0, 0],[1, 1.0, 1],[1, 1.5, 1]|text|not-applicable",Node (variant-based),seq_in_seq,"[[1, 2], [3, 4]]","c|c|[1, 1.0, 0],[1, 1.0, 1]|integer|as-sorted,c|[1, 1.0, 2],[1, 1.5, 1]|integer|as-sorted|integer|as-sorted",,REFUSE
A:|||20|0,"std::unordered_map<std::string,T>",flat,"{'a': 1, 'b': 2, 'c': 3}","c|[1, 1.0, 0],[1, 1.0, 1],[1, 1.5, 1]|text|not-applicable",std::monostate,null,null,null,,REFUSE
A:|||20|1,"std::unordered_map<std::string,T>",flat,"{'a': 1, 'b': 2, 'c': 3}","c|[1, 1.0, 0],[1, 1.0, 1],[1, 1.5, 1]|text|not-applicable",std::nullptr_t,null,null,null,,REFUSE
A:|||20|2,"std::unordered_map<std::string,T>",flat,"{'a': 1, 'b': 2, 'c': 3}","c|[1, 1.0, 0],[1, 1.0, 1],[1, 1.5, 1]|text|not-applicable",std::optional<int64_t>,null,null,null,,REFUSE
A:|||20|3,"std::unordered_map<std::string,T>",flat,"{'a': 1, 'b': 2, 'c': 3}","c|[1, 1.0, 0],[1, 1.0, 1],[1, 1.5, 1]|text|not-applicable",bool,true,true,true,,REFUSE
A:|||20|4,"std::unordered_map<std::string,T>",flat,"{'a': 1, 'b': 2, 'c': 3}","c|[1, 1.0, 0],[1, 1.0, 1],[1, 1.5, 1]|text|not-applicable",int32_t,base_42,0000002a,"[1, 1.3125, 5]",,REFUSE
A:|||20|5,"std::unordered_map<std::string,T>",flat,"{'a': 1, 'b': 2, 'c': 3}","c|[1, 1.0, 0],[1, 1.0, 1],[1, 1.5, 1]|text|not-applicable",int64_t,base_42,000000000000002a,"[1, 1.3125, 5]",,REFUSE
A:|||20|6,"std::unordered_map<std::string,T>",flat,"{'a': 1, 'b': 2, 'c': 3}","c|[1, 1.0, 0],[1, 1.0, 1],[1, 1.5, 1]|text|not-applicable",uint64_t,base_42,000000000000002a,"[1, 1.3125, 5]",,REFUSE
A:|||20|7,"std::unordered_map<std::string,T>",flat,"{'a': 1, 'b': 2, 'c': 3}","c|[1, 1.0, 0],[1, 1.0, 1],[1, 1.5, 1]|text|not-applicable",__int128,base_42,0000000000000000000000000000002a,"[1, 1.3125, 5]",,REFUSE
A:|||20|8,"std::unordered_map<std::string,T>",flat,"{'a': 1, 'b': 2, 'c': 3}","c|[1, 1.0, 0],[1, 1.0, 1],[1, 1.5, 1]|text|not-applicable",double,base_1_5,3ff8000000000000,"[1, 1.5, 0]",,REFUSE
A:|||20|9,"std::unordered_map<std::string,T>",flat,"{'a': 1, 'b': 2, 'c': 3}","c|[1, 1.0, 0],[1, 1.0, 1],[1, 1.5, 1]|text|not-applicable",float,base_1_5,3fc00000,"[1, 1.5, 0]",,REFUSE
A:|||20|10,"std::unordered_map<std::string,T>",flat,"{'a': 1, 'b': 2, 'c': 3}","c|[1, 1.0, 0],[1, 1.0, 1],[1, 1.5, 1]|text|not-applicable",std::string,base_hello,68656c6c6f,t|68656c6c6f|5|5|5,,REFUSE
A:|||20|11,"std::unordered_map<std::string,T>",flat,"{'a': 1, 'b': 2, 'c': 3}","c|[1, 1.0, 0],[1, 1.0, 1],[1, 1.5, 1]|text|not-applicable",const char*,base_hello,68656c6c6f,t|68656c6c6f|5|5|5,,REFUSE
A:|||20|12,"std::unordered_map<std::string,T>",flat,"{'a': 1, 'b': 2, 'c': 3}","c|[1, 1.0, 0],[1, 1.0, 1],[1, 1.5, 1]|text|not-applicable",std::u32string,base_hello,68656c6c6f,t|68656c6c6f|5|5|5,,REFUSE
A:|||20|13,"std::unordered_map<std::string,T>",flat,"{'a': 1, 'b': 2, 'c': 3}","c|[1, 1.0, 0],[1, 1.0, 1],[1, 1.5, 1]|text|not-applicable",std::vector<T>,base,"[1, 2, 3]","c|[1, 1.0, 0],[1, 1.0, 1],[1, 1.5, 1]|integer|as-sorted",,REFUSE
A:|||20|14,"std::unordered_map<std::string,T>",flat,"{'a': 1, 'b': 2, 'c': 3}","c|[1, 1.0, 0],[1, 1.0, 1],[1, 1.5, 1]|text|not-applicable",T[N] (C array),base,"[1, 2, 3]","c|[1, 1.0, 0],[1, 1.0, 1],[1, 1.5, 1]|integer|as-sorted",,REFUSE
A:|||20|15,"std::unordered_map<std::string,T>",flat,"{'a': 1, 'b': 2, 'c': 3}","c|[1, 1.0, 0],[1, 1.0, 1],[1, 1.5, 1]|text|not-applicable","std::array<T,N>",base,"[1, 2, 3]","c|[1, 1.0, 0],[1, 1.0, 1],[1, 1.5, 1]|integer|as-sorted",,REFUSE
A:|||20|16,"std::unordered_map<std::string,T>",flat,"{'a': 1, 'b': 2, 'c': 3}","c|[1, 1.0, 0],[1, 1.0, 1],[1, 1.5, 1]|text|not-applicable",std::deque<T>,base,"[1, 2, 3]","c|[1, 1.0, 0],[1, 1.0, 1],[1, 1.5, 1]|integer|as-sorted",,REFUSE
A:|||20|17,"std::unordered_map<std::string,T>",flat,"{'a': 1, 'b': 2, 'c': 3}","c|[1, 1.0, 0],[1, 1.0, 1],[1, 1.5, 1]|text|not-applicable",std::list<T>,base,"[1, 2, 3]","c|[1, 1.0, 0],[1, 1.0, 1],[1, 1.5, 1]|integer|as-sorted",,REFUSE
A:|||20|18,"std::unordered_map<std::string,T>",flat,"{'a': 1, 'b': 2, 'c': 3}","c|[1, 1.0, 0],[1, 1.0, 1],[1, 1.5, 1]|text|not-applicable",std::tuple,base,"[1, 2, 3]","c|[1, 1.0, 0],[1, 1.0, 1],[1, 1.5, 1]|integer|as-sorted",,REFUSE
A:|||20|19,"std::unordered_map<std::string,T>",flat,"{'a': 1, 'b': 2, 'c': 3}","c|[1, 1.0, 0],[1, 1.0, 1],[1, 1.5, 1]|text|not-applicable","std::map<std::string,T>",flat,"{'a': 1, 'b': 2, 'c': 3}","c|[1, 1.0, 0],[1, 1.0, 1],[1, 1.5, 1]|text|not-applicable",,REFUSE
A:|||20|20,"std::unordered_map<std::string,T>",flat,"{'a': 1, 'b': 2, 'c': 3}","c|[1, 1.0, 0],[1, 1.0, 1],[1, 1.5, 1]|text|not-applicable","std::unordered_map<std::string,T>",flat,"{'a': 1, 'b': 2, 'c': 3}","c|[1, 1.0, 0],[1, 1.0, 1],[1, 1.5, 1]|text|not-applicable",,REFUSE
A:|||20|21,"std::unordered_map<std::string,T>",flat,"{'a': 1, 'b': 2, 'c': 3}","c|[1, 1.0, 0],[1, 1.0, 1],[1, 1.5, 1]|text|not-applicable",struct,flat,"{'a': 1, 'b': 2, 'c': 3}","c|[1, 1.0, 0],[1, 1.0, 1],[1, 1.5, 1]|text|not-applicable",,REFUSE
A:|||20|22,"std::unordered_map<std::string,T>",flat,"{'a': 1, 'b': 2, 'c': 3}","c|[1, 1.0, 0],[1, 1.0, 1],[1, 1.5, 1]|text|not-applicable","std::vector<std::vector<T>> / std::map<std::string,std::vector<T>>",seq_in_seq,"[[1, 2], [3, 4]]","c|c|[1, 1.0, 0],[1, 1.0, 1]|integer|as-sorted,c|[1, 1.0, 2],[1, 1.5, 1]|integer|as-sorted|integer|as-sorted",,REFUSE
A:|||20|23,"std::unordered_map<std::string,T>",flat,"{'a': 1, 'b': 2, 'c': 3}","c|[1, 1.0, 0],[1, 1.0, 1],[1, 1.5, 1]|text|not-applicable",Node (variant-based),seq_in_seq,"[[1, 2], [3, 4]]","c|c|[1, 1.0, 0],[1, 1.0, 1]|integer|as-sorted,c|[1, 1.0, 2],[1, 1.5, 1]|integer|as-sorted|integer|as-sorted",,REFUSE
A:|||21|0,struct,flat,"{'a': 1, 'b': 2, 'c': 3}","c|[1, 1.0, 0],[1, 1.0, 1],[1, 1.5, 1]|text|not-applicable",std::monostate,null,null,null,,REFUSE
A:|||21|1,struct,flat,"{'a': 1, 'b': 2, 'c': 3}","c|[1, 1.0, 0],[1, 1.0, 1],[1, 1.5, 1]|text|not-applicable",std::nullptr_t,null,null,null,,REFUSE
A:|||21|2,struct,flat,"{'a': 1, 'b': 2, 'c': 3}","c|[1, 1.0, 0],[1, 1.0, 1],[1, 1.5, 1]|text|not-applicable",std::optional<int64_t>,null,null,null,,REFUSE
A:|||21|3,struct,flat,"{'a': 1, 'b': 2, 'c': 3}","c|[1, 1.0, 0],[1, 1.0, 1],[1, 1.5, 1]|text|not-applicable",bool,true,true,true,,REFUSE
A:|||21|4,struct,flat,"{'a': 1, 'b': 2, 'c': 3}","c|[1, 1.0, 0],[1, 1.0, 1],[1, 1.5, 1]|text|not-applicable",int32_t,base_42,0000002a,"[1, 1.3125, 5]",,REFUSE
A:|||21|5,struct,flat,"{'a': 1, 'b': 2, 'c': 3}","c|[1, 1.0, 0],[1, 1.0, 1],[1, 1.5, 1]|text|not-applicable",int64_t,base_42,000000000000002a,"[1, 1.3125, 5]",,REFUSE
A:|||21|6,struct,flat,"{'a': 1, 'b': 2, 'c': 3}","c|[1, 1.0, 0],[1, 1.0, 1],[1, 1.5, 1]|text|not-applicable",uint64_t,base_42,000000000000002a,"[1, 1.3125, 5]",,REFUSE
A:|||21|7,struct,flat,"{'a': 1, 'b': 2, 'c': 3}","c|[1, 1.0, 0],[1, 1.0, 1],[1, 1.5, 1]|text|not-applicable",__int128,base_42,0000000000000000000000000000002a,"[1, 1.3125, 5]",,REFUSE
A:|||21|8,struct,flat,"{'a': 1, 'b': 2, 'c': 3}","c|[1, 1.0, 0],[1, 1.0, 1],[1, 1.5, 1]|text|not-applicable",double,base_1_5,3ff8000000000000,"[1, 1.5, 0]",,REFUSE
A:|||21|9,struct,flat,"{'a': 1, 'b': 2, 'c': 3}","c|[1, 1.0, 0],[1, 1.0, 1],[1, 1.5, 1]|text|not-applicable",float,base_1_5,3fc00000,"[1, 1.5, 0]",,REFUSE
A:|||21|10,struct,flat,"{'a': 1, 'b': 2, 'c': 3}","c|[1, 1.0, 0],[1, 1.0, 1],[1, 1.5, 1]|text|not-applicable",std::string,base_hello,68656c6c6f,t|68656c6c6f|5|5|5,,REFUSE
A:|||21|11,struct,flat,"{'a': 1, 'b': 2, 'c': 3}","c|[1, 1.0, 0],[1, 1.0, 1],[1, 1.5, 1]|text|not-applicable",const char*,base_hello,68656c6c6f,t|68656c6c6f|5|5|5,,REFUSE
A:|||21|12,struct,flat,"{'a': 1, 'b': 2, 'c': 3}","c|[1, 1.0, 0],[1, 1.0, 1],[1, 1.5, 1]|text|not-applicable",std::u32string,base_hello,68656c6c6f,t|68656c6c6f|5|5|5,,REFUSE
A:|||21|13,struct,flat,"{'a': 1, 'b': 2, 'c': 3}","c|[1, 1.0, 0],[1, 1.0, 1],[1, 1.5, 1]|text|not-applicable",std::vector<T>,base,"[1, 2, 3]","c|[1, 1.0, 0],[1, 1.0, 1],[1, 1.5, 1]|integer|as-sorted",,REFUSE
A:|||21|14,struct,flat,"{'a': 1, 'b': 2, 'c': 3}","c|[1, 1.0, 0],[1, 1.0, 1],[1, 1.5, 1]|text|not-applicable",T[N] (C array),base,"[1, 2, 3]","c|[1, 1.0, 0],[1, 1.0, 1],[1, 1.5, 1]|integer|as-sorted",,REFUSE
A:|||21|15,struct,flat,"{'a': 1, 'b': 2, 'c': 3}","c|[1, 1.0, 0],[1, 1.0, 1],[1, 1.5, 1]|text|not-applicable","std::array<T,N>",base,"[1, 2, 3]","c|[1, 1.0, 0],[1, 1.0, 1],[1, 1.5, 1]|integer|as-sorted",,REFUSE
A:|||21|16,struct,flat,"{'a': 1, 'b': 2, 'c': 3}","c|[1, 1.0, 0],[1, 1.0, 1],[1, 1.5, 1]|text|not-applicable",std::deque<T>,base,"[1, 2, 3]","c|[1, 1.0, 0],[1, 1.0, 1],[1, 1.5, 1]|integer|as-sorted",,REFUSE
A:|||21|17,struct,flat,"{'a': 1, 'b': 2, 'c': 3}","c|[1, 1.0, 0],[1, 1.0, 1],[1, 1.5, 1]|text|not-applicable",std::list<T>,base,"[1, 2, 3]","c|[1, 1.0, 0],[1, 1.0, 1],[1, 1.5, 1]|integer|as-sorted",,REFUSE
A:|||21|18,struct,flat,"{'a': 1, 'b': 2, 'c': 3}","c|[1, 1.0, 0],[1, 1.0, 1],[1, 1.5, 1]|text|not-applicable",std::tuple,base,"[1, 2, 3]","c|[1, 1.0, 0],[1, 1.0, 1],[1, 1.5, 1]|integer|as-sorted",,REFUSE
A:|||21|19,struct,flat,"{'a': 1, 'b': 2, 'c': 3}","c|[1, 1.0, 0],[1, 1.0, 1],[1, 1.5, 1]|text|not-applicable","std::map<std::string,T>",flat,"{'a': 1, 'b': 2, 'c': 3}","c|[1, 1.0, 0],[1, 1.0, 1],[1, 1.5, 1]|text|not-applicable",,REFUSE
A:|||21|20,struct,flat,"{'a': 1, 'b': 2, 'c': 3}","c|[1, 1.0, 0],[1, 1.0, 1],[1, 1.5, 1]|text|not-applicable","std::unordered_map<std::string,T>",flat,"{'a': 1, 'b': 2, 'c': 3}","c|[1, 1.0, 0],[1, 1.0, 1],[1, 1.5, 1]|text|not-applicable",,REFUSE
A:|||21|21,struct,flat,"{'a': 1, 'b': 2, 'c': 3}","c|[1, 1.0, 0],[1, 1.0, 1],[1, 1.5, 1]|text|not-applicable",struct,flat,"{'a': 1, 'b': 2, 'c': 3}","c|[1, 1.0, 0],[1, 1.0, 1],[1, 1.5, 1]|text|not-applicable",,REFUSE
A:|||21|22,struct,flat,"{'a': 1, 'b': 2, 'c': 3}","c|[1, 1.0, 0],[1, 1.0, 1],[1, 1.5, 1]|text|not-applicable","std::vector<std::vector<T>> / std::map<std::string,std::vector<T>>",seq_in_seq,"[[1, 2], [3, 4]]","c|c|[1, 1.0, 0],[1, 1.0, 1]|integer|as-sorted,c|[1, 1.0, 2],[1, 1.5, 1]|integer|as-sorted|integer|as-sorted",,REFUSE
A:|||21|23,struct,flat,"{'a': 1, 'b': 2, 'c': 3}","c|[1, 1.0, 0],[1, 1.0, 1],[1, 1.5, 1]|text|not-applicable",Node (variant-based),seq_in_seq,"[[1, 2], [3, 4]]","c|c|[1, 1.0, 0],[1, 1.0, 1]|integer|as-sorted,c|[1, 1.0, 2],[1, 1.5, 1]|integer|as-sorted|integer|as-sorted",,REFUSE
A:|||22|0,"std::vector<std::vector<T>> / std::map<std::string,std::vector<T>>",seq_in_seq,"[[1, 2], [3, 4]]","c|c|[1, 1.0, 0],[1, 1.0, 1]|integer|as-sorted,c|[1, 1.0, 2],[1, 1.5, 1]|integer|as-sorted|integer|as-sorted",std::monostate,null,null,null,,REFUSE
A:|||22|1,"std::vector<std::vector<T>> / std::map<std::string,std::vector<T>>",seq_in_seq,"[[1, 2], [3, 4]]","c|c|[1, 1.0, 0],[1, 1.0, 1]|integer|as-sorted,c|[1, 1.0, 2],[1, 1.5, 1]|integer|as-sorted|integer|as-sorted",std::nullptr_t,null,null,null,,REFUSE
A:|||22|2,"std::vector<std::vector<T>> / std::map<std::string,std::vector<T>>",seq_in_seq,"[[1, 2], [3, 4]]","c|c|[1, 1.0, 0],[1, 1.0, 1]|integer|as-sorted,c|[1, 1.0, 2],[1, 1.5, 1]|integer|as-sorted|integer|as-sorted",std::optional<int64_t>,null,null,null,,REFUSE
A:|||22|3,"std::vector<std::vector<T>> / std::map<std::string,std::vector<T>>",seq_in_seq,"[[1, 2], [3, 4]]","c|c|[1, 1.0, 0],[1, 1.0, 1]|integer|as-sorted,c|[1, 1.0, 2],[1, 1.5, 1]|integer|as-sorted|integer|as-sorted",bool,true,true,true,,REFUSE
A:|||22|4,"std::vector<std::vector<T>> / std::map<std::string,std::vector<T>>",seq_in_seq,"[[1, 2], [3, 4]]","c|c|[1, 1.0, 0],[1, 1.0, 1]|integer|as-sorted,c|[1, 1.0, 2],[1, 1.5, 1]|integer|as-sorted|integer|as-sorted",int32_t,base_42,0000002a,"[1, 1.3125, 5]",,REFUSE
A:|||22|5,"std::vector<std::vector<T>> / std::map<std::string,std::vector<T>>",seq_in_seq,"[[1, 2], [3, 4]]","c|c|[1, 1.0, 0],[1, 1.0, 1]|integer|as-sorted,c|[1, 1.0, 2],[1, 1.5, 1]|integer|as-sorted|integer|as-sorted",int64_t,base_42,000000000000002a,"[1, 1.3125, 5]",,REFUSE
A:|||22|6,"std::vector<std::vector<T>> / std::map<std::string,std::vector<T>>",seq_in_seq,"[[1, 2], [3, 4]]","c|c|[1, 1.0, 0],[1, 1.0, 1]|integer|as-sorted,c|[1, 1.0, 2],[1, 1.5, 1]|integer|as-sorted|integer|as-sorted",uint64_t,base_42,000000000000002a,"[1, 1.3125, 5]",,REFUSE
A:|||22|7,"std::vector<std::vector<T>> / std::map<std::string,std::vector<T>>",seq_in_seq,"[[1, 2], [3, 4]]","c|c|[1, 1.0, 0],[1, 1.0, 1]|integer|as-sorted,c|[1, 1.0, 2],[1, 1.5, 1]|integer|as-sorted|integer|as-sorted",__int128,base_42,0000000000000000000000000000002a,"[1, 1.3125, 5]",,REFUSE
A:|||22|8,"std::vector<std::vector<T>> / std::map<std::string,std::vector<T>>",seq_in_seq,"[[1, 2], [3, 4]]","c|c|[1, 1.0, 0],[1, 1.0, 1]|integer|as-sorted,c|[1, 1.0, 2],[1, 1.5, 1]|integer|as-sorted|integer|as-sorted",double,base_1_5,3ff8000000000000,"[1, 1.5, 0]",,REFUSE
A:|||22|9,"std::vector<std::vector<T>> / std::map<std::string,std::vector<T>>",seq_in_seq,"[[1, 2], [3, 4]]","c|c|[1, 1.0, 0],[1, 1.0, 1]|integer|as-sorted,c|[1, 1.0, 2],[1, 1.5, 1]|integer|as-sorted|integer|as-sorted",float,base_1_5,3fc00000,"[1, 1.5, 0]",,REFUSE
A:|||22|10,"std::vector<std::vector<T>> / std::map<std::string,std::vector<T>>",seq_in_seq,"[[1, 2], [3, 4]]","c|c|[1, 1.0, 0],[1, 1.0, 1]|integer|as-sorted,c|[1, 1.0, 2],[1, 1.5, 1]|integer|as-sorted|integer|as-sorted",std::string,base_hello,68656c6c6f,t|68656c6c6f|5|5|5,,REFUSE
A:|||22|11,"std::vector<std::vector<T>> / std::map<std::string,std::vector<T>>",seq_in_seq,"[[1, 2], [3, 4]]","c|c|[1, 1.0, 0],[1, 1.0, 1]|integer|as-sorted,c|[1, 1.0, 2],[1, 1.5, 1]|integer|as-sorted|integer|as-sorted",const char*,base_hello,68656c6c6f,t|68656c6c6f|5|5|5,,REFUSE
A:|||22|12,"std::vector<std::vector<T>> / std::map<std::string,std::vector<T>>",seq_in_seq,"[[1, 2], [3, 4]]","c|c|[1, 1.0, 0],[1, 1.0, 1]|integer|as-sorted,c|[1, 1.0, 2],[1, 1.5, 1]|integer|as-sorted|integer|as-sorted",std::u32string,base_hello,68656c6c6f,t|68656c6c6f|5|5|5,,REFUSE
A:|||22|13,"std::vector<std::vector<T>> / std::map<std::string,std::vector<T>>",seq_in_seq,"[[1, 2], [3, 4]]","c|c|[1, 1.0, 0],[1, 1.0, 1]|integer|as-sorted,c|[1, 1.0, 2],[1, 1.5, 1]|integer|as-sorted|integer|as-sorted",std::vector<T>,base,"[1, 2, 3]","c|[1, 1.0, 0],[1, 1.0, 1],[1, 1.5, 1]|integer|as-sorted",,REFUSE
A:|||22|14,"std::vector<std::vector<T>> / std::map<std::string,std::vector<T>>",seq_in_seq,"[[1, 2], [3, 4]]","c|c|[1, 1.0, 0],[1, 1.0, 1]|integer|as-sorted,c|[1, 1.0, 2],[1, 1.5, 1]|integer|as-sorted|integer|as-sorted",T[N] (C array),base,"[1, 2, 3]","c|[1, 1.0, 0],[1, 1.0, 1],[1, 1.5, 1]|integer|as-sorted",,REFUSE
A:|||22|15,"std::vector<std::vector<T>> / std::map<std::string,std::vector<T>>",seq_in_seq,"[[1, 2], [3, 4]]","c|c|[1, 1.0, 0],[1, 1.0, 1]|integer|as-sorted,c|[1, 1.0, 2],[1, 1.5, 1]|integer|as-sorted|integer|as-sorted","std::array<T,N>",base,"[1, 2, 3]","c|[1, 1.0, 0],[1, 1.0, 1],[1, 1.5, 1]|integer|as-sorted",,REFUSE
A:|||22|16,"std::vector<std::vector<T>> / std::map<std::string,std::vector<T>>",seq_in_seq,"[[1, 2], [3, 4]]","c|c|[1, 1.0, 0],[1, 1.0, 1]|integer|as-sorted,c|[1, 1.0, 2],[1, 1.5, 1]|integer|as-sorted|integer|as-sorted",std::deque<T>,base,"[1, 2, 3]","c|[1, 1.0, 0],[1, 1.0, 1],[1, 1.5, 1]|integer|as-sorted",,REFUSE
A:|||22|17,"std::vector<std::vector<T>> / std::map<std::string,std::vector<T>>",seq_in_seq,"[[1, 2], [3, 4]]","c|c|[1, 1.0, 0],[1, 1.0, 1]|integer|as-sorted,c|[1, 1.0, 2],[1, 1.5, 1]|integer|as-sorted|integer|as-sorted",std::list<T>,base,"[1, 2, 3]","c|[1, 1.0, 0],[1, 1.0, 1],[1, 1.5, 1]|integer|as-sorted",,REFUSE
A:|||22|18,"std::vector<std::vector<T>> / std::map<std::string,std::vector<T>>",seq_in_seq,"[[1, 2], [3, 4]]","c|c|[1, 1.0, 0],[1, 1.0, 1]|integer|as-sorted,c|[1, 1.0, 2],[1, 1.5, 1]|integer|as-sorted|integer|as-sorted",std::tuple,base,"[1, 2, 3]","c|[1, 1.0, 0],[1, 1.0, 1],[1, 1.5, 1]|integer|as-sorted",,REFUSE
A:|||22|19,"std::vector<std::vector<T>> / std::map<std::string,std::vector<T>>",seq_in_seq,"[[1, 2], [3, 4]]","c|c|[1, 1.0, 0],[1, 1.0, 1]|integer|as-sorted,c|[1, 1.0, 2],[1, 1.5, 1]|integer|as-sorted|integer|as-sorted","std::map<std::string,T>",flat,"{'a': 1, 'b': 2, 'c': 3}","c|[1, 1.0, 0],[1, 1.0, 1],[1, 1.5, 1]|text|not-applicable",,REFUSE
A:|||22|20,"std::vector<std::vector<T>> / std::map<std::string,std::vector<T>>",seq_in_seq,"[[1, 2], [3, 4]]","c|c|[1, 1.0, 0],[1, 1.0, 1]|integer|as-sorted,c|[1, 1.0, 2],[1, 1.5, 1]|integer|as-sorted|integer|as-sorted","std::unordered_map<std::string,T>",flat,"{'a': 1, 'b': 2, 'c': 3}","c|[1, 1.0, 0],[1, 1.0, 1],[1, 1.5, 1]|text|not-applicable",,REFUSE
A:|||22|21,"std::vector<std::vector<T>> / std::map<std::string,std::vector<T>>",seq_in_seq,"[[1, 2], [3, 4]]","c|c|[1, 1.0, 0],[1, 1.0, 1]|integer|as-sorted,c|[1, 1.0, 2],[1, 1.5, 1]|integer|as-sorted|integer|as-sorted",struct,flat,"{'a': 1, 'b': 2, 'c': 3}","c|[1, 1.0, 0],[1, 1.0, 1],[1, 1.5, 1]|text|not-applicable",,REFUSE
A:|||22|22,"std::vector<std::vector<T>> / std::map<std::string,std::vector<T>>",seq_in_seq,"[[1, 2], [3, 4]]","c|c|[1, 1.0, 0],[1, 1.0, 1]|integer|as-sorted,c|[1, 1.0, 2],[1, 1.5, 1]|integer|as-sorted|integer|as-sorted","std::vector<std::vector<T>> / std::map<std::string,std::vector<T>>",seq_in_seq,"[[1, 2], [3, 4]]","c|c|[1, 1.0, 0],[1, 1.0, 1]|integer|as-sorted,c|[1, 1.0, 2],[1, 1.5, 1]|integer|as-sorted|integer|as-sorted",,REFUSE
A:|||22|23,"std::vector<std::vector<T>> / std::map<std::string,std::vector<T>>",seq_in_seq,"[[1, 2], [3, 4]]","c|c|[1, 1.0, 0],[1, 1.0, 1]|integer|as-sorted,c|[1, 1.0, 2],[1, 1.5, 1]|integer|as-sorted|integer|as-sorted",Node (variant-based),seq_in_seq,"[[1, 2], [3, 4]]","c|c|[1, 1.0, 0],[1, 1.0, 1]|integer|as-sorted,c|[1, 1.0, 2],[1, 1.5, 1]|integer|as-sorted|integer|as-sorted",,REFUSE
A:|||23|0,Node (variant-based),seq_in_seq,"[[1, 2], [3, 4]]","c|c|[1, 1.0, 0],[1, 1.0, 1]|integer|as-sorted,c|[1, 1.0, 2],[1, 1.5, 1]|integer|as-sorted|integer|as-sorted",std::monostate,null,null,null,,REFUSE
A:|||23|1,Node (variant-based),seq_in_seq,"[[1, 2], [3, 4]]","c|c|[1, 1.0, 0],[1, 1.0, 1]|integer|as-sorted,c|[1, 1.0, 2],[1, 1.5, 1]|integer|as-sorted|integer|as-sorted",std::nullptr_t,null,null,null,,REFUSE
A:|||23|2,Node (variant-based),seq_in_seq,"[[1, 2], [3, 4]]","c|c|[1, 1.0, 0],[1, 1.0, 1]|integer|as-sorted,c|[1, 1.0, 2],[1, 1.5, 1]|integer|as-sorted|integer|as-sorted",std::optional<int64_t>,null,null,null,,REFUSE
A:|||23|3,Node (variant-based),seq_in_seq,"[[1, 2], [3, 4]]","c|c|[1, 1.0, 0],[1, 1.0, 1]|integer|as-sorted,c|[1, 1.0, 2],[1, 1.5, 1]|integer|as-sorted|integer|as-sorted",bool,true,true,true,,REFUSE
A:|||23|4,Node (variant-based),seq_in_seq,"[[1, 2], [3, 4]]","c|c|[1, 1.0, 0],[1, 1.0, 1]|integer|as-sorted,c|[1, 1.0, 2],[1, 1.5, 1]|integer|as-sorted|integer|as-sorted",int32_t,base_42,0000002a,"[1, 1.3125, 5]",,REFUSE
A:|||23|5,Node (variant-based),seq_in_seq,"[[1, 2], [3, 4]]","c|c|[1, 1.0, 0],[1, 1.0, 1]|integer|as-sorted,c|[1, 1.0, 2],[1, 1.5, 1]|integer|as-sorted|integer|as-sorted",int64_t,base_42,000000000000002a,"[1, 1.3125, 5]",,REFUSE
A:|||23|6,Node (variant-based),seq_in_seq,"[[1, 2], [3, 4]]","c|c|[1, 1.0, 0],[1, 1.0, 1]|integer|as-sorted,c|[1, 1.0, 2],[1, 1.5, 1]|integer|as-sorted|integer|as-sorted",uint64_t,base_42,000000000000002a,"[1, 1.3125, 5]",,REFUSE
A:|||23|7,Node (variant-based),seq_in_seq,"[[1, 2], [3, 4]]","c|c|[1, 1.0, 0],[1, 1.0, 1]|integer|as-sorted,c|[1, 1.0, 2],[1, 1.5, 1]|integer|as-sorted|integer|as-sorted",__int128,base_42,0000000000000000000000000000002a,"[1, 1.3125, 5]",,REFUSE
A:|||23|8,Node (variant-based),seq_in_seq,"[[1, 2], [3, 4]]","c|c|[1, 1.0, 0],[1, 1.0, 1]|integer|as-sorted,c|[1, 1.0, 2],[1, 1.5, 1]|integer|as-sorted|integer|as-sorted",double,base_1_5,3ff8000000000000,"[1, 1.5, 0]",,REFUSE
A:|||23|9,Node (variant-based),seq_in_seq,"[[1, 2], [3, 4]]","c|c|[1, 1.0, 0],[1, 1.0, 1]|integer|as-sorted,c|[1, 1.0, 2],[1, 1.5, 1]|integer|as-sorted|integer|as-sorted",float,base_1_5,3fc00000,"[1, 1.5, 0]",,REFUSE
A:|||23|10,Node (variant-based),seq_in_seq,"[[1, 2], [3, 4]]","c|c|[1, 1.0, 0],[1, 1.0, 1]|integer|as-sorted,c|[1, 1.0, 2],[1, 1.5, 1]|integer|as-sorted|integer|as-sorted",std::string,base_hello,68656c6c6f,t|68656c6c6f|5|5|5,,REFUSE
A:|||23|11,Node (variant-based),seq_in_seq,"[[1, 2], [3, 4]]","c|c|[1, 1.0, 0],[1, 1.0, 1]|integer|as-sorted,c|[1, 1.0, 2],[1, 1.5, 1]|integer|as-sorted|integer|as-sorted",const char*,base_hello,68656c6c6f,t|68656c6c6f|5|5|5,,REFUSE
A:|||23|12,Node (variant-based),seq_in_seq,"[[1, 2], [3, 4]]","c|c|[1, 1.0, 0],[1, 1.0, 1]|integer|as-sorted,c|[1, 1.0, 2],[1, 1.5, 1]|integer|as-sorted|integer|as-sorted",std::u32string,base_hello,68656c6c6f,t|68656c6c6f|5|5|5,,REFUSE
A:|||23|13,Node (variant-based),seq_in_seq,"[[1, 2], [3, 4]]","c|c|[1, 1.0, 0],[1, 1.0, 1]|integer|as-sorted,c|[1, 1.0, 2],[1, 1.5, 1]|integer|as-sorted|integer|as-sorted",std::vector<T>,base,"[1, 2, 3]","c|[1, 1.0, 0],[1, 1.0, 1],[1, 1.5, 1]|integer|as-sorted",,REFUSE
A:|||23|14,Node (variant-based),seq_in_seq,"[[1, 2], [3, 4]]","c|c|[1, 1.0, 0],[1, 1.0, 1]|integer|as-sorted,c|[1, 1.0, 2],[1, 1.5, 1]|integer|as-sorted|integer|as-sorted",T[N] (C array),base,"[1, 2, 3]","c|[1, 1.0, 0],[1, 1.0, 1],[1, 1.5, 1]|integer|as-sorted",,REFUSE
A:|||23|15,Node (variant-based),seq_in_seq,"[[1, 2], [3, 4]]","c|c|[1, 1.0, 0],[1, 1.0, 1]|integer|as-sorted,c|[1, 1.0, 2],[1, 1.5, 1]|integer|as-sorted|integer|as-sorted","std::array<T,N>",base,"[1, 2, 3]","c|[1, 1.0, 0],[1, 1.0, 1],[1, 1.5, 1]|integer|as-sorted",,REFUSE
A:|||23|16,Node (variant-based),seq_in_seq,"[[1, 2], [3, 4]]","c|c|[1, 1.0, 0],[1, 1.0, 1]|integer|as-sorted,c|[1, 1.0, 2],[1, 1.5, 1]|integer|as-sorted|integer|as-sorted",std::deque<T>,base,"[1, 2, 3]","c|[1, 1.0, 0],[1, 1.0, 1],[1, 1.5, 1]|integer|as-sorted",,REFUSE
A:|||23|17,Node (variant-based),seq_in_seq,"[[1, 2], [3, 4]]","c|c|[1, 1.0, 0],[1, 1.0, 1]|integer|as-sorted,c|[1, 1.0, 2],[1, 1.5, 1]|integer|as-sorted|integer|as-sorted",std::list<T>,base,"[1, 2, 3]","c|[1, 1.0, 0],[1, 1.0, 1],[1, 1.5, 1]|integer|as-sorted",,REFUSE
A:|||23|18,Node (variant-based),seq_in_seq,"[[1, 2], [3, 4]]","c|c|[1, 1.0, 0],[1, 1.0, 1]|integer|as-sorted,c|[1, 1.0, 2],[1, 1.5, 1]|integer|as-sorted|integer|as-sorted",std::tuple,base,"[1, 2, 3]","c|[1, 1.0, 0],[1, 1.0, 1],[1, 1.5, 1]|integer|as-sorted",,REFUSE
A:|||23|19,Node (variant-based),seq_in_seq,"[[1, 2], [3, 4]]","c|c|[1, 1.0, 0],[1, 1.0, 1]|integer|as-sorted,c|[1, 1.0, 2],[1, 1.5, 1]|integer|as-sorted|integer|as-sorted","std::map<std::string,T>",flat,"{'a': 1, 'b': 2, 'c': 3}","c|[1, 1.0, 0],[1, 1.0, 1],[1, 1.5, 1]|text|not-applicable",,REFUSE
A:|||23|20,Node (variant-based),seq_in_seq,"[[1, 2], [3, 4]]","c|c|[1, 1.0, 0],[1, 1.0, 1]|integer|as-sorted,c|[1, 1.0, 2],[1, 1.5, 1]|integer|as-sorted|integer|as-sorted","std::unordered_map<std::string,T>",flat,"{'a': 1, 'b': 2, 'c': 3}","c|[1, 1.0, 0],[1, 1.0, 1],[1, 1.5, 1]|text|not-applicable",,REFUSE
A:|||23|21,Node (variant-based),seq_in_seq,"[[1, 2], [3, 4]]","c|c|[1, 1.0, 0],[1, 1.0, 1]|integer|as-sorted,c|[1, 1.0, 2],[1, 1.5, 1]|integer|as-sorted|integer|as-sorted",struct,flat,"{'a': 1, 'b': 2, 'c': 3}","c|[1, 1.0, 0],[1, 1.0, 1],[1, 1.5, 1]|text|not-applicable",,REFUSE
A:|||23|22,Node (variant-based),seq_in_seq,"[[1, 2], [3, 4]]","c|c|[1, 1.0, 0],[1, 1.0, 1]|integer|as-sorted,c|[1, 1.0, 2],[1, 1.5, 1]|integer|as-sorted|integer|as-sorted","std::vector<std::vector<T>> / std::map<std::string,std::vector<T>>",seq_in_seq,"[[1, 2], [3, 4]]","c|c|[1, 1.0, 0],[1, 1.0, 1]|integer|as-sorted,c|[1, 1.0, 2],[1, 1.5, 1]|integer|as-sorted|integer|as-sorted",,REFUSE
A:|||23|23,Node (variant-based),seq_in_seq,"[[1, 2], [3, 4]]","c|c|[1, 1.0, 0],[1, 1.0, 1]|integer|as-sorted,c|[1, 1.0, 2],[1, 1.5, 1]|integer|as-sorted|integer|as-sorted",Node (variant-based),seq_in_seq,"[[1, 2], [3, 4]]","c|c|[1, 1.0, 0],[1, 1.0, 1]|integer|as-sorted,c|[1, 1.0, 2],[1, 1.5, 1]|integer|as-sorted|integer|as-sorted",,REFUSE
