probe_id,lhs_holder,lhs_value_class,lhs_bytes,lhs_canon,rhs_holder,rhs_value_class,rhs_bytes,rhs_canon,output_bytes,output_canon
P1_1_0_0_3,Nullable<int>,null,null,null,Nullable<int>,null,null,null,NULL,null
P1_4_0_0_3,Nullable<int>,null,null,null,int,base_42,0000002a,"[1, 1.3125, 5]",NULL,null
P1_4_0_1_3,Nullable<int>,null,null,null,int,base_zero,00000000,"[1, 0.0, 0]",NULL,null
P1_5_0_0_3,Nullable<int>,null,null,null,long,base_42,000000000000002a,"[1, 1.3125, 5]",NULL,null
P1_5_0_1_3,Nullable<int>,null,null,null,long,base_zero,0000000000000000,"[1, 0.0, 0]",NULL,null
P1_5_0_2_3,Nullable<int>,null,null,null,long,i64max,7fffffffffffffff,"[1, 1.9999999999999999997831595655029, 62]",NULL,null
P1_5_0_4_3,Nullable<int>,null,null,null,long,p53_plus1,0020000000000001,"[1, 1.0000000000000001110223024625157, 53]",NULL,null
P1_7_0_0_3,Nullable<int>,null,null,null,System.Numerics.BigInteger,base_42,2a,"[1, 1.3125, 5]",NULL,null
P1_7_0_1_3,Nullable<int>,null,null,null,System.Numerics.BigInteger,base_zero,0,"[1, 0.0, 0]",NULL,null
P1_7_0_2_3,Nullable<int>,null,null,null,System.Numerics.BigInteger,i64max,7fffffffffffffff,"[1, 1.9999999999999999997831595655029, 62]",NULL,null
P1_7_0_3_3,Nullable<int>,null,null,null,System.Numerics.BigInteger,i64max_plus1,8000000000000000,"[1, 1.0, 63]",NULL,null
P1_7_0_4_3,Nullable<int>,null,null,null,System.Numerics.BigInteger,p53_plus1,20000000000001,"[1, 1.0000000000000001110223024625157, 53]",NULL,null
P1_7_0_5_3,Nullable<int>,null,null,null,System.Numerics.BigInteger,u64max,ffffffffffffffff,"[1, 1.9999999999999999998915797827514, 63]",NULL,null
P1_8_0_0_3,Nullable<int>,null,null,null,short,base_42,002a,"[1, 1.3125, 5]",NULL,null
P1_8_0_1_3,Nullable<int>,null,null,null,short,base_zero,0000,"[1, 0.0, 0]",NULL,null
P1_9_0_0_3,Nullable<int>,null,null,null,double,base_1_5,3ff8000000000000,"[1, 1.5, 0]",NULL,null
P1_9_0_1_3,Nullable<int>,null,null,null,double,base_pi,400921fb54442d18,"[1, 1.5707963267948965579989817342721, 1]",NULL,null
P1_9_0_2_3,Nullable<int>,null,null,null,double,inf,7ff0000000000000,"[1, inf]",NULL,null
P1_9_0_3_3,Nullable<int>,null,null,null,double,nan,7ff8000000000000,nan,NULL,null
P1_9_0_4_3,Nullable<int>,null,null,null,double,negzero,8000000000000000,"[-1, 0.0, 0]",NULL,null
P1_9_0_5_3,Nullable<int>,null,null,null,double,point1,3fb999999999999a,"[1, 1.6000000000000000888178419700125, -4]",NULL,null
P1_10_0_0_3,Nullable<int>,null,null,null,float,base_1_5,3fc00000,"[1, 1.5, 0]",NULL,null
P1_10_0_1_3,Nullable<int>,null,null,null,float,base_pi,40490fdb,"[1, 1.57079637050628662109375, 1]",NULL,null
P1_10_0_2_3,Nullable<int>,null,null,null,float,inf,7f800000,"[1, inf]",NULL,null
P1_10_0_3_3,Nullable<int>,null,null,null,float,nan,7fc00000,nan,NULL,null
P1_10_0_4_3,Nullable<int>,null,null,null,float,negzero,80000000,"[-1, 0.0, 0]",NULL,null
P1_10_0_5_3,Nullable<int>,null,null,null,float,point1,3dcccccd,"[1, 1.60000002384185791015625, -4]",NULL,null
P1_11_0_0_3,Nullable<int>,null,null,null,decimal,base_1_5,1.5,"[1, 1.5, 0]",NULL,null
P1_11_0_1_3,Nullable<int>,null,null,null,decimal,base_pi,3.141592653589793,"[1, 1.5707963267948965, 1]",NULL,null
P1_11_0_4_3,Nullable<int>,null,null,null,decimal,negzero,negzero,"[-1, 0.0, 0]",NULL,null
P1_11_0_5_3,Nullable<int>,null,null,null,decimal,point1,0.1,"[1, 1.6, -4]",NULL,null
P4_1_0_0_3,int,base_42,0000002a,"[1, 1.3125, 5]",Nullable<int>,null,null,null,NULL,null
P4_1_1_0_3,int,base_zero,00000000,"[1, 0.0, 0]",Nullable<int>,null,null,null,NULL,null
P4_4_0_0_3,int,base_42,0000002a,"[1, 1.3125, 5]",int,base_42,0000002a,"[1, 1.3125, 5]",00000001,"[1, 1.0, 0]"
P4_4_0_1_3,int,base_42,0000002a,"[1, 1.3125, 5]",int,base_zero,00000000,"[1, 0.0, 0]",,RAISE:DivideByZeroException
P4_4_1_0_3,int,base_zero,00000000,"[1, 0.0, 0]",int,base_42,0000002a,"[1, 1.3125, 5]",00000000,"[1, 0.0, 0]"
P4_4_1_1_3,int,base_zero,00000000,"[1, 0.0, 0]",int,base_zero,00000000,"[1, 0.0, 0]",,RAISE:DivideByZeroException
P4_5_0_0_3,int,base_42,0000002a,"[1, 1.3125, 5]",long,base_42,000000000000002a,"[1, 1.3125, 5]",0000000000000001,"[1, 1.0, 0]"
P4_5_0_1_3,int,base_42,0000002a,"[1, 1.3125, 5]",long,base_zero,0000000000000000,"[1, 0.0, 0]",,RAISE:DivideByZeroException
P4_5_0_2_3,int,base_42,0000002a,"[1, 1.3125, 5]",long,i64max,7fffffffffffffff,"[1, 1.9999999999999999997831595655029, 62]",0000000000000000,"[1, 0.0, 0]"
P4_5_0_4_3,int,base_42,0000002a,"[1, 1.3125, 5]",long,p53_plus1,0020000000000001,"[1, 1.0000000000000001110223024625157, 53]",0000000000000000,"[1, 0.0, 0]"
P4_5_1_0_3,int,base_zero,00000000,"[1, 0.0, 0]",long,base_42,000000000000002a,"[1, 1.3125, 5]",0000000000000000,"[1, 0.0, 0]"
P4_5_1_1_3,int,base_zero,00000000,"[1, 0.0, 0]",long,base_zero,0000000000000000,"[1, 0.0, 0]",,RAISE:DivideByZeroException
P4_5_1_2_3,int,base_zero,00000000,"[1, 0.0, 0]",long,i64max,7fffffffffffffff,"[1, 1.9999999999999999997831595655029, 62]",0000000000000000,"[1, 0.0, 0]"
P4_5_1_4_3,int,base_zero,00000000,"[1, 0.0, 0]",long,p53_plus1,0020000000000001,"[1, 1.0000000000000001110223024625157, 53]",0000000000000000,"[1, 0.0, 0]"
P4_7_0_0_3,int,base_42,0000002a,"[1, 1.3125, 5]",System.Numerics.BigInteger,base_42,2a,"[1, 1.3125, 5]",31,opaque:OPAQUE:31
P4_7_0_1_3,int,base_42,0000002a,"[1, 1.3125, 5]",System.Numerics.BigInteger,base_zero,0,"[1, 0.0, 0]",,RAISE:DivideByZeroException
P4_7_0_2_3,int,base_42,0000002a,"[1, 1.3125, 5]",System.Numerics.BigInteger,i64max,7fffffffffffffff,"[1, 1.9999999999999999997831595655029, 62]",30,opaque:OPAQUE:30
P4_7_0_3_3,int,base_42,0000002a,"[1, 1.3125, 5]",System.Numerics.BigInteger,i64max_plus1,8000000000000000,"[1, 1.0, 63]",30,opaque:OPAQUE:30
P4_7_0_4_3,int,base_42,0000002a,"[1, 1.3125, 5]",System.Numerics.BigInteger,p53_plus1,20000000000001,"[1, 1.0000000000000001110223024625157, 53]",30,opaque:OPAQUE:30
P4_7_0_5_3,int,base_42,0000002a,"[1, 1.3125, 5]",System.Numerics.BigInteger,u64max,ffffffffffffffff,"[1, 1.9999999999999999998915797827514, 63]",30,opaque:OPAQUE:30
P4_7_1_0_3,int,base_zero,00000000,"[1, 0.0, 0]",System.Numerics.BigInteger,base_42,2a,"[1, 1.3125, 5]",30,opaque:OPAQUE:30
P4_7_1_1_3,int,base_zero,00000000,"[1, 0.0, 0]",System.Numerics.BigInteger,base_zero,0,"[1, 0.0, 0]",,RAISE:DivideByZeroException
P4_7_1_2_3,int,base_zero,00000000,"[1, 0.0, 0]",System.Numerics.BigInteger,i64max,7fffffffffffffff,"[1, 1.9999999999999999997831595655029, 62]",30,opaque:OPAQUE:30
P4_7_1_3_3,int,base_zero,00000000,"[1, 0.0, 0]",System.Numerics.BigInteger,i64max_plus1,8000000000000000,"[1, 1.0, 63]",30,opaque:OPAQUE:30
P4_7_1_4_3,int,base_zero,00000000,"[1, 0.0, 0]",System.Numerics.BigInteger,p53_plus1,20000000000001,"[1, 1.0000000000000001110223024625157, 53]",30,opaque:OPAQUE:30
P4_7_1_5_3,int,base_zero,00000000,"[1, 0.0, 0]",System.Numerics.BigInteger,u64max,ffffffffffffffff,"[1, 1.9999999999999999998915797827514, 63]",30,opaque:OPAQUE:30
P4_8_0_0_3,int,base_42,0000002a,"[1, 1.3125, 5]",short,base_42,002a,"[1, 1.3125, 5]",00000001,"[1, 1.0, 0]"
P4_8_0_1_3,int,base_42,0000002a,"[1, 1.3125, 5]",short,base_zero,0000,"[1, 0.0, 0]",,RAISE:DivideByZeroException
P4_8_1_0_3,int,base_zero,00000000,"[1, 0.0, 0]",short,base_42,002a,"[1, 1.3125, 5]",00000000,"[1, 0.0, 0]"
P4_8_1_1_3,int,base_zero,00000000,"[1, 0.0, 0]",short,base_zero,0000,"[1, 0.0, 0]",,RAISE:DivideByZeroException
P4_9_0_0_3,int,base_42,0000002a,"[1, 1.3125, 5]",double,base_1_5,3ff8000000000000,"[1, 1.5, 0]",403c000000000000,"[1, 1.75, 4]"
P4_9_0_1_3,int,base_42,0000002a,"[1, 1.3125, 5]",double,base_pi,400921fb54442d18,"[1, 1.5707963267948965579989817342721, 1]",402abcef9018d72c,"[1, 1.6711269024649011427641198679339, 3]"
P4_9_0_2_3,int,base_42,0000002a,"[1, 1.3125, 5]",double,inf,7ff0000000000000,"[1, inf]",0000000000000000,"[1, 0.0, 0]"
P4_9_0_3_3,int,base_42,0000002a,"[1, 1.3125, 5]",double,nan,7ff8000000000000,nan,fff8000000000000,nan
P4_9_0_4_3,int,base_42,0000002a,"[1, 1.3125, 5]",double,negzero,8000000000000000,"[-1, 0.0, 0]",fff0000000000000,"[-1, inf]"
P4_9_0_5_3,int,base_42,0000002a,"[1, 1.3125, 5]",double,point1,3fb999999999999a,"[1, 1.6000000000000000888178419700125, -4]",407a400000000000,"[1, 1.640625, 8]"
P4_9_1_0_3,int,base_zero,00000000,"[1, 0.0, 0]",double,base_1_5,3ff8000000000000,"[1, 1.5, 0]",0000000000000000,"[1, 0.0, 0]"
P4_9_1_1_3,int,base_zero,00000000,"[1, 0.0, 0]",double,base_pi,400921fb54442d18,"[1, 1.5707963267948965579989817342721, 1]",0000000000000000,"[1, 0.0, 0]"
P4_9_1_2_3,int,base_zero,00000000,"[1, 0.0, 0]",double,inf,7ff0000000000000,"[1, inf]",0000000000000000,"[1, 0.0, 0]"
P4_9_1_3_3,int,base_zero,00000000,"[1, 0.0, 0]",double,nan,7ff8000000000000,nan,fff8000000000000,nan
P4_9_1_4_3,int,base_zero,00000000,"[1, 0.0, 0]",double,negzero,8000000000000000,"[-1, 0.0, 0]",fff8000000000000,nan
P4_9_1_5_3,int,base_zero,00000000,"[1, 0.0, 0]",double,point1,3fb999999999999a,"[1, 1.6000000000000000888178419700125, -4]",0000000000000000,"[1, 0.0, 0]"
P4_10_0_0_3,int,base_42,0000002a,"[1, 1.3125, 5]",float,base_1_5,3fc00000,"[1, 1.5, 0]",41e00000,"[1, 1.75, 4]"
P4_10_0_1_3,int,base_42,0000002a,"[1, 1.3125, 5]",float,base_pi,40490fdb,"[1, 1.57079637050628662109375, 1]",4155e77c,"[1, 1.671126842498779296875, 3]"
P4_10_0_2_3,int,base_42,0000002a,"[1, 1.3125, 5]",float,inf,7f800000,"[1, inf]",00000000,"[1, 0.0, 0]"
P4_10_0_3_3,int,base_42,0000002a,"[1, 1.3125, 5]",float,nan,7fc00000,nan,ffc00000,nan
P4_10_0_4_3,int,base_42,0000002a,"[1, 1.3125, 5]",float,negzero,80000000,"[-1, 0.0, 0]",ff800000,"[-1, inf]"
P4_10_0_5_3,int,base_42,0000002a,"[1, 1.3125, 5]",float,point1,3dcccccd,"[1, 1.60000002384185791015625, -4]",43d20000,"[1, 1.640625, 8]"
P4_10_1_0_3,int,base_zero,00000000,"[1, 0.0, 0]",float,base_1_5,3fc00000,"[1, 1.5, 0]",00000000,"[1, 0.0, 0]"
P4_10_1_1_3,int,base_zero,00000000,"[1, 0.0, 0]",float,base_pi,40490fdb,"[1, 1.57079637050628662109375, 1]",00000000,"[1, 0.0, 0]"
P4_10_1_2_3,int,base_zero,00000000,"[1, 0.0, 0]",float,inf,7f800000,"[1, inf]",00000000,"[1, 0.0, 0]"
P4_10_1_3_3,int,base_zero,00000000,"[1, 0.0, 0]",float,nan,7fc00000,nan,ffc00000,nan
P4_10_1_4_3,int,base_zero,00000000,"[1, 0.0, 0]",float,negzero,80000000,"[-1, 0.0, 0]",ffc00000,nan
P4_10_1_5_3,int,base_zero,00000000,"[1, 0.0, 0]",float,point1,3dcccccd,"[1, 1.60000002384185791015625, -4]",00000000,"[1, 0.0, 0]"
P4_11_0_0_3,int,base_42,0000002a,"[1, 1.3125, 5]",decimal,base_1_5,1.5,"[1, 1.5, 0]",0000001c000000000000000000000000,opaque:DEC128:0000001c000000000000000000000000
P4_11_0_1_3,int,base_42,0000002a,"[1, 1.3125, 5]",decimal,base_pi,3.141592653589793,"[1, 1.5707963267948965, 1]",416a5625b9deda160451dbe8001a0000,opaque:DEC128:416a5625b9deda160451dbe8001a0000
P4_11_0_4_3,int,base_42,0000002a,"[1, 1.3125, 5]",decimal,negzero,negzero,"[-1, 0.0, 0]",,RAISE:DivideByZeroException
P4_11_0_5_3,int,base_42,0000002a,"[1, 1.3125, 5]",decimal,point1,0.1,"[1, 1.6, -4]",000001a4000000000000000000000000,opaque:DEC128:000001a4000000000000000000000000
P4_11_1_0_3,int,base_zero,00000000,"[1, 0.0, 0]",decimal,base_1_5,1.5,"[1, 1.5, 0]",00000000000000000000000000000000,opaque:DEC128:00000000000000000000000000000000
P4_11_1_1_3,int,base_zero,00000000,"[1, 0.0, 0]",decimal,base_pi,3.141592653589793,"[1, 1.5707963267948965, 1]",00000000000000000000000000000000,opaque:DEC128:00000000000000000000000000000000
P4_11_1_4_3,int,base_zero,00000000,"[1, 0.0, 0]",decimal,negzero,negzero,"[-1, 0.0, 0]",,RAISE:DivideByZeroException
P4_11_1_5_3,int,base_zero,00000000,"[1, 0.0, 0]",decimal,point1,0.1,"[1, 1.6, -4]",00000000000000000000000000000000,opaque:DEC128:00000000000000000000000000000000
P5_1_0_0_3,long,base_42,000000000000002a,"[1, 1.3125, 5]",Nullable<int>,null,null,null,NULL,null
P5_1_1_0_3,long,base_zero,0000000000000000,"[1, 0.0, 0]",Nullable<int>,null,null,null,NULL,null
P5_1_2_0_3,long,i64max,7fffffffffffffff,"[1, 1.9999999999999999997831595655029, 62]",Nullable<int>,null,null,null,NULL,null
P5_1_4_0_3,long,p53_plus1,0020000000000001,"[1, 1.0000000000000001110223024625157, 53]",Nullable<int>,null,null,null,NULL,null
P5_4_0_0_3,long,base_42,000000000000002a,"[1, 1.3125, 5]",int,base_42,0000002a,"[1, 1.3125, 5]",0000000000000001,"[1, 1.0, 0]"
P5_4_0_1_3,long,base_42,000000000000002a,"[1, 1.3125, 5]",int,base_zero,00000000,"[1, 0.0, 0]",,RAISE:DivideByZeroException
P5_4_1_0_3,long,base_zero,0000000000000000,"[1, 0.0, 0]",int,base_42,0000002a,"[1, 1.3125, 5]",0000000000000000,"[1, 0.0, 0]"
P5_4_1_1_3,long,base_zero,0000000000000000,"[1, 0.0, 0]",int,base_zero,00000000,"[1, 0.0, 0]",,RAISE:DivideByZeroException
P5_4_2_0_3,long,i64max,7fffffffffffffff,"[1, 1.9999999999999999997831595655029, 62]",int,base_42,0000002a,"[1, 1.3125, 5]",030c30c30c30c30c,"[1, 1.5238095238095238082021154468748, 57]"
P5_4_2_1_3,long,i64max,7fffffffffffffff,"[1, 1.9999999999999999997831595655029, 62]",int,base_zero,00000000,"[1, 0.0, 0]",,RAISE:DivideByZeroException
P5_4_4_0_3,long,p53_plus1,0020000000000001,"[1, 1.0000000000000001110223024625157, 53]",int,base_42,0000002a,"[1, 1.3125, 5]",0000c30c30c30c30,"[1, 1.5238095238095183958648703992367, 47]"
P5_4_4_1_3,long,p53_plus1,0020000000000001,"[1, 1.0000000000000001110223024625157, 53]",int,base_zero,00000000,"[1, 0.0, 0]",,RAISE:DivideByZeroException
P5_5_0_0_3,long,base_42,000000000000002a,"[1, 1.3125, 5]",long,base_42,000000000000002a,"[1, 1.3125, 5]",0000000000000001,"[1, 1.0, 0]"
P5_5_0_1_3,long,base_42,000000000000002a,"[1, 1.3125, 5]",long,base_zero,0000000000000000,"[1, 0.0, 0]",,RAISE:DivideByZeroException
P5_5_0_2_3,long,base_42,000000000000002a,"[1, 1.3125, 5]",long,i64max,7fffffffffffffff,"[1, 1.9999999999999999997831595655029, 62]",0000000000000000,"[1, 0.0, 0]"
P5_5_0_4_3,long,base_42,000000000000002a,"[1, 1.3125, 5]",long,p53_plus1,0020000000000001,"[1, 1.0000000000000001110223024625157, 53]",0000000000000000,"[1, 0.0, 0]"
P5_5_1_0_3,long,base_zero,0000000000000000,"[1, 0.0, 0]",long,base_42,000000000000002a,"[1, 1.3125, 5]",0000000000000000,"[1, 0.0, 0]"
P5_5_1_1_3,long,base_zero,0000000000000000,"[1, 0.0, 0]",long,base_zero,0000000000000000,"[1, 0.0, 0]",,RAISE:DivideByZeroException
P5_5_1_2_3,long,base_zero,0000000000000000,"[1, 0.0, 0]",long,i64max,7fffffffffffffff,"[1, 1.9999999999999999997831595655029, 62]",0000000000000000,"[1, 0.0, 0]"
P5_5_1_4_3,long,base_zero,0000000000000000,"[1, 0.0, 0]",long,p53_plus1,0020000000000001,"[1, 1.0000000000000001110223024625157, 53]",0000000000000000,"[1, 0.0, 0]"
P5_5_2_0_3,long,i64max,7fffffffffffffff,"[1, 1.9999999999999999997831595655029, 62]",long,base_42,000000000000002a,"[1, 1.3125, 5]",030c30c30c30c30c,"[1, 1.5238095238095238082021154468748, 57]"
P5_5_2_1_3,long,i64max,7fffffffffffffff,"[1, 1.9999999999999999997831595655029, 62]",long,base_zero,0000000000000000,"[1, 0.0, 0]",,RAISE:DivideByZeroException
P5_5_2_2_3,long,i64max,7fffffffffffffff,"[1, 1.9999999999999999997831595655029, 62]",long,i64max,7fffffffffffffff,"[1, 1.9999999999999999997831595655029, 62]",0000000000000001,"[1, 1.0, 0]"
P5_5_2_4_3,long,i64max,7fffffffffffffff,"[1, 1.9999999999999999997831595655029, 62]",long,p53_plus1,0020000000000001,"[1, 1.0000000000000001110223024625157, 53]",00000000000003ff,"[1, 1.998046875, 9]"
P5_5_4_0_3,long,p53_plus1,0020000000000001,"[1, 1.0000000000000001110223024625157, 53]",long,base_42,000000000000002a,"[1, 1.3125, 5]",0000c30c30c30c30,"[1, 1.5238095238095183958648703992367, 47]"
P5_5_4_1_3,long,p53_plus1,0020000000000001,"[1, 1.0000000000000001110223024625157, 53]",long,base_zero,0000000000000000,"[1, 0.0, 0]",,RAISE:DivideByZeroException
P5_5_4_2_3,long,p53_plus1,0020000000000001,"[1, 1.0000000000000001110223024625157, 53]",long,i64max,7fffffffffffffff,"[1, 1.9999999999999999997831595655029, 62]",0000000000000000,"[1, 0.0, 0]"
P5_5_4_4_3,long,p53_plus1,0020000000000001,"[1, 1.0000000000000001110223024625157, 53]",long,p53_plus1,0020000000000001,"[1, 1.0000000000000001110223024625157, 53]",0000000000000001,"[1, 1.0, 0]"
P5_7_0_0_3,long,base_42,000000000000002a,"[1, 1.3125, 5]",System.Numerics.BigInteger,base_42,2a,"[1, 1.3125, 5]",31,opaque:OPAQUE:31
P5_7_0_1_3,long,base_42,000000000000002a,"[1, 1.3125, 5]",System.Numerics.BigInteger,base_zero,0,"[1, 0.0, 0]",,RAISE:DivideByZeroException
P5_7_0_2_3,long,base_42,000000000000002a,"[1, 1.3125, 5]",System.Numerics.BigInteger,i64max,7fffffffffffffff,"[1, 1.9999999999999999997831595655029, 62]",30,opaque:OPAQUE:30
P5_7_0_3_3,long,base_42,000000000000002a,"[1, 1.3125, 5]",System.Numerics.BigInteger,i64max_plus1,8000000000000000,"[1, 1.0, 63]",30,opaque:OPAQUE:30
P5_7_0_4_3,long,base_42,000000000000002a,"[1, 1.3125, 5]",System.Numerics.BigInteger,p53_plus1,20000000000001,"[1, 1.0000000000000001110223024625157, 53]",30,opaque:OPAQUE:30
P5_7_0_5_3,long,base_42,000000000000002a,"[1, 1.3125, 5]",System.Numerics.BigInteger,u64max,ffffffffffffffff,"[1, 1.9999999999999999998915797827514, 63]",30,opaque:OPAQUE:30
P5_7_1_0_3,long,base_zero,0000000000000000,"[1, 0.0, 0]",System.Numerics.BigInteger,base_42,2a,"[1, 1.3125, 5]",30,opaque:OPAQUE:30
P5_7_1_1_3,long,base_zero,0000000000000000,"[1, 0.0, 0]",System.Numerics.BigInteger,base_zero,0,"[1, 0.0, 0]",,RAISE:DivideByZeroException
P5_7_1_2_3,long,base_zero,0000000000000000,"[1, 0.0, 0]",System.Numerics.BigInteger,i64max,7fffffffffffffff,"[1, 1.9999999999999999997831595655029, 62]",30,opaque:OPAQUE:30
P5_7_1_3_3,long,base_zero,0000000000000000,"[1, 0.0, 0]",System.Numerics.BigInteger,i64max_plus1,8000000000000000,"[1, 1.0, 63]",30,opaque:OPAQUE:30
P5_7_1_4_3,long,base_zero,0000000000000000,"[1, 0.0, 0]",System.Numerics.BigInteger,p53_plus1,20000000000001,"[1, 1.0000000000000001110223024625157, 53]",30,opaque:OPAQUE:30
P5_7_1_5_3,long,base_zero,0000000000000000,"[1, 0.0, 0]",System.Numerics.BigInteger,u64max,ffffffffffffffff,"[1, 1.9999999999999999998915797827514, 63]",30,opaque:OPAQUE:30
P5_7_2_0_3,long,i64max,7fffffffffffffff,"[1, 1.9999999999999999997831595655029, 62]",System.Numerics.BigInteger,base_42,2a,"[1, 1.3125, 5]",323139363034303936313135353839393030,opaque:OPAQUE:323139363034303936313135353839393030
P5_7_2_1_3,long,i64max,7fffffffffffffff,"[1, 1.9999999999999999997831595655029, 62]",System.Numerics.BigInteger,base_zero,0,"[1, 0.0, 0]",,RAISE:DivideByZeroException
P5_7_2_2_3,long,i64max,7fffffffffffffff,"[1, 1.9999999999999999997831595655029, 62]",System.Numerics.BigInteger,i64max,7fffffffffffffff,"[1, 1.9999999999999999997831595655029, 62]",31,opaque:OPAQUE:31
P5_7_2_3_3,long,i64max,7fffffffffffffff,"[1, 1.9999999999999999997831595655029, 62]",System.Numerics.BigInteger,i64max_plus1,8000000000000000,"[1, 1.0, 63]",30,opaque:OPAQUE:30
P5_7_2_4_3,long,i64max,7fffffffffffffff,"[1, 1.9999999999999999997831595655029, 62]",System.Numerics.BigInteger,p53_plus1,20000000000001,"[1, 1.0000000000000001110223024625157, 53]",31303233,opaque:OPAQUE:31303233
P5_7_2_5_3,long,i64max,7fffffffffffffff,"[1, 1.9999999999999999997831595655029, 62]",System.Numerics.BigInteger,u64max,ffffffffffffffff,"[1, 1.9999999999999999998915797827514, 63]",30,opaque:OPAQUE:30
P5_7_4_0_3,long,p53_plus1,0020000000000001,"[1, 1.0000000000000001110223024625157, 53]",System.Numerics.BigInteger,base_42,2a,"[1, 1.3125, 5]",323134343537313235313132383830,opaque:OPAQUE:323134343537313235313132383830
P5_7_4_1_3,long,p53_plus1,0020000000000001,"[1, 1.0000000000000001110223024625157, 53]",System.Numerics.BigInteger,base_zero,0,"[1, 0.0, 0]",,RAISE:DivideByZeroException
P5_7_4_2_3,long,p53_plus1,0020000000000001,"[1, 1.0000000000000001110223024625157, 53]",System.Numerics.BigInteger,i64max,7fffffffffffffff,"[1, 1.9999999999999999997831595655029, 62]",30,opaque:OPAQUE:30
P5_7_4_3_3,long,p53_plus1,0020000000000001,"[1, 1.0000000000000001110223024625157, 53]",System.Numerics.BigInteger,i64max_plus1,8000000000000000,"[1, 1.0, 63]",30,opaque:OPAQUE:30
P5_7_4_4_3,long,p53_plus1,0020000000000001,"[1, 1.0000000000000001110223024625157, 53]",System.Numerics.BigInteger,p53_plus1,20000000000001,"[1, 1.0000000000000001110223024625157, 53]",31,opaque:OPAQUE:31
P5_7_4_5_3,long,p53_plus1,0020000000000001,"[1, 1.0000000000000001110223024625157, 53]",System.Numerics.BigInteger,u64max,ffffffffffffffff,"[1, 1.9999999999999999998915797827514, 63]",30,opaque:OPAQUE:30
P5_8_0_0_3,long,base_42,000000000000002a,"[1, 1.3125, 5]",short,base_42,002a,"[1, 1.3125, 5]",0000000000000001,"[1, 1.0, 0]"
P5_8_0_1_3,long,base_42,000000000000002a,"[1, 1.3125, 5]",short,base_zero,0000,"[1, 0.0, 0]",,RAISE:DivideByZeroException
P5_8_1_0_3,long,base_zero,0000000000000000,"[1, 0.0, 0]",short,base_42,002a,"[1, 1.3125, 5]",0000000000000000,"[1, 0.0, 0]"
P5_8_1_1_3,long,base_zero,0000000000000000,"[1, 0.0, 0]",short,base_zero,0000,"[1, 0.0, 0]",,RAISE:DivideByZeroException
P5_8_2_0_3,long,i64max,7fffffffffffffff,"[1, 1.9999999999999999997831595655029, 62]",short,base_42,002a,"[1, 1.3125, 5]",030c30c30c30c30c,"[1, 1.5238095238095238082021154468748, 57]"
P5_8_2_1_3,long,i64max,7fffffffffffffff,"[1, 1.9999999999999999997831595655029, 62]",short,base_zero,0000,"[1, 0.0, 0]",,RAISE:DivideByZeroException
P5_8_4_0_3,long,p53_plus1,0020000000000001,"[1, 1.0000000000000001110223024625157, 53]",short,base_42,002a,"[1, 1.3125, 5]",0000c30c30c30c30,"[1, 1.5238095238095183958648703992367, 47]"
P5_8_4_1_3,long,p53_plus1,0020000000000001,"[1, 1.0000000000000001110223024625157, 53]",short,base_zero,0000,"[1, 0.0, 0]",,RAISE:DivideByZeroException
P5_9_0_0_3,long,base_42,000000000000002a,"[1, 1.3125, 5]",double,base_1_5,3ff8000000000000,"[1, 1.5, 0]",403c000000000000,"[1, 1.75, 4]"
P5_9_0_1_3,long,base_42,000000000000002a,"[1, 1.3125, 5]",double,base_pi,400921fb54442d18,"[1, 1.5707963267948965579989817342721, 1]",402abcef9018d72c,"[1, 1.6711269024649011427641198679339, 3]"
P5_9_0_2_3,long,base_42,000000000000002a,"[1, 1.3125, 5]",double,inf,7ff0000000000000,"[1, inf]",0000000000000000,"[1, 0.0, 0]"
P5_9_0_3_3,long,base_42,000000000000002a,"[1, 1.3125, 5]",double,nan,7ff8000000000000,nan,fff8000000000000,nan
P5_9_0_4_3,long,base_42,000000000000002a,"[1, 1.3125, 5]",double,negzero,8000000000000000,"[-1, 0.0, 0]",fff0000000000000,"[-1, inf]"
P5_9_0_5_3,long,base_42,000000000000002a,"[1, 1.3125, 5]",double,point1,3fb999999999999a,"[1, 1.6000000000000000888178419700125, -4]",407a400000000000,"[1, 1.640625, 8]"
P5_9_1_0_3,long,base_zero,0000000000000000,"[1, 0.0, 0]",double,base_1_5,3ff8000000000000,"[1, 1.5, 0]",0000000000000000,"[1, 0.0, 0]"
P5_9_1_1_3,long,base_zero,0000000000000000,"[1, 0.0, 0]",double,base_pi,400921fb54442d18,"[1, 1.5707963267948965579989817342721, 1]",0000000000000000,"[1, 0.0, 0]"
P5_9_1_2_3,long,base_zero,0000000000000000,"[1, 0.0, 0]",double,inf,7ff0000000000000,"[1, inf]",0000000000000000,"[1, 0.0, 0]"
P5_9_1_3_3,long,base_zero,0000000000000000,"[1, 0.0, 0]",double,nan,7ff8000000000000,nan,fff8000000000000,nan
P5_9_1_4_3,long,base_zero,0000000000000000,"[1, 0.0, 0]",double,negzero,8000000000000000,"[-1, 0.0, 0]",fff8000000000000,nan
P5_9_1_5_3,long,base_zero,0000000000000000,"[1, 0.0, 0]",double,point1,3fb999999999999a,"[1, 1.6000000000000000888178419700125, -4]",0000000000000000,"[1, 0.0, 0]"
P5_9_2_0_3,long,i64max,7fffffffffffffff,"[1, 1.9999999999999999997831595655029, 62]",double,base_1_5,3ff8000000000000,"[1, 1.5, 0]",43d5555555555555,"[1, 1.3333333333333332593184650249896, 62]"
P5_9_2_1_3,long,i64max,7fffffffffffffff,"[1, 1.9999999999999999997831595655029, 62]",double,base_pi,400921fb54442d18,"[1, 1.5707963267948965579989817342721, 1]",43c45f306dc9c883,"[1, 1.2732395447351627648657768077101, 61]"
P5_9_2_2_3,long,i64max,7fffffffffffffff,"[1, 1.9999999999999999997831595655029, 62]",double,inf,7ff0000000000000,"[1, inf]",0000000000000000,"[1, 0.0, 0]"
P5_9_2_3_3,long,i64max,7fffffffffffffff,"[1, 1.9999999999999999997831595655029, 62]",double,nan,7ff8000000000000,nan,fff8000000000000,nan
P5_9_2_4_3,long,i64max,7fffffffffffffff,"[1, 1.9999999999999999997831595655029, 62]",double,negzero,8000000000000000,"[-1, 0.0, 0]",fff0000000000000,"[-1, inf]"
P5_9_2_5_3,long,i64max,7fffffffffffffff,"[1, 1.9999999999999999997831595655029, 62]",double,point1,3fb999999999999a,"[1, 1.6000000000000000888178419700125, -4]",4414000000000000,"[1, 1.25, 66]"
P5_9_4_0_3,long,p53_plus1,0020000000000001,"[1, 1.0000000000000001110223024625157, 53]",double,base_1_5,3ff8000000000000,"[1, 1.5, 0]",4335555555555555,"[1, 1.3333333333333332593184650249896, 52]"
P5_9_4_1_3,long,p53_plus1,0020000000000001,"[1, 1.0000000000000001110223024625157, 53]",double,base_pi,400921fb54442d18,"[1, 1.5707963267948965579989817342721, 1]",43245f306dc9c883,"[1, 1.2732395447351627648657768077101, 51]"
P5_9_4_2_3,long,p53_plus1,0020000000000001,"[1, 1.0000000000000001110223024625157, 53]",double,inf,7ff0000000000000,"[1, inf]",0000000000000000,"[1, 0.0, 0]"
P5_9_4_3_3,long,p53_plus1,0020000000000001,"[1, 1.0000000000000001110223024625157, 53]",double,nan,7ff8000000000000,nan,fff8000000000000,nan
P5_9_4_4_3,long,p53_plus1,0020000000000001,"[1, 1.0000000000000001110223024625157, 53]",double,negzero,8000000000000000,"[-1, 0.0, 0]",fff0000000000000,"[-1, inf]"
P5_9_4_5_3,long,p53_plus1,0020000000000001,"[1, 1.0000000000000001110223024625157, 53]",double,point1,3fb999999999999a,"[1, 1.6000000000000000888178419700125, -4]",4374000000000000,"[1, 1.25, 56]"
P5_10_0_0_3,long,base_42,000000000000002a,"[1, 1.3125, 5]",float,base_1_5,3fc00000,"[1, 1.5, 0]",41e00000,"[1, 1.75, 4]"
P5_10_0_1_3,long,base_42,000000000000002a,"[1, 1.3125, 5]",float,base_pi,40490fdb,"[1, 1.57079637050628662109375, 1]",4155e77c,"[1, 1.671126842498779296875, 3]"
P5_10_0_2_3,long,base_42,000000000000002a,"[1, 1.3125, 5]",float,inf,7f800000,"[1, inf]",00000000,"[1, 0.0, 0]"
P5_10_0_3_3,long,base_42,000000000000002a,"[1, 1.3125, 5]",float,nan,7fc00000,nan,ffc00000,nan
P5_10_0_4_3,long,base_42,000000000000002a,"[1, 1.3125, 5]",float,negzero,80000000,"[-1, 0.0, 0]",ff800000,"[-1, inf]"
P5_10_0_5_3,long,base_42,000000000000002a,"[1, 1.3125, 5]",float,point1,3dcccccd,"[1, 1.60000002384185791015625, -4]",43d20000,"[1, 1.640625, 8]"
P5_10_1_0_3,long,base_zero,0000000000000000,"[1, 0.0, 0]",float,base_1_5,3fc00000,"[1, 1.5, 0]",00000000,"[1, 0.0, 0]"
P5_10_1_1_3,long,base_zero,0000000000000000,"[1, 0.0, 0]",float,base_pi,40490fdb,"[1, 1.57079637050628662109375, 1]",00000000,"[1, 0.0, 0]"
P5_10_1_2_3,long,base_zero,0000000000000000,"[1, 0.0, 0]",float,inf,7f800000,"[1, inf]",00000000,"[1, 0.0, 0]"
P5_10_1_3_3,long,base_zero,0000000000000000,"[1, 0.0, 0]",float,nan,7fc00000,nan,ffc00000,nan
P5_10_1_4_3,long,base_zero,0000000000000000,"[1, 0.0, 0]",float,negzero,80000000,"[-1, 0.0, 0]",ffc00000,nan
P5_10_1_5_3,long,base_zero,0000000000000000,"[1, 0.0, 0]",float,point1,3dcccccd,"[1, 1.60000002384185791015625, -4]",00000000,"[1, 0.0, 0]"
P5_10_2_0_3,long,i64max,7fffffffffffffff,"[1, 1.9999999999999999997831595655029, 62]",float,base_1_5,3fc00000,"[1, 1.5, 0]",5eaaaaab,"[1, 1.33333337306976318359375, 62]"
P5_10_2_1_3,long,i64max,7fffffffffffffff,"[1, 1.9999999999999999997831595655029, 62]",float,base_pi,40490fdb,"[1, 1.57079637050628662109375, 1]",5e22f983,"[1, 1.27323949337005615234375, 61]"
P5_10_2_2_3,long,i64max,7fffffffffffffff,"[1, 1.9999999999999999997831595655029, 62]",float,inf,7f800000,"[1, inf]",00000000,"[1, 0.0, 0]"
P5_10_2_3_3,long,i64max,7fffffffffffffff,"[1, 1.9999999999999999997831595655029, 62]",float,nan,7fc00000,nan,ffc00000,nan
P5_10_2_4_3,long,i64max,7fffffffffffffff,"[1, 1.9999999999999999997831595655029, 62]",float,negzero,80000000,"[-1, 0.0, 0]",ff800000,"[-1, inf]"
P5_10_2_5_3,long,i64max,7fffffffffffffff,"[1, 1.9999999999999999997831595655029, 62]",float,point1,3dcccccd,"[1, 1.60000002384185791015625, -4]",60a00000,"[1, 1.25, 66]"
P5_10_4_0_3,long,p53_plus1,0020000000000001,"[1, 1.0000000000000001110223024625157, 53]",float,base_1_5,3fc00000,"[1, 1.5, 0]",59aaaaab,"[1, 1.33333337306976318359375, 52]"
P5_10_4_1_3,long,p53_plus1,0020000000000001,"[1, 1.0000000000000001110223024625157, 53]",float,base_pi,40490fdb,"[1, 1.57079637050628662109375, 1]",5922f983,"[1, 1.27323949337005615234375, 51]"
P5_10_4_2_3,long,p53_plus1,0020000000000001,"[1, 1.0000000000000001110223024625157, 53]",float,inf,7f800000,"[1, inf]",00000000,"[1, 0.0, 0]"
P5_10_4_3_3,long,p53_plus1,0020000000000001,"[1, 1.0000000000000001110223024625157, 53]",float,nan,7fc00000,nan,ffc00000,nan
P5_10_4_4_3,long,p53_plus1,0020000000000001,"[1, 1.0000000000000001110223024625157, 53]",float,negzero,80000000,"[-1, 0.0, 0]",ff800000,"[-1, inf]"
P5_10_4_5_3,long,p53_plus1,0020000000000001,"[1, 1.0000000000000001110223024625157, 53]",float,point1,3dcccccd,"[1, 1.60000002384185791015625, -4]",5ba00000,"[1, 1.25, 56]"
P5_11_0_0_3,long,base_42,000000000000002a,"[1, 1.3125, 5]",decimal,base_1_5,1.5,"[1, 1.5, 0]",0000001c000000000000000000000000,opaque:DEC128:0000001c000000000000000000000000
P5_11_0_1_3,long,base_42,000000000000002a,"[1, 1.3125, 5]",decimal,base_pi,3.141592653589793,"[1, 1.5707963267948965, 1]",416a5625b9deda160451dbe8001a0000,opaque:DEC128:416a5625b9deda160451dbe8001a0000
P5_11_0_4_3,long,base_42,000000000000002a,"[1, 1.3125, 5]",decimal,negzero,negzero,"[-1, 0.0, 0]",,RAISE:DivideByZeroException
P5_11_0_5_3,long,base_42,000000000000002a,"[1, 1.3125, 5]",decimal,point1,0.1,"[1, 1.6, -4]",000001a4000000000000000000000000,opaque:DEC128:000001a4000000000000000000000000
P5_11_1_0_3,long,base_zero,0000000000000000,"[1, 0.0, 0]",decimal,base_1_5,1.5,"[1, 1.5, 0]",00000000000000000000000000000000,opaque:DEC128:00000000000000000000000000000000
P5_11_1_1_3,long,base_zero,0000000000000000,"[1, 0.0, 0]",decimal,base_pi,3.141592653589793,"[1, 1.5707963267948965, 1]",00000000000000000000000000000000,opaque:DEC128:00000000000000000000000000000000
P5_11_1_4_3,long,base_zero,0000000000000000,"[1, 0.0, 0]",decimal,negzero,negzero,"[-1, 0.0, 0]",,RAISE:DivideByZeroException
P5_11_1_5_3,long,base_zero,0000000000000000,"[1, 0.0, 0]",decimal,point1,0.1,"[1, 1.6, -4]",00000000000000000000000000000000,opaque:DEC128:00000000000000000000000000000000
P5_11_2_0_3,long,i64max,7fffffffffffffff,"[1, 1.9999999999999999997831595655029, 62]",decimal,base_1_5,1.5,"[1, 1.5, 0]",c7f812ab55555553c6aea155000a0000,opaque:DEC128:c7f812ab55555553c6aea155000a0000
P5_11_2_1_3,long,i64max,7fffffffffffffff,"[1, 1.9999999999999999997831595655029, 62]",decimal,base_pi,3.141592653589793,"[1, 1.5707963267948965, 1]",f131916beb4088ff5edd1df6000a0000,opaque:DEC128:f131916beb4088ff5edd1df6000a0000
P5_11_2_4_3,long,i64max,7fffffffffffffff,"[1, 1.9999999999999999997831595655029, 62]",decimal,negzero,negzero,"[-1, 0.0, 0]",,RAISE:DivideByZeroException
P5_11_2_5_3,long,i64max,7fffffffffffffff,"[1, 1.9999999999999999997831595655029, 62]",decimal,point1,0.1,"[1, 1.6, -4]",fffffff6ffffffff0000000400000000,opaque:DEC128:fffffff6ffffffff0000000400000000
P5_11_4_0_3,long,p53_plus1,0020000000000001,"[1, 1.0000000000000001110223024625157, 53]",decimal,base_1_5,1.5,"[1, 1.5, 0]",55555556001555550000000000000000,opaque:DEC128:55555556001555550000000000000000
P5_11_4_1_3,long,p53_plus1,0020000000000001,"[1, 1.0000000000000001110223024625157, 53]",decimal,base_pi,3.141592653589793,"[1, 1.5707963267948965, 1]",ca4c5f9721bd08af5ca3ef43000d0000,opaque:DEC128:ca4c5f9721bd08af5ca3ef43000d0000
P5_11_4_4_3,long,p53_plus1,0020000000000001,"[1, 1.0000000000000001110223024625157, 53]",decimal,negzero,negzero,"[-1, 0.0, 0]",,RAISE:DivideByZeroException
P5_11_4_5_3,long,p53_plus1,0020000000000001,"[1, 1.0000000000000001110223024625157, 53]",decimal,point1,0.1,"[1, 1.6, -4]",0000000a014000000000000000000000,opaque:DEC128:0000000a014000000000000000000000
P6_6_0_0_3,ulong,base_42,000000000000002a,"[1, 1.3125, 5]",ulong,base_42,000000000000002a,"[1, 1.3125, 5]",0000000000000001,"[1, 1.0, 0]"
P6_6_0_1_3,ulong,base_42,000000000000002a,"[1, 1.3125, 5]",ulong,base_zero,0000000000000000,"[1, 0.0, 0]",,RAISE:DivideByZeroException
P6_6_0_2_3,ulong,base_42,000000000000002a,"[1, 1.3125, 5]",ulong,i64max,7fffffffffffffff,"[1, 1.9999999999999999997831595655029, 62]",0000000000000000,"[1, 0.0, 0]"
P6_6_0_3_3,ulong,base_42,000000000000002a,"[1, 1.3125, 5]",ulong,i64max_plus1,8000000000000000,"[1, 1.0, 63]",0000000000000000,"[1, 0.0, 0]"
P6_6_0_4_3,ulong,base_42,000000000000002a,"[1, 1.3125, 5]",ulong,p53_plus1,0020000000000001,"[1, 1.0000000000000001110223024625157, 53]",0000000000000000,"[1, 0.0, 0]"
P6_6_0_5_3,ulong,base_42,000000000000002a,"[1, 1.3125, 5]",ulong,u64max,ffffffffffffffff,"[1, 1.9999999999999999998915797827514, 63]",0000000000000000,"[1, 0.0, 0]"
P6_6_1_0_3,ulong,base_zero,0000000000000000,"[1, 0.0, 0]",ulong,base_42,000000000000002a,"[1, 1.3125, 5]",0000000000000000,"[1, 0.0, 0]"
P6_6_1_1_3,ulong,base_zero,0000000000000000,"[1, 0.0, 0]",ulong,base_zero,0000000000000000,"[1, 0.0, 0]",,RAISE:DivideByZeroException
P6_6_1_2_3,ulong,base_zero,0000000000000000,"[1, 0.0, 0]",ulong,i64max,7fffffffffffffff,"[1, 1.9999999999999999997831595655029, 62]",0000000000000000,"[1, 0.0, 0]"
P6_6_1_3_3,ulong,base_zero,0000000000000000,"[1, 0.0, 0]",ulong,i64max_plus1,8000000000000000,"[1, 1.0, 63]",0000000000000000,"[1, 0.0, 0]"
P6_6_1_4_3,ulong,base_zero,0000000000000000,"[1, 0.0, 0]",ulong,p53_plus1,0020000000000001,"[1, 1.0000000000000001110223024625157, 53]",0000000000000000,"[1, 0.0, 0]"
P6_6_1_5_3,ulong,base_zero,0000000000000000,"[1, 0.0, 0]",ulong,u64max,ffffffffffffffff,"[1, 1.9999999999999999998915797827514, 63]",0000000000000000,"[1, 0.0, 0]"
P6_6_2_0_3,ulong,i64max,7fffffffffffffff,"[1, 1.9999999999999999997831595655029, 62]",ulong,base_42,000000000000002a,"[1, 1.3125, 5]",030c30c30c30c30c,"[1, 1.5238095238095238082021154468748, 57]"
P6_6_2_1_3,ulong,i64max,7fffffffffffffff,"[1, 1.9999999999999999997831595655029, 62]",ulong,base_zero,0000000000000000,"[1, 0.0, 0]",,RAISE:DivideByZeroException
P6_6_2_2_3,ulong,i64max,7fffffffffffffff,"[1, 1.9999999999999999997831595655029, 62]",ulong,i64max,7fffffffffffffff,"[1, 1.9999999999999999997831595655029, 62]",0000000000000001,"[1, 1.0, 0]"
P6_6_2_3_3,ulong,i64max,7fffffffffffffff,"[1, 1.9999999999999999997831595655029, 62]",ulong,i64max_plus1,8000000000000000,"[1, 1.0, 63]",0000000000000000,"[1, 0.0, 0]"
P6_6_2_4_3,ulong,i64max,7fffffffffffffff,"[1, 1.9999999999999999997831595655029, 62]",ulong,p53_plus1,0020000000000001,"[1, 1.0000000000000001110223024625157, 53]",00000000000003ff,"[1, 1.998046875, 9]"
P6_6_2_5_3,ulong,i64max,7fffffffffffffff,"[1, 1.9999999999999999997831595655029, 62]",ulong,u64max,ffffffffffffffff,"[1, 1.9999999999999999998915797827514, 63]",0000000000000000,"[1, 0.0, 0]"
P6_6_3_0_3,ulong,i64max_plus1,8000000000000000,"[1, 1.0, 63]",ulong,base_42,000000000000002a,"[1, 1.3125, 5]",030c30c30c30c30c,"[1, 1.5238095238095238082021154468748, 57]"
P6_6_3_1_3,ulong,i64max_plus1,8000000000000000,"[1, 1.0, 63]",ulong,base_zero,0000000000000000,"[1, 0.0, 0]",,RAISE:DivideByZeroException
P6_6_3_2_3,ulong,i64max_plus1,8000000000000000,"[1, 1.0, 63]",ulong,i64max,7fffffffffffffff,"[1, 1.9999999999999999997831595655029, 62]",0000000000000001,"[1, 1.0, 0]"
P6_6_3_3_3,ulong,i64max_plus1,8000000000000000,"[1, 1.0, 63]",ulong,i64max_plus1,8000000000000000,"[1, 1.0, 63]",0000000000000001,"[1, 1.0, 0]"
P6_6_3_4_3,ulong,i64max_plus1,8000000000000000,"[1, 1.0, 63]",ulong,p53_plus1,0020000000000001,"[1, 1.0000000000000001110223024625157, 53]",00000000000003ff,"[1, 1.998046875, 9]"
P6_6_3_5_3,ulong,i64max_plus1,8000000000000000,"[1, 1.0, 63]",ulong,u64max,ffffffffffffffff,"[1, 1.9999999999999999998915797827514, 63]",0000000000000000,"[1, 0.0, 0]"
P6_6_4_0_3,ulong,p53_plus1,0020000000000001,"[1, 1.0000000000000001110223024625157, 53]",ulong,base_42,000000000000002a,"[1, 1.3125, 5]",0000c30c30c30c30,"[1, 1.5238095238095183958648703992367, 47]"
P6_6_4_1_3,ulong,p53_plus1,0020000000000001,"[1, 1.0000000000000001110223024625157, 53]",ulong,base_zero,0000000000000000,"[1, 0.0, 0]",,RAISE:DivideByZeroException
P6_6_4_2_3,ulong,p53_plus1,0020000000000001,"[1, 1.0000000000000001110223024625157, 53]",ulong,i64max,7fffffffffffffff,"[1, 1.9999999999999999997831595655029, 62]",0000000000000000,"[1, 0.0, 0]"
P6_6_4_3_3,ulong,p53_plus1,0020000000000001,"[1, 1.0000000000000001110223024625157, 53]",ulong,i64max_plus1,8000000000000000,"[1, 1.0, 63]",0000000000000000,"[1, 0.0, 0]"
P6_6_4_4_3,ulong,p53_plus1,0020000000000001,"[1, 1.0000000000000001110223024625157, 53]",ulong,p53_plus1,0020000000000001,"[1, 1.0000000000000001110223024625157, 53]",0000000000000001,"[1, 1.0, 0]"
P6_6_4_5_3,ulong,p53_plus1,0020000000000001,"[1, 1.0000000000000001110223024625157, 53]",ulong,u64max,ffffffffffffffff,"[1, 1.9999999999999999998915797827514, 63]",0000000000000000,"[1, 0.0, 0]"
P6_6_5_0_3,ulong,u64max,ffffffffffffffff,"[1, 1.9999999999999999998915797827514, 63]",ulong,base_42,000000000000002a,"[1, 1.3125, 5]",0618618618618618,"[1, 1.5238095238095238082021154468748, 58]"
P6_6_5_1_3,ulong,u64max,ffffffffffffffff,"[1, 1.9999999999999999998915797827514, 63]",ulong,base_zero,0000000000000000,"[1, 0.0, 0]",,RAISE:DivideByZeroException
P6_6_5_2_3,ulong,u64max,ffffffffffffffff,"[1, 1.9999999999999999998915797827514, 63]",ulong,i64max,7fffffffffffffff,"[1, 1.9999999999999999997831595655029, 62]",0000000000000002,"[1, 1.0, 1]"
P6_6_5_3_3,ulong,u64max,ffffffffffffffff,"[1, 1.9999999999999999998915797827514, 63]",ulong,i64max_plus1,8000000000000000,"[1, 1.0, 63]",0000000000000001,"[1, 1.0, 0]"
P6_6_5_4_3,ulong,u64max,ffffffffffffffff,"[1, 1.9999999999999999998915797827514, 63]",ulong,p53_plus1,0020000000000001,"[1, 1.0000000000000001110223024625157, 53]",00000000000007ff,"[1, 1.9990234375, 10]"
P6_6_5_5_3,ulong,u64max,ffffffffffffffff,"[1, 1.9999999999999999998915797827514, 63]",ulong,u64max,ffffffffffffffff,"[1, 1.9999999999999999998915797827514, 63]",0000000000000001,"[1, 1.0, 0]"
P6_7_0_0_3,ulong,base_42,000000000000002a,"[1, 1.3125, 5]",System.Numerics.BigInteger,base_42,2a,"[1, 1.3125, 5]",31,opaque:OPAQUE:31
P6_7_0_1_3,ulong,base_42,000000000000002a,"[1, 1.3125, 5]",System.Numerics.BigInteger,base_zero,0,"[1, 0.0, 0]",,RAISE:DivideByZeroException
P6_7_0_2_3,ulong,base_42,000000000000002a,"[1, 1.3125, 5]",System.Numerics.BigInteger,i64max,7fffffffffffffff,"[1, 1.9999999999999999997831595655029, 62]",30,opaque:OPAQUE:30
P6_7_0_3_3,ulong,base_42,000000000000002a,"[1, 1.3125, 5]",System.Numerics.BigInteger,i64max_plus1,8000000000000000,"[1, 1.0, 63]",30,opaque:OPAQUE:30
P6_7_0_4_3,ulong,base_42,000000000000002a,"[1, 1.3125, 5]",System.Numerics.BigInteger,p53_plus1,20000000000001,"[1, 1.0000000000000001110223024625157, 53]",30,opaque:OPAQUE:30
P6_7_0_5_3,ulong,base_42,000000000000002a,"[1, 1.3125, 5]",System.Numerics.BigInteger,u64max,ffffffffffffffff,"[1, 1.9999999999999999998915797827514, 63]",30,opaque:OPAQUE:30
P6_7_1_0_3,ulong,base_zero,0000000000000000,"[1, 0.0, 0]",System.Numerics.BigInteger,base_42,2a,"[1, 1.3125, 5]",30,opaque:OPAQUE:30
P6_7_1_1_3,ulong,base_zero,0000000000000000,"[1, 0.0, 0]",System.Numerics.BigInteger,base_zero,0,"[1, 0.0, 0]",,RAISE:DivideByZeroException
P6_7_1_2_3,ulong,base_zero,0000000000000000,"[1, 0.0, 0]",System.Numerics.BigInteger,i64max,7fffffffffffffff,"[1, 1.9999999999999999997831595655029, 62]",30,opaque:OPAQUE:30
P6_7_1_3_3,ulong,base_zero,0000000000000000,"[1, 0.0, 0]",System.Numerics.BigInteger,i64max_plus1,8000000000000000,"[1, 1.0, 63]",30,opaque:OPAQUE:30
P6_7_1_4_3,ulong,base_zero,0000000000000000,"[1, 0.0, 0]",System.Numerics.BigInteger,p53_plus1,20000000000001,"[1, 1.0000000000000001110223024625157, 53]",30,opaque:OPAQUE:30
P6_7_1_5_3,ulong,base_zero,0000000000000000,"[1, 0.0, 0]",System.Numerics.BigInteger,u64max,ffffffffffffffff,"[1, 1.9999999999999999998915797827514, 63]",30,opaque:OPAQUE:30
P6_7_2_0_3,ulong,i64max,7fffffffffffffff,"[1, 1.9999999999999999997831595655029, 62]",System.Numerics.BigInteger,base_42,2a,"[1, 1.3125, 5]",323139363034303936313135353839393030,opaque:OPAQUE:323139363034303936313135353839393030
P6_7_2_1_3,ulong,i64max,7fffffffffffffff,"[1, 1.9999999999999999997831595655029, 62]",System.Numerics.BigInteger,base_zero,0,"[1, 0.0, 0]",,RAISE:DivideByZeroException
P6_7_2_2_3,ulong,i64max,7fffffffffffffff,"[1, 1.9999999999999999997831595655029, 62]",System.Numerics.BigInteger,i64max,7fffffffffffffff,"[1, 1.9999999999999999997831595655029, 62]",31,opaque:OPAQUE:31
P6_7_2_3_3,ulong,i64max,7fffffffffffffff,"[1, 1.9999999999999999997831595655029, 62]",System.Numerics.BigInteger,i64max_plus1,8000000000000000,"[1, 1.0, 63]",30,opaque:OPAQUE:30
P6_7_2_4_3,ulong,i64max,7fffffffffffffff,"[1, 1.9999999999999999997831595655029, 62]",System.Numerics.BigInteger,p53_plus1,20000000000001,"[1, 1.0000000000000001110223024625157, 53]",31303233,opaque:OPAQUE:31303233
P6_7_2_5_3,ulong,i64max,7fffffffffffffff,"[1, 1.9999999999999999997831595655029, 62]",System.Numerics.BigInteger,u64max,ffffffffffffffff,"[1, 1.9999999999999999998915797827514, 63]",30,opaque:OPAQUE:30
P6_7_3_0_3,ulong,i64max_plus1,8000000000000000,"[1, 1.0, 63]",System.Numerics.BigInteger,base_42,2a,"[1, 1.3125, 5]",323139363034303936313135353839393030,opaque:OPAQUE:323139363034303936313135353839393030
P6_7_3_1_3,ulong,i64max_plus1,8000000000000000,"[1, 1.0, 63]",System.Numerics.BigInteger,base_zero,0,"[1, 0.0, 0]",,RAISE:DivideByZeroException
P6_7_3_2_3,ulong,i64max_plus1,8000000000000000,"[1, 1.0, 63]",System.Numerics.BigInteger,i64max,7fffffffffffffff,"[1, 1.9999999999999999997831595655029, 62]",31,opaque:OPAQUE:31
P6_7_3_3_3,ulong,i64max_plus1,8000000000000000,"[1, 1.0, 63]",System.Numerics.BigInteger,i64max_plus1,8000000000000000,"[1, 1.0, 63]",31,opaque:OPAQUE:31
P6_7_3_4_3,ulong,i64max_plus1,8000000000000000,"[1, 1.0, 63]",System.Numerics.BigInteger,p53_plus1,20000000000001,"[1, 1.0000000000000001110223024625157, 53]",31303233,opaque:OPAQUE:31303233
P6_7_3_5_3,ulong,i64max_plus1,8000000000000000,"[1, 1.0, 63]",System.Numerics.BigInteger,u64max,ffffffffffffffff,"[1, 1.9999999999999999998915797827514, 63]",30,opaque:OPAQUE:30
P6_7_4_0_3,ulong,p53_plus1,0020000000000001,"[1, 1.0000000000000001110223024625157, 53]",System.Numerics.BigInteger,base_42,2a,"[1, 1.3125, 5]",323134343537313235313132383830,opaque:OPAQUE:323134343537313235313132383830
P6_7_4_1_3,ulong,p53_plus1,0020000000000001,"[1, 1.0000000000000001110223024625157, 53]",System.Numerics.BigInteger,base_zero,0,"[1, 0.0, 0]",,RAISE:DivideByZeroException
P6_7_4_2_3,ulong,p53_plus1,0020000000000001,"[1, 1.0000000000000001110223024625157, 53]",System.Numerics.BigInteger,i64max,7fffffffffffffff,"[1, 1.9999999999999999997831595655029, 62]",30,opaque:OPAQUE:30
P6_7_4_3_3,ulong,p53_plus1,0020000000000001,"[1, 1.0000000000000001110223024625157, 53]",System.Numerics.BigInteger,i64max_plus1,8000000000000000,"[1, 1.0, 63]",30,opaque:OPAQUE:30
P6_7_4_4_3,ulong,p53_plus1,0020000000000001,"[1, 1.0000000000000001110223024625157, 53]",System.Numerics.BigInteger,p53_plus1,20000000000001,"[1, 1.0000000000000001110223024625157, 53]",31,opaque:OPAQUE:31
P6_7_4_5_3,ulong,p53_plus1,0020000000000001,"[1, 1.0000000000000001110223024625157, 53]",System.Numerics.BigInteger,u64max,ffffffffffffffff,"[1, 1.9999999999999999998915797827514, 63]",30,opaque:OPAQUE:30
P6_7_5_0_3,ulong,u64max,ffffffffffffffff,"[1, 1.9999999999999999998915797827514, 63]",System.Numerics.BigInteger,base_42,2a,"[1, 1.3125, 5]",343339323038313932323331313739383030,opaque:OPAQUE:343339323038313932323331313739383030
P6_7_5_1_3,ulong,u64max,ffffffffffffffff,"[1, 1.9999999999999999998915797827514, 63]",System.Numerics.BigInteger,base_zero,0,"[1, 0.0, 0]",,RAISE:DivideByZeroException
P6_7_5_2_3,ulong,u64max,ffffffffffffffff,"[1, 1.9999999999999999998915797827514, 63]",System.Numerics.BigInteger,i64max,7fffffffffffffff,"[1, 1.9999999999999999997831595655029, 62]",32,opaque:OPAQUE:32
P6_7_5_3_3,ulong,u64max,ffffffffffffffff,"[1, 1.9999999999999999998915797827514, 63]",System.Numerics.BigInteger,i64max_plus1,8000000000000000,"[1, 1.0, 63]",31,opaque:OPAQUE:31
P6_7_5_4_3,ulong,u64max,ffffffffffffffff,"[1, 1.9999999999999999998915797827514, 63]",System.Numerics.BigInteger,p53_plus1,20000000000001,"[1, 1.0000000000000001110223024625157, 53]",32303437,opaque:OPAQUE:32303437
P6_7_5_5_3,ulong,u64max,ffffffffffffffff,"[1, 1.9999999999999999998915797827514, 63]",System.Numerics.BigInteger,u64max,ffffffffffffffff,"[1, 1.9999999999999999998915797827514, 63]",31,opaque:OPAQUE:31
P6_9_0_0_3,ulong,base_42,000000000000002a,"[1, 1.3125, 5]",double,base_1_5,3ff8000000000000,"[1, 1.5, 0]",403c000000000000,"[1, 1.75, 4]"
P6_9_0_1_3,ulong,base_42,000000000000002a,"[1, 1.3125, 5]",double,base_pi,400921fb54442d18,"[1, 1.5707963267948965579989817342721, 1]",402abcef9018d72c,"[1, 1.6711269024649011427641198679339, 3]"
P6_9_0_2_3,ulong,base_42,000000000000002a,"[1, 1.3125, 5]",double,inf,7ff0000000000000,"[1, inf]",0000000000000000,"[1, 0.0, 0]"
P6_9_0_3_3,ulong,base_42,000000000000002a,"[1, 1.3125, 5]",double,nan,7ff8000000000000,nan,fff8000000000000,nan
P6_9_0_4_3,ulong,base_42,000000000000002a,"[1, 1.3125, 5]",double,negzero,8000000000000000,"[-1, 0.0, 0]",fff0000000000000,"[-1, inf]"
P6_9_0_5_3,ulong,base_42,000000000000002a,"[1, 1.3125, 5]",double,point1,3fb999999999999a,"[1, 1.6000000000000000888178419700125, -4]",407a400000000000,"[1, 1.640625, 8]"
P6_9_1_0_3,ulong,base_zero,0000000000000000,"[1, 0.0, 0]",double,base_1_5,3ff8000000000000,"[1, 1.5, 0]",0000000000000000,"[1, 0.0, 0]"
P6_9_1_1_3,ulong,base_zero,0000000000000000,"[1, 0.0, 0]",double,base_pi,400921fb54442d18,"[1, 1.5707963267948965579989817342721, 1]",0000000000000000,"[1, 0.0, 0]"
P6_9_1_2_3,ulong,base_zero,0000000000000000,"[1, 0.0, 0]",double,inf,7ff0000000000000,"[1, inf]",0000000000000000,"[1, 0.0, 0]"
P6_9_1_3_3,ulong,base_zero,0000000000000000,"[1, 0.0, 0]",double,nan,7ff8000000000000,nan,fff8000000000000,nan
P6_9_1_4_3,ulong,base_zero,0000000000000000,"[1, 0.0, 0]",double,negzero,8000000000000000,"[-1, 0.0, 0]",fff8000000000000,nan
P6_9_1_5_3,ulong,base_zero,0000000000000000,"[1, 0.0, 0]",double,point1,3fb999999999999a,"[1, 1.6000000000000000888178419700125, -4]",0000000000000000,"[1, 0.0, 0]"
P6_9_2_0_3,ulong,i64max,7fffffffffffffff,"[1, 1.9999999999999999997831595655029, 62]",double,base_1_5,3ff8000000000000,"[1, 1.5, 0]",43d5555555555555,"[1, 1.3333333333333332593184650249896, 62]"
P6_9_2_1_3,ulong,i64max,7fffffffffffffff,"[1, 1.9999999999999999997831595655029, 62]",double,base_pi,400921fb54442d18,"[1, 1.5707963267948965579989817342721, 1]",43c45f306dc9c883,"[1, 1.2732395447351627648657768077101, 61]"
P6_9_2_2_3,ulong,i64max,7fffffffffffffff,"[1, 1.9999999999999999997831595655029, 62]",double,inf,7ff0000000000000,"[1, inf]",0000000000000000,"[1, 0.0, 0]"
P6_9_2_3_3,ulong,i64max,7fffffffffffffff,"[1, 1.9999999999999999997831595655029, 62]",double,nan,7ff8000000000000,nan,fff8000000000000,nan
P6_9_2_4_3,ulong,i64max,7fffffffffffffff,"[1, 1.9999999999999999997831595655029, 62]",double,negzero,8000000000000000,"[-1, 0.0, 0]",fff0000000000000,"[-1, inf]"
P6_9_2_5_3,ulong,i64max,7fffffffffffffff,"[1, 1.9999999999999999997831595655029, 62]",double,point1,3fb999999999999a,"[1, 1.6000000000000000888178419700125, -4]",4414000000000000,"[1, 1.25, 66]"
P6_9_3_0_3,ulong,i64max_plus1,8000000000000000,"[1, 1.0, 63]",double,base_1_5,3ff8000000000000,"[1, 1.5, 0]",43d5555555555555,"[1, 1.3333333333333332593184650249896, 62]"
P6_9_3_1_3,ulong,i64max_plus1,8000000000000000,"[1, 1.0, 63]",double,base_pi,400921fb54442d18,"[1, 1.5707963267948965579989817342721, 1]",43c45f306dc9c883,"[1, 1.2732395447351627648657768077101, 61]"
P6_9_3_2_3,ulong,i64max_plus1,8000000000000000,"[1, 1.0, 63]",double,inf,7ff0000000000000,"[1, inf]",0000000000000000,"[1, 0.0, 0]"
P6_9_3_3_3,ulong,i64max_plus1,8000000000000000,"[1, 1.0, 63]",double,nan,7ff8000000000000,nan,fff8000000000000,nan
P6_9_3_4_3,ulong,i64max_plus1,8000000000000000,"[1, 1.0, 63]",double,negzero,8000000000000000,"[-1, 0.0, 0]",fff0000000000000,"[-1, inf]"
P6_9_3_5_3,ulong,i64max_plus1,8000000000000000,"[1, 1.0, 63]",double,point1,3fb999999999999a,"[1, 1.6000000000000000888178419700125, -4]",4414000000000000,"[1, 1.25, 66]"
P6_9_4_0_3,ulong,p53_plus1,0020000000000001,"[1, 1.0000000000000001110223024625157, 53]",double,base_1_5,3ff8000000000000,"[1, 1.5, 0]",4335555555555555,"[1, 1.3333333333333332593184650249896, 52]"
P6_9_4_1_3,ulong,p53_plus1,0020000000000001,"[1, 1.0000000000000001110223024625157, 53]",double,base_pi,400921fb54442d18,"[1, 1.5707963267948965579989817342721, 1]",43245f306dc9c883,"[1, 1.2732395447351627648657768077101, 51]"
P6_9_4_2_3,ulong,p53_plus1,0020000000000001,"[1, 1.0000000000000001110223024625157, 53]",double,inf,7ff0000000000000,"[1, inf]",0000000000000000,"[1, 0.0, 0]"
P6_9_4_3_3,ulong,p53_plus1,0020000000000001,"[1, 1.0000000000000001110223024625157, 53]",double,nan,7ff8000000000000,nan,fff8000000000000,nan
P6_9_4_4_3,ulong,p53_plus1,0020000000000001,"[1, 1.0000000000000001110223024625157, 53]",double,negzero,8000000000000000,"[-1, 0.0, 0]",fff0000000000000,"[-1, inf]"
P6_9_4_5_3,ulong,p53_plus1,0020000000000001,"[1, 1.0000000000000001110223024625157, 53]",double,point1,3fb999999999999a,"[1, 1.6000000000000000888178419700125, -4]",4374000000000000,"[1, 1.25, 56]"
P6_9_5_0_3,ulong,u64max,ffffffffffffffff,"[1, 1.9999999999999999998915797827514, 63]",double,base_1_5,3ff8000000000000,"[1, 1.5, 0]",43e5555555555555,"[1, 1.3333333333333332593184650249896, 63]"
P6_9_5_1_3,ulong,u64max,ffffffffffffffff,"[1, 1.9999999999999999998915797827514, 63]",double,base_pi,400921fb54442d18,"[1, 1.5707963267948965579989817342721, 1]",43d45f306dc9c883,"[1, 1.2732395447351627648657768077101, 62]"
P6_9_5_2_3,ulong,u64max,ffffffffffffffff,"[1, 1.9999999999999999998915797827514, 63]",double,inf,7ff0000000000000,"[1, inf]",0000000000000000,"[1, 0.0, 0]"
P6_9_5_3_3,ulong,u64max,ffffffffffffffff,"[1, 1.9999999999999999998915797827514, 63]",double,nan,7ff8000000000000,nan,fff8000000000000,nan
P6_9_5_4_3,ulong,u64max,ffffffffffffffff,"[1, 1.9999999999999999998915797827514, 63]",double,negzero,8000000000000000,"[-1, 0.0, 0]",fff0000000000000,"[-1, inf]"
P6_9_5_5_3,ulong,u64max,ffffffffffffffff,"[1, 1.9999999999999999998915797827514, 63]",double,point1,3fb999999999999a,"[1, 1.6000000000000000888178419700125, -4]",4424000000000000,"[1, 1.25, 67]"
P6_10_0_0_3,ulong,base_42,000000000000002a,"[1, 1.3125, 5]",float,base_1_5,3fc00000,"[1, 1.5, 0]",41e00000,"[1, 1.75, 4]"
P6_10_0_1_3,ulong,base_42,000000000000002a,"[1, 1.3125, 5]",float,base_pi,40490fdb,"[1, 1.57079637050628662109375, 1]",4155e77c,"[1, 1.671126842498779296875, 3]"
P6_10_0_2_3,ulong,base_42,000000000000002a,"[1, 1.3125, 5]",float,inf,7f800000,"[1, inf]",00000000,"[1, 0.0, 0]"
P6_10_0_3_3,ulong,base_42,000000000000002a,"[1, 1.3125, 5]",float,nan,7fc00000,nan,ffc00000,nan
P6_10_0_4_3,ulong,base_42,000000000000002a,"[1, 1.3125, 5]",float,negzero,80000000,"[-1, 0.0, 0]",ff800000,"[-1, inf]"
P6_10_0_5_3,ulong,base_42,000000000000002a,"[1, 1.3125, 5]",float,point1,3dcccccd,"[1, 1.60000002384185791015625, -4]",43d20000,"[1, 1.640625, 8]"
P6_10_1_0_3,ulong,base_zero,0000000000000000,"[1, 0.0, 0]",float,base_1_5,3fc00000,"[1, 1.5, 0]",00000000,"[1, 0.0, 0]"
P6_10_1_1_3,ulong,base_zero,0000000000000000,"[1, 0.0, 0]",float,base_pi,40490fdb,"[1, 1.57079637050628662109375, 1]",00000000,"[1, 0.0, 0]"
P6_10_1_2_3,ulong,base_zero,0000000000000000,"[1, 0.0, 0]",float,inf,7f800000,"[1, inf]",00000000,"[1, 0.0, 0]"
P6_10_1_3_3,ulong,base_zero,0000000000000000,"[1, 0.0, 0]",float,nan,7fc00000,nan,ffc00000,nan
P6_10_1_4_3,ulong,base_zero,0000000000000000,"[1, 0.0, 0]",float,negzero,80000000,"[-1, 0.0, 0]",ffc00000,nan
P6_10_1_5_3,ulong,base_zero,0000000000000000,"[1, 0.0, 0]",float,point1,3dcccccd,"[1, 1.60000002384185791015625, -4]",00000000,"[1, 0.0, 0]"
P6_10_2_0_3,ulong,i64max,7fffffffffffffff,"[1, 1.9999999999999999997831595655029, 62]",float,base_1_5,3fc00000,"[1, 1.5, 0]",5eaaaaab,"[1, 1.33333337306976318359375, 62]"
P6_10_2_1_3,ulong,i64max,7fffffffffffffff,"[1, 1.9999999999999999997831595655029, 62]",float,base_pi,40490fdb,"[1, 1.57079637050628662109375, 1]",5e22f983,"[1, 1.27323949337005615234375, 61]"
P6_10_2_2_3,ulong,i64max,7fffffffffffffff,"[1, 1.9999999999999999997831595655029, 62]",float,inf,7f800000,"[1, inf]",00000000,"[1, 0.0, 0]"
P6_10_2_3_3,ulong,i64max,7fffffffffffffff,"[1, 1.9999999999999999997831595655029, 62]",float,nan,7fc00000,nan,ffc00000,nan
P6_10_2_4_3,ulong,i64max,7fffffffffffffff,"[1, 1.9999999999999999997831595655029, 62]",float,negzero,80000000,"[-1, 0.0, 0]",ff800000,"[-1, inf]"
P6_10_2_5_3,ulong,i64max,7fffffffffffffff,"[1, 1.9999999999999999997831595655029, 62]",float,point1,3dcccccd,"[1, 1.60000002384185791015625, -4]",60a00000,"[1, 1.25, 66]"
P6_10_3_0_3,ulong,i64max_plus1,8000000000000000,"[1, 1.0, 63]",float,base_1_5,3fc00000,"[1, 1.5, 0]",5eaaaaab,"[1, 1.33333337306976318359375, 62]"
P6_10_3_1_3,ulong,i64max_plus1,8000000000000000,"[1, 1.0, 63]",float,base_pi,40490fdb,"[1, 1.57079637050628662109375, 1]",5e22f983,"[1, 1.27323949337005615234375, 61]"
P6_10_3_2_3,ulong,i64max_plus1,8000000000000000,"[1, 1.0, 63]",float,inf,7f800000,"[1, inf]",00000000,"[1, 0.0, 0]"
P6_10_3_3_3,ulong,i64max_plus1,8000000000000000,"[1, 1.0, 63]",float,nan,7fc00000,nan,ffc00000,nan
P6_10_3_4_3,ulong,i64max_plus1,8000000000000000,"[1, 1.0, 63]",float,negzero,80000000,"[-1, 0.0, 0]",ff800000,"[-1, inf]"
P6_10_3_5_3,ulong,i64max_plus1,8000000000000000,"[1, 1.0, 63]",float,point1,3dcccccd,"[1, 1.60000002384185791015625, -4]",60a00000,"[1, 1.25, 66]"
P6_10_4_0_3,ulong,p53_plus1,0020000000000001,"[1, 1.0000000000000001110223024625157, 53]",float,base_1_5,3fc00000,"[1, 1.5, 0]",59aaaaab,"[1, 1.33333337306976318359375, 52]"
P6_10_4_1_3,ulong,p53_plus1,0020000000000001,"[1, 1.0000000000000001110223024625157, 53]",float,base_pi,40490fdb,"[1, 1.57079637050628662109375, 1]",5922f983,"[1, 1.27323949337005615234375, 51]"
P6_10_4_2_3,ulong,p53_plus1,0020000000000001,"[1, 1.0000000000000001110223024625157, 53]",float,inf,7f800000,"[1, inf]",00000000,"[1, 0.0, 0]"
P6_10_4_3_3,ulong,p53_plus1,0020000000000001,"[1, 1.0000000000000001110223024625157, 53]",float,nan,7fc00000,nan,ffc00000,nan
P6_10_4_4_3,ulong,p53_plus1,0020000000000001,"[1, 1.0000000000000001110223024625157, 53]",float,negzero,80000000,"[-1, 0.0, 0]",ff800000,"[-1, inf]"
P6_10_4_5_3,ulong,p53_plus1,0020000000000001,"[1, 1.0000000000000001110223024625157, 53]",float,point1,3dcccccd,"[1, 1.60000002384185791015625, -4]",5ba00000,"[1, 1.25, 56]"
P6_10_5_0_3,ulong,u64max,ffffffffffffffff,"[1, 1.9999999999999999998915797827514, 63]",float,base_1_5,3fc00000,"[1, 1.5, 0]",5f2aaaab,"[1, 1.33333337306976318359375, 63]"
P6_10_5_1_3,ulong,u64max,ffffffffffffffff,"[1, 1.9999999999999999998915797827514, 63]",float,base_pi,40490fdb,"[1, 1.57079637050628662109375, 1]",5ea2f983,"[1, 1.27323949337005615234375, 62]"
P6_10_5_2_3,ulong,u64max,ffffffffffffffff,"[1, 1.9999999999999999998915797827514, 63]",float,inf,7f800000,"[1, inf]",00000000,"[1, 0.0, 0]"
P6_10_5_3_3,ulong,u64max,ffffffffffffffff,"[1, 1.9999999999999999998915797827514, 63]",float,nan,7fc00000,nan,ffc00000,nan
P6_10_5_4_3,ulong,u64max,ffffffffffffffff,"[1, 1.9999999999999999998915797827514, 63]",float,negzero,80000000,"[-1, 0.0, 0]",ff800000,"[-1, inf]"
P6_10_5_5_3,ulong,u64max,ffffffffffffffff,"[1, 1.9999999999999999998915797827514, 63]",float,point1,3dcccccd,"[1, 1.60000002384185791015625, -4]",61200000,"[1, 1.25, 67]"
P6_11_0_0_3,ulong,base_42,000000000000002a,"[1, 1.3125, 5]",decimal,base_1_5,1.5,"[1, 1.5, 0]",0000001c000000000000000000000000,opaque:DEC128:0000001c000000000000000000000000
P6_11_0_1_3,ulong,base_42,000000000000002a,"[1, 1.3125, 5]",decimal,base_pi,3.141592653589793,"[1, 1.5707963267948965, 1]",416a5625b9deda160451dbe8001a0000,opaque:DEC128:416a5625b9deda160451dbe8001a0000
P6_11_0_4_3,ulong,base_42,000000000000002a,"[1, 1.3125, 5]",decimal,negzero,negzero,"[-1, 0.0, 0]",,RAISE:DivideByZeroException
P6_11_0_5_3,ulong,base_42,000000000000002a,"[1, 1.3125, 5]",decimal,point1,0.1,"[1, 1.6, -4]",000001a4000000000000000000000000,opaque:DEC128:000001a4000000000000000000000000
P6_11_1_0_3,ulong,base_zero,0000000000000000,"[1, 0.0, 0]",decimal,base_1_5,1.5,"[1, 1.5, 0]",00000000000000000000000000000000,opaque:DEC128:00000000000000000000000000000000
P6_11_1_1_3,ulong,base_zero,0000000000000000,"[1, 0.0, 0]",decimal,base_pi,3.141592653589793,"[1, 1.5707963267948965, 1]",00000000000000000000000000000000,opaque:DEC128:00000000000000000000000000000000
P6_11_1_4_3,ulong,base_zero,0000000000000000,"[1, 0.0, 0]",decimal,negzero,negzero,"[-1, 0.0, 0]",,RAISE:DivideByZeroException
P6_11_1_5_3,ulong,base_zero,0000000000000000,"[1, 0.0, 0]",decimal,point1,0.1,"[1, 1.6, -4]",00000000000000000000000000000000,opaque:DEC128:00000000000000000000000000000000
P6_11_2_0_3,ulong,i64max,7fffffffffffffff,"[1, 1.9999999999999999997831595655029, 62]",decimal,base_1_5,1.5,"[1, 1.5, 0]",c7f812ab55555553c6aea155000a0000,opaque:DEC128:c7f812ab55555553c6aea155000a0000
P6_11_2_1_3,ulong,i64max,7fffffffffffffff,"[1, 1.9999999999999999997831595655029, 62]",decimal,base_pi,3.141592653589793,"[1, 1.5707963267948965, 1]",f131916beb4088ff5edd1df6000a0000,opaque:DEC128:f131916beb4088ff5edd1df6000a0000
P6_11_2_4_3,ulong,i64max,7fffffffffffffff,"[1, 1.9999999999999999997831595655029, 62]",decimal,negzero,negzero,"[-1, 0.0, 0]",,RAISE:DivideByZeroException
P6_11_2_5_3,ulong,i64max,7fffffffffffffff,"[1, 1.9999999999999999997831595655029, 62]",decimal,point1,0.1,"[1, 1.6, -4]",fffffff6ffffffff0000000400000000,opaque:DEC128:fffffff6ffffffff0000000400000000
P6_11_3_0_3,ulong,i64max_plus1,8000000000000000,"[1, 1.0, 63]",decimal,base_1_5,1.5,"[1, 1.5, 0]",5555555555555555c6aea155000a0000,opaque:DEC128:5555555555555555c6aea155000a0000
P6_11_3_1_3,ulong,i64max_plus1,8000000000000000,"[1, 1.0, 63]",decimal,base_pi,3.141592653589793,"[1, 1.5707963267948965, 1]",aeebcd59eb4089005edd1df6000a0000,opaque:DEC128:aeebcd59eb4089005edd1df6000a0000
P6_11_3_4_3,ulong,i64max_plus1,8000000000000000,"[1, 1.0, 63]",decimal,negzero,negzero,"[-1, 0.0, 0]",,RAISE:DivideByZeroException
P6_11_3_5_3,ulong,i64max_plus1,8000000000000000,"[1, 1.0, 63]",decimal,point1,0.1,"[1, 1.6, -4]",00000000000000000000000500000000,opaque:DEC128:00000000000000000000000500000000
P6_11_4_0_3,ulong,p53_plus1,0020000000000001,"[1, 1.0000000000000001110223024625157, 53]",decimal,base_1_5,1.5,"[1, 1.5, 0]",55555556001555550000000000000000,opaque:DEC128:55555556001555550000000000000000
P6_11_4_1_3,ulong,p53_plus1,0020000000000001,"[1, 1.0000000000000001110223024625157, 53]",decimal,base_pi,3.141592653589793,"[1, 1.5707963267948965, 1]",ca4c5f9721bd08af5ca3ef43000d0000,opaque:DEC128:ca4c5f9721bd08af5ca3ef43000d0000
P6_11_4_4_3,ulong,p53_plus1,0020000000000001,"[1, 1.0000000000000001110223024625157, 53]",decimal,negzero,negzero,"[-1, 0.0, 0]",,RAISE:DivideByZeroException
P6_11_4_5_3,ulong,p53_plus1,0020000000000001,"[1, 1.0000000000000001110223024625157, 53]",decimal,point1,0.1,"[1, 1.6, -4]",0000000a014000000000000000000000,opaque:DEC128:0000000a014000000000000000000000
P6_11_5_0_3,ulong,u64max,ffffffffffffffff,"[1, 1.9999999999999999998915797827514, 63]",decimal,base_1_5,1.5,"[1, 1.5, 0]",aaaaaaaaaaaaaaaa0000000000000000,opaque:DEC128:aaaaaaaaaaaaaaaa0000000000000000
P6_11_5_1_3,ulong,u64max,ffffffffffffffff,"[1, 1.9999999999999999998915797827514, 63]",decimal,base_pi,3.141592653589793,"[1, 1.5707963267948965, 1]",a01d5ec4d6811200bdba3bed000a0000,opaque:DEC128:a01d5ec4d6811200bdba3bed000a0000
P6_11_5_4_3,ulong,u64max,ffffffffffffffff,"[1, 1.9999999999999999998915797827514, 63]",decimal,negzero,negzero,"[-1, 0.0, 0]",,RAISE:DivideByZeroException
P6_11_5_5_3,ulong,u64max,ffffffffffffffff,"[1, 1.9999999999999999998915797827514, 63]",decimal,point1,0.1,"[1, 1.6, -4]",fffffff6ffffffff0000000900000000,opaque:DEC128:fffffff6ffffffff0000000900000000
P7_1_0_0_3,System.Numerics.BigInteger,base_42,2a,"[1, 1.3125, 5]",Nullable<int>,null,null,null,NULL,null
P7_1_1_0_3,System.Numerics.BigInteger,base_zero,0,"[1, 0.0, 0]",Nullable<int>,null,null,null,NULL,null
P7_1_2_0_3,System.Numerics.BigInteger,i64max,7fffffffffffffff,"[1, 1.9999999999999999997831595655029, 62]",Nullable<int>,null,null,null,NULL,null
P7_1_3_0_3,System.Numerics.BigInteger,i64max_plus1,8000000000000000,"[1, 1.0, 63]",Nullable<int>,null,null,null,NULL,null
P7_1_4_0_3,System.Numerics.BigInteger,p53_plus1,20000000000001,"[1, 1.0000000000000001110223024625157, 53]",Nullable<int>,null,null,null,NULL,null
P7_1_5_0_3,System.Numerics.BigInteger,u64max,ffffffffffffffff,"[1, 1.9999999999999999998915797827514, 63]",Nullable<int>,null,null,null,NULL,null
P7_4_0_0_3,System.Numerics.BigInteger,base_42,2a,"[1, 1.3125, 5]",int,base_42,0000002a,"[1, 1.3125, 5]",31,opaque:OPAQUE:31
P7_4_0_1_3,System.Numerics.BigInteger,base_42,2a,"[1, 1.3125, 5]",int,base_zero,00000000,"[1, 0.0, 0]",,RAISE:DivideByZeroException
P7_4_1_0_3,System.Numerics.BigInteger,base_zero,0,"[1, 0.0, 0]",int,base_42,0000002a,"[1, 1.3125, 5]",30,opaque:OPAQUE:30
P7_4_1_1_3,System.Numerics.BigInteger,base_zero,0,"[1, 0.0, 0]",int,base_zero,00000000,"[1, 0.0, 0]",,RAISE:DivideByZeroException
P7_4_2_0_3,System.Numerics.BigInteger,i64max,7fffffffffffffff,"[1, 1.9999999999999999997831595655029, 62]",int,base_42,0000002a,"[1, 1.3125, 5]",323139363034303936313135353839393030,opaque:OPAQUE:323139363034303936313135353839393030
P7_4_2_1_3,System.Numerics.BigInteger,i64max,7fffffffffffffff,"[1, 1.9999999999999999997831595655029, 62]",int,base_zero,00000000,"[1, 0.0, 0]",,RAISE:DivideByZeroException
P7_4_3_0_3,System.Numerics.BigInteger,i64max_plus1,8000000000000000,"[1, 1.0, 63]",int,base_42,0000002a,"[1, 1.3125, 5]",323139363034303936313135353839393030,opaque:OPAQUE:323139363034303936313135353839393030
P7_4_3_1_3,System.Numerics.BigInteger,i64max_plus1,8000000000000000,"[1, 1.0, 63]",int,base_zero,00000000,"[1, 0.0, 0]",,RAISE:DivideByZeroException
P7_4_4_0_3,System.Numerics.BigInteger,p53_plus1,20000000000001,"[1, 1.0000000000000001110223024625157, 53]",int,base_42,0000002a,"[1, 1.3125, 5]",323134343537313235313132383830,opaque:OPAQUE:323134343537313235313132383830
P7_4_4_1_3,System.Numerics.BigInteger,p53_plus1,20000000000001,"[1, 1.0000000000000001110223024625157, 53]",int,base_zero,00000000,"[1, 0.0, 0]",,RAISE:DivideByZeroException
P7_4_5_0_3,System.Numerics.BigInteger,u64max,ffffffffffffffff,"[1, 1.9999999999999999998915797827514, 63]",int,base_42,0000002a,"[1, 1.3125, 5]",343339323038313932323331313739383030,opaque:OPAQUE:343339323038313932323331313739383030
P7_4_5_1_3,System.Numerics.BigInteger,u64max,ffffffffffffffff,"[1, 1.9999999999999999998915797827514, 63]",int,base_zero,00000000,"[1, 0.0, 0]",,RAISE:DivideByZeroException
P7_5_0_0_3,System.Numerics.BigInteger,base_42,2a,"[1, 1.3125, 5]",long,base_42,000000000000002a,"[1, 1.3125, 5]",31,opaque:OPAQUE:31
P7_5_0_1_3,System.Numerics.BigInteger,base_42,2a,"[1, 1.3125, 5]",long,base_zero,0000000000000000,"[1, 0.0, 0]",,RAISE:DivideByZeroException
P7_5_0_2_3,System.Numerics.BigInteger,base_42,2a,"[1, 1.3125, 5]",long,i64max,7fffffffffffffff,"[1, 1.9999999999999999997831595655029, 62]",30,opaque:OPAQUE:30
P7_5_0_4_3,System.Numerics.BigInteger,base_42,2a,"[1, 1.3125, 5]",long,p53_plus1,0020000000000001,"[1, 1.0000000000000001110223024625157, 53]",30,opaque:OPAQUE:30
P7_5_1_0_3,System.Numerics.BigInteger,base_zero,0,"[1, 0.0, 0]",long,base_42,000000000000002a,"[1, 1.3125, 5]",30,opaque:OPAQUE:30
P7_5_1_1_3,System.Numerics.BigInteger,base_zero,0,"[1, 0.0, 0]",long,base_zero,0000000000000000,"[1, 0.0, 0]",,RAISE:DivideByZeroException
P7_5_1_2_3,System.Numerics.BigInteger,base_zero,0,"[1, 0.0, 0]",long,i64max,7fffffffffffffff,"[1, 1.9999999999999999997831595655029, 62]",30,opaque:OPAQUE:30
P7_5_1_4_3,System.Numerics.BigInteger,base_zero,0,"[1, 0.0, 0]",long,p53_plus1,0020000000000001,"[1, 1.0000000000000001110223024625157, 53]",30,opaque:OPAQUE:30
P7_5_2_0_3,System.Numerics.BigInteger,i64max,7fffffffffffffff,"[1, 1.9999999999999999997831595655029, 62]",long,base_42,000000000000002a,"[1, 1.3125, 5]",323139363034303936313135353839393030,opaque:OPAQUE:323139363034303936313135353839393030
P7_5_2_1_3,System.Numerics.BigInteger,i64max,7fffffffffffffff,"[1, 1.9999999999999999997831595655029, 62]",long,base_zero,0000000000000000,"[1, 0.0, 0]",,RAISE:DivideByZeroException
P7_5_2_2_3,System.Numerics.BigInteger,i64max,7fffffffffffffff,"[1, 1.9999999999999999997831595655029, 62]",long,i64max,7fffffffffffffff,"[1, 1.9999999999999999997831595655029, 62]",31,opaque:OPAQUE:31
P7_5_2_4_3,System.Numerics.BigInteger,i64max,7fffffffffffffff,"[1, 1.9999999999999999997831595655029, 62]",long,p53_plus1,0020000000000001,"[1, 1.0000000000000001110223024625157, 53]",31303233,opaque:OPAQUE:31303233
P7_5_3_0_3,System.Numerics.BigInteger,i64max_plus1,8000000000000000,"[1, 1.0, 63]",long,base_42,000000000000002a,"[1, 1.3125, 5]",323139363034303936313135353839393030,opaque:OPAQUE:323139363034303936313135353839393030
P7_5_3_1_3,System.Numerics.BigInteger,i64max_plus1,8000000000000000,"[1, 1.0, 63]",long,base_zero,0000000000000000,"[1, 0.0, 0]",,RAISE:DivideByZeroException
P7_5_3_2_3,System.Numerics.BigInteger,i64max_plus1,8000000000000000,"[1, 1.0, 63]",long,i64max,7fffffffffffffff,"[1, 1.9999999999999999997831595655029, 62]",31,opaque:OPAQUE:31
P7_5_3_4_3,System.Numerics.BigInteger,i64max_plus1,8000000000000000,"[1, 1.0, 63]",long,p53_plus1,0020000000000001,"[1, 1.0000000000000001110223024625157, 53]",31303233,opaque:OPAQUE:31303233
P7_5_4_0_3,System.Numerics.BigInteger,p53_plus1,20000000000001,"[1, 1.0000000000000001110223024625157, 53]",long,base_42,000000000000002a,"[1, 1.3125, 5]",323134343537313235313132383830,opaque:OPAQUE:323134343537313235313132383830
P7_5_4_1_3,System.Numerics.BigInteger,p53_plus1,20000000000001,"[1, 1.0000000000000001110223024625157, 53]",long,base_zero,0000000000000000,"[1, 0.0, 0]",,RAISE:DivideByZeroException
P7_5_4_2_3,System.Numerics.BigInteger,p53_plus1,20000000000001,"[1, 1.0000000000000001110223024625157, 53]",long,i64max,7fffffffffffffff,"[1, 1.9999999999999999997831595655029, 62]",30,opaque:OPAQUE:30
P7_5_4_4_3,System.Numerics.BigInteger,p53_plus1,20000000000001,"[1, 1.0000000000000001110223024625157, 53]",long,p53_plus1,0020000000000001,"[1, 1.0000000000000001110223024625157, 53]",31,opaque:OPAQUE:31
P7_5_5_0_3,System.Numerics.BigInteger,u64max,ffffffffffffffff,"[1, 1.9999999999999999998915797827514, 63]",long,base_42,000000000000002a,"[1, 1.3125, 5]",343339323038313932323331313739383030,opaque:OPAQUE:343339323038313932323331313739383030
P7_5_5_1_3,System.Numerics.BigInteger,u64max,ffffffffffffffff,"[1, 1.9999999999999999998915797827514, 63]",long,base_zero,0000000000000000,"[1, 0.0, 0]",,RAISE:DivideByZeroException
P7_5_5_2_3,System.Numerics.BigInteger,u64max,ffffffffffffffff,"[1, 1.9999999999999999998915797827514, 63]",long,i64max,7fffffffffffffff,"[1, 1.9999999999999999997831595655029, 62]",32,opaque:OPAQUE:32
P7_5_5_4_3,System.Numerics.BigInteger,u64max,ffffffffffffffff,"[1, 1.9999999999999999998915797827514, 63]",long,p53_plus1,0020000000000001,"[1, 1.0000000000000001110223024625157, 53]",32303437,opaque:OPAQUE:32303437
P7_6_0_0_3,System.Numerics.BigInteger,base_42,2a,"[1, 1.3125, 5]",ulong,base_42,000000000000002a,"[1, 1.3125, 5]",31,opaque:OPAQUE:31
P7_6_0_1_3,System.Numerics.BigInteger,base_42,2a,"[1, 1.3125, 5]",ulong,base_zero,0000000000000000,"[1, 0.0, 0]",,RAISE:DivideByZeroException
P7_6_0_2_3,System.Numerics.BigInteger,base_42,2a,"[1, 1.3125, 5]",ulong,i64max,7fffffffffffffff,"[1, 1.9999999999999999997831595655029, 62]",30,opaque:OPAQUE:30
P7_6_0_3_3,System.Numerics.BigInteger,base_42,2a,"[1, 1.3125, 5]",ulong,i64max_plus1,8000000000000000,"[1, 1.0, 63]",30,opaque:OPAQUE:30
P7_6_0_4_3,System.Numerics.BigInteger,base_42,2a,"[1, 1.3125, 5]",ulong,p53_plus1,0020000000000001,"[1, 1.0000000000000001110223024625157, 53]",30,opaque:OPAQUE:30
P7_6_0_5_3,System.Numerics.BigInteger,base_42,2a,"[1, 1.3125, 5]",ulong,u64max,ffffffffffffffff,"[1, 1.9999999999999999998915797827514, 63]",30,opaque:OPAQUE:30
P7_6_1_0_3,System.Numerics.BigInteger,base_zero,0,"[1, 0.0, 0]",ulong,base_42,000000000000002a,"[1, 1.3125, 5]",30,opaque:OPAQUE:30
P7_6_1_1_3,System.Numerics.BigInteger,base_zero,0,"[1, 0.0, 0]",ulong,base_zero,0000000000000000,"[1, 0.0, 0]",,RAISE:DivideByZeroException
P7_6_1_2_3,System.Numerics.BigInteger,base_zero,0,"[1, 0.0, 0]",ulong,i64max,7fffffffffffffff,"[1, 1.9999999999999999997831595655029, 62]",30,opaque:OPAQUE:30
P7_6_1_3_3,System.Numerics.BigInteger,base_zero,0,"[1, 0.0, 0]",ulong,i64max_plus1,8000000000000000,"[1, 1.0, 63]",30,opaque:OPAQUE:30
P7_6_1_4_3,System.Numerics.BigInteger,base_zero,0,"[1, 0.0, 0]",ulong,p53_plus1,0020000000000001,"[1, 1.0000000000000001110223024625157, 53]",30,opaque:OPAQUE:30
P7_6_1_5_3,System.Numerics.BigInteger,base_zero,0,"[1, 0.0, 0]",ulong,u64max,ffffffffffffffff,"[1, 1.9999999999999999998915797827514, 63]",30,opaque:OPAQUE:30
P7_6_2_0_3,System.Numerics.BigInteger,i64max,7fffffffffffffff,"[1, 1.9999999999999999997831595655029, 62]",ulong,base_42,000000000000002a,"[1, 1.3125, 5]",323139363034303936313135353839393030,opaque:OPAQUE:323139363034303936313135353839393030
P7_6_2_1_3,System.Numerics.BigInteger,i64max,7fffffffffffffff,"[1, 1.9999999999999999997831595655029, 62]",ulong,base_zero,0000000000000000,"[1, 0.0, 0]",,RAISE:DivideByZeroException
P7_6_2_2_3,System.Numerics.BigInteger,i64max,7fffffffffffffff,"[1, 1.9999999999999999997831595655029, 62]",ulong,i64max,7fffffffffffffff,"[1, 1.9999999999999999997831595655029, 62]",31,opaque:OPAQUE:31
P7_6_2_3_3,System.Numerics.BigInteger,i64max,7fffffffffffffff,"[1, 1.9999999999999999997831595655029, 62]",ulong,i64max_plus1,8000000000000000,"[1, 1.0, 63]",30,opaque:OPAQUE:30
P7_6_2_4_3,System.Numerics.BigInteger,i64max,7fffffffffffffff,"[1, 1.9999999999999999997831595655029, 62]",ulong,p53_plus1,0020000000000001,"[1, 1.0000000000000001110223024625157, 53]",31303233,opaque:OPAQUE:31303233
P7_6_2_5_3,System.Numerics.BigInteger,i64max,7fffffffffffffff,"[1, 1.9999999999999999997831595655029, 62]",ulong,u64max,ffffffffffffffff,"[1, 1.9999999999999999998915797827514, 63]",30,opaque:OPAQUE:30
P7_6_3_0_3,System.Numerics.BigInteger,i64max_plus1,8000000000000000,"[1, 1.0, 63]",ulong,base_42,000000000000002a,"[1, 1.3125, 5]",323139363034303936313135353839393030,opaque:OPAQUE:323139363034303936313135353839393030
P7_6_3_1_3,System.Numerics.BigInteger,i64max_plus1,8000000000000000,"[1, 1.0, 63]",ulong,base_zero,0000000000000000,"[1, 0.0, 0]",,RAISE:DivideByZeroException
P7_6_3_2_3,System.Numerics.BigInteger,i64max_plus1,8000000000000000,"[1, 1.0, 63]",ulong,i64max,7fffffffffffffff,"[1, 1.9999999999999999997831595655029, 62]",31,opaque:OPAQUE:31
P7_6_3_3_3,System.Numerics.BigInteger,i64max_plus1,8000000000000000,"[1, 1.0, 63]",ulong,i64max_plus1,8000000000000000,"[1, 1.0, 63]",31,opaque:OPAQUE:31
P7_6_3_4_3,System.Numerics.BigInteger,i64max_plus1,8000000000000000,"[1, 1.0, 63]",ulong,p53_plus1,0020000000000001,"[1, 1.0000000000000001110223024625157, 53]",31303233,opaque:OPAQUE:31303233
P7_6_3_5_3,System.Numerics.BigInteger,i64max_plus1,8000000000000000,"[1, 1.0, 63]",ulong,u64max,ffffffffffffffff,"[1, 1.9999999999999999998915797827514, 63]",30,opaque:OPAQUE:30
P7_6_4_0_3,System.Numerics.BigInteger,p53_plus1,20000000000001,"[1, 1.0000000000000001110223024625157, 53]",ulong,base_42,000000000000002a,"[1, 1.3125, 5]",323134343537313235313132383830,opaque:OPAQUE:323134343537313235313132383830
P7_6_4_1_3,System.Numerics.BigInteger,p53_plus1,20000000000001,"[1, 1.0000000000000001110223024625157, 53]",ulong,base_zero,0000000000000000,"[1, 0.0, 0]",,RAISE:DivideByZeroException
P7_6_4_2_3,System.Numerics.BigInteger,p53_plus1,20000000000001,"[1, 1.0000000000000001110223024625157, 53]",ulong,i64max,7fffffffffffffff,"[1, 1.9999999999999999997831595655029, 62]",30,opaque:OPAQUE:30
P7_6_4_3_3,System.Numerics.BigInteger,p53_plus1,20000000000001,"[1, 1.0000000000000001110223024625157, 53]",ulong,i64max_plus1,8000000000000000,"[1, 1.0, 63]",30,opaque:OPAQUE:30
P7_6_4_4_3,System.Numerics.BigInteger,p53_plus1,20000000000001,"[1, 1.0000000000000001110223024625157, 53]",ulong,p53_plus1,0020000000000001,"[1, 1.0000000000000001110223024625157, 53]",31,opaque:OPAQUE:31
P7_6_4_5_3,System.Numerics.BigInteger,p53_plus1,20000000000001,"[1, 1.0000000000000001110223024625157, 53]",ulong,u64max,ffffffffffffffff,"[1, 1.9999999999999999998915797827514, 63]",30,opaque:OPAQUE:30
P7_6_5_0_3,System.Numerics.BigInteger,u64max,ffffffffffffffff,"[1, 1.9999999999999999998915797827514, 63]",ulong,base_42,000000000000002a,"[1, 1.3125, 5]",343339323038313932323331313739383030,opaque:OPAQUE:343339323038313932323331313739383030
P7_6_5_1_3,System.Numerics.BigInteger,u64max,ffffffffffffffff,"[1, 1.9999999999999999998915797827514, 63]",ulong,base_zero,0000000000000000,"[1, 0.0, 0]",,RAISE:DivideByZeroException
P7_6_5_2_3,System.Numerics.BigInteger,u64max,ffffffffffffffff,"[1, 1.9999999999999999998915797827514, 63]",ulong,i64max,7fffffffffffffff,"[1, 1.9999999999999999997831595655029, 62]",32,opaque:OPAQUE:32
P7_6_5_3_3,System.Numerics.BigInteger,u64max,ffffffffffffffff,"[1, 1.9999999999999999998915797827514, 63]",ulong,i64max_plus1,8000000000000000,"[1, 1.0, 63]",31,opaque:OPAQUE:31
P7_6_5_4_3,System.Numerics.BigInteger,u64max,ffffffffffffffff,"[1, 1.9999999999999999998915797827514, 63]",ulong,p53_plus1,0020000000000001,"[1, 1.0000000000000001110223024625157, 53]",32303437,opaque:OPAQUE:32303437
P7_6_5_5_3,System.Numerics.BigInteger,u64max,ffffffffffffffff,"[1, 1.9999999999999999998915797827514, 63]",ulong,u64max,ffffffffffffffff,"[1, 1.9999999999999999998915797827514, 63]",31,opaque:OPAQUE:31
P7_7_0_0_3,System.Numerics.BigInteger,base_42,2a,"[1, 1.3125, 5]",System.Numerics.BigInteger,base_42,2a,"[1, 1.3125, 5]",31,opaque:OPAQUE:31
P7_7_0_1_3,System.Numerics.BigInteger,base_42,2a,"[1, 1.3125, 5]",System.Numerics.BigInteger,base_zero,0,"[1, 0.0, 0]",,RAISE:DivideByZeroException
P7_7_0_2_3,System.Numerics.BigInteger,base_42,2a,"[1, 1.3125, 5]",System.Numerics.BigInteger,i64max,7fffffffffffffff,"[1, 1.9999999999999999997831595655029, 62]",30,opaque:OPAQUE:30
P7_7_0_3_3,System.Numerics.BigInteger,base_42,2a,"[1, 1.3125, 5]",System.Numerics.BigInteger,i64max_plus1,8000000000000000,"[1, 1.0, 63]",30,opaque:OPAQUE:30
P7_7_0_4_3,System.Numerics.BigInteger,base_42,2a,"[1, 1.3125, 5]",System.Numerics.BigInteger,p53_plus1,20000000000001,"[1, 1.0000000000000001110223024625157, 53]",30,opaque:OPAQUE:30
P7_7_0_5_3,System.Numerics.BigInteger,base_42,2a,"[1, 1.3125, 5]",System.Numerics.BigInteger,u64max,ffffffffffffffff,"[1, 1.9999999999999999998915797827514, 63]",30,opaque:OPAQUE:30
P7_7_1_0_3,System.Numerics.BigInteger,base_zero,0,"[1, 0.0, 0]",System.Numerics.BigInteger,base_42,2a,"[1, 1.3125, 5]",30,opaque:OPAQUE:30
P7_7_1_1_3,System.Numerics.BigInteger,base_zero,0,"[1, 0.0, 0]",System.Numerics.BigInteger,base_zero,0,"[1, 0.0, 0]",,RAISE:DivideByZeroException
P7_7_1_2_3,System.Numerics.BigInteger,base_zero,0,"[1, 0.0, 0]",System.Numerics.BigInteger,i64max,7fffffffffffffff,"[1, 1.9999999999999999997831595655029, 62]",30,opaque:OPAQUE:30
P7_7_1_3_3,System.Numerics.BigInteger,base_zero,0,"[1, 0.0, 0]",System.Numerics.BigInteger,i64max_plus1,8000000000000000,"[1, 1.0, 63]",30,opaque:OPAQUE:30
P7_7_1_4_3,System.Numerics.BigInteger,base_zero,0,"[1, 0.0, 0]",System.Numerics.BigInteger,p53_plus1,20000000000001,"[1, 1.0000000000000001110223024625157, 53]",30,opaque:OPAQUE:30
P7_7_1_5_3,System.Numerics.BigInteger,base_zero,0,"[1, 0.0, 0]",System.Numerics.BigInteger,u64max,ffffffffffffffff,"[1, 1.9999999999999999998915797827514, 63]",30,opaque:OPAQUE:30
P7_7_2_0_3,System.Numerics.BigInteger,i64max,7fffffffffffffff,"[1, 1.9999999999999999997831595655029, 62]",System.Numerics.BigInteger,base_42,2a,"[1, 1.3125, 5]",323139363034303936313135353839393030,opaque:OPAQUE:323139363034303936313135353839393030
P7_7_2_1_3,System.Numerics.BigInteger,i64max,7fffffffffffffff,"[1, 1.9999999999999999997831595655029, 62]",System.Numerics.BigInteger,base_zero,0,"[1, 0.0, 0]",,RAISE:DivideByZeroException
P7_7_2_2_3,System.Numerics.BigInteger,i64max,7fffffffffffffff,"[1, 1.9999999999999999997831595655029, 62]",System.Numerics.BigInteger,i64max,7fffffffffffffff,"[1, 1.9999999999999999997831595655029, 62]",31,opaque:OPAQUE:31
P7_7_2_3_3,System.Numerics.BigInteger,i64max,7fffffffffffffff,"[1, 1.9999999999999999997831595655029, 62]",System.Numerics.BigInteger,i64max_plus1,8000000000000000,"[1, 1.0, 63]",30,opaque:OPAQUE:30
P7_7_2_4_3,System.Numerics.BigInteger,i64max,7fffffffffffffff,"[1, 1.9999999999999999997831595655029, 62]",System.Numerics.BigInteger,p53_plus1,20000000000001,"[1, 1.0000000000000001110223024625157, 53]",31303233,opaque:OPAQUE:31303233
P7_7_2_5_3,System.Numerics.BigInteger,i64max,7fffffffffffffff,"[1, 1.9999999999999999997831595655029, 62]",System.Numerics.BigInteger,u64max,ffffffffffffffff,"[1, 1.9999999999999999998915797827514, 63]",30,opaque:OPAQUE:30
P7_7_3_0_3,System.Numerics.BigInteger,i64max_plus1,8000000000000000,"[1, 1.0, 63]",System.Numerics.BigInteger,base_42,2a,"[1, 1.3125, 5]",323139363034303936313135353839393030,opaque:OPAQUE:323139363034303936313135353839393030
P7_7_3_1_3,System.Numerics.BigInteger,i64max_plus1,8000000000000000,"[1, 1.0, 63]",System.Numerics.BigInteger,base_zero,0,"[1, 0.0, 0]",,RAISE:DivideByZeroException
P7_7_3_2_3,System.Numerics.BigInteger,i64max_plus1,8000000000000000,"[1, 1.0, 63]",System.Numerics.BigInteger,i64max,7fffffffffffffff,"[1, 1.9999999999999999997831595655029, 62]",31,opaque:OPAQUE:31
P7_7_3_3_3,System.Numerics.BigInteger,i64max_plus1,8000000000000000,"[1, 1.0, 63]",System.Numerics.BigInteger,i64max_plus1,8000000000000000,"[1, 1.0, 63]",31,opaque:OPAQUE:31
P7_7_3_4_3,System.Numerics.BigInteger,i64max_plus1,8000000000000000,"[1, 1.0, 63]",System.Numerics.BigInteger,p53_plus1,20000000000001,"[1, 1.0000000000000001110223024625157, 53]",31303233,opaque:OPAQUE:31303233
P7_7_3_5_3,System.Numerics.BigInteger,i64max_plus1,8000000000000000,"[1, 1.0, 63]",System.Numerics.BigInteger,u64max,ffffffffffffffff,"[1, 1.9999999999999999998915797827514, 63]",30,opaque:OPAQUE:30
P7_7_4_0_3,System.Numerics.BigInteger,p53_plus1,20000000000001,"[1, 1.0000000000000001110223024625157, 53]",System.Numerics.BigInteger,base_42,2a,"[1, 1.3125, 5]",323134343537313235313132383830,opaque:OPAQUE:323134343537313235313132383830
P7_7_4_1_3,System.Numerics.BigInteger,p53_plus1,20000000000001,"[1, 1.0000000000000001110223024625157, 53]",System.Numerics.BigInteger,base_zero,0,"[1, 0.0, 0]",,RAISE:DivideByZeroException
P7_7_4_2_3,System.Numerics.BigInteger,p53_plus1,20000000000001,"[1, 1.0000000000000001110223024625157, 53]",System.Numerics.BigInteger,i64max,7fffffffffffffff,"[1, 1.9999999999999999997831595655029, 62]",30,opaque:OPAQUE:30
P7_7_4_3_3,System.Numerics.BigInteger,p53_plus1,20000000000001,"[1, 1.0000000000000001110223024625157, 53]",System.Numerics.BigInteger,i64max_plus1,8000000000000000,"[1, 1.0, 63]",30,opaque:OPAQUE:30
P7_7_4_4_3,System.Numerics.BigInteger,p53_plus1,20000000000001,"[1, 1.0000000000000001110223024625157, 53]",System.Numerics.BigInteger,p53_plus1,20000000000001,"[1, 1.0000000000000001110223024625157, 53]",31,opaque:OPAQUE:31
P7_7_4_5_3,System.Numerics.BigInteger,p53_plus1,20000000000001,"[1, 1.0000000000000001110223024625157, 53]",System.Numerics.BigInteger,u64max,ffffffffffffffff,"[1, 1.9999999999999999998915797827514, 63]",30,opaque:OPAQUE:30
P7_7_5_0_3,System.Numerics.BigInteger,u64max,ffffffffffffffff,"[1, 1.9999999999999999998915797827514, 63]",System.Numerics.BigInteger,base_42,2a,"[1, 1.3125, 5]",343339323038313932323331313739383030,opaque:OPAQUE:343339323038313932323331313739383030
P7_7_5_1_3,System.Numerics.BigInteger,u64max,ffffffffffffffff,"[1, 1.9999999999999999998915797827514, 63]",System.Numerics.BigInteger,base_zero,0,"[1, 0.0, 0]",,RAISE:DivideByZeroException
P7_7_5_2_3,System.Numerics.BigInteger,u64max,ffffffffffffffff,"[1, 1.9999999999999999998915797827514, 63]",System.Numerics.BigInteger,i64max,7fffffffffffffff,"[1, 1.9999999999999999997831595655029, 62]",32,opaque:OPAQUE:32
P7_7_5_3_3,System.Numerics.BigInteger,u64max,ffffffffffffffff,"[1, 1.9999999999999999998915797827514, 63]",System.Numerics.BigInteger,i64max_plus1,8000000000000000,"[1, 1.0, 63]",31,opaque:OPAQUE:31
P7_7_5_4_3,System.Numerics.BigInteger,u64max,ffffffffffffffff,"[1, 1.9999999999999999998915797827514, 63]",System.Numerics.BigInteger,p53_plus1,20000000000001,"[1, 1.0000000000000001110223024625157, 53]",32303437,opaque:OPAQUE:32303437
P7_7_5_5_3,System.Numerics.BigInteger,u64max,ffffffffffffffff,"[1, 1.9999999999999999998915797827514, 63]",System.Numerics.BigInteger,u64max,ffffffffffffffff,"[1, 1.9999999999999999998915797827514, 63]",31,opaque:OPAQUE:31
P7_8_0_0_3,System.Numerics.BigInteger,base_42,2a,"[1, 1.3125, 5]",short,base_42,002a,"[1, 1.3125, 5]",31,opaque:OPAQUE:31
P7_8_0_1_3,System.Numerics.BigInteger,base_42,2a,"[1, 1.3125, 5]",short,base_zero,0000,"[1, 0.0, 0]",,RAISE:DivideByZeroException
P7_8_1_0_3,System.Numerics.BigInteger,base_zero,0,"[1, 0.0, 0]",short,base_42,002a,"[1, 1.3125, 5]",30,opaque:OPAQUE:30
P7_8_1_1_3,System.Numerics.BigInteger,base_zero,0,"[1, 0.0, 0]",short,base_zero,0000,"[1, 0.0, 0]",,RAISE:DivideByZeroException
P7_8_2_0_3,System.Numerics.BigInteger,i64max,7fffffffffffffff,"[1, 1.9999999999999999997831595655029, 62]",short,base_42,002a,"[1, 1.3125, 5]",323139363034303936313135353839393030,opaque:OPAQUE:323139363034303936313135353839393030
P7_8_2_1_3,System.Numerics.BigInteger,i64max,7fffffffffffffff,"[1, 1.9999999999999999997831595655029, 62]",short,base_zero,0000,"[1, 0.0, 0]",,RAISE:DivideByZeroException
P7_8_3_0_3,System.Numerics.BigInteger,i64max_plus1,8000000000000000,"[1, 1.0, 63]",short,base_42,002a,"[1, 1.3125, 5]",323139363034303936313135353839393030,opaque:OPAQUE:323139363034303936313135353839393030
P7_8_3_1_3,System.Numerics.BigInteger,i64max_plus1,8000000000000000,"[1, 1.0, 63]",short,base_zero,0000,"[1, 0.0, 0]",,RAISE:DivideByZeroException
P7_8_4_0_3,System.Numerics.BigInteger,p53_plus1,20000000000001,"[1, 1.0000000000000001110223024625157, 53]",short,base_42,002a,"[1, 1.3125, 5]",323134343537313235313132383830,opaque:OPAQUE:323134343537313235313132383830
P7_8_4_1_3,System.Numerics.BigInteger,p53_plus1,20000000000001,"[1, 1.0000000000000001110223024625157, 53]",short,base_zero,0000,"[1, 0.0, 0]",,RAISE:DivideByZeroException
P7_8_5_0_3,System.Numerics.BigInteger,u64max,ffffffffffffffff,"[1, 1.9999999999999999998915797827514, 63]",short,base_42,002a,"[1, 1.3125, 5]",343339323038313932323331313739383030,opaque:OPAQUE:343339323038313932323331313739383030
P7_8_5_1_3,System.Numerics.BigInteger,u64max,ffffffffffffffff,"[1, 1.9999999999999999998915797827514, 63]",short,base_zero,0000,"[1, 0.0, 0]",,RAISE:DivideByZeroException
P8_1_0_0_3,short,base_42,002a,"[1, 1.3125, 5]",Nullable<int>,null,null,null,NULL,null
P8_1_1_0_3,short,base_zero,0000,"[1, 0.0, 0]",Nullable<int>,null,null,null,NULL,null
P8_4_0_0_3,short,base_42,002a,"[1, 1.3125, 5]",int,base_42,0000002a,"[1, 1.3125, 5]",00000001,"[1, 1.0, 0]"
P8_4_0_1_3,short,base_42,002a,"[1, 1.3125, 5]",int,base_zero,00000000,"[1, 0.0, 0]",,RAISE:DivideByZeroException
P8_4_1_0_3,short,base_zero,0000,"[1, 0.0, 0]",int,base_42,0000002a,"[1, 1.3125, 5]",00000000,"[1, 0.0, 0]"
P8_4_1_1_3,short,base_zero,0000,"[1, 0.0, 0]",int,base_zero,00000000,"[1, 0.0, 0]",,RAISE:DivideByZeroException
P8_5_0_0_3,short,base_42,002a,"[1, 1.3125, 5]",long,base_42,000000000000002a,"[1, 1.3125, 5]",0000000000000001,"[1, 1.0, 0]"
P8_5_0_1_3,short,base_42,002a,"[1, 1.3125, 5]",long,base_zero,0000000000000000,"[1, 0.0, 0]",,RAISE:DivideByZeroException
P8_5_0_2_3,short,base_42,002a,"[1, 1.3125, 5]",long,i64max,7fffffffffffffff,"[1, 1.9999999999999999997831595655029, 62]",0000000000000000,"[1, 0.0, 0]"
P8_5_0_4_3,short,base_42,002a,"[1, 1.3125, 5]",long,p53_plus1,0020000000000001,"[1, 1.0000000000000001110223024625157, 53]",0000000000000000,"[1, 0.0, 0]"
P8_5_1_0_3,short,base_zero,0000,"[1, 0.0, 0]",long,base_42,000000000000002a,"[1, 1.3125, 5]",0000000000000000,"[1, 0.0, 0]"
P8_5_1_1_3,short,base_zero,0000,"[1, 0.0, 0]",long,base_zero,0000000000000000,"[1, 0.0, 0]",,RAISE:DivideByZeroException
P8_5_1_2_3,short,base_zero,0000,"[1, 0.0, 0]",long,i64max,7fffffffffffffff,"[1, 1.9999999999999999997831595655029, 62]",0000000000000000,"[1, 0.0, 0]"
P8_5_1_4_3,short,base_zero,0000,"[1, 0.0, 0]",long,p53_plus1,0020000000000001,"[1, 1.0000000000000001110223024625157, 53]",0000000000000000,"[1, 0.0, 0]"
P8_7_0_0_3,short,base_42,002a,"[1, 1.3125, 5]",System.Numerics.BigInteger,base_42,2a,"[1, 1.3125, 5]",31,opaque:OPAQUE:31
P8_7_0_1_3,short,base_42,002a,"[1, 1.3125, 5]",System.Numerics.BigInteger,base_zero,0,"[1, 0.0, 0]",,RAISE:DivideByZeroException
P8_7_0_2_3,short,base_42,002a,"[1, 1.3125, 5]",System.Numerics.BigInteger,i64max,7fffffffffffffff,"[1, 1.9999999999999999997831595655029, 62]",30,opaque:OPAQUE:30
P8_7_0_3_3,short,base_42,002a,"[1, 1.3125, 5]",System.Numerics.BigInteger,i64max_plus1,8000000000000000,"[1, 1.0, 63]",30,opaque:OPAQUE:30
P8_7_0_4_3,short,base_42,002a,"[1, 1.3125, 5]",System.Numerics.BigInteger,p53_plus1,20000000000001,"[1, 1.0000000000000001110223024625157, 53]",30,opaque:OPAQUE:30
P8_7_0_5_3,short,base_42,002a,"[1, 1.3125, 5]",System.Numerics.BigInteger,u64max,ffffffffffffffff,"[1, 1.9999999999999999998915797827514, 63]",30,opaque:OPAQUE:30
P8_7_1_0_3,short,base_zero,0000,"[1, 0.0, 0]",System.Numerics.BigInteger,base_42,2a,"[1, 1.3125, 5]",30,opaque:OPAQUE:30
P8_7_1_1_3,short,base_zero,0000,"[1, 0.0, 0]",System.Numerics.BigInteger,base_zero,0,"[1, 0.0, 0]",,RAISE:DivideByZeroException
P8_7_1_2_3,short,base_zero,0000,"[1, 0.0, 0]",System.Numerics.BigInteger,i64max,7fffffffffffffff,"[1, 1.9999999999999999997831595655029, 62]",30,opaque:OPAQUE:30
P8_7_1_3_3,short,base_zero,0000,"[1, 0.0, 0]",System.Numerics.BigInteger,i64max_plus1,8000000000000000,"[1, 1.0, 63]",30,opaque:OPAQUE:30
P8_7_1_4_3,short,base_zero,0000,"[1, 0.0, 0]",System.Numerics.BigInteger,p53_plus1,20000000000001,"[1, 1.0000000000000001110223024625157, 53]",30,opaque:OPAQUE:30
P8_7_1_5_3,short,base_zero,0000,"[1, 0.0, 0]",System.Numerics.BigInteger,u64max,ffffffffffffffff,"[1, 1.9999999999999999998915797827514, 63]",30,opaque:OPAQUE:30
P8_8_0_0_3,short,base_42,002a,"[1, 1.3125, 5]",short,base_42,002a,"[1, 1.3125, 5]",00000001,"[1, 1.0, 0]"
P8_8_0_1_3,short,base_42,002a,"[1, 1.3125, 5]",short,base_zero,0000,"[1, 0.0, 0]",,RAISE:DivideByZeroException
P8_8_1_0_3,short,base_zero,0000,"[1, 0.0, 0]",short,base_42,002a,"[1, 1.3125, 5]",00000000,"[1, 0.0, 0]"
P8_8_1_1_3,short,base_zero,0000,"[1, 0.0, 0]",short,base_zero,0000,"[1, 0.0, 0]",,RAISE:DivideByZeroException
P8_9_0_0_3,short,base_42,002a,"[1, 1.3125, 5]",double,base_1_5,3ff8000000000000,"[1, 1.5, 0]",403c000000000000,"[1, 1.75, 4]"
P8_9_0_1_3,short,base_42,002a,"[1, 1.3125, 5]",double,base_pi,400921fb54442d18,"[1, 1.5707963267948965579989817342721, 1]",402abcef9018d72c,"[1, 1.6711269024649011427641198679339, 3]"
P8_9_0_2_3,short,base_42,002a,"[1, 1.3125, 5]",double,inf,7ff0000000000000,"[1, inf]",0000000000000000,"[1, 0.0, 0]"
P8_9_0_3_3,short,base_42,002a,"[1, 1.3125, 5]",double,nan,7ff8000000000000,nan,fff8000000000000,nan
P8_9_0_4_3,short,base_42,002a,"[1, 1.3125, 5]",double,negzero,8000000000000000,"[-1, 0.0, 0]",fff0000000000000,"[-1, inf]"
P8_9_0_5_3,short,base_42,002a,"[1, 1.3125, 5]",double,point1,3fb999999999999a,"[1, 1.6000000000000000888178419700125, -4]",407a400000000000,"[1, 1.640625, 8]"
P8_9_1_0_3,short,base_zero,0000,"[1, 0.0, 0]",double,base_1_5,3ff8000000000000,"[1, 1.5, 0]",0000000000000000,"[1, 0.0, 0]"
P8_9_1_1_3,short,base_zero,0000,"[1, 0.0, 0]",double,base_pi,400921fb54442d18,"[1, 1.5707963267948965579989817342721, 1]",0000000000000000,"[1, 0.0, 0]"
P8_9_1_2_3,short,base_zero,0000,"[1, 0.0, 0]",double,inf,7ff0000000000000,"[1, inf]",0000000000000000,"[1, 0.0, 0]"
P8_9_1_3_3,short,base_zero,0000,"[1, 0.0, 0]",double,nan,7ff8000000000000,nan,fff8000000000000,nan
P8_9_1_4_3,short,base_zero,0000,"[1, 0.0, 0]",double,negzero,8000000000000000,"[-1, 0.0, 0]",fff8000000000000,nan
P8_9_1_5_3,short,base_zero,0000,"[1, 0.0, 0]",double,point1,3fb999999999999a,"[1, 1.6000000000000000888178419700125, -4]",0000000000000000,"[1, 0.0, 0]"
P8_10_0_0_3,short,base_42,002a,"[1, 1.3125, 5]",float,base_1_5,3fc00000,"[1, 1.5, 0]",41e00000,"[1, 1.75, 4]"
P8_10_0_1_3,short,base_42,002a,"[1, 1.3125, 5]",float,base_pi,40490fdb,"[1, 1.57079637050628662109375, 1]",4155e77c,"[1, 1.671126842498779296875, 3]"
P8_10_0_2_3,short,base_42,002a,"[1, 1.3125, 5]",float,inf,7f800000,"[1, inf]",00000000,"[1, 0.0, 0]"
P8_10_0_3_3,short,base_42,002a,"[1, 1.3125, 5]",float,nan,7fc00000,nan,ffc00000,nan
P8_10_0_4_3,short,base_42,002a,"[1, 1.3125, 5]",float,negzero,80000000,"[-1, 0.0, 0]",ff800000,"[-1, inf]"
P8_10_0_5_3,short,base_42,002a,"[1, 1.3125, 5]",float,point1,3dcccccd,"[1, 1.60000002384185791015625, -4]",43d20000,"[1, 1.640625, 8]"
P8_10_1_0_3,short,base_zero,0000,"[1, 0.0, 0]",float,base_1_5,3fc00000,"[1, 1.5, 0]",00000000,"[1, 0.0, 0]"
P8_10_1_1_3,short,base_zero,0000,"[1, 0.0, 0]",float,base_pi,40490fdb,"[1, 1.57079637050628662109375, 1]",00000000,"[1, 0.0, 0]"
P8_10_1_2_3,short,base_zero,0000,"[1, 0.0, 0]",float,inf,7f800000,"[1, inf]",00000000,"[1, 0.0, 0]"
P8_10_1_3_3,short,base_zero,0000,"[1, 0.0, 0]",float,nan,7fc00000,nan,ffc00000,nan
P8_10_1_4_3,short,base_zero,0000,"[1, 0.0, 0]",float,negzero,80000000,"[-1, 0.0, 0]",ffc00000,nan
P8_10_1_5_3,short,base_zero,0000,"[1, 0.0, 0]",float,point1,3dcccccd,"[1, 1.60000002384185791015625, -4]",00000000,"[1, 0.0, 0]"
P8_11_0_0_3,short,base_42,002a,"[1, 1.3125, 5]",decimal,base_1_5,1.5,"[1, 1.5, 0]",0000001c000000000000000000000000,opaque:DEC128:0000001c000000000000000000000000
P8_11_0_1_3,short,base_42,002a,"[1, 1.3125, 5]",decimal,base_pi,3.141592653589793,"[1, 1.5707963267948965, 1]",416a5625b9deda160451dbe8001a0000,opaque:DEC128:416a5625b9deda160451dbe8001a0000
P8_11_0_4_3,short,base_42,002a,"[1, 1.3125, 5]",decimal,negzero,negzero,"[-1, 0.0, 0]",,RAISE:DivideByZeroException
P8_11_0_5_3,short,base_42,002a,"[1, 1.3125, 5]",decimal,point1,0.1,"[1, 1.6, -4]",000001a4000000000000000000000000,opaque:DEC128:000001a4000000000000000000000000
P8_11_1_0_3,short,base_zero,0000,"[1, 0.0, 0]",decimal,base_1_5,1.5,"[1, 1.5, 0]",00000000000000000000000000000000,opaque:DEC128:00000000000000000000000000000000
P8_11_1_1_3,short,base_zero,0000,"[1, 0.0, 0]",decimal,base_pi,3.141592653589793,"[1, 1.5707963267948965, 1]",00000000000000000000000000000000,opaque:DEC128:00000000000000000000000000000000
P8_11_1_4_3,short,base_zero,0000,"[1, 0.0, 0]",decimal,negzero,negzero,"[-1, 0.0, 0]",,RAISE:DivideByZeroException
P8_11_1_5_3,short,base_zero,0000,"[1, 0.0, 0]",decimal,point1,0.1,"[1, 1.6, -4]",00000000000000000000000000000000,opaque:DEC128:00000000000000000000000000000000
P9_1_0_0_3,double,base_1_5,3ff8000000000000,"[1, 1.5, 0]",Nullable<int>,null,null,null,NULL,null
P9_1_1_0_3,double,base_pi,400921fb54442d18,"[1, 1.5707963267948965579989817342721, 1]",Nullable<int>,null,null,null,NULL,null
P9_1_2_0_3,double,inf,7ff0000000000000,"[1, inf]",Nullable<int>,null,null,null,NULL,null
P9_1_3_0_3,double,nan,7ff8000000000000,nan,Nullable<int>,null,null,null,NULL,null
P9_1_4_0_3,double,negzero,8000000000000000,"[-1, 0.0, 0]",Nullable<int>,null,null,null,NULL,null
P9_1_5_0_3,double,point1,3fb999999999999a,"[1, 1.6000000000000000888178419700125, -4]",Nullable<int>,null,null,null,NULL,null
P9_4_0_0_3,double,base_1_5,3ff8000000000000,"[1, 1.5, 0]",int,base_42,0000002a,"[1, 1.3125, 5]",3fa2492492492492,"[1, 1.1428571428571427937015414499911, -5]"
P9_4_0_1_3,double,base_1_5,3ff8000000000000,"[1, 1.5, 0]",int,base_zero,00000000,"[1, 0.0, 0]",7ff0000000000000,"[1, inf]"
P9_4_1_0_3,double,base_pi,400921fb54442d18,"[1, 1.5707963267948965579989817342721, 1]",int,base_42,0000002a,"[1, 1.3125, 5]",3fb32614d27d162b,"[1, 1.1967972013675403086807591535035, -4]"
P9_4_1_1_3,double,base_pi,400921fb54442d18,"[1, 1.5707963267948965579989817342721, 1]",int,base_zero,00000000,"[1, 0.0, 0]",7ff0000000000000,"[1, inf]"
P9_4_2_0_3,double,inf,7ff0000000000000,"[1, inf]",int,base_42,0000002a,"[1, 1.3125, 5]",7ff0000000000000,"[1, inf]"
P9_4_2_1_3,double,inf,7ff0000000000000,"[1, inf]",int,base_zero,00000000,"[1, 0.0, 0]",7ff0000000000000,"[1, inf]"
P9_4_3_0_3,double,nan,7ff8000000000000,nan,int,base_42,0000002a,"[1, 1.3125, 5]",fff8000000000000,nan
P9_4_3_1_3,double,nan,7ff8000000000000,nan,int,base_zero,00000000,"[1, 0.0, 0]",fff8000000000000,nan
P9_4_4_0_3,double,negzero,8000000000000000,"[-1, 0.0, 0]",int,base_42,0000002a,"[1, 1.3125, 5]",8000000000000000,"[-1, 0.0, 0]"
P9_4_4_1_3,double,negzero,8000000000000000,"[-1, 0.0, 0]",int,base_zero,00000000,"[1, 0.0, 0]",fff8000000000000,nan
P9_4_5_0_3,double,point1,3fb999999999999a,"[1, 1.6000000000000000888178419700125, -4]",int,base_42,0000002a,"[1, 1.3125, 5]",3f63813813813814,"[1, 1.2190476190476191575839948200155, -9]"
P9_4_5_1_3,double,point1,3fb999999999999a,"[1, 1.6000000000000000888178419700125, -4]",int,base_zero,00000000,"[1, 0.0, 0]",7ff0000000000000,"[1, inf]"
P9_5_0_0_3,double,base_1_5,3ff8000000000000,"[1, 1.5, 0]",long,base_42,000000000000002a,"[1, 1.3125, 5]",3fa2492492492492,"[1, 1.1428571428571427937015414499911, -5]"
P9_5_0_1_3,double,base_1_5,3ff8000000000000,"[1, 1.5, 0]",long,base_zero,0000000000000000,"[1, 0.0, 0]",7ff0000000000000,"[1, inf]"
P9_5_0_2_3,double,base_1_5,3ff8000000000000,"[1, 1.5, 0]",long,i64max,7fffffffffffffff,"[1, 1.9999999999999999997831595655029, 62]",3c08000000000000,"[1, 1.5, -63]"
P9_5_0_4_3,double,base_1_5,3ff8000000000000,"[1, 1.5, 0]",long,p53_plus1,0020000000000001,"[1, 1.0000000000000001110223024625157, 53]",3ca8000000000000,"[1, 1.5, -53]"
P9_5_1_0_3,double,base_pi,400921fb54442d18,"[1, 1.5707963267948965579989817342721, 1]",long,base_42,000000000000002a,"[1, 1.3125, 5]",3fb32614d27d162b,"[1, 1.1967972013675403086807591535035, -4]"
P9_5_1_1_3,double,base_pi,400921fb54442d18,"[1, 1.5707963267948965579989817342721, 1]",long,base_zero,0000000000000000,"[1, 0.0, 0]",7ff0000000000000,"[1, inf]"
P9_5_1_2_3,double,base_pi,400921fb54442d18,"[1, 1.5707963267948965579989817342721, 1]",long,i64max,7fffffffffffffff,"[1, 1.9999999999999999997831595655029, 62]",3c1921fb54442d18,"[1, 1.5707963267948965579989817342721, -62]"
P9_5_1_4_3,double,base_pi,400921fb54442d18,"[1, 1.5707963267948965579989817342721, 1]",long,p53_plus1,0020000000000001,"[1, 1.0000000000000001110223024625157, 53]",3cb921fb54442d18,"[1, 1.5707963267948965579989817342721, -52]"
P9_5_2_0_3,double,inf,7ff0000000000000,"[1, inf]",long,base_42,000000000000002a,"[1, 1.3125, 5]",7ff0000000000000,"[1, inf]"
P9_5_2_1_3,double,inf,7ff0000000000000,"[1, inf]",long,base_zero,0000000000000000,"[1, 0.0, 0]",7ff0000000000000,"[1, inf]"
P9_5_2_2_3,double,inf,7ff0000000000000,"[1, inf]",long,i64max,7fffffffffffffff,"[1, 1.9999999999999999997831595655029, 62]",7ff0000000000000,"[1, inf]"
P9_5_2_4_3,double,inf,7ff0000000000000,"[1, inf]",long,p53_plus1,0020000000000001,"[1, 1.0000000000000001110223024625157, 53]",7ff0000000000000,"[1, inf]"
P9_5_3_0_3,double,nan,7ff8000000000000,nan,long,base_42,000000000000002a,"[1, 1.3125, 5]",fff8000000000000,nan
P9_5_3_1_3,double,nan,7ff8000000000000,nan,long,base_zero,0000000000000000,"[1, 0.0, 0]",fff8000000000000,nan
P9_5_3_2_3,double,nan,7ff8000000000000,nan,long,i64max,7fffffffffffffff,"[1, 1.9999999999999999997831595655029, 62]",fff8000000000000,nan
P9_5_3_4_3,double,nan,7ff8000000000000,nan,long,p53_plus1,0020000000000001,"[1, 1.0000000000000001110223024625157, 53]",fff8000000000000,nan
P9_5_4_0_3,double,negzero,8000000000000000,"[-1, 0.0, 0]",long,base_42,000000000000002a,"[1, 1.3125, 5]",8000000000000000,"[-1, 0.0, 0]"
P9_5_4_1_3,double,negzero,8000000000000000,"[-1, 0.0, 0]",long,base_zero,0000000000000000,"[1, 0.0, 0]",fff8000000000000,nan
P9_5_4_2_3,double,negzero,8000000000000000,"[-1, 0.0, 0]",long,i64max,7fffffffffffffff,"[1, 1.9999999999999999997831595655029, 62]",8000000000000000,"[-1, 0.0, 0]"
P9_5_4_4_3,double,negzero,8000000000000000,"[-1, 0.0, 0]",long,p53_plus1,0020000000000001,"[1, 1.0000000000000001110223024625157, 53]",8000000000000000,"[-1, 0.0, 0]"
P9_5_5_0_3,double,point1,3fb999999999999a,"[1, 1.6000000000000000888178419700125, -4]",long,base_42,000000000000002a,"[1, 1.3125, 5]",3f63813813813814,"[1, 1.2190476190476191575839948200155, -9]"
P9_5_5_1_3,double,point1,3fb999999999999a,"[1, 1.6000000000000000888178419700125, -4]",long,base_zero,0000000000000000,"[1, 0.0, 0]",7ff0000000000000,"[1, inf]"
P9_5_5_2_3,double,point1,3fb999999999999a,"[1, 1.6000000000000000888178419700125, -4]",long,i64max,7fffffffffffffff,"[1, 1.9999999999999999997831595655029, 62]",3bc999999999999a,"[1, 1.6000000000000000888178419700125, -67]"
P9_5_5_4_3,double,point1,3fb999999999999a,"[1, 1.6000000000000000888178419700125, -4]",long,p53_plus1,0020000000000001,"[1, 1.0000000000000001110223024625157, 53]",3c6999999999999a,"[1, 1.6000000000000000888178419700125, -57]"
P9_6_0_0_3,double,base_1_5,3ff8000000000000,"[1, 1.5, 0]",ulong,base_42,000000000000002a,"[1, 1.3125, 5]",3fa2492492492492,"[1, 1.1428571428571427937015414499911, -5]"
P9_6_0_1_3,double,base_1_5,3ff8000000000000,"[1, 1.5, 0]",ulong,base_zero,0000000000000000,"[1, 0.0, 0]",7ff0000000000000,"[1, inf]"
P9_6_0_2_3,double,base_1_5,3ff8000000000000,"[1, 1.5, 0]",ulong,i64max,7fffffffffffffff,"[1, 1.9999999999999999997831595655029, 62]",3c08000000000000,"[1, 1.5, -63]"
P9_6_0_3_3,double,base_1_5,3ff8000000000000,"[1, 1.5, 0]",ulong,i64max_plus1,8000000000000000,"[1, 1.0, 63]",3c08000000000000,"[1, 1.5, -63]"
P9_6_0_4_3,double,base_1_5,3ff8000000000000,"[1, 1.5, 0]",ulong,p53_plus1,0020000000000001,"[1, 1.0000000000000001110223024625157, 53]",3ca8000000000000,"[1, 1.5, -53]"
P9_6_0_5_3,double,base_1_5,3ff8000000000000,"[1, 1.5, 0]",ulong,u64max,ffffffffffffffff,"[1, 1.9999999999999999998915797827514, 63]",3bf8000000000000,"[1, 1.5, -64]"
P9_6_1_0_3,double,base_pi,400921fb54442d18,"[1, 1.5707963267948965579989817342721, 1]",ulong,base_42,000000000000002a,"[1, 1.3125, 5]",3fb32614d27d162b,"[1, 1.1967972013675403086807591535035, -4]"
P9_6_1_1_3,double,base_pi,400921fb54442d18,"[1, 1.5707963267948965579989817342721, 1]",ulong,base_zero,0000000000000000,"[1, 0.0, 0]",7ff0000000000000,"[1, inf]"
P9_6_1_2_3,double,base_pi,400921fb54442d18,"[1, 1.5707963267948965579989817342721, 1]",ulong,i64max,7fffffffffffffff,"[1, 1.9999999999999999997831595655029, 62]",3c1921fb54442d18,"[1, 1.5707963267948965579989817342721, -62]"
P9_6_1_3_3,double,base_pi,400921fb54442d18,"[1, 1.5707963267948965579989817342721, 1]",ulong,i64max_plus1,8000000000000000,"[1, 1.0, 63]",3c1921fb54442d18,"[1, 1.5707963267948965579989817342721, -62]"
P9_6_1_4_3,double,base_pi,400921fb54442d18,"[1, 1.5707963267948965579989817342721, 1]",ulong,p53_plus1,0020000000000001,"[1, 1.0000000000000001110223024625157, 53]",3cb921fb54442d18,"[1, 1.5707963267948965579989817342721, -52]"
P9_6_1_5_3,double,base_pi,400921fb54442d18,"[1, 1.5707963267948965579989817342721, 1]",ulong,u64max,ffffffffffffffff,"[1, 1.9999999999999999998915797827514, 63]",3c0921fb54442d18,"[1, 1.5707963267948965579989817342721, -63]"
P9_6_2_0_3,double,inf,7ff0000000000000,"[1, inf]",ulong,base_42,000000000000002a,"[1, 1.3125, 5]",7ff0000000000000,"[1, inf]"
P9_6_2_1_3,double,inf,7ff0000000000000,"[1, inf]",ulong,base_zero,0000000000000000,"[1, 0.0, 0]",7ff0000000000000,"[1, inf]"
P9_6_2_2_3,double,inf,7ff0000000000000,"[1, inf]",ulong,i64max,7fffffffffffffff,"[1, 1.9999999999999999997831595655029, 62]",7ff0000000000000,"[1, inf]"
P9_6_2_3_3,double,inf,7ff0000000000000,"[1, inf]",ulong,i64max_plus1,8000000000000000,"[1, 1.0, 63]",7ff0000000000000,"[1, inf]"
P9_6_2_4_3,double,inf,7ff0000000000000,"[1, inf]",ulong,p53_plus1,0020000000000001,"[1, 1.0000000000000001110223024625157, 53]",7ff0000000000000,"[1, inf]"
P9_6_2_5_3,double,inf,7ff0000000000000,"[1, inf]",ulong,u64max,ffffffffffffffff,"[1, 1.9999999999999999998915797827514, 63]",7ff0000000000000,"[1, inf]"
P9_6_3_0_3,double,nan,7ff8000000000000,nan,ulong,base_42,000000000000002a,"[1, 1.3125, 5]",fff8000000000000,nan
P9_6_3_1_3,double,nan,7ff8000000000000,nan,ulong,base_zero,0000000000000000,"[1, 0.0, 0]",fff8000000000000,nan
P9_6_3_2_3,double,nan,7ff8000000000000,nan,ulong,i64max,7fffffffffffffff,"[1, 1.9999999999999999997831595655029, 62]",fff8000000000000,nan
P9_6_3_3_3,double,nan,7ff8000000000000,nan,ulong,i64max_plus1,8000000000000000,"[1, 1.0, 63]",fff8000000000000,nan
P9_6_3_4_3,double,nan,7ff8000000000000,nan,ulong,p53_plus1,0020000000000001,"[1, 1.0000000000000001110223024625157, 53]",fff8000000000000,nan
P9_6_3_5_3,double,nan,7ff8000000000000,nan,ulong,u64max,ffffffffffffffff,"[1, 1.9999999999999999998915797827514, 63]",fff8000000000000,nan
P9_6_4_0_3,double,negzero,8000000000000000,"[-1, 0.0, 0]",ulong,base_42,000000000000002a,"[1, 1.3125, 5]",8000000000000000,"[-1, 0.0, 0]"
P9_6_4_1_3,double,negzero,8000000000000000,"[-1, 0.0, 0]",ulong,base_zero,0000000000000000,"[1, 0.0, 0]",fff8000000000000,nan
P9_6_4_2_3,double,negzero,8000000000000000,"[-1, 0.0, 0]",ulong,i64max,7fffffffffffffff,"[1, 1.9999999999999999997831595655029, 62]",8000000000000000,"[-1, 0.0, 0]"
P9_6_4_3_3,double,negzero,8000000000000000,"[-1, 0.0, 0]",ulong,i64max_plus1,8000000000000000,"[1, 1.0, 63]",8000000000000000,"[-1, 0.0, 0]"
P9_6_4_4_3,double,negzero,8000000000000000,"[-1, 0.0, 0]",ulong,p53_plus1,0020000000000001,"[1, 1.0000000000000001110223024625157, 53]",8000000000000000,"[-1, 0.0, 0]"
P9_6_4_5_3,double,negzero,8000000000000000,"[-1, 0.0, 0]",ulong,u64max,ffffffffffffffff,"[1, 1.9999999999999999998915797827514, 63]",8000000000000000,"[-1, 0.0, 0]"
P9_6_5_0_3,double,point1,3fb999999999999a,"[1, 1.6000000000000000888178419700125, -4]",ulong,base_42,000000000000002a,"[1, 1.3125, 5]",3f63813813813814,"[1, 1.2190476190476191575839948200155, -9]"
P9_6_5_1_3,double,point1,3fb999999999999a,"[1, 1.6000000000000000888178419700125, -4]",ulong,base_zero,0000000000000000,"[1, 0.0, 0]",7ff0000000000000,"[1, inf]"
P9_6_5_2_3,double,point1,3fb999999999999a,"[1, 1.6000000000000000888178419700125, -4]",ulong,i64max,7fffffffffffffff,"[1, 1.9999999999999999997831595655029, 62]",3bc999999999999a,"[1, 1.6000000000000000888178419700125, -67]"
P9_6_5_3_3,double,point1,3fb999999999999a,"[1, 1.6000000000000000888178419700125, -4]",ulong,i64max_plus1,8000000000000000,"[1, 1.0, 63]",3bc999999999999a,"[1, 1.6000000000000000888178419700125, -67]"
P9_6_5_4_3,double,point1,3fb999999999999a,"[1, 1.6000000000000000888178419700125, -4]",ulong,p53_plus1,0020000000000001,"[1, 1.0000000000000001110223024625157, 53]",3c6999999999999a,"[1, 1.6000000000000000888178419700125, -57]"
P9_6_5_5_3,double,point1,3fb999999999999a,"[1, 1.6000000000000000888178419700125, -4]",ulong,u64max,ffffffffffffffff,"[1, 1.9999999999999999998915797827514, 63]",3bb999999999999a,"[1, 1.6000000000000000888178419700125, -68]"
P9_8_0_0_3,double,base_1_5,3ff8000000000000,"[1, 1.5, 0]",short,base_42,002a,"[1, 1.3125, 5]",3fa2492492492492,"[1, 1.1428571428571427937015414499911, -5]"
P9_8_0_1_3,double,base_1_5,3ff8000000000000,"[1, 1.5, 0]",short,base_zero,0000,"[1, 0.0, 0]",7ff0000000000000,"[1, inf]"
P9_8_1_0_3,double,base_pi,400921fb54442d18,"[1, 1.5707963267948965579989817342721, 1]",short,base_42,002a,"[1, 1.3125, 5]",3fb32614d27d162b,"[1, 1.1967972013675403086807591535035, -4]"
P9_8_1_1_3,double,base_pi,400921fb54442d18,"[1, 1.5707963267948965579989817342721, 1]",short,base_zero,0000,"[1, 0.0, 0]",7ff0000000000000,"[1, inf]"
P9_8_2_0_3,double,inf,7ff0000000000000,"[1, inf]",short,base_42,002a,"[1, 1.3125, 5]",7ff0000000000000,"[1, inf]"
P9_8_2_1_3,double,inf,7ff0000000000000,"[1, inf]",short,base_zero,0000,"[1, 0.0, 0]",7ff0000000000000,"[1, inf]"
P9_8_3_0_3,double,nan,7ff8000000000000,nan,short,base_42,002a,"[1, 1.3125, 5]",fff8000000000000,nan
P9_8_3_1_3,double,nan,7ff8000000000000,nan,short,base_zero,0000,"[1, 0.0, 0]",fff8000000000000,nan
P9_8_4_0_3,double,negzero,8000000000000000,"[-1, 0.0, 0]",short,base_42,002a,"[1, 1.3125, 5]",8000000000000000,"[-1, 0.0, 0]"
P9_8_4_1_3,double,negzero,8000000000000000,"[-1, 0.0, 0]",short,base_zero,0000,"[1, 0.0, 0]",fff8000000000000,nan
P9_8_5_0_3,double,point1,3fb999999999999a,"[1, 1.6000000000000000888178419700125, -4]",short,base_42,002a,"[1, 1.3125, 5]",3f63813813813814,"[1, 1.2190476190476191575839948200155, -9]"
P9_8_5_1_3,double,point1,3fb999999999999a,"[1, 1.6000000000000000888178419700125, -4]",short,base_zero,0000,"[1, 0.0, 0]",7ff0000000000000,"[1, inf]"
P9_9_0_0_3,double,base_1_5,3ff8000000000000,"[1, 1.5, 0]",double,base_1_5,3ff8000000000000,"[1, 1.5, 0]",3ff0000000000000,"[1, 1.0, 0]"
P9_9_0_1_3,double,base_1_5,3ff8000000000000,"[1, 1.5, 0]",double,base_pi,400921fb54442d18,"[1, 1.5707963267948965579989817342721, 1]",3fde8ec8a4aeacc4,"[1, 1.9098593171027440362763627490494, -2]"
P9_9_0_2_3,double,base_1_5,3ff8000000000000,"[1, 1.5, 0]",double,inf,7ff0000000000000,"[1, inf]",0000000000000000,"[1, 0.0, 0]"
P9_9_0_3_3,double,base_1_5,3ff8000000000000,"[1, 1.5, 0]",double,nan,7ff8000000000000,nan,fff8000000000000,nan
P9_9_0_4_3,double,base_1_5,3ff8000000000000,"[1, 1.5, 0]",double,negzero,8000000000000000,"[-1, 0.0, 0]",fff0000000000000,"[-1, inf]"
P9_9_0_5_3,double,base_1_5,3ff8000000000000,"[1, 1.5, 0]",double,point1,3fb999999999999a,"[1, 1.6000000000000000888178419700125, -4]",402e000000000000,"[1, 1.875, 3]"
P9_9_1_0_3,double,base_pi,400921fb54442d18,"[1, 1.5707963267948965579989817342721, 1]",double,base_1_5,3ff8000000000000,"[1, 1.5, 0]",4000c152382d7365,"[1, 1.047197551196597631317786181171, 1]"
P9_9_1_1_3,double,base_pi,400921fb54442d18,"[1, 1.5707963267948965579989817342721, 1]",double,base_pi,400921fb54442d18,"[1, 1.5707963267948965579989817342721, 1]",3ff0000000000000,"[1, 1.0, 0]"
P9_9_1_2_3,double,base_pi,400921fb54442d18,"[1, 1.5707963267948965579989817342721, 1]",double,inf,7ff0000000000000,"[1, inf]",0000000000000000,"[1, 0.0, 0]"
P9_9_1_3_3,double,base_pi,400921fb54442d18,"[1, 1.5707963267948965579989817342721, 1]",double,nan,7ff8000000000000,nan,fff8000000000000,nan
P9_9_1_4_3,double,base_pi,400921fb54442d18,"[1, 1.5707963267948965579989817342721, 1]",double,negzero,8000000000000000,"[-1, 0.0, 0]",fff0000000000000,"[-1, inf]"
P9_9_1_5_3,double,base_pi,400921fb54442d18,"[1, 1.5707963267948965579989817342721, 1]",double,point1,3fb999999999999a,"[1, 1.6000000000000000888178419700125, -4]",403f6a7a2955385e,"[1, 1.9634954084936206974987271678401, 4]"
P9_9_2_0_3,double,inf,7ff0000000000000,"[1, inf]",double,base_1_5,3ff8000000000000,"[1, 1.5, 0]",7ff0000000000000,"[1, inf]"
P9_9_2_1_3,double,inf,7ff0000000000000,"[1, inf]",double,base_pi,400921fb54442d18,"[1, 1.5707963267948965579989817342721, 1]",7ff0000000000000,"[1, inf]"
P9_9_2_2_3,double,inf,7ff0000000000000,"[1, inf]",double,inf,7ff0000000000000,"[1, inf]",fff8000000000000,nan
P9_9_2_3_3,double,inf,7ff0000000000000,"[1, inf]",double,nan,7ff8000000000000,nan,fff8000000000000,nan
P9_9_2_4_3,double,inf,7ff0000000000000,"[1, inf]",double,negzero,8000000000000000,"[-1, 0.0, 0]",fff0000000000000,"[-1, inf]"
P9_9_2_5_3,double,inf,7ff0000000000000,"[1, inf]",double,point1,3fb999999999999a,"[1, 1.6000000000000000888178419700125, -4]",7ff0000000000000,"[1, inf]"
P9_9_3_0_3,double,nan,7ff8000000000000,nan,double,base_1_5,3ff8000000000000,"[1, 1.5, 0]",fff8000000000000,nan
P9_9_3_1_3,double,nan,7ff8000000000000,nan,double,base_pi,400921fb54442d18,"[1, 1.5707963267948965579989817342721, 1]",fff8000000000000,nan
P9_9_3_2_3,double,nan,7ff8000000000000,nan,double,inf,7ff0000000000000,"[1, inf]",fff8000000000000,nan
P9_9_3_3_3,double,nan,7ff8000000000000,nan,double,nan,7ff8000000000000,nan,fff8000000000000,nan
P9_9_3_4_3,double,nan,7ff8000000000000,nan,double,negzero,8000000000000000,"[-1, 0.0, 0]",fff8000000000000,nan
P9_9_3_5_3,double,nan,7ff8000000000000,nan,double,point1,3fb999999999999a,"[1, 1.6000000000000000888178419700125, -4]",fff8000000000000,nan
P9_9_4_0_3,double,negzero,8000000000000000,"[-1, 0.0, 0]",double,base_1_5,3ff8000000000000,"[1, 1.5, 0]",8000000000000000,"[-1, 0.0, 0]"
P9_9_4_1_3,double,negzero,8000000000000000,"[-1, 0.0, 0]",double,base_pi,400921fb54442d18,"[1, 1.5707963267948965579989817342721, 1]",8000000000000000,"[-1, 0.0, 0]"
P9_9_4_2_3,double,negzero,8000000000000000,"[-1, 0.0, 0]",double,inf,7ff0000000000000,"[1, inf]",8000000000000000,"[-1, 0.0, 0]"
P9_9_4_3_3,double,negzero,8000000000000000,"[-1, 0.0, 0]",double,nan,7ff8000000000000,nan,fff8000000000000,nan
P9_9_4_4_3,double,negzero,8000000000000000,"[-1, 0.0, 0]",double,negzero,8000000000000000,"[-1, 0.0, 0]",fff8000000000000,nan
P9_9_4_5_3,double,negzero,8000000000000000,"[-1, 0.0, 0]",double,point1,3fb999999999999a,"[1, 1.6000000000000000888178419700125, -4]",8000000000000000,"[-1, 0.0, 0]"
P9_9_5_0_3,double,point1,3fb999999999999a,"[1, 1.6000000000000000888178419700125, -4]",double,base_1_5,3ff8000000000000,"[1, 1.5, 0]",3fb1111111111111,"[1, 1.0666666666666666518636930049979, -4]"
P9_9_5_1_3,double,point1,3fb999999999999a,"[1, 1.6000000000000000888178419700125, -4]",double,base_pi,400921fb54442d18,"[1, 1.5707963267948965579989817342721, 1]",3fa04c26be3b06cf,"[1, 1.0185916357881301674837004611618, -5]"
P9_9_5_2_3,double,point1,3fb999999999999a,"[1, 1.6000000000000000888178419700125, -4]",double,inf,7ff0000000000000,"[1, inf]",0000000000000000,"[1, 0.0, 0]"
P9_9_5_3_3,double,point1,3fb999999999999a,"[1, 1.6000000000000000888178419700125, -4]",double,nan,7ff8000000000000,nan,fff8000000000000,nan
P9_9_5_4_3,double,point1,3fb999999999999a,"[1, 1.6000000000000000888178419700125, -4]",double,negzero,8000000000000000,"[-1, 0.0, 0]",fff0000000000000,"[-1, inf]"
P9_9_5_5_3,double,point1,3fb999999999999a,"[1, 1.6000000000000000888178419700125, -4]",double,point1,3fb999999999999a,"[1, 1.6000000000000000888178419700125, -4]",3ff0000000000000,"[1, 1.0, 0]"
P9_10_0_0_3,double,base_1_5,3ff8000000000000,"[1, 1.5, 0]",float,base_1_5,3fc00000,"[1, 1.5, 0]",3ff0000000000000,"[1, 1.0, 0]"
P9_10_0_1_3,double,base_1_5,3ff8000000000000,"[1, 1.5, 0]",float,base_pi,40490fdb,"[1, 1.57079637050628662109375, 1]",3fde8ec8966a768f,"[1, 1.9098592639560683092980752917356, -2]"
P9_10_0_2_3,double,base_1_5,3ff8000000000000,"[1, 1.5, 0]",float,inf,7f800000,"[1, inf]",0000000000000000,"[1, 0.0, 0]"
P9_10_0_3_3,double,base_1_5,3ff8000000000000,"[1, 1.5, 0]",float,nan,7fc00000,nan,fff8000000000000,nan
P9_10_0_4_3,double,base_1_5,3ff8000000000000,"[1, 1.5, 0]",float,negzero,80000000,"[-1, 0.0, 0]",fff0000000000000,"[-1, inf]"
P9_10_0_5_3,double,base_1_5,3ff8000000000000,"[1, 1.5, 0]",float,point1,3dcccccd,"[1, 1.60000002384185791015625, -4]",402dfffff8800002,"[1, 1.8749999720603232056248543813126, 3]"
P9_10_1_0_3,double,base_pi,400921fb54442d18,"[1, 1.5707963267948965579989817342721, 1]",float,base_1_5,3fc00000,"[1, 1.5, 0]",4000c152382d7365,"[1, 1.047197551196597631317786181171, 1]"
P9_10_1_1_3,double,base_pi,400921fb54442d18,"[1, 1.5707963267948965579989817342721, 1]",float,base_pi,40490fdb,"[1, 1.57079637050628662109375, 1]",3feffffff10f69ad,"[1, 1.9999999443449312241938287115772, -1]"
P9_10_1_2_3,double,base_pi,400921fb54442d18,"[1, 1.5707963267948965579989817342721, 1]",float,inf,7f800000,"[1, inf]",0000000000000000,"[1, 0.0, 0]"
P9_10_1_3_3,double,base_pi,400921fb54442d18,"[1, 1.5707963267948965579989817342721, 1]",float,nan,7fc00000,nan,fff8000000000000,nan
P9_10_1_4_3,double,base_pi,400921fb54442d18,"[1, 1.5707963267948965579989817342721, 1]",float,negzero,80000000,"[-1, 0.0, 0]",fff0000000000000,"[-1, inf]"
P9_10_1_5_3,double,base_pi,400921fb54442d18,"[1, 1.5707963267948965579989817342721, 1]",float,point1,3dcccccd,"[1, 1.60000002384185791015625, -4]",403f6a7a217a99d6,"[1, 1.9634953792352596302350775658851, 4]"
P9_10_2_0_3,double,inf,7ff0000000000000,"[1, inf]",float,base_1_5,3fc00000,"[1, 1.5, 0]",7ff0000000000000,"[1, inf]"
P9_10_2_1_3,double,inf,7ff0000000000000,"[1, inf]",float,base_pi,40490fdb,"[1, 1.57079637050628662109375, 1]",7ff0000000000000,"[1, inf]"
P9_10_2_2_3,double,inf,7ff0000000000000,"[1, inf]",float,inf,7f800000,"[1, inf]",fff8000000000000,nan
P9_10_2_3_3,double,inf,7ff0000000000000,"[1, inf]",float,nan,7fc00000,nan,fff8000000000000,nan
P9_10_2_4_3,double,inf,7ff0000000000000,"[1, inf]",float,negzero,80000000,"[-1, 0.0, 0]",fff0000000000000,"[-1, inf]"
P9_10_2_5_3,double,inf,7ff0000000000000,"[1, inf]",float,point1,3dcccccd,"[1, 1.60000002384185791015625, -4]",7ff0000000000000,"[1, inf]"
P9_10_3_0_3,double,nan,7ff8000000000000,nan,float,base_1_5,3fc00000,"[1, 1.5, 0]",fff8000000000000,nan
P9_10_3_1_3,double,nan,7ff8000000000000,nan,float,base_pi,40490fdb,"[1, 1.57079637050628662109375, 1]",fff8000000000000,nan
P9_10_3_2_3,double,nan,7ff8000000000000,nan,float,inf,7f800000,"[1, inf]",fff8000000000000,nan
P9_10_3_3_3,double,nan,7ff8000000000000,nan,float,nan,7fc00000,nan,fff8000000000000,nan
P9_10_3_4_3,double,nan,7ff8000000000000,nan,float,negzero,80000000,"[-1, 0.0, 0]",fff8000000000000,nan
P9_10_3_5_3,double,nan,7ff8000000000000,nan,float,point1,3dcccccd,"[1, 1.60000002384185791015625, -4]",fff8000000000000,nan
P9_10_4_0_3,double,negzero,8000000000000000,"[-1, 0.0, 0]",float,base_1_5,3fc00000,"[1, 1.5, 0]",8000000000000000,"[-1, 0.0, 0]"
P9_10_4_1_3,double,negzero,8000000000000000,"[-1, 0.0, 0]",float,base_pi,40490fdb,"[1, 1.57079637050628662109375, 1]",8000000000000000,"[-1, 0.0, 0]"
P9_10_4_2_3,double,negzero,8000000000000000,"[-1, 0.0, 0]",float,inf,7f800000,"[1, inf]",8000000000000000,"[-1, 0.0, 0]"
P9_10_4_3_3,double,negzero,8000000000000000,"[-1, 0.0, 0]",float,nan,7fc00000,nan,fff8000000000000,nan
P9_10_4_4_3,double,negzero,8000000000000000,"[-1, 0.0, 0]",float,negzero,80000000,"[-1, 0.0, 0]",fff8000000000000,nan
P9_10_4_5_3,double,negzero,8000000000000000,"[-1, 0.0, 0]",float,point1,3dcccccd,"[1, 1.60000002384185791015625, -4]",8000000000000000,"[-1, 0.0, 0]"
P9_10_5_0_3,double,point1,3fb999999999999a,"[1, 1.6000000000000000888178419700125, -4]",float,base_1_5,3fc00000,"[1, 1.5, 0]",3fb1111111111111,"[1, 1.0666666666666666518636930049979, -4]"
P9_10_5_1_3,double,point1,3fb999999999999a,"[1, 1.6000000000000000888178419700125, -4]",float,base_pi,40490fdb,"[1, 1.57079637050628662109375, 1]",3fa04c26b69f2e2a,"[1, 1.0185916074432364020196928322548, -5]"
P9_10_5_2_3,double,point1,3fb999999999999a,"[1, 1.6000000000000000888178419700125, -4]",float,inf,7f800000,"[1, inf]",0000000000000000,"[1, 0.0, 0]"
P9_10_5_3_3,double,point1,3fb999999999999a,"[1, 1.6000000000000000888178419700125, -4]",float,nan,7fc00000,nan,fff8000000000000,nan
P9_10_5_4_3,double,point1,3fb999999999999a,"[1, 1.6000000000000000888178419700125, -4]",float,negzero,80000000,"[-1, 0.0, 0]",fff0000000000000,"[-1, inf]"
P9_10_5_5_3,double,point1,3fb999999999999a,"[1, 1.6000000000000000888178419700125, -4]",float,point1,3dcccccd,"[1, 1.60000002384185791015625, -4]",3feffffff8000002,"[1, 1.9999999701976780563938973500626, -1]"
P10_1_0_0_3,float,base_1_5,3fc00000,"[1, 1.5, 0]",Nullable<int>,null,null,null,NULL,null
P10_1_1_0_3,float,base_pi,40490fdb,"[1, 1.57079637050628662109375, 1]",Nullable<int>,null,null,null,NULL,null
P10_1_2_0_3,float,inf,7f800000,"[1, inf]",Nullable<int>,null,null,null,NULL,null
P10_1_3_0_3,float,nan,7fc00000,nan,Nullable<int>,null,null,null,NULL,null
P10_1_4_0_3,float,negzero,80000000,"[-1, 0.0, 0]",Nullable<int>,null,null,null,NULL,null
P10_1_5_0_3,float,point1,3dcccccd,"[1, 1.60000002384185791015625, -4]",Nullable<int>,null,null,null,NULL,null
P10_4_0_0_3,float,base_1_5,3fc00000,"[1, 1.5, 0]",int,base_42,0000002a,"[1, 1.3125, 5]",3d124925,"[1, 1.14285719394683837890625, -5]"
P10_4_0_1_3,float,base_1_5,3fc00000,"[1, 1.5, 0]",int,base_zero,00000000,"[1, 0.0, 0]",7f800000,"[1, inf]"
P10_4_1_0_3,float,base_pi,40490fdb,"[1, 1.57079637050628662109375, 1]",int,base_42,0000002a,"[1, 1.3125, 5]",3d9930a7,"[1, 1.19679725170135498046875, -4]"
P10_4_1_1_3,float,base_pi,40490fdb,"[1, 1.57079637050628662109375, 1]",int,base_zero,00000000,"[1, 0.0, 0]",7f800000,"[1, inf]"
P10_4_2_0_3,float,inf,7f800000,"[1, inf]",int,base_42,0000002a,"[1, 1.3125, 5]",7f800000,"[1, inf]"
P10_4_2_1_3,float,inf,7f800000,"[1, inf]",int,base_zero,00000000,"[1, 0.0, 0]",7f800000,"[1, inf]"
P10_4_3_0_3,float,nan,7fc00000,nan,int,base_42,0000002a,"[1, 1.3125, 5]",ffc00000,nan
P10_4_3_1_3,float,nan,7fc00000,nan,int,base_zero,00000000,"[1, 0.0, 0]",ffc00000,nan
P10_4_4_0_3,float,negzero,80000000,"[-1, 0.0, 0]",int,base_42,0000002a,"[1, 1.3125, 5]",80000000,"[-1, 0.0, 0]"
P10_4_4_1_3,float,negzero,80000000,"[-1, 0.0, 0]",int,base_zero,00000000,"[1, 0.0, 0]",ffc00000,nan
P10_4_5_0_3,float,point1,3dcccccd,"[1, 1.60000002384185791015625, -4]",int,base_42,0000002a,"[1, 1.3125, 5]",3b1c09c1,"[1, 1.21904766559600830078125, -9]"
P10_4_5_1_3,float,point1,3dcccccd,"[1, 1.60000002384185791015625, -4]",int,base_zero,00000000,"[1, 0.0, 0]",7f800000,"[1, inf]"
P10_5_0_0_3,float,base_1_5,3fc00000,"[1, 1.5, 0]",long,base_42,000000000000002a,"[1, 1.3125, 5]",3d124925,"[1, 1.14285719394683837890625, -5]"
P10_5_0_1_3,float,base_1_5,3fc00000,"[1, 1.5, 0]",long,base_zero,0000000000000000,"[1, 0.0, 0]",7f800000,"[1, inf]"
P10_5_0_2_3,float,base_1_5,3fc00000,"[1, 1.5, 0]",long,i64max,7fffffffffffffff,"[1, 1.9999999999999999997831595655029, 62]",20400000,"[1, 1.5, -63]"
P10_5_0_4_3,float,base_1_5,3fc00000,"[1, 1.5, 0]",long,p53_plus1,0020000000000001,"[1, 1.0000000000000001110223024625157, 53]",25400000,"[1, 1.5, -53]"
P10_5_1_0_3,float,base_pi,40490fdb,"[1, 1.57079637050628662109375, 1]",long,base_42,000000000000002a,"[1, 1.3125, 5]",3d9930a7,"[1, 1.19679725170135498046875, -4]"
P10_5_1_1_3,float,base_pi,40490fdb,"[1, 1.57079637050628662109375, 1]",long,base_zero,0000000000000000,"[1, 0.0, 0]",7f800000,"[1, inf]"
P10_5_1_2_3,float,base_pi,40490fdb,"[1, 1.57079637050628662109375, 1]",long,i64max,7fffffffffffffff,"[1, 1.9999999999999999997831595655029, 62]",20c90fdb,"[1, 1.57079637050628662109375, -62]"
P10_5_1_4_3,float,base_pi,40490fdb,"[1, 1.57079637050628662109375, 1]",long,p53_plus1,0020000000000001,"[1, 1.0000000000000001110223024625157, 53]",25c90fdb,"[1, 1.57079637050628662109375, -52]"
P10_5_2_0_3,float,inf,7f800000,"[1, inf]",long,base_42,000000000000002a,"[1, 1.3125, 5]",7f800000,"[1, inf]"
P10_5_2_1_3,float,inf,7f800000,"[1, inf]",long,base_zero,0000000000000000,"[1, 0.0, 0]",7f800000,"[1, inf]"
P10_5_2_2_3,float,inf,7f800000,"[1, inf]",long,i64max,7fffffffffffffff,"[1, 1.9999999999999999997831595655029, 62]",7f800000,"[1, inf]"
P10_5_2_4_3,float,inf,7f800000,"[1, inf]",long,p53_plus1,0020000000000001,"[1, 1.0000000000000001110223024625157, 53]",7f800000,"[1, inf]"
P10_5_3_0_3,float,nan,7fc00000,nan,long,base_42,000000000000002a,"[1, 1.3125, 5]",ffc00000,nan
P10_5_3_1_3,float,nan,7fc00000,nan,long,base_zero,0000000000000000,"[1, 0.0, 0]",ffc00000,nan
P10_5_3_2_3,float,nan,7fc00000,nan,long,i64max,7fffffffffffffff,"[1, 1.9999999999999999997831595655029, 62]",ffc00000,nan
P10_5_3_4_3,float,nan,7fc00000,nan,long,p53_plus1,0020000000000001,"[1, 1.0000000000000001110223024625157, 53]",ffc00000,nan
P10_5_4_0_3,float,negzero,80000000,"[-1, 0.0, 0]",long,base_42,000000000000002a,"[1, 1.3125, 5]",80000000,"[-1, 0.0, 0]"
P10_5_4_1_3,float,negzero,80000000,"[-1, 0.0, 0]",long,base_zero,0000000000000000,"[1, 0.0, 0]",ffc00000,nan
P10_5_4_2_3,float,negzero,80000000,"[-1, 0.0, 0]",long,i64max,7fffffffffffffff,"[1, 1.9999999999999999997831595655029, 62]",80000000,"[-1, 0.0, 0]"
P10_5_4_4_3,float,negzero,80000000,"[-1, 0.0, 0]",long,p53_plus1,0020000000000001,"[1, 1.0000000000000001110223024625157, 53]",80000000,"[-1, 0.0, 0]"
P10_5_5_0_3,float,point1,3dcccccd,"[1, 1.60000002384185791015625, -4]",long,base_42,000000000000002a,"[1, 1.3125, 5]",3b1c09c1,"[1, 1.21904766559600830078125, -9]"
P10_5_5_1_3,float,point1,3dcccccd,"[1, 1.60000002384185791015625, -4]",long,base_zero,0000000000000000,"[1, 0.0, 0]",7f800000,"[1, inf]"
P10_5_5_2_3,float,point1,3dcccccd,"[1, 1.60000002384185791015625, -4]",long,i64max,7fffffffffffffff,"[1, 1.9999999999999999997831595655029, 62]",1e4ccccd,"[1, 1.60000002384185791015625, -67]"
P10_5_5_4_3,float,point1,3dcccccd,"[1, 1.60000002384185791015625, -4]",long,p53_plus1,0020000000000001,"[1, 1.0000000000000001110223024625157, 53]",234ccccd,"[1, 1.60000002384185791015625, -57]"
P10_6_0_0_3,float,base_1_5,3fc00000,"[1, 1.5, 0]",ulong,base_42,000000000000002a,"[1, 1.3125, 5]",3d124925,"[1, 1.14285719394683837890625, -5]"
P10_6_0_1_3,float,base_1_5,3fc00000,"[1, 1.5, 0]",ulong,base_zero,0000000000000000,"[1, 0.0, 0]",7f800000,"[1, inf]"
P10_6_0_2_3,float,base_1_5,3fc00000,"[1, 1.5, 0]",ulong,i64max,7fffffffffffffff,"[1, 1.9999999999999999997831595655029, 62]",20400000,"[1, 1.5, -63]"
P10_6_0_3_3,float,base_1_5,3fc00000,"[1, 1.5, 0]",ulong,i64max_plus1,8000000000000000,"[1, 1.0, 63]",20400000,"[1, 1.5, -63]"
P10_6_0_4_3,float,base_1_5,3fc00000,"[1, 1.5, 0]",ulong,p53_plus1,0020000000000001,"[1, 1.0000000000000001110223024625157, 53]",25400000,"[1, 1.5, -53]"
P10_6_0_5_3,float,base_1_5,3fc00000,"[1, 1.5, 0]",ulong,u64max,ffffffffffffffff,"[1, 1.9999999999999999998915797827514, 63]",1fc00000,"[1, 1.5, -64]"
P10_6_1_0_3,float,base_pi,40490fdb,"[1, 1.57079637050628662109375, 1]",ulong,base_42,000000000000002a,"[1, 1.3125, 5]",3d9930a7,"[1, 1.19679725170135498046875, -4]"
P10_6_1_1_3,float,base_pi,40490fdb,"[1, 1.57079637050628662109375, 1]",ulong,base_zero,0000000000000000,"[1, 0.0, 0]",7f800000,"[1, inf]"
P10_6_1_2_3,float,base_pi,40490fdb,"[1, 1.57079637050628662109375, 1]",ulong,i64max,7fffffffffffffff,"[1, 1.9999999999999999997831595655029, 62]",20c90fdb,"[1, 1.57079637050628662109375, -62]"
P10_6_1_3_3,float,base_pi,40490fdb,"[1, 1.57079637050628662109375, 1]",ulong,i64max_plus1,8000000000000000,"[1, 1.0, 63]",20c90fdb,"[1, 1.57079637050628662109375, -62]"
P10_6_1_4_3,float,base_pi,40490fdb,"[1, 1.57079637050628662109375, 1]",ulong,p53_plus1,0020000000000001,"[1, 1.0000000000000001110223024625157, 53]",25c90fdb,"[1, 1.57079637050628662109375, -52]"
P10_6_1_5_3,float,base_pi,40490fdb,"[1, 1.57079637050628662109375, 1]",ulong,u64max,ffffffffffffffff,"[1, 1.9999999999999999998915797827514, 63]",20490fdb,"[1, 1.57079637050628662109375, -63]"
P10_6_2_0_3,float,inf,7f800000,"[1, inf]",ulong,base_42,000000000000002a,"[1, 1.3125, 5]",7f800000,"[1, inf]"
P10_6_2_1_3,float,inf,7f800000,"[1, inf]",ulong,base_zero,0000000000000000,"[1, 0.0, 0]",7f800000,"[1, inf]"
P10_6_2_2_3,float,inf,7f800000,"[1, inf]",ulong,i64max,7fffffffffffffff,"[1, 1.9999999999999999997831595655029, 62]",7f800000,"[1, inf]"
P10_6_2_3_3,float,inf,7f800000,"[1, inf]",ulong,i64max_plus1,8000000000000000,"[1, 1.0, 63]",7f800000,"[1, inf]"
P10_6_2_4_3,float,inf,7f800000,"[1, inf]",ulong,p53_plus1,0020000000000001,"[1, 1.0000000000000001110223024625157, 53]",7f800000,"[1, inf]"
P10_6_2_5_3,float,inf,7f800000,"[1, inf]",ulong,u64max,ffffffffffffffff,"[1, 1.9999999999999999998915797827514, 63]",7f800000,"[1, inf]"
P10_6_3_0_3,float,nan,7fc00000,nan,ulong,base_42,000000000000002a,"[1, 1.3125, 5]",ffc00000,nan
P10_6_3_1_3,float,nan,7fc00000,nan,ulong,base_zero,0000000000000000,"[1, 0.0, 0]",ffc00000,nan
P10_6_3_2_3,float,nan,7fc00000,nan,ulong,i64max,7fffffffffffffff,"[1, 1.9999999999999999997831595655029, 62]",ffc00000,nan
P10_6_3_3_3,float,nan,7fc00000,nan,ulong,i64max_plus1,8000000000000000,"[1, 1.0, 63]",ffc00000,nan
P10_6_3_4_3,float,nan,7fc00000,nan,ulong,p53_plus1,0020000000000001,"[1, 1.0000000000000001110223024625157, 53]",ffc00000,nan
P10_6_3_5_3,float,nan,7fc00000,nan,ulong,u64max,ffffffffffffffff,"[1, 1.9999999999999999998915797827514, 63]",ffc00000,nan
P10_6_4_0_3,float,negzero,80000000,"[-1, 0.0, 0]",ulong,base_42,000000000000002a,"[1, 1.3125, 5]",80000000,"[-1, 0.0, 0]"
P10_6_4_1_3,float,negzero,80000000,"[-1, 0.0, 0]",ulong,base_zero,0000000000000000,"[1, 0.0, 0]",ffc00000,nan
P10_6_4_2_3,float,negzero,80000000,"[-1, 0.0, 0]",ulong,i64max,7fffffffffffffff,"[1, 1.9999999999999999997831595655029, 62]",80000000,"[-1, 0.0, 0]"
P10_6_4_3_3,float,negzero,80000000,"[-1, 0.0, 0]",ulong,i64max_plus1,8000000000000000,"[1, 1.0, 63]",80000000,"[-1, 0.0, 0]"
P10_6_4_4_3,float,negzero,80000000,"[-1, 0.0, 0]",ulong,p53_plus1,0020000000000001,"[1, 1.0000000000000001110223024625157, 53]",80000000,"[-1, 0.0, 0]"
P10_6_4_5_3,float,negzero,80000000,"[-1, 0.0, 0]",ulong,u64max,ffffffffffffffff,"[1, 1.9999999999999999998915797827514, 63]",80000000,"[-1, 0.0, 0]"
P10_6_5_0_3,float,point1,3dcccccd,"[1, 1.60000002384185791015625, -4]",ulong,base_42,000000000000002a,"[1, 1.3125, 5]",3b1c09c1,"[1, 1.21904766559600830078125, -9]"
P10_6_5_1_3,float,point1,3dcccccd,"[1, 1.60000002384185791015625, -4]",ulong,base_zero,0000000000000000,"[1, 0.0, 0]",7f800000,"[1, inf]"
P10_6_5_2_3,float,point1,3dcccccd,"[1, 1.60000002384185791015625, -4]",ulong,i64max,7fffffffffffffff,"[1, 1.9999999999999999997831595655029, 62]",1e4ccccd,"[1, 1.60000002384185791015625, -67]"
P10_6_5_3_3,float,point1,3dcccccd,"[1, 1.60000002384185791015625, -4]",ulong,i64max_plus1,8000000000000000,"[1, 1.0, 63]",1e4ccccd,"[1, 1.60000002384185791015625, -67]"
P10_6_5_4_3,float,point1,3dcccccd,"[1, 1.60000002384185791015625, -4]",ulong,p53_plus1,0020000000000001,"[1, 1.0000000000000001110223024625157, 53]",234ccccd,"[1, 1.60000002384185791015625, -57]"
P10_6_5_5_3,float,point1,3dcccccd,"[1, 1.60000002384185791015625, -4]",ulong,u64max,ffffffffffffffff,"[1, 1.9999999999999999998915797827514, 63]",1dcccccd,"[1, 1.60000002384185791015625, -68]"
P10_8_0_0_3,float,base_1_5,3fc00000,"[1, 1.5, 0]",short,base_42,002a,"[1, 1.3125, 5]",3d124925,"[1, 1.14285719394683837890625, -5]"
P10_8_0_1_3,float,base_1_5,3fc00000,"[1, 1.5, 0]",short,base_zero,0000,"[1, 0.0, 0]",7f800000,"[1, inf]"
P10_8_1_0_3,float,base_pi,40490fdb,"[1, 1.57079637050628662109375, 1]",short,base_42,002a,"[1, 1.3125, 5]",3d9930a7,"[1, 1.19679725170135498046875, -4]"
P10_8_1_1_3,float,base_pi,40490fdb,"[1, 1.57079637050628662109375, 1]",short,base_zero,0000,"[1, 0.0, 0]",7f800000,"[1, inf]"
P10_8_2_0_3,float,inf,7f800000,"[1, inf]",short,base_42,002a,"[1, 1.3125, 5]",7f800000,"[1, inf]"
P10_8_2_1_3,float,inf,7f800000,"[1, inf]",short,base_zero,0000,"[1, 0.0, 0]",7f800000,"[1, inf]"
P10_8_3_0_3,float,nan,7fc00000,nan,short,base_42,002a,"[1, 1.3125, 5]",ffc00000,nan
P10_8_3_1_3,float,nan,7fc00000,nan,short,base_zero,0000,"[1, 0.0, 0]",ffc00000,nan
P10_8_4_0_3,float,negzero,80000000,"[-1, 0.0, 0]",short,base_42,002a,"[1, 1.3125, 5]",80000000,"[-1, 0.0, 0]"
P10_8_4_1_3,float,negzero,80000000,"[-1, 0.0, 0]",short,base_zero,0000,"[1, 0.0, 0]",ffc00000,nan
P10_8_5_0_3,float,point1,3dcccccd,"[1, 1.60000002384185791015625, -4]",short,base_42,002a,"[1, 1.3125, 5]",3b1c09c1,"[1, 1.21904766559600830078125, -9]"
P10_8_5_1_3,float,point1,3dcccccd,"[1, 1.60000002384185791015625, -4]",short,base_zero,0000,"[1, 0.0, 0]",7f800000,"[1, inf]"
P10_9_0_0_3,float,base_1_5,3fc00000,"[1, 1.5, 0]",double,base_1_5,3ff8000000000000,"[1, 1.5, 0]",3ff0000000000000,"[1, 1.0, 0]"
P10_9_0_1_3,float,base_1_5,3fc00000,"[1, 1.5, 0]",double,base_pi,400921fb54442d18,"[1, 1.5707963267948965579989817342721, 1]",3fde8ec8a4aeacc4,"[1, 1.9098593171027440362763627490494, -2]"
P10_9_0_2_3,float,base_1_5,3fc00000,"[1, 1.5, 0]",double,inf,7ff0000000000000,"[1, inf]",0000000000000000,"[1, 0.0, 0]"
P10_9_0_3_3,float,base_1_5,3fc00000,"[1, 1.5, 0]",double,nan,7ff8000000000000,nan,fff8000000000000,nan
P10_9_0_4_3,float,base_1_5,3fc00000,"[1, 1.5, 0]",double,negzero,8000000000000000,"[-1, 0.0, 0]",fff0000000000000,"[-1, inf]"
P10_9_0_5_3,float,base_1_5,3fc00000,"[1, 1.5, 0]",double,point1,3fb999999999999a,"[1, 1.6000000000000000888178419700125, -4]",402e000000000000,"[1, 1.875, 3]"
P10_9_1_0_3,float,base_pi,40490fdb,"[1, 1.57079637050628662109375, 1]",double,base_1_5,3ff8000000000000,"[1, 1.5, 0]",4000c15240000000,"[1, 1.0471975803375244140625, 1]"
P10_9_1_1_3,float,base_pi,40490fdb,"[1, 1.57079637050628662109375, 1]",double,base_pi,400921fb54442d18,"[1, 1.5707963267948965579989817342721, 1]",3ff0000007784b2d,"[1, 1.000000027827535165059202881821, 0]"
P10_9_1_2_3,float,base_pi,40490fdb,"[1, 1.57079637050628662109375, 1]",double,inf,7ff0000000000000,"[1, inf]",0000000000000000,"[1, 0.0, 0]"
P10_9_1_3_3,float,base_pi,40490fdb,"[1, 1.57079637050628662109375, 1]",double,nan,7ff8000000000000,nan,fff8000000000000,nan
P10_9_1_4_3,float,base_pi,40490fdb,"[1, 1.57079637050628662109375, 1]",double,negzero,8000000000000000,"[-1, 0.0, 0]",fff0000000000000,"[-1, inf]"
P10_9_1_5_3,float,base_pi,40490fdb,"[1, 1.57079637050628662109375, 1]",double,point1,3fb999999999999a,"[1, 1.6000000000000000888178419700125, -4]",403f6a7a38000000,"[1, 1.9634954631328582763671875, 4]"
P10_9_2_0_3,float,inf,7f800000,"[1, inf]",double,base_1_5,3ff8000000000000,"[1, 1.5, 0]",7ff0000000000000,"[1, inf]"
P10_9_2_1_3,float,inf,7f800000,"[1, inf]",double,base_pi,400921fb54442d18,"[1, 1.5707963267948965579989817342721, 1]",7ff0000000000000,"[1, inf]"
P10_9_2_2_3,float,inf,7f800000,"[1, inf]",double,inf,7ff0000000000000,"[1, inf]",fff8000000000000,nan
P10_9_2_3_3,float,inf,7f800000,"[1, inf]",double,nan,7ff8000000000000,nan,fff8000000000000,nan
P10_9_2_4_3,float,inf,7f800000,"[1, inf]",double,negzero,8000000000000000,"[-1, 0.0, 0]",fff0000000000000,"[-1, inf]"
P10_9_2_5_3,float,inf,7f800000,"[1, inf]",double,point1,3fb999999999999a,"[1, 1.6000000000000000888178419700125, -4]",7ff0000000000000,"[1, inf]"
P10_9_3_0_3,float,nan,7fc00000,nan,double,base_1_5,3ff8000000000000,"[1, 1.5, 0]",fff8000000000000,nan
P10_9_3_1_3,float,nan,7fc00000,nan,double,base_pi,400921fb54442d18,"[1, 1.5707963267948965579989817342721, 1]",fff8000000000000,nan
P10_9_3_2_3,float,nan,7fc00000,nan,double,inf,7ff0000000000000,"[1, inf]",fff8000000000000,nan
P10_9_3_3_3,float,nan,7fc00000,nan,double,nan,7ff8000000000000,nan,fff8000000000000,nan
P10_9_3_4_3,float,nan,7fc00000,nan,double,negzero,8000000000000000,"[-1, 0.0, 0]",fff8000000000000,nan
P10_9_3_5_3,float,nan,7fc00000,nan,double,point1,3fb999999999999a,"[1, 1.6000000000000000888178419700125, -4]",fff8000000000000,nan
P10_9_4_0_3,float,negzero,80000000,"[-1, 0.0, 0]",double,base_1_5,3ff8000000000000,"[1, 1.5, 0]",8000000000000000,"[-1, 0.0, 0]"
P10_9_4_1_3,float,negzero,80000000,"[-1, 0.0, 0]",double,base_pi,400921fb54442d18,"[1, 1.5707963267948965579989817342721, 1]",8000000000000000,"[-1, 0.0, 0]"
P10_9_4_2_3,float,negzero,80000000,"[-1, 0.0, 0]",double,inf,7ff0000000000000,"[1, inf]",8000000000000000,"[-1, 0.0, 0]"
P10_9_4_3_3,float,negzero,80000000,"[-1, 0.0, 0]",double,nan,7ff8000000000000,nan,fff8000000000000,nan
P10_9_4_4_3,float,negzero,80000000,"[-1, 0.0, 0]",double,negzero,8000000000000000,"[-1, 0.0, 0]",fff8000000000000,nan
P10_9_4_5_3,float,negzero,80000000,"[-1, 0.0, 0]",double,point1,3fb999999999999a,"[1, 1.6000000000000000888178419700125, -4]",8000000000000000,"[-1, 0.0, 0]"
P10_9_5_0_3,float,point1,3dcccccd,"[1, 1.60000002384185791015625, -4]",double,base_1_5,3ff8000000000000,"[1, 1.5, 0]",3fb1111115555555,"[1, 1.0666666825612385327559650249896, -4]"
P10_9_5_1_3,float,point1,3dcccccd,"[1, 1.60000002384185791015625, -4]",double,base_pi,400921fb54442d18,"[1, 1.5707963267948965579989817342721, 1]",3fa04c26c24e107f,"[1, 1.018591650966328421290540973132, -5]"
P10_9_5_2_3,float,point1,3dcccccd,"[1, 1.60000002384185791015625, -4]",double,inf,7ff0000000000000,"[1, inf]",0000000000000000,"[1, 0.0, 0]"
P10_9_5_3_3,float,point1,3dcccccd,"[1, 1.60000002384185791015625, -4]",double,nan,7ff8000000000000,nan,fff8000000000000,nan
P10_9_5_4_3,float,point1,3dcccccd,"[1, 1.60000002384185791015625, -4]",double,negzero,8000000000000000,"[-1, 0.0, 0]",fff0000000000000,"[-1, inf]"
P10_9_5_5_3,float,point1,3dcccccd,"[1, 1.60000002384185791015625, -4]",double,point1,3fb999999999999a,"[1, 1.6000000000000000888178419700125, -4]",3ff0000004000000,"[1, 1.00000001490116119384765625, 0]"
P10_10_0_0_3,float,base_1_5,3fc00000,"[1, 1.5, 0]",float,base_1_5,3fc00000,"[1, 1.5, 0]",3f800000,"[1, 1.0, 0]"
P10_10_0_1_3,float,base_1_5,3fc00000,"[1, 1.5, 0]",float,base_pi,40490fdb,"[1, 1.57079637050628662109375, 1]",3ef47645,"[1, 1.90985929965972900390625, -2]"
P10_10_0_2_3,float,base_1_5,3fc00000,"[1, 1.5, 0]",float,inf,7f800000,"[1, inf]",00000000,"[1, 0.0, 0]"
P10_10_0_3_3,float,base_1_5,3fc00000,"[1, 1.5, 0]",float,nan,7fc00000,nan,ffc00000,nan
P10_10_0_4_3,float,base_1_5,3fc00000,"[1, 1.5, 0]",float,negzero,80000000,"[-1, 0.0, 0]",ff800000,"[-1, inf]"
P10_10_0_5_3,float,base_1_5,3fc00000,"[1, 1.5, 0]",float,point1,3dcccccd,"[1, 1.60000002384185791015625, -4]",41700000,"[1, 1.875, 3]"
P10_10_1_0_3,float,base_pi,40490fdb,"[1, 1.57079637050628662109375, 1]",float,base_1_5,3fc00000,"[1, 1.5, 0]",40060a92,"[1, 1.0471975803375244140625, 1]"
P10_10_1_1_3,float,base_pi,40490fdb,"[1, 1.57079637050628662109375, 1]",float,base_pi,40490fdb,"[1, 1.57079637050628662109375, 1]",3f800000,"[1, 1.0, 0]"
P10_10_1_2_3,float,base_pi,40490fdb,"[1, 1.57079637050628662109375, 1]",float,inf,7f800000,"[1, inf]",00000000,"[1, 0.0, 0]"
P10_10_1_3_3,float,base_pi,40490fdb,"[1, 1.57079637050628662109375, 1]",float,nan,7fc00000,nan,ffc00000,nan
P10_10_1_4_3,float,base_pi,40490fdb,"[1, 1.57079637050628662109375, 1]",float,negzero,80000000,"[-1, 0.0, 0]",ff800000,"[-1, inf]"
P10_10_1_5_3,float,base_pi,40490fdb,"[1, 1.57079637050628662109375, 1]",float,point1,3dcccccd,"[1, 1.60000002384185791015625, -4]",41fb53d2,"[1, 1.9634954929351806640625, 4]"
P10_10_2_0_3,float,inf,7f800000,"[1, inf]",float,base_1_5,3fc00000,"[1, 1.5, 0]",7f800000,"[1, inf]"
P10_10_2_1_3,float,inf,7f800000,"[1, inf]",float,base_pi,40490fdb,"[1, 1.57079637050628662109375, 1]",7f800000,"[1, inf]"
P10_10_2_2_3,float,inf,7f800000,"[1, inf]",float,inf,7f800000,"[1, inf]",ffc00000,nan
P10_10_2_3_3,float,inf,7f800000,"[1, inf]",float,nan,7fc00000,nan,ffc00000,nan
P10_10_2_4_3,float,inf,7f800000,"[1, inf]",float,negzero,80000000,"[-1, 0.0, 0]",ff800000,"[-1, inf]"
P10_10_2_5_3,float,inf,7f800000,"[1, inf]",float,point1,3dcccccd,"[1, 1.60000002384185791015625, -4]",7f800000,"[1, inf]"
P10_10_3_0_3,float,nan,7fc00000,nan,float,base_1_5,3fc00000,"[1, 1.5, 0]",ffc00000,nan
P10_10_3_1_3,float,nan,7fc00000,nan,float,base_pi,40490fdb,"[1, 1.57079637050628662109375, 1]",ffc00000,nan
P10_10_3_2_3,float,nan,7fc00000,nan,float,inf,7f800000,"[1, inf]",ffc00000,nan
P10_10_3_3_3,float,nan,7fc00000,nan,float,nan,7fc00000,nan,ffc00000,nan
P10_10_3_4_3,float,nan,7fc00000,nan,float,negzero,80000000,"[-1, 0.0, 0]",ffc00000,nan
P10_10_3_5_3,float,nan,7fc00000,nan,float,point1,3dcccccd,"[1, 1.60000002384185791015625, -4]",ffc00000,nan
P10_10_4_0_3,float,negzero,80000000,"[-1, 0.0, 0]",float,base_1_5,3fc00000,"[1, 1.5, 0]",80000000,"[-1, 0.0, 0]"
P10_10_4_1_3,float,negzero,80000000,"[-1, 0.0, 0]",float,base_pi,40490fdb,"[1, 1.57079637050628662109375, 1]",80000000,"[-1, 0.0, 0]"
P10_10_4_2_3,float,negzero,80000000,"[-1, 0.0, 0]",float,inf,7f800000,"[1, inf]",80000000,"[-1, 0.0, 0]"
P10_10_4_3_3,float,negzero,80000000,"[-1, 0.0, 0]",float,nan,7fc00000,nan,ffc00000,nan
P10_10_4_4_3,float,negzero,80000000,"[-1, 0.0, 0]",float,negzero,80000000,"[-1, 0.0, 0]",ffc00000,nan
P10_10_4_5_3,float,negzero,80000000,"[-1, 0.0, 0]",float,point1,3dcccccd,"[1, 1.60000002384185791015625, -4]",80000000,"[-1, 0.0, 0]"
P10_10_5_0_3,float,point1,3dcccccd,"[1, 1.60000002384185791015625, -4]",float,base_1_5,3fc00000,"[1, 1.5, 0]",3d888889,"[1, 1.06666672229766845703125, -4]"
P10_10_5_1_3,float,point1,3dcccccd,"[1, 1.60000002384185791015625, -4]",float,base_pi,40490fdb,"[1, 1.57079637050628662109375, 1]",3d026136,"[1, 1.0185916423797607421875, -5]"
P10_10_5_2_3,float,point1,3dcccccd,"[1, 1.60000002384185791015625, -4]",float,inf,7f800000,"[1, inf]",00000000,"[1, 0.0, 0]"
P10_10_5_3_3,float,point1,3dcccccd,"[1, 1.60000002384185791015625, -4]",float,nan,7fc00000,nan,ffc00000,nan
P10_10_5_4_3,float,point1,3dcccccd,"[1, 1.60000002384185791015625, -4]",float,negzero,80000000,"[-1, 0.0, 0]",ff800000,"[-1, inf]"
P10_10_5_5_3,float,point1,3dcccccd,"[1, 1.60000002384185791015625, -4]",float,point1,3dcccccd,"[1, 1.60000002384185791015625, -4]",3f800000,"[1, 1.0, 0]"
P11_1_0_0_3,decimal,base_1_5,1.5,"[1, 1.5, 0]",Nullable<int>,null,null,null,NULL,null
P11_1_1_0_3,decimal,base_pi,3.141592653589793,"[1, 1.5707963267948965, 1]",Nullable<int>,null,null,null,NULL,null
P11_1_4_0_3,decimal,negzero,negzero,"[-1, 0.0, 0]",Nullable<int>,null,null,null,NULL,null
P11_1_5_0_3,decimal,point1,0.1,"[1, 1.6, -4]",Nullable<int>,null,null,null,NULL,null
P11_4_0_0_3,decimal,base_1_5,1.5,"[1, 1.5, 0]",int,base_42,0000002a,"[1, 1.3125, 5]",e52492491481525e01276bf1001c0000,opaque:DEC128:e52492491481525e01276bf1001c0000
P11_4_0_1_3,decimal,base_1_5,1.5,"[1, 1.5, 0]",int,base_zero,00000000,"[1, 0.0, 0]",,RAISE:DivideByZeroException
P11_4_1_0_3,decimal,base_pi,3.141592653589793,"[1, 1.5707963267948965, 1]",int,base_42,0000002a,"[1, 1.3125, 5]",61c889e86dfa62d1026abaca001c0000,opaque:DEC128:61c889e86dfa62d1026abaca001c0000
P11_4_1_1_3,decimal,base_pi,3.141592653589793,"[1, 1.5707963267948965, 1]",int,base_zero,00000000,"[1, 0.0, 0]",,RAISE:DivideByZeroException
P11_4_4_0_3,decimal,negzero,negzero,"[-1, 0.0, 0]",int,base_42,0000002a,"[1, 1.3125, 5]",00000000000000000000000080010000,opaque:DEC128:00000000000000000000000080010000
P11_4_4_1_3,decimal,negzero,negzero,"[-1, 0.0, 0]",int,base_zero,00000000,"[1, 0.0, 0]",,RAISE:DivideByZeroException
P11_4_5_0_3,decimal,point1,0.1,"[1, 1.6, -4]",int,base_42,0000002a,"[1, 1.3125, 5]",97cf3cf4df3bd24a0013b1dc001c0000,opaque:DEC128:97cf3cf4df3bd24a0013b1dc001c0000
P11_4_5_1_3,decimal,point1,0.1,"[1, 1.6, -4]",int,base_zero,00000000,"[1, 0.0, 0]",,RAISE:DivideByZeroException
P11_5_0_0_3,decimal,base_1_5,1.5,"[1, 1.5, 0]",long,base_42,000000000000002a,"[1, 1.3125, 5]",e52492491481525e01276bf1001c0000,opaque:DEC128:e52492491481525e01276bf1001c0000
P11_5_0_1_3,decimal,base_1_5,1.5,"[1, 1.5, 0]",long,base_zero,0000000000000000,"[1, 0.0, 0]",,RAISE:DivideByZeroException
P11_5_0_2_3,decimal,base_1_5,1.5,"[1, 1.5, 0]",long,i64max,7fffffffffffffff,"[1, 1.9999999999999999997831595655029, 62]",60ef6b1b0000000000000000001c0000,opaque:DEC128:60ef6b1b0000000000000000001c0000
P11_5_0_4_3,decimal,base_1_5,1.5,"[1, 1.5, 0]",long,p53_plus1,0020000000000001,"[1, 1.0000000000000001110223024625157, 53]",bdac6aea0000018300000000001c0000,opaque:DEC128:bdac6aea0000018300000000001c0000
P11_5_1_0_3,decimal,base_pi,3.141592653589793,"[1, 1.5707963267948965, 1]",long,base_42,000000000000002a,"[1, 1.3125, 5]",61c889e86dfa62d1026abaca001c0000,opaque:DEC128:61c889e86dfa62d1026abaca001c0000
P11_5_1_1_3,decimal,base_pi,3.141592653589793,"[1, 1.5707963267948965, 1]",long,base_zero,0000000000000000,"[1, 0.0, 0]",,RAISE:DivideByZeroException
P11_5_1_2_3,decimal,base_pi,3.141592653589793,"[1, 1.5707963267948965, 1]",long,i64max,7fffffffffffffff,"[1, 1.9999999999999999997831595655029, 62]",144d543e0000000000000000001b0000,opaque:DEC128:144d543e0000000000000000001b0000
P11_5_1_4_3,decimal,base_pi,3.141592653589793,"[1, 1.5707963267948965, 1]",long,p53_plus1,0020000000000001,"[1, 1.0000000000000001110223024625157, 53]",1529b0590000032c00000000001c0000,opaque:DEC128:1529b0590000032c00000000001c0000
P11_5_4_0_3,decimal,negzero,negzero,"[-1, 0.0, 0]",long,base_42,000000000000002a,"[1, 1.3125, 5]",00000000000000000000000080010000,opaque:DEC128:00000000000000000000000080010000
P11_5_4_1_3,decimal,negzero,negzero,"[-1, 0.0, 0]",long,base_zero,0000000000000000,"[1, 0.0, 0]",,RAISE:DivideByZeroException
P11_5_4_2_3,decimal,negzero,negzero,"[-1, 0.0, 0]",long,i64max,7fffffffffffffff,"[1, 1.9999999999999999997831595655029, 62]",00000000000000000000000080010000,opaque:DEC128:00000000000000000000000080010000
P11_5_4_4_3,decimal,negzero,negzero,"[-1, 0.0, 0]",long,p53_plus1,0020000000000001,"[1, 1.0000000000000001110223024625157, 53]",00000000000000000000000080010000,opaque:DEC128:00000000000000000000000080010000
P11_5_5_0_3,decimal,point1,0.1,"[1, 1.6, -4]",long,base_42,000000000000002a,"[1, 1.3125, 5]",97cf3cf4df3bd24a0013b1dc001c0000,opaque:DEC128:97cf3cf4df3bd24a0013b1dc001c0000
P11_5_5_1_3,decimal,point1,0.1,"[1, 1.6, -4]",long,base_zero,0000000000000000,"[1, 0.0, 0]",,RAISE:DivideByZeroException
P11_5_5_2_3,decimal,point1,0.1,"[1, 1.6, -4]",long,i64max,7fffffffffffffff,"[1, 1.9999999999999999997831595655029, 62]",06765c790000000000000000001c0000,opaque:DEC128:06765c790000000000000000001c0000
P11_5_5_4_3,decimal,point1,0.1,"[1, 1.6, -4]",long,p53_plus1,0020000000000001,"[1, 1.0000000000000001110223024625157, 53]",d971e4ff0000001900000000001c0000,opaque:DEC128:d971e4ff0000001900000000001c0000
P11_6_0_0_3,decimal,base_1_5,1.5,"[1, 1.5, 0]",ulong,base_42,000000000000002a,"[1, 1.3125, 5]",e52492491481525e01276bf1001c0000,opaque:DEC128:e52492491481525e01276bf1001c0000
P11_6_0_1_3,decimal,base_1_5,1.5,"[1, 1.5, 0]",ulong,base_zero,0000000000000000,"[1, 0.0, 0]",,RAISE:DivideByZeroException
P11_6_0_2_3,decimal,base_1_5,1.5,"[1, 1.5, 0]",ulong,i64max,7fffffffffffffff,"[1, 1.9999999999999999997831595655029, 62]",60ef6b1b0000000000000000001c0000,opaque:DEC128:60ef6b1b0000000000000000001c0000
P11_6_0_3_3,decimal,base_1_5,1.5,"[1, 1.5, 0]",ulong,i64max_plus1,8000000000000000,"[1, 1.0, 63]",60ef6b1b0000000000000000001c0000,opaque:DEC128:60ef6b1b0000000000000000001c0000
P11_6_0_4_3,decimal,base_1_5,1.5,"[1, 1.5, 0]",ulong,p53_plus1,0020000000000001,"[1, 1.0000000000000001110223024625157, 53]",bdac6aea0000018300000000001c0000,opaque:DEC128:bdac6aea0000018300000000001c0000
P11_6_0_5_3,decimal,base_1_5,1.5,"[1, 1.5, 0]",ulong,u64max,ffffffffffffffff,"[1, 1.9999999999999999998915797827514, 63]",3077b58d0000000000000000001c0000,opaque:DEC128:3077b58d0000000000000000001c0000
P11_6_1_0_3,decimal,base_pi,3.141592653589793,"[1, 1.5707963267948965, 1]",ulong,base_42,000000000000002a,"[1, 1.3125, 5]",61c889e86dfa62d1026abaca001c0000,opaque:DEC128:61c889e86dfa62d1026abaca001c0000
P11_6_1_1_3,decimal,base_pi,3.141592653589793,"[1, 1.5707963267948965, 1]",ulong,base_zero,0000000000000000,"[1, 0.0, 0]",,RAISE:DivideByZeroException
P11_6_1_2_3,decimal,base_pi,3.141592653589793,"[1, 1.5707963267948965, 1]",ulong,i64max,7fffffffffffffff,"[1, 1.9999999999999999997831595655029, 62]",144d543e0000000000000000001b0000,opaque:DEC128:144d543e0000000000000000001b0000
P11_6_1_3_3,decimal,base_pi,3.141592653589793,"[1, 1.5707963267948965, 1]",ulong,i64max_plus1,8000000000000000,"[1, 1.0, 63]",144d543e0000000000000000001b0000,opaque:DEC128:144d543e0000000000000000001b0000
P11_6_1_4_3,decimal,base_pi,3.141592653589793,"[1, 1.5707963267948965, 1]",ulong,p53_plus1,0020000000000001,"[1, 1.0000000000000001110223024625157, 53]",1529b0590000032c00000000001c0000,opaque:DEC128:1529b0590000032c00000000001c0000
P11_6_1_5_3,decimal,base_pi,3.141592653589793,"[1, 1.5707963267948965, 1]",ulong,u64max,ffffffffffffffff,"[1, 1.9999999999999999998915797827514, 63]",0a26aa1f0000000000000000001b0000,opaque:DEC128:0a26aa1f0000000000000000001b0000
P11_6_4_0_3,decimal,negzero,negzero,"[-1, 0.0, 0]",ulong,base_42,000000000000002a,"[1, 1.3125, 5]",00000000000000000000000080010000,opaque:DEC128:00000000000000000000000080010000
P11_6_4_1_3,decimal,negzero,negzero,"[-1, 0.0, 0]",ulong,base_zero,0000000000000000,"[1, 0.0, 0]",,RAISE:DivideByZeroException
P11_6_4_2_3,decimal,negzero,negzero,"[-1, 0.0, 0]",ulong,i64max,7fffffffffffffff,"[1, 1.9999999999999999997831595655029, 62]",00000000000000000000000080010000,opaque:DEC128:00000000000000000000000080010000
P11_6_4_3_3,decimal,negzero,negzero,"[-1, 0.0, 0]",ulong,i64max_plus1,8000000000000000,"[1, 1.0, 63]",00000000000000000000000080010000,opaque:DEC128:00000000000000000000000080010000
P11_6_4_4_3,decimal,negzero,negzero,"[-1, 0.0, 0]",ulong,p53_plus1,0020000000000001,"[1, 1.0000000000000001110223024625157, 53]",00000000000000000000000080010000,opaque:DEC128:00000000000000000000000080010000
P11_6_4_5_3,decimal,negzero,negzero,"[-1, 0.0, 0]",ulong,u64max,ffffffffffffffff,"[1, 1.9999999999999999998915797827514, 63]",00000000000000000000000080010000,opaque:DEC128:00000000000000000000000080010000
P11_6_5_0_3,decimal,point1,0.1,"[1, 1.6, -4]",ulong,base_42,000000000000002a,"[1, 1.3125, 5]",97cf3cf4df3bd24a0013b1dc001c0000,opaque:DEC128:97cf3cf4df3bd24a0013b1dc001c0000
P11_6_5_1_3,decimal,point1,0.1,"[1, 1.6, -4]",ulong,base_zero,0000000000000000,"[1, 0.0, 0]",,RAISE:DivideByZeroException
P11_6_5_2_3,decimal,point1,0.1,"[1, 1.6, -4]",ulong,i64max,7fffffffffffffff,"[1, 1.9999999999999999997831595655029, 62]",06765c790000000000000000001c0000,opaque:DEC128:06765c790000000000000000001c0000
P11_6_5_3_3,decimal,point1,0.1,"[1, 1.6, -4]",ulong,i64max_plus1,8000000000000000,"[1, 1.0, 63]",06765c790000000000000000001c0000,opaque:DEC128:06765c790000000000000000001c0000
P11_6_5_4_3,decimal,point1,0.1,"[1, 1.6, -4]",ulong,p53_plus1,0020000000000001,"[1, 1.0000000000000001110223024625157, 53]",d971e4ff0000001900000000001c0000,opaque:DEC128:d971e4ff0000001900000000001c0000
P11_6_5_5_3,decimal,point1,0.1,"[1, 1.6, -4]",ulong,u64max,ffffffffffffffff,"[1, 1.9999999999999999998915797827514, 63]",033b2e3d0000000000000000001c0000,opaque:DEC128:033b2e3d0000000000000000001c0000
P11_8_0_0_3,decimal,base_1_5,1.5,"[1, 1.5, 0]",short,base_42,002a,"[1, 1.3125, 5]",e52492491481525e01276bf1001c0000,opaque:DEC128:e52492491481525e01276bf1001c0000
P11_8_0_1_3,decimal,base_1_5,1.5,"[1, 1.5, 0]",short,base_zero,0000,"[1, 0.0, 0]",,RAISE:DivideByZeroException
P11_8_1_0_3,decimal,base_pi,3.141592653589793,"[1, 1.5707963267948965, 1]",short,base_42,002a,"[1, 1.3125, 5]",61c889e86dfa62d1026abaca001c0000,opaque:DEC128:61c889e86dfa62d1026abaca001c0000
P11_8_1_1_3,decimal,base_pi,3.141592653589793,"[1, 1.5707963267948965, 1]",short,base_zero,0000,"[1, 0.0, 0]",,RAISE:DivideByZeroException
P11_8_4_0_3,decimal,negzero,negzero,"[-1, 0.0, 0]",short,base_42,002a,"[1, 1.3125, 5]",00000000000000000000000080010000,opaque:DEC128:00000000000000000000000080010000
P11_8_4_1_3,decimal,negzero,negzero,"[-1, 0.0, 0]",short,base_zero,0000,"[1, 0.0, 0]",,RAISE:DivideByZeroException
P11_8_5_0_3,decimal,point1,0.1,"[1, 1.6, -4]",short,base_42,002a,"[1, 1.3125, 5]",97cf3cf4df3bd24a0013b1dc001c0000,opaque:DEC128:97cf3cf4df3bd24a0013b1dc001c0000
P11_8_5_1_3,decimal,point1,0.1,"[1, 1.6, -4]",short,base_zero,0000,"[1, 0.0, 0]",,RAISE:DivideByZeroException
P11_11_0_0_3,decimal,base_1_5,1.5,"[1, 1.5, 0]",decimal,base_1_5,1.5,"[1, 1.5, 0]",00000001000000000000000000000000,opaque:DEC128:00000001000000000000000000000000
P11_11_0_1_3,decimal,base_1_5,1.5,"[1, 1.5, 0]",decimal,base_pi,3.141592653589793,"[1, 1.5707963267948965, 1]",32c4ea8497d2c1bd0f6d7f1a001c0000,opaque:DEC128:32c4ea8497d2c1bd0f6d7f1a001c0000
P11_11_0_4_3,decimal,base_1_5,1.5,"[1, 1.5, 0]",decimal,negzero,negzero,"[-1, 0.0, 0]",,RAISE:DivideByZeroException
P11_11_0_5_3,decimal,base_1_5,1.5,"[1, 1.5, 0]",decimal,point1,0.1,"[1, 1.6, -4]",0000000f000000000000000000000000,opaque:DEC128:0000000f000000000000000000000000
P11_11_1_0_3,decimal,base_pi,3.141592653589793,"[1, 1.5707963267948965, 1]",decimal,base_1_5,1.5,"[1, 1.5, 0]",b1ef15550762cee643ac6e24001c0000,opaque:DEC128:b1ef15550762cee643ac6e24001c0000
P11_11_1_1_3,decimal,base_pi,3.141592653589793,"[1, 1.5707963267948965, 1]",decimal,base_pi,3.141592653589793,"[1, 1.5707963267948965, 1]",00000001000000000000000000000000,opaque:DEC128:00000001000000000000000000000000
P11_11_1_4_3,decimal,base_pi,3.141592653589793,"[1, 1.5707963267948965, 1]",decimal,negzero,negzero,"[-1, 0.0, 0]",,RAISE:DivideByZeroException
P11_11_1_5_3,decimal,base_pi,3.141592653589793,"[1, 1.5707963267948965, 1]",decimal,point1,0.1,"[1, 1.6, -4]",0a256d21000b294300000000000e0000,opaque:DEC128:0a256d21000b294300000000000e0000
P11_11_4_0_3,decimal,negzero,negzero,"[-1, 0.0, 0]",decimal,base_1_5,1.5,"[1, 1.5, 0]",00000000000000000000000080000000,opaque:DEC128:00000000000000000000000080000000
P11_11_4_1_3,decimal,negzero,negzero,"[-1, 0.0, 0]",decimal,base_pi,3.141592653589793,"[1, 1.5707963267948965, 1]",00000000000000000000000080000000,opaque:DEC128:00000000000000000000000080000000
P11_11_4_4_3,decimal,negzero,negzero,"[-1, 0.0, 0]",decimal,negzero,negzero,"[-1, 0.0, 0]",,RAISE:DivideByZeroException
P11_11_4_5_3,decimal,negzero,negzero,"[-1, 0.0, 0]",decimal,point1,0.1,"[1, 1.6, -4]",00000000000000000000000080000000,opaque:DEC128:00000000000000000000000080000000
P11_11_5_0_3,decimal,point1,0.1,"[1, 1.6, -4]",decimal,base_1_5,1.5,"[1, 1.5, 0]",9aaaaaab6a8b002802277428001c0000,opaque:DEC128:9aaaaaab6a8b002802277428001c0000
P11_11_5_1_3,decimal,point1,0.1,"[1, 1.6, -4]",decimal,base_pi,3.141592653589793,"[1, 1.5707963267948965, 1]",036276098196957301074cbd001c0000,opaque:DEC128:036276098196957301074cbd001c0000
P11_11_5_4_3,decimal,point1,0.1,"[1, 1.6, -4]",decimal,negzero,negzero,"[-1, 0.0, 0]",,RAISE:DivideByZeroException
P11_11_5_5_3,decimal,point1,0.1,"[1, 1.6, -4]",decimal,point1,0.1,"[1, 1.6, -4]",00000001000000000000000000000000,opaque:DEC128:00000001000000000000000000000000
A:/|0|0,string? (null reference),null,null,null,string? (null reference),null,null,null,,REFUSE
A:/|0|1,string? (null reference),null,null,null,Nullable<int>,null,null,null,,REFUSE
A:/|0|2,string? (null reference),null,null,null,object (null reference),null,null,null,,REFUSE
A:/|0|3,string? (null reference),null,null,null,bool,true,true,true,,REFUSE
A:/|0|4,string? (null reference),null,null,null,int,base_42,0000002a,"[1, 1.3125, 5]",,REFUSE
A:/|0|5,string? (null reference),null,null,null,long,base_42,000000000000002a,"[1, 1.3125, 5]",,REFUSE
A:/|0|6,string? (null reference),null,null,null,ulong,base_42,000000000000002a,"[1, 1.3125, 5]",,REFUSE
A:/|0|7,string? (null reference),null,null,null,System.Numerics.BigInteger,base_42,2a,"[1, 1.3125, 5]",,REFUSE
A:/|0|8,string? (null reference),null,null,null,short,base_42,002a,"[1, 1.3125, 5]",,REFUSE
A:/|0|9,string? (null reference),null,null,null,double,base_1_5,3ff8000000000000,"[1, 1.5, 0]",,REFUSE
A:/|0|10,string? (null reference),null,null,null,float,base_1_5,3fc00000,"[1, 1.5, 0]",,REFUSE
A:/|0|11,string? (null reference),null,null,null,decimal,base_1_5,1.5,"[1, 1.5, 0]",,REFUSE
A:/|0|12,string? (null reference),null,null,null,string,base_hello,68656c6c6f,t|68656c6c6f|5|5|5,,REFUSE
A:/|0|13,string? (null reference),null,null,null,char[],base_hello,68656c6c6f,t|68656c6c6f|5|5|5,,REFUSE
A:/|0|14,string? (null reference),null,null,null,System.Text.StringBuilder,base_hello,68656c6c6f,t|68656c6c6f|5|5|5,,REFUSE
A:/|0|15,string? (null reference),null,null,null,byte[],base_hello,68656c6c6f,t|68656c6c6f|5|5|5,,REFUSE
A:/|0|16,string? (null reference),null,null,null,T[],base,"[1, 2, 3]","c|[1, 1.0, 0],[1, 1.0, 1],[1, 1.5, 1]|integer|as-sorted",,REFUSE
A:/|0|17,string? (null reference),null,null,null,List<T>,base,"[1, 2, 3]","c|[1, 1.0, 0],[1, 1.0, 1],[1, 1.5, 1]|integer|as-sorted",,REFUSE
A:/|0|18,string? (null reference),null,null,null,ReadOnlyCollection<T>,base,"[1, 2, 3]","c|[1, 1.0, 0],[1, 1.0, 1],[1, 1.5, 1]|integer|as-sorted",,REFUSE
A:/|0|19,string? (null reference),null,null,null,LinkedList<T>,base,"[1, 2, 3]","c|[1, 1.0, 0],[1, 1.0, 1],[1, 1.5, 1]|integer|as-sorted",,REFUSE
A:/|0|20,string? (null reference),null,null,null,ValueTuple,base,"[1, 2, 3]","c|[1, 1.0, 0],[1, 1.0, 1],[1, 1.5, 1]|integer|as-sorted",,REFUSE
A:/|0|21,string? (null reference),null,null,null,object[],base,"[1, 2, 3]","c|[1, 1.0, 0],[1, 1.0, 1],[1, 1.5, 1]|integer|as-sorted",,REFUSE
A:/|0|22,string? (null reference),null,null,null,"Dictionary<string,V>",flat,"{'a': 1, 'b': 2, 'c': 3}","c|[1, 1.0, 0],[1, 1.0, 1],[1, 1.5, 1]|text|not-applicable",,REFUSE
A:/|0|23,string? (null reference),null,null,null,"SortedDictionary<string,V>",flat,"{'a': 1, 'b': 2, 'c': 3}","c|[1, 1.0, 0],[1, 1.0, 1],[1, 1.5, 1]|text|not-applicable",,REFUSE
A:/|0|24,string? (null reference),null,null,null,record,flat,"{'a': 1, 'b': 2, 'c': 3}","c|[1, 1.0, 0],[1, 1.0, 1],[1, 1.5, 1]|text|not-applicable",,REFUSE
A:/|0|25,string? (null reference),null,null,null,struct,flat,"{'a': 1, 'b': 2, 'c': 3}","c|[1, 1.0, 0],[1, 1.0, 1],[1, 1.5, 1]|text|not-applicable",,REFUSE
A:/|0|26,string? (null reference),null,null,null,class with fields,flat,"{'a': 1, 'b': 2, 'c': 3}","c|[1, 1.0, 0],[1, 1.0, 1],[1, 1.5, 1]|text|not-applicable",,REFUSE
A:/|0|27,string? (null reference),null,null,null,List<List<T>>,seq_in_seq,"[[1, 2], [3, 4]]","c|c|[1, 1.0, 0],[1, 1.0, 1]|integer|as-sorted,c|[1, 1.0, 2],[1, 1.5, 1]|integer|as-sorted|integer|as-sorted",,REFUSE
A:/|0|28,string? (null reference),null,null,null,"Dictionary<string,object>",seq_in_seq,"[[1, 2], [3, 4]]","c|c|[1, 1.0, 0],[1, 1.0, 1]|integer|as-sorted,c|[1, 1.0, 2],[1, 1.5, 1]|integer|as-sorted|integer|as-sorted",,REFUSE
A:/|0|29,string? (null reference),null,null,null,object[],seq_in_seq,"[[1, 2], [3, 4]]","c|c|[1, 1.0, 0],[1, 1.0, 1]|integer|as-sorted,c|[1, 1.0, 2],[1, 1.5, 1]|integer|as-sorted|integer|as-sorted",,REFUSE
A:/|1|0,Nullable<int>,null,null,null,string? (null reference),null,null,null,,REFUSE
A:/|1|2,Nullable<int>,null,null,null,object (null reference),null,null,null,,REFUSE
A:/|1|3,Nullable<int>,null,null,null,bool,true,true,true,,REFUSE
A:/|1|6,Nullable<int>,null,null,null,ulong,base_42,000000000000002a,"[1, 1.3125, 5]",,REFUSE
A:/|1|12,Nullable<int>,null,null,null,string,base_hello,68656c6c6f,t|68656c6c6f|5|5|5,,REFUSE
A:/|1|13,Nullable<int>,null,null,null,char[],base_hello,68656c6c6f,t|68656c6c6f|5|5|5,,REFUSE
A:/|1|14,Nullable<int>,null,null,null,System.Text.StringBuilder,base_hello,68656c6c6f,t|68656c6c6f|5|5|5,,REFUSE
A:/|1|15,Nullable<int>,null,null,null,byte[],base_hello,68656c6c6f,t|68656c6c6f|5|5|5,,REFUSE
A:/|1|16,Nullable<int>,null,null,null,T[],base,"[1, 2, 3]","c|[1, 1.0, 0],[1, 1.0, 1],[1, 1.5, 1]|integer|as-sorted",,REFUSE
A:/|1|17,Nullable<int>,null,null,null,List<T>,base,"[1, 2, 3]","c|[1, 1.0, 0],[1, 1.0, 1],[1, 1.5, 1]|integer|as-sorted",,REFUSE
A:/|1|18,Nullable<int>,null,null,null,ReadOnlyCollection<T>,base,"[1, 2, 3]","c|[1, 1.0, 0],[1, 1.0, 1],[1, 1.5, 1]|integer|as-sorted",,REFUSE
A:/|1|19,Nullable<int>,null,null,null,LinkedList<T>,base,"[1, 2, 3]","c|[1, 1.0, 0],[1, 1.0, 1],[1, 1.5, 1]|integer|as-sorted",,REFUSE
A:/|1|20,Nullable<int>,null,null,null,ValueTuple,base,"[1, 2, 3]","c|[1, 1.0, 0],[1, 1.0, 1],[1, 1.5, 1]|integer|as-sorted",,REFUSE
A:/|1|21,Nullable<int>,null,null,null,object[],base,"[1, 2, 3]","c|[1, 1.0, 0],[1, 1.0, 1],[1, 1.5, 1]|integer|as-sorted",,REFUSE
A:/|1|22,Nullable<int>,null,null,null,"Dictionary<string,V>",flat,"{'a': 1, 'b': 2, 'c': 3}","c|[1, 1.0, 0],[1, 1.0, 1],[1, 1.5, 1]|text|not-applicable",,REFUSE
A:/|1|23,Nullable<int>,null,null,null,"SortedDictionary<string,V>",flat,"{'a': 1, 'b': 2, 'c': 3}","c|[1, 1.0, 0],[1, 1.0, 1],[1, 1.5, 1]|text|not-applicable",,REFUSE
A:/|1|24,Nullable<int>,null,null,null,record,flat,"{'a': 1, 'b': 2, 'c': 3}","c|[1, 1.0, 0],[1, 1.0, 1],[1, 1.5, 1]|text|not-applicable",,REFUSE
A:/|1|25,Nullable<int>,null,null,null,struct,flat,"{'a': 1, 'b': 2, 'c': 3}","c|[1, 1.0, 0],[1, 1.0, 1],[1, 1.5, 1]|text|not-applicable",,REFUSE
A:/|1|26,Nullable<int>,null,null,null,class with fields,flat,"{'a': 1, 'b': 2, 'c': 3}","c|[1, 1.0, 0],[1, 1.0, 1],[1, 1.5, 1]|text|not-applicable",,REFUSE
A:/|1|27,Nullable<int>,null,null,null,List<List<T>>,seq_in_seq,"[[1, 2], [3, 4]]","c|c|[1, 1.0, 0],[1, 1.0, 1]|integer|as-sorted,c|[1, 1.0, 2],[1, 1.5, 1]|integer|as-sorted|integer|as-sorted",,REFUSE
A:/|1|28,Nullable<int>,null,null,null,"Dictionary<string,object>",seq_in_seq,"[[1, 2], [3, 4]]","c|c|[1, 1.0, 0],[1, 1.0, 1]|integer|as-sorted,c|[1, 1.0, 2],[1, 1.5, 1]|integer|as-sorted|integer|as-sorted",,REFUSE
A:/|1|29,Nullable<int>,null,null,null,object[],seq_in_seq,"[[1, 2], [3, 4]]","c|c|[1, 1.0, 0],[1, 1.0, 1]|integer|as-sorted,c|[1, 1.0, 2],[1, 1.5, 1]|integer|as-sorted|integer|as-sorted",,REFUSE
A:/|2|0,object (null reference),null,null,null,string? (null reference),null,null,null,,REFUSE
A:/|2|1,object (null reference),null,null,null,Nullable<int>,null,null,null,,REFUSE
A:/|2|2,object (null reference),null,null,null,object (null reference),null,null,null,,REFUSE
A:/|2|3,object (null reference),null,null,null,bool,true,true,true,,REFUSE
A:/|2|4,object (null reference),null,null,null,int,base_42,0000002a,"[1, 1.3125, 5]",,REFUSE
A:/|2|5,object (null reference),null,null,null,long,base_42,000000000000002a,"[1, 1.3125, 5]",,REFUSE
A:/|2|6,object (null reference),null,null,null,ulong,base_42,000000000000002a,"[1, 1.3125, 5]",,REFUSE
A:/|2|7,object (null reference),null,null,null,System.Numerics.BigInteger,base_42,2a,"[1, 1.3125, 5]",,REFUSE
A:/|2|8,object (null reference),null,null,null,short,base_42,002a,"[1, 1.3125, 5]",,REFUSE
A:/|2|9,object (null reference),null,null,null,double,base_1_5,3ff8000000000000,"[1, 1.5, 0]",,REFUSE
A:/|2|10,object (null reference),null,null,null,float,base_1_5,3fc00000,"[1, 1.5, 0]",,REFUSE
A:/|2|11,object (null reference),null,null,null,decimal,base_1_5,1.5,"[1, 1.5, 0]",,REFUSE
A:/|2|12,object (null reference),null,null,null,string,base_hello,68656c6c6f,t|68656c6c6f|5|5|5,,REFUSE
A:/|2|13,object (null reference),null,null,null,char[],base_hello,68656c6c6f,t|68656c6c6f|5|5|5,,REFUSE
A:/|2|14,object (null reference),null,null,null,System.Text.StringBuilder,base_hello,68656c6c6f,t|68656c6c6f|5|5|5,,REFUSE
A:/|2|15,object (null reference),null,null,null,byte[],base_hello,68656c6c6f,t|68656c6c6f|5|5|5,,REFUSE
A:/|2|16,object (null reference),null,null,null,T[],base,"[1, 2, 3]","c|[1, 1.0, 0],[1, 1.0, 1],[1, 1.5, 1]|integer|as-sorted",,REFUSE
A:/|2|17,object (null reference),null,null,null,List<T>,base,"[1, 2, 3]","c|[1, 1.0, 0],[1, 1.0, 1],[1, 1.5, 1]|integer|as-sorted",,REFUSE
A:/|2|18,object (null reference),null,null,null,ReadOnlyCollection<T>,base,"[1, 2, 3]","c|[1, 1.0, 0],[1, 1.0, 1],[1, 1.5, 1]|integer|as-sorted",,REFUSE
A:/|2|19,object (null reference),null,null,null,LinkedList<T>,base,"[1, 2, 3]","c|[1, 1.0, 0],[1, 1.0, 1],[1, 1.5, 1]|integer|as-sorted",,REFUSE
A:/|2|20,object (null reference),null,null,null,ValueTuple,base,"[1, 2, 3]","c|[1, 1.0, 0],[1, 1.0, 1],[1, 1.5, 1]|integer|as-sorted",,REFUSE
A:/|2|21,object (null reference),null,null,null,object[],base,"[1, 2, 3]","c|[1, 1.0, 0],[1, 1.0, 1],[1, 1.5, 1]|integer|as-sorted",,REFUSE
A:/|2|22,object (null reference),null,null,null,"Dictionary<string,V>",flat,"{'a': 1, 'b': 2, 'c': 3}","c|[1, 1.0, 0],[1, 1.0, 1],[1, 1.5, 1]|text|not-applicable",,REFUSE
A:/|2|23,object (null reference),null,null,null,"SortedDictionary<string,V>",flat,"{'a': 1, 'b': 2, 'c': 3}","c|[1, 1.0, 0],[1, 1.0, 1],[1, 1.5, 1]|text|not-applicable",,REFUSE
A:/|2|24,object (null reference),null,null,null,record,flat,"{'a': 1, 'b': 2, 'c': 3}","c|[1, 1.0, 0],[1, 1.0, 1],[1, 1.5, 1]|text|not-applicable",,REFUSE
A:/|2|25,object (null reference),null,null,null,struct,flat,"{'a': 1, 'b': 2, 'c': 3}","c|[1, 1.0, 0],[1, 1.0, 1],[1, 1.5, 1]|text|not-applicable",,REFUSE
A:/|2|26,object (null reference),null,null,null,class with fields,flat,"{'a': 1, 'b': 2, 'c': 3}","c|[1, 1.0, 0],[1, 1.0, 1],[1, 1.5, 1]|text|not-applicable",,REFUSE
A:/|2|27,object (null reference),null,null,null,List<List<T>>,seq_in_seq,"[[1, 2], [3, 4]]","c|c|[1, 1.0, 0],[1, 1.0, 1]|integer|as-sorted,c|[1, 1.0, 2],[1, 1.5, 1]|integer|as-sorted|integer|as-sorted",,REFUSE
A:/|2|28,object (null reference),null,null,null,"Dictionary<string,object>",seq_in_seq,"[[1, 2], [3, 4]]","c|c|[1, 1.0, 0],[1, 1.0, 1]|integer|as-sorted,c|[1, 1.0, 2],[1, 1.5, 1]|integer|as-sorted|integer|as-sorted",,REFUSE
A:/|2|29,object (null reference),null,null,null,object[],seq_in_seq,"[[1, 2], [3, 4]]","c|c|[1, 1.0, 0],[1, 1.0, 1]|integer|as-sorted,c|[1, 1.0, 2],[1, 1.5, 1]|integer|as-sorted|integer|as-sorted",,REFUSE
A:/|3|0,bool,true,true,true,string? (null reference),null,null,null,,REFUSE
A:/|3|1,bool,true,true,true,Nullable<int>,null,null,null,,REFUSE
A:/|3|2,bool,true,true,true,object (null reference),null,null,null,,REFUSE
A:/|3|3,bool,true,true,true,bool,true,true,true,,REFUSE
A:/|3|4,bool,true,true,true,int,base_42,0000002a,"[1, 1.3125, 5]",,REFUSE
A:/|3|5,bool,true,true,true,long,base_42,000000000000002a,"[1, 1.3125, 5]",,REFUSE
A:/|3|6,bool,true,true,true,ulong,base_42,000000000000002a,"[1, 1.3125, 5]",,REFUSE
A:/|3|7,bool,true,true,true,System.Numerics.BigInteger,base_42,2a,"[1, 1.3125, 5]",,REFUSE
A:/|3|8,bool,true,true,true,short,base_42,002a,"[1, 1.3125, 5]",,REFUSE
A:/|3|9,bool,true,true,true,double,base_1_5,3ff8000000000000,"[1, 1.5, 0]",,REFUSE
A:/|3|10,bool,true,true,true,float,base_1_5,3fc00000,"[1, 1.5, 0]",,REFUSE
A:/|3|11,bool,true,true,true,decimal,base_1_5,1.5,"[1, 1.5, 0]",,REFUSE
A:/|3|12,bool,true,true,true,string,base_hello,68656c6c6f,t|68656c6c6f|5|5|5,,REFUSE
A:/|3|13,bool,true,true,true,char[],base_hello,68656c6c6f,t|68656c6c6f|5|5|5,,REFUSE
A:/|3|14,bool,true,true,true,System.Text.StringBuilder,base_hello,68656c6c6f,t|68656c6c6f|5|5|5,,REFUSE
A:/|3|15,bool,true,true,true,byte[],base_hello,68656c6c6f,t|68656c6c6f|5|5|5,,REFUSE
A:/|3|16,bool,true,true,true,T[],base,"[1, 2, 3]","c|[1, 1.0, 0],[1, 1.0, 1],[1, 1.5, 1]|integer|as-sorted",,REFUSE
A:/|3|17,bool,true,true,true,List<T>,base,"[1, 2, 3]","c|[1, 1.0, 0],[1, 1.0, 1],[1, 1.5, 1]|integer|as-sorted",,REFUSE
A:/|3|18,bool,true,true,true,ReadOnlyCollection<T>,base,"[1, 2, 3]","c|[1, 1.0, 0],[1, 1.0, 1],[1, 1.5, 1]|integer|as-sorted",,REFUSE
A:/|3|19,bool,true,true,true,LinkedList<T>,base,"[1, 2, 3]","c|[1, 1.0, 0],[1, 1.0, 1],[1, 1.5, 1]|integer|as-sorted",,REFUSE
A:/|3|20,bool,true,true,true,ValueTuple,base,"[1, 2, 3]","c|[1, 1.0, 0],[1, 1.0, 1],[1, 1.5, 1]|integer|as-sorted",,REFUSE
A:/|3|21,bool,true,true,true,object[],base,"[1, 2, 3]","c|[1, 1.0, 0],[1, 1.0, 1],[1, 1.5, 1]|integer|as-sorted",,REFUSE
A:/|3|22,bool,true,true,true,"Dictionary<string,V>",flat,"{'a': 1, 'b': 2, 'c': 3}","c|[1, 1.0, 0],[1, 1.0, 1],[1, 1.5, 1]|text|not-applicable",,REFUSE
A:/|3|23,bool,true,true,true,"SortedDictionary<string,V>",flat,"{'a': 1, 'b': 2, 'c': 3}","c|[1, 1.0, 0],[1, 1.0, 1],[1, 1.5, 1]|text|not-applicable",,REFUSE
A:/|3|24,bool,true,true,true,record,flat,"{'a': 1, 'b': 2, 'c': 3}","c|[1, 1.0, 0],[1, 1.0, 1],[1, 1.5, 1]|text|not-applicable",,REFUSE
A:/|3|25,bool,true,true,true,struct,flat,"{'a': 1, 'b': 2, 'c': 3}","c|[1, 1.0, 0],[1, 1.0, 1],[1, 1.5, 1]|text|not-applicable",,REFUSE
A:/|3|26,bool,true,true,true,class with fields,flat,"{'a': 1, 'b': 2, 'c': 3}","c|[1, 1.0, 0],[1, 1.0, 1],[1, 1.5, 1]|text|not-applicable",,REFUSE
A:/|3|27,bool,true,true,true,List<List<T>>,seq_in_seq,"[[1, 2], [3, 4]]","c|c|[1, 1.0, 0],[1, 1.0, 1]|integer|as-sorted,c|[1, 1.0, 2],[1, 1.5, 1]|integer|as-sorted|integer|as-sorted",,REFUSE
A:/|3|28,bool,true,true,true,"Dictionary<string,object>",seq_in_seq,"[[1, 2], [3, 4]]","c|c|[1, 1.0, 0],[1, 1.0, 1]|integer|as-sorted,c|[1, 1.0, 2],[1, 1.5, 1]|integer|as-sorted|integer|as-sorted",,REFUSE
A:/|3|29,bool,true,true,true,object[],seq_in_seq,"[[1, 2], [3, 4]]","c|c|[1, 1.0, 0],[1, 1.0, 1]|integer|as-sorted,c|[1, 1.0, 2],[1, 1.5, 1]|integer|as-sorted|integer|as-sorted",,REFUSE
A:/|4|0,int,base_42,0000002a,"[1, 1.3125, 5]",string? (null reference),null,null,null,,REFUSE
A:/|4|2,int,base_42,0000002a,"[1, 1.3125, 5]",object (null reference),null,null,null,,REFUSE
A:/|4|3,int,base_42,0000002a,"[1, 1.3125, 5]",bool,true,true,true,,REFUSE
A:/|4|6,int,base_42,0000002a,"[1, 1.3125, 5]",ulong,base_42,000000000000002a,"[1, 1.3125, 5]",,REFUSE
A:/|4|12,int,base_42,0000002a,"[1, 1.3125, 5]",string,base_hello,68656c6c6f,t|68656c6c6f|5|5|5,,REFUSE
A:/|4|13,int,base_42,0000002a,"[1, 1.3125, 5]",char[],base_hello,68656c6c6f,t|68656c6c6f|5|5|5,,REFUSE
A:/|4|14,int,base_42,0000002a,"[1, 1.3125, 5]",System.Text.StringBuilder,base_hello,68656c6c6f,t|68656c6c6f|5|5|5,,REFUSE
A:/|4|15,int,base_42,0000002a,"[1, 1.3125, 5]",byte[],base_hello,68656c6c6f,t|68656c6c6f|5|5|5,,REFUSE
A:/|4|16,int,base_42,0000002a,"[1, 1.3125, 5]",T[],base,"[1, 2, 3]","c|[1, 1.0, 0],[1, 1.0, 1],[1, 1.5, 1]|integer|as-sorted",,REFUSE
A:/|4|17,int,base_42,0000002a,"[1, 1.3125, 5]",List<T>,base,"[1, 2, 3]","c|[1, 1.0, 0],[1, 1.0, 1],[1, 1.5, 1]|integer|as-sorted",,REFUSE
A:/|4|18,int,base_42,0000002a,"[1, 1.3125, 5]",ReadOnlyCollection<T>,base,"[1, 2, 3]","c|[1, 1.0, 0],[1, 1.0, 1],[1, 1.5, 1]|integer|as-sorted",,REFUSE
A:/|4|19,int,base_42,0000002a,"[1, 1.3125, 5]",LinkedList<T>,base,"[1, 2, 3]","c|[1, 1.0, 0],[1, 1.0, 1],[1, 1.5, 1]|integer|as-sorted",,REFUSE
A:/|4|20,int,base_42,0000002a,"[1, 1.3125, 5]",ValueTuple,base,"[1, 2, 3]","c|[1, 1.0, 0],[1, 1.0, 1],[1, 1.5, 1]|integer|as-sorted",,REFUSE
A:/|4|21,int,base_42,0000002a,"[1, 1.3125, 5]",object[],base,"[1, 2, 3]","c|[1, 1.0, 0],[1, 1.0, 1],[1, 1.5, 1]|integer|as-sorted",,REFUSE
A:/|4|22,int,base_42,0000002a,"[1, 1.3125, 5]","Dictionary<string,V>",flat,"{'a': 1, 'b': 2, 'c': 3}","c|[1, 1.0, 0],[1, 1.0, 1],[1, 1.5, 1]|text|not-applicable",,REFUSE
A:/|4|23,int,base_42,0000002a,"[1, 1.3125, 5]","SortedDictionary<string,V>",flat,"{'a': 1, 'b': 2, 'c': 3}","c|[1, 1.0, 0],[1, 1.0, 1],[1, 1.5, 1]|text|not-applicable",,REFUSE
A:/|4|24,int,base_42,0000002a,"[1, 1.3125, 5]",record,flat,"{'a': 1, 'b': 2, 'c': 3}","c|[1, 1.0, 0],[1, 1.0, 1],[1, 1.5, 1]|text|not-applicable",,REFUSE
A:/|4|25,int,base_42,0000002a,"[1, 1.3125, 5]",struct,flat,"{'a': 1, 'b': 2, 'c': 3}","c|[1, 1.0, 0],[1, 1.0, 1],[1, 1.5, 1]|text|not-applicable",,REFUSE
A:/|4|26,int,base_42,0000002a,"[1, 1.3125, 5]",class with fields,flat,"{'a': 1, 'b': 2, 'c': 3}","c|[1, 1.0, 0],[1, 1.0, 1],[1, 1.5, 1]|text|not-applicable",,REFUSE
A:/|4|27,int,base_42,0000002a,"[1, 1.3125, 5]",List<List<T>>,seq_in_seq,"[[1, 2], [3, 4]]","c|c|[1, 1.0, 0],[1, 1.0, 1]|integer|as-sorted,c|[1, 1.0, 2],[1, 1.5, 1]|integer|as-sorted|integer|as-sorted",,REFUSE
A:/|4|28,int,base_42,0000002a,"[1, 1.3125, 5]","Dictionary<string,object>",seq_in_seq,"[[1, 2], [3, 4]]","c|c|[1, 1.0, 0],[1, 1.0, 1]|integer|as-sorted,c|[1, 1.0, 2],[1, 1.5, 1]|integer|as-sorted|integer|as-sorted",,REFUSE
A:/|4|29,int,base_42,0000002a,"[1, 1.3125, 5]",object[],seq_in_seq,"[[1, 2], [3, 4]]","c|c|[1, 1.0, 0],[1, 1.0, 1]|integer|as-sorted,c|[1, 1.0, 2],[1, 1.5, 1]|integer|as-sorted|integer|as-sorted",,REFUSE
A:/|5|0,long,base_42,000000000000002a,"[1, 1.3125, 5]",string? (null reference),null,null,null,,REFUSE
A:/|5|2,long,base_42,000000000000002a,"[1, 1.3125, 5]",object (null reference),null,null,null,,REFUSE
A:/|5|3,long,base_42,000000000000002a,"[1, 1.3125, 5]",bool,true,true,true,,REFUSE
A:/|5|6,long,base_42,000000000000002a,"[1, 1.3125, 5]",ulong,base_42,000000000000002a,"[1, 1.3125, 5]",,REFUSE
A:/|5|12,long,base_42,000000000000002a,"[1, 1.3125, 5]",string,base_hello,68656c6c6f,t|68656c6c6f|5|5|5,,REFUSE
A:/|5|13,long,base_42,000000000000002a,"[1, 1.3125, 5]",char[],base_hello,68656c6c6f,t|68656c6c6f|5|5|5,,REFUSE
A:/|5|14,long,base_42,000000000000002a,"[1, 1.3125, 5]",System.Text.StringBuilder,base_hello,68656c6c6f,t|68656c6c6f|5|5|5,,REFUSE
A:/|5|15,long,base_42,000000000000002a,"[1, 1.3125, 5]",byte[],base_hello,68656c6c6f,t|68656c6c6f|5|5|5,,REFUSE
A:/|5|16,long,base_42,000000000000002a,"[1, 1.3125, 5]",T[],base,"[1, 2, 3]","c|[1, 1.0, 0],[1, 1.0, 1],[1, 1.5, 1]|integer|as-sorted",,REFUSE
A:/|5|17,long,base_42,000000000000002a,"[1, 1.3125, 5]",List<T>,base,"[1, 2, 3]","c|[1, 1.0, 0],[1, 1.0, 1],[1, 1.5, 1]|integer|as-sorted",,REFUSE
A:/|5|18,long,base_42,000000000000002a,"[1, 1.3125, 5]",ReadOnlyCollection<T>,base,"[1, 2, 3]","c|[1, 1.0, 0],[1, 1.0, 1],[1, 1.5, 1]|integer|as-sorted",,REFUSE
A:/|5|19,long,base_42,000000000000002a,"[1, 1.3125, 5]",LinkedList<T>,base,"[1, 2, 3]","c|[1, 1.0, 0],[1, 1.0, 1],[1, 1.5, 1]|integer|as-sorted",,REFUSE
A:/|5|20,long,base_42,000000000000002a,"[1, 1.3125, 5]",ValueTuple,base,"[1, 2, 3]","c|[1, 1.0, 0],[1, 1.0, 1],[1, 1.5, 1]|integer|as-sorted",,REFUSE
A:/|5|21,long,base_42,000000000000002a,"[1, 1.3125, 5]",object[],base,"[1, 2, 3]","c|[1, 1.0, 0],[1, 1.0, 1],[1, 1.5, 1]|integer|as-sorted",,REFUSE
A:/|5|22,long,base_42,000000000000002a,"[1, 1.3125, 5]","Dictionary<string,V>",flat,"{'a': 1, 'b': 2, 'c': 3}","c|[1, 1.0, 0],[1, 1.0, 1],[1, 1.5, 1]|text|not-applicable",,REFUSE
A:/|5|23,long,base_42,000000000000002a,"[1, 1.3125, 5]","SortedDictionary<string,V>",flat,"{'a': 1, 'b': 2, 'c': 3}","c|[1, 1.0, 0],[1, 1.0, 1],[1, 1.5, 1]|text|not-applicable",,REFUSE
A:/|5|24,long,base_42,000000000000002a,"[1, 1.3125, 5]",record,flat,"{'a': 1, 'b': 2, 'c': 3}","c|[1, 1.0, 0],[1, 1.0, 1],[1, 1.5, 1]|text|not-applicable",,REFUSE
A:/|5|25,long,base_42,000000000000002a,"[1, 1.3125, 5]",struct,flat,"{'a': 1, 'b': 2, 'c': 3}","c|[1, 1.0, 0],[1, 1.0, 1],[1, 1.5, 1]|text|not-applicable",,REFUSE
A:/|5|26,long,base_42,000000000000002a,"[1, 1.3125, 5]",class with fields,flat,"{'a': 1, 'b': 2, 'c': 3}","c|[1, 1.0, 0],[1, 1.0, 1],[1, 1.5, 1]|text|not-applicable",,REFUSE
A:/|5|27,long,base_42,000000000000002a,"[1, 1.3125, 5]",List<List<T>>,seq_in_seq,"[[1, 2], [3, 4]]","c|c|[1, 1.0, 0],[1, 1.0, 1]|integer|as-sorted,c|[1, 1.0, 2],[1, 1.5, 1]|integer|as-sorted|integer|as-sorted",,REFUSE
A:/|5|28,long,base_42,000000000000002a,"[1, 1.3125, 5]","Dictionary<string,object>",seq_in_seq,"[[1, 2], [3, 4]]","c|c|[1, 1.0, 0],[1, 1.0, 1]|integer|as-sorted,c|[1, 1.0, 2],[1, 1.5, 1]|integer|as-sorted|integer|as-sorted",,REFUSE
A:/|5|29,long,base_42,000000000000002a,"[1, 1.3125, 5]",object[],seq_in_seq,"[[1, 2], [3, 4]]","c|c|[1, 1.0, 0],[1, 1.0, 1]|integer|as-sorted,c|[1, 1.0, 2],[1, 1.5, 1]|integer|as-sorted|integer|as-sorted",,REFUSE
A:/|6|0,ulong,base_42,000000000000002a,"[1, 1.3125, 5]",string? (null reference),null,null,null,,REFUSE
A:/|6|1,ulong,base_42,000000000000002a,"[1, 1.3125, 5]",Nullable<int>,null,null,null,,REFUSE
A:/|6|2,ulong,base_42,000000000000002a,"[1, 1.3125, 5]",object (null reference),null,null,null,,REFUSE
A:/|6|3,ulong,base_42,000000000000002a,"[1, 1.3125, 5]",bool,true,true,true,,REFUSE
A:/|6|4,ulong,base_42,000000000000002a,"[1, 1.3125, 5]",int,base_42,0000002a,"[1, 1.3125, 5]",,REFUSE
A:/|6|5,ulong,base_42,000000000000002a,"[1, 1.3125, 5]",long,base_42,000000000000002a,"[1, 1.3125, 5]",,REFUSE
A:/|6|8,ulong,base_42,000000000000002a,"[1, 1.3125, 5]",short,base_42,002a,"[1, 1.3125, 5]",,REFUSE
A:/|6|12,ulong,base_42,000000000000002a,"[1, 1.3125, 5]",string,base_hello,68656c6c6f,t|68656c6c6f|5|5|5,,REFUSE
A:/|6|13,ulong,base_42,000000000000002a,"[1, 1.3125, 5]",char[],base_hello,68656c6c6f,t|68656c6c6f|5|5|5,,REFUSE
A:/|6|14,ulong,base_42,000000000000002a,"[1, 1.3125, 5]",System.Text.StringBuilder,base_hello,68656c6c6f,t|68656c6c6f|5|5|5,,REFUSE
A:/|6|15,ulong,base_42,000000000000002a,"[1, 1.3125, 5]",byte[],base_hello,68656c6c6f,t|68656c6c6f|5|5|5,,REFUSE
A:/|6|16,ulong,base_42,000000000000002a,"[1, 1.3125, 5]",T[],base,"[1, 2, 3]","c|[1, 1.0, 0],[1, 1.0, 1],[1, 1.5, 1]|integer|as-sorted",,REFUSE
A:/|6|17,ulong,base_42,000000000000002a,"[1, 1.3125, 5]",List<T>,base,"[1, 2, 3]","c|[1, 1.0, 0],[1, 1.0, 1],[1, 1.5, 1]|integer|as-sorted",,REFUSE
A:/|6|18,ulong,base_42,000000000000002a,"[1, 1.3125, 5]",ReadOnlyCollection<T>,base,"[1, 2, 3]","c|[1, 1.0, 0],[1, 1.0, 1],[1, 1.5, 1]|integer|as-sorted",,REFUSE
A:/|6|19,ulong,base_42,000000000000002a,"[1, 1.3125, 5]",LinkedList<T>,base,"[1, 2, 3]","c|[1, 1.0, 0],[1, 1.0, 1],[1, 1.5, 1]|integer|as-sorted",,REFUSE
A:/|6|20,ulong,base_42,000000000000002a,"[1, 1.3125, 5]",ValueTuple,base,"[1, 2, 3]","c|[1, 1.0, 0],[1, 1.0, 1],[1, 1.5, 1]|integer|as-sorted",,REFUSE
A:/|6|21,ulong,base_42,000000000000002a,"[1, 1.3125, 5]",object[],base,"[1, 2, 3]","c|[1, 1.0, 0],[1, 1.0, 1],[1, 1.5, 1]|integer|as-sorted",,REFUSE
A:/|6|22,ulong,base_42,000000000000002a,"[1, 1.3125, 5]","Dictionary<string,V>",flat,"{'a': 1, 'b': 2, 'c': 3}","c|[1, 1.0, 0],[1, 1.0, 1],[1, 1.5, 1]|text|not-applicable",,REFUSE
A:/|6|23,ulong,base_42,000000000000002a,"[1, 1.3125, 5]","SortedDictionary<string,V>",flat,"{'a': 1, 'b': 2, 'c': 3}","c|[1, 1.0, 0],[1, 1.0, 1],[1, 1.5, 1]|text|not-applicable",,REFUSE
A:/|6|24,ulong,base_42,000000000000002a,"[1, 1.3125, 5]",record,flat,"{'a': 1, 'b': 2, 'c': 3}","c|[1, 1.0, 0],[1, 1.0, 1],[1, 1.5, 1]|text|not-applicable",,REFUSE
A:/|6|25,ulong,base_42,000000000000002a,"[1, 1.3125, 5]",struct,flat,"{'a': 1, 'b': 2, 'c': 3}","c|[1, 1.0, 0],[1, 1.0, 1],[1, 1.5, 1]|text|not-applicable",,REFUSE
A:/|6|26,ulong,base_42,000000000000002a,"[1, 1.3125, 5]",class with fields,flat,"{'a': 1, 'b': 2, 'c': 3}","c|[1, 1.0, 0],[1, 1.0, 1],[1, 1.5, 1]|text|not-applicable",,REFUSE
A:/|6|27,ulong,base_42,000000000000002a,"[1, 1.3125, 5]",List<List<T>>,seq_in_seq,"[[1, 2], [3, 4]]","c|c|[1, 1.0, 0],[1, 1.0, 1]|integer|as-sorted,c|[1, 1.0, 2],[1, 1.5, 1]|integer|as-sorted|integer|as-sorted",,REFUSE
A:/|6|28,ulong,base_42,000000000000002a,"[1, 1.3125, 5]","Dictionary<string,object>",seq_in_seq,"[[1, 2], [3, 4]]","c|c|[1, 1.0, 0],[1, 1.0, 1]|integer|as-sorted,c|[1, 1.0, 2],[1, 1.5, 1]|integer|as-sorted|integer|as-sorted",,REFUSE
A:/|6|29,ulong,base_42,000000000000002a,"[1, 1.3125, 5]",object[],seq_in_seq,"[[1, 2], [3, 4]]","c|c|[1, 1.0, 0],[1, 1.0, 1]|integer|as-sorted,c|[1, 1.0, 2],[1, 1.5, 1]|integer|as-sorted|integer|as-sorted",,REFUSE
A:/|7|0,System.Numerics.BigInteger,base_42,2a,"[1, 1.3125, 5]",string? (null reference),null,null,null,,REFUSE
A:/|7|2,System.Numerics.BigInteger,base_42,2a,"[1, 1.3125, 5]",object (null reference),null,null,null,,REFUSE
A:/|7|3,System.Numerics.BigInteger,base_42,2a,"[1, 1.3125, 5]",bool,true,true,true,,REFUSE
A:/|7|9,System.Numerics.BigInteger,base_42,2a,"[1, 1.3125, 5]",double,base_1_5,3ff8000000000000,"[1, 1.5, 0]",,REFUSE
A:/|7|10,System.Numerics.BigInteger,base_42,2a,"[1, 1.3125, 5]",float,base_1_5,3fc00000,"[1, 1.5, 0]",,REFUSE
A:/|7|11,System.Numerics.BigInteger,base_42,2a,"[1, 1.3125, 5]",decimal,base_1_5,1.5,"[1, 1.5, 0]",,REFUSE
A:/|7|12,System.Numerics.BigInteger,base_42,2a,"[1, 1.3125, 5]",string,base_hello,68656c6c6f,t|68656c6c6f|5|5|5,,REFUSE
A:/|7|13,System.Numerics.BigInteger,base_42,2a,"[1, 1.3125, 5]",char[],base_hello,68656c6c6f,t|68656c6c6f|5|5|5,,REFUSE
A:/|7|14,System.Numerics.BigInteger,base_42,2a,"[1, 1.3125, 5]",System.Text.StringBuilder,base_hello,68656c6c6f,t|68656c6c6f|5|5|5,,REFUSE
A:/|7|15,System.Numerics.BigInteger,base_42,2a,"[1, 1.3125, 5]",byte[],base_hello,68656c6c6f,t|68656c6c6f|5|5|5,,REFUSE
A:/|7|16,System.Numerics.BigInteger,base_42,2a,"[1, 1.3125, 5]",T[],base,"[1, 2, 3]","c|[1, 1.0, 0],[1, 1.0, 1],[1, 1.5, 1]|integer|as-sorted",,REFUSE
A:/|7|17,System.Numerics.BigInteger,base_42,2a,"[1, 1.3125, 5]",List<T>,base,"[1, 2, 3]","c|[1, 1.0, 0],[1, 1.0, 1],[1, 1.5, 1]|integer|as-sorted",,REFUSE
A:/|7|18,System.Numerics.BigInteger,base_42,2a,"[1, 1.3125, 5]",ReadOnlyCollection<T>,base,"[1, 2, 3]","c|[1, 1.0, 0],[1, 1.0, 1],[1, 1.5, 1]|integer|as-sorted",,REFUSE
A:/|7|19,System.Numerics.BigInteger,base_42,2a,"[1, 1.3125, 5]",LinkedList<T>,base,"[1, 2, 3]","c|[1, 1.0, 0],[1, 1.0, 1],[1, 1.5, 1]|integer|as-sorted",,REFUSE
A:/|7|20,System.Numerics.BigInteger,base_42,2a,"[1, 1.3125, 5]",ValueTuple,base,"[1, 2, 3]","c|[1, 1.0, 0],[1, 1.0, 1],[1, 1.5, 1]|integer|as-sorted",,REFUSE
A:/|7|21,System.Numerics.BigInteger,base_42,2a,"[1, 1.3125, 5]",object[],base,"[1, 2, 3]","c|[1, 1.0, 0],[1, 1.0, 1],[1, 1.5, 1]|integer|as-sorted",,REFUSE
A:/|7|22,System.Numerics.BigInteger,base_42,2a,"[1, 1.3125, 5]","Dictionary<string,V>",flat,"{'a': 1, 'b': 2, 'c': 3}","c|[1, 1.0, 0],[1, 1.0, 1],[1, 1.5, 1]|text|not-applicable",,REFUSE
A:/|7|23,System.Numerics.BigInteger,base_42,2a,"[1, 1.3125, 5]","SortedDictionary<string,V>",flat,"{'a': 1, 'b': 2, 'c': 3}","c|[1, 1.0, 0],[1, 1.0, 1],[1, 1.5, 1]|text|not-applicable",,REFUSE
A:/|7|24,System.Numerics.BigInteger,base_42,2a,"[1, 1.3125, 5]",record,flat,"{'a': 1, 'b': 2, 'c': 3}","c|[1, 1.0, 0],[1, 1.0, 1],[1, 1.5, 1]|text|not-applicable",,REFUSE
A:/|7|25,System.Numerics.BigInteger,base_42,2a,"[1, 1.3125, 5]",struct,flat,"{'a': 1, 'b': 2, 'c': 3}","c|[1, 1.0, 0],[1, 1.0, 1],[1, 1.5, 1]|text|not-applicable",,REFUSE
A:/|7|26,System.Numerics.BigInteger,base_42,2a,"[1, 1.3125, 5]",class with fields,flat,"{'a': 1, 'b': 2, 'c': 3}","c|[1, 1.0, 0],[1, 1.0, 1],[1, 1.5, 1]|text|not-applicable",,REFUSE
A:/|7|27,System.Numerics.BigInteger,base_42,2a,"[1, 1.3125, 5]",List<List<T>>,seq_in_seq,"[[1, 2], [3, 4]]","c|c|[1, 1.0, 0],[1, 1.0, 1]|integer|as-sorted,c|[1, 1.0, 2],[1, 1.5, 1]|integer|as-sorted|integer|as-sorted",,REFUSE
A:/|7|28,System.Numerics.BigInteger,base_42,2a,"[1, 1.3125, 5]","Dictionary<string,object>",seq_in_seq,"[[1, 2], [3, 4]]","c|c|[1, 1.0, 0],[1, 1.0, 1]|integer|as-sorted,c|[1, 1.0, 2],[1, 1.5, 1]|integer|as-sorted|integer|as-sorted",,REFUSE
A:/|7|29,System.Numerics.BigInteger,base_42,2a,"[1, 1.3125, 5]",object[],seq_in_seq,"[[1, 2], [3, 4]]","c|c|[1, 1.0, 0],[1, 1.0, 1]|integer|as-sorted,c|[1, 1.0, 2],[1, 1.5, 1]|integer|as-sorted|integer|as-sorted",,REFUSE
A:/|8|0,short,base_42,002a,"[1, 1.3125, 5]",string? (null reference),null,null,null,,REFUSE
A:/|8|2,short,base_42,002a,"[1, 1.3125, 5]",object (null reference),null,null,null,,REFUSE
A:/|8|3,short,base_42,002a,"[1, 1.3125, 5]",bool,true,true,true,,REFUSE
A:/|8|6,short,base_42,002a,"[1, 1.3125, 5]",ulong,base_42,000000000000002a,"[1, 1.3125, 5]",,REFUSE
A:/|8|12,short,base_42,002a,"[1, 1.3125, 5]",string,base_hello,68656c6c6f,t|68656c6c6f|5|5|5,,REFUSE
A:/|8|13,short,base_42,002a,"[1, 1.3125, 5]",char[],base_hello,68656c6c6f,t|68656c6c6f|5|5|5,,REFUSE
A:/|8|14,short,base_42,002a,"[1, 1.3125, 5]",System.Text.StringBuilder,base_hello,68656c6c6f,t|68656c6c6f|5|5|5,,REFUSE
A:/|8|15,short,base_42,002a,"[1, 1.3125, 5]",byte[],base_hello,68656c6c6f,t|68656c6c6f|5|5|5,,REFUSE
A:/|8|16,short,base_42,002a,"[1, 1.3125, 5]",T[],base,"[1, 2, 3]","c|[1, 1.0, 0],[1, 1.0, 1],[1, 1.5, 1]|integer|as-sorted",,REFUSE
A:/|8|17,short,base_42,002a,"[1, 1.3125, 5]",List<T>,base,"[1, 2, 3]","c|[1, 1.0, 0],[1, 1.0, 1],[1, 1.5, 1]|integer|as-sorted",,REFUSE
A:/|8|18,short,base_42,002a,"[1, 1.3125, 5]",ReadOnlyCollection<T>,base,"[1, 2, 3]","c|[1, 1.0, 0],[1, 1.0, 1],[1, 1.5, 1]|integer|as-sorted",,REFUSE
A:/|8|19,short,base_42,002a,"[1, 1.3125, 5]",LinkedList<T>,base,"[1, 2, 3]","c|[1, 1.0, 0],[1, 1.0, 1],[1, 1.5, 1]|integer|as-sorted",,REFUSE
A:/|8|20,short,base_42,002a,"[1, 1.3125, 5]",ValueTuple,base,"[1, 2, 3]","c|[1, 1.0, 0],[1, 1.0, 1],[1, 1.5, 1]|integer|as-sorted",,REFUSE
A:/|8|21,short,base_42,002a,"[1, 1.3125, 5]",object[],base,"[1, 2, 3]","c|[1, 1.0, 0],[1, 1.0, 1],[1, 1.5, 1]|integer|as-sorted",,REFUSE
A:/|8|22,short,base_42,002a,"[1, 1.3125, 5]","Dictionary<string,V>",flat,"{'a': 1, 'b': 2, 'c': 3}","c|[1, 1.0, 0],[1, 1.0, 1],[1, 1.5, 1]|text|not-applicable",,REFUSE
A:/|8|23,short,base_42,002a,"[1, 1.3125, 5]","SortedDictionary<string,V>",flat,"{'a': 1, 'b': 2, 'c': 3}","c|[1, 1.0, 0],[1, 1.0, 1],[1, 1.5, 1]|text|not-applicable",,REFUSE
A:/|8|24,short,base_42,002a,"[1, 1.3125, 5]",record,flat,"{'a': 1, 'b': 2, 'c': 3}","c|[1, 1.0, 0],[1, 1.0, 1],[1, 1.5, 1]|text|not-applicable",,REFUSE
A:/|8|25,short,base_42,002a,"[1, 1.3125, 5]",struct,flat,"{'a': 1, 'b': 2, 'c': 3}","c|[1, 1.0, 0],[1, 1.0, 1],[1, 1.5, 1]|text|not-applicable",,REFUSE
A:/|8|26,short,base_42,002a,"[1, 1.3125, 5]",class with fields,flat,"{'a': 1, 'b': 2, 'c': 3}","c|[1, 1.0, 0],[1, 1.0, 1],[1, 1.5, 1]|text|not-applicable",,REFUSE
A:/|8|27,short,base_42,002a,"[1, 1.3125, 5]",List<List<T>>,seq_in_seq,"[[1, 2], [3, 4]]","c|c|[1, 1.0, 0],[1, 1.0, 1]|integer|as-sorted,c|[1, 1.0, 2],[1, 1.5, 1]|integer|as-sorted|integer|as-sorted",,REFUSE
A:/|8|28,short,base_42,002a,"[1, 1.3125, 5]","Dictionary<string,object>",seq_in_seq,"[[1, 2], [3, 4]]","c|c|[1, 1.0, 0],[1, 1.0, 1]|integer|as-sorted,c|[1, 1.0, 2],[1, 1.5, 1]|integer|as-sorted|integer|as-sorted",,REFUSE
A:/|8|29,short,base_42,002a,"[1, 1.3125, 5]",object[],seq_in_seq,"[[1, 2], [3, 4]]","c|c|[1, 1.0, 0],[1, 1.0, 1]|integer|as-sorted,c|[1, 1.0, 2],[1, 1.5, 1]|integer|as-sorted|integer|as-sorted",,REFUSE
A:/|9|0,double,base_1_5,3ff8000000000000,"[1, 1.5, 0]",string? (null reference),null,null,null,,REFUSE
A:/|9|2,double,base_1_5,3ff8000000000000,"[1, 1.5, 0]",object (null reference),null,null,null,,REFUSE
A:/|9|3,double,base_1_5,3ff8000000000000,"[1, 1.5, 0]",bool,true,true,true,,REFUSE
A:/|9|7,double,base_1_5,3ff8000000000000,"[1, 1.5, 0]",System.Numerics.BigInteger,base_42,2a,"[1, 1.3125, 5]",,REFUSE
A:/|9|11,double,base_1_5,3ff8000000000000,"[1, 1.5, 0]",decimal,base_1_5,1.5,"[1, 1.5, 0]",,REFUSE
A:/|9|12,double,base_1_5,3ff8000000000000,"[1, 1.5, 0]",string,base_hello,68656c6c6f,t|68656c6c6f|5|5|5,,REFUSE
A:/|9|13,double,base_1_5,3ff8000000000000,"[1, 1.5, 0]",char[],base_hello,68656c6c6f,t|68656c6c6f|5|5|5,,REFUSE
A:/|9|14,double,base_1_5,3ff8000000000000,"[1, 1.5, 0]",System.Text.StringBuilder,base_hello,68656c6c6f,t|68656c6c6f|5|5|5,,REFUSE
A:/|9|15,double,base_1_5,3ff8000000000000,"[1, 1.5, 0]",byte[],base_hello,68656c6c6f,t|68656c6c6f|5|5|5,,REFUSE
A:/|9|16,double,base_1_5,3ff8000000000000,"[1, 1.5, 0]",T[],base,"[1, 2, 3]","c|[1, 1.0, 0],[1, 1.0, 1],[1, 1.5, 1]|integer|as-sorted",,REFUSE
A:/|9|17,double,base_1_5,3ff8000000000000,"[1, 1.5, 0]",List<T>,base,"[1, 2, 3]","c|[1, 1.0, 0],[1, 1.0, 1],[1, 1.5, 1]|integer|as-sorted",,REFUSE
A:/|9|18,double,base_1_5,3ff8000000000000,"[1, 1.5, 0]",ReadOnlyCollection<T>,base,"[1, 2, 3]","c|[1, 1.0, 0],[1, 1.0, 1],[1, 1.5, 1]|integer|as-sorted",,REFUSE
A:/|9|19,double,base_1_5,3ff8000000000000,"[1, 1.5, 0]",LinkedList<T>,base,"[1, 2, 3]","c|[1, 1.0, 0],[1, 1.0, 1],[1, 1.5, 1]|integer|as-sorted",,REFUSE
A:/|9|20,double,base_1_5,3ff8000000000000,"[1, 1.5, 0]",ValueTuple,base,"[1, 2, 3]","c|[1, 1.0, 0],[1, 1.0, 1],[1, 1.5, 1]|integer|as-sorted",,REFUSE
A:/|9|21,double,base_1_5,3ff8000000000000,"[1, 1.5, 0]",object[],base,"[1, 2, 3]","c|[1, 1.0, 0],[1, 1.0, 1],[1, 1.5, 1]|integer|as-sorted",,REFUSE
A:/|9|22,double,base_1_5,3ff8000000000000,"[1, 1.5, 0]","Dictionary<string,V>",flat,"{'a': 1, 'b': 2, 'c': 3}","c|[1, 1.0, 0],[1, 1.0, 1],[1, 1.5, 1]|text|not-applicable",,REFUSE
A:/|9|23,double,base_1_5,3ff8000000000000,"[1, 1.5, 0]","SortedDictionary<string,V>",flat,"{'a': 1, 'b': 2, 'c': 3}","c|[1, 1.0, 0],[1, 1.0, 1],[1, 1.5, 1]|text|not-applicable",,REFUSE
A:/|9|24,double,base_1_5,3ff8000000000000,"[1, 1.5, 0]",record,flat,"{'a': 1, 'b': 2, 'c': 3}","c|[1, 1.0, 0],[1, 1.0, 1],[1, 1.5, 1]|text|not-applicable",,REFUSE
A:/|9|25,double,base_1_5,3ff8000000000000,"[1, 1.5, 0]",struct,flat,"{'a': 1, 'b': 2, 'c': 3}","c|[1, 1.0, 0],[1, 1.0, 1],[1, 1.5, 1]|text|not-applicable",,REFUSE
A:/|9|26,double,base_1_5,3ff8000000000000,"[1, 1.5, 0]",class with fields,flat,"{'a': 1, 'b': 2, 'c': 3}","c|[1, 1.0, 0],[1, 1.0, 1],[1, 1.5, 1]|text|not-applicable",,REFUSE
A:/|9|27,double,base_1_5,3ff8000000000000,"[1, 1.5, 0]",List<List<T>>,seq_in_seq,"[[1, 2], [3, 4]]","c|c|[1, 1.0, 0],[1, 1.0, 1]|integer|as-sorted,c|[1, 1.0, 2],[1, 1.5, 1]|integer|as-sorted|integer|as-sorted",,REFUSE
A:/|9|28,double,base_1_5,3ff8000000000000,"[1, 1.5, 0]","Dictionary<string,object>",seq_in_seq,"[[1, 2], [3, 4]]","c|c|[1, 1.0, 0],[1, 1.0, 1]|integer|as-sorted,c|[1, 1.0, 2],[1, 1.5, 1]|integer|as-sorted|integer|as-sorted",,REFUSE
A:/|9|29,double,base_1_5,3ff8000000000000,"[1, 1.5, 0]",object[],seq_in_seq,"[[1, 2], [3, 4]]","c|c|[1, 1.0, 0],[1, 1.0, 1]|integer|as-sorted,c|[1, 1.0, 2],[1, 1.5, 1]|integer|as-sorted|integer|as-sorted",,REFUSE
A:/|10|0,float,base_1_5,3fc00000,"[1, 1.5, 0]",string? (null reference),null,null,null,,REFUSE
A:/|10|2,float,base_1_5,3fc00000,"[1, 1.5, 0]",object (null reference),null,null,null,,REFUSE
A:/|10|3,float,base_1_5,3fc00000,"[1, 1.5, 0]",bool,true,true,true,,REFUSE
A:/|10|7,float,base_1_5,3fc00000,"[1, 1.5, 0]",System.Numerics.BigInteger,base_42,2a,"[1, 1.3125, 5]",,REFUSE
A:/|10|11,float,base_1_5,3fc00000,"[1, 1.5, 0]",decimal,base_1_5,1.5,"[1, 1.5, 0]",,REFUSE
A:/|10|12,float,base_1_5,3fc00000,"[1, 1.5, 0]",string,base_hello,68656c6c6f,t|68656c6c6f|5|5|5,,REFUSE
A:/|10|13,float,base_1_5,3fc00000,"[1, 1.5, 0]",char[],base_hello,68656c6c6f,t|68656c6c6f|5|5|5,,REFUSE
A:/|10|14,float,base_1_5,3fc00000,"[1, 1.5, 0]",System.Text.StringBuilder,base_hello,68656c6c6f,t|68656c6c6f|5|5|5,,REFUSE
A:/|10|15,float,base_1_5,3fc00000,"[1, 1.5, 0]",byte[],base_hello,68656c6c6f,t|68656c6c6f|5|5|5,,REFUSE
A:/|10|16,float,base_1_5,3fc00000,"[1, 1.5, 0]",T[],base,"[1, 2, 3]","c|[1, 1.0, 0],[1, 1.0, 1],[1, 1.5, 1]|integer|as-sorted",,REFUSE
A:/|10|17,float,base_1_5,3fc00000,"[1, 1.5, 0]",List<T>,base,"[1, 2, 3]","c|[1, 1.0, 0],[1, 1.0, 1],[1, 1.5, 1]|integer|as-sorted",,REFUSE
A:/|10|18,float,base_1_5,3fc00000,"[1, 1.5, 0]",ReadOnlyCollection<T>,base,"[1, 2, 3]","c|[1, 1.0, 0],[1, 1.0, 1],[1, 1.5, 1]|integer|as-sorted",,REFUSE
A:/|10|19,float,base_1_5,3fc00000,"[1, 1.5, 0]",LinkedList<T>,base,"[1, 2, 3]","c|[1, 1.0, 0],[1, 1.0, 1],[1, 1.5, 1]|integer|as-sorted",,REFUSE
A:/|10|20,float,base_1_5,3fc00000,"[1, 1.5, 0]",ValueTuple,base,"[1, 2, 3]","c|[1, 1.0, 0],[1, 1.0, 1],[1, 1.5, 1]|integer|as-sorted",,REFUSE
A:/|10|21,float,base_1_5,3fc00000,"[1, 1.5, 0]",object[],base,"[1, 2, 3]","c|[1, 1.0, 0],[1, 1.0, 1],[1, 1.5, 1]|integer|as-sorted",,REFUSE
A:/|10|22,float,base_1_5,3fc00000,"[1, 1.5, 0]","Dictionary<string,V>",flat,"{'a': 1, 'b': 2, 'c': 3}","c|[1, 1.0, 0],[1, 1.0, 1],[1, 1.5, 1]|text|not-applicable",,REFUSE
A:/|10|23,float,base_1_5,3fc00000,"[1, 1.5, 0]","SortedDictionary<string,V>",flat,"{'a': 1, 'b': 2, 'c': 3}","c|[1, 1.0, 0],[1, 1.0, 1],[1, 1.5, 1]|text|not-applicable",,REFUSE
A:/|10|24,float,base_1_5,3fc00000,"[1, 1.5, 0]",record,flat,"{'a': 1, 'b': 2, 'c': 3}","c|[1, 1.0, 0],[1, 1.0, 1],[1, 1.5, 1]|text|not-applicable",,REFUSE
A:/|10|25,float,base_1_5,3fc00000,"[1, 1.5, 0]",struct,flat,"{'a': 1, 'b': 2, 'c': 3}","c|[1, 1.0, 0],[1, 1.0, 1],[1, 1.5, 1]|text|not-applicable",,REFUSE
A:/|10|26,float,base_1_5,3fc00000,"[1, 1.5, 0]",class with fields,flat,"{'a': 1, 'b': 2, 'c': 3}","c|[1, 1.0, 0],[1, 1.0, 1],[1, 1.5, 1]|text|not-applicable",,REFUSE
A:/|10|27,float,base_1_5,3fc00000,"[1, 1.5, 0]",List<List<T>>,seq_in_seq,"[[1, 2], [3, 4]]","c|c|[1, 1.0, 0],[1, 1.0, 1]|integer|as-sorted,c|[1, 1.0, 2],[1, 1.5, 1]|integer|as-sorted|integer|as-sorted",,REFUSE
A:/|10|28,float,base_1_5,3fc00000,"[1, 1.5, 0]","Dictionary<string,object>",seq_in_seq,"[[1, 2], [3, 4]]","c|c|[1, 1.0, 0],[1, 1.0, 1]|integer|as-sorted,c|[1, 1.0, 2],[1, 1.5, 1]|integer|as-sorted|integer|as-sorted",,REFUSE
A:/|10|29,float,base_1_5,3fc00000,"[1, 1.5, 0]",object[],seq_in_seq,"[[1, 2], [3, 4]]","c|c|[1, 1.0, 0],[1, 1.0, 1]|integer|as-sorted,c|[1, 1.0, 2],[1, 1.5, 1]|integer|as-sorted|integer|as-sorted",,REFUSE
A:/|11|0,decimal,base_1_5,1.5,"[1, 1.5, 0]",string? (null reference),null,null,null,,REFUSE
A:/|11|2,decimal,base_1_5,1.5,"[1, 1.5, 0]",object (null reference),null,null,null,,REFUSE
A:/|11|3,decimal,base_1_5,1.5,"[1, 1.5, 0]",bool,true,true,true,,REFUSE
A:/|11|7,decimal,base_1_5,1.5,"[1, 1.5, 0]",System.Numerics.BigInteger,base_42,2a,"[1, 1.3125, 5]",,REFUSE
A:/|11|9,decimal,base_1_5,1.5,"[1, 1.5, 0]",double,base_1_5,3ff8000000000000,"[1, 1.5, 0]",,REFUSE
A:/|11|10,decimal,base_1_5,1.5,"[1, 1.5, 0]",float,base_1_5,3fc00000,"[1, 1.5, 0]",,REFUSE
A:/|11|12,decimal,base_1_5,1.5,"[1, 1.5, 0]",string,base_hello,68656c6c6f,t|68656c6c6f|5|5|5,,REFUSE
A:/|11|13,decimal,base_1_5,1.5,"[1, 1.5, 0]",char[],base_hello,68656c6c6f,t|68656c6c6f|5|5|5,,REFUSE
A:/|11|14,decimal,base_1_5,1.5,"[1, 1.5, 0]",System.Text.StringBuilder,base_hello,68656c6c6f,t|68656c6c6f|5|5|5,,REFUSE
A:/|11|15,decimal,base_1_5,1.5,"[1, 1.5, 0]",byte[],base_hello,68656c6c6f,t|68656c6c6f|5|5|5,,REFUSE
A:/|11|16,decimal,base_1_5,1.5,"[1, 1.5, 0]",T[],base,"[1, 2, 3]","c|[1, 1.0, 0],[1, 1.0, 1],[1, 1.5, 1]|integer|as-sorted",,REFUSE
A:/|11|17,decimal,base_1_5,1.5,"[1, 1.5, 0]",List<T>,base,"[1, 2, 3]","c|[1, 1.0, 0],[1, 1.0, 1],[1, 1.5, 1]|integer|as-sorted",,REFUSE
A:/|11|18,decimal,base_1_5,1.5,"[1, 1.5, 0]",ReadOnlyCollection<T>,base,"[1, 2, 3]","c|[1, 1.0, 0],[1, 1.0, 1],[1, 1.5, 1]|integer|as-sorted",,REFUSE
A:/|11|19,decimal,base_1_5,1.5,"[1, 1.5, 0]",LinkedList<T>,base,"[1, 2, 3]","c|[1, 1.0, 0],[1, 1.0, 1],[1, 1.5, 1]|integer|as-sorted",,REFUSE
A:/|11|20,decimal,base_1_5,1.5,"[1, 1.5, 0]",ValueTuple,base,"[1, 2, 3]","c|[1, 1.0, 0],[1, 1.0, 1],[1, 1.5, 1]|integer|as-sorted",,REFUSE
A:/|11|21,decimal,base_1_5,1.5,"[1, 1.5, 0]",object[],base,"[1, 2, 3]","c|[1, 1.0, 0],[1, 1.0, 1],[1, 1.5, 1]|integer|as-sorted",,REFUSE
A:/|11|22,decimal,base_1_5,1.5,"[1, 1.5, 0]","Dictionary<string,V>",flat,"{'a': 1, 'b': 2, 'c': 3}","c|[1, 1.0, 0],[1, 1.0, 1],[1, 1.5, 1]|text|not-applicable",,REFUSE
A:/|11|23,decimal,base_1_5,1.5,"[1, 1.5, 0]","SortedDictionary<string,V>",flat,"{'a': 1, 'b': 2, 'c': 3}","c|[1, 1.0, 0],[1, 1.0, 1],[1, 1.5, 1]|text|not-applicable",,REFUSE
A:/|11|24,decimal,base_1_5,1.5,"[1, 1.5, 0]",record,flat,"{'a': 1, 'b': 2, 'c': 3}","c|[1, 1.0, 0],[1, 1.0, 1],[1, 1.5, 1]|text|not-applicable",,REFUSE
A:/|11|25,decimal,base_1_5,1.5,"[1, 1.5, 0]",struct,flat,"{'a': 1, 'b': 2, 'c': 3}","c|[1, 1.0, 0],[1, 1.0, 1],[1, 1.5, 1]|text|not-applicable",,REFUSE
A:/|11|26,decimal,base_1_5,1.5,"[1, 1.5, 0]",class with fields,flat,"{'a': 1, 'b': 2, 'c': 3}","c|[1, 1.0, 0],[1, 1.0, 1],[1, 1.5, 1]|text|not-applicable",,REFUSE
A:/|11|27,decimal,base_1_5,1.5,"[1, 1.5, 0]",List<List<T>>,seq_in_seq,"[[1, 2], [3, 4]]","c|c|[1, 1.0, 0],[1, 1.0, 1]|integer|as-sorted,c|[1, 1.0, 2],[1, 1.5, 1]|integer|as-sorted|integer|as-sorted",,REFUSE
A:/|11|28,decimal,base_1_5,1.5,"[1, 1.5, 0]","Dictionary<string,object>",seq_in_seq,"[[1, 2], [3, 4]]","c|c|[1, 1.0, 0],[1, 1.0, 1]|integer|as-sorted,c|[1, 1.0, 2],[1, 1.5, 1]|integer|as-sorted|integer|as-sorted",,REFUSE
A:/|11|29,decimal,base_1_5,1.5,"[1, 1.5, 0]",object[],seq_in_seq,"[[1, 2], [3, 4]]","c|c|[1, 1.0, 0],[1, 1.0, 1]|integer|as-sorted,c|[1, 1.0, 2],[1, 1.5, 1]|integer|as-sorted|integer|as-sorted",,REFUSE
A:/|12|0,string,base_hello,68656c6c6f,t|68656c6c6f|5|5|5,string? (null reference),null,null,null,,REFUSE
A:/|12|1,string,base_hello,68656c6c6f,t|68656c6c6f|5|5|5,Nullable<int>,null,null,null,,REFUSE
A:/|12|2,string,base_hello,68656c6c6f,t|68656c6c6f|5|5|5,object (null reference),null,null,null,,REFUSE
A:/|12|3,string,base_hello,68656c6c6f,t|68656c6c6f|5|5|5,bool,true,true,true,,REFUSE
A:/|12|4,string,base_hello,68656c6c6f,t|68656c6c6f|5|5|5,int,base_42,0000002a,"[1, 1.3125, 5]",,REFUSE
A:/|12|5,string,base_hello,68656c6c6f,t|68656c6c6f|5|5|5,long,base_42,000000000000002a,"[1, 1.3125, 5]",,REFUSE
A:/|12|6,string,base_hello,68656c6c6f,t|68656c6c6f|5|5|5,ulong,base_42,000000000000002a,"[1, 1.3125, 5]",,REFUSE
A:/|12|7,string,base_hello,68656c6c6f,t|68656c6c6f|5|5|5,System.Numerics.BigInteger,base_42,2a,"[1, 1.3125, 5]",,REFUSE
A:/|12|8,string,base_hello,68656c6c6f,t|68656c6c6f|5|5|5,short,base_42,002a,"[1, 1.3125, 5]",,REFUSE
A:/|12|9,string,base_hello,68656c6c6f,t|68656c6c6f|5|5|5,double,base_1_5,3ff8000000000000,"[1, 1.5, 0]",,REFUSE
A:/|12|10,string,base_hello,68656c6c6f,t|68656c6c6f|5|5|5,float,base_1_5,3fc00000,"[1, 1.5, 0]",,REFUSE
A:/|12|11,string,base_hello,68656c6c6f,t|68656c6c6f|5|5|5,decimal,base_1_5,1.5,"[1, 1.5, 0]",,REFUSE
A:/|12|12,string,base_hello,68656c6c6f,t|68656c6c6f|5|5|5,string,base_hello,68656c6c6f,t|68656c6c6f|5|5|5,,REFUSE
A:/|12|13,string,base_hello,68656c6c6f,t|68656c6c6f|5|5|5,char[],base_hello,68656c6c6f,t|68656c6c6f|5|5|5,,REFUSE
A:/|12|14,string,base_hello,68656c6c6f,t|68656c6c6f|5|5|5,System.Text.StringBuilder,base_hello,68656c6c6f,t|68656c6c6f|5|5|5,,REFUSE
A:/|12|15,string,base_hello,68656c6c6f,t|68656c6c6f|5|5|5,byte[],base_hello,68656c6c6f,t|68656c6c6f|5|5|5,,REFUSE
A:/|12|16,string,base_hello,68656c6c6f,t|68656c6c6f|5|5|5,T[],base,"[1, 2, 3]","c|[1, 1.0, 0],[1, 1.0, 1],[1, 1.5, 1]|integer|as-sorted",,REFUSE
A:/|12|17,string,base_hello,68656c6c6f,t|68656c6c6f|5|5|5,List<T>,base,"[1, 2, 3]","c|[1, 1.0, 0],[1, 1.0, 1],[1, 1.5, 1]|integer|as-sorted",,REFUSE
A:/|12|18,string,base_hello,68656c6c6f,t|68656c6c6f|5|5|5,ReadOnlyCollection<T>,base,"[1, 2, 3]","c|[1, 1.0, 0],[1, 1.0, 1],[1, 1.5, 1]|integer|as-sorted",,REFUSE
A:/|12|19,string,base_hello,68656c6c6f,t|68656c6c6f|5|5|5,LinkedList<T>,base,"[1, 2, 3]","c|[1, 1.0, 0],[1, 1.0, 1],[1, 1.5, 1]|integer|as-sorted",,REFUSE
A:/|12|20,string,base_hello,68656c6c6f,t|68656c6c6f|5|5|5,ValueTuple,base,"[1, 2, 3]","c|[1, 1.0, 0],[1, 1.0, 1],[1, 1.5, 1]|integer|as-sorted",,REFUSE
A:/|12|21,string,base_hello,68656c6c6f,t|68656c6c6f|5|5|5,object[],base,"[1, 2, 3]","c|[1, 1.0, 0],[1, 1.0, 1],[1, 1.5, 1]|integer|as-sorted",,REFUSE
A:/|12|22,string,base_hello,68656c6c6f,t|68656c6c6f|5|5|5,"Dictionary<string,V>",flat,"{'a': 1, 'b': 2, 'c': 3}","c|[1, 1.0, 0],[1, 1.0, 1],[1, 1.5, 1]|text|not-applicable",,REFUSE
A:/|12|23,string,base_hello,68656c6c6f,t|68656c6c6f|5|5|5,"SortedDictionary<string,V>",flat,"{'a': 1, 'b': 2, 'c': 3}","c|[1, 1.0, 0],[1, 1.0, 1],[1, 1.5, 1]|text|not-applicable",,REFUSE
A:/|12|24,string,base_hello,68656c6c6f,t|68656c6c6f|5|5|5,record,flat,"{'a': 1, 'b': 2, 'c': 3}","c|[1, 1.0, 0],[1, 1.0, 1],[1, 1.5, 1]|text|not-applicable",,REFUSE
A:/|12|25,string,base_hello,68656c6c6f,t|68656c6c6f|5|5|5,struct,flat,"{'a': 1, 'b': 2, 'c': 3}","c|[1, 1.0, 0],[1, 1.0, 1],[1, 1.5, 1]|text|not-applicable",,REFUSE
A:/|12|26,string,base_hello,68656c6c6f,t|68656c6c6f|5|5|5,class with fields,flat,"{'a': 1, 'b': 2, 'c': 3}","c|[1, 1.0, 0],[1, 1.0, 1],[1, 1.5, 1]|text|not-applicable",,REFUSE
A:/|12|27,string,base_hello,68656c6c6f,t|68656c6c6f|5|5|5,List<List<T>>,seq_in_seq,"[[1, 2], [3, 4]]","c|c|[1, 1.0, 0],[1, 1.0, 1]|integer|as-sorted,c|[1, 1.0, 2],[1, 1.5, 1]|integer|as-sorted|integer|as-sorted",,REFUSE
A:/|12|28,string,base_hello,68656c6c6f,t|68656c6c6f|5|5|5,"Dictionary<string,object>",seq_in_seq,"[[1, 2], [3, 4]]","c|c|[1, 1.0, 0],[1, 1.0, 1]|integer|as-sorted,c|[1, 1.0, 2],[1, 1.5, 1]|integer|as-sorted|integer|as-sorted",,REFUSE
A:/|12|29,string,base_hello,68656c6c6f,t|68656c6c6f|5|5|5,object[],seq_in_seq,"[[1, 2], [3, 4]]","c|c|[1, 1.0, 0],[1, 1.0, 1]|integer|as-sorted,c|[1, 1.0, 2],[1, 1.5, 1]|integer|as-sorted|integer|as-sorted",,REFUSE
A:/|13|0,char[],base_hello,68656c6c6f,t|68656c6c6f|5|5|5,string? (null reference),null,null,null,,REFUSE
A:/|13|1,char[],base_hello,68656c6c6f,t|68656c6c6f|5|5|5,Nullable<int>,null,null,null,,REFUSE
A:/|13|2,char[],base_hello,68656c6c6f,t|68656c6c6f|5|5|5,object (null reference),null,null,null,,REFUSE
A:/|13|3,char[],base_hello,68656c6c6f,t|68656c6c6f|5|5|5,bool,true,true,true,,REFUSE
A:/|13|4,char[],base_hello,68656c6c6f,t|68656c6c6f|5|5|5,int,base_42,0000002a,"[1, 1.3125, 5]",,REFUSE
A:/|13|5,char[],base_hello,68656c6c6f,t|68656c6c6f|5|5|5,long,base_42,000000000000002a,"[1, 1.3125, 5]",,REFUSE
A:/|13|6,char[],base_hello,68656c6c6f,t|68656c6c6f|5|5|5,ulong,base_42,000000000000002a,"[1, 1.3125, 5]",,REFUSE
A:/|13|7,char[],base_hello,68656c6c6f,t|68656c6c6f|5|5|5,System.Numerics.BigInteger,base_42,2a,"[1, 1.3125, 5]",,REFUSE
A:/|13|8,char[],base_hello,68656c6c6f,t|68656c6c6f|5|5|5,short,base_42,002a,"[1, 1.3125, 5]",,REFUSE
A:/|13|9,char[],base_hello,68656c6c6f,t|68656c6c6f|5|5|5,double,base_1_5,3ff8000000000000,"[1, 1.5, 0]",,REFUSE
A:/|13|10,char[],base_hello,68656c6c6f,t|68656c6c6f|5|5|5,float,base_1_5,3fc00000,"[1, 1.5, 0]",,REFUSE
A:/|13|11,char[],base_hello,68656c6c6f,t|68656c6c6f|5|5|5,decimal,base_1_5,1.5,"[1, 1.5, 0]",,REFUSE
A:/|13|12,char[],base_hello,68656c6c6f,t|68656c6c6f|5|5|5,string,base_hello,68656c6c6f,t|68656c6c6f|5|5|5,,REFUSE
A:/|13|13,char[],base_hello,68656c6c6f,t|68656c6c6f|5|5|5,char[],base_hello,68656c6c6f,t|68656c6c6f|5|5|5,,REFUSE
A:/|13|14,char[],base_hello,68656c6c6f,t|68656c6c6f|5|5|5,System.Text.StringBuilder,base_hello,68656c6c6f,t|68656c6c6f|5|5|5,,REFUSE
A:/|13|15,char[],base_hello,68656c6c6f,t|68656c6c6f|5|5|5,byte[],base_hello,68656c6c6f,t|68656c6c6f|5|5|5,,REFUSE
A:/|13|16,char[],base_hello,68656c6c6f,t|68656c6c6f|5|5|5,T[],base,"[1, 2, 3]","c|[1, 1.0, 0],[1, 1.0, 1],[1, 1.5, 1]|integer|as-sorted",,REFUSE
A:/|13|17,char[],base_hello,68656c6c6f,t|68656c6c6f|5|5|5,List<T>,base,"[1, 2, 3]","c|[1, 1.0, 0],[1, 1.0, 1],[1, 1.5, 1]|integer|as-sorted",,REFUSE
A:/|13|18,char[],base_hello,68656c6c6f,t|68656c6c6f|5|5|5,ReadOnlyCollection<T>,base,"[1, 2, 3]","c|[1, 1.0, 0],[1, 1.0, 1],[1, 1.5, 1]|integer|as-sorted",,REFUSE
A:/|13|19,char[],base_hello,68656c6c6f,t|68656c6c6f|5|5|5,LinkedList<T>,base,"[1, 2, 3]","c|[1, 1.0, 0],[1, 1.0, 1],[1, 1.5, 1]|integer|as-sorted",,REFUSE
A:/|13|20,char[],base_hello,68656c6c6f,t|68656c6c6f|5|5|5,ValueTuple,base,"[1, 2, 3]","c|[1, 1.0, 0],[1, 1.0, 1],[1, 1.5, 1]|integer|as-sorted",,REFUSE
A:/|13|21,char[],base_hello,68656c6c6f,t|68656c6c6f|5|5|5,object[],base,"[1, 2, 3]","c|[1, 1.0, 0],[1, 1.0, 1],[1, 1.5, 1]|integer|as-sorted",,REFUSE
A:/|13|22,char[],base_hello,68656c6c6f,t|68656c6c6f|5|5|5,"Dictionary<string,V>",flat,"{'a': 1, 'b': 2, 'c': 3}","c|[1, 1.0, 0],[1, 1.0, 1],[1, 1.5, 1]|text|not-applicable",,REFUSE
A:/|13|23,char[],base_hello,68656c6c6f,t|68656c6c6f|5|5|5,"SortedDictionary<string,V>",flat,"{'a': 1, 'b': 2, 'c': 3}","c|[1, 1.0, 0],[1, 1.0, 1],[1, 1.5, 1]|text|not-applicable",,REFUSE
A:/|13|24,char[],base_hello,68656c6c6f,t|68656c6c6f|5|5|5,record,flat,"{'a': 1, 'b': 2, 'c': 3}","c|[1, 1.0, 0],[1, 1.0, 1],[1, 1.5, 1]|text|not-applicable",,REFUSE
A:/|13|25,char[],base_hello,68656c6c6f,t|68656c6c6f|5|5|5,struct,flat,"{'a': 1, 'b': 2, 'c': 3}","c|[1, 1.0, 0],[1, 1.0, 1],[1, 1.5, 1]|text|not-applicable",,REFUSE
A:/|13|26,char[],base_hello,68656c6c6f,t|68656c6c6f|5|5|5,class with fields,flat,"{'a': 1, 'b': 2, 'c': 3}","c|[1, 1.0, 0],[1, 1.0, 1],[1, 1.5, 1]|text|not-applicable",,REFUSE
A:/|13|27,char[],base_hello,68656c6c6f,t|68656c6c6f|5|5|5,List<List<T>>,seq_in_seq,"[[1, 2], [3, 4]]","c|c|[1, 1.0, 0],[1, 1.0, 1]|integer|as-sorted,c|[1, 1.0, 2],[1, 1.5, 1]|integer|as-sorted|integer|as-sorted",,REFUSE
A:/|13|28,char[],base_hello,68656c6c6f,t|68656c6c6f|5|5|5,"Dictionary<string,object>",seq_in_seq,"[[1, 2], [3, 4]]","c|c|[1, 1.0, 0],[1, 1.0, 1]|integer|as-sorted,c|[1, 1.0, 2],[1, 1.5, 1]|integer|as-sorted|integer|as-sorted",,REFUSE
A:/|13|29,char[],base_hello,68656c6c6f,t|68656c6c6f|5|5|5,object[],seq_in_seq,"[[1, 2], [3, 4]]","c|c|[1, 1.0, 0],[1, 1.0, 1]|integer|as-sorted,c|[1, 1.0, 2],[1, 1.5, 1]|integer|as-sorted|integer|as-sorted",,REFUSE
A:/|14|0,System.Text.StringBuilder,base_hello,68656c6c6f,t|68656c6c6f|5|5|5,string? (null reference),null,null,null,,REFUSE
A:/|14|1,System.Text.StringBuilder,base_hello,68656c6c6f,t|68656c6c6f|5|5|5,Nullable<int>,null,null,null,,REFUSE
A:/|14|2,System.Text.StringBuilder,base_hello,68656c6c6f,t|68656c6c6f|5|5|5,object (null reference),null,null,null,,REFUSE
A:/|14|3,System.Text.StringBuilder,base_hello,68656c6c6f,t|68656c6c6f|5|5|5,bool,true,true,true,,REFUSE
A:/|14|4,System.Text.StringBuilder,base_hello,68656c6c6f,t|68656c6c6f|5|5|5,int,base_42,0000002a,"[1, 1.3125, 5]",,REFUSE
A:/|14|5,System.Text.StringBuilder,base_hello,68656c6c6f,t|68656c6c6f|5|5|5,long,base_42,000000000000002a,"[1, 1.3125, 5]",,REFUSE
A:/|14|6,System.Text.StringBuilder,base_hello,68656c6c6f,t|68656c6c6f|5|5|5,ulong,base_42,000000000000002a,"[1, 1.3125, 5]",,REFUSE
A:/|14|7,System.Text.StringBuilder,base_hello,68656c6c6f,t|68656c6c6f|5|5|5,System.Numerics.BigInteger,base_42,2a,"[1, 1.3125, 5]",,REFUSE
A:/|14|8,System.Text.StringBuilder,base_hello,68656c6c6f,t|68656c6c6f|5|5|5,short,base_42,002a,"[1, 1.3125, 5]",,REFUSE
A:/|14|9,System.Text.StringBuilder,base_hello,68656c6c6f,t|68656c6c6f|5|5|5,double,base_1_5,3ff8000000000000,"[1, 1.5, 0]",,REFUSE
A:/|14|10,System.Text.StringBuilder,base_hello,68656c6c6f,t|68656c6c6f|5|5|5,float,base_1_5,3fc00000,"[1, 1.5, 0]",,REFUSE
A:/|14|11,System.Text.StringBuilder,base_hello,68656c6c6f,t|68656c6c6f|5|5|5,decimal,base_1_5,1.5,"[1, 1.5, 0]",,REFUSE
A:/|14|12,System.Text.StringBuilder,base_hello,68656c6c6f,t|68656c6c6f|5|5|5,string,base_hello,68656c6c6f,t|68656c6c6f|5|5|5,,REFUSE
A:/|14|13,System.Text.StringBuilder,base_hello,68656c6c6f,t|68656c6c6f|5|5|5,char[],base_hello,68656c6c6f,t|68656c6c6f|5|5|5,,REFUSE
A:/|14|14,System.Text.StringBuilder,base_hello,68656c6c6f,t|68656c6c6f|5|5|5,System.Text.StringBuilder,base_hello,68656c6c6f,t|68656c6c6f|5|5|5,,REFUSE
A:/|14|15,System.Text.StringBuilder,base_hello,68656c6c6f,t|68656c6c6f|5|5|5,byte[],base_hello,68656c6c6f,t|68656c6c6f|5|5|5,,REFUSE
A:/|14|16,System.Text.StringBuilder,base_hello,68656c6c6f,t|68656c6c6f|5|5|5,T[],base,"[1, 2, 3]","c|[1, 1.0, 0],[1, 1.0, 1],[1, 1.5, 1]|integer|as-sorted",,REFUSE
A:/|14|17,System.Text.StringBuilder,base_hello,68656c6c6f,t|68656c6c6f|5|5|5,List<T>,base,"[1, 2, 3]","c|[1, 1.0, 0],[1, 1.0, 1],[1, 1.5, 1]|integer|as-sorted",,REFUSE
A:/|14|18,System.Text.StringBuilder,base_hello,68656c6c6f,t|68656c6c6f|5|5|5,ReadOnlyCollection<T>,base,"[1, 2, 3]","c|[1, 1.0, 0],[1, 1.0, 1],[1, 1.5, 1]|integer|as-sorted",,REFUSE
A:/|14|19,System.Text.StringBuilder,base_hello,68656c6c6f,t|68656c6c6f|5|5|5,LinkedList<T>,base,"[1, 2, 3]","c|[1, 1.0, 0],[1, 1.0, 1],[1, 1.5, 1]|integer|as-sorted",,REFUSE
A:/|14|20,System.Text.StringBuilder,base_hello,68656c6c6f,t|68656c6c6f|5|5|5,ValueTuple,base,"[1, 2, 3]","c|[1, 1.0, 0],[1, 1.0, 1],[1, 1.5, 1]|integer|as-sorted",,REFUSE
A:/|14|21,System.Text.StringBuilder,base_hello,68656c6c6f,t|68656c6c6f|5|5|5,object[],base,"[1, 2, 3]","c|[1, 1.0, 0],[1, 1.0, 1],[1, 1.5, 1]|integer|as-sorted",,REFUSE
A:/|14|22,System.Text.StringBuilder,base_hello,68656c6c6f,t|68656c6c6f|5|5|5,"Dictionary<string,V>",flat,"{'a': 1, 'b': 2, 'c': 3}","c|[1, 1.0, 0],[1, 1.0, 1],[1, 1.5, 1]|text|not-applicable",,REFUSE
A:/|14|23,System.Text.StringBuilder,base_hello,68656c6c6f,t|68656c6c6f|5|5|5,"SortedDictionary<string,V>",flat,"{'a': 1, 'b': 2, 'c': 3}","c|[1, 1.0, 0],[1, 1.0, 1],[1, 1.5, 1]|text|not-applicable",,REFUSE
A:/|14|24,System.Text.StringBuilder,base_hello,68656c6c6f,t|68656c6c6f|5|5|5,record,flat,"{'a': 1, 'b': 2, 'c': 3}","c|[1, 1.0, 0],[1, 1.0, 1],[1, 1.5, 1]|text|not-applicable",,REFUSE
A:/|14|25,System.Text.StringBuilder,base_hello,68656c6c6f,t|68656c6c6f|5|5|5,struct,flat,"{'a': 1, 'b': 2, 'c': 3}","c|[1, 1.0, 0],[1, 1.0, 1],[1, 1.5, 1]|text|not-applicable",,REFUSE
A:/|14|26,System.Text.StringBuilder,base_hello,68656c6c6f,t|68656c6c6f|5|5|5,class with fields,flat,"{'a': 1, 'b': 2, 'c': 3}","c|[1, 1.0, 0],[1, 1.0, 1],[1, 1.5, 1]|text|not-applicable",,REFUSE
A:/|14|27,System.Text.StringBuilder,base_hello,68656c6c6f,t|68656c6c6f|5|5|5,List<List<T>>,seq_in_seq,"[[1, 2], [3, 4]]","c|c|[1, 1.0, 0],[1, 1.0, 1]|integer|as-sorted,c|[1, 1.0, 2],[1, 1.5, 1]|integer|as-sorted|integer|as-sorted",,REFUSE
A:/|14|28,System.Text.StringBuilder,base_hello,68656c6c6f,t|68656c6c6f|5|5|5,"Dictionary<string,object>",seq_in_seq,"[[1, 2], [3, 4]]","c|c|[1, 1.0, 0],[1, 1.0, 1]|integer|as-sorted,c|[1, 1.0, 2],[1, 1.5, 1]|integer|as-sorted|integer|as-sorted",,REFUSE
A:/|14|29,System.Text.StringBuilder,base_hello,68656c6c6f,t|68656c6c6f|5|5|5,object[],seq_in_seq,"[[1, 2], [3, 4]]","c|c|[1, 1.0, 0],[1, 1.0, 1]|integer|as-sorted,c|[1, 1.0, 2],[1, 1.5, 1]|integer|as-sorted|integer|as-sorted",,REFUSE
A:/|15|0,byte[],base_hello,68656c6c6f,t|68656c6c6f|5|5|5,string? (null reference),null,null,null,,REFUSE
A:/|15|1,byte[],base_hello,68656c6c6f,t|68656c6c6f|5|5|5,Nullable<int>,null,null,null,,REFUSE
A:/|15|2,byte[],base_hello,68656c6c6f,t|68656c6c6f|5|5|5,object (null reference),null,null,null,,REFUSE
A:/|15|3,byte[],base_hello,68656c6c6f,t|68656c6c6f|5|5|5,bool,true,true,true,,REFUSE
A:/|15|4,byte[],base_hello,68656c6c6f,t|68656c6c6f|5|5|5,int,base_42,0000002a,"[1, 1.3125, 5]",,REFUSE
A:/|15|5,byte[],base_hello,68656c6c6f,t|68656c6c6f|5|5|5,long,base_42,000000000000002a,"[1, 1.3125, 5]",,REFUSE
A:/|15|6,byte[],base_hello,68656c6c6f,t|68656c6c6f|5|5|5,ulong,base_42,000000000000002a,"[1, 1.3125, 5]",,REFUSE
A:/|15|7,byte[],base_hello,68656c6c6f,t|68656c6c6f|5|5|5,System.Numerics.BigInteger,base_42,2a,"[1, 1.3125, 5]",,REFUSE
A:/|15|8,byte[],base_hello,68656c6c6f,t|68656c6c6f|5|5|5,short,base_42,002a,"[1, 1.3125, 5]",,REFUSE
A:/|15|9,byte[],base_hello,68656c6c6f,t|68656c6c6f|5|5|5,double,base_1_5,3ff8000000000000,"[1, 1.5, 0]",,REFUSE
A:/|15|10,byte[],base_hello,68656c6c6f,t|68656c6c6f|5|5|5,float,base_1_5,3fc00000,"[1, 1.5, 0]",,REFUSE
A:/|15|11,byte[],base_hello,68656c6c6f,t|68656c6c6f|5|5|5,decimal,base_1_5,1.5,"[1, 1.5, 0]",,REFUSE
A:/|15|12,byte[],base_hello,68656c6c6f,t|68656c6c6f|5|5|5,string,base_hello,68656c6c6f,t|68656c6c6f|5|5|5,,REFUSE
A:/|15|13,byte[],base_hello,68656c6c6f,t|68656c6c6f|5|5|5,char[],base_hello,68656c6c6f,t|68656c6c6f|5|5|5,,REFUSE
A:/|15|14,byte[],base_hello,68656c6c6f,t|68656c6c6f|5|5|5,System.Text.StringBuilder,base_hello,68656c6c6f,t|68656c6c6f|5|5|5,,REFUSE
A:/|15|15,byte[],base_hello,68656c6c6f,t|68656c6c6f|5|5|5,byte[],base_hello,68656c6c6f,t|68656c6c6f|5|5|5,,REFUSE
A:/|15|16,byte[],base_hello,68656c6c6f,t|68656c6c6f|5|5|5,T[],base,"[1, 2, 3]","c|[1, 1.0, 0],[1, 1.0, 1],[1, 1.5, 1]|integer|as-sorted",,REFUSE
A:/|15|17,byte[],base_hello,68656c6c6f,t|68656c6c6f|5|5|5,List<T>,base,"[1, 2, 3]","c|[1, 1.0, 0],[1, 1.0, 1],[1, 1.5, 1]|integer|as-sorted",,REFUSE
A:/|15|18,byte[],base_hello,68656c6c6f,t|68656c6c6f|5|5|5,ReadOnlyCollection<T>,base,"[1, 2, 3]","c|[1, 1.0, 0],[1, 1.0, 1],[1, 1.5, 1]|integer|as-sorted",,REFUSE
A:/|15|19,byte[],base_hello,68656c6c6f,t|68656c6c6f|5|5|5,LinkedList<T>,base,"[1, 2, 3]","c|[1, 1.0, 0],[1, 1.0, 1],[1, 1.5, 1]|integer|as-sorted",,REFUSE
A:/|15|20,byte[],base_hello,68656c6c6f,t|68656c6c6f|5|5|5,ValueTuple,base,"[1, 2, 3]","c|[1, 1.0, 0],[1, 1.0, 1],[1, 1.5, 1]|integer|as-sorted",,REFUSE
A:/|15|21,byte[],base_hello,68656c6c6f,t|68656c6c6f|5|5|5,object[],base,"[1, 2, 3]","c|[1, 1.0, 0],[1, 1.0, 1],[1, 1.5, 1]|integer|as-sorted",,REFUSE
A:/|15|22,byte[],base_hello,68656c6c6f,t|68656c6c6f|5|5|5,"Dictionary<string,V>",flat,"{'a': 1, 'b': 2, 'c': 3}","c|[1, 1.0, 0],[1, 1.0, 1],[1, 1.5, 1]|text|not-applicable",,REFUSE
A:/|15|23,byte[],base_hello,68656c6c6f,t|68656c6c6f|5|5|5,"SortedDictionary<string,V>",flat,"{'a': 1, 'b': 2, 'c': 3}","c|[1, 1.0, 0],[1, 1.0, 1],[1, 1.5, 1]|text|not-applicable",,REFUSE
A:/|15|24,byte[],base_hello,68656c6c6f,t|68656c6c6f|5|5|5,record,flat,"{'a': 1, 'b': 2, 'c': 3}","c|[1, 1.0, 0],[1, 1.0, 1],[1, 1.5, 1]|text|not-applicable",,REFUSE
A:/|15|25,byte[],base_hello,68656c6c6f,t|68656c6c6f|5|5|5,struct,flat,"{'a': 1, 'b': 2, 'c': 3}","c|[1, 1.0, 0],[1, 1.0, 1],[1, 1.5, 1]|text|not-applicable",,REFUSE
A:/|15|26,byte[],base_hello,68656c6c6f,t|68656c6c6f|5|5|5,class with fields,flat,"{'a': 1, 'b': 2, 'c': 3}","c|[1, 1.0, 0],[1, 1.0, 1],[1, 1.5, 1]|text|not-applicable",,REFUSE
A:/|15|27,byte[],base_hello,68656c6c6f,t|68656c6c6f|5|5|5,List<List<T>>,seq_in_seq,"[[1, 2], [3, 4]]","c|c|[1, 1.0, 0],[1, 1.0, 1]|integer|as-sorted,c|[1, 1.0, 2],[1, 1.5, 1]|integer|as-sorted|integer|as-sorted",,REFUSE
A:/|15|28,byte[],base_hello,68656c6c6f,t|68656c6c6f|5|5|5,"Dictionary<string,object>",seq_in_seq,"[[1, 2], [3, 4]]","c|c|[1, 1.0, 0],[1, 1.0, 1]|integer|as-sorted,c|[1, 1.0, 2],[1, 1.5, 1]|integer|as-sorted|integer|as-sorted",,REFUSE
A:/|15|29,byte[],base_hello,68656c6c6f,t|68656c6c6f|5|5|5,object[],seq_in_seq,"[[1, 2], [3, 4]]","c|c|[1, 1.0, 0],[1, 1.0, 1]|integer|as-sorted,c|[1, 1.0, 2],[1, 1.5, 1]|integer|as-sorted|integer|as-sorted",,REFUSE
A:/|16|0,T[],base,"[1, 2, 3]","c|[1, 1.0, 0],[1, 1.0, 1],[1, 1.5, 1]|integer|as-sorted",string? (null reference),null,null,null,,REFUSE
A:/|16|1,T[],base,"[1, 2, 3]","c|[1, 1.0, 0],[1, 1.0, 1],[1, 1.5, 1]|integer|as-sorted",Nullable<int>,null,null,null,,REFUSE
A:/|16|2,T[],base,"[1, 2, 3]","c|[1, 1.0, 0],[1, 1.0, 1],[1, 1.5, 1]|integer|as-sorted",object (null reference),null,null,null,,REFUSE
A:/|16|3,T[],base,"[1, 2, 3]","c|[1, 1.0, 0],[1, 1.0, 1],[1, 1.5, 1]|integer|as-sorted",bool,true,true,true,,REFUSE
A:/|16|4,T[],base,"[1, 2, 3]","c|[1, 1.0, 0],[1, 1.0, 1],[1, 1.5, 1]|integer|as-sorted",int,base_42,0000002a,"[1, 1.3125, 5]",,REFUSE
A:/|16|5,T[],base,"[1, 2, 3]","c|[1, 1.0, 0],[1, 1.0, 1],[1, 1.5, 1]|integer|as-sorted",long,base_42,000000000000002a,"[1, 1.3125, 5]",,REFUSE
A:/|16|6,T[],base,"[1, 2, 3]","c|[1, 1.0, 0],[1, 1.0, 1],[1, 1.5, 1]|integer|as-sorted",ulong,base_42,000000000000002a,"[1, 1.3125, 5]",,REFUSE
A:/|16|7,T[],base,"[1, 2, 3]","c|[1, 1.0, 0],[1, 1.0, 1],[1, 1.5, 1]|integer|as-sorted",System.Numerics.BigInteger,base_42,2a,"[1, 1.3125, 5]",,REFUSE
A:/|16|8,T[],base,"[1, 2, 3]","c|[1, 1.0, 0],[1, 1.0, 1],[1, 1.5, 1]|integer|as-sorted",short,base_42,002a,"[1, 1.3125, 5]",,REFUSE
A:/|16|9,T[],base,"[1, 2, 3]","c|[1, 1.0, 0],[1, 1.0, 1],[1, 1.5, 1]|integer|as-sorted",double,base_1_5,3ff8000000000000,"[1, 1.5, 0]",,REFUSE
A:/|16|10,T[],base,"[1, 2, 3]","c|[1, 1.0, 0],[1, 1.0, 1],[1, 1.5, 1]|integer|as-sorted",float,base_1_5,3fc00000,"[1, 1.5, 0]",,REFUSE
A:/|16|11,T[],base,"[1, 2, 3]","c|[1, 1.0, 0],[1, 1.0, 1],[1, 1.5, 1]|integer|as-sorted",decimal,base_1_5,1.5,"[1, 1.5, 0]",,REFUSE
A:/|16|12,T[],base,"[1, 2, 3]","c|[1, 1.0, 0],[1, 1.0, 1],[1, 1.5, 1]|integer|as-sorted",string,base_hello,68656c6c6f,t|68656c6c6f|5|5|5,,REFUSE
A:/|16|13,T[],base,"[1, 2, 3]","c|[1, 1.0, 0],[1, 1.0, 1],[1, 1.5, 1]|integer|as-sorted",char[],base_hello,68656c6c6f,t|68656c6c6f|5|5|5,,REFUSE
A:/|16|14,T[],base,"[1, 2, 3]","c|[1, 1.0, 0],[1, 1.0, 1],[1, 1.5, 1]|integer|as-sorted",System.Text.StringBuilder,base_hello,68656c6c6f,t|68656c6c6f|5|5|5,,REFUSE
A:/|16|15,T[],base,"[1, 2, 3]","c|[1, 1.0, 0],[1, 1.0, 1],[1, 1.5, 1]|integer|as-sorted",byte[],base_hello,68656c6c6f,t|68656c6c6f|5|5|5,,REFUSE
A:/|16|16,T[],base,"[1, 2, 3]","c|[1, 1.0, 0],[1, 1.0, 1],[1, 1.5, 1]|integer|as-sorted",T[],base,"[1, 2, 3]","c|[1, 1.0, 0],[1, 1.0, 1],[1, 1.5, 1]|integer|as-sorted",,REFUSE
A:/|16|17,T[],base,"[1, 2, 3]","c|[1, 1.0, 0],[1, 1.0, 1],[1, 1.5, 1]|integer|as-sorted",List<T>,base,"[1, 2, 3]","c|[1, 1.0, 0],[1, 1.0, 1],[1, 1.5, 1]|integer|as-sorted",,REFUSE
A:/|16|18,T[],base,"[1, 2, 3]","c|[1, 1.0, 0],[1, 1.0, 1],[1, 1.5, 1]|integer|as-sorted",ReadOnlyCollection<T>,base,"[1, 2, 3]","c|[1, 1.0, 0],[1, 1.0, 1],[1, 1.5, 1]|integer|as-sorted",,REFUSE
A:/|16|19,T[],base,"[1, 2, 3]","c|[1, 1.0, 0],[1, 1.0, 1],[1, 1.5, 1]|integer|as-sorted",LinkedList<T>,base,"[1, 2, 3]","c|[1, 1.0, 0],[1, 1.0, 1],[1, 1.5, 1]|integer|as-sorted",,REFUSE
A:/|16|20,T[],base,"[1, 2, 3]","c|[1, 1.0, 0],[1, 1.0, 1],[1, 1.5, 1]|integer|as-sorted",ValueTuple,base,"[1, 2, 3]","c|[1, 1.0, 0],[1, 1.0, 1],[1, 1.5, 1]|integer|as-sorted",,REFUSE
A:/|16|21,T[],base,"[1, 2, 3]","c|[1, 1.0, 0],[1, 1.0, 1],[1, 1.5, 1]|integer|as-sorted",object[],base,"[1, 2, 3]","c|[1, 1.0, 0],[1, 1.0, 1],[1, 1.5, 1]|integer|as-sorted",,REFUSE
A:/|16|22,T[],base,"[1, 2, 3]","c|[1, 1.0, 0],[1, 1.0, 1],[1, 1.5, 1]|integer|as-sorted","Dictionary<string,V>",flat,"{'a': 1, 'b': 2, 'c': 3}","c|[1, 1.0, 0],[1, 1.0, 1],[1, 1.5, 1]|text|not-applicable",,REFUSE
A:/|16|23,T[],base,"[1, 2, 3]","c|[1, 1.0, 0],[1, 1.0, 1],[1, 1.5, 1]|integer|as-sorted","SortedDictionary<string,V>",flat,"{'a': 1, 'b': 2, 'c': 3}","c|[1, 1.0, 0],[1, 1.0, 1],[1, 1.5, 1]|text|not-applicable",,REFUSE
A:/|16|24,T[],base,"[1, 2, 3]","c|[1, 1.0, 0],[1, 1.0, 1],[1, 1.5, 1]|integer|as-sorted",record,flat,"{'a': 1, 'b': 2, 'c': 3}","c|[1, 1.0, 0],[1, 1.0, 1],[1, 1.5, 1]|text|not-applicable",,REFUSE
A:/|16|25,T[],base,"[1, 2, 3]","c|[1, 1.0, 0],[1, 1.0, 1],[1, 1.5, 1]|integer|as-sorted",struct,flat,"{'a': 1, 'b': 2, 'c': 3}","c|[1, 1.0, 0],[1, 1.0, 1],[1, 1.5, 1]|text|not-applicable",,REFUSE
A:/|16|26,T[],base,"[1, 2, 3]","c|[1, 1.0, 0],[1, 1.0, 1],[1, 1.5, 1]|integer|as-sorted",class with fields,flat,"{'a': 1, 'b': 2, 'c': 3}","c|[1, 1.0, 0],[1, 1.0, 1],[1, 1.5, 1]|text|not-applicable",,REFUSE
A:/|16|27,T[],base,"[1, 2, 3]","c|[1, 1.0, 0],[1, 1.0, 1],[1, 1.5, 1]|integer|as-sorted",List<List<T>>,seq_in_seq,"[[1, 2], [3, 4]]","c|c|[1, 1.0, 0],[1, 1.0, 1]|integer|as-sorted,c|[1, 1.0, 2],[1, 1.5, 1]|integer|as-sorted|integer|as-sorted",,REFUSE
A:/|16|28,T[],base,"[1, 2, 3]","c|[1, 1.0, 0],[1, 1.0, 1],[1, 1.5, 1]|integer|as-sorted","Dictionary<string,object>",seq_in_seq,"[[1, 2], [3, 4]]","c|c|[1, 1.0, 0],[1, 1.0, 1]|integer|as-sorted,c|[1, 1.0, 2],[1, 1.5, 1]|integer|as-sorted|integer|as-sorted",,REFUSE
A:/|16|29,T[],base,"[1, 2, 3]","c|[1, 1.0, 0],[1, 1.0, 1],[1, 1.5, 1]|integer|as-sorted",object[],seq_in_seq,"[[1, 2], [3, 4]]","c|c|[1, 1.0, 0],[1, 1.0, 1]|integer|as-sorted,c|[1, 1.0, 2],[1, 1.5, 1]|integer|as-sorted|integer|as-sorted",,REFUSE
A:/|17|0,List<T>,base,"[1, 2, 3]","c|[1, 1.0, 0],[1, 1.0, 1],[1, 1.5, 1]|integer|as-sorted",string? (null reference),null,null,null,,REFUSE
A:/|17|1,List<T>,base,"[1, 2, 3]","c|[1, 1.0, 0],[1, 1.0, 1],[1, 1.5, 1]|integer|as-sorted",Nullable<int>,null,null,null,,REFUSE
A:/|17|2,List<T>,base,"[1, 2, 3]","c|[1, 1.0, 0],[1, 1.0, 1],[1, 1.5, 1]|integer|as-sorted",object (null reference),null,null,null,,REFUSE
A:/|17|3,List<T>,base,"[1, 2, 3]","c|[1, 1.0, 0],[1, 1.0, 1],[1, 1.5, 1]|integer|as-sorted",bool,true,true,true,,REFUSE
A:/|17|4,List<T>,base,"[1, 2, 3]","c|[1, 1.0, 0],[1, 1.0, 1],[1, 1.5, 1]|integer|as-sorted",int,base_42,0000002a,"[1, 1.3125, 5]",,REFUSE
A:/|17|5,List<T>,base,"[1, 2, 3]","c|[1, 1.0, 0],[1, 1.0, 1],[1, 1.5, 1]|integer|as-sorted",long,base_42,000000000000002a,"[1, 1.3125, 5]",,REFUSE
A:/|17|6,List<T>,base,"[1, 2, 3]","c|[1, 1.0, 0],[1, 1.0, 1],[1, 1.5, 1]|integer|as-sorted",ulong,base_42,000000000000002a,"[1, 1.3125, 5]",,REFUSE
A:/|17|7,List<T>,base,"[1, 2, 3]","c|[1, 1.0, 0],[1, 1.0, 1],[1, 1.5, 1]|integer|as-sorted",System.Numerics.BigInteger,base_42,2a,"[1, 1.3125, 5]",,REFUSE
A:/|17|8,List<T>,base,"[1, 2, 3]","c|[1, 1.0, 0],[1, 1.0, 1],[1, 1.5, 1]|integer|as-sorted",short,base_42,002a,"[1, 1.3125, 5]",,REFUSE
A:/|17|9,List<T>,base,"[1, 2, 3]","c|[1, 1.0, 0],[1, 1.0, 1],[1, 1.5, 1]|integer|as-sorted",double,base_1_5,3ff8000000000000,"[1, 1.5, 0]",,REFUSE
A:/|17|10,List<T>,base,"[1, 2, 3]","c|[1, 1.0, 0],[1, 1.0, 1],[1, 1.5, 1]|integer|as-sorted",float,base_1_5,3fc00000,"[1, 1.5, 0]",,REFUSE
A:/|17|11,List<T>,base,"[1, 2, 3]","c|[1, 1.0, 0],[1, 1.0, 1],[1, 1.5, 1]|integer|as-sorted",decimal,base_1_5,1.5,"[1, 1.5, 0]",,REFUSE
A:/|17|12,List<T>,base,"[1, 2, 3]","c|[1, 1.0, 0],[1, 1.0, 1],[1, 1.5, 1]|integer|as-sorted",string,base_hello,68656c6c6f,t|68656c6c6f|5|5|5,,REFUSE
A:/|17|13,List<T>,base,"[1, 2, 3]","c|[1, 1.0, 0],[1, 1.0, 1],[1, 1.5, 1]|integer|as-sorted",char[],base_hello,68656c6c6f,t|68656c6c6f|5|5|5,,REFUSE
A:/|17|14,List<T>,base,"[1, 2, 3]","c|[1, 1.0, 0],[1, 1.0, 1],[1, 1.5, 1]|integer|as-sorted",System.Text.StringBuilder,base_hello,68656c6c6f,t|68656c6c6f|5|5|5,,REFUSE
A:/|17|15,List<T>,base,"[1, 2, 3]","c|[1, 1.0, 0],[1, 1.0, 1],[1, 1.5, 1]|integer|as-sorted",byte[],base_hello,68656c6c6f,t|68656c6c6f|5|5|5,,REFUSE
A:/|17|16,List<T>,base,"[1, 2, 3]","c|[1, 1.0, 0],[1, 1.0, 1],[1, 1.5, 1]|integer|as-sorted",T[],base,"[1, 2, 3]","c|[1, 1.0, 0],[1, 1.0, 1],[1, 1.5, 1]|integer|as-sorted",,REFUSE
A:/|17|17,List<T>,base,"[1, 2, 3]","c|[1, 1.0, 0],[1, 1.0, 1],[1, 1.5, 1]|integer|as-sorted",List<T>,base,"[1, 2, 3]","c|[1, 1.0, 0],[1, 1.0, 1],[1, 1.5, 1]|integer|as-sorted",,REFUSE
A:/|17|18,List<T>,base,"[1, 2, 3]","c|[1, 1.0, 0],[1, 1.0, 1],[1, 1.5, 1]|integer|as-sorted",ReadOnlyCollection<T>,base,"[1, 2, 3]","c|[1, 1.0, 0],[1, 1.0, 1],[1, 1.5, 1]|integer|as-sorted",,REFUSE
A:/|17|19,List<T>,base,"[1, 2, 3]","c|[1, 1.0, 0],[1, 1.0, 1],[1, 1.5, 1]|integer|as-sorted",LinkedList<T>,base,"[1, 2, 3]","c|[1, 1.0, 0],[1, 1.0, 1],[1, 1.5, 1]|integer|as-sorted",,REFUSE
A:/|17|20,List<T>,base,"[1, 2, 3]","c|[1, 1.0, 0],[1, 1.0, 1],[1, 1.5, 1]|integer|as-sorted",ValueTuple,base,"[1, 2, 3]","c|[1, 1.0, 0],[1, 1.0, 1],[1, 1.5, 1]|integer|as-sorted",,REFUSE
A:/|17|21,List<T>,base,"[1, 2, 3]","c|[1, 1.0, 0],[1, 1.0, 1],[1, 1.5, 1]|integer|as-sorted",object[],base,"[1, 2, 3]","c|[1, 1.0, 0],[1, 1.0, 1],[1, 1.5, 1]|integer|as-sorted",,REFUSE
A:/|17|22,List<T>,base,"[1, 2, 3]","c|[1, 1.0, 0],[1, 1.0, 1],[1, 1.5, 1]|integer|as-sorted","Dictionary<string,V>",flat,"{'a': 1, 'b': 2, 'c': 3}","c|[1, 1.0, 0],[1, 1.0, 1],[1, 1.5, 1]|text|not-applicable",,REFUSE
A:/|17|23,List<T>,base,"[1, 2, 3]","c|[1, 1.0, 0],[1, 1.0, 1],[1, 1.5, 1]|integer|as-sorted","SortedDictionary<string,V>",flat,"{'a': 1, 'b': 2, 'c': 3}","c|[1, 1.0, 0],[1, 1.0, 1],[1, 1.5, 1]|text|not-applicable",,REFUSE
A:/|17|24,List<T>,base,"[1, 2, 3]","c|[1, 1.0, 0],[1, 1.0, 1],[1, 1.5, 1]|integer|as-sorted",record,flat,"{'a': 1, 'b': 2, 'c': 3}","c|[1, 1.0, 0],[1, 1.0, 1],[1, 1.5, 1]|text|not-applicable",,REFUSE
A:/|17|25,List<T>,base,"[1, 2, 3]","c|[1, 1.0, 0],[1, 1.0, 1],[1, 1.5, 1]|integer|as-sorted",struct,flat,"{'a': 1, 'b': 2, 'c': 3}","c|[1, 1.0, 0],[1, 1.0, 1],[1, 1.5, 1]|text|not-applicable",,REFUSE
A:/|17|26,List<T>,base,"[1, 2, 3]","c|[1, 1.0, 0],[1, 1.0, 1],[1, 1.5, 1]|integer|as-sorted",class with fields,flat,"{'a': 1, 'b': 2, 'c': 3}","c|[1, 1.0, 0],[1, 1.0, 1],[1, 1.5, 1]|text|not-applicable",,REFUSE
A:/|17|27,List<T>,base,"[1, 2, 3]","c|[1, 1.0, 0],[1, 1.0, 1],[1, 1.5, 1]|integer|as-sorted",List<List<T>>,seq_in_seq,"[[1, 2], [3, 4]]","c|c|[1, 1.0, 0],[1, 1.0, 1]|integer|as-sorted,c|[1, 1.0, 2],[1, 1.5, 1]|integer|as-sorted|integer|as-sorted",,REFUSE
A:/|17|28,List<T>,base,"[1, 2, 3]","c|[1, 1.0, 0],[1, 1.0, 1],[1, 1.5, 1]|integer|as-sorted","Dictionary<string,object>",seq_in_seq,"[[1, 2], [3, 4]]","c|c|[1, 1.0, 0],[1, 1.0, 1]|integer|as-sorted,c|[1, 1.0, 2],[1, 1.5, 1]|integer|as-sorted|integer|as-sorted",,REFUSE
A:/|17|29,List<T>,base,"[1, 2, 3]","c|[1, 1.0, 0],[1, 1.0, 1],[1, 1.5, 1]|integer|as-sorted",object[],seq_in_seq,"[[1, 2], [3, 4]]","c|c|[1, 1.0, 0],[1, 1.0, 1]|integer|as-sorted,c|[1, 1.0, 2],[1, 1.5, 1]|integer|as-sorted|integer|as-sorted",,REFUSE
A:/|18|0,ReadOnlyCollection<T>,base,"[1, 2, 3]","c|[1, 1.0, 0],[1, 1.0, 1],[1, 1.5, 1]|integer|as-sorted",string? (null reference),null,null,null,,REFUSE
A:/|18|1,ReadOnlyCollection<T>,base,"[1, 2, 3]","c|[1, 1.0, 0],[1, 1.0, 1],[1, 1.5, 1]|integer|as-sorted",Nullable<int>,null,null,null,,REFUSE
A:/|18|2,ReadOnlyCollection<T>,base,"[1, 2, 3]","c|[1, 1.0, 0],[1, 1.0, 1],[1, 1.5, 1]|integer|as-sorted",object (null reference),null,null,null,,REFUSE
A:/|18|3,ReadOnlyCollection<T>,base,"[1, 2, 3]","c|[1, 1.0, 0],[1, 1.0, 1],[1, 1.5, 1]|integer|as-sorted",bool,true,true,true,,REFUSE
A:/|18|4,ReadOnlyCollection<T>,base,"[1, 2, 3]","c|[1, 1.0, 0],[1, 1.0, 1],[1, 1.5, 1]|integer|as-sorted",int,base_42,0000002a,"[1, 1.3125, 5]",,REFUSE
A:/|18|5,ReadOnlyCollection<T>,base,"[1, 2, 3]","c|[1, 1.0, 0],[1, 1.0, 1],[1, 1.5, 1]|integer|as-sorted",long,base_42,000000000000002a,"[1, 1.3125, 5]",,REFUSE
A:/|18|6,ReadOnlyCollection<T>,base,"[1, 2, 3]","c|[1, 1.0, 0],[1, 1.0, 1],[1, 1.5, 1]|integer|as-sorted",ulong,base_42,000000000000002a,"[1, 1.3125, 5]",,REFUSE
A:/|18|7,ReadOnlyCollection<T>,base,"[1, 2, 3]","c|[1, 1.0, 0],[1, 1.0, 1],[1, 1.5, 1]|integer|as-sorted",System.Numerics.BigInteger,base_42,2a,"[1, 1.3125, 5]",,REFUSE
A:/|18|8,ReadOnlyCollection<T>,base,"[1, 2, 3]","c|[1, 1.0, 0],[1, 1.0, 1],[1, 1.5, 1]|integer|as-sorted",short,base_42,002a,"[1, 1.3125, 5]",,REFUSE
A:/|18|9,ReadOnlyCollection<T>,base,"[1, 2, 3]","c|[1, 1.0, 0],[1, 1.0, 1],[1, 1.5, 1]|integer|as-sorted",double,base_1_5,3ff8000000000000,"[1, 1.5, 0]",,REFUSE
A:/|18|10,ReadOnlyCollection<T>,base,"[1, 2, 3]","c|[1, 1.0, 0],[1, 1.0, 1],[1, 1.5, 1]|integer|as-sorted",float,base_1_5,3fc00000,"[1, 1.5, 0]",,REFUSE
A:/|18|11,ReadOnlyCollection<T>,base,"[1, 2, 3]","c|[1, 1.0, 0],[1, 1.0, 1],[1, 1.5, 1]|integer|as-sorted",decimal,base_1_5,1.5,"[1, 1.5, 0]",,REFUSE
A:/|18|12,ReadOnlyCollection<T>,base,"[1, 2, 3]","c|[1, 1.0, 0],[1, 1.0, 1],[1, 1.5, 1]|integer|as-sorted",string,base_hello,68656c6c6f,t|68656c6c6f|5|5|5,,REFUSE
A:/|18|13,ReadOnlyCollection<T>,base,"[1, 2, 3]","c|[1, 1.0, 0],[1, 1.0, 1],[1, 1.5, 1]|integer|as-sorted",char[],base_hello,68656c6c6f,t|68656c6c6f|5|5|5,,REFUSE
A:/|18|14,ReadOnlyCollection<T>,base,"[1, 2, 3]","c|[1, 1.0, 0],[1, 1.0, 1],[1, 1.5, 1]|integer|as-sorted",System.Text.StringBuilder,base_hello,68656c6c6f,t|68656c6c6f|5|5|5,,REFUSE
A:/|18|15,ReadOnlyCollection<T>,base,"[1, 2, 3]","c|[1, 1.0, 0],[1, 1.0, 1],[1, 1.5, 1]|integer|as-sorted",byte[],base_hello,68656c6c6f,t|68656c6c6f|5|5|5,,REFUSE
A:/|18|16,ReadOnlyCollection<T>,base,"[1, 2, 3]","c|[1, 1.0, 0],[1, 1.0, 1],[1, 1.5, 1]|integer|as-sorted",T[],base,"[1, 2, 3]","c|[1, 1.0, 0],[1, 1.0, 1],[1, 1.5, 1]|integer|as-sorted",,REFUSE
A:/|18|17,ReadOnlyCollection<T>,base,"[1, 2, 3]","c|[1, 1.0, 0],[1, 1.0, 1],[1, 1.5, 1]|integer|as-sorted",List<T>,base,"[1, 2, 3]","c|[1, 1.0, 0],[1, 1.0, 1],[1, 1.5, 1]|integer|as-sorted",,REFUSE
A:/|18|18,ReadOnlyCollection<T>,base,"[1, 2, 3]","c|[1, 1.0, 0],[1, 1.0, 1],[1, 1.5, 1]|integer|as-sorted",ReadOnlyCollection<T>,base,"[1, 2, 3]","c|[1, 1.0, 0],[1, 1.0, 1],[1, 1.5, 1]|integer|as-sorted",,REFUSE
A:/|18|19,ReadOnlyCollection<T>,base,"[1, 2, 3]","c|[1, 1.0, 0],[1, 1.0, 1],[1, 1.5, 1]|integer|as-sorted",LinkedList<T>,base,"[1, 2, 3]","c|[1, 1.0, 0],[1, 1.0, 1],[1, 1.5, 1]|integer|as-sorted",,REFUSE
A:/|18|20,ReadOnlyCollection<T>,base,"[1, 2, 3]","c|[1, 1.0, 0],[1, 1.0, 1],[1, 1.5, 1]|integer|as-sorted",ValueTuple,base,"[1, 2, 3]","c|[1, 1.0, 0],[1, 1.0, 1],[1, 1.5, 1]|integer|as-sorted",,REFUSE
A:/|18|21,ReadOnlyCollection<T>,base,"[1, 2, 3]","c|[1, 1.0, 0],[1, 1.0, 1],[1, 1.5, 1]|integer|as-sorted",object[],base,"[1, 2, 3]","c|[1, 1.0, 0],[1, 1.0, 1],[1, 1.5, 1]|integer|as-sorted",,REFUSE
A:/|18|22,ReadOnlyCollection<T>,base,"[1, 2, 3]","c|[1, 1.0, 0],[1, 1.0, 1],[1, 1.5, 1]|integer|as-sorted","Dictionary<string,V>",flat,"{'a': 1, 'b': 2, 'c': 3}","c|[1, 1.0, 0],[1, 1.0, 1],[1, 1.5, 1]|text|not-applicable",,REFUSE
A:/|18|23,ReadOnlyCollection<T>,base,"[1, 2, 3]","c|[1, 1.0, 0],[1, 1.0, 1],[1, 1.5, 1]|integer|as-sorted","SortedDictionary<string,V>",flat,"{'a': 1, 'b': 2, 'c': 3}","c|[1, 1.0, 0],[1, 1.0, 1],[1, 1.5, 1]|text|not-applicable",,REFUSE
A:/|18|24,ReadOnlyCollection<T>,base,"[1, 2, 3]","c|[1, 1.0, 0],[1, 1.0, 1],[1, 1.5, 1]|integer|as-sorted",record,flat,"{'a': 1, 'b': 2, 'c': 3}","c|[1, 1.0, 0],[1, 1.0, 1],[1, 1.5, 1]|text|not-applicable",,REFUSE
A:/|18|25,ReadOnlyCollection<T>,base,"[1, 2, 3]","c|[1, 1.0, 0],[1, 1.0, 1],[1, 1.5, 1]|integer|as-sorted",struct,flat,"{'a': 1, 'b': 2, 'c': 3}","c|[1, 1.0, 0],[1, 1.0, 1],[1, 1.5, 1]|text|not-applicable",,REFUSE
A:/|18|26,ReadOnlyCollection<T>,base,"[1, 2, 3]","c|[1, 1.0, 0],[1, 1.0, 1],[1, 1.5, 1]|integer|as-sorted",class with fields,flat,"{'a': 1, 'b': 2, 'c': 3}","c|[1, 1.0, 0],[1, 1.0, 1],[1, 1.5, 1]|text|not-applicable",,REFUSE
A:/|18|27,ReadOnlyCollection<T>,base,"[1, 2, 3]","c|[1, 1.0, 0],[1, 1.0, 1],[1, 1.5, 1]|integer|as-sorted",List<List<T>>,seq_in_seq,"[[1, 2], [3, 4]]","c|c|[1, 1.0, 0],[1, 1.0, 1]|integer|as-sorted,c|[1, 1.0, 2],[1, 1.5, 1]|integer|as-sorted|integer|as-sorted",,REFUSE
A:/|18|28,ReadOnlyCollection<T>,base,"[1, 2, 3]","c|[1, 1.0, 0],[1, 1.0, 1],[1, 1.5, 1]|integer|as-sorted","Dictionary<string,object>",seq_in_seq,"[[1, 2], [3, 4]]","c|c|[1, 1.0, 0],[1, 1.0, 1]|integer|as-sorted,c|[1, 1.0, 2],[1, 1.5, 1]|integer|as-sorted|integer|as-sorted",,REFUSE
A:/|18|29,ReadOnlyCollection<T>,base,"[1, 2, 3]","c|[1, 1.0, 0],[1, 1.0, 1],[1, 1.5, 1]|integer|as-sorted",object[],seq_in_seq,"[[1, 2], [3, 4]]","c|c|[1, 1.0, 0],[1, 1.0, 1]|integer|as-sorted,c|[1, 1.0, 2],[1, 1.5, 1]|integer|as-sorted|integer|as-sorted",,REFUSE
A:/|19|0,LinkedList<T>,base,"[1, 2, 3]","c|[1, 1.0, 0],[1, 1.0, 1],[1, 1.5, 1]|integer|as-sorted",string? (null reference),null,null,null,,REFUSE
A:/|19|1,LinkedList<T>,base,"[1, 2, 3]","c|[1, 1.0, 0],[1, 1.0, 1],[1, 1.5, 1]|integer|as-sorted",Nullable<int>,null,null,null,,REFUSE
A:/|19|2,LinkedList<T>,base,"[1, 2, 3]","c|[1, 1.0, 0],[1, 1.0, 1],[1, 1.5, 1]|integer|as-sorted",object (null reference),null,null,null,,REFUSE
A:/|19|3,LinkedList<T>,base,"[1, 2, 3]","c|[1, 1.0, 0],[1, 1.0, 1],[1, 1.5, 1]|integer|as-sorted",bool,true,true,true,,REFUSE
A:/|19|4,LinkedList<T>,base,"[1, 2, 3]","c|[1, 1.0, 0],[1, 1.0, 1],[1, 1.5, 1]|integer|as-sorted",int,base_42,0000002a,"[1, 1.3125, 5]",,REFUSE
A:/|19|5,LinkedList<T>,base,"[1, 2, 3]","c|[1, 1.0, 0],[1, 1.0, 1],[1, 1.5, 1]|integer|as-sorted",long,base_42,000000000000002a,"[1, 1.3125, 5]",,REFUSE
A:/|19|6,LinkedList<T>,base,"[1, 2, 3]","c|[1, 1.0, 0],[1, 1.0, 1],[1, 1.5, 1]|integer|as-sorted",ulong,base_42,000000000000002a,"[1, 1.3125, 5]",,REFUSE
A:/|19|7,LinkedList<T>,base,"[1, 2, 3]","c|[1, 1.0, 0],[1, 1.0, 1],[1, 1.5, 1]|integer|as-sorted",System.Numerics.BigInteger,base_42,2a,"[1, 1.3125, 5]",,REFUSE
A:/|19|8,LinkedList<T>,base,"[1, 2, 3]","c|[1, 1.0, 0],[1, 1.0, 1],[1, 1.5, 1]|integer|as-sorted",short,base_42,002a,"[1, 1.3125, 5]",,REFUSE
A:/|19|9,LinkedList<T>,base,"[1, 2, 3]","c|[1, 1.0, 0],[1, 1.0, 1],[1, 1.5, 1]|integer|as-sorted",double,base_1_5,3ff8000000000000,"[1, 1.5, 0]",,REFUSE
A:/|19|10,LinkedList<T>,base,"[1, 2, 3]","c|[1, 1.0, 0],[1, 1.0, 1],[1, 1.5, 1]|integer|as-sorted",float,base_1_5,3fc00000,"[1, 1.5, 0]",,REFUSE
A:/|19|11,LinkedList<T>,base,"[1, 2, 3]","c|[1, 1.0, 0],[1, 1.0, 1],[1, 1.5, 1]|integer|as-sorted",decimal,base_1_5,1.5,"[1, 1.5, 0]",,REFUSE
A:/|19|12,LinkedList<T>,base,"[1, 2, 3]","c|[1, 1.0, 0],[1, 1.0, 1],[1, 1.5, 1]|integer|as-sorted",string,base_hello,68656c6c6f,t|68656c6c6f|5|5|5,,REFUSE
A:/|19|13,LinkedList<T>,base,"[1, 2, 3]","c|[1, 1.0, 0],[1, 1.0, 1],[1, 1.5, 1]|integer|as-sorted",char[],base_hello,68656c6c6f,t|68656c6c6f|5|5|5,,REFUSE
A:/|19|14,LinkedList<T>,base,"[1, 2, 3]","c|[1, 1.0, 0],[1, 1.0, 1],[1, 1.5, 1]|integer|as-sorted",System.Text.StringBuilder,base_hello,68656c6c6f,t|68656c6c6f|5|5|5,,REFUSE
A:/|19|15,LinkedList<T>,base,"[1, 2, 3]","c|[1, 1.0, 0],[1, 1.0, 1],[1, 1.5, 1]|integer|as-sorted",byte[],base_hello,68656c6c6f,t|68656c6c6f|5|5|5,,REFUSE
A:/|19|16,LinkedList<T>,base,"[1, 2, 3]","c|[1, 1.0, 0],[1, 1.0, 1],[1, 1.5, 1]|integer|as-sorted",T[],base,"[1, 2, 3]","c|[1, 1.0, 0],[1, 1.0, 1],[1, 1.5, 1]|integer|as-sorted",,REFUSE
A:/|19|17,LinkedList<T>,base,"[1, 2, 3]","c|[1, 1.0, 0],[1, 1.0, 1],[1, 1.5, 1]|integer|as-sorted",List<T>,base,"[1, 2, 3]","c|[1, 1.0, 0],[1, 1.0, 1],[1, 1.5, 1]|integer|as-sorted",,REFUSE
A:/|19|18,LinkedList<T>,base,"[1, 2, 3]","c|[1, 1.0, 0],[1, 1.0, 1],[1, 1.5, 1]|integer|as-sorted",ReadOnlyCollection<T>,base,"[1, 2, 3]","c|[1, 1.0, 0],[1, 1.0, 1],[1, 1.5, 1]|integer|as-sorted",,REFUSE
A:/|19|19,LinkedList<T>,base,"[1, 2, 3]","c|[1, 1.0, 0],[1, 1.0, 1],[1, 1.5, 1]|integer|as-sorted",LinkedList<T>,base,"[1, 2, 3]","c|[1, 1.0, 0],[1, 1.0, 1],[1, 1.5, 1]|integer|as-sorted",,REFUSE
A:/|19|20,LinkedList<T>,base,"[1, 2, 3]","c|[1, 1.0, 0],[1, 1.0, 1],[1, 1.5, 1]|integer|as-sorted",ValueTuple,base,"[1, 2, 3]","c|[1, 1.0, 0],[1, 1.0, 1],[1, 1.5, 1]|integer|as-sorted",,REFUSE
A:/|19|21,LinkedList<T>,base,"[1, 2, 3]","c|[1, 1.0, 0],[1, 1.0, 1],[1, 1.5, 1]|integer|as-sorted",object[],base,"[1, 2, 3]","c|[1, 1.0, 0],[1, 1.0, 1],[1, 1.5, 1]|integer|as-sorted",,REFUSE
A:/|19|22,LinkedList<T>,base,"[1, 2, 3]","c|[1, 1.0, 0],[1, 1.0, 1],[1, 1.5, 1]|integer|as-sorted","Dictionary<string,V>",flat,"{'a': 1, 'b': 2, 'c': 3}","c|[1, 1.0, 0],[1, 1.0, 1],[1, 1.5, 1]|text|not-applicable",,REFUSE
A:/|19|23,LinkedList<T>,base,"[1, 2, 3]","c|[1, 1.0, 0],[1, 1.0, 1],[1, 1.5, 1]|integer|as-sorted","SortedDictionary<string,V>",flat,"{'a': 1, 'b': 2, 'c': 3}","c|[1, 1.0, 0],[1, 1.0, 1],[1, 1.5, 1]|text|not-applicable",,REFUSE
A:/|19|24,LinkedList<T>,base,"[1, 2, 3]","c|[1, 1.0, 0],[1, 1.0, 1],[1, 1.5, 1]|integer|as-sorted",record,flat,"{'a': 1, 'b': 2, 'c': 3}","c|[1, 1.0, 0],[1, 1.0, 1],[1, 1.5, 1]|text|not-applicable",,REFUSE
A:/|19|25,LinkedList<T>,base,"[1, 2, 3]","c|[1, 1.0, 0],[1, 1.0, 1],[1, 1.5, 1]|integer|as-sorted",struct,flat,"{'a': 1, 'b': 2, 'c': 3}","c|[1, 1.0, 0],[1, 1.0, 1],[1, 1.5, 1]|text|not-applicable",,REFUSE
A:/|19|26,LinkedList<T>,base,"[1, 2, 3]","c|[1, 1.0, 0],[1, 1.0, 1],[1, 1.5, 1]|integer|as-sorted",class with fields,flat,"{'a': 1, 'b': 2, 'c': 3}","c|[1, 1.0, 0],[1, 1.0, 1],[1, 1.5, 1]|text|not-applicable",,REFUSE
A:/|19|27,LinkedList<T>,base,"[1, 2, 3]","c|[1, 1.0, 0],[1, 1.0, 1],[1, 1.5, 1]|integer|as-sorted",List<List<T>>,seq_in_seq,"[[1, 2], [3, 4]]","c|c|[1, 1.0, 0],[1, 1.0, 1]|integer|as-sorted,c|[1, 1.0, 2],[1, 1.5, 1]|integer|as-sorted|integer|as-sorted",,REFUSE
A:/|19|28,LinkedList<T>,base,"[1, 2, 3]","c|[1, 1.0, 0],[1, 1.0, 1],[1, 1.5, 1]|integer|as-sorted","Dictionary<string,object>",seq_in_seq,"[[1, 2], [3, 4]]","c|c|[1, 1.0, 0],[1, 1.0, 1]|integer|as-sorted,c|[1, 1.0, 2],[1, 1.5, 1]|integer|as-sorted|integer|as-sorted",,REFUSE
A:/|19|29,LinkedList<T>,base,"[1, 2, 3]","c|[1, 1.0, 0],[1, 1.0, 1],[1, 1.5, 1]|integer|as-sorted",object[],seq_in_seq,"[[1, 2], [3, 4]]","c|c|[1, 1.0, 0],[1, 1.0, 1]|integer|as-sorted,c|[1, 1.0, 2],[1, 1.5, 1]|integer|as-sorted|integer|as-sorted",,REFUSE
A:/|20|0,ValueTuple,base,"[1, 2, 3]","c|[1, 1.0, 0],[1, 1.0, 1],[1, 1.5, 1]|integer|as-sorted",string? (null reference),null,null,null,,REFUSE
A:/|20|1,ValueTuple,base,"[1, 2, 3]","c|[1, 1.0, 0],[1, 1.0, 1],[1, 1.5, 1]|integer|as-sorted",Nullable<int>,null,null,null,,REFUSE
A:/|20|2,ValueTuple,base,"[1, 2, 3]","c|[1, 1.0, 0],[1, 1.0, 1],[1, 1.5, 1]|integer|as-sorted",object (null reference),null,null,null,,REFUSE
A:/|20|3,ValueTuple,base,"[1, 2, 3]","c|[1, 1.0, 0],[1, 1.0, 1],[1, 1.5, 1]|integer|as-sorted",bool,true,true,true,,REFUSE
A:/|20|4,ValueTuple,base,"[1, 2, 3]","c|[1, 1.0, 0],[1, 1.0, 1],[1, 1.5, 1]|integer|as-sorted",int,base_42,0000002a,"[1, 1.3125, 5]",,REFUSE
A:/|20|5,ValueTuple,base,"[1, 2, 3]","c|[1, 1.0, 0],[1, 1.0, 1],[1, 1.5, 1]|integer|as-sorted",long,base_42,000000000000002a,"[1, 1.3125, 5]",,REFUSE
A:/|20|6,ValueTuple,base,"[1, 2, 3]","c|[1, 1.0, 0],[1, 1.0, 1],[1, 1.5, 1]|integer|as-sorted",ulong,base_42,000000000000002a,"[1, 1.3125, 5]",,REFUSE
A:/|20|7,ValueTuple,base,"[1, 2, 3]","c|[1, 1.0, 0],[1, 1.0, 1],[1, 1.5, 1]|integer|as-sorted",System.Numerics.BigInteger,base_42,2a,"[1, 1.3125, 5]",,REFUSE
A:/|20|8,ValueTuple,base,"[1, 2, 3]","c|[1, 1.0, 0],[1, 1.0, 1],[1, 1.5, 1]|integer|as-sorted",short,base_42,002a,"[1, 1.3125, 5]",,REFUSE
A:/|20|9,ValueTuple,base,"[1, 2, 3]","c|[1, 1.0, 0],[1, 1.0, 1],[1, 1.5, 1]|integer|as-sorted",double,base_1_5,3ff8000000000000,"[1, 1.5, 0]",,REFUSE
A:/|20|10,ValueTuple,base,"[1, 2, 3]","c|[1, 1.0, 0],[1, 1.0, 1],[1, 1.5, 1]|integer|as-sorted",float,base_1_5,3fc00000,"[1, 1.5, 0]",,REFUSE
A:/|20|11,ValueTuple,base,"[1, 2, 3]","c|[1, 1.0, 0],[1, 1.0, 1],[1, 1.5, 1]|integer|as-sorted",decimal,base_1_5,1.5,"[1, 1.5, 0]",,REFUSE
A:/|20|12,ValueTuple,base,"[1, 2, 3]","c|[1, 1.0, 0],[1, 1.0, 1],[1, 1.5, 1]|integer|as-sorted",string,base_hello,68656c6c6f,t|68656c6c6f|5|5|5,,REFUSE
A:/|20|13,ValueTuple,base,"[1, 2, 3]","c|[1, 1.0, 0],[1, 1.0, 1],[1, 1.5, 1]|integer|as-sorted",char[],base_hello,68656c6c6f,t|68656c6c6f|5|5|5,,REFUSE
A:/|20|14,ValueTuple,base,"[1, 2, 3]","c|[1, 1.0, 0],[1, 1.0, 1],[1, 1.5, 1]|integer|as-sorted",System.Text.StringBuilder,base_hello,68656c6c6f,t|68656c6c6f|5|5|5,,REFUSE
A:/|20|15,ValueTuple,base,"[1, 2, 3]","c|[1, 1.0, 0],[1, 1.0, 1],[1, 1.5, 1]|integer|as-sorted",byte[],base_hello,68656c6c6f,t|68656c6c6f|5|5|5,,REFUSE
A:/|20|16,ValueTuple,base,"[1, 2, 3]","c|[1, 1.0, 0],[1, 1.0, 1],[1, 1.5, 1]|integer|as-sorted",T[],base,"[1, 2, 3]","c|[1, 1.0, 0],[1, 1.0, 1],[1, 1.5, 1]|integer|as-sorted",,REFUSE
A:/|20|17,ValueTuple,base,"[1, 2, 3]","c|[1, 1.0, 0],[1, 1.0, 1],[1, 1.5, 1]|integer|as-sorted",List<T>,base,"[1, 2, 3]","c|[1, 1.0, 0],[1, 1.0, 1],[1, 1.5, 1]|integer|as-sorted",,REFUSE
A:/|20|18,ValueTuple,base,"[1, 2, 3]","c|[1, 1.0, 0],[1, 1.0, 1],[1, 1.5, 1]|integer|as-sorted",ReadOnlyCollection<T>,base,"[1, 2, 3]","c|[1, 1.0, 0],[1, 1.0, 1],[1, 1.5, 1]|integer|as-sorted",,REFUSE
A:/|20|19,ValueTuple,base,"[1, 2, 3]","c|[1, 1.0, 0],[1, 1.0, 1],[1, 1.5, 1]|integer|as-sorted",LinkedList<T>,base,"[1, 2, 3]","c|[1, 1.0, 0],[1, 1.0, 1],[1, 1.5, 1]|integer|as-sorted",,REFUSE
A:/|20|20,ValueTuple,base,"[1, 2, 3]","c|[1, 1.0, 0],[1, 1.0, 1],[1, 1.5, 1]|integer|as-sorted",ValueTuple,base,"[1, 2, 3]","c|[1, 1.0, 0],[1, 1.0, 1],[1, 1.5, 1]|integer|as-sorted",,REFUSE
A:/|20|21,ValueTuple,base,"[1, 2, 3]","c|[1, 1.0, 0],[1, 1.0, 1],[1, 1.5, 1]|integer|as-sorted",object[],base,"[1, 2, 3]","c|[1, 1.0, 0],[1, 1.0, 1],[1, 1.5, 1]|integer|as-sorted",,REFUSE
A:/|20|22,ValueTuple,base,"[1, 2, 3]","c|[1, 1.0, 0],[1, 1.0, 1],[1, 1.5, 1]|integer|as-sorted","Dictionary<string,V>",flat,"{'a': 1, 'b': 2, 'c': 3}","c|[1, 1.0, 0],[1, 1.0, 1],[1, 1.5, 1]|text|not-applicable",,REFUSE
A:/|20|23,ValueTuple,base,"[1, 2, 3]","c|[1, 1.0, 0],[1, 1.0, 1],[1, 1.5, 1]|integer|as-sorted","SortedDictionary<string,V>",flat,"{'a': 1, 'b': 2, 'c': 3}","c|[1, 1.0, 0],[1, 1.0, 1],[1, 1.5, 1]|text|not-applicable",,REFUSE
A:/|20|24,ValueTuple,base,"[1, 2, 3]","c|[1, 1.0, 0],[1, 1.0, 1],[1, 1.5, 1]|integer|as-sorted",record,flat,"{'a': 1, 'b': 2, 'c': 3}","c|[1, 1.0, 0],[1, 1.0, 1],[1, 1.5, 1]|text|not-applicable",,REFUSE
A:/|20|25,ValueTuple,base,"[1, 2, 3]","c|[1, 1.0, 0],[1, 1.0, 1],[1, 1.5, 1]|integer|as-sorted",struct,flat,"{'a': 1, 'b': 2, 'c': 3}","c|[1, 1.0, 0],[1, 1.0, 1],[1, 1.5, 1]|text|not-applicable",,REFUSE
A:/|20|26,ValueTuple,base,"[1, 2, 3]","c|[1, 1.0, 0],[1, 1.0, 1],[1, 1.5, 1]|integer|as-sorted",class with fields,flat,"{'a': 1, 'b': 2, 'c': 3}","c|[1, 1.0, 0],[1, 1.0, 1],[1, 1.5, 1]|text|not-applicable",,REFUSE
A:/|20|27,ValueTuple,base,"[1, 2, 3]","c|[1, 1.0, 0],[1, 1.0, 1],[1, 1.5, 1]|integer|as-sorted",List<List<T>>,seq_in_seq,"[[1, 2], [3, 4]]","c|c|[1, 1.0, 0],[1, 1.0, 1]|integer|as-sorted,c|[1, 1.0, 2],[1, 1.5, 1]|integer|as-sorted|integer|as-sorted",,REFUSE
A:/|20|28,ValueTuple,base,"[1, 2, 3]","c|[1, 1.0, 0],[1, 1.0, 1],[1, 1.5, 1]|integer|as-sorted","Dictionary<string,object>",seq_in_seq,"[[1, 2], [3, 4]]","c|c|[1, 1.0, 0],[1, 1.0, 1]|integer|as-sorted,c|[1, 1.0, 2],[1, 1.5, 1]|integer|as-sorted|integer|as-sorted",,REFUSE
A:/|20|29,ValueTuple,base,"[1, 2, 3]","c|[1, 1.0, 0],[1, 1.0, 1],[1, 1.5, 1]|integer|as-sorted",object[],seq_in_seq,"[[1, 2], [3, 4]]","c|c|[1, 1.0, 0],[1, 1.0, 1]|integer|as-sorted,c|[1, 1.0, 2],[1, 1.5, 1]|integer|as-sorted|integer|as-sorted",,REFUSE
A:/|21|0,object[],base,"[1, 2, 3]","c|[1, 1.0, 0],[1, 1.0, 1],[1, 1.5, 1]|integer|as-sorted",string? (null reference),null,null,null,,REFUSE
A:/|21|1,object[],base,"[1, 2, 3]","c|[1, 1.0, 0],[1, 1.0, 1],[1, 1.5, 1]|integer|as-sorted",Nullable<int>,null,null,null,,REFUSE
A:/|21|2,object[],base,"[1, 2, 3]","c|[1, 1.0, 0],[1, 1.0, 1],[1, 1.5, 1]|integer|as-sorted",object (null reference),null,null,null,,REFUSE
A:/|21|3,object[],base,"[1, 2, 3]","c|[1, 1.0, 0],[1, 1.0, 1],[1, 1.5, 1]|integer|as-sorted",bool,true,true,true,,REFUSE
A:/|21|4,object[],base,"[1, 2, 3]","c|[1, 1.0, 0],[1, 1.0, 1],[1, 1.5, 1]|integer|as-sorted",int,base_42,0000002a,"[1, 1.3125, 5]",,REFUSE
A:/|21|5,object[],base,"[1, 2, 3]","c|[1, 1.0, 0],[1, 1.0, 1],[1, 1.5, 1]|integer|as-sorted",long,base_42,000000000000002a,"[1, 1.3125, 5]",,REFUSE
A:/|21|6,object[],base,"[1, 2, 3]","c|[1, 1.0, 0],[1, 1.0, 1],[1, 1.5, 1]|integer|as-sorted",ulong,base_42,000000000000002a,"[1, 1.3125, 5]",,REFUSE
A:/|21|7,object[],base,"[1, 2, 3]","c|[1, 1.0, 0],[1, 1.0, 1],[1, 1.5, 1]|integer|as-sorted",System.Numerics.BigInteger,base_42,2a,"[1, 1.3125, 5]",,REFUSE
A:/|21|8,object[],base,"[1, 2, 3]","c|[1, 1.0, 0],[1, 1.0, 1],[1, 1.5, 1]|integer|as-sorted",short,base_42,002a,"[1, 1.3125, 5]",,REFUSE
A:/|21|9,object[],base,"[1, 2, 3]","c|[1, 1.0, 0],[1, 1.0, 1],[1, 1.5, 1]|integer|as-sorted",double,base_1_5,3ff8000000000000,"[1, 1.5, 0]",,REFUSE
A:/|21|10,object[],base,"[1, 2, 3]","c|[1, 1.0, 0],[1, 1.0, 1],[1, 1.5, 1]|integer|as-sorted",float,base_1_5,3fc00000,"[1, 1.5, 0]",,REFUSE
A:/|21|11,object[],base,"[1, 2, 3]","c|[1, 1.0, 0],[1, 1.0, 1],[1, 1.5, 1]|integer|as-sorted",decimal,base_1_5,1.5,"[1, 1.5, 0]",,REFUSE
A:/|21|12,object[],base,"[1, 2, 3]","c|[1, 1.0, 0],[1, 1.0, 1],[1, 1.5, 1]|integer|as-sorted",string,base_hello,68656c6c6f,t|68656c6c6f|5|5|5,,REFUSE
A:/|21|13,object[],base,"[1, 2, 3]","c|[1, 1.0, 0],[1, 1.0, 1],[1, 1.5, 1]|integer|as-sorted",char[],base_hello,68656c6c6f,t|68656c6c6f|5|5|5,,REFUSE
A:/|21|14,object[],base,"[1, 2, 3]","c|[1, 1.0, 0],[1, 1.0, 1],[1, 1.5, 1]|integer|as-sorted",System.Text.StringBuilder,base_hello,68656c6c6f,t|68656c6c6f|5|5|5,,REFUSE
A:/|21|15,object[],base,"[1, 2, 3]","c|[1, 1.0, 0],[1, 1.0, 1],[1, 1.5, 1]|integer|as-sorted",byte[],base_hello,68656c6c6f,t|68656c6c6f|5|5|5,,REFUSE
A:/|21|16,object[],base,"[1, 2, 3]","c|[1, 1.0, 0],[1, 1.0, 1],[1, 1.5, 1]|integer|as-sorted",T[],base,"[1, 2, 3]","c|[1, 1.0, 0],[1, 1.0, 1],[1, 1.5, 1]|integer|as-sorted",,REFUSE
A:/|21|17,object[],base,"[1, 2, 3]","c|[1, 1.0, 0],[1, 1.0, 1],[1, 1.5, 1]|integer|as-sorted",List<T>,base,"[1, 2, 3]","c|[1, 1.0, 0],[1, 1.0, 1],[1, 1.5, 1]|integer|as-sorted",,REFUSE
A:/|21|18,object[],base,"[1, 2, 3]","c|[1, 1.0, 0],[1, 1.0, 1],[1, 1.5, 1]|integer|as-sorted",ReadOnlyCollection<T>,base,"[1, 2, 3]","c|[1, 1.0, 0],[1, 1.0, 1],[1, 1.5, 1]|integer|as-sorted",,REFUSE
A:/|21|19,object[],base,"[1, 2, 3]","c|[1, 1.0, 0],[1, 1.0, 1],[1, 1.5, 1]|integer|as-sorted",LinkedList<T>,base,"[1, 2, 3]","c|[1, 1.0, 0],[1, 1.0, 1],[1, 1.5, 1]|integer|as-sorted",,REFUSE
A:/|21|20,object[],base,"[1, 2, 3]","c|[1, 1.0, 0],[1, 1.0, 1],[1, 1.5, 1]|integer|as-sorted",ValueTuple,base,"[1, 2, 3]","c|[1, 1.0, 0],[1, 1.0, 1],[1, 1.5, 1]|integer|as-sorted",,REFUSE
A:/|21|21,object[],base,"[1, 2, 3]","c|[1, 1.0, 0],[1, 1.0, 1],[1, 1.5, 1]|integer|as-sorted",object[],base,"[1, 2, 3]","c|[1, 1.0, 0],[1, 1.0, 1],[1, 1.5, 1]|integer|as-sorted",,REFUSE
A:/|21|22,object[],base,"[1, 2, 3]","c|[1, 1.0, 0],[1, 1.0, 1],[1, 1.5, 1]|integer|as-sorted","Dictionary<string,V>",flat,"{'a': 1, 'b': 2, 'c': 3}","c|[1, 1.0, 0],[1, 1.0, 1],[1, 1.5, 1]|text|not-applicable",,REFUSE
A:/|21|23,object[],base,"[1, 2, 3]","c|[1, 1.0, 0],[1, 1.0, 1],[1, 1.5, 1]|integer|as-sorted","SortedDictionary<string,V>",flat,"{'a': 1, 'b': 2, 'c': 3}","c|[1, 1.0, 0],[1, 1.0, 1],[1, 1.5, 1]|text|not-applicable",,REFUSE
A:/|21|24,object[],base,"[1, 2, 3]","c|[1, 1.0, 0],[1, 1.0, 1],[1, 1.5, 1]|integer|as-sorted",record,flat,"{'a': 1, 'b': 2, 'c': 3}","c|[1, 1.0, 0],[1, 1.0, 1],[1, 1.5, 1]|text|not-applicable",,REFUSE
A:/|21|25,object[],base,"[1, 2, 3]","c|[1, 1.0, 0],[1, 1.0, 1],[1, 1.5, 1]|integer|as-sorted",struct,flat,"{'a': 1, 'b': 2, 'c': 3}","c|[1, 1.0, 0],[1, 1.0, 1],[1, 1.5, 1]|text|not-applicable",,REFUSE
A:/|21|26,object[],base,"[1, 2, 3]","c|[1, 1.0, 0],[1, 1.0, 1],[1, 1.5, 1]|integer|as-sorted",class with fields,flat,"{'a': 1, 'b': 2, 'c': 3}","c|[1, 1.0, 0],[1, 1.0, 1],[1, 1.5, 1]|text|not-applicable",,REFUSE
A:/|21|27,object[],base,"[1, 2, 3]","c|[1, 1.0, 0],[1, 1.0, 1],[1, 1.5, 1]|integer|as-sorted",List<List<T>>,seq_in_seq,"[[1, 2], [3, 4]]","c|c|[1, 1.0, 0],[1, 1.0, 1]|integer|as-sorted,c|[1, 1.0, 2],[1, 1.5, 1]|integer|as-sorted|integer|as-sorted",,REFUSE
A:/|21|28,object[],base,"[1, 2, 3]","c|[1, 1.0, 0],[1, 1.0, 1],[1, 1.5, 1]|integer|as-sorted","Dictionary<string,object>",seq_in_seq,"[[1, 2], [3, 4]]","c|c|[1, 1.0, 0],[1, 1.0, 1]|integer|as-sorted,c|[1, 1.0, 2],[1, 1.5, 1]|integer|as-sorted|integer|as-sorted",,REFUSE
A:/|21|29,object[],base,"[1, 2, 3]","c|[1, 1.0, 0],[1, 1.0, 1],[1, 1.5, 1]|integer|as-sorted",object[],seq_in_seq,"[[1, 2], [3, 4]]","c|c|[1, 1.0, 0],[1, 1.0, 1]|integer|as-sorted,c|[1, 1.0, 2],[1, 1.5, 1]|integer|as-sorted|integer|as-sorted",,REFUSE
A:/|22|0,"Dictionary<string,V>",flat,"{'a': 1, 'b': 2, 'c': 3}","c|[1, 1.0, 0],[1, 1.0, 1],[1, 1.5, 1]|text|not-applicable",string? (null reference),null,null,null,,REFUSE
A:/|22|1,"Dictionary<string,V>",flat,"{'a': 1, 'b': 2, 'c': 3}","c|[1, 1.0, 0],[1, 1.0, 1],[1, 1.5, 1]|text|not-applicable",Nullable<int>,null,null,null,,REFUSE
A:/|22|2,"Dictionary<string,V>",flat,"{'a': 1, 'b': 2, 'c': 3}","c|[1, 1.0, 0],[1, 1.0, 1],[1, 1.5, 1]|text|not-applicable",object (null reference),null,null,null,,REFUSE
A:/|22|3,"Dictionary<string,V>",flat,"{'a': 1, 'b': 2, 'c': 3}","c|[1, 1.0, 0],[1, 1.0, 1],[1, 1.5, 1]|text|not-applicable",bool,true,true,true,,REFUSE
A:/|22|4,"Dictionary<string,V>",flat,"{'a': 1, 'b': 2, 'c': 3}","c|[1, 1.0, 0],[1, 1.0, 1],[1, 1.5, 1]|text|not-applicable",int,base_42,0000002a,"[1, 1.3125, 5]",,REFUSE
A:/|22|5,"Dictionary<string,V>",flat,"{'a': 1, 'b': 2, 'c': 3}","c|[1, 1.0, 0],[1, 1.0, 1],[1, 1.5, 1]|text|not-applicable",long,base_42,000000000000002a,"[1, 1.3125, 5]",,REFUSE
A:/|22|6,"Dictionary<string,V>",flat,"{'a': 1, 'b': 2, 'c': 3}","c|[1, 1.0, 0],[1, 1.0, 1],[1, 1.5, 1]|text|not-applicable",ulong,base_42,000000000000002a,"[1, 1.3125, 5]",,REFUSE
A:/|22|7,"Dictionary<string,V>",flat,"{'a': 1, 'b': 2, 'c': 3}","c|[1, 1.0, 0],[1, 1.0, 1],[1, 1.5, 1]|text|not-applicable",System.Numerics.BigInteger,base_42,2a,"[1, 1.3125, 5]",,REFUSE
A:/|22|8,"Dictionary<string,V>",flat,"{'a': 1, 'b': 2, 'c': 3}","c|[1, 1.0, 0],[1, 1.0, 1],[1, 1.5, 1]|text|not-applicable",short,base_42,002a,"[1, 1.3125, 5]",,REFUSE
A:/|22|9,"Dictionary<string,V>",flat,"{'a': 1, 'b': 2, 'c': 3}","c|[1, 1.0, 0],[1, 1.0, 1],[1, 1.5, 1]|text|not-applicable",double,base_1_5,3ff8000000000000,"[1, 1.5, 0]",,REFUSE
A:/|22|10,"Dictionary<string,V>",flat,"{'a': 1, 'b': 2, 'c': 3}","c|[1, 1.0, 0],[1, 1.0, 1],[1, 1.5, 1]|text|not-applicable",float,base_1_5,3fc00000,"[1, 1.5, 0]",,REFUSE
A:/|22|11,"Dictionary<string,V>",flat,"{'a': 1, 'b': 2, 'c': 3}","c|[1, 1.0, 0],[1, 1.0, 1],[1, 1.5, 1]|text|not-applicable",decimal,base_1_5,1.5,"[1, 1.5, 0]",,REFUSE
A:/|22|12,"Dictionary<string,V>",flat,"{'a': 1, 'b': 2, 'c': 3}","c|[1, 1.0, 0],[1, 1.0, 1],[1, 1.5, 1]|text|not-applicable",string,base_hello,68656c6c6f,t|68656c6c6f|5|5|5,,REFUSE
A:/|22|13,"Dictionary<string,V>",flat,"{'a': 1, 'b': 2, 'c': 3}","c|[1, 1.0, 0],[1, 1.0, 1],[1, 1.5, 1]|text|not-applicable",char[],base_hello,68656c6c6f,t|68656c6c6f|5|5|5,,REFUSE
A:/|22|14,"Dictionary<string,V>",flat,"{'a': 1, 'b': 2, 'c': 3}","c|[1, 1.0, 0],[1, 1.0, 1],[1, 1.5, 1]|text|not-applicable",System.Text.StringBuilder,base_hello,68656c6c6f,t|68656c6c6f|5|5|5,,REFUSE
A:/|22|15,"Dictionary<string,V>",flat,"{'a': 1, 'b': 2, 'c': 3}","c|[1, 1.0, 0],[1, 1.0, 1],[1, 1.5, 1]|text|not-applicable",byte[],base_hello,68656c6c6f,t|68656c6c6f|5|5|5,,REFUSE
A:/|22|16,"Dictionary<string,V>",flat,"{'a': 1, 'b': 2, 'c': 3}","c|[1, 1.0, 0],[1, 1.0, 1],[1, 1.5, 1]|text|not-applicable",T[],base,"[1, 2, 3]","c|[1, 1.0, 0],[1, 1.0, 1],[1, 1.5, 1]|integer|as-sorted",,REFUSE
A:/|22|17,"Dictionary<string,V>",flat,"{'a': 1, 'b': 2, 'c': 3}","c|[1, 1.0, 0],[1, 1.0, 1],[1, 1.5, 1]|text|not-applicable",List<T>,base,"[1, 2, 3]","c|[1, 1.0, 0],[1, 1.0, 1],[1, 1.5, 1]|integer|as-sorted",,REFUSE
A:/|22|18,"Dictionary<string,V>",flat,"{'a': 1, 'b': 2, 'c': 3}","c|[1, 1.0, 0],[1, 1.0, 1],[1, 1.5, 1]|text|not-applicable",ReadOnlyCollection<T>,base,"[1, 2, 3]","c|[1, 1.0, 0],[1, 1.0, 1],[1, 1.5, 1]|integer|as-sorted",,REFUSE
A:/|22|19,"Dictionary<string,V>",flat,"{'a': 1, 'b': 2, 'c': 3}","c|[1, 1.0, 0],[1, 1.0, 1],[1, 1.5, 1]|text|not-applicable",LinkedList<T>,base,"[1, 2, 3]","c|[1, 1.0, 0],[1, 1.0, 1],[1, 1.5, 1]|integer|as-sorted",,REFUSE
A:/|22|20,"Dictionary<string,V>",flat,"{'a': 1, 'b': 2, 'c': 3}","c|[1, 1.0, 0],[1, 1.0, 1],[1, 1.5, 1]|text|not-applicable",ValueTuple,base,"[1, 2, 3]","c|[1, 1.0, 0],[1, 1.0, 1],[1, 1.5, 1]|integer|as-sorted",,REFUSE
A:/|22|21,"Dictionary<string,V>",flat,"{'a': 1, 'b': 2, 'c': 3}","c|[1, 1.0, 0],[1, 1.0, 1],[1, 1.5, 1]|text|not-applicable",object[],base,"[1, 2, 3]","c|[1, 1.0, 0],[1, 1.0, 1],[1, 1.5, 1]|integer|as-sorted",,REFUSE
A:/|22|22,"Dictionary<string,V>",flat,"{'a': 1, 'b': 2, 'c': 3}","c|[1, 1.0, 0],[1, 1.0, 1],[1, 1.5, 1]|text|not-applicable","Dictionary<string,V>",flat,"{'a': 1, 'b': 2, 'c': 3}","c|[1, 1.0, 0],[1, 1.0, 1],[1, 1.5, 1]|text|not-applicable",,REFUSE
A:/|22|23,"Dictionary<string,V>",flat,"{'a': 1, 'b': 2, 'c': 3}","c|[1, 1.0, 0],[1, 1.0, 1],[1, 1.5, 1]|text|not-applicable","SortedDictionary<string,V>",flat,"{'a': 1, 'b': 2, 'c': 3}","c|[1, 1.0, 0],[1, 1.0, 1],[1, 1.5, 1]|text|not-applicable",,REFUSE
A:/|22|24,"Dictionary<string,V>",flat,"{'a': 1, 'b': 2, 'c': 3}","c|[1, 1.0, 0],[1, 1.0, 1],[1, 1.5, 1]|text|not-applicable",record,flat,"{'a': 1, 'b': 2, 'c': 3}","c|[1, 1.0, 0],[1, 1.0, 1],[1, 1.5, 1]|text|not-applicable",,REFUSE
A:/|22|25,"Dictionary<string,V>",flat,"{'a': 1, 'b': 2, 'c': 3}","c|[1, 1.0, 0],[1, 1.0, 1],[1, 1.5, 1]|text|not-applicable",struct,flat,"{'a': 1, 'b': 2, 'c': 3}","c|[1, 1.0, 0],[1, 1.0, 1],[1, 1.5, 1]|text|not-applicable",,REFUSE
A:/|22|26,"Dictionary<string,V>",flat,"{'a': 1, 'b': 2, 'c': 3}","c|[1, 1.0, 0],[1, 1.0, 1],[1, 1.5, 1]|text|not-applicable",class with fields,flat,"{'a': 1, 'b': 2, 'c': 3}","c|[1, 1.0, 0],[1, 1.0, 1],[1, 1.5, 1]|text|not-applicable",,REFUSE
A:/|22|27,"Dictionary<string,V>",flat,"{'a': 1, 'b': 2, 'c': 3}","c|[1, 1.0, 0],[1, 1.0, 1],[1, 1.5, 1]|text|not-applicable",List<List<T>>,seq_in_seq,"[[1, 2], [3, 4]]","c|c|[1, 1.0, 0],[1, 1.0, 1]|integer|as-sorted,c|[1, 1.0, 2],[1, 1.5, 1]|integer|as-sorted|integer|as-sorted",,REFUSE
A:/|22|28,"Dictionary<string,V>",flat,"{'a': 1, 'b': 2, 'c': 3}","c|[1, 1.0, 0],[1, 1.0, 1],[1, 1.5, 1]|text|not-applicable","Dictionary<string,object>",seq_in_seq,"[[1, 2], [3, 4]]","c|c|[1, 1.0, 0],[1, 1.0, 1]|integer|as-sorted,c|[1, 1.0, 2],[1, 1.5, 1]|integer|as-sorted|integer|as-sorted",,REFUSE
A:/|22|29,"Dictionary<string,V>",flat,"{'a': 1, 'b': 2, 'c': 3}","c|[1, 1.0, 0],[1, 1.0, 1],[1, 1.5, 1]|text|not-applicable",object[],seq_in_seq,"[[1, 2], [3, 4]]","c|c|[1, 1.0, 0],[1, 1.0, 1]|integer|as-sorted,c|[1, 1.0, 2],[1, 1.5, 1]|integer|as-sorted|integer|as-sorted",,REFUSE
A:/|23|0,"SortedDictionary<string,V>",flat,"{'a': 1, 'b': 2, 'c': 3}","c|[1, 1.0, 0],[1, 1.0, 1],[1, 1.5, 1]|text|not-applicable",string? (null reference),null,null,null,,REFUSE
A:/|23|1,"SortedDictionary<string,V>",flat,"{'a': 1, 'b': 2, 'c': 3}","c|[1, 1.0, 0],[1, 1.0, 1],[1, 1.5, 1]|text|not-applicable",Nullable<int>,null,null,null,,REFUSE
A:/|23|2,"SortedDictionary<string,V>",flat,"{'a': 1, 'b': 2, 'c': 3}","c|[1, 1.0, 0],[1, 1.0, 1],[1, 1.5, 1]|text|not-applicable",object (null reference),null,null,null,,REFUSE
A:/|23|3,"SortedDictionary<string,V>",flat,"{'a': 1, 'b': 2, 'c': 3}","c|[1, 1.0, 0],[1, 1.0, 1],[1, 1.5, 1]|text|not-applicable",bool,true,true,true,,REFUSE
A:/|23|4,"SortedDictionary<string,V>",flat,"{'a': 1, 'b': 2, 'c': 3}","c|[1, 1.0, 0],[1, 1.0, 1],[1, 1.5, 1]|text|not-applicable",int,base_42,0000002a,"[1, 1.3125, 5]",,REFUSE
A:/|23|5,"SortedDictionary<string,V>",flat,"{'a': 1, 'b': 2, 'c': 3}","c|[1, 1.0, 0],[1, 1.0, 1],[1, 1.5, 1]|text|not-applicable",long,base_42,000000000000002a,"[1, 1.3125, 5]",,REFUSE
A:/|23|6,"SortedDictionary<string,V>",flat,"{'a': 1, 'b': 2, 'c': 3}","c|[1, 1.0, 0],[1, 1.0, 1],[1, 1.5, 1]|text|not-applicable",ulong,base_42,000000000000002a,"[1, 1.3125, 5]",,REFUSE
A:/|23|7,"SortedDictionary<string,V>",flat,"{'a': 1, 'b': 2, 'c': 3}","c|[1, 1.0, 0],[1, 1.0, 1],[1, 1.5, 1]|text|not-applicable",System.Numerics.BigInteger,base_42,2a,"[1, 1.3125, 5]",,REFUSE
A:/|23|8,"SortedDictionary<string,V>",flat,"{'a': 1, 'b': 2, 'c': 3}","c|[1, 1.0, 0],[1, 1.0, 1],[1, 1.5, 1]|text|not-applicable",short,base_42,002a,"[1, 1.3125, 5]",,REFUSE
A:/|23|9,"SortedDictionary<string,V>",flat,"{'a': 1, 'b': 2, 'c': 3}","c|[1, 1.0, 0],[1, 1.0, 1],[1, 1.5, 1]|text|not-applicable",double,base_1_5,3ff8000000000000,"[1, 1.5, 0]",,REFUSE
A:/|23|10,"SortedDictionary<string,V>",flat,"{'a': 1, 'b': 2, 'c': 3}","c|[1, 1.0, 0],[1, 1.0, 1],[1, 1.5, 1]|text|not-applicable",float,base_1_5,3fc00000,"[1, 1.5, 0]",,REFUSE
A:/|23|11,"SortedDictionary<string,V>",flat,"{'a': 1, 'b': 2, 'c': 3}","c|[1, 1.0, 0],[1, 1.0, 1],[1, 1.5, 1]|text|not-applicable",decimal,base_1_5,1.5,"[1, 1.5, 0]",,REFUSE
A:/|23|12,"SortedDictionary<string,V>",flat,"{'a': 1, 'b': 2, 'c': 3}","c|[1, 1.0, 0],[1, 1.0, 1],[1, 1.5, 1]|text|not-applicable",string,base_hello,68656c6c6f,t|68656c6c6f|5|5|5,,REFUSE
A:/|23|13,"SortedDictionary<string,V>",flat,"{'a': 1, 'b': 2, 'c': 3}","c|[1, 1.0, 0],[1, 1.0, 1],[1, 1.5, 1]|text|not-applicable",char[],base_hello,68656c6c6f,t|68656c6c6f|5|5|5,,REFUSE
A:/|23|14,"SortedDictionary<string,V>",flat,"{'a': 1, 'b': 2, 'c': 3}","c|[1, 1.0, 0],[1, 1.0, 1],[1, 1.5, 1]|text|not-applicable",System.Text.StringBuilder,base_hello,68656c6c6f,t|68656c6c6f|5|5|5,,REFUSE
A:/|23|15,"SortedDictionary<string,V>",flat,"{'a': 1, 'b': 2, 'c': 3}","c|[1, 1.0, 0],[1, 1.0, 1],[1, 1.5, 1]|text|not-applicable",byte[],base_hello,68656c6c6f,t|68656c6c6f|5|5|5,,REFUSE
A:/|23|16,"SortedDictionary<string,V>",flat,"{'a': 1, 'b': 2, 'c': 3}","c|[1, 1.0, 0],[1, 1.0, 1],[1, 1.5, 1]|text|not-applicable",T[],base,"[1, 2, 3]","c|[1, 1.0, 0],[1, 1.0, 1],[1, 1.5, 1]|integer|as-sorted",,REFUSE
A:/|23|17,"SortedDictionary<string,V>",flat,"{'a': 1, 'b': 2, 'c': 3}","c|[1, 1.0, 0],[1, 1.0, 1],[1, 1.5, 1]|text|not-applicable",List<T>,base,"[1, 2, 3]","c|[1, 1.0, 0],[1, 1.0, 1],[1, 1.5, 1]|integer|as-sorted",,REFUSE
A:/|23|18,"SortedDictionary<string,V>",flat,"{'a': 1, 'b': 2, 'c': 3}","c|[1, 1.0, 0],[1, 1.0, 1],[1, 1.5, 1]|text|not-applicable",ReadOnlyCollection<T>,base,"[1, 2, 3]","c|[1, 1.0, 0],[1, 1.0, 1],[1, 1.5, 1]|integer|as-sorted",,REFUSE
A:/|23|19,"SortedDictionary<string,V>",flat,"{'a': 1, 'b': 2, 'c': 3}","c|[1, 1.0, 0],[1, 1.0, 1],[1, 1.5, 1]|text|not-applicable",LinkedList<T>,base,"[1, 2, 3]","c|[1, 1.0, 0],[1, 1.0, 1],[1, 1.5, 1]|integer|as-sorted",,REFUSE
A:/|23|20,"SortedDictionary<string,V>",flat,"{'a': 1, 'b': 2, 'c': 3}","c|[1, 1.0, 0],[1, 1.0, 1],[1, 1.5, 1]|text|not-applicable",ValueTuple,base,"[1, 2, 3]","c|[1, 1.0, 0],[1, 1.0, 1],[1, 1.5, 1]|integer|as-sorted",,REFUSE
A:/|23|21,"SortedDictionary<string,V>",flat,"{'a': 1, 'b': 2, 'c': 3}","c|[1, 1.0, 0],[1, 1.0, 1],[1, 1.5, 1]|text|not-applicable",object[],base,"[1, 2, 3]","c|[1, 1.0, 0],[1, 1.0, 1],[1, 1.5, 1]|integer|as-sorted",,REFUSE
A:/|23|22,"SortedDictionary<string,V>",flat,"{'a': 1, 'b': 2, 'c': 3}","c|[1, 1.0, 0],[1, 1.0, 1],[1, 1.5, 1]|text|not-applicable","Dictionary<string,V>",flat,"{'a': 1, 'b': 2, 'c': 3}","c|[1, 1.0, 0],[1, 1.0, 1],[1, 1.5, 1]|text|not-applicable",,REFUSE
A:/|23|23,"SortedDictionary<string,V>",flat,"{'a': 1, 'b': 2, 'c': 3}","c|[1, 1.0, 0],[1, 1.0, 1],[1, 1.5, 1]|text|not-applicable","SortedDictionary<string,V>",flat,"{'a': 1, 'b': 2, 'c': 3}","c|[1, 1.0, 0],[1, 1.0, 1],[1, 1.5, 1]|text|not-applicable",,REFUSE
A:/|23|24,"SortedDictionary<string,V>",flat,"{'a': 1, 'b': 2, 'c': 3}","c|[1, 1.0, 0],[1, 1.0, 1],[1, 1.5, 1]|text|not-applicable",record,flat,"{'a': 1, 'b': 2, 'c': 3}","c|[1, 1.0, 0],[1, 1.0, 1],[1, 1.5, 1]|text|not-applicable",,REFUSE
A:/|23|25,"SortedDictionary<string,V>",flat,"{'a': 1, 'b': 2, 'c': 3}","c|[1, 1.0, 0],[1, 1.0, 1],[1, 1.5, 1]|text|not-applicable",struct,flat,"{'a': 1, 'b': 2, 'c': 3}","c|[1, 1.0, 0],[1, 1.0, 1],[1, 1.5, 1]|text|not-applicable",,REFUSE
A:/|23|26,"SortedDictionary<string,V>",flat,"{'a': 1, 'b': 2, 'c': 3}","c|[1, 1.0, 0],[1, 1.0, 1],[1, 1.5, 1]|text|not-applicable",class with fields,flat,"{'a': 1, 'b': 2, 'c': 3}","c|[1, 1.0, 0],[1, 1.0, 1],[1, 1.5, 1]|text|not-applicable",,REFUSE
A:/|23|27,"SortedDictionary<string,V>",flat,"{'a': 1, 'b': 2, 'c': 3}","c|[1, 1.0, 0],[1, 1.0, 1],[1, 1.5, 1]|text|not-applicable",List<List<T>>,seq_in_seq,"[[1, 2], [3, 4]]","c|c|[1, 1.0, 0],[1, 1.0, 1]|integer|as-sorted,c|[1, 1.0, 2],[1, 1.5, 1]|integer|as-sorted|integer|as-sorted",,REFUSE
A:/|23|28,"SortedDictionary<string,V>",flat,"{'a': 1, 'b': 2, 'c': 3}","c|[1, 1.0, 0],[1, 1.0, 1],[1, 1.5, 1]|text|not-applicable","Dictionary<string,object>",seq_in_seq,"[[1, 2], [3, 4]]","c|c|[1, 1.0, 0],[1, 1.0, 1]|integer|as-sorted,c|[1, 1.0, 2],[1, 1.5, 1]|integer|as-sorted|integer|as-sorted",,REFUSE
A:/|23|29,"SortedDictionary<string,V>",flat,"{'a': 1, 'b': 2, 'c': 3}","c|[1, 1.0, 0],[1, 1.0, 1],[1, 1.5, 1]|text|not-applicable",object[],seq_in_seq,"[[1, 2], [3, 4]]","c|c|[1, 1.0, 0],[1, 1.0, 1]|integer|as-sorted,c|[1, 1.0, 2],[1, 1.5, 1]|integer|as-sorted|integer|as-sorted",,REFUSE
A:/|24|0,record,flat,"{'a': 1, 'b': 2, 'c': 3}","c|[1, 1.0, 0],[1, 1.0, 1],[1, 1.5, 1]|text|not-applicable",string? (null reference),null,null,null,,REFUSE
A:/|24|1,record,flat,"{'a': 1, 'b': 2, 'c': 3}","c|[1, 1.0, 0],[1, 1.0, 1],[1, 1.5, 1]|text|not-applicable",Nullable<int>,null,null,null,,REFUSE
A:/|24|2,record,flat,"{'a': 1, 'b': 2, 'c': 3}","c|[1, 1.0, 0],[1, 1.0, 1],[1, 1.5, 1]|text|not-applicable",object (null reference),null,null,null,,REFUSE
A:/|24|3,record,flat,"{'a': 1, 'b': 2, 'c': 3}","c|[1, 1.0, 0],[1, 1.0, 1],[1, 1.5, 1]|text|not-applicable",bool,true,true,true,,REFUSE
A:/|24|4,record,flat,"{'a': 1, 'b': 2, 'c': 3}","c|[1, 1.0, 0],[1, 1.0, 1],[1, 1.5, 1]|text|not-applicable",int,base_42,0000002a,"[1, 1.3125, 5]",,REFUSE
A:/|24|5,record,flat,"{'a': 1, 'b': 2, 'c': 3}","c|[1, 1.0, 0],[1, 1.0, 1],[1, 1.5, 1]|text|not-applicable",long,base_42,000000000000002a,"[1, 1.3125, 5]",,REFUSE
A:/|24|6,record,flat,"{'a': 1, 'b': 2, 'c': 3}","c|[1, 1.0, 0],[1, 1.0, 1],[1, 1.5, 1]|text|not-applicable",ulong,base_42,000000000000002a,"[1, 1.3125, 5]",,REFUSE
A:/|24|7,record,flat,"{'a': 1, 'b': 2, 'c': 3}","c|[1, 1.0, 0],[1, 1.0, 1],[1, 1.5, 1]|text|not-applicable",System.Numerics.BigInteger,base_42,2a,"[1, 1.3125, 5]",,REFUSE
A:/|24|8,record,flat,"{'a': 1, 'b': 2, 'c': 3}","c|[1, 1.0, 0],[1, 1.0, 1],[1, 1.5, 1]|text|not-applicable",short,base_42,002a,"[1, 1.3125, 5]",,REFUSE
A:/|24|9,record,flat,"{'a': 1, 'b': 2, 'c': 3}","c|[1, 1.0, 0],[1, 1.0, 1],[1, 1.5, 1]|text|not-applicable",double,base_1_5,3ff8000000000000,"[1, 1.5, 0]",,REFUSE
A:/|24|10,record,flat,"{'a': 1, 'b': 2, 'c': 3}","c|[1, 1.0, 0],[1, 1.0, 1],[1, 1.5, 1]|text|not-applicable",float,base_1_5,3fc00000,"[1, 1.5, 0]",,REFUSE
A:/|24|11,record,flat,"{'a': 1, 'b': 2, 'c': 3}","c|[1, 1.0, 0],[1, 1.0, 1],[1, 1.5, 1]|text|not-applicable",decimal,base_1_5,1.5,"[1, 1.5, 0]",,REFUSE
A:/|24|12,record,flat,"{'a': 1, 'b': 2, 'c': 3}","c|[1, 1.0, 0],[1, 1.0, 1],[1, 1.5, 1]|text|not-applicable",string,base_hello,68656c6c6f,t|68656c6c6f|5|5|5,,REFUSE
A:/|24|13,record,flat,"{'a': 1, 'b': 2, 'c': 3}","c|[1, 1.0, 0],[1, 1.0, 1],[1, 1.5, 1]|text|not-applicable",char[],base_hello,68656c6c6f,t|68656c6c6f|5|5|5,,REFUSE
A:/|24|14,record,flat,"{'a': 1, 'b': 2, 'c': 3}","c|[1, 1.0, 0],[1, 1.0, 1],[1, 1.5, 1]|text|not-applicable",System.Text.StringBuilder,base_hello,68656c6c6f,t|68656c6c6f|5|5|5,,REFUSE
A:/|24|15,record,flat,"{'a': 1, 'b': 2, 'c': 3}","c|[1, 1.0, 0],[1, 1.0, 1],[1, 1.5, 1]|text|not-applicable",byte[],base_hello,68656c6c6f,t|68656c6c6f|5|5|5,,REFUSE
A:/|24|16,record,flat,"{'a': 1, 'b': 2, 'c': 3}","c|[1, 1.0, 0],[1, 1.0, 1],[1, 1.5, 1]|text|not-applicable",T[],base,"[1, 2, 3]","c|[1, 1.0, 0],[1, 1.0, 1],[1, 1.5, 1]|integer|as-sorted",,REFUSE
A:/|24|17,record,flat,"{'a': 1, 'b': 2, 'c': 3}","c|[1, 1.0, 0],[1, 1.0, 1],[1, 1.5, 1]|text|not-applicable",List<T>,base,"[1, 2, 3]","c|[1, 1.0, 0],[1, 1.0, 1],[1, 1.5, 1]|integer|as-sorted",,REFUSE
A:/|24|18,record,flat,"{'a': 1, 'b': 2, 'c': 3}","c|[1, 1.0, 0],[1, 1.0, 1],[1, 1.5, 1]|text|not-applicable",ReadOnlyCollection<T>,base,"[1, 2, 3]","c|[1, 1.0, 0],[1, 1.0, 1],[1, 1.5, 1]|integer|as-sorted",,REFUSE
A:/|24|19,record,flat,"{'a': 1, 'b': 2, 'c': 3}","c|[1, 1.0, 0],[1, 1.0, 1],[1, 1.5, 1]|text|not-applicable",LinkedList<T>,base,"[1, 2, 3]","c|[1, 1.0, 0],[1, 1.0, 1],[1, 1.5, 1]|integer|as-sorted",,REFUSE
A:/|24|20,record,flat,"{'a': 1, 'b': 2, 'c': 3}","c|[1, 1.0, 0],[1, 1.0, 1],[1, 1.5, 1]|text|not-applicable",ValueTuple,base,"[1, 2, 3]","c|[1, 1.0, 0],[1, 1.0, 1],[1, 1.5, 1]|integer|as-sorted",,REFUSE
A:/|24|21,record,flat,"{'a': 1, 'b': 2, 'c': 3}","c|[1, 1.0, 0],[1, 1.0, 1],[1, 1.5, 1]|text|not-applicable",object[],base,"[1, 2, 3]","c|[1, 1.0, 0],[1, 1.0, 1],[1, 1.5, 1]|integer|as-sorted",,REFUSE
A:/|24|22,record,flat,"{'a': 1, 'b': 2, 'c': 3}","c|[1, 1.0, 0],[1, 1.0, 1],[1, 1.5, 1]|text|not-applicable","Dictionary<string,V>",flat,"{'a': 1, 'b': 2, 'c': 3}","c|[1, 1.0, 0],[1, 1.0, 1],[1, 1.5, 1]|text|not-applicable",,REFUSE
A:/|24|23,record,flat,"{'a': 1, 'b': 2, 'c': 3}","c|[1, 1.0, 0],[1, 1.0, 1],[1, 1.5, 1]|text|not-applicable","SortedDictionary<string,V>",flat,"{'a': 1, 'b': 2, 'c': 3}","c|[1, 1.0, 0],[1, 1.0, 1],[1, 1.5, 1]|text|not-applicable",,REFUSE
A:/|24|24,record,flat,"{'a': 1, 'b': 2, 'c': 3}","c|[1, 1.0, 0],[1, 1.0, 1],[1, 1.5, 1]|text|not-applicable",record,flat,"{'a': 1, 'b': 2, 'c': 3}","c|[1, 1.0, 0],[1, 1.0, 1],[1, 1.5, 1]|text|not-applicable",,REFUSE
A:/|24|25,record,flat,"{'a': 1, 'b': 2, 'c': 3}","c|[1, 1.0, 0],[1, 1.0, 1],[1, 1.5, 1]|text|not-applicable",struct,flat,"{'a': 1, 'b': 2, 'c': 3}","c|[1, 1.0, 0],[1, 1.0, 1],[1, 1.5, 1]|text|not-applicable",,REFUSE
A:/|24|26,record,flat,"{'a': 1, 'b': 2, 'c': 3}","c|[1, 1.0, 0],[1, 1.0, 1],[1, 1.5, 1]|text|not-applicable",class with fields,flat,"{'a': 1, 'b': 2, 'c': 3}","c|[1, 1.0, 0],[1, 1.0, 1],[1, 1.5, 1]|text|not-applicable",,REFUSE
A:/|24|27,record,flat,"{'a': 1, 'b': 2, 'c': 3}","c|[1, 1.0, 0],[1, 1.0, 1],[1, 1.5, 1]|text|not-applicable",List<List<T>>,seq_in_seq,"[[1, 2], [3, 4]]","c|c|[1, 1.0, 0],[1, 1.0, 1]|integer|as-sorted,c|[1, 1.0, 2],[1, 1.5, 1]|integer|as-sorted|integer|as-sorted",,REFUSE
A:/|24|28,record,flat,"{'a': 1, 'b': 2, 'c': 3}","c|[1, 1.0, 0],[1, 1.0, 1],[1, 1.5, 1]|text|not-applicable","Dictionary<string,object>",seq_in_seq,"[[1, 2], [3, 4]]","c|c|[1, 1.0, 0],[1, 1.0, 1]|integer|as-sorted,c|[1, 1.0, 2],[1, 1.5, 1]|integer|as-sorted|integer|as-sorted",,REFUSE
A:/|24|29,record,flat,"{'a': 1, 'b': 2, 'c': 3}","c|[1, 1.0, 0],[1, 1.0, 1],[1, 1.5, 1]|text|not-applicable",object[],seq_in_seq,"[[1, 2], [3, 4]]","c|c|[1, 1.0, 0],[1, 1.0, 1]|integer|as-sorted,c|[1, 1.0, 2],[1, 1.5, 1]|integer|as-sorted|integer|as-sorted",,REFUSE
A:/|25|0,struct,flat,"{'a': 1, 'b': 2, 'c': 3}","c|[1, 1.0, 0],[1, 1.0, 1],[1, 1.5, 1]|text|not-applicable",string? (null reference),null,null,null,,REFUSE
A:/|25|1,struct,flat,"{'a': 1, 'b': 2, 'c': 3}","c|[1, 1.0, 0],[1, 1.0, 1],[1, 1.5, 1]|text|not-applicable",Nullable<int>,null,null,null,,REFUSE
A:/|25|2,struct,flat,"{'a': 1, 'b': 2, 'c': 3}","c|[1, 1.0, 0],[1, 1.0, 1],[1, 1.5, 1]|text|not-applicable",object (null reference),null,null,null,,REFUSE
A:/|25|3,struct,flat,"{'a': 1, 'b': 2, 'c': 3}","c|[1, 1.0, 0],[1, 1.0, 1],[1, 1.5, 1]|text|not-applicable",bool,true,true,true,,REFUSE
A:/|25|4,struct,flat,"{'a': 1, 'b': 2, 'c': 3}","c|[1, 1.0, 0],[1, 1.0, 1],[1, 1.5, 1]|text|not-applicable",int,base_42,0000002a,"[1, 1.3125, 5]",,REFUSE
A:/|25|5,struct,flat,"{'a': 1, 'b': 2, 'c': 3}","c|[1, 1.0, 0],[1, 1.0, 1],[1, 1.5, 1]|text|not-applicable",long,base_42,000000000000002a,"[1, 1.3125, 5]",,REFUSE
A:/|25|6,struct,flat,"{'a': 1, 'b': 2, 'c': 3}","c|[1, 1.0, 0],[1, 1.0, 1],[1, 1.5, 1]|text|not-applicable",ulong,base_42,000000000000002a,"[1, 1.3125, 5]",,REFUSE
A:/|25|7,struct,flat,"{'a': 1, 'b': 2, 'c': 3}","c|[1, 1.0, 0],[1, 1.0, 1],[1, 1.5, 1]|text|not-applicable",System.Numerics.BigInteger,base_42,2a,"[1, 1.3125, 5]",,REFUSE
A:/|25|8,struct,flat,"{'a': 1, 'b': 2, 'c': 3}","c|[1, 1.0, 0],[1, 1.0, 1],[1, 1.5, 1]|text|not-applicable",short,base_42,002a,"[1, 1.3125, 5]",,REFUSE
A:/|25|9,struct,flat,"{'a': 1, 'b': 2, 'c': 3}","c|[1, 1.0, 0],[1, 1.0, 1],[1, 1.5, 1]|text|not-applicable",double,base_1_5,3ff8000000000000,"[1, 1.5, 0]",,REFUSE
A:/|25|10,struct,flat,"{'a': 1, 'b': 2, 'c': 3}","c|[1, 1.0, 0],[1, 1.0, 1],[1, 1.5, 1]|text|not-applicable",float,base_1_5,3fc00000,"[1, 1.5, 0]",,REFUSE
A:/|25|11,struct,flat,"{'a': 1, 'b': 2, 'c': 3}","c|[1, 1.0, 0],[1, 1.0, 1],[1, 1.5, 1]|text|not-applicable",decimal,base_1_5,1.5,"[1, 1.5, 0]",,REFUSE
A:/|25|12,struct,flat,"{'a': 1, 'b': 2, 'c': 3}","c|[1, 1.0, 0],[1, 1.0, 1],[1, 1.5, 1]|text|not-applicable",string,base_hello,68656c6c6f,t|68656c6c6f|5|5|5,,REFUSE
A:/|25|13,struct,flat,"{'a': 1, 'b': 2, 'c': 3}","c|[1, 1.0, 0],[1, 1.0, 1],[1, 1.5, 1]|text|not-applicable",char[],base_hello,68656c6c6f,t|68656c6c6f|5|5|5,,REFUSE
A:/|25|14,struct,flat,"{'a': 1, 'b': 2, 'c': 3}","c|[1, 1.0, 0],[1, 1.0, 1],[1, 1.5, 1]|text|not-applicable",System.Text.StringBuilder,base_hello,68656c6c6f,t|68656c6c6f|5|5|5,,REFUSE
A:/|25|15,struct,flat,"{'a': 1, 'b': 2, 'c': 3}","c|[1, 1.0, 0],[1, 1.0, 1],[1, 1.5, 1]|text|not-applicable",byte[],base_hello,68656c6c6f,t|68656c6c6f|5|5|5,,REFUSE
A:/|25|16,struct,flat,"{'a': 1, 'b': 2, 'c': 3}","c|[1, 1.0, 0],[1, 1.0, 1],[1, 1.5, 1]|text|not-applicable",T[],base,"[1, 2, 3]","c|[1, 1.0, 0],[1, 1.0, 1],[1, 1.5, 1]|integer|as-sorted",,REFUSE
A:/|25|17,struct,flat,"{'a': 1, 'b': 2, 'c': 3}","c|[1, 1.0, 0],[1, 1.0, 1],[1, 1.5, 1]|text|not-applicable",List<T>,base,"[1, 2, 3]","c|[1, 1.0, 0],[1, 1.0, 1],[1, 1.5, 1]|integer|as-sorted",,REFUSE
A:/|25|18,struct,flat,"{'a': 1, 'b': 2, 'c': 3}","c|[1, 1.0, 0],[1, 1.0, 1],[1, 1.5, 1]|text|not-applicable",ReadOnlyCollection<T>,base,"[1, 2, 3]","c|[1, 1.0, 0],[1, 1.0, 1],[1, 1.5, 1]|integer|as-sorted",,REFUSE
A:/|25|19,struct,flat,"{'a': 1, 'b': 2, 'c': 3}","c|[1, 1.0, 0],[1, 1.0, 1],[1, 1.5, 1]|text|not-applicable",LinkedList<T>,base,"[1, 2, 3]","c|[1, 1.0, 0],[1, 1.0, 1],[1, 1.5, 1]|integer|as-sorted",,REFUSE
A:/|25|20,struct,flat,"{'a': 1, 'b': 2, 'c': 3}","c|[1, 1.0, 0],[1, 1.0, 1],[1, 1.5, 1]|text|not-applicable",ValueTuple,base,"[1, 2, 3]","c|[1, 1.0, 0],[1, 1.0, 1],[1, 1.5, 1]|integer|as-sorted",,REFUSE
A:/|25|21,struct,flat,"{'a': 1, 'b': 2, 'c': 3}","c|[1, 1.0, 0],[1, 1.0, 1],[1, 1.5, 1]|text|not-applicable",object[],base,"[1, 2, 3]","c|[1, 1.0, 0],[1, 1.0, 1],[1, 1.5, 1]|integer|as-sorted",,REFUSE
A:/|25|22,struct,flat,"{'a': 1, 'b': 2, 'c': 3}","c|[1, 1.0, 0],[1, 1.0, 1],[1, 1.5, 1]|text|not-applicable","Dictionary<string,V>",flat,"{'a': 1, 'b': 2, 'c': 3}","c|[1, 1.0, 0],[1, 1.0, 1],[1, 1.5, 1]|text|not-applicable",,REFUSE
A:/|25|23,struct,flat,"{'a': 1, 'b': 2, 'c': 3}","c|[1, 1.0, 0],[1, 1.0, 1],[1, 1.5, 1]|text|not-applicable","SortedDictionary<string,V>",flat,"{'a': 1, 'b': 2, 'c': 3}","c|[1, 1.0, 0],[1, 1.0, 1],[1, 1.5, 1]|text|not-applicable",,REFUSE
A:/|25|24,struct,flat,"{'a': 1, 'b': 2, 'c': 3}","c|[1, 1.0, 0],[1, 1.0, 1],[1, 1.5, 1]|text|not-applicable",record,flat,"{'a': 1, 'b': 2, 'c': 3}","c|[1, 1.0, 0],[1, 1.0, 1],[1, 1.5, 1]|text|not-applicable",,REFUSE
A:/|25|25,struct,flat,"{'a': 1, 'b': 2, 'c': 3}","c|[1, 1.0, 0],[1, 1.0, 1],[1, 1.5, 1]|text|not-applicable",struct,flat,"{'a': 1, 'b': 2, 'c': 3}","c|[1, 1.0, 0],[1, 1.0, 1],[1, 1.5, 1]|text|not-applicable",,REFUSE
A:/|25|26,struct,flat,"{'a': 1, 'b': 2, 'c': 3}","c|[1, 1.0, 0],[1, 1.0, 1],[1, 1.5, 1]|text|not-applicable",class with fields,flat,"{'a': 1, 'b': 2, 'c': 3}","c|[1, 1.0, 0],[1, 1.0, 1],[1, 1.5, 1]|text|not-applicable",,REFUSE
A:/|25|27,struct,flat,"{'a': 1, 'b': 2, 'c': 3}","c|[1, 1.0, 0],[1, 1.0, 1],[1, 1.5, 1]|text|not-applicable",List<List<T>>,seq_in_seq,"[[1, 2], [3, 4]]","c|c|[1, 1.0, 0],[1, 1.0, 1]|integer|as-sorted,c|[1, 1.0, 2],[1, 1.5, 1]|integer|as-sorted|integer|as-sorted",,REFUSE
A:/|25|28,struct,flat,"{'a': 1, 'b': 2, 'c': 3}","c|[1, 1.0, 0],[1, 1.0, 1],[1, 1.5, 1]|text|not-applicable","Dictionary<string,object>",seq_in_seq,"[[1, 2], [3, 4]]","c|c|[1, 1.0, 0],[1, 1.0, 1]|integer|as-sorted,c|[1, 1.0, 2],[1, 1.5, 1]|integer|as-sorted|integer|as-sorted",,REFUSE
A:/|25|29,struct,flat,"{'a': 1, 'b': 2, 'c': 3}","c|[1, 1.0, 0],[1, 1.0, 1],[1, 1.5, 1]|text|not-applicable",object[],seq_in_seq,"[[1, 2], [3, 4]]","c|c|[1, 1.0, 0],[1, 1.0, 1]|integer|as-sorted,c|[1, 1.0, 2],[1, 1.5, 1]|integer|as-sorted|integer|as-sorted",,REFUSE
A:/|26|0,class with fields,flat,"{'a': 1, 'b': 2, 'c': 3}","c|[1, 1.0, 0],[1, 1.0, 1],[1, 1.5, 1]|text|not-applicable",string? (null reference),null,null,null,,REFUSE
A:/|26|1,class with fields,flat,"{'a': 1, 'b': 2, 'c': 3}","c|[1, 1.0, 0],[1, 1.0, 1],[1, 1.5, 1]|text|not-applicable",Nullable<int>,null,null,null,,REFUSE
A:/|26|2,class with fields,flat,"{'a': 1, 'b': 2, 'c': 3}","c|[1, 1.0, 0],[1, 1.0, 1],[1, 1.5, 1]|text|not-applicable",object (null reference),null,null,null,,REFUSE
A:/|26|3,class with fields,flat,"{'a': 1, 'b': 2, 'c': 3}","c|[1, 1.0, 0],[1, 1.0, 1],[1, 1.5, 1]|text|not-applicable",bool,true,true,true,,REFUSE
A:/|26|4,class with fields,flat,"{'a': 1, 'b': 2, 'c': 3}","c|[1, 1.0, 0],[1, 1.0, 1],[1, 1.5, 1]|text|not-applicable",int,base_42,0000002a,"[1, 1.3125, 5]",,REFUSE
A:/|26|5,class with fields,flat,"{'a': 1, 'b': 2, 'c': 3}","c|[1, 1.0, 0],[1, 1.0, 1],[1, 1.5, 1]|text|not-applicable",long,base_42,000000000000002a,"[1, 1.3125, 5]",,REFUSE
A:/|26|6,class with fields,flat,"{'a': 1, 'b': 2, 'c': 3}","c|[1, 1.0, 0],[1, 1.0, 1],[1, 1.5, 1]|text|not-applicable",ulong,base_42,000000000000002a,"[1, 1.3125, 5]",,REFUSE
A:/|26|7,class with fields,flat,"{'a': 1, 'b': 2, 'c': 3}","c|[1, 1.0, 0],[1, 1.0, 1],[1, 1.5, 1]|text|not-applicable",System.Numerics.BigInteger,base_42,2a,"[1, 1.3125, 5]",,REFUSE
A:/|26|8,class with fields,flat,"{'a': 1, 'b': 2, 'c': 3}","c|[1, 1.0, 0],[1, 1.0, 1],[1, 1.5, 1]|text|not-applicable",short,base_42,002a,"[1, 1.3125, 5]",,REFUSE
A:/|26|9,class with fields,flat,"{'a': 1, 'b': 2, 'c': 3}","c|[1, 1.0, 0],[1, 1.0, 1],[1, 1.5, 1]|text|not-applicable",double,base_1_5,3ff8000000000000,"[1, 1.5, 0]",,REFUSE
A:/|26|10,class with fields,flat,"{'a': 1, 'b': 2, 'c': 3}","c|[1, 1.0, 0],[1, 1.0, 1],[1, 1.5, 1]|text|not-applicable",float,base_1_5,3fc00000,"[1, 1.5, 0]",,REFUSE
A:/|26|11,class with fields,flat,"{'a': 1, 'b': 2, 'c': 3}","c|[1, 1.0, 0],[1, 1.0, 1],[1, 1.5, 1]|text|not-applicable",decimal,base_1_5,1.5,"[1, 1.5, 0]",,REFUSE
A:/|26|12,class with fields,flat,"{'a': 1, 'b': 2, 'c': 3}","c|[1, 1.0, 0],[1, 1.0, 1],[1, 1.5, 1]|text|not-applicable",string,base_hello,68656c6c6f,t|68656c6c6f|5|5|5,,REFUSE
A:/|26|13,class with fields,flat,"{'a': 1, 'b': 2, 'c': 3}","c|[1, 1.0, 0],[1, 1.0, 1],[1, 1.5, 1]|text|not-applicable",char[],base_hello,68656c6c6f,t|68656c6c6f|5|5|5,,REFUSE
A:/|26|14,class with fields,flat,"{'a': 1, 'b': 2, 'c': 3}","c|[1, 1.0, 0],[1, 1.0, 1],[1, 1.5, 1]|text|not-applicable",System.Text.StringBuilder,base_hello,68656c6c6f,t|68656c6c6f|5|5|5,,REFUSE
A:/|26|15,class with fields,flat,"{'a': 1, 'b': 2, 'c': 3}","c|[1, 1.0, 0],[1, 1.0, 1],[1, 1.5, 1]|text|not-applicable",byte[],base_hello,68656c6c6f,t|68656c6c6f|5|5|5,,REFUSE
A:/|26|16,class with fields,flat,"{'a': 1, 'b': 2, 'c': 3}","c|[1, 1.0, 0],[1, 1.0, 1],[1, 1.5, 1]|text|not-applicable",T[],base,"[1, 2, 3]","c|[1, 1.0, 0],[1, 1.0, 1],[1, 1.5, 1]|integer|as-sorted",,REFUSE
A:/|26|17,class with fields,flat,"{'a': 1, 'b': 2, 'c': 3}","c|[1, 1.0, 0],[1, 1.0, 1],[1, 1.5, 1]|text|not-applicable",List<T>,base,"[1, 2, 3]","c|[1, 1.0, 0],[1, 1.0, 1],[1, 1.5, 1]|integer|as-sorted",,REFUSE
A:/|26|18,class with fields,flat,"{'a': 1, 'b': 2, 'c': 3}","c|[1, 1.0, 0],[1, 1.0, 1],[1, 1.5, 1]|text|not-applicable",ReadOnlyCollection<T>,base,"[1, 2, 3]","c|[1, 1.0, 0],[1, 1.0, 1],[1, 1.5, 1]|integer|as-sorted",,REFUSE
A:/|26|19,class with fields,flat,"{'a': 1, 'b': 2, 'c': 3}","c|[1, 1.0, 0],[1, 1.0, 1],[1, 1.5, 1]|text|not-applicable",LinkedList<T>,base,"[1, 2, 3]","c|[1, 1.0, 0],[1, 1.0, 1],[1, 1.5, 1]|integer|as-sorted",,REFUSE
A:/|26|20,class with fields,flat,"{'a': 1, 'b': 2, 'c': 3}","c|[1, 1.0, 0],[1, 1.0, 1],[1, 1.5, 1]|text|not-applicable",ValueTuple,base,"[1, 2, 3]","c|[1, 1.0, 0],[1, 1.0, 1],[1, 1.5, 1]|integer|as-sorted",,REFUSE
A:/|26|21,class with fields,flat,"{'a': 1, 'b': 2, 'c': 3}","c|[1, 1.0, 0],[1, 1.0, 1],[1, 1.5, 1]|text|not-applicable",object[],base,"[1, 2, 3]","c|[1, 1.0, 0],[1, 1.0, 1],[1, 1.5, 1]|integer|as-sorted",,REFUSE
A:/|26|22,class with fields,flat,"{'a': 1, 'b': 2, 'c': 3}","c|[1, 1.0, 0],[1, 1.0, 1],[1, 1.5, 1]|text|not-applicable","Dictionary<string,V>",flat,"{'a': 1, 'b': 2, 'c': 3}","c|[1, 1.0, 0],[1, 1.0, 1],[1, 1.5, 1]|text|not-applicable",,REFUSE
A:/|26|23,class with fields,flat,"{'a': 1, 'b': 2, 'c': 3}","c|[1, 1.0, 0],[1, 1.0, 1],[1, 1.5, 1]|text|not-applicable","SortedDictionary<string,V>",flat,"{'a': 1, 'b': 2, 'c': 3}","c|[1, 1.0, 0],[1, 1.0, 1],[1, 1.5, 1]|text|not-applicable",,REFUSE
A:/|26|24,class with fields,flat,"{'a': 1, 'b': 2, 'c': 3}","c|[1, 1.0, 0],[1, 1.0, 1],[1, 1.5, 1]|text|not-applicable",record,flat,"{'a': 1, 'b': 2, 'c': 3}","c|[1, 1.0, 0],[1, 1.0, 1],[1, 1.5, 1]|text|not-applicable",,REFUSE
A:/|26|25,class with fields,flat,"{'a': 1, 'b': 2, 'c': 3}","c|[1, 1.0, 0],[1, 1.0, 1],[1, 1.5, 1]|text|not-applicable",struct,flat,"{'a': 1, 'b': 2, 'c': 3}","c|[1, 1.0, 0],[1, 1.0, 1],[1, 1.5, 1]|text|not-applicable",,REFUSE
A:/|26|26,class with fields,flat,"{'a': 1, 'b': 2, 'c': 3}","c|[1, 1.0, 0],[1, 1.0, 1],[1, 1.5, 1]|text|not-applicable",class with fields,flat,"{'a': 1, 'b': 2, 'c': 3}","c|[1, 1.0, 0],[1, 1.0, 1],[1, 1.5, 1]|text|not-applicable",,REFUSE
A:/|26|27,class with fields,flat,"{'a': 1, 'b': 2, 'c': 3}","c|[1, 1.0, 0],[1, 1.0, 1],[1, 1.5, 1]|text|not-applicable",List<List<T>>,seq_in_seq,"[[1, 2], [3, 4]]","c|c|[1, 1.0, 0],[1, 1.0, 1]|integer|as-sorted,c|[1, 1.0, 2],[1, 1.5, 1]|integer|as-sorted|integer|as-sorted",,REFUSE
A:/|26|28,class with fields,flat,"{'a': 1, 'b': 2, 'c': 3}","c|[1, 1.0, 0],[1, 1.0, 1],[1, 1.5, 1]|text|not-applicable","Dictionary<string,object>",seq_in_seq,"[[1, 2], [3, 4]]","c|c|[1, 1.0, 0],[1, 1.0, 1]|integer|as-sorted,c|[1, 1.0, 2],[1, 1.5, 1]|integer|as-sorted|integer|as-sorted",,REFUSE
A:/|26|29,class with fields,flat,"{'a': 1, 'b': 2, 'c': 3}","c|[1, 1.0, 0],[1, 1.0, 1],[1, 1.5, 1]|text|not-applicable",object[],seq_in_seq,"[[1, 2], [3, 4]]","c|c|[1, 1.0, 0],[1, 1.0, 1]|integer|as-sorted,c|[1, 1.0, 2],[1, 1.5, 1]|integer|as-sorted|integer|as-sorted",,REFUSE
A:/|27|0,List<List<T>>,seq_in_seq,"[[1, 2], [3, 4]]","c|c|[1, 1.0, 0],[1, 1.0, 1]|integer|as-sorted,c|[1, 1.0, 2],[1, 1.5, 1]|integer|as-sorted|integer|as-sorted",string? (null reference),null,null,null,,REFUSE
A:/|27|1,List<List<T>>,seq_in_seq,"[[1, 2], [3, 4]]","c|c|[1, 1.0, 0],[1, 1.0, 1]|integer|as-sorted,c|[1, 1.0, 2],[1, 1.5, 1]|integer|as-sorted|integer|as-sorted",Nullable<int>,null,null,null,,REFUSE
A:/|27|2,List<List<T>>,seq_in_seq,"[[1, 2], [3, 4]]","c|c|[1, 1.0, 0],[1, 1.0, 1]|integer|as-sorted,c|[1, 1.0, 2],[1, 1.5, 1]|integer|as-sorted|integer|as-sorted",object (null reference),null,null,null,,REFUSE
A:/|27|3,List<List<T>>,seq_in_seq,"[[1, 2], [3, 4]]","c|c|[1, 1.0, 0],[1, 1.0, 1]|integer|as-sorted,c|[1, 1.0, 2],[1, 1.5, 1]|integer|as-sorted|integer|as-sorted",bool,true,true,true,,REFUSE
A:/|27|4,List<List<T>>,seq_in_seq,"[[1, 2], [3, 4]]","c|c|[1, 1.0, 0],[1, 1.0, 1]|integer|as-sorted,c|[1, 1.0, 2],[1, 1.5, 1]|integer|as-sorted|integer|as-sorted",int,base_42,0000002a,"[1, 1.3125, 5]",,REFUSE
A:/|27|5,List<List<T>>,seq_in_seq,"[[1, 2], [3, 4]]","c|c|[1, 1.0, 0],[1, 1.0, 1]|integer|as-sorted,c|[1, 1.0, 2],[1, 1.5, 1]|integer|as-sorted|integer|as-sorted",long,base_42,000000000000002a,"[1, 1.3125, 5]",,REFUSE
A:/|27|6,List<List<T>>,seq_in_seq,"[[1, 2], [3, 4]]","c|c|[1, 1.0, 0],[1, 1.0, 1]|integer|as-sorted,c|[1, 1.0, 2],[1, 1.5, 1]|integer|as-sorted|integer|as-sorted",ulong,base_42,000000000000002a,"[1, 1.3125, 5]",,REFUSE
A:/|27|7,List<List<T>>,seq_in_seq,"[[1, 2], [3, 4]]","c|c|[1, 1.0, 0],[1, 1.0, 1]|integer|as-sorted,c|[1, 1.0, 2],[1, 1.5, 1]|integer|as-sorted|integer|as-sorted",System.Numerics.BigInteger,base_42,2a,"[1, 1.3125, 5]",,REFUSE
A:/|27|8,List<List<T>>,seq_in_seq,"[[1, 2], [3, 4]]","c|c|[1, 1.0, 0],[1, 1.0, 1]|integer|as-sorted,c|[1, 1.0, 2],[1, 1.5, 1]|integer|as-sorted|integer|as-sorted",short,base_42,002a,"[1, 1.3125, 5]",,REFUSE
A:/|27|9,List<List<T>>,seq_in_seq,"[[1, 2], [3, 4]]","c|c|[1, 1.0, 0],[1, 1.0, 1]|integer|as-sorted,c|[1, 1.0, 2],[1, 1.5, 1]|integer|as-sorted|integer|as-sorted",double,base_1_5,3ff8000000000000,"[1, 1.5, 0]",,REFUSE
A:/|27|10,List<List<T>>,seq_in_seq,"[[1, 2], [3, 4]]","c|c|[1, 1.0, 0],[1, 1.0, 1]|integer|as-sorted,c|[1, 1.0, 2],[1, 1.5, 1]|integer|as-sorted|integer|as-sorted",float,base_1_5,3fc00000,"[1, 1.5, 0]",,REFUSE
A:/|27|11,List<List<T>>,seq_in_seq,"[[1, 2], [3, 4]]","c|c|[1, 1.0, 0],[1, 1.0, 1]|integer|as-sorted,c|[1, 1.0, 2],[1, 1.5, 1]|integer|as-sorted|integer|as-sorted",decimal,base_1_5,1.5,"[1, 1.5, 0]",,REFUSE
A:/|27|12,List<List<T>>,seq_in_seq,"[[1, 2], [3, 4]]","c|c|[1, 1.0, 0],[1, 1.0, 1]|integer|as-sorted,c|[1, 1.0, 2],[1, 1.5, 1]|integer|as-sorted|integer|as-sorted",string,base_hello,68656c6c6f,t|68656c6c6f|5|5|5,,REFUSE
A:/|27|13,List<List<T>>,seq_in_seq,"[[1, 2], [3, 4]]","c|c|[1, 1.0, 0],[1, 1.0, 1]|integer|as-sorted,c|[1, 1.0, 2],[1, 1.5, 1]|integer|as-sorted|integer|as-sorted",char[],base_hello,68656c6c6f,t|68656c6c6f|5|5|5,,REFUSE
A:/|27|14,List<List<T>>,seq_in_seq,"[[1, 2], [3, 4]]","c|c|[1, 1.0, 0],[1, 1.0, 1]|integer|as-sorted,c|[1, 1.0, 2],[1, 1.5, 1]|integer|as-sorted|integer|as-sorted",System.Text.StringBuilder,base_hello,68656c6c6f,t|68656c6c6f|5|5|5,,REFUSE
A:/|27|15,List<List<T>>,seq_in_seq,"[[1, 2], [3, 4]]","c|c|[1, 1.0, 0],[1, 1.0, 1]|integer|as-sorted,c|[1, 1.0, 2],[1, 1.5, 1]|integer|as-sorted|integer|as-sorted",byte[],base_hello,68656c6c6f,t|68656c6c6f|5|5|5,,REFUSE
A:/|27|16,List<List<T>>,seq_in_seq,"[[1, 2], [3, 4]]","c|c|[1, 1.0, 0],[1, 1.0, 1]|integer|as-sorted,c|[1, 1.0, 2],[1, 1.5, 1]|integer|as-sorted|integer|as-sorted",T[],base,"[1, 2, 3]","c|[1, 1.0, 0],[1, 1.0, 1],[1, 1.5, 1]|integer|as-sorted",,REFUSE
A:/|27|17,List<List<T>>,seq_in_seq,"[[1, 2], [3, 4]]","c|c|[1, 1.0, 0],[1, 1.0, 1]|integer|as-sorted,c|[1, 1.0, 2],[1, 1.5, 1]|integer|as-sorted|integer|as-sorted",List<T>,base,"[1, 2, 3]","c|[1, 1.0, 0],[1, 1.0, 1],[1, 1.5, 1]|integer|as-sorted",,REFUSE
A:/|27|18,List<List<T>>,seq_in_seq,"[[1, 2], [3, 4]]","c|c|[1, 1.0, 0],[1, 1.0, 1]|integer|as-sorted,c|[1, 1.0, 2],[1, 1.5, 1]|integer|as-sorted|integer|as-sorted",ReadOnlyCollection<T>,base,"[1, 2, 3]","c|[1, 1.0, 0],[1, 1.0, 1],[1, 1.5, 1]|integer|as-sorted",,REFUSE
A:/|27|19,List<List<T>>,seq_in_seq,"[[1, 2], [3, 4]]","c|c|[1, 1.0, 0],[1, 1.0, 1]|integer|as-sorted,c|[1, 1.0, 2],[1, 1.5, 1]|integer|as-sorted|integer|as-sorted",LinkedList<T>,base,"[1, 2, 3]","c|[1, 1.0, 0],[1, 1.0, 1],[1, 1.5, 1]|integer|as-sorted",,REFUSE
A:/|27|20,List<List<T>>,seq_in_seq,"[[1, 2], [3, 4]]","c|c|[1, 1.0, 0],[1, 1.0, 1]|integer|as-sorted,c|[1, 1.0, 2],[1, 1.5, 1]|integer|as-sorted|integer|as-sorted",ValueTuple,base,"[1, 2, 3]","c|[1, 1.0, 0],[1, 1.0, 1],[1, 1.5, 1]|integer|as-sorted",,REFUSE
A:/|27|21,List<List<T>>,seq_in_seq,"[[1, 2], [3, 4]]","c|c|[1, 1.0, 0],[1, 1.0, 1]|integer|as-sorted,c|[1, 1.0, 2],[1, 1.5, 1]|integer|as-sorted|integer|as-sorted",object[],base,"[1, 2, 3]","c|[1, 1.0, 0],[1, 1.0, 1],[1, 1.5, 1]|integer|as-sorted",,REFUSE
A:/|27|22,List<List<T>>,seq_in_seq,"[[1, 2], [3, 4]]","c|c|[1, 1.0, 0],[1, 1.0, 1]|integer|as-sorted,c|[1, 1.0, 2],[1, 1.5, 1]|integer|as-sorted|integer|as-sorted","Dictionary<string,V>",flat,"{'a': 1, 'b': 2, 'c': 3}","c|[1, 1.0, 0],[1, 1.0, 1],[1, 1.5, 1]|text|not-applicable",,REFUSE
A:/|27|23,List<List<T>>,seq_in_seq,"[[1, 2], [3, 4]]","c|c|[1, 1.0, 0],[1, 1.0, 1]|integer|as-sorted,c|[1, 1.0, 2],[1, 1.5, 1]|integer|as-sorted|integer|as-sorted","SortedDictionary<string,V>",flat,"{'a': 1, 'b': 2, 'c': 3}","c|[1, 1.0, 0],[1, 1.0, 1],[1, 1.5, 1]|text|not-applicable",,REFUSE
A:/|27|24,List<List<T>>,seq_in_seq,"[[1, 2], [3, 4]]","c|c|[1, 1.0, 0],[1, 1.0, 1]|integer|as-sorted,c|[1, 1.0, 2],[1, 1.5, 1]|integer|as-sorted|integer|as-sorted",record,flat,"{'a': 1, 'b': 2, 'c': 3}","c|[1, 1.0, 0],[1, 1.0, 1],[1, 1.5, 1]|text|not-applicable",,REFUSE
A:/|27|25,List<List<T>>,seq_in_seq,"[[1, 2], [3, 4]]","c|c|[1, 1.0, 0],[1, 1.0, 1]|integer|as-sorted,c|[1, 1.0, 2],[1, 1.5, 1]|integer|as-sorted|integer|as-sorted",struct,flat,"{'a': 1, 'b': 2, 'c': 3}","c|[1, 1.0, 0],[1, 1.0, 1],[1, 1.5, 1]|text|not-applicable",,REFUSE
A:/|27|26,List<List<T>>,seq_in_seq,"[[1, 2], [3, 4]]","c|c|[1, 1.0, 0],[1, 1.0, 1]|integer|as-sorted,c|[1, 1.0, 2],[1, 1.5, 1]|integer|as-sorted|integer|as-sorted",class with fields,flat,"{'a': 1, 'b': 2, 'c': 3}","c|[1, 1.0, 0],[1, 1.0, 1],[1, 1.5, 1]|text|not-applicable",,REFUSE
A:/|27|27,List<List<T>>,seq_in_seq,"[[1, 2], [3, 4]]","c|c|[1, 1.0, 0],[1, 1.0, 1]|integer|as-sorted,c|[1, 1.0, 2],[1, 1.5, 1]|integer|as-sorted|integer|as-sorted",List<List<T>>,seq_in_seq,"[[1, 2], [3, 4]]","c|c|[1, 1.0, 0],[1, 1.0, 1]|integer|as-sorted,c|[1, 1.0, 2],[1, 1.5, 1]|integer|as-sorted|integer|as-sorted",,REFUSE
A:/|27|28,List<List<T>>,seq_in_seq,"[[1, 2], [3, 4]]","c|c|[1, 1.0, 0],[1, 1.0, 1]|integer|as-sorted,c|[1, 1.0, 2],[1, 1.5, 1]|integer|as-sorted|integer|as-sorted","Dictionary<string,object>",seq_in_seq,"[[1, 2], [3, 4]]","c|c|[1, 1.0, 0],[1, 1.0, 1]|integer|as-sorted,c|[1, 1.0, 2],[1, 1.5, 1]|integer|as-sorted|integer|as-sorted",,REFUSE
A:/|27|29,List<List<T>>,seq_in_seq,"[[1, 2], [3, 4]]","c|c|[1, 1.0, 0],[1, 1.0, 1]|integer|as-sorted,c|[1, 1.0, 2],[1, 1.5, 1]|integer|as-sorted|integer|as-sorted",object[],seq_in_seq,"[[1, 2], [3, 4]]","c|c|[1, 1.0, 0],[1, 1.0, 1]|integer|as-sorted,c|[1, 1.0, 2],[1, 1.5, 1]|integer|as-sorted|integer|as-sorted",,REFUSE
A:/|28|0,"Dictionary<string,object>",seq_in_seq,"[[1, 2], [3, 4]]","c|c|[1, 1.0, 0],[1, 1.0, 1]|integer|as-sorted,c|[1, 1.0, 2],[1, 1.5, 1]|integer|as-sorted|integer|as-sorted",string? (null reference),null,null,null,,REFUSE
A:/|28|1,"Dictionary<string,object>",seq_in_seq,"[[1, 2], [3, 4]]","c|c|[1, 1.0, 0],[1, 1.0, 1]|integer|as-sorted,c|[1, 1.0, 2],[1, 1.5, 1]|integer|as-sorted|integer|as-sorted",Nullable<int>,null,null,null,,REFUSE
A:/|28|2,"Dictionary<string,object>",seq_in_seq,"[[1, 2], [3, 4]]","c|c|[1, 1.0, 0],[1, 1.0, 1]|integer|as-sorted,c|[1, 1.0, 2],[1, 1.5, 1]|integer|as-sorted|integer|as-sorted",object (null reference),null,null,null,,REFUSE
A:/|28|3,"Dictionary<string,object>",seq_in_seq,"[[1, 2], [3, 4]]","c|c|[1, 1.0, 0],[1, 1.0, 1]|integer|as-sorted,c|[1, 1.0, 2],[1, 1.5, 1]|integer|as-sorted|integer|as-sorted",bool,true,true,true,,REFUSE
A:/|28|4,"Dictionary<string,object>",seq_in_seq,"[[1, 2], [3, 4]]","c|c|[1, 1.0, 0],[1, 1.0, 1]|integer|as-sorted,c|[1, 1.0, 2],[1, 1.5, 1]|integer|as-sorted|integer|as-sorted",int,base_42,0000002a,"[1, 1.3125, 5]",,REFUSE
A:/|28|5,"Dictionary<string,object>",seq_in_seq,"[[1, 2], [3, 4]]","c|c|[1, 1.0, 0],[1, 1.0, 1]|integer|as-sorted,c|[1, 1.0, 2],[1, 1.5, 1]|integer|as-sorted|integer|as-sorted",long,base_42,000000000000002a,"[1, 1.3125, 5]",,REFUSE
A:/|28|6,"Dictionary<string,object>",seq_in_seq,"[[1, 2], [3, 4]]","c|c|[1, 1.0, 0],[1, 1.0, 1]|integer|as-sorted,c|[1, 1.0, 2],[1, 1.5, 1]|integer|as-sorted|integer|as-sorted",ulong,base_42,000000000000002a,"[1, 1.3125, 5]",,REFUSE
A:/|28|7,"Dictionary<string,object>",seq_in_seq,"[[1, 2], [3, 4]]","c|c|[1, 1.0, 0],[1, 1.0, 1]|integer|as-sorted,c|[1, 1.0, 2],[1, 1.5, 1]|integer|as-sorted|integer|as-sorted",System.Numerics.BigInteger,base_42,2a,"[1, 1.3125, 5]",,REFUSE
A:/|28|8,"Dictionary<string,object>",seq_in_seq,"[[1, 2], [3, 4]]","c|c|[1, 1.0, 0],[1, 1.0, 1]|integer|as-sorted,c|[1, 1.0, 2],[1, 1.5, 1]|integer|as-sorted|integer|as-sorted",short,base_42,002a,"[1, 1.3125, 5]",,REFUSE
A:/|28|9,"Dictionary<string,object>",seq_in_seq,"[[1, 2], [3, 4]]","c|c|[1, 1.0, 0],[1, 1.0, 1]|integer|as-sorted,c|[1, 1.0, 2],[1, 1.5, 1]|integer|as-sorted|integer|as-sorted",double,base_1_5,3ff8000000000000,"[1, 1.5, 0]",,REFUSE
A:/|28|10,"Dictionary<string,object>",seq_in_seq,"[[1, 2], [3, 4]]","c|c|[1, 1.0, 0],[1, 1.0, 1]|integer|as-sorted,c|[1, 1.0, 2],[1, 1.5, 1]|integer|as-sorted|integer|as-sorted",float,base_1_5,3fc00000,"[1, 1.5, 0]",,REFUSE
A:/|28|11,"Dictionary<string,object>",seq_in_seq,"[[1, 2], [3, 4]]","c|c|[1, 1.0, 0],[1, 1.0, 1]|integer|as-sorted,c|[1, 1.0, 2],[1, 1.5, 1]|integer|as-sorted|integer|as-sorted",decimal,base_1_5,1.5,"[1, 1.5, 0]",,REFUSE
A:/|28|12,"Dictionary<string,object>",seq_in_seq,"[[1, 2], [3, 4]]","c|c|[1, 1.0, 0],[1, 1.0, 1]|integer|as-sorted,c|[1, 1.0, 2],[1, 1.5, 1]|integer|as-sorted|integer|as-sorted",string,base_hello,68656c6c6f,t|68656c6c6f|5|5|5,,REFUSE
A:/|28|13,"Dictionary<string,object>",seq_in_seq,"[[1, 2], [3, 4]]","c|c|[1, 1.0, 0],[1, 1.0, 1]|integer|as-sorted,c|[1, 1.0, 2],[1, 1.5, 1]|integer|as-sorted|integer|as-sorted",char[],base_hello,68656c6c6f,t|68656c6c6f|5|5|5,,REFUSE
A:/|28|14,"Dictionary<string,object>",seq_in_seq,"[[1, 2], [3, 4]]","c|c|[1, 1.0, 0],[1, 1.0, 1]|integer|as-sorted,c|[1, 1.0, 2],[1, 1.5, 1]|integer|as-sorted|integer|as-sorted",System.Text.StringBuilder,base_hello,68656c6c6f,t|68656c6c6f|5|5|5,,REFUSE
A:/|28|15,"Dictionary<string,object>",seq_in_seq,"[[1, 2], [3, 4]]","c|c|[1, 1.0, 0],[1, 1.0, 1]|integer|as-sorted,c|[1, 1.0, 2],[1, 1.5, 1]|integer|as-sorted|integer|as-sorted",byte[],base_hello,68656c6c6f,t|68656c6c6f|5|5|5,,REFUSE
A:/|28|16,"Dictionary<string,object>",seq_in_seq,"[[1, 2], [3, 4]]","c|c|[1, 1.0, 0],[1, 1.0, 1]|integer|as-sorted,c|[1, 1.0, 2],[1, 1.5, 1]|integer|as-sorted|integer|as-sorted",T[],base,"[1, 2, 3]","c|[1, 1.0, 0],[1, 1.0, 1],[1, 1.5, 1]|integer|as-sorted",,REFUSE
A:/|28|17,"Dictionary<string,object>",seq_in_seq,"[[1, 2], [3, 4]]","c|c|[1, 1.0, 0],[1, 1.0, 1]|integer|as-sorted,c|[1, 1.0, 2],[1, 1.5, 1]|integer|as-sorted|integer|as-sorted",List<T>,base,"[1, 2, 3]","c|[1, 1.0, 0],[1, 1.0, 1],[1, 1.5, 1]|integer|as-sorted",,REFUSE
A:/|28|18,"Dictionary<string,object>",seq_in_seq,"[[1, 2], [3, 4]]","c|c|[1, 1.0, 0],[1, 1.0, 1]|integer|as-sorted,c|[1, 1.0, 2],[1, 1.5, 1]|integer|as-sorted|integer|as-sorted",ReadOnlyCollection<T>,base,"[1, 2, 3]","c|[1, 1.0, 0],[1, 1.0, 1],[1, 1.5, 1]|integer|as-sorted",,REFUSE
A:/|28|19,"Dictionary<string,object>",seq_in_seq,"[[1, 2], [3, 4]]","c|c|[1, 1.0, 0],[1, 1.0, 1]|integer|as-sorted,c|[1, 1.0, 2],[1, 1.5, 1]|integer|as-sorted|integer|as-sorted",LinkedList<T>,base,"[1, 2, 3]","c|[1, 1.0, 0],[1, 1.0, 1],[1, 1.5, 1]|integer|as-sorted",,REFUSE
A:/|28|20,"Dictionary<string,object>",seq_in_seq,"[[1, 2], [3, 4]]","c|c|[1, 1.0, 0],[1, 1.0, 1]|integer|as-sorted,c|[1, 1.0, 2],[1, 1.5, 1]|integer|as-sorted|integer|as-sorted",ValueTuple,base,"[1, 2, 3]","c|[1, 1.0, 0],[1, 1.0, 1],[1, 1.5, 1]|integer|as-sorted",,REFUSE
A:/|28|21,"Dictionary<string,object>",seq_in_seq,"[[1, 2], [3, 4]]","c|c|[1, 1.0, 0],[1, 1.0, 1]|integer|as-sorted,c|[1, 1.0, 2],[1, 1.5, 1]|integer|as-sorted|integer|as-sorted",object[],base,"[1, 2, 3]","c|[1, 1.0, 0],[1, 1.0, 1],[1, 1.5, 1]|integer|as-sorted",,REFUSE
A:/|28|22,"Dictionary<string,object>",seq_in_seq,"[[1, 2], [3, 4]]","c|c|[1, 1.0, 0],[1, 1.0, 1]|integer|as-sorted,c|[1, 1.0, 2],[1, 1.5, 1]|integer|as-sorted|integer|as-sorted","Dictionary<string,V>",flat,"{'a': 1, 'b': 2, 'c': 3}","c|[1, 1.0, 0],[1, 1.0, 1],[1, 1.5, 1]|text|not-applicable",,REFUSE
A:/|28|23,"Dictionary<string,object>",seq_in_seq,"[[1, 2], [3, 4]]","c|c|[1, 1.0, 0],[1, 1.0, 1]|integer|as-sorted,c|[1, 1.0, 2],[1, 1.5, 1]|integer|as-sorted|integer|as-sorted","SortedDictionary<string,V>",flat,"{'a': 1, 'b': 2, 'c': 3}","c|[1, 1.0, 0],[1, 1.0, 1],[1, 1.5, 1]|text|not-applicable",,REFUSE
A:/|28|24,"Dictionary<string,object>",seq_in_seq,"[[1, 2], [3, 4]]","c|c|[1, 1.0, 0],[1, 1.0, 1]|integer|as-sorted,c|[1, 1.0, 2],[1, 1.5, 1]|integer|as-sorted|integer|as-sorted",record,flat,"{'a': 1, 'b': 2, 'c': 3}","c|[1, 1.0, 0],[1, 1.0, 1],[1, 1.5, 1]|text|not-applicable",,REFUSE
A:/|28|25,"Dictionary<string,object>",seq_in_seq,"[[1, 2], [3, 4]]","c|c|[1, 1.0, 0],[1, 1.0, 1]|integer|as-sorted,c|[1, 1.0, 2],[1, 1.5, 1]|integer|as-sorted|integer|as-sorted",struct,flat,"{'a': 1, 'b': 2, 'c': 3}","c|[1, 1.0, 0],[1, 1.0, 1],[1, 1.5, 1]|text|not-applicable",,REFUSE
A:/|28|26,"Dictionary<string,object>",seq_in_seq,"[[1, 2], [3, 4]]","c|c|[1, 1.0, 0],[1, 1.0, 1]|integer|as-sorted,c|[1, 1.0, 2],[1, 1.5, 1]|integer|as-sorted|integer|as-sorted",class with fields,flat,"{'a': 1, 'b': 2, 'c': 3}","c|[1, 1.0, 0],[1, 1.0, 1],[1, 1.5, 1]|text|not-applicable",,REFUSE
A:/|28|27,"Dictionary<string,object>",seq_in_seq,"[[1, 2], [3, 4]]","c|c|[1, 1.0, 0],[1, 1.0, 1]|integer|as-sorted,c|[1, 1.0, 2],[1, 1.5, 1]|integer|as-sorted|integer|as-sorted",List<List<T>>,seq_in_seq,"[[1, 2], [3, 4]]","c|c|[1, 1.0, 0],[1, 1.0, 1]|integer|as-sorted,c|[1, 1.0, 2],[1, 1.5, 1]|integer|as-sorted|integer|as-sorted",,REFUSE
A:/|28|28,"Dictionary<string,object>",seq_in_seq,"[[1, 2], [3, 4]]","c|c|[1, 1.0, 0],[1, 1.0, 1]|integer|as-sorted,c|[1, 1.0, 2],[1, 1.5, 1]|integer|as-sorted|integer|as-sorted","Dictionary<string,object>",seq_in_seq,"[[1, 2], [3, 4]]","c|c|[1, 1.0, 0],[1, 1.0, 1]|integer|as-sorted,c|[1, 1.0, 2],[1, 1.5, 1]|integer|as-sorted|integer|as-sorted",,REFUSE
A:/|28|29,"Dictionary<string,object>",seq_in_seq,"[[1, 2], [3, 4]]","c|c|[1, 1.0, 0],[1, 1.0, 1]|integer|as-sorted,c|[1, 1.0, 2],[1, 1.5, 1]|integer|as-sorted|integer|as-sorted",object[],seq_in_seq,"[[1, 2], [3, 4]]","c|c|[1, 1.0, 0],[1, 1.0, 1]|integer|as-sorted,c|[1, 1.0, 2],[1, 1.5, 1]|integer|as-sorted|integer|as-sorted",,REFUSE
A:/|29|0,object[],seq_in_seq,"[[1, 2], [3, 4]]","c|c|[1, 1.0, 0],[1, 1.0, 1]|integer|as-sorted,c|[1, 1.0, 2],[1, 1.5, 1]|integer|as-sorted|integer|as-sorted",string? (null reference),null,null,null,,REFUSE
A:/|29|1,object[],seq_in_seq,"[[1, 2], [3, 4]]","c|c|[1, 1.0, 0],[1, 1.0, 1]|integer|as-sorted,c|[1, 1.0, 2],[1, 1.5, 1]|integer|as-sorted|integer|as-sorted",Nullable<int>,null,null,null,,REFUSE
A:/|29|2,object[],seq_in_seq,"[[1, 2], [3, 4]]","c|c|[1, 1.0, 0],[1, 1.0, 1]|integer|as-sorted,c|[1, 1.0, 2],[1, 1.5, 1]|integer|as-sorted|integer|as-sorted",object (null reference),null,null,null,,REFUSE
A:/|29|3,object[],seq_in_seq,"[[1, 2], [3, 4]]","c|c|[1, 1.0, 0],[1, 1.0, 1]|integer|as-sorted,c|[1, 1.0, 2],[1, 1.5, 1]|integer|as-sorted|integer|as-sorted",bool,true,true,true,,REFUSE
A:/|29|4,object[],seq_in_seq,"[[1, 2], [3, 4]]","c|c|[1, 1.0, 0],[1, 1.0, 1]|integer|as-sorted,c|[1, 1.0, 2],[1, 1.5, 1]|integer|as-sorted|integer|as-sorted",int,base_42,0000002a,"[1, 1.3125, 5]",,REFUSE
A:/|29|5,object[],seq_in_seq,"[[1, 2], [3, 4]]","c|c|[1, 1.0, 0],[1, 1.0, 1]|integer|as-sorted,c|[1, 1.0, 2],[1, 1.5, 1]|integer|as-sorted|integer|as-sorted",long,base_42,000000000000002a,"[1, 1.3125, 5]",,REFUSE
A:/|29|6,object[],seq_in_seq,"[[1, 2], [3, 4]]","c|c|[1, 1.0, 0],[1, 1.0, 1]|integer|as-sorted,c|[1, 1.0, 2],[1, 1.5, 1]|integer|as-sorted|integer|as-sorted",ulong,base_42,000000000000002a,"[1, 1.3125, 5]",,REFUSE
A:/|29|7,object[],seq_in_seq,"[[1, 2], [3, 4]]","c|c|[1, 1.0, 0],[1, 1.0, 1]|integer|as-sorted,c|[1, 1.0, 2],[1, 1.5, 1]|integer|as-sorted|integer|as-sorted",System.Numerics.BigInteger,base_42,2a,"[1, 1.3125, 5]",,REFUSE
A:/|29|8,object[],seq_in_seq,"[[1, 2], [3, 4]]","c|c|[1, 1.0, 0],[1, 1.0, 1]|integer|as-sorted,c|[1, 1.0, 2],[1, 1.5, 1]|integer|as-sorted|integer|as-sorted",short,base_42,002a,"[1, 1.3125, 5]",,REFUSE
A:/|29|9,object[],seq_in_seq,"[[1, 2], [3, 4]]","c|c|[1, 1.0, 0],[1, 1.0, 1]|integer|as-sorted,c|[1, 1.0, 2],[1, 1.5, 1]|integer|as-sorted|integer|as-sorted",double,base_1_5,3ff8000000000000,"[1, 1.5, 0]",,REFUSE
A:/|29|10,object[],seq_in_seq,"[[1, 2], [3, 4]]","c|c|[1, 1.0, 0],[1, 1.0, 1]|integer|as-sorted,c|[1, 1.0, 2],[1, 1.5, 1]|integer|as-sorted|integer|as-sorted",float,base_1_5,3fc00000,"[1, 1.5, 0]",,REFUSE
A:/|29|11,object[],seq_in_seq,"[[1, 2], [3, 4]]","c|c|[1, 1.0, 0],[1, 1.0, 1]|integer|as-sorted,c|[1, 1.0, 2],[1, 1.5, 1]|integer|as-sorted|integer|as-sorted",decimal,base_1_5,1.5,"[1, 1.5, 0]",,REFUSE
A:/|29|12,object[],seq_in_seq,"[[1, 2], [3, 4]]","c|c|[1, 1.0, 0],[1, 1.0, 1]|integer|as-sorted,c|[1, 1.0, 2],[1, 1.5, 1]|integer|as-sorted|integer|as-sorted",string,base_hello,68656c6c6f,t|68656c6c6f|5|5|5,,REFUSE
A:/|29|13,object[],seq_in_seq,"[[1, 2], [3, 4]]","c|c|[1, 1.0, 0],[1, 1.0, 1]|integer|as-sorted,c|[1, 1.0, 2],[1, 1.5, 1]|integer|as-sorted|integer|as-sorted",char[],base_hello,68656c6c6f,t|68656c6c6f|5|5|5,,REFUSE
A:/|29|14,object[],seq_in_seq,"[[1, 2], [3, 4]]","c|c|[1, 1.0, 0],[1, 1.0, 1]|integer|as-sorted,c|[1, 1.0, 2],[1, 1.5, 1]|integer|as-sorted|integer|as-sorted",System.Text.StringBuilder,base_hello,68656c6c6f,t|68656c6c6f|5|5|5,,REFUSE
A:/|29|15,object[],seq_in_seq,"[[1, 2], [3, 4]]","c|c|[1, 1.0, 0],[1, 1.0, 1]|integer|as-sorted,c|[1, 1.0, 2],[1, 1.5, 1]|integer|as-sorted|integer|as-sorted",byte[],base_hello,68656c6c6f,t|68656c6c6f|5|5|5,,REFUSE
A:/|29|16,object[],seq_in_seq,"[[1, 2], [3, 4]]","c|c|[1, 1.0, 0],[1, 1.0, 1]|integer|as-sorted,c|[1, 1.0, 2],[1, 1.5, 1]|integer|as-sorted|integer|as-sorted",T[],base,"[1, 2, 3]","c|[1, 1.0, 0],[1, 1.0, 1],[1, 1.5, 1]|integer|as-sorted",,REFUSE
A:/|29|17,object[],seq_in_seq,"[[1, 2], [3, 4]]","c|c|[1, 1.0, 0],[1, 1.0, 1]|integer|as-sorted,c|[1, 1.0, 2],[1, 1.5, 1]|integer|as-sorted|integer|as-sorted",List<T>,base,"[1, 2, 3]","c|[1, 1.0, 0],[1, 1.0, 1],[1, 1.5, 1]|integer|as-sorted",,REFUSE
A:/|29|18,object[],seq_in_seq,"[[1, 2], [3, 4]]","c|c|[1, 1.0, 0],[1, 1.0, 1]|integer|as-sorted,c|[1, 1.0, 2],[1, 1.5, 1]|integer|as-sorted|integer|as-sorted",ReadOnlyCollection<T>,base,"[1, 2, 3]","c|[1, 1.0, 0],[1, 1.0, 1],[1, 1.5, 1]|integer|as-sorted",,REFUSE
A:/|29|19,object[],seq_in_seq,"[[1, 2], [3, 4]]","c|c|[1, 1.0, 0],[1, 1.0, 1]|integer|as-sorted,c|[1, 1.0, 2],[1, 1.5, 1]|integer|as-sorted|integer|as-sorted",LinkedList<T>,base,"[1, 2, 3]","c|[1, 1.0, 0],[1, 1.0, 1],[1, 1.5, 1]|integer|as-sorted",,REFUSE
A:/|29|20,object[],seq_in_seq,"[[1, 2], [3, 4]]","c|c|[1, 1.0, 0],[1, 1.0, 1]|integer|as-sorted,c|[1, 1.0, 2],[1, 1.5, 1]|integer|as-sorted|integer|as-sorted",ValueTuple,base,"[1, 2, 3]","c|[1, 1.0, 0],[1, 1.0, 1],[1, 1.5, 1]|integer|as-sorted",,REFUSE
A:/|29|21,object[],seq_in_seq,"[[1, 2], [3, 4]]","c|c|[1, 1.0, 0],[1, 1.0, 1]|integer|as-sorted,c|[1, 1.0, 2],[1, 1.5, 1]|integer|as-sorted|integer|as-sorted",object[],base,"[1, 2, 3]","c|[1, 1.0, 0],[1, 1.0, 1],[1, 1.5, 1]|integer|as-sorted",,REFUSE
A:/|29|22,object[],seq_in_seq,"[[1, 2], [3, 4]]","c|c|[1, 1.0, 0],[1, 1.0, 1]|integer|as-sorted,c|[1, 1.0, 2],[1, 1.5, 1]|integer|as-sorted|integer|as-sorted","Dictionary<string,V>",flat,"{'a': 1, 'b': 2, 'c': 3}","c|[1, 1.0, 0],[1, 1.0, 1],[1, 1.5, 1]|text|not-applicable",,REFUSE
A:/|29|23,object[],seq_in_seq,"[[1, 2], [3, 4]]","c|c|[1, 1.0, 0],[1, 1.0, 1]|integer|as-sorted,c|[1, 1.0, 2],[1, 1.5, 1]|integer|as-sorted|integer|as-sorted","SortedDictionary<string,V>",flat,"{'a': 1, 'b': 2, 'c': 3}","c|[1, 1.0, 0],[1, 1.0, 1],[1, 1.5, 1]|text|not-applicable",,REFUSE
A:/|29|24,object[],seq_in_seq,"[[1, 2], [3, 4]]","c|c|[1, 1.0, 0],[1, 1.0, 1]|integer|as-sorted,c|[1, 1.0, 2],[1, 1.5, 1]|integer|as-sorted|integer|as-sorted",record,flat,"{'a': 1, 'b': 2, 'c': 3}","c|[1, 1.0, 0],[1, 1.0, 1],[1, 1.5, 1]|text|not-applicable",,REFUSE
A:/|29|25,object[],seq_in_seq,"[[1, 2], [3, 4]]","c|c|[1, 1.0, 0],[1, 1.0, 1]|integer|as-sorted,c|[1, 1.0, 2],[1, 1.5, 1]|integer|as-sorted|integer|as-sorted",struct,flat,"{'a': 1, 'b': 2, 'c': 3}","c|[1, 1.0, 0],[1, 1.0, 1],[1, 1.5, 1]|text|not-applicable",,REFUSE
A:/|29|26,object[],seq_in_seq,"[[1, 2], [3, 4]]","c|c|[1, 1.0, 0],[1, 1.0, 1]|integer|as-sorted,c|[1, 1.0, 2],[1, 1.5, 1]|integer|as-sorted|integer|as-sorted",class with fields,flat,"{'a': 1, 'b': 2, 'c': 3}","c|[1, 1.0, 0],[1, 1.0, 1],[1, 1.5, 1]|text|not-applicable",,REFUSE
A:/|29|27,object[],seq_in_seq,"[[1, 2], [3, 4]]","c|c|[1, 1.0, 0],[1, 1.0, 1]|integer|as-sorted,c|[1, 1.0, 2],[1, 1.5, 1]|integer|as-sorted|integer|as-sorted",List<List<T>>,seq_in_seq,"[[1, 2], [3, 4]]","c|c|[1, 1.0, 0],[1, 1.0, 1]|integer|as-sorted,c|[1, 1.0, 2],[1, 1.5, 1]|integer|as-sorted|integer|as-sorted",,REFUSE
A:/|29|28,object[],seq_in_seq,"[[1, 2], [3, 4]]","c|c|[1, 1.0, 0],[1, 1.0, 1]|integer|as-sorted,c|[1, 1.0, 2],[1, 1.5, 1]|integer|as-sorted|integer|as-sorted","Dictionary<string,object>",seq_in_seq,"[[1, 2], [3, 4]]","c|c|[1, 1.0, 0],[1, 1.0, 1]|integer|as-sorted,c|[1, 1.0, 2],[1, 1.5, 1]|integer|as-sorted|integer|as-sorted",,REFUSE
A:/|29|29,object[],seq_in_seq,"[[1, 2], [3, 4]]","c|c|[1, 1.0, 0],[1, 1.0, 1]|integer|as-sorted,c|[1, 1.0, 2],[1, 1.5, 1]|integer|as-sorted|integer|as-sorted",object[],seq_in_seq,"[[1, 2], [3, 4]]","c|c|[1, 1.0, 0],[1, 1.0, 1]|integer|as-sorted,c|[1, 1.0, 2],[1, 1.5, 1]|integer|as-sorted|integer|as-sorted",,REFUSE
