probe_id,lhs_holder,lhs_value_class,lhs_bytes,lhs_canon,rhs_holder,rhs_value_class,rhs_bytes,rhs_canon,output_bytes,output_canon
A:instanceof|0|0,null reference,null,null,null,null reference,null,null,null,,REFUSE
A:instanceof|0|1,null reference,null,null,null,Optional.empty(),null,null,null,,REFUSE
A:instanceof|0|2,null reference,null,null,null,Void,null,null,null,,REFUSE
A:instanceof|0|3,null reference,null,null,null,boolean,true,true,true,,REFUSE
A:instanceof|0|4,null reference,null,null,null,Boolean,true,true,true,,REFUSE
A:instanceof|0|5,null reference,null,null,null,short,base_42,002a,"[1, 1.3125, 5]",,REFUSE
A:instanceof|0|6,null reference,null,null,null,int,base_42,0000002a,"[1, 1.3125, 5]",,REFUSE
A:instanceof|0|7,null reference,null,null,null,long,base_42,000000000000002a,"[1, 1.3125, 5]",,REFUSE
A:instanceof|0|8,null reference,null,null,null,Integer,base_42,0000002a,"[1, 1.3125, 5]",,REFUSE
A:instanceof|0|9,null reference,null,null,null,Long,base_42,000000000000002a,"[1, 1.3125, 5]",,REFUSE
A:instanceof|0|10,null reference,null,null,null,BigInteger,base_42,2a,"[1, 1.3125, 5]",,REFUSE
A:instanceof|0|11,null reference,null,null,null,double,base_1_5,3ff8000000000000,"[1, 1.5, 0]",,REFUSE
A:instanceof|0|12,null reference,null,null,null,float,base_1_5,3fc00000,"[1, 1.5, 0]",,REFUSE
A:instanceof|0|13,null reference,null,null,null,BigDecimal,base_1_5,1.5,"[1, 1.5, 0]",,REFUSE
A:instanceof|0|14,null reference,null,null,null,String,base_hello,68656c6c6f,t|68656c6c6f|5|5|5,,REFUSE
A:instanceof|0|15,null reference,null,null,null,char[],base_hello,68656c6c6f,t|68656c6c6f|5|5|5,,REFUSE
A:instanceof|0|16,null reference,null,null,null,StringBuilder,base_hello,68656c6c6f,t|68656c6c6f|5|5|5,,REFUSE
A:instanceof|0|17,null reference,null,null,null,byte[],base_hello,68656c6c6f,t|68656c6c6f|5|5|5,,REFUSE
A:instanceof|0|18,null reference,null,null,null,Object[],base,"[1, 2, 3]","c|[1, 1.0, 0],[1, 1.0, 1],[1, 1.5, 1]|integer|as-sorted",,REFUSE
A:instanceof|0|19,null reference,null,null,null,long[],base,"[1, 2, 3]","c|[1, 1.0, 0],[1, 1.0, 1],[1, 1.5, 1]|integer|as-sorted",,REFUSE
A:instanceof|0|20,null reference,null,null,null,ArrayList<T>,base,"[1, 2, 3]","c|[1, 1.0, 0],[1, 1.0, 1],[1, 1.5, 1]|integer|as-sorted",,REFUSE
A:instanceof|0|21,null reference,null,null,null,List.of(...),base,"[1, 2, 3]","c|[1, 1.0, 0],[1, 1.0, 1],[1, 1.5, 1]|integer|as-sorted",,REFUSE
A:instanceof|0|22,null reference,null,null,null,LinkedList<T>,base,"[1, 2, 3]","c|[1, 1.0, 0],[1, 1.0, 1],[1, 1.5, 1]|integer|as-sorted",,REFUSE
A:instanceof|0|23,null reference,null,null,null,ArrayDeque<T>,base,"[1, 2, 3]","c|[1, 1.0, 0],[1, 1.0, 1],[1, 1.5, 1]|integer|as-sorted",,REFUSE
A:instanceof|0|24,null reference,null,null,null,"HashMap<String,V>",flat,"{'a': 1, 'b': 2, 'c': 3}","c|[1, 1.0, 0],[1, 1.0, 1],[1, 1.5, 1]|text|not-applicable",,REFUSE
A:instanceof|0|25,null reference,null,null,null,"LinkedHashMap<String,V>",flat,"{'a': 1, 'b': 2, 'c': 3}","c|[1, 1.0, 0],[1, 1.0, 1],[1, 1.5, 1]|text|not-applicable",,REFUSE
A:instanceof|0|26,null reference,null,null,null,"TreeMap<String,V>",flat,"{'a': 1, 'b': 2, 'c': 3}","c|[1, 1.0, 0],[1, 1.0, 1],[1, 1.5, 1]|text|not-applicable",,REFUSE
A:instanceof|0|27,null reference,null,null,null,local record,flat,"{'a': 1, 'b': 2, 'c': 3}","c|[1, 1.0, 0],[1, 1.0, 1],[1, 1.5, 1]|text|not-applicable",,REFUSE
A:instanceof|0|28,null reference,null,null,null,local class with fields,flat,"{'a': 1, 'b': 2, 'c': 3}","c|[1, 1.0, 0],[1, 1.0, 1],[1, 1.5, 1]|text|not-applicable",,REFUSE
A:instanceof|0|29,null reference,null,null,null,List<List<Object>>,seq_in_seq,"[[1, 2], [3, 4]]","c|c|[1, 1.0, 0],[1, 1.0, 1]|integer|as-sorted,c|[1, 1.0, 2],[1, 1.5, 1]|integer|as-sorted|integer|as-sorted",,REFUSE
A:instanceof|0|30,null reference,null,null,null,"Map<String,Object> nesting",seq_in_seq,"[[1, 2], [3, 4]]","c|c|[1, 1.0, 0],[1, 1.0, 1]|integer|as-sorted,c|[1, 1.0, 2],[1, 1.5, 1]|integer|as-sorted|integer|as-sorted",,REFUSE
A:instanceof|0|31,null reference,null,null,null,Object[][] of Object[],seq_in_seq,"[[1, 2], [3, 4]]","c|c|[1, 1.0, 0],[1, 1.0, 1]|integer|as-sorted,c|[1, 1.0, 2],[1, 1.5, 1]|integer|as-sorted|integer|as-sorted",,REFUSE
A:instanceof|1|0,Optional.empty(),null,null,null,null reference,null,null,null,,REFUSE
A:instanceof|1|1,Optional.empty(),null,null,null,Optional.empty(),null,null,null,,REFUSE
A:instanceof|1|2,Optional.empty(),null,null,null,Void,null,null,null,,REFUSE
A:instanceof|1|3,Optional.empty(),null,null,null,boolean,true,true,true,,REFUSE
A:instanceof|1|4,Optional.empty(),null,null,null,Boolean,true,true,true,,REFUSE
A:instanceof|1|5,Optional.empty(),null,null,null,short,base_42,002a,"[1, 1.3125, 5]",,REFUSE
A:instanceof|1|6,Optional.empty(),null,null,null,int,base_42,0000002a,"[1, 1.3125, 5]",,REFUSE
A:instanceof|1|7,Optional.empty(),null,null,null,long,base_42,000000000000002a,"[1, 1.3125, 5]",,REFUSE
A:instanceof|1|8,Optional.empty(),null,null,null,Integer,base_42,0000002a,"[1, 1.3125, 5]",,REFUSE
A:instanceof|1|9,Optional.empty(),null,null,null,Long,base_42,000000000000002a,"[1, 1.3125, 5]",,REFUSE
A:instanceof|1|10,Optional.empty(),null,null,null,BigInteger,base_42,2a,"[1, 1.3125, 5]",,REFUSE
A:instanceof|1|11,Optional.empty(),null,null,null,double,base_1_5,3ff8000000000000,"[1, 1.5, 0]",,REFUSE
A:instanceof|1|12,Optional.empty(),null,null,null,float,base_1_5,3fc00000,"[1, 1.5, 0]",,REFUSE
A:instanceof|1|13,Optional.empty(),null,null,null,BigDecimal,base_1_5,1.5,"[1, 1.5, 0]",,REFUSE
A:instanceof|1|14,Optional.empty(),null,null,null,String,base_hello,68656c6c6f,t|68656c6c6f|5|5|5,,REFUSE
A:instanceof|1|15,Optional.empty(),null,null,null,char[],base_hello,68656c6c6f,t|68656c6c6f|5|5|5,,REFUSE
A:instanceof|1|16,Optional.empty(),null,null,null,StringBuilder,base_hello,68656c6c6f,t|68656c6c6f|5|5|5,,REFUSE
A:instanceof|1|17,Optional.empty(),null,null,null,byte[],base_hello,68656c6c6f,t|68656c6c6f|5|5|5,,REFUSE
A:instanceof|1|18,Optional.empty(),null,null,null,Object[],base,"[1, 2, 3]","c|[1, 1.0, 0],[1, 1.0, 1],[1, 1.5, 1]|integer|as-sorted",,REFUSE
A:instanceof|1|19,Optional.empty(),null,null,null,long[],base,"[1, 2, 3]","c|[1, 1.0, 0],[1, 1.0, 1],[1, 1.5, 1]|integer|as-sorted",,REFUSE
A:instanceof|1|20,Optional.empty(),null,null,null,ArrayList<T>,base,"[1, 2, 3]","c|[1, 1.0, 0],[1, 1.0, 1],[1, 1.5, 1]|integer|as-sorted",,REFUSE
A:instanceof|1|21,Optional.empty(),null,null,null,List.of(...),base,"[1, 2, 3]","c|[1, 1.0, 0],[1, 1.0, 1],[1, 1.5, 1]|integer|as-sorted",,REFUSE
A:instanceof|1|22,Optional.empty(),null,null,null,LinkedList<T>,base,"[1, 2, 3]","c|[1, 1.0, 0],[1, 1.0, 1],[1, 1.5, 1]|integer|as-sorted",,REFUSE
A:instanceof|1|23,Optional.empty(),null,null,null,ArrayDeque<T>,base,"[1, 2, 3]","c|[1, 1.0, 0],[1, 1.0, 1],[1, 1.5, 1]|integer|as-sorted",,REFUSE
A:instanceof|1|24,Optional.empty(),null,null,null,"HashMap<String,V>",flat,"{'a': 1, 'b': 2, 'c': 3}","c|[1, 1.0, 0],[1, 1.0, 1],[1, 1.5, 1]|text|not-applicable",,REFUSE
A:instanceof|1|25,Optional.empty(),null,null,null,"LinkedHashMap<String,V>",flat,"{'a': 1, 'b': 2, 'c': 3}","c|[1, 1.0, 0],[1, 1.0, 1],[1, 1.5, 1]|text|not-applicable",,REFUSE
A:instanceof|1|26,Optional.empty(),null,null,null,"TreeMap<String,V>",flat,"{'a': 1, 'b': 2, 'c': 3}","c|[1, 1.0, 0],[1, 1.0, 1],[1, 1.5, 1]|text|not-applicable",,REFUSE
A:instanceof|1|27,Optional.empty(),null,null,null,local record,flat,"{'a': 1, 'b': 2, 'c': 3}","c|[1, 1.0, 0],[1, 1.0, 1],[1, 1.5, 1]|text|not-applicable",,REFUSE
A:instanceof|1|28,Optional.empty(),null,null,null,local class with fields,flat,"{'a': 1, 'b': 2, 'c': 3}","c|[1, 1.0, 0],[1, 1.0, 1],[1, 1.5, 1]|text|not-applicable",,REFUSE
A:instanceof|1|29,Optional.empty(),null,null,null,List<List<Object>>,seq_in_seq,"[[1, 2], [3, 4]]","c|c|[1, 1.0, 0],[1, 1.0, 1]|integer|as-sorted,c|[1, 1.0, 2],[1, 1.5, 1]|integer|as-sorted|integer|as-sorted",,REFUSE
A:instanceof|1|30,Optional.empty(),null,null,null,"Map<String,Object> nesting",seq_in_seq,"[[1, 2], [3, 4]]","c|c|[1, 1.0, 0],[1, 1.0, 1]|integer|as-sorted,c|[1, 1.0, 2],[1, 1.5, 1]|integer|as-sorted|integer|as-sorted",,REFUSE
A:instanceof|1|31,Optional.empty(),null,null,null,Object[][] of Object[],seq_in_seq,"[[1, 2], [3, 4]]","c|c|[1, 1.0, 0],[1, 1.0, 1]|integer|as-sorted,c|[1, 1.0, 2],[1, 1.5, 1]|integer|as-sorted|integer|as-sorted",,REFUSE
A:instanceof|2|0,Void,null,null,null,null reference,null,null,null,,REFUSE
A:instanceof|2|1,Void,null,null,null,Optional.empty(),null,null,null,,REFUSE
A:instanceof|2|2,Void,null,null,null,Void,null,null,null,,REFUSE
A:instanceof|2|3,Void,null,null,null,boolean,true,true,true,,REFUSE
A:instanceof|2|4,Void,null,null,null,Boolean,true,true,true,,REFUSE
A:instanceof|2|5,Void,null,null,null,short,base_42,002a,"[1, 1.3125, 5]",,REFUSE
A:instanceof|2|6,Void,null,null,null,int,base_42,0000002a,"[1, 1.3125, 5]",,REFUSE
A:instanceof|2|7,Void,null,null,null,long,base_42,000000000000002a,"[1, 1.3125, 5]",,REFUSE
A:instanceof|2|8,Void,null,null,null,Integer,base_42,0000002a,"[1, 1.3125, 5]",,REFUSE
A:instanceof|2|9,Void,null,null,null,Long,base_42,000000000000002a,"[1, 1.3125, 5]",,REFUSE
A:instanceof|2|10,Void,null,null,null,BigInteger,base_42,2a,"[1, 1.3125, 5]",,REFUSE
A:instanceof|2|11,Void,null,null,null,double,base_1_5,3ff8000000000000,"[1, 1.5, 0]",,REFUSE
A:instanceof|2|12,Void,null,null,null,float,base_1_5,3fc00000,"[1, 1.5, 0]",,REFUSE
A:instanceof|2|13,Void,null,null,null,BigDecimal,base_1_5,1.5,"[1, 1.5, 0]",,REFUSE
A:instanceof|2|14,Void,null,null,null,String,base_hello,68656c6c6f,t|68656c6c6f|5|5|5,,REFUSE
A:instanceof|2|15,Void,null,null,null,char[],base_hello,68656c6c6f,t|68656c6c6f|5|5|5,,REFUSE
A:instanceof|2|16,Void,null,null,null,StringBuilder,base_hello,68656c6c6f,t|68656c6c6f|5|5|5,,REFUSE
A:instanceof|2|17,Void,null,null,null,byte[],base_hello,68656c6c6f,t|68656c6c6f|5|5|5,,REFUSE
A:instanceof|2|18,Void,null,null,null,Object[],base,"[1, 2, 3]","c|[1, 1.0, 0],[1, 1.0, 1],[1, 1.5, 1]|integer|as-sorted",,REFUSE
A:instanceof|2|19,Void,null,null,null,long[],base,"[1, 2, 3]","c|[1, 1.0, 0],[1, 1.0, 1],[1, 1.5, 1]|integer|as-sorted",,REFUSE
A:instanceof|2|20,Void,null,null,null,ArrayList<T>,base,"[1, 2, 3]","c|[1, 1.0, 0],[1, 1.0, 1],[1, 1.5, 1]|integer|as-sorted",,REFUSE
A:instanceof|2|21,Void,null,null,null,List.of(...),base,"[1, 2, 3]","c|[1, 1.0, 0],[1, 1.0, 1],[1, 1.5, 1]|integer|as-sorted",,REFUSE
A:instanceof|2|22,Void,null,null,null,LinkedList<T>,base,"[1, 2, 3]","c|[1, 1.0, 0],[1, 1.0, 1],[1, 1.5, 1]|integer|as-sorted",,REFUSE
A:instanceof|2|23,Void,null,null,null,ArrayDeque<T>,base,"[1, 2, 3]","c|[1, 1.0, 0],[1, 1.0, 1],[1, 1.5, 1]|integer|as-sorted",,REFUSE
A:instanceof|2|24,Void,null,null,null,"HashMap<String,V>",flat,"{'a': 1, 'b': 2, 'c': 3}","c|[1, 1.0, 0],[1, 1.0, 1],[1, 1.5, 1]|text|not-applicable",,REFUSE
A:instanceof|2|25,Void,null,null,null,"LinkedHashMap<String,V>",flat,"{'a': 1, 'b': 2, 'c': 3}","c|[1, 1.0, 0],[1, 1.0, 1],[1, 1.5, 1]|text|not-applicable",,REFUSE
A:instanceof|2|26,Void,null,null,null,"TreeMap<String,V>",flat,"{'a': 1, 'b': 2, 'c': 3}","c|[1, 1.0, 0],[1, 1.0, 1],[1, 1.5, 1]|text|not-applicable",,REFUSE
A:instanceof|2|27,Void,null,null,null,local record,flat,"{'a': 1, 'b': 2, 'c': 3}","c|[1, 1.0, 0],[1, 1.0, 1],[1, 1.5, 1]|text|not-applicable",,REFUSE
A:instanceof|2|28,Void,null,null,null,local class with fields,flat,"{'a': 1, 'b': 2, 'c': 3}","c|[1, 1.0, 0],[1, 1.0, 1],[1, 1.5, 1]|text|not-applicable",,REFUSE
A:instanceof|2|29,Void,null,null,null,List<List<Object>>,seq_in_seq,"[[1, 2], [3, 4]]","c|c|[1, 1.0, 0],[1, 1.0, 1]|integer|as-sorted,c|[1, 1.0, 2],[1, 1.5, 1]|integer|as-sorted|integer|as-sorted",,REFUSE
A:instanceof|2|30,Void,null,null,null,"Map<String,Object> nesting",seq_in_seq,"[[1, 2], [3, 4]]","c|c|[1, 1.0, 0],[1, 1.0, 1]|integer|as-sorted,c|[1, 1.0, 2],[1, 1.5, 1]|integer|as-sorted|integer|as-sorted",,REFUSE
A:instanceof|2|31,Void,null,null,null,Object[][] of Object[],seq_in_seq,"[[1, 2], [3, 4]]","c|c|[1, 1.0, 0],[1, 1.0, 1]|integer|as-sorted,c|[1, 1.0, 2],[1, 1.5, 1]|integer|as-sorted|integer|as-sorted",,REFUSE
A:instanceof|3|0,boolean,true,true,true,null reference,null,null,null,,REFUSE
A:instanceof|3|1,boolean,true,true,true,Optional.empty(),null,null,null,,REFUSE
A:instanceof|3|2,boolean,true,true,true,Void,null,null,null,,REFUSE
A:instanceof|3|3,boolean,true,true,true,boolean,true,true,true,,REFUSE
A:instanceof|3|4,boolean,true,true,true,Boolean,true,true,true,,REFUSE
A:instanceof|3|5,boolean,true,true,true,short,base_42,002a,"[1, 1.3125, 5]",,REFUSE
A:instanceof|3|6,boolean,true,true,true,int,base_42,0000002a,"[1, 1.3125, 5]",,REFUSE
A:instanceof|3|7,boolean,true,true,true,long,base_42,000000000000002a,"[1, 1.3125, 5]",,REFUSE
A:instanceof|3|8,boolean,true,true,true,Integer,base_42,0000002a,"[1, 1.3125, 5]",,REFUSE
A:instanceof|3|9,boolean,true,true,true,Long,base_42,000000000000002a,"[1, 1.3125, 5]",,REFUSE
A:instanceof|3|10,boolean,true,true,true,BigInteger,base_42,2a,"[1, 1.3125, 5]",,REFUSE
A:instanceof|3|11,boolean,true,true,true,double,base_1_5,3ff8000000000000,"[1, 1.5, 0]",,REFUSE
A:instanceof|3|12,boolean,true,true,true,float,base_1_5,3fc00000,"[1, 1.5, 0]",,REFUSE
A:instanceof|3|13,boolean,true,true,true,BigDecimal,base_1_5,1.5,"[1, 1.5, 0]",,REFUSE
A:instanceof|3|14,boolean,true,true,true,String,base_hello,68656c6c6f,t|68656c6c6f|5|5|5,,REFUSE
A:instanceof|3|15,boolean,true,true,true,char[],base_hello,68656c6c6f,t|68656c6c6f|5|5|5,,REFUSE
A:instanceof|3|16,boolean,true,true,true,StringBuilder,base_hello,68656c6c6f,t|68656c6c6f|5|5|5,,REFUSE
A:instanceof|3|17,boolean,true,true,true,byte[],base_hello,68656c6c6f,t|68656c6c6f|5|5|5,,REFUSE
A:instanceof|3|18,boolean,true,true,true,Object[],base,"[1, 2, 3]","c|[1, 1.0, 0],[1, 1.0, 1],[1, 1.5, 1]|integer|as-sorted",,REFUSE
A:instanceof|3|19,boolean,true,true,true,long[],base,"[1, 2, 3]","c|[1, 1.0, 0],[1, 1.0, 1],[1, 1.5, 1]|integer|as-sorted",,REFUSE
A:instanceof|3|20,boolean,true,true,true,ArrayList<T>,base,"[1, 2, 3]","c|[1, 1.0, 0],[1, 1.0, 1],[1, 1.5, 1]|integer|as-sorted",,REFUSE
A:instanceof|3|21,boolean,true,true,true,List.of(...),base,"[1, 2, 3]","c|[1, 1.0, 0],[1, 1.0, 1],[1, 1.5, 1]|integer|as-sorted",,REFUSE
A:instanceof|3|22,boolean,true,true,true,LinkedList<T>,base,"[1, 2, 3]","c|[1, 1.0, 0],[1, 1.0, 1],[1, 1.5, 1]|integer|as-sorted",,REFUSE
A:instanceof|3|23,boolean,true,true,true,ArrayDeque<T>,base,"[1, 2, 3]","c|[1, 1.0, 0],[1, 1.0, 1],[1, 1.5, 1]|integer|as-sorted",,REFUSE
A:instanceof|3|24,boolean,true,true,true,"HashMap<String,V>",flat,"{'a': 1, 'b': 2, 'c': 3}","c|[1, 1.0, 0],[1, 1.0, 1],[1, 1.5, 1]|text|not-applicable",,REFUSE
A:instanceof|3|25,boolean,true,true,true,"LinkedHashMap<String,V>",flat,"{'a': 1, 'b': 2, 'c': 3}","c|[1, 1.0, 0],[1, 1.0, 1],[1, 1.5, 1]|text|not-applicable",,REFUSE
A:instanceof|3|26,boolean,true,true,true,"TreeMap<String,V>",flat,"{'a': 1, 'b': 2, 'c': 3}","c|[1, 1.0, 0],[1, 1.0, 1],[1, 1.5, 1]|text|not-applicable",,REFUSE
A:instanceof|3|27,boolean,true,true,true,local record,flat,"{'a': 1, 'b': 2, 'c': 3}","c|[1, 1.0, 0],[1, 1.0, 1],[1, 1.5, 1]|text|not-applicable",,REFUSE
A:instanceof|3|28,boolean,true,true,true,local class with fields,flat,"{'a': 1, 'b': 2, 'c': 3}","c|[1, 1.0, 0],[1, 1.0, 1],[1, 1.5, 1]|text|not-applicable",,REFUSE
A:instanceof|3|29,boolean,true,true,true,List<List<Object>>,seq_in_seq,"[[1, 2], [3, 4]]","c|c|[1, 1.0, 0],[1, 1.0, 1]|integer|as-sorted,c|[1, 1.0, 2],[1, 1.5, 1]|integer|as-sorted|integer|as-sorted",,REFUSE
A:instanceof|3|30,boolean,true,true,true,"Map<String,Object> nesting",seq_in_seq,"[[1, 2], [3, 4]]","c|c|[1, 1.0, 0],[1, 1.0, 1]|integer|as-sorted,c|[1, 1.0, 2],[1, 1.5, 1]|integer|as-sorted|integer|as-sorted",,REFUSE
A:instanceof|3|31,boolean,true,true,true,Object[][] of Object[],seq_in_seq,"[[1, 2], [3, 4]]","c|c|[1, 1.0, 0],[1, 1.0, 1]|integer|as-sorted,c|[1, 1.0, 2],[1, 1.5, 1]|integer|as-sorted|integer|as-sorted",,REFUSE
A:instanceof|4|0,Boolean,true,true,true,null reference,null,null,null,,REFUSE
A:instanceof|4|1,Boolean,true,true,true,Optional.empty(),null,null,null,,REFUSE
A:instanceof|4|2,Boolean,true,true,true,Void,null,null,null,,REFUSE
A:instanceof|4|3,Boolean,true,true,true,boolean,true,true,true,,REFUSE
A:instanceof|4|4,Boolean,true,true,true,Boolean,true,true,true,,REFUSE
A:instanceof|4|5,Boolean,true,true,true,short,base_42,002a,"[1, 1.3125, 5]",,REFUSE
A:instanceof|4|6,Boolean,true,true,true,int,base_42,0000002a,"[1, 1.3125, 5]",,REFUSE
A:instanceof|4|7,Boolean,true,true,true,long,base_42,000000000000002a,"[1, 1.3125, 5]",,REFUSE
A:instanceof|4|8,Boolean,true,true,true,Integer,base_42,0000002a,"[1, 1.3125, 5]",,REFUSE
A:instanceof|4|9,Boolean,true,true,true,Long,base_42,000000000000002a,"[1, 1.3125, 5]",,REFUSE
A:instanceof|4|10,Boolean,true,true,true,BigInteger,base_42,2a,"[1, 1.3125, 5]",,REFUSE
A:instanceof|4|11,Boolean,true,true,true,double,base_1_5,3ff8000000000000,"[1, 1.5, 0]",,REFUSE
A:instanceof|4|12,Boolean,true,true,true,float,base_1_5,3fc00000,"[1, 1.5, 0]",,REFUSE
A:instanceof|4|13,Boolean,true,true,true,BigDecimal,base_1_5,1.5,"[1, 1.5, 0]",,REFUSE
A:instanceof|4|14,Boolean,true,true,true,String,base_hello,68656c6c6f,t|68656c6c6f|5|5|5,,REFUSE
A:instanceof|4|15,Boolean,true,true,true,char[],base_hello,68656c6c6f,t|68656c6c6f|5|5|5,,REFUSE
A:instanceof|4|16,Boolean,true,true,true,StringBuilder,base_hello,68656c6c6f,t|68656c6c6f|5|5|5,,REFUSE
A:instanceof|4|17,Boolean,true,true,true,byte[],base_hello,68656c6c6f,t|68656c6c6f|5|5|5,,REFUSE
A:instanceof|4|18,Boolean,true,true,true,Object[],base,"[1, 2, 3]","c|[1, 1.0, 0],[1, 1.0, 1],[1, 1.5, 1]|integer|as-sorted",,REFUSE
A:instanceof|4|19,Boolean,true,true,true,long[],base,"[1, 2, 3]","c|[1, 1.0, 0],[1, 1.0, 1],[1, 1.5, 1]|integer|as-sorted",,REFUSE
A:instanceof|4|20,Boolean,true,true,true,ArrayList<T>,base,"[1, 2, 3]","c|[1, 1.0, 0],[1, 1.0, 1],[1, 1.5, 1]|integer|as-sorted",,REFUSE
A:instanceof|4|21,Boolean,true,true,true,List.of(...),base,"[1, 2, 3]","c|[1, 1.0, 0],[1, 1.0, 1],[1, 1.5, 1]|integer|as-sorted",,REFUSE
A:instanceof|4|22,Boolean,true,true,true,LinkedList<T>,base,"[1, 2, 3]","c|[1, 1.0, 0],[1, 1.0, 1],[1, 1.5, 1]|integer|as-sorted",,REFUSE
A:instanceof|4|23,Boolean,true,true,true,ArrayDeque<T>,base,"[1, 2, 3]","c|[1, 1.0, 0],[1, 1.0, 1],[1, 1.5, 1]|integer|as-sorted",,REFUSE
A:instanceof|4|24,Boolean,true,true,true,"HashMap<String,V>",flat,"{'a': 1, 'b': 2, 'c': 3}","c|[1, 1.0, 0],[1, 1.0, 1],[1, 1.5, 1]|text|not-applicable",,REFUSE
A:instanceof|4|25,Boolean,true,true,true,"LinkedHashMap<String,V>",flat,"{'a': 1, 'b': 2, 'c': 3}","c|[1, 1.0, 0],[1, 1.0, 1],[1, 1.5, 1]|text|not-applicable",,REFUSE
A:instanceof|4|26,Boolean,true,true,true,"TreeMap<String,V>",flat,"{'a': 1, 'b': 2, 'c': 3}","c|[1, 1.0, 0],[1, 1.0, 1],[1, 1.5, 1]|text|not-applicable",,REFUSE
A:instanceof|4|27,Boolean,true,true,true,local record,flat,"{'a': 1, 'b': 2, 'c': 3}","c|[1, 1.0, 0],[1, 1.0, 1],[1, 1.5, 1]|text|not-applicable",,REFUSE
A:instanceof|4|28,Boolean,true,true,true,local class with fields,flat,"{'a': 1, 'b': 2, 'c': 3}","c|[1, 1.0, 0],[1, 1.0, 1],[1, 1.5, 1]|text|not-applicable",,REFUSE
A:instanceof|4|29,Boolean,true,true,true,List<List<Object>>,seq_in_seq,"[[1, 2], [3, 4]]","c|c|[1, 1.0, 0],[1, 1.0, 1]|integer|as-sorted,c|[1, 1.0, 2],[1, 1.5, 1]|integer|as-sorted|integer|as-sorted",,REFUSE
A:instanceof|4|30,Boolean,true,true,true,"Map<String,Object> nesting",seq_in_seq,"[[1, 2], [3, 4]]","c|c|[1, 1.0, 0],[1, 1.0, 1]|integer|as-sorted,c|[1, 1.0, 2],[1, 1.5, 1]|integer|as-sorted|integer|as-sorted",,REFUSE
A:instanceof|4|31,Boolean,true,true,true,Object[][] of Object[],seq_in_seq,"[[1, 2], [3, 4]]","c|c|[1, 1.0, 0],[1, 1.0, 1]|integer|as-sorted,c|[1, 1.0, 2],[1, 1.5, 1]|integer|as-sorted|integer|as-sorted",,REFUSE
A:instanceof|5|0,short,base_42,002a,"[1, 1.3125, 5]",null reference,null,null,null,,REFUSE
A:instanceof|5|1,short,base_42,002a,"[1, 1.3125, 5]",Optional.empty(),null,null,null,,REFUSE
A:instanceof|5|2,short,base_42,002a,"[1, 1.3125, 5]",Void,null,null,null,,REFUSE
A:instanceof|5|3,short,base_42,002a,"[1, 1.3125, 5]",boolean,true,true,true,,REFUSE
A:instanceof|5|4,short,base_42,002a,"[1, 1.3125, 5]",Boolean,true,true,true,,REFUSE
A:instanceof|5|5,short,base_42,002a,"[1, 1.3125, 5]",short,base_42,002a,"[1, 1.3125, 5]",,REFUSE
A:instanceof|5|6,short,base_42,002a,"[1, 1.3125, 5]",int,base_42,0000002a,"[1, 1.3125, 5]",,REFUSE
A:instanceof|5|7,short,base_42,002a,"[1, 1.3125, 5]",long,base_42,000000000000002a,"[1, 1.3125, 5]",,REFUSE
A:instanceof|5|8,short,base_42,002a,"[1, 1.3125, 5]",Integer,base_42,0000002a,"[1, 1.3125, 5]",,REFUSE
A:instanceof|5|9,short,base_42,002a,"[1, 1.3125, 5]",Long,base_42,000000000000002a,"[1, 1.3125, 5]",,REFUSE
A:instanceof|5|10,short,base_42,002a,"[1, 1.3125, 5]",BigInteger,base_42,2a,"[1, 1.3125, 5]",,REFUSE
A:instanceof|5|11,short,base_42,002a,"[1, 1.3125, 5]",double,base_1_5,3ff8000000000000,"[1, 1.5, 0]",,REFUSE
A:instanceof|5|12,short,base_42,002a,"[1, 1.3125, 5]",float,base_1_5,3fc00000,"[1, 1.5, 0]",,REFUSE
A:instanceof|5|13,short,base_42,002a,"[1, 1.3125, 5]",BigDecimal,base_1_5,1.5,"[1, 1.5, 0]",,REFUSE
A:instanceof|5|14,short,base_42,002a,"[1, 1.3125, 5]",String,base_hello,68656c6c6f,t|68656c6c6f|5|5|5,,REFUSE
A:instanceof|5|15,short,base_42,002a,"[1, 1.3125, 5]",char[],base_hello,68656c6c6f,t|68656c6c6f|5|5|5,,REFUSE
A:instanceof|5|16,short,base_42,002a,"[1, 1.3125, 5]",StringBuilder,base_hello,68656c6c6f,t|68656c6c6f|5|5|5,,REFUSE
A:instanceof|5|17,short,base_42,002a,"[1, 1.3125, 5]",byte[],base_hello,68656c6c6f,t|68656c6c6f|5|5|5,,REFUSE
A:instanceof|5|18,short,base_42,002a,"[1, 1.3125, 5]",Object[],base,"[1, 2, 3]","c|[1, 1.0, 0],[1, 1.0, 1],[1, 1.5, 1]|integer|as-sorted",,REFUSE
A:instanceof|5|19,short,base_42,002a,"[1, 1.3125, 5]",long[],base,"[1, 2, 3]","c|[1, 1.0, 0],[1, 1.0, 1],[1, 1.5, 1]|integer|as-sorted",,REFUSE
A:instanceof|5|20,short,base_42,002a,"[1, 1.3125, 5]",ArrayList<T>,base,"[1, 2, 3]","c|[1, 1.0, 0],[1, 1.0, 1],[1, 1.5, 1]|integer|as-sorted",,REFUSE
A:instanceof|5|21,short,base_42,002a,"[1, 1.3125, 5]",List.of(...),base,"[1, 2, 3]","c|[1, 1.0, 0],[1, 1.0, 1],[1, 1.5, 1]|integer|as-sorted",,REFUSE
A:instanceof|5|22,short,base_42,002a,"[1, 1.3125, 5]",LinkedList<T>,base,"[1, 2, 3]","c|[1, 1.0, 0],[1, 1.0, 1],[1, 1.5, 1]|integer|as-sorted",,REFUSE
A:instanceof|5|23,short,base_42,002a,"[1, 1.3125, 5]",ArrayDeque<T>,base,"[1, 2, 3]","c|[1, 1.0, 0],[1, 1.0, 1],[1, 1.5, 1]|integer|as-sorted",,REFUSE
A:instanceof|5|24,short,base_42,002a,"[1, 1.3125, 5]","HashMap<String,V>",flat,"{'a': 1, 'b': 2, 'c': 3}","c|[1, 1.0, 0],[1, 1.0, 1],[1, 1.5, 1]|text|not-applicable",,REFUSE
A:instanceof|5|25,short,base_42,002a,"[1, 1.3125, 5]","LinkedHashMap<String,V>",flat,"{'a': 1, 'b': 2, 'c': 3}","c|[1, 1.0, 0],[1, 1.0, 1],[1, 1.5, 1]|text|not-applicable",,REFUSE
A:instanceof|5|26,short,base_42,002a,"[1, 1.3125, 5]","TreeMap<String,V>",flat,"{'a': 1, 'b': 2, 'c': 3}","c|[1, 1.0, 0],[1, 1.0, 1],[1, 1.5, 1]|text|not-applicable",,REFUSE
A:instanceof|5|27,short,base_42,002a,"[1, 1.3125, 5]",local record,flat,"{'a': 1, 'b': 2, 'c': 3}","c|[1, 1.0, 0],[1, 1.0, 1],[1, 1.5, 1]|text|not-applicable",,REFUSE
A:instanceof|5|28,short,base_42,002a,"[1, 1.3125, 5]",local class with fields,flat,"{'a': 1, 'b': 2, 'c': 3}","c|[1, 1.0, 0],[1, 1.0, 1],[1, 1.5, 1]|text|not-applicable",,REFUSE
A:instanceof|5|29,short,base_42,002a,"[1, 1.3125, 5]",List<List<Object>>,seq_in_seq,"[[1, 2], [3, 4]]","c|c|[1, 1.0, 0],[1, 1.0, 1]|integer|as-sorted,c|[1, 1.0, 2],[1, 1.5, 1]|integer|as-sorted|integer|as-sorted",,REFUSE
A:instanceof|5|30,short,base_42,002a,"[1, 1.3125, 5]","Map<String,Object> nesting",seq_in_seq,"[[1, 2], [3, 4]]","c|c|[1, 1.0, 0],[1, 1.0, 1]|integer|as-sorted,c|[1, 1.0, 2],[1, 1.5, 1]|integer|as-sorted|integer|as-sorted",,REFUSE
A:instanceof|5|31,short,base_42,002a,"[1, 1.3125, 5]",Object[][] of Object[],seq_in_seq,"[[1, 2], [3, 4]]","c|c|[1, 1.0, 0],[1, 1.0, 1]|integer|as-sorted,c|[1, 1.0, 2],[1, 1.5, 1]|integer|as-sorted|integer|as-sorted",,REFUSE
A:instanceof|6|0,int,base_42,0000002a,"[1, 1.3125, 5]",null reference,null,null,null,,REFUSE
A:instanceof|6|1,int,base_42,0000002a,"[1, 1.3125, 5]",Optional.empty(),null,null,null,,REFUSE
A:instanceof|6|2,int,base_42,0000002a,"[1, 1.3125, 5]",Void,null,null,null,,REFUSE
A:instanceof|6|3,int,base_42,0000002a,"[1, 1.3125, 5]",boolean,true,true,true,,REFUSE
A:instanceof|6|4,int,base_42,0000002a,"[1, 1.3125, 5]",Boolean,true,true,true,,REFUSE
A:instanceof|6|5,int,base_42,0000002a,"[1, 1.3125, 5]",short,base_42,002a,"[1, 1.3125, 5]",,REFUSE
A:instanceof|6|6,int,base_42,0000002a,"[1, 1.3125, 5]",int,base_42,0000002a,"[1, 1.3125, 5]",,REFUSE
A:instanceof|6|7,int,base_42,0000002a,"[1, 1.3125, 5]",long,base_42,000000000000002a,"[1, 1.3125, 5]",,REFUSE
A:instanceof|6|8,int,base_42,0000002a,"[1, 1.3125, 5]",Integer,base_42,0000002a,"[1, 1.3125, 5]",,REFUSE
A:instanceof|6|9,int,base_42,0000002a,"[1, 1.3125, 5]",Long,base_42,000000000000002a,"[1, 1.3125, 5]",,REFUSE
A:instanceof|6|10,int,base_42,0000002a,"[1, 1.3125, 5]",BigInteger,base_42,2a,"[1, 1.3125, 5]",,REFUSE
A:instanceof|6|11,int,base_42,0000002a,"[1, 1.3125, 5]",double,base_1_5,3ff8000000000000,"[1, 1.5, 0]",,REFUSE
A:instanceof|6|12,int,base_42,0000002a,"[1, 1.3125, 5]",float,base_1_5,3fc00000,"[1, 1.5, 0]",,REFUSE
A:instanceof|6|13,int,base_42,0000002a,"[1, 1.3125, 5]",BigDecimal,base_1_5,1.5,"[1, 1.5, 0]",,REFUSE
A:instanceof|6|14,int,base_42,0000002a,"[1, 1.3125, 5]",String,base_hello,68656c6c6f,t|68656c6c6f|5|5|5,,REFUSE
A:instanceof|6|15,int,base_42,0000002a,"[1, 1.3125, 5]",char[],base_hello,68656c6c6f,t|68656c6c6f|5|5|5,,REFUSE
A:instanceof|6|16,int,base_42,0000002a,"[1, 1.3125, 5]",StringBuilder,base_hello,68656c6c6f,t|68656c6c6f|5|5|5,,REFUSE
A:instanceof|6|17,int,base_42,0000002a,"[1, 1.3125, 5]",byte[],base_hello,68656c6c6f,t|68656c6c6f|5|5|5,,REFUSE
A:instanceof|6|18,int,base_42,0000002a,"[1, 1.3125, 5]",Object[],base,"[1, 2, 3]","c|[1, 1.0, 0],[1, 1.0, 1],[1, 1.5, 1]|integer|as-sorted",,REFUSE
A:instanceof|6|19,int,base_42,0000002a,"[1, 1.3125, 5]",long[],base,"[1, 2, 3]","c|[1, 1.0, 0],[1, 1.0, 1],[1, 1.5, 1]|integer|as-sorted",,REFUSE
A:instanceof|6|20,int,base_42,0000002a,"[1, 1.3125, 5]",ArrayList<T>,base,"[1, 2, 3]","c|[1, 1.0, 0],[1, 1.0, 1],[1, 1.5, 1]|integer|as-sorted",,REFUSE
A:instanceof|6|21,int,base_42,0000002a,"[1, 1.3125, 5]",List.of(...),base,"[1, 2, 3]","c|[1, 1.0, 0],[1, 1.0, 1],[1, 1.5, 1]|integer|as-sorted",,REFUSE
A:instanceof|6|22,int,base_42,0000002a,"[1, 1.3125, 5]",LinkedList<T>,base,"[1, 2, 3]","c|[1, 1.0, 0],[1, 1.0, 1],[1, 1.5, 1]|integer|as-sorted",,REFUSE
A:instanceof|6|23,int,base_42,0000002a,"[1, 1.3125, 5]",ArrayDeque<T>,base,"[1, 2, 3]","c|[1, 1.0, 0],[1, 1.0, 1],[1, 1.5, 1]|integer|as-sorted",,REFUSE
A:instanceof|6|24,int,base_42,0000002a,"[1, 1.3125, 5]","HashMap<String,V>",flat,"{'a': 1, 'b': 2, 'c': 3}","c|[1, 1.0, 0],[1, 1.0, 1],[1, 1.5, 1]|text|not-applicable",,REFUSE
A:instanceof|6|25,int,base_42,0000002a,"[1, 1.3125, 5]","LinkedHashMap<String,V>",flat,"{'a': 1, 'b': 2, 'c': 3}","c|[1, 1.0, 0],[1, 1.0, 1],[1, 1.5, 1]|text|not-applicable",,REFUSE
A:instanceof|6|26,int,base_42,0000002a,"[1, 1.3125, 5]","TreeMap<String,V>",flat,"{'a': 1, 'b': 2, 'c': 3}","c|[1, 1.0, 0],[1, 1.0, 1],[1, 1.5, 1]|text|not-applicable",,REFUSE
A:instanceof|6|27,int,base_42,0000002a,"[1, 1.3125, 5]",local record,flat,"{'a': 1, 'b': 2, 'c': 3}","c|[1, 1.0, 0],[1, 1.0, 1],[1, 1.5, 1]|text|not-applicable",,REFUSE
A:instanceof|6|28,int,base_42,0000002a,"[1, 1.3125, 5]",local class with fields,flat,"{'a': 1, 'b': 2, 'c': 3}","c|[1, 1.0, 0],[1, 1.0, 1],[1, 1.5, 1]|text|not-applicable",,REFUSE
A:instanceof|6|29,int,base_42,0000002a,"[1, 1.3125, 5]",List<List<Object>>,seq_in_seq,"[[1, 2], [3, 4]]","c|c|[1, 1.0, 0],[1, 1.0, 1]|integer|as-sorted,c|[1, 1.0, 2],[1, 1.5, 1]|integer|as-sorted|integer|as-sorted",,REFUSE
A:instanceof|6|30,int,base_42,0000002a,"[1, 1.3125, 5]","Map<String,Object> nesting",seq_in_seq,"[[1, 2], [3, 4]]","c|c|[1, 1.0, 0],[1, 1.0, 1]|integer|as-sorted,c|[1, 1.0, 2],[1, 1.5, 1]|integer|as-sorted|integer|as-sorted",,REFUSE
A:instanceof|6|31,int,base_42,0000002a,"[1, 1.3125, 5]",Object[][] of Object[],seq_in_seq,"[[1, 2], [3, 4]]","c|c|[1, 1.0, 0],[1, 1.0, 1]|integer|as-sorted,c|[1, 1.0, 2],[1, 1.5, 1]|integer|as-sorted|integer|as-sorted",,REFUSE
A:instanceof|7|0,long,base_42,000000000000002a,"[1, 1.3125, 5]",null reference,null,null,null,,REFUSE
A:instanceof|7|1,long,base_42,000000000000002a,"[1, 1.3125, 5]",Optional.empty(),null,null,null,,REFUSE
A:instanceof|7|2,long,base_42,000000000000002a,"[1, 1.3125, 5]",Void,null,null,null,,REFUSE
A:instanceof|7|3,long,base_42,000000000000002a,"[1, 1.3125, 5]",boolean,true,true,true,,REFUSE
A:instanceof|7|4,long,base_42,000000000000002a,"[1, 1.3125, 5]",Boolean,true,true,true,,REFUSE
A:instanceof|7|5,long,base_42,000000000000002a,"[1, 1.3125, 5]",short,base_42,002a,"[1, 1.3125, 5]",,REFUSE
A:instanceof|7|6,long,base_42,000000000000002a,"[1, 1.3125, 5]",int,base_42,0000002a,"[1, 1.3125, 5]",,REFUSE
A:instanceof|7|7,long,base_42,000000000000002a,"[1, 1.3125, 5]",long,base_42,000000000000002a,"[1, 1.3125, 5]",,REFUSE
A:instanceof|7|8,long,base_42,000000000000002a,"[1, 1.3125, 5]",Integer,base_42,0000002a,"[1, 1.3125, 5]",,REFUSE
A:instanceof|7|9,long,base_42,000000000000002a,"[1, 1.3125, 5]",Long,base_42,000000000000002a,"[1, 1.3125, 5]",,REFUSE
A:instanceof|7|10,long,base_42,000000000000002a,"[1, 1.3125, 5]",BigInteger,base_42,2a,"[1, 1.3125, 5]",,REFUSE
A:instanceof|7|11,long,base_42,000000000000002a,"[1, 1.3125, 5]",double,base_1_5,3ff8000000000000,"[1, 1.5, 0]",,REFUSE
A:instanceof|7|12,long,base_42,000000000000002a,"[1, 1.3125, 5]",float,base_1_5,3fc00000,"[1, 1.5, 0]",,REFUSE
A:instanceof|7|13,long,base_42,000000000000002a,"[1, 1.3125, 5]",BigDecimal,base_1_5,1.5,"[1, 1.5, 0]",,REFUSE
A:instanceof|7|14,long,base_42,000000000000002a,"[1, 1.3125, 5]",String,base_hello,68656c6c6f,t|68656c6c6f|5|5|5,,REFUSE
A:instanceof|7|15,long,base_42,000000000000002a,"[1, 1.3125, 5]",char[],base_hello,68656c6c6f,t|68656c6c6f|5|5|5,,REFUSE
A:instanceof|7|16,long,base_42,000000000000002a,"[1, 1.3125, 5]",StringBuilder,base_hello,68656c6c6f,t|68656c6c6f|5|5|5,,REFUSE
A:instanceof|7|17,long,base_42,000000000000002a,"[1, 1.3125, 5]",byte[],base_hello,68656c6c6f,t|68656c6c6f|5|5|5,,REFUSE
A:instanceof|7|18,long,base_42,000000000000002a,"[1, 1.3125, 5]",Object[],base,"[1, 2, 3]","c|[1, 1.0, 0],[1, 1.0, 1],[1, 1.5, 1]|integer|as-sorted",,REFUSE
A:instanceof|7|19,long,base_42,000000000000002a,"[1, 1.3125, 5]",long[],base,"[1, 2, 3]","c|[1, 1.0, 0],[1, 1.0, 1],[1, 1.5, 1]|integer|as-sorted",,REFUSE
A:instanceof|7|20,long,base_42,000000000000002a,"[1, 1.3125, 5]",ArrayList<T>,base,"[1, 2, 3]","c|[1, 1.0, 0],[1, 1.0, 1],[1, 1.5, 1]|integer|as-sorted",,REFUSE
A:instanceof|7|21,long,base_42,000000000000002a,"[1, 1.3125, 5]",List.of(...),base,"[1, 2, 3]","c|[1, 1.0, 0],[1, 1.0, 1],[1, 1.5, 1]|integer|as-sorted",,REFUSE
A:instanceof|7|22,long,base_42,000000000000002a,"[1, 1.3125, 5]",LinkedList<T>,base,"[1, 2, 3]","c|[1, 1.0, 0],[1, 1.0, 1],[1, 1.5, 1]|integer|as-sorted",,REFUSE
A:instanceof|7|23,long,base_42,000000000000002a,"[1, 1.3125, 5]",ArrayDeque<T>,base,"[1, 2, 3]","c|[1, 1.0, 0],[1, 1.0, 1],[1, 1.5, 1]|integer|as-sorted",,REFUSE
A:instanceof|7|24,long,base_42,000000000000002a,"[1, 1.3125, 5]","HashMap<String,V>",flat,"{'a': 1, 'b': 2, 'c': 3}","c|[1, 1.0, 0],[1, 1.0, 1],[1, 1.5, 1]|text|not-applicable",,REFUSE
A:instanceof|7|25,long,base_42,000000000000002a,"[1, 1.3125, 5]","LinkedHashMap<String,V>",flat,"{'a': 1, 'b': 2, 'c': 3}","c|[1, 1.0, 0],[1, 1.0, 1],[1, 1.5, 1]|text|not-applicable",,REFUSE
A:instanceof|7|26,long,base_42,000000000000002a,"[1, 1.3125, 5]","TreeMap<String,V>",flat,"{'a': 1, 'b': 2, 'c': 3}","c|[1, 1.0, 0],[1, 1.0, 1],[1, 1.5, 1]|text|not-applicable",,REFUSE
A:instanceof|7|27,long,base_42,000000000000002a,"[1, 1.3125, 5]",local record,flat,"{'a': 1, 'b': 2, 'c': 3}","c|[1, 1.0, 0],[1, 1.0, 1],[1, 1.5, 1]|text|not-applicable",,REFUSE
A:instanceof|7|28,long,base_42,000000000000002a,"[1, 1.3125, 5]",local class with fields,flat,"{'a': 1, 'b': 2, 'c': 3}","c|[1, 1.0, 0],[1, 1.0, 1],[1, 1.5, 1]|text|not-applicable",,REFUSE
A:instanceof|7|29,long,base_42,000000000000002a,"[1, 1.3125, 5]",List<List<Object>>,seq_in_seq,"[[1, 2], [3, 4]]","c|c|[1, 1.0, 0],[1, 1.0, 1]|integer|as-sorted,c|[1, 1.0, 2],[1, 1.5, 1]|integer|as-sorted|integer|as-sorted",,REFUSE
A:instanceof|7|30,long,base_42,000000000000002a,"[1, 1.3125, 5]","Map<String,Object> nesting",seq_in_seq,"[[1, 2], [3, 4]]","c|c|[1, 1.0, 0],[1, 1.0, 1]|integer|as-sorted,c|[1, 1.0, 2],[1, 1.5, 1]|integer|as-sorted|integer|as-sorted",,REFUSE
A:instanceof|7|31,long,base_42,000000000000002a,"[1, 1.3125, 5]",Object[][] of Object[],seq_in_seq,"[[1, 2], [3, 4]]","c|c|[1, 1.0, 0],[1, 1.0, 1]|integer|as-sorted,c|[1, 1.0, 2],[1, 1.5, 1]|integer|as-sorted|integer|as-sorted",,REFUSE
A:instanceof|8|0,Integer,base_42,0000002a,"[1, 1.3125, 5]",null reference,null,null,null,,REFUSE
A:instanceof|8|1,Integer,base_42,0000002a,"[1, 1.3125, 5]",Optional.empty(),null,null,null,,REFUSE
A:instanceof|8|2,Integer,base_42,0000002a,"[1, 1.3125, 5]",Void,null,null,null,,REFUSE
A:instanceof|8|3,Integer,base_42,0000002a,"[1, 1.3125, 5]",boolean,true,true,true,,REFUSE
A:instanceof|8|4,Integer,base_42,0000002a,"[1, 1.3125, 5]",Boolean,true,true,true,,REFUSE
A:instanceof|8|5,Integer,base_42,0000002a,"[1, 1.3125, 5]",short,base_42,002a,"[1, 1.3125, 5]",,REFUSE
A:instanceof|8|6,Integer,base_42,0000002a,"[1, 1.3125, 5]",int,base_42,0000002a,"[1, 1.3125, 5]",,REFUSE
A:instanceof|8|7,Integer,base_42,0000002a,"[1, 1.3125, 5]",long,base_42,000000000000002a,"[1, 1.3125, 5]",,REFUSE
A:instanceof|8|8,Integer,base_42,0000002a,"[1, 1.3125, 5]",Integer,base_42,0000002a,"[1, 1.3125, 5]",,REFUSE
A:instanceof|8|9,Integer,base_42,0000002a,"[1, 1.3125, 5]",Long,base_42,000000000000002a,"[1, 1.3125, 5]",,REFUSE
A:instanceof|8|10,Integer,base_42,0000002a,"[1, 1.3125, 5]",BigInteger,base_42,2a,"[1, 1.3125, 5]",,REFUSE
A:instanceof|8|11,Integer,base_42,0000002a,"[1, 1.3125, 5]",double,base_1_5,3ff8000000000000,"[1, 1.5, 0]",,REFUSE
A:instanceof|8|12,Integer,base_42,0000002a,"[1, 1.3125, 5]",float,base_1_5,3fc00000,"[1, 1.5, 0]",,REFUSE
A:instanceof|8|13,Integer,base_42,0000002a,"[1, 1.3125, 5]",BigDecimal,base_1_5,1.5,"[1, 1.5, 0]",,REFUSE
A:instanceof|8|14,Integer,base_42,0000002a,"[1, 1.3125, 5]",String,base_hello,68656c6c6f,t|68656c6c6f|5|5|5,,REFUSE
A:instanceof|8|15,Integer,base_42,0000002a,"[1, 1.3125, 5]",char[],base_hello,68656c6c6f,t|68656c6c6f|5|5|5,,REFUSE
A:instanceof|8|16,Integer,base_42,0000002a,"[1, 1.3125, 5]",StringBuilder,base_hello,68656c6c6f,t|68656c6c6f|5|5|5,,REFUSE
A:instanceof|8|17,Integer,base_42,0000002a,"[1, 1.3125, 5]",byte[],base_hello,68656c6c6f,t|68656c6c6f|5|5|5,,REFUSE
A:instanceof|8|18,Integer,base_42,0000002a,"[1, 1.3125, 5]",Object[],base,"[1, 2, 3]","c|[1, 1.0, 0],[1, 1.0, 1],[1, 1.5, 1]|integer|as-sorted",,REFUSE
A:instanceof|8|19,Integer,base_42,0000002a,"[1, 1.3125, 5]",long[],base,"[1, 2, 3]","c|[1, 1.0, 0],[1, 1.0, 1],[1, 1.5, 1]|integer|as-sorted",,REFUSE
A:instanceof|8|20,Integer,base_42,0000002a,"[1, 1.3125, 5]",ArrayList<T>,base,"[1, 2, 3]","c|[1, 1.0, 0],[1, 1.0, 1],[1, 1.5, 1]|integer|as-sorted",,REFUSE
A:instanceof|8|21,Integer,base_42,0000002a,"[1, 1.3125, 5]",List.of(...),base,"[1, 2, 3]","c|[1, 1.0, 0],[1, 1.0, 1],[1, 1.5, 1]|integer|as-sorted",,REFUSE
A:instanceof|8|22,Integer,base_42,0000002a,"[1, 1.3125, 5]",LinkedList<T>,base,"[1, 2, 3]","c|[1, 1.0, 0],[1, 1.0, 1],[1, 1.5, 1]|integer|as-sorted",,REFUSE
A:instanceof|8|23,Integer,base_42,0000002a,"[1, 1.3125, 5]",ArrayDeque<T>,base,"[1, 2, 3]","c|[1, 1.0, 0],[1, 1.0, 1],[1, 1.5, 1]|integer|as-sorted",,REFUSE
A:instanceof|8|24,Integer,base_42,0000002a,"[1, 1.3125, 5]","HashMap<String,V>",flat,"{'a': 1, 'b': 2, 'c': 3}","c|[1, 1.0, 0],[1, 1.0, 1],[1, 1.5, 1]|text|not-applicable",,REFUSE
A:instanceof|8|25,Integer,base_42,0000002a,"[1, 1.3125, 5]","LinkedHashMap<String,V>",flat,"{'a': 1, 'b': 2, 'c': 3}","c|[1, 1.0, 0],[1, 1.0, 1],[1, 1.5, 1]|text|not-applicable",,REFUSE
A:instanceof|8|26,Integer,base_42,0000002a,"[1, 1.3125, 5]","TreeMap<String,V>",flat,"{'a': 1, 'b': 2, 'c': 3}","c|[1, 1.0, 0],[1, 1.0, 1],[1, 1.5, 1]|text|not-applicable",,REFUSE
A:instanceof|8|27,Integer,base_42,0000002a,"[1, 1.3125, 5]",local record,flat,"{'a': 1, 'b': 2, 'c': 3}","c|[1, 1.0, 0],[1, 1.0, 1],[1, 1.5, 1]|text|not-applicable",,REFUSE
A:instanceof|8|28,Integer,base_42,0000002a,"[1, 1.3125, 5]",local class with fields,flat,"{'a': 1, 'b': 2, 'c': 3}","c|[1, 1.0, 0],[1, 1.0, 1],[1, 1.5, 1]|text|not-applicable",,REFUSE
A:instanceof|8|29,Integer,base_42,0000002a,"[1, 1.3125, 5]",List<List<Object>>,seq_in_seq,"[[1, 2], [3, 4]]","c|c|[1, 1.0, 0],[1, 1.0, 1]|integer|as-sorted,c|[1, 1.0, 2],[1, 1.5, 1]|integer|as-sorted|integer|as-sorted",,REFUSE
A:instanceof|8|30,Integer,base_42,0000002a,"[1, 1.3125, 5]","Map<String,Object> nesting",seq_in_seq,"[[1, 2], [3, 4]]","c|c|[1, 1.0, 0],[1, 1.0, 1]|integer|as-sorted,c|[1, 1.0, 2],[1, 1.5, 1]|integer|as-sorted|integer|as-sorted",,REFUSE
A:instanceof|8|31,Integer,base_42,0000002a,"[1, 1.3125, 5]",Object[][] of Object[],seq_in_seq,"[[1, 2], [3, 4]]","c|c|[1, 1.0, 0],[1, 1.0, 1]|integer|as-sorted,c|[1, 1.0, 2],[1, 1.5, 1]|integer|as-sorted|integer|as-sorted",,REFUSE
A:instanceof|9|0,Long,base_42,000000000000002a,"[1, 1.3125, 5]",null reference,null,null,null,,REFUSE
A:instanceof|9|1,Long,base_42,000000000000002a,"[1, 1.3125, 5]",Optional.empty(),null,null,null,,REFUSE
A:instanceof|9|2,Long,base_42,000000000000002a,"[1, 1.3125, 5]",Void,null,null,null,,REFUSE
A:instanceof|9|3,Long,base_42,000000000000002a,"[1, 1.3125, 5]",boolean,true,true,true,,REFUSE
A:instanceof|9|4,Long,base_42,000000000000002a,"[1, 1.3125, 5]",Boolean,true,true,true,,REFUSE
A:instanceof|9|5,Long,base_42,000000000000002a,"[1, 1.3125, 5]",short,base_42,002a,"[1, 1.3125, 5]",,REFUSE
A:instanceof|9|6,Long,base_42,000000000000002a,"[1, 1.3125, 5]",int,base_42,0000002a,"[1, 1.3125, 5]",,REFUSE
A:instanceof|9|7,Long,base_42,000000000000002a,"[1, 1.3125, 5]",long,base_42,000000000000002a,"[1, 1.3125, 5]",,REFUSE
A:instanceof|9|8,Long,base_42,000000000000002a,"[1, 1.3125, 5]",Integer,base_42,0000002a,"[1, 1.3125, 5]",,REFUSE
A:instanceof|9|9,Long,base_42,000000000000002a,"[1, 1.3125, 5]",Long,base_42,000000000000002a,"[1, 1.3125, 5]",,REFUSE
A:instanceof|9|10,Long,base_42,000000000000002a,"[1, 1.3125, 5]",BigInteger,base_42,2a,"[1, 1.3125, 5]",,REFUSE
A:instanceof|9|11,Long,base_42,000000000000002a,"[1, 1.3125, 5]",double,base_1_5,3ff8000000000000,"[1, 1.5, 0]",,REFUSE
A:instanceof|9|12,Long,base_42,000000000000002a,"[1, 1.3125, 5]",float,base_1_5,3fc00000,"[1, 1.5, 0]",,REFUSE
A:instanceof|9|13,Long,base_42,000000000000002a,"[1, 1.3125, 5]",BigDecimal,base_1_5,1.5,"[1, 1.5, 0]",,REFUSE
A:instanceof|9|14,Long,base_42,000000000000002a,"[1, 1.3125, 5]",String,base_hello,68656c6c6f,t|68656c6c6f|5|5|5,,REFUSE
A:instanceof|9|15,Long,base_42,000000000000002a,"[1, 1.3125, 5]",char[],base_hello,68656c6c6f,t|68656c6c6f|5|5|5,,REFUSE
A:instanceof|9|16,Long,base_42,000000000000002a,"[1, 1.3125, 5]",StringBuilder,base_hello,68656c6c6f,t|68656c6c6f|5|5|5,,REFUSE
A:instanceof|9|17,Long,base_42,000000000000002a,"[1, 1.3125, 5]",byte[],base_hello,68656c6c6f,t|68656c6c6f|5|5|5,,REFUSE
A:instanceof|9|18,Long,base_42,000000000000002a,"[1, 1.3125, 5]",Object[],base,"[1, 2, 3]","c|[1, 1.0, 0],[1, 1.0, 1],[1, 1.5, 1]|integer|as-sorted",,REFUSE
A:instanceof|9|19,Long,base_42,000000000000002a,"[1, 1.3125, 5]",long[],base,"[1, 2, 3]","c|[1, 1.0, 0],[1, 1.0, 1],[1, 1.5, 1]|integer|as-sorted",,REFUSE
A:instanceof|9|20,Long,base_42,000000000000002a,"[1, 1.3125, 5]",ArrayList<T>,base,"[1, 2, 3]","c|[1, 1.0, 0],[1, 1.0, 1],[1, 1.5, 1]|integer|as-sorted",,REFUSE
A:instanceof|9|21,Long,base_42,000000000000002a,"[1, 1.3125, 5]",List.of(...),base,"[1, 2, 3]","c|[1, 1.0, 0],[1, 1.0, 1],[1, 1.5, 1]|integer|as-sorted",,REFUSE
A:instanceof|9|22,Long,base_42,000000000000002a,"[1, 1.3125, 5]",LinkedList<T>,base,"[1, 2, 3]","c|[1, 1.0, 0],[1, 1.0, 1],[1, 1.5, 1]|integer|as-sorted",,REFUSE
A:instanceof|9|23,Long,base_42,000000000000002a,"[1, 1.3125, 5]",ArrayDeque<T>,base,"[1, 2, 3]","c|[1, 1.0, 0],[1, 1.0, 1],[1, 1.5, 1]|integer|as-sorted",,REFUSE
A:instanceof|9|24,Long,base_42,000000000000002a,"[1, 1.3125, 5]","HashMap<String,V>",flat,"{'a': 1, 'b': 2, 'c': 3}","c|[1, 1.0, 0],[1, 1.0, 1],[1, 1.5, 1]|text|not-applicable",,REFUSE
A:instanceof|9|25,Long,base_42,000000000000002a,"[1, 1.3125, 5]","LinkedHashMap<String,V>",flat,"{'a': 1, 'b': 2, 'c': 3}","c|[1, 1.0, 0],[1, 1.0, 1],[1, 1.5, 1]|text|not-applicable",,REFUSE
A:instanceof|9|26,Long,base_42,000000000000002a,"[1, 1.3125, 5]","TreeMap<String,V>",flat,"{'a': 1, 'b': 2, 'c': 3}","c|[1, 1.0, 0],[1, 1.0, 1],[1, 1.5, 1]|text|not-applicable",,REFUSE
A:instanceof|9|27,Long,base_42,000000000000002a,"[1, 1.3125, 5]",local record,flat,"{'a': 1, 'b': 2, 'c': 3}","c|[1, 1.0, 0],[1, 1.0, 1],[1, 1.5, 1]|text|not-applicable",,REFUSE
A:instanceof|9|28,Long,base_42,000000000000002a,"[1, 1.3125, 5]",local class with fields,flat,"{'a': 1, 'b': 2, 'c': 3}","c|[1, 1.0, 0],[1, 1.0, 1],[1, 1.5, 1]|text|not-applicable",,REFUSE
A:instanceof|9|29,Long,base_42,000000000000002a,"[1, 1.3125, 5]",List<List<Object>>,seq_in_seq,"[[1, 2], [3, 4]]","c|c|[1, 1.0, 0],[1, 1.0, 1]|integer|as-sorted,c|[1, 1.0, 2],[1, 1.5, 1]|integer|as-sorted|integer|as-sorted",,REFUSE
A:instanceof|9|30,Long,base_42,000000000000002a,"[1, 1.3125, 5]","Map<String,Object> nesting",seq_in_seq,"[[1, 2], [3, 4]]","c|c|[1, 1.0, 0],[1, 1.0, 1]|integer|as-sorted,c|[1, 1.0, 2],[1, 1.5, 1]|integer|as-sorted|integer|as-sorted",,REFUSE
A:instanceof|9|31,Long,base_42,000000000000002a,"[1, 1.3125, 5]",Object[][] of Object[],seq_in_seq,"[[1, 2], [3, 4]]","c|c|[1, 1.0, 0],[1, 1.0, 1]|integer|as-sorted,c|[1, 1.0, 2],[1, 1.5, 1]|integer|as-sorted|integer|as-sorted",,REFUSE
A:instanceof|10|0,BigInteger,base_42,2a,"[1, 1.3125, 5]",null reference,null,null,null,,REFUSE
A:instanceof|10|1,BigInteger,base_42,2a,"[1, 1.3125, 5]",Optional.empty(),null,null,null,,REFUSE
A:instanceof|10|2,BigInteger,base_42,2a,"[1, 1.3125, 5]",Void,null,null,null,,REFUSE
A:instanceof|10|3,BigInteger,base_42,2a,"[1, 1.3125, 5]",boolean,true,true,true,,REFUSE
A:instanceof|10|4,BigInteger,base_42,2a,"[1, 1.3125, 5]",Boolean,true,true,true,,REFUSE
A:instanceof|10|5,BigInteger,base_42,2a,"[1, 1.3125, 5]",short,base_42,002a,"[1, 1.3125, 5]",,REFUSE
A:instanceof|10|6,BigInteger,base_42,2a,"[1, 1.3125, 5]",int,base_42,0000002a,"[1, 1.3125, 5]",,REFUSE
A:instanceof|10|7,BigInteger,base_42,2a,"[1, 1.3125, 5]",long,base_42,000000000000002a,"[1, 1.3125, 5]",,REFUSE
A:instanceof|10|8,BigInteger,base_42,2a,"[1, 1.3125, 5]",Integer,base_42,0000002a,"[1, 1.3125, 5]",,REFUSE
A:instanceof|10|9,BigInteger,base_42,2a,"[1, 1.3125, 5]",Long,base_42,000000000000002a,"[1, 1.3125, 5]",,REFUSE
A:instanceof|10|10,BigInteger,base_42,2a,"[1, 1.3125, 5]",BigInteger,base_42,2a,"[1, 1.3125, 5]",,REFUSE
A:instanceof|10|11,BigInteger,base_42,2a,"[1, 1.3125, 5]",double,base_1_5,3ff8000000000000,"[1, 1.5, 0]",,REFUSE
A:instanceof|10|12,BigInteger,base_42,2a,"[1, 1.3125, 5]",float,base_1_5,3fc00000,"[1, 1.5, 0]",,REFUSE
A:instanceof|10|13,BigInteger,base_42,2a,"[1, 1.3125, 5]",BigDecimal,base_1_5,1.5,"[1, 1.5, 0]",,REFUSE
A:instanceof|10|14,BigInteger,base_42,2a,"[1, 1.3125, 5]",String,base_hello,68656c6c6f,t|68656c6c6f|5|5|5,,REFUSE
A:instanceof|10|15,BigInteger,base_42,2a,"[1, 1.3125, 5]",char[],base_hello,68656c6c6f,t|68656c6c6f|5|5|5,,REFUSE
A:instanceof|10|16,BigInteger,base_42,2a,"[1, 1.3125, 5]",StringBuilder,base_hello,68656c6c6f,t|68656c6c6f|5|5|5,,REFUSE
A:instanceof|10|17,BigInteger,base_42,2a,"[1, 1.3125, 5]",byte[],base_hello,68656c6c6f,t|68656c6c6f|5|5|5,,REFUSE
A:instanceof|10|18,BigInteger,base_42,2a,"[1, 1.3125, 5]",Object[],base,"[1, 2, 3]","c|[1, 1.0, 0],[1, 1.0, 1],[1, 1.5, 1]|integer|as-sorted",,REFUSE
A:instanceof|10|19,BigInteger,base_42,2a,"[1, 1.3125, 5]",long[],base,"[1, 2, 3]","c|[1, 1.0, 0],[1, 1.0, 1],[1, 1.5, 1]|integer|as-sorted",,REFUSE
A:instanceof|10|20,BigInteger,base_42,2a,"[1, 1.3125, 5]",ArrayList<T>,base,"[1, 2, 3]","c|[1, 1.0, 0],[1, 1.0, 1],[1, 1.5, 1]|integer|as-sorted",,REFUSE
A:instanceof|10|21,BigInteger,base_42,2a,"[1, 1.3125, 5]",List.of(...),base,"[1, 2, 3]","c|[1, 1.0, 0],[1, 1.0, 1],[1, 1.5, 1]|integer|as-sorted",,REFUSE
A:instanceof|10|22,BigInteger,base_42,2a,"[1, 1.3125, 5]",LinkedList<T>,base,"[1, 2, 3]","c|[1, 1.0, 0],[1, 1.0, 1],[1, 1.5, 1]|integer|as-sorted",,REFUSE
A:instanceof|10|23,BigInteger,base_42,2a,"[1, 1.3125, 5]",ArrayDeque<T>,base,"[1, 2, 3]","c|[1, 1.0, 0],[1, 1.0, 1],[1, 1.5, 1]|integer|as-sorted",,REFUSE
A:instanceof|10|24,BigInteger,base_42,2a,"[1, 1.3125, 5]","HashMap<String,V>",flat,"{'a': 1, 'b': 2, 'c': 3}","c|[1, 1.0, 0],[1, 1.0, 1],[1, 1.5, 1]|text|not-applicable",,REFUSE
A:instanceof|10|25,BigInteger,base_42,2a,"[1, 1.3125, 5]","LinkedHashMap<String,V>",flat,"{'a': 1, 'b': 2, 'c': 3}","c|[1, 1.0, 0],[1, 1.0, 1],[1, 1.5, 1]|text|not-applicable",,REFUSE
A:instanceof|10|26,BigInteger,base_42,2a,"[1, 1.3125, 5]","TreeMap<String,V>",flat,"{'a': 1, 'b': 2, 'c': 3}","c|[1, 1.0, 0],[1, 1.0, 1],[1, 1.5, 1]|text|not-applicable",,REFUSE
A:instanceof|10|27,BigInteger,base_42,2a,"[1, 1.3125, 5]",local record,flat,"{'a': 1, 'b': 2, 'c': 3}","c|[1, 1.0, 0],[1, 1.0, 1],[1, 1.5, 1]|text|not-applicable",,REFUSE
A:instanceof|10|28,BigInteger,base_42,2a,"[1, 1.3125, 5]",local class with fields,flat,"{'a': 1, 'b': 2, 'c': 3}","c|[1, 1.0, 0],[1, 1.0, 1],[1, 1.5, 1]|text|not-applicable",,REFUSE
A:instanceof|10|29,BigInteger,base_42,2a,"[1, 1.3125, 5]",List<List<Object>>,seq_in_seq,"[[1, 2], [3, 4]]","c|c|[1, 1.0, 0],[1, 1.0, 1]|integer|as-sorted,c|[1, 1.0, 2],[1, 1.5, 1]|integer|as-sorted|integer|as-sorted",,REFUSE
A:instanceof|10|30,BigInteger,base_42,2a,"[1, 1.3125, 5]","Map<String,Object> nesting",seq_in_seq,"[[1, 2], [3, 4]]","c|c|[1, 1.0, 0],[1, 1.0, 1]|integer|as-sorted,c|[1, 1.0, 2],[1, 1.5, 1]|integer|as-sorted|integer|as-sorted",,REFUSE
A:instanceof|10|31,BigInteger,base_42,2a,"[1, 1.3125, 5]",Object[][] of Object[],seq_in_seq,"[[1, 2], [3, 4]]","c|c|[1, 1.0, 0],[1, 1.0, 1]|integer|as-sorted,c|[1, 1.0, 2],[1, 1.5, 1]|integer|as-sorted|integer|as-sorted",,REFUSE
A:instanceof|11|0,double,base_1_5,3ff8000000000000,"[1, 1.5, 0]",null reference,null,null,null,,REFUSE
A:instanceof|11|1,double,base_1_5,3ff8000000000000,"[1, 1.5, 0]",Optional.empty(),null,null,null,,REFUSE
A:instanceof|11|2,double,base_1_5,3ff8000000000000,"[1, 1.5, 0]",Void,null,null,null,,REFUSE
A:instanceof|11|3,double,base_1_5,3ff8000000000000,"[1, 1.5, 0]",boolean,true,true,true,,REFUSE
A:instanceof|11|4,double,base_1_5,3ff8000000000000,"[1, 1.5, 0]",Boolean,true,true,true,,REFUSE
A:instanceof|11|5,double,base_1_5,3ff8000000000000,"[1, 1.5, 0]",short,base_42,002a,"[1, 1.3125, 5]",,REFUSE
A:instanceof|11|6,double,base_1_5,3ff8000000000000,"[1, 1.5, 0]",int,base_42,0000002a,"[1, 1.3125, 5]",,REFUSE
A:instanceof|11|7,double,base_1_5,3ff8000000000000,"[1, 1.5, 0]",long,base_42,000000000000002a,"[1, 1.3125, 5]",,REFUSE
A:instanceof|11|8,double,base_1_5,3ff8000000000000,"[1, 1.5, 0]",Integer,base_42,0000002a,"[1, 1.3125, 5]",,REFUSE
A:instanceof|11|9,double,base_1_5,3ff8000000000000,"[1, 1.5, 0]",Long,base_42,000000000000002a,"[1, 1.3125, 5]",,REFUSE
A:instanceof|11|10,double,base_1_5,3ff8000000000000,"[1, 1.5, 0]",BigInteger,base_42,2a,"[1, 1.3125, 5]",,REFUSE
A:instanceof|11|11,double,base_1_5,3ff8000000000000,"[1, 1.5, 0]",double,base_1_5,3ff8000000000000,"[1, 1.5, 0]",,REFUSE
A:instanceof|11|12,double,base_1_5,3ff8000000000000,"[1, 1.5, 0]",float,base_1_5,3fc00000,"[1, 1.5, 0]",,REFUSE
A:instanceof|11|13,double,base_1_5,3ff8000000000000,"[1, 1.5, 0]",BigDecimal,base_1_5,1.5,"[1, 1.5, 0]",,REFUSE
A:instanceof|11|14,double,base_1_5,3ff8000000000000,"[1, 1.5, 0]",String,base_hello,68656c6c6f,t|68656c6c6f|5|5|5,,REFUSE
A:instanceof|11|15,double,base_1_5,3ff8000000000000,"[1, 1.5, 0]",char[],base_hello,68656c6c6f,t|68656c6c6f|5|5|5,,REFUSE
A:instanceof|11|16,double,base_1_5,3ff8000000000000,"[1, 1.5, 0]",StringBuilder,base_hello,68656c6c6f,t|68656c6c6f|5|5|5,,REFUSE
A:instanceof|11|17,double,base_1_5,3ff8000000000000,"[1, 1.5, 0]",byte[],base_hello,68656c6c6f,t|68656c6c6f|5|5|5,,REFUSE
A:instanceof|11|18,double,base_1_5,3ff8000000000000,"[1, 1.5, 0]",Object[],base,"[1, 2, 3]","c|[1, 1.0, 0],[1, 1.0, 1],[1, 1.5, 1]|integer|as-sorted",,REFUSE
A:instanceof|11|19,double,base_1_5,3ff8000000000000,"[1, 1.5, 0]",long[],base,"[1, 2, 3]","c|[1, 1.0, 0],[1, 1.0, 1],[1, 1.5, 1]|integer|as-sorted",,REFUSE
A:instanceof|11|20,double,base_1_5,3ff8000000000000,"[1, 1.5, 0]",ArrayList<T>,base,"[1, 2, 3]","c|[1, 1.0, 0],[1, 1.0, 1],[1, 1.5, 1]|integer|as-sorted",,REFUSE
A:instanceof|11|21,double,base_1_5,3ff8000000000000,"[1, 1.5, 0]",List.of(...),base,"[1, 2, 3]","c|[1, 1.0, 0],[1, 1.0, 1],[1, 1.5, 1]|integer|as-sorted",,REFUSE
A:instanceof|11|22,double,base_1_5,3ff8000000000000,"[1, 1.5, 0]",LinkedList<T>,base,"[1, 2, 3]","c|[1, 1.0, 0],[1, 1.0, 1],[1, 1.5, 1]|integer|as-sorted",,REFUSE
A:instanceof|11|23,double,base_1_5,3ff8000000000000,"[1, 1.5, 0]",ArrayDeque<T>,base,"[1, 2, 3]","c|[1, 1.0, 0],[1, 1.0, 1],[1, 1.5, 1]|integer|as-sorted",,REFUSE
A:instanceof|11|24,double,base_1_5,3ff8000000000000,"[1, 1.5, 0]","HashMap<String,V>",flat,"{'a': 1, 'b': 2, 'c': 3}","c|[1, 1.0, 0],[1, 1.0, 1],[1, 1.5, 1]|text|not-applicable",,REFUSE
A:instanceof|11|25,double,base_1_5,3ff8000000000000,"[1, 1.5, 0]","LinkedHashMap<String,V>",flat,"{'a': 1, 'b': 2, 'c': 3}","c|[1, 1.0, 0],[1, 1.0, 1],[1, 1.5, 1]|text|not-applicable",,REFUSE
A:instanceof|11|26,double,base_1_5,3ff8000000000000,"[1, 1.5, 0]","TreeMap<String,V>",flat,"{'a': 1, 'b': 2, 'c': 3}","c|[1, 1.0, 0],[1, 1.0, 1],[1, 1.5, 1]|text|not-applicable",,REFUSE
A:instanceof|11|27,double,base_1_5,3ff8000000000000,"[1, 1.5, 0]",local record,flat,"{'a': 1, 'b': 2, 'c': 3}","c|[1, 1.0, 0],[1, 1.0, 1],[1, 1.5, 1]|text|not-applicable",,REFUSE
A:instanceof|11|28,double,base_1_5,3ff8000000000000,"[1, 1.5, 0]",local class with fields,flat,"{'a': 1, 'b': 2, 'c': 3}","c|[1, 1.0, 0],[1, 1.0, 1],[1, 1.5, 1]|text|not-applicable",,REFUSE
A:instanceof|11|29,double,base_1_5,3ff8000000000000,"[1, 1.5, 0]",List<List<Object>>,seq_in_seq,"[[1, 2], [3, 4]]","c|c|[1, 1.0, 0],[1, 1.0, 1]|integer|as-sorted,c|[1, 1.0, 2],[1, 1.5, 1]|integer|as-sorted|integer|as-sorted",,REFUSE
A:instanceof|11|30,double,base_1_5,3ff8000000000000,"[1, 1.5, 0]","Map<String,Object> nesting",seq_in_seq,"[[1, 2], [3, 4]]","c|c|[1, 1.0, 0],[1, 1.0, 1]|integer|as-sorted,c|[1, 1.0, 2],[1, 1.5, 1]|integer|as-sorted|integer|as-sorted",,REFUSE
A:instanceof|11|31,double,base_1_5,3ff8000000000000,"[1, 1.5, 0]",Object[][] of Object[],seq_in_seq,"[[1, 2], [3, 4]]","c|c|[1, 1.0, 0],[1, 1.0, 1]|integer|as-sorted,c|[1, 1.0, 2],[1, 1.5, 1]|integer|as-sorted|integer|as-sorted",,REFUSE
A:instanceof|12|0,float,base_1_5,3fc00000,"[1, 1.5, 0]",null reference,null,null,null,,REFUSE
A:instanceof|12|1,float,base_1_5,3fc00000,"[1, 1.5, 0]",Optional.empty(),null,null,null,,REFUSE
A:instanceof|12|2,float,base_1_5,3fc00000,"[1, 1.5, 0]",Void,null,null,null,,REFUSE
A:instanceof|12|3,float,base_1_5,3fc00000,"[1, 1.5, 0]",boolean,true,true,true,,REFUSE
A:instanceof|12|4,float,base_1_5,3fc00000,"[1, 1.5, 0]",Boolean,true,true,true,,REFUSE
A:instanceof|12|5,float,base_1_5,3fc00000,"[1, 1.5, 0]",short,base_42,002a,"[1, 1.3125, 5]",,REFUSE
A:instanceof|12|6,float,base_1_5,3fc00000,"[1, 1.5, 0]",int,base_42,0000002a,"[1, 1.3125, 5]",,REFUSE
A:instanceof|12|7,float,base_1_5,3fc00000,"[1, 1.5, 0]",long,base_42,000000000000002a,"[1, 1.3125, 5]",,REFUSE
A:instanceof|12|8,float,base_1_5,3fc00000,"[1, 1.5, 0]",Integer,base_42,0000002a,"[1, 1.3125, 5]",,REFUSE
A:instanceof|12|9,float,base_1_5,3fc00000,"[1, 1.5, 0]",Long,base_42,000000000000002a,"[1, 1.3125, 5]",,REFUSE
A:instanceof|12|10,float,base_1_5,3fc00000,"[1, 1.5, 0]",BigInteger,base_42,2a,"[1, 1.3125, 5]",,REFUSE
A:instanceof|12|11,float,base_1_5,3fc00000,"[1, 1.5, 0]",double,base_1_5,3ff8000000000000,"[1, 1.5, 0]",,REFUSE
A:instanceof|12|12,float,base_1_5,3fc00000,"[1, 1.5, 0]",float,base_1_5,3fc00000,"[1, 1.5, 0]",,REFUSE
A:instanceof|12|13,float,base_1_5,3fc00000,"[1, 1.5, 0]",BigDecimal,base_1_5,1.5,"[1, 1.5, 0]",,REFUSE
A:instanceof|12|14,float,base_1_5,3fc00000,"[1, 1.5, 0]",String,base_hello,68656c6c6f,t|68656c6c6f|5|5|5,,REFUSE
A:instanceof|12|15,float,base_1_5,3fc00000,"[1, 1.5, 0]",char[],base_hello,68656c6c6f,t|68656c6c6f|5|5|5,,REFUSE
A:instanceof|12|16,float,base_1_5,3fc00000,"[1, 1.5, 0]",StringBuilder,base_hello,68656c6c6f,t|68656c6c6f|5|5|5,,REFUSE
A:instanceof|12|17,float,base_1_5,3fc00000,"[1, 1.5, 0]",byte[],base_hello,68656c6c6f,t|68656c6c6f|5|5|5,,REFUSE
A:instanceof|12|18,float,base_1_5,3fc00000,"[1, 1.5, 0]",Object[],base,"[1, 2, 3]","c|[1, 1.0, 0],[1, 1.0, 1],[1, 1.5, 1]|integer|as-sorted",,REFUSE
A:instanceof|12|19,float,base_1_5,3fc00000,"[1, 1.5, 0]",long[],base,"[1, 2, 3]","c|[1, 1.0, 0],[1, 1.0, 1],[1, 1.5, 1]|integer|as-sorted",,REFUSE
A:instanceof|12|20,float,base_1_5,3fc00000,"[1, 1.5, 0]",ArrayList<T>,base,"[1, 2, 3]","c|[1, 1.0, 0],[1, 1.0, 1],[1, 1.5, 1]|integer|as-sorted",,REFUSE
A:instanceof|12|21,float,base_1_5,3fc00000,"[1, 1.5, 0]",List.of(...),base,"[1, 2, 3]","c|[1, 1.0, 0],[1, 1.0, 1],[1, 1.5, 1]|integer|as-sorted",,REFUSE
A:instanceof|12|22,float,base_1_5,3fc00000,"[1, 1.5, 0]",LinkedList<T>,base,"[1, 2, 3]","c|[1, 1.0, 0],[1, 1.0, 1],[1, 1.5, 1]|integer|as-sorted",,REFUSE
A:instanceof|12|23,float,base_1_5,3fc00000,"[1, 1.5, 0]",ArrayDeque<T>,base,"[1, 2, 3]","c|[1, 1.0, 0],[1, 1.0, 1],[1, 1.5, 1]|integer|as-sorted",,REFUSE
A:instanceof|12|24,float,base_1_5,3fc00000,"[1, 1.5, 0]","HashMap<String,V>",flat,"{'a': 1, 'b': 2, 'c': 3}","c|[1, 1.0, 0],[1, 1.0, 1],[1, 1.5, 1]|text|not-applicable",,REFUSE
A:instanceof|12|25,float,base_1_5,3fc00000,"[1, 1.5, 0]","LinkedHashMap<String,V>",flat,"{'a': 1, 'b': 2, 'c': 3}","c|[1, 1.0, 0],[1, 1.0, 1],[1, 1.5, 1]|text|not-applicable",,REFUSE
A:instanceof|12|26,float,base_1_5,3fc00000,"[1, 1.5, 0]","TreeMap<String,V>",flat,"{'a': 1, 'b': 2, 'c': 3}","c|[1, 1.0, 0],[1, 1.0, 1],[1, 1.5, 1]|text|not-applicable",,REFUSE
A:instanceof|12|27,float,base_1_5,3fc00000,"[1, 1.5, 0]",local record,flat,"{'a': 1, 'b': 2, 'c': 3}","c|[1, 1.0, 0],[1, 1.0, 1],[1, 1.5, 1]|text|not-applicable",,REFUSE
A:instanceof|12|28,float,base_1_5,3fc00000,"[1, 1.5, 0]",local class with fields,flat,"{'a': 1, 'b': 2, 'c': 3}","c|[1, 1.0, 0],[1, 1.0, 1],[1, 1.5, 1]|text|not-applicable",,REFUSE
A:instanceof|12|29,float,base_1_5,3fc00000,"[1, 1.5, 0]",List<List<Object>>,seq_in_seq,"[[1, 2], [3, 4]]","c|c|[1, 1.0, 0],[1, 1.0, 1]|integer|as-sorted,c|[1, 1.0, 2],[1, 1.5, 1]|integer|as-sorted|integer|as-sorted",,REFUSE
A:instanceof|12|30,float,base_1_5,3fc00000,"[1, 1.5, 0]","Map<String,Object> nesting",seq_in_seq,"[[1, 2], [3, 4]]","c|c|[1, 1.0, 0],[1, 1.0, 1]|integer|as-sorted,c|[1, 1.0, 2],[1, 1.5, 1]|integer|as-sorted|integer|as-sorted",,REFUSE
A:instanceof|12|31,float,base_1_5,3fc00000,"[1, 1.5, 0]",Object[][] of Object[],seq_in_seq,"[[1, 2], [3, 4]]","c|c|[1, 1.0, 0],[1, 1.0, 1]|integer|as-sorted,c|[1, 1.0, 2],[1, 1.5, 1]|integer|as-sorted|integer|as-sorted",,REFUSE
A:instanceof|13|0,BigDecimal,base_1_5,1.5,"[1, 1.5, 0]",null reference,null,null,null,,REFUSE
A:instanceof|13|1,BigDecimal,base_1_5,1.5,"[1, 1.5, 0]",Optional.empty(),null,null,null,,REFUSE
A:instanceof|13|2,BigDecimal,base_1_5,1.5,"[1, 1.5, 0]",Void,null,null,null,,REFUSE
A:instanceof|13|3,BigDecimal,base_1_5,1.5,"[1, 1.5, 0]",boolean,true,true,true,,REFUSE
A:instanceof|13|4,BigDecimal,base_1_5,1.5,"[1, 1.5, 0]",Boolean,true,true,true,,REFUSE
A:instanceof|13|5,BigDecimal,base_1_5,1.5,"[1, 1.5, 0]",short,base_42,002a,"[1, 1.3125, 5]",,REFUSE
A:instanceof|13|6,BigDecimal,base_1_5,1.5,"[1, 1.5, 0]",int,base_42,0000002a,"[1, 1.3125, 5]",,REFUSE
A:instanceof|13|7,BigDecimal,base_1_5,1.5,"[1, 1.5, 0]",long,base_42,000000000000002a,"[1, 1.3125, 5]",,REFUSE
A:instanceof|13|8,BigDecimal,base_1_5,1.5,"[1, 1.5, 0]",Integer,base_42,0000002a,"[1, 1.3125, 5]",,REFUSE
A:instanceof|13|9,BigDecimal,base_1_5,1.5,"[1, 1.5, 0]",Long,base_42,000000000000002a,"[1, 1.3125, 5]",,REFUSE
A:instanceof|13|10,BigDecimal,base_1_5,1.5,"[1, 1.5, 0]",BigInteger,base_42,2a,"[1, 1.3125, 5]",,REFUSE
A:instanceof|13|11,BigDecimal,base_1_5,1.5,"[1, 1.5, 0]",double,base_1_5,3ff8000000000000,"[1, 1.5, 0]",,REFUSE
A:instanceof|13|12,BigDecimal,base_1_5,1.5,"[1, 1.5, 0]",float,base_1_5,3fc00000,"[1, 1.5, 0]",,REFUSE
A:instanceof|13|13,BigDecimal,base_1_5,1.5,"[1, 1.5, 0]",BigDecimal,base_1_5,1.5,"[1, 1.5, 0]",,REFUSE
A:instanceof|13|14,BigDecimal,base_1_5,1.5,"[1, 1.5, 0]",String,base_hello,68656c6c6f,t|68656c6c6f|5|5|5,,REFUSE
A:instanceof|13|15,BigDecimal,base_1_5,1.5,"[1, 1.5, 0]",char[],base_hello,68656c6c6f,t|68656c6c6f|5|5|5,,REFUSE
A:instanceof|13|16,BigDecimal,base_1_5,1.5,"[1, 1.5, 0]",StringBuilder,base_hello,68656c6c6f,t|68656c6c6f|5|5|5,,REFUSE
A:instanceof|13|17,BigDecimal,base_1_5,1.5,"[1, 1.5, 0]",byte[],base_hello,68656c6c6f,t|68656c6c6f|5|5|5,,REFUSE
A:instanceof|13|18,BigDecimal,base_1_5,1.5,"[1, 1.5, 0]",Object[],base,"[1, 2, 3]","c|[1, 1.0, 0],[1, 1.0, 1],[1, 1.5, 1]|integer|as-sorted",,REFUSE
A:instanceof|13|19,BigDecimal,base_1_5,1.5,"[1, 1.5, 0]",long[],base,"[1, 2, 3]","c|[1, 1.0, 0],[1, 1.0, 1],[1, 1.5, 1]|integer|as-sorted",,REFUSE
A:instanceof|13|20,BigDecimal,base_1_5,1.5,"[1, 1.5, 0]",ArrayList<T>,base,"[1, 2, 3]","c|[1, 1.0, 0],[1, 1.0, 1],[1, 1.5, 1]|integer|as-sorted",,REFUSE
A:instanceof|13|21,BigDecimal,base_1_5,1.5,"[1, 1.5, 0]",List.of(...),base,"[1, 2, 3]","c|[1, 1.0, 0],[1, 1.0, 1],[1, 1.5, 1]|integer|as-sorted",,REFUSE
A:instanceof|13|22,BigDecimal,base_1_5,1.5,"[1, 1.5, 0]",LinkedList<T>,base,"[1, 2, 3]","c|[1, 1.0, 0],[1, 1.0, 1],[1, 1.5, 1]|integer|as-sorted",,REFUSE
A:instanceof|13|23,BigDecimal,base_1_5,1.5,"[1, 1.5, 0]",ArrayDeque<T>,base,"[1, 2, 3]","c|[1, 1.0, 0],[1, 1.0, 1],[1, 1.5, 1]|integer|as-sorted",,REFUSE
A:instanceof|13|24,BigDecimal,base_1_5,1.5,"[1, 1.5, 0]","HashMap<String,V>",flat,"{'a': 1, 'b': 2, 'c': 3}","c|[1, 1.0, 0],[1, 1.0, 1],[1, 1.5, 1]|text|not-applicable",,REFUSE
A:instanceof|13|25,BigDecimal,base_1_5,1.5,"[1, 1.5, 0]","LinkedHashMap<String,V>",flat,"{'a': 1, 'b': 2, 'c': 3}","c|[1, 1.0, 0],[1, 1.0, 1],[1, 1.5, 1]|text|not-applicable",,REFUSE
A:instanceof|13|26,BigDecimal,base_1_5,1.5,"[1, 1.5, 0]","TreeMap<String,V>",flat,"{'a': 1, 'b': 2, 'c': 3}","c|[1, 1.0, 0],[1, 1.0, 1],[1, 1.5, 1]|text|not-applicable",,REFUSE
A:instanceof|13|27,BigDecimal,base_1_5,1.5,"[1, 1.5, 0]",local record,flat,"{'a': 1, 'b': 2, 'c': 3}","c|[1, 1.0, 0],[1, 1.0, 1],[1, 1.5, 1]|text|not-applicable",,REFUSE
A:instanceof|13|28,BigDecimal,base_1_5,1.5,"[1, 1.5, 0]",local class with fields,flat,"{'a': 1, 'b': 2, 'c': 3}","c|[1, 1.0, 0],[1, 1.0, 1],[1, 1.5, 1]|text|not-applicable",,REFUSE
A:instanceof|13|29,BigDecimal,base_1_5,1.5,"[1, 1.5, 0]",List<List<Object>>,seq_in_seq,"[[1, 2], [3, 4]]","c|c|[1, 1.0, 0],[1, 1.0, 1]|integer|as-sorted,c|[1, 1.0, 2],[1, 1.5, 1]|integer|as-sorted|integer|as-sorted",,REFUSE
A:instanceof|13|30,BigDecimal,base_1_5,1.5,"[1, 1.5, 0]","Map<String,Object> nesting",seq_in_seq,"[[1, 2], [3, 4]]","c|c|[1, 1.0, 0],[1, 1.0, 1]|integer|as-sorted,c|[1, 1.0, 2],[1, 1.5, 1]|integer|as-sorted|integer|as-sorted",,REFUSE
A:instanceof|13|31,BigDecimal,base_1_5,1.5,"[1, 1.5, 0]",Object[][] of Object[],seq_in_seq,"[[1, 2], [3, 4]]","c|c|[1, 1.0, 0],[1, 1.0, 1]|integer|as-sorted,c|[1, 1.0, 2],[1, 1.5, 1]|integer|as-sorted|integer|as-sorted",,REFUSE
A:instanceof|14|0,String,base_hello,68656c6c6f,t|68656c6c6f|5|5|5,null reference,null,null,null,,REFUSE
A:instanceof|14|1,String,base_hello,68656c6c6f,t|68656c6c6f|5|5|5,Optional.empty(),null,null,null,,REFUSE
A:instanceof|14|2,String,base_hello,68656c6c6f,t|68656c6c6f|5|5|5,Void,null,null,null,,REFUSE
A:instanceof|14|3,String,base_hello,68656c6c6f,t|68656c6c6f|5|5|5,boolean,true,true,true,,REFUSE
A:instanceof|14|4,String,base_hello,68656c6c6f,t|68656c6c6f|5|5|5,Boolean,true,true,true,,REFUSE
A:instanceof|14|5,String,base_hello,68656c6c6f,t|68656c6c6f|5|5|5,short,base_42,002a,"[1, 1.3125, 5]",,REFUSE
A:instanceof|14|6,String,base_hello,68656c6c6f,t|68656c6c6f|5|5|5,int,base_42,0000002a,"[1, 1.3125, 5]",,REFUSE
A:instanceof|14|7,String,base_hello,68656c6c6f,t|68656c6c6f|5|5|5,long,base_42,000000000000002a,"[1, 1.3125, 5]",,REFUSE
A:instanceof|14|8,String,base_hello,68656c6c6f,t|68656c6c6f|5|5|5,Integer,base_42,0000002a,"[1, 1.3125, 5]",,REFUSE
A:instanceof|14|9,String,base_hello,68656c6c6f,t|68656c6c6f|5|5|5,Long,base_42,000000000000002a,"[1, 1.3125, 5]",,REFUSE
A:instanceof|14|10,String,base_hello,68656c6c6f,t|68656c6c6f|5|5|5,BigInteger,base_42,2a,"[1, 1.3125, 5]",,REFUSE
A:instanceof|14|11,String,base_hello,68656c6c6f,t|68656c6c6f|5|5|5,double,base_1_5,3ff8000000000000,"[1, 1.5, 0]",,REFUSE
A:instanceof|14|12,String,base_hello,68656c6c6f,t|68656c6c6f|5|5|5,float,base_1_5,3fc00000,"[1, 1.5, 0]",,REFUSE
A:instanceof|14|13,String,base_hello,68656c6c6f,t|68656c6c6f|5|5|5,BigDecimal,base_1_5,1.5,"[1, 1.5, 0]",,REFUSE
A:instanceof|14|14,String,base_hello,68656c6c6f,t|68656c6c6f|5|5|5,String,base_hello,68656c6c6f,t|68656c6c6f|5|5|5,,REFUSE
A:instanceof|14|15,String,base_hello,68656c6c6f,t|68656c6c6f|5|5|5,char[],base_hello,68656c6c6f,t|68656c6c6f|5|5|5,,REFUSE
A:instanceof|14|16,String,base_hello,68656c6c6f,t|68656c6c6f|5|5|5,StringBuilder,base_hello,68656c6c6f,t|68656c6c6f|5|5|5,,REFUSE
A:instanceof|14|17,String,base_hello,68656c6c6f,t|68656c6c6f|5|5|5,byte[],base_hello,68656c6c6f,t|68656c6c6f|5|5|5,,REFUSE
A:instanceof|14|18,String,base_hello,68656c6c6f,t|68656c6c6f|5|5|5,Object[],base,"[1, 2, 3]","c|[1, 1.0, 0],[1, 1.0, 1],[1, 1.5, 1]|integer|as-sorted",,REFUSE
A:instanceof|14|19,String,base_hello,68656c6c6f,t|68656c6c6f|5|5|5,long[],base,"[1, 2, 3]","c|[1, 1.0, 0],[1, 1.0, 1],[1, 1.5, 1]|integer|as-sorted",,REFUSE
A:instanceof|14|20,String,base_hello,68656c6c6f,t|68656c6c6f|5|5|5,ArrayList<T>,base,"[1, 2, 3]","c|[1, 1.0, 0],[1, 1.0, 1],[1, 1.5, 1]|integer|as-sorted",,REFUSE
A:instanceof|14|21,String,base_hello,68656c6c6f,t|68656c6c6f|5|5|5,List.of(...),base,"[1, 2, 3]","c|[1, 1.0, 0],[1, 1.0, 1],[1, 1.5, 1]|integer|as-sorted",,REFUSE
A:instanceof|14|22,String,base_hello,68656c6c6f,t|68656c6c6f|5|5|5,LinkedList<T>,base,"[1, 2, 3]","c|[1, 1.0, 0],[1, 1.0, 1],[1, 1.5, 1]|integer|as-sorted",,REFUSE
A:instanceof|14|23,String,base_hello,68656c6c6f,t|68656c6c6f|5|5|5,ArrayDeque<T>,base,"[1, 2, 3]","c|[1, 1.0, 0],[1, 1.0, 1],[1, 1.5, 1]|integer|as-sorted",,REFUSE
A:instanceof|14|24,String,base_hello,68656c6c6f,t|68656c6c6f|5|5|5,"HashMap<String,V>",flat,"{'a': 1, 'b': 2, 'c': 3}","c|[1, 1.0, 0],[1, 1.0, 1],[1, 1.5, 1]|text|not-applicable",,REFUSE
A:instanceof|14|25,String,base_hello,68656c6c6f,t|68656c6c6f|5|5|5,"LinkedHashMap<String,V>",flat,"{'a': 1, 'b': 2, 'c': 3}","c|[1, 1.0, 0],[1, 1.0, 1],[1, 1.5, 1]|text|not-applicable",,REFUSE
A:instanceof|14|26,String,base_hello,68656c6c6f,t|68656c6c6f|5|5|5,"TreeMap<String,V>",flat,"{'a': 1, 'b': 2, 'c': 3}","c|[1, 1.0, 0],[1, 1.0, 1],[1, 1.5, 1]|text|not-applicable",,REFUSE
A:instanceof|14|27,String,base_hello,68656c6c6f,t|68656c6c6f|5|5|5,local record,flat,"{'a': 1, 'b': 2, 'c': 3}","c|[1, 1.0, 0],[1, 1.0, 1],[1, 1.5, 1]|text|not-applicable",,REFUSE
A:instanceof|14|28,String,base_hello,68656c6c6f,t|68656c6c6f|5|5|5,local class with fields,flat,"{'a': 1, 'b': 2, 'c': 3}","c|[1, 1.0, 0],[1, 1.0, 1],[1, 1.5, 1]|text|not-applicable",,REFUSE
A:instanceof|14|29,String,base_hello,68656c6c6f,t|68656c6c6f|5|5|5,List<List<Object>>,seq_in_seq,"[[1, 2], [3, 4]]","c|c|[1, 1.0, 0],[1, 1.0, 1]|integer|as-sorted,c|[1, 1.0, 2],[1, 1.5, 1]|integer|as-sorted|integer|as-sorted",,REFUSE
A:instanceof|14|30,String,base_hello,68656c6c6f,t|68656c6c6f|5|5|5,"Map<String,Object> nesting",seq_in_seq,"[[1, 2], [3, 4]]","c|c|[1, 1.0, 0],[1, 1.0, 1]|integer|as-sorted,c|[1, 1.0, 2],[1, 1.5, 1]|integer|as-sorted|integer|as-sorted",,REFUSE
A:instanceof|14|31,String,base_hello,68656c6c6f,t|68656c6c6f|5|5|5,Object[][] of Object[],seq_in_seq,"[[1, 2], [3, 4]]","c|c|[1, 1.0, 0],[1, 1.0, 1]|integer|as-sorted,c|[1, 1.0, 2],[1, 1.5, 1]|integer|as-sorted|integer|as-sorted",,REFUSE
A:instanceof|15|0,char[],base_hello,68656c6c6f,t|68656c6c6f|5|5|5,null reference,null,null,null,,REFUSE
A:instanceof|15|1,char[],base_hello,68656c6c6f,t|68656c6c6f|5|5|5,Optional.empty(),null,null,null,,REFUSE
A:instanceof|15|2,char[],base_hello,68656c6c6f,t|68656c6c6f|5|5|5,Void,null,null,null,,REFUSE
A:instanceof|15|3,char[],base_hello,68656c6c6f,t|68656c6c6f|5|5|5,boolean,true,true,true,,REFUSE
A:instanceof|15|4,char[],base_hello,68656c6c6f,t|68656c6c6f|5|5|5,Boolean,true,true,true,,REFUSE
A:instanceof|15|5,char[],base_hello,68656c6c6f,t|68656c6c6f|5|5|5,short,base_42,002a,"[1, 1.3125, 5]",,REFUSE
A:instanceof|15|6,char[],base_hello,68656c6c6f,t|68656c6c6f|5|5|5,int,base_42,0000002a,"[1, 1.3125, 5]",,REFUSE
A:instanceof|15|7,char[],base_hello,68656c6c6f,t|68656c6c6f|5|5|5,long,base_42,000000000000002a,"[1, 1.3125, 5]",,REFUSE
A:instanceof|15|8,char[],base_hello,68656c6c6f,t|68656c6c6f|5|5|5,Integer,base_42,0000002a,"[1, 1.3125, 5]",,REFUSE
A:instanceof|15|9,char[],base_hello,68656c6c6f,t|68656c6c6f|5|5|5,Long,base_42,000000000000002a,"[1, 1.3125, 5]",,REFUSE
A:instanceof|15|10,char[],base_hello,68656c6c6f,t|68656c6c6f|5|5|5,BigInteger,base_42,2a,"[1, 1.3125, 5]",,REFUSE
A:instanceof|15|11,char[],base_hello,68656c6c6f,t|68656c6c6f|5|5|5,double,base_1_5,3ff8000000000000,"[1, 1.5, 0]",,REFUSE
A:instanceof|15|12,char[],base_hello,68656c6c6f,t|68656c6c6f|5|5|5,float,base_1_5,3fc00000,"[1, 1.5, 0]",,REFUSE
A:instanceof|15|13,char[],base_hello,68656c6c6f,t|68656c6c6f|5|5|5,BigDecimal,base_1_5,1.5,"[1, 1.5, 0]",,REFUSE
A:instanceof|15|14,char[],base_hello,68656c6c6f,t|68656c6c6f|5|5|5,String,base_hello,68656c6c6f,t|68656c6c6f|5|5|5,,REFUSE
A:instanceof|15|15,char[],base_hello,68656c6c6f,t|68656c6c6f|5|5|5,char[],base_hello,68656c6c6f,t|68656c6c6f|5|5|5,,REFUSE
A:instanceof|15|16,char[],base_hello,68656c6c6f,t|68656c6c6f|5|5|5,StringBuilder,base_hello,68656c6c6f,t|68656c6c6f|5|5|5,,REFUSE
A:instanceof|15|17,char[],base_hello,68656c6c6f,t|68656c6c6f|5|5|5,byte[],base_hello,68656c6c6f,t|68656c6c6f|5|5|5,,REFUSE
A:instanceof|15|18,char[],base_hello,68656c6c6f,t|68656c6c6f|5|5|5,Object[],base,"[1, 2, 3]","c|[1, 1.0, 0],[1, 1.0, 1],[1, 1.5, 1]|integer|as-sorted",,REFUSE
A:instanceof|15|19,char[],base_hello,68656c6c6f,t|68656c6c6f|5|5|5,long[],base,"[1, 2, 3]","c|[1, 1.0, 0],[1, 1.0, 1],[1, 1.5, 1]|integer|as-sorted",,REFUSE
A:instanceof|15|20,char[],base_hello,68656c6c6f,t|68656c6c6f|5|5|5,ArrayList<T>,base,"[1, 2, 3]","c|[1, 1.0, 0],[1, 1.0, 1],[1, 1.5, 1]|integer|as-sorted",,REFUSE
A:instanceof|15|21,char[],base_hello,68656c6c6f,t|68656c6c6f|5|5|5,List.of(...),base,"[1, 2, 3]","c|[1, 1.0, 0],[1, 1.0, 1],[1, 1.5, 1]|integer|as-sorted",,REFUSE
A:instanceof|15|22,char[],base_hello,68656c6c6f,t|68656c6c6f|5|5|5,LinkedList<T>,base,"[1, 2, 3]","c|[1, 1.0, 0],[1, 1.0, 1],[1, 1.5, 1]|integer|as-sorted",,REFUSE
A:instanceof|15|23,char[],base_hello,68656c6c6f,t|68656c6c6f|5|5|5,ArrayDeque<T>,base,"[1, 2, 3]","c|[1, 1.0, 0],[1, 1.0, 1],[1, 1.5, 1]|integer|as-sorted",,REFUSE
A:instanceof|15|24,char[],base_hello,68656c6c6f,t|68656c6c6f|5|5|5,"HashMap<String,V>",flat,"{'a': 1, 'b': 2, 'c': 3}","c|[1, 1.0, 0],[1, 1.0, 1],[1, 1.5, 1]|text|not-applicable",,REFUSE
A:instanceof|15|25,char[],base_hello,68656c6c6f,t|68656c6c6f|5|5|5,"LinkedHashMap<String,V>",flat,"{'a': 1, 'b': 2, 'c': 3}","c|[1, 1.0, 0],[1, 1.0, 1],[1, 1.5, 1]|text|not-applicable",,REFUSE
A:instanceof|15|26,char[],base_hello,68656c6c6f,t|68656c6c6f|5|5|5,"TreeMap<String,V>",flat,"{'a': 1, 'b': 2, 'c': 3}","c|[1, 1.0, 0],[1, 1.0, 1],[1, 1.5, 1]|text|not-applicable",,REFUSE
A:instanceof|15|27,char[],base_hello,68656c6c6f,t|68656c6c6f|5|5|5,local record,flat,"{'a': 1, 'b': 2, 'c': 3}","c|[1, 1.0, 0],[1, 1.0, 1],[1, 1.5, 1]|text|not-applicable",,REFUSE
A:instanceof|15|28,char[],base_hello,68656c6c6f,t|68656c6c6f|5|5|5,local class with fields,flat,"{'a': 1, 'b': 2, 'c': 3}","c|[1, 1.0, 0],[1, 1.0, 1],[1, 1.5, 1]|text|not-applicable",,REFUSE
A:instanceof|15|29,char[],base_hello,68656c6c6f,t|68656c6c6f|5|5|5,List<List<Object>>,seq_in_seq,"[[1, 2], [3, 4]]","c|c|[1, 1.0, 0],[1, 1.0, 1]|integer|as-sorted,c|[1, 1.0, 2],[1, 1.5, 1]|integer|as-sorted|integer|as-sorted",,REFUSE
A:instanceof|15|30,char[],base_hello,68656c6c6f,t|68656c6c6f|5|5|5,"Map<String,Object> nesting",seq_in_seq,"[[1, 2], [3, 4]]","c|c|[1, 1.0, 0],[1, 1.0, 1]|integer|as-sorted,c|[1, 1.0, 2],[1, 1.5, 1]|integer|as-sorted|integer|as-sorted",,REFUSE
A:instanceof|15|31,char[],base_hello,68656c6c6f,t|68656c6c6f|5|5|5,Object[][] of Object[],seq_in_seq,"[[1, 2], [3, 4]]","c|c|[1, 1.0, 0],[1, 1.0, 1]|integer|as-sorted,c|[1, 1.0, 2],[1, 1.5, 1]|integer|as-sorted|integer|as-sorted",,REFUSE
A:instanceof|16|0,StringBuilder,base_hello,68656c6c6f,t|68656c6c6f|5|5|5,null reference,null,null,null,,REFUSE
A:instanceof|16|1,StringBuilder,base_hello,68656c6c6f,t|68656c6c6f|5|5|5,Optional.empty(),null,null,null,,REFUSE
A:instanceof|16|2,StringBuilder,base_hello,68656c6c6f,t|68656c6c6f|5|5|5,Void,null,null,null,,REFUSE
A:instanceof|16|3,StringBuilder,base_hello,68656c6c6f,t|68656c6c6f|5|5|5,boolean,true,true,true,,REFUSE
A:instanceof|16|4,StringBuilder,base_hello,68656c6c6f,t|68656c6c6f|5|5|5,Boolean,true,true,true,,REFUSE
A:instanceof|16|5,StringBuilder,base_hello,68656c6c6f,t|68656c6c6f|5|5|5,short,base_42,002a,"[1, 1.3125, 5]",,REFUSE
A:instanceof|16|6,StringBuilder,base_hello,68656c6c6f,t|68656c6c6f|5|5|5,int,base_42,0000002a,"[1, 1.3125, 5]",,REFUSE
A:instanceof|16|7,StringBuilder,base_hello,68656c6c6f,t|68656c6c6f|5|5|5,long,base_42,000000000000002a,"[1, 1.3125, 5]",,REFUSE
A:instanceof|16|8,StringBuilder,base_hello,68656c6c6f,t|68656c6c6f|5|5|5,Integer,base_42,0000002a,"[1, 1.3125, 5]",,REFUSE
A:instanceof|16|9,StringBuilder,base_hello,68656c6c6f,t|68656c6c6f|5|5|5,Long,base_42,000000000000002a,"[1, 1.3125, 5]",,REFUSE
A:instanceof|16|10,StringBuilder,base_hello,68656c6c6f,t|68656c6c6f|5|5|5,BigInteger,base_42,2a,"[1, 1.3125, 5]",,REFUSE
A:instanceof|16|11,StringBuilder,base_hello,68656c6c6f,t|68656c6c6f|5|5|5,double,base_1_5,3ff8000000000000,"[1, 1.5, 0]",,REFUSE
A:instanceof|16|12,StringBuilder,base_hello,68656c6c6f,t|68656c6c6f|5|5|5,float,base_1_5,3fc00000,"[1, 1.5, 0]",,REFUSE
A:instanceof|16|13,StringBuilder,base_hello,68656c6c6f,t|68656c6c6f|5|5|5,BigDecimal,base_1_5,1.5,"[1, 1.5, 0]",,REFUSE
A:instanceof|16|14,StringBuilder,base_hello,68656c6c6f,t|68656c6c6f|5|5|5,String,base_hello,68656c6c6f,t|68656c6c6f|5|5|5,,REFUSE
A:instanceof|16|15,StringBuilder,base_hello,68656c6c6f,t|68656c6c6f|5|5|5,char[],base_hello,68656c6c6f,t|68656c6c6f|5|5|5,,REFUSE
A:instanceof|16|16,StringBuilder,base_hello,68656c6c6f,t|68656c6c6f|5|5|5,StringBuilder,base_hello,68656c6c6f,t|68656c6c6f|5|5|5,,REFUSE
A:instanceof|16|17,StringBuilder,base_hello,68656c6c6f,t|68656c6c6f|5|5|5,byte[],base_hello,68656c6c6f,t|68656c6c6f|5|5|5,,REFUSE
A:instanceof|16|18,StringBuilder,base_hello,68656c6c6f,t|68656c6c6f|5|5|5,Object[],base,"[1, 2, 3]","c|[1, 1.0, 0],[1, 1.0, 1],[1, 1.5, 1]|integer|as-sorted",,REFUSE
A:instanceof|16|19,StringBuilder,base_hello,68656c6c6f,t|68656c6c6f|5|5|5,long[],base,"[1, 2, 3]","c|[1, 1.0, 0],[1, 1.0, 1],[1, 1.5, 1]|integer|as-sorted",,REFUSE
A:instanceof|16|20,StringBuilder,base_hello,68656c6c6f,t|68656c6c6f|5|5|5,ArrayList<T>,base,"[1, 2, 3]","c|[1, 1.0, 0],[1, 1.0, 1],[1, 1.5, 1]|integer|as-sorted",,REFUSE
A:instanceof|16|21,StringBuilder,base_hello,68656c6c6f,t|68656c6c6f|5|5|5,List.of(...),base,"[1, 2, 3]","c|[1, 1.0, 0],[1, 1.0, 1],[1, 1.5, 1]|integer|as-sorted",,REFUSE
A:instanceof|16|22,StringBuilder,base_hello,68656c6c6f,t|68656c6c6f|5|5|5,LinkedList<T>,base,"[1, 2, 3]","c|[1, 1.0, 0],[1, 1.0, 1],[1, 1.5, 1]|integer|as-sorted",,REFUSE
A:instanceof|16|23,StringBuilder,base_hello,68656c6c6f,t|68656c6c6f|5|5|5,ArrayDeque<T>,base,"[1, 2, 3]","c|[1, 1.0, 0],[1, 1.0, 1],[1, 1.5, 1]|integer|as-sorted",,REFUSE
A:instanceof|16|24,StringBuilder,base_hello,68656c6c6f,t|68656c6c6f|5|5|5,"HashMap<String,V>",flat,"{'a': 1, 'b': 2, 'c': 3}","c|[1, 1.0, 0],[1, 1.0, 1],[1, 1.5, 1]|text|not-applicable",,REFUSE
A:instanceof|16|25,StringBuilder,base_hello,68656c6c6f,t|68656c6c6f|5|5|5,"LinkedHashMap<String,V>",flat,"{'a': 1, 'b': 2, 'c': 3}","c|[1, 1.0, 0],[1, 1.0, 1],[1, 1.5, 1]|text|not-applicable",,REFUSE
A:instanceof|16|26,StringBuilder,base_hello,68656c6c6f,t|68656c6c6f|5|5|5,"TreeMap<String,V>",flat,"{'a': 1, 'b': 2, 'c': 3}","c|[1, 1.0, 0],[1, 1.0, 1],[1, 1.5, 1]|text|not-applicable",,REFUSE
A:instanceof|16|27,StringBuilder,base_hello,68656c6c6f,t|68656c6c6f|5|5|5,local record,flat,"{'a': 1, 'b': 2, 'c': 3}","c|[1, 1.0, 0],[1, 1.0, 1],[1, 1.5, 1]|text|not-applicable",,REFUSE
A:instanceof|16|28,StringBuilder,base_hello,68656c6c6f,t|68656c6c6f|5|5|5,local class with fields,flat,"{'a': 1, 'b': 2, 'c': 3}","c|[1, 1.0, 0],[1, 1.0, 1],[1, 1.5, 1]|text|not-applicable",,REFUSE
A:instanceof|16|29,StringBuilder,base_hello,68656c6c6f,t|68656c6c6f|5|5|5,List<List<Object>>,seq_in_seq,"[[1, 2], [3, 4]]","c|c|[1, 1.0, 0],[1, 1.0, 1]|integer|as-sorted,c|[1, 1.0, 2],[1, 1.5, 1]|integer|as-sorted|integer|as-sorted",,REFUSE
A:instanceof|16|30,StringBuilder,base_hello,68656c6c6f,t|68656c6c6f|5|5|5,"Map<String,Object> nesting",seq_in_seq,"[[1, 2], [3, 4]]","c|c|[1, 1.0, 0],[1, 1.0, 1]|integer|as-sorted,c|[1, 1.0, 2],[1, 1.5, 1]|integer|as-sorted|integer|as-sorted",,REFUSE
A:instanceof|16|31,StringBuilder,base_hello,68656c6c6f,t|68656c6c6f|5|5|5,Object[][] of Object[],seq_in_seq,"[[1, 2], [3, 4]]","c|c|[1, 1.0, 0],[1, 1.0, 1]|integer|as-sorted,c|[1, 1.0, 2],[1, 1.5, 1]|integer|as-sorted|integer|as-sorted",,REFUSE
A:instanceof|17|0,byte[],base_hello,68656c6c6f,t|68656c6c6f|5|5|5,null reference,null,null,null,,REFUSE
A:instanceof|17|1,byte[],base_hello,68656c6c6f,t|68656c6c6f|5|5|5,Optional.empty(),null,null,null,,REFUSE
A:instanceof|17|2,byte[],base_hello,68656c6c6f,t|68656c6c6f|5|5|5,Void,null,null,null,,REFUSE
A:instanceof|17|3,byte[],base_hello,68656c6c6f,t|68656c6c6f|5|5|5,boolean,true,true,true,,REFUSE
A:instanceof|17|4,byte[],base_hello,68656c6c6f,t|68656c6c6f|5|5|5,Boolean,true,true,true,,REFUSE
A:instanceof|17|5,byte[],base_hello,68656c6c6f,t|68656c6c6f|5|5|5,short,base_42,002a,"[1, 1.3125, 5]",,REFUSE
A:instanceof|17|6,byte[],base_hello,68656c6c6f,t|68656c6c6f|5|5|5,int,base_42,0000002a,"[1, 1.3125, 5]",,REFUSE
A:instanceof|17|7,byte[],base_hello,68656c6c6f,t|68656c6c6f|5|5|5,long,base_42,000000000000002a,"[1, 1.3125, 5]",,REFUSE
A:instanceof|17|8,byte[],base_hello,68656c6c6f,t|68656c6c6f|5|5|5,Integer,base_42,0000002a,"[1, 1.3125, 5]",,REFUSE
A:instanceof|17|9,byte[],base_hello,68656c6c6f,t|68656c6c6f|5|5|5,Long,base_42,000000000000002a,"[1, 1.3125, 5]",,REFUSE
A:instanceof|17|10,byte[],base_hello,68656c6c6f,t|68656c6c6f|5|5|5,BigInteger,base_42,2a,"[1, 1.3125, 5]",,REFUSE
A:instanceof|17|11,byte[],base_hello,68656c6c6f,t|68656c6c6f|5|5|5,double,base_1_5,3ff8000000000000,"[1, 1.5, 0]",,REFUSE
A:instanceof|17|12,byte[],base_hello,68656c6c6f,t|68656c6c6f|5|5|5,float,base_1_5,3fc00000,"[1, 1.5, 0]",,REFUSE
A:instanceof|17|13,byte[],base_hello,68656c6c6f,t|68656c6c6f|5|5|5,BigDecimal,base_1_5,1.5,"[1, 1.5, 0]",,REFUSE
A:instanceof|17|14,byte[],base_hello,68656c6c6f,t|68656c6c6f|5|5|5,String,base_hello,68656c6c6f,t|68656c6c6f|5|5|5,,REFUSE
A:instanceof|17|15,byte[],base_hello,68656c6c6f,t|68656c6c6f|5|5|5,char[],base_hello,68656c6c6f,t|68656c6c6f|5|5|5,,REFUSE
A:instanceof|17|16,byte[],base_hello,68656c6c6f,t|68656c6c6f|5|5|5,StringBuilder,base_hello,68656c6c6f,t|68656c6c6f|5|5|5,,REFUSE
A:instanceof|17|17,byte[],base_hello,68656c6c6f,t|68656c6c6f|5|5|5,byte[],base_hello,68656c6c6f,t|68656c6c6f|5|5|5,,REFUSE
A:instanceof|17|18,byte[],base_hello,68656c6c6f,t|68656c6c6f|5|5|5,Object[],base,"[1, 2, 3]","c|[1, 1.0, 0],[1, 1.0, 1],[1, 1.5, 1]|integer|as-sorted",,REFUSE
A:instanceof|17|19,byte[],base_hello,68656c6c6f,t|68656c6c6f|5|5|5,long[],base,"[1, 2, 3]","c|[1, 1.0, 0],[1, 1.0, 1],[1, 1.5, 1]|integer|as-sorted",,REFUSE
A:instanceof|17|20,byte[],base_hello,68656c6c6f,t|68656c6c6f|5|5|5,ArrayList<T>,base,"[1, 2, 3]","c|[1, 1.0, 0],[1, 1.0, 1],[1, 1.5, 1]|integer|as-sorted",,REFUSE
A:instanceof|17|21,byte[],base_hello,68656c6c6f,t|68656c6c6f|5|5|5,List.of(...),base,"[1, 2, 3]","c|[1, 1.0, 0],[1, 1.0, 1],[1, 1.5, 1]|integer|as-sorted",,REFUSE
A:instanceof|17|22,byte[],base_hello,68656c6c6f,t|68656c6c6f|5|5|5,LinkedList<T>,base,"[1, 2, 3]","c|[1, 1.0, 0],[1, 1.0, 1],[1, 1.5, 1]|integer|as-sorted",,REFUSE
A:instanceof|17|23,byte[],base_hello,68656c6c6f,t|68656c6c6f|5|5|5,ArrayDeque<T>,base,"[1, 2, 3]","c|[1, 1.0, 0],[1, 1.0, 1],[1, 1.5, 1]|integer|as-sorted",,REFUSE
A:instanceof|17|24,byte[],base_hello,68656c6c6f,t|68656c6c6f|5|5|5,"HashMap<String,V>",flat,"{'a': 1, 'b': 2, 'c': 3}","c|[1, 1.0, 0],[1, 1.0, 1],[1, 1.5, 1]|text|not-applicable",,REFUSE
A:instanceof|17|25,byte[],base_hello,68656c6c6f,t|68656c6c6f|5|5|5,"LinkedHashMap<String,V>",flat,"{'a': 1, 'b': 2, 'c': 3}","c|[1, 1.0, 0],[1, 1.0, 1],[1, 1.5, 1]|text|not-applicable",,REFUSE
A:instanceof|17|26,byte[],base_hello,68656c6c6f,t|68656c6c6f|5|5|5,"TreeMap<String,V>",flat,"{'a': 1, 'b': 2, 'c': 3}","c|[1, 1.0, 0],[1, 1.0, 1],[1, 1.5, 1]|text|not-applicable",,REFUSE
A:instanceof|17|27,byte[],base_hello,68656c6c6f,t|68656c6c6f|5|5|5,local record,flat,"{'a': 1, 'b': 2, 'c': 3}","c|[1, 1.0, 0],[1, 1.0, 1],[1, 1.5, 1]|text|not-applicable",,REFUSE
A:instanceof|17|28,byte[],base_hello,68656c6c6f,t|68656c6c6f|5|5|5,local class with fields,flat,"{'a': 1, 'b': 2, 'c': 3}","c|[1, 1.0, 0],[1, 1.0, 1],[1, 1.5, 1]|text|not-applicable",,REFUSE
A:instanceof|17|29,byte[],base_hello,68656c6c6f,t|68656c6c6f|5|5|5,List<List<Object>>,seq_in_seq,"[[1, 2], [3, 4]]","c|c|[1, 1.0, 0],[1, 1.0, 1]|integer|as-sorted,c|[1, 1.0, 2],[1, 1.5, 1]|integer|as-sorted|integer|as-sorted",,REFUSE
A:instanceof|17|30,byte[],base_hello,68656c6c6f,t|68656c6c6f|5|5|5,"Map<String,Object> nesting",seq_in_seq,"[[1, 2], [3, 4]]","c|c|[1, 1.0, 0],[1, 1.0, 1]|integer|as-sorted,c|[1, 1.0, 2],[1, 1.5, 1]|integer|as-sorted|integer|as-sorted",,REFUSE
A:instanceof|17|31,byte[],base_hello,68656c6c6f,t|68656c6c6f|5|5|5,Object[][] of Object[],seq_in_seq,"[[1, 2], [3, 4]]","c|c|[1, 1.0, 0],[1, 1.0, 1]|integer|as-sorted,c|[1, 1.0, 2],[1, 1.5, 1]|integer|as-sorted|integer|as-sorted",,REFUSE
A:instanceof|18|0,Object[],base,"[1, 2, 3]","c|[1, 1.0, 0],[1, 1.0, 1],[1, 1.5, 1]|integer|as-sorted",null reference,null,null,null,,REFUSE
A:instanceof|18|1,Object[],base,"[1, 2, 3]","c|[1, 1.0, 0],[1, 1.0, 1],[1, 1.5, 1]|integer|as-sorted",Optional.empty(),null,null,null,,REFUSE
A:instanceof|18|2,Object[],base,"[1, 2, 3]","c|[1, 1.0, 0],[1, 1.0, 1],[1, 1.5, 1]|integer|as-sorted",Void,null,null,null,,REFUSE
A:instanceof|18|3,Object[],base,"[1, 2, 3]","c|[1, 1.0, 0],[1, 1.0, 1],[1, 1.5, 1]|integer|as-sorted",boolean,true,true,true,,REFUSE
A:instanceof|18|4,Object[],base,"[1, 2, 3]","c|[1, 1.0, 0],[1, 1.0, 1],[1, 1.5, 1]|integer|as-sorted",Boolean,true,true,true,,REFUSE
A:instanceof|18|5,Object[],base,"[1, 2, 3]","c|[1, 1.0, 0],[1, 1.0, 1],[1, 1.5, 1]|integer|as-sorted",short,base_42,002a,"[1, 1.3125, 5]",,REFUSE
A:instanceof|18|6,Object[],base,"[1, 2, 3]","c|[1, 1.0, 0],[1, 1.0, 1],[1, 1.5, 1]|integer|as-sorted",int,base_42,0000002a,"[1, 1.3125, 5]",,REFUSE
A:instanceof|18|7,Object[],base,"[1, 2, 3]","c|[1, 1.0, 0],[1, 1.0, 1],[1, 1.5, 1]|integer|as-sorted",long,base_42,000000000000002a,"[1, 1.3125, 5]",,REFUSE
A:instanceof|18|8,Object[],base,"[1, 2, 3]","c|[1, 1.0, 0],[1, 1.0, 1],[1, 1.5, 1]|integer|as-sorted",Integer,base_42,0000002a,"[1, 1.3125, 5]",,REFUSE
A:instanceof|18|9,Object[],base,"[1, 2, 3]","c|[1, 1.0, 0],[1, 1.0, 1],[1, 1.5, 1]|integer|as-sorted",Long,base_42,000000000000002a,"[1, 1.3125, 5]",,REFUSE
A:instanceof|18|10,Object[],base,"[1, 2, 3]","c|[1, 1.0, 0],[1, 1.0, 1],[1, 1.5, 1]|integer|as-sorted",BigInteger,base_42,2a,"[1, 1.3125, 5]",,REFUSE
A:instanceof|18|11,Object[],base,"[1, 2, 3]","c|[1, 1.0, 0],[1, 1.0, 1],[1, 1.5, 1]|integer|as-sorted",double,base_1_5,3ff8000000000000,"[1, 1.5, 0]",,REFUSE
A:instanceof|18|12,Object[],base,"[1, 2, 3]","c|[1, 1.0, 0],[1, 1.0, 1],[1, 1.5, 1]|integer|as-sorted",float,base_1_5,3fc00000,"[1, 1.5, 0]",,REFUSE
A:instanceof|18|13,Object[],base,"[1, 2, 3]","c|[1, 1.0, 0],[1, 1.0, 1],[1, 1.5, 1]|integer|as-sorted",BigDecimal,base_1_5,1.5,"[1, 1.5, 0]",,REFUSE
A:instanceof|18|14,Object[],base,"[1, 2, 3]","c|[1, 1.0, 0],[1, 1.0, 1],[1, 1.5, 1]|integer|as-sorted",String,base_hello,68656c6c6f,t|68656c6c6f|5|5|5,,REFUSE
A:instanceof|18|15,Object[],base,"[1, 2, 3]","c|[1, 1.0, 0],[1, 1.0, 1],[1, 1.5, 1]|integer|as-sorted",char[],base_hello,68656c6c6f,t|68656c6c6f|5|5|5,,REFUSE
A:instanceof|18|16,Object[],base,"[1, 2, 3]","c|[1, 1.0, 0],[1, 1.0, 1],[1, 1.5, 1]|integer|as-sorted",StringBuilder,base_hello,68656c6c6f,t|68656c6c6f|5|5|5,,REFUSE
A:instanceof|18|17,Object[],base,"[1, 2, 3]","c|[1, 1.0, 0],[1, 1.0, 1],[1, 1.5, 1]|integer|as-sorted",byte[],base_hello,68656c6c6f,t|68656c6c6f|5|5|5,,REFUSE
A:instanceof|18|18,Object[],base,"[1, 2, 3]","c|[1, 1.0, 0],[1, 1.0, 1],[1, 1.5, 1]|integer|as-sorted",Object[],base,"[1, 2, 3]","c|[1, 1.0, 0],[1, 1.0, 1],[1, 1.5, 1]|integer|as-sorted",,REFUSE
A:instanceof|18|19,Object[],base,"[1, 2, 3]","c|[1, 1.0, 0],[1, 1.0, 1],[1, 1.5, 1]|integer|as-sorted",long[],base,"[1, 2, 3]","c|[1, 1.0, 0],[1, 1.0, 1],[1, 1.5, 1]|integer|as-sorted",,REFUSE
A:instanceof|18|20,Object[],base,"[1, 2, 3]","c|[1, 1.0, 0],[1, 1.0, 1],[1, 1.5, 1]|integer|as-sorted",ArrayList<T>,base,"[1, 2, 3]","c|[1, 1.0, 0],[1, 1.0, 1],[1, 1.5, 1]|integer|as-sorted",,REFUSE
A:instanceof|18|21,Object[],base,"[1, 2, 3]","c|[1, 1.0, 0],[1, 1.0, 1],[1, 1.5, 1]|integer|as-sorted",List.of(...),base,"[1, 2, 3]","c|[1, 1.0, 0],[1, 1.0, 1],[1, 1.5, 1]|integer|as-sorted",,REFUSE
A:instanceof|18|22,Object[],base,"[1, 2, 3]","c|[1, 1.0, 0],[1, 1.0, 1],[1, 1.5, 1]|integer|as-sorted",LinkedList<T>,base,"[1, 2, 3]","c|[1, 1.0, 0],[1, 1.0, 1],[1, 1.5, 1]|integer|as-sorted",,REFUSE
A:instanceof|18|23,Object[],base,"[1, 2, 3]","c|[1, 1.0, 0],[1, 1.0, 1],[1, 1.5, 1]|integer|as-sorted",ArrayDeque<T>,base,"[1, 2, 3]","c|[1, 1.0, 0],[1, 1.0, 1],[1, 1.5, 1]|integer|as-sorted",,REFUSE
A:instanceof|18|24,Object[],base,"[1, 2, 3]","c|[1, 1.0, 0],[1, 1.0, 1],[1, 1.5, 1]|integer|as-sorted","HashMap<String,V>",flat,"{'a': 1, 'b': 2, 'c': 3}","c|[1, 1.0, 0],[1, 1.0, 1],[1, 1.5, 1]|text|not-applicable",,REFUSE
A:instanceof|18|25,Object[],base,"[1, 2, 3]","c|[1, 1.0, 0],[1, 1.0, 1],[1, 1.5, 1]|integer|as-sorted","LinkedHashMap<String,V>",flat,"{'a': 1, 'b': 2, 'c': 3}","c|[1, 1.0, 0],[1, 1.0, 1],[1, 1.5, 1]|text|not-applicable",,REFUSE
A:instanceof|18|26,Object[],base,"[1, 2, 3]","c|[1, 1.0, 0],[1, 1.0, 1],[1, 1.5, 1]|integer|as-sorted","TreeMap<String,V>",flat,"{'a': 1, 'b': 2, 'c': 3}","c|[1, 1.0, 0],[1, 1.0, 1],[1, 1.5, 1]|text|not-applicable",,REFUSE
A:instanceof|18|27,Object[],base,"[1, 2, 3]","c|[1, 1.0, 0],[1, 1.0, 1],[1, 1.5, 1]|integer|as-sorted",local record,flat,"{'a': 1, 'b': 2, 'c': 3}","c|[1, 1.0, 0],[1, 1.0, 1],[1, 1.5, 1]|text|not-applicable",,REFUSE
A:instanceof|18|28,Object[],base,"[1, 2, 3]","c|[1, 1.0, 0],[1, 1.0, 1],[1, 1.5, 1]|integer|as-sorted",local class with fields,flat,"{'a': 1, 'b': 2, 'c': 3}","c|[1, 1.0, 0],[1, 1.0, 1],[1, 1.5, 1]|text|not-applicable",,REFUSE
A:instanceof|18|29,Object[],base,"[1, 2, 3]","c|[1, 1.0, 0],[1, 1.0, 1],[1, 1.5, 1]|integer|as-sorted",List<List<Object>>,seq_in_seq,"[[1, 2], [3, 4]]","c|c|[1, 1.0, 0],[1, 1.0, 1]|integer|as-sorted,c|[1, 1.0, 2],[1, 1.5, 1]|integer|as-sorted|integer|as-sorted",,REFUSE
A:instanceof|18|30,Object[],base,"[1, 2, 3]","c|[1, 1.0, 0],[1, 1.0, 1],[1, 1.5, 1]|integer|as-sorted","Map<String,Object> nesting",seq_in_seq,"[[1, 2], [3, 4]]","c|c|[1, 1.0, 0],[1, 1.0, 1]|integer|as-sorted,c|[1, 1.0, 2],[1, 1.5, 1]|integer|as-sorted|integer|as-sorted",,REFUSE
A:instanceof|18|31,Object[],base,"[1, 2, 3]","c|[1, 1.0, 0],[1, 1.0, 1],[1, 1.5, 1]|integer|as-sorted",Object[][] of Object[],seq_in_seq,"[[1, 2], [3, 4]]","c|c|[1, 1.0, 0],[1, 1.0, 1]|integer|as-sorted,c|[1, 1.0, 2],[1, 1.5, 1]|integer|as-sorted|integer|as-sorted",,REFUSE
A:instanceof|19|0,long[],base,"[1, 2, 3]","c|[1, 1.0, 0],[1, 1.0, 1],[1, 1.5, 1]|integer|as-sorted",null reference,null,null,null,,REFUSE
A:instanceof|19|1,long[],base,"[1, 2, 3]","c|[1, 1.0, 0],[1, 1.0, 1],[1, 1.5, 1]|integer|as-sorted",Optional.empty(),null,null,null,,REFUSE
A:instanceof|19|2,long[],base,"[1, 2, 3]","c|[1, 1.0, 0],[1, 1.0, 1],[1, 1.5, 1]|integer|as-sorted",Void,null,null,null,,REFUSE
A:instanceof|19|3,long[],base,"[1, 2, 3]","c|[1, 1.0, 0],[1, 1.0, 1],[1, 1.5, 1]|integer|as-sorted",boolean,true,true,true,,REFUSE
A:instanceof|19|4,long[],base,"[1, 2, 3]","c|[1, 1.0, 0],[1, 1.0, 1],[1, 1.5, 1]|integer|as-sorted",Boolean,true,true,true,,REFUSE
A:instanceof|19|5,long[],base,"[1, 2, 3]","c|[1, 1.0, 0],[1, 1.0, 1],[1, 1.5, 1]|integer|as-sorted",short,base_42,002a,"[1, 1.3125, 5]",,REFUSE
A:instanceof|19|6,long[],base,"[1, 2, 3]","c|[1, 1.0, 0],[1, 1.0, 1],[1, 1.5, 1]|integer|as-sorted",int,base_42,0000002a,"[1, 1.3125, 5]",,REFUSE
A:instanceof|19|7,long[],base,"[1, 2, 3]","c|[1, 1.0, 0],[1, 1.0, 1],[1, 1.5, 1]|integer|as-sorted",long,base_42,000000000000002a,"[1, 1.3125, 5]",,REFUSE
A:instanceof|19|8,long[],base,"[1, 2, 3]","c|[1, 1.0, 0],[1, 1.0, 1],[1, 1.5, 1]|integer|as-sorted",Integer,base_42,0000002a,"[1, 1.3125, 5]",,REFUSE
A:instanceof|19|9,long[],base,"[1, 2, 3]","c|[1, 1.0, 0],[1, 1.0, 1],[1, 1.5, 1]|integer|as-sorted",Long,base_42,000000000000002a,"[1, 1.3125, 5]",,REFUSE
A:instanceof|19|10,long[],base,"[1, 2, 3]","c|[1, 1.0, 0],[1, 1.0, 1],[1, 1.5, 1]|integer|as-sorted",BigInteger,base_42,2a,"[1, 1.3125, 5]",,REFUSE
A:instanceof|19|11,long[],base,"[1, 2, 3]","c|[1, 1.0, 0],[1, 1.0, 1],[1, 1.5, 1]|integer|as-sorted",double,base_1_5,3ff8000000000000,"[1, 1.5, 0]",,REFUSE
A:instanceof|19|12,long[],base,"[1, 2, 3]","c|[1, 1.0, 0],[1, 1.0, 1],[1, 1.5, 1]|integer|as-sorted",float,base_1_5,3fc00000,"[1, 1.5, 0]",,REFUSE
A:instanceof|19|13,long[],base,"[1, 2, 3]","c|[1, 1.0, 0],[1, 1.0, 1],[1, 1.5, 1]|integer|as-sorted",BigDecimal,base_1_5,1.5,"[1, 1.5, 0]",,REFUSE
A:instanceof|19|14,long[],base,"[1, 2, 3]","c|[1, 1.0, 0],[1, 1.0, 1],[1, 1.5, 1]|integer|as-sorted",String,base_hello,68656c6c6f,t|68656c6c6f|5|5|5,,REFUSE
A:instanceof|19|15,long[],base,"[1, 2, 3]","c|[1, 1.0, 0],[1, 1.0, 1],[1, 1.5, 1]|integer|as-sorted",char[],base_hello,68656c6c6f,t|68656c6c6f|5|5|5,,REFUSE
A:instanceof|19|16,long[],base,"[1, 2, 3]","c|[1, 1.0, 0],[1, 1.0, 1],[1, 1.5, 1]|integer|as-sorted",StringBuilder,base_hello,68656c6c6f,t|68656c6c6f|5|5|5,,REFUSE
A:instanceof|19|17,long[],base,"[1, 2, 3]","c|[1, 1.0, 0],[1, 1.0, 1],[1, 1.5, 1]|integer|as-sorted",byte[],base_hello,68656c6c6f,t|68656c6c6f|5|5|5,,REFUSE
A:instanceof|19|18,long[],base,"[1, 2, 3]","c|[1, 1.0, 0],[1, 1.0, 1],[1, 1.5, 1]|integer|as-sorted",Object[],base,"[1, 2, 3]","c|[1, 1.0, 0],[1, 1.0, 1],[1, 1.5, 1]|integer|as-sorted",,REFUSE
A:instanceof|19|19,long[],base,"[1, 2, 3]","c|[1, 1.0, 0],[1, 1.0, 1],[1, 1.5, 1]|integer|as-sorted",long[],base,"[1, 2, 3]","c|[1, 1.0, 0],[1, 1.0, 1],[1, 1.5, 1]|integer|as-sorted",,REFUSE
A:instanceof|19|20,long[],base,"[1, 2, 3]","c|[1, 1.0, 0],[1, 1.0, 1],[1, 1.5, 1]|integer|as-sorted",ArrayList<T>,base,"[1, 2, 3]","c|[1, 1.0, 0],[1, 1.0, 1],[1, 1.5, 1]|integer|as-sorted",,REFUSE
A:instanceof|19|21,long[],base,"[1, 2, 3]","c|[1, 1.0, 0],[1, 1.0, 1],[1, 1.5, 1]|integer|as-sorted",List.of(...),base,"[1, 2, 3]","c|[1, 1.0, 0],[1, 1.0, 1],[1, 1.5, 1]|integer|as-sorted",,REFUSE
A:instanceof|19|22,long[],base,"[1, 2, 3]","c|[1, 1.0, 0],[1, 1.0, 1],[1, 1.5, 1]|integer|as-sorted",LinkedList<T>,base,"[1, 2, 3]","c|[1, 1.0, 0],[1, 1.0, 1],[1, 1.5, 1]|integer|as-sorted",,REFUSE
A:instanceof|19|23,long[],base,"[1, 2, 3]","c|[1, 1.0, 0],[1, 1.0, 1],[1, 1.5, 1]|integer|as-sorted",ArrayDeque<T>,base,"[1, 2, 3]","c|[1, 1.0, 0],[1, 1.0, 1],[1, 1.5, 1]|integer|as-sorted",,REFUSE
A:instanceof|19|24,long[],base,"[1, 2, 3]","c|[1, 1.0, 0],[1, 1.0, 1],[1, 1.5, 1]|integer|as-sorted","HashMap<String,V>",flat,"{'a': 1, 'b': 2, 'c': 3}","c|[1, 1.0, 0],[1, 1.0, 1],[1, 1.5, 1]|text|not-applicable",,REFUSE
A:instanceof|19|25,long[],base,"[1, 2, 3]","c|[1, 1.0, 0],[1, 1.0, 1],[1, 1.5, 1]|integer|as-sorted","LinkedHashMap<String,V>",flat,"{'a': 1, 'b': 2, 'c': 3}","c|[1, 1.0, 0],[1, 1.0, 1],[1, 1.5, 1]|text|not-applicable",,REFUSE
A:instanceof|19|26,long[],base,"[1, 2, 3]","c|[1, 1.0, 0],[1, 1.0, 1],[1, 1.5, 1]|integer|as-sorted","TreeMap<String,V>",flat,"{'a': 1, 'b': 2, 'c': 3}","c|[1, 1.0, 0],[1, 1.0, 1],[1, 1.5, 1]|text|not-applicable",,REFUSE
A:instanceof|19|27,long[],base,"[1, 2, 3]","c|[1, 1.0, 0],[1, 1.0, 1],[1, 1.5, 1]|integer|as-sorted",local record,flat,"{'a': 1, 'b': 2, 'c': 3}","c|[1, 1.0, 0],[1, 1.0, 1],[1, 1.5, 1]|text|not-applicable",,REFUSE
A:instanceof|19|28,long[],base,"[1, 2, 3]","c|[1, 1.0, 0],[1, 1.0, 1],[1, 1.5, 1]|integer|as-sorted",local class with fields,flat,"{'a': 1, 'b': 2, 'c': 3}","c|[1, 1.0, 0],[1, 1.0, 1],[1, 1.5, 1]|text|not-applicable",,REFUSE
A:instanceof|19|29,long[],base,"[1, 2, 3]","c|[1, 1.0, 0],[1, 1.0, 1],[1, 1.5, 1]|integer|as-sorted",List<List<Object>>,seq_in_seq,"[[1, 2], [3, 4]]","c|c|[1, 1.0, 0],[1, 1.0, 1]|integer|as-sorted,c|[1, 1.0, 2],[1, 1.5, 1]|integer|as-sorted|integer|as-sorted",,REFUSE
A:instanceof|19|30,long[],base,"[1, 2, 3]","c|[1, 1.0, 0],[1, 1.0, 1],[1, 1.5, 1]|integer|as-sorted","Map<String,Object> nesting",seq_in_seq,"[[1, 2], [3, 4]]","c|c|[1, 1.0, 0],[1, 1.0, 1]|integer|as-sorted,c|[1, 1.0, 2],[1, 1.5, 1]|integer|as-sorted|integer|as-sorted",,REFUSE
A:instanceof|19|31,long[],base,"[1, 2, 3]","c|[1, 1.0, 0],[1, 1.0, 1],[1, 1.5, 1]|integer|as-sorted",Object[][] of Object[],seq_in_seq,"[[1, 2], [3, 4]]","c|c|[1, 1.0, 0],[1, 1.0, 1]|integer|as-sorted,c|[1, 1.0, 2],[1, 1.5, 1]|integer|as-sorted|integer|as-sorted",,REFUSE
A:instanceof|20|0,ArrayList<T>,base,"[1, 2, 3]","c|[1, 1.0, 0],[1, 1.0, 1],[1, 1.5, 1]|integer|as-sorted",null reference,null,null,null,,REFUSE
A:instanceof|20|1,ArrayList<T>,base,"[1, 2, 3]","c|[1, 1.0, 0],[1, 1.0, 1],[1, 1.5, 1]|integer|as-sorted",Optional.empty(),null,null,null,,REFUSE
A:instanceof|20|2,ArrayList<T>,base,"[1, 2, 3]","c|[1, 1.0, 0],[1, 1.0, 1],[1, 1.5, 1]|integer|as-sorted",Void,null,null,null,,REFUSE
A:instanceof|20|3,ArrayList<T>,base,"[1, 2, 3]","c|[1, 1.0, 0],[1, 1.0, 1],[1, 1.5, 1]|integer|as-sorted",boolean,true,true,true,,REFUSE
A:instanceof|20|4,ArrayList<T>,base,"[1, 2, 3]","c|[1, 1.0, 0],[1, 1.0, 1],[1, 1.5, 1]|integer|as-sorted",Boolean,true,true,true,,REFUSE
A:instanceof|20|5,ArrayList<T>,base,"[1, 2, 3]","c|[1, 1.0, 0],[1, 1.0, 1],[1, 1.5, 1]|integer|as-sorted",short,base_42,002a,"[1, 1.3125, 5]",,REFUSE
A:instanceof|20|6,ArrayList<T>,base,"[1, 2, 3]","c|[1, 1.0, 0],[1, 1.0, 1],[1, 1.5, 1]|integer|as-sorted",int,base_42,0000002a,"[1, 1.3125, 5]",,REFUSE
A:instanceof|20|7,ArrayList<T>,base,"[1, 2, 3]","c|[1, 1.0, 0],[1, 1.0, 1],[1, 1.5, 1]|integer|as-sorted",long,base_42,000000000000002a,"[1, 1.3125, 5]",,REFUSE
A:instanceof|20|8,ArrayList<T>,base,"[1, 2, 3]","c|[1, 1.0, 0],[1, 1.0, 1],[1, 1.5, 1]|integer|as-sorted",Integer,base_42,0000002a,"[1, 1.3125, 5]",,REFUSE
A:instanceof|20|9,ArrayList<T>,base,"[1, 2, 3]","c|[1, 1.0, 0],[1, 1.0, 1],[1, 1.5, 1]|integer|as-sorted",Long,base_42,000000000000002a,"[1, 1.3125, 5]",,REFUSE
A:instanceof|20|10,ArrayList<T>,base,"[1, 2, 3]","c|[1, 1.0, 0],[1, 1.0, 1],[1, 1.5, 1]|integer|as-sorted",BigInteger,base_42,2a,"[1, 1.3125, 5]",,REFUSE
A:instanceof|20|11,ArrayList<T>,base,"[1, 2, 3]","c|[1, 1.0, 0],[1, 1.0, 1],[1, 1.5, 1]|integer|as-sorted",double,base_1_5,3ff8000000000000,"[1, 1.5, 0]",,REFUSE
A:instanceof|20|12,ArrayList<T>,base,"[1, 2, 3]","c|[1, 1.0, 0],[1, 1.0, 1],[1, 1.5, 1]|integer|as-sorted",float,base_1_5,3fc00000,"[1, 1.5, 0]",,REFUSE
A:instanceof|20|13,ArrayList<T>,base,"[1, 2, 3]","c|[1, 1.0, 0],[1, 1.0, 1],[1, 1.5, 1]|integer|as-sorted",BigDecimal,base_1_5,1.5,"[1, 1.5, 0]",,REFUSE
A:instanceof|20|14,ArrayList<T>,base,"[1, 2, 3]","c|[1, 1.0, 0],[1, 1.0, 1],[1, 1.5, 1]|integer|as-sorted",String,base_hello,68656c6c6f,t|68656c6c6f|5|5|5,,REFUSE
A:instanceof|20|15,ArrayList<T>,base,"[1, 2, 3]","c|[1, 1.0, 0],[1, 1.0, 1],[1, 1.5, 1]|integer|as-sorted",char[],base_hello,68656c6c6f,t|68656c6c6f|5|5|5,,REFUSE
A:instanceof|20|16,ArrayList<T>,base,"[1, 2, 3]","c|[1, 1.0, 0],[1, 1.0, 1],[1, 1.5, 1]|integer|as-sorted",StringBuilder,base_hello,68656c6c6f,t|68656c6c6f|5|5|5,,REFUSE
A:instanceof|20|17,ArrayList<T>,base,"[1, 2, 3]","c|[1, 1.0, 0],[1, 1.0, 1],[1, 1.5, 1]|integer|as-sorted",byte[],base_hello,68656c6c6f,t|68656c6c6f|5|5|5,,REFUSE
A:instanceof|20|18,ArrayList<T>,base,"[1, 2, 3]","c|[1, 1.0, 0],[1, 1.0, 1],[1, 1.5, 1]|integer|as-sorted",Object[],base,"[1, 2, 3]","c|[1, 1.0, 0],[1, 1.0, 1],[1, 1.5, 1]|integer|as-sorted",,REFUSE
A:instanceof|20|19,ArrayList<T>,base,"[1, 2, 3]","c|[1, 1.0, 0],[1, 1.0, 1],[1, 1.5, 1]|integer|as-sorted",long[],base,"[1, 2, 3]","c|[1, 1.0, 0],[1, 1.0, 1],[1, 1.5, 1]|integer|as-sorted",,REFUSE
A:instanceof|20|20,ArrayList<T>,base,"[1, 2, 3]","c|[1, 1.0, 0],[1, 1.0, 1],[1, 1.5, 1]|integer|as-sorted",ArrayList<T>,base,"[1, 2, 3]","c|[1, 1.0, 0],[1, 1.0, 1],[1, 1.5, 1]|integer|as-sorted",,REFUSE
A:instanceof|20|21,ArrayList<T>,base,"[1, 2, 3]","c|[1, 1.0, 0],[1, 1.0, 1],[1, 1.5, 1]|integer|as-sorted",List.of(...),base,"[1, 2, 3]","c|[1, 1.0, 0],[1, 1.0, 1],[1, 1.5, 1]|integer|as-sorted",,REFUSE
A:instanceof|20|22,ArrayList<T>,base,"[1, 2, 3]","c|[1, 1.0, 0],[1, 1.0, 1],[1, 1.5, 1]|integer|as-sorted",LinkedList<T>,base,"[1, 2, 3]","c|[1, 1.0, 0],[1, 1.0, 1],[1, 1.5, 1]|integer|as-sorted",,REFUSE
A:instanceof|20|23,ArrayList<T>,base,"[1, 2, 3]","c|[1, 1.0, 0],[1, 1.0, 1],[1, 1.5, 1]|integer|as-sorted",ArrayDeque<T>,base,"[1, 2, 3]","c|[1, 1.0, 0],[1, 1.0, 1],[1, 1.5, 1]|integer|as-sorted",,REFUSE
A:instanceof|20|24,ArrayList<T>,base,"[1, 2, 3]","c|[1, 1.0, 0],[1, 1.0, 1],[1, 1.5, 1]|integer|as-sorted","HashMap<String,V>",flat,"{'a': 1, 'b': 2, 'c': 3}","c|[1, 1.0, 0],[1, 1.0, 1],[1, 1.5, 1]|text|not-applicable",,REFUSE
A:instanceof|20|25,ArrayList<T>,base,"[1, 2, 3]","c|[1, 1.0, 0],[1, 1.0, 1],[1, 1.5, 1]|integer|as-sorted","LinkedHashMap<String,V>",flat,"{'a': 1, 'b': 2, 'c': 3}","c|[1, 1.0, 0],[1, 1.0, 1],[1, 1.5, 1]|text|not-applicable",,REFUSE
A:instanceof|20|26,ArrayList<T>,base,"[1, 2, 3]","c|[1, 1.0, 0],[1, 1.0, 1],[1, 1.5, 1]|integer|as-sorted","TreeMap<String,V>",flat,"{'a': 1, 'b': 2, 'c': 3}","c|[1, 1.0, 0],[1, 1.0, 1],[1, 1.5, 1]|text|not-applicable",,REFUSE
A:instanceof|20|27,ArrayList<T>,base,"[1, 2, 3]","c|[1, 1.0, 0],[1, 1.0, 1],[1, 1.5, 1]|integer|as-sorted",local record,flat,"{'a': 1, 'b': 2, 'c': 3}","c|[1, 1.0, 0],[1, 1.0, 1],[1, 1.5, 1]|text|not-applicable",,REFUSE
A:instanceof|20|28,ArrayList<T>,base,"[1, 2, 3]","c|[1, 1.0, 0],[1, 1.0, 1],[1, 1.5, 1]|integer|as-sorted",local class with fields,flat,"{'a': 1, 'b': 2, 'c': 3}","c|[1, 1.0, 0],[1, 1.0, 1],[1, 1.5, 1]|text|not-applicable",,REFUSE
A:instanceof|20|29,ArrayList<T>,base,"[1, 2, 3]","c|[1, 1.0, 0],[1, 1.0, 1],[1, 1.5, 1]|integer|as-sorted",List<List<Object>>,seq_in_seq,"[[1, 2], [3, 4]]","c|c|[1, 1.0, 0],[1, 1.0, 1]|integer|as-sorted,c|[1, 1.0, 2],[1, 1.5, 1]|integer|as-sorted|integer|as-sorted",,REFUSE
A:instanceof|20|30,ArrayList<T>,base,"[1, 2, 3]","c|[1, 1.0, 0],[1, 1.0, 1],[1, 1.5, 1]|integer|as-sorted","Map<String,Object> nesting",seq_in_seq,"[[1, 2], [3, 4]]","c|c|[1, 1.0, 0],[1, 1.0, 1]|integer|as-sorted,c|[1, 1.0, 2],[1, 1.5, 1]|integer|as-sorted|integer|as-sorted",,REFUSE
A:instanceof|20|31,ArrayList<T>,base,"[1, 2, 3]","c|[1, 1.0, 0],[1, 1.0, 1],[1, 1.5, 1]|integer|as-sorted",Object[][] of Object[],seq_in_seq,"[[1, 2], [3, 4]]","c|c|[1, 1.0, 0],[1, 1.0, 1]|integer|as-sorted,c|[1, 1.0, 2],[1, 1.5, 1]|integer|as-sorted|integer|as-sorted",,REFUSE
A:instanceof|21|0,List.of(...),base,"[1, 2, 3]","c|[1, 1.0, 0],[1, 1.0, 1],[1, 1.5, 1]|integer|as-sorted",null reference,null,null,null,,REFUSE
A:instanceof|21|1,List.of(...),base,"[1, 2, 3]","c|[1, 1.0, 0],[1, 1.0, 1],[1, 1.5, 1]|integer|as-sorted",Optional.empty(),null,null,null,,REFUSE
A:instanceof|21|2,List.of(...),base,"[1, 2, 3]","c|[1, 1.0, 0],[1, 1.0, 1],[1, 1.5, 1]|integer|as-sorted",Void,null,null,null,,REFUSE
A:instanceof|21|3,List.of(...),base,"[1, 2, 3]","c|[1, 1.0, 0],[1, 1.0, 1],[1, 1.5, 1]|integer|as-sorted",boolean,true,true,true,,REFUSE
A:instanceof|21|4,List.of(...),base,"[1, 2, 3]","c|[1, 1.0, 0],[1, 1.0, 1],[1, 1.5, 1]|integer|as-sorted",Boolean,true,true,true,,REFUSE
A:instanceof|21|5,List.of(...),base,"[1, 2, 3]","c|[1, 1.0, 0],[1, 1.0, 1],[1, 1.5, 1]|integer|as-sorted",short,base_42,002a,"[1, 1.3125, 5]",,REFUSE
A:instanceof|21|6,List.of(...),base,"[1, 2, 3]","c|[1, 1.0, 0],[1, 1.0, 1],[1, 1.5, 1]|integer|as-sorted",int,base_42,0000002a,"[1, 1.3125, 5]",,REFUSE
A:instanceof|21|7,List.of(...),base,"[1, 2, 3]","c|[1, 1.0, 0],[1, 1.0, 1],[1, 1.5, 1]|integer|as-sorted",long,base_42,000000000000002a,"[1, 1.3125, 5]",,REFUSE
A:instanceof|21|8,List.of(...),base,"[1, 2, 3]","c|[1, 1.0, 0],[1, 1.0, 1],[1, 1.5, 1]|integer|as-sorted",Integer,base_42,0000002a,"[1, 1.3125, 5]",,REFUSE
A:instanceof|21|9,List.of(...),base,"[1, 2, 3]","c|[1, 1.0, 0],[1, 1.0, 1],[1, 1.5, 1]|integer|as-sorted",Long,base_42,000000000000002a,"[1, 1.3125, 5]",,REFUSE
A:instanceof|21|10,List.of(...),base,"[1, 2, 3]","c|[1, 1.0, 0],[1, 1.0, 1],[1, 1.5, 1]|integer|as-sorted",BigInteger,base_42,2a,"[1, 1.3125, 5]",,REFUSE
A:instanceof|21|11,List.of(...),base,"[1, 2, 3]","c|[1, 1.0, 0],[1, 1.0, 1],[1, 1.5, 1]|integer|as-sorted",double,base_1_5,3ff8000000000000,"[1, 1.5, 0]",,REFUSE
A:instanceof|21|12,List.of(...),base,"[1, 2, 3]","c|[1, 1.0, 0],[1, 1.0, 1],[1, 1.5, 1]|integer|as-sorted",float,base_1_5,3fc00000,"[1, 1.5, 0]",,REFUSE
A:instanceof|21|13,List.of(...),base,"[1, 2, 3]","c|[1, 1.0, 0],[1, 1.0, 1],[1, 1.5, 1]|integer|as-sorted",BigDecimal,base_1_5,1.5,"[1, 1.5, 0]",,REFUSE
A:instanceof|21|14,List.of(...),base,"[1, 2, 3]","c|[1, 1.0, 0],[1, 1.0, 1],[1, 1.5, 1]|integer|as-sorted",String,base_hello,68656c6c6f,t|68656c6c6f|5|5|5,,REFUSE
A:instanceof|21|15,List.of(...),base,"[1, 2, 3]","c|[1, 1.0, 0],[1, 1.0, 1],[1, 1.5, 1]|integer|as-sorted",char[],base_hello,68656c6c6f,t|68656c6c6f|5|5|5,,REFUSE
A:instanceof|21|16,List.of(...),base,"[1, 2, 3]","c|[1, 1.0, 0],[1, 1.0, 1],[1, 1.5, 1]|integer|as-sorted",StringBuilder,base_hello,68656c6c6f,t|68656c6c6f|5|5|5,,REFUSE
A:instanceof|21|17,List.of(...),base,"[1, 2, 3]","c|[1, 1.0, 0],[1, 1.0, 1],[1, 1.5, 1]|integer|as-sorted",byte[],base_hello,68656c6c6f,t|68656c6c6f|5|5|5,,REFUSE
A:instanceof|21|18,List.of(...),base,"[1, 2, 3]","c|[1, 1.0, 0],[1, 1.0, 1],[1, 1.5, 1]|integer|as-sorted",Object[],base,"[1, 2, 3]","c|[1, 1.0, 0],[1, 1.0, 1],[1, 1.5, 1]|integer|as-sorted",,REFUSE
A:instanceof|21|19,List.of(...),base,"[1, 2, 3]","c|[1, 1.0, 0],[1, 1.0, 1],[1, 1.5, 1]|integer|as-sorted",long[],base,"[1, 2, 3]","c|[1, 1.0, 0],[1, 1.0, 1],[1, 1.5, 1]|integer|as-sorted",,REFUSE
A:instanceof|21|20,List.of(...),base,"[1, 2, 3]","c|[1, 1.0, 0],[1, 1.0, 1],[1, 1.5, 1]|integer|as-sorted",ArrayList<T>,base,"[1, 2, 3]","c|[1, 1.0, 0],[1, 1.0, 1],[1, 1.5, 1]|integer|as-sorted",,REFUSE
A:instanceof|21|21,List.of(...),base,"[1, 2, 3]","c|[1, 1.0, 0],[1, 1.0, 1],[1, 1.5, 1]|integer|as-sorted",List.of(...),base,"[1, 2, 3]","c|[1, 1.0, 0],[1, 1.0, 1],[1, 1.5, 1]|integer|as-sorted",,REFUSE
A:instanceof|21|22,List.of(...),base,"[1, 2, 3]","c|[1, 1.0, 0],[1, 1.0, 1],[1, 1.5, 1]|integer|as-sorted",LinkedList<T>,base,"[1, 2, 3]","c|[1, 1.0, 0],[1, 1.0, 1],[1, 1.5, 1]|integer|as-sorted",,REFUSE
A:instanceof|21|23,List.of(...),base,"[1, 2, 3]","c|[1, 1.0, 0],[1, 1.0, 1],[1, 1.5, 1]|integer|as-sorted",ArrayDeque<T>,base,"[1, 2, 3]","c|[1, 1.0, 0],[1, 1.0, 1],[1, 1.5, 1]|integer|as-sorted",,REFUSE
A:instanceof|21|24,List.of(...),base,"[1, 2, 3]","c|[1, 1.0, 0],[1, 1.0, 1],[1, 1.5, 1]|integer|as-sorted","HashMap<String,V>",flat,"{'a': 1, 'b': 2, 'c': 3}","c|[1, 1.0, 0],[1, 1.0, 1],[1, 1.5, 1]|text|not-applicable",,REFUSE
A:instanceof|21|25,List.of(...),base,"[1, 2, 3]","c|[1, 1.0, 0],[1, 1.0, 1],[1, 1.5, 1]|integer|as-sorted","LinkedHashMap<String,V>",flat,"{'a': 1, 'b': 2, 'c': 3}","c|[1, 1.0, 0],[1, 1.0, 1],[1, 1.5, 1]|text|not-applicable",,REFUSE
A:instanceof|21|26,List.of(...),base,"[1, 2, 3]","c|[1, 1.0, 0],[1, 1.0, 1],[1, 1.5, 1]|integer|as-sorted","TreeMap<String,V>",flat,"{'a': 1, 'b': 2, 'c': 3}","c|[1, 1.0, 0],[1, 1.0, 1],[1, 1.5, 1]|text|not-applicable",,REFUSE
A:instanceof|21|27,List.of(...),base,"[1, 2, 3]","c|[1, 1.0, 0],[1, 1.0, 1],[1, 1.5, 1]|integer|as-sorted",local record,flat,"{'a': 1, 'b': 2, 'c': 3}","c|[1, 1.0, 0],[1, 1.0, 1],[1, 1.5, 1]|text|not-applicable",,REFUSE
A:instanceof|21|28,List.of(...),base,"[1, 2, 3]","c|[1, 1.0, 0],[1, 1.0, 1],[1, 1.5, 1]|integer|as-sorted",local class with fields,flat,"{'a': 1, 'b': 2, 'c': 3}","c|[1, 1.0, 0],[1, 1.0, 1],[1, 1.5, 1]|text|not-applicable",,REFUSE
A:instanceof|21|29,List.of(...),base,"[1, 2, 3]","c|[1, 1.0, 0],[1, 1.0, 1],[1, 1.5, 1]|integer|as-sorted",List<List<Object>>,seq_in_seq,"[[1, 2], [3, 4]]","c|c|[1, 1.0, 0],[1, 1.0, 1]|integer|as-sorted,c|[1, 1.0, 2],[1, 1.5, 1]|integer|as-sorted|integer|as-sorted",,REFUSE
A:instanceof|21|30,List.of(...),base,"[1, 2, 3]","c|[1, 1.0, 0],[1, 1.0, 1],[1, 1.5, 1]|integer|as-sorted","Map<String,Object> nesting",seq_in_seq,"[[1, 2], [3, 4]]","c|c|[1, 1.0, 0],[1, 1.0, 1]|integer|as-sorted,c|[1, 1.0, 2],[1, 1.5, 1]|integer|as-sorted|integer|as-sorted",,REFUSE
A:instanceof|21|31,List.of(...),base,"[1, 2, 3]","c|[1, 1.0, 0],[1, 1.0, 1],[1, 1.5, 1]|integer|as-sorted",Object[][] of Object[],seq_in_seq,"[[1, 2], [3, 4]]","c|c|[1, 1.0, 0],[1, 1.0, 1]|integer|as-sorted,c|[1, 1.0, 2],[1, 1.5, 1]|integer|as-sorted|integer|as-sorted",,REFUSE
A:instanceof|22|0,LinkedList<T>,base,"[1, 2, 3]","c|[1, 1.0, 0],[1, 1.0, 1],[1, 1.5, 1]|integer|as-sorted",null reference,null,null,null,,REFUSE
A:instanceof|22|1,LinkedList<T>,base,"[1, 2, 3]","c|[1, 1.0, 0],[1, 1.0, 1],[1, 1.5, 1]|integer|as-sorted",Optional.empty(),null,null,null,,REFUSE
A:instanceof|22|2,LinkedList<T>,base,"[1, 2, 3]","c|[1, 1.0, 0],[1, 1.0, 1],[1, 1.5, 1]|integer|as-sorted",Void,null,null,null,,REFUSE
A:instanceof|22|3,LinkedList<T>,base,"[1, 2, 3]","c|[1, 1.0, 0],[1, 1.0, 1],[1, 1.5, 1]|integer|as-sorted",boolean,true,true,true,,REFUSE
A:instanceof|22|4,LinkedList<T>,base,"[1, 2, 3]","c|[1, 1.0, 0],[1, 1.0, 1],[1, 1.5, 1]|integer|as-sorted",Boolean,true,true,true,,REFUSE
A:instanceof|22|5,LinkedList<T>,base,"[1, 2, 3]","c|[1, 1.0, 0],[1, 1.0, 1],[1, 1.5, 1]|integer|as-sorted",short,base_42,002a,"[1, 1.3125, 5]",,REFUSE
A:instanceof|22|6,LinkedList<T>,base,"[1, 2, 3]","c|[1, 1.0, 0],[1, 1.0, 1],[1, 1.5, 1]|integer|as-sorted",int,base_42,0000002a,"[1, 1.3125, 5]",,REFUSE
A:instanceof|22|7,LinkedList<T>,base,"[1, 2, 3]","c|[1, 1.0, 0],[1, 1.0, 1],[1, 1.5, 1]|integer|as-sorted",long,base_42,000000000000002a,"[1, 1.3125, 5]",,REFUSE
A:instanceof|22|8,LinkedList<T>,base,"[1, 2, 3]","c|[1, 1.0, 0],[1, 1.0, 1],[1, 1.5, 1]|integer|as-sorted",Integer,base_42,0000002a,"[1, 1.3125, 5]",,REFUSE
A:instanceof|22|9,LinkedList<T>,base,"[1, 2, 3]","c|[1, 1.0, 0],[1, 1.0, 1],[1, 1.5, 1]|integer|as-sorted",Long,base_42,000000000000002a,"[1, 1.3125, 5]",,REFUSE
A:instanceof|22|10,LinkedList<T>,base,"[1, 2, 3]","c|[1, 1.0, 0],[1, 1.0, 1],[1, 1.5, 1]|integer|as-sorted",BigInteger,base_42,2a,"[1, 1.3125, 5]",,REFUSE
A:instanceof|22|11,LinkedList<T>,base,"[1, 2, 3]","c|[1, 1.0, 0],[1, 1.0, 1],[1, 1.5, 1]|integer|as-sorted",double,base_1_5,3ff8000000000000,"[1, 1.5, 0]",,REFUSE
A:instanceof|22|12,LinkedList<T>,base,"[1, 2, 3]","c|[1, 1.0, 0],[1, 1.0, 1],[1, 1.5, 1]|integer|as-sorted",float,base_1_5,3fc00000,"[1, 1.5, 0]",,REFUSE
A:instanceof|22|13,LinkedList<T>,base,"[1, 2, 3]","c|[1, 1.0, 0],[1, 1.0, 1],[1, 1.5, 1]|integer|as-sorted",BigDecimal,base_1_5,1.5,"[1, 1.5, 0]",,REFUSE
A:instanceof|22|14,LinkedList<T>,base,"[1, 2, 3]","c|[1, 1.0, 0],[1, 1.0, 1],[1, 1.5, 1]|integer|as-sorted",String,base_hello,68656c6c6f,t|68656c6c6f|5|5|5,,REFUSE
A:instanceof|22|15,LinkedList<T>,base,"[1, 2, 3]","c|[1, 1.0, 0],[1, 1.0, 1],[1, 1.5, 1]|integer|as-sorted",char[],base_hello,68656c6c6f,t|68656c6c6f|5|5|5,,REFUSE
A:instanceof|22|16,LinkedList<T>,base,"[1, 2, 3]","c|[1, 1.0, 0],[1, 1.0, 1],[1, 1.5, 1]|integer|as-sorted",StringBuilder,base_hello,68656c6c6f,t|68656c6c6f|5|5|5,,REFUSE
A:instanceof|22|17,LinkedList<T>,base,"[1, 2, 3]","c|[1, 1.0, 0],[1, 1.0, 1],[1, 1.5, 1]|integer|as-sorted",byte[],base_hello,68656c6c6f,t|68656c6c6f|5|5|5,,REFUSE
A:instanceof|22|18,LinkedList<T>,base,"[1, 2, 3]","c|[1, 1.0, 0],[1, 1.0, 1],[1, 1.5, 1]|integer|as-sorted",Object[],base,"[1, 2, 3]","c|[1, 1.0, 0],[1, 1.0, 1],[1, 1.5, 1]|integer|as-sorted",,REFUSE
A:instanceof|22|19,LinkedList<T>,base,"[1, 2, 3]","c|[1, 1.0, 0],[1, 1.0, 1],[1, 1.5, 1]|integer|as-sorted",long[],base,"[1, 2, 3]","c|[1, 1.0, 0],[1, 1.0, 1],[1, 1.5, 1]|integer|as-sorted",,REFUSE
A:instanceof|22|20,LinkedList<T>,base,"[1, 2, 3]","c|[1, 1.0, 0],[1, 1.0, 1],[1, 1.5, 1]|integer|as-sorted",ArrayList<T>,base,"[1, 2, 3]","c|[1, 1.0, 0],[1, 1.0, 1],[1, 1.5, 1]|integer|as-sorted",,REFUSE
A:instanceof|22|21,LinkedList<T>,base,"[1, 2, 3]","c|[1, 1.0, 0],[1, 1.0, 1],[1, 1.5, 1]|integer|as-sorted",List.of(...),base,"[1, 2, 3]","c|[1, 1.0, 0],[1, 1.0, 1],[1, 1.5, 1]|integer|as-sorted",,REFUSE
A:instanceof|22|22,LinkedList<T>,base,"[1, 2, 3]","c|[1, 1.0, 0],[1, 1.0, 1],[1, 1.5, 1]|integer|as-sorted",LinkedList<T>,base,"[1, 2, 3]","c|[1, 1.0, 0],[1, 1.0, 1],[1, 1.5, 1]|integer|as-sorted",,REFUSE
A:instanceof|22|23,LinkedList<T>,base,"[1, 2, 3]","c|[1, 1.0, 0],[1, 1.0, 1],[1, 1.5, 1]|integer|as-sorted",ArrayDeque<T>,base,"[1, 2, 3]","c|[1, 1.0, 0],[1, 1.0, 1],[1, 1.5, 1]|integer|as-sorted",,REFUSE
A:instanceof|22|24,LinkedList<T>,base,"[1, 2, 3]","c|[1, 1.0, 0],[1, 1.0, 1],[1, 1.5, 1]|integer|as-sorted","HashMap<String,V>",flat,"{'a': 1, 'b': 2, 'c': 3}","c|[1, 1.0, 0],[1, 1.0, 1],[1, 1.5, 1]|text|not-applicable",,REFUSE
A:instanceof|22|25,LinkedList<T>,base,"[1, 2, 3]","c|[1, 1.0, 0],[1, 1.0, 1],[1, 1.5, 1]|integer|as-sorted","LinkedHashMap<String,V>",flat,"{'a': 1, 'b': 2, 'c': 3}","c|[1, 1.0, 0],[1, 1.0, 1],[1, 1.5, 1]|text|not-applicable",,REFUSE
A:instanceof|22|26,LinkedList<T>,base,"[1, 2, 3]","c|[1, 1.0, 0],[1, 1.0, 1],[1, 1.5, 1]|integer|as-sorted","TreeMap<String,V>",flat,"{'a': 1, 'b': 2, 'c': 3}","c|[1, 1.0, 0],[1, 1.0, 1],[1, 1.5, 1]|text|not-applicable",,REFUSE
A:instanceof|22|27,LinkedList<T>,base,"[1, 2, 3]","c|[1, 1.0, 0],[1, 1.0, 1],[1, 1.5, 1]|integer|as-sorted",local record,flat,"{'a': 1, 'b': 2, 'c': 3}","c|[1, 1.0, 0],[1, 1.0, 1],[1, 1.5, 1]|text|not-applicable",,REFUSE
A:instanceof|22|28,LinkedList<T>,base,"[1, 2, 3]","c|[1, 1.0, 0],[1, 1.0, 1],[1, 1.5, 1]|integer|as-sorted",local class with fields,flat,"{'a': 1, 'b': 2, 'c': 3}","c|[1, 1.0, 0],[1, 1.0, 1],[1, 1.5, 1]|text|not-applicable",,REFUSE
A:instanceof|22|29,LinkedList<T>,base,"[1, 2, 3]","c|[1, 1.0, 0],[1, 1.0, 1],[1, 1.5, 1]|integer|as-sorted",List<List<Object>>,seq_in_seq,"[[1, 2], [3, 4]]","c|c|[1, 1.0, 0],[1, 1.0, 1]|integer|as-sorted,c|[1, 1.0, 2],[1, 1.5, 1]|integer|as-sorted|integer|as-sorted",,REFUSE
A:instanceof|22|30,LinkedList<T>,base,"[1, 2, 3]","c|[1, 1.0, 0],[1, 1.0, 1],[1, 1.5, 1]|integer|as-sorted","Map<String,Object> nesting",seq_in_seq,"[[1, 2], [3, 4]]","c|c|[1, 1.0, 0],[1, 1.0, 1]|integer|as-sorted,c|[1, 1.0, 2],[1, 1.5, 1]|integer|as-sorted|integer|as-sorted",,REFUSE
A:instanceof|22|31,LinkedList<T>,base,"[1, 2, 3]","c|[1, 1.0, 0],[1, 1.0, 1],[1, 1.5, 1]|integer|as-sorted",Object[][] of Object[],seq_in_seq,"[[1, 2], [3, 4]]","c|c|[1, 1.0, 0],[1, 1.0, 1]|integer|as-sorted,c|[1, 1.0, 2],[1, 1.5, 1]|integer|as-sorted|integer|as-sorted",,REFUSE
A:instanceof|23|0,ArrayDeque<T>,base,"[1, 2, 3]","c|[1, 1.0, 0],[1, 1.0, 1],[1, 1.5, 1]|integer|as-sorted",null reference,null,null,null,,REFUSE
A:instanceof|23|1,ArrayDeque<T>,base,"[1, 2, 3]","c|[1, 1.0, 0],[1, 1.0, 1],[1, 1.5, 1]|integer|as-sorted",Optional.empty(),null,null,null,,REFUSE
A:instanceof|23|2,ArrayDeque<T>,base,"[1, 2, 3]","c|[1, 1.0, 0],[1, 1.0, 1],[1, 1.5, 1]|integer|as-sorted",Void,null,null,null,,REFUSE
A:instanceof|23|3,ArrayDeque<T>,base,"[1, 2, 3]","c|[1, 1.0, 0],[1, 1.0, 1],[1, 1.5, 1]|integer|as-sorted",boolean,true,true,true,,REFUSE
A:instanceof|23|4,ArrayDeque<T>,base,"[1, 2, 3]","c|[1, 1.0, 0],[1, 1.0, 1],[1, 1.5, 1]|integer|as-sorted",Boolean,true,true,true,,REFUSE
A:instanceof|23|5,ArrayDeque<T>,base,"[1, 2, 3]","c|[1, 1.0, 0],[1, 1.0, 1],[1, 1.5, 1]|integer|as-sorted",short,base_42,002a,"[1, 1.3125, 5]",,REFUSE
A:instanceof|23|6,ArrayDeque<T>,base,"[1, 2, 3]","c|[1, 1.0, 0],[1, 1.0, 1],[1, 1.5, 1]|integer|as-sorted",int,base_42,0000002a,"[1, 1.3125, 5]",,REFUSE
A:instanceof|23|7,ArrayDeque<T>,base,"[1, 2, 3]","c|[1, 1.0, 0],[1, 1.0, 1],[1, 1.5, 1]|integer|as-sorted",long,base_42,000000000000002a,"[1, 1.3125, 5]",,REFUSE
A:instanceof|23|8,ArrayDeque<T>,base,"[1, 2, 3]","c|[1, 1.0, 0],[1, 1.0, 1],[1, 1.5, 1]|integer|as-sorted",Integer,base_42,0000002a,"[1, 1.3125, 5]",,REFUSE
A:instanceof|23|9,ArrayDeque<T>,base,"[1, 2, 3]","c|[1, 1.0, 0],[1, 1.0, 1],[1, 1.5, 1]|integer|as-sorted",Long,base_42,000000000000002a,"[1, 1.3125, 5]",,REFUSE
A:instanceof|23|10,ArrayDeque<T>,base,"[1, 2, 3]","c|[1, 1.0, 0],[1, 1.0, 1],[1, 1.5, 1]|integer|as-sorted",BigInteger,base_42,2a,"[1, 1.3125, 5]",,REFUSE
A:instanceof|23|11,ArrayDeque<T>,base,"[1, 2, 3]","c|[1, 1.0, 0],[1, 1.0, 1],[1, 1.5, 1]|integer|as-sorted",double,base_1_5,3ff8000000000000,"[1, 1.5, 0]",,REFUSE
A:instanceof|23|12,ArrayDeque<T>,base,"[1, 2, 3]","c|[1, 1.0, 0],[1, 1.0, 1],[1, 1.5, 1]|integer|as-sorted",float,base_1_5,3fc00000,"[1, 1.5, 0]",,REFUSE
A:instanceof|23|13,ArrayDeque<T>,base,"[1, 2, 3]","c|[1, 1.0, 0],[1, 1.0, 1],[1, 1.5, 1]|integer|as-sorted",BigDecimal,base_1_5,1.5,"[1, 1.5, 0]",,REFUSE
A:instanceof|23|14,ArrayDeque<T>,base,"[1, 2, 3]","c|[1, 1.0, 0],[1, 1.0, 1],[1, 1.5, 1]|integer|as-sorted",String,base_hello,68656c6c6f,t|68656c6c6f|5|5|5,,REFUSE
A:instanceof|23|15,ArrayDeque<T>,base,"[1, 2, 3]","c|[1, 1.0, 0],[1, 1.0, 1],[1, 1.5, 1]|integer|as-sorted",char[],base_hello,68656c6c6f,t|68656c6c6f|5|5|5,,REFUSE
A:instanceof|23|16,ArrayDeque<T>,base,"[1, 2, 3]","c|[1, 1.0, 0],[1, 1.0, 1],[1, 1.5, 1]|integer|as-sorted",StringBuilder,base_hello,68656c6c6f,t|68656c6c6f|5|5|5,,REFUSE
A:instanceof|23|17,ArrayDeque<T>,base,"[1, 2, 3]","c|[1, 1.0, 0],[1, 1.0, 1],[1, 1.5, 1]|integer|as-sorted",byte[],base_hello,68656c6c6f,t|68656c6c6f|5|5|5,,REFUSE
A:instanceof|23|18,ArrayDeque<T>,base,"[1, 2, 3]","c|[1, 1.0, 0],[1, 1.0, 1],[1, 1.5, 1]|integer|as-sorted",Object[],base,"[1, 2, 3]","c|[1, 1.0, 0],[1, 1.0, 1],[1, 1.5, 1]|integer|as-sorted",,REFUSE
A:instanceof|23|19,ArrayDeque<T>,base,"[1, 2, 3]","c|[1, 1.0, 0],[1, 1.0, 1],[1, 1.5, 1]|integer|as-sorted",long[],base,"[1, 2, 3]","c|[1, 1.0, 0],[1, 1.0, 1],[1, 1.5, 1]|integer|as-sorted",,REFUSE
A:instanceof|23|20,ArrayDeque<T>,base,"[1, 2, 3]","c|[1, 1.0, 0],[1, 1.0, 1],[1, 1.5, 1]|integer|as-sorted",ArrayList<T>,base,"[1, 2, 3]","c|[1, 1.0, 0],[1, 1.0, 1],[1, 1.5, 1]|integer|as-sorted",,REFUSE
A:instanceof|23|21,ArrayDeque<T>,base,"[1, 2, 3]","c|[1, 1.0, 0],[1, 1.0, 1],[1, 1.5, 1]|integer|as-sorted",List.of(...),base,"[1, 2, 3]","c|[1, 1.0, 0],[1, 1.0, 1],[1, 1.5, 1]|integer|as-sorted",,REFUSE
A:instanceof|23|22,ArrayDeque<T>,base,"[1, 2, 3]","c|[1, 1.0, 0],[1, 1.0, 1],[1, 1.5, 1]|integer|as-sorted",LinkedList<T>,base,"[1, 2, 3]","c|[1, 1.0, 0],[1, 1.0, 1],[1, 1.5, 1]|integer|as-sorted",,REFUSE
A:instanceof|23|23,ArrayDeque<T>,base,"[1, 2, 3]","c|[1, 1.0, 0],[1, 1.0, 1],[1, 1.5, 1]|integer|as-sorted",ArrayDeque<T>,base,"[1, 2, 3]","c|[1, 1.0, 0],[1, 1.0, 1],[1, 1.5, 1]|integer|as-sorted",,REFUSE
A:instanceof|23|24,ArrayDeque<T>,base,"[1, 2, 3]","c|[1, 1.0, 0],[1, 1.0, 1],[1, 1.5, 1]|integer|as-sorted","HashMap<String,V>",flat,"{'a': 1, 'b': 2, 'c': 3}","c|[1, 1.0, 0],[1, 1.0, 1],[1, 1.5, 1]|text|not-applicable",,REFUSE
A:instanceof|23|25,ArrayDeque<T>,base,"[1, 2, 3]","c|[1, 1.0, 0],[1, 1.0, 1],[1, 1.5, 1]|integer|as-sorted","LinkedHashMap<String,V>",flat,"{'a': 1, 'b': 2, 'c': 3}","c|[1, 1.0, 0],[1, 1.0, 1],[1, 1.5, 1]|text|not-applicable",,REFUSE
A:instanceof|23|26,ArrayDeque<T>,base,"[1, 2, 3]","c|[1, 1.0, 0],[1, 1.0, 1],[1, 1.5, 1]|integer|as-sorted","TreeMap<String,V>",flat,"{'a': 1, 'b': 2, 'c': 3}","c|[1, 1.0, 0],[1, 1.0, 1],[1, 1.5, 1]|text|not-applicable",,REFUSE
A:instanceof|23|27,ArrayDeque<T>,base,"[1, 2, 3]","c|[1, 1.0, 0],[1, 1.0, 1],[1, 1.5, 1]|integer|as-sorted",local record,flat,"{'a': 1, 'b': 2, 'c': 3}","c|[1, 1.0, 0],[1, 1.0, 1],[1, 1.5, 1]|text|not-applicable",,REFUSE
A:instanceof|23|28,ArrayDeque<T>,base,"[1, 2, 3]","c|[1, 1.0, 0],[1, 1.0, 1],[1, 1.5, 1]|integer|as-sorted",local class with fields,flat,"{'a': 1, 'b': 2, 'c': 3}","c|[1, 1.0, 0],[1, 1.0, 1],[1, 1.5, 1]|text|not-applicable",,REFUSE
A:instanceof|23|29,ArrayDeque<T>,base,"[1, 2, 3]","c|[1, 1.0, 0],[1, 1.0, 1],[1, 1.5, 1]|integer|as-sorted",List<List<Object>>,seq_in_seq,"[[1, 2], [3, 4]]","c|c|[1, 1.0, 0],[1, 1.0, 1]|integer|as-sorted,c|[1, 1.0, 2],[1, 1.5, 1]|integer|as-sorted|integer|as-sorted",,REFUSE
A:instanceof|23|30,ArrayDeque<T>,base,"[1, 2, 3]","c|[1, 1.0, 0],[1, 1.0, 1],[1, 1.5, 1]|integer|as-sorted","Map<String,Object> nesting",seq_in_seq,"[[1, 2], [3, 4]]","c|c|[1, 1.0, 0],[1, 1.0, 1]|integer|as-sorted,c|[1, 1.0, 2],[1, 1.5, 1]|integer|as-sorted|integer|as-sorted",,REFUSE
A:instanceof|23|31,ArrayDeque<T>,base,"[1, 2, 3]","c|[1, 1.0, 0],[1, 1.0, 1],[1, 1.5, 1]|integer|as-sorted",Object[][] of Object[],seq_in_seq,"[[1, 2], [3, 4]]","c|c|[1, 1.0, 0],[1, 1.0, 1]|integer|as-sorted,c|[1, 1.0, 2],[1, 1.5, 1]|integer|as-sorted|integer|as-sorted",,REFUSE
A:instanceof|24|0,"HashMap<String,V>",flat,"{'a': 1, 'b': 2, 'c': 3}","c|[1, 1.0, 0],[1, 1.0, 1],[1, 1.5, 1]|text|not-applicable",null reference,null,null,null,,REFUSE
A:instanceof|24|1,"HashMap<String,V>",flat,"{'a': 1, 'b': 2, 'c': 3}","c|[1, 1.0, 0],[1, 1.0, 1],[1, 1.5, 1]|text|not-applicable",Optional.empty(),null,null,null,,REFUSE
A:instanceof|24|2,"HashMap<String,V>",flat,"{'a': 1, 'b': 2, 'c': 3}","c|[1, 1.0, 0],[1, 1.0, 1],[1, 1.5, 1]|text|not-applicable",Void,null,null,null,,REFUSE
A:instanceof|24|3,"HashMap<String,V>",flat,"{'a': 1, 'b': 2, 'c': 3}","c|[1, 1.0, 0],[1, 1.0, 1],[1, 1.5, 1]|text|not-applicable",boolean,true,true,true,,REFUSE
A:instanceof|24|4,"HashMap<String,V>",flat,"{'a': 1, 'b': 2, 'c': 3}","c|[1, 1.0, 0],[1, 1.0, 1],[1, 1.5, 1]|text|not-applicable",Boolean,true,true,true,,REFUSE
A:instanceof|24|5,"HashMap<String,V>",flat,"{'a': 1, 'b': 2, 'c': 3}","c|[1, 1.0, 0],[1, 1.0, 1],[1, 1.5, 1]|text|not-applicable",short,base_42,002a,"[1, 1.3125, 5]",,REFUSE
A:instanceof|24|6,"HashMap<String,V>",flat,"{'a': 1, 'b': 2, 'c': 3}","c|[1, 1.0, 0],[1, 1.0, 1],[1, 1.5, 1]|text|not-applicable",int,base_42,0000002a,"[1, 1.3125, 5]",,REFUSE
A:instanceof|24|7,"HashMap<String,V>",flat,"{'a': 1, 'b': 2, 'c': 3}","c|[1, 1.0, 0],[1, 1.0, 1],[1, 1.5, 1]|text|not-applicable",long,base_42,000000000000002a,"[1, 1.3125, 5]",,REFUSE
A:instanceof|24|8,"HashMap<String,V>",flat,"{'a': 1, 'b': 2, 'c': 3}","c|[1, 1.0, 0],[1, 1.0, 1],[1, 1.5, 1]|text|not-applicable",Integer,base_42,0000002a,"[1, 1.3125, 5]",,REFUSE
A:instanceof|24|9,"HashMap<String,V>",flat,"{'a': 1, 'b': 2, 'c': 3}","c|[1, 1.0, 0],[1, 1.0, 1],[1, 1.5, 1]|text|not-applicable",Long,base_42,000000000000002a,"[1, 1.3125, 5]",,REFUSE
A:instanceof|24|10,"HashMap<String,V>",flat,"{'a': 1, 'b': 2, 'c': 3}","c|[1, 1.0, 0],[1, 1.0, 1],[1, 1.5, 1]|text|not-applicable",BigInteger,base_42,2a,"[1, 1.3125, 5]",,REFUSE
A:instanceof|24|11,"HashMap<String,V>",flat,"{'a': 1, 'b': 2, 'c': 3}","c|[1, 1.0, 0],[1, 1.0, 1],[1, 1.5, 1]|text|not-applicable",double,base_1_5,3ff8000000000000,"[1, 1.5, 0]",,REFUSE
A:instanceof|24|12,"HashMap<String,V>",flat,"{'a': 1, 'b': 2, 'c': 3}","c|[1, 1.0, 0],[1, 1.0, 1],[1, 1.5, 1]|text|not-applicable",float,base_1_5,3fc00000,"[1, 1.5, 0]",,REFUSE
A:instanceof|24|13,"HashMap<String,V>",flat,"{'a': 1, 'b': 2, 'c': 3}","c|[1, 1.0, 0],[1, 1.0, 1],[1, 1.5, 1]|text|not-applicable",BigDecimal,base_1_5,1.5,"[1, 1.5, 0]",,REFUSE
A:instanceof|24|14,"HashMap<String,V>",flat,"{'a': 1, 'b': 2, 'c': 3}","c|[1, 1.0, 0],[1, 1.0, 1],[1, 1.5, 1]|text|not-applicable",String,base_hello,68656c6c6f,t|68656c6c6f|5|5|5,,REFUSE
A:instanceof|24|15,"HashMap<String,V>",flat,"{'a': 1, 'b': 2, 'c': 3}","c|[1, 1.0, 0],[1, 1.0, 1],[1, 1.5, 1]|text|not-applicable",char[],base_hello,68656c6c6f,t|68656c6c6f|5|5|5,,REFUSE
A:instanceof|24|16,"HashMap<String,V>",flat,"{'a': 1, 'b': 2, 'c': 3}","c|[1, 1.0, 0],[1, 1.0, 1],[1, 1.5, 1]|text|not-applicable",StringBuilder,base_hello,68656c6c6f,t|68656c6c6f|5|5|5,,REFUSE
A:instanceof|24|17,"HashMap<String,V>",flat,"{'a': 1, 'b': 2, 'c': 3}","c|[1, 1.0, 0],[1, 1.0, 1],[1, 1.5, 1]|text|not-applicable",byte[],base_hello,68656c6c6f,t|68656c6c6f|5|5|5,,REFUSE
A:instanceof|24|18,"HashMap<String,V>",flat,"{'a': 1, 'b': 2, 'c': 3}","c|[1, 1.0, 0],[1, 1.0, 1],[1, 1.5, 1]|text|not-applicable",Object[],base,"[1, 2, 3]","c|[1, 1.0, 0],[1, 1.0, 1],[1, 1.5, 1]|integer|as-sorted",,REFUSE
A:instanceof|24|19,"HashMap<String,V>",flat,"{'a': 1, 'b': 2, 'c': 3}","c|[1, 1.0, 0],[1, 1.0, 1],[1, 1.5, 1]|text|not-applicable",long[],base,"[1, 2, 3]","c|[1, 1.0, 0],[1, 1.0, 1],[1, 1.5, 1]|integer|as-sorted",,REFUSE
A:instanceof|24|20,"HashMap<String,V>",flat,"{'a': 1, 'b': 2, 'c': 3}","c|[1, 1.0, 0],[1, 1.0, 1],[1, 1.5, 1]|text|not-applicable",ArrayList<T>,base,"[1, 2, 3]","c|[1, 1.0, 0],[1, 1.0, 1],[1, 1.5, 1]|integer|as-sorted",,REFUSE
A:instanceof|24|21,"HashMap<String,V>",flat,"{'a': 1, 'b': 2, 'c': 3}","c|[1, 1.0, 0],[1, 1.0, 1],[1, 1.5, 1]|text|not-applicable",List.of(...),base,"[1, 2, 3]","c|[1, 1.0, 0],[1, 1.0, 1],[1, 1.5, 1]|integer|as-sorted",,REFUSE
A:instanceof|24|22,"HashMap<String,V>",flat,"{'a': 1, 'b': 2, 'c': 3}","c|[1, 1.0, 0],[1, 1.0, 1],[1, 1.5, 1]|text|not-applicable",LinkedList<T>,base,"[1, 2, 3]","c|[1, 1.0, 0],[1, 1.0, 1],[1, 1.5, 1]|integer|as-sorted",,REFUSE
A:instanceof|24|23,"HashMap<String,V>",flat,"{'a': 1, 'b': 2, 'c': 3}","c|[1, 1.0, 0],[1, 1.0, 1],[1, 1.5, 1]|text|not-applicable",ArrayDeque<T>,base,"[1, 2, 3]","c|[1, 1.0, 0],[1, 1.0, 1],[1, 1.5, 1]|integer|as-sorted",,REFUSE
A:instanceof|24|24,"HashMap<String,V>",flat,"{'a': 1, 'b': 2, 'c': 3}","c|[1, 1.0, 0],[1, 1.0, 1],[1, 1.5, 1]|text|not-applicable","HashMap<String,V>",flat,"{'a': 1, 'b': 2, 'c': 3}","c|[1, 1.0, 0],[1, 1.0, 1],[1, 1.5, 1]|text|not-applicable",,REFUSE
A:instanceof|24|25,"HashMap<String,V>",flat,"{'a': 1, 'b': 2, 'c': 3}","c|[1, 1.0, 0],[1, 1.0, 1],[1, 1.5, 1]|text|not-applicable","LinkedHashMap<String,V>",flat,"{'a': 1, 'b': 2, 'c': 3}","c|[1, 1.0, 0],[1, 1.0, 1],[1, 1.5, 1]|text|not-applicable",,REFUSE
A:instanceof|24|26,"HashMap<String,V>",flat,"{'a': 1, 'b': 2, 'c': 3}","c|[1, 1.0, 0],[1, 1.0, 1],[1, 1.5, 1]|text|not-applicable","TreeMap<String,V>",flat,"{'a': 1, 'b': 2, 'c': 3}","c|[1, 1.0, 0],[1, 1.0, 1],[1, 1.5, 1]|text|not-applicable",,REFUSE
A:instanceof|24|27,"HashMap<String,V>",flat,"{'a': 1, 'b': 2, 'c': 3}","c|[1, 1.0, 0],[1, 1.0, 1],[1, 1.5, 1]|text|not-applicable",local record,flat,"{'a': 1, 'b': 2, 'c': 3}","c|[1, 1.0, 0],[1, 1.0, 1],[1, 1.5, 1]|text|not-applicable",,REFUSE
A:instanceof|24|28,"HashMap<String,V>",flat,"{'a': 1, 'b': 2, 'c': 3}","c|[1, 1.0, 0],[1, 1.0, 1],[1, 1.5, 1]|text|not-applicable",local class with fields,flat,"{'a': 1, 'b': 2, 'c': 3}","c|[1, 1.0, 0],[1, 1.0, 1],[1, 1.5, 1]|text|not-applicable",,REFUSE
A:instanceof|24|29,"HashMap<String,V>",flat,"{'a': 1, 'b': 2, 'c': 3}","c|[1, 1.0, 0],[1, 1.0, 1],[1, 1.5, 1]|text|not-applicable",List<List<Object>>,seq_in_seq,"[[1, 2], [3, 4]]","c|c|[1, 1.0, 0],[1, 1.0, 1]|integer|as-sorted,c|[1, 1.0, 2],[1, 1.5, 1]|integer|as-sorted|integer|as-sorted",,REFUSE
A:instanceof|24|30,"HashMap<String,V>",flat,"{'a': 1, 'b': 2, 'c': 3}","c|[1, 1.0, 0],[1, 1.0, 1],[1, 1.5, 1]|text|not-applicable","Map<String,Object> nesting",seq_in_seq,"[[1, 2], [3, 4]]","c|c|[1, 1.0, 0],[1, 1.0, 1]|integer|as-sorted,c|[1, 1.0, 2],[1, 1.5, 1]|integer|as-sorted|integer|as-sorted",,REFUSE
A:instanceof|24|31,"HashMap<String,V>",flat,"{'a': 1, 'b': 2, 'c': 3}","c|[1, 1.0, 0],[1, 1.0, 1],[1, 1.5, 1]|text|not-applicable",Object[][] of Object[],seq_in_seq,"[[1, 2], [3, 4]]","c|c|[1, 1.0, 0],[1, 1.0, 1]|integer|as-sorted,c|[1, 1.0, 2],[1, 1.5, 1]|integer|as-sorted|integer|as-sorted",,REFUSE
A:instanceof|25|0,"LinkedHashMap<String,V>",flat,"{'a': 1, 'b': 2, 'c': 3}","c|[1, 1.0, 0],[1, 1.0, 1],[1, 1.5, 1]|text|not-applicable",null reference,null,null,null,,REFUSE
A:instanceof|25|1,"LinkedHashMap<String,V>",flat,"{'a': 1, 'b': 2, 'c': 3}","c|[1, 1.0, 0],[1, 1.0, 1],[1, 1.5, 1]|text|not-applicable",Optional.empty(),null,null,null,,REFUSE
A:instanceof|25|2,"LinkedHashMap<String,V>",flat,"{'a': 1, 'b': 2, 'c': 3}","c|[1, 1.0, 0],[1, 1.0, 1],[1, 1.5, 1]|text|not-applicable",Void,null,null,null,,REFUSE
A:instanceof|25|3,"LinkedHashMap<String,V>",flat,"{'a': 1, 'b': 2, 'c': 3}","c|[1, 1.0, 0],[1, 1.0, 1],[1, 1.5, 1]|text|not-applicable",boolean,true,true,true,,REFUSE
A:instanceof|25|4,"LinkedHashMap<String,V>",flat,"{'a': 1, 'b': 2, 'c': 3}","c|[1, 1.0, 0],[1, 1.0, 1],[1, 1.5, 1]|text|not-applicable",Boolean,true,true,true,,REFUSE
A:instanceof|25|5,"LinkedHashMap<String,V>",flat,"{'a': 1, 'b': 2, 'c': 3}","c|[1, 1.0, 0],[1, 1.0, 1],[1, 1.5, 1]|text|not-applicable",short,base_42,002a,"[1, 1.3125, 5]",,REFUSE
A:instanceof|25|6,"LinkedHashMap<String,V>",flat,"{'a': 1, 'b': 2, 'c': 3}","c|[1, 1.0, 0],[1, 1.0, 1],[1, 1.5, 1]|text|not-applicable",int,base_42,0000002a,"[1, 1.3125, 5]",,REFUSE
A:instanceof|25|7,"LinkedHashMap<String,V>",flat,"{'a': 1, 'b': 2, 'c': 3}","c|[1, 1.0, 0],[1, 1.0, 1],[1, 1.5, 1]|text|not-applicable",long,base_42,000000000000002a,"[1, 1.3125, 5]",,REFUSE
A:instanceof|25|8,"LinkedHashMap<String,V>",flat,"{'a': 1, 'b': 2, 'c': 3}","c|[1, 1.0, 0],[1, 1.0, 1],[1, 1.5, 1]|text|not-applicable",Integer,base_42,0000002a,"[1, 1.3125, 5]",,REFUSE
A:instanceof|25|9,"LinkedHashMap<String,V>",flat,"{'a': 1, 'b': 2, 'c': 3}","c|[1, 1.0, 0],[1, 1.0, 1],[1, 1.5, 1]|text|not-applicable",Long,base_42,000000000000002a,"[1, 1.3125, 5]",,REFUSE
A:instanceof|25|10,"LinkedHashMap<String,V>",flat,"{'a': 1, 'b': 2, 'c': 3}","c|[1, 1.0, 0],[1, 1.0, 1],[1, 1.5, 1]|text|not-applicable",BigInteger,base_42,2a,"[1, 1.3125, 5]",,REFUSE
A:instanceof|25|11,"LinkedHashMap<String,V>",flat,"{'a': 1, 'b': 2, 'c': 3}","c|[1, 1.0, 0],[1, 1.0, 1],[1, 1.5, 1]|text|not-applicable",double,base_1_5,3ff8000000000000,"[1, 1.5, 0]",,REFUSE
A:instanceof|25|12,"LinkedHashMap<String,V>",flat,"{'a': 1, 'b': 2, 'c': 3}","c|[1, 1.0, 0],[1, 1.0, 1],[1, 1.5, 1]|text|not-applicable",float,base_1_5,3fc00000,"[1, 1.5, 0]",,REFUSE
A:instanceof|25|13,"LinkedHashMap<String,V>",flat,"{'a': 1, 'b': 2, 'c': 3}","c|[1, 1.0, 0],[1, 1.0, 1],[1, 1.5, 1]|text|not-applicable",BigDecimal,base_1_5,1.5,"[1, 1.5, 0]",,REFUSE
A:instanceof|25|14,"LinkedHashMap<String,V>",flat,"{'a': 1, 'b': 2, 'c': 3}","c|[1, 1.0, 0],[1, 1.0, 1],[1, 1.5, 1]|text|not-applicable",String,base_hello,68656c6c6f,t|68656c6c6f|5|5|5,,REFUSE
A:instanceof|25|15,"LinkedHashMap<String,V>",flat,"{'a': 1, 'b': 2, 'c': 3}","c|[1, 1.0, 0],[1, 1.0, 1],[1, 1.5, 1]|text|not-applicable",char[],base_hello,68656c6c6f,t|68656c6c6f|5|5|5,,REFUSE
A:instanceof|25|16,"LinkedHashMap<String,V>",flat,"{'a': 1, 'b': 2, 'c': 3}","c|[1, 1.0, 0],[1, 1.0, 1],[1, 1.5, 1]|text|not-applicable",StringBuilder,base_hello,68656c6c6f,t|68656c6c6f|5|5|5,,REFUSE
A:instanceof|25|17,"LinkedHashMap<String,V>",flat,"{'a': 1, 'b': 2, 'c': 3}","c|[1, 1.0, 0],[1, 1.0, 1],[1, 1.5, 1]|text|not-applicable",byte[],base_hello,68656c6c6f,t|68656c6c6f|5|5|5,,REFUSE
A:instanceof|25|18,"LinkedHashMap<String,V>",flat,"{'a': 1, 'b': 2, 'c': 3}","c|[1, 1.0, 0],[1, 1.0, 1],[1, 1.5, 1]|text|not-applicable",Object[],base,"[1, 2, 3]","c|[1, 1.0, 0],[1, 1.0, 1],[1, 1.5, 1]|integer|as-sorted",,REFUSE
A:instanceof|25|19,"LinkedHashMap<String,V>",flat,"{'a': 1, 'b': 2, 'c': 3}","c|[1, 1.0, 0],[1, 1.0, 1],[1, 1.5, 1]|text|not-applicable",long[],base,"[1, 2, 3]","c|[1, 1.0, 0],[1, 1.0, 1],[1, 1.5, 1]|integer|as-sorted",,REFUSE
A:instanceof|25|20,"LinkedHashMap<String,V>",flat,"{'a': 1, 'b': 2, 'c': 3}","c|[1, 1.0, 0],[1, 1.0, 1],[1, 1.5, 1]|text|not-applicable",ArrayList<T>,base,"[1, 2, 3]","c|[1, 1.0, 0],[1, 1.0, 1],[1, 1.5, 1]|integer|as-sorted",,REFUSE
A:instanceof|25|21,"LinkedHashMap<String,V>",flat,"{'a': 1, 'b': 2, 'c': 3}","c|[1, 1.0, 0],[1, 1.0, 1],[1, 1.5, 1]|text|not-applicable",List.of(...),base,"[1, 2, 3]","c|[1, 1.0, 0],[1, 1.0, 1],[1, 1.5, 1]|integer|as-sorted",,REFUSE
A:instanceof|25|22,"LinkedHashMap<String,V>",flat,"{'a': 1, 'b': 2, 'c': 3}","c|[1, 1.0, 0],[1, 1.0, 1],[1, 1.5, 1]|text|not-applicable",LinkedList<T>,base,"[1, 2, 3]","c|[1, 1.0, 0],[1, 1.0, 1],[1, 1.5, 1]|integer|as-sorted",,REFUSE
A:instanceof|25|23,"LinkedHashMap<String,V>",flat,"{'a': 1, 'b': 2, 'c': 3}","c|[1, 1.0, 0],[1, 1.0, 1],[1, 1.5, 1]|text|not-applicable",ArrayDeque<T>,base,"[1, 2, 3]","c|[1, 1.0, 0],[1, 1.0, 1],[1, 1.5, 1]|integer|as-sorted",,REFUSE
A:instanceof|25|24,"LinkedHashMap<String,V>",flat,"{'a': 1, 'b': 2, 'c': 3}","c|[1, 1.0, 0],[1, 1.0, 1],[1, 1.5, 1]|text|not-applicable","HashMap<String,V>",flat,"{'a': 1, 'b': 2, 'c': 3}","c|[1, 1.0, 0],[1, 1.0, 1],[1, 1.5, 1]|text|not-applicable",,REFUSE
A:instanceof|25|25,"LinkedHashMap<String,V>",flat,"{'a': 1, 'b': 2, 'c': 3}","c|[1, 1.0, 0],[1, 1.0, 1],[1, 1.5, 1]|text|not-applicable","LinkedHashMap<String,V>",flat,"{'a': 1, 'b': 2, 'c': 3}","c|[1, 1.0, 0],[1, 1.0, 1],[1, 1.5, 1]|text|not-applicable",,REFUSE
A:instanceof|25|26,"LinkedHashMap<String,V>",flat,"{'a': 1, 'b': 2, 'c': 3}","c|[1, 1.0, 0],[1, 1.0, 1],[1, 1.5, 1]|text|not-applicable","TreeMap<String,V>",flat,"{'a': 1, 'b': 2, 'c': 3}","c|[1, 1.0, 0],[1, 1.0, 1],[1, 1.5, 1]|text|not-applicable",,REFUSE
A:instanceof|25|27,"LinkedHashMap<String,V>",flat,"{'a': 1, 'b': 2, 'c': 3}","c|[1, 1.0, 0],[1, 1.0, 1],[1, 1.5, 1]|text|not-applicable",local record,flat,"{'a': 1, 'b': 2, 'c': 3}","c|[1, 1.0, 0],[1, 1.0, 1],[1, 1.5, 1]|text|not-applicable",,REFUSE
A:instanceof|25|28,"LinkedHashMap<String,V>",flat,"{'a': 1, 'b': 2, 'c': 3}","c|[1, 1.0, 0],[1, 1.0, 1],[1, 1.5, 1]|text|not-applicable",local class with fields,flat,"{'a': 1, 'b': 2, 'c': 3}","c|[1, 1.0, 0],[1, 1.0, 1],[1, 1.5, 1]|text|not-applicable",,REFUSE
A:instanceof|25|29,"LinkedHashMap<String,V>",flat,"{'a': 1, 'b': 2, 'c': 3}","c|[1, 1.0, 0],[1, 1.0, 1],[1, 1.5, 1]|text|not-applicable",List<List<Object>>,seq_in_seq,"[[1, 2], [3, 4]]","c|c|[1, 1.0, 0],[1, 1.0, 1]|integer|as-sorted,c|[1, 1.0, 2],[1, 1.5, 1]|integer|as-sorted|integer|as-sorted",,REFUSE
A:instanceof|25|30,"LinkedHashMap<String,V>",flat,"{'a': 1, 'b': 2, 'c': 3}","c|[1, 1.0, 0],[1, 1.0, 1],[1, 1.5, 1]|text|not-applicable","Map<String,Object> nesting",seq_in_seq,"[[1, 2], [3, 4]]","c|c|[1, 1.0, 0],[1, 1.0, 1]|integer|as-sorted,c|[1, 1.0, 2],[1, 1.5, 1]|integer|as-sorted|integer|as-sorted",,REFUSE
A:instanceof|25|31,"LinkedHashMap<String,V>",flat,"{'a': 1, 'b': 2, 'c': 3}","c|[1, 1.0, 0],[1, 1.0, 1],[1, 1.5, 1]|text|not-applicable",Object[][] of Object[],seq_in_seq,"[[1, 2], [3, 4]]","c|c|[1, 1.0, 0],[1, 1.0, 1]|integer|as-sorted,c|[1, 1.0, 2],[1, 1.5, 1]|integer|as-sorted|integer|as-sorted",,REFUSE
A:instanceof|26|0,"TreeMap<String,V>",flat,"{'a': 1, 'b': 2, 'c': 3}","c|[1, 1.0, 0],[1, 1.0, 1],[1, 1.5, 1]|text|not-applicable",null reference,null,null,null,,REFUSE
A:instanceof|26|1,"TreeMap<String,V>",flat,"{'a': 1, 'b': 2, 'c': 3}","c|[1, 1.0, 0],[1, 1.0, 1],[1, 1.5, 1]|text|not-applicable",Optional.empty(),null,null,null,,REFUSE
A:instanceof|26|2,"TreeMap<String,V>",flat,"{'a': 1, 'b': 2, 'c': 3}","c|[1, 1.0, 0],[1, 1.0, 1],[1, 1.5, 1]|text|not-applicable",Void,null,null,null,,REFUSE
A:instanceof|26|3,"TreeMap<String,V>",flat,"{'a': 1, 'b': 2, 'c': 3}","c|[1, 1.0, 0],[1, 1.0, 1],[1, 1.5, 1]|text|not-applicable",boolean,true,true,true,,REFUSE
A:instanceof|26|4,"TreeMap<String,V>",flat,"{'a': 1, 'b': 2, 'c': 3}","c|[1, 1.0, 0],[1, 1.0, 1],[1, 1.5, 1]|text|not-applicable",Boolean,true,true,true,,REFUSE
A:instanceof|26|5,"TreeMap<String,V>",flat,"{'a': 1, 'b': 2, 'c': 3}","c|[1, 1.0, 0],[1, 1.0, 1],[1, 1.5, 1]|text|not-applicable",short,base_42,002a,"[1, 1.3125, 5]",,REFUSE
A:instanceof|26|6,"TreeMap<String,V>",flat,"{'a': 1, 'b': 2, 'c': 3}","c|[1, 1.0, 0],[1, 1.0, 1],[1, 1.5, 1]|text|not-applicable",int,base_42,0000002a,"[1, 1.3125, 5]",,REFUSE
A:instanceof|26|7,"TreeMap<String,V>",flat,"{'a': 1, 'b': 2, 'c': 3}","c|[1, 1.0, 0],[1, 1.0, 1],[1, 1.5, 1]|text|not-applicable",long,base_42,000000000000002a,"[1, 1.3125, 5]",,REFUSE
A:instanceof|26|8,"TreeMap<String,V>",flat,"{'a': 1, 'b': 2, 'c': 3}","c|[1, 1.0, 0],[1, 1.0, 1],[1, 1.5, 1]|text|not-applicable",Integer,base_42,0000002a,"[1, 1.3125, 5]",,REFUSE
A:instanceof|26|9,"TreeMap<String,V>",flat,"{'a': 1, 'b': 2, 'c': 3}","c|[1, 1.0, 0],[1, 1.0, 1],[1, 1.5, 1]|text|not-applicable",Long,base_42,000000000000002a,"[1, 1.3125, 5]",,REFUSE
A:instanceof|26|10,"TreeMap<String,V>",flat,"{'a': 1, 'b': 2, 'c': 3}","c|[1, 1.0, 0],[1, 1.0, 1],[1, 1.5, 1]|text|not-applicable",BigInteger,base_42,2a,"[1, 1.3125, 5]",,REFUSE
A:instanceof|26|11,"TreeMap<String,V>",flat,"{'a': 1, 'b': 2, 'c': 3}","c|[1, 1.0, 0],[1, 1.0, 1],[1, 1.5, 1]|text|not-applicable",double,base_1_5,3ff8000000000000,"[1, 1.5, 0]",,REFUSE
A:instanceof|26|12,"TreeMap<String,V>",flat,"{'a': 1, 'b': 2, 'c': 3}","c|[1, 1.0, 0],[1, 1.0, 1],[1, 1.5, 1]|text|not-applicable",float,base_1_5,3fc00000,"[1, 1.5, 0]",,REFUSE
A:instanceof|26|13,"TreeMap<String,V>",flat,"{'a': 1, 'b': 2, 'c': 3}","c|[1, 1.0, 0],[1, 1.0, 1],[1, 1.5, 1]|text|not-applicable",BigDecimal,base_1_5,1.5,"[1, 1.5, 0]",,REFUSE
A:instanceof|26|14,"TreeMap<String,V>",flat,"{'a': 1, 'b': 2, 'c': 3}","c|[1, 1.0, 0],[1, 1.0, 1],[1, 1.5, 1]|text|not-applicable",String,base_hello,68656c6c6f,t|68656c6c6f|5|5|5,,REFUSE
A:instanceof|26|15,"TreeMap<String,V>",flat,"{'a': 1, 'b': 2, 'c': 3}","c|[1, 1.0, 0],[1, 1.0, 1],[1, 1.5, 1]|text|not-applicable",char[],base_hello,68656c6c6f,t|68656c6c6f|5|5|5,,REFUSE
A:instanceof|26|16,"TreeMap<String,V>",flat,"{'a': 1, 'b': 2, 'c': 3}","c|[1, 1.0, 0],[1, 1.0, 1],[1, 1.5, 1]|text|not-applicable",StringBuilder,base_hello,68656c6c6f,t|68656c6c6f|5|5|5,,REFUSE
A:instanceof|26|17,"TreeMap<String,V>",flat,"{'a': 1, 'b': 2, 'c': 3}","c|[1, 1.0, 0],[1, 1.0, 1],[1, 1.5, 1]|text|not-applicable",byte[],base_hello,68656c6c6f,t|68656c6c6f|5|5|5,,REFUSE
A:instanceof|26|18,"TreeMap<String,V>",flat,"{'a': 1, 'b': 2, 'c': 3}","c|[1, 1.0, 0],[1, 1.0, 1],[1, 1.5, 1]|text|not-applicable",Object[],base,"[1, 2, 3]","c|[1, 1.0, 0],[1, 1.0, 1],[1, 1.5, 1]|integer|as-sorted",,REFUSE
A:instanceof|26|19,"TreeMap<String,V>",flat,"{'a': 1, 'b': 2, 'c': 3}","c|[1, 1.0, 0],[1, 1.0, 1],[1, 1.5, 1]|text|not-applicable",long[],base,"[1, 2, 3]","c|[1, 1.0, 0],[1, 1.0, 1],[1, 1.5, 1]|integer|as-sorted",,REFUSE
A:instanceof|26|20,"TreeMap<String,V>",flat,"{'a': 1, 'b': 2, 'c': 3}","c|[1, 1.0, 0],[1, 1.0, 1],[1, 1.5, 1]|text|not-applicable",ArrayList<T>,base,"[1, 2, 3]","c|[1, 1.0, 0],[1, 1.0, 1],[1, 1.5, 1]|integer|as-sorted",,REFUSE
A:instanceof|26|21,"TreeMap<String,V>",flat,"{'a': 1, 'b': 2, 'c': 3}","c|[1, 1.0, 0],[1, 1.0, 1],[1, 1.5, 1]|text|not-applicable",List.of(...),base,"[1, 2, 3]","c|[1, 1.0, 0],[1, 1.0, 1],[1, 1.5, 1]|integer|as-sorted",,REFUSE
A:instanceof|26|22,"TreeMap<String,V>",flat,"{'a': 1, 'b': 2, 'c': 3}","c|[1, 1.0, 0],[1, 1.0, 1],[1, 1.5, 1]|text|not-applicable",LinkedList<T>,base,"[1, 2, 3]","c|[1, 1.0, 0],[1, 1.0, 1],[1, 1.5, 1]|integer|as-sorted",,REFUSE
A:instanceof|26|23,"TreeMap<String,V>",flat,"{'a': 1, 'b': 2, 'c': 3}","c|[1, 1.0, 0],[1, 1.0, 1],[1, 1.5, 1]|text|not-applicable",ArrayDeque<T>,base,"[1, 2, 3]","c|[1, 1.0, 0],[1, 1.0, 1],[1, 1.5, 1]|integer|as-sorted",,REFUSE
A:instanceof|26|24,"TreeMap<String,V>",flat,"{'a': 1, 'b': 2, 'c': 3}","c|[1, 1.0, 0],[1, 1.0, 1],[1, 1.5, 1]|text|not-applicable","HashMap<String,V>",flat,"{'a': 1, 'b': 2, 'c': 3}","c|[1, 1.0, 0],[1, 1.0, 1],[1, 1.5, 1]|text|not-applicable",,REFUSE
A:instanceof|26|25,"TreeMap<String,V>",flat,"{'a': 1, 'b': 2, 'c': 3}","c|[1, 1.0, 0],[1, 1.0, 1],[1, 1.5, 1]|text|not-applicable","LinkedHashMap<String,V>",flat,"{'a': 1, 'b': 2, 'c': 3}","c|[1, 1.0, 0],[1, 1.0, 1],[1, 1.5, 1]|text|not-applicable",,REFUSE
A:instanceof|26|26,"TreeMap<String,V>",flat,"{'a': 1, 'b': 2, 'c': 3}","c|[1, 1.0, 0],[1, 1.0, 1],[1, 1.5, 1]|text|not-applicable","TreeMap<String,V>",flat,"{'a': 1, 'b': 2, 'c': 3}","c|[1, 1.0, 0],[1, 1.0, 1],[1, 1.5, 1]|text|not-applicable",,REFUSE
A:instanceof|26|27,"TreeMap<String,V>",flat,"{'a': 1, 'b': 2, 'c': 3}","c|[1, 1.0, 0],[1, 1.0, 1],[1, 1.5, 1]|text|not-applicable",local record,flat,"{'a': 1, 'b': 2, 'c': 3}","c|[1, 1.0, 0],[1, 1.0, 1],[1, 1.5, 1]|text|not-applicable",,REFUSE
A:instanceof|26|28,"TreeMap<String,V>",flat,"{'a': 1, 'b': 2, 'c': 3}","c|[1, 1.0, 0],[1, 1.0, 1],[1, 1.5, 1]|text|not-applicable",local class with fields,flat,"{'a': 1, 'b': 2, 'c': 3}","c|[1, 1.0, 0],[1, 1.0, 1],[1, 1.5, 1]|text|not-applicable",,REFUSE
A:instanceof|26|29,"TreeMap<String,V>",flat,"{'a': 1, 'b': 2, 'c': 3}","c|[1, 1.0, 0],[1, 1.0, 1],[1, 1.5, 1]|text|not-applicable",List<List<Object>>,seq_in_seq,"[[1, 2], [3, 4]]","c|c|[1, 1.0, 0],[1, 1.0, 1]|integer|as-sorted,c|[1, 1.0, 2],[1, 1.5, 1]|integer|as-sorted|integer|as-sorted",,REFUSE
A:instanceof|26|30,"TreeMap<String,V>",flat,"{'a': 1, 'b': 2, 'c': 3}","c|[1, 1.0, 0],[1, 1.0, 1],[1, 1.5, 1]|text|not-applicable","Map<String,Object> nesting",seq_in_seq,"[[1, 2], [3, 4]]","c|c|[1, 1.0, 0],[1, 1.0, 1]|integer|as-sorted,c|[1, 1.0, 2],[1, 1.5, 1]|integer|as-sorted|integer|as-sorted",,REFUSE
A:instanceof|26|31,"TreeMap<String,V>",flat,"{'a': 1, 'b': 2, 'c': 3}","c|[1, 1.0, 0],[1, 1.0, 1],[1, 1.5, 1]|text|not-applicable",Object[][] of Object[],seq_in_seq,"[[1, 2], [3, 4]]","c|c|[1, 1.0, 0],[1, 1.0, 1]|integer|as-sorted,c|[1, 1.0, 2],[1, 1.5, 1]|integer|as-sorted|integer|as-sorted",,REFUSE
A:instanceof|27|0,local record,flat,"{'a': 1, 'b': 2, 'c': 3}","c|[1, 1.0, 0],[1, 1.0, 1],[1, 1.5, 1]|text|not-applicable",null reference,null,null,null,,REFUSE
A:instanceof|27|1,local record,flat,"{'a': 1, 'b': 2, 'c': 3}","c|[1, 1.0, 0],[1, 1.0, 1],[1, 1.5, 1]|text|not-applicable",Optional.empty(),null,null,null,,REFUSE
A:instanceof|27|2,local record,flat,"{'a': 1, 'b': 2, 'c': 3}","c|[1, 1.0, 0],[1, 1.0, 1],[1, 1.5, 1]|text|not-applicable",Void,null,null,null,,REFUSE
A:instanceof|27|3,local record,flat,"{'a': 1, 'b': 2, 'c': 3}","c|[1, 1.0, 0],[1, 1.0, 1],[1, 1.5, 1]|text|not-applicable",boolean,true,true,true,,REFUSE
A:instanceof|27|4,local record,flat,"{'a': 1, 'b': 2, 'c': 3}","c|[1, 1.0, 0],[1, 1.0, 1],[1, 1.5, 1]|text|not-applicable",Boolean,true,true,true,,REFUSE
A:instanceof|27|5,local record,flat,"{'a': 1, 'b': 2, 'c': 3}","c|[1, 1.0, 0],[1, 1.0, 1],[1, 1.5, 1]|text|not-applicable",short,base_42,002a,"[1, 1.3125, 5]",,REFUSE
A:instanceof|27|6,local record,flat,"{'a': 1, 'b': 2, 'c': 3}","c|[1, 1.0, 0],[1, 1.0, 1],[1, 1.5, 1]|text|not-applicable",int,base_42,0000002a,"[1, 1.3125, 5]",,REFUSE
A:instanceof|27|7,local record,flat,"{'a': 1, 'b': 2, 'c': 3}","c|[1, 1.0, 0],[1, 1.0, 1],[1, 1.5, 1]|text|not-applicable",long,base_42,000000000000002a,"[1, 1.3125, 5]",,REFUSE
A:instanceof|27|8,local record,flat,"{'a': 1, 'b': 2, 'c': 3}","c|[1, 1.0, 0],[1, 1.0, 1],[1, 1.5, 1]|text|not-applicable",Integer,base_42,0000002a,"[1, 1.3125, 5]",,REFUSE
A:instanceof|27|9,local record,flat,"{'a': 1, 'b': 2, 'c': 3}","c|[1, 1.0, 0],[1, 1.0, 1],[1, 1.5, 1]|text|not-applicable",Long,base_42,000000000000002a,"[1, 1.3125, 5]",,REFUSE
A:instanceof|27|10,local record,flat,"{'a': 1, 'b': 2, 'c': 3}","c|[1, 1.0, 0],[1, 1.0, 1],[1, 1.5, 1]|text|not-applicable",BigInteger,base_42,2a,"[1, 1.3125, 5]",,REFUSE
A:instanceof|27|11,local record,flat,"{'a': 1, 'b': 2, 'c': 3}","c|[1, 1.0, 0],[1, 1.0, 1],[1, 1.5, 1]|text|not-applicable",double,base_1_5,3ff8000000000000,"[1, 1.5, 0]",,REFUSE
A:instanceof|27|12,local record,flat,"{'a': 1, 'b': 2, 'c': 3}","c|[1, 1.0, 0],[1, 1.0, 1],[1, 1.5, 1]|text|not-applicable",float,base_1_5,3fc00000,"[1, 1.5, 0]",,REFUSE
A:instanceof|27|13,local record,flat,"{'a': 1, 'b': 2, 'c': 3}","c|[1, 1.0, 0],[1, 1.0, 1],[1, 1.5, 1]|text|not-applicable",BigDecimal,base_1_5,1.5,"[1, 1.5, 0]",,REFUSE
A:instanceof|27|14,local record,flat,"{'a': 1, 'b': 2, 'c': 3}","c|[1, 1.0, 0],[1, 1.0, 1],[1, 1.5, 1]|text|not-applicable",String,base_hello,68656c6c6f,t|68656c6c6f|5|5|5,,REFUSE
A:instanceof|27|15,local record,flat,"{'a': 1, 'b': 2, 'c': 3}","c|[1, 1.0, 0],[1, 1.0, 1],[1, 1.5, 1]|text|not-applicable",char[],base_hello,68656c6c6f,t|68656c6c6f|5|5|5,,REFUSE
A:instanceof|27|16,local record,flat,"{'a': 1, 'b': 2, 'c': 3}","c|[1, 1.0, 0],[1, 1.0, 1],[1, 1.5, 1]|text|not-applicable",StringBuilder,base_hello,68656c6c6f,t|68656c6c6f|5|5|5,,REFUSE
A:instanceof|27|17,local record,flat,"{'a': 1, 'b': 2, 'c': 3}","c|[1, 1.0, 0],[1, 1.0, 1],[1, 1.5, 1]|text|not-applicable",byte[],base_hello,68656c6c6f,t|68656c6c6f|5|5|5,,REFUSE
A:instanceof|27|18,local record,flat,"{'a': 1, 'b': 2, 'c': 3}","c|[1, 1.0, 0],[1, 1.0, 1],[1, 1.5, 1]|text|not-applicable",Object[],base,"[1, 2, 3]","c|[1, 1.0, 0],[1, 1.0, 1],[1, 1.5, 1]|integer|as-sorted",,REFUSE
A:instanceof|27|19,local record,flat,"{'a': 1, 'b': 2, 'c': 3}","c|[1, 1.0, 0],[1, 1.0, 1],[1, 1.5, 1]|text|not-applicable",long[],base,"[1, 2, 3]","c|[1, 1.0, 0],[1, 1.0, 1],[1, 1.5, 1]|integer|as-sorted",,REFUSE
A:instanceof|27|20,local record,flat,"{'a': 1, 'b': 2, 'c': 3}","c|[1, 1.0, 0],[1, 1.0, 1],[1, 1.5, 1]|text|not-applicable",ArrayList<T>,base,"[1, 2, 3]","c|[1, 1.0, 0],[1, 1.0, 1],[1, 1.5, 1]|integer|as-sorted",,REFUSE
A:instanceof|27|21,local record,flat,"{'a': 1, 'b': 2, 'c': 3}","c|[1, 1.0, 0],[1, 1.0, 1],[1, 1.5, 1]|text|not-applicable",List.of(...),base,"[1, 2, 3]","c|[1, 1.0, 0],[1, 1.0, 1],[1, 1.5, 1]|integer|as-sorted",,REFUSE
A:instanceof|27|22,local record,flat,"{'a': 1, 'b': 2, 'c': 3}","c|[1, 1.0, 0],[1, 1.0, 1],[1, 1.5, 1]|text|not-applicable",LinkedList<T>,base,"[1, 2, 3]","c|[1, 1.0, 0],[1, 1.0, 1],[1, 1.5, 1]|integer|as-sorted",,REFUSE
A:instanceof|27|23,local record,flat,"{'a': 1, 'b': 2, 'c': 3}","c|[1, 1.0, 0],[1, 1.0, 1],[1, 1.5, 1]|text|not-applicable",ArrayDeque<T>,base,"[1, 2, 3]","c|[1, 1.0, 0],[1, 1.0, 1],[1, 1.5, 1]|integer|as-sorted",,REFUSE
A:instanceof|27|24,local record,flat,"{'a': 1, 'b': 2, 'c': 3}","c|[1, 1.0, 0],[1, 1.0, 1],[1, 1.5, 1]|text|not-applicable","HashMap<String,V>",flat,"{'a': 1, 'b': 2, 'c': 3}","c|[1, 1.0, 0],[1, 1.0, 1],[1, 1.5, 1]|text|not-applicable",,REFUSE
A:instanceof|27|25,local record,flat,"{'a': 1, 'b': 2, 'c': 3}","c|[1, 1.0, 0],[1, 1.0, 1],[1, 1.5, 1]|text|not-applicable","LinkedHashMap<String,V>",flat,"{'a': 1, 'b': 2, 'c': 3}","c|[1, 1.0, 0],[1, 1.0, 1],[1, 1.5, 1]|text|not-applicable",,REFUSE
A:instanceof|27|26,local record,flat,"{'a': 1, 'b': 2, 'c': 3}","c|[1, 1.0, 0],[1, 1.0, 1],[1, 1.5, 1]|text|not-applicable","TreeMap<String,V>",flat,"{'a': 1, 'b': 2, 'c': 3}","c|[1, 1.0, 0],[1, 1.0, 1],[1, 1.5, 1]|text|not-applicable",,REFUSE
A:instanceof|27|27,local record,flat,"{'a': 1, 'b': 2, 'c': 3}","c|[1, 1.0, 0],[1, 1.0, 1],[1, 1.5, 1]|text|not-applicable",local record,flat,"{'a': 1, 'b': 2, 'c': 3}","c|[1, 1.0, 0],[1, 1.0, 1],[1, 1.5, 1]|text|not-applicable",,REFUSE
A:instanceof|27|28,local record,flat,"{'a': 1, 'b': 2, 'c': 3}","c|[1, 1.0, 0],[1, 1.0, 1],[1, 1.5, 1]|text|not-applicable",local class with fields,flat,"{'a': 1, 'b': 2, 'c': 3}","c|[1, 1.0, 0],[1, 1.0, 1],[1, 1.5, 1]|text|not-applicable",,REFUSE
A:instanceof|27|29,local record,flat,"{'a': 1, 'b': 2, 'c': 3}","c|[1, 1.0, 0],[1, 1.0, 1],[1, 1.5, 1]|text|not-applicable",List<List<Object>>,seq_in_seq,"[[1, 2], [3, 4]]","c|c|[1, 1.0, 0],[1, 1.0, 1]|integer|as-sorted,c|[1, 1.0, 2],[1, 1.5, 1]|integer|as-sorted|integer|as-sorted",,REFUSE
A:instanceof|27|30,local record,flat,"{'a': 1, 'b': 2, 'c': 3}","c|[1, 1.0, 0],[1, 1.0, 1],[1, 1.5, 1]|text|not-applicable","Map<String,Object> nesting",seq_in_seq,"[[1, 2], [3, 4]]","c|c|[1, 1.0, 0],[1, 1.0, 1]|integer|as-sorted,c|[1, 1.0, 2],[1, 1.5, 1]|integer|as-sorted|integer|as-sorted",,REFUSE
A:instanceof|27|31,local record,flat,"{'a': 1, 'b': 2, 'c': 3}","c|[1, 1.0, 0],[1, 1.0, 1],[1, 1.5, 1]|text|not-applicable",Object[][] of Object[],seq_in_seq,"[[1, 2], [3, 4]]","c|c|[1, 1.0, 0],[1, 1.0, 1]|integer|as-sorted,c|[1, 1.0, 2],[1, 1.5, 1]|integer|as-sorted|integer|as-sorted",,REFUSE
A:instanceof|28|0,local class with fields,flat,"{'a': 1, 'b': 2, 'c': 3}","c|[1, 1.0, 0],[1, 1.0, 1],[1, 1.5, 1]|text|not-applicable",null reference,null,null,null,,REFUSE
A:instanceof|28|1,local class with fields,flat,"{'a': 1, 'b': 2, 'c': 3}","c|[1, 1.0, 0],[1, 1.0, 1],[1, 1.5, 1]|text|not-applicable",Optional.empty(),null,null,null,,REFUSE
A:instanceof|28|2,local class with fields,flat,"{'a': 1, 'b': 2, 'c': 3}","c|[1, 1.0, 0],[1, 1.0, 1],[1, 1.5, 1]|text|not-applicable",Void,null,null,null,,REFUSE
A:instanceof|28|3,local class with fields,flat,"{'a': 1, 'b': 2, 'c': 3}","c|[1, 1.0, 0],[1, 1.0, 1],[1, 1.5, 1]|text|not-applicable",boolean,true,true,true,,REFUSE
A:instanceof|28|4,local class with fields,flat,"{'a': 1, 'b': 2, 'c': 3}","c|[1, 1.0, 0],[1, 1.0, 1],[1, 1.5, 1]|text|not-applicable",Boolean,true,true,true,,REFUSE
A:instanceof|28|5,local class with fields,flat,"{'a': 1, 'b': 2, 'c': 3}","c|[1, 1.0, 0],[1, 1.0, 1],[1, 1.5, 1]|text|not-applicable",short,base_42,002a,"[1, 1.3125, 5]",,REFUSE
A:instanceof|28|6,local class with fields,flat,"{'a': 1, 'b': 2, 'c': 3}","c|[1, 1.0, 0],[1, 1.0, 1],[1, 1.5, 1]|text|not-applicable",int,base_42,0000002a,"[1, 1.3125, 5]",,REFUSE
A:instanceof|28|7,local class with fields,flat,"{'a': 1, 'b': 2, 'c': 3}","c|[1, 1.0, 0],[1, 1.0, 1],[1, 1.5, 1]|text|not-applicable",long,base_42,000000000000002a,"[1, 1.3125, 5]",,REFUSE
A:instanceof|28|8,local class with fields,flat,"{'a': 1, 'b': 2, 'c': 3}","c|[1, 1.0, 0],[1, 1.0, 1],[1, 1.5, 1]|text|not-applicable",Integer,base_42,0000002a,"[1, 1.3125, 5]",,REFUSE
A:instanceof|28|9,local class with fields,flat,"{'a': 1, 'b': 2, 'c': 3}","c|[1, 1.0, 0],[1, 1.0, 1],[1, 1.5, 1]|text|not-applicable",Long,base_42,000000000000002a,"[1, 1.3125, 5]",,REFUSE
A:instanceof|28|10,local class with fields,flat,"{'a': 1, 'b': 2, 'c': 3}","c|[1, 1.0, 0],[1, 1.0, 1],[1, 1.5, 1]|text|not-applicable",BigInteger,base_42,2a,"[1, 1.3125, 5]",,REFUSE
A:instanceof|28|11,local class with fields,flat,"{'a': 1, 'b': 2, 'c': 3}","c|[1, 1.0, 0],[1, 1.0, 1],[1, 1.5, 1]|text|not-applicable",double,base_1_5,3ff8000000000000,"[1, 1.5, 0]",,REFUSE
A:instanceof|28|12,local class with fields,flat,"{'a': 1, 'b': 2, 'c': 3}","c|[1, 1.0, 0],[1, 1.0, 1],[1, 1.5, 1]|text|not-applicable",float,base_1_5,3fc00000,"[1, 1.5, 0]",,REFUSE
A:instanceof|28|13,local class with fields,flat,"{'a': 1, 'b': 2, 'c': 3}","c|[1, 1.0, 0],[1, 1.0, 1],[1, 1.5, 1]|text|not-applicable",BigDecimal,base_1_5,1.5,"[1, 1.5, 0]",,REFUSE
A:instanceof|28|14,local class with fields,flat,"{'a': 1, 'b': 2, 'c': 3}","c|[1, 1.0, 0],[1, 1.0, 1],[1, 1.5, 1]|text|not-applicable",String,base_hello,68656c6c6f,t|68656c6c6f|5|5|5,,REFUSE
A:instanceof|28|15,local class with fields,flat,"{'a': 1, 'b': 2, 'c': 3}","c|[1, 1.0, 0],[1, 1.0, 1],[1, 1.5, 1]|text|not-applicable",char[],base_hello,68656c6c6f,t|68656c6c6f|5|5|5,,REFUSE
A:instanceof|28|16,local class with fields,flat,"{'a': 1, 'b': 2, 'c': 3}","c|[1, 1.0, 0],[1, 1.0, 1],[1, 1.5, 1]|text|not-applicable",StringBuilder,base_hello,68656c6c6f,t|68656c6c6f|5|5|5,,REFUSE
A:instanceof|28|17,local class with fields,flat,"{'a': 1, 'b': 2, 'c': 3}","c|[1, 1.0, 0],[1, 1.0, 1],[1, 1.5, 1]|text|not-applicable",byte[],base_hello,68656c6c6f,t|68656c6c6f|5|5|5,,REFUSE
A:instanceof|28|18,local class with fields,flat,"{'a': 1, 'b': 2, 'c': 3}","c|[1, 1.0, 0],[1, 1.0, 1],[1, 1.5, 1]|text|not-applicable",Object[],base,"[1, 2, 3]","c|[1, 1.0, 0],[1, 1.0, 1],[1, 1.5, 1]|integer|as-sorted",,REFUSE
A:instanceof|28|19,local class with fields,flat,"{'a': 1, 'b': 2, 'c': 3}","c|[1, 1.0, 0],[1, 1.0, 1],[1, 1.5, 1]|text|not-applicable",long[],base,"[1, 2, 3]","c|[1, 1.0, 0],[1, 1.0, 1],[1, 1.5, 1]|integer|as-sorted",,REFUSE
A:instanceof|28|20,local class with fields,flat,"{'a': 1, 'b': 2, 'c': 3}","c|[1, 1.0, 0],[1, 1.0, 1],[1, 1.5, 1]|text|not-applicable",ArrayList<T>,base,"[1, 2, 3]","c|[1, 1.0, 0],[1, 1.0, 1],[1, 1.5, 1]|integer|as-sorted",,REFUSE
A:instanceof|28|21,local class with fields,flat,"{'a': 1, 'b': 2, 'c': 3}","c|[1, 1.0, 0],[1, 1.0, 1],[1, 1.5, 1]|text|not-applicable",List.of(...),base,"[1, 2, 3]","c|[1, 1.0, 0],[1, 1.0, 1],[1, 1.5, 1]|integer|as-sorted",,REFUSE
A:instanceof|28|22,local class with fields,flat,"{'a': 1, 'b': 2, 'c': 3}","c|[1, 1.0, 0],[1, 1.0, 1],[1, 1.5, 1]|text|not-applicable",LinkedList<T>,base,"[1, 2, 3]","c|[1, 1.0, 0],[1, 1.0, 1],[1, 1.5, 1]|integer|as-sorted",,REFUSE
A:instanceof|28|23,local class with fields,flat,"{'a': 1, 'b': 2, 'c': 3}","c|[1, 1.0, 0],[1, 1.0, 1],[1, 1.5, 1]|text|not-applicable",ArrayDeque<T>,base,"[1, 2, 3]","c|[1, 1.0, 0],[1, 1.0, 1],[1, 1.5, 1]|integer|as-sorted",,REFUSE
A:instanceof|28|24,local class with fields,flat,"{'a': 1, 'b': 2, 'c': 3}","c|[1, 1.0, 0],[1, 1.0, 1],[1, 1.5, 1]|text|not-applicable","HashMap<String,V>",flat,"{'a': 1, 'b': 2, 'c': 3}","c|[1, 1.0, 0],[1, 1.0, 1],[1, 1.5, 1]|text|not-applicable",,REFUSE
A:instanceof|28|25,local class with fields,flat,"{'a': 1, 'b': 2, 'c': 3}","c|[1, 1.0, 0],[1, 1.0, 1],[1, 1.5, 1]|text|not-applicable","LinkedHashMap<String,V>",flat,"{'a': 1, 'b': 2, 'c': 3}","c|[1, 1.0, 0],[1, 1.0, 1],[1, 1.5, 1]|text|not-applicable",,REFUSE
A:instanceof|28|26,local class with fields,flat,"{'a': 1, 'b': 2, 'c': 3}","c|[1, 1.0, 0],[1, 1.0, 1],[1, 1.5, 1]|text|not-applicable","TreeMap<String,V>",flat,"{'a': 1, 'b': 2, 'c': 3}","c|[1, 1.0, 0],[1, 1.0, 1],[1, 1.5, 1]|text|not-applicable",,REFUSE
A:instanceof|28|27,local class with fields,flat,"{'a': 1, 'b': 2, 'c': 3}","c|[1, 1.0, 0],[1, 1.0, 1],[1, 1.5, 1]|text|not-applicable",local record,flat,"{'a': 1, 'b': 2, 'c': 3}","c|[1, 1.0, 0],[1, 1.0, 1],[1, 1.5, 1]|text|not-applicable",,REFUSE
A:instanceof|28|28,local class with fields,flat,"{'a': 1, 'b': 2, 'c': 3}","c|[1, 1.0, 0],[1, 1.0, 1],[1, 1.5, 1]|text|not-applicable",local class with fields,flat,"{'a': 1, 'b': 2, 'c': 3}","c|[1, 1.0, 0],[1, 1.0, 1],[1, 1.5, 1]|text|not-applicable",,REFUSE
A:instanceof|28|29,local class with fields,flat,"{'a': 1, 'b': 2, 'c': 3}","c|[1, 1.0, 0],[1, 1.0, 1],[1, 1.5, 1]|text|not-applicable",List<List<Object>>,seq_in_seq,"[[1, 2], [3, 4]]","c|c|[1, 1.0, 0],[1, 1.0, 1]|integer|as-sorted,c|[1, 1.0, 2],[1, 1.5, 1]|integer|as-sorted|integer|as-sorted",,REFUSE
A:instanceof|28|30,local class with fields,flat,"{'a': 1, 'b': 2, 'c': 3}","c|[1, 1.0, 0],[1, 1.0, 1],[1, 1.5, 1]|text|not-applicable","Map<String,Object> nesting",seq_in_seq,"[[1, 2], [3, 4]]","c|c|[1, 1.0, 0],[1, 1.0, 1]|integer|as-sorted,c|[1, 1.0, 2],[1, 1.5, 1]|integer|as-sorted|integer|as-sorted",,REFUSE
A:instanceof|28|31,local class with fields,flat,"{'a': 1, 'b': 2, 'c': 3}","c|[1, 1.0, 0],[1, 1.0, 1],[1, 1.5, 1]|text|not-applicable",Object[][] of Object[],seq_in_seq,"[[1, 2], [3, 4]]","c|c|[1, 1.0, 0],[1, 1.0, 1]|integer|as-sorted,c|[1, 1.0, 2],[1, 1.5, 1]|integer|as-sorted|integer|as-sorted",,REFUSE
A:instanceof|29|0,List<List<Object>>,seq_in_seq,"[[1, 2], [3, 4]]","c|c|[1, 1.0, 0],[1, 1.0, 1]|integer|as-sorted,c|[1, 1.0, 2],[1, 1.5, 1]|integer|as-sorted|integer|as-sorted",null reference,null,null,null,,REFUSE
A:instanceof|29|1,List<List<Object>>,seq_in_seq,"[[1, 2], [3, 4]]","c|c|[1, 1.0, 0],[1, 1.0, 1]|integer|as-sorted,c|[1, 1.0, 2],[1, 1.5, 1]|integer|as-sorted|integer|as-sorted",Optional.empty(),null,null,null,,REFUSE
A:instanceof|29|2,List<List<Object>>,seq_in_seq,"[[1, 2], [3, 4]]","c|c|[1, 1.0, 0],[1, 1.0, 1]|integer|as-sorted,c|[1, 1.0, 2],[1, 1.5, 1]|integer|as-sorted|integer|as-sorted",Void,null,null,null,,REFUSE
A:instanceof|29|3,List<List<Object>>,seq_in_seq,"[[1, 2], [3, 4]]","c|c|[1, 1.0, 0],[1, 1.0, 1]|integer|as-sorted,c|[1, 1.0, 2],[1, 1.5, 1]|integer|as-sorted|integer|as-sorted",boolean,true,true,true,,REFUSE
A:instanceof|29|4,List<List<Object>>,seq_in_seq,"[[1, 2], [3, 4]]","c|c|[1, 1.0, 0],[1, 1.0, 1]|integer|as-sorted,c|[1, 1.0, 2],[1, 1.5, 1]|integer|as-sorted|integer|as-sorted",Boolean,true,true,true,,REFUSE
A:instanceof|29|5,List<List<Object>>,seq_in_seq,"[[1, 2], [3, 4]]","c|c|[1, 1.0, 0],[1, 1.0, 1]|integer|as-sorted,c|[1, 1.0, 2],[1, 1.5, 1]|integer|as-sorted|integer|as-sorted",short,base_42,002a,"[1, 1.3125, 5]",,REFUSE
A:instanceof|29|6,List<List<Object>>,seq_in_seq,"[[1, 2], [3, 4]]","c|c|[1, 1.0, 0],[1, 1.0, 1]|integer|as-sorted,c|[1, 1.0, 2],[1, 1.5, 1]|integer|as-sorted|integer|as-sorted",int,base_42,0000002a,"[1, 1.3125, 5]",,REFUSE
A:instanceof|29|7,List<List<Object>>,seq_in_seq,"[[1, 2], [3, 4]]","c|c|[1, 1.0, 0],[1, 1.0, 1]|integer|as-sorted,c|[1, 1.0, 2],[1, 1.5, 1]|integer|as-sorted|integer|as-sorted",long,base_42,000000000000002a,"[1, 1.3125, 5]",,REFUSE
A:instanceof|29|8,List<List<Object>>,seq_in_seq,"[[1, 2], [3, 4]]","c|c|[1, 1.0, 0],[1, 1.0, 1]|integer|as-sorted,c|[1, 1.0, 2],[1, 1.5, 1]|integer|as-sorted|integer|as-sorted",Integer,base_42,0000002a,"[1, 1.3125, 5]",,REFUSE
A:instanceof|29|9,List<List<Object>>,seq_in_seq,"[[1, 2], [3, 4]]","c|c|[1, 1.0, 0],[1, 1.0, 1]|integer|as-sorted,c|[1, 1.0, 2],[1, 1.5, 1]|integer|as-sorted|integer|as-sorted",Long,base_42,000000000000002a,"[1, 1.3125, 5]",,REFUSE
A:instanceof|29|10,List<List<Object>>,seq_in_seq,"[[1, 2], [3, 4]]","c|c|[1, 1.0, 0],[1, 1.0, 1]|integer|as-sorted,c|[1, 1.0, 2],[1, 1.5, 1]|integer|as-sorted|integer|as-sorted",BigInteger,base_42,2a,"[1, 1.3125, 5]",,REFUSE
A:instanceof|29|11,List<List<Object>>,seq_in_seq,"[[1, 2], [3, 4]]","c|c|[1, 1.0, 0],[1, 1.0, 1]|integer|as-sorted,c|[1, 1.0, 2],[1, 1.5, 1]|integer|as-sorted|integer|as-sorted",double,base_1_5,3ff8000000000000,"[1, 1.5, 0]",,REFUSE
A:instanceof|29|12,List<List<Object>>,seq_in_seq,"[[1, 2], [3, 4]]","c|c|[1, 1.0, 0],[1, 1.0, 1]|integer|as-sorted,c|[1, 1.0, 2],[1, 1.5, 1]|integer|as-sorted|integer|as-sorted",float,base_1_5,3fc00000,"[1, 1.5, 0]",,REFUSE
A:instanceof|29|13,List<List<Object>>,seq_in_seq,"[[1, 2], [3, 4]]","c|c|[1, 1.0, 0],[1, 1.0, 1]|integer|as-sorted,c|[1, 1.0, 2],[1, 1.5, 1]|integer|as-sorted|integer|as-sorted",BigDecimal,base_1_5,1.5,"[1, 1.5, 0]",,REFUSE
A:instanceof|29|14,List<List<Object>>,seq_in_seq,"[[1, 2], [3, 4]]","c|c|[1, 1.0, 0],[1, 1.0, 1]|integer|as-sorted,c|[1, 1.0, 2],[1, 1.5, 1]|integer|as-sorted|integer|as-sorted",String,base_hello,68656c6c6f,t|68656c6c6f|5|5|5,,REFUSE
A:instanceof|29|15,List<List<Object>>,seq_in_seq,"[[1, 2], [3, 4]]","c|c|[1, 1.0, 0],[1, 1.0, 1]|integer|as-sorted,c|[1, 1.0, 2],[1, 1.5, 1]|integer|as-sorted|integer|as-sorted",char[],base_hello,68656c6c6f,t|68656c6c6f|5|5|5,,REFUSE
A:instanceof|29|16,List<List<Object>>,seq_in_seq,"[[1, 2], [3, 4]]","c|c|[1, 1.0, 0],[1, 1.0, 1]|integer|as-sorted,c|[1, 1.0, 2],[1, 1.5, 1]|integer|as-sorted|integer|as-sorted",StringBuilder,base_hello,68656c6c6f,t|68656c6c6f|5|5|5,,REFUSE
A:instanceof|29|17,List<List<Object>>,seq_in_seq,"[[1, 2], [3, 4]]","c|c|[1, 1.0, 0],[1, 1.0, 1]|integer|as-sorted,c|[1, 1.0, 2],[1, 1.5, 1]|integer|as-sorted|integer|as-sorted",byte[],base_hello,68656c6c6f,t|68656c6c6f|5|5|5,,REFUSE
A:instanceof|29|18,List<List<Object>>,seq_in_seq,"[[1, 2], [3, 4]]","c|c|[1, 1.0, 0],[1, 1.0, 1]|integer|as-sorted,c|[1, 1.0, 2],[1, 1.5, 1]|integer|as-sorted|integer|as-sorted",Object[],base,"[1, 2, 3]","c|[1, 1.0, 0],[1, 1.0, 1],[1, 1.5, 1]|integer|as-sorted",,REFUSE
A:instanceof|29|19,List<List<Object>>,seq_in_seq,"[[1, 2], [3, 4]]","c|c|[1, 1.0, 0],[1, 1.0, 1]|integer|as-sorted,c|[1, 1.0, 2],[1, 1.5, 1]|integer|as-sorted|integer|as-sorted",long[],base,"[1, 2, 3]","c|[1, 1.0, 0],[1, 1.0, 1],[1, 1.5, 1]|integer|as-sorted",,REFUSE
A:instanceof|29|20,List<List<Object>>,seq_in_seq,"[[1, 2], [3, 4]]","c|c|[1, 1.0, 0],[1, 1.0, 1]|integer|as-sorted,c|[1, 1.0, 2],[1, 1.5, 1]|integer|as-sorted|integer|as-sorted",ArrayList<T>,base,"[1, 2, 3]","c|[1, 1.0, 0],[1, 1.0, 1],[1, 1.5, 1]|integer|as-sorted",,REFUSE
A:instanceof|29|21,List<List<Object>>,seq_in_seq,"[[1, 2], [3, 4]]","c|c|[1, 1.0, 0],[1, 1.0, 1]|integer|as-sorted,c|[1, 1.0, 2],[1, 1.5, 1]|integer|as-sorted|integer|as-sorted",List.of(...),base,"[1, 2, 3]","c|[1, 1.0, 0],[1, 1.0, 1],[1, 1.5, 1]|integer|as-sorted",,REFUSE
A:instanceof|29|22,List<List<Object>>,seq_in_seq,"[[1, 2], [3, 4]]","c|c|[1, 1.0, 0],[1, 1.0, 1]|integer|as-sorted,c|[1, 1.0, 2],[1, 1.5, 1]|integer|as-sorted|integer|as-sorted",LinkedList<T>,base,"[1, 2, 3]","c|[1, 1.0, 0],[1, 1.0, 1],[1, 1.5, 1]|integer|as-sorted",,REFUSE
A:instanceof|29|23,List<List<Object>>,seq_in_seq,"[[1, 2], [3, 4]]","c|c|[1, 1.0, 0],[1, 1.0, 1]|integer|as-sorted,c|[1, 1.0, 2],[1, 1.5, 1]|integer|as-sorted|integer|as-sorted",ArrayDeque<T>,base,"[1, 2, 3]","c|[1, 1.0, 0],[1, 1.0, 1],[1, 1.5, 1]|integer|as-sorted",,REFUSE
A:instanceof|29|24,List<List<Object>>,seq_in_seq,"[[1, 2], [3, 4]]","c|c|[1, 1.0, 0],[1, 1.0, 1]|integer|as-sorted,c|[1, 1.0, 2],[1, 1.5, 1]|integer|as-sorted|integer|as-sorted","HashMap<String,V>",flat,"{'a': 1, 'b': 2, 'c': 3}","c|[1, 1.0, 0],[1, 1.0, 1],[1, 1.5, 1]|text|not-applicable",,REFUSE
A:instanceof|29|25,List<List<Object>>,seq_in_seq,"[[1, 2], [3, 4]]","c|c|[1, 1.0, 0],[1, 1.0, 1]|integer|as-sorted,c|[1, 1.0, 2],[1, 1.5, 1]|integer|as-sorted|integer|as-sorted","LinkedHashMap<String,V>",flat,"{'a': 1, 'b': 2, 'c': 3}","c|[1, 1.0, 0],[1, 1.0, 1],[1, 1.5, 1]|text|not-applicable",,REFUSE
A:instanceof|29|26,List<List<Object>>,seq_in_seq,"[[1, 2], [3, 4]]","c|c|[1, 1.0, 0],[1, 1.0, 1]|integer|as-sorted,c|[1, 1.0, 2],[1, 1.5, 1]|integer|as-sorted|integer|as-sorted","TreeMap<String,V>",flat,"{'a': 1, 'b': 2, 'c': 3}","c|[1, 1.0, 0],[1, 1.0, 1],[1, 1.5, 1]|text|not-applicable",,REFUSE
A:instanceof|29|27,List<List<Object>>,seq_in_seq,"[[1, 2], [3, 4]]","c|c|[1, 1.0, 0],[1, 1.0, 1]|integer|as-sorted,c|[1, 1.0, 2],[1, 1.5, 1]|integer|as-sorted|integer|as-sorted",local record,flat,"{'a': 1, 'b': 2, 'c': 3}","c|[1, 1.0, 0],[1, 1.0, 1],[1, 1.5, 1]|text|not-applicable",,REFUSE
A:instanceof|29|28,List<List<Object>>,seq_in_seq,"[[1, 2], [3, 4]]","c|c|[1, 1.0, 0],[1, 1.0, 1]|integer|as-sorted,c|[1, 1.0, 2],[1, 1.5, 1]|integer|as-sorted|integer|as-sorted",local class with fields,flat,"{'a': 1, 'b': 2, 'c': 3}","c|[1, 1.0, 0],[1, 1.0, 1],[1, 1.5, 1]|text|not-applicable",,REFUSE
A:instanceof|29|29,List<List<Object>>,seq_in_seq,"[[1, 2], [3, 4]]","c|c|[1, 1.0, 0],[1, 1.0, 1]|integer|as-sorted,c|[1, 1.0, 2],[1, 1.5, 1]|integer|as-sorted|integer|as-sorted",List<List<Object>>,seq_in_seq,"[[1, 2], [3, 4]]","c|c|[1, 1.0, 0],[1, 1.0, 1]|integer|as-sorted,c|[1, 1.0, 2],[1, 1.5, 1]|integer|as-sorted|integer|as-sorted",,REFUSE
A:instanceof|29|30,List<List<Object>>,seq_in_seq,"[[1, 2], [3, 4]]","c|c|[1, 1.0, 0],[1, 1.0, 1]|integer|as-sorted,c|[1, 1.0, 2],[1, 1.5, 1]|integer|as-sorted|integer|as-sorted","Map<String,Object> nesting",seq_in_seq,"[[1, 2], [3, 4]]","c|c|[1, 1.0, 0],[1, 1.0, 1]|integer|as-sorted,c|[1, 1.0, 2],[1, 1.5, 1]|integer|as-sorted|integer|as-sorted",,REFUSE
A:instanceof|29|31,List<List<Object>>,seq_in_seq,"[[1, 2], [3, 4]]","c|c|[1, 1.0, 0],[1, 1.0, 1]|integer|as-sorted,c|[1, 1.0, 2],[1, 1.5, 1]|integer|as-sorted|integer|as-sorted",Object[][] of Object[],seq_in_seq,"[[1, 2], [3, 4]]","c|c|[1, 1.0, 0],[1, 1.0, 1]|integer|as-sorted,c|[1, 1.0, 2],[1, 1.5, 1]|integer|as-sorted|integer|as-sorted",,REFUSE
A:instanceof|30|0,"Map<String,Object> nesting",seq_in_seq,"[[1, 2], [3, 4]]","c|c|[1, 1.0, 0],[1, 1.0, 1]|integer|as-sorted,c|[1, 1.0, 2],[1, 1.5, 1]|integer|as-sorted|integer|as-sorted",null reference,null,null,null,,REFUSE
A:instanceof|30|1,"Map<String,Object> nesting",seq_in_seq,"[[1, 2], [3, 4]]","c|c|[1, 1.0, 0],[1, 1.0, 1]|integer|as-sorted,c|[1, 1.0, 2],[1, 1.5, 1]|integer|as-sorted|integer|as-sorted",Optional.empty(),null,null,null,,REFUSE
A:instanceof|30|2,"Map<String,Object> nesting",seq_in_seq,"[[1, 2], [3, 4]]","c|c|[1, 1.0, 0],[1, 1.0, 1]|integer|as-sorted,c|[1, 1.0, 2],[1, 1.5, 1]|integer|as-sorted|integer|as-sorted",Void,null,null,null,,REFUSE
A:instanceof|30|3,"Map<String,Object> nesting",seq_in_seq,"[[1, 2], [3, 4]]","c|c|[1, 1.0, 0],[1, 1.0, 1]|integer|as-sorted,c|[1, 1.0, 2],[1, 1.5, 1]|integer|as-sorted|integer|as-sorted",boolean,true,true,true,,REFUSE
A:instanceof|30|4,"Map<String,Object> nesting",seq_in_seq,"[[1, 2], [3, 4]]","c|c|[1, 1.0, 0],[1, 1.0, 1]|integer|as-sorted,c|[1, 1.0, 2],[1, 1.5, 1]|integer|as-sorted|integer|as-sorted",Boolean,true,true,true,,REFUSE
A:instanceof|30|5,"Map<String,Object> nesting",seq_in_seq,"[[1, 2], [3, 4]]","c|c|[1, 1.0, 0],[1, 1.0, 1]|integer|as-sorted,c|[1, 1.0, 2],[1, 1.5, 1]|integer|as-sorted|integer|as-sorted",short,base_42,002a,"[1, 1.3125, 5]",,REFUSE
A:instanceof|30|6,"Map<String,Object> nesting",seq_in_seq,"[[1, 2], [3, 4]]","c|c|[1, 1.0, 0],[1, 1.0, 1]|integer|as-sorted,c|[1, 1.0, 2],[1, 1.5, 1]|integer|as-sorted|integer|as-sorted",int,base_42,0000002a,"[1, 1.3125, 5]",,REFUSE
A:instanceof|30|7,"Map<String,Object> nesting",seq_in_seq,"[[1, 2], [3, 4]]","c|c|[1, 1.0, 0],[1, 1.0, 1]|integer|as-sorted,c|[1, 1.0, 2],[1, 1.5, 1]|integer|as-sorted|integer|as-sorted",long,base_42,000000000000002a,"[1, 1.3125, 5]",,REFUSE
A:instanceof|30|8,"Map<String,Object> nesting",seq_in_seq,"[[1, 2], [3, 4]]","c|c|[1, 1.0, 0],[1, 1.0, 1]|integer|as-sorted,c|[1, 1.0, 2],[1, 1.5, 1]|integer|as-sorted|integer|as-sorted",Integer,base_42,0000002a,"[1, 1.3125, 5]",,REFUSE
A:instanceof|30|9,"Map<String,Object> nesting",seq_in_seq,"[[1, 2], [3, 4]]","c|c|[1, 1.0, 0],[1, 1.0, 1]|integer|as-sorted,c|[1, 1.0, 2],[1, 1.5, 1]|integer|as-sorted|integer|as-sorted",Long,base_42,000000000000002a,"[1, 1.3125, 5]",,REFUSE
A:instanceof|30|10,"Map<String,Object> nesting",seq_in_seq,"[[1, 2], [3, 4]]","c|c|[1, 1.0, 0],[1, 1.0, 1]|integer|as-sorted,c|[1, 1.0, 2],[1, 1.5, 1]|integer|as-sorted|integer|as-sorted",BigInteger,base_42,2a,"[1, 1.3125, 5]",,REFUSE
A:instanceof|30|11,"Map<String,Object> nesting",seq_in_seq,"[[1, 2], [3, 4]]","c|c|[1, 1.0, 0],[1, 1.0, 1]|integer|as-sorted,c|[1, 1.0, 2],[1, 1.5, 1]|integer|as-sorted|integer|as-sorted",double,base_1_5,3ff8000000000000,"[1, 1.5, 0]",,REFUSE
A:instanceof|30|12,"Map<String,Object> nesting",seq_in_seq,"[[1, 2], [3, 4]]","c|c|[1, 1.0, 0],[1, 1.0, 1]|integer|as-sorted,c|[1, 1.0, 2],[1, 1.5, 1]|integer|as-sorted|integer|as-sorted",float,base_1_5,3fc00000,"[1, 1.5, 0]",,REFUSE
A:instanceof|30|13,"Map<String,Object> nesting",seq_in_seq,"[[1, 2], [3, 4]]","c|c|[1, 1.0, 0],[1, 1.0, 1]|integer|as-sorted,c|[1, 1.0, 2],[1, 1.5, 1]|integer|as-sorted|integer|as-sorted",BigDecimal,base_1_5,1.5,"[1, 1.5, 0]",,REFUSE
A:instanceof|30|14,"Map<String,Object> nesting",seq_in_seq,"[[1, 2], [3, 4]]","c|c|[1, 1.0, 0],[1, 1.0, 1]|integer|as-sorted,c|[1, 1.0, 2],[1, 1.5, 1]|integer|as-sorted|integer|as-sorted",String,base_hello,68656c6c6f,t|68656c6c6f|5|5|5,,REFUSE
A:instanceof|30|15,"Map<String,Object> nesting",seq_in_seq,"[[1, 2], [3, 4]]","c|c|[1, 1.0, 0],[1, 1.0, 1]|integer|as-sorted,c|[1, 1.0, 2],[1, 1.5, 1]|integer|as-sorted|integer|as-sorted",char[],base_hello,68656c6c6f,t|68656c6c6f|5|5|5,,REFUSE
A:instanceof|30|16,"Map<String,Object> nesting",seq_in_seq,"[[1, 2], [3, 4]]","c|c|[1, 1.0, 0],[1, 1.0, 1]|integer|as-sorted,c|[1, 1.0, 2],[1, 1.5, 1]|integer|as-sorted|integer|as-sorted",StringBuilder,base_hello,68656c6c6f,t|68656c6c6f|5|5|5,,REFUSE
A:instanceof|30|17,"Map<String,Object> nesting",seq_in_seq,"[[1, 2], [3, 4]]","c|c|[1, 1.0, 0],[1, 1.0, 1]|integer|as-sorted,c|[1, 1.0, 2],[1, 1.5, 1]|integer|as-sorted|integer|as-sorted",byte[],base_hello,68656c6c6f,t|68656c6c6f|5|5|5,,REFUSE
A:instanceof|30|18,"Map<String,Object> nesting",seq_in_seq,"[[1, 2], [3, 4]]","c|c|[1, 1.0, 0],[1, 1.0, 1]|integer|as-sorted,c|[1, 1.0, 2],[1, 1.5, 1]|integer|as-sorted|integer|as-sorted",Object[],base,"[1, 2, 3]","c|[1, 1.0, 0],[1, 1.0, 1],[1, 1.5, 1]|integer|as-sorted",,REFUSE
A:instanceof|30|19,"Map<String,Object> nesting",seq_in_seq,"[[1, 2], [3, 4]]","c|c|[1, 1.0, 0],[1, 1.0, 1]|integer|as-sorted,c|[1, 1.0, 2],[1, 1.5, 1]|integer|as-sorted|integer|as-sorted",long[],base,"[1, 2, 3]","c|[1, 1.0, 0],[1, 1.0, 1],[1, 1.5, 1]|integer|as-sorted",,REFUSE
A:instanceof|30|20,"Map<String,Object> nesting",seq_in_seq,"[[1, 2], [3, 4]]","c|c|[1, 1.0, 0],[1, 1.0, 1]|integer|as-sorted,c|[1, 1.0, 2],[1, 1.5, 1]|integer|as-sorted|integer|as-sorted",ArrayList<T>,base,"[1, 2, 3]","c|[1, 1.0, 0],[1, 1.0, 1],[1, 1.5, 1]|integer|as-sorted",,REFUSE
A:instanceof|30|21,"Map<String,Object> nesting",seq_in_seq,"[[1, 2], [3, 4]]","c|c|[1, 1.0, 0],[1, 1.0, 1]|integer|as-sorted,c|[1, 1.0, 2],[1, 1.5, 1]|integer|as-sorted|integer|as-sorted",List.of(...),base,"[1, 2, 3]","c|[1, 1.0, 0],[1, 1.0, 1],[1, 1.5, 1]|integer|as-sorted",,REFUSE
A:instanceof|30|22,"Map<String,Object> nesting",seq_in_seq,"[[1, 2], [3, 4]]","c|c|[1, 1.0, 0],[1, 1.0, 1]|integer|as-sorted,c|[1, 1.0, 2],[1, 1.5, 1]|integer|as-sorted|integer|as-sorted",LinkedList<T>,base,"[1, 2, 3]","c|[1, 1.0, 0],[1, 1.0, 1],[1, 1.5, 1]|integer|as-sorted",,REFUSE
A:instanceof|30|23,"Map<String,Object> nesting",seq_in_seq,"[[1, 2], [3, 4]]","c|c|[1, 1.0, 0],[1, 1.0, 1]|integer|as-sorted,c|[1, 1.0, 2],[1, 1.5, 1]|integer|as-sorted|integer|as-sorted",ArrayDeque<T>,base,"[1, 2, 3]","c|[1, 1.0, 0],[1, 1.0, 1],[1, 1.5, 1]|integer|as-sorted",,REFUSE
A:instanceof|30|24,"Map<String,Object> nesting",seq_in_seq,"[[1, 2], [3, 4]]","c|c|[1, 1.0, 0],[1, 1.0, 1]|integer|as-sorted,c|[1, 1.0, 2],[1, 1.5, 1]|integer|as-sorted|integer|as-sorted","HashMap<String,V>",flat,"{'a': 1, 'b': 2, 'c': 3}","c|[1, 1.0, 0],[1, 1.0, 1],[1, 1.5, 1]|text|not-applicable",,REFUSE
A:instanceof|30|25,"Map<String,Object> nesting",seq_in_seq,"[[1, 2], [3, 4]]","c|c|[1, 1.0, 0],[1, 1.0, 1]|integer|as-sorted,c|[1, 1.0, 2],[1, 1.5, 1]|integer|as-sorted|integer|as-sorted","LinkedHashMap<String,V>",flat,"{'a': 1, 'b': 2, 'c': 3}","c|[1, 1.0, 0],[1, 1.0, 1],[1, 1.5, 1]|text|not-applicable",,REFUSE
A:instanceof|30|26,"Map<String,Object> nesting",seq_in_seq,"[[1, 2], [3, 4]]","c|c|[1, 1.0, 0],[1, 1.0, 1]|integer|as-sorted,c|[1, 1.0, 2],[1, 1.5, 1]|integer|as-sorted|integer|as-sorted","TreeMap<String,V>",flat,"{'a': 1, 'b': 2, 'c': 3}","c|[1, 1.0, 0],[1, 1.0, 1],[1, 1.5, 1]|text|not-applicable",,REFUSE
A:instanceof|30|27,"Map<String,Object> nesting",seq_in_seq,"[[1, 2], [3, 4]]","c|c|[1, 1.0, 0],[1, 1.0, 1]|integer|as-sorted,c|[1, 1.0, 2],[1, 1.5, 1]|integer|as-sorted|integer|as-sorted",local record,flat,"{'a': 1, 'b': 2, 'c': 3}","c|[1, 1.0, 0],[1, 1.0, 1],[1, 1.5, 1]|text|not-applicable",,REFUSE
A:instanceof|30|28,"Map<String,Object> nesting",seq_in_seq,"[[1, 2], [3, 4]]","c|c|[1, 1.0, 0],[1, 1.0, 1]|integer|as-sorted,c|[1, 1.0, 2],[1, 1.5, 1]|integer|as-sorted|integer|as-sorted",local class with fields,flat,"{'a': 1, 'b': 2, 'c': 3}","c|[1, 1.0, 0],[1, 1.0, 1],[1, 1.5, 1]|text|not-applicable",,REFUSE
A:instanceof|30|29,"Map<String,Object> nesting",seq_in_seq,"[[1, 2], [3, 4]]","c|c|[1, 1.0, 0],[1, 1.0, 1]|integer|as-sorted,c|[1, 1.0, 2],[1, 1.5, 1]|integer|as-sorted|integer|as-sorted",List<List<Object>>,seq_in_seq,"[[1, 2], [3, 4]]","c|c|[1, 1.0, 0],[1, 1.0, 1]|integer|as-sorted,c|[1, 1.0, 2],[1, 1.5, 1]|integer|as-sorted|integer|as-sorted",,REFUSE
A:instanceof|30|30,"Map<String,Object> nesting",seq_in_seq,"[[1, 2], [3, 4]]","c|c|[1, 1.0, 0],[1, 1.0, 1]|integer|as-sorted,c|[1, 1.0, 2],[1, 1.5, 1]|integer|as-sorted|integer|as-sorted","Map<String,Object> nesting",seq_in_seq,"[[1, 2], [3, 4]]","c|c|[1, 1.0, 0],[1, 1.0, 1]|integer|as-sorted,c|[1, 1.0, 2],[1, 1.5, 1]|integer|as-sorted|integer|as-sorted",,REFUSE
A:instanceof|30|31,"Map<String,Object> nesting",seq_in_seq,"[[1, 2], [3, 4]]","c|c|[1, 1.0, 0],[1, 1.0, 1]|integer|as-sorted,c|[1, 1.0, 2],[1, 1.5, 1]|integer|as-sorted|integer|as-sorted",Object[][] of Object[],seq_in_seq,"[[1, 2], [3, 4]]","c|c|[1, 1.0, 0],[1, 1.0, 1]|integer|as-sorted,c|[1, 1.0, 2],[1, 1.5, 1]|integer|as-sorted|integer|as-sorted",,REFUSE
A:instanceof|31|0,Object[][] of Object[],seq_in_seq,"[[1, 2], [3, 4]]","c|c|[1, 1.0, 0],[1, 1.0, 1]|integer|as-sorted,c|[1, 1.0, 2],[1, 1.5, 1]|integer|as-sorted|integer|as-sorted",null reference,null,null,null,,REFUSE
A:instanceof|31|1,Object[][] of Object[],seq_in_seq,"[[1, 2], [3, 4]]","c|c|[1, 1.0, 0],[1, 1.0, 1]|integer|as-sorted,c|[1, 1.0, 2],[1, 1.5, 1]|integer|as-sorted|integer|as-sorted",Optional.empty(),null,null,null,,REFUSE
A:instanceof|31|2,Object[][] of Object[],seq_in_seq,"[[1, 2], [3, 4]]","c|c|[1, 1.0, 0],[1, 1.0, 1]|integer|as-sorted,c|[1, 1.0, 2],[1, 1.5, 1]|integer|as-sorted|integer|as-sorted",Void,null,null,null,,REFUSE
A:instanceof|31|3,Object[][] of Object[],seq_in_seq,"[[1, 2], [3, 4]]","c|c|[1, 1.0, 0],[1, 1.0, 1]|integer|as-sorted,c|[1, 1.0, 2],[1, 1.5, 1]|integer|as-sorted|integer|as-sorted",boolean,true,true,true,,REFUSE
A:instanceof|31|4,Object[][] of Object[],seq_in_seq,"[[1, 2], [3, 4]]","c|c|[1, 1.0, 0],[1, 1.0, 1]|integer|as-sorted,c|[1, 1.0, 2],[1, 1.5, 1]|integer|as-sorted|integer|as-sorted",Boolean,true,true,true,,REFUSE
A:instanceof|31|5,Object[][] of Object[],seq_in_seq,"[[1, 2], [3, 4]]","c|c|[1, 1.0, 0],[1, 1.0, 1]|integer|as-sorted,c|[1, 1.0, 2],[1, 1.5, 1]|integer|as-sorted|integer|as-sorted",short,base_42,002a,"[1, 1.3125, 5]",,REFUSE
A:instanceof|31|6,Object[][] of Object[],seq_in_seq,"[[1, 2], [3, 4]]","c|c|[1, 1.0, 0],[1, 1.0, 1]|integer|as-sorted,c|[1, 1.0, 2],[1, 1.5, 1]|integer|as-sorted|integer|as-sorted",int,base_42,0000002a,"[1, 1.3125, 5]",,REFUSE
A:instanceof|31|7,Object[][] of Object[],seq_in_seq,"[[1, 2], [3, 4]]","c|c|[1, 1.0, 0],[1, 1.0, 1]|integer|as-sorted,c|[1, 1.0, 2],[1, 1.5, 1]|integer|as-sorted|integer|as-sorted",long,base_42,000000000000002a,"[1, 1.3125, 5]",,REFUSE
A:instanceof|31|8,Object[][] of Object[],seq_in_seq,"[[1, 2], [3, 4]]","c|c|[1, 1.0, 0],[1, 1.0, 1]|integer|as-sorted,c|[1, 1.0, 2],[1, 1.5, 1]|integer|as-sorted|integer|as-sorted",Integer,base_42,0000002a,"[1, 1.3125, 5]",,REFUSE
A:instanceof|31|9,Object[][] of Object[],seq_in_seq,"[[1, 2], [3, 4]]","c|c|[1, 1.0, 0],[1, 1.0, 1]|integer|as-sorted,c|[1, 1.0, 2],[1, 1.5, 1]|integer|as-sorted|integer|as-sorted",Long,base_42,000000000000002a,"[1, 1.3125, 5]",,REFUSE
A:instanceof|31|10,Object[][] of Object[],seq_in_seq,"[[1, 2], [3, 4]]","c|c|[1, 1.0, 0],[1, 1.0, 1]|integer|as-sorted,c|[1, 1.0, 2],[1, 1.5, 1]|integer|as-sorted|integer|as-sorted",BigInteger,base_42,2a,"[1, 1.3125, 5]",,REFUSE
A:instanceof|31|11,Object[][] of Object[],seq_in_seq,"[[1, 2], [3, 4]]","c|c|[1, 1.0, 0],[1, 1.0, 1]|integer|as-sorted,c|[1, 1.0, 2],[1, 1.5, 1]|integer|as-sorted|integer|as-sorted",double,base_1_5,3ff8000000000000,"[1, 1.5, 0]",,REFUSE
A:instanceof|31|12,Object[][] of Object[],seq_in_seq,"[[1, 2], [3, 4]]","c|c|[1, 1.0, 0],[1, 1.0, 1]|integer|as-sorted,c|[1, 1.0, 2],[1, 1.5, 1]|integer|as-sorted|integer|as-sorted",float,base_1_5,3fc00000,"[1, 1.5, 0]",,REFUSE
A:instanceof|31|13,Object[][] of Object[],seq_in_seq,"[[1, 2], [3, 4]]","c|c|[1, 1.0, 0],[1, 1.0, 1]|integer|as-sorted,c|[1, 1.0, 2],[1, 1.5, 1]|integer|as-sorted|integer|as-sorted",BigDecimal,base_1_5,1.5,"[1, 1.5, 0]",,REFUSE
A:instanceof|31|14,Object[][] of Object[],seq_in_seq,"[[1, 2], [3, 4]]","c|c|[1, 1.0, 0],[1, 1.0, 1]|integer|as-sorted,c|[1, 1.0, 2],[1, 1.5, 1]|integer|as-sorted|integer|as-sorted",String,base_hello,68656c6c6f,t|68656c6c6f|5|5|5,,REFUSE
A:instanceof|31|15,Object[][] of Object[],seq_in_seq,"[[1, 2], [3, 4]]","c|c|[1, 1.0, 0],[1, 1.0, 1]|integer|as-sorted,c|[1, 1.0, 2],[1, 1.5, 1]|integer|as-sorted|integer|as-sorted",char[],base_hello,68656c6c6f,t|68656c6c6f|5|5|5,,REFUSE
A:instanceof|31|16,Object[][] of Object[],seq_in_seq,"[[1, 2], [3, 4]]","c|c|[1, 1.0, 0],[1, 1.0, 1]|integer|as-sorted,c|[1, 1.0, 2],[1, 1.5, 1]|integer|as-sorted|integer|as-sorted",StringBuilder,base_hello,68656c6c6f,t|68656c6c6f|5|5|5,,REFUSE
A:instanceof|31|17,Object[][] of Object[],seq_in_seq,"[[1, 2], [3, 4]]","c|c|[1, 1.0, 0],[1, 1.0, 1]|integer|as-sorted,c|[1, 1.0, 2],[1, 1.5, 1]|integer|as-sorted|integer|as-sorted",byte[],base_hello,68656c6c6f,t|68656c6c6f|5|5|5,,REFUSE
A:instanceof|31|18,Object[][] of Object[],seq_in_seq,"[[1, 2], [3, 4]]","c|c|[1, 1.0, 0],[1, 1.0, 1]|integer|as-sorted,c|[1, 1.0, 2],[1, 1.5, 1]|integer|as-sorted|integer|as-sorted",Object[],base,"[1, 2, 3]","c|[1, 1.0, 0],[1, 1.0, 1],[1, 1.5, 1]|integer|as-sorted",,REFUSE
A:instanceof|31|19,Object[][] of Object[],seq_in_seq,"[[1, 2], [3, 4]]","c|c|[1, 1.0, 0],[1, 1.0, 1]|integer|as-sorted,c|[1, 1.0, 2],[1, 1.5, 1]|integer|as-sorted|integer|as-sorted",long[],base,"[1, 2, 3]","c|[1, 1.0, 0],[1, 1.0, 1],[1, 1.5, 1]|integer|as-sorted",,REFUSE
A:instanceof|31|20,Object[][] of Object[],seq_in_seq,"[[1, 2], [3, 4]]","c|c|[1, 1.0, 0],[1, 1.0, 1]|integer|as-sorted,c|[1, 1.0, 2],[1, 1.5, 1]|integer|as-sorted|integer|as-sorted",ArrayList<T>,base,"[1, 2, 3]","c|[1, 1.0, 0],[1, 1.0, 1],[1, 1.5, 1]|integer|as-sorted",,REFUSE
A:instanceof|31|21,Object[][] of Object[],seq_in_seq,"[[1, 2], [3, 4]]","c|c|[1, 1.0, 0],[1, 1.0, 1]|integer|as-sorted,c|[1, 1.0, 2],[1, 1.5, 1]|integer|as-sorted|integer|as-sorted",List.of(...),base,"[1, 2, 3]","c|[1, 1.0, 0],[1, 1.0, 1],[1, 1.5, 1]|integer|as-sorted",,REFUSE
A:instanceof|31|22,Object[][] of Object[],seq_in_seq,"[[1, 2], [3, 4]]","c|c|[1, 1.0, 0],[1, 1.0, 1]|integer|as-sorted,c|[1, 1.0, 2],[1, 1.5, 1]|integer|as-sorted|integer|as-sorted",LinkedList<T>,base,"[1, 2, 3]","c|[1, 1.0, 0],[1, 1.0, 1],[1, 1.5, 1]|integer|as-sorted",,REFUSE
A:instanceof|31|23,Object[][] of Object[],seq_in_seq,"[[1, 2], [3, 4]]","c|c|[1, 1.0, 0],[1, 1.0, 1]|integer|as-sorted,c|[1, 1.0, 2],[1, 1.5, 1]|integer|as-sorted|integer|as-sorted",ArrayDeque<T>,base,"[1, 2, 3]","c|[1, 1.0, 0],[1, 1.0, 1],[1, 1.5, 1]|integer|as-sorted",,REFUSE
A:instanceof|31|24,Object[][] of Object[],seq_in_seq,"[[1, 2], [3, 4]]","c|c|[1, 1.0, 0],[1, 1.0, 1]|integer|as-sorted,c|[1, 1.0, 2],[1, 1.5, 1]|integer|as-sorted|integer|as-sorted","HashMap<String,V>",flat,"{'a': 1, 'b': 2, 'c': 3}","c|[1, 1.0, 0],[1, 1.0, 1],[1, 1.5, 1]|text|not-applicable",,REFUSE
A:instanceof|31|25,Object[][] of Object[],seq_in_seq,"[[1, 2], [3, 4]]","c|c|[1, 1.0, 0],[1, 1.0, 1]|integer|as-sorted,c|[1, 1.0, 2],[1, 1.5, 1]|integer|as-sorted|integer|as-sorted","LinkedHashMap<String,V>",flat,"{'a': 1, 'b': 2, 'c': 3}","c|[1, 1.0, 0],[1, 1.0, 1],[1, 1.5, 1]|text|not-applicable",,REFUSE
A:instanceof|31|26,Object[][] of Object[],seq_in_seq,"[[1, 2], [3, 4]]","c|c|[1, 1.0, 0],[1, 1.0, 1]|integer|as-sorted,c|[1, 1.0, 2],[1, 1.5, 1]|integer|as-sorted|integer|as-sorted","TreeMap<String,V>",flat,"{'a': 1, 'b': 2, 'c': 3}","c|[1, 1.0, 0],[1, 1.0, 1],[1, 1.5, 1]|text|not-applicable",,REFUSE
A:instanceof|31|27,Object[][] of Object[],seq_in_seq,"[[1, 2], [3, 4]]","c|c|[1, 1.0, 0],[1, 1.0, 1]|integer|as-sorted,c|[1, 1.0, 2],[1, 1.5, 1]|integer|as-sorted|integer|as-sorted",local record,flat,"{'a': 1, 'b': 2, 'c': 3}","c|[1, 1.0, 0],[1, 1.0, 1],[1, 1.5, 1]|text|not-applicable",,REFUSE
A:instanceof|31|28,Object[][] of Object[],seq_in_seq,"[[1, 2], [3, 4]]","c|c|[1, 1.0, 0],[1, 1.0, 1]|integer|as-sorted,c|[1, 1.0, 2],[1, 1.5, 1]|integer|as-sorted|integer|as-sorted",local class with fields,flat,"{'a': 1, 'b': 2, 'c': 3}","c|[1, 1.0, 0],[1, 1.0, 1],[1, 1.5, 1]|text|not-applicable",,REFUSE
A:instanceof|31|29,Object[][] of Object[],seq_in_seq,"[[1, 2], [3, 4]]","c|c|[1, 1.0, 0],[1, 1.0, 1]|integer|as-sorted,c|[1, 1.0, 2],[1, 1.5, 1]|integer|as-sorted|integer|as-sorted",List<List<Object>>,seq_in_seq,"[[1, 2], [3, 4]]","c|c|[1, 1.0, 0],[1, 1.0, 1]|integer|as-sorted,c|[1, 1.0, 2],[1, 1.5, 1]|integer|as-sorted|integer|as-sorted",,REFUSE
A:instanceof|31|30,Object[][] of Object[],seq_in_seq,"[[1, 2], [3, 4]]","c|c|[1, 1.0, 0],[1, 1.0, 1]|integer|as-sorted,c|[1, 1.0, 2],[1, 1.5, 1]|integer|as-sorted|integer|as-sorted","Map<String,Object> nesting",seq_in_seq,"[[1, 2], [3, 4]]","c|c|[1, 1.0, 0],[1, 1.0, 1]|integer|as-sorted,c|[1, 1.0, 2],[1, 1.5, 1]|integer|as-sorted|integer|as-sorted",,REFUSE
A:instanceof|31|31,Object[][] of Object[],seq_in_seq,"[[1, 2], [3, 4]]","c|c|[1, 1.0, 0],[1, 1.0, 1]|integer|as-sorted,c|[1, 1.0, 2],[1, 1.5, 1]|integer|as-sorted|integer|as-sorted",Object[][] of Object[],seq_in_seq,"[[1, 2], [3, 4]]","c|c|[1, 1.0, 0],[1, 1.0, 1]|integer|as-sorted,c|[1, 1.0, 2],[1, 1.5, 1]|integer|as-sorted|integer|as-sorted",,REFUSE
