probe_id,lhs_holder,lhs_value_class,lhs_bytes,lhs_canon,rhs_holder,rhs_value_class,rhs_bytes,rhs_canon,output_bytes,output_canon
P0_0_0_0_10,null reference,null,null,null,null reference,null,null,null,false,false
P0_14_0_0_10,null reference,null,null,null,String,base_empty,,t||0|0|0,true,true
P0_14_0_1_10,null reference,null,null,null,String,base_hello,68656c6c6f,t|68656c6c6f|5|5|5,true,true
P0_14_0_2_10,null reference,null,null,null,String,base_lines,6c696e65206f6e650a6c696e652074776f,t|6c696e65206f6e650a6c696e652074776f|17|17|17,true,true
P0_14_0_3_10,null reference,null,null,null,String,clef,f09d849e,t|f09d849e|4|1|1,true,true
P0_14_0_4_10,null reference,null,null,null,String,eacute,c3a9,t|c3a9|2|1|1,true,true
P0_14_0_5_10,null reference,null,null,null,String,escapes,71756f74652022206261636b736c617368205c207461620968657265,t|71756f74652022206261636b736c617368205c207461620968657265|28|28|28,true,true
P1_1_0_0_10,Optional.empty(),null,null,null,Optional.empty(),null,null,null,false,false
P2_2_0_0_10,Void,null,null,null,Void,null,null,null,false,false
P3_3_0_0_10,boolean,false,false,false,boolean,false,false,false,false,false
P3_3_0_1_10,boolean,false,false,false,boolean,true,true,true,true,true
P3_3_1_0_10,boolean,true,true,true,boolean,false,false,false,true,true
P3_3_1_1_10,boolean,true,true,true,boolean,true,true,true,false,false
P3_4_0_0_10,boolean,false,false,false,Boolean,false,false,false,false,false
P3_4_0_1_10,boolean,false,false,false,Boolean,true,true,true,true,true
P3_4_1_0_10,boolean,true,true,true,Boolean,false,false,false,true,true
P3_4_1_1_10,boolean,true,true,true,Boolean,true,true,true,false,false
P4_3_0_0_10,Boolean,false,false,false,boolean,false,false,false,false,false
P4_3_0_1_10,Boolean,false,false,false,boolean,true,true,true,true,true
P4_3_1_0_10,Boolean,true,true,true,boolean,false,false,false,true,true
P4_3_1_1_10,Boolean,true,true,true,boolean,true,true,true,false,false
P4_4_0_0_10,Boolean,false,false,false,Boolean,false,false,false,false,false
P4_4_0_1_10,Boolean,false,false,false,Boolean,true,true,true,true,true
P4_4_1_0_10,Boolean,true,true,true,Boolean,false,false,false,true,true
P4_4_1_1_10,Boolean,true,true,true,Boolean,true,true,true,false,false
P5_5_0_0_10,short,base_42,002a,"[1, 1.3125, 5]",short,base_42,002a,"[1, 1.3125, 5]",false,false
P5_5_0_1_10,short,base_42,002a,"[1, 1.3125, 5]",short,base_zero,0000,"[1, 0.0, 0]",true,true
P5_5_1_0_10,short,base_zero,0000,"[1, 0.0, 0]",short,base_42,002a,"[1, 1.3125, 5]",true,true
P5_5_1_1_10,short,base_zero,0000,"[1, 0.0, 0]",short,base_zero,0000,"[1, 0.0, 0]",false,false
P5_6_0_0_10,short,base_42,002a,"[1, 1.3125, 5]",int,base_42,0000002a,"[1, 1.3125, 5]",false,false
P5_6_0_1_10,short,base_42,002a,"[1, 1.3125, 5]",int,base_zero,00000000,"[1, 0.0, 0]",true,true
P5_6_1_0_10,short,base_zero,0000,"[1, 0.0, 0]",int,base_42,0000002a,"[1, 1.3125, 5]",true,true
P5_6_1_1_10,short,base_zero,0000,"[1, 0.0, 0]",int,base_zero,00000000,"[1, 0.0, 0]",false,false
P5_7_0_0_10,short,base_42,002a,"[1, 1.3125, 5]",long,base_42,000000000000002a,"[1, 1.3125, 5]",false,false
P5_7_0_1_10,short,base_42,002a,"[1, 1.3125, 5]",long,base_zero,0000000000000000,"[1, 0.0, 0]",true,true
P5_7_0_2_10,short,base_42,002a,"[1, 1.3125, 5]",long,i64max,7fffffffffffffff,"[1, 1.9999999999999999997831595655029, 62]",true,true
P5_7_0_4_10,short,base_42,002a,"[1, 1.3125, 5]",long,p53_plus1,0020000000000001,"[1, 1.0000000000000001110223024625157, 53]",true,true
P5_7_1_0_10,short,base_zero,0000,"[1, 0.0, 0]",long,base_42,000000000000002a,"[1, 1.3125, 5]",true,true
P5_7_1_1_10,short,base_zero,0000,"[1, 0.0, 0]",long,base_zero,0000000000000000,"[1, 0.0, 0]",false,false
P5_7_1_2_10,short,base_zero,0000,"[1, 0.0, 0]",long,i64max,7fffffffffffffff,"[1, 1.9999999999999999997831595655029, 62]",true,true
P5_7_1_4_10,short,base_zero,0000,"[1, 0.0, 0]",long,p53_plus1,0020000000000001,"[1, 1.0000000000000001110223024625157, 53]",true,true
P5_8_0_0_10,short,base_42,002a,"[1, 1.3125, 5]",Integer,base_42,0000002a,"[1, 1.3125, 5]",false,false
P5_8_0_1_10,short,base_42,002a,"[1, 1.3125, 5]",Integer,base_zero,00000000,"[1, 0.0, 0]",true,true
P5_8_1_0_10,short,base_zero,0000,"[1, 0.0, 0]",Integer,base_42,0000002a,"[1, 1.3125, 5]",true,true
P5_8_1_1_10,short,base_zero,0000,"[1, 0.0, 0]",Integer,base_zero,00000000,"[1, 0.0, 0]",false,false
P5_9_0_0_10,short,base_42,002a,"[1, 1.3125, 5]",Long,base_42,000000000000002a,"[1, 1.3125, 5]",false,false
P5_9_0_1_10,short,base_42,002a,"[1, 1.3125, 5]",Long,base_zero,0000000000000000,"[1, 0.0, 0]",true,true
P5_9_0_2_10,short,base_42,002a,"[1, 1.3125, 5]",Long,i64max,7fffffffffffffff,"[1, 1.9999999999999999997831595655029, 62]",true,true
P5_9_0_4_10,short,base_42,002a,"[1, 1.3125, 5]",Long,p53_plus1,0020000000000001,"[1, 1.0000000000000001110223024625157, 53]",true,true
P5_9_1_0_10,short,base_zero,0000,"[1, 0.0, 0]",Long,base_42,000000000000002a,"[1, 1.3125, 5]",true,true
P5_9_1_1_10,short,base_zero,0000,"[1, 0.0, 0]",Long,base_zero,0000000000000000,"[1, 0.0, 0]",false,false
P5_9_1_2_10,short,base_zero,0000,"[1, 0.0, 0]",Long,i64max,7fffffffffffffff,"[1, 1.9999999999999999997831595655029, 62]",true,true
P5_9_1_4_10,short,base_zero,0000,"[1, 0.0, 0]",Long,p53_plus1,0020000000000001,"[1, 1.0000000000000001110223024625157, 53]",true,true
P5_11_0_0_10,short,base_42,002a,"[1, 1.3125, 5]",double,base_1_5,3ff8000000000000,"[1, 1.5, 0]",true,true
P5_11_0_1_10,short,base_42,002a,"[1, 1.3125, 5]",double,base_pi,400921fb54442d18,"[1, 1.5707963267948965579989817342721, 1]",true,true
P5_11_0_2_10,short,base_42,002a,"[1, 1.3125, 5]",double,inf,7ff0000000000000,"[1, inf]",true,true
P5_11_0_3_10,short,base_42,002a,"[1, 1.3125, 5]",double,nan,7ff8000000000000,nan,true,true
P5_11_0_4_10,short,base_42,002a,"[1, 1.3125, 5]",double,negzero,8000000000000000,"[-1, 0.0, 0]",true,true
P5_11_0_5_10,short,base_42,002a,"[1, 1.3125, 5]",double,point1,3fb999999999999a,"[1, 1.6000000000000000888178419700125, -4]",true,true
P5_11_1_0_10,short,base_zero,0000,"[1, 0.0, 0]",double,base_1_5,3ff8000000000000,"[1, 1.5, 0]",true,true
P5_11_1_1_10,short,base_zero,0000,"[1, 0.0, 0]",double,base_pi,400921fb54442d18,"[1, 1.5707963267948965579989817342721, 1]",true,true
P5_11_1_2_10,short,base_zero,0000,"[1, 0.0, 0]",double,inf,7ff0000000000000,"[1, inf]",true,true
P5_11_1_3_10,short,base_zero,0000,"[1, 0.0, 0]",double,nan,7ff8000000000000,nan,true,true
P5_11_1_4_10,short,base_zero,0000,"[1, 0.0, 0]",double,negzero,8000000000000000,"[-1, 0.0, 0]",false,false
P5_11_1_5_10,short,base_zero,0000,"[1, 0.0, 0]",double,point1,3fb999999999999a,"[1, 1.6000000000000000888178419700125, -4]",true,true
P5_12_0_0_10,short,base_42,002a,"[1, 1.3125, 5]",float,base_1_5,3fc00000,"[1, 1.5, 0]",true,true
P5_12_0_1_10,short,base_42,002a,"[1, 1.3125, 5]",float,base_pi,40490fdb,"[1, 1.57079637050628662109375, 1]",true,true
P5_12_0_2_10,short,base_42,002a,"[1, 1.3125, 5]",float,inf,7f800000,"[1, inf]",true,true
P5_12_0_3_10,short,base_42,002a,"[1, 1.3125, 5]",float,nan,7fc00000,nan,true,true
P5_12_0_4_10,short,base_42,002a,"[1, 1.3125, 5]",float,negzero,80000000,"[-1, 0.0, 0]",true,true
P5_12_0_5_10,short,base_42,002a,"[1, 1.3125, 5]",float,point1,3dcccccd,"[1, 1.60000002384185791015625, -4]",true,true
P5_12_1_0_10,short,base_zero,0000,"[1, 0.0, 0]",float,base_1_5,3fc00000,"[1, 1.5, 0]",true,true
P5_12_1_1_10,short,base_zero,0000,"[1, 0.0, 0]",float,base_pi,40490fdb,"[1, 1.57079637050628662109375, 1]",true,true
P5_12_1_2_10,short,base_zero,0000,"[1, 0.0, 0]",float,inf,7f800000,"[1, inf]",true,true
P5_12_1_3_10,short,base_zero,0000,"[1, 0.0, 0]",float,nan,7fc00000,nan,true,true
P5_12_1_4_10,short,base_zero,0000,"[1, 0.0, 0]",float,negzero,80000000,"[-1, 0.0, 0]",false,false
P5_12_1_5_10,short,base_zero,0000,"[1, 0.0, 0]",float,point1,3dcccccd,"[1, 1.60000002384185791015625, -4]",true,true
P6_5_0_0_10,int,base_42,0000002a,"[1, 1.3125, 5]",short,base_42,002a,"[1, 1.3125, 5]",false,false
P6_5_0_1_10,int,base_42,0000002a,"[1, 1.3125, 5]",short,base_zero,0000,"[1, 0.0, 0]",true,true
P6_5_1_0_10,int,base_zero,00000000,"[1, 0.0, 0]",short,base_42,002a,"[1, 1.3125, 5]",true,true
P6_5_1_1_10,int,base_zero,00000000,"[1, 0.0, 0]",short,base_zero,0000,"[1, 0.0, 0]",false,false
P6_6_0_0_10,int,base_42,0000002a,"[1, 1.3125, 5]",int,base_42,0000002a,"[1, 1.3125, 5]",false,false
P6_6_0_1_10,int,base_42,0000002a,"[1, 1.3125, 5]",int,base_zero,00000000,"[1, 0.0, 0]",true,true
P6_6_1_0_10,int,base_zero,00000000,"[1, 0.0, 0]",int,base_42,0000002a,"[1, 1.3125, 5]",true,true
P6_6_1_1_10,int,base_zero,00000000,"[1, 0.0, 0]",int,base_zero,00000000,"[1, 0.0, 0]",false,false
P6_7_0_0_10,int,base_42,0000002a,"[1, 1.3125, 5]",long,base_42,000000000000002a,"[1, 1.3125, 5]",false,false
P6_7_0_1_10,int,base_42,0000002a,"[1, 1.3125, 5]",long,base_zero,0000000000000000,"[1, 0.0, 0]",true,true
P6_7_0_2_10,int,base_42,0000002a,"[1, 1.3125, 5]",long,i64max,7fffffffffffffff,"[1, 1.9999999999999999997831595655029, 62]",true,true
P6_7_0_4_10,int,base_42,0000002a,"[1, 1.3125, 5]",long,p53_plus1,0020000000000001,"[1, 1.0000000000000001110223024625157, 53]",true,true
P6_7_1_0_10,int,base_zero,00000000,"[1, 0.0, 0]",long,base_42,000000000000002a,"[1, 1.3125, 5]",true,true
P6_7_1_1_10,int,base_zero,00000000,"[1, 0.0, 0]",long,base_zero,0000000000000000,"[1, 0.0, 0]",false,false
P6_7_1_2_10,int,base_zero,00000000,"[1, 0.0, 0]",long,i64max,7fffffffffffffff,"[1, 1.9999999999999999997831595655029, 62]",true,true
P6_7_1_4_10,int,base_zero,00000000,"[1, 0.0, 0]",long,p53_plus1,0020000000000001,"[1, 1.0000000000000001110223024625157, 53]",true,true
P6_8_0_0_10,int,base_42,0000002a,"[1, 1.3125, 5]",Integer,base_42,0000002a,"[1, 1.3125, 5]",false,false
P6_8_0_1_10,int,base_42,0000002a,"[1, 1.3125, 5]",Integer,base_zero,00000000,"[1, 0.0, 0]",true,true
P6_8_1_0_10,int,base_zero,00000000,"[1, 0.0, 0]",Integer,base_42,0000002a,"[1, 1.3125, 5]",true,true
P6_8_1_1_10,int,base_zero,00000000,"[1, 0.0, 0]",Integer,base_zero,00000000,"[1, 0.0, 0]",false,false
P6_9_0_0_10,int,base_42,0000002a,"[1, 1.3125, 5]",Long,base_42,000000000000002a,"[1, 1.3125, 5]",false,false
P6_9_0_1_10,int,base_42,0000002a,"[1, 1.3125, 5]",Long,base_zero,0000000000000000,"[1, 0.0, 0]",true,true
P6_9_0_2_10,int,base_42,0000002a,"[1, 1.3125, 5]",Long,i64max,7fffffffffffffff,"[1, 1.9999999999999999997831595655029, 62]",true,true
P6_9_0_4_10,int,base_42,0000002a,"[1, 1.3125, 5]",Long,p53_plus1,0020000000000001,"[1, 1.0000000000000001110223024625157, 53]",true,true
P6_9_1_0_10,int,base_zero,00000000,"[1, 0.0, 0]",Long,base_42,000000000000002a,"[1, 1.3125, 5]",true,true
P6_9_1_1_10,int,base_zero,00000000,"[1, 0.0, 0]",Long,base_zero,0000000000000000,"[1, 0.0, 0]",false,false
P6_9_1_2_10,int,base_zero,00000000,"[1, 0.0, 0]",Long,i64max,7fffffffffffffff,"[1, 1.9999999999999999997831595655029, 62]",true,true
P6_9_1_4_10,int,base_zero,00000000,"[1, 0.0, 0]",Long,p53_plus1,0020000000000001,"[1, 1.0000000000000001110223024625157, 53]",true,true
P6_11_0_0_10,int,base_42,0000002a,"[1, 1.3125, 5]",double,base_1_5,3ff8000000000000,"[1, 1.5, 0]",true,true
P6_11_0_1_10,int,base_42,0000002a,"[1, 1.3125, 5]",double,base_pi,400921fb54442d18,"[1, 1.5707963267948965579989817342721, 1]",true,true
P6_11_0_2_10,int,base_42,0000002a,"[1, 1.3125, 5]",double,inf,7ff0000000000000,"[1, inf]",true,true
P6_11_0_3_10,int,base_42,0000002a,"[1, 1.3125, 5]",double,nan,7ff8000000000000,nan,true,true
P6_11_0_4_10,int,base_42,0000002a,"[1, 1.3125, 5]",double,negzero,8000000000000000,"[-1, 0.0, 0]",true,true
P6_11_0_5_10,int,base_42,0000002a,"[1, 1.3125, 5]",double,point1,3fb999999999999a,"[1, 1.6000000000000000888178419700125, -4]",true,true
P6_11_1_0_10,int,base_zero,00000000,"[1, 0.0, 0]",double,base_1_5,3ff8000000000000,"[1, 1.5, 0]",true,true
P6_11_1_1_10,int,base_zero,00000000,"[1, 0.0, 0]",double,base_pi,400921fb54442d18,"[1, 1.5707963267948965579989817342721, 1]",true,true
P6_11_1_2_10,int,base_zero,00000000,"[1, 0.0, 0]",double,inf,7ff0000000000000,"[1, inf]",true,true
P6_11_1_3_10,int,base_zero,00000000,"[1, 0.0, 0]",double,nan,7ff8000000000000,nan,true,true
P6_11_1_4_10,int,base_zero,00000000,"[1, 0.0, 0]",double,negzero,8000000000000000,"[-1, 0.0, 0]",false,false
P6_11_1_5_10,int,base_zero,00000000,"[1, 0.0, 0]",double,point1,3fb999999999999a,"[1, 1.6000000000000000888178419700125, -4]",true,true
P6_12_0_0_10,int,base_42,0000002a,"[1, 1.3125, 5]",float,base_1_5,3fc00000,"[1, 1.5, 0]",true,true
P6_12_0_1_10,int,base_42,0000002a,"[1, 1.3125, 5]",float,base_pi,40490fdb,"[1, 1.57079637050628662109375, 1]",true,true
P6_12_0_2_10,int,base_42,0000002a,"[1, 1.3125, 5]",float,inf,7f800000,"[1, inf]",true,true
P6_12_0_3_10,int,base_42,0000002a,"[1, 1.3125, 5]",float,nan,7fc00000,nan,true,true
P6_12_0_4_10,int,base_42,0000002a,"[1, 1.3125, 5]",float,negzero,80000000,"[-1, 0.0, 0]",true,true
P6_12_0_5_10,int,base_42,0000002a,"[1, 1.3125, 5]",float,point1,3dcccccd,"[1, 1.60000002384185791015625, -4]",true,true
P6_12_1_0_10,int,base_zero,00000000,"[1, 0.0, 0]",float,base_1_5,3fc00000,"[1, 1.5, 0]",true,true
P6_12_1_1_10,int,base_zero,00000000,"[1, 0.0, 0]",float,base_pi,40490fdb,"[1, 1.57079637050628662109375, 1]",true,true
P6_12_1_2_10,int,base_zero,00000000,"[1, 0.0, 0]",float,inf,7f800000,"[1, inf]",true,true
P6_12_1_3_10,int,base_zero,00000000,"[1, 0.0, 0]",float,nan,7fc00000,nan,true,true
P6_12_1_4_10,int,base_zero,00000000,"[1, 0.0, 0]",float,negzero,80000000,"[-1, 0.0, 0]",false,false
P6_12_1_5_10,int,base_zero,00000000,"[1, 0.0, 0]",float,point1,3dcccccd,"[1, 1.60000002384185791015625, -4]",true,true
P7_5_0_0_10,long,base_42,000000000000002a,"[1, 1.3125, 5]",short,base_42,002a,"[1, 1.3125, 5]",false,false
P7_5_0_1_10,long,base_42,000000000000002a,"[1, 1.3125, 5]",short,base_zero,0000,"[1, 0.0, 0]",true,true
P7_5_1_0_10,long,base_zero,0000000000000000,"[1, 0.0, 0]",short,base_42,002a,"[1, 1.3125, 5]",true,true
P7_5_1_1_10,long,base_zero,0000000000000000,"[1, 0.0, 0]",short,base_zero,0000,"[1, 0.0, 0]",false,false
P7_5_2_0_10,long,i64max,7fffffffffffffff,"[1, 1.9999999999999999997831595655029, 62]",short,base_42,002a,"[1, 1.3125, 5]",true,true
P7_5_2_1_10,long,i64max,7fffffffffffffff,"[1, 1.9999999999999999997831595655029, 62]",short,base_zero,0000,"[1, 0.0, 0]",true,true
P7_5_4_0_10,long,p53_plus1,0020000000000001,"[1, 1.0000000000000001110223024625157, 53]",short,base_42,002a,"[1, 1.3125, 5]",true,true
P7_5_4_1_10,long,p53_plus1,0020000000000001,"[1, 1.0000000000000001110223024625157, 53]",short,base_zero,0000,"[1, 0.0, 0]",true,true
P7_6_0_0_10,long,base_42,000000000000002a,"[1, 1.3125, 5]",int,base_42,0000002a,"[1, 1.3125, 5]",false,false
P7_6_0_1_10,long,base_42,000000000000002a,"[1, 1.3125, 5]",int,base_zero,00000000,"[1, 0.0, 0]",true,true
P7_6_1_0_10,long,base_zero,0000000000000000,"[1, 0.0, 0]",int,base_42,0000002a,"[1, 1.3125, 5]",true,true
P7_6_1_1_10,long,base_zero,0000000000000000,"[1, 0.0, 0]",int,base_zero,00000000,"[1, 0.0, 0]",false,false
P7_6_2_0_10,long,i64max,7fffffffffffffff,"[1, 1.9999999999999999997831595655029, 62]",int,base_42,0000002a,"[1, 1.3125, 5]",true,true
P7_6_2_1_10,long,i64max,7fffffffffffffff,"[1, 1.9999999999999999997831595655029, 62]",int,base_zero,00000000,"[1, 0.0, 0]",true,true
P7_6_4_0_10,long,p53_plus1,0020000000000001,"[1, 1.0000000000000001110223024625157, 53]",int,base_42,0000002a,"[1, 1.3125, 5]",true,true
P7_6_4_1_10,long,p53_plus1,0020000000000001,"[1, 1.0000000000000001110223024625157, 53]",int,base_zero,00000000,"[1, 0.0, 0]",true,true
P7_7_0_0_10,long,base_42,000000000000002a,"[1, 1.3125, 5]",long,base_42,000000000000002a,"[1, 1.3125, 5]",false,false
P7_7_0_1_10,long,base_42,000000000000002a,"[1, 1.3125, 5]",long,base_zero,0000000000000000,"[1, 0.0, 0]",true,true
P7_7_0_2_10,long,base_42,000000000000002a,"[1, 1.3125, 5]",long,i64max,7fffffffffffffff,"[1, 1.9999999999999999997831595655029, 62]",true,true
P7_7_0_4_10,long,base_42,000000000000002a,"[1, 1.3125, 5]",long,p53_plus1,0020000000000001,"[1, 1.0000000000000001110223024625157, 53]",true,true
P7_7_1_0_10,long,base_zero,0000000000000000,"[1, 0.0, 0]",long,base_42,000000000000002a,"[1, 1.3125, 5]",true,true
P7_7_1_1_10,long,base_zero,0000000000000000,"[1, 0.0, 0]",long,base_zero,0000000000000000,"[1, 0.0, 0]",false,false
P7_7_1_2_10,long,base_zero,0000000000000000,"[1, 0.0, 0]",long,i64max,7fffffffffffffff,"[1, 1.9999999999999999997831595655029, 62]",true,true
P7_7_1_4_10,long,base_zero,0000000000000000,"[1, 0.0, 0]",long,p53_plus1,0020000000000001,"[1, 1.0000000000000001110223024625157, 53]",true,true
P7_7_2_0_10,long,i64max,7fffffffffffffff,"[1, 1.9999999999999999997831595655029, 62]",long,base_42,000000000000002a,"[1, 1.3125, 5]",true,true
P7_7_2_1_10,long,i64max,7fffffffffffffff,"[1, 1.9999999999999999997831595655029, 62]",long,base_zero,0000000000000000,"[1, 0.0, 0]",true,true
P7_7_2_2_10,long,i64max,7fffffffffffffff,"[1, 1.9999999999999999997831595655029, 62]",long,i64max,7fffffffffffffff,"[1, 1.9999999999999999997831595655029, 62]",false,false
P7_7_2_4_10,long,i64max,7fffffffffffffff,"[1, 1.9999999999999999997831595655029, 62]",long,p53_plus1,0020000000000001,"[1, 1.0000000000000001110223024625157, 53]",true,true
P7_7_4_0_10,long,p53_plus1,0020000000000001,"[1, 1.0000000000000001110223024625157, 53]",long,base_42,000000000000002a,"[1, 1.3125, 5]",true,true
P7_7_4_1_10,long,p53_plus1,0020000000000001,"[1, 1.0000000000000001110223024625157, 53]",long,base_zero,0000000000000000,"[1, 0.0, 0]",true,true
P7_7_4_2_10,long,p53_plus1,0020000000000001,"[1, 1.0000000000000001110223024625157, 53]",long,i64max,7fffffffffffffff,"[1, 1.9999999999999999997831595655029, 62]",true,true
P7_7_4_4_10,long,p53_plus1,0020000000000001,"[1, 1.0000000000000001110223024625157, 53]",long,p53_plus1,0020000000000001,"[1, 1.0000000000000001110223024625157, 53]",false,false
P7_8_0_0_10,long,base_42,000000000000002a,"[1, 1.3125, 5]",Integer,base_42,0000002a,"[1, 1.3125, 5]",false,false
P7_8_0_1_10,long,base_42,000000000000002a,"[1, 1.3125, 5]",Integer,base_zero,00000000,"[1, 0.0, 0]",true,true
P7_8_1_0_10,long,base_zero,0000000000000000,"[1, 0.0, 0]",Integer,base_42,0000002a,"[1, 1.3125, 5]",true,true
P7_8_1_1_10,long,base_zero,0000000000000000,"[1, 0.0, 0]",Integer,base_zero,00000000,"[1, 0.0, 0]",false,false
P7_8_2_0_10,long,i64max,7fffffffffffffff,"[1, 1.9999999999999999997831595655029, 62]",Integer,base_42,0000002a,"[1, 1.3125, 5]",true,true
P7_8_2_1_10,long,i64max,7fffffffffffffff,"[1, 1.9999999999999999997831595655029, 62]",Integer,base_zero,00000000,"[1, 0.0, 0]",true,true
P7_8_4_0_10,long,p53_plus1,0020000000000001,"[1, 1.0000000000000001110223024625157, 53]",Integer,base_42,0000002a,"[1, 1.3125, 5]",true,true
P7_8_4_1_10,long,p53_plus1,0020000000000001,"[1, 1.0000000000000001110223024625157, 53]",Integer,base_zero,00000000,"[1, 0.0, 0]",true,true
P7_9_0_0_10,long,base_42,000000000000002a,"[1, 1.3125, 5]",Long,base_42,000000000000002a,"[1, 1.3125, 5]",false,false
P7_9_0_1_10,long,base_42,000000000000002a,"[1, 1.3125, 5]",Long,base_zero,0000000000000000,"[1, 0.0, 0]",true,true
P7_9_0_2_10,long,base_42,000000000000002a,"[1, 1.3125, 5]",Long,i64max,7fffffffffffffff,"[1, 1.9999999999999999997831595655029, 62]",true,true
P7_9_0_4_10,long,base_42,000000000000002a,"[1, 1.3125, 5]",Long,p53_plus1,0020000000000001,"[1, 1.0000000000000001110223024625157, 53]",true,true
P7_9_1_0_10,long,base_zero,0000000000000000,"[1, 0.0, 0]",Long,base_42,000000000000002a,"[1, 1.3125, 5]",true,true
P7_9_1_1_10,long,base_zero,0000000000000000,"[1, 0.0, 0]",Long,base_zero,0000000000000000,"[1, 0.0, 0]",false,false
P7_9_1_2_10,long,base_zero,0000000000000000,"[1, 0.0, 0]",Long,i64max,7fffffffffffffff,"[1, 1.9999999999999999997831595655029, 62]",true,true
P7_9_1_4_10,long,base_zero,0000000000000000,"[1, 0.0, 0]",Long,p53_plus1,0020000000000001,"[1, 1.0000000000000001110223024625157, 53]",true,true
P7_9_2_0_10,long,i64max,7fffffffffffffff,"[1, 1.9999999999999999997831595655029, 62]",Long,base_42,000000000000002a,"[1, 1.3125, 5]",true,true
P7_9_2_1_10,long,i64max,7fffffffffffffff,"[1, 1.9999999999999999997831595655029, 62]",Long,base_zero,0000000000000000,"[1, 0.0, 0]",true,true
P7_9_2_2_10,long,i64max,7fffffffffffffff,"[1, 1.9999999999999999997831595655029, 62]",Long,i64max,7fffffffffffffff,"[1, 1.9999999999999999997831595655029, 62]",false,false
P7_9_2_4_10,long,i64max,7fffffffffffffff,"[1, 1.9999999999999999997831595655029, 62]",Long,p53_plus1,0020000000000001,"[1, 1.0000000000000001110223024625157, 53]",true,true
P7_9_4_0_10,long,p53_plus1,0020000000000001,"[1, 1.0000000000000001110223024625157, 53]",Long,base_42,000000000000002a,"[1, 1.3125, 5]",true,true
P7_9_4_1_10,long,p53_plus1,0020000000000001,"[1, 1.0000000000000001110223024625157, 53]",Long,base_zero,0000000000000000,"[1, 0.0, 0]",true,true
P7_9_4_2_10,long,p53_plus1,0020000000000001,"[1, 1.0000000000000001110223024625157, 53]",Long,i64max,7fffffffffffffff,"[1, 1.9999999999999999997831595655029, 62]",true,true
P7_9_4_4_10,long,p53_plus1,0020000000000001,"[1, 1.0000000000000001110223024625157, 53]",Long,p53_plus1,0020000000000001,"[1, 1.0000000000000001110223024625157, 53]",false,false
P7_11_0_0_10,long,base_42,000000000000002a,"[1, 1.3125, 5]",double,base_1_5,3ff8000000000000,"[1, 1.5, 0]",true,true
P7_11_0_1_10,long,base_42,000000000000002a,"[1, 1.3125, 5]",double,base_pi,400921fb54442d18,"[1, 1.5707963267948965579989817342721, 1]",true,true
P7_11_0_2_10,long,base_42,000000000000002a,"[1, 1.3125, 5]",double,inf,7ff0000000000000,"[1, inf]",true,true
P7_11_0_3_10,long,base_42,000000000000002a,"[1, 1.3125, 5]",double,nan,7ff8000000000000,nan,true,true
P7_11_0_4_10,long,base_42,000000000000002a,"[1, 1.3125, 5]",double,negzero,8000000000000000,"[-1, 0.0, 0]",true,true
P7_11_0_5_10,long,base_42,000000000000002a,"[1, 1.3125, 5]",double,point1,3fb999999999999a,"[1, 1.6000000000000000888178419700125, -4]",true,true
P7_11_1_0_10,long,base_zero,0000000000000000,"[1, 0.0, 0]",double,base_1_5,3ff8000000000000,"[1, 1.5, 0]",true,true
P7_11_1_1_10,long,base_zero,0000000000000000,"[1, 0.0, 0]",double,base_pi,400921fb54442d18,"[1, 1.5707963267948965579989817342721, 1]",true,true
P7_11_1_2_10,long,base_zero,0000000000000000,"[1, 0.0, 0]",double,inf,7ff0000000000000,"[1, inf]",true,true
P7_11_1_3_10,long,base_zero,0000000000000000,"[1, 0.0, 0]",double,nan,7ff8000000000000,nan,true,true
P7_11_1_4_10,long,base_zero,0000000000000000,"[1, 0.0, 0]",double,negzero,8000000000000000,"[-1, 0.0, 0]",false,false
P7_11_1_5_10,long,base_zero,0000000000000000,"[1, 0.0, 0]",double,point1,3fb999999999999a,"[1, 1.6000000000000000888178419700125, -4]",true,true
P7_11_2_0_10,long,i64max,7fffffffffffffff,"[1, 1.9999999999999999997831595655029, 62]",double,base_1_5,3ff8000000000000,"[1, 1.5, 0]",true,true
P7_11_2_1_10,long,i64max,7fffffffffffffff,"[1, 1.9999999999999999997831595655029, 62]",double,base_pi,400921fb54442d18,"[1, 1.5707963267948965579989817342721, 1]",true,true
P7_11_2_2_10,long,i64max,7fffffffffffffff,"[1, 1.9999999999999999997831595655029, 62]",double,inf,7ff0000000000000,"[1, inf]",true,true
P7_11_2_3_10,long,i64max,7fffffffffffffff,"[1, 1.9999999999999999997831595655029, 62]",double,nan,7ff8000000000000,nan,true,true
P7_11_2_4_10,long,i64max,7fffffffffffffff,"[1, 1.9999999999999999997831595655029, 62]",double,negzero,8000000000000000,"[-1, 0.0, 0]",true,true
P7_11_2_5_10,long,i64max,7fffffffffffffff,"[1, 1.9999999999999999997831595655029, 62]",double,point1,3fb999999999999a,"[1, 1.6000000000000000888178419700125, -4]",true,true
P7_11_4_0_10,long,p53_plus1,0020000000000001,"[1, 1.0000000000000001110223024625157, 53]",double,base_1_5,3ff8000000000000,"[1, 1.5, 0]",true,true
P7_11_4_1_10,long,p53_plus1,0020000000000001,"[1, 1.0000000000000001110223024625157, 53]",double,base_pi,400921fb54442d18,"[1, 1.5707963267948965579989817342721, 1]",true,true
P7_11_4_2_10,long,p53_plus1,0020000000000001,"[1, 1.0000000000000001110223024625157, 53]",double,inf,7ff0000000000000,"[1, inf]",true,true
P7_11_4_3_10,long,p53_plus1,0020000000000001,"[1, 1.0000000000000001110223024625157, 53]",double,nan,7ff8000000000000,nan,true,true
P7_11_4_4_10,long,p53_plus1,0020000000000001,"[1, 1.0000000000000001110223024625157, 53]",double,negzero,8000000000000000,"[-1, 0.0, 0]",true,true
P7_11_4_5_10,long,p53_plus1,0020000000000001,"[1, 1.0000000000000001110223024625157, 53]",double,point1,3fb999999999999a,"[1, 1.6000000000000000888178419700125, -4]",true,true
P7_12_0_0_10,long,base_42,000000000000002a,"[1, 1.3125, 5]",float,base_1_5,3fc00000,"[1, 1.5, 0]",true,true
P7_12_0_1_10,long,base_42,000000000000002a,"[1, 1.3125, 5]",float,base_pi,40490fdb,"[1, 1.57079637050628662109375, 1]",true,true
P7_12_0_2_10,long,base_42,000000000000002a,"[1, 1.3125, 5]",float,inf,7f800000,"[1, inf]",true,true
P7_12_0_3_10,long,base_42,000000000000002a,"[1, 1.3125, 5]",float,nan,7fc00000,nan,true,true
P7_12_0_4_10,long,base_42,000000000000002a,"[1, 1.3125, 5]",float,negzero,80000000,"[-1, 0.0, 0]",true,true
P7_12_0_5_10,long,base_42,000000000000002a,"[1, 1.3125, 5]",float,point1,3dcccccd,"[1, 1.60000002384185791015625, -4]",true,true
P7_12_1_0_10,long,base_zero,0000000000000000,"[1, 0.0, 0]",float,base_1_5,3fc00000,"[1, 1.5, 0]",true,true
P7_12_1_1_10,long,base_zero,0000000000000000,"[1, 0.0, 0]",float,base_pi,40490fdb,"[1, 1.57079637050628662109375, 1]",true,true
P7_12_1_2_10,long,base_zero,0000000000000000,"[1, 0.0, 0]",float,inf,7f800000,"[1, inf]",true,true
P7_12_1_3_10,long,base_zero,0000000000000000,"[1, 0.0, 0]",float,nan,7fc00000,nan,true,true
P7_12_1_4_10,long,base_zero,0000000000000000,"[1, 0.0, 0]",float,negzero,80000000,"[-1, 0.0, 0]",false,false
P7_12_1_5_10,long,base_zero,0000000000000000,"[1, 0.0, 0]",float,point1,3dcccccd,"[1, 1.60000002384185791015625, -4]",true,true
P7_12_2_0_10,long,i64max,7fffffffffffffff,"[1, 1.9999999999999999997831595655029, 62]",float,base_1_5,3fc00000,"[1, 1.5, 0]",true,true
P7_12_2_1_10,long,i64max,7fffffffffffffff,"[1, 1.9999999999999999997831595655029, 62]",float,base_pi,40490fdb,"[1, 1.57079637050628662109375, 1]",true,true
P7_12_2_2_10,long,i64max,7fffffffffffffff,"[1, 1.9999999999999999997831595655029, 62]",float,inf,7f800000,"[1, inf]",true,true
P7_12_2_3_10,long,i64max,7fffffffffffffff,"[1, 1.9999999999999999997831595655029, 62]",float,nan,7fc00000,nan,true,true
P7_12_2_4_10,long,i64max,7fffffffffffffff,"[1, 1.9999999999999999997831595655029, 62]",float,negzero,80000000,"[-1, 0.0, 0]",true,true
P7_12_2_5_10,long,i64max,7fffffffffffffff,"[1, 1.9999999999999999997831595655029, 62]",float,point1,3dcccccd,"[1, 1.60000002384185791015625, -4]",true,true
P7_12_4_0_10,long,p53_plus1,0020000000000001,"[1, 1.0000000000000001110223024625157, 53]",float,base_1_5,3fc00000,"[1, 1.5, 0]",true,true
P7_12_4_1_10,long,p53_plus1,0020000000000001,"[1, 1.0000000000000001110223024625157, 53]",float,base_pi,40490fdb,"[1, 1.57079637050628662109375, 1]",true,true
P7_12_4_2_10,long,p53_plus1,0020000000000001,"[1, 1.0000000000000001110223024625157, 53]",float,inf,7f800000,"[1, inf]",true,true
P7_12_4_3_10,long,p53_plus1,0020000000000001,"[1, 1.0000000000000001110223024625157, 53]",float,nan,7fc00000,nan,true,true
P7_12_4_4_10,long,p53_plus1,0020000000000001,"[1, 1.0000000000000001110223024625157, 53]",float,negzero,80000000,"[-1, 0.0, 0]",true,true
P7_12_4_5_10,long,p53_plus1,0020000000000001,"[1, 1.0000000000000001110223024625157, 53]",float,point1,3dcccccd,"[1, 1.60000002384185791015625, -4]",true,true
P8_5_0_0_10,Integer,base_42,0000002a,"[1, 1.3125, 5]",short,base_42,002a,"[1, 1.3125, 5]",false,false
P8_5_0_1_10,Integer,base_42,0000002a,"[1, 1.3125, 5]",short,base_zero,0000,"[1, 0.0, 0]",true,true
P8_5_1_0_10,Integer,base_zero,00000000,"[1, 0.0, 0]",short,base_42,002a,"[1, 1.3125, 5]",true,true
P8_5_1_1_10,Integer,base_zero,00000000,"[1, 0.0, 0]",short,base_zero,0000,"[1, 0.0, 0]",false,false
P8_6_0_0_10,Integer,base_42,0000002a,"[1, 1.3125, 5]",int,base_42,0000002a,"[1, 1.3125, 5]",false,false
P8_6_0_1_10,Integer,base_42,0000002a,"[1, 1.3125, 5]",int,base_zero,00000000,"[1, 0.0, 0]",true,true
P8_6_1_0_10,Integer,base_zero,00000000,"[1, 0.0, 0]",int,base_42,0000002a,"[1, 1.3125, 5]",true,true
P8_6_1_1_10,Integer,base_zero,00000000,"[1, 0.0, 0]",int,base_zero,00000000,"[1, 0.0, 0]",false,false
P8_7_0_0_10,Integer,base_42,0000002a,"[1, 1.3125, 5]",long,base_42,000000000000002a,"[1, 1.3125, 5]",false,false
P8_7_0_1_10,Integer,base_42,0000002a,"[1, 1.3125, 5]",long,base_zero,0000000000000000,"[1, 0.0, 0]",true,true
P8_7_0_2_10,Integer,base_42,0000002a,"[1, 1.3125, 5]",long,i64max,7fffffffffffffff,"[1, 1.9999999999999999997831595655029, 62]",true,true
P8_7_0_4_10,Integer,base_42,0000002a,"[1, 1.3125, 5]",long,p53_plus1,0020000000000001,"[1, 1.0000000000000001110223024625157, 53]",true,true
P8_7_1_0_10,Integer,base_zero,00000000,"[1, 0.0, 0]",long,base_42,000000000000002a,"[1, 1.3125, 5]",true,true
P8_7_1_1_10,Integer,base_zero,00000000,"[1, 0.0, 0]",long,base_zero,0000000000000000,"[1, 0.0, 0]",false,false
P8_7_1_2_10,Integer,base_zero,00000000,"[1, 0.0, 0]",long,i64max,7fffffffffffffff,"[1, 1.9999999999999999997831595655029, 62]",true,true
P8_7_1_4_10,Integer,base_zero,00000000,"[1, 0.0, 0]",long,p53_plus1,0020000000000001,"[1, 1.0000000000000001110223024625157, 53]",true,true
P8_8_0_0_10,Integer,base_42,0000002a,"[1, 1.3125, 5]",Integer,base_42,0000002a,"[1, 1.3125, 5]",false,false
P8_8_0_1_10,Integer,base_42,0000002a,"[1, 1.3125, 5]",Integer,base_zero,00000000,"[1, 0.0, 0]",true,true
P8_8_1_0_10,Integer,base_zero,00000000,"[1, 0.0, 0]",Integer,base_42,0000002a,"[1, 1.3125, 5]",true,true
P8_8_1_1_10,Integer,base_zero,00000000,"[1, 0.0, 0]",Integer,base_zero,00000000,"[1, 0.0, 0]",false,false
P8_11_0_0_10,Integer,base_42,0000002a,"[1, 1.3125, 5]",double,base_1_5,3ff8000000000000,"[1, 1.5, 0]",true,true
P8_11_0_1_10,Integer,base_42,0000002a,"[1, 1.3125, 5]",double,base_pi,400921fb54442d18,"[1, 1.5707963267948965579989817342721, 1]",true,true
P8_11_0_2_10,Integer,base_42,0000002a,"[1, 1.3125, 5]",double,inf,7ff0000000000000,"[1, inf]",true,true
P8_11_0_3_10,Integer,base_42,0000002a,"[1, 1.3125, 5]",double,nan,7ff8000000000000,nan,true,true
P8_11_0_4_10,Integer,base_42,0000002a,"[1, 1.3125, 5]",double,negzero,8000000000000000,"[-1, 0.0, 0]",true,true
P8_11_0_5_10,Integer,base_42,0000002a,"[1, 1.3125, 5]",double,point1,3fb999999999999a,"[1, 1.6000000000000000888178419700125, -4]",true,true
P8_11_1_0_10,Integer,base_zero,00000000,"[1, 0.0, 0]",double,base_1_5,3ff8000000000000,"[1, 1.5, 0]",true,true
P8_11_1_1_10,Integer,base_zero,00000000,"[1, 0.0, 0]",double,base_pi,400921fb54442d18,"[1, 1.5707963267948965579989817342721, 1]",true,true
P8_11_1_2_10,Integer,base_zero,00000000,"[1, 0.0, 0]",double,inf,7ff0000000000000,"[1, inf]",true,true
P8_11_1_3_10,Integer,base_zero,00000000,"[1, 0.0, 0]",double,nan,7ff8000000000000,nan,true,true
P8_11_1_4_10,Integer,base_zero,00000000,"[1, 0.0, 0]",double,negzero,8000000000000000,"[-1, 0.0, 0]",false,false
P8_11_1_5_10,Integer,base_zero,00000000,"[1, 0.0, 0]",double,point1,3fb999999999999a,"[1, 1.6000000000000000888178419700125, -4]",true,true
P8_12_0_0_10,Integer,base_42,0000002a,"[1, 1.3125, 5]",float,base_1_5,3fc00000,"[1, 1.5, 0]",true,true
P8_12_0_1_10,Integer,base_42,0000002a,"[1, 1.3125, 5]",float,base_pi,40490fdb,"[1, 1.57079637050628662109375, 1]",true,true
P8_12_0_2_10,Integer,base_42,0000002a,"[1, 1.3125, 5]",float,inf,7f800000,"[1, inf]",true,true
P8_12_0_3_10,Integer,base_42,0000002a,"[1, 1.3125, 5]",float,nan,7fc00000,nan,true,true
P8_12_0_4_10,Integer,base_42,0000002a,"[1, 1.3125, 5]",float,negzero,80000000,"[-1, 0.0, 0]",true,true
P8_12_0_5_10,Integer,base_42,0000002a,"[1, 1.3125, 5]",float,point1,3dcccccd,"[1, 1.60000002384185791015625, -4]",true,true
P8_12_1_0_10,Integer,base_zero,00000000,"[1, 0.0, 0]",float,base_1_5,3fc00000,"[1, 1.5, 0]",true,true
P8_12_1_1_10,Integer,base_zero,00000000,"[1, 0.0, 0]",float,base_pi,40490fdb,"[1, 1.57079637050628662109375, 1]",true,true
P8_12_1_2_10,Integer,base_zero,00000000,"[1, 0.0, 0]",float,inf,7f800000,"[1, inf]",true,true
P8_12_1_3_10,Integer,base_zero,00000000,"[1, 0.0, 0]",float,nan,7fc00000,nan,true,true
P8_12_1_4_10,Integer,base_zero,00000000,"[1, 0.0, 0]",float,negzero,80000000,"[-1, 0.0, 0]",false,false
P8_12_1_5_10,Integer,base_zero,00000000,"[1, 0.0, 0]",float,point1,3dcccccd,"[1, 1.60000002384185791015625, -4]",true,true
P9_5_0_0_10,Long,base_42,000000000000002a,"[1, 1.3125, 5]",short,base_42,002a,"[1, 1.3125, 5]",false,false
P9_5_0_1_10,Long,base_42,000000000000002a,"[1, 1.3125, 5]",short,base_zero,0000,"[1, 0.0, 0]",true,true
P9_5_1_0_10,Long,base_zero,0000000000000000,"[1, 0.0, 0]",short,base_42,002a,"[1, 1.3125, 5]",true,true
P9_5_1_1_10,Long,base_zero,0000000000000000,"[1, 0.0, 0]",short,base_zero,0000,"[1, 0.0, 0]",false,false
P9_5_2_0_10,Long,i64max,7fffffffffffffff,"[1, 1.9999999999999999997831595655029, 62]",short,base_42,002a,"[1, 1.3125, 5]",true,true
P9_5_2_1_10,Long,i64max,7fffffffffffffff,"[1, 1.9999999999999999997831595655029, 62]",short,base_zero,0000,"[1, 0.0, 0]",true,true
P9_5_4_0_10,Long,p53_plus1,0020000000000001,"[1, 1.0000000000000001110223024625157, 53]",short,base_42,002a,"[1, 1.3125, 5]",true,true
P9_5_4_1_10,Long,p53_plus1,0020000000000001,"[1, 1.0000000000000001110223024625157, 53]",short,base_zero,0000,"[1, 0.0, 0]",true,true
P9_6_0_0_10,Long,base_42,000000000000002a,"[1, 1.3125, 5]",int,base_42,0000002a,"[1, 1.3125, 5]",false,false
P9_6_0_1_10,Long,base_42,000000000000002a,"[1, 1.3125, 5]",int,base_zero,00000000,"[1, 0.0, 0]",true,true
P9_6_1_0_10,Long,base_zero,0000000000000000,"[1, 0.0, 0]",int,base_42,0000002a,"[1, 1.3125, 5]",true,true
P9_6_1_1_10,Long,base_zero,0000000000000000,"[1, 0.0, 0]",int,base_zero,00000000,"[1, 0.0, 0]",false,false
P9_6_2_0_10,Long,i64max,7fffffffffffffff,"[1, 1.9999999999999999997831595655029, 62]",int,base_42,0000002a,"[1, 1.3125, 5]",true,true
P9_6_2_1_10,Long,i64max,7fffffffffffffff,"[1, 1.9999999999999999997831595655029, 62]",int,base_zero,00000000,"[1, 0.0, 0]",true,true
P9_6_4_0_10,Long,p53_plus1,0020000000000001,"[1, 1.0000000000000001110223024625157, 53]",int,base_42,0000002a,"[1, 1.3125, 5]",true,true
P9_6_4_1_10,Long,p53_plus1,0020000000000001,"[1, 1.0000000000000001110223024625157, 53]",int,base_zero,00000000,"[1, 0.0, 0]",true,true
P9_7_0_0_10,Long,base_42,000000000000002a,"[1, 1.3125, 5]",long,base_42,000000000000002a,"[1, 1.3125, 5]",false,false
P9_7_0_1_10,Long,base_42,000000000000002a,"[1, 1.3125, 5]",long,base_zero,0000000000000000,"[1, 0.0, 0]",true,true
P9_7_0_2_10,Long,base_42,000000000000002a,"[1, 1.3125, 5]",long,i64max,7fffffffffffffff,"[1, 1.9999999999999999997831595655029, 62]",true,true
P9_7_0_4_10,Long,base_42,000000000000002a,"[1, 1.3125, 5]",long,p53_plus1,0020000000000001,"[1, 1.0000000000000001110223024625157, 53]",true,true
P9_7_1_0_10,Long,base_zero,0000000000000000,"[1, 0.0, 0]",long,base_42,000000000000002a,"[1, 1.3125, 5]",true,true
P9_7_1_1_10,Long,base_zero,0000000000000000,"[1, 0.0, 0]",long,base_zero,0000000000000000,"[1, 0.0, 0]",false,false
P9_7_1_2_10,Long,base_zero,0000000000000000,"[1, 0.0, 0]",long,i64max,7fffffffffffffff,"[1, 1.9999999999999999997831595655029, 62]",true,true
P9_7_1_4_10,Long,base_zero,0000000000000000,"[1, 0.0, 0]",long,p53_plus1,0020000000000001,"[1, 1.0000000000000001110223024625157, 53]",true,true
P9_7_2_0_10,Long,i64max,7fffffffffffffff,"[1, 1.9999999999999999997831595655029, 62]",long,base_42,000000000000002a,"[1, 1.3125, 5]",true,true
P9_7_2_1_10,Long,i64max,7fffffffffffffff,"[1, 1.9999999999999999997831595655029, 62]",long,base_zero,0000000000000000,"[1, 0.0, 0]",true,true
P9_7_2_2_10,Long,i64max,7fffffffffffffff,"[1, 1.9999999999999999997831595655029, 62]",long,i64max,7fffffffffffffff,"[1, 1.9999999999999999997831595655029, 62]",false,false
P9_7_2_4_10,Long,i64max,7fffffffffffffff,"[1, 1.9999999999999999997831595655029, 62]",long,p53_plus1,0020000000000001,"[1, 1.0000000000000001110223024625157, 53]",true,true
P9_7_4_0_10,Long,p53_plus1,0020000000000001,"[1, 1.0000000000000001110223024625157, 53]",long,base_42,000000000000002a,"[1, 1.3125, 5]",true,true
P9_7_4_1_10,Long,p53_plus1,0020000000000001,"[1, 1.0000000000000001110223024625157, 53]",long,base_zero,0000000000000000,"[1, 0.0, 0]",true,true
P9_7_4_2_10,Long,p53_plus1,0020000000000001,"[1, 1.0000000000000001110223024625157, 53]",long,i64max,7fffffffffffffff,"[1, 1.9999999999999999997831595655029, 62]",true,true
P9_7_4_4_10,Long,p53_plus1,0020000000000001,"[1, 1.0000000000000001110223024625157, 53]",long,p53_plus1,0020000000000001,"[1, 1.0000000000000001110223024625157, 53]",false,false
P9_9_0_0_10,Long,base_42,000000000000002a,"[1, 1.3125, 5]",Long,base_42,000000000000002a,"[1, 1.3125, 5]",false,false
P9_9_0_1_10,Long,base_42,000000000000002a,"[1, 1.3125, 5]",Long,base_zero,0000000000000000,"[1, 0.0, 0]",true,true
P9_9_0_2_10,Long,base_42,000000000000002a,"[1, 1.3125, 5]",Long,i64max,7fffffffffffffff,"[1, 1.9999999999999999997831595655029, 62]",true,true
P9_9_0_4_10,Long,base_42,000000000000002a,"[1, 1.3125, 5]",Long,p53_plus1,0020000000000001,"[1, 1.0000000000000001110223024625157, 53]",true,true
P9_9_1_0_10,Long,base_zero,0000000000000000,"[1, 0.0, 0]",Long,base_42,000000000000002a,"[1, 1.3125, 5]",true,true
P9_9_1_1_10,Long,base_zero,0000000000000000,"[1, 0.0, 0]",Long,base_zero,0000000000000000,"[1, 0.0, 0]",false,false
P9_9_1_2_10,Long,base_zero,0000000000000000,"[1, 0.0, 0]",Long,i64max,7fffffffffffffff,"[1, 1.9999999999999999997831595655029, 62]",true,true
P9_9_1_4_10,Long,base_zero,0000000000000000,"[1, 0.0, 0]",Long,p53_plus1,0020000000000001,"[1, 1.0000000000000001110223024625157, 53]",true,true
P9_9_2_0_10,Long,i64max,7fffffffffffffff,"[1, 1.9999999999999999997831595655029, 62]",Long,base_42,000000000000002a,"[1, 1.3125, 5]",true,true
P9_9_2_1_10,Long,i64max,7fffffffffffffff,"[1, 1.9999999999999999997831595655029, 62]",Long,base_zero,0000000000000000,"[1, 0.0, 0]",true,true
P9_9_2_2_10,Long,i64max,7fffffffffffffff,"[1, 1.9999999999999999997831595655029, 62]",Long,i64max,7fffffffffffffff,"[1, 1.9999999999999999997831595655029, 62]",true,true
P9_9_2_4_10,Long,i64max,7fffffffffffffff,"[1, 1.9999999999999999997831595655029, 62]",Long,p53_plus1,0020000000000001,"[1, 1.0000000000000001110223024625157, 53]",true,true
P9_9_4_0_10,Long,p53_plus1,0020000000000001,"[1, 1.0000000000000001110223024625157, 53]",Long,base_42,000000000000002a,"[1, 1.3125, 5]",true,true
P9_9_4_1_10,Long,p53_plus1,0020000000000001,"[1, 1.0000000000000001110223024625157, 53]",Long,base_zero,0000000000000000,"[1, 0.0, 0]",true,true
P9_9_4_2_10,Long,p53_plus1,0020000000000001,"[1, 1.0000000000000001110223024625157, 53]",Long,i64max,7fffffffffffffff,"[1, 1.9999999999999999997831595655029, 62]",true,true
P9_9_4_4_10,Long,p53_plus1,0020000000000001,"[1, 1.0000000000000001110223024625157, 53]",Long,p53_plus1,0020000000000001,"[1, 1.0000000000000001110223024625157, 53]",true,true
P9_11_0_0_10,Long,base_42,000000000000002a,"[1, 1.3125, 5]",double,base_1_5,3ff8000000000000,"[1, 1.5, 0]",true,true
P9_11_0_1_10,Long,base_42,000000000000002a,"[1, 1.3125, 5]",double,base_pi,400921fb54442d18,"[1, 1.5707963267948965579989817342721, 1]",true,true
P9_11_0_2_10,Long,base_42,000000000000002a,"[1, 1.3125, 5]",double,inf,7ff0000000000000,"[1, inf]",true,true
P9_11_0_3_10,Long,base_42,000000000000002a,"[1, 1.3125, 5]",double,nan,7ff8000000000000,nan,true,true
P9_11_0_4_10,Long,base_42,000000000000002a,"[1, 1.3125, 5]",double,negzero,8000000000000000,"[-1, 0.0, 0]",true,true
P9_11_0_5_10,Long,base_42,000000000000002a,"[1, 1.3125, 5]",double,point1,3fb999999999999a,"[1, 1.6000000000000000888178419700125, -4]",true,true
P9_11_1_0_10,Long,base_zero,0000000000000000,"[1, 0.0, 0]",double,base_1_5,3ff8000000000000,"[1, 1.5, 0]",true,true
P9_11_1_1_10,Long,base_zero,0000000000000000,"[1, 0.0, 0]",double,base_pi,400921fb54442d18,"[1, 1.5707963267948965579989817342721, 1]",true,true
P9_11_1_2_10,Long,base_zero,0000000000000000,"[1, 0.0, 0]",double,inf,7ff0000000000000,"[1, inf]",true,true
P9_11_1_3_10,Long,base_zero,0000000000000000,"[1, 0.0, 0]",double,nan,7ff8000000000000,nan,true,true
P9_11_1_4_10,Long,base_zero,0000000000000000,"[1, 0.0, 0]",double,negzero,8000000000000000,"[-1, 0.0, 0]",false,false
P9_11_1_5_10,Long,base_zero,0000000000000000,"[1, 0.0, 0]",double,point1,3fb999999999999a,"[1, 1.6000000000000000888178419700125, -4]",true,true
P9_11_2_0_10,Long,i64max,7fffffffffffffff,"[1, 1.9999999999999999997831595655029, 62]",double,base_1_5,3ff8000000000000,"[1, 1.5, 0]",true,true
P9_11_2_1_10,Long,i64max,7fffffffffffffff,"[1, 1.9999999999999999997831595655029, 62]",double,base_pi,400921fb54442d18,"[1, 1.5707963267948965579989817342721, 1]",true,true
P9_11_2_2_10,Long,i64max,7fffffffffffffff,"[1, 1.9999999999999999997831595655029, 62]",double,inf,7ff0000000000000,"[1, inf]",true,true
P9_11_2_3_10,Long,i64max,7fffffffffffffff,"[1, 1.9999999999999999997831595655029, 62]",double,nan,7ff8000000000000,nan,true,true
P9_11_2_4_10,Long,i64max,7fffffffffffffff,"[1, 1.9999999999999999997831595655029, 62]",double,negzero,8000000000000000,"[-1, 0.0, 0]",true,true
P9_11_2_5_10,Long,i64max,7fffffffffffffff,"[1, 1.9999999999999999997831595655029, 62]",double,point1,3fb999999999999a,"[1, 1.6000000000000000888178419700125, -4]",true,true
P9_11_4_0_10,Long,p53_plus1,0020000000000001,"[1, 1.0000000000000001110223024625157, 53]",double,base_1_5,3ff8000000000000,"[1, 1.5, 0]",true,true
P9_11_4_1_10,Long,p53_plus1,0020000000000001,"[1, 1.0000000000000001110223024625157, 53]",double,base_pi,400921fb54442d18,"[1, 1.5707963267948965579989817342721, 1]",true,true
P9_11_4_2_10,Long,p53_plus1,0020000000000001,"[1, 1.0000000000000001110223024625157, 53]",double,inf,7ff0000000000000,"[1, inf]",true,true
P9_11_4_3_10,Long,p53_plus1,0020000000000001,"[1, 1.0000000000000001110223024625157, 53]",double,nan,7ff8000000000000,nan,true,true
P9_11_4_4_10,Long,p53_plus1,0020000000000001,"[1, 1.0000000000000001110223024625157, 53]",double,negzero,8000000000000000,"[-1, 0.0, 0]",true,true
P9_11_4_5_10,Long,p53_plus1,0020000000000001,"[1, 1.0000000000000001110223024625157, 53]",double,point1,3fb999999999999a,"[1, 1.6000000000000000888178419700125, -4]",true,true
P9_12_0_0_10,Long,base_42,000000000000002a,"[1, 1.3125, 5]",float,base_1_5,3fc00000,"[1, 1.5, 0]",true,true
P9_12_0_1_10,Long,base_42,000000000000002a,"[1, 1.3125, 5]",float,base_pi,40490fdb,"[1, 1.57079637050628662109375, 1]",true,true
P9_12_0_2_10,Long,base_42,000000000000002a,"[1, 1.3125, 5]",float,inf,7f800000,"[1, inf]",true,true
P9_12_0_3_10,Long,base_42,000000000000002a,"[1, 1.3125, 5]",float,nan,7fc00000,nan,true,true
P9_12_0_4_10,Long,base_42,000000000000002a,"[1, 1.3125, 5]",float,negzero,80000000,"[-1, 0.0, 0]",true,true
P9_12_0_5_10,Long,base_42,000000000000002a,"[1, 1.3125, 5]",float,point1,3dcccccd,"[1, 1.60000002384185791015625, -4]",true,true
P9_12_1_0_10,Long,base_zero,0000000000000000,"[1, 0.0, 0]",float,base_1_5,3fc00000,"[1, 1.5, 0]",true,true
P9_12_1_1_10,Long,base_zero,0000000000000000,"[1, 0.0, 0]",float,base_pi,40490fdb,"[1, 1.57079637050628662109375, 1]",true,true
P9_12_1_2_10,Long,base_zero,0000000000000000,"[1, 0.0, 0]",float,inf,7f800000,"[1, inf]",true,true
P9_12_1_3_10,Long,base_zero,0000000000000000,"[1, 0.0, 0]",float,nan,7fc00000,nan,true,true
P9_12_1_4_10,Long,base_zero,0000000000000000,"[1, 0.0, 0]",float,negzero,80000000,"[-1, 0.0, 0]",false,false
P9_12_1_5_10,Long,base_zero,0000000000000000,"[1, 0.0, 0]",float,point1,3dcccccd,"[1, 1.60000002384185791015625, -4]",true,true
P9_12_2_0_10,Long,i64max,7fffffffffffffff,"[1, 1.9999999999999999997831595655029, 62]",float,base_1_5,3fc00000,"[1, 1.5, 0]",true,true
P9_12_2_1_10,Long,i64max,7fffffffffffffff,"[1, 1.9999999999999999997831595655029, 62]",float,base_pi,40490fdb,"[1, 1.57079637050628662109375, 1]",true,true
P9_12_2_2_10,Long,i64max,7fffffffffffffff,"[1, 1.9999999999999999997831595655029, 62]",float,inf,7f800000,"[1, inf]",true,true
P9_12_2_3_10,Long,i64max,7fffffffffffffff,"[1, 1.9999999999999999997831595655029, 62]",float,nan,7fc00000,nan,true,true
P9_12_2_4_10,Long,i64max,7fffffffffffffff,"[1, 1.9999999999999999997831595655029, 62]",float,negzero,80000000,"[-1, 0.0, 0]",true,true
P9_12_2_5_10,Long,i64max,7fffffffffffffff,"[1, 1.9999999999999999997831595655029, 62]",float,point1,3dcccccd,"[1, 1.60000002384185791015625, -4]",true,true
P9_12_4_0_10,Long,p53_plus1,0020000000000001,"[1, 1.0000000000000001110223024625157, 53]",float,base_1_5,3fc00000,"[1, 1.5, 0]",true,true
P9_12_4_1_10,Long,p53_plus1,0020000000000001,"[1, 1.0000000000000001110223024625157, 53]",float,base_pi,40490fdb,"[1, 1.57079637050628662109375, 1]",true,true
P9_12_4_2_10,Long,p53_plus1,0020000000000001,"[1, 1.0000000000000001110223024625157, 53]",float,inf,7f800000,"[1, inf]",true,true
P9_12_4_3_10,Long,p53_plus1,0020000000000001,"[1, 1.0000000000000001110223024625157, 53]",float,nan,7fc00000,nan,true,true
P9_12_4_4_10,Long,p53_plus1,0020000000000001,"[1, 1.0000000000000001110223024625157, 53]",float,negzero,80000000,"[-1, 0.0, 0]",true,true
P9_12_4_5_10,Long,p53_plus1,0020000000000001,"[1, 1.0000000000000001110223024625157, 53]",float,point1,3dcccccd,"[1, 1.60000002384185791015625, -4]",true,true
P10_10_0_0_10,BigInteger,base_42,2a,"[1, 1.3125, 5]",BigInteger,base_42,2a,"[1, 1.3125, 5]",true,true
P10_10_0_1_10,BigInteger,base_42,2a,"[1, 1.3125, 5]",BigInteger,base_zero,0,"[1, 0.0, 0]",true,true
P10_10_0_2_10,BigInteger,base_42,2a,"[1, 1.3125, 5]",BigInteger,i64max,7fffffffffffffff,"[1, 1.9999999999999999997831595655029, 62]",true,true
P10_10_0_3_10,BigInteger,base_42,2a,"[1, 1.3125, 5]",BigInteger,i64max_plus1,8000000000000000,"[1, 1.0, 63]",true,true
P10_10_0_4_10,BigInteger,base_42,2a,"[1, 1.3125, 5]",BigInteger,p53_plus1,20000000000001,"[1, 1.0000000000000001110223024625157, 53]",true,true
P10_10_0_5_10,BigInteger,base_42,2a,"[1, 1.3125, 5]",BigInteger,u64max,ffffffffffffffff,"[1, 1.9999999999999999998915797827514, 63]",true,true
P10_10_1_0_10,BigInteger,base_zero,0,"[1, 0.0, 0]",BigInteger,base_42,2a,"[1, 1.3125, 5]",true,true
P10_10_1_1_10,BigInteger,base_zero,0,"[1, 0.0, 0]",BigInteger,base_zero,0,"[1, 0.0, 0]",true,true
P10_10_1_2_10,BigInteger,base_zero,0,"[1, 0.0, 0]",BigInteger,i64max,7fffffffffffffff,"[1, 1.9999999999999999997831595655029, 62]",true,true
P10_10_1_3_10,BigInteger,base_zero,0,"[1, 0.0, 0]",BigInteger,i64max_plus1,8000000000000000,"[1, 1.0, 63]",true,true
P10_10_1_4_10,BigInteger,base_zero,0,"[1, 0.0, 0]",BigInteger,p53_plus1,20000000000001,"[1, 1.0000000000000001110223024625157, 53]",true,true
P10_10_1_5_10,BigInteger,base_zero,0,"[1, 0.0, 0]",BigInteger,u64max,ffffffffffffffff,"[1, 1.9999999999999999998915797827514, 63]",true,true
P10_10_2_0_10,BigInteger,i64max,7fffffffffffffff,"[1, 1.9999999999999999997831595655029, 62]",BigInteger,base_42,2a,"[1, 1.3125, 5]",true,true
P10_10_2_1_10,BigInteger,i64max,7fffffffffffffff,"[1, 1.9999999999999999997831595655029, 62]",BigInteger,base_zero,0,"[1, 0.0, 0]",true,true
P10_10_2_2_10,BigInteger,i64max,7fffffffffffffff,"[1, 1.9999999999999999997831595655029, 62]",BigInteger,i64max,7fffffffffffffff,"[1, 1.9999999999999999997831595655029, 62]",true,true
P10_10_2_3_10,BigInteger,i64max,7fffffffffffffff,"[1, 1.9999999999999999997831595655029, 62]",BigInteger,i64max_plus1,8000000000000000,"[1, 1.0, 63]",true,true
P10_10_2_4_10,BigInteger,i64max,7fffffffffffffff,"[1, 1.9999999999999999997831595655029, 62]",BigInteger,p53_plus1,20000000000001,"[1, 1.0000000000000001110223024625157, 53]",true,true
P10_10_2_5_10,BigInteger,i64max,7fffffffffffffff,"[1, 1.9999999999999999997831595655029, 62]",BigInteger,u64max,ffffffffffffffff,"[1, 1.9999999999999999998915797827514, 63]",true,true
P10_10_3_0_10,BigInteger,i64max_plus1,8000000000000000,"[1, 1.0, 63]",BigInteger,base_42,2a,"[1, 1.3125, 5]",true,true
P10_10_3_1_10,BigInteger,i64max_plus1,8000000000000000,"[1, 1.0, 63]",BigInteger,base_zero,0,"[1, 0.0, 0]",true,true
P10_10_3_2_10,BigInteger,i64max_plus1,8000000000000000,"[1, 1.0, 63]",BigInteger,i64max,7fffffffffffffff,"[1, 1.9999999999999999997831595655029, 62]",true,true
P10_10_3_3_10,BigInteger,i64max_plus1,8000000000000000,"[1, 1.0, 63]",BigInteger,i64max_plus1,8000000000000000,"[1, 1.0, 63]",true,true
P10_10_3_4_10,BigInteger,i64max_plus1,8000000000000000,"[1, 1.0, 63]",BigInteger,p53_plus1,20000000000001,"[1, 1.0000000000000001110223024625157, 53]",true,true
P10_10_3_5_10,BigInteger,i64max_plus1,8000000000000000,"[1, 1.0, 63]",BigInteger,u64max,ffffffffffffffff,"[1, 1.9999999999999999998915797827514, 63]",true,true
P10_10_4_0_10,BigInteger,p53_plus1,20000000000001,"[1, 1.0000000000000001110223024625157, 53]",BigInteger,base_42,2a,"[1, 1.3125, 5]",true,true
P10_10_4_1_10,BigInteger,p53_plus1,20000000000001,"[1, 1.0000000000000001110223024625157, 53]",BigInteger,base_zero,0,"[1, 0.0, 0]",true,true
P10_10_4_2_10,BigInteger,p53_plus1,20000000000001,"[1, 1.0000000000000001110223024625157, 53]",BigInteger,i64max,7fffffffffffffff,"[1, 1.9999999999999999997831595655029, 62]",true,true
P10_10_4_3_10,BigInteger,p53_plus1,20000000000001,"[1, 1.0000000000000001110223024625157, 53]",BigInteger,i64max_plus1,8000000000000000,"[1, 1.0, 63]",true,true
P10_10_4_4_10,BigInteger,p53_plus1,20000000000001,"[1, 1.0000000000000001110223024625157, 53]",BigInteger,p53_plus1,20000000000001,"[1, 1.0000000000000001110223024625157, 53]",true,true
P10_10_4_5_10,BigInteger,p53_plus1,20000000000001,"[1, 1.0000000000000001110223024625157, 53]",BigInteger,u64max,ffffffffffffffff,"[1, 1.9999999999999999998915797827514, 63]",true,true
P10_10_5_0_10,BigInteger,u64max,ffffffffffffffff,"[1, 1.9999999999999999998915797827514, 63]",BigInteger,base_42,2a,"[1, 1.3125, 5]",true,true
P10_10_5_1_10,BigInteger,u64max,ffffffffffffffff,"[1, 1.9999999999999999998915797827514, 63]",BigInteger,base_zero,0,"[1, 0.0, 0]",true,true
P10_10_5_2_10,BigInteger,u64max,ffffffffffffffff,"[1, 1.9999999999999999998915797827514, 63]",BigInteger,i64max,7fffffffffffffff,"[1, 1.9999999999999999997831595655029, 62]",true,true
P10_10_5_3_10,BigInteger,u64max,ffffffffffffffff,"[1, 1.9999999999999999998915797827514, 63]",BigInteger,i64max_plus1,8000000000000000,"[1, 1.0, 63]",true,true
P10_10_5_4_10,BigInteger,u64max,ffffffffffffffff,"[1, 1.9999999999999999998915797827514, 63]",BigInteger,p53_plus1,20000000000001,"[1, 1.0000000000000001110223024625157, 53]",true,true
P10_10_5_5_10,BigInteger,u64max,ffffffffffffffff,"[1, 1.9999999999999999998915797827514, 63]",BigInteger,u64max,ffffffffffffffff,"[1, 1.9999999999999999998915797827514, 63]",true,true
P10_21_0_0_10,BigInteger,base_42,2a,"[1, 1.3125, 5]",List.of(...),base,"[1, 2, 3]","c|[1, 1.0, 0],[1, 1.0, 1],[1, 1.5, 1]|integer|as-sorted",true,true
P10_21_0_1_10,BigInteger,base_42,2a,"[1, 1.3125, 5]",List.of(...),bigint,[9223372036854775808],"c|[1, 1.0, 63]|integer|as-sorted",true,true
P10_21_0_2_10,BigInteger,base_42,2a,"[1, 1.3125, 5]",List.of(...),empty,[],c||empty|as-sorted,true,true
P10_21_0_3_10,BigInteger,base_42,2a,"[1, 1.3125, 5]",List.of(...),mixed,"[1, 'two', 3.0, True, None]","c|[1, 1.0, 0],[1, 1.5, 1],null,true,t|74776f|3|3|3|integer|reordered",,RAISE:NullPointerException
P10_21_0_4_10,BigInteger,base_42,2a,"[1, 1.3125, 5]",List.of(...),strs,"['a', 'b']","c|t|61|1|1|1,t|62|1|1|1|integer|as-sorted",true,true
P10_21_1_0_10,BigInteger,base_zero,0,"[1, 0.0, 0]",List.of(...),base,"[1, 2, 3]","c|[1, 1.0, 0],[1, 1.0, 1],[1, 1.5, 1]|integer|as-sorted",true,true
P10_21_1_1_10,BigInteger,base_zero,0,"[1, 0.0, 0]",List.of(...),bigint,[9223372036854775808],"c|[1, 1.0, 63]|integer|as-sorted",true,true
P10_21_1_2_10,BigInteger,base_zero,0,"[1, 0.0, 0]",List.of(...),empty,[],c||empty|as-sorted,true,true
P10_21_1_3_10,BigInteger,base_zero,0,"[1, 0.0, 0]",List.of(...),mixed,"[1, 'two', 3.0, True, None]","c|[1, 1.0, 0],[1, 1.5, 1],null,true,t|74776f|3|3|3|integer|reordered",,RAISE:NullPointerException
P10_21_1_4_10,BigInteger,base_zero,0,"[1, 0.0, 0]",List.of(...),strs,"['a', 'b']","c|t|61|1|1|1,t|62|1|1|1|integer|as-sorted",true,true
P10_21_2_0_10,BigInteger,i64max,7fffffffffffffff,"[1, 1.9999999999999999997831595655029, 62]",List.of(...),base,"[1, 2, 3]","c|[1, 1.0, 0],[1, 1.0, 1],[1, 1.5, 1]|integer|as-sorted",true,true
P10_21_2_1_10,BigInteger,i64max,7fffffffffffffff,"[1, 1.9999999999999999997831595655029, 62]",List.of(...),bigint,[9223372036854775808],"c|[1, 1.0, 63]|integer|as-sorted",true,true
P10_21_2_2_10,BigInteger,i64max,7fffffffffffffff,"[1, 1.9999999999999999997831595655029, 62]",List.of(...),empty,[],c||empty|as-sorted,true,true
P10_21_2_3_10,BigInteger,i64max,7fffffffffffffff,"[1, 1.9999999999999999997831595655029, 62]",List.of(...),mixed,"[1, 'two', 3.0, True, None]","c|[1, 1.0, 0],[1, 1.5, 1],null,true,t|74776f|3|3|3|integer|reordered",,RAISE:NullPointerException
P10_21_2_4_10,BigInteger,i64max,7fffffffffffffff,"[1, 1.9999999999999999997831595655029, 62]",List.of(...),strs,"['a', 'b']","c|t|61|1|1|1,t|62|1|1|1|integer|as-sorted",true,true
P10_21_3_0_10,BigInteger,i64max_plus1,8000000000000000,"[1, 1.0, 63]",List.of(...),base,"[1, 2, 3]","c|[1, 1.0, 0],[1, 1.0, 1],[1, 1.5, 1]|integer|as-sorted",true,true
P10_21_3_1_10,BigInteger,i64max_plus1,8000000000000000,"[1, 1.0, 63]",List.of(...),bigint,[9223372036854775808],"c|[1, 1.0, 63]|integer|as-sorted",true,true
P10_21_3_2_10,BigInteger,i64max_plus1,8000000000000000,"[1, 1.0, 63]",List.of(...),empty,[],c||empty|as-sorted,true,true
P10_21_3_3_10,BigInteger,i64max_plus1,8000000000000000,"[1, 1.0, 63]",List.of(...),mixed,"[1, 'two', 3.0, True, None]","c|[1, 1.0, 0],[1, 1.5, 1],null,true,t|74776f|3|3|3|integer|reordered",,RAISE:NullPointerException
P10_21_3_4_10,BigInteger,i64max_plus1,8000000000000000,"[1, 1.0, 63]",List.of(...),strs,"['a', 'b']","c|t|61|1|1|1,t|62|1|1|1|integer|as-sorted",true,true
P10_21_4_0_10,BigInteger,p53_plus1,20000000000001,"[1, 1.0000000000000001110223024625157, 53]",List.of(...),base,"[1, 2, 3]","c|[1, 1.0, 0],[1, 1.0, 1],[1, 1.5, 1]|integer|as-sorted",true,true
P10_21_4_1_10,BigInteger,p53_plus1,20000000000001,"[1, 1.0000000000000001110223024625157, 53]",List.of(...),bigint,[9223372036854775808],"c|[1, 1.0, 63]|integer|as-sorted",true,true
P10_21_4_2_10,BigInteger,p53_plus1,20000000000001,"[1, 1.0000000000000001110223024625157, 53]",List.of(...),empty,[],c||empty|as-sorted,true,true
P10_21_4_3_10,BigInteger,p53_plus1,20000000000001,"[1, 1.0000000000000001110223024625157, 53]",List.of(...),mixed,"[1, 'two', 3.0, True, None]","c|[1, 1.0, 0],[1, 1.5, 1],null,true,t|74776f|3|3|3|integer|reordered",,RAISE:NullPointerException
P10_21_4_4_10,BigInteger,p53_plus1,20000000000001,"[1, 1.0000000000000001110223024625157, 53]",List.of(...),strs,"['a', 'b']","c|t|61|1|1|1,t|62|1|1|1|integer|as-sorted",true,true
P10_21_5_0_10,BigInteger,u64max,ffffffffffffffff,"[1, 1.9999999999999999998915797827514, 63]",List.of(...),base,"[1, 2, 3]","c|[1, 1.0, 0],[1, 1.0, 1],[1, 1.5, 1]|integer|as-sorted",true,true
P10_21_5_1_10,BigInteger,u64max,ffffffffffffffff,"[1, 1.9999999999999999998915797827514, 63]",List.of(...),bigint,[9223372036854775808],"c|[1, 1.0, 63]|integer|as-sorted",true,true
P10_21_5_2_10,BigInteger,u64max,ffffffffffffffff,"[1, 1.9999999999999999998915797827514, 63]",List.of(...),empty,[],c||empty|as-sorted,true,true
P10_21_5_3_10,BigInteger,u64max,ffffffffffffffff,"[1, 1.9999999999999999998915797827514, 63]",List.of(...),mixed,"[1, 'two', 3.0, True, None]","c|[1, 1.0, 0],[1, 1.5, 1],null,true,t|74776f|3|3|3|integer|reordered",,RAISE:NullPointerException
P10_21_5_4_10,BigInteger,u64max,ffffffffffffffff,"[1, 1.9999999999999999998915797827514, 63]",List.of(...),strs,"['a', 'b']","c|t|61|1|1|1,t|62|1|1|1|integer|as-sorted",true,true
P10_29_0_0_10,BigInteger,base_42,2a,"[1, 1.3125, 5]",List<List<Object>>,mixed_depth,"[1, [2, {'k': (3, None, 't')}], True]","c|[1, 1.0, 0],c|[1, 1.0, 1],c|c|[1, 1.5, 1],null,t|74|1|1|1|integer|reordered|text|not-applicable|integer|reordered,true|integer|as-sorted",true,true
P10_29_0_1_10,BigInteger,base_42,2a,"[1, 1.3125, 5]",List<List<Object>>,seq_in_map,"{'outer': {'inner': [1, 2]}}","c|c|c|[1, 1.0, 0],[1, 1.0, 1]|integer|as-sorted|text|not-applicable|text|not-applicable",true,true
P10_29_0_2_10,BigInteger,base_42,2a,"[1, 1.3125, 5]",List<List<Object>>,seq_in_seq,"[[1, 2], [3, 4]]","c|c|[1, 1.0, 0],[1, 1.0, 1]|integer|as-sorted,c|[1, 1.0, 2],[1, 1.5, 1]|integer|as-sorted|integer|as-sorted",true,true
P10_29_1_0_10,BigInteger,base_zero,0,"[1, 0.0, 0]",List<List<Object>>,mixed_depth,"[1, [2, {'k': (3, None, 't')}], True]","c|[1, 1.0, 0],c|[1, 1.0, 1],c|c|[1, 1.5, 1],null,t|74|1|1|1|integer|reordered|text|not-applicable|integer|reordered,true|integer|as-sorted",true,true
P10_29_1_1_10,BigInteger,base_zero,0,"[1, 0.0, 0]",List<List<Object>>,seq_in_map,"{'outer': {'inner': [1, 2]}}","c|c|c|[1, 1.0, 0],[1, 1.0, 1]|integer|as-sorted|text|not-applicable|text|not-applicable",true,true
P10_29_1_2_10,BigInteger,base_zero,0,"[1, 0.0, 0]",List<List<Object>>,seq_in_seq,"[[1, 2], [3, 4]]","c|c|[1, 1.0, 0],[1, 1.0, 1]|integer|as-sorted,c|[1, 1.0, 2],[1, 1.5, 1]|integer|as-sorted|integer|as-sorted",true,true
P10_29_2_0_10,BigInteger,i64max,7fffffffffffffff,"[1, 1.9999999999999999997831595655029, 62]",List<List<Object>>,mixed_depth,"[1, [2, {'k': (3, None, 't')}], True]","c|[1, 1.0, 0],c|[1, 1.0, 1],c|c|[1, 1.5, 1],null,t|74|1|1|1|integer|reordered|text|not-applicable|integer|reordered,true|integer|as-sorted",true,true
P10_29_2_1_10,BigInteger,i64max,7fffffffffffffff,"[1, 1.9999999999999999997831595655029, 62]",List<List<Object>>,seq_in_map,"{'outer': {'inner': [1, 2]}}","c|c|c|[1, 1.0, 0],[1, 1.0, 1]|integer|as-sorted|text|not-applicable|text|not-applicable",true,true
P10_29_2_2_10,BigInteger,i64max,7fffffffffffffff,"[1, 1.9999999999999999997831595655029, 62]",List<List<Object>>,seq_in_seq,"[[1, 2], [3, 4]]","c|c|[1, 1.0, 0],[1, 1.0, 1]|integer|as-sorted,c|[1, 1.0, 2],[1, 1.5, 1]|integer|as-sorted|integer|as-sorted",true,true
P10_29_3_0_10,BigInteger,i64max_plus1,8000000000000000,"[1, 1.0, 63]",List<List<Object>>,mixed_depth,"[1, [2, {'k': (3, None, 't')}], True]","c|[1, 1.0, 0],c|[1, 1.0, 1],c|c|[1, 1.5, 1],null,t|74|1|1|1|integer|reordered|text|not-applicable|integer|reordered,true|integer|as-sorted",true,true
P10_29_3_1_10,BigInteger,i64max_plus1,8000000000000000,"[1, 1.0, 63]",List<List<Object>>,seq_in_map,"{'outer': {'inner': [1, 2]}}","c|c|c|[1, 1.0, 0],[1, 1.0, 1]|integer|as-sorted|text|not-applicable|text|not-applicable",true,true
P10_29_3_2_10,BigInteger,i64max_plus1,8000000000000000,"[1, 1.0, 63]",List<List<Object>>,seq_in_seq,"[[1, 2], [3, 4]]","c|c|[1, 1.0, 0],[1, 1.0, 1]|integer|as-sorted,c|[1, 1.0, 2],[1, 1.5, 1]|integer|as-sorted|integer|as-sorted",true,true
P10_29_4_0_10,BigInteger,p53_plus1,20000000000001,"[1, 1.0000000000000001110223024625157, 53]",List<List<Object>>,mixed_depth,"[1, [2, {'k': (3, None, 't')}], True]","c|[1, 1.0, 0],c|[1, 1.0, 1],c|c|[1, 1.5, 1],null,t|74|1|1|1|integer|reordered|text|not-applicable|integer|reordered,true|integer|as-sorted",true,true
P10_29_4_1_10,BigInteger,p53_plus1,20000000000001,"[1, 1.0000000000000001110223024625157, 53]",List<List<Object>>,seq_in_map,"{'outer': {'inner': [1, 2]}}","c|c|c|[1, 1.0, 0],[1, 1.0, 1]|integer|as-sorted|text|not-applicable|text|not-applicable",true,true
P10_29_4_2_10,BigInteger,p53_plus1,20000000000001,"[1, 1.0000000000000001110223024625157, 53]",List<List<Object>>,seq_in_seq,"[[1, 2], [3, 4]]","c|c|[1, 1.0, 0],[1, 1.0, 1]|integer|as-sorted,c|[1, 1.0, 2],[1, 1.5, 1]|integer|as-sorted|integer|as-sorted",true,true
P10_29_5_0_10,BigInteger,u64max,ffffffffffffffff,"[1, 1.9999999999999999998915797827514, 63]",List<List<Object>>,mixed_depth,"[1, [2, {'k': (3, None, 't')}], True]","c|[1, 1.0, 0],c|[1, 1.0, 1],c|c|[1, 1.5, 1],null,t|74|1|1|1|integer|reordered|text|not-applicable|integer|reordered,true|integer|as-sorted",true,true
P10_29_5_1_10,BigInteger,u64max,ffffffffffffffff,"[1, 1.9999999999999999998915797827514, 63]",List<List<Object>>,seq_in_map,"{'outer': {'inner': [1, 2]}}","c|c|c|[1, 1.0, 0],[1, 1.0, 1]|integer|as-sorted|text|not-applicable|text|not-applicable",true,true
P10_29_5_2_10,BigInteger,u64max,ffffffffffffffff,"[1, 1.9999999999999999998915797827514, 63]",List<List<Object>>,seq_in_seq,"[[1, 2], [3, 4]]","c|c|[1, 1.0, 0],[1, 1.0, 1]|integer|as-sorted,c|[1, 1.0, 2],[1, 1.5, 1]|integer|as-sorted|integer|as-sorted",true,true
P10_30_0_0_10,BigInteger,base_42,2a,"[1, 1.3125, 5]","Map<String,Object> nesting",mixed_depth,"[1, [2, {'k': (3, None, 't')}], True]","c|[1, 1.0, 0],c|[1, 1.0, 1],c|c|[1, 1.5, 1],null,t|74|1|1|1|integer|reordered|text|not-applicable|integer|reordered,true|integer|as-sorted",true,true
P10_30_0_1_10,BigInteger,base_42,2a,"[1, 1.3125, 5]","Map<String,Object> nesting",seq_in_map,"{'outer': {'inner': [1, 2]}}","c|c|c|[1, 1.0, 0],[1, 1.0, 1]|integer|as-sorted|text|not-applicable|text|not-applicable",true,true
P10_30_0_2_10,BigInteger,base_42,2a,"[1, 1.3125, 5]","Map<String,Object> nesting",seq_in_seq,"[[1, 2], [3, 4]]","c|c|[1, 1.0, 0],[1, 1.0, 1]|integer|as-sorted,c|[1, 1.0, 2],[1, 1.5, 1]|integer|as-sorted|integer|as-sorted",true,true
P10_30_1_0_10,BigInteger,base_zero,0,"[1, 0.0, 0]","Map<String,Object> nesting",mixed_depth,"[1, [2, {'k': (3, None, 't')}], True]","c|[1, 1.0, 0],c|[1, 1.0, 1],c|c|[1, 1.5, 1],null,t|74|1|1|1|integer|reordered|text|not-applicable|integer|reordered,true|integer|as-sorted",true,true
P10_30_1_1_10,BigInteger,base_zero,0,"[1, 0.0, 0]","Map<String,Object> nesting",seq_in_map,"{'outer': {'inner': [1, 2]}}","c|c|c|[1, 1.0, 0],[1, 1.0, 1]|integer|as-sorted|text|not-applicable|text|not-applicable",true,true
P10_30_1_2_10,BigInteger,base_zero,0,"[1, 0.0, 0]","Map<String,Object> nesting",seq_in_seq,"[[1, 2], [3, 4]]","c|c|[1, 1.0, 0],[1, 1.0, 1]|integer|as-sorted,c|[1, 1.0, 2],[1, 1.5, 1]|integer|as-sorted|integer|as-sorted",true,true
P10_30_2_0_10,BigInteger,i64max,7fffffffffffffff,"[1, 1.9999999999999999997831595655029, 62]","Map<String,Object> nesting",mixed_depth,"[1, [2, {'k': (3, None, 't')}], True]","c|[1, 1.0, 0],c|[1, 1.0, 1],c|c|[1, 1.5, 1],null,t|74|1|1|1|integer|reordered|text|not-applicable|integer|reordered,true|integer|as-sorted",true,true
P10_30_2_1_10,BigInteger,i64max,7fffffffffffffff,"[1, 1.9999999999999999997831595655029, 62]","Map<String,Object> nesting",seq_in_map,"{'outer': {'inner': [1, 2]}}","c|c|c|[1, 1.0, 0],[1, 1.0, 1]|integer|as-sorted|text|not-applicable|text|not-applicable",true,true
P10_30_2_2_10,BigInteger,i64max,7fffffffffffffff,"[1, 1.9999999999999999997831595655029, 62]","Map<String,Object> nesting",seq_in_seq,"[[1, 2], [3, 4]]","c|c|[1, 1.0, 0],[1, 1.0, 1]|integer|as-sorted,c|[1, 1.0, 2],[1, 1.5, 1]|integer|as-sorted|integer|as-sorted",true,true
P10_30_3_0_10,BigInteger,i64max_plus1,8000000000000000,"[1, 1.0, 63]","Map<String,Object> nesting",mixed_depth,"[1, [2, {'k': (3, None, 't')}], True]","c|[1, 1.0, 0],c|[1, 1.0, 1],c|c|[1, 1.5, 1],null,t|74|1|1|1|integer|reordered|text|not-applicable|integer|reordered,true|integer|as-sorted",true,true
P10_30_3_1_10,BigInteger,i64max_plus1,8000000000000000,"[1, 1.0, 63]","Map<String,Object> nesting",seq_in_map,"{'outer': {'inner': [1, 2]}}","c|c|c|[1, 1.0, 0],[1, 1.0, 1]|integer|as-sorted|text|not-applicable|text|not-applicable",true,true
P10_30_3_2_10,BigInteger,i64max_plus1,8000000000000000,"[1, 1.0, 63]","Map<String,Object> nesting",seq_in_seq,"[[1, 2], [3, 4]]","c|c|[1, 1.0, 0],[1, 1.0, 1]|integer|as-sorted,c|[1, 1.0, 2],[1, 1.5, 1]|integer|as-sorted|integer|as-sorted",true,true
P10_30_4_0_10,BigInteger,p53_plus1,20000000000001,"[1, 1.0000000000000001110223024625157, 53]","Map<String,Object> nesting",mixed_depth,"[1, [2, {'k': (3, None, 't')}], True]","c|[1, 1.0, 0],c|[1, 1.0, 1],c|c|[1, 1.5, 1],null,t|74|1|1|1|integer|reordered|text|not-applicable|integer|reordered,true|integer|as-sorted",true,true
P10_30_4_1_10,BigInteger,p53_plus1,20000000000001,"[1, 1.0000000000000001110223024625157, 53]","Map<String,Object> nesting",seq_in_map,"{'outer': {'inner': [1, 2]}}","c|c|c|[1, 1.0, 0],[1, 1.0, 1]|integer|as-sorted|text|not-applicable|text|not-applicable",true,true
P10_30_4_2_10,BigInteger,p53_plus1,20000000000001,"[1, 1.0000000000000001110223024625157, 53]","Map<String,Object> nesting",seq_in_seq,"[[1, 2], [3, 4]]","c|c|[1, 1.0, 0],[1, 1.0, 1]|integer|as-sorted,c|[1, 1.0, 2],[1, 1.5, 1]|integer|as-sorted|integer|as-sorted",true,true
P10_30_5_0_10,BigInteger,u64max,ffffffffffffffff,"[1, 1.9999999999999999998915797827514, 63]","Map<String,Object> nesting",mixed_depth,"[1, [2, {'k': (3, None, 't')}], True]","c|[1, 1.0, 0],c|[1, 1.0, 1],c|c|[1, 1.5, 1],null,t|74|1|1|1|integer|reordered|text|not-applicable|integer|reordered,true|integer|as-sorted",true,true
P10_30_5_1_10,BigInteger,u64max,ffffffffffffffff,"[1, 1.9999999999999999998915797827514, 63]","Map<String,Object> nesting",seq_in_map,"{'outer': {'inner': [1, 2]}}","c|c|c|[1, 1.0, 0],[1, 1.0, 1]|integer|as-sorted|text|not-applicable|text|not-applicable",true,true
P10_30_5_2_10,BigInteger,u64max,ffffffffffffffff,"[1, 1.9999999999999999998915797827514, 63]","Map<String,Object> nesting",seq_in_seq,"[[1, 2], [3, 4]]","c|c|[1, 1.0, 0],[1, 1.0, 1]|integer|as-sorted,c|[1, 1.0, 2],[1, 1.5, 1]|integer|as-sorted|integer|as-sorted",true,true
P11_5_0_0_10,double,base_1_5,3ff8000000000000,"[1, 1.5, 0]",short,base_42,002a,"[1, 1.3125, 5]",true,true
P11_5_0_1_10,double,base_1_5,3ff8000000000000,"[1, 1.5, 0]",short,base_zero,0000,"[1, 0.0, 0]",true,true
P11_5_1_0_10,double,base_pi,400921fb54442d18,"[1, 1.5707963267948965579989817342721, 1]",short,base_42,002a,"[1, 1.3125, 5]",true,true
P11_5_1_1_10,double,base_pi,400921fb54442d18,"[1, 1.5707963267948965579989817342721, 1]",short,base_zero,0000,"[1, 0.0, 0]",true,true
P11_5_2_0_10,double,inf,7ff0000000000000,"[1, inf]",short,base_42,002a,"[1, 1.3125, 5]",true,true
P11_5_2_1_10,double,inf,7ff0000000000000,"[1, inf]",short,base_zero,0000,"[1, 0.0, 0]",true,true
P11_5_3_0_10,double,nan,7ff8000000000000,nan,short,base_42,002a,"[1, 1.3125, 5]",true,true
P11_5_3_1_10,double,nan,7ff8000000000000,nan,short,base_zero,0000,"[1, 0.0, 0]",true,true
P11_5_4_0_10,double,negzero,8000000000000000,"[-1, 0.0, 0]",short,base_42,002a,"[1, 1.3125, 5]",true,true
P11_5_4_1_10,double,negzero,8000000000000000,"[-1, 0.0, 0]",short,base_zero,0000,"[1, 0.0, 0]",false,false
P11_5_5_0_10,double,point1,3fb999999999999a,"[1, 1.6000000000000000888178419700125, -4]",short,base_42,002a,"[1, 1.3125, 5]",true,true
P11_5_5_1_10,double,point1,3fb999999999999a,"[1, 1.6000000000000000888178419700125, -4]",short,base_zero,0000,"[1, 0.0, 0]",true,true
P11_6_0_0_10,double,base_1_5,3ff8000000000000,"[1, 1.5, 0]",int,base_42,0000002a,"[1, 1.3125, 5]",true,true
P11_6_0_1_10,double,base_1_5,3ff8000000000000,"[1, 1.5, 0]",int,base_zero,00000000,"[1, 0.0, 0]",true,true
P11_6_1_0_10,double,base_pi,400921fb54442d18,"[1, 1.5707963267948965579989817342721, 1]",int,base_42,0000002a,"[1, 1.3125, 5]",true,true
P11_6_1_1_10,double,base_pi,400921fb54442d18,"[1, 1.5707963267948965579989817342721, 1]",int,base_zero,00000000,"[1, 0.0, 0]",true,true
P11_6_2_0_10,double,inf,7ff0000000000000,"[1, inf]",int,base_42,0000002a,"[1, 1.3125, 5]",true,true
P11_6_2_1_10,double,inf,7ff0000000000000,"[1, inf]",int,base_zero,00000000,"[1, 0.0, 0]",true,true
P11_6_3_0_10,double,nan,7ff8000000000000,nan,int,base_42,0000002a,"[1, 1.3125, 5]",true,true
P11_6_3_1_10,double,nan,7ff8000000000000,nan,int,base_zero,00000000,"[1, 0.0, 0]",true,true
P11_6_4_0_10,double,negzero,8000000000000000,"[-1, 0.0, 0]",int,base_42,0000002a,"[1, 1.3125, 5]",true,true
P11_6_4_1_10,double,negzero,8000000000000000,"[-1, 0.0, 0]",int,base_zero,00000000,"[1, 0.0, 0]",false,false
P11_6_5_0_10,double,point1,3fb999999999999a,"[1, 1.6000000000000000888178419700125, -4]",int,base_42,0000002a,"[1, 1.3125, 5]",true,true
P11_6_5_1_10,double,point1,3fb999999999999a,"[1, 1.6000000000000000888178419700125, -4]",int,base_zero,00000000,"[1, 0.0, 0]",true,true
P11_7_0_0_10,double,base_1_5,3ff8000000000000,"[1, 1.5, 0]",long,base_42,000000000000002a,"[1, 1.3125, 5]",true,true
P11_7_0_1_10,double,base_1_5,3ff8000000000000,"[1, 1.5, 0]",long,base_zero,0000000000000000,"[1, 0.0, 0]",true,true
P11_7_0_2_10,double,base_1_5,3ff8000000000000,"[1, 1.5, 0]",long,i64max,7fffffffffffffff,"[1, 1.9999999999999999997831595655029, 62]",true,true
P11_7_0_4_10,double,base_1_5,3ff8000000000000,"[1, 1.5, 0]",long,p53_plus1,0020000000000001,"[1, 1.0000000000000001110223024625157, 53]",true,true
P11_7_1_0_10,double,base_pi,400921fb54442d18,"[1, 1.5707963267948965579989817342721, 1]",long,base_42,000000000000002a,"[1, 1.3125, 5]",true,true
P11_7_1_1_10,double,base_pi,400921fb54442d18,"[1, 1.5707963267948965579989817342721, 1]",long,base_zero,0000000000000000,"[1, 0.0, 0]",true,true
P11_7_1_2_10,double,base_pi,400921fb54442d18,"[1, 1.5707963267948965579989817342721, 1]",long,i64max,7fffffffffffffff,"[1, 1.9999999999999999997831595655029, 62]",true,true
P11_7_1_4_10,double,base_pi,400921fb54442d18,"[1, 1.5707963267948965579989817342721, 1]",long,p53_plus1,0020000000000001,"[1, 1.0000000000000001110223024625157, 53]",true,true
P11_7_2_0_10,double,inf,7ff0000000000000,"[1, inf]",long,base_42,000000000000002a,"[1, 1.3125, 5]",true,true
P11_7_2_1_10,double,inf,7ff0000000000000,"[1, inf]",long,base_zero,0000000000000000,"[1, 0.0, 0]",true,true
P11_7_2_2_10,double,inf,7ff0000000000000,"[1, inf]",long,i64max,7fffffffffffffff,"[1, 1.9999999999999999997831595655029, 62]",true,true
P11_7_2_4_10,double,inf,7ff0000000000000,"[1, inf]",long,p53_plus1,0020000000000001,"[1, 1.0000000000000001110223024625157, 53]",true,true
P11_7_3_0_10,double,nan,7ff8000000000000,nan,long,base_42,000000000000002a,"[1, 1.3125, 5]",true,true
P11_7_3_1_10,double,nan,7ff8000000000000,nan,long,base_zero,0000000000000000,"[1, 0.0, 0]",true,true
P11_7_3_2_10,double,nan,7ff8000000000000,nan,long,i64max,7fffffffffffffff,"[1, 1.9999999999999999997831595655029, 62]",true,true
P11_7_3_4_10,double,nan,7ff8000000000000,nan,long,p53_plus1,0020000000000001,"[1, 1.0000000000000001110223024625157, 53]",true,true
P11_7_4_0_10,double,negzero,8000000000000000,"[-1, 0.0, 0]",long,base_42,000000000000002a,"[1, 1.3125, 5]",true,true
P11_7_4_1_10,double,negzero,8000000000000000,"[-1, 0.0, 0]",long,base_zero,0000000000000000,"[1, 0.0, 0]",false,false
P11_7_4_2_10,double,negzero,8000000000000000,"[-1, 0.0, 0]",long,i64max,7fffffffffffffff,"[1, 1.9999999999999999997831595655029, 62]",true,true
P11_7_4_4_10,double,negzero,8000000000000000,"[-1, 0.0, 0]",long,p53_plus1,0020000000000001,"[1, 1.0000000000000001110223024625157, 53]",true,true
P11_7_5_0_10,double,point1,3fb999999999999a,"[1, 1.6000000000000000888178419700125, -4]",long,base_42,000000000000002a,"[1, 1.3125, 5]",true,true
P11_7_5_1_10,double,point1,3fb999999999999a,"[1, 1.6000000000000000888178419700125, -4]",long,base_zero,0000000000000000,"[1, 0.0, 0]",true,true
P11_7_5_2_10,double,point1,3fb999999999999a,"[1, 1.6000000000000000888178419700125, -4]",long,i64max,7fffffffffffffff,"[1, 1.9999999999999999997831595655029, 62]",true,true
P11_7_5_4_10,double,point1,3fb999999999999a,"[1, 1.6000000000000000888178419700125, -4]",long,p53_plus1,0020000000000001,"[1, 1.0000000000000001110223024625157, 53]",true,true
P11_8_0_0_10,double,base_1_5,3ff8000000000000,"[1, 1.5, 0]",Integer,base_42,0000002a,"[1, 1.3125, 5]",true,true
P11_8_0_1_10,double,base_1_5,3ff8000000000000,"[1, 1.5, 0]",Integer,base_zero,00000000,"[1, 0.0, 0]",true,true
P11_8_1_0_10,double,base_pi,400921fb54442d18,"[1, 1.5707963267948965579989817342721, 1]",Integer,base_42,0000002a,"[1, 1.3125, 5]",true,true
P11_8_1_1_10,double,base_pi,400921fb54442d18,"[1, 1.5707963267948965579989817342721, 1]",Integer,base_zero,00000000,"[1, 0.0, 0]",true,true
P11_8_2_0_10,double,inf,7ff0000000000000,"[1, inf]",Integer,base_42,0000002a,"[1, 1.3125, 5]",true,true
P11_8_2_1_10,double,inf,7ff0000000000000,"[1, inf]",Integer,base_zero,00000000,"[1, 0.0, 0]",true,true
P11_8_3_0_10,double,nan,7ff8000000000000,nan,Integer,base_42,0000002a,"[1, 1.3125, 5]",true,true
P11_8_3_1_10,double,nan,7ff8000000000000,nan,Integer,base_zero,00000000,"[1, 0.0, 0]",true,true
P11_8_4_0_10,double,negzero,8000000000000000,"[-1, 0.0, 0]",Integer,base_42,0000002a,"[1, 1.3125, 5]",true,true
P11_8_4_1_10,double,negzero,8000000000000000,"[-1, 0.0, 0]",Integer,base_zero,00000000,"[1, 0.0, 0]",false,false
P11_8_5_0_10,double,point1,3fb999999999999a,"[1, 1.6000000000000000888178419700125, -4]",Integer,base_42,0000002a,"[1, 1.3125, 5]",true,true
P11_8_5_1_10,double,point1,3fb999999999999a,"[1, 1.6000000000000000888178419700125, -4]",Integer,base_zero,00000000,"[1, 0.0, 0]",true,true
P11_9_0_0_10,double,base_1_5,3ff8000000000000,"[1, 1.5, 0]",Long,base_42,000000000000002a,"[1, 1.3125, 5]",true,true
P11_9_0_1_10,double,base_1_5,3ff8000000000000,"[1, 1.5, 0]",Long,base_zero,0000000000000000,"[1, 0.0, 0]",true,true
P11_9_0_2_10,double,base_1_5,3ff8000000000000,"[1, 1.5, 0]",Long,i64max,7fffffffffffffff,"[1, 1.9999999999999999997831595655029, 62]",true,true
P11_9_0_4_10,double,base_1_5,3ff8000000000000,"[1, 1.5, 0]",Long,p53_plus1,0020000000000001,"[1, 1.0000000000000001110223024625157, 53]",true,true
P11_9_1_0_10,double,base_pi,400921fb54442d18,"[1, 1.5707963267948965579989817342721, 1]",Long,base_42,000000000000002a,"[1, 1.3125, 5]",true,true
P11_9_1_1_10,double,base_pi,400921fb54442d18,"[1, 1.5707963267948965579989817342721, 1]",Long,base_zero,0000000000000000,"[1, 0.0, 0]",true,true
P11_9_1_2_10,double,base_pi,400921fb54442d18,"[1, 1.5707963267948965579989817342721, 1]",Long,i64max,7fffffffffffffff,"[1, 1.9999999999999999997831595655029, 62]",true,true
P11_9_1_4_10,double,base_pi,400921fb54442d18,"[1, 1.5707963267948965579989817342721, 1]",Long,p53_plus1,0020000000000001,"[1, 1.0000000000000001110223024625157, 53]",true,true
P11_9_2_0_10,double,inf,7ff0000000000000,"[1, inf]",Long,base_42,000000000000002a,"[1, 1.3125, 5]",true,true
P11_9_2_1_10,double,inf,7ff0000000000000,"[1, inf]",Long,base_zero,0000000000000000,"[1, 0.0, 0]",true,true
P11_9_2_2_10,double,inf,7ff0000000000000,"[1, inf]",Long,i64max,7fffffffffffffff,"[1, 1.9999999999999999997831595655029, 62]",true,true
P11_9_2_4_10,double,inf,7ff0000000000000,"[1, inf]",Long,p53_plus1,0020000000000001,"[1, 1.0000000000000001110223024625157, 53]",true,true
P11_9_3_0_10,double,nan,7ff8000000000000,nan,Long,base_42,000000000000002a,"[1, 1.3125, 5]",true,true
P11_9_3_1_10,double,nan,7ff8000000000000,nan,Long,base_zero,0000000000000000,"[1, 0.0, 0]",true,true
P11_9_3_2_10,double,nan,7ff8000000000000,nan,Long,i64max,7fffffffffffffff,"[1, 1.9999999999999999997831595655029, 62]",true,true
P11_9_3_4_10,double,nan,7ff8000000000000,nan,Long,p53_plus1,0020000000000001,"[1, 1.0000000000000001110223024625157, 53]",true,true
P11_9_4_0_10,double,negzero,8000000000000000,"[-1, 0.0, 0]",Long,base_42,000000000000002a,"[1, 1.3125, 5]",true,true
P11_9_4_1_10,double,negzero,8000000000000000,"[-1, 0.0, 0]",Long,base_zero,0000000000000000,"[1, 0.0, 0]",false,false
P11_9_4_2_10,double,negzero,8000000000000000,"[-1, 0.0, 0]",Long,i64max,7fffffffffffffff,"[1, 1.9999999999999999997831595655029, 62]",true,true
P11_9_4_4_10,double,negzero,8000000000000000,"[-1, 0.0, 0]",Long,p53_plus1,0020000000000001,"[1, 1.0000000000000001110223024625157, 53]",true,true
P11_9_5_0_10,double,point1,3fb999999999999a,"[1, 1.6000000000000000888178419700125, -4]",Long,base_42,000000000000002a,"[1, 1.3125, 5]",true,true
P11_9_5_1_10,double,point1,3fb999999999999a,"[1, 1.6000000000000000888178419700125, -4]",Long,base_zero,0000000000000000,"[1, 0.0, 0]",true,true
P11_9_5_2_10,double,point1,3fb999999999999a,"[1, 1.6000000000000000888178419700125, -4]",Long,i64max,7fffffffffffffff,"[1, 1.9999999999999999997831595655029, 62]",true,true
P11_9_5_4_10,double,point1,3fb999999999999a,"[1, 1.6000000000000000888178419700125, -4]",Long,p53_plus1,0020000000000001,"[1, 1.0000000000000001110223024625157, 53]",true,true
P11_11_0_0_10,double,base_1_5,3ff8000000000000,"[1, 1.5, 0]",double,base_1_5,3ff8000000000000,"[1, 1.5, 0]",false,false
P11_11_0_1_10,double,base_1_5,3ff8000000000000,"[1, 1.5, 0]",double,base_pi,400921fb54442d18,"[1, 1.5707963267948965579989817342721, 1]",true,true
P11_11_0_2_10,double,base_1_5,3ff8000000000000,"[1, 1.5, 0]",double,inf,7ff0000000000000,"[1, inf]",true,true
P11_11_0_3_10,double,base_1_5,3ff8000000000000,"[1, 1.5, 0]",double,nan,7ff8000000000000,nan,true,true
P11_11_0_4_10,double,base_1_5,3ff8000000000000,"[1, 1.5, 0]",double,negzero,8000000000000000,"[-1, 0.0, 0]",true,true
P11_11_0_5_10,double,base_1_5,3ff8000000000000,"[1, 1.5, 0]",double,point1,3fb999999999999a,"[1, 1.6000000000000000888178419700125, -4]",true,true
P11_11_1_0_10,double,base_pi,400921fb54442d18,"[1, 1.5707963267948965579989817342721, 1]",double,base_1_5,3ff8000000000000,"[1, 1.5, 0]",true,true
P11_11_1_1_10,double,base_pi,400921fb54442d18,"[1, 1.5707963267948965579989817342721, 1]",double,base_pi,400921fb54442d18,"[1, 1.5707963267948965579989817342721, 1]",false,false
P11_11_1_2_10,double,base_pi,400921fb54442d18,"[1, 1.5707963267948965579989817342721, 1]",double,inf,7ff0000000000000,"[1, inf]",true,true
P11_11_1_3_10,double,base_pi,400921fb54442d18,"[1, 1.5707963267948965579989817342721, 1]",double,nan,7ff8000000000000,nan,true,true
P11_11_1_4_10,double,base_pi,400921fb54442d18,"[1, 1.5707963267948965579989817342721, 1]",double,negzero,8000000000000000,"[-1, 0.0, 0]",true,true
P11_11_1_5_10,double,base_pi,400921fb54442d18,"[1, 1.5707963267948965579989817342721, 1]",double,point1,3fb999999999999a,"[1, 1.6000000000000000888178419700125, -4]",true,true
P11_11_2_0_10,double,inf,7ff0000000000000,"[1, inf]",double,base_1_5,3ff8000000000000,"[1, 1.5, 0]",true,true
P11_11_2_1_10,double,inf,7ff0000000000000,"[1, inf]",double,base_pi,400921fb54442d18,"[1, 1.5707963267948965579989817342721, 1]",true,true
P11_11_2_2_10,double,inf,7ff0000000000000,"[1, inf]",double,inf,7ff0000000000000,"[1, inf]",false,false
P11_11_2_3_10,double,inf,7ff0000000000000,"[1, inf]",double,nan,7ff8000000000000,nan,true,true
P11_11_2_4_10,double,inf,7ff0000000000000,"[1, inf]",double,negzero,8000000000000000,"[-1, 0.0, 0]",true,true
P11_11_2_5_10,double,inf,7ff0000000000000,"[1, inf]",double,point1,3fb999999999999a,"[1, 1.6000000000000000888178419700125, -4]",true,true
P11_11_3_0_10,double,nan,7ff8000000000000,nan,double,base_1_5,3ff8000000000000,"[1, 1.5, 0]",true,true
P11_11_3_1_10,double,nan,7ff8000000000000,nan,double,base_pi,400921fb54442d18,"[1, 1.5707963267948965579989817342721, 1]",true,true
P11_11_3_2_10,double,nan,7ff8000000000000,nan,double,inf,7ff0000000000000,"[1, inf]",true,true
P11_11_3_3_10,double,nan,7ff8000000000000,nan,double,nan,7ff8000000000000,nan,true,true
P11_11_3_4_10,double,nan,7ff8000000000000,nan,double,negzero,8000000000000000,"[-1, 0.0, 0]",true,true
P11_11_3_5_10,double,nan,7ff8000000000000,nan,double,point1,3fb999999999999a,"[1, 1.6000000000000000888178419700125, -4]",true,true
P11_11_4_0_10,double,negzero,8000000000000000,"[-1, 0.0, 0]",double,base_1_5,3ff8000000000000,"[1, 1.5, 0]",true,true
P11_11_4_1_10,double,negzero,8000000000000000,"[-1, 0.0, 0]",double,base_pi,400921fb54442d18,"[1, 1.5707963267948965579989817342721, 1]",true,true
P11_11_4_2_10,double,negzero,8000000000000000,"[-1, 0.0, 0]",double,inf,7ff0000000000000,"[1, inf]",true,true
P11_11_4_3_10,double,negzero,8000000000000000,"[-1, 0.0, 0]",double,nan,7ff8000000000000,nan,true,true
P11_11_4_4_10,double,negzero,8000000000000000,"[-1, 0.0, 0]",double,negzero,8000000000000000,"[-1, 0.0, 0]",false,false
P11_11_4_5_10,double,negzero,8000000000000000,"[-1, 0.0, 0]",double,point1,3fb999999999999a,"[1, 1.6000000000000000888178419700125, -4]",true,true
P11_11_5_0_10,double,point1,3fb999999999999a,"[1, 1.6000000000000000888178419700125, -4]",double,base_1_5,3ff8000000000000,"[1, 1.5, 0]",true,true
P11_11_5_1_10,double,point1,3fb999999999999a,"[1, 1.6000000000000000888178419700125, -4]",double,base_pi,400921fb54442d18,"[1, 1.5707963267948965579989817342721, 1]",true,true
P11_11_5_2_10,double,point1,3fb999999999999a,"[1, 1.6000000000000000888178419700125, -4]",double,inf,7ff0000000000000,"[1, inf]",true,true
P11_11_5_3_10,double,point1,3fb999999999999a,"[1, 1.6000000000000000888178419700125, -4]",double,nan,7ff8000000000000,nan,true,true
P11_11_5_4_10,double,point1,3fb999999999999a,"[1, 1.6000000000000000888178419700125, -4]",double,negzero,8000000000000000,"[-1, 0.0, 0]",true,true
P11_11_5_5_10,double,point1,3fb999999999999a,"[1, 1.6000000000000000888178419700125, -4]",double,point1,3fb999999999999a,"[1, 1.6000000000000000888178419700125, -4]",false,false
P11_12_0_0_10,double,base_1_5,3ff8000000000000,"[1, 1.5, 0]",float,base_1_5,3fc00000,"[1, 1.5, 0]",false,false
P11_12_0_1_10,double,base_1_5,3ff8000000000000,"[1, 1.5, 0]",float,base_pi,40490fdb,"[1, 1.57079637050628662109375, 1]",true,true
P11_12_0_2_10,double,base_1_5,3ff8000000000000,"[1, 1.5, 0]",float,inf,7f800000,"[1, inf]",true,true
P11_12_0_3_10,double,base_1_5,3ff8000000000000,"[1, 1.5, 0]",float,nan,7fc00000,nan,true,true
P11_12_0_4_10,double,base_1_5,3ff8000000000000,"[1, 1.5, 0]",float,negzero,80000000,"[-1, 0.0, 0]",true,true
P11_12_0_5_10,double,base_1_5,3ff8000000000000,"[1, 1.5, 0]",float,point1,3dcccccd,"[1, 1.60000002384185791015625, -4]",true,true
P11_12_1_0_10,double,base_pi,400921fb54442d18,"[1, 1.5707963267948965579989817342721, 1]",float,base_1_5,3fc00000,"[1, 1.5, 0]",true,true
P11_12_1_1_10,double,base_pi,400921fb54442d18,"[1, 1.5707963267948965579989817342721, 1]",float,base_pi,40490fdb,"[1, 1.57079637050628662109375, 1]",true,true
P11_12_1_2_10,double,base_pi,400921fb54442d18,"[1, 1.5707963267948965579989817342721, 1]",float,inf,7f800000,"[1, inf]",true,true
P11_12_1_3_10,double,base_pi,400921fb54442d18,"[1, 1.5707963267948965579989817342721, 1]",float,nan,7fc00000,nan,true,true
P11_12_1_4_10,double,base_pi,400921fb54442d18,"[1, 1.5707963267948965579989817342721, 1]",float,negzero,80000000,"[-1, 0.0, 0]",true,true
P11_12_1_5_10,double,base_pi,400921fb54442d18,"[1, 1.5707963267948965579989817342721, 1]",float,point1,3dcccccd,"[1, 1.60000002384185791015625, -4]",true,true
P11_12_2_0_10,double,inf,7ff0000000000000,"[1, inf]",float,base_1_5,3fc00000,"[1, 1.5, 0]",true,true
P11_12_2_1_10,double,inf,7ff0000000000000,"[1, inf]",float,base_pi,40490fdb,"[1, 1.57079637050628662109375, 1]",true,true
P11_12_2_2_10,double,inf,7ff0000000000000,"[1, inf]",float,inf,7f800000,"[1, inf]",false,false
P11_12_2_3_10,double,inf,7ff0000000000000,"[1, inf]",float,nan,7fc00000,nan,true,true
P11_12_2_4_10,double,inf,7ff0000000000000,"[1, inf]",float,negzero,80000000,"[-1, 0.0, 0]",true,true
P11_12_2_5_10,double,inf,7ff0000000000000,"[1, inf]",float,point1,3dcccccd,"[1, 1.60000002384185791015625, -4]",true,true
P11_12_3_0_10,double,nan,7ff8000000000000,nan,float,base_1_5,3fc00000,"[1, 1.5, 0]",true,true
P11_12_3_1_10,double,nan,7ff8000000000000,nan,float,base_pi,40490fdb,"[1, 1.57079637050628662109375, 1]",true,true
P11_12_3_2_10,double,nan,7ff8000000000000,nan,float,inf,7f800000,"[1, inf]",true,true
P11_12_3_3_10,double,nan,7ff8000000000000,nan,float,nan,7fc00000,nan,true,true
P11_12_3_4_10,double,nan,7ff8000000000000,nan,float,negzero,80000000,"[-1, 0.0, 0]",true,true
P11_12_3_5_10,double,nan,7ff8000000000000,nan,float,point1,3dcccccd,"[1, 1.60000002384185791015625, -4]",true,true
P11_12_4_0_10,double,negzero,8000000000000000,"[-1, 0.0, 0]",float,base_1_5,3fc00000,"[1, 1.5, 0]",true,true
P11_12_4_1_10,double,negzero,8000000000000000,"[-1, 0.0, 0]",float,base_pi,40490fdb,"[1, 1.57079637050628662109375, 1]",true,true
P11_12_4_2_10,double,negzero,8000000000000000,"[-1, 0.0, 0]",float,inf,7f800000,"[1, inf]",true,true
P11_12_4_3_10,double,negzero,8000000000000000,"[-1, 0.0, 0]",float,nan,7fc00000,nan,true,true
P11_12_4_4_10,double,negzero,8000000000000000,"[-1, 0.0, 0]",float,negzero,80000000,"[-1, 0.0, 0]",false,false
P11_12_4_5_10,double,negzero,8000000000000000,"[-1, 0.0, 0]",float,point1,3dcccccd,"[1, 1.60000002384185791015625, -4]",true,true
P11_12_5_0_10,double,point1,3fb999999999999a,"[1, 1.6000000000000000888178419700125, -4]",float,base_1_5,3fc00000,"[1, 1.5, 0]",true,true
P11_12_5_1_10,double,point1,3fb999999999999a,"[1, 1.6000000000000000888178419700125, -4]",float,base_pi,40490fdb,"[1, 1.57079637050628662109375, 1]",true,true
P11_12_5_2_10,double,point1,3fb999999999999a,"[1, 1.6000000000000000888178419700125, -4]",float,inf,7f800000,"[1, inf]",true,true
P11_12_5_3_10,double,point1,3fb999999999999a,"[1, 1.6000000000000000888178419700125, -4]",float,nan,7fc00000,nan,true,true
P11_12_5_4_10,double,point1,3fb999999999999a,"[1, 1.6000000000000000888178419700125, -4]",float,negzero,80000000,"[-1, 0.0, 0]",true,true
P11_12_5_5_10,double,point1,3fb999999999999a,"[1, 1.6000000000000000888178419700125, -4]",float,point1,3dcccccd,"[1, 1.60000002384185791015625, -4]",true,true
P12_5_0_0_10,float,base_1_5,3fc00000,"[1, 1.5, 0]",short,base_42,002a,"[1, 1.3125, 5]",true,true
P12_5_0_1_10,float,base_1_5,3fc00000,"[1, 1.5, 0]",short,base_zero,0000,"[1, 0.0, 0]",true,true
P12_5_1_0_10,float,base_pi,40490fdb,"[1, 1.57079637050628662109375, 1]",short,base_42,002a,"[1, 1.3125, 5]",true,true
P12_5_1_1_10,float,base_pi,40490fdb,"[1, 1.57079637050628662109375, 1]",short,base_zero,0000,"[1, 0.0, 0]",true,true
P12_5_2_0_10,float,inf,7f800000,"[1, inf]",short,base_42,002a,"[1, 1.3125, 5]",true,true
P12_5_2_1_10,float,inf,7f800000,"[1, inf]",short,base_zero,0000,"[1, 0.0, 0]",true,true
P12_5_3_0_10,float,nan,7fc00000,nan,short,base_42,002a,"[1, 1.3125, 5]",true,true
P12_5_3_1_10,float,nan,7fc00000,nan,short,base_zero,0000,"[1, 0.0, 0]",true,true
P12_5_4_0_10,float,negzero,80000000,"[-1, 0.0, 0]",short,base_42,002a,"[1, 1.3125, 5]",true,true
P12_5_4_1_10,float,negzero,80000000,"[-1, 0.0, 0]",short,base_zero,0000,"[1, 0.0, 0]",false,false
P12_5_5_0_10,float,point1,3dcccccd,"[1, 1.60000002384185791015625, -4]",short,base_42,002a,"[1, 1.3125, 5]",true,true
P12_5_5_1_10,float,point1,3dcccccd,"[1, 1.60000002384185791015625, -4]",short,base_zero,0000,"[1, 0.0, 0]",true,true
P12_6_0_0_10,float,base_1_5,3fc00000,"[1, 1.5, 0]",int,base_42,0000002a,"[1, 1.3125, 5]",true,true
P12_6_0_1_10,float,base_1_5,3fc00000,"[1, 1.5, 0]",int,base_zero,00000000,"[1, 0.0, 0]",true,true
P12_6_1_0_10,float,base_pi,40490fdb,"[1, 1.57079637050628662109375, 1]",int,base_42,0000002a,"[1, 1.3125, 5]",true,true
P12_6_1_1_10,float,base_pi,40490fdb,"[1, 1.57079637050628662109375, 1]",int,base_zero,00000000,"[1, 0.0, 0]",true,true
P12_6_2_0_10,float,inf,7f800000,"[1, inf]",int,base_42,0000002a,"[1, 1.3125, 5]",true,true
P12_6_2_1_10,float,inf,7f800000,"[1, inf]",int,base_zero,00000000,"[1, 0.0, 0]",true,true
P12_6_3_0_10,float,nan,7fc00000,nan,int,base_42,0000002a,"[1, 1.3125, 5]",true,true
P12_6_3_1_10,float,nan,7fc00000,nan,int,base_zero,00000000,"[1, 0.0, 0]",true,true
P12_6_4_0_10,float,negzero,80000000,"[-1, 0.0, 0]",int,base_42,0000002a,"[1, 1.3125, 5]",true,true
P12_6_4_1_10,float,negzero,80000000,"[-1, 0.0, 0]",int,base_zero,00000000,"[1, 0.0, 0]",false,false
P12_6_5_0_10,float,point1,3dcccccd,"[1, 1.60000002384185791015625, -4]",int,base_42,0000002a,"[1, 1.3125, 5]",true,true
P12_6_5_1_10,float,point1,3dcccccd,"[1, 1.60000002384185791015625, -4]",int,base_zero,00000000,"[1, 0.0, 0]",true,true
P12_7_0_0_10,float,base_1_5,3fc00000,"[1, 1.5, 0]",long,base_42,000000000000002a,"[1, 1.3125, 5]",true,true
P12_7_0_1_10,float,base_1_5,3fc00000,"[1, 1.5, 0]",long,base_zero,0000000000000000,"[1, 0.0, 0]",true,true
P12_7_0_2_10,float,base_1_5,3fc00000,"[1, 1.5, 0]",long,i64max,7fffffffffffffff,"[1, 1.9999999999999999997831595655029, 62]",true,true
P12_7_0_4_10,float,base_1_5,3fc00000,"[1, 1.5, 0]",long,p53_plus1,0020000000000001,"[1, 1.0000000000000001110223024625157, 53]",true,true
P12_7_1_0_10,float,base_pi,40490fdb,"[1, 1.57079637050628662109375, 1]",long,base_42,000000000000002a,"[1, 1.3125, 5]",true,true
P12_7_1_1_10,float,base_pi,40490fdb,"[1, 1.57079637050628662109375, 1]",long,base_zero,0000000000000000,"[1, 0.0, 0]",true,true
P12_7_1_2_10,float,base_pi,40490fdb,"[1, 1.57079637050628662109375, 1]",long,i64max,7fffffffffffffff,"[1, 1.9999999999999999997831595655029, 62]",true,true
P12_7_1_4_10,float,base_pi,40490fdb,"[1, 1.57079637050628662109375, 1]",long,p53_plus1,0020000000000001,"[1, 1.0000000000000001110223024625157, 53]",true,true
P12_7_2_0_10,float,inf,7f800000,"[1, inf]",long,base_42,000000000000002a,"[1, 1.3125, 5]",true,true
P12_7_2_1_10,float,inf,7f800000,"[1, inf]",long,base_zero,0000000000000000,"[1, 0.0, 0]",true,true
P12_7_2_2_10,float,inf,7f800000,"[1, inf]",long,i64max,7fffffffffffffff,"[1, 1.9999999999999999997831595655029, 62]",true,true
P12_7_2_4_10,float,inf,7f800000,"[1, inf]",long,p53_plus1,0020000000000001,"[1, 1.0000000000000001110223024625157, 53]",true,true
P12_7_3_0_10,float,nan,7fc00000,nan,long,base_42,000000000000002a,"[1, 1.3125, 5]",true,true
P12_7_3_1_10,float,nan,7fc00000,nan,long,base_zero,0000000000000000,"[1, 0.0, 0]",true,true
P12_7_3_2_10,float,nan,7fc00000,nan,long,i64max,7fffffffffffffff,"[1, 1.9999999999999999997831595655029, 62]",true,true
P12_7_3_4_10,float,nan,7fc00000,nan,long,p53_plus1,0020000000000001,"[1, 1.0000000000000001110223024625157, 53]",true,true
P12_7_4_0_10,float,negzero,80000000,"[-1, 0.0, 0]",long,base_42,000000000000002a,"[1, 1.3125, 5]",true,true
P12_7_4_1_10,float,negzero,80000000,"[-1, 0.0, 0]",long,base_zero,0000000000000000,"[1, 0.0, 0]",false,false
P12_7_4_2_10,float,negzero,80000000,"[-1, 0.0, 0]",long,i64max,7fffffffffffffff,"[1, 1.9999999999999999997831595655029, 62]",true,true
P12_7_4_4_10,float,negzero,80000000,"[-1, 0.0, 0]",long,p53_plus1,0020000000000001,"[1, 1.0000000000000001110223024625157, 53]",true,true
P12_7_5_0_10,float,point1,3dcccccd,"[1, 1.60000002384185791015625, -4]",long,base_42,000000000000002a,"[1, 1.3125, 5]",true,true
P12_7_5_1_10,float,point1,3dcccccd,"[1, 1.60000002384185791015625, -4]",long,base_zero,0000000000000000,"[1, 0.0, 0]",true,true
P12_7_5_2_10,float,point1,3dcccccd,"[1, 1.60000002384185791015625, -4]",long,i64max,7fffffffffffffff,"[1, 1.9999999999999999997831595655029, 62]",true,true
P12_7_5_4_10,float,point1,3dcccccd,"[1, 1.60000002384185791015625, -4]",long,p53_plus1,0020000000000001,"[1, 1.0000000000000001110223024625157, 53]",true,true
P12_8_0_0_10,float,base_1_5,3fc00000,"[1, 1.5, 0]",Integer,base_42,0000002a,"[1, 1.3125, 5]",true,true
P12_8_0_1_10,float,base_1_5,3fc00000,"[1, 1.5, 0]",Integer,base_zero,00000000,"[1, 0.0, 0]",true,true
P12_8_1_0_10,float,base_pi,40490fdb,"[1, 1.57079637050628662109375, 1]",Integer,base_42,0000002a,"[1, 1.3125, 5]",true,true
P12_8_1_1_10,float,base_pi,40490fdb,"[1, 1.57079637050628662109375, 1]",Integer,base_zero,00000000,"[1, 0.0, 0]",true,true
P12_8_2_0_10,float,inf,7f800000,"[1, inf]",Integer,base_42,0000002a,"[1, 1.3125, 5]",true,true
P12_8_2_1_10,float,inf,7f800000,"[1, inf]",Integer,base_zero,00000000,"[1, 0.0, 0]",true,true
P12_8_3_0_10,float,nan,7fc00000,nan,Integer,base_42,0000002a,"[1, 1.3125, 5]",true,true
P12_8_3_1_10,float,nan,7fc00000,nan,Integer,base_zero,00000000,"[1, 0.0, 0]",true,true
P12_8_4_0_10,float,negzero,80000000,"[-1, 0.0, 0]",Integer,base_42,0000002a,"[1, 1.3125, 5]",true,true
P12_8_4_1_10,float,negzero,80000000,"[-1, 0.0, 0]",Integer,base_zero,00000000,"[1, 0.0, 0]",false,false
P12_8_5_0_10,float,point1,3dcccccd,"[1, 1.60000002384185791015625, -4]",Integer,base_42,0000002a,"[1, 1.3125, 5]",true,true
P12_8_5_1_10,float,point1,3dcccccd,"[1, 1.60000002384185791015625, -4]",Integer,base_zero,00000000,"[1, 0.0, 0]",true,true
P12_9_0_0_10,float,base_1_5,3fc00000,"[1, 1.5, 0]",Long,base_42,000000000000002a,"[1, 1.3125, 5]",true,true
P12_9_0_1_10,float,base_1_5,3fc00000,"[1, 1.5, 0]",Long,base_zero,0000000000000000,"[1, 0.0, 0]",true,true
P12_9_0_2_10,float,base_1_5,3fc00000,"[1, 1.5, 0]",Long,i64max,7fffffffffffffff,"[1, 1.9999999999999999997831595655029, 62]",true,true
P12_9_0_4_10,float,base_1_5,3fc00000,"[1, 1.5, 0]",Long,p53_plus1,0020000000000001,"[1, 1.0000000000000001110223024625157, 53]",true,true
P12_9_1_0_10,float,base_pi,40490fdb,"[1, 1.57079637050628662109375, 1]",Long,base_42,000000000000002a,"[1, 1.3125, 5]",true,true
P12_9_1_1_10,float,base_pi,40490fdb,"[1, 1.57079637050628662109375, 1]",Long,base_zero,0000000000000000,"[1, 0.0, 0]",true,true
P12_9_1_2_10,float,base_pi,40490fdb,"[1, 1.57079637050628662109375, 1]",Long,i64max,7fffffffffffffff,"[1, 1.9999999999999999997831595655029, 62]",true,true
P12_9_1_4_10,float,base_pi,40490fdb,"[1, 1.57079637050628662109375, 1]",Long,p53_plus1,0020000000000001,"[1, 1.0000000000000001110223024625157, 53]",true,true
P12_9_2_0_10,float,inf,7f800000,"[1, inf]",Long,base_42,000000000000002a,"[1, 1.3125, 5]",true,true
P12_9_2_1_10,float,inf,7f800000,"[1, inf]",Long,base_zero,0000000000000000,"[1, 0.0, 0]",true,true
P12_9_2_2_10,float,inf,7f800000,"[1, inf]",Long,i64max,7fffffffffffffff,"[1, 1.9999999999999999997831595655029, 62]",true,true
P12_9_2_4_10,float,inf,7f800000,"[1, inf]",Long,p53_plus1,0020000000000001,"[1, 1.0000000000000001110223024625157, 53]",true,true
P12_9_3_0_10,float,nan,7fc00000,nan,Long,base_42,000000000000002a,"[1, 1.3125, 5]",true,true
P12_9_3_1_10,float,nan,7fc00000,nan,Long,base_zero,0000000000000000,"[1, 0.0, 0]",true,true
P12_9_3_2_10,float,nan,7fc00000,nan,Long,i64max,7fffffffffffffff,"[1, 1.9999999999999999997831595655029, 62]",true,true
P12_9_3_4_10,float,nan,7fc00000,nan,Long,p53_plus1,0020000000000001,"[1, 1.0000000000000001110223024625157, 53]",true,true
P12_9_4_0_10,float,negzero,80000000,"[-1, 0.0, 0]",Long,base_42,000000000000002a,"[1, 1.3125, 5]",true,true
P12_9_4_1_10,float,negzero,80000000,"[-1, 0.0, 0]",Long,base_zero,0000000000000000,"[1, 0.0, 0]",false,false
P12_9_4_2_10,float,negzero,80000000,"[-1, 0.0, 0]",Long,i64max,7fffffffffffffff,"[1, 1.9999999999999999997831595655029, 62]",true,true
P12_9_4_4_10,float,negzero,80000000,"[-1, 0.0, 0]",Long,p53_plus1,0020000000000001,"[1, 1.0000000000000001110223024625157, 53]",true,true
P12_9_5_0_10,float,point1,3dcccccd,"[1, 1.60000002384185791015625, -4]",Long,base_42,000000000000002a,"[1, 1.3125, 5]",true,true
P12_9_5_1_10,float,point1,3dcccccd,"[1, 1.60000002384185791015625, -4]",Long,base_zero,0000000000000000,"[1, 0.0, 0]",true,true
P12_9_5_2_10,float,point1,3dcccccd,"[1, 1.60000002384185791015625, -4]",Long,i64max,7fffffffffffffff,"[1, 1.9999999999999999997831595655029, 62]",true,true
P12_9_5_4_10,float,point1,3dcccccd,"[1, 1.60000002384185791015625, -4]",Long,p53_plus1,0020000000000001,"[1, 1.0000000000000001110223024625157, 53]",true,true
P12_11_0_0_10,float,base_1_5,3fc00000,"[1, 1.5, 0]",double,base_1_5,3ff8000000000000,"[1, 1.5, 0]",false,false
P12_11_0_1_10,float,base_1_5,3fc00000,"[1, 1.5, 0]",double,base_pi,400921fb54442d18,"[1, 1.5707963267948965579989817342721, 1]",true,true
P12_11_0_2_10,float,base_1_5,3fc00000,"[1, 1.5, 0]",double,inf,7ff0000000000000,"[1, inf]",true,true
P12_11_0_3_10,float,base_1_5,3fc00000,"[1, 1.5, 0]",double,nan,7ff8000000000000,nan,true,true
P12_11_0_4_10,float,base_1_5,3fc00000,"[1, 1.5, 0]",double,negzero,8000000000000000,"[-1, 0.0, 0]",true,true
P12_11_0_5_10,float,base_1_5,3fc00000,"[1, 1.5, 0]",double,point1,3fb999999999999a,"[1, 1.6000000000000000888178419700125, -4]",true,true
P12_11_1_0_10,float,base_pi,40490fdb,"[1, 1.57079637050628662109375, 1]",double,base_1_5,3ff8000000000000,"[1, 1.5, 0]",true,true
P12_11_1_1_10,float,base_pi,40490fdb,"[1, 1.57079637050628662109375, 1]",double,base_pi,400921fb54442d18,"[1, 1.5707963267948965579989817342721, 1]",true,true
P12_11_1_2_10,float,base_pi,40490fdb,"[1, 1.57079637050628662109375, 1]",double,inf,7ff0000000000000,"[1, inf]",true,true
P12_11_1_3_10,float,base_pi,40490fdb,"[1, 1.57079637050628662109375, 1]",double,nan,7ff8000000000000,nan,true,true
P12_11_1_4_10,float,base_pi,40490fdb,"[1, 1.57079637050628662109375, 1]",double,negzero,8000000000000000,"[-1, 0.0, 0]",true,true
P12_11_1_5_10,float,base_pi,40490fdb,"[1, 1.57079637050628662109375, 1]",double,point1,3fb999999999999a,"[1, 1.6000000000000000888178419700125, -4]",true,true
P12_11_2_0_10,float,inf,7f800000,"[1, inf]",double,base_1_5,3ff8000000000000,"[1, 1.5, 0]",true,true
P12_11_2_1_10,float,inf,7f800000,"[1, inf]",double,base_pi,400921fb54442d18,"[1, 1.5707963267948965579989817342721, 1]",true,true
P12_11_2_2_10,float,inf,7f800000,"[1, inf]",double,inf,7ff0000000000000,"[1, inf]",false,false
P12_11_2_3_10,float,inf,7f800000,"[1, inf]",double,nan,7ff8000000000000,nan,true,true
P12_11_2_4_10,float,inf,7f800000,"[1, inf]",double,negzero,8000000000000000,"[-1, 0.0, 0]",true,true
P12_11_2_5_10,float,inf,7f800000,"[1, inf]",double,point1,3fb999999999999a,"[1, 1.6000000000000000888178419700125, -4]",true,true
P12_11_3_0_10,float,nan,7fc00000,nan,double,base_1_5,3ff8000000000000,"[1, 1.5, 0]",true,true
P12_11_3_1_10,float,nan,7fc00000,nan,double,base_pi,400921fb54442d18,"[1, 1.5707963267948965579989817342721, 1]",true,true
P12_11_3_2_10,float,nan,7fc00000,nan,double,inf,7ff0000000000000,"[1, inf]",true,true
P12_11_3_3_10,float,nan,7fc00000,nan,double,nan,7ff8000000000000,nan,true,true
P12_11_3_4_10,float,nan,7fc00000,nan,double,negzero,8000000000000000,"[-1, 0.0, 0]",true,true
P12_11_3_5_10,float,nan,7fc00000,nan,double,point1,3fb999999999999a,"[1, 1.6000000000000000888178419700125, -4]",true,true
P12_11_4_0_10,float,negzero,80000000,"[-1, 0.0, 0]",double,base_1_5,3ff8000000000000,"[1, 1.5, 0]",true,true
P12_11_4_1_10,float,negzero,80000000,"[-1, 0.0, 0]",double,base_pi,400921fb54442d18,"[1, 1.5707963267948965579989817342721, 1]",true,true
P12_11_4_2_10,float,negzero,80000000,"[-1, 0.0, 0]",double,inf,7ff0000000000000,"[1, inf]",true,true
P12_11_4_3_10,float,negzero,80000000,"[-1, 0.0, 0]",double,nan,7ff8000000000000,nan,true,true
P12_11_4_4_10,float,negzero,80000000,"[-1, 0.0, 0]",double,negzero,8000000000000000,"[-1, 0.0, 0]",false,false
P12_11_4_5_10,float,negzero,80000000,"[-1, 0.0, 0]",double,point1,3fb999999999999a,"[1, 1.6000000000000000888178419700125, -4]",true,true
P12_11_5_0_10,float,point1,3dcccccd,"[1, 1.60000002384185791015625, -4]",double,base_1_5,3ff8000000000000,"[1, 1.5, 0]",true,true
P12_11_5_1_10,float,point1,3dcccccd,"[1, 1.60000002384185791015625, -4]",double,base_pi,400921fb54442d18,"[1, 1.5707963267948965579989817342721, 1]",true,true
P12_11_5_2_10,float,point1,3dcccccd,"[1, 1.60000002384185791015625, -4]",double,inf,7ff0000000000000,"[1, inf]",true,true
P12_11_5_3_10,float,point1,3dcccccd,"[1, 1.60000002384185791015625, -4]",double,nan,7ff8000000000000,nan,true,true
P12_11_5_4_10,float,point1,3dcccccd,"[1, 1.60000002384185791015625, -4]",double,negzero,8000000000000000,"[-1, 0.0, 0]",true,true
P12_11_5_5_10,float,point1,3dcccccd,"[1, 1.60000002384185791015625, -4]",double,point1,3fb999999999999a,"[1, 1.6000000000000000888178419700125, -4]",true,true
P12_12_0_0_10,float,base_1_5,3fc00000,"[1, 1.5, 0]",float,base_1_5,3fc00000,"[1, 1.5, 0]",false,false
P12_12_0_1_10,float,base_1_5,3fc00000,"[1, 1.5, 0]",float,base_pi,40490fdb,"[1, 1.57079637050628662109375, 1]",true,true
P12_12_0_2_10,float,base_1_5,3fc00000,"[1, 1.5, 0]",float,inf,7f800000,"[1, inf]",true,true
P12_12_0_3_10,float,base_1_5,3fc00000,"[1, 1.5, 0]",float,nan,7fc00000,nan,true,true
P12_12_0_4_10,float,base_1_5,3fc00000,"[1, 1.5, 0]",float,negzero,80000000,"[-1, 0.0, 0]",true,true
P12_12_0_5_10,float,base_1_5,3fc00000,"[1, 1.5, 0]",float,point1,3dcccccd,"[1, 1.60000002384185791015625, -4]",true,true
P12_12_1_0_10,float,base_pi,40490fdb,"[1, 1.57079637050628662109375, 1]",float,base_1_5,3fc00000,"[1, 1.5, 0]",true,true
P12_12_1_1_10,float,base_pi,40490fdb,"[1, 1.57079637050628662109375, 1]",float,base_pi,40490fdb,"[1, 1.57079637050628662109375, 1]",false,false
P12_12_1_2_10,float,base_pi,40490fdb,"[1, 1.57079637050628662109375, 1]",float,inf,7f800000,"[1, inf]",true,true
P12_12_1_3_10,float,base_pi,40490fdb,"[1, 1.57079637050628662109375, 1]",float,nan,7fc00000,nan,true,true
P12_12_1_4_10,float,base_pi,40490fdb,"[1, 1.57079637050628662109375, 1]",float,negzero,80000000,"[-1, 0.0, 0]",true,true
P12_12_1_5_10,float,base_pi,40490fdb,"[1, 1.57079637050628662109375, 1]",float,point1,3dcccccd,"[1, 1.60000002384185791015625, -4]",true,true
P12_12_2_0_10,float,inf,7f800000,"[1, inf]",float,base_1_5,3fc00000,"[1, 1.5, 0]",true,true
P12_12_2_1_10,float,inf,7f800000,"[1, inf]",float,base_pi,40490fdb,"[1, 1.57079637050628662109375, 1]",true,true
P12_12_2_2_10,float,inf,7f800000,"[1, inf]",float,inf,7f800000,"[1, inf]",false,false
P12_12_2_3_10,float,inf,7f800000,"[1, inf]",float,nan,7fc00000,nan,true,true
P12_12_2_4_10,float,inf,7f800000,"[1, inf]",float,negzero,80000000,"[-1, 0.0, 0]",true,true
P12_12_2_5_10,float,inf,7f800000,"[1, inf]",float,point1,3dcccccd,"[1, 1.60000002384185791015625, -4]",true,true
P12_12_3_0_10,float,nan,7fc00000,nan,float,base_1_5,3fc00000,"[1, 1.5, 0]",true,true
P12_12_3_1_10,float,nan,7fc00000,nan,float,base_pi,40490fdb,"[1, 1.57079637050628662109375, 1]",true,true
P12_12_3_2_10,float,nan,7fc00000,nan,float,inf,7f800000,"[1, inf]",true,true
P12_12_3_3_10,float,nan,7fc00000,nan,float,nan,7fc00000,nan,true,true
P12_12_3_4_10,float,nan,7fc00000,nan,float,negzero,80000000,"[-1, 0.0, 0]",true,true
P12_12_3_5_10,float,nan,7fc00000,nan,float,point1,3dcccccd,"[1, 1.60000002384185791015625, -4]",true,true
P12_12_4_0_10,float,negzero,80000000,"[-1, 0.0, 0]",float,base_1_5,3fc00000,"[1, 1.5, 0]",true,true
P12_12_4_1_10,float,negzero,80000000,"[-1, 0.0, 0]",float,base_pi,40490fdb,"[1, 1.57079637050628662109375, 1]",true,true
P12_12_4_2_10,float,negzero,80000000,"[-1, 0.0, 0]",float,inf,7f800000,"[1, inf]",true,true
P12_12_4_3_10,float,negzero,80000000,"[-1, 0.0, 0]",float,nan,7fc00000,nan,true,true
P12_12_4_4_10,float,negzero,80000000,"[-1, 0.0, 0]",float,negzero,80000000,"[-1, 0.0, 0]",false,false
P12_12_4_5_10,float,negzero,80000000,"[-1, 0.0, 0]",float,point1,3dcccccd,"[1, 1.60000002384185791015625, -4]",true,true
P12_12_5_0_10,float,point1,3dcccccd,"[1, 1.60000002384185791015625, -4]",float,base_1_5,3fc00000,"[1, 1.5, 0]",true,true
P12_12_5_1_10,float,point1,3dcccccd,"[1, 1.60000002384185791015625, -4]",float,base_pi,40490fdb,"[1, 1.57079637050628662109375, 1]",true,true
P12_12_5_2_10,float,point1,3dcccccd,"[1, 1.60000002384185791015625, -4]",float,inf,7f800000,"[1, inf]",true,true
P12_12_5_3_10,float,point1,3dcccccd,"[1, 1.60000002384185791015625, -4]",float,nan,7fc00000,nan,true,true
P12_12_5_4_10,float,point1,3dcccccd,"[1, 1.60000002384185791015625, -4]",float,negzero,80000000,"[-1, 0.0, 0]",true,true
P12_12_5_5_10,float,point1,3dcccccd,"[1, 1.60000002384185791015625, -4]",float,point1,3dcccccd,"[1, 1.60000002384185791015625, -4]",false,false
P13_13_0_0_10,BigDecimal,base_1_5,1.5,"[1, 1.5, 0]",BigDecimal,base_1_5,1.5,"[1, 1.5, 0]",true,true
P13_13_0_1_10,BigDecimal,base_1_5,1.5,"[1, 1.5, 0]",BigDecimal,base_pi,3.141592653589793,"[1, 1.5707963267948965, 1]",true,true
P13_13_0_2_10,BigDecimal,base_1_5,1.5,"[1, 1.5, 0]",BigDecimal,inf,inf,"[1, inf]",,RAISE:NumberFormatException
P13_13_0_3_10,BigDecimal,base_1_5,1.5,"[1, 1.5, 0]",BigDecimal,nan,nan,nan,,RAISE:NumberFormatException
P13_13_0_4_10,BigDecimal,base_1_5,1.5,"[1, 1.5, 0]",BigDecimal,negzero,negzero,"[-1, 0.0, 0]",true,true
P13_13_0_5_10,BigDecimal,base_1_5,1.5,"[1, 1.5, 0]",BigDecimal,point1,0.1,"[1, 1.6, -4]",true,true
P13_13_1_0_10,BigDecimal,base_pi,3.141592653589793,"[1, 1.5707963267948965, 1]",BigDecimal,base_1_5,1.5,"[1, 1.5, 0]",true,true
P13_13_1_1_10,BigDecimal,base_pi,3.141592653589793,"[1, 1.5707963267948965, 1]",BigDecimal,base_pi,3.141592653589793,"[1, 1.5707963267948965, 1]",true,true
P13_13_1_2_10,BigDecimal,base_pi,3.141592653589793,"[1, 1.5707963267948965, 1]",BigDecimal,inf,inf,"[1, inf]",,RAISE:NumberFormatException
P13_13_1_3_10,BigDecimal,base_pi,3.141592653589793,"[1, 1.5707963267948965, 1]",BigDecimal,nan,nan,nan,,RAISE:NumberFormatException
P13_13_1_4_10,BigDecimal,base_pi,3.141592653589793,"[1, 1.5707963267948965, 1]",BigDecimal,negzero,negzero,"[-1, 0.0, 0]",true,true
P13_13_1_5_10,BigDecimal,base_pi,3.141592653589793,"[1, 1.5707963267948965, 1]",BigDecimal,point1,0.1,"[1, 1.6, -4]",true,true
P13_13_2_0_10,BigDecimal,inf,inf,"[1, inf]",BigDecimal,base_1_5,1.5,"[1, 1.5, 0]",,RAISE:NumberFormatException
P13_13_2_1_10,BigDecimal,inf,inf,"[1, inf]",BigDecimal,base_pi,3.141592653589793,"[1, 1.5707963267948965, 1]",,RAISE:NumberFormatException
P13_13_2_2_10,BigDecimal,inf,inf,"[1, inf]",BigDecimal,inf,inf,"[1, inf]",,RAISE:NumberFormatException
P13_13_2_3_10,BigDecimal,inf,inf,"[1, inf]",BigDecimal,nan,nan,nan,,RAISE:NumberFormatException
P13_13_2_4_10,BigDecimal,inf,inf,"[1, inf]",BigDecimal,negzero,negzero,"[-1, 0.0, 0]",,RAISE:NumberFormatException
P13_13_2_5_10,BigDecimal,inf,inf,"[1, inf]",BigDecimal,point1,0.1,"[1, 1.6, -4]",,RAISE:NumberFormatException
P13_13_3_0_10,BigDecimal,nan,nan,nan,BigDecimal,base_1_5,1.5,"[1, 1.5, 0]",,RAISE:NumberFormatException
P13_13_3_1_10,BigDecimal,nan,nan,nan,BigDecimal,base_pi,3.141592653589793,"[1, 1.5707963267948965, 1]",,RAISE:NumberFormatException
P13_13_3_2_10,BigDecimal,nan,nan,nan,BigDecimal,inf,inf,"[1, inf]",,RAISE:NumberFormatException
P13_13_3_3_10,BigDecimal,nan,nan,nan,BigDecimal,nan,nan,nan,,RAISE:NumberFormatException
P13_13_3_4_10,BigDecimal,nan,nan,nan,BigDecimal,negzero,negzero,"[-1, 0.0, 0]",,RAISE:NumberFormatException
P13_13_3_5_10,BigDecimal,nan,nan,nan,BigDecimal,point1,0.1,"[1, 1.6, -4]",,RAISE:NumberFormatException
P13_13_4_0_10,BigDecimal,negzero,negzero,"[-1, 0.0, 0]",BigDecimal,base_1_5,1.5,"[1, 1.5, 0]",true,true
P13_13_4_1_10,BigDecimal,negzero,negzero,"[-1, 0.0, 0]",BigDecimal,base_pi,3.141592653589793,"[1, 1.5707963267948965, 1]",true,true
P13_13_4_2_10,BigDecimal,negzero,negzero,"[-1, 0.0, 0]",BigDecimal,inf,inf,"[1, inf]",,RAISE:NumberFormatException
P13_13_4_3_10,BigDecimal,negzero,negzero,"[-1, 0.0, 0]",BigDecimal,nan,nan,nan,,RAISE:NumberFormatException
P13_13_4_4_10,BigDecimal,negzero,negzero,"[-1, 0.0, 0]",BigDecimal,negzero,negzero,"[-1, 0.0, 0]",true,true
P13_13_4_5_10,BigDecimal,negzero,negzero,"[-1, 0.0, 0]",BigDecimal,point1,0.1,"[1, 1.6, -4]",true,true
P13_13_5_0_10,BigDecimal,point1,0.1,"[1, 1.6, -4]",BigDecimal,base_1_5,1.5,"[1, 1.5, 0]",true,true
P13_13_5_1_10,BigDecimal,point1,0.1,"[1, 1.6, -4]",BigDecimal,base_pi,3.141592653589793,"[1, 1.5707963267948965, 1]",true,true
P13_13_5_2_10,BigDecimal,point1,0.1,"[1, 1.6, -4]",BigDecimal,inf,inf,"[1, inf]",,RAISE:NumberFormatException
P13_13_5_3_10,BigDecimal,point1,0.1,"[1, 1.6, -4]",BigDecimal,nan,nan,nan,,RAISE:NumberFormatException
P13_13_5_4_10,BigDecimal,point1,0.1,"[1, 1.6, -4]",BigDecimal,negzero,negzero,"[-1, 0.0, 0]",true,true
P13_13_5_5_10,BigDecimal,point1,0.1,"[1, 1.6, -4]",BigDecimal,point1,0.1,"[1, 1.6, -4]",true,true
P13_21_0_0_10,BigDecimal,base_1_5,1.5,"[1, 1.5, 0]",List.of(...),base,"[1, 2, 3]","c|[1, 1.0, 0],[1, 1.0, 1],[1, 1.5, 1]|integer|as-sorted",true,true
P13_21_0_1_10,BigDecimal,base_1_5,1.5,"[1, 1.5, 0]",List.of(...),bigint,[9223372036854775808],"c|[1, 1.0, 63]|integer|as-sorted",true,true
P13_21_0_2_10,BigDecimal,base_1_5,1.5,"[1, 1.5, 0]",List.of(...),empty,[],c||empty|as-sorted,true,true
P13_21_0_3_10,BigDecimal,base_1_5,1.5,"[1, 1.5, 0]",List.of(...),mixed,"[1, 'two', 3.0, True, None]","c|[1, 1.0, 0],[1, 1.5, 1],null,true,t|74776f|3|3|3|integer|reordered",,RAISE:NullPointerException
P13_21_0_4_10,BigDecimal,base_1_5,1.5,"[1, 1.5, 0]",List.of(...),strs,"['a', 'b']","c|t|61|1|1|1,t|62|1|1|1|integer|as-sorted",true,true
P13_21_1_0_10,BigDecimal,base_pi,3.141592653589793,"[1, 1.5707963267948965, 1]",List.of(...),base,"[1, 2, 3]","c|[1, 1.0, 0],[1, 1.0, 1],[1, 1.5, 1]|integer|as-sorted",true,true
P13_21_1_1_10,BigDecimal,base_pi,3.141592653589793,"[1, 1.5707963267948965, 1]",List.of(...),bigint,[9223372036854775808],"c|[1, 1.0, 63]|integer|as-sorted",true,true
P13_21_1_2_10,BigDecimal,base_pi,3.141592653589793,"[1, 1.5707963267948965, 1]",List.of(...),empty,[],c||empty|as-sorted,true,true
P13_21_1_3_10,BigDecimal,base_pi,3.141592653589793,"[1, 1.5707963267948965, 1]",List.of(...),mixed,"[1, 'two', 3.0, True, None]","c|[1, 1.0, 0],[1, 1.5, 1],null,true,t|74776f|3|3|3|integer|reordered",,RAISE:NullPointerException
P13_21_1_4_10,BigDecimal,base_pi,3.141592653589793,"[1, 1.5707963267948965, 1]",List.of(...),strs,"['a', 'b']","c|t|61|1|1|1,t|62|1|1|1|integer|as-sorted",true,true
P13_21_2_0_10,BigDecimal,inf,inf,"[1, inf]",List.of(...),base,"[1, 2, 3]","c|[1, 1.0, 0],[1, 1.0, 1],[1, 1.5, 1]|integer|as-sorted",,RAISE:NumberFormatException
P13_21_2_1_10,BigDecimal,inf,inf,"[1, inf]",List.of(...),bigint,[9223372036854775808],"c|[1, 1.0, 63]|integer|as-sorted",,RAISE:NumberFormatException
P13_21_2_2_10,BigDecimal,inf,inf,"[1, inf]",List.of(...),empty,[],c||empty|as-sorted,,RAISE:NumberFormatException
P13_21_2_3_10,BigDecimal,inf,inf,"[1, inf]",List.of(...),mixed,"[1, 'two', 3.0, True, None]","c|[1, 1.0, 0],[1, 1.5, 1],null,true,t|74776f|3|3|3|integer|reordered",,RAISE:NumberFormatException
P13_21_2_4_10,BigDecimal,inf,inf,"[1, inf]",List.of(...),strs,"['a', 'b']","c|t|61|1|1|1,t|62|1|1|1|integer|as-sorted",,RAISE:NumberFormatException
P13_21_3_0_10,BigDecimal,nan,nan,nan,List.of(...),base,"[1, 2, 3]","c|[1, 1.0, 0],[1, 1.0, 1],[1, 1.5, 1]|integer|as-sorted",,RAISE:NumberFormatException
P13_21_3_1_10,BigDecimal,nan,nan,nan,List.of(...),bigint,[9223372036854775808],"c|[1, 1.0, 63]|integer|as-sorted",,RAISE:NumberFormatException
P13_21_3_2_10,BigDecimal,nan,nan,nan,List.of(...),empty,[],c||empty|as-sorted,,RAISE:NumberFormatException
P13_21_3_3_10,BigDecimal,nan,nan,nan,List.of(...),mixed,"[1, 'two', 3.0, True, None]","c|[1, 1.0, 0],[1, 1.5, 1],null,true,t|74776f|3|3|3|integer|reordered",,RAISE:NumberFormatException
P13_21_3_4_10,BigDecimal,nan,nan,nan,List.of(...),strs,"['a', 'b']","c|t|61|1|1|1,t|62|1|1|1|integer|as-sorted",,RAISE:NumberFormatException
P13_21_4_0_10,BigDecimal,negzero,negzero,"[-1, 0.0, 0]",List.of(...),base,"[1, 2, 3]","c|[1, 1.0, 0],[1, 1.0, 1],[1, 1.5, 1]|integer|as-sorted",true,true
P13_21_4_1_10,BigDecimal,negzero,negzero,"[-1, 0.0, 0]",List.of(...),bigint,[9223372036854775808],"c|[1, 1.0, 63]|integer|as-sorted",true,true
P13_21_4_2_10,BigDecimal,negzero,negzero,"[-1, 0.0, 0]",List.of(...),empty,[],c||empty|as-sorted,true,true
P13_21_4_3_10,BigDecimal,negzero,negzero,"[-1, 0.0, 0]",List.of(...),mixed,"[1, 'two', 3.0, True, None]","c|[1, 1.0, 0],[1, 1.5, 1],null,true,t|74776f|3|3|3|integer|reordered",,RAISE:NullPointerException
P13_21_4_4_10,BigDecimal,negzero,negzero,"[-1, 0.0, 0]",List.of(...),strs,"['a', 'b']","c|t|61|1|1|1,t|62|1|1|1|integer|as-sorted",true,true
P13_21_5_0_10,BigDecimal,point1,0.1,"[1, 1.6, -4]",List.of(...),base,"[1, 2, 3]","c|[1, 1.0, 0],[1, 1.0, 1],[1, 1.5, 1]|integer|as-sorted",true,true
P13_21_5_1_10,BigDecimal,point1,0.1,"[1, 1.6, -4]",List.of(...),bigint,[9223372036854775808],"c|[1, 1.0, 63]|integer|as-sorted",true,true
P13_21_5_2_10,BigDecimal,point1,0.1,"[1, 1.6, -4]",List.of(...),empty,[],c||empty|as-sorted,true,true
P13_21_5_3_10,BigDecimal,point1,0.1,"[1, 1.6, -4]",List.of(...),mixed,"[1, 'two', 3.0, True, None]","c|[1, 1.0, 0],[1, 1.5, 1],null,true,t|74776f|3|3|3|integer|reordered",,RAISE:NullPointerException
P13_21_5_4_10,BigDecimal,point1,0.1,"[1, 1.6, -4]",List.of(...),strs,"['a', 'b']","c|t|61|1|1|1,t|62|1|1|1|integer|as-sorted",true,true
P13_29_0_0_10,BigDecimal,base_1_5,1.5,"[1, 1.5, 0]",List<List<Object>>,mixed_depth,"[1, [2, {'k': (3, None, 't')}], True]","c|[1, 1.0, 0],c|[1, 1.0, 1],c|c|[1, 1.5, 1],null,t|74|1|1|1|integer|reordered|text|not-applicable|integer|reordered,true|integer|as-sorted",true,true
P13_29_0_1_10,BigDecimal,base_1_5,1.5,"[1, 1.5, 0]",List<List<Object>>,seq_in_map,"{'outer': {'inner': [1, 2]}}","c|c|c|[1, 1.0, 0],[1, 1.0, 1]|integer|as-sorted|text|not-applicable|text|not-applicable",true,true
P13_29_0_2_10,BigDecimal,base_1_5,1.5,"[1, 1.5, 0]",List<List<Object>>,seq_in_seq,"[[1, 2], [3, 4]]","c|c|[1, 1.0, 0],[1, 1.0, 1]|integer|as-sorted,c|[1, 1.0, 2],[1, 1.5, 1]|integer|as-sorted|integer|as-sorted",true,true
P13_29_1_0_10,BigDecimal,base_pi,3.141592653589793,"[1, 1.5707963267948965, 1]",List<List<Object>>,mixed_depth,"[1, [2, {'k': (3, None, 't')}], True]","c|[1, 1.0, 0],c|[1, 1.0, 1],c|c|[1, 1.5, 1],null,t|74|1|1|1|integer|reordered|text|not-applicable|integer|reordered,true|integer|as-sorted",true,true
P13_29_1_1_10,BigDecimal,base_pi,3.141592653589793,"[1, 1.5707963267948965, 1]",List<List<Object>>,seq_in_map,"{'outer': {'inner': [1, 2]}}","c|c|c|[1, 1.0, 0],[1, 1.0, 1]|integer|as-sorted|text|not-applicable|text|not-applicable",true,true
P13_29_1_2_10,BigDecimal,base_pi,3.141592653589793,"[1, 1.5707963267948965, 1]",List<List<Object>>,seq_in_seq,"[[1, 2], [3, 4]]","c|c|[1, 1.0, 0],[1, 1.0, 1]|integer|as-sorted,c|[1, 1.0, 2],[1, 1.5, 1]|integer|as-sorted|integer|as-sorted",true,true
P13_29_2_0_10,BigDecimal,inf,inf,"[1, inf]",List<List<Object>>,mixed_depth,"[1, [2, {'k': (3, None, 't')}], True]","c|[1, 1.0, 0],c|[1, 1.0, 1],c|c|[1, 1.5, 1],null,t|74|1|1|1|integer|reordered|text|not-applicable|integer|reordered,true|integer|as-sorted",,RAISE:NumberFormatException
P13_29_2_1_10,BigDecimal,inf,inf,"[1, inf]",List<List<Object>>,seq_in_map,"{'outer': {'inner': [1, 2]}}","c|c|c|[1, 1.0, 0],[1, 1.0, 1]|integer|as-sorted|text|not-applicable|text|not-applicable",,RAISE:NumberFormatException
P13_29_2_2_10,BigDecimal,inf,inf,"[1, inf]",List<List<Object>>,seq_in_seq,"[[1, 2], [3, 4]]","c|c|[1, 1.0, 0],[1, 1.0, 1]|integer|as-sorted,c|[1, 1.0, 2],[1, 1.5, 1]|integer|as-sorted|integer|as-sorted",,RAISE:NumberFormatException
P13_29_3_0_10,BigDecimal,nan,nan,nan,List<List<Object>>,mixed_depth,"[1, [2, {'k': (3, None, 't')}], True]","c|[1, 1.0, 0],c|[1, 1.0, 1],c|c|[1, 1.5, 1],null,t|74|1|1|1|integer|reordered|text|not-applicable|integer|reordered,true|integer|as-sorted",,RAISE:NumberFormatException
P13_29_3_1_10,BigDecimal,nan,nan,nan,List<List<Object>>,seq_in_map,"{'outer': {'inner': [1, 2]}}","c|c|c|[1, 1.0, 0],[1, 1.0, 1]|integer|as-sorted|text|not-applicable|text|not-applicable",,RAISE:NumberFormatException
P13_29_3_2_10,BigDecimal,nan,nan,nan,List<List<Object>>,seq_in_seq,"[[1, 2], [3, 4]]","c|c|[1, 1.0, 0],[1, 1.0, 1]|integer|as-sorted,c|[1, 1.0, 2],[1, 1.5, 1]|integer|as-sorted|integer|as-sorted",,RAISE:NumberFormatException
P13_29_4_0_10,BigDecimal,negzero,negzero,"[-1, 0.0, 0]",List<List<Object>>,mixed_depth,"[1, [2, {'k': (3, None, 't')}], True]","c|[1, 1.0, 0],c|[1, 1.0, 1],c|c|[1, 1.5, 1],null,t|74|1|1|1|integer|reordered|text|not-applicable|integer|reordered,true|integer|as-sorted",true,true
P13_29_4_1_10,BigDecimal,negzero,negzero,"[-1, 0.0, 0]",List<List<Object>>,seq_in_map,"{'outer': {'inner': [1, 2]}}","c|c|c|[1, 1.0, 0],[1, 1.0, 1]|integer|as-sorted|text|not-applicable|text|not-applicable",true,true
P13_29_4_2_10,BigDecimal,negzero,negzero,"[-1, 0.0, 0]",List<List<Object>>,seq_in_seq,"[[1, 2], [3, 4]]","c|c|[1, 1.0, 0],[1, 1.0, 1]|integer|as-sorted,c|[1, 1.0, 2],[1, 1.5, 1]|integer|as-sorted|integer|as-sorted",true,true
P13_29_5_0_10,BigDecimal,point1,0.1,"[1, 1.6, -4]",List<List<Object>>,mixed_depth,"[1, [2, {'k': (3, None, 't')}], True]","c|[1, 1.0, 0],c|[1, 1.0, 1],c|c|[1, 1.5, 1],null,t|74|1|1|1|integer|reordered|text|not-applicable|integer|reordered,true|integer|as-sorted",true,true
P13_29_5_1_10,BigDecimal,point1,0.1,"[1, 1.6, -4]",List<List<Object>>,seq_in_map,"{'outer': {'inner': [1, 2]}}","c|c|c|[1, 1.0, 0],[1, 1.0, 1]|integer|as-sorted|text|not-applicable|text|not-applicable",true,true
P13_29_5_2_10,BigDecimal,point1,0.1,"[1, 1.6, -4]",List<List<Object>>,seq_in_seq,"[[1, 2], [3, 4]]","c|c|[1, 1.0, 0],[1, 1.0, 1]|integer|as-sorted,c|[1, 1.0, 2],[1, 1.5, 1]|integer|as-sorted|integer|as-sorted",true,true
P13_30_0_0_10,BigDecimal,base_1_5,1.5,"[1, 1.5, 0]","Map<String,Object> nesting",mixed_depth,"[1, [2, {'k': (3, None, 't')}], True]","c|[1, 1.0, 0],c|[1, 1.0, 1],c|c|[1, 1.5, 1],null,t|74|1|1|1|integer|reordered|text|not-applicable|integer|reordered,true|integer|as-sorted",true,true
P13_30_0_1_10,BigDecimal,base_1_5,1.5,"[1, 1.5, 0]","Map<String,Object> nesting",seq_in_map,"{'outer': {'inner': [1, 2]}}","c|c|c|[1, 1.0, 0],[1, 1.0, 1]|integer|as-sorted|text|not-applicable|text|not-applicable",true,true
P13_30_0_2_10,BigDecimal,base_1_5,1.5,"[1, 1.5, 0]","Map<String,Object> nesting",seq_in_seq,"[[1, 2], [3, 4]]","c|c|[1, 1.0, 0],[1, 1.0, 1]|integer|as-sorted,c|[1, 1.0, 2],[1, 1.5, 1]|integer|as-sorted|integer|as-sorted",true,true
P13_30_1_0_10,BigDecimal,base_pi,3.141592653589793,"[1, 1.5707963267948965, 1]","Map<String,Object> nesting",mixed_depth,"[1, [2, {'k': (3, None, 't')}], True]","c|[1, 1.0, 0],c|[1, 1.0, 1],c|c|[1, 1.5, 1],null,t|74|1|1|1|integer|reordered|text|not-applicable|integer|reordered,true|integer|as-sorted",true,true
P13_30_1_1_10,BigDecimal,base_pi,3.141592653589793,"[1, 1.5707963267948965, 1]","Map<String,Object> nesting",seq_in_map,"{'outer': {'inner': [1, 2]}}","c|c|c|[1, 1.0, 0],[1, 1.0, 1]|integer|as-sorted|text|not-applicable|text|not-applicable",true,true
P13_30_1_2_10,BigDecimal,base_pi,3.141592653589793,"[1, 1.5707963267948965, 1]","Map<String,Object> nesting",seq_in_seq,"[[1, 2], [3, 4]]","c|c|[1, 1.0, 0],[1, 1.0, 1]|integer|as-sorted,c|[1, 1.0, 2],[1, 1.5, 1]|integer|as-sorted|integer|as-sorted",true,true
P13_30_2_0_10,BigDecimal,inf,inf,"[1, inf]","Map<String,Object> nesting",mixed_depth,"[1, [2, {'k': (3, None, 't')}], True]","c|[1, 1.0, 0],c|[1, 1.0, 1],c|c|[1, 1.5, 1],null,t|74|1|1|1|integer|reordered|text|not-applicable|integer|reordered,true|integer|as-sorted",,RAISE:NumberFormatException
P13_30_2_1_10,BigDecimal,inf,inf,"[1, inf]","Map<String,Object> nesting",seq_in_map,"{'outer': {'inner': [1, 2]}}","c|c|c|[1, 1.0, 0],[1, 1.0, 1]|integer|as-sorted|text|not-applicable|text|not-applicable",,RAISE:NumberFormatException
P13_30_2_2_10,BigDecimal,inf,inf,"[1, inf]","Map<String,Object> nesting",seq_in_seq,"[[1, 2], [3, 4]]","c|c|[1, 1.0, 0],[1, 1.0, 1]|integer|as-sorted,c|[1, 1.0, 2],[1, 1.5, 1]|integer|as-sorted|integer|as-sorted",,RAISE:NumberFormatException
P13_30_3_0_10,BigDecimal,nan,nan,nan,"Map<String,Object> nesting",mixed_depth,"[1, [2, {'k': (3, None, 't')}], True]","c|[1, 1.0, 0],c|[1, 1.0, 1],c|c|[1, 1.5, 1],null,t|74|1|1|1|integer|reordered|text|not-applicable|integer|reordered,true|integer|as-sorted",,RAISE:NumberFormatException
P13_30_3_1_10,BigDecimal,nan,nan,nan,"Map<String,Object> nesting",seq_in_map,"{'outer': {'inner': [1, 2]}}","c|c|c|[1, 1.0, 0],[1, 1.0, 1]|integer|as-sorted|text|not-applicable|text|not-applicable",,RAISE:NumberFormatException
P13_30_3_2_10,BigDecimal,nan,nan,nan,"Map<String,Object> nesting",seq_in_seq,"[[1, 2], [3, 4]]","c|c|[1, 1.0, 0],[1, 1.0, 1]|integer|as-sorted,c|[1, 1.0, 2],[1, 1.5, 1]|integer|as-sorted|integer|as-sorted",,RAISE:NumberFormatException
P13_30_4_0_10,BigDecimal,negzero,negzero,"[-1, 0.0, 0]","Map<String,Object> nesting",mixed_depth,"[1, [2, {'k': (3, None, 't')}], True]","c|[1, 1.0, 0],c|[1, 1.0, 1],c|c|[1, 1.5, 1],null,t|74|1|1|1|integer|reordered|text|not-applicable|integer|reordered,true|integer|as-sorted",true,true
P13_30_4_1_10,BigDecimal,negzero,negzero,"[-1, 0.0, 0]","Map<String,Object> nesting",seq_in_map,"{'outer': {'inner': [1, 2]}}","c|c|c|[1, 1.0, 0],[1, 1.0, 1]|integer|as-sorted|text|not-applicable|text|not-applicable",true,true
P13_30_4_2_10,BigDecimal,negzero,negzero,"[-1, 0.0, 0]","Map<String,Object> nesting",seq_in_seq,"[[1, 2], [3, 4]]","c|c|[1, 1.0, 0],[1, 1.0, 1]|integer|as-sorted,c|[1, 1.0, 2],[1, 1.5, 1]|integer|as-sorted|integer|as-sorted",true,true
P13_30_5_0_10,BigDecimal,point1,0.1,"[1, 1.6, -4]","Map<String,Object> nesting",mixed_depth,"[1, [2, {'k': (3, None, 't')}], True]","c|[1, 1.0, 0],c|[1, 1.0, 1],c|c|[1, 1.5, 1],null,t|74|1|1|1|integer|reordered|text|not-applicable|integer|reordered,true|integer|as-sorted",true,true
P13_30_5_1_10,BigDecimal,point1,0.1,"[1, 1.6, -4]","Map<String,Object> nesting",seq_in_map,"{'outer': {'inner': [1, 2]}}","c|c|c|[1, 1.0, 0],[1, 1.0, 1]|integer|as-sorted|text|not-applicable|text|not-applicable",true,true
P13_30_5_2_10,BigDecimal,point1,0.1,"[1, 1.6, -4]","Map<String,Object> nesting",seq_in_seq,"[[1, 2], [3, 4]]","c|c|[1, 1.0, 0],[1, 1.0, 1]|integer|as-sorted,c|[1, 1.0, 2],[1, 1.5, 1]|integer|as-sorted|integer|as-sorted",true,true
P14_0_0_0_10,String,base_empty,,t||0|0|0,null reference,null,null,null,true,true
P14_0_1_0_10,String,base_hello,68656c6c6f,t|68656c6c6f|5|5|5,null reference,null,null,null,true,true
P14_0_2_0_10,String,base_lines,6c696e65206f6e650a6c696e652074776f,t|6c696e65206f6e650a6c696e652074776f|17|17|17,null reference,null,null,null,true,true
P14_0_3_0_10,String,clef,f09d849e,t|f09d849e|4|1|1,null reference,null,null,null,true,true
P14_0_4_0_10,String,eacute,c3a9,t|c3a9|2|1|1,null reference,null,null,null,true,true
P14_0_5_0_10,String,escapes,71756f74652022206261636b736c617368205c207461620968657265,t|71756f74652022206261636b736c617368205c207461620968657265|28|28|28,null reference,null,null,null,true,true
P14_14_0_0_10,String,base_empty,,t||0|0|0,String,base_empty,,t||0|0|0,false,false
P14_14_0_1_10,String,base_empty,,t||0|0|0,String,base_hello,68656c6c6f,t|68656c6c6f|5|5|5,true,true
P14_14_0_2_10,String,base_empty,,t||0|0|0,String,base_lines,6c696e65206f6e650a6c696e652074776f,t|6c696e65206f6e650a6c696e652074776f|17|17|17,true,true
P14_14_0_3_10,String,base_empty,,t||0|0|0,String,clef,f09d849e,t|f09d849e|4|1|1,true,true
P14_14_0_4_10,String,base_empty,,t||0|0|0,String,eacute,c3a9,t|c3a9|2|1|1,true,true
P14_14_0_5_10,String,base_empty,,t||0|0|0,String,escapes,71756f74652022206261636b736c617368205c207461620968657265,t|71756f74652022206261636b736c617368205c207461620968657265|28|28|28,true,true
P14_14_1_0_10,String,base_hello,68656c6c6f,t|68656c6c6f|5|5|5,String,base_empty,,t||0|0|0,true,true
P14_14_1_1_10,String,base_hello,68656c6c6f,t|68656c6c6f|5|5|5,String,base_hello,68656c6c6f,t|68656c6c6f|5|5|5,false,false
P14_14_1_2_10,String,base_hello,68656c6c6f,t|68656c6c6f|5|5|5,String,base_lines,6c696e65206f6e650a6c696e652074776f,t|6c696e65206f6e650a6c696e652074776f|17|17|17,true,true
P14_14_1_3_10,String,base_hello,68656c6c6f,t|68656c6c6f|5|5|5,String,clef,f09d849e,t|f09d849e|4|1|1,true,true
P14_14_1_4_10,String,base_hello,68656c6c6f,t|68656c6c6f|5|5|5,String,eacute,c3a9,t|c3a9|2|1|1,true,true
P14_14_1_5_10,String,base_hello,68656c6c6f,t|68656c6c6f|5|5|5,String,escapes,71756f74652022206261636b736c617368205c207461620968657265,t|71756f74652022206261636b736c617368205c207461620968657265|28|28|28,true,true
P14_14_2_0_10,String,base_lines,6c696e65206f6e650a6c696e652074776f,t|6c696e65206f6e650a6c696e652074776f|17|17|17,String,base_empty,,t||0|0|0,true,true
P14_14_2_1_10,String,base_lines,6c696e65206f6e650a6c696e652074776f,t|6c696e65206f6e650a6c696e652074776f|17|17|17,String,base_hello,68656c6c6f,t|68656c6c6f|5|5|5,true,true
P14_14_2_2_10,String,base_lines,6c696e65206f6e650a6c696e652074776f,t|6c696e65206f6e650a6c696e652074776f|17|17|17,String,base_lines,6c696e65206f6e650a6c696e652074776f,t|6c696e65206f6e650a6c696e652074776f|17|17|17,false,false
P14_14_2_3_10,String,base_lines,6c696e65206f6e650a6c696e652074776f,t|6c696e65206f6e650a6c696e652074776f|17|17|17,String,clef,f09d849e,t|f09d849e|4|1|1,true,true
P14_14_2_4_10,String,base_lines,6c696e65206f6e650a6c696e652074776f,t|6c696e65206f6e650a6c696e652074776f|17|17|17,String,eacute,c3a9,t|c3a9|2|1|1,true,true
P14_14_2_5_10,String,base_lines,6c696e65206f6e650a6c696e652074776f,t|6c696e65206f6e650a6c696e652074776f|17|17|17,String,escapes,71756f74652022206261636b736c617368205c207461620968657265,t|71756f74652022206261636b736c617368205c207461620968657265|28|28|28,true,true
P14_14_3_0_10,String,clef,f09d849e,t|f09d849e|4|1|1,String,base_empty,,t||0|0|0,true,true
P14_14_3_1_10,String,clef,f09d849e,t|f09d849e|4|1|1,String,base_hello,68656c6c6f,t|68656c6c6f|5|5|5,true,true
P14_14_3_2_10,String,clef,f09d849e,t|f09d849e|4|1|1,String,base_lines,6c696e65206f6e650a6c696e652074776f,t|6c696e65206f6e650a6c696e652074776f|17|17|17,true,true
P14_14_3_3_10,String,clef,f09d849e,t|f09d849e|4|1|1,String,clef,f09d849e,t|f09d849e|4|1|1,false,false
P14_14_3_4_10,String,clef,f09d849e,t|f09d849e|4|1|1,String,eacute,c3a9,t|c3a9|2|1|1,true,true
P14_14_3_5_10,String,clef,f09d849e,t|f09d849e|4|1|1,String,escapes,71756f74652022206261636b736c617368205c207461620968657265,t|71756f74652022206261636b736c617368205c207461620968657265|28|28|28,true,true
P14_14_4_0_10,String,eacute,c3a9,t|c3a9|2|1|1,String,base_empty,,t||0|0|0,true,true
P14_14_4_1_10,String,eacute,c3a9,t|c3a9|2|1|1,String,base_hello,68656c6c6f,t|68656c6c6f|5|5|5,true,true
P14_14_4_2_10,String,eacute,c3a9,t|c3a9|2|1|1,String,base_lines,6c696e65206f6e650a6c696e652074776f,t|6c696e65206f6e650a6c696e652074776f|17|17|17,true,true
P14_14_4_3_10,String,eacute,c3a9,t|c3a9|2|1|1,String,clef,f09d849e,t|f09d849e|4|1|1,true,true
P14_14_4_4_10,String,eacute,c3a9,t|c3a9|2|1|1,String,eacute,c3a9,t|c3a9|2|1|1,false,false
P14_14_4_5_10,String,eacute,c3a9,t|c3a9|2|1|1,String,escapes,71756f74652022206261636b736c617368205c207461620968657265,t|71756f74652022206261636b736c617368205c207461620968657265|28|28|28,true,true
P14_14_5_0_10,String,escapes,71756f74652022206261636b736c617368205c207461620968657265,t|71756f74652022206261636b736c617368205c207461620968657265|28|28|28,String,base_empty,,t||0|0|0,true,true
P14_14_5_1_10,String,escapes,71756f74652022206261636b736c617368205c207461620968657265,t|71756f74652022206261636b736c617368205c207461620968657265|28|28|28,String,base_hello,68656c6c6f,t|68656c6c6f|5|5|5,true,true
P14_14_5_2_10,String,escapes,71756f74652022206261636b736c617368205c207461620968657265,t|71756f74652022206261636b736c617368205c207461620968657265|28|28|28,String,base_lines,6c696e65206f6e650a6c696e652074776f,t|6c696e65206f6e650a6c696e652074776f|17|17|17,true,true
P14_14_5_3_10,String,escapes,71756f74652022206261636b736c617368205c207461620968657265,t|71756f74652022206261636b736c617368205c207461620968657265|28|28|28,String,clef,f09d849e,t|f09d849e|4|1|1,true,true
P14_14_5_4_10,String,escapes,71756f74652022206261636b736c617368205c207461620968657265,t|71756f74652022206261636b736c617368205c207461620968657265|28|28|28,String,eacute,c3a9,t|c3a9|2|1|1,true,true
P14_14_5_5_10,String,escapes,71756f74652022206261636b736c617368205c207461620968657265,t|71756f74652022206261636b736c617368205c207461620968657265|28|28|28,String,escapes,71756f74652022206261636b736c617368205c207461620968657265,t|71756f74652022206261636b736c617368205c207461620968657265|28|28|28,false,false
P15_15_0_0_10,char[],base_empty,,t||0|0|0,char[],base_empty,,t||0|0|0,true,true
P15_15_0_1_10,char[],base_empty,,t||0|0|0,char[],base_hello,68656c6c6f,t|68656c6c6f|5|5|5,true,true
P15_15_0_2_10,char[],base_empty,,t||0|0|0,char[],base_lines,6c696e65206f6e650a6c696e652074776f,t|6c696e65206f6e650a6c696e652074776f|17|17|17,true,true
P15_15_0_3_10,char[],base_empty,,t||0|0|0,char[],clef,f09d849e,t|f09d849e|4|1|1,true,true
P15_15_0_4_10,char[],base_empty,,t||0|0|0,char[],eacute,c3a9,t|c3a9|2|1|1,true,true
P15_15_0_5_10,char[],base_empty,,t||0|0|0,char[],escapes,71756f74652022206261636b736c617368205c207461620968657265,t|71756f74652022206261636b736c617368205c207461620968657265|28|28|28,true,true
P15_15_1_0_10,char[],base_hello,68656c6c6f,t|68656c6c6f|5|5|5,char[],base_empty,,t||0|0|0,true,true
P15_15_1_1_10,char[],base_hello,68656c6c6f,t|68656c6c6f|5|5|5,char[],base_hello,68656c6c6f,t|68656c6c6f|5|5|5,true,true
P15_15_1_2_10,char[],base_hello,68656c6c6f,t|68656c6c6f|5|5|5,char[],base_lines,6c696e65206f6e650a6c696e652074776f,t|6c696e65206f6e650a6c696e652074776f|17|17|17,true,true
P15_15_1_3_10,char[],base_hello,68656c6c6f,t|68656c6c6f|5|5|5,char[],clef,f09d849e,t|f09d849e|4|1|1,true,true
P15_15_1_4_10,char[],base_hello,68656c6c6f,t|68656c6c6f|5|5|5,char[],eacute,c3a9,t|c3a9|2|1|1,true,true
P15_15_1_5_10,char[],base_hello,68656c6c6f,t|68656c6c6f|5|5|5,char[],escapes,71756f74652022206261636b736c617368205c207461620968657265,t|71756f74652022206261636b736c617368205c207461620968657265|28|28|28,true,true
P15_15_2_0_10,char[],base_lines,6c696e65206f6e650a6c696e652074776f,t|6c696e65206f6e650a6c696e652074776f|17|17|17,char[],base_empty,,t||0|0|0,true,true
P15_15_2_1_10,char[],base_lines,6c696e65206f6e650a6c696e652074776f,t|6c696e65206f6e650a6c696e652074776f|17|17|17,char[],base_hello,68656c6c6f,t|68656c6c6f|5|5|5,true,true
P15_15_2_2_10,char[],base_lines,6c696e65206f6e650a6c696e652074776f,t|6c696e65206f6e650a6c696e652074776f|17|17|17,char[],base_lines,6c696e65206f6e650a6c696e652074776f,t|6c696e65206f6e650a6c696e652074776f|17|17|17,true,true
P15_15_2_3_10,char[],base_lines,6c696e65206f6e650a6c696e652074776f,t|6c696e65206f6e650a6c696e652074776f|17|17|17,char[],clef,f09d849e,t|f09d849e|4|1|1,true,true
P15_15_2_4_10,char[],base_lines,6c696e65206f6e650a6c696e652074776f,t|6c696e65206f6e650a6c696e652074776f|17|17|17,char[],eacute,c3a9,t|c3a9|2|1|1,true,true
P15_15_2_5_10,char[],base_lines,6c696e65206f6e650a6c696e652074776f,t|6c696e65206f6e650a6c696e652074776f|17|17|17,char[],escapes,71756f74652022206261636b736c617368205c207461620968657265,t|71756f74652022206261636b736c617368205c207461620968657265|28|28|28,true,true
P15_15_3_0_10,char[],clef,f09d849e,t|f09d849e|4|1|1,char[],base_empty,,t||0|0|0,true,true
P15_15_3_1_10,char[],clef,f09d849e,t|f09d849e|4|1|1,char[],base_hello,68656c6c6f,t|68656c6c6f|5|5|5,true,true
P15_15_3_2_10,char[],clef,f09d849e,t|f09d849e|4|1|1,char[],base_lines,6c696e65206f6e650a6c696e652074776f,t|6c696e65206f6e650a6c696e652074776f|17|17|17,true,true
P15_15_3_3_10,char[],clef,f09d849e,t|f09d849e|4|1|1,char[],clef,f09d849e,t|f09d849e|4|1|1,true,true
P15_15_3_4_10,char[],clef,f09d849e,t|f09d849e|4|1|1,char[],eacute,c3a9,t|c3a9|2|1|1,true,true
P15_15_3_5_10,char[],clef,f09d849e,t|f09d849e|4|1|1,char[],escapes,71756f74652022206261636b736c617368205c207461620968657265,t|71756f74652022206261636b736c617368205c207461620968657265|28|28|28,true,true
P15_15_4_0_10,char[],eacute,c3a9,t|c3a9|2|1|1,char[],base_empty,,t||0|0|0,true,true
P15_15_4_1_10,char[],eacute,c3a9,t|c3a9|2|1|1,char[],base_hello,68656c6c6f,t|68656c6c6f|5|5|5,true,true
P15_15_4_2_10,char[],eacute,c3a9,t|c3a9|2|1|1,char[],base_lines,6c696e65206f6e650a6c696e652074776f,t|6c696e65206f6e650a6c696e652074776f|17|17|17,true,true
P15_15_4_3_10,char[],eacute,c3a9,t|c3a9|2|1|1,char[],clef,f09d849e,t|f09d849e|4|1|1,true,true
P15_15_4_4_10,char[],eacute,c3a9,t|c3a9|2|1|1,char[],eacute,c3a9,t|c3a9|2|1|1,true,true
P15_15_4_5_10,char[],eacute,c3a9,t|c3a9|2|1|1,char[],escapes,71756f74652022206261636b736c617368205c207461620968657265,t|71756f74652022206261636b736c617368205c207461620968657265|28|28|28,true,true
P15_15_5_0_10,char[],escapes,71756f74652022206261636b736c617368205c207461620968657265,t|71756f74652022206261636b736c617368205c207461620968657265|28|28|28,char[],base_empty,,t||0|0|0,true,true
P15_15_5_1_10,char[],escapes,71756f74652022206261636b736c617368205c207461620968657265,t|71756f74652022206261636b736c617368205c207461620968657265|28|28|28,char[],base_hello,68656c6c6f,t|68656c6c6f|5|5|5,true,true
P15_15_5_2_10,char[],escapes,71756f74652022206261636b736c617368205c207461620968657265,t|71756f74652022206261636b736c617368205c207461620968657265|28|28|28,char[],base_lines,6c696e65206f6e650a6c696e652074776f,t|6c696e65206f6e650a6c696e652074776f|17|17|17,true,true
P15_15_5_3_10,char[],escapes,71756f74652022206261636b736c617368205c207461620968657265,t|71756f74652022206261636b736c617368205c207461620968657265|28|28|28,char[],clef,f09d849e,t|f09d849e|4|1|1,true,true
P15_15_5_4_10,char[],escapes,71756f74652022206261636b736c617368205c207461620968657265,t|71756f74652022206261636b736c617368205c207461620968657265|28|28|28,char[],eacute,c3a9,t|c3a9|2|1|1,true,true
P15_15_5_5_10,char[],escapes,71756f74652022206261636b736c617368205c207461620968657265,t|71756f74652022206261636b736c617368205c207461620968657265|28|28|28,char[],escapes,71756f74652022206261636b736c617368205c207461620968657265,t|71756f74652022206261636b736c617368205c207461620968657265|28|28|28,true,true
P16_16_0_0_10,StringBuilder,base_empty,,t||0|0|0,StringBuilder,base_empty,,t||0|0|0,true,true
P16_16_0_1_10,StringBuilder,base_empty,,t||0|0|0,StringBuilder,base_hello,68656c6c6f,t|68656c6c6f|5|5|5,true,true
P16_16_0_2_10,StringBuilder,base_empty,,t||0|0|0,StringBuilder,base_lines,6c696e65206f6e650a6c696e652074776f,t|6c696e65206f6e650a6c696e652074776f|17|17|17,true,true
P16_16_0_3_10,StringBuilder,base_empty,,t||0|0|0,StringBuilder,clef,f09d849e,t|f09d849e|4|1|1,true,true
P16_16_0_4_10,StringBuilder,base_empty,,t||0|0|0,StringBuilder,eacute,c3a9,t|c3a9|2|1|1,true,true
P16_16_0_5_10,StringBuilder,base_empty,,t||0|0|0,StringBuilder,escapes,71756f74652022206261636b736c617368205c207461620968657265,t|71756f74652022206261636b736c617368205c207461620968657265|28|28|28,true,true
P16_16_1_0_10,StringBuilder,base_hello,68656c6c6f,t|68656c6c6f|5|5|5,StringBuilder,base_empty,,t||0|0|0,true,true
P16_16_1_1_10,StringBuilder,base_hello,68656c6c6f,t|68656c6c6f|5|5|5,StringBuilder,base_hello,68656c6c6f,t|68656c6c6f|5|5|5,true,true
P16_16_1_2_10,StringBuilder,base_hello,68656c6c6f,t|68656c6c6f|5|5|5,StringBuilder,base_lines,6c696e65206f6e650a6c696e652074776f,t|6c696e65206f6e650a6c696e652074776f|17|17|17,true,true
P16_16_1_3_10,StringBuilder,base_hello,68656c6c6f,t|68656c6c6f|5|5|5,StringBuilder,clef,f09d849e,t|f09d849e|4|1|1,true,true
P16_16_1_4_10,StringBuilder,base_hello,68656c6c6f,t|68656c6c6f|5|5|5,StringBuilder,eacute,c3a9,t|c3a9|2|1|1,true,true
P16_16_1_5_10,StringBuilder,base_hello,68656c6c6f,t|68656c6c6f|5|5|5,StringBuilder,escapes,71756f74652022206261636b736c617368205c207461620968657265,t|71756f74652022206261636b736c617368205c207461620968657265|28|28|28,true,true
P16_16_2_0_10,StringBuilder,base_lines,6c696e65206f6e650a6c696e652074776f,t|6c696e65206f6e650a6c696e652074776f|17|17|17,StringBuilder,base_empty,,t||0|0|0,true,true
P16_16_2_1_10,StringBuilder,base_lines,6c696e65206f6e650a6c696e652074776f,t|6c696e65206f6e650a6c696e652074776f|17|17|17,StringBuilder,base_hello,68656c6c6f,t|68656c6c6f|5|5|5,true,true
P16_16_2_2_10,StringBuilder,base_lines,6c696e65206f6e650a6c696e652074776f,t|6c696e65206f6e650a6c696e652074776f|17|17|17,StringBuilder,base_lines,6c696e65206f6e650a6c696e652074776f,t|6c696e65206f6e650a6c696e652074776f|17|17|17,true,true
P16_16_2_3_10,StringBuilder,base_lines,6c696e65206f6e650a6c696e652074776f,t|6c696e65206f6e650a6c696e652074776f|17|17|17,StringBuilder,clef,f09d849e,t|f09d849e|4|1|1,true,true
P16_16_2_4_10,StringBuilder,base_lines,6c696e65206f6e650a6c696e652074776f,t|6c696e65206f6e650a6c696e652074776f|17|17|17,StringBuilder,eacute,c3a9,t|c3a9|2|1|1,true,true
P16_16_2_5_10,StringBuilder,base_lines,6c696e65206f6e650a6c696e652074776f,t|6c696e65206f6e650a6c696e652074776f|17|17|17,StringBuilder,escapes,71756f74652022206261636b736c617368205c207461620968657265,t|71756f74652022206261636b736c617368205c207461620968657265|28|28|28,true,true
P16_16_3_0_10,StringBuilder,clef,f09d849e,t|f09d849e|4|1|1,StringBuilder,base_empty,,t||0|0|0,true,true
P16_16_3_1_10,StringBuilder,clef,f09d849e,t|f09d849e|4|1|1,StringBuilder,base_hello,68656c6c6f,t|68656c6c6f|5|5|5,true,true
P16_16_3_2_10,StringBuilder,clef,f09d849e,t|f09d849e|4|1|1,StringBuilder,base_lines,6c696e65206f6e650a6c696e652074776f,t|6c696e65206f6e650a6c696e652074776f|17|17|17,true,true
P16_16_3_3_10,StringBuilder,clef,f09d849e,t|f09d849e|4|1|1,StringBuilder,clef,f09d849e,t|f09d849e|4|1|1,true,true
P16_16_3_4_10,StringBuilder,clef,f09d849e,t|f09d849e|4|1|1,StringBuilder,eacute,c3a9,t|c3a9|2|1|1,true,true
P16_16_3_5_10,StringBuilder,clef,f09d849e,t|f09d849e|4|1|1,StringBuilder,escapes,71756f74652022206261636b736c617368205c207461620968657265,t|71756f74652022206261636b736c617368205c207461620968657265|28|28|28,true,true
P16_16_4_0_10,StringBuilder,eacute,c3a9,t|c3a9|2|1|1,StringBuilder,base_empty,,t||0|0|0,true,true
P16_16_4_1_10,StringBuilder,eacute,c3a9,t|c3a9|2|1|1,StringBuilder,base_hello,68656c6c6f,t|68656c6c6f|5|5|5,true,true
P16_16_4_2_10,StringBuilder,eacute,c3a9,t|c3a9|2|1|1,StringBuilder,base_lines,6c696e65206f6e650a6c696e652074776f,t|6c696e65206f6e650a6c696e652074776f|17|17|17,true,true
P16_16_4_3_10,StringBuilder,eacute,c3a9,t|c3a9|2|1|1,StringBuilder,clef,f09d849e,t|f09d849e|4|1|1,true,true
P16_16_4_4_10,StringBuilder,eacute,c3a9,t|c3a9|2|1|1,StringBuilder,eacute,c3a9,t|c3a9|2|1|1,true,true
P16_16_4_5_10,StringBuilder,eacute,c3a9,t|c3a9|2|1|1,StringBuilder,escapes,71756f74652022206261636b736c617368205c207461620968657265,t|71756f74652022206261636b736c617368205c207461620968657265|28|28|28,true,true
P16_16_5_0_10,StringBuilder,escapes,71756f74652022206261636b736c617368205c207461620968657265,t|71756f74652022206261636b736c617368205c207461620968657265|28|28|28,StringBuilder,base_empty,,t||0|0|0,true,true
P16_16_5_1_10,StringBuilder,escapes,71756f74652022206261636b736c617368205c207461620968657265,t|71756f74652022206261636b736c617368205c207461620968657265|28|28|28,StringBuilder,base_hello,68656c6c6f,t|68656c6c6f|5|5|5,true,true
P16_16_5_2_10,StringBuilder,escapes,71756f74652022206261636b736c617368205c207461620968657265,t|71756f74652022206261636b736c617368205c207461620968657265|28|28|28,StringBuilder,base_lines,6c696e65206f6e650a6c696e652074776f,t|6c696e65206f6e650a6c696e652074776f|17|17|17,true,true
P16_16_5_3_10,StringBuilder,escapes,71756f74652022206261636b736c617368205c207461620968657265,t|71756f74652022206261636b736c617368205c207461620968657265|28|28|28,StringBuilder,clef,f09d849e,t|f09d849e|4|1|1,true,true
P16_16_5_4_10,StringBuilder,escapes,71756f74652022206261636b736c617368205c207461620968657265,t|71756f74652022206261636b736c617368205c207461620968657265|28|28|28,StringBuilder,eacute,c3a9,t|c3a9|2|1|1,true,true
P16_16_5_5_10,StringBuilder,escapes,71756f74652022206261636b736c617368205c207461620968657265,t|71756f74652022206261636b736c617368205c207461620968657265|28|28|28,StringBuilder,escapes,71756f74652022206261636b736c617368205c207461620968657265,t|71756f74652022206261636b736c617368205c207461620968657265|28|28|28,true,true
P17_17_0_0_10,byte[],base_empty,,t||0|0|0,byte[],base_empty,,t||0|0|0,true,true
P17_17_0_1_10,byte[],base_empty,,t||0|0|0,byte[],base_hello,68656c6c6f,t|68656c6c6f|5|5|5,true,true
P17_17_0_2_10,byte[],base_empty,,t||0|0|0,byte[],base_lines,6c696e65206f6e650a6c696e652074776f,t|6c696e65206f6e650a6c696e652074776f|17|17|17,true,true
P17_17_0_3_10,byte[],base_empty,,t||0|0|0,byte[],clef,f09d849e,t|f09d849e|4|1|1,true,true
P17_17_0_4_10,byte[],base_empty,,t||0|0|0,byte[],eacute,c3a9,t|c3a9|2|1|1,true,true
P17_17_0_5_10,byte[],base_empty,,t||0|0|0,byte[],escapes,71756f74652022206261636b736c617368205c207461620968657265,t|71756f74652022206261636b736c617368205c207461620968657265|28|28|28,true,true
P17_17_1_0_10,byte[],base_hello,68656c6c6f,t|68656c6c6f|5|5|5,byte[],base_empty,,t||0|0|0,true,true
P17_17_1_1_10,byte[],base_hello,68656c6c6f,t|68656c6c6f|5|5|5,byte[],base_hello,68656c6c6f,t|68656c6c6f|5|5|5,true,true
P17_17_1_2_10,byte[],base_hello,68656c6c6f,t|68656c6c6f|5|5|5,byte[],base_lines,6c696e65206f6e650a6c696e652074776f,t|6c696e65206f6e650a6c696e652074776f|17|17|17,true,true
P17_17_1_3_10,byte[],base_hello,68656c6c6f,t|68656c6c6f|5|5|5,byte[],clef,f09d849e,t|f09d849e|4|1|1,true,true
P17_17_1_4_10,byte[],base_hello,68656c6c6f,t|68656c6c6f|5|5|5,byte[],eacute,c3a9,t|c3a9|2|1|1,true,true
P17_17_1_5_10,byte[],base_hello,68656c6c6f,t|68656c6c6f|5|5|5,byte[],escapes,71756f74652022206261636b736c617368205c207461620968657265,t|71756f74652022206261636b736c617368205c207461620968657265|28|28|28,true,true
P17_17_2_0_10,byte[],base_lines,6c696e65206f6e650a6c696e652074776f,t|6c696e65206f6e650a6c696e652074776f|17|17|17,byte[],base_empty,,t||0|0|0,true,true
P17_17_2_1_10,byte[],base_lines,6c696e65206f6e650a6c696e652074776f,t|6c696e65206f6e650a6c696e652074776f|17|17|17,byte[],base_hello,68656c6c6f,t|68656c6c6f|5|5|5,true,true
P17_17_2_2_10,byte[],base_lines,6c696e65206f6e650a6c696e652074776f,t|6c696e65206f6e650a6c696e652074776f|17|17|17,byte[],base_lines,6c696e65206f6e650a6c696e652074776f,t|6c696e65206f6e650a6c696e652074776f|17|17|17,true,true
P17_17_2_3_10,byte[],base_lines,6c696e65206f6e650a6c696e652074776f,t|6c696e65206f6e650a6c696e652074776f|17|17|17,byte[],clef,f09d849e,t|f09d849e|4|1|1,true,true
P17_17_2_4_10,byte[],base_lines,6c696e65206f6e650a6c696e652074776f,t|6c696e65206f6e650a6c696e652074776f|17|17|17,byte[],eacute,c3a9,t|c3a9|2|1|1,true,true
P17_17_2_5_10,byte[],base_lines,6c696e65206f6e650a6c696e652074776f,t|6c696e65206f6e650a6c696e652074776f|17|17|17,byte[],escapes,71756f74652022206261636b736c617368205c207461620968657265,t|71756f74652022206261636b736c617368205c207461620968657265|28|28|28,true,true
P17_17_3_0_10,byte[],clef,f09d849e,t|f09d849e|4|1|1,byte[],base_empty,,t||0|0|0,true,true
P17_17_3_1_10,byte[],clef,f09d849e,t|f09d849e|4|1|1,byte[],base_hello,68656c6c6f,t|68656c6c6f|5|5|5,true,true
P17_17_3_2_10,byte[],clef,f09d849e,t|f09d849e|4|1|1,byte[],base_lines,6c696e65206f6e650a6c696e652074776f,t|6c696e65206f6e650a6c696e652074776f|17|17|17,true,true
P17_17_3_3_10,byte[],clef,f09d849e,t|f09d849e|4|1|1,byte[],clef,f09d849e,t|f09d849e|4|1|1,true,true
P17_17_3_4_10,byte[],clef,f09d849e,t|f09d849e|4|1|1,byte[],eacute,c3a9,t|c3a9|2|1|1,true,true
P17_17_3_5_10,byte[],clef,f09d849e,t|f09d849e|4|1|1,byte[],escapes,71756f74652022206261636b736c617368205c207461620968657265,t|71756f74652022206261636b736c617368205c207461620968657265|28|28|28,true,true
P17_17_4_0_10,byte[],eacute,c3a9,t|c3a9|2|1|1,byte[],base_empty,,t||0|0|0,true,true
P17_17_4_1_10,byte[],eacute,c3a9,t|c3a9|2|1|1,byte[],base_hello,68656c6c6f,t|68656c6c6f|5|5|5,true,true
P17_17_4_2_10,byte[],eacute,c3a9,t|c3a9|2|1|1,byte[],base_lines,6c696e65206f6e650a6c696e652074776f,t|6c696e65206f6e650a6c696e652074776f|17|17|17,true,true
P17_17_4_3_10,byte[],eacute,c3a9,t|c3a9|2|1|1,byte[],clef,f09d849e,t|f09d849e|4|1|1,true,true
P17_17_4_4_10,byte[],eacute,c3a9,t|c3a9|2|1|1,byte[],eacute,c3a9,t|c3a9|2|1|1,true,true
P17_17_4_5_10,byte[],eacute,c3a9,t|c3a9|2|1|1,byte[],escapes,71756f74652022206261636b736c617368205c207461620968657265,t|71756f74652022206261636b736c617368205c207461620968657265|28|28|28,true,true
P17_17_5_0_10,byte[],escapes,71756f74652022206261636b736c617368205c207461620968657265,t|71756f74652022206261636b736c617368205c207461620968657265|28|28|28,byte[],base_empty,,t||0|0|0,true,true
P17_17_5_1_10,byte[],escapes,71756f74652022206261636b736c617368205c207461620968657265,t|71756f74652022206261636b736c617368205c207461620968657265|28|28|28,byte[],base_hello,68656c6c6f,t|68656c6c6f|5|5|5,true,true
P17_17_5_2_10,byte[],escapes,71756f74652022206261636b736c617368205c207461620968657265,t|71756f74652022206261636b736c617368205c207461620968657265|28|28|28,byte[],base_lines,6c696e65206f6e650a6c696e652074776f,t|6c696e65206f6e650a6c696e652074776f|17|17|17,true,true
P17_17_5_3_10,byte[],escapes,71756f74652022206261636b736c617368205c207461620968657265,t|71756f74652022206261636b736c617368205c207461620968657265|28|28|28,byte[],clef,f09d849e,t|f09d849e|4|1|1,true,true
P17_17_5_4_10,byte[],escapes,71756f74652022206261636b736c617368205c207461620968657265,t|71756f74652022206261636b736c617368205c207461620968657265|28|28|28,byte[],eacute,c3a9,t|c3a9|2|1|1,true,true
P17_17_5_5_10,byte[],escapes,71756f74652022206261636b736c617368205c207461620968657265,t|71756f74652022206261636b736c617368205c207461620968657265|28|28|28,byte[],escapes,71756f74652022206261636b736c617368205c207461620968657265,t|71756f74652022206261636b736c617368205c207461620968657265|28|28|28,true,true
P18_18_0_0_10,Object[],base,"[1, 2, 3]","c|[1, 1.0, 0],[1, 1.0, 1],[1, 1.5, 1]|integer|as-sorted",Object[],base,"[1, 2, 3]","c|[1, 1.0, 0],[1, 1.0, 1],[1, 1.5, 1]|integer|as-sorted",true,true
P18_18_0_1_10,Object[],base,"[1, 2, 3]","c|[1, 1.0, 0],[1, 1.0, 1],[1, 1.5, 1]|integer|as-sorted",Object[],bigint,[9223372036854775808],"c|[1, 1.0, 63]|integer|as-sorted",true,true
P18_18_0_2_10,Object[],base,"[1, 2, 3]","c|[1, 1.0, 0],[1, 1.0, 1],[1, 1.5, 1]|integer|as-sorted",Object[],empty,[],c||empty|as-sorted,true,true
P18_18_0_3_10,Object[],base,"[1, 2, 3]","c|[1, 1.0, 0],[1, 1.0, 1],[1, 1.5, 1]|integer|as-sorted",Object[],mixed,"[1, 'two', 3.0, True, None]","c|[1, 1.0, 0],[1, 1.5, 1],null,true,t|74776f|3|3|3|integer|reordered",true,true
P18_18_0_4_10,Object[],base,"[1, 2, 3]","c|[1, 1.0, 0],[1, 1.0, 1],[1, 1.5, 1]|integer|as-sorted",Object[],strs,"['a', 'b']","c|t|61|1|1|1,t|62|1|1|1|integer|as-sorted",true,true
P18_18_1_0_10,Object[],bigint,[9223372036854775808],"c|[1, 1.0, 63]|integer|as-sorted",Object[],base,"[1, 2, 3]","c|[1, 1.0, 0],[1, 1.0, 1],[1, 1.5, 1]|integer|as-sorted",true,true
P18_18_1_1_10,Object[],bigint,[9223372036854775808],"c|[1, 1.0, 63]|integer|as-sorted",Object[],bigint,[9223372036854775808],"c|[1, 1.0, 63]|integer|as-sorted",true,true
P18_18_1_2_10,Object[],bigint,[9223372036854775808],"c|[1, 1.0, 63]|integer|as-sorted",Object[],empty,[],c||empty|as-sorted,true,true
P18_18_1_3_10,Object[],bigint,[9223372036854775808],"c|[1, 1.0, 63]|integer|as-sorted",Object[],mixed,"[1, 'two', 3.0, True, None]","c|[1, 1.0, 0],[1, 1.5, 1],null,true,t|74776f|3|3|3|integer|reordered",true,true
P18_18_1_4_10,Object[],bigint,[9223372036854775808],"c|[1, 1.0, 63]|integer|as-sorted",Object[],strs,"['a', 'b']","c|t|61|1|1|1,t|62|1|1|1|integer|as-sorted",true,true
P18_18_2_0_10,Object[],empty,[],c||empty|as-sorted,Object[],base,"[1, 2, 3]","c|[1, 1.0, 0],[1, 1.0, 1],[1, 1.5, 1]|integer|as-sorted",true,true
P18_18_2_1_10,Object[],empty,[],c||empty|as-sorted,Object[],bigint,[9223372036854775808],"c|[1, 1.0, 63]|integer|as-sorted",true,true
P18_18_2_2_10,Object[],empty,[],c||empty|as-sorted,Object[],empty,[],c||empty|as-sorted,true,true
P18_18_2_3_10,Object[],empty,[],c||empty|as-sorted,Object[],mixed,"[1, 'two', 3.0, True, None]","c|[1, 1.0, 0],[1, 1.5, 1],null,true,t|74776f|3|3|3|integer|reordered",true,true
P18_18_2_4_10,Object[],empty,[],c||empty|as-sorted,Object[],strs,"['a', 'b']","c|t|61|1|1|1,t|62|1|1|1|integer|as-sorted",true,true
P18_18_3_0_10,Object[],mixed,"[1, 'two', 3.0, True, None]","c|[1, 1.0, 0],[1, 1.5, 1],null,true,t|74776f|3|3|3|integer|reordered",Object[],base,"[1, 2, 3]","c|[1, 1.0, 0],[1, 1.0, 1],[1, 1.5, 1]|integer|as-sorted",true,true
P18_18_3_1_10,Object[],mixed,"[1, 'two', 3.0, True, None]","c|[1, 1.0, 0],[1, 1.5, 1],null,true,t|74776f|3|3|3|integer|reordered",Object[],bigint,[9223372036854775808],"c|[1, 1.0, 63]|integer|as-sorted",true,true
P18_18_3_2_10,Object[],mixed,"[1, 'two', 3.0, True, None]","c|[1, 1.0, 0],[1, 1.5, 1],null,true,t|74776f|3|3|3|integer|reordered",Object[],empty,[],c||empty|as-sorted,true,true
P18_18_3_3_10,Object[],mixed,"[1, 'two', 3.0, True, None]","c|[1, 1.0, 0],[1, 1.5, 1],null,true,t|74776f|3|3|3|integer|reordered",Object[],mixed,"[1, 'two', 3.0, True, None]","c|[1, 1.0, 0],[1, 1.5, 1],null,true,t|74776f|3|3|3|integer|reordered",true,true
P18_18_3_4_10,Object[],mixed,"[1, 'two', 3.0, True, None]","c|[1, 1.0, 0],[1, 1.5, 1],null,true,t|74776f|3|3|3|integer|reordered",Object[],strs,"['a', 'b']","c|t|61|1|1|1,t|62|1|1|1|integer|as-sorted",true,true
P18_18_4_0_10,Object[],strs,"['a', 'b']","c|t|61|1|1|1,t|62|1|1|1|integer|as-sorted",Object[],base,"[1, 2, 3]","c|[1, 1.0, 0],[1, 1.0, 1],[1, 1.5, 1]|integer|as-sorted",true,true
P18_18_4_1_10,Object[],strs,"['a', 'b']","c|t|61|1|1|1,t|62|1|1|1|integer|as-sorted",Object[],bigint,[9223372036854775808],"c|[1, 1.0, 63]|integer|as-sorted",true,true
P18_18_4_2_10,Object[],strs,"['a', 'b']","c|t|61|1|1|1,t|62|1|1|1|integer|as-sorted",Object[],empty,[],c||empty|as-sorted,true,true
P18_18_4_3_10,Object[],strs,"['a', 'b']","c|t|61|1|1|1,t|62|1|1|1|integer|as-sorted",Object[],mixed,"[1, 'two', 3.0, True, None]","c|[1, 1.0, 0],[1, 1.5, 1],null,true,t|74776f|3|3|3|integer|reordered",true,true
P18_18_4_4_10,Object[],strs,"['a', 'b']","c|t|61|1|1|1,t|62|1|1|1|integer|as-sorted",Object[],strs,"['a', 'b']","c|t|61|1|1|1,t|62|1|1|1|integer|as-sorted",true,true
P18_31_0_0_10,Object[],base,"[1, 2, 3]","c|[1, 1.0, 0],[1, 1.0, 1],[1, 1.5, 1]|integer|as-sorted",Object[][] of Object[],mixed_depth,"[1, [2, {'k': (3, None, 't')}], True]","c|[1, 1.0, 0],c|[1, 1.0, 1],c|c|[1, 1.5, 1],null,t|74|1|1|1|integer|reordered|text|not-applicable|integer|reordered,true|integer|as-sorted",true,true
P18_31_0_1_10,Object[],base,"[1, 2, 3]","c|[1, 1.0, 0],[1, 1.0, 1],[1, 1.5, 1]|integer|as-sorted",Object[][] of Object[],seq_in_map,"{'outer': {'inner': [1, 2]}}","c|c|c|[1, 1.0, 0],[1, 1.0, 1]|integer|as-sorted|text|not-applicable|text|not-applicable",true,true
P18_31_0_2_10,Object[],base,"[1, 2, 3]","c|[1, 1.0, 0],[1, 1.0, 1],[1, 1.5, 1]|integer|as-sorted",Object[][] of Object[],seq_in_seq,"[[1, 2], [3, 4]]","c|c|[1, 1.0, 0],[1, 1.0, 1]|integer|as-sorted,c|[1, 1.0, 2],[1, 1.5, 1]|integer|as-sorted|integer|as-sorted",true,true
P18_31_1_0_10,Object[],bigint,[9223372036854775808],"c|[1, 1.0, 63]|integer|as-sorted",Object[][] of Object[],mixed_depth,"[1, [2, {'k': (3, None, 't')}], True]","c|[1, 1.0, 0],c|[1, 1.0, 1],c|c|[1, 1.5, 1],null,t|74|1|1|1|integer|reordered|text|not-applicable|integer|reordered,true|integer|as-sorted",true,true
P18_31_1_1_10,Object[],bigint,[9223372036854775808],"c|[1, 1.0, 63]|integer|as-sorted",Object[][] of Object[],seq_in_map,"{'outer': {'inner': [1, 2]}}","c|c|c|[1, 1.0, 0],[1, 1.0, 1]|integer|as-sorted|text|not-applicable|text|not-applicable",true,true
P18_31_1_2_10,Object[],bigint,[9223372036854775808],"c|[1, 1.0, 63]|integer|as-sorted",Object[][] of Object[],seq_in_seq,"[[1, 2], [3, 4]]","c|c|[1, 1.0, 0],[1, 1.0, 1]|integer|as-sorted,c|[1, 1.0, 2],[1, 1.5, 1]|integer|as-sorted|integer|as-sorted",true,true
P18_31_2_0_10,Object[],empty,[],c||empty|as-sorted,Object[][] of Object[],mixed_depth,"[1, [2, {'k': (3, None, 't')}], True]","c|[1, 1.0, 0],c|[1, 1.0, 1],c|c|[1, 1.5, 1],null,t|74|1|1|1|integer|reordered|text|not-applicable|integer|reordered,true|integer|as-sorted",true,true
P18_31_2_1_10,Object[],empty,[],c||empty|as-sorted,Object[][] of Object[],seq_in_map,"{'outer': {'inner': [1, 2]}}","c|c|c|[1, 1.0, 0],[1, 1.0, 1]|integer|as-sorted|text|not-applicable|text|not-applicable",true,true
P18_31_2_2_10,Object[],empty,[],c||empty|as-sorted,Object[][] of Object[],seq_in_seq,"[[1, 2], [3, 4]]","c|c|[1, 1.0, 0],[1, 1.0, 1]|integer|as-sorted,c|[1, 1.0, 2],[1, 1.5, 1]|integer|as-sorted|integer|as-sorted",true,true
P18_31_3_0_10,Object[],mixed,"[1, 'two', 3.0, True, None]","c|[1, 1.0, 0],[1, 1.5, 1],null,true,t|74776f|3|3|3|integer|reordered",Object[][] of Object[],mixed_depth,"[1, [2, {'k': (3, None, 't')}], True]","c|[1, 1.0, 0],c|[1, 1.0, 1],c|c|[1, 1.5, 1],null,t|74|1|1|1|integer|reordered|text|not-applicable|integer|reordered,true|integer|as-sorted",true,true
P18_31_3_1_10,Object[],mixed,"[1, 'two', 3.0, True, None]","c|[1, 1.0, 0],[1, 1.5, 1],null,true,t|74776f|3|3|3|integer|reordered",Object[][] of Object[],seq_in_map,"{'outer': {'inner': [1, 2]}}","c|c|c|[1, 1.0, 0],[1, 1.0, 1]|integer|as-sorted|text|not-applicable|text|not-applicable",true,true
P18_31_3_2_10,Object[],mixed,"[1, 'two', 3.0, True, None]","c|[1, 1.0, 0],[1, 1.5, 1],null,true,t|74776f|3|3|3|integer|reordered",Object[][] of Object[],seq_in_seq,"[[1, 2], [3, 4]]","c|c|[1, 1.0, 0],[1, 1.0, 1]|integer|as-sorted,c|[1, 1.0, 2],[1, 1.5, 1]|integer|as-sorted|integer|as-sorted",true,true
P18_31_4_0_10,Object[],strs,"['a', 'b']","c|t|61|1|1|1,t|62|1|1|1|integer|as-sorted",Object[][] of Object[],mixed_depth,"[1, [2, {'k': (3, None, 't')}], True]","c|[1, 1.0, 0],c|[1, 1.0, 1],c|c|[1, 1.5, 1],null,t|74|1|1|1|integer|reordered|text|not-applicable|integer|reordered,true|integer|as-sorted",true,true
P18_31_4_1_10,Object[],strs,"['a', 'b']","c|t|61|1|1|1,t|62|1|1|1|integer|as-sorted",Object[][] of Object[],seq_in_map,"{'outer': {'inner': [1, 2]}}","c|c|c|[1, 1.0, 0],[1, 1.0, 1]|integer|as-sorted|text|not-applicable|text|not-applicable",true,true
P18_31_4_2_10,Object[],strs,"['a', 'b']","c|t|61|1|1|1,t|62|1|1|1|integer|as-sorted",Object[][] of Object[],seq_in_seq,"[[1, 2], [3, 4]]","c|c|[1, 1.0, 0],[1, 1.0, 1]|integer|as-sorted,c|[1, 1.0, 2],[1, 1.5, 1]|integer|as-sorted|integer|as-sorted",true,true
P19_19_0_0_10,long[],base,"[1, 2, 3]","c|[1, 1.0, 0],[1, 1.0, 1],[1, 1.5, 1]|integer|as-sorted",long[],base,"[1, 2, 3]","c|[1, 1.0, 0],[1, 1.0, 1],[1, 1.5, 1]|integer|as-sorted",true,true
P19_19_0_2_10,long[],base,"[1, 2, 3]","c|[1, 1.0, 0],[1, 1.0, 1],[1, 1.5, 1]|integer|as-sorted",long[],empty,[],c||empty|as-sorted,true,true
P19_19_0_4_10,long[],base,"[1, 2, 3]","c|[1, 1.0, 0],[1, 1.0, 1],[1, 1.5, 1]|integer|as-sorted",long[],strs,"['a', 'b']","c|t|61|1|1|1,t|62|1|1|1|integer|as-sorted",true,true
P19_19_2_0_10,long[],empty,[],c||empty|as-sorted,long[],base,"[1, 2, 3]","c|[1, 1.0, 0],[1, 1.0, 1],[1, 1.5, 1]|integer|as-sorted",true,true
P19_19_2_2_10,long[],empty,[],c||empty|as-sorted,long[],empty,[],c||empty|as-sorted,true,true
P19_19_2_4_10,long[],empty,[],c||empty|as-sorted,long[],strs,"['a', 'b']","c|t|61|1|1|1,t|62|1|1|1|integer|as-sorted",true,true
P19_19_4_0_10,long[],strs,"['a', 'b']","c|t|61|1|1|1,t|62|1|1|1|integer|as-sorted",long[],base,"[1, 2, 3]","c|[1, 1.0, 0],[1, 1.0, 1],[1, 1.5, 1]|integer|as-sorted",true,true
P19_19_4_2_10,long[],strs,"['a', 'b']","c|t|61|1|1|1,t|62|1|1|1|integer|as-sorted",long[],empty,[],c||empty|as-sorted,true,true
P19_19_4_4_10,long[],strs,"['a', 'b']","c|t|61|1|1|1,t|62|1|1|1|integer|as-sorted",long[],strs,"['a', 'b']","c|t|61|1|1|1,t|62|1|1|1|integer|as-sorted",true,true
P20_20_0_0_10,ArrayList<T>,base,"[1, 2, 3]","c|[1, 1.0, 0],[1, 1.0, 1],[1, 1.5, 1]|integer|as-sorted",ArrayList<T>,base,"[1, 2, 3]","c|[1, 1.0, 0],[1, 1.0, 1],[1, 1.5, 1]|integer|as-sorted",true,true
P20_20_0_2_10,ArrayList<T>,base,"[1, 2, 3]","c|[1, 1.0, 0],[1, 1.0, 1],[1, 1.5, 1]|integer|as-sorted",ArrayList<T>,empty,[],c||empty|as-sorted,true,true
P20_20_1_1_10,ArrayList<T>,bigint,[9223372036854775808],"c|[1, 1.0, 63]|integer|as-sorted",ArrayList<T>,bigint,[9223372036854775808],"c|[1, 1.0, 63]|integer|as-sorted",true,true
P20_20_2_0_10,ArrayList<T>,empty,[],c||empty|as-sorted,ArrayList<T>,base,"[1, 2, 3]","c|[1, 1.0, 0],[1, 1.0, 1],[1, 1.5, 1]|integer|as-sorted",true,true
P20_20_2_2_10,ArrayList<T>,empty,[],c||empty|as-sorted,ArrayList<T>,empty,[],c||empty|as-sorted,true,true
P20_20_3_3_10,ArrayList<T>,mixed,"[1, 'two', 3.0, True, None]","c|[1, 1.0, 0],[1, 1.5, 1],null,true,t|74776f|3|3|3|integer|reordered",ArrayList<T>,mixed,"[1, 'two', 3.0, True, None]","c|[1, 1.0, 0],[1, 1.5, 1],null,true,t|74776f|3|3|3|integer|reordered",true,true
P20_20_4_4_10,ArrayList<T>,strs,"['a', 'b']","c|t|61|1|1|1,t|62|1|1|1|integer|as-sorted",ArrayList<T>,strs,"['a', 'b']","c|t|61|1|1|1,t|62|1|1|1|integer|as-sorted",true,true
P20_21_0_0_10,ArrayList<T>,base,"[1, 2, 3]","c|[1, 1.0, 0],[1, 1.0, 1],[1, 1.5, 1]|integer|as-sorted",List.of(...),base,"[1, 2, 3]","c|[1, 1.0, 0],[1, 1.0, 1],[1, 1.5, 1]|integer|as-sorted",true,true
P20_21_0_2_10,ArrayList<T>,base,"[1, 2, 3]","c|[1, 1.0, 0],[1, 1.0, 1],[1, 1.5, 1]|integer|as-sorted",List.of(...),empty,[],c||empty|as-sorted,true,true
P20_21_1_1_10,ArrayList<T>,bigint,[9223372036854775808],"c|[1, 1.0, 63]|integer|as-sorted",List.of(...),bigint,[9223372036854775808],"c|[1, 1.0, 63]|integer|as-sorted",true,true
P20_21_2_0_10,ArrayList<T>,empty,[],c||empty|as-sorted,List.of(...),base,"[1, 2, 3]","c|[1, 1.0, 0],[1, 1.0, 1],[1, 1.5, 1]|integer|as-sorted",true,true
P20_21_2_2_10,ArrayList<T>,empty,[],c||empty|as-sorted,List.of(...),empty,[],c||empty|as-sorted,true,true
P20_21_3_3_10,ArrayList<T>,mixed,"[1, 'two', 3.0, True, None]","c|[1, 1.0, 0],[1, 1.5, 1],null,true,t|74776f|3|3|3|integer|reordered",List.of(...),mixed,"[1, 'two', 3.0, True, None]","c|[1, 1.0, 0],[1, 1.5, 1],null,true,t|74776f|3|3|3|integer|reordered",,RAISE:NullPointerException
P20_21_4_4_10,ArrayList<T>,strs,"['a', 'b']","c|t|61|1|1|1,t|62|1|1|1|integer|as-sorted",List.of(...),strs,"['a', 'b']","c|t|61|1|1|1,t|62|1|1|1|integer|as-sorted",true,true
P20_29_0_1_10,ArrayList<T>,base,"[1, 2, 3]","c|[1, 1.0, 0],[1, 1.0, 1],[1, 1.5, 1]|integer|as-sorted",List<List<Object>>,seq_in_map,"{'outer': {'inner': [1, 2]}}","c|c|c|[1, 1.0, 0],[1, 1.0, 1]|integer|as-sorted|text|not-applicable|text|not-applicable",true,true
P20_29_1_1_10,ArrayList<T>,bigint,[9223372036854775808],"c|[1, 1.0, 63]|integer|as-sorted",List<List<Object>>,seq_in_map,"{'outer': {'inner': [1, 2]}}","c|c|c|[1, 1.0, 0],[1, 1.0, 1]|integer|as-sorted|text|not-applicable|text|not-applicable",true,true
P20_29_2_1_10,ArrayList<T>,empty,[],c||empty|as-sorted,List<List<Object>>,seq_in_map,"{'outer': {'inner': [1, 2]}}","c|c|c|[1, 1.0, 0],[1, 1.0, 1]|integer|as-sorted|text|not-applicable|text|not-applicable",true,true
P20_29_3_0_10,ArrayList<T>,mixed,"[1, 'two', 3.0, True, None]","c|[1, 1.0, 0],[1, 1.5, 1],null,true,t|74776f|3|3|3|integer|reordered",List<List<Object>>,mixed_depth,"[1, [2, {'k': (3, None, 't')}], True]","c|[1, 1.0, 0],c|[1, 1.0, 1],c|c|[1, 1.5, 1],null,t|74|1|1|1|integer|reordered|text|not-applicable|integer|reordered,true|integer|as-sorted",true,true
P20_29_3_1_10,ArrayList<T>,mixed,"[1, 'two', 3.0, True, None]","c|[1, 1.0, 0],[1, 1.5, 1],null,true,t|74776f|3|3|3|integer|reordered",List<List<Object>>,seq_in_map,"{'outer': {'inner': [1, 2]}}","c|c|c|[1, 1.0, 0],[1, 1.0, 1]|integer|as-sorted|text|not-applicable|text|not-applicable",true,true
P20_29_4_1_10,ArrayList<T>,strs,"['a', 'b']","c|t|61|1|1|1,t|62|1|1|1|integer|as-sorted",List<List<Object>>,seq_in_map,"{'outer': {'inner': [1, 2]}}","c|c|c|[1, 1.0, 0],[1, 1.0, 1]|integer|as-sorted|text|not-applicable|text|not-applicable",true,true
P20_30_0_0_10,ArrayList<T>,base,"[1, 2, 3]","c|[1, 1.0, 0],[1, 1.0, 1],[1, 1.5, 1]|integer|as-sorted","Map<String,Object> nesting",mixed_depth,"[1, [2, {'k': (3, None, 't')}], True]","c|[1, 1.0, 0],c|[1, 1.0, 1],c|c|[1, 1.5, 1],null,t|74|1|1|1|integer|reordered|text|not-applicable|integer|reordered,true|integer|as-sorted",true,true
P20_30_0_1_10,ArrayList<T>,base,"[1, 2, 3]","c|[1, 1.0, 0],[1, 1.0, 1],[1, 1.5, 1]|integer|as-sorted","Map<String,Object> nesting",seq_in_map,"{'outer': {'inner': [1, 2]}}","c|c|c|[1, 1.0, 0],[1, 1.0, 1]|integer|as-sorted|text|not-applicable|text|not-applicable",true,true
P20_30_0_2_10,ArrayList<T>,base,"[1, 2, 3]","c|[1, 1.0, 0],[1, 1.0, 1],[1, 1.5, 1]|integer|as-sorted","Map<String,Object> nesting",seq_in_seq,"[[1, 2], [3, 4]]","c|c|[1, 1.0, 0],[1, 1.0, 1]|integer|as-sorted,c|[1, 1.0, 2],[1, 1.5, 1]|integer|as-sorted|integer|as-sorted",true,true
P20_30_1_0_10,ArrayList<T>,bigint,[9223372036854775808],"c|[1, 1.0, 63]|integer|as-sorted","Map<String,Object> nesting",mixed_depth,"[1, [2, {'k': (3, None, 't')}], True]","c|[1, 1.0, 0],c|[1, 1.0, 1],c|c|[1, 1.5, 1],null,t|74|1|1|1|integer|reordered|text|not-applicable|integer|reordered,true|integer|as-sorted",true,true
P20_30_1_1_10,ArrayList<T>,bigint,[9223372036854775808],"c|[1, 1.0, 63]|integer|as-sorted","Map<String,Object> nesting",seq_in_map,"{'outer': {'inner': [1, 2]}}","c|c|c|[1, 1.0, 0],[1, 1.0, 1]|integer|as-sorted|text|not-applicable|text|not-applicable",true,true
P20_30_1_2_10,ArrayList<T>,bigint,[9223372036854775808],"c|[1, 1.0, 63]|integer|as-sorted","Map<String,Object> nesting",seq_in_seq,"[[1, 2], [3, 4]]","c|c|[1, 1.0, 0],[1, 1.0, 1]|integer|as-sorted,c|[1, 1.0, 2],[1, 1.5, 1]|integer|as-sorted|integer|as-sorted",true,true
P20_30_2_0_10,ArrayList<T>,empty,[],c||empty|as-sorted,"Map<String,Object> nesting",mixed_depth,"[1, [2, {'k': (3, None, 't')}], True]","c|[1, 1.0, 0],c|[1, 1.0, 1],c|c|[1, 1.5, 1],null,t|74|1|1|1|integer|reordered|text|not-applicable|integer|reordered,true|integer|as-sorted",true,true
P20_30_2_1_10,ArrayList<T>,empty,[],c||empty|as-sorted,"Map<String,Object> nesting",seq_in_map,"{'outer': {'inner': [1, 2]}}","c|c|c|[1, 1.0, 0],[1, 1.0, 1]|integer|as-sorted|text|not-applicable|text|not-applicable",true,true
P20_30_2_2_10,ArrayList<T>,empty,[],c||empty|as-sorted,"Map<String,Object> nesting",seq_in_seq,"[[1, 2], [3, 4]]","c|c|[1, 1.0, 0],[1, 1.0, 1]|integer|as-sorted,c|[1, 1.0, 2],[1, 1.5, 1]|integer|as-sorted|integer|as-sorted",true,true
P20_30_3_0_10,ArrayList<T>,mixed,"[1, 'two', 3.0, True, None]","c|[1, 1.0, 0],[1, 1.5, 1],null,true,t|74776f|3|3|3|integer|reordered","Map<String,Object> nesting",mixed_depth,"[1, [2, {'k': (3, None, 't')}], True]","c|[1, 1.0, 0],c|[1, 1.0, 1],c|c|[1, 1.5, 1],null,t|74|1|1|1|integer|reordered|text|not-applicable|integer|reordered,true|integer|as-sorted",true,true
P20_30_3_1_10,ArrayList<T>,mixed,"[1, 'two', 3.0, True, None]","c|[1, 1.0, 0],[1, 1.5, 1],null,true,t|74776f|3|3|3|integer|reordered","Map<String,Object> nesting",seq_in_map,"{'outer': {'inner': [1, 2]}}","c|c|c|[1, 1.0, 0],[1, 1.0, 1]|integer|as-sorted|text|not-applicable|text|not-applicable",true,true
P20_30_3_2_10,ArrayList<T>,mixed,"[1, 'two', 3.0, True, None]","c|[1, 1.0, 0],[1, 1.5, 1],null,true,t|74776f|3|3|3|integer|reordered","Map<String,Object> nesting",seq_in_seq,"[[1, 2], [3, 4]]","c|c|[1, 1.0, 0],[1, 1.0, 1]|integer|as-sorted,c|[1, 1.0, 2],[1, 1.5, 1]|integer|as-sorted|integer|as-sorted",true,true
P20_30_4_0_10,ArrayList<T>,strs,"['a', 'b']","c|t|61|1|1|1,t|62|1|1|1|integer|as-sorted","Map<String,Object> nesting",mixed_depth,"[1, [2, {'k': (3, None, 't')}], True]","c|[1, 1.0, 0],c|[1, 1.0, 1],c|c|[1, 1.5, 1],null,t|74|1|1|1|integer|reordered|text|not-applicable|integer|reordered,true|integer|as-sorted",true,true
P20_30_4_1_10,ArrayList<T>,strs,"['a', 'b']","c|t|61|1|1|1,t|62|1|1|1|integer|as-sorted","Map<String,Object> nesting",seq_in_map,"{'outer': {'inner': [1, 2]}}","c|c|c|[1, 1.0, 0],[1, 1.0, 1]|integer|as-sorted|text|not-applicable|text|not-applicable",true,true
P20_30_4_2_10,ArrayList<T>,strs,"['a', 'b']","c|t|61|1|1|1,t|62|1|1|1|integer|as-sorted","Map<String,Object> nesting",seq_in_seq,"[[1, 2], [3, 4]]","c|c|[1, 1.0, 0],[1, 1.0, 1]|integer|as-sorted,c|[1, 1.0, 2],[1, 1.5, 1]|integer|as-sorted|integer|as-sorted",true,true
P21_10_0_0_10,List.of(...),base,"[1, 2, 3]","c|[1, 1.0, 0],[1, 1.0, 1],[1, 1.5, 1]|integer|as-sorted",BigInteger,base_42,2a,"[1, 1.3125, 5]",true,true
P21_10_0_1_10,List.of(...),base,"[1, 2, 3]","c|[1, 1.0, 0],[1, 1.0, 1],[1, 1.5, 1]|integer|as-sorted",BigInteger,base_zero,0,"[1, 0.0, 0]",true,true
P21_10_0_2_10,List.of(...),base,"[1, 2, 3]","c|[1, 1.0, 0],[1, 1.0, 1],[1, 1.5, 1]|integer|as-sorted",BigInteger,i64max,7fffffffffffffff,"[1, 1.9999999999999999997831595655029, 62]",true,true
P21_10_0_3_10,List.of(...),base,"[1, 2, 3]","c|[1, 1.0, 0],[1, 1.0, 1],[1, 1.5, 1]|integer|as-sorted",BigInteger,i64max_plus1,8000000000000000,"[1, 1.0, 63]",true,true
P21_10_0_4_10,List.of(...),base,"[1, 2, 3]","c|[1, 1.0, 0],[1, 1.0, 1],[1, 1.5, 1]|integer|as-sorted",BigInteger,p53_plus1,20000000000001,"[1, 1.0000000000000001110223024625157, 53]",true,true
P21_10_0_5_10,List.of(...),base,"[1, 2, 3]","c|[1, 1.0, 0],[1, 1.0, 1],[1, 1.5, 1]|integer|as-sorted",BigInteger,u64max,ffffffffffffffff,"[1, 1.9999999999999999998915797827514, 63]",true,true
P21_10_1_0_10,List.of(...),bigint,[9223372036854775808],"c|[1, 1.0, 63]|integer|as-sorted",BigInteger,base_42,2a,"[1, 1.3125, 5]",true,true
P21_10_1_1_10,List.of(...),bigint,[9223372036854775808],"c|[1, 1.0, 63]|integer|as-sorted",BigInteger,base_zero,0,"[1, 0.0, 0]",true,true
P21_10_1_2_10,List.of(...),bigint,[9223372036854775808],"c|[1, 1.0, 63]|integer|as-sorted",BigInteger,i64max,7fffffffffffffff,"[1, 1.9999999999999999997831595655029, 62]",true,true
P21_10_1_3_10,List.of(...),bigint,[9223372036854775808],"c|[1, 1.0, 63]|integer|as-sorted",BigInteger,i64max_plus1,8000000000000000,"[1, 1.0, 63]",true,true
P21_10_1_4_10,List.of(...),bigint,[9223372036854775808],"c|[1, 1.0, 63]|integer|as-sorted",BigInteger,p53_plus1,20000000000001,"[1, 1.0000000000000001110223024625157, 53]",true,true
P21_10_1_5_10,List.of(...),bigint,[9223372036854775808],"c|[1, 1.0, 63]|integer|as-sorted",BigInteger,u64max,ffffffffffffffff,"[1, 1.9999999999999999998915797827514, 63]",true,true
P21_10_2_0_10,List.of(...),empty,[],c||empty|as-sorted,BigInteger,base_42,2a,"[1, 1.3125, 5]",true,true
P21_10_2_1_10,List.of(...),empty,[],c||empty|as-sorted,BigInteger,base_zero,0,"[1, 0.0, 0]",true,true
P21_10_2_2_10,List.of(...),empty,[],c||empty|as-sorted,BigInteger,i64max,7fffffffffffffff,"[1, 1.9999999999999999997831595655029, 62]",true,true
P21_10_2_3_10,List.of(...),empty,[],c||empty|as-sorted,BigInteger,i64max_plus1,8000000000000000,"[1, 1.0, 63]",true,true
P21_10_2_4_10,List.of(...),empty,[],c||empty|as-sorted,BigInteger,p53_plus1,20000000000001,"[1, 1.0000000000000001110223024625157, 53]",true,true
P21_10_2_5_10,List.of(...),empty,[],c||empty|as-sorted,BigInteger,u64max,ffffffffffffffff,"[1, 1.9999999999999999998915797827514, 63]",true,true
P21_10_3_0_10,List.of(...),mixed,"[1, 'two', 3.0, True, None]","c|[1, 1.0, 0],[1, 1.5, 1],null,true,t|74776f|3|3|3|integer|reordered",BigInteger,base_42,2a,"[1, 1.3125, 5]",,RAISE:NullPointerException
P21_10_3_1_10,List.of(...),mixed,"[1, 'two', 3.0, True, None]","c|[1, 1.0, 0],[1, 1.5, 1],null,true,t|74776f|3|3|3|integer|reordered",BigInteger,base_zero,0,"[1, 0.0, 0]",,RAISE:NullPointerException
P21_10_3_2_10,List.of(...),mixed,"[1, 'two', 3.0, True, None]","c|[1, 1.0, 0],[1, 1.5, 1],null,true,t|74776f|3|3|3|integer|reordered",BigInteger,i64max,7fffffffffffffff,"[1, 1.9999999999999999997831595655029, 62]",,RAISE:NullPointerException
P21_10_3_3_10,List.of(...),mixed,"[1, 'two', 3.0, True, None]","c|[1, 1.0, 0],[1, 1.5, 1],null,true,t|74776f|3|3|3|integer|reordered",BigInteger,i64max_plus1,8000000000000000,"[1, 1.0, 63]",,RAISE:NullPointerException
P21_10_3_4_10,List.of(...),mixed,"[1, 'two', 3.0, True, None]","c|[1, 1.0, 0],[1, 1.5, 1],null,true,t|74776f|3|3|3|integer|reordered",BigInteger,p53_plus1,20000000000001,"[1, 1.0000000000000001110223024625157, 53]",,RAISE:NullPointerException
P21_10_3_5_10,List.of(...),mixed,"[1, 'two', 3.0, True, None]","c|[1, 1.0, 0],[1, 1.5, 1],null,true,t|74776f|3|3|3|integer|reordered",BigInteger,u64max,ffffffffffffffff,"[1, 1.9999999999999999998915797827514, 63]",,RAISE:NullPointerException
P21_10_4_0_10,List.of(...),strs,"['a', 'b']","c|t|61|1|1|1,t|62|1|1|1|integer|as-sorted",BigInteger,base_42,2a,"[1, 1.3125, 5]",true,true
P21_10_4_1_10,List.of(...),strs,"['a', 'b']","c|t|61|1|1|1,t|62|1|1|1|integer|as-sorted",BigInteger,base_zero,0,"[1, 0.0, 0]",true,true
P21_10_4_2_10,List.of(...),strs,"['a', 'b']","c|t|61|1|1|1,t|62|1|1|1|integer|as-sorted",BigInteger,i64max,7fffffffffffffff,"[1, 1.9999999999999999997831595655029, 62]",true,true
P21_10_4_3_10,List.of(...),strs,"['a', 'b']","c|t|61|1|1|1,t|62|1|1|1|integer|as-sorted",BigInteger,i64max_plus1,8000000000000000,"[1, 1.0, 63]",true,true
P21_10_4_4_10,List.of(...),strs,"['a', 'b']","c|t|61|1|1|1,t|62|1|1|1|integer|as-sorted",BigInteger,p53_plus1,20000000000001,"[1, 1.0000000000000001110223024625157, 53]",true,true
P21_10_4_5_10,List.of(...),strs,"['a', 'b']","c|t|61|1|1|1,t|62|1|1|1|integer|as-sorted",BigInteger,u64max,ffffffffffffffff,"[1, 1.9999999999999999998915797827514, 63]",true,true
P21_13_0_0_10,List.of(...),base,"[1, 2, 3]","c|[1, 1.0, 0],[1, 1.0, 1],[1, 1.5, 1]|integer|as-sorted",BigDecimal,base_1_5,1.5,"[1, 1.5, 0]",true,true
P21_13_0_1_10,List.of(...),base,"[1, 2, 3]","c|[1, 1.0, 0],[1, 1.0, 1],[1, 1.5, 1]|integer|as-sorted",BigDecimal,base_pi,3.141592653589793,"[1, 1.5707963267948965, 1]",true,true
P21_13_0_2_10,List.of(...),base,"[1, 2, 3]","c|[1, 1.0, 0],[1, 1.0, 1],[1, 1.5, 1]|integer|as-sorted",BigDecimal,inf,inf,"[1, inf]",,RAISE:NumberFormatException
P21_13_0_3_10,List.of(...),base,"[1, 2, 3]","c|[1, 1.0, 0],[1, 1.0, 1],[1, 1.5, 1]|integer|as-sorted",BigDecimal,nan,nan,nan,,RAISE:NumberFormatException
P21_13_0_4_10,List.of(...),base,"[1, 2, 3]","c|[1, 1.0, 0],[1, 1.0, 1],[1, 1.5, 1]|integer|as-sorted",BigDecimal,negzero,negzero,"[-1, 0.0, 0]",true,true
P21_13_0_5_10,List.of(...),base,"[1, 2, 3]","c|[1, 1.0, 0],[1, 1.0, 1],[1, 1.5, 1]|integer|as-sorted",BigDecimal,point1,0.1,"[1, 1.6, -4]",true,true
P21_13_1_0_10,List.of(...),bigint,[9223372036854775808],"c|[1, 1.0, 63]|integer|as-sorted",BigDecimal,base_1_5,1.5,"[1, 1.5, 0]",true,true
P21_13_1_1_10,List.of(...),bigint,[9223372036854775808],"c|[1, 1.0, 63]|integer|as-sorted",BigDecimal,base_pi,3.141592653589793,"[1, 1.5707963267948965, 1]",true,true
P21_13_1_2_10,List.of(...),bigint,[9223372036854775808],"c|[1, 1.0, 63]|integer|as-sorted",BigDecimal,inf,inf,"[1, inf]",,RAISE:NumberFormatException
P21_13_1_3_10,List.of(...),bigint,[9223372036854775808],"c|[1, 1.0, 63]|integer|as-sorted",BigDecimal,nan,nan,nan,,RAISE:NumberFormatException
P21_13_1_4_10,List.of(...),bigint,[9223372036854775808],"c|[1, 1.0, 63]|integer|as-sorted",BigDecimal,negzero,negzero,"[-1, 0.0, 0]",true,true
P21_13_1_5_10,List.of(...),bigint,[9223372036854775808],"c|[1, 1.0, 63]|integer|as-sorted",BigDecimal,point1,0.1,"[1, 1.6, -4]",true,true
P21_13_2_0_10,List.of(...),empty,[],c||empty|as-sorted,BigDecimal,base_1_5,1.5,"[1, 1.5, 0]",true,true
P21_13_2_1_10,List.of(...),empty,[],c||empty|as-sorted,BigDecimal,base_pi,3.141592653589793,"[1, 1.5707963267948965, 1]",true,true
P21_13_2_2_10,List.of(...),empty,[],c||empty|as-sorted,BigDecimal,inf,inf,"[1, inf]",,RAISE:NumberFormatException
P21_13_2_3_10,List.of(...),empty,[],c||empty|as-sorted,BigDecimal,nan,nan,nan,,RAISE:NumberFormatException
P21_13_2_4_10,List.of(...),empty,[],c||empty|as-sorted,BigDecimal,negzero,negzero,"[-1, 0.0, 0]",true,true
P21_13_2_5_10,List.of(...),empty,[],c||empty|as-sorted,BigDecimal,point1,0.1,"[1, 1.6, -4]",true,true
P21_13_3_0_10,List.of(...),mixed,"[1, 'two', 3.0, True, None]","c|[1, 1.0, 0],[1, 1.5, 1],null,true,t|74776f|3|3|3|integer|reordered",BigDecimal,base_1_5,1.5,"[1, 1.5, 0]",,RAISE:NullPointerException
P21_13_3_1_10,List.of(...),mixed,"[1, 'two', 3.0, True, None]","c|[1, 1.0, 0],[1, 1.5, 1],null,true,t|74776f|3|3|3|integer|reordered",BigDecimal,base_pi,3.141592653589793,"[1, 1.5707963267948965, 1]",,RAISE:NullPointerException
P21_13_3_2_10,List.of(...),mixed,"[1, 'two', 3.0, True, None]","c|[1, 1.0, 0],[1, 1.5, 1],null,true,t|74776f|3|3|3|integer|reordered",BigDecimal,inf,inf,"[1, inf]",,RAISE:NullPointerException
P21_13_3_3_10,List.of(...),mixed,"[1, 'two', 3.0, True, None]","c|[1, 1.0, 0],[1, 1.5, 1],null,true,t|74776f|3|3|3|integer|reordered",BigDecimal,nan,nan,nan,,RAISE:NullPointerException
P21_13_3_4_10,List.of(...),mixed,"[1, 'two', 3.0, True, None]","c|[1, 1.0, 0],[1, 1.5, 1],null,true,t|74776f|3|3|3|integer|reordered",BigDecimal,negzero,negzero,"[-1, 0.0, 0]",,RAISE:NullPointerException
P21_13_3_5_10,List.of(...),mixed,"[1, 'two', 3.0, True, None]","c|[1, 1.0, 0],[1, 1.5, 1],null,true,t|74776f|3|3|3|integer|reordered",BigDecimal,point1,0.1,"[1, 1.6, -4]",,RAISE:NullPointerException
P21_13_4_0_10,List.of(...),strs,"['a', 'b']","c|t|61|1|1|1,t|62|1|1|1|integer|as-sorted",BigDecimal,base_1_5,1.5,"[1, 1.5, 0]",true,true
P21_13_4_1_10,List.of(...),strs,"['a', 'b']","c|t|61|1|1|1,t|62|1|1|1|integer|as-sorted",BigDecimal,base_pi,3.141592653589793,"[1, 1.5707963267948965, 1]",true,true
P21_13_4_2_10,List.of(...),strs,"['a', 'b']","c|t|61|1|1|1,t|62|1|1|1|integer|as-sorted",BigDecimal,inf,inf,"[1, inf]",,RAISE:NumberFormatException
P21_13_4_3_10,List.of(...),strs,"['a', 'b']","c|t|61|1|1|1,t|62|1|1|1|integer|as-sorted",BigDecimal,nan,nan,nan,,RAISE:NumberFormatException
P21_13_4_4_10,List.of(...),strs,"['a', 'b']","c|t|61|1|1|1,t|62|1|1|1|integer|as-sorted",BigDecimal,negzero,negzero,"[-1, 0.0, 0]",true,true
P21_13_4_5_10,List.of(...),strs,"['a', 'b']","c|t|61|1|1|1,t|62|1|1|1|integer|as-sorted",BigDecimal,point1,0.1,"[1, 1.6, -4]",true,true
P21_20_0_0_10,List.of(...),base,"[1, 2, 3]","c|[1, 1.0, 0],[1, 1.0, 1],[1, 1.5, 1]|integer|as-sorted",ArrayList<T>,base,"[1, 2, 3]","c|[1, 1.0, 0],[1, 1.0, 1],[1, 1.5, 1]|integer|as-sorted",true,true
P21_20_0_2_10,List.of(...),base,"[1, 2, 3]","c|[1, 1.0, 0],[1, 1.0, 1],[1, 1.5, 1]|integer|as-sorted",ArrayList<T>,empty,[],c||empty|as-sorted,true,true
P21_20_1_1_10,List.of(...),bigint,[9223372036854775808],"c|[1, 1.0, 63]|integer|as-sorted",ArrayList<T>,bigint,[9223372036854775808],"c|[1, 1.0, 63]|integer|as-sorted",true,true
P21_20_2_0_10,List.of(...),empty,[],c||empty|as-sorted,ArrayList<T>,base,"[1, 2, 3]","c|[1, 1.0, 0],[1, 1.0, 1],[1, 1.5, 1]|integer|as-sorted",true,true
P21_20_2_2_10,List.of(...),empty,[],c||empty|as-sorted,ArrayList<T>,empty,[],c||empty|as-sorted,true,true
P21_20_3_3_10,List.of(...),mixed,"[1, 'two', 3.0, True, None]","c|[1, 1.0, 0],[1, 1.5, 1],null,true,t|74776f|3|3|3|integer|reordered",ArrayList<T>,mixed,"[1, 'two', 3.0, True, None]","c|[1, 1.0, 0],[1, 1.5, 1],null,true,t|74776f|3|3|3|integer|reordered",,RAISE:NullPointerException
P21_20_4_4_10,List.of(...),strs,"['a', 'b']","c|t|61|1|1|1,t|62|1|1|1|integer|as-sorted",ArrayList<T>,strs,"['a', 'b']","c|t|61|1|1|1,t|62|1|1|1|integer|as-sorted",true,true
P21_21_0_0_10,List.of(...),base,"[1, 2, 3]","c|[1, 1.0, 0],[1, 1.0, 1],[1, 1.5, 1]|integer|as-sorted",List.of(...),base,"[1, 2, 3]","c|[1, 1.0, 0],[1, 1.0, 1],[1, 1.5, 1]|integer|as-sorted",true,true
P21_21_0_2_10,List.of(...),base,"[1, 2, 3]","c|[1, 1.0, 0],[1, 1.0, 1],[1, 1.5, 1]|integer|as-sorted",List.of(...),empty,[],c||empty|as-sorted,true,true
P21_21_1_1_10,List.of(...),bigint,[9223372036854775808],"c|[1, 1.0, 63]|integer|as-sorted",List.of(...),bigint,[9223372036854775808],"c|[1, 1.0, 63]|integer|as-sorted",true,true
P21_21_2_0_10,List.of(...),empty,[],c||empty|as-sorted,List.of(...),base,"[1, 2, 3]","c|[1, 1.0, 0],[1, 1.0, 1],[1, 1.5, 1]|integer|as-sorted",true,true
P21_21_2_2_10,List.of(...),empty,[],c||empty|as-sorted,List.of(...),empty,[],c||empty|as-sorted,false,false
P21_21_3_3_10,List.of(...),mixed,"[1, 'two', 3.0, True, None]","c|[1, 1.0, 0],[1, 1.5, 1],null,true,t|74776f|3|3|3|integer|reordered",List.of(...),mixed,"[1, 'two', 3.0, True, None]","c|[1, 1.0, 0],[1, 1.5, 1],null,true,t|74776f|3|3|3|integer|reordered",,RAISE:NullPointerException
P21_21_4_4_10,List.of(...),strs,"['a', 'b']","c|t|61|1|1|1,t|62|1|1|1|integer|as-sorted",List.of(...),strs,"['a', 'b']","c|t|61|1|1|1,t|62|1|1|1|integer|as-sorted",true,true
P21_22_0_0_10,List.of(...),base,"[1, 2, 3]","c|[1, 1.0, 0],[1, 1.0, 1],[1, 1.5, 1]|integer|as-sorted",LinkedList<T>,base,"[1, 2, 3]","c|[1, 1.0, 0],[1, 1.0, 1],[1, 1.5, 1]|integer|as-sorted",true,true
P21_22_0_2_10,List.of(...),base,"[1, 2, 3]","c|[1, 1.0, 0],[1, 1.0, 1],[1, 1.5, 1]|integer|as-sorted",LinkedList<T>,empty,[],c||empty|as-sorted,true,true
P21_22_1_1_10,List.of(...),bigint,[9223372036854775808],"c|[1, 1.0, 63]|integer|as-sorted",LinkedList<T>,bigint,[9223372036854775808],"c|[1, 1.0, 63]|integer|as-sorted",true,true
P21_22_2_0_10,List.of(...),empty,[],c||empty|as-sorted,LinkedList<T>,base,"[1, 2, 3]","c|[1, 1.0, 0],[1, 1.0, 1],[1, 1.5, 1]|integer|as-sorted",true,true
P21_22_2_2_10,List.of(...),empty,[],c||empty|as-sorted,LinkedList<T>,empty,[],c||empty|as-sorted,true,true
P21_22_3_3_10,List.of(...),mixed,"[1, 'two', 3.0, True, None]","c|[1, 1.0, 0],[1, 1.5, 1],null,true,t|74776f|3|3|3|integer|reordered",LinkedList<T>,mixed,"[1, 'two', 3.0, True, None]","c|[1, 1.0, 0],[1, 1.5, 1],null,true,t|74776f|3|3|3|integer|reordered",,RAISE:NullPointerException
P21_22_4_4_10,List.of(...),strs,"['a', 'b']","c|t|61|1|1|1,t|62|1|1|1|integer|as-sorted",LinkedList<T>,strs,"['a', 'b']","c|t|61|1|1|1,t|62|1|1|1|integer|as-sorted",true,true
P21_23_0_0_10,List.of(...),base,"[1, 2, 3]","c|[1, 1.0, 0],[1, 1.0, 1],[1, 1.5, 1]|integer|as-sorted",ArrayDeque<T>,base,"[1, 2, 3]","c|[1, 1.0, 0],[1, 1.0, 1],[1, 1.5, 1]|integer|as-sorted",true,true
P21_23_0_2_10,List.of(...),base,"[1, 2, 3]","c|[1, 1.0, 0],[1, 1.0, 1],[1, 1.5, 1]|integer|as-sorted",ArrayDeque<T>,empty,[],c||empty|as-sorted,true,true
P21_23_1_1_10,List.of(...),bigint,[9223372036854775808],"c|[1, 1.0, 63]|integer|as-sorted",ArrayDeque<T>,bigint,[9223372036854775808],"c|[1, 1.0, 63]|integer|as-sorted",true,true
P21_23_2_0_10,List.of(...),empty,[],c||empty|as-sorted,ArrayDeque<T>,base,"[1, 2, 3]","c|[1, 1.0, 0],[1, 1.0, 1],[1, 1.5, 1]|integer|as-sorted",true,true
P21_23_2_2_10,List.of(...),empty,[],c||empty|as-sorted,ArrayDeque<T>,empty,[],c||empty|as-sorted,true,true
P21_23_3_3_10,List.of(...),mixed,"[1, 'two', 3.0, True, None]","c|[1, 1.0, 0],[1, 1.5, 1],null,true,t|74776f|3|3|3|integer|reordered",ArrayDeque<T>,mixed,"[1, 'two', 3.0, True, None]","c|[1, 1.0, 0],[1, 1.5, 1],null,true,t|74776f|3|3|3|integer|reordered",,RAISE:NullPointerException
P21_23_4_4_10,List.of(...),strs,"['a', 'b']","c|t|61|1|1|1,t|62|1|1|1|integer|as-sorted",ArrayDeque<T>,strs,"['a', 'b']","c|t|61|1|1|1,t|62|1|1|1|integer|as-sorted",true,true
P21_24_0_0_10,List.of(...),base,"[1, 2, 3]","c|[1, 1.0, 0],[1, 1.0, 1],[1, 1.5, 1]|integer|as-sorted","HashMap<String,V>",empty,{},c||empty|not-applicable,true,true
P21_24_0_1_10,List.of(...),base,"[1, 2, 3]","c|[1, 1.0, 0],[1, 1.0, 1],[1, 1.5, 1]|integer|as-sorted","HashMap<String,V>",emptykey,{'': 'empty-string key'},c|t|656d7074792d737472696e67206b6579|16|16|16|text|not-applicable,true,true
P21_24_0_2_10,List.of(...),base,"[1, 2, 3]","c|[1, 1.0, 0],[1, 1.0, 1],[1, 1.5, 1]|integer|as-sorted","HashMap<String,V>",flat,"{'a': 1, 'b': 2, 'c': 3}","c|[1, 1.0, 0],[1, 1.0, 1],[1, 1.5, 1]|text|not-applicable",true,true
P21_24_0_3_10,List.of(...),base,"[1, 2, 3]","c|[1, 1.0, 0],[1, 1.0, 1],[1, 1.5, 1]|integer|as-sorted","HashMap<String,V>",intlike,"{'1': 'string-one-key', 'b': 2}","c|[1, 1.0, 1],t|737472696e672d6f6e652d6b6579|14|14|14|text|not-applicable",true,true
P21_24_0_4_10,List.of(...),base,"[1, 2, 3]","c|[1, 1.0, 0],[1, 1.0, 1],[1, 1.5, 1]|integer|as-sorted","HashMap<String,V>",nested,"{'outer': {'inner': [1, 2]}}","c|c|c|[1, 1.0, 0],[1, 1.0, 1]|integer|as-sorted|text|not-applicable|text|not-applicable",true,true
P21_24_1_0_10,List.of(...),bigint,[9223372036854775808],"c|[1, 1.0, 63]|integer|as-sorted","HashMap<String,V>",empty,{},c||empty|not-applicable,true,true
P21_24_1_1_10,List.of(...),bigint,[9223372036854775808],"c|[1, 1.0, 63]|integer|as-sorted","HashMap<String,V>",emptykey,{'': 'empty-string key'},c|t|656d7074792d737472696e67206b6579|16|16|16|text|not-applicable,true,true
P21_24_1_2_10,List.of(...),bigint,[9223372036854775808],"c|[1, 1.0, 63]|integer|as-sorted","HashMap<String,V>",flat,"{'a': 1, 'b': 2, 'c': 3}","c|[1, 1.0, 0],[1, 1.0, 1],[1, 1.5, 1]|text|not-applicable",true,true
P21_24_1_3_10,List.of(...),bigint,[9223372036854775808],"c|[1, 1.0, 63]|integer|as-sorted","HashMap<String,V>",intlike,"{'1': 'string-one-key', 'b': 2}","c|[1, 1.0, 1],t|737472696e672d6f6e652d6b6579|14|14|14|text|not-applicable",true,true
P21_24_1_4_10,List.of(...),bigint,[9223372036854775808],"c|[1, 1.0, 63]|integer|as-sorted","HashMap<String,V>",nested,"{'outer': {'inner': [1, 2]}}","c|c|c|[1, 1.0, 0],[1, 1.0, 1]|integer|as-sorted|text|not-applicable|text|not-applicable",true,true
P21_24_2_0_10,List.of(...),empty,[],c||empty|as-sorted,"HashMap<String,V>",empty,{},c||empty|not-applicable,true,true
P21_24_2_1_10,List.of(...),empty,[],c||empty|as-sorted,"HashMap<String,V>",emptykey,{'': 'empty-string key'},c|t|656d7074792d737472696e67206b6579|16|16|16|text|not-applicable,true,true
P21_24_2_2_10,List.of(...),empty,[],c||empty|as-sorted,"HashMap<String,V>",flat,"{'a': 1, 'b': 2, 'c': 3}","c|[1, 1.0, 0],[1, 1.0, 1],[1, 1.5, 1]|text|not-applicable",true,true
P21_24_2_3_10,List.of(...),empty,[],c||empty|as-sorted,"HashMap<String,V>",intlike,"{'1': 'string-one-key', 'b': 2}","c|[1, 1.0, 1],t|737472696e672d6f6e652d6b6579|14|14|14|text|not-applicable",true,true
P21_24_2_4_10,List.of(...),empty,[],c||empty|as-sorted,"HashMap<String,V>",nested,"{'outer': {'inner': [1, 2]}}","c|c|c|[1, 1.0, 0],[1, 1.0, 1]|integer|as-sorted|text|not-applicable|text|not-applicable",true,true
P21_24_3_0_10,List.of(...),mixed,"[1, 'two', 3.0, True, None]","c|[1, 1.0, 0],[1, 1.5, 1],null,true,t|74776f|3|3|3|integer|reordered","HashMap<String,V>",empty,{},c||empty|not-applicable,,RAISE:NullPointerException
P21_24_3_1_10,List.of(...),mixed,"[1, 'two', 3.0, True, None]","c|[1, 1.0, 0],[1, 1.5, 1],null,true,t|74776f|3|3|3|integer|reordered","HashMap<String,V>",emptykey,{'': 'empty-string key'},c|t|656d7074792d737472696e67206b6579|16|16|16|text|not-applicable,,RAISE:NullPointerException
P21_24_3_2_10,List.of(...),mixed,"[1, 'two', 3.0, True, None]","c|[1, 1.0, 0],[1, 1.5, 1],null,true,t|74776f|3|3|3|integer|reordered","HashMap<String,V>",flat,"{'a': 1, 'b': 2, 'c': 3}","c|[1, 1.0, 0],[1, 1.0, 1],[1, 1.5, 1]|text|not-applicable",,RAISE:NullPointerException
P21_24_3_3_10,List.of(...),mixed,"[1, 'two', 3.0, True, None]","c|[1, 1.0, 0],[1, 1.5, 1],null,true,t|74776f|3|3|3|integer|reordered","HashMap<String,V>",intlike,"{'1': 'string-one-key', 'b': 2}","c|[1, 1.0, 1],t|737472696e672d6f6e652d6b6579|14|14|14|text|not-applicable",,RAISE:NullPointerException
P21_24_3_4_10,List.of(...),mixed,"[1, 'two', 3.0, True, None]","c|[1, 1.0, 0],[1, 1.5, 1],null,true,t|74776f|3|3|3|integer|reordered","HashMap<String,V>",nested,"{'outer': {'inner': [1, 2]}}","c|c|c|[1, 1.0, 0],[1, 1.0, 1]|integer|as-sorted|text|not-applicable|text|not-applicable",,RAISE:NullPointerException
P21_24_4_0_10,List.of(...),strs,"['a', 'b']","c|t|61|1|1|1,t|62|1|1|1|integer|as-sorted","HashMap<String,V>",empty,{},c||empty|not-applicable,true,true
P21_24_4_1_10,List.of(...),strs,"['a', 'b']","c|t|61|1|1|1,t|62|1|1|1|integer|as-sorted","HashMap<String,V>",emptykey,{'': 'empty-string key'},c|t|656d7074792d737472696e67206b6579|16|16|16|text|not-applicable,true,true
P21_24_4_2_10,List.of(...),strs,"['a', 'b']","c|t|61|1|1|1,t|62|1|1|1|integer|as-sorted","HashMap<String,V>",flat,"{'a': 1, 'b': 2, 'c': 3}","c|[1, 1.0, 0],[1, 1.0, 1],[1, 1.5, 1]|text|not-applicable",true,true
P21_24_4_3_10,List.of(...),strs,"['a', 'b']","c|t|61|1|1|1,t|62|1|1|1|integer|as-sorted","HashMap<String,V>",intlike,"{'1': 'string-one-key', 'b': 2}","c|[1, 1.0, 1],t|737472696e672d6f6e652d6b6579|14|14|14|text|not-applicable",true,true
P21_24_4_4_10,List.of(...),strs,"['a', 'b']","c|t|61|1|1|1,t|62|1|1|1|integer|as-sorted","HashMap<String,V>",nested,"{'outer': {'inner': [1, 2]}}","c|c|c|[1, 1.0, 0],[1, 1.0, 1]|integer|as-sorted|text|not-applicable|text|not-applicable",true,true
P21_25_0_0_10,List.of(...),base,"[1, 2, 3]","c|[1, 1.0, 0],[1, 1.0, 1],[1, 1.5, 1]|integer|as-sorted","LinkedHashMap<String,V>",empty,{},c||empty|not-applicable,true,true
P21_25_0_1_10,List.of(...),base,"[1, 2, 3]","c|[1, 1.0, 0],[1, 1.0, 1],[1, 1.5, 1]|integer|as-sorted","LinkedHashMap<String,V>",emptykey,{'': 'empty-string key'},c|t|656d7074792d737472696e67206b6579|16|16|16|text|not-applicable,true,true
P21_25_0_2_10,List.of(...),base,"[1, 2, 3]","c|[1, 1.0, 0],[1, 1.0, 1],[1, 1.5, 1]|integer|as-sorted","LinkedHashMap<String,V>",flat,"{'a': 1, 'b': 2, 'c': 3}","c|[1, 1.0, 0],[1, 1.0, 1],[1, 1.5, 1]|text|not-applicable",true,true
P21_25_0_3_10,List.of(...),base,"[1, 2, 3]","c|[1, 1.0, 0],[1, 1.0, 1],[1, 1.5, 1]|integer|as-sorted","LinkedHashMap<String,V>",intlike,"{'1': 'string-one-key', 'b': 2}","c|[1, 1.0, 1],t|737472696e672d6f6e652d6b6579|14|14|14|text|not-applicable",true,true
P21_25_0_4_10,List.of(...),base,"[1, 2, 3]","c|[1, 1.0, 0],[1, 1.0, 1],[1, 1.5, 1]|integer|as-sorted","LinkedHashMap<String,V>",nested,"{'outer': {'inner': [1, 2]}}","c|c|c|[1, 1.0, 0],[1, 1.0, 1]|integer|as-sorted|text|not-applicable|text|not-applicable",true,true
P21_25_1_0_10,List.of(...),bigint,[9223372036854775808],"c|[1, 1.0, 63]|integer|as-sorted","LinkedHashMap<String,V>",empty,{},c||empty|not-applicable,true,true
P21_25_1_1_10,List.of(...),bigint,[9223372036854775808],"c|[1, 1.0, 63]|integer|as-sorted","LinkedHashMap<String,V>",emptykey,{'': 'empty-string key'},c|t|656d7074792d737472696e67206b6579|16|16|16|text|not-applicable,true,true
P21_25_1_2_10,List.of(...),bigint,[9223372036854775808],"c|[1, 1.0, 63]|integer|as-sorted","LinkedHashMap<String,V>",flat,"{'a': 1, 'b': 2, 'c': 3}","c|[1, 1.0, 0],[1, 1.0, 1],[1, 1.5, 1]|text|not-applicable",true,true
P21_25_1_3_10,List.of(...),bigint,[9223372036854775808],"c|[1, 1.0, 63]|integer|as-sorted","LinkedHashMap<String,V>",intlike,"{'1': 'string-one-key', 'b': 2}","c|[1, 1.0, 1],t|737472696e672d6f6e652d6b6579|14|14|14|text|not-applicable",true,true
P21_25_1_4_10,List.of(...),bigint,[9223372036854775808],"c|[1, 1.0, 63]|integer|as-sorted","LinkedHashMap<String,V>",nested,"{'outer': {'inner': [1, 2]}}","c|c|c|[1, 1.0, 0],[1, 1.0, 1]|integer|as-sorted|text|not-applicable|text|not-applicable",true,true
P21_25_2_0_10,List.of(...),empty,[],c||empty|as-sorted,"LinkedHashMap<String,V>",empty,{},c||empty|not-applicable,true,true
P21_25_2_1_10,List.of(...),empty,[],c||empty|as-sorted,"LinkedHashMap<String,V>",emptykey,{'': 'empty-string key'},c|t|656d7074792d737472696e67206b6579|16|16|16|text|not-applicable,true,true
P21_25_2_2_10,List.of(...),empty,[],c||empty|as-sorted,"LinkedHashMap<String,V>",flat,"{'a': 1, 'b': 2, 'c': 3}","c|[1, 1.0, 0],[1, 1.0, 1],[1, 1.5, 1]|text|not-applicable",true,true
P21_25_2_3_10,List.of(...),empty,[],c||empty|as-sorted,"LinkedHashMap<String,V>",intlike,"{'1': 'string-one-key', 'b': 2}","c|[1, 1.0, 1],t|737472696e672d6f6e652d6b6579|14|14|14|text|not-applicable",true,true
P21_25_2_4_10,List.of(...),empty,[],c||empty|as-sorted,"LinkedHashMap<String,V>",nested,"{'outer': {'inner': [1, 2]}}","c|c|c|[1, 1.0, 0],[1, 1.0, 1]|integer|as-sorted|text|not-applicable|text|not-applicable",true,true
P21_25_3_0_10,List.of(...),mixed,"[1, 'two', 3.0, True, None]","c|[1, 1.0, 0],[1, 1.5, 1],null,true,t|74776f|3|3|3|integer|reordered","LinkedHashMap<String,V>",empty,{},c||empty|not-applicable,,RAISE:NullPointerException
P21_25_3_1_10,List.of(...),mixed,"[1, 'two', 3.0, True, None]","c|[1, 1.0, 0],[1, 1.5, 1],null,true,t|74776f|3|3|3|integer|reordered","LinkedHashMap<String,V>",emptykey,{'': 'empty-string key'},c|t|656d7074792d737472696e67206b6579|16|16|16|text|not-applicable,,RAISE:NullPointerException
P21_25_3_2_10,List.of(...),mixed,"[1, 'two', 3.0, True, None]","c|[1, 1.0, 0],[1, 1.5, 1],null,true,t|74776f|3|3|3|integer|reordered","LinkedHashMap<String,V>",flat,"{'a': 1, 'b': 2, 'c': 3}","c|[1, 1.0, 0],[1, 1.0, 1],[1, 1.5, 1]|text|not-applicable",,RAISE:NullPointerException
P21_25_3_3_10,List.of(...),mixed,"[1, 'two', 3.0, True, None]","c|[1, 1.0, 0],[1, 1.5, 1],null,true,t|74776f|3|3|3|integer|reordered","LinkedHashMap<String,V>",intlike,"{'1': 'string-one-key', 'b': 2}","c|[1, 1.0, 1],t|737472696e672d6f6e652d6b6579|14|14|14|text|not-applicable",,RAISE:NullPointerException
P21_25_3_4_10,List.of(...),mixed,"[1, 'two', 3.0, True, None]","c|[1, 1.0, 0],[1, 1.5, 1],null,true,t|74776f|3|3|3|integer|reordered","LinkedHashMap<String,V>",nested,"{'outer': {'inner': [1, 2]}}","c|c|c|[1, 1.0, 0],[1, 1.0, 1]|integer|as-sorted|text|not-applicable|text|not-applicable",,RAISE:NullPointerException
P21_25_4_0_10,List.of(...),strs,"['a', 'b']","c|t|61|1|1|1,t|62|1|1|1|integer|as-sorted","LinkedHashMap<String,V>",empty,{},c||empty|not-applicable,true,true
P21_25_4_1_10,List.of(...),strs,"['a', 'b']","c|t|61|1|1|1,t|62|1|1|1|integer|as-sorted","LinkedHashMap<String,V>",emptykey,{'': 'empty-string key'},c|t|656d7074792d737472696e67206b6579|16|16|16|text|not-applicable,true,true
P21_25_4_2_10,List.of(...),strs,"['a', 'b']","c|t|61|1|1|1,t|62|1|1|1|integer|as-sorted","LinkedHashMap<String,V>",flat,"{'a': 1, 'b': 2, 'c': 3}","c|[1, 1.0, 0],[1, 1.0, 1],[1, 1.5, 1]|text|not-applicable",true,true
P21_25_4_3_10,List.of(...),strs,"['a', 'b']","c|t|61|1|1|1,t|62|1|1|1|integer|as-sorted","LinkedHashMap<String,V>",intlike,"{'1': 'string-one-key', 'b': 2}","c|[1, 1.0, 1],t|737472696e672d6f6e652d6b6579|14|14|14|text|not-applicable",true,true
P21_25_4_4_10,List.of(...),strs,"['a', 'b']","c|t|61|1|1|1,t|62|1|1|1|integer|as-sorted","LinkedHashMap<String,V>",nested,"{'outer': {'inner': [1, 2]}}","c|c|c|[1, 1.0, 0],[1, 1.0, 1]|integer|as-sorted|text|not-applicable|text|not-applicable",true,true
P21_26_0_0_10,List.of(...),base,"[1, 2, 3]","c|[1, 1.0, 0],[1, 1.0, 1],[1, 1.5, 1]|integer|as-sorted","TreeMap<String,V>",empty,{},c||empty|not-applicable,true,true
P21_26_0_1_10,List.of(...),base,"[1, 2, 3]","c|[1, 1.0, 0],[1, 1.0, 1],[1, 1.5, 1]|integer|as-sorted","TreeMap<String,V>",emptykey,{'': 'empty-string key'},c|t|656d7074792d737472696e67206b6579|16|16|16|text|not-applicable,true,true
P21_26_0_2_10,List.of(...),base,"[1, 2, 3]","c|[1, 1.0, 0],[1, 1.0, 1],[1, 1.5, 1]|integer|as-sorted","TreeMap<String,V>",flat,"{'a': 1, 'b': 2, 'c': 3}","c|[1, 1.0, 0],[1, 1.0, 1],[1, 1.5, 1]|text|not-applicable",true,true
P21_26_0_3_10,List.of(...),base,"[1, 2, 3]","c|[1, 1.0, 0],[1, 1.0, 1],[1, 1.5, 1]|integer|as-sorted","TreeMap<String,V>",intlike,"{'1': 'string-one-key', 'b': 2}","c|[1, 1.0, 1],t|737472696e672d6f6e652d6b6579|14|14|14|text|not-applicable",true,true
P21_26_0_4_10,List.of(...),base,"[1, 2, 3]","c|[1, 1.0, 0],[1, 1.0, 1],[1, 1.5, 1]|integer|as-sorted","TreeMap<String,V>",nested,"{'outer': {'inner': [1, 2]}}","c|c|c|[1, 1.0, 0],[1, 1.0, 1]|integer|as-sorted|text|not-applicable|text|not-applicable",true,true
P21_26_1_0_10,List.of(...),bigint,[9223372036854775808],"c|[1, 1.0, 63]|integer|as-sorted","TreeMap<String,V>",empty,{},c||empty|not-applicable,true,true
P21_26_1_1_10,List.of(...),bigint,[9223372036854775808],"c|[1, 1.0, 63]|integer|as-sorted","TreeMap<String,V>",emptykey,{'': 'empty-string key'},c|t|656d7074792d737472696e67206b6579|16|16|16|text|not-applicable,true,true
P21_26_1_2_10,List.of(...),bigint,[9223372036854775808],"c|[1, 1.0, 63]|integer|as-sorted","TreeMap<String,V>",flat,"{'a': 1, 'b': 2, 'c': 3}","c|[1, 1.0, 0],[1, 1.0, 1],[1, 1.5, 1]|text|not-applicable",true,true
P21_26_1_3_10,List.of(...),bigint,[9223372036854775808],"c|[1, 1.0, 63]|integer|as-sorted","TreeMap<String,V>",intlike,"{'1': 'string-one-key', 'b': 2}","c|[1, 1.0, 1],t|737472696e672d6f6e652d6b6579|14|14|14|text|not-applicable",true,true
P21_26_1_4_10,List.of(...),bigint,[9223372036854775808],"c|[1, 1.0, 63]|integer|as-sorted","TreeMap<String,V>",nested,"{'outer': {'inner': [1, 2]}}","c|c|c|[1, 1.0, 0],[1, 1.0, 1]|integer|as-sorted|text|not-applicable|text|not-applicable",true,true
P21_26_2_0_10,List.of(...),empty,[],c||empty|as-sorted,"TreeMap<String,V>",empty,{},c||empty|not-applicable,true,true
P21_26_2_1_10,List.of(...),empty,[],c||empty|as-sorted,"TreeMap<String,V>",emptykey,{'': 'empty-string key'},c|t|656d7074792d737472696e67206b6579|16|16|16|text|not-applicable,true,true
P21_26_2_2_10,List.of(...),empty,[],c||empty|as-sorted,"TreeMap<String,V>",flat,"{'a': 1, 'b': 2, 'c': 3}","c|[1, 1.0, 0],[1, 1.0, 1],[1, 1.5, 1]|text|not-applicable",true,true
P21_26_2_3_10,List.of(...),empty,[],c||empty|as-sorted,"TreeMap<String,V>",intlike,"{'1': 'string-one-key', 'b': 2}","c|[1, 1.0, 1],t|737472696e672d6f6e652d6b6579|14|14|14|text|not-applicable",true,true
P21_26_2_4_10,List.of(...),empty,[],c||empty|as-sorted,"TreeMap<String,V>",nested,"{'outer': {'inner': [1, 2]}}","c|c|c|[1, 1.0, 0],[1, 1.0, 1]|integer|as-sorted|text|not-applicable|text|not-applicable",true,true
P21_26_3_0_10,List.of(...),mixed,"[1, 'two', 3.0, True, None]","c|[1, 1.0, 0],[1, 1.5, 1],null,true,t|74776f|3|3|3|integer|reordered","TreeMap<String,V>",empty,{},c||empty|not-applicable,,RAISE:NullPointerException
P21_26_3_1_10,List.of(...),mixed,"[1, 'two', 3.0, True, None]","c|[1, 1.0, 0],[1, 1.5, 1],null,true,t|74776f|3|3|3|integer|reordered","TreeMap<String,V>",emptykey,{'': 'empty-string key'},c|t|656d7074792d737472696e67206b6579|16|16|16|text|not-applicable,,RAISE:NullPointerException
P21_26_3_2_10,List.of(...),mixed,"[1, 'two', 3.0, True, None]","c|[1, 1.0, 0],[1, 1.5, 1],null,true,t|74776f|3|3|3|integer|reordered","TreeMap<String,V>",flat,"{'a': 1, 'b': 2, 'c': 3}","c|[1, 1.0, 0],[1, 1.0, 1],[1, 1.5, 1]|text|not-applicable",,RAISE:NullPointerException
P21_26_3_3_10,List.of(...),mixed,"[1, 'two', 3.0, True, None]","c|[1, 1.0, 0],[1, 1.5, 1],null,true,t|74776f|3|3|3|integer|reordered","TreeMap<String,V>",intlike,"{'1': 'string-one-key', 'b': 2}","c|[1, 1.0, 1],t|737472696e672d6f6e652d6b6579|14|14|14|text|not-applicable",,RAISE:NullPointerException
P21_26_3_4_10,List.of(...),mixed,"[1, 'two', 3.0, True, None]","c|[1, 1.0, 0],[1, 1.5, 1],null,true,t|74776f|3|3|3|integer|reordered","TreeMap<String,V>",nested,"{'outer': {'inner': [1, 2]}}","c|c|c|[1, 1.0, 0],[1, 1.0, 1]|integer|as-sorted|text|not-applicable|text|not-applicable",,RAISE:NullPointerException
P21_26_4_0_10,List.of(...),strs,"['a', 'b']","c|t|61|1|1|1,t|62|1|1|1|integer|as-sorted","TreeMap<String,V>",empty,{},c||empty|not-applicable,true,true
P21_26_4_1_10,List.of(...),strs,"['a', 'b']","c|t|61|1|1|1,t|62|1|1|1|integer|as-sorted","TreeMap<String,V>",emptykey,{'': 'empty-string key'},c|t|656d7074792d737472696e67206b6579|16|16|16|text|not-applicable,true,true
P21_26_4_2_10,List.of(...),strs,"['a', 'b']","c|t|61|1|1|1,t|62|1|1|1|integer|as-sorted","TreeMap<String,V>",flat,"{'a': 1, 'b': 2, 'c': 3}","c|[1, 1.0, 0],[1, 1.0, 1],[1, 1.5, 1]|text|not-applicable",true,true
P21_26_4_3_10,List.of(...),strs,"['a', 'b']","c|t|61|1|1|1,t|62|1|1|1|integer|as-sorted","TreeMap<String,V>",intlike,"{'1': 'string-one-key', 'b': 2}","c|[1, 1.0, 1],t|737472696e672d6f6e652d6b6579|14|14|14|text|not-applicable",true,true
P21_26_4_4_10,List.of(...),strs,"['a', 'b']","c|t|61|1|1|1,t|62|1|1|1|integer|as-sorted","TreeMap<String,V>",nested,"{'outer': {'inner': [1, 2]}}","c|c|c|[1, 1.0, 0],[1, 1.0, 1]|integer|as-sorted|text|not-applicable|text|not-applicable",true,true
P21_28_0_0_10,List.of(...),base,"[1, 2, 3]","c|[1, 1.0, 0],[1, 1.0, 1],[1, 1.5, 1]|integer|as-sorted",local class with fields,empty,{},c||empty|not-applicable,true,true
P21_28_0_2_10,List.of(...),base,"[1, 2, 3]","c|[1, 1.0, 0],[1, 1.0, 1],[1, 1.5, 1]|integer|as-sorted",local class with fields,flat,"{'a': 1, 'b': 2, 'c': 3}","c|[1, 1.0, 0],[1, 1.0, 1],[1, 1.5, 1]|text|not-applicable",true,true
P21_28_0_4_10,List.of(...),base,"[1, 2, 3]","c|[1, 1.0, 0],[1, 1.0, 1],[1, 1.5, 1]|integer|as-sorted",local class with fields,nested,"{'outer': {'inner': [1, 2]}}","c|c|c|[1, 1.0, 0],[1, 1.0, 1]|integer|as-sorted|text|not-applicable|text|not-applicable",true,true
P21_28_1_0_10,List.of(...),bigint,[9223372036854775808],"c|[1, 1.0, 63]|integer|as-sorted",local class with fields,empty,{},c||empty|not-applicable,true,true
P21_28_1_2_10,List.of(...),bigint,[9223372036854775808],"c|[1, 1.0, 63]|integer|as-sorted",local class with fields,flat,"{'a': 1, 'b': 2, 'c': 3}","c|[1, 1.0, 0],[1, 1.0, 1],[1, 1.5, 1]|text|not-applicable",true,true
P21_28_1_4_10,List.of(...),bigint,[9223372036854775808],"c|[1, 1.0, 63]|integer|as-sorted",local class with fields,nested,"{'outer': {'inner': [1, 2]}}","c|c|c|[1, 1.0, 0],[1, 1.0, 1]|integer|as-sorted|text|not-applicable|text|not-applicable",true,true
P21_28_2_0_10,List.of(...),empty,[],c||empty|as-sorted,local class with fields,empty,{},c||empty|not-applicable,true,true
P21_28_2_2_10,List.of(...),empty,[],c||empty|as-sorted,local class with fields,flat,"{'a': 1, 'b': 2, 'c': 3}","c|[1, 1.0, 0],[1, 1.0, 1],[1, 1.5, 1]|text|not-applicable",true,true
P21_28_2_4_10,List.of(...),empty,[],c||empty|as-sorted,local class with fields,nested,"{'outer': {'inner': [1, 2]}}","c|c|c|[1, 1.0, 0],[1, 1.0, 1]|integer|as-sorted|text|not-applicable|text|not-applicable",true,true
P21_28_3_0_10,List.of(...),mixed,"[1, 'two', 3.0, True, None]","c|[1, 1.0, 0],[1, 1.5, 1],null,true,t|74776f|3|3|3|integer|reordered",local class with fields,empty,{},c||empty|not-applicable,,RAISE:NullPointerException
P21_28_3_2_10,List.of(...),mixed,"[1, 'two', 3.0, True, None]","c|[1, 1.0, 0],[1, 1.5, 1],null,true,t|74776f|3|3|3|integer|reordered",local class with fields,flat,"{'a': 1, 'b': 2, 'c': 3}","c|[1, 1.0, 0],[1, 1.0, 1],[1, 1.5, 1]|text|not-applicable",,RAISE:NullPointerException
P21_28_3_4_10,List.of(...),mixed,"[1, 'two', 3.0, True, None]","c|[1, 1.0, 0],[1, 1.5, 1],null,true,t|74776f|3|3|3|integer|reordered",local class with fields,nested,"{'outer': {'inner': [1, 2]}}","c|c|c|[1, 1.0, 0],[1, 1.0, 1]|integer|as-sorted|text|not-applicable|text|not-applicable",,RAISE:NullPointerException
P21_28_4_0_10,List.of(...),strs,"['a', 'b']","c|t|61|1|1|1,t|62|1|1|1|integer|as-sorted",local class with fields,empty,{},c||empty|not-applicable,true,true
P21_28_4_2_10,List.of(...),strs,"['a', 'b']","c|t|61|1|1|1,t|62|1|1|1|integer|as-sorted",local class with fields,flat,"{'a': 1, 'b': 2, 'c': 3}","c|[1, 1.0, 0],[1, 1.0, 1],[1, 1.5, 1]|text|not-applicable",true,true
P21_28_4_4_10,List.of(...),strs,"['a', 'b']","c|t|61|1|1|1,t|62|1|1|1|integer|as-sorted",local class with fields,nested,"{'outer': {'inner': [1, 2]}}","c|c|c|[1, 1.0, 0],[1, 1.0, 1]|integer|as-sorted|text|not-applicable|text|not-applicable",true,true
P21_29_0_1_10,List.of(...),base,"[1, 2, 3]","c|[1, 1.0, 0],[1, 1.0, 1],[1, 1.5, 1]|integer|as-sorted",List<List<Object>>,seq_in_map,"{'outer': {'inner': [1, 2]}}","c|c|c|[1, 1.0, 0],[1, 1.0, 1]|integer|as-sorted|text|not-applicable|text|not-applicable",true,true
P21_29_1_1_10,List.of(...),bigint,[9223372036854775808],"c|[1, 1.0, 63]|integer|as-sorted",List<List<Object>>,seq_in_map,"{'outer': {'inner': [1, 2]}}","c|c|c|[1, 1.0, 0],[1, 1.0, 1]|integer|as-sorted|text|not-applicable|text|not-applicable",true,true
P21_29_2_1_10,List.of(...),empty,[],c||empty|as-sorted,List<List<Object>>,seq_in_map,"{'outer': {'inner': [1, 2]}}","c|c|c|[1, 1.0, 0],[1, 1.0, 1]|integer|as-sorted|text|not-applicable|text|not-applicable",true,true
P21_29_3_0_10,List.of(...),mixed,"[1, 'two', 3.0, True, None]","c|[1, 1.0, 0],[1, 1.5, 1],null,true,t|74776f|3|3|3|integer|reordered",List<List<Object>>,mixed_depth,"[1, [2, {'k': (3, None, 't')}], True]","c|[1, 1.0, 0],c|[1, 1.0, 1],c|c|[1, 1.5, 1],null,t|74|1|1|1|integer|reordered|text|not-applicable|integer|reordered,true|integer|as-sorted",,RAISE:NullPointerException
P21_29_3_1_10,List.of(...),mixed,"[1, 'two', 3.0, True, None]","c|[1, 1.0, 0],[1, 1.5, 1],null,true,t|74776f|3|3|3|integer|reordered",List<List<Object>>,seq_in_map,"{'outer': {'inner': [1, 2]}}","c|c|c|[1, 1.0, 0],[1, 1.0, 1]|integer|as-sorted|text|not-applicable|text|not-applicable",,RAISE:NullPointerException
P21_29_4_1_10,List.of(...),strs,"['a', 'b']","c|t|61|1|1|1,t|62|1|1|1|integer|as-sorted",List<List<Object>>,seq_in_map,"{'outer': {'inner': [1, 2]}}","c|c|c|[1, 1.0, 0],[1, 1.0, 1]|integer|as-sorted|text|not-applicable|text|not-applicable",true,true
P21_30_0_0_10,List.of(...),base,"[1, 2, 3]","c|[1, 1.0, 0],[1, 1.0, 1],[1, 1.5, 1]|integer|as-sorted","Map<String,Object> nesting",mixed_depth,"[1, [2, {'k': (3, None, 't')}], True]","c|[1, 1.0, 0],c|[1, 1.0, 1],c|c|[1, 1.5, 1],null,t|74|1|1|1|integer|reordered|text|not-applicable|integer|reordered,true|integer|as-sorted",true,true
P21_30_0_1_10,List.of(...),base,"[1, 2, 3]","c|[1, 1.0, 0],[1, 1.0, 1],[1, 1.5, 1]|integer|as-sorted","Map<String,Object> nesting",seq_in_map,"{'outer': {'inner': [1, 2]}}","c|c|c|[1, 1.0, 0],[1, 1.0, 1]|integer|as-sorted|text|not-applicable|text|not-applicable",true,true
P21_30_0_2_10,List.of(...),base,"[1, 2, 3]","c|[1, 1.0, 0],[1, 1.0, 1],[1, 1.5, 1]|integer|as-sorted","Map<String,Object> nesting",seq_in_seq,"[[1, 2], [3, 4]]","c|c|[1, 1.0, 0],[1, 1.0, 1]|integer|as-sorted,c|[1, 1.0, 2],[1, 1.5, 1]|integer|as-sorted|integer|as-sorted",true,true
P21_30_1_0_10,List.of(...),bigint,[9223372036854775808],"c|[1, 1.0, 63]|integer|as-sorted","Map<String,Object> nesting",mixed_depth,"[1, [2, {'k': (3, None, 't')}], True]","c|[1, 1.0, 0],c|[1, 1.0, 1],c|c|[1, 1.5, 1],null,t|74|1|1|1|integer|reordered|text|not-applicable|integer|reordered,true|integer|as-sorted",true,true
P21_30_1_1_10,List.of(...),bigint,[9223372036854775808],"c|[1, 1.0, 63]|integer|as-sorted","Map<String,Object> nesting",seq_in_map,"{'outer': {'inner': [1, 2]}}","c|c|c|[1, 1.0, 0],[1, 1.0, 1]|integer|as-sorted|text|not-applicable|text|not-applicable",true,true
P21_30_1_2_10,List.of(...),bigint,[9223372036854775808],"c|[1, 1.0, 63]|integer|as-sorted","Map<String,Object> nesting",seq_in_seq,"[[1, 2], [3, 4]]","c|c|[1, 1.0, 0],[1, 1.0, 1]|integer|as-sorted,c|[1, 1.0, 2],[1, 1.5, 1]|integer|as-sorted|integer|as-sorted",true,true
P21_30_2_0_10,List.of(...),empty,[],c||empty|as-sorted,"Map<String,Object> nesting",mixed_depth,"[1, [2, {'k': (3, None, 't')}], True]","c|[1, 1.0, 0],c|[1, 1.0, 1],c|c|[1, 1.5, 1],null,t|74|1|1|1|integer|reordered|text|not-applicable|integer|reordered,true|integer|as-sorted",true,true
P21_30_2_1_10,List.of(...),empty,[],c||empty|as-sorted,"Map<String,Object> nesting",seq_in_map,"{'outer': {'inner': [1, 2]}}","c|c|c|[1, 1.0, 0],[1, 1.0, 1]|integer|as-sorted|text|not-applicable|text|not-applicable",true,true
P21_30_2_2_10,List.of(...),empty,[],c||empty|as-sorted,"Map<String,Object> nesting",seq_in_seq,"[[1, 2], [3, 4]]","c|c|[1, 1.0, 0],[1, 1.0, 1]|integer|as-sorted,c|[1, 1.0, 2],[1, 1.5, 1]|integer|as-sorted|integer|as-sorted",true,true
P21_30_3_0_10,List.of(...),mixed,"[1, 'two', 3.0, True, None]","c|[1, 1.0, 0],[1, 1.5, 1],null,true,t|74776f|3|3|3|integer|reordered","Map<String,Object> nesting",mixed_depth,"[1, [2, {'k': (3, None, 't')}], True]","c|[1, 1.0, 0],c|[1, 1.0, 1],c|c|[1, 1.5, 1],null,t|74|1|1|1|integer|reordered|text|not-applicable|integer|reordered,true|integer|as-sorted",,RAISE:NullPointerException
P21_30_3_1_10,List.of(...),mixed,"[1, 'two', 3.0, True, None]","c|[1, 1.0, 0],[1, 1.5, 1],null,true,t|74776f|3|3|3|integer|reordered","Map<String,Object> nesting",seq_in_map,"{'outer': {'inner': [1, 2]}}","c|c|c|[1, 1.0, 0],[1, 1.0, 1]|integer|as-sorted|text|not-applicable|text|not-applicable",,RAISE:NullPointerException
P21_30_3_2_10,List.of(...),mixed,"[1, 'two', 3.0, True, None]","c|[1, 1.0, 0],[1, 1.5, 1],null,true,t|74776f|3|3|3|integer|reordered","Map<String,Object> nesting",seq_in_seq,"[[1, 2], [3, 4]]","c|c|[1, 1.0, 0],[1, 1.0, 1]|integer|as-sorted,c|[1, 1.0, 2],[1, 1.5, 1]|integer|as-sorted|integer|as-sorted",,RAISE:NullPointerException
P21_30_4_0_10,List.of(...),strs,"['a', 'b']","c|t|61|1|1|1,t|62|1|1|1|integer|as-sorted","Map<String,Object> nesting",mixed_depth,"[1, [2, {'k': (3, None, 't')}], True]","c|[1, 1.0, 0],c|[1, 1.0, 1],c|c|[1, 1.5, 1],null,t|74|1|1|1|integer|reordered|text|not-applicable|integer|reordered,true|integer|as-sorted",true,true
P21_30_4_1_10,List.of(...),strs,"['a', 'b']","c|t|61|1|1|1,t|62|1|1|1|integer|as-sorted","Map<String,Object> nesting",seq_in_map,"{'outer': {'inner': [1, 2]}}","c|c|c|[1, 1.0, 0],[1, 1.0, 1]|integer|as-sorted|text|not-applicable|text|not-applicable",true,true
P21_30_4_2_10,List.of(...),strs,"['a', 'b']","c|t|61|1|1|1,t|62|1|1|1|integer|as-sorted","Map<String,Object> nesting",seq_in_seq,"[[1, 2], [3, 4]]","c|c|[1, 1.0, 0],[1, 1.0, 1]|integer|as-sorted,c|[1, 1.0, 2],[1, 1.5, 1]|integer|as-sorted|integer|as-sorted",true,true
P22_21_0_0_10,LinkedList<T>,base,"[1, 2, 3]","c|[1, 1.0, 0],[1, 1.0, 1],[1, 1.5, 1]|integer|as-sorted",List.of(...),base,"[1, 2, 3]","c|[1, 1.0, 0],[1, 1.0, 1],[1, 1.5, 1]|integer|as-sorted",true,true
P22_21_0_2_10,LinkedList<T>,base,"[1, 2, 3]","c|[1, 1.0, 0],[1, 1.0, 1],[1, 1.5, 1]|integer|as-sorted",List.of(...),empty,[],c||empty|as-sorted,true,true
P22_21_1_1_10,LinkedList<T>,bigint,[9223372036854775808],"c|[1, 1.0, 63]|integer|as-sorted",List.of(...),bigint,[9223372036854775808],"c|[1, 1.0, 63]|integer|as-sorted",true,true
P22_21_2_0_10,LinkedList<T>,empty,[],c||empty|as-sorted,List.of(...),base,"[1, 2, 3]","c|[1, 1.0, 0],[1, 1.0, 1],[1, 1.5, 1]|integer|as-sorted",true,true
P22_21_2_2_10,LinkedList<T>,empty,[],c||empty|as-sorted,List.of(...),empty,[],c||empty|as-sorted,true,true
P22_21_3_3_10,LinkedList<T>,mixed,"[1, 'two', 3.0, True, None]","c|[1, 1.0, 0],[1, 1.5, 1],null,true,t|74776f|3|3|3|integer|reordered",List.of(...),mixed,"[1, 'two', 3.0, True, None]","c|[1, 1.0, 0],[1, 1.5, 1],null,true,t|74776f|3|3|3|integer|reordered",,RAISE:NullPointerException
P22_21_4_4_10,LinkedList<T>,strs,"['a', 'b']","c|t|61|1|1|1,t|62|1|1|1|integer|as-sorted",List.of(...),strs,"['a', 'b']","c|t|61|1|1|1,t|62|1|1|1|integer|as-sorted",true,true
P22_22_0_0_10,LinkedList<T>,base,"[1, 2, 3]","c|[1, 1.0, 0],[1, 1.0, 1],[1, 1.5, 1]|integer|as-sorted",LinkedList<T>,base,"[1, 2, 3]","c|[1, 1.0, 0],[1, 1.0, 1],[1, 1.5, 1]|integer|as-sorted",true,true
P22_22_0_2_10,LinkedList<T>,base,"[1, 2, 3]","c|[1, 1.0, 0],[1, 1.0, 1],[1, 1.5, 1]|integer|as-sorted",LinkedList<T>,empty,[],c||empty|as-sorted,true,true
P22_22_1_1_10,LinkedList<T>,bigint,[9223372036854775808],"c|[1, 1.0, 63]|integer|as-sorted",LinkedList<T>,bigint,[9223372036854775808],"c|[1, 1.0, 63]|integer|as-sorted",true,true
P22_22_2_0_10,LinkedList<T>,empty,[],c||empty|as-sorted,LinkedList<T>,base,"[1, 2, 3]","c|[1, 1.0, 0],[1, 1.0, 1],[1, 1.5, 1]|integer|as-sorted",true,true
P22_22_2_2_10,LinkedList<T>,empty,[],c||empty|as-sorted,LinkedList<T>,empty,[],c||empty|as-sorted,true,true
P22_22_3_3_10,LinkedList<T>,mixed,"[1, 'two', 3.0, True, None]","c|[1, 1.0, 0],[1, 1.5, 1],null,true,t|74776f|3|3|3|integer|reordered",LinkedList<T>,mixed,"[1, 'two', 3.0, True, None]","c|[1, 1.0, 0],[1, 1.5, 1],null,true,t|74776f|3|3|3|integer|reordered",true,true
P22_22_4_4_10,LinkedList<T>,strs,"['a', 'b']","c|t|61|1|1|1,t|62|1|1|1|integer|as-sorted",LinkedList<T>,strs,"['a', 'b']","c|t|61|1|1|1,t|62|1|1|1|integer|as-sorted",true,true
P22_29_0_1_10,LinkedList<T>,base,"[1, 2, 3]","c|[1, 1.0, 0],[1, 1.0, 1],[1, 1.5, 1]|integer|as-sorted",List<List<Object>>,seq_in_map,"{'outer': {'inner': [1, 2]}}","c|c|c|[1, 1.0, 0],[1, 1.0, 1]|integer|as-sorted|text|not-applicable|text|not-applicable",true,true
P22_29_1_1_10,LinkedList<T>,bigint,[9223372036854775808],"c|[1, 1.0, 63]|integer|as-sorted",List<List<Object>>,seq_in_map,"{'outer': {'inner': [1, 2]}}","c|c|c|[1, 1.0, 0],[1, 1.0, 1]|integer|as-sorted|text|not-applicable|text|not-applicable",true,true
P22_29_2_1_10,LinkedList<T>,empty,[],c||empty|as-sorted,List<List<Object>>,seq_in_map,"{'outer': {'inner': [1, 2]}}","c|c|c|[1, 1.0, 0],[1, 1.0, 1]|integer|as-sorted|text|not-applicable|text|not-applicable",true,true
P22_29_3_0_10,LinkedList<T>,mixed,"[1, 'two', 3.0, True, None]","c|[1, 1.0, 0],[1, 1.5, 1],null,true,t|74776f|3|3|3|integer|reordered",List<List<Object>>,mixed_depth,"[1, [2, {'k': (3, None, 't')}], True]","c|[1, 1.0, 0],c|[1, 1.0, 1],c|c|[1, 1.5, 1],null,t|74|1|1|1|integer|reordered|text|not-applicable|integer|reordered,true|integer|as-sorted",true,true
P22_29_3_1_10,LinkedList<T>,mixed,"[1, 'two', 3.0, True, None]","c|[1, 1.0, 0],[1, 1.5, 1],null,true,t|74776f|3|3|3|integer|reordered",List<List<Object>>,seq_in_map,"{'outer': {'inner': [1, 2]}}","c|c|c|[1, 1.0, 0],[1, 1.0, 1]|integer|as-sorted|text|not-applicable|text|not-applicable",true,true
P22_29_4_1_10,LinkedList<T>,strs,"['a', 'b']","c|t|61|1|1|1,t|62|1|1|1|integer|as-sorted",List<List<Object>>,seq_in_map,"{'outer': {'inner': [1, 2]}}","c|c|c|[1, 1.0, 0],[1, 1.0, 1]|integer|as-sorted|text|not-applicable|text|not-applicable",true,true
P22_30_0_0_10,LinkedList<T>,base,"[1, 2, 3]","c|[1, 1.0, 0],[1, 1.0, 1],[1, 1.5, 1]|integer|as-sorted","Map<String,Object> nesting",mixed_depth,"[1, [2, {'k': (3, None, 't')}], True]","c|[1, 1.0, 0],c|[1, 1.0, 1],c|c|[1, 1.5, 1],null,t|74|1|1|1|integer|reordered|text|not-applicable|integer|reordered,true|integer|as-sorted",true,true
P22_30_0_1_10,LinkedList<T>,base,"[1, 2, 3]","c|[1, 1.0, 0],[1, 1.0, 1],[1, 1.5, 1]|integer|as-sorted","Map<String,Object> nesting",seq_in_map,"{'outer': {'inner': [1, 2]}}","c|c|c|[1, 1.0, 0],[1, 1.0, 1]|integer|as-sorted|text|not-applicable|text|not-applicable",true,true
P22_30_0_2_10,LinkedList<T>,base,"[1, 2, 3]","c|[1, 1.0, 0],[1, 1.0, 1],[1, 1.5, 1]|integer|as-sorted","Map<String,Object> nesting",seq_in_seq,"[[1, 2], [3, 4]]","c|c|[1, 1.0, 0],[1, 1.0, 1]|integer|as-sorted,c|[1, 1.0, 2],[1, 1.5, 1]|integer|as-sorted|integer|as-sorted",true,true
P22_30_1_0_10,LinkedList<T>,bigint,[9223372036854775808],"c|[1, 1.0, 63]|integer|as-sorted","Map<String,Object> nesting",mixed_depth,"[1, [2, {'k': (3, None, 't')}], True]","c|[1, 1.0, 0],c|[1, 1.0, 1],c|c|[1, 1.5, 1],null,t|74|1|1|1|integer|reordered|text|not-applicable|integer|reordered,true|integer|as-sorted",true,true
P22_30_1_1_10,LinkedList<T>,bigint,[9223372036854775808],"c|[1, 1.0, 63]|integer|as-sorted","Map<String,Object> nesting",seq_in_map,"{'outer': {'inner': [1, 2]}}","c|c|c|[1, 1.0, 0],[1, 1.0, 1]|integer|as-sorted|text|not-applicable|text|not-applicable",true,true
P22_30_1_2_10,LinkedList<T>,bigint,[9223372036854775808],"c|[1, 1.0, 63]|integer|as-sorted","Map<String,Object> nesting",seq_in_seq,"[[1, 2], [3, 4]]","c|c|[1, 1.0, 0],[1, 1.0, 1]|integer|as-sorted,c|[1, 1.0, 2],[1, 1.5, 1]|integer|as-sorted|integer|as-sorted",true,true
P22_30_2_0_10,LinkedList<T>,empty,[],c||empty|as-sorted,"Map<String,Object> nesting",mixed_depth,"[1, [2, {'k': (3, None, 't')}], True]","c|[1, 1.0, 0],c|[1, 1.0, 1],c|c|[1, 1.5, 1],null,t|74|1|1|1|integer|reordered|text|not-applicable|integer|reordered,true|integer|as-sorted",true,true
P22_30_2_1_10,LinkedList<T>,empty,[],c||empty|as-sorted,"Map<String,Object> nesting",seq_in_map,"{'outer': {'inner': [1, 2]}}","c|c|c|[1, 1.0, 0],[1, 1.0, 1]|integer|as-sorted|text|not-applicable|text|not-applicable",true,true
P22_30_2_2_10,LinkedList<T>,empty,[],c||empty|as-sorted,"Map<String,Object> nesting",seq_in_seq,"[[1, 2], [3, 4]]","c|c|[1, 1.0, 0],[1, 1.0, 1]|integer|as-sorted,c|[1, 1.0, 2],[1, 1.5, 1]|integer|as-sorted|integer|as-sorted",true,true
P22_30_3_0_10,LinkedList<T>,mixed,"[1, 'two', 3.0, True, None]","c|[1, 1.0, 0],[1, 1.5, 1],null,true,t|74776f|3|3|3|integer|reordered","Map<String,Object> nesting",mixed_depth,"[1, [2, {'k': (3, None, 't')}], True]","c|[1, 1.0, 0],c|[1, 1.0, 1],c|c|[1, 1.5, 1],null,t|74|1|1|1|integer|reordered|text|not-applicable|integer|reordered,true|integer|as-sorted",true,true
P22_30_3_1_10,LinkedList<T>,mixed,"[1, 'two', 3.0, True, None]","c|[1, 1.0, 0],[1, 1.5, 1],null,true,t|74776f|3|3|3|integer|reordered","Map<String,Object> nesting",seq_in_map,"{'outer': {'inner': [1, 2]}}","c|c|c|[1, 1.0, 0],[1, 1.0, 1]|integer|as-sorted|text|not-applicable|text|not-applicable",true,true
P22_30_3_2_10,LinkedList<T>,mixed,"[1, 'two', 3.0, True, None]","c|[1, 1.0, 0],[1, 1.5, 1],null,true,t|74776f|3|3|3|integer|reordered","Map<String,Object> nesting",seq_in_seq,"[[1, 2], [3, 4]]","c|c|[1, 1.0, 0],[1, 1.0, 1]|integer|as-sorted,c|[1, 1.0, 2],[1, 1.5, 1]|integer|as-sorted|integer|as-sorted",true,true
P22_30_4_0_10,LinkedList<T>,strs,"['a', 'b']","c|t|61|1|1|1,t|62|1|1|1|integer|as-sorted","Map<String,Object> nesting",mixed_depth,"[1, [2, {'k': (3, None, 't')}], True]","c|[1, 1.0, 0],c|[1, 1.0, 1],c|c|[1, 1.5, 1],null,t|74|1|1|1|integer|reordered|text|not-applicable|integer|reordered,true|integer|as-sorted",true,true
P22_30_4_1_10,LinkedList<T>,strs,"['a', 'b']","c|t|61|1|1|1,t|62|1|1|1|integer|as-sorted","Map<String,Object> nesting",seq_in_map,"{'outer': {'inner': [1, 2]}}","c|c|c|[1, 1.0, 0],[1, 1.0, 1]|integer|as-sorted|text|not-applicable|text|not-applicable",true,true
P22_30_4_2_10,LinkedList<T>,strs,"['a', 'b']","c|t|61|1|1|1,t|62|1|1|1|integer|as-sorted","Map<String,Object> nesting",seq_in_seq,"[[1, 2], [3, 4]]","c|c|[1, 1.0, 0],[1, 1.0, 1]|integer|as-sorted,c|[1, 1.0, 2],[1, 1.5, 1]|integer|as-sorted|integer|as-sorted",true,true
P23_21_0_0_10,ArrayDeque<T>,base,"[1, 2, 3]","c|[1, 1.0, 0],[1, 1.0, 1],[1, 1.5, 1]|integer|as-sorted",List.of(...),base,"[1, 2, 3]","c|[1, 1.0, 0],[1, 1.0, 1],[1, 1.5, 1]|integer|as-sorted",true,true
P23_21_0_2_10,ArrayDeque<T>,base,"[1, 2, 3]","c|[1, 1.0, 0],[1, 1.0, 1],[1, 1.5, 1]|integer|as-sorted",List.of(...),empty,[],c||empty|as-sorted,true,true
P23_21_1_1_10,ArrayDeque<T>,bigint,[9223372036854775808],"c|[1, 1.0, 63]|integer|as-sorted",List.of(...),bigint,[9223372036854775808],"c|[1, 1.0, 63]|integer|as-sorted",true,true
P23_21_2_0_10,ArrayDeque<T>,empty,[],c||empty|as-sorted,List.of(...),base,"[1, 2, 3]","c|[1, 1.0, 0],[1, 1.0, 1],[1, 1.5, 1]|integer|as-sorted",true,true
P23_21_2_2_10,ArrayDeque<T>,empty,[],c||empty|as-sorted,List.of(...),empty,[],c||empty|as-sorted,true,true
P23_21_3_3_10,ArrayDeque<T>,mixed,"[1, 'two', 3.0, True, None]","c|[1, 1.0, 0],[1, 1.5, 1],null,true,t|74776f|3|3|3|integer|reordered",List.of(...),mixed,"[1, 'two', 3.0, True, None]","c|[1, 1.0, 0],[1, 1.5, 1],null,true,t|74776f|3|3|3|integer|reordered",,RAISE:NullPointerException
P23_21_4_4_10,ArrayDeque<T>,strs,"['a', 'b']","c|t|61|1|1|1,t|62|1|1|1|integer|as-sorted",List.of(...),strs,"['a', 'b']","c|t|61|1|1|1,t|62|1|1|1|integer|as-sorted",true,true
P23_23_0_0_10,ArrayDeque<T>,base,"[1, 2, 3]","c|[1, 1.0, 0],[1, 1.0, 1],[1, 1.5, 1]|integer|as-sorted",ArrayDeque<T>,base,"[1, 2, 3]","c|[1, 1.0, 0],[1, 1.0, 1],[1, 1.5, 1]|integer|as-sorted",true,true
P23_23_0_2_10,ArrayDeque<T>,base,"[1, 2, 3]","c|[1, 1.0, 0],[1, 1.0, 1],[1, 1.5, 1]|integer|as-sorted",ArrayDeque<T>,empty,[],c||empty|as-sorted,true,true
P23_23_1_1_10,ArrayDeque<T>,bigint,[9223372036854775808],"c|[1, 1.0, 63]|integer|as-sorted",ArrayDeque<T>,bigint,[9223372036854775808],"c|[1, 1.0, 63]|integer|as-sorted",true,true
P23_23_2_0_10,ArrayDeque<T>,empty,[],c||empty|as-sorted,ArrayDeque<T>,base,"[1, 2, 3]","c|[1, 1.0, 0],[1, 1.0, 1],[1, 1.5, 1]|integer|as-sorted",true,true
P23_23_2_2_10,ArrayDeque<T>,empty,[],c||empty|as-sorted,ArrayDeque<T>,empty,[],c||empty|as-sorted,true,true
P23_23_3_3_10,ArrayDeque<T>,mixed,"[1, 'two', 3.0, True, None]","c|[1, 1.0, 0],[1, 1.5, 1],null,true,t|74776f|3|3|3|integer|reordered",ArrayDeque<T>,mixed,"[1, 'two', 3.0, True, None]","c|[1, 1.0, 0],[1, 1.5, 1],null,true,t|74776f|3|3|3|integer|reordered",,RAISE:NullPointerException
P23_23_4_4_10,ArrayDeque<T>,strs,"['a', 'b']","c|t|61|1|1|1,t|62|1|1|1|integer|as-sorted",ArrayDeque<T>,strs,"['a', 'b']","c|t|61|1|1|1,t|62|1|1|1|integer|as-sorted",true,true
P23_29_0_1_10,ArrayDeque<T>,base,"[1, 2, 3]","c|[1, 1.0, 0],[1, 1.0, 1],[1, 1.5, 1]|integer|as-sorted",List<List<Object>>,seq_in_map,"{'outer': {'inner': [1, 2]}}","c|c|c|[1, 1.0, 0],[1, 1.0, 1]|integer|as-sorted|text|not-applicable|text|not-applicable",true,true
P23_29_1_1_10,ArrayDeque<T>,bigint,[9223372036854775808],"c|[1, 1.0, 63]|integer|as-sorted",List<List<Object>>,seq_in_map,"{'outer': {'inner': [1, 2]}}","c|c|c|[1, 1.0, 0],[1, 1.0, 1]|integer|as-sorted|text|not-applicable|text|not-applicable",true,true
P23_29_2_1_10,ArrayDeque<T>,empty,[],c||empty|as-sorted,List<List<Object>>,seq_in_map,"{'outer': {'inner': [1, 2]}}","c|c|c|[1, 1.0, 0],[1, 1.0, 1]|integer|as-sorted|text|not-applicable|text|not-applicable",true,true
P23_29_3_0_10,ArrayDeque<T>,mixed,"[1, 'two', 3.0, True, None]","c|[1, 1.0, 0],[1, 1.5, 1],null,true,t|74776f|3|3|3|integer|reordered",List<List<Object>>,mixed_depth,"[1, [2, {'k': (3, None, 't')}], True]","c|[1, 1.0, 0],c|[1, 1.0, 1],c|c|[1, 1.5, 1],null,t|74|1|1|1|integer|reordered|text|not-applicable|integer|reordered,true|integer|as-sorted",,RAISE:NullPointerException
P23_29_3_1_10,ArrayDeque<T>,mixed,"[1, 'two', 3.0, True, None]","c|[1, 1.0, 0],[1, 1.5, 1],null,true,t|74776f|3|3|3|integer|reordered",List<List<Object>>,seq_in_map,"{'outer': {'inner': [1, 2]}}","c|c|c|[1, 1.0, 0],[1, 1.0, 1]|integer|as-sorted|text|not-applicable|text|not-applicable",,RAISE:NullPointerException
P23_29_4_1_10,ArrayDeque<T>,strs,"['a', 'b']","c|t|61|1|1|1,t|62|1|1|1|integer|as-sorted",List<List<Object>>,seq_in_map,"{'outer': {'inner': [1, 2]}}","c|c|c|[1, 1.0, 0],[1, 1.0, 1]|integer|as-sorted|text|not-applicable|text|not-applicable",true,true
P23_30_0_0_10,ArrayDeque<T>,base,"[1, 2, 3]","c|[1, 1.0, 0],[1, 1.0, 1],[1, 1.5, 1]|integer|as-sorted","Map<String,Object> nesting",mixed_depth,"[1, [2, {'k': (3, None, 't')}], True]","c|[1, 1.0, 0],c|[1, 1.0, 1],c|c|[1, 1.5, 1],null,t|74|1|1|1|integer|reordered|text|not-applicable|integer|reordered,true|integer|as-sorted",true,true
P23_30_0_1_10,ArrayDeque<T>,base,"[1, 2, 3]","c|[1, 1.0, 0],[1, 1.0, 1],[1, 1.5, 1]|integer|as-sorted","Map<String,Object> nesting",seq_in_map,"{'outer': {'inner': [1, 2]}}","c|c|c|[1, 1.0, 0],[1, 1.0, 1]|integer|as-sorted|text|not-applicable|text|not-applicable",true,true
P23_30_0_2_10,ArrayDeque<T>,base,"[1, 2, 3]","c|[1, 1.0, 0],[1, 1.0, 1],[1, 1.5, 1]|integer|as-sorted","Map<String,Object> nesting",seq_in_seq,"[[1, 2], [3, 4]]","c|c|[1, 1.0, 0],[1, 1.0, 1]|integer|as-sorted,c|[1, 1.0, 2],[1, 1.5, 1]|integer|as-sorted|integer|as-sorted",true,true
P23_30_1_0_10,ArrayDeque<T>,bigint,[9223372036854775808],"c|[1, 1.0, 63]|integer|as-sorted","Map<String,Object> nesting",mixed_depth,"[1, [2, {'k': (3, None, 't')}], True]","c|[1, 1.0, 0],c|[1, 1.0, 1],c|c|[1, 1.5, 1],null,t|74|1|1|1|integer|reordered|text|not-applicable|integer|reordered,true|integer|as-sorted",true,true
P23_30_1_1_10,ArrayDeque<T>,bigint,[9223372036854775808],"c|[1, 1.0, 63]|integer|as-sorted","Map<String,Object> nesting",seq_in_map,"{'outer': {'inner': [1, 2]}}","c|c|c|[1, 1.0, 0],[1, 1.0, 1]|integer|as-sorted|text|not-applicable|text|not-applicable",true,true
P23_30_1_2_10,ArrayDeque<T>,bigint,[9223372036854775808],"c|[1, 1.0, 63]|integer|as-sorted","Map<String,Object> nesting",seq_in_seq,"[[1, 2], [3, 4]]","c|c|[1, 1.0, 0],[1, 1.0, 1]|integer|as-sorted,c|[1, 1.0, 2],[1, 1.5, 1]|integer|as-sorted|integer|as-sorted",true,true
P23_30_2_0_10,ArrayDeque<T>,empty,[],c||empty|as-sorted,"Map<String,Object> nesting",mixed_depth,"[1, [2, {'k': (3, None, 't')}], True]","c|[1, 1.0, 0],c|[1, 1.0, 1],c|c|[1, 1.5, 1],null,t|74|1|1|1|integer|reordered|text|not-applicable|integer|reordered,true|integer|as-sorted",true,true
P23_30_2_1_10,ArrayDeque<T>,empty,[],c||empty|as-sorted,"Map<String,Object> nesting",seq_in_map,"{'outer': {'inner': [1, 2]}}","c|c|c|[1, 1.0, 0],[1, 1.0, 1]|integer|as-sorted|text|not-applicable|text|not-applicable",true,true
P23_30_2_2_10,ArrayDeque<T>,empty,[],c||empty|as-sorted,"Map<String,Object> nesting",seq_in_seq,"[[1, 2], [3, 4]]","c|c|[1, 1.0, 0],[1, 1.0, 1]|integer|as-sorted,c|[1, 1.0, 2],[1, 1.5, 1]|integer|as-sorted|integer|as-sorted",true,true
P23_30_3_0_10,ArrayDeque<T>,mixed,"[1, 'two', 3.0, True, None]","c|[1, 1.0, 0],[1, 1.5, 1],null,true,t|74776f|3|3|3|integer|reordered","Map<String,Object> nesting",mixed_depth,"[1, [2, {'k': (3, None, 't')}], True]","c|[1, 1.0, 0],c|[1, 1.0, 1],c|c|[1, 1.5, 1],null,t|74|1|1|1|integer|reordered|text|not-applicable|integer|reordered,true|integer|as-sorted",,RAISE:NullPointerException
P23_30_3_1_10,ArrayDeque<T>,mixed,"[1, 'two', 3.0, True, None]","c|[1, 1.0, 0],[1, 1.5, 1],null,true,t|74776f|3|3|3|integer|reordered","Map<String,Object> nesting",seq_in_map,"{'outer': {'inner': [1, 2]}}","c|c|c|[1, 1.0, 0],[1, 1.0, 1]|integer|as-sorted|text|not-applicable|text|not-applicable",,RAISE:NullPointerException
P23_30_3_2_10,ArrayDeque<T>,mixed,"[1, 'two', 3.0, True, None]","c|[1, 1.0, 0],[1, 1.5, 1],null,true,t|74776f|3|3|3|integer|reordered","Map<String,Object> nesting",seq_in_seq,"[[1, 2], [3, 4]]","c|c|[1, 1.0, 0],[1, 1.0, 1]|integer|as-sorted,c|[1, 1.0, 2],[1, 1.5, 1]|integer|as-sorted|integer|as-sorted",,RAISE:NullPointerException
P23_30_4_0_10,ArrayDeque<T>,strs,"['a', 'b']","c|t|61|1|1|1,t|62|1|1|1|integer|as-sorted","Map<String,Object> nesting",mixed_depth,"[1, [2, {'k': (3, None, 't')}], True]","c|[1, 1.0, 0],c|[1, 1.0, 1],c|c|[1, 1.5, 1],null,t|74|1|1|1|integer|reordered|text|not-applicable|integer|reordered,true|integer|as-sorted",true,true
P23_30_4_1_10,ArrayDeque<T>,strs,"['a', 'b']","c|t|61|1|1|1,t|62|1|1|1|integer|as-sorted","Map<String,Object> nesting",seq_in_map,"{'outer': {'inner': [1, 2]}}","c|c|c|[1, 1.0, 0],[1, 1.0, 1]|integer|as-sorted|text|not-applicable|text|not-applicable",true,true
P23_30_4_2_10,ArrayDeque<T>,strs,"['a', 'b']","c|t|61|1|1|1,t|62|1|1|1|integer|as-sorted","Map<String,Object> nesting",seq_in_seq,"[[1, 2], [3, 4]]","c|c|[1, 1.0, 0],[1, 1.0, 1]|integer|as-sorted,c|[1, 1.0, 2],[1, 1.5, 1]|integer|as-sorted|integer|as-sorted",true,true
P24_21_0_0_10,"HashMap<String,V>",empty,{},c||empty|not-applicable,List.of(...),base,"[1, 2, 3]","c|[1, 1.0, 0],[1, 1.0, 1],[1, 1.5, 1]|integer|as-sorted",true,true
P24_21_0_1_10,"HashMap<String,V>",empty,{},c||empty|not-applicable,List.of(...),bigint,[9223372036854775808],"c|[1, 1.0, 63]|integer|as-sorted",true,true
P24_21_0_2_10,"HashMap<String,V>",empty,{},c||empty|not-applicable,List.of(...),empty,[],c||empty|as-sorted,true,true
P24_21_0_3_10,"HashMap<String,V>",empty,{},c||empty|not-applicable,List.of(...),mixed,"[1, 'two', 3.0, True, None]","c|[1, 1.0, 0],[1, 1.5, 1],null,true,t|74776f|3|3|3|integer|reordered",,RAISE:NullPointerException
P24_21_0_4_10,"HashMap<String,V>",empty,{},c||empty|not-applicable,List.of(...),strs,"['a', 'b']","c|t|61|1|1|1,t|62|1|1|1|integer|as-sorted",true,true
P24_21_1_0_10,"HashMap<String,V>",emptykey,{'': 'empty-string key'},c|t|656d7074792d737472696e67206b6579|16|16|16|text|not-applicable,List.of(...),base,"[1, 2, 3]","c|[1, 1.0, 0],[1, 1.0, 1],[1, 1.5, 1]|integer|as-sorted",true,true
P24_21_1_1_10,"HashMap<String,V>",emptykey,{'': 'empty-string key'},c|t|656d7074792d737472696e67206b6579|16|16|16|text|not-applicable,List.of(...),bigint,[9223372036854775808],"c|[1, 1.0, 63]|integer|as-sorted",true,true
P24_21_1_2_10,"HashMap<String,V>",emptykey,{'': 'empty-string key'},c|t|656d7074792d737472696e67206b6579|16|16|16|text|not-applicable,List.of(...),empty,[],c||empty|as-sorted,true,true
P24_21_1_3_10,"HashMap<String,V>",emptykey,{'': 'empty-string key'},c|t|656d7074792d737472696e67206b6579|16|16|16|text|not-applicable,List.of(...),mixed,"[1, 'two', 3.0, True, None]","c|[1, 1.0, 0],[1, 1.5, 1],null,true,t|74776f|3|3|3|integer|reordered",,RAISE:NullPointerException
P24_21_1_4_10,"HashMap<String,V>",emptykey,{'': 'empty-string key'},c|t|656d7074792d737472696e67206b6579|16|16|16|text|not-applicable,List.of(...),strs,"['a', 'b']","c|t|61|1|1|1,t|62|1|1|1|integer|as-sorted",true,true
P24_21_2_0_10,"HashMap<String,V>",flat,"{'a': 1, 'b': 2, 'c': 3}","c|[1, 1.0, 0],[1, 1.0, 1],[1, 1.5, 1]|text|not-applicable",List.of(...),base,"[1, 2, 3]","c|[1, 1.0, 0],[1, 1.0, 1],[1, 1.5, 1]|integer|as-sorted",true,true
P24_21_2_1_10,"HashMap<String,V>",flat,"{'a': 1, 'b': 2, 'c': 3}","c|[1, 1.0, 0],[1, 1.0, 1],[1, 1.5, 1]|text|not-applicable",List.of(...),bigint,[9223372036854775808],"c|[1, 1.0, 63]|integer|as-sorted",true,true
P24_21_2_2_10,"HashMap<String,V>",flat,"{'a': 1, 'b': 2, 'c': 3}","c|[1, 1.0, 0],[1, 1.0, 1],[1, 1.5, 1]|text|not-applicable",List.of(...),empty,[],c||empty|as-sorted,true,true
P24_21_2_3_10,"HashMap<String,V>",flat,"{'a': 1, 'b': 2, 'c': 3}","c|[1, 1.0, 0],[1, 1.0, 1],[1, 1.5, 1]|text|not-applicable",List.of(...),mixed,"[1, 'two', 3.0, True, None]","c|[1, 1.0, 0],[1, 1.5, 1],null,true,t|74776f|3|3|3|integer|reordered",,RAISE:NullPointerException
P24_21_2_4_10,"HashMap<String,V>",flat,"{'a': 1, 'b': 2, 'c': 3}","c|[1, 1.0, 0],[1, 1.0, 1],[1, 1.5, 1]|text|not-applicable",List.of(...),strs,"['a', 'b']","c|t|61|1|1|1,t|62|1|1|1|integer|as-sorted",true,true
P24_21_3_0_10,"HashMap<String,V>",intlike,"{'1': 'string-one-key', 'b': 2}","c|[1, 1.0, 1],t|737472696e672d6f6e652d6b6579|14|14|14|text|not-applicable",List.of(...),base,"[1, 2, 3]","c|[1, 1.0, 0],[1, 1.0, 1],[1, 1.5, 1]|integer|as-sorted",true,true
P24_21_3_1_10,"HashMap<String,V>",intlike,"{'1': 'string-one-key', 'b': 2}","c|[1, 1.0, 1],t|737472696e672d6f6e652d6b6579|14|14|14|text|not-applicable",List.of(...),bigint,[9223372036854775808],"c|[1, 1.0, 63]|integer|as-sorted",true,true
P24_21_3_2_10,"HashMap<String,V>",intlike,"{'1': 'string-one-key', 'b': 2}","c|[1, 1.0, 1],t|737472696e672d6f6e652d6b6579|14|14|14|text|not-applicable",List.of(...),empty,[],c||empty|as-sorted,true,true
P24_21_3_3_10,"HashMap<String,V>",intlike,"{'1': 'string-one-key', 'b': 2}","c|[1, 1.0, 1],t|737472696e672d6f6e652d6b6579|14|14|14|text|not-applicable",List.of(...),mixed,"[1, 'two', 3.0, True, None]","c|[1, 1.0, 0],[1, 1.5, 1],null,true,t|74776f|3|3|3|integer|reordered",,RAISE:NullPointerException
P24_21_3_4_10,"HashMap<String,V>",intlike,"{'1': 'string-one-key', 'b': 2}","c|[1, 1.0, 1],t|737472696e672d6f6e652d6b6579|14|14|14|text|not-applicable",List.of(...),strs,"['a', 'b']","c|t|61|1|1|1,t|62|1|1|1|integer|as-sorted",true,true
P24_21_4_0_10,"HashMap<String,V>",nested,"{'outer': {'inner': [1, 2]}}","c|c|c|[1, 1.0, 0],[1, 1.0, 1]|integer|as-sorted|text|not-applicable|text|not-applicable",List.of(...),base,"[1, 2, 3]","c|[1, 1.0, 0],[1, 1.0, 1],[1, 1.5, 1]|integer|as-sorted",true,true
P24_21_4_1_10,"HashMap<String,V>",nested,"{'outer': {'inner': [1, 2]}}","c|c|c|[1, 1.0, 0],[1, 1.0, 1]|integer|as-sorted|text|not-applicable|text|not-applicable",List.of(...),bigint,[9223372036854775808],"c|[1, 1.0, 63]|integer|as-sorted",true,true
P24_21_4_2_10,"HashMap<String,V>",nested,"{'outer': {'inner': [1, 2]}}","c|c|c|[1, 1.0, 0],[1, 1.0, 1]|integer|as-sorted|text|not-applicable|text|not-applicable",List.of(...),empty,[],c||empty|as-sorted,true,true
P24_21_4_3_10,"HashMap<String,V>",nested,"{'outer': {'inner': [1, 2]}}","c|c|c|[1, 1.0, 0],[1, 1.0, 1]|integer|as-sorted|text|not-applicable|text|not-applicable",List.of(...),mixed,"[1, 'two', 3.0, True, None]","c|[1, 1.0, 0],[1, 1.5, 1],null,true,t|74776f|3|3|3|integer|reordered",,RAISE:NullPointerException
P24_21_4_4_10,"HashMap<String,V>",nested,"{'outer': {'inner': [1, 2]}}","c|c|c|[1, 1.0, 0],[1, 1.0, 1]|integer|as-sorted|text|not-applicable|text|not-applicable",List.of(...),strs,"['a', 'b']","c|t|61|1|1|1,t|62|1|1|1|integer|as-sorted",true,true
P24_24_0_0_10,"HashMap<String,V>",empty,{},c||empty|not-applicable,"HashMap<String,V>",empty,{},c||empty|not-applicable,true,true
P24_24_0_2_10,"HashMap<String,V>",empty,{},c||empty|not-applicable,"HashMap<String,V>",flat,"{'a': 1, 'b': 2, 'c': 3}","c|[1, 1.0, 0],[1, 1.0, 1],[1, 1.5, 1]|text|not-applicable",true,true
P24_24_1_1_10,"HashMap<String,V>",emptykey,{'': 'empty-string key'},c|t|656d7074792d737472696e67206b6579|16|16|16|text|not-applicable,"HashMap<String,V>",emptykey,{'': 'empty-string key'},c|t|656d7074792d737472696e67206b6579|16|16|16|text|not-applicable,true,true
P24_24_2_0_10,"HashMap<String,V>",flat,"{'a': 1, 'b': 2, 'c': 3}","c|[1, 1.0, 0],[1, 1.0, 1],[1, 1.5, 1]|text|not-applicable","HashMap<String,V>",empty,{},c||empty|not-applicable,true,true
P24_24_2_2_10,"HashMap<String,V>",flat,"{'a': 1, 'b': 2, 'c': 3}","c|[1, 1.0, 0],[1, 1.0, 1],[1, 1.5, 1]|text|not-applicable","HashMap<String,V>",flat,"{'a': 1, 'b': 2, 'c': 3}","c|[1, 1.0, 0],[1, 1.0, 1],[1, 1.5, 1]|text|not-applicable",true,true
P24_24_3_3_10,"HashMap<String,V>",intlike,"{'1': 'string-one-key', 'b': 2}","c|[1, 1.0, 1],t|737472696e672d6f6e652d6b6579|14|14|14|text|not-applicable","HashMap<String,V>",intlike,"{'1': 'string-one-key', 'b': 2}","c|[1, 1.0, 1],t|737472696e672d6f6e652d6b6579|14|14|14|text|not-applicable",true,true
P24_24_3_4_10,"HashMap<String,V>",intlike,"{'1': 'string-one-key', 'b': 2}","c|[1, 1.0, 1],t|737472696e672d6f6e652d6b6579|14|14|14|text|not-applicable","HashMap<String,V>",nested,"{'outer': {'inner': [1, 2]}}","c|c|c|[1, 1.0, 0],[1, 1.0, 1]|integer|as-sorted|text|not-applicable|text|not-applicable",true,true
P24_24_4_3_10,"HashMap<String,V>",nested,"{'outer': {'inner': [1, 2]}}","c|c|c|[1, 1.0, 0],[1, 1.0, 1]|integer|as-sorted|text|not-applicable|text|not-applicable","HashMap<String,V>",intlike,"{'1': 'string-one-key', 'b': 2}","c|[1, 1.0, 1],t|737472696e672d6f6e652d6b6579|14|14|14|text|not-applicable",true,true
P24_25_0_0_10,"HashMap<String,V>",empty,{},c||empty|not-applicable,"LinkedHashMap<String,V>",empty,{},c||empty|not-applicable,true,true
P24_25_0_2_10,"HashMap<String,V>",empty,{},c||empty|not-applicable,"LinkedHashMap<String,V>",flat,"{'a': 1, 'b': 2, 'c': 3}","c|[1, 1.0, 0],[1, 1.0, 1],[1, 1.5, 1]|text|not-applicable",true,true
P24_25_1_1_10,"HashMap<String,V>",emptykey,{'': 'empty-string key'},c|t|656d7074792d737472696e67206b6579|16|16|16|text|not-applicable,"LinkedHashMap<String,V>",emptykey,{'': 'empty-string key'},c|t|656d7074792d737472696e67206b6579|16|16|16|text|not-applicable,true,true
P24_25_2_0_10,"HashMap<String,V>",flat,"{'a': 1, 'b': 2, 'c': 3}","c|[1, 1.0, 0],[1, 1.0, 1],[1, 1.5, 1]|text|not-applicable","LinkedHashMap<String,V>",empty,{},c||empty|not-applicable,true,true
P24_25_2_2_10,"HashMap<String,V>",flat,"{'a': 1, 'b': 2, 'c': 3}","c|[1, 1.0, 0],[1, 1.0, 1],[1, 1.5, 1]|text|not-applicable","LinkedHashMap<String,V>",flat,"{'a': 1, 'b': 2, 'c': 3}","c|[1, 1.0, 0],[1, 1.0, 1],[1, 1.5, 1]|text|not-applicable",true,true
P24_25_3_3_10,"HashMap<String,V>",intlike,"{'1': 'string-one-key', 'b': 2}","c|[1, 1.0, 1],t|737472696e672d6f6e652d6b6579|14|14|14|text|not-applicable","LinkedHashMap<String,V>",intlike,"{'1': 'string-one-key', 'b': 2}","c|[1, 1.0, 1],t|737472696e672d6f6e652d6b6579|14|14|14|text|not-applicable",true,true
P24_25_3_4_10,"HashMap<String,V>",intlike,"{'1': 'string-one-key', 'b': 2}","c|[1, 1.0, 1],t|737472696e672d6f6e652d6b6579|14|14|14|text|not-applicable","LinkedHashMap<String,V>",nested,"{'outer': {'inner': [1, 2]}}","c|c|c|[1, 1.0, 0],[1, 1.0, 1]|integer|as-sorted|text|not-applicable|text|not-applicable",true,true
P24_25_4_3_10,"HashMap<String,V>",nested,"{'outer': {'inner': [1, 2]}}","c|c|c|[1, 1.0, 0],[1, 1.0, 1]|integer|as-sorted|text|not-applicable|text|not-applicable","LinkedHashMap<String,V>",intlike,"{'1': 'string-one-key', 'b': 2}","c|[1, 1.0, 1],t|737472696e672d6f6e652d6b6579|14|14|14|text|not-applicable",true,true
P24_29_0_0_10,"HashMap<String,V>",empty,{},c||empty|not-applicable,List<List<Object>>,mixed_depth,"[1, [2, {'k': (3, None, 't')}], True]","c|[1, 1.0, 0],c|[1, 1.0, 1],c|c|[1, 1.5, 1],null,t|74|1|1|1|integer|reordered|text|not-applicable|integer|reordered,true|integer|as-sorted",true,true
P24_29_0_2_10,"HashMap<String,V>",empty,{},c||empty|not-applicable,List<List<Object>>,seq_in_seq,"[[1, 2], [3, 4]]","c|c|[1, 1.0, 0],[1, 1.0, 1]|integer|as-sorted,c|[1, 1.0, 2],[1, 1.5, 1]|integer|as-sorted|integer|as-sorted",true,true
P24_29_1_0_10,"HashMap<String,V>",emptykey,{'': 'empty-string key'},c|t|656d7074792d737472696e67206b6579|16|16|16|text|not-applicable,List<List<Object>>,mixed_depth,"[1, [2, {'k': (3, None, 't')}], True]","c|[1, 1.0, 0],c|[1, 1.0, 1],c|c|[1, 1.5, 1],null,t|74|1|1|1|integer|reordered|text|not-applicable|integer|reordered,true|integer|as-sorted",true,true
P24_29_1_2_10,"HashMap<String,V>",emptykey,{'': 'empty-string key'},c|t|656d7074792d737472696e67206b6579|16|16|16|text|not-applicable,List<List<Object>>,seq_in_seq,"[[1, 2], [3, 4]]","c|c|[1, 1.0, 0],[1, 1.0, 1]|integer|as-sorted,c|[1, 1.0, 2],[1, 1.5, 1]|integer|as-sorted|integer|as-sorted",true,true
P24_29_2_0_10,"HashMap<String,V>",flat,"{'a': 1, 'b': 2, 'c': 3}","c|[1, 1.0, 0],[1, 1.0, 1],[1, 1.5, 1]|text|not-applicable",List<List<Object>>,mixed_depth,"[1, [2, {'k': (3, None, 't')}], True]","c|[1, 1.0, 0],c|[1, 1.0, 1],c|c|[1, 1.5, 1],null,t|74|1|1|1|integer|reordered|text|not-applicable|integer|reordered,true|integer|as-sorted",true,true
P24_29_2_2_10,"HashMap<String,V>",flat,"{'a': 1, 'b': 2, 'c': 3}","c|[1, 1.0, 0],[1, 1.0, 1],[1, 1.5, 1]|text|not-applicable",List<List<Object>>,seq_in_seq,"[[1, 2], [3, 4]]","c|c|[1, 1.0, 0],[1, 1.0, 1]|integer|as-sorted,c|[1, 1.0, 2],[1, 1.5, 1]|integer|as-sorted|integer|as-sorted",true,true
P24_29_3_0_10,"HashMap<String,V>",intlike,"{'1': 'string-one-key', 'b': 2}","c|[1, 1.0, 1],t|737472696e672d6f6e652d6b6579|14|14|14|text|not-applicable",List<List<Object>>,mixed_depth,"[1, [2, {'k': (3, None, 't')}], True]","c|[1, 1.0, 0],c|[1, 1.0, 1],c|c|[1, 1.5, 1],null,t|74|1|1|1|integer|reordered|text|not-applicable|integer|reordered,true|integer|as-sorted",true,true
P24_29_3_1_10,"HashMap<String,V>",intlike,"{'1': 'string-one-key', 'b': 2}","c|[1, 1.0, 1],t|737472696e672d6f6e652d6b6579|14|14|14|text|not-applicable",List<List<Object>>,seq_in_map,"{'outer': {'inner': [1, 2]}}","c|c|c|[1, 1.0, 0],[1, 1.0, 1]|integer|as-sorted|text|not-applicable|text|not-applicable",true,true
P24_29_3_2_10,"HashMap<String,V>",intlike,"{'1': 'string-one-key', 'b': 2}","c|[1, 1.0, 1],t|737472696e672d6f6e652d6b6579|14|14|14|text|not-applicable",List<List<Object>>,seq_in_seq,"[[1, 2], [3, 4]]","c|c|[1, 1.0, 0],[1, 1.0, 1]|integer|as-sorted,c|[1, 1.0, 2],[1, 1.5, 1]|integer|as-sorted|integer|as-sorted",true,true
P24_29_4_0_10,"HashMap<String,V>",nested,"{'outer': {'inner': [1, 2]}}","c|c|c|[1, 1.0, 0],[1, 1.0, 1]|integer|as-sorted|text|not-applicable|text|not-applicable",List<List<Object>>,mixed_depth,"[1, [2, {'k': (3, None, 't')}], True]","c|[1, 1.0, 0],c|[1, 1.0, 1],c|c|[1, 1.5, 1],null,t|74|1|1|1|integer|reordered|text|not-applicable|integer|reordered,true|integer|as-sorted",true,true
P24_29_4_1_10,"HashMap<String,V>",nested,"{'outer': {'inner': [1, 2]}}","c|c|c|[1, 1.0, 0],[1, 1.0, 1]|integer|as-sorted|text|not-applicable|text|not-applicable",List<List<Object>>,seq_in_map,"{'outer': {'inner': [1, 2]}}","c|c|c|[1, 1.0, 0],[1, 1.0, 1]|integer|as-sorted|text|not-applicable|text|not-applicable",true,true
P24_29_4_2_10,"HashMap<String,V>",nested,"{'outer': {'inner': [1, 2]}}","c|c|c|[1, 1.0, 0],[1, 1.0, 1]|integer|as-sorted|text|not-applicable|text|not-applicable",List<List<Object>>,seq_in_seq,"[[1, 2], [3, 4]]","c|c|[1, 1.0, 0],[1, 1.0, 1]|integer|as-sorted,c|[1, 1.0, 2],[1, 1.5, 1]|integer|as-sorted|integer|as-sorted",true,true
P24_30_3_0_10,"HashMap<String,V>",intlike,"{'1': 'string-one-key', 'b': 2}","c|[1, 1.0, 1],t|737472696e672d6f6e652d6b6579|14|14|14|text|not-applicable","Map<String,Object> nesting",mixed_depth,"[1, [2, {'k': (3, None, 't')}], True]","c|[1, 1.0, 0],c|[1, 1.0, 1],c|c|[1, 1.5, 1],null,t|74|1|1|1|integer|reordered|text|not-applicable|integer|reordered,true|integer|as-sorted",true,true
P24_30_3_1_10,"HashMap<String,V>",intlike,"{'1': 'string-one-key', 'b': 2}","c|[1, 1.0, 1],t|737472696e672d6f6e652d6b6579|14|14|14|text|not-applicable","Map<String,Object> nesting",seq_in_map,"{'outer': {'inner': [1, 2]}}","c|c|c|[1, 1.0, 0],[1, 1.0, 1]|integer|as-sorted|text|not-applicable|text|not-applicable",true,true
P24_30_3_2_10,"HashMap<String,V>",intlike,"{'1': 'string-one-key', 'b': 2}","c|[1, 1.0, 1],t|737472696e672d6f6e652d6b6579|14|14|14|text|not-applicable","Map<String,Object> nesting",seq_in_seq,"[[1, 2], [3, 4]]","c|c|[1, 1.0, 0],[1, 1.0, 1]|integer|as-sorted,c|[1, 1.0, 2],[1, 1.5, 1]|integer|as-sorted|integer|as-sorted",true,true
P24_30_4_0_10,"HashMap<String,V>",nested,"{'outer': {'inner': [1, 2]}}","c|c|c|[1, 1.0, 0],[1, 1.0, 1]|integer|as-sorted|text|not-applicable|text|not-applicable","Map<String,Object> nesting",mixed_depth,"[1, [2, {'k': (3, None, 't')}], True]","c|[1, 1.0, 0],c|[1, 1.0, 1],c|c|[1, 1.5, 1],null,t|74|1|1|1|integer|reordered|text|not-applicable|integer|reordered,true|integer|as-sorted",true,true
P24_30_4_1_10,"HashMap<String,V>",nested,"{'outer': {'inner': [1, 2]}}","c|c|c|[1, 1.0, 0],[1, 1.0, 1]|integer|as-sorted|text|not-applicable|text|not-applicable","Map<String,Object> nesting",seq_in_map,"{'outer': {'inner': [1, 2]}}","c|c|c|[1, 1.0, 0],[1, 1.0, 1]|integer|as-sorted|text|not-applicable|text|not-applicable",true,true
P25_21_0_0_10,"LinkedHashMap<String,V>",empty,{},c||empty|not-applicable,List.of(...),base,"[1, 2, 3]","c|[1, 1.0, 0],[1, 1.0, 1],[1, 1.5, 1]|integer|as-sorted",true,true
P25_21_0_1_10,"LinkedHashMap<String,V>",empty,{},c||empty|not-applicable,List.of(...),bigint,[9223372036854775808],"c|[1, 1.0, 63]|integer|as-sorted",true,true
P25_21_0_2_10,"LinkedHashMap<String,V>",empty,{},c||empty|not-applicable,List.of(...),empty,[],c||empty|as-sorted,true,true
P25_21_0_3_10,"LinkedHashMap<String,V>",empty,{},c||empty|not-applicable,List.of(...),mixed,"[1, 'two', 3.0, True, None]","c|[1, 1.0, 0],[1, 1.5, 1],null,true,t|74776f|3|3|3|integer|reordered",,RAISE:NullPointerException
P25_21_0_4_10,"LinkedHashMap<String,V>",empty,{},c||empty|not-applicable,List.of(...),strs,"['a', 'b']","c|t|61|1|1|1,t|62|1|1|1|integer|as-sorted",true,true
P25_21_1_0_10,"LinkedHashMap<String,V>",emptykey,{'': 'empty-string key'},c|t|656d7074792d737472696e67206b6579|16|16|16|text|not-applicable,List.of(...),base,"[1, 2, 3]","c|[1, 1.0, 0],[1, 1.0, 1],[1, 1.5, 1]|integer|as-sorted",true,true
P25_21_1_1_10,"LinkedHashMap<String,V>",emptykey,{'': 'empty-string key'},c|t|656d7074792d737472696e67206b6579|16|16|16|text|not-applicable,List.of(...),bigint,[9223372036854775808],"c|[1, 1.0, 63]|integer|as-sorted",true,true
P25_21_1_2_10,"LinkedHashMap<String,V>",emptykey,{'': 'empty-string key'},c|t|656d7074792d737472696e67206b6579|16|16|16|text|not-applicable,List.of(...),empty,[],c||empty|as-sorted,true,true
P25_21_1_3_10,"LinkedHashMap<String,V>",emptykey,{'': 'empty-string key'},c|t|656d7074792d737472696e67206b6579|16|16|16|text|not-applicable,List.of(...),mixed,"[1, 'two', 3.0, True, None]","c|[1, 1.0, 0],[1, 1.5, 1],null,true,t|74776f|3|3|3|integer|reordered",,RAISE:NullPointerException
P25_21_1_4_10,"LinkedHashMap<String,V>",emptykey,{'': 'empty-string key'},c|t|656d7074792d737472696e67206b6579|16|16|16|text|not-applicable,List.of(...),strs,"['a', 'b']","c|t|61|1|1|1,t|62|1|1|1|integer|as-sorted",true,true
P25_21_2_0_10,"LinkedHashMap<String,V>",flat,"{'a': 1, 'b': 2, 'c': 3}","c|[1, 1.0, 0],[1, 1.0, 1],[1, 1.5, 1]|text|not-applicable",List.of(...),base,"[1, 2, 3]","c|[1, 1.0, 0],[1, 1.0, 1],[1, 1.5, 1]|integer|as-sorted",true,true
P25_21_2_1_10,"LinkedHashMap<String,V>",flat,"{'a': 1, 'b': 2, 'c': 3}","c|[1, 1.0, 0],[1, 1.0, 1],[1, 1.5, 1]|text|not-applicable",List.of(...),bigint,[9223372036854775808],"c|[1, 1.0, 63]|integer|as-sorted",true,true
P25_21_2_2_10,"LinkedHashMap<String,V>",flat,"{'a': 1, 'b': 2, 'c': 3}","c|[1, 1.0, 0],[1, 1.0, 1],[1, 1.5, 1]|text|not-applicable",List.of(...),empty,[],c||empty|as-sorted,true,true
P25_21_2_3_10,"LinkedHashMap<String,V>",flat,"{'a': 1, 'b': 2, 'c': 3}","c|[1, 1.0, 0],[1, 1.0, 1],[1, 1.5, 1]|text|not-applicable",List.of(...),mixed,"[1, 'two', 3.0, True, None]","c|[1, 1.0, 0],[1, 1.5, 1],null,true,t|74776f|3|3|3|integer|reordered",,RAISE:NullPointerException
P25_21_2_4_10,"LinkedHashMap<String,V>",flat,"{'a': 1, 'b': 2, 'c': 3}","c|[1, 1.0, 0],[1, 1.0, 1],[1, 1.5, 1]|text|not-applicable",List.of(...),strs,"['a', 'b']","c|t|61|1|1|1,t|62|1|1|1|integer|as-sorted",true,true
P25_21_3_0_10,"LinkedHashMap<String,V>",intlike,"{'1': 'string-one-key', 'b': 2}","c|[1, 1.0, 1],t|737472696e672d6f6e652d6b6579|14|14|14|text|not-applicable",List.of(...),base,"[1, 2, 3]","c|[1, 1.0, 0],[1, 1.0, 1],[1, 1.5, 1]|integer|as-sorted",true,true
P25_21_3_1_10,"LinkedHashMap<String,V>",intlike,"{'1': 'string-one-key', 'b': 2}","c|[1, 1.0, 1],t|737472696e672d6f6e652d6b6579|14|14|14|text|not-applicable",List.of(...),bigint,[9223372036854775808],"c|[1, 1.0, 63]|integer|as-sorted",true,true
P25_21_3_2_10,"LinkedHashMap<String,V>",intlike,"{'1': 'string-one-key', 'b': 2}","c|[1, 1.0, 1],t|737472696e672d6f6e652d6b6579|14|14|14|text|not-applicable",List.of(...),empty,[],c||empty|as-sorted,true,true
P25_21_3_3_10,"LinkedHashMap<String,V>",intlike,"{'1': 'string-one-key', 'b': 2}","c|[1, 1.0, 1],t|737472696e672d6f6e652d6b6579|14|14|14|text|not-applicable",List.of(...),mixed,"[1, 'two', 3.0, True, None]","c|[1, 1.0, 0],[1, 1.5, 1],null,true,t|74776f|3|3|3|integer|reordered",,RAISE:NullPointerException
P25_21_3_4_10,"LinkedHashMap<String,V>",intlike,"{'1': 'string-one-key', 'b': 2}","c|[1, 1.0, 1],t|737472696e672d6f6e652d6b6579|14|14|14|text|not-applicable",List.of(...),strs,"['a', 'b']","c|t|61|1|1|1,t|62|1|1|1|integer|as-sorted",true,true
P25_21_4_0_10,"LinkedHashMap<String,V>",nested,"{'outer': {'inner': [1, 2]}}","c|c|c|[1, 1.0, 0],[1, 1.0, 1]|integer|as-sorted|text|not-applicable|text|not-applicable",List.of(...),base,"[1, 2, 3]","c|[1, 1.0, 0],[1, 1.0, 1],[1, 1.5, 1]|integer|as-sorted",true,true
P25_21_4_1_10,"LinkedHashMap<String,V>",nested,"{'outer': {'inner': [1, 2]}}","c|c|c|[1, 1.0, 0],[1, 1.0, 1]|integer|as-sorted|text|not-applicable|text|not-applicable",List.of(...),bigint,[9223372036854775808],"c|[1, 1.0, 63]|integer|as-sorted",true,true
P25_21_4_2_10,"LinkedHashMap<String,V>",nested,"{'outer': {'inner': [1, 2]}}","c|c|c|[1, 1.0, 0],[1, 1.0, 1]|integer|as-sorted|text|not-applicable|text|not-applicable",List.of(...),empty,[],c||empty|as-sorted,true,true
P25_21_4_3_10,"LinkedHashMap<String,V>",nested,"{'outer': {'inner': [1, 2]}}","c|c|c|[1, 1.0, 0],[1, 1.0, 1]|integer|as-sorted|text|not-applicable|text|not-applicable",List.of(...),mixed,"[1, 'two', 3.0, True, None]","c|[1, 1.0, 0],[1, 1.5, 1],null,true,t|74776f|3|3|3|integer|reordered",,RAISE:NullPointerException
P25_21_4_4_10,"LinkedHashMap<String,V>",nested,"{'outer': {'inner': [1, 2]}}","c|c|c|[1, 1.0, 0],[1, 1.0, 1]|integer|as-sorted|text|not-applicable|text|not-applicable",List.of(...),strs,"['a', 'b']","c|t|61|1|1|1,t|62|1|1|1|integer|as-sorted",true,true
P25_24_0_0_10,"LinkedHashMap<String,V>",empty,{},c||empty|not-applicable,"HashMap<String,V>",empty,{},c||empty|not-applicable,true,true
P25_24_0_2_10,"LinkedHashMap<String,V>",empty,{},c||empty|not-applicable,"HashMap<String,V>",flat,"{'a': 1, 'b': 2, 'c': 3}","c|[1, 1.0, 0],[1, 1.0, 1],[1, 1.5, 1]|text|not-applicable",true,true
P25_24_1_1_10,"LinkedHashMap<String,V>",emptykey,{'': 'empty-string key'},c|t|656d7074792d737472696e67206b6579|16|16|16|text|not-applicable,"HashMap<String,V>",emptykey,{'': 'empty-string key'},c|t|656d7074792d737472696e67206b6579|16|16|16|text|not-applicable,true,true
P25_24_2_0_10,"LinkedHashMap<String,V>",flat,"{'a': 1, 'b': 2, 'c': 3}","c|[1, 1.0, 0],[1, 1.0, 1],[1, 1.5, 1]|text|not-applicable","HashMap<String,V>",empty,{},c||empty|not-applicable,true,true
P25_24_2_2_10,"LinkedHashMap<String,V>",flat,"{'a': 1, 'b': 2, 'c': 3}","c|[1, 1.0, 0],[1, 1.0, 1],[1, 1.5, 1]|text|not-applicable","HashMap<String,V>",flat,"{'a': 1, 'b': 2, 'c': 3}","c|[1, 1.0, 0],[1, 1.0, 1],[1, 1.5, 1]|text|not-applicable",true,true
P25_24_3_3_10,"LinkedHashMap<String,V>",intlike,"{'1': 'string-one-key', 'b': 2}","c|[1, 1.0, 1],t|737472696e672d6f6e652d6b6579|14|14|14|text|not-applicable","HashMap<String,V>",intlike,"{'1': 'string-one-key', 'b': 2}","c|[1, 1.0, 1],t|737472696e672d6f6e652d6b6579|14|14|14|text|not-applicable",true,true
P25_24_3_4_10,"LinkedHashMap<String,V>",intlike,"{'1': 'string-one-key', 'b': 2}","c|[1, 1.0, 1],t|737472696e672d6f6e652d6b6579|14|14|14|text|not-applicable","HashMap<String,V>",nested,"{'outer': {'inner': [1, 2]}}","c|c|c|[1, 1.0, 0],[1, 1.0, 1]|integer|as-sorted|text|not-applicable|text|not-applicable",true,true
P25_24_4_3_10,"LinkedHashMap<String,V>",nested,"{'outer': {'inner': [1, 2]}}","c|c|c|[1, 1.0, 0],[1, 1.0, 1]|integer|as-sorted|text|not-applicable|text|not-applicable","HashMap<String,V>",intlike,"{'1': 'string-one-key', 'b': 2}","c|[1, 1.0, 1],t|737472696e672d6f6e652d6b6579|14|14|14|text|not-applicable",true,true
P25_25_0_0_10,"LinkedHashMap<String,V>",empty,{},c||empty|not-applicable,"LinkedHashMap<String,V>",empty,{},c||empty|not-applicable,true,true
P25_25_0_2_10,"LinkedHashMap<String,V>",empty,{},c||empty|not-applicable,"LinkedHashMap<String,V>",flat,"{'a': 1, 'b': 2, 'c': 3}","c|[1, 1.0, 0],[1, 1.0, 1],[1, 1.5, 1]|text|not-applicable",true,true
P25_25_1_1_10,"LinkedHashMap<String,V>",emptykey,{'': 'empty-string key'},c|t|656d7074792d737472696e67206b6579|16|16|16|text|not-applicable,"LinkedHashMap<String,V>",emptykey,{'': 'empty-string key'},c|t|656d7074792d737472696e67206b6579|16|16|16|text|not-applicable,true,true
P25_25_2_0_10,"LinkedHashMap<String,V>",flat,"{'a': 1, 'b': 2, 'c': 3}","c|[1, 1.0, 0],[1, 1.0, 1],[1, 1.5, 1]|text|not-applicable","LinkedHashMap<String,V>",empty,{},c||empty|not-applicable,true,true
P25_25_2_2_10,"LinkedHashMap<String,V>",flat,"{'a': 1, 'b': 2, 'c': 3}","c|[1, 1.0, 0],[1, 1.0, 1],[1, 1.5, 1]|text|not-applicable","LinkedHashMap<String,V>",flat,"{'a': 1, 'b': 2, 'c': 3}","c|[1, 1.0, 0],[1, 1.0, 1],[1, 1.5, 1]|text|not-applicable",true,true
P25_25_3_3_10,"LinkedHashMap<String,V>",intlike,"{'1': 'string-one-key', 'b': 2}","c|[1, 1.0, 1],t|737472696e672d6f6e652d6b6579|14|14|14|text|not-applicable","LinkedHashMap<String,V>",intlike,"{'1': 'string-one-key', 'b': 2}","c|[1, 1.0, 1],t|737472696e672d6f6e652d6b6579|14|14|14|text|not-applicable",true,true
P25_25_3_4_10,"LinkedHashMap<String,V>",intlike,"{'1': 'string-one-key', 'b': 2}","c|[1, 1.0, 1],t|737472696e672d6f6e652d6b6579|14|14|14|text|not-applicable","LinkedHashMap<String,V>",nested,"{'outer': {'inner': [1, 2]}}","c|c|c|[1, 1.0, 0],[1, 1.0, 1]|integer|as-sorted|text|not-applicable|text|not-applicable",true,true
P25_25_4_3_10,"LinkedHashMap<String,V>",nested,"{'outer': {'inner': [1, 2]}}","c|c|c|[1, 1.0, 0],[1, 1.0, 1]|integer|as-sorted|text|not-applicable|text|not-applicable","LinkedHashMap<String,V>",intlike,"{'1': 'string-one-key', 'b': 2}","c|[1, 1.0, 1],t|737472696e672d6f6e652d6b6579|14|14|14|text|not-applicable",true,true
P25_29_0_0_10,"LinkedHashMap<String,V>",empty,{},c||empty|not-applicable,List<List<Object>>,mixed_depth,"[1, [2, {'k': (3, None, 't')}], True]","c|[1, 1.0, 0],c|[1, 1.0, 1],c|c|[1, 1.5, 1],null,t|74|1|1|1|integer|reordered|text|not-applicable|integer|reordered,true|integer|as-sorted",true,true
P25_29_0_2_10,"LinkedHashMap<String,V>",empty,{},c||empty|not-applicable,List<List<Object>>,seq_in_seq,"[[1, 2], [3, 4]]","c|c|[1, 1.0, 0],[1, 1.0, 1]|integer|as-sorted,c|[1, 1.0, 2],[1, 1.5, 1]|integer|as-sorted|integer|as-sorted",true,true
P25_29_1_0_10,"LinkedHashMap<String,V>",emptykey,{'': 'empty-string key'},c|t|656d7074792d737472696e67206b6579|16|16|16|text|not-applicable,List<List<Object>>,mixed_depth,"[1, [2, {'k': (3, None, 't')}], True]","c|[1, 1.0, 0],c|[1, 1.0, 1],c|c|[1, 1.5, 1],null,t|74|1|1|1|integer|reordered|text|not-applicable|integer|reordered,true|integer|as-sorted",true,true
P25_29_1_2_10,"LinkedHashMap<String,V>",emptykey,{'': 'empty-string key'},c|t|656d7074792d737472696e67206b6579|16|16|16|text|not-applicable,List<List<Object>>,seq_in_seq,"[[1, 2], [3, 4]]","c|c|[1, 1.0, 0],[1, 1.0, 1]|integer|as-sorted,c|[1, 1.0, 2],[1, 1.5, 1]|integer|as-sorted|integer|as-sorted",true,true
P25_29_2_0_10,"LinkedHashMap<String,V>",flat,"{'a': 1, 'b': 2, 'c': 3}","c|[1, 1.0, 0],[1, 1.0, 1],[1, 1.5, 1]|text|not-applicable",List<List<Object>>,mixed_depth,"[1, [2, {'k': (3, None, 't')}], True]","c|[1, 1.0, 0],c|[1, 1.0, 1],c|c|[1, 1.5, 1],null,t|74|1|1|1|integer|reordered|text|not-applicable|integer|reordered,true|integer|as-sorted",true,true
P25_29_2_2_10,"LinkedHashMap<String,V>",flat,"{'a': 1, 'b': 2, 'c': 3}","c|[1, 1.0, 0],[1, 1.0, 1],[1, 1.5, 1]|text|not-applicable",List<List<Object>>,seq_in_seq,"[[1, 2], [3, 4]]","c|c|[1, 1.0, 0],[1, 1.0, 1]|integer|as-sorted,c|[1, 1.0, 2],[1, 1.5, 1]|integer|as-sorted|integer|as-sorted",true,true
P25_29_3_0_10,"LinkedHashMap<String,V>",intlike,"{'1': 'string-one-key', 'b': 2}","c|[1, 1.0, 1],t|737472696e672d6f6e652d6b6579|14|14|14|text|not-applicable",List<List<Object>>,mixed_depth,"[1, [2, {'k': (3, None, 't')}], True]","c|[1, 1.0, 0],c|[1, 1.0, 1],c|c|[1, 1.5, 1],null,t|74|1|1|1|integer|reordered|text|not-applicable|integer|reordered,true|integer|as-sorted",true,true
P25_29_3_1_10,"LinkedHashMap<String,V>",intlike,"{'1': 'string-one-key', 'b': 2}","c|[1, 1.0, 1],t|737472696e672d6f6e652d6b6579|14|14|14|text|not-applicable",List<List<Object>>,seq_in_map,"{'outer': {'inner': [1, 2]}}","c|c|c|[1, 1.0, 0],[1, 1.0, 1]|integer|as-sorted|text|not-applicable|text|not-applicable",true,true
P25_29_3_2_10,"LinkedHashMap<String,V>",intlike,"{'1': 'string-one-key', 'b': 2}","c|[1, 1.0, 1],t|737472696e672d6f6e652d6b6579|14|14|14|text|not-applicable",List<List<Object>>,seq_in_seq,"[[1, 2], [3, 4]]","c|c|[1, 1.0, 0],[1, 1.0, 1]|integer|as-sorted,c|[1, 1.0, 2],[1, 1.5, 1]|integer|as-sorted|integer|as-sorted",true,true
P25_29_4_0_10,"LinkedHashMap<String,V>",nested,"{'outer': {'inner': [1, 2]}}","c|c|c|[1, 1.0, 0],[1, 1.0, 1]|integer|as-sorted|text|not-applicable|text|not-applicable",List<List<Object>>,mixed_depth,"[1, [2, {'k': (3, None, 't')}], True]","c|[1, 1.0, 0],c|[1, 1.0, 1],c|c|[1, 1.5, 1],null,t|74|1|1|1|integer|reordered|text|not-applicable|integer|reordered,true|integer|as-sorted",true,true
P25_29_4_1_10,"LinkedHashMap<String,V>",nested,"{'outer': {'inner': [1, 2]}}","c|c|c|[1, 1.0, 0],[1, 1.0, 1]|integer|as-sorted|text|not-applicable|text|not-applicable",List<List<Object>>,seq_in_map,"{'outer': {'inner': [1, 2]}}","c|c|c|[1, 1.0, 0],[1, 1.0, 1]|integer|as-sorted|text|not-applicable|text|not-applicable",true,true
P25_29_4_2_10,"LinkedHashMap<String,V>",nested,"{'outer': {'inner': [1, 2]}}","c|c|c|[1, 1.0, 0],[1, 1.0, 1]|integer|as-sorted|text|not-applicable|text|not-applicable",List<List<Object>>,seq_in_seq,"[[1, 2], [3, 4]]","c|c|[1, 1.0, 0],[1, 1.0, 1]|integer|as-sorted,c|[1, 1.0, 2],[1, 1.5, 1]|integer|as-sorted|integer|as-sorted",true,true
P25_30_3_0_10,"LinkedHashMap<String,V>",intlike,"{'1': 'string-one-key', 'b': 2}","c|[1, 1.0, 1],t|737472696e672d6f6e652d6b6579|14|14|14|text|not-applicable","Map<String,Object> nesting",mixed_depth,"[1, [2, {'k': (3, None, 't')}], True]","c|[1, 1.0, 0],c|[1, 1.0, 1],c|c|[1, 1.5, 1],null,t|74|1|1|1|integer|reordered|text|not-applicable|integer|reordered,true|integer|as-sorted",true,true
P25_30_3_1_10,"LinkedHashMap<String,V>",intlike,"{'1': 'string-one-key', 'b': 2}","c|[1, 1.0, 1],t|737472696e672d6f6e652d6b6579|14|14|14|text|not-applicable","Map<String,Object> nesting",seq_in_map,"{'outer': {'inner': [1, 2]}}","c|c|c|[1, 1.0, 0],[1, 1.0, 1]|integer|as-sorted|text|not-applicable|text|not-applicable",true,true
P25_30_3_2_10,"LinkedHashMap<String,V>",intlike,"{'1': 'string-one-key', 'b': 2}","c|[1, 1.0, 1],t|737472696e672d6f6e652d6b6579|14|14|14|text|not-applicable","Map<String,Object> nesting",seq_in_seq,"[[1, 2], [3, 4]]","c|c|[1, 1.0, 0],[1, 1.0, 1]|integer|as-sorted,c|[1, 1.0, 2],[1, 1.5, 1]|integer|as-sorted|integer|as-sorted",true,true
P25_30_4_0_10,"LinkedHashMap<String,V>",nested,"{'outer': {'inner': [1, 2]}}","c|c|c|[1, 1.0, 0],[1, 1.0, 1]|integer|as-sorted|text|not-applicable|text|not-applicable","Map<String,Object> nesting",mixed_depth,"[1, [2, {'k': (3, None, 't')}], True]","c|[1, 1.0, 0],c|[1, 1.0, 1],c|c|[1, 1.5, 1],null,t|74|1|1|1|integer|reordered|text|not-applicable|integer|reordered,true|integer|as-sorted",true,true
P25_30_4_1_10,"LinkedHashMap<String,V>",nested,"{'outer': {'inner': [1, 2]}}","c|c|c|[1, 1.0, 0],[1, 1.0, 1]|integer|as-sorted|text|not-applicable|text|not-applicable","Map<String,Object> nesting",seq_in_map,"{'outer': {'inner': [1, 2]}}","c|c|c|[1, 1.0, 0],[1, 1.0, 1]|integer|as-sorted|text|not-applicable|text|not-applicable",true,true
P26_21_0_0_10,"TreeMap<String,V>",empty,{},c||empty|not-applicable,List.of(...),base,"[1, 2, 3]","c|[1, 1.0, 0],[1, 1.0, 1],[1, 1.5, 1]|integer|as-sorted",true,true
P26_21_0_1_10,"TreeMap<String,V>",empty,{},c||empty|not-applicable,List.of(...),bigint,[9223372036854775808],"c|[1, 1.0, 63]|integer|as-sorted",true,true
P26_21_0_2_10,"TreeMap<String,V>",empty,{},c||empty|not-applicable,List.of(...),empty,[],c||empty|as-sorted,true,true
P26_21_0_3_10,"TreeMap<String,V>",empty,{},c||empty|not-applicable,List.of(...),mixed,"[1, 'two', 3.0, True, None]","c|[1, 1.0, 0],[1, 1.5, 1],null,true,t|74776f|3|3|3|integer|reordered",,RAISE:NullPointerException
P26_21_0_4_10,"TreeMap<String,V>",empty,{},c||empty|not-applicable,List.of(...),strs,"['a', 'b']","c|t|61|1|1|1,t|62|1|1|1|integer|as-sorted",true,true
P26_21_1_0_10,"TreeMap<String,V>",emptykey,{'': 'empty-string key'},c|t|656d7074792d737472696e67206b6579|16|16|16|text|not-applicable,List.of(...),base,"[1, 2, 3]","c|[1, 1.0, 0],[1, 1.0, 1],[1, 1.5, 1]|integer|as-sorted",true,true
P26_21_1_1_10,"TreeMap<String,V>",emptykey,{'': 'empty-string key'},c|t|656d7074792d737472696e67206b6579|16|16|16|text|not-applicable,List.of(...),bigint,[9223372036854775808],"c|[1, 1.0, 63]|integer|as-sorted",true,true
P26_21_1_2_10,"TreeMap<String,V>",emptykey,{'': 'empty-string key'},c|t|656d7074792d737472696e67206b6579|16|16|16|text|not-applicable,List.of(...),empty,[],c||empty|as-sorted,true,true
P26_21_1_3_10,"TreeMap<String,V>",emptykey,{'': 'empty-string key'},c|t|656d7074792d737472696e67206b6579|16|16|16|text|not-applicable,List.of(...),mixed,"[1, 'two', 3.0, True, None]","c|[1, 1.0, 0],[1, 1.5, 1],null,true,t|74776f|3|3|3|integer|reordered",,RAISE:NullPointerException
P26_21_1_4_10,"TreeMap<String,V>",emptykey,{'': 'empty-string key'},c|t|656d7074792d737472696e67206b6579|16|16|16|text|not-applicable,List.of(...),strs,"['a', 'b']","c|t|61|1|1|1,t|62|1|1|1|integer|as-sorted",true,true
P26_21_2_0_10,"TreeMap<String,V>",flat,"{'a': 1, 'b': 2, 'c': 3}","c|[1, 1.0, 0],[1, 1.0, 1],[1, 1.5, 1]|text|not-applicable",List.of(...),base,"[1, 2, 3]","c|[1, 1.0, 0],[1, 1.0, 1],[1, 1.5, 1]|integer|as-sorted",true,true
P26_21_2_1_10,"TreeMap<String,V>",flat,"{'a': 1, 'b': 2, 'c': 3}","c|[1, 1.0, 0],[1, 1.0, 1],[1, 1.5, 1]|text|not-applicable",List.of(...),bigint,[9223372036854775808],"c|[1, 1.0, 63]|integer|as-sorted",true,true
P26_21_2_2_10,"TreeMap<String,V>",flat,"{'a': 1, 'b': 2, 'c': 3}","c|[1, 1.0, 0],[1, 1.0, 1],[1, 1.5, 1]|text|not-applicable",List.of(...),empty,[],c||empty|as-sorted,true,true
P26_21_2_3_10,"TreeMap<String,V>",flat,"{'a': 1, 'b': 2, 'c': 3}","c|[1, 1.0, 0],[1, 1.0, 1],[1, 1.5, 1]|text|not-applicable",List.of(...),mixed,"[1, 'two', 3.0, True, None]","c|[1, 1.0, 0],[1, 1.5, 1],null,true,t|74776f|3|3|3|integer|reordered",,RAISE:NullPointerException
P26_21_2_4_10,"TreeMap<String,V>",flat,"{'a': 1, 'b': 2, 'c': 3}","c|[1, 1.0, 0],[1, 1.0, 1],[1, 1.5, 1]|text|not-applicable",List.of(...),strs,"['a', 'b']","c|t|61|1|1|1,t|62|1|1|1|integer|as-sorted",true,true
P26_21_3_0_10,"TreeMap<String,V>",intlike,"{'1': 'string-one-key', 'b': 2}","c|[1, 1.0, 1],t|737472696e672d6f6e652d6b6579|14|14|14|text|not-applicable",List.of(...),base,"[1, 2, 3]","c|[1, 1.0, 0],[1, 1.0, 1],[1, 1.5, 1]|integer|as-sorted",true,true
P26_21_3_1_10,"TreeMap<String,V>",intlike,"{'1': 'string-one-key', 'b': 2}","c|[1, 1.0, 1],t|737472696e672d6f6e652d6b6579|14|14|14|text|not-applicable",List.of(...),bigint,[9223372036854775808],"c|[1, 1.0, 63]|integer|as-sorted",true,true
P26_21_3_2_10,"TreeMap<String,V>",intlike,"{'1': 'string-one-key', 'b': 2}","c|[1, 1.0, 1],t|737472696e672d6f6e652d6b6579|14|14|14|text|not-applicable",List.of(...),empty,[],c||empty|as-sorted,true,true
P26_21_3_3_10,"TreeMap<String,V>",intlike,"{'1': 'string-one-key', 'b': 2}","c|[1, 1.0, 1],t|737472696e672d6f6e652d6b6579|14|14|14|text|not-applicable",List.of(...),mixed,"[1, 'two', 3.0, True, None]","c|[1, 1.0, 0],[1, 1.5, 1],null,true,t|74776f|3|3|3|integer|reordered",,RAISE:NullPointerException
P26_21_3_4_10,"TreeMap<String,V>",intlike,"{'1': 'string-one-key', 'b': 2}","c|[1, 1.0, 1],t|737472696e672d6f6e652d6b6579|14|14|14|text|not-applicable",List.of(...),strs,"['a', 'b']","c|t|61|1|1|1,t|62|1|1|1|integer|as-sorted",true,true
P26_21_4_0_10,"TreeMap<String,V>",nested,"{'outer': {'inner': [1, 2]}}","c|c|c|[1, 1.0, 0],[1, 1.0, 1]|integer|as-sorted|text|not-applicable|text|not-applicable",List.of(...),base,"[1, 2, 3]","c|[1, 1.0, 0],[1, 1.0, 1],[1, 1.5, 1]|integer|as-sorted",true,true
P26_21_4_1_10,"TreeMap<String,V>",nested,"{'outer': {'inner': [1, 2]}}","c|c|c|[1, 1.0, 0],[1, 1.0, 1]|integer|as-sorted|text|not-applicable|text|not-applicable",List.of(...),bigint,[9223372036854775808],"c|[1, 1.0, 63]|integer|as-sorted",true,true
P26_21_4_2_10,"TreeMap<String,V>",nested,"{'outer': {'inner': [1, 2]}}","c|c|c|[1, 1.0, 0],[1, 1.0, 1]|integer|as-sorted|text|not-applicable|text|not-applicable",List.of(...),empty,[],c||empty|as-sorted,true,true
P26_21_4_3_10,"TreeMap<String,V>",nested,"{'outer': {'inner': [1, 2]}}","c|c|c|[1, 1.0, 0],[1, 1.0, 1]|integer|as-sorted|text|not-applicable|text|not-applicable",List.of(...),mixed,"[1, 'two', 3.0, True, None]","c|[1, 1.0, 0],[1, 1.5, 1],null,true,t|74776f|3|3|3|integer|reordered",,RAISE:NullPointerException
P26_21_4_4_10,"TreeMap<String,V>",nested,"{'outer': {'inner': [1, 2]}}","c|c|c|[1, 1.0, 0],[1, 1.0, 1]|integer|as-sorted|text|not-applicable|text|not-applicable",List.of(...),strs,"['a', 'b']","c|t|61|1|1|1,t|62|1|1|1|integer|as-sorted",true,true
P26_26_0_0_10,"TreeMap<String,V>",empty,{},c||empty|not-applicable,"TreeMap<String,V>",empty,{},c||empty|not-applicable,true,true
P26_26_0_2_10,"TreeMap<String,V>",empty,{},c||empty|not-applicable,"TreeMap<String,V>",flat,"{'a': 1, 'b': 2, 'c': 3}","c|[1, 1.0, 0],[1, 1.0, 1],[1, 1.5, 1]|text|not-applicable",true,true
P26_26_1_1_10,"TreeMap<String,V>",emptykey,{'': 'empty-string key'},c|t|656d7074792d737472696e67206b6579|16|16|16|text|not-applicable,"TreeMap<String,V>",emptykey,{'': 'empty-string key'},c|t|656d7074792d737472696e67206b6579|16|16|16|text|not-applicable,true,true
P26_26_2_0_10,"TreeMap<String,V>",flat,"{'a': 1, 'b': 2, 'c': 3}","c|[1, 1.0, 0],[1, 1.0, 1],[1, 1.5, 1]|text|not-applicable","TreeMap<String,V>",empty,{},c||empty|not-applicable,true,true
P26_26_2_2_10,"TreeMap<String,V>",flat,"{'a': 1, 'b': 2, 'c': 3}","c|[1, 1.0, 0],[1, 1.0, 1],[1, 1.5, 1]|text|not-applicable","TreeMap<String,V>",flat,"{'a': 1, 'b': 2, 'c': 3}","c|[1, 1.0, 0],[1, 1.0, 1],[1, 1.5, 1]|text|not-applicable",true,true
P26_26_3_3_10,"TreeMap<String,V>",intlike,"{'1': 'string-one-key', 'b': 2}","c|[1, 1.0, 1],t|737472696e672d6f6e652d6b6579|14|14|14|text|not-applicable","TreeMap<String,V>",intlike,"{'1': 'string-one-key', 'b': 2}","c|[1, 1.0, 1],t|737472696e672d6f6e652d6b6579|14|14|14|text|not-applicable",true,true
P26_26_3_4_10,"TreeMap<String,V>",intlike,"{'1': 'string-one-key', 'b': 2}","c|[1, 1.0, 1],t|737472696e672d6f6e652d6b6579|14|14|14|text|not-applicable","TreeMap<String,V>",nested,"{'outer': {'inner': [1, 2]}}","c|c|c|[1, 1.0, 0],[1, 1.0, 1]|integer|as-sorted|text|not-applicable|text|not-applicable",true,true
P26_26_4_3_10,"TreeMap<String,V>",nested,"{'outer': {'inner': [1, 2]}}","c|c|c|[1, 1.0, 0],[1, 1.0, 1]|integer|as-sorted|text|not-applicable|text|not-applicable","TreeMap<String,V>",intlike,"{'1': 'string-one-key', 'b': 2}","c|[1, 1.0, 1],t|737472696e672d6f6e652d6b6579|14|14|14|text|not-applicable",true,true
P26_29_0_0_10,"TreeMap<String,V>",empty,{},c||empty|not-applicable,List<List<Object>>,mixed_depth,"[1, [2, {'k': (3, None, 't')}], True]","c|[1, 1.0, 0],c|[1, 1.0, 1],c|c|[1, 1.5, 1],null,t|74|1|1|1|integer|reordered|text|not-applicable|integer|reordered,true|integer|as-sorted",true,true
P26_29_0_2_10,"TreeMap<String,V>",empty,{},c||empty|not-applicable,List<List<Object>>,seq_in_seq,"[[1, 2], [3, 4]]","c|c|[1, 1.0, 0],[1, 1.0, 1]|integer|as-sorted,c|[1, 1.0, 2],[1, 1.5, 1]|integer|as-sorted|integer|as-sorted",true,true
P26_29_1_0_10,"TreeMap<String,V>",emptykey,{'': 'empty-string key'},c|t|656d7074792d737472696e67206b6579|16|16|16|text|not-applicable,List<List<Object>>,mixed_depth,"[1, [2, {'k': (3, None, 't')}], True]","c|[1, 1.0, 0],c|[1, 1.0, 1],c|c|[1, 1.5, 1],null,t|74|1|1|1|integer|reordered|text|not-applicable|integer|reordered,true|integer|as-sorted",true,true
P26_29_1_2_10,"TreeMap<String,V>",emptykey,{'': 'empty-string key'},c|t|656d7074792d737472696e67206b6579|16|16|16|text|not-applicable,List<List<Object>>,seq_in_seq,"[[1, 2], [3, 4]]","c|c|[1, 1.0, 0],[1, 1.0, 1]|integer|as-sorted,c|[1, 1.0, 2],[1, 1.5, 1]|integer|as-sorted|integer|as-sorted",true,true
P26_29_2_0_10,"TreeMap<String,V>",flat,"{'a': 1, 'b': 2, 'c': 3}","c|[1, 1.0, 0],[1, 1.0, 1],[1, 1.5, 1]|text|not-applicable",List<List<Object>>,mixed_depth,"[1, [2, {'k': (3, None, 't')}], True]","c|[1, 1.0, 0],c|[1, 1.0, 1],c|c|[1, 1.5, 1],null,t|74|1|1|1|integer|reordered|text|not-applicable|integer|reordered,true|integer|as-sorted",true,true
P26_29_2_2_10,"TreeMap<String,V>",flat,"{'a': 1, 'b': 2, 'c': 3}","c|[1, 1.0, 0],[1, 1.0, 1],[1, 1.5, 1]|text|not-applicable",List<List<Object>>,seq_in_seq,"[[1, 2], [3, 4]]","c|c|[1, 1.0, 0],[1, 1.0, 1]|integer|as-sorted,c|[1, 1.0, 2],[1, 1.5, 1]|integer|as-sorted|integer|as-sorted",true,true
P26_29_3_0_10,"TreeMap<String,V>",intlike,"{'1': 'string-one-key', 'b': 2}","c|[1, 1.0, 1],t|737472696e672d6f6e652d6b6579|14|14|14|text|not-applicable",List<List<Object>>,mixed_depth,"[1, [2, {'k': (3, None, 't')}], True]","c|[1, 1.0, 0],c|[1, 1.0, 1],c|c|[1, 1.5, 1],null,t|74|1|1|1|integer|reordered|text|not-applicable|integer|reordered,true|integer|as-sorted",true,true
P26_29_3_1_10,"TreeMap<String,V>",intlike,"{'1': 'string-one-key', 'b': 2}","c|[1, 1.0, 1],t|737472696e672d6f6e652d6b6579|14|14|14|text|not-applicable",List<List<Object>>,seq_in_map,"{'outer': {'inner': [1, 2]}}","c|c|c|[1, 1.0, 0],[1, 1.0, 1]|integer|as-sorted|text|not-applicable|text|not-applicable",true,true
P26_29_3_2_10,"TreeMap<String,V>",intlike,"{'1': 'string-one-key', 'b': 2}","c|[1, 1.0, 1],t|737472696e672d6f6e652d6b6579|14|14|14|text|not-applicable",List<List<Object>>,seq_in_seq,"[[1, 2], [3, 4]]","c|c|[1, 1.0, 0],[1, 1.0, 1]|integer|as-sorted,c|[1, 1.0, 2],[1, 1.5, 1]|integer|as-sorted|integer|as-sorted",true,true
P26_29_4_0_10,"TreeMap<String,V>",nested,"{'outer': {'inner': [1, 2]}}","c|c|c|[1, 1.0, 0],[1, 1.0, 1]|integer|as-sorted|text|not-applicable|text|not-applicable",List<List<Object>>,mixed_depth,"[1, [2, {'k': (3, None, 't')}], True]","c|[1, 1.0, 0],c|[1, 1.0, 1],c|c|[1, 1.5, 1],null,t|74|1|1|1|integer|reordered|text|not-applicable|integer|reordered,true|integer|as-sorted",true,true
P26_29_4_1_10,"TreeMap<String,V>",nested,"{'outer': {'inner': [1, 2]}}","c|c|c|[1, 1.0, 0],[1, 1.0, 1]|integer|as-sorted|text|not-applicable|text|not-applicable",List<List<Object>>,seq_in_map,"{'outer': {'inner': [1, 2]}}","c|c|c|[1, 1.0, 0],[1, 1.0, 1]|integer|as-sorted|text|not-applicable|text|not-applicable",true,true
P26_29_4_2_10,"TreeMap<String,V>",nested,"{'outer': {'inner': [1, 2]}}","c|c|c|[1, 1.0, 0],[1, 1.0, 1]|integer|as-sorted|text|not-applicable|text|not-applicable",List<List<Object>>,seq_in_seq,"[[1, 2], [3, 4]]","c|c|[1, 1.0, 0],[1, 1.0, 1]|integer|as-sorted,c|[1, 1.0, 2],[1, 1.5, 1]|integer|as-sorted|integer|as-sorted",true,true
P26_30_3_0_10,"TreeMap<String,V>",intlike,"{'1': 'string-one-key', 'b': 2}","c|[1, 1.0, 1],t|737472696e672d6f6e652d6b6579|14|14|14|text|not-applicable","Map<String,Object> nesting",mixed_depth,"[1, [2, {'k': (3, None, 't')}], True]","c|[1, 1.0, 0],c|[1, 1.0, 1],c|c|[1, 1.5, 1],null,t|74|1|1|1|integer|reordered|text|not-applicable|integer|reordered,true|integer|as-sorted",true,true
P26_30_3_1_10,"TreeMap<String,V>",intlike,"{'1': 'string-one-key', 'b': 2}","c|[1, 1.0, 1],t|737472696e672d6f6e652d6b6579|14|14|14|text|not-applicable","Map<String,Object> nesting",seq_in_map,"{'outer': {'inner': [1, 2]}}","c|c|c|[1, 1.0, 0],[1, 1.0, 1]|integer|as-sorted|text|not-applicable|text|not-applicable",true,true
P26_30_3_2_10,"TreeMap<String,V>",intlike,"{'1': 'string-one-key', 'b': 2}","c|[1, 1.0, 1],t|737472696e672d6f6e652d6b6579|14|14|14|text|not-applicable","Map<String,Object> nesting",seq_in_seq,"[[1, 2], [3, 4]]","c|c|[1, 1.0, 0],[1, 1.0, 1]|integer|as-sorted,c|[1, 1.0, 2],[1, 1.5, 1]|integer|as-sorted|integer|as-sorted",true,true
P26_30_4_0_10,"TreeMap<String,V>",nested,"{'outer': {'inner': [1, 2]}}","c|c|c|[1, 1.0, 0],[1, 1.0, 1]|integer|as-sorted|text|not-applicable|text|not-applicable","Map<String,Object> nesting",mixed_depth,"[1, [2, {'k': (3, None, 't')}], True]","c|[1, 1.0, 0],c|[1, 1.0, 1],c|c|[1, 1.5, 1],null,t|74|1|1|1|integer|reordered|text|not-applicable|integer|reordered,true|integer|as-sorted",true,true
P26_30_4_1_10,"TreeMap<String,V>",nested,"{'outer': {'inner': [1, 2]}}","c|c|c|[1, 1.0, 0],[1, 1.0, 1]|integer|as-sorted|text|not-applicable|text|not-applicable","Map<String,Object> nesting",seq_in_map,"{'outer': {'inner': [1, 2]}}","c|c|c|[1, 1.0, 0],[1, 1.0, 1]|integer|as-sorted|text|not-applicable|text|not-applicable",true,true
P28_21_0_0_10,local class with fields,empty,{},c||empty|not-applicable,List.of(...),base,"[1, 2, 3]","c|[1, 1.0, 0],[1, 1.0, 1],[1, 1.5, 1]|integer|as-sorted",true,true
P28_21_0_1_10,local class with fields,empty,{},c||empty|not-applicable,List.of(...),bigint,[9223372036854775808],"c|[1, 1.0, 63]|integer|as-sorted",true,true
P28_21_0_2_10,local class with fields,empty,{},c||empty|not-applicable,List.of(...),empty,[],c||empty|as-sorted,true,true
P28_21_0_3_10,local class with fields,empty,{},c||empty|not-applicable,List.of(...),mixed,"[1, 'two', 3.0, True, None]","c|[1, 1.0, 0],[1, 1.5, 1],null,true,t|74776f|3|3|3|integer|reordered",,RAISE:NullPointerException
P28_21_0_4_10,local class with fields,empty,{},c||empty|not-applicable,List.of(...),strs,"['a', 'b']","c|t|61|1|1|1,t|62|1|1|1|integer|as-sorted",true,true
P28_21_2_0_10,local class with fields,flat,"{'a': 1, 'b': 2, 'c': 3}","c|[1, 1.0, 0],[1, 1.0, 1],[1, 1.5, 1]|text|not-applicable",List.of(...),base,"[1, 2, 3]","c|[1, 1.0, 0],[1, 1.0, 1],[1, 1.5, 1]|integer|as-sorted",true,true
P28_21_2_1_10,local class with fields,flat,"{'a': 1, 'b': 2, 'c': 3}","c|[1, 1.0, 0],[1, 1.0, 1],[1, 1.5, 1]|text|not-applicable",List.of(...),bigint,[9223372036854775808],"c|[1, 1.0, 63]|integer|as-sorted",true,true
P28_21_2_2_10,local class with fields,flat,"{'a': 1, 'b': 2, 'c': 3}","c|[1, 1.0, 0],[1, 1.0, 1],[1, 1.5, 1]|text|not-applicable",List.of(...),empty,[],c||empty|as-sorted,true,true
P28_21_2_3_10,local class with fields,flat,"{'a': 1, 'b': 2, 'c': 3}","c|[1, 1.0, 0],[1, 1.0, 1],[1, 1.5, 1]|text|not-applicable",List.of(...),mixed,"[1, 'two', 3.0, True, None]","c|[1, 1.0, 0],[1, 1.5, 1],null,true,t|74776f|3|3|3|integer|reordered",,RAISE:NullPointerException
P28_21_2_4_10,local class with fields,flat,"{'a': 1, 'b': 2, 'c': 3}","c|[1, 1.0, 0],[1, 1.0, 1],[1, 1.5, 1]|text|not-applicable",List.of(...),strs,"['a', 'b']","c|t|61|1|1|1,t|62|1|1|1|integer|as-sorted",true,true
P28_21_4_0_10,local class with fields,nested,"{'outer': {'inner': [1, 2]}}","c|c|c|[1, 1.0, 0],[1, 1.0, 1]|integer|as-sorted|text|not-applicable|text|not-applicable",List.of(...),base,"[1, 2, 3]","c|[1, 1.0, 0],[1, 1.0, 1],[1, 1.5, 1]|integer|as-sorted",true,true
P28_21_4_1_10,local class with fields,nested,"{'outer': {'inner': [1, 2]}}","c|c|c|[1, 1.0, 0],[1, 1.0, 1]|integer|as-sorted|text|not-applicable|text|not-applicable",List.of(...),bigint,[9223372036854775808],"c|[1, 1.0, 63]|integer|as-sorted",true,true
P28_21_4_2_10,local class with fields,nested,"{'outer': {'inner': [1, 2]}}","c|c|c|[1, 1.0, 0],[1, 1.0, 1]|integer|as-sorted|text|not-applicable|text|not-applicable",List.of(...),empty,[],c||empty|as-sorted,true,true
P28_21_4_3_10,local class with fields,nested,"{'outer': {'inner': [1, 2]}}","c|c|c|[1, 1.0, 0],[1, 1.0, 1]|integer|as-sorted|text|not-applicable|text|not-applicable",List.of(...),mixed,"[1, 'two', 3.0, True, None]","c|[1, 1.0, 0],[1, 1.5, 1],null,true,t|74776f|3|3|3|integer|reordered",,RAISE:NullPointerException
P28_21_4_4_10,local class with fields,nested,"{'outer': {'inner': [1, 2]}}","c|c|c|[1, 1.0, 0],[1, 1.0, 1]|integer|as-sorted|text|not-applicable|text|not-applicable",List.of(...),strs,"['a', 'b']","c|t|61|1|1|1,t|62|1|1|1|integer|as-sorted",true,true
P28_29_0_0_10,local class with fields,empty,{},c||empty|not-applicable,List<List<Object>>,mixed_depth,"[1, [2, {'k': (3, None, 't')}], True]","c|[1, 1.0, 0],c|[1, 1.0, 1],c|c|[1, 1.5, 1],null,t|74|1|1|1|integer|reordered|text|not-applicable|integer|reordered,true|integer|as-sorted",true,true
P28_29_0_1_10,local class with fields,empty,{},c||empty|not-applicable,List<List<Object>>,seq_in_map,"{'outer': {'inner': [1, 2]}}","c|c|c|[1, 1.0, 0],[1, 1.0, 1]|integer|as-sorted|text|not-applicable|text|not-applicable",true,true
P28_29_0_2_10,local class with fields,empty,{},c||empty|not-applicable,List<List<Object>>,seq_in_seq,"[[1, 2], [3, 4]]","c|c|[1, 1.0, 0],[1, 1.0, 1]|integer|as-sorted,c|[1, 1.0, 2],[1, 1.5, 1]|integer|as-sorted|integer|as-sorted",true,true
P28_29_2_0_10,local class with fields,flat,"{'a': 1, 'b': 2, 'c': 3}","c|[1, 1.0, 0],[1, 1.0, 1],[1, 1.5, 1]|text|not-applicable",List<List<Object>>,mixed_depth,"[1, [2, {'k': (3, None, 't')}], True]","c|[1, 1.0, 0],c|[1, 1.0, 1],c|c|[1, 1.5, 1],null,t|74|1|1|1|integer|reordered|text|not-applicable|integer|reordered,true|integer|as-sorted",true,true
P28_29_2_1_10,local class with fields,flat,"{'a': 1, 'b': 2, 'c': 3}","c|[1, 1.0, 0],[1, 1.0, 1],[1, 1.5, 1]|text|not-applicable",List<List<Object>>,seq_in_map,"{'outer': {'inner': [1, 2]}}","c|c|c|[1, 1.0, 0],[1, 1.0, 1]|integer|as-sorted|text|not-applicable|text|not-applicable",true,true
P28_29_2_2_10,local class with fields,flat,"{'a': 1, 'b': 2, 'c': 3}","c|[1, 1.0, 0],[1, 1.0, 1],[1, 1.5, 1]|text|not-applicable",List<List<Object>>,seq_in_seq,"[[1, 2], [3, 4]]","c|c|[1, 1.0, 0],[1, 1.0, 1]|integer|as-sorted,c|[1, 1.0, 2],[1, 1.5, 1]|integer|as-sorted|integer|as-sorted",true,true
P28_29_4_0_10,local class with fields,nested,"{'outer': {'inner': [1, 2]}}","c|c|c|[1, 1.0, 0],[1, 1.0, 1]|integer|as-sorted|text|not-applicable|text|not-applicable",List<List<Object>>,mixed_depth,"[1, [2, {'k': (3, None, 't')}], True]","c|[1, 1.0, 0],c|[1, 1.0, 1],c|c|[1, 1.5, 1],null,t|74|1|1|1|integer|reordered|text|not-applicable|integer|reordered,true|integer|as-sorted",true,true
P28_29_4_1_10,local class with fields,nested,"{'outer': {'inner': [1, 2]}}","c|c|c|[1, 1.0, 0],[1, 1.0, 1]|integer|as-sorted|text|not-applicable|text|not-applicable",List<List<Object>>,seq_in_map,"{'outer': {'inner': [1, 2]}}","c|c|c|[1, 1.0, 0],[1, 1.0, 1]|integer|as-sorted|text|not-applicable|text|not-applicable",true,true
P28_29_4_2_10,local class with fields,nested,"{'outer': {'inner': [1, 2]}}","c|c|c|[1, 1.0, 0],[1, 1.0, 1]|integer|as-sorted|text|not-applicable|text|not-applicable",List<List<Object>>,seq_in_seq,"[[1, 2], [3, 4]]","c|c|[1, 1.0, 0],[1, 1.0, 1]|integer|as-sorted,c|[1, 1.0, 2],[1, 1.5, 1]|integer|as-sorted|integer|as-sorted",true,true
P28_30_0_0_10,local class with fields,empty,{},c||empty|not-applicable,"Map<String,Object> nesting",mixed_depth,"[1, [2, {'k': (3, None, 't')}], True]","c|[1, 1.0, 0],c|[1, 1.0, 1],c|c|[1, 1.5, 1],null,t|74|1|1|1|integer|reordered|text|not-applicable|integer|reordered,true|integer|as-sorted",true,true
P28_30_0_1_10,local class with fields,empty,{},c||empty|not-applicable,"Map<String,Object> nesting",seq_in_map,"{'outer': {'inner': [1, 2]}}","c|c|c|[1, 1.0, 0],[1, 1.0, 1]|integer|as-sorted|text|not-applicable|text|not-applicable",true,true
P28_30_0_2_10,local class with fields,empty,{},c||empty|not-applicable,"Map<String,Object> nesting",seq_in_seq,"[[1, 2], [3, 4]]","c|c|[1, 1.0, 0],[1, 1.0, 1]|integer|as-sorted,c|[1, 1.0, 2],[1, 1.5, 1]|integer|as-sorted|integer|as-sorted",true,true
P28_30_2_0_10,local class with fields,flat,"{'a': 1, 'b': 2, 'c': 3}","c|[1, 1.0, 0],[1, 1.0, 1],[1, 1.5, 1]|text|not-applicable","Map<String,Object> nesting",mixed_depth,"[1, [2, {'k': (3, None, 't')}], True]","c|[1, 1.0, 0],c|[1, 1.0, 1],c|c|[1, 1.5, 1],null,t|74|1|1|1|integer|reordered|text|not-applicable|integer|reordered,true|integer|as-sorted",true,true
P28_30_2_1_10,local class with fields,flat,"{'a': 1, 'b': 2, 'c': 3}","c|[1, 1.0, 0],[1, 1.0, 1],[1, 1.5, 1]|text|not-applicable","Map<String,Object> nesting",seq_in_map,"{'outer': {'inner': [1, 2]}}","c|c|c|[1, 1.0, 0],[1, 1.0, 1]|integer|as-sorted|text|not-applicable|text|not-applicable",true,true
P28_30_2_2_10,local class with fields,flat,"{'a': 1, 'b': 2, 'c': 3}","c|[1, 1.0, 0],[1, 1.0, 1],[1, 1.5, 1]|text|not-applicable","Map<String,Object> nesting",seq_in_seq,"[[1, 2], [3, 4]]","c|c|[1, 1.0, 0],[1, 1.0, 1]|integer|as-sorted,c|[1, 1.0, 2],[1, 1.5, 1]|integer|as-sorted|integer|as-sorted",true,true
P28_30_4_0_10,local class with fields,nested,"{'outer': {'inner': [1, 2]}}","c|c|c|[1, 1.0, 0],[1, 1.0, 1]|integer|as-sorted|text|not-applicable|text|not-applicable","Map<String,Object> nesting",mixed_depth,"[1, [2, {'k': (3, None, 't')}], True]","c|[1, 1.0, 0],c|[1, 1.0, 1],c|c|[1, 1.5, 1],null,t|74|1|1|1|integer|reordered|text|not-applicable|integer|reordered,true|integer|as-sorted",true,true
P28_30_4_1_10,local class with fields,nested,"{'outer': {'inner': [1, 2]}}","c|c|c|[1, 1.0, 0],[1, 1.0, 1]|integer|as-sorted|text|not-applicable|text|not-applicable","Map<String,Object> nesting",seq_in_map,"{'outer': {'inner': [1, 2]}}","c|c|c|[1, 1.0, 0],[1, 1.0, 1]|integer|as-sorted|text|not-applicable|text|not-applicable",true,true
P28_30_4_2_10,local class with fields,nested,"{'outer': {'inner': [1, 2]}}","c|c|c|[1, 1.0, 0],[1, 1.0, 1]|integer|as-sorted|text|not-applicable|text|not-applicable","Map<String,Object> nesting",seq_in_seq,"[[1, 2], [3, 4]]","c|c|[1, 1.0, 0],[1, 1.0, 1]|integer|as-sorted,c|[1, 1.0, 2],[1, 1.5, 1]|integer|as-sorted|integer|as-sorted",true,true
P29_10_0_0_10,List<List<Object>>,mixed_depth,"[1, [2, {'k': (3, None, 't')}], True]","c|[1, 1.0, 0],c|[1, 1.0, 1],c|c|[1, 1.5, 1],null,t|74|1|1|1|integer|reordered|text|not-applicable|integer|reordered,true|integer|as-sorted",BigInteger,base_42,2a,"[1, 1.3125, 5]",true,true
P29_10_0_1_10,List<List<Object>>,mixed_depth,"[1, [2, {'k': (3, None, 't')}], True]","c|[1, 1.0, 0],c|[1, 1.0, 1],c|c|[1, 1.5, 1],null,t|74|1|1|1|integer|reordered|text|not-applicable|integer|reordered,true|integer|as-sorted",BigInteger,base_zero,0,"[1, 0.0, 0]",true,true
P29_10_0_2_10,List<List<Object>>,mixed_depth,"[1, [2, {'k': (3, None, 't')}], True]","c|[1, 1.0, 0],c|[1, 1.0, 1],c|c|[1, 1.5, 1],null,t|74|1|1|1|integer|reordered|text|not-applicable|integer|reordered,true|integer|as-sorted",BigInteger,i64max,7fffffffffffffff,"[1, 1.9999999999999999997831595655029, 62]",true,true
P29_10_0_3_10,List<List<Object>>,mixed_depth,"[1, [2, {'k': (3, None, 't')}], True]","c|[1, 1.0, 0],c|[1, 1.0, 1],c|c|[1, 1.5, 1],null,t|74|1|1|1|integer|reordered|text|not-applicable|integer|reordered,true|integer|as-sorted",BigInteger,i64max_plus1,8000000000000000,"[1, 1.0, 63]",true,true
P29_10_0_4_10,List<List<Object>>,mixed_depth,"[1, [2, {'k': (3, None, 't')}], True]","c|[1, 1.0, 0],c|[1, 1.0, 1],c|c|[1, 1.5, 1],null,t|74|1|1|1|integer|reordered|text|not-applicable|integer|reordered,true|integer|as-sorted",BigInteger,p53_plus1,20000000000001,"[1, 1.0000000000000001110223024625157, 53]",true,true
P29_10_0_5_10,List<List<Object>>,mixed_depth,"[1, [2, {'k': (3, None, 't')}], True]","c|[1, 1.0, 0],c|[1, 1.0, 1],c|c|[1, 1.5, 1],null,t|74|1|1|1|integer|reordered|text|not-applicable|integer|reordered,true|integer|as-sorted",BigInteger,u64max,ffffffffffffffff,"[1, 1.9999999999999999998915797827514, 63]",true,true
P29_10_1_0_10,List<List<Object>>,seq_in_map,"{'outer': {'inner': [1, 2]}}","c|c|c|[1, 1.0, 0],[1, 1.0, 1]|integer|as-sorted|text|not-applicable|text|not-applicable",BigInteger,base_42,2a,"[1, 1.3125, 5]",true,true
P29_10_1_1_10,List<List<Object>>,seq_in_map,"{'outer': {'inner': [1, 2]}}","c|c|c|[1, 1.0, 0],[1, 1.0, 1]|integer|as-sorted|text|not-applicable|text|not-applicable",BigInteger,base_zero,0,"[1, 0.0, 0]",true,true
P29_10_1_2_10,List<List<Object>>,seq_in_map,"{'outer': {'inner': [1, 2]}}","c|c|c|[1, 1.0, 0],[1, 1.0, 1]|integer|as-sorted|text|not-applicable|text|not-applicable",BigInteger,i64max,7fffffffffffffff,"[1, 1.9999999999999999997831595655029, 62]",true,true
P29_10_1_3_10,List<List<Object>>,seq_in_map,"{'outer': {'inner': [1, 2]}}","c|c|c|[1, 1.0, 0],[1, 1.0, 1]|integer|as-sorted|text|not-applicable|text|not-applicable",BigInteger,i64max_plus1,8000000000000000,"[1, 1.0, 63]",true,true
P29_10_1_4_10,List<List<Object>>,seq_in_map,"{'outer': {'inner': [1, 2]}}","c|c|c|[1, 1.0, 0],[1, 1.0, 1]|integer|as-sorted|text|not-applicable|text|not-applicable",BigInteger,p53_plus1,20000000000001,"[1, 1.0000000000000001110223024625157, 53]",true,true
P29_10_1_5_10,List<List<Object>>,seq_in_map,"{'outer': {'inner': [1, 2]}}","c|c|c|[1, 1.0, 0],[1, 1.0, 1]|integer|as-sorted|text|not-applicable|text|not-applicable",BigInteger,u64max,ffffffffffffffff,"[1, 1.9999999999999999998915797827514, 63]",true,true
P29_10_2_0_10,List<List<Object>>,seq_in_seq,"[[1, 2], [3, 4]]","c|c|[1, 1.0, 0],[1, 1.0, 1]|integer|as-sorted,c|[1, 1.0, 2],[1, 1.5, 1]|integer|as-sorted|integer|as-sorted",BigInteger,base_42,2a,"[1, 1.3125, 5]",true,true
P29_10_2_1_10,List<List<Object>>,seq_in_seq,"[[1, 2], [3, 4]]","c|c|[1, 1.0, 0],[1, 1.0, 1]|integer|as-sorted,c|[1, 1.0, 2],[1, 1.5, 1]|integer|as-sorted|integer|as-sorted",BigInteger,base_zero,0,"[1, 0.0, 0]",true,true
P29_10_2_2_10,List<List<Object>>,seq_in_seq,"[[1, 2], [3, 4]]","c|c|[1, 1.0, 0],[1, 1.0, 1]|integer|as-sorted,c|[1, 1.0, 2],[1, 1.5, 1]|integer|as-sorted|integer|as-sorted",BigInteger,i64max,7fffffffffffffff,"[1, 1.9999999999999999997831595655029, 62]",true,true
P29_10_2_3_10,List<List<Object>>,seq_in_seq,"[[1, 2], [3, 4]]","c|c|[1, 1.0, 0],[1, 1.0, 1]|integer|as-sorted,c|[1, 1.0, 2],[1, 1.5, 1]|integer|as-sorted|integer|as-sorted",BigInteger,i64max_plus1,8000000000000000,"[1, 1.0, 63]",true,true
P29_10_2_4_10,List<List<Object>>,seq_in_seq,"[[1, 2], [3, 4]]","c|c|[1, 1.0, 0],[1, 1.0, 1]|integer|as-sorted,c|[1, 1.0, 2],[1, 1.5, 1]|integer|as-sorted|integer|as-sorted",BigInteger,p53_plus1,20000000000001,"[1, 1.0000000000000001110223024625157, 53]",true,true
P29_10_2_5_10,List<List<Object>>,seq_in_seq,"[[1, 2], [3, 4]]","c|c|[1, 1.0, 0],[1, 1.0, 1]|integer|as-sorted,c|[1, 1.0, 2],[1, 1.5, 1]|integer|as-sorted|integer|as-sorted",BigInteger,u64max,ffffffffffffffff,"[1, 1.9999999999999999998915797827514, 63]",true,true
P29_13_0_0_10,List<List<Object>>,mixed_depth,"[1, [2, {'k': (3, None, 't')}], True]","c|[1, 1.0, 0],c|[1, 1.0, 1],c|c|[1, 1.5, 1],null,t|74|1|1|1|integer|reordered|text|not-applicable|integer|reordered,true|integer|as-sorted",BigDecimal,base_1_5,1.5,"[1, 1.5, 0]",true,true
P29_13_0_1_10,List<List<Object>>,mixed_depth,"[1, [2, {'k': (3, None, 't')}], True]","c|[1, 1.0, 0],c|[1, 1.0, 1],c|c|[1, 1.5, 1],null,t|74|1|1|1|integer|reordered|text|not-applicable|integer|reordered,true|integer|as-sorted",BigDecimal,base_pi,3.141592653589793,"[1, 1.5707963267948965, 1]",true,true
P29_13_0_2_10,List<List<Object>>,mixed_depth,"[1, [2, {'k': (3, None, 't')}], True]","c|[1, 1.0, 0],c|[1, 1.0, 1],c|c|[1, 1.5, 1],null,t|74|1|1|1|integer|reordered|text|not-applicable|integer|reordered,true|integer|as-sorted",BigDecimal,inf,inf,"[1, inf]",,RAISE:NumberFormatException
P29_13_0_3_10,List<List<Object>>,mixed_depth,"[1, [2, {'k': (3, None, 't')}], True]","c|[1, 1.0, 0],c|[1, 1.0, 1],c|c|[1, 1.5, 1],null,t|74|1|1|1|integer|reordered|text|not-applicable|integer|reordered,true|integer|as-sorted",BigDecimal,nan,nan,nan,,RAISE:NumberFormatException
P29_13_0_4_10,List<List<Object>>,mixed_depth,"[1, [2, {'k': (3, None, 't')}], True]","c|[1, 1.0, 0],c|[1, 1.0, 1],c|c|[1, 1.5, 1],null,t|74|1|1|1|integer|reordered|text|not-applicable|integer|reordered,true|integer|as-sorted",BigDecimal,negzero,negzero,"[-1, 0.0, 0]",true,true
P29_13_0_5_10,List<List<Object>>,mixed_depth,"[1, [2, {'k': (3, None, 't')}], True]","c|[1, 1.0, 0],c|[1, 1.0, 1],c|c|[1, 1.5, 1],null,t|74|1|1|1|integer|reordered|text|not-applicable|integer|reordered,true|integer|as-sorted",BigDecimal,point1,0.1,"[1, 1.6, -4]",true,true
P29_13_1_0_10,List<List<Object>>,seq_in_map,"{'outer': {'inner': [1, 2]}}","c|c|c|[1, 1.0, 0],[1, 1.0, 1]|integer|as-sorted|text|not-applicable|text|not-applicable",BigDecimal,base_1_5,1.5,"[1, 1.5, 0]",true,true
P29_13_1_1_10,List<List<Object>>,seq_in_map,"{'outer': {'inner': [1, 2]}}","c|c|c|[1, 1.0, 0],[1, 1.0, 1]|integer|as-sorted|text|not-applicable|text|not-applicable",BigDecimal,base_pi,3.141592653589793,"[1, 1.5707963267948965, 1]",true,true
P29_13_1_2_10,List<List<Object>>,seq_in_map,"{'outer': {'inner': [1, 2]}}","c|c|c|[1, 1.0, 0],[1, 1.0, 1]|integer|as-sorted|text|not-applicable|text|not-applicable",BigDecimal,inf,inf,"[1, inf]",,RAISE:NumberFormatException
P29_13_1_3_10,List<List<Object>>,seq_in_map,"{'outer': {'inner': [1, 2]}}","c|c|c|[1, 1.0, 0],[1, 1.0, 1]|integer|as-sorted|text|not-applicable|text|not-applicable",BigDecimal,nan,nan,nan,,RAISE:NumberFormatException
P29_13_1_4_10,List<List<Object>>,seq_in_map,"{'outer': {'inner': [1, 2]}}","c|c|c|[1, 1.0, 0],[1, 1.0, 1]|integer|as-sorted|text|not-applicable|text|not-applicable",BigDecimal,negzero,negzero,"[-1, 0.0, 0]",true,true
P29_13_1_5_10,List<List<Object>>,seq_in_map,"{'outer': {'inner': [1, 2]}}","c|c|c|[1, 1.0, 0],[1, 1.0, 1]|integer|as-sorted|text|not-applicable|text|not-applicable",BigDecimal,point1,0.1,"[1, 1.6, -4]",true,true
P29_13_2_0_10,List<List<Object>>,seq_in_seq,"[[1, 2], [3, 4]]","c|c|[1, 1.0, 0],[1, 1.0, 1]|integer|as-sorted,c|[1, 1.0, 2],[1, 1.5, 1]|integer|as-sorted|integer|as-sorted",BigDecimal,base_1_5,1.5,"[1, 1.5, 0]",true,true
P29_13_2_1_10,List<List<Object>>,seq_in_seq,"[[1, 2], [3, 4]]","c|c|[1, 1.0, 0],[1, 1.0, 1]|integer|as-sorted,c|[1, 1.0, 2],[1, 1.5, 1]|integer|as-sorted|integer|as-sorted",BigDecimal,base_pi,3.141592653589793,"[1, 1.5707963267948965, 1]",true,true
P29_13_2_2_10,List<List<Object>>,seq_in_seq,"[[1, 2], [3, 4]]","c|c|[1, 1.0, 0],[1, 1.0, 1]|integer|as-sorted,c|[1, 1.0, 2],[1, 1.5, 1]|integer|as-sorted|integer|as-sorted",BigDecimal,inf,inf,"[1, inf]",,RAISE:NumberFormatException
P29_13_2_3_10,List<List<Object>>,seq_in_seq,"[[1, 2], [3, 4]]","c|c|[1, 1.0, 0],[1, 1.0, 1]|integer|as-sorted,c|[1, 1.0, 2],[1, 1.5, 1]|integer|as-sorted|integer|as-sorted",BigDecimal,nan,nan,nan,,RAISE:NumberFormatException
P29_13_2_4_10,List<List<Object>>,seq_in_seq,"[[1, 2], [3, 4]]","c|c|[1, 1.0, 0],[1, 1.0, 1]|integer|as-sorted,c|[1, 1.0, 2],[1, 1.5, 1]|integer|as-sorted|integer|as-sorted",BigDecimal,negzero,negzero,"[-1, 0.0, 0]",true,true
P29_13_2_5_10,List<List<Object>>,seq_in_seq,"[[1, 2], [3, 4]]","c|c|[1, 1.0, 0],[1, 1.0, 1]|integer|as-sorted,c|[1, 1.0, 2],[1, 1.5, 1]|integer|as-sorted|integer|as-sorted",BigDecimal,point1,0.1,"[1, 1.6, -4]",true,true
P29_20_0_3_10,List<List<Object>>,mixed_depth,"[1, [2, {'k': (3, None, 't')}], True]","c|[1, 1.0, 0],c|[1, 1.0, 1],c|c|[1, 1.5, 1],null,t|74|1|1|1|integer|reordered|text|not-applicable|integer|reordered,true|integer|as-sorted",ArrayList<T>,mixed,"[1, 'two', 3.0, True, None]","c|[1, 1.0, 0],[1, 1.5, 1],null,true,t|74776f|3|3|3|integer|reordered",true,true
P29_20_1_0_10,List<List<Object>>,seq_in_map,"{'outer': {'inner': [1, 2]}}","c|c|c|[1, 1.0, 0],[1, 1.0, 1]|integer|as-sorted|text|not-applicable|text|not-applicable",ArrayList<T>,base,"[1, 2, 3]","c|[1, 1.0, 0],[1, 1.0, 1],[1, 1.5, 1]|integer|as-sorted",true,true
P29_20_1_1_10,List<List<Object>>,seq_in_map,"{'outer': {'inner': [1, 2]}}","c|c|c|[1, 1.0, 0],[1, 1.0, 1]|integer|as-sorted|text|not-applicable|text|not-applicable",ArrayList<T>,bigint,[9223372036854775808],"c|[1, 1.0, 63]|integer|as-sorted",true,true
P29_20_1_2_10,List<List<Object>>,seq_in_map,"{'outer': {'inner': [1, 2]}}","c|c|c|[1, 1.0, 0],[1, 1.0, 1]|integer|as-sorted|text|not-applicable|text|not-applicable",ArrayList<T>,empty,[],c||empty|as-sorted,true,true
P29_20_1_3_10,List<List<Object>>,seq_in_map,"{'outer': {'inner': [1, 2]}}","c|c|c|[1, 1.0, 0],[1, 1.0, 1]|integer|as-sorted|text|not-applicable|text|not-applicable",ArrayList<T>,mixed,"[1, 'two', 3.0, True, None]","c|[1, 1.0, 0],[1, 1.5, 1],null,true,t|74776f|3|3|3|integer|reordered",true,true
P29_20_1_4_10,List<List<Object>>,seq_in_map,"{'outer': {'inner': [1, 2]}}","c|c|c|[1, 1.0, 0],[1, 1.0, 1]|integer|as-sorted|text|not-applicable|text|not-applicable",ArrayList<T>,strs,"['a', 'b']","c|t|61|1|1|1,t|62|1|1|1|integer|as-sorted",true,true
P29_21_0_3_10,List<List<Object>>,mixed_depth,"[1, [2, {'k': (3, None, 't')}], True]","c|[1, 1.0, 0],c|[1, 1.0, 1],c|c|[1, 1.5, 1],null,t|74|1|1|1|integer|reordered|text|not-applicable|integer|reordered,true|integer|as-sorted",List.of(...),mixed,"[1, 'two', 3.0, True, None]","c|[1, 1.0, 0],[1, 1.5, 1],null,true,t|74776f|3|3|3|integer|reordered",,RAISE:NullPointerException
P29_21_1_0_10,List<List<Object>>,seq_in_map,"{'outer': {'inner': [1, 2]}}","c|c|c|[1, 1.0, 0],[1, 1.0, 1]|integer|as-sorted|text|not-applicable|text|not-applicable",List.of(...),base,"[1, 2, 3]","c|[1, 1.0, 0],[1, 1.0, 1],[1, 1.5, 1]|integer|as-sorted",true,true
P29_21_1_1_10,List<List<Object>>,seq_in_map,"{'outer': {'inner': [1, 2]}}","c|c|c|[1, 1.0, 0],[1, 1.0, 1]|integer|as-sorted|text|not-applicable|text|not-applicable",List.of(...),bigint,[9223372036854775808],"c|[1, 1.0, 63]|integer|as-sorted",true,true
P29_21_1_2_10,List<List<Object>>,seq_in_map,"{'outer': {'inner': [1, 2]}}","c|c|c|[1, 1.0, 0],[1, 1.0, 1]|integer|as-sorted|text|not-applicable|text|not-applicable",List.of(...),empty,[],c||empty|as-sorted,true,true
P29_21_1_3_10,List<List<Object>>,seq_in_map,"{'outer': {'inner': [1, 2]}}","c|c|c|[1, 1.0, 0],[1, 1.0, 1]|integer|as-sorted|text|not-applicable|text|not-applicable",List.of(...),mixed,"[1, 'two', 3.0, True, None]","c|[1, 1.0, 0],[1, 1.5, 1],null,true,t|74776f|3|3|3|integer|reordered",,RAISE:NullPointerException
P29_21_1_4_10,List<List<Object>>,seq_in_map,"{'outer': {'inner': [1, 2]}}","c|c|c|[1, 1.0, 0],[1, 1.0, 1]|integer|as-sorted|text|not-applicable|text|not-applicable",List.of(...),strs,"['a', 'b']","c|t|61|1|1|1,t|62|1|1|1|integer|as-sorted",true,true
P29_22_0_3_10,List<List<Object>>,mixed_depth,"[1, [2, {'k': (3, None, 't')}], True]","c|[1, 1.0, 0],c|[1, 1.0, 1],c|c|[1, 1.5, 1],null,t|74|1|1|1|integer|reordered|text|not-applicable|integer|reordered,true|integer|as-sorted",LinkedList<T>,mixed,"[1, 'two', 3.0, True, None]","c|[1, 1.0, 0],[1, 1.5, 1],null,true,t|74776f|3|3|3|integer|reordered",true,true
P29_22_1_0_10,List<List<Object>>,seq_in_map,"{'outer': {'inner': [1, 2]}}","c|c|c|[1, 1.0, 0],[1, 1.0, 1]|integer|as-sorted|text|not-applicable|text|not-applicable",LinkedList<T>,base,"[1, 2, 3]","c|[1, 1.0, 0],[1, 1.0, 1],[1, 1.5, 1]|integer|as-sorted",true,true
P29_22_1_1_10,List<List<Object>>,seq_in_map,"{'outer': {'inner': [1, 2]}}","c|c|c|[1, 1.0, 0],[1, 1.0, 1]|integer|as-sorted|text|not-applicable|text|not-applicable",LinkedList<T>,bigint,[9223372036854775808],"c|[1, 1.0, 63]|integer|as-sorted",true,true
P29_22_1_2_10,List<List<Object>>,seq_in_map,"{'outer': {'inner': [1, 2]}}","c|c|c|[1, 1.0, 0],[1, 1.0, 1]|integer|as-sorted|text|not-applicable|text|not-applicable",LinkedList<T>,empty,[],c||empty|as-sorted,true,true
P29_22_1_3_10,List<List<Object>>,seq_in_map,"{'outer': {'inner': [1, 2]}}","c|c|c|[1, 1.0, 0],[1, 1.0, 1]|integer|as-sorted|text|not-applicable|text|not-applicable",LinkedList<T>,mixed,"[1, 'two', 3.0, True, None]","c|[1, 1.0, 0],[1, 1.5, 1],null,true,t|74776f|3|3|3|integer|reordered",true,true
P29_22_1_4_10,List<List<Object>>,seq_in_map,"{'outer': {'inner': [1, 2]}}","c|c|c|[1, 1.0, 0],[1, 1.0, 1]|integer|as-sorted|text|not-applicable|text|not-applicable",LinkedList<T>,strs,"['a', 'b']","c|t|61|1|1|1,t|62|1|1|1|integer|as-sorted",true,true
P29_23_0_3_10,List<List<Object>>,mixed_depth,"[1, [2, {'k': (3, None, 't')}], True]","c|[1, 1.0, 0],c|[1, 1.0, 1],c|c|[1, 1.5, 1],null,t|74|1|1|1|integer|reordered|text|not-applicable|integer|reordered,true|integer|as-sorted",ArrayDeque<T>,mixed,"[1, 'two', 3.0, True, None]","c|[1, 1.0, 0],[1, 1.5, 1],null,true,t|74776f|3|3|3|integer|reordered",,RAISE:NullPointerException
P29_23_1_0_10,List<List<Object>>,seq_in_map,"{'outer': {'inner': [1, 2]}}","c|c|c|[1, 1.0, 0],[1, 1.0, 1]|integer|as-sorted|text|not-applicable|text|not-applicable",ArrayDeque<T>,base,"[1, 2, 3]","c|[1, 1.0, 0],[1, 1.0, 1],[1, 1.5, 1]|integer|as-sorted",true,true
P29_23_1_1_10,List<List<Object>>,seq_in_map,"{'outer': {'inner': [1, 2]}}","c|c|c|[1, 1.0, 0],[1, 1.0, 1]|integer|as-sorted|text|not-applicable|text|not-applicable",ArrayDeque<T>,bigint,[9223372036854775808],"c|[1, 1.0, 63]|integer|as-sorted",true,true
P29_23_1_2_10,List<List<Object>>,seq_in_map,"{'outer': {'inner': [1, 2]}}","c|c|c|[1, 1.0, 0],[1, 1.0, 1]|integer|as-sorted|text|not-applicable|text|not-applicable",ArrayDeque<T>,empty,[],c||empty|as-sorted,true,true
P29_23_1_3_10,List<List<Object>>,seq_in_map,"{'outer': {'inner': [1, 2]}}","c|c|c|[1, 1.0, 0],[1, 1.0, 1]|integer|as-sorted|text|not-applicable|text|not-applicable",ArrayDeque<T>,mixed,"[1, 'two', 3.0, True, None]","c|[1, 1.0, 0],[1, 1.5, 1],null,true,t|74776f|3|3|3|integer|reordered",,RAISE:NullPointerException
P29_23_1_4_10,List<List<Object>>,seq_in_map,"{'outer': {'inner': [1, 2]}}","c|c|c|[1, 1.0, 0],[1, 1.0, 1]|integer|as-sorted|text|not-applicable|text|not-applicable",ArrayDeque<T>,strs,"['a', 'b']","c|t|61|1|1|1,t|62|1|1|1|integer|as-sorted",true,true
P29_24_0_0_10,List<List<Object>>,mixed_depth,"[1, [2, {'k': (3, None, 't')}], True]","c|[1, 1.0, 0],c|[1, 1.0, 1],c|c|[1, 1.5, 1],null,t|74|1|1|1|integer|reordered|text|not-applicable|integer|reordered,true|integer|as-sorted","HashMap<String,V>",empty,{},c||empty|not-applicable,true,true
P29_24_0_1_10,List<List<Object>>,mixed_depth,"[1, [2, {'k': (3, None, 't')}], True]","c|[1, 1.0, 0],c|[1, 1.0, 1],c|c|[1, 1.5, 1],null,t|74|1|1|1|integer|reordered|text|not-applicable|integer|reordered,true|integer|as-sorted","HashMap<String,V>",emptykey,{'': 'empty-string key'},c|t|656d7074792d737472696e67206b6579|16|16|16|text|not-applicable,true,true
P29_24_0_2_10,List<List<Object>>,mixed_depth,"[1, [2, {'k': (3, None, 't')}], True]","c|[1, 1.0, 0],c|[1, 1.0, 1],c|c|[1, 1.5, 1],null,t|74|1|1|1|integer|reordered|text|not-applicable|integer|reordered,true|integer|as-sorted","HashMap<String,V>",flat,"{'a': 1, 'b': 2, 'c': 3}","c|[1, 1.0, 0],[1, 1.0, 1],[1, 1.5, 1]|text|not-applicable",true,true
P29_24_0_3_10,List<List<Object>>,mixed_depth,"[1, [2, {'k': (3, None, 't')}], True]","c|[1, 1.0, 0],c|[1, 1.0, 1],c|c|[1, 1.5, 1],null,t|74|1|1|1|integer|reordered|text|not-applicable|integer|reordered,true|integer|as-sorted","HashMap<String,V>",intlike,"{'1': 'string-one-key', 'b': 2}","c|[1, 1.0, 1],t|737472696e672d6f6e652d6b6579|14|14|14|text|not-applicable",true,true
P29_24_0_4_10,List<List<Object>>,mixed_depth,"[1, [2, {'k': (3, None, 't')}], True]","c|[1, 1.0, 0],c|[1, 1.0, 1],c|c|[1, 1.5, 1],null,t|74|1|1|1|integer|reordered|text|not-applicable|integer|reordered,true|integer|as-sorted","HashMap<String,V>",nested,"{'outer': {'inner': [1, 2]}}","c|c|c|[1, 1.0, 0],[1, 1.0, 1]|integer|as-sorted|text|not-applicable|text|not-applicable",true,true
P29_24_1_3_10,List<List<Object>>,seq_in_map,"{'outer': {'inner': [1, 2]}}","c|c|c|[1, 1.0, 0],[1, 1.0, 1]|integer|as-sorted|text|not-applicable|text|not-applicable","HashMap<String,V>",intlike,"{'1': 'string-one-key', 'b': 2}","c|[1, 1.0, 1],t|737472696e672d6f6e652d6b6579|14|14|14|text|not-applicable",true,true
P29_24_1_4_10,List<List<Object>>,seq_in_map,"{'outer': {'inner': [1, 2]}}","c|c|c|[1, 1.0, 0],[1, 1.0, 1]|integer|as-sorted|text|not-applicable|text|not-applicable","HashMap<String,V>",nested,"{'outer': {'inner': [1, 2]}}","c|c|c|[1, 1.0, 0],[1, 1.0, 1]|integer|as-sorted|text|not-applicable|text|not-applicable",true,true
P29_24_2_0_10,List<List<Object>>,seq_in_seq,"[[1, 2], [3, 4]]","c|c|[1, 1.0, 0],[1, 1.0, 1]|integer|as-sorted,c|[1, 1.0, 2],[1, 1.5, 1]|integer|as-sorted|integer|as-sorted","HashMap<String,V>",empty,{},c||empty|not-applicable,true,true
P29_24_2_1_10,List<List<Object>>,seq_in_seq,"[[1, 2], [3, 4]]","c|c|[1, 1.0, 0],[1, 1.0, 1]|integer|as-sorted,c|[1, 1.0, 2],[1, 1.5, 1]|integer|as-sorted|integer|as-sorted","HashMap<String,V>",emptykey,{'': 'empty-string key'},c|t|656d7074792d737472696e67206b6579|16|16|16|text|not-applicable,true,true
P29_24_2_2_10,List<List<Object>>,seq_in_seq,"[[1, 2], [3, 4]]","c|c|[1, 1.0, 0],[1, 1.0, 1]|integer|as-sorted,c|[1, 1.0, 2],[1, 1.5, 1]|integer|as-sorted|integer|as-sorted","HashMap<String,V>",flat,"{'a': 1, 'b': 2, 'c': 3}","c|[1, 1.0, 0],[1, 1.0, 1],[1, 1.5, 1]|text|not-applicable",true,true
P29_24_2_3_10,List<List<Object>>,seq_in_seq,"[[1, 2], [3, 4]]","c|c|[1, 1.0, 0],[1, 1.0, 1]|integer|as-sorted,c|[1, 1.0, 2],[1, 1.5, 1]|integer|as-sorted|integer|as-sorted","HashMap<String,V>",intlike,"{'1': 'string-one-key', 'b': 2}","c|[1, 1.0, 1],t|737472696e672d6f6e652d6b6579|14|14|14|text|not-applicable",true,true
P29_24_2_4_10,List<List<Object>>,seq_in_seq,"[[1, 2], [3, 4]]","c|c|[1, 1.0, 0],[1, 1.0, 1]|integer|as-sorted,c|[1, 1.0, 2],[1, 1.5, 1]|integer|as-sorted|integer|as-sorted","HashMap<String,V>",nested,"{'outer': {'inner': [1, 2]}}","c|c|c|[1, 1.0, 0],[1, 1.0, 1]|integer|as-sorted|text|not-applicable|text|not-applicable",true,true
P29_25_0_0_10,List<List<Object>>,mixed_depth,"[1, [2, {'k': (3, None, 't')}], True]","c|[1, 1.0, 0],c|[1, 1.0, 1],c|c|[1, 1.5, 1],null,t|74|1|1|1|integer|reordered|text|not-applicable|integer|reordered,true|integer|as-sorted","LinkedHashMap<String,V>",empty,{},c||empty|not-applicable,true,true
P29_25_0_1_10,List<List<Object>>,mixed_depth,"[1, [2, {'k': (3, None, 't')}], True]","c|[1, 1.0, 0],c|[1, 1.0, 1],c|c|[1, 1.5, 1],null,t|74|1|1|1|integer|reordered|text|not-applicable|integer|reordered,true|integer|as-sorted","LinkedHashMap<String,V>",emptykey,{'': 'empty-string key'},c|t|656d7074792d737472696e67206b6579|16|16|16|text|not-applicable,true,true
P29_25_0_2_10,List<List<Object>>,mixed_depth,"[1, [2, {'k': (3, None, 't')}], True]","c|[1, 1.0, 0],c|[1, 1.0, 1],c|c|[1, 1.5, 1],null,t|74|1|1|1|integer|reordered|text|not-applicable|integer|reordered,true|integer|as-sorted","LinkedHashMap<String,V>",flat,"{'a': 1, 'b': 2, 'c': 3}","c|[1, 1.0, 0],[1, 1.0, 1],[1, 1.5, 1]|text|not-applicable",true,true
P29_25_0_3_10,List<List<Object>>,mixed_depth,"[1, [2, {'k': (3, None, 't')}], True]","c|[1, 1.0, 0],c|[1, 1.0, 1],c|c|[1, 1.5, 1],null,t|74|1|1|1|integer|reordered|text|not-applicable|integer|reordered,true|integer|as-sorted","LinkedHashMap<String,V>",intlike,"{'1': 'string-one-key', 'b': 2}","c|[1, 1.0, 1],t|737472696e672d6f6e652d6b6579|14|14|14|text|not-applicable",true,true
P29_25_0_4_10,List<List<Object>>,mixed_depth,"[1, [2, {'k': (3, None, 't')}], True]","c|[1, 1.0, 0],c|[1, 1.0, 1],c|c|[1, 1.5, 1],null,t|74|1|1|1|integer|reordered|text|not-applicable|integer|reordered,true|integer|as-sorted","LinkedHashMap<String,V>",nested,"{'outer': {'inner': [1, 2]}}","c|c|c|[1, 1.0, 0],[1, 1.0, 1]|integer|as-sorted|text|not-applicable|text|not-applicable",true,true
P29_25_1_3_10,List<List<Object>>,seq_in_map,"{'outer': {'inner': [1, 2]}}","c|c|c|[1, 1.0, 0],[1, 1.0, 1]|integer|as-sorted|text|not-applicable|text|not-applicable","LinkedHashMap<String,V>",intlike,"{'1': 'string-one-key', 'b': 2}","c|[1, 1.0, 1],t|737472696e672d6f6e652d6b6579|14|14|14|text|not-applicable",true,true
P29_25_1_4_10,List<List<Object>>,seq_in_map,"{'outer': {'inner': [1, 2]}}","c|c|c|[1, 1.0, 0],[1, 1.0, 1]|integer|as-sorted|text|not-applicable|text|not-applicable","LinkedHashMap<String,V>",nested,"{'outer': {'inner': [1, 2]}}","c|c|c|[1, 1.0, 0],[1, 1.0, 1]|integer|as-sorted|text|not-applicable|text|not-applicable",true,true
P29_25_2_0_10,List<List<Object>>,seq_in_seq,"[[1, 2], [3, 4]]","c|c|[1, 1.0, 0],[1, 1.0, 1]|integer|as-sorted,c|[1, 1.0, 2],[1, 1.5, 1]|integer|as-sorted|integer|as-sorted","LinkedHashMap<String,V>",empty,{},c||empty|not-applicable,true,true
P29_25_2_1_10,List<List<Object>>,seq_in_seq,"[[1, 2], [3, 4]]","c|c|[1, 1.0, 0],[1, 1.0, 1]|integer|as-sorted,c|[1, 1.0, 2],[1, 1.5, 1]|integer|as-sorted|integer|as-sorted","LinkedHashMap<String,V>",emptykey,{'': 'empty-string key'},c|t|656d7074792d737472696e67206b6579|16|16|16|text|not-applicable,true,true
P29_25_2_2_10,List<List<Object>>,seq_in_seq,"[[1, 2], [3, 4]]","c|c|[1, 1.0, 0],[1, 1.0, 1]|integer|as-sorted,c|[1, 1.0, 2],[1, 1.5, 1]|integer|as-sorted|integer|as-sorted","LinkedHashMap<String,V>",flat,"{'a': 1, 'b': 2, 'c': 3}","c|[1, 1.0, 0],[1, 1.0, 1],[1, 1.5, 1]|text|not-applicable",true,true
P29_25_2_3_10,List<List<Object>>,seq_in_seq,"[[1, 2], [3, 4]]","c|c|[1, 1.0, 0],[1, 1.0, 1]|integer|as-sorted,c|[1, 1.0, 2],[1, 1.5, 1]|integer|as-sorted|integer|as-sorted","LinkedHashMap<String,V>",intlike,"{'1': 'string-one-key', 'b': 2}","c|[1, 1.0, 1],t|737472696e672d6f6e652d6b6579|14|14|14|text|not-applicable",true,true
P29_25_2_4_10,List<List<Object>>,seq_in_seq,"[[1, 2], [3, 4]]","c|c|[1, 1.0, 0],[1, 1.0, 1]|integer|as-sorted,c|[1, 1.0, 2],[1, 1.5, 1]|integer|as-sorted|integer|as-sorted","LinkedHashMap<String,V>",nested,"{'outer': {'inner': [1, 2]}}","c|c|c|[1, 1.0, 0],[1, 1.0, 1]|integer|as-sorted|text|not-applicable|text|not-applicable",true,true
P29_26_0_0_10,List<List<Object>>,mixed_depth,"[1, [2, {'k': (3, None, 't')}], True]","c|[1, 1.0, 0],c|[1, 1.0, 1],c|c|[1, 1.5, 1],null,t|74|1|1|1|integer|reordered|text|not-applicable|integer|reordered,true|integer|as-sorted","TreeMap<String,V>",empty,{},c||empty|not-applicable,true,true
P29_26_0_1_10,List<List<Object>>,mixed_depth,"[1, [2, {'k': (3, None, 't')}], True]","c|[1, 1.0, 0],c|[1, 1.0, 1],c|c|[1, 1.5, 1],null,t|74|1|1|1|integer|reordered|text|not-applicable|integer|reordered,true|integer|as-sorted","TreeMap<String,V>",emptykey,{'': 'empty-string key'},c|t|656d7074792d737472696e67206b6579|16|16|16|text|not-applicable,true,true
P29_26_0_2_10,List<List<Object>>,mixed_depth,"[1, [2, {'k': (3, None, 't')}], True]","c|[1, 1.0, 0],c|[1, 1.0, 1],c|c|[1, 1.5, 1],null,t|74|1|1|1|integer|reordered|text|not-applicable|integer|reordered,true|integer|as-sorted","TreeMap<String,V>",flat,"{'a': 1, 'b': 2, 'c': 3}","c|[1, 1.0, 0],[1, 1.0, 1],[1, 1.5, 1]|text|not-applicable",true,true
P29_26_0_3_10,List<List<Object>>,mixed_depth,"[1, [2, {'k': (3, None, 't')}], True]","c|[1, 1.0, 0],c|[1, 1.0, 1],c|c|[1, 1.5, 1],null,t|74|1|1|1|integer|reordered|text|not-applicable|integer|reordered,true|integer|as-sorted","TreeMap<String,V>",intlike,"{'1': 'string-one-key', 'b': 2}","c|[1, 1.0, 1],t|737472696e672d6f6e652d6b6579|14|14|14|text|not-applicable",true,true
P29_26_0_4_10,List<List<Object>>,mixed_depth,"[1, [2, {'k': (3, None, 't')}], True]","c|[1, 1.0, 0],c|[1, 1.0, 1],c|c|[1, 1.5, 1],null,t|74|1|1|1|integer|reordered|text|not-applicable|integer|reordered,true|integer|as-sorted","TreeMap<String,V>",nested,"{'outer': {'inner': [1, 2]}}","c|c|c|[1, 1.0, 0],[1, 1.0, 1]|integer|as-sorted|text|not-applicable|text|not-applicable",true,true
P29_26_1_3_10,List<List<Object>>,seq_in_map,"{'outer': {'inner': [1, 2]}}","c|c|c|[1, 1.0, 0],[1, 1.0, 1]|integer|as-sorted|text|not-applicable|text|not-applicable","TreeMap<String,V>",intlike,"{'1': 'string-one-key', 'b': 2}","c|[1, 1.0, 1],t|737472696e672d6f6e652d6b6579|14|14|14|text|not-applicable",true,true
P29_26_1_4_10,List<List<Object>>,seq_in_map,"{'outer': {'inner': [1, 2]}}","c|c|c|[1, 1.0, 0],[1, 1.0, 1]|integer|as-sorted|text|not-applicable|text|not-applicable","TreeMap<String,V>",nested,"{'outer': {'inner': [1, 2]}}","c|c|c|[1, 1.0, 0],[1, 1.0, 1]|integer|as-sorted|text|not-applicable|text|not-applicable",true,true
P29_26_2_0_10,List<List<Object>>,seq_in_seq,"[[1, 2], [3, 4]]","c|c|[1, 1.0, 0],[1, 1.0, 1]|integer|as-sorted,c|[1, 1.0, 2],[1, 1.5, 1]|integer|as-sorted|integer|as-sorted","TreeMap<String,V>",empty,{},c||empty|not-applicable,true,true
P29_26_2_1_10,List<List<Object>>,seq_in_seq,"[[1, 2], [3, 4]]","c|c|[1, 1.0, 0],[1, 1.0, 1]|integer|as-sorted,c|[1, 1.0, 2],[1, 1.5, 1]|integer|as-sorted|integer|as-sorted","TreeMap<String,V>",emptykey,{'': 'empty-string key'},c|t|656d7074792d737472696e67206b6579|16|16|16|text|not-applicable,true,true
P29_26_2_2_10,List<List<Object>>,seq_in_seq,"[[1, 2], [3, 4]]","c|c|[1, 1.0, 0],[1, 1.0, 1]|integer|as-sorted,c|[1, 1.0, 2],[1, 1.5, 1]|integer|as-sorted|integer|as-sorted","TreeMap<String,V>",flat,"{'a': 1, 'b': 2, 'c': 3}","c|[1, 1.0, 0],[1, 1.0, 1],[1, 1.5, 1]|text|not-applicable",true,true
P29_26_2_3_10,List<List<Object>>,seq_in_seq,"[[1, 2], [3, 4]]","c|c|[1, 1.0, 0],[1, 1.0, 1]|integer|as-sorted,c|[1, 1.0, 2],[1, 1.5, 1]|integer|as-sorted|integer|as-sorted","TreeMap<String,V>",intlike,"{'1': 'string-one-key', 'b': 2}","c|[1, 1.0, 1],t|737472696e672d6f6e652d6b6579|14|14|14|text|not-applicable",true,true
P29_26_2_4_10,List<List<Object>>,seq_in_seq,"[[1, 2], [3, 4]]","c|c|[1, 1.0, 0],[1, 1.0, 1]|integer|as-sorted,c|[1, 1.0, 2],[1, 1.5, 1]|integer|as-sorted|integer|as-sorted","TreeMap<String,V>",nested,"{'outer': {'inner': [1, 2]}}","c|c|c|[1, 1.0, 0],[1, 1.0, 1]|integer|as-sorted|text|not-applicable|text|not-applicable",true,true
P29_28_0_0_10,List<List<Object>>,mixed_depth,"[1, [2, {'k': (3, None, 't')}], True]","c|[1, 1.0, 0],c|[1, 1.0, 1],c|c|[1, 1.5, 1],null,t|74|1|1|1|integer|reordered|text|not-applicable|integer|reordered,true|integer|as-sorted",local class with fields,empty,{},c||empty|not-applicable,true,true
P29_28_0_2_10,List<List<Object>>,mixed_depth,"[1, [2, {'k': (3, None, 't')}], True]","c|[1, 1.0, 0],c|[1, 1.0, 1],c|c|[1, 1.5, 1],null,t|74|1|1|1|integer|reordered|text|not-applicable|integer|reordered,true|integer|as-sorted",local class with fields,flat,"{'a': 1, 'b': 2, 'c': 3}","c|[1, 1.0, 0],[1, 1.0, 1],[1, 1.5, 1]|text|not-applicable",true,true
P29_28_0_4_10,List<List<Object>>,mixed_depth,"[1, [2, {'k': (3, None, 't')}], True]","c|[1, 1.0, 0],c|[1, 1.0, 1],c|c|[1, 1.5, 1],null,t|74|1|1|1|integer|reordered|text|not-applicable|integer|reordered,true|integer|as-sorted",local class with fields,nested,"{'outer': {'inner': [1, 2]}}","c|c|c|[1, 1.0, 0],[1, 1.0, 1]|integer|as-sorted|text|not-applicable|text|not-applicable",true,true
P29_28_1_0_10,List<List<Object>>,seq_in_map,"{'outer': {'inner': [1, 2]}}","c|c|c|[1, 1.0, 0],[1, 1.0, 1]|integer|as-sorted|text|not-applicable|text|not-applicable",local class with fields,empty,{},c||empty|not-applicable,true,true
P29_28_1_2_10,List<List<Object>>,seq_in_map,"{'outer': {'inner': [1, 2]}}","c|c|c|[1, 1.0, 0],[1, 1.0, 1]|integer|as-sorted|text|not-applicable|text|not-applicable",local class with fields,flat,"{'a': 1, 'b': 2, 'c': 3}","c|[1, 1.0, 0],[1, 1.0, 1],[1, 1.5, 1]|text|not-applicable",true,true
P29_28_1_4_10,List<List<Object>>,seq_in_map,"{'outer': {'inner': [1, 2]}}","c|c|c|[1, 1.0, 0],[1, 1.0, 1]|integer|as-sorted|text|not-applicable|text|not-applicable",local class with fields,nested,"{'outer': {'inner': [1, 2]}}","c|c|c|[1, 1.0, 0],[1, 1.0, 1]|integer|as-sorted|text|not-applicable|text|not-applicable",true,true
P29_28_2_0_10,List<List<Object>>,seq_in_seq,"[[1, 2], [3, 4]]","c|c|[1, 1.0, 0],[1, 1.0, 1]|integer|as-sorted,c|[1, 1.0, 2],[1, 1.5, 1]|integer|as-sorted|integer|as-sorted",local class with fields,empty,{},c||empty|not-applicable,true,true
P29_28_2_2_10,List<List<Object>>,seq_in_seq,"[[1, 2], [3, 4]]","c|c|[1, 1.0, 0],[1, 1.0, 1]|integer|as-sorted,c|[1, 1.0, 2],[1, 1.5, 1]|integer|as-sorted|integer|as-sorted",local class with fields,flat,"{'a': 1, 'b': 2, 'c': 3}","c|[1, 1.0, 0],[1, 1.0, 1],[1, 1.5, 1]|text|not-applicable",true,true
P29_28_2_4_10,List<List<Object>>,seq_in_seq,"[[1, 2], [3, 4]]","c|c|[1, 1.0, 0],[1, 1.0, 1]|integer|as-sorted,c|[1, 1.0, 2],[1, 1.5, 1]|integer|as-sorted|integer|as-sorted",local class with fields,nested,"{'outer': {'inner': [1, 2]}}","c|c|c|[1, 1.0, 0],[1, 1.0, 1]|integer|as-sorted|text|not-applicable|text|not-applicable",true,true
P29_29_0_0_10,List<List<Object>>,mixed_depth,"[1, [2, {'k': (3, None, 't')}], True]","c|[1, 1.0, 0],c|[1, 1.0, 1],c|c|[1, 1.5, 1],null,t|74|1|1|1|integer|reordered|text|not-applicable|integer|reordered,true|integer|as-sorted",List<List<Object>>,mixed_depth,"[1, [2, {'k': (3, None, 't')}], True]","c|[1, 1.0, 0],c|[1, 1.0, 1],c|c|[1, 1.5, 1],null,t|74|1|1|1|integer|reordered|text|not-applicable|integer|reordered,true|integer|as-sorted",true,true
P29_29_0_1_10,List<List<Object>>,mixed_depth,"[1, [2, {'k': (3, None, 't')}], True]","c|[1, 1.0, 0],c|[1, 1.0, 1],c|c|[1, 1.5, 1],null,t|74|1|1|1|integer|reordered|text|not-applicable|integer|reordered,true|integer|as-sorted",List<List<Object>>,seq_in_map,"{'outer': {'inner': [1, 2]}}","c|c|c|[1, 1.0, 0],[1, 1.0, 1]|integer|as-sorted|text|not-applicable|text|not-applicable",true,true
P29_29_1_0_10,List<List<Object>>,seq_in_map,"{'outer': {'inner': [1, 2]}}","c|c|c|[1, 1.0, 0],[1, 1.0, 1]|integer|as-sorted|text|not-applicable|text|not-applicable",List<List<Object>>,mixed_depth,"[1, [2, {'k': (3, None, 't')}], True]","c|[1, 1.0, 0],c|[1, 1.0, 1],c|c|[1, 1.5, 1],null,t|74|1|1|1|integer|reordered|text|not-applicable|integer|reordered,true|integer|as-sorted",true,true
P29_29_1_1_10,List<List<Object>>,seq_in_map,"{'outer': {'inner': [1, 2]}}","c|c|c|[1, 1.0, 0],[1, 1.0, 1]|integer|as-sorted|text|not-applicable|text|not-applicable",List<List<Object>>,seq_in_map,"{'outer': {'inner': [1, 2]}}","c|c|c|[1, 1.0, 0],[1, 1.0, 1]|integer|as-sorted|text|not-applicable|text|not-applicable",true,true
P29_29_1_2_10,List<List<Object>>,seq_in_map,"{'outer': {'inner': [1, 2]}}","c|c|c|[1, 1.0, 0],[1, 1.0, 1]|integer|as-sorted|text|not-applicable|text|not-applicable",List<List<Object>>,seq_in_seq,"[[1, 2], [3, 4]]","c|c|[1, 1.0, 0],[1, 1.0, 1]|integer|as-sorted,c|[1, 1.0, 2],[1, 1.5, 1]|integer|as-sorted|integer|as-sorted",true,true
P29_29_2_1_10,List<List<Object>>,seq_in_seq,"[[1, 2], [3, 4]]","c|c|[1, 1.0, 0],[1, 1.0, 1]|integer|as-sorted,c|[1, 1.0, 2],[1, 1.5, 1]|integer|as-sorted|integer|as-sorted",List<List<Object>>,seq_in_map,"{'outer': {'inner': [1, 2]}}","c|c|c|[1, 1.0, 0],[1, 1.0, 1]|integer|as-sorted|text|not-applicable|text|not-applicable",true,true
P29_29_2_2_10,List<List<Object>>,seq_in_seq,"[[1, 2], [3, 4]]","c|c|[1, 1.0, 0],[1, 1.0, 1]|integer|as-sorted,c|[1, 1.0, 2],[1, 1.5, 1]|integer|as-sorted|integer|as-sorted",List<List<Object>>,seq_in_seq,"[[1, 2], [3, 4]]","c|c|[1, 1.0, 0],[1, 1.0, 1]|integer|as-sorted,c|[1, 1.0, 2],[1, 1.5, 1]|integer|as-sorted|integer|as-sorted",true,true
P29_30_0_0_10,List<List<Object>>,mixed_depth,"[1, [2, {'k': (3, None, 't')}], True]","c|[1, 1.0, 0],c|[1, 1.0, 1],c|c|[1, 1.5, 1],null,t|74|1|1|1|integer|reordered|text|not-applicable|integer|reordered,true|integer|as-sorted","Map<String,Object> nesting",mixed_depth,"[1, [2, {'k': (3, None, 't')}], True]","c|[1, 1.0, 0],c|[1, 1.0, 1],c|c|[1, 1.5, 1],null,t|74|1|1|1|integer|reordered|text|not-applicable|integer|reordered,true|integer|as-sorted",true,true
P29_30_0_1_10,List<List<Object>>,mixed_depth,"[1, [2, {'k': (3, None, 't')}], True]","c|[1, 1.0, 0],c|[1, 1.0, 1],c|c|[1, 1.5, 1],null,t|74|1|1|1|integer|reordered|text|not-applicable|integer|reordered,true|integer|as-sorted","Map<String,Object> nesting",seq_in_map,"{'outer': {'inner': [1, 2]}}","c|c|c|[1, 1.0, 0],[1, 1.0, 1]|integer|as-sorted|text|not-applicable|text|not-applicable",true,true
P29_30_0_2_10,List<List<Object>>,mixed_depth,"[1, [2, {'k': (3, None, 't')}], True]","c|[1, 1.0, 0],c|[1, 1.0, 1],c|c|[1, 1.5, 1],null,t|74|1|1|1|integer|reordered|text|not-applicable|integer|reordered,true|integer|as-sorted","Map<String,Object> nesting",seq_in_seq,"[[1, 2], [3, 4]]","c|c|[1, 1.0, 0],[1, 1.0, 1]|integer|as-sorted,c|[1, 1.0, 2],[1, 1.5, 1]|integer|as-sorted|integer|as-sorted",true,true
P29_30_1_0_10,List<List<Object>>,seq_in_map,"{'outer': {'inner': [1, 2]}}","c|c|c|[1, 1.0, 0],[1, 1.0, 1]|integer|as-sorted|text|not-applicable|text|not-applicable","Map<String,Object> nesting",mixed_depth,"[1, [2, {'k': (3, None, 't')}], True]","c|[1, 1.0, 0],c|[1, 1.0, 1],c|c|[1, 1.5, 1],null,t|74|1|1|1|integer|reordered|text|not-applicable|integer|reordered,true|integer|as-sorted",true,true
P29_30_1_1_10,List<List<Object>>,seq_in_map,"{'outer': {'inner': [1, 2]}}","c|c|c|[1, 1.0, 0],[1, 1.0, 1]|integer|as-sorted|text|not-applicable|text|not-applicable","Map<String,Object> nesting",seq_in_map,"{'outer': {'inner': [1, 2]}}","c|c|c|[1, 1.0, 0],[1, 1.0, 1]|integer|as-sorted|text|not-applicable|text|not-applicable",true,true
P29_30_1_2_10,List<List<Object>>,seq_in_map,"{'outer': {'inner': [1, 2]}}","c|c|c|[1, 1.0, 0],[1, 1.0, 1]|integer|as-sorted|text|not-applicable|text|not-applicable","Map<String,Object> nesting",seq_in_seq,"[[1, 2], [3, 4]]","c|c|[1, 1.0, 0],[1, 1.0, 1]|integer|as-sorted,c|[1, 1.0, 2],[1, 1.5, 1]|integer|as-sorted|integer|as-sorted",true,true
P29_30_2_0_10,List<List<Object>>,seq_in_seq,"[[1, 2], [3, 4]]","c|c|[1, 1.0, 0],[1, 1.0, 1]|integer|as-sorted,c|[1, 1.0, 2],[1, 1.5, 1]|integer|as-sorted|integer|as-sorted","Map<String,Object> nesting",mixed_depth,"[1, [2, {'k': (3, None, 't')}], True]","c|[1, 1.0, 0],c|[1, 1.0, 1],c|c|[1, 1.5, 1],null,t|74|1|1|1|integer|reordered|text|not-applicable|integer|reordered,true|integer|as-sorted",true,true
P29_30_2_1_10,List<List<Object>>,seq_in_seq,"[[1, 2], [3, 4]]","c|c|[1, 1.0, 0],[1, 1.0, 1]|integer|as-sorted,c|[1, 1.0, 2],[1, 1.5, 1]|integer|as-sorted|integer|as-sorted","Map<String,Object> nesting",seq_in_map,"{'outer': {'inner': [1, 2]}}","c|c|c|[1, 1.0, 0],[1, 1.0, 1]|integer|as-sorted|text|not-applicable|text|not-applicable",true,true
P29_30_2_2_10,List<List<Object>>,seq_in_seq,"[[1, 2], [3, 4]]","c|c|[1, 1.0, 0],[1, 1.0, 1]|integer|as-sorted,c|[1, 1.0, 2],[1, 1.5, 1]|integer|as-sorted|integer|as-sorted","Map<String,Object> nesting",seq_in_seq,"[[1, 2], [3, 4]]","c|c|[1, 1.0, 0],[1, 1.0, 1]|integer|as-sorted,c|[1, 1.0, 2],[1, 1.5, 1]|integer|as-sorted|integer|as-sorted",true,true
P30_10_0_0_10,"Map<String,Object> nesting",mixed_depth,"[1, [2, {'k': (3, None, 't')}], True]","c|[1, 1.0, 0],c|[1, 1.0, 1],c|c|[1, 1.5, 1],null,t|74|1|1|1|integer|reordered|text|not-applicable|integer|reordered,true|integer|as-sorted",BigInteger,base_42,2a,"[1, 1.3125, 5]",true,true
P30_10_0_1_10,"Map<String,Object> nesting",mixed_depth,"[1, [2, {'k': (3, None, 't')}], True]","c|[1, 1.0, 0],c|[1, 1.0, 1],c|c|[1, 1.5, 1],null,t|74|1|1|1|integer|reordered|text|not-applicable|integer|reordered,true|integer|as-sorted",BigInteger,base_zero,0,"[1, 0.0, 0]",true,true
P30_10_0_2_10,"Map<String,Object> nesting",mixed_depth,"[1, [2, {'k': (3, None, 't')}], True]","c|[1, 1.0, 0],c|[1, 1.0, 1],c|c|[1, 1.5, 1],null,t|74|1|1|1|integer|reordered|text|not-applicable|integer|reordered,true|integer|as-sorted",BigInteger,i64max,7fffffffffffffff,"[1, 1.9999999999999999997831595655029, 62]",true,true
P30_10_0_3_10,"Map<String,Object> nesting",mixed_depth,"[1, [2, {'k': (3, None, 't')}], True]","c|[1, 1.0, 0],c|[1, 1.0, 1],c|c|[1, 1.5, 1],null,t|74|1|1|1|integer|reordered|text|not-applicable|integer|reordered,true|integer|as-sorted",BigInteger,i64max_plus1,8000000000000000,"[1, 1.0, 63]",true,true
P30_10_0_4_10,"Map<String,Object> nesting",mixed_depth,"[1, [2, {'k': (3, None, 't')}], True]","c|[1, 1.0, 0],c|[1, 1.0, 1],c|c|[1, 1.5, 1],null,t|74|1|1|1|integer|reordered|text|not-applicable|integer|reordered,true|integer|as-sorted",BigInteger,p53_plus1,20000000000001,"[1, 1.0000000000000001110223024625157, 53]",true,true
P30_10_0_5_10,"Map<String,Object> nesting",mixed_depth,"[1, [2, {'k': (3, None, 't')}], True]","c|[1, 1.0, 0],c|[1, 1.0, 1],c|c|[1, 1.5, 1],null,t|74|1|1|1|integer|reordered|text|not-applicable|integer|reordered,true|integer|as-sorted",BigInteger,u64max,ffffffffffffffff,"[1, 1.9999999999999999998915797827514, 63]",true,true
P30_10_1_0_10,"Map<String,Object> nesting",seq_in_map,"{'outer': {'inner': [1, 2]}}","c|c|c|[1, 1.0, 0],[1, 1.0, 1]|integer|as-sorted|text|not-applicable|text|not-applicable",BigInteger,base_42,2a,"[1, 1.3125, 5]",true,true
P30_10_1_1_10,"Map<String,Object> nesting",seq_in_map,"{'outer': {'inner': [1, 2]}}","c|c|c|[1, 1.0, 0],[1, 1.0, 1]|integer|as-sorted|text|not-applicable|text|not-applicable",BigInteger,base_zero,0,"[1, 0.0, 0]",true,true
P30_10_1_2_10,"Map<String,Object> nesting",seq_in_map,"{'outer': {'inner': [1, 2]}}","c|c|c|[1, 1.0, 0],[1, 1.0, 1]|integer|as-sorted|text|not-applicable|text|not-applicable",BigInteger,i64max,7fffffffffffffff,"[1, 1.9999999999999999997831595655029, 62]",true,true
P30_10_1_3_10,"Map<String,Object> nesting",seq_in_map,"{'outer': {'inner': [1, 2]}}","c|c|c|[1, 1.0, 0],[1, 1.0, 1]|integer|as-sorted|text|not-applicable|text|not-applicable",BigInteger,i64max_plus1,8000000000000000,"[1, 1.0, 63]",true,true
P30_10_1_4_10,"Map<String,Object> nesting",seq_in_map,"{'outer': {'inner': [1, 2]}}","c|c|c|[1, 1.0, 0],[1, 1.0, 1]|integer|as-sorted|text|not-applicable|text|not-applicable",BigInteger,p53_plus1,20000000000001,"[1, 1.0000000000000001110223024625157, 53]",true,true
P30_10_1_5_10,"Map<String,Object> nesting",seq_in_map,"{'outer': {'inner': [1, 2]}}","c|c|c|[1, 1.0, 0],[1, 1.0, 1]|integer|as-sorted|text|not-applicable|text|not-applicable",BigInteger,u64max,ffffffffffffffff,"[1, 1.9999999999999999998915797827514, 63]",true,true
P30_10_2_0_10,"Map<String,Object> nesting",seq_in_seq,"[[1, 2], [3, 4]]","c|c|[1, 1.0, 0],[1, 1.0, 1]|integer|as-sorted,c|[1, 1.0, 2],[1, 1.5, 1]|integer|as-sorted|integer|as-sorted",BigInteger,base_42,2a,"[1, 1.3125, 5]",true,true
P30_10_2_1_10,"Map<String,Object> nesting",seq_in_seq,"[[1, 2], [3, 4]]","c|c|[1, 1.0, 0],[1, 1.0, 1]|integer|as-sorted,c|[1, 1.0, 2],[1, 1.5, 1]|integer|as-sorted|integer|as-sorted",BigInteger,base_zero,0,"[1, 0.0, 0]",true,true
P30_10_2_2_10,"Map<String,Object> nesting",seq_in_seq,"[[1, 2], [3, 4]]","c|c|[1, 1.0, 0],[1, 1.0, 1]|integer|as-sorted,c|[1, 1.0, 2],[1, 1.5, 1]|integer|as-sorted|integer|as-sorted",BigInteger,i64max,7fffffffffffffff,"[1, 1.9999999999999999997831595655029, 62]",true,true
P30_10_2_3_10,"Map<String,Object> nesting",seq_in_seq,"[[1, 2], [3, 4]]","c|c|[1, 1.0, 0],[1, 1.0, 1]|integer|as-sorted,c|[1, 1.0, 2],[1, 1.5, 1]|integer|as-sorted|integer|as-sorted",BigInteger,i64max_plus1,8000000000000000,"[1, 1.0, 63]",true,true
P30_10_2_4_10,"Map<String,Object> nesting",seq_in_seq,"[[1, 2], [3, 4]]","c|c|[1, 1.0, 0],[1, 1.0, 1]|integer|as-sorted,c|[1, 1.0, 2],[1, 1.5, 1]|integer|as-sorted|integer|as-sorted",BigInteger,p53_plus1,20000000000001,"[1, 1.0000000000000001110223024625157, 53]",true,true
P30_10_2_5_10,"Map<String,Object> nesting",seq_in_seq,"[[1, 2], [3, 4]]","c|c|[1, 1.0, 0],[1, 1.0, 1]|integer|as-sorted,c|[1, 1.0, 2],[1, 1.5, 1]|integer|as-sorted|integer|as-sorted",BigInteger,u64max,ffffffffffffffff,"[1, 1.9999999999999999998915797827514, 63]",true,true
P30_13_0_0_10,"Map<String,Object> nesting",mixed_depth,"[1, [2, {'k': (3, None, 't')}], True]","c|[1, 1.0, 0],c|[1, 1.0, 1],c|c|[1, 1.5, 1],null,t|74|1|1|1|integer|reordered|text|not-applicable|integer|reordered,true|integer|as-sorted",BigDecimal,base_1_5,1.5,"[1, 1.5, 0]",true,true
P30_13_0_1_10,"Map<String,Object> nesting",mixed_depth,"[1, [2, {'k': (3, None, 't')}], True]","c|[1, 1.0, 0],c|[1, 1.0, 1],c|c|[1, 1.5, 1],null,t|74|1|1|1|integer|reordered|text|not-applicable|integer|reordered,true|integer|as-sorted",BigDecimal,base_pi,3.141592653589793,"[1, 1.5707963267948965, 1]",true,true
P30_13_0_2_10,"Map<String,Object> nesting",mixed_depth,"[1, [2, {'k': (3, None, 't')}], True]","c|[1, 1.0, 0],c|[1, 1.0, 1],c|c|[1, 1.5, 1],null,t|74|1|1|1|integer|reordered|text|not-applicable|integer|reordered,true|integer|as-sorted",BigDecimal,inf,inf,"[1, inf]",,RAISE:NumberFormatException
P30_13_0_3_10,"Map<String,Object> nesting",mixed_depth,"[1, [2, {'k': (3, None, 't')}], True]","c|[1, 1.0, 0],c|[1, 1.0, 1],c|c|[1, 1.5, 1],null,t|74|1|1|1|integer|reordered|text|not-applicable|integer|reordered,true|integer|as-sorted",BigDecimal,nan,nan,nan,,RAISE:NumberFormatException
P30_13_0_4_10,"Map<String,Object> nesting",mixed_depth,"[1, [2, {'k': (3, None, 't')}], True]","c|[1, 1.0, 0],c|[1, 1.0, 1],c|c|[1, 1.5, 1],null,t|74|1|1|1|integer|reordered|text|not-applicable|integer|reordered,true|integer|as-sorted",BigDecimal,negzero,negzero,"[-1, 0.0, 0]",true,true
P30_13_0_5_10,"Map<String,Object> nesting",mixed_depth,"[1, [2, {'k': (3, None, 't')}], True]","c|[1, 1.0, 0],c|[1, 1.0, 1],c|c|[1, 1.5, 1],null,t|74|1|1|1|integer|reordered|text|not-applicable|integer|reordered,true|integer|as-sorted",BigDecimal,point1,0.1,"[1, 1.6, -4]",true,true
P30_13_1_0_10,"Map<String,Object> nesting",seq_in_map,"{'outer': {'inner': [1, 2]}}","c|c|c|[1, 1.0, 0],[1, 1.0, 1]|integer|as-sorted|text|not-applicable|text|not-applicable",BigDecimal,base_1_5,1.5,"[1, 1.5, 0]",true,true
P30_13_1_1_10,"Map<String,Object> nesting",seq_in_map,"{'outer': {'inner': [1, 2]}}","c|c|c|[1, 1.0, 0],[1, 1.0, 1]|integer|as-sorted|text|not-applicable|text|not-applicable",BigDecimal,base_pi,3.141592653589793,"[1, 1.5707963267948965, 1]",true,true
P30_13_1_2_10,"Map<String,Object> nesting",seq_in_map,"{'outer': {'inner': [1, 2]}}","c|c|c|[1, 1.0, 0],[1, 1.0, 1]|integer|as-sorted|text|not-applicable|text|not-applicable",BigDecimal,inf,inf,"[1, inf]",,RAISE:NumberFormatException
P30_13_1_3_10,"Map<String,Object> nesting",seq_in_map,"{'outer': {'inner': [1, 2]}}","c|c|c|[1, 1.0, 0],[1, 1.0, 1]|integer|as-sorted|text|not-applicable|text|not-applicable",BigDecimal,nan,nan,nan,,RAISE:NumberFormatException
P30_13_1_4_10,"Map<String,Object> nesting",seq_in_map,"{'outer': {'inner': [1, 2]}}","c|c|c|[1, 1.0, 0],[1, 1.0, 1]|integer|as-sorted|text|not-applicable|text|not-applicable",BigDecimal,negzero,negzero,"[-1, 0.0, 0]",true,true
P30_13_1_5_10,"Map<String,Object> nesting",seq_in_map,"{'outer': {'inner': [1, 2]}}","c|c|c|[1, 1.0, 0],[1, 1.0, 1]|integer|as-sorted|text|not-applicable|text|not-applicable",BigDecimal,point1,0.1,"[1, 1.6, -4]",true,true
P30_13_2_0_10,"Map<String,Object> nesting",seq_in_seq,"[[1, 2], [3, 4]]","c|c|[1, 1.0, 0],[1, 1.0, 1]|integer|as-sorted,c|[1, 1.0, 2],[1, 1.5, 1]|integer|as-sorted|integer|as-sorted",BigDecimal,base_1_5,1.5,"[1, 1.5, 0]",true,true
P30_13_2_1_10,"Map<String,Object> nesting",seq_in_seq,"[[1, 2], [3, 4]]","c|c|[1, 1.0, 0],[1, 1.0, 1]|integer|as-sorted,c|[1, 1.0, 2],[1, 1.5, 1]|integer|as-sorted|integer|as-sorted",BigDecimal,base_pi,3.141592653589793,"[1, 1.5707963267948965, 1]",true,true
P30_13_2_2_10,"Map<String,Object> nesting",seq_in_seq,"[[1, 2], [3, 4]]","c|c|[1, 1.0, 0],[1, 1.0, 1]|integer|as-sorted,c|[1, 1.0, 2],[1, 1.5, 1]|integer|as-sorted|integer|as-sorted",BigDecimal,inf,inf,"[1, inf]",,RAISE:NumberFormatException
P30_13_2_3_10,"Map<String,Object> nesting",seq_in_seq,"[[1, 2], [3, 4]]","c|c|[1, 1.0, 0],[1, 1.0, 1]|integer|as-sorted,c|[1, 1.0, 2],[1, 1.5, 1]|integer|as-sorted|integer|as-sorted",BigDecimal,nan,nan,nan,,RAISE:NumberFormatException
P30_13_2_4_10,"Map<String,Object> nesting",seq_in_seq,"[[1, 2], [3, 4]]","c|c|[1, 1.0, 0],[1, 1.0, 1]|integer|as-sorted,c|[1, 1.0, 2],[1, 1.5, 1]|integer|as-sorted|integer|as-sorted",BigDecimal,negzero,negzero,"[-1, 0.0, 0]",true,true
P30_13_2_5_10,"Map<String,Object> nesting",seq_in_seq,"[[1, 2], [3, 4]]","c|c|[1, 1.0, 0],[1, 1.0, 1]|integer|as-sorted,c|[1, 1.0, 2],[1, 1.5, 1]|integer|as-sorted|integer|as-sorted",BigDecimal,point1,0.1,"[1, 1.6, -4]",true,true
P30_20_0_0_10,"Map<String,Object> nesting",mixed_depth,"[1, [2, {'k': (3, None, 't')}], True]","c|[1, 1.0, 0],c|[1, 1.0, 1],c|c|[1, 1.5, 1],null,t|74|1|1|1|integer|reordered|text|not-applicable|integer|reordered,true|integer|as-sorted",ArrayList<T>,base,"[1, 2, 3]","c|[1, 1.0, 0],[1, 1.0, 1],[1, 1.5, 1]|integer|as-sorted",true,true
P30_20_0_1_10,"Map<String,Object> nesting",mixed_depth,"[1, [2, {'k': (3, None, 't')}], True]","c|[1, 1.0, 0],c|[1, 1.0, 1],c|c|[1, 1.5, 1],null,t|74|1|1|1|integer|reordered|text|not-applicable|integer|reordered,true|integer|as-sorted",ArrayList<T>,bigint,[9223372036854775808],"c|[1, 1.0, 63]|integer|as-sorted",true,true
P30_20_0_2_10,"Map<String,Object> nesting",mixed_depth,"[1, [2, {'k': (3, None, 't')}], True]","c|[1, 1.0, 0],c|[1, 1.0, 1],c|c|[1, 1.5, 1],null,t|74|1|1|1|integer|reordered|text|not-applicable|integer|reordered,true|integer|as-sorted",ArrayList<T>,empty,[],c||empty|as-sorted,true,true
P30_20_0_3_10,"Map<String,Object> nesting",mixed_depth,"[1, [2, {'k': (3, None, 't')}], True]","c|[1, 1.0, 0],c|[1, 1.0, 1],c|c|[1, 1.5, 1],null,t|74|1|1|1|integer|reordered|text|not-applicable|integer|reordered,true|integer|as-sorted",ArrayList<T>,mixed,"[1, 'two', 3.0, True, None]","c|[1, 1.0, 0],[1, 1.5, 1],null,true,t|74776f|3|3|3|integer|reordered",true,true
P30_20_0_4_10,"Map<String,Object> nesting",mixed_depth,"[1, [2, {'k': (3, None, 't')}], True]","c|[1, 1.0, 0],c|[1, 1.0, 1],c|c|[1, 1.5, 1],null,t|74|1|1|1|integer|reordered|text|not-applicable|integer|reordered,true|integer|as-sorted",ArrayList<T>,strs,"['a', 'b']","c|t|61|1|1|1,t|62|1|1|1|integer|as-sorted",true,true
P30_20_1_0_10,"Map<String,Object> nesting",seq_in_map,"{'outer': {'inner': [1, 2]}}","c|c|c|[1, 1.0, 0],[1, 1.0, 1]|integer|as-sorted|text|not-applicable|text|not-applicable",ArrayList<T>,base,"[1, 2, 3]","c|[1, 1.0, 0],[1, 1.0, 1],[1, 1.5, 1]|integer|as-sorted",true,true
P30_20_1_1_10,"Map<String,Object> nesting",seq_in_map,"{'outer': {'inner': [1, 2]}}","c|c|c|[1, 1.0, 0],[1, 1.0, 1]|integer|as-sorted|text|not-applicable|text|not-applicable",ArrayList<T>,bigint,[9223372036854775808],"c|[1, 1.0, 63]|integer|as-sorted",true,true
P30_20_1_2_10,"Map<String,Object> nesting",seq_in_map,"{'outer': {'inner': [1, 2]}}","c|c|c|[1, 1.0, 0],[1, 1.0, 1]|integer|as-sorted|text|not-applicable|text|not-applicable",ArrayList<T>,empty,[],c||empty|as-sorted,true,true
P30_20_1_3_10,"Map<String,Object> nesting",seq_in_map,"{'outer': {'inner': [1, 2]}}","c|c|c|[1, 1.0, 0],[1, 1.0, 1]|integer|as-sorted|text|not-applicable|text|not-applicable",ArrayList<T>,mixed,"[1, 'two', 3.0, True, None]","c|[1, 1.0, 0],[1, 1.5, 1],null,true,t|74776f|3|3|3|integer|reordered",true,true
P30_20_1_4_10,"Map<String,Object> nesting",seq_in_map,"{'outer': {'inner': [1, 2]}}","c|c|c|[1, 1.0, 0],[1, 1.0, 1]|integer|as-sorted|text|not-applicable|text|not-applicable",ArrayList<T>,strs,"['a', 'b']","c|t|61|1|1|1,t|62|1|1|1|integer|as-sorted",true,true
P30_20_2_0_10,"Map<String,Object> nesting",seq_in_seq,"[[1, 2], [3, 4]]","c|c|[1, 1.0, 0],[1, 1.0, 1]|integer|as-sorted,c|[1, 1.0, 2],[1, 1.5, 1]|integer|as-sorted|integer|as-sorted",ArrayList<T>,base,"[1, 2, 3]","c|[1, 1.0, 0],[1, 1.0, 1],[1, 1.5, 1]|integer|as-sorted",true,true
P30_20_2_1_10,"Map<String,Object> nesting",seq_in_seq,"[[1, 2], [3, 4]]","c|c|[1, 1.0, 0],[1, 1.0, 1]|integer|as-sorted,c|[1, 1.0, 2],[1, 1.5, 1]|integer|as-sorted|integer|as-sorted",ArrayList<T>,bigint,[9223372036854775808],"c|[1, 1.0, 63]|integer|as-sorted",true,true
P30_20_2_2_10,"Map<String,Object> nesting",seq_in_seq,"[[1, 2], [3, 4]]","c|c|[1, 1.0, 0],[1, 1.0, 1]|integer|as-sorted,c|[1, 1.0, 2],[1, 1.5, 1]|integer|as-sorted|integer|as-sorted",ArrayList<T>,empty,[],c||empty|as-sorted,true,true
P30_20_2_3_10,"Map<String,Object> nesting",seq_in_seq,"[[1, 2], [3, 4]]","c|c|[1, 1.0, 0],[1, 1.0, 1]|integer|as-sorted,c|[1, 1.0, 2],[1, 1.5, 1]|integer|as-sorted|integer|as-sorted",ArrayList<T>,mixed,"[1, 'two', 3.0, True, None]","c|[1, 1.0, 0],[1, 1.5, 1],null,true,t|74776f|3|3|3|integer|reordered",true,true
P30_20_2_4_10,"Map<String,Object> nesting",seq_in_seq,"[[1, 2], [3, 4]]","c|c|[1, 1.0, 0],[1, 1.0, 1]|integer|as-sorted,c|[1, 1.0, 2],[1, 1.5, 1]|integer|as-sorted|integer|as-sorted",ArrayList<T>,strs,"['a', 'b']","c|t|61|1|1|1,t|62|1|1|1|integer|as-sorted",true,true
P30_21_0_0_10,"Map<String,Object> nesting",mixed_depth,"[1, [2, {'k': (3, None, 't')}], True]","c|[1, 1.0, 0],c|[1, 1.0, 1],c|c|[1, 1.5, 1],null,t|74|1|1|1|integer|reordered|text|not-applicable|integer|reordered,true|integer|as-sorted",List.of(...),base,"[1, 2, 3]","c|[1, 1.0, 0],[1, 1.0, 1],[1, 1.5, 1]|integer|as-sorted",true,true
P30_21_0_1_10,"Map<String,Object> nesting",mixed_depth,"[1, [2, {'k': (3, None, 't')}], True]","c|[1, 1.0, 0],c|[1, 1.0, 1],c|c|[1, 1.5, 1],null,t|74|1|1|1|integer|reordered|text|not-applicable|integer|reordered,true|integer|as-sorted",List.of(...),bigint,[9223372036854775808],"c|[1, 1.0, 63]|integer|as-sorted",true,true
P30_21_0_2_10,"Map<String,Object> nesting",mixed_depth,"[1, [2, {'k': (3, None, 't')}], True]","c|[1, 1.0, 0],c|[1, 1.0, 1],c|c|[1, 1.5, 1],null,t|74|1|1|1|integer|reordered|text|not-applicable|integer|reordered,true|integer|as-sorted",List.of(...),empty,[],c||empty|as-sorted,true,true
P30_21_0_3_10,"Map<String,Object> nesting",mixed_depth,"[1, [2, {'k': (3, None, 't')}], True]","c|[1, 1.0, 0],c|[1, 1.0, 1],c|c|[1, 1.5, 1],null,t|74|1|1|1|integer|reordered|text|not-applicable|integer|reordered,true|integer|as-sorted",List.of(...),mixed,"[1, 'two', 3.0, True, None]","c|[1, 1.0, 0],[1, 1.5, 1],null,true,t|74776f|3|3|3|integer|reordered",,RAISE:NullPointerException
P30_21_0_4_10,"Map<String,Object> nesting",mixed_depth,"[1, [2, {'k': (3, None, 't')}], True]","c|[1, 1.0, 0],c|[1, 1.0, 1],c|c|[1, 1.5, 1],null,t|74|1|1|1|integer|reordered|text|not-applicable|integer|reordered,true|integer|as-sorted",List.of(...),strs,"['a', 'b']","c|t|61|1|1|1,t|62|1|1|1|integer|as-sorted",true,true
P30_21_1_0_10,"Map<String,Object> nesting",seq_in_map,"{'outer': {'inner': [1, 2]}}","c|c|c|[1, 1.0, 0],[1, 1.0, 1]|integer|as-sorted|text|not-applicable|text|not-applicable",List.of(...),base,"[1, 2, 3]","c|[1, 1.0, 0],[1, 1.0, 1],[1, 1.5, 1]|integer|as-sorted",true,true
P30_21_1_1_10,"Map<String,Object> nesting",seq_in_map,"{'outer': {'inner': [1, 2]}}","c|c|c|[1, 1.0, 0],[1, 1.0, 1]|integer|as-sorted|text|not-applicable|text|not-applicable",List.of(...),bigint,[9223372036854775808],"c|[1, 1.0, 63]|integer|as-sorted",true,true
P30_21_1_2_10,"Map<String,Object> nesting",seq_in_map,"{'outer': {'inner': [1, 2]}}","c|c|c|[1, 1.0, 0],[1, 1.0, 1]|integer|as-sorted|text|not-applicable|text|not-applicable",List.of(...),empty,[],c||empty|as-sorted,true,true
P30_21_1_3_10,"Map<String,Object> nesting",seq_in_map,"{'outer': {'inner': [1, 2]}}","c|c|c|[1, 1.0, 0],[1, 1.0, 1]|integer|as-sorted|text|not-applicable|text|not-applicable",List.of(...),mixed,"[1, 'two', 3.0, True, None]","c|[1, 1.0, 0],[1, 1.5, 1],null,true,t|74776f|3|3|3|integer|reordered",,RAISE:NullPointerException
P30_21_1_4_10,"Map<String,Object> nesting",seq_in_map,"{'outer': {'inner': [1, 2]}}","c|c|c|[1, 1.0, 0],[1, 1.0, 1]|integer|as-sorted|text|not-applicable|text|not-applicable",List.of(...),strs,"['a', 'b']","c|t|61|1|1|1,t|62|1|1|1|integer|as-sorted",true,true
P30_21_2_0_10,"Map<String,Object> nesting",seq_in_seq,"[[1, 2], [3, 4]]","c|c|[1, 1.0, 0],[1, 1.0, 1]|integer|as-sorted,c|[1, 1.0, 2],[1, 1.5, 1]|integer|as-sorted|integer|as-sorted",List.of(...),base,"[1, 2, 3]","c|[1, 1.0, 0],[1, 1.0, 1],[1, 1.5, 1]|integer|as-sorted",true,true
P30_21_2_1_10,"Map<String,Object> nesting",seq_in_seq,"[[1, 2], [3, 4]]","c|c|[1, 1.0, 0],[1, 1.0, 1]|integer|as-sorted,c|[1, 1.0, 2],[1, 1.5, 1]|integer|as-sorted|integer|as-sorted",List.of(...),bigint,[9223372036854775808],"c|[1, 1.0, 63]|integer|as-sorted",true,true
P30_21_2_2_10,"Map<String,Object> nesting",seq_in_seq,"[[1, 2], [3, 4]]","c|c|[1, 1.0, 0],[1, 1.0, 1]|integer|as-sorted,c|[1, 1.0, 2],[1, 1.5, 1]|integer|as-sorted|integer|as-sorted",List.of(...),empty,[],c||empty|as-sorted,true,true
P30_21_2_3_10,"Map<String,Object> nesting",seq_in_seq,"[[1, 2], [3, 4]]","c|c|[1, 1.0, 0],[1, 1.0, 1]|integer|as-sorted,c|[1, 1.0, 2],[1, 1.5, 1]|integer|as-sorted|integer|as-sorted",List.of(...),mixed,"[1, 'two', 3.0, True, None]","c|[1, 1.0, 0],[1, 1.5, 1],null,true,t|74776f|3|3|3|integer|reordered",,RAISE:NullPointerException
P30_21_2_4_10,"Map<String,Object> nesting",seq_in_seq,"[[1, 2], [3, 4]]","c|c|[1, 1.0, 0],[1, 1.0, 1]|integer|as-sorted,c|[1, 1.0, 2],[1, 1.5, 1]|integer|as-sorted|integer|as-sorted",List.of(...),strs,"['a', 'b']","c|t|61|1|1|1,t|62|1|1|1|integer|as-sorted",true,true
P30_22_0_0_10,"Map<String,Object> nesting",mixed_depth,"[1, [2, {'k': (3, None, 't')}], True]","c|[1, 1.0, 0],c|[1, 1.0, 1],c|c|[1, 1.5, 1],null,t|74|1|1|1|integer|reordered|text|not-applicable|integer|reordered,true|integer|as-sorted",LinkedList<T>,base,"[1, 2, 3]","c|[1, 1.0, 0],[1, 1.0, 1],[1, 1.5, 1]|integer|as-sorted",true,true
P30_22_0_1_10,"Map<String,Object> nesting",mixed_depth,"[1, [2, {'k': (3, None, 't')}], True]","c|[1, 1.0, 0],c|[1, 1.0, 1],c|c|[1, 1.5, 1],null,t|74|1|1|1|integer|reordered|text|not-applicable|integer|reordered,true|integer|as-sorted",LinkedList<T>,bigint,[9223372036854775808],"c|[1, 1.0, 63]|integer|as-sorted",true,true
P30_22_0_2_10,"Map<String,Object> nesting",mixed_depth,"[1, [2, {'k': (3, None, 't')}], True]","c|[1, 1.0, 0],c|[1, 1.0, 1],c|c|[1, 1.5, 1],null,t|74|1|1|1|integer|reordered|text|not-applicable|integer|reordered,true|integer|as-sorted",LinkedList<T>,empty,[],c||empty|as-sorted,true,true
P30_22_0_3_10,"Map<String,Object> nesting",mixed_depth,"[1, [2, {'k': (3, None, 't')}], True]","c|[1, 1.0, 0],c|[1, 1.0, 1],c|c|[1, 1.5, 1],null,t|74|1|1|1|integer|reordered|text|not-applicable|integer|reordered,true|integer|as-sorted",LinkedList<T>,mixed,"[1, 'two', 3.0, True, None]","c|[1, 1.0, 0],[1, 1.5, 1],null,true,t|74776f|3|3|3|integer|reordered",true,true
P30_22_0_4_10,"Map<String,Object> nesting",mixed_depth,"[1, [2, {'k': (3, None, 't')}], True]","c|[1, 1.0, 0],c|[1, 1.0, 1],c|c|[1, 1.5, 1],null,t|74|1|1|1|integer|reordered|text|not-applicable|integer|reordered,true|integer|as-sorted",LinkedList<T>,strs,"['a', 'b']","c|t|61|1|1|1,t|62|1|1|1|integer|as-sorted",true,true
P30_22_1_0_10,"Map<String,Object> nesting",seq_in_map,"{'outer': {'inner': [1, 2]}}","c|c|c|[1, 1.0, 0],[1, 1.0, 1]|integer|as-sorted|text|not-applicable|text|not-applicable",LinkedList<T>,base,"[1, 2, 3]","c|[1, 1.0, 0],[1, 1.0, 1],[1, 1.5, 1]|integer|as-sorted",true,true
P30_22_1_1_10,"Map<String,Object> nesting",seq_in_map,"{'outer': {'inner': [1, 2]}}","c|c|c|[1, 1.0, 0],[1, 1.0, 1]|integer|as-sorted|text|not-applicable|text|not-applicable",LinkedList<T>,bigint,[9223372036854775808],"c|[1, 1.0, 63]|integer|as-sorted",true,true
P30_22_1_2_10,"Map<String,Object> nesting",seq_in_map,"{'outer': {'inner': [1, 2]}}","c|c|c|[1, 1.0, 0],[1, 1.0, 1]|integer|as-sorted|text|not-applicable|text|not-applicable",LinkedList<T>,empty,[],c||empty|as-sorted,true,true
P30_22_1_3_10,"Map<String,Object> nesting",seq_in_map,"{'outer': {'inner': [1, 2]}}","c|c|c|[1, 1.0, 0],[1, 1.0, 1]|integer|as-sorted|text|not-applicable|text|not-applicable",LinkedList<T>,mixed,"[1, 'two', 3.0, True, None]","c|[1, 1.0, 0],[1, 1.5, 1],null,true,t|74776f|3|3|3|integer|reordered",true,true
P30_22_1_4_10,"Map<String,Object> nesting",seq_in_map,"{'outer': {'inner': [1, 2]}}","c|c|c|[1, 1.0, 0],[1, 1.0, 1]|integer|as-sorted|text|not-applicable|text|not-applicable",LinkedList<T>,strs,"['a', 'b']","c|t|61|1|1|1,t|62|1|1|1|integer|as-sorted",true,true
P30_22_2_0_10,"Map<String,Object> nesting",seq_in_seq,"[[1, 2], [3, 4]]","c|c|[1, 1.0, 0],[1, 1.0, 1]|integer|as-sorted,c|[1, 1.0, 2],[1, 1.5, 1]|integer|as-sorted|integer|as-sorted",LinkedList<T>,base,"[1, 2, 3]","c|[1, 1.0, 0],[1, 1.0, 1],[1, 1.5, 1]|integer|as-sorted",true,true
P30_22_2_1_10,"Map<String,Object> nesting",seq_in_seq,"[[1, 2], [3, 4]]","c|c|[1, 1.0, 0],[1, 1.0, 1]|integer|as-sorted,c|[1, 1.0, 2],[1, 1.5, 1]|integer|as-sorted|integer|as-sorted",LinkedList<T>,bigint,[9223372036854775808],"c|[1, 1.0, 63]|integer|as-sorted",true,true
P30_22_2_2_10,"Map<String,Object> nesting",seq_in_seq,"[[1, 2], [3, 4]]","c|c|[1, 1.0, 0],[1, 1.0, 1]|integer|as-sorted,c|[1, 1.0, 2],[1, 1.5, 1]|integer|as-sorted|integer|as-sorted",LinkedList<T>,empty,[],c||empty|as-sorted,true,true
P30_22_2_3_10,"Map<String,Object> nesting",seq_in_seq,"[[1, 2], [3, 4]]","c|c|[1, 1.0, 0],[1, 1.0, 1]|integer|as-sorted,c|[1, 1.0, 2],[1, 1.5, 1]|integer|as-sorted|integer|as-sorted",LinkedList<T>,mixed,"[1, 'two', 3.0, True, None]","c|[1, 1.0, 0],[1, 1.5, 1],null,true,t|74776f|3|3|3|integer|reordered",true,true
P30_22_2_4_10,"Map<String,Object> nesting",seq_in_seq,"[[1, 2], [3, 4]]","c|c|[1, 1.0, 0],[1, 1.0, 1]|integer|as-sorted,c|[1, 1.0, 2],[1, 1.5, 1]|integer|as-sorted|integer|as-sorted",LinkedList<T>,strs,"['a', 'b']","c|t|61|1|1|1,t|62|1|1|1|integer|as-sorted",true,true
P30_23_0_0_10,"Map<String,Object> nesting",mixed_depth,"[1, [2, {'k': (3, None, 't')}], True]","c|[1, 1.0, 0],c|[1, 1.0, 1],c|c|[1, 1.5, 1],null,t|74|1|1|1|integer|reordered|text|not-applicable|integer|reordered,true|integer|as-sorted",ArrayDeque<T>,base,"[1, 2, 3]","c|[1, 1.0, 0],[1, 1.0, 1],[1, 1.5, 1]|integer|as-sorted",true,true
P30_23_0_1_10,"Map<String,Object> nesting",mixed_depth,"[1, [2, {'k': (3, None, 't')}], True]","c|[1, 1.0, 0],c|[1, 1.0, 1],c|c|[1, 1.5, 1],null,t|74|1|1|1|integer|reordered|text|not-applicable|integer|reordered,true|integer|as-sorted",ArrayDeque<T>,bigint,[9223372036854775808],"c|[1, 1.0, 63]|integer|as-sorted",true,true
P30_23_0_2_10,"Map<String,Object> nesting",mixed_depth,"[1, [2, {'k': (3, None, 't')}], True]","c|[1, 1.0, 0],c|[1, 1.0, 1],c|c|[1, 1.5, 1],null,t|74|1|1|1|integer|reordered|text|not-applicable|integer|reordered,true|integer|as-sorted",ArrayDeque<T>,empty,[],c||empty|as-sorted,true,true
P30_23_0_3_10,"Map<String,Object> nesting",mixed_depth,"[1, [2, {'k': (3, None, 't')}], True]","c|[1, 1.0, 0],c|[1, 1.0, 1],c|c|[1, 1.5, 1],null,t|74|1|1|1|integer|reordered|text|not-applicable|integer|reordered,true|integer|as-sorted",ArrayDeque<T>,mixed,"[1, 'two', 3.0, True, None]","c|[1, 1.0, 0],[1, 1.5, 1],null,true,t|74776f|3|3|3|integer|reordered",,RAISE:NullPointerException
P30_23_0_4_10,"Map<String,Object> nesting",mixed_depth,"[1, [2, {'k': (3, None, 't')}], True]","c|[1, 1.0, 0],c|[1, 1.0, 1],c|c|[1, 1.5, 1],null,t|74|1|1|1|integer|reordered|text|not-applicable|integer|reordered,true|integer|as-sorted",ArrayDeque<T>,strs,"['a', 'b']","c|t|61|1|1|1,t|62|1|1|1|integer|as-sorted",true,true
P30_23_1_0_10,"Map<String,Object> nesting",seq_in_map,"{'outer': {'inner': [1, 2]}}","c|c|c|[1, 1.0, 0],[1, 1.0, 1]|integer|as-sorted|text|not-applicable|text|not-applicable",ArrayDeque<T>,base,"[1, 2, 3]","c|[1, 1.0, 0],[1, 1.0, 1],[1, 1.5, 1]|integer|as-sorted",true,true
P30_23_1_1_10,"Map<String,Object> nesting",seq_in_map,"{'outer': {'inner': [1, 2]}}","c|c|c|[1, 1.0, 0],[1, 1.0, 1]|integer|as-sorted|text|not-applicable|text|not-applicable",ArrayDeque<T>,bigint,[9223372036854775808],"c|[1, 1.0, 63]|integer|as-sorted",true,true
P30_23_1_2_10,"Map<String,Object> nesting",seq_in_map,"{'outer': {'inner': [1, 2]}}","c|c|c|[1, 1.0, 0],[1, 1.0, 1]|integer|as-sorted|text|not-applicable|text|not-applicable",ArrayDeque<T>,empty,[],c||empty|as-sorted,true,true
P30_23_1_3_10,"Map<String,Object> nesting",seq_in_map,"{'outer': {'inner': [1, 2]}}","c|c|c|[1, 1.0, 0],[1, 1.0, 1]|integer|as-sorted|text|not-applicable|text|not-applicable",ArrayDeque<T>,mixed,"[1, 'two', 3.0, True, None]","c|[1, 1.0, 0],[1, 1.5, 1],null,true,t|74776f|3|3|3|integer|reordered",,RAISE:NullPointerException
P30_23_1_4_10,"Map<String,Object> nesting",seq_in_map,"{'outer': {'inner': [1, 2]}}","c|c|c|[1, 1.0, 0],[1, 1.0, 1]|integer|as-sorted|text|not-applicable|text|not-applicable",ArrayDeque<T>,strs,"['a', 'b']","c|t|61|1|1|1,t|62|1|1|1|integer|as-sorted",true,true
P30_23_2_0_10,"Map<String,Object> nesting",seq_in_seq,"[[1, 2], [3, 4]]","c|c|[1, 1.0, 0],[1, 1.0, 1]|integer|as-sorted,c|[1, 1.0, 2],[1, 1.5, 1]|integer|as-sorted|integer|as-sorted",ArrayDeque<T>,base,"[1, 2, 3]","c|[1, 1.0, 0],[1, 1.0, 1],[1, 1.5, 1]|integer|as-sorted",true,true
P30_23_2_1_10,"Map<String,Object> nesting",seq_in_seq,"[[1, 2], [3, 4]]","c|c|[1, 1.0, 0],[1, 1.0, 1]|integer|as-sorted,c|[1, 1.0, 2],[1, 1.5, 1]|integer|as-sorted|integer|as-sorted",ArrayDeque<T>,bigint,[9223372036854775808],"c|[1, 1.0, 63]|integer|as-sorted",true,true
P30_23_2_2_10,"Map<String,Object> nesting",seq_in_seq,"[[1, 2], [3, 4]]","c|c|[1, 1.0, 0],[1, 1.0, 1]|integer|as-sorted,c|[1, 1.0, 2],[1, 1.5, 1]|integer|as-sorted|integer|as-sorted",ArrayDeque<T>,empty,[],c||empty|as-sorted,true,true
P30_23_2_3_10,"Map<String,Object> nesting",seq_in_seq,"[[1, 2], [3, 4]]","c|c|[1, 1.0, 0],[1, 1.0, 1]|integer|as-sorted,c|[1, 1.0, 2],[1, 1.5, 1]|integer|as-sorted|integer|as-sorted",ArrayDeque<T>,mixed,"[1, 'two', 3.0, True, None]","c|[1, 1.0, 0],[1, 1.5, 1],null,true,t|74776f|3|3|3|integer|reordered",,RAISE:NullPointerException
P30_23_2_4_10,"Map<String,Object> nesting",seq_in_seq,"[[1, 2], [3, 4]]","c|c|[1, 1.0, 0],[1, 1.0, 1]|integer|as-sorted,c|[1, 1.0, 2],[1, 1.5, 1]|integer|as-sorted|integer|as-sorted",ArrayDeque<T>,strs,"['a', 'b']","c|t|61|1|1|1,t|62|1|1|1|integer|as-sorted",true,true
P30_24_0_3_10,"Map<String,Object> nesting",mixed_depth,"[1, [2, {'k': (3, None, 't')}], True]","c|[1, 1.0, 0],c|[1, 1.0, 1],c|c|[1, 1.5, 1],null,t|74|1|1|1|integer|reordered|text|not-applicable|integer|reordered,true|integer|as-sorted","HashMap<String,V>",intlike,"{'1': 'string-one-key', 'b': 2}","c|[1, 1.0, 1],t|737472696e672d6f6e652d6b6579|14|14|14|text|not-applicable",true,true
P30_24_0_4_10,"Map<String,Object> nesting",mixed_depth,"[1, [2, {'k': (3, None, 't')}], True]","c|[1, 1.0, 0],c|[1, 1.0, 1],c|c|[1, 1.5, 1],null,t|74|1|1|1|integer|reordered|text|not-applicable|integer|reordered,true|integer|as-sorted","HashMap<String,V>",nested,"{'outer': {'inner': [1, 2]}}","c|c|c|[1, 1.0, 0],[1, 1.0, 1]|integer|as-sorted|text|not-applicable|text|not-applicable",true,true
P30_24_1_3_10,"Map<String,Object> nesting",seq_in_map,"{'outer': {'inner': [1, 2]}}","c|c|c|[1, 1.0, 0],[1, 1.0, 1]|integer|as-sorted|text|not-applicable|text|not-applicable","HashMap<String,V>",intlike,"{'1': 'string-one-key', 'b': 2}","c|[1, 1.0, 1],t|737472696e672d6f6e652d6b6579|14|14|14|text|not-applicable",true,true
P30_24_1_4_10,"Map<String,Object> nesting",seq_in_map,"{'outer': {'inner': [1, 2]}}","c|c|c|[1, 1.0, 0],[1, 1.0, 1]|integer|as-sorted|text|not-applicable|text|not-applicable","HashMap<String,V>",nested,"{'outer': {'inner': [1, 2]}}","c|c|c|[1, 1.0, 0],[1, 1.0, 1]|integer|as-sorted|text|not-applicable|text|not-applicable",true,true
P30_24_2_3_10,"Map<String,Object> nesting",seq_in_seq,"[[1, 2], [3, 4]]","c|c|[1, 1.0, 0],[1, 1.0, 1]|integer|as-sorted,c|[1, 1.0, 2],[1, 1.5, 1]|integer|as-sorted|integer|as-sorted","HashMap<String,V>",intlike,"{'1': 'string-one-key', 'b': 2}","c|[1, 1.0, 1],t|737472696e672d6f6e652d6b6579|14|14|14|text|not-applicable",true,true
P30_25_0_3_10,"Map<String,Object> nesting",mixed_depth,"[1, [2, {'k': (3, None, 't')}], True]","c|[1, 1.0, 0],c|[1, 1.0, 1],c|c|[1, 1.5, 1],null,t|74|1|1|1|integer|reordered|text|not-applicable|integer|reordered,true|integer|as-sorted","LinkedHashMap<String,V>",intlike,"{'1': 'string-one-key', 'b': 2}","c|[1, 1.0, 1],t|737472696e672d6f6e652d6b6579|14|14|14|text|not-applicable",true,true
P30_25_0_4_10,"Map<String,Object> nesting",mixed_depth,"[1, [2, {'k': (3, None, 't')}], True]","c|[1, 1.0, 0],c|[1, 1.0, 1],c|c|[1, 1.5, 1],null,t|74|1|1|1|integer|reordered|text|not-applicable|integer|reordered,true|integer|as-sorted","LinkedHashMap<String,V>",nested,"{'outer': {'inner': [1, 2]}}","c|c|c|[1, 1.0, 0],[1, 1.0, 1]|integer|as-sorted|text|not-applicable|text|not-applicable",true,true
P30_25_1_3_10,"Map<String,Object> nesting",seq_in_map,"{'outer': {'inner': [1, 2]}}","c|c|c|[1, 1.0, 0],[1, 1.0, 1]|integer|as-sorted|text|not-applicable|text|not-applicable","LinkedHashMap<String,V>",intlike,"{'1': 'string-one-key', 'b': 2}","c|[1, 1.0, 1],t|737472696e672d6f6e652d6b6579|14|14|14|text|not-applicable",true,true
P30_25_1_4_10,"Map<String,Object> nesting",seq_in_map,"{'outer': {'inner': [1, 2]}}","c|c|c|[1, 1.0, 0],[1, 1.0, 1]|integer|as-sorted|text|not-applicable|text|not-applicable","LinkedHashMap<String,V>",nested,"{'outer': {'inner': [1, 2]}}","c|c|c|[1, 1.0, 0],[1, 1.0, 1]|integer|as-sorted|text|not-applicable|text|not-applicable",true,true
P30_25_2_3_10,"Map<String,Object> nesting",seq_in_seq,"[[1, 2], [3, 4]]","c|c|[1, 1.0, 0],[1, 1.0, 1]|integer|as-sorted,c|[1, 1.0, 2],[1, 1.5, 1]|integer|as-sorted|integer|as-sorted","LinkedHashMap<String,V>",intlike,"{'1': 'string-one-key', 'b': 2}","c|[1, 1.0, 1],t|737472696e672d6f6e652d6b6579|14|14|14|text|not-applicable",true,true
P30_26_0_3_10,"Map<String,Object> nesting",mixed_depth,"[1, [2, {'k': (3, None, 't')}], True]","c|[1, 1.0, 0],c|[1, 1.0, 1],c|c|[1, 1.5, 1],null,t|74|1|1|1|integer|reordered|text|not-applicable|integer|reordered,true|integer|as-sorted","TreeMap<String,V>",intlike,"{'1': 'string-one-key', 'b': 2}","c|[1, 1.0, 1],t|737472696e672d6f6e652d6b6579|14|14|14|text|not-applicable",true,true
P30_26_0_4_10,"Map<String,Object> nesting",mixed_depth,"[1, [2, {'k': (3, None, 't')}], True]","c|[1, 1.0, 0],c|[1, 1.0, 1],c|c|[1, 1.5, 1],null,t|74|1|1|1|integer|reordered|text|not-applicable|integer|reordered,true|integer|as-sorted","TreeMap<String,V>",nested,"{'outer': {'inner': [1, 2]}}","c|c|c|[1, 1.0, 0],[1, 1.0, 1]|integer|as-sorted|text|not-applicable|text|not-applicable",true,true
P30_26_1_3_10,"Map<String,Object> nesting",seq_in_map,"{'outer': {'inner': [1, 2]}}","c|c|c|[1, 1.0, 0],[1, 1.0, 1]|integer|as-sorted|text|not-applicable|text|not-applicable","TreeMap<String,V>",intlike,"{'1': 'string-one-key', 'b': 2}","c|[1, 1.0, 1],t|737472696e672d6f6e652d6b6579|14|14|14|text|not-applicable",true,true
P30_26_1_4_10,"Map<String,Object> nesting",seq_in_map,"{'outer': {'inner': [1, 2]}}","c|c|c|[1, 1.0, 0],[1, 1.0, 1]|integer|as-sorted|text|not-applicable|text|not-applicable","TreeMap<String,V>",nested,"{'outer': {'inner': [1, 2]}}","c|c|c|[1, 1.0, 0],[1, 1.0, 1]|integer|as-sorted|text|not-applicable|text|not-applicable",true,true
P30_26_2_3_10,"Map<String,Object> nesting",seq_in_seq,"[[1, 2], [3, 4]]","c|c|[1, 1.0, 0],[1, 1.0, 1]|integer|as-sorted,c|[1, 1.0, 2],[1, 1.5, 1]|integer|as-sorted|integer|as-sorted","TreeMap<String,V>",intlike,"{'1': 'string-one-key', 'b': 2}","c|[1, 1.0, 1],t|737472696e672d6f6e652d6b6579|14|14|14|text|not-applicable",true,true
P30_28_0_0_10,"Map<String,Object> nesting",mixed_depth,"[1, [2, {'k': (3, None, 't')}], True]","c|[1, 1.0, 0],c|[1, 1.0, 1],c|c|[1, 1.5, 1],null,t|74|1|1|1|integer|reordered|text|not-applicable|integer|reordered,true|integer|as-sorted",local class with fields,empty,{},c||empty|not-applicable,true,true
P30_28_0_2_10,"Map<String,Object> nesting",mixed_depth,"[1, [2, {'k': (3, None, 't')}], True]","c|[1, 1.0, 0],c|[1, 1.0, 1],c|c|[1, 1.5, 1],null,t|74|1|1|1|integer|reordered|text|not-applicable|integer|reordered,true|integer|as-sorted",local class with fields,flat,"{'a': 1, 'b': 2, 'c': 3}","c|[1, 1.0, 0],[1, 1.0, 1],[1, 1.5, 1]|text|not-applicable",true,true
P30_28_0_4_10,"Map<String,Object> nesting",mixed_depth,"[1, [2, {'k': (3, None, 't')}], True]","c|[1, 1.0, 0],c|[1, 1.0, 1],c|c|[1, 1.5, 1],null,t|74|1|1|1|integer|reordered|text|not-applicable|integer|reordered,true|integer|as-sorted",local class with fields,nested,"{'outer': {'inner': [1, 2]}}","c|c|c|[1, 1.0, 0],[1, 1.0, 1]|integer|as-sorted|text|not-applicable|text|not-applicable",true,true
P30_28_1_0_10,"Map<String,Object> nesting",seq_in_map,"{'outer': {'inner': [1, 2]}}","c|c|c|[1, 1.0, 0],[1, 1.0, 1]|integer|as-sorted|text|not-applicable|text|not-applicable",local class with fields,empty,{},c||empty|not-applicable,true,true
P30_28_1_2_10,"Map<String,Object> nesting",seq_in_map,"{'outer': {'inner': [1, 2]}}","c|c|c|[1, 1.0, 0],[1, 1.0, 1]|integer|as-sorted|text|not-applicable|text|not-applicable",local class with fields,flat,"{'a': 1, 'b': 2, 'c': 3}","c|[1, 1.0, 0],[1, 1.0, 1],[1, 1.5, 1]|text|not-applicable",true,true
P30_28_1_4_10,"Map<String,Object> nesting",seq_in_map,"{'outer': {'inner': [1, 2]}}","c|c|c|[1, 1.0, 0],[1, 1.0, 1]|integer|as-sorted|text|not-applicable|text|not-applicable",local class with fields,nested,"{'outer': {'inner': [1, 2]}}","c|c|c|[1, 1.0, 0],[1, 1.0, 1]|integer|as-sorted|text|not-applicable|text|not-applicable",true,true
P30_28_2_0_10,"Map<String,Object> nesting",seq_in_seq,"[[1, 2], [3, 4]]","c|c|[1, 1.0, 0],[1, 1.0, 1]|integer|as-sorted,c|[1, 1.0, 2],[1, 1.5, 1]|integer|as-sorted|integer|as-sorted",local class with fields,empty,{},c||empty|not-applicable,true,true
P30_28_2_2_10,"Map<String,Object> nesting",seq_in_seq,"[[1, 2], [3, 4]]","c|c|[1, 1.0, 0],[1, 1.0, 1]|integer|as-sorted,c|[1, 1.0, 2],[1, 1.5, 1]|integer|as-sorted|integer|as-sorted",local class with fields,flat,"{'a': 1, 'b': 2, 'c': 3}","c|[1, 1.0, 0],[1, 1.0, 1],[1, 1.5, 1]|text|not-applicable",true,true
P30_28_2_4_10,"Map<String,Object> nesting",seq_in_seq,"[[1, 2], [3, 4]]","c|c|[1, 1.0, 0],[1, 1.0, 1]|integer|as-sorted,c|[1, 1.0, 2],[1, 1.5, 1]|integer|as-sorted|integer|as-sorted",local class with fields,nested,"{'outer': {'inner': [1, 2]}}","c|c|c|[1, 1.0, 0],[1, 1.0, 1]|integer|as-sorted|text|not-applicable|text|not-applicable",true,true
P30_29_0_0_10,"Map<String,Object> nesting",mixed_depth,"[1, [2, {'k': (3, None, 't')}], True]","c|[1, 1.0, 0],c|[1, 1.0, 1],c|c|[1, 1.5, 1],null,t|74|1|1|1|integer|reordered|text|not-applicable|integer|reordered,true|integer|as-sorted",List<List<Object>>,mixed_depth,"[1, [2, {'k': (3, None, 't')}], True]","c|[1, 1.0, 0],c|[1, 1.0, 1],c|c|[1, 1.5, 1],null,t|74|1|1|1|integer|reordered|text|not-applicable|integer|reordered,true|integer|as-sorted",true,true
P30_29_0_1_10,"Map<String,Object> nesting",mixed_depth,"[1, [2, {'k': (3, None, 't')}], True]","c|[1, 1.0, 0],c|[1, 1.0, 1],c|c|[1, 1.5, 1],null,t|74|1|1|1|integer|reordered|text|not-applicable|integer|reordered,true|integer|as-sorted",List<List<Object>>,seq_in_map,"{'outer': {'inner': [1, 2]}}","c|c|c|[1, 1.0, 0],[1, 1.0, 1]|integer|as-sorted|text|not-applicable|text|not-applicable",true,true
P30_29_0_2_10,"Map<String,Object> nesting",mixed_depth,"[1, [2, {'k': (3, None, 't')}], True]","c|[1, 1.0, 0],c|[1, 1.0, 1],c|c|[1, 1.5, 1],null,t|74|1|1|1|integer|reordered|text|not-applicable|integer|reordered,true|integer|as-sorted",List<List<Object>>,seq_in_seq,"[[1, 2], [3, 4]]","c|c|[1, 1.0, 0],[1, 1.0, 1]|integer|as-sorted,c|[1, 1.0, 2],[1, 1.5, 1]|integer|as-sorted|integer|as-sorted",true,true
P30_29_1_0_10,"Map<String,Object> nesting",seq_in_map,"{'outer': {'inner': [1, 2]}}","c|c|c|[1, 1.0, 0],[1, 1.0, 1]|integer|as-sorted|text|not-applicable|text|not-applicable",List<List<Object>>,mixed_depth,"[1, [2, {'k': (3, None, 't')}], True]","c|[1, 1.0, 0],c|[1, 1.0, 1],c|c|[1, 1.5, 1],null,t|74|1|1|1|integer|reordered|text|not-applicable|integer|reordered,true|integer|as-sorted",true,true
P30_29_1_1_10,"Map<String,Object> nesting",seq_in_map,"{'outer': {'inner': [1, 2]}}","c|c|c|[1, 1.0, 0],[1, 1.0, 1]|integer|as-sorted|text|not-applicable|text|not-applicable",List<List<Object>>,seq_in_map,"{'outer': {'inner': [1, 2]}}","c|c|c|[1, 1.0, 0],[1, 1.0, 1]|integer|as-sorted|text|not-applicable|text|not-applicable",true,true
P30_29_1_2_10,"Map<String,Object> nesting",seq_in_map,"{'outer': {'inner': [1, 2]}}","c|c|c|[1, 1.0, 0],[1, 1.0, 1]|integer|as-sorted|text|not-applicable|text|not-applicable",List<List<Object>>,seq_in_seq,"[[1, 2], [3, 4]]","c|c|[1, 1.0, 0],[1, 1.0, 1]|integer|as-sorted,c|[1, 1.0, 2],[1, 1.5, 1]|integer|as-sorted|integer|as-sorted",true,true
P30_29_2_0_10,"Map<String,Object> nesting",seq_in_seq,"[[1, 2], [3, 4]]","c|c|[1, 1.0, 0],[1, 1.0, 1]|integer|as-sorted,c|[1, 1.0, 2],[1, 1.5, 1]|integer|as-sorted|integer|as-sorted",List<List<Object>>,mixed_depth,"[1, [2, {'k': (3, None, 't')}], True]","c|[1, 1.0, 0],c|[1, 1.0, 1],c|c|[1, 1.5, 1],null,t|74|1|1|1|integer|reordered|text|not-applicable|integer|reordered,true|integer|as-sorted",true,true
P30_29_2_1_10,"Map<String,Object> nesting",seq_in_seq,"[[1, 2], [3, 4]]","c|c|[1, 1.0, 0],[1, 1.0, 1]|integer|as-sorted,c|[1, 1.0, 2],[1, 1.5, 1]|integer|as-sorted|integer|as-sorted",List<List<Object>>,seq_in_map,"{'outer': {'inner': [1, 2]}}","c|c|c|[1, 1.0, 0],[1, 1.0, 1]|integer|as-sorted|text|not-applicable|text|not-applicable",true,true
P30_29_2_2_10,"Map<String,Object> nesting",seq_in_seq,"[[1, 2], [3, 4]]","c|c|[1, 1.0, 0],[1, 1.0, 1]|integer|as-sorted,c|[1, 1.0, 2],[1, 1.5, 1]|integer|as-sorted|integer|as-sorted",List<List<Object>>,seq_in_seq,"[[1, 2], [3, 4]]","c|c|[1, 1.0, 0],[1, 1.0, 1]|integer|as-sorted,c|[1, 1.0, 2],[1, 1.5, 1]|integer|as-sorted|integer|as-sorted",true,true
P30_30_0_0_10,"Map<String,Object> nesting",mixed_depth,"[1, [2, {'k': (3, None, 't')}], True]","c|[1, 1.0, 0],c|[1, 1.0, 1],c|c|[1, 1.5, 1],null,t|74|1|1|1|integer|reordered|text|not-applicable|integer|reordered,true|integer|as-sorted","Map<String,Object> nesting",mixed_depth,"[1, [2, {'k': (3, None, 't')}], True]","c|[1, 1.0, 0],c|[1, 1.0, 1],c|c|[1, 1.5, 1],null,t|74|1|1|1|integer|reordered|text|not-applicable|integer|reordered,true|integer|as-sorted",true,true
P30_30_0_1_10,"Map<String,Object> nesting",mixed_depth,"[1, [2, {'k': (3, None, 't')}], True]","c|[1, 1.0, 0],c|[1, 1.0, 1],c|c|[1, 1.5, 1],null,t|74|1|1|1|integer|reordered|text|not-applicable|integer|reordered,true|integer|as-sorted","Map<String,Object> nesting",seq_in_map,"{'outer': {'inner': [1, 2]}}","c|c|c|[1, 1.0, 0],[1, 1.0, 1]|integer|as-sorted|text|not-applicable|text|not-applicable",true,true
P30_30_0_2_10,"Map<String,Object> nesting",mixed_depth,"[1, [2, {'k': (3, None, 't')}], True]","c|[1, 1.0, 0],c|[1, 1.0, 1],c|c|[1, 1.5, 1],null,t|74|1|1|1|integer|reordered|text|not-applicable|integer|reordered,true|integer|as-sorted","Map<String,Object> nesting",seq_in_seq,"[[1, 2], [3, 4]]","c|c|[1, 1.0, 0],[1, 1.0, 1]|integer|as-sorted,c|[1, 1.0, 2],[1, 1.5, 1]|integer|as-sorted|integer|as-sorted",true,true
P30_30_1_0_10,"Map<String,Object> nesting",seq_in_map,"{'outer': {'inner': [1, 2]}}","c|c|c|[1, 1.0, 0],[1, 1.0, 1]|integer|as-sorted|text|not-applicable|text|not-applicable","Map<String,Object> nesting",mixed_depth,"[1, [2, {'k': (3, None, 't')}], True]","c|[1, 1.0, 0],c|[1, 1.0, 1],c|c|[1, 1.5, 1],null,t|74|1|1|1|integer|reordered|text|not-applicable|integer|reordered,true|integer|as-sorted",true,true
P30_30_1_1_10,"Map<String,Object> nesting",seq_in_map,"{'outer': {'inner': [1, 2]}}","c|c|c|[1, 1.0, 0],[1, 1.0, 1]|integer|as-sorted|text|not-applicable|text|not-applicable","Map<String,Object> nesting",seq_in_map,"{'outer': {'inner': [1, 2]}}","c|c|c|[1, 1.0, 0],[1, 1.0, 1]|integer|as-sorted|text|not-applicable|text|not-applicable",true,true
P30_30_1_2_10,"Map<String,Object> nesting",seq_in_map,"{'outer': {'inner': [1, 2]}}","c|c|c|[1, 1.0, 0],[1, 1.0, 1]|integer|as-sorted|text|not-applicable|text|not-applicable","Map<String,Object> nesting",seq_in_seq,"[[1, 2], [3, 4]]","c|c|[1, 1.0, 0],[1, 1.0, 1]|integer|as-sorted,c|[1, 1.0, 2],[1, 1.5, 1]|integer|as-sorted|integer|as-sorted",true,true
P30_30_2_0_10,"Map<String,Object> nesting",seq_in_seq,"[[1, 2], [3, 4]]","c|c|[1, 1.0, 0],[1, 1.0, 1]|integer|as-sorted,c|[1, 1.0, 2],[1, 1.5, 1]|integer|as-sorted|integer|as-sorted","Map<String,Object> nesting",mixed_depth,"[1, [2, {'k': (3, None, 't')}], True]","c|[1, 1.0, 0],c|[1, 1.0, 1],c|c|[1, 1.5, 1],null,t|74|1|1|1|integer|reordered|text|not-applicable|integer|reordered,true|integer|as-sorted",true,true
P30_30_2_1_10,"Map<String,Object> nesting",seq_in_seq,"[[1, 2], [3, 4]]","c|c|[1, 1.0, 0],[1, 1.0, 1]|integer|as-sorted,c|[1, 1.0, 2],[1, 1.5, 1]|integer|as-sorted|integer|as-sorted","Map<String,Object> nesting",seq_in_map,"{'outer': {'inner': [1, 2]}}","c|c|c|[1, 1.0, 0],[1, 1.0, 1]|integer|as-sorted|text|not-applicable|text|not-applicable",true,true
P31_18_0_0_10,Object[][] of Object[],mixed_depth,"[1, [2, {'k': (3, None, 't')}], True]","c|[1, 1.0, 0],c|[1, 1.0, 1],c|c|[1, 1.5, 1],null,t|74|1|1|1|integer|reordered|text|not-applicable|integer|reordered,true|integer|as-sorted",Object[],base,"[1, 2, 3]","c|[1, 1.0, 0],[1, 1.0, 1],[1, 1.5, 1]|integer|as-sorted",true,true
P31_18_0_1_10,Object[][] of Object[],mixed_depth,"[1, [2, {'k': (3, None, 't')}], True]","c|[1, 1.0, 0],c|[1, 1.0, 1],c|c|[1, 1.5, 1],null,t|74|1|1|1|integer|reordered|text|not-applicable|integer|reordered,true|integer|as-sorted",Object[],bigint,[9223372036854775808],"c|[1, 1.0, 63]|integer|as-sorted",true,true
P31_18_0_2_10,Object[][] of Object[],mixed_depth,"[1, [2, {'k': (3, None, 't')}], True]","c|[1, 1.0, 0],c|[1, 1.0, 1],c|c|[1, 1.5, 1],null,t|74|1|1|1|integer|reordered|text|not-applicable|integer|reordered,true|integer|as-sorted",Object[],empty,[],c||empty|as-sorted,true,true
P31_18_0_3_10,Object[][] of Object[],mixed_depth,"[1, [2, {'k': (3, None, 't')}], True]","c|[1, 1.0, 0],c|[1, 1.0, 1],c|c|[1, 1.5, 1],null,t|74|1|1|1|integer|reordered|text|not-applicable|integer|reordered,true|integer|as-sorted",Object[],mixed,"[1, 'two', 3.0, True, None]","c|[1, 1.0, 0],[1, 1.5, 1],null,true,t|74776f|3|3|3|integer|reordered",true,true
P31_18_0_4_10,Object[][] of Object[],mixed_depth,"[1, [2, {'k': (3, None, 't')}], True]","c|[1, 1.0, 0],c|[1, 1.0, 1],c|c|[1, 1.5, 1],null,t|74|1|1|1|integer|reordered|text|not-applicable|integer|reordered,true|integer|as-sorted",Object[],strs,"['a', 'b']","c|t|61|1|1|1,t|62|1|1|1|integer|as-sorted",true,true
P31_18_1_0_10,Object[][] of Object[],seq_in_map,"{'outer': {'inner': [1, 2]}}","c|c|c|[1, 1.0, 0],[1, 1.0, 1]|integer|as-sorted|text|not-applicable|text|not-applicable",Object[],base,"[1, 2, 3]","c|[1, 1.0, 0],[1, 1.0, 1],[1, 1.5, 1]|integer|as-sorted",true,true
P31_18_1_1_10,Object[][] of Object[],seq_in_map,"{'outer': {'inner': [1, 2]}}","c|c|c|[1, 1.0, 0],[1, 1.0, 1]|integer|as-sorted|text|not-applicable|text|not-applicable",Object[],bigint,[9223372036854775808],"c|[1, 1.0, 63]|integer|as-sorted",true,true
P31_18_1_2_10,Object[][] of Object[],seq_in_map,"{'outer': {'inner': [1, 2]}}","c|c|c|[1, 1.0, 0],[1, 1.0, 1]|integer|as-sorted|text|not-applicable|text|not-applicable",Object[],empty,[],c||empty|as-sorted,true,true
P31_18_1_3_10,Object[][] of Object[],seq_in_map,"{'outer': {'inner': [1, 2]}}","c|c|c|[1, 1.0, 0],[1, 1.0, 1]|integer|as-sorted|text|not-applicable|text|not-applicable",Object[],mixed,"[1, 'two', 3.0, True, None]","c|[1, 1.0, 0],[1, 1.5, 1],null,true,t|74776f|3|3|3|integer|reordered",true,true
P31_18_1_4_10,Object[][] of Object[],seq_in_map,"{'outer': {'inner': [1, 2]}}","c|c|c|[1, 1.0, 0],[1, 1.0, 1]|integer|as-sorted|text|not-applicable|text|not-applicable",Object[],strs,"['a', 'b']","c|t|61|1|1|1,t|62|1|1|1|integer|as-sorted",true,true
P31_18_2_0_10,Object[][] of Object[],seq_in_seq,"[[1, 2], [3, 4]]","c|c|[1, 1.0, 0],[1, 1.0, 1]|integer|as-sorted,c|[1, 1.0, 2],[1, 1.5, 1]|integer|as-sorted|integer|as-sorted",Object[],base,"[1, 2, 3]","c|[1, 1.0, 0],[1, 1.0, 1],[1, 1.5, 1]|integer|as-sorted",true,true
P31_18_2_1_10,Object[][] of Object[],seq_in_seq,"[[1, 2], [3, 4]]","c|c|[1, 1.0, 0],[1, 1.0, 1]|integer|as-sorted,c|[1, 1.0, 2],[1, 1.5, 1]|integer|as-sorted|integer|as-sorted",Object[],bigint,[9223372036854775808],"c|[1, 1.0, 63]|integer|as-sorted",true,true
P31_18_2_2_10,Object[][] of Object[],seq_in_seq,"[[1, 2], [3, 4]]","c|c|[1, 1.0, 0],[1, 1.0, 1]|integer|as-sorted,c|[1, 1.0, 2],[1, 1.5, 1]|integer|as-sorted|integer|as-sorted",Object[],empty,[],c||empty|as-sorted,true,true
P31_18_2_3_10,Object[][] of Object[],seq_in_seq,"[[1, 2], [3, 4]]","c|c|[1, 1.0, 0],[1, 1.0, 1]|integer|as-sorted,c|[1, 1.0, 2],[1, 1.5, 1]|integer|as-sorted|integer|as-sorted",Object[],mixed,"[1, 'two', 3.0, True, None]","c|[1, 1.0, 0],[1, 1.5, 1],null,true,t|74776f|3|3|3|integer|reordered",true,true
P31_18_2_4_10,Object[][] of Object[],seq_in_seq,"[[1, 2], [3, 4]]","c|c|[1, 1.0, 0],[1, 1.0, 1]|integer|as-sorted,c|[1, 1.0, 2],[1, 1.5, 1]|integer|as-sorted|integer|as-sorted",Object[],strs,"['a', 'b']","c|t|61|1|1|1,t|62|1|1|1|integer|as-sorted",true,true
P31_31_0_0_10,Object[][] of Object[],mixed_depth,"[1, [2, {'k': (3, None, 't')}], True]","c|[1, 1.0, 0],c|[1, 1.0, 1],c|c|[1, 1.5, 1],null,t|74|1|1|1|integer|reordered|text|not-applicable|integer|reordered,true|integer|as-sorted",Object[][] of Object[],mixed_depth,"[1, [2, {'k': (3, None, 't')}], True]","c|[1, 1.0, 0],c|[1, 1.0, 1],c|c|[1, 1.5, 1],null,t|74|1|1|1|integer|reordered|text|not-applicable|integer|reordered,true|integer|as-sorted",true,true
P31_31_0_1_10,Object[][] of Object[],mixed_depth,"[1, [2, {'k': (3, None, 't')}], True]","c|[1, 1.0, 0],c|[1, 1.0, 1],c|c|[1, 1.5, 1],null,t|74|1|1|1|integer|reordered|text|not-applicable|integer|reordered,true|integer|as-sorted",Object[][] of Object[],seq_in_map,"{'outer': {'inner': [1, 2]}}","c|c|c|[1, 1.0, 0],[1, 1.0, 1]|integer|as-sorted|text|not-applicable|text|not-applicable",true,true
P31_31_0_2_10,Object[][] of Object[],mixed_depth,"[1, [2, {'k': (3, None, 't')}], True]","c|[1, 1.0, 0],c|[1, 1.0, 1],c|c|[1, 1.5, 1],null,t|74|1|1|1|integer|reordered|text|not-applicable|integer|reordered,true|integer|as-sorted",Object[][] of Object[],seq_in_seq,"[[1, 2], [3, 4]]","c|c|[1, 1.0, 0],[1, 1.0, 1]|integer|as-sorted,c|[1, 1.0, 2],[1, 1.5, 1]|integer|as-sorted|integer|as-sorted",true,true
P31_31_1_0_10,Object[][] of Object[],seq_in_map,"{'outer': {'inner': [1, 2]}}","c|c|c|[1, 1.0, 0],[1, 1.0, 1]|integer|as-sorted|text|not-applicable|text|not-applicable",Object[][] of Object[],mixed_depth,"[1, [2, {'k': (3, None, 't')}], True]","c|[1, 1.0, 0],c|[1, 1.0, 1],c|c|[1, 1.5, 1],null,t|74|1|1|1|integer|reordered|text|not-applicable|integer|reordered,true|integer|as-sorted",true,true
P31_31_1_2_10,Object[][] of Object[],seq_in_map,"{'outer': {'inner': [1, 2]}}","c|c|c|[1, 1.0, 0],[1, 1.0, 1]|integer|as-sorted|text|not-applicable|text|not-applicable",Object[][] of Object[],seq_in_seq,"[[1, 2], [3, 4]]","c|c|[1, 1.0, 0],[1, 1.0, 1]|integer|as-sorted,c|[1, 1.0, 2],[1, 1.5, 1]|integer|as-sorted|integer|as-sorted",true,true
P31_31_2_0_10,Object[][] of Object[],seq_in_seq,"[[1, 2], [3, 4]]","c|c|[1, 1.0, 0],[1, 1.0, 1]|integer|as-sorted,c|[1, 1.0, 2],[1, 1.5, 1]|integer|as-sorted|integer|as-sorted",Object[][] of Object[],mixed_depth,"[1, [2, {'k': (3, None, 't')}], True]","c|[1, 1.0, 0],c|[1, 1.0, 1],c|c|[1, 1.5, 1],null,t|74|1|1|1|integer|reordered|text|not-applicable|integer|reordered,true|integer|as-sorted",true,true
P31_31_2_1_10,Object[][] of Object[],seq_in_seq,"[[1, 2], [3, 4]]","c|c|[1, 1.0, 0],[1, 1.0, 1]|integer|as-sorted,c|[1, 1.0, 2],[1, 1.5, 1]|integer|as-sorted|integer|as-sorted",Object[][] of Object[],seq_in_map,"{'outer': {'inner': [1, 2]}}","c|c|c|[1, 1.0, 0],[1, 1.0, 1]|integer|as-sorted|text|not-applicable|text|not-applicable",true,true
P31_31_2_2_10,Object[][] of Object[],seq_in_seq,"[[1, 2], [3, 4]]","c|c|[1, 1.0, 0],[1, 1.0, 1]|integer|as-sorted,c|[1, 1.0, 2],[1, 1.5, 1]|integer|as-sorted|integer|as-sorted",Object[][] of Object[],seq_in_seq,"[[1, 2], [3, 4]]","c|c|[1, 1.0, 0],[1, 1.0, 1]|integer|as-sorted,c|[1, 1.0, 2],[1, 1.5, 1]|integer|as-sorted|integer|as-sorted",true,true
A:!=|0|1,null reference,null,null,null,Optional.empty(),null,null,null,,REFUSE
A:!=|0|2,null reference,null,null,null,Void,null,null,null,,REFUSE
A:!=|0|3,null reference,null,null,null,boolean,true,true,true,,REFUSE
A:!=|0|4,null reference,null,null,null,Boolean,true,true,true,,REFUSE
A:!=|0|5,null reference,null,null,null,short,base_42,002a,"[1, 1.3125, 5]",,REFUSE
A:!=|0|6,null reference,null,null,null,int,base_42,0000002a,"[1, 1.3125, 5]",,REFUSE
A:!=|0|7,null reference,null,null,null,long,base_42,000000000000002a,"[1, 1.3125, 5]",,REFUSE
A:!=|0|8,null reference,null,null,null,Integer,base_42,0000002a,"[1, 1.3125, 5]",,REFUSE
A:!=|0|9,null reference,null,null,null,Long,base_42,000000000000002a,"[1, 1.3125, 5]",,REFUSE
A:!=|0|10,null reference,null,null,null,BigInteger,base_42,2a,"[1, 1.3125, 5]",,REFUSE
A:!=|0|11,null reference,null,null,null,double,base_1_5,3ff8000000000000,"[1, 1.5, 0]",,REFUSE
A:!=|0|12,null reference,null,null,null,float,base_1_5,3fc00000,"[1, 1.5, 0]",,REFUSE
A:!=|0|13,null reference,null,null,null,BigDecimal,base_1_5,1.5,"[1, 1.5, 0]",,REFUSE
A:!=|0|15,null reference,null,null,null,char[],base_hello,68656c6c6f,t|68656c6c6f|5|5|5,,REFUSE
A:!=|0|16,null reference,null,null,null,StringBuilder,base_hello,68656c6c6f,t|68656c6c6f|5|5|5,,REFUSE
A:!=|0|17,null reference,null,null,null,byte[],base_hello,68656c6c6f,t|68656c6c6f|5|5|5,,REFUSE
A:!=|0|18,null reference,null,null,null,Object[],base,"[1, 2, 3]","c|[1, 1.0, 0],[1, 1.0, 1],[1, 1.5, 1]|integer|as-sorted",,REFUSE
A:!=|0|19,null reference,null,null,null,long[],base,"[1, 2, 3]","c|[1, 1.0, 0],[1, 1.0, 1],[1, 1.5, 1]|integer|as-sorted",,REFUSE
A:!=|0|20,null reference,null,null,null,ArrayList<T>,base,"[1, 2, 3]","c|[1, 1.0, 0],[1, 1.0, 1],[1, 1.5, 1]|integer|as-sorted",,REFUSE
A:!=|0|21,null reference,null,null,null,List.of(...),base,"[1, 2, 3]","c|[1, 1.0, 0],[1, 1.0, 1],[1, 1.5, 1]|integer|as-sorted",,REFUSE
A:!=|0|22,null reference,null,null,null,LinkedList<T>,base,"[1, 2, 3]","c|[1, 1.0, 0],[1, 1.0, 1],[1, 1.5, 1]|integer|as-sorted",,REFUSE
A:!=|0|23,null reference,null,null,null,ArrayDeque<T>,base,"[1, 2, 3]","c|[1, 1.0, 0],[1, 1.0, 1],[1, 1.5, 1]|integer|as-sorted",,REFUSE
A:!=|0|24,null reference,null,null,null,"HashMap<String,V>",flat,"{'a': 1, 'b': 2, 'c': 3}","c|[1, 1.0, 0],[1, 1.0, 1],[1, 1.5, 1]|text|not-applicable",,REFUSE
A:!=|0|25,null reference,null,null,null,"LinkedHashMap<String,V>",flat,"{'a': 1, 'b': 2, 'c': 3}","c|[1, 1.0, 0],[1, 1.0, 1],[1, 1.5, 1]|text|not-applicable",,REFUSE
A:!=|0|26,null reference,null,null,null,"TreeMap<String,V>",flat,"{'a': 1, 'b': 2, 'c': 3}","c|[1, 1.0, 0],[1, 1.0, 1],[1, 1.5, 1]|text|not-applicable",,REFUSE
A:!=|0|27,null reference,null,null,null,local record,flat,"{'a': 1, 'b': 2, 'c': 3}","c|[1, 1.0, 0],[1, 1.0, 1],[1, 1.5, 1]|text|not-applicable",,REFUSE
A:!=|0|28,null reference,null,null,null,local class with fields,flat,"{'a': 1, 'b': 2, 'c': 3}","c|[1, 1.0, 0],[1, 1.0, 1],[1, 1.5, 1]|text|not-applicable",,REFUSE
A:!=|0|29,null reference,null,null,null,List<List<Object>>,seq_in_seq,"[[1, 2], [3, 4]]","c|c|[1, 1.0, 0],[1, 1.0, 1]|integer|as-sorted,c|[1, 1.0, 2],[1, 1.5, 1]|integer|as-sorted|integer|as-sorted",,REFUSE
A:!=|0|30,null reference,null,null,null,"Map<String,Object> nesting",seq_in_seq,"[[1, 2], [3, 4]]","c|c|[1, 1.0, 0],[1, 1.0, 1]|integer|as-sorted,c|[1, 1.0, 2],[1, 1.5, 1]|integer|as-sorted|integer|as-sorted",,REFUSE
A:!=|0|31,null reference,null,null,null,Object[][] of Object[],seq_in_seq,"[[1, 2], [3, 4]]","c|c|[1, 1.0, 0],[1, 1.0, 1]|integer|as-sorted,c|[1, 1.0, 2],[1, 1.5, 1]|integer|as-sorted|integer|as-sorted",,REFUSE
A:!=|1|0,Optional.empty(),null,null,null,null reference,null,null,null,,REFUSE
A:!=|1|2,Optional.empty(),null,null,null,Void,null,null,null,,REFUSE
A:!=|1|3,Optional.empty(),null,null,null,boolean,true,true,true,,REFUSE
A:!=|1|4,Optional.empty(),null,null,null,Boolean,true,true,true,,REFUSE
A:!=|1|5,Optional.empty(),null,null,null,short,base_42,002a,"[1, 1.3125, 5]",,REFUSE
A:!=|1|6,Optional.empty(),null,null,null,int,base_42,0000002a,"[1, 1.3125, 5]",,REFUSE
A:!=|1|7,Optional.empty(),null,null,null,long,base_42,000000000000002a,"[1, 1.3125, 5]",,REFUSE
A:!=|1|8,Optional.empty(),null,null,null,Integer,base_42,0000002a,"[1, 1.3125, 5]",,REFUSE
A:!=|1|9,Optional.empty(),null,null,null,Long,base_42,000000000000002a,"[1, 1.3125, 5]",,REFUSE
A:!=|1|10,Optional.empty(),null,null,null,BigInteger,base_42,2a,"[1, 1.3125, 5]",,REFUSE
A:!=|1|11,Optional.empty(),null,null,null,double,base_1_5,3ff8000000000000,"[1, 1.5, 0]",,REFUSE
A:!=|1|12,Optional.empty(),null,null,null,float,base_1_5,3fc00000,"[1, 1.5, 0]",,REFUSE
A:!=|1|13,Optional.empty(),null,null,null,BigDecimal,base_1_5,1.5,"[1, 1.5, 0]",,REFUSE
A:!=|1|14,Optional.empty(),null,null,null,String,base_hello,68656c6c6f,t|68656c6c6f|5|5|5,,REFUSE
A:!=|1|15,Optional.empty(),null,null,null,char[],base_hello,68656c6c6f,t|68656c6c6f|5|5|5,,REFUSE
A:!=|1|16,Optional.empty(),null,null,null,StringBuilder,base_hello,68656c6c6f,t|68656c6c6f|5|5|5,,REFUSE
A:!=|1|17,Optional.empty(),null,null,null,byte[],base_hello,68656c6c6f,t|68656c6c6f|5|5|5,,REFUSE
A:!=|1|18,Optional.empty(),null,null,null,Object[],base,"[1, 2, 3]","c|[1, 1.0, 0],[1, 1.0, 1],[1, 1.5, 1]|integer|as-sorted",,REFUSE
A:!=|1|19,Optional.empty(),null,null,null,long[],base,"[1, 2, 3]","c|[1, 1.0, 0],[1, 1.0, 1],[1, 1.5, 1]|integer|as-sorted",,REFUSE
A:!=|1|20,Optional.empty(),null,null,null,ArrayList<T>,base,"[1, 2, 3]","c|[1, 1.0, 0],[1, 1.0, 1],[1, 1.5, 1]|integer|as-sorted",,REFUSE
A:!=|1|21,Optional.empty(),null,null,null,List.of(...),base,"[1, 2, 3]","c|[1, 1.0, 0],[1, 1.0, 1],[1, 1.5, 1]|integer|as-sorted",,REFUSE
A:!=|1|22,Optional.empty(),null,null,null,LinkedList<T>,base,"[1, 2, 3]","c|[1, 1.0, 0],[1, 1.0, 1],[1, 1.5, 1]|integer|as-sorted",,REFUSE
A:!=|1|23,Optional.empty(),null,null,null,ArrayDeque<T>,base,"[1, 2, 3]","c|[1, 1.0, 0],[1, 1.0, 1],[1, 1.5, 1]|integer|as-sorted",,REFUSE
A:!=|1|24,Optional.empty(),null,null,null,"HashMap<String,V>",flat,"{'a': 1, 'b': 2, 'c': 3}","c|[1, 1.0, 0],[1, 1.0, 1],[1, 1.5, 1]|text|not-applicable",,REFUSE
A:!=|1|25,Optional.empty(),null,null,null,"LinkedHashMap<String,V>",flat,"{'a': 1, 'b': 2, 'c': 3}","c|[1, 1.0, 0],[1, 1.0, 1],[1, 1.5, 1]|text|not-applicable",,REFUSE
A:!=|1|26,Optional.empty(),null,null,null,"TreeMap<String,V>",flat,"{'a': 1, 'b': 2, 'c': 3}","c|[1, 1.0, 0],[1, 1.0, 1],[1, 1.5, 1]|text|not-applicable",,REFUSE
A:!=|1|27,Optional.empty(),null,null,null,local record,flat,"{'a': 1, 'b': 2, 'c': 3}","c|[1, 1.0, 0],[1, 1.0, 1],[1, 1.5, 1]|text|not-applicable",,REFUSE
A:!=|1|28,Optional.empty(),null,null,null,local class with fields,flat,"{'a': 1, 'b': 2, 'c': 3}","c|[1, 1.0, 0],[1, 1.0, 1],[1, 1.5, 1]|text|not-applicable",,REFUSE
A:!=|1|29,Optional.empty(),null,null,null,List<List<Object>>,seq_in_seq,"[[1, 2], [3, 4]]","c|c|[1, 1.0, 0],[1, 1.0, 1]|integer|as-sorted,c|[1, 1.0, 2],[1, 1.5, 1]|integer|as-sorted|integer|as-sorted",,REFUSE
A:!=|1|30,Optional.empty(),null,null,null,"Map<String,Object> nesting",seq_in_seq,"[[1, 2], [3, 4]]","c|c|[1, 1.0, 0],[1, 1.0, 1]|integer|as-sorted,c|[1, 1.0, 2],[1, 1.5, 1]|integer|as-sorted|integer|as-sorted",,REFUSE
A:!=|1|31,Optional.empty(),null,null,null,Object[][] of Object[],seq_in_seq,"[[1, 2], [3, 4]]","c|c|[1, 1.0, 0],[1, 1.0, 1]|integer|as-sorted,c|[1, 1.0, 2],[1, 1.5, 1]|integer|as-sorted|integer|as-sorted",,REFUSE
A:!=|2|0,Void,null,null,null,null reference,null,null,null,,REFUSE
A:!=|2|1,Void,null,null,null,Optional.empty(),null,null,null,,REFUSE
A:!=|2|3,Void,null,null,null,boolean,true,true,true,,REFUSE
A:!=|2|4,Void,null,null,null,Boolean,true,true,true,,REFUSE
A:!=|2|5,Void,null,null,null,short,base_42,002a,"[1, 1.3125, 5]",,REFUSE
A:!=|2|6,Void,null,null,null,int,base_42,0000002a,"[1, 1.3125, 5]",,REFUSE
A:!=|2|7,Void,null,null,null,long,base_42,000000000000002a,"[1, 1.3125, 5]",,REFUSE
A:!=|2|8,Void,null,null,null,Integer,base_42,0000002a,"[1, 1.3125, 5]",,REFUSE
A:!=|2|9,Void,null,null,null,Long,base_42,000000000000002a,"[1, 1.3125, 5]",,REFUSE
A:!=|2|10,Void,null,null,null,BigInteger,base_42,2a,"[1, 1.3125, 5]",,REFUSE
A:!=|2|11,Void,null,null,null,double,base_1_5,3ff8000000000000,"[1, 1.5, 0]",,REFUSE
A:!=|2|12,Void,null,null,null,float,base_1_5,3fc00000,"[1, 1.5, 0]",,REFUSE
A:!=|2|13,Void,null,null,null,BigDecimal,base_1_5,1.5,"[1, 1.5, 0]",,REFUSE
A:!=|2|14,Void,null,null,null,String,base_hello,68656c6c6f,t|68656c6c6f|5|5|5,,REFUSE
A:!=|2|15,Void,null,null,null,char[],base_hello,68656c6c6f,t|68656c6c6f|5|5|5,,REFUSE
A:!=|2|16,Void,null,null,null,StringBuilder,base_hello,68656c6c6f,t|68656c6c6f|5|5|5,,REFUSE
A:!=|2|17,Void,null,null,null,byte[],base_hello,68656c6c6f,t|68656c6c6f|5|5|5,,REFUSE
A:!=|2|18,Void,null,null,null,Object[],base,"[1, 2, 3]","c|[1, 1.0, 0],[1, 1.0, 1],[1, 1.5, 1]|integer|as-sorted",,REFUSE
A:!=|2|19,Void,null,null,null,long[],base,"[1, 2, 3]","c|[1, 1.0, 0],[1, 1.0, 1],[1, 1.5, 1]|integer|as-sorted",,REFUSE
A:!=|2|20,Void,null,null,null,ArrayList<T>,base,"[1, 2, 3]","c|[1, 1.0, 0],[1, 1.0, 1],[1, 1.5, 1]|integer|as-sorted",,REFUSE
A:!=|2|21,Void,null,null,null,List.of(...),base,"[1, 2, 3]","c|[1, 1.0, 0],[1, 1.0, 1],[1, 1.5, 1]|integer|as-sorted",,REFUSE
A:!=|2|22,Void,null,null,null,LinkedList<T>,base,"[1, 2, 3]","c|[1, 1.0, 0],[1, 1.0, 1],[1, 1.5, 1]|integer|as-sorted",,REFUSE
A:!=|2|23,Void,null,null,null,ArrayDeque<T>,base,"[1, 2, 3]","c|[1, 1.0, 0],[1, 1.0, 1],[1, 1.5, 1]|integer|as-sorted",,REFUSE
A:!=|2|24,Void,null,null,null,"HashMap<String,V>",flat,"{'a': 1, 'b': 2, 'c': 3}","c|[1, 1.0, 0],[1, 1.0, 1],[1, 1.5, 1]|text|not-applicable",,REFUSE
A:!=|2|25,Void,null,null,null,"LinkedHashMap<String,V>",flat,"{'a': 1, 'b': 2, 'c': 3}","c|[1, 1.0, 0],[1, 1.0, 1],[1, 1.5, 1]|text|not-applicable",,REFUSE
A:!=|2|26,Void,null,null,null,"TreeMap<String,V>",flat,"{'a': 1, 'b': 2, 'c': 3}","c|[1, 1.0, 0],[1, 1.0, 1],[1, 1.5, 1]|text|not-applicable",,REFUSE
A:!=|2|27,Void,null,null,null,local record,flat,"{'a': 1, 'b': 2, 'c': 3}","c|[1, 1.0, 0],[1, 1.0, 1],[1, 1.5, 1]|text|not-applicable",,REFUSE
A:!=|2|28,Void,null,null,null,local class with fields,flat,"{'a': 1, 'b': 2, 'c': 3}","c|[1, 1.0, 0],[1, 1.0, 1],[1, 1.5, 1]|text|not-applicable",,REFUSE
A:!=|2|29,Void,null,null,null,List<List<Object>>,seq_in_seq,"[[1, 2], [3, 4]]","c|c|[1, 1.0, 0],[1, 1.0, 1]|integer|as-sorted,c|[1, 1.0, 2],[1, 1.5, 1]|integer|as-sorted|integer|as-sorted",,REFUSE
A:!=|2|30,Void,null,null,null,"Map<String,Object> nesting",seq_in_seq,"[[1, 2], [3, 4]]","c|c|[1, 1.0, 0],[1, 1.0, 1]|integer|as-sorted,c|[1, 1.0, 2],[1, 1.5, 1]|integer|as-sorted|integer|as-sorted",,REFUSE
A:!=|2|31,Void,null,null,null,Object[][] of Object[],seq_in_seq,"[[1, 2], [3, 4]]","c|c|[1, 1.0, 0],[1, 1.0, 1]|integer|as-sorted,c|[1, 1.0, 2],[1, 1.5, 1]|integer|as-sorted|integer|as-sorted",,REFUSE
A:!=|3|0,boolean,true,true,true,null reference,null,null,null,,REFUSE
A:!=|3|1,boolean,true,true,true,Optional.empty(),null,null,null,,REFUSE
A:!=|3|2,boolean,true,true,true,Void,null,null,null,,REFUSE
A:!=|3|5,boolean,true,true,true,short,base_42,002a,"[1, 1.3125, 5]",,REFUSE
A:!=|3|6,boolean,true,true,true,int,base_42,0000002a,"[1, 1.3125, 5]",,REFUSE
A:!=|3|7,boolean,true,true,true,long,base_42,000000000000002a,"[1, 1.3125, 5]",,REFUSE
A:!=|3|8,boolean,true,true,true,Integer,base_42,0000002a,"[1, 1.3125, 5]",,REFUSE
A:!=|3|9,boolean,true,true,true,Long,base_42,000000000000002a,"[1, 1.3125, 5]",,REFUSE
A:!=|3|10,boolean,true,true,true,BigInteger,base_42,2a,"[1, 1.3125, 5]",,REFUSE
A:!=|3|11,boolean,true,true,true,double,base_1_5,3ff8000000000000,"[1, 1.5, 0]",,REFUSE
A:!=|3|12,boolean,true,true,true,float,base_1_5,3fc00000,"[1, 1.5, 0]",,REFUSE
A:!=|3|13,boolean,true,true,true,BigDecimal,base_1_5,1.5,"[1, 1.5, 0]",,REFUSE
A:!=|3|14,boolean,true,true,true,String,base_hello,68656c6c6f,t|68656c6c6f|5|5|5,,REFUSE
A:!=|3|15,boolean,true,true,true,char[],base_hello,68656c6c6f,t|68656c6c6f|5|5|5,,REFUSE
A:!=|3|16,boolean,true,true,true,StringBuilder,base_hello,68656c6c6f,t|68656c6c6f|5|5|5,,REFUSE
A:!=|3|17,boolean,true,true,true,byte[],base_hello,68656c6c6f,t|68656c6c6f|5|5|5,,REFUSE
A:!=|3|18,boolean,true,true,true,Object[],base,"[1, 2, 3]","c|[1, 1.0, 0],[1, 1.0, 1],[1, 1.5, 1]|integer|as-sorted",,REFUSE
A:!=|3|19,boolean,true,true,true,long[],base,"[1, 2, 3]","c|[1, 1.0, 0],[1, 1.0, 1],[1, 1.5, 1]|integer|as-sorted",,REFUSE
A:!=|3|20,boolean,true,true,true,ArrayList<T>,base,"[1, 2, 3]","c|[1, 1.0, 0],[1, 1.0, 1],[1, 1.5, 1]|integer|as-sorted",,REFUSE
A:!=|3|21,boolean,true,true,true,List.of(...),base,"[1, 2, 3]","c|[1, 1.0, 0],[1, 1.0, 1],[1, 1.5, 1]|integer|as-sorted",,REFUSE
A:!=|3|22,boolean,true,true,true,LinkedList<T>,base,"[1, 2, 3]","c|[1, 1.0, 0],[1, 1.0, 1],[1, 1.5, 1]|integer|as-sorted",,REFUSE
A:!=|3|23,boolean,true,true,true,ArrayDeque<T>,base,"[1, 2, 3]","c|[1, 1.0, 0],[1, 1.0, 1],[1, 1.5, 1]|integer|as-sorted",,REFUSE
A:!=|3|24,boolean,true,true,true,"HashMap<String,V>",flat,"{'a': 1, 'b': 2, 'c': 3}","c|[1, 1.0, 0],[1, 1.0, 1],[1, 1.5, 1]|text|not-applicable",,REFUSE
A:!=|3|25,boolean,true,true,true,"LinkedHashMap<String,V>",flat,"{'a': 1, 'b': 2, 'c': 3}","c|[1, 1.0, 0],[1, 1.0, 1],[1, 1.5, 1]|text|not-applicable",,REFUSE
A:!=|3|26,boolean,true,true,true,"TreeMap<String,V>",flat,"{'a': 1, 'b': 2, 'c': 3}","c|[1, 1.0, 0],[1, 1.0, 1],[1, 1.5, 1]|text|not-applicable",,REFUSE
A:!=|3|27,boolean,true,true,true,local record,flat,"{'a': 1, 'b': 2, 'c': 3}","c|[1, 1.0, 0],[1, 1.0, 1],[1, 1.5, 1]|text|not-applicable",,REFUSE
A:!=|3|28,boolean,true,true,true,local class with fields,flat,"{'a': 1, 'b': 2, 'c': 3}","c|[1, 1.0, 0],[1, 1.0, 1],[1, 1.5, 1]|text|not-applicable",,REFUSE
A:!=|3|29,boolean,true,true,true,List<List<Object>>,seq_in_seq,"[[1, 2], [3, 4]]","c|c|[1, 1.0, 0],[1, 1.0, 1]|integer|as-sorted,c|[1, 1.0, 2],[1, 1.5, 1]|integer|as-sorted|integer|as-sorted",,REFUSE
A:!=|3|30,boolean,true,true,true,"Map<String,Object> nesting",seq_in_seq,"[[1, 2], [3, 4]]","c|c|[1, 1.0, 0],[1, 1.0, 1]|integer|as-sorted,c|[1, 1.0, 2],[1, 1.5, 1]|integer|as-sorted|integer|as-sorted",,REFUSE
A:!=|3|31,boolean,true,true,true,Object[][] of Object[],seq_in_seq,"[[1, 2], [3, 4]]","c|c|[1, 1.0, 0],[1, 1.0, 1]|integer|as-sorted,c|[1, 1.0, 2],[1, 1.5, 1]|integer|as-sorted|integer|as-sorted",,REFUSE
A:!=|4|0,Boolean,true,true,true,null reference,null,null,null,,REFUSE
A:!=|4|1,Boolean,true,true,true,Optional.empty(),null,null,null,,REFUSE
A:!=|4|2,Boolean,true,true,true,Void,null,null,null,,REFUSE
A:!=|4|5,Boolean,true,true,true,short,base_42,002a,"[1, 1.3125, 5]",,REFUSE
A:!=|4|6,Boolean,true,true,true,int,base_42,0000002a,"[1, 1.3125, 5]",,REFUSE
A:!=|4|7,Boolean,true,true,true,long,base_42,000000000000002a,"[1, 1.3125, 5]",,REFUSE
A:!=|4|8,Boolean,true,true,true,Integer,base_42,0000002a,"[1, 1.3125, 5]",,REFUSE
A:!=|4|9,Boolean,true,true,true,Long,base_42,000000000000002a,"[1, 1.3125, 5]",,REFUSE
A:!=|4|10,Boolean,true,true,true,BigInteger,base_42,2a,"[1, 1.3125, 5]",,REFUSE
A:!=|4|11,Boolean,true,true,true,double,base_1_5,3ff8000000000000,"[1, 1.5, 0]",,REFUSE
A:!=|4|12,Boolean,true,true,true,float,base_1_5,3fc00000,"[1, 1.5, 0]",,REFUSE
A:!=|4|13,Boolean,true,true,true,BigDecimal,base_1_5,1.5,"[1, 1.5, 0]",,REFUSE
A:!=|4|14,Boolean,true,true,true,String,base_hello,68656c6c6f,t|68656c6c6f|5|5|5,,REFUSE
A:!=|4|15,Boolean,true,true,true,char[],base_hello,68656c6c6f,t|68656c6c6f|5|5|5,,REFUSE
A:!=|4|16,Boolean,true,true,true,StringBuilder,base_hello,68656c6c6f,t|68656c6c6f|5|5|5,,REFUSE
A:!=|4|17,Boolean,true,true,true,byte[],base_hello,68656c6c6f,t|68656c6c6f|5|5|5,,REFUSE
A:!=|4|18,Boolean,true,true,true,Object[],base,"[1, 2, 3]","c|[1, 1.0, 0],[1, 1.0, 1],[1, 1.5, 1]|integer|as-sorted",,REFUSE
A:!=|4|19,Boolean,true,true,true,long[],base,"[1, 2, 3]","c|[1, 1.0, 0],[1, 1.0, 1],[1, 1.5, 1]|integer|as-sorted",,REFUSE
A:!=|4|20,Boolean,true,true,true,ArrayList<T>,base,"[1, 2, 3]","c|[1, 1.0, 0],[1, 1.0, 1],[1, 1.5, 1]|integer|as-sorted",,REFUSE
A:!=|4|21,Boolean,true,true,true,List.of(...),base,"[1, 2, 3]","c|[1, 1.0, 0],[1, 1.0, 1],[1, 1.5, 1]|integer|as-sorted",,REFUSE
A:!=|4|22,Boolean,true,true,true,LinkedList<T>,base,"[1, 2, 3]","c|[1, 1.0, 0],[1, 1.0, 1],[1, 1.5, 1]|integer|as-sorted",,REFUSE
A:!=|4|23,Boolean,true,true,true,ArrayDeque<T>,base,"[1, 2, 3]","c|[1, 1.0, 0],[1, 1.0, 1],[1, 1.5, 1]|integer|as-sorted",,REFUSE
A:!=|4|24,Boolean,true,true,true,"HashMap<String,V>",flat,"{'a': 1, 'b': 2, 'c': 3}","c|[1, 1.0, 0],[1, 1.0, 1],[1, 1.5, 1]|text|not-applicable",,REFUSE
A:!=|4|25,Boolean,true,true,true,"LinkedHashMap<String,V>",flat,"{'a': 1, 'b': 2, 'c': 3}","c|[1, 1.0, 0],[1, 1.0, 1],[1, 1.5, 1]|text|not-applicable",,REFUSE
A:!=|4|26,Boolean,true,true,true,"TreeMap<String,V>",flat,"{'a': 1, 'b': 2, 'c': 3}","c|[1, 1.0, 0],[1, 1.0, 1],[1, 1.5, 1]|text|not-applicable",,REFUSE
A:!=|4|27,Boolean,true,true,true,local record,flat,"{'a': 1, 'b': 2, 'c': 3}","c|[1, 1.0, 0],[1, 1.0, 1],[1, 1.5, 1]|text|not-applicable",,REFUSE
A:!=|4|28,Boolean,true,true,true,local class with fields,flat,"{'a': 1, 'b': 2, 'c': 3}","c|[1, 1.0, 0],[1, 1.0, 1],[1, 1.5, 1]|text|not-applicable",,REFUSE
A:!=|4|29,Boolean,true,true,true,List<List<Object>>,seq_in_seq,"[[1, 2], [3, 4]]","c|c|[1, 1.0, 0],[1, 1.0, 1]|integer|as-sorted,c|[1, 1.0, 2],[1, 1.5, 1]|integer|as-sorted|integer|as-sorted",,REFUSE
A:!=|4|30,Boolean,true,true,true,"Map<String,Object> nesting",seq_in_seq,"[[1, 2], [3, 4]]","c|c|[1, 1.0, 0],[1, 1.0, 1]|integer|as-sorted,c|[1, 1.0, 2],[1, 1.5, 1]|integer|as-sorted|integer|as-sorted",,REFUSE
A:!=|4|31,Boolean,true,true,true,Object[][] of Object[],seq_in_seq,"[[1, 2], [3, 4]]","c|c|[1, 1.0, 0],[1, 1.0, 1]|integer|as-sorted,c|[1, 1.0, 2],[1, 1.5, 1]|integer|as-sorted|integer|as-sorted",,REFUSE
A:!=|5|0,short,base_42,002a,"[1, 1.3125, 5]",null reference,null,null,null,,REFUSE
A:!=|5|1,short,base_42,002a,"[1, 1.3125, 5]",Optional.empty(),null,null,null,,REFUSE
A:!=|5|2,short,base_42,002a,"[1, 1.3125, 5]",Void,null,null,null,,REFUSE
A:!=|5|3,short,base_42,002a,"[1, 1.3125, 5]",boolean,true,true,true,,REFUSE
A:!=|5|4,short,base_42,002a,"[1, 1.3125, 5]",Boolean,true,true,true,,REFUSE
A:!=|5|10,short,base_42,002a,"[1, 1.3125, 5]",BigInteger,base_42,2a,"[1, 1.3125, 5]",,REFUSE
A:!=|5|13,short,base_42,002a,"[1, 1.3125, 5]",BigDecimal,base_1_5,1.5,"[1, 1.5, 0]",,REFUSE
A:!=|5|14,short,base_42,002a,"[1, 1.3125, 5]",String,base_hello,68656c6c6f,t|68656c6c6f|5|5|5,,REFUSE
A:!=|5|15,short,base_42,002a,"[1, 1.3125, 5]",char[],base_hello,68656c6c6f,t|68656c6c6f|5|5|5,,REFUSE
A:!=|5|16,short,base_42,002a,"[1, 1.3125, 5]",StringBuilder,base_hello,68656c6c6f,t|68656c6c6f|5|5|5,,REFUSE
A:!=|5|17,short,base_42,002a,"[1, 1.3125, 5]",byte[],base_hello,68656c6c6f,t|68656c6c6f|5|5|5,,REFUSE
A:!=|5|18,short,base_42,002a,"[1, 1.3125, 5]",Object[],base,"[1, 2, 3]","c|[1, 1.0, 0],[1, 1.0, 1],[1, 1.5, 1]|integer|as-sorted",,REFUSE
A:!=|5|19,short,base_42,002a,"[1, 1.3125, 5]",long[],base,"[1, 2, 3]","c|[1, 1.0, 0],[1, 1.0, 1],[1, 1.5, 1]|integer|as-sorted",,REFUSE
A:!=|5|20,short,base_42,002a,"[1, 1.3125, 5]",ArrayList<T>,base,"[1, 2, 3]","c|[1, 1.0, 0],[1, 1.0, 1],[1, 1.5, 1]|integer|as-sorted",,REFUSE
A:!=|5|21,short,base_42,002a,"[1, 1.3125, 5]",List.of(...),base,"[1, 2, 3]","c|[1, 1.0, 0],[1, 1.0, 1],[1, 1.5, 1]|integer|as-sorted",,REFUSE
A:!=|5|22,short,base_42,002a,"[1, 1.3125, 5]",LinkedList<T>,base,"[1, 2, 3]","c|[1, 1.0, 0],[1, 1.0, 1],[1, 1.5, 1]|integer|as-sorted",,REFUSE
A:!=|5|23,short,base_42,002a,"[1, 1.3125, 5]",ArrayDeque<T>,base,"[1, 2, 3]","c|[1, 1.0, 0],[1, 1.0, 1],[1, 1.5, 1]|integer|as-sorted",,REFUSE
A:!=|5|24,short,base_42,002a,"[1, 1.3125, 5]","HashMap<String,V>",flat,"{'a': 1, 'b': 2, 'c': 3}","c|[1, 1.0, 0],[1, 1.0, 1],[1, 1.5, 1]|text|not-applicable",,REFUSE
A:!=|5|25,short,base_42,002a,"[1, 1.3125, 5]","LinkedHashMap<String,V>",flat,"{'a': 1, 'b': 2, 'c': 3}","c|[1, 1.0, 0],[1, 1.0, 1],[1, 1.5, 1]|text|not-applicable",,REFUSE
A:!=|5|26,short,base_42,002a,"[1, 1.3125, 5]","TreeMap<String,V>",flat,"{'a': 1, 'b': 2, 'c': 3}","c|[1, 1.0, 0],[1, 1.0, 1],[1, 1.5, 1]|text|not-applicable",,REFUSE
A:!=|5|27,short,base_42,002a,"[1, 1.3125, 5]",local record,flat,"{'a': 1, 'b': 2, 'c': 3}","c|[1, 1.0, 0],[1, 1.0, 1],[1, 1.5, 1]|text|not-applicable",,REFUSE
A:!=|5|28,short,base_42,002a,"[1, 1.3125, 5]",local class with fields,flat,"{'a': 1, 'b': 2, 'c': 3}","c|[1, 1.0, 0],[1, 1.0, 1],[1, 1.5, 1]|text|not-applicable",,REFUSE
A:!=|5|29,short,base_42,002a,"[1, 1.3125, 5]",List<List<Object>>,seq_in_seq,"[[1, 2], [3, 4]]","c|c|[1, 1.0, 0],[1, 1.0, 1]|integer|as-sorted,c|[1, 1.0, 2],[1, 1.5, 1]|integer|as-sorted|integer|as-sorted",,REFUSE
A:!=|5|30,short,base_42,002a,"[1, 1.3125, 5]","Map<String,Object> nesting",seq_in_seq,"[[1, 2], [3, 4]]","c|c|[1, 1.0, 0],[1, 1.0, 1]|integer|as-sorted,c|[1, 1.0, 2],[1, 1.5, 1]|integer|as-sorted|integer|as-sorted",,REFUSE
A:!=|5|31,short,base_42,002a,"[1, 1.3125, 5]",Object[][] of Object[],seq_in_seq,"[[1, 2], [3, 4]]","c|c|[1, 1.0, 0],[1, 1.0, 1]|integer|as-sorted,c|[1, 1.0, 2],[1, 1.5, 1]|integer|as-sorted|integer|as-sorted",,REFUSE
A:!=|6|0,int,base_42,0000002a,"[1, 1.3125, 5]",null reference,null,null,null,,REFUSE
A:!=|6|1,int,base_42,0000002a,"[1, 1.3125, 5]",Optional.empty(),null,null,null,,REFUSE
A:!=|6|2,int,base_42,0000002a,"[1, 1.3125, 5]",Void,null,null,null,,REFUSE
A:!=|6|3,int,base_42,0000002a,"[1, 1.3125, 5]",boolean,true,true,true,,REFUSE
A:!=|6|4,int,base_42,0000002a,"[1, 1.3125, 5]",Boolean,true,true,true,,REFUSE
A:!=|6|10,int,base_42,0000002a,"[1, 1.3125, 5]",BigInteger,base_42,2a,"[1, 1.3125, 5]",,REFUSE
A:!=|6|13,int,base_42,0000002a,"[1, 1.3125, 5]",BigDecimal,base_1_5,1.5,"[1, 1.5, 0]",,REFUSE
A:!=|6|14,int,base_42,0000002a,"[1, 1.3125, 5]",String,base_hello,68656c6c6f,t|68656c6c6f|5|5|5,,REFUSE
A:!=|6|15,int,base_42,0000002a,"[1, 1.3125, 5]",char[],base_hello,68656c6c6f,t|68656c6c6f|5|5|5,,REFUSE
A:!=|6|16,int,base_42,0000002a,"[1, 1.3125, 5]",StringBuilder,base_hello,68656c6c6f,t|68656c6c6f|5|5|5,,REFUSE
A:!=|6|17,int,base_42,0000002a,"[1, 1.3125, 5]",byte[],base_hello,68656c6c6f,t|68656c6c6f|5|5|5,,REFUSE
A:!=|6|18,int,base_42,0000002a,"[1, 1.3125, 5]",Object[],base,"[1, 2, 3]","c|[1, 1.0, 0],[1, 1.0, 1],[1, 1.5, 1]|integer|as-sorted",,REFUSE
A:!=|6|19,int,base_42,0000002a,"[1, 1.3125, 5]",long[],base,"[1, 2, 3]","c|[1, 1.0, 0],[1, 1.0, 1],[1, 1.5, 1]|integer|as-sorted",,REFUSE
A:!=|6|20,int,base_42,0000002a,"[1, 1.3125, 5]",ArrayList<T>,base,"[1, 2, 3]","c|[1, 1.0, 0],[1, 1.0, 1],[1, 1.5, 1]|integer|as-sorted",,REFUSE
A:!=|6|21,int,base_42,0000002a,"[1, 1.3125, 5]",List.of(...),base,"[1, 2, 3]","c|[1, 1.0, 0],[1, 1.0, 1],[1, 1.5, 1]|integer|as-sorted",,REFUSE
A:!=|6|22,int,base_42,0000002a,"[1, 1.3125, 5]",LinkedList<T>,base,"[1, 2, 3]","c|[1, 1.0, 0],[1, 1.0, 1],[1, 1.5, 1]|integer|as-sorted",,REFUSE
A:!=|6|23,int,base_42,0000002a,"[1, 1.3125, 5]",ArrayDeque<T>,base,"[1, 2, 3]","c|[1, 1.0, 0],[1, 1.0, 1],[1, 1.5, 1]|integer|as-sorted",,REFUSE
A:!=|6|24,int,base_42,0000002a,"[1, 1.3125, 5]","HashMap<String,V>",flat,"{'a': 1, 'b': 2, 'c': 3}","c|[1, 1.0, 0],[1, 1.0, 1],[1, 1.5, 1]|text|not-applicable",,REFUSE
A:!=|6|25,int,base_42,0000002a,"[1, 1.3125, 5]","LinkedHashMap<String,V>",flat,"{'a': 1, 'b': 2, 'c': 3}","c|[1, 1.0, 0],[1, 1.0, 1],[1, 1.5, 1]|text|not-applicable",,REFUSE
A:!=|6|26,int,base_42,0000002a,"[1, 1.3125, 5]","TreeMap<String,V>",flat,"{'a': 1, 'b': 2, 'c': 3}","c|[1, 1.0, 0],[1, 1.0, 1],[1, 1.5, 1]|text|not-applicable",,REFUSE
A:!=|6|27,int,base_42,0000002a,"[1, 1.3125, 5]",local record,flat,"{'a': 1, 'b': 2, 'c': 3}","c|[1, 1.0, 0],[1, 1.0, 1],[1, 1.5, 1]|text|not-applicable",,REFUSE
A:!=|6|28,int,base_42,0000002a,"[1, 1.3125, 5]",local class with fields,flat,"{'a': 1, 'b': 2, 'c': 3}","c|[1, 1.0, 0],[1, 1.0, 1],[1, 1.5, 1]|text|not-applicable",,REFUSE
A:!=|6|29,int,base_42,0000002a,"[1, 1.3125, 5]",List<List<Object>>,seq_in_seq,"[[1, 2], [3, 4]]","c|c|[1, 1.0, 0],[1, 1.0, 1]|integer|as-sorted,c|[1, 1.0, 2],[1, 1.5, 1]|integer|as-sorted|integer|as-sorted",,REFUSE
A:!=|6|30,int,base_42,0000002a,"[1, 1.3125, 5]","Map<String,Object> nesting",seq_in_seq,"[[1, 2], [3, 4]]","c|c|[1, 1.0, 0],[1, 1.0, 1]|integer|as-sorted,c|[1, 1.0, 2],[1, 1.5, 1]|integer|as-sorted|integer|as-sorted",,REFUSE
A:!=|6|31,int,base_42,0000002a,"[1, 1.3125, 5]",Object[][] of Object[],seq_in_seq,"[[1, 2], [3, 4]]","c|c|[1, 1.0, 0],[1, 1.0, 1]|integer|as-sorted,c|[1, 1.0, 2],[1, 1.5, 1]|integer|as-sorted|integer|as-sorted",,REFUSE
A:!=|7|0,long,base_42,000000000000002a,"[1, 1.3125, 5]",null reference,null,null,null,,REFUSE
A:!=|7|1,long,base_42,000000000000002a,"[1, 1.3125, 5]",Optional.empty(),null,null,null,,REFUSE
A:!=|7|2,long,base_42,000000000000002a,"[1, 1.3125, 5]",Void,null,null,null,,REFUSE
A:!=|7|3,long,base_42,000000000000002a,"[1, 1.3125, 5]",boolean,true,true,true,,REFUSE
A:!=|7|4,long,base_42,000000000000002a,"[1, 1.3125, 5]",Boolean,true,true,true,,REFUSE
A:!=|7|10,long,base_42,000000000000002a,"[1, 1.3125, 5]",BigInteger,base_42,2a,"[1, 1.3125, 5]",,REFUSE
A:!=|7|13,long,base_42,000000000000002a,"[1, 1.3125, 5]",BigDecimal,base_1_5,1.5,"[1, 1.5, 0]",,REFUSE
A:!=|7|14,long,base_42,000000000000002a,"[1, 1.3125, 5]",String,base_hello,68656c6c6f,t|68656c6c6f|5|5|5,,REFUSE
A:!=|7|15,long,base_42,000000000000002a,"[1, 1.3125, 5]",char[],base_hello,68656c6c6f,t|68656c6c6f|5|5|5,,REFUSE
A:!=|7|16,long,base_42,000000000000002a,"[1, 1.3125, 5]",StringBuilder,base_hello,68656c6c6f,t|68656c6c6f|5|5|5,,REFUSE
A:!=|7|17,long,base_42,000000000000002a,"[1, 1.3125, 5]",byte[],base_hello,68656c6c6f,t|68656c6c6f|5|5|5,,REFUSE
A:!=|7|18,long,base_42,000000000000002a,"[1, 1.3125, 5]",Object[],base,"[1, 2, 3]","c|[1, 1.0, 0],[1, 1.0, 1],[1, 1.5, 1]|integer|as-sorted",,REFUSE
A:!=|7|19,long,base_42,000000000000002a,"[1, 1.3125, 5]",long[],base,"[1, 2, 3]","c|[1, 1.0, 0],[1, 1.0, 1],[1, 1.5, 1]|integer|as-sorted",,REFUSE
A:!=|7|20,long,base_42,000000000000002a,"[1, 1.3125, 5]",ArrayList<T>,base,"[1, 2, 3]","c|[1, 1.0, 0],[1, 1.0, 1],[1, 1.5, 1]|integer|as-sorted",,REFUSE
A:!=|7|21,long,base_42,000000000000002a,"[1, 1.3125, 5]",List.of(...),base,"[1, 2, 3]","c|[1, 1.0, 0],[1, 1.0, 1],[1, 1.5, 1]|integer|as-sorted",,REFUSE
A:!=|7|22,long,base_42,000000000000002a,"[1, 1.3125, 5]",LinkedList<T>,base,"[1, 2, 3]","c|[1, 1.0, 0],[1, 1.0, 1],[1, 1.5, 1]|integer|as-sorted",,REFUSE
A:!=|7|23,long,base_42,000000000000002a,"[1, 1.3125, 5]",ArrayDeque<T>,base,"[1, 2, 3]","c|[1, 1.0, 0],[1, 1.0, 1],[1, 1.5, 1]|integer|as-sorted",,REFUSE
A:!=|7|24,long,base_42,000000000000002a,"[1, 1.3125, 5]","HashMap<String,V>",flat,"{'a': 1, 'b': 2, 'c': 3}","c|[1, 1.0, 0],[1, 1.0, 1],[1, 1.5, 1]|text|not-applicable",,REFUSE
A:!=|7|25,long,base_42,000000000000002a,"[1, 1.3125, 5]","LinkedHashMap<String,V>",flat,"{'a': 1, 'b': 2, 'c': 3}","c|[1, 1.0, 0],[1, 1.0, 1],[1, 1.5, 1]|text|not-applicable",,REFUSE
A:!=|7|26,long,base_42,000000000000002a,"[1, 1.3125, 5]","TreeMap<String,V>",flat,"{'a': 1, 'b': 2, 'c': 3}","c|[1, 1.0, 0],[1, 1.0, 1],[1, 1.5, 1]|text|not-applicable",,REFUSE
A:!=|7|27,long,base_42,000000000000002a,"[1, 1.3125, 5]",local record,flat,"{'a': 1, 'b': 2, 'c': 3}","c|[1, 1.0, 0],[1, 1.0, 1],[1, 1.5, 1]|text|not-applicable",,REFUSE
A:!=|7|28,long,base_42,000000000000002a,"[1, 1.3125, 5]",local class with fields,flat,"{'a': 1, 'b': 2, 'c': 3}","c|[1, 1.0, 0],[1, 1.0, 1],[1, 1.5, 1]|text|not-applicable",,REFUSE
A:!=|7|29,long,base_42,000000000000002a,"[1, 1.3125, 5]",List<List<Object>>,seq_in_seq,"[[1, 2], [3, 4]]","c|c|[1, 1.0, 0],[1, 1.0, 1]|integer|as-sorted,c|[1, 1.0, 2],[1, 1.5, 1]|integer|as-sorted|integer|as-sorted",,REFUSE
A:!=|7|30,long,base_42,000000000000002a,"[1, 1.3125, 5]","Map<String,Object> nesting",seq_in_seq,"[[1, 2], [3, 4]]","c|c|[1, 1.0, 0],[1, 1.0, 1]|integer|as-sorted,c|[1, 1.0, 2],[1, 1.5, 1]|integer|as-sorted|integer|as-sorted",,REFUSE
A:!=|7|31,long,base_42,000000000000002a,"[1, 1.3125, 5]",Object[][] of Object[],seq_in_seq,"[[1, 2], [3, 4]]","c|c|[1, 1.0, 0],[1, 1.0, 1]|integer|as-sorted,c|[1, 1.0, 2],[1, 1.5, 1]|integer|as-sorted|integer|as-sorted",,REFUSE
A:!=|8|0,Integer,base_42,0000002a,"[1, 1.3125, 5]",null reference,null,null,null,,REFUSE
A:!=|8|1,Integer,base_42,0000002a,"[1, 1.3125, 5]",Optional.empty(),null,null,null,,REFUSE
A:!=|8|2,Integer,base_42,0000002a,"[1, 1.3125, 5]",Void,null,null,null,,REFUSE
A:!=|8|3,Integer,base_42,0000002a,"[1, 1.3125, 5]",boolean,true,true,true,,REFUSE
A:!=|8|4,Integer,base_42,0000002a,"[1, 1.3125, 5]",Boolean,true,true,true,,REFUSE
A:!=|8|9,Integer,base_42,0000002a,"[1, 1.3125, 5]",Long,base_42,000000000000002a,"[1, 1.3125, 5]",,REFUSE
A:!=|8|10,Integer,base_42,0000002a,"[1, 1.3125, 5]",BigInteger,base_42,2a,"[1, 1.3125, 5]",,REFUSE
A:!=|8|13,Integer,base_42,0000002a,"[1, 1.3125, 5]",BigDecimal,base_1_5,1.5,"[1, 1.5, 0]",,REFUSE
A:!=|8|14,Integer,base_42,0000002a,"[1, 1.3125, 5]",String,base_hello,68656c6c6f,t|68656c6c6f|5|5|5,,REFUSE
A:!=|8|15,Integer,base_42,0000002a,"[1, 1.3125, 5]",char[],base_hello,68656c6c6f,t|68656c6c6f|5|5|5,,REFUSE
A:!=|8|16,Integer,base_42,0000002a,"[1, 1.3125, 5]",StringBuilder,base_hello,68656c6c6f,t|68656c6c6f|5|5|5,,REFUSE
A:!=|8|17,Integer,base_42,0000002a,"[1, 1.3125, 5]",byte[],base_hello,68656c6c6f,t|68656c6c6f|5|5|5,,REFUSE
A:!=|8|18,Integer,base_42,0000002a,"[1, 1.3125, 5]",Object[],base,"[1, 2, 3]","c|[1, 1.0, 0],[1, 1.0, 1],[1, 1.5, 1]|integer|as-sorted",,REFUSE
A:!=|8|19,Integer,base_42,0000002a,"[1, 1.3125, 5]",long[],base,"[1, 2, 3]","c|[1, 1.0, 0],[1, 1.0, 1],[1, 1.5, 1]|integer|as-sorted",,REFUSE
A:!=|8|20,Integer,base_42,0000002a,"[1, 1.3125, 5]",ArrayList<T>,base,"[1, 2, 3]","c|[1, 1.0, 0],[1, 1.0, 1],[1, 1.5, 1]|integer|as-sorted",,REFUSE
A:!=|8|21,Integer,base_42,0000002a,"[1, 1.3125, 5]",List.of(...),base,"[1, 2, 3]","c|[1, 1.0, 0],[1, 1.0, 1],[1, 1.5, 1]|integer|as-sorted",,REFUSE
A:!=|8|22,Integer,base_42,0000002a,"[1, 1.3125, 5]",LinkedList<T>,base,"[1, 2, 3]","c|[1, 1.0, 0],[1, 1.0, 1],[1, 1.5, 1]|integer|as-sorted",,REFUSE
A:!=|8|23,Integer,base_42,0000002a,"[1, 1.3125, 5]",ArrayDeque<T>,base,"[1, 2, 3]","c|[1, 1.0, 0],[1, 1.0, 1],[1, 1.5, 1]|integer|as-sorted",,REFUSE
A:!=|8|24,Integer,base_42,0000002a,"[1, 1.3125, 5]","HashMap<String,V>",flat,"{'a': 1, 'b': 2, 'c': 3}","c|[1, 1.0, 0],[1, 1.0, 1],[1, 1.5, 1]|text|not-applicable",,REFUSE
A:!=|8|25,Integer,base_42,0000002a,"[1, 1.3125, 5]","LinkedHashMap<String,V>",flat,"{'a': 1, 'b': 2, 'c': 3}","c|[1, 1.0, 0],[1, 1.0, 1],[1, 1.5, 1]|text|not-applicable",,REFUSE
A:!=|8|26,Integer,base_42,0000002a,"[1, 1.3125, 5]","TreeMap<String,V>",flat,"{'a': 1, 'b': 2, 'c': 3}","c|[1, 1.0, 0],[1, 1.0, 1],[1, 1.5, 1]|text|not-applicable",,REFUSE
A:!=|8|27,Integer,base_42,0000002a,"[1, 1.3125, 5]",local record,flat,"{'a': 1, 'b': 2, 'c': 3}","c|[1, 1.0, 0],[1, 1.0, 1],[1, 1.5, 1]|text|not-applicable",,REFUSE
A:!=|8|28,Integer,base_42,0000002a,"[1, 1.3125, 5]",local class with fields,flat,"{'a': 1, 'b': 2, 'c': 3}","c|[1, 1.0, 0],[1, 1.0, 1],[1, 1.5, 1]|text|not-applicable",,REFUSE
A:!=|8|29,Integer,base_42,0000002a,"[1, 1.3125, 5]",List<List<Object>>,seq_in_seq,"[[1, 2], [3, 4]]","c|c|[1, 1.0, 0],[1, 1.0, 1]|integer|as-sorted,c|[1, 1.0, 2],[1, 1.5, 1]|integer|as-sorted|integer|as-sorted",,REFUSE
A:!=|8|30,Integer,base_42,0000002a,"[1, 1.3125, 5]","Map<String,Object> nesting",seq_in_seq,"[[1, 2], [3, 4]]","c|c|[1, 1.0, 0],[1, 1.0, 1]|integer|as-sorted,c|[1, 1.0, 2],[1, 1.5, 1]|integer|as-sorted|integer|as-sorted",,REFUSE
A:!=|8|31,Integer,base_42,0000002a,"[1, 1.3125, 5]",Object[][] of Object[],seq_in_seq,"[[1, 2], [3, 4]]","c|c|[1, 1.0, 0],[1, 1.0, 1]|integer|as-sorted,c|[1, 1.0, 2],[1, 1.5, 1]|integer|as-sorted|integer|as-sorted",,REFUSE
A:!=|9|0,Long,base_42,000000000000002a,"[1, 1.3125, 5]",null reference,null,null,null,,REFUSE
A:!=|9|1,Long,base_42,000000000000002a,"[1, 1.3125, 5]",Optional.empty(),null,null,null,,REFUSE
A:!=|9|2,Long,base_42,000000000000002a,"[1, 1.3125, 5]",Void,null,null,null,,REFUSE
A:!=|9|3,Long,base_42,000000000000002a,"[1, 1.3125, 5]",boolean,true,true,true,,REFUSE
A:!=|9|4,Long,base_42,000000000000002a,"[1, 1.3125, 5]",Boolean,true,true,true,,REFUSE
A:!=|9|8,Long,base_42,000000000000002a,"[1, 1.3125, 5]",Integer,base_42,0000002a,"[1, 1.3125, 5]",,REFUSE
A:!=|9|10,Long,base_42,000000000000002a,"[1, 1.3125, 5]",BigInteger,base_42,2a,"[1, 1.3125, 5]",,REFUSE
A:!=|9|13,Long,base_42,000000000000002a,"[1, 1.3125, 5]",BigDecimal,base_1_5,1.5,"[1, 1.5, 0]",,REFUSE
A:!=|9|14,Long,base_42,000000000000002a,"[1, 1.3125, 5]",String,base_hello,68656c6c6f,t|68656c6c6f|5|5|5,,REFUSE
A:!=|9|15,Long,base_42,000000000000002a,"[1, 1.3125, 5]",char[],base_hello,68656c6c6f,t|68656c6c6f|5|5|5,,REFUSE
A:!=|9|16,Long,base_42,000000000000002a,"[1, 1.3125, 5]",StringBuilder,base_hello,68656c6c6f,t|68656c6c6f|5|5|5,,REFUSE
A:!=|9|17,Long,base_42,000000000000002a,"[1, 1.3125, 5]",byte[],base_hello,68656c6c6f,t|68656c6c6f|5|5|5,,REFUSE
A:!=|9|18,Long,base_42,000000000000002a,"[1, 1.3125, 5]",Object[],base,"[1, 2, 3]","c|[1, 1.0, 0],[1, 1.0, 1],[1, 1.5, 1]|integer|as-sorted",,REFUSE
A:!=|9|19,Long,base_42,000000000000002a,"[1, 1.3125, 5]",long[],base,"[1, 2, 3]","c|[1, 1.0, 0],[1, 1.0, 1],[1, 1.5, 1]|integer|as-sorted",,REFUSE
A:!=|9|20,Long,base_42,000000000000002a,"[1, 1.3125, 5]",ArrayList<T>,base,"[1, 2, 3]","c|[1, 1.0, 0],[1, 1.0, 1],[1, 1.5, 1]|integer|as-sorted",,REFUSE
A:!=|9|21,Long,base_42,000000000000002a,"[1, 1.3125, 5]",List.of(...),base,"[1, 2, 3]","c|[1, 1.0, 0],[1, 1.0, 1],[1, 1.5, 1]|integer|as-sorted",,REFUSE
A:!=|9|22,Long,base_42,000000000000002a,"[1, 1.3125, 5]",LinkedList<T>,base,"[1, 2, 3]","c|[1, 1.0, 0],[1, 1.0, 1],[1, 1.5, 1]|integer|as-sorted",,REFUSE
A:!=|9|23,Long,base_42,000000000000002a,"[1, 1.3125, 5]",ArrayDeque<T>,base,"[1, 2, 3]","c|[1, 1.0, 0],[1, 1.0, 1],[1, 1.5, 1]|integer|as-sorted",,REFUSE
A:!=|9|24,Long,base_42,000000000000002a,"[1, 1.3125, 5]","HashMap<String,V>",flat,"{'a': 1, 'b': 2, 'c': 3}","c|[1, 1.0, 0],[1, 1.0, 1],[1, 1.5, 1]|text|not-applicable",,REFUSE
A:!=|9|25,Long,base_42,000000000000002a,"[1, 1.3125, 5]","LinkedHashMap<String,V>",flat,"{'a': 1, 'b': 2, 'c': 3}","c|[1, 1.0, 0],[1, 1.0, 1],[1, 1.5, 1]|text|not-applicable",,REFUSE
A:!=|9|26,Long,base_42,000000000000002a,"[1, 1.3125, 5]","TreeMap<String,V>",flat,"{'a': 1, 'b': 2, 'c': 3}","c|[1, 1.0, 0],[1, 1.0, 1],[1, 1.5, 1]|text|not-applicable",,REFUSE
A:!=|9|27,Long,base_42,000000000000002a,"[1, 1.3125, 5]",local record,flat,"{'a': 1, 'b': 2, 'c': 3}","c|[1, 1.0, 0],[1, 1.0, 1],[1, 1.5, 1]|text|not-applicable",,REFUSE
A:!=|9|28,Long,base_42,000000000000002a,"[1, 1.3125, 5]",local class with fields,flat,"{'a': 1, 'b': 2, 'c': 3}","c|[1, 1.0, 0],[1, 1.0, 1],[1, 1.5, 1]|text|not-applicable",,REFUSE
A:!=|9|29,Long,base_42,000000000000002a,"[1, 1.3125, 5]",List<List<Object>>,seq_in_seq,"[[1, 2], [3, 4]]","c|c|[1, 1.0, 0],[1, 1.0, 1]|integer|as-sorted,c|[1, 1.0, 2],[1, 1.5, 1]|integer|as-sorted|integer|as-sorted",,REFUSE
A:!=|9|30,Long,base_42,000000000000002a,"[1, 1.3125, 5]","Map<String,Object> nesting",seq_in_seq,"[[1, 2], [3, 4]]","c|c|[1, 1.0, 0],[1, 1.0, 1]|integer|as-sorted,c|[1, 1.0, 2],[1, 1.5, 1]|integer|as-sorted|integer|as-sorted",,REFUSE
A:!=|9|31,Long,base_42,000000000000002a,"[1, 1.3125, 5]",Object[][] of Object[],seq_in_seq,"[[1, 2], [3, 4]]","c|c|[1, 1.0, 0],[1, 1.0, 1]|integer|as-sorted,c|[1, 1.0, 2],[1, 1.5, 1]|integer|as-sorted|integer|as-sorted",,REFUSE
A:!=|10|0,BigInteger,base_42,2a,"[1, 1.3125, 5]",null reference,null,null,null,,REFUSE
A:!=|10|1,BigInteger,base_42,2a,"[1, 1.3125, 5]",Optional.empty(),null,null,null,,REFUSE
A:!=|10|2,BigInteger,base_42,2a,"[1, 1.3125, 5]",Void,null,null,null,,REFUSE
A:!=|10|3,BigInteger,base_42,2a,"[1, 1.3125, 5]",boolean,true,true,true,,REFUSE
A:!=|10|4,BigInteger,base_42,2a,"[1, 1.3125, 5]",Boolean,true,true,true,,REFUSE
A:!=|10|5,BigInteger,base_42,2a,"[1, 1.3125, 5]",short,base_42,002a,"[1, 1.3125, 5]",,REFUSE
A:!=|10|6,BigInteger,base_42,2a,"[1, 1.3125, 5]",int,base_42,0000002a,"[1, 1.3125, 5]",,REFUSE
A:!=|10|7,BigInteger,base_42,2a,"[1, 1.3125, 5]",long,base_42,000000000000002a,"[1, 1.3125, 5]",,REFUSE
A:!=|10|8,BigInteger,base_42,2a,"[1, 1.3125, 5]",Integer,base_42,0000002a,"[1, 1.3125, 5]",,REFUSE
A:!=|10|9,BigInteger,base_42,2a,"[1, 1.3125, 5]",Long,base_42,000000000000002a,"[1, 1.3125, 5]",,REFUSE
A:!=|10|11,BigInteger,base_42,2a,"[1, 1.3125, 5]",double,base_1_5,3ff8000000000000,"[1, 1.5, 0]",,REFUSE
A:!=|10|12,BigInteger,base_42,2a,"[1, 1.3125, 5]",float,base_1_5,3fc00000,"[1, 1.5, 0]",,REFUSE
A:!=|10|13,BigInteger,base_42,2a,"[1, 1.3125, 5]",BigDecimal,base_1_5,1.5,"[1, 1.5, 0]",,REFUSE
A:!=|10|14,BigInteger,base_42,2a,"[1, 1.3125, 5]",String,base_hello,68656c6c6f,t|68656c6c6f|5|5|5,,REFUSE
A:!=|10|15,BigInteger,base_42,2a,"[1, 1.3125, 5]",char[],base_hello,68656c6c6f,t|68656c6c6f|5|5|5,,REFUSE
A:!=|10|16,BigInteger,base_42,2a,"[1, 1.3125, 5]",StringBuilder,base_hello,68656c6c6f,t|68656c6c6f|5|5|5,,REFUSE
A:!=|10|17,BigInteger,base_42,2a,"[1, 1.3125, 5]",byte[],base_hello,68656c6c6f,t|68656c6c6f|5|5|5,,REFUSE
A:!=|10|18,BigInteger,base_42,2a,"[1, 1.3125, 5]",Object[],base,"[1, 2, 3]","c|[1, 1.0, 0],[1, 1.0, 1],[1, 1.5, 1]|integer|as-sorted",,REFUSE
A:!=|10|19,BigInteger,base_42,2a,"[1, 1.3125, 5]",long[],base,"[1, 2, 3]","c|[1, 1.0, 0],[1, 1.0, 1],[1, 1.5, 1]|integer|as-sorted",,REFUSE
A:!=|10|20,BigInteger,base_42,2a,"[1, 1.3125, 5]",ArrayList<T>,base,"[1, 2, 3]","c|[1, 1.0, 0],[1, 1.0, 1],[1, 1.5, 1]|integer|as-sorted",,REFUSE
A:!=|10|22,BigInteger,base_42,2a,"[1, 1.3125, 5]",LinkedList<T>,base,"[1, 2, 3]","c|[1, 1.0, 0],[1, 1.0, 1],[1, 1.5, 1]|integer|as-sorted",,REFUSE
A:!=|10|23,BigInteger,base_42,2a,"[1, 1.3125, 5]",ArrayDeque<T>,base,"[1, 2, 3]","c|[1, 1.0, 0],[1, 1.0, 1],[1, 1.5, 1]|integer|as-sorted",,REFUSE
A:!=|10|24,BigInteger,base_42,2a,"[1, 1.3125, 5]","HashMap<String,V>",flat,"{'a': 1, 'b': 2, 'c': 3}","c|[1, 1.0, 0],[1, 1.0, 1],[1, 1.5, 1]|text|not-applicable",,REFUSE
A:!=|10|25,BigInteger,base_42,2a,"[1, 1.3125, 5]","LinkedHashMap<String,V>",flat,"{'a': 1, 'b': 2, 'c': 3}","c|[1, 1.0, 0],[1, 1.0, 1],[1, 1.5, 1]|text|not-applicable",,REFUSE
A:!=|10|26,BigInteger,base_42,2a,"[1, 1.3125, 5]","TreeMap<String,V>",flat,"{'a': 1, 'b': 2, 'c': 3}","c|[1, 1.0, 0],[1, 1.0, 1],[1, 1.5, 1]|text|not-applicable",,REFUSE
A:!=|10|27,BigInteger,base_42,2a,"[1, 1.3125, 5]",local record,flat,"{'a': 1, 'b': 2, 'c': 3}","c|[1, 1.0, 0],[1, 1.0, 1],[1, 1.5, 1]|text|not-applicable",,REFUSE
A:!=|10|28,BigInteger,base_42,2a,"[1, 1.3125, 5]",local class with fields,flat,"{'a': 1, 'b': 2, 'c': 3}","c|[1, 1.0, 0],[1, 1.0, 1],[1, 1.5, 1]|text|not-applicable",,REFUSE
A:!=|10|31,BigInteger,base_42,2a,"[1, 1.3125, 5]",Object[][] of Object[],seq_in_seq,"[[1, 2], [3, 4]]","c|c|[1, 1.0, 0],[1, 1.0, 1]|integer|as-sorted,c|[1, 1.0, 2],[1, 1.5, 1]|integer|as-sorted|integer|as-sorted",,REFUSE
A:!=|11|0,double,base_1_5,3ff8000000000000,"[1, 1.5, 0]",null reference,null,null,null,,REFUSE
A:!=|11|1,double,base_1_5,3ff8000000000000,"[1, 1.5, 0]",Optional.empty(),null,null,null,,REFUSE
A:!=|11|2,double,base_1_5,3ff8000000000000,"[1, 1.5, 0]",Void,null,null,null,,REFUSE
A:!=|11|3,double,base_1_5,3ff8000000000000,"[1, 1.5, 0]",boolean,true,true,true,,REFUSE
A:!=|11|4,double,base_1_5,3ff8000000000000,"[1, 1.5, 0]",Boolean,true,true,true,,REFUSE
A:!=|11|10,double,base_1_5,3ff8000000000000,"[1, 1.5, 0]",BigInteger,base_42,2a,"[1, 1.3125, 5]",,REFUSE
A:!=|11|13,double,base_1_5,3ff8000000000000,"[1, 1.5, 0]",BigDecimal,base_1_5,1.5,"[1, 1.5, 0]",,REFUSE
A:!=|11|14,double,base_1_5,3ff8000000000000,"[1, 1.5, 0]",String,base_hello,68656c6c6f,t|68656c6c6f|5|5|5,,REFUSE
A:!=|11|15,double,base_1_5,3ff8000000000000,"[1, 1.5, 0]",char[],base_hello,68656c6c6f,t|68656c6c6f|5|5|5,,REFUSE
A:!=|11|16,double,base_1_5,3ff8000000000000,"[1, 1.5, 0]",StringBuilder,base_hello,68656c6c6f,t|68656c6c6f|5|5|5,,REFUSE
A:!=|11|17,double,base_1_5,3ff8000000000000,"[1, 1.5, 0]",byte[],base_hello,68656c6c6f,t|68656c6c6f|5|5|5,,REFUSE
A:!=|11|18,double,base_1_5,3ff8000000000000,"[1, 1.5, 0]",Object[],base,"[1, 2, 3]","c|[1, 1.0, 0],[1, 1.0, 1],[1, 1.5, 1]|integer|as-sorted",,REFUSE
A:!=|11|19,double,base_1_5,3ff8000000000000,"[1, 1.5, 0]",long[],base,"[1, 2, 3]","c|[1, 1.0, 0],[1, 1.0, 1],[1, 1.5, 1]|integer|as-sorted",,REFUSE
A:!=|11|20,double,base_1_5,3ff8000000000000,"[1, 1.5, 0]",ArrayList<T>,base,"[1, 2, 3]","c|[1, 1.0, 0],[1, 1.0, 1],[1, 1.5, 1]|integer|as-sorted",,REFUSE
A:!=|11|21,double,base_1_5,3ff8000000000000,"[1, 1.5, 0]",List.of(...),base,"[1, 2, 3]","c|[1, 1.0, 0],[1, 1.0, 1],[1, 1.5, 1]|integer|as-sorted",,REFUSE
A:!=|11|22,double,base_1_5,3ff8000000000000,"[1, 1.5, 0]",LinkedList<T>,base,"[1, 2, 3]","c|[1, 1.0, 0],[1, 1.0, 1],[1, 1.5, 1]|integer|as-sorted",,REFUSE
A:!=|11|23,double,base_1_5,3ff8000000000000,"[1, 1.5, 0]",ArrayDeque<T>,base,"[1, 2, 3]","c|[1, 1.0, 0],[1, 1.0, 1],[1, 1.5, 1]|integer|as-sorted",,REFUSE
A:!=|11|24,double,base_1_5,3ff8000000000000,"[1, 1.5, 0]","HashMap<String,V>",flat,"{'a': 1, 'b': 2, 'c': 3}","c|[1, 1.0, 0],[1, 1.0, 1],[1, 1.5, 1]|text|not-applicable",,REFUSE
A:!=|11|25,double,base_1_5,3ff8000000000000,"[1, 1.5, 0]","LinkedHashMap<String,V>",flat,"{'a': 1, 'b': 2, 'c': 3}","c|[1, 1.0, 0],[1, 1.0, 1],[1, 1.5, 1]|text|not-applicable",,REFUSE
A:!=|11|26,double,base_1_5,3ff8000000000000,"[1, 1.5, 0]","TreeMap<String,V>",flat,"{'a': 1, 'b': 2, 'c': 3}","c|[1, 1.0, 0],[1, 1.0, 1],[1, 1.5, 1]|text|not-applicable",,REFUSE
A:!=|11|27,double,base_1_5,3ff8000000000000,"[1, 1.5, 0]",local record,flat,"{'a': 1, 'b': 2, 'c': 3}","c|[1, 1.0, 0],[1, 1.0, 1],[1, 1.5, 1]|text|not-applicable",,REFUSE
A:!=|11|28,double,base_1_5,3ff8000000000000,"[1, 1.5, 0]",local class with fields,flat,"{'a': 1, 'b': 2, 'c': 3}","c|[1, 1.0, 0],[1, 1.0, 1],[1, 1.5, 1]|text|not-applicable",,REFUSE
A:!=|11|29,double,base_1_5,3ff8000000000000,"[1, 1.5, 0]",List<List<Object>>,seq_in_seq,"[[1, 2], [3, 4]]","c|c|[1, 1.0, 0],[1, 1.0, 1]|integer|as-sorted,c|[1, 1.0, 2],[1, 1.5, 1]|integer|as-sorted|integer|as-sorted",,REFUSE
A:!=|11|30,double,base_1_5,3ff8000000000000,"[1, 1.5, 0]","Map<String,Object> nesting",seq_in_seq,"[[1, 2], [3, 4]]","c|c|[1, 1.0, 0],[1, 1.0, 1]|integer|as-sorted,c|[1, 1.0, 2],[1, 1.5, 1]|integer|as-sorted|integer|as-sorted",,REFUSE
A:!=|11|31,double,base_1_5,3ff8000000000000,"[1, 1.5, 0]",Object[][] of Object[],seq_in_seq,"[[1, 2], [3, 4]]","c|c|[1, 1.0, 0],[1, 1.0, 1]|integer|as-sorted,c|[1, 1.0, 2],[1, 1.5, 1]|integer|as-sorted|integer|as-sorted",,REFUSE
A:!=|12|0,float,base_1_5,3fc00000,"[1, 1.5, 0]",null reference,null,null,null,,REFUSE
A:!=|12|1,float,base_1_5,3fc00000,"[1, 1.5, 0]",Optional.empty(),null,null,null,,REFUSE
A:!=|12|2,float,base_1_5,3fc00000,"[1, 1.5, 0]",Void,null,null,null,,REFUSE
A:!=|12|3,float,base_1_5,3fc00000,"[1, 1.5, 0]",boolean,true,true,true,,REFUSE
A:!=|12|4,float,base_1_5,3fc00000,"[1, 1.5, 0]",Boolean,true,true,true,,REFUSE
A:!=|12|10,float,base_1_5,3fc00000,"[1, 1.5, 0]",BigInteger,base_42,2a,"[1, 1.3125, 5]",,REFUSE
A:!=|12|13,float,base_1_5,3fc00000,"[1, 1.5, 0]",BigDecimal,base_1_5,1.5,"[1, 1.5, 0]",,REFUSE
A:!=|12|14,float,base_1_5,3fc00000,"[1, 1.5, 0]",String,base_hello,68656c6c6f,t|68656c6c6f|5|5|5,,REFUSE
A:!=|12|15,float,base_1_5,3fc00000,"[1, 1.5, 0]",char[],base_hello,68656c6c6f,t|68656c6c6f|5|5|5,,REFUSE
A:!=|12|16,float,base_1_5,3fc00000,"[1, 1.5, 0]",StringBuilder,base_hello,68656c6c6f,t|68656c6c6f|5|5|5,,REFUSE
A:!=|12|17,float,base_1_5,3fc00000,"[1, 1.5, 0]",byte[],base_hello,68656c6c6f,t|68656c6c6f|5|5|5,,REFUSE
A:!=|12|18,float,base_1_5,3fc00000,"[1, 1.5, 0]",Object[],base,"[1, 2, 3]","c|[1, 1.0, 0],[1, 1.0, 1],[1, 1.5, 1]|integer|as-sorted",,REFUSE
A:!=|12|19,float,base_1_5,3fc00000,"[1, 1.5, 0]",long[],base,"[1, 2, 3]","c|[1, 1.0, 0],[1, 1.0, 1],[1, 1.5, 1]|integer|as-sorted",,REFUSE
A:!=|12|20,float,base_1_5,3fc00000,"[1, 1.5, 0]",ArrayList<T>,base,"[1, 2, 3]","c|[1, 1.0, 0],[1, 1.0, 1],[1, 1.5, 1]|integer|as-sorted",,REFUSE
A:!=|12|21,float,base_1_5,3fc00000,"[1, 1.5, 0]",List.of(...),base,"[1, 2, 3]","c|[1, 1.0, 0],[1, 1.0, 1],[1, 1.5, 1]|integer|as-sorted",,REFUSE
A:!=|12|22,float,base_1_5,3fc00000,"[1, 1.5, 0]",LinkedList<T>,base,"[1, 2, 3]","c|[1, 1.0, 0],[1, 1.0, 1],[1, 1.5, 1]|integer|as-sorted",,REFUSE
A:!=|12|23,float,base_1_5,3fc00000,"[1, 1.5, 0]",ArrayDeque<T>,base,"[1, 2, 3]","c|[1, 1.0, 0],[1, 1.0, 1],[1, 1.5, 1]|integer|as-sorted",,REFUSE
A:!=|12|24,float,base_1_5,3fc00000,"[1, 1.5, 0]","HashMap<String,V>",flat,"{'a': 1, 'b': 2, 'c': 3}","c|[1, 1.0, 0],[1, 1.0, 1],[1, 1.5, 1]|text|not-applicable",,REFUSE
A:!=|12|25,float,base_1_5,3fc00000,"[1, 1.5, 0]","LinkedHashMap<String,V>",flat,"{'a': 1, 'b': 2, 'c': 3}","c|[1, 1.0, 0],[1, 1.0, 1],[1, 1.5, 1]|text|not-applicable",,REFUSE
A:!=|12|26,float,base_1_5,3fc00000,"[1, 1.5, 0]","TreeMap<String,V>",flat,"{'a': 1, 'b': 2, 'c': 3}","c|[1, 1.0, 0],[1, 1.0, 1],[1, 1.5, 1]|text|not-applicable",,REFUSE
A:!=|12|27,float,base_1_5,3fc00000,"[1, 1.5, 0]",local record,flat,"{'a': 1, 'b': 2, 'c': 3}","c|[1, 1.0, 0],[1, 1.0, 1],[1, 1.5, 1]|text|not-applicable",,REFUSE
A:!=|12|28,float,base_1_5,3fc00000,"[1, 1.5, 0]",local class with fields,flat,"{'a': 1, 'b': 2, 'c': 3}","c|[1, 1.0, 0],[1, 1.0, 1],[1, 1.5, 1]|text|not-applicable",,REFUSE
A:!=|12|29,float,base_1_5,3fc00000,"[1, 1.5, 0]",List<List<Object>>,seq_in_seq,"[[1, 2], [3, 4]]","c|c|[1, 1.0, 0],[1, 1.0, 1]|integer|as-sorted,c|[1, 1.0, 2],[1, 1.5, 1]|integer|as-sorted|integer|as-sorted",,REFUSE
A:!=|12|30,float,base_1_5,3fc00000,"[1, 1.5, 0]","Map<String,Object> nesting",seq_in_seq,"[[1, 2], [3, 4]]","c|c|[1, 1.0, 0],[1, 1.0, 1]|integer|as-sorted,c|[1, 1.0, 2],[1, 1.5, 1]|integer|as-sorted|integer|as-sorted",,REFUSE
A:!=|12|31,float,base_1_5,3fc00000,"[1, 1.5, 0]",Object[][] of Object[],seq_in_seq,"[[1, 2], [3, 4]]","c|c|[1, 1.0, 0],[1, 1.0, 1]|integer|as-sorted,c|[1, 1.0, 2],[1, 1.5, 1]|integer|as-sorted|integer|as-sorted",,REFUSE
A:!=|13|0,BigDecimal,base_1_5,1.5,"[1, 1.5, 0]",null reference,null,null,null,,REFUSE
A:!=|13|1,BigDecimal,base_1_5,1.5,"[1, 1.5, 0]",Optional.empty(),null,null,null,,REFUSE
A:!=|13|2,BigDecimal,base_1_5,1.5,"[1, 1.5, 0]",Void,null,null,null,,REFUSE
A:!=|13|3,BigDecimal,base_1_5,1.5,"[1, 1.5, 0]",boolean,true,true,true,,REFUSE
A:!=|13|4,BigDecimal,base_1_5,1.5,"[1, 1.5, 0]",Boolean,true,true,true,,REFUSE
A:!=|13|5,BigDecimal,base_1_5,1.5,"[1, 1.5, 0]",short,base_42,002a,"[1, 1.3125, 5]",,REFUSE
A:!=|13|6,BigDecimal,base_1_5,1.5,"[1, 1.5, 0]",int,base_42,0000002a,"[1, 1.3125, 5]",,REFUSE
A:!=|13|7,BigDecimal,base_1_5,1.5,"[1, 1.5, 0]",long,base_42,000000000000002a,"[1, 1.3125, 5]",,REFUSE
A:!=|13|8,BigDecimal,base_1_5,1.5,"[1, 1.5, 0]",Integer,base_42,0000002a,"[1, 1.3125, 5]",,REFUSE
A:!=|13|9,BigDecimal,base_1_5,1.5,"[1, 1.5, 0]",Long,base_42,000000000000002a,"[1, 1.3125, 5]",,REFUSE
A:!=|13|10,BigDecimal,base_1_5,1.5,"[1, 1.5, 0]",BigInteger,base_42,2a,"[1, 1.3125, 5]",,REFUSE
A:!=|13|11,BigDecimal,base_1_5,1.5,"[1, 1.5, 0]",double,base_1_5,3ff8000000000000,"[1, 1.5, 0]",,REFUSE
A:!=|13|12,BigDecimal,base_1_5,1.5,"[1, 1.5, 0]",float,base_1_5,3fc00000,"[1, 1.5, 0]",,REFUSE
A:!=|13|14,BigDecimal,base_1_5,1.5,"[1, 1.5, 0]",String,base_hello,68656c6c6f,t|68656c6c6f|5|5|5,,REFUSE
A:!=|13|15,BigDecimal,base_1_5,1.5,"[1, 1.5, 0]",char[],base_hello,68656c6c6f,t|68656c6c6f|5|5|5,,REFUSE
A:!=|13|16,BigDecimal,base_1_5,1.5,"[1, 1.5, 0]",StringBuilder,base_hello,68656c6c6f,t|68656c6c6f|5|5|5,,REFUSE
A:!=|13|17,BigDecimal,base_1_5,1.5,"[1, 1.5, 0]",byte[],base_hello,68656c6c6f,t|68656c6c6f|5|5|5,,REFUSE
A:!=|13|18,BigDecimal,base_1_5,1.5,"[1, 1.5, 0]",Object[],base,"[1, 2, 3]","c|[1, 1.0, 0],[1, 1.0, 1],[1, 1.5, 1]|integer|as-sorted",,REFUSE
A:!=|13|19,BigDecimal,base_1_5,1.5,"[1, 1.5, 0]",long[],base,"[1, 2, 3]","c|[1, 1.0, 0],[1, 1.0, 1],[1, 1.5, 1]|integer|as-sorted",,REFUSE
A:!=|13|20,BigDecimal,base_1_5,1.5,"[1, 1.5, 0]",ArrayList<T>,base,"[1, 2, 3]","c|[1, 1.0, 0],[1, 1.0, 1],[1, 1.5, 1]|integer|as-sorted",,REFUSE
A:!=|13|22,BigDecimal,base_1_5,1.5,"[1, 1.5, 0]",LinkedList<T>,base,"[1, 2, 3]","c|[1, 1.0, 0],[1, 1.0, 1],[1, 1.5, 1]|integer|as-sorted",,REFUSE
A:!=|13|23,BigDecimal,base_1_5,1.5,"[1, 1.5, 0]",ArrayDeque<T>,base,"[1, 2, 3]","c|[1, 1.0, 0],[1, 1.0, 1],[1, 1.5, 1]|integer|as-sorted",,REFUSE
A:!=|13|24,BigDecimal,base_1_5,1.5,"[1, 1.5, 0]","HashMap<String,V>",flat,"{'a': 1, 'b': 2, 'c': 3}","c|[1, 1.0, 0],[1, 1.0, 1],[1, 1.5, 1]|text|not-applicable",,REFUSE
A:!=|13|25,BigDecimal,base_1_5,1.5,"[1, 1.5, 0]","LinkedHashMap<String,V>",flat,"{'a': 1, 'b': 2, 'c': 3}","c|[1, 1.0, 0],[1, 1.0, 1],[1, 1.5, 1]|text|not-applicable",,REFUSE
A:!=|13|26,BigDecimal,base_1_5,1.5,"[1, 1.5, 0]","TreeMap<String,V>",flat,"{'a': 1, 'b': 2, 'c': 3}","c|[1, 1.0, 0],[1, 1.0, 1],[1, 1.5, 1]|text|not-applicable",,REFUSE
A:!=|13|27,BigDecimal,base_1_5,1.5,"[1, 1.5, 0]",local record,flat,"{'a': 1, 'b': 2, 'c': 3}","c|[1, 1.0, 0],[1, 1.0, 1],[1, 1.5, 1]|text|not-applicable",,REFUSE
A:!=|13|28,BigDecimal,base_1_5,1.5,"[1, 1.5, 0]",local class with fields,flat,"{'a': 1, 'b': 2, 'c': 3}","c|[1, 1.0, 0],[1, 1.0, 1],[1, 1.5, 1]|text|not-applicable",,REFUSE
A:!=|13|31,BigDecimal,base_1_5,1.5,"[1, 1.5, 0]",Object[][] of Object[],seq_in_seq,"[[1, 2], [3, 4]]","c|c|[1, 1.0, 0],[1, 1.0, 1]|integer|as-sorted,c|[1, 1.0, 2],[1, 1.5, 1]|integer|as-sorted|integer|as-sorted",,REFUSE
A:!=|14|1,String,base_hello,68656c6c6f,t|68656c6c6f|5|5|5,Optional.empty(),null,null,null,,REFUSE
A:!=|14|2,String,base_hello,68656c6c6f,t|68656c6c6f|5|5|5,Void,null,null,null,,REFUSE
A:!=|14|3,String,base_hello,68656c6c6f,t|68656c6c6f|5|5|5,boolean,true,true,true,,REFUSE
A:!=|14|4,String,base_hello,68656c6c6f,t|68656c6c6f|5|5|5,Boolean,true,true,true,,REFUSE
A:!=|14|5,String,base_hello,68656c6c6f,t|68656c6c6f|5|5|5,short,base_42,002a,"[1, 1.3125, 5]",,REFUSE
A:!=|14|6,String,base_hello,68656c6c6f,t|68656c6c6f|5|5|5,int,base_42,0000002a,"[1, 1.3125, 5]",,REFUSE
A:!=|14|7,String,base_hello,68656c6c6f,t|68656c6c6f|5|5|5,long,base_42,000000000000002a,"[1, 1.3125, 5]",,REFUSE
A:!=|14|8,String,base_hello,68656c6c6f,t|68656c6c6f|5|5|5,Integer,base_42,0000002a,"[1, 1.3125, 5]",,REFUSE
A:!=|14|9,String,base_hello,68656c6c6f,t|68656c6c6f|5|5|5,Long,base_42,000000000000002a,"[1, 1.3125, 5]",,REFUSE
A:!=|14|10,String,base_hello,68656c6c6f,t|68656c6c6f|5|5|5,BigInteger,base_42,2a,"[1, 1.3125, 5]",,REFUSE
A:!=|14|11,String,base_hello,68656c6c6f,t|68656c6c6f|5|5|5,double,base_1_5,3ff8000000000000,"[1, 1.5, 0]",,REFUSE
A:!=|14|12,String,base_hello,68656c6c6f,t|68656c6c6f|5|5|5,float,base_1_5,3fc00000,"[1, 1.5, 0]",,REFUSE
A:!=|14|13,String,base_hello,68656c6c6f,t|68656c6c6f|5|5|5,BigDecimal,base_1_5,1.5,"[1, 1.5, 0]",,REFUSE
A:!=|14|15,String,base_hello,68656c6c6f,t|68656c6c6f|5|5|5,char[],base_hello,68656c6c6f,t|68656c6c6f|5|5|5,,REFUSE
A:!=|14|16,String,base_hello,68656c6c6f,t|68656c6c6f|5|5|5,StringBuilder,base_hello,68656c6c6f,t|68656c6c6f|5|5|5,,REFUSE
A:!=|14|17,String,base_hello,68656c6c6f,t|68656c6c6f|5|5|5,byte[],base_hello,68656c6c6f,t|68656c6c6f|5|5|5,,REFUSE
A:!=|14|18,String,base_hello,68656c6c6f,t|68656c6c6f|5|5|5,Object[],base,"[1, 2, 3]","c|[1, 1.0, 0],[1, 1.0, 1],[1, 1.5, 1]|integer|as-sorted",,REFUSE
A:!=|14|19,String,base_hello,68656c6c6f,t|68656c6c6f|5|5|5,long[],base,"[1, 2, 3]","c|[1, 1.0, 0],[1, 1.0, 1],[1, 1.5, 1]|integer|as-sorted",,REFUSE
A:!=|14|20,String,base_hello,68656c6c6f,t|68656c6c6f|5|5|5,ArrayList<T>,base,"[1, 2, 3]","c|[1, 1.0, 0],[1, 1.0, 1],[1, 1.5, 1]|integer|as-sorted",,REFUSE
A:!=|14|21,String,base_hello,68656c6c6f,t|68656c6c6f|5|5|5,List.of(...),base,"[1, 2, 3]","c|[1, 1.0, 0],[1, 1.0, 1],[1, 1.5, 1]|integer|as-sorted",,REFUSE
A:!=|14|22,String,base_hello,68656c6c6f,t|68656c6c6f|5|5|5,LinkedList<T>,base,"[1, 2, 3]","c|[1, 1.0, 0],[1, 1.0, 1],[1, 1.5, 1]|integer|as-sorted",,REFUSE
A:!=|14|23,String,base_hello,68656c6c6f,t|68656c6c6f|5|5|5,ArrayDeque<T>,base,"[1, 2, 3]","c|[1, 1.0, 0],[1, 1.0, 1],[1, 1.5, 1]|integer|as-sorted",,REFUSE
A:!=|14|24,String,base_hello,68656c6c6f,t|68656c6c6f|5|5|5,"HashMap<String,V>",flat,"{'a': 1, 'b': 2, 'c': 3}","c|[1, 1.0, 0],[1, 1.0, 1],[1, 1.5, 1]|text|not-applicable",,REFUSE
A:!=|14|25,String,base_hello,68656c6c6f,t|68656c6c6f|5|5|5,"LinkedHashMap<String,V>",flat,"{'a': 1, 'b': 2, 'c': 3}","c|[1, 1.0, 0],[1, 1.0, 1],[1, 1.5, 1]|text|not-applicable",,REFUSE
A:!=|14|26,String,base_hello,68656c6c6f,t|68656c6c6f|5|5|5,"TreeMap<String,V>",flat,"{'a': 1, 'b': 2, 'c': 3}","c|[1, 1.0, 0],[1, 1.0, 1],[1, 1.5, 1]|text|not-applicable",,REFUSE
A:!=|14|27,String,base_hello,68656c6c6f,t|68656c6c6f|5|5|5,local record,flat,"{'a': 1, 'b': 2, 'c': 3}","c|[1, 1.0, 0],[1, 1.0, 1],[1, 1.5, 1]|text|not-applicable",,REFUSE
A:!=|14|28,String,base_hello,68656c6c6f,t|68656c6c6f|5|5|5,local class with fields,flat,"{'a': 1, 'b': 2, 'c': 3}","c|[1, 1.0, 0],[1, 1.0, 1],[1, 1.5, 1]|text|not-applicable",,REFUSE
A:!=|14|29,String,base_hello,68656c6c6f,t|68656c6c6f|5|5|5,List<List<Object>>,seq_in_seq,"[[1, 2], [3, 4]]","c|c|[1, 1.0, 0],[1, 1.0, 1]|integer|as-sorted,c|[1, 1.0, 2],[1, 1.5, 1]|integer|as-sorted|integer|as-sorted",,REFUSE
A:!=|14|30,String,base_hello,68656c6c6f,t|68656c6c6f|5|5|5,"Map<String,Object> nesting",seq_in_seq,"[[1, 2], [3, 4]]","c|c|[1, 1.0, 0],[1, 1.0, 1]|integer|as-sorted,c|[1, 1.0, 2],[1, 1.5, 1]|integer|as-sorted|integer|as-sorted",,REFUSE
A:!=|14|31,String,base_hello,68656c6c6f,t|68656c6c6f|5|5|5,Object[][] of Object[],seq_in_seq,"[[1, 2], [3, 4]]","c|c|[1, 1.0, 0],[1, 1.0, 1]|integer|as-sorted,c|[1, 1.0, 2],[1, 1.5, 1]|integer|as-sorted|integer|as-sorted",,REFUSE
A:!=|15|0,char[],base_hello,68656c6c6f,t|68656c6c6f|5|5|5,null reference,null,null,null,,REFUSE
A:!=|15|1,char[],base_hello,68656c6c6f,t|68656c6c6f|5|5|5,Optional.empty(),null,null,null,,REFUSE
A:!=|15|2,char[],base_hello,68656c6c6f,t|68656c6c6f|5|5|5,Void,null,null,null,,REFUSE
A:!=|15|3,char[],base_hello,68656c6c6f,t|68656c6c6f|5|5|5,boolean,true,true,true,,REFUSE
A:!=|15|4,char[],base_hello,68656c6c6f,t|68656c6c6f|5|5|5,Boolean,true,true,true,,REFUSE
A:!=|15|5,char[],base_hello,68656c6c6f,t|68656c6c6f|5|5|5,short,base_42,002a,"[1, 1.3125, 5]",,REFUSE
A:!=|15|6,char[],base_hello,68656c6c6f,t|68656c6c6f|5|5|5,int,base_42,0000002a,"[1, 1.3125, 5]",,REFUSE
A:!=|15|7,char[],base_hello,68656c6c6f,t|68656c6c6f|5|5|5,long,base_42,000000000000002a,"[1, 1.3125, 5]",,REFUSE
A:!=|15|8,char[],base_hello,68656c6c6f,t|68656c6c6f|5|5|5,Integer,base_42,0000002a,"[1, 1.3125, 5]",,REFUSE
A:!=|15|9,char[],base_hello,68656c6c6f,t|68656c6c6f|5|5|5,Long,base_42,000000000000002a,"[1, 1.3125, 5]",,REFUSE
A:!=|15|10,char[],base_hello,68656c6c6f,t|68656c6c6f|5|5|5,BigInteger,base_42,2a,"[1, 1.3125, 5]",,REFUSE
A:!=|15|11,char[],base_hello,68656c6c6f,t|68656c6c6f|5|5|5,double,base_1_5,3ff8000000000000,"[1, 1.5, 0]",,REFUSE
A:!=|15|12,char[],base_hello,68656c6c6f,t|68656c6c6f|5|5|5,float,base_1_5,3fc00000,"[1, 1.5, 0]",,REFUSE
A:!=|15|13,char[],base_hello,68656c6c6f,t|68656c6c6f|5|5|5,BigDecimal,base_1_5,1.5,"[1, 1.5, 0]",,REFUSE
A:!=|15|14,char[],base_hello,68656c6c6f,t|68656c6c6f|5|5|5,String,base_hello,68656c6c6f,t|68656c6c6f|5|5|5,,REFUSE
A:!=|15|16,char[],base_hello,68656c6c6f,t|68656c6c6f|5|5|5,StringBuilder,base_hello,68656c6c6f,t|68656c6c6f|5|5|5,,REFUSE
A:!=|15|17,char[],base_hello,68656c6c6f,t|68656c6c6f|5|5|5,byte[],base_hello,68656c6c6f,t|68656c6c6f|5|5|5,,REFUSE
A:!=|15|18,char[],base_hello,68656c6c6f,t|68656c6c6f|5|5|5,Object[],base,"[1, 2, 3]","c|[1, 1.0, 0],[1, 1.0, 1],[1, 1.5, 1]|integer|as-sorted",,REFUSE
A:!=|15|19,char[],base_hello,68656c6c6f,t|68656c6c6f|5|5|5,long[],base,"[1, 2, 3]","c|[1, 1.0, 0],[1, 1.0, 1],[1, 1.5, 1]|integer|as-sorted",,REFUSE
A:!=|15|20,char[],base_hello,68656c6c6f,t|68656c6c6f|5|5|5,ArrayList<T>,base,"[1, 2, 3]","c|[1, 1.0, 0],[1, 1.0, 1],[1, 1.5, 1]|integer|as-sorted",,REFUSE
A:!=|15|21,char[],base_hello,68656c6c6f,t|68656c6c6f|5|5|5,List.of(...),base,"[1, 2, 3]","c|[1, 1.0, 0],[1, 1.0, 1],[1, 1.5, 1]|integer|as-sorted",,REFUSE
A:!=|15|22,char[],base_hello,68656c6c6f,t|68656c6c6f|5|5|5,LinkedList<T>,base,"[1, 2, 3]","c|[1, 1.0, 0],[1, 1.0, 1],[1, 1.5, 1]|integer|as-sorted",,REFUSE
A:!=|15|23,char[],base_hello,68656c6c6f,t|68656c6c6f|5|5|5,ArrayDeque<T>,base,"[1, 2, 3]","c|[1, 1.0, 0],[1, 1.0, 1],[1, 1.5, 1]|integer|as-sorted",,REFUSE
A:!=|15|24,char[],base_hello,68656c6c6f,t|68656c6c6f|5|5|5,"HashMap<String,V>",flat,"{'a': 1, 'b': 2, 'c': 3}","c|[1, 1.0, 0],[1, 1.0, 1],[1, 1.5, 1]|text|not-applicable",,REFUSE
A:!=|15|25,char[],base_hello,68656c6c6f,t|68656c6c6f|5|5|5,"LinkedHashMap<String,V>",flat,"{'a': 1, 'b': 2, 'c': 3}","c|[1, 1.0, 0],[1, 1.0, 1],[1, 1.5, 1]|text|not-applicable",,REFUSE
A:!=|15|26,char[],base_hello,68656c6c6f,t|68656c6c6f|5|5|5,"TreeMap<String,V>",flat,"{'a': 1, 'b': 2, 'c': 3}","c|[1, 1.0, 0],[1, 1.0, 1],[1, 1.5, 1]|text|not-applicable",,REFUSE
A:!=|15|27,char[],base_hello,68656c6c6f,t|68656c6c6f|5|5|5,local record,flat,"{'a': 1, 'b': 2, 'c': 3}","c|[1, 1.0, 0],[1, 1.0, 1],[1, 1.5, 1]|text|not-applicable",,REFUSE
A:!=|15|28,char[],base_hello,68656c6c6f,t|68656c6c6f|5|5|5,local class with fields,flat,"{'a': 1, 'b': 2, 'c': 3}","c|[1, 1.0, 0],[1, 1.0, 1],[1, 1.5, 1]|text|not-applicable",,REFUSE
A:!=|15|29,char[],base_hello,68656c6c6f,t|68656c6c6f|5|5|5,List<List<Object>>,seq_in_seq,"[[1, 2], [3, 4]]","c|c|[1, 1.0, 0],[1, 1.0, 1]|integer|as-sorted,c|[1, 1.0, 2],[1, 1.5, 1]|integer|as-sorted|integer|as-sorted",,REFUSE
A:!=|15|30,char[],base_hello,68656c6c6f,t|68656c6c6f|5|5|5,"Map<String,Object> nesting",seq_in_seq,"[[1, 2], [3, 4]]","c|c|[1, 1.0, 0],[1, 1.0, 1]|integer|as-sorted,c|[1, 1.0, 2],[1, 1.5, 1]|integer|as-sorted|integer|as-sorted",,REFUSE
A:!=|15|31,char[],base_hello,68656c6c6f,t|68656c6c6f|5|5|5,Object[][] of Object[],seq_in_seq,"[[1, 2], [3, 4]]","c|c|[1, 1.0, 0],[1, 1.0, 1]|integer|as-sorted,c|[1, 1.0, 2],[1, 1.5, 1]|integer|as-sorted|integer|as-sorted",,REFUSE
A:!=|16|0,StringBuilder,base_hello,68656c6c6f,t|68656c6c6f|5|5|5,null reference,null,null,null,,REFUSE
A:!=|16|1,StringBuilder,base_hello,68656c6c6f,t|68656c6c6f|5|5|5,Optional.empty(),null,null,null,,REFUSE
A:!=|16|2,StringBuilder,base_hello,68656c6c6f,t|68656c6c6f|5|5|5,Void,null,null,null,,REFUSE
A:!=|16|3,StringBuilder,base_hello,68656c6c6f,t|68656c6c6f|5|5|5,boolean,true,true,true,,REFUSE
A:!=|16|4,StringBuilder,base_hello,68656c6c6f,t|68656c6c6f|5|5|5,Boolean,true,true,true,,REFUSE
A:!=|16|5,StringBuilder,base_hello,68656c6c6f,t|68656c6c6f|5|5|5,short,base_42,002a,"[1, 1.3125, 5]",,REFUSE
A:!=|16|6,StringBuilder,base_hello,68656c6c6f,t|68656c6c6f|5|5|5,int,base_42,0000002a,"[1, 1.3125, 5]",,REFUSE
A:!=|16|7,StringBuilder,base_hello,68656c6c6f,t|68656c6c6f|5|5|5,long,base_42,000000000000002a,"[1, 1.3125, 5]",,REFUSE
A:!=|16|8,StringBuilder,base_hello,68656c6c6f,t|68656c6c6f|5|5|5,Integer,base_42,0000002a,"[1, 1.3125, 5]",,REFUSE
A:!=|16|9,StringBuilder,base_hello,68656c6c6f,t|68656c6c6f|5|5|5,Long,base_42,000000000000002a,"[1, 1.3125, 5]",,REFUSE
A:!=|16|10,StringBuilder,base_hello,68656c6c6f,t|68656c6c6f|5|5|5,BigInteger,base_42,2a,"[1, 1.3125, 5]",,REFUSE
A:!=|16|11,StringBuilder,base_hello,68656c6c6f,t|68656c6c6f|5|5|5,double,base_1_5,3ff8000000000000,"[1, 1.5, 0]",,REFUSE
A:!=|16|12,StringBuilder,base_hello,68656c6c6f,t|68656c6c6f|5|5|5,float,base_1_5,3fc00000,"[1, 1.5, 0]",,REFUSE
A:!=|16|13,StringBuilder,base_hello,68656c6c6f,t|68656c6c6f|5|5|5,BigDecimal,base_1_5,1.5,"[1, 1.5, 0]",,REFUSE
A:!=|16|14,StringBuilder,base_hello,68656c6c6f,t|68656c6c6f|5|5|5,String,base_hello,68656c6c6f,t|68656c6c6f|5|5|5,,REFUSE
A:!=|16|15,StringBuilder,base_hello,68656c6c6f,t|68656c6c6f|5|5|5,char[],base_hello,68656c6c6f,t|68656c6c6f|5|5|5,,REFUSE
A:!=|16|17,StringBuilder,base_hello,68656c6c6f,t|68656c6c6f|5|5|5,byte[],base_hello,68656c6c6f,t|68656c6c6f|5|5|5,,REFUSE
A:!=|16|18,StringBuilder,base_hello,68656c6c6f,t|68656c6c6f|5|5|5,Object[],base,"[1, 2, 3]","c|[1, 1.0, 0],[1, 1.0, 1],[1, 1.5, 1]|integer|as-sorted",,REFUSE
A:!=|16|19,StringBuilder,base_hello,68656c6c6f,t|68656c6c6f|5|5|5,long[],base,"[1, 2, 3]","c|[1, 1.0, 0],[1, 1.0, 1],[1, 1.5, 1]|integer|as-sorted",,REFUSE
A:!=|16|20,StringBuilder,base_hello,68656c6c6f,t|68656c6c6f|5|5|5,ArrayList<T>,base,"[1, 2, 3]","c|[1, 1.0, 0],[1, 1.0, 1],[1, 1.5, 1]|integer|as-sorted",,REFUSE
A:!=|16|21,StringBuilder,base_hello,68656c6c6f,t|68656c6c6f|5|5|5,List.of(...),base,"[1, 2, 3]","c|[1, 1.0, 0],[1, 1.0, 1],[1, 1.5, 1]|integer|as-sorted",,REFUSE
A:!=|16|22,StringBuilder,base_hello,68656c6c6f,t|68656c6c6f|5|5|5,LinkedList<T>,base,"[1, 2, 3]","c|[1, 1.0, 0],[1, 1.0, 1],[1, 1.5, 1]|integer|as-sorted",,REFUSE
A:!=|16|23,StringBuilder,base_hello,68656c6c6f,t|68656c6c6f|5|5|5,ArrayDeque<T>,base,"[1, 2, 3]","c|[1, 1.0, 0],[1, 1.0, 1],[1, 1.5, 1]|integer|as-sorted",,REFUSE
A:!=|16|24,StringBuilder,base_hello,68656c6c6f,t|68656c6c6f|5|5|5,"HashMap<String,V>",flat,"{'a': 1, 'b': 2, 'c': 3}","c|[1, 1.0, 0],[1, 1.0, 1],[1, 1.5, 1]|text|not-applicable",,REFUSE
A:!=|16|25,StringBuilder,base_hello,68656c6c6f,t|68656c6c6f|5|5|5,"LinkedHashMap<String,V>",flat,"{'a': 1, 'b': 2, 'c': 3}","c|[1, 1.0, 0],[1, 1.0, 1],[1, 1.5, 1]|text|not-applicable",,REFUSE
A:!=|16|26,StringBuilder,base_hello,68656c6c6f,t|68656c6c6f|5|5|5,"TreeMap<String,V>",flat,"{'a': 1, 'b': 2, 'c': 3}","c|[1, 1.0, 0],[1, 1.0, 1],[1, 1.5, 1]|text|not-applicable",,REFUSE
A:!=|16|27,StringBuilder,base_hello,68656c6c6f,t|68656c6c6f|5|5|5,local record,flat,"{'a': 1, 'b': 2, 'c': 3}","c|[1, 1.0, 0],[1, 1.0, 1],[1, 1.5, 1]|text|not-applicable",,REFUSE
A:!=|16|28,StringBuilder,base_hello,68656c6c6f,t|68656c6c6f|5|5|5,local class with fields,flat,"{'a': 1, 'b': 2, 'c': 3}","c|[1, 1.0, 0],[1, 1.0, 1],[1, 1.5, 1]|text|not-applicable",,REFUSE
A:!=|16|29,StringBuilder,base_hello,68656c6c6f,t|68656c6c6f|5|5|5,List<List<Object>>,seq_in_seq,"[[1, 2], [3, 4]]","c|c|[1, 1.0, 0],[1, 1.0, 1]|integer|as-sorted,c|[1, 1.0, 2],[1, 1.5, 1]|integer|as-sorted|integer|as-sorted",,REFUSE
A:!=|16|30,StringBuilder,base_hello,68656c6c6f,t|68656c6c6f|5|5|5,"Map<String,Object> nesting",seq_in_seq,"[[1, 2], [3, 4]]","c|c|[1, 1.0, 0],[1, 1.0, 1]|integer|as-sorted,c|[1, 1.0, 2],[1, 1.5, 1]|integer|as-sorted|integer|as-sorted",,REFUSE
A:!=|16|31,StringBuilder,base_hello,68656c6c6f,t|68656c6c6f|5|5|5,Object[][] of Object[],seq_in_seq,"[[1, 2], [3, 4]]","c|c|[1, 1.0, 0],[1, 1.0, 1]|integer|as-sorted,c|[1, 1.0, 2],[1, 1.5, 1]|integer|as-sorted|integer|as-sorted",,REFUSE
A:!=|17|0,byte[],base_hello,68656c6c6f,t|68656c6c6f|5|5|5,null reference,null,null,null,,REFUSE
A:!=|17|1,byte[],base_hello,68656c6c6f,t|68656c6c6f|5|5|5,Optional.empty(),null,null,null,,REFUSE
A:!=|17|2,byte[],base_hello,68656c6c6f,t|68656c6c6f|5|5|5,Void,null,null,null,,REFUSE
A:!=|17|3,byte[],base_hello,68656c6c6f,t|68656c6c6f|5|5|5,boolean,true,true,true,,REFUSE
A:!=|17|4,byte[],base_hello,68656c6c6f,t|68656c6c6f|5|5|5,Boolean,true,true,true,,REFUSE
A:!=|17|5,byte[],base_hello,68656c6c6f,t|68656c6c6f|5|5|5,short,base_42,002a,"[1, 1.3125, 5]",,REFUSE
A:!=|17|6,byte[],base_hello,68656c6c6f,t|68656c6c6f|5|5|5,int,base_42,0000002a,"[1, 1.3125, 5]",,REFUSE
A:!=|17|7,byte[],base_hello,68656c6c6f,t|68656c6c6f|5|5|5,long,base_42,000000000000002a,"[1, 1.3125, 5]",,REFUSE
A:!=|17|8,byte[],base_hello,68656c6c6f,t|68656c6c6f|5|5|5,Integer,base_42,0000002a,"[1, 1.3125, 5]",,REFUSE
A:!=|17|9,byte[],base_hello,68656c6c6f,t|68656c6c6f|5|5|5,Long,base_42,000000000000002a,"[1, 1.3125, 5]",,REFUSE
A:!=|17|10,byte[],base_hello,68656c6c6f,t|68656c6c6f|5|5|5,BigInteger,base_42,2a,"[1, 1.3125, 5]",,REFUSE
A:!=|17|11,byte[],base_hello,68656c6c6f,t|68656c6c6f|5|5|5,double,base_1_5,3ff8000000000000,"[1, 1.5, 0]",,REFUSE
A:!=|17|12,byte[],base_hello,68656c6c6f,t|68656c6c6f|5|5|5,float,base_1_5,3fc00000,"[1, 1.5, 0]",,REFUSE
A:!=|17|13,byte[],base_hello,68656c6c6f,t|68656c6c6f|5|5|5,BigDecimal,base_1_5,1.5,"[1, 1.5, 0]",,REFUSE
A:!=|17|14,byte[],base_hello,68656c6c6f,t|68656c6c6f|5|5|5,String,base_hello,68656c6c6f,t|68656c6c6f|5|5|5,,REFUSE
A:!=|17|15,byte[],base_hello,68656c6c6f,t|68656c6c6f|5|5|5,char[],base_hello,68656c6c6f,t|68656c6c6f|5|5|5,,REFUSE
A:!=|17|16,byte[],base_hello,68656c6c6f,t|68656c6c6f|5|5|5,StringBuilder,base_hello,68656c6c6f,t|68656c6c6f|5|5|5,,REFUSE
A:!=|17|18,byte[],base_hello,68656c6c6f,t|68656c6c6f|5|5|5,Object[],base,"[1, 2, 3]","c|[1, 1.0, 0],[1, 1.0, 1],[1, 1.5, 1]|integer|as-sorted",,REFUSE
A:!=|17|19,byte[],base_hello,68656c6c6f,t|68656c6c6f|5|5|5,long[],base,"[1, 2, 3]","c|[1, 1.0, 0],[1, 1.0, 1],[1, 1.5, 1]|integer|as-sorted",,REFUSE
A:!=|17|20,byte[],base_hello,68656c6c6f,t|68656c6c6f|5|5|5,ArrayList<T>,base,"[1, 2, 3]","c|[1, 1.0, 0],[1, 1.0, 1],[1, 1.5, 1]|integer|as-sorted",,REFUSE
A:!=|17|21,byte[],base_hello,68656c6c6f,t|68656c6c6f|5|5|5,List.of(...),base,"[1, 2, 3]","c|[1, 1.0, 0],[1, 1.0, 1],[1, 1.5, 1]|integer|as-sorted",,REFUSE
A:!=|17|22,byte[],base_hello,68656c6c6f,t|68656c6c6f|5|5|5,LinkedList<T>,base,"[1, 2, 3]","c|[1, 1.0, 0],[1, 1.0, 1],[1, 1.5, 1]|integer|as-sorted",,REFUSE
A:!=|17|23,byte[],base_hello,68656c6c6f,t|68656c6c6f|5|5|5,ArrayDeque<T>,base,"[1, 2, 3]","c|[1, 1.0, 0],[1, 1.0, 1],[1, 1.5, 1]|integer|as-sorted",,REFUSE
A:!=|17|24,byte[],base_hello,68656c6c6f,t|68656c6c6f|5|5|5,"HashMap<String,V>",flat,"{'a': 1, 'b': 2, 'c': 3}","c|[1, 1.0, 0],[1, 1.0, 1],[1, 1.5, 1]|text|not-applicable",,REFUSE
A:!=|17|25,byte[],base_hello,68656c6c6f,t|68656c6c6f|5|5|5,"LinkedHashMap<String,V>",flat,"{'a': 1, 'b': 2, 'c': 3}","c|[1, 1.0, 0],[1, 1.0, 1],[1, 1.5, 1]|text|not-applicable",,REFUSE
A:!=|17|26,byte[],base_hello,68656c6c6f,t|68656c6c6f|5|5|5,"TreeMap<String,V>",flat,"{'a': 1, 'b': 2, 'c': 3}","c|[1, 1.0, 0],[1, 1.0, 1],[1, 1.5, 1]|text|not-applicable",,REFUSE
A:!=|17|27,byte[],base_hello,68656c6c6f,t|68656c6c6f|5|5|5,local record,flat,"{'a': 1, 'b': 2, 'c': 3}","c|[1, 1.0, 0],[1, 1.0, 1],[1, 1.5, 1]|text|not-applicable",,REFUSE
A:!=|17|28,byte[],base_hello,68656c6c6f,t|68656c6c6f|5|5|5,local class with fields,flat,"{'a': 1, 'b': 2, 'c': 3}","c|[1, 1.0, 0],[1, 1.0, 1],[1, 1.5, 1]|text|not-applicable",,REFUSE
A:!=|17|29,byte[],base_hello,68656c6c6f,t|68656c6c6f|5|5|5,List<List<Object>>,seq_in_seq,"[[1, 2], [3, 4]]","c|c|[1, 1.0, 0],[1, 1.0, 1]|integer|as-sorted,c|[1, 1.0, 2],[1, 1.5, 1]|integer|as-sorted|integer|as-sorted",,REFUSE
A:!=|17|30,byte[],base_hello,68656c6c6f,t|68656c6c6f|5|5|5,"Map<String,Object> nesting",seq_in_seq,"[[1, 2], [3, 4]]","c|c|[1, 1.0, 0],[1, 1.0, 1]|integer|as-sorted,c|[1, 1.0, 2],[1, 1.5, 1]|integer|as-sorted|integer|as-sorted",,REFUSE
A:!=|17|31,byte[],base_hello,68656c6c6f,t|68656c6c6f|5|5|5,Object[][] of Object[],seq_in_seq,"[[1, 2], [3, 4]]","c|c|[1, 1.0, 0],[1, 1.0, 1]|integer|as-sorted,c|[1, 1.0, 2],[1, 1.5, 1]|integer|as-sorted|integer|as-sorted",,REFUSE
A:!=|18|0,Object[],base,"[1, 2, 3]","c|[1, 1.0, 0],[1, 1.0, 1],[1, 1.5, 1]|integer|as-sorted",null reference,null,null,null,,REFUSE
A:!=|18|1,Object[],base,"[1, 2, 3]","c|[1, 1.0, 0],[1, 1.0, 1],[1, 1.5, 1]|integer|as-sorted",Optional.empty(),null,null,null,,REFUSE
A:!=|18|2,Object[],base,"[1, 2, 3]","c|[1, 1.0, 0],[1, 1.0, 1],[1, 1.5, 1]|integer|as-sorted",Void,null,null,null,,REFUSE
A:!=|18|3,Object[],base,"[1, 2, 3]","c|[1, 1.0, 0],[1, 1.0, 1],[1, 1.5, 1]|integer|as-sorted",boolean,true,true,true,,REFUSE
A:!=|18|4,Object[],base,"[1, 2, 3]","c|[1, 1.0, 0],[1, 1.0, 1],[1, 1.5, 1]|integer|as-sorted",Boolean,true,true,true,,REFUSE
A:!=|18|5,Object[],base,"[1, 2, 3]","c|[1, 1.0, 0],[1, 1.0, 1],[1, 1.5, 1]|integer|as-sorted",short,base_42,002a,"[1, 1.3125, 5]",,REFUSE
A:!=|18|6,Object[],base,"[1, 2, 3]","c|[1, 1.0, 0],[1, 1.0, 1],[1, 1.5, 1]|integer|as-sorted",int,base_42,0000002a,"[1, 1.3125, 5]",,REFUSE
A:!=|18|7,Object[],base,"[1, 2, 3]","c|[1, 1.0, 0],[1, 1.0, 1],[1, 1.5, 1]|integer|as-sorted",long,base_42,000000000000002a,"[1, 1.3125, 5]",,REFUSE
A:!=|18|8,Object[],base,"[1, 2, 3]","c|[1, 1.0, 0],[1, 1.0, 1],[1, 1.5, 1]|integer|as-sorted",Integer,base_42,0000002a,"[1, 1.3125, 5]",,REFUSE
A:!=|18|9,Object[],base,"[1, 2, 3]","c|[1, 1.0, 0],[1, 1.0, 1],[1, 1.5, 1]|integer|as-sorted",Long,base_42,000000000000002a,"[1, 1.3125, 5]",,REFUSE
A:!=|18|10,Object[],base,"[1, 2, 3]","c|[1, 1.0, 0],[1, 1.0, 1],[1, 1.5, 1]|integer|as-sorted",BigInteger,base_42,2a,"[1, 1.3125, 5]",,REFUSE
A:!=|18|11,Object[],base,"[1, 2, 3]","c|[1, 1.0, 0],[1, 1.0, 1],[1, 1.5, 1]|integer|as-sorted",double,base_1_5,3ff8000000000000,"[1, 1.5, 0]",,REFUSE
A:!=|18|12,Object[],base,"[1, 2, 3]","c|[1, 1.0, 0],[1, 1.0, 1],[1, 1.5, 1]|integer|as-sorted",float,base_1_5,3fc00000,"[1, 1.5, 0]",,REFUSE
A:!=|18|13,Object[],base,"[1, 2, 3]","c|[1, 1.0, 0],[1, 1.0, 1],[1, 1.5, 1]|integer|as-sorted",BigDecimal,base_1_5,1.5,"[1, 1.5, 0]",,REFUSE
A:!=|18|14,Object[],base,"[1, 2, 3]","c|[1, 1.0, 0],[1, 1.0, 1],[1, 1.5, 1]|integer|as-sorted",String,base_hello,68656c6c6f,t|68656c6c6f|5|5|5,,REFUSE
A:!=|18|15,Object[],base,"[1, 2, 3]","c|[1, 1.0, 0],[1, 1.0, 1],[1, 1.5, 1]|integer|as-sorted",char[],base_hello,68656c6c6f,t|68656c6c6f|5|5|5,,REFUSE
A:!=|18|16,Object[],base,"[1, 2, 3]","c|[1, 1.0, 0],[1, 1.0, 1],[1, 1.5, 1]|integer|as-sorted",StringBuilder,base_hello,68656c6c6f,t|68656c6c6f|5|5|5,,REFUSE
A:!=|18|17,Object[],base,"[1, 2, 3]","c|[1, 1.0, 0],[1, 1.0, 1],[1, 1.5, 1]|integer|as-sorted",byte[],base_hello,68656c6c6f,t|68656c6c6f|5|5|5,,REFUSE
A:!=|18|19,Object[],base,"[1, 2, 3]","c|[1, 1.0, 0],[1, 1.0, 1],[1, 1.5, 1]|integer|as-sorted",long[],base,"[1, 2, 3]","c|[1, 1.0, 0],[1, 1.0, 1],[1, 1.5, 1]|integer|as-sorted",,REFUSE
A:!=|18|20,Object[],base,"[1, 2, 3]","c|[1, 1.0, 0],[1, 1.0, 1],[1, 1.5, 1]|integer|as-sorted",ArrayList<T>,base,"[1, 2, 3]","c|[1, 1.0, 0],[1, 1.0, 1],[1, 1.5, 1]|integer|as-sorted",,REFUSE
A:!=|18|21,Object[],base,"[1, 2, 3]","c|[1, 1.0, 0],[1, 1.0, 1],[1, 1.5, 1]|integer|as-sorted",List.of(...),base,"[1, 2, 3]","c|[1, 1.0, 0],[1, 1.0, 1],[1, 1.5, 1]|integer|as-sorted",,REFUSE
A:!=|18|22,Object[],base,"[1, 2, 3]","c|[1, 1.0, 0],[1, 1.0, 1],[1, 1.5, 1]|integer|as-sorted",LinkedList<T>,base,"[1, 2, 3]","c|[1, 1.0, 0],[1, 1.0, 1],[1, 1.5, 1]|integer|as-sorted",,REFUSE
A:!=|18|23,Object[],base,"[1, 2, 3]","c|[1, 1.0, 0],[1, 1.0, 1],[1, 1.5, 1]|integer|as-sorted",ArrayDeque<T>,base,"[1, 2, 3]","c|[1, 1.0, 0],[1, 1.0, 1],[1, 1.5, 1]|integer|as-sorted",,REFUSE
A:!=|18|24,Object[],base,"[1, 2, 3]","c|[1, 1.0, 0],[1, 1.0, 1],[1, 1.5, 1]|integer|as-sorted","HashMap<String,V>",flat,"{'a': 1, 'b': 2, 'c': 3}","c|[1, 1.0, 0],[1, 1.0, 1],[1, 1.5, 1]|text|not-applicable",,REFUSE
A:!=|18|25,Object[],base,"[1, 2, 3]","c|[1, 1.0, 0],[1, 1.0, 1],[1, 1.5, 1]|integer|as-sorted","LinkedHashMap<String,V>",flat,"{'a': 1, 'b': 2, 'c': 3}","c|[1, 1.0, 0],[1, 1.0, 1],[1, 1.5, 1]|text|not-applicable",,REFUSE
A:!=|18|26,Object[],base,"[1, 2, 3]","c|[1, 1.0, 0],[1, 1.0, 1],[1, 1.5, 1]|integer|as-sorted","TreeMap<String,V>",flat,"{'a': 1, 'b': 2, 'c': 3}","c|[1, 1.0, 0],[1, 1.0, 1],[1, 1.5, 1]|text|not-applicable",,REFUSE
A:!=|18|27,Object[],base,"[1, 2, 3]","c|[1, 1.0, 0],[1, 1.0, 1],[1, 1.5, 1]|integer|as-sorted",local record,flat,"{'a': 1, 'b': 2, 'c': 3}","c|[1, 1.0, 0],[1, 1.0, 1],[1, 1.5, 1]|text|not-applicable",,REFUSE
A:!=|18|28,Object[],base,"[1, 2, 3]","c|[1, 1.0, 0],[1, 1.0, 1],[1, 1.5, 1]|integer|as-sorted",local class with fields,flat,"{'a': 1, 'b': 2, 'c': 3}","c|[1, 1.0, 0],[1, 1.0, 1],[1, 1.5, 1]|text|not-applicable",,REFUSE
A:!=|18|29,Object[],base,"[1, 2, 3]","c|[1, 1.0, 0],[1, 1.0, 1],[1, 1.5, 1]|integer|as-sorted",List<List<Object>>,seq_in_seq,"[[1, 2], [3, 4]]","c|c|[1, 1.0, 0],[1, 1.0, 1]|integer|as-sorted,c|[1, 1.0, 2],[1, 1.5, 1]|integer|as-sorted|integer|as-sorted",,REFUSE
A:!=|18|30,Object[],base,"[1, 2, 3]","c|[1, 1.0, 0],[1, 1.0, 1],[1, 1.5, 1]|integer|as-sorted","Map<String,Object> nesting",seq_in_seq,"[[1, 2], [3, 4]]","c|c|[1, 1.0, 0],[1, 1.0, 1]|integer|as-sorted,c|[1, 1.0, 2],[1, 1.5, 1]|integer|as-sorted|integer|as-sorted",,REFUSE
A:!=|19|0,long[],base,"[1, 2, 3]","c|[1, 1.0, 0],[1, 1.0, 1],[1, 1.5, 1]|integer|as-sorted",null reference,null,null,null,,REFUSE
A:!=|19|1,long[],base,"[1, 2, 3]","c|[1, 1.0, 0],[1, 1.0, 1],[1, 1.5, 1]|integer|as-sorted",Optional.empty(),null,null,null,,REFUSE
A:!=|19|2,long[],base,"[1, 2, 3]","c|[1, 1.0, 0],[1, 1.0, 1],[1, 1.5, 1]|integer|as-sorted",Void,null,null,null,,REFUSE
A:!=|19|3,long[],base,"[1, 2, 3]","c|[1, 1.0, 0],[1, 1.0, 1],[1, 1.5, 1]|integer|as-sorted",boolean,true,true,true,,REFUSE
A:!=|19|4,long[],base,"[1, 2, 3]","c|[1, 1.0, 0],[1, 1.0, 1],[1, 1.5, 1]|integer|as-sorted",Boolean,true,true,true,,REFUSE
A:!=|19|5,long[],base,"[1, 2, 3]","c|[1, 1.0, 0],[1, 1.0, 1],[1, 1.5, 1]|integer|as-sorted",short,base_42,002a,"[1, 1.3125, 5]",,REFUSE
A:!=|19|6,long[],base,"[1, 2, 3]","c|[1, 1.0, 0],[1, 1.0, 1],[1, 1.5, 1]|integer|as-sorted",int,base_42,0000002a,"[1, 1.3125, 5]",,REFUSE
A:!=|19|7,long[],base,"[1, 2, 3]","c|[1, 1.0, 0],[1, 1.0, 1],[1, 1.5, 1]|integer|as-sorted",long,base_42,000000000000002a,"[1, 1.3125, 5]",,REFUSE
A:!=|19|8,long[],base,"[1, 2, 3]","c|[1, 1.0, 0],[1, 1.0, 1],[1, 1.5, 1]|integer|as-sorted",Integer,base_42,0000002a,"[1, 1.3125, 5]",,REFUSE
A:!=|19|9,long[],base,"[1, 2, 3]","c|[1, 1.0, 0],[1, 1.0, 1],[1, 1.5, 1]|integer|as-sorted",Long,base_42,000000000000002a,"[1, 1.3125, 5]",,REFUSE
A:!=|19|10,long[],base,"[1, 2, 3]","c|[1, 1.0, 0],[1, 1.0, 1],[1, 1.5, 1]|integer|as-sorted",BigInteger,base_42,2a,"[1, 1.3125, 5]",,REFUSE
A:!=|19|11,long[],base,"[1, 2, 3]","c|[1, 1.0, 0],[1, 1.0, 1],[1, 1.5, 1]|integer|as-sorted",double,base_1_5,3ff8000000000000,"[1, 1.5, 0]",,REFUSE
A:!=|19|12,long[],base,"[1, 2, 3]","c|[1, 1.0, 0],[1, 1.0, 1],[1, 1.5, 1]|integer|as-sorted",float,base_1_5,3fc00000,"[1, 1.5, 0]",,REFUSE
A:!=|19|13,long[],base,"[1, 2, 3]","c|[1, 1.0, 0],[1, 1.0, 1],[1, 1.5, 1]|integer|as-sorted",BigDecimal,base_1_5,1.5,"[1, 1.5, 0]",,REFUSE
A:!=|19|14,long[],base,"[1, 2, 3]","c|[1, 1.0, 0],[1, 1.0, 1],[1, 1.5, 1]|integer|as-sorted",String,base_hello,68656c6c6f,t|68656c6c6f|5|5|5,,REFUSE
A:!=|19|15,long[],base,"[1, 2, 3]","c|[1, 1.0, 0],[1, 1.0, 1],[1, 1.5, 1]|integer|as-sorted",char[],base_hello,68656c6c6f,t|68656c6c6f|5|5|5,,REFUSE
A:!=|19|16,long[],base,"[1, 2, 3]","c|[1, 1.0, 0],[1, 1.0, 1],[1, 1.5, 1]|integer|as-sorted",StringBuilder,base_hello,68656c6c6f,t|68656c6c6f|5|5|5,,REFUSE
A:!=|19|17,long[],base,"[1, 2, 3]","c|[1, 1.0, 0],[1, 1.0, 1],[1, 1.5, 1]|integer|as-sorted",byte[],base_hello,68656c6c6f,t|68656c6c6f|5|5|5,,REFUSE
A:!=|19|18,long[],base,"[1, 2, 3]","c|[1, 1.0, 0],[1, 1.0, 1],[1, 1.5, 1]|integer|as-sorted",Object[],base,"[1, 2, 3]","c|[1, 1.0, 0],[1, 1.0, 1],[1, 1.5, 1]|integer|as-sorted",,REFUSE
A:!=|19|20,long[],base,"[1, 2, 3]","c|[1, 1.0, 0],[1, 1.0, 1],[1, 1.5, 1]|integer|as-sorted",ArrayList<T>,base,"[1, 2, 3]","c|[1, 1.0, 0],[1, 1.0, 1],[1, 1.5, 1]|integer|as-sorted",,REFUSE
A:!=|19|21,long[],base,"[1, 2, 3]","c|[1, 1.0, 0],[1, 1.0, 1],[1, 1.5, 1]|integer|as-sorted",List.of(...),base,"[1, 2, 3]","c|[1, 1.0, 0],[1, 1.0, 1],[1, 1.5, 1]|integer|as-sorted",,REFUSE
A:!=|19|22,long[],base,"[1, 2, 3]","c|[1, 1.0, 0],[1, 1.0, 1],[1, 1.5, 1]|integer|as-sorted",LinkedList<T>,base,"[1, 2, 3]","c|[1, 1.0, 0],[1, 1.0, 1],[1, 1.5, 1]|integer|as-sorted",,REFUSE
A:!=|19|23,long[],base,"[1, 2, 3]","c|[1, 1.0, 0],[1, 1.0, 1],[1, 1.5, 1]|integer|as-sorted",ArrayDeque<T>,base,"[1, 2, 3]","c|[1, 1.0, 0],[1, 1.0, 1],[1, 1.5, 1]|integer|as-sorted",,REFUSE
A:!=|19|24,long[],base,"[1, 2, 3]","c|[1, 1.0, 0],[1, 1.0, 1],[1, 1.5, 1]|integer|as-sorted","HashMap<String,V>",flat,"{'a': 1, 'b': 2, 'c': 3}","c|[1, 1.0, 0],[1, 1.0, 1],[1, 1.5, 1]|text|not-applicable",,REFUSE
A:!=|19|25,long[],base,"[1, 2, 3]","c|[1, 1.0, 0],[1, 1.0, 1],[1, 1.5, 1]|integer|as-sorted","LinkedHashMap<String,V>",flat,"{'a': 1, 'b': 2, 'c': 3}","c|[1, 1.0, 0],[1, 1.0, 1],[1, 1.5, 1]|text|not-applicable",,REFUSE
A:!=|19|26,long[],base,"[1, 2, 3]","c|[1, 1.0, 0],[1, 1.0, 1],[1, 1.5, 1]|integer|as-sorted","TreeMap<String,V>",flat,"{'a': 1, 'b': 2, 'c': 3}","c|[1, 1.0, 0],[1, 1.0, 1],[1, 1.5, 1]|text|not-applicable",,REFUSE
A:!=|19|27,long[],base,"[1, 2, 3]","c|[1, 1.0, 0],[1, 1.0, 1],[1, 1.5, 1]|integer|as-sorted",local record,flat,"{'a': 1, 'b': 2, 'c': 3}","c|[1, 1.0, 0],[1, 1.0, 1],[1, 1.5, 1]|text|not-applicable",,REFUSE
A:!=|19|28,long[],base,"[1, 2, 3]","c|[1, 1.0, 0],[1, 1.0, 1],[1, 1.5, 1]|integer|as-sorted",local class with fields,flat,"{'a': 1, 'b': 2, 'c': 3}","c|[1, 1.0, 0],[1, 1.0, 1],[1, 1.5, 1]|text|not-applicable",,REFUSE
A:!=|19|29,long[],base,"[1, 2, 3]","c|[1, 1.0, 0],[1, 1.0, 1],[1, 1.5, 1]|integer|as-sorted",List<List<Object>>,seq_in_seq,"[[1, 2], [3, 4]]","c|c|[1, 1.0, 0],[1, 1.0, 1]|integer|as-sorted,c|[1, 1.0, 2],[1, 1.5, 1]|integer|as-sorted|integer|as-sorted",,REFUSE
A:!=|19|30,long[],base,"[1, 2, 3]","c|[1, 1.0, 0],[1, 1.0, 1],[1, 1.5, 1]|integer|as-sorted","Map<String,Object> nesting",seq_in_seq,"[[1, 2], [3, 4]]","c|c|[1, 1.0, 0],[1, 1.0, 1]|integer|as-sorted,c|[1, 1.0, 2],[1, 1.5, 1]|integer|as-sorted|integer|as-sorted",,REFUSE
A:!=|19|31,long[],base,"[1, 2, 3]","c|[1, 1.0, 0],[1, 1.0, 1],[1, 1.5, 1]|integer|as-sorted",Object[][] of Object[],seq_in_seq,"[[1, 2], [3, 4]]","c|c|[1, 1.0, 0],[1, 1.0, 1]|integer|as-sorted,c|[1, 1.0, 2],[1, 1.5, 1]|integer|as-sorted|integer|as-sorted",,REFUSE
A:!=|20|0,ArrayList<T>,base,"[1, 2, 3]","c|[1, 1.0, 0],[1, 1.0, 1],[1, 1.5, 1]|integer|as-sorted",null reference,null,null,null,,REFUSE
A:!=|20|1,ArrayList<T>,base,"[1, 2, 3]","c|[1, 1.0, 0],[1, 1.0, 1],[1, 1.5, 1]|integer|as-sorted",Optional.empty(),null,null,null,,REFUSE
A:!=|20|2,ArrayList<T>,base,"[1, 2, 3]","c|[1, 1.0, 0],[1, 1.0, 1],[1, 1.5, 1]|integer|as-sorted",Void,null,null,null,,REFUSE
A:!=|20|3,ArrayList<T>,base,"[1, 2, 3]","c|[1, 1.0, 0],[1, 1.0, 1],[1, 1.5, 1]|integer|as-sorted",boolean,true,true,true,,REFUSE
A:!=|20|4,ArrayList<T>,base,"[1, 2, 3]","c|[1, 1.0, 0],[1, 1.0, 1],[1, 1.5, 1]|integer|as-sorted",Boolean,true,true,true,,REFUSE
A:!=|20|5,ArrayList<T>,base,"[1, 2, 3]","c|[1, 1.0, 0],[1, 1.0, 1],[1, 1.5, 1]|integer|as-sorted",short,base_42,002a,"[1, 1.3125, 5]",,REFUSE
A:!=|20|6,ArrayList<T>,base,"[1, 2, 3]","c|[1, 1.0, 0],[1, 1.0, 1],[1, 1.5, 1]|integer|as-sorted",int,base_42,0000002a,"[1, 1.3125, 5]",,REFUSE
A:!=|20|7,ArrayList<T>,base,"[1, 2, 3]","c|[1, 1.0, 0],[1, 1.0, 1],[1, 1.5, 1]|integer|as-sorted",long,base_42,000000000000002a,"[1, 1.3125, 5]",,REFUSE
A:!=|20|8,ArrayList<T>,base,"[1, 2, 3]","c|[1, 1.0, 0],[1, 1.0, 1],[1, 1.5, 1]|integer|as-sorted",Integer,base_42,0000002a,"[1, 1.3125, 5]",,REFUSE
A:!=|20|9,ArrayList<T>,base,"[1, 2, 3]","c|[1, 1.0, 0],[1, 1.0, 1],[1, 1.5, 1]|integer|as-sorted",Long,base_42,000000000000002a,"[1, 1.3125, 5]",,REFUSE
A:!=|20|10,ArrayList<T>,base,"[1, 2, 3]","c|[1, 1.0, 0],[1, 1.0, 1],[1, 1.5, 1]|integer|as-sorted",BigInteger,base_42,2a,"[1, 1.3125, 5]",,REFUSE
A:!=|20|11,ArrayList<T>,base,"[1, 2, 3]","c|[1, 1.0, 0],[1, 1.0, 1],[1, 1.5, 1]|integer|as-sorted",double,base_1_5,3ff8000000000000,"[1, 1.5, 0]",,REFUSE
A:!=|20|12,ArrayList<T>,base,"[1, 2, 3]","c|[1, 1.0, 0],[1, 1.0, 1],[1, 1.5, 1]|integer|as-sorted",float,base_1_5,3fc00000,"[1, 1.5, 0]",,REFUSE
A:!=|20|13,ArrayList<T>,base,"[1, 2, 3]","c|[1, 1.0, 0],[1, 1.0, 1],[1, 1.5, 1]|integer|as-sorted",BigDecimal,base_1_5,1.5,"[1, 1.5, 0]",,REFUSE
A:!=|20|14,ArrayList<T>,base,"[1, 2, 3]","c|[1, 1.0, 0],[1, 1.0, 1],[1, 1.5, 1]|integer|as-sorted",String,base_hello,68656c6c6f,t|68656c6c6f|5|5|5,,REFUSE
A:!=|20|15,ArrayList<T>,base,"[1, 2, 3]","c|[1, 1.0, 0],[1, 1.0, 1],[1, 1.5, 1]|integer|as-sorted",char[],base_hello,68656c6c6f,t|68656c6c6f|5|5|5,,REFUSE
A:!=|20|16,ArrayList<T>,base,"[1, 2, 3]","c|[1, 1.0, 0],[1, 1.0, 1],[1, 1.5, 1]|integer|as-sorted",StringBuilder,base_hello,68656c6c6f,t|68656c6c6f|5|5|5,,REFUSE
A:!=|20|17,ArrayList<T>,base,"[1, 2, 3]","c|[1, 1.0, 0],[1, 1.0, 1],[1, 1.5, 1]|integer|as-sorted",byte[],base_hello,68656c6c6f,t|68656c6c6f|5|5|5,,REFUSE
A:!=|20|18,ArrayList<T>,base,"[1, 2, 3]","c|[1, 1.0, 0],[1, 1.0, 1],[1, 1.5, 1]|integer|as-sorted",Object[],base,"[1, 2, 3]","c|[1, 1.0, 0],[1, 1.0, 1],[1, 1.5, 1]|integer|as-sorted",,REFUSE
A:!=|20|19,ArrayList<T>,base,"[1, 2, 3]","c|[1, 1.0, 0],[1, 1.0, 1],[1, 1.5, 1]|integer|as-sorted",long[],base,"[1, 2, 3]","c|[1, 1.0, 0],[1, 1.0, 1],[1, 1.5, 1]|integer|as-sorted",,REFUSE
A:!=|20|22,ArrayList<T>,base,"[1, 2, 3]","c|[1, 1.0, 0],[1, 1.0, 1],[1, 1.5, 1]|integer|as-sorted",LinkedList<T>,base,"[1, 2, 3]","c|[1, 1.0, 0],[1, 1.0, 1],[1, 1.5, 1]|integer|as-sorted",,REFUSE
A:!=|20|23,ArrayList<T>,base,"[1, 2, 3]","c|[1, 1.0, 0],[1, 1.0, 1],[1, 1.5, 1]|integer|as-sorted",ArrayDeque<T>,base,"[1, 2, 3]","c|[1, 1.0, 0],[1, 1.0, 1],[1, 1.5, 1]|integer|as-sorted",,REFUSE
A:!=|20|24,ArrayList<T>,base,"[1, 2, 3]","c|[1, 1.0, 0],[1, 1.0, 1],[1, 1.5, 1]|integer|as-sorted","HashMap<String,V>",flat,"{'a': 1, 'b': 2, 'c': 3}","c|[1, 1.0, 0],[1, 1.0, 1],[1, 1.5, 1]|text|not-applicable",,REFUSE
A:!=|20|25,ArrayList<T>,base,"[1, 2, 3]","c|[1, 1.0, 0],[1, 1.0, 1],[1, 1.5, 1]|integer|as-sorted","LinkedHashMap<String,V>",flat,"{'a': 1, 'b': 2, 'c': 3}","c|[1, 1.0, 0],[1, 1.0, 1],[1, 1.5, 1]|text|not-applicable",,REFUSE
A:!=|20|26,ArrayList<T>,base,"[1, 2, 3]","c|[1, 1.0, 0],[1, 1.0, 1],[1, 1.5, 1]|integer|as-sorted","TreeMap<String,V>",flat,"{'a': 1, 'b': 2, 'c': 3}","c|[1, 1.0, 0],[1, 1.0, 1],[1, 1.5, 1]|text|not-applicable",,REFUSE
A:!=|20|27,ArrayList<T>,base,"[1, 2, 3]","c|[1, 1.0, 0],[1, 1.0, 1],[1, 1.5, 1]|integer|as-sorted",local record,flat,"{'a': 1, 'b': 2, 'c': 3}","c|[1, 1.0, 0],[1, 1.0, 1],[1, 1.5, 1]|text|not-applicable",,REFUSE
A:!=|20|28,ArrayList<T>,base,"[1, 2, 3]","c|[1, 1.0, 0],[1, 1.0, 1],[1, 1.5, 1]|integer|as-sorted",local class with fields,flat,"{'a': 1, 'b': 2, 'c': 3}","c|[1, 1.0, 0],[1, 1.0, 1],[1, 1.5, 1]|text|not-applicable",,REFUSE
A:!=|20|29,ArrayList<T>,base,"[1, 2, 3]","c|[1, 1.0, 0],[1, 1.0, 1],[1, 1.5, 1]|integer|as-sorted",List<List<Object>>,seq_in_seq,"[[1, 2], [3, 4]]","c|c|[1, 1.0, 0],[1, 1.0, 1]|integer|as-sorted,c|[1, 1.0, 2],[1, 1.5, 1]|integer|as-sorted|integer|as-sorted",,REFUSE
A:!=|20|31,ArrayList<T>,base,"[1, 2, 3]","c|[1, 1.0, 0],[1, 1.0, 1],[1, 1.5, 1]|integer|as-sorted",Object[][] of Object[],seq_in_seq,"[[1, 2], [3, 4]]","c|c|[1, 1.0, 0],[1, 1.0, 1]|integer|as-sorted,c|[1, 1.0, 2],[1, 1.5, 1]|integer|as-sorted|integer|as-sorted",,REFUSE
A:!=|21|0,List.of(...),base,"[1, 2, 3]","c|[1, 1.0, 0],[1, 1.0, 1],[1, 1.5, 1]|integer|as-sorted",null reference,null,null,null,,REFUSE
A:!=|21|1,List.of(...),base,"[1, 2, 3]","c|[1, 1.0, 0],[1, 1.0, 1],[1, 1.5, 1]|integer|as-sorted",Optional.empty(),null,null,null,,REFUSE
A:!=|21|2,List.of(...),base,"[1, 2, 3]","c|[1, 1.0, 0],[1, 1.0, 1],[1, 1.5, 1]|integer|as-sorted",Void,null,null,null,,REFUSE
A:!=|21|3,List.of(...),base,"[1, 2, 3]","c|[1, 1.0, 0],[1, 1.0, 1],[1, 1.5, 1]|integer|as-sorted",boolean,true,true,true,,REFUSE
A:!=|21|4,List.of(...),base,"[1, 2, 3]","c|[1, 1.0, 0],[1, 1.0, 1],[1, 1.5, 1]|integer|as-sorted",Boolean,true,true,true,,REFUSE
A:!=|21|5,List.of(...),base,"[1, 2, 3]","c|[1, 1.0, 0],[1, 1.0, 1],[1, 1.5, 1]|integer|as-sorted",short,base_42,002a,"[1, 1.3125, 5]",,REFUSE
A:!=|21|6,List.of(...),base,"[1, 2, 3]","c|[1, 1.0, 0],[1, 1.0, 1],[1, 1.5, 1]|integer|as-sorted",int,base_42,0000002a,"[1, 1.3125, 5]",,REFUSE
A:!=|21|7,List.of(...),base,"[1, 2, 3]","c|[1, 1.0, 0],[1, 1.0, 1],[1, 1.5, 1]|integer|as-sorted",long,base_42,000000000000002a,"[1, 1.3125, 5]",,REFUSE
A:!=|21|8,List.of(...),base,"[1, 2, 3]","c|[1, 1.0, 0],[1, 1.0, 1],[1, 1.5, 1]|integer|as-sorted",Integer,base_42,0000002a,"[1, 1.3125, 5]",,REFUSE
A:!=|21|9,List.of(...),base,"[1, 2, 3]","c|[1, 1.0, 0],[1, 1.0, 1],[1, 1.5, 1]|integer|as-sorted",Long,base_42,000000000000002a,"[1, 1.3125, 5]",,REFUSE
A:!=|21|11,List.of(...),base,"[1, 2, 3]","c|[1, 1.0, 0],[1, 1.0, 1],[1, 1.5, 1]|integer|as-sorted",double,base_1_5,3ff8000000000000,"[1, 1.5, 0]",,REFUSE
A:!=|21|12,List.of(...),base,"[1, 2, 3]","c|[1, 1.0, 0],[1, 1.0, 1],[1, 1.5, 1]|integer|as-sorted",float,base_1_5,3fc00000,"[1, 1.5, 0]",,REFUSE
A:!=|21|14,List.of(...),base,"[1, 2, 3]","c|[1, 1.0, 0],[1, 1.0, 1],[1, 1.5, 1]|integer|as-sorted",String,base_hello,68656c6c6f,t|68656c6c6f|5|5|5,,REFUSE
A:!=|21|15,List.of(...),base,"[1, 2, 3]","c|[1, 1.0, 0],[1, 1.0, 1],[1, 1.5, 1]|integer|as-sorted",char[],base_hello,68656c6c6f,t|68656c6c6f|5|5|5,,REFUSE
A:!=|21|16,List.of(...),base,"[1, 2, 3]","c|[1, 1.0, 0],[1, 1.0, 1],[1, 1.5, 1]|integer|as-sorted",StringBuilder,base_hello,68656c6c6f,t|68656c6c6f|5|5|5,,REFUSE
A:!=|21|17,List.of(...),base,"[1, 2, 3]","c|[1, 1.0, 0],[1, 1.0, 1],[1, 1.5, 1]|integer|as-sorted",byte[],base_hello,68656c6c6f,t|68656c6c6f|5|5|5,,REFUSE
A:!=|21|18,List.of(...),base,"[1, 2, 3]","c|[1, 1.0, 0],[1, 1.0, 1],[1, 1.5, 1]|integer|as-sorted",Object[],base,"[1, 2, 3]","c|[1, 1.0, 0],[1, 1.0, 1],[1, 1.5, 1]|integer|as-sorted",,REFUSE
A:!=|21|19,List.of(...),base,"[1, 2, 3]","c|[1, 1.0, 0],[1, 1.0, 1],[1, 1.5, 1]|integer|as-sorted",long[],base,"[1, 2, 3]","c|[1, 1.0, 0],[1, 1.0, 1],[1, 1.5, 1]|integer|as-sorted",,REFUSE
A:!=|21|27,List.of(...),base,"[1, 2, 3]","c|[1, 1.0, 0],[1, 1.0, 1],[1, 1.5, 1]|integer|as-sorted",local record,flat,"{'a': 1, 'b': 2, 'c': 3}","c|[1, 1.0, 0],[1, 1.0, 1],[1, 1.5, 1]|text|not-applicable",,REFUSE
A:!=|21|29,List.of(...),base,"[1, 2, 3]","c|[1, 1.0, 0],[1, 1.0, 1],[1, 1.5, 1]|integer|as-sorted",List<List<Object>>,seq_in_seq,"[[1, 2], [3, 4]]","c|c|[1, 1.0, 0],[1, 1.0, 1]|integer|as-sorted,c|[1, 1.0, 2],[1, 1.5, 1]|integer|as-sorted|integer|as-sorted",,REFUSE
A:!=|21|31,List.of(...),base,"[1, 2, 3]","c|[1, 1.0, 0],[1, 1.0, 1],[1, 1.5, 1]|integer|as-sorted",Object[][] of Object[],seq_in_seq,"[[1, 2], [3, 4]]","c|c|[1, 1.0, 0],[1, 1.0, 1]|integer|as-sorted,c|[1, 1.0, 2],[1, 1.5, 1]|integer|as-sorted|integer|as-sorted",,REFUSE
A:!=|22|0,LinkedList<T>,base,"[1, 2, 3]","c|[1, 1.0, 0],[1, 1.0, 1],[1, 1.5, 1]|integer|as-sorted",null reference,null,null,null,,REFUSE
A:!=|22|1,LinkedList<T>,base,"[1, 2, 3]","c|[1, 1.0, 0],[1, 1.0, 1],[1, 1.5, 1]|integer|as-sorted",Optional.empty(),null,null,null,,REFUSE
A:!=|22|2,LinkedList<T>,base,"[1, 2, 3]","c|[1, 1.0, 0],[1, 1.0, 1],[1, 1.5, 1]|integer|as-sorted",Void,null,null,null,,REFUSE
A:!=|22|3,LinkedList<T>,base,"[1, 2, 3]","c|[1, 1.0, 0],[1, 1.0, 1],[1, 1.5, 1]|integer|as-sorted",boolean,true,true,true,,REFUSE
A:!=|22|4,LinkedList<T>,base,"[1, 2, 3]","c|[1, 1.0, 0],[1, 1.0, 1],[1, 1.5, 1]|integer|as-sorted",Boolean,true,true,true,,REFUSE
A:!=|22|5,LinkedList<T>,base,"[1, 2, 3]","c|[1, 1.0, 0],[1, 1.0, 1],[1, 1.5, 1]|integer|as-sorted",short,base_42,002a,"[1, 1.3125, 5]",,REFUSE
A:!=|22|6,LinkedList<T>,base,"[1, 2, 3]","c|[1, 1.0, 0],[1, 1.0, 1],[1, 1.5, 1]|integer|as-sorted",int,base_42,0000002a,"[1, 1.3125, 5]",,REFUSE
A:!=|22|7,LinkedList<T>,base,"[1, 2, 3]","c|[1, 1.0, 0],[1, 1.0, 1],[1, 1.5, 1]|integer|as-sorted",long,base_42,000000000000002a,"[1, 1.3125, 5]",,REFUSE
A:!=|22|8,LinkedList<T>,base,"[1, 2, 3]","c|[1, 1.0, 0],[1, 1.0, 1],[1, 1.5, 1]|integer|as-sorted",Integer,base_42,0000002a,"[1, 1.3125, 5]",,REFUSE
A:!=|22|9,LinkedList<T>,base,"[1, 2, 3]","c|[1, 1.0, 0],[1, 1.0, 1],[1, 1.5, 1]|integer|as-sorted",Long,base_42,000000000000002a,"[1, 1.3125, 5]",,REFUSE
A:!=|22|10,LinkedList<T>,base,"[1, 2, 3]","c|[1, 1.0, 0],[1, 1.0, 1],[1, 1.5, 1]|integer|as-sorted",BigInteger,base_42,2a,"[1, 1.3125, 5]",,REFUSE
A:!=|22|11,LinkedList<T>,base,"[1, 2, 3]","c|[1, 1.0, 0],[1, 1.0, 1],[1, 1.5, 1]|integer|as-sorted",double,base_1_5,3ff8000000000000,"[1, 1.5, 0]",,REFUSE
A:!=|22|12,LinkedList<T>,base,"[1, 2, 3]","c|[1, 1.0, 0],[1, 1.0, 1],[1, 1.5, 1]|integer|as-sorted",float,base_1_5,3fc00000,"[1, 1.5, 0]",,REFUSE
A:!=|22|13,LinkedList<T>,base,"[1, 2, 3]","c|[1, 1.0, 0],[1, 1.0, 1],[1, 1.5, 1]|integer|as-sorted",BigDecimal,base_1_5,1.5,"[1, 1.5, 0]",,REFUSE
A:!=|22|14,LinkedList<T>,base,"[1, 2, 3]","c|[1, 1.0, 0],[1, 1.0, 1],[1, 1.5, 1]|integer|as-sorted",String,base_hello,68656c6c6f,t|68656c6c6f|5|5|5,,REFUSE
A:!=|22|15,LinkedList<T>,base,"[1, 2, 3]","c|[1, 1.0, 0],[1, 1.0, 1],[1, 1.5, 1]|integer|as-sorted",char[],base_hello,68656c6c6f,t|68656c6c6f|5|5|5,,REFUSE
A:!=|22|16,LinkedList<T>,base,"[1, 2, 3]","c|[1, 1.0, 0],[1, 1.0, 1],[1, 1.5, 1]|integer|as-sorted",StringBuilder,base_hello,68656c6c6f,t|68656c6c6f|5|5|5,,REFUSE
A:!=|22|17,LinkedList<T>,base,"[1, 2, 3]","c|[1, 1.0, 0],[1, 1.0, 1],[1, 1.5, 1]|integer|as-sorted",byte[],base_hello,68656c6c6f,t|68656c6c6f|5|5|5,,REFUSE
A:!=|22|18,LinkedList<T>,base,"[1, 2, 3]","c|[1, 1.0, 0],[1, 1.0, 1],[1, 1.5, 1]|integer|as-sorted",Object[],base,"[1, 2, 3]","c|[1, 1.0, 0],[1, 1.0, 1],[1, 1.5, 1]|integer|as-sorted",,REFUSE
A:!=|22|19,LinkedList<T>,base,"[1, 2, 3]","c|[1, 1.0, 0],[1, 1.0, 1],[1, 1.5, 1]|integer|as-sorted",long[],base,"[1, 2, 3]","c|[1, 1.0, 0],[1, 1.0, 1],[1, 1.5, 1]|integer|as-sorted",,REFUSE
A:!=|22|20,LinkedList<T>,base,"[1, 2, 3]","c|[1, 1.0, 0],[1, 1.0, 1],[1, 1.5, 1]|integer|as-sorted",ArrayList<T>,base,"[1, 2, 3]","c|[1, 1.0, 0],[1, 1.0, 1],[1, 1.5, 1]|integer|as-sorted",,REFUSE
A:!=|22|23,LinkedList<T>,base,"[1, 2, 3]","c|[1, 1.0, 0],[1, 1.0, 1],[1, 1.5, 1]|integer|as-sorted",ArrayDeque<T>,base,"[1, 2, 3]","c|[1, 1.0, 0],[1, 1.0, 1],[1, 1.5, 1]|integer|as-sorted",,REFUSE
A:!=|22|24,LinkedList<T>,base,"[1, 2, 3]","c|[1, 1.0, 0],[1, 1.0, 1],[1, 1.5, 1]|integer|as-sorted","HashMap<String,V>",flat,"{'a': 1, 'b': 2, 'c': 3}","c|[1, 1.0, 0],[1, 1.0, 1],[1, 1.5, 1]|text|not-applicable",,REFUSE
A:!=|22|25,LinkedList<T>,base,"[1, 2, 3]","c|[1, 1.0, 0],[1, 1.0, 1],[1, 1.5, 1]|integer|as-sorted","LinkedHashMap<String,V>",flat,"{'a': 1, 'b': 2, 'c': 3}","c|[1, 1.0, 0],[1, 1.0, 1],[1, 1.5, 1]|text|not-applicable",,REFUSE
A:!=|22|26,LinkedList<T>,base,"[1, 2, 3]","c|[1, 1.0, 0],[1, 1.0, 1],[1, 1.5, 1]|integer|as-sorted","TreeMap<String,V>",flat,"{'a': 1, 'b': 2, 'c': 3}","c|[1, 1.0, 0],[1, 1.0, 1],[1, 1.5, 1]|text|not-applicable",,REFUSE
A:!=|22|27,LinkedList<T>,base,"[1, 2, 3]","c|[1, 1.0, 0],[1, 1.0, 1],[1, 1.5, 1]|integer|as-sorted",local record,flat,"{'a': 1, 'b': 2, 'c': 3}","c|[1, 1.0, 0],[1, 1.0, 1],[1, 1.5, 1]|text|not-applicable",,REFUSE
A:!=|22|28,LinkedList<T>,base,"[1, 2, 3]","c|[1, 1.0, 0],[1, 1.0, 1],[1, 1.5, 1]|integer|as-sorted",local class with fields,flat,"{'a': 1, 'b': 2, 'c': 3}","c|[1, 1.0, 0],[1, 1.0, 1],[1, 1.5, 1]|text|not-applicable",,REFUSE
A:!=|22|29,LinkedList<T>,base,"[1, 2, 3]","c|[1, 1.0, 0],[1, 1.0, 1],[1, 1.5, 1]|integer|as-sorted",List<List<Object>>,seq_in_seq,"[[1, 2], [3, 4]]","c|c|[1, 1.0, 0],[1, 1.0, 1]|integer|as-sorted,c|[1, 1.0, 2],[1, 1.5, 1]|integer|as-sorted|integer|as-sorted",,REFUSE
A:!=|22|31,LinkedList<T>,base,"[1, 2, 3]","c|[1, 1.0, 0],[1, 1.0, 1],[1, 1.5, 1]|integer|as-sorted",Object[][] of Object[],seq_in_seq,"[[1, 2], [3, 4]]","c|c|[1, 1.0, 0],[1, 1.0, 1]|integer|as-sorted,c|[1, 1.0, 2],[1, 1.5, 1]|integer|as-sorted|integer|as-sorted",,REFUSE
A:!=|23|0,ArrayDeque<T>,base,"[1, 2, 3]","c|[1, 1.0, 0],[1, 1.0, 1],[1, 1.5, 1]|integer|as-sorted",null reference,null,null,null,,REFUSE
A:!=|23|1,ArrayDeque<T>,base,"[1, 2, 3]","c|[1, 1.0, 0],[1, 1.0, 1],[1, 1.5, 1]|integer|as-sorted",Optional.empty(),null,null,null,,REFUSE
A:!=|23|2,ArrayDeque<T>,base,"[1, 2, 3]","c|[1, 1.0, 0],[1, 1.0, 1],[1, 1.5, 1]|integer|as-sorted",Void,null,null,null,,REFUSE
A:!=|23|3,ArrayDeque<T>,base,"[1, 2, 3]","c|[1, 1.0, 0],[1, 1.0, 1],[1, 1.5, 1]|integer|as-sorted",boolean,true,true,true,,REFUSE
A:!=|23|4,ArrayDeque<T>,base,"[1, 2, 3]","c|[1, 1.0, 0],[1, 1.0, 1],[1, 1.5, 1]|integer|as-sorted",Boolean,true,true,true,,REFUSE
A:!=|23|5,ArrayDeque<T>,base,"[1, 2, 3]","c|[1, 1.0, 0],[1, 1.0, 1],[1, 1.5, 1]|integer|as-sorted",short,base_42,002a,"[1, 1.3125, 5]",,REFUSE
A:!=|23|6,ArrayDeque<T>,base,"[1, 2, 3]","c|[1, 1.0, 0],[1, 1.0, 1],[1, 1.5, 1]|integer|as-sorted",int,base_42,0000002a,"[1, 1.3125, 5]",,REFUSE
A:!=|23|7,ArrayDeque<T>,base,"[1, 2, 3]","c|[1, 1.0, 0],[1, 1.0, 1],[1, 1.5, 1]|integer|as-sorted",long,base_42,000000000000002a,"[1, 1.3125, 5]",,REFUSE
A:!=|23|8,ArrayDeque<T>,base,"[1, 2, 3]","c|[1, 1.0, 0],[1, 1.0, 1],[1, 1.5, 1]|integer|as-sorted",Integer,base_42,0000002a,"[1, 1.3125, 5]",,REFUSE
A:!=|23|9,ArrayDeque<T>,base,"[1, 2, 3]","c|[1, 1.0, 0],[1, 1.0, 1],[1, 1.5, 1]|integer|as-sorted",Long,base_42,000000000000002a,"[1, 1.3125, 5]",,REFUSE
A:!=|23|10,ArrayDeque<T>,base,"[1, 2, 3]","c|[1, 1.0, 0],[1, 1.0, 1],[1, 1.5, 1]|integer|as-sorted",BigInteger,base_42,2a,"[1, 1.3125, 5]",,REFUSE
A:!=|23|11,ArrayDeque<T>,base,"[1, 2, 3]","c|[1, 1.0, 0],[1, 1.0, 1],[1, 1.5, 1]|integer|as-sorted",double,base_1_5,3ff8000000000000,"[1, 1.5, 0]",,REFUSE
A:!=|23|12,ArrayDeque<T>,base,"[1, 2, 3]","c|[1, 1.0, 0],[1, 1.0, 1],[1, 1.5, 1]|integer|as-sorted",float,base_1_5,3fc00000,"[1, 1.5, 0]",,REFUSE
A:!=|23|13,ArrayDeque<T>,base,"[1, 2, 3]","c|[1, 1.0, 0],[1, 1.0, 1],[1, 1.5, 1]|integer|as-sorted",BigDecimal,base_1_5,1.5,"[1, 1.5, 0]",,REFUSE
A:!=|23|14,ArrayDeque<T>,base,"[1, 2, 3]","c|[1, 1.0, 0],[1, 1.0, 1],[1, 1.5, 1]|integer|as-sorted",String,base_hello,68656c6c6f,t|68656c6c6f|5|5|5,,REFUSE
A:!=|23|15,ArrayDeque<T>,base,"[1, 2, 3]","c|[1, 1.0, 0],[1, 1.0, 1],[1, 1.5, 1]|integer|as-sorted",char[],base_hello,68656c6c6f,t|68656c6c6f|5|5|5,,REFUSE
A:!=|23|16,ArrayDeque<T>,base,"[1, 2, 3]","c|[1, 1.0, 0],[1, 1.0, 1],[1, 1.5, 1]|integer|as-sorted",StringBuilder,base_hello,68656c6c6f,t|68656c6c6f|5|5|5,,REFUSE
A:!=|23|17,ArrayDeque<T>,base,"[1, 2, 3]","c|[1, 1.0, 0],[1, 1.0, 1],[1, 1.5, 1]|integer|as-sorted",byte[],base_hello,68656c6c6f,t|68656c6c6f|5|5|5,,REFUSE
A:!=|23|18,ArrayDeque<T>,base,"[1, 2, 3]","c|[1, 1.0, 0],[1, 1.0, 1],[1, 1.5, 1]|integer|as-sorted",Object[],base,"[1, 2, 3]","c|[1, 1.0, 0],[1, 1.0, 1],[1, 1.5, 1]|integer|as-sorted",,REFUSE
A:!=|23|19,ArrayDeque<T>,base,"[1, 2, 3]","c|[1, 1.0, 0],[1, 1.0, 1],[1, 1.5, 1]|integer|as-sorted",long[],base,"[1, 2, 3]","c|[1, 1.0, 0],[1, 1.0, 1],[1, 1.5, 1]|integer|as-sorted",,REFUSE
A:!=|23|20,ArrayDeque<T>,base,"[1, 2, 3]","c|[1, 1.0, 0],[1, 1.0, 1],[1, 1.5, 1]|integer|as-sorted",ArrayList<T>,base,"[1, 2, 3]","c|[1, 1.0, 0],[1, 1.0, 1],[1, 1.5, 1]|integer|as-sorted",,REFUSE
A:!=|23|22,ArrayDeque<T>,base,"[1, 2, 3]","c|[1, 1.0, 0],[1, 1.0, 1],[1, 1.5, 1]|integer|as-sorted",LinkedList<T>,base,"[1, 2, 3]","c|[1, 1.0, 0],[1, 1.0, 1],[1, 1.5, 1]|integer|as-sorted",,REFUSE
A:!=|23|24,ArrayDeque<T>,base,"[1, 2, 3]","c|[1, 1.0, 0],[1, 1.0, 1],[1, 1.5, 1]|integer|as-sorted","HashMap<String,V>",flat,"{'a': 1, 'b': 2, 'c': 3}","c|[1, 1.0, 0],[1, 1.0, 1],[1, 1.5, 1]|text|not-applicable",,REFUSE
A:!=|23|25,ArrayDeque<T>,base,"[1, 2, 3]","c|[1, 1.0, 0],[1, 1.0, 1],[1, 1.5, 1]|integer|as-sorted","LinkedHashMap<String,V>",flat,"{'a': 1, 'b': 2, 'c': 3}","c|[1, 1.0, 0],[1, 1.0, 1],[1, 1.5, 1]|text|not-applicable",,REFUSE
A:!=|23|26,ArrayDeque<T>,base,"[1, 2, 3]","c|[1, 1.0, 0],[1, 1.0, 1],[1, 1.5, 1]|integer|as-sorted","TreeMap<String,V>",flat,"{'a': 1, 'b': 2, 'c': 3}","c|[1, 1.0, 0],[1, 1.0, 1],[1, 1.5, 1]|text|not-applicable",,REFUSE
A:!=|23|27,ArrayDeque<T>,base,"[1, 2, 3]","c|[1, 1.0, 0],[1, 1.0, 1],[1, 1.5, 1]|integer|as-sorted",local record,flat,"{'a': 1, 'b': 2, 'c': 3}","c|[1, 1.0, 0],[1, 1.0, 1],[1, 1.5, 1]|text|not-applicable",,REFUSE
A:!=|23|28,ArrayDeque<T>,base,"[1, 2, 3]","c|[1, 1.0, 0],[1, 1.0, 1],[1, 1.5, 1]|integer|as-sorted",local class with fields,flat,"{'a': 1, 'b': 2, 'c': 3}","c|[1, 1.0, 0],[1, 1.0, 1],[1, 1.5, 1]|text|not-applicable",,REFUSE
A:!=|23|29,ArrayDeque<T>,base,"[1, 2, 3]","c|[1, 1.0, 0],[1, 1.0, 1],[1, 1.5, 1]|integer|as-sorted",List<List<Object>>,seq_in_seq,"[[1, 2], [3, 4]]","c|c|[1, 1.0, 0],[1, 1.0, 1]|integer|as-sorted,c|[1, 1.0, 2],[1, 1.5, 1]|integer|as-sorted|integer|as-sorted",,REFUSE
A:!=|23|31,ArrayDeque<T>,base,"[1, 2, 3]","c|[1, 1.0, 0],[1, 1.0, 1],[1, 1.5, 1]|integer|as-sorted",Object[][] of Object[],seq_in_seq,"[[1, 2], [3, 4]]","c|c|[1, 1.0, 0],[1, 1.0, 1]|integer|as-sorted,c|[1, 1.0, 2],[1, 1.5, 1]|integer|as-sorted|integer|as-sorted",,REFUSE
A:!=|24|0,"HashMap<String,V>",flat,"{'a': 1, 'b': 2, 'c': 3}","c|[1, 1.0, 0],[1, 1.0, 1],[1, 1.5, 1]|text|not-applicable",null reference,null,null,null,,REFUSE
A:!=|24|1,"HashMap<String,V>",flat,"{'a': 1, 'b': 2, 'c': 3}","c|[1, 1.0, 0],[1, 1.0, 1],[1, 1.5, 1]|text|not-applicable",Optional.empty(),null,null,null,,REFUSE
A:!=|24|2,"HashMap<String,V>",flat,"{'a': 1, 'b': 2, 'c': 3}","c|[1, 1.0, 0],[1, 1.0, 1],[1, 1.5, 1]|text|not-applicable",Void,null,null,null,,REFUSE
A:!=|24|3,"HashMap<String,V>",flat,"{'a': 1, 'b': 2, 'c': 3}","c|[1, 1.0, 0],[1, 1.0, 1],[1, 1.5, 1]|text|not-applicable",boolean,true,true,true,,REFUSE
A:!=|24|4,"HashMap<String,V>",flat,"{'a': 1, 'b': 2, 'c': 3}","c|[1, 1.0, 0],[1, 1.0, 1],[1, 1.5, 1]|text|not-applicable",Boolean,true,true,true,,REFUSE
A:!=|24|5,"HashMap<String,V>",flat,"{'a': 1, 'b': 2, 'c': 3}","c|[1, 1.0, 0],[1, 1.0, 1],[1, 1.5, 1]|text|not-applicable",short,base_42,002a,"[1, 1.3125, 5]",,REFUSE
A:!=|24|6,"HashMap<String,V>",flat,"{'a': 1, 'b': 2, 'c': 3}","c|[1, 1.0, 0],[1, 1.0, 1],[1, 1.5, 1]|text|not-applicable",int,base_42,0000002a,"[1, 1.3125, 5]",,REFUSE
A:!=|24|7,"HashMap<String,V>",flat,"{'a': 1, 'b': 2, 'c': 3}","c|[1, 1.0, 0],[1, 1.0, 1],[1, 1.5, 1]|text|not-applicable",long,base_42,000000000000002a,"[1, 1.3125, 5]",,REFUSE
A:!=|24|8,"HashMap<String,V>",flat,"{'a': 1, 'b': 2, 'c': 3}","c|[1, 1.0, 0],[1, 1.0, 1],[1, 1.5, 1]|text|not-applicable",Integer,base_42,0000002a,"[1, 1.3125, 5]",,REFUSE
A:!=|24|9,"HashMap<String,V>",flat,"{'a': 1, 'b': 2, 'c': 3}","c|[1, 1.0, 0],[1, 1.0, 1],[1, 1.5, 1]|text|not-applicable",Long,base_42,000000000000002a,"[1, 1.3125, 5]",,REFUSE
A:!=|24|10,"HashMap<String,V>",flat,"{'a': 1, 'b': 2, 'c': 3}","c|[1, 1.0, 0],[1, 1.0, 1],[1, 1.5, 1]|text|not-applicable",BigInteger,base_42,2a,"[1, 1.3125, 5]",,REFUSE
A:!=|24|11,"HashMap<String,V>",flat,"{'a': 1, 'b': 2, 'c': 3}","c|[1, 1.0, 0],[1, 1.0, 1],[1, 1.5, 1]|text|not-applicable",double,base_1_5,3ff8000000000000,"[1, 1.5, 0]",,REFUSE
A:!=|24|12,"HashMap<String,V>",flat,"{'a': 1, 'b': 2, 'c': 3}","c|[1, 1.0, 0],[1, 1.0, 1],[1, 1.5, 1]|text|not-applicable",float,base_1_5,3fc00000,"[1, 1.5, 0]",,REFUSE
A:!=|24|13,"HashMap<String,V>",flat,"{'a': 1, 'b': 2, 'c': 3}","c|[1, 1.0, 0],[1, 1.0, 1],[1, 1.5, 1]|text|not-applicable",BigDecimal,base_1_5,1.5,"[1, 1.5, 0]",,REFUSE
A:!=|24|14,"HashMap<String,V>",flat,"{'a': 1, 'b': 2, 'c': 3}","c|[1, 1.0, 0],[1, 1.0, 1],[1, 1.5, 1]|text|not-applicable",String,base_hello,68656c6c6f,t|68656c6c6f|5|5|5,,REFUSE
A:!=|24|15,"HashMap<String,V>",flat,"{'a': 1, 'b': 2, 'c': 3}","c|[1, 1.0, 0],[1, 1.0, 1],[1, 1.5, 1]|text|not-applicable",char[],base_hello,68656c6c6f,t|68656c6c6f|5|5|5,,REFUSE
A:!=|24|16,"HashMap<String,V>",flat,"{'a': 1, 'b': 2, 'c': 3}","c|[1, 1.0, 0],[1, 1.0, 1],[1, 1.5, 1]|text|not-applicable",StringBuilder,base_hello,68656c6c6f,t|68656c6c6f|5|5|5,,REFUSE
A:!=|24|17,"HashMap<String,V>",flat,"{'a': 1, 'b': 2, 'c': 3}","c|[1, 1.0, 0],[1, 1.0, 1],[1, 1.5, 1]|text|not-applicable",byte[],base_hello,68656c6c6f,t|68656c6c6f|5|5|5,,REFUSE
A:!=|24|18,"HashMap<String,V>",flat,"{'a': 1, 'b': 2, 'c': 3}","c|[1, 1.0, 0],[1, 1.0, 1],[1, 1.5, 1]|text|not-applicable",Object[],base,"[1, 2, 3]","c|[1, 1.0, 0],[1, 1.0, 1],[1, 1.5, 1]|integer|as-sorted",,REFUSE
A:!=|24|19,"HashMap<String,V>",flat,"{'a': 1, 'b': 2, 'c': 3}","c|[1, 1.0, 0],[1, 1.0, 1],[1, 1.5, 1]|text|not-applicable",long[],base,"[1, 2, 3]","c|[1, 1.0, 0],[1, 1.0, 1],[1, 1.5, 1]|integer|as-sorted",,REFUSE
A:!=|24|20,"HashMap<String,V>",flat,"{'a': 1, 'b': 2, 'c': 3}","c|[1, 1.0, 0],[1, 1.0, 1],[1, 1.5, 1]|text|not-applicable",ArrayList<T>,base,"[1, 2, 3]","c|[1, 1.0, 0],[1, 1.0, 1],[1, 1.5, 1]|integer|as-sorted",,REFUSE
A:!=|24|22,"HashMap<String,V>",flat,"{'a': 1, 'b': 2, 'c': 3}","c|[1, 1.0, 0],[1, 1.0, 1],[1, 1.5, 1]|text|not-applicable",LinkedList<T>,base,"[1, 2, 3]","c|[1, 1.0, 0],[1, 1.0, 1],[1, 1.5, 1]|integer|as-sorted",,REFUSE
A:!=|24|23,"HashMap<String,V>",flat,"{'a': 1, 'b': 2, 'c': 3}","c|[1, 1.0, 0],[1, 1.0, 1],[1, 1.5, 1]|text|not-applicable",ArrayDeque<T>,base,"[1, 2, 3]","c|[1, 1.0, 0],[1, 1.0, 1],[1, 1.5, 1]|integer|as-sorted",,REFUSE
A:!=|24|26,"HashMap<String,V>",flat,"{'a': 1, 'b': 2, 'c': 3}","c|[1, 1.0, 0],[1, 1.0, 1],[1, 1.5, 1]|text|not-applicable","TreeMap<String,V>",flat,"{'a': 1, 'b': 2, 'c': 3}","c|[1, 1.0, 0],[1, 1.0, 1],[1, 1.5, 1]|text|not-applicable",,REFUSE
A:!=|24|27,"HashMap<String,V>",flat,"{'a': 1, 'b': 2, 'c': 3}","c|[1, 1.0, 0],[1, 1.0, 1],[1, 1.5, 1]|text|not-applicable",local record,flat,"{'a': 1, 'b': 2, 'c': 3}","c|[1, 1.0, 0],[1, 1.0, 1],[1, 1.5, 1]|text|not-applicable",,REFUSE
A:!=|24|28,"HashMap<String,V>",flat,"{'a': 1, 'b': 2, 'c': 3}","c|[1, 1.0, 0],[1, 1.0, 1],[1, 1.5, 1]|text|not-applicable",local class with fields,flat,"{'a': 1, 'b': 2, 'c': 3}","c|[1, 1.0, 0],[1, 1.0, 1],[1, 1.5, 1]|text|not-applicable",,REFUSE
A:!=|24|30,"HashMap<String,V>",flat,"{'a': 1, 'b': 2, 'c': 3}","c|[1, 1.0, 0],[1, 1.0, 1],[1, 1.5, 1]|text|not-applicable","Map<String,Object> nesting",seq_in_seq,"[[1, 2], [3, 4]]","c|c|[1, 1.0, 0],[1, 1.0, 1]|integer|as-sorted,c|[1, 1.0, 2],[1, 1.5, 1]|integer|as-sorted|integer|as-sorted",,REFUSE
A:!=|24|31,"HashMap<String,V>",flat,"{'a': 1, 'b': 2, 'c': 3}","c|[1, 1.0, 0],[1, 1.0, 1],[1, 1.5, 1]|text|not-applicable",Object[][] of Object[],seq_in_seq,"[[1, 2], [3, 4]]","c|c|[1, 1.0, 0],[1, 1.0, 1]|integer|as-sorted,c|[1, 1.0, 2],[1, 1.5, 1]|integer|as-sorted|integer|as-sorted",,REFUSE
A:!=|25|0,"LinkedHashMap<String,V>",flat,"{'a': 1, 'b': 2, 'c': 3}","c|[1, 1.0, 0],[1, 1.0, 1],[1, 1.5, 1]|text|not-applicable",null reference,null,null,null,,REFUSE
A:!=|25|1,"LinkedHashMap<String,V>",flat,"{'a': 1, 'b': 2, 'c': 3}","c|[1, 1.0, 0],[1, 1.0, 1],[1, 1.5, 1]|text|not-applicable",Optional.empty(),null,null,null,,REFUSE
A:!=|25|2,"LinkedHashMap<String,V>",flat,"{'a': 1, 'b': 2, 'c': 3}","c|[1, 1.0, 0],[1, 1.0, 1],[1, 1.5, 1]|text|not-applicable",Void,null,null,null,,REFUSE
A:!=|25|3,"LinkedHashMap<String,V>",flat,"{'a': 1, 'b': 2, 'c': 3}","c|[1, 1.0, 0],[1, 1.0, 1],[1, 1.5, 1]|text|not-applicable",boolean,true,true,true,,REFUSE
A:!=|25|4,"LinkedHashMap<String,V>",flat,"{'a': 1, 'b': 2, 'c': 3}","c|[1, 1.0, 0],[1, 1.0, 1],[1, 1.5, 1]|text|not-applicable",Boolean,true,true,true,,REFUSE
A:!=|25|5,"LinkedHashMap<String,V>",flat,"{'a': 1, 'b': 2, 'c': 3}","c|[1, 1.0, 0],[1, 1.0, 1],[1, 1.5, 1]|text|not-applicable",short,base_42,002a,"[1, 1.3125, 5]",,REFUSE
A:!=|25|6,"LinkedHashMap<String,V>",flat,"{'a': 1, 'b': 2, 'c': 3}","c|[1, 1.0, 0],[1, 1.0, 1],[1, 1.5, 1]|text|not-applicable",int,base_42,0000002a,"[1, 1.3125, 5]",,REFUSE
A:!=|25|7,"LinkedHashMap<String,V>",flat,"{'a': 1, 'b': 2, 'c': 3}","c|[1, 1.0, 0],[1, 1.0, 1],[1, 1.5, 1]|text|not-applicable",long,base_42,000000000000002a,"[1, 1.3125, 5]",,REFUSE
A:!=|25|8,"LinkedHashMap<String,V>",flat,"{'a': 1, 'b': 2, 'c': 3}","c|[1, 1.0, 0],[1, 1.0, 1],[1, 1.5, 1]|text|not-applicable",Integer,base_42,0000002a,"[1, 1.3125, 5]",,REFUSE
A:!=|25|9,"LinkedHashMap<String,V>",flat,"{'a': 1, 'b': 2, 'c': 3}","c|[1, 1.0, 0],[1, 1.0, 1],[1, 1.5, 1]|text|not-applicable",Long,base_42,000000000000002a,"[1, 1.3125, 5]",,REFUSE
A:!=|25|10,"LinkedHashMap<String,V>",flat,"{'a': 1, 'b': 2, 'c': 3}","c|[1, 1.0, 0],[1, 1.0, 1],[1, 1.5, 1]|text|not-applicable",BigInteger,base_42,2a,"[1, 1.3125, 5]",,REFUSE
A:!=|25|11,"LinkedHashMap<String,V>",flat,"{'a': 1, 'b': 2, 'c': 3}","c|[1, 1.0, 0],[1, 1.0, 1],[1, 1.5, 1]|text|not-applicable",double,base_1_5,3ff8000000000000,"[1, 1.5, 0]",,REFUSE
A:!=|25|12,"LinkedHashMap<String,V>",flat,"{'a': 1, 'b': 2, 'c': 3}","c|[1, 1.0, 0],[1, 1.0, 1],[1, 1.5, 1]|text|not-applicable",float,base_1_5,3fc00000,"[1, 1.5, 0]",,REFUSE
A:!=|25|13,"LinkedHashMap<String,V>",flat,"{'a': 1, 'b': 2, 'c': 3}","c|[1, 1.0, 0],[1, 1.0, 1],[1, 1.5, 1]|text|not-applicable",BigDecimal,base_1_5,1.5,"[1, 1.5, 0]",,REFUSE
A:!=|25|14,"LinkedHashMap<String,V>",flat,"{'a': 1, 'b': 2, 'c': 3}","c|[1, 1.0, 0],[1, 1.0, 1],[1, 1.5, 1]|text|not-applicable",String,base_hello,68656c6c6f,t|68656c6c6f|5|5|5,,REFUSE
A:!=|25|15,"LinkedHashMap<String,V>",flat,"{'a': 1, 'b': 2, 'c': 3}","c|[1, 1.0, 0],[1, 1.0, 1],[1, 1.5, 1]|text|not-applicable",char[],base_hello,68656c6c6f,t|68656c6c6f|5|5|5,,REFUSE
A:!=|25|16,"LinkedHashMap<String,V>",flat,"{'a': 1, 'b': 2, 'c': 3}","c|[1, 1.0, 0],[1, 1.0, 1],[1, 1.5, 1]|text|not-applicable",StringBuilder,base_hello,68656c6c6f,t|68656c6c6f|5|5|5,,REFUSE
A:!=|25|17,"LinkedHashMap<String,V>",flat,"{'a': 1, 'b': 2, 'c': 3}","c|[1, 1.0, 0],[1, 1.0, 1],[1, 1.5, 1]|text|not-applicable",byte[],base_hello,68656c6c6f,t|68656c6c6f|5|5|5,,REFUSE
A:!=|25|18,"LinkedHashMap<String,V>",flat,"{'a': 1, 'b': 2, 'c': 3}","c|[1, 1.0, 0],[1, 1.0, 1],[1, 1.5, 1]|text|not-applicable",Object[],base,"[1, 2, 3]","c|[1, 1.0, 0],[1, 1.0, 1],[1, 1.5, 1]|integer|as-sorted",,REFUSE
A:!=|25|19,"LinkedHashMap<String,V>",flat,"{'a': 1, 'b': 2, 'c': 3}","c|[1, 1.0, 0],[1, 1.0, 1],[1, 1.5, 1]|text|not-applicable",long[],base,"[1, 2, 3]","c|[1, 1.0, 0],[1, 1.0, 1],[1, 1.5, 1]|integer|as-sorted",,REFUSE
A:!=|25|20,"LinkedHashMap<String,V>",flat,"{'a': 1, 'b': 2, 'c': 3}","c|[1, 1.0, 0],[1, 1.0, 1],[1, 1.5, 1]|text|not-applicable",ArrayList<T>,base,"[1, 2, 3]","c|[1, 1.0, 0],[1, 1.0, 1],[1, 1.5, 1]|integer|as-sorted",,REFUSE
A:!=|25|22,"LinkedHashMap<String,V>",flat,"{'a': 1, 'b': 2, 'c': 3}","c|[1, 1.0, 0],[1, 1.0, 1],[1, 1.5, 1]|text|not-applicable",LinkedList<T>,base,"[1, 2, 3]","c|[1, 1.0, 0],[1, 1.0, 1],[1, 1.5, 1]|integer|as-sorted",,REFUSE
A:!=|25|23,"LinkedHashMap<String,V>",flat,"{'a': 1, 'b': 2, 'c': 3}","c|[1, 1.0, 0],[1, 1.0, 1],[1, 1.5, 1]|text|not-applicable",ArrayDeque<T>,base,"[1, 2, 3]","c|[1, 1.0, 0],[1, 1.0, 1],[1, 1.5, 1]|integer|as-sorted",,REFUSE
A:!=|25|26,"LinkedHashMap<String,V>",flat,"{'a': 1, 'b': 2, 'c': 3}","c|[1, 1.0, 0],[1, 1.0, 1],[1, 1.5, 1]|text|not-applicable","TreeMap<String,V>",flat,"{'a': 1, 'b': 2, 'c': 3}","c|[1, 1.0, 0],[1, 1.0, 1],[1, 1.5, 1]|text|not-applicable",,REFUSE
A:!=|25|27,"LinkedHashMap<String,V>",flat,"{'a': 1, 'b': 2, 'c': 3}","c|[1, 1.0, 0],[1, 1.0, 1],[1, 1.5, 1]|text|not-applicable",local record,flat,"{'a': 1, 'b': 2, 'c': 3}","c|[1, 1.0, 0],[1, 1.0, 1],[1, 1.5, 1]|text|not-applicable",,REFUSE
A:!=|25|28,"LinkedHashMap<String,V>",flat,"{'a': 1, 'b': 2, 'c': 3}","c|[1, 1.0, 0],[1, 1.0, 1],[1, 1.5, 1]|text|not-applicable",local class with fields,flat,"{'a': 1, 'b': 2, 'c': 3}","c|[1, 1.0, 0],[1, 1.0, 1],[1, 1.5, 1]|text|not-applicable",,REFUSE
A:!=|25|30,"LinkedHashMap<String,V>",flat,"{'a': 1, 'b': 2, 'c': 3}","c|[1, 1.0, 0],[1, 1.0, 1],[1, 1.5, 1]|text|not-applicable","Map<String,Object> nesting",seq_in_seq,"[[1, 2], [3, 4]]","c|c|[1, 1.0, 0],[1, 1.0, 1]|integer|as-sorted,c|[1, 1.0, 2],[1, 1.5, 1]|integer|as-sorted|integer|as-sorted",,REFUSE
A:!=|25|31,"LinkedHashMap<String,V>",flat,"{'a': 1, 'b': 2, 'c': 3}","c|[1, 1.0, 0],[1, 1.0, 1],[1, 1.5, 1]|text|not-applicable",Object[][] of Object[],seq_in_seq,"[[1, 2], [3, 4]]","c|c|[1, 1.0, 0],[1, 1.0, 1]|integer|as-sorted,c|[1, 1.0, 2],[1, 1.5, 1]|integer|as-sorted|integer|as-sorted",,REFUSE
A:!=|26|0,"TreeMap<String,V>",flat,"{'a': 1, 'b': 2, 'c': 3}","c|[1, 1.0, 0],[1, 1.0, 1],[1, 1.5, 1]|text|not-applicable",null reference,null,null,null,,REFUSE
A:!=|26|1,"TreeMap<String,V>",flat,"{'a': 1, 'b': 2, 'c': 3}","c|[1, 1.0, 0],[1, 1.0, 1],[1, 1.5, 1]|text|not-applicable",Optional.empty(),null,null,null,,REFUSE
A:!=|26|2,"TreeMap<String,V>",flat,"{'a': 1, 'b': 2, 'c': 3}","c|[1, 1.0, 0],[1, 1.0, 1],[1, 1.5, 1]|text|not-applicable",Void,null,null,null,,REFUSE
A:!=|26|3,"TreeMap<String,V>",flat,"{'a': 1, 'b': 2, 'c': 3}","c|[1, 1.0, 0],[1, 1.0, 1],[1, 1.5, 1]|text|not-applicable",boolean,true,true,true,,REFUSE
A:!=|26|4,"TreeMap<String,V>",flat,"{'a': 1, 'b': 2, 'c': 3}","c|[1, 1.0, 0],[1, 1.0, 1],[1, 1.5, 1]|text|not-applicable",Boolean,true,true,true,,REFUSE
A:!=|26|5,"TreeMap<String,V>",flat,"{'a': 1, 'b': 2, 'c': 3}","c|[1, 1.0, 0],[1, 1.0, 1],[1, 1.5, 1]|text|not-applicable",short,base_42,002a,"[1, 1.3125, 5]",,REFUSE
A:!=|26|6,"TreeMap<String,V>",flat,"{'a': 1, 'b': 2, 'c': 3}","c|[1, 1.0, 0],[1, 1.0, 1],[1, 1.5, 1]|text|not-applicable",int,base_42,0000002a,"[1, 1.3125, 5]",,REFUSE
A:!=|26|7,"TreeMap<String,V>",flat,"{'a': 1, 'b': 2, 'c': 3}","c|[1, 1.0, 0],[1, 1.0, 1],[1, 1.5, 1]|text|not-applicable",long,base_42,000000000000002a,"[1, 1.3125, 5]",,REFUSE
A:!=|26|8,"TreeMap<String,V>",flat,"{'a': 1, 'b': 2, 'c': 3}","c|[1, 1.0, 0],[1, 1.0, 1],[1, 1.5, 1]|text|not-applicable",Integer,base_42,0000002a,"[1, 1.3125, 5]",,REFUSE
A:!=|26|9,"TreeMap<String,V>",flat,"{'a': 1, 'b': 2, 'c': 3}","c|[1, 1.0, 0],[1, 1.0, 1],[1, 1.5, 1]|text|not-applicable",Long,base_42,000000000000002a,"[1, 1.3125, 5]",,REFUSE
A:!=|26|10,"TreeMap<String,V>",flat,"{'a': 1, 'b': 2, 'c': 3}","c|[1, 1.0, 0],[1, 1.0, 1],[1, 1.5, 1]|text|not-applicable",BigInteger,base_42,2a,"[1, 1.3125, 5]",,REFUSE
A:!=|26|11,"TreeMap<String,V>",flat,"{'a': 1, 'b': 2, 'c': 3}","c|[1, 1.0, 0],[1, 1.0, 1],[1, 1.5, 1]|text|not-applicable",double,base_1_5,3ff8000000000000,"[1, 1.5, 0]",,REFUSE
A:!=|26|12,"TreeMap<String,V>",flat,"{'a': 1, 'b': 2, 'c': 3}","c|[1, 1.0, 0],[1, 1.0, 1],[1, 1.5, 1]|text|not-applicable",float,base_1_5,3fc00000,"[1, 1.5, 0]",,REFUSE
A:!=|26|13,"TreeMap<String,V>",flat,"{'a': 1, 'b': 2, 'c': 3}","c|[1, 1.0, 0],[1, 1.0, 1],[1, 1.5, 1]|text|not-applicable",BigDecimal,base_1_5,1.5,"[1, 1.5, 0]",,REFUSE
A:!=|26|14,"TreeMap<String,V>",flat,"{'a': 1, 'b': 2, 'c': 3}","c|[1, 1.0, 0],[1, 1.0, 1],[1, 1.5, 1]|text|not-applicable",String,base_hello,68656c6c6f,t|68656c6c6f|5|5|5,,REFUSE
A:!=|26|15,"TreeMap<String,V>",flat,"{'a': 1, 'b': 2, 'c': 3}","c|[1, 1.0, 0],[1, 1.0, 1],[1, 1.5, 1]|text|not-applicable",char[],base_hello,68656c6c6f,t|68656c6c6f|5|5|5,,REFUSE
A:!=|26|16,"TreeMap<String,V>",flat,"{'a': 1, 'b': 2, 'c': 3}","c|[1, 1.0, 0],[1, 1.0, 1],[1, 1.5, 1]|text|not-applicable",StringBuilder,base_hello,68656c6c6f,t|68656c6c6f|5|5|5,,REFUSE
A:!=|26|17,"TreeMap<String,V>",flat,"{'a': 1, 'b': 2, 'c': 3}","c|[1, 1.0, 0],[1, 1.0, 1],[1, 1.5, 1]|text|not-applicable",byte[],base_hello,68656c6c6f,t|68656c6c6f|5|5|5,,REFUSE
A:!=|26|18,"TreeMap<String,V>",flat,"{'a': 1, 'b': 2, 'c': 3}","c|[1, 1.0, 0],[1, 1.0, 1],[1, 1.5, 1]|text|not-applicable",Object[],base,"[1, 2, 3]","c|[1, 1.0, 0],[1, 1.0, 1],[1, 1.5, 1]|integer|as-sorted",,REFUSE
A:!=|26|19,"TreeMap<String,V>",flat,"{'a': 1, 'b': 2, 'c': 3}","c|[1, 1.0, 0],[1, 1.0, 1],[1, 1.5, 1]|text|not-applicable",long[],base,"[1, 2, 3]","c|[1, 1.0, 0],[1, 1.0, 1],[1, 1.5, 1]|integer|as-sorted",,REFUSE
A:!=|26|20,"TreeMap<String,V>",flat,"{'a': 1, 'b': 2, 'c': 3}","c|[1, 1.0, 0],[1, 1.0, 1],[1, 1.5, 1]|text|not-applicable",ArrayList<T>,base,"[1, 2, 3]","c|[1, 1.0, 0],[1, 1.0, 1],[1, 1.5, 1]|integer|as-sorted",,REFUSE
A:!=|26|22,"TreeMap<String,V>",flat,"{'a': 1, 'b': 2, 'c': 3}","c|[1, 1.0, 0],[1, 1.0, 1],[1, 1.5, 1]|text|not-applicable",LinkedList<T>,base,"[1, 2, 3]","c|[1, 1.0, 0],[1, 1.0, 1],[1, 1.5, 1]|integer|as-sorted",,REFUSE
A:!=|26|23,"TreeMap<String,V>",flat,"{'a': 1, 'b': 2, 'c': 3}","c|[1, 1.0, 0],[1, 1.0, 1],[1, 1.5, 1]|text|not-applicable",ArrayDeque<T>,base,"[1, 2, 3]","c|[1, 1.0, 0],[1, 1.0, 1],[1, 1.5, 1]|integer|as-sorted",,REFUSE
A:!=|26|24,"TreeMap<String,V>",flat,"{'a': 1, 'b': 2, 'c': 3}","c|[1, 1.0, 0],[1, 1.0, 1],[1, 1.5, 1]|text|not-applicable","HashMap<String,V>",flat,"{'a': 1, 'b': 2, 'c': 3}","c|[1, 1.0, 0],[1, 1.0, 1],[1, 1.5, 1]|text|not-applicable",,REFUSE
A:!=|26|25,"TreeMap<String,V>",flat,"{'a': 1, 'b': 2, 'c': 3}","c|[1, 1.0, 0],[1, 1.0, 1],[1, 1.5, 1]|text|not-applicable","LinkedHashMap<String,V>",flat,"{'a': 1, 'b': 2, 'c': 3}","c|[1, 1.0, 0],[1, 1.0, 1],[1, 1.5, 1]|text|not-applicable",,REFUSE
A:!=|26|27,"TreeMap<String,V>",flat,"{'a': 1, 'b': 2, 'c': 3}","c|[1, 1.0, 0],[1, 1.0, 1],[1, 1.5, 1]|text|not-applicable",local record,flat,"{'a': 1, 'b': 2, 'c': 3}","c|[1, 1.0, 0],[1, 1.0, 1],[1, 1.5, 1]|text|not-applicable",,REFUSE
A:!=|26|28,"TreeMap<String,V>",flat,"{'a': 1, 'b': 2, 'c': 3}","c|[1, 1.0, 0],[1, 1.0, 1],[1, 1.5, 1]|text|not-applicable",local class with fields,flat,"{'a': 1, 'b': 2, 'c': 3}","c|[1, 1.0, 0],[1, 1.0, 1],[1, 1.5, 1]|text|not-applicable",,REFUSE
A:!=|26|30,"TreeMap<String,V>",flat,"{'a': 1, 'b': 2, 'c': 3}","c|[1, 1.0, 0],[1, 1.0, 1],[1, 1.5, 1]|text|not-applicable","Map<String,Object> nesting",seq_in_seq,"[[1, 2], [3, 4]]","c|c|[1, 1.0, 0],[1, 1.0, 1]|integer|as-sorted,c|[1, 1.0, 2],[1, 1.5, 1]|integer|as-sorted|integer|as-sorted",,REFUSE
A:!=|26|31,"TreeMap<String,V>",flat,"{'a': 1, 'b': 2, 'c': 3}","c|[1, 1.0, 0],[1, 1.0, 1],[1, 1.5, 1]|text|not-applicable",Object[][] of Object[],seq_in_seq,"[[1, 2], [3, 4]]","c|c|[1, 1.0, 0],[1, 1.0, 1]|integer|as-sorted,c|[1, 1.0, 2],[1, 1.5, 1]|integer|as-sorted|integer|as-sorted",,REFUSE
A:!=|27|0,local record,flat,"{'a': 1, 'b': 2, 'c': 3}","c|[1, 1.0, 0],[1, 1.0, 1],[1, 1.5, 1]|text|not-applicable",null reference,null,null,null,,REFUSE
A:!=|27|1,local record,flat,"{'a': 1, 'b': 2, 'c': 3}","c|[1, 1.0, 0],[1, 1.0, 1],[1, 1.5, 1]|text|not-applicable",Optional.empty(),null,null,null,,REFUSE
A:!=|27|2,local record,flat,"{'a': 1, 'b': 2, 'c': 3}","c|[1, 1.0, 0],[1, 1.0, 1],[1, 1.5, 1]|text|not-applicable",Void,null,null,null,,REFUSE
A:!=|27|3,local record,flat,"{'a': 1, 'b': 2, 'c': 3}","c|[1, 1.0, 0],[1, 1.0, 1],[1, 1.5, 1]|text|not-applicable",boolean,true,true,true,,REFUSE
A:!=|27|4,local record,flat,"{'a': 1, 'b': 2, 'c': 3}","c|[1, 1.0, 0],[1, 1.0, 1],[1, 1.5, 1]|text|not-applicable",Boolean,true,true,true,,REFUSE
A:!=|27|5,local record,flat,"{'a': 1, 'b': 2, 'c': 3}","c|[1, 1.0, 0],[1, 1.0, 1],[1, 1.5, 1]|text|not-applicable",short,base_42,002a,"[1, 1.3125, 5]",,REFUSE
A:!=|27|6,local record,flat,"{'a': 1, 'b': 2, 'c': 3}","c|[1, 1.0, 0],[1, 1.0, 1],[1, 1.5, 1]|text|not-applicable",int,base_42,0000002a,"[1, 1.3125, 5]",,REFUSE
A:!=|27|7,local record,flat,"{'a': 1, 'b': 2, 'c': 3}","c|[1, 1.0, 0],[1, 1.0, 1],[1, 1.5, 1]|text|not-applicable",long,base_42,000000000000002a,"[1, 1.3125, 5]",,REFUSE
A:!=|27|8,local record,flat,"{'a': 1, 'b': 2, 'c': 3}","c|[1, 1.0, 0],[1, 1.0, 1],[1, 1.5, 1]|text|not-applicable",Integer,base_42,0000002a,"[1, 1.3125, 5]",,REFUSE
A:!=|27|9,local record,flat,"{'a': 1, 'b': 2, 'c': 3}","c|[1, 1.0, 0],[1, 1.0, 1],[1, 1.5, 1]|text|not-applicable",Long,base_42,000000000000002a,"[1, 1.3125, 5]",,REFUSE
A:!=|27|10,local record,flat,"{'a': 1, 'b': 2, 'c': 3}","c|[1, 1.0, 0],[1, 1.0, 1],[1, 1.5, 1]|text|not-applicable",BigInteger,base_42,2a,"[1, 1.3125, 5]",,REFUSE
A:!=|27|11,local record,flat,"{'a': 1, 'b': 2, 'c': 3}","c|[1, 1.0, 0],[1, 1.0, 1],[1, 1.5, 1]|text|not-applicable",double,base_1_5,3ff8000000000000,"[1, 1.5, 0]",,REFUSE
A:!=|27|12,local record,flat,"{'a': 1, 'b': 2, 'c': 3}","c|[1, 1.0, 0],[1, 1.0, 1],[1, 1.5, 1]|text|not-applicable",float,base_1_5,3fc00000,"[1, 1.5, 0]",,REFUSE
A:!=|27|13,local record,flat,"{'a': 1, 'b': 2, 'c': 3}","c|[1, 1.0, 0],[1, 1.0, 1],[1, 1.5, 1]|text|not-applicable",BigDecimal,base_1_5,1.5,"[1, 1.5, 0]",,REFUSE
A:!=|27|14,local record,flat,"{'a': 1, 'b': 2, 'c': 3}","c|[1, 1.0, 0],[1, 1.0, 1],[1, 1.5, 1]|text|not-applicable",String,base_hello,68656c6c6f,t|68656c6c6f|5|5|5,,REFUSE
A:!=|27|15,local record,flat,"{'a': 1, 'b': 2, 'c': 3}","c|[1, 1.0, 0],[1, 1.0, 1],[1, 1.5, 1]|text|not-applicable",char[],base_hello,68656c6c6f,t|68656c6c6f|5|5|5,,REFUSE
A:!=|27|16,local record,flat,"{'a': 1, 'b': 2, 'c': 3}","c|[1, 1.0, 0],[1, 1.0, 1],[1, 1.5, 1]|text|not-applicable",StringBuilder,base_hello,68656c6c6f,t|68656c6c6f|5|5|5,,REFUSE
A:!=|27|17,local record,flat,"{'a': 1, 'b': 2, 'c': 3}","c|[1, 1.0, 0],[1, 1.0, 1],[1, 1.5, 1]|text|not-applicable",byte[],base_hello,68656c6c6f,t|68656c6c6f|5|5|5,,REFUSE
A:!=|27|18,local record,flat,"{'a': 1, 'b': 2, 'c': 3}","c|[1, 1.0, 0],[1, 1.0, 1],[1, 1.5, 1]|text|not-applicable",Object[],base,"[1, 2, 3]","c|[1, 1.0, 0],[1, 1.0, 1],[1, 1.5, 1]|integer|as-sorted",,REFUSE
A:!=|27|19,local record,flat,"{'a': 1, 'b': 2, 'c': 3}","c|[1, 1.0, 0],[1, 1.0, 1],[1, 1.5, 1]|text|not-applicable",long[],base,"[1, 2, 3]","c|[1, 1.0, 0],[1, 1.0, 1],[1, 1.5, 1]|integer|as-sorted",,REFUSE
A:!=|27|20,local record,flat,"{'a': 1, 'b': 2, 'c': 3}","c|[1, 1.0, 0],[1, 1.0, 1],[1, 1.5, 1]|text|not-applicable",ArrayList<T>,base,"[1, 2, 3]","c|[1, 1.0, 0],[1, 1.0, 1],[1, 1.5, 1]|integer|as-sorted",,REFUSE
A:!=|27|21,local record,flat,"{'a': 1, 'b': 2, 'c': 3}","c|[1, 1.0, 0],[1, 1.0, 1],[1, 1.5, 1]|text|not-applicable",List.of(...),base,"[1, 2, 3]","c|[1, 1.0, 0],[1, 1.0, 1],[1, 1.5, 1]|integer|as-sorted",,REFUSE
A:!=|27|22,local record,flat,"{'a': 1, 'b': 2, 'c': 3}","c|[1, 1.0, 0],[1, 1.0, 1],[1, 1.5, 1]|text|not-applicable",LinkedList<T>,base,"[1, 2, 3]","c|[1, 1.0, 0],[1, 1.0, 1],[1, 1.5, 1]|integer|as-sorted",,REFUSE
A:!=|27|23,local record,flat,"{'a': 1, 'b': 2, 'c': 3}","c|[1, 1.0, 0],[1, 1.0, 1],[1, 1.5, 1]|text|not-applicable",ArrayDeque<T>,base,"[1, 2, 3]","c|[1, 1.0, 0],[1, 1.0, 1],[1, 1.5, 1]|integer|as-sorted",,REFUSE
A:!=|27|24,local record,flat,"{'a': 1, 'b': 2, 'c': 3}","c|[1, 1.0, 0],[1, 1.0, 1],[1, 1.5, 1]|text|not-applicable","HashMap<String,V>",flat,"{'a': 1, 'b': 2, 'c': 3}","c|[1, 1.0, 0],[1, 1.0, 1],[1, 1.5, 1]|text|not-applicable",,REFUSE
A:!=|27|25,local record,flat,"{'a': 1, 'b': 2, 'c': 3}","c|[1, 1.0, 0],[1, 1.0, 1],[1, 1.5, 1]|text|not-applicable","LinkedHashMap<String,V>",flat,"{'a': 1, 'b': 2, 'c': 3}","c|[1, 1.0, 0],[1, 1.0, 1],[1, 1.5, 1]|text|not-applicable",,REFUSE
A:!=|27|26,local record,flat,"{'a': 1, 'b': 2, 'c': 3}","c|[1, 1.0, 0],[1, 1.0, 1],[1, 1.5, 1]|text|not-applicable","TreeMap<String,V>",flat,"{'a': 1, 'b': 2, 'c': 3}","c|[1, 1.0, 0],[1, 1.0, 1],[1, 1.5, 1]|text|not-applicable",,REFUSE
A:!=|27|27,local record,flat,"{'a': 1, 'b': 2, 'c': 3}","c|[1, 1.0, 0],[1, 1.0, 1],[1, 1.5, 1]|text|not-applicable",local record,flat,"{'a': 1, 'b': 2, 'c': 3}","c|[1, 1.0, 0],[1, 1.0, 1],[1, 1.5, 1]|text|not-applicable",,REFUSE
A:!=|27|28,local record,flat,"{'a': 1, 'b': 2, 'c': 3}","c|[1, 1.0, 0],[1, 1.0, 1],[1, 1.5, 1]|text|not-applicable",local class with fields,flat,"{'a': 1, 'b': 2, 'c': 3}","c|[1, 1.0, 0],[1, 1.0, 1],[1, 1.5, 1]|text|not-applicable",,REFUSE
A:!=|27|29,local record,flat,"{'a': 1, 'b': 2, 'c': 3}","c|[1, 1.0, 0],[1, 1.0, 1],[1, 1.5, 1]|text|not-applicable",List<List<Object>>,seq_in_seq,"[[1, 2], [3, 4]]","c|c|[1, 1.0, 0],[1, 1.0, 1]|integer|as-sorted,c|[1, 1.0, 2],[1, 1.5, 1]|integer|as-sorted|integer|as-sorted",,REFUSE
A:!=|27|30,local record,flat,"{'a': 1, 'b': 2, 'c': 3}","c|[1, 1.0, 0],[1, 1.0, 1],[1, 1.5, 1]|text|not-applicable","Map<String,Object> nesting",seq_in_seq,"[[1, 2], [3, 4]]","c|c|[1, 1.0, 0],[1, 1.0, 1]|integer|as-sorted,c|[1, 1.0, 2],[1, 1.5, 1]|integer|as-sorted|integer|as-sorted",,REFUSE
A:!=|27|31,local record,flat,"{'a': 1, 'b': 2, 'c': 3}","c|[1, 1.0, 0],[1, 1.0, 1],[1, 1.5, 1]|text|not-applicable",Object[][] of Object[],seq_in_seq,"[[1, 2], [3, 4]]","c|c|[1, 1.0, 0],[1, 1.0, 1]|integer|as-sorted,c|[1, 1.0, 2],[1, 1.5, 1]|integer|as-sorted|integer|as-sorted",,REFUSE
A:!=|28|0,local class with fields,flat,"{'a': 1, 'b': 2, 'c': 3}","c|[1, 1.0, 0],[1, 1.0, 1],[1, 1.5, 1]|text|not-applicable",null reference,null,null,null,,REFUSE
A:!=|28|1,local class with fields,flat,"{'a': 1, 'b': 2, 'c': 3}","c|[1, 1.0, 0],[1, 1.0, 1],[1, 1.5, 1]|text|not-applicable",Optional.empty(),null,null,null,,REFUSE
A:!=|28|2,local class with fields,flat,"{'a': 1, 'b': 2, 'c': 3}","c|[1, 1.0, 0],[1, 1.0, 1],[1, 1.5, 1]|text|not-applicable",Void,null,null,null,,REFUSE
A:!=|28|3,local class with fields,flat,"{'a': 1, 'b': 2, 'c': 3}","c|[1, 1.0, 0],[1, 1.0, 1],[1, 1.5, 1]|text|not-applicable",boolean,true,true,true,,REFUSE
A:!=|28|4,local class with fields,flat,"{'a': 1, 'b': 2, 'c': 3}","c|[1, 1.0, 0],[1, 1.0, 1],[1, 1.5, 1]|text|not-applicable",Boolean,true,true,true,,REFUSE
A:!=|28|5,local class with fields,flat,"{'a': 1, 'b': 2, 'c': 3}","c|[1, 1.0, 0],[1, 1.0, 1],[1, 1.5, 1]|text|not-applicable",short,base_42,002a,"[1, 1.3125, 5]",,REFUSE
A:!=|28|6,local class with fields,flat,"{'a': 1, 'b': 2, 'c': 3}","c|[1, 1.0, 0],[1, 1.0, 1],[1, 1.5, 1]|text|not-applicable",int,base_42,0000002a,"[1, 1.3125, 5]",,REFUSE
A:!=|28|7,local class with fields,flat,"{'a': 1, 'b': 2, 'c': 3}","c|[1, 1.0, 0],[1, 1.0, 1],[1, 1.5, 1]|text|not-applicable",long,base_42,000000000000002a,"[1, 1.3125, 5]",,REFUSE
A:!=|28|8,local class with fields,flat,"{'a': 1, 'b': 2, 'c': 3}","c|[1, 1.0, 0],[1, 1.0, 1],[1, 1.5, 1]|text|not-applicable",Integer,base_42,0000002a,"[1, 1.3125, 5]",,REFUSE
A:!=|28|9,local class with fields,flat,"{'a': 1, 'b': 2, 'c': 3}","c|[1, 1.0, 0],[1, 1.0, 1],[1, 1.5, 1]|text|not-applicable",Long,base_42,000000000000002a,"[1, 1.3125, 5]",,REFUSE
A:!=|28|10,local class with fields,flat,"{'a': 1, 'b': 2, 'c': 3}","c|[1, 1.0, 0],[1, 1.0, 1],[1, 1.5, 1]|text|not-applicable",BigInteger,base_42,2a,"[1, 1.3125, 5]",,REFUSE
A:!=|28|11,local class with fields,flat,"{'a': 1, 'b': 2, 'c': 3}","c|[1, 1.0, 0],[1, 1.0, 1],[1, 1.5, 1]|text|not-applicable",double,base_1_5,3ff8000000000000,"[1, 1.5, 0]",,REFUSE
A:!=|28|12,local class with fields,flat,"{'a': 1, 'b': 2, 'c': 3}","c|[1, 1.0, 0],[1, 1.0, 1],[1, 1.5, 1]|text|not-applicable",float,base_1_5,3fc00000,"[1, 1.5, 0]",,REFUSE
A:!=|28|13,local class with fields,flat,"{'a': 1, 'b': 2, 'c': 3}","c|[1, 1.0, 0],[1, 1.0, 1],[1, 1.5, 1]|text|not-applicable",BigDecimal,base_1_5,1.5,"[1, 1.5, 0]",,REFUSE
A:!=|28|14,local class with fields,flat,"{'a': 1, 'b': 2, 'c': 3}","c|[1, 1.0, 0],[1, 1.0, 1],[1, 1.5, 1]|text|not-applicable",String,base_hello,68656c6c6f,t|68656c6c6f|5|5|5,,REFUSE
A:!=|28|15,local class with fields,flat,"{'a': 1, 'b': 2, 'c': 3}","c|[1, 1.0, 0],[1, 1.0, 1],[1, 1.5, 1]|text|not-applicable",char[],base_hello,68656c6c6f,t|68656c6c6f|5|5|5,,REFUSE
A:!=|28|16,local class with fields,flat,"{'a': 1, 'b': 2, 'c': 3}","c|[1, 1.0, 0],[1, 1.0, 1],[1, 1.5, 1]|text|not-applicable",StringBuilder,base_hello,68656c6c6f,t|68656c6c6f|5|5|5,,REFUSE
A:!=|28|17,local class with fields,flat,"{'a': 1, 'b': 2, 'c': 3}","c|[1, 1.0, 0],[1, 1.0, 1],[1, 1.5, 1]|text|not-applicable",byte[],base_hello,68656c6c6f,t|68656c6c6f|5|5|5,,REFUSE
A:!=|28|18,local class with fields,flat,"{'a': 1, 'b': 2, 'c': 3}","c|[1, 1.0, 0],[1, 1.0, 1],[1, 1.5, 1]|text|not-applicable",Object[],base,"[1, 2, 3]","c|[1, 1.0, 0],[1, 1.0, 1],[1, 1.5, 1]|integer|as-sorted",,REFUSE
A:!=|28|19,local class with fields,flat,"{'a': 1, 'b': 2, 'c': 3}","c|[1, 1.0, 0],[1, 1.0, 1],[1, 1.5, 1]|text|not-applicable",long[],base,"[1, 2, 3]","c|[1, 1.0, 0],[1, 1.0, 1],[1, 1.5, 1]|integer|as-sorted",,REFUSE
A:!=|28|20,local class with fields,flat,"{'a': 1, 'b': 2, 'c': 3}","c|[1, 1.0, 0],[1, 1.0, 1],[1, 1.5, 1]|text|not-applicable",ArrayList<T>,base,"[1, 2, 3]","c|[1, 1.0, 0],[1, 1.0, 1],[1, 1.5, 1]|integer|as-sorted",,REFUSE
A:!=|28|22,local class with fields,flat,"{'a': 1, 'b': 2, 'c': 3}","c|[1, 1.0, 0],[1, 1.0, 1],[1, 1.5, 1]|text|not-applicable",LinkedList<T>,base,"[1, 2, 3]","c|[1, 1.0, 0],[1, 1.0, 1],[1, 1.5, 1]|integer|as-sorted",,REFUSE
A:!=|28|23,local class with fields,flat,"{'a': 1, 'b': 2, 'c': 3}","c|[1, 1.0, 0],[1, 1.0, 1],[1, 1.5, 1]|text|not-applicable",ArrayDeque<T>,base,"[1, 2, 3]","c|[1, 1.0, 0],[1, 1.0, 1],[1, 1.5, 1]|integer|as-sorted",,REFUSE
A:!=|28|24,local class with fields,flat,"{'a': 1, 'b': 2, 'c': 3}","c|[1, 1.0, 0],[1, 1.0, 1],[1, 1.5, 1]|text|not-applicable","HashMap<String,V>",flat,"{'a': 1, 'b': 2, 'c': 3}","c|[1, 1.0, 0],[1, 1.0, 1],[1, 1.5, 1]|text|not-applicable",,REFUSE
A:!=|28|25,local class with fields,flat,"{'a': 1, 'b': 2, 'c': 3}","c|[1, 1.0, 0],[1, 1.0, 1],[1, 1.5, 1]|text|not-applicable","LinkedHashMap<String,V>",flat,"{'a': 1, 'b': 2, 'c': 3}","c|[1, 1.0, 0],[1, 1.0, 1],[1, 1.5, 1]|text|not-applicable",,REFUSE
A:!=|28|26,local class with fields,flat,"{'a': 1, 'b': 2, 'c': 3}","c|[1, 1.0, 0],[1, 1.0, 1],[1, 1.5, 1]|text|not-applicable","TreeMap<String,V>",flat,"{'a': 1, 'b': 2, 'c': 3}","c|[1, 1.0, 0],[1, 1.0, 1],[1, 1.5, 1]|text|not-applicable",,REFUSE
A:!=|28|27,local class with fields,flat,"{'a': 1, 'b': 2, 'c': 3}","c|[1, 1.0, 0],[1, 1.0, 1],[1, 1.5, 1]|text|not-applicable",local record,flat,"{'a': 1, 'b': 2, 'c': 3}","c|[1, 1.0, 0],[1, 1.0, 1],[1, 1.5, 1]|text|not-applicable",,REFUSE
A:!=|28|28,local class with fields,flat,"{'a': 1, 'b': 2, 'c': 3}","c|[1, 1.0, 0],[1, 1.0, 1],[1, 1.5, 1]|text|not-applicable",local class with fields,flat,"{'a': 1, 'b': 2, 'c': 3}","c|[1, 1.0, 0],[1, 1.0, 1],[1, 1.5, 1]|text|not-applicable",,REFUSE
A:!=|28|31,local class with fields,flat,"{'a': 1, 'b': 2, 'c': 3}","c|[1, 1.0, 0],[1, 1.0, 1],[1, 1.5, 1]|text|not-applicable",Object[][] of Object[],seq_in_seq,"[[1, 2], [3, 4]]","c|c|[1, 1.0, 0],[1, 1.0, 1]|integer|as-sorted,c|[1, 1.0, 2],[1, 1.5, 1]|integer|as-sorted|integer|as-sorted",,REFUSE
A:!=|29|0,List<List<Object>>,seq_in_seq,"[[1, 2], [3, 4]]","c|c|[1, 1.0, 0],[1, 1.0, 1]|integer|as-sorted,c|[1, 1.0, 2],[1, 1.5, 1]|integer|as-sorted|integer|as-sorted",null reference,null,null,null,,REFUSE
A:!=|29|1,List<List<Object>>,seq_in_seq,"[[1, 2], [3, 4]]","c|c|[1, 1.0, 0],[1, 1.0, 1]|integer|as-sorted,c|[1, 1.0, 2],[1, 1.5, 1]|integer|as-sorted|integer|as-sorted",Optional.empty(),null,null,null,,REFUSE
A:!=|29|2,List<List<Object>>,seq_in_seq,"[[1, 2], [3, 4]]","c|c|[1, 1.0, 0],[1, 1.0, 1]|integer|as-sorted,c|[1, 1.0, 2],[1, 1.5, 1]|integer|as-sorted|integer|as-sorted",Void,null,null,null,,REFUSE
A:!=|29|3,List<List<Object>>,seq_in_seq,"[[1, 2], [3, 4]]","c|c|[1, 1.0, 0],[1, 1.0, 1]|integer|as-sorted,c|[1, 1.0, 2],[1, 1.5, 1]|integer|as-sorted|integer|as-sorted",boolean,true,true,true,,REFUSE
A:!=|29|4,List<List<Object>>,seq_in_seq,"[[1, 2], [3, 4]]","c|c|[1, 1.0, 0],[1, 1.0, 1]|integer|as-sorted,c|[1, 1.0, 2],[1, 1.5, 1]|integer|as-sorted|integer|as-sorted",Boolean,true,true,true,,REFUSE
A:!=|29|5,List<List<Object>>,seq_in_seq,"[[1, 2], [3, 4]]","c|c|[1, 1.0, 0],[1, 1.0, 1]|integer|as-sorted,c|[1, 1.0, 2],[1, 1.5, 1]|integer|as-sorted|integer|as-sorted",short,base_42,002a,"[1, 1.3125, 5]",,REFUSE
A:!=|29|6,List<List<Object>>,seq_in_seq,"[[1, 2], [3, 4]]","c|c|[1, 1.0, 0],[1, 1.0, 1]|integer|as-sorted,c|[1, 1.0, 2],[1, 1.5, 1]|integer|as-sorted|integer|as-sorted",int,base_42,0000002a,"[1, 1.3125, 5]",,REFUSE
A:!=|29|7,List<List<Object>>,seq_in_seq,"[[1, 2], [3, 4]]","c|c|[1, 1.0, 0],[1, 1.0, 1]|integer|as-sorted,c|[1, 1.0, 2],[1, 1.5, 1]|integer|as-sorted|integer|as-sorted",long,base_42,000000000000002a,"[1, 1.3125, 5]",,REFUSE
A:!=|29|8,List<List<Object>>,seq_in_seq,"[[1, 2], [3, 4]]","c|c|[1, 1.0, 0],[1, 1.0, 1]|integer|as-sorted,c|[1, 1.0, 2],[1, 1.5, 1]|integer|as-sorted|integer|as-sorted",Integer,base_42,0000002a,"[1, 1.3125, 5]",,REFUSE
A:!=|29|9,List<List<Object>>,seq_in_seq,"[[1, 2], [3, 4]]","c|c|[1, 1.0, 0],[1, 1.0, 1]|integer|as-sorted,c|[1, 1.0, 2],[1, 1.5, 1]|integer|as-sorted|integer|as-sorted",Long,base_42,000000000000002a,"[1, 1.3125, 5]",,REFUSE
A:!=|29|11,List<List<Object>>,seq_in_seq,"[[1, 2], [3, 4]]","c|c|[1, 1.0, 0],[1, 1.0, 1]|integer|as-sorted,c|[1, 1.0, 2],[1, 1.5, 1]|integer|as-sorted|integer|as-sorted",double,base_1_5,3ff8000000000000,"[1, 1.5, 0]",,REFUSE
A:!=|29|12,List<List<Object>>,seq_in_seq,"[[1, 2], [3, 4]]","c|c|[1, 1.0, 0],[1, 1.0, 1]|integer|as-sorted,c|[1, 1.0, 2],[1, 1.5, 1]|integer|as-sorted|integer|as-sorted",float,base_1_5,3fc00000,"[1, 1.5, 0]",,REFUSE
A:!=|29|14,List<List<Object>>,seq_in_seq,"[[1, 2], [3, 4]]","c|c|[1, 1.0, 0],[1, 1.0, 1]|integer|as-sorted,c|[1, 1.0, 2],[1, 1.5, 1]|integer|as-sorted|integer|as-sorted",String,base_hello,68656c6c6f,t|68656c6c6f|5|5|5,,REFUSE
A:!=|29|15,List<List<Object>>,seq_in_seq,"[[1, 2], [3, 4]]","c|c|[1, 1.0, 0],[1, 1.0, 1]|integer|as-sorted,c|[1, 1.0, 2],[1, 1.5, 1]|integer|as-sorted|integer|as-sorted",char[],base_hello,68656c6c6f,t|68656c6c6f|5|5|5,,REFUSE
A:!=|29|16,List<List<Object>>,seq_in_seq,"[[1, 2], [3, 4]]","c|c|[1, 1.0, 0],[1, 1.0, 1]|integer|as-sorted,c|[1, 1.0, 2],[1, 1.5, 1]|integer|as-sorted|integer|as-sorted",StringBuilder,base_hello,68656c6c6f,t|68656c6c6f|5|5|5,,REFUSE
A:!=|29|17,List<List<Object>>,seq_in_seq,"[[1, 2], [3, 4]]","c|c|[1, 1.0, 0],[1, 1.0, 1]|integer|as-sorted,c|[1, 1.0, 2],[1, 1.5, 1]|integer|as-sorted|integer|as-sorted",byte[],base_hello,68656c6c6f,t|68656c6c6f|5|5|5,,REFUSE
A:!=|29|18,List<List<Object>>,seq_in_seq,"[[1, 2], [3, 4]]","c|c|[1, 1.0, 0],[1, 1.0, 1]|integer|as-sorted,c|[1, 1.0, 2],[1, 1.5, 1]|integer|as-sorted|integer|as-sorted",Object[],base,"[1, 2, 3]","c|[1, 1.0, 0],[1, 1.0, 1],[1, 1.5, 1]|integer|as-sorted",,REFUSE
A:!=|29|19,List<List<Object>>,seq_in_seq,"[[1, 2], [3, 4]]","c|c|[1, 1.0, 0],[1, 1.0, 1]|integer|as-sorted,c|[1, 1.0, 2],[1, 1.5, 1]|integer|as-sorted|integer|as-sorted",long[],base,"[1, 2, 3]","c|[1, 1.0, 0],[1, 1.0, 1],[1, 1.5, 1]|integer|as-sorted",,REFUSE
A:!=|29|20,List<List<Object>>,seq_in_seq,"[[1, 2], [3, 4]]","c|c|[1, 1.0, 0],[1, 1.0, 1]|integer|as-sorted,c|[1, 1.0, 2],[1, 1.5, 1]|integer|as-sorted|integer|as-sorted",ArrayList<T>,base,"[1, 2, 3]","c|[1, 1.0, 0],[1, 1.0, 1],[1, 1.5, 1]|integer|as-sorted",,REFUSE
A:!=|29|21,List<List<Object>>,seq_in_seq,"[[1, 2], [3, 4]]","c|c|[1, 1.0, 0],[1, 1.0, 1]|integer|as-sorted,c|[1, 1.0, 2],[1, 1.5, 1]|integer|as-sorted|integer|as-sorted",List.of(...),base,"[1, 2, 3]","c|[1, 1.0, 0],[1, 1.0, 1],[1, 1.5, 1]|integer|as-sorted",,REFUSE
A:!=|29|22,List<List<Object>>,seq_in_seq,"[[1, 2], [3, 4]]","c|c|[1, 1.0, 0],[1, 1.0, 1]|integer|as-sorted,c|[1, 1.0, 2],[1, 1.5, 1]|integer|as-sorted|integer|as-sorted",LinkedList<T>,base,"[1, 2, 3]","c|[1, 1.0, 0],[1, 1.0, 1],[1, 1.5, 1]|integer|as-sorted",,REFUSE
A:!=|29|23,List<List<Object>>,seq_in_seq,"[[1, 2], [3, 4]]","c|c|[1, 1.0, 0],[1, 1.0, 1]|integer|as-sorted,c|[1, 1.0, 2],[1, 1.5, 1]|integer|as-sorted|integer|as-sorted",ArrayDeque<T>,base,"[1, 2, 3]","c|[1, 1.0, 0],[1, 1.0, 1],[1, 1.5, 1]|integer|as-sorted",,REFUSE
A:!=|29|27,List<List<Object>>,seq_in_seq,"[[1, 2], [3, 4]]","c|c|[1, 1.0, 0],[1, 1.0, 1]|integer|as-sorted,c|[1, 1.0, 2],[1, 1.5, 1]|integer|as-sorted|integer|as-sorted",local record,flat,"{'a': 1, 'b': 2, 'c': 3}","c|[1, 1.0, 0],[1, 1.0, 1],[1, 1.5, 1]|text|not-applicable",,REFUSE
A:!=|29|31,List<List<Object>>,seq_in_seq,"[[1, 2], [3, 4]]","c|c|[1, 1.0, 0],[1, 1.0, 1]|integer|as-sorted,c|[1, 1.0, 2],[1, 1.5, 1]|integer|as-sorted|integer|as-sorted",Object[][] of Object[],seq_in_seq,"[[1, 2], [3, 4]]","c|c|[1, 1.0, 0],[1, 1.0, 1]|integer|as-sorted,c|[1, 1.0, 2],[1, 1.5, 1]|integer|as-sorted|integer|as-sorted",,REFUSE
A:!=|30|0,"Map<String,Object> nesting",seq_in_seq,"[[1, 2], [3, 4]]","c|c|[1, 1.0, 0],[1, 1.0, 1]|integer|as-sorted,c|[1, 1.0, 2],[1, 1.5, 1]|integer|as-sorted|integer|as-sorted",null reference,null,null,null,,REFUSE
A:!=|30|1,"Map<String,Object> nesting",seq_in_seq,"[[1, 2], [3, 4]]","c|c|[1, 1.0, 0],[1, 1.0, 1]|integer|as-sorted,c|[1, 1.0, 2],[1, 1.5, 1]|integer|as-sorted|integer|as-sorted",Optional.empty(),null,null,null,,REFUSE
A:!=|30|2,"Map<String,Object> nesting",seq_in_seq,"[[1, 2], [3, 4]]","c|c|[1, 1.0, 0],[1, 1.0, 1]|integer|as-sorted,c|[1, 1.0, 2],[1, 1.5, 1]|integer|as-sorted|integer|as-sorted",Void,null,null,null,,REFUSE
A:!=|30|3,"Map<String,Object> nesting",seq_in_seq,"[[1, 2], [3, 4]]","c|c|[1, 1.0, 0],[1, 1.0, 1]|integer|as-sorted,c|[1, 1.0, 2],[1, 1.5, 1]|integer|as-sorted|integer|as-sorted",boolean,true,true,true,,REFUSE
A:!=|30|4,"Map<String,Object> nesting",seq_in_seq,"[[1, 2], [3, 4]]","c|c|[1, 1.0, 0],[1, 1.0, 1]|integer|as-sorted,c|[1, 1.0, 2],[1, 1.5, 1]|integer|as-sorted|integer|as-sorted",Boolean,true,true,true,,REFUSE
A:!=|30|5,"Map<String,Object> nesting",seq_in_seq,"[[1, 2], [3, 4]]","c|c|[1, 1.0, 0],[1, 1.0, 1]|integer|as-sorted,c|[1, 1.0, 2],[1, 1.5, 1]|integer|as-sorted|integer|as-sorted",short,base_42,002a,"[1, 1.3125, 5]",,REFUSE
A:!=|30|6,"Map<String,Object> nesting",seq_in_seq,"[[1, 2], [3, 4]]","c|c|[1, 1.0, 0],[1, 1.0, 1]|integer|as-sorted,c|[1, 1.0, 2],[1, 1.5, 1]|integer|as-sorted|integer|as-sorted",int,base_42,0000002a,"[1, 1.3125, 5]",,REFUSE
A:!=|30|7,"Map<String,Object> nesting",seq_in_seq,"[[1, 2], [3, 4]]","c|c|[1, 1.0, 0],[1, 1.0, 1]|integer|as-sorted,c|[1, 1.0, 2],[1, 1.5, 1]|integer|as-sorted|integer|as-sorted",long,base_42,000000000000002a,"[1, 1.3125, 5]",,REFUSE
A:!=|30|8,"Map<String,Object> nesting",seq_in_seq,"[[1, 2], [3, 4]]","c|c|[1, 1.0, 0],[1, 1.0, 1]|integer|as-sorted,c|[1, 1.0, 2],[1, 1.5, 1]|integer|as-sorted|integer|as-sorted",Integer,base_42,0000002a,"[1, 1.3125, 5]",,REFUSE
A:!=|30|9,"Map<String,Object> nesting",seq_in_seq,"[[1, 2], [3, 4]]","c|c|[1, 1.0, 0],[1, 1.0, 1]|integer|as-sorted,c|[1, 1.0, 2],[1, 1.5, 1]|integer|as-sorted|integer|as-sorted",Long,base_42,000000000000002a,"[1, 1.3125, 5]",,REFUSE
A:!=|30|11,"Map<String,Object> nesting",seq_in_seq,"[[1, 2], [3, 4]]","c|c|[1, 1.0, 0],[1, 1.0, 1]|integer|as-sorted,c|[1, 1.0, 2],[1, 1.5, 1]|integer|as-sorted|integer|as-sorted",double,base_1_5,3ff8000000000000,"[1, 1.5, 0]",,REFUSE
A:!=|30|12,"Map<String,Object> nesting",seq_in_seq,"[[1, 2], [3, 4]]","c|c|[1, 1.0, 0],[1, 1.0, 1]|integer|as-sorted,c|[1, 1.0, 2],[1, 1.5, 1]|integer|as-sorted|integer|as-sorted",float,base_1_5,3fc00000,"[1, 1.5, 0]",,REFUSE
A:!=|30|14,"Map<String,Object> nesting",seq_in_seq,"[[1, 2], [3, 4]]","c|c|[1, 1.0, 0],[1, 1.0, 1]|integer|as-sorted,c|[1, 1.0, 2],[1, 1.5, 1]|integer|as-sorted|integer|as-sorted",String,base_hello,68656c6c6f,t|68656c6c6f|5|5|5,,REFUSE
A:!=|30|15,"Map<String,Object> nesting",seq_in_seq,"[[1, 2], [3, 4]]","c|c|[1, 1.0, 0],[1, 1.0, 1]|integer|as-sorted,c|[1, 1.0, 2],[1, 1.5, 1]|integer|as-sorted|integer|as-sorted",char[],base_hello,68656c6c6f,t|68656c6c6f|5|5|5,,REFUSE
A:!=|30|16,"Map<String,Object> nesting",seq_in_seq,"[[1, 2], [3, 4]]","c|c|[1, 1.0, 0],[1, 1.0, 1]|integer|as-sorted,c|[1, 1.0, 2],[1, 1.5, 1]|integer|as-sorted|integer|as-sorted",StringBuilder,base_hello,68656c6c6f,t|68656c6c6f|5|5|5,,REFUSE
A:!=|30|17,"Map<String,Object> nesting",seq_in_seq,"[[1, 2], [3, 4]]","c|c|[1, 1.0, 0],[1, 1.0, 1]|integer|as-sorted,c|[1, 1.0, 2],[1, 1.5, 1]|integer|as-sorted|integer|as-sorted",byte[],base_hello,68656c6c6f,t|68656c6c6f|5|5|5,,REFUSE
A:!=|30|18,"Map<String,Object> nesting",seq_in_seq,"[[1, 2], [3, 4]]","c|c|[1, 1.0, 0],[1, 1.0, 1]|integer|as-sorted,c|[1, 1.0, 2],[1, 1.5, 1]|integer|as-sorted|integer|as-sorted",Object[],base,"[1, 2, 3]","c|[1, 1.0, 0],[1, 1.0, 1],[1, 1.5, 1]|integer|as-sorted",,REFUSE
A:!=|30|19,"Map<String,Object> nesting",seq_in_seq,"[[1, 2], [3, 4]]","c|c|[1, 1.0, 0],[1, 1.0, 1]|integer|as-sorted,c|[1, 1.0, 2],[1, 1.5, 1]|integer|as-sorted|integer|as-sorted",long[],base,"[1, 2, 3]","c|[1, 1.0, 0],[1, 1.0, 1],[1, 1.5, 1]|integer|as-sorted",,REFUSE
A:!=|30|24,"Map<String,Object> nesting",seq_in_seq,"[[1, 2], [3, 4]]","c|c|[1, 1.0, 0],[1, 1.0, 1]|integer|as-sorted,c|[1, 1.0, 2],[1, 1.5, 1]|integer|as-sorted|integer|as-sorted","HashMap<String,V>",flat,"{'a': 1, 'b': 2, 'c': 3}","c|[1, 1.0, 0],[1, 1.0, 1],[1, 1.5, 1]|text|not-applicable",,REFUSE
A:!=|30|25,"Map<String,Object> nesting",seq_in_seq,"[[1, 2], [3, 4]]","c|c|[1, 1.0, 0],[1, 1.0, 1]|integer|as-sorted,c|[1, 1.0, 2],[1, 1.5, 1]|integer|as-sorted|integer|as-sorted","LinkedHashMap<String,V>",flat,"{'a': 1, 'b': 2, 'c': 3}","c|[1, 1.0, 0],[1, 1.0, 1],[1, 1.5, 1]|text|not-applicable",,REFUSE
A:!=|30|26,"Map<String,Object> nesting",seq_in_seq,"[[1, 2], [3, 4]]","c|c|[1, 1.0, 0],[1, 1.0, 1]|integer|as-sorted,c|[1, 1.0, 2],[1, 1.5, 1]|integer|as-sorted|integer|as-sorted","TreeMap<String,V>",flat,"{'a': 1, 'b': 2, 'c': 3}","c|[1, 1.0, 0],[1, 1.0, 1],[1, 1.5, 1]|text|not-applicable",,REFUSE
A:!=|30|27,"Map<String,Object> nesting",seq_in_seq,"[[1, 2], [3, 4]]","c|c|[1, 1.0, 0],[1, 1.0, 1]|integer|as-sorted,c|[1, 1.0, 2],[1, 1.5, 1]|integer|as-sorted|integer|as-sorted",local record,flat,"{'a': 1, 'b': 2, 'c': 3}","c|[1, 1.0, 0],[1, 1.0, 1],[1, 1.5, 1]|text|not-applicable",,REFUSE
A:!=|30|30,"Map<String,Object> nesting",seq_in_seq,"[[1, 2], [3, 4]]","c|c|[1, 1.0, 0],[1, 1.0, 1]|integer|as-sorted,c|[1, 1.0, 2],[1, 1.5, 1]|integer|as-sorted|integer|as-sorted","Map<String,Object> nesting",seq_in_seq,"[[1, 2], [3, 4]]","c|c|[1, 1.0, 0],[1, 1.0, 1]|integer|as-sorted,c|[1, 1.0, 2],[1, 1.5, 1]|integer|as-sorted|integer|as-sorted",,REFUSE
A:!=|30|31,"Map<String,Object> nesting",seq_in_seq,"[[1, 2], [3, 4]]","c|c|[1, 1.0, 0],[1, 1.0, 1]|integer|as-sorted,c|[1, 1.0, 2],[1, 1.5, 1]|integer|as-sorted|integer|as-sorted",Object[][] of Object[],seq_in_seq,"[[1, 2], [3, 4]]","c|c|[1, 1.0, 0],[1, 1.0, 1]|integer|as-sorted,c|[1, 1.0, 2],[1, 1.5, 1]|integer|as-sorted|integer|as-sorted",,REFUSE
A:!=|31|0,Object[][] of Object[],seq_in_seq,"[[1, 2], [3, 4]]","c|c|[1, 1.0, 0],[1, 1.0, 1]|integer|as-sorted,c|[1, 1.0, 2],[1, 1.5, 1]|integer|as-sorted|integer|as-sorted",null reference,null,null,null,,REFUSE
A:!=|31|1,Object[][] of Object[],seq_in_seq,"[[1, 2], [3, 4]]","c|c|[1, 1.0, 0],[1, 1.0, 1]|integer|as-sorted,c|[1, 1.0, 2],[1, 1.5, 1]|integer|as-sorted|integer|as-sorted",Optional.empty(),null,null,null,,REFUSE
A:!=|31|2,Object[][] of Object[],seq_in_seq,"[[1, 2], [3, 4]]","c|c|[1, 1.0, 0],[1, 1.0, 1]|integer|as-sorted,c|[1, 1.0, 2],[1, 1.5, 1]|integer|as-sorted|integer|as-sorted",Void,null,null,null,,REFUSE
A:!=|31|3,Object[][] of Object[],seq_in_seq,"[[1, 2], [3, 4]]","c|c|[1, 1.0, 0],[1, 1.0, 1]|integer|as-sorted,c|[1, 1.0, 2],[1, 1.5, 1]|integer|as-sorted|integer|as-sorted",boolean,true,true,true,,REFUSE
A:!=|31|4,Object[][] of Object[],seq_in_seq,"[[1, 2], [3, 4]]","c|c|[1, 1.0, 0],[1, 1.0, 1]|integer|as-sorted,c|[1, 1.0, 2],[1, 1.5, 1]|integer|as-sorted|integer|as-sorted",Boolean,true,true,true,,REFUSE
A:!=|31|5,Object[][] of Object[],seq_in_seq,"[[1, 2], [3, 4]]","c|c|[1, 1.0, 0],[1, 1.0, 1]|integer|as-sorted,c|[1, 1.0, 2],[1, 1.5, 1]|integer|as-sorted|integer|as-sorted",short,base_42,002a,"[1, 1.3125, 5]",,REFUSE
A:!=|31|6,Object[][] of Object[],seq_in_seq,"[[1, 2], [3, 4]]","c|c|[1, 1.0, 0],[1, 1.0, 1]|integer|as-sorted,c|[1, 1.0, 2],[1, 1.5, 1]|integer|as-sorted|integer|as-sorted",int,base_42,0000002a,"[1, 1.3125, 5]",,REFUSE
A:!=|31|7,Object[][] of Object[],seq_in_seq,"[[1, 2], [3, 4]]","c|c|[1, 1.0, 0],[1, 1.0, 1]|integer|as-sorted,c|[1, 1.0, 2],[1, 1.5, 1]|integer|as-sorted|integer|as-sorted",long,base_42,000000000000002a,"[1, 1.3125, 5]",,REFUSE
A:!=|31|8,Object[][] of Object[],seq_in_seq,"[[1, 2], [3, 4]]","c|c|[1, 1.0, 0],[1, 1.0, 1]|integer|as-sorted,c|[1, 1.0, 2],[1, 1.5, 1]|integer|as-sorted|integer|as-sorted",Integer,base_42,0000002a,"[1, 1.3125, 5]",,REFUSE
A:!=|31|9,Object[][] of Object[],seq_in_seq,"[[1, 2], [3, 4]]","c|c|[1, 1.0, 0],[1, 1.0, 1]|integer|as-sorted,c|[1, 1.0, 2],[1, 1.5, 1]|integer|as-sorted|integer|as-sorted",Long,base_42,000000000000002a,"[1, 1.3125, 5]",,REFUSE
A:!=|31|10,Object[][] of Object[],seq_in_seq,"[[1, 2], [3, 4]]","c|c|[1, 1.0, 0],[1, 1.0, 1]|integer|as-sorted,c|[1, 1.0, 2],[1, 1.5, 1]|integer|as-sorted|integer|as-sorted",BigInteger,base_42,2a,"[1, 1.3125, 5]",,REFUSE
A:!=|31|11,Object[][] of Object[],seq_in_seq,"[[1, 2], [3, 4]]","c|c|[1, 1.0, 0],[1, 1.0, 1]|integer|as-sorted,c|[1, 1.0, 2],[1, 1.5, 1]|integer|as-sorted|integer|as-sorted",double,base_1_5,3ff8000000000000,"[1, 1.5, 0]",,REFUSE
A:!=|31|12,Object[][] of Object[],seq_in_seq,"[[1, 2], [3, 4]]","c|c|[1, 1.0, 0],[1, 1.0, 1]|integer|as-sorted,c|[1, 1.0, 2],[1, 1.5, 1]|integer|as-sorted|integer|as-sorted",float,base_1_5,3fc00000,"[1, 1.5, 0]",,REFUSE
A:!=|31|13,Object[][] of Object[],seq_in_seq,"[[1, 2], [3, 4]]","c|c|[1, 1.0, 0],[1, 1.0, 1]|integer|as-sorted,c|[1, 1.0, 2],[1, 1.5, 1]|integer|as-sorted|integer|as-sorted",BigDecimal,base_1_5,1.5,"[1, 1.5, 0]",,REFUSE
A:!=|31|14,Object[][] of Object[],seq_in_seq,"[[1, 2], [3, 4]]","c|c|[1, 1.0, 0],[1, 1.0, 1]|integer|as-sorted,c|[1, 1.0, 2],[1, 1.5, 1]|integer|as-sorted|integer|as-sorted",String,base_hello,68656c6c6f,t|68656c6c6f|5|5|5,,REFUSE
A:!=|31|15,Object[][] of Object[],seq_in_seq,"[[1, 2], [3, 4]]","c|c|[1, 1.0, 0],[1, 1.0, 1]|integer|as-sorted,c|[1, 1.0, 2],[1, 1.5, 1]|integer|as-sorted|integer|as-sorted",char[],base_hello,68656c6c6f,t|68656c6c6f|5|5|5,,REFUSE
A:!=|31|16,Object[][] of Object[],seq_in_seq,"[[1, 2], [3, 4]]","c|c|[1, 1.0, 0],[1, 1.0, 1]|integer|as-sorted,c|[1, 1.0, 2],[1, 1.5, 1]|integer|as-sorted|integer|as-sorted",StringBuilder,base_hello,68656c6c6f,t|68656c6c6f|5|5|5,,REFUSE
A:!=|31|17,Object[][] of Object[],seq_in_seq,"[[1, 2], [3, 4]]","c|c|[1, 1.0, 0],[1, 1.0, 1]|integer|as-sorted,c|[1, 1.0, 2],[1, 1.5, 1]|integer|as-sorted|integer|as-sorted",byte[],base_hello,68656c6c6f,t|68656c6c6f|5|5|5,,REFUSE
A:!=|31|19,Object[][] of Object[],seq_in_seq,"[[1, 2], [3, 4]]","c|c|[1, 1.0, 0],[1, 1.0, 1]|integer|as-sorted,c|[1, 1.0, 2],[1, 1.5, 1]|integer|as-sorted|integer|as-sorted",long[],base,"[1, 2, 3]","c|[1, 1.0, 0],[1, 1.0, 1],[1, 1.5, 1]|integer|as-sorted",,REFUSE
A:!=|31|20,Object[][] of Object[],seq_in_seq,"[[1, 2], [3, 4]]","c|c|[1, 1.0, 0],[1, 1.0, 1]|integer|as-sorted,c|[1, 1.0, 2],[1, 1.5, 1]|integer|as-sorted|integer|as-sorted",ArrayList<T>,base,"[1, 2, 3]","c|[1, 1.0, 0],[1, 1.0, 1],[1, 1.5, 1]|integer|as-sorted",,REFUSE
A:!=|31|21,Object[][] of Object[],seq_in_seq,"[[1, 2], [3, 4]]","c|c|[1, 1.0, 0],[1, 1.0, 1]|integer|as-sorted,c|[1, 1.0, 2],[1, 1.5, 1]|integer|as-sorted|integer|as-sorted",List.of(...),base,"[1, 2, 3]","c|[1, 1.0, 0],[1, 1.0, 1],[1, 1.5, 1]|integer|as-sorted",,REFUSE
A:!=|31|22,Object[][] of Object[],seq_in_seq,"[[1, 2], [3, 4]]","c|c|[1, 1.0, 0],[1, 1.0, 1]|integer|as-sorted,c|[1, 1.0, 2],[1, 1.5, 1]|integer|as-sorted|integer|as-sorted",LinkedList<T>,base,"[1, 2, 3]","c|[1, 1.0, 0],[1, 1.0, 1],[1, 1.5, 1]|integer|as-sorted",,REFUSE
A:!=|31|23,Object[][] of Object[],seq_in_seq,"[[1, 2], [3, 4]]","c|c|[1, 1.0, 0],[1, 1.0, 1]|integer|as-sorted,c|[1, 1.0, 2],[1, 1.5, 1]|integer|as-sorted|integer|as-sorted",ArrayDeque<T>,base,"[1, 2, 3]","c|[1, 1.0, 0],[1, 1.0, 1],[1, 1.5, 1]|integer|as-sorted",,REFUSE
A:!=|31|24,Object[][] of Object[],seq_in_seq,"[[1, 2], [3, 4]]","c|c|[1, 1.0, 0],[1, 1.0, 1]|integer|as-sorted,c|[1, 1.0, 2],[1, 1.5, 1]|integer|as-sorted|integer|as-sorted","HashMap<String,V>",flat,"{'a': 1, 'b': 2, 'c': 3}","c|[1, 1.0, 0],[1, 1.0, 1],[1, 1.5, 1]|text|not-applicable",,REFUSE
A:!=|31|25,Object[][] of Object[],seq_in_seq,"[[1, 2], [3, 4]]","c|c|[1, 1.0, 0],[1, 1.0, 1]|integer|as-sorted,c|[1, 1.0, 2],[1, 1.5, 1]|integer|as-sorted|integer|as-sorted","LinkedHashMap<String,V>",flat,"{'a': 1, 'b': 2, 'c': 3}","c|[1, 1.0, 0],[1, 1.0, 1],[1, 1.5, 1]|text|not-applicable",,REFUSE
A:!=|31|26,Object[][] of Object[],seq_in_seq,"[[1, 2], [3, 4]]","c|c|[1, 1.0, 0],[1, 1.0, 1]|integer|as-sorted,c|[1, 1.0, 2],[1, 1.5, 1]|integer|as-sorted|integer|as-sorted","TreeMap<String,V>",flat,"{'a': 1, 'b': 2, 'c': 3}","c|[1, 1.0, 0],[1, 1.0, 1],[1, 1.5, 1]|text|not-applicable",,REFUSE
A:!=|31|27,Object[][] of Object[],seq_in_seq,"[[1, 2], [3, 4]]","c|c|[1, 1.0, 0],[1, 1.0, 1]|integer|as-sorted,c|[1, 1.0, 2],[1, 1.5, 1]|integer|as-sorted|integer|as-sorted",local record,flat,"{'a': 1, 'b': 2, 'c': 3}","c|[1, 1.0, 0],[1, 1.0, 1],[1, 1.5, 1]|text|not-applicable",,REFUSE
A:!=|31|28,Object[][] of Object[],seq_in_seq,"[[1, 2], [3, 4]]","c|c|[1, 1.0, 0],[1, 1.0, 1]|integer|as-sorted,c|[1, 1.0, 2],[1, 1.5, 1]|integer|as-sorted|integer|as-sorted",local class with fields,flat,"{'a': 1, 'b': 2, 'c': 3}","c|[1, 1.0, 0],[1, 1.0, 1],[1, 1.5, 1]|text|not-applicable",,REFUSE
A:!=|31|29,Object[][] of Object[],seq_in_seq,"[[1, 2], [3, 4]]","c|c|[1, 1.0, 0],[1, 1.0, 1]|integer|as-sorted,c|[1, 1.0, 2],[1, 1.5, 1]|integer|as-sorted|integer|as-sorted",List<List<Object>>,seq_in_seq,"[[1, 2], [3, 4]]","c|c|[1, 1.0, 0],[1, 1.0, 1]|integer|as-sorted,c|[1, 1.0, 2],[1, 1.5, 1]|integer|as-sorted|integer|as-sorted",,REFUSE
A:!=|31|30,Object[][] of Object[],seq_in_seq,"[[1, 2], [3, 4]]","c|c|[1, 1.0, 0],[1, 1.0, 1]|integer|as-sorted,c|[1, 1.0, 2],[1, 1.5, 1]|integer|as-sorted|integer|as-sorted","Map<String,Object> nesting",seq_in_seq,"[[1, 2], [3, 4]]","c|c|[1, 1.0, 0],[1, 1.0, 1]|integer|as-sorted,c|[1, 1.0, 2],[1, 1.5, 1]|integer|as-sorted|integer|as-sorted",,REFUSE
