probe_id,lhs_holder,lhs_value_class,lhs_bytes,lhs_canon,rhs_holder,rhs_value_class,rhs_bytes,rhs_canon,output_bytes,output_canon
A:&|0|0,null,null,null,null,null,null,null,null,,REFUSE
A:&|0|1,null,null,null,null,Unit,null,null,null,,REFUSE
A:&|0|2,null,null,null,null,Nothing?,null,null,null,,REFUSE
A:&|0|3,null,null,null,null,Boolean,true,true,true,,REFUSE
A:&|0|4,null,null,null,null,Int,base_42,0000002a,"[1, 1.3125, 5]",,REFUSE
A:&|0|5,null,null,null,null,Long,base_42,000000000000002a,"[1, 1.3125, 5]",,REFUSE
A:&|0|6,null,null,null,null,ULong,base_42,000000000000002a,"[1, 1.3125, 5]",,REFUSE
A:&|0|7,null,null,null,null,BigInteger,base_42,2a,"[1, 1.3125, 5]",,REFUSE
A:&|0|8,null,null,null,null,Double,base_1_5,3ff8000000000000,"[1, 1.5, 0]",,REFUSE
A:&|0|9,null,null,null,null,Float,base_1_5,3fc00000,"[1, 1.5, 0]",,REFUSE
A:&|0|10,null,null,null,null,BigDecimal,base_1_5,1.5,"[1, 1.5, 0]",,REFUSE
A:&|0|11,null,null,null,null,String,base_hello,68656c6c6f,t|68656c6c6f|5|5|5,,REFUSE
A:&|0|12,null,null,null,null,CharArray,base_hello,68656c6c6f,t|68656c6c6f|5|5|5,,REFUSE
A:&|0|13,null,null,null,null,StringBuilder,base_hello,68656c6c6f,t|68656c6c6f|5|5|5,,REFUSE
A:&|0|14,null,null,null,null,ByteArray,base_hello,68656c6c6f,t|68656c6c6f|5|5|5,,REFUSE
A:&|0|15,null,null,null,null,List,base,"[1, 2, 3]","c|[1, 1.0, 0],[1, 1.0, 1],[1, 1.5, 1]|integer|as-sorted",,REFUSE
A:&|0|16,null,null,null,null,MutableList,base,"[1, 2, 3]","c|[1, 1.0, 0],[1, 1.0, 1],[1, 1.5, 1]|integer|as-sorted",,REFUSE
A:&|0|17,null,null,null,null,Array<T>,base,"[1, 2, 3]","c|[1, 1.0, 0],[1, 1.0, 1],[1, 1.5, 1]|integer|as-sorted",,REFUSE
A:&|0|18,null,null,null,null,IntArray,base,"[1, 2, 3]","c|[1, 1.0, 0],[1, 1.0, 1],[1, 1.5, 1]|integer|as-sorted",,REFUSE
A:&|0|19,null,null,null,null,ArrayDeque,base,"[1, 2, 3]","c|[1, 1.0, 0],[1, 1.0, 1],[1, 1.5, 1]|integer|as-sorted",,REFUSE
A:&|0|20,null,null,null,null,Map,flat,"{'a': 1, 'b': 2, 'c': 3}","c|[1, 1.0, 0],[1, 1.0, 1],[1, 1.5, 1]|text|not-applicable",,REFUSE
A:&|0|21,null,null,null,null,MutableMap,flat,"{'a': 1, 'b': 2, 'c': 3}","c|[1, 1.0, 0],[1, 1.0, 1],[1, 1.5, 1]|text|not-applicable",,REFUSE
A:&|0|22,null,null,null,null,LinkedHashMap,flat,"{'a': 1, 'b': 2, 'c': 3}","c|[1, 1.0, 0],[1, 1.0, 1],[1, 1.5, 1]|text|not-applicable",,REFUSE
A:&|0|23,null,null,null,null,data class,flat,"{'a': 1, 'b': 2, 'c': 3}","c|[1, 1.0, 0],[1, 1.0, 1],[1, 1.5, 1]|text|not-applicable",,REFUSE
A:&|0|24,null,null,null,null,List<List<Any?>>,seq_in_seq,"[[1, 2], [3, 4]]","c|c|[1, 1.0, 0],[1, 1.0, 1]|integer|as-sorted,c|[1, 1.0, 2],[1, 1.5, 1]|integer|as-sorted|integer|as-sorted",,REFUSE
A:&|0|25,null,null,null,null,sealed class Node,seq_in_seq,"[[1, 2], [3, 4]]","c|c|[1, 1.0, 0],[1, 1.0, 1]|integer|as-sorted,c|[1, 1.0, 2],[1, 1.5, 1]|integer|as-sorted|integer|as-sorted",,REFUSE
A:&|1|0,Unit,null,null,null,null,null,null,null,,REFUSE
A:&|1|1,Unit,null,null,null,Unit,null,null,null,,REFUSE
A:&|1|2,Unit,null,null,null,Nothing?,null,null,null,,REFUSE
A:&|1|3,Unit,null,null,null,Boolean,true,true,true,,REFUSE
A:&|1|4,Unit,null,null,null,Int,base_42,0000002a,"[1, 1.3125, 5]",,REFUSE
A:&|1|5,Unit,null,null,null,Long,base_42,000000000000002a,"[1, 1.3125, 5]",,REFUSE
A:&|1|6,Unit,null,null,null,ULong,base_42,000000000000002a,"[1, 1.3125, 5]",,REFUSE
A:&|1|7,Unit,null,null,null,BigInteger,base_42,2a,"[1, 1.3125, 5]",,REFUSE
A:&|1|8,Unit,null,null,null,Double,base_1_5,3ff8000000000000,"[1, 1.5, 0]",,REFUSE
A:&|1|9,Unit,null,null,null,Float,base_1_5,3fc00000,"[1, 1.5, 0]",,REFUSE
A:&|1|10,Unit,null,null,null,BigDecimal,base_1_5,1.5,"[1, 1.5, 0]",,REFUSE
A:&|1|11,Unit,null,null,null,String,base_hello,68656c6c6f,t|68656c6c6f|5|5|5,,REFUSE
A:&|1|12,Unit,null,null,null,CharArray,base_hello,68656c6c6f,t|68656c6c6f|5|5|5,,REFUSE
A:&|1|13,Unit,null,null,null,StringBuilder,base_hello,68656c6c6f,t|68656c6c6f|5|5|5,,REFUSE
A:&|1|14,Unit,null,null,null,ByteArray,base_hello,68656c6c6f,t|68656c6c6f|5|5|5,,REFUSE
A:&|1|15,Unit,null,null,null,List,base,"[1, 2, 3]","c|[1, 1.0, 0],[1, 1.0, 1],[1, 1.5, 1]|integer|as-sorted",,REFUSE
A:&|1|16,Unit,null,null,null,MutableList,base,"[1, 2, 3]","c|[1, 1.0, 0],[1, 1.0, 1],[1, 1.5, 1]|integer|as-sorted",,REFUSE
A:&|1|17,Unit,null,null,null,Array<T>,base,"[1, 2, 3]","c|[1, 1.0, 0],[1, 1.0, 1],[1, 1.5, 1]|integer|as-sorted",,REFUSE
A:&|1|18,Unit,null,null,null,IntArray,base,"[1, 2, 3]","c|[1, 1.0, 0],[1, 1.0, 1],[1, 1.5, 1]|integer|as-sorted",,REFUSE
A:&|1|19,Unit,null,null,null,ArrayDeque,base,"[1, 2, 3]","c|[1, 1.0, 0],[1, 1.0, 1],[1, 1.5, 1]|integer|as-sorted",,REFUSE
A:&|1|20,Unit,null,null,null,Map,flat,"{'a': 1, 'b': 2, 'c': 3}","c|[1, 1.0, 0],[1, 1.0, 1],[1, 1.5, 1]|text|not-applicable",,REFUSE
A:&|1|21,Unit,null,null,null,MutableMap,flat,"{'a': 1, 'b': 2, 'c': 3}","c|[1, 1.0, 0],[1, 1.0, 1],[1, 1.5, 1]|text|not-applicable",,REFUSE
A:&|1|22,Unit,null,null,null,LinkedHashMap,flat,"{'a': 1, 'b': 2, 'c': 3}","c|[1, 1.0, 0],[1, 1.0, 1],[1, 1.5, 1]|text|not-applicable",,REFUSE
A:&|1|23,Unit,null,null,null,data class,flat,"{'a': 1, 'b': 2, 'c': 3}","c|[1, 1.0, 0],[1, 1.0, 1],[1, 1.5, 1]|text|not-applicable",,REFUSE
A:&|1|24,Unit,null,null,null,List<List<Any?>>,seq_in_seq,"[[1, 2], [3, 4]]","c|c|[1, 1.0, 0],[1, 1.0, 1]|integer|as-sorted,c|[1, 1.0, 2],[1, 1.5, 1]|integer|as-sorted|integer|as-sorted",,REFUSE
A:&|1|25,Unit,null,null,null,sealed class Node,seq_in_seq,"[[1, 2], [3, 4]]","c|c|[1, 1.0, 0],[1, 1.0, 1]|integer|as-sorted,c|[1, 1.0, 2],[1, 1.5, 1]|integer|as-sorted|integer|as-sorted",,REFUSE
A:&|2|0,Nothing?,null,null,null,null,null,null,null,,REFUSE
A:&|2|1,Nothing?,null,null,null,Unit,null,null,null,,REFUSE
A:&|2|2,Nothing?,null,null,null,Nothing?,null,null,null,,REFUSE
A:&|2|3,Nothing?,null,null,null,Boolean,true,true,true,,REFUSE
A:&|2|4,Nothing?,null,null,null,Int,base_42,0000002a,"[1, 1.3125, 5]",,REFUSE
A:&|2|5,Nothing?,null,null,null,Long,base_42,000000000000002a,"[1, 1.3125, 5]",,REFUSE
A:&|2|6,Nothing?,null,null,null,ULong,base_42,000000000000002a,"[1, 1.3125, 5]",,REFUSE
A:&|2|7,Nothing?,null,null,null,BigInteger,base_42,2a,"[1, 1.3125, 5]",,REFUSE
A:&|2|8,Nothing?,null,null,null,Double,base_1_5,3ff8000000000000,"[1, 1.5, 0]",,REFUSE
A:&|2|9,Nothing?,null,null,null,Float,base_1_5,3fc00000,"[1, 1.5, 0]",,REFUSE
A:&|2|10,Nothing?,null,null,null,BigDecimal,base_1_5,1.5,"[1, 1.5, 0]",,REFUSE
A:&|2|11,Nothing?,null,null,null,String,base_hello,68656c6c6f,t|68656c6c6f|5|5|5,,REFUSE
A:&|2|12,Nothing?,null,null,null,CharArray,base_hello,68656c6c6f,t|68656c6c6f|5|5|5,,REFUSE
A:&|2|13,Nothing?,null,null,null,StringBuilder,base_hello,68656c6c6f,t|68656c6c6f|5|5|5,,REFUSE
A:&|2|14,Nothing?,null,null,null,ByteArray,base_hello,68656c6c6f,t|68656c6c6f|5|5|5,,REFUSE
A:&|2|15,Nothing?,null,null,null,List,base,"[1, 2, 3]","c|[1, 1.0, 0],[1, 1.0, 1],[1, 1.5, 1]|integer|as-sorted",,REFUSE
A:&|2|16,Nothing?,null,null,null,MutableList,base,"[1, 2, 3]","c|[1, 1.0, 0],[1, 1.0, 1],[1, 1.5, 1]|integer|as-sorted",,REFUSE
A:&|2|17,Nothing?,null,null,null,Array<T>,base,"[1, 2, 3]","c|[1, 1.0, 0],[1, 1.0, 1],[1, 1.5, 1]|integer|as-sorted",,REFUSE
A:&|2|18,Nothing?,null,null,null,IntArray,base,"[1, 2, 3]","c|[1, 1.0, 0],[1, 1.0, 1],[1, 1.5, 1]|integer|as-sorted",,REFUSE
A:&|2|19,Nothing?,null,null,null,ArrayDeque,base,"[1, 2, 3]","c|[1, 1.0, 0],[1, 1.0, 1],[1, 1.5, 1]|integer|as-sorted",,REFUSE
A:&|2|20,Nothing?,null,null,null,Map,flat,"{'a': 1, 'b': 2, 'c': 3}","c|[1, 1.0, 0],[1, 1.0, 1],[1, 1.5, 1]|text|not-applicable",,REFUSE
A:&|2|21,Nothing?,null,null,null,MutableMap,flat,"{'a': 1, 'b': 2, 'c': 3}","c|[1, 1.0, 0],[1, 1.0, 1],[1, 1.5, 1]|text|not-applicable",,REFUSE
A:&|2|22,Nothing?,null,null,null,LinkedHashMap,flat,"{'a': 1, 'b': 2, 'c': 3}","c|[1, 1.0, 0],[1, 1.0, 1],[1, 1.5, 1]|text|not-applicable",,REFUSE
A:&|2|23,Nothing?,null,null,null,data class,flat,"{'a': 1, 'b': 2, 'c': 3}","c|[1, 1.0, 0],[1, 1.0, 1],[1, 1.5, 1]|text|not-applicable",,REFUSE
A:&|2|24,Nothing?,null,null,null,List<List<Any?>>,seq_in_seq,"[[1, 2], [3, 4]]","c|c|[1, 1.0, 0],[1, 1.0, 1]|integer|as-sorted,c|[1, 1.0, 2],[1, 1.5, 1]|integer|as-sorted|integer|as-sorted",,REFUSE
A:&|2|25,Nothing?,null,null,null,sealed class Node,seq_in_seq,"[[1, 2], [3, 4]]","c|c|[1, 1.0, 0],[1, 1.0, 1]|integer|as-sorted,c|[1, 1.0, 2],[1, 1.5, 1]|integer|as-sorted|integer|as-sorted",,REFUSE
A:&|3|0,Boolean,true,true,true,null,null,null,null,,REFUSE
A:&|3|1,Boolean,true,true,true,Unit,null,null,null,,REFUSE
A:&|3|2,Boolean,true,true,true,Nothing?,null,null,null,,REFUSE
A:&|3|3,Boolean,true,true,true,Boolean,true,true,true,,REFUSE
A:&|3|4,Boolean,true,true,true,Int,base_42,0000002a,"[1, 1.3125, 5]",,REFUSE
A:&|3|5,Boolean,true,true,true,Long,base_42,000000000000002a,"[1, 1.3125, 5]",,REFUSE
A:&|3|6,Boolean,true,true,true,ULong,base_42,000000000000002a,"[1, 1.3125, 5]",,REFUSE
A:&|3|7,Boolean,true,true,true,BigInteger,base_42,2a,"[1, 1.3125, 5]",,REFUSE
A:&|3|8,Boolean,true,true,true,Double,base_1_5,3ff8000000000000,"[1, 1.5, 0]",,REFUSE
A:&|3|9,Boolean,true,true,true,Float,base_1_5,3fc00000,"[1, 1.5, 0]",,REFUSE
A:&|3|10,Boolean,true,true,true,BigDecimal,base_1_5,1.5,"[1, 1.5, 0]",,REFUSE
A:&|3|11,Boolean,true,true,true,String,base_hello,68656c6c6f,t|68656c6c6f|5|5|5,,REFUSE
A:&|3|12,Boolean,true,true,true,CharArray,base_hello,68656c6c6f,t|68656c6c6f|5|5|5,,REFUSE
A:&|3|13,Boolean,true,true,true,StringBuilder,base_hello,68656c6c6f,t|68656c6c6f|5|5|5,,REFUSE
A:&|3|14,Boolean,true,true,true,ByteArray,base_hello,68656c6c6f,t|68656c6c6f|5|5|5,,REFUSE
A:&|3|15,Boolean,true,true,true,List,base,"[1, 2, 3]","c|[1, 1.0, 0],[1, 1.0, 1],[1, 1.5, 1]|integer|as-sorted",,REFUSE
A:&|3|16,Boolean,true,true,true,MutableList,base,"[1, 2, 3]","c|[1, 1.0, 0],[1, 1.0, 1],[1, 1.5, 1]|integer|as-sorted",,REFUSE
A:&|3|17,Boolean,true,true,true,Array<T>,base,"[1, 2, 3]","c|[1, 1.0, 0],[1, 1.0, 1],[1, 1.5, 1]|integer|as-sorted",,REFUSE
A:&|3|18,Boolean,true,true,true,IntArray,base,"[1, 2, 3]","c|[1, 1.0, 0],[1, 1.0, 1],[1, 1.5, 1]|integer|as-sorted",,REFUSE
A:&|3|19,Boolean,true,true,true,ArrayDeque,base,"[1, 2, 3]","c|[1, 1.0, 0],[1, 1.0, 1],[1, 1.5, 1]|integer|as-sorted",,REFUSE
A:&|3|20,Boolean,true,true,true,Map,flat,"{'a': 1, 'b': 2, 'c': 3}","c|[1, 1.0, 0],[1, 1.0, 1],[1, 1.5, 1]|text|not-applicable",,REFUSE
A:&|3|21,Boolean,true,true,true,MutableMap,flat,"{'a': 1, 'b': 2, 'c': 3}","c|[1, 1.0, 0],[1, 1.0, 1],[1, 1.5, 1]|text|not-applicable",,REFUSE
A:&|3|22,Boolean,true,true,true,LinkedHashMap,flat,"{'a': 1, 'b': 2, 'c': 3}","c|[1, 1.0, 0],[1, 1.0, 1],[1, 1.5, 1]|text|not-applicable",,REFUSE
A:&|3|23,Boolean,true,true,true,data class,flat,"{'a': 1, 'b': 2, 'c': 3}","c|[1, 1.0, 0],[1, 1.0, 1],[1, 1.5, 1]|text|not-applicable",,REFUSE
A:&|3|24,Boolean,true,true,true,List<List<Any?>>,seq_in_seq,"[[1, 2], [3, 4]]","c|c|[1, 1.0, 0],[1, 1.0, 1]|integer|as-sorted,c|[1, 1.0, 2],[1, 1.5, 1]|integer|as-sorted|integer|as-sorted",,REFUSE
A:&|3|25,Boolean,true,true,true,sealed class Node,seq_in_seq,"[[1, 2], [3, 4]]","c|c|[1, 1.0, 0],[1, 1.0, 1]|integer|as-sorted,c|[1, 1.0, 2],[1, 1.5, 1]|integer|as-sorted|integer|as-sorted",,REFUSE
A:&|4|0,Int,base_42,0000002a,"[1, 1.3125, 5]",null,null,null,null,,REFUSE
A:&|4|1,Int,base_42,0000002a,"[1, 1.3125, 5]",Unit,null,null,null,,REFUSE
A:&|4|2,Int,base_42,0000002a,"[1, 1.3125, 5]",Nothing?,null,null,null,,REFUSE
A:&|4|3,Int,base_42,0000002a,"[1, 1.3125, 5]",Boolean,true,true,true,,REFUSE
A:&|4|4,Int,base_42,0000002a,"[1, 1.3125, 5]",Int,base_42,0000002a,"[1, 1.3125, 5]",,REFUSE
A:&|4|5,Int,base_42,0000002a,"[1, 1.3125, 5]",Long,base_42,000000000000002a,"[1, 1.3125, 5]",,REFUSE
A:&|4|6,Int,base_42,0000002a,"[1, 1.3125, 5]",ULong,base_42,000000000000002a,"[1, 1.3125, 5]",,REFUSE
A:&|4|7,Int,base_42,0000002a,"[1, 1.3125, 5]",BigInteger,base_42,2a,"[1, 1.3125, 5]",,REFUSE
A:&|4|8,Int,base_42,0000002a,"[1, 1.3125, 5]",Double,base_1_5,3ff8000000000000,"[1, 1.5, 0]",,REFUSE
A:&|4|9,Int,base_42,0000002a,"[1, 1.3125, 5]",Float,base_1_5,3fc00000,"[1, 1.5, 0]",,REFUSE
A:&|4|10,Int,base_42,0000002a,"[1, 1.3125, 5]",BigDecimal,base_1_5,1.5,"[1, 1.5, 0]",,REFUSE
A:&|4|11,Int,base_42,0000002a,"[1, 1.3125, 5]",String,base_hello,68656c6c6f,t|68656c6c6f|5|5|5,,REFUSE
A:&|4|12,Int,base_42,0000002a,"[1, 1.3125, 5]",CharArray,base_hello,68656c6c6f,t|68656c6c6f|5|5|5,,REFUSE
A:&|4|13,Int,base_42,0000002a,"[1, 1.3125, 5]",StringBuilder,base_hello,68656c6c6f,t|68656c6c6f|5|5|5,,REFUSE
A:&|4|14,Int,base_42,0000002a,"[1, 1.3125, 5]",ByteArray,base_hello,68656c6c6f,t|68656c6c6f|5|5|5,,REFUSE
A:&|4|15,Int,base_42,0000002a,"[1, 1.3125, 5]",List,base,"[1, 2, 3]","c|[1, 1.0, 0],[1, 1.0, 1],[1, 1.5, 1]|integer|as-sorted",,REFUSE
A:&|4|16,Int,base_42,0000002a,"[1, 1.3125, 5]",MutableList,base,"[1, 2, 3]","c|[1, 1.0, 0],[1, 1.0, 1],[1, 1.5, 1]|integer|as-sorted",,REFUSE
A:&|4|17,Int,base_42,0000002a,"[1, 1.3125, 5]",Array<T>,base,"[1, 2, 3]","c|[1, 1.0, 0],[1, 1.0, 1],[1, 1.5, 1]|integer|as-sorted",,REFUSE
A:&|4|18,Int,base_42,0000002a,"[1, 1.3125, 5]",IntArray,base,"[1, 2, 3]","c|[1, 1.0, 0],[1, 1.0, 1],[1, 1.5, 1]|integer|as-sorted",,REFUSE
A:&|4|19,Int,base_42,0000002a,"[1, 1.3125, 5]",ArrayDeque,base,"[1, 2, 3]","c|[1, 1.0, 0],[1, 1.0, 1],[1, 1.5, 1]|integer|as-sorted",,REFUSE
A:&|4|20,Int,base_42,0000002a,"[1, 1.3125, 5]",Map,flat,"{'a': 1, 'b': 2, 'c': 3}","c|[1, 1.0, 0],[1, 1.0, 1],[1, 1.5, 1]|text|not-applicable",,REFUSE
A:&|4|21,Int,base_42,0000002a,"[1, 1.3125, 5]",MutableMap,flat,"{'a': 1, 'b': 2, 'c': 3}","c|[1, 1.0, 0],[1, 1.0, 1],[1, 1.5, 1]|text|not-applicable",,REFUSE
A:&|4|22,Int,base_42,0000002a,"[1, 1.3125, 5]",LinkedHashMap,flat,"{'a': 1, 'b': 2, 'c': 3}","c|[1, 1.0, 0],[1, 1.0, 1],[1, 1.5, 1]|text|not-applicable",,REFUSE
A:&|4|23,Int,base_42,0000002a,"[1, 1.3125, 5]",data class,flat,"{'a': 1, 'b': 2, 'c': 3}","c|[1, 1.0, 0],[1, 1.0, 1],[1, 1.5, 1]|text|not-applicable",,REFUSE
A:&|4|24,Int,base_42,0000002a,"[1, 1.3125, 5]",List<List<Any?>>,seq_in_seq,"[[1, 2], [3, 4]]","c|c|[1, 1.0, 0],[1, 1.0, 1]|integer|as-sorted,c|[1, 1.0, 2],[1, 1.5, 1]|integer|as-sorted|integer|as-sorted",,REFUSE
A:&|4|25,Int,base_42,0000002a,"[1, 1.3125, 5]",sealed class Node,seq_in_seq,"[[1, 2], [3, 4]]","c|c|[1, 1.0, 0],[1, 1.0, 1]|integer|as-sorted,c|[1, 1.0, 2],[1, 1.5, 1]|integer|as-sorted|integer|as-sorted",,REFUSE
A:&|5|0,Long,base_42,000000000000002a,"[1, 1.3125, 5]",null,null,null,null,,REFUSE
A:&|5|1,Long,base_42,000000000000002a,"[1, 1.3125, 5]",Unit,null,null,null,,REFUSE
A:&|5|2,Long,base_42,000000000000002a,"[1, 1.3125, 5]",Nothing?,null,null,null,,REFUSE
A:&|5|3,Long,base_42,000000000000002a,"[1, 1.3125, 5]",Boolean,true,true,true,,REFUSE
A:&|5|4,Long,base_42,000000000000002a,"[1, 1.3125, 5]",Int,base_42,0000002a,"[1, 1.3125, 5]",,REFUSE
A:&|5|5,Long,base_42,000000000000002a,"[1, 1.3125, 5]",Long,base_42,000000000000002a,"[1, 1.3125, 5]",,REFUSE
A:&|5|6,Long,base_42,000000000000002a,"[1, 1.3125, 5]",ULong,base_42,000000000000002a,"[1, 1.3125, 5]",,REFUSE
A:&|5|7,Long,base_42,000000000000002a,"[1, 1.3125, 5]",BigInteger,base_42,2a,"[1, 1.3125, 5]",,REFUSE
A:&|5|8,Long,base_42,000000000000002a,"[1, 1.3125, 5]",Double,base_1_5,3ff8000000000000,"[1, 1.5, 0]",,REFUSE
A:&|5|9,Long,base_42,000000000000002a,"[1, 1.3125, 5]",Float,base_1_5,3fc00000,"[1, 1.5, 0]",,REFUSE
A:&|5|10,Long,base_42,000000000000002a,"[1, 1.3125, 5]",BigDecimal,base_1_5,1.5,"[1, 1.5, 0]",,REFUSE
A:&|5|11,Long,base_42,000000000000002a,"[1, 1.3125, 5]",String,base_hello,68656c6c6f,t|68656c6c6f|5|5|5,,REFUSE
A:&|5|12,Long,base_42,000000000000002a,"[1, 1.3125, 5]",CharArray,base_hello,68656c6c6f,t|68656c6c6f|5|5|5,,REFUSE
A:&|5|13,Long,base_42,000000000000002a,"[1, 1.3125, 5]",StringBuilder,base_hello,68656c6c6f,t|68656c6c6f|5|5|5,,REFUSE
A:&|5|14,Long,base_42,000000000000002a,"[1, 1.3125, 5]",ByteArray,base_hello,68656c6c6f,t|68656c6c6f|5|5|5,,REFUSE
A:&|5|15,Long,base_42,000000000000002a,"[1, 1.3125, 5]",List,base,"[1, 2, 3]","c|[1, 1.0, 0],[1, 1.0, 1],[1, 1.5, 1]|integer|as-sorted",,REFUSE
A:&|5|16,Long,base_42,000000000000002a,"[1, 1.3125, 5]",MutableList,base,"[1, 2, 3]","c|[1, 1.0, 0],[1, 1.0, 1],[1, 1.5, 1]|integer|as-sorted",,REFUSE
A:&|5|17,Long,base_42,000000000000002a,"[1, 1.3125, 5]",Array<T>,base,"[1, 2, 3]","c|[1, 1.0, 0],[1, 1.0, 1],[1, 1.5, 1]|integer|as-sorted",,REFUSE
A:&|5|18,Long,base_42,000000000000002a,"[1, 1.3125, 5]",IntArray,base,"[1, 2, 3]","c|[1, 1.0, 0],[1, 1.0, 1],[1, 1.5, 1]|integer|as-sorted",,REFUSE
A:&|5|19,Long,base_42,000000000000002a,"[1, 1.3125, 5]",ArrayDeque,base,"[1, 2, 3]","c|[1, 1.0, 0],[1, 1.0, 1],[1, 1.5, 1]|integer|as-sorted",,REFUSE
A:&|5|20,Long,base_42,000000000000002a,"[1, 1.3125, 5]",Map,flat,"{'a': 1, 'b': 2, 'c': 3}","c|[1, 1.0, 0],[1, 1.0, 1],[1, 1.5, 1]|text|not-applicable",,REFUSE
A:&|5|21,Long,base_42,000000000000002a,"[1, 1.3125, 5]",MutableMap,flat,"{'a': 1, 'b': 2, 'c': 3}","c|[1, 1.0, 0],[1, 1.0, 1],[1, 1.5, 1]|text|not-applicable",,REFUSE
A:&|5|22,Long,base_42,000000000000002a,"[1, 1.3125, 5]",LinkedHashMap,flat,"{'a': 1, 'b': 2, 'c': 3}","c|[1, 1.0, 0],[1, 1.0, 1],[1, 1.5, 1]|text|not-applicable",,REFUSE
A:&|5|23,Long,base_42,000000000000002a,"[1, 1.3125, 5]",data class,flat,"{'a': 1, 'b': 2, 'c': 3}","c|[1, 1.0, 0],[1, 1.0, 1],[1, 1.5, 1]|text|not-applicable",,REFUSE
A:&|5|24,Long,base_42,000000000000002a,"[1, 1.3125, 5]",List<List<Any?>>,seq_in_seq,"[[1, 2], [3, 4]]","c|c|[1, 1.0, 0],[1, 1.0, 1]|integer|as-sorted,c|[1, 1.0, 2],[1, 1.5, 1]|integer|as-sorted|integer|as-sorted",,REFUSE
A:&|5|25,Long,base_42,000000000000002a,"[1, 1.3125, 5]",sealed class Node,seq_in_seq,"[[1, 2], [3, 4]]","c|c|[1, 1.0, 0],[1, 1.0, 1]|integer|as-sorted,c|[1, 1.0, 2],[1, 1.5, 1]|integer|as-sorted|integer|as-sorted",,REFUSE
A:&|6|0,ULong,base_42,000000000000002a,"[1, 1.3125, 5]",null,null,null,null,,REFUSE
A:&|6|1,ULong,base_42,000000000000002a,"[1, 1.3125, 5]",Unit,null,null,null,,REFUSE
A:&|6|2,ULong,base_42,000000000000002a,"[1, 1.3125, 5]",Nothing?,null,null,null,,REFUSE
A:&|6|3,ULong,base_42,000000000000002a,"[1, 1.3125, 5]",Boolean,true,true,true,,REFUSE
A:&|6|4,ULong,base_42,000000000000002a,"[1, 1.3125, 5]",Int,base_42,0000002a,"[1, 1.3125, 5]",,REFUSE
A:&|6|5,ULong,base_42,000000000000002a,"[1, 1.3125, 5]",Long,base_42,000000000000002a,"[1, 1.3125, 5]",,REFUSE
A:&|6|6,ULong,base_42,000000000000002a,"[1, 1.3125, 5]",ULong,base_42,000000000000002a,"[1, 1.3125, 5]",,REFUSE
A:&|6|7,ULong,base_42,000000000000002a,"[1, 1.3125, 5]",BigInteger,base_42,2a,"[1, 1.3125, 5]",,REFUSE
A:&|6|8,ULong,base_42,000000000000002a,"[1, 1.3125, 5]",Double,base_1_5,3ff8000000000000,"[1, 1.5, 0]",,REFUSE
A:&|6|9,ULong,base_42,000000000000002a,"[1, 1.3125, 5]",Float,base_1_5,3fc00000,"[1, 1.5, 0]",,REFUSE
A:&|6|10,ULong,base_42,000000000000002a,"[1, 1.3125, 5]",BigDecimal,base_1_5,1.5,"[1, 1.5, 0]",,REFUSE
A:&|6|11,ULong,base_42,000000000000002a,"[1, 1.3125, 5]",String,base_hello,68656c6c6f,t|68656c6c6f|5|5|5,,REFUSE
A:&|6|12,ULong,base_42,000000000000002a,"[1, 1.3125, 5]",CharArray,base_hello,68656c6c6f,t|68656c6c6f|5|5|5,,REFUSE
A:&|6|13,ULong,base_42,000000000000002a,"[1, 1.3125, 5]",StringBuilder,base_hello,68656c6c6f,t|68656c6c6f|5|5|5,,REFUSE
A:&|6|14,ULong,base_42,000000000000002a,"[1, 1.3125, 5]",ByteArray,base_hello,68656c6c6f,t|68656c6c6f|5|5|5,,REFUSE
A:&|6|15,ULong,base_42,000000000000002a,"[1, 1.3125, 5]",List,base,"[1, 2, 3]","c|[1, 1.0, 0],[1, 1.0, 1],[1, 1.5, 1]|integer|as-sorted",,REFUSE
A:&|6|16,ULong,base_42,000000000000002a,"[1, 1.3125, 5]",MutableList,base,"[1, 2, 3]","c|[1, 1.0, 0],[1, 1.0, 1],[1, 1.5, 1]|integer|as-sorted",,REFUSE
A:&|6|17,ULong,base_42,000000000000002a,"[1, 1.3125, 5]",Array<T>,base,"[1, 2, 3]","c|[1, 1.0, 0],[1, 1.0, 1],[1, 1.5, 1]|integer|as-sorted",,REFUSE
A:&|6|18,ULong,base_42,000000000000002a,"[1, 1.3125, 5]",IntArray,base,"[1, 2, 3]","c|[1, 1.0, 0],[1, 1.0, 1],[1, 1.5, 1]|integer|as-sorted",,REFUSE
A:&|6|19,ULong,base_42,000000000000002a,"[1, 1.3125, 5]",ArrayDeque,base,"[1, 2, 3]","c|[1, 1.0, 0],[1, 1.0, 1],[1, 1.5, 1]|integer|as-sorted",,REFUSE
A:&|6|20,ULong,base_42,000000000000002a,"[1, 1.3125, 5]",Map,flat,"{'a': 1, 'b': 2, 'c': 3}","c|[1, 1.0, 0],[1, 1.0, 1],[1, 1.5, 1]|text|not-applicable",,REFUSE
A:&|6|21,ULong,base_42,000000000000002a,"[1, 1.3125, 5]",MutableMap,flat,"{'a': 1, 'b': 2, 'c': 3}","c|[1, 1.0, 0],[1, 1.0, 1],[1, 1.5, 1]|text|not-applicable",,REFUSE
A:&|6|22,ULong,base_42,000000000000002a,"[1, 1.3125, 5]",LinkedHashMap,flat,"{'a': 1, 'b': 2, 'c': 3}","c|[1, 1.0, 0],[1, 1.0, 1],[1, 1.5, 1]|text|not-applicable",,REFUSE
A:&|6|23,ULong,base_42,000000000000002a,"[1, 1.3125, 5]",data class,flat,"{'a': 1, 'b': 2, 'c': 3}","c|[1, 1.0, 0],[1, 1.0, 1],[1, 1.5, 1]|text|not-applicable",,REFUSE
A:&|6|24,ULong,base_42,000000000000002a,"[1, 1.3125, 5]",List<List<Any?>>,seq_in_seq,"[[1, 2], [3, 4]]","c|c|[1, 1.0, 0],[1, 1.0, 1]|integer|as-sorted,c|[1, 1.0, 2],[1, 1.5, 1]|integer|as-sorted|integer|as-sorted",,REFUSE
A:&|6|25,ULong,base_42,000000000000002a,"[1, 1.3125, 5]",sealed class Node,seq_in_seq,"[[1, 2], [3, 4]]","c|c|[1, 1.0, 0],[1, 1.0, 1]|integer|as-sorted,c|[1, 1.0, 2],[1, 1.5, 1]|integer|as-sorted|integer|as-sorted",,REFUSE
A:&|7|0,BigInteger,base_42,2a,"[1, 1.3125, 5]",null,null,null,null,,REFUSE
A:&|7|1,BigInteger,base_42,2a,"[1, 1.3125, 5]",Unit,null,null,null,,REFUSE
A:&|7|2,BigInteger,base_42,2a,"[1, 1.3125, 5]",Nothing?,null,null,null,,REFUSE
A:&|7|3,BigInteger,base_42,2a,"[1, 1.3125, 5]",Boolean,true,true,true,,REFUSE
A:&|7|4,BigInteger,base_42,2a,"[1, 1.3125, 5]",Int,base_42,0000002a,"[1, 1.3125, 5]",,REFUSE
A:&|7|5,BigInteger,base_42,2a,"[1, 1.3125, 5]",Long,base_42,000000000000002a,"[1, 1.3125, 5]",,REFUSE
A:&|7|6,BigInteger,base_42,2a,"[1, 1.3125, 5]",ULong,base_42,000000000000002a,"[1, 1.3125, 5]",,REFUSE
A:&|7|7,BigInteger,base_42,2a,"[1, 1.3125, 5]",BigInteger,base_42,2a,"[1, 1.3125, 5]",,REFUSE
A:&|7|8,BigInteger,base_42,2a,"[1, 1.3125, 5]",Double,base_1_5,3ff8000000000000,"[1, 1.5, 0]",,REFUSE
A:&|7|9,BigInteger,base_42,2a,"[1, 1.3125, 5]",Float,base_1_5,3fc00000,"[1, 1.5, 0]",,REFUSE
A:&|7|10,BigInteger,base_42,2a,"[1, 1.3125, 5]",BigDecimal,base_1_5,1.5,"[1, 1.5, 0]",,REFUSE
A:&|7|11,BigInteger,base_42,2a,"[1, 1.3125, 5]",String,base_hello,68656c6c6f,t|68656c6c6f|5|5|5,,REFUSE
A:&|7|12,BigInteger,base_42,2a,"[1, 1.3125, 5]",CharArray,base_hello,68656c6c6f,t|68656c6c6f|5|5|5,,REFUSE
A:&|7|13,BigInteger,base_42,2a,"[1, 1.3125, 5]",StringBuilder,base_hello,68656c6c6f,t|68656c6c6f|5|5|5,,REFUSE
A:&|7|14,BigInteger,base_42,2a,"[1, 1.3125, 5]",ByteArray,base_hello,68656c6c6f,t|68656c6c6f|5|5|5,,REFUSE
A:&|7|15,BigInteger,base_42,2a,"[1, 1.3125, 5]",List,base,"[1, 2, 3]","c|[1, 1.0, 0],[1, 1.0, 1],[1, 1.5, 1]|integer|as-sorted",,REFUSE
A:&|7|16,BigInteger,base_42,2a,"[1, 1.3125, 5]",MutableList,base,"[1, 2, 3]","c|[1, 1.0, 0],[1, 1.0, 1],[1, 1.5, 1]|integer|as-sorted",,REFUSE
A:&|7|17,BigInteger,base_42,2a,"[1, 1.3125, 5]",Array<T>,base,"[1, 2, 3]","c|[1, 1.0, 0],[1, 1.0, 1],[1, 1.5, 1]|integer|as-sorted",,REFUSE
A:&|7|18,BigInteger,base_42,2a,"[1, 1.3125, 5]",IntArray,base,"[1, 2, 3]","c|[1, 1.0, 0],[1, 1.0, 1],[1, 1.5, 1]|integer|as-sorted",,REFUSE
A:&|7|19,BigInteger,base_42,2a,"[1, 1.3125, 5]",ArrayDeque,base,"[1, 2, 3]","c|[1, 1.0, 0],[1, 1.0, 1],[1, 1.5, 1]|integer|as-sorted",,REFUSE
A:&|7|20,BigInteger,base_42,2a,"[1, 1.3125, 5]",Map,flat,"{'a': 1, 'b': 2, 'c': 3}","c|[1, 1.0, 0],[1, 1.0, 1],[1, 1.5, 1]|text|not-applicable",,REFUSE
A:&|7|21,BigInteger,base_42,2a,"[1, 1.3125, 5]",MutableMap,flat,"{'a': 1, 'b': 2, 'c': 3}","c|[1, 1.0, 0],[1, 1.0, 1],[1, 1.5, 1]|text|not-applicable",,REFUSE
A:&|7|22,BigInteger,base_42,2a,"[1, 1.3125, 5]",LinkedHashMap,flat,"{'a': 1, 'b': 2, 'c': 3}","c|[1, 1.0, 0],[1, 1.0, 1],[1, 1.5, 1]|text|not-applicable",,REFUSE
A:&|7|23,BigInteger,base_42,2a,"[1, 1.3125, 5]",data class,flat,"{'a': 1, 'b': 2, 'c': 3}","c|[1, 1.0, 0],[1, 1.0, 1],[1, 1.5, 1]|text|not-applicable",,REFUSE
A:&|7|24,BigInteger,base_42,2a,"[1, 1.3125, 5]",List<List<Any?>>,seq_in_seq,"[[1, 2], [3, 4]]","c|c|[1, 1.0, 0],[1, 1.0, 1]|integer|as-sorted,c|[1, 1.0, 2],[1, 1.5, 1]|integer|as-sorted|integer|as-sorted",,REFUSE
A:&|7|25,BigInteger,base_42,2a,"[1, 1.3125, 5]",sealed class Node,seq_in_seq,"[[1, 2], [3, 4]]","c|c|[1, 1.0, 0],[1, 1.0, 1]|integer|as-sorted,c|[1, 1.0, 2],[1, 1.5, 1]|integer|as-sorted|integer|as-sorted",,REFUSE
A:&|8|0,Double,base_1_5,3ff8000000000000,"[1, 1.5, 0]",null,null,null,null,,REFUSE
A:&|8|1,Double,base_1_5,3ff8000000000000,"[1, 1.5, 0]",Unit,null,null,null,,REFUSE
A:&|8|2,Double,base_1_5,3ff8000000000000,"[1, 1.5, 0]",Nothing?,null,null,null,,REFUSE
A:&|8|3,Double,base_1_5,3ff8000000000000,"[1, 1.5, 0]",Boolean,true,true,true,,REFUSE
A:&|8|4,Double,base_1_5,3ff8000000000000,"[1, 1.5, 0]",Int,base_42,0000002a,"[1, 1.3125, 5]",,REFUSE
A:&|8|5,Double,base_1_5,3ff8000000000000,"[1, 1.5, 0]",Long,base_42,000000000000002a,"[1, 1.3125, 5]",,REFUSE
A:&|8|6,Double,base_1_5,3ff8000000000000,"[1, 1.5, 0]",ULong,base_42,000000000000002a,"[1, 1.3125, 5]",,REFUSE
A:&|8|7,Double,base_1_5,3ff8000000000000,"[1, 1.5, 0]",BigInteger,base_42,2a,"[1, 1.3125, 5]",,REFUSE
A:&|8|8,Double,base_1_5,3ff8000000000000,"[1, 1.5, 0]",Double,base_1_5,3ff8000000000000,"[1, 1.5, 0]",,REFUSE
A:&|8|9,Double,base_1_5,3ff8000000000000,"[1, 1.5, 0]",Float,base_1_5,3fc00000,"[1, 1.5, 0]",,REFUSE
A:&|8|10,Double,base_1_5,3ff8000000000000,"[1, 1.5, 0]",BigDecimal,base_1_5,1.5,"[1, 1.5, 0]",,REFUSE
A:&|8|11,Double,base_1_5,3ff8000000000000,"[1, 1.5, 0]",String,base_hello,68656c6c6f,t|68656c6c6f|5|5|5,,REFUSE
A:&|8|12,Double,base_1_5,3ff8000000000000,"[1, 1.5, 0]",CharArray,base_hello,68656c6c6f,t|68656c6c6f|5|5|5,,REFUSE
A:&|8|13,Double,base_1_5,3ff8000000000000,"[1, 1.5, 0]",StringBuilder,base_hello,68656c6c6f,t|68656c6c6f|5|5|5,,REFUSE
A:&|8|14,Double,base_1_5,3ff8000000000000,"[1, 1.5, 0]",ByteArray,base_hello,68656c6c6f,t|68656c6c6f|5|5|5,,REFUSE
A:&|8|15,Double,base_1_5,3ff8000000000000,"[1, 1.5, 0]",List,base,"[1, 2, 3]","c|[1, 1.0, 0],[1, 1.0, 1],[1, 1.5, 1]|integer|as-sorted",,REFUSE
A:&|8|16,Double,base_1_5,3ff8000000000000,"[1, 1.5, 0]",MutableList,base,"[1, 2, 3]","c|[1, 1.0, 0],[1, 1.0, 1],[1, 1.5, 1]|integer|as-sorted",,REFUSE
A:&|8|17,Double,base_1_5,3ff8000000000000,"[1, 1.5, 0]",Array<T>,base,"[1, 2, 3]","c|[1, 1.0, 0],[1, 1.0, 1],[1, 1.5, 1]|integer|as-sorted",,REFUSE
A:&|8|18,Double,base_1_5,3ff8000000000000,"[1, 1.5, 0]",IntArray,base,"[1, 2, 3]","c|[1, 1.0, 0],[1, 1.0, 1],[1, 1.5, 1]|integer|as-sorted",,REFUSE
A:&|8|19,Double,base_1_5,3ff8000000000000,"[1, 1.5, 0]",ArrayDeque,base,"[1, 2, 3]","c|[1, 1.0, 0],[1, 1.0, 1],[1, 1.5, 1]|integer|as-sorted",,REFUSE
A:&|8|20,Double,base_1_5,3ff8000000000000,"[1, 1.5, 0]",Map,flat,"{'a': 1, 'b': 2, 'c': 3}","c|[1, 1.0, 0],[1, 1.0, 1],[1, 1.5, 1]|text|not-applicable",,REFUSE
A:&|8|21,Double,base_1_5,3ff8000000000000,"[1, 1.5, 0]",MutableMap,flat,"{'a': 1, 'b': 2, 'c': 3}","c|[1, 1.0, 0],[1, 1.0, 1],[1, 1.5, 1]|text|not-applicable",,REFUSE
A:&|8|22,Double,base_1_5,3ff8000000000000,"[1, 1.5, 0]",LinkedHashMap,flat,"{'a': 1, 'b': 2, 'c': 3}","c|[1, 1.0, 0],[1, 1.0, 1],[1, 1.5, 1]|text|not-applicable",,REFUSE
A:&|8|23,Double,base_1_5,3ff8000000000000,"[1, 1.5, 0]",data class,flat,"{'a': 1, 'b': 2, 'c': 3}","c|[1, 1.0, 0],[1, 1.0, 1],[1, 1.5, 1]|text|not-applicable",,REFUSE
A:&|8|24,Double,base_1_5,3ff8000000000000,"[1, 1.5, 0]",List<List<Any?>>,seq_in_seq,"[[1, 2], [3, 4]]","c|c|[1, 1.0, 0],[1, 1.0, 1]|integer|as-sorted,c|[1, 1.0, 2],[1, 1.5, 1]|integer|as-sorted|integer|as-sorted",,REFUSE
A:&|8|25,Double,base_1_5,3ff8000000000000,"[1, 1.5, 0]",sealed class Node,seq_in_seq,"[[1, 2], [3, 4]]","c|c|[1, 1.0, 0],[1, 1.0, 1]|integer|as-sorted,c|[1, 1.0, 2],[1, 1.5, 1]|integer|as-sorted|integer|as-sorted",,REFUSE
A:&|9|0,Float,base_1_5,3fc00000,"[1, 1.5, 0]",null,null,null,null,,REFUSE
A:&|9|1,Float,base_1_5,3fc00000,"[1, 1.5, 0]",Unit,null,null,null,,REFUSE
A:&|9|2,Float,base_1_5,3fc00000,"[1, 1.5, 0]",Nothing?,null,null,null,,REFUSE
A:&|9|3,Float,base_1_5,3fc00000,"[1, 1.5, 0]",Boolean,true,true,true,,REFUSE
A:&|9|4,Float,base_1_5,3fc00000,"[1, 1.5, 0]",Int,base_42,0000002a,"[1, 1.3125, 5]",,REFUSE
A:&|9|5,Float,base_1_5,3fc00000,"[1, 1.5, 0]",Long,base_42,000000000000002a,"[1, 1.3125, 5]",,REFUSE
A:&|9|6,Float,base_1_5,3fc00000,"[1, 1.5, 0]",ULong,base_42,000000000000002a,"[1, 1.3125, 5]",,REFUSE
A:&|9|7,Float,base_1_5,3fc00000,"[1, 1.5, 0]",BigInteger,base_42,2a,"[1, 1.3125, 5]",,REFUSE
A:&|9|8,Float,base_1_5,3fc00000,"[1, 1.5, 0]",Double,base_1_5,3ff8000000000000,"[1, 1.5, 0]",,REFUSE
A:&|9|9,Float,base_1_5,3fc00000,"[1, 1.5, 0]",Float,base_1_5,3fc00000,"[1, 1.5, 0]",,REFUSE
A:&|9|10,Float,base_1_5,3fc00000,"[1, 1.5, 0]",BigDecimal,base_1_5,1.5,"[1, 1.5, 0]",,REFUSE
A:&|9|11,Float,base_1_5,3fc00000,"[1, 1.5, 0]",String,base_hello,68656c6c6f,t|68656c6c6f|5|5|5,,REFUSE
A:&|9|12,Float,base_1_5,3fc00000,"[1, 1.5, 0]",CharArray,base_hello,68656c6c6f,t|68656c6c6f|5|5|5,,REFUSE
A:&|9|13,Float,base_1_5,3fc00000,"[1, 1.5, 0]",StringBuilder,base_hello,68656c6c6f,t|68656c6c6f|5|5|5,,REFUSE
A:&|9|14,Float,base_1_5,3fc00000,"[1, 1.5, 0]",ByteArray,base_hello,68656c6c6f,t|68656c6c6f|5|5|5,,REFUSE
A:&|9|15,Float,base_1_5,3fc00000,"[1, 1.5, 0]",List,base,"[1, 2, 3]","c|[1, 1.0, 0],[1, 1.0, 1],[1, 1.5, 1]|integer|as-sorted",,REFUSE
A:&|9|16,Float,base_1_5,3fc00000,"[1, 1.5, 0]",MutableList,base,"[1, 2, 3]","c|[1, 1.0, 0],[1, 1.0, 1],[1, 1.5, 1]|integer|as-sorted",,REFUSE
A:&|9|17,Float,base_1_5,3fc00000,"[1, 1.5, 0]",Array<T>,base,"[1, 2, 3]","c|[1, 1.0, 0],[1, 1.0, 1],[1, 1.5, 1]|integer|as-sorted",,REFUSE
A:&|9|18,Float,base_1_5,3fc00000,"[1, 1.5, 0]",IntArray,base,"[1, 2, 3]","c|[1, 1.0, 0],[1, 1.0, 1],[1, 1.5, 1]|integer|as-sorted",,REFUSE
A:&|9|19,Float,base_1_5,3fc00000,"[1, 1.5, 0]",ArrayDeque,base,"[1, 2, 3]","c|[1, 1.0, 0],[1, 1.0, 1],[1, 1.5, 1]|integer|as-sorted",,REFUSE
A:&|9|20,Float,base_1_5,3fc00000,"[1, 1.5, 0]",Map,flat,"{'a': 1, 'b': 2, 'c': 3}","c|[1, 1.0, 0],[1, 1.0, 1],[1, 1.5, 1]|text|not-applicable",,REFUSE
A:&|9|21,Float,base_1_5,3fc00000,"[1, 1.5, 0]",MutableMap,flat,"{'a': 1, 'b': 2, 'c': 3}","c|[1, 1.0, 0],[1, 1.0, 1],[1, 1.5, 1]|text|not-applicable",,REFUSE
A:&|9|22,Float,base_1_5,3fc00000,"[1, 1.5, 0]",LinkedHashMap,flat,"{'a': 1, 'b': 2, 'c': 3}","c|[1, 1.0, 0],[1, 1.0, 1],[1, 1.5, 1]|text|not-applicable",,REFUSE
A:&|9|23,Float,base_1_5,3fc00000,"[1, 1.5, 0]",data class,flat,"{'a': 1, 'b': 2, 'c': 3}","c|[1, 1.0, 0],[1, 1.0, 1],[1, 1.5, 1]|text|not-applicable",,REFUSE
A:&|9|24,Float,base_1_5,3fc00000,"[1, 1.5, 0]",List<List<Any?>>,seq_in_seq,"[[1, 2], [3, 4]]","c|c|[1, 1.0, 0],[1, 1.0, 1]|integer|as-sorted,c|[1, 1.0, 2],[1, 1.5, 1]|integer|as-sorted|integer|as-sorted",,REFUSE
A:&|9|25,Float,base_1_5,3fc00000,"[1, 1.5, 0]",sealed class Node,seq_in_seq,"[[1, 2], [3, 4]]","c|c|[1, 1.0, 0],[1, 1.0, 1]|integer|as-sorted,c|[1, 1.0, 2],[1, 1.5, 1]|integer|as-sorted|integer|as-sorted",,REFUSE
A:&|10|0,BigDecimal,base_1_5,1.5,"[1, 1.5, 0]",null,null,null,null,,REFUSE
A:&|10|1,BigDecimal,base_1_5,1.5,"[1, 1.5, 0]",Unit,null,null,null,,REFUSE
A:&|10|2,BigDecimal,base_1_5,1.5,"[1, 1.5, 0]",Nothing?,null,null,null,,REFUSE
A:&|10|3,BigDecimal,base_1_5,1.5,"[1, 1.5, 0]",Boolean,true,true,true,,REFUSE
A:&|10|4,BigDecimal,base_1_5,1.5,"[1, 1.5, 0]",Int,base_42,0000002a,"[1, 1.3125, 5]",,REFUSE
A:&|10|5,BigDecimal,base_1_5,1.5,"[1, 1.5, 0]",Long,base_42,000000000000002a,"[1, 1.3125, 5]",,REFUSE
A:&|10|6,BigDecimal,base_1_5,1.5,"[1, 1.5, 0]",ULong,base_42,000000000000002a,"[1, 1.3125, 5]",,REFUSE
A:&|10|7,BigDecimal,base_1_5,1.5,"[1, 1.5, 0]",BigInteger,base_42,2a,"[1, 1.3125, 5]",,REFUSE
A:&|10|8,BigDecimal,base_1_5,1.5,"[1, 1.5, 0]",Double,base_1_5,3ff8000000000000,"[1, 1.5, 0]",,REFUSE
A:&|10|9,BigDecimal,base_1_5,1.5,"[1, 1.5, 0]",Float,base_1_5,3fc00000,"[1, 1.5, 0]",,REFUSE
A:&|10|10,BigDecimal,base_1_5,1.5,"[1, 1.5, 0]",BigDecimal,base_1_5,1.5,"[1, 1.5, 0]",,REFUSE
A:&|10|11,BigDecimal,base_1_5,1.5,"[1, 1.5, 0]",String,base_hello,68656c6c6f,t|68656c6c6f|5|5|5,,REFUSE
A:&|10|12,BigDecimal,base_1_5,1.5,"[1, 1.5, 0]",CharArray,base_hello,68656c6c6f,t|68656c6c6f|5|5|5,,REFUSE
A:&|10|13,BigDecimal,base_1_5,1.5,"[1, 1.5, 0]",StringBuilder,base_hello,68656c6c6f,t|68656c6c6f|5|5|5,,REFUSE
A:&|10|14,BigDecimal,base_1_5,1.5,"[1, 1.5, 0]",ByteArray,base_hello,68656c6c6f,t|68656c6c6f|5|5|5,,REFUSE
A:&|10|15,BigDecimal,base_1_5,1.5,"[1, 1.5, 0]",List,base,"[1, 2, 3]","c|[1, 1.0, 0],[1, 1.0, 1],[1, 1.5, 1]|integer|as-sorted",,REFUSE
A:&|10|16,BigDecimal,base_1_5,1.5,"[1, 1.5, 0]",MutableList,base,"[1, 2, 3]","c|[1, 1.0, 0],[1, 1.0, 1],[1, 1.5, 1]|integer|as-sorted",,REFUSE
A:&|10|17,BigDecimal,base_1_5,1.5,"[1, 1.5, 0]",Array<T>,base,"[1, 2, 3]","c|[1, 1.0, 0],[1, 1.0, 1],[1, 1.5, 1]|integer|as-sorted",,REFUSE
A:&|10|18,BigDecimal,base_1_5,1.5,"[1, 1.5, 0]",IntArray,base,"[1, 2, 3]","c|[1, 1.0, 0],[1, 1.0, 1],[1, 1.5, 1]|integer|as-sorted",,REFUSE
A:&|10|19,BigDecimal,base_1_5,1.5,"[1, 1.5, 0]",ArrayDeque,base,"[1, 2, 3]","c|[1, 1.0, 0],[1, 1.0, 1],[1, 1.5, 1]|integer|as-sorted",,REFUSE
A:&|10|20,BigDecimal,base_1_5,1.5,"[1, 1.5, 0]",Map,flat,"{'a': 1, 'b': 2, 'c': 3}","c|[1, 1.0, 0],[1, 1.0, 1],[1, 1.5, 1]|text|not-applicable",,REFUSE
A:&|10|21,BigDecimal,base_1_5,1.5,"[1, 1.5, 0]",MutableMap,flat,"{'a': 1, 'b': 2, 'c': 3}","c|[1, 1.0, 0],[1, 1.0, 1],[1, 1.5, 1]|text|not-applicable",,REFUSE
A:&|10|22,BigDecimal,base_1_5,1.5,"[1, 1.5, 0]",LinkedHashMap,flat,"{'a': 1, 'b': 2, 'c': 3}","c|[1, 1.0, 0],[1, 1.0, 1],[1, 1.5, 1]|text|not-applicable",,REFUSE
A:&|10|23,BigDecimal,base_1_5,1.5,"[1, 1.5, 0]",data class,flat,"{'a': 1, 'b': 2, 'c': 3}","c|[1, 1.0, 0],[1, 1.0, 1],[1, 1.5, 1]|text|not-applicable",,REFUSE
A:&|10|24,BigDecimal,base_1_5,1.5,"[1, 1.5, 0]",List<List<Any?>>,seq_in_seq,"[[1, 2], [3, 4]]","c|c|[1, 1.0, 0],[1, 1.0, 1]|integer|as-sorted,c|[1, 1.0, 2],[1, 1.5, 1]|integer|as-sorted|integer|as-sorted",,REFUSE
A:&|10|25,BigDecimal,base_1_5,1.5,"[1, 1.5, 0]",sealed class Node,seq_in_seq,"[[1, 2], [3, 4]]","c|c|[1, 1.0, 0],[1, 1.0, 1]|integer|as-sorted,c|[1, 1.0, 2],[1, 1.5, 1]|integer|as-sorted|integer|as-sorted",,REFUSE
A:&|11|0,String,base_hello,68656c6c6f,t|68656c6c6f|5|5|5,null,null,null,null,,REFUSE
A:&|11|1,String,base_hello,68656c6c6f,t|68656c6c6f|5|5|5,Unit,null,null,null,,REFUSE
A:&|11|2,String,base_hello,68656c6c6f,t|68656c6c6f|5|5|5,Nothing?,null,null,null,,REFUSE
A:&|11|3,String,base_hello,68656c6c6f,t|68656c6c6f|5|5|5,Boolean,true,true,true,,REFUSE
A:&|11|4,String,base_hello,68656c6c6f,t|68656c6c6f|5|5|5,Int,base_42,0000002a,"[1, 1.3125, 5]",,REFUSE
A:&|11|5,String,base_hello,68656c6c6f,t|68656c6c6f|5|5|5,Long,base_42,000000000000002a,"[1, 1.3125, 5]",,REFUSE
A:&|11|6,String,base_hello,68656c6c6f,t|68656c6c6f|5|5|5,ULong,base_42,000000000000002a,"[1, 1.3125, 5]",,REFUSE
A:&|11|7,String,base_hello,68656c6c6f,t|68656c6c6f|5|5|5,BigInteger,base_42,2a,"[1, 1.3125, 5]",,REFUSE
A:&|11|8,String,base_hello,68656c6c6f,t|68656c6c6f|5|5|5,Double,base_1_5,3ff8000000000000,"[1, 1.5, 0]",,REFUSE
A:&|11|9,String,base_hello,68656c6c6f,t|68656c6c6f|5|5|5,Float,base_1_5,3fc00000,"[1, 1.5, 0]",,REFUSE
A:&|11|10,String,base_hello,68656c6c6f,t|68656c6c6f|5|5|5,BigDecimal,base_1_5,1.5,"[1, 1.5, 0]",,REFUSE
A:&|11|11,String,base_hello,68656c6c6f,t|68656c6c6f|5|5|5,String,base_hello,68656c6c6f,t|68656c6c6f|5|5|5,,REFUSE
A:&|11|12,String,base_hello,68656c6c6f,t|68656c6c6f|5|5|5,CharArray,base_hello,68656c6c6f,t|68656c6c6f|5|5|5,,REFUSE
A:&|11|13,String,base_hello,68656c6c6f,t|68656c6c6f|5|5|5,StringBuilder,base_hello,68656c6c6f,t|68656c6c6f|5|5|5,,REFUSE
A:&|11|14,String,base_hello,68656c6c6f,t|68656c6c6f|5|5|5,ByteArray,base_hello,68656c6c6f,t|68656c6c6f|5|5|5,,REFUSE
A:&|11|15,String,base_hello,68656c6c6f,t|68656c6c6f|5|5|5,List,base,"[1, 2, 3]","c|[1, 1.0, 0],[1, 1.0, 1],[1, 1.5, 1]|integer|as-sorted",,REFUSE
A:&|11|16,String,base_hello,68656c6c6f,t|68656c6c6f|5|5|5,MutableList,base,"[1, 2, 3]","c|[1, 1.0, 0],[1, 1.0, 1],[1, 1.5, 1]|integer|as-sorted",,REFUSE
A:&|11|17,String,base_hello,68656c6c6f,t|68656c6c6f|5|5|5,Array<T>,base,"[1, 2, 3]","c|[1, 1.0, 0],[1, 1.0, 1],[1, 1.5, 1]|integer|as-sorted",,REFUSE
A:&|11|18,String,base_hello,68656c6c6f,t|68656c6c6f|5|5|5,IntArray,base,"[1, 2, 3]","c|[1, 1.0, 0],[1, 1.0, 1],[1, 1.5, 1]|integer|as-sorted",,REFUSE
A:&|11|19,String,base_hello,68656c6c6f,t|68656c6c6f|5|5|5,ArrayDeque,base,"[1, 2, 3]","c|[1, 1.0, 0],[1, 1.0, 1],[1, 1.5, 1]|integer|as-sorted",,REFUSE
A:&|11|20,String,base_hello,68656c6c6f,t|68656c6c6f|5|5|5,Map,flat,"{'a': 1, 'b': 2, 'c': 3}","c|[1, 1.0, 0],[1, 1.0, 1],[1, 1.5, 1]|text|not-applicable",,REFUSE
A:&|11|21,String,base_hello,68656c6c6f,t|68656c6c6f|5|5|5,MutableMap,flat,"{'a': 1, 'b': 2, 'c': 3}","c|[1, 1.0, 0],[1, 1.0, 1],[1, 1.5, 1]|text|not-applicable",,REFUSE
A:&|11|22,String,base_hello,68656c6c6f,t|68656c6c6f|5|5|5,LinkedHashMap,flat,"{'a': 1, 'b': 2, 'c': 3}","c|[1, 1.0, 0],[1, 1.0, 1],[1, 1.5, 1]|text|not-applicable",,REFUSE
A:&|11|23,String,base_hello,68656c6c6f,t|68656c6c6f|5|5|5,data class,flat,"{'a': 1, 'b': 2, 'c': 3}","c|[1, 1.0, 0],[1, 1.0, 1],[1, 1.5, 1]|text|not-applicable",,REFUSE
A:&|11|24,String,base_hello,68656c6c6f,t|68656c6c6f|5|5|5,List<List<Any?>>,seq_in_seq,"[[1, 2], [3, 4]]","c|c|[1, 1.0, 0],[1, 1.0, 1]|integer|as-sorted,c|[1, 1.0, 2],[1, 1.5, 1]|integer|as-sorted|integer|as-sorted",,REFUSE
A:&|11|25,String,base_hello,68656c6c6f,t|68656c6c6f|5|5|5,sealed class Node,seq_in_seq,"[[1, 2], [3, 4]]","c|c|[1, 1.0, 0],[1, 1.0, 1]|integer|as-sorted,c|[1, 1.0, 2],[1, 1.5, 1]|integer|as-sorted|integer|as-sorted",,REFUSE
A:&|12|0,CharArray,base_hello,68656c6c6f,t|68656c6c6f|5|5|5,null,null,null,null,,REFUSE
A:&|12|1,CharArray,base_hello,68656c6c6f,t|68656c6c6f|5|5|5,Unit,null,null,null,,REFUSE
A:&|12|2,CharArray,base_hello,68656c6c6f,t|68656c6c6f|5|5|5,Nothing?,null,null,null,,REFUSE
A:&|12|3,CharArray,base_hello,68656c6c6f,t|68656c6c6f|5|5|5,Boolean,true,true,true,,REFUSE
A:&|12|4,CharArray,base_hello,68656c6c6f,t|68656c6c6f|5|5|5,Int,base_42,0000002a,"[1, 1.3125, 5]",,REFUSE
A:&|12|5,CharArray,base_hello,68656c6c6f,t|68656c6c6f|5|5|5,Long,base_42,000000000000002a,"[1, 1.3125, 5]",,REFUSE
A:&|12|6,CharArray,base_hello,68656c6c6f,t|68656c6c6f|5|5|5,ULong,base_42,000000000000002a,"[1, 1.3125, 5]",,REFUSE
A:&|12|7,CharArray,base_hello,68656c6c6f,t|68656c6c6f|5|5|5,BigInteger,base_42,2a,"[1, 1.3125, 5]",,REFUSE
A:&|12|8,CharArray,base_hello,68656c6c6f,t|68656c6c6f|5|5|5,Double,base_1_5,3ff8000000000000,"[1, 1.5, 0]",,REFUSE
A:&|12|9,CharArray,base_hello,68656c6c6f,t|68656c6c6f|5|5|5,Float,base_1_5,3fc00000,"[1, 1.5, 0]",,REFUSE
A:&|12|10,CharArray,base_hello,68656c6c6f,t|68656c6c6f|5|5|5,BigDecimal,base_1_5,1.5,"[1, 1.5, 0]",,REFUSE
A:&|12|11,CharArray,base_hello,68656c6c6f,t|68656c6c6f|5|5|5,String,base_hello,68656c6c6f,t|68656c6c6f|5|5|5,,REFUSE
A:&|12|12,CharArray,base_hello,68656c6c6f,t|68656c6c6f|5|5|5,CharArray,base_hello,68656c6c6f,t|68656c6c6f|5|5|5,,REFUSE
A:&|12|13,CharArray,base_hello,68656c6c6f,t|68656c6c6f|5|5|5,StringBuilder,base_hello,68656c6c6f,t|68656c6c6f|5|5|5,,REFUSE
A:&|12|14,CharArray,base_hello,68656c6c6f,t|68656c6c6f|5|5|5,ByteArray,base_hello,68656c6c6f,t|68656c6c6f|5|5|5,,REFUSE
A:&|12|15,CharArray,base_hello,68656c6c6f,t|68656c6c6f|5|5|5,List,base,"[1, 2, 3]","c|[1, 1.0, 0],[1, 1.0, 1],[1, 1.5, 1]|integer|as-sorted",,REFUSE
A:&|12|16,CharArray,base_hello,68656c6c6f,t|68656c6c6f|5|5|5,MutableList,base,"[1, 2, 3]","c|[1, 1.0, 0],[1, 1.0, 1],[1, 1.5, 1]|integer|as-sorted",,REFUSE
A:&|12|17,CharArray,base_hello,68656c6c6f,t|68656c6c6f|5|5|5,Array<T>,base,"[1, 2, 3]","c|[1, 1.0, 0],[1, 1.0, 1],[1, 1.5, 1]|integer|as-sorted",,REFUSE
A:&|12|18,CharArray,base_hello,68656c6c6f,t|68656c6c6f|5|5|5,IntArray,base,"[1, 2, 3]","c|[1, 1.0, 0],[1, 1.0, 1],[1, 1.5, 1]|integer|as-sorted",,REFUSE
A:&|12|19,CharArray,base_hello,68656c6c6f,t|68656c6c6f|5|5|5,ArrayDeque,base,"[1, 2, 3]","c|[1, 1.0, 0],[1, 1.0, 1],[1, 1.5, 1]|integer|as-sorted",,REFUSE
A:&|12|20,CharArray,base_hello,68656c6c6f,t|68656c6c6f|5|5|5,Map,flat,"{'a': 1, 'b': 2, 'c': 3}","c|[1, 1.0, 0],[1, 1.0, 1],[1, 1.5, 1]|text|not-applicable",,REFUSE
A:&|12|21,CharArray,base_hello,68656c6c6f,t|68656c6c6f|5|5|5,MutableMap,flat,"{'a': 1, 'b': 2, 'c': 3}","c|[1, 1.0, 0],[1, 1.0, 1],[1, 1.5, 1]|text|not-applicable",,REFUSE
A:&|12|22,CharArray,base_hello,68656c6c6f,t|68656c6c6f|5|5|5,LinkedHashMap,flat,"{'a': 1, 'b': 2, 'c': 3}","c|[1, 1.0, 0],[1, 1.0, 1],[1, 1.5, 1]|text|not-applicable",,REFUSE
A:&|12|23,CharArray,base_hello,68656c6c6f,t|68656c6c6f|5|5|5,data class,flat,"{'a': 1, 'b': 2, 'c': 3}","c|[1, 1.0, 0],[1, 1.0, 1],[1, 1.5, 1]|text|not-applicable",,REFUSE
A:&|12|24,CharArray,base_hello,68656c6c6f,t|68656c6c6f|5|5|5,List<List<Any?>>,seq_in_seq,"[[1, 2], [3, 4]]","c|c|[1, 1.0, 0],[1, 1.0, 1]|integer|as-sorted,c|[1, 1.0, 2],[1, 1.5, 1]|integer|as-sorted|integer|as-sorted",,REFUSE
A:&|12|25,CharArray,base_hello,68656c6c6f,t|68656c6c6f|5|5|5,sealed class Node,seq_in_seq,"[[1, 2], [3, 4]]","c|c|[1, 1.0, 0],[1, 1.0, 1]|integer|as-sorted,c|[1, 1.0, 2],[1, 1.5, 1]|integer|as-sorted|integer|as-sorted",,REFUSE
A:&|13|0,StringBuilder,base_hello,68656c6c6f,t|68656c6c6f|5|5|5,null,null,null,null,,REFUSE
A:&|13|1,StringBuilder,base_hello,68656c6c6f,t|68656c6c6f|5|5|5,Unit,null,null,null,,REFUSE
A:&|13|2,StringBuilder,base_hello,68656c6c6f,t|68656c6c6f|5|5|5,Nothing?,null,null,null,,REFUSE
A:&|13|3,StringBuilder,base_hello,68656c6c6f,t|68656c6c6f|5|5|5,Boolean,true,true,true,,REFUSE
A:&|13|4,StringBuilder,base_hello,68656c6c6f,t|68656c6c6f|5|5|5,Int,base_42,0000002a,"[1, 1.3125, 5]",,REFUSE
A:&|13|5,StringBuilder,base_hello,68656c6c6f,t|68656c6c6f|5|5|5,Long,base_42,000000000000002a,"[1, 1.3125, 5]",,REFUSE
A:&|13|6,StringBuilder,base_hello,68656c6c6f,t|68656c6c6f|5|5|5,ULong,base_42,000000000000002a,"[1, 1.3125, 5]",,REFUSE
A:&|13|7,StringBuilder,base_hello,68656c6c6f,t|68656c6c6f|5|5|5,BigInteger,base_42,2a,"[1, 1.3125, 5]",,REFUSE
A:&|13|8,StringBuilder,base_hello,68656c6c6f,t|68656c6c6f|5|5|5,Double,base_1_5,3ff8000000000000,"[1, 1.5, 0]",,REFUSE
A:&|13|9,StringBuilder,base_hello,68656c6c6f,t|68656c6c6f|5|5|5,Float,base_1_5,3fc00000,"[1, 1.5, 0]",,REFUSE
A:&|13|10,StringBuilder,base_hello,68656c6c6f,t|68656c6c6f|5|5|5,BigDecimal,base_1_5,1.5,"[1, 1.5, 0]",,REFUSE
A:&|13|11,StringBuilder,base_hello,68656c6c6f,t|68656c6c6f|5|5|5,String,base_hello,68656c6c6f,t|68656c6c6f|5|5|5,,REFUSE
A:&|13|12,StringBuilder,base_hello,68656c6c6f,t|68656c6c6f|5|5|5,CharArray,base_hello,68656c6c6f,t|68656c6c6f|5|5|5,,REFUSE
A:&|13|13,StringBuilder,base_hello,68656c6c6f,t|68656c6c6f|5|5|5,StringBuilder,base_hello,68656c6c6f,t|68656c6c6f|5|5|5,,REFUSE
A:&|13|14,StringBuilder,base_hello,68656c6c6f,t|68656c6c6f|5|5|5,ByteArray,base_hello,68656c6c6f,t|68656c6c6f|5|5|5,,REFUSE
A:&|13|15,StringBuilder,base_hello,68656c6c6f,t|68656c6c6f|5|5|5,List,base,"[1, 2, 3]","c|[1, 1.0, 0],[1, 1.0, 1],[1, 1.5, 1]|integer|as-sorted",,REFUSE
A:&|13|16,StringBuilder,base_hello,68656c6c6f,t|68656c6c6f|5|5|5,MutableList,base,"[1, 2, 3]","c|[1, 1.0, 0],[1, 1.0, 1],[1, 1.5, 1]|integer|as-sorted",,REFUSE
A:&|13|17,StringBuilder,base_hello,68656c6c6f,t|68656c6c6f|5|5|5,Array<T>,base,"[1, 2, 3]","c|[1, 1.0, 0],[1, 1.0, 1],[1, 1.5, 1]|integer|as-sorted",,REFUSE
A:&|13|18,StringBuilder,base_hello,68656c6c6f,t|68656c6c6f|5|5|5,IntArray,base,"[1, 2, 3]","c|[1, 1.0, 0],[1, 1.0, 1],[1, 1.5, 1]|integer|as-sorted",,REFUSE
A:&|13|19,StringBuilder,base_hello,68656c6c6f,t|68656c6c6f|5|5|5,ArrayDeque,base,"[1, 2, 3]","c|[1, 1.0, 0],[1, 1.0, 1],[1, 1.5, 1]|integer|as-sorted",,REFUSE
A:&|13|20,StringBuilder,base_hello,68656c6c6f,t|68656c6c6f|5|5|5,Map,flat,"{'a': 1, 'b': 2, 'c': 3}","c|[1, 1.0, 0],[1, 1.0, 1],[1, 1.5, 1]|text|not-applicable",,REFUSE
A:&|13|21,StringBuilder,base_hello,68656c6c6f,t|68656c6c6f|5|5|5,MutableMap,flat,"{'a': 1, 'b': 2, 'c': 3}","c|[1, 1.0, 0],[1, 1.0, 1],[1, 1.5, 1]|text|not-applicable",,REFUSE
A:&|13|22,StringBuilder,base_hello,68656c6c6f,t|68656c6c6f|5|5|5,LinkedHashMap,flat,"{'a': 1, 'b': 2, 'c': 3}","c|[1, 1.0, 0],[1, 1.0, 1],[1, 1.5, 1]|text|not-applicable",,REFUSE
A:&|13|23,StringBuilder,base_hello,68656c6c6f,t|68656c6c6f|5|5|5,data class,flat,"{'a': 1, 'b': 2, 'c': 3}","c|[1, 1.0, 0],[1, 1.0, 1],[1, 1.5, 1]|text|not-applicable",,REFUSE
A:&|13|24,StringBuilder,base_hello,68656c6c6f,t|68656c6c6f|5|5|5,List<List<Any?>>,seq_in_seq,"[[1, 2], [3, 4]]","c|c|[1, 1.0, 0],[1, 1.0, 1]|integer|as-sorted,c|[1, 1.0, 2],[1, 1.5, 1]|integer|as-sorted|integer|as-sorted",,REFUSE
A:&|13|25,StringBuilder,base_hello,68656c6c6f,t|68656c6c6f|5|5|5,sealed class Node,seq_in_seq,"[[1, 2], [3, 4]]","c|c|[1, 1.0, 0],[1, 1.0, 1]|integer|as-sorted,c|[1, 1.0, 2],[1, 1.5, 1]|integer|as-sorted|integer|as-sorted",,REFUSE
A:&|14|0,ByteArray,base_hello,68656c6c6f,t|68656c6c6f|5|5|5,null,null,null,null,,REFUSE
A:&|14|1,ByteArray,base_hello,68656c6c6f,t|68656c6c6f|5|5|5,Unit,null,null,null,,REFUSE
A:&|14|2,ByteArray,base_hello,68656c6c6f,t|68656c6c6f|5|5|5,Nothing?,null,null,null,,REFUSE
A:&|14|3,ByteArray,base_hello,68656c6c6f,t|68656c6c6f|5|5|5,Boolean,true,true,true,,REFUSE
A:&|14|4,ByteArray,base_hello,68656c6c6f,t|68656c6c6f|5|5|5,Int,base_42,0000002a,"[1, 1.3125, 5]",,REFUSE
A:&|14|5,ByteArray,base_hello,68656c6c6f,t|68656c6c6f|5|5|5,Long,base_42,000000000000002a,"[1, 1.3125, 5]",,REFUSE
A:&|14|6,ByteArray,base_hello,68656c6c6f,t|68656c6c6f|5|5|5,ULong,base_42,000000000000002a,"[1, 1.3125, 5]",,REFUSE
A:&|14|7,ByteArray,base_hello,68656c6c6f,t|68656c6c6f|5|5|5,BigInteger,base_42,2a,"[1, 1.3125, 5]",,REFUSE
A:&|14|8,ByteArray,base_hello,68656c6c6f,t|68656c6c6f|5|5|5,Double,base_1_5,3ff8000000000000,"[1, 1.5, 0]",,REFUSE
A:&|14|9,ByteArray,base_hello,68656c6c6f,t|68656c6c6f|5|5|5,Float,base_1_5,3fc00000,"[1, 1.5, 0]",,REFUSE
A:&|14|10,ByteArray,base_hello,68656c6c6f,t|68656c6c6f|5|5|5,BigDecimal,base_1_5,1.5,"[1, 1.5, 0]",,REFUSE
A:&|14|11,ByteArray,base_hello,68656c6c6f,t|68656c6c6f|5|5|5,String,base_hello,68656c6c6f,t|68656c6c6f|5|5|5,,REFUSE
A:&|14|12,ByteArray,base_hello,68656c6c6f,t|68656c6c6f|5|5|5,CharArray,base_hello,68656c6c6f,t|68656c6c6f|5|5|5,,REFUSE
A:&|14|13,ByteArray,base_hello,68656c6c6f,t|68656c6c6f|5|5|5,StringBuilder,base_hello,68656c6c6f,t|68656c6c6f|5|5|5,,REFUSE
A:&|14|14,ByteArray,base_hello,68656c6c6f,t|68656c6c6f|5|5|5,ByteArray,base_hello,68656c6c6f,t|68656c6c6f|5|5|5,,REFUSE
A:&|14|15,ByteArray,base_hello,68656c6c6f,t|68656c6c6f|5|5|5,List,base,"[1, 2, 3]","c|[1, 1.0, 0],[1, 1.0, 1],[1, 1.5, 1]|integer|as-sorted",,REFUSE
A:&|14|16,ByteArray,base_hello,68656c6c6f,t|68656c6c6f|5|5|5,MutableList,base,"[1, 2, 3]","c|[1, 1.0, 0],[1, 1.0, 1],[1, 1.5, 1]|integer|as-sorted",,REFUSE
A:&|14|17,ByteArray,base_hello,68656c6c6f,t|68656c6c6f|5|5|5,Array<T>,base,"[1, 2, 3]","c|[1, 1.0, 0],[1, 1.0, 1],[1, 1.5, 1]|integer|as-sorted",,REFUSE
A:&|14|18,ByteArray,base_hello,68656c6c6f,t|68656c6c6f|5|5|5,IntArray,base,"[1, 2, 3]","c|[1, 1.0, 0],[1, 1.0, 1],[1, 1.5, 1]|integer|as-sorted",,REFUSE
A:&|14|19,ByteArray,base_hello,68656c6c6f,t|68656c6c6f|5|5|5,ArrayDeque,base,"[1, 2, 3]","c|[1, 1.0, 0],[1, 1.0, 1],[1, 1.5, 1]|integer|as-sorted",,REFUSE
A:&|14|20,ByteArray,base_hello,68656c6c6f,t|68656c6c6f|5|5|5,Map,flat,"{'a': 1, 'b': 2, 'c': 3}","c|[1, 1.0, 0],[1, 1.0, 1],[1, 1.5, 1]|text|not-applicable",,REFUSE
A:&|14|21,ByteArray,base_hello,68656c6c6f,t|68656c6c6f|5|5|5,MutableMap,flat,"{'a': 1, 'b': 2, 'c': 3}","c|[1, 1.0, 0],[1, 1.0, 1],[1, 1.5, 1]|text|not-applicable",,REFUSE
A:&|14|22,ByteArray,base_hello,68656c6c6f,t|68656c6c6f|5|5|5,LinkedHashMap,flat,"{'a': 1, 'b': 2, 'c': 3}","c|[1, 1.0, 0],[1, 1.0, 1],[1, 1.5, 1]|text|not-applicable",,REFUSE
A:&|14|23,ByteArray,base_hello,68656c6c6f,t|68656c6c6f|5|5|5,data class,flat,"{'a': 1, 'b': 2, 'c': 3}","c|[1, 1.0, 0],[1, 1.0, 1],[1, 1.5, 1]|text|not-applicable",,REFUSE
A:&|14|24,ByteArray,base_hello,68656c6c6f,t|68656c6c6f|5|5|5,List<List<Any?>>,seq_in_seq,"[[1, 2], [3, 4]]","c|c|[1, 1.0, 0],[1, 1.0, 1]|integer|as-sorted,c|[1, 1.0, 2],[1, 1.5, 1]|integer|as-sorted|integer|as-sorted",,REFUSE
A:&|14|25,ByteArray,base_hello,68656c6c6f,t|68656c6c6f|5|5|5,sealed class Node,seq_in_seq,"[[1, 2], [3, 4]]","c|c|[1, 1.0, 0],[1, 1.0, 1]|integer|as-sorted,c|[1, 1.0, 2],[1, 1.5, 1]|integer|as-sorted|integer|as-sorted",,REFUSE
A:&|15|0,List,base,"[1, 2, 3]","c|[1, 1.0, 0],[1, 1.0, 1],[1, 1.5, 1]|integer|as-sorted",null,null,null,null,,REFUSE
A:&|15|1,List,base,"[1, 2, 3]","c|[1, 1.0, 0],[1, 1.0, 1],[1, 1.5, 1]|integer|as-sorted",Unit,null,null,null,,REFUSE
A:&|15|2,List,base,"[1, 2, 3]","c|[1, 1.0, 0],[1, 1.0, 1],[1, 1.5, 1]|integer|as-sorted",Nothing?,null,null,null,,REFUSE
A:&|15|3,List,base,"[1, 2, 3]","c|[1, 1.0, 0],[1, 1.0, 1],[1, 1.5, 1]|integer|as-sorted",Boolean,true,true,true,,REFUSE
A:&|15|4,List,base,"[1, 2, 3]","c|[1, 1.0, 0],[1, 1.0, 1],[1, 1.5, 1]|integer|as-sorted",Int,base_42,0000002a,"[1, 1.3125, 5]",,REFUSE
A:&|15|5,List,base,"[1, 2, 3]","c|[1, 1.0, 0],[1, 1.0, 1],[1, 1.5, 1]|integer|as-sorted",Long,base_42,000000000000002a,"[1, 1.3125, 5]",,REFUSE
A:&|15|6,List,base,"[1, 2, 3]","c|[1, 1.0, 0],[1, 1.0, 1],[1, 1.5, 1]|integer|as-sorted",ULong,base_42,000000000000002a,"[1, 1.3125, 5]",,REFUSE
A:&|15|7,List,base,"[1, 2, 3]","c|[1, 1.0, 0],[1, 1.0, 1],[1, 1.5, 1]|integer|as-sorted",BigInteger,base_42,2a,"[1, 1.3125, 5]",,REFUSE
A:&|15|8,List,base,"[1, 2, 3]","c|[1, 1.0, 0],[1, 1.0, 1],[1, 1.5, 1]|integer|as-sorted",Double,base_1_5,3ff8000000000000,"[1, 1.5, 0]",,REFUSE
A:&|15|9,List,base,"[1, 2, 3]","c|[1, 1.0, 0],[1, 1.0, 1],[1, 1.5, 1]|integer|as-sorted",Float,base_1_5,3fc00000,"[1, 1.5, 0]",,REFUSE
A:&|15|10,List,base,"[1, 2, 3]","c|[1, 1.0, 0],[1, 1.0, 1],[1, 1.5, 1]|integer|as-sorted",BigDecimal,base_1_5,1.5,"[1, 1.5, 0]",,REFUSE
A:&|15|11,List,base,"[1, 2, 3]","c|[1, 1.0, 0],[1, 1.0, 1],[1, 1.5, 1]|integer|as-sorted",String,base_hello,68656c6c6f,t|68656c6c6f|5|5|5,,REFUSE
A:&|15|12,List,base,"[1, 2, 3]","c|[1, 1.0, 0],[1, 1.0, 1],[1, 1.5, 1]|integer|as-sorted",CharArray,base_hello,68656c6c6f,t|68656c6c6f|5|5|5,,REFUSE
A:&|15|13,List,base,"[1, 2, 3]","c|[1, 1.0, 0],[1, 1.0, 1],[1, 1.5, 1]|integer|as-sorted",StringBuilder,base_hello,68656c6c6f,t|68656c6c6f|5|5|5,,REFUSE
A:&|15|14,List,base,"[1, 2, 3]","c|[1, 1.0, 0],[1, 1.0, 1],[1, 1.5, 1]|integer|as-sorted",ByteArray,base_hello,68656c6c6f,t|68656c6c6f|5|5|5,,REFUSE
A:&|15|15,List,base,"[1, 2, 3]","c|[1, 1.0, 0],[1, 1.0, 1],[1, 1.5, 1]|integer|as-sorted",List,base,"[1, 2, 3]","c|[1, 1.0, 0],[1, 1.0, 1],[1, 1.5, 1]|integer|as-sorted",,REFUSE
A:&|15|16,List,base,"[1, 2, 3]","c|[1, 1.0, 0],[1, 1.0, 1],[1, 1.5, 1]|integer|as-sorted",MutableList,base,"[1, 2, 3]","c|[1, 1.0, 0],[1, 1.0, 1],[1, 1.5, 1]|integer|as-sorted",,REFUSE
A:&|15|17,List,base,"[1, 2, 3]","c|[1, 1.0, 0],[1, 1.0, 1],[1, 1.5, 1]|integer|as-sorted",Array<T>,base,"[1, 2, 3]","c|[1, 1.0, 0],[1, 1.0, 1],[1, 1.5, 1]|integer|as-sorted",,REFUSE
A:&|15|18,List,base,"[1, 2, 3]","c|[1, 1.0, 0],[1, 1.0, 1],[1, 1.5, 1]|integer|as-sorted",IntArray,base,"[1, 2, 3]","c|[1, 1.0, 0],[1, 1.0, 1],[1, 1.5, 1]|integer|as-sorted",,REFUSE
A:&|15|19,List,base,"[1, 2, 3]","c|[1, 1.0, 0],[1, 1.0, 1],[1, 1.5, 1]|integer|as-sorted",ArrayDeque,base,"[1, 2, 3]","c|[1, 1.0, 0],[1, 1.0, 1],[1, 1.5, 1]|integer|as-sorted",,REFUSE
A:&|15|20,List,base,"[1, 2, 3]","c|[1, 1.0, 0],[1, 1.0, 1],[1, 1.5, 1]|integer|as-sorted",Map,flat,"{'a': 1, 'b': 2, 'c': 3}","c|[1, 1.0, 0],[1, 1.0, 1],[1, 1.5, 1]|text|not-applicable",,REFUSE
A:&|15|21,List,base,"[1, 2, 3]","c|[1, 1.0, 0],[1, 1.0, 1],[1, 1.5, 1]|integer|as-sorted",MutableMap,flat,"{'a': 1, 'b': 2, 'c': 3}","c|[1, 1.0, 0],[1, 1.0, 1],[1, 1.5, 1]|text|not-applicable",,REFUSE
A:&|15|22,List,base,"[1, 2, 3]","c|[1, 1.0, 0],[1, 1.0, 1],[1, 1.5, 1]|integer|as-sorted",LinkedHashMap,flat,"{'a': 1, 'b': 2, 'c': 3}","c|[1, 1.0, 0],[1, 1.0, 1],[1, 1.5, 1]|text|not-applicable",,REFUSE
A:&|15|23,List,base,"[1, 2, 3]","c|[1, 1.0, 0],[1, 1.0, 1],[1, 1.5, 1]|integer|as-sorted",data class,flat,"{'a': 1, 'b': 2, 'c': 3}","c|[1, 1.0, 0],[1, 1.0, 1],[1, 1.5, 1]|text|not-applicable",,REFUSE
A:&|15|24,List,base,"[1, 2, 3]","c|[1, 1.0, 0],[1, 1.0, 1],[1, 1.5, 1]|integer|as-sorted",List<List<Any?>>,seq_in_seq,"[[1, 2], [3, 4]]","c|c|[1, 1.0, 0],[1, 1.0, 1]|integer|as-sorted,c|[1, 1.0, 2],[1, 1.5, 1]|integer|as-sorted|integer|as-sorted",,REFUSE
A:&|15|25,List,base,"[1, 2, 3]","c|[1, 1.0, 0],[1, 1.0, 1],[1, 1.5, 1]|integer|as-sorted",sealed class Node,seq_in_seq,"[[1, 2], [3, 4]]","c|c|[1, 1.0, 0],[1, 1.0, 1]|integer|as-sorted,c|[1, 1.0, 2],[1, 1.5, 1]|integer|as-sorted|integer|as-sorted",,REFUSE
A:&|16|0,MutableList,base,"[1, 2, 3]","c|[1, 1.0, 0],[1, 1.0, 1],[1, 1.5, 1]|integer|as-sorted",null,null,null,null,,REFUSE
A:&|16|1,MutableList,base,"[1, 2, 3]","c|[1, 1.0, 0],[1, 1.0, 1],[1, 1.5, 1]|integer|as-sorted",Unit,null,null,null,,REFUSE
A:&|16|2,MutableList,base,"[1, 2, 3]","c|[1, 1.0, 0],[1, 1.0, 1],[1, 1.5, 1]|integer|as-sorted",Nothing?,null,null,null,,REFUSE
A:&|16|3,MutableList,base,"[1, 2, 3]","c|[1, 1.0, 0],[1, 1.0, 1],[1, 1.5, 1]|integer|as-sorted",Boolean,true,true,true,,REFUSE
A:&|16|4,MutableList,base,"[1, 2, 3]","c|[1, 1.0, 0],[1, 1.0, 1],[1, 1.5, 1]|integer|as-sorted",Int,base_42,0000002a,"[1, 1.3125, 5]",,REFUSE
A:&|16|5,MutableList,base,"[1, 2, 3]","c|[1, 1.0, 0],[1, 1.0, 1],[1, 1.5, 1]|integer|as-sorted",Long,base_42,000000000000002a,"[1, 1.3125, 5]",,REFUSE
A:&|16|6,MutableList,base,"[1, 2, 3]","c|[1, 1.0, 0],[1, 1.0, 1],[1, 1.5, 1]|integer|as-sorted",ULong,base_42,000000000000002a,"[1, 1.3125, 5]",,REFUSE
A:&|16|7,MutableList,base,"[1, 2, 3]","c|[1, 1.0, 0],[1, 1.0, 1],[1, 1.5, 1]|integer|as-sorted",BigInteger,base_42,2a,"[1, 1.3125, 5]",,REFUSE
A:&|16|8,MutableList,base,"[1, 2, 3]","c|[1, 1.0, 0],[1, 1.0, 1],[1, 1.5, 1]|integer|as-sorted",Double,base_1_5,3ff8000000000000,"[1, 1.5, 0]",,REFUSE
A:&|16|9,MutableList,base,"[1, 2, 3]","c|[1, 1.0, 0],[1, 1.0, 1],[1, 1.5, 1]|integer|as-sorted",Float,base_1_5,3fc00000,"[1, 1.5, 0]",,REFUSE
A:&|16|10,MutableList,base,"[1, 2, 3]","c|[1, 1.0, 0],[1, 1.0, 1],[1, 1.5, 1]|integer|as-sorted",BigDecimal,base_1_5,1.5,"[1, 1.5, 0]",,REFUSE
A:&|16|11,MutableList,base,"[1, 2, 3]","c|[1, 1.0, 0],[1, 1.0, 1],[1, 1.5, 1]|integer|as-sorted",String,base_hello,68656c6c6f,t|68656c6c6f|5|5|5,,REFUSE
A:&|16|12,MutableList,base,"[1, 2, 3]","c|[1, 1.0, 0],[1, 1.0, 1],[1, 1.5, 1]|integer|as-sorted",CharArray,base_hello,68656c6c6f,t|68656c6c6f|5|5|5,,REFUSE
A:&|16|13,MutableList,base,"[1, 2, 3]","c|[1, 1.0, 0],[1, 1.0, 1],[1, 1.5, 1]|integer|as-sorted",StringBuilder,base_hello,68656c6c6f,t|68656c6c6f|5|5|5,,REFUSE
A:&|16|14,MutableList,base,"[1, 2, 3]","c|[1, 1.0, 0],[1, 1.0, 1],[1, 1.5, 1]|integer|as-sorted",ByteArray,base_hello,68656c6c6f,t|68656c6c6f|5|5|5,,REFUSE
A:&|16|15,MutableList,base,"[1, 2, 3]","c|[1, 1.0, 0],[1, 1.0, 1],[1, 1.5, 1]|integer|as-sorted",List,base,"[1, 2, 3]","c|[1, 1.0, 0],[1, 1.0, 1],[1, 1.5, 1]|integer|as-sorted",,REFUSE
A:&|16|16,MutableList,base,"[1, 2, 3]","c|[1, 1.0, 0],[1, 1.0, 1],[1, 1.5, 1]|integer|as-sorted",MutableList,base,"[1, 2, 3]","c|[1, 1.0, 0],[1, 1.0, 1],[1, 1.5, 1]|integer|as-sorted",,REFUSE
A:&|16|17,MutableList,base,"[1, 2, 3]","c|[1, 1.0, 0],[1, 1.0, 1],[1, 1.5, 1]|integer|as-sorted",Array<T>,base,"[1, 2, 3]","c|[1, 1.0, 0],[1, 1.0, 1],[1, 1.5, 1]|integer|as-sorted",,REFUSE
A:&|16|18,MutableList,base,"[1, 2, 3]","c|[1, 1.0, 0],[1, 1.0, 1],[1, 1.5, 1]|integer|as-sorted",IntArray,base,"[1, 2, 3]","c|[1, 1.0, 0],[1, 1.0, 1],[1, 1.5, 1]|integer|as-sorted",,REFUSE
A:&|16|19,MutableList,base,"[1, 2, 3]","c|[1, 1.0, 0],[1, 1.0, 1],[1, 1.5, 1]|integer|as-sorted",ArrayDeque,base,"[1, 2, 3]","c|[1, 1.0, 0],[1, 1.0, 1],[1, 1.5, 1]|integer|as-sorted",,REFUSE
A:&|16|20,MutableList,base,"[1, 2, 3]","c|[1, 1.0, 0],[1, 1.0, 1],[1, 1.5, 1]|integer|as-sorted",Map,flat,"{'a': 1, 'b': 2, 'c': 3}","c|[1, 1.0, 0],[1, 1.0, 1],[1, 1.5, 1]|text|not-applicable",,REFUSE
A:&|16|21,MutableList,base,"[1, 2, 3]","c|[1, 1.0, 0],[1, 1.0, 1],[1, 1.5, 1]|integer|as-sorted",MutableMap,flat,"{'a': 1, 'b': 2, 'c': 3}","c|[1, 1.0, 0],[1, 1.0, 1],[1, 1.5, 1]|text|not-applicable",,REFUSE
A:&|16|22,MutableList,base,"[1, 2, 3]","c|[1, 1.0, 0],[1, 1.0, 1],[1, 1.5, 1]|integer|as-sorted",LinkedHashMap,flat,"{'a': 1, 'b': 2, 'c': 3}","c|[1, 1.0, 0],[1, 1.0, 1],[1, 1.5, 1]|text|not-applicable",,REFUSE
A:&|16|23,MutableList,base,"[1, 2, 3]","c|[1, 1.0, 0],[1, 1.0, 1],[1, 1.5, 1]|integer|as-sorted",data class,flat,"{'a': 1, 'b': 2, 'c': 3}","c|[1, 1.0, 0],[1, 1.0, 1],[1, 1.5, 1]|text|not-applicable",,REFUSE
A:&|16|24,MutableList,base,"[1, 2, 3]","c|[1, 1.0, 0],[1, 1.0, 1],[1, 1.5, 1]|integer|as-sorted",List<List<Any?>>,seq_in_seq,"[[1, 2], [3, 4]]","c|c|[1, 1.0, 0],[1, 1.0, 1]|integer|as-sorted,c|[1, 1.0, 2],[1, 1.5, 1]|integer|as-sorted|integer|as-sorted",,REFUSE
A:&|16|25,MutableList,base,"[1, 2, 3]","c|[1, 1.0, 0],[1, 1.0, 1],[1, 1.5, 1]|integer|as-sorted",sealed class Node,seq_in_seq,"[[1, 2], [3, 4]]","c|c|[1, 1.0, 0],[1, 1.0, 1]|integer|as-sorted,c|[1, 1.0, 2],[1, 1.5, 1]|integer|as-sorted|integer|as-sorted",,REFUSE
A:&|17|0,Array<T>,base,"[1, 2, 3]","c|[1, 1.0, 0],[1, 1.0, 1],[1, 1.5, 1]|integer|as-sorted",null,null,null,null,,REFUSE
A:&|17|1,Array<T>,base,"[1, 2, 3]","c|[1, 1.0, 0],[1, 1.0, 1],[1, 1.5, 1]|integer|as-sorted",Unit,null,null,null,,REFUSE
A:&|17|2,Array<T>,base,"[1, 2, 3]","c|[1, 1.0, 0],[1, 1.0, 1],[1, 1.5, 1]|integer|as-sorted",Nothing?,null,null,null,,REFUSE
A:&|17|3,Array<T>,base,"[1, 2, 3]","c|[1, 1.0, 0],[1, 1.0, 1],[1, 1.5, 1]|integer|as-sorted",Boolean,true,true,true,,REFUSE
A:&|17|4,Array<T>,base,"[1, 2, 3]","c|[1, 1.0, 0],[1, 1.0, 1],[1, 1.5, 1]|integer|as-sorted",Int,base_42,0000002a,"[1, 1.3125, 5]",,REFUSE
A:&|17|5,Array<T>,base,"[1, 2, 3]","c|[1, 1.0, 0],[1, 1.0, 1],[1, 1.5, 1]|integer|as-sorted",Long,base_42,000000000000002a,"[1, 1.3125, 5]",,REFUSE
A:&|17|6,Array<T>,base,"[1, 2, 3]","c|[1, 1.0, 0],[1, 1.0, 1],[1, 1.5, 1]|integer|as-sorted",ULong,base_42,000000000000002a,"[1, 1.3125, 5]",,REFUSE
A:&|17|7,Array<T>,base,"[1, 2, 3]","c|[1, 1.0, 0],[1, 1.0, 1],[1, 1.5, 1]|integer|as-sorted",BigInteger,base_42,2a,"[1, 1.3125, 5]",,REFUSE
A:&|17|8,Array<T>,base,"[1, 2, 3]","c|[1, 1.0, 0],[1, 1.0, 1],[1, 1.5, 1]|integer|as-sorted",Double,base_1_5,3ff8000000000000,"[1, 1.5, 0]",,REFUSE
A:&|17|9,Array<T>,base,"[1, 2, 3]","c|[1, 1.0, 0],[1, 1.0, 1],[1, 1.5, 1]|integer|as-sorted",Float,base_1_5,3fc00000,"[1, 1.5, 0]",,REFUSE
A:&|17|10,Array<T>,base,"[1, 2, 3]","c|[1, 1.0, 0],[1, 1.0, 1],[1, 1.5, 1]|integer|as-sorted",BigDecimal,base_1_5,1.5,"[1, 1.5, 0]",,REFUSE
A:&|17|11,Array<T>,base,"[1, 2, 3]","c|[1, 1.0, 0],[1, 1.0, 1],[1, 1.5, 1]|integer|as-sorted",String,base_hello,68656c6c6f,t|68656c6c6f|5|5|5,,REFUSE
A:&|17|12,Array<T>,base,"[1, 2, 3]","c|[1, 1.0, 0],[1, 1.0, 1],[1, 1.5, 1]|integer|as-sorted",CharArray,base_hello,68656c6c6f,t|68656c6c6f|5|5|5,,REFUSE
A:&|17|13,Array<T>,base,"[1, 2, 3]","c|[1, 1.0, 0],[1, 1.0, 1],[1, 1.5, 1]|integer|as-sorted",StringBuilder,base_hello,68656c6c6f,t|68656c6c6f|5|5|5,,REFUSE
A:&|17|14,Array<T>,base,"[1, 2, 3]","c|[1, 1.0, 0],[1, 1.0, 1],[1, 1.5, 1]|integer|as-sorted",ByteArray,base_hello,68656c6c6f,t|68656c6c6f|5|5|5,,REFUSE
A:&|17|15,Array<T>,base,"[1, 2, 3]","c|[1, 1.0, 0],[1, 1.0, 1],[1, 1.5, 1]|integer|as-sorted",List,base,"[1, 2, 3]","c|[1, 1.0, 0],[1, 1.0, 1],[1, 1.5, 1]|integer|as-sorted",,REFUSE
A:&|17|16,Array<T>,base,"[1, 2, 3]","c|[1, 1.0, 0],[1, 1.0, 1],[1, 1.5, 1]|integer|as-sorted",MutableList,base,"[1, 2, 3]","c|[1, 1.0, 0],[1, 1.0, 1],[1, 1.5, 1]|integer|as-sorted",,REFUSE
A:&|17|17,Array<T>,base,"[1, 2, 3]","c|[1, 1.0, 0],[1, 1.0, 1],[1, 1.5, 1]|integer|as-sorted",Array<T>,base,"[1, 2, 3]","c|[1, 1.0, 0],[1, 1.0, 1],[1, 1.5, 1]|integer|as-sorted",,REFUSE
A:&|17|18,Array<T>,base,"[1, 2, 3]","c|[1, 1.0, 0],[1, 1.0, 1],[1, 1.5, 1]|integer|as-sorted",IntArray,base,"[1, 2, 3]","c|[1, 1.0, 0],[1, 1.0, 1],[1, 1.5, 1]|integer|as-sorted",,REFUSE
A:&|17|19,Array<T>,base,"[1, 2, 3]","c|[1, 1.0, 0],[1, 1.0, 1],[1, 1.5, 1]|integer|as-sorted",ArrayDeque,base,"[1, 2, 3]","c|[1, 1.0, 0],[1, 1.0, 1],[1, 1.5, 1]|integer|as-sorted",,REFUSE
A:&|17|20,Array<T>,base,"[1, 2, 3]","c|[1, 1.0, 0],[1, 1.0, 1],[1, 1.5, 1]|integer|as-sorted",Map,flat,"{'a': 1, 'b': 2, 'c': 3}","c|[1, 1.0, 0],[1, 1.0, 1],[1, 1.5, 1]|text|not-applicable",,REFUSE
A:&|17|21,Array<T>,base,"[1, 2, 3]","c|[1, 1.0, 0],[1, 1.0, 1],[1, 1.5, 1]|integer|as-sorted",MutableMap,flat,"{'a': 1, 'b': 2, 'c': 3}","c|[1, 1.0, 0],[1, 1.0, 1],[1, 1.5, 1]|text|not-applicable",,REFUSE
A:&|17|22,Array<T>,base,"[1, 2, 3]","c|[1, 1.0, 0],[1, 1.0, 1],[1, 1.5, 1]|integer|as-sorted",LinkedHashMap,flat,"{'a': 1, 'b': 2, 'c': 3}","c|[1, 1.0, 0],[1, 1.0, 1],[1, 1.5, 1]|text|not-applicable",,REFUSE
A:&|17|23,Array<T>,base,"[1, 2, 3]","c|[1, 1.0, 0],[1, 1.0, 1],[1, 1.5, 1]|integer|as-sorted",data class,flat,"{'a': 1, 'b': 2, 'c': 3}","c|[1, 1.0, 0],[1, 1.0, 1],[1, 1.5, 1]|text|not-applicable",,REFUSE
A:&|17|24,Array<T>,base,"[1, 2, 3]","c|[1, 1.0, 0],[1, 1.0, 1],[1, 1.5, 1]|integer|as-sorted",List<List<Any?>>,seq_in_seq,"[[1, 2], [3, 4]]","c|c|[1, 1.0, 0],[1, 1.0, 1]|integer|as-sorted,c|[1, 1.0, 2],[1, 1.5, 1]|integer|as-sorted|integer|as-sorted",,REFUSE
A:&|17|25,Array<T>,base,"[1, 2, 3]","c|[1, 1.0, 0],[1, 1.0, 1],[1, 1.5, 1]|integer|as-sorted",sealed class Node,seq_in_seq,"[[1, 2], [3, 4]]","c|c|[1, 1.0, 0],[1, 1.0, 1]|integer|as-sorted,c|[1, 1.0, 2],[1, 1.5, 1]|integer|as-sorted|integer|as-sorted",,REFUSE
A:&|18|0,IntArray,base,"[1, 2, 3]","c|[1, 1.0, 0],[1, 1.0, 1],[1, 1.5, 1]|integer|as-sorted",null,null,null,null,,REFUSE
A:&|18|1,IntArray,base,"[1, 2, 3]","c|[1, 1.0, 0],[1, 1.0, 1],[1, 1.5, 1]|integer|as-sorted",Unit,null,null,null,,REFUSE
A:&|18|2,IntArray,base,"[1, 2, 3]","c|[1, 1.0, 0],[1, 1.0, 1],[1, 1.5, 1]|integer|as-sorted",Nothing?,null,null,null,,REFUSE
A:&|18|3,IntArray,base,"[1, 2, 3]","c|[1, 1.0, 0],[1, 1.0, 1],[1, 1.5, 1]|integer|as-sorted",Boolean,true,true,true,,REFUSE
A:&|18|4,IntArray,base,"[1, 2, 3]","c|[1, 1.0, 0],[1, 1.0, 1],[1, 1.5, 1]|integer|as-sorted",Int,base_42,0000002a,"[1, 1.3125, 5]",,REFUSE
A:&|18|5,IntArray,base,"[1, 2, 3]","c|[1, 1.0, 0],[1, 1.0, 1],[1, 1.5, 1]|integer|as-sorted",Long,base_42,000000000000002a,"[1, 1.3125, 5]",,REFUSE
A:&|18|6,IntArray,base,"[1, 2, 3]","c|[1, 1.0, 0],[1, 1.0, 1],[1, 1.5, 1]|integer|as-sorted",ULong,base_42,000000000000002a,"[1, 1.3125, 5]",,REFUSE
A:&|18|7,IntArray,base,"[1, 2, 3]","c|[1, 1.0, 0],[1, 1.0, 1],[1, 1.5, 1]|integer|as-sorted",BigInteger,base_42,2a,"[1, 1.3125, 5]",,REFUSE
A:&|18|8,IntArray,base,"[1, 2, 3]","c|[1, 1.0, 0],[1, 1.0, 1],[1, 1.5, 1]|integer|as-sorted",Double,base_1_5,3ff8000000000000,"[1, 1.5, 0]",,REFUSE
A:&|18|9,IntArray,base,"[1, 2, 3]","c|[1, 1.0, 0],[1, 1.0, 1],[1, 1.5, 1]|integer|as-sorted",Float,base_1_5,3fc00000,"[1, 1.5, 0]",,REFUSE
A:&|18|10,IntArray,base,"[1, 2, 3]","c|[1, 1.0, 0],[1, 1.0, 1],[1, 1.5, 1]|integer|as-sorted",BigDecimal,base_1_5,1.5,"[1, 1.5, 0]",,REFUSE
A:&|18|11,IntArray,base,"[1, 2, 3]","c|[1, 1.0, 0],[1, 1.0, 1],[1, 1.5, 1]|integer|as-sorted",String,base_hello,68656c6c6f,t|68656c6c6f|5|5|5,,REFUSE
A:&|18|12,IntArray,base,"[1, 2, 3]","c|[1, 1.0, 0],[1, 1.0, 1],[1, 1.5, 1]|integer|as-sorted",CharArray,base_hello,68656c6c6f,t|68656c6c6f|5|5|5,,REFUSE
A:&|18|13,IntArray,base,"[1, 2, 3]","c|[1, 1.0, 0],[1, 1.0, 1],[1, 1.5, 1]|integer|as-sorted",StringBuilder,base_hello,68656c6c6f,t|68656c6c6f|5|5|5,,REFUSE
A:&|18|14,IntArray,base,"[1, 2, 3]","c|[1, 1.0, 0],[1, 1.0, 1],[1, 1.5, 1]|integer|as-sorted",ByteArray,base_hello,68656c6c6f,t|68656c6c6f|5|5|5,,REFUSE
A:&|18|15,IntArray,base,"[1, 2, 3]","c|[1, 1.0, 0],[1, 1.0, 1],[1, 1.5, 1]|integer|as-sorted",List,base,"[1, 2, 3]","c|[1, 1.0, 0],[1, 1.0, 1],[1, 1.5, 1]|integer|as-sorted",,REFUSE
A:&|18|16,IntArray,base,"[1, 2, 3]","c|[1, 1.0, 0],[1, 1.0, 1],[1, 1.5, 1]|integer|as-sorted",MutableList,base,"[1, 2, 3]","c|[1, 1.0, 0],[1, 1.0, 1],[1, 1.5, 1]|integer|as-sorted",,REFUSE
A:&|18|17,IntArray,base,"[1, 2, 3]","c|[1, 1.0, 0],[1, 1.0, 1],[1, 1.5, 1]|integer|as-sorted",Array<T>,base,"[1, 2, 3]","c|[1, 1.0, 0],[1, 1.0, 1],[1, 1.5, 1]|integer|as-sorted",,REFUSE
A:&|18|18,IntArray,base,"[1, 2, 3]","c|[1, 1.0, 0],[1, 1.0, 1],[1, 1.5, 1]|integer|as-sorted",IntArray,base,"[1, 2, 3]","c|[1, 1.0, 0],[1, 1.0, 1],[1, 1.5, 1]|integer|as-sorted",,REFUSE
A:&|18|19,IntArray,base,"[1, 2, 3]","c|[1, 1.0, 0],[1, 1.0, 1],[1, 1.5, 1]|integer|as-sorted",ArrayDeque,base,"[1, 2, 3]","c|[1, 1.0, 0],[1, 1.0, 1],[1, 1.5, 1]|integer|as-sorted",,REFUSE
A:&|18|20,IntArray,base,"[1, 2, 3]","c|[1, 1.0, 0],[1, 1.0, 1],[1, 1.5, 1]|integer|as-sorted",Map,flat,"{'a': 1, 'b': 2, 'c': 3}","c|[1, 1.0, 0],[1, 1.0, 1],[1, 1.5, 1]|text|not-applicable",,REFUSE
A:&|18|21,IntArray,base,"[1, 2, 3]","c|[1, 1.0, 0],[1, 1.0, 1],[1, 1.5, 1]|integer|as-sorted",MutableMap,flat,"{'a': 1, 'b': 2, 'c': 3}","c|[1, 1.0, 0],[1, 1.0, 1],[1, 1.5, 1]|text|not-applicable",,REFUSE
A:&|18|22,IntArray,base,"[1, 2, 3]","c|[1, 1.0, 0],[1, 1.0, 1],[1, 1.5, 1]|integer|as-sorted",LinkedHashMap,flat,"{'a': 1, 'b': 2, 'c': 3}","c|[1, 1.0, 0],[1, 1.0, 1],[1, 1.5, 1]|text|not-applicable",,REFUSE
A:&|18|23,IntArray,base,"[1, 2, 3]","c|[1, 1.0, 0],[1, 1.0, 1],[1, 1.5, 1]|integer|as-sorted",data class,flat,"{'a': 1, 'b': 2, 'c': 3}","c|[1, 1.0, 0],[1, 1.0, 1],[1, 1.5, 1]|text|not-applicable",,REFUSE
A:&|18|24,IntArray,base,"[1, 2, 3]","c|[1, 1.0, 0],[1, 1.0, 1],[1, 1.5, 1]|integer|as-sorted",List<List<Any?>>,seq_in_seq,"[[1, 2], [3, 4]]","c|c|[1, 1.0, 0],[1, 1.0, 1]|integer|as-sorted,c|[1, 1.0, 2],[1, 1.5, 1]|integer|as-sorted|integer|as-sorted",,REFUSE
A:&|18|25,IntArray,base,"[1, 2, 3]","c|[1, 1.0, 0],[1, 1.0, 1],[1, 1.5, 1]|integer|as-sorted",sealed class Node,seq_in_seq,"[[1, 2], [3, 4]]","c|c|[1, 1.0, 0],[1, 1.0, 1]|integer|as-sorted,c|[1, 1.0, 2],[1, 1.5, 1]|integer|as-sorted|integer|as-sorted",,REFUSE
A:&|19|0,ArrayDeque,base,"[1, 2, 3]","c|[1, 1.0, 0],[1, 1.0, 1],[1, 1.5, 1]|integer|as-sorted",null,null,null,null,,REFUSE
A:&|19|1,ArrayDeque,base,"[1, 2, 3]","c|[1, 1.0, 0],[1, 1.0, 1],[1, 1.5, 1]|integer|as-sorted",Unit,null,null,null,,REFUSE
A:&|19|2,ArrayDeque,base,"[1, 2, 3]","c|[1, 1.0, 0],[1, 1.0, 1],[1, 1.5, 1]|integer|as-sorted",Nothing?,null,null,null,,REFUSE
A:&|19|3,ArrayDeque,base,"[1, 2, 3]","c|[1, 1.0, 0],[1, 1.0, 1],[1, 1.5, 1]|integer|as-sorted",Boolean,true,true,true,,REFUSE
A:&|19|4,ArrayDeque,base,"[1, 2, 3]","c|[1, 1.0, 0],[1, 1.0, 1],[1, 1.5, 1]|integer|as-sorted",Int,base_42,0000002a,"[1, 1.3125, 5]",,REFUSE
A:&|19|5,ArrayDeque,base,"[1, 2, 3]","c|[1, 1.0, 0],[1, 1.0, 1],[1, 1.5, 1]|integer|as-sorted",Long,base_42,000000000000002a,"[1, 1.3125, 5]",,REFUSE
A:&|19|6,ArrayDeque,base,"[1, 2, 3]","c|[1, 1.0, 0],[1, 1.0, 1],[1, 1.5, 1]|integer|as-sorted",ULong,base_42,000000000000002a,"[1, 1.3125, 5]",,REFUSE
A:&|19|7,ArrayDeque,base,"[1, 2, 3]","c|[1, 1.0, 0],[1, 1.0, 1],[1, 1.5, 1]|integer|as-sorted",BigInteger,base_42,2a,"[1, 1.3125, 5]",,REFUSE
A:&|19|8,ArrayDeque,base,"[1, 2, 3]","c|[1, 1.0, 0],[1, 1.0, 1],[1, 1.5, 1]|integer|as-sorted",Double,base_1_5,3ff8000000000000,"[1, 1.5, 0]",,REFUSE
A:&|19|9,ArrayDeque,base,"[1, 2, 3]","c|[1, 1.0, 0],[1, 1.0, 1],[1, 1.5, 1]|integer|as-sorted",Float,base_1_5,3fc00000,"[1, 1.5, 0]",,REFUSE
A:&|19|10,ArrayDeque,base,"[1, 2, 3]","c|[1, 1.0, 0],[1, 1.0, 1],[1, 1.5, 1]|integer|as-sorted",BigDecimal,base_1_5,1.5,"[1, 1.5, 0]",,REFUSE
A:&|19|11,ArrayDeque,base,"[1, 2, 3]","c|[1, 1.0, 0],[1, 1.0, 1],[1, 1.5, 1]|integer|as-sorted",String,base_hello,68656c6c6f,t|68656c6c6f|5|5|5,,REFUSE
A:&|19|12,ArrayDeque,base,"[1, 2, 3]","c|[1, 1.0, 0],[1, 1.0, 1],[1, 1.5, 1]|integer|as-sorted",CharArray,base_hello,68656c6c6f,t|68656c6c6f|5|5|5,,REFUSE
A:&|19|13,ArrayDeque,base,"[1, 2, 3]","c|[1, 1.0, 0],[1, 1.0, 1],[1, 1.5, 1]|integer|as-sorted",StringBuilder,base_hello,68656c6c6f,t|68656c6c6f|5|5|5,,REFUSE
A:&|19|14,ArrayDeque,base,"[1, 2, 3]","c|[1, 1.0, 0],[1, 1.0, 1],[1, 1.5, 1]|integer|as-sorted",ByteArray,base_hello,68656c6c6f,t|68656c6c6f|5|5|5,,REFUSE
A:&|19|15,ArrayDeque,base,"[1, 2, 3]","c|[1, 1.0, 0],[1, 1.0, 1],[1, 1.5, 1]|integer|as-sorted",List,base,"[1, 2, 3]","c|[1, 1.0, 0],[1, 1.0, 1],[1, 1.5, 1]|integer|as-sorted",,REFUSE
A:&|19|16,ArrayDeque,base,"[1, 2, 3]","c|[1, 1.0, 0],[1, 1.0, 1],[1, 1.5, 1]|integer|as-sorted",MutableList,base,"[1, 2, 3]","c|[1, 1.0, 0],[1, 1.0, 1],[1, 1.5, 1]|integer|as-sorted",,REFUSE
A:&|19|17,ArrayDeque,base,"[1, 2, 3]","c|[1, 1.0, 0],[1, 1.0, 1],[1, 1.5, 1]|integer|as-sorted",Array<T>,base,"[1, 2, 3]","c|[1, 1.0, 0],[1, 1.0, 1],[1, 1.5, 1]|integer|as-sorted",,REFUSE
A:&|19|18,ArrayDeque,base,"[1, 2, 3]","c|[1, 1.0, 0],[1, 1.0, 1],[1, 1.5, 1]|integer|as-sorted",IntArray,base,"[1, 2, 3]","c|[1, 1.0, 0],[1, 1.0, 1],[1, 1.5, 1]|integer|as-sorted",,REFUSE
A:&|19|19,ArrayDeque,base,"[1, 2, 3]","c|[1, 1.0, 0],[1, 1.0, 1],[1, 1.5, 1]|integer|as-sorted",ArrayDeque,base,"[1, 2, 3]","c|[1, 1.0, 0],[1, 1.0, 1],[1, 1.5, 1]|integer|as-sorted",,REFUSE
A:&|19|20,ArrayDeque,base,"[1, 2, 3]","c|[1, 1.0, 0],[1, 1.0, 1],[1, 1.5, 1]|integer|as-sorted",Map,flat,"{'a': 1, 'b': 2, 'c': 3}","c|[1, 1.0, 0],[1, 1.0, 1],[1, 1.5, 1]|text|not-applicable",,REFUSE
A:&|19|21,ArrayDeque,base,"[1, 2, 3]","c|[1, 1.0, 0],[1, 1.0, 1],[1, 1.5, 1]|integer|as-sorted",MutableMap,flat,"{'a': 1, 'b': 2, 'c': 3}","c|[1, 1.0, 0],[1, 1.0, 1],[1, 1.5, 1]|text|not-applicable",,REFUSE
A:&|19|22,ArrayDeque,base,"[1, 2, 3]","c|[1, 1.0, 0],[1, 1.0, 1],[1, 1.5, 1]|integer|as-sorted",LinkedHashMap,flat,"{'a': 1, 'b': 2, 'c': 3}","c|[1, 1.0, 0],[1, 1.0, 1],[1, 1.5, 1]|text|not-applicable",,REFUSE
A:&|19|23,ArrayDeque,base,"[1, 2, 3]","c|[1, 1.0, 0],[1, 1.0, 1],[1, 1.5, 1]|integer|as-sorted",data class,flat,"{'a': 1, 'b': 2, 'c': 3}","c|[1, 1.0, 0],[1, 1.0, 1],[1, 1.5, 1]|text|not-applicable",,REFUSE
A:&|19|24,ArrayDeque,base,"[1, 2, 3]","c|[1, 1.0, 0],[1, 1.0, 1],[1, 1.5, 1]|integer|as-sorted",List<List<Any?>>,seq_in_seq,"[[1, 2], [3, 4]]","c|c|[1, 1.0, 0],[1, 1.0, 1]|integer|as-sorted,c|[1, 1.0, 2],[1, 1.5, 1]|integer|as-sorted|integer|as-sorted",,REFUSE
A:&|19|25,ArrayDeque,base,"[1, 2, 3]","c|[1, 1.0, 0],[1, 1.0, 1],[1, 1.5, 1]|integer|as-sorted",sealed class Node,seq_in_seq,"[[1, 2], [3, 4]]","c|c|[1, 1.0, 0],[1, 1.0, 1]|integer|as-sorted,c|[1, 1.0, 2],[1, 1.5, 1]|integer|as-sorted|integer|as-sorted",,REFUSE
A:&|20|0,Map,flat,"{'a': 1, 'b': 2, 'c': 3}","c|[1, 1.0, 0],[1, 1.0, 1],[1, 1.5, 1]|text|not-applicable",null,null,null,null,,REFUSE
A:&|20|1,Map,flat,"{'a': 1, 'b': 2, 'c': 3}","c|[1, 1.0, 0],[1, 1.0, 1],[1, 1.5, 1]|text|not-applicable",Unit,null,null,null,,REFUSE
A:&|20|2,Map,flat,"{'a': 1, 'b': 2, 'c': 3}","c|[1, 1.0, 0],[1, 1.0, 1],[1, 1.5, 1]|text|not-applicable",Nothing?,null,null,null,,REFUSE
A:&|20|3,Map,flat,"{'a': 1, 'b': 2, 'c': 3}","c|[1, 1.0, 0],[1, 1.0, 1],[1, 1.5, 1]|text|not-applicable",Boolean,true,true,true,,REFUSE
A:&|20|4,Map,flat,"{'a': 1, 'b': 2, 'c': 3}","c|[1, 1.0, 0],[1, 1.0, 1],[1, 1.5, 1]|text|not-applicable",Int,base_42,0000002a,"[1, 1.3125, 5]",,REFUSE
A:&|20|5,Map,flat,"{'a': 1, 'b': 2, 'c': 3}","c|[1, 1.0, 0],[1, 1.0, 1],[1, 1.5, 1]|text|not-applicable",Long,base_42,000000000000002a,"[1, 1.3125, 5]",,REFUSE
A:&|20|6,Map,flat,"{'a': 1, 'b': 2, 'c': 3}","c|[1, 1.0, 0],[1, 1.0, 1],[1, 1.5, 1]|text|not-applicable",ULong,base_42,000000000000002a,"[1, 1.3125, 5]",,REFUSE
A:&|20|7,Map,flat,"{'a': 1, 'b': 2, 'c': 3}","c|[1, 1.0, 0],[1, 1.0, 1],[1, 1.5, 1]|text|not-applicable",BigInteger,base_42,2a,"[1, 1.3125, 5]",,REFUSE
A:&|20|8,Map,flat,"{'a': 1, 'b': 2, 'c': 3}","c|[1, 1.0, 0],[1, 1.0, 1],[1, 1.5, 1]|text|not-applicable",Double,base_1_5,3ff8000000000000,"[1, 1.5, 0]",,REFUSE
A:&|20|9,Map,flat,"{'a': 1, 'b': 2, 'c': 3}","c|[1, 1.0, 0],[1, 1.0, 1],[1, 1.5, 1]|text|not-applicable",Float,base_1_5,3fc00000,"[1, 1.5, 0]",,REFUSE
A:&|20|10,Map,flat,"{'a': 1, 'b': 2, 'c': 3}","c|[1, 1.0, 0],[1, 1.0, 1],[1, 1.5, 1]|text|not-applicable",BigDecimal,base_1_5,1.5,"[1, 1.5, 0]",,REFUSE
A:&|20|11,Map,flat,"{'a': 1, 'b': 2, 'c': 3}","c|[1, 1.0, 0],[1, 1.0, 1],[1, 1.5, 1]|text|not-applicable",String,base_hello,68656c6c6f,t|68656c6c6f|5|5|5,,REFUSE
A:&|20|12,Map,flat,"{'a': 1, 'b': 2, 'c': 3}","c|[1, 1.0, 0],[1, 1.0, 1],[1, 1.5, 1]|text|not-applicable",CharArray,base_hello,68656c6c6f,t|68656c6c6f|5|5|5,,REFUSE
A:&|20|13,Map,flat,"{'a': 1, 'b': 2, 'c': 3}","c|[1, 1.0, 0],[1, 1.0, 1],[1, 1.5, 1]|text|not-applicable",StringBuilder,base_hello,68656c6c6f,t|68656c6c6f|5|5|5,,REFUSE
A:&|20|14,Map,flat,"{'a': 1, 'b': 2, 'c': 3}","c|[1, 1.0, 0],[1, 1.0, 1],[1, 1.5, 1]|text|not-applicable",ByteArray,base_hello,68656c6c6f,t|68656c6c6f|5|5|5,,REFUSE
A:&|20|15,Map,flat,"{'a': 1, 'b': 2, 'c': 3}","c|[1, 1.0, 0],[1, 1.0, 1],[1, 1.5, 1]|text|not-applicable",List,base,"[1, 2, 3]","c|[1, 1.0, 0],[1, 1.0, 1],[1, 1.5, 1]|integer|as-sorted",,REFUSE
A:&|20|16,Map,flat,"{'a': 1, 'b': 2, 'c': 3}","c|[1, 1.0, 0],[1, 1.0, 1],[1, 1.5, 1]|text|not-applicable",MutableList,base,"[1, 2, 3]","c|[1, 1.0, 0],[1, 1.0, 1],[1, 1.5, 1]|integer|as-sorted",,REFUSE
A:&|20|17,Map,flat,"{'a': 1, 'b': 2, 'c': 3}","c|[1, 1.0, 0],[1, 1.0, 1],[1, 1.5, 1]|text|not-applicable",Array<T>,base,"[1, 2, 3]","c|[1, 1.0, 0],[1, 1.0, 1],[1, 1.5, 1]|integer|as-sorted",,REFUSE
A:&|20|18,Map,flat,"{'a': 1, 'b': 2, 'c': 3}","c|[1, 1.0, 0],[1, 1.0, 1],[1, 1.5, 1]|text|not-applicable",IntArray,base,"[1, 2, 3]","c|[1, 1.0, 0],[1, 1.0, 1],[1, 1.5, 1]|integer|as-sorted",,REFUSE
A:&|20|19,Map,flat,"{'a': 1, 'b': 2, 'c': 3}","c|[1, 1.0, 0],[1, 1.0, 1],[1, 1.5, 1]|text|not-applicable",ArrayDeque,base,"[1, 2, 3]","c|[1, 1.0, 0],[1, 1.0, 1],[1, 1.5, 1]|integer|as-sorted",,REFUSE
A:&|20|20,Map,flat,"{'a': 1, 'b': 2, 'c': 3}","c|[1, 1.0, 0],[1, 1.0, 1],[1, 1.5, 1]|text|not-applicable",Map,flat,"{'a': 1, 'b': 2, 'c': 3}","c|[1, 1.0, 0],[1, 1.0, 1],[1, 1.5, 1]|text|not-applicable",,REFUSE
A:&|20|21,Map,flat,"{'a': 1, 'b': 2, 'c': 3}","c|[1, 1.0, 0],[1, 1.0, 1],[1, 1.5, 1]|text|not-applicable",MutableMap,flat,"{'a': 1, 'b': 2, 'c': 3}","c|[1, 1.0, 0],[1, 1.0, 1],[1, 1.5, 1]|text|not-applicable",,REFUSE
A:&|20|22,Map,flat,"{'a': 1, 'b': 2, 'c': 3}","c|[1, 1.0, 0],[1, 1.0, 1],[1, 1.5, 1]|text|not-applicable",LinkedHashMap,flat,"{'a': 1, 'b': 2, 'c': 3}","c|[1, 1.0, 0],[1, 1.0, 1],[1, 1.5, 1]|text|not-applicable",,REFUSE
A:&|20|23,Map,flat,"{'a': 1, 'b': 2, 'c': 3}","c|[1, 1.0, 0],[1, 1.0, 1],[1, 1.5, 1]|text|not-applicable",data class,flat,"{'a': 1, 'b': 2, 'c': 3}","c|[1, 1.0, 0],[1, 1.0, 1],[1, 1.5, 1]|text|not-applicable",,REFUSE
A:&|20|24,Map,flat,"{'a': 1, 'b': 2, 'c': 3}","c|[1, 1.0, 0],[1, 1.0, 1],[1, 1.5, 1]|text|not-applicable",List<List<Any?>>,seq_in_seq,"[[1, 2], [3, 4]]","c|c|[1, 1.0, 0],[1, 1.0, 1]|integer|as-sorted,c|[1, 1.0, 2],[1, 1.5, 1]|integer|as-sorted|integer|as-sorted",,REFUSE
A:&|20|25,Map,flat,"{'a': 1, 'b': 2, 'c': 3}","c|[1, 1.0, 0],[1, 1.0, 1],[1, 1.5, 1]|text|not-applicable",sealed class Node,seq_in_seq,"[[1, 2], [3, 4]]","c|c|[1, 1.0, 0],[1, 1.0, 1]|integer|as-sorted,c|[1, 1.0, 2],[1, 1.5, 1]|integer|as-sorted|integer|as-sorted",,REFUSE
A:&|21|0,MutableMap,flat,"{'a': 1, 'b': 2, 'c': 3}","c|[1, 1.0, 0],[1, 1.0, 1],[1, 1.5, 1]|text|not-applicable",null,null,null,null,,REFUSE
A:&|21|1,MutableMap,flat,"{'a': 1, 'b': 2, 'c': 3}","c|[1, 1.0, 0],[1, 1.0, 1],[1, 1.5, 1]|text|not-applicable",Unit,null,null,null,,REFUSE
A:&|21|2,MutableMap,flat,"{'a': 1, 'b': 2, 'c': 3}","c|[1, 1.0, 0],[1, 1.0, 1],[1, 1.5, 1]|text|not-applicable",Nothing?,null,null,null,,REFUSE
A:&|21|3,MutableMap,flat,"{'a': 1, 'b': 2, 'c': 3}","c|[1, 1.0, 0],[1, 1.0, 1],[1, 1.5, 1]|text|not-applicable",Boolean,true,true,true,,REFUSE
A:&|21|4,MutableMap,flat,"{'a': 1, 'b': 2, 'c': 3}","c|[1, 1.0, 0],[1, 1.0, 1],[1, 1.5, 1]|text|not-applicable",Int,base_42,0000002a,"[1, 1.3125, 5]",,REFUSE
A:&|21|5,MutableMap,flat,"{'a': 1, 'b': 2, 'c': 3}","c|[1, 1.0, 0],[1, 1.0, 1],[1, 1.5, 1]|text|not-applicable",Long,base_42,000000000000002a,"[1, 1.3125, 5]",,REFUSE
A:&|21|6,MutableMap,flat,"{'a': 1, 'b': 2, 'c': 3}","c|[1, 1.0, 0],[1, 1.0, 1],[1, 1.5, 1]|text|not-applicable",ULong,base_42,000000000000002a,"[1, 1.3125, 5]",,REFUSE
A:&|21|7,MutableMap,flat,"{'a': 1, 'b': 2, 'c': 3}","c|[1, 1.0, 0],[1, 1.0, 1],[1, 1.5, 1]|text|not-applicable",BigInteger,base_42,2a,"[1, 1.3125, 5]",,REFUSE
A:&|21|8,MutableMap,flat,"{'a': 1, 'b': 2, 'c': 3}","c|[1, 1.0, 0],[1, 1.0, 1],[1, 1.5, 1]|text|not-applicable",Double,base_1_5,3ff8000000000000,"[1, 1.5, 0]",,REFUSE
A:&|21|9,MutableMap,flat,"{'a': 1, 'b': 2, 'c': 3}","c|[1, 1.0, 0],[1, 1.0, 1],[1, 1.5, 1]|text|not-applicable",Float,base_1_5,3fc00000,"[1, 1.5, 0]",,REFUSE
A:&|21|10,MutableMap,flat,"{'a': 1, 'b': 2, 'c': 3}","c|[1, 1.0, 0],[1, 1.0, 1],[1, 1.5, 1]|text|not-applicable",BigDecimal,base_1_5,1.5,"[1, 1.5, 0]",,REFUSE
A:&|21|11,MutableMap,flat,"{'a': 1, 'b': 2, 'c': 3}","c|[1, 1.0, 0],[1, 1.0, 1],[1, 1.5, 1]|text|not-applicable",String,base_hello,68656c6c6f,t|68656c6c6f|5|5|5,,REFUSE
A:&|21|12,MutableMap,flat,"{'a': 1, 'b': 2, 'c': 3}","c|[1, 1.0, 0],[1, 1.0, 1],[1, 1.5, 1]|text|not-applicable",CharArray,base_hello,68656c6c6f,t|68656c6c6f|5|5|5,,REFUSE
A:&|21|13,MutableMap,flat,"{'a': 1, 'b': 2, 'c': 3}","c|[1, 1.0, 0],[1, 1.0, 1],[1, 1.5, 1]|text|not-applicable",StringBuilder,base_hello,68656c6c6f,t|68656c6c6f|5|5|5,,REFUSE
A:&|21|14,MutableMap,flat,"{'a': 1, 'b': 2, 'c': 3}","c|[1, 1.0, 0],[1, 1.0, 1],[1, 1.5, 1]|text|not-applicable",ByteArray,base_hello,68656c6c6f,t|68656c6c6f|5|5|5,,REFUSE
A:&|21|15,MutableMap,flat,"{'a': 1, 'b': 2, 'c': 3}","c|[1, 1.0, 0],[1, 1.0, 1],[1, 1.5, 1]|text|not-applicable",List,base,"[1, 2, 3]","c|[1, 1.0, 0],[1, 1.0, 1],[1, 1.5, 1]|integer|as-sorted",,REFUSE
A:&|21|16,MutableMap,flat,"{'a': 1, 'b': 2, 'c': 3}","c|[1, 1.0, 0],[1, 1.0, 1],[1, 1.5, 1]|text|not-applicable",MutableList,base,"[1, 2, 3]","c|[1, 1.0, 0],[1, 1.0, 1],[1, 1.5, 1]|integer|as-sorted",,REFUSE
A:&|21|17,MutableMap,flat,"{'a': 1, 'b': 2, 'c': 3}","c|[1, 1.0, 0],[1, 1.0, 1],[1, 1.5, 1]|text|not-applicable",Array<T>,base,"[1, 2, 3]","c|[1, 1.0, 0],[1, 1.0, 1],[1, 1.5, 1]|integer|as-sorted",,REFUSE
A:&|21|18,MutableMap,flat,"{'a': 1, 'b': 2, 'c': 3}","c|[1, 1.0, 0],[1, 1.0, 1],[1, 1.5, 1]|text|not-applicable",IntArray,base,"[1, 2, 3]","c|[1, 1.0, 0],[1, 1.0, 1],[1, 1.5, 1]|integer|as-sorted",,REFUSE
A:&|21|19,MutableMap,flat,"{'a': 1, 'b': 2, 'c': 3}","c|[1, 1.0, 0],[1, 1.0, 1],[1, 1.5, 1]|text|not-applicable",ArrayDeque,base,"[1, 2, 3]","c|[1, 1.0, 0],[1, 1.0, 1],[1, 1.5, 1]|integer|as-sorted",,REFUSE
A:&|21|20,MutableMap,flat,"{'a': 1, 'b': 2, 'c': 3}","c|[1, 1.0, 0],[1, 1.0, 1],[1, 1.5, 1]|text|not-applicable",Map,flat,"{'a': 1, 'b': 2, 'c': 3}","c|[1, 1.0, 0],[1, 1.0, 1],[1, 1.5, 1]|text|not-applicable",,REFUSE
A:&|21|21,MutableMap,flat,"{'a': 1, 'b': 2, 'c': 3}","c|[1, 1.0, 0],[1, 1.0, 1],[1, 1.5, 1]|text|not-applicable",MutableMap,flat,"{'a': 1, 'b': 2, 'c': 3}","c|[1, 1.0, 0],[1, 1.0, 1],[1, 1.5, 1]|text|not-applicable",,REFUSE
A:&|21|22,MutableMap,flat,"{'a': 1, 'b': 2, 'c': 3}","c|[1, 1.0, 0],[1, 1.0, 1],[1, 1.5, 1]|text|not-applicable",LinkedHashMap,flat,"{'a': 1, 'b': 2, 'c': 3}","c|[1, 1.0, 0],[1, 1.0, 1],[1, 1.5, 1]|text|not-applicable",,REFUSE
A:&|21|23,MutableMap,flat,"{'a': 1, 'b': 2, 'c': 3}","c|[1, 1.0, 0],[1, 1.0, 1],[1, 1.5, 1]|text|not-applicable",data class,flat,"{'a': 1, 'b': 2, 'c': 3}","c|[1, 1.0, 0],[1, 1.0, 1],[1, 1.5, 1]|text|not-applicable",,REFUSE
A:&|21|24,MutableMap,flat,"{'a': 1, 'b': 2, 'c': 3}","c|[1, 1.0, 0],[1, 1.0, 1],[1, 1.5, 1]|text|not-applicable",List<List<Any?>>,seq_in_seq,"[[1, 2], [3, 4]]","c|c|[1, 1.0, 0],[1, 1.0, 1]|integer|as-sorted,c|[1, 1.0, 2],[1, 1.5, 1]|integer|as-sorted|integer|as-sorted",,REFUSE
A:&|21|25,MutableMap,flat,"{'a': 1, 'b': 2, 'c': 3}","c|[1, 1.0, 0],[1, 1.0, 1],[1, 1.5, 1]|text|not-applicable",sealed class Node,seq_in_seq,"[[1, 2], [3, 4]]","c|c|[1, 1.0, 0],[1, 1.0, 1]|integer|as-sorted,c|[1, 1.0, 2],[1, 1.5, 1]|integer|as-sorted|integer|as-sorted",,REFUSE
A:&|22|0,LinkedHashMap,flat,"{'a': 1, 'b': 2, 'c': 3}","c|[1, 1.0, 0],[1, 1.0, 1],[1, 1.5, 1]|text|not-applicable",null,null,null,null,,REFUSE
A:&|22|1,LinkedHashMap,flat,"{'a': 1, 'b': 2, 'c': 3}","c|[1, 1.0, 0],[1, 1.0, 1],[1, 1.5, 1]|text|not-applicable",Unit,null,null,null,,REFUSE
A:&|22|2,LinkedHashMap,flat,"{'a': 1, 'b': 2, 'c': 3}","c|[1, 1.0, 0],[1, 1.0, 1],[1, 1.5, 1]|text|not-applicable",Nothing?,null,null,null,,REFUSE
A:&|22|3,LinkedHashMap,flat,"{'a': 1, 'b': 2, 'c': 3}","c|[1, 1.0, 0],[1, 1.0, 1],[1, 1.5, 1]|text|not-applicable",Boolean,true,true,true,,REFUSE
A:&|22|4,LinkedHashMap,flat,"{'a': 1, 'b': 2, 'c': 3}","c|[1, 1.0, 0],[1, 1.0, 1],[1, 1.5, 1]|text|not-applicable",Int,base_42,0000002a,"[1, 1.3125, 5]",,REFUSE
A:&|22|5,LinkedHashMap,flat,"{'a': 1, 'b': 2, 'c': 3}","c|[1, 1.0, 0],[1, 1.0, 1],[1, 1.5, 1]|text|not-applicable",Long,base_42,000000000000002a,"[1, 1.3125, 5]",,REFUSE
A:&|22|6,LinkedHashMap,flat,"{'a': 1, 'b': 2, 'c': 3}","c|[1, 1.0, 0],[1, 1.0, 1],[1, 1.5, 1]|text|not-applicable",ULong,base_42,000000000000002a,"[1, 1.3125, 5]",,REFUSE
A:&|22|7,LinkedHashMap,flat,"{'a': 1, 'b': 2, 'c': 3}","c|[1, 1.0, 0],[1, 1.0, 1],[1, 1.5, 1]|text|not-applicable",BigInteger,base_42,2a,"[1, 1.3125, 5]",,REFUSE
A:&|22|8,LinkedHashMap,flat,"{'a': 1, 'b': 2, 'c': 3}","c|[1, 1.0, 0],[1, 1.0, 1],[1, 1.5, 1]|text|not-applicable",Double,base_1_5,3ff8000000000000,"[1, 1.5, 0]",,REFUSE
A:&|22|9,LinkedHashMap,flat,"{'a': 1, 'b': 2, 'c': 3}","c|[1, 1.0, 0],[1, 1.0, 1],[1, 1.5, 1]|text|not-applicable",Float,base_1_5,3fc00000,"[1, 1.5, 0]",,REFUSE
A:&|22|10,LinkedHashMap,flat,"{'a': 1, 'b': 2, 'c': 3}","c|[1, 1.0, 0],[1, 1.0, 1],[1, 1.5, 1]|text|not-applicable",BigDecimal,base_1_5,1.5,"[1, 1.5, 0]",,REFUSE
A:&|22|11,LinkedHashMap,flat,"{'a': 1, 'b': 2, 'c': 3}","c|[1, 1.0, 0],[1, 1.0, 1],[1, 1.5, 1]|text|not-applicable",String,base_hello,68656c6c6f,t|68656c6c6f|5|5|5,,REFUSE
A:&|22|12,LinkedHashMap,flat,"{'a': 1, 'b': 2, 'c': 3}","c|[1, 1.0, 0],[1, 1.0, 1],[1, 1.5, 1]|text|not-applicable",CharArray,base_hello,68656c6c6f,t|68656c6c6f|5|5|5,,REFUSE
A:&|22|13,LinkedHashMap,flat,"{'a': 1, 'b': 2, 'c': 3}","c|[1, 1.0, 0],[1, 1.0, 1],[1, 1.5, 1]|text|not-applicable",StringBuilder,base_hello,68656c6c6f,t|68656c6c6f|5|5|5,,REFUSE
A:&|22|14,LinkedHashMap,flat,"{'a': 1, 'b': 2, 'c': 3}","c|[1, 1.0, 0],[1, 1.0, 1],[1, 1.5, 1]|text|not-applicable",ByteArray,base_hello,68656c6c6f,t|68656c6c6f|5|5|5,,REFUSE
A:&|22|15,LinkedHashMap,flat,"{'a': 1, 'b': 2, 'c': 3}","c|[1, 1.0, 0],[1, 1.0, 1],[1, 1.5, 1]|text|not-applicable",List,base,"[1, 2, 3]","c|[1, 1.0, 0],[1, 1.0, 1],[1, 1.5, 1]|integer|as-sorted",,REFUSE
A:&|22|16,LinkedHashMap,flat,"{'a': 1, 'b': 2, 'c': 3}","c|[1, 1.0, 0],[1, 1.0, 1],[1, 1.5, 1]|text|not-applicable",MutableList,base,"[1, 2, 3]","c|[1, 1.0, 0],[1, 1.0, 1],[1, 1.5, 1]|integer|as-sorted",,REFUSE
A:&|22|17,LinkedHashMap,flat,"{'a': 1, 'b': 2, 'c': 3}","c|[1, 1.0, 0],[1, 1.0, 1],[1, 1.5, 1]|text|not-applicable",Array<T>,base,"[1, 2, 3]","c|[1, 1.0, 0],[1, 1.0, 1],[1, 1.5, 1]|integer|as-sorted",,REFUSE
A:&|22|18,LinkedHashMap,flat,"{'a': 1, 'b': 2, 'c': 3}","c|[1, 1.0, 0],[1, 1.0, 1],[1, 1.5, 1]|text|not-applicable",IntArray,base,"[1, 2, 3]","c|[1, 1.0, 0],[1, 1.0, 1],[1, 1.5, 1]|integer|as-sorted",,REFUSE
A:&|22|19,LinkedHashMap,flat,"{'a': 1, 'b': 2, 'c': 3}","c|[1, 1.0, 0],[1, 1.0, 1],[1, 1.5, 1]|text|not-applicable",ArrayDeque,base,"[1, 2, 3]","c|[1, 1.0, 0],[1, 1.0, 1],[1, 1.5, 1]|integer|as-sorted",,REFUSE
A:&|22|20,LinkedHashMap,flat,"{'a': 1, 'b': 2, 'c': 3}","c|[1, 1.0, 0],[1, 1.0, 1],[1, 1.5, 1]|text|not-applicable",Map,flat,"{'a': 1, 'b': 2, 'c': 3}","c|[1, 1.0, 0],[1, 1.0, 1],[1, 1.5, 1]|text|not-applicable",,REFUSE
A:&|22|21,LinkedHashMap,flat,"{'a': 1, 'b': 2, 'c': 3}","c|[1, 1.0, 0],[1, 1.0, 1],[1, 1.5, 1]|text|not-applicable",MutableMap,flat,"{'a': 1, 'b': 2, 'c': 3}","c|[1, 1.0, 0],[1, 1.0, 1],[1, 1.5, 1]|text|not-applicable",,REFUSE
A:&|22|22,LinkedHashMap,flat,"{'a': 1, 'b': 2, 'c': 3}","c|[1, 1.0, 0],[1, 1.0, 1],[1, 1.5, 1]|text|not-applicable",LinkedHashMap,flat,"{'a': 1, 'b': 2, 'c': 3}","c|[1, 1.0, 0],[1, 1.0, 1],[1, 1.5, 1]|text|not-applicable",,REFUSE
A:&|22|23,LinkedHashMap,flat,"{'a': 1, 'b': 2, 'c': 3}","c|[1, 1.0, 0],[1, 1.0, 1],[1, 1.5, 1]|text|not-applicable",data class,flat,"{'a': 1, 'b': 2, 'c': 3}","c|[1, 1.0, 0],[1, 1.0, 1],[1, 1.5, 1]|text|not-applicable",,REFUSE
A:&|22|24,LinkedHashMap,flat,"{'a': 1, 'b': 2, 'c': 3}","c|[1, 1.0, 0],[1, 1.0, 1],[1, 1.5, 1]|text|not-applicable",List<List<Any?>>,seq_in_seq,"[[1, 2], [3, 4]]","c|c|[1, 1.0, 0],[1, 1.0, 1]|integer|as-sorted,c|[1, 1.0, 2],[1, 1.5, 1]|integer|as-sorted|integer|as-sorted",,REFUSE
A:&|22|25,LinkedHashMap,flat,"{'a': 1, 'b': 2, 'c': 3}","c|[1, 1.0, 0],[1, 1.0, 1],[1, 1.5, 1]|text|not-applicable",sealed class Node,seq_in_seq,"[[1, 2], [3, 4]]","c|c|[1, 1.0, 0],[1, 1.0, 1]|integer|as-sorted,c|[1, 1.0, 2],[1, 1.5, 1]|integer|as-sorted|integer|as-sorted",,REFUSE
A:&|23|0,data class,flat,"{'a': 1, 'b': 2, 'c': 3}","c|[1, 1.0, 0],[1, 1.0, 1],[1, 1.5, 1]|text|not-applicable",null,null,null,null,,REFUSE
A:&|23|1,data class,flat,"{'a': 1, 'b': 2, 'c': 3}","c|[1, 1.0, 0],[1, 1.0, 1],[1, 1.5, 1]|text|not-applicable",Unit,null,null,null,,REFUSE
A:&|23|2,data class,flat,"{'a': 1, 'b': 2, 'c': 3}","c|[1, 1.0, 0],[1, 1.0, 1],[1, 1.5, 1]|text|not-applicable",Nothing?,null,null,null,,REFUSE
A:&|23|3,data class,flat,"{'a': 1, 'b': 2, 'c': 3}","c|[1, 1.0, 0],[1, 1.0, 1],[1, 1.5, 1]|text|not-applicable",Boolean,true,true,true,,REFUSE
A:&|23|4,data class,flat,"{'a': 1, 'b': 2, 'c': 3}","c|[1, 1.0, 0],[1, 1.0, 1],[1, 1.5, 1]|text|not-applicable",Int,base_42,0000002a,"[1, 1.3125, 5]",,REFUSE
A:&|23|5,data class,flat,"{'a': 1, 'b': 2, 'c': 3}","c|[1, 1.0, 0],[1, 1.0, 1],[1, 1.5, 1]|text|not-applicable",Long,base_42,000000000000002a,"[1, 1.3125, 5]",,REFUSE
A:&|23|6,data class,flat,"{'a': 1, 'b': 2, 'c': 3}","c|[1, 1.0, 0],[1, 1.0, 1],[1, 1.5, 1]|text|not-applicable",ULong,base_42,000000000000002a,"[1, 1.3125, 5]",,REFUSE
A:&|23|7,data class,flat,"{'a': 1, 'b': 2, 'c': 3}","c|[1, 1.0, 0],[1, 1.0, 1],[1, 1.5, 1]|text|not-applicable",BigInteger,base_42,2a,"[1, 1.3125, 5]",,REFUSE
A:&|23|8,data class,flat,"{'a': 1, 'b': 2, 'c': 3}","c|[1, 1.0, 0],[1, 1.0, 1],[1, 1.5, 1]|text|not-applicable",Double,base_1_5,3ff8000000000000,"[1, 1.5, 0]",,REFUSE
A:&|23|9,data class,flat,"{'a': 1, 'b': 2, 'c': 3}","c|[1, 1.0, 0],[1, 1.0, 1],[1, 1.5, 1]|text|not-applicable",Float,base_1_5,3fc00000,"[1, 1.5, 0]",,REFUSE
A:&|23|10,data class,flat,"{'a': 1, 'b': 2, 'c': 3}","c|[1, 1.0, 0],[1, 1.0, 1],[1, 1.5, 1]|text|not-applicable",BigDecimal,base_1_5,1.5,"[1, 1.5, 0]",,REFUSE
A:&|23|11,data class,flat,"{'a': 1, 'b': 2, 'c': 3}","c|[1, 1.0, 0],[1, 1.0, 1],[1, 1.5, 1]|text|not-applicable",String,base_hello,68656c6c6f,t|68656c6c6f|5|5|5,,REFUSE
A:&|23|12,data class,flat,"{'a': 1, 'b': 2, 'c': 3}","c|[1, 1.0, 0],[1, 1.0, 1],[1, 1.5, 1]|text|not-applicable",CharArray,base_hello,68656c6c6f,t|68656c6c6f|5|5|5,,REFUSE
A:&|23|13,data class,flat,"{'a': 1, 'b': 2, 'c': 3}","c|[1, 1.0, 0],[1, 1.0, 1],[1, 1.5, 1]|text|not-applicable",StringBuilder,base_hello,68656c6c6f,t|68656c6c6f|5|5|5,,REFUSE
A:&|23|14,data class,flat,"{'a': 1, 'b': 2, 'c': 3}","c|[1, 1.0, 0],[1, 1.0, 1],[1, 1.5, 1]|text|not-applicable",ByteArray,base_hello,68656c6c6f,t|68656c6c6f|5|5|5,,REFUSE
A:&|23|15,data class,flat,"{'a': 1, 'b': 2, 'c': 3}","c|[1, 1.0, 0],[1, 1.0, 1],[1, 1.5, 1]|text|not-applicable",List,base,"[1, 2, 3]","c|[1, 1.0, 0],[1, 1.0, 1],[1, 1.5, 1]|integer|as-sorted",,REFUSE
A:&|23|16,data class,flat,"{'a': 1, 'b': 2, 'c': 3}","c|[1, 1.0, 0],[1, 1.0, 1],[1, 1.5, 1]|text|not-applicable",MutableList,base,"[1, 2, 3]","c|[1, 1.0, 0],[1, 1.0, 1],[1, 1.5, 1]|integer|as-sorted",,REFUSE
A:&|23|17,data class,flat,"{'a': 1, 'b': 2, 'c': 3}","c|[1, 1.0, 0],[1, 1.0, 1],[1, 1.5, 1]|text|not-applicable",Array<T>,base,"[1, 2, 3]","c|[1, 1.0, 0],[1, 1.0, 1],[1, 1.5, 1]|integer|as-sorted",,REFUSE
A:&|23|18,data class,flat,"{'a': 1, 'b': 2, 'c': 3}","c|[1, 1.0, 0],[1, 1.0, 1],[1, 1.5, 1]|text|not-applicable",IntArray,base,"[1, 2, 3]","c|[1, 1.0, 0],[1, 1.0, 1],[1, 1.5, 1]|integer|as-sorted",,REFUSE
A:&|23|19,data class,flat,"{'a': 1, 'b': 2, 'c': 3}","c|[1, 1.0, 0],[1, 1.0, 1],[1, 1.5, 1]|text|not-applicable",ArrayDeque,base,"[1, 2, 3]","c|[1, 1.0, 0],[1, 1.0, 1],[1, 1.5, 1]|integer|as-sorted",,REFUSE
A:&|23|20,data class,flat,"{'a': 1, 'b': 2, 'c': 3}","c|[1, 1.0, 0],[1, 1.0, 1],[1, 1.5, 1]|text|not-applicable",Map,flat,"{'a': 1, 'b': 2, 'c': 3}","c|[1, 1.0, 0],[1, 1.0, 1],[1, 1.5, 1]|text|not-applicable",,REFUSE
A:&|23|21,data class,flat,"{'a': 1, 'b': 2, 'c': 3}","c|[1, 1.0, 0],[1, 1.0, 1],[1, 1.5, 1]|text|not-applicable",MutableMap,flat,"{'a': 1, 'b': 2, 'c': 3}","c|[1, 1.0, 0],[1, 1.0, 1],[1, 1.5, 1]|text|not-applicable",,REFUSE
A:&|23|22,data class,flat,"{'a': 1, 'b': 2, 'c': 3}","c|[1, 1.0, 0],[1, 1.0, 1],[1, 1.5, 1]|text|not-applicable",LinkedHashMap,flat,"{'a': 1, 'b': 2, 'c': 3}","c|[1, 1.0, 0],[1, 1.0, 1],[1, 1.5, 1]|text|not-applicable",,REFUSE
A:&|23|23,data class,flat,"{'a': 1, 'b': 2, 'c': 3}","c|[1, 1.0, 0],[1, 1.0, 1],[1, 1.5, 1]|text|not-applicable",data class,flat,"{'a': 1, 'b': 2, 'c': 3}","c|[1, 1.0, 0],[1, 1.0, 1],[1, 1.5, 1]|text|not-applicable",,REFUSE
A:&|23|24,data class,flat,"{'a': 1, 'b': 2, 'c': 3}","c|[1, 1.0, 0],[1, 1.0, 1],[1, 1.5, 1]|text|not-applicable",List<List<Any?>>,seq_in_seq,"[[1, 2], [3, 4]]","c|c|[1, 1.0, 0],[1, 1.0, 1]|integer|as-sorted,c|[1, 1.0, 2],[1, 1.5, 1]|integer|as-sorted|integer|as-sorted",,REFUSE
A:&|23|25,data class,flat,"{'a': 1, 'b': 2, 'c': 3}","c|[1, 1.0, 0],[1, 1.0, 1],[1, 1.5, 1]|text|not-applicable",sealed class Node,seq_in_seq,"[[1, 2], [3, 4]]","c|c|[1, 1.0, 0],[1, 1.0, 1]|integer|as-sorted,c|[1, 1.0, 2],[1, 1.5, 1]|integer|as-sorted|integer|as-sorted",,REFUSE
A:&|24|0,List<List<Any?>>,seq_in_seq,"[[1, 2], [3, 4]]","c|c|[1, 1.0, 0],[1, 1.0, 1]|integer|as-sorted,c|[1, 1.0, 2],[1, 1.5, 1]|integer|as-sorted|integer|as-sorted",null,null,null,null,,REFUSE
A:&|24|1,List<List<Any?>>,seq_in_seq,"[[1, 2], [3, 4]]","c|c|[1, 1.0, 0],[1, 1.0, 1]|integer|as-sorted,c|[1, 1.0, 2],[1, 1.5, 1]|integer|as-sorted|integer|as-sorted",Unit,null,null,null,,REFUSE
A:&|24|2,List<List<Any?>>,seq_in_seq,"[[1, 2], [3, 4]]","c|c|[1, 1.0, 0],[1, 1.0, 1]|integer|as-sorted,c|[1, 1.0, 2],[1, 1.5, 1]|integer|as-sorted|integer|as-sorted",Nothing?,null,null,null,,REFUSE
A:&|24|3,List<List<Any?>>,seq_in_seq,"[[1, 2], [3, 4]]","c|c|[1, 1.0, 0],[1, 1.0, 1]|integer|as-sorted,c|[1, 1.0, 2],[1, 1.5, 1]|integer|as-sorted|integer|as-sorted",Boolean,true,true,true,,REFUSE
A:&|24|4,List<List<Any?>>,seq_in_seq,"[[1, 2], [3, 4]]","c|c|[1, 1.0, 0],[1, 1.0, 1]|integer|as-sorted,c|[1, 1.0, 2],[1, 1.5, 1]|integer|as-sorted|integer|as-sorted",Int,base_42,0000002a,"[1, 1.3125, 5]",,REFUSE
A:&|24|5,List<List<Any?>>,seq_in_seq,"[[1, 2], [3, 4]]","c|c|[1, 1.0, 0],[1, 1.0, 1]|integer|as-sorted,c|[1, 1.0, 2],[1, 1.5, 1]|integer|as-sorted|integer|as-sorted",Long,base_42,000000000000002a,"[1, 1.3125, 5]",,REFUSE
A:&|24|6,List<List<Any?>>,seq_in_seq,"[[1, 2], [3, 4]]","c|c|[1, 1.0, 0],[1, 1.0, 1]|integer|as-sorted,c|[1, 1.0, 2],[1, 1.5, 1]|integer|as-sorted|integer|as-sorted",ULong,base_42,000000000000002a,"[1, 1.3125, 5]",,REFUSE
A:&|24|7,List<List<Any?>>,seq_in_seq,"[[1, 2], [3, 4]]","c|c|[1, 1.0, 0],[1, 1.0, 1]|integer|as-sorted,c|[1, 1.0, 2],[1, 1.5, 1]|integer|as-sorted|integer|as-sorted",BigInteger,base_42,2a,"[1, 1.3125, 5]",,REFUSE
A:&|24|8,List<List<Any?>>,seq_in_seq,"[[1, 2], [3, 4]]","c|c|[1, 1.0, 0],[1, 1.0, 1]|integer|as-sorted,c|[1, 1.0, 2],[1, 1.5, 1]|integer|as-sorted|integer|as-sorted",Double,base_1_5,3ff8000000000000,"[1, 1.5, 0]",,REFUSE
A:&|24|9,List<List<Any?>>,seq_in_seq,"[[1, 2], [3, 4]]","c|c|[1, 1.0, 0],[1, 1.0, 1]|integer|as-sorted,c|[1, 1.0, 2],[1, 1.5, 1]|integer|as-sorted|integer|as-sorted",Float,base_1_5,3fc00000,"[1, 1.5, 0]",,REFUSE
A:&|24|10,List<List<Any?>>,seq_in_seq,"[[1, 2], [3, 4]]","c|c|[1, 1.0, 0],[1, 1.0, 1]|integer|as-sorted,c|[1, 1.0, 2],[1, 1.5, 1]|integer|as-sorted|integer|as-sorted",BigDecimal,base_1_5,1.5,"[1, 1.5, 0]",,REFUSE
A:&|24|11,List<List<Any?>>,seq_in_seq,"[[1, 2], [3, 4]]","c|c|[1, 1.0, 0],[1, 1.0, 1]|integer|as-sorted,c|[1, 1.0, 2],[1, 1.5, 1]|integer|as-sorted|integer|as-sorted",String,base_hello,68656c6c6f,t|68656c6c6f|5|5|5,,REFUSE
A:&|24|12,List<List<Any?>>,seq_in_seq,"[[1, 2], [3, 4]]","c|c|[1, 1.0, 0],[1, 1.0, 1]|integer|as-sorted,c|[1, 1.0, 2],[1, 1.5, 1]|integer|as-sorted|integer|as-sorted",CharArray,base_hello,68656c6c6f,t|68656c6c6f|5|5|5,,REFUSE
A:&|24|13,List<List<Any?>>,seq_in_seq,"[[1, 2], [3, 4]]","c|c|[1, 1.0, 0],[1, 1.0, 1]|integer|as-sorted,c|[1, 1.0, 2],[1, 1.5, 1]|integer|as-sorted|integer|as-sorted",StringBuilder,base_hello,68656c6c6f,t|68656c6c6f|5|5|5,,REFUSE
A:&|24|14,List<List<Any?>>,seq_in_seq,"[[1, 2], [3, 4]]","c|c|[1, 1.0, 0],[1, 1.0, 1]|integer|as-sorted,c|[1, 1.0, 2],[1, 1.5, 1]|integer|as-sorted|integer|as-sorted",ByteArray,base_hello,68656c6c6f,t|68656c6c6f|5|5|5,,REFUSE
A:&|24|15,List<List<Any?>>,seq_in_seq,"[[1, 2], [3, 4]]","c|c|[1, 1.0, 0],[1, 1.0, 1]|integer|as-sorted,c|[1, 1.0, 2],[1, 1.5, 1]|integer|as-sorted|integer|as-sorted",List,base,"[1, 2, 3]","c|[1, 1.0, 0],[1, 1.0, 1],[1, 1.5, 1]|integer|as-sorted",,REFUSE
A:&|24|16,List<List<Any?>>,seq_in_seq,"[[1, 2], [3, 4]]","c|c|[1, 1.0, 0],[1, 1.0, 1]|integer|as-sorted,c|[1, 1.0, 2],[1, 1.5, 1]|integer|as-sorted|integer|as-sorted",MutableList,base,"[1, 2, 3]","c|[1, 1.0, 0],[1, 1.0, 1],[1, 1.5, 1]|integer|as-sorted",,REFUSE
A:&|24|17,List<List<Any?>>,seq_in_seq,"[[1, 2], [3, 4]]","c|c|[1, 1.0, 0],[1, 1.0, 1]|integer|as-sorted,c|[1, 1.0, 2],[1, 1.5, 1]|integer|as-sorted|integer|as-sorted",Array<T>,base,"[1, 2, 3]","c|[1, 1.0, 0],[1, 1.0, 1],[1, 1.5, 1]|integer|as-sorted",,REFUSE
A:&|24|18,List<List<Any?>>,seq_in_seq,"[[1, 2], [3, 4]]","c|c|[1, 1.0, 0],[1, 1.0, 1]|integer|as-sorted,c|[1, 1.0, 2],[1, 1.5, 1]|integer|as-sorted|integer|as-sorted",IntArray,base,"[1, 2, 3]","c|[1, 1.0, 0],[1, 1.0, 1],[1, 1.5, 1]|integer|as-sorted",,REFUSE
A:&|24|19,List<List<Any?>>,seq_in_seq,"[[1, 2], [3, 4]]","c|c|[1, 1.0, 0],[1, 1.0, 1]|integer|as-sorted,c|[1, 1.0, 2],[1, 1.5, 1]|integer|as-sorted|integer|as-sorted",ArrayDeque,base,"[1, 2, 3]","c|[1, 1.0, 0],[1, 1.0, 1],[1, 1.5, 1]|integer|as-sorted",,REFUSE
A:&|24|20,List<List<Any?>>,seq_in_seq,"[[1, 2], [3, 4]]","c|c|[1, 1.0, 0],[1, 1.0, 1]|integer|as-sorted,c|[1, 1.0, 2],[1, 1.5, 1]|integer|as-sorted|integer|as-sorted",Map,flat,"{'a': 1, 'b': 2, 'c': 3}","c|[1, 1.0, 0],[1, 1.0, 1],[1, 1.5, 1]|text|not-applicable",,REFUSE
A:&|24|21,List<List<Any?>>,seq_in_seq,"[[1, 2], [3, 4]]","c|c|[1, 1.0, 0],[1, 1.0, 1]|integer|as-sorted,c|[1, 1.0, 2],[1, 1.5, 1]|integer|as-sorted|integer|as-sorted",MutableMap,flat,"{'a': 1, 'b': 2, 'c': 3}","c|[1, 1.0, 0],[1, 1.0, 1],[1, 1.5, 1]|text|not-applicable",,REFUSE
A:&|24|22,List<List<Any?>>,seq_in_seq,"[[1, 2], [3, 4]]","c|c|[1, 1.0, 0],[1, 1.0, 1]|integer|as-sorted,c|[1, 1.0, 2],[1, 1.5, 1]|integer|as-sorted|integer|as-sorted",LinkedHashMap,flat,"{'a': 1, 'b': 2, 'c': 3}","c|[1, 1.0, 0],[1, 1.0, 1],[1, 1.5, 1]|text|not-applicable",,REFUSE
A:&|24|23,List<List<Any?>>,seq_in_seq,"[[1, 2], [3, 4]]","c|c|[1, 1.0, 0],[1, 1.0, 1]|integer|as-sorted,c|[1, 1.0, 2],[1, 1.5, 1]|integer|as-sorted|integer|as-sorted",data class,flat,"{'a': 1, 'b': 2, 'c': 3}","c|[1, 1.0, 0],[1, 1.0, 1],[1, 1.5, 1]|text|not-applicable",,REFUSE
A:&|24|24,List<List<Any?>>,seq_in_seq,"[[1, 2], [3, 4]]","c|c|[1, 1.0, 0],[1, 1.0, 1]|integer|as-sorted,c|[1, 1.0, 2],[1, 1.5, 1]|integer|as-sorted|integer|as-sorted",List<List<Any?>>,seq_in_seq,"[[1, 2], [3, 4]]","c|c|[1, 1.0, 0],[1, 1.0, 1]|integer|as-sorted,c|[1, 1.0, 2],[1, 1.5, 1]|integer|as-sorted|integer|as-sorted",,REFUSE
A:&|24|25,List<List<Any?>>,seq_in_seq,"[[1, 2], [3, 4]]","c|c|[1, 1.0, 0],[1, 1.0, 1]|integer|as-sorted,c|[1, 1.0, 2],[1, 1.5, 1]|integer|as-sorted|integer|as-sorted",sealed class Node,seq_in_seq,"[[1, 2], [3, 4]]","c|c|[1, 1.0, 0],[1, 1.0, 1]|integer|as-sorted,c|[1, 1.0, 2],[1, 1.5, 1]|integer|as-sorted|integer|as-sorted",,REFUSE
A:&|25|0,sealed class Node,seq_in_seq,"[[1, 2], [3, 4]]","c|c|[1, 1.0, 0],[1, 1.0, 1]|integer|as-sorted,c|[1, 1.0, 2],[1, 1.5, 1]|integer|as-sorted|integer|as-sorted",null,null,null,null,,REFUSE
A:&|25|1,sealed class Node,seq_in_seq,"[[1, 2], [3, 4]]","c|c|[1, 1.0, 0],[1, 1.0, 1]|integer|as-sorted,c|[1, 1.0, 2],[1, 1.5, 1]|integer|as-sorted|integer|as-sorted",Unit,null,null,null,,REFUSE
A:&|25|2,sealed class Node,seq_in_seq,"[[1, 2], [3, 4]]","c|c|[1, 1.0, 0],[1, 1.0, 1]|integer|as-sorted,c|[1, 1.0, 2],[1, 1.5, 1]|integer|as-sorted|integer|as-sorted",Nothing?,null,null,null,,REFUSE
A:&|25|3,sealed class Node,seq_in_seq,"[[1, 2], [3, 4]]","c|c|[1, 1.0, 0],[1, 1.0, 1]|integer|as-sorted,c|[1, 1.0, 2],[1, 1.5, 1]|integer|as-sorted|integer|as-sorted",Boolean,true,true,true,,REFUSE
A:&|25|4,sealed class Node,seq_in_seq,"[[1, 2], [3, 4]]","c|c|[1, 1.0, 0],[1, 1.0, 1]|integer|as-sorted,c|[1, 1.0, 2],[1, 1.5, 1]|integer|as-sorted|integer|as-sorted",Int,base_42,0000002a,"[1, 1.3125, 5]",,REFUSE
A:&|25|5,sealed class Node,seq_in_seq,"[[1, 2], [3, 4]]","c|c|[1, 1.0, 0],[1, 1.0, 1]|integer|as-sorted,c|[1, 1.0, 2],[1, 1.5, 1]|integer|as-sorted|integer|as-sorted",Long,base_42,000000000000002a,"[1, 1.3125, 5]",,REFUSE
A:&|25|6,sealed class Node,seq_in_seq,"[[1, 2], [3, 4]]","c|c|[1, 1.0, 0],[1, 1.0, 1]|integer|as-sorted,c|[1, 1.0, 2],[1, 1.5, 1]|integer|as-sorted|integer|as-sorted",ULong,base_42,000000000000002a,"[1, 1.3125, 5]",,REFUSE
A:&|25|7,sealed class Node,seq_in_seq,"[[1, 2], [3, 4]]","c|c|[1, 1.0, 0],[1, 1.0, 1]|integer|as-sorted,c|[1, 1.0, 2],[1, 1.5, 1]|integer|as-sorted|integer|as-sorted",BigInteger,base_42,2a,"[1, 1.3125, 5]",,REFUSE
A:&|25|8,sealed class Node,seq_in_seq,"[[1, 2], [3, 4]]","c|c|[1, 1.0, 0],[1, 1.0, 1]|integer|as-sorted,c|[1, 1.0, 2],[1, 1.5, 1]|integer|as-sorted|integer|as-sorted",Double,base_1_5,3ff8000000000000,"[1, 1.5, 0]",,REFUSE
A:&|25|9,sealed class Node,seq_in_seq,"[[1, 2], [3, 4]]","c|c|[1, 1.0, 0],[1, 1.0, 1]|integer|as-sorted,c|[1, 1.0, 2],[1, 1.5, 1]|integer|as-sorted|integer|as-sorted",Float,base_1_5,3fc00000,"[1, 1.5, 0]",,REFUSE
A:&|25|10,sealed class Node,seq_in_seq,"[[1, 2], [3, 4]]","c|c|[1, 1.0, 0],[1, 1.0, 1]|integer|as-sorted,c|[1, 1.0, 2],[1, 1.5, 1]|integer|as-sorted|integer|as-sorted",BigDecimal,base_1_5,1.5,"[1, 1.5, 0]",,REFUSE
A:&|25|11,sealed class Node,seq_in_seq,"[[1, 2], [3, 4]]","c|c|[1, 1.0, 0],[1, 1.0, 1]|integer|as-sorted,c|[1, 1.0, 2],[1, 1.5, 1]|integer|as-sorted|integer|as-sorted",String,base_hello,68656c6c6f,t|68656c6c6f|5|5|5,,REFUSE
A:&|25|12,sealed class Node,seq_in_seq,"[[1, 2], [3, 4]]","c|c|[1, 1.0, 0],[1, 1.0, 1]|integer|as-sorted,c|[1, 1.0, 2],[1, 1.5, 1]|integer|as-sorted|integer|as-sorted",CharArray,base_hello,68656c6c6f,t|68656c6c6f|5|5|5,,REFUSE
A:&|25|13,sealed class Node,seq_in_seq,"[[1, 2], [3, 4]]","c|c|[1, 1.0, 0],[1, 1.0, 1]|integer|as-sorted,c|[1, 1.0, 2],[1, 1.5, 1]|integer|as-sorted|integer|as-sorted",StringBuilder,base_hello,68656c6c6f,t|68656c6c6f|5|5|5,,REFUSE
A:&|25|14,sealed class Node,seq_in_seq,"[[1, 2], [3, 4]]","c|c|[1, 1.0, 0],[1, 1.0, 1]|integer|as-sorted,c|[1, 1.0, 2],[1, 1.5, 1]|integer|as-sorted|integer|as-sorted",ByteArray,base_hello,68656c6c6f,t|68656c6c6f|5|5|5,,REFUSE
A:&|25|15,sealed class Node,seq_in_seq,"[[1, 2], [3, 4]]","c|c|[1, 1.0, 0],[1, 1.0, 1]|integer|as-sorted,c|[1, 1.0, 2],[1, 1.5, 1]|integer|as-sorted|integer|as-sorted",List,base,"[1, 2, 3]","c|[1, 1.0, 0],[1, 1.0, 1],[1, 1.5, 1]|integer|as-sorted",,REFUSE
A:&|25|16,sealed class Node,seq_in_seq,"[[1, 2], [3, 4]]","c|c|[1, 1.0, 0],[1, 1.0, 1]|integer|as-sorted,c|[1, 1.0, 2],[1, 1.5, 1]|integer|as-sorted|integer|as-sorted",MutableList,base,"[1, 2, 3]","c|[1, 1.0, 0],[1, 1.0, 1],[1, 1.5, 1]|integer|as-sorted",,REFUSE
A:&|25|17,sealed class Node,seq_in_seq,"[[1, 2], [3, 4]]","c|c|[1, 1.0, 0],[1, 1.0, 1]|integer|as-sorted,c|[1, 1.0, 2],[1, 1.5, 1]|integer|as-sorted|integer|as-sorted",Array<T>,base,"[1, 2, 3]","c|[1, 1.0, 0],[1, 1.0, 1],[1, 1.5, 1]|integer|as-sorted",,REFUSE
A:&|25|18,sealed class Node,seq_in_seq,"[[1, 2], [3, 4]]","c|c|[1, 1.0, 0],[1, 1.0, 1]|integer|as-sorted,c|[1, 1.0, 2],[1, 1.5, 1]|integer|as-sorted|integer|as-sorted",IntArray,base,"[1, 2, 3]","c|[1, 1.0, 0],[1, 1.0, 1],[1, 1.5, 1]|integer|as-sorted",,REFUSE
A:&|25|19,sealed class Node,seq_in_seq,"[[1, 2], [3, 4]]","c|c|[1, 1.0, 0],[1, 1.0, 1]|integer|as-sorted,c|[1, 1.0, 2],[1, 1.5, 1]|integer|as-sorted|integer|as-sorted",ArrayDeque,base,"[1, 2, 3]","c|[1, 1.0, 0],[1, 1.0, 1],[1, 1.5, 1]|integer|as-sorted",,REFUSE
A:&|25|20,sealed class Node,seq_in_seq,"[[1, 2], [3, 4]]","c|c|[1, 1.0, 0],[1, 1.0, 1]|integer|as-sorted,c|[1, 1.0, 2],[1, 1.5, 1]|integer|as-sorted|integer|as-sorted",Map,flat,"{'a': 1, 'b': 2, 'c': 3}","c|[1, 1.0, 0],[1, 1.0, 1],[1, 1.5, 1]|text|not-applicable",,REFUSE
A:&|25|21,sealed class Node,seq_in_seq,"[[1, 2], [3, 4]]","c|c|[1, 1.0, 0],[1, 1.0, 1]|integer|as-sorted,c|[1, 1.0, 2],[1, 1.5, 1]|integer|as-sorted|integer|as-sorted",MutableMap,flat,"{'a': 1, 'b': 2, 'c': 3}","c|[1, 1.0, 0],[1, 1.0, 1],[1, 1.5, 1]|text|not-applicable",,REFUSE
A:&|25|22,sealed class Node,seq_in_seq,"[[1, 2], [3, 4]]","c|c|[1, 1.0, 0],[1, 1.0, 1]|integer|as-sorted,c|[1, 1.0, 2],[1, 1.5, 1]|integer|as-sorted|integer|as-sorted",LinkedHashMap,flat,"{'a': 1, 'b': 2, 'c': 3}","c|[1, 1.0, 0],[1, 1.0, 1],[1, 1.5, 1]|text|not-applicable",,REFUSE
A:&|25|23,sealed class Node,seq_in_seq,"[[1, 2], [3, 4]]","c|c|[1, 1.0, 0],[1, 1.0, 1]|integer|as-sorted,c|[1, 1.0, 2],[1, 1.5, 1]|integer|as-sorted|integer|as-sorted",data class,flat,"{'a': 1, 'b': 2, 'c': 3}","c|[1, 1.0, 0],[1, 1.0, 1],[1, 1.5, 1]|text|not-applicable",,REFUSE
A:&|25|24,sealed class Node,seq_in_seq,"[[1, 2], [3, 4]]","c|c|[1, 1.0, 0],[1, 1.0, 1]|integer|as-sorted,c|[1, 1.0, 2],[1, 1.5, 1]|integer|as-sorted|integer|as-sorted",List<List<Any?>>,seq_in_seq,"[[1, 2], [3, 4]]","c|c|[1, 1.0, 0],[1, 1.0, 1]|integer|as-sorted,c|[1, 1.0, 2],[1, 1.5, 1]|integer|as-sorted|integer|as-sorted",,REFUSE
A:&|25|25,sealed class Node,seq_in_seq,"[[1, 2], [3, 4]]","c|c|[1, 1.0, 0],[1, 1.0, 1]|integer|as-sorted,c|[1, 1.0, 2],[1, 1.5, 1]|integer|as-sorted|integer|as-sorted",sealed class Node,seq_in_seq,"[[1, 2], [3, 4]]","c|c|[1, 1.0, 0],[1, 1.0, 1]|integer|as-sorted,c|[1, 1.0, 2],[1, 1.5, 1]|integer|as-sorted|integer|as-sorted",,REFUSE
