probe_id,level,form_pair,lhs_holder,rhs_holder,x_set_a,x_set_b,n_probes,output_canon_vector,n_values,n_declines,n_unrepresentable,src_x_set_a,src_x_set_b
A12_1_1,1,truth|truth,TrueFalse,TrueFalse,"truth/L1/6:true,false,0,1,"""",nil","truth/L1/6:true,false,0,1,"""",nil",36,"true;true;true;true;true;true;true;false;true;true;true;false;RAISE:TypeError;RAISE:TypeError;[1, 0.0, 0];[1, 1.0, 0];RAISE:TypeError;RAISE:TypeError;RAISE:TypeError;RAISE:TypeError;[1, 1.0, 0];[1, 1.0, 0];RAISE:TypeError;RAISE:TypeError;RAISE:NoMethodError;RAISE:NoMethodError;RAISE:NoMethodError;RAISE:NoMethodError;RAISE:NoMethodError;RAISE:NoMethodError;true;false;true;true;true;false",22,14,0,"truth/L1/6:true,false,0,1,"""",nil","truth/L1/6:true,false,0,1,"""",nil"
A12_1_2,1,truth|whole,TrueFalse,Integer,"truth/L1/6:true,false,0,1,"""",nil","whole/L1/17:-2^63,-2^63+1,-2^53-1,-2^31,-42,-1,0,1,7,42,1000,2^31-1,2^31,2^53-1,2^53+1,2^63-1,2^64-1",102,"true;true;true;true;true;true;true;true;true;true;true;true;true;true;true;true;true;true;true;true;true;true;true;true;true;true;true;true;true;true;true;true;true;true;[-1, 1.0, 63];[-1, 1.9999999999999999997831595655029, 62];[-1, 1.0000000000000001110223024625157, 53];[-1, 1.0, 31];[-1, 1.3125, 5];[-1, 1.0, 0];[1, 0.0, 0];[1, 1.0, 0];[1, 1.75, 2];[1, 1.3125, 5];[1, 1.953125, 9];[1, 1.999999999068677425384521484375, 30];[1, 1.0, 31];[1, 1.9999999999999997779553950749687, 52];[1, 1.0000000000000001110223024625157, 53];[1, 1.9999999999999999997831595655029, 62];[1, 1.9999999999999999998915797827514, 63];[-1, 1.9999999999999999997831595655029, 62];[-1, 1.9999999999999999997831595655029, 62];[-1, 1.0000000000000001110223024625157, 53];[-1, 1.999999999068677425384521484375, 30];[-1, 1.28125, 5];[-1, 1.0, 0];[1, 1.0, 0];[1, 1.0, 0];[1, 1.75, 2];[1, 1.34375, 5];[1, 1.955078125, 9];[1, 1.999999999068677425384521484375, 30];[1, 1.0000000004656612873077392578125, 31];[1, 1.9999999999999997779553950749687, 52];[1, 1.0000000000000001110223024625157, 53];[1, 1.9999999999999999997831595655029, 62];[1, 1.9999999999999999998915797827514, 63];RAISE:NoMethodError;RAISE:NoMethodError;RAISE:NoMethodError;RAISE:NoMethodError;RAISE:NoMethodError;RAISE:NoMethodError;RAISE:NoMethodError;RAISE:NoMethodError;RAISE:NoMethodError;RAISE:NoMethodError;RAISE:NoMethodError;RAISE:NoMethodError;RAISE:NoMethodError;RAISE:NoMethodError;RAISE:NoMethodError;RAISE:NoMethodError;RAISE:NoMethodError;true;true;true;true;true;true;true;true;true;true;true;true;true;true;true;true;true",85,17,0,"truth/L1/6:true,false,0,1,"""",nil","whole/L1/17:-2^63,-2^63+1,-2^53-1,-2^31,-42,-1,0,1,7,42,1000,2^31-1,2^31,2^53-1,2^53+1,2^63-1,2^64-1"
A12_1_3,1,truth|whole,TrueFalse,Rational,"truth/L1/6:true,false,0,1,"""",nil","whole/L1/17:-2^63,-2^63+1,-2^53-1,-2^31,-42,-1,0,1,7,42,1000,2^31-1,2^31,2^53-1,2^53+1,2^63-1,2^64-1",102,true;true;true;true;true;true;true;true;true;true;true;true;true;true;true;true;true;true;true;true;true;true;true;true;true;true;true;true;true;true;true;true;true;true;RAISE:TypeError;RAISE:TypeError;RAISE:TypeError;RAISE:TypeError;RAISE:TypeError;RAISE:TypeError;RAISE:TypeError;RAISE:TypeError;RAISE:TypeError;RAISE:TypeError;RAISE:TypeError;RAISE:TypeError;RAISE:TypeError;RAISE:TypeError;RAISE:TypeError;RAISE:TypeError;RAISE:TypeError;RAISE:TypeError;RAISE:TypeError;RAISE:TypeError;RAISE:TypeError;RAISE:TypeError;RAISE:TypeError;RAISE:TypeError;RAISE:TypeError;RAISE:TypeError;RAISE:TypeError;RAISE:TypeError;RAISE:TypeError;RAISE:TypeError;RAISE:TypeError;RAISE:TypeError;RAISE:TypeError;RAISE:TypeError;RAISE:NoMethodError;RAISE:NoMethodError;RAISE:NoMethodError;RAISE:NoMethodError;RAISE:NoMethodError;RAISE:NoMethodError;RAISE:NoMethodError;RAISE:NoMethodError;RAISE:NoMethodError;RAISE:NoMethodError;RAISE:NoMethodError;RAISE:NoMethodError;RAISE:NoMethodError;RAISE:NoMethodError;RAISE:NoMethodError;RAISE:NoMethodError;RAISE:NoMethodError;true;true;true;true;true;true;true;true;true;true;true;true;true;true;true;true;true,51,51,0,"truth/L1/6:true,false,0,1,"""",nil","whole/L1/17:-2^63,-2^63+1,-2^53-1,-2^31,-42,-1,0,1,7,42,1000,2^31-1,2^31,2^53-1,2^53+1,2^63-1,2^64-1"
A12_1_4,1,truth|whole,TrueFalse,BigDecimal,"truth/L1/6:true,false,0,1,"""",nil","whole/L1/17:-2^63,-2^63+1,-2^53-1,-2^31,-42,-1,0,1,7,42,1000,2^31-1,2^31,2^53-1,2^53+1,2^63-1,2^64-1",102,true;true;true;true;true;true;true;true;true;true;true;true;true;true;true;true;true;true;true;true;true;true;true;true;true;true;true;true;true;true;true;true;true;true;RAISE:TypeError;RAISE:TypeError;RAISE:TypeError;RAISE:TypeError;RAISE:TypeError;RAISE:TypeError;RAISE:TypeError;RAISE:TypeError;RAISE:TypeError;RAISE:TypeError;RAISE:TypeError;RAISE:TypeError;RAISE:TypeError;RAISE:TypeError;RAISE:TypeError;RAISE:TypeError;RAISE:TypeError;RAISE:TypeError;RAISE:TypeError;RAISE:TypeError;RAISE:TypeError;RAISE:TypeError;RAISE:TypeError;RAISE:TypeError;RAISE:TypeError;RAISE:TypeError;RAISE:TypeError;RAISE:TypeError;RAISE:TypeError;RAISE:TypeError;RAISE:TypeError;RAISE:TypeError;RAISE:TypeError;RAISE:TypeError;RAISE:NoMethodError;RAISE:NoMethodError;RAISE:NoMethodError;RAISE:NoMethodError;RAISE:NoMethodError;RAISE:NoMethodError;RAISE:NoMethodError;RAISE:NoMethodError;RAISE:NoMethodError;RAISE:NoMethodError;RAISE:NoMethodError;RAISE:NoMethodError;RAISE:NoMethodError;RAISE:NoMethodError;RAISE:NoMethodError;RAISE:NoMethodError;RAISE:NoMethodError;true;true;true;true;true;true;true;true;true;true;true;true;true;true;true;true;true,51,51,0,"truth/L1/6:true,false,0,1,"""",nil","whole/L1/17:-2^63,-2^63+1,-2^53-1,-2^31,-42,-1,0,1,7,42,1000,2^31-1,2^31,2^53-1,2^53+1,2^63-1,2^64-1"
A12_1_5,1,truth|fractional,TrueFalse,Float,"truth/L1/6:true,false,0,1,"""",nil","fractional/L1/16:-max_finite,-1.5,-1.0,-(1.0-1ulp),-0.0,+0.0,+min_subnormal,+min_normal,1.0-1ulp,1.0,1.0+1ulp,1.5,pi,2^53,max_finite,0.1",96,true;true;true;true;true;true;true;true;true;true;true;true;true;true;true;true;true;true;true;true;true;true;true;true;true;true;true;true;true;true;true;true;RAISE:TypeError;RAISE:TypeError;RAISE:TypeError;RAISE:TypeError;RAISE:TypeError;RAISE:TypeError;RAISE:TypeError;RAISE:TypeError;RAISE:TypeError;RAISE:TypeError;RAISE:TypeError;RAISE:TypeError;RAISE:TypeError;RAISE:TypeError;RAISE:TypeError;RAISE:TypeError;RAISE:TypeError;RAISE:TypeError;RAISE:TypeError;RAISE:TypeError;RAISE:TypeError;RAISE:TypeError;RAISE:TypeError;RAISE:TypeError;RAISE:TypeError;RAISE:TypeError;RAISE:TypeError;RAISE:TypeError;RAISE:TypeError;RAISE:TypeError;RAISE:TypeError;RAISE:TypeError;RAISE:NoMethodError;RAISE:NoMethodError;RAISE:NoMethodError;RAISE:NoMethodError;RAISE:NoMethodError;RAISE:NoMethodError;RAISE:NoMethodError;RAISE:NoMethodError;RAISE:NoMethodError;RAISE:NoMethodError;RAISE:NoMethodError;RAISE:NoMethodError;RAISE:NoMethodError;RAISE:NoMethodError;RAISE:NoMethodError;RAISE:NoMethodError;true;true;true;true;true;true;true;true;true;true;true;true;true;true;true;true,48,48,0,"truth/L1/6:true,false,0,1,"""",nil","fractional/L1/16:-max_finite,-1.5,-1.0,-(1.0-1ulp),-0.0,+0.0,+min_subnormal,+min_normal,1.0-1ulp,1.0,1.0+1ulp,1.5,pi,2^53,max_finite,0.1"
A12_1_6,1,truth|fractional,TrueFalse,Rational,"truth/L1/6:true,false,0,1,"""",nil","fractional/L1/16:-max_finite,-1.5,-1.0,-(1.0-1ulp),-0.0,+0.0,+min_subnormal,+min_normal,1.0-1ulp,1.0,1.0+1ulp,1.5,pi,2^53,max_finite,0.1",96,true;true;true;true;UNREPRESENTABLE;true;true;true;true;true;true;true;true;true;true;true;true;true;true;true;UNREPRESENTABLE;true;true;true;true;true;true;true;true;true;true;true;RAISE:TypeError;RAISE:TypeError;RAISE:TypeError;RAISE:TypeError;UNREPRESENTABLE;RAISE:TypeError;RAISE:TypeError;RAISE:TypeError;RAISE:TypeError;RAISE:TypeError;RAISE:TypeError;RAISE:TypeError;RAISE:TypeError;RAISE:TypeError;RAISE:TypeError;RAISE:TypeError;RAISE:TypeError;RAISE:TypeError;RAISE:TypeError;RAISE:TypeError;UNREPRESENTABLE;RAISE:TypeError;RAISE:TypeError;RAISE:TypeError;RAISE:TypeError;RAISE:TypeError;RAISE:TypeError;RAISE:TypeError;RAISE:TypeError;RAISE:TypeError;RAISE:TypeError;RAISE:TypeError;RAISE:NoMethodError;RAISE:NoMethodError;RAISE:NoMethodError;RAISE:NoMethodError;UNREPRESENTABLE;RAISE:NoMethodError;RAISE:NoMethodError;RAISE:NoMethodError;RAISE:NoMethodError;RAISE:NoMethodError;RAISE:NoMethodError;RAISE:NoMethodError;RAISE:NoMethodError;RAISE:NoMethodError;RAISE:NoMethodError;RAISE:NoMethodError;true;true;true;true;UNREPRESENTABLE;true;true;true;true;true;true;true;true;true;true;true,45,45,6,"truth/L1/6:true,false,0,1,"""",nil","fractional/L1/15:-max_finite,-1.5,-1.0,-(1.0-1ulp),+0.0,+min_subnormal,+min_normal,1.0-1ulp,1.0,1.0+1ulp,1.5,pi,2^53,max_finite,0.1"
A12_1_7,1,truth|fractional,TrueFalse,BigDecimal,"truth/L1/6:true,false,0,1,"""",nil","fractional/L1/16:-max_finite,-1.5,-1.0,-(1.0-1ulp),-0.0,+0.0,+min_subnormal,+min_normal,1.0-1ulp,1.0,1.0+1ulp,1.5,pi,2^53,max_finite,0.1",96,true;true;true;true;true;true;true;true;true;true;true;true;true;true;true;true;true;true;true;true;true;true;true;true;true;true;true;true;true;true;true;true;RAISE:TypeError;RAISE:TypeError;RAISE:TypeError;RAISE:TypeError;RAISE:TypeError;RAISE:TypeError;RAISE:TypeError;RAISE:TypeError;RAISE:TypeError;RAISE:TypeError;RAISE:TypeError;RAISE:TypeError;RAISE:TypeError;RAISE:TypeError;RAISE:TypeError;RAISE:TypeError;RAISE:TypeError;RAISE:TypeError;RAISE:TypeError;RAISE:TypeError;RAISE:TypeError;RAISE:TypeError;RAISE:TypeError;RAISE:TypeError;RAISE:TypeError;RAISE:TypeError;RAISE:TypeError;RAISE:TypeError;RAISE:TypeError;RAISE:TypeError;RAISE:TypeError;RAISE:TypeError;RAISE:NoMethodError;RAISE:NoMethodError;RAISE:NoMethodError;RAISE:NoMethodError;RAISE:NoMethodError;RAISE:NoMethodError;RAISE:NoMethodError;RAISE:NoMethodError;RAISE:NoMethodError;RAISE:NoMethodError;RAISE:NoMethodError;RAISE:NoMethodError;RAISE:NoMethodError;RAISE:NoMethodError;RAISE:NoMethodError;RAISE:NoMethodError;true;true;true;true;true;true;true;true;true;true;true;true;true;true;true;true,48,48,0,"truth/L1/6:true,false,0,1,"""",nil","fractional/L1/16:-max_finite,-1.5,-1.0,-(1.0-1ulp),-0.0,+0.0,+min_subnormal,+min_normal,1.0-1ulp,1.0,1.0+1ulp,1.5,pi,2^53,max_finite,0.1"
A12_2_1,1,whole|truth,Integer,TrueFalse,"whole/L1/17:-2^63,-2^63+1,-2^53-1,-2^31,-42,-1,0,1,7,42,1000,2^31-1,2^31,2^53-1,2^53+1,2^63-1,2^64-1","truth/L1/6:true,false,0,1,"""",nil",102,"RAISE:TypeError;RAISE:TypeError;[-1, 1.0, 63];[-1, 1.9999999999999999997831595655029, 62];RAISE:TypeError;RAISE:TypeError;RAISE:TypeError;RAISE:TypeError;[-1, 1.9999999999999999997831595655029, 62];[-1, 1.9999999999999999997831595655029, 62];RAISE:TypeError;RAISE:TypeError;RAISE:TypeError;RAISE:TypeError;[-1, 1.0000000000000001110223024625157, 53];[-1, 1.0000000000000001110223024625157, 53];RAISE:TypeError;RAISE:TypeError;RAISE:TypeError;RAISE:TypeError;[-1, 1.0, 31];[-1, 1.999999999068677425384521484375, 30];RAISE:TypeError;RAISE:TypeError;RAISE:TypeError;RAISE:TypeError;[-1, 1.3125, 5];[-1, 1.28125, 5];RAISE:TypeError;RAISE:TypeError;RAISE:TypeError;RAISE:TypeError;[-1, 1.0, 0];[-1, 1.0, 0];RAISE:TypeError;RAISE:TypeError;RAISE:TypeError;RAISE:TypeError;[1, 0.0, 0];[1, 1.0, 0];RAISE:TypeError;RAISE:TypeError;RAISE:TypeError;RAISE:TypeError;[1, 1.0, 0];[1, 1.0, 0];RAISE:TypeError;RAISE:TypeError;RAISE:TypeError;RAISE:TypeError;[1, 1.75, 2];[1, 1.75, 2];RAISE:TypeError;RAISE:TypeError;RAISE:TypeError;RAISE:TypeError;[1, 1.3125, 5];[1, 1.34375, 5];RAISE:TypeError;RAISE:TypeError;RAISE:TypeError;RAISE:TypeError;[1, 1.953125, 9];[1, 1.955078125, 9];RAISE:TypeError;RAISE:TypeError;RAISE:TypeError;RAISE:TypeError;[1, 1.999999999068677425384521484375, 30];[1, 1.999999999068677425384521484375, 30];RAISE:TypeError;RAISE:TypeError;RAISE:TypeError;RAISE:TypeError;[1, 1.0, 31];[1, 1.0000000004656612873077392578125, 31];RAISE:TypeError;RAISE:TypeError;RAISE:TypeError;RAISE:TypeError;[1, 1.9999999999999997779553950749687, 52];[1, 1.9999999999999997779553950749687, 52];RAISE:TypeError;RAISE:TypeError;RAISE:TypeError;RAISE:TypeError;[1, 1.0000000000000001110223024625157, 53];[1, 1.0000000000000001110223024625157, 53];RAISE:TypeError;RAISE:TypeError;RAISE:TypeError;RAISE:TypeError;[1, 1.9999999999999999997831595655029, 62];[1, 1.9999999999999999997831595655029, 62];RAISE:TypeError;RAISE:TypeError;RAISE:TypeError;RAISE:TypeError;[1, 1.9999999999999999998915797827514, 63];[1, 1.9999999999999999998915797827514, 63];RAISE:TypeError;RAISE:TypeError",34,68,0,"whole/L1/17:-2^63,-2^63+1,-2^53-1,-2^31,-42,-1,0,1,7,42,1000,2^31-1,2^31,2^53-1,2^53+1,2^63-1,2^64-1","truth/L1/6:true,false,0,1,"""",nil"
A12_2_2,1,whole|whole,Integer,Integer,"whole/L1/17:-2^63,-2^63+1,-2^53-1,-2^31,-42,-1,0,1,7,42,1000,2^31-1,2^31,2^53-1,2^53+1,2^63-1,2^64-1","whole/L1/17:-2^63,-2^63+1,-2^53-1,-2^31,-42,-1,0,1,7,42,1000,2^31-1,2^31,2^53-1,2^53+1,2^63-1,2^64-1",289,"[-1, 1.0, 63];[-1, 1.9999999999999999997831595655029, 62];[-1, 1.0000000000000001110223024625157, 53];[-1, 1.0, 31];[-1, 1.3125, 5];[-1, 1.0, 0];[-1, 1.0, 63];[-1, 1.9999999999999999997831595655029, 62];[-1, 1.9999999999999999984821169585203, 62];[-1, 1.9999999999999999908927017511218, 62];[-1, 1.9999999999999997831595655028991, 62];[-1, 1.9999999995343387129091011766846, 62];[-1, 1.9999999995343387126922607421875, 62];[-1, 1.9980468750000000002168404344971, 62];[-1, 1.9980468749999999997831595655029, 62];[-1, 1.0, 0];[-1, 1.0, 0];[-1, 1.9999999999999999997831595655029, 62];[-1, 1.9999999999999999997831595655029, 62];[-1, 1.0000000000000001110223024625157, 53];[-1, 1.999999999068677425384521484375, 30];[-1, 1.28125, 5];[-1, 1.0, 0];[-1, 1.9999999999999999997831595655029, 62];[-1, 1.9999999999999999997831595655029, 62];[-1, 1.9999999999999999984821169585203, 62];[-1, 1.9999999999999999906758613166247, 62];[-1, 1.999999999999999782942725068402, 62];[-1, 1.9999999995343387129091011766846, 62];[-1, 1.9999999995343387124754203076904, 62];[-1, 1.9980468750000000002168404344971, 62];[-1, 1.9980468749999999997831595655029, 62];[-1, 1.0, 0];[-1, 1.0, 0];[-1, 1.0000000000000001110223024625157, 53];[-1, 1.0000000000000001110223024625157, 53];[-1, 1.0000000000000001110223024625157, 53];[-1, 1.0, 0];[-1, 1.0, 0];[-1, 1.0, 0];[-1, 1.0000000000000001110223024625157, 53];[-1, 1.0000000000000001110223024625157, 53];[-1, 1.0000000000000001110223024625157, 53];[-1, 1.0000000000000001110223024625157, 53];[-1, 1.0000000000000001110223024625157, 53];[-1, 1.0000000000000001110223024625157, 53];[-1, 1.0000000000000001110223024625157, 53];[-1, 1.0000000000000001110223024625157, 53];[-1, 1.0, 0];[-1, 1.0, 0];[-1, 1.0, 0];[-1, 1.0, 31];[-1, 1.999999999068677425384521484375, 30];[-1, 1.0, 0];[-1, 1.0, 31];[-1, 1.3125, 5];[-1, 1.0, 0];[-1, 1.0, 31];[-1, 1.999999999068677425384521484375, 30];[-1, 1.999999993480741977691650390625, 30];[-1, 1.99999996088445186614990234375, 30];[-1, 1.999999068677425384521484375, 30];[-1, 1.0, 0];[-1, 1.0, 31];[-1, 1.0, 0];[-1, 1.999999999068677425384521484375, 30];[-1, 1.0, 0];[-1, 1.0, 0];[-1, 1.3125, 5];[-1, 1.28125, 5];[-1, 1.0, 0];[-1, 1.3125, 5];[-1, 1.3125, 5];[-1, 1.0, 0];[-1, 1.3125, 5];[-1, 1.28125, 5];[-1, 1.28125, 5];[-1, 1.0, 1];[-1, 1.0, 1];[-1, 1.0, 0];[-1, 1.3125, 5];[-1, 1.0, 0];[-1, 1.28125, 5];[-1, 1.0, 0];[-1, 1.0, 0];[-1, 1.0, 0];[-1, 1.0, 0];[-1, 1.0, 0];[-1, 1.0, 0];[-1, 1.0, 0];[-1, 1.0, 0];[-1, 1.0, 0];[-1, 1.0, 0];[-1, 1.0, 0];[-1, 1.0, 0];[-1, 1.0, 0];[-1, 1.0, 0];[-1, 1.0, 0];[-1, 1.0, 0];[-1, 1.0, 0];[-1, 1.0, 0];[-1, 1.0, 0];[-1, 1.0, 63];[-1, 1.9999999999999999997831595655029, 62];[-1, 1.0000000000000001110223024625157, 53];[-1, 1.0, 31];[-1, 1.3125, 5];[-1, 1.0, 0];[1, 0.0, 0];[1, 1.0, 0];[1, 1.75, 2];[1, 1.3125, 5];[1, 1.953125, 9];[1, 1.999999999068677425384521484375, 30];[1, 1.0, 31];[1, 1.9999999999999997779553950749687, 52];[1, 1.0000000000000001110223024625157, 53];[1, 1.9999999999999999997831595655029, 62];[1, 1.9999999999999999998915797827514, 63];[-1, 1.9999999999999999997831595655029, 62];[-1, 1.9999999999999999997831595655029, 62];[-1, 1.0000000000000001110223024625157, 53];[-1, 1.999999999068677425384521484375, 30];[-1, 1.28125, 5];[-1, 1.0, 0];[1, 1.0, 0];[1, 1.0, 0];[1, 1.75, 2];[1, 1.34375, 5];[1, 1.955078125, 9];[1, 1.999999999068677425384521484375, 30];[1, 1.0000000004656612873077392578125, 31];[1, 1.9999999999999997779553950749687, 52];[1, 1.0000000000000001110223024625157, 53];[1, 1.9999999999999999997831595655029, 62];[1, 1.9999999999999999998915797827514, 63];[-1, 1.9999999999999999984821169585203, 62];[-1, 1.9999999999999999984821169585203, 62];[-1, 1.0000000000000001110223024625157, 53];[-1, 1.999999993480741977691650390625, 30];[-1, 1.28125, 5];[-1, 1.0, 0];[1, 1.75, 2];[1, 1.75, 2];[1, 1.75, 2];[1, 1.46875, 5];[1, 1.966796875, 9];[1, 1.999999999068677425384521484375, 30];[1, 1.0000000032596290111541748046875, 31];[1, 1.9999999999999997779553950749687, 52];[1, 1.0000000000000007771561172376096, 53];[1, 1.9999999999999999997831595655029, 62];[1, 1.9999999999999999998915797827514, 63];[-1, 1.9999999999999999908927017511218, 62];[-1, 1.9999999999999999906758613166247, 62];[-1, 1.0000000000000001110223024625157, 53];[-1, 1.99999996088445186614990234375, 30];[-1, 1.0, 1];[-1, 1.0, 0];[1, 1.3125, 5];[1, 1.34375, 5];[1, 1.46875, 5];[1, 1.3125, 5];[1, 1.95703125, 9];[1, 1.999999999068677425384521484375, 30];[1, 1.000000019557774066925048828125, 31];[1, 1.9999999999999997779553950749687, 52];[1, 1.0000000000000047739590058881731, 53];[1, 1.9999999999999999997831595655029, 62];[1, 1.9999999999999999998915797827514, 63];[-1, 1.9999999999999997831595655028991, 62];[-1, 1.999999999999999782942725068402, 62];[-1, 1.0000000000000001110223024625157, 53];[-1, 1.999999068677425384521484375, 30];[-1, 1.0, 1];[-1, 1.0, 0];[1, 1.953125, 9];[1, 1.955078125, 9];[1, 1.966796875, 9];[1, 1.95703125, 9];[1, 1.953125, 9];[1, 1.999999999068677425384521484375, 30];[1, 1.0000004656612873077392578125, 31];[1, 1.9999999999999997779553950749687, 52];[1, 1.0000000000001111333247649781697, 53];[1, 1.9999999999999999997831595655029, 62];[1, 1.9999999999999999998915797827514, 63];[-1, 1.9999999995343387129091011766846, 62];[-1, 1.9999999995343387129091011766846, 62];[-1, 1.0000000000000001110223024625157, 53];[-1, 1.0, 0];[-1, 1.0, 0];[-1, 1.0, 0];[1, 1.999999999068677425384521484375, 30];[1, 1.999999999068677425384521484375, 30];[1, 1.999999999068677425384521484375, 30];[1, 1.999999999068677425384521484375, 30];[1, 1.999999999068677425384521484375, 30];[1, 1.999999999068677425384521484375, 30];[1, 1.9999999995343387126922607421875, 31];[1, 1.9999999999999997779553950749687, 52];[1, 1.0000002384185789905401975374843, 53];[1, 1.9999999999999999997831595655029, 62];[1, 1.9999999999999999998915797827514, 63];[-1, 1.9999999995343387126922607421875, 62];[-1, 1.9999999995343387124754203076904, 62];[-1, 1.0000000000000001110223024625157, 53];[-1, 1.0, 31];[-1, 1.3125, 5];[-1, 1.0, 0];[1, 1.0, 31];[1, 1.0000000004656612873077392578125, 31];[1, 1.0000000032596290111541748046875, 31];[1, 1.000000019557774066925048828125, 31];[1, 1.0000004656612873077392578125, 31];[1, 1.9999999995343387126922607421875, 31];[1, 1.0, 31];[1, 1.9999999999999997779553950749687, 52];[1, 1.0000002384185792125848024625157, 53];[1, 1.9999999999999999997831595655029, 62];[1, 1.9999999999999999998915797827514, 63];[-1, 1.9980468750000000002168404344971, 62];[-1, 1.9980468750000000002168404344971, 62];[-1, 1.0000000000000001110223024625157, 53];[-1, 1.0, 0];[-1, 1.0, 0];[-1, 1.0, 0];[1, 1.9999999999999997779553950749687, 52];[1, 1.9999999999999997779553950749687, 52];[1, 1.9999999999999997779553950749687, 52];[1, 1.9999999999999997779553950749687, 52];[1, 1.9999999999999997779553950749687, 52];[1, 1.9999999999999997779553950749687, 52];[1, 1.9999999999999997779553950749687, 52];[1, 1.9999999999999997779553950749687, 52];[1, 1.9999999999999998889776975374843, 53];[1, 1.9999999999999999997831595655029, 62];[1, 1.9999999999999999998915797827514, 63];[-1, 1.9980468749999999997831595655029, 62];[-1, 1.9980468749999999997831595655029, 62];[-1, 1.0, 0];[-1, 1.999999999068677425384521484375, 30];[-1, 1.28125, 5];[-1, 1.0, 0];[1, 1.0000000000000001110223024625157, 53];[1, 1.0000000000000001110223024625157, 53];[1, 1.0000000000000007771561172376096, 53];[1, 1.0000000000000047739590058881731, 53];[1, 1.0000000000001111333247649781697, 53];[1, 1.0000002384185789905401975374843, 53];[1, 1.0000002384185792125848024625157, 53];[1, 1.9999999999999998889776975374843, 53];[1, 1.0000000000000001110223024625157, 53];[1, 1.9999999999999999997831595655029, 62];[1, 1.9999999999999999998915797827514, 63];[-1, 1.0, 0];[-1, 1.0, 0];[-1, 1.0, 0];[-1, 1.0, 0];[-1, 1.0, 0];[-1, 1.0, 0];[1, 1.9999999999999999997831595655029, 62];[1, 1.9999999999999999997831595655029, 62];[1, 1.9999999999999999997831595655029, 62];[1, 1.9999999999999999997831595655029, 62];[1, 1.9999999999999999997831595655029, 62];[1, 1.9999999999999999997831595655029, 62];[1, 1.9999999999999999997831595655029, 62];[1, 1.9999999999999999997831595655029, 62];[1, 1.9999999999999999997831595655029, 62];[1, 1.9999999999999999997831595655029, 62];[1, 1.9999999999999999998915797827514, 63];[-1, 1.0, 0];[-1, 1.0, 0];[-1, 1.0, 0];[-1, 1.0, 0];[-1, 1.0, 0];[-1, 1.0, 0];[1, 1.9999999999999999998915797827514, 63];[1, 1.9999999999999999998915797827514, 63];[1, 1.9999999999999999998915797827514, 63];[1, 1.9999999999999999998915797827514, 63];[1, 1.9999999999999999998915797827514, 63];[1, 1.9999999999999999998915797827514, 63];[1, 1.9999999999999999998915797827514, 63];[1, 1.9999999999999999998915797827514, 63];[1, 1.9999999999999999998915797827514, 63];[1, 1.9999999999999999998915797827514, 63];[1, 1.9999999999999999998915797827514, 63]",289,0,0,"whole/L1/17:-2^63,-2^63+1,-2^53-1,-2^31,-42,-1,0,1,7,42,1000,2^31-1,2^31,2^53-1,2^53+1,2^63-1,2^64-1","whole/L1/17:-2^63,-2^63+1,-2^53-1,-2^31,-42,-1,0,1,7,42,1000,2^31-1,2^31,2^53-1,2^53+1,2^63-1,2^64-1"
A12_2_3,1,whole|whole,Integer,Rational,"whole/L1/17:-2^63,-2^63+1,-2^53-1,-2^31,-42,-1,0,1,7,42,1000,2^31-1,2^31,2^53-1,2^53+1,2^63-1,2^64-1","whole/L1/17:-2^63,-2^63+1,-2^53-1,-2^31,-42,-1,0,1,7,42,1000,2^31-1,2^31,2^53-1,2^53+1,2^63-1,2^64-1",289,RAISE:TypeError;RAISE:TypeError;RAISE:TypeError;RAISE:TypeError;RAISE:TypeError;RAISE:TypeError;RAISE:TypeError;RAISE:TypeError;RAISE:TypeError;RAISE:TypeError;RAISE:TypeError;RAISE:TypeError;RAISE:TypeError;RAISE:TypeError;RAISE:TypeError;RAISE:TypeError;RAISE:TypeError;RAISE:TypeError;RAISE:TypeError;RAISE:TypeError;RAISE:TypeError;RAISE:TypeError;RAISE:TypeError;RAISE:TypeError;RAISE:TypeError;RAISE:TypeError;RAISE:TypeError;RAISE:TypeError;RAISE:TypeError;RAISE:TypeError;RAISE:TypeError;RAISE:TypeError;RAISE:TypeError;RAISE:TypeError;RAISE:TypeError;RAISE:TypeError;RAISE:TypeError;RAISE:TypeError;RAISE:TypeError;RAISE:TypeError;RAISE:TypeError;RAISE:TypeError;RAISE:TypeError;RAISE:TypeError;RAISE:TypeError;RAISE:TypeError;RAISE:TypeError;RAISE:TypeError;RAISE:TypeError;RAISE:TypeError;RAISE:TypeError;RAISE:TypeError;RAISE:TypeError;RAISE:TypeError;RAISE:TypeError;RAISE:TypeError;RAISE:TypeError;RAISE:TypeError;RAISE:TypeError;RAISE:TypeError;RAISE:TypeError;RAISE:TypeError;RAISE:TypeError;RAISE:TypeError;RAISE:TypeError;RAISE:TypeError;RAISE:TypeError;RAISE:TypeError;RAISE:TypeError;RAISE:TypeError;RAISE:TypeError;RAISE:TypeError;RAISE:TypeError;RAISE:TypeError;RAISE:TypeError;RAISE:TypeError;RAISE:TypeError;RAISE:TypeError;RAISE:TypeError;RAISE:TypeError;RAISE:TypeError;RAISE:TypeError;RAISE:TypeError;RAISE:TypeError;RAISE:TypeError;RAISE:TypeError;RAISE:TypeError;RAISE:TypeError;RAISE:TypeError;RAISE:TypeError;RAISE:TypeError;RAISE:TypeError;RAISE:TypeError;RAISE:TypeError;RAISE:TypeError;RAISE:TypeError;RAISE:TypeError;RAISE:TypeError;RAISE:TypeError;RAISE:TypeError;RAISE:TypeError;RAISE:TypeError;RAISE:TypeError;RAISE:TypeError;RAISE:TypeError;RAISE:TypeError;RAISE:TypeError;RAISE:TypeError;RAISE:TypeError;RAISE:TypeError;RAISE:TypeError;RAISE:TypeError;RAISE:TypeError;RAISE:TypeError;RAISE:TypeError;RAISE:TypeError;RAISE:TypeError;RAISE:TypeError;RAISE:TypeError;RAISE:TypeError;RAISE:TypeError;RAISE:TypeError;RAISE:TypeError;RAISE:TypeError;RAISE:TypeError;RAISE:TypeError;RAISE:TypeError;RAISE:TypeError;RAISE:TypeError;RAISE:TypeError;RAISE:TypeError;RAISE:TypeError;RAISE:TypeError;RAISE:TypeError;RAISE:TypeError;RAISE:TypeError;RAISE:TypeError;RAISE:TypeError;RAISE:TypeError;RAISE:TypeError;RAISE:TypeError;RAISE:TypeError;RAISE:TypeError;RAISE:TypeError;RAISE:TypeError;RAISE:TypeError;RAISE:TypeError;RAISE:TypeError;RAISE:TypeError;RAISE:TypeError;RAISE:TypeError;RAISE:TypeError;RAISE:TypeError;RAISE:TypeError;RAISE:TypeError;RAISE:TypeError;RAISE:TypeError;RAISE:TypeError;RAISE:TypeError;RAISE:TypeError;RAISE:TypeError;RAISE:TypeError;RAISE:TypeError;RAISE:TypeError;RAISE:TypeError;RAISE:TypeError;RAISE:TypeError;RAISE:TypeError;RAISE:TypeError;RAISE:TypeError;RAISE:TypeError;RAISE:TypeError;RAISE:TypeError;RAISE:TypeError;RAISE:TypeError;RAISE:TypeError;RAISE:TypeError;RAISE:TypeError;RAISE:TypeError;RAISE:TypeError;RAISE:TypeError;RAISE:TypeError;RAISE:TypeError;RAISE:TypeError;RAISE:TypeError;RAISE:TypeError;RAISE:TypeError;RAISE:TypeError;RAISE:TypeError;RAISE:TypeError;RAISE:TypeError;RAISE:TypeError;RAISE:TypeError;RAISE:TypeError;RAISE:TypeError;RAISE:TypeError;RAISE:TypeError;RAISE:TypeError;RAISE:TypeError;RAISE:TypeError;RAISE:TypeError;RAISE:TypeError;RAISE:TypeError;RAISE:TypeError;RAISE:TypeError;RAISE:TypeError;RAISE:TypeError;RAISE:TypeError;RAISE:TypeError;RAISE:TypeError;RAISE:TypeError;RAISE:TypeError;RAISE:TypeError;RAISE:TypeError;RAISE:TypeError;RAISE:TypeError;RAISE:TypeError;RAISE:TypeError;RAISE:TypeError;RAISE:TypeError;RAISE:TypeError;RAISE:TypeError;RAISE:TypeError;RAISE:TypeError;RAISE:TypeError;RAISE:TypeError;RAISE:TypeError;RAISE:TypeError;RAISE:TypeError;RAISE:TypeError;RAISE:TypeError;RAISE:TypeError;RAISE:TypeError;RAISE:TypeError;RAISE:TypeError;RAISE:TypeError;RAISE:TypeError;RAISE:TypeError;RAISE:TypeError;RAISE:TypeError;RAISE:TypeError;RAISE:TypeError;RAISE:TypeError;RAISE:TypeError;RAISE:TypeError;RAISE:TypeError;RAISE:TypeError;RAISE:TypeError;RAISE:TypeError;RAISE:TypeError;RAISE:TypeError;RAISE:TypeError;RAISE:TypeError;RAISE:TypeError;RAISE:TypeError;RAISE:TypeError;RAISE:TypeError;RAISE:TypeError;RAISE:TypeError;RAISE:TypeError;RAISE:TypeError;RAISE:TypeError;RAISE:TypeError;RAISE:TypeError;RAISE:TypeError;RAISE:TypeError;RAISE:TypeError;RAISE:TypeError;RAISE:TypeError;RAISE:TypeError;RAISE:TypeError;RAISE:TypeError;RAISE:TypeError;RAISE:TypeError;RAISE:TypeError;RAISE:TypeError;RAISE:TypeError;RAISE:TypeError;RAISE:TypeError;RAISE:TypeError;RAISE:TypeError;RAISE:TypeError;RAISE:TypeError;RAISE:TypeError;RAISE:TypeError;RAISE:TypeError;RAISE:TypeError;RAISE:TypeError;RAISE:TypeError,0,289,0,"whole/L1/17:-2^63,-2^63+1,-2^53-1,-2^31,-42,-1,0,1,7,42,1000,2^31-1,2^31,2^53-1,2^53+1,2^63-1,2^64-1","whole/L1/17:-2^63,-2^63+1,-2^53-1,-2^31,-42,-1,0,1,7,42,1000,2^31-1,2^31,2^53-1,2^53+1,2^63-1,2^64-1"
A12_2_4,1,whole|whole,Integer,BigDecimal,"whole/L1/17:-2^63,-2^63+1,-2^53-1,-2^31,-42,-1,0,1,7,42,1000,2^31-1,2^31,2^53-1,2^53+1,2^63-1,2^64-1","whole/L1/17:-2^63,-2^63+1,-2^53-1,-2^31,-42,-1,0,1,7,42,1000,2^31-1,2^31,2^53-1,2^53+1,2^63-1,2^64-1",289,RAISE:TypeError;RAISE:TypeError;RAISE:TypeError;RAISE:TypeError;RAISE:TypeError;RAISE:TypeError;RAISE:TypeError;RAISE:TypeError;RAISE:TypeError;RAISE:TypeError;RAISE:TypeError;RAISE:TypeError;RAISE:TypeError;RAISE:TypeError;RAISE:TypeError;RAISE:TypeError;RAISE:TypeError;RAISE:TypeError;RAISE:TypeError;RAISE:TypeError;RAISE:TypeError;RAISE:TypeError;RAISE:TypeError;RAISE:TypeError;RAISE:TypeError;RAISE:TypeError;RAISE:TypeError;RAISE:TypeError;RAISE:TypeError;RAISE:TypeError;RAISE:TypeError;RAISE:TypeError;RAISE:TypeError;RAISE:TypeError;RAISE:TypeError;RAISE:TypeError;RAISE:TypeError;RAISE:TypeError;RAISE:TypeError;RAISE:TypeError;RAISE:TypeError;RAISE:TypeError;RAISE:TypeError;RAISE:TypeError;RAISE:TypeError;RAISE:TypeError;RAISE:TypeError;RAISE:TypeError;RAISE:TypeError;RAISE:TypeError;RAISE:TypeError;RAISE:TypeError;RAISE:TypeError;RAISE:TypeError;RAISE:TypeError;RAISE:TypeError;RAISE:TypeError;RAISE:TypeError;RAISE:TypeError;RAISE:TypeError;RAISE:TypeError;RAISE:TypeError;RAISE:TypeError;RAISE:TypeError;RAISE:TypeError;RAISE:TypeError;RAISE:TypeError;RAISE:TypeError;RAISE:TypeError;RAISE:TypeError;RAISE:TypeError;RAISE:TypeError;RAISE:TypeError;RAISE:TypeError;RAISE:TypeError;RAISE:TypeError;RAISE:TypeError;RAISE:TypeError;RAISE:TypeError;RAISE:TypeError;RAISE:TypeError;RAISE:TypeError;RAISE:TypeError;RAISE:TypeError;RAISE:TypeError;RAISE:TypeError;RAISE:TypeError;RAISE:TypeError;RAISE:TypeError;RAISE:TypeError;RAISE:TypeError;RAISE:TypeError;RAISE:TypeError;RAISE:TypeError;RAISE:TypeError;RAISE:TypeError;RAISE:TypeError;RAISE:TypeError;RAISE:TypeError;RAISE:TypeError;RAISE:TypeError;RAISE:TypeError;RAISE:TypeError;RAISE:TypeError;RAISE:TypeError;RAISE:TypeError;RAISE:TypeError;RAISE:TypeError;RAISE:TypeError;RAISE:TypeError;RAISE:TypeError;RAISE:TypeError;RAISE:TypeError;RAISE:TypeError;RAISE:TypeError;RAISE:TypeError;RAISE:TypeError;RAISE:TypeError;RAISE:TypeError;RAISE:TypeError;RAISE:TypeError;RAISE:TypeError;RAISE:TypeError;RAISE:TypeError;RAISE:TypeError;RAISE:TypeError;RAISE:TypeError;RAISE:TypeError;RAISE:TypeError;RAISE:TypeError;RAISE:TypeError;RAISE:TypeError;RAISE:TypeError;RAISE:TypeError;RAISE:TypeError;RAISE:TypeError;RAISE:TypeError;RAISE:TypeError;RAISE:TypeError;RAISE:TypeError;RAISE:TypeError;RAISE:TypeError;RAISE:TypeError;RAISE:TypeError;RAISE:TypeError;RAISE:TypeError;RAISE:TypeError;RAISE:TypeError;RAISE:TypeError;RAISE:TypeError;RAISE:TypeError;RAISE:TypeError;RAISE:TypeError;RAISE:TypeError;RAISE:TypeError;RAISE:TypeError;RAISE:TypeError;RAISE:TypeError;RAISE:TypeError;RAISE:TypeError;RAISE:TypeError;RAISE:TypeError;RAISE:TypeError;RAISE:TypeError;RAISE:TypeError;RAISE:TypeError;RAISE:TypeError;RAISE:TypeError;RAISE:TypeError;RAISE:TypeError;RAISE:TypeError;RAISE:TypeError;RAISE:TypeError;RAISE:TypeError;RAISE:TypeError;RAISE:TypeError;RAISE:TypeError;RAISE:TypeError;RAISE:TypeError;RAISE:TypeError;RAISE:TypeError;RAISE:TypeError;RAISE:TypeError;RAISE:TypeError;RAISE:TypeError;RAISE:TypeError;RAISE:TypeError;RAISE:TypeError;RAISE:TypeError;RAISE:TypeError;RAISE:TypeError;RAISE:TypeError;RAISE:TypeError;RAISE:TypeError;RAISE:TypeError;RAISE:TypeError;RAISE:TypeError;RAISE:TypeError;RAISE:TypeError;RAISE:TypeError;RAISE:TypeError;RAISE:TypeError;RAISE:TypeError;RAISE:TypeError;RAISE:TypeError;RAISE:TypeError;RAISE:TypeError;RAISE:TypeError;RAISE:TypeError;RAISE:TypeError;RAISE:TypeError;RAISE:TypeError;RAISE:TypeError;RAISE:TypeError;RAISE:TypeError;RAISE:TypeError;RAISE:TypeError;RAISE:TypeError;RAISE:TypeError;RAISE:TypeError;RAISE:TypeError;RAISE:TypeError;RAISE:TypeError;RAISE:TypeError;RAISE:TypeError;RAISE:TypeError;RAISE:TypeError;RAISE:TypeError;RAISE:TypeError;RAISE:TypeError;RAISE:TypeError;RAISE:TypeError;RAISE:TypeError;RAISE:TypeError;RAISE:TypeError;RAISE:TypeError;RAISE:TypeError;RAISE:TypeError;RAISE:TypeError;RAISE:TypeError;RAISE:TypeError;RAISE:TypeError;RAISE:TypeError;RAISE:TypeError;RAISE:TypeError;RAISE:TypeError;RAISE:TypeError;RAISE:TypeError;RAISE:TypeError;RAISE:TypeError;RAISE:TypeError;RAISE:TypeError;RAISE:TypeError;RAISE:TypeError;RAISE:TypeError;RAISE:TypeError;RAISE:TypeError;RAISE:TypeError;RAISE:TypeError;RAISE:TypeError;RAISE:TypeError;RAISE:TypeError;RAISE:TypeError;RAISE:TypeError;RAISE:TypeError;RAISE:TypeError;RAISE:TypeError;RAISE:TypeError;RAISE:TypeError;RAISE:TypeError;RAISE:TypeError;RAISE:TypeError;RAISE:TypeError;RAISE:TypeError;RAISE:TypeError;RAISE:TypeError;RAISE:TypeError;RAISE:TypeError;RAISE:TypeError;RAISE:TypeError;RAISE:TypeError;RAISE:TypeError;RAISE:TypeError;RAISE:TypeError;RAISE:TypeError;RAISE:TypeError;RAISE:TypeError;RAISE:TypeError;RAISE:TypeError,0,289,0,"whole/L1/17:-2^63,-2^63+1,-2^53-1,-2^31,-42,-1,0,1,7,42,1000,2^31-1,2^31,2^53-1,2^53+1,2^63-1,2^64-1","whole/L1/17:-2^63,-2^63+1,-2^53-1,-2^31,-42,-1,0,1,7,42,1000,2^31-1,2^31,2^53-1,2^53+1,2^63-1,2^64-1"
A12_2_5,1,whole|fractional,Integer,Float,"whole/L1/17:-2^63,-2^63+1,-2^53-1,-2^31,-42,-1,0,1,7,42,1000,2^31-1,2^31,2^53-1,2^53+1,2^63-1,2^64-1","fractional/L1/16:-max_finite,-1.5,-1.0,-(1.0-1ulp),-0.0,+0.0,+min_subnormal,+min_normal,1.0-1ulp,1.0,1.0+1ulp,1.5,pi,2^53,max_finite,0.1",272,RAISE:TypeError;RAISE:TypeError;RAISE:TypeError;RAISE:TypeError;RAISE:TypeError;RAISE:TypeError;RAISE:TypeError;RAISE:TypeError;RAISE:TypeError;RAISE:TypeError;RAISE:TypeError;RAISE:TypeError;RAISE:TypeError;RAISE:TypeError;RAISE:TypeError;RAISE:TypeError;RAISE:TypeError;RAISE:TypeError;RAISE:TypeError;RAISE:TypeError;RAISE:TypeError;RAISE:TypeError;RAISE:TypeError;RAISE:TypeError;RAISE:TypeError;RAISE:TypeError;RAISE:TypeError;RAISE:TypeError;RAISE:TypeError;RAISE:TypeError;RAISE:TypeError;RAISE:TypeError;RAISE:TypeError;RAISE:TypeError;RAISE:TypeError;RAISE:TypeError;RAISE:TypeError;RAISE:TypeError;RAISE:TypeError;RAISE:TypeError;RAISE:TypeError;RAISE:TypeError;RAISE:TypeError;RAISE:TypeError;RAISE:TypeError;RAISE:TypeError;RAISE:TypeError;RAISE:TypeError;RAISE:TypeError;RAISE:TypeError;RAISE:TypeError;RAISE:TypeError;RAISE:TypeError;RAISE:TypeError;RAISE:TypeError;RAISE:TypeError;RAISE:TypeError;RAISE:TypeError;RAISE:TypeError;RAISE:TypeError;RAISE:TypeError;RAISE:TypeError;RAISE:TypeError;RAISE:TypeError;RAISE:TypeError;RAISE:TypeError;RAISE:TypeError;RAISE:TypeError;RAISE:TypeError;RAISE:TypeError;RAISE:TypeError;RAISE:TypeError;RAISE:TypeError;RAISE:TypeError;RAISE:TypeError;RAISE:TypeError;RAISE:TypeError;RAISE:TypeError;RAISE:TypeError;RAISE:TypeError;RAISE:TypeError;RAISE:TypeError;RAISE:TypeError;RAISE:TypeError;RAISE:TypeError;RAISE:TypeError;RAISE:TypeError;RAISE:TypeError;RAISE:TypeError;RAISE:TypeError;RAISE:TypeError;RAISE:TypeError;RAISE:TypeError;RAISE:TypeError;RAISE:TypeError;RAISE:TypeError;RAISE:TypeError;RAISE:TypeError;RAISE:TypeError;RAISE:TypeError;RAISE:TypeError;RAISE:TypeError;RAISE:TypeError;RAISE:TypeError;RAISE:TypeError;RAISE:TypeError;RAISE:TypeError;RAISE:TypeError;RAISE:TypeError;RAISE:TypeError;RAISE:TypeError;RAISE:TypeError;RAISE:TypeError;RAISE:TypeError;RAISE:TypeError;RAISE:TypeError;RAISE:TypeError;RAISE:TypeError;RAISE:TypeError;RAISE:TypeError;RAISE:TypeError;RAISE:TypeError;RAISE:TypeError;RAISE:TypeError;RAISE:TypeError;RAISE:TypeError;RAISE:TypeError;RAISE:TypeError;RAISE:TypeError;RAISE:TypeError;RAISE:TypeError;RAISE:TypeError;RAISE:TypeError;RAISE:TypeError;RAISE:TypeError;RAISE:TypeError;RAISE:TypeError;RAISE:TypeError;RAISE:TypeError;RAISE:TypeError;RAISE:TypeError;RAISE:TypeError;RAISE:TypeError;RAISE:TypeError;RAISE:TypeError;RAISE:TypeError;RAISE:TypeError;RAISE:TypeError;RAISE:TypeError;RAISE:TypeError;RAISE:TypeError;RAISE:TypeError;RAISE:TypeError;RAISE:TypeError;RAISE:TypeError;RAISE:TypeError;RAISE:TypeError;RAISE:TypeError;RAISE:TypeError;RAISE:TypeError;RAISE:TypeError;RAISE:TypeError;RAISE:TypeError;RAISE:TypeError;RAISE:TypeError;RAISE:TypeError;RAISE:TypeError;RAISE:TypeError;RAISE:TypeError;RAISE:TypeError;RAISE:TypeError;RAISE:TypeError;RAISE:TypeError;RAISE:TypeError;RAISE:TypeError;RAISE:TypeError;RAISE:TypeError;RAISE:TypeError;RAISE:TypeError;RAISE:TypeError;RAISE:TypeError;RAISE:TypeError;RAISE:TypeError;RAISE:TypeError;RAISE:TypeError;RAISE:TypeError;RAISE:TypeError;RAISE:TypeError;RAISE:TypeError;RAISE:TypeError;RAISE:TypeError;RAISE:TypeError;RAISE:TypeError;RAISE:TypeError;RAISE:TypeError;RAISE:TypeError;RAISE:TypeError;RAISE:TypeError;RAISE:TypeError;RAISE:TypeError;RAISE:TypeError;RAISE:TypeError;RAISE:TypeError;RAISE:TypeError;RAISE:TypeError;RAISE:TypeError;RAISE:TypeError;RAISE:TypeError;RAISE:TypeError;RAISE:TypeError;RAISE:TypeError;RAISE:TypeError;RAISE:TypeError;RAISE:TypeError;RAISE:TypeError;RAISE:TypeError;RAISE:TypeError;RAISE:TypeError;RAISE:TypeError;RAISE:TypeError;RAISE:TypeError;RAISE:TypeError;RAISE:TypeError;RAISE:TypeError;RAISE:TypeError;RAISE:TypeError;RAISE:TypeError;RAISE:TypeError;RAISE:TypeError;RAISE:TypeError;RAISE:TypeError;RAISE:TypeError;RAISE:TypeError;RAISE:TypeError;RAISE:TypeError;RAISE:TypeError;RAISE:TypeError;RAISE:TypeError;RAISE:TypeError;RAISE:TypeError;RAISE:TypeError;RAISE:TypeError;RAISE:TypeError;RAISE:TypeError;RAISE:TypeError;RAISE:TypeError;RAISE:TypeError;RAISE:TypeError;RAISE:TypeError;RAISE:TypeError;RAISE:TypeError;RAISE:TypeError;RAISE:TypeError;RAISE:TypeError;RAISE:TypeError;RAISE:TypeError;RAISE:TypeError;RAISE:TypeError;RAISE:TypeError;RAISE:TypeError;RAISE:TypeError;RAISE:TypeError;RAISE:TypeError;RAISE:TypeError;RAISE:TypeError;RAISE:TypeError;RAISE:TypeError;RAISE:TypeError;RAISE:TypeError;RAISE:TypeError;RAISE:TypeError;RAISE:TypeError,0,272,0,"whole/L1/17:-2^63,-2^63+1,-2^53-1,-2^31,-42,-1,0,1,7,42,1000,2^31-1,2^31,2^53-1,2^53+1,2^63-1,2^64-1","fractional/L1/16:-max_finite,-1.5,-1.0,-(1.0-1ulp),-0.0,+0.0,+min_subnormal,+min_normal,1.0-1ulp,1.0,1.0+1ulp,1.5,pi,2^53,max_finite,0.1"
A12_2_6,1,whole|fractional,Integer,Rational,"whole/L1/17:-2^63,-2^63+1,-2^53-1,-2^31,-42,-1,0,1,7,42,1000,2^31-1,2^31,2^53-1,2^53+1,2^63-1,2^64-1","fractional/L1/16:-max_finite,-1.5,-1.0,-(1.0-1ulp),-0.0,+0.0,+min_subnormal,+min_normal,1.0-1ulp,1.0,1.0+1ulp,1.5,pi,2^53,max_finite,0.1",272,RAISE:TypeError;RAISE:TypeError;RAISE:TypeError;RAISE:TypeError;UNREPRESENTABLE;RAISE:TypeError;RAISE:TypeError;RAISE:TypeError;RAISE:TypeError;RAISE:TypeError;RAISE:TypeError;RAISE:TypeError;RAISE:TypeError;RAISE:TypeError;RAISE:TypeError;RAISE:TypeError;RAISE:TypeError;RAISE:TypeError;RAISE:TypeError;RAISE:TypeError;UNREPRESENTABLE;RAISE:TypeError;RAISE:TypeError;RAISE:TypeError;RAISE:TypeError;RAISE:TypeError;RAISE:TypeError;RAISE:TypeError;RAISE:TypeError;RAISE:TypeError;RAISE:TypeError;RAISE:TypeError;RAISE:TypeError;RAISE:TypeError;RAISE:TypeError;RAISE:TypeError;UNREPRESENTABLE;RAISE:TypeError;RAISE:TypeError;RAISE:TypeError;RAISE:TypeError;RAISE:TypeError;RAISE:TypeError;RAISE:TypeError;RAISE:TypeError;RAISE:TypeError;RAISE:TypeError;RAISE:TypeError;RAISE:TypeError;RAISE:TypeError;RAISE:TypeError;RAISE:TypeError;UNREPRESENTABLE;RAISE:TypeError;RAISE:TypeError;RAISE:TypeError;RAISE:TypeError;RAISE:TypeError;RAISE:TypeError;RAISE:TypeError;RAISE:TypeError;RAISE:TypeError;RAISE:TypeError;RAISE:TypeError;RAISE:TypeError;RAISE:TypeError;RAISE:TypeError;RAISE:TypeError;UNREPRESENTABLE;RAISE:TypeError;RAISE:TypeError;RAISE:TypeError;RAISE:TypeError;RAISE:TypeError;RAISE:TypeError;RAISE:TypeError;RAISE:TypeError;RAISE:TypeError;RAISE:TypeError;RAISE:TypeError;RAISE:TypeError;RAISE:TypeError;RAISE:TypeError;RAISE:TypeError;UNREPRESENTABLE;RAISE:TypeError;RAISE:TypeError;RAISE:TypeError;RAISE:TypeError;RAISE:TypeError;RAISE:TypeError;RAISE:TypeError;RAISE:TypeError;RAISE:TypeError;RAISE:TypeError;RAISE:TypeError;RAISE:TypeError;RAISE:TypeError;RAISE:TypeError;RAISE:TypeError;UNREPRESENTABLE;RAISE:TypeError;RAISE:TypeError;RAISE:TypeError;RAISE:TypeError;RAISE:TypeError;RAISE:TypeError;RAISE:TypeError;RAISE:TypeError;RAISE:TypeError;RAISE:TypeError;RAISE:TypeError;RAISE:TypeError;RAISE:TypeError;RAISE:TypeError;RAISE:TypeError;UNREPRESENTABLE;RAISE:TypeError;RAISE:TypeError;RAISE:TypeError;RAISE:TypeError;RAISE:TypeError;RAISE:TypeError;RAISE:TypeError;RAISE:TypeError;RAISE:TypeError;RAISE:TypeError;RAISE:TypeError;RAISE:TypeError;RAISE:TypeError;RAISE:TypeError;RAISE:TypeError;UNREPRESENTABLE;RAISE:TypeError;RAISE:TypeError;RAISE:TypeError;RAISE:TypeError;RAISE:TypeError;RAISE:TypeError;RAISE:TypeError;RAISE:TypeError;RAISE:TypeError;RAISE:TypeError;RAISE:TypeError;RAISE:TypeError;RAISE:TypeError;RAISE:TypeError;RAISE:TypeError;UNREPRESENTABLE;RAISE:TypeError;RAISE:TypeError;RAISE:TypeError;RAISE:TypeError;RAISE:TypeError;RAISE:TypeError;RAISE:TypeError;RAISE:TypeError;RAISE:TypeError;RAISE:TypeError;RAISE:TypeError;RAISE:TypeError;RAISE:TypeError;RAISE:TypeError;RAISE:TypeError;UNREPRESENTABLE;RAISE:TypeError;RAISE:TypeError;RAISE:TypeError;RAISE:TypeError;RAISE:TypeError;RAISE:TypeError;RAISE:TypeError;RAISE:TypeError;RAISE:TypeError;RAISE:TypeError;RAISE:TypeError;RAISE:TypeError;RAISE:TypeError;RAISE:TypeError;RAISE:TypeError;UNREPRESENTABLE;RAISE:TypeError;RAISE:TypeError;RAISE:TypeError;RAISE:TypeError;RAISE:TypeError;RAISE:TypeError;RAISE:TypeError;RAISE:TypeError;RAISE:TypeError;RAISE:TypeError;RAISE:TypeError;RAISE:TypeError;RAISE:TypeError;RAISE:TypeError;RAISE:TypeError;UNREPRESENTABLE;RAISE:TypeError;RAISE:TypeError;RAISE:TypeError;RAISE:TypeError;RAISE:TypeError;RAISE:TypeError;RAISE:TypeError;RAISE:TypeError;RAISE:TypeError;RAISE:TypeError;RAISE:TypeError;RAISE:TypeError;RAISE:TypeError;RAISE:TypeError;RAISE:TypeError;UNREPRESENTABLE;RAISE:TypeError;RAISE:TypeError;RAISE:TypeError;RAISE:TypeError;RAISE:TypeError;RAISE:TypeError;RAISE:TypeError;RAISE:TypeError;RAISE:TypeError;RAISE:TypeError;RAISE:TypeError;RAISE:TypeError;RAISE:TypeError;RAISE:TypeError;RAISE:TypeError;UNREPRESENTABLE;RAISE:TypeError;RAISE:TypeError;RAISE:TypeError;RAISE:TypeError;RAISE:TypeError;RAISE:TypeError;RAISE:TypeError;RAISE:TypeError;RAISE:TypeError;RAISE:TypeError;RAISE:TypeError;RAISE:TypeError;RAISE:TypeError;RAISE:TypeError;RAISE:TypeError;UNREPRESENTABLE;RAISE:TypeError;RAISE:TypeError;RAISE:TypeError;RAISE:TypeError;RAISE:TypeError;RAISE:TypeError;RAISE:TypeError;RAISE:TypeError;RAISE:TypeError;RAISE:TypeError;RAISE:TypeError;RAISE:TypeError;RAISE:TypeError;RAISE:TypeError;RAISE:TypeError;UNREPRESENTABLE;RAISE:TypeError;RAISE:TypeError;RAISE:TypeError;RAISE:TypeError;RAISE:TypeError;RAISE:TypeError;RAISE:TypeError;RAISE:TypeError;RAISE:TypeError;RAISE:TypeError;RAISE:TypeError,0,255,17,"whole/L1/17:-2^63,-2^63+1,-2^53-1,-2^31,-42,-1,0,1,7,42,1000,2^31-1,2^31,2^53-1,2^53+1,2^63-1,2^64-1","fractional/L1/15:-max_finite,-1.5,-1.0,-(1.0-1ulp),+0.0,+min_subnormal,+min_normal,1.0-1ulp,1.0,1.0+1ulp,1.5,pi,2^53,max_finite,0.1"
A12_2_7,1,whole|fractional,Integer,BigDecimal,"whole/L1/17:-2^63,-2^63+1,-2^53-1,-2^31,-42,-1,0,1,7,42,1000,2^31-1,2^31,2^53-1,2^53+1,2^63-1,2^64-1","fractional/L1/16:-max_finite,-1.5,-1.0,-(1.0-1ulp),-0.0,+0.0,+min_subnormal,+min_normal,1.0-1ulp,1.0,1.0+1ulp,1.5,pi,2^53,max_finite,0.1",272,RAISE:TypeError;RAISE:TypeError;RAISE:TypeError;RAISE:TypeError;RAISE:TypeError;RAISE:TypeError;RAISE:TypeError;RAISE:TypeError;RAISE:TypeError;RAISE:TypeError;RAISE:TypeError;RAISE:TypeError;RAISE:TypeError;RAISE:TypeError;RAISE:TypeError;RAISE:TypeError;RAISE:TypeError;RAISE:TypeError;RAISE:TypeError;RAISE:TypeError;RAISE:TypeError;RAISE:TypeError;RAISE:TypeError;RAISE:TypeError;RAISE:TypeError;RAISE:TypeError;RAISE:TypeError;RAISE:TypeError;RAISE:TypeError;RAISE:TypeError;RAISE:TypeError;RAISE:TypeError;RAISE:TypeError;RAISE:TypeError;RAISE:TypeError;RAISE:TypeError;RAISE:TypeError;RAISE:TypeError;RAISE:TypeError;RAISE:TypeError;RAISE:TypeError;RAISE:TypeError;RAISE:TypeError;RAISE:TypeError;RAISE:TypeError;RAISE:TypeError;RAISE:TypeError;RAISE:TypeError;RAISE:TypeError;RAISE:TypeError;RAISE:TypeError;RAISE:TypeError;RAISE:TypeError;RAISE:TypeError;RAISE:TypeError;RAISE:TypeError;RAISE:TypeError;RAISE:TypeError;RAISE:TypeError;RAISE:TypeError;RAISE:TypeError;RAISE:TypeError;RAISE:TypeError;RAISE:TypeError;RAISE:TypeError;RAISE:TypeError;RAISE:TypeError;RAISE:TypeError;RAISE:TypeError;RAISE:TypeError;RAISE:TypeError;RAISE:TypeError;RAISE:TypeError;RAISE:TypeError;RAISE:TypeError;RAISE:TypeError;RAISE:TypeError;RAISE:TypeError;RAISE:TypeError;RAISE:TypeError;RAISE:TypeError;RAISE:TypeError;RAISE:TypeError;RAISE:TypeError;RAISE:TypeError;RAISE:TypeError;RAISE:TypeError;RAISE:TypeError;RAISE:TypeError;RAISE:TypeError;RAISE:TypeError;RAISE:TypeError;RAISE:TypeError;RAISE:TypeError;RAISE:TypeError;RAISE:TypeError;RAISE:TypeError;RAISE:TypeError;RAISE:TypeError;RAISE:TypeError;RAISE:TypeError;RAISE:TypeError;RAISE:TypeError;RAISE:TypeError;RAISE:TypeError;RAISE:TypeError;RAISE:TypeError;RAISE:TypeError;RAISE:TypeError;RAISE:TypeError;RAISE:TypeError;RAISE:TypeError;RAISE:TypeError;RAISE:TypeError;RAISE:TypeError;RAISE:TypeError;RAISE:TypeError;RAISE:TypeError;RAISE:TypeError;RAISE:TypeError;RAISE:TypeError;RAISE:TypeError;RAISE:TypeError;RAISE:TypeError;RAISE:TypeError;RAISE:TypeError;RAISE:TypeError;RAISE:TypeError;RAISE:TypeError;RAISE:TypeError;RAISE:TypeError;RAISE:TypeError;RAISE:TypeError;RAISE:TypeError;RAISE:TypeError;RAISE:TypeError;RAISE:TypeError;RAISE:TypeError;RAISE:TypeError;RAISE:TypeError;RAISE:TypeError;RAISE:TypeError;RAISE:TypeError;RAISE:TypeError;RAISE:TypeError;RAISE:TypeError;RAISE:TypeError;RAISE:TypeError;RAISE:TypeError;RAISE:TypeError;RAISE:TypeError;RAISE:TypeError;RAISE:TypeError;RAISE:TypeError;RAISE:TypeError;RAISE:TypeError;RAISE:TypeError;RAISE:TypeError;RAISE:TypeError;RAISE:TypeError;RAISE:TypeError;RAISE:TypeError;RAISE:TypeError;RAISE:TypeError;RAISE:TypeError;RAISE:TypeError;RAISE:TypeError;RAISE:TypeError;RAISE:TypeError;RAISE:TypeError;RAISE:TypeError;RAISE:TypeError;RAISE:TypeError;RAISE:TypeError;RAISE:TypeError;RAISE:TypeError;RAISE:TypeError;RAISE:TypeError;RAISE:TypeError;RAISE:TypeError;RAISE:TypeError;RAISE:TypeError;RAISE:TypeError;RAISE:TypeError;RAISE:TypeError;RAISE:TypeError;RAISE:TypeError;RAISE:TypeError;RAISE:TypeError;RAISE:TypeError;RAISE:TypeError;RAISE:TypeError;RAISE:TypeError;RAISE:TypeError;RAISE:TypeError;RAISE:TypeError;RAISE:TypeError;RAISE:TypeError;RAISE:TypeError;RAISE:TypeError;RAISE:TypeError;RAISE:TypeError;RAISE:TypeError;RAISE:TypeError;RAISE:TypeError;RAISE:TypeError;RAISE:TypeError;RAISE:TypeError;RAISE:TypeError;RAISE:TypeError;RAISE:TypeError;RAISE:TypeError;RAISE:TypeError;RAISE:TypeError;RAISE:TypeError;RAISE:TypeError;RAISE:TypeError;RAISE:TypeError;RAISE:TypeError;RAISE:TypeError;RAISE:TypeError;RAISE:TypeError;RAISE:TypeError;RAISE:TypeError;RAISE:TypeError;RAISE:TypeError;RAISE:TypeError;RAISE:TypeError;RAISE:TypeError;RAISE:TypeError;RAISE:TypeError;RAISE:TypeError;RAISE:TypeError;RAISE:TypeError;RAISE:TypeError;RAISE:TypeError;RAISE:TypeError;RAISE:TypeError;RAISE:TypeError;RAISE:TypeError;RAISE:TypeError;RAISE:TypeError;RAISE:TypeError;RAISE:TypeError;RAISE:TypeError;RAISE:TypeError;RAISE:TypeError;RAISE:TypeError;RAISE:TypeError;RAISE:TypeError;RAISE:TypeError;RAISE:TypeError;RAISE:TypeError;RAISE:TypeError;RAISE:TypeError;RAISE:TypeError;RAISE:TypeError;RAISE:TypeError;RAISE:TypeError;RAISE:TypeError;RAISE:TypeError;RAISE:TypeError;RAISE:TypeError;RAISE:TypeError;RAISE:TypeError;RAISE:TypeError;RAISE:TypeError;RAISE:TypeError;RAISE:TypeError;RAISE:TypeError;RAISE:TypeError;RAISE:TypeError,0,272,0,"whole/L1/17:-2^63,-2^63+1,-2^53-1,-2^31,-42,-1,0,1,7,42,1000,2^31-1,2^31,2^53-1,2^53+1,2^63-1,2^64-1","fractional/L1/16:-max_finite,-1.5,-1.0,-(1.0-1ulp),-0.0,+0.0,+min_subnormal,+min_normal,1.0-1ulp,1.0,1.0+1ulp,1.5,pi,2^53,max_finite,0.1"
A12_3_1,1,whole|truth,Rational,TrueFalse,"whole/L1/17:-2^63,-2^63+1,-2^53-1,-2^31,-42,-1,0,1,7,42,1000,2^31-1,2^31,2^53-1,2^53+1,2^63-1,2^64-1","truth/L1/6:true,false,0,1,"""",nil",102,RAISE:NoMethodError;RAISE:NoMethodError;RAISE:NoMethodError;RAISE:NoMethodError;RAISE:NoMethodError;RAISE:NoMethodError;RAISE:NoMethodError;RAISE:NoMethodError;RAISE:NoMethodError;RAISE:NoMethodError;RAISE:NoMethodError;RAISE:NoMethodError;RAISE:NoMethodError;RAISE:NoMethodError;RAISE:NoMethodError;RAISE:NoMethodError;RAISE:NoMethodError;RAISE:NoMethodError;RAISE:NoMethodError;RAISE:NoMethodError;RAISE:NoMethodError;RAISE:NoMethodError;RAISE:NoMethodError;RAISE:NoMethodError;RAISE:NoMethodError;RAISE:NoMethodError;RAISE:NoMethodError;RAISE:NoMethodError;RAISE:NoMethodError;RAISE:NoMethodError;RAISE:NoMethodError;RAISE:NoMethodError;RAISE:NoMethodError;RAISE:NoMethodError;RAISE:NoMethodError;RAISE:NoMethodError;RAISE:NoMethodError;RAISE:NoMethodError;RAISE:NoMethodError;RAISE:NoMethodError;RAISE:NoMethodError;RAISE:NoMethodError;RAISE:NoMethodError;RAISE:NoMethodError;RAISE:NoMethodError;RAISE:NoMethodError;RAISE:NoMethodError;RAISE:NoMethodError;RAISE:NoMethodError;RAISE:NoMethodError;RAISE:NoMethodError;RAISE:NoMethodError;RAISE:NoMethodError;RAISE:NoMethodError;RAISE:NoMethodError;RAISE:NoMethodError;RAISE:NoMethodError;RAISE:NoMethodError;RAISE:NoMethodError;RAISE:NoMethodError;RAISE:NoMethodError;RAISE:NoMethodError;RAISE:NoMethodError;RAISE:NoMethodError;RAISE:NoMethodError;RAISE:NoMethodError;RAISE:NoMethodError;RAISE:NoMethodError;RAISE:NoMethodError;RAISE:NoMethodError;RAISE:NoMethodError;RAISE:NoMethodError;RAISE:NoMethodError;RAISE:NoMethodError;RAISE:NoMethodError;RAISE:NoMethodError;RAISE:NoMethodError;RAISE:NoMethodError;RAISE:NoMethodError;RAISE:NoMethodError;RAISE:NoMethodError;RAISE:NoMethodError;RAISE:NoMethodError;RAISE:NoMethodError;RAISE:NoMethodError;RAISE:NoMethodError;RAISE:NoMethodError;RAISE:NoMethodError;RAISE:NoMethodError;RAISE:NoMethodError;RAISE:NoMethodError;RAISE:NoMethodError;RAISE:NoMethodError;RAISE:NoMethodError;RAISE:NoMethodError;RAISE:NoMethodError;RAISE:NoMethodError;RAISE:NoMethodError;RAISE:NoMethodError;RAISE:NoMethodError;RAISE:NoMethodError;RAISE:NoMethodError,0,102,0,"whole/L1/17:-2^63,-2^63+1,-2^53-1,-2^31,-42,-1,0,1,7,42,1000,2^31-1,2^31,2^53-1,2^53+1,2^63-1,2^64-1","truth/L1/6:true,false,0,1,"""",nil"
A12_3_2,1,whole|whole,Rational,Integer,"whole/L1/17:-2^63,-2^63+1,-2^53-1,-2^31,-42,-1,0,1,7,42,1000,2^31-1,2^31,2^53-1,2^53+1,2^63-1,2^64-1","whole/L1/17:-2^63,-2^63+1,-2^53-1,-2^31,-42,-1,0,1,7,42,1000,2^31-1,2^31,2^53-1,2^53+1,2^63-1,2^64-1",289,RAISE:NoMethodError;RAISE:NoMethodError;RAISE:NoMethodError;RAISE:NoMethodError;RAISE:NoMethodError;RAISE:NoMethodError;RAISE:NoMethodError;RAISE:NoMethodError;RAISE:NoMethodError;RAISE:NoMethodError;RAISE:NoMethodError;RAISE:NoMethodError;RAISE:NoMethodError;RAISE:NoMethodError;RAISE:NoMethodError;RAISE:NoMethodError;RAISE:NoMethodError;RAISE:NoMethodError;RAISE:NoMethodError;RAISE:NoMethodError;RAISE:NoMethodError;RAISE:NoMethodError;RAISE:NoMethodError;RAISE:NoMethodError;RAISE:NoMethodError;RAISE:NoMethodError;RAISE:NoMethodError;RAISE:NoMethodError;RAISE:NoMethodError;RAISE:NoMethodError;RAISE:NoMethodError;RAISE:NoMethodError;RAISE:NoMethodError;RAISE:NoMethodError;RAISE:NoMethodError;RAISE:NoMethodError;RAISE:NoMethodError;RAISE:NoMethodError;RAISE:NoMethodError;RAISE:NoMethodError;RAISE:NoMethodError;RAISE:NoMethodError;RAISE:NoMethodError;RAISE:NoMethodError;RAISE:NoMethodError;RAISE:NoMethodError;RAISE:NoMethodError;RAISE:NoMethodError;RAISE:NoMethodError;RAISE:NoMethodError;RAISE:NoMethodError;RAISE:NoMethodError;RAISE:NoMethodError;RAISE:NoMethodError;RAISE:NoMethodError;RAISE:NoMethodError;RAISE:NoMethodError;RAISE:NoMethodError;RAISE:NoMethodError;RAISE:NoMethodError;RAISE:NoMethodError;RAISE:NoMethodError;RAISE:NoMethodError;RAISE:NoMethodError;RAISE:NoMethodError;RAISE:NoMethodError;RAISE:NoMethodError;RAISE:NoMethodError;RAISE:NoMethodError;RAISE:NoMethodError;RAISE:NoMethodError;RAISE:NoMethodError;RAISE:NoMethodError;RAISE:NoMethodError;RAISE:NoMethodError;RAISE:NoMethodError;RAISE:NoMethodError;RAISE:NoMethodError;RAISE:NoMethodError;RAISE:NoMethodError;RAISE:NoMethodError;RAISE:NoMethodError;RAISE:NoMethodError;RAISE:NoMethodError;RAISE:NoMethodError;RAISE:NoMethodError;RAISE:NoMethodError;RAISE:NoMethodError;RAISE:NoMethodError;RAISE:NoMethodError;RAISE:NoMethodError;RAISE:NoMethodError;RAISE:NoMethodError;RAISE:NoMethodError;RAISE:NoMethodError;RAISE:NoMethodError;RAISE:NoMethodError;RAISE:NoMethodError;RAISE:NoMethodError;RAISE:NoMethodError;RAISE:NoMethodError;RAISE:NoMethodError;RAISE:NoMethodError;RAISE:NoMethodError;RAISE:NoMethodError;RAISE:NoMethodError;RAISE:NoMethodError;RAISE:NoMethodError;RAISE:NoMethodError;RAISE:NoMethodError;RAISE:NoMethodError;RAISE:NoMethodError;RAISE:NoMethodError;RAISE:NoMethodError;RAISE:NoMethodError;RAISE:NoMethodError;RAISE:NoMethodError;RAISE:NoMethodError;RAISE:NoMethodError;RAISE:NoMethodError;RAISE:NoMethodError;RAISE:NoMethodError;RAISE:NoMethodError;RAISE:NoMethodError;RAISE:NoMethodError;RAISE:NoMethodError;RAISE:NoMethodError;RAISE:NoMethodError;RAISE:NoMethodError;RAISE:NoMethodError;RAISE:NoMethodError;RAISE:NoMethodError;RAISE:NoMethodError;RAISE:NoMethodError;RAISE:NoMethodError;RAISE:NoMethodError;RAISE:NoMethodError;RAISE:NoMethodError;RAISE:NoMethodError;RAISE:NoMethodError;RAISE:NoMethodError;RAISE:NoMethodError;RAISE:NoMethodError;RAISE:NoMethodError;RAISE:NoMethodError;RAISE:NoMethodError;RAISE:NoMethodError;RAISE:NoMethodError;RAISE:NoMethodError;RAISE:NoMethodError;RAISE:NoMethodError;RAISE:NoMethodError;RAISE:NoMethodError;RAISE:NoMethodError;RAISE:NoMethodError;RAISE:NoMethodError;RAISE:NoMethodError;RAISE:NoMethodError;RAISE:NoMethodError;RAISE:NoMethodError;RAISE:NoMethodError;RAISE:NoMethodError;RAISE:NoMethodError;RAISE:NoMethodError;RAISE:NoMethodError;RAISE:NoMethodError;RAISE:NoMethodError;RAISE:NoMethodError;RAISE:NoMethodError;RAISE:NoMethodError;RAISE:NoMethodError;RAISE:NoMethodError;RAISE:NoMethodError;RAISE:NoMethodError;RAISE:NoMethodError;RAISE:NoMethodError;RAISE:NoMethodError;RAISE:NoMethodError;RAISE:NoMethodError;RAISE:NoMethodError;RAISE:NoMethodError;RAISE:NoMethodError;RAISE:NoMethodError;RAISE:NoMethodError;RAISE:NoMethodError;RAISE:NoMethodError;RAISE:NoMethodError;RAISE:NoMethodError;RAISE:NoMethodError;RAISE:NoMethodError;RAISE:NoMethodError;RAISE:NoMethodError;RAISE:NoMethodError;RAISE:NoMethodError;RAISE:NoMethodError;RAISE:NoMethodError;RAISE:NoMethodError;RAISE:NoMethodError;RAISE:NoMethodError;RAISE:NoMethodError;RAISE:NoMethodError;RAISE:NoMethodError;RAISE:NoMethodError;RAISE:NoMethodError;RAISE:NoMethodError;RAISE:NoMethodError;RAISE:NoMethodError;RAISE:NoMethodError;RAISE:NoMethodError;RAISE:NoMethodError;RAISE:NoMethodError;RAISE:NoMethodError;RAISE:NoMethodError;RAISE:NoMethodError;RAISE:NoMethodError;RAISE:NoMethodError;RAISE:NoMethodError;RAISE:NoMethodError;RAISE:NoMethodError;RAISE:NoMethodError;RAISE:NoMethodError;RAISE:NoMethodError;RAISE:NoMethodError;RAISE:NoMethodError;RAISE:NoMethodError;RAISE:NoMethodError;RAISE:NoMethodError;RAISE:NoMethodError;RAISE:NoMethodError;RAISE:NoMethodError;RAISE:NoMethodError;RAISE:NoMethodError;RAISE:NoMethodError;RAISE:NoMethodError;RAISE:NoMethodError;RAISE:NoMethodError;RAISE:NoMethodError;RAISE:NoMethodError;RAISE:NoMethodError;RAISE:NoMethodError;RAISE:NoMethodError;RAISE:NoMethodError;RAISE:NoMethodError;RAISE:NoMethodError;RAISE:NoMethodError;RAISE:NoMethodError;RAISE:NoMethodError;RAISE:NoMethodError;RAISE:NoMethodError;RAISE:NoMethodError;RAISE:NoMethodError;RAISE:NoMethodError;RAISE:NoMethodError;RAISE:NoMethodError;RAISE:NoMethodError;RAISE:NoMethodError;RAISE:NoMethodError;RAISE:NoMethodError;RAISE:NoMethodError;RAISE:NoMethodError;RAISE:NoMethodError;RAISE:NoMethodError;RAISE:NoMethodError;RAISE:NoMethodError;RAISE:NoMethodError;RAISE:NoMethodError;RAISE:NoMethodError;RAISE:NoMethodError;RAISE:NoMethodError;RAISE:NoMethodError;RAISE:NoMethodError;RAISE:NoMethodError;RAISE:NoMethodError;RAISE:NoMethodError;RAISE:NoMethodError;RAISE:NoMethodError;RAISE:NoMethodError;RAISE:NoMethodError;RAISE:NoMethodError;RAISE:NoMethodError;RAISE:NoMethodError;RAISE:NoMethodError;RAISE:NoMethodError;RAISE:NoMethodError;RAISE:NoMethodError;RAISE:NoMethodError;RAISE:NoMethodError;RAISE:NoMethodError;RAISE:NoMethodError,0,289,0,"whole/L1/17:-2^63,-2^63+1,-2^53-1,-2^31,-42,-1,0,1,7,42,1000,2^31-1,2^31,2^53-1,2^53+1,2^63-1,2^64-1","whole/L1/17:-2^63,-2^63+1,-2^53-1,-2^31,-42,-1,0,1,7,42,1000,2^31-1,2^31,2^53-1,2^53+1,2^63-1,2^64-1"
A12_3_3,1,whole|whole,Rational,Rational,"whole/L1/17:-2^63,-2^63+1,-2^53-1,-2^31,-42,-1,0,1,7,42,1000,2^31-1,2^31,2^53-1,2^53+1,2^63-1,2^64-1","whole/L1/17:-2^63,-2^63+1,-2^53-1,-2^31,-42,-1,0,1,7,42,1000,2^31-1,2^31,2^53-1,2^53+1,2^63-1,2^64-1",289,RAISE:NoMethodError;RAISE:NoMethodError;RAISE:NoMethodError;RAISE:NoMethodError;RAISE:NoMethodError;RAISE:NoMethodError;RAISE:NoMethodError;RAISE:NoMethodError;RAISE:NoMethodError;RAISE:NoMethodError;RAISE:NoMethodError;RAISE:NoMethodError;RAISE:NoMethodError;RAISE:NoMethodError;RAISE:NoMethodError;RAISE:NoMethodError;RAISE:NoMethodError;RAISE:NoMethodError;RAISE:NoMethodError;RAISE:NoMethodError;RAISE:NoMethodError;RAISE:NoMethodError;RAISE:NoMethodError;RAISE:NoMethodError;RAISE:NoMethodError;RAISE:NoMethodError;RAISE:NoMethodError;RAISE:NoMethodError;RAISE:NoMethodError;RAISE:NoMethodError;RAISE:NoMethodError;RAISE:NoMethodError;RAISE:NoMethodError;RAISE:NoMethodError;RAISE:NoMethodError;RAISE:NoMethodError;RAISE:NoMethodError;RAISE:NoMethodError;RAISE:NoMethodError;RAISE:NoMethodError;RAISE:NoMethodError;RAISE:NoMethodError;RAISE:NoMethodError;RAISE:NoMethodError;RAISE:NoMethodError;RAISE:NoMethodError;RAISE:NoMethodError;RAISE:NoMethodError;RAISE:NoMethodError;RAISE:NoMethodError;RAISE:NoMethodError;RAISE:NoMethodError;RAISE:NoMethodError;RAISE:NoMethodError;RAISE:NoMethodError;RAISE:NoMethodError;RAISE:NoMethodError;RAISE:NoMethodError;RAISE:NoMethodError;RAISE:NoMethodError;RAISE:NoMethodError;RAISE:NoMethodError;RAISE:NoMethodError;RAISE:NoMethodError;RAISE:NoMethodError;RAISE:NoMethodError;RAISE:NoMethodError;RAISE:NoMethodError;RAISE:NoMethodError;RAISE:NoMethodError;RAISE:NoMethodError;RAISE:NoMethodError;RAISE:NoMethodError;RAISE:NoMethodError;RAISE:NoMethodError;RAISE:NoMethodError;RAISE:NoMethodError;RAISE:NoMethodError;RAISE:NoMethodError;RAISE:NoMethodError;RAISE:NoMethodError;RAISE:NoMethodError;RAISE:NoMethodError;RAISE:NoMethodError;RAISE:NoMethodError;RAISE:NoMethodError;RAISE:NoMethodError;RAISE:NoMethodError;RAISE:NoMethodError;RAISE:NoMethodError;RAISE:NoMethodError;RAISE:NoMethodError;RAISE:NoMethodError;RAISE:NoMethodError;RAISE:NoMethodError;RAISE:NoMethodError;RAISE:NoMethodError;RAISE:NoMethodError;RAISE:NoMethodError;RAISE:NoMethodError;RAISE:NoMethodError;RAISE:NoMethodError;RAISE:NoMethodError;RAISE:NoMethodError;RAISE:NoMethodError;RAISE:NoMethodError;RAISE:NoMethodError;RAISE:NoMethodError;RAISE:NoMethodError;RAISE:NoMethodError;RAISE:NoMethodError;RAISE:NoMethodError;RAISE:NoMethodError;RAISE:NoMethodError;RAISE:NoMethodError;RAISE:NoMethodError;RAISE:NoMethodError;RAISE:NoMethodError;RAISE:NoMethodError;RAISE:NoMethodError;RAISE:NoMethodError;RAISE:NoMethodError;RAISE:NoMethodError;RAISE:NoMethodError;RAISE:NoMethodError;RAISE:NoMethodError;RAISE:NoMethodError;RAISE:NoMethodError;RAISE:NoMethodError;RAISE:NoMethodError;RAISE:NoMethodError;RAISE:NoMethodError;RAISE:NoMethodError;RAISE:NoMethodError;RAISE:NoMethodError;RAISE:NoMethodError;RAISE:NoMethodError;RAISE:NoMethodError;RAISE:NoMethodError;RAISE:NoMethodError;RAISE:NoMethodError;RAISE:NoMethodError;RAISE:NoMethodError;RAISE:NoMethodError;RAISE:NoMethodError;RAISE:NoMethodError;RAISE:NoMethodError;RAISE:NoMethodError;RAISE:NoMethodError;RAISE:NoMethodError;RAISE:NoMethodError;RAISE:NoMethodError;RAISE:NoMethodError;RAISE:NoMethodError;RAISE:NoMethodError;RAISE:NoMethodError;RAISE:NoMethodError;RAISE:NoMethodError;RAISE:NoMethodError;RAISE:NoMethodError;RAISE:NoMethodError;RAISE:NoMethodError;RAISE:NoMethodError;RAISE:NoMethodError;RAISE:NoMethodError;RAISE:NoMethodError;RAISE:NoMethodError;RAISE:NoMethodError;RAISE:NoMethodError;RAISE:NoMethodError;RAISE:NoMethodError;RAISE:NoMethodError;RAISE:NoMethodError;RAISE:NoMethodError;RAISE:NoMethodError;RAISE:NoMethodError;RAISE:NoMethodError;RAISE:NoMethodError;RAISE:NoMethodError;RAISE:NoMethodError;RAISE:NoMethodError;RAISE:NoMethodError;RAISE:NoMethodError;RAISE:NoMethodError;RAISE:NoMethodError;RAISE:NoMethodError;RAISE:NoMethodError;RAISE:NoMethodError;RAISE:NoMethodError;RAISE:NoMethodError;RAISE:NoMethodError;RAISE:NoMethodError;RAISE:NoMethodError;RAISE:NoMethodError;RAISE:NoMethodError;RAISE:NoMethodError;RAISE:NoMethodError;RAISE:NoMethodError;RAISE:NoMethodError;RAISE:NoMethodError;RAISE:NoMethodError;RAISE:NoMethodError;RAISE:NoMethodError;RAISE:NoMethodError;RAISE:NoMethodError;RAISE:NoMethodError;RAISE:NoMethodError;RAISE:NoMethodError;RAISE:NoMethodError;RAISE:NoMethodError;RAISE:NoMethodError;RAISE:NoMethodError;RAISE:NoMethodError;RAISE:NoMethodError;RAISE:NoMethodError;RAISE:NoMethodError;RAISE:NoMethodError;RAISE:NoMethodError;RAISE:NoMethodError;RAISE:NoMethodError;RAISE:NoMethodError;RAISE:NoMethodError;RAISE:NoMethodError;RAISE:NoMethodError;RAISE:NoMethodError;RAISE:NoMethodError;RAISE:NoMethodError;RAISE:NoMethodError;RAISE:NoMethodError;RAISE:NoMethodError;RAISE:NoMethodError;RAISE:NoMethodError;RAISE:NoMethodError;RAISE:NoMethodError;RAISE:NoMethodError;RAISE:NoMethodError;RAISE:NoMethodError;RAISE:NoMethodError;RAISE:NoMethodError;RAISE:NoMethodError;RAISE:NoMethodError;RAISE:NoMethodError;RAISE:NoMethodError;RAISE:NoMethodError;RAISE:NoMethodError;RAISE:NoMethodError;RAISE:NoMethodError;RAISE:NoMethodError;RAISE:NoMethodError;RAISE:NoMethodError;RAISE:NoMethodError;RAISE:NoMethodError;RAISE:NoMethodError;RAISE:NoMethodError;RAISE:NoMethodError;RAISE:NoMethodError;RAISE:NoMethodError;RAISE:NoMethodError;RAISE:NoMethodError;RAISE:NoMethodError;RAISE:NoMethodError;RAISE:NoMethodError;RAISE:NoMethodError;RAISE:NoMethodError;RAISE:NoMethodError;RAISE:NoMethodError;RAISE:NoMethodError;RAISE:NoMethodError;RAISE:NoMethodError;RAISE:NoMethodError;RAISE:NoMethodError;RAISE:NoMethodError;RAISE:NoMethodError;RAISE:NoMethodError;RAISE:NoMethodError;RAISE:NoMethodError;RAISE:NoMethodError;RAISE:NoMethodError;RAISE:NoMethodError;RAISE:NoMethodError;RAISE:NoMethodError;RAISE:NoMethodError;RAISE:NoMethodError;RAISE:NoMethodError;RAISE:NoMethodError;RAISE:NoMethodError;RAISE:NoMethodError;RAISE:NoMethodError;RAISE:NoMethodError,0,289,0,"whole/L1/17:-2^63,-2^63+1,-2^53-1,-2^31,-42,-1,0,1,7,42,1000,2^31-1,2^31,2^53-1,2^53+1,2^63-1,2^64-1","whole/L1/17:-2^63,-2^63+1,-2^53-1,-2^31,-42,-1,0,1,7,42,1000,2^31-1,2^31,2^53-1,2^53+1,2^63-1,2^64-1"
A12_3_4,1,whole|whole,Rational,BigDecimal,"whole/L1/17:-2^63,-2^63+1,-2^53-1,-2^31,-42,-1,0,1,7,42,1000,2^31-1,2^31,2^53-1,2^53+1,2^63-1,2^64-1","whole/L1/17:-2^63,-2^63+1,-2^53-1,-2^31,-42,-1,0,1,7,42,1000,2^31-1,2^31,2^53-1,2^53+1,2^63-1,2^64-1",289,RAISE:NoMethodError;RAISE:NoMethodError;RAISE:NoMethodError;RAISE:NoMethodError;RAISE:NoMethodError;RAISE:NoMethodError;RAISE:NoMethodError;RAISE:NoMethodError;RAISE:NoMethodError;RAISE:NoMethodError;RAISE:NoMethodError;RAISE:NoMethodError;RAISE:NoMethodError;RAISE:NoMethodError;RAISE:NoMethodError;RAISE:NoMethodError;RAISE:NoMethodError;RAISE:NoMethodError;RAISE:NoMethodError;RAISE:NoMethodError;RAISE:NoMethodError;RAISE:NoMethodError;RAISE:NoMethodError;RAISE:NoMethodError;RAISE:NoMethodError;RAISE:NoMethodError;RAISE:NoMethodError;RAISE:NoMethodError;RAISE:NoMethodError;RAISE:NoMethodError;RAISE:NoMethodError;RAISE:NoMethodError;RAISE:NoMethodError;RAISE:NoMethodError;RAISE:NoMethodError;RAISE:NoMethodError;RAISE:NoMethodError;RAISE:NoMethodError;RAISE:NoMethodError;RAISE:NoMethodError;RAISE:NoMethodError;RAISE:NoMethodError;RAISE:NoMethodError;RAISE:NoMethodError;RAISE:NoMethodError;RAISE:NoMethodError;RAISE:NoMethodError;RAISE:NoMethodError;RAISE:NoMethodError;RAISE:NoMethodError;RAISE:NoMethodError;RAISE:NoMethodError;RAISE:NoMethodError;RAISE:NoMethodError;RAISE:NoMethodError;RAISE:NoMethodError;RAISE:NoMethodError;RAISE:NoMethodError;RAISE:NoMethodError;RAISE:NoMethodError;RAISE:NoMethodError;RAISE:NoMethodError;RAISE:NoMethodError;RAISE:NoMethodError;RAISE:NoMethodError;RAISE:NoMethodError;RAISE:NoMethodError;RAISE:NoMethodError;RAISE:NoMethodError;RAISE:NoMethodError;RAISE:NoMethodError;RAISE:NoMethodError;RAISE:NoMethodError;RAISE:NoMethodError;RAISE:NoMethodError;RAISE:NoMethodError;RAISE:NoMethodError;RAISE:NoMethodError;RAISE:NoMethodError;RAISE:NoMethodError;RAISE:NoMethodError;RAISE:NoMethodError;RAISE:NoMethodError;RAISE:NoMethodError;RAISE:NoMethodError;RAISE:NoMethodError;RAISE:NoMethodError;RAISE:NoMethodError;RAISE:NoMethodError;RAISE:NoMethodError;RAISE:NoMethodError;RAISE:NoMethodError;RAISE:NoMethodError;RAISE:NoMethodError;RAISE:NoMethodError;RAISE:NoMethodError;RAISE:NoMethodError;RAISE:NoMethodError;RAISE:NoMethodError;RAISE:NoMethodError;RAISE:NoMethodError;RAISE:NoMethodError;RAISE:NoMethodError;RAISE:NoMethodError;RAISE:NoMethodError;RAISE:NoMethodError;RAISE:NoMethodError;RAISE:NoMethodError;RAISE:NoMethodError;RAISE:NoMethodError;RAISE:NoMethodError;RAISE:NoMethodError;RAISE:NoMethodError;RAISE:NoMethodError;RAISE:NoMethodError;RAISE:NoMethodError;RAISE:NoMethodError;RAISE:NoMethodError;RAISE:NoMethodError;RAISE:NoMethodError;RAISE:NoMethodError;RAISE:NoMethodError;RAISE:NoMethodError;RAISE:NoMethodError;RAISE:NoMethodError;RAISE:NoMethodError;RAISE:NoMethodError;RAISE:NoMethodError;RAISE:NoMethodError;RAISE:NoMethodError;RAISE:NoMethodError;RAISE:NoMethodError;RAISE:NoMethodError;RAISE:NoMethodError;RAISE:NoMethodError;RAISE:NoMethodError;RAISE:NoMethodError;RAISE:NoMethodError;RAISE:NoMethodError;RAISE:NoMethodError;RAISE:NoMethodError;RAISE:NoMethodError;RAISE:NoMethodError;RAISE:NoMethodError;RAISE:NoMethodError;RAISE:NoMethodError;RAISE:NoMethodError;RAISE:NoMethodError;RAISE:NoMethodError;RAISE:NoMethodError;RAISE:NoMethodError;RAISE:NoMethodError;RAISE:NoMethodError;RAISE:NoMethodError;RAISE:NoMethodError;RAISE:NoMethodError;RAISE:NoMethodError;RAISE:NoMethodError;RAISE:NoMethodError;RAISE:NoMethodError;RAISE:NoMethodError;RAISE:NoMethodError;RAISE:NoMethodError;RAISE:NoMethodError;RAISE:NoMethodError;RAISE:NoMethodError;RAISE:NoMethodError;RAISE:NoMethodError;RAISE:NoMethodError;RAISE:NoMethodError;RAISE:NoMethodError;RAISE:NoMethodError;RAISE:NoMethodError;RAISE:NoMethodError;RAISE:NoMethodError;RAISE:NoMethodError;RAISE:NoMethodError;RAISE:NoMethodError;RAISE:NoMethodError;RAISE:NoMethodError;RAISE:NoMethodError;RAISE:NoMethodError;RAISE:NoMethodError;RAISE:NoMethodError;RAISE:NoMethodError;RAISE:NoMethodError;RAISE:NoMethodError;RAISE:NoMethodError;RAISE:NoMethodError;RAISE:NoMethodError;RAISE:NoMethodError;RAISE:NoMethodError;RAISE:NoMethodError;RAISE:NoMethodError;RAISE:NoMethodError;RAISE:NoMethodError;RAISE:NoMethodError;RAISE:NoMethodError;RAISE:NoMethodError;RAISE:NoMethodError;RAISE:NoMethodError;RAISE:NoMethodError;RAISE:NoMethodError;RAISE:NoMethodError;RAISE:NoMethodError;RAISE:NoMethodError;RAISE:NoMethodError;RAISE:NoMethodError;RAISE:NoMethodError;RAISE:NoMethodError;RAISE:NoMethodError;RAISE:NoMethodError;RAISE:NoMethodError;RAISE:NoMethodError;RAISE:NoMethodError;RAISE:NoMethodError;RAISE:NoMethodError;RAISE:NoMethodError;RAISE:NoMethodError;RAISE:NoMethodError;RAISE:NoMethodError;RAISE:NoMethodError;RAISE:NoMethodError;RAISE:NoMethodError;RAISE:NoMethodError;RAISE:NoMethodError;RAISE:NoMethodError;RAISE:NoMethodError;RAISE:NoMethodError;RAISE:NoMethodError;RAISE:NoMethodError;RAISE:NoMethodError;RAISE:NoMethodError;RAISE:NoMethodError;RAISE:NoMethodError;RAISE:NoMethodError;RAISE:NoMethodError;RAISE:NoMethodError;RAISE:NoMethodError;RAISE:NoMethodError;RAISE:NoMethodError;RAISE:NoMethodError;RAISE:NoMethodError;RAISE:NoMethodError;RAISE:NoMethodError;RAISE:NoMethodError;RAISE:NoMethodError;RAISE:NoMethodError;RAISE:NoMethodError;RAISE:NoMethodError;RAISE:NoMethodError;RAISE:NoMethodError;RAISE:NoMethodError;RAISE:NoMethodError;RAISE:NoMethodError;RAISE:NoMethodError;RAISE:NoMethodError;RAISE:NoMethodError;RAISE:NoMethodError;RAISE:NoMethodError;RAISE:NoMethodError;RAISE:NoMethodError;RAISE:NoMethodError;RAISE:NoMethodError;RAISE:NoMethodError;RAISE:NoMethodError;RAISE:NoMethodError;RAISE:NoMethodError;RAISE:NoMethodError;RAISE:NoMethodError;RAISE:NoMethodError;RAISE:NoMethodError;RAISE:NoMethodError;RAISE:NoMethodError;RAISE:NoMethodError;RAISE:NoMethodError;RAISE:NoMethodError;RAISE:NoMethodError;RAISE:NoMethodError;RAISE:NoMethodError;RAISE:NoMethodError;RAISE:NoMethodError;RAISE:NoMethodError;RAISE:NoMethodError;RAISE:NoMethodError;RAISE:NoMethodError;RAISE:NoMethodError;RAISE:NoMethodError;RAISE:NoMethodError,0,289,0,"whole/L1/17:-2^63,-2^63+1,-2^53-1,-2^31,-42,-1,0,1,7,42,1000,2^31-1,2^31,2^53-1,2^53+1,2^63-1,2^64-1","whole/L1/17:-2^63,-2^63+1,-2^53-1,-2^31,-42,-1,0,1,7,42,1000,2^31-1,2^31,2^53-1,2^53+1,2^63-1,2^64-1"
A12_3_5,1,whole|fractional,Rational,Float,"whole/L1/17:-2^63,-2^63+1,-2^53-1,-2^31,-42,-1,0,1,7,42,1000,2^31-1,2^31,2^53-1,2^53+1,2^63-1,2^64-1","fractional/L1/16:-max_finite,-1.5,-1.0,-(1.0-1ulp),-0.0,+0.0,+min_subnormal,+min_normal,1.0-1ulp,1.0,1.0+1ulp,1.5,pi,2^53,max_finite,0.1",272,RAISE:NoMethodError;RAISE:NoMethodError;RAISE:NoMethodError;RAISE:NoMethodError;RAISE:NoMethodError;RAISE:NoMethodError;RAISE:NoMethodError;RAISE:NoMethodError;RAISE:NoMethodError;RAISE:NoMethodError;RAISE:NoMethodError;RAISE:NoMethodError;RAISE:NoMethodError;RAISE:NoMethodError;RAISE:NoMethodError;RAISE:NoMethodError;RAISE:NoMethodError;RAISE:NoMethodError;RAISE:NoMethodError;RAISE:NoMethodError;RAISE:NoMethodError;RAISE:NoMethodError;RAISE:NoMethodError;RAISE:NoMethodError;RAISE:NoMethodError;RAISE:NoMethodError;RAISE:NoMethodError;RAISE:NoMethodError;RAISE:NoMethodError;RAISE:NoMethodError;RAISE:NoMethodError;RAISE:NoMethodError;RAISE:NoMethodError;RAISE:NoMethodError;RAISE:NoMethodError;RAISE:NoMethodError;RAISE:NoMethodError;RAISE:NoMethodError;RAISE:NoMethodError;RAISE:NoMethodError;RAISE:NoMethodError;RAISE:NoMethodError;RAISE:NoMethodError;RAISE:NoMethodError;RAISE:NoMethodError;RAISE:NoMethodError;RAISE:NoMethodError;RAISE:NoMethodError;RAISE:NoMethodError;RAISE:NoMethodError;RAISE:NoMethodError;RAISE:NoMethodError;RAISE:NoMethodError;RAISE:NoMethodError;RAISE:NoMethodError;RAISE:NoMethodError;RAISE:NoMethodError;RAISE:NoMethodError;RAISE:NoMethodError;RAISE:NoMethodError;RAISE:NoMethodError;RAISE:NoMethodError;RAISE:NoMethodError;RAISE:NoMethodError;RAISE:NoMethodError;RAISE:NoMethodError;RAISE:NoMethodError;RAISE:NoMethodError;RAISE:NoMethodError;RAISE:NoMethodError;RAISE:NoMethodError;RAISE:NoMethodError;RAISE:NoMethodError;RAISE:NoMethodError;RAISE:NoMethodError;RAISE:NoMethodError;RAISE:NoMethodError;RAISE:NoMethodError;RAISE:NoMethodError;RAISE:NoMethodError;RAISE:NoMethodError;RAISE:NoMethodError;RAISE:NoMethodError;RAISE:NoMethodError;RAISE:NoMethodError;RAISE:NoMethodError;RAISE:NoMethodError;RAISE:NoMethodError;RAISE:NoMethodError;RAISE:NoMethodError;RAISE:NoMethodError;RAISE:NoMethodError;RAISE:NoMethodError;RAISE:NoMethodError;RAISE:NoMethodError;RAISE:NoMethodError;RAISE:NoMethodError;RAISE:NoMethodError;RAISE:NoMethodError;RAISE:NoMethodError;RAISE:NoMethodError;RAISE:NoMethodError;RAISE:NoMethodError;RAISE:NoMethodError;RAISE:NoMethodError;RAISE:NoMethodError;RAISE:NoMethodError;RAISE:NoMethodError;RAISE:NoMethodError;RAISE:NoMethodError;RAISE:NoMethodError;RAISE:NoMethodError;RAISE:NoMethodError;RAISE:NoMethodError;RAISE:NoMethodError;RAISE:NoMethodError;RAISE:NoMethodError;RAISE:NoMethodError;RAISE:NoMethodError;RAISE:NoMethodError;RAISE:NoMethodError;RAISE:NoMethodError;RAISE:NoMethodError;RAISE:NoMethodError;RAISE:NoMethodError;RAISE:NoMethodError;RAISE:NoMethodError;RAISE:NoMethodError;RAISE:NoMethodError;RAISE:NoMethodError;RAISE:NoMethodError;RAISE:NoMethodError;RAISE:NoMethodError;RAISE:NoMethodError;RAISE:NoMethodError;RAISE:NoMethodError;RAISE:NoMethodError;RAISE:NoMethodError;RAISE:NoMethodError;RAISE:NoMethodError;RAISE:NoMethodError;RAISE:NoMethodError;RAISE:NoMethodError;RAISE:NoMethodError;RAISE:NoMethodError;RAISE:NoMethodError;RAISE:NoMethodError;RAISE:NoMethodError;RAISE:NoMethodError;RAISE:NoMethodError;RAISE:NoMethodError;RAISE:NoMethodError;RAISE:NoMethodError;RAISE:NoMethodError;RAISE:NoMethodError;RAISE:NoMethodError;RAISE:NoMethodError;RAISE:NoMethodError;RAISE:NoMethodError;RAISE:NoMethodError;RAISE:NoMethodError;RAISE:NoMethodError;RAISE:NoMethodError;RAISE:NoMethodError;RAISE:NoMethodError;RAISE:NoMethodError;RAISE:NoMethodError;RAISE:NoMethodError;RAISE:NoMethodError;RAISE:NoMethodError;RAISE:NoMethodError;RAISE:NoMethodError;RAISE:NoMethodError;RAISE:NoMethodError;RAISE:NoMethodError;RAISE:NoMethodError;RAISE:NoMethodError;RAISE:NoMethodError;RAISE:NoMethodError;RAISE:NoMethodError;RAISE:NoMethodError;RAISE:NoMethodError;RAISE:NoMethodError;RAISE:NoMethodError;RAISE:NoMethodError;RAISE:NoMethodError;RAISE:NoMethodError;RAISE:NoMethodError;RAISE:NoMethodError;RAISE:NoMethodError;RAISE:NoMethodError;RAISE:NoMethodError;RAISE:NoMethodError;RAISE:NoMethodError;RAISE:NoMethodError;RAISE:NoMethodError;RAISE:NoMethodError;RAISE:NoMethodError;RAISE:NoMethodError;RAISE:NoMethodError;RAISE:NoMethodError;RAISE:NoMethodError;RAISE:NoMethodError;RAISE:NoMethodError;RAISE:NoMethodError;RAISE:NoMethodError;RAISE:NoMethodError;RAISE:NoMethodError;RAISE:NoMethodError;RAISE:NoMethodError;RAISE:NoMethodError;RAISE:NoMethodError;RAISE:NoMethodError;RAISE:NoMethodError;RAISE:NoMethodError;RAISE:NoMethodError;RAISE:NoMethodError;RAISE:NoMethodError;RAISE:NoMethodError;RAISE:NoMethodError;RAISE:NoMethodError;RAISE:NoMethodError;RAISE:NoMethodError;RAISE:NoMethodError;RAISE:NoMethodError;RAISE:NoMethodError;RAISE:NoMethodError;RAISE:NoMethodError;RAISE:NoMethodError;RAISE:NoMethodError;RAISE:NoMethodError;RAISE:NoMethodError;RAISE:NoMethodError;RAISE:NoMethodError;RAISE:NoMethodError;RAISE:NoMethodError;RAISE:NoMethodError;RAISE:NoMethodError;RAISE:NoMethodError;RAISE:NoMethodError;RAISE:NoMethodError;RAISE:NoMethodError;RAISE:NoMethodError;RAISE:NoMethodError;RAISE:NoMethodError;RAISE:NoMethodError;RAISE:NoMethodError;RAISE:NoMethodError;RAISE:NoMethodError;RAISE:NoMethodError;RAISE:NoMethodError;RAISE:NoMethodError;RAISE:NoMethodError;RAISE:NoMethodError;RAISE:NoMethodError;RAISE:NoMethodError;RAISE:NoMethodError;RAISE:NoMethodError;RAISE:NoMethodError;RAISE:NoMethodError;RAISE:NoMethodError;RAISE:NoMethodError;RAISE:NoMethodError;RAISE:NoMethodError;RAISE:NoMethodError;RAISE:NoMethodError;RAISE:NoMethodError;RAISE:NoMethodError;RAISE:NoMethodError;RAISE:NoMethodError;RAISE:NoMethodError;RAISE:NoMethodError,0,272,0,"whole/L1/17:-2^63,-2^63+1,-2^53-1,-2^31,-42,-1,0,1,7,42,1000,2^31-1,2^31,2^53-1,2^53+1,2^63-1,2^64-1","fractional/L1/16:-max_finite,-1.5,-1.0,-(1.0-1ulp),-0.0,+0.0,+min_subnormal,+min_normal,1.0-1ulp,1.0,1.0+1ulp,1.5,pi,2^53,max_finite,0.1"
A12_3_6,1,whole|fractional,Rational,Rational,"whole/L1/17:-2^63,-2^63+1,-2^53-1,-2^31,-42,-1,0,1,7,42,1000,2^31-1,2^31,2^53-1,2^53+1,2^63-1,2^64-1","fractional/L1/16:-max_finite,-1.5,-1.0,-(1.0-1ulp),-0.0,+0.0,+min_subnormal,+min_normal,1.0-1ulp,1.0,1.0+1ulp,1.5,pi,2^53,max_finite,0.1",272,RAISE:NoMethodError;RAISE:NoMethodError;RAISE:NoMethodError;RAISE:NoMethodError;UNREPRESENTABLE;RAISE:NoMethodError;RAISE:NoMethodError;RAISE:NoMethodError;RAISE:NoMethodError;RAISE:NoMethodError;RAISE:NoMethodError;RAISE:NoMethodError;RAISE:NoMethodError;RAISE:NoMethodError;RAISE:NoMethodError;RAISE:NoMethodError;RAISE:NoMethodError;RAISE:NoMethodError;RAISE:NoMethodError;RAISE:NoMethodError;UNREPRESENTABLE;RAISE:NoMethodError;RAISE:NoMethodError;RAISE:NoMethodError;RAISE:NoMethodError;RAISE:NoMethodError;RAISE:NoMethodError;RAISE:NoMethodError;RAISE:NoMethodError;RAISE:NoMethodError;RAISE:NoMethodError;RAISE:NoMethodError;RAISE:NoMethodError;RAISE:NoMethodError;RAISE:NoMethodError;RAISE:NoMethodError;UNREPRESENTABLE;RAISE:NoMethodError;RAISE:NoMethodError;RAISE:NoMethodError;RAISE:NoMethodError;RAISE:NoMethodError;RAISE:NoMethodError;RAISE:NoMethodError;RAISE:NoMethodError;RAISE:NoMethodError;RAISE:NoMethodError;RAISE:NoMethodError;RAISE:NoMethodError;RAISE:NoMethodError;RAISE:NoMethodError;RAISE:NoMethodError;UNREPRESENTABLE;RAISE:NoMethodError;RAISE:NoMethodError;RAISE:NoMethodError;RAISE:NoMethodError;RAISE:NoMethodError;RAISE:NoMethodError;RAISE:NoMethodError;RAISE:NoMethodError;RAISE:NoMethodError;RAISE:NoMethodError;RAISE:NoMethodError;RAISE:NoMethodError;RAISE:NoMethodError;RAISE:NoMethodError;RAISE:NoMethodError;UNREPRESENTABLE;RAISE:NoMethodError;RAISE:NoMethodError;RAISE:NoMethodError;RAISE:NoMethodError;RAISE:NoMethodError;RAISE:NoMethodError;RAISE:NoMethodError;RAISE:NoMethodError;RAISE:NoMethodError;RAISE:NoMethodError;RAISE:NoMethodError;RAISE:NoMethodError;RAISE:NoMethodError;RAISE:NoMethodError;RAISE:NoMethodError;UNREPRESENTABLE;RAISE:NoMethodError;RAISE:NoMethodError;RAISE:NoMethodError;RAISE:NoMethodError;RAISE:NoMethodError;RAISE:NoMethodError;RAISE:NoMethodError;RAISE:NoMethodError;RAISE:NoMethodError;RAISE:NoMethodError;RAISE:NoMethodError;RAISE:NoMethodError;RAISE:NoMethodError;RAISE:NoMethodError;RAISE:NoMethodError;UNREPRESENTABLE;RAISE:NoMethodError;RAISE:NoMethodError;RAISE:NoMethodError;RAISE:NoMethodError;RAISE:NoMethodError;RAISE:NoMethodError;RAISE:NoMethodError;RAISE:NoMethodError;RAISE:NoMethodError;RAISE:NoMethodError;RAISE:NoMethodError;RAISE:NoMethodError;RAISE:NoMethodError;RAISE:NoMethodError;RAISE:NoMethodError;UNREPRESENTABLE;RAISE:NoMethodError;RAISE:NoMethodError;RAISE:NoMethodError;RAISE:NoMethodError;RAISE:NoMethodError;RAISE:NoMethodError;RAISE:NoMethodError;RAISE:NoMethodError;RAISE:NoMethodError;RAISE:NoMethodError;RAISE:NoMethodError;RAISE:NoMethodError;RAISE:NoMethodError;RAISE:NoMethodError;RAISE:NoMethodError;UNREPRESENTABLE;RAISE:NoMethodError;RAISE:NoMethodError;RAISE:NoMethodError;RAISE:NoMethodError;RAISE:NoMethodError;RAISE:NoMethodError;RAISE:NoMethodError;RAISE:NoMethodError;RAISE:NoMethodError;RAISE:NoMethodError;RAISE:NoMethodError;RAISE:NoMethodError;RAISE:NoMethodError;RAISE:NoMethodError;RAISE:NoMethodError;UNREPRESENTABLE;RAISE:NoMethodError;RAISE:NoMethodError;RAISE:NoMethodError;RAISE:NoMethodError;RAISE:NoMethodError;RAISE:NoMethodError;RAISE:NoMethodError;RAISE:NoMethodError;RAISE:NoMethodError;RAISE:NoMethodError;RAISE:NoMethodError;RAISE:NoMethodError;RAISE:NoMethodError;RAISE:NoMethodError;RAISE:NoMethodError;UNREPRESENTABLE;RAISE:NoMethodError;RAISE:NoMethodError;RAISE:NoMethodError;RAISE:NoMethodError;RAISE:NoMethodError;RAISE:NoMethodError;RAISE:NoMethodError;RAISE:NoMethodError;RAISE:NoMethodError;RAISE:NoMethodError;RAISE:NoMethodError;RAISE:NoMethodError;RAISE:NoMethodError;RAISE:NoMethodError;RAISE:NoMethodError;UNREPRESENTABLE;RAISE:NoMethodError;RAISE:NoMethodError;RAISE:NoMethodError;RAISE:NoMethodError;RAISE:NoMethodError;RAISE:NoMethodError;RAISE:NoMethodError;RAISE:NoMethodError;RAISE:NoMethodError;RAISE:NoMethodError;RAISE:NoMethodError;RAISE:NoMethodError;RAISE:NoMethodError;RAISE:NoMethodError;RAISE:NoMethodError;UNREPRESENTABLE;RAISE:NoMethodError;RAISE:NoMethodError;RAISE:NoMethodError;RAISE:NoMethodError;RAISE:NoMethodError;RAISE:NoMethodError;RAISE:NoMethodError;RAISE:NoMethodError;RAISE:NoMethodError;RAISE:NoMethodError;RAISE:NoMethodError;RAISE:NoMethodError;RAISE:NoMethodError;RAISE:NoMethodError;RAISE:NoMethodError;UNREPRESENTABLE;RAISE:NoMethodError;RAISE:NoMethodError;RAISE:NoMethodError;RAISE:NoMethodError;RAISE:NoMethodError;RAISE:NoMethodError;RAISE:NoMethodError;RAISE:NoMethodError;RAISE:NoMethodError;RAISE:NoMethodError;RAISE:NoMethodError;RAISE:NoMethodError;RAISE:NoMethodError;RAISE:NoMethodError;RAISE:NoMethodError;UNREPRESENTABLE;RAISE:NoMethodError;RAISE:NoMethodError;RAISE:NoMethodError;RAISE:NoMethodError;RAISE:NoMethodError;RAISE:NoMethodError;RAISE:NoMethodError;RAISE:NoMethodError;RAISE:NoMethodError;RAISE:NoMethodError;RAISE:NoMethodError;RAISE:NoMethodError;RAISE:NoMethodError;RAISE:NoMethodError;RAISE:NoMethodError;UNREPRESENTABLE;RAISE:NoMethodError;RAISE:NoMethodError;RAISE:NoMethodError;RAISE:NoMethodError;RAISE:NoMethodError;RAISE:NoMethodError;RAISE:NoMethodError;RAISE:NoMethodError;RAISE:NoMethodError;RAISE:NoMethodError;RAISE:NoMethodError;RAISE:NoMethodError;RAISE:NoMethodError;RAISE:NoMethodError;RAISE:NoMethodError;UNREPRESENTABLE;RAISE:NoMethodError;RAISE:NoMethodError;RAISE:NoMethodError;RAISE:NoMethodError;RAISE:NoMethodError;RAISE:NoMethodError;RAISE:NoMethodError;RAISE:NoMethodError;RAISE:NoMethodError;RAISE:NoMethodError;RAISE:NoMethodError,0,255,17,"whole/L1/17:-2^63,-2^63+1,-2^53-1,-2^31,-42,-1,0,1,7,42,1000,2^31-1,2^31,2^53-1,2^53+1,2^63-1,2^64-1","fractional/L1/15:-max_finite,-1.5,-1.0,-(1.0-1ulp),+0.0,+min_subnormal,+min_normal,1.0-1ulp,1.0,1.0+1ulp,1.5,pi,2^53,max_finite,0.1"
A12_3_7,1,whole|fractional,Rational,BigDecimal,"whole/L1/17:-2^63,-2^63+1,-2^53-1,-2^31,-42,-1,0,1,7,42,1000,2^31-1,2^31,2^53-1,2^53+1,2^63-1,2^64-1","fractional/L1/16:-max_finite,-1.5,-1.0,-(1.0-1ulp),-0.0,+0.0,+min_subnormal,+min_normal,1.0-1ulp,1.0,1.0+1ulp,1.5,pi,2^53,max_finite,0.1",272,RAISE:NoMethodError;RAISE:NoMethodError;RAISE:NoMethodError;RAISE:NoMethodError;RAISE:NoMethodError;RAISE:NoMethodError;RAISE:NoMethodError;RAISE:NoMethodError;RAISE:NoMethodError;RAISE:NoMethodError;RAISE:NoMethodError;RAISE:NoMethodError;RAISE:NoMethodError;RAISE:NoMethodError;RAISE:NoMethodError;RAISE:NoMethodError;RAISE:NoMethodError;RAISE:NoMethodError;RAISE:NoMethodError;RAISE:NoMethodError;RAISE:NoMethodError;RAISE:NoMethodError;RAISE:NoMethodError;RAISE:NoMethodError;RAISE:NoMethodError;RAISE:NoMethodError;RAISE:NoMethodError;RAISE:NoMethodError;RAISE:NoMethodError;RAISE:NoMethodError;RAISE:NoMethodError;RAISE:NoMethodError;RAISE:NoMethodError;RAISE:NoMethodError;RAISE:NoMethodError;RAISE:NoMethodError;RAISE:NoMethodError;RAISE:NoMethodError;RAISE:NoMethodError;RAISE:NoMethodError;RAISE:NoMethodError;RAISE:NoMethodError;RAISE:NoMethodError;RAISE:NoMethodError;RAISE:NoMethodError;RAISE:NoMethodError;RAISE:NoMethodError;RAISE:NoMethodError;RAISE:NoMethodError;RAISE:NoMethodError;RAISE:NoMethodError;RAISE:NoMethodError;RAISE:NoMethodError;RAISE:NoMethodError;RAISE:NoMethodError;RAISE:NoMethodError;RAISE:NoMethodError;RAISE:NoMethodError;RAISE:NoMethodError;RAISE:NoMethodError;RAISE:NoMethodError;RAISE:NoMethodError;RAISE:NoMethodError;RAISE:NoMethodError;RAISE:NoMethodError;RAISE:NoMethodError;RAISE:NoMethodError;RAISE:NoMethodError;RAISE:NoMethodError;RAISE:NoMethodError;RAISE:NoMethodError;RAISE:NoMethodError;RAISE:NoMethodError;RAISE:NoMethodError;RAISE:NoMethodError;RAISE:NoMethodError;RAISE:NoMethodError;RAISE:NoMethodError;RAISE:NoMethodError;RAISE:NoMethodError;RAISE:NoMethodError;RAISE:NoMethodError;RAISE:NoMethodError;RAISE:NoMethodError;RAISE:NoMethodError;RAISE:NoMethodError;RAISE:NoMethodError;RAISE:NoMethodError;RAISE:NoMethodError;RAISE:NoMethodError;RAISE:NoMethodError;RAISE:NoMethodError;RAISE:NoMethodError;RAISE:NoMethodError;RAISE:NoMethodError;RAISE:NoMethodError;RAISE:NoMethodError;RAISE:NoMethodError;RAISE:NoMethodError;RAISE:NoMethodError;RAISE:NoMethodError;RAISE:NoMethodError;RAISE:NoMethodError;RAISE:NoMethodError;RAISE:NoMethodError;RAISE:NoMethodError;RAISE:NoMethodError;RAISE:NoMethodError;RAISE:NoMethodError;RAISE:NoMethodError;RAISE:NoMethodError;RAISE:NoMethodError;RAISE:NoMethodError;RAISE:NoMethodError;RAISE:NoMethodError;RAISE:NoMethodError;RAISE:NoMethodError;RAISE:NoMethodError;RAISE:NoMethodError;RAISE:NoMethodError;RAISE:NoMethodError;RAISE:NoMethodError;RAISE:NoMethodError;RAISE:NoMethodError;RAISE:NoMethodError;RAISE:NoMethodError;RAISE:NoMethodError;RAISE:NoMethodError;RAISE:NoMethodError;RAISE:NoMethodError;RAISE:NoMethodError;RAISE:NoMethodError;RAISE:NoMethodError;RAISE:NoMethodError;RAISE:NoMethodError;RAISE:NoMethodError;RAISE:NoMethodError;RAISE:NoMethodError;RAISE:NoMethodError;RAISE:NoMethodError;RAISE:NoMethodError;RAISE:NoMethodError;RAISE:NoMethodError;RAISE:NoMethodError;RAISE:NoMethodError;RAISE:NoMethodError;RAISE:NoMethodError;RAISE:NoMethodError;RAISE:NoMethodError;RAISE:NoMethodError;RAISE:NoMethodError;RAISE:NoMethodError;RAISE:NoMethodError;RAISE:NoMethodError;RAISE:NoMethodError;RAISE:NoMethodError;RAISE:NoMethodError;RAISE:NoMethodError;RAISE:NoMethodError;RAISE:NoMethodError;RAISE:NoMethodError;RAISE:NoMethodError;RAISE:NoMethodError;RAISE:NoMethodError;RAISE:NoMethodError;RAISE:NoMethodError;RAISE:NoMethodError;RAISE:NoMethodError;RAISE:NoMethodError;RAISE:NoMethodError;RAISE:NoMethodError;RAISE:NoMethodError;RAISE:NoMethodError;RAISE:NoMethodError;RAISE:NoMethodError;RAISE:NoMethodError;RAISE:NoMethodError;RAISE:NoMethodError;RAISE:NoMethodError;RAISE:NoMethodError;RAISE:NoMethodError;RAISE:NoMethodError;RAISE:NoMethodError;RAISE:NoMethodError;RAISE:NoMethodError;RAISE:NoMethodError;RAISE:NoMethodError;RAISE:NoMethodError;RAISE:NoMethodError;RAISE:NoMethodError;RAISE:NoMethodError;RAISE:NoMethodError;RAISE:NoMethodError;RAISE:NoMethodError;RAISE:NoMethodError;RAISE:NoMethodError;RAISE:NoMethodError;RAISE:NoMethodError;RAISE:NoMethodError;RAISE:NoMethodError;RAISE:NoMethodError;RAISE:NoMethodError;RAISE:NoMethodError;RAISE:NoMethodError;RAISE:NoMethodError;RAISE:NoMethodError;RAISE:NoMethodError;RAISE:NoMethodError;RAISE:NoMethodError;RAISE:NoMethodError;RAISE:NoMethodError;RAISE:NoMethodError;RAISE:NoMethodError;RAISE:NoMethodError;RAISE:NoMethodError;RAISE:NoMethodError;RAISE:NoMethodError;RAISE:NoMethodError;RAISE:NoMethodError;RAISE:NoMethodError;RAISE:NoMethodError;RAISE:NoMethodError;RAISE:NoMethodError;RAISE:NoMethodError;RAISE:NoMethodError;RAISE:NoMethodError;RAISE:NoMethodError;RAISE:NoMethodError;RAISE:NoMethodError;RAISE:NoMethodError;RAISE:NoMethodError;RAISE:NoMethodError;RAISE:NoMethodError;RAISE:NoMethodError;RAISE:NoMethodError;RAISE:NoMethodError;RAISE:NoMethodError;RAISE:NoMethodError;RAISE:NoMethodError;RAISE:NoMethodError;RAISE:NoMethodError;RAISE:NoMethodError;RAISE:NoMethodError;RAISE:NoMethodError;RAISE:NoMethodError;RAISE:NoMethodError;RAISE:NoMethodError;RAISE:NoMethodError;RAISE:NoMethodError;RAISE:NoMethodError;RAISE:NoMethodError;RAISE:NoMethodError;RAISE:NoMethodError;RAISE:NoMethodError;RAISE:NoMethodError;RAISE:NoMethodError;RAISE:NoMethodError;RAISE:NoMethodError;RAISE:NoMethodError;RAISE:NoMethodError;RAISE:NoMethodError;RAISE:NoMethodError;RAISE:NoMethodError;RAISE:NoMethodError;RAISE:NoMethodError;RAISE:NoMethodError;RAISE:NoMethodError;RAISE:NoMethodError;RAISE:NoMethodError;RAISE:NoMethodError;RAISE:NoMethodError;RAISE:NoMethodError,0,272,0,"whole/L1/17:-2^63,-2^63+1,-2^53-1,-2^31,-42,-1,0,1,7,42,1000,2^31-1,2^31,2^53-1,2^53+1,2^63-1,2^64-1","fractional/L1/16:-max_finite,-1.5,-1.0,-(1.0-1ulp),-0.0,+0.0,+min_subnormal,+min_normal,1.0-1ulp,1.0,1.0+1ulp,1.5,pi,2^53,max_finite,0.1"
A12_4_1,1,whole|truth,BigDecimal,TrueFalse,"whole/L1/17:-2^63,-2^63+1,-2^53-1,-2^31,-42,-1,0,1,7,42,1000,2^31-1,2^31,2^53-1,2^53+1,2^63-1,2^64-1","truth/L1/6:true,false,0,1,"""",nil",102,RAISE:NoMethodError;RAISE:NoMethodError;RAISE:NoMethodError;RAISE:NoMethodError;RAISE:NoMethodError;RAISE:NoMethodError;RAISE:NoMethodError;RAISE:NoMethodError;RAISE:NoMethodError;RAISE:NoMethodError;RAISE:NoMethodError;RAISE:NoMethodError;RAISE:NoMethodError;RAISE:NoMethodError;RAISE:NoMethodError;RAISE:NoMethodError;RAISE:NoMethodError;RAISE:NoMethodError;RAISE:NoMethodError;RAISE:NoMethodError;RAISE:NoMethodError;RAISE:NoMethodError;RAISE:NoMethodError;RAISE:NoMethodError;RAISE:NoMethodError;RAISE:NoMethodError;RAISE:NoMethodError;RAISE:NoMethodError;RAISE:NoMethodError;RAISE:NoMethodError;RAISE:NoMethodError;RAISE:NoMethodError;RAISE:NoMethodError;RAISE:NoMethodError;RAISE:NoMethodError;RAISE:NoMethodError;RAISE:NoMethodError;RAISE:NoMethodError;RAISE:NoMethodError;RAISE:NoMethodError;RAISE:NoMethodError;RAISE:NoMethodError;RAISE:NoMethodError;RAISE:NoMethodError;RAISE:NoMethodError;RAISE:NoMethodError;RAISE:NoMethodError;RAISE:NoMethodError;RAISE:NoMethodError;RAISE:NoMethodError;RAISE:NoMethodError;RAISE:NoMethodError;RAISE:NoMethodError;RAISE:NoMethodError;RAISE:NoMethodError;RAISE:NoMethodError;RAISE:NoMethodError;RAISE:NoMethodError;RAISE:NoMethodError;RAISE:NoMethodError;RAISE:NoMethodError;RAISE:NoMethodError;RAISE:NoMethodError;RAISE:NoMethodError;RAISE:NoMethodError;RAISE:NoMethodError;RAISE:NoMethodError;RAISE:NoMethodError;RAISE:NoMethodError;RAISE:NoMethodError;RAISE:NoMethodError;RAISE:NoMethodError;RAISE:NoMethodError;RAISE:NoMethodError;RAISE:NoMethodError;RAISE:NoMethodError;RAISE:NoMethodError;RAISE:NoMethodError;RAISE:NoMethodError;RAISE:NoMethodError;RAISE:NoMethodError;RAISE:NoMethodError;RAISE:NoMethodError;RAISE:NoMethodError;RAISE:NoMethodError;RAISE:NoMethodError;RAISE:NoMethodError;RAISE:NoMethodError;RAISE:NoMethodError;RAISE:NoMethodError;RAISE:NoMethodError;RAISE:NoMethodError;RAISE:NoMethodError;RAISE:NoMethodError;RAISE:NoMethodError;RAISE:NoMethodError;RAISE:NoMethodError;RAISE:NoMethodError;RAISE:NoMethodError;RAISE:NoMethodError;RAISE:NoMethodError;RAISE:NoMethodError,0,102,0,"whole/L1/17:-2^63,-2^63+1,-2^53-1,-2^31,-42,-1,0,1,7,42,1000,2^31-1,2^31,2^53-1,2^53+1,2^63-1,2^64-1","truth/L1/6:true,false,0,1,"""",nil"
A12_4_2,1,whole|whole,BigDecimal,Integer,"whole/L1/17:-2^63,-2^63+1,-2^53-1,-2^31,-42,-1,0,1,7,42,1000,2^31-1,2^31,2^53-1,2^53+1,2^63-1,2^64-1","whole/L1/17:-2^63,-2^63+1,-2^53-1,-2^31,-42,-1,0,1,7,42,1000,2^31-1,2^31,2^53-1,2^53+1,2^63-1,2^64-1",289,RAISE:NoMethodError;RAISE:NoMethodError;RAISE:NoMethodError;RAISE:NoMethodError;RAISE:NoMethodError;RAISE:NoMethodError;RAISE:NoMethodError;RAISE:NoMethodError;RAISE:NoMethodError;RAISE:NoMethodError;RAISE:NoMethodError;RAISE:NoMethodError;RAISE:NoMethodError;RAISE:NoMethodError;RAISE:NoMethodError;RAISE:NoMethodError;RAISE:NoMethodError;RAISE:NoMethodError;RAISE:NoMethodError;RAISE:NoMethodError;RAISE:NoMethodError;RAISE:NoMethodError;RAISE:NoMethodError;RAISE:NoMethodError;RAISE:NoMethodError;RAISE:NoMethodError;RAISE:NoMethodError;RAISE:NoMethodError;RAISE:NoMethodError;RAISE:NoMethodError;RAISE:NoMethodError;RAISE:NoMethodError;RAISE:NoMethodError;RAISE:NoMethodError;RAISE:NoMethodError;RAISE:NoMethodError;RAISE:NoMethodError;RAISE:NoMethodError;RAISE:NoMethodError;RAISE:NoMethodError;RAISE:NoMethodError;RAISE:NoMethodError;RAISE:NoMethodError;RAISE:NoMethodError;RAISE:NoMethodError;RAISE:NoMethodError;RAISE:NoMethodError;RAISE:NoMethodError;RAISE:NoMethodError;RAISE:NoMethodError;RAISE:NoMethodError;RAISE:NoMethodError;RAISE:NoMethodError;RAISE:NoMethodError;RAISE:NoMethodError;RAISE:NoMethodError;RAISE:NoMethodError;RAISE:NoMethodError;RAISE:NoMethodError;RAISE:NoMethodError;RAISE:NoMethodError;RAISE:NoMethodError;RAISE:NoMethodError;RAISE:NoMethodError;RAISE:NoMethodError;RAISE:NoMethodError;RAISE:NoMethodError;RAISE:NoMethodError;RAISE:NoMethodError;RAISE:NoMethodError;RAISE:NoMethodError;RAISE:NoMethodError;RAISE:NoMethodError;RAISE:NoMethodError;RAISE:NoMethodError;RAISE:NoMethodError;RAISE:NoMethodError;RAISE:NoMethodError;RAISE:NoMethodError;RAISE:NoMethodError;RAISE:NoMethodError;RAISE:NoMethodError;RAISE:NoMethodError;RAISE:NoMethodError;RAISE:NoMethodError;RAISE:NoMethodError;RAISE:NoMethodError;RAISE:NoMethodError;RAISE:NoMethodError;RAISE:NoMethodError;RAISE:NoMethodError;RAISE:NoMethodError;RAISE:NoMethodError;RAISE:NoMethodError;RAISE:NoMethodError;RAISE:NoMethodError;RAISE:NoMethodError;RAISE:NoMethodError;RAISE:NoMethodError;RAISE:NoMethodError;RAISE:NoMethodError;RAISE:NoMethodError;RAISE:NoMethodError;RAISE:NoMethodError;RAISE:NoMethodError;RAISE:NoMethodError;RAISE:NoMethodError;RAISE:NoMethodError;RAISE:NoMethodError;RAISE:NoMethodError;RAISE:NoMethodError;RAISE:NoMethodError;RAISE:NoMethodError;RAISE:NoMethodError;RAISE:NoMethodError;RAISE:NoMethodError;RAISE:NoMethodError;RAISE:NoMethodError;RAISE:NoMethodError;RAISE:NoMethodError;RAISE:NoMethodError;RAISE:NoMethodError;RAISE:NoMethodError;RAISE:NoMethodError;RAISE:NoMethodError;RAISE:NoMethodError;RAISE:NoMethodError;RAISE:NoMethodError;RAISE:NoMethodError;RAISE:NoMethodError;RAISE:NoMethodError;RAISE:NoMethodError;RAISE:NoMethodError;RAISE:NoMethodError;RAISE:NoMethodError;RAISE:NoMethodError;RAISE:NoMethodError;RAISE:NoMethodError;RAISE:NoMethodError;RAISE:NoMethodError;RAISE:NoMethodError;RAISE:NoMethodError;RAISE:NoMethodError;RAISE:NoMethodError;RAISE:NoMethodError;RAISE:NoMethodError;RAISE:NoMethodError;RAISE:NoMethodError;RAISE:NoMethodError;RAISE:NoMethodError;RAISE:NoMethodError;RAISE:NoMethodError;RAISE:NoMethodError;RAISE:NoMethodError;RAISE:NoMethodError;RAISE:NoMethodError;RAISE:NoMethodError;RAISE:NoMethodError;RAISE:NoMethodError;RAISE:NoMethodError;RAISE:NoMethodError;RAISE:NoMethodError;RAISE:NoMethodError;RAISE:NoMethodError;RAISE:NoMethodError;RAISE:NoMethodError;RAISE:NoMethodError;RAISE:NoMethodError;RAISE:NoMethodError;RAISE:NoMethodError;RAISE:NoMethodError;RAISE:NoMethodError;RAISE:NoMethodError;RAISE:NoMethodError;RAISE:NoMethodError;RAISE:NoMethodError;RAISE:NoMethodError;RAISE:NoMethodError;RAISE:NoMethodError;RAISE:NoMethodError;RAISE:NoMethodError;RAISE:NoMethodError;RAISE:NoMethodError;RAISE:NoMethodError;RAISE:NoMethodError;RAISE:NoMethodError;RAISE:NoMethodError;RAISE:NoMethodError;RAISE:NoMethodError;RAISE:NoMethodError;RAISE:NoMethodError;RAISE:NoMethodError;RAISE:NoMethodError;RAISE:NoMethodError;RAISE:NoMethodError;RAISE:NoMethodError;RAISE:NoMethodError;RAISE:NoMethodError;RAISE:NoMethodError;RAISE:NoMethodError;RAISE:NoMethodError;RAISE:NoMethodError;RAISE:NoMethodError;RAISE:NoMethodError;RAISE:NoMethodError;RAISE:NoMethodError;RAISE:NoMethodError;RAISE:NoMethodError;RAISE:NoMethodError;RAISE:NoMethodError;RAISE:NoMethodError;RAISE:NoMethodError;RAISE:NoMethodError;RAISE:NoMethodError;RAISE:NoMethodError;RAISE:NoMethodError;RAISE:NoMethodError;RAISE:NoMethodError;RAISE:NoMethodError;RAISE:NoMethodError;RAISE:NoMethodError;RAISE:NoMethodError;RAISE:NoMethodError;RAISE:NoMethodError;RAISE:NoMethodError;RAISE:NoMethodError;RAISE:NoMethodError;RAISE:NoMethodError;RAISE:NoMethodError;RAISE:NoMethodError;RAISE:NoMethodError;RAISE:NoMethodError;RAISE:NoMethodError;RAISE:NoMethodError;RAISE:NoMethodError;RAISE:NoMethodError;RAISE:NoMethodError;RAISE:NoMethodError;RAISE:NoMethodError;RAISE:NoMethodError;RAISE:NoMethodError;RAISE:NoMethodError;RAISE:NoMethodError;RAISE:NoMethodError;RAISE:NoMethodError;RAISE:NoMethodError;RAISE:NoMethodError;RAISE:NoMethodError;RAISE:NoMethodError;RAISE:NoMethodError;RAISE:NoMethodError;RAISE:NoMethodError;RAISE:NoMethodError;RAISE:NoMethodError;RAISE:NoMethodError;RAISE:NoMethodError;RAISE:NoMethodError;RAISE:NoMethodError;RAISE:NoMethodError;RAISE:NoMethodError;RAISE:NoMethodError;RAISE:NoMethodError;RAISE:NoMethodError;RAISE:NoMethodError;RAISE:NoMethodError;RAISE:NoMethodError;RAISE:NoMethodError;RAISE:NoMethodError;RAISE:NoMethodError;RAISE:NoMethodError;RAISE:NoMethodError;RAISE:NoMethodError;RAISE:NoMethodError;RAISE:NoMethodError;RAISE:NoMethodError;RAISE:NoMethodError;RAISE:NoMethodError;RAISE:NoMethodError;RAISE:NoMethodError;RAISE:NoMethodError;RAISE:NoMethodError;RAISE:NoMethodError;RAISE:NoMethodError;RAISE:NoMethodError;RAISE:NoMethodError;RAISE:NoMethodError;RAISE:NoMethodError;RAISE:NoMethodError;RAISE:NoMethodError,0,289,0,"whole/L1/17:-2^63,-2^63+1,-2^53-1,-2^31,-42,-1,0,1,7,42,1000,2^31-1,2^31,2^53-1,2^53+1,2^63-1,2^64-1","whole/L1/17:-2^63,-2^63+1,-2^53-1,-2^31,-42,-1,0,1,7,42,1000,2^31-1,2^31,2^53-1,2^53+1,2^63-1,2^64-1"
A12_4_3,1,whole|whole,BigDecimal,Rational,"whole/L1/17:-2^63,-2^63+1,-2^53-1,-2^31,-42,-1,0,1,7,42,1000,2^31-1,2^31,2^53-1,2^53+1,2^63-1,2^64-1","whole/L1/17:-2^63,-2^63+1,-2^53-1,-2^31,-42,-1,0,1,7,42,1000,2^31-1,2^31,2^53-1,2^53+1,2^63-1,2^64-1",289,RAISE:NoMethodError;RAISE:NoMethodError;RAISE:NoMethodError;RAISE:NoMethodError;RAISE:NoMethodError;RAISE:NoMethodError;RAISE:NoMethodError;RAISE:NoMethodError;RAISE:NoMethodError;RAISE:NoMethodError;RAISE:NoMethodError;RAISE:NoMethodError;RAISE:NoMethodError;RAISE:NoMethodError;RAISE:NoMethodError;RAISE:NoMethodError;RAISE:NoMethodError;RAISE:NoMethodError;RAISE:NoMethodError;RAISE:NoMethodError;RAISE:NoMethodError;RAISE:NoMethodError;RAISE:NoMethodError;RAISE:NoMethodError;RAISE:NoMethodError;RAISE:NoMethodError;RAISE:NoMethodError;RAISE:NoMethodError;RAISE:NoMethodError;RAISE:NoMethodError;RAISE:NoMethodError;RAISE:NoMethodError;RAISE:NoMethodError;RAISE:NoMethodError;RAISE:NoMethodError;RAISE:NoMethodError;RAISE:NoMethodError;RAISE:NoMethodError;RAISE:NoMethodError;RAISE:NoMethodError;RAISE:NoMethodError;RAISE:NoMethodError;RAISE:NoMethodError;RAISE:NoMethodError;RAISE:NoMethodError;RAISE:NoMethodError;RAISE:NoMethodError;RAISE:NoMethodError;RAISE:NoMethodError;RAISE:NoMethodError;RAISE:NoMethodError;RAISE:NoMethodError;RAISE:NoMethodError;RAISE:NoMethodError;RAISE:NoMethodError;RAISE:NoMethodError;RAISE:NoMethodError;RAISE:NoMethodError;RAISE:NoMethodError;RAISE:NoMethodError;RAISE:NoMethodError;RAISE:NoMethodError;RAISE:NoMethodError;RAISE:NoMethodError;RAISE:NoMethodError;RAISE:NoMethodError;RAISE:NoMethodError;RAISE:NoMethodError;RAISE:NoMethodError;RAISE:NoMethodError;RAISE:NoMethodError;RAISE:NoMethodError;RAISE:NoMethodError;RAISE:NoMethodError;RAISE:NoMethodError;RAISE:NoMethodError;RAISE:NoMethodError;RAISE:NoMethodError;RAISE:NoMethodError;RAISE:NoMethodError;RAISE:NoMethodError;RAISE:NoMethodError;RAISE:NoMethodError;RAISE:NoMethodError;RAISE:NoMethodError;RAISE:NoMethodError;RAISE:NoMethodError;RAISE:NoMethodError;RAISE:NoMethodError;RAISE:NoMethodError;RAISE:NoMethodError;RAISE:NoMethodError;RAISE:NoMethodError;RAISE:NoMethodError;RAISE:NoMethodError;RAISE:NoMethodError;RAISE:NoMethodError;RAISE:NoMethodError;RAISE:NoMethodError;RAISE:NoMethodError;RAISE:NoMethodError;RAISE:NoMethodError;RAISE:NoMethodError;RAISE:NoMethodError;RAISE:NoMethodError;RAISE:NoMethodError;RAISE:NoMethodError;RAISE:NoMethodError;RAISE:NoMethodError;RAISE:NoMethodError;RAISE:NoMethodError;RAISE:NoMethodError;RAISE:NoMethodError;RAISE:NoMethodError;RAISE:NoMethodError;RAISE:NoMethodError;RAISE:NoMethodError;RAISE:NoMethodError;RAISE:NoMethodError;RAISE:NoMethodError;RAISE:NoMethodError;RAISE:NoMethodError;RAISE:NoMethodError;RAISE:NoMethodError;RAISE:NoMethodError;RAISE:NoMethodError;RAISE:NoMethodError;RAISE:NoMethodError;RAISE:NoMethodError;RAISE:NoMethodError;RAISE:NoMethodError;RAISE:NoMethodError;RAISE:NoMethodError;RAISE:NoMethodError;RAISE:NoMethodError;RAISE:NoMethodError;RAISE:NoMethodError;RAISE:NoMethodError;RAISE:NoMethodError;RAISE:NoMethodError;RAISE:NoMethodError;RAISE:NoMethodError;RAISE:NoMethodError;RAISE:NoMethodError;RAISE:NoMethodError;RAISE:NoMethodError;RAISE:NoMethodError;RAISE:NoMethodError;RAISE:NoMethodError;RAISE:NoMethodError;RAISE:NoMethodError;RAISE:NoMethodError;RAISE:NoMethodError;RAISE:NoMethodError;RAISE:NoMethodError;RAISE:NoMethodError;RAISE:NoMethodError;RAISE:NoMethodError;RAISE:NoMethodError;RAISE:NoMethodError;RAISE:NoMethodError;RAISE:NoMethodError;RAISE:NoMethodError;RAISE:NoMethodError;RAISE:NoMethodError;RAISE:NoMethodError;RAISE:NoMethodError;RAISE:NoMethodError;RAISE:NoMethodError;RAISE:NoMethodError;RAISE:NoMethodError;RAISE:NoMethodError;RAISE:NoMethodError;RAISE:NoMethodError;RAISE:NoMethodError;RAISE:NoMethodError;RAISE:NoMethodError;RAISE:NoMethodError;RAISE:NoMethodError;RAISE:NoMethodError;RAISE:NoMethodError;RAISE:NoMethodError;RAISE:NoMethodError;RAISE:NoMethodError;RAISE:NoMethodError;RAISE:NoMethodError;RAISE:NoMethodError;RAISE:NoMethodError;RAISE:NoMethodError;RAISE:NoMethodError;RAISE:NoMethodError;RAISE:NoMethodError;RAISE:NoMethodError;RAISE:NoMethodError;RAISE:NoMethodError;RAISE:NoMethodError;RAISE:NoMethodError;RAISE:NoMethodError;RAISE:NoMethodError;RAISE:NoMethodError;RAISE:NoMethodError;RAISE:NoMethodError;RAISE:NoMethodError;RAISE:NoMethodError;RAISE:NoMethodError;RAISE:NoMethodError;RAISE:NoMethodError;RAISE:NoMethodError;RAISE:NoMethodError;RAISE:NoMethodError;RAISE:NoMethodError;RAISE:NoMethodError;RAISE:NoMethodError;RAISE:NoMethodError;RAISE:NoMethodError;RAISE:NoMethodError;RAISE:NoMethodError;RAISE:NoMethodError;RAISE:NoMethodError;RAISE:NoMethodError;RAISE:NoMethodError;RAISE:NoMethodError;RAISE:NoMethodError;RAISE:NoMethodError;RAISE:NoMethodError;RAISE:NoMethodError;RAISE:NoMethodError;RAISE:NoMethodError;RAISE:NoMethodError;RAISE:NoMethodError;RAISE:NoMethodError;RAISE:NoMethodError;RAISE:NoMethodError;RAISE:NoMethodError;RAISE:NoMethodError;RAISE:NoMethodError;RAISE:NoMethodError;RAISE:NoMethodError;RAISE:NoMethodError;RAISE:NoMethodError;RAISE:NoMethodError;RAISE:NoMethodError;RAISE:NoMethodError;RAISE:NoMethodError;RAISE:NoMethodError;RAISE:NoMethodError;RAISE:NoMethodError;RAISE:NoMethodError;RAISE:NoMethodError;RAISE:NoMethodError;RAISE:NoMethodError;RAISE:NoMethodError;RAISE:NoMethodError;RAISE:NoMethodError;RAISE:NoMethodError;RAISE:NoMethodError;RAISE:NoMethodError;RAISE:NoMethodError;RAISE:NoMethodError;RAISE:NoMethodError;RAISE:NoMethodError;RAISE:NoMethodError;RAISE:NoMethodError;RAISE:NoMethodError;RAISE:NoMethodError;RAISE:NoMethodError;RAISE:NoMethodError;RAISE:NoMethodError;RAISE:NoMethodError;RAISE:NoMethodError;RAISE:NoMethodError;RAISE:NoMethodError;RAISE:NoMethodError;RAISE:NoMethodError;RAISE:NoMethodError;RAISE:NoMethodError;RAISE:NoMethodError;RAISE:NoMethodError;RAISE:NoMethodError;RAISE:NoMethodError;RAISE:NoMethodError;RAISE:NoMethodError;RAISE:NoMethodError;RAISE:NoMethodError;RAISE:NoMethodError;RAISE:NoMethodError;RAISE:NoMethodError;RAISE:NoMethodError;RAISE:NoMethodError,0,289,0,"whole/L1/17:-2^63,-2^63+1,-2^53-1,-2^31,-42,-1,0,1,7,42,1000,2^31-1,2^31,2^53-1,2^53+1,2^63-1,2^64-1","whole/L1/17:-2^63,-2^63+1,-2^53-1,-2^31,-42,-1,0,1,7,42,1000,2^31-1,2^31,2^53-1,2^53+1,2^63-1,2^64-1"
A12_4_4,1,whole|whole,BigDecimal,BigDecimal,"whole/L1/17:-2^63,-2^63+1,-2^53-1,-2^31,-42,-1,0,1,7,42,1000,2^31-1,2^31,2^53-1,2^53+1,2^63-1,2^64-1","whole/L1/17:-2^63,-2^63+1,-2^53-1,-2^31,-42,-1,0,1,7,42,1000,2^31-1,2^31,2^53-1,2^53+1,2^63-1,2^64-1",289,RAISE:NoMethodError;RAISE:NoMethodError;RAISE:NoMethodError;RAISE:NoMethodError;RAISE:NoMethodError;RAISE:NoMethodError;RAISE:NoMethodError;RAISE:NoMethodError;RAISE:NoMethodError;RAISE:NoMethodError;RAISE:NoMethodError;RAISE:NoMethodError;RAISE:NoMethodError;RAISE:NoMethodError;RAISE:NoMethodError;RAISE:NoMethodError;RAISE:NoMethodError;RAISE:NoMethodError;RAISE:NoMethodError;RAISE:NoMethodError;RAISE:NoMethodError;RAISE:NoMethodError;RAISE:NoMethodError;RAISE:NoMethodError;RAISE:NoMethodError;RAISE:NoMethodError;RAISE:NoMethodError;RAISE:NoMethodError;RAISE:NoMethodError;RAISE:NoMethodError;RAISE:NoMethodError;RAISE:NoMethodError;RAISE:NoMethodError;RAISE:NoMethodError;RAISE:NoMethodError;RAISE:NoMethodError;RAISE:NoMethodError;RAISE:NoMethodError;RAISE:NoMethodError;RAISE:NoMethodError;RAISE:NoMethodError;RAISE:NoMethodError;RAISE:NoMethodError;RAISE:NoMethodError;RAISE:NoMethodError;RAISE:NoMethodError;RAISE:NoMethodError;RAISE:NoMethodError;RAISE:NoMethodError;RAISE:NoMethodError;RAISE:NoMethodError;RAISE:NoMethodError;RAISE:NoMethodError;RAISE:NoMethodError;RAISE:NoMethodError;RAISE:NoMethodError;RAISE:NoMethodError;RAISE:NoMethodError;RAISE:NoMethodError;RAISE:NoMethodError;RAISE:NoMethodError;RAISE:NoMethodError;RAISE:NoMethodError;RAISE:NoMethodError;RAISE:NoMethodError;RAISE:NoMethodError;RAISE:NoMethodError;RAISE:NoMethodError;RAISE:NoMethodError;RAISE:NoMethodError;RAISE:NoMethodError;RAISE:NoMethodError;RAISE:NoMethodError;RAISE:NoMethodError;RAISE:NoMethodError;RAISE:NoMethodError;RAISE:NoMethodError;RAISE:NoMethodError;RAISE:NoMethodError;RAISE:NoMethodError;RAISE:NoMethodError;RAISE:NoMethodError;RAISE:NoMethodError;RAISE:NoMethodError;RAISE:NoMethodError;RAISE:NoMethodError;RAISE:NoMethodError;RAISE:NoMethodError;RAISE:NoMethodError;RAISE:NoMethodError;RAISE:NoMethodError;RAISE:NoMethodError;RAISE:NoMethodError;RAISE:NoMethodError;RAISE:NoMethodError;RAISE:NoMethodError;RAISE:NoMethodError;RAISE:NoMethodError;RAISE:NoMethodError;RAISE:NoMethodError;RAISE:NoMethodError;RAISE:NoMethodError;RAISE:NoMethodError;RAISE:NoMethodError;RAISE:NoMethodError;RAISE:NoMethodError;RAISE:NoMethodError;RAISE:NoMethodError;RAISE:NoMethodError;RAISE:NoMethodError;RAISE:NoMethodError;RAISE:NoMethodError;RAISE:NoMethodError;RAISE:NoMethodError;RAISE:NoMethodError;RAISE:NoMethodError;RAISE:NoMethodError;RAISE:NoMethodError;RAISE:NoMethodError;RAISE:NoMethodError;RAISE:NoMethodError;RAISE:NoMethodError;RAISE:NoMethodError;RAISE:NoMethodError;RAISE:NoMethodError;RAISE:NoMethodError;RAISE:NoMethodError;RAISE:NoMethodError;RAISE:NoMethodError;RAISE:NoMethodError;RAISE:NoMethodError;RAISE:NoMethodError;RAISE:NoMethodError;RAISE:NoMethodError;RAISE:NoMethodError;RAISE:NoMethodError;RAISE:NoMethodError;RAISE:NoMethodError;RAISE:NoMethodError;RAISE:NoMethodError;RAISE:NoMethodError;RAISE:NoMethodError;RAISE:NoMethodError;RAISE:NoMethodError;RAISE:NoMethodError;RAISE:NoMethodError;RAISE:NoMethodError;RAISE:NoMethodError;RAISE:NoMethodError;RAISE:NoMethodError;RAISE:NoMethodError;RAISE:NoMethodError;RAISE:NoMethodError;RAISE:NoMethodError;RAISE:NoMethodError;RAISE:NoMethodError;RAISE:NoMethodError;RAISE:NoMethodError;RAISE:NoMethodError;RAISE:NoMethodError;RAISE:NoMethodError;RAISE:NoMethodError;RAISE:NoMethodError;RAISE:NoMethodError;RAISE:NoMethodError;RAISE:NoMethodError;RAISE:NoMethodError;RAISE:NoMethodError;RAISE:NoMethodError;RAISE:NoMethodError;RAISE:NoMethodError;RAISE:NoMethodError;RAISE:NoMethodError;RAISE:NoMethodError;RAISE:NoMethodError;RAISE:NoMethodError;RAISE:NoMethodError;RAISE:NoMethodError;RAISE:NoMethodError;RAISE:NoMethodError;RAISE:NoMethodError;RAISE:NoMethodError;RAISE:NoMethodError;RAISE:NoMethodError;RAISE:NoMethodError;RAISE:NoMethodError;RAISE:NoMethodError;RAISE:NoMethodError;RAISE:NoMethodError;RAISE:NoMethodError;RAISE:NoMethodError;RAISE:NoMethodError;RAISE:NoMethodError;RAISE:NoMethodError;RAISE:NoMethodError;RAISE:NoMethodError;RAISE:NoMethodError;RAISE:NoMethodError;RAISE:NoMethodError;RAISE:NoMethodError;RAISE:NoMethodError;RAISE:NoMethodError;RAISE:NoMethodError;RAISE:NoMethodError;RAISE:NoMethodError;RAISE:NoMethodError;RAISE:NoMethodError;RAISE:NoMethodError;RAISE:NoMethodError;RAISE:NoMethodError;RAISE:NoMethodError;RAISE:NoMethodError;RAISE:NoMethodError;RAISE:NoMethodError;RAISE:NoMethodError;RAISE:NoMethodError;RAISE:NoMethodError;RAISE:NoMethodError;RAISE:NoMethodError;RAISE:NoMethodError;RAISE:NoMethodError;RAISE:NoMethodError;RAISE:NoMethodError;RAISE:NoMethodError;RAISE:NoMethodError;RAISE:NoMethodError;RAISE:NoMethodError;RAISE:NoMethodError;RAISE:NoMethodError;RAISE:NoMethodError;RAISE:NoMethodError;RAISE:NoMethodError;RAISE:NoMethodError;RAISE:NoMethodError;RAISE:NoMethodError;RAISE:NoMethodError;RAISE:NoMethodError;RAISE:NoMethodError;RAISE:NoMethodError;RAISE:NoMethodError;RAISE:NoMethodError;RAISE:NoMethodError;RAISE:NoMethodError;RAISE:NoMethodError;RAISE:NoMethodError;RAISE:NoMethodError;RAISE:NoMethodError;RAISE:NoMethodError;RAISE:NoMethodError;RAISE:NoMethodError;RAISE:NoMethodError;RAISE:NoMethodError;RAISE:NoMethodError;RAISE:NoMethodError;RAISE:NoMethodError;RAISE:NoMethodError;RAISE:NoMethodError;RAISE:NoMethodError;RAISE:NoMethodError;RAISE:NoMethodError;RAISE:NoMethodError;RAISE:NoMethodError;RAISE:NoMethodError;RAISE:NoMethodError;RAISE:NoMethodError;RAISE:NoMethodError;RAISE:NoMethodError;RAISE:NoMethodError;RAISE:NoMethodError;RAISE:NoMethodError;RAISE:NoMethodError;RAISE:NoMethodError;RAISE:NoMethodError;RAISE:NoMethodError;RAISE:NoMethodError;RAISE:NoMethodError;RAISE:NoMethodError;RAISE:NoMethodError;RAISE:NoMethodError;RAISE:NoMethodError;RAISE:NoMethodError;RAISE:NoMethodError;RAISE:NoMethodError;RAISE:NoMethodError;RAISE:NoMethodError;RAISE:NoMethodError;RAISE:NoMethodError;RAISE:NoMethodError;RAISE:NoMethodError,0,289,0,"whole/L1/17:-2^63,-2^63+1,-2^53-1,-2^31,-42,-1,0,1,7,42,1000,2^31-1,2^31,2^53-1,2^53+1,2^63-1,2^64-1","whole/L1/17:-2^63,-2^63+1,-2^53-1,-2^31,-42,-1,0,1,7,42,1000,2^31-1,2^31,2^53-1,2^53+1,2^63-1,2^64-1"
A12_4_5,1,whole|fractional,BigDecimal,Float,"whole/L1/17:-2^63,-2^63+1,-2^53-1,-2^31,-42,-1,0,1,7,42,1000,2^31-1,2^31,2^53-1,2^53+1,2^63-1,2^64-1","fractional/L1/16:-max_finite,-1.5,-1.0,-(1.0-1ulp),-0.0,+0.0,+min_subnormal,+min_normal,1.0-1ulp,1.0,1.0+1ulp,1.5,pi,2^53,max_finite,0.1",272,RAISE:NoMethodError;RAISE:NoMethodError;RAISE:NoMethodError;RAISE:NoMethodError;RAISE:NoMethodError;RAISE:NoMethodError;RAISE:NoMethodError;RAISE:NoMethodError;RAISE:NoMethodError;RAISE:NoMethodError;RAISE:NoMethodError;RAISE:NoMethodError;RAISE:NoMethodError;RAISE:NoMethodError;RAISE:NoMethodError;RAISE:NoMethodError;RAISE:NoMethodError;RAISE:NoMethodError;RAISE:NoMethodError;RAISE:NoMethodError;RAISE:NoMethodError;RAISE:NoMethodError;RAISE:NoMethodError;RAISE:NoMethodError;RAISE:NoMethodError;RAISE:NoMethodError;RAISE:NoMethodError;RAISE:NoMethodError;RAISE:NoMethodError;RAISE:NoMethodError;RAISE:NoMethodError;RAISE:NoMethodError;RAISE:NoMethodError;RAISE:NoMethodError;RAISE:NoMethodError;RAISE:NoMethodError;RAISE:NoMethodError;RAISE:NoMethodError;RAISE:NoMethodError;RAISE:NoMethodError;RAISE:NoMethodError;RAISE:NoMethodError;RAISE:NoMethodError;RAISE:NoMethodError;RAISE:NoMethodError;RAISE:NoMethodError;RAISE:NoMethodError;RAISE:NoMethodError;RAISE:NoMethodError;RAISE:NoMethodError;RAISE:NoMethodError;RAISE:NoMethodError;RAISE:NoMethodError;RAISE:NoMethodError;RAISE:NoMethodError;RAISE:NoMethodError;RAISE:NoMethodError;RAISE:NoMethodError;RAISE:NoMethodError;RAISE:NoMethodError;RAISE:NoMethodError;RAISE:NoMethodError;RAISE:NoMethodError;RAISE:NoMethodError;RAISE:NoMethodError;RAISE:NoMethodError;RAISE:NoMethodError;RAISE:NoMethodError;RAISE:NoMethodError;RAISE:NoMethodError;RAISE:NoMethodError;RAISE:NoMethodError;RAISE:NoMethodError;RAISE:NoMethodError;RAISE:NoMethodError;RAISE:NoMethodError;RAISE:NoMethodError;RAISE:NoMethodError;RAISE:NoMethodError;RAISE:NoMethodError;RAISE:NoMethodError;RAISE:NoMethodError;RAISE:NoMethodError;RAISE:NoMethodError;RAISE:NoMethodError;RAISE:NoMethodError;RAISE:NoMethodError;RAISE:NoMethodError;RAISE:NoMethodError;RAISE:NoMethodError;RAISE:NoMethodError;RAISE:NoMethodError;RAISE:NoMethodError;RAISE:NoMethodError;RAISE:NoMethodError;RAISE:NoMethodError;RAISE:NoMethodError;RAISE:NoMethodError;RAISE:NoMethodError;RAISE:NoMethodError;RAISE:NoMethodError;RAISE:NoMethodError;RAISE:NoMethodError;RAISE:NoMethodError;RAISE:NoMethodError;RAISE:NoMethodError;RAISE:NoMethodError;RAISE:NoMethodError;RAISE:NoMethodError;RAISE:NoMethodError;RAISE:NoMethodError;RAISE:NoMethodError;RAISE:NoMethodError;RAISE:NoMethodError;RAISE:NoMethodError;RAISE:NoMethodError;RAISE:NoMethodError;RAISE:NoMethodError;RAISE:NoMethodError;RAISE:NoMethodError;RAISE:NoMethodError;RAISE:NoMethodError;RAISE:NoMethodError;RAISE:NoMethodError;RAISE:NoMethodError;RAISE:NoMethodError;RAISE:NoMethodError;RAISE:NoMethodError;RAISE:NoMethodError;RAISE:NoMethodError;RAISE:NoMethodError;RAISE:NoMethodError;RAISE:NoMethodError;RAISE:NoMethodError;RAISE:NoMethodError;RAISE:NoMethodError;RAISE:NoMethodError;RAISE:NoMethodError;RAISE:NoMethodError;RAISE:NoMethodError;RAISE:NoMethodError;RAISE:NoMethodError;RAISE:NoMethodError;RAISE:NoMethodError;RAISE:NoMethodError;RAISE:NoMethodError;RAISE:NoMethodError;RAISE:NoMethodError;RAISE:NoMethodError;RAISE:NoMethodError;RAISE:NoMethodError;RAISE:NoMethodError;RAISE:NoMethodError;RAISE:NoMethodError;RAISE:NoMethodError;RAISE:NoMethodError;RAISE:NoMethodError;RAISE:NoMethodError;RAISE:NoMethodError;RAISE:NoMethodError;RAISE:NoMethodError;RAISE:NoMethodError;RAISE:NoMethodError;RAISE:NoMethodError;RAISE:NoMethodError;RAISE:NoMethodError;RAISE:NoMethodError;RAISE:NoMethodError;RAISE:NoMethodError;RAISE:NoMethodError;RAISE:NoMethodError;RAISE:NoMethodError;RAISE:NoMethodError;RAISE:NoMethodError;RAISE:NoMethodError;RAISE:NoMethodError;RAISE:NoMethodError;RAISE:NoMethodError;RAISE:NoMethodError;RAISE:NoMethodError;RAISE:NoMethodError;RAISE:NoMethodError;RAISE:NoMethodError;RAISE:NoMethodError;RAISE:NoMethodError;RAISE:NoMethodError;RAISE:NoMethodError;RAISE:NoMethodError;RAISE:NoMethodError;RAISE:NoMethodError;RAISE:NoMethodError;RAISE:NoMethodError;RAISE:NoMethodError;RAISE:NoMethodError;RAISE:NoMethodError;RAISE:NoMethodError;RAISE:NoMethodError;RAISE:NoMethodError;RAISE:NoMethodError;RAISE:NoMethodError;RAISE:NoMethodError;RAISE:NoMethodError;RAISE:NoMethodError;RAISE:NoMethodError;RAISE:NoMethodError;RAISE:NoMethodError;RAISE:NoMethodError;RAISE:NoMethodError;RAISE:NoMethodError;RAISE:NoMethodError;RAISE:NoMethodError;RAISE:NoMethodError;RAISE:NoMethodError;RAISE:NoMethodError;RAISE:NoMethodError;RAISE:NoMethodError;RAISE:NoMethodError;RAISE:NoMethodError;RAISE:NoMethodError;RAISE:NoMethodError;RAISE:NoMethodError;RAISE:NoMethodError;RAISE:NoMethodError;RAISE:NoMethodError;RAISE:NoMethodError;RAISE:NoMethodError;RAISE:NoMethodError;RAISE:NoMethodError;RAISE:NoMethodError;RAISE:NoMethodError;RAISE:NoMethodError;RAISE:NoMethodError;RAISE:NoMethodError;RAISE:NoMethodError;RAISE:NoMethodError;RAISE:NoMethodError;RAISE:NoMethodError;RAISE:NoMethodError;RAISE:NoMethodError;RAISE:NoMethodError;RAISE:NoMethodError;RAISE:NoMethodError;RAISE:NoMethodError;RAISE:NoMethodError;RAISE:NoMethodError;RAISE:NoMethodError;RAISE:NoMethodError;RAISE:NoMethodError;RAISE:NoMethodError;RAISE:NoMethodError;RAISE:NoMethodError;RAISE:NoMethodError;RAISE:NoMethodError;RAISE:NoMethodError;RAISE:NoMethodError;RAISE:NoMethodError;RAISE:NoMethodError;RAISE:NoMethodError;RAISE:NoMethodError;RAISE:NoMethodError;RAISE:NoMethodError;RAISE:NoMethodError;RAISE:NoMethodError;RAISE:NoMethodError;RAISE:NoMethodError;RAISE:NoMethodError;RAISE:NoMethodError;RAISE:NoMethodError;RAISE:NoMethodError;RAISE:NoMethodError;RAISE:NoMethodError;RAISE:NoMethodError,0,272,0,"whole/L1/17:-2^63,-2^63+1,-2^53-1,-2^31,-42,-1,0,1,7,42,1000,2^31-1,2^31,2^53-1,2^53+1,2^63-1,2^64-1","fractional/L1/16:-max_finite,-1.5,-1.0,-(1.0-1ulp),-0.0,+0.0,+min_subnormal,+min_normal,1.0-1ulp,1.0,1.0+1ulp,1.5,pi,2^53,max_finite,0.1"
A12_4_6,1,whole|fractional,BigDecimal,Rational,"whole/L1/17:-2^63,-2^63+1,-2^53-1,-2^31,-42,-1,0,1,7,42,1000,2^31-1,2^31,2^53-1,2^53+1,2^63-1,2^64-1","fractional/L1/16:-max_finite,-1.5,-1.0,-(1.0-1ulp),-0.0,+0.0,+min_subnormal,+min_normal,1.0-1ulp,1.0,1.0+1ulp,1.5,pi,2^53,max_finite,0.1",272,RAISE:NoMethodError;RAISE:NoMethodError;RAISE:NoMethodError;RAISE:NoMethodError;UNREPRESENTABLE;RAISE:NoMethodError;RAISE:NoMethodError;RAISE:NoMethodError;RAISE:NoMethodError;RAISE:NoMethodError;RAISE:NoMethodError;RAISE:NoMethodError;RAISE:NoMethodError;RAISE:NoMethodError;RAISE:NoMethodError;RAISE:NoMethodError;RAISE:NoMethodError;RAISE:NoMethodError;RAISE:NoMethodError;RAISE:NoMethodError;UNREPRESENTABLE;RAISE:NoMethodError;RAISE:NoMethodError;RAISE:NoMethodError;RAISE:NoMethodError;RAISE:NoMethodError;RAISE:NoMethodError;RAISE:NoMethodError;RAISE:NoMethodError;RAISE:NoMethodError;RAISE:NoMethodError;RAISE:NoMethodError;RAISE:NoMethodError;RAISE:NoMethodError;RAISE:NoMethodError;RAISE:NoMethodError;UNREPRESENTABLE;RAISE:NoMethodError;RAISE:NoMethodError;RAISE:NoMethodError;RAISE:NoMethodError;RAISE:NoMethodError;RAISE:NoMethodError;RAISE:NoMethodError;RAISE:NoMethodError;RAISE:NoMethodError;RAISE:NoMethodError;RAISE:NoMethodError;RAISE:NoMethodError;RAISE:NoMethodError;RAISE:NoMethodError;RAISE:NoMethodError;UNREPRESENTABLE;RAISE:NoMethodError;RAISE:NoMethodError;RAISE:NoMethodError;RAISE:NoMethodError;RAISE:NoMethodError;RAISE:NoMethodError;RAISE:NoMethodError;RAISE:NoMethodError;RAISE:NoMethodError;RAISE:NoMethodError;RAISE:NoMethodError;RAISE:NoMethodError;RAISE:NoMethodError;RAISE:NoMethodError;RAISE:NoMethodError;UNREPRESENTABLE;RAISE:NoMethodError;RAISE:NoMethodError;RAISE:NoMethodError;RAISE:NoMethodError;RAISE:NoMethodError;RAISE:NoMethodError;RAISE:NoMethodError;RAISE:NoMethodError;RAISE:NoMethodError;RAISE:NoMethodError;RAISE:NoMethodError;RAISE:NoMethodError;RAISE:NoMethodError;RAISE:NoMethodError;RAISE:NoMethodError;UNREPRESENTABLE;RAISE:NoMethodError;RAISE:NoMethodError;RAISE:NoMethodError;RAISE:NoMethodError;RAISE:NoMethodError;RAISE:NoMethodError;RAISE:NoMethodError;RAISE:NoMethodError;RAISE:NoMethodError;RAISE:NoMethodError;RAISE:NoMethodError;RAISE:NoMethodError;RAISE:NoMethodError;RAISE:NoMethodError;RAISE:NoMethodError;UNREPRESENTABLE;RAISE:NoMethodError;RAISE:NoMethodError;RAISE:NoMethodError;RAISE:NoMethodError;RAISE:NoMethodError;RAISE:NoMethodError;RAISE:NoMethodError;RAISE:NoMethodError;RAISE:NoMethodError;RAISE:NoMethodError;RAISE:NoMethodError;RAISE:NoMethodError;RAISE:NoMethodError;RAISE:NoMethodError;RAISE:NoMethodError;UNREPRESENTABLE;RAISE:NoMethodError;RAISE:NoMethodError;RAISE:NoMethodError;RAISE:NoMethodError;RAISE:NoMethodError;RAISE:NoMethodError;RAISE:NoMethodError;RAISE:NoMethodError;RAISE:NoMethodError;RAISE:NoMethodError;RAISE:NoMethodError;RAISE:NoMethodError;RAISE:NoMethodError;RAISE:NoMethodError;RAISE:NoMethodError;UNREPRESENTABLE;RAISE:NoMethodError;RAISE:NoMethodError;RAISE:NoMethodError;RAISE:NoMethodError;RAISE:NoMethodError;RAISE:NoMethodError;RAISE:NoMethodError;RAISE:NoMethodError;RAISE:NoMethodError;RAISE:NoMethodError;RAISE:NoMethodError;RAISE:NoMethodError;RAISE:NoMethodError;RAISE:NoMethodError;RAISE:NoMethodError;UNREPRESENTABLE;RAISE:NoMethodError;RAISE:NoMethodError;RAISE:NoMethodError;RAISE:NoMethodError;RAISE:NoMethodError;RAISE:NoMethodError;RAISE:NoMethodError;RAISE:NoMethodError;RAISE:NoMethodError;RAISE:NoMethodError;RAISE:NoMethodError;RAISE:NoMethodError;RAISE:NoMethodError;RAISE:NoMethodError;RAISE:NoMethodError;UNREPRESENTABLE;RAISE:NoMethodError;RAISE:NoMethodError;RAISE:NoMethodError;RAISE:NoMethodError;RAISE:NoMethodError;RAISE:NoMethodError;RAISE:NoMethodError;RAISE:NoMethodError;RAISE:NoMethodError;RAISE:NoMethodError;RAISE:NoMethodError;RAISE:NoMethodError;RAISE:NoMethodError;RAISE:NoMethodError;RAISE:NoMethodError;UNREPRESENTABLE;RAISE:NoMethodError;RAISE:NoMethodError;RAISE:NoMethodError;RAISE:NoMethodError;RAISE:NoMethodError;RAISE:NoMethodError;RAISE:NoMethodError;RAISE:NoMethodError;RAISE:NoMethodError;RAISE:NoMethodError;RAISE:NoMethodError;RAISE:NoMethodError;RAISE:NoMethodError;RAISE:NoMethodError;RAISE:NoMethodError;UNREPRESENTABLE;RAISE:NoMethodError;RAISE:NoMethodError;RAISE:NoMethodError;RAISE:NoMethodError;RAISE:NoMethodError;RAISE:NoMethodError;RAISE:NoMethodError;RAISE:NoMethodError;RAISE:NoMethodError;RAISE:NoMethodError;RAISE:NoMethodError;RAISE:NoMethodError;RAISE:NoMethodError;RAISE:NoMethodError;RAISE:NoMethodError;UNREPRESENTABLE;RAISE:NoMethodError;RAISE:NoMethodError;RAISE:NoMethodError;RAISE:NoMethodError;RAISE:NoMethodError;RAISE:NoMethodError;RAISE:NoMethodError;RAISE:NoMethodError;RAISE:NoMethodError;RAISE:NoMethodError;RAISE:NoMethodError;RAISE:NoMethodError;RAISE:NoMethodError;RAISE:NoMethodError;RAISE:NoMethodError;UNREPRESENTABLE;RAISE:NoMethodError;RAISE:NoMethodError;RAISE:NoMethodError;RAISE:NoMethodError;RAISE:NoMethodError;RAISE:NoMethodError;RAISE:NoMethodError;RAISE:NoMethodError;RAISE:NoMethodError;RAISE:NoMethodError;RAISE:NoMethodError;RAISE:NoMethodError;RAISE:NoMethodError;RAISE:NoMethodError;RAISE:NoMethodError;UNREPRESENTABLE;RAISE:NoMethodError;RAISE:NoMethodError;RAISE:NoMethodError;RAISE:NoMethodError;RAISE:NoMethodError;RAISE:NoMethodError;RAISE:NoMethodError;RAISE:NoMethodError;RAISE:NoMethodError;RAISE:NoMethodError;RAISE:NoMethodError;RAISE:NoMethodError;RAISE:NoMethodError;RAISE:NoMethodError;RAISE:NoMethodError;UNREPRESENTABLE;RAISE:NoMethodError;RAISE:NoMethodError;RAISE:NoMethodError;RAISE:NoMethodError;RAISE:NoMethodError;RAISE:NoMethodError;RAISE:NoMethodError;RAISE:NoMethodError;RAISE:NoMethodError;RAISE:NoMethodError;RAISE:NoMethodError,0,255,17,"whole/L1/17:-2^63,-2^63+1,-2^53-1,-2^31,-42,-1,0,1,7,42,1000,2^31-1,2^31,2^53-1,2^53+1,2^63-1,2^64-1","fractional/L1/15:-max_finite,-1.5,-1.0,-(1.0-1ulp),+0.0,+min_subnormal,+min_normal,1.0-1ulp,1.0,1.0+1ulp,1.5,pi,2^53,max_finite,0.1"
A12_4_7,1,whole|fractional,BigDecimal,BigDecimal,"whole/L1/17:-2^63,-2^63+1,-2^53-1,-2^31,-42,-1,0,1,7,42,1000,2^31-1,2^31,2^53-1,2^53+1,2^63-1,2^64-1","fractional/L1/16:-max_finite,-1.5,-1.0,-(1.0-1ulp),-0.0,+0.0,+min_subnormal,+min_normal,1.0-1ulp,1.0,1.0+1ulp,1.5,pi,2^53,max_finite,0.1",272,RAISE:NoMethodError;RAISE:NoMethodError;RAISE:NoMethodError;RAISE:NoMethodError;RAISE:NoMethodError;RAISE:NoMethodError;RAISE:NoMethodError;RAISE:NoMethodError;RAISE:NoMethodError;RAISE:NoMethodError;RAISE:NoMethodError;RAISE:NoMethodError;RAISE:NoMethodError;RAISE:NoMethodError;RAISE:NoMethodError;RAISE:NoMethodError;RAISE:NoMethodError;RAISE:NoMethodError;RAISE:NoMethodError;RAISE:NoMethodError;RAISE:NoMethodError;RAISE:NoMethodError;RAISE:NoMethodError;RAISE:NoMethodError;RAISE:NoMethodError;RAISE:NoMethodError;RAISE:NoMethodError;RAISE:NoMethodError;RAISE:NoMethodError;RAISE:NoMethodError;RAISE:NoMethodError;RAISE:NoMethodError;RAISE:NoMethodError;RAISE:NoMethodError;RAISE:NoMethodError;RAISE:NoMethodError;RAISE:NoMethodError;RAISE:NoMethodError;RAISE:NoMethodError;RAISE:NoMethodError;RAISE:NoMethodError;RAISE:NoMethodError;RAISE:NoMethodError;RAISE:NoMethodError;RAISE:NoMethodError;RAISE:NoMethodError;RAISE:NoMethodError;RAISE:NoMethodError;RAISE:NoMethodError;RAISE:NoMethodError;RAISE:NoMethodError;RAISE:NoMethodError;RAISE:NoMethodError;RAISE:NoMethodError;RAISE:NoMethodError;RAISE:NoMethodError;RAISE:NoMethodError;RAISE:NoMethodError;RAISE:NoMethodError;RAISE:NoMethodError;RAISE:NoMethodError;RAISE:NoMethodError;RAISE:NoMethodError;RAISE:NoMethodError;RAISE:NoMethodError;RAISE:NoMethodError;RAISE:NoMethodError;RAISE:NoMethodError;RAISE:NoMethodError;RAISE:NoMethodError;RAISE:NoMethodError;RAISE:NoMethodError;RAISE:NoMethodError;RAISE:NoMethodError;RAISE:NoMethodError;RAISE:NoMethodError;RAISE:NoMethodError;RAISE:NoMethodError;RAISE:NoMethodError;RAISE:NoMethodError;RAISE:NoMethodError;RAISE:NoMethodError;RAISE:NoMethodError;RAISE:NoMethodError;RAISE:NoMethodError;RAISE:NoMethodError;RAISE:NoMethodError;RAISE:NoMethodError;RAISE:NoMethodError;RAISE:NoMethodError;RAISE:NoMethodError;RAISE:NoMethodError;RAISE:NoMethodError;RAISE:NoMethodError;RAISE:NoMethodError;RAISE:NoMethodError;RAISE:NoMethodError;RAISE:NoMethodError;RAISE:NoMethodError;RAISE:NoMethodError;RAISE:NoMethodError;RAISE:NoMethodError;RAISE:NoMethodError;RAISE:NoMethodError;RAISE:NoMethodError;RAISE:NoMethodError;RAISE:NoMethodError;RAISE:NoMethodError;RAISE:NoMethodError;RAISE:NoMethodError;RAISE:NoMethodError;RAISE:NoMethodError;RAISE:NoMethodError;RAISE:NoMethodError;RAISE:NoMethodError;RAISE:NoMethodError;RAISE:NoMethodError;RAISE:NoMethodError;RAISE:NoMethodError;RAISE:NoMethodError;RAISE:NoMethodError;RAISE:NoMethodError;RAISE:NoMethodError;RAISE:NoMethodError;RAISE:NoMethodError;RAISE:NoMethodError;RAISE:NoMethodError;RAISE:NoMethodError;RAISE:NoMethodError;RAISE:NoMethodError;RAISE:NoMethodError;RAISE:NoMethodError;RAISE:NoMethodError;RAISE:NoMethodError;RAISE:NoMethodError;RAISE:NoMethodError;RAISE:NoMethodError;RAISE:NoMethodError;RAISE:NoMethodError;RAISE:NoMethodError;RAISE:NoMethodError;RAISE:NoMethodError;RAISE:NoMethodError;RAISE:NoMethodError;RAISE:NoMethodError;RAISE:NoMethodError;RAISE:NoMethodError;RAISE:NoMethodError;RAISE:NoMethodError;RAISE:NoMethodError;RAISE:NoMethodError;RAISE:NoMethodError;RAISE:NoMethodError;RAISE:NoMethodError;RAISE:NoMethodError;RAISE:NoMethodError;RAISE:NoMethodError;RAISE:NoMethodError;RAISE:NoMethodError;RAISE:NoMethodError;RAISE:NoMethodError;RAISE:NoMethodError;RAISE:NoMethodError;RAISE:NoMethodError;RAISE:NoMethodError;RAISE:NoMethodError;RAISE:NoMethodError;RAISE:NoMethodError;RAISE:NoMethodError;RAISE:NoMethodError;RAISE:NoMethodError;RAISE:NoMethodError;RAISE:NoMethodError;RAISE:NoMethodError;RAISE:NoMethodError;RAISE:NoMethodError;RAISE:NoMethodError;RAISE:NoMethodError;RAISE:NoMethodError;RAISE:NoMethodError;RAISE:NoMethodError;RAISE:NoMethodError;RAISE:NoMethodError;RAISE:NoMethodError;RAISE:NoMethodError;RAISE:NoMethodError;RAISE:NoMethodError;RAISE:NoMethodError;RAISE:NoMethodError;RAISE:NoMethodError;RAISE:NoMethodError;RAISE:NoMethodError;RAISE:NoMethodError;RAISE:NoMethodError;RAISE:NoMethodError;RAISE:NoMethodError;RAISE:NoMethodError;RAISE:NoMethodError;RAISE:NoMethodError;RAISE:NoMethodError;RAISE:NoMethodError;RAISE:NoMethodError;RAISE:NoMethodError;RAISE:NoMethodError;RAISE:NoMethodError;RAISE:NoMethodError;RAISE:NoMethodError;RAISE:NoMethodError;RAISE:NoMethodError;RAISE:NoMethodError;RAISE:NoMethodError;RAISE:NoMethodError;RAISE:NoMethodError;RAISE:NoMethodError;RAISE:NoMethodError;RAISE:NoMethodError;RAISE:NoMethodError;RAISE:NoMethodError;RAISE:NoMethodError;RAISE:NoMethodError;RAISE:NoMethodError;RAISE:NoMethodError;RAISE:NoMethodError;RAISE:NoMethodError;RAISE:NoMethodError;RAISE:NoMethodError;RAISE:NoMethodError;RAISE:NoMethodError;RAISE:NoMethodError;RAISE:NoMethodError;RAISE:NoMethodError;RAISE:NoMethodError;RAISE:NoMethodError;RAISE:NoMethodError;RAISE:NoMethodError;RAISE:NoMethodError;RAISE:NoMethodError;RAISE:NoMethodError;RAISE:NoMethodError;RAISE:NoMethodError;RAISE:NoMethodError;RAISE:NoMethodError;RAISE:NoMethodError;RAISE:NoMethodError;RAISE:NoMethodError;RAISE:NoMethodError;RAISE:NoMethodError;RAISE:NoMethodError;RAISE:NoMethodError;RAISE:NoMethodError;RAISE:NoMethodError;RAISE:NoMethodError;RAISE:NoMethodError;RAISE:NoMethodError;RAISE:NoMethodError;RAISE:NoMethodError;RAISE:NoMethodError;RAISE:NoMethodError;RAISE:NoMethodError;RAISE:NoMethodError;RAISE:NoMethodError;RAISE:NoMethodError;RAISE:NoMethodError;RAISE:NoMethodError;RAISE:NoMethodError;RAISE:NoMethodError;RAISE:NoMethodError;RAISE:NoMethodError;RAISE:NoMethodError;RAISE:NoMethodError;RAISE:NoMethodError;RAISE:NoMethodError,0,272,0,"whole/L1/17:-2^63,-2^63+1,-2^53-1,-2^31,-42,-1,0,1,7,42,1000,2^31-1,2^31,2^53-1,2^53+1,2^63-1,2^64-1","fractional/L1/16:-max_finite,-1.5,-1.0,-(1.0-1ulp),-0.0,+0.0,+min_subnormal,+min_normal,1.0-1ulp,1.0,1.0+1ulp,1.5,pi,2^53,max_finite,0.1"
A12_5_1,1,fractional|truth,Float,TrueFalse,"fractional/L1/16:-max_finite,-1.5,-1.0,-(1.0-1ulp),-0.0,+0.0,+min_subnormal,+min_normal,1.0-1ulp,1.0,1.0+1ulp,1.5,pi,2^53,max_finite,0.1","truth/L1/6:true,false,0,1,"""",nil",96,RAISE:NoMethodError;RAISE:NoMethodError;RAISE:NoMethodError;RAISE:NoMethodError;RAISE:NoMethodError;RAISE:NoMethodError;RAISE:NoMethodError;RAISE:NoMethodError;RAISE:NoMethodError;RAISE:NoMethodError;RAISE:NoMethodError;RAISE:NoMethodError;RAISE:NoMethodError;RAISE:NoMethodError;RAISE:NoMethodError;RAISE:NoMethodError;RAISE:NoMethodError;RAISE:NoMethodError;RAISE:NoMethodError;RAISE:NoMethodError;RAISE:NoMethodError;RAISE:NoMethodError;RAISE:NoMethodError;RAISE:NoMethodError;RAISE:NoMethodError;RAISE:NoMethodError;RAISE:NoMethodError;RAISE:NoMethodError;RAISE:NoMethodError;RAISE:NoMethodError;RAISE:NoMethodError;RAISE:NoMethodError;RAISE:NoMethodError;RAISE:NoMethodError;RAISE:NoMethodError;RAISE:NoMethodError;RAISE:NoMethodError;RAISE:NoMethodError;RAISE:NoMethodError;RAISE:NoMethodError;RAISE:NoMethodError;RAISE:NoMethodError;RAISE:NoMethodError;RAISE:NoMethodError;RAISE:NoMethodError;RAISE:NoMethodError;RAISE:NoMethodError;RAISE:NoMethodError;RAISE:NoMethodError;RAISE:NoMethodError;RAISE:NoMethodError;RAISE:NoMethodError;RAISE:NoMethodError;RAISE:NoMethodError;RAISE:NoMethodError;RAISE:NoMethodError;RAISE:NoMethodError;RAISE:NoMethodError;RAISE:NoMethodError;RAISE:NoMethodError;RAISE:NoMethodError;RAISE:NoMethodError;RAISE:NoMethodError;RAISE:NoMethodError;RAISE:NoMethodError;RAISE:NoMethodError;RAISE:NoMethodError;RAISE:NoMethodError;RAISE:NoMethodError;RAISE:NoMethodError;RAISE:NoMethodError;RAISE:NoMethodError;RAISE:NoMethodError;RAISE:NoMethodError;RAISE:NoMethodError;RAISE:NoMethodError;RAISE:NoMethodError;RAISE:NoMethodError;RAISE:NoMethodError;RAISE:NoMethodError;RAISE:NoMethodError;RAISE:NoMethodError;RAISE:NoMethodError;RAISE:NoMethodError;RAISE:NoMethodError;RAISE:NoMethodError;RAISE:NoMethodError;RAISE:NoMethodError;RAISE:NoMethodError;RAISE:NoMethodError;RAISE:NoMethodError;RAISE:NoMethodError;RAISE:NoMethodError;RAISE:NoMethodError;RAISE:NoMethodError;RAISE:NoMethodError,0,96,0,"fractional/L1/16:-max_finite,-1.5,-1.0,-(1.0-1ulp),-0.0,+0.0,+min_subnormal,+min_normal,1.0-1ulp,1.0,1.0+1ulp,1.5,pi,2^53,max_finite,0.1","truth/L1/6:true,false,0,1,"""",nil"
A12_5_2,1,fractional|whole,Float,Integer,"fractional/L1/16:-max_finite,-1.5,-1.0,-(1.0-1ulp),-0.0,+0.0,+min_subnormal,+min_normal,1.0-1ulp,1.0,1.0+1ulp,1.5,pi,2^53,max_finite,0.1","whole/L1/17:-2^63,-2^63+1,-2^53-1,-2^31,-42,-1,0,1,7,42,1000,2^31-1,2^31,2^53-1,2^53+1,2^63-1,2^64-1",272,RAISE:NoMethodError;RAISE:NoMethodError;RAISE:NoMethodError;RAISE:NoMethodError;RAISE:NoMethodError;RAISE:NoMethodError;RAISE:NoMethodError;RAISE:NoMethodError;RAISE:NoMethodError;RAISE:NoMethodError;RAISE:NoMethodError;RAISE:NoMethodError;RAISE:NoMethodError;RAISE:NoMethodError;RAISE:NoMethodError;RAISE:NoMethodError;RAISE:NoMethodError;RAISE:NoMethodError;RAISE:NoMethodError;RAISE:NoMethodError;RAISE:NoMethodError;RAISE:NoMethodError;RAISE:NoMethodError;RAISE:NoMethodError;RAISE:NoMethodError;RAISE:NoMethodError;RAISE:NoMethodError;RAISE:NoMethodError;RAISE:NoMethodError;RAISE:NoMethodError;RAISE:NoMethodError;RAISE:NoMethodError;RAISE:NoMethodError;RAISE:NoMethodError;RAISE:NoMethodError;RAISE:NoMethodError;RAISE:NoMethodError;RAISE:NoMethodError;RAISE:NoMethodError;RAISE:NoMethodError;RAISE:NoMethodError;RAISE:NoMethodError;RAISE:NoMethodError;RAISE:NoMethodError;RAISE:NoMethodError;RAISE:NoMethodError;RAISE:NoMethodError;RAISE:NoMethodError;RAISE:NoMethodError;RAISE:NoMethodError;RAISE:NoMethodError;RAISE:NoMethodError;RAISE:NoMethodError;RAISE:NoMethodError;RAISE:NoMethodError;RAISE:NoMethodError;RAISE:NoMethodError;RAISE:NoMethodError;RAISE:NoMethodError;RAISE:NoMethodError;RAISE:NoMethodError;RAISE:NoMethodError;RAISE:NoMethodError;RAISE:NoMethodError;RAISE:NoMethodError;RAISE:NoMethodError;RAISE:NoMethodError;RAISE:NoMethodError;RAISE:NoMethodError;RAISE:NoMethodError;RAISE:NoMethodError;RAISE:NoMethodError;RAISE:NoMethodError;RAISE:NoMethodError;RAISE:NoMethodError;RAISE:NoMethodError;RAISE:NoMethodError;RAISE:NoMethodError;RAISE:NoMethodError;RAISE:NoMethodError;RAISE:NoMethodError;RAISE:NoMethodError;RAISE:NoMethodError;RAISE:NoMethodError;RAISE:NoMethodError;RAISE:NoMethodError;RAISE:NoMethodError;RAISE:NoMethodError;RAISE:NoMethodError;RAISE:NoMethodError;RAISE:NoMethodError;RAISE:NoMethodError;RAISE:NoMethodError;RAISE:NoMethodError;RAISE:NoMethodError;RAISE:NoMethodError;RAISE:NoMethodError;RAISE:NoMethodError;RAISE:NoMethodError;RAISE:NoMethodError;RAISE:NoMethodError;RAISE:NoMethodError;RAISE:NoMethodError;RAISE:NoMethodError;RAISE:NoMethodError;RAISE:NoMethodError;RAISE:NoMethodError;RAISE:NoMethodError;RAISE:NoMethodError;RAISE:NoMethodError;RAISE:NoMethodError;RAISE:NoMethodError;RAISE:NoMethodError;RAISE:NoMethodError;RAISE:NoMethodError;RAISE:NoMethodError;RAISE:NoMethodError;RAISE:NoMethodError;RAISE:NoMethodError;RAISE:NoMethodError;RAISE:NoMethodError;RAISE:NoMethodError;RAISE:NoMethodError;RAISE:NoMethodError;RAISE:NoMethodError;RAISE:NoMethodError;RAISE:NoMethodError;RAISE:NoMethodError;RAISE:NoMethodError;RAISE:NoMethodError;RAISE:NoMethodError;RAISE:NoMethodError;RAISE:NoMethodError;RAISE:NoMethodError;RAISE:NoMethodError;RAISE:NoMethodError;RAISE:NoMethodError;RAISE:NoMethodError;RAISE:NoMethodError;RAISE:NoMethodError;RAISE:NoMethodError;RAISE:NoMethodError;RAISE:NoMethodError;RAISE:NoMethodError;RAISE:NoMethodError;RAISE:NoMethodError;RAISE:NoMethodError;RAISE:NoMethodError;RAISE:NoMethodError;RAISE:NoMethodError;RAISE:NoMethodError;RAISE:NoMethodError;RAISE:NoMethodError;RAISE:NoMethodError;RAISE:NoMethodError;RAISE:NoMethodError;RAISE:NoMethodError;RAISE:NoMethodError;RAISE:NoMethodError;RAISE:NoMethodError;RAISE:NoMethodError;RAISE:NoMethodError;RAISE:NoMethodError;RAISE:NoMethodError;RAISE:NoMethodError;RAISE:NoMethodError;RAISE:NoMethodError;RAISE:NoMethodError;RAISE:NoMethodError;RAISE:NoMethodError;RAISE:NoMethodError;RAISE:NoMethodError;RAISE:NoMethodError;RAISE:NoMethodError;RAISE:NoMethodError;RAISE:NoMethodError;RAISE:NoMethodError;RAISE:NoMethodError;RAISE:NoMethodError;RAISE:NoMethodError;RAISE:NoMethodError;RAISE:NoMethodError;RAISE:NoMethodError;RAISE:NoMethodError;RAISE:NoMethodError;RAISE:NoMethodError;RAISE:NoMethodError;RAISE:NoMethodError;RAISE:NoMethodError;RAISE:NoMethodError;RAISE:NoMethodError;RAISE:NoMethodError;RAISE:NoMethodError;RAISE:NoMethodError;RAISE:NoMethodError;RAISE:NoMethodError;RAISE:NoMethodError;RAISE:NoMethodError;RAISE:NoMethodError;RAISE:NoMethodError;RAISE:NoMethodError;RAISE:NoMethodError;RAISE:NoMethodError;RAISE:NoMethodError;RAISE:NoMethodError;RAISE:NoMethodError;RAISE:NoMethodError;RAISE:NoMethodError;RAISE:NoMethodError;RAISE:NoMethodError;RAISE:NoMethodError;RAISE:NoMethodError;RAISE:NoMethodError;RAISE:NoMethodError;RAISE:NoMethodError;RAISE:NoMethodError;RAISE:NoMethodError;RAISE:NoMethodError;RAISE:NoMethodError;RAISE:NoMethodError;RAISE:NoMethodError;RAISE:NoMethodError;RAISE:NoMethodError;RAISE:NoMethodError;RAISE:NoMethodError;RAISE:NoMethodError;RAISE:NoMethodError;RAISE:NoMethodError;RAISE:NoMethodError;RAISE:NoMethodError;RAISE:NoMethodError;RAISE:NoMethodError;RAISE:NoMethodError;RAISE:NoMethodError;RAISE:NoMethodError;RAISE:NoMethodError;RAISE:NoMethodError;RAISE:NoMethodError;RAISE:NoMethodError;RAISE:NoMethodError;RAISE:NoMethodError;RAISE:NoMethodError;RAISE:NoMethodError;RAISE:NoMethodError;RAISE:NoMethodError;RAISE:NoMethodError;RAISE:NoMethodError;RAISE:NoMethodError;RAISE:NoMethodError;RAISE:NoMethodError;RAISE:NoMethodError;RAISE:NoMethodError;RAISE:NoMethodError;RAISE:NoMethodError;RAISE:NoMethodError;RAISE:NoMethodError;RAISE:NoMethodError;RAISE:NoMethodError;RAISE:NoMethodError;RAISE:NoMethodError;RAISE:NoMethodError;RAISE:NoMethodError;RAISE:NoMethodError;RAISE:NoMethodError;RAISE:NoMethodError;RAISE:NoMethodError;RAISE:NoMethodError;RAISE:NoMethodError;RAISE:NoMethodError;RAISE:NoMethodError;RAISE:NoMethodError;RAISE:NoMethodError,0,272,0,"fractional/L1/16:-max_finite,-1.5,-1.0,-(1.0-1ulp),-0.0,+0.0,+min_subnormal,+min_normal,1.0-1ulp,1.0,1.0+1ulp,1.5,pi,2^53,max_finite,0.1","whole/L1/17:-2^63,-2^63+1,-2^53-1,-2^31,-42,-1,0,1,7,42,1000,2^31-1,2^31,2^53-1,2^53+1,2^63-1,2^64-1"
A12_5_3,1,fractional|whole,Float,Rational,"fractional/L1/16:-max_finite,-1.5,-1.0,-(1.0-1ulp),-0.0,+0.0,+min_subnormal,+min_normal,1.0-1ulp,1.0,1.0+1ulp,1.5,pi,2^53,max_finite,0.1","whole/L1/17:-2^63,-2^63+1,-2^53-1,-2^31,-42,-1,0,1,7,42,1000,2^31-1,2^31,2^53-1,2^53+1,2^63-1,2^64-1",272,RAISE:NoMethodError;RAISE:NoMethodError;RAISE:NoMethodError;RAISE:NoMethodError;RAISE:NoMethodError;RAISE:NoMethodError;RAISE:NoMethodError;RAISE:NoMethodError;RAISE:NoMethodError;RAISE:NoMethodError;RAISE:NoMethodError;RAISE:NoMethodError;RAISE:NoMethodError;RAISE:NoMethodError;RAISE:NoMethodError;RAISE:NoMethodError;RAISE:NoMethodError;RAISE:NoMethodError;RAISE:NoMethodError;RAISE:NoMethodError;RAISE:NoMethodError;RAISE:NoMethodError;RAISE:NoMethodError;RAISE:NoMethodError;RAISE:NoMethodError;RAISE:NoMethodError;RAISE:NoMethodError;RAISE:NoMethodError;RAISE:NoMethodError;RAISE:NoMethodError;RAISE:NoMethodError;RAISE:NoMethodError;RAISE:NoMethodError;RAISE:NoMethodError;RAISE:NoMethodError;RAISE:NoMethodError;RAISE:NoMethodError;RAISE:NoMethodError;RAISE:NoMethodError;RAISE:NoMethodError;RAISE:NoMethodError;RAISE:NoMethodError;RAISE:NoMethodError;RAISE:NoMethodError;RAISE:NoMethodError;RAISE:NoMethodError;RAISE:NoMethodError;RAISE:NoMethodError;RAISE:NoMethodError;RAISE:NoMethodError;RAISE:NoMethodError;RAISE:NoMethodError;RAISE:NoMethodError;RAISE:NoMethodError;RAISE:NoMethodError;RAISE:NoMethodError;RAISE:NoMethodError;RAISE:NoMethodError;RAISE:NoMethodError;RAISE:NoMethodError;RAISE:NoMethodError;RAISE:NoMethodError;RAISE:NoMethodError;RAISE:NoMethodError;RAISE:NoMethodError;RAISE:NoMethodError;RAISE:NoMethodError;RAISE:NoMethodError;RAISE:NoMethodError;RAISE:NoMethodError;RAISE:NoMethodError;RAISE:NoMethodError;RAISE:NoMethodError;RAISE:NoMethodError;RAISE:NoMethodError;RAISE:NoMethodError;RAISE:NoMethodError;RAISE:NoMethodError;RAISE:NoMethodError;RAISE:NoMethodError;RAISE:NoMethodError;RAISE:NoMethodError;RAISE:NoMethodError;RAISE:NoMethodError;RAISE:NoMethodError;RAISE:NoMethodError;RAISE:NoMethodError;RAISE:NoMethodError;RAISE:NoMethodError;RAISE:NoMethodError;RAISE:NoMethodError;RAISE:NoMethodError;RAISE:NoMethodError;RAISE:NoMethodError;RAISE:NoMethodError;RAISE:NoMethodError;RAISE:NoMethodError;RAISE:NoMethodError;RAISE:NoMethodError;RAISE:NoMethodError;RAISE:NoMethodError;RAISE:NoMethodError;RAISE:NoMethodError;RAISE:NoMethodError;RAISE:NoMethodError;RAISE:NoMethodError;RAISE:NoMethodError;RAISE:NoMethodError;RAISE:NoMethodError;RAISE:NoMethodError;RAISE:NoMethodError;RAISE:NoMethodError;RAISE:NoMethodError;RAISE:NoMethodError;RAISE:NoMethodError;RAISE:NoMethodError;RAISE:NoMethodError;RAISE:NoMethodError;RAISE:NoMethodError;RAISE:NoMethodError;RAISE:NoMethodError;RAISE:NoMethodError;RAISE:NoMethodError;RAISE:NoMethodError;RAISE:NoMethodError;RAISE:NoMethodError;RAISE:NoMethodError;RAISE:NoMethodError;RAISE:NoMethodError;RAISE:NoMethodError;RAISE:NoMethodError;RAISE:NoMethodError;RAISE:NoMethodError;RAISE:NoMethodError;RAISE:NoMethodError;RAISE:NoMethodError;RAISE:NoMethodError;RAISE:NoMethodError;RAISE:NoMethodError;RAISE:NoMethodError;RAISE:NoMethodError;RAISE:NoMethodError;RAISE:NoMethodError;RAISE:NoMethodError;RAISE:NoMethodError;RAISE:NoMethodError;RAISE:NoMethodError;RAISE:NoMethodError;RAISE:NoMethodError;RAISE:NoMethodError;RAISE:NoMethodError;RAISE:NoMethodError;RAISE:NoMethodError;RAISE:NoMethodError;RAISE:NoMethodError;RAISE:NoMethodError;RAISE:NoMethodError;RAISE:NoMethodError;RAISE:NoMethodError;RAISE:NoMethodError;RAISE:NoMethodError;RAISE:NoMethodError;RAISE:NoMethodError;RAISE:NoMethodError;RAISE:NoMethodError;RAISE:NoMethodError;RAISE:NoMethodError;RAISE:NoMethodError;RAISE:NoMethodError;RAISE:NoMethodError;RAISE:NoMethodError;RAISE:NoMethodError;RAISE:NoMethodError;RAISE:NoMethodError;RAISE:NoMethodError;RAISE:NoMethodError;RAISE:NoMethodError;RAISE:NoMethodError;RAISE:NoMethodError;RAISE:NoMethodError;RAISE:NoMethodError;RAISE:NoMethodError;RAISE:NoMethodError;RAISE:NoMethodError;RAISE:NoMethodError;RAISE:NoMethodError;RAISE:NoMethodError;RAISE:NoMethodError;RAISE:NoMethodError;RAISE:NoMethodError;RAISE:NoMethodError;RAISE:NoMethodError;RAISE:NoMethodError;RAISE:NoMethodError;RAISE:NoMethodError;RAISE:NoMethodError;RAISE:NoMethodError;RAISE:NoMethodError;RAISE:NoMethodError;RAISE:NoMethodError;RAISE:NoMethodError;RAISE:NoMethodError;RAISE:NoMethodError;RAISE:NoMethodError;RAISE:NoMethodError;RAISE:NoMethodError;RAISE:NoMethodError;RAISE:NoMethodError;RAISE:NoMethodError;RAISE:NoMethodError;RAISE:NoMethodError;RAISE:NoMethodError;RAISE:NoMethodError;RAISE:NoMethodError;RAISE:NoMethodError;RAISE:NoMethodError;RAISE:NoMethodError;RAISE:NoMethodError;RAISE:NoMethodError;RAISE:NoMethodError;RAISE:NoMethodError;RAISE:NoMethodError;RAISE:NoMethodError;RAISE:NoMethodError;RAISE:NoMethodError;RAISE:NoMethodError;RAISE:NoMethodError;RAISE:NoMethodError;RAISE:NoMethodError;RAISE:NoMethodError;RAISE:NoMethodError;RAISE:NoMethodError;RAISE:NoMethodError;RAISE:NoMethodError;RAISE:NoMethodError;RAISE:NoMethodError;RAISE:NoMethodError;RAISE:NoMethodError;RAISE:NoMethodError;RAISE:NoMethodError;RAISE:NoMethodError;RAISE:NoMethodError;RAISE:NoMethodError;RAISE:NoMethodError;RAISE:NoMethodError;RAISE:NoMethodError;RAISE:NoMethodError;RAISE:NoMethodError;RAISE:NoMethodError;RAISE:NoMethodError;RAISE:NoMethodError;RAISE:NoMethodError;RAISE:NoMethodError;RAISE:NoMethodError;RAISE:NoMethodError;RAISE:NoMethodError;RAISE:NoMethodError;RAISE:NoMethodError;RAISE:NoMethodError;RAISE:NoMethodError;RAISE:NoMethodError;RAISE:NoMethodError;RAISE:NoMethodError;RAISE:NoMethodError;RAISE:NoMethodError;RAISE:NoMethodError;RAISE:NoMethodError;RAISE:NoMethodError;RAISE:NoMethodError;RAISE:NoMethodError;RAISE:NoMethodError;RAISE:NoMethodError,0,272,0,"fractional/L1/16:-max_finite,-1.5,-1.0,-(1.0-1ulp),-0.0,+0.0,+min_subnormal,+min_normal,1.0-1ulp,1.0,1.0+1ulp,1.5,pi,2^53,max_finite,0.1","whole/L1/17:-2^63,-2^63+1,-2^53-1,-2^31,-42,-1,0,1,7,42,1000,2^31-1,2^31,2^53-1,2^53+1,2^63-1,2^64-1"
A12_5_4,1,fractional|whole,Float,BigDecimal,"fractional/L1/16:-max_finite,-1.5,-1.0,-(1.0-1ulp),-0.0,+0.0,+min_subnormal,+min_normal,1.0-1ulp,1.0,1.0+1ulp,1.5,pi,2^53,max_finite,0.1","whole/L1/17:-2^63,-2^63+1,-2^53-1,-2^31,-42,-1,0,1,7,42,1000,2^31-1,2^31,2^53-1,2^53+1,2^63-1,2^64-1",272,RAISE:NoMethodError;RAISE:NoMethodError;RAISE:NoMethodError;RAISE:NoMethodError;RAISE:NoMethodError;RAISE:NoMethodError;RAISE:NoMethodError;RAISE:NoMethodError;RAISE:NoMethodError;RAISE:NoMethodError;RAISE:NoMethodError;RAISE:NoMethodError;RAISE:NoMethodError;RAISE:NoMethodError;RAISE:NoMethodError;RAISE:NoMethodError;RAISE:NoMethodError;RAISE:NoMethodError;RAISE:NoMethodError;RAISE:NoMethodError;RAISE:NoMethodError;RAISE:NoMethodError;RAISE:NoMethodError;RAISE:NoMethodError;RAISE:NoMethodError;RAISE:NoMethodError;RAISE:NoMethodError;RAISE:NoMethodError;RAISE:NoMethodError;RAISE:NoMethodError;RAISE:NoMethodError;RAISE:NoMethodError;RAISE:NoMethodError;RAISE:NoMethodError;RAISE:NoMethodError;RAISE:NoMethodError;RAISE:NoMethodError;RAISE:NoMethodError;RAISE:NoMethodError;RAISE:NoMethodError;RAISE:NoMethodError;RAISE:NoMethodError;RAISE:NoMethodError;RAISE:NoMethodError;RAISE:NoMethodError;RAISE:NoMethodError;RAISE:NoMethodError;RAISE:NoMethodError;RAISE:NoMethodError;RAISE:NoMethodError;RAISE:NoMethodError;RAISE:NoMethodError;RAISE:NoMethodError;RAISE:NoMethodError;RAISE:NoMethodError;RAISE:NoMethodError;RAISE:NoMethodError;RAISE:NoMethodError;RAISE:NoMethodError;RAISE:NoMethodError;RAISE:NoMethodError;RAISE:NoMethodError;RAISE:NoMethodError;RAISE:NoMethodError;RAISE:NoMethodError;RAISE:NoMethodError;RAISE:NoMethodError;RAISE:NoMethodError;RAISE:NoMethodError;RAISE:NoMethodError;RAISE:NoMethodError;RAISE:NoMethodError;RAISE:NoMethodError;RAISE:NoMethodError;RAISE:NoMethodError;RAISE:NoMethodError;RAISE:NoMethodError;RAISE:NoMethodError;RAISE:NoMethodError;RAISE:NoMethodError;RAISE:NoMethodError;RAISE:NoMethodError;RAISE:NoMethodError;RAISE:NoMethodError;RAISE:NoMethodError;RAISE:NoMethodError;RAISE:NoMethodError;RAISE:NoMethodError;RAISE:NoMethodError;RAISE:NoMethodError;RAISE:NoMethodError;RAISE:NoMethodError;RAISE:NoMethodError;RAISE:NoMethodError;RAISE:NoMethodError;RAISE:NoMethodError;RAISE:NoMethodError;RAISE:NoMethodError;RAISE:NoMethodError;RAISE:NoMethodError;RAISE:NoMethodError;RAISE:NoMethodError;RAISE:NoMethodError;RAISE:NoMethodError;RAISE:NoMethodError;RAISE:NoMethodError;RAISE:NoMethodError;RAISE:NoMethodError;RAISE:NoMethodError;RAISE:NoMethodError;RAISE:NoMethodError;RAISE:NoMethodError;RAISE:NoMethodError;RAISE:NoMethodError;RAISE:NoMethodError;RAISE:NoMethodError;RAISE:NoMethodError;RAISE:NoMethodError;RAISE:NoMethodError;RAISE:NoMethodError;RAISE:NoMethodError;RAISE:NoMethodError;RAISE:NoMethodError;RAISE:NoMethodError;RAISE:NoMethodError;RAISE:NoMethodError;RAISE:NoMethodError;RAISE:NoMethodError;RAISE:NoMethodError;RAISE:NoMethodError;RAISE:NoMethodError;RAISE:NoMethodError;RAISE:NoMethodError;RAISE:NoMethodError;RAISE:NoMethodError;RAISE:NoMethodError;RAISE:NoMethodError;RAISE:NoMethodError;RAISE:NoMethodError;RAISE:NoMethodError;RAISE:NoMethodError;RAISE:NoMethodError;RAISE:NoMethodError;RAISE:NoMethodError;RAISE:NoMethodError;RAISE:NoMethodError;RAISE:NoMethodError;RAISE:NoMethodError;RAISE:NoMethodError;RAISE:NoMethodError;RAISE:NoMethodError;RAISE:NoMethodError;RAISE:NoMethodError;RAISE:NoMethodError;RAISE:NoMethodError;RAISE:NoMethodError;RAISE:NoMethodError;RAISE:NoMethodError;RAISE:NoMethodError;RAISE:NoMethodError;RAISE:NoMethodError;RAISE:NoMethodError;RAISE:NoMethodError;RAISE:NoMethodError;RAISE:NoMethodError;RAISE:NoMethodError;RAISE:NoMethodError;RAISE:NoMethodError;RAISE:NoMethodError;RAISE:NoMethodError;RAISE:NoMethodError;RAISE:NoMethodError;RAISE:NoMethodError;RAISE:NoMethodError;RAISE:NoMethodError;RAISE:NoMethodError;RAISE:NoMethodError;RAISE:NoMethodError;RAISE:NoMethodError;RAISE:NoMethodError;RAISE:NoMethodError;RAISE:NoMethodError;RAISE:NoMethodError;RAISE:NoMethodError;RAISE:NoMethodError;RAISE:NoMethodError;RAISE:NoMethodError;RAISE:NoMethodError;RAISE:NoMethodError;RAISE:NoMethodError;RAISE:NoMethodError;RAISE:NoMethodError;RAISE:NoMethodError;RAISE:NoMethodError;RAISE:NoMethodError;RAISE:NoMethodError;RAISE:NoMethodError;RAISE:NoMethodError;RAISE:NoMethodError;RAISE:NoMethodError;RAISE:NoMethodError;RAISE:NoMethodError;RAISE:NoMethodError;RAISE:NoMethodError;RAISE:NoMethodError;RAISE:NoMethodError;RAISE:NoMethodError;RAISE:NoMethodError;RAISE:NoMethodError;RAISE:NoMethodError;RAISE:NoMethodError;RAISE:NoMethodError;RAISE:NoMethodError;RAISE:NoMethodError;RAISE:NoMethodError;RAISE:NoMethodError;RAISE:NoMethodError;RAISE:NoMethodError;RAISE:NoMethodError;RAISE:NoMethodError;RAISE:NoMethodError;RAISE:NoMethodError;RAISE:NoMethodError;RAISE:NoMethodError;RAISE:NoMethodError;RAISE:NoMethodError;RAISE:NoMethodError;RAISE:NoMethodError;RAISE:NoMethodError;RAISE:NoMethodError;RAISE:NoMethodError;RAISE:NoMethodError;RAISE:NoMethodError;RAISE:NoMethodError;RAISE:NoMethodError;RAISE:NoMethodError;RAISE:NoMethodError;RAISE:NoMethodError;RAISE:NoMethodError;RAISE:NoMethodError;RAISE:NoMethodError;RAISE:NoMethodError;RAISE:NoMethodError;RAISE:NoMethodError;RAISE:NoMethodError;RAISE:NoMethodError;RAISE:NoMethodError;RAISE:NoMethodError;RAISE:NoMethodError;RAISE:NoMethodError;RAISE:NoMethodError;RAISE:NoMethodError;RAISE:NoMethodError;RAISE:NoMethodError;RAISE:NoMethodError;RAISE:NoMethodError;RAISE:NoMethodError;RAISE:NoMethodError;RAISE:NoMethodError;RAISE:NoMethodError;RAISE:NoMethodError;RAISE:NoMethodError;RAISE:NoMethodError;RAISE:NoMethodError;RAISE:NoMethodError;RAISE:NoMethodError;RAISE:NoMethodError;RAISE:NoMethodError;RAISE:NoMethodError;RAISE:NoMethodError;RAISE:NoMethodError;RAISE:NoMethodError,0,272,0,"fractional/L1/16:-max_finite,-1.5,-1.0,-(1.0-1ulp),-0.0,+0.0,+min_subnormal,+min_normal,1.0-1ulp,1.0,1.0+1ulp,1.5,pi,2^53,max_finite,0.1","whole/L1/17:-2^63,-2^63+1,-2^53-1,-2^31,-42,-1,0,1,7,42,1000,2^31-1,2^31,2^53-1,2^53+1,2^63-1,2^64-1"
A12_5_5,1,fractional|fractional,Float,Float,"fractional/L1/16:-max_finite,-1.5,-1.0,-(1.0-1ulp),-0.0,+0.0,+min_subnormal,+min_normal,1.0-1ulp,1.0,1.0+1ulp,1.5,pi,2^53,max_finite,0.1","fractional/L1/16:-max_finite,-1.5,-1.0,-(1.0-1ulp),-0.0,+0.0,+min_subnormal,+min_normal,1.0-1ulp,1.0,1.0+1ulp,1.5,pi,2^53,max_finite,0.1",256,RAISE:NoMethodError;RAISE:NoMethodError;RAISE:NoMethodError;RAISE:NoMethodError;RAISE:NoMethodError;RAISE:NoMethodError;RAISE:NoMethodError;RAISE:NoMethodError;RAISE:NoMethodError;RAISE:NoMethodError;RAISE:NoMethodError;RAISE:NoMethodError;RAISE:NoMethodError;RAISE:NoMethodError;RAISE:NoMethodError;RAISE:NoMethodError;RAISE:NoMethodError;RAISE:NoMethodError;RAISE:NoMethodError;RAISE:NoMethodError;RAISE:NoMethodError;RAISE:NoMethodError;RAISE:NoMethodError;RAISE:NoMethodError;RAISE:NoMethodError;RAISE:NoMethodError;RAISE:NoMethodError;RAISE:NoMethodError;RAISE:NoMethodError;RAISE:NoMethodError;RAISE:NoMethodError;RAISE:NoMethodError;RAISE:NoMethodError;RAISE:NoMethodError;RAISE:NoMethodError;RAISE:NoMethodError;RAISE:NoMethodError;RAISE:NoMethodError;RAISE:NoMethodError;RAISE:NoMethodError;RAISE:NoMethodError;RAISE:NoMethodError;RAISE:NoMethodError;RAISE:NoMethodError;RAISE:NoMethodError;RAISE:NoMethodError;RAISE:NoMethodError;RAISE:NoMethodError;RAISE:NoMethodError;RAISE:NoMethodError;RAISE:NoMethodError;RAISE:NoMethodError;RAISE:NoMethodError;RAISE:NoMethodError;RAISE:NoMethodError;RAISE:NoMethodError;RAISE:NoMethodError;RAISE:NoMethodError;RAISE:NoMethodError;RAISE:NoMethodError;RAISE:NoMethodError;RAISE:NoMethodError;RAISE:NoMethodError;RAISE:NoMethodError;RAISE:NoMethodError;RAISE:NoMethodError;RAISE:NoMethodError;RAISE:NoMethodError;RAISE:NoMethodError;RAISE:NoMethodError;RAISE:NoMethodError;RAISE:NoMethodError;RAISE:NoMethodError;RAISE:NoMethodError;RAISE:NoMethodError;RAISE:NoMethodError;RAISE:NoMethodError;RAISE:NoMethodError;RAISE:NoMethodError;RAISE:NoMethodError;RAISE:NoMethodError;RAISE:NoMethodError;RAISE:NoMethodError;RAISE:NoMethodError;RAISE:NoMethodError;RAISE:NoMethodError;RAISE:NoMethodError;RAISE:NoMethodError;RAISE:NoMethodError;RAISE:NoMethodError;RAISE:NoMethodError;RAISE:NoMethodError;RAISE:NoMethodError;RAISE:NoMethodError;RAISE:NoMethodError;RAISE:NoMethodError;RAISE:NoMethodError;RAISE:NoMethodError;RAISE:NoMethodError;RAISE:NoMethodError;RAISE:NoMethodError;RAISE:NoMethodError;RAISE:NoMethodError;RAISE:NoMethodError;RAISE:NoMethodError;RAISE:NoMethodError;RAISE:NoMethodError;RAISE:NoMethodError;RAISE:NoMethodError;RAISE:NoMethodError;RAISE:NoMethodError;RAISE:NoMethodError;RAISE:NoMethodError;RAISE:NoMethodError;RAISE:NoMethodError;RAISE:NoMethodError;RAISE:NoMethodError;RAISE:NoMethodError;RAISE:NoMethodError;RAISE:NoMethodError;RAISE:NoMethodError;RAISE:NoMethodError;RAISE:NoMethodError;RAISE:NoMethodError;RAISE:NoMethodError;RAISE:NoMethodError;RAISE:NoMethodError;RAISE:NoMethodError;RAISE:NoMethodError;RAISE:NoMethodError;RAISE:NoMethodError;RAISE:NoMethodError;RAISE:NoMethodError;RAISE:NoMethodError;RAISE:NoMethodError;RAISE:NoMethodError;RAISE:NoMethodError;RAISE:NoMethodError;RAISE:NoMethodError;RAISE:NoMethodError;RAISE:NoMethodError;RAISE:NoMethodError;RAISE:NoMethodError;RAISE:NoMethodError;RAISE:NoMethodError;RAISE:NoMethodError;RAISE:NoMethodError;RAISE:NoMethodError;RAISE:NoMethodError;RAISE:NoMethodError;RAISE:NoMethodError;RAISE:NoMethodError;RAISE:NoMethodError;RAISE:NoMethodError;RAISE:NoMethodError;RAISE:NoMethodError;RAISE:NoMethodError;RAISE:NoMethodError;RAISE:NoMethodError;RAISE:NoMethodError;RAISE:NoMethodError;RAISE:NoMethodError;RAISE:NoMethodError;RAISE:NoMethodError;RAISE:NoMethodError;RAISE:NoMethodError;RAISE:NoMethodError;RAISE:NoMethodError;RAISE:NoMethodError;RAISE:NoMethodError;RAISE:NoMethodError;RAISE:NoMethodError;RAISE:NoMethodError;RAISE:NoMethodError;RAISE:NoMethodError;RAISE:NoMethodError;RAISE:NoMethodError;RAISE:NoMethodError;RAISE:NoMethodError;RAISE:NoMethodError;RAISE:NoMethodError;RAISE:NoMethodError;RAISE:NoMethodError;RAISE:NoMethodError;RAISE:NoMethodError;RAISE:NoMethodError;RAISE:NoMethodError;RAISE:NoMethodError;RAISE:NoMethodError;RAISE:NoMethodError;RAISE:NoMethodError;RAISE:NoMethodError;RAISE:NoMethodError;RAISE:NoMethodError;RAISE:NoMethodError;RAISE:NoMethodError;RAISE:NoMethodError;RAISE:NoMethodError;RAISE:NoMethodError;RAISE:NoMethodError;RAISE:NoMethodError;RAISE:NoMethodError;RAISE:NoMethodError;RAISE:NoMethodError;RAISE:NoMethodError;RAISE:NoMethodError;RAISE:NoMethodError;RAISE:NoMethodError;RAISE:NoMethodError;RAISE:NoMethodError;RAISE:NoMethodError;RAISE:NoMethodError;RAISE:NoMethodError;RAISE:NoMethodError;RAISE:NoMethodError;RAISE:NoMethodError;RAISE:NoMethodError;RAISE:NoMethodError;RAISE:NoMethodError;RAISE:NoMethodError;RAISE:NoMethodError;RAISE:NoMethodError;RAISE:NoMethodError;RAISE:NoMethodError;RAISE:NoMethodError;RAISE:NoMethodError;RAISE:NoMethodError;RAISE:NoMethodError;RAISE:NoMethodError;RAISE:NoMethodError;RAISE:NoMethodError;RAISE:NoMethodError;RAISE:NoMethodError;RAISE:NoMethodError;RAISE:NoMethodError;RAISE:NoMethodError;RAISE:NoMethodError;RAISE:NoMethodError;RAISE:NoMethodError;RAISE:NoMethodError;RAISE:NoMethodError;RAISE:NoMethodError;RAISE:NoMethodError;RAISE:NoMethodError;RAISE:NoMethodError;RAISE:NoMethodError;RAISE:NoMethodError;RAISE:NoMethodError;RAISE:NoMethodError;RAISE:NoMethodError;RAISE:NoMethodError;RAISE:NoMethodError;RAISE:NoMethodError;RAISE:NoMethodError;RAISE:NoMethodError;RAISE:NoMethodError,0,256,0,"fractional/L1/16:-max_finite,-1.5,-1.0,-(1.0-1ulp),-0.0,+0.0,+min_subnormal,+min_normal,1.0-1ulp,1.0,1.0+1ulp,1.5,pi,2^53,max_finite,0.1","fractional/L1/16:-max_finite,-1.5,-1.0,-(1.0-1ulp),-0.0,+0.0,+min_subnormal,+min_normal,1.0-1ulp,1.0,1.0+1ulp,1.5,pi,2^53,max_finite,0.1"
A12_5_6,1,fractional|fractional,Float,Rational,"fractional/L1/16:-max_finite,-1.5,-1.0,-(1.0-1ulp),-0.0,+0.0,+min_subnormal,+min_normal,1.0-1ulp,1.0,1.0+1ulp,1.5,pi,2^53,max_finite,0.1","fractional/L1/16:-max_finite,-1.5,-1.0,-(1.0-1ulp),-0.0,+0.0,+min_subnormal,+min_normal,1.0-1ulp,1.0,1.0+1ulp,1.5,pi,2^53,max_finite,0.1",256,RAISE:NoMethodError;RAISE:NoMethodError;RAISE:NoMethodError;RAISE:NoMethodError;UNREPRESENTABLE;RAISE:NoMethodError;RAISE:NoMethodError;RAISE:NoMethodError;RAISE:NoMethodError;RAISE:NoMethodError;RAISE:NoMethodError;RAISE:NoMethodError;RAISE:NoMethodError;RAISE:NoMethodError;RAISE:NoMethodError;RAISE:NoMethodError;RAISE:NoMethodError;RAISE:NoMethodError;RAISE:NoMethodError;RAISE:NoMethodError;UNREPRESENTABLE;RAISE:NoMethodError;RAISE:NoMethodError;RAISE:NoMethodError;RAISE:NoMethodError;RAISE:NoMethodError;RAISE:NoMethodError;RAISE:NoMethodError;RAISE:NoMethodError;RAISE:NoMethodError;RAISE:NoMethodError;RAISE:NoMethodError;RAISE:NoMethodError;RAISE:NoMethodError;RAISE:NoMethodError;RAISE:NoMethodError;UNREPRESENTABLE;RAISE:NoMethodError;RAISE:NoMethodError;RAISE:NoMethodError;RAISE:NoMethodError;RAISE:NoMethodError;RAISE:NoMethodError;RAISE:NoMethodError;RAISE:NoMethodError;RAISE:NoMethodError;RAISE:NoMethodError;RAISE:NoMethodError;RAISE:NoMethodError;RAISE:NoMethodError;RAISE:NoMethodError;RAISE:NoMethodError;UNREPRESENTABLE;RAISE:NoMethodError;RAISE:NoMethodError;RAISE:NoMethodError;RAISE:NoMethodError;RAISE:NoMethodError;RAISE:NoMethodError;RAISE:NoMethodError;RAISE:NoMethodError;RAISE:NoMethodError;RAISE:NoMethodError;RAISE:NoMethodError;RAISE:NoMethodError;RAISE:NoMethodError;RAISE:NoMethodError;RAISE:NoMethodError;UNREPRESENTABLE;RAISE:NoMethodError;RAISE:NoMethodError;RAISE:NoMethodError;RAISE:NoMethodError;RAISE:NoMethodError;RAISE:NoMethodError;RAISE:NoMethodError;RAISE:NoMethodError;RAISE:NoMethodError;RAISE:NoMethodError;RAISE:NoMethodError;RAISE:NoMethodError;RAISE:NoMethodError;RAISE:NoMethodError;RAISE:NoMethodError;UNREPRESENTABLE;RAISE:NoMethodError;RAISE:NoMethodError;RAISE:NoMethodError;RAISE:NoMethodError;RAISE:NoMethodError;RAISE:NoMethodError;RAISE:NoMethodError;RAISE:NoMethodError;RAISE:NoMethodError;RAISE:NoMethodError;RAISE:NoMethodError;RAISE:NoMethodError;RAISE:NoMethodError;RAISE:NoMethodError;RAISE:NoMethodError;UNREPRESENTABLE;RAISE:NoMethodError;RAISE:NoMethodError;RAISE:NoMethodError;RAISE:NoMethodError;RAISE:NoMethodError;RAISE:NoMethodError;RAISE:NoMethodError;RAISE:NoMethodError;RAISE:NoMethodError;RAISE:NoMethodError;RAISE:NoMethodError;RAISE:NoMethodError;RAISE:NoMethodError;RAISE:NoMethodError;RAISE:NoMethodError;UNREPRESENTABLE;RAISE:NoMethodError;RAISE:NoMethodError;RAISE:NoMethodError;RAISE:NoMethodError;RAISE:NoMethodError;RAISE:NoMethodError;RAISE:NoMethodError;RAISE:NoMethodError;RAISE:NoMethodError;RAISE:NoMethodError;RAISE:NoMethodError;RAISE:NoMethodError;RAISE:NoMethodError;RAISE:NoMethodError;RAISE:NoMethodError;UNREPRESENTABLE;RAISE:NoMethodError;RAISE:NoMethodError;RAISE:NoMethodError;RAISE:NoMethodError;RAISE:NoMethodError;RAISE:NoMethodError;RAISE:NoMethodError;RAISE:NoMethodError;RAISE:NoMethodError;RAISE:NoMethodError;RAISE:NoMethodError;RAISE:NoMethodError;RAISE:NoMethodError;RAISE:NoMethodError;RAISE:NoMethodError;UNREPRESENTABLE;RAISE:NoMethodError;RAISE:NoMethodError;RAISE:NoMethodError;RAISE:NoMethodError;RAISE:NoMethodError;RAISE:NoMethodError;RAISE:NoMethodError;RAISE:NoMethodError;RAISE:NoMethodError;RAISE:NoMethodError;RAISE:NoMethodError;RAISE:NoMethodError;RAISE:NoMethodError;RAISE:NoMethodError;RAISE:NoMethodError;UNREPRESENTABLE;RAISE:NoMethodError;RAISE:NoMethodError;RAISE:NoMethodError;RAISE:NoMethodError;RAISE:NoMethodError;RAISE:NoMethodError;RAISE:NoMethodError;RAISE:NoMethodError;RAISE:NoMethodError;RAISE:NoMethodError;RAISE:NoMethodError;RAISE:NoMethodError;RAISE:NoMethodError;RAISE:NoMethodError;RAISE:NoMethodError;UNREPRESENTABLE;RAISE:NoMethodError;RAISE:NoMethodError;RAISE:NoMethodError;RAISE:NoMethodError;RAISE:NoMethodError;RAISE:NoMethodError;RAISE:NoMethodError;RAISE:NoMethodError;RAISE:NoMethodError;RAISE:NoMethodError;RAISE:NoMethodError;RAISE:NoMethodError;RAISE:NoMethodError;RAISE:NoMethodError;RAISE:NoMethodError;UNREPRESENTABLE;RAISE:NoMethodError;RAISE:NoMethodError;RAISE:NoMethodError;RAISE:NoMethodError;RAISE:NoMethodError;RAISE:NoMethodError;RAISE:NoMethodError;RAISE:NoMethodError;RAISE:NoMethodError;RAISE:NoMethodError;RAISE:NoMethodError;RAISE:NoMethodError;RAISE:NoMethodError;RAISE:NoMethodError;RAISE:NoMethodError;UNREPRESENTABLE;RAISE:NoMethodError;RAISE:NoMethodError;RAISE:NoMethodError;RAISE:NoMethodError;RAISE:NoMethodError;RAISE:NoMethodError;RAISE:NoMethodError;RAISE:NoMethodError;RAISE:NoMethodError;RAISE:NoMethodError;RAISE:NoMethodError;RAISE:NoMethodError;RAISE:NoMethodError;RAISE:NoMethodError;RAISE:NoMethodError;UNREPRESENTABLE;RAISE:NoMethodError;RAISE:NoMethodError;RAISE:NoMethodError;RAISE:NoMethodError;RAISE:NoMethodError;RAISE:NoMethodError;RAISE:NoMethodError;RAISE:NoMethodError;RAISE:NoMethodError;RAISE:NoMethodError;RAISE:NoMethodError;RAISE:NoMethodError;RAISE:NoMethodError;RAISE:NoMethodError;RAISE:NoMethodError;UNREPRESENTABLE;RAISE:NoMethodError;RAISE:NoMethodError;RAISE:NoMethodError;RAISE:NoMethodError;RAISE:NoMethodError;RAISE:NoMethodError;RAISE:NoMethodError;RAISE:NoMethodError;RAISE:NoMethodError;RAISE:NoMethodError;RAISE:NoMethodError,0,240,16,"fractional/L1/16:-max_finite,-1.5,-1.0,-(1.0-1ulp),-0.0,+0.0,+min_subnormal,+min_normal,1.0-1ulp,1.0,1.0+1ulp,1.5,pi,2^53,max_finite,0.1","fractional/L1/15:-max_finite,-1.5,-1.0,-(1.0-1ulp),+0.0,+min_subnormal,+min_normal,1.0-1ulp,1.0,1.0+1ulp,1.5,pi,2^53,max_finite,0.1"
A12_5_7,1,fractional|fractional,Float,BigDecimal,"fractional/L1/16:-max_finite,-1.5,-1.0,-(1.0-1ulp),-0.0,+0.0,+min_subnormal,+min_normal,1.0-1ulp,1.0,1.0+1ulp,1.5,pi,2^53,max_finite,0.1","fractional/L1/16:-max_finite,-1.5,-1.0,-(1.0-1ulp),-0.0,+0.0,+min_subnormal,+min_normal,1.0-1ulp,1.0,1.0+1ulp,1.5,pi,2^53,max_finite,0.1",256,RAISE:NoMethodError;RAISE:NoMethodError;RAISE:NoMethodError;RAISE:NoMethodError;RAISE:NoMethodError;RAISE:NoMethodError;RAISE:NoMethodError;RAISE:NoMethodError;RAISE:NoMethodError;RAISE:NoMethodError;RAISE:NoMethodError;RAISE:NoMethodError;RAISE:NoMethodError;RAISE:NoMethodError;RAISE:NoMethodError;RAISE:NoMethodError;RAISE:NoMethodError;RAISE:NoMethodError;RAISE:NoMethodError;RAISE:NoMethodError;RAISE:NoMethodError;RAISE:NoMethodError;RAISE:NoMethodError;RAISE:NoMethodError;RAISE:NoMethodError;RAISE:NoMethodError;RAISE:NoMethodError;RAISE:NoMethodError;RAISE:NoMethodError;RAISE:NoMethodError;RAISE:NoMethodError;RAISE:NoMethodError;RAISE:NoMethodError;RAISE:NoMethodError;RAISE:NoMethodError;RAISE:NoMethodError;RAISE:NoMethodError;RAISE:NoMethodError;RAISE:NoMethodError;RAISE:NoMethodError;RAISE:NoMethodError;RAISE:NoMethodError;RAISE:NoMethodError;RAISE:NoMethodError;RAISE:NoMethodError;RAISE:NoMethodError;RAISE:NoMethodError;RAISE:NoMethodError;RAISE:NoMethodError;RAISE:NoMethodError;RAISE:NoMethodError;RAISE:NoMethodError;RAISE:NoMethodError;RAISE:NoMethodError;RAISE:NoMethodError;RAISE:NoMethodError;RAISE:NoMethodError;RAISE:NoMethodError;RAISE:NoMethodError;RAISE:NoMethodError;RAISE:NoMethodError;RAISE:NoMethodError;RAISE:NoMethodError;RAISE:NoMethodError;RAISE:NoMethodError;RAISE:NoMethodError;RAISE:NoMethodError;RAISE:NoMethodError;RAISE:NoMethodError;RAISE:NoMethodError;RAISE:NoMethodError;RAISE:NoMethodError;RAISE:NoMethodError;RAISE:NoMethodError;RAISE:NoMethodError;RAISE:NoMethodError;RAISE:NoMethodError;RAISE:NoMethodError;RAISE:NoMethodError;RAISE:NoMethodError;RAISE:NoMethodError;RAISE:NoMethodError;RAISE:NoMethodError;RAISE:NoMethodError;RAISE:NoMethodError;RAISE:NoMethodError;RAISE:NoMethodError;RAISE:NoMethodError;RAISE:NoMethodError;RAISE:NoMethodError;RAISE:NoMethodError;RAISE:NoMethodError;RAISE:NoMethodError;RAISE:NoMethodError;RAISE:NoMethodError;RAISE:NoMethodError;RAISE:NoMethodError;RAISE:NoMethodError;RAISE:NoMethodError;RAISE:NoMethodError;RAISE:NoMethodError;RAISE:NoMethodError;RAISE:NoMethodError;RAISE:NoMethodError;RAISE:NoMethodError;RAISE:NoMethodError;RAISE:NoMethodError;RAISE:NoMethodError;RAISE:NoMethodError;RAISE:NoMethodError;RAISE:NoMethodError;RAISE:NoMethodError;RAISE:NoMethodError;RAISE:NoMethodError;RAISE:NoMethodError;RAISE:NoMethodError;RAISE:NoMethodError;RAISE:NoMethodError;RAISE:NoMethodError;RAISE:NoMethodError;RAISE:NoMethodError;RAISE:NoMethodError;RAISE:NoMethodError;RAISE:NoMethodError;RAISE:NoMethodError;RAISE:NoMethodError;RAISE:NoMethodError;RAISE:NoMethodError;RAISE:NoMethodError;RAISE:NoMethodError;RAISE:NoMethodError;RAISE:NoMethodError;RAISE:NoMethodError;RAISE:NoMethodError;RAISE:NoMethodError;RAISE:NoMethodError;RAISE:NoMethodError;RAISE:NoMethodError;RAISE:NoMethodError;RAISE:NoMethodError;RAISE:NoMethodError;RAISE:NoMethodError;RAISE:NoMethodError;RAISE:NoMethodError;RAISE:NoMethodError;RAISE:NoMethodError;RAISE:NoMethodError;RAISE:NoMethodError;RAISE:NoMethodError;RAISE:NoMethodError;RAISE:NoMethodError;RAISE:NoMethodError;RAISE:NoMethodError;RAISE:NoMethodError;RAISE:NoMethodError;RAISE:NoMethodError;RAISE:NoMethodError;RAISE:NoMethodError;RAISE:NoMethodError;RAISE:NoMethodError;RAISE:NoMethodError;RAISE:NoMethodError;RAISE:NoMethodError;RAISE:NoMethodError;RAISE:NoMethodError;RAISE:NoMethodError;RAISE:NoMethodError;RAISE:NoMethodError;RAISE:NoMethodError;RAISE:NoMethodError;RAISE:NoMethodError;RAISE:NoMethodError;RAISE:NoMethodError;RAISE:NoMethodError;RAISE:NoMethodError;RAISE:NoMethodError;RAISE:NoMethodError;RAISE:NoMethodError;RAISE:NoMethodError;RAISE:NoMethodError;RAISE:NoMethodError;RAISE:NoMethodError;RAISE:NoMethodError;RAISE:NoMethodError;RAISE:NoMethodError;RAISE:NoMethodError;RAISE:NoMethodError;RAISE:NoMethodError;RAISE:NoMethodError;RAISE:NoMethodError;RAISE:NoMethodError;RAISE:NoMethodError;RAISE:NoMethodError;RAISE:NoMethodError;RAISE:NoMethodError;RAISE:NoMethodError;RAISE:NoMethodError;RAISE:NoMethodError;RAISE:NoMethodError;RAISE:NoMethodError;RAISE:NoMethodError;RAISE:NoMethodError;RAISE:NoMethodError;RAISE:NoMethodError;RAISE:NoMethodError;RAISE:NoMethodError;RAISE:NoMethodError;RAISE:NoMethodError;RAISE:NoMethodError;RAISE:NoMethodError;RAISE:NoMethodError;RAISE:NoMethodError;RAISE:NoMethodError;RAISE:NoMethodError;RAISE:NoMethodError;RAISE:NoMethodError;RAISE:NoMethodError;RAISE:NoMethodError;RAISE:NoMethodError;RAISE:NoMethodError;RAISE:NoMethodError;RAISE:NoMethodError;RAISE:NoMethodError;RAISE:NoMethodError;RAISE:NoMethodError;RAISE:NoMethodError;RAISE:NoMethodError;RAISE:NoMethodError;RAISE:NoMethodError;RAISE:NoMethodError;RAISE:NoMethodError;RAISE:NoMethodError;RAISE:NoMethodError;RAISE:NoMethodError;RAISE:NoMethodError;RAISE:NoMethodError;RAISE:NoMethodError;RAISE:NoMethodError;RAISE:NoMethodError;RAISE:NoMethodError;RAISE:NoMethodError;RAISE:NoMethodError;RAISE:NoMethodError;RAISE:NoMethodError;RAISE:NoMethodError;RAISE:NoMethodError;RAISE:NoMethodError;RAISE:NoMethodError;RAISE:NoMethodError;RAISE:NoMethodError;RAISE:NoMethodError;RAISE:NoMethodError;RAISE:NoMethodError;RAISE:NoMethodError;RAISE:NoMethodError;RAISE:NoMethodError,0,256,0,"fractional/L1/16:-max_finite,-1.5,-1.0,-(1.0-1ulp),-0.0,+0.0,+min_subnormal,+min_normal,1.0-1ulp,1.0,1.0+1ulp,1.5,pi,2^53,max_finite,0.1","fractional/L1/16:-max_finite,-1.5,-1.0,-(1.0-1ulp),-0.0,+0.0,+min_subnormal,+min_normal,1.0-1ulp,1.0,1.0+1ulp,1.5,pi,2^53,max_finite,0.1"
A12_6_1,1,fractional|truth,Rational,TrueFalse,"fractional/L1/16:-max_finite,-1.5,-1.0,-(1.0-1ulp),-0.0,+0.0,+min_subnormal,+min_normal,1.0-1ulp,1.0,1.0+1ulp,1.5,pi,2^53,max_finite,0.1","truth/L1/6:true,false,0,1,"""",nil",96,RAISE:NoMethodError;RAISE:NoMethodError;RAISE:NoMethodError;RAISE:NoMethodError;RAISE:NoMethodError;RAISE:NoMethodError;RAISE:NoMethodError;RAISE:NoMethodError;RAISE:NoMethodError;RAISE:NoMethodError;RAISE:NoMethodError;RAISE:NoMethodError;RAISE:NoMethodError;RAISE:NoMethodError;RAISE:NoMethodError;RAISE:NoMethodError;RAISE:NoMethodError;RAISE:NoMethodError;RAISE:NoMethodError;RAISE:NoMethodError;RAISE:NoMethodError;RAISE:NoMethodError;RAISE:NoMethodError;RAISE:NoMethodError;UNREPRESENTABLE;UNREPRESENTABLE;UNREPRESENTABLE;UNREPRESENTABLE;UNREPRESENTABLE;UNREPRESENTABLE;RAISE:NoMethodError;RAISE:NoMethodError;RAISE:NoMethodError;RAISE:NoMethodError;RAISE:NoMethodError;RAISE:NoMethodError;RAISE:NoMethodError;RAISE:NoMethodError;RAISE:NoMethodError;RAISE:NoMethodError;RAISE:NoMethodError;RAISE:NoMethodError;RAISE:NoMethodError;RAISE:NoMethodError;RAISE:NoMethodError;RAISE:NoMethodError;RAISE:NoMethodError;RAISE:NoMethodError;RAISE:NoMethodError;RAISE:NoMethodError;RAISE:NoMethodError;RAISE:NoMethodError;RAISE:NoMethodError;RAISE:NoMethodError;RAISE:NoMethodError;RAISE:NoMethodError;RAISE:NoMethodError;RAISE:NoMethodError;RAISE:NoMethodError;RAISE:NoMethodError;RAISE:NoMethodError;RAISE:NoMethodError;RAISE:NoMethodError;RAISE:NoMethodError;RAISE:NoMethodError;RAISE:NoMethodError;RAISE:NoMethodError;RAISE:NoMethodError;RAISE:NoMethodError;RAISE:NoMethodError;RAISE:NoMethodError;RAISE:NoMethodError;RAISE:NoMethodError;RAISE:NoMethodError;RAISE:NoMethodError;RAISE:NoMethodError;RAISE:NoMethodError;RAISE:NoMethodError;RAISE:NoMethodError;RAISE:NoMethodError;RAISE:NoMethodError;RAISE:NoMethodError;RAISE:NoMethodError;RAISE:NoMethodError;RAISE:NoMethodError;RAISE:NoMethodError;RAISE:NoMethodError;RAISE:NoMethodError;RAISE:NoMethodError;RAISE:NoMethodError;RAISE:NoMethodError;RAISE:NoMethodError;RAISE:NoMethodError;RAISE:NoMethodError;RAISE:NoMethodError;RAISE:NoMethodError,0,90,6,"fractional/L1/15:-max_finite,-1.5,-1.0,-(1.0-1ulp),+0.0,+min_subnormal,+min_normal,1.0-1ulp,1.0,1.0+1ulp,1.5,pi,2^53,max_finite,0.1","truth/L1/6:true,false,0,1,"""",nil"
A12_6_2,1,fractional|whole,Rational,Integer,"fractional/L1/16:-max_finite,-1.5,-1.0,-(1.0-1ulp),-0.0,+0.0,+min_subnormal,+min_normal,1.0-1ulp,1.0,1.0+1ulp,1.5,pi,2^53,max_finite,0.1","whole/L1/17:-2^63,-2^63+1,-2^53-1,-2^31,-42,-1,0,1,7,42,1000,2^31-1,2^31,2^53-1,2^53+1,2^63-1,2^64-1",272,RAISE:NoMethodError;RAISE:NoMethodError;RAISE:NoMethodError;RAISE:NoMethodError;RAISE:NoMethodError;RAISE:NoMethodError;RAISE:NoMethodError;RAISE:NoMethodError;RAISE:NoMethodError;RAISE:NoMethodError;RAISE:NoMethodError;RAISE:NoMethodError;RAISE:NoMethodError;RAISE:NoMethodError;RAISE:NoMethodError;RAISE:NoMethodError;RAISE:NoMethodError;RAISE:NoMethodError;RAISE:NoMethodError;RAISE:NoMethodError;RAISE:NoMethodError;RAISE:NoMethodError;RAISE:NoMethodError;RAISE:NoMethodError;RAISE:NoMethodError;RAISE:NoMethodError;RAISE:NoMethodError;RAISE:NoMethodError;RAISE:NoMethodError;RAISE:NoMethodError;RAISE:NoMethodError;RAISE:NoMethodError;RAISE:NoMethodError;RAISE:NoMethodError;RAISE:NoMethodError;RAISE:NoMethodError;RAISE:NoMethodError;RAISE:NoMethodError;RAISE:NoMethodError;RAISE:NoMethodError;RAISE:NoMethodError;RAISE:NoMethodError;RAISE:NoMethodError;RAISE:NoMethodError;RAISE:NoMethodError;RAISE:NoMethodError;RAISE:NoMethodError;RAISE:NoMethodError;RAISE:NoMethodError;RAISE:NoMethodError;RAISE:NoMethodError;RAISE:NoMethodError;RAISE:NoMethodError;RAISE:NoMethodError;RAISE:NoMethodError;RAISE:NoMethodError;RAISE:NoMethodError;RAISE:NoMethodError;RAISE:NoMethodError;RAISE:NoMethodError;RAISE:NoMethodError;RAISE:NoMethodError;RAISE:NoMethodError;RAISE:NoMethodError;RAISE:NoMethodError;RAISE:NoMethodError;RAISE:NoMethodError;RAISE:NoMethodError;UNREPRESENTABLE;UNREPRESENTABLE;UNREPRESENTABLE;UNREPRESENTABLE;UNREPRESENTABLE;UNREPRESENTABLE;UNREPRESENTABLE;UNREPRESENTABLE;UNREPRESENTABLE;UNREPRESENTABLE;UNREPRESENTABLE;UNREPRESENTABLE;UNREPRESENTABLE;UNREPRESENTABLE;UNREPRESENTABLE;UNREPRESENTABLE;UNREPRESENTABLE;RAISE:NoMethodError;RAISE:NoMethodError;RAISE:NoMethodError;RAISE:NoMethodError;RAISE:NoMethodError;RAISE:NoMethodError;RAISE:NoMethodError;RAISE:NoMethodError;RAISE:NoMethodError;RAISE:NoMethodError;RAISE:NoMethodError;RAISE:NoMethodError;RAISE:NoMethodError;RAISE:NoMethodError;RAISE:NoMethodError;RAISE:NoMethodError;RAISE:NoMethodError;RAISE:NoMethodError;RAISE:NoMethodError;RAISE:NoMethodError;RAISE:NoMethodError;RAISE:NoMethodError;RAISE:NoMethodError;RAISE:NoMethodError;RAISE:NoMethodError;RAISE:NoMethodError;RAISE:NoMethodError;RAISE:NoMethodError;RAISE:NoMethodError;RAISE:NoMethodError;RAISE:NoMethodError;RAISE:NoMethodError;RAISE:NoMethodError;RAISE:NoMethodError;RAISE:NoMethodError;RAISE:NoMethodError;RAISE:NoMethodError;RAISE:NoMethodError;RAISE:NoMethodError;RAISE:NoMethodError;RAISE:NoMethodError;RAISE:NoMethodError;RAISE:NoMethodError;RAISE:NoMethodError;RAISE:NoMethodError;RAISE:NoMethodError;RAISE:NoMethodError;RAISE:NoMethodError;RAISE:NoMethodError;RAISE:NoMethodError;RAISE:NoMethodError;RAISE:NoMethodError;RAISE:NoMethodError;RAISE:NoMethodError;RAISE:NoMethodError;RAISE:NoMethodError;RAISE:NoMethodError;RAISE:NoMethodError;RAISE:NoMethodError;RAISE:NoMethodError;RAISE:NoMethodError;RAISE:NoMethodError;RAISE:NoMethodError;RAISE:NoMethodError;RAISE:NoMethodError;RAISE:NoMethodError;RAISE:NoMethodError;RAISE:NoMethodError;RAISE:NoMethodError;RAISE:NoMethodError;RAISE:NoMethodError;RAISE:NoMethodError;RAISE:NoMethodError;RAISE:NoMethodError;RAISE:NoMethodError;RAISE:NoMethodError;RAISE:NoMethodError;RAISE:NoMethodError;RAISE:NoMethodError;RAISE:NoMethodError;RAISE:NoMethodError;RAISE:NoMethodError;RAISE:NoMethodError;RAISE:NoMethodError;RAISE:NoMethodError;RAISE:NoMethodError;RAISE:NoMethodError;RAISE:NoMethodError;RAISE:NoMethodError;RAISE:NoMethodError;RAISE:NoMethodError;RAISE:NoMethodError;RAISE:NoMethodError;RAISE:NoMethodError;RAISE:NoMethodError;RAISE:NoMethodError;RAISE:NoMethodError;RAISE:NoMethodError;RAISE:NoMethodError;RAISE:NoMethodError;RAISE:NoMethodError;RAISE:NoMethodError;RAISE:NoMethodError;RAISE:NoMethodError;RAISE:NoMethodError;RAISE:NoMethodError;RAISE:NoMethodError;RAISE:NoMethodError;RAISE:NoMethodError;RAISE:NoMethodError;RAISE:NoMethodError;RAISE:NoMethodError;RAISE:NoMethodError;RAISE:NoMethodError;RAISE:NoMethodError;RAISE:NoMethodError;RAISE:NoMethodError;RAISE:NoMethodError;RAISE:NoMethodError;RAISE:NoMethodError;RAISE:NoMethodError;RAISE:NoMethodError;RAISE:NoMethodError;RAISE:NoMethodError;RAISE:NoMethodError;RAISE:NoMethodError;RAISE:NoMethodError;RAISE:NoMethodError;RAISE:NoMethodError;RAISE:NoMethodError;RAISE:NoMethodError;RAISE:NoMethodError;RAISE:NoMethodError;RAISE:NoMethodError;RAISE:NoMethodError;RAISE:NoMethodError;RAISE:NoMethodError;RAISE:NoMethodError;RAISE:NoMethodError;RAISE:NoMethodError;RAISE:NoMethodError;RAISE:NoMethodError;RAISE:NoMethodError;RAISE:NoMethodError;RAISE:NoMethodError;RAISE:NoMethodError;RAISE:NoMethodError;RAISE:NoMethodError;RAISE:NoMethodError;RAISE:NoMethodError;RAISE:NoMethodError;RAISE:NoMethodError;RAISE:NoMethodError;RAISE:NoMethodError;RAISE:NoMethodError;RAISE:NoMethodError;RAISE:NoMethodError;RAISE:NoMethodError;RAISE:NoMethodError;RAISE:NoMethodError;RAISE:NoMethodError;RAISE:NoMethodError;RAISE:NoMethodError;RAISE:NoMethodError;RAISE:NoMethodError;RAISE:NoMethodError;RAISE:NoMethodError;RAISE:NoMethodError;RAISE:NoMethodError;RAISE:NoMethodError;RAISE:NoMethodError;RAISE:NoMethodError;RAISE:NoMethodError;RAISE:NoMethodError;RAISE:NoMethodError;RAISE:NoMethodError;RAISE:NoMethodError;RAISE:NoMethodError;RAISE:NoMethodError;RAISE:NoMethodError;RAISE:NoMethodError;RAISE:NoMethodError;RAISE:NoMethodError;RAISE:NoMethodError;RAISE:NoMethodError;RAISE:NoMethodError;RAISE:NoMethodError,0,255,17,"fractional/L1/15:-max_finite,-1.5,-1.0,-(1.0-1ulp),+0.0,+min_subnormal,+min_normal,1.0-1ulp,1.0,1.0+1ulp,1.5,pi,2^53,max_finite,0.1","whole/L1/17:-2^63,-2^63+1,-2^53-1,-2^31,-42,-1,0,1,7,42,1000,2^31-1,2^31,2^53-1,2^53+1,2^63-1,2^64-1"
A12_6_3,1,fractional|whole,Rational,Rational,"fractional/L1/16:-max_finite,-1.5,-1.0,-(1.0-1ulp),-0.0,+0.0,+min_subnormal,+min_normal,1.0-1ulp,1.0,1.0+1ulp,1.5,pi,2^53,max_finite,0.1","whole/L1/17:-2^63,-2^63+1,-2^53-1,-2^31,-42,-1,0,1,7,42,1000,2^31-1,2^31,2^53-1,2^53+1,2^63-1,2^64-1",272,RAISE:NoMethodError;RAISE:NoMethodError;RAISE:NoMethodError;RAISE:NoMethodError;RAISE:NoMethodError;RAISE:NoMethodError;RAISE:NoMethodError;RAISE:NoMethodError;RAISE:NoMethodError;RAISE:NoMethodError;RAISE:NoMethodError;RAISE:NoMethodError;RAISE:NoMethodError;RAISE:NoMethodError;RAISE:NoMethodError;RAISE:NoMethodError;RAISE:NoMethodError;RAISE:NoMethodError;RAISE:NoMethodError;RAISE:NoMethodError;RAISE:NoMethodError;RAISE:NoMethodError;RAISE:NoMethodError;RAISE:NoMethodError;RAISE:NoMethodError;RAISE:NoMethodError;RAISE:NoMethodError;RAISE:NoMethodError;RAISE:NoMethodError;RAISE:NoMethodError;RAISE:NoMethodError;RAISE:NoMethodError;RAISE:NoMethodError;RAISE:NoMethodError;RAISE:NoMethodError;RAISE:NoMethodError;RAISE:NoMethodError;RAISE:NoMethodError;RAISE:NoMethodError;RAISE:NoMethodError;RAISE:NoMethodError;RAISE:NoMethodError;RAISE:NoMethodError;RAISE:NoMethodError;RAISE:NoMethodError;RAISE:NoMethodError;RAISE:NoMethodError;RAISE:NoMethodError;RAISE:NoMethodError;RAISE:NoMethodError;RAISE:NoMethodError;RAISE:NoMethodError;RAISE:NoMethodError;RAISE:NoMethodError;RAISE:NoMethodError;RAISE:NoMethodError;RAISE:NoMethodError;RAISE:NoMethodError;RAISE:NoMethodError;RAISE:NoMethodError;RAISE:NoMethodError;RAISE:NoMethodError;RAISE:NoMethodError;RAISE:NoMethodError;RAISE:NoMethodError;RAISE:NoMethodError;RAISE:NoMethodError;RAISE:NoMethodError;UNREPRESENTABLE;UNREPRESENTABLE;UNREPRESENTABLE;UNREPRESENTABLE;UNREPRESENTABLE;UNREPRESENTABLE;UNREPRESENTABLE;UNREPRESENTABLE;UNREPRESENTABLE;UNREPRESENTABLE;UNREPRESENTABLE;UNREPRESENTABLE;UNREPRESENTABLE;UNREPRESENTABLE;UNREPRESENTABLE;UNREPRESENTABLE;UNREPRESENTABLE;RAISE:NoMethodError;RAISE:NoMethodError;RAISE:NoMethodError;RAISE:NoMethodError;RAISE:NoMethodError;RAISE:NoMethodError;RAISE:NoMethodError;RAISE:NoMethodError;RAISE:NoMethodError;RAISE:NoMethodError;RAISE:NoMethodError;RAISE:NoMethodError;RAISE:NoMethodError;RAISE:NoMethodError;RAISE:NoMethodError;RAISE:NoMethodError;RAISE:NoMethodError;RAISE:NoMethodError;RAISE:NoMethodError;RAISE:NoMethodError;RAISE:NoMethodError;RAISE:NoMethodError;RAISE:NoMethodError;RAISE:NoMethodError;RAISE:NoMethodError;RAISE:NoMethodError;RAISE:NoMethodError;RAISE:NoMethodError;RAISE:NoMethodError;RAISE:NoMethodError;RAISE:NoMethodError;RAISE:NoMethodError;RAISE:NoMethodError;RAISE:NoMethodError;RAISE:NoMethodError;RAISE:NoMethodError;RAISE:NoMethodError;RAISE:NoMethodError;RAISE:NoMethodError;RAISE:NoMethodError;RAISE:NoMethodError;RAISE:NoMethodError;RAISE:NoMethodError;RAISE:NoMethodError;RAISE:NoMethodError;RAISE:NoMethodError;RAISE:NoMethodError;RAISE:NoMethodError;RAISE:NoMethodError;RAISE:NoMethodError;RAISE:NoMethodError;RAISE:NoMethodError;RAISE:NoMethodError;RAISE:NoMethodError;RAISE:NoMethodError;RAISE:NoMethodError;RAISE:NoMethodError;RAISE:NoMethodError;RAISE:NoMethodError;RAISE:NoMethodError;RAISE:NoMethodError;RAISE:NoMethodError;RAISE:NoMethodError;RAISE:NoMethodError;RAISE:NoMethodError;RAISE:NoMethodError;RAISE:NoMethodError;RAISE:NoMethodError;RAISE:NoMethodError;RAISE:NoMethodError;RAISE:NoMethodError;RAISE:NoMethodError;RAISE:NoMethodError;RAISE:NoMethodError;RAISE:NoMethodError;RAISE:NoMethodError;RAISE:NoMethodError;RAISE:NoMethodError;RAISE:NoMethodError;RAISE:NoMethodError;RAISE:NoMethodError;RAISE:NoMethodError;RAISE:NoMethodError;RAISE:NoMethodError;RAISE:NoMethodError;RAISE:NoMethodError;RAISE:NoMethodError;RAISE:NoMethodError;RAISE:NoMethodError;RAISE:NoMethodError;RAISE:NoMethodError;RAISE:NoMethodError;RAISE:NoMethodError;RAISE:NoMethodError;RAISE:NoMethodError;RAISE:NoMethodError;RAISE:NoMethodError;RAISE:NoMethodError;RAISE:NoMethodError;RAISE:NoMethodError;RAISE:NoMethodError;RAISE:NoMethodError;RAISE:NoMethodError;RAISE:NoMethodError;RAISE:NoMethodError;RAISE:NoMethodError;RAISE:NoMethodError;RAISE:NoMethodError;RAISE:NoMethodError;RAISE:NoMethodError;RAISE:NoMethodError;RAISE:NoMethodError;RAISE:NoMethodError;RAISE:NoMethodError;RAISE:NoMethodError;RAISE:NoMethodError;RAISE:NoMethodError;RAISE:NoMethodError;RAISE:NoMethodError;RAISE:NoMethodError;RAISE:NoMethodError;RAISE:NoMethodError;RAISE:NoMethodError;RAISE:NoMethodError;RAISE:NoMethodError;RAISE:NoMethodError;RAISE:NoMethodError;RAISE:NoMethodError;RAISE:NoMethodError;RAISE:NoMethodError;RAISE:NoMethodError;RAISE:NoMethodError;RAISE:NoMethodError;RAISE:NoMethodError;RAISE:NoMethodError;RAISE:NoMethodError;RAISE:NoMethodError;RAISE:NoMethodError;RAISE:NoMethodError;RAISE:NoMethodError;RAISE:NoMethodError;RAISE:NoMethodError;RAISE:NoMethodError;RAISE:NoMethodError;RAISE:NoMethodError;RAISE:NoMethodError;RAISE:NoMethodError;RAISE:NoMethodError;RAISE:NoMethodError;RAISE:NoMethodError;RAISE:NoMethodError;RAISE:NoMethodError;RAISE:NoMethodError;RAISE:NoMethodError;RAISE:NoMethodError;RAISE:NoMethodError;RAISE:NoMethodError;RAISE:NoMethodError;RAISE:NoMethodError;RAISE:NoMethodError;RAISE:NoMethodError;RAISE:NoMethodError;RAISE:NoMethodError;RAISE:NoMethodError;RAISE:NoMethodError;RAISE:NoMethodError;RAISE:NoMethodError;RAISE:NoMethodError;RAISE:NoMethodError;RAISE:NoMethodError;RAISE:NoMethodError;RAISE:NoMethodError;RAISE:NoMethodError;RAISE:NoMethodError;RAISE:NoMethodError;RAISE:NoMethodError;RAISE:NoMethodError;RAISE:NoMethodError;RAISE:NoMethodError;RAISE:NoMethodError;RAISE:NoMethodError;RAISE:NoMethodError;RAISE:NoMethodError;RAISE:NoMethodError;RAISE:NoMethodError;RAISE:NoMethodError;RAISE:NoMethodError,0,255,17,"fractional/L1/15:-max_finite,-1.5,-1.0,-(1.0-1ulp),+0.0,+min_subnormal,+min_normal,1.0-1ulp,1.0,1.0+1ulp,1.5,pi,2^53,max_finite,0.1","whole/L1/17:-2^63,-2^63+1,-2^53-1,-2^31,-42,-1,0,1,7,42,1000,2^31-1,2^31,2^53-1,2^53+1,2^63-1,2^64-1"
A12_6_4,1,fractional|whole,Rational,BigDecimal,"fractional/L1/16:-max_finite,-1.5,-1.0,-(1.0-1ulp),-0.0,+0.0,+min_subnormal,+min_normal,1.0-1ulp,1.0,1.0+1ulp,1.5,pi,2^53,max_finite,0.1","whole/L1/17:-2^63,-2^63+1,-2^53-1,-2^31,-42,-1,0,1,7,42,1000,2^31-1,2^31,2^53-1,2^53+1,2^63-1,2^64-1",272,RAISE:NoMethodError;RAISE:NoMethodError;RAISE:NoMethodError;RAISE:NoMethodError;RAISE:NoMethodError;RAISE:NoMethodError;RAISE:NoMethodError;RAISE:NoMethodError;RAISE:NoMethodError;RAISE:NoMethodError;RAISE:NoMethodError;RAISE:NoMethodError;RAISE:NoMethodError;RAISE:NoMethodError;RAISE:NoMethodError;RAISE:NoMethodError;RAISE:NoMethodError;RAISE:NoMethodError;RAISE:NoMethodError;RAISE:NoMethodError;RAISE:NoMethodError;RAISE:NoMethodError;RAISE:NoMethodError;RAISE:NoMethodError;RAISE:NoMethodError;RAISE:NoMethodError;RAISE:NoMethodError;RAISE:NoMethodError;RAISE:NoMethodError;RAISE:NoMethodError;RAISE:NoMethodError;RAISE:NoMethodError;RAISE:NoMethodError;RAISE:NoMethodError;RAISE:NoMethodError;RAISE:NoMethodError;RAISE:NoMethodError;RAISE:NoMethodError;RAISE:NoMethodError;RAISE:NoMethodError;RAISE:NoMethodError;RAISE:NoMethodError;RAISE:NoMethodError;RAISE:NoMethodError;RAISE:NoMethodError;RAISE:NoMethodError;RAISE:NoMethodError;RAISE:NoMethodError;RAISE:NoMethodError;RAISE:NoMethodError;RAISE:NoMethodError;RAISE:NoMethodError;RAISE:NoMethodError;RAISE:NoMethodError;RAISE:NoMethodError;RAISE:NoMethodError;RAISE:NoMethodError;RAISE:NoMethodError;RAISE:NoMethodError;RAISE:NoMethodError;RAISE:NoMethodError;RAISE:NoMethodError;RAISE:NoMethodError;RAISE:NoMethodError;RAISE:NoMethodError;RAISE:NoMethodError;RAISE:NoMethodError;RAISE:NoMethodError;UNREPRESENTABLE;UNREPRESENTABLE;UNREPRESENTABLE;UNREPRESENTABLE;UNREPRESENTABLE;UNREPRESENTABLE;UNREPRESENTABLE;UNREPRESENTABLE;UNREPRESENTABLE;UNREPRESENTABLE;UNREPRESENTABLE;UNREPRESENTABLE;UNREPRESENTABLE;UNREPRESENTABLE;UNREPRESENTABLE;UNREPRESENTABLE;UNREPRESENTABLE;RAISE:NoMethodError;RAISE:NoMethodError;RAISE:NoMethodError;RAISE:NoMethodError;RAISE:NoMethodError;RAISE:NoMethodError;RAISE:NoMethodError;RAISE:NoMethodError;RAISE:NoMethodError;RAISE:NoMethodError;RAISE:NoMethodError;RAISE:NoMethodError;RAISE:NoMethodError;RAISE:NoMethodError;RAISE:NoMethodError;RAISE:NoMethodError;RAISE:NoMethodError;RAISE:NoMethodError;RAISE:NoMethodError;RAISE:NoMethodError;RAISE:NoMethodError;RAISE:NoMethodError;RAISE:NoMethodError;RAISE:NoMethodError;RAISE:NoMethodError;RAISE:NoMethodError;RAISE:NoMethodError;RAISE:NoMethodError;RAISE:NoMethodError;RAISE:NoMethodError;RAISE:NoMethodError;RAISE:NoMethodError;RAISE:NoMethodError;RAISE:NoMethodError;RAISE:NoMethodError;RAISE:NoMethodError;RAISE:NoMethodError;RAISE:NoMethodError;RAISE:NoMethodError;RAISE:NoMethodError;RAISE:NoMethodError;RAISE:NoMethodError;RAISE:NoMethodError;RAISE:NoMethodError;RAISE:NoMethodError;RAISE:NoMethodError;RAISE:NoMethodError;RAISE:NoMethodError;RAISE:NoMethodError;RAISE:NoMethodError;RAISE:NoMethodError;RAISE:NoMethodError;RAISE:NoMethodError;RAISE:NoMethodError;RAISE:NoMethodError;RAISE:NoMethodError;RAISE:NoMethodError;RAISE:NoMethodError;RAISE:NoMethodError;RAISE:NoMethodError;RAISE:NoMethodError;RAISE:NoMethodError;RAISE:NoMethodError;RAISE:NoMethodError;RAISE:NoMethodError;RAISE:NoMethodError;RAISE:NoMethodError;RAISE:NoMethodError;RAISE:NoMethodError;RAISE:NoMethodError;RAISE:NoMethodError;RAISE:NoMethodError;RAISE:NoMethodError;RAISE:NoMethodError;RAISE:NoMethodError;RAISE:NoMethodError;RAISE:NoMethodError;RAISE:NoMethodError;RAISE:NoMethodError;RAISE:NoMethodError;RAISE:NoMethodError;RAISE:NoMethodError;RAISE:NoMethodError;RAISE:NoMethodError;RAISE:NoMethodError;RAISE:NoMethodError;RAISE:NoMethodError;RAISE:NoMethodError;RAISE:NoMethodError;RAISE:NoMethodError;RAISE:NoMethodError;RAISE:NoMethodError;RAISE:NoMethodError;RAISE:NoMethodError;RAISE:NoMethodError;RAISE:NoMethodError;RAISE:NoMethodError;RAISE:NoMethodError;RAISE:NoMethodError;RAISE:NoMethodError;RAISE:NoMethodError;RAISE:NoMethodError;RAISE:NoMethodError;RAISE:NoMethodError;RAISE:NoMethodError;RAISE:NoMethodError;RAISE:NoMethodError;RAISE:NoMethodError;RAISE:NoMethodError;RAISE:NoMethodError;RAISE:NoMethodError;RAISE:NoMethodError;RAISE:NoMethodError;RAISE:NoMethodError;RAISE:NoMethodError;RAISE:NoMethodError;RAISE:NoMethodError;RAISE:NoMethodError;RAISE:NoMethodError;RAISE:NoMethodError;RAISE:NoMethodError;RAISE:NoMethodError;RAISE:NoMethodError;RAISE:NoMethodError;RAISE:NoMethodError;RAISE:NoMethodError;RAISE:NoMethodError;RAISE:NoMethodError;RAISE:NoMethodError;RAISE:NoMethodError;RAISE:NoMethodError;RAISE:NoMethodError;RAISE:NoMethodError;RAISE:NoMethodError;RAISE:NoMethodError;RAISE:NoMethodError;RAISE:NoMethodError;RAISE:NoMethodError;RAISE:NoMethodError;RAISE:NoMethodError;RAISE:NoMethodError;RAISE:NoMethodError;RAISE:NoMethodError;RAISE:NoMethodError;RAISE:NoMethodError;RAISE:NoMethodError;RAISE:NoMethodError;RAISE:NoMethodError;RAISE:NoMethodError;RAISE:NoMethodError;RAISE:NoMethodError;RAISE:NoMethodError;RAISE:NoMethodError;RAISE:NoMethodError;RAISE:NoMethodError;RAISE:NoMethodError;RAISE:NoMethodError;RAISE:NoMethodError;RAISE:NoMethodError;RAISE:NoMethodError;RAISE:NoMethodError;RAISE:NoMethodError;RAISE:NoMethodError;RAISE:NoMethodError;RAISE:NoMethodError;RAISE:NoMethodError;RAISE:NoMethodError;RAISE:NoMethodError;RAISE:NoMethodError;RAISE:NoMethodError;RAISE:NoMethodError;RAISE:NoMethodError;RAISE:NoMethodError;RAISE:NoMethodError;RAISE:NoMethodError;RAISE:NoMethodError;RAISE:NoMethodError;RAISE:NoMethodError;RAISE:NoMethodError;RAISE:NoMethodError;RAISE:NoMethodError;RAISE:NoMethodError;RAISE:NoMethodError;RAISE:NoMethodError;RAISE:NoMethodError;RAISE:NoMethodError;RAISE:NoMethodError,0,255,17,"fractional/L1/15:-max_finite,-1.5,-1.0,-(1.0-1ulp),+0.0,+min_subnormal,+min_normal,1.0-1ulp,1.0,1.0+1ulp,1.5,pi,2^53,max_finite,0.1","whole/L1/17:-2^63,-2^63+1,-2^53-1,-2^31,-42,-1,0,1,7,42,1000,2^31-1,2^31,2^53-1,2^53+1,2^63-1,2^64-1"
A12_6_5,1,fractional|fractional,Rational,Float,"fractional/L1/16:-max_finite,-1.5,-1.0,-(1.0-1ulp),-0.0,+0.0,+min_subnormal,+min_normal,1.0-1ulp,1.0,1.0+1ulp,1.5,pi,2^53,max_finite,0.1","fractional/L1/16:-max_finite,-1.5,-1.0,-(1.0-1ulp),-0.0,+0.0,+min_subnormal,+min_normal,1.0-1ulp,1.0,1.0+1ulp,1.5,pi,2^53,max_finite,0.1",256,RAISE:NoMethodError;RAISE:NoMethodError;RAISE:NoMethodError;RAISE:NoMethodError;RAISE:NoMethodError;RAISE:NoMethodError;RAISE:NoMethodError;RAISE:NoMethodError;RAISE:NoMethodError;RAISE:NoMethodError;RAISE:NoMethodError;RAISE:NoMethodError;RAISE:NoMethodError;RAISE:NoMethodError;RAISE:NoMethodError;RAISE:NoMethodError;RAISE:NoMethodError;RAISE:NoMethodError;RAISE:NoMethodError;RAISE:NoMethodError;RAISE:NoMethodError;RAISE:NoMethodError;RAISE:NoMethodError;RAISE:NoMethodError;RAISE:NoMethodError;RAISE:NoMethodError;RAISE:NoMethodError;RAISE:NoMethodError;RAISE:NoMethodError;RAISE:NoMethodError;RAISE:NoMethodError;RAISE:NoMethodError;RAISE:NoMethodError;RAISE:NoMethodError;RAISE:NoMethodError;RAISE:NoMethodError;RAISE:NoMethodError;RAISE:NoMethodError;RAISE:NoMethodError;RAISE:NoMethodError;RAISE:NoMethodError;RAISE:NoMethodError;RAISE:NoMethodError;RAISE:NoMethodError;RAISE:NoMethodError;RAISE:NoMethodError;RAISE:NoMethodError;RAISE:NoMethodError;RAISE:NoMethodError;RAISE:NoMethodError;RAISE:NoMethodError;RAISE:NoMethodError;RAISE:NoMethodError;RAISE:NoMethodError;RAISE:NoMethodError;RAISE:NoMethodError;RAISE:NoMethodError;RAISE:NoMethodError;RAISE:NoMethodError;RAISE:NoMethodError;RAISE:NoMethodError;RAISE:NoMethodError;RAISE:NoMethodError;RAISE:NoMethodError;UNREPRESENTABLE;UNREPRESENTABLE;UNREPRESENTABLE;UNREPRESENTABLE;UNREPRESENTABLE;UNREPRESENTABLE;UNREPRESENTABLE;UNREPRESENTABLE;UNREPRESENTABLE;UNREPRESENTABLE;UNREPRESENTABLE;UNREPRESENTABLE;UNREPRESENTABLE;UNREPRESENTABLE;UNREPRESENTABLE;UNREPRESENTABLE;RAISE:NoMethodError;RAISE:NoMethodError;RAISE:NoMethodError;RAISE:NoMethodError;RAISE:NoMethodError;RAISE:NoMethodError;RAISE:NoMethodError;RAISE:NoMethodError;RAISE:NoMethodError;RAISE:NoMethodError;RAISE:NoMethodError;RAISE:NoMethodError;RAISE:NoMethodError;RAISE:NoMethodError;RAISE:NoMethodError;RAISE:NoMethodError;RAISE:NoMethodError;RAISE:NoMethodError;RAISE:NoMethodError;RAISE:NoMethodError;RAISE:NoMethodError;RAISE:NoMethodError;RAISE:NoMethodError;RAISE:NoMethodError;RAISE:NoMethodError;RAISE:NoMethodError;RAISE:NoMethodError;RAISE:NoMethodError;RAISE:NoMethodError;RAISE:NoMethodError;RAISE:NoMethodError;RAISE:NoMethodError;RAISE:NoMethodError;RAISE:NoMethodError;RAISE:NoMethodError;RAISE:NoMethodError;RAISE:NoMethodError;RAISE:NoMethodError;RAISE:NoMethodError;RAISE:NoMethodError;RAISE:NoMethodError;RAISE:NoMethodError;RAISE:NoMethodError;RAISE:NoMethodError;RAISE:NoMethodError;RAISE:NoMethodError;RAISE:NoMethodError;RAISE:NoMethodError;RAISE:NoMethodError;RAISE:NoMethodError;RAISE:NoMethodError;RAISE:NoMethodError;RAISE:NoMethodError;RAISE:NoMethodError;RAISE:NoMethodError;RAISE:NoMethodError;RAISE:NoMethodError;RAISE:NoMethodError;RAISE:NoMethodError;RAISE:NoMethodError;RAISE:NoMethodError;RAISE:NoMethodError;RAISE:NoMethodError;RAISE:NoMethodError;RAISE:NoMethodError;RAISE:NoMethodError;RAISE:NoMethodError;RAISE:NoMethodError;RAISE:NoMethodError;RAISE:NoMethodError;RAISE:NoMethodError;RAISE:NoMethodError;RAISE:NoMethodError;RAISE:NoMethodError;RAISE:NoMethodError;RAISE:NoMethodError;RAISE:NoMethodError;RAISE:NoMethodError;RAISE:NoMethodError;RAISE:NoMethodError;RAISE:NoMethodError;RAISE:NoMethodError;RAISE:NoMethodError;RAISE:NoMethodError;RAISE:NoMethodError;RAISE:NoMethodError;RAISE:NoMethodError;RAISE:NoMethodError;RAISE:NoMethodError;RAISE:NoMethodError;RAISE:NoMethodError;RAISE:NoMethodError;RAISE:NoMethodError;RAISE:NoMethodError;RAISE:NoMethodError;RAISE:NoMethodError;RAISE:NoMethodError;RAISE:NoMethodError;RAISE:NoMethodError;RAISE:NoMethodError;RAISE:NoMethodError;RAISE:NoMethodError;RAISE:NoMethodError;RAISE:NoMethodError;RAISE:NoMethodError;RAISE:NoMethodError;RAISE:NoMethodError;RAISE:NoMethodError;RAISE:NoMethodError;RAISE:NoMethodError;RAISE:NoMethodError;RAISE:NoMethodError;RAISE:NoMethodError;RAISE:NoMethodError;RAISE:NoMethodError;RAISE:NoMethodError;RAISE:NoMethodError;RAISE:NoMethodError;RAISE:NoMethodError;RAISE:NoMethodError;RAISE:NoMethodError;RAISE:NoMethodError;RAISE:NoMethodError;RAISE:NoMethodError;RAISE:NoMethodError;RAISE:NoMethodError;RAISE:NoMethodError;RAISE:NoMethodError;RAISE:NoMethodError;RAISE:NoMethodError;RAISE:NoMethodError;RAISE:NoMethodError;RAISE:NoMethodError;RAISE:NoMethodError;RAISE:NoMethodError;RAISE:NoMethodError;RAISE:NoMethodError;RAISE:NoMethodError;RAISE:NoMethodError;RAISE:NoMethodError;RAISE:NoMethodError;RAISE:NoMethodError;RAISE:NoMethodError;RAISE:NoMethodError;RAISE:NoMethodError;RAISE:NoMethodError;RAISE:NoMethodError;RAISE:NoMethodError;RAISE:NoMethodError;RAISE:NoMethodError;RAISE:NoMethodError;RAISE:NoMethodError;RAISE:NoMethodError;RAISE:NoMethodError;RAISE:NoMethodError;RAISE:NoMethodError;RAISE:NoMethodError;RAISE:NoMethodError;RAISE:NoMethodError;RAISE:NoMethodError;RAISE:NoMethodError;RAISE:NoMethodError;RAISE:NoMethodError;RAISE:NoMethodError;RAISE:NoMethodError;RAISE:NoMethodError;RAISE:NoMethodError;RAISE:NoMethodError;RAISE:NoMethodError;RAISE:NoMethodError;RAISE:NoMethodError;RAISE:NoMethodError;RAISE:NoMethodError;RAISE:NoMethodError;RAISE:NoMethodError;RAISE:NoMethodError,0,240,16,"fractional/L1/15:-max_finite,-1.5,-1.0,-(1.0-1ulp),+0.0,+min_subnormal,+min_normal,1.0-1ulp,1.0,1.0+1ulp,1.5,pi,2^53,max_finite,0.1","fractional/L1/16:-max_finite,-1.5,-1.0,-(1.0-1ulp),-0.0,+0.0,+min_subnormal,+min_normal,1.0-1ulp,1.0,1.0+1ulp,1.5,pi,2^53,max_finite,0.1"
A12_6_6,1,fractional|fractional,Rational,Rational,"fractional/L1/16:-max_finite,-1.5,-1.0,-(1.0-1ulp),-0.0,+0.0,+min_subnormal,+min_normal,1.0-1ulp,1.0,1.0+1ulp,1.5,pi,2^53,max_finite,0.1","fractional/L1/16:-max_finite,-1.5,-1.0,-(1.0-1ulp),-0.0,+0.0,+min_subnormal,+min_normal,1.0-1ulp,1.0,1.0+1ulp,1.5,pi,2^53,max_finite,0.1",256,RAISE:NoMethodError;RAISE:NoMethodError;RAISE:NoMethodError;RAISE:NoMethodError;UNREPRESENTABLE;RAISE:NoMethodError;RAISE:NoMethodError;RAISE:NoMethodError;RAISE:NoMethodError;RAISE:NoMethodError;RAISE:NoMethodError;RAISE:NoMethodError;RAISE:NoMethodError;RAISE:NoMethodError;RAISE:NoMethodError;RAISE:NoMethodError;RAISE:NoMethodError;RAISE:NoMethodError;RAISE:NoMethodError;RAISE:NoMethodError;UNREPRESENTABLE;RAISE:NoMethodError;RAISE:NoMethodError;RAISE:NoMethodError;RAISE:NoMethodError;RAISE:NoMethodError;RAISE:NoMethodError;RAISE:NoMethodError;RAISE:NoMethodError;RAISE:NoMethodError;RAISE:NoMethodError;RAISE:NoMethodError;RAISE:NoMethodError;RAISE:NoMethodError;RAISE:NoMethodError;RAISE:NoMethodError;UNREPRESENTABLE;RAISE:NoMethodError;RAISE:NoMethodError;RAISE:NoMethodError;RAISE:NoMethodError;RAISE:NoMethodError;RAISE:NoMethodError;RAISE:NoMethodError;RAISE:NoMethodError;RAISE:NoMethodError;RAISE:NoMethodError;RAISE:NoMethodError;RAISE:NoMethodError;RAISE:NoMethodError;RAISE:NoMethodError;RAISE:NoMethodError;UNREPRESENTABLE;RAISE:NoMethodError;RAISE:NoMethodError;RAISE:NoMethodError;RAISE:NoMethodError;RAISE:NoMethodError;RAISE:NoMethodError;RAISE:NoMethodError;RAISE:NoMethodError;RAISE:NoMethodError;RAISE:NoMethodError;RAISE:NoMethodError;UNREPRESENTABLE;UNREPRESENTABLE;UNREPRESENTABLE;UNREPRESENTABLE;UNREPRESENTABLE;UNREPRESENTABLE;UNREPRESENTABLE;UNREPRESENTABLE;UNREPRESENTABLE;UNREPRESENTABLE;UNREPRESENTABLE;UNREPRESENTABLE;UNREPRESENTABLE;UNREPRESENTABLE;UNREPRESENTABLE;UNREPRESENTABLE;RAISE:NoMethodError;RAISE:NoMethodError;RAISE:NoMethodError;RAISE:NoMethodError;UNREPRESENTABLE;RAISE:NoMethodError;RAISE:NoMethodError;RAISE:NoMethodError;RAISE:NoMethodError;RAISE:NoMethodError;RAISE:NoMethodError;RAISE:NoMethodError;RAISE:NoMethodError;RAISE:NoMethodError;RAISE:NoMethodError;RAISE:NoMethodError;RAISE:NoMethodError;RAISE:NoMethodError;RAISE:NoMethodError;RAISE:NoMethodError;UNREPRESENTABLE;RAISE:NoMethodError;RAISE:NoMethodError;RAISE:NoMethodError;RAISE:NoMethodError;RAISE:NoMethodError;RAISE:NoMethodError;RAISE:NoMethodError;RAISE:NoMethodError;RAISE:NoMethodError;RAISE:NoMethodError;RAISE:NoMethodError;RAISE:NoMethodError;RAISE:NoMethodError;RAISE:NoMethodError;RAISE:NoMethodError;UNREPRESENTABLE;RAISE:NoMethodError;RAISE:NoMethodError;RAISE:NoMethodError;RAISE:NoMethodError;RAISE:NoMethodError;RAISE:NoMethodError;RAISE:NoMethodError;RAISE:NoMethodError;RAISE:NoMethodError;RAISE:NoMethodError;RAISE:NoMethodError;RAISE:NoMethodError;RAISE:NoMethodError;RAISE:NoMethodError;RAISE:NoMethodError;UNREPRESENTABLE;RAISE:NoMethodError;RAISE:NoMethodError;RAISE:NoMethodError;RAISE:NoMethodError;RAISE:NoMethodError;RAISE:NoMethodError;RAISE:NoMethodError;RAISE:NoMethodError;RAISE:NoMethodError;RAISE:NoMethodError;RAISE:NoMethodError;RAISE:NoMethodError;RAISE:NoMethodError;RAISE:NoMethodError;RAISE:NoMethodError;UNREPRESENTABLE;RAISE:NoMethodError;RAISE:NoMethodError;RAISE:NoMethodError;RAISE:NoMethodError;RAISE:NoMethodError;RAISE:NoMethodError;RAISE:NoMethodError;RAISE:NoMethodError;RAISE:NoMethodError;RAISE:NoMethodError;RAISE:NoMethodError;RAISE:NoMethodError;RAISE:NoMethodError;RAISE:NoMethodError;RAISE:NoMethodError;UNREPRESENTABLE;RAISE:NoMethodError;RAISE:NoMethodError;RAISE:NoMethodError;RAISE:NoMethodError;RAISE:NoMethodError;RAISE:NoMethodError;RAISE:NoMethodError;RAISE:NoMethodError;RAISE:NoMethodError;RAISE:NoMethodError;RAISE:NoMethodError;RAISE:NoMethodError;RAISE:NoMethodError;RAISE:NoMethodError;RAISE:NoMethodError;UNREPRESENTABLE;RAISE:NoMethodError;RAISE:NoMethodError;RAISE:NoMethodError;RAISE:NoMethodError;RAISE:NoMethodError;RAISE:NoMethodError;RAISE:NoMethodError;RAISE:NoMethodError;RAISE:NoMethodError;RAISE:NoMethodError;RAISE:NoMethodError;RAISE:NoMethodError;RAISE:NoMethodError;RAISE:NoMethodError;RAISE:NoMethodError;UNREPRESENTABLE;RAISE:NoMethodError;RAISE:NoMethodError;RAISE:NoMethodError;RAISE:NoMethodError;RAISE:NoMethodError;RAISE:NoMethodError;RAISE:NoMethodError;RAISE:NoMethodError;RAISE:NoMethodError;RAISE:NoMethodError;RAISE:NoMethodError;RAISE:NoMethodError;RAISE:NoMethodError;RAISE:NoMethodError;RAISE:NoMethodError;UNREPRESENTABLE;RAISE:NoMethodError;RAISE:NoMethodError;RAISE:NoMethodError;RAISE:NoMethodError;RAISE:NoMethodError;RAISE:NoMethodError;RAISE:NoMethodError;RAISE:NoMethodError;RAISE:NoMethodError;RAISE:NoMethodError;RAISE:NoMethodError;RAISE:NoMethodError;RAISE:NoMethodError;RAISE:NoMethodError;RAISE:NoMethodError;UNREPRESENTABLE;RAISE:NoMethodError;RAISE:NoMethodError;RAISE:NoMethodError;RAISE:NoMethodError;RAISE:NoMethodError;RAISE:NoMethodError;RAISE:NoMethodError;RAISE:NoMethodError;RAISE:NoMethodError;RAISE:NoMethodError;RAISE:NoMethodError;RAISE:NoMethodError;RAISE:NoMethodError;RAISE:NoMethodError;RAISE:NoMethodError;UNREPRESENTABLE;RAISE:NoMethodError;RAISE:NoMethodError;RAISE:NoMethodError;RAISE:NoMethodError;RAISE:NoMethodError;RAISE:NoMethodError;RAISE:NoMethodError;RAISE:NoMethodError;RAISE:NoMethodError;RAISE:NoMethodError;RAISE:NoMethodError,0,225,31,"fractional/L1/15:-max_finite,-1.5,-1.0,-(1.0-1ulp),+0.0,+min_subnormal,+min_normal,1.0-1ulp,1.0,1.0+1ulp,1.5,pi,2^53,max_finite,0.1","fractional/L1/15:-max_finite,-1.5,-1.0,-(1.0-1ulp),+0.0,+min_subnormal,+min_normal,1.0-1ulp,1.0,1.0+1ulp,1.5,pi,2^53,max_finite,0.1"
A12_6_7,1,fractional|fractional,Rational,BigDecimal,"fractional/L1/16:-max_finite,-1.5,-1.0,-(1.0-1ulp),-0.0,+0.0,+min_subnormal,+min_normal,1.0-1ulp,1.0,1.0+1ulp,1.5,pi,2^53,max_finite,0.1","fractional/L1/16:-max_finite,-1.5,-1.0,-(1.0-1ulp),-0.0,+0.0,+min_subnormal,+min_normal,1.0-1ulp,1.0,1.0+1ulp,1.5,pi,2^53,max_finite,0.1",256,RAISE:NoMethodError;RAISE:NoMethodError;RAISE:NoMethodError;RAISE:NoMethodError;RAISE:NoMethodError;RAISE:NoMethodError;RAISE:NoMethodError;RAISE:NoMethodError;RAISE:NoMethodError;RAISE:NoMethodError;RAISE:NoMethodError;RAISE:NoMethodError;RAISE:NoMethodError;RAISE:NoMethodError;RAISE:NoMethodError;RAISE:NoMethodError;RAISE:NoMethodError;RAISE:NoMethodError;RAISE:NoMethodError;RAISE:NoMethodError;RAISE:NoMethodError;RAISE:NoMethodError;RAISE:NoMethodError;RAISE:NoMethodError;RAISE:NoMethodError;RAISE:NoMethodError;RAISE:NoMethodError;RAISE:NoMethodError;RAISE:NoMethodError;RAISE:NoMethodError;RAISE:NoMethodError;RAISE:NoMethodError;RAISE:NoMethodError;RAISE:NoMethodError;RAISE:NoMethodError;RAISE:NoMethodError;RAISE:NoMethodError;RAISE:NoMethodError;RAISE:NoMethodError;RAISE:NoMethodError;RAISE:NoMethodError;RAISE:NoMethodError;RAISE:NoMethodError;RAISE:NoMethodError;RAISE:NoMethodError;RAISE:NoMethodError;RAISE:NoMethodError;RAISE:NoMethodError;RAISE:NoMethodError;RAISE:NoMethodError;RAISE:NoMethodError;RAISE:NoMethodError;RAISE:NoMethodError;RAISE:NoMethodError;RAISE:NoMethodError;RAISE:NoMethodError;RAISE:NoMethodError;RAISE:NoMethodError;RAISE:NoMethodError;RAISE:NoMethodError;RAISE:NoMethodError;RAISE:NoMethodError;RAISE:NoMethodError;RAISE:NoMethodError;UNREPRESENTABLE;UNREPRESENTABLE;UNREPRESENTABLE;UNREPRESENTABLE;UNREPRESENTABLE;UNREPRESENTABLE;UNREPRESENTABLE;UNREPRESENTABLE;UNREPRESENTABLE;UNREPRESENTABLE;UNREPRESENTABLE;UNREPRESENTABLE;UNREPRESENTABLE;UNREPRESENTABLE;UNREPRESENTABLE;UNREPRESENTABLE;RAISE:NoMethodError;RAISE:NoMethodError;RAISE:NoMethodError;RAISE:NoMethodError;RAISE:NoMethodError;RAISE:NoMethodError;RAISE:NoMethodError;RAISE:NoMethodError;RAISE:NoMethodError;RAISE:NoMethodError;RAISE:NoMethodError;RAISE:NoMethodError;RAISE:NoMethodError;RAISE:NoMethodError;RAISE:NoMethodError;RAISE:NoMethodError;RAISE:NoMethodError;RAISE:NoMethodError;RAISE:NoMethodError;RAISE:NoMethodError;RAISE:NoMethodError;RAISE:NoMethodError;RAISE:NoMethodError;RAISE:NoMethodError;RAISE:NoMethodError;RAISE:NoMethodError;RAISE:NoMethodError;RAISE:NoMethodError;RAISE:NoMethodError;RAISE:NoMethodError;RAISE:NoMethodError;RAISE:NoMethodError;RAISE:NoMethodError;RAISE:NoMethodError;RAISE:NoMethodError;RAISE:NoMethodError;RAISE:NoMethodError;RAISE:NoMethodError;RAISE:NoMethodError;RAISE:NoMethodError;RAISE:NoMethodError;RAISE:NoMethodError;RAISE:NoMethodError;RAISE:NoMethodError;RAISE:NoMethodError;RAISE:NoMethodError;RAISE:NoMethodError;RAISE:NoMethodError;RAISE:NoMethodError;RAISE:NoMethodError;RAISE:NoMethodError;RAISE:NoMethodError;RAISE:NoMethodError;RAISE:NoMethodError;RAISE:NoMethodError;RAISE:NoMethodError;RAISE:NoMethodError;RAISE:NoMethodError;RAISE:NoMethodError;RAISE:NoMethodError;RAISE:NoMethodError;RAISE:NoMethodError;RAISE:NoMethodError;RAISE:NoMethodError;RAISE:NoMethodError;RAISE:NoMethodError;RAISE:NoMethodError;RAISE:NoMethodError;RAISE:NoMethodError;RAISE:NoMethodError;RAISE:NoMethodError;RAISE:NoMethodError;RAISE:NoMethodError;RAISE:NoMethodError;RAISE:NoMethodError;RAISE:NoMethodError;RAISE:NoMethodError;RAISE:NoMethodError;RAISE:NoMethodError;RAISE:NoMethodError;RAISE:NoMethodError;RAISE:NoMethodError;RAISE:NoMethodError;RAISE:NoMethodError;RAISE:NoMethodError;RAISE:NoMethodError;RAISE:NoMethodError;RAISE:NoMethodError;RAISE:NoMethodError;RAISE:NoMethodError;RAISE:NoMethodError;RAISE:NoMethodError;RAISE:NoMethodError;RAISE:NoMethodError;RAISE:NoMethodError;RAISE:NoMethodError;RAISE:NoMethodError;RAISE:NoMethodError;RAISE:NoMethodError;RAISE:NoMethodError;RAISE:NoMethodError;RAISE:NoMethodError;RAISE:NoMethodError;RAISE:NoMethodError;RAISE:NoMethodError;RAISE:NoMethodError;RAISE:NoMethodError;RAISE:NoMethodError;RAISE:NoMethodError;RAISE:NoMethodError;RAISE:NoMethodError;RAISE:NoMethodError;RAISE:NoMethodError;RAISE:NoMethodError;RAISE:NoMethodError;RAISE:NoMethodError;RAISE:NoMethodError;RAISE:NoMethodError;RAISE:NoMethodError;RAISE:NoMethodError;RAISE:NoMethodError;RAISE:NoMethodError;RAISE:NoMethodError;RAISE:NoMethodError;RAISE:NoMethodError;RAISE:NoMethodError;RAISE:NoMethodError;RAISE:NoMethodError;RAISE:NoMethodError;RAISE:NoMethodError;RAISE:NoMethodError;RAISE:NoMethodError;RAISE:NoMethodError;RAISE:NoMethodError;RAISE:NoMethodError;RAISE:NoMethodError;RAISE:NoMethodError;RAISE:NoMethodError;RAISE:NoMethodError;RAISE:NoMethodError;RAISE:NoMethodError;RAISE:NoMethodError;RAISE:NoMethodError;RAISE:NoMethodError;RAISE:NoMethodError;RAISE:NoMethodError;RAISE:NoMethodError;RAISE:NoMethodError;RAISE:NoMethodError;RAISE:NoMethodError;RAISE:NoMethodError;RAISE:NoMethodError;RAISE:NoMethodError;RAISE:NoMethodError;RAISE:NoMethodError;RAISE:NoMethodError;RAISE:NoMethodError;RAISE:NoMethodError;RAISE:NoMethodError;RAISE:NoMethodError;RAISE:NoMethodError;RAISE:NoMethodError;RAISE:NoMethodError;RAISE:NoMethodError;RAISE:NoMethodError;RAISE:NoMethodError;RAISE:NoMethodError;RAISE:NoMethodError;RAISE:NoMethodError;RAISE:NoMethodError;RAISE:NoMethodError;RAISE:NoMethodError;RAISE:NoMethodError;RAISE:NoMethodError;RAISE:NoMethodError;RAISE:NoMethodError,0,240,16,"fractional/L1/15:-max_finite,-1.5,-1.0,-(1.0-1ulp),+0.0,+min_subnormal,+min_normal,1.0-1ulp,1.0,1.0+1ulp,1.5,pi,2^53,max_finite,0.1","fractional/L1/16:-max_finite,-1.5,-1.0,-(1.0-1ulp),-0.0,+0.0,+min_subnormal,+min_normal,1.0-1ulp,1.0,1.0+1ulp,1.5,pi,2^53,max_finite,0.1"
A12_7_1,1,fractional|truth,BigDecimal,TrueFalse,"fractional/L1/16:-max_finite,-1.5,-1.0,-(1.0-1ulp),-0.0,+0.0,+min_subnormal,+min_normal,1.0-1ulp,1.0,1.0+1ulp,1.5,pi,2^53,max_finite,0.1","truth/L1/6:true,false,0,1,"""",nil",96,RAISE:NoMethodError;RAISE:NoMethodError;RAISE:NoMethodError;RAISE:NoMethodError;RAISE:NoMethodError;RAISE:NoMethodError;RAISE:NoMethodError;RAISE:NoMethodError;RAISE:NoMethodError;RAISE:NoMethodError;RAISE:NoMethodError;RAISE:NoMethodError;RAISE:NoMethodError;RAISE:NoMethodError;RAISE:NoMethodError;RAISE:NoMethodError;RAISE:NoMethodError;RAISE:NoMethodError;RAISE:NoMethodError;RAISE:NoMethodError;RAISE:NoMethodError;RAISE:NoMethodError;RAISE:NoMethodError;RAISE:NoMethodError;RAISE:NoMethodError;RAISE:NoMethodError;RAISE:NoMethodError;RAISE:NoMethodError;RAISE:NoMethodError;RAISE:NoMethodError;RAISE:NoMethodError;RAISE:NoMethodError;RAISE:NoMethodError;RAISE:NoMethodError;RAISE:NoMethodError;RAISE:NoMethodError;RAISE:NoMethodError;RAISE:NoMethodError;RAISE:NoMethodError;RAISE:NoMethodError;RAISE:NoMethodError;RAISE:NoMethodError;RAISE:NoMethodError;RAISE:NoMethodError;RAISE:NoMethodError;RAISE:NoMethodError;RAISE:NoMethodError;RAISE:NoMethodError;RAISE:NoMethodError;RAISE:NoMethodError;RAISE:NoMethodError;RAISE:NoMethodError;RAISE:NoMethodError;RAISE:NoMethodError;RAISE:NoMethodError;RAISE:NoMethodError;RAISE:NoMethodError;RAISE:NoMethodError;RAISE:NoMethodError;RAISE:NoMethodError;RAISE:NoMethodError;RAISE:NoMethodError;RAISE:NoMethodError;RAISE:NoMethodError;RAISE:NoMethodError;RAISE:NoMethodError;RAISE:NoMethodError;RAISE:NoMethodError;RAISE:NoMethodError;RAISE:NoMethodError;RAISE:NoMethodError;RAISE:NoMethodError;RAISE:NoMethodError;RAISE:NoMethodError;RAISE:NoMethodError;RAISE:NoMethodError;RAISE:NoMethodError;RAISE:NoMethodError;RAISE:NoMethodError;RAISE:NoMethodError;RAISE:NoMethodError;RAISE:NoMethodError;RAISE:NoMethodError;RAISE:NoMethodError;RAISE:NoMethodError;RAISE:NoMethodError;RAISE:NoMethodError;RAISE:NoMethodError;RAISE:NoMethodError;RAISE:NoMethodError;RAISE:NoMethodError;RAISE:NoMethodError;RAISE:NoMethodError;RAISE:NoMethodError;RAISE:NoMethodError;RAISE:NoMethodError,0,96,0,"fractional/L1/16:-max_finite,-1.5,-1.0,-(1.0-1ulp),-0.0,+0.0,+min_subnormal,+min_normal,1.0-1ulp,1.0,1.0+1ulp,1.5,pi,2^53,max_finite,0.1","truth/L1/6:true,false,0,1,"""",nil"
A12_7_2,1,fractional|whole,BigDecimal,Integer,"fractional/L1/16:-max_finite,-1.5,-1.0,-(1.0-1ulp),-0.0,+0.0,+min_subnormal,+min_normal,1.0-1ulp,1.0,1.0+1ulp,1.5,pi,2^53,max_finite,0.1","whole/L1/17:-2^63,-2^63+1,-2^53-1,-2^31,-42,-1,0,1,7,42,1000,2^31-1,2^31,2^53-1,2^53+1,2^63-1,2^64-1",272,RAISE:NoMethodError;RAISE:NoMethodError;RAISE:NoMethodError;RAISE:NoMethodError;RAISE:NoMethodError;RAISE:NoMethodError;RAISE:NoMethodError;RAISE:NoMethodError;RAISE:NoMethodError;RAISE:NoMethodError;RAISE:NoMethodError;RAISE:NoMethodError;RAISE:NoMethodError;RAISE:NoMethodError;RAISE:NoMethodError;RAISE:NoMethodError;RAISE:NoMethodError;RAISE:NoMethodError;RAISE:NoMethodError;RAISE:NoMethodError;RAISE:NoMethodError;RAISE:NoMethodError;RAISE:NoMethodError;RAISE:NoMethodError;RAISE:NoMethodError;RAISE:NoMethodError;RAISE:NoMethodError;RAISE:NoMethodError;RAISE:NoMethodError;RAISE:NoMethodError;RAISE:NoMethodError;RAISE:NoMethodError;RAISE:NoMethodError;RAISE:NoMethodError;RAISE:NoMethodError;RAISE:NoMethodError;RAISE:NoMethodError;RAISE:NoMethodError;RAISE:NoMethodError;RAISE:NoMethodError;RAISE:NoMethodError;RAISE:NoMethodError;RAISE:NoMethodError;RAISE:NoMethodError;RAISE:NoMethodError;RAISE:NoMethodError;RAISE:NoMethodError;RAISE:NoMethodError;RAISE:NoMethodError;RAISE:NoMethodError;RAISE:NoMethodError;RAISE:NoMethodError;RAISE:NoMethodError;RAISE:NoMethodError;RAISE:NoMethodError;RAISE:NoMethodError;RAISE:NoMethodError;RAISE:NoMethodError;RAISE:NoMethodError;RAISE:NoMethodError;RAISE:NoMethodError;RAISE:NoMethodError;RAISE:NoMethodError;RAISE:NoMethodError;RAISE:NoMethodError;RAISE:NoMethodError;RAISE:NoMethodError;RAISE:NoMethodError;RAISE:NoMethodError;RAISE:NoMethodError;RAISE:NoMethodError;RAISE:NoMethodError;RAISE:NoMethodError;RAISE:NoMethodError;RAISE:NoMethodError;RAISE:NoMethodError;RAISE:NoMethodError;RAISE:NoMethodError;RAISE:NoMethodError;RAISE:NoMethodError;RAISE:NoMethodError;RAISE:NoMethodError;RAISE:NoMethodError;RAISE:NoMethodError;RAISE:NoMethodError;RAISE:NoMethodError;RAISE:NoMethodError;RAISE:NoMethodError;RAISE:NoMethodError;RAISE:NoMethodError;RAISE:NoMethodError;RAISE:NoMethodError;RAISE:NoMethodError;RAISE:NoMethodError;RAISE:NoMethodError;RAISE:NoMethodError;RAISE:NoMethodError;RAISE:NoMethodError;RAISE:NoMethodError;RAISE:NoMethodError;RAISE:NoMethodError;RAISE:NoMethodError;RAISE:NoMethodError;RAISE:NoMethodError;RAISE:NoMethodError;RAISE:NoMethodError;RAISE:NoMethodError;RAISE:NoMethodError;RAISE:NoMethodError;RAISE:NoMethodError;RAISE:NoMethodError;RAISE:NoMethodError;RAISE:NoMethodError;RAISE:NoMethodError;RAISE:NoMethodError;RAISE:NoMethodError;RAISE:NoMethodError;RAISE:NoMethodError;RAISE:NoMethodError;RAISE:NoMethodError;RAISE:NoMethodError;RAISE:NoMethodError;RAISE:NoMethodError;RAISE:NoMethodError;RAISE:NoMethodError;RAISE:NoMethodError;RAISE:NoMethodError;RAISE:NoMethodError;RAISE:NoMethodError;RAISE:NoMethodError;RAISE:NoMethodError;RAISE:NoMethodError;RAISE:NoMethodError;RAISE:NoMethodError;RAISE:NoMethodError;RAISE:NoMethodError;RAISE:NoMethodError;RAISE:NoMethodError;RAISE:NoMethodError;RAISE:NoMethodError;RAISE:NoMethodError;RAISE:NoMethodError;RAISE:NoMethodError;RAISE:NoMethodError;RAISE:NoMethodError;RAISE:NoMethodError;RAISE:NoMethodError;RAISE:NoMethodError;RAISE:NoMethodError;RAISE:NoMethodError;RAISE:NoMethodError;RAISE:NoMethodError;RAISE:NoMethodError;RAISE:NoMethodError;RAISE:NoMethodError;RAISE:NoMethodError;RAISE:NoMethodError;RAISE:NoMethodError;RAISE:NoMethodError;RAISE:NoMethodError;RAISE:NoMethodError;RAISE:NoMethodError;RAISE:NoMethodError;RAISE:NoMethodError;RAISE:NoMethodError;RAISE:NoMethodError;RAISE:NoMethodError;RAISE:NoMethodError;RAISE:NoMethodError;RAISE:NoMethodError;RAISE:NoMethodError;RAISE:NoMethodError;RAISE:NoMethodError;RAISE:NoMethodError;RAISE:NoMethodError;RAISE:NoMethodError;RAISE:NoMethodError;RAISE:NoMethodError;RAISE:NoMethodError;RAISE:NoMethodError;RAISE:NoMethodError;RAISE:NoMethodError;RAISE:NoMethodError;RAISE:NoMethodError;RAISE:NoMethodError;RAISE:NoMethodError;RAISE:NoMethodError;RAISE:NoMethodError;RAISE:NoMethodError;RAISE:NoMethodError;RAISE:NoMethodError;RAISE:NoMethodError;RAISE:NoMethodError;RAISE:NoMethodError;RAISE:NoMethodError;RAISE:NoMethodError;RAISE:NoMethodError;RAISE:NoMethodError;RAISE:NoMethodError;RAISE:NoMethodError;RAISE:NoMethodError;RAISE:NoMethodError;RAISE:NoMethodError;RAISE:NoMethodError;RAISE:NoMethodError;RAISE:NoMethodError;RAISE:NoMethodError;RAISE:NoMethodError;RAISE:NoMethodError;RAISE:NoMethodError;RAISE:NoMethodError;RAISE:NoMethodError;RAISE:NoMethodError;RAISE:NoMethodError;RAISE:NoMethodError;RAISE:NoMethodError;RAISE:NoMethodError;RAISE:NoMethodError;RAISE:NoMethodError;RAISE:NoMethodError;RAISE:NoMethodError;RAISE:NoMethodError;RAISE:NoMethodError;RAISE:NoMethodError;RAISE:NoMethodError;RAISE:NoMethodError;RAISE:NoMethodError;RAISE:NoMethodError;RAISE:NoMethodError;RAISE:NoMethodError;RAISE:NoMethodError;RAISE:NoMethodError;RAISE:NoMethodError;RAISE:NoMethodError;RAISE:NoMethodError;RAISE:NoMethodError;RAISE:NoMethodError;RAISE:NoMethodError;RAISE:NoMethodError;RAISE:NoMethodError;RAISE:NoMethodError;RAISE:NoMethodError;RAISE:NoMethodError;RAISE:NoMethodError;RAISE:NoMethodError;RAISE:NoMethodError;RAISE:NoMethodError;RAISE:NoMethodError;RAISE:NoMethodError;RAISE:NoMethodError;RAISE:NoMethodError;RAISE:NoMethodError;RAISE:NoMethodError;RAISE:NoMethodError;RAISE:NoMethodError;RAISE:NoMethodError;RAISE:NoMethodError;RAISE:NoMethodError;RAISE:NoMethodError;RAISE:NoMethodError;RAISE:NoMethodError;RAISE:NoMethodError;RAISE:NoMethodError;RAISE:NoMethodError;RAISE:NoMethodError;RAISE:NoMethodError;RAISE:NoMethodError;RAISE:NoMethodError;RAISE:NoMethodError;RAISE:NoMethodError;RAISE:NoMethodError;RAISE:NoMethodError,0,272,0,"fractional/L1/16:-max_finite,-1.5,-1.0,-(1.0-1ulp),-0.0,+0.0,+min_subnormal,+min_normal,1.0-1ulp,1.0,1.0+1ulp,1.5,pi,2^53,max_finite,0.1","whole/L1/17:-2^63,-2^63+1,-2^53-1,-2^31,-42,-1,0,1,7,42,1000,2^31-1,2^31,2^53-1,2^53+1,2^63-1,2^64-1"
A12_7_3,1,fractional|whole,BigDecimal,Rational,"fractional/L1/16:-max_finite,-1.5,-1.0,-(1.0-1ulp),-0.0,+0.0,+min_subnormal,+min_normal,1.0-1ulp,1.0,1.0+1ulp,1.5,pi,2^53,max_finite,0.1","whole/L1/17:-2^63,-2^63+1,-2^53-1,-2^31,-42,-1,0,1,7,42,1000,2^31-1,2^31,2^53-1,2^53+1,2^63-1,2^64-1",272,RAISE:NoMethodError;RAISE:NoMethodError;RAISE:NoMethodError;RAISE:NoMethodError;RAISE:NoMethodError;RAISE:NoMethodError;RAISE:NoMethodError;RAISE:NoMethodError;RAISE:NoMethodError;RAISE:NoMethodError;RAISE:NoMethodError;RAISE:NoMethodError;RAISE:NoMethodError;RAISE:NoMethodError;RAISE:NoMethodError;RAISE:NoMethodError;RAISE:NoMethodError;RAISE:NoMethodError;RAISE:NoMethodError;RAISE:NoMethodError;RAISE:NoMethodError;RAISE:NoMethodError;RAISE:NoMethodError;RAISE:NoMethodError;RAISE:NoMethodError;RAISE:NoMethodError;RAISE:NoMethodError;RAISE:NoMethodError;RAISE:NoMethodError;RAISE:NoMethodError;RAISE:NoMethodError;RAISE:NoMethodError;RAISE:NoMethodError;RAISE:NoMethodError;RAISE:NoMethodError;RAISE:NoMethodError;RAISE:NoMethodError;RAISE:NoMethodError;RAISE:NoMethodError;RAISE:NoMethodError;RAISE:NoMethodError;RAISE:NoMethodError;RAISE:NoMethodError;RAISE:NoMethodError;RAISE:NoMethodError;RAISE:NoMethodError;RAISE:NoMethodError;RAISE:NoMethodError;RAISE:NoMethodError;RAISE:NoMethodError;RAISE:NoMethodError;RAISE:NoMethodError;RAISE:NoMethodError;RAISE:NoMethodError;RAISE:NoMethodError;RAISE:NoMethodError;RAISE:NoMethodError;RAISE:NoMethodError;RAISE:NoMethodError;RAISE:NoMethodError;RAISE:NoMethodError;RAISE:NoMethodError;RAISE:NoMethodError;RAISE:NoMethodError;RAISE:NoMethodError;RAISE:NoMethodError;RAISE:NoMethodError;RAISE:NoMethodError;RAISE:NoMethodError;RAISE:NoMethodError;RAISE:NoMethodError;RAISE:NoMethodError;RAISE:NoMethodError;RAISE:NoMethodError;RAISE:NoMethodError;RAISE:NoMethodError;RAISE:NoMethodError;RAISE:NoMethodError;RAISE:NoMethodError;RAISE:NoMethodError;RAISE:NoMethodError;RAISE:NoMethodError;RAISE:NoMethodError;RAISE:NoMethodError;RAISE:NoMethodError;RAISE:NoMethodError;RAISE:NoMethodError;RAISE:NoMethodError;RAISE:NoMethodError;RAISE:NoMethodError;RAISE:NoMethodError;RAISE:NoMethodError;RAISE:NoMethodError;RAISE:NoMethodError;RAISE:NoMethodError;RAISE:NoMethodError;RAISE:NoMethodError;RAISE:NoMethodError;RAISE:NoMethodError;RAISE:NoMethodError;RAISE:NoMethodError;RAISE:NoMethodError;RAISE:NoMethodError;RAISE:NoMethodError;RAISE:NoMethodError;RAISE:NoMethodError;RAISE:NoMethodError;RAISE:NoMethodError;RAISE:NoMethodError;RAISE:NoMethodError;RAISE:NoMethodError;RAISE:NoMethodError;RAISE:NoMethodError;RAISE:NoMethodError;RAISE:NoMethodError;RAISE:NoMethodError;RAISE:NoMethodError;RAISE:NoMethodError;RAISE:NoMethodError;RAISE:NoMethodError;RAISE:NoMethodError;RAISE:NoMethodError;RAISE:NoMethodError;RAISE:NoMethodError;RAISE:NoMethodError;RAISE:NoMethodError;RAISE:NoMethodError;RAISE:NoMethodError;RAISE:NoMethodError;RAISE:NoMethodError;RAISE:NoMethodError;RAISE:NoMethodError;RAISE:NoMethodError;RAISE:NoMethodError;RAISE:NoMethodError;RAISE:NoMethodError;RAISE:NoMethodError;RAISE:NoMethodError;RAISE:NoMethodError;RAISE:NoMethodError;RAISE:NoMethodError;RAISE:NoMethodError;RAISE:NoMethodError;RAISE:NoMethodError;RAISE:NoMethodError;RAISE:NoMethodError;RAISE:NoMethodError;RAISE:NoMethodError;RAISE:NoMethodError;RAISE:NoMethodError;RAISE:NoMethodError;RAISE:NoMethodError;RAISE:NoMethodError;RAISE:NoMethodError;RAISE:NoMethodError;RAISE:NoMethodError;RAISE:NoMethodError;RAISE:NoMethodError;RAISE:NoMethodError;RAISE:NoMethodError;RAISE:NoMethodError;RAISE:NoMethodError;RAISE:NoMethodError;RAISE:NoMethodError;RAISE:NoMethodError;RAISE:NoMethodError;RAISE:NoMethodError;RAISE:NoMethodError;RAISE:NoMethodError;RAISE:NoMethodError;RAISE:NoMethodError;RAISE:NoMethodError;RAISE:NoMethodError;RAISE:NoMethodError;RAISE:NoMethodError;RAISE:NoMethodError;RAISE:NoMethodError;RAISE:NoMethodError;RAISE:NoMethodError;RAISE:NoMethodError;RAISE:NoMethodError;RAISE:NoMethodError;RAISE:NoMethodError;RAISE:NoMethodError;RAISE:NoMethodError;RAISE:NoMethodError;RAISE:NoMethodError;RAISE:NoMethodError;RAISE:NoMethodError;RAISE:NoMethodError;RAISE:NoMethodError;RAISE:NoMethodError;RAISE:NoMethodError;RAISE:NoMethodError;RAISE:NoMethodError;RAISE:NoMethodError;RAISE:NoMethodError;RAISE:NoMethodError;RAISE:NoMethodError;RAISE:NoMethodError;RAISE:NoMethodError;RAISE:NoMethodError;RAISE:NoMethodError;RAISE:NoMethodError;RAISE:NoMethodError;RAISE:NoMethodError;RAISE:NoMethodError;RAISE:NoMethodError;RAISE:NoMethodError;RAISE:NoMethodError;RAISE:NoMethodError;RAISE:NoMethodError;RAISE:NoMethodError;RAISE:NoMethodError;RAISE:NoMethodError;RAISE:NoMethodError;RAISE:NoMethodError;RAISE:NoMethodError;RAISE:NoMethodError;RAISE:NoMethodError;RAISE:NoMethodError;RAISE:NoMethodError;RAISE:NoMethodError;RAISE:NoMethodError;RAISE:NoMethodError;RAISE:NoMethodError;RAISE:NoMethodError;RAISE:NoMethodError;RAISE:NoMethodError;RAISE:NoMethodError;RAISE:NoMethodError;RAISE:NoMethodError;RAISE:NoMethodError;RAISE:NoMethodError;RAISE:NoMethodError;RAISE:NoMethodError;RAISE:NoMethodError;RAISE:NoMethodError;RAISE:NoMethodError;RAISE:NoMethodError;RAISE:NoMethodError;RAISE:NoMethodError;RAISE:NoMethodError;RAISE:NoMethodError;RAISE:NoMethodError;RAISE:NoMethodError;RAISE:NoMethodError;RAISE:NoMethodError;RAISE:NoMethodError;RAISE:NoMethodError;RAISE:NoMethodError;RAISE:NoMethodError;RAISE:NoMethodError;RAISE:NoMethodError;RAISE:NoMethodError;RAISE:NoMethodError;RAISE:NoMethodError;RAISE:NoMethodError;RAISE:NoMethodError;RAISE:NoMethodError;RAISE:NoMethodError;RAISE:NoMethodError;RAISE:NoMethodError;RAISE:NoMethodError;RAISE:NoMethodError;RAISE:NoMethodError;RAISE:NoMethodError;RAISE:NoMethodError;RAISE:NoMethodError;RAISE:NoMethodError;RAISE:NoMethodError;RAISE:NoMethodError,0,272,0,"fractional/L1/16:-max_finite,-1.5,-1.0,-(1.0-1ulp),-0.0,+0.0,+min_subnormal,+min_normal,1.0-1ulp,1.0,1.0+1ulp,1.5,pi,2^53,max_finite,0.1","whole/L1/17:-2^63,-2^63+1,-2^53-1,-2^31,-42,-1,0,1,7,42,1000,2^31-1,2^31,2^53-1,2^53+1,2^63-1,2^64-1"
A12_7_4,1,fractional|whole,BigDecimal,BigDecimal,"fractional/L1/16:-max_finite,-1.5,-1.0,-(1.0-1ulp),-0.0,+0.0,+min_subnormal,+min_normal,1.0-1ulp,1.0,1.0+1ulp,1.5,pi,2^53,max_finite,0.1","whole/L1/17:-2^63,-2^63+1,-2^53-1,-2^31,-42,-1,0,1,7,42,1000,2^31-1,2^31,2^53-1,2^53+1,2^63-1,2^64-1",272,RAISE:NoMethodError;RAISE:NoMethodError;RAISE:NoMethodError;RAISE:NoMethodError;RAISE:NoMethodError;RAISE:NoMethodError;RAISE:NoMethodError;RAISE:NoMethodError;RAISE:NoMethodError;RAISE:NoMethodError;RAISE:NoMethodError;RAISE:NoMethodError;RAISE:NoMethodError;RAISE:NoMethodError;RAISE:NoMethodError;RAISE:NoMethodError;RAISE:NoMethodError;RAISE:NoMethodError;RAISE:NoMethodError;RAISE:NoMethodError;RAISE:NoMethodError;RAISE:NoMethodError;RAISE:NoMethodError;RAISE:NoMethodError;RAISE:NoMethodError;RAISE:NoMethodError;RAISE:NoMethodError;RAISE:NoMethodError;RAISE:NoMethodError;RAISE:NoMethodError;RAISE:NoMethodError;RAISE:NoMethodError;RAISE:NoMethodError;RAISE:NoMethodError;RAISE:NoMethodError;RAISE:NoMethodError;RAISE:NoMethodError;RAISE:NoMethodError;RAISE:NoMethodError;RAISE:NoMethodError;RAISE:NoMethodError;RAISE:NoMethodError;RAISE:NoMethodError;RAISE:NoMethodError;RAISE:NoMethodError;RAISE:NoMethodError;RAISE:NoMethodError;RAISE:NoMethodError;RAISE:NoMethodError;RAISE:NoMethodError;RAISE:NoMethodError;RAISE:NoMethodError;RAISE:NoMethodError;RAISE:NoMethodError;RAISE:NoMethodError;RAISE:NoMethodError;RAISE:NoMethodError;RAISE:NoMethodError;RAISE:NoMethodError;RAISE:NoMethodError;RAISE:NoMethodError;RAISE:NoMethodError;RAISE:NoMethodError;RAISE:NoMethodError;RAISE:NoMethodError;RAISE:NoMethodError;RAISE:NoMethodError;RAISE:NoMethodError;RAISE:NoMethodError;RAISE:NoMethodError;RAISE:NoMethodError;RAISE:NoMethodError;RAISE:NoMethodError;RAISE:NoMethodError;RAISE:NoMethodError;RAISE:NoMethodError;RAISE:NoMethodError;RAISE:NoMethodError;RAISE:NoMethodError;RAISE:NoMethodError;RAISE:NoMethodError;RAISE:NoMethodError;RAISE:NoMethodError;RAISE:NoMethodError;RAISE:NoMethodError;RAISE:NoMethodError;RAISE:NoMethodError;RAISE:NoMethodError;RAISE:NoMethodError;RAISE:NoMethodError;RAISE:NoMethodError;RAISE:NoMethodError;RAISE:NoMethodError;RAISE:NoMethodError;RAISE:NoMethodError;RAISE:NoMethodError;RAISE:NoMethodError;RAISE:NoMethodError;RAISE:NoMethodError;RAISE:NoMethodError;RAISE:NoMethodError;RAISE:NoMethodError;RAISE:NoMethodError;RAISE:NoMethodError;RAISE:NoMethodError;RAISE:NoMethodError;RAISE:NoMethodError;RAISE:NoMethodError;RAISE:NoMethodError;RAISE:NoMethodError;RAISE:NoMethodError;RAISE:NoMethodError;RAISE:NoMethodError;RAISE:NoMethodError;RAISE:NoMethodError;RAISE:NoMethodError;RAISE:NoMethodError;RAISE:NoMethodError;RAISE:NoMethodError;RAISE:NoMethodError;RAISE:NoMethodError;RAISE:NoMethodError;RAISE:NoMethodError;RAISE:NoMethodError;RAISE:NoMethodError;RAISE:NoMethodError;RAISE:NoMethodError;RAISE:NoMethodError;RAISE:NoMethodError;RAISE:NoMethodError;RAISE:NoMethodError;RAISE:NoMethodError;RAISE:NoMethodError;RAISE:NoMethodError;RAISE:NoMethodError;RAISE:NoMethodError;RAISE:NoMethodError;RAISE:NoMethodError;RAISE:NoMethodError;RAISE:NoMethodError;RAISE:NoMethodError;RAISE:NoMethodError;RAISE:NoMethodError;RAISE:NoMethodError;RAISE:NoMethodError;RAISE:NoMethodError;RAISE:NoMethodError;RAISE:NoMethodError;RAISE:NoMethodError;RAISE:NoMethodError;RAISE:NoMethodError;RAISE:NoMethodError;RAISE:NoMethodError;RAISE:NoMethodError;RAISE:NoMethodError;RAISE:NoMethodError;RAISE:NoMethodError;RAISE:NoMethodError;RAISE:NoMethodError;RAISE:NoMethodError;RAISE:NoMethodError;RAISE:NoMethodError;RAISE:NoMethodError;RAISE:NoMethodError;RAISE:NoMethodError;RAISE:NoMethodError;RAISE:NoMethodError;RAISE:NoMethodError;RAISE:NoMethodError;RAISE:NoMethodError;RAISE:NoMethodError;RAISE:NoMethodError;RAISE:NoMethodError;RAISE:NoMethodError;RAISE:NoMethodError;RAISE:NoMethodError;RAISE:NoMethodError;RAISE:NoMethodError;RAISE:NoMethodError;RAISE:NoMethodError;RAISE:NoMethodError;RAISE:NoMethodError;RAISE:NoMethodError;RAISE:NoMethodError;RAISE:NoMethodError;RAISE:NoMethodError;RAISE:NoMethodError;RAISE:NoMethodError;RAISE:NoMethodError;RAISE:NoMethodError;RAISE:NoMethodError;RAISE:NoMethodError;RAISE:NoMethodError;RAISE:NoMethodError;RAISE:NoMethodError;RAISE:NoMethodError;RAISE:NoMethodError;RAISE:NoMethodError;RAISE:NoMethodError;RAISE:NoMethodError;RAISE:NoMethodError;RAISE:NoMethodError;RAISE:NoMethodError;RAISE:NoMethodError;RAISE:NoMethodError;RAISE:NoMethodError;RAISE:NoMethodError;RAISE:NoMethodError;RAISE:NoMethodError;RAISE:NoMethodError;RAISE:NoMethodError;RAISE:NoMethodError;RAISE:NoMethodError;RAISE:NoMethodError;RAISE:NoMethodError;RAISE:NoMethodError;RAISE:NoMethodError;RAISE:NoMethodError;RAISE:NoMethodError;RAISE:NoMethodError;RAISE:NoMethodError;RAISE:NoMethodError;RAISE:NoMethodError;RAISE:NoMethodError;RAISE:NoMethodError;RAISE:NoMethodError;RAISE:NoMethodError;RAISE:NoMethodError;RAISE:NoMethodError;RAISE:NoMethodError;RAISE:NoMethodError;RAISE:NoMethodError;RAISE:NoMethodError;RAISE:NoMethodError;RAISE:NoMethodError;RAISE:NoMethodError;RAISE:NoMethodError;RAISE:NoMethodError;RAISE:NoMethodError;RAISE:NoMethodError;RAISE:NoMethodError;RAISE:NoMethodError;RAISE:NoMethodError;RAISE:NoMethodError;RAISE:NoMethodError;RAISE:NoMethodError;RAISE:NoMethodError;RAISE:NoMethodError;RAISE:NoMethodError;RAISE:NoMethodError;RAISE:NoMethodError;RAISE:NoMethodError;RAISE:NoMethodError;RAISE:NoMethodError;RAISE:NoMethodError;RAISE:NoMethodError;RAISE:NoMethodError;RAISE:NoMethodError;RAISE:NoMethodError;RAISE:NoMethodError;RAISE:NoMethodError;RAISE:NoMethodError;RAISE:NoMethodError;RAISE:NoMethodError;RAISE:NoMethodError;RAISE:NoMethodError;RAISE:NoMethodError;RAISE:NoMethodError;RAISE:NoMethodError;RAISE:NoMethodError;RAISE:NoMethodError;RAISE:NoMethodError,0,272,0,"fractional/L1/16:-max_finite,-1.5,-1.0,-(1.0-1ulp),-0.0,+0.0,+min_subnormal,+min_normal,1.0-1ulp,1.0,1.0+1ulp,1.5,pi,2^53,max_finite,0.1","whole/L1/17:-2^63,-2^63+1,-2^53-1,-2^31,-42,-1,0,1,7,42,1000,2^31-1,2^31,2^53-1,2^53+1,2^63-1,2^64-1"
A12_7_5,1,fractional|fractional,BigDecimal,Float,"fractional/L1/16:-max_finite,-1.5,-1.0,-(1.0-1ulp),-0.0,+0.0,+min_subnormal,+min_normal,1.0-1ulp,1.0,1.0+1ulp,1.5,pi,2^53,max_finite,0.1","fractional/L1/16:-max_finite,-1.5,-1.0,-(1.0-1ulp),-0.0,+0.0,+min_subnormal,+min_normal,1.0-1ulp,1.0,1.0+1ulp,1.5,pi,2^53,max_finite,0.1",256,RAISE:NoMethodError;RAISE:NoMethodError;RAISE:NoMethodError;RAISE:NoMethodError;RAISE:NoMethodError;RAISE:NoMethodError;RAISE:NoMethodError;RAISE:NoMethodError;RAISE:NoMethodError;RAISE:NoMethodError;RAISE:NoMethodError;RAISE:NoMethodError;RAISE:NoMethodError;RAISE:NoMethodError;RAISE:NoMethodError;RAISE:NoMethodError;RAISE:NoMethodError;RAISE:NoMethodError;RAISE:NoMethodError;RAISE:NoMethodError;RAISE:NoMethodError;RAISE:NoMethodError;RAISE:NoMethodError;RAISE:NoMethodError;RAISE:NoMethodError;RAISE:NoMethodError;RAISE:NoMethodError;RAISE:NoMethodError;RAISE:NoMethodError;RAISE:NoMethodError;RAISE:NoMethodError;RAISE:NoMethodError;RAISE:NoMethodError;RAISE:NoMethodError;RAISE:NoMethodError;RAISE:NoMethodError;RAISE:NoMethodError;RAISE:NoMethodError;RAISE:NoMethodError;RAISE:NoMethodError;RAISE:NoMethodError;RAISE:NoMethodError;RAISE:NoMethodError;RAISE:NoMethodError;RAISE:NoMethodError;RAISE:NoMethodError;RAISE:NoMethodError;RAISE:NoMethodError;RAISE:NoMethodError;RAISE:NoMethodError;RAISE:NoMethodError;RAISE:NoMethodError;RAISE:NoMethodError;RAISE:NoMethodError;RAISE:NoMethodError;RAISE:NoMethodError;RAISE:NoMethodError;RAISE:NoMethodError;RAISE:NoMethodError;RAISE:NoMethodError;RAISE:NoMethodError;RAISE:NoMethodError;RAISE:NoMethodError;RAISE:NoMethodError;RAISE:NoMethodError;RAISE:NoMethodError;RAISE:NoMethodError;RAISE:NoMethodError;RAISE:NoMethodError;RAISE:NoMethodError;RAISE:NoMethodError;RAISE:NoMethodError;RAISE:NoMethodError;RAISE:NoMethodError;RAISE:NoMethodError;RAISE:NoMethodError;RAISE:NoMethodError;RAISE:NoMethodError;RAISE:NoMethodError;RAISE:NoMethodError;RAISE:NoMethodError;RAISE:NoMethodError;RAISE:NoMethodError;RAISE:NoMethodError;RAISE:NoMethodError;RAISE:NoMethodError;RAISE:NoMethodError;RAISE:NoMethodError;RAISE:NoMethodError;RAISE:NoMethodError;RAISE:NoMethodError;RAISE:NoMethodError;RAISE:NoMethodError;RAISE:NoMethodError;RAISE:NoMethodError;RAISE:NoMethodError;RAISE:NoMethodError;RAISE:NoMethodError;RAISE:NoMethodError;RAISE:NoMethodError;RAISE:NoMethodError;RAISE:NoMethodError;RAISE:NoMethodError;RAISE:NoMethodError;RAISE:NoMethodError;RAISE:NoMethodError;RAISE:NoMethodError;RAISE:NoMethodError;RAISE:NoMethodError;RAISE:NoMethodError;RAISE:NoMethodError;RAISE:NoMethodError;RAISE:NoMethodError;RAISE:NoMethodError;RAISE:NoMethodError;RAISE:NoMethodError;RAISE:NoMethodError;RAISE:NoMethodError;RAISE:NoMethodError;RAISE:NoMethodError;RAISE:NoMethodError;RAISE:NoMethodError;RAISE:NoMethodError;RAISE:NoMethodError;RAISE:NoMethodError;RAISE:NoMethodError;RAISE:NoMethodError;RAISE:NoMethodError;RAISE:NoMethodError;RAISE:NoMethodError;RAISE:NoMethodError;RAISE:NoMethodError;RAISE:NoMethodError;RAISE:NoMethodError;RAISE:NoMethodError;RAISE:NoMethodError;RAISE:NoMethodError;RAISE:NoMethodError;RAISE:NoMethodError;RAISE:NoMethodError;RAISE:NoMethodError;RAISE:NoMethodError;RAISE:NoMethodError;RAISE:NoMethodError;RAISE:NoMethodError;RAISE:NoMethodError;RAISE:NoMethodError;RAISE:NoMethodError;RAISE:NoMethodError;RAISE:NoMethodError;RAISE:NoMethodError;RAISE:NoMethodError;RAISE:NoMethodError;RAISE:NoMethodError;RAISE:NoMethodError;RAISE:NoMethodError;RAISE:NoMethodError;RAISE:NoMethodError;RAISE:NoMethodError;RAISE:NoMethodError;RAISE:NoMethodError;RAISE:NoMethodError;RAISE:NoMethodError;RAISE:NoMethodError;RAISE:NoMethodError;RAISE:NoMethodError;RAISE:NoMethodError;RAISE:NoMethodError;RAISE:NoMethodError;RAISE:NoMethodError;RAISE:NoMethodError;RAISE:NoMethodError;RAISE:NoMethodError;RAISE:NoMethodError;RAISE:NoMethodError;RAISE:NoMethodError;RAISE:NoMethodError;RAISE:NoMethodError;RAISE:NoMethodError;RAISE:NoMethodError;RAISE:NoMethodError;RAISE:NoMethodError;RAISE:NoMethodError;RAISE:NoMethodError;RAISE:NoMethodError;RAISE:NoMethodError;RAISE:NoMethodError;RAISE:NoMethodError;RAISE:NoMethodError;RAISE:NoMethodError;RAISE:NoMethodError;RAISE:NoMethodError;RAISE:NoMethodError;RAISE:NoMethodError;RAISE:NoMethodError;RAISE:NoMethodError;RAISE:NoMethodError;RAISE:NoMethodError;RAISE:NoMethodError;RAISE:NoMethodError;RAISE:NoMethodError;RAISE:NoMethodError;RAISE:NoMethodError;RAISE:NoMethodError;RAISE:NoMethodError;RAISE:NoMethodError;RAISE:NoMethodError;RAISE:NoMethodError;RAISE:NoMethodError;RAISE:NoMethodError;RAISE:NoMethodError;RAISE:NoMethodError;RAISE:NoMethodError;RAISE:NoMethodError;RAISE:NoMethodError;RAISE:NoMethodError;RAISE:NoMethodError;RAISE:NoMethodError;RAISE:NoMethodError;RAISE:NoMethodError;RAISE:NoMethodError;RAISE:NoMethodError;RAISE:NoMethodError;RAISE:NoMethodError;RAISE:NoMethodError;RAISE:NoMethodError;RAISE:NoMethodError;RAISE:NoMethodError;RAISE:NoMethodError;RAISE:NoMethodError;RAISE:NoMethodError;RAISE:NoMethodError;RAISE:NoMethodError;RAISE:NoMethodError;RAISE:NoMethodError;RAISE:NoMethodError;RAISE:NoMethodError;RAISE:NoMethodError;RAISE:NoMethodError;RAISE:NoMethodError;RAISE:NoMethodError;RAISE:NoMethodError;RAISE:NoMethodError;RAISE:NoMethodError;RAISE:NoMethodError;RAISE:NoMethodError;RAISE:NoMethodError;RAISE:NoMethodError;RAISE:NoMethodError;RAISE:NoMethodError;RAISE:NoMethodError;RAISE:NoMethodError;RAISE:NoMethodError;RAISE:NoMethodError;RAISE:NoMethodError;RAISE:NoMethodError,0,256,0,"fractional/L1/16:-max_finite,-1.5,-1.0,-(1.0-1ulp),-0.0,+0.0,+min_subnormal,+min_normal,1.0-1ulp,1.0,1.0+1ulp,1.5,pi,2^53,max_finite,0.1","fractional/L1/16:-max_finite,-1.5,-1.0,-(1.0-1ulp),-0.0,+0.0,+min_subnormal,+min_normal,1.0-1ulp,1.0,1.0+1ulp,1.5,pi,2^53,max_finite,0.1"
A12_7_6,1,fractional|fractional,BigDecimal,Rational,"fractional/L1/16:-max_finite,-1.5,-1.0,-(1.0-1ulp),-0.0,+0.0,+min_subnormal,+min_normal,1.0-1ulp,1.0,1.0+1ulp,1.5,pi,2^53,max_finite,0.1","fractional/L1/16:-max_finite,-1.5,-1.0,-(1.0-1ulp),-0.0,+0.0,+min_subnormal,+min_normal,1.0-1ulp,1.0,1.0+1ulp,1.5,pi,2^53,max_finite,0.1",256,RAISE:NoMethodError;RAISE:NoMethodError;RAISE:NoMethodError;RAISE:NoMethodError;UNREPRESENTABLE;RAISE:NoMethodError;RAISE:NoMethodError;RAISE:NoMethodError;RAISE:NoMethodError;RAISE:NoMethodError;RAISE:NoMethodError;RAISE:NoMethodError;RAISE:NoMethodError;RAISE:NoMethodError;RAISE:NoMethodError;RAISE:NoMethodError;RAISE:NoMethodError;RAISE:NoMethodError;RAISE:NoMethodError;RAISE:NoMethodError;UNREPRESENTABLE;RAISE:NoMethodError;RAISE:NoMethodError;RAISE:NoMethodError;RAISE:NoMethodError;RAISE:NoMethodError;RAISE:NoMethodError;RAISE:NoMethodError;RAISE:NoMethodError;RAISE:NoMethodError;RAISE:NoMethodError;RAISE:NoMethodError;RAISE:NoMethodError;RAISE:NoMethodError;RAISE:NoMethodError;RAISE:NoMethodError;UNREPRESENTABLE;RAISE:NoMethodError;RAISE:NoMethodError;RAISE:NoMethodError;RAISE:NoMethodError;RAISE:NoMethodError;RAISE:NoMethodError;RAISE:NoMethodError;RAISE:NoMethodError;RAISE:NoMethodError;RAISE:NoMethodError;RAISE:NoMethodError;RAISE:NoMethodError;RAISE:NoMethodError;RAISE:NoMethodError;RAISE:NoMethodError;UNREPRESENTABLE;RAISE:NoMethodError;RAISE:NoMethodError;RAISE:NoMethodError;RAISE:NoMethodError;RAISE:NoMethodError;RAISE:NoMethodError;RAISE:NoMethodError;RAISE:NoMethodError;RAISE:NoMethodError;RAISE:NoMethodError;RAISE:NoMethodError;RAISE:NoMethodError;RAISE:NoMethodError;RAISE:NoMethodError;RAISE:NoMethodError;UNREPRESENTABLE;RAISE:NoMethodError;RAISE:NoMethodError;RAISE:NoMethodError;RAISE:NoMethodError;RAISE:NoMethodError;RAISE:NoMethodError;RAISE:NoMethodError;RAISE:NoMethodError;RAISE:NoMethodError;RAISE:NoMethodError;RAISE:NoMethodError;RAISE:NoMethodError;RAISE:NoMethodError;RAISE:NoMethodError;RAISE:NoMethodError;UNREPRESENTABLE;RAISE:NoMethodError;RAISE:NoMethodError;RAISE:NoMethodError;RAISE:NoMethodError;RAISE:NoMethodError;RAISE:NoMethodError;RAISE:NoMethodError;RAISE:NoMethodError;RAISE:NoMethodError;RAISE:NoMethodError;RAISE:NoMethodError;RAISE:NoMethodError;RAISE:NoMethodError;RAISE:NoMethodError;RAISE:NoMethodError;UNREPRESENTABLE;RAISE:NoMethodError;RAISE:NoMethodError;RAISE:NoMethodError;RAISE:NoMethodError;RAISE:NoMethodError;RAISE:NoMethodError;RAISE:NoMethodError;RAISE:NoMethodError;RAISE:NoMethodError;RAISE:NoMethodError;RAISE:NoMethodError;RAISE:NoMethodError;RAISE:NoMethodError;RAISE:NoMethodError;RAISE:NoMethodError;UNREPRESENTABLE;RAISE:NoMethodError;RAISE:NoMethodError;RAISE:NoMethodError;RAISE:NoMethodError;RAISE:NoMethodError;RAISE:NoMethodError;RAISE:NoMethodError;RAISE:NoMethodError;RAISE:NoMethodError;RAISE:NoMethodError;RAISE:NoMethodError;RAISE:NoMethodError;RAISE:NoMethodError;RAISE:NoMethodError;RAISE:NoMethodError;UNREPRESENTABLE;RAISE:NoMethodError;RAISE:NoMethodError;RAISE:NoMethodError;RAISE:NoMethodError;RAISE:NoMethodError;RAISE:NoMethodError;RAISE:NoMethodError;RAISE:NoMethodError;RAISE:NoMethodError;RAISE:NoMethodError;RAISE:NoMethodError;RAISE:NoMethodError;RAISE:NoMethodError;RAISE:NoMethodError;RAISE:NoMethodError;UNREPRESENTABLE;RAISE:NoMethodError;RAISE:NoMethodError;RAISE:NoMethodError;RAISE:NoMethodError;RAISE:NoMethodError;RAISE:NoMethodError;RAISE:NoMethodError;RAISE:NoMethodError;RAISE:NoMethodError;RAISE:NoMethodError;RAISE:NoMethodError;RAISE:NoMethodError;RAISE:NoMethodError;RAISE:NoMethodError;RAISE:NoMethodError;UNREPRESENTABLE;RAISE:NoMethodError;RAISE:NoMethodError;RAISE:NoMethodError;RAISE:NoMethodError;RAISE:NoMethodError;RAISE:NoMethodError;RAISE:NoMethodError;RAISE:NoMethodError;RAISE:NoMethodError;RAISE:NoMethodError;RAISE:NoMethodError;RAISE:NoMethodError;RAISE:NoMethodError;RAISE:NoMethodError;RAISE:NoMethodError;UNREPRESENTABLE;RAISE:NoMethodError;RAISE:NoMethodError;RAISE:NoMethodError;RAISE:NoMethodError;RAISE:NoMethodError;RAISE:NoMethodError;RAISE:NoMethodError;RAISE:NoMethodError;RAISE:NoMethodError;RAISE:NoMethodError;RAISE:NoMethodError;RAISE:NoMethodError;RAISE:NoMethodError;RAISE:NoMethodError;RAISE:NoMethodError;UNREPRESENTABLE;RAISE:NoMethodError;RAISE:NoMethodError;RAISE:NoMethodError;RAISE:NoMethodError;RAISE:NoMethodError;RAISE:NoMethodError;RAISE:NoMethodError;RAISE:NoMethodError;RAISE:NoMethodError;RAISE:NoMethodError;RAISE:NoMethodError;RAISE:NoMethodError;RAISE:NoMethodError;RAISE:NoMethodError;RAISE:NoMethodError;UNREPRESENTABLE;RAISE:NoMethodError;RAISE:NoMethodError;RAISE:NoMethodError;RAISE:NoMethodError;RAISE:NoMethodError;RAISE:NoMethodError;RAISE:NoMethodError;RAISE:NoMethodError;RAISE:NoMethodError;RAISE:NoMethodError;RAISE:NoMethodError;RAISE:NoMethodError;RAISE:NoMethodError;RAISE:NoMethodError;RAISE:NoMethodError;UNREPRESENTABLE;RAISE:NoMethodError;RAISE:NoMethodError;RAISE:NoMethodError;RAISE:NoMethodError;RAISE:NoMethodError;RAISE:NoMethodError;RAISE:NoMethodError;RAISE:NoMethodError;RAISE:NoMethodError;RAISE:NoMethodError;RAISE:NoMethodError;RAISE:NoMethodError;RAISE:NoMethodError;RAISE:NoMethodError;RAISE:NoMethodError;UNREPRESENTABLE;RAISE:NoMethodError;RAISE:NoMethodError;RAISE:NoMethodError;RAISE:NoMethodError;RAISE:NoMethodError;RAISE:NoMethodError;RAISE:NoMethodError;RAISE:NoMethodError;RAISE:NoMethodError;RAISE:NoMethodError;RAISE:NoMethodError,0,240,16,"fractional/L1/16:-max_finite,-1.5,-1.0,-(1.0-1ulp),-0.0,+0.0,+min_subnormal,+min_normal,1.0-1ulp,1.0,1.0+1ulp,1.5,pi,2^53,max_finite,0.1","fractional/L1/15:-max_finite,-1.5,-1.0,-(1.0-1ulp),+0.0,+min_subnormal,+min_normal,1.0-1ulp,1.0,1.0+1ulp,1.5,pi,2^53,max_finite,0.1"
A12_7_7,1,fractional|fractional,BigDecimal,BigDecimal,"fractional/L1/16:-max_finite,-1.5,-1.0,-(1.0-1ulp),-0.0,+0.0,+min_subnormal,+min_normal,1.0-1ulp,1.0,1.0+1ulp,1.5,pi,2^53,max_finite,0.1","fractional/L1/16:-max_finite,-1.5,-1.0,-(1.0-1ulp),-0.0,+0.0,+min_subnormal,+min_normal,1.0-1ulp,1.0,1.0+1ulp,1.5,pi,2^53,max_finite,0.1",256,RAISE:NoMethodError;RAISE:NoMethodError;RAISE:NoMethodError;RAISE:NoMethodError;RAISE:NoMethodError;RAISE:NoMethodError;RAISE:NoMethodError;RAISE:NoMethodError;RAISE:NoMethodError;RAISE:NoMethodError;RAISE:NoMethodError;RAISE:NoMethodError;RAISE:NoMethodError;RAISE:NoMethodError;RAISE:NoMethodError;RAISE:NoMethodError;RAISE:NoMethodError;RAISE:NoMethodError;RAISE:NoMethodError;RAISE:NoMethodError;RAISE:NoMethodError;RAISE:NoMethodError;RAISE:NoMethodError;RAISE:NoMethodError;RAISE:NoMethodError;RAISE:NoMethodError;RAISE:NoMethodError;RAISE:NoMethodError;RAISE:NoMethodError;RAISE:NoMethodError;RAISE:NoMethodError;RAISE:NoMethodError;RAISE:NoMethodError;RAISE:NoMethodError;RAISE:NoMethodError;RAISE:NoMethodError;RAISE:NoMethodError;RAISE:NoMethodError;RAISE:NoMethodError;RAISE:NoMethodError;RAISE:NoMethodError;RAISE:NoMethodError;RAISE:NoMethodError;RAISE:NoMethodError;RAISE:NoMethodError;RAISE:NoMethodError;RAISE:NoMethodError;RAISE:NoMethodError;RAISE:NoMethodError;RAISE:NoMethodError;RAISE:NoMethodError;RAISE:NoMethodError;RAISE:NoMethodError;RAISE:NoMethodError;RAISE:NoMethodError;RAISE:NoMethodError;RAISE:NoMethodError;RAISE:NoMethodError;RAISE:NoMethodError;RAISE:NoMethodError;RAISE:NoMethodError;RAISE:NoMethodError;RAISE:NoMethodError;RAISE:NoMethodError;RAISE:NoMethodError;RAISE:NoMethodError;RAISE:NoMethodError;RAISE:NoMethodError;RAISE:NoMethodError;RAISE:NoMethodError;RAISE:NoMethodError;RAISE:NoMethodError;RAISE:NoMethodError;RAISE:NoMethodError;RAISE:NoMethodError;RAISE:NoMethodError;RAISE:NoMethodError;RAISE:NoMethodError;RAISE:NoMethodError;RAISE:NoMethodError;RAISE:NoMethodError;RAISE:NoMethodError;RAISE:NoMethodError;RAISE:NoMethodError;RAISE:NoMethodError;RAISE:NoMethodError;RAISE:NoMethodError;RAISE:NoMethodError;RAISE:NoMethodError;RAISE:NoMethodError;RAISE:NoMethodError;RAISE:NoMethodError;RAISE:NoMethodError;RAISE:NoMethodError;RAISE:NoMethodError;RAISE:NoMethodError;RAISE:NoMethodError;RAISE:NoMethodError;RAISE:NoMethodError;RAISE:NoMethodError;RAISE:NoMethodError;RAISE:NoMethodError;RAISE:NoMethodError;RAISE:NoMethodError;RAISE:NoMethodError;RAISE:NoMethodError;RAISE:NoMethodError;RAISE:NoMethodError;RAISE:NoMethodError;RAISE:NoMethodError;RAISE:NoMethodError;RAISE:NoMethodError;RAISE:NoMethodError;RAISE:NoMethodError;RAISE:NoMethodError;RAISE:NoMethodError;RAISE:NoMethodError;RAISE:NoMethodError;RAISE:NoMethodError;RAISE:NoMethodError;RAISE:NoMethodError;RAISE:NoMethodError;RAISE:NoMethodError;RAISE:NoMethodError;RAISE:NoMethodError;RAISE:NoMethodError;RAISE:NoMethodError;RAISE:NoMethodError;RAISE:NoMethodError;RAISE:NoMethodError;RAISE:NoMethodError;RAISE:NoMethodError;RAISE:NoMethodError;RAISE:NoMethodError;RAISE:NoMethodError;RAISE:NoMethodError;RAISE:NoMethodError;RAISE:NoMethodError;RAISE:NoMethodError;RAISE:NoMethodError;RAISE:NoMethodError;RAISE:NoMethodError;RAISE:NoMethodError;RAISE:NoMethodError;RAISE:NoMethodError;RAISE:NoMethodError;RAISE:NoMethodError;RAISE:NoMethodError;RAISE:NoMethodError;RAISE:NoMethodError;RAISE:NoMethodError;RAISE:NoMethodError;RAISE:NoMethodError;RAISE:NoMethodError;RAISE:NoMethodError;RAISE:NoMethodError;RAISE:NoMethodError;RAISE:NoMethodError;RAISE:NoMethodError;RAISE:NoMethodError;RAISE:NoMethodError;RAISE:NoMethodError;RAISE:NoMethodError;RAISE:NoMethodError;RAISE:NoMethodError;RAISE:NoMethodError;RAISE:NoMethodError;RAISE:NoMethodError;RAISE:NoMethodError;RAISE:NoMethodError;RAISE:NoMethodError;RAISE:NoMethodError;RAISE:NoMethodError;RAISE:NoMethodError;RAISE:NoMethodError;RAISE:NoMethodError;RAISE:NoMethodError;RAISE:NoMethodError;RAISE:NoMethodError;RAISE:NoMethodError;RAISE:NoMethodError;RAISE:NoMethodError;RAISE:NoMethodError;RAISE:NoMethodError;RAISE:NoMethodError;RAISE:NoMethodError;RAISE:NoMethodError;RAISE:NoMethodError;RAISE:NoMethodError;RAISE:NoMethodError;RAISE:NoMethodError;RAISE:NoMethodError;RAISE:NoMethodError;RAISE:NoMethodError;RAISE:NoMethodError;RAISE:NoMethodError;RAISE:NoMethodError;RAISE:NoMethodError;RAISE:NoMethodError;RAISE:NoMethodError;RAISE:NoMethodError;RAISE:NoMethodError;RAISE:NoMethodError;RAISE:NoMethodError;RAISE:NoMethodError;RAISE:NoMethodError;RAISE:NoMethodError;RAISE:NoMethodError;RAISE:NoMethodError;RAISE:NoMethodError;RAISE:NoMethodError;RAISE:NoMethodError;RAISE:NoMethodError;RAISE:NoMethodError;RAISE:NoMethodError;RAISE:NoMethodError;RAISE:NoMethodError;RAISE:NoMethodError;RAISE:NoMethodError;RAISE:NoMethodError;RAISE:NoMethodError;RAISE:NoMethodError;RAISE:NoMethodError;RAISE:NoMethodError;RAISE:NoMethodError;RAISE:NoMethodError;RAISE:NoMethodError;RAISE:NoMethodError;RAISE:NoMethodError;RAISE:NoMethodError;RAISE:NoMethodError;RAISE:NoMethodError;RAISE:NoMethodError;RAISE:NoMethodError;RAISE:NoMethodError;RAISE:NoMethodError;RAISE:NoMethodError;RAISE:NoMethodError;RAISE:NoMethodError;RAISE:NoMethodError;RAISE:NoMethodError;RAISE:NoMethodError;RAISE:NoMethodError;RAISE:NoMethodError;RAISE:NoMethodError;RAISE:NoMethodError;RAISE:NoMethodError;RAISE:NoMethodError;RAISE:NoMethodError;RAISE:NoMethodError;RAISE:NoMethodError;RAISE:NoMethodError;RAISE:NoMethodError;RAISE:NoMethodError;RAISE:NoMethodError;RAISE:NoMethodError,0,256,0,"fractional/L1/16:-max_finite,-1.5,-1.0,-(1.0-1ulp),-0.0,+0.0,+min_subnormal,+min_normal,1.0-1ulp,1.0,1.0+1ulp,1.5,pi,2^53,max_finite,0.1","fractional/L1/16:-max_finite,-1.5,-1.0,-(1.0-1ulp),-0.0,+0.0,+min_subnormal,+min_normal,1.0-1ulp,1.0,1.0+1ulp,1.5,pi,2^53,max_finite,0.1"
