probe_id,lhs_holder,rhs_holder,interval_id,n_samples,lhs_canon_vector,rhs_canon_vector,output_canon_vector,n_values,n_declines
S2_2_2,Integer,Integer,IV32:w_big128|w_big128:shift,32,"[-1, 1.0, 127];[-1, 2.0, 126];[-1, 1.0, 0];[1, 0.0, 0];[1, 1.0, 0];[1, 2.0, 126];[1, 1.048828125, 9];[1, 1.10408782958984375, 18];[1, 1.16012938320636749267578125, 27];[1, 1.2190136541903484612703323364258, 36];[1, 1.2808866897642587900918442755938, 45];[1, 1.3459001926323561071363599239703, 54];[1, 1.4142135623730950487637880730318, 63];[1, 1.4859942891369484247998401907397, 72];[1, 1.5614183643114201831324172912204, 81];[1, 1.6406707120152758623405693653628, 90];[1, 1.7239456424939554484385867278945, 99];[1, 1.8114473285278133431883457464302, 108];[1, 1.9033903060212392198597864426657, 117];[-1, 1.048828125, 9];[-1, 1.10408782958984375, 18];[-1, 1.16012938320636749267578125, 27];[-1, 1.2190136541903484612703323364258, 36];[-1, 1.2808866897642587900918442755938, 45];[-1, 1.3459001926323561071363599239703, 54];[-1, 1.4142135623730950487637880730318, 63];[-1, 1.4859942891369484247998401907397, 72];[-1, 1.5614183643114201831324172912204, 81];[-1, 1.6406707120152758623405693653628, 90];[-1, 1.7239456424939554484385867278945, 99];[-1, 1.8114473285278133431883457464302, 108];[-1, 1.9033903060212392198597864426657, 117]","[-1, 2.0, 126];[-1, 1.0, 0];[1, 0.0, 0];[1, 1.0, 0];[1, 2.0, 126];[1, 1.048828125, 9];[1, 1.10408782958984375, 18];[1, 1.16012938320636749267578125, 27];[1, 1.2190136541903484612703323364258, 36];[1, 1.2808866897642587900918442755938, 45];[1, 1.3459001926323561071363599239703, 54];[1, 1.4142135623730950487637880730318, 63];[1, 1.4859942891369484247998401907397, 72];[1, 1.5614183643114201831324172912204, 81];[1, 1.6406707120152758623405693653628, 90];[1, 1.7239456424939554484385867278945, 99];[1, 1.8114473285278133431883457464302, 108];[1, 1.9033903060212392198597864426657, 117];[-1, 1.048828125, 9];[-1, 1.10408782958984375, 18];[-1, 1.16012938320636749267578125, 27];[-1, 1.2190136541903484612703323364258, 36];[-1, 1.2808866897642587900918442755938, 45];[-1, 1.3459001926323561071363599239703, 54];[-1, 1.4142135623730950487637880730318, 63];[-1, 1.4859942891369484247998401907397, 72];[-1, 1.5614183643114201831324172912204, 81];[-1, 1.6406707120152758623405693653628, 90];[-1, 1.7239456424939554484385867278945, 99];[-1, 1.8114473285278133431883457464302, 108];[-1, 1.9033903060212392198597864426657, 117];[-1, 1.0, 127]","[1, 2.0, 253];[1, 2.0, 126];[1, 0.0, 0];[1, 0.0, 0];[1, 2.0, 126];[1, 1.048828125, 136];[1, 1.15799836814403533935546875, 27];[1, 1.2808847327477224098402075469494, 45];[1, 1.4142135587559891162813541232168, 63];[1, 1.5614183642933083167697542910309, 81];[1, 1.7239456424939368611444059560296, 99];[1, 1.9033903060212391847271258505611, 117];[1, 1.0507566386532194247073657494686, 136];[1, 1.1601293861601627975300491135677, 154];[1, 1.2808866897642725767901458543043, 172];[1, 1.4142135623730950488016887238885, 190];[1, 1.5614183643114201831324175058574, 208];[1, 1.7239456424939554484385867278949, 226];[-1, 1.9963292858074325411420025775615, 126];[1, 1.15799836814403533935546875, 27];[1, 1.2808847327477224098402075469494, 45];[1, 1.4142135587559891162813541232168, 63];[1, 1.5614183642933083167697542910309, 81];[1, 1.7239456424939368611444059560296, 99];[1, 1.9033903060212391847271258505611, 117];[1, 1.0507566386532194247073657494686, 136];[1, 1.1601293861601627975300491135677, 154];[1, 1.2808866897642725767901458543043, 172];[1, 1.4142135623730950488016887238885, 190];[1, 1.5614183643114201831324175058574, 208];[1, 1.7239456424939554484385867278949, 226];[1, 1.9033903060212392198597864426657, 244]",32,0
S2_2_3,Integer,Rational,IV32:w_big128|w_big128:shift,32,"[-1, 1.0, 127];[-1, 2.0, 126];[-1, 1.0, 0];[1, 0.0, 0];[1, 1.0, 0];[1, 2.0, 126];[1, 1.048828125, 9];[1, 1.10408782958984375, 18];[1, 1.16012938320636749267578125, 27];[1, 1.2190136541903484612703323364258, 36];[1, 1.2808866897642587900918442755938, 45];[1, 1.3459001926323561071363599239703, 54];[1, 1.4142135623730950487637880730318, 63];[1, 1.4859942891369484247998401907397, 72];[1, 1.5614183643114201831324172912204, 81];[1, 1.6406707120152758623405693653628, 90];[1, 1.7239456424939554484385867278945, 99];[1, 1.8114473285278133431883457464302, 108];[1, 1.9033903060212392198597864426657, 117];[-1, 1.048828125, 9];[-1, 1.10408782958984375, 18];[-1, 1.16012938320636749267578125, 27];[-1, 1.2190136541903484612703323364258, 36];[-1, 1.2808866897642587900918442755938, 45];[-1, 1.3459001926323561071363599239703, 54];[-1, 1.4142135623730950487637880730318, 63];[-1, 1.4859942891369484247998401907397, 72];[-1, 1.5614183643114201831324172912204, 81];[-1, 1.6406707120152758623405693653628, 90];[-1, 1.7239456424939554484385867278945, 99];[-1, 1.8114473285278133431883457464302, 108];[-1, 1.9033903060212392198597864426657, 117]","[-1, 2.0, 126];[-1, 1.0, 0];[1, 0.0, 0];[1, 1.0, 0];[1, 2.0, 126];[1, 1.048828125, 9];[1, 1.10408782958984375, 18];[1, 1.16012938320636749267578125, 27];[1, 1.2190136541903484612703323364258, 36];[1, 1.2808866897642587900918442755938, 45];[1, 1.3459001926323561071363599239703, 54];[1, 1.4142135623730950487637880730318, 63];[1, 1.4859942891369484247998401907397, 72];[1, 1.5614183643114201831324172912204, 81];[1, 1.6406707120152758623405693653628, 90];[1, 1.7239456424939554484385867278945, 99];[1, 1.8114473285278133431883457464302, 108];[1, 1.9033903060212392198597864426657, 117];[-1, 1.048828125, 9];[-1, 1.10408782958984375, 18];[-1, 1.16012938320636749267578125, 27];[-1, 1.2190136541903484612703323364258, 36];[-1, 1.2808866897642587900918442755938, 45];[-1, 1.3459001926323561071363599239703, 54];[-1, 1.4142135623730950487637880730318, 63];[-1, 1.4859942891369484247998401907397, 72];[-1, 1.5614183643114201831324172912204, 81];[-1, 1.6406707120152758623405693653628, 90];[-1, 1.7239456424939554484385867278945, 99];[-1, 1.8114473285278133431883457464302, 108];[-1, 1.9033903060212392198597864426657, 117];[-1, 1.0, 127]","[1, 2.0, 253];[1, 2.0, 126];[1, 0.0, 0];[1, 0.0, 0];[1, 2.0, 126];[1, 1.048828125, 136];[1, 1.15799836814403533935546875, 27];[1, 1.2808847327477224098402075469494, 45];[1, 1.4142135587559891162813541232168, 63];[1, 1.5614183642933083167697542910309, 81];[1, 1.7239456424939368611444059560296, 99];[1, 1.9033903060212391847271258505611, 117];[1, 1.0507566386532194247073657494686, 136];[1, 1.1601293861601627975300491135677, 154];[1, 1.2808866897642725767901458543043, 172];[1, 1.4142135623730950488016887238885, 190];[1, 1.5614183643114201831324175058574, 208];[1, 1.7239456424939554484385867278949, 226];[-1, 1.9963292858074325411420025775615, 126];[1, 1.15799836814403533935546875, 27];[1, 1.2808847327477224098402075469494, 45];[1, 1.4142135587559891162813541232168, 63];[1, 1.5614183642933083167697542910309, 81];[1, 1.7239456424939368611444059560296, 99];[1, 1.9033903060212391847271258505611, 117];[1, 1.0507566386532194247073657494686, 136];[1, 1.1601293861601627975300491135677, 154];[1, 1.2808866897642725767901458543043, 172];[1, 1.4142135623730950488016887238885, 190];[1, 1.5614183643114201831324175058574, 208];[1, 1.7239456424939554484385867278949, 226];[1, 1.9033903060212392198597864426657, 244]",32,0
S2_2_4,Integer,BigDecimal,IV32:w_big128|w_big128:shift,32,"[-1, 1.0, 127];[-1, 2.0, 126];[-1, 1.0, 0];[1, 0.0, 0];[1, 1.0, 0];[1, 2.0, 126];[1, 1.048828125, 9];[1, 1.10408782958984375, 18];[1, 1.16012938320636749267578125, 27];[1, 1.2190136541903484612703323364258, 36];[1, 1.2808866897642587900918442755938, 45];[1, 1.3459001926323561071363599239703, 54];[1, 1.4142135623730950487637880730318, 63];[1, 1.4859942891369484247998401907397, 72];[1, 1.5614183643114201831324172912204, 81];[1, 1.6406707120152758623405693653628, 90];[1, 1.7239456424939554484385867278945, 99];[1, 1.8114473285278133431883457464302, 108];[1, 1.9033903060212392198597864426657, 117];[-1, 1.048828125, 9];[-1, 1.10408782958984375, 18];[-1, 1.16012938320636749267578125, 27];[-1, 1.2190136541903484612703323364258, 36];[-1, 1.2808866897642587900918442755938, 45];[-1, 1.3459001926323561071363599239703, 54];[-1, 1.4142135623730950487637880730318, 63];[-1, 1.4859942891369484247998401907397, 72];[-1, 1.5614183643114201831324172912204, 81];[-1, 1.6406707120152758623405693653628, 90];[-1, 1.7239456424939554484385867278945, 99];[-1, 1.8114473285278133431883457464302, 108];[-1, 1.9033903060212392198597864426657, 117]","[-1, 2.0, 126];[-1, 1.0, 0];[1, 0.0, 0];[1, 1.0, 0];[1, 2.0, 126];[1, 1.048828125, 9];[1, 1.10408782958984375, 18];[1, 1.16012938320636749267578125, 27];[1, 1.2190136541903484612703323364258, 36];[1, 1.2808866897642587900918442755938, 45];[1, 1.3459001926323561071363599239703, 54];[1, 1.4142135623730950487637880730318, 63];[1, 1.4859942891369484247998401907397, 72];[1, 1.5614183643114201831324172912204, 81];[1, 1.6406707120152758623405693653628, 90];[1, 1.7239456424939554484385867278945, 99];[1, 1.8114473285278133431883457464302, 108];[1, 1.9033903060212392198597864426657, 117];[-1, 1.048828125, 9];[-1, 1.10408782958984375, 18];[-1, 1.16012938320636749267578125, 27];[-1, 1.2190136541903484612703323364258, 36];[-1, 1.2808866897642587900918442755938, 45];[-1, 1.3459001926323561071363599239703, 54];[-1, 1.4142135623730950487637880730318, 63];[-1, 1.4859942891369484247998401907397, 72];[-1, 1.5614183643114201831324172912204, 81];[-1, 1.6406707120152758623405693653628, 90];[-1, 1.7239456424939554484385867278945, 99];[-1, 1.8114473285278133431883457464302, 108];[-1, 1.9033903060212392198597864426657, 117];[-1, 1.0, 127]","[1, 2.0, 253];[1, 2.0, 126];[-1, 0.0, 0];[1, 0.0, 0];[1, 2.0, 126];[1, 1.048828125, 136];[1, 1.15799836814403533935546875, 27];[1, 1.2808847327477224098402075469494, 45];[1, 1.4142135587559891162813541232168, 63];[1, 1.5614183642933083167697542910309, 81];[1, 1.7239456424939368611444059560296, 99];[1, 1.9033903060212391847271258505611, 117];[1, 1.0507566386532194247073657494686, 136];[1, 1.1601293861601627975300491135677, 154];[1, 1.2808866897642725767901458543043, 172];[1, 1.4142135623730950488016887238885, 190];[1, 1.5614183643114201831324175058574, 208];[1, 1.7239456424939554484385867278949, 226];[-1, 1.9963292858074325411420025775615, 126];[1, 1.15799836814403533935546875, 27];[1, 1.2808847327477224098402075469494, 45];[1, 1.4142135587559891162813541232168, 63];[1, 1.5614183642933083167697542910309, 81];[1, 1.7239456424939368611444059560296, 99];[1, 1.9033903060212391847271258505611, 117];[1, 1.0507566386532194247073657494686, 136];[1, 1.1601293861601627975300491135677, 154];[1, 1.2808866897642725767901458543043, 172];[1, 1.4142135623730950488016887238885, 190];[1, 1.5614183643114201831324175058574, 208];[1, 1.7239456424939554484385867278949, 226];[1, 1.9033903060212392198597864426657, 244]",32,0
S2_2_5,Integer,Float,IV32:w_big128|f_b64:shift,32,"[-1, 1.0, 127];[-1, 2.0, 126];[-1, 1.0, 0];[1, 0.0, 0];[1, 1.0, 0];[1, 2.0, 126];[1, 1.048828125, 9];[1, 1.10408782958984375, 18];[1, 1.16012938320636749267578125, 27];[1, 1.2190136541903484612703323364258, 36];[1, 1.2808866897642587900918442755938, 45];[1, 1.3459001926323561071363599239703, 54];[1, 1.4142135623730950487637880730318, 63];[1, 1.4859942891369484247998401907397, 72];[1, 1.5614183643114201831324172912204, 81];[1, 1.6406707120152758623405693653628, 90];[1, 1.7239456424939554484385867278945, 99];[1, 1.8114473285278133431883457464302, 108];[1, 1.9033903060212392198597864426657, 117];[-1, 1.048828125, 9];[-1, 1.10408782958984375, 18];[-1, 1.16012938320636749267578125, 27];[-1, 1.2190136541903484612703323364258, 36];[-1, 1.2808866897642587900918442755938, 45];[-1, 1.3459001926323561071363599239703, 54];[-1, 1.4142135623730950487637880730318, 63];[-1, 1.4859942891369484247998401907397, 72];[-1, 1.5614183643114201831324172912204, 81];[-1, 1.6406707120152758623405693653628, 90];[-1, 1.7239456424939554484385867278945, 99];[-1, 1.8114473285278133431883457464302, 108];[-1, 1.9033903060212392198597864426657, 117]","[-1, 0.0, 0];[1, 1.0, -1074];[-1, 1.0, -1074];[1, 1.0, -1022];[1, 1.0, 0];[1, 1.0000000000000002220446049250313, 0];[1, 1.9999999999999997779553950749687, -1];[1, 1.9999999999999997779553950749687, 1023];[-1, 1.9999999999999997779553950749687, 1023];[1, 1.5, -852];[1, 1.5, -681];[1, 1.5, -511];[1, 1.5, -340];[1, 1.5, -170];[1, 1.5, 0];[1, 1.5, 171];[1, 1.5, 341];[1, 1.5, 512];[1, 1.5, 682];[1, 1.5, 853];[-1, 1.5, -852];[-1, 1.5, -681];[-1, 1.5, -511];[-1, 1.5, -340];[-1, 1.5, -170];[-1, 1.5, 0];[-1, 1.5, 171];[-1, 1.5, 341];[-1, 1.5, 512];[-1, 1.5, 682];[-1, 1.5, 853];[1, 0.0, 0]","[1, 0.0, 0];[-1, 1.0000000000000000525047602552044, -947];[1, 1.0120112665365530917624767335946, -1074];[1, 0.0, 0];[1, 1.0, 0];[1, 1.000000000000000224920926949914, 127];[1, 1.0488281249999998046875, 9];[1, inf];[-1, inf];[1, 1.8285204812855226930742491105108, -816];[1, 1.9213300346463881641837194186663, -636];[1, 1.0094251444742669998742316522302, -456];[1, 1.0606601717798214403403374922127, -276];[1, 1.1144957168527112387382711626064, -97];[1, 1.171063773233565160154093297111, 82];[1, 1.2305030340114568535959316782473, 262];[1, 1.2929592318704665463857828420804, 441];[1, 1.3585854963958601567103428080175, 621];[1, 1.4275427295159293722422152891147, 800];[-1, 1.5732421875000000558706270488629, 862];[1, 1.6561317443847656645286842228131, -834];[1, 1.7401940748095512418639538972717, -654];[1, 1.8285204812855226218960660750065, -475];[1, 1.9213300346463881761569497314146, -295];[1, 1.0094251444742669170957931121027, -115];[1, 1.06066017177982143196435238508, 64];[1, 1.1144957168527112110107034289176, 244];[1, 1.1710637732335651859580714092144, 423];[1, 1.230503034011456983069150513348, 603];[1, 1.2929592318704665473087218243114, 782];[1, 1.3585854963958601375497753001365, 962];[-1, 0.0, 0]",32,0
S2_2_6,Integer,Rational,IV32:w_big128|f_b64:shift,32,"[-1, 1.0, 127];[-1, 2.0, 126];[-1, 1.0, 0];[1, 0.0, 0];[1, 1.0, 0];[1, 2.0, 126];[1, 1.048828125, 9];[1, 1.10408782958984375, 18];[1, 1.16012938320636749267578125, 27];[1, 1.2190136541903484612703323364258, 36];[1, 1.2808866897642587900918442755938, 45];[1, 1.3459001926323561071363599239703, 54];[1, 1.4142135623730950487637880730318, 63];[1, 1.4859942891369484247998401907397, 72];[1, 1.5614183643114201831324172912204, 81];[1, 1.6406707120152758623405693653628, 90];[1, 1.7239456424939554484385867278945, 99];[1, 1.8114473285278133431883457464302, 108];[1, 1.9033903060212392198597864426657, 117];[-1, 1.048828125, 9];[-1, 1.10408782958984375, 18];[-1, 1.16012938320636749267578125, 27];[-1, 1.2190136541903484612703323364258, 36];[-1, 1.2808866897642587900918442755938, 45];[-1, 1.3459001926323561071363599239703, 54];[-1, 1.4142135623730950487637880730318, 63];[-1, 1.4859942891369484247998401907397, 72];[-1, 1.5614183643114201831324172912204, 81];[-1, 1.6406707120152758623405693653628, 90];[-1, 1.7239456424939554484385867278945, 99];[-1, 1.8114473285278133431883457464302, 108];[-1, 1.9033903060212392198597864426657, 117]","[-1, 0.0, 0];[1, 1.0, -1074];[-1, 1.0, -1074];[1, 1.0, -1022];[1, 1.0, 0];[1, 1.0000000000000002220446049250313, 0];[1, 1.9999999999999997779553950749687, -1];[1, 1.9999999999999997779553950749687, 1023];[-1, 1.9999999999999997779553950749687, 1023];[1, 1.5, -852];[1, 1.5, -681];[1, 1.5, -511];[1, 1.5, -340];[1, 1.5, -170];[1, 1.5, 0];[1, 1.5, 171];[1, 1.5, 341];[1, 1.5, 512];[1, 1.5, 682];[1, 1.5, 853];[-1, 1.5, -852];[-1, 1.5, -681];[-1, 1.5, -511];[-1, 1.5, -340];[-1, 1.5, -170];[-1, 1.5, 0];[-1, 1.5, 171];[-1, 1.5, 341];[-1, 1.5, 512];[-1, 1.5, 682];[-1, 1.5, 853];[1, 0.0, 0]","[1, 0.0, 0];[-1, 2.0, -948];[1, 1.0, -1074];[1, 0.0, 0];[1, 1.0, 0];[1, 1.0000000000000002220446049250313, 127];[1, 1.0488281249999998835566866750568, 9];[1, 1.1040878295898436274216270380939, 1042];[-1, 1.1601293832063673638755459720109, 1051];[1, 1.8285204812855226919054985046387, -816];[1, 1.9213300346463881851377664133906, -636];[1, 1.0094251444742670803522699429777, -456];[1, 1.0606601717798212865728410547739, -276];[1, 1.1144957168527113185998801430548, -97];[1, 1.1710637732335651373493129684153, 82];[1, 1.2305030340114568967554270240221, 262];[1, 1.2929592318704665863289400459208, 441];[1, 1.3585854963958600073912593098227, 621];[1, 1.4275427295159294148948398319993, 800];[-1, 1.5732421875, 862];[1, 1.656131744384765625, -834];[1, 1.740194074809551239013671875, -654];[1, 1.8285204812855226919054985046387, -475];[1, 1.9213300346463881851377664133906, -295];[1, 1.0094251444742670803522699429777, -115];[1, 1.0606601717798212865728410547739, 64];[1, 1.1144957168527113185998801430548, 244];[1, 1.1710637732335651373493129684153, 423];[1, 1.2305030340114568967554270240221, 603];[1, 1.2929592318704665863289400459208, 782];[1, 1.3585854963958600073912593098227, 962];[1, 0.0, 0]",32,0
S2_2_7,Integer,BigDecimal,IV32:w_big128|f_b64:shift,32,"[-1, 1.0, 127];[-1, 2.0, 126];[-1, 1.0, 0];[1, 0.0, 0];[1, 1.0, 0];[1, 2.0, 126];[1, 1.048828125, 9];[1, 1.10408782958984375, 18];[1, 1.16012938320636749267578125, 27];[1, 1.2190136541903484612703323364258, 36];[1, 1.2808866897642587900918442755938, 45];[1, 1.3459001926323561071363599239703, 54];[1, 1.4142135623730950487637880730318, 63];[1, 1.4859942891369484247998401907397, 72];[1, 1.5614183643114201831324172912204, 81];[1, 1.6406707120152758623405693653628, 90];[1, 1.7239456424939554484385867278945, 99];[1, 1.8114473285278133431883457464302, 108];[1, 1.9033903060212392198597864426657, 117];[-1, 1.048828125, 9];[-1, 1.10408782958984375, 18];[-1, 1.16012938320636749267578125, 27];[-1, 1.2190136541903484612703323364258, 36];[-1, 1.2808866897642587900918442755938, 45];[-1, 1.3459001926323561071363599239703, 54];[-1, 1.4142135623730950487637880730318, 63];[-1, 1.4859942891369484247998401907397, 72];[-1, 1.5614183643114201831324172912204, 81];[-1, 1.6406707120152758623405693653628, 90];[-1, 1.7239456424939554484385867278945, 99];[-1, 1.8114473285278133431883457464302, 108];[-1, 1.9033903060212392198597864426657, 117]","[-1, 0.0, 0];[1, 1.0120112665365530917624767335946, -1074];[-1, 1.0120112665365530917624767335946, -1074];[1, 1.0000000000000000075996431390427, -1022];[1, 1.0, 0];[1, 1.0000000000000002, 0];[1, 1.9999999999999998, -1];[1, 1.9999999999999997688934766870555, 1023];[-1, 1.9999999999999997688934766870555, 1023];[1, 1.5000000000000000982839164362018, -852];[1, 1.4999999999999999695735805599687, -681];[1, 1.4999999999999999845895418142557, -511];[1, 1.5000000000000000058411183959362, -340];[1, 1.5000000000000000489340475072201, -170];[1, 1.5, 0];[1, 1.5000000000000000786054355441785, 171];[1, 1.5000000000000000822253684141152, 341];[1, 1.500000000000000026151848559796, 512];[1, 1.4999999999999999036866167896554, 682];[1, 1.4999999999999999540518197415502, 853];[-1, 1.5000000000000000982839164362018, -852];[-1, 1.4999999999999999695735805599687, -681];[-1, 1.4999999999999999845895418142557, -511];[-1, 1.5000000000000000058411183959362, -340];[-1, 1.5000000000000000489340475072201, -170];[-1, 1.5, 0];[-1, 1.5000000000000000786054355441785, 171];[-1, 1.5000000000000000822253684141152, 341];[-1, 1.500000000000000026151848559796, 512];[-1, 1.4999999999999999036866167896554, 682];[-1, 1.4999999999999999540518197415502, 853];[1, 0.0, 0]","[1, 0.0, 0];[-1, 1.0120112665365530917624767335946, -947];[1, 1.0120112665365530917624767335946, -1074];[1, 0.0, 0];[1, 1.0, 0];[1, 1.0000000000000002, 127];[1, 1.0488281249999998951171875, 9];[1, 1.1040878295898436224190501356783, 1042];[-1, 1.1601293832063673586190470769929, 1051];[1, 1.8285204812855228117149346276719, -816];[1, 1.92133003464638814616497073547, -636];[1, 1.0094251444742670699818006226047, -456];[1, 1.0606601717798212907031354822538, -276];[1, 1.1144957168527113549577377130973, -97];[1, 1.1710637732335651373493129684153, 82];[1, 1.2305030340114569612382449752912, 262];[1, 1.2929592318704666572049728359078, 441];[1, 1.3585854963958600310776074146759, 621];[1, 1.4275427295159293232338598606599, 800];[-1, 1.5732421874999999518082562523681, 862];[1, 1.6561317443847657335140759816356, -834];[1, 1.7401940748095512037150886568582, -654];[1, 1.8285204812855226731199395588869, -475];[1, 1.9213300346463881926195772200824, -295];[1, 1.0094251444742671132824419261019, -115];[1, 1.0606601717798212865728410547739, 64];[1, 1.1144957168527113770034942999406, 244];[1, 1.1710637732335652015434130954511, 423];[1, 1.2305030340114569182087130225802, 603];[1, 1.2929592318704665033094213962588, 782];[1, 1.358585496395859965774905119881, 962];[-1, 0.0, 0]",32,0
S2_3_2,Rational,Integer,IV32:w_big128|w_big128:shift,32,"[-1, 1.0, 127];[-1, 2.0, 126];[-1, 1.0, 0];[1, 0.0, 0];[1, 1.0, 0];[1, 2.0, 126];[1, 1.048828125, 9];[1, 1.10408782958984375, 18];[1, 1.16012938320636749267578125, 27];[1, 1.2190136541903484612703323364258, 36];[1, 1.2808866897642587900918442755938, 45];[1, 1.3459001926323561071363599239703, 54];[1, 1.4142135623730950487637880730318, 63];[1, 1.4859942891369484247998401907397, 72];[1, 1.5614183643114201831324172912204, 81];[1, 1.6406707120152758623405693653628, 90];[1, 1.7239456424939554484385867278945, 99];[1, 1.8114473285278133431883457464302, 108];[1, 1.9033903060212392198597864426657, 117];[-1, 1.048828125, 9];[-1, 1.10408782958984375, 18];[-1, 1.16012938320636749267578125, 27];[-1, 1.2190136541903484612703323364258, 36];[-1, 1.2808866897642587900918442755938, 45];[-1, 1.3459001926323561071363599239703, 54];[-1, 1.4142135623730950487637880730318, 63];[-1, 1.4859942891369484247998401907397, 72];[-1, 1.5614183643114201831324172912204, 81];[-1, 1.6406707120152758623405693653628, 90];[-1, 1.7239456424939554484385867278945, 99];[-1, 1.8114473285278133431883457464302, 108];[-1, 1.9033903060212392198597864426657, 117]","[-1, 2.0, 126];[-1, 1.0, 0];[1, 0.0, 0];[1, 1.0, 0];[1, 2.0, 126];[1, 1.048828125, 9];[1, 1.10408782958984375, 18];[1, 1.16012938320636749267578125, 27];[1, 1.2190136541903484612703323364258, 36];[1, 1.2808866897642587900918442755938, 45];[1, 1.3459001926323561071363599239703, 54];[1, 1.4142135623730950487637880730318, 63];[1, 1.4859942891369484247998401907397, 72];[1, 1.5614183643114201831324172912204, 81];[1, 1.6406707120152758623405693653628, 90];[1, 1.7239456424939554484385867278945, 99];[1, 1.8114473285278133431883457464302, 108];[1, 1.9033903060212392198597864426657, 117];[-1, 1.048828125, 9];[-1, 1.10408782958984375, 18];[-1, 1.16012938320636749267578125, 27];[-1, 1.2190136541903484612703323364258, 36];[-1, 1.2808866897642587900918442755938, 45];[-1, 1.3459001926323561071363599239703, 54];[-1, 1.4142135623730950487637880730318, 63];[-1, 1.4859942891369484247998401907397, 72];[-1, 1.5614183643114201831324172912204, 81];[-1, 1.6406707120152758623405693653628, 90];[-1, 1.7239456424939554484385867278945, 99];[-1, 1.8114473285278133431883457464302, 108];[-1, 1.9033903060212392198597864426657, 117];[-1, 1.0, 127]","[1, 2.0, 253];[1, 2.0, 126];[1, 0.0, 0];[1, 0.0, 0];[1, 2.0, 126];[1, 1.048828125, 136];[1, 1.15799836814403533935546875, 27];[1, 1.2808847327477224098402075469494, 45];[1, 1.4142135587559891162813541232168, 63];[1, 1.5614183642933083167697542910309, 81];[1, 1.7239456424939368611444059560296, 99];[1, 1.9033903060212391847271258505611, 117];[1, 1.0507566386532194247073657494686, 136];[1, 1.1601293861601627975300491135677, 154];[1, 1.2808866897642725767901458543043, 172];[1, 1.4142135623730950488016887238885, 190];[1, 1.5614183643114201831324175058574, 208];[1, 1.7239456424939554484385867278949, 226];[-1, 1.9963292858074325411420025775615, 126];[1, 1.15799836814403533935546875, 27];[1, 1.2808847327477224098402075469494, 45];[1, 1.4142135587559891162813541232168, 63];[1, 1.5614183642933083167697542910309, 81];[1, 1.7239456424939368611444059560296, 99];[1, 1.9033903060212391847271258505611, 117];[1, 1.0507566386532194247073657494686, 136];[1, 1.1601293861601627975300491135677, 154];[1, 1.2808866897642725767901458543043, 172];[1, 1.4142135623730950488016887238885, 190];[1, 1.5614183643114201831324175058574, 208];[1, 1.7239456424939554484385867278949, 226];[1, 1.9033903060212392198597864426657, 244]",32,0
S2_3_3,Rational,Rational,IV32:w_big128|w_big128:shift,32,"[-1, 1.0, 127];[-1, 2.0, 126];[-1, 1.0, 0];[1, 0.0, 0];[1, 1.0, 0];[1, 2.0, 126];[1, 1.048828125, 9];[1, 1.10408782958984375, 18];[1, 1.16012938320636749267578125, 27];[1, 1.2190136541903484612703323364258, 36];[1, 1.2808866897642587900918442755938, 45];[1, 1.3459001926323561071363599239703, 54];[1, 1.4142135623730950487637880730318, 63];[1, 1.4859942891369484247998401907397, 72];[1, 1.5614183643114201831324172912204, 81];[1, 1.6406707120152758623405693653628, 90];[1, 1.7239456424939554484385867278945, 99];[1, 1.8114473285278133431883457464302, 108];[1, 1.9033903060212392198597864426657, 117];[-1, 1.048828125, 9];[-1, 1.10408782958984375, 18];[-1, 1.16012938320636749267578125, 27];[-1, 1.2190136541903484612703323364258, 36];[-1, 1.2808866897642587900918442755938, 45];[-1, 1.3459001926323561071363599239703, 54];[-1, 1.4142135623730950487637880730318, 63];[-1, 1.4859942891369484247998401907397, 72];[-1, 1.5614183643114201831324172912204, 81];[-1, 1.6406707120152758623405693653628, 90];[-1, 1.7239456424939554484385867278945, 99];[-1, 1.8114473285278133431883457464302, 108];[-1, 1.9033903060212392198597864426657, 117]","[-1, 2.0, 126];[-1, 1.0, 0];[1, 0.0, 0];[1, 1.0, 0];[1, 2.0, 126];[1, 1.048828125, 9];[1, 1.10408782958984375, 18];[1, 1.16012938320636749267578125, 27];[1, 1.2190136541903484612703323364258, 36];[1, 1.2808866897642587900918442755938, 45];[1, 1.3459001926323561071363599239703, 54];[1, 1.4142135623730950487637880730318, 63];[1, 1.4859942891369484247998401907397, 72];[1, 1.5614183643114201831324172912204, 81];[1, 1.6406707120152758623405693653628, 90];[1, 1.7239456424939554484385867278945, 99];[1, 1.8114473285278133431883457464302, 108];[1, 1.9033903060212392198597864426657, 117];[-1, 1.048828125, 9];[-1, 1.10408782958984375, 18];[-1, 1.16012938320636749267578125, 27];[-1, 1.2190136541903484612703323364258, 36];[-1, 1.2808866897642587900918442755938, 45];[-1, 1.3459001926323561071363599239703, 54];[-1, 1.4142135623730950487637880730318, 63];[-1, 1.4859942891369484247998401907397, 72];[-1, 1.5614183643114201831324172912204, 81];[-1, 1.6406707120152758623405693653628, 90];[-1, 1.7239456424939554484385867278945, 99];[-1, 1.8114473285278133431883457464302, 108];[-1, 1.9033903060212392198597864426657, 117];[-1, 1.0, 127]","[1, 2.0, 253];[1, 2.0, 126];[1, 0.0, 0];[1, 0.0, 0];[1, 2.0, 126];[1, 1.048828125, 136];[1, 1.15799836814403533935546875, 27];[1, 1.2808847327477224098402075469494, 45];[1, 1.4142135587559891162813541232168, 63];[1, 1.5614183642933083167697542910309, 81];[1, 1.7239456424939368611444059560296, 99];[1, 1.9033903060212391847271258505611, 117];[1, 1.0507566386532194247073657494686, 136];[1, 1.1601293861601627975300491135677, 154];[1, 1.2808866897642725767901458543043, 172];[1, 1.4142135623730950488016887238885, 190];[1, 1.5614183643114201831324175058574, 208];[1, 1.7239456424939554484385867278949, 226];[-1, 1.9963292858074325411420025775615, 126];[1, 1.15799836814403533935546875, 27];[1, 1.2808847327477224098402075469494, 45];[1, 1.4142135587559891162813541232168, 63];[1, 1.5614183642933083167697542910309, 81];[1, 1.7239456424939368611444059560296, 99];[1, 1.9033903060212391847271258505611, 117];[1, 1.0507566386532194247073657494686, 136];[1, 1.1601293861601627975300491135677, 154];[1, 1.2808866897642725767901458543043, 172];[1, 1.4142135623730950488016887238885, 190];[1, 1.5614183643114201831324175058574, 208];[1, 1.7239456424939554484385867278949, 226];[1, 1.9033903060212392198597864426657, 244]",32,0
S2_3_4,Rational,BigDecimal,IV32:w_big128|w_big128:shift,32,"[-1, 1.0, 127];[-1, 2.0, 126];[-1, 1.0, 0];[1, 0.0, 0];[1, 1.0, 0];[1, 2.0, 126];[1, 1.048828125, 9];[1, 1.10408782958984375, 18];[1, 1.16012938320636749267578125, 27];[1, 1.2190136541903484612703323364258, 36];[1, 1.2808866897642587900918442755938, 45];[1, 1.3459001926323561071363599239703, 54];[1, 1.4142135623730950487637880730318, 63];[1, 1.4859942891369484247998401907397, 72];[1, 1.5614183643114201831324172912204, 81];[1, 1.6406707120152758623405693653628, 90];[1, 1.7239456424939554484385867278945, 99];[1, 1.8114473285278133431883457464302, 108];[1, 1.9033903060212392198597864426657, 117];[-1, 1.048828125, 9];[-1, 1.10408782958984375, 18];[-1, 1.16012938320636749267578125, 27];[-1, 1.2190136541903484612703323364258, 36];[-1, 1.2808866897642587900918442755938, 45];[-1, 1.3459001926323561071363599239703, 54];[-1, 1.4142135623730950487637880730318, 63];[-1, 1.4859942891369484247998401907397, 72];[-1, 1.5614183643114201831324172912204, 81];[-1, 1.6406707120152758623405693653628, 90];[-1, 1.7239456424939554484385867278945, 99];[-1, 1.8114473285278133431883457464302, 108];[-1, 1.9033903060212392198597864426657, 117]","[-1, 2.0, 126];[-1, 1.0, 0];[1, 0.0, 0];[1, 1.0, 0];[1, 2.0, 126];[1, 1.048828125, 9];[1, 1.10408782958984375, 18];[1, 1.16012938320636749267578125, 27];[1, 1.2190136541903484612703323364258, 36];[1, 1.2808866897642587900918442755938, 45];[1, 1.3459001926323561071363599239703, 54];[1, 1.4142135623730950487637880730318, 63];[1, 1.4859942891369484247998401907397, 72];[1, 1.5614183643114201831324172912204, 81];[1, 1.6406707120152758623405693653628, 90];[1, 1.7239456424939554484385867278945, 99];[1, 1.8114473285278133431883457464302, 108];[1, 1.9033903060212392198597864426657, 117];[-1, 1.048828125, 9];[-1, 1.10408782958984375, 18];[-1, 1.16012938320636749267578125, 27];[-1, 1.2190136541903484612703323364258, 36];[-1, 1.2808866897642587900918442755938, 45];[-1, 1.3459001926323561071363599239703, 54];[-1, 1.4142135623730950487637880730318, 63];[-1, 1.4859942891369484247998401907397, 72];[-1, 1.5614183643114201831324172912204, 81];[-1, 1.6406707120152758623405693653628, 90];[-1, 1.7239456424939554484385867278945, 99];[-1, 1.8114473285278133431883457464302, 108];[-1, 1.9033903060212392198597864426657, 117];[-1, 1.0, 127]","[1, 2.0, 253];[1, 1.9999999945872101937192276145832, 126];[-1, 0.0, 0];[1, 0.0, 0];[1, 2.0, 126];[1, 1.0488281221614569082297121377257, 136];[1, 1.15799836814403533935546875, 27];[1, 1.2808847327477224098402075469494, 45];[1, 1.4142135587559891162813541232168, 63];[1, 1.5614183642933083167697542910309, 81];[1, 1.7239456424939368611444059560296, 99];[1, 1.9033903060212391847271258505611, 117];[1, 1.0507566386532194247073657494686, 136];[1, 1.1601293861601627975300491135677, 154];[1, 1.2808866897642725767901458543043, 172];[1, 1.4142135623730950488016887238885, 190];[1, 1.5614183643114201831324175058574, 208];[1, 1.7239456424939554484385867278949, 226];[-1, 1.9963292844904680607939886824358, 126];[1, 1.15799836814403533935546875, 27];[1, 1.2808847327477224098402075469494, 45];[1, 1.4142135587559891162813541232168, 63];[1, 1.5614183642933083167697542910309, 81];[1, 1.7239456424939368611444059560296, 99];[1, 1.9033903060212391847271258505611, 117];[1, 1.0507566386532194247073657494686, 136];[1, 1.1601293861601627975300491135677, 154];[1, 1.2808866897642725767901458543043, 172];[1, 1.4142135623730950488016887238885, 190];[1, 1.5614183643114201831324175058574, 208];[1, 1.7239456424939554484385867278949, 226];[1, 1.9033903060212392198597864426657, 244]",32,0
S2_3_5,Rational,Float,IV32:w_big128|f_b64:shift,32,"[-1, 1.0, 127];[-1, 2.0, 126];[-1, 1.0, 0];[1, 0.0, 0];[1, 1.0, 0];[1, 2.0, 126];[1, 1.048828125, 9];[1, 1.10408782958984375, 18];[1, 1.16012938320636749267578125, 27];[1, 1.2190136541903484612703323364258, 36];[1, 1.2808866897642587900918442755938, 45];[1, 1.3459001926323561071363599239703, 54];[1, 1.4142135623730950487637880730318, 63];[1, 1.4859942891369484247998401907397, 72];[1, 1.5614183643114201831324172912204, 81];[1, 1.6406707120152758623405693653628, 90];[1, 1.7239456424939554484385867278945, 99];[1, 1.8114473285278133431883457464302, 108];[1, 1.9033903060212392198597864426657, 117];[-1, 1.048828125, 9];[-1, 1.10408782958984375, 18];[-1, 1.16012938320636749267578125, 27];[-1, 1.2190136541903484612703323364258, 36];[-1, 1.2808866897642587900918442755938, 45];[-1, 1.3459001926323561071363599239703, 54];[-1, 1.4142135623730950487637880730318, 63];[-1, 1.4859942891369484247998401907397, 72];[-1, 1.5614183643114201831324172912204, 81];[-1, 1.6406707120152758623405693653628, 90];[-1, 1.7239456424939554484385867278945, 99];[-1, 1.8114473285278133431883457464302, 108];[-1, 1.9033903060212392198597864426657, 117]","[-1, 0.0, 0];[1, 1.0, -1074];[-1, 1.0, -1074];[1, 1.0, -1022];[1, 1.0, 0];[1, 1.0000000000000002220446049250313, 0];[1, 1.9999999999999997779553950749687, -1];[1, 1.9999999999999997779553950749687, 1023];[-1, 1.9999999999999997779553950749687, 1023];[1, 1.5, -852];[1, 1.5, -681];[1, 1.5, -511];[1, 1.5, -340];[1, 1.5, -170];[1, 1.5, 0];[1, 1.5, 171];[1, 1.5, 341];[1, 1.5, 512];[1, 1.5, 682];[1, 1.5, 853];[-1, 1.5, -852];[-1, 1.5, -681];[-1, 1.5, -511];[-1, 1.5, -340];[-1, 1.5, -170];[-1, 1.5, 0];[-1, 1.5, 171];[-1, 1.5, 341];[-1, 1.5, 512];[-1, 1.5, 682];[-1, 1.5, 853];[1, 0.0, 0]","[1, 0.0, 0];[-1, 1.0000000000000000525047602552044, -947];[1, 1.0120112665365530917624767335946, -1074];[1, 0.0, 0];[1, 1.0, 0];[1, 1.000000000000000224920926949914, 127];[1, 1.0488281249999998046875, 9];[1, inf];[-1, inf];[1, 1.8285204812855226930742491105108, -816];[1, 1.9213300346463881641837194186663, -636];[1, 1.0094251444742669998742316522302, -456];[1, 1.0606601717798214403403374922127, -276];[1, 1.1144957168527112387382711626064, -97];[1, 1.171063773233565160154093297111, 82];[1, 1.2305030340114568535959316782473, 262];[1, 1.2929592318704665463857828420804, 441];[1, 1.3585854963958601567103428080175, 621];[1, 1.4275427295159293722422152891147, 800];[-1, 1.5732421875000000558706270488629, 862];[1, 1.6561317443847656645286842228131, -834];[1, 1.7401940748095512418639538972717, -654];[1, 1.8285204812855226218960660750065, -475];[1, 1.9213300346463881761569497314146, -295];[1, 1.0094251444742669170957931121027, -115];[1, 1.06066017177982143196435238508, 64];[1, 1.1144957168527112110107034289176, 244];[1, 1.1710637732335651859580714092144, 423];[1, 1.230503034011456983069150513348, 603];[1, 1.2929592318704665473087218243114, 782];[1, 1.3585854963958601375497753001365, 962];[-1, 0.0, 0]",32,0
S2_3_6,Rational,Rational,IV32:w_big128|f_b64:shift,32,"[-1, 1.0, 127];[-1, 2.0, 126];[-1, 1.0, 0];[1, 0.0, 0];[1, 1.0, 0];[1, 2.0, 126];[1, 1.048828125, 9];[1, 1.10408782958984375, 18];[1, 1.16012938320636749267578125, 27];[1, 1.2190136541903484612703323364258, 36];[1, 1.2808866897642587900918442755938, 45];[1, 1.3459001926323561071363599239703, 54];[1, 1.4142135623730950487637880730318, 63];[1, 1.4859942891369484247998401907397, 72];[1, 1.5614183643114201831324172912204, 81];[1, 1.6406707120152758623405693653628, 90];[1, 1.7239456424939554484385867278945, 99];[1, 1.8114473285278133431883457464302, 108];[1, 1.9033903060212392198597864426657, 117];[-1, 1.048828125, 9];[-1, 1.10408782958984375, 18];[-1, 1.16012938320636749267578125, 27];[-1, 1.2190136541903484612703323364258, 36];[-1, 1.2808866897642587900918442755938, 45];[-1, 1.3459001926323561071363599239703, 54];[-1, 1.4142135623730950487637880730318, 63];[-1, 1.4859942891369484247998401907397, 72];[-1, 1.5614183643114201831324172912204, 81];[-1, 1.6406707120152758623405693653628, 90];[-1, 1.7239456424939554484385867278945, 99];[-1, 1.8114473285278133431883457464302, 108];[-1, 1.9033903060212392198597864426657, 117]","[-1, 0.0, 0];[1, 1.0, -1074];[-1, 1.0, -1074];[1, 1.0, -1022];[1, 1.0, 0];[1, 1.0000000000000002220446049250313, 0];[1, 1.9999999999999997779553950749687, -1];[1, 1.9999999999999997779553950749687, 1023];[-1, 1.9999999999999997779553950749687, 1023];[1, 1.5, -852];[1, 1.5, -681];[1, 1.5, -511];[1, 1.5, -340];[1, 1.5, -170];[1, 1.5, 0];[1, 1.5, 171];[1, 1.5, 341];[1, 1.5, 512];[1, 1.5, 682];[1, 1.5, 853];[-1, 1.5, -852];[-1, 1.5, -681];[-1, 1.5, -511];[-1, 1.5, -340];[-1, 1.5, -170];[-1, 1.5, 0];[-1, 1.5, 171];[-1, 1.5, 341];[-1, 1.5, 512];[-1, 1.5, 682];[-1, 1.5, 853];[1, 0.0, 0]","[1, 0.0, 0];[-1, 2.0, -948];[1, 1.0, -1074];[1, 0.0, 0];[1, 1.0, 0];[1, 1.0000000000000002220446049250313, 127];[1, 1.0488281249999998835566866750568, 9];[1, 1.1040878295898436274216270380939, 1042];[-1, 1.1601293832063673638755459720109, 1051];[1, 1.8285204812855226919054985046387, -816];[1, 1.9213300346463881851377664133906, -636];[1, 1.0094251444742670803522699429777, -456];[1, 1.0606601717798212865728410547739, -276];[1, 1.1144957168527113185998801430548, -97];[1, 1.1710637732335651373493129684153, 82];[1, 1.2305030340114568967554270240221, 262];[1, 1.2929592318704665863289400459208, 441];[1, 1.3585854963958600073912593098227, 621];[1, 1.4275427295159294148948398319993, 800];[-1, 1.5732421875, 862];[1, 1.656131744384765625, -834];[1, 1.740194074809551239013671875, -654];[1, 1.8285204812855226919054985046387, -475];[1, 1.9213300346463881851377664133906, -295];[1, 1.0094251444742670803522699429777, -115];[1, 1.0606601717798212865728410547739, 64];[1, 1.1144957168527113185998801430548, 244];[1, 1.1710637732335651373493129684153, 423];[1, 1.2305030340114568967554270240221, 603];[1, 1.2929592318704665863289400459208, 782];[1, 1.3585854963958600073912593098227, 962];[1, 0.0, 0]",32,0
S2_3_7,Rational,BigDecimal,IV32:w_big128|f_b64:shift,32,"[-1, 1.0, 127];[-1, 2.0, 126];[-1, 1.0, 0];[1, 0.0, 0];[1, 1.0, 0];[1, 2.0, 126];[1, 1.048828125, 9];[1, 1.10408782958984375, 18];[1, 1.16012938320636749267578125, 27];[1, 1.2190136541903484612703323364258, 36];[1, 1.2808866897642587900918442755938, 45];[1, 1.3459001926323561071363599239703, 54];[1, 1.4142135623730950487637880730318, 63];[1, 1.4859942891369484247998401907397, 72];[1, 1.5614183643114201831324172912204, 81];[1, 1.6406707120152758623405693653628, 90];[1, 1.7239456424939554484385867278945, 99];[1, 1.8114473285278133431883457464302, 108];[1, 1.9033903060212392198597864426657, 117];[-1, 1.048828125, 9];[-1, 1.10408782958984375, 18];[-1, 1.16012938320636749267578125, 27];[-1, 1.2190136541903484612703323364258, 36];[-1, 1.2808866897642587900918442755938, 45];[-1, 1.3459001926323561071363599239703, 54];[-1, 1.4142135623730950487637880730318, 63];[-1, 1.4859942891369484247998401907397, 72];[-1, 1.5614183643114201831324172912204, 81];[-1, 1.6406707120152758623405693653628, 90];[-1, 1.7239456424939554484385867278945, 99];[-1, 1.8114473285278133431883457464302, 108];[-1, 1.9033903060212392198597864426657, 117]","[-1, 0.0, 0];[1, 1.0120112665365530917624767335946, -1074];[-1, 1.0120112665365530917624767335946, -1074];[1, 1.0000000000000000075996431390427, -1022];[1, 1.0, 0];[1, 1.0000000000000002, 0];[1, 1.9999999999999998, -1];[1, 1.9999999999999997688934766870555, 1023];[-1, 1.9999999999999997688934766870555, 1023];[1, 1.5000000000000000982839164362018, -852];[1, 1.4999999999999999695735805599687, -681];[1, 1.4999999999999999845895418142557, -511];[1, 1.5000000000000000058411183959362, -340];[1, 1.5000000000000000489340475072201, -170];[1, 1.5, 0];[1, 1.5000000000000000786054355441785, 171];[1, 1.5000000000000000822253684141152, 341];[1, 1.500000000000000026151848559796, 512];[1, 1.4999999999999999036866167896554, 682];[1, 1.4999999999999999540518197415502, 853];[-1, 1.5000000000000000982839164362018, -852];[-1, 1.4999999999999999695735805599687, -681];[-1, 1.4999999999999999845895418142557, -511];[-1, 1.5000000000000000058411183959362, -340];[-1, 1.5000000000000000489340475072201, -170];[-1, 1.5, 0];[-1, 1.5000000000000000786054355441785, 171];[-1, 1.5000000000000000822253684141152, 341];[-1, 1.500000000000000026151848559796, 512];[-1, 1.4999999999999999036866167896554, 682];[-1, 1.4999999999999999540518197415502, 853];[1, 0.0, 0]","[1, 0.0, 0];[-1, 1.0120112637976509580873025741726, -947];[1, 1.0120112665365530917624767335946, -1074];[1, 0.0, 0];[1, 1.0, 0];[1, 1.0000000000000002000000000016699, 127];[1, 1.0488281249999998951171875, 9];[1, 1.1040878295898436224190501356783, 1042];[-1, 1.1601293832063673586190470769929, 1051];[1, 1.8285204812855228117149346276719, -816];[1, 1.92133003464638814616497073547, -636];[1, 1.0094251444742670699818006226047, -456];[1, 1.0606601717798212897273535270169, -276];[1, 1.1144957168527113549577377130973, -97];[1, 1.1710637732335651363726506862115, 82];[1, 1.2305030340114569621860871043634, 262];[1, 1.2929592318704666572049728398091, 441];[1, 1.3585854963958600310776074149459, 621];[1, 1.4275427295159293214526228075632, 800];[-1, 1.5732421874999999518082562523681, 862];[1, 1.6561317443847657335140759816356, -834];[1, 1.7401940748095512037150886568582, -654];[1, 1.8285204812855226731199395588869, -475];[1, 1.9213300346463881926195772200824, -295];[1, 1.0094251444742671132824419261019, -115];[1, 1.0606601717798212855970590995369, 64];[1, 1.1144957168527113769772892181349, 244];[1, 1.1710637732335652015434130954511, 423];[1, 1.2305030340114569182087130225802, 603];[1, 1.2929592318704665016612808599956, 782];[1, 1.358585496395859965774905120151, 962];[-1, 0.0, 0]",32,0
S2_4_2,BigDecimal,Integer,IV32:w_big128|w_big128:shift,32,"[-1, 1.0, 127];[-1, 2.0, 126];[-1, 1.0, 0];[1, 0.0, 0];[1, 1.0, 0];[1, 2.0, 126];[1, 1.048828125, 9];[1, 1.10408782958984375, 18];[1, 1.16012938320636749267578125, 27];[1, 1.2190136541903484612703323364258, 36];[1, 1.2808866897642587900918442755938, 45];[1, 1.3459001926323561071363599239703, 54];[1, 1.4142135623730950487637880730318, 63];[1, 1.4859942891369484247998401907397, 72];[1, 1.5614183643114201831324172912204, 81];[1, 1.6406707120152758623405693653628, 90];[1, 1.7239456424939554484385867278945, 99];[1, 1.8114473285278133431883457464302, 108];[1, 1.9033903060212392198597864426657, 117];[-1, 1.048828125, 9];[-1, 1.10408782958984375, 18];[-1, 1.16012938320636749267578125, 27];[-1, 1.2190136541903484612703323364258, 36];[-1, 1.2808866897642587900918442755938, 45];[-1, 1.3459001926323561071363599239703, 54];[-1, 1.4142135623730950487637880730318, 63];[-1, 1.4859942891369484247998401907397, 72];[-1, 1.5614183643114201831324172912204, 81];[-1, 1.6406707120152758623405693653628, 90];[-1, 1.7239456424939554484385867278945, 99];[-1, 1.8114473285278133431883457464302, 108];[-1, 1.9033903060212392198597864426657, 117]","[-1, 2.0, 126];[-1, 1.0, 0];[1, 0.0, 0];[1, 1.0, 0];[1, 2.0, 126];[1, 1.048828125, 9];[1, 1.10408782958984375, 18];[1, 1.16012938320636749267578125, 27];[1, 1.2190136541903484612703323364258, 36];[1, 1.2808866897642587900918442755938, 45];[1, 1.3459001926323561071363599239703, 54];[1, 1.4142135623730950487637880730318, 63];[1, 1.4859942891369484247998401907397, 72];[1, 1.5614183643114201831324172912204, 81];[1, 1.6406707120152758623405693653628, 90];[1, 1.7239456424939554484385867278945, 99];[1, 1.8114473285278133431883457464302, 108];[1, 1.9033903060212392198597864426657, 117];[-1, 1.048828125, 9];[-1, 1.10408782958984375, 18];[-1, 1.16012938320636749267578125, 27];[-1, 1.2190136541903484612703323364258, 36];[-1, 1.2808866897642587900918442755938, 45];[-1, 1.3459001926323561071363599239703, 54];[-1, 1.4142135623730950487637880730318, 63];[-1, 1.4859942891369484247998401907397, 72];[-1, 1.5614183643114201831324172912204, 81];[-1, 1.6406707120152758623405693653628, 90];[-1, 1.7239456424939554484385867278945, 99];[-1, 1.8114473285278133431883457464302, 108];[-1, 1.9033903060212392198597864426657, 117];[-1, 1.0, 127]","[1, 2.0, 253];[1, 2.0, 126];[-1, 0.0, 0];[1, 0.0, 0];[1, 2.0, 126];[1, 1.048828125, 136];[1, 1.15799836814403533935546875, 27];[1, 1.2808847327477224098402075469494, 45];[1, 1.4142135587559891162813541232168, 63];[1, 1.5614183642933083167697542910309, 81];[1, 1.7239456424939368611444059560296, 99];[1, 1.9033903060212391847271258505611, 117];[1, 1.0507566386532194247073657494686, 136];[1, 1.1601293861601627975300491135677, 154];[1, 1.2808866897642725767901458543043, 172];[1, 1.4142135623730950488016887238885, 190];[1, 1.5614183643114201831324175058574, 208];[1, 1.7239456424939554484385867278949, 226];[-1, 1.9963292858074325411420025775615, 126];[1, 1.15799836814403533935546875, 27];[1, 1.2808847327477224098402075469494, 45];[1, 1.4142135587559891162813541232168, 63];[1, 1.5614183642933083167697542910309, 81];[1, 1.7239456424939368611444059560296, 99];[1, 1.9033903060212391847271258505611, 117];[1, 1.0507566386532194247073657494686, 136];[1, 1.1601293861601627975300491135677, 154];[1, 1.2808866897642725767901458543043, 172];[1, 1.4142135623730950488016887238885, 190];[1, 1.5614183643114201831324175058574, 208];[1, 1.7239456424939554484385867278949, 226];[1, 1.9033903060212392198597864426657, 244]",32,0
S2_4_3,BigDecimal,Rational,IV32:w_big128|w_big128:shift,32,"[-1, 1.0, 127];[-1, 2.0, 126];[-1, 1.0, 0];[1, 0.0, 0];[1, 1.0, 0];[1, 2.0, 126];[1, 1.048828125, 9];[1, 1.10408782958984375, 18];[1, 1.16012938320636749267578125, 27];[1, 1.2190136541903484612703323364258, 36];[1, 1.2808866897642587900918442755938, 45];[1, 1.3459001926323561071363599239703, 54];[1, 1.4142135623730950487637880730318, 63];[1, 1.4859942891369484247998401907397, 72];[1, 1.5614183643114201831324172912204, 81];[1, 1.6406707120152758623405693653628, 90];[1, 1.7239456424939554484385867278945, 99];[1, 1.8114473285278133431883457464302, 108];[1, 1.9033903060212392198597864426657, 117];[-1, 1.048828125, 9];[-1, 1.10408782958984375, 18];[-1, 1.16012938320636749267578125, 27];[-1, 1.2190136541903484612703323364258, 36];[-1, 1.2808866897642587900918442755938, 45];[-1, 1.3459001926323561071363599239703, 54];[-1, 1.4142135623730950487637880730318, 63];[-1, 1.4859942891369484247998401907397, 72];[-1, 1.5614183643114201831324172912204, 81];[-1, 1.6406707120152758623405693653628, 90];[-1, 1.7239456424939554484385867278945, 99];[-1, 1.8114473285278133431883457464302, 108];[-1, 1.9033903060212392198597864426657, 117]","[-1, 2.0, 126];[-1, 1.0, 0];[1, 0.0, 0];[1, 1.0, 0];[1, 2.0, 126];[1, 1.048828125, 9];[1, 1.10408782958984375, 18];[1, 1.16012938320636749267578125, 27];[1, 1.2190136541903484612703323364258, 36];[1, 1.2808866897642587900918442755938, 45];[1, 1.3459001926323561071363599239703, 54];[1, 1.4142135623730950487637880730318, 63];[1, 1.4859942891369484247998401907397, 72];[1, 1.5614183643114201831324172912204, 81];[1, 1.6406707120152758623405693653628, 90];[1, 1.7239456424939554484385867278945, 99];[1, 1.8114473285278133431883457464302, 108];[1, 1.9033903060212392198597864426657, 117];[-1, 1.048828125, 9];[-1, 1.10408782958984375, 18];[-1, 1.16012938320636749267578125, 27];[-1, 1.2190136541903484612703323364258, 36];[-1, 1.2808866897642587900918442755938, 45];[-1, 1.3459001926323561071363599239703, 54];[-1, 1.4142135623730950487637880730318, 63];[-1, 1.4859942891369484247998401907397, 72];[-1, 1.5614183643114201831324172912204, 81];[-1, 1.6406707120152758623405693653628, 90];[-1, 1.7239456424939554484385867278945, 99];[-1, 1.8114473285278133431883457464302, 108];[-1, 1.9033903060212392198597864426657, 117];[-1, 1.0, 127]","[1, 2.0, 253];[1, 2.0, 126];[-1, 0.0, 0];[1, 0.0, 0];[1, 1.9999999945872101937192276145832, 126];[1, 1.048828125, 136];[1, 1.15799836814403533935546875, 27];[1, 1.2808847327477224098402075469494, 45];[1, 1.4142135596000943381991832303868, 63];[1, 1.5614183642933083167697542910309, 81];[1, 1.7239456424939368611444059560296, 99];[1, 1.9033903060212391829760523552003, 117];[1, 1.0507566386532194247073657494686, 136];[1, 1.1601293861601627975300491135677, 154];[1, 1.2808866897642725767901458543043, 172];[1, 1.4142135623730950488016887238885, 190];[1, 1.5614183643114201831324175058574, 208];[1, 1.7239456424939554484385867278949, 226];[-1, 1.9963292858074325411420025775615, 126];[1, 1.15799836814403533935546875, 27];[1, 1.2808847327477224098402075469494, 45];[1, 1.4142135596000943381991832303868, 63];[1, 1.5614183642933083167697542910309, 81];[1, 1.7239456424939368611444059560296, 99];[1, 1.9033903060212391829760523552003, 117];[1, 1.0507566386532194247073657494686, 136];[1, 1.1601293861601627975300491135677, 154];[1, 1.2808866897642725767901458543043, 172];[1, 1.4142135623730950488016887238885, 190];[1, 1.5614183643114201831324175058574, 208];[1, 1.7239456424939554484385867278949, 226];[1, 1.9033903060212392198597864426657, 244]",32,0
S2_4_4,BigDecimal,BigDecimal,IV32:w_big128|w_big128:shift,32,"[-1, 1.0, 127];[-1, 2.0, 126];[-1, 1.0, 0];[1, 0.0, 0];[1, 1.0, 0];[1, 2.0, 126];[1, 1.048828125, 9];[1, 1.10408782958984375, 18];[1, 1.16012938320636749267578125, 27];[1, 1.2190136541903484612703323364258, 36];[1, 1.2808866897642587900918442755938, 45];[1, 1.3459001926323561071363599239703, 54];[1, 1.4142135623730950487637880730318, 63];[1, 1.4859942891369484247998401907397, 72];[1, 1.5614183643114201831324172912204, 81];[1, 1.6406707120152758623405693653628, 90];[1, 1.7239456424939554484385867278945, 99];[1, 1.8114473285278133431883457464302, 108];[1, 1.9033903060212392198597864426657, 117];[-1, 1.048828125, 9];[-1, 1.10408782958984375, 18];[-1, 1.16012938320636749267578125, 27];[-1, 1.2190136541903484612703323364258, 36];[-1, 1.2808866897642587900918442755938, 45];[-1, 1.3459001926323561071363599239703, 54];[-1, 1.4142135623730950487637880730318, 63];[-1, 1.4859942891369484247998401907397, 72];[-1, 1.5614183643114201831324172912204, 81];[-1, 1.6406707120152758623405693653628, 90];[-1, 1.7239456424939554484385867278945, 99];[-1, 1.8114473285278133431883457464302, 108];[-1, 1.9033903060212392198597864426657, 117]","[-1, 2.0, 126];[-1, 1.0, 0];[1, 0.0, 0];[1, 1.0, 0];[1, 2.0, 126];[1, 1.048828125, 9];[1, 1.10408782958984375, 18];[1, 1.16012938320636749267578125, 27];[1, 1.2190136541903484612703323364258, 36];[1, 1.2808866897642587900918442755938, 45];[1, 1.3459001926323561071363599239703, 54];[1, 1.4142135623730950487637880730318, 63];[1, 1.4859942891369484247998401907397, 72];[1, 1.5614183643114201831324172912204, 81];[1, 1.6406707120152758623405693653628, 90];[1, 1.7239456424939554484385867278945, 99];[1, 1.8114473285278133431883457464302, 108];[1, 1.9033903060212392198597864426657, 117];[-1, 1.048828125, 9];[-1, 1.10408782958984375, 18];[-1, 1.16012938320636749267578125, 27];[-1, 1.2190136541903484612703323364258, 36];[-1, 1.2808866897642587900918442755938, 45];[-1, 1.3459001926323561071363599239703, 54];[-1, 1.4142135623730950487637880730318, 63];[-1, 1.4859942891369484247998401907397, 72];[-1, 1.5614183643114201831324172912204, 81];[-1, 1.6406707120152758623405693653628, 90];[-1, 1.7239456424939554484385867278945, 99];[-1, 1.8114473285278133431883457464302, 108];[-1, 1.9033903060212392198597864426657, 117];[-1, 1.0, 127]","[1, 2.0, 253];[1, 2.0, 126];[-1, 0.0, 0];[1, 0.0, 0];[1, 2.0, 126];[1, 1.048828125, 136];[1, 1.15799836814403533935546875, 27];[1, 1.2808847327477224098402075469494, 45];[1, 1.4142135587559891162813541232168, 63];[1, 1.5614183642933083167697542910309, 81];[1, 1.7239456424939368611444059560296, 99];[1, 1.9033903060212391847271258505611, 117];[1, 1.0507566386532194247073657494686, 136];[1, 1.1601293861601627975300491135677, 154];[1, 1.2808866897642725767901458543043, 172];[1, 1.4142135623730950488016887238885, 190];[1, 1.5614183643114201831324175058574, 208];[1, 1.7239456424939554484385867278949, 226];[-1, 1.9963292858074325411420025775615, 126];[1, 1.15799836814403533935546875, 27];[1, 1.2808847327477224098402075469494, 45];[1, 1.4142135587559891162813541232168, 63];[1, 1.5614183642933083167697542910309, 81];[1, 1.7239456424939368611444059560296, 99];[1, 1.9033903060212391847271258505611, 117];[1, 1.0507566386532194247073657494686, 136];[1, 1.1601293861601627975300491135677, 154];[1, 1.2808866897642725767901458543043, 172];[1, 1.4142135623730950488016887238885, 190];[1, 1.5614183643114201831324175058574, 208];[1, 1.7239456424939554484385867278949, 226];[1, 1.9033903060212392198597864426657, 244]",32,0
S2_4_5,BigDecimal,Float,IV32:w_big128|f_b64:shift,32,"[-1, 1.0, 127];[-1, 2.0, 126];[-1, 1.0, 0];[1, 0.0, 0];[1, 1.0, 0];[1, 2.0, 126];[1, 1.048828125, 9];[1, 1.10408782958984375, 18];[1, 1.16012938320636749267578125, 27];[1, 1.2190136541903484612703323364258, 36];[1, 1.2808866897642587900918442755938, 45];[1, 1.3459001926323561071363599239703, 54];[1, 1.4142135623730950487637880730318, 63];[1, 1.4859942891369484247998401907397, 72];[1, 1.5614183643114201831324172912204, 81];[1, 1.6406707120152758623405693653628, 90];[1, 1.7239456424939554484385867278945, 99];[1, 1.8114473285278133431883457464302, 108];[1, 1.9033903060212392198597864426657, 117];[-1, 1.048828125, 9];[-1, 1.10408782958984375, 18];[-1, 1.16012938320636749267578125, 27];[-1, 1.2190136541903484612703323364258, 36];[-1, 1.2808866897642587900918442755938, 45];[-1, 1.3459001926323561071363599239703, 54];[-1, 1.4142135623730950487637880730318, 63];[-1, 1.4859942891369484247998401907397, 72];[-1, 1.5614183643114201831324172912204, 81];[-1, 1.6406707120152758623405693653628, 90];[-1, 1.7239456424939554484385867278945, 99];[-1, 1.8114473285278133431883457464302, 108];[-1, 1.9033903060212392198597864426657, 117]","[-1, 0.0, 0];[1, 1.0, -1074];[-1, 1.0, -1074];[1, 1.0, -1022];[1, 1.0, 0];[1, 1.0000000000000002220446049250313, 0];[1, 1.9999999999999997779553950749687, -1];[1, 1.9999999999999997779553950749687, 1023];[-1, 1.9999999999999997779553950749687, 1023];[1, 1.5, -852];[1, 1.5, -681];[1, 1.5, -511];[1, 1.5, -340];[1, 1.5, -170];[1, 1.5, 0];[1, 1.5, 171];[1, 1.5, 341];[1, 1.5, 512];[1, 1.5, 682];[1, 1.5, 853];[-1, 1.5, -852];[-1, 1.5, -681];[-1, 1.5, -511];[-1, 1.5, -340];[-1, 1.5, -170];[-1, 1.5, 0];[-1, 1.5, 171];[-1, 1.5, 341];[-1, 1.5, 512];[-1, 1.5, 682];[-1, 1.5, 853];[1, 0.0, 0]","[1, 0.0, 0];[-1, 1.0120112665365530917624767335946, -947];[1, 1.0120112665365530917624767335946, -1074];[1, 0.0, 0];[1, 1.0, 0];[1, 2.0, 126];[1, 1.0488281249999998951171875, 9];[1, 1.1040878295898431925005808903231, 1042];[-1, 1.1601293832063669068786735417428, 1051];[1, 1.8285204812855228117149346276719, -816];[1, 1.9213300346463880176547232637668, -636];[1, 1.0094251444742670699818006226047, -456];[1, 1.0606601717798212907031354822538, -276];[1, 1.1144957168527109101765615696306, -97];[1, 1.1710637732335651373493129684153, 82];[1, 1.2305030340114569612382449752912, 262];[1, 1.2929592318704666572049728359078, 441];[1, 1.3585854963958596257658656311921, 621];[1, 1.4275427295159293232338598606599, 800];[-1, 1.5732421874999999518082562523681, 862];[1, 1.6561317443847657335140759816356, -834];[1, 1.7401940748095510873203167176762, -654];[1, 1.8285204812855226731199395588869, -475];[1, 1.9213300346463881926195772200824, -295];[1, 1.0094251444742667104336052738311, -115];[1, 1.0606601717798212865728410547739, 64];[1, 1.1144957168527113770034942999406, 244];[1, 1.1710637732335652015434130954511, 423];[1, 1.2305030340114565511082770852569, 603];[1, 1.2929592318704665033094213962588, 782];[1, 1.358585496395859965774905119881, 962];[-1, 0.0, 0]",32,0
S2_4_6,BigDecimal,Rational,IV32:w_big128|f_b64:shift,32,"[-1, 1.0, 127];[-1, 2.0, 126];[-1, 1.0, 0];[1, 0.0, 0];[1, 1.0, 0];[1, 2.0, 126];[1, 1.048828125, 9];[1, 1.10408782958984375, 18];[1, 1.16012938320636749267578125, 27];[1, 1.2190136541903484612703323364258, 36];[1, 1.2808866897642587900918442755938, 45];[1, 1.3459001926323561071363599239703, 54];[1, 1.4142135623730950487637880730318, 63];[1, 1.4859942891369484247998401907397, 72];[1, 1.5614183643114201831324172912204, 81];[1, 1.6406707120152758623405693653628, 90];[1, 1.7239456424939554484385867278945, 99];[1, 1.8114473285278133431883457464302, 108];[1, 1.9033903060212392198597864426657, 117];[-1, 1.048828125, 9];[-1, 1.10408782958984375, 18];[-1, 1.16012938320636749267578125, 27];[-1, 1.2190136541903484612703323364258, 36];[-1, 1.2808866897642587900918442755938, 45];[-1, 1.3459001926323561071363599239703, 54];[-1, 1.4142135623730950487637880730318, 63];[-1, 1.4859942891369484247998401907397, 72];[-1, 1.5614183643114201831324172912204, 81];[-1, 1.6406707120152758623405693653628, 90];[-1, 1.7239456424939554484385867278945, 99];[-1, 1.8114473285278133431883457464302, 108];[-1, 1.9033903060212392198597864426657, 117]","[-1, 0.0, 0];[1, 1.0, -1074];[-1, 1.0, -1074];[1, 1.0, -1022];[1, 1.0, 0];[1, 1.0000000000000002220446049250313, 0];[1, 1.9999999999999997779553950749687, -1];[1, 1.9999999999999997779553950749687, 1023];[-1, 1.9999999999999997779553950749687, 1023];[1, 1.5, -852];[1, 1.5, -681];[1, 1.5, -511];[1, 1.5, -340];[1, 1.5, -170];[1, 1.5, 0];[1, 1.5, 171];[1, 1.5, 341];[1, 1.5, 512];[1, 1.5, 682];[1, 1.5, 853];[-1, 1.5, -852];[-1, 1.5, -681];[-1, 1.5, -511];[-1, 1.5, -340];[-1, 1.5, -170];[-1, 1.5, 0];[-1, 1.5, 171];[-1, 1.5, 341];[-1, 1.5, 512];[-1, 1.5, 682];[-1, 1.5, 853];[1, 0.0, 0]","[-1, 0.0, 0];[-1, 2.0, -948];[1, 1.0000000003213205717898506918868, -1074];[1, 0.0, 0];[1, 1.0, 0];[1, 1.0000000000000002220446049250313, 127];[1, 1.048828125, 9];[1, 1.1040878266035588756595395194288, 1042];[-1, 1.1601293800685040578128887112337, 1051];[1, 1.8285204812855226909116297190987, -816];[1, 1.921330034646388184718044976981, -636];[1, 1.0094251444742670790045862604483, -456];[1, 1.0606601717798212865728410550349, -276];[1, 1.1144957168527113185998801484124, -97];[1, 1.1710637732335651373493129684153, 82];[1, 1.2305030340114568967554270240221, 262];[1, 1.2929592318704665863289400459208, 441];[1, 1.3585854963958600073912593098227, 621];[1, 1.4275427295159294148948398319993, 800];[-1, 1.5732421867027037635645786220839, 862];[1, 1.6561317449710424038711174351156, -834];[1, 1.7401940717080552560586948806772, -654];[1, 1.8285204812855226894642404982486, -475];[1, 1.9213300346463881840129995339073, -295];[1, 1.0094251444742670830687791771816, -115];[1, 1.0606601717798212865728410547739, 64];[1, 1.1144957168527113185998801440218, 244];[1, 1.1710637732335651373493129681181, 423];[1, 1.2305030340114568967554270240221, 603];[1, 1.2929592318704665863289400459208, 782];[1, 1.3585854963958600073912593098227, 962];[-1, 0.0, 0]",32,0
S2_4_7,BigDecimal,BigDecimal,IV32:w_big128|f_b64:shift,32,"[-1, 1.0, 127];[-1, 2.0, 126];[-1, 1.0, 0];[1, 0.0, 0];[1, 1.0, 0];[1, 2.0, 126];[1, 1.048828125, 9];[1, 1.10408782958984375, 18];[1, 1.16012938320636749267578125, 27];[1, 1.2190136541903484612703323364258, 36];[1, 1.2808866897642587900918442755938, 45];[1, 1.3459001926323561071363599239703, 54];[1, 1.4142135623730950487637880730318, 63];[1, 1.4859942891369484247998401907397, 72];[1, 1.5614183643114201831324172912204, 81];[1, 1.6406707120152758623405693653628, 90];[1, 1.7239456424939554484385867278945, 99];[1, 1.8114473285278133431883457464302, 108];[1, 1.9033903060212392198597864426657, 117];[-1, 1.048828125, 9];[-1, 1.10408782958984375, 18];[-1, 1.16012938320636749267578125, 27];[-1, 1.2190136541903484612703323364258, 36];[-1, 1.2808866897642587900918442755938, 45];[-1, 1.3459001926323561071363599239703, 54];[-1, 1.4142135623730950487637880730318, 63];[-1, 1.4859942891369484247998401907397, 72];[-1, 1.5614183643114201831324172912204, 81];[-1, 1.6406707120152758623405693653628, 90];[-1, 1.7239456424939554484385867278945, 99];[-1, 1.8114473285278133431883457464302, 108];[-1, 1.9033903060212392198597864426657, 117]","[-1, 0.0, 0];[1, 1.0120112665365530917624767335946, -1074];[-1, 1.0120112665365530917624767335946, -1074];[1, 1.0000000000000000075996431390427, -1022];[1, 1.0, 0];[1, 1.0000000000000002, 0];[1, 1.9999999999999998, -1];[1, 1.9999999999999997688934766870555, 1023];[-1, 1.9999999999999997688934766870555, 1023];[1, 1.5000000000000000982839164362018, -852];[1, 1.4999999999999999695735805599687, -681];[1, 1.4999999999999999845895418142557, -511];[1, 1.5000000000000000058411183959362, -340];[1, 1.5000000000000000489340475072201, -170];[1, 1.5, 0];[1, 1.5000000000000000786054355441785, 171];[1, 1.5000000000000000822253684141152, 341];[1, 1.500000000000000026151848559796, 512];[1, 1.4999999999999999036866167896554, 682];[1, 1.4999999999999999540518197415502, 853];[-1, 1.5000000000000000982839164362018, -852];[-1, 1.4999999999999999695735805599687, -681];[-1, 1.4999999999999999845895418142557, -511];[-1, 1.5000000000000000058411183959362, -340];[-1, 1.5000000000000000489340475072201, -170];[-1, 1.5, 0];[-1, 1.5000000000000000786054355441785, 171];[-1, 1.5000000000000000822253684141152, 341];[-1, 1.500000000000000026151848559796, 512];[-1, 1.4999999999999999036866167896554, 682];[-1, 1.4999999999999999540518197415502, 853];[1, 0.0, 0]","[1, 0.0, 0];[-1, 1.0120112665365530917624767335946, -947];[1, 1.0120112665365530917624767335946, -1074];[1, 0.0, 0];[1, 1.0, 0];[1, 1.0000000000000002, 127];[1, 1.0488281249999998951171875, 9];[1, 1.1040878295898436224190501356783, 1042];[-1, 1.1601293832063673586190470769929, 1051];[1, 1.8285204812855228117149346276719, -816];[1, 1.92133003464638814616497073547, -636];[1, 1.0094251444742670699818006226047, -456];[1, 1.0606601717798212907031354822538, -276];[1, 1.1144957168527113549577377130973, -97];[1, 1.1710637732335651373493129684153, 82];[1, 1.2305030340114569612382449752912, 262];[1, 1.2929592318704666572049728359078, 441];[1, 1.3585854963958600310776074146759, 621];[1, 1.4275427295159293232338598606599, 800];[-1, 1.5732421874999999518082562523681, 862];[1, 1.6561317443847657335140759816356, -834];[1, 1.7401940748095512037150886568582, -654];[1, 1.8285204812855226731199395588869, -475];[1, 1.9213300346463881926195772200824, -295];[1, 1.0094251444742671132824419261019, -115];[1, 1.0606601717798212865728410547739, 64];[1, 1.1144957168527113770034942999406, 244];[1, 1.1710637732335652015434130954511, 423];[1, 1.2305030340114569182087130225802, 603];[1, 1.2929592318704665033094213962588, 782];[1, 1.358585496395859965774905119881, 962];[-1, 0.0, 0]",32,0
S2_5_2,Float,Integer,IV32:f_b64|w_big128:shift,32,"[1, 0.0, 0];[-1, 0.0, 0];[1, 1.0, -1074];[-1, 1.0, -1074];[1, 1.0, -1022];[1, 1.0, 0];[1, 1.0000000000000002220446049250313, 0];[1, 1.9999999999999997779553950749687, -1];[1, 1.9999999999999997779553950749687, 1023];[-1, 1.9999999999999997779553950749687, 1023];[1, 1.5, -852];[1, 1.5, -681];[1, 1.5, -511];[1, 1.5, -340];[1, 1.5, -170];[1, 1.5, 0];[1, 1.5, 171];[1, 1.5, 341];[1, 1.5, 512];[1, 1.5, 682];[1, 1.5, 853];[-1, 1.5, -852];[-1, 1.5, -681];[-1, 1.5, -511];[-1, 1.5, -340];[-1, 1.5, -170];[-1, 1.5, 0];[-1, 1.5, 171];[-1, 1.5, 341];[-1, 1.5, 512];[-1, 1.5, 682];[-1, 1.5, 853]","[-1, 2.0, 126];[-1, 1.0, 0];[1, 0.0, 0];[1, 1.0, 0];[1, 2.0, 126];[1, 1.048828125, 9];[1, 1.10408782958984375, 18];[1, 1.16012938320636749267578125, 27];[1, 1.2190136541903484612703323364258, 36];[1, 1.2808866897642587900918442755938, 45];[1, 1.3459001926323561071363599239703, 54];[1, 1.4142135623730950487637880730318, 63];[1, 1.4859942891369484247998401907397, 72];[1, 1.5614183643114201831324172912204, 81];[1, 1.6406707120152758623405693653628, 90];[1, 1.7239456424939554484385867278945, 99];[1, 1.8114473285278133431883457464302, 108];[1, 1.9033903060212392198597864426657, 117];[-1, 1.048828125, 9];[-1, 1.10408782958984375, 18];[-1, 1.16012938320636749267578125, 27];[-1, 1.2190136541903484612703323364258, 36];[-1, 1.2808866897642587900918442755938, 45];[-1, 1.3459001926323561071363599239703, 54];[-1, 1.4142135623730950487637880730318, 63];[-1, 1.4859942891369484247998401907397, 72];[-1, 1.5614183643114201831324172912204, 81];[-1, 1.6406707120152758623405693653628, 90];[-1, 1.7239456424939554484385867278945, 99];[-1, 1.8114473285278133431883457464302, 108];[-1, 1.9033903060212392198597864426657, 117];[-1, 1.0, 127]","[-1, 0.0, 0];[1, 0.0, 0];[1, 0.0, 0];[-1, 1.0120112665365530917624767335946, -1074];[1, 1.9999999999999999603183158410409, -896];[1, 1.048828125, 9];[1, 1.1040878295898439788818359375, 18];[1, 1.1601293832063672691583633422852, 27];[1, inf];[-1, inf];[1, 1.0094251444742670424262437408805, -797];[1, 1.0606601717798213960262453366631, -617];[1, 1.1144957168527112014827111490967, -438];[1, 1.1710637732335651617713739991538, -258];[1, 1.2305030340114569418588234979528, -79];[1, 1.2929592318704665846807995096577, 100];[1, 1.3585854963958602154493687700527, 280];[1, 1.4275427295159293036755588781482, 459];[-1, 1.5732421875000000052868452445042, 521];[-1, 1.6561317443847657020598691713298, 700];[-1, 1.7401940748095512045572931109006, 880];[1, 1.8285204812855226930742491105108, -816];[1, 1.9213300346463881641837194186663, -636];[1, 1.0094251444742669998742316522302, -456];[1, 1.0606601717798214403403374922127, -276];[1, 1.1144957168527112387382711626064, -97];[1, 1.171063773233565160154093297111, 82];[1, 1.2305030340114568535959316782473, 262];[1, 1.2929592318704665463857828420804, 441];[1, 1.3585854963958601567103428080175, 621];[1, 1.4275427295159293722422152891147, 800];[1, 1.4999999999999999849764738559943, 980]",32,0
S2_5_3,Float,Rational,IV32:f_b64|w_big128:shift,32,"[1, 0.0, 0];[-1, 0.0, 0];[1, 1.0, -1074];[-1, 1.0, -1074];[1, 1.0, -1022];[1, 1.0, 0];[1, 1.0000000000000002220446049250313, 0];[1, 1.9999999999999997779553950749687, -1];[1, 1.9999999999999997779553950749687, 1023];[-1, 1.9999999999999997779553950749687, 1023];[1, 1.5, -852];[1, 1.5, -681];[1, 1.5, -511];[1, 1.5, -340];[1, 1.5, -170];[1, 1.5, 0];[1, 1.5, 171];[1, 1.5, 341];[1, 1.5, 512];[1, 1.5, 682];[1, 1.5, 853];[-1, 1.5, -852];[-1, 1.5, -681];[-1, 1.5, -511];[-1, 1.5, -340];[-1, 1.5, -170];[-1, 1.5, 0];[-1, 1.5, 171];[-1, 1.5, 341];[-1, 1.5, 512];[-1, 1.5, 682];[-1, 1.5, 853]","[-1, 2.0, 126];[-1, 1.0, 0];[1, 0.0, 0];[1, 1.0, 0];[1, 2.0, 126];[1, 1.048828125, 9];[1, 1.10408782958984375, 18];[1, 1.16012938320636749267578125, 27];[1, 1.2190136541903484612703323364258, 36];[1, 1.2808866897642587900918442755938, 45];[1, 1.3459001926323561071363599239703, 54];[1, 1.4142135623730950487637880730318, 63];[1, 1.4859942891369484247998401907397, 72];[1, 1.5614183643114201831324172912204, 81];[1, 1.6406707120152758623405693653628, 90];[1, 1.7239456424939554484385867278945, 99];[1, 1.8114473285278133431883457464302, 108];[1, 1.9033903060212392198597864426657, 117];[-1, 1.048828125, 9];[-1, 1.10408782958984375, 18];[-1, 1.16012938320636749267578125, 27];[-1, 1.2190136541903484612703323364258, 36];[-1, 1.2808866897642587900918442755938, 45];[-1, 1.3459001926323561071363599239703, 54];[-1, 1.4142135623730950487637880730318, 63];[-1, 1.4859942891369484247998401907397, 72];[-1, 1.5614183643114201831324172912204, 81];[-1, 1.6406707120152758623405693653628, 90];[-1, 1.7239456424939554484385867278945, 99];[-1, 1.8114473285278133431883457464302, 108];[-1, 1.9033903060212392198597864426657, 117];[-1, 1.0, 127]","[-1, 0.0, 0];[1, 0.0, 0];[1, 0.0, 0];[-1, 1.0120112665365530917624767335946, -1074];[1, 1.9999999999999999603183158410409, -896];[1, 1.048828125, 9];[1, 1.1040878295898439788818359375, 18];[1, 1.1601293832063672691583633422852, 27];[1, inf];[-1, inf];[1, 1.0094251444742670424262437408805, -797];[1, 1.0606601717798213960262453366631, -617];[1, 1.1144957168527112014827111490967, -438];[1, 1.1710637732335651617713739991538, -258];[1, 1.2305030340114569418588234979528, -79];[1, 1.2929592318704665846807995096577, 100];[1, 1.3585854963958602154493687700527, 280];[1, 1.4275427295159293036755588781482, 459];[-1, 1.5732421875000000052868452445042, 521];[-1, 1.6561317443847657020598691713298, 700];[-1, 1.7401940748095512045572931109006, 880];[1, 1.8285204812855226930742491105108, -816];[1, 1.9213300346463881641837194186663, -636];[1, 1.0094251444742669998742316522302, -456];[1, 1.0606601717798214403403374922127, -276];[1, 1.1144957168527112387382711626064, -97];[1, 1.171063773233565160154093297111, 82];[1, 1.2305030340114568535959316782473, 262];[1, 1.2929592318704665463857828420804, 441];[1, 1.3585854963958601567103428080175, 621];[1, 1.4275427295159293722422152891147, 800];[1, 1.4999999999999999849764738559943, 980]",32,0
S2_5_4,Float,BigDecimal,IV32:f_b64|w_big128:shift,32,"[1, 0.0, 0];[-1, 0.0, 0];[1, 1.0, -1074];[-1, 1.0, -1074];[1, 1.0, -1022];[1, 1.0, 0];[1, 1.0000000000000002220446049250313, 0];[1, 1.9999999999999997779553950749687, -1];[1, 1.9999999999999997779553950749687, 1023];[-1, 1.9999999999999997779553950749687, 1023];[1, 1.5, -852];[1, 1.5, -681];[1, 1.5, -511];[1, 1.5, -340];[1, 1.5, -170];[1, 1.5, 0];[1, 1.5, 171];[1, 1.5, 341];[1, 1.5, 512];[1, 1.5, 682];[1, 1.5, 853];[-1, 1.5, -852];[-1, 1.5, -681];[-1, 1.5, -511];[-1, 1.5, -340];[-1, 1.5, -170];[-1, 1.5, 0];[-1, 1.5, 171];[-1, 1.5, 341];[-1, 1.5, 512];[-1, 1.5, 682];[-1, 1.5, 853]","[-1, 2.0, 126];[-1, 1.0, 0];[1, 0.0, 0];[1, 1.0, 0];[1, 2.0, 126];[1, 1.048828125, 9];[1, 1.10408782958984375, 18];[1, 1.16012938320636749267578125, 27];[1, 1.2190136541903484612703323364258, 36];[1, 1.2808866897642587900918442755938, 45];[1, 1.3459001926323561071363599239703, 54];[1, 1.4142135623730950487637880730318, 63];[1, 1.4859942891369484247998401907397, 72];[1, 1.5614183643114201831324172912204, 81];[1, 1.6406707120152758623405693653628, 90];[1, 1.7239456424939554484385867278945, 99];[1, 1.8114473285278133431883457464302, 108];[1, 1.9033903060212392198597864426657, 117];[-1, 1.048828125, 9];[-1, 1.10408782958984375, 18];[-1, 1.16012938320636749267578125, 27];[-1, 1.2190136541903484612703323364258, 36];[-1, 1.2808866897642587900918442755938, 45];[-1, 1.3459001926323561071363599239703, 54];[-1, 1.4142135623730950487637880730318, 63];[-1, 1.4859942891369484247998401907397, 72];[-1, 1.5614183643114201831324172912204, 81];[-1, 1.6406707120152758623405693653628, 90];[-1, 1.7239456424939554484385867278945, 99];[-1, 1.8114473285278133431883457464302, 108];[-1, 1.9033903060212392198597864426657, 117];[-1, 1.0, 127]","[-1, 0.0, 0];[1, 0.0, 0];[1, 0.0, 0];[-1, 1.0120112665365530917624767335946, -1074];[1, 1.9999999999999996556606593056223, -896];[1, 1.048828125, 9];[1, 1.10408782958984375, 18];[1, 1.1601293832063673766628429293633, 27];[1, 1.2190136541903478457401309480567, 1060];[-1, 1.2808866897642581433193988677235, 1069];[1, 1.0094251444742671464924409750509, -797];[1, 1.0606601717798211941147052249338, -617];[1, 1.1144957168527113071499537145549, -438];[1, 1.1710637732335651419095277341813, -258];[1, 1.2305030340114564458195238472456, -79];[1, 1.2929592318704665863289400459208, 100];[1, 1.3585854963958600785860624219563, 280];[1, 1.4275427295159294931483244062252, 459];[-1, 1.5732421874999995580777428073043, 521];[-1, 1.6561317443847655186615657708357, 700];[-1, 1.7401940748095511857078378523096, 880];[1, 1.8285204812855228117149346276719, -816];[1, 1.9213300346463880176547232637668, -636];[1, 1.0094251444742670699818006226047, -456];[1, 1.0606601717798212907031354822538, -276];[1, 1.1144957168527109101765615696306, -97];[1, 1.1710637732335651373493129684153, 82];[1, 1.2305030340114569612382449752912, 262];[1, 1.2929592318704666572049728359078, 441];[1, 1.3585854963958596257658656311921, 621];[1, 1.4275427295159293232338598606599, 800];[1, 1.4999999999999999540518197415502, 980]",32,0
S2_5_5,Float,Float,IV32:f_b64|f_b64:shift,32,"[1, 0.0, 0];[-1, 0.0, 0];[1, 1.0, -1074];[-1, 1.0, -1074];[1, 1.0, -1022];[1, 1.0, 0];[1, 1.0000000000000002220446049250313, 0];[1, 1.9999999999999997779553950749687, -1];[1, 1.9999999999999997779553950749687, 1023];[-1, 1.9999999999999997779553950749687, 1023];[1, 1.5, -852];[1, 1.5, -681];[1, 1.5, -511];[1, 1.5, -340];[1, 1.5, -170];[1, 1.5, 0];[1, 1.5, 171];[1, 1.5, 341];[1, 1.5, 512];[1, 1.5, 682];[1, 1.5, 853];[-1, 1.5, -852];[-1, 1.5, -681];[-1, 1.5, -511];[-1, 1.5, -340];[-1, 1.5, -170];[-1, 1.5, 0];[-1, 1.5, 171];[-1, 1.5, 341];[-1, 1.5, 512];[-1, 1.5, 682];[-1, 1.5, 853]","[-1, 0.0, 0];[1, 1.0, -1074];[-1, 1.0, -1074];[1, 1.0, -1022];[1, 1.0, 0];[1, 1.0000000000000002220446049250313, 0];[1, 1.9999999999999997779553950749687, -1];[1, 1.9999999999999997779553950749687, 1023];[-1, 1.9999999999999997779553950749687, 1023];[1, 1.5, -852];[1, 1.5, -681];[1, 1.5, -511];[1, 1.5, -340];[1, 1.5, -170];[1, 1.5, 0];[1, 1.5, 171];[1, 1.5, 341];[1, 1.5, 512];[1, 1.5, 682];[1, 1.5, 853];[-1, 1.5, -852];[-1, 1.5, -681];[-1, 1.5, -511];[-1, 1.5, -340];[-1, 1.5, -170];[-1, 1.5, 0];[-1, 1.5, 171];[-1, 1.5, 341];[-1, 1.5, 512];[-1, 1.5, 682];[-1, 1.5, 853];[1, 0.0, 0]","[-1, 0.0, 0];[-1, 0.0, 0];[-1, 0.0, 0];[-1, 0.0, 0];[1, 1.0000000000000000075996431390427, -1022];[1, 1.0000000000000002, 0];[1, 1.0, 0];[1, 1.9999999999999995463860908363354, 1023];[-1, inf];[-1, 1.499999999999999744509846782654, 172];[1, 0.0, 0];[1, 0.0, 0];[1, 1.1249999999999999235626007510574, -850];[1, 1.1249999999999999884421563606918, -509];[1, 1.1249999999999999618716517990728, -169];[1, 1.1249999999999998919062822773716, 172];[1, 1.124999999999999982322182763846, 513];[1, 1.1249999999999999655388648061626, 854];[1, inf];[1, inf];[-1, 1.125, 2];[1, 0.0, 0];[1, 0.0, 0];[1, 1.1249999999999999235626007510574, -850];[1, 1.1249999999999999884421563606918, -509];[1, 1.1249999999999999618716517990728, -169];[1, 1.1249999999999998919062822773716, 172];[1, 1.124999999999999982322182763846, 513];[1, 1.1249999999999999655388648061626, 854];[1, inf];[1, inf];[-1, 0.0, 0]",32,0
S2_5_6,Float,Rational,IV32:f_b64|f_b64:shift,32,"[1, 0.0, 0];[-1, 0.0, 0];[1, 1.0, -1074];[-1, 1.0, -1074];[1, 1.0, -1022];[1, 1.0, 0];[1, 1.0000000000000002220446049250313, 0];[1, 1.9999999999999997779553950749687, -1];[1, 1.9999999999999997779553950749687, 1023];[-1, 1.9999999999999997779553950749687, 1023];[1, 1.5, -852];[1, 1.5, -681];[1, 1.5, -511];[1, 1.5, -340];[1, 1.5, -170];[1, 1.5, 0];[1, 1.5, 171];[1, 1.5, 341];[1, 1.5, 512];[1, 1.5, 682];[1, 1.5, 853];[-1, 1.5, -852];[-1, 1.5, -681];[-1, 1.5, -511];[-1, 1.5, -340];[-1, 1.5, -170];[-1, 1.5, 0];[-1, 1.5, 171];[-1, 1.5, 341];[-1, 1.5, 512];[-1, 1.5, 682];[-1, 1.5, 853]","[-1, 0.0, 0];[1, 1.0, -1074];[-1, 1.0, -1074];[1, 1.0, -1022];[1, 1.0, 0];[1, 1.0000000000000002220446049250313, 0];[1, 1.9999999999999997779553950749687, -1];[1, 1.9999999999999997779553950749687, 1023];[-1, 1.9999999999999997779553950749687, 1023];[1, 1.5, -852];[1, 1.5, -681];[1, 1.5, -511];[1, 1.5, -340];[1, 1.5, -170];[1, 1.5, 0];[1, 1.5, 171];[1, 1.5, 341];[1, 1.5, 512];[1, 1.5, 682];[1, 1.5, 853];[-1, 1.5, -852];[-1, 1.5, -681];[-1, 1.5, -511];[-1, 1.5, -340];[-1, 1.5, -170];[-1, 1.5, 0];[-1, 1.5, 171];[-1, 1.5, 341];[-1, 1.5, 512];[-1, 1.5, 682];[-1, 1.5, 853];[1, 0.0, 0]","[1, 0.0, 0];[-1, 0.0, 0];[-1, 0.0, 0];[-1, 0.0, 0];[1, 1.0000000000000000075996431390427, -1022];[1, 1.0000000000000002, 0];[1, 1.0, 0];[1, 1.9999999999999995463860908363354, 1023];[-1, inf];[-1, 1.499999999999999744509846782654, 172];[1, 0.0, 0];[1, 0.0, 0];[1, 1.1249999999999999235626007510574, -850];[1, 1.1249999999999999884421563606918, -509];[1, 1.1249999999999999618716517990728, -169];[1, 1.1249999999999998919062822773716, 172];[1, 1.124999999999999982322182763846, 513];[1, 1.1249999999999999655388648061626, 854];[1, inf];[1, inf];[-1, 1.125, 2];[1, 0.0, 0];[1, 0.0, 0];[1, 1.1249999999999999235626007510574, -850];[1, 1.1249999999999999884421563606918, -509];[1, 1.1249999999999999618716517990728, -169];[1, 1.1249999999999998919062822773716, 172];[1, 1.124999999999999982322182763846, 513];[1, 1.1249999999999999655388648061626, 854];[1, inf];[1, inf];[-1, 0.0, 0]",32,0
S2_5_7,Float,BigDecimal,IV32:f_b64|f_b64:shift,32,"[1, 0.0, 0];[-1, 0.0, 0];[1, 1.0, -1074];[-1, 1.0, -1074];[1, 1.0, -1022];[1, 1.0, 0];[1, 1.0000000000000002220446049250313, 0];[1, 1.9999999999999997779553950749687, -1];[1, 1.9999999999999997779553950749687, 1023];[-1, 1.9999999999999997779553950749687, 1023];[1, 1.5, -852];[1, 1.5, -681];[1, 1.5, -511];[1, 1.5, -340];[1, 1.5, -170];[1, 1.5, 0];[1, 1.5, 171];[1, 1.5, 341];[1, 1.5, 512];[1, 1.5, 682];[1, 1.5, 853];[-1, 1.5, -852];[-1, 1.5, -681];[-1, 1.5, -511];[-1, 1.5, -340];[-1, 1.5, -170];[-1, 1.5, 0];[-1, 1.5, 171];[-1, 1.5, 341];[-1, 1.5, 512];[-1, 1.5, 682];[-1, 1.5, 853]","[-1, 0.0, 0];[1, 1.0120112665365530917624767335946, -1074];[-1, 1.0120112665365530917624767335946, -1074];[1, 1.0000000000000000075996431390427, -1022];[1, 1.0, 0];[1, 1.0000000000000002, 0];[1, 1.9999999999999998, -1];[1, 1.9999999999999997688934766870555, 1023];[-1, 1.9999999999999997688934766870555, 1023];[1, 1.5000000000000000982839164362018, -852];[1, 1.4999999999999999695735805599687, -681];[1, 1.4999999999999999845895418142557, -511];[1, 1.5000000000000000058411183959362, -340];[1, 1.5000000000000000489340475072201, -170];[1, 1.5, 0];[1, 1.5000000000000000786054355441785, 171];[1, 1.5000000000000000822253684141152, 341];[1, 1.500000000000000026151848559796, 512];[1, 1.4999999999999999036866167896554, 682];[1, 1.4999999999999999540518197415502, 853];[-1, 1.5000000000000000982839164362018, -852];[-1, 1.4999999999999999695735805599687, -681];[-1, 1.4999999999999999845895418142557, -511];[-1, 1.5000000000000000058411183959362, -340];[-1, 1.5000000000000000489340475072201, -170];[-1, 1.5, 0];[-1, 1.5000000000000000786054355441785, 171];[-1, 1.5000000000000000822253684141152, 341];[-1, 1.500000000000000026151848559796, 512];[-1, 1.4999999999999999036866167896554, 682];[-1, 1.4999999999999999540518197415502, 853];[1, 0.0, 0]","[-1, 0.0, 0];[-1, 0.0, 0];[-1, 1.0241668035969183036294057212011, -2148];[-1, 1.012011266536553099453401211963, -2096];[1, 1.9999999999999996556606593056223, -1023];[1, 1.0000000000000002, 0];[1, 1.9999999999999998, -1];[1, 1.9999999999999995688934766870555, 1023];[-1, 1.9999999999999987590111028965907, 2047];[-1, 1.499999999999999340872136093353, 172];[1, 1.1250000000000000508931227471279, -1532];[1, 1.1249999999999998903754941289715, -1191];[1, 1.1249999999999999928229951576439, -850];[1, 1.1250000000000000410813744273672, -509];[1, 1.1249999999999995877272326423617, -169];[1, 1.1250000000000000589540766581338, 172];[1, 1.1250000000000001206231029687202, 513];[1, 1.1250000000000000812829127304334, 854];[1, 1.1249999999999996117535161080793, 1195];[1, 1.1249999999999998933038273984042, 1536];[-1, 1.125000000000000039251802133314, 2];[1, 1.1250000000000000508931227471279, -1532];[1, 1.1249999999999998903754941289715, -1191];[1, 1.1249999999999999928229951576439, -850];[1, 1.1250000000000000410813744273672, -509];[1, 1.1249999999999995877272326423617, -169];[1, 1.1250000000000000589540766581338, 172];[1, 1.1250000000000001206231029687202, 513];[1, 1.1250000000000000812829127304334, 854];[1, 1.1249999999999996117535161080793, 1195];[1, 1.1249999999999998933038273984042, 1536];[-1, 0.0, 0]",32,0
S2_6_2,Rational,Integer,IV32:f_b64|w_big128:shift,32,"[1, 0.0, 0];[-1, 0.0, 0];[1, 1.0, -1074];[-1, 1.0, -1074];[1, 1.0, -1022];[1, 1.0, 0];[1, 1.0000000000000002220446049250313, 0];[1, 1.9999999999999997779553950749687, -1];[1, 1.9999999999999997779553950749687, 1023];[-1, 1.9999999999999997779553950749687, 1023];[1, 1.5, -852];[1, 1.5, -681];[1, 1.5, -511];[1, 1.5, -340];[1, 1.5, -170];[1, 1.5, 0];[1, 1.5, 171];[1, 1.5, 341];[1, 1.5, 512];[1, 1.5, 682];[1, 1.5, 853];[-1, 1.5, -852];[-1, 1.5, -681];[-1, 1.5, -511];[-1, 1.5, -340];[-1, 1.5, -170];[-1, 1.5, 0];[-1, 1.5, 171];[-1, 1.5, 341];[-1, 1.5, 512];[-1, 1.5, 682];[-1, 1.5, 853]","[-1, 2.0, 126];[-1, 1.0, 0];[1, 0.0, 0];[1, 1.0, 0];[1, 2.0, 126];[1, 1.048828125, 9];[1, 1.10408782958984375, 18];[1, 1.16012938320636749267578125, 27];[1, 1.2190136541903484612703323364258, 36];[1, 1.2808866897642587900918442755938, 45];[1, 1.3459001926323561071363599239703, 54];[1, 1.4142135623730950487637880730318, 63];[1, 1.4859942891369484247998401907397, 72];[1, 1.5614183643114201831324172912204, 81];[1, 1.6406707120152758623405693653628, 90];[1, 1.7239456424939554484385867278945, 99];[1, 1.8114473285278133431883457464302, 108];[1, 1.9033903060212392198597864426657, 117];[-1, 1.048828125, 9];[-1, 1.10408782958984375, 18];[-1, 1.16012938320636749267578125, 27];[-1, 1.2190136541903484612703323364258, 36];[-1, 1.2808866897642587900918442755938, 45];[-1, 1.3459001926323561071363599239703, 54];[-1, 1.4142135623730950487637880730318, 63];[-1, 1.4859942891369484247998401907397, 72];[-1, 1.5614183643114201831324172912204, 81];[-1, 1.6406707120152758623405693653628, 90];[-1, 1.7239456424939554484385867278945, 99];[-1, 1.8114473285278133431883457464302, 108];[-1, 1.9033903060212392198597864426657, 117];[-1, 1.0, 127]","[1, 0.0, 0];[1, 0.0, 0];[1, 0.0, 0];[-1, 1.0, -1074];[1, 2.0, -896];[1, 1.048828125, 9];[1, 1.1040878295898439951567459238121, 18];[1, 1.1601293832063673638755459720109, 27];[1, 1.2190136541903483259326297149685, 1060];[-1, 1.2808866897642586478848547843758, 1069];[1, 1.0094251444742670803522699429777, -797];[1, 1.0606601717798212865728410547739, -617];[1, 1.1144957168527113185998801430548, -438];[1, 1.1710637732335651373493129684153, -258];[1, 1.2305030340114568967554270240221, -79];[1, 1.2929592318704665863289400459208, 100];[1, 1.3585854963958600073912593098227, 280];[1, 1.4275427295159294148948398319993, 459];[-1, 1.5732421875, 521];[-1, 1.656131744384765625, 700];[-1, 1.740194074809551239013671875, 880];[1, 1.8285204812855226919054985046387, -816];[1, 1.9213300346463881851377664133906, -636];[1, 1.0094251444742670803522699429777, -456];[1, 1.0606601717798212865728410547739, -276];[1, 1.1144957168527113185998801430548, -97];[1, 1.1710637732335651373493129684153, 82];[1, 1.2305030340114568967554270240221, 262];[1, 1.2929592318704665863289400459208, 441];[1, 1.3585854963958600073912593098227, 621];[1, 1.4275427295159294148948398319993, 800];[1, 1.5, 980]",32,0
S2_6_3,Rational,Rational,IV32:f_b64|w_big128:shift,32,"[1, 0.0, 0];[-1, 0.0, 0];[1, 1.0, -1074];[-1, 1.0, -1074];[1, 1.0, -1022];[1, 1.0, 0];[1, 1.0000000000000002220446049250313, 0];[1, 1.9999999999999997779553950749687, -1];[1, 1.9999999999999997779553950749687, 1023];[-1, 1.9999999999999997779553950749687, 1023];[1, 1.5, -852];[1, 1.5, -681];[1, 1.5, -511];[1, 1.5, -340];[1, 1.5, -170];[1, 1.5, 0];[1, 1.5, 171];[1, 1.5, 341];[1, 1.5, 512];[1, 1.5, 682];[1, 1.5, 853];[-1, 1.5, -852];[-1, 1.5, -681];[-1, 1.5, -511];[-1, 1.5, -340];[-1, 1.5, -170];[-1, 1.5, 0];[-1, 1.5, 171];[-1, 1.5, 341];[-1, 1.5, 512];[-1, 1.5, 682];[-1, 1.5, 853]","[-1, 2.0, 126];[-1, 1.0, 0];[1, 0.0, 0];[1, 1.0, 0];[1, 2.0, 126];[1, 1.048828125, 9];[1, 1.10408782958984375, 18];[1, 1.16012938320636749267578125, 27];[1, 1.2190136541903484612703323364258, 36];[1, 1.2808866897642587900918442755938, 45];[1, 1.3459001926323561071363599239703, 54];[1, 1.4142135623730950487637880730318, 63];[1, 1.4859942891369484247998401907397, 72];[1, 1.5614183643114201831324172912204, 81];[1, 1.6406707120152758623405693653628, 90];[1, 1.7239456424939554484385867278945, 99];[1, 1.8114473285278133431883457464302, 108];[1, 1.9033903060212392198597864426657, 117];[-1, 1.048828125, 9];[-1, 1.10408782958984375, 18];[-1, 1.16012938320636749267578125, 27];[-1, 1.2190136541903484612703323364258, 36];[-1, 1.2808866897642587900918442755938, 45];[-1, 1.3459001926323561071363599239703, 54];[-1, 1.4142135623730950487637880730318, 63];[-1, 1.4859942891369484247998401907397, 72];[-1, 1.5614183643114201831324172912204, 81];[-1, 1.6406707120152758623405693653628, 90];[-1, 1.7239456424939554484385867278945, 99];[-1, 1.8114473285278133431883457464302, 108];[-1, 1.9033903060212392198597864426657, 117];[-1, 1.0, 127]","[1, 0.0, 0];[1, 0.0, 0];[1, 0.0, 0];[-1, 1.0, -1074];[1, 2.0, -896];[1, 1.048828125, 9];[1, 1.1040878295898439951567459238121, 18];[1, 1.1601293832063673638755459720109, 27];[1, 1.2190136541903483259326297149685, 1060];[-1, 1.2808866897642586478848547843758, 1069];[1, 1.0094251444742670803522699429777, -797];[1, 1.0606601717798212865728410547739, -617];[1, 1.1144957168527113185998801430548, -438];[1, 1.1710637732335651373493129684153, -258];[1, 1.2305030340114568967554270240221, -79];[1, 1.2929592318704665863289400459208, 100];[1, 1.3585854963958600073912593098227, 280];[1, 1.4275427295159294148948398319993, 459];[-1, 1.5732421875, 521];[-1, 1.656131744384765625, 700];[-1, 1.740194074809551239013671875, 880];[1, 1.8285204812855226919054985046387, -816];[1, 1.9213300346463881851377664133906, -636];[1, 1.0094251444742670803522699429777, -456];[1, 1.0606601717798212865728410547739, -276];[1, 1.1144957168527113185998801430548, -97];[1, 1.1710637732335651373493129684153, 82];[1, 1.2305030340114568967554270240221, 262];[1, 1.2929592318704665863289400459208, 441];[1, 1.3585854963958600073912593098227, 621];[1, 1.4275427295159294148948398319993, 800];[1, 1.5, 980]",32,0
S2_6_4,Rational,BigDecimal,IV32:f_b64|w_big128:shift,32,"[1, 0.0, 0];[-1, 0.0, 0];[1, 1.0, -1074];[-1, 1.0, -1074];[1, 1.0, -1022];[1, 1.0, 0];[1, 1.0000000000000002220446049250313, 0];[1, 1.9999999999999997779553950749687, -1];[1, 1.9999999999999997779553950749687, 1023];[-1, 1.9999999999999997779553950749687, 1023];[1, 1.5, -852];[1, 1.5, -681];[1, 1.5, -511];[1, 1.5, -340];[1, 1.5, -170];[1, 1.5, 0];[1, 1.5, 171];[1, 1.5, 341];[1, 1.5, 512];[1, 1.5, 682];[1, 1.5, 853];[-1, 1.5, -852];[-1, 1.5, -681];[-1, 1.5, -511];[-1, 1.5, -340];[-1, 1.5, -170];[-1, 1.5, 0];[-1, 1.5, 171];[-1, 1.5, 341];[-1, 1.5, 512];[-1, 1.5, 682];[-1, 1.5, 853]","[-1, 2.0, 126];[-1, 1.0, 0];[1, 0.0, 0];[1, 1.0, 0];[1, 2.0, 126];[1, 1.048828125, 9];[1, 1.10408782958984375, 18];[1, 1.16012938320636749267578125, 27];[1, 1.2190136541903484612703323364258, 36];[1, 1.2808866897642587900918442755938, 45];[1, 1.3459001926323561071363599239703, 54];[1, 1.4142135623730950487637880730318, 63];[1, 1.4859942891369484247998401907397, 72];[1, 1.5614183643114201831324172912204, 81];[1, 1.6406707120152758623405693653628, 90];[1, 1.7239456424939554484385867278945, 99];[1, 1.8114473285278133431883457464302, 108];[1, 1.9033903060212392198597864426657, 117];[-1, 1.048828125, 9];[-1, 1.10408782958984375, 18];[-1, 1.16012938320636749267578125, 27];[-1, 1.2190136541903484612703323364258, 36];[-1, 1.2808866897642587900918442755938, 45];[-1, 1.3459001926323561071363599239703, 54];[-1, 1.4142135623730950487637880730318, 63];[-1, 1.4859942891369484247998401907397, 72];[-1, 1.5614183643114201831324172912204, 81];[-1, 1.6406707120152758623405693653628, 90];[-1, 1.7239456424939554484385867278945, 99];[-1, 1.8114473285278133431883457464302, 108];[-1, 1.9033903060212392198597864426657, 117];[-1, 1.0, 127]","[-1, 0.0, 0];[-1, 0.0, 0];[1, 0.0, 0];[-1, 1.0000000003213205717898506918868, -1074];[1, 2.0, -896];[1, 1.048828125, 9];[1, 1.10408782958984375, 18];[1, 1.16012938320636749267578125, 27];[1, 1.2190136541903483271903171287118, 1060];[-1, 1.2808866897642586492063781837325, 1069];[1, 1.0094251444742670798036098909302, -797];[1, 1.0606601717798212865728410531665, -617];[1, 1.1144957168527113185998801407442, -438];[1, 1.1710637732335651373493129687036, -258];[1, 1.2305030340114568967554270240221, -79];[1, 1.2929592318704665863289400459208, 100];[1, 1.3585854963958600073912593098227, 280];[1, 1.4275427295159294148948398319993, 459];[-1, 1.5732421878978614041540677106201, 521];[-1, 1.6561317465483523874627994826365, 700];[-1, 1.7401940739276462166740167978254, 880];[1, 1.8285204812855226909116297190987, -816];[1, 1.921330034646388184718044976981, -636];[1, 1.0094251444742670790045862604483, -456];[1, 1.0606601717798212865728410550349, -276];[1, 1.1144957168527113185998801484124, -97];[1, 1.1710637732335651373493129684153, 82];[1, 1.2305030340114568967554270240221, 262];[1, 1.2929592318704665863289400459208, 441];[1, 1.3585854963958600073912593098227, 621];[1, 1.4275427295159294148948398319993, 800];[1, 1.5, 980]",32,0
S2_6_5,Rational,Float,IV32:f_b64|f_b64:shift,32,"[1, 0.0, 0];[-1, 0.0, 0];[1, 1.0, -1074];[-1, 1.0, -1074];[1, 1.0, -1022];[1, 1.0, 0];[1, 1.0000000000000002220446049250313, 0];[1, 1.9999999999999997779553950749687, -1];[1, 1.9999999999999997779553950749687, 1023];[-1, 1.9999999999999997779553950749687, 1023];[1, 1.5, -852];[1, 1.5, -681];[1, 1.5, -511];[1, 1.5, -340];[1, 1.5, -170];[1, 1.5, 0];[1, 1.5, 171];[1, 1.5, 341];[1, 1.5, 512];[1, 1.5, 682];[1, 1.5, 853];[-1, 1.5, -852];[-1, 1.5, -681];[-1, 1.5, -511];[-1, 1.5, -340];[-1, 1.5, -170];[-1, 1.5, 0];[-1, 1.5, 171];[-1, 1.5, 341];[-1, 1.5, 512];[-1, 1.5, 682];[-1, 1.5, 853]","[-1, 0.0, 0];[1, 1.0, -1074];[-1, 1.0, -1074];[1, 1.0, -1022];[1, 1.0, 0];[1, 1.0000000000000002220446049250313, 0];[1, 1.9999999999999997779553950749687, -1];[1, 1.9999999999999997779553950749687, 1023];[-1, 1.9999999999999997779553950749687, 1023];[1, 1.5, -852];[1, 1.5, -681];[1, 1.5, -511];[1, 1.5, -340];[1, 1.5, -170];[1, 1.5, 0];[1, 1.5, 171];[1, 1.5, 341];[1, 1.5, 512];[1, 1.5, 682];[1, 1.5, 853];[-1, 1.5, -852];[-1, 1.5, -681];[-1, 1.5, -511];[-1, 1.5, -340];[-1, 1.5, -170];[-1, 1.5, 0];[-1, 1.5, 171];[-1, 1.5, 341];[-1, 1.5, 512];[-1, 1.5, 682];[-1, 1.5, 853];[1, 0.0, 0]","[-1, 0.0, 0];[1, 0.0, 0];[-1, 0.0, 0];[-1, 0.0, 0];[1, 1.0000000000000000075996431390427, -1022];[1, 1.0000000000000002, 0];[1, 1.0, 0];[1, 1.9999999999999995463860908363354, 1023];[-1, inf];[-1, 1.499999999999999744509846782654, 172];[1, 0.0, 0];[1, 0.0, 0];[1, 1.1249999999999999235626007510574, -850];[1, 1.1249999999999999884421563606918, -509];[1, 1.1249999999999999618716517990728, -169];[1, 1.1249999999999998919062822773716, 172];[1, 1.124999999999999982322182763846, 513];[1, 1.1249999999999999655388648061626, 854];[1, inf];[1, inf];[-1, 1.125, 2];[1, 0.0, 0];[1, 0.0, 0];[1, 1.1249999999999999235626007510574, -850];[1, 1.1249999999999999884421563606918, -509];[1, 1.1249999999999999618716517990728, -169];[1, 1.1249999999999998919062822773716, 172];[1, 1.124999999999999982322182763846, 513];[1, 1.1249999999999999655388648061626, 854];[1, inf];[1, inf];[-1, 0.0, 0]",32,0
S2_6_6,Rational,Rational,IV32:f_b64|f_b64:shift,32,"[1, 0.0, 0];[-1, 0.0, 0];[1, 1.0, -1074];[-1, 1.0, -1074];[1, 1.0, -1022];[1, 1.0, 0];[1, 1.0000000000000002220446049250313, 0];[1, 1.9999999999999997779553950749687, -1];[1, 1.9999999999999997779553950749687, 1023];[-1, 1.9999999999999997779553950749687, 1023];[1, 1.5, -852];[1, 1.5, -681];[1, 1.5, -511];[1, 1.5, -340];[1, 1.5, -170];[1, 1.5, 0];[1, 1.5, 171];[1, 1.5, 341];[1, 1.5, 512];[1, 1.5, 682];[1, 1.5, 853];[-1, 1.5, -852];[-1, 1.5, -681];[-1, 1.5, -511];[-1, 1.5, -340];[-1, 1.5, -170];[-1, 1.5, 0];[-1, 1.5, 171];[-1, 1.5, 341];[-1, 1.5, 512];[-1, 1.5, 682];[-1, 1.5, 853]","[-1, 0.0, 0];[1, 1.0, -1074];[-1, 1.0, -1074];[1, 1.0, -1022];[1, 1.0, 0];[1, 1.0000000000000002220446049250313, 0];[1, 1.9999999999999997779553950749687, -1];[1, 1.9999999999999997779553950749687, 1023];[-1, 1.9999999999999997779553950749687, 1023];[1, 1.5, -852];[1, 1.5, -681];[1, 1.5, -511];[1, 1.5, -340];[1, 1.5, -170];[1, 1.5, 0];[1, 1.5, 171];[1, 1.5, 341];[1, 1.5, 512];[1, 1.5, 682];[1, 1.5, 853];[-1, 1.5, -852];[-1, 1.5, -681];[-1, 1.5, -511];[-1, 1.5, -340];[-1, 1.5, -170];[-1, 1.5, 0];[-1, 1.5, 171];[-1, 1.5, 341];[-1, 1.5, 512];[-1, 1.5, 682];[-1, 1.5, 853];[1, 0.0, 0]","[1, 0.0, 0];[1, 0.0, 0];[-1, 1.0, -2148];[-1, 1.0, -2096];[1, 1.0, -1022];[1, 1.0000000000000002220446049250313, 0];[1, 1.0000000000000001110223024625156, 0];[1, 1.9999999999999995559107901499374, 1023];[-1, 1.9999999999999995559107901499374, 2047];[-1, 1.4999999999999998334665463062265, 172];[1, 1.125, -1532];[1, 1.125, -1191];[1, 1.125, -850];[1, 1.125, -509];[1, 1.125, -169];[1, 1.125, 172];[1, 1.125, 513];[1, 1.125, 854];[1, 1.125, 1195];[1, 1.125, 1536];[-1, 1.125, 2];[1, 1.125, -1532];[1, 1.125, -1191];[1, 1.125, -850];[1, 1.125, -509];[1, 1.125, -169];[1, 1.125, 172];[1, 1.125, 513];[1, 1.125, 854];[1, 1.125, 1195];[1, 1.125, 1536];[1, 0.0, 0]",32,0
S2_6_7,Rational,BigDecimal,IV32:f_b64|f_b64:shift,32,"[1, 0.0, 0];[-1, 0.0, 0];[1, 1.0, -1074];[-1, 1.0, -1074];[1, 1.0, -1022];[1, 1.0, 0];[1, 1.0000000000000002220446049250313, 0];[1, 1.9999999999999997779553950749687, -1];[1, 1.9999999999999997779553950749687, 1023];[-1, 1.9999999999999997779553950749687, 1023];[1, 1.5, -852];[1, 1.5, -681];[1, 1.5, -511];[1, 1.5, -340];[1, 1.5, -170];[1, 1.5, 0];[1, 1.5, 171];[1, 1.5, 341];[1, 1.5, 512];[1, 1.5, 682];[1, 1.5, 853];[-1, 1.5, -852];[-1, 1.5, -681];[-1, 1.5, -511];[-1, 1.5, -340];[-1, 1.5, -170];[-1, 1.5, 0];[-1, 1.5, 171];[-1, 1.5, 341];[-1, 1.5, 512];[-1, 1.5, 682];[-1, 1.5, 853]","[-1, 0.0, 0];[1, 1.0120112665365530917624767335946, -1074];[-1, 1.0120112665365530917624767335946, -1074];[1, 1.0000000000000000075996431390427, -1022];[1, 1.0, 0];[1, 1.0000000000000002, 0];[1, 1.9999999999999998, -1];[1, 1.9999999999999997688934766870555, 1023];[-1, 1.9999999999999997688934766870555, 1023];[1, 1.5000000000000000982839164362018, -852];[1, 1.4999999999999999695735805599687, -681];[1, 1.4999999999999999845895418142557, -511];[1, 1.5000000000000000058411183959362, -340];[1, 1.5000000000000000489340475072201, -170];[1, 1.5, 0];[1, 1.5000000000000000786054355441785, 171];[1, 1.5000000000000000822253684141152, 341];[1, 1.500000000000000026151848559796, 512];[1, 1.4999999999999999036866167896554, 682];[1, 1.4999999999999999540518197415502, 853];[-1, 1.5000000000000000982839164362018, -852];[-1, 1.4999999999999999695735805599687, -681];[-1, 1.4999999999999999845895418142557, -511];[-1, 1.5000000000000000058411183959362, -340];[-1, 1.5000000000000000489340475072201, -170];[-1, 1.5, 0];[-1, 1.5000000000000000786054355441785, 171];[-1, 1.5000000000000000822253684141152, 341];[-1, 1.500000000000000026151848559796, 512];[-1, 1.4999999999999999036866167896554, 682];[-1, 1.4999999999999999540518197415502, 853];[1, 0.0, 0]","[-1, 0.0, 0];[1, 0.0, 0];[-1, 1.0120112668617331305837729644826, -2148];[-1, 1.0000000000000000072422639236399, -2096];[1, 1.0000000006708984563376622339967, -1022];[1, 1.0000000000000002, 0];[1, 1.00000000000000012, 0];[1, 1.9999999999999995468488717610555, 1023];[-1, 1.9999999999999995468488717650091, 2047];[-1, 1.499999999999999931750462744667, 172];[1, 1.1249999999999999771801854191891, -1532];[1, 1.1249999999999999881963960761773, -1191];[1, 1.1250000000000000028788511051008, -850];[1, 1.125000000000000036700535630692, -509];[1, 1.125000000000000003027537906311, -169];[1, 1.1250000000000000589540766581338, 172];[1, 1.1250000000000000616690263115625, 513];[1, 1.1250000000000000196138864195615, 854];[1, 1.1249999999999999250038268184879, 1195];[1, 1.1249999999999999655388648074255, 1536];[-1, 1.1250000000000000737129373265756, 2];[1, 1.1249999999999999771801854191891, -1532];[1, 1.1249999999999999881963960761773, -1191];[1, 1.1250000000000000028788511051008, -850];[1, 1.125000000000000036700535630692, -509];[1, 1.125000000000000003027537906311, -169];[1, 1.1250000000000000589540766581338, 172];[1, 1.1250000000000000616690263115625, 513];[1, 1.1250000000000000196138864195615, 854];[1, 1.1249999999999999250038268184879, 1195];[1, 1.1249999999999999655388648074255, 1536];[-1, 0.0, 0]",32,0
S2_7_2,BigDecimal,Integer,IV32:f_b64|w_big128:shift,32,"[1, 0.0, 0];[-1, 0.0, 0];[1, 1.0120112665365530917624767335946, -1074];[-1, 1.0120112665365530917624767335946, -1074];[1, 1.0000000000000000075996431390427, -1022];[1, 1.0, 0];[1, 1.0000000000000002, 0];[1, 1.9999999999999998, -1];[1, 1.9999999999999997688934766870555, 1023];[-1, 1.9999999999999997688934766870555, 1023];[1, 1.5000000000000000982839164362018, -852];[1, 1.4999999999999999695735805599687, -681];[1, 1.4999999999999999845895418142557, -511];[1, 1.5000000000000000058411183959362, -340];[1, 1.5000000000000000489340475072201, -170];[1, 1.5, 0];[1, 1.5000000000000000786054355441785, 171];[1, 1.5000000000000000822253684141152, 341];[1, 1.500000000000000026151848559796, 512];[1, 1.4999999999999999036866167896554, 682];[1, 1.4999999999999999540518197415502, 853];[-1, 1.5000000000000000982839164362018, -852];[-1, 1.4999999999999999695735805599687, -681];[-1, 1.4999999999999999845895418142557, -511];[-1, 1.5000000000000000058411183959362, -340];[-1, 1.5000000000000000489340475072201, -170];[-1, 1.5, 0];[-1, 1.5000000000000000786054355441785, 171];[-1, 1.5000000000000000822253684141152, 341];[-1, 1.500000000000000026151848559796, 512];[-1, 1.4999999999999999036866167896554, 682];[-1, 1.4999999999999999540518197415502, 853]","[-1, 2.0, 126];[-1, 1.0, 0];[1, 0.0, 0];[1, 1.0, 0];[1, 2.0, 126];[1, 1.048828125, 9];[1, 1.10408782958984375, 18];[1, 1.16012938320636749267578125, 27];[1, 1.2190136541903484612703323364258, 36];[1, 1.2808866897642587900918442755938, 45];[1, 1.3459001926323561071363599239703, 54];[1, 1.4142135623730950487637880730318, 63];[1, 1.4859942891369484247998401907397, 72];[1, 1.5614183643114201831324172912204, 81];[1, 1.6406707120152758623405693653628, 90];[1, 1.7239456424939554484385867278945, 99];[1, 1.8114473285278133431883457464302, 108];[1, 1.9033903060212392198597864426657, 117];[-1, 1.048828125, 9];[-1, 1.10408782958984375, 18];[-1, 1.16012938320636749267578125, 27];[-1, 1.2190136541903484612703323364258, 36];[-1, 1.2808866897642587900918442755938, 45];[-1, 1.3459001926323561071363599239703, 54];[-1, 1.4142135623730950487637880730318, 63];[-1, 1.4859942891369484247998401907397, 72];[-1, 1.5614183643114201831324172912204, 81];[-1, 1.6406707120152758623405693653628, 90];[-1, 1.7239456424939554484385867278945, 99];[-1, 1.8114473285278133431883457464302, 108];[-1, 1.9033903060212392198597864426657, 117];[-1, 1.0, 127]","[-1, 0.0, 0];[1, 0.0, 0];[1, 0.0, 0];[-1, 1.0120112665365530917624767335946, -1074];[1, 1.0000000000000000075996431390427, -895];[1, 1.048828125, 9];[1, 1.1040878295898439708175659179688, 18];[1, 1.1601293832063673766628429293633, 27];[1, 1.2190136541903483204093285909561, 1060];[-1, 1.2808866897642586420812094609718, 1069];[1, 1.0094251444742671464924409750509, -797];[1, 1.0606601717798212650581135415015, -617];[1, 1.1144957168527113071499537145549, -438];[1, 1.1710637732335651419095277341813, -258];[1, 1.2305030340114569368977563067521, -79];[1, 1.2929592318704665863289400459208, 100];[1, 1.3585854963958600785860624219563, 280];[1, 1.4275427295159294931483244062252, 459];[-1, 1.5732421875000000274287942902548, 521];[-1, 1.6561317443847655186615657708357, 700];[-1, 1.7401940748095511857078378523096, 880];[1, 1.8285204812855228117149346276719, -816];[1, 1.92133003464638814616497073547, -636];[1, 1.0094251444742670699818006226047, -456];[1, 1.0606601717798212907031354822538, -276];[1, 1.1144957168527113549577377130973, -97];[1, 1.1710637732335651373493129684153, 82];[1, 1.2305030340114569612382449752912, 262];[1, 1.2929592318704666572049728359078, 441];[1, 1.3585854963958600310776074146759, 621];[1, 1.4275427295159293232338598606599, 800];[1, 1.4999999999999999540518197415502, 980]",32,0
S2_7_3,BigDecimal,Rational,IV32:f_b64|w_big128:shift,32,"[1, 0.0, 0];[-1, 0.0, 0];[1, 1.0120112665365530917624767335946, -1074];[-1, 1.0120112665365530917624767335946, -1074];[1, 1.0000000000000000075996431390427, -1022];[1, 1.0, 0];[1, 1.0000000000000002, 0];[1, 1.9999999999999998, -1];[1, 1.9999999999999997688934766870555, 1023];[-1, 1.9999999999999997688934766870555, 1023];[1, 1.5000000000000000982839164362018, -852];[1, 1.4999999999999999695735805599687, -681];[1, 1.4999999999999999845895418142557, -511];[1, 1.5000000000000000058411183959362, -340];[1, 1.5000000000000000489340475072201, -170];[1, 1.5, 0];[1, 1.5000000000000000786054355441785, 171];[1, 1.5000000000000000822253684141152, 341];[1, 1.500000000000000026151848559796, 512];[1, 1.4999999999999999036866167896554, 682];[1, 1.4999999999999999540518197415502, 853];[-1, 1.5000000000000000982839164362018, -852];[-1, 1.4999999999999999695735805599687, -681];[-1, 1.4999999999999999845895418142557, -511];[-1, 1.5000000000000000058411183959362, -340];[-1, 1.5000000000000000489340475072201, -170];[-1, 1.5, 0];[-1, 1.5000000000000000786054355441785, 171];[-1, 1.5000000000000000822253684141152, 341];[-1, 1.500000000000000026151848559796, 512];[-1, 1.4999999999999999036866167896554, 682];[-1, 1.4999999999999999540518197415502, 853]","[-1, 2.0, 126];[-1, 1.0, 0];[1, 0.0, 0];[1, 1.0, 0];[1, 2.0, 126];[1, 1.048828125, 9];[1, 1.10408782958984375, 18];[1, 1.16012938320636749267578125, 27];[1, 1.2190136541903484612703323364258, 36];[1, 1.2808866897642587900918442755938, 45];[1, 1.3459001926323561071363599239703, 54];[1, 1.4142135623730950487637880730318, 63];[1, 1.4859942891369484247998401907397, 72];[1, 1.5614183643114201831324172912204, 81];[1, 1.6406707120152758623405693653628, 90];[1, 1.7239456424939554484385867278945, 99];[1, 1.8114473285278133431883457464302, 108];[1, 1.9033903060212392198597864426657, 117];[-1, 1.048828125, 9];[-1, 1.10408782958984375, 18];[-1, 1.16012938320636749267578125, 27];[-1, 1.2190136541903484612703323364258, 36];[-1, 1.2808866897642587900918442755938, 45];[-1, 1.3459001926323561071363599239703, 54];[-1, 1.4142135623730950487637880730318, 63];[-1, 1.4859942891369484247998401907397, 72];[-1, 1.5614183643114201831324172912204, 81];[-1, 1.6406707120152758623405693653628, 90];[-1, 1.7239456424939554484385867278945, 99];[-1, 1.8114473285278133431883457464302, 108];[-1, 1.9033903060212392198597864426657, 117];[-1, 1.0, 127]","[-1, 0.0, 0];[1, 0.0, 0];[1, 0.0, 0];[-1, 1.0120112665365530917624767335946, -1074];[1, 1.0000000000000000091766434327221, -895];[1, 1.048828125, 9];[1, 1.1040878295898439708175659179688, 18];[1, 1.1601293832063673766628429293633, 27];[1, 1.2190136541903483204093285909561, 1060];[-1, 1.2808866897642586420812094609718, 1069];[1, 1.0094251444742671464924409750509, -797];[1, 1.0606601717798212650581135415015, -617];[1, 1.1144957168527113071237486327492, -438];[1, 1.1710637732335651409328654519775, -258];[1, 1.2305030340114569368977563067521, -79];[1, 1.2929592318704665846807995096577, 100];[1, 1.3585854963958600793990326061366, 280];[1, 1.4275427295159294931483244061458, 459];[-1, 1.5732421875000000274287942902548, 521];[-1, 1.6561317443847655186615657708357, 700];[-1, 1.7401940748095511857078378523096, 880];[1, 1.8285204812855228117149346276719, -816];[1, 1.92133003464638814616497073547, -636];[1, 1.0094251444742670699818006226047, -456];[1, 1.0606601717798212897273535270169, -276];[1, 1.1144957168527113549577377130973, -97];[1, 1.1710637732335651363726506862115, 82];[1, 1.2305030340114569621860871043634, 262];[1, 1.2929592318704666572049728398091, 441];[1, 1.3585854963958600310776074149459, 621];[1, 1.4275427295159293214526228075632, 800];[1, 1.499999999999999954051819744055, 980]",32,0
S2_7_4,BigDecimal,BigDecimal,IV32:f_b64|w_big128:shift,32,"[1, 0.0, 0];[-1, 0.0, 0];[1, 1.0120112665365530917624767335946, -1074];[-1, 1.0120112665365530917624767335946, -1074];[1, 1.0000000000000000075996431390427, -1022];[1, 1.0, 0];[1, 1.0000000000000002, 0];[1, 1.9999999999999998, -1];[1, 1.9999999999999997688934766870555, 1023];[-1, 1.9999999999999997688934766870555, 1023];[1, 1.5000000000000000982839164362018, -852];[1, 1.4999999999999999695735805599687, -681];[1, 1.4999999999999999845895418142557, -511];[1, 1.5000000000000000058411183959362, -340];[1, 1.5000000000000000489340475072201, -170];[1, 1.5, 0];[1, 1.5000000000000000786054355441785, 171];[1, 1.5000000000000000822253684141152, 341];[1, 1.500000000000000026151848559796, 512];[1, 1.4999999999999999036866167896554, 682];[1, 1.4999999999999999540518197415502, 853];[-1, 1.5000000000000000982839164362018, -852];[-1, 1.4999999999999999695735805599687, -681];[-1, 1.4999999999999999845895418142557, -511];[-1, 1.5000000000000000058411183959362, -340];[-1, 1.5000000000000000489340475072201, -170];[-1, 1.5, 0];[-1, 1.5000000000000000786054355441785, 171];[-1, 1.5000000000000000822253684141152, 341];[-1, 1.500000000000000026151848559796, 512];[-1, 1.4999999999999999036866167896554, 682];[-1, 1.4999999999999999540518197415502, 853]","[-1, 2.0, 126];[-1, 1.0, 0];[1, 0.0, 0];[1, 1.0, 0];[1, 2.0, 126];[1, 1.048828125, 9];[1, 1.10408782958984375, 18];[1, 1.16012938320636749267578125, 27];[1, 1.2190136541903484612703323364258, 36];[1, 1.2808866897642587900918442755938, 45];[1, 1.3459001926323561071363599239703, 54];[1, 1.4142135623730950487637880730318, 63];[1, 1.4859942891369484247998401907397, 72];[1, 1.5614183643114201831324172912204, 81];[1, 1.6406707120152758623405693653628, 90];[1, 1.7239456424939554484385867278945, 99];[1, 1.8114473285278133431883457464302, 108];[1, 1.9033903060212392198597864426657, 117];[-1, 1.048828125, 9];[-1, 1.10408782958984375, 18];[-1, 1.16012938320636749267578125, 27];[-1, 1.2190136541903484612703323364258, 36];[-1, 1.2808866897642587900918442755938, 45];[-1, 1.3459001926323561071363599239703, 54];[-1, 1.4142135623730950487637880730318, 63];[-1, 1.4859942891369484247998401907397, 72];[-1, 1.5614183643114201831324172912204, 81];[-1, 1.6406707120152758623405693653628, 90];[-1, 1.7239456424939554484385867278945, 99];[-1, 1.8114473285278133431883457464302, 108];[-1, 1.9033903060212392198597864426657, 117];[-1, 1.0, 127]","[-1, 0.0, 0];[1, 0.0, 0];[1, 0.0, 0];[-1, 1.0120112665365530917624767335946, -1074];[1, 1.0000000000000000075996431390427, -895];[1, 1.048828125, 9];[1, 1.1040878295898439708175659179688, 18];[1, 1.1601293832063673766628429293633, 27];[1, 1.2190136541903483204093285909561, 1060];[-1, 1.2808866897642586420812094609718, 1069];[1, 1.0094251444742671464924409750509, -797];[1, 1.0606601717798212650581135415015, -617];[1, 1.1144957168527113071499537145549, -438];[1, 1.1710637732335651419095277341813, -258];[1, 1.2305030340114569368977563067521, -79];[1, 1.2929592318704665863289400459208, 100];[1, 1.3585854963958600785860624219563, 280];[1, 1.4275427295159294931483244062252, 459];[-1, 1.5732421875000000274287942902548, 521];[-1, 1.6561317443847655186615657708357, 700];[-1, 1.7401940748095511857078378523096, 880];[1, 1.8285204812855228117149346276719, -816];[1, 1.92133003464638814616497073547, -636];[1, 1.0094251444742670699818006226047, -456];[1, 1.0606601717798212907031354822538, -276];[1, 1.1144957168527113549577377130973, -97];[1, 1.1710637732335651373493129684153, 82];[1, 1.2305030340114569612382449752912, 262];[1, 1.2929592318704666572049728359078, 441];[1, 1.3585854963958600310776074146759, 621];[1, 1.4275427295159293232338598606599, 800];[1, 1.4999999999999999540518197415502, 980]",32,0
S2_7_5,BigDecimal,Float,IV32:f_b64|f_b64:shift,32,"[1, 0.0, 0];[-1, 0.0, 0];[1, 1.0120112665365530917624767335946, -1074];[-1, 1.0120112665365530917624767335946, -1074];[1, 1.0000000000000000075996431390427, -1022];[1, 1.0, 0];[1, 1.0000000000000002, 0];[1, 1.9999999999999998, -1];[1, 1.9999999999999997688934766870555, 1023];[-1, 1.9999999999999997688934766870555, 1023];[1, 1.5000000000000000982839164362018, -852];[1, 1.4999999999999999695735805599687, -681];[1, 1.4999999999999999845895418142557, -511];[1, 1.5000000000000000058411183959362, -340];[1, 1.5000000000000000489340475072201, -170];[1, 1.5, 0];[1, 1.5000000000000000786054355441785, 171];[1, 1.5000000000000000822253684141152, 341];[1, 1.500000000000000026151848559796, 512];[1, 1.4999999999999999036866167896554, 682];[1, 1.4999999999999999540518197415502, 853];[-1, 1.5000000000000000982839164362018, -852];[-1, 1.4999999999999999695735805599687, -681];[-1, 1.4999999999999999845895418142557, -511];[-1, 1.5000000000000000058411183959362, -340];[-1, 1.5000000000000000489340475072201, -170];[-1, 1.5, 0];[-1, 1.5000000000000000786054355441785, 171];[-1, 1.5000000000000000822253684141152, 341];[-1, 1.500000000000000026151848559796, 512];[-1, 1.4999999999999999036866167896554, 682];[-1, 1.4999999999999999540518197415502, 853]","[-1, 0.0, 0];[1, 1.0, -1074];[-1, 1.0, -1074];[1, 1.0, -1022];[1, 1.0, 0];[1, 1.0000000000000002220446049250313, 0];[1, 1.9999999999999997779553950749687, -1];[1, 1.9999999999999997779553950749687, 1023];[-1, 1.9999999999999997779553950749687, 1023];[1, 1.5, -852];[1, 1.5, -681];[1, 1.5, -511];[1, 1.5, -340];[1, 1.5, -170];[1, 1.5, 0];[1, 1.5, 171];[1, 1.5, 341];[1, 1.5, 512];[1, 1.5, 682];[1, 1.5, 853];[-1, 1.5, -852];[-1, 1.5, -681];[-1, 1.5, -511];[-1, 1.5, -340];[-1, 1.5, -170];[-1, 1.5, 0];[-1, 1.5, 171];[-1, 1.5, 341];[-1, 1.5, 512];[-1, 1.5, 682];[-1, 1.5, 853];[1, 0.0, 0]","[-1, 0.0, 0];[-1, 0.0, 0];[-1, 1.0241668035969183036294057212011, -2148];[-1, 1.0120112665365529175248305863552, -2096];[1, 1.0000000000000000075996431390427, -1022];[1, 1.0, 0];[1, 1.0000000000000001, 0];[1, 1.9999999999999987901176262095351, 1023];[-1, 1.9999999999999987590111028965907, 2047];[-1, 1.4999999999999999249540239514934, 172];[1, 1.1249999999999999756462750954311, -1532];[1, 1.1249999999999999656223417806683, -1191];[1, 1.1249999999999999928229951576439, -850];[1, 1.1249999999999995921080714393138, -509];[1, 1.1250000000000000367005356304151, -169];[1, 1.1250000000000000589540766581338, 172];[1, 1.1250000000000001206231029687202, 513];[1, 1.1249999999999997456575798264241, 854];[1, 1.1249999999999999473788490120885, 1195];[1, 1.1249999999999998933038273984042, 1536];[-1, 1.125000000000000039251802133314, 2];[1, 1.1249999999999999756462750954311, -1532];[1, 1.1249999999999999656223417806683, -1191];[1, 1.1249999999999999928229951576439, -850];[1, 1.1249999999999995921080714393138, -509];[1, 1.1250000000000000367005356304151, -169];[1, 1.1250000000000000589540766581338, 172];[1, 1.1250000000000001206231029687202, 513];[1, 1.1249999999999997456575798264241, 854];[1, 1.1249999999999999473788490120885, 1195];[1, 1.1249999999999998933038273984042, 1536];[-1, 0.0, 0]",32,0
S2_7_6,BigDecimal,Rational,IV32:f_b64|f_b64:shift,32,"[1, 0.0, 0];[-1, 0.0, 0];[1, 1.0120112665365530917624767335946, -1074];[-1, 1.0120112665365530917624767335946, -1074];[1, 1.0000000000000000075996431390427, -1022];[1, 1.0, 0];[1, 1.0000000000000002, 0];[1, 1.9999999999999998, -1];[1, 1.9999999999999997688934766870555, 1023];[-1, 1.9999999999999997688934766870555, 1023];[1, 1.5000000000000000982839164362018, -852];[1, 1.4999999999999999695735805599687, -681];[1, 1.4999999999999999845895418142557, -511];[1, 1.5000000000000000058411183959362, -340];[1, 1.5000000000000000489340475072201, -170];[1, 1.5, 0];[1, 1.5000000000000000786054355441785, 171];[1, 1.5000000000000000822253684141152, 341];[1, 1.500000000000000026151848559796, 512];[1, 1.4999999999999999036866167896554, 682];[1, 1.4999999999999999540518197415502, 853];[-1, 1.5000000000000000982839164362018, -852];[-1, 1.4999999999999999695735805599687, -681];[-1, 1.4999999999999999845895418142557, -511];[-1, 1.5000000000000000058411183959362, -340];[-1, 1.5000000000000000489340475072201, -170];[-1, 1.5, 0];[-1, 1.5000000000000000786054355441785, 171];[-1, 1.5000000000000000822253684141152, 341];[-1, 1.500000000000000026151848559796, 512];[-1, 1.4999999999999999036866167896554, 682];[-1, 1.4999999999999999540518197415502, 853]","[-1, 0.0, 0];[1, 1.0, -1074];[-1, 1.0, -1074];[1, 1.0, -1022];[1, 1.0, 0];[1, 1.0000000000000002220446049250313, 0];[1, 1.9999999999999997779553950749687, -1];[1, 1.9999999999999997779553950749687, 1023];[-1, 1.9999999999999997779553950749687, 1023];[1, 1.5, -852];[1, 1.5, -681];[1, 1.5, -511];[1, 1.5, -340];[1, 1.5, -170];[1, 1.5, 0];[1, 1.5, 171];[1, 1.5, 341];[1, 1.5, 512];[1, 1.5, 682];[1, 1.5, 853];[-1, 1.5, -852];[-1, 1.5, -681];[-1, 1.5, -511];[-1, 1.5, -340];[-1, 1.5, -170];[-1, 1.5, 0];[-1, 1.5, 171];[-1, 1.5, 341];[-1, 1.5, 512];[-1, 1.5, 682];[-1, 1.5, 853];[1, 0.0, 0]","[1, 0.0, 0];[-1, 0.0, 0];[-1, 1.0120112668617331305837729644826, -2148];[-1, 1.0120112672155098882781726555087, -2096];[1, 1.0000000000000000075996431390427, -1022];[1, 1.0, 0];[1, 1.000000000000000088977697537, 0];[1, 1.9999999999999995800188459795916, 1023];[-1, 1.9999999999999995468488717650091, 2047];[-1, 1.4999999999999998266701075142418, 172];[1, 1.1250000000000000737129373254465, -1532];[1, 1.1249999999999999771801854176441, -1191];[1, 1.1249999999999999877835694877438, -850];[1, 1.1250000000000000074083767032632, -509];[1, 1.1250000000000000367005356304151, -169];[1, 1.1249999999999999988168706810594, 172];[1, 1.1250000000000000586740793201204, 513];[1, 1.1250000000000000616690263107369, 854];[1, 1.1250000000000000196138864211099, 1195];[1, 1.1249999999999999282687839860264, 1536];[-1, 1.1249999999999999655388648053753, 2];[1, 1.1250000000000000737129373254465, -1532];[1, 1.1249999999999999771801854176441, -1191];[1, 1.1249999999999999877835694877438, -850];[1, 1.1250000000000000074083767032632, -509];[1, 1.1250000000000000367005356304151, -169];[1, 1.1249999999999999988168706810594, 172];[1, 1.1250000000000000586740793201204, 513];[1, 1.1250000000000000616690263107369, 854];[1, 1.1250000000000000196138864211099, 1195];[1, 1.1249999999999999282687839860264, 1536];[-1, 0.0, 0]",32,0
S2_7_7,BigDecimal,BigDecimal,IV32:f_b64|f_b64:shift,32,"[1, 0.0, 0];[-1, 0.0, 0];[1, 1.0120112665365530917624767335946, -1074];[-1, 1.0120112665365530917624767335946, -1074];[1, 1.0000000000000000075996431390427, -1022];[1, 1.0, 0];[1, 1.0000000000000002, 0];[1, 1.9999999999999998, -1];[1, 1.9999999999999997688934766870555, 1023];[-1, 1.9999999999999997688934766870555, 1023];[1, 1.5000000000000000982839164362018, -852];[1, 1.4999999999999999695735805599687, -681];[1, 1.4999999999999999845895418142557, -511];[1, 1.5000000000000000058411183959362, -340];[1, 1.5000000000000000489340475072201, -170];[1, 1.5, 0];[1, 1.5000000000000000786054355441785, 171];[1, 1.5000000000000000822253684141152, 341];[1, 1.500000000000000026151848559796, 512];[1, 1.4999999999999999036866167896554, 682];[1, 1.4999999999999999540518197415502, 853];[-1, 1.5000000000000000982839164362018, -852];[-1, 1.4999999999999999695735805599687, -681];[-1, 1.4999999999999999845895418142557, -511];[-1, 1.5000000000000000058411183959362, -340];[-1, 1.5000000000000000489340475072201, -170];[-1, 1.5, 0];[-1, 1.5000000000000000786054355441785, 171];[-1, 1.5000000000000000822253684141152, 341];[-1, 1.500000000000000026151848559796, 512];[-1, 1.4999999999999999036866167896554, 682];[-1, 1.4999999999999999540518197415502, 853]","[-1, 0.0, 0];[1, 1.0120112665365530917624767335946, -1074];[-1, 1.0120112665365530917624767335946, -1074];[1, 1.0000000000000000075996431390427, -1022];[1, 1.0, 0];[1, 1.0000000000000002, 0];[1, 1.9999999999999998, -1];[1, 1.9999999999999997688934766870555, 1023];[-1, 1.9999999999999997688934766870555, 1023];[1, 1.5000000000000000982839164362018, -852];[1, 1.4999999999999999695735805599687, -681];[1, 1.4999999999999999845895418142557, -511];[1, 1.5000000000000000058411183959362, -340];[1, 1.5000000000000000489340475072201, -170];[1, 1.5, 0];[1, 1.5000000000000000786054355441785, 171];[1, 1.5000000000000000822253684141152, 341];[1, 1.500000000000000026151848559796, 512];[1, 1.4999999999999999036866167896554, 682];[1, 1.4999999999999999540518197415502, 853];[-1, 1.5000000000000000982839164362018, -852];[-1, 1.4999999999999999695735805599687, -681];[-1, 1.4999999999999999845895418142557, -511];[-1, 1.5000000000000000058411183959362, -340];[-1, 1.5000000000000000489340475072201, -170];[-1, 1.5, 0];[-1, 1.5000000000000000786054355441785, 171];[-1, 1.5000000000000000822253684141152, 341];[-1, 1.500000000000000026151848559796, 512];[-1, 1.4999999999999999036866167896554, 682];[-1, 1.4999999999999999540518197415502, 853];[1, 0.0, 0]","[-1, 0.0, 0];[-1, 0.0, 0];[-1, 1.0241668035969183036294057212011, -2148];[-1, 1.012011266536553099453401211963, -2096];[1, 1.0000000000000000075996431390427, -1022];[1, 1.0000000000000002, 0];[1, 1.0000000000000001, 0];[1, 1.9999999999999995688934766870555, 1023];[-1, 1.9999999999999995377869533741111, 2047];[-1, 1.4999999999999999249540239514934, 172];[1, 1.1250000000000000508931227471279, -1532];[1, 1.1249999999999999656223417806683, -1191];[1, 1.1249999999999999928229951576439, -850];[1, 1.1250000000000000410813744273672, -509];[1, 1.1250000000000000367005356304151, -169];[1, 1.1250000000000000589540766581338, 172];[1, 1.1250000000000001206231029687202, 513];[1, 1.1250000000000000812829127304334, 854];[1, 1.1249999999999999473788490120885, 1195];[1, 1.1249999999999998933038273984042, 1536];[-1, 1.125000000000000039251802133314, 2];[1, 1.1250000000000000508931227471279, -1532];[1, 1.1249999999999999656223417806683, -1191];[1, 1.1249999999999999928229951576439, -850];[1, 1.1250000000000000410813744273672, -509];[1, 1.1250000000000000367005356304151, -169];[1, 1.1250000000000000589540766581338, 172];[1, 1.1250000000000001206231029687202, 513];[1, 1.1250000000000000812829127304334, 854];[1, 1.1249999999999999473788490120885, 1195];[1, 1.1249999999999998933038273984042, 1536];[-1, 0.0, 0]",32,0
C2_2_2,Integer,Integer,IV32:w_big128|w_big128:comp1,32,"[1, 1.0, 254];[1, 2.0, 253];[1, 1.0, 0];[1, 0.0, 0];[1, 1.0, 0];[1, 2.0, 253];[1, 1.100040435791015625, 18];[1, 1.2190099354484118521213531494141, 36];[1, 1.3459001857787866729410097832442, 54];[1, 1.4859942891025064626490831431495, 72];[1, 1.6406707120152405439438683383704, 90];[1, 1.8114473285278132764142730299381, 108];[1, 1.999999999999999999892800770163, 126];[1, 1.1040895136738123376494859270794, 145];[1, 1.2190136542044754409116906674538, 163];[1, 1.3459001926323561319428326031403, 181];[1, 1.4859942891369484247998532867138, 199];[1, 1.640670712015275862340569365735, 217];[1, 1.8114473285278133431883457464302, 235];[1, 1.100040435791015625, 18];[1, 1.2190099354484118521213531494141, 36];[1, 1.3459001857787866729410097832442, 54];[1, 1.4859942891025064626490831431495, 72];[1, 1.6406707120152405439438683383704, 90];[1, 1.8114473285278132764142730299381, 108];[1, 1.999999999999999999892800770163, 126];[1, 1.1040895136738123376494859270794, 145];[1, 1.2190136542044754409116906674538, 163];[1, 1.3459001926323561319428326031403, 181];[1, 1.4859942891369484247998532867138, 199];[1, 1.640670712015275862340569365735, 217];[1, 1.8114473285278133431883457464302, 235]","[1, 1.0, 254];[1, 2.0, 253];[1, 1.0, 0];[1, 0.0, 0];[1, 1.0, 0];[1, 2.0, 253];[1, 1.100040435791015625, 18];[1, 1.2190099354484118521213531494141, 36];[1, 1.3459001857787866729410097832442, 54];[1, 1.4859942891025064626490831431495, 72];[1, 1.6406707120152405439438683383704, 90];[1, 1.8114473285278132764142730299381, 108];[1, 1.999999999999999999892800770163, 126];[1, 1.1040895136738123376494859270794, 145];[1, 1.2190136542044754409116906674538, 163];[1, 1.3459001926323561319428326031403, 181];[1, 1.4859942891369484247998532867138, 199];[1, 1.640670712015275862340569365735, 217];[1, 1.8114473285278133431883457464302, 235];[1, 1.100040435791015625, 18];[1, 1.2190099354484118521213531494141, 36];[1, 1.3459001857787866729410097832442, 54];[1, 1.4859942891025064626490831431495, 72];[1, 1.6406707120152405439438683383704, 90];[1, 1.8114473285278132764142730299381, 108];[1, 1.999999999999999999892800770163, 126];[1, 1.1040895136738123376494859270794, 145];[1, 1.2190136542044754409116906674538, 163];[1, 1.3459001926323561319428326031403, 181];[1, 1.4859942891369484247998532867138, 199];[1, 1.640670712015275862340569365735, 217];[1, 1.8114473285278133431883457464302, 235]","[1, 1.0, 508];[1, 2.0, 507];[1, 1.0, 0];[1, 0.0, 0];[1, 1.0, 0];[1, 2.0, 507];[1, 1.2100889603752875700592994689941, 36];[1, 1.4859852227219412306164338186815, 72];[1, 1.811447310079372479980187804661, 108];[1, 1.1040895136226317785873831492487, 145];[1, 1.3459001926322981860837698918383, 181];[1, 1.6406707120152757413828537285235, 217];[1, 1.999999999999999999785601540326, 253];[1, 1.2190136542044754409116480302276, 290];[1, 1.4859942891369484247998524696372, 326];[1, 1.8114473285278133431883457447864, 362];[1, 1.1040895136738123376495053876221, 399];[1, 1.3459001926323561319428326037509, 435];[1, 1.640670712015275862340569365735, 471];[1, 1.2100889603752875700592994689941, 36];[1, 1.4859852227219412306164338186815, 72];[1, 1.811447310079372479980187804661, 108];[1, 1.1040895136226317785873831492487, 145];[1, 1.3459001926322981860837698918383, 181];[1, 1.6406707120152757413828537285235, 217];[1, 1.999999999999999999785601540326, 253];[1, 1.2190136542044754409116480302276, 290];[1, 1.4859942891369484247998524696372, 326];[1, 1.8114473285278133431883457447864, 362];[1, 1.1040895136738123376495053876221, 399];[1, 1.3459001926323561319428326037509, 435];[1, 1.640670712015275862340569365735, 471]",32,0
C2_2_3,Integer,Rational,IV32:w_big128|w_big128:comp1,32,"[1, 1.0, 254];[1, 2.0, 253];[1, 1.0, 0];[1, 0.0, 0];[1, 1.0, 0];[1, 2.0, 253];[1, 1.100040435791015625, 18];[1, 1.2190099354484118521213531494141, 36];[1, 1.3459001857787866729410097832442, 54];[1, 1.4859942891025064626490831431495, 72];[1, 1.6406707120152405439438683383704, 90];[1, 1.8114473285278132764142730299381, 108];[1, 1.999999999999999999892800770163, 126];[1, 1.1040895136738123376494859270794, 145];[1, 1.2190136542044754409116906674538, 163];[1, 1.3459001926323561319428326031403, 181];[1, 1.4859942891369484247998532867138, 199];[1, 1.640670712015275862340569365735, 217];[1, 1.8114473285278133431883457464302, 235];[1, 1.100040435791015625, 18];[1, 1.2190099354484118521213531494141, 36];[1, 1.3459001857787866729410097832442, 54];[1, 1.4859942891025064626490831431495, 72];[1, 1.6406707120152405439438683383704, 90];[1, 1.8114473285278132764142730299381, 108];[1, 1.999999999999999999892800770163, 126];[1, 1.1040895136738123376494859270794, 145];[1, 1.2190136542044754409116906674538, 163];[1, 1.3459001926323561319428326031403, 181];[1, 1.4859942891369484247998532867138, 199];[1, 1.640670712015275862340569365735, 217];[1, 1.8114473285278133431883457464302, 235]","[1, 1.0, 254];[1, 2.0, 253];[1, 1.0, 0];[1, 0.0, 0];[1, 1.0, 0];[1, 2.0, 253];[1, 1.100040435791015625, 18];[1, 1.2190099354484118521213531494141, 36];[1, 1.3459001857787866729410097832442, 54];[1, 1.4859942891025064626490831431495, 72];[1, 1.6406707120152405439438683383704, 90];[1, 1.8114473285278132764142730299381, 108];[1, 1.999999999999999999892800770163, 126];[1, 1.1040895136738123376494859270794, 145];[1, 1.2190136542044754409116906674538, 163];[1, 1.3459001926323561319428326031403, 181];[1, 1.4859942891369484247998532867138, 199];[1, 1.640670712015275862340569365735, 217];[1, 1.8114473285278133431883457464302, 235];[1, 1.100040435791015625, 18];[1, 1.2190099354484118521213531494141, 36];[1, 1.3459001857787866729410097832442, 54];[1, 1.4859942891025064626490831431495, 72];[1, 1.6406707120152405439438683383704, 90];[1, 1.8114473285278132764142730299381, 108];[1, 1.999999999999999999892800770163, 126];[1, 1.1040895136738123376494859270794, 145];[1, 1.2190136542044754409116906674538, 163];[1, 1.3459001926323561319428326031403, 181];[1, 1.4859942891369484247998532867138, 199];[1, 1.640670712015275862340569365735, 217];[1, 1.8114473285278133431883457464302, 235]","[1, 1.0, 508];[1, 2.0, 507];[1, 1.0, 0];[1, 0.0, 0];[1, 1.0, 0];[1, 2.0, 507];[1, 1.2100889603752875700592994689941, 36];[1, 1.4859852227219412306164338186815, 72];[1, 1.811447310079372479980187804661, 108];[1, 1.1040895136226317785873831492487, 145];[1, 1.3459001926322981860837698918383, 181];[1, 1.6406707120152757413828537285235, 217];[1, 1.999999999999999999785601540326, 253];[1, 1.2190136542044754409116480302276, 290];[1, 1.4859942891369484247998524696372, 326];[1, 1.8114473285278133431883457447864, 362];[1, 1.1040895136738123376495053876221, 399];[1, 1.3459001926323561319428326037509, 435];[1, 1.640670712015275862340569365735, 471];[1, 1.2100889603752875700592994689941, 36];[1, 1.4859852227219412306164338186815, 72];[1, 1.811447310079372479980187804661, 108];[1, 1.1040895136226317785873831492487, 145];[1, 1.3459001926322981860837698918383, 181];[1, 1.6406707120152757413828537285235, 217];[1, 1.999999999999999999785601540326, 253];[1, 1.2190136542044754409116480302276, 290];[1, 1.4859942891369484247998524696372, 326];[1, 1.8114473285278133431883457447864, 362];[1, 1.1040895136738123376495053876221, 399];[1, 1.3459001926323561319428326037509, 435];[1, 1.640670712015275862340569365735, 471]",32,0
C2_2_4,Integer,BigDecimal,IV32:w_big128|w_big128:comp1,32,"[1, 1.0, 254];[1, 2.0, 253];[1, 1.0, 0];[1, 0.0, 0];[1, 1.0, 0];[1, 2.0, 253];[1, 1.100040435791015625, 18];[1, 1.2190099354484118521213531494141, 36];[1, 1.3459001857787866729410097832442, 54];[1, 1.4859942891025064626490831431495, 72];[1, 1.6406707120152405439438683383704, 90];[1, 1.8114473285278132764142730299381, 108];[1, 1.999999999999999999892800770163, 126];[1, 1.1040895136738123376494859270794, 145];[1, 1.2190136542044754409116906674538, 163];[1, 1.3459001926323561319428326031403, 181];[1, 1.4859942891369484247998532867138, 199];[1, 1.640670712015275862340569365735, 217];[1, 1.8114473285278133431883457464302, 235];[1, 1.100040435791015625, 18];[1, 1.2190099354484118521213531494141, 36];[1, 1.3459001857787866729410097832442, 54];[1, 1.4859942891025064626490831431495, 72];[1, 1.6406707120152405439438683383704, 90];[1, 1.8114473285278132764142730299381, 108];[1, 1.999999999999999999892800770163, 126];[1, 1.1040895136738123376494859270794, 145];[1, 1.2190136542044754409116906674538, 163];[1, 1.3459001926323561319428326031403, 181];[1, 1.4859942891369484247998532867138, 199];[1, 1.640670712015275862340569365735, 217];[1, 1.8114473285278133431883457464302, 235]","[1, 1.0, 254];[1, 2.0, 253];[1, 1.0, 0];[1, 0.0, 0];[1, 1.0, 0];[1, 2.0, 253];[1, 1.100040435791015625, 18];[1, 1.2190099354484118521213531494141, 36];[1, 1.3459001857787866729410097832442, 54];[1, 1.4859942891025064626490831431495, 72];[1, 1.6406707120152405439438683383704, 90];[1, 1.8114473285278132764142730299381, 108];[1, 1.999999999999999999892800770163, 126];[1, 1.1040895136738123376494859270794, 145];[1, 1.2190136542044754409116906674538, 163];[1, 1.3459001926323561319428326031403, 181];[1, 1.4859942891369484247998532867138, 199];[1, 1.640670712015275862340569365735, 217];[1, 1.8114473285278133431883457464302, 235];[1, 1.100040435791015625, 18];[1, 1.2190099354484118521213531494141, 36];[1, 1.3459001857787866729410097832442, 54];[1, 1.4859942891025064626490831431495, 72];[1, 1.6406707120152405439438683383704, 90];[1, 1.8114473285278132764142730299381, 108];[1, 1.999999999999999999892800770163, 126];[1, 1.1040895136738123376494859270794, 145];[1, 1.2190136542044754409116906674538, 163];[1, 1.3459001926323561319428326031403, 181];[1, 1.4859942891369484247998532867138, 199];[1, 1.640670712015275862340569365735, 217];[1, 1.8114473285278133431883457464302, 235]","[1, 1.0, 508];[1, 2.0, 507];[1, 1.0, 0];[1, 0.0, 0];[1, 1.0, 0];[1, 2.0, 507];[1, 1.2100889603752875700592994689941, 36];[1, 1.4859852227219412306164338186815, 72];[1, 1.811447310079372479980187804661, 108];[1, 1.1040895136226317785873831492487, 145];[1, 1.3459001926322981860837698918383, 181];[1, 1.6406707120152757413828537285235, 217];[1, 1.999999999999999999785601540326, 253];[1, 1.2190136542044754409116480302276, 290];[1, 1.4859942891369484247998524696372, 326];[1, 1.8114473285278133431883457447864, 362];[1, 1.1040895136738123376495053876221, 399];[1, 1.3459001926323561319428326037509, 435];[1, 1.640670712015275862340569365735, 471];[1, 1.2100889603752875700592994689941, 36];[1, 1.4859852227219412306164338186815, 72];[1, 1.811447310079372479980187804661, 108];[1, 1.1040895136226317785873831492487, 145];[1, 1.3459001926322981860837698918383, 181];[1, 1.6406707120152757413828537285235, 217];[1, 1.999999999999999999785601540326, 253];[1, 1.2190136542044754409116480302276, 290];[1, 1.4859942891369484247998524696372, 326];[1, 1.8114473285278133431883457447864, 362];[1, 1.1040895136738123376495053876221, 399];[1, 1.3459001926323561319428326037509, 435];[1, 1.640670712015275862340569365735, 471]",32,0
C2_2_5,Integer,Float,IV32:w_big128|f_b64:comp1,32,"[-1, 0.0, 0];[1, 0.0, 0];[-1, 1.0120112665365530917624767335946, -1074];[-1, 0.0, 0];[1, 1.0000000000000000075996431390427, -1022];[1, 1.999999999999999979644113570913, 126];[1, 1.0488281250000001953125, 9];[1, 1.1040878295898435211181640625, 18];[1, inf];[-1, inf];[1, 1.9213300346463881606914086996258, -807];[1, 1.0094251444742670479849818137986, -626];[1, 1.0606601717798213575682410187511, -447];[1, 1.1144957168527112386271798525064, -267];[1, 1.1710637732335652329850579349786, -88];[1, 1.2305030340114568391382355494864, 91];[1, 1.2929592318704666682093236698302, 271];[1, 1.3585854963958600475791521589847, 450];[1, 1.4275427295159292790613917778148, 630];[-1, 1.5732421874999999700390132569356, 691];[-1, 1.6561317443847656471839693286783, 871];[1, 1.7401940748095512655143011403427, -825];[1, 1.8285204812855226806075386533309, -645];[1, 1.9213300346463882634496889822737, -466];[1, 1.0094251444742669476697822221989, -285];[1, 1.0606601717798214230259357496489, -106];[1, 1.1144957168527112492228525048032, 73];[1, 1.1710637732335652113318278749235, 253];[1, 1.2305030340114568651303234628825, 432];[1, 1.2929592318704665984640022636822, 612];[1, 1.3585854963958600178826375825434, 791];[1, 1.4275427295159292328642001110947, 971]","[-1, 0.0, 0];[1, 0.0, 0];[-1, 1.0120112665365530917624767335946, -1074];[-1, 0.0, 0];[1, 1.0000000000000000075996431390427, -1022];[1, 1.999999999999999979644113570913, 126];[1, 1.0488281250000001953125, 9];[1, 1.1040878295898435211181640625, 18];[1, inf];[-1, inf];[1, 1.9213300346463881606914086996258, -807];[1, 1.0094251444742670479849818137986, -626];[1, 1.0606601717798213575682410187511, -447];[1, 1.1144957168527112386271798525064, -267];[1, 1.1710637732335652329850579349786, -88];[1, 1.2305030340114568391382355494864, 91];[1, 1.2929592318704666682093236698302, 271];[1, 1.3585854963958600475791521589847, 450];[1, 1.4275427295159292790613917778148, 630];[-1, 1.5732421874999999700390132569356, 691];[-1, 1.6561317443847656471839693286783, 871];[1, 1.7401940748095512655143011403427, -825];[1, 1.8285204812855226806075386533309, -645];[1, 1.9213300346463882634496889822737, -466];[1, 1.0094251444742669476697822221989, -285];[1, 1.0606601717798214230259357496489, -106];[1, 1.1144957168527112492228525048032, 73];[1, 1.1710637732335652113318278749235, 253];[1, 1.2305030340114568651303234628825, 432];[1, 1.2929592318704665984640022636822, 612];[1, 1.3585854963958600178826375825434, 791];[1, 1.4275427295159292328642001110947, 971]","[1, 0.0, 0];[1, 0.0, 0];[1, 0.0, 0];[1, 0.0, 0];[1, 0.0, 0];[1, 1.0000000000000000395228123538898, 254];[1, 1.1000404357910160064697265625, 18];[1, 1.2190099354484114155638962984085, 36];[1, inf];[1, inf];[1, 0.0, 0];[1, 0.0, 0];[1, 1.1250000000000002748447264243972, -894];[1, 1.242100702883038642743441577494, -534];[1, 1.3713903609800349165634344713221, -176];[1, 1.51413771671140052458452905821, 182];[1, 1.6717435752790670441598716257902, 542];[1, 1.8457545510171858169970364020204, 900];[1, inf];[1, inf];[1, inf];[1, 0.0, 0];[1, 0.0, 0];[1, 1.8457545510171456350765167713018, -931];[1, 1.0189391222968948273508643652929, -570];[1, 1.1250000000000001483947711368777, -212];[1, 1.2421007028830385914053919349211, 146];[1, 1.3713903609800348701994330295519, 506];[1, 1.5141377167114005513739898544459, 864];[1, inf];[1, inf];[1, inf]",32,0
C2_2_6,Integer,Rational,IV32:w_big128|f_b64:comp1,32,"[1, 0.0, 0];[1, 0.0, 0];[-1, 1.0, -1074];[1, 0.0, 0];[1, 1.0, -1022];[1, 2.0, 126];[1, 1.0488281250000002328866266498864, 9];[1, 1.1040878295898436274216270380939, 18];[1, 1.1601293832063673638755459720109, 1051];[-1, 1.2190136541903483259326297149685, 1060];[1, 1.9213300346463881851377664133906, -807];[1, 1.0094251444742670803522699429777, -626];[1, 1.0606601717798212865728410547739, -447];[1, 1.1144957168527113185998801430548, -267];[1, 1.1710637732335651373493129684153, -88];[1, 1.2305030340114568967554270240221, 91];[1, 1.2929592318704665863289400459208, 271];[1, 1.3585854963958600073912593098227, 450];[1, 1.4275427295159294148948398319993, 630];[-1, 1.5732421875, 691];[-1, 1.656131744384765625, 871];[1, 1.740194074809551239013671875, -825];[1, 1.8285204812855226919054985046387, -645];[1, 1.9213300346463881851377664133906, -466];[1, 1.0094251444742670803522699429777, -285];[1, 1.0606601717798212865728410547739, -106];[1, 1.1144957168527113185998801430548, 73];[1, 1.1710637732335651373493129684153, 253];[1, 1.2305030340114568967554270240221, 432];[1, 1.2929592318704665863289400459208, 612];[1, 1.3585854963958600073912593098227, 791];[1, 1.4275427295159294148948398319993, 971]","[1, 0.0, 0];[1, 0.0, 0];[-1, 1.0, -1074];[1, 0.0, 0];[1, 1.0, -1022];[1, 2.0, 126];[1, 1.0488281250000002328866266498864, 9];[1, 1.1040878295898436274216270380939, 18];[1, 1.1601293832063673638755459720109, 1051];[-1, 1.2190136541903483259326297149685, 1060];[1, 1.9213300346463881851377664133906, -807];[1, 1.0094251444742670803522699429777, -626];[1, 1.0606601717798212865728410547739, -447];[1, 1.1144957168527113185998801430548, -267];[1, 1.1710637732335651373493129684153, -88];[1, 1.2305030340114568967554270240221, 91];[1, 1.2929592318704665863289400459208, 271];[1, 1.3585854963958600073912593098227, 450];[1, 1.4275427295159294148948398319993, 630];[-1, 1.5732421875, 691];[-1, 1.656131744384765625, 871];[1, 1.740194074809551239013671875, -825];[1, 1.8285204812855226919054985046387, -645];[1, 1.9213300346463881851377664133906, -466];[1, 1.0094251444742670803522699429777, -285];[1, 1.0606601717798212865728410547739, -106];[1, 1.1144957168527113185998801430548, 73];[1, 1.1710637732335651373493129684153, 253];[1, 1.2305030340114568967554270240221, 432];[1, 1.2929592318704665863289400459208, 612];[1, 1.3585854963958600073912593098227, 791];[1, 1.4275427295159294148948398319993, 971]","[1, 0.0, 0];[1, 0.0, 0];[1, 1.0, -2148];[1, 0.0, 0];[1, 1.0, -2044];[1, 2.0, 253];[1, 1.1000404357910161135160879335507, 18];[1, 1.2190099354484115814467736330836, 36];[1, 1.3459001857787863740911347634673, 2102];[1, 1.4859942891025061326920682985307, 2120];[1, 1.8457545510171456119368518806667, -1613];[1, 1.0189391222968949679830285793402, -1252];[1, 1.1249999999999999999397004332167, -894];[1, 1.2421007028830388798556716679644, -534];[1, 1.3713903609800348710256520008855, -176];[1, 1.5141377167114006484356866785328, 182];[1, 1.671743575279066977899834947553, 542];[1, 1.8457545510171853451331405364519, 900];[1, 1.018939122296895005543444482367, 1261];[1, 1.237545490264892578125, 1383];[1, 1.3713861773794633336365222930908, 1743];[1, 1.5141377090011350070586360061498, -1649];[1, 1.6717435752403197704802185360432, -1289];[1, 1.8457545510171456119368518806667, -931];[1, 1.0189391222968949679830285793402, -570];[1, 1.1249999999999999999397004332167, -212];[1, 1.2421007028830388798556716679644, 146];[1, 1.3713903609800348710256520008855, 506];[1, 1.5141377167114006484356866785328, 864];[1, 1.671743575279066977899834947553, 1224];[1, 1.8457545510171853451331405364519, 1582];[1, 1.018939122296895005543444482367, 1943]",32,0
C2_2_7,Integer,BigDecimal,IV32:w_big128|f_b64:comp1,32,"[-1, 0.0, 0];[1, 0.0, 0];[-1, 1.0120112665365530917624767335946, -1074];[-1, 0.0, 0];[1, 1.0000000000000000075996431390427, -1022];[1, 2.0, 126];[1, 1.048828125000000209765625, 9];[1, 1.1040878295898436395912170410156, 18];[1, 1.1601293832063673586190470769929, 1051];[-1, 1.2190136541903483204093285909561, 1060];[1, 1.9213300346463883110283267944242, -807];[1, 1.0094251444742670598768080502522, -626];[1, 1.0606601717798212756760015704423, -447];[1, 1.1144957168527113229398144323217, -267];[1, 1.1710637732335651755525731773458, -88];[1, 1.2305030340114568967554270240221, 91];[1, 1.2929592318704666540846890872838, 271];[1, 1.3585854963958600818647212853047, 450];[1, 1.4275427295159294397834273486249, 630];[-1, 1.5732421874999998989838148750877, 691];[-1, 1.6561317443847655742691733848452, 871];[1, 1.740194074809551353035731229237, -825];[1, 1.8285204812855226548152777591178, -645];[1, 1.9213300346463881653987156401021, -466];[1, 1.0094251444742670842830511301172, -285];[1, 1.0606601717798213211744378780339, -106];[1, 1.1144957168527113185998801430548, 73];[1, 1.1710637732335651987172982651043, 253];[1, 1.2305030340114569642078038948744, 432];[1, 1.2929592318704666088711227298319, 612];[1, 1.3585854963958599201579489508955, 791];[1, 1.4275427295159293711661793903743, 971]","[-1, 0.0, 0];[1, 0.0, 0];[-1, 1.0120112665365530917624767335946, -1074];[-1, 0.0, 0];[1, 1.0000000000000000075996431390427, -1022];[1, 2.0, 126];[1, 1.048828125000000209765625, 9];[1, 1.1040878295898436395912170410156, 18];[1, 1.1601293832063673586190470769929, 1051];[-1, 1.2190136541903483204093285909561, 1060];[1, 1.9213300346463883110283267944242, -807];[1, 1.0094251444742670598768080502522, -626];[1, 1.0606601717798212756760015704423, -447];[1, 1.1144957168527113229398144323217, -267];[1, 1.1710637732335651755525731773458, -88];[1, 1.2305030340114568967554270240221, 91];[1, 1.2929592318704666540846890872838, 271];[1, 1.3585854963958600818647212853047, 450];[1, 1.4275427295159294397834273486249, 630];[-1, 1.5732421874999998989838148750877, 691];[-1, 1.6561317443847655742691733848452, 871];[1, 1.740194074809551353035731229237, -825];[1, 1.8285204812855226548152777591178, -645];[1, 1.9213300346463881653987156401021, -466];[1, 1.0094251444742670842830511301172, -285];[1, 1.0606601717798213211744378780339, -106];[1, 1.1144957168527113185998801430548, 73];[1, 1.1710637732335651987172982651043, 253];[1, 1.2305030340114569642078038948744, 432];[1, 1.2929592318704666088711227298319, 612];[1, 1.3585854963958599201579489508955, 791];[1, 1.4275427295159293711661793903743, 971]","[1, 0.0, 0];[1, 0.0, 0];[1, 1.0241668035969183036294057212011, -2148];[1, 0.0, 0];[1, 1.0000000000000000151992862780855, -2044];[1, 2.0, 253];[1, 1.1000404357910160650161743164063, 18];[1, 1.2190099354484116083193660597317, 36];[1, 1.3459001857787863618946971216628, 2102];[1, 1.4859942891025061192261093257787, 2120];[1, 1.8457545510171458538141666192112, -1613];[1, 1.0189391222968949266461364208566, -1252];[1, 1.1249999999999999768240131546002, -894];[1, 1.2421007028830388895293480215848, -534];[1, 1.3713903609800349605025601010732, -176];[1, 1.5141377167114006484356866785328, 182];[1, 1.6717435752790671531106774182105, 542];[1, 1.8457545510171855474902711490089, 900];[1, 1.0189391222968950410729666396469, 1261];[1, 1.2375454902648924192020759411781, 1383];[1, 1.3713861773794632496195899168535, 1743];[1, 1.5141377090011352054791480919759, -1649];[1, 1.6717435752403197026599902474571, -1289];[1, 1.8457545510171455740116207745374, -931];[1, 1.0189391222968949759186873147901, -570];[1, 1.1250000000000000733407716940468, -212];[1, 1.2421007028830388798556716679644, 146];[1, 1.3713903609800350147573008354506, 506];[1, 1.5141377167114008144363954602689, 864];[1, 1.6717435752790670361920813628999, 1224];[1, 1.8457545510171851081053200239775, 1582];[1, 1.0189391222968949431189131974545, 1943]",32,0
C2_3_2,Rational,Integer,IV32:w_big128|w_big128:comp1,32,"[1, 1.0, 254];[1, 2.0, 253];[1, 1.0, 0];[1, 0.0, 0];[1, 1.0, 0];[1, 2.0, 253];[1, 1.100040435791015625, 18];[1, 1.2190099354484118521213531494141, 36];[1, 1.3459001857787866729410097832442, 54];[1, 1.4859942891025064626490831431495, 72];[1, 1.6406707120152405439438683383704, 90];[1, 1.8114473285278132764142730299381, 108];[1, 1.999999999999999999892800770163, 126];[1, 1.1040895136738123376494859270794, 145];[1, 1.2190136542044754409116906674538, 163];[1, 1.3459001926323561319428326031403, 181];[1, 1.4859942891369484247998532867138, 199];[1, 1.640670712015275862340569365735, 217];[1, 1.8114473285278133431883457464302, 235];[1, 1.100040435791015625, 18];[1, 1.2190099354484118521213531494141, 36];[1, 1.3459001857787866729410097832442, 54];[1, 1.4859942891025064626490831431495, 72];[1, 1.6406707120152405439438683383704, 90];[1, 1.8114473285278132764142730299381, 108];[1, 1.999999999999999999892800770163, 126];[1, 1.1040895136738123376494859270794, 145];[1, 1.2190136542044754409116906674538, 163];[1, 1.3459001926323561319428326031403, 181];[1, 1.4859942891369484247998532867138, 199];[1, 1.640670712015275862340569365735, 217];[1, 1.8114473285278133431883457464302, 235]","[1, 1.0, 254];[1, 2.0, 253];[1, 1.0, 0];[1, 0.0, 0];[1, 1.0, 0];[1, 2.0, 253];[1, 1.100040435791015625, 18];[1, 1.2190099354484118521213531494141, 36];[1, 1.3459001857787866729410097832442, 54];[1, 1.4859942891025064626490831431495, 72];[1, 1.6406707120152405439438683383704, 90];[1, 1.8114473285278132764142730299381, 108];[1, 1.999999999999999999892800770163, 126];[1, 1.1040895136738123376494859270794, 145];[1, 1.2190136542044754409116906674538, 163];[1, 1.3459001926323561319428326031403, 181];[1, 1.4859942891369484247998532867138, 199];[1, 1.640670712015275862340569365735, 217];[1, 1.8114473285278133431883457464302, 235];[1, 1.100040435791015625, 18];[1, 1.2190099354484118521213531494141, 36];[1, 1.3459001857787866729410097832442, 54];[1, 1.4859942891025064626490831431495, 72];[1, 1.6406707120152405439438683383704, 90];[1, 1.8114473285278132764142730299381, 108];[1, 1.999999999999999999892800770163, 126];[1, 1.1040895136738123376494859270794, 145];[1, 1.2190136542044754409116906674538, 163];[1, 1.3459001926323561319428326031403, 181];[1, 1.4859942891369484247998532867138, 199];[1, 1.640670712015275862340569365735, 217];[1, 1.8114473285278133431883457464302, 235]","[1, 1.0, 508];[1, 2.0, 507];[1, 1.0, 0];[1, 0.0, 0];[1, 1.0, 0];[1, 2.0, 507];[1, 1.2100889603752875700592994689941, 36];[1, 1.4859852227219412306164338186815, 72];[1, 1.811447310079372479980187804661, 108];[1, 1.1040895136226317785873831492487, 145];[1, 1.3459001926322981860837698918383, 181];[1, 1.6406707120152757413828537285235, 217];[1, 1.999999999999999999785601540326, 253];[1, 1.2190136542044754409116480302276, 290];[1, 1.4859942891369484247998524696372, 326];[1, 1.8114473285278133431883457447864, 362];[1, 1.1040895136738123376495053876221, 399];[1, 1.3459001926323561319428326037509, 435];[1, 1.640670712015275862340569365735, 471];[1, 1.2100889603752875700592994689941, 36];[1, 1.4859852227219412306164338186815, 72];[1, 1.811447310079372479980187804661, 108];[1, 1.1040895136226317785873831492487, 145];[1, 1.3459001926322981860837698918383, 181];[1, 1.6406707120152757413828537285235, 217];[1, 1.999999999999999999785601540326, 253];[1, 1.2190136542044754409116480302276, 290];[1, 1.4859942891369484247998524696372, 326];[1, 1.8114473285278133431883457447864, 362];[1, 1.1040895136738123376495053876221, 399];[1, 1.3459001926323561319428326037509, 435];[1, 1.640670712015275862340569365735, 471]",32,0
C2_3_3,Rational,Rational,IV32:w_big128|w_big128:comp1,32,"[1, 1.0, 254];[1, 2.0, 253];[1, 1.0, 0];[1, 0.0, 0];[1, 1.0, 0];[1, 2.0, 253];[1, 1.100040435791015625, 18];[1, 1.2190099354484118521213531494141, 36];[1, 1.3459001857787866729410097832442, 54];[1, 1.4859942891025064626490831431495, 72];[1, 1.6406707120152405439438683383704, 90];[1, 1.8114473285278132764142730299381, 108];[1, 1.999999999999999999892800770163, 126];[1, 1.1040895136738123376494859270794, 145];[1, 1.2190136542044754409116906674538, 163];[1, 1.3459001926323561319428326031403, 181];[1, 1.4859942891369484247998532867138, 199];[1, 1.640670712015275862340569365735, 217];[1, 1.8114473285278133431883457464302, 235];[1, 1.100040435791015625, 18];[1, 1.2190099354484118521213531494141, 36];[1, 1.3459001857787866729410097832442, 54];[1, 1.4859942891025064626490831431495, 72];[1, 1.6406707120152405439438683383704, 90];[1, 1.8114473285278132764142730299381, 108];[1, 1.999999999999999999892800770163, 126];[1, 1.1040895136738123376494859270794, 145];[1, 1.2190136542044754409116906674538, 163];[1, 1.3459001926323561319428326031403, 181];[1, 1.4859942891369484247998532867138, 199];[1, 1.640670712015275862340569365735, 217];[1, 1.8114473285278133431883457464302, 235]","[1, 1.0, 254];[1, 2.0, 253];[1, 1.0, 0];[1, 0.0, 0];[1, 1.0, 0];[1, 2.0, 253];[1, 1.100040435791015625, 18];[1, 1.2190099354484118521213531494141, 36];[1, 1.3459001857787866729410097832442, 54];[1, 1.4859942891025064626490831431495, 72];[1, 1.6406707120152405439438683383704, 90];[1, 1.8114473285278132764142730299381, 108];[1, 1.999999999999999999892800770163, 126];[1, 1.1040895136738123376494859270794, 145];[1, 1.2190136542044754409116906674538, 163];[1, 1.3459001926323561319428326031403, 181];[1, 1.4859942891369484247998532867138, 199];[1, 1.640670712015275862340569365735, 217];[1, 1.8114473285278133431883457464302, 235];[1, 1.100040435791015625, 18];[1, 1.2190099354484118521213531494141, 36];[1, 1.3459001857787866729410097832442, 54];[1, 1.4859942891025064626490831431495, 72];[1, 1.6406707120152405439438683383704, 90];[1, 1.8114473285278132764142730299381, 108];[1, 1.999999999999999999892800770163, 126];[1, 1.1040895136738123376494859270794, 145];[1, 1.2190136542044754409116906674538, 163];[1, 1.3459001926323561319428326031403, 181];[1, 1.4859942891369484247998532867138, 199];[1, 1.640670712015275862340569365735, 217];[1, 1.8114473285278133431883457464302, 235]","[1, 1.0, 508];[1, 2.0, 507];[1, 1.0, 0];[1, 0.0, 0];[1, 1.0, 0];[1, 2.0, 507];[1, 1.2100889603752875700592994689941, 36];[1, 1.4859852227219412306164338186815, 72];[1, 1.811447310079372479980187804661, 108];[1, 1.1040895136226317785873831492487, 145];[1, 1.3459001926322981860837698918383, 181];[1, 1.6406707120152757413828537285235, 217];[1, 1.999999999999999999785601540326, 253];[1, 1.2190136542044754409116480302276, 290];[1, 1.4859942891369484247998524696372, 326];[1, 1.8114473285278133431883457447864, 362];[1, 1.1040895136738123376495053876221, 399];[1, 1.3459001926323561319428326037509, 435];[1, 1.640670712015275862340569365735, 471];[1, 1.2100889603752875700592994689941, 36];[1, 1.4859852227219412306164338186815, 72];[1, 1.811447310079372479980187804661, 108];[1, 1.1040895136226317785873831492487, 145];[1, 1.3459001926322981860837698918383, 181];[1, 1.6406707120152757413828537285235, 217];[1, 1.999999999999999999785601540326, 253];[1, 1.2190136542044754409116480302276, 290];[1, 1.4859942891369484247998524696372, 326];[1, 1.8114473285278133431883457447864, 362];[1, 1.1040895136738123376495053876221, 399];[1, 1.3459001926323561319428326037509, 435];[1, 1.640670712015275862340569365735, 471]",32,0
C2_3_4,Rational,BigDecimal,IV32:w_big128|w_big128:comp1,32,"[1, 1.0, 254];[1, 2.0, 253];[1, 1.0, 0];[1, 0.0, 0];[1, 1.0, 0];[1, 2.0, 253];[1, 1.100040435791015625, 18];[1, 1.2190099354484118521213531494141, 36];[1, 1.3459001857787866729410097832442, 54];[1, 1.4859942891025064626490831431495, 72];[1, 1.6406707120152405439438683383704, 90];[1, 1.8114473285278132764142730299381, 108];[1, 1.999999999999999999892800770163, 126];[1, 1.1040895136738123376494859270794, 145];[1, 1.2190136542044754409116906674538, 163];[1, 1.3459001926323561319428326031403, 181];[1, 1.4859942891369484247998532867138, 199];[1, 1.640670712015275862340569365735, 217];[1, 1.8114473285278133431883457464302, 235];[1, 1.100040435791015625, 18];[1, 1.2190099354484118521213531494141, 36];[1, 1.3459001857787866729410097832442, 54];[1, 1.4859942891025064626490831431495, 72];[1, 1.6406707120152405439438683383704, 90];[1, 1.8114473285278132764142730299381, 108];[1, 1.999999999999999999892800770163, 126];[1, 1.1040895136738123376494859270794, 145];[1, 1.2190136542044754409116906674538, 163];[1, 1.3459001926323561319428326031403, 181];[1, 1.4859942891369484247998532867138, 199];[1, 1.640670712015275862340569365735, 217];[1, 1.8114473285278133431883457464302, 235]","[1, 1.0, 254];[1, 2.0, 253];[1, 1.0, 0];[1, 0.0, 0];[1, 1.0, 0];[1, 2.0, 253];[1, 1.100040435791015625, 18];[1, 1.2190099354484118521213531494141, 36];[1, 1.3459001857787866729410097832442, 54];[1, 1.4859942891025064626490831431495, 72];[1, 1.6406707120152405439438683383704, 90];[1, 1.8114473285278132764142730299381, 108];[1, 1.999999999999999999892800770163, 126];[1, 1.1040895136738123376494859270794, 145];[1, 1.2190136542044754409116906674538, 163];[1, 1.3459001926323561319428326031403, 181];[1, 1.4859942891369484247998532867138, 199];[1, 1.640670712015275862340569365735, 217];[1, 1.8114473285278133431883457464302, 235];[1, 1.100040435791015625, 18];[1, 1.2190099354484118521213531494141, 36];[1, 1.3459001857787866729410097832442, 54];[1, 1.4859942891025064626490831431495, 72];[1, 1.6406707120152405439438683383704, 90];[1, 1.8114473285278132764142730299381, 108];[1, 1.999999999999999999892800770163, 126];[1, 1.1040895136738123376494859270794, 145];[1, 1.2190136542044754409116906674538, 163];[1, 1.3459001926323561319428326031403, 181];[1, 1.4859942891369484247998532867138, 199];[1, 1.640670712015275862340569365735, 217];[1, 1.8114473285278133431883457464302, 235]","[1, 1.0, 508];[1, 2.0, 507];[1, 1.0, 0];[1, 0.0, 0];[1, 1.0, 0];[1, 2.0, 507];[1, 1.2100889603752875700592994689941, 36];[1, 1.4859852227219412306164338186815, 72];[1, 1.811447310079372479980187804661, 108];[1, 1.1040895136226317785873831492487, 145];[1, 1.3459001926322981860837698918383, 181];[1, 1.6406707120152757413828537285235, 217];[1, 1.999999999999999999785601540326, 253];[1, 1.2190136542044754409116480302276, 290];[1, 1.4859942891369484247998524696372, 326];[1, 1.8114473285278133431883457447864, 362];[1, 1.1040895136738123376495053876221, 399];[1, 1.3459001926323561319428326037509, 435];[1, 1.640670712015275862340569365735, 471];[1, 1.2100889603752875700592994689941, 36];[1, 1.4859852227219412306164338186815, 72];[1, 1.811447310079372479980187804661, 108];[1, 1.1040895136226317785873831492487, 145];[1, 1.3459001926322981860837698918383, 181];[1, 1.6406707120152757413828537285235, 217];[1, 1.999999999999999999785601540326, 253];[1, 1.2190136542044754409116480302276, 290];[1, 1.4859942891369484247998524696372, 326];[1, 1.8114473285278133431883457447864, 362];[1, 1.1040895136738123376495053876221, 399];[1, 1.3459001926323561319428326037509, 435];[1, 1.640670712015275862340569365735, 471]",32,0
C2_3_5,Rational,Float,IV32:w_big128|f_b64:comp1,32,"[-1, 0.0, 0];[1, 0.0, 0];[-1, 1.0120112665365530917624767335946, -1074];[-1, 0.0, 0];[1, 1.0000000000000000075996431390427, -1022];[1, 1.999999999999999979644113570913, 126];[1, 1.0488281250000001953125, 9];[1, 1.1040878295898435211181640625, 18];[1, inf];[-1, inf];[1, 1.9213300346463881606914086996258, -807];[1, 1.0094251444742670479849818137986, -626];[1, 1.0606601717798213575682410187511, -447];[1, 1.1144957168527112386271798525064, -267];[1, 1.1710637732335652329850579349786, -88];[1, 1.2305030340114568391382355494864, 91];[1, 1.2929592318704666682093236698302, 271];[1, 1.3585854963958600475791521589847, 450];[1, 1.4275427295159292790613917778148, 630];[-1, 1.5732421874999999700390132569356, 691];[-1, 1.6561317443847656471839693286783, 871];[1, 1.7401940748095512655143011403427, -825];[1, 1.8285204812855226806075386533309, -645];[1, 1.9213300346463882634496889822737, -466];[1, 1.0094251444742669476697822221989, -285];[1, 1.0606601717798214230259357496489, -106];[1, 1.1144957168527112492228525048032, 73];[1, 1.1710637732335652113318278749235, 253];[1, 1.2305030340114568651303234628825, 432];[1, 1.2929592318704665984640022636822, 612];[1, 1.3585854963958600178826375825434, 791];[1, 1.4275427295159292328642001110947, 971]","[-1, 0.0, 0];[1, 0.0, 0];[-1, 1.0120112665365530917624767335946, -1074];[-1, 0.0, 0];[1, 1.0000000000000000075996431390427, -1022];[1, 1.999999999999999979644113570913, 126];[1, 1.0488281250000001953125, 9];[1, 1.1040878295898435211181640625, 18];[1, inf];[-1, inf];[1, 1.9213300346463881606914086996258, -807];[1, 1.0094251444742670479849818137986, -626];[1, 1.0606601717798213575682410187511, -447];[1, 1.1144957168527112386271798525064, -267];[1, 1.1710637732335652329850579349786, -88];[1, 1.2305030340114568391382355494864, 91];[1, 1.2929592318704666682093236698302, 271];[1, 1.3585854963958600475791521589847, 450];[1, 1.4275427295159292790613917778148, 630];[-1, 1.5732421874999999700390132569356, 691];[-1, 1.6561317443847656471839693286783, 871];[1, 1.7401940748095512655143011403427, -825];[1, 1.8285204812855226806075386533309, -645];[1, 1.9213300346463882634496889822737, -466];[1, 1.0094251444742669476697822221989, -285];[1, 1.0606601717798214230259357496489, -106];[1, 1.1144957168527112492228525048032, 73];[1, 1.1710637732335652113318278749235, 253];[1, 1.2305030340114568651303234628825, 432];[1, 1.2929592318704665984640022636822, 612];[1, 1.3585854963958600178826375825434, 791];[1, 1.4275427295159292328642001110947, 971]","[1, 0.0, 0];[1, 0.0, 0];[1, 0.0, 0];[1, 0.0, 0];[1, 0.0, 0];[1, 1.0000000000000000395228123538898, 254];[1, 1.1000404357910160064697265625, 18];[1, 1.2190099354484114155638962984085, 36];[1, inf];[1, inf];[1, 0.0, 0];[1, 0.0, 0];[1, 1.1250000000000002748447264243972, -894];[1, 1.242100702883038642743441577494, -534];[1, 1.3713903609800349165634344713221, -176];[1, 1.51413771671140052458452905821, 182];[1, 1.6717435752790670441598716257902, 542];[1, 1.8457545510171858169970364020204, 900];[1, inf];[1, inf];[1, inf];[1, 0.0, 0];[1, 0.0, 0];[1, 1.8457545510171456350765167713018, -931];[1, 1.0189391222968948273508643652929, -570];[1, 1.1250000000000001483947711368777, -212];[1, 1.2421007028830385914053919349211, 146];[1, 1.3713903609800348701994330295519, 506];[1, 1.5141377167114005513739898544459, 864];[1, inf];[1, inf];[1, inf]",32,0
C2_3_6,Rational,Rational,IV32:w_big128|f_b64:comp1,32,"[1, 0.0, 0];[1, 0.0, 0];[-1, 1.0, -1074];[1, 0.0, 0];[1, 1.0, -1022];[1, 2.0, 126];[1, 1.0488281250000002328866266498864, 9];[1, 1.1040878295898436274216270380939, 18];[1, 1.1601293832063673638755459720109, 1051];[-1, 1.2190136541903483259326297149685, 1060];[1, 1.9213300346463881851377664133906, -807];[1, 1.0094251444742670803522699429777, -626];[1, 1.0606601717798212865728410547739, -447];[1, 1.1144957168527113185998801430548, -267];[1, 1.1710637732335651373493129684153, -88];[1, 1.2305030340114568967554270240221, 91];[1, 1.2929592318704665863289400459208, 271];[1, 1.3585854963958600073912593098227, 450];[1, 1.4275427295159294148948398319993, 630];[-1, 1.5732421875, 691];[-1, 1.656131744384765625, 871];[1, 1.740194074809551239013671875, -825];[1, 1.8285204812855226919054985046387, -645];[1, 1.9213300346463881851377664133906, -466];[1, 1.0094251444742670803522699429777, -285];[1, 1.0606601717798212865728410547739, -106];[1, 1.1144957168527113185998801430548, 73];[1, 1.1710637732335651373493129684153, 253];[1, 1.2305030340114568967554270240221, 432];[1, 1.2929592318704665863289400459208, 612];[1, 1.3585854963958600073912593098227, 791];[1, 1.4275427295159294148948398319993, 971]","[1, 0.0, 0];[1, 0.0, 0];[-1, 1.0, -1074];[1, 0.0, 0];[1, 1.0, -1022];[1, 2.0, 126];[1, 1.0488281250000002328866266498864, 9];[1, 1.1040878295898436274216270380939, 18];[1, 1.1601293832063673638755459720109, 1051];[-1, 1.2190136541903483259326297149685, 1060];[1, 1.9213300346463881851377664133906, -807];[1, 1.0094251444742670803522699429777, -626];[1, 1.0606601717798212865728410547739, -447];[1, 1.1144957168527113185998801430548, -267];[1, 1.1710637732335651373493129684153, -88];[1, 1.2305030340114568967554270240221, 91];[1, 1.2929592318704665863289400459208, 271];[1, 1.3585854963958600073912593098227, 450];[1, 1.4275427295159294148948398319993, 630];[-1, 1.5732421875, 691];[-1, 1.656131744384765625, 871];[1, 1.740194074809551239013671875, -825];[1, 1.8285204812855226919054985046387, -645];[1, 1.9213300346463881851377664133906, -466];[1, 1.0094251444742670803522699429777, -285];[1, 1.0606601717798212865728410547739, -106];[1, 1.1144957168527113185998801430548, 73];[1, 1.1710637732335651373493129684153, 253];[1, 1.2305030340114568967554270240221, 432];[1, 1.2929592318704665863289400459208, 612];[1, 1.3585854963958600073912593098227, 791];[1, 1.4275427295159294148948398319993, 971]","[1, 0.0, 0];[1, 0.0, 0];[1, 1.0, -2148];[1, 0.0, 0];[1, 1.0, -2044];[1, 2.0, 253];[1, 1.1000404357910161135160879335507, 18];[1, 1.2190099354484115814467736330836, 36];[1, 1.3459001857787863740911347634673, 2102];[1, 1.4859942891025061326920682985307, 2120];[1, 1.8457545510171456119368518806667, -1613];[1, 1.0189391222968949679830285793402, -1252];[1, 1.1249999999999999999397004332167, -894];[1, 1.2421007028830388798556716679644, -534];[1, 1.3713903609800348710256520008855, -176];[1, 1.5141377167114006484356866785328, 182];[1, 1.671743575279066977899834947553, 542];[1, 1.8457545510171853451331405364519, 900];[1, 1.018939122296895005543444482367, 1261];[1, 1.237545490264892578125, 1383];[1, 1.3713861773794633336365222930908, 1743];[1, 1.5141377090011350070586360061498, -1649];[1, 1.6717435752403197704802185360432, -1289];[1, 1.8457545510171456119368518806667, -931];[1, 1.0189391222968949679830285793402, -570];[1, 1.1249999999999999999397004332167, -212];[1, 1.2421007028830388798556716679644, 146];[1, 1.3713903609800348710256520008855, 506];[1, 1.5141377167114006484356866785328, 864];[1, 1.671743575279066977899834947553, 1224];[1, 1.8457545510171853451331405364519, 1582];[1, 1.018939122296895005543444482367, 1943]",32,0
C2_3_7,Rational,BigDecimal,IV32:w_big128|f_b64:comp1,32,"[-1, 0.0, 0];[1, 0.0, 0];[-1, 1.0120112665365530917624767335946, -1074];[-1, 0.0, 0];[1, 1.0000000000000000075996431390427, -1022];[1, 1.9999999945872101937192276145832, 126];[1, 1.048828125000000209765625, 9];[1, 1.1040878295898436395912170410156, 18];[1, 1.1601293832063673586190470769929, 1051];[-1, 1.2190136541903483204093285909561, 1060];[1, 1.9213300346463883110283267944242, -807];[1, 1.0094251444742670598768080502522, -626];[1, 1.0606601717798212747002196152054, -447];[1, 1.114495716852711322913609350516, -267];[1, 1.1710637732335651755525731773458, -88];[1, 1.2305030340114568977032691530943, 91];[1, 1.2929592318704666524365485510206, 271];[1, 1.3585854963958600818647212855747, 450];[1, 1.4275427295159294397834273485455, 630];[-1, 1.5732421874999998989838148750877, 691];[-1, 1.6561317443847655742691733848452, 871];[1, 1.740194074809551353035731229237, -825];[1, 1.8285204812855226548152777591178, -645];[1, 1.9213300346463881653987156401021, -466];[1, 1.0094251444742670842830511301172, -285];[1, 1.0606601717798213211744378780339, -106];[1, 1.1144957168527113185736750612491, 73];[1, 1.1710637732335651977406359829004, 253];[1, 1.2305030340114569642078038948744, 432];[1, 1.2929592318704666088711227337333, 612];[1, 1.3585854963958599209709191350758, 791];[1, 1.4275427295159293711661793902949, 971]","[-1, 0.0, 0];[1, 0.0, 0];[-1, 1.0120112665365530917624767335946, -1074];[-1, 0.0, 0];[1, 1.0000000000000000075996431390427, -1022];[1, 1.9999999945872101937192276145832, 126];[1, 1.048828125000000209765625, 9];[1, 1.1040878295898436395912170410156, 18];[1, 1.1601293832063673586190470769929, 1051];[-1, 1.2190136541903483204093285909561, 1060];[1, 1.9213300346463883110283267944242, -807];[1, 1.0094251444742670598768080502522, -626];[1, 1.0606601717798212747002196152054, -447];[1, 1.114495716852711322913609350516, -267];[1, 1.1710637732335651755525731773458, -88];[1, 1.2305030340114568977032691530943, 91];[1, 1.2929592318704666524365485510206, 271];[1, 1.3585854963958600818647212855747, 450];[1, 1.4275427295159294397834273485455, 630];[-1, 1.5732421874999998989838148750877, 691];[-1, 1.6561317443847655742691733848452, 871];[1, 1.740194074809551353035731229237, -825];[1, 1.8285204812855226548152777591178, -645];[1, 1.9213300346463881653987156401021, -466];[1, 1.0094251444742670842830511301172, -285];[1, 1.0606601717798213211744378780339, -106];[1, 1.1144957168527113185736750612491, 73];[1, 1.1710637732335651977406359829004, 253];[1, 1.2305030340114569642078038948744, 432];[1, 1.2929592318704666088711227337333, 612];[1, 1.3585854963958599209709191350758, 791];[1, 1.4275427295159293711661793902949, 971]","[1, 0.0, 0];[1, 0.0, 0];[1, 1.0241668035969183036294057212011, -2148];[1, 0.0, 0];[1, 1.0000000000000000151992862780855, -2044];[1, 1.9999999891744204020876019726548, 253];[1, 1.1000404357910160650161743164063, 18];[1, 1.2190099354484116083193660597317, 36];[1, 1.3459001857787863618946971216628, 2102];[1, 1.4859942891025061192261093257787, 2120];[1, 1.8457545510171458538141666192112, -1613];[1, 1.0189391222968949266461364208566, -1252];[1, 1.1249999999999999747540670420777, -894];[1, 1.2421007028830388894709371187204, -534];[1, 1.3713903609800349605025601010732, -176];[1, 1.5141377167114006507683319097073, 182];[1, 1.6717435752790671488487203746477, 542];[1, 1.8457545510171855474902711497425, 900];[1, 1.0189391222968950410729666395335, 1261];[1, 1.2375454902648924192020759411781, 1383];[1, 1.3713861773794632496195899168535, 1743];[1, 1.5141377090011352054791480919759, -1649];[1, 1.6717435752403197026599902474571, -1289];[1, 1.8457545510171455740116207745374, -931];[1, 1.0189391222968949759186873147901, -570];[1, 1.1250000000000000733407716940468, -212];[1, 1.2421007028830388797972607651, 146];[1, 1.3713903609800350124698332007054, 506];[1, 1.5141377167114008144363954602689, 864];[1, 1.6717435752790670361920813729883, 1224];[1, 1.8457545510171851103142990264367, 1582];[1, 1.0189391222968949431189131973412, 1943]",32,0
C2_4_2,BigDecimal,Integer,IV32:w_big128|w_big128:comp1,32,"[1, 1.0, 254];[1, 2.0, 253];[1, 1.0, 0];[1, 0.0, 0];[1, 1.0, 0];[1, 2.0, 253];[1, 1.100040435791015625, 18];[1, 1.2190099354484118521213531494141, 36];[1, 1.3459001857787866729410097832442, 54];[1, 1.4859942891025064626490831431495, 72];[1, 1.6406707120152405439438683383704, 90];[1, 1.8114473285278132764142730299381, 108];[1, 1.999999999999999999892800770163, 126];[1, 1.1040895136738123376494859270794, 145];[1, 1.2190136542044754409116906674538, 163];[1, 1.3459001926323561319428326031403, 181];[1, 1.4859942891369484247998532867138, 199];[1, 1.640670712015275862340569365735, 217];[1, 1.8114473285278133431883457464302, 235];[1, 1.100040435791015625, 18];[1, 1.2190099354484118521213531494141, 36];[1, 1.3459001857787866729410097832442, 54];[1, 1.4859942891025064626490831431495, 72];[1, 1.6406707120152405439438683383704, 90];[1, 1.8114473285278132764142730299381, 108];[1, 1.999999999999999999892800770163, 126];[1, 1.1040895136738123376494859270794, 145];[1, 1.2190136542044754409116906674538, 163];[1, 1.3459001926323561319428326031403, 181];[1, 1.4859942891369484247998532867138, 199];[1, 1.640670712015275862340569365735, 217];[1, 1.8114473285278133431883457464302, 235]","[1, 1.0, 254];[1, 2.0, 253];[1, 1.0, 0];[1, 0.0, 0];[1, 1.0, 0];[1, 2.0, 253];[1, 1.100040435791015625, 18];[1, 1.2190099354484118521213531494141, 36];[1, 1.3459001857787866729410097832442, 54];[1, 1.4859942891025064626490831431495, 72];[1, 1.6406707120152405439438683383704, 90];[1, 1.8114473285278132764142730299381, 108];[1, 1.999999999999999999892800770163, 126];[1, 1.1040895136738123376494859270794, 145];[1, 1.2190136542044754409116906674538, 163];[1, 1.3459001926323561319428326031403, 181];[1, 1.4859942891369484247998532867138, 199];[1, 1.640670712015275862340569365735, 217];[1, 1.8114473285278133431883457464302, 235];[1, 1.100040435791015625, 18];[1, 1.2190099354484118521213531494141, 36];[1, 1.3459001857787866729410097832442, 54];[1, 1.4859942891025064626490831431495, 72];[1, 1.6406707120152405439438683383704, 90];[1, 1.8114473285278132764142730299381, 108];[1, 1.999999999999999999892800770163, 126];[1, 1.1040895136738123376494859270794, 145];[1, 1.2190136542044754409116906674538, 163];[1, 1.3459001926323561319428326031403, 181];[1, 1.4859942891369484247998532867138, 199];[1, 1.640670712015275862340569365735, 217];[1, 1.8114473285278133431883457464302, 235]","[1, 1.0, 508];[1, 2.0, 507];[1, 1.0, 0];[1, 0.0, 0];[1, 1.0, 0];[1, 2.0, 507];[1, 1.2100889603752875700592994689941, 36];[1, 1.4859852227219412306164338186815, 72];[1, 1.811447310079372479980187804661, 108];[1, 1.1040895136226317785873831492487, 145];[1, 1.3459001926322981860837698918383, 181];[1, 1.6406707120152757413828537285235, 217];[1, 1.999999999999999999785601540326, 253];[1, 1.2190136542044754409116480302276, 290];[1, 1.4859942891369484247998524696372, 326];[1, 1.8114473285278133431883457447864, 362];[1, 1.1040895136738123376495053876221, 399];[1, 1.3459001926323561319428326037509, 435];[1, 1.640670712015275862340569365735, 471];[1, 1.2100889603752875700592994689941, 36];[1, 1.4859852227219412306164338186815, 72];[1, 1.811447310079372479980187804661, 108];[1, 1.1040895136226317785873831492487, 145];[1, 1.3459001926322981860837698918383, 181];[1, 1.6406707120152757413828537285235, 217];[1, 1.999999999999999999785601540326, 253];[1, 1.2190136542044754409116480302276, 290];[1, 1.4859942891369484247998524696372, 326];[1, 1.8114473285278133431883457447864, 362];[1, 1.1040895136738123376495053876221, 399];[1, 1.3459001926323561319428326037509, 435];[1, 1.640670712015275862340569365735, 471]",32,0
C2_4_3,BigDecimal,Rational,IV32:w_big128|w_big128:comp1,32,"[1, 1.0, 254];[1, 2.0, 253];[1, 1.0, 0];[1, 0.0, 0];[1, 1.0, 0];[1, 2.0, 253];[1, 1.100040435791015625, 18];[1, 1.2190099354484118521213531494141, 36];[1, 1.3459001857787866729410097832442, 54];[1, 1.4859942891025064626490831431495, 72];[1, 1.6406707120152405439438683383704, 90];[1, 1.8114473285278132764142730299381, 108];[1, 1.999999999999999999892800770163, 126];[1, 1.1040895136738123376494859270794, 145];[1, 1.2190136542044754409116906674538, 163];[1, 1.3459001926323561319428326031403, 181];[1, 1.4859942891369484247998532867138, 199];[1, 1.640670712015275862340569365735, 217];[1, 1.8114473285278133431883457464302, 235];[1, 1.100040435791015625, 18];[1, 1.2190099354484118521213531494141, 36];[1, 1.3459001857787866729410097832442, 54];[1, 1.4859942891025064626490831431495, 72];[1, 1.6406707120152405439438683383704, 90];[1, 1.8114473285278132764142730299381, 108];[1, 1.999999999999999999892800770163, 126];[1, 1.1040895136738123376494859270794, 145];[1, 1.2190136542044754409116906674538, 163];[1, 1.3459001926323561319428326031403, 181];[1, 1.4859942891369484247998532867138, 199];[1, 1.640670712015275862340569365735, 217];[1, 1.8114473285278133431883457464302, 235]","[1, 1.0, 254];[1, 2.0, 253];[1, 1.0, 0];[1, 0.0, 0];[1, 1.0, 0];[1, 2.0, 253];[1, 1.100040435791015625, 18];[1, 1.2190099354484118521213531494141, 36];[1, 1.3459001857787866729410097832442, 54];[1, 1.4859942891025064626490831431495, 72];[1, 1.6406707120152405439438683383704, 90];[1, 1.8114473285278132764142730299381, 108];[1, 1.999999999999999999892800770163, 126];[1, 1.1040895136738123376494859270794, 145];[1, 1.2190136542044754409116906674538, 163];[1, 1.3459001926323561319428326031403, 181];[1, 1.4859942891369484247998532867138, 199];[1, 1.640670712015275862340569365735, 217];[1, 1.8114473285278133431883457464302, 235];[1, 1.100040435791015625, 18];[1, 1.2190099354484118521213531494141, 36];[1, 1.3459001857787866729410097832442, 54];[1, 1.4859942891025064626490831431495, 72];[1, 1.6406707120152405439438683383704, 90];[1, 1.8114473285278132764142730299381, 108];[1, 1.999999999999999999892800770163, 126];[1, 1.1040895136738123376494859270794, 145];[1, 1.2190136542044754409116906674538, 163];[1, 1.3459001926323561319428326031403, 181];[1, 1.4859942891369484247998532867138, 199];[1, 1.640670712015275862340569365735, 217];[1, 1.8114473285278133431883457464302, 235]","[1, 1.0, 508];[1, 2.0, 507];[1, 1.0, 0];[1, 0.0, 0];[1, 1.0, 0];[1, 2.0, 507];[1, 1.2100889603752875700592994689941, 36];[1, 1.4859852227219412306164338186815, 72];[1, 1.811447310079372479980187804661, 108];[1, 1.1040895136226317785873831492487, 145];[1, 1.3459001926322981860837698918383, 181];[1, 1.6406707120152757413828537285235, 217];[1, 1.999999999999999999785601540326, 253];[1, 1.2190136542044754409116480302276, 290];[1, 1.4859942891369484247998524696372, 326];[1, 1.8114473285278133431883457447864, 362];[1, 1.1040895136738123376495053876221, 399];[1, 1.3459001926323561319428326037509, 435];[1, 1.640670712015275862340569365735, 471];[1, 1.2100889603752875700592994689941, 36];[1, 1.4859852227219412306164338186815, 72];[1, 1.811447310079372479980187804661, 108];[1, 1.1040895136226317785873831492487, 145];[1, 1.3459001926322981860837698918383, 181];[1, 1.6406707120152757413828537285235, 217];[1, 1.999999999999999999785601540326, 253];[1, 1.2190136542044754409116480302276, 290];[1, 1.4859942891369484247998524696372, 326];[1, 1.8114473285278133431883457447864, 362];[1, 1.1040895136738123376495053876221, 399];[1, 1.3459001926323561319428326037509, 435];[1, 1.640670712015275862340569365735, 471]",32,0
C2_4_4,BigDecimal,BigDecimal,IV32:w_big128|w_big128:comp1,32,"[1, 1.0, 254];[1, 2.0, 253];[1, 1.0, 0];[1, 0.0, 0];[1, 1.0, 0];[1, 2.0, 253];[1, 1.100040435791015625, 18];[1, 1.2190099354484118521213531494141, 36];[1, 1.3459001857787866729410097832442, 54];[1, 1.4859942891025064626490831431495, 72];[1, 1.6406707120152405439438683383704, 90];[1, 1.8114473285278132764142730299381, 108];[1, 1.999999999999999999892800770163, 126];[1, 1.1040895136738123376494859270794, 145];[1, 1.2190136542044754409116906674538, 163];[1, 1.3459001926323561319428326031403, 181];[1, 1.4859942891369484247998532867138, 199];[1, 1.640670712015275862340569365735, 217];[1, 1.8114473285278133431883457464302, 235];[1, 1.100040435791015625, 18];[1, 1.2190099354484118521213531494141, 36];[1, 1.3459001857787866729410097832442, 54];[1, 1.4859942891025064626490831431495, 72];[1, 1.6406707120152405439438683383704, 90];[1, 1.8114473285278132764142730299381, 108];[1, 1.999999999999999999892800770163, 126];[1, 1.1040895136738123376494859270794, 145];[1, 1.2190136542044754409116906674538, 163];[1, 1.3459001926323561319428326031403, 181];[1, 1.4859942891369484247998532867138, 199];[1, 1.640670712015275862340569365735, 217];[1, 1.8114473285278133431883457464302, 235]","[1, 1.0, 254];[1, 2.0, 253];[1, 1.0, 0];[1, 0.0, 0];[1, 1.0, 0];[1, 2.0, 253];[1, 1.100040435791015625, 18];[1, 1.2190099354484118521213531494141, 36];[1, 1.3459001857787866729410097832442, 54];[1, 1.4859942891025064626490831431495, 72];[1, 1.6406707120152405439438683383704, 90];[1, 1.8114473285278132764142730299381, 108];[1, 1.999999999999999999892800770163, 126];[1, 1.1040895136738123376494859270794, 145];[1, 1.2190136542044754409116906674538, 163];[1, 1.3459001926323561319428326031403, 181];[1, 1.4859942891369484247998532867138, 199];[1, 1.640670712015275862340569365735, 217];[1, 1.8114473285278133431883457464302, 235];[1, 1.100040435791015625, 18];[1, 1.2190099354484118521213531494141, 36];[1, 1.3459001857787866729410097832442, 54];[1, 1.4859942891025064626490831431495, 72];[1, 1.6406707120152405439438683383704, 90];[1, 1.8114473285278132764142730299381, 108];[1, 1.999999999999999999892800770163, 126];[1, 1.1040895136738123376494859270794, 145];[1, 1.2190136542044754409116906674538, 163];[1, 1.3459001926323561319428326031403, 181];[1, 1.4859942891369484247998532867138, 199];[1, 1.640670712015275862340569365735, 217];[1, 1.8114473285278133431883457464302, 235]","[1, 1.0, 508];[1, 2.0, 507];[1, 1.0, 0];[1, 0.0, 0];[1, 1.0, 0];[1, 2.0, 507];[1, 1.2100889603752875700592994689941, 36];[1, 1.4859852227219412306164338186815, 72];[1, 1.811447310079372479980187804661, 108];[1, 1.1040895136226317785873831492487, 145];[1, 1.3459001926322981860837698918383, 181];[1, 1.6406707120152757413828537285235, 217];[1, 1.999999999999999999785601540326, 253];[1, 1.2190136542044754409116480302276, 290];[1, 1.4859942891369484247998524696372, 326];[1, 1.8114473285278133431883457447864, 362];[1, 1.1040895136738123376495053876221, 399];[1, 1.3459001926323561319428326037509, 435];[1, 1.640670712015275862340569365735, 471];[1, 1.2100889603752875700592994689941, 36];[1, 1.4859852227219412306164338186815, 72];[1, 1.811447310079372479980187804661, 108];[1, 1.1040895136226317785873831492487, 145];[1, 1.3459001926322981860837698918383, 181];[1, 1.6406707120152757413828537285235, 217];[1, 1.999999999999999999785601540326, 253];[1, 1.2190136542044754409116480302276, 290];[1, 1.4859942891369484247998524696372, 326];[1, 1.8114473285278133431883457447864, 362];[1, 1.1040895136738123376495053876221, 399];[1, 1.3459001926323561319428326037509, 435];[1, 1.640670712015275862340569365735, 471]",32,0
C2_4_5,BigDecimal,Float,IV32:w_big128|f_b64:comp1,32,"[-1, 0.0, 0];[1, 0.0, 0];[-1, 1.0120112665365530917624767335946, -1074];[-1, 0.0, 0];[1, 1.9999999999999996556606593056223, -1023];[1, 2.0, 126];[1, 1.048828125, 9];[1, 1.1040878295898436395912170410156, 18];[1, 1.1601293832063669068786735417428, 1051];[-1, 1.2190136541903478457401309480567, 1060];[1, 1.9213300346463883110283267944242, -807];[1, 1.0094251444742669923603102173214, -626];[1, 1.0606601717798212756760015704423, -447];[1, 1.1144957168527113229398144323217, -267];[1, 1.1710637732335647081957995966111, -88];[1, 1.2305030340114568967554270240221, 91];[1, 1.2929592318704666540846890872838, 271];[1, 1.3585854963958600818647212853047, 450];[1, 1.4275427295159290138994239455299, 630];[-1, 1.5732421874999998989838148750877, 691];[-1, 1.6561317443847655742691733848452, 871];[1, 1.740194074809551353035731229237, -825];[1, 1.8285204812855225325126981295187, -645];[1, 1.9213300346463881653987156401021, -466];[1, 1.0094251444742670842830511301172, -285];[1, 1.0606601717798208978783483919339, -106];[1, 1.1144957168527113185998801430548, 73];[1, 1.1710637732335651987172982651043, 253];[1, 1.2305030340114569642078038948744, 432];[1, 1.2929592318704662231379026161986, 612];[1, 1.3585854963958599201579489508955, 791];[1, 1.4275427295159293711661793903743, 971]","[-1, 0.0, 0];[1, 0.0, 0];[-1, 1.0120112665365530917624767335946, -1074];[-1, 0.0, 0];[1, 1.9999999999999996556606593056223, -1023];[1, 2.0, 126];[1, 1.048828125, 9];[1, 1.1040878295898436395912170410156, 18];[1, 1.1601293832063669068786735417428, 1051];[-1, 1.2190136541903478457401309480567, 1060];[1, 1.9213300346463883110283267944242, -807];[1, 1.0094251444742669923603102173214, -626];[1, 1.0606601717798212756760015704423, -447];[1, 1.1144957168527113229398144323217, -267];[1, 1.1710637732335647081957995966111, -88];[1, 1.2305030340114568967554270240221, 91];[1, 1.2929592318704666540846890872838, 271];[1, 1.3585854963958600818647212853047, 450];[1, 1.4275427295159290138994239455299, 630];[-1, 1.5732421874999998989838148750877, 691];[-1, 1.6561317443847655742691733848452, 871];[1, 1.740194074809551353035731229237, -825];[1, 1.8285204812855225325126981295187, -645];[1, 1.9213300346463881653987156401021, -466];[1, 1.0094251444742670842830511301172, -285];[1, 1.0606601717798208978783483919339, -106];[1, 1.1144957168527113185998801430548, 73];[1, 1.1710637732335651987172982651043, 253];[1, 1.2305030340114569642078038948744, 432];[1, 1.2929592318704662231379026161986, 612];[1, 1.3585854963958599201579489508955, 791];[1, 1.4275427295159293711661793903743, 971]","[1, 0.0, 0];[1, 0.0, 0];[1, 1.0241668035969183036294057212011, -2148];[1, 0.0, 0];[1, 1.9999999999999993113213186112446, -2045];[1, 2.0, 253];[1, 1.100040435791015625, 18];[1, 1.2190099354484116083193660597317, 36];[1, 1.3459001857787853137401352839357, 2102];[1, 1.4859942891025049619696430252362, 2120];[1, 1.8457545510171458538141666192112, -1613];[1, 1.0189391222968947903404352620511, -1252];[1, 1.1249999999999999768240131546002, -894];[1, 1.2421007028830388895293480215848, -534];[1, 1.3713903609800338658933866696332, -176];[1, 1.5141377167114006484356866785328, 182];[1, 1.6717435752790671531106774182105, 542];[1, 1.8457545510171855474902711490089, 900];[1, 1.0189391222968944331053539644213, 1261];[1, 1.2375454902648924192020759411781, 1383];[1, 1.3713861773794632496195899168535, 1743];[1, 1.5141377090011352054791480919759, -1649];[1, 1.6717435752403194790272184806816, -1289];[1, 1.8457545510171455740116207745374, -931];[1, 1.0189391222968949759186873147901, -570];[1, 1.1249999999999991753941657179402, -212];[1, 1.2421007028830388798556716679644, 146];[1, 1.3713903609800350147573008354506, 506];[1, 1.5141377167114008144363954602689, 864];[1, 1.67174357527906603871742539281, 1224];[1, 1.8457545510171851081053200239775, 1582];[1, 1.0189391222968949431189131974545, 1943]",32,0
C2_4_6,BigDecimal,Rational,IV32:w_big128|f_b64:comp1,32,"[-1, 0.0, 0];[-1, 0.0, 0];[-1, 1.0000000003213205717898506918868, -1074];[-1, 0.0, 0];[1, 1.0000000006708984563376622339967, -1022];[1, 2.0, 126];[1, 1.048828125, 9];[1, 1.10408782958984375, 18];[1, 1.1601293800685040578128887112337, 1051];[-1, 1.2190136541903483271903171287118, 1060];[1, 1.9213300346463881840934521890223, -807];[1, 1.0094251444742670801317574001315, -626];[1, 1.0606601717798212865728410525749, -447];[1, 1.1144957168527113185998801433291, -267];[1, 1.1710637732335651373493129740449, -88];[1, 1.2305030340114568967554270240221, 91];[1, 1.2929592318704665863289400459208, 271];[1, 1.3585854963958600073912593098227, 450];[1, 1.4275427295159294148948398319993, 630];[-1, 1.5732421895552990319544343743012, 691];[-1, 1.6561317435454621678905376752712, 871];[1, 1.7401940754255863945797250255596, -825];[1, 1.8285204812855226915060516479976, -645];[1, 1.9213300346463881825725983564812, -466];[1, 1.0094251444742670797613418102006, -285];[1, 1.0606601717798212865728410598727, -106];[1, 1.1144957168527113185998801430548, 73];[1, 1.1710637732335651373493129694314, 253];[1, 1.2305030340114568967554270240221, 432];[1, 1.2929592318704665863289400459208, 612];[1, 1.3585854963958600073912593098227, 791];[1, 1.4275427295159294148948398319993, 971]","[-1, 0.0, 0];[-1, 0.0, 0];[-1, 1.0000000003213205717898506918868, -1074];[-1, 0.0, 0];[1, 1.0000000006708984563376622339967, -1022];[1, 2.0, 126];[1, 1.048828125, 9];[1, 1.10408782958984375, 18];[1, 1.1601293800685040578128887112337, 1051];[-1, 1.2190136541903483271903171287118, 1060];[1, 1.9213300346463881840934521890223, -807];[1, 1.0094251444742670801317574001315, -626];[1, 1.0606601717798212865728410525749, -447];[1, 1.1144957168527113185998801433291, -267];[1, 1.1710637732335651373493129740449, -88];[1, 1.2305030340114568967554270240221, 91];[1, 1.2929592318704665863289400459208, 271];[1, 1.3585854963958600073912593098227, 450];[1, 1.4275427295159294148948398319993, 630];[-1, 1.5732421895552990319544343743012, 691];[-1, 1.6561317435454621678905376752712, 871];[1, 1.7401940754255863945797250255596, -825];[1, 1.8285204812855226915060516479976, -645];[1, 1.9213300346463881825725983564812, -466];[1, 1.0094251444742670797613418102006, -285];[1, 1.0606601717798212865728410598727, -106];[1, 1.1144957168527113185998801430548, 73];[1, 1.1710637732335651373493129694314, 253];[1, 1.2305030340114568967554270240221, 432];[1, 1.2929592318704665863289400459208, 612];[1, 1.3585854963958600073912593098227, 791];[1, 1.4275427295159294148948398319993, 971]","[1, 0.0, 0];[1, 0.0, 0];[1, 1.0000000006426411436829482936289, -2148];[1, 0.0, 0];[1, 1.0000000013417969131254292067097, -2044];[1, 2.0, 253];[1, 1.100040435791015625, 18];[1, 1.2190099354484118521213531494141, 36];[1, 1.3459001784981315402405942790819, 2102];[1, 1.4859942891025061357583445586436, 2120];[1, 1.8457545510171456099303795957793, -1613];[1, 1.0189391222968949675378467684982, -1252];[1, 1.1249999999999999999397004285519, -894];[1, 1.2421007028830388798556716685758, -534];[1, 1.3713903609800348710256520140706, -176];[1, 1.5141377167114006484356866785328, 182];[1, 1.671743575279066977899834947553, 542];[1, 1.8457545510171853451331405364519, 900];[1, 1.018939122296895005543444482367, 1261];[1, 1.2375454934983757252357537907273, 1383];[1, 1.3713861759894662354978792816539, 1743];[1, 1.5141377100731557348388114942337, -1649];[1, 1.6717435752403197697498217774898, -1289];[1, 1.8457545510171456070083174490112, -931];[1, 1.0189391222968949667900331477352, -570];[1, 1.1249999999999999999397004440329, -212];[1, 1.2421007028830388798556716679644, 146];[1, 1.3713903609800348710256520032654, 506];[1, 1.5141377167114006484356866785328, 864];[1, 1.671743575279066977899834947553, 1224];[1, 1.8457545510171853451331405364519, 1582];[1, 1.018939122296895005543444482367, 1943]",32,0
C2_4_7,BigDecimal,BigDecimal,IV32:w_big128|f_b64:comp1,32,"[-1, 0.0, 0];[1, 0.0, 0];[-1, 1.0120112665365530917624767335946, -1074];[-1, 0.0, 0];[1, 1.0000000000000000075996431390427, -1022];[1, 2.0, 126];[1, 1.048828125000000209765625, 9];[1, 1.1040878295898436395912170410156, 18];[1, 1.1601293832063673586190470769929, 1051];[-1, 1.2190136541903483204093285909561, 1060];[1, 1.9213300346463883110283267944242, -807];[1, 1.0094251444742670598768080502522, -626];[1, 1.0606601717798212756760015704423, -447];[1, 1.1144957168527113229398144323217, -267];[1, 1.1710637732335651755525731773458, -88];[1, 1.2305030340114568967554270240221, 91];[1, 1.2929592318704666540846890872838, 271];[1, 1.3585854963958600818647212853047, 450];[1, 1.4275427295159294397834273486249, 630];[-1, 1.5732421874999998989838148750877, 691];[-1, 1.6561317443847655742691733848452, 871];[1, 1.740194074809551353035731229237, -825];[1, 1.8285204812855226548152777591178, -645];[1, 1.9213300346463881653987156401021, -466];[1, 1.0094251444742670842830511301172, -285];[1, 1.0606601717798213211744378780339, -106];[1, 1.1144957168527113185998801430548, 73];[1, 1.1710637732335651987172982651043, 253];[1, 1.2305030340114569642078038948744, 432];[1, 1.2929592318704666088711227298319, 612];[1, 1.3585854963958599201579489508955, 791];[1, 1.4275427295159293711661793903743, 971]","[-1, 0.0, 0];[1, 0.0, 0];[-1, 1.0120112665365530917624767335946, -1074];[-1, 0.0, 0];[1, 1.0000000000000000075996431390427, -1022];[1, 2.0, 126];[1, 1.048828125000000209765625, 9];[1, 1.1040878295898436395912170410156, 18];[1, 1.1601293832063673586190470769929, 1051];[-1, 1.2190136541903483204093285909561, 1060];[1, 1.9213300346463883110283267944242, -807];[1, 1.0094251444742670598768080502522, -626];[1, 1.0606601717798212756760015704423, -447];[1, 1.1144957168527113229398144323217, -267];[1, 1.1710637732335651755525731773458, -88];[1, 1.2305030340114568967554270240221, 91];[1, 1.2929592318704666540846890872838, 271];[1, 1.3585854963958600818647212853047, 450];[1, 1.4275427295159294397834273486249, 630];[-1, 1.5732421874999998989838148750877, 691];[-1, 1.6561317443847655742691733848452, 871];[1, 1.740194074809551353035731229237, -825];[1, 1.8285204812855226548152777591178, -645];[1, 1.9213300346463881653987156401021, -466];[1, 1.0094251444742670842830511301172, -285];[1, 1.0606601717798213211744378780339, -106];[1, 1.1144957168527113185998801430548, 73];[1, 1.1710637732335651987172982651043, 253];[1, 1.2305030340114569642078038948744, 432];[1, 1.2929592318704666088711227298319, 612];[1, 1.3585854963958599201579489508955, 791];[1, 1.4275427295159293711661793903743, 971]","[1, 0.0, 0];[1, 0.0, 0];[1, 1.0241668035969183036294057212011, -2148];[1, 0.0, 0];[1, 1.0000000000000000151992862780855, -2044];[1, 2.0, 253];[1, 1.1000404357910160650161743164063, 18];[1, 1.2190099354484116083193660597317, 36];[1, 1.3459001857787863618946971216628, 2102];[1, 1.4859942891025061192261093257787, 2120];[1, 1.8457545510171458538141666192112, -1613];[1, 1.0189391222968949266461364208566, -1252];[1, 1.1249999999999999768240131546002, -894];[1, 1.2421007028830388895293480215848, -534];[1, 1.3713903609800349605025601010732, -176];[1, 1.5141377167114006484356866785328, 182];[1, 1.6717435752790671531106774182105, 542];[1, 1.8457545510171855474902711490089, 900];[1, 1.0189391222968950410729666396469, 1261];[1, 1.2375454902648924192020759411781, 1383];[1, 1.3713861773794632496195899168535, 1743];[1, 1.5141377090011352054791480919759, -1649];[1, 1.6717435752403197026599902474571, -1289];[1, 1.8457545510171455740116207745374, -931];[1, 1.0189391222968949759186873147901, -570];[1, 1.1250000000000000733407716940468, -212];[1, 1.2421007028830388798556716679644, 146];[1, 1.3713903609800350147573008354506, 506];[1, 1.5141377167114008144363954602689, 864];[1, 1.6717435752790670361920813628999, 1224];[1, 1.8457545510171851081053200239775, 1582];[1, 1.0189391222968949431189131974545, 1943]",32,0
C2_5_2,Float,Integer,IV32:f_b64|w_big128:comp1,32,"[-1, 0.0, 0];[1, 0.0, 0];[-1, 1.0120112665365530917624767335946, -1074];[-1, 0.0, 0];[1, 1.0000000000000000075996431390427, -1022];[1, 1.999999999999999979644113570913, 126];[1, 1.0488281250000001953125, 9];[1, 1.1040878295898435211181640625, 18];[1, inf];[-1, inf];[1, 1.9213300346463881606914086996258, -807];[1, 1.0094251444742670479849818137986, -626];[1, 1.0606601717798213575682410187511, -447];[1, 1.1144957168527112386271798525064, -267];[1, 1.1710637732335652329850579349786, -88];[1, 1.2305030340114568391382355494864, 91];[1, 1.2929592318704666682093236698302, 271];[1, 1.3585854963958600475791521589847, 450];[1, 1.4275427295159292790613917778148, 630];[-1, 1.5732421874999999700390132569356, 691];[-1, 1.6561317443847656471839693286783, 871];[1, 1.7401940748095512655143011403427, -825];[1, 1.8285204812855226806075386533309, -645];[1, 1.9213300346463882634496889822737, -466];[1, 1.0094251444742669476697822221989, -285];[1, 1.0606601717798214230259357496489, -106];[1, 1.1144957168527112492228525048032, 73];[1, 1.1710637732335652113318278749235, 253];[1, 1.2305030340114568651303234628825, 432];[1, 1.2929592318704665984640022636822, 612];[1, 1.3585854963958600178826375825434, 791];[1, 1.4275427295159292328642001110947, 971]","[-1, 0.0, 0];[1, 0.0, 0];[-1, 1.0120112665365530917624767335946, -1074];[-1, 0.0, 0];[1, 1.0000000000000000075996431390427, -1022];[1, 1.999999999999999979644113570913, 126];[1, 1.0488281250000001953125, 9];[1, 1.1040878295898435211181640625, 18];[1, inf];[-1, inf];[1, 1.9213300346463881606914086996258, -807];[1, 1.0094251444742670479849818137986, -626];[1, 1.0606601717798213575682410187511, -447];[1, 1.1144957168527112386271798525064, -267];[1, 1.1710637732335652329850579349786, -88];[1, 1.2305030340114568391382355494864, 91];[1, 1.2929592318704666682093236698302, 271];[1, 1.3585854963958600475791521589847, 450];[1, 1.4275427295159292790613917778148, 630];[-1, 1.5732421874999999700390132569356, 691];[-1, 1.6561317443847656471839693286783, 871];[1, 1.7401940748095512655143011403427, -825];[1, 1.8285204812855226806075386533309, -645];[1, 1.9213300346463882634496889822737, -466];[1, 1.0094251444742669476697822221989, -285];[1, 1.0606601717798214230259357496489, -106];[1, 1.1144957168527112492228525048032, 73];[1, 1.1710637732335652113318278749235, 253];[1, 1.2305030340114568651303234628825, 432];[1, 1.2929592318704665984640022636822, 612];[1, 1.3585854963958600178826375825434, 791];[1, 1.4275427295159292328642001110947, 971]","[1, 0.0, 0];[1, 0.0, 0];[1, 0.0, 0];[1, 0.0, 0];[1, 0.0, 0];[1, 1.0000000000000000395228123538898, 254];[1, 1.1000404357910160064697265625, 18];[1, 1.2190099354484114155638962984085, 36];[1, inf];[1, inf];[1, 0.0, 0];[1, 0.0, 0];[1, 1.1250000000000002748447264243972, -894];[1, 1.242100702883038642743441577494, -534];[1, 1.3713903609800349165634344713221, -176];[1, 1.51413771671140052458452905821, 182];[1, 1.6717435752790670441598716257902, 542];[1, 1.8457545510171858169970364020204, 900];[1, inf];[1, inf];[1, inf];[1, 0.0, 0];[1, 0.0, 0];[1, 1.8457545510171456350765167713018, -931];[1, 1.0189391222968948273508643652929, -570];[1, 1.1250000000000001483947711368777, -212];[1, 1.2421007028830385914053919349211, 146];[1, 1.3713903609800348701994330295519, 506];[1, 1.5141377167114005513739898544459, 864];[1, inf];[1, inf];[1, inf]",32,0
C2_5_3,Float,Rational,IV32:f_b64|w_big128:comp1,32,"[-1, 0.0, 0];[1, 0.0, 0];[-1, 1.0120112665365530917624767335946, -1074];[-1, 0.0, 0];[1, 1.0000000000000000075996431390427, -1022];[1, 1.999999999999999979644113570913, 126];[1, 1.0488281250000001953125, 9];[1, 1.1040878295898435211181640625, 18];[1, inf];[-1, inf];[1, 1.9213300346463881606914086996258, -807];[1, 1.0094251444742670479849818137986, -626];[1, 1.0606601717798213575682410187511, -447];[1, 1.1144957168527112386271798525064, -267];[1, 1.1710637732335652329850579349786, -88];[1, 1.2305030340114568391382355494864, 91];[1, 1.2929592318704666682093236698302, 271];[1, 1.3585854963958600475791521589847, 450];[1, 1.4275427295159292790613917778148, 630];[-1, 1.5732421874999999700390132569356, 691];[-1, 1.6561317443847656471839693286783, 871];[1, 1.7401940748095512655143011403427, -825];[1, 1.8285204812855226806075386533309, -645];[1, 1.9213300346463882634496889822737, -466];[1, 1.0094251444742669476697822221989, -285];[1, 1.0606601717798214230259357496489, -106];[1, 1.1144957168527112492228525048032, 73];[1, 1.1710637732335652113318278749235, 253];[1, 1.2305030340114568651303234628825, 432];[1, 1.2929592318704665984640022636822, 612];[1, 1.3585854963958600178826375825434, 791];[1, 1.4275427295159292328642001110947, 971]","[-1, 0.0, 0];[1, 0.0, 0];[-1, 1.0120112665365530917624767335946, -1074];[-1, 0.0, 0];[1, 1.0000000000000000075996431390427, -1022];[1, 1.999999999999999979644113570913, 126];[1, 1.0488281250000001953125, 9];[1, 1.1040878295898435211181640625, 18];[1, inf];[-1, inf];[1, 1.9213300346463881606914086996258, -807];[1, 1.0094251444742670479849818137986, -626];[1, 1.0606601717798213575682410187511, -447];[1, 1.1144957168527112386271798525064, -267];[1, 1.1710637732335652329850579349786, -88];[1, 1.2305030340114568391382355494864, 91];[1, 1.2929592318704666682093236698302, 271];[1, 1.3585854963958600475791521589847, 450];[1, 1.4275427295159292790613917778148, 630];[-1, 1.5732421874999999700390132569356, 691];[-1, 1.6561317443847656471839693286783, 871];[1, 1.7401940748095512655143011403427, -825];[1, 1.8285204812855226806075386533309, -645];[1, 1.9213300346463882634496889822737, -466];[1, 1.0094251444742669476697822221989, -285];[1, 1.0606601717798214230259357496489, -106];[1, 1.1144957168527112492228525048032, 73];[1, 1.1710637732335652113318278749235, 253];[1, 1.2305030340114568651303234628825, 432];[1, 1.2929592318704665984640022636822, 612];[1, 1.3585854963958600178826375825434, 791];[1, 1.4275427295159292328642001110947, 971]","[1, 0.0, 0];[1, 0.0, 0];[1, 0.0, 0];[1, 0.0, 0];[1, 0.0, 0];[1, 1.0000000000000000395228123538898, 254];[1, 1.1000404357910160064697265625, 18];[1, 1.2190099354484114155638962984085, 36];[1, inf];[1, inf];[1, 0.0, 0];[1, 0.0, 0];[1, 1.1250000000000002748447264243972, -894];[1, 1.242100702883038642743441577494, -534];[1, 1.3713903609800349165634344713221, -176];[1, 1.51413771671140052458452905821, 182];[1, 1.6717435752790670441598716257902, 542];[1, 1.8457545510171858169970364020204, 900];[1, inf];[1, inf];[1, inf];[1, 0.0, 0];[1, 0.0, 0];[1, 1.8457545510171456350765167713018, -931];[1, 1.0189391222968948273508643652929, -570];[1, 1.1250000000000001483947711368777, -212];[1, 1.2421007028830385914053919349211, 146];[1, 1.3713903609800348701994330295519, 506];[1, 1.5141377167114005513739898544459, 864];[1, inf];[1, inf];[1, inf]",32,0
C2_5_4,Float,BigDecimal,IV32:f_b64|w_big128:comp1,32,"[-1, 0.0, 0];[1, 0.0, 0];[-1, 1.0120112665365530917624767335946, -1074];[-1, 0.0, 0];[1, 1.9999999999999996556606593056223, -1023];[1, 2.0, 126];[1, 1.048828125, 9];[1, 1.1040878295898436395912170410156, 18];[1, 1.1601293832063669068786735417428, 1051];[-1, 1.2190136541903478457401309480567, 1060];[1, 1.9213300346463883110283267944242, -807];[1, 1.0094251444742669923603102173214, -626];[1, 1.0606601717798212756760015704423, -447];[1, 1.1144957168527113229398144323217, -267];[1, 1.1710637732335647081957995966111, -88];[1, 1.2305030340114568967554270240221, 91];[1, 1.2929592318704666540846890872838, 271];[1, 1.3585854963958600818647212853047, 450];[1, 1.4275427295159290138994239455299, 630];[-1, 1.5732421874999998989838148750877, 691];[-1, 1.6561317443847655742691733848452, 871];[1, 1.740194074809551353035731229237, -825];[1, 1.8285204812855225325126981295187, -645];[1, 1.9213300346463881653987156401021, -466];[1, 1.0094251444742670842830511301172, -285];[1, 1.0606601717798208978783483919339, -106];[1, 1.1144957168527113185998801430548, 73];[1, 1.1710637732335651987172982651043, 253];[1, 1.2305030340114569642078038948744, 432];[1, 1.2929592318704662231379026161986, 612];[1, 1.3585854963958599201579489508955, 791];[1, 1.4275427295159293711661793903743, 971]","[-1, 0.0, 0];[1, 0.0, 0];[-1, 1.0120112665365530917624767335946, -1074];[-1, 0.0, 0];[1, 1.9999999999999996556606593056223, -1023];[1, 2.0, 126];[1, 1.048828125, 9];[1, 1.1040878295898436395912170410156, 18];[1, 1.1601293832063669068786735417428, 1051];[-1, 1.2190136541903478457401309480567, 1060];[1, 1.9213300346463883110283267944242, -807];[1, 1.0094251444742669923603102173214, -626];[1, 1.0606601717798212756760015704423, -447];[1, 1.1144957168527113229398144323217, -267];[1, 1.1710637732335647081957995966111, -88];[1, 1.2305030340114568967554270240221, 91];[1, 1.2929592318704666540846890872838, 271];[1, 1.3585854963958600818647212853047, 450];[1, 1.4275427295159290138994239455299, 630];[-1, 1.5732421874999998989838148750877, 691];[-1, 1.6561317443847655742691733848452, 871];[1, 1.740194074809551353035731229237, -825];[1, 1.8285204812855225325126981295187, -645];[1, 1.9213300346463881653987156401021, -466];[1, 1.0094251444742670842830511301172, -285];[1, 1.0606601717798208978783483919339, -106];[1, 1.1144957168527113185998801430548, 73];[1, 1.1710637732335651987172982651043, 253];[1, 1.2305030340114569642078038948744, 432];[1, 1.2929592318704662231379026161986, 612];[1, 1.3585854963958599201579489508955, 791];[1, 1.4275427295159293711661793903743, 971]","[1, 0.0, 0];[1, 0.0, 0];[1, 1.0241668035969183036294057212011, -2148];[1, 0.0, 0];[1, 1.9999999999999993113213186112446, -2045];[1, 2.0, 253];[1, 1.100040435791015625, 18];[1, 1.2190099354484116083193660597317, 36];[1, 1.3459001857787853137401352839357, 2102];[1, 1.4859942891025049619696430252362, 2120];[1, 1.8457545510171458538141666192112, -1613];[1, 1.0189391222968947903404352620511, -1252];[1, 1.1249999999999999768240131546002, -894];[1, 1.2421007028830388895293480215848, -534];[1, 1.3713903609800338658933866696332, -176];[1, 1.5141377167114006484356866785328, 182];[1, 1.6717435752790671531106774182105, 542];[1, 1.8457545510171855474902711490089, 900];[1, 1.0189391222968944331053539644213, 1261];[1, 1.2375454902648924192020759411781, 1383];[1, 1.3713861773794632496195899168535, 1743];[1, 1.5141377090011352054791480919759, -1649];[1, 1.6717435752403194790272184806816, -1289];[1, 1.8457545510171455740116207745374, -931];[1, 1.0189391222968949759186873147901, -570];[1, 1.1249999999999991753941657179402, -212];[1, 1.2421007028830388798556716679644, 146];[1, 1.3713903609800350147573008354506, 506];[1, 1.5141377167114008144363954602689, 864];[1, 1.67174357527906603871742539281, 1224];[1, 1.8457545510171851081053200239775, 1582];[1, 1.0189391222968949431189131974545, 1943]",32,0
C2_5_5,Float,Float,IV32:f_b64|f_b64:comp1,32,"[1, 0.0, 0];[1, 0.0, 0];[1, 0.0, 0];[1, 0.0, 0];[1, 0.0, 0];[1, 1.0, 0];[1, 1.0000000000000004, 0];[1, 1.9999999999999996, -1];[1, inf];[1, inf];[1, 0.0, 0];[1, 0.0, 0];[1, 1.1249999999999999748428522527547, -1021];[1, 1.1249999999999999019333377682797, -679];[1, 1.1250000000000000043808387969521, -339];[1, 1.125, 1];[1, 1.1250000000000000058590950956315, 343];[1, 1.1250000000000000523548994809611, 683];[1, inf];[1, inf];[1, inf];[1, 0.0, 0];[1, 0.0, 0];[1, 1.1249999999999999748428522527547, -1021];[1, 1.1249999999999999019333377682797, -679];[1, 1.1250000000000000043808387969521, -339];[1, 1.125, 1];[1, 1.1250000000000000058590950956315, 343];[1, 1.1250000000000000523548994809611, 683];[1, inf];[1, inf];[1, inf]","[1, 0.0, 0];[1, 0.0, 0];[1, 0.0, 0];[1, 0.0, 0];[1, 0.0, 0];[1, 1.0, 0];[1, 1.0000000000000004, 0];[1, 1.9999999999999996, -1];[1, inf];[1, inf];[1, 0.0, 0];[1, 0.0, 0];[1, 1.1249999999999999748428522527547, -1021];[1, 1.1249999999999999019333377682797, -679];[1, 1.1250000000000000043808387969521, -339];[1, 1.125, 1];[1, 1.1250000000000000058590950956315, 343];[1, 1.1250000000000000523548994809611, 683];[1, inf];[1, inf];[1, inf];[1, 0.0, 0];[1, 0.0, 0];[1, 1.1249999999999999748428522527547, -1021];[1, 1.1249999999999999019333377682797, -679];[1, 1.1250000000000000043808387969521, -339];[1, 1.125, 1];[1, 1.1250000000000000058590950956315, 343];[1, 1.1250000000000000523548994809611, 683];[1, inf];[1, inf];[1, inf]","[1, 0.0, 0];[1, 0.0, 0];[1, 0.0, 0];[1, 0.0, 0];[1, 0.0, 0];[1, 1.0, 0];[1, 1.0000000000000009, 0];[1, 1.9999999999999992, -1];[1, inf];[1, inf];[1, 0.0, 0];[1, 0.0, 0];[1, 0.0, 0];[1, 0.0, 0];[1, 1.2656249999999999837335645539357, -678];[1, 1.265625, 2];[1, 1.2656249999999999654568092495416, 686];[1, inf];[1, inf];[1, inf];[1, inf];[1, 0.0, 0];[1, 0.0, 0];[1, 0.0, 0];[1, 0.0, 0];[1, 1.2656249999999999837335645539357, -678];[1, 1.265625, 2];[1, 1.2656249999999999654568092495416, 686];[1, inf];[1, inf];[1, inf];[1, inf]",32,0
C2_5_6,Float,Rational,IV32:f_b64|f_b64:comp1,32,"[1, 0.0, 0];[-1, 0.0, 0];[1, 0.0, 0];[1, 0.0, 0];[1, 0.0, 0];[1, 1.0, 0];[1, 1.0000000000000004, 0];[1, 1.9999999999999996, -1];[1, inf];[1, inf];[1, 0.0, 0];[1, 0.0, 0];[1, 1.1249999999999999748428522527547, -1021];[1, 1.1249999999999999019333377682797, -679];[1, 1.1250000000000000043808387969521, -339];[1, 1.125, 1];[1, 1.1250000000000000058590950956315, 343];[1, 1.1250000000000000523548994809611, 683];[1, inf];[1, inf];[1, inf];[1, 0.0, 0];[1, 0.0, 0];[1, 1.1249999999999999748428522527547, -1021];[1, 1.1249999999999999019333377682797, -679];[1, 1.1250000000000000043808387969521, -339];[1, 1.125, 1];[1, 1.1250000000000000058590950956315, 343];[1, 1.1250000000000000523548994809611, 683];[1, inf];[1, inf];[1, inf]","[1, 0.0, 0];[-1, 0.0, 0];[1, 0.0, 0];[1, 0.0, 0];[1, 0.0, 0];[1, 1.0, 0];[1, 1.0000000000000004, 0];[1, 1.9999999999999996, -1];[1, inf];[1, inf];[1, 0.0, 0];[1, 0.0, 0];[1, 1.1249999999999999748428522527547, -1021];[1, 1.1249999999999999019333377682797, -679];[1, 1.1250000000000000043808387969521, -339];[1, 1.125, 1];[1, 1.1250000000000000058590950956315, 343];[1, 1.1250000000000000523548994809611, 683];[1, inf];[1, inf];[1, inf];[1, 0.0, 0];[1, 0.0, 0];[1, 1.1249999999999999748428522527547, -1021];[1, 1.1249999999999999019333377682797, -679];[1, 1.1250000000000000043808387969521, -339];[1, 1.125, 1];[1, 1.1250000000000000058590950956315, 343];[1, 1.1250000000000000523548994809611, 683];[1, inf];[1, inf];[1, inf]","[1, 0.0, 0];[1, 0.0, 0];[1, 0.0, 0];[1, 0.0, 0];[1, 0.0, 0];[1, 1.0, 0];[1, 1.0000000000000009, 0];[1, 1.9999999999999992, -1];[1, inf];[1, inf];[1, 0.0, 0];[1, 0.0, 0];[1, 0.0, 0];[1, 0.0, 0];[1, 1.2656249999999999837335645539357, -678];[1, 1.265625, 2];[1, 1.2656249999999999654568092495416, 686];[1, inf];[1, inf];[1, inf];[1, inf];[1, 0.0, 0];[1, 0.0, 0];[1, 0.0, 0];[1, 0.0, 0];[1, 1.2656249999999999837335645539357, -678];[1, 1.265625, 2];[1, 1.2656249999999999654568092495416, 686];[1, inf];[1, inf];[1, inf];[1, inf]",32,0
C2_5_7,Float,BigDecimal,IV32:f_b64|f_b64:comp1,32,"[1, 0.0, 0];[1, 0.0, 0];[1, 1.0241668035969183036294057212011, -2148];[1, 1.0241668035969183036294057212011, -2148];[1, 1.9999999999999996708599455837078, -2045];[1, 1.0, 0];[1, 1.0000000000000002, 0];[1, 1.9999999999999996, -1];[1, 1.9999999999999987590111028965907, 2047];[1, 1.9999999999999987590111028965907, 2047];[1, 1.1250000000000001474258746543027, -1703];[1, 1.1249999999999998791135231882562, -1361];[1, 1.1249999999999999768843127213835, -1021];[1, 1.1250000000000000087616775939043, -679];[1, 1.1249999999999996244277682727767, -339];[1, 1.125, 1];[1, 1.1250000000000001179081533162677, 343];[1, 1.1250000000000001233380526211727, 683];[1, 1.1249999999999997036024399356848, 1025];[1, 1.124999999999999855529925184483, 1365];[1, 1.1249999999999999310777296123253, 1707];[1, 1.1250000000000001474258746543027, -1703];[1, 1.1249999999999998791135231882562, -1361];[1, 1.1249999999999999768843127213835, -1021];[1, 1.1250000000000000087616775939043, -679];[1, 1.1249999999999996244277682727767, -339];[1, 1.125, 1];[1, 1.1250000000000001179081533162677, 343];[1, 1.1250000000000001233380526211727, 683];[1, 1.1249999999999997036024399356848, 1025];[1, 1.124999999999999855529925184483, 1365];[1, 1.1249999999999999310777296123253, 1707]","[1, 0.0, 0];[1, 0.0, 0];[1, 1.0241668035969183036294057212011, -2148];[1, 1.0241668035969183036294057212011, -2148];[1, 1.9999999999999996708599455837078, -2045];[1, 1.0, 0];[1, 1.0000000000000002, 0];[1, 1.9999999999999996, -1];[1, 1.9999999999999987590111028965907, 2047];[1, 1.9999999999999987590111028965907, 2047];[1, 1.1250000000000001474258746543027, -1703];[1, 1.1249999999999998791135231882562, -1361];[1, 1.1249999999999999768843127213835, -1021];[1, 1.1250000000000000087616775939043, -679];[1, 1.1249999999999996244277682727767, -339];[1, 1.125, 1];[1, 1.1250000000000001179081533162677, 343];[1, 1.1250000000000001233380526211727, 683];[1, 1.1249999999999997036024399356848, 1025];[1, 1.124999999999999855529925184483, 1365];[1, 1.1249999999999999310777296123253, 1707];[1, 1.1250000000000001474258746543027, -1703];[1, 1.1249999999999998791135231882562, -1361];[1, 1.1249999999999999768843127213835, -1021];[1, 1.1250000000000000087616775939043, -679];[1, 1.1249999999999996244277682727767, -339];[1, 1.125, 1];[1, 1.1250000000000001179081533162677, 343];[1, 1.1250000000000001233380526211727, 683];[1, 1.1249999999999997036024399356848, 1025];[1, 1.124999999999999855529925184483, 1365];[1, 1.1249999999999999310777296123253, 1707]","[1, 0.0, 0];[1, 0.0, 0];[1, 1.0489176415899286307169349697526, -4296];[1, 1.0489176415899286307169349697526, -4296];[1, 1.9999999999999993417198911674156, -4089];[1, 1.0, 0];[1, 1.0000000000000004, 0];[1, 1.9999999999999992000000000000001, -1];[1, 1.9999999999999975180222057931821, 4095];[1, 1.9999999999999975180222057931821, 4095];[1, 1.2656250000000003317082179721812, -3406];[1, 1.2656249999999997280054271735765, -2722];[1, 1.265624999999999947989703623113, -2042];[1, 1.2656250000000000197137745862846, -1358];[1, 1.2656249999999991549624786137477, -678];[1, 1.265625, 2];[1, 1.2656250000000002652933449616023, 686];[1, 1.2656250000000002775106183976387, 1366];[1, 1.2656249999999993331054898552908, 2050];[1, 1.2656249999999996749423316650869, 2730];[1, 1.2656249999999998449248916277319, 3414];[1, 1.2656250000000003317082179721812, -3406];[1, 1.2656249999999997280054271735765, -2722];[1, 1.265624999999999947989703623113, -2042];[1, 1.2656250000000000197137745862846, -1358];[1, 1.2656249999999991549624786137477, -678];[1, 1.265625, 2];[1, 1.2656250000000002652933449616023, 686];[1, 1.2656250000000002775106183976387, 1366];[1, 1.2656249999999993331054898552908, 2050];[1, 1.2656249999999996749423316650869, 2730];[1, 1.2656249999999998449248916277319, 3414]",32,0
C2_6_2,Rational,Integer,IV32:f_b64|w_big128:comp1,32,"[1, 0.0, 0];[1, 0.0, 0];[-1, 1.0, -1074];[1, 0.0, 0];[1, 1.0, -1022];[1, 2.0, 126];[1, 1.0488281250000002328866266498864, 9];[1, 1.1040878295898436274216270380939, 18];[1, 1.1601293832063673638755459720109, 1051];[-1, 1.2190136541903483259326297149685, 1060];[1, 1.9213300346463881851377664133906, -807];[1, 1.0094251444742670803522699429777, -626];[1, 1.0606601717798212865728410547739, -447];[1, 1.1144957168527113185998801430548, -267];[1, 1.1710637732335651373493129684153, -88];[1, 1.2305030340114568967554270240221, 91];[1, 1.2929592318704665863289400459208, 271];[1, 1.3585854963958600073912593098227, 450];[1, 1.4275427295159294148948398319993, 630];[-1, 1.5732421875, 691];[-1, 1.656131744384765625, 871];[1, 1.740194074809551239013671875, -825];[1, 1.8285204812855226919054985046387, -645];[1, 1.9213300346463881851377664133906, -466];[1, 1.0094251444742670803522699429777, -285];[1, 1.0606601717798212865728410547739, -106];[1, 1.1144957168527113185998801430548, 73];[1, 1.1710637732335651373493129684153, 253];[1, 1.2305030340114568967554270240221, 432];[1, 1.2929592318704665863289400459208, 612];[1, 1.3585854963958600073912593098227, 791];[1, 1.4275427295159294148948398319993, 971]","[1, 0.0, 0];[1, 0.0, 0];[-1, 1.0, -1074];[1, 0.0, 0];[1, 1.0, -1022];[1, 2.0, 126];[1, 1.0488281250000002328866266498864, 9];[1, 1.1040878295898436274216270380939, 18];[1, 1.1601293832063673638755459720109, 1051];[-1, 1.2190136541903483259326297149685, 1060];[1, 1.9213300346463881851377664133906, -807];[1, 1.0094251444742670803522699429777, -626];[1, 1.0606601717798212865728410547739, -447];[1, 1.1144957168527113185998801430548, -267];[1, 1.1710637732335651373493129684153, -88];[1, 1.2305030340114568967554270240221, 91];[1, 1.2929592318704665863289400459208, 271];[1, 1.3585854963958600073912593098227, 450];[1, 1.4275427295159294148948398319993, 630];[-1, 1.5732421875, 691];[-1, 1.656131744384765625, 871];[1, 1.740194074809551239013671875, -825];[1, 1.8285204812855226919054985046387, -645];[1, 1.9213300346463881851377664133906, -466];[1, 1.0094251444742670803522699429777, -285];[1, 1.0606601717798212865728410547739, -106];[1, 1.1144957168527113185998801430548, 73];[1, 1.1710637732335651373493129684153, 253];[1, 1.2305030340114568967554270240221, 432];[1, 1.2929592318704665863289400459208, 612];[1, 1.3585854963958600073912593098227, 791];[1, 1.4275427295159294148948398319993, 971]","[1, 0.0, 0];[1, 0.0, 0];[1, 1.0, -2148];[1, 0.0, 0];[1, 1.0, -2044];[1, 2.0, 253];[1, 1.1000404357910161135160879335507, 18];[1, 1.2190099354484115814467736330836, 36];[1, 1.3459001857787863740911347634673, 2102];[1, 1.4859942891025061326920682985307, 2120];[1, 1.8457545510171456119368518806667, -1613];[1, 1.0189391222968949679830285793402, -1252];[1, 1.1249999999999999999397004332167, -894];[1, 1.2421007028830388798556716679644, -534];[1, 1.3713903609800348710256520008855, -176];[1, 1.5141377167114006484356866785328, 182];[1, 1.671743575279066977899834947553, 542];[1, 1.8457545510171853451331405364519, 900];[1, 1.018939122296895005543444482367, 1261];[1, 1.237545490264892578125, 1383];[1, 1.3713861773794633336365222930908, 1743];[1, 1.5141377090011350070586360061498, -1649];[1, 1.6717435752403197704802185360432, -1289];[1, 1.8457545510171456119368518806667, -931];[1, 1.0189391222968949679830285793402, -570];[1, 1.1249999999999999999397004332167, -212];[1, 1.2421007028830388798556716679644, 146];[1, 1.3713903609800348710256520008855, 506];[1, 1.5141377167114006484356866785328, 864];[1, 1.671743575279066977899834947553, 1224];[1, 1.8457545510171853451331405364519, 1582];[1, 1.018939122296895005543444482367, 1943]",32,0
C2_6_3,Rational,Rational,IV32:f_b64|w_big128:comp1,32,"[1, 0.0, 0];[1, 0.0, 0];[-1, 1.0, -1074];[1, 0.0, 0];[1, 1.0, -1022];[1, 2.0, 126];[1, 1.0488281250000002328866266498864, 9];[1, 1.1040878295898436274216270380939, 18];[1, 1.1601293832063673638755459720109, 1051];[-1, 1.2190136541903483259326297149685, 1060];[1, 1.9213300346463881851377664133906, -807];[1, 1.0094251444742670803522699429777, -626];[1, 1.0606601717798212865728410547739, -447];[1, 1.1144957168527113185998801430548, -267];[1, 1.1710637732335651373493129684153, -88];[1, 1.2305030340114568967554270240221, 91];[1, 1.2929592318704665863289400459208, 271];[1, 1.3585854963958600073912593098227, 450];[1, 1.4275427295159294148948398319993, 630];[-1, 1.5732421875, 691];[-1, 1.656131744384765625, 871];[1, 1.740194074809551239013671875, -825];[1, 1.8285204812855226919054985046387, -645];[1, 1.9213300346463881851377664133906, -466];[1, 1.0094251444742670803522699429777, -285];[1, 1.0606601717798212865728410547739, -106];[1, 1.1144957168527113185998801430548, 73];[1, 1.1710637732335651373493129684153, 253];[1, 1.2305030340114568967554270240221, 432];[1, 1.2929592318704665863289400459208, 612];[1, 1.3585854963958600073912593098227, 791];[1, 1.4275427295159294148948398319993, 971]","[1, 0.0, 0];[1, 0.0, 0];[-1, 1.0, -1074];[1, 0.0, 0];[1, 1.0, -1022];[1, 2.0, 126];[1, 1.0488281250000002328866266498864, 9];[1, 1.1040878295898436274216270380939, 18];[1, 1.1601293832063673638755459720109, 1051];[-1, 1.2190136541903483259326297149685, 1060];[1, 1.9213300346463881851377664133906, -807];[1, 1.0094251444742670803522699429777, -626];[1, 1.0606601717798212865728410547739, -447];[1, 1.1144957168527113185998801430548, -267];[1, 1.1710637732335651373493129684153, -88];[1, 1.2305030340114568967554270240221, 91];[1, 1.2929592318704665863289400459208, 271];[1, 1.3585854963958600073912593098227, 450];[1, 1.4275427295159294148948398319993, 630];[-1, 1.5732421875, 691];[-1, 1.656131744384765625, 871];[1, 1.740194074809551239013671875, -825];[1, 1.8285204812855226919054985046387, -645];[1, 1.9213300346463881851377664133906, -466];[1, 1.0094251444742670803522699429777, -285];[1, 1.0606601717798212865728410547739, -106];[1, 1.1144957168527113185998801430548, 73];[1, 1.1710637732335651373493129684153, 253];[1, 1.2305030340114568967554270240221, 432];[1, 1.2929592318704665863289400459208, 612];[1, 1.3585854963958600073912593098227, 791];[1, 1.4275427295159294148948398319993, 971]","[1, 0.0, 0];[1, 0.0, 0];[1, 1.0, -2148];[1, 0.0, 0];[1, 1.0, -2044];[1, 2.0, 253];[1, 1.1000404357910161135160879335507, 18];[1, 1.2190099354484115814467736330836, 36];[1, 1.3459001857787863740911347634673, 2102];[1, 1.4859942891025061326920682985307, 2120];[1, 1.8457545510171456119368518806667, -1613];[1, 1.0189391222968949679830285793402, -1252];[1, 1.1249999999999999999397004332167, -894];[1, 1.2421007028830388798556716679644, -534];[1, 1.3713903609800348710256520008855, -176];[1, 1.5141377167114006484356866785328, 182];[1, 1.671743575279066977899834947553, 542];[1, 1.8457545510171853451331405364519, 900];[1, 1.018939122296895005543444482367, 1261];[1, 1.237545490264892578125, 1383];[1, 1.3713861773794633336365222930908, 1743];[1, 1.5141377090011350070586360061498, -1649];[1, 1.6717435752403197704802185360432, -1289];[1, 1.8457545510171456119368518806667, -931];[1, 1.0189391222968949679830285793402, -570];[1, 1.1249999999999999999397004332167, -212];[1, 1.2421007028830388798556716679644, 146];[1, 1.3713903609800348710256520008855, 506];[1, 1.5141377167114006484356866785328, 864];[1, 1.671743575279066977899834947553, 1224];[1, 1.8457545510171853451331405364519, 1582];[1, 1.018939122296895005543444482367, 1943]",32,0
C2_6_4,Rational,BigDecimal,IV32:f_b64|w_big128:comp1,32,"[-1, 0.0, 0];[-1, 0.0, 0];[-1, 1.0000000003213205717898506918868, -1074];[-1, 0.0, 0];[1, 1.0000000006708984563376622339967, -1022];[1, 2.0, 126];[1, 1.048828125, 9];[1, 1.10408782958984375, 18];[1, 1.1601293800685040578128887112337, 1051];[-1, 1.2190136541903483271903171287118, 1060];[1, 1.9213300346463881840934521890223, -807];[1, 1.0094251444742670801317574001315, -626];[1, 1.0606601717798212865728410525749, -447];[1, 1.1144957168527113185998801433291, -267];[1, 1.1710637732335651373493129740449, -88];[1, 1.2305030340114568967554270240221, 91];[1, 1.2929592318704665863289400459208, 271];[1, 1.3585854963958600073912593098227, 450];[1, 1.4275427295159294148948398319993, 630];[-1, 1.5732421895552990319544343743012, 691];[-1, 1.6561317435454621678905376752712, 871];[1, 1.7401940754255863945797250255596, -825];[1, 1.8285204812855226915060516479976, -645];[1, 1.9213300346463881825725983564812, -466];[1, 1.0094251444742670797613418102006, -285];[1, 1.0606601717798212865728410598727, -106];[1, 1.1144957168527113185998801430548, 73];[1, 1.1710637732335651373493129694314, 253];[1, 1.2305030340114568967554270240221, 432];[1, 1.2929592318704665863289400459208, 612];[1, 1.3585854963958600073912593098227, 791];[1, 1.4275427295159294148948398319993, 971]","[-1, 0.0, 0];[-1, 0.0, 0];[-1, 1.0000000003213205717898506918868, -1074];[-1, 0.0, 0];[1, 1.0000000006708984563376622339967, -1022];[1, 2.0, 126];[1, 1.048828125, 9];[1, 1.10408782958984375, 18];[1, 1.1601293800685040578128887112337, 1051];[-1, 1.2190136541903483271903171287118, 1060];[1, 1.9213300346463881840934521890223, -807];[1, 1.0094251444742670801317574001315, -626];[1, 1.0606601717798212865728410525749, -447];[1, 1.1144957168527113185998801433291, -267];[1, 1.1710637732335651373493129740449, -88];[1, 1.2305030340114568967554270240221, 91];[1, 1.2929592318704665863289400459208, 271];[1, 1.3585854963958600073912593098227, 450];[1, 1.4275427295159294148948398319993, 630];[-1, 1.5732421895552990319544343743012, 691];[-1, 1.6561317435454621678905376752712, 871];[1, 1.7401940754255863945797250255596, -825];[1, 1.8285204812855226915060516479976, -645];[1, 1.9213300346463881825725983564812, -466];[1, 1.0094251444742670797613418102006, -285];[1, 1.0606601717798212865728410598727, -106];[1, 1.1144957168527113185998801430548, 73];[1, 1.1710637732335651373493129694314, 253];[1, 1.2305030340114568967554270240221, 432];[1, 1.2929592318704665863289400459208, 612];[1, 1.3585854963958600073912593098227, 791];[1, 1.4275427295159294148948398319993, 971]","[1, 0.0, 0];[1, 0.0, 0];[1, 1.0000000006426411436829482936289, -2148];[1, 0.0, 0];[1, 1.0000000013417969131254292067097, -2044];[1, 2.0, 253];[1, 1.100040435791015625, 18];[1, 1.2190099354484118521213531494141, 36];[1, 1.3459001784981315402405942790819, 2102];[1, 1.4859942891025061357583445586436, 2120];[1, 1.8457545510171456099303795957793, -1613];[1, 1.0189391222968949675378467684982, -1252];[1, 1.1249999999999999999397004285519, -894];[1, 1.2421007028830388798556716685758, -534];[1, 1.3713903609800348710256520140706, -176];[1, 1.5141377167114006484356866785328, 182];[1, 1.671743575279066977899834947553, 542];[1, 1.8457545510171853451331405364519, 900];[1, 1.018939122296895005543444482367, 1261];[1, 1.2375454934983757252357537907273, 1383];[1, 1.3713861759894662354978792816539, 1743];[1, 1.5141377100731557348388114942337, -1649];[1, 1.6717435752403197697498217774898, -1289];[1, 1.8457545510171456070083174490112, -931];[1, 1.0189391222968949667900331477352, -570];[1, 1.1249999999999999999397004440329, -212];[1, 1.2421007028830388798556716679644, 146];[1, 1.3713903609800348710256520032654, 506];[1, 1.5141377167114006484356866785328, 864];[1, 1.671743575279066977899834947553, 1224];[1, 1.8457545510171853451331405364519, 1582];[1, 1.018939122296895005543444482367, 1943]",32,0
C2_6_5,Rational,Float,IV32:f_b64|f_b64:comp1,32,"[1, 0.0, 0];[-1, 0.0, 0];[1, 0.0, 0];[1, 0.0, 0];[1, 0.0, 0];[1, 1.0, 0];[1, 1.0000000000000004, 0];[1, 1.9999999999999996, -1];[1, inf];[1, inf];[1, 0.0, 0];[1, 0.0, 0];[1, 1.1249999999999999748428522527547, -1021];[1, 1.1249999999999999019333377682797, -679];[1, 1.1250000000000000043808387969521, -339];[1, 1.125, 1];[1, 1.1250000000000000058590950956315, 343];[1, 1.1250000000000000523548994809611, 683];[1, inf];[1, inf];[1, inf];[1, 0.0, 0];[1, 0.0, 0];[1, 1.1249999999999999748428522527547, -1021];[1, 1.1249999999999999019333377682797, -679];[1, 1.1250000000000000043808387969521, -339];[1, 1.125, 1];[1, 1.1250000000000000058590950956315, 343];[1, 1.1250000000000000523548994809611, 683];[1, inf];[1, inf];[1, inf]","[1, 0.0, 0];[-1, 0.0, 0];[1, 0.0, 0];[1, 0.0, 0];[1, 0.0, 0];[1, 1.0, 0];[1, 1.0000000000000004, 0];[1, 1.9999999999999996, -1];[1, inf];[1, inf];[1, 0.0, 0];[1, 0.0, 0];[1, 1.1249999999999999748428522527547, -1021];[1, 1.1249999999999999019333377682797, -679];[1, 1.1250000000000000043808387969521, -339];[1, 1.125, 1];[1, 1.1250000000000000058590950956315, 343];[1, 1.1250000000000000523548994809611, 683];[1, inf];[1, inf];[1, inf];[1, 0.0, 0];[1, 0.0, 0];[1, 1.1249999999999999748428522527547, -1021];[1, 1.1249999999999999019333377682797, -679];[1, 1.1250000000000000043808387969521, -339];[1, 1.125, 1];[1, 1.1250000000000000058590950956315, 343];[1, 1.1250000000000000523548994809611, 683];[1, inf];[1, inf];[1, inf]","[1, 0.0, 0];[1, 0.0, 0];[1, 0.0, 0];[1, 0.0, 0];[1, 0.0, 0];[1, 1.0, 0];[1, 1.0000000000000009, 0];[1, 1.9999999999999992, -1];[1, inf];[1, inf];[1, 0.0, 0];[1, 0.0, 0];[1, 0.0, 0];[1, 0.0, 0];[1, 1.2656249999999999837335645539357, -678];[1, 1.265625, 2];[1, 1.2656249999999999654568092495416, 686];[1, inf];[1, inf];[1, inf];[1, inf];[1, 0.0, 0];[1, 0.0, 0];[1, 0.0, 0];[1, 0.0, 0];[1, 1.2656249999999999837335645539357, -678];[1, 1.265625, 2];[1, 1.2656249999999999654568092495416, 686];[1, inf];[1, inf];[1, inf];[1, inf]",32,0
C2_6_6,Rational,Rational,IV32:f_b64|f_b64:comp1,32,"[1, 0.0, 0];[1, 0.0, 0];[1, 1.0, -2148];[1, 1.0, -2148];[1, 1.0, -2044];[1, 1.0, 0];[1, 1.0000000000000004440892098500627, 0];[1, 1.9999999999999995559107901499374, -1];[1, 1.9999999999999995559107901499374, 2047];[1, 1.9999999999999995559107901499374, 2047];[1, 1.125, -1703];[1, 1.125, -1361];[1, 1.125, -1021];[1, 1.125, -679];[1, 1.125, -339];[1, 1.125, 1];[1, 1.125, 343];[1, 1.125, 683];[1, 1.125, 1025];[1, 1.125, 1365];[1, 1.125, 1707];[1, 1.125, -1703];[1, 1.125, -1361];[1, 1.125, -1021];[1, 1.125, -679];[1, 1.125, -339];[1, 1.125, 1];[1, 1.125, 343];[1, 1.125, 683];[1, 1.125, 1025];[1, 1.125, 1365];[1, 1.125, 1707]","[1, 0.0, 0];[1, 0.0, 0];[1, 1.0, -2148];[1, 1.0, -2148];[1, 1.0, -2044];[1, 1.0, 0];[1, 1.0000000000000004440892098500627, 0];[1, 1.9999999999999995559107901499374, -1];[1, 1.9999999999999995559107901499374, 2047];[1, 1.9999999999999995559107901499374, 2047];[1, 1.125, -1703];[1, 1.125, -1361];[1, 1.125, -1021];[1, 1.125, -679];[1, 1.125, -339];[1, 1.125, 1];[1, 1.125, 343];[1, 1.125, 683];[1, 1.125, 1025];[1, 1.125, 1365];[1, 1.125, 1707];[1, 1.125, -1703];[1, 1.125, -1361];[1, 1.125, -1021];[1, 1.125, -679];[1, 1.125, -339];[1, 1.125, 1];[1, 1.125, 343];[1, 1.125, 683];[1, 1.125, 1025];[1, 1.125, 1365];[1, 1.125, 1707]","[1, 0.0, 0];[1, 0.0, 0];[1, 1.0, -4296];[1, 1.0, -4296];[1, 1.0, -4088];[1, 1.0, 0];[1, 1.0000000000000008881784197001255, 0];[1, 1.9999999999999991118215802998749, -1];[1, 1.9999999999999991118215802998749, 4095];[1, 1.9999999999999991118215802998749, 4095];[1, 1.265625, -3406];[1, 1.265625, -2722];[1, 1.265625, -2042];[1, 1.265625, -1358];[1, 1.265625, -678];[1, 1.265625, 2];[1, 1.265625, 686];[1, 1.265625, 1366];[1, 1.265625, 2050];[1, 1.265625, 2730];[1, 1.265625, 3414];[1, 1.265625, -3406];[1, 1.265625, -2722];[1, 1.265625, -2042];[1, 1.265625, -1358];[1, 1.265625, -678];[1, 1.265625, 2];[1, 1.265625, 686];[1, 1.265625, 1366];[1, 1.265625, 2050];[1, 1.265625, 2730];[1, 1.265625, 3414]",32,0
C2_6_7,Rational,BigDecimal,IV32:f_b64|f_b64:comp1,32,"[1, 0.0, 0];[-1, 0.0, 0];[1, 1.0120112668617331305837729644826, -2148];[1, 1.0120112668617331305837729644826, -2148];[1, 1.0000000000000000062108206037739, -2044];[1, 1.0, 0];[1, 1.00000000000000042204460493, 0];[1, 1.999999999999999578, -1];[1, 1.9999999999999995468488717650091, 2047];[1, 1.9999999999999995468488717650091, 2047];[1, 1.125000000000000073712937326364, -1703];[1, 1.1249999999999999771801854182716, -1361];[1, 1.1249999999999999869401686688405, -1021];[1, 1.1250000000000000037222519240042, -679];[1, 1.1250000000000000367005356358232, -339];[1, 1.125, 1];[1, 1.1250000000000000577709473391933, 343];[1, 1.1250000000000000616690263103008, 683];[1, 1.1250000000000000196138864199976, 1025];[1, 1.1249999999999999265461892110532, 1365];[1, 1.1249999999999999655388648055868, 1707];[1, 1.125000000000000073712937326364, -1703];[1, 1.1249999999999999771801854182716, -1361];[1, 1.1249999999999999869401686688405, -1021];[1, 1.1250000000000000037222519240042, -679];[1, 1.1250000000000000367005356358232, -339];[1, 1.125, 1];[1, 1.1250000000000000577709473391933, 343];[1, 1.1250000000000000616690263103008, 683];[1, 1.1250000000000000196138864199976, 1025];[1, 1.1249999999999999265461892110532, 1365];[1, 1.1249999999999999655388648055868, 1707]","[1, 0.0, 0];[-1, 0.0, 0];[1, 1.0120112668617331305837729644826, -2148];[1, 1.0120112668617331305837729644826, -2148];[1, 1.0000000000000000062108206037739, -2044];[1, 1.0, 0];[1, 1.00000000000000042204460493, 0];[1, 1.999999999999999578, -1];[1, 1.9999999999999995468488717650091, 2047];[1, 1.9999999999999995468488717650091, 2047];[1, 1.125000000000000073712937326364, -1703];[1, 1.1249999999999999771801854182716, -1361];[1, 1.1249999999999999869401686688405, -1021];[1, 1.1250000000000000037222519240042, -679];[1, 1.1250000000000000367005356358232, -339];[1, 1.125, 1];[1, 1.1250000000000000577709473391933, 343];[1, 1.1250000000000000616690263103008, 683];[1, 1.1250000000000000196138864199976, 1025];[1, 1.1249999999999999265461892110532, 1365];[1, 1.1249999999999999655388648055868, 1707];[1, 1.125000000000000073712937326364, -1703];[1, 1.1249999999999999771801854182716, -1361];[1, 1.1249999999999999869401686688405, -1021];[1, 1.1250000000000000037222519240042, -679];[1, 1.1250000000000000367005356358232, -339];[1, 1.125, 1];[1, 1.1250000000000000577709473391933, 343];[1, 1.1250000000000000616690263103008, 683];[1, 1.1250000000000000196138864199976, 1025];[1, 1.1249999999999999265461892110532, 1365];[1, 1.1249999999999999655388648055868, 1707]","[1, 0.0, 0];[1, 0.0, 0];[1, 1.024166804255090029615038782031, -4296];[1, 1.024166804255090029615038782031, -4296];[1, 1.0000000000000000124216412075478, -4088];[1, 1.0, 0];[1, 1.0000000000000008440892098600003, 0];[1, 1.9999999999999991560000000000001, -1];[1, 1.9999999999999990936977435300184, 4095];[1, 1.9999999999999990936977435300184, 4095];[1, 1.2656250000000001658541089843189, -3406];[1, 1.2656249999999999486554171911112, -2722];[1, 1.2656249999999999706153795048911, -2042];[1, 1.2656250000000000083750668290094, -1358];[1, 1.2656250000000000825762051806021, -678];[1, 1.265625, 2];[1, 1.2656250000000001299846315131849, 686];[1, 1.2656250000000001387553091981769, 1366];[1, 1.2656250000000000441312444449945, 2050];[1, 1.2656249999999998347289257248697, 2730];[1, 1.2656249999999999224624458125704, 3414];[1, 1.2656250000000001658541089843189, -3406];[1, 1.2656249999999999486554171911112, -2722];[1, 1.2656249999999999706153795048911, -2042];[1, 1.2656250000000000083750668290094, -1358];[1, 1.2656250000000000825762051806021, -678];[1, 1.265625, 2];[1, 1.2656250000000001299846315131849, 686];[1, 1.2656250000000001387553091981769, 1366];[1, 1.2656250000000000441312444449945, 2050];[1, 1.2656249999999998347289257248697, 2730];[1, 1.2656249999999999224624458125704, 3414]",32,0
C2_7_2,BigDecimal,Integer,IV32:f_b64|w_big128:comp1,32,"[-1, 0.0, 0];[1, 0.0, 0];[-1, 1.0120112665365530917624767335946, -1074];[-1, 0.0, 0];[1, 1.0000000000000000075996431390427, -1022];[1, 2.0, 126];[1, 1.048828125000000209765625, 9];[1, 1.1040878295898436395912170410156, 18];[1, 1.1601293832063673586190470769929, 1051];[-1, 1.2190136541903483204093285909561, 1060];[1, 1.9213300346463883110283267944242, -807];[1, 1.0094251444742670598768080502522, -626];[1, 1.0606601717798212756760015704423, -447];[1, 1.1144957168527113229398144323217, -267];[1, 1.1710637732335651755525731773458, -88];[1, 1.2305030340114568967554270240221, 91];[1, 1.2929592318704666540846890872838, 271];[1, 1.3585854963958600818647212853047, 450];[1, 1.4275427295159294397834273486249, 630];[-1, 1.5732421874999998989838148750877, 691];[-1, 1.6561317443847655742691733848452, 871];[1, 1.740194074809551353035731229237, -825];[1, 1.8285204812855226548152777591178, -645];[1, 1.9213300346463881653987156401021, -466];[1, 1.0094251444742670842830511301172, -285];[1, 1.0606601717798213211744378780339, -106];[1, 1.1144957168527113185998801430548, 73];[1, 1.1710637732335651987172982651043, 253];[1, 1.2305030340114569642078038948744, 432];[1, 1.2929592318704666088711227298319, 612];[1, 1.3585854963958599201579489508955, 791];[1, 1.4275427295159293711661793903743, 971]","[-1, 0.0, 0];[1, 0.0, 0];[-1, 1.0120112665365530917624767335946, -1074];[-1, 0.0, 0];[1, 1.0000000000000000075996431390427, -1022];[1, 2.0, 126];[1, 1.048828125000000209765625, 9];[1, 1.1040878295898436395912170410156, 18];[1, 1.1601293832063673586190470769929, 1051];[-1, 1.2190136541903483204093285909561, 1060];[1, 1.9213300346463883110283267944242, -807];[1, 1.0094251444742670598768080502522, -626];[1, 1.0606601717798212756760015704423, -447];[1, 1.1144957168527113229398144323217, -267];[1, 1.1710637732335651755525731773458, -88];[1, 1.2305030340114568967554270240221, 91];[1, 1.2929592318704666540846890872838, 271];[1, 1.3585854963958600818647212853047, 450];[1, 1.4275427295159294397834273486249, 630];[-1, 1.5732421874999998989838148750877, 691];[-1, 1.6561317443847655742691733848452, 871];[1, 1.740194074809551353035731229237, -825];[1, 1.8285204812855226548152777591178, -645];[1, 1.9213300346463881653987156401021, -466];[1, 1.0094251444742670842830511301172, -285];[1, 1.0606601717798213211744378780339, -106];[1, 1.1144957168527113185998801430548, 73];[1, 1.1710637732335651987172982651043, 253];[1, 1.2305030340114569642078038948744, 432];[1, 1.2929592318704666088711227298319, 612];[1, 1.3585854963958599201579489508955, 791];[1, 1.4275427295159293711661793903743, 971]","[1, 0.0, 0];[1, 0.0, 0];[1, 1.0241668035969183036294057212011, -2148];[1, 0.0, 0];[1, 1.0000000000000000151992862780855, -2044];[1, 2.0, 253];[1, 1.1000404357910160650161743164063, 18];[1, 1.2190099354484116083193660597317, 36];[1, 1.3459001857787863618946971216628, 2102];[1, 1.4859942891025061192261093257787, 2120];[1, 1.8457545510171458538141666192112, -1613];[1, 1.0189391222968949266461364208566, -1252];[1, 1.1249999999999999768240131546002, -894];[1, 1.2421007028830388895293480215848, -534];[1, 1.3713903609800349605025601010732, -176];[1, 1.5141377167114006484356866785328, 182];[1, 1.6717435752790671531106774182105, 542];[1, 1.8457545510171855474902711490089, 900];[1, 1.0189391222968950410729666396469, 1261];[1, 1.2375454902648924192020759411781, 1383];[1, 1.3713861773794632496195899168535, 1743];[1, 1.5141377090011352054791480919759, -1649];[1, 1.6717435752403197026599902474571, -1289];[1, 1.8457545510171455740116207745374, -931];[1, 1.0189391222968949759186873147901, -570];[1, 1.1250000000000000733407716940468, -212];[1, 1.2421007028830388798556716679644, 146];[1, 1.3713903609800350147573008354506, 506];[1, 1.5141377167114008144363954602689, 864];[1, 1.6717435752790670361920813628999, 1224];[1, 1.8457545510171851081053200239775, 1582];[1, 1.0189391222968949431189131974545, 1943]",32,0
C2_7_3,BigDecimal,Rational,IV32:f_b64|w_big128:comp1,32,"[-1, 0.0, 0];[1, 0.0, 0];[-1, 1.0120112665365530917624767335946, -1074];[-1, 0.0, 0];[1, 1.0000000000000000075996431390427, -1022];[1, 1.9999999945872101937192276145832, 126];[1, 1.048828125000000209765625, 9];[1, 1.1040878295898436395912170410156, 18];[1, 1.1601293832063673586190470769929, 1051];[-1, 1.2190136541903483204093285909561, 1060];[1, 1.9213300346463883110283267944242, -807];[1, 1.0094251444742670598768080502522, -626];[1, 1.0606601717798212747002196152054, -447];[1, 1.114495716852711322913609350516, -267];[1, 1.1710637732335651755525731773458, -88];[1, 1.2305030340114568977032691530943, 91];[1, 1.2929592318704666524365485510206, 271];[1, 1.3585854963958600818647212855747, 450];[1, 1.4275427295159294397834273485455, 630];[-1, 1.5732421874999998989838148750877, 691];[-1, 1.6561317443847655742691733848452, 871];[1, 1.740194074809551353035731229237, -825];[1, 1.8285204812855226548152777591178, -645];[1, 1.9213300346463881653987156401021, -466];[1, 1.0094251444742670842830511301172, -285];[1, 1.0606601717798213211744378780339, -106];[1, 1.1144957168527113185736750612491, 73];[1, 1.1710637732335651977406359829004, 253];[1, 1.2305030340114569642078038948744, 432];[1, 1.2929592318704666088711227337333, 612];[1, 1.3585854963958599209709191350758, 791];[1, 1.4275427295159293711661793902949, 971]","[-1, 0.0, 0];[1, 0.0, 0];[-1, 1.0120112665365530917624767335946, -1074];[-1, 0.0, 0];[1, 1.0000000000000000075996431390427, -1022];[1, 1.9999999945872101937192276145832, 126];[1, 1.048828125000000209765625, 9];[1, 1.1040878295898436395912170410156, 18];[1, 1.1601293832063673586190470769929, 1051];[-1, 1.2190136541903483204093285909561, 1060];[1, 1.9213300346463883110283267944242, -807];[1, 1.0094251444742670598768080502522, -626];[1, 1.0606601717798212747002196152054, -447];[1, 1.114495716852711322913609350516, -267];[1, 1.1710637732335651755525731773458, -88];[1, 1.2305030340114568977032691530943, 91];[1, 1.2929592318704666524365485510206, 271];[1, 1.3585854963958600818647212855747, 450];[1, 1.4275427295159294397834273485455, 630];[-1, 1.5732421874999998989838148750877, 691];[-1, 1.6561317443847655742691733848452, 871];[1, 1.740194074809551353035731229237, -825];[1, 1.8285204812855226548152777591178, -645];[1, 1.9213300346463881653987156401021, -466];[1, 1.0094251444742670842830511301172, -285];[1, 1.0606601717798213211744378780339, -106];[1, 1.1144957168527113185736750612491, 73];[1, 1.1710637732335651977406359829004, 253];[1, 1.2305030340114569642078038948744, 432];[1, 1.2929592318704666088711227337333, 612];[1, 1.3585854963958599209709191350758, 791];[1, 1.4275427295159293711661793902949, 971]","[1, 0.0, 0];[1, 0.0, 0];[1, 1.0241668035969183036294057212011, -2148];[1, 0.0, 0];[1, 1.0000000000000000151992862780855, -2044];[1, 1.9999999891744204020876019726548, 253];[1, 1.1000404357910160650161743164063, 18];[1, 1.2190099354484116083193660597317, 36];[1, 1.3459001857787863618946971216628, 2102];[1, 1.4859942891025061192261093257787, 2120];[1, 1.8457545510171458538141666192112, -1613];[1, 1.0189391222968949266461364208566, -1252];[1, 1.1249999999999999747540670420777, -894];[1, 1.2421007028830388894709371187204, -534];[1, 1.3713903609800349605025601010732, -176];[1, 1.5141377167114006507683319097073, 182];[1, 1.6717435752790671488487203746477, 542];[1, 1.8457545510171855474902711497425, 900];[1, 1.0189391222968950410729666395335, 1261];[1, 1.2375454902648924192020759411781, 1383];[1, 1.3713861773794632496195899168535, 1743];[1, 1.5141377090011352054791480919759, -1649];[1, 1.6717435752403197026599902474571, -1289];[1, 1.8457545510171455740116207745374, -931];[1, 1.0189391222968949759186873147901, -570];[1, 1.1250000000000000733407716940468, -212];[1, 1.2421007028830388797972607651, 146];[1, 1.3713903609800350124698332007054, 506];[1, 1.5141377167114008144363954602689, 864];[1, 1.6717435752790670361920813729883, 1224];[1, 1.8457545510171851103142990264367, 1582];[1, 1.0189391222968949431189131973412, 1943]",32,0
C2_7_4,BigDecimal,BigDecimal,IV32:f_b64|w_big128:comp1,32,"[-1, 0.0, 0];[1, 0.0, 0];[-1, 1.0120112665365530917624767335946, -1074];[-1, 0.0, 0];[1, 1.0000000000000000075996431390427, -1022];[1, 2.0, 126];[1, 1.048828125000000209765625, 9];[1, 1.1040878295898436395912170410156, 18];[1, 1.1601293832063673586190470769929, 1051];[-1, 1.2190136541903483204093285909561, 1060];[1, 1.9213300346463883110283267944242, -807];[1, 1.0094251444742670598768080502522, -626];[1, 1.0606601717798212756760015704423, -447];[1, 1.1144957168527113229398144323217, -267];[1, 1.1710637732335651755525731773458, -88];[1, 1.2305030340114568967554270240221, 91];[1, 1.2929592318704666540846890872838, 271];[1, 1.3585854963958600818647212853047, 450];[1, 1.4275427295159294397834273486249, 630];[-1, 1.5732421874999998989838148750877, 691];[-1, 1.6561317443847655742691733848452, 871];[1, 1.740194074809551353035731229237, -825];[1, 1.8285204812855226548152777591178, -645];[1, 1.9213300346463881653987156401021, -466];[1, 1.0094251444742670842830511301172, -285];[1, 1.0606601717798213211744378780339, -106];[1, 1.1144957168527113185998801430548, 73];[1, 1.1710637732335651987172982651043, 253];[1, 1.2305030340114569642078038948744, 432];[1, 1.2929592318704666088711227298319, 612];[1, 1.3585854963958599201579489508955, 791];[1, 1.4275427295159293711661793903743, 971]","[-1, 0.0, 0];[1, 0.0, 0];[-1, 1.0120112665365530917624767335946, -1074];[-1, 0.0, 0];[1, 1.0000000000000000075996431390427, -1022];[1, 2.0, 126];[1, 1.048828125000000209765625, 9];[1, 1.1040878295898436395912170410156, 18];[1, 1.1601293832063673586190470769929, 1051];[-1, 1.2190136541903483204093285909561, 1060];[1, 1.9213300346463883110283267944242, -807];[1, 1.0094251444742670598768080502522, -626];[1, 1.0606601717798212756760015704423, -447];[1, 1.1144957168527113229398144323217, -267];[1, 1.1710637732335651755525731773458, -88];[1, 1.2305030340114568967554270240221, 91];[1, 1.2929592318704666540846890872838, 271];[1, 1.3585854963958600818647212853047, 450];[1, 1.4275427295159294397834273486249, 630];[-1, 1.5732421874999998989838148750877, 691];[-1, 1.6561317443847655742691733848452, 871];[1, 1.740194074809551353035731229237, -825];[1, 1.8285204812855226548152777591178, -645];[1, 1.9213300346463881653987156401021, -466];[1, 1.0094251444742670842830511301172, -285];[1, 1.0606601717798213211744378780339, -106];[1, 1.1144957168527113185998801430548, 73];[1, 1.1710637732335651987172982651043, 253];[1, 1.2305030340114569642078038948744, 432];[1, 1.2929592318704666088711227298319, 612];[1, 1.3585854963958599201579489508955, 791];[1, 1.4275427295159293711661793903743, 971]","[1, 0.0, 0];[1, 0.0, 0];[1, 1.0241668035969183036294057212011, -2148];[1, 0.0, 0];[1, 1.0000000000000000151992862780855, -2044];[1, 2.0, 253];[1, 1.1000404357910160650161743164063, 18];[1, 1.2190099354484116083193660597317, 36];[1, 1.3459001857787863618946971216628, 2102];[1, 1.4859942891025061192261093257787, 2120];[1, 1.8457545510171458538141666192112, -1613];[1, 1.0189391222968949266461364208566, -1252];[1, 1.1249999999999999768240131546002, -894];[1, 1.2421007028830388895293480215848, -534];[1, 1.3713903609800349605025601010732, -176];[1, 1.5141377167114006484356866785328, 182];[1, 1.6717435752790671531106774182105, 542];[1, 1.8457545510171855474902711490089, 900];[1, 1.0189391222968950410729666396469, 1261];[1, 1.2375454902648924192020759411781, 1383];[1, 1.3713861773794632496195899168535, 1743];[1, 1.5141377090011352054791480919759, -1649];[1, 1.6717435752403197026599902474571, -1289];[1, 1.8457545510171455740116207745374, -931];[1, 1.0189391222968949759186873147901, -570];[1, 1.1250000000000000733407716940468, -212];[1, 1.2421007028830388798556716679644, 146];[1, 1.3713903609800350147573008354506, 506];[1, 1.5141377167114008144363954602689, 864];[1, 1.6717435752790670361920813628999, 1224];[1, 1.8457545510171851081053200239775, 1582];[1, 1.0189391222968949431189131974545, 1943]",32,0
C2_7_5,BigDecimal,Float,IV32:f_b64|f_b64:comp1,32,"[1, 0.0, 0];[1, 0.0, 0];[1, 1.0241668035969183036294057212011, -2148];[1, 1.0241668035969183036294057212011, -2148];[1, 1.9999999999999996708599455837078, -2045];[1, 1.0, 0];[1, 1.0000000000000002, 0];[1, 1.9999999999999996, -1];[1, 1.9999999999999987590111028965907, 2047];[1, 1.9999999999999987590111028965907, 2047];[1, 1.1250000000000001474258746543027, -1703];[1, 1.1249999999999998791135231882562, -1361];[1, 1.1249999999999999768843127213835, -1021];[1, 1.1250000000000000087616775939043, -679];[1, 1.1249999999999996244277682727767, -339];[1, 1.125, 1];[1, 1.1250000000000001179081533162677, 343];[1, 1.1250000000000001233380526211727, 683];[1, 1.1249999999999997036024399356848, 1025];[1, 1.124999999999999855529925184483, 1365];[1, 1.1249999999999999310777296123253, 1707];[1, 1.1250000000000001474258746543027, -1703];[1, 1.1249999999999998791135231882562, -1361];[1, 1.1249999999999999768843127213835, -1021];[1, 1.1250000000000000087616775939043, -679];[1, 1.1249999999999996244277682727767, -339];[1, 1.125, 1];[1, 1.1250000000000001179081533162677, 343];[1, 1.1250000000000001233380526211727, 683];[1, 1.1249999999999997036024399356848, 1025];[1, 1.124999999999999855529925184483, 1365];[1, 1.1249999999999999310777296123253, 1707]","[1, 0.0, 0];[1, 0.0, 0];[1, 1.0241668035969183036294057212011, -2148];[1, 1.0241668035969183036294057212011, -2148];[1, 1.9999999999999996708599455837078, -2045];[1, 1.0, 0];[1, 1.0000000000000002, 0];[1, 1.9999999999999996, -1];[1, 1.9999999999999987590111028965907, 2047];[1, 1.9999999999999987590111028965907, 2047];[1, 1.1250000000000001474258746543027, -1703];[1, 1.1249999999999998791135231882562, -1361];[1, 1.1249999999999999768843127213835, -1021];[1, 1.1250000000000000087616775939043, -679];[1, 1.1249999999999996244277682727767, -339];[1, 1.125, 1];[1, 1.1250000000000001179081533162677, 343];[1, 1.1250000000000001233380526211727, 683];[1, 1.1249999999999997036024399356848, 1025];[1, 1.124999999999999855529925184483, 1365];[1, 1.1249999999999999310777296123253, 1707];[1, 1.1250000000000001474258746543027, -1703];[1, 1.1249999999999998791135231882562, -1361];[1, 1.1249999999999999768843127213835, -1021];[1, 1.1250000000000000087616775939043, -679];[1, 1.1249999999999996244277682727767, -339];[1, 1.125, 1];[1, 1.1250000000000001179081533162677, 343];[1, 1.1250000000000001233380526211727, 683];[1, 1.1249999999999997036024399356848, 1025];[1, 1.124999999999999855529925184483, 1365];[1, 1.1249999999999999310777296123253, 1707]","[1, 0.0, 0];[1, 0.0, 0];[1, 1.0489176415899286307169349697526, -4296];[1, 1.0489176415899286307169349697526, -4296];[1, 1.9999999999999993417198911674156, -4089];[1, 1.0, 0];[1, 1.0000000000000004, 0];[1, 1.9999999999999992000000000000001, -1];[1, 1.9999999999999975180222057931821, 4095];[1, 1.9999999999999975180222057931821, 4095];[1, 1.2656250000000003317082179721812, -3406];[1, 1.2656249999999997280054271735765, -2722];[1, 1.265624999999999947989703623113, -2042];[1, 1.2656250000000000197137745862846, -1358];[1, 1.2656249999999991549624786137477, -678];[1, 1.265625, 2];[1, 1.2656250000000002652933449616023, 686];[1, 1.2656250000000002775106183976387, 1366];[1, 1.2656249999999993331054898552908, 2050];[1, 1.2656249999999996749423316650869, 2730];[1, 1.2656249999999998449248916277319, 3414];[1, 1.2656250000000003317082179721812, -3406];[1, 1.2656249999999997280054271735765, -2722];[1, 1.265624999999999947989703623113, -2042];[1, 1.2656250000000000197137745862846, -1358];[1, 1.2656249999999991549624786137477, -678];[1, 1.265625, 2];[1, 1.2656250000000002652933449616023, 686];[1, 1.2656250000000002775106183976387, 1366];[1, 1.2656249999999993331054898552908, 2050];[1, 1.2656249999999996749423316650869, 2730];[1, 1.2656249999999998449248916277319, 3414]",32,0
C2_7_6,BigDecimal,Rational,IV32:f_b64|f_b64:comp1,32,"[1, 0.0, 0];[-1, 0.0, 0];[1, 1.0120112668617331305837729644826, -2148];[1, 1.0120112668617331305837729644826, -2148];[1, 1.0000000000000000062108206037739, -2044];[1, 1.0, 0];[1, 1.00000000000000042204460493, 0];[1, 1.999999999999999578, -1];[1, 1.9999999999999995468488717650091, 2047];[1, 1.9999999999999995468488717650091, 2047];[1, 1.125000000000000073712937326364, -1703];[1, 1.1249999999999999771801854182716, -1361];[1, 1.1249999999999999869401686688405, -1021];[1, 1.1250000000000000037222519240042, -679];[1, 1.1250000000000000367005356358232, -339];[1, 1.125, 1];[1, 1.1250000000000000577709473391933, 343];[1, 1.1250000000000000616690263103008, 683];[1, 1.1250000000000000196138864199976, 1025];[1, 1.1249999999999999265461892110532, 1365];[1, 1.1249999999999999655388648055868, 1707];[1, 1.125000000000000073712937326364, -1703];[1, 1.1249999999999999771801854182716, -1361];[1, 1.1249999999999999869401686688405, -1021];[1, 1.1250000000000000037222519240042, -679];[1, 1.1250000000000000367005356358232, -339];[1, 1.125, 1];[1, 1.1250000000000000577709473391933, 343];[1, 1.1250000000000000616690263103008, 683];[1, 1.1250000000000000196138864199976, 1025];[1, 1.1249999999999999265461892110532, 1365];[1, 1.1249999999999999655388648055868, 1707]","[1, 0.0, 0];[-1, 0.0, 0];[1, 1.0120112668617331305837729644826, -2148];[1, 1.0120112668617331305837729644826, -2148];[1, 1.0000000000000000062108206037739, -2044];[1, 1.0, 0];[1, 1.00000000000000042204460493, 0];[1, 1.999999999999999578, -1];[1, 1.9999999999999995468488717650091, 2047];[1, 1.9999999999999995468488717650091, 2047];[1, 1.125000000000000073712937326364, -1703];[1, 1.1249999999999999771801854182716, -1361];[1, 1.1249999999999999869401686688405, -1021];[1, 1.1250000000000000037222519240042, -679];[1, 1.1250000000000000367005356358232, -339];[1, 1.125, 1];[1, 1.1250000000000000577709473391933, 343];[1, 1.1250000000000000616690263103008, 683];[1, 1.1250000000000000196138864199976, 1025];[1, 1.1249999999999999265461892110532, 1365];[1, 1.1249999999999999655388648055868, 1707];[1, 1.125000000000000073712937326364, -1703];[1, 1.1249999999999999771801854182716, -1361];[1, 1.1249999999999999869401686688405, -1021];[1, 1.1250000000000000037222519240042, -679];[1, 1.1250000000000000367005356358232, -339];[1, 1.125, 1];[1, 1.1250000000000000577709473391933, 343];[1, 1.1250000000000000616690263103008, 683];[1, 1.1250000000000000196138864199976, 1025];[1, 1.1249999999999999265461892110532, 1365];[1, 1.1249999999999999655388648055868, 1707]","[1, 0.0, 0];[1, 0.0, 0];[1, 1.024166804255090029615038782031, -4296];[1, 1.024166804255090029615038782031, -4296];[1, 1.0000000000000000124216412075478, -4088];[1, 1.0, 0];[1, 1.0000000000000008440892098600003, 0];[1, 1.9999999999999991560000000000001, -1];[1, 1.9999999999999990936977435300184, 4095];[1, 1.9999999999999990936977435300184, 4095];[1, 1.2656250000000001658541089843189, -3406];[1, 1.2656249999999999486554171911112, -2722];[1, 1.2656249999999999706153795048911, -2042];[1, 1.2656250000000000083750668290094, -1358];[1, 1.2656250000000000825762051806021, -678];[1, 1.265625, 2];[1, 1.2656250000000001299846315131849, 686];[1, 1.2656250000000001387553091981769, 1366];[1, 1.2656250000000000441312444449945, 2050];[1, 1.2656249999999998347289257248697, 2730];[1, 1.2656249999999999224624458125704, 3414];[1, 1.2656250000000001658541089843189, -3406];[1, 1.2656249999999999486554171911112, -2722];[1, 1.2656249999999999706153795048911, -2042];[1, 1.2656250000000000083750668290094, -1358];[1, 1.2656250000000000825762051806021, -678];[1, 1.265625, 2];[1, 1.2656250000000001299846315131849, 686];[1, 1.2656250000000001387553091981769, 1366];[1, 1.2656250000000000441312444449945, 2050];[1, 1.2656249999999998347289257248697, 2730];[1, 1.2656249999999999224624458125704, 3414]",32,0
C2_7_7,BigDecimal,BigDecimal,IV32:f_b64|f_b64:comp1,32,"[1, 0.0, 0];[1, 0.0, 0];[1, 1.0241668035969183036294057212011, -2148];[1, 1.0241668035969183036294057212011, -2148];[1, 1.0000000000000000151992862780855, -2044];[1, 1.0, 0];[1, 1.0000000000000004, 0];[1, 1.9999999999999996, -1];[1, 1.9999999999999995377869533741111, 2047];[1, 1.9999999999999995377869533741111, 2047];[1, 1.1250000000000001474258746543027, -1703];[1, 1.124999999999999954360370839953, -1361];[1, 1.1249999999999999768843127213835, -1021];[1, 1.1250000000000000087616775939043, -679];[1, 1.1250000000000000734010712608301, -339];[1, 1.125, 1];[1, 1.1250000000000001179081533162677, 343];[1, 1.1250000000000001233380526211727, 683];[1, 1.1250000000000000392277728396941, 1025];[1, 1.124999999999999855529925184483, 1365];[1, 1.1249999999999999310777296123253, 1707];[1, 1.1250000000000001474258746543027, -1703];[1, 1.124999999999999954360370839953, -1361];[1, 1.1249999999999999768843127213835, -1021];[1, 1.1250000000000000087616775939043, -679];[1, 1.1250000000000000734010712608301, -339];[1, 1.125, 1];[1, 1.1250000000000001179081533162677, 343];[1, 1.1250000000000001233380526211727, 683];[1, 1.1250000000000000392277728396941, 1025];[1, 1.124999999999999855529925184483, 1365];[1, 1.1249999999999999310777296123253, 1707]","[1, 0.0, 0];[1, 0.0, 0];[1, 1.0241668035969183036294057212011, -2148];[1, 1.0241668035969183036294057212011, -2148];[1, 1.0000000000000000151992862780855, -2044];[1, 1.0, 0];[1, 1.0000000000000004, 0];[1, 1.9999999999999996, -1];[1, 1.9999999999999995377869533741111, 2047];[1, 1.9999999999999995377869533741111, 2047];[1, 1.1250000000000001474258746543027, -1703];[1, 1.124999999999999954360370839953, -1361];[1, 1.1249999999999999768843127213835, -1021];[1, 1.1250000000000000087616775939043, -679];[1, 1.1250000000000000734010712608301, -339];[1, 1.125, 1];[1, 1.1250000000000001179081533162677, 343];[1, 1.1250000000000001233380526211727, 683];[1, 1.1250000000000000392277728396941, 1025];[1, 1.124999999999999855529925184483, 1365];[1, 1.1249999999999999310777296123253, 1707];[1, 1.1250000000000001474258746543027, -1703];[1, 1.124999999999999954360370839953, -1361];[1, 1.1249999999999999768843127213835, -1021];[1, 1.1250000000000000087616775939043, -679];[1, 1.1250000000000000734010712608301, -339];[1, 1.125, 1];[1, 1.1250000000000001179081533162677, 343];[1, 1.1250000000000001233380526211727, 683];[1, 1.1250000000000000392277728396941, 1025];[1, 1.124999999999999855529925184483, 1365];[1, 1.1249999999999999310777296123253, 1707]","[1, 0.0, 0];[1, 0.0, 0];[1, 1.0489176415899286307169349697526, -4296];[1, 1.0489176415899286307169349697526, -4296];[1, 1.0000000000000000303985725561709, -4088];[1, 1.0, 0];[1, 1.0000000000000008000000000000002, 0];[1, 1.9999999999999992000000000000001, -1];[1, 1.9999999999999990755739067482223, 4095];[1, 1.9999999999999990755739067482223, 4095];[1, 1.2656250000000003317082179721812, -3406];[1, 1.2656249999999998973108343898943, -2722];[1, 1.265624999999999947989703623113, -2042];[1, 1.2656250000000000197137745862846, -1358];[1, 1.2656250000000001651524103368677, -678];[1, 1.265625, 2];[1, 1.2656250000000002652933449616023, 686];[1, 1.2656250000000002775106183976387, 1366];[1, 1.2656250000000000882624888893116, 2050];[1, 1.2656249999999996749423316650869, 2730];[1, 1.2656249999999998449248916277319, 3414];[1, 1.2656250000000003317082179721812, -3406];[1, 1.2656249999999998973108343898943, -2722];[1, 1.265624999999999947989703623113, -2042];[1, 1.2656250000000000197137745862846, -1358];[1, 1.2656250000000001651524103368677, -678];[1, 1.265625, 2];[1, 1.2656250000000002652933449616023, 686];[1, 1.2656250000000002775106183976387, 1366];[1, 1.2656250000000000882624888893116, 2050];[1, 1.2656249999999996749423316650869, 2730];[1, 1.2656249999999998449248916277319, 3414]",32,0
